{
  "code": "little-scarecrow",

  "class": "ItemLittleScareCrow",

  "shape": {
    "base": "scarecrow:entity/nonliving/little-scarecrow"
  },

  "attributes": {

    "handbook": {
      "groupBy": [ "*-scarecrow-*" ],
      "extraSections": [
        {
          "title": "",
          "text": "scarecrow:item-handbooktext-little-scarecrow"
        }
      ]
    }

  },

  "creativeinventory": {
    "general": [ "*" ],
    "items": [ "*" ],
    "scarecrow": [ "*" ]
  },

  "heldTpIdleAnimation": "holdunderarm",

  "maxstacksize": 4,

  "combustibleProps": {
    "burnTemperature": 600,
    "burnDuration": 15
  },

  "guiTransform": {
    "translation": {
      "x": 3,
      "y": 0,
      "z": 0
    },
    "rotation": {
      "x": -14,
      "y": 32,
      "z": 180
    },
    "origin": {
      "x": 0.5,
      "y": 1.1,
      "z": 0.5
    },
    "scale": 0.84
  },

  "tpHandTransform": {
    "translation": {
      "x": -0.1,
      "y": -0.4,
      "z": -0.5
    },
    "rotation": {
      "x": 150,
      "y": 0,
      "z": -80
    },
    "origin": {
      "x": 0.4,
      "y": 0.5,
      "z": 0.5
    },
    "scale": 0.63
  },

  "groundTransform": {
    "translation": {
      "x": 0,
      "y": 0,
      "z": 0
    },
    "rotation": {
      "x": 100,
      "y": 18,
      "z": 180
    },
    "origin": {
      "x": 0.5,
      "y": 0.5,
      "z": 0.3
    },
    "scale": 2.1
  }

}