{
	"editor": {
		"collapsedPaths": "Root/bandN/toothR1,Root/WaistW/buckleBottom,Root/bandN/toothL1,Root/WaistW/pouchWestL2",
		"allAngles": false,
		"entityTextureMode": true
	},
	"textureWidth": 16,
	"textureHeight": 16,
	"textureSizes": {
	},
	"textures": {
		"plain":  "game:block/leather/plain",
		"poor":   "game:block/leather/poor",
		"brass":  "game:block/metal/plate/brass",
	},
	"elements": [
		{
			"name": "WaistW",
			"stepParentName": "LowerTorso",
			"from": [ -0.3, 5.0, -0.4 ],
			"to": [ 0.2, 6.5, 8.4 ],
			"unwrapMode": 4,
			"uv": [ 0.5, 0.0 ],
			"rotationOrigin": [ 1.7, 5.0, 3.0 ],
			"rotationX": 90.0,
			"faces": {
				"north": { "texture": "#plain", "uv": [ 0.5, 0.5, 1.0, 2.0 ] },
				"east": { "texture": "#plain", "uv": [ 10.0, 0.5, 18.5, 2.0 ] },
				"south": { "texture": "#plain", "uv": [ 9.5, 0.5, 10.0, 2.0 ] },
				"west": { "texture": "#plain", "uv": [ 1.0, 0.5, 9.5, 2.0 ] },
				"up": { "texture": "#plain", "uv": [ 1.0, 0.0, 9.5, 0.5 ], "rotation": 90 },
				"down": { "texture": "#plain", "uv": [ 1.0, 2.0, 9.5, 2.5 ], "rotation": 90 }
			},
			"children": [
				{
					"name": "pouchWestL",
					"from": [ -0.4, -0.9, 6.3 ],
					"to": [ 0.6, 1.6, 7.8 ],
					"unwrapMode": 4,
					"uv": [ 0.0, 0.0 ],
					"rotationOrigin": [ -0.4, -0.9, 6.3 ],
					"faces": {
						"north": { "texture": "#poor", "uv": [ 0.0, 1.0, 1.0, 3.5 ] },
						"south": { "texture": "#poor", "uv": [ 2.5, 1.0, 3.5, 3.5 ] },
						"west": { "texture": "#poor", "uv": [ 1.0, 1.0, 2.5, 3.5 ] },
						"up": { "texture": "#poor", "uv": [ 1.0, 0.0, 2.5, 1.0 ], "rotation": 90 },
						"down": { "texture": "#poor", "uv": [ 1.0, 3.5, 2.5, 4.5 ], "rotation": 90 }
					},
					"children": [
						{
							"name": "FlapTop",
							"from": [ -0.2, 2.5, 0.1 ],
							"to": [ 0.9, 2.7, 1.4 ],
							"unwrapMode": 5,
							"uv": [ 0.0, 1.0 ],
							"rotationOrigin": [ -0.2, 2.5, 0.1 ],
							"faces": {
								"north": { "texture": "#poor", "uv": [ 0.0, 1.0, 1.0, 1.5 ], "rotation": 180 },
								"east": { "texture": "#poor", "uv": [ 1.0, 1.5, 1.5, 2.5 ], "rotation": 90 },
								"south": { "texture": "#poor", "uv": [ 0.0, 2.5, 1.0, 3.0 ] },
								"up": { "texture": "#poor", "uv": [ 0.0, 1.5, 1.0, 2.5 ] },
								"down": { "texture": "#poor", "uv": [ 1.5, 1.5, 2.5, 2.5 ] }
							}
						},
						{
							"name": "FlapFront",
							"from": [ -0.2, 1.7, 0.11 ],
							"to": [ 0.0, 2.7, 1.41 ],
							"unwrapMode": 5,
							"uv": [ 2.5, 1.5 ],
							"rotationOrigin": [ -0.2, 1.7, 0.1 ],
							"faces": {
								"north": { "texture": "#poor", "uv": [ 3.5, 1.5, 4.0, 2.5 ], "rotation": 180 },
								"east": { "texture": "#poor", "uv": [ 3.5, 2.5, 4.5, 3.5 ], "rotation": 90 },
								"south": { "texture": "#poor", "uv": [ 3.5, 3.5, 4.0, 4.5 ] },
								"west": { "texture": "#poor", "uv": [ 2.5, 2.5, 3.5, 3.5 ], "rotation": 270 },
								"down": { "texture": "#poor", "uv": [ 4.5, 2.5, 5.0, 3.5 ] }
							},
							"children": [
								{
									"name": "tab",
									"from": [ -0.1, -0.5, 0.4 ],
									"to": [ 0.1, 0.5, 0.9 ],
									"unwrapMode": 4,
									"uv": [ 0.0, 2.5 ],
									"rotationOrigin": [ 0.1, 0.5, 0.4 ],
									"rotationZ": 6.0,
									"faces": {
										"north": { "texture": "#poor", "uv": [ 0.0, 3.0, 0.5, 4.0 ] },
										"east": { "texture": "#poor", "uv": [ 1.5, 3.0, 2.0, 4.0 ] },
										"south": { "texture": "#poor", "uv": [ 1.0, 3.0, 1.5, 4.0 ] },
										"west": { "texture": "#poor", "uv": [ 0.5, 3.0, 1.0, 4.0 ] },
										"up": { "texture": "#poor", "uv": [ 0.5, 2.5, 1.0, 3.0 ], "rotation": 90 },
										"down": { "texture": "#poor", "uv": [ 0.5, 4.0, 1.0, 4.5 ], "rotation": 90 }
									}
								}
							]
						}
					]
				},
				{
					"name": "WaistS",
					"from": [ 0.5, 0.0, 8.3 ],
					"to": [ 1.5, 1.5, 8.8 ],
					"unwrapMode": 3,
					"uv": [ 6.5, 2.0 ],
					"rotationOrigin": [ 0.5, 0.0, 8.3 ],
					"faces": {
						"north": { "texture": "#plain", "uv": [ 7.5, 2.5, 8.5, 4.0 ] },
						"south": { "texture": "#plain", "uv": [ 6.5, 2.5, 7.5, 4.0 ] },
						"up": { "texture": "#plain", "uv": [ 6.5, 2.0, 7.5, 2.5 ] },
						"down": { "texture": "#plain", "uv": [ 6.5, 4.0, 7.5, 4.5 ], "rotation": 180 }
					}
				},
				{
					"name": "WaistN",
					"from": [ 0.5, 0.0, 0.0 ],
					"to": [ 1.5, 1.5, 0.5 ],
					"unwrapMode": 3,
					"uv": [ 0.5, 2.5 ],
					"rotationOrigin": [ 0.5, 0.0, 0.0 ],
					"faces": {
						"north": { "texture": "#plain", "uv": [ 1.5, 3.0, 2.5, 4.5 ] },
						"south": { "texture": "#plain", "uv": [ 0.5, 3.0, 1.5, 4.5 ] },
						"up": { "texture": "#plain", "uv": [ 0.5, 2.5, 1.5, 3.0 ] },
						"down": { "texture": "#plain", "uv": [ 0.5, 4.5, 1.5, 5.0 ], "rotation": 180 }
					}
				},
				{
					"name": "WaistE",
					"from": [ 1.5, 0.0, 0.0 ],
					"to": [ 2.0, 1.5, 8.8 ],
					"unwrapMode": 2,
					"uv": [ 1.0, 5.0 ],
					"rotationOrigin": [ 1.5, 0.0, 0.0 ],
					"faces": {
						"north": { "texture": "#plain", "uv": [ 10.0, 5.5, 10.5, 7.0 ] },
						"east": { "texture": "#plain", "uv": [ 1.5, 5.5, 10.0, 7.0 ] },
						"south": { "texture": "#plain", "uv": [ 1.0, 5.5, 1.5, 7.0 ] },
						"west": { "texture": "#plain", "uv": [ 10.5, 5.5, 16.0, 7.0 ] },
						"up": { "texture": "#plain", "uv": [ 1.5, 5.0, 10.0, 5.5 ], "rotation": 270 },
						"down": { "texture": "#plain", "uv": [ 1.5, 7.0, 10.0, 7.5 ], "rotation": 270 }
					}
				},
				{
					"name": "buckleBottom",
					"from": [ 0.0, -0.2, 3.0 ],
					"to": [ 0.2, 0.0, 4.0 ],
					"unwrapMode": 4,
					"uv": [ 9.0, 0.75 ],
					"rotationOrigin": [ 0.0, -0.2, 3.0 ],
					"rotationY": -10.0,
					"faces": {
						"north": { "texture": "#brass", "uv": [ 9.0, 1.25, 9.5, 1.5 ] },
						"east": { "texture": "#brass", "uv": [ 11.0, 1.25, 12.0, 1.5 ] },
						"south": { "texture": "#brass", "uv": [ 10.5, 1.25, 11.0, 1.5 ] },
						"west": { "texture": "#brass", "uv": [ 9.5, 1.25, 10.5, 1.5 ] },
						"up": { "texture": "#brass", "uv": [ 9.5, 1.0, 10.5, 1.5 ], "rotation": 90 },
						"down": { "texture": "#brass", "uv": [ 9.5, 1.5, 10.5, 2.0 ], "rotation": 90 }
					},
					"children": [
						{
							"name": "buckleTop",
							"from": [ 0.0, 1.7, 0.0 ],
							"to": [ 0.2, 1.9, 1.0 ],
							"unwrapMode": 4,
							"uv": [ 7.0, 3.0 ],
							"rotationOrigin": [ 0.0, 1.7, 0.0 ],
							"faces": {
								"north": { "texture": "#brass", "uv": [ 7.0, 3.5, 7.5, 3.75 ] },
								"east": { "texture": "#brass", "uv": [ 9.0, 3.5, 10.0, 3.75 ] },
								"south": { "texture": "#brass", "uv": [ 8.5, 3.5, 9.0, 3.75 ] },
								"west": { "texture": "#brass", "uv": [ 7.5, 3.5, 8.5, 3.75 ] },
								"up": { "texture": "#brass", "uv": [ 7.5, 3.0, 8.5, 3.5 ], "rotation": 90 },
								"down": { "texture": "#brass", "uv": [ 7.5, 4.0, 8.5, 4.5 ], "rotation": 90 }
							}
						},
						{
							"name": "buckleCross",
							"from": [ 0.0, 0.2, 0.8 ],
							"to": [ 0.2, 1.7, 1.0 ],
							"unwrapMode": 4,
							"uv": [ 2.0, 3.75 ],
							"rotationOrigin": [ 0.0, 0.2, 0.8 ],
							"faces": {
								"north": { "texture": "#brass", "uv": [ 2.0, 4.25, 2.5, 5.75 ] },
								"east": { "texture": "#brass", "uv": [ 3.5, 4.25, 4.0, 5.75 ] },
								"south": { "texture": "#brass", "uv": [ 3.0, 4.25, 3.5, 5.75 ] },
								"west": { "texture": "#brass", "uv": [ 2.5, 4.25, 3.0, 5.75 ] },
								"up": { "texture": "#brass", "uv": [ 2.5, 4.0, 3.0, 4.5 ], "rotation": 90 },
								"down": { "texture": "#brass", "uv": [ 2.5, 6.0, 3.0, 6.5 ], "rotation": 90 }
							}
						},
						{
							"name": "buckleCatch",
							"from": [ 0.0, 0.85, 0.2 ],
							"to": [ 0.2, 1.05, 1.2 ],
							"unwrapMode": 4,
							"uv": [ 3.5, 1.0 ],
							"rotationOrigin": [ 0.0, 0.85, 0.2 ],
							"rotationY": -16.0,
							"faces": {
								"north": { "texture": "#brass", "uv": [ 3.5, 1.5, 4.0, 1.75 ] },
								"east": { "texture": "#brass", "uv": [ 5.5, 1.5, 6.5, 1.75 ] },
								"south": { "texture": "#brass", "uv": [ 5.0, 1.5, 5.5, 1.75 ] },
								"west": { "texture": "#brass", "uv": [ 4.0, 1.5, 5.0, 1.75 ] },
								"up": { "texture": "#brass", "uv": [ 4.0, 1.0, 5.0, 1.5 ], "rotation": 90 },
								"down": { "texture": "#brass", "uv": [ 4.0, 2.0, 5.0, 2.5 ], "rotation": 90 }
							}
						}
					]
				},
				{
					"name": "pouchWestL2",
					"from": [ -0.4, -0.9, 1.3 ],
					"to": [ 0.6, 1.6, 2.8 ],
					"unwrapMode": 4,
					"uv": [ 0.0, 0.0 ],
					"rotationOrigin": [ -0.4, -0.9, 1.3 ],
					"faces": {
						"north": { "texture": "#poor", "uv": [ 0.0, 1.0, 1.0, 3.5 ] },
						"south": { "texture": "#poor", "uv": [ 2.5, 1.0, 3.5, 3.5 ] },
						"west": { "texture": "#poor", "uv": [ 1.0, 1.0, 2.5, 3.5 ] },
						"up": { "texture": "#poor", "uv": [ 1.0, 0.0, 2.5, 1.0 ], "rotation": 90 },
						"down": { "texture": "#poor", "uv": [ 1.0, 3.5, 2.5, 4.5 ], "rotation": 90 }
					},
					"children": [
						{
							"name": "FlapTop2",
							"from": [ -0.2, 2.5, 0.1 ],
							"to": [ 0.9, 2.7, 1.4 ],
							"unwrapMode": 5,
							"uv": [ 0.0, 1.0 ],
							"rotationOrigin": [ -0.2, 2.5, 0.1 ],
							"faces": {
								"north": { "texture": "#poor", "uv": [ 0.0, 1.0, 1.0, 1.5 ], "rotation": 180 },
								"east": { "texture": "#poor", "uv": [ 1.0, 1.5, 1.5, 2.5 ], "rotation": 90 },
								"south": { "texture": "#poor", "uv": [ 0.0, 2.5, 1.0, 3.0 ] },
								"up": { "texture": "#poor", "uv": [ 0.0, 1.5, 1.0, 2.5 ] },
								"down": { "texture": "#poor", "uv": [ 1.5, 1.5, 2.5, 2.5 ] }
							}
						},
						{
							"name": "FlapFront2",
							"from": [ -0.2, 1.7, 0.11 ],
							"to": [ 0.0, 2.7, 1.41 ],
							"unwrapMode": 5,
							"uv": [ 2.5, 1.5 ],
							"rotationOrigin": [ -0.2, 1.7, 0.1 ],
							"faces": {
								"north": { "texture": "#poor", "uv": [ 3.5, 1.5, 4.0, 2.5 ], "rotation": 180 },
								"east": { "texture": "#poor", "uv": [ 3.5, 2.5, 4.5, 3.5 ], "rotation": 90 },
								"south": { "texture": "#poor", "uv": [ 3.5, 3.5, 4.0, 4.5 ] },
								"west": { "texture": "#poor", "uv": [ 2.5, 2.5, 3.5, 3.5 ], "rotation": 270 },
								"down": { "texture": "#poor", "uv": [ 4.5, 2.5, 5.0, 3.5 ] }
							},
							"children": [
								{
									"name": "tab2",
									"from": [ -0.1, -0.5, 0.4 ],
									"to": [ 0.1, 0.5, 0.9 ],
									"unwrapMode": 4,
									"uv": [ 0.0, 2.5 ],
									"rotationOrigin": [ 0.1, 0.5, 0.4 ],
									"rotationZ": 6.0,
									"faces": {
										"north": { "texture": "#poor", "uv": [ 0.0, 3.0, 0.5, 4.0 ] },
										"east": { "texture": "#poor", "uv": [ 1.5, 3.0, 2.0, 4.0 ] },
										"south": { "texture": "#poor", "uv": [ 1.0, 3.0, 1.5, 4.0 ] },
										"west": { "texture": "#poor", "uv": [ 0.5, 3.0, 1.0, 4.0 ] },
										"up": { "texture": "#poor", "uv": [ 0.5, 2.5, 1.0, 3.0 ], "rotation": 90 },
										"down": { "texture": "#poor", "uv": [ 0.5, 4.0, 1.0, 4.5 ], "rotation": 90 }
									}
								}
							]
						}
					]
				}
			]
		}
	]}