[
	{
		"enabled": true,
		"ingredientPattern": "H,P,S",
		"ingredients": {
			"H": {
				"type": "item",
				"code": "game:clothes-head-straw-hat"
			},
			"P": {
				"type": "block",
				"code": "game:pumpkin-fruit-4"
			},
			"S": {
				"type": "item",
				"code": "game:strawdummy"
			}
		},
		"width": 1,
		"height": 3,
		"recipeGroup": 1,
		"output": {
			"type": "item",
			"code": "scarecrow:scarecrow",
			"quantity": 1
		}
	},
	{
		"enabled": true,
		"ingredientPattern": "P,S",
		"ingredients": {
			"P": {
				"type": "block",
				"code": "game:pumpkin-fruit-4"
			},
			"S": {
				"type": "item",
				"code": "scarecrow:little-scarecrow"
			}
		},
		"width": 1,
		"height": 2,
		"recipeGroup": 2,
		"output": {
			"type": "item",
			"code": "scarecrow:scarecrow",
			"quantity": 1
		}
	},
	{
		"enabled": true,
		"ingredientPattern": "HP_,STS,_S_",
		"ingredients": {
			"H": {
				"type": "item",
				"code": "game:clothes-head-straw-hat"
			},
			"P": {
				"type": "block",
				"code": "game:pumpkin-fruit-4"
			},
			"S": {
				"type": "item",
				"code": "game:stick"
			},
			"T": {
				"type": "block",
				"code": "game:hay-*-ud",
				"name": "age",
				"allowedVariants": [ "normal", "aged" ],
				"quantity": 2
			}
		},
		"width": 3,
		"height": 3,
		"recipeGroup": 3,
		"output": {
			"type": "item",
			"code": "scarecrow:scarecrow",
			"quantity": 1
		}
	},
	{
		"enabled": true,
		"ingredientPattern": "HP_,STS,_S_",
		"ingredients": {
			"H": {
				"type": "item",
				"code": "game:clothes-head-straw-hat"
			},
			"P": {
				"type": "block",
				"code": "game:pumpkin-fruit-4"
			},
			"S": {
				"type": "item",
				"code": "game:stick"
			},
			"T": {
				"type": "item",
				"code": "game:*",
				"name": "item",
				"allowedVariants": [ "thatch", "drygrass" ],
				"quantity": 16
			}
		},
		"width": 3,
		"height": 3,
		"recipeGroup": 4,
		"output": {
			"type": "item",
			"code": "scarecrow:scarecrow",
			"quantity": 1
		}
	}
]