{
  "code": "cartschematics",
  "maxstacksize": 1,
  "behaviors": [
    {
      "name": "GroundStorable",
      "properties": {
        "layout": "SingleCenter",
        "collisionBox": {
          "x1": 0,
          "y1": 0,
          "z1": 0,
          "x2": 1,
          "y2": 0.125,
          "z2": 1
        }
      }
    }
  ],
  "variantgroups": [
    {
      "code": "type",
      "states": [ "signs", "carts", "canopies", "sides" ]
    }
  ],
  "allowedVariants": [
    "cartschematics-signs*",
    "cartschematics-carts*"
  ],
  "attributes": {
    "displaycaseable": true,
    "onDisplayTransform": {
      "translation": {
        "x": 0,
        "y": -0.12,
        "z": 0
      },
      "origin": {
        "x": 0.4,
        "y": 0.3,
        "z": 0.5
      },
      "scale": 0.4
    },
    "noConsumeOnCrafting": true,
    "groundStorageTransform": {
      "rotation": {
        "x": 0,
        "y": 7,
        "z": 0
      },
      "origin": {
        "x": 0.5,
        "y": 0,
        "z": 0.5
      },
      "scale": 1
    },
    "onshelfTransform": {
      "translation": {
        "x": 0.35,
        "y": -0.36,
        "z": 0.1
      },
      "rotation": {
        "x": 90,
        "y": 0,
        "z": 80
      },
      "origin": {
        "x": -0.2,
        "y": 0.74,
        "z": 0.1
      },
      "scale": 0.46
    },
    "bookshelveable": true
  },
  "shape": { "base": "item/construction/schematic-{type}" },
  "texturesByType": {
    "*": {
      "map-blank": { "base": "game:item/utility/map-blank" },
      "schematic": { "base": "schematic/schematic-{type}" }
    }
  },
  "creativeinventory": {
    "general": [ "*" ],
    "cartwrightscaravan": [ "*" ]
  },
  "guiTransform": {
    "translation": {
      "x": 0,
      "y": 0,
      "z": 0
    },
    "rotation": {
      "x": -54,
      "y": -24,
      "z": -180
    },
    "origin": {
      "x": 0.5,
      "y": 0.1,
      "z": 0.5
    },
    "scaleXyz": {
      "x": -1.3,
      "y": 1.3,
      "z": 1.3
    }
  },
  "fpHandTransform": {
    "translation": {
      "x": -0.1,
      "y": 0,
      "z": 0
    },
    "rotation": {
      "x": 3,
      "y": 3,
      "z": 8
    },
    "origin": {
      "x": 0.5,
      "y": 0.02,
      "z": 0.5
    },
    "scale": 1.36
  },
  "groundTransform": {
    "translation": {
      "x": 0,
      "y": 0,
      "z": 0
    },
    "rotation": {
      "x": 0,
      "y": 0,
      "z": 0
    },
    "origin": {
      "x": 0.5,
      "y": -0.02,
      "z": 0.5
    },
    "scale": 1.8
  },
  "tpHandTransform": {
    "translation": {
      "x": -1.3,
      "y": -0.7,
      "z": -1.2
    },
    "rotation": {
      "x": -57,
      "y": -165,
      "z": 92
    },
    "origin": {
      "x": 0.4,
      "y": 0.2,
      "z": 0.4
    }
  }
}