{
  "code": "marketstall",
  "class": "ItemCreature",
  "maxstacksize": 1,
  "variantgroups": [
    {
      "code": "name",
      "states": [ "marketstall" ]
    },
    {
      "code": "type",
      "states": [ "smallstall" ]
    },
    {
      "code": "version",
      "states": [ "classic", "slanted", "open" ]
    },
    {
      "code": "wood",
      "states": [ "aged" ],
      "loadFromProperties": "game:block/wood"
    }
  ],
  "skipVariants": [
  ],
  "shapeByType": {
    "*": { "base": "entity/nonliving/{type}-{version}" }

  },
  "storageFlags": 2,
  "texturesByType": {
    "*": {
      "blackbronze": { "base": "game:block/metal/plate/blackbronze" },
      "iron": { "base": "game:block/metal/plate/iron" },
      "oak-h": { "base": "game:block/wood/bark/{wood}-h" },
      "oak": { "base": "game:block/wood/debarked/{wood}" },
      "oak1": { "base": "game:block/wood/planks/{wood}1" },
      "top": { "base": "game:block/wood/echochamber/top" },
      "generic": { "base": "game:block/wood/planks/generic" },
      "mordant": { "base": "game:block/cloth/linen/mordant" },
      "mordant2": { "base": "game:block/cloth/pelt" },
			"wheel": { "base": "game:block/wood/bed/normal/bottom" }
    }
  },
  "attributes": {
    "handbook": {
      "groupBy": [ "*marketstall-{type}-*" ]
    }
  },
  "creativeinventory": {
    "general": [ "*" ],
    "cartwrightscaravan": [ "*" ]
  },
  "materialDensity": 600,



  "guiTransformByType": {
    "*open*": {
      "translation": {
        "x": 0,
        "y": 0,
        "z": 0
      },
      "rotation": {
        "x": -14,
        "y": -66,
        "z": -173
      },
      "origin": {
        "x": 1.9,
        "y": 0.8,
        "z": 0.3
      },
      "scaleXyz": {
        "x": -0.5,
        "y": 0.5,
        "z": 0.5
      }
    },
    "*slanted*": {
      "translation": {
        "x": 0,
        "y": 0,
        "z": 0
      },
      "rotation": {
        "x": -14,
        "y": -62,
        "z": -173
      },
      "origin": {
        "x": 1.9,
        "y": 0.8,
        "z": 0.1
      },
      "scaleXyz": {
        "x": -0.5,
        "y": 0.5,
        "z": 0.5
      }
    },
    "*": {
      "translation": {
        "x": 0,
        "y": 0,
        "z": 0
      },
      "rotation": {
        "x": -14,
        "y": -62,
        "z": -173
      },
      "origin": {
        "x": 1.9,
        "y": 0.8,
        "z": 0.3
      },
      "scale": 0.5
    }
  },
  "fpHandTransform": {
    "rotation": {
      "x": 0,
      "y": -90,
      "z": 0
    },
    "origin": {
      "x": 0.5,
      "y": 0.15,
      "z": 0.5
    },
    "scale": 1
  },
  "groundTransform": {
    "translation": {
      "x": 0,
      "y": 0.15,
      "z": 0
    },
    "rotation": {
      "x": 0,
      "y": -90,
      "z": 0
    },
    "origin": {
      "x": 0.5,
      "y": 0.15,
      "z": 0.5
    },
    "scale": 6
  }
}