{
	"editor": {
		"allAngles": false,
		"entityTextureMode": false
	},
	"textureWidth": 8,
	"textureHeight": 8,
	"textureSizes": {
	},
	"textures": {
		"acerginnala": "item/resource/seeds/acerginnala"
	},
	"elements": [
		{
			"name": "origin",
			"from": [ 8.0, 0.0, 8.0 ],
			"to": [ 8.0, 0.0, 8.0 ],
			"rotationOrigin": [ 8.0, 0.0, 8.0 ],
			"faces": {
			},
			"children": [
				{
					"name": "seedpod1",
					"from": [ 0.0, 3.0, 0.0 ],
					"to": [ 1.0, 4.0, 1.0 ],
					"rotationOrigin": [ 0.5, 4.0, 0.5 ],
					"faces": {
						"north": { "texture": "#acerginnala", "uv": [ 6.5, 0.0, 7.5, 1.0 ] },
						"east": { "texture": "#acerginnala", "uv": [ 6.0, 0.0, 7.0, 1.0 ] },
						"south": { "texture": "#acerginnala", "uv": [ 6.5, 0.0, 7.5, 1.0 ] },
						"west": { "texture": "#acerginnala", "uv": [ 6.0, 0.5, 7.0, 1.5 ] },
						"up": { "texture": "#acerginnala", "uv": [ 6.5, 0.0, 7.5, 1.0 ] },
						"down": { "texture": "#acerginnala", "uv": [ 6.0, 0.5, 7.0, 1.5 ] }
					},
					"children": [
						{
							"name": "copterE",
							"from": [ 0.5, -1.0, 0.5 ],
							"to": [ 5.5, 1.0, 0.5 ],
							"rotationOrigin": [ 0.5, 1.0, 0.5 ],
							"rotationZ": -22.5,
							"faces": {
								"south": { "texture": "#acerginnala", "uv": [ 0.0, 0.0, 5.0, 2.0 ] }
							}
						},
						{
							"name": "seedpod2",
							"from": [ -1.0, -0.5, 0.5 ],
							"to": [ 0.0, 0.5, 1.5 ],
							"rotationOrigin": [ -0.5, 0.0, 1.0 ],
							"faces": {
								"north": { "texture": "#acerginnala", "uv": [ 6.5, 0.0, 7.5, 1.0 ] },
								"east": { "texture": "#acerginnala", "uv": [ 6.5, 0.0, 7.5, 1.0 ] },
								"south": { "texture": "#acerginnala", "uv": [ 6.5, 1.0, 7.5, 2.0 ] },
								"west": { "texture": "#acerginnala", "uv": [ 7.0, 0.0, 8.0, 1.0 ] },
								"up": { "texture": "#acerginnala", "uv": [ 6.5, 0.5, 7.5, 1.5 ] },
								"down": { "texture": "#acerginnala", "uv": [ 6.5, 0.0, 7.5, 1.0 ] }
							},
							"children": [
								{
									"name": "copterW",
									"from": [ -4.5, -1.0, 0.5 ],
									"to": [ 0.5, 1.0, 0.5 ],
									"rotationOrigin": [ 0.5, 1.0, 0.5 ],
									"rotationZ": 22.5,
									"faces": {
										"south": { "texture": "#acerginnala", "uv": [ 0.0, 0.0, 5.0, 2.0 ] }
									}
								}
							]
						},
						{
							"name": "stem",
							"from": [ -0.4, 0.3, 0.8 ],
							"to": [ 0.0, 3.3, 1.2 ],
							"rotationOrigin": [ 0.0, 0.3, 1.2 ],
							"rotationY": -45.0,
							"rotationZ": -22.5,
							"faces": {
								"north": { "texture": "#acerginnala", "uv": [ 7.5, 1.5, 8.0, 4.5 ], "rotation": 180 },
								"east": { "texture": "#acerginnala", "uv": [ 7.0, 1.5, 7.5, 4.5 ], "rotation": 180 },
								"south": { "texture": "#acerginnala", "uv": [ 7.5, 1.5, 8.0, 4.5 ], "rotation": 180 },
								"west": { "texture": "#acerginnala", "uv": [ 7.5, 1.5, 8.0, 4.5 ], "rotation": 180 },
								"up": { "texture": "#acerginnala", "uv": [ 7.5, 3.0, 8.0, 3.5 ] }
							}
						}
					]
				}
			]
		}
	]}