{
  "code": "tamechicken-baby",
  "class": "EntityAgent",
  "hitboxSize": { "x": 0.3, "y": 0.2 },
  "deadHitboxSize": { "x": 0.4, "y": 0.2 },
  "eyeHeight": 0.15,
  "weight": 0.1,
  "fallDamageMultiplier": 0.75,
  "attributes": {
    "creatureDiet": { "foodCategories": [ "Grain" ], "foodTags": [ "fruitmash" ] },
    "basketCatchable": true,
    "trapChance": 0.8,
    "trapDestroyChance": 0,
    "handbook": { "groupcode": "creaturegroup-tamechicken" }
  },
  "client": {
    "renderer": "Shape",
    "shape": { "base": "game:entity/land/chicken-baby" },
    "texture": {
      "base": "game:entity/chicken/babychick1",
      "alternates": [
        { "base": "game:entity/chicken/babychick2" },
        { "base": "game:entity/chicken/babychick3" },
        { "base": "game:entity/chicken/babychick4" },
        { "base": "game:entity/chicken/babychick5" },
        { "base": "game:entity/chicken/babychick6" },
        { "base": "game:entity/chicken/babychick7" },
        { "base": "game:entity/chicken/babychick8" }
      ]
    },
    "sizeGrowthFactor": 0.3,
    "behaviors": [
      { "code": "nametag" },
      {
        "code": "receivecommand",
        "availableCommands": [
          { "commandName": "sit", "commandType": "SIMPLE", "minObedience": 0.2 },
          { "commandName": "lay", "commandType": "SIMPLE", "minObedience": 0.2 },
          {
            "commandName": "stay",
            "commandType": "COMPLEX",
            "minObedience": 0.1
          },
          {
            "commandName": "followmaster",
            "commandType": "COMPLEX",
            "minObedience": 0.6
          }
        ]
      },
      {
        "code": "tameable",
        "size": "small",
        "disobediencePerDay": 0,
        "treat": [
          { "code": "grain-spelt", "progress": 0.1, "cooldown": 0.5 },
          { "code": "grain-rye", "progress": 0.1, "cooldown": 0.5 },
          { "code": "grain-flax", "progress": 0.1, "cooldown": 1 },
          { "code": "grain-rice", "progress": 0.1, "cooldown": 0.5 },
          { "code": "grain-amaranth", "progress": 0.1, "cooldown": 0.5 },
          { "code": "grain-sunflower", "progress": 0.1, "cooldown": 0.5 },
          {
            "code": "petcookie-veggie-perfect",
            "domain": "petai",
            "progress": 0.8,
            "cooldown": 3
          }
        ]
      },
      {
        "code": "mouthinventory",
        "acceptStacks": [
          { "type": "item", "code": "grain-spelt" },
          { "type": "item", "code": "grain-rye" },
          { "type": "item", "code": "grain-flax" },
          { "type": "item", "code": "grain-rice" },
          { "type": "item", "code": "grain-amaranth" },
          { "type": "item", "code": "grain-sunflower" },
          { "type": "item", "code": "petai:petcookie-veggie-perfect" }
        ]
      },
      { "code": "controlledphysics", "stepHeight": 1.1251 },
      { "code": "floatupwhenstuck", "onlyWhenDead": true },
      { "code": "interpolateposition" },
      { "code": "harvestable" }
    ],
    "animations": [
      {
        "code": "hurt",
        "animation": "hurt",
        "animationSpeed": 2.2,
        "weight": 10,
        "blendMode": "AddAverage"
      },
      {
        "code": "eat",
        "animation": "eat",
        "animationSpeed": 1,
        "weight": 4,
        "easeOutSpeed": 8,
        "easeInSpeed": 5,
        "blendMode": "AddAverage"
      },
      {
        "code": "die",
        "animation": "death",
        "animationSpeed": 1.25,
        "weight": 10,
        "blendMode": "Average",
        "triggeredBy": { "onControls": [ "dead" ] }
      },
      {
        "code": "idle",
        "animation": "idle",
        "blendMode": "AddAverage",
        "easeOutSpeed": 4,
        "triggeredBy": { "defaultAnim": true }
      },
      {
        "code": "sleep",
        "animation": "sleep",
        "easeInSpeed": 4,
        "easeOutSpeed": 4,
        "blendMode": "Average"
      },
      {
        "code": "sit",
        "animation": "sit",
        "easeInSpeed": 4,
        "easeOutSpeed": 4,
        "blendMode": "Average"
      }
    ]
  },
  "server": {
    "attributes": {
      "pathfinder": { "minTurnAnglePerSec": 1440, "maxTurnAnglePerSec": 2880 }
    },
    "behaviors": [
      { "code": "nametag" },
      {
        "code": "receivecommand",
        "availableCommands": [
          { "commandName": "sit", "commandType": "SIMPLE", "minObedience": 0.2 },
          { "commandName": "lay", "commandType": "SIMPLE", "minObedience": 0.2 },
          {
            "commandName": "stay",
            "commandType": "COMPLEX",
            "minObedience": 0.1
          },
          {
            "commandName": "followmaster",
            "commandType": "COMPLEX",
            "minObedience": 0.6
          }
        ]
      },
      {
        "code": "tameable",
        "size": "small",
        "disobediencePerDay": 0,
        "treat": [
          { "code": "grain-spelt", "progress": 0.1, "cooldown": 0.5 },
          { "code": "grain-rye", "progress": 0.1, "cooldown": 0.5 },
          { "code": "grain-flax", "progress": 0.1, "cooldown": 0.5 },
          { "code": "grain-rice", "progress": 0.1, "cooldown": 0.5 },
          { "code": "grain-amaranth", "progress": 0.1, "cooldown": 0.5 },
          { "code": "grain-sunflower", "progress": 0.1, "cooldown": 0.5 },
          {
            "code": "petcookie-veggie-perfect",
            "domain": "petai",
            "progress": 0.8,
            "cooldown": 3
          }
        ]
      },
      {
        "code": "mouthinventory",
        "acceptStacks": [
          { "type": "item", "code": "grain-spelt" },
          { "type": "item", "code": "grain-rye" },
          { "type": "item", "code": "grain-flax" },
          { "type": "item", "code": "grain-rice" },
          { "type": "item", "code": "grain-amaranth" },
          { "type": "item", "code": "grain-sunflower" },
          { "type": "item", "code": "petai:petcookie-veggie-perfect" }
        ]
      },
      { "code": "repulseagents" },
      { "code": "controlledphysics", "stepHeight": 1.1251 },
      { "code": "health", "currenthealth": 1.5, "maxhealth": 1.5 },
      { "code": "deaddecay", "hoursToDecay": 12 },
      { "code": "floatupwhenstuck", "onlyWhenDead": true },
      { "code": "harvestable", "drops": [] },
      {
        "code": "raisable",
        "hoursToGrow": 128,
        "adultEntityCodes": [
          "chickenpet:tamechicken-henpoult",
          "chickenpet:tamechicken-henpoult",
          "chickenpet:tamechicken-henpoult",
          "chickenpet:tamechicken-henpoult",
          "chickenpet:tamechicken-henpoult",
          "chickenpet:tamechicken-henpoult",
          "chickenpet:tamechicken-henpoult",
          "chickenpet:tamechicken-henpoult",
          "chickenpet:tamechicken-henpoult",
          "chickenpet:tamechicken-roosterpoult"
        ]
      },
      { "code": "breathe" },
      {
        "code": "emotionstates",
        "states": [
          {
            "code": "alarmherdondamage",
            "chance": 1,
            "slot": 1,
            "priority": 1,
            "accumType": "max"
          }
        ]
      },
      {
        "code": "taskai",
        "aiCreatureType": "LandCreature",
        "aitasks": [
          {
            "code": "fleeentity",
            "instafleeOnDamageChance": 1,
            "seekingRange": 9,
            "entityCodes": [ "wolf-male", "wolf-female", "fox-*", "bear-*" ],
            "priority": 1.5,
            "movespeed": 0.03,
            "animationSpeed": 1.4,
            "animation": "Run"
          },
          {
            "code": "getoutofwater",
            "priority": 1.4,
            "movespeed": 0.015,
            "animation": "Run"
          },
          {
            "code": "stayclosetoentity",
            "priority": 1.3,
            "entityCode": "chickenpet:tamechicken-hen",
            "movespeed": 0.01,
            "maxDistance": 2,
            "searchRange": 12,
            "animation": "Run"
          },
          {
            "code": "stayclosetoentity",
            "priority": 1.3,
            "entityCode": "game:chicken-hen",
            "movespeed": 0.01,
            "maxDistance": 2,
            "searchRange": 12,
            "animation": "Run"
          },
          {
            "code": "seekfoodandeat",
            "priority": 1.35,
            "eatSound": "creature/animal-eat-small",
            "eatTime": 1.5,
            "movespeed": 0.0065,
            "animation": "Walk",
            "mincooldownHours": 1,
            "maxcooldownHours": 4
          },
          {
            "code": "idle",
            "priority": 1.2,
            "minduration": 2500,
            "maxduration": 2500,
            "mincooldown": 1000,
            "maxcooldown": 10000,
            "priorityForCancel": 1.28,
            "animation": "Eat"
          },
          {
            "code": "idle",
            "priority": 1.1,
            "minduration": 1000,
            "maxduration": 3000,
            "mincooldown": 2000,
            "maxcooldown": 30000,
            "animation": "Idle"
          },
          {
            "code": "wander",
            "priority": 1,
            "movespeed": 0.003,
            "animationSpeed": 1.2,
            "animation": "Walk",
            "wanderChance": 0.02,
            "preferredLightLevel": 19
          },
          {
            "code": "idle",
            "priority": 0.95,
            "minduration": 5000000,
            "maxduration": 5000000,
            "mincooldown": 5000,
            "maxcooldown": 15000,
            "priorityForCancel": 1.33,
            "animation": "Sleep",
            "whenNotInEmotionState": "aggressiveondamage",
            "duringDayTimeFrames": [
              { "fromHour": 20, "toHour": 24 },
              { "fromHour": 0, "toHour": 6 }
            ],
            "stopOnNearbyEntityCodes": [ "wolf-male", "wolf-female", "fox-*" ],
            "stopRange": 8,
            "stopOnHurt": true
          },
          {
            "code": "idle",
            "priority": 0.9,
            "minduration": 6000,
            "maxduration": 40000,
            "mincooldown": 2000,
            "maxcooldown": 120000,
            "priorityForCancel": 1.28,
            "animation": "Sit"
          },
          { "code": "lookaround", "priority": 0.5 },
          {
            "code": "useinventory",
            "animation": "eat",
            "animationSpeed": 0.75,
            "priority": 1.6,
            "priorityForCancel": 1.7,
            "eatItemCategories": [ "Vegetable", "Fruit" ],
            "eatItemCodes": [
              "grain-spelt",
              "grain-rye",
              "grain-flax",
              "grain-rice",
              "grain-amaranth",
              "grain-sunflower",
              "petai:petcookie-veggie-perfect"
            ],
            "useTime": 1.5,
            "mincooldownHours": 1,
            "maxcooldownHours": 1.5
          },
          {
            "code": "simplecommand",
            "priority": 3,
            "minduration": 2000,
            "maxduration": 10000,
            "priorityForCancel": 2.8,
            "animation": "Sit",
            "command": "sit"
          },
          {
            "code": "simplecommand",
            "priority": 3,
            "minduration": 5000,
            "maxduration": 15000,
            "priorityForCancel": 2.8,
            "animation": "Sleep",
            "animationSpeed": 0.8,
            "command": "lay"
          },
          {
            "code": "stay",
            "priority": 2,
            "priorityForCancel": 1.9,
            "command": "stay",
            "movespeed": 0.006,
            "maxDistance": 10,
            "searchRange": 40,
            "animation": "Walk"
          },
          {
            "code": "followmaster",
            "priority": 2,
            "priorityForCancel": 1.9,
            "command": "followmaster",
            "movespeed": 0.045,
            "animationSpeed": 2.2,
            "maxDistance": 8,
            "searchRange": 40,
            "animation": "Run",
            "allowTeleport": true
          }
        ]
      },
      { "code": "pettableextended", "minGeneration": 0 }
    ]
  },
  "sounds": {
    "hurt": "game:creature/chicken/chick*",
    "death": "game:creature/chicken/chick*",
    "idle": "game:creature/chicken/chick*"
  },
  "idleSoundRange": 14,
  "idleSoundChance": 1
}
