{
	"editor": {
		"backDropShape": "entity/humanoid/seraph-hairless",
		"collapsedPaths": "Root/Hair-Base/hair-uncovered/strandL1,Root/Hair-Base/hair-uncovered/bun1",
		"allAngles": true,
		"entityTextureMode": true
	},
	"textureWidth": 48,
	"textureHeight": 48,
	"textureSizes": {
		"hair": [48,48],
		"reedrope": [16,16],
		"lightgray": [48,48],
		"birch": [16,16]
	},
	"textures": {
		"hair": "entity/humanoid/seraphskinparts/hair/lightgray",
		"granite": "game:item/tool/material/granite",
		"forlorn": "game:item/wearable/hooved/blanket/forlorn"
	},
	"elements": [
		{
			"name": "Hair-Base",
			"stepParentName": "Head",
			"from": [ -0.3, -0.2, -0.3 ],
			"to": [ 5.7, 5.3, 5.2 ],
			"renderPass": 1,
			"autoUnwrap": false,
			"uv": [ 0.0, 0.0 ],
			"rotationOrigin": [ 2.5, 3.0, 2.5 ],
			"faces": {
			},
			"children": [
				{
					"name": "hair-uncovered",
					"from": [ 3.0, 3.0, 2.8 ],
					"to": [ 3.0, 3.0, 2.8 ],
					"uv": [ 0.0, 0.0 ],
					"rotationOrigin": [ 3.0, 3.0, 2.8 ],
					"faces": {
					},
					"children": [
						{
							"name": "tie",
							"from": [ 2.7, -1.7, -0.5 ],
							"to": [ 3.7, -0.7, 0.5 ],
							"uv": [ 1.5, 1.5 ],
							"rotationOrigin": [ 2.7, -1.2, 0.0 ],
							"rotationZ": -22.0,
							"faces": {
								"north": { "texture": "#granite", "uv": [ 1.5, 3.0, 2.25, 4.5 ] },
								"east": { "texture": "#granite", "uv": [ 2.25, 3.0, 3.0, 4.5 ] },
								"south": { "texture": "#granite", "uv": [ 3.0, 3.0, 3.75, 4.5 ] },
								"up": { "texture": "#granite", "uv": [ 1.5, 1.5, 2.25, 3.0 ] },
								"down": { "texture": "#granite", "uv": [ 2.25, 1.5, 3.0, 3.0 ] }
							}
						},
						{
							"name": "strandL1",
							"from": [ 0.9, -2.3, 2.1 ],
							"to": [ 1.3, 0.7, 2.5 ],
							"uv": [ 33.5, 25.0 ],
							"rotationOrigin": [ 0.1, 0.7, 2.5 ],
							"rotationX": -17.0,
							"rotationZ": -8.0,
							"faces": {
								"north": { "texture": "#hair", "uv": [ 33.5, 25.0, 34.0, 28.0 ] },
								"east": { "texture": "#hair", "uv": [ 34.0, 25.0, 34.5, 28.0 ] },
								"south": { "texture": "#hair", "uv": [ 34.5, 25.0, 35.0, 28.0 ] },
								"west": { "texture": "#hair", "uv": [ 35.0, 25.0, 35.5, 28.0 ] }
							},
							"children": [
								{
									"name": "strandL2",
									"from": [ 0.0, -1.8, 0.0 ],
									"to": [ 0.4, 0.2, 0.4 ],
									"uv": [ 36.0, 27.0 ],
									"rotationOrigin": [ 0.2, 0.2, 0.2 ],
									"rotationX": -17.0,
									"rotationY": -8.0,
									"rotationZ": -30.0,
									"faces": {
										"north": { "texture": "#hair", "uv": [ 36.0, 27.5, 36.5, 29.5 ] },
										"east": { "texture": "#hair", "uv": [ 36.5, 27.5, 37.0, 29.5 ] },
										"south": { "texture": "#hair", "uv": [ 37.0, 27.5, 37.5, 29.5 ] },
										"west": { "texture": "#hair", "uv": [ 37.5, 27.5, 38.0, 29.5 ] }
									}
								}
							]
						},
						{
							"name": "strandR1",
							"from": [ 0.9, -2.3, -2.5 ],
							"to": [ 1.3, 0.7, -2.1 ],
							"uv": [ 36.5, 25.0 ],
							"rotationOrigin": [ 1.1, 0.7, -2.5 ],
							"rotationX": 19.0,
							"rotationZ": -8.0,
							"faces": {
								"north": { "texture": "#hair", "uv": [ 36.5, 25.0, 37.0, 28.0 ] },
								"east": { "texture": "#hair", "uv": [ 37.0, 25.0, 37.5, 28.0 ] },
								"south": { "texture": "#hair", "uv": [ 37.5, 25.0, 38.0, 28.0 ] },
								"west": { "texture": "#hair", "uv": [ 38.0, 25.0, 38.5, 28.0 ] }
							},
							"children": [
								{
									"name": "strandR2",
									"from": [ 0.0, -1.8, 0.0 ],
									"to": [ 0.4, 0.2, 0.4 ],
									"uv": [ 42.0, 27.0 ],
									"rotationOrigin": [ 0.2, 0.2, 0.2 ],
									"rotationX": -17.0,
									"rotationY": -30.0,
									"rotationZ": -42.0,
									"faces": {
										"north": { "texture": "#hair", "uv": [ 42.0, 27.0, 42.5, 29.0 ] },
										"east": { "texture": "#hair", "uv": [ 42.5, 27.0, 43.0, 29.0 ] },
										"south": { "texture": "#hair", "uv": [ 43.0, 27.0, 43.5, 29.0 ] },
										"west": { "texture": "#hair", "uv": [ 43.5, 27.0, 44.0, 29.0 ] }
									}
								}
							]
						},
						{
							"name": "strandL3",
							"from": [ 1.3, -4.2, 2.1 ],
							"to": [ 1.7, -0.2, 2.5 ],
							"uv": [ 33.5, 25.0 ],
							"rotationOrigin": [ 1.5, -0.2, 2.5 ],
							"rotationX": -17.0,
							"rotationZ": 8.0,
							"faces": {
								"north": { "texture": "#hair", "uv": [ 33.5, 25.0, 34.0, 29.0 ] },
								"east": { "texture": "#hair", "uv": [ 34.0, 25.0, 34.5, 29.0 ] },
								"south": { "texture": "#hair", "uv": [ 34.5, 25.0, 35.0, 29.0 ] },
								"west": { "texture": "#hair", "uv": [ 35.0, 25.0, 35.5, 29.0 ] }
							}
						},
						{
							"name": "strandR3",
							"from": [ 1.3, -4.2, -2.5 ],
							"to": [ 1.7, -0.2, -2.1 ],
							"uv": [ 36.5, 25.0 ],
							"rotationOrigin": [ 1.5, -0.2, -2.5 ],
							"rotationX": 17.0,
							"rotationZ": 6.0,
							"faces": {
								"north": { "texture": "#hair", "uv": [ 36.5, 25.0, 37.0, 29.0 ] },
								"east": { "texture": "#hair", "uv": [ 37.0, 25.0, 37.5, 29.0 ] },
								"south": { "texture": "#hair", "uv": [ 37.5, 25.0, 38.0, 29.0 ] },
								"west": { "texture": "#hair", "uv": [ 38.0, 25.0, 38.5, 29.0 ] }
							}
						},
						{
							"name": "braidL1",
							"from": [ 1.7, -1.45, 2.0 ],
							"to": [ 2.2, -0.95, 4.5 ],
							"uv": [ 22.0, 33.5 ],
							"rotationOrigin": [ 1.95, -1.2, 2.0 ],
							"rotationX": 50.0,
							"rotationY": 25.0,
							"faces": {
								"east": { "texture": "#hair", "uv": [ 22.0, 36.0, 24.5, 36.5 ] },
								"south": { "texture": "#hair", "uv": [ 24.5, 36.0, 25.0, 36.5 ] },
								"west": { "texture": "#hair", "uv": [ 25.0, 36.0, 27.5, 36.5 ] },
								"up": { "texture": "#hair", "uv": [ 22.0, 33.5, 22.5, 36.0 ] },
								"down": { "texture": "#hair", "uv": [ 22.5, 33.5, 23.0, 36.0 ] }
							},
							"children": [
								{
									"name": "braidL2",
									"from": [ 0.2, 0.0, 2.0 ],
									"to": [ 1.7, 0.5, 2.5 ],
									"uv": [ 23.0, 32.5 ],
									"rotationOrigin": [ 0.2, 0.5, 2.5 ],
									"rotationY": -30.0,
									"rotationZ": -22.0,
									"faces": {
										"north": { "texture": "#hair", "uv": [ 23.0, 33.0, 24.5, 33.5 ] },
										"east": { "texture": "#hair", "uv": [ 24.5, 33.0, 25.0, 33.5 ] },
										"south": { "texture": "#hair", "uv": [ 25.0, 33.0, 26.5, 33.5 ] },
										"up": { "texture": "#hair", "uv": [ 23.0, 32.5, 24.5, 33.0 ] },
										"down": { "texture": "#hair", "uv": [ 24.5, 32.5, 26.0, 33.0 ] }
									}
								}
							]
						},
						{
							"name": "braidL3",
							"from": [ 2.9, -1.45, 0.0 ],
							"to": [ 3.4, -0.95, 2.0 ],
							"uv": [ 17.5, 33.0 ],
							"rotationOrigin": [ 3.15, -1.2, 0.0 ],
							"rotationX": 50.0,
							"rotationY": 42.0,
							"faces": {
								"east": { "texture": "#hair", "uv": [ 17.5, 35.0, 19.5, 35.5 ] },
								"south": { "texture": "#hair", "uv": [ 19.5, 35.0, 20.0, 35.5 ] },
								"west": { "texture": "#hair", "uv": [ 20.0, 35.0, 22.0, 35.5 ] },
								"up": { "texture": "#hair", "uv": [ 17.5, 33.0, 18.0, 35.0 ] },
								"down": { "texture": "#hair", "uv": [ 18.0, 33.0, 18.5, 35.0 ] }
							},
							"children": [
								{
									"name": "braidL4",
									"from": [ -2.0, 0.0, 1.5 ],
									"to": [ 0.5, 0.5, 2.0 ],
									"uv": [ 17.0, 31.5 ],
									"rotationOrigin": [ 0.5, 0.25, 2.0 ],
									"rotationY": 40.0,
									"rotationZ": -25.0,
									"faces": {
										"north": { "texture": "#hair", "uv": [ 17.0, 32.0, 19.5, 32.5 ] },
										"east": { "texture": "#hair", "uv": [ 19.5, 32.0, 20.0, 32.5 ] },
										"south": { "texture": "#hair", "uv": [ 20.0, 32.0, 22.5, 32.5 ] },
										"west": { "texture": "#hair", "uv": [ 22.5, 32.0, 23.0, 32.5 ], "windMode": [-1,-1,-1,-1], "windData": [1,1,1,1] },
										"up": { "texture": "#hair", "uv": [ 17.0, 31.5, 19.5, 32.0 ] },
										"down": { "texture": "#hair", "uv": [ 19.5, 31.5, 22.0, 32.0 ] }
									}
								}
							]
						},
						{
							"name": "braidR1",
							"from": [ 1.7, -1.45, -4.5 ],
							"to": [ 2.2, -0.95, -2.0 ],
							"uv": [ 22.0, 33.5 ],
							"rotationOrigin": [ 1.95, -1.2, -2.0 ],
							"rotationX": -50.0,
							"rotationY": -25.0,
							"faces": {
								"north": { "texture": "#hair", "uv": [ 22.0, 36.0, 22.5, 36.5 ], "windMode": [-1,-1,-1,-1], "windData": [1,1,1,1] },
								"east": { "texture": "#hair", "uv": [ 22.5, 36.0, 25.0, 36.5 ] },
								"west": { "texture": "#hair", "uv": [ 25.0, 36.0, 27.5, 36.5 ] },
								"up": { "texture": "#hair", "uv": [ 22.0, 33.5, 22.5, 36.0 ] },
								"down": { "texture": "#hair", "uv": [ 22.5, 33.5, 23.0, 36.0 ] }
							},
							"children": [
								{
									"name": "braidR2",
									"from": [ 0.2, 0.0, 0.0 ],
									"to": [ 1.9, 0.5, 0.5 ],
									"uv": [ 23.0, 32.5 ],
									"rotationOrigin": [ 0.2, 0.5, 0.5 ],
									"rotationY": 30.0,
									"rotationZ": -22.0,
									"faces": {
										"north": { "texture": "#hair", "uv": [ 23.0, 33.0, 24.5, 33.5 ] },
										"east": { "texture": "#hair", "uv": [ 24.5, 33.0, 25.0, 33.5 ] },
										"south": { "texture": "#hair", "uv": [ 25.0, 33.0, 26.5, 33.5 ] },
										"up": { "texture": "#hair", "uv": [ 23.0, 32.5, 24.5, 33.0 ] },
										"down": { "texture": "#hair", "uv": [ 24.5, 32.5, 26.0, 33.0 ] }
									}
								}
							]
						},
						{
							"name": "braidR3",
							"from": [ 2.9, -1.45, -2.0 ],
							"to": [ 3.4, -0.95, 0.0 ],
							"uv": [ 17.5, 33.0 ],
							"rotationOrigin": [ 3.15, -1.2, 0.0 ],
							"rotationX": -50.0,
							"rotationY": -42.0,
							"faces": {
								"north": { "texture": "#hair", "uv": [ 17.5, 35.0, 18.0, 35.5 ], "windMode": [-1,-1,-1,-1], "windData": [1,1,1,1] },
								"east": { "texture": "#hair", "uv": [ 18.0, 35.0, 20.0, 35.5 ] },
								"west": { "texture": "#hair", "uv": [ 20.0, 35.0, 22.0, 35.5 ] },
								"up": { "texture": "#hair", "uv": [ 17.5, 33.0, 18.0, 35.0 ], "windMode": [-1,-1,-1,-1], "windData": [1,1,1,1] },
								"down": { "texture": "#hair", "uv": [ 18.0, 33.0, 18.5, 35.0 ] }
							},
							"children": [
								{
									"name": "braidR4",
									"from": [ -2.0, 0.0, 0.0 ],
									"to": [ 0.5, 0.5, 0.5 ],
									"uv": [ 17.0, 31.5 ],
									"rotationOrigin": [ 0.5, 0.25, 0.0 ],
									"rotationY": -37.0,
									"rotationZ": -25.0,
									"faces": {
										"north": { "texture": "#hair", "uv": [ 17.0, 32.0, 19.5, 32.5 ] },
										"east": { "texture": "#hair", "uv": [ 19.5, 32.0, 20.0, 32.5 ] },
										"south": { "texture": "#hair", "uv": [ 20.0, 32.0, 22.5, 32.5 ] },
										"west": { "texture": "#hair", "uv": [ 22.5, 32.0, 23.0, 32.5 ], "windMode": [-1,-1,-1,-1], "windData": [1,1,1,1] },
										"up": { "texture": "#hair", "uv": [ 17.0, 31.5, 19.5, 32.0 ] },
										"down": { "texture": "#hair", "uv": [ 19.5, 31.5, 22.0, 32.0 ] }
									}
								}
							]
						},
						{
							"name": "bun1",
							"from": [ 1.9, -1.0, -2.0 ],
							"to": [ 3.9, 3.0, 2.0 ],
							"autoUnwrap": false,
							"uv": [ 28.0, 29.0 ],
							"rotationOrigin": [ 2.9, 1.0, 0.0 ],
							"rotationZ": 20.0,
							"faces": {
								"north": { "texture": "#hair", "uv": [ 28.0, 33.0, 30.0, 37.0 ] },
								"east": { "texture": "#hair", "uv": [ 30.0, 33.0, 34.0, 37.0 ] },
								"south": { "texture": "#hair", "uv": [ 34.0, 33.0, 36.0, 37.0 ] },
								"west": { "texture": "#hair", "uv": [ 36.0, 33.0, 40.0, 37.0 ] },
								"up": { "texture": "#hair", "uv": [ 30.5, 36.5, 32.5, 40.5 ] },
								"down": { "texture": "#hair", "uv": [ 36.5, 31.5, 38.5, 35.5 ] }
							},
							"children": [
								{
									"name": "bun2",
									"from": [ 2.0, 0.2, 0.2 ],
									"to": [ 3.5, 3.8, 3.8 ],
									"autoUnwrap": false,
									"uv": [ 37.5, 8.5 ],
									"rotationOrigin": [ 2.0, 2.0, 2.0 ],
									"faces": {
										"north": { "texture": "#hair", "uv": [ 43.5, 11.0, 45.0, 14.5 ] },
										"east": { "texture": "#hair", "uv": [ 42.5, 9.5, 46.0, 13.0 ] },
										"south": { "texture": "#hair", "uv": [ 45.5, 10.5, 47.0, 14.0 ] },
										"up": { "texture": "#hair", "uv": [ 28.0, 10.5, 29.5, 14.0 ], "windMode": [-1,-1,-1,-1], "windData": [1,1,1,1] },
										"down": { "texture": "#hair", "uv": [ 29.5, 13.0, 31.0, 16.5 ] }
									}
								},
								{
									"name": "bun3",
									"from": [ 3.5, 0.4, 0.4 ],
									"to": [ 4.5, 3.6, 3.6 ],
									"autoUnwrap": false,
									"uv": [ 37.5, 8.5 ],
									"rotationOrigin": [ 3.5, 2.0, 2.0 ],
									"faces": {
										"north": { "texture": "#hair", "uv": [ 27.0, 13.0, 28.0, 16.0 ] },
										"east": { "texture": "#hair", "uv": [ 25.5, 1.0, 28.5, 4.0 ] },
										"south": { "texture": "#hair", "uv": [ 41.5, 11.5, 42.5, 14.5 ] },
										"up": { "texture": "#hair", "uv": [ 30.5, 11.0, 31.5, 14.0 ] },
										"down": { "texture": "#hair", "uv": [ 28.0, 14.5, 29.0, 17.5 ] }
									}
								},
								{
									"name": "band",
									"from": [ 0.1, -0.2, -0.1 ],
									"to": [ 1.1, 4.1, 4.1 ],
									"uv": [ 0.0, 0.0 ],
									"rotationOrigin": [ 0.1, -0.2, -0.1 ],
									"faces": {
										"north": { "texture": "#granite", "uv": [ 0.0, 3.0, 0.75, 6.0 ] },
										"east": { "texture": "#granite", "uv": [ 0.75, 3.0, 4.5, 6.0 ] },
										"south": { "texture": "#granite", "uv": [ 4.5, 3.0, 5.25, 6.0 ] },
										"west": { "texture": "#granite", "uv": [ 5.25, 3.0, 9.0, 6.0 ] },
										"up": { "texture": "#granite", "uv": [ 0.0, 0.0, 0.75, 3.0 ] },
										"down": { "texture": "#granite", "uv": [ 0.75, 0.0, 1.5, 3.0 ] }
									},
									"children": [
										{
											"name": "gem",
											"from": [ 0.3, 4.2, 1.9 ],
											"to": [ 0.8, 4.4, 2.4 ],
											"uv": [ 21.0, 13.0 ],
											"rotationOrigin": [ 0.3, 4.2, 1.9 ],
											"faces": {
												"north": { "texture": "#forlorn", "uv": [ 21.0, 14.0, 22.5, 15.0 ] },
												"east": { "texture": "#forlorn", "uv": [ 22.5, 14.0, 23.0, 14.5 ] },
												"south": { "texture": "#forlorn", "uv": [ 24.0, 14.0, 24.5, 14.5 ] },
												"west": { "texture": "#forlorn", "uv": [ 25.5, 14.0, 26.0, 14.5 ] },
												"up": { "texture": "#forlorn", "uv": [ 21.0, 13.0, 21.5, 13.5 ] },
												"down": { "texture": "#forlorn", "uv": [ 22.5, 13.0, 23.0, 13.5 ] }
											}
										},
										{
											"name": "gem2",
											"from": [ 0.5, 4.2, 2.5 ],
											"to": [ 0.7, 4.4, 2.7 ],
											"uv": [ 30.0, 46.0 ],
											"rotationOrigin": [ 0.5, 4.2, 2.5 ],
											"faces": {
												"north": { "texture": "#forlorn", "uv": [ 30.0, 47.0, 31.5, 48.0 ] },
												"east": { "texture": "#forlorn", "uv": [ 31.5, 47.0, 33.0, 48.0 ] },
												"south": { "texture": "#forlorn", "uv": [ 33.0, 47.0, 34.5, 48.0 ] },
												"west": { "texture": "#forlorn", "uv": [ 34.5, 47.0, 36.0, 48.0 ] },
												"up": { "texture": "#forlorn", "uv": [ 30.0, 46.0, 31.5, 47.0 ] },
												"down": { "texture": "#forlorn", "uv": [ 31.5, 46.0, 33.0, 47.0 ] }
											}
										},
										{
											"name": "gem3",
											"from": [ 0.5, 4.2, 3.0 ],
											"to": [ 0.7, 4.4, 3.2 ],
											"uv": [ 24.0, 44.0 ],
											"rotationOrigin": [ 0.5, 4.2, 3.0 ],
											"faces": {
												"north": { "texture": "#forlorn", "uv": [ 24.0, 45.0, 25.5, 46.0 ] },
												"east": { "texture": "#forlorn", "uv": [ 25.5, 45.0, 27.0, 46.0 ] },
												"south": { "texture": "#forlorn", "uv": [ 27.0, 45.0, 28.5, 46.0 ] },
												"west": { "texture": "#forlorn", "uv": [ 28.5, 45.0, 30.0, 46.0 ] },
												"up": { "texture": "#forlorn", "uv": [ 24.0, 44.0, 25.5, 45.0 ] },
												"down": { "texture": "#forlorn", "uv": [ 25.5, 44.0, 27.0, 45.0 ] }
											}
										},
										{
											"name": "gem4",
											"from": [ 0.5, 4.2, 3.5 ],
											"to": [ 0.7, 4.4, 3.7 ],
											"uv": [ 19.5, 6.0 ],
											"rotationOrigin": [ 0.5, 4.2, 3.5 ],
											"faces": {
												"north": { "texture": "#forlorn", "uv": [ 19.5, 7.0, 21.0, 8.0 ] },
												"east": { "texture": "#forlorn", "uv": [ 21.0, 7.0, 22.5, 8.0 ] },
												"south": { "texture": "#forlorn", "uv": [ 22.5, 7.0, 24.0, 8.0 ] },
												"west": { "texture": "#forlorn", "uv": [ 24.0, 7.0, 25.5, 8.0 ] },
												"up": { "texture": "#forlorn", "uv": [ 19.5, 6.0, 21.0, 7.0 ] },
												"down": { "texture": "#forlorn", "uv": [ 21.0, 6.0, 22.5, 7.0 ] }
											}
										},
										{
											"name": "gem5",
											"from": [ 0.5, 4.2, 1.6 ],
											"to": [ 0.7, 4.4, 1.8 ],
											"uv": [ 34.5, 7.0 ],
											"rotationOrigin": [ 0.5, 4.2, 1.6 ],
											"faces": {
												"north": { "texture": "#forlorn", "uv": [ 34.5, 8.0, 36.0, 9.0 ] },
												"east": { "texture": "#forlorn", "uv": [ 36.0, 8.0, 37.5, 9.0 ] },
												"south": { "texture": "#forlorn", "uv": [ 37.5, 8.0, 39.0, 9.0 ] },
												"west": { "texture": "#forlorn", "uv": [ 39.0, 8.0, 40.5, 9.0 ] },
												"up": { "texture": "#forlorn", "uv": [ 34.5, 7.0, 36.0, 8.0 ] },
												"down": { "texture": "#forlorn", "uv": [ 36.0, 7.0, 37.5, 8.0 ] }
											}
										},
										{
											"name": "gem6",
											"from": [ 0.5, 4.2, 1.1 ],
											"to": [ 0.7, 4.4, 1.3 ],
											"uv": [ 12.0, 9.0 ],
											"rotationOrigin": [ 0.5, 4.2, 1.1 ],
											"faces": {
												"north": { "texture": "#forlorn", "uv": [ 12.0, 10.0, 13.5, 11.0 ] },
												"east": { "texture": "#forlorn", "uv": [ 13.5, 10.0, 15.0, 11.0 ] },
												"south": { "texture": "#forlorn", "uv": [ 15.0, 10.0, 16.5, 11.0 ] },
												"west": { "texture": "#forlorn", "uv": [ 16.5, 10.0, 18.0, 11.0 ] },
												"up": { "texture": "#forlorn", "uv": [ 12.0, 9.0, 13.5, 10.0 ] },
												"down": { "texture": "#forlorn", "uv": [ 13.5, 9.0, 15.0, 10.0 ] }
											}
										},
										{
											"name": "gem7",
											"from": [ 0.5, 4.2, 0.6 ],
											"to": [ 0.7, 4.4, 0.8 ],
											"uv": [ 4.5, 17.0 ],
											"rotationOrigin": [ 0.5, 4.2, 0.6 ],
											"faces": {
												"north": { "texture": "#forlorn", "uv": [ 4.5, 18.0, 6.0, 19.0 ] },
												"east": { "texture": "#forlorn", "uv": [ 6.0, 18.0, 7.5, 19.0 ] },
												"south": { "texture": "#forlorn", "uv": [ 7.5, 18.0, 9.0, 19.0 ] },
												"west": { "texture": "#forlorn", "uv": [ 9.0, 18.0, 10.5, 19.0 ] },
												"up": { "texture": "#forlorn", "uv": [ 4.5, 17.0, 6.0, 18.0 ] },
												"down": { "texture": "#forlorn", "uv": [ 6.0, 17.0, 7.5, 18.0 ] }
											}
										}
									]
								}
							]
						}
					]
				}
			]
		}
	]}