{
	"editor": {
		"backDropShape": "entity/humanoid/seraph-hairless",
		"collapsedPaths": "Root/Hair-Base/hair-uncovered,Root/Hair-Base/hair-uncovered/ponytailhigh,Root/Hair-Base/hairu-ncovered/Mane1",
		"allAngles": true,
		"entityTextureMode": true
	},
	"textureWidth": 48,
	"textureHeight": 48,
	"textureSizes": {
		"hair": [48,48],
		"reedrope": [16,16],
		"lapislazuli": [16,16]
	},
	"textures": {
		"hair": "entity/humanoid/seraphskinparts/hair/lightgray"
	},
	"elements": [
		{
			"name": "Hair-Base",
			"stepParentName": "Head",
			"from": [ -0.3, -3.2, -0.3 ],
			"to": [ 5.7, 5.3, 5.2 ],
			"renderPass": 1,
			"autoUnwrap": false,
			"uv": [ 0.0, 0.0 ],
			"rotationOrigin": [ 2.5, 3.0, 2.5 ],
			"faces": {
			},
			"children": [
				{
					"name": "hair-uncovered",
					"from": [ 3.0, 6.0, 2.8 ],
					"to": [ 3.0, 6.0, 2.8 ],
					"uv": [ 0.0, 0.0 ],
					"rotationOrigin": [ 3.0, 6.0, 2.8 ],
					"faces": {
					},
					"children": [
						{
							"name": "Hair-back1",
							"from": [ 1.8, -2.0, -1.51 ],
							"to": [ 2.8, 2.0, 1.47 ],
							"renderPass": 1,
							"autoUnwrap": false,
							"uv": [ 17.0, 2.0 ],
							"rotationOrigin": [ 2.8, 2.0, 0.0 ],
							"rotationZ": 20.0,
							"faces": {
								"north": { "texture": "#hair", "uv": [ 17.0, 2.0, 18.0, 6.0 ] },
								"east": { "texture": "#hair", "uv": [ 18.0, 2.0, 20.5, 6.0 ] },
								"south": { "texture": "#hair", "uv": [ 22.5, 2.0, 23.5, 6.0 ] },
								"up": { "texture": "#hair", "uv": [ 25.0, 0.5, 26.0, 3.0 ], "windMode": [-1,-1,-1,-1], "windData": [1,1,1,1] }
							}
						},
						{
							"name": "Hair-back2",
							"from": [ 1.6, -3.0, -1.49 ],
							"to": [ 2.6, 0.0, 1.49 ],
							"renderPass": 1,
							"uv": [ 16.0, 3.0 ],
							"rotationOrigin": [ 2.6, -2.0, 0.0 ],
							"rotationZ": -20.0,
							"faces": {
								"north": { "texture": "#hair", "uv": [ 16.0, 3.0, 17.0, 6.0 ] },
								"east": { "texture": "#hair", "uv": [ 17.0, 3.0, 19.5, 6.0 ] },
								"south": { "texture": "#hair", "uv": [ 19.5, 3.0, 20.5, 6.0 ] }
							}
						},
						{
							"name": "Hair-Up1",
							"from": [ -2.9, 0.5, -1.51 ],
							"to": [ 1.6, 2.5, 1.51 ],
							"renderPass": 1,
							"autoUnwrap": false,
							"uv": [ 19.5, 16.5 ],
							"rotationOrigin": [ -2.9, 2.5, 0.0 ],
							"rotationZ": 15.0,
							"faces": {
								"north": { "texture": "#hair", "uv": [ 20.0, 23.5, 22.0, 28.0 ], "rotation": 90 },
								"south": { "texture": "#hair", "uv": [ 21.5, 25.0, 23.5, 29.5 ], "rotation": 270 },
								"west": { "texture": "#hair", "uv": [ 12.0, 36.0, 15.0, 38.0 ], "windMode": [-1,-1,-1,-1], "windData": [1,1,1,1] },
								"up": { "texture": "#hair", "uv": [ 1.0, 10.5, 4.0, 15.0 ], "rotation": 270 }
							}
						},
						{
							"name": "Hair-Up2",
							"from": [ -0.5, 2.1, -1.5 ],
							"to": [ 3.5, 3.1, 1.5 ],
							"renderPass": 1,
							"autoUnwrap": false,
							"uv": [ 19.5, 16.5 ],
							"rotationOrigin": [ -0.5, 3.1, 1.0 ],
							"rotationZ": 3.0,
							"faces": {
								"north": { "texture": "#hair", "uv": [ 21.0, 27.5, 25.0, 28.5 ], "windMode": [-1,-1,-1,-1], "windData": [1,1,1,1] },
								"south": { "texture": "#hair", "uv": [ 18.5, 4.0, 22.5, 5.0 ], "windMode": [-1,-1,-1,-1], "windData": [1,1,1,1] },
								"west": { "texture": "#hair", "uv": [ 12.0, 4.5, 15.0, 5.5 ], "windMode": [-1,-1,-1,-1], "windData": [1,1,1,1] },
								"up": { "texture": "#hair", "uv": [ 18.0, 1.5, 21.0, 5.5 ], "rotation": 270, "windMode": [-1,-1,-1,-1], "windData": [1,1,1,1] }
							}
						},
						{
							"name": "Mane1",
							"from": [ -1.4, -0.5, -1.4 ],
							"to": [ 3.6, 2.1, 1.3 ],
							"renderPass": 1,
							"autoUnwrap": false,
							"uv": [ 22.0, 28.0 ],
							"rotationOrigin": [ -1.4, 1.5, 0.6 ],
							"rotationZ": 22.5,
							"faces": {
								"north": { "texture": "#hair", "uv": [ 34.5, 36.5, 37.0, 41.5 ], "rotation": 90 },
								"south": { "texture": "#hair", "uv": [ 37.5, 36.5, 40.0, 41.5 ], "rotation": 270, "windMode": [-1,-1,-1,-1], "windData": [1,1,1,1] },
								"west": { "texture": "#hair", "uv": [ 24.5, 1.5, 27.0, 4.0 ], "windMode": [-1,-1,-1,-1], "windData": [1,1,1,1] },
								"up": { "texture": "#hair", "uv": [ 35.5, 36.0, 38.0, 41.0 ], "rotation": 270, "windMode": [-1,-1,-1,-1], "windData": [1,1,1,1] },
								"down": { "texture": "#hair", "uv": [ 34.5, 36.0, 37.0, 41.0 ], "rotation": 90, "windMode": [-1,-1,-1,-1], "windData": [1,1,1,1] }
							},
							"children": [
								{
									"name": "Mane2",
									"from": [ 1.0, -3.6, -0.1 ],
									"to": [ 4.0, 1.4, 2.9 ],
									"renderPass": 1,
									"autoUnwrap": false,
									"uv": [ 26.0, 29.0 ],
									"rotationOrigin": [ 2.5, 1.4, 1.4 ],
									"rotationZ": 22.5,
									"faces": {
										"north": { "texture": "#hair", "uv": [ 14.0, 1.0, 17.0, 6.0 ] },
										"east": { "texture": "#hair", "uv": [ 18.0, 1.0, 21.0, 6.0 ] },
										"south": { "texture": "#hair", "uv": [ 15.5, 1.0, 18.5, 6.0 ] },
										"west": { "texture": "#hair", "uv": [ 20.5, 1.0, 23.5, 6.0 ] }
									},
									"children": [
										{
											"name": "Mane4",
											"from": [ 0.5, -2.0, 0.4 ],
											"to": [ 2.5, 2.0, 2.4 ],
											"renderPass": 1,
											"uv": [ 14.0, 2.0 ],
											"rotationOrigin": [ 1.5, 2.0, 1.4 ],
											"rotationZ": -22.5,
											"faces": {
												"north": { "texture": "#hair", "uv": [ 14.0, 2.0, 16.0, 6.0 ] },
												"east": { "texture": "#hair", "uv": [ 16.0, 2.0, 18.0, 6.0 ] },
												"south": { "texture": "#hair", "uv": [ 18.0, 2.0, 20.0, 6.0 ] },
												"west": { "texture": "#hair", "uv": [ 20.0, 2.0, 22.0, 6.0 ] }
											}
										}
									]
								},
								{
									"name": "Mane3",
									"from": [ 3.0, 0.0, 0.4 ],
									"to": [ 7.0, 2.0, 2.4 ],
									"renderPass": 1,
									"autoUnwrap": false,
									"uv": [ 24.5, 33.0 ],
									"rotationOrigin": [ 3.0, 1.0, 1.4 ],
									"rotationZ": -22.5,
									"faces": {
										"north": { "texture": "#hair", "uv": [ 30.5, 39.5, 32.5, 43.5 ], "rotation": 90 },
										"south": { "texture": "#hair", "uv": [ 30.0, 39.5, 32.0, 43.5 ], "rotation": 270 },
										"up": { "texture": "#hair", "uv": [ 28.5, 39.5, 30.5, 43.5 ], "rotation": 270 },
										"down": { "texture": "#hair", "uv": [ 28.0, 39.5, 30.0, 43.5 ], "rotation": 90 }
									}
								}
							]
						},
						{
							"name": "Hair1",
							"from": [ -0.8, 2.1, -1.5 ],
							"to": [ -0.8, 5.2, 1.5 ],
							"renderPass": 1,
							"autoUnwrap": false,
							"uv": [ 21.0, 26.0 ],
							"rotationOrigin": [ -0.8, 2.1, 0.0 ],
							"rotationZ": -45.0,
							"faces": {
								"west": { "texture": "#hair", "uv": [ 38.0, 19.5, 41.0, 22.5 ], "rotation": 180, "windMode": [-1,-1,-1,-1], "windData": [1,1,1,1] }
							}
						},
						{
							"name": "Hair2",
							"from": [ 1.6, -1.5, -1.0 ],
							"to": [ 4.6, 2.5, -1.0 ],
							"renderPass": 1,
							"autoUnwrap": false,
							"uv": [ 19.5, 24.0 ],
							"rotationOrigin": [ 1.6, -0.5, -1.0 ],
							"rotationY": 22.5,
							"faces": {
								"north": { "texture": "#hair", "uv": [ 20.0, 26.0, 24.0, 29.0 ], "rotation": 90 }
							}
						},
						{
							"name": "Hair3",
							"from": [ -2.4, 1.8, -1.6 ],
							"to": [ 0.6, 1.8, 1.4 ],
							"renderPass": 1,
							"autoUnwrap": false,
							"uv": [ 21.0, 26.0 ],
							"rotationOrigin": [ -2.4, 1.8, 0.9 ],
							"rotationZ": 25.0,
							"faces": {
								"up": { "texture": "#hair", "uv": [ 17.5, 3.0, 20.5, 6.0 ], "rotation": 270, "windMode": [-1,-1,-1,-1], "windData": [1,1,1,1] }
							}
						},
						{
							"name": "Hair4",
							"from": [ 1.6, -1.5, 1.0 ],
							"to": [ 4.6, 2.5, 1.0 ],
							"renderPass": 1,
							"autoUnwrap": false,
							"uv": [ 19.5, 24.0 ],
							"rotationOrigin": [ 1.6, -0.5, 1.0 ],
							"rotationY": -22.5,
							"faces": {
								"south": { "texture": "#hair", "uv": [ 21.5, 26.0, 25.5, 29.0 ], "rotation": 270, "windMode": [-1,-1,-1,-1], "windData": [1,1,1,1] }
							}
						}
					]
				},
				{
					"name": "ponytaillow",
					"from": [ 5.8, 6.2, 2.8 ],
					"to": [ 5.8, 6.2, 2.8 ],
					"uv": [ 0.0, 0.0 ],
					"rotationOrigin": [ 5.8, 6.2, 2.8 ],
					"faces": {
					},
					"children": [
						{
							"name": "tail1",
							"from": [ -0.5, -4.0, -0.5 ],
							"to": [ 0.5, 1.0, 0.5 ],
							"uv": [ 24.0, 31.0 ],
							"rotationOrigin": [ 0.0, 1.0, 0.0 ],
							"rotationZ": 11.0,
							"faces": {
								"north": { "texture": "#hair", "uv": [ 24.0, 32.0, 25.0, 37.0 ] },
								"east": { "texture": "#hair", "uv": [ 25.0, 32.0, 26.0, 37.0 ] },
								"south": { "texture": "#hair", "uv": [ 26.0, 32.0, 27.0, 37.0 ] },
								"west": { "texture": "#hair", "uv": [ 27.0, 32.0, 28.0, 37.0 ] },
								"up": { "texture": "#hair", "uv": [ 24.0, 31.0, 25.0, 32.0 ] }
							},
							"children": [
								{
									"name": "tail2",
									"from": [ 0.0, -4.8, 0.0 ],
									"to": [ 1.0, 0.2, 1.0 ],
									"uv": [ 24.0, 33.0 ],
									"rotationOrigin": [ 0.5, 0.2, 0.5 ],
									"rotationY": 1.0,
									"rotationZ": -8.0,
									"faces": {
										"north": { "texture": "#hair", "uv": [ 24.0, 33.0, 25.0, 38.0 ] },
										"east": { "texture": "#hair", "uv": [ 25.0, 33.0, 26.0, 38.0 ] },
										"south": { "texture": "#hair", "uv": [ 26.0, 33.0, 27.0, 38.0 ] },
										"west": { "texture": "#hair", "uv": [ 27.0, 33.0, 28.0, 38.0 ] }
									},
									"children": [
										{
											"name": "tip",
											"from": [ 0.0, -2.8, 0.0 ],
											"to": [ 1.0, 0.2, 1.0 ],
											"uv": [ 24.0, 37.0 ],
											"rotationOrigin": [ 0.5, 0.2, 0.5 ],
											"rotationY": 1.0,
											"rotationZ": 14.0,
											"faces": {
												"north": { "texture": "#hair", "uv": [ 24.0, 38.0, 25.0, 41.0 ] },
												"east": { "texture": "#hair", "uv": [ 25.0, 38.0, 26.0, 41.0 ] },
												"south": { "texture": "#hair", "uv": [ 26.0, 38.0, 27.0, 41.0 ] },
												"west": { "texture": "#hair", "uv": [ 27.0, 38.0, 28.0, 41.0 ] }
											}
										}
									]
								},
								{
									"name": "L1",
									"from": [ 0.8, 0.5, 1.0 ],
									"to": [ 0.8, 5.5, 3.0 ],
									"uv": [ 31.5, 0.0 ],
									"rotationOrigin": [ 0.8, 4.5, 1.0 ],
									"rotationY": -25.0,
									"faces": {
										"east": { "texture": "#hair", "uv": [ 31.5, 0.0, 33.5, 5.0 ], "windMode": [-1,-1,-1,-1] }
									},
									"children": [
										{
											"name": "L2",
											"from": [ 0.0, -3.0, 0.0 ],
											"to": [ 0.0, 0.0, 2.0 ],
											"uv": [ 31.5, 4.5 ],
											"rotationOrigin": [ 0.0, 0.0, 0.0 ],
											"rotationZ": -8.0,
											"faces": {
												"east": { "texture": "#hair", "uv": [ 31.5, 4.5, 33.5, 7.5 ], "windMode": [-1,-1,-1,-1] }
											}
										}
									]
								},
								{
									"name": "R1",
									"from": [ 0.8, 0.5, -2.0 ],
									"to": [ 0.8, 5.5, 0.0 ],
									"uv": [ 45.5, 0.0 ],
									"rotationOrigin": [ 0.8, 4.5, 0.0 ],
									"rotationY": 25.0,
									"faces": {
										"east": { "texture": "#hair", "uv": [ 45.5, 0.0, 47.5, 5.0 ], "windMode": [-1,-1,-1,-1] }
									},
									"children": [
										{
											"name": "R2",
											"from": [ 0.0, -3.0, 0.0 ],
											"to": [ 0.0, 0.0, 2.0 ],
											"uv": [ 45.5, 4.5 ],
											"rotationOrigin": [ 0.0, 0.0, 2.0 ],
											"rotationZ": -8.0,
											"faces": {
												"east": { "texture": "#hair", "uv": [ 45.5, 4.5, 47.5, 7.5 ], "windMode": [-1,-1,-1,-1] }
											}
										}
									]
								}
							]
						},
						{
							"name": "top",
							"from": [ -1.0, -0.5, -1.0 ],
							"to": [ 0.0, 1.5, 1.0 ],
							"uv": [ 16.5, 4.0 ],
							"rotationOrigin": [ 0.0, 1.5, 0.0 ],
							"rotationZ": 33.0,
							"faces": {
								"north": { "texture": "#hair", "uv": [ 16.5, 4.0, 17.5, 6.0 ] },
								"east": { "texture": "#hair", "uv": [ 17.5, 4.0, 19.5, 6.0 ] },
								"south": { "texture": "#hair", "uv": [ 19.5, 4.0, 20.5, 6.0 ] }
							}
						},
						{
							"name": "L3",
							"from": [ 0.3, -4.0, 0.0 ],
							"to": [ 0.3, 1.0, 2.5 ],
							"uv": [ 31.5, 2.5 ],
							"rotationOrigin": [ 0.3, 1.0, 0.0 ],
							"rotationY": -13.0,
							"rotationZ": 13.0,
							"faces": {
								"east": { "texture": "#hair", "uv": [ 31.5, 2.5, 34.0, 7.5 ], "windMode": [-1,-1,-1,-1], "windData": [1,1,1,1] }
							}
						},
						{
							"name": "R3",
							"from": [ 0.3, -4.0, -2.5 ],
							"to": [ 0.3, 1.0, 0.0 ],
							"uv": [ 45.0, 2.5 ],
							"rotationOrigin": [ 0.3, 1.0, 0.0 ],
							"rotationY": 13.0,
							"rotationZ": 13.0,
							"faces": {
								"east": { "texture": "#hair", "uv": [ 45.0, 2.5, 47.5, 7.5 ], "windMode": [-1,-1,-1,-1], "windData": [1,1,1,1] }
							}
						}
					]
				}
			]
		}
	]}