{
	"editor": {
		"backDropShape": "entity/humanoid/seraph-hairless",
		"allAngles": false,
		"entityTextureMode": true
	},
	"textureWidth": 48,
	"textureHeight": 48,
	"textureSizes": {
		"hair": [48,48],
		"birch": [16,16]
	},
	"textures": {
		"hair": "entity/humanoid/seraphskinparts/hair/lightgray"
	},
	"elements": [
		{
			"name": "origin",
			"stepParentName": "Head",
			"from": [ 0.0, 0.0, 0.0 ],
			"to": [ 1.0, 1.0, 1.0 ],
			"uv": [ 0.0, 0.0 ],
			"faces": {
			},
			"children": [
				{
					"name": "ponytailhigh",
					"from": [ 0.0, 0.0, 0.0 ],
					"to": [ 1.0, 1.0, 1.0 ],
					"uv": [ 0.0, 0.0 ],
					"rotationOrigin": [ 0.5, 0.0, 0.0 ],
					"faces": {
					},
					"children": [
						{
							"name": "BraidTop",
							"from": [ 1.5271, 5.02, 1.45 ],
							"to": [ 6.5271, 6.02, 3.45 ],
							"autoUnwrap": false,
							"uv": [ 17.0, 31.0 ],
							"rotationOrigin": [ 6.5271, 5.0182, 2.0 ],
							"rotationZ": 3.0,
							"faces": {
								"north": { "texture": "#hair", "uv": [ 17.0, 32.0, 22.0, 33.0 ] },
								"east": { "texture": "#hair", "uv": [ 22.0, 32.0, 24.0, 33.0 ] },
								"south": { "texture": "#hair", "uv": [ 19.5, 33.0, 24.5, 34.0 ] },
								"up": { "texture": "#hair", "uv": [ 17.0, 31.0, 22.0, 33.0 ] }
							}
						},
						{
							"name": "ponytailupper",
							"from": [ 5.2, 1.0, 1.4 ],
							"to": [ 6.7, 5.0, 3.5 ],
							"autoUnwrap": false,
							"uv": [ 23.0, 31.0 ],
							"rotationOrigin": [ 5.9, 5.0, 2.4 ],
							"rotationZ": 5.0,
							"faces": {
								"north": { "texture": "#hair", "uv": [ 26.0, 33.0, 27.5, 37.0 ] },
								"east": { "texture": "#hair", "uv": [ 24.5, 32.5, 26.5, 36.5 ] },
								"south": { "texture": "#hair", "uv": [ 26.0, 32.5, 27.5, 36.5 ] },
								"up": { "texture": "#hair", "uv": [ 26.0, 31.0, 27.5, 33.0 ] },
								"down": { "texture": "#hair", "uv": [ 24.5, 31.0, 26.0, 33.0 ] }
							}
						},
						{
							"name": "BraidTop2",
							"from": [ 1.9, 4.1, 1.35 ],
							"to": [ 3.3, 6.1, 3.55 ],
							"autoUnwrap": false,
							"uv": [ 28.5, 35.0 ],
							"rotationOrigin": [ 1.9, 4.1, 1.3 ],
							"rotationZ": 69.0,
							"faces": {
								"north": { "texture": "#hair", "uv": [ 21.0, 33.0, 22.0, 35.0 ], "windMode": [-1,-1,-1,-1], "windData": [1,1,1,1] },
								"east": { "texture": "#hair", "uv": [ 18.0, 32.5, 20.0, 34.5 ], "windMode": [-1,-1,-1,-1], "windData": [1,1,1,1] },
								"south": { "texture": "#hair", "uv": [ 22.0, 31.0, 23.0, 33.0 ], "windMode": [-1,-1,-1,-1], "windData": [1,1,1,1] },
								"west": { "texture": "#hair", "uv": [ 22.0, 33.0, 24.0, 35.0 ], "windMode": [-1,-1,-1,-1], "windData": [1,1,1,1] },
								"up": { "texture": "#hair", "uv": [ 20.0, 33.0, 21.0, 35.0 ], "windMode": [-1,-1,-1,-1], "windData": [1,1,1,1] },
								"down": { "texture": "#hair", "uv": [ 20.5, 31.0, 21.5, 33.0 ], "windMode": [-1,-1,-1,-1], "windData": [1,1,1,1] }
							}
						}
					]
				},
				{
					"name": "ponytaillow",
					"from": [ 0.0, 0.0, 0.0 ],
					"to": [ 1.0, 1.0, 1.0 ],
					"uv": [ 0.0, 0.0 ],
					"rotationOrigin": [ 0.5, 0.0, 0.0 ],
					"faces": {
					},
					"children": [
						{
							"name": "BraidBottom",
							"from": [ 6.1632, -6.79, 1.55 ],
							"to": [ 7.1632, -2.79, 3.25 ],
							"uv": [ 34.0, 38.5 ],
							"rotationOrigin": [ 6.4632, -2.7851, 1.85 ],
							"rotationX": -4.997,
							"rotationY": -0.174,
							"rotationZ": 9.992,
							"faces": {
								"north": { "texture": "#hair", "uv": [ 34.0, 38.5, 35.0, 42.5 ] },
								"east": { "texture": "#hair", "uv": [ 35.0, 38.5, 36.5, 42.5 ] },
								"south": { "texture": "#hair", "uv": [ 36.5, 38.5, 37.5, 42.5 ] },
								"west": { "texture": "#hair", "uv": [ 37.5, 38.5, 39.0, 42.5 ] }
							}
						},
						{
							"name": "BraidBottom6",
							"from": [ 6.1632, -6.69, 1.65 ],
							"to": [ 7.1632, -2.69, 3.25 ],
							"uv": [ 34.0, 37.5 ],
							"rotationOrigin": [ 6.4632, -2.6851, 1.95 ],
							"rotationX": 4.997,
							"rotationY": 0.174,
							"rotationZ": -7.008,
							"faces": {
								"north": { "texture": "#hair", "uv": [ 34.0, 37.5, 35.0, 41.5 ] },
								"east": { "texture": "#hair", "uv": [ 35.0, 37.5, 36.5, 41.5 ] },
								"south": { "texture": "#hair", "uv": [ 36.5, 37.5, 37.5, 41.5 ] },
								"west": { "texture": "#hair", "uv": [ 37.5, 37.5, 39.0, 41.5 ] }
							}
						},
						{
							"name": "BraidEx2",
							"from": [ 5.43, -2.7874, 1.45 ],
							"to": [ 6.93, 1.2126, 3.45 ],
							"uv": [ 20.0, 31.0 ],
							"rotationOrigin": [ 5.9306, 1.2126, 1.9 ],
							"rotationZ": 5.0,
							"faces": {
								"north": { "texture": "#hair", "uv": [ 20.0, 33.0, 21.5, 37.0 ] },
								"east": { "texture": "#hair", "uv": [ 21.5, 33.0, 23.5, 37.0 ] },
								"south": { "texture": "#hair", "uv": [ 23.5, 33.0, 25.0, 37.0 ] },
								"west": { "texture": "#hair", "uv": [ 25.0, 33.0, 27.0, 37.0 ] },
								"down": { "texture": "#hair", "uv": [ 20.0, 31.0, 21.5, 33.0 ] }
							},
							"children": [
								{
									"name": "BraidExTop",
									"from": [ 0.0, 4.0, 0.05 ],
									"to": [ 1.5, 6.0, 1.65 ],
									"uv": [ 20.0, 31.0 ],
									"rotationOrigin": [ 1.5, 3.998, 0.45 ],
									"rotationZ": 45.0,
									"faces": {
										"north": { "texture": "#hair", "uv": [ 20.0, 32.5, 21.5, 34.5 ] },
										"east": { "texture": "#hair", "uv": [ 21.5, 32.5, 23.0, 34.5 ] },
										"south": { "texture": "#hair", "uv": [ 23.0, 32.5, 24.5, 34.5 ] },
										"west": { "texture": "#hair", "uv": [ 24.5, 32.5, 26.0, 34.5 ] },
										"down": { "texture": "#hair", "uv": [ 20.0, 31.0, 21.5, 32.5 ] }
									}
								}
							]
						}
					]
				}
			]
		}
	]}