{
	"editor": {
		"allAngles": false,
		"entityTextureMode": false
	},
	"textureWidth": 8,
	"textureHeight": 8,
	"textureSizes": {
		"feather": [16,16],
		"blackbronze": [16,16],
		"string": [16,16],
		"arrow": [8,8],
		"aged": [16,16],
		"oak": [16,16],
		"acacia": [16,16],
		"bone": [16,16],
		"stick": [8,8],
		"leather": [16,16]
	},
	"textures": {
		"bone": "game:block/creature/bone",
		"plain2": "game:block/leather/plain",
		"pelt": "game:item/resource/hide/pelt",
		"string": "game:item/tool/material/string"
	},
	"elements": [
		{
			"name": "origin",
			"from": [ 8.0, 0.0, 8.0 ],
			"to": [ 11.0, 0.0, 8.0 ],
			"rotationOrigin": [ 8.0, 0.0, 8.0 ],
			"faces": {
			},
			"children": [
				{
					"name": "BowGrip",
					"from": [ -1.9, -0.5, -0.5 ],
					"to": [ 1.6, 0.5, 0.5 ],
					"rotationOrigin": [ 0.0, 0.0, -0.5 ],
					"faces": {
						"north": { "texture": "#plain2", "uv": [ 2.5, 2.5, 6.0, 3.5 ] },
						"east": { "texture": "#plain2", "uv": [ 3.5, 3.0, 4.5, 4.0 ] },
						"south": { "texture": "#plain2", "uv": [ 4.0, 3.5, 7.5, 4.5 ] },
						"west": { "texture": "#plain2", "uv": [ 5.5, 4.5, 6.5, 5.5 ] },
						"up": { "texture": "#plain2", "uv": [ 4.0, 4.5, 7.5, 5.5 ] },
						"down": { "texture": "#plain2", "uv": [ 4.0, 4.0, 7.5, 5.0 ] }
					},
					"children": [
						{
							"name": "BowLimbDown",
							"from": [ -5.9, 0.1, 0.1 ],
							"to": [ 0.1, 0.9, 0.85 ],
							"rotationOrigin": [ 0.1, 0.4, 0.4 ],
							"rotationY": -5.0,
							"faces": {
								"north": { "texture": "#bone", "uv": [ 1.0, 1.5, 7.0, 2.0 ] },
								"south": { "texture": "#bone", "uv": [ 0.0, 2.5, 6.0, 3.0 ] },
								"west": { "texture": "#bone", "uv": [ 1.0, 1.0, 1.5, 1.5 ] },
								"up": { "texture": "#bone", "uv": [ 1.0, 1.0, 7.0, 1.5 ] },
								"down": { "texture": "#bone", "uv": [ 1.5, 2.0, 7.5, 2.5 ] }
							},
							"children": [
								{
									"name": "BowTipDown",
									"from": [ -6.9, 0.1, 0.1 ],
									"to": [ 0.5, 0.7, 0.65 ],
									"rotationOrigin": [ 0.5, 0.4, 0.4 ],
									"rotationY": 25.0,
									"faces": {
										"north": { "texture": "#bone", "uv": [ 1.0, 3.0, 8.0, 3.5 ] },
										"east": { "texture": "#bone", "uv": [ 1.5, 2.0, 2.0, 2.5 ] },
										"south": { "texture": "#bone", "uv": [ 0.5, 2.5, 7.5, 3.0 ] },
										"west": { "texture": "#bone", "uv": [ 1.0, 1.0, 1.5, 1.5 ] },
										"up": { "texture": "#bone", "uv": [ 0.5, 4.0, 7.5, 4.5 ] },
										"down": { "texture": "#bone", "uv": [ 0.5, 3.5, 7.5, 4.0 ] }
									},
									"children": [
										{
											"name": "BowStringDown1",
											"from": [ 0.6, 0.2, 0.5 ],
											"to": [ 8.8, 0.4, 0.7 ],
											"rotationOrigin": [ 0.6, 0.3, 0.6 ],
											"rotationY": -20.0,
											"faces": {
												"north": { "texture": "#string", "uv": [ 0.0, 0.0, 8.0, 0.25 ] },
												"east": { "texture": "#string", "uv": [ 2.75, 0.0, 3.0, 0.25 ] },
												"south": { "texture": "#string", "uv": [ 0.0, 0.0, 8.0, 0.25 ] },
												"west": { "texture": "#string", "uv": [ 3.25, 0.0, 3.5, 0.25 ] },
												"up": { "texture": "#string", "uv": [ 0.0, 0.0, 8.0, 0.25 ] },
												"down": { "texture": "#string", "uv": [ 0.0, 0.0, 8.0, 0.25 ] }
											},
											"children": [
												{
													"name": "BowStringDown2",
													"from": [ 8.2, 0.0, 0.0 ],
													"to": [ 13.4, 0.2, 0.2 ],
													"rotationOrigin": [ 8.2, 0.0, 0.0 ],
													"faces": {
														"north": { "texture": "#string", "uv": [ 2.0, 0.0, 7.0, 0.25 ] },
														"east": { "texture": "#string", "uv": [ 2.75, 0.0, 3.0, 0.25 ] },
														"south": { "texture": "#string", "uv": [ 2.75, 0.0, 7.75, 0.25 ] },
														"west": { "texture": "#string", "uv": [ 3.5, 0.0, 3.75, 0.25 ] },
														"up": { "texture": "#string", "uv": [ 1.75, 0.0, 6.75, 0.25 ] },
														"down": { "texture": "#string", "uv": [ 1.0, 0.0, 6.0, 0.25 ] }
													}
												}
											]
										},
										{
											"name": "BowNotchDown",
											"from": [ 0.5, -0.2, -0.1 ],
											"to": [ 1.1, 0.8, 0.7 ],
											"rotationOrigin": [ 0.5, 0.3, 0.3 ],
											"faces": {
												"north": { "texture": "#string", "uv": [ 2.0, 0.75, 2.5, 1.75 ] },
												"east": { "texture": "#string", "uv": [ 2.5, 0.5, 3.25, 1.5 ] },
												"south": { "texture": "#string", "uv": [ 2.0, 0.25, 2.5, 1.25 ] },
												"west": { "texture": "#string", "uv": [ 1.5, 0.5, 2.25, 1.5 ] },
												"up": { "texture": "#string", "uv": [ 1.5, 0.25, 2.0, 1.0 ] },
												"down": { "texture": "#string", "uv": [ 1.0, 0.75, 1.5, 1.5 ] }
											}
										},
										{
											"name": "BowCompositeDown2",
											"from": [ -0.2, -0.11, 0.1 ],
											"to": [ 7.3, 0.69, 0.5 ],
											"rotationOrigin": [ 7.2, 0.3, 0.3 ],
											"faces": {
												"north": { "texture": "#bone", "uv": [ 4.0, 5.0, 11.5, 5.5 ] },
												"east": { "texture": "#bone", "uv": [ 0.0, 0.0, 0.5, 0.5 ] },
												"south": { "texture": "#bone", "uv": [ 3.5, 5.0, 11.0, 5.5 ] },
												"west": { "texture": "#bone", "uv": [ 0.0, 0.0, 0.5, 0.5 ] },
												"up": { "texture": "#bone", "uv": [ 4.0, 5.0, 11.5, 5.5 ] },
												"down": { "texture": "#bone", "uv": [ 7.0, 5.0, 14.5, 5.5 ] }
											},
											"children": [
												{
													"name": "BowBumpLover2.1",
													"from": [ 6.8, -0.05, -0.15 ],
													"to": [ 7.1, 0.85, 0.35 ],
													"rotationOrigin": [ 6.8, 0.0, -0.2 ],
													"faces": {
														"north": { "texture": "#bone", "uv": [ 0.0, 0.0, 0.5, 0.5 ] },
														"east": { "texture": "#bone", "uv": [ 0.0, 0.0, 0.5, 0.5 ] },
														"south": { "texture": "#bone", "uv": [ 0.0, 0.0, 0.5, 0.5 ] },
														"west": { "texture": "#bone", "uv": [ 0.0, 0.0, 0.5, 0.5 ] },
														"up": { "texture": "#bone", "uv": [ 0.0, 0.0, 0.5, 0.5 ] },
														"down": { "texture": "#bone", "uv": [ 0.0, 0.0, 0.5, 0.5 ] }
													}
												},
												{
													"name": "BowBumpLover2.2",
													"from": [ 6.4, -0.05, -0.15 ],
													"to": [ 6.7, 0.85, 0.35 ],
													"rotationOrigin": [ 6.4, 0.0, -0.2 ],
													"faces": {
														"north": { "texture": "#bone", "uv": [ 6.5, 5.0, 7.0, 5.5 ] },
														"east": { "texture": "#bone", "uv": [ 7.0, 5.5, 7.5, 6.0 ] },
														"south": { "texture": "#bone", "uv": [ 6.0, 4.5, 6.5, 5.0 ] },
														"west": { "texture": "#bone", "uv": [ 7.0, 5.0, 7.5, 5.5 ] },
														"up": { "texture": "#bone", "uv": [ 7.0, 5.0, 7.5, 5.5 ] },
														"down": { "texture": "#bone", "uv": [ 7.5, 4.5, 8.0, 5.0 ] }
													}
												},
												{
													"name": "BowBumpLover2.3",
													"from": [ 6.0, -0.05, -0.15 ],
													"to": [ 6.3, 0.85, 0.35 ],
													"rotationOrigin": [ 6.0, 0.0, -0.2 ],
													"faces": {
														"north": { "texture": "#bone", "uv": [ 0.0, 0.0, 0.5, 0.5 ] },
														"east": { "texture": "#bone", "uv": [ 0.0, 0.0, 0.5, 0.5 ] },
														"south": { "texture": "#bone", "uv": [ 0.0, 0.0, 0.5, 0.5 ] },
														"west": { "texture": "#bone", "uv": [ 0.0, 0.0, 0.5, 0.5 ] },
														"up": { "texture": "#bone", "uv": [ 0.0, 0.0, 0.5, 0.5 ] },
														"down": { "texture": "#bone", "uv": [ 0.0, 0.0, 0.5, 0.5 ] }
													}
												},
												{
													"name": "BowBumpLover2.4",
													"from": [ 5.6, -0.05, -0.15 ],
													"to": [ 5.9, 0.85, 0.35 ],
													"rotationOrigin": [ 5.6, 0.0, -0.2 ],
													"faces": {
														"north": { "texture": "#bone", "uv": [ 0.0, 0.0, 0.5, 0.5 ] },
														"east": { "texture": "#bone", "uv": [ 0.0, 0.0, 0.5, 0.5 ] },
														"south": { "texture": "#bone", "uv": [ 0.0, 0.0, 0.5, 0.5 ] },
														"west": { "texture": "#bone", "uv": [ 0.0, 0.0, 0.5, 0.5 ] },
														"up": { "texture": "#bone", "uv": [ 0.0, 0.0, 0.5, 0.5 ] },
														"down": { "texture": "#bone", "uv": [ 0.0, 0.0, 0.5, 0.5 ] }
													}
												},
												{
													"name": "BowBumpLover2.5",
													"from": [ 5.2, -0.05, -0.15 ],
													"to": [ 5.5, 0.85, 0.35 ],
													"rotationOrigin": [ 5.2, 0.0, -0.2 ],
													"faces": {
														"north": { "texture": "#bone", "uv": [ 0.0, 0.0, 0.5, 0.5 ] },
														"east": { "texture": "#bone", "uv": [ 0.0, 0.0, 0.5, 0.5 ] },
														"south": { "texture": "#bone", "uv": [ 0.0, 0.0, 0.5, 0.5 ] },
														"west": { "texture": "#bone", "uv": [ 0.0, 0.0, 0.5, 0.5 ] },
														"up": { "texture": "#bone", "uv": [ 0.0, 0.0, 0.5, 0.5 ] },
														"down": { "texture": "#bone", "uv": [ 0.0, 0.0, 0.5, 0.5 ] }
													}
												},
												{
													"name": "BowBumpLover2.6",
													"from": [ 4.8, -0.05, -0.15 ],
													"to": [ 5.1, 0.85, 0.35 ],
													"rotationOrigin": [ 4.8, 0.0, -0.2 ],
													"faces": {
														"north": { "texture": "#bone", "uv": [ 0.0, 0.0, 0.5, 0.5 ] },
														"east": { "texture": "#bone", "uv": [ 0.0, 0.0, 0.5, 0.5 ] },
														"south": { "texture": "#bone", "uv": [ 0.0, 0.0, 0.5, 0.5 ] },
														"west": { "texture": "#bone", "uv": [ 0.0, 0.0, 0.5, 0.5 ] },
														"up": { "texture": "#bone", "uv": [ 0.0, 0.0, 0.5, 0.5 ] },
														"down": { "texture": "#bone", "uv": [ 0.0, 0.0, 0.5, 0.5 ] }
													}
												},
												{
													"name": "BowBumpLover2.7",
													"from": [ 4.4, -0.05, -0.15 ],
													"to": [ 4.7, 0.85, 0.35 ],
													"rotationOrigin": [ 4.4, 0.0, -0.2 ],
													"faces": {
														"north": { "texture": "#bone", "uv": [ 0.0, 0.0, 0.5, 0.5 ] },
														"east": { "texture": "#bone", "uv": [ 0.0, 0.0, 0.5, 0.5 ] },
														"south": { "texture": "#bone", "uv": [ 0.0, 0.0, 0.5, 0.5 ] },
														"west": { "texture": "#bone", "uv": [ 0.0, 0.0, 0.5, 0.5 ] },
														"up": { "texture": "#bone", "uv": [ 0.0, 0.0, 0.5, 0.5 ] },
														"down": { "texture": "#bone", "uv": [ 0.0, 0.0, 0.5, 0.5 ] }
													}
												},
												{
													"name": "BowBumpLover2.8",
													"from": [ 4.1, -0.05, -0.15 ],
													"to": [ 4.35, 0.85, 0.35 ],
													"rotationOrigin": [ 4.1, 0.0, -0.2 ],
													"faces": {
														"north": { "texture": "#bone", "uv": [ 2.0, 6.5, 2.5, 7.0 ] },
														"east": { "texture": "#bone", "uv": [ 1.5, 7.0, 2.0, 7.5 ] },
														"south": { "texture": "#bone", "uv": [ 2.0, 6.5, 2.5, 7.0 ] },
														"west": { "texture": "#bone", "uv": [ 1.5, 5.0, 2.0, 5.5 ] },
														"up": { "texture": "#bone", "uv": [ 2.5, 6.0, 3.0, 6.5 ] },
														"down": { "texture": "#bone", "uv": [ 2.0, 4.5, 2.5, 5.0 ] }
													}
												},
												{
													"name": "BowBumpLover2.9",
													"from": [ 3.8, -0.05, -0.15 ],
													"to": [ 4.05, 0.85, 0.35 ],
													"rotationOrigin": [ 3.8, 0.0, -0.2 ],
													"faces": {
														"north": { "texture": "#bone", "uv": [ 0.0, 0.0, 0.5, 0.5 ] },
														"east": { "texture": "#bone", "uv": [ 0.0, 0.0, 0.5, 0.5 ] },
														"south": { "texture": "#bone", "uv": [ 0.0, 0.0, 0.5, 0.5 ] },
														"west": { "texture": "#bone", "uv": [ 0.0, 0.0, 0.5, 0.5 ] },
														"up": { "texture": "#bone", "uv": [ 0.0, 0.0, 0.5, 0.5 ] },
														"down": { "texture": "#bone", "uv": [ 0.0, 0.0, 0.5, 0.5 ] }
													}
												},
												{
													"name": "BowBumpLover2.10",
													"from": [ 3.5, -0.05, -0.15 ],
													"to": [ 3.75, 0.85, 0.35 ],
													"rotationOrigin": [ 3.5, 0.0, -0.2 ],
													"faces": {
														"north": { "texture": "#bone", "uv": [ 0.0, 0.0, 0.5, 0.5 ] },
														"east": { "texture": "#bone", "uv": [ 0.0, 0.0, 0.5, 0.5 ] },
														"south": { "texture": "#bone", "uv": [ 0.0, 0.0, 0.5, 0.5 ] },
														"west": { "texture": "#bone", "uv": [ 0.0, 0.0, 0.5, 0.5 ] },
														"up": { "texture": "#bone", "uv": [ 0.0, 0.0, 0.5, 0.5 ] },
														"down": { "texture": "#bone", "uv": [ 0.0, 0.0, 0.5, 0.5 ] }
													}
												},
												{
													"name": "BowBumpLover2.11",
													"from": [ 3.2, -0.05, -0.15 ],
													"to": [ 3.45, 0.85, 0.35 ],
													"rotationOrigin": [ 3.2, 0.0, -0.2 ],
													"faces": {
														"north": { "texture": "#bone", "uv": [ 0.0, 0.0, 0.5, 0.5 ] },
														"east": { "texture": "#bone", "uv": [ 0.0, 0.0, 0.5, 0.5 ] },
														"south": { "texture": "#bone", "uv": [ 0.0, 0.0, 0.5, 0.5 ] },
														"west": { "texture": "#bone", "uv": [ 0.0, 0.0, 0.5, 0.5 ] },
														"up": { "texture": "#bone", "uv": [ 0.0, 0.0, 0.5, 0.5 ] },
														"down": { "texture": "#bone", "uv": [ 0.0, 0.0, 0.5, 0.5 ] }
													}
												},
												{
													"name": "BowBumpLover2.12",
													"from": [ 2.9, -0.05, -0.15 ],
													"to": [ 3.15, 0.85, 0.35 ],
													"rotationOrigin": [ 2.9, 0.0, -0.2 ],
													"faces": {
														"north": { "texture": "#bone", "uv": [ 7.5, 5.0, 8.0, 5.5 ] },
														"east": { "texture": "#bone", "uv": [ 7.5, 5.0, 8.0, 5.5 ] },
														"south": { "texture": "#bone", "uv": [ 6.5, 5.0, 7.0, 5.5 ] },
														"west": { "texture": "#bone", "uv": [ 1.5, 8.0, 2.0, 8.5 ] },
														"up": { "texture": "#bone", "uv": [ 2.5, 7.5, 3.0, 8.0 ] },
														"down": { "texture": "#bone", "uv": [ 1.5, 8.5, 2.0, 9.0 ] }
													}
												},
												{
													"name": "BowBumpLover2.13",
													"from": [ 2.9, -0.05, -0.15 ],
													"to": [ 3.15, 0.85, 0.35 ],
													"rotationOrigin": [ 2.9, 0.0, -0.2 ],
													"faces": {
														"north": { "texture": "#bone", "uv": [ 0.0, 0.0, 0.5, 0.5 ] },
														"east": { "texture": "#bone", "uv": [ 0.0, 0.0, 0.5, 0.5 ] },
														"south": { "texture": "#bone", "uv": [ 0.0, 0.0, 0.5, 0.5 ] },
														"west": { "texture": "#bone", "uv": [ 0.0, 0.0, 0.5, 0.5 ] },
														"up": { "texture": "#bone", "uv": [ 0.0, 0.0, 0.5, 0.5 ] },
														"down": { "texture": "#bone", "uv": [ 0.0, 0.0, 0.5, 0.5 ] }
													}
												},
												{
													"name": "BowBumpLover2.14",
													"from": [ 2.6, -0.05, -0.15 ],
													"to": [ 2.85, 0.85, 0.35 ],
													"rotationOrigin": [ 2.6, 0.0, -0.2 ],
													"faces": {
														"north": { "texture": "#bone", "uv": [ 0.0, 0.0, 0.5, 0.5 ] },
														"east": { "texture": "#bone", "uv": [ 0.0, 0.0, 0.5, 0.5 ] },
														"south": { "texture": "#bone", "uv": [ 0.0, 0.0, 0.5, 0.5 ] },
														"west": { "texture": "#bone", "uv": [ 0.0, 0.0, 0.5, 0.5 ] },
														"up": { "texture": "#bone", "uv": [ 0.0, 0.0, 0.5, 0.5 ] },
														"down": { "texture": "#bone", "uv": [ 0.0, 0.0, 0.5, 0.5 ] }
													}
												},
												{
													"name": "BowBumpLover2.15",
													"from": [ 2.35, -0.05, -0.15 ],
													"to": [ 2.55, 0.85, 0.35 ],
													"rotationOrigin": [ 2.3, 0.0, -0.2 ],
													"faces": {
														"north": { "texture": "#bone", "uv": [ 4.0, 9.5, 4.5, 10.0 ] },
														"east": { "texture": "#bone", "uv": [ 4.0, 9.5, 4.5, 10.0 ] },
														"south": { "texture": "#bone", "uv": [ 4.0, 9.5, 4.5, 10.0 ] },
														"west": { "texture": "#bone", "uv": [ 4.0, 9.0, 4.5, 9.5 ] },
														"up": { "texture": "#bone", "uv": [ 3.5, 9.5, 4.0, 10.0 ] },
														"down": { "texture": "#bone", "uv": [ 3.5, 8.0, 4.0, 8.5 ] }
													}
												},
												{
													"name": "BowBumpLover2.16",
													"from": [ 2.1, -0.05, -0.15 ],
													"to": [ 2.3, 0.85, 0.35 ],
													"rotationOrigin": [ 2.0, 0.0, -0.2 ],
													"faces": {
														"north": { "texture": "#bone", "uv": [ 0.0, 0.0, 0.5, 0.5 ] },
														"east": { "texture": "#bone", "uv": [ 0.0, 0.0, 0.5, 0.5 ] },
														"south": { "texture": "#bone", "uv": [ 0.0, 0.0, 0.5, 0.5 ] },
														"west": { "texture": "#bone", "uv": [ 0.0, 0.0, 0.5, 0.5 ] },
														"up": { "texture": "#bone", "uv": [ 0.0, 0.0, 0.5, 0.5 ] },
														"down": { "texture": "#bone", "uv": [ 0.0, 0.0, 0.5, 0.5 ] }
													}
												},
												{
													"name": "BowBumpLover2.17",
													"from": [ 1.85, -0.05, -0.15 ],
													"to": [ 2.05, 0.85, 0.35 ],
													"rotationOrigin": [ 1.7, 0.0, -0.2 ],
													"faces": {
														"north": { "texture": "#bone", "uv": [ 0.0, 0.0, 0.5, 0.5 ] },
														"east": { "texture": "#bone", "uv": [ 0.0, 0.0, 0.5, 0.5 ] },
														"south": { "texture": "#bone", "uv": [ 0.0, 0.0, 0.5, 0.5 ] },
														"west": { "texture": "#bone", "uv": [ 0.0, 0.0, 0.5, 0.5 ] },
														"up": { "texture": "#bone", "uv": [ 0.0, 0.0, 0.5, 0.5 ] },
														"down": { "texture": "#bone", "uv": [ 0.0, 0.0, 0.5, 0.5 ] }
													},
													"children": [
														{
															"name": "BowBumpLover2.18",
															"from": [ -0.25, 0.0, 0.0 ],
															"to": [ -0.05, 0.9, 0.5 ],
															"rotationOrigin": [ -0.45, 0.05, -0.05 ],
															"faces": {
																"north": { "texture": "#bone", "uv": [ 0.0, 0.0, 0.5, 0.5 ] },
																"east": { "texture": "#bone", "uv": [ 0.0, 0.0, 0.5, 0.5 ] },
																"south": { "texture": "#bone", "uv": [ 0.0, 0.0, 0.5, 0.5 ] },
																"west": { "texture": "#bone", "uv": [ 0.0, 0.0, 0.5, 0.5 ] },
																"up": { "texture": "#bone", "uv": [ 0.0, 0.0, 0.5, 0.5 ] },
																"down": { "texture": "#bone", "uv": [ 0.0, 0.0, 0.5, 0.5 ] }
															}
														},
														{
															"name": "BowBumpLover2.19",
															"from": [ -0.5, 0.0, 0.0 ],
															"to": [ -0.3, 0.9, 0.5 ],
															"rotationOrigin": [ -0.75, 0.05, -0.05 ],
															"faces": {
																"north": { "texture": "#bone", "uv": [ 0.0, 0.0, 0.5, 0.5 ] },
																"east": { "texture": "#bone", "uv": [ 0.0, 0.0, 0.5, 0.5 ] },
																"south": { "texture": "#bone", "uv": [ 0.0, 0.0, 0.5, 0.5 ] },
																"west": { "texture": "#bone", "uv": [ 0.0, 0.0, 0.5, 0.5 ] },
																"up": { "texture": "#bone", "uv": [ 0.0, 0.0, 0.5, 0.5 ] },
																"down": { "texture": "#bone", "uv": [ 0.0, 0.0, 0.5, 0.5 ] }
															}
														},
														{
															"name": "BowBumpLover2.20",
															"from": [ -0.7, 0.0, 0.0 ],
															"to": [ -0.5, 0.9, 0.5 ],
															"rotationOrigin": [ -0.95, 0.05, -0.05 ],
															"faces": {
																"north": { "texture": "#bone", "uv": [ 0.0, 0.0, 0.5, 0.5 ] },
																"east": { "texture": "#bone", "uv": [ 0.0, 0.0, 0.5, 0.5 ] },
																"south": { "texture": "#bone", "uv": [ 0.0, 0.0, 0.5, 0.5 ] },
																"west": { "texture": "#bone", "uv": [ 0.0, 0.0, 0.5, 0.5 ] },
																"up": { "texture": "#bone", "uv": [ 0.0, 0.0, 0.5, 0.5 ] },
																"down": { "texture": "#bone", "uv": [ 0.0, 0.0, 0.5, 0.5 ] }
															}
														},
														{
															"name": "BowBumpLover2.21",
															"from": [ -1.2, 0.0, 0.0 ],
															"to": [ -1.0, 0.9, 0.5 ],
															"rotationOrigin": [ -1.45, 0.05, -0.05 ],
															"faces": {
																"north": { "texture": "#bone", "uv": [ 0.0, 0.0, 0.5, 0.5 ] },
																"east": { "texture": "#bone", "uv": [ 0.0, 0.0, 0.5, 0.5 ] },
																"south": { "texture": "#bone", "uv": [ 0.0, 0.0, 0.5, 0.5 ] },
																"west": { "texture": "#bone", "uv": [ 0.0, 0.0, 0.5, 0.5 ] },
																"up": { "texture": "#bone", "uv": [ 0.0, 0.0, 0.5, 0.5 ] },
																"down": { "texture": "#bone", "uv": [ 0.0, 0.0, 0.5, 0.5 ] }
															}
														},
														{
															"name": "BowBumpLover2.22",
															"from": [ -1.45, 0.0, 0.0 ],
															"to": [ -1.25, 0.9, 0.5 ],
															"rotationOrigin": [ -1.75, 0.05, -0.05 ],
															"faces": {
																"north": { "texture": "#bone", "uv": [ 0.0, 0.0, 0.5, 0.5 ] },
																"east": { "texture": "#bone", "uv": [ 0.0, 0.0, 0.5, 0.5 ] },
																"south": { "texture": "#bone", "uv": [ 0.0, 0.0, 0.5, 0.5 ] },
																"west": { "texture": "#bone", "uv": [ 0.0, 0.0, 0.5, 0.5 ] },
																"up": { "texture": "#bone", "uv": [ 0.0, 0.0, 0.5, 0.5 ] },
																"down": { "texture": "#bone", "uv": [ 0.0, 0.0, 0.5, 0.5 ] }
															}
														},
														{
															"name": "BowBumpLover2.23",
															"from": [ -1.7, 0.0, 0.0 ],
															"to": [ -1.5, 0.9, 0.5 ],
															"rotationOrigin": [ -2.05, 0.05, -0.05 ],
															"faces": {
																"north": { "texture": "#bone", "uv": [ 0.0, 0.0, 0.5, 0.5 ] },
																"east": { "texture": "#bone", "uv": [ 0.0, 0.0, 0.5, 0.5 ] },
																"south": { "texture": "#bone", "uv": [ 0.0, 0.0, 0.5, 0.5 ] },
																"west": { "texture": "#bone", "uv": [ 0.0, 0.0, 0.5, 0.5 ] },
																"up": { "texture": "#bone", "uv": [ 0.0, 0.0, 0.5, 0.5 ] },
																"down": { "texture": "#bone", "uv": [ 0.0, 0.0, 0.5, 0.5 ] }
															}
														}
													]
												},
												{
													"name": "BowHornLover",
													"from": [ -1.3, 0.05, 0.65 ],
													"to": [ 0.1, 0.75, 1.05 ],
													"rotationOrigin": [ -1.3, 0.0, 0.6 ],
													"rotationY": 22.5,
													"faces": {
														"north": { "texture": "#bone", "uv": [ 0.0, 0.0, 1.0, 0.5 ] },
														"east": { "texture": "#bone", "uv": [ 0.0, 0.0, 0.5, 0.5 ] },
														"south": { "texture": "#bone", "uv": [ 0.0, 0.0, 1.0, 0.5 ] },
														"west": { "texture": "#bone", "uv": [ 0.0, 0.0, 0.5, 0.5 ] },
														"up": { "texture": "#bone", "uv": [ 0.0, 0.0, 1.0, 0.5 ] },
														"down": { "texture": "#bone", "uv": [ 0.0, 0.0, 1.0, 0.5 ] }
													}
												}
											]
										}
									]
								},
								{
									"name": "BowCompositeDown1",
									"from": [ -0.1, -0.1, 0.1 ],
									"to": [ 5.9, 0.9, 0.7 ],
									"rotationOrigin": [ 5.9, 0.5, 0.4 ],
									"faces": {
										"north": { "texture": "#bone", "uv": [ 4.5, 5.0, 10.5, 6.0 ] },
										"east": { "texture": "#bone", "uv": [ 0.0, 0.0, 0.5, 1.0 ] },
										"south": { "texture": "#bone", "uv": [ 4.0, 4.5, 10.0, 5.5 ] },
										"west": { "texture": "#bone", "uv": [ 0.0, 0.0, 0.5, 1.0 ] },
										"up": { "texture": "#bone", "uv": [ 4.5, 5.0, 10.5, 5.5 ] },
										"down": { "texture": "#bone", "uv": [ 5.0, 5.5, 11.0, 6.0 ] }
									},
									"children": [
										{
											"name": "HornBumpLover1.1",
											"from": [ 5.5, -0.05, -0.2 ],
											"to": [ 5.9, 1.05, 0.55 ],
											"rotationOrigin": [ 5.5, 0.0, -0.2 ],
											"faces": {
												"north": { "texture": "#bone", "uv": [ 0.0, 0.0, 0.5, 1.0 ] },
												"east": { "texture": "#bone", "uv": [ 0.0, 0.0, 0.5, 1.0 ] },
												"south": { "texture": "#bone", "uv": [ 0.0, 0.0, 0.5, 1.0 ] },
												"west": { "texture": "#bone", "uv": [ 0.0, 0.0, 0.5, 1.0 ] },
												"up": { "texture": "#bone", "uv": [ 0.0, 0.0, 0.5, 0.5 ] },
												"down": { "texture": "#bone", "uv": [ 0.0, 0.0, 0.5, 0.5 ] }
											}
										},
										{
											"name": "HornBumpLover1.2",
											"from": [ 5.0, -0.05, -0.2 ],
											"to": [ 5.4, 1.05, 0.55 ],
											"rotationOrigin": [ 5.0, 0.0, -0.2 ],
											"faces": {
												"north": { "texture": "#bone", "uv": [ 2.0, 6.0, 2.5, 7.0 ] },
												"east": { "texture": "#bone", "uv": [ 2.5, 7.5, 3.0, 8.5 ] },
												"south": { "texture": "#bone", "uv": [ 1.5, 5.5, 2.0, 6.5 ] },
												"west": { "texture": "#bone", "uv": [ 0.0, 0.0, 0.5, 1.0 ] },
												"up": { "texture": "#bone", "uv": [ 1.5, 5.0, 2.0, 5.5 ] },
												"down": { "texture": "#bone", "uv": [ 1.5, 5.0, 2.0, 5.5 ] }
											}
										},
										{
											"name": "HornBumpLover1.3",
											"from": [ 4.5, -0.05, -0.2 ],
											"to": [ 4.9, 1.05, 0.55 ],
											"rotationOrigin": [ 4.5, 0.0, -0.2 ],
											"faces": {
												"north": { "texture": "#bone", "uv": [ 0.0, 0.0, 0.5, 1.0 ] },
												"east": { "texture": "#bone", "uv": [ 0.0, 0.0, 0.5, 1.0 ] },
												"south": { "texture": "#bone", "uv": [ 0.0, 0.0, 0.5, 1.0 ] },
												"west": { "texture": "#bone", "uv": [ 0.0, 0.0, 0.5, 1.0 ] },
												"up": { "texture": "#bone", "uv": [ 0.0, 0.0, 0.5, 0.5 ] },
												"down": { "texture": "#bone", "uv": [ 0.0, 0.0, 0.5, 0.5 ] }
											}
										},
										{
											"name": "HornBumpLover1.4",
											"from": [ 4.0, -0.05, -0.2 ],
											"to": [ 4.4, 1.05, 0.55 ],
											"rotationOrigin": [ 4.0, 0.0, -0.2 ],
											"faces": {
												"north": { "texture": "#bone", "uv": [ 0.0, 0.0, 0.5, 1.0 ] },
												"east": { "texture": "#bone", "uv": [ 0.0, 0.0, 0.5, 1.0 ] },
												"south": { "texture": "#bone", "uv": [ 0.0, 0.0, 0.5, 1.0 ] },
												"west": { "texture": "#bone", "uv": [ 0.0, 0.0, 0.5, 1.0 ] },
												"up": { "texture": "#bone", "uv": [ 0.0, 0.0, 0.5, 0.5 ] },
												"down": { "texture": "#bone", "uv": [ 0.0, 0.0, 0.5, 0.5 ] }
											}
										},
										{
											"name": "HornBumpLover1.5",
											"from": [ 3.5, -0.05, -0.2 ],
											"to": [ 3.9, 1.05, 0.55 ],
											"rotationOrigin": [ 3.5, 0.0, -0.2 ],
											"faces": {
												"north": { "texture": "#bone", "uv": [ 1.0, 5.0, 1.5, 6.0 ] },
												"east": { "texture": "#bone", "uv": [ 1.5, 4.5, 2.0, 5.5 ] },
												"south": { "texture": "#bone", "uv": [ 1.5, 5.0, 2.0, 6.0 ] },
												"west": { "texture": "#bone", "uv": [ 2.0, 4.5, 2.5, 5.5 ] },
												"up": { "texture": "#bone", "uv": [ 0.0, 0.0, 0.5, 0.5 ] },
												"down": { "texture": "#bone", "uv": [ 1.5, 4.5, 2.0, 5.0 ] }
											},
											"children": [
												{
													"name": "HornBumpLover1.6",
													"from": [ -0.5, 0.0, 0.0 ],
													"to": [ -0.1, 1.1, 0.75 ],
													"rotationOrigin": [ -0.5, 0.05, 0.0 ],
													"faces": {
														"north": { "texture": "#bone", "uv": [ 1.5, 4.0, 2.0, 5.0 ] },
														"east": { "texture": "#bone", "uv": [ 1.5, 5.0, 2.0, 6.0 ] },
														"south": { "texture": "#bone", "uv": [ 1.5, 6.5, 2.0, 7.5 ] },
														"west": { "texture": "#bone", "uv": [ 1.5, 5.5, 2.0, 6.5 ] },
														"up": { "texture": "#bone", "uv": [ 2.0, 6.5, 2.5, 7.0 ] },
														"down": { "texture": "#bone", "uv": [ 1.5, 4.5, 2.0, 5.0 ] }
													},
													"children": [
														{
															"name": "HornBumpLover1.7",
															"from": [ -0.5, 0.0, 0.0 ],
															"to": [ -0.1, 1.1, 0.75 ],
															"rotationOrigin": [ -0.5, 0.05, 0.0 ],
															"faces": {
																"north": { "texture": "#bone", "uv": [ 12.0, 6.0, 12.5, 7.0 ] },
																"east": { "texture": "#bone", "uv": [ 12.5, 5.5, 13.0, 6.5 ] },
																"south": { "texture": "#bone", "uv": [ 12.0, 5.5, 12.5, 6.5 ] },
																"west": { "texture": "#bone", "uv": [ 12.5, 6.0, 13.0, 7.0 ] },
																"up": { "texture": "#bone", "uv": [ 12.0, 5.0, 12.5, 5.5 ] },
																"down": { "texture": "#bone", "uv": [ 0.0, 0.0, 0.5, 0.5 ] }
															}
														},
														{
															"name": "HornBumpLover1.8",
															"from": [ -1.0, 0.0, 0.05 ],
															"to": [ -0.6, 1.1, 0.75 ],
															"rotationOrigin": [ -1.0, 0.05, 0.0 ],
															"faces": {
																"north": { "texture": "#bone", "uv": [ 0.0, 0.0, 0.5, 1.0 ] },
																"east": { "texture": "#bone", "uv": [ 0.0, 0.0, 0.5, 1.0 ] },
																"south": { "texture": "#bone", "uv": [ 0.0, 0.0, 0.5, 1.0 ] },
																"west": { "texture": "#bone", "uv": [ 0.0, 0.0, 0.5, 1.0 ] },
																"up": { "texture": "#bone", "uv": [ 0.0, 0.0, 0.5, 0.5 ] },
																"down": { "texture": "#bone", "uv": [ 0.0, 0.0, 0.5, 0.5 ] }
															}
														},
														{
															"name": "HornBumpLover1.9",
															"from": [ -1.5, 0.0, 0.05 ],
															"to": [ -1.1, 1.1, 0.75 ],
															"rotationOrigin": [ -1.5, 0.05, 0.0 ],
															"faces": {
																"north": { "texture": "#bone", "uv": [ 2.5, 12.0, 3.0, 13.0 ] },
																"east": { "texture": "#bone", "uv": [ 4.0, 9.0, 4.5, 10.0 ] },
																"south": { "texture": "#bone", "uv": [ 4.5, 8.0, 5.0, 9.0 ] },
																"west": { "texture": "#bone", "uv": [ 3.5, 8.5, 4.0, 9.5 ] },
																"up": { "texture": "#bone", "uv": [ 4.5, 8.0, 5.0, 8.5 ] },
																"down": { "texture": "#bone", "uv": [ 3.0, 4.5, 3.5, 5.0 ] }
															}
														},
														{
															"name": "HornBumpLover1.10",
															"from": [ -2.0, 0.0, 0.05 ],
															"to": [ -1.6, 1.1, 0.75 ],
															"rotationOrigin": [ -2.0, 0.05, 0.0 ],
															"faces": {
																"north": { "texture": "#bone", "uv": [ 0.0, 0.0, 0.5, 1.0 ] },
																"east": { "texture": "#bone", "uv": [ 0.0, 0.0, 0.5, 1.0 ] },
																"south": { "texture": "#bone", "uv": [ 0.0, 0.0, 0.5, 1.0 ] },
																"west": { "texture": "#bone", "uv": [ 0.0, 0.0, 0.5, 1.0 ] },
																"up": { "texture": "#bone", "uv": [ 0.0, 0.0, 0.5, 0.5 ] },
																"down": { "texture": "#bone", "uv": [ 0.0, 0.0, 0.5, 0.5 ] }
															}
														},
														{
															"name": "HornBumpLover1.11",
															"from": [ -2.5, 0.0, 0.05 ],
															"to": [ -2.1, 1.1, 0.75 ],
															"rotationOrigin": [ -2.5, 0.05, 0.0 ],
															"faces": {
																"north": { "texture": "#bone", "uv": [ 0.0, 0.0, 0.5, 1.0 ] },
																"east": { "texture": "#bone", "uv": [ 0.0, 0.0, 0.5, 1.0 ] },
																"south": { "texture": "#bone", "uv": [ 0.0, 0.0, 0.5, 1.0 ] },
																"west": { "texture": "#bone", "uv": [ 0.0, 0.0, 0.5, 1.0 ] },
																"up": { "texture": "#bone", "uv": [ 0.0, 0.0, 0.5, 0.5 ] },
																"down": { "texture": "#bone", "uv": [ 0.0, 0.0, 0.5, 0.5 ] }
															}
														},
														{
															"name": "HornBumpLover1.12",
															"from": [ -2.95, 0.0, 0.05 ],
															"to": [ -2.55, 1.1, 0.75 ],
															"rotationOrigin": [ -3.0, 0.05, 0.0 ],
															"faces": {
																"north": { "texture": "#bone", "uv": [ 0.0, 0.0, 0.5, 1.0 ] },
																"east": { "texture": "#bone", "uv": [ 0.0, 0.0, 0.5, 1.0 ] },
																"south": { "texture": "#bone", "uv": [ 0.0, 0.0, 0.5, 1.0 ] },
																"west": { "texture": "#bone", "uv": [ 0.0, 0.0, 0.5, 1.0 ] },
																"up": { "texture": "#bone", "uv": [ 0.0, 0.0, 0.5, 0.5 ] },
																"down": { "texture": "#bone", "uv": [ 0.0, 0.0, 0.5, 0.5 ] }
															}
														}
													]
												}
											]
										}
									]
								}
							]
						},
						{
							"name": "ShortGrip",
							"from": [ 0.2, 0.1, -0.1 ],
							"to": [ 3.3, 0.9, 0.9 ],
							"rotationOrigin": [ 0.2, 0.1, -0.1 ],
							"faces": {
								"north": { "texture": "#plain2", "uv": [ 0.0, 0.0, 3.0, 0.75 ] },
								"east": { "texture": "#plain2", "uv": [ 0.0, 0.0, 1.0, 0.75 ] },
								"south": { "texture": "#plain2", "uv": [ 0.0, 0.0, 3.0, 0.75 ] },
								"west": { "texture": "#plain2", "uv": [ 0.0, 0.0, 1.0, 0.75 ] },
								"up": { "texture": "#plain2", "uv": [ 0.0, 0.0, 3.0, 1.0 ] },
								"down": { "texture": "#plain2", "uv": [ 0.0, 0.0, 3.0, 1.0 ] }
							},
							"children": [
								{
									"name": "FrontbowHandleWrap",
									"from": [ 0.1, -0.01, -0.05 ],
									"to": [ 0.2, 0.81, 0.65 ],
									"rotationOrigin": [ 0.1, 0.0, -0.1 ],
									"faces": {
										"north": { "texture": "#string", "uv": [ 0.0, 0.0, 0.5, 0.5 ] },
										"east": { "texture": "#string", "uv": [ 0.0, 0.0, 0.5, 0.5 ] },
										"south": { "texture": "#string", "uv": [ 0.0, 0.0, 0.5, 0.5 ] },
										"west": { "texture": "#string", "uv": [ 0.0, 0.0, 0.5, 0.5 ] },
										"up": { "texture": "#string", "uv": [ 0.0, 0.0, 0.5, 0.5 ] },
										"down": { "texture": "#string", "uv": [ 0.0, 0.0, 0.5, 0.5 ] }
									}
								},
								{
									"name": "FrontbowHandleWrap2",
									"from": [ 2.9, -0.01, -0.05 ],
									"to": [ 3.0, 0.81, 0.65 ],
									"rotationOrigin": [ 2.9, 0.0, -0.1 ],
									"faces": {
										"north": { "texture": "#string", "uv": [ 0.0, 0.0, 0.5, 0.5 ] },
										"east": { "texture": "#string", "uv": [ 0.0, 0.0, 0.5, 0.5 ] },
										"south": { "texture": "#string", "uv": [ 0.0, 0.0, 0.5, 0.5 ] },
										"west": { "texture": "#string", "uv": [ 0.0, 0.0, 0.5, 0.5 ] },
										"up": { "texture": "#string", "uv": [ 0.0, 0.0, 0.5, 0.5 ] },
										"down": { "texture": "#string", "uv": [ 0.0, 0.0, 0.5, 0.5 ] }
									}
								},
								{
									"name": "FrontbowHandleWrap3",
									"from": [ 2.1, -0.01, -0.05 ],
									"to": [ 2.2, 0.81, 0.65 ],
									"rotationOrigin": [ 2.1, 0.0, -0.1 ],
									"faces": {
										"north": { "texture": "#string", "uv": [ 0.0, 0.0, 0.5, 0.5 ] },
										"east": { "texture": "#string", "uv": [ 0.0, 0.0, 0.5, 0.5 ] },
										"south": { "texture": "#string", "uv": [ 0.0, 0.0, 0.5, 0.5 ] },
										"west": { "texture": "#string", "uv": [ 0.0, 0.0, 0.5, 0.5 ] },
										"up": { "texture": "#string", "uv": [ 0.0, 0.0, 0.5, 0.5 ] },
										"down": { "texture": "#string", "uv": [ 0.0, 0.0, 0.5, 0.5 ] }
									}
								},
								{
									"name": "FrontbowHandleWrap4",
									"from": [ 0.9, -0.01, -0.05 ],
									"to": [ 1.0, 0.81, 0.65 ],
									"rotationOrigin": [ 0.9, 0.0, -0.1 ],
									"faces": {
										"north": { "texture": "#string", "uv": [ 0.0, 0.0, 0.5, 0.5 ] },
										"east": { "texture": "#string", "uv": [ 0.0, 0.0, 0.5, 0.5 ] },
										"south": { "texture": "#string", "uv": [ 0.0, 0.0, 0.5, 0.5 ] },
										"west": { "texture": "#string", "uv": [ 0.0, 0.0, 0.5, 0.5 ] },
										"up": { "texture": "#string", "uv": [ 0.0, 0.0, 0.5, 0.5 ] },
										"down": { "texture": "#string", "uv": [ 0.0, 0.0, 0.5, 0.5 ] }
									}
								},
								{
									"name": "FrontbowHandleWrap5",
									"from": [ 0.8, 0.09, -0.051 ],
									"to": [ 0.9, 1.71, 0.669 ],
									"rotationOrigin": [ 0.8, 0.0, -0.1 ],
									"rotationZ": -60.0,
									"faces": {
										"north": { "texture": "#string", "uv": [ 0.0, 0.0, 0.5, 1.5 ] },
										"east": { "texture": "#string", "uv": [ 0.0, 0.0, 0.5, 1.5 ] },
										"south": { "texture": "#string", "uv": [ 0.0, 0.0, 0.5, 1.5 ] },
										"west": { "texture": "#string", "uv": [ 0.0, 0.0, 0.5, 1.5 ] },
										"up": { "texture": "#string", "uv": [ 0.0, 0.0, 0.5, 0.5 ] },
										"down": { "texture": "#string", "uv": [ 0.0, 0.0, 0.5, 0.5 ] }
									}
								},
								{
									"name": "FrontbowHandleWrap6",
									"from": [ 0.9, 0.8, -0.051 ],
									"to": [ 1.0, 2.42, 0.669 ],
									"rotationOrigin": [ 0.9, 0.82, 0.0 ],
									"rotationZ": -119.0,
									"faces": {
										"north": { "texture": "#string", "uv": [ 0.0, 0.0, 0.5, 1.5 ] },
										"east": { "texture": "#string", "uv": [ 0.0, 0.0, 0.5, 1.5 ] },
										"south": { "texture": "#string", "uv": [ 0.0, 0.0, 0.5, 1.5 ] },
										"west": { "texture": "#string", "uv": [ 0.0, 0.0, 0.5, 1.5 ] },
										"up": { "texture": "#string", "uv": [ 0.0, 0.0, 0.5, 0.5 ] },
										"down": { "texture": "#string", "uv": [ 0.0, 0.0, 0.5, 0.5 ] }
									}
								}
							]
						},
						{
							"name": "BowHandleWrap",
							"from": [ 0.3, -0.05, -0.05 ],
							"to": [ 0.4, 1.05, 1.05 ],
							"rotationOrigin": [ 0.3, 0.0, 0.0 ],
							"faces": {
								"north": { "texture": "#string", "uv": [ 0.0, 0.0, 0.5, 1.0 ] },
								"east": { "texture": "#string", "uv": [ 0.0, 0.0, 1.0, 1.0 ] },
								"south": { "texture": "#string", "uv": [ 0.0, 0.0, 0.5, 1.0 ] },
								"west": { "texture": "#string", "uv": [ 0.0, 0.0, 1.0, 1.0 ] },
								"up": { "texture": "#string", "uv": [ 0.0, 0.0, 0.5, 1.0 ] },
								"down": { "texture": "#string", "uv": [ 0.0, 0.0, 0.5, 1.0 ] }
							}
						},
						{
							"name": "BowHandleWrap2",
							"from": [ 1.1, -0.05, -0.05 ],
							"to": [ 1.2, 1.05, 1.05 ],
							"rotationOrigin": [ 1.1, 0.0, 0.0 ],
							"faces": {
								"north": { "texture": "#string", "uv": [ 0.0, 0.0, 0.5, 1.0 ] },
								"east": { "texture": "#string", "uv": [ 0.0, 0.0, 1.0, 1.0 ] },
								"south": { "texture": "#string", "uv": [ 0.0, 0.0, 0.5, 1.0 ] },
								"west": { "texture": "#string", "uv": [ 0.0, 0.0, 1.0, 1.0 ] },
								"up": { "texture": "#string", "uv": [ 0.0, 0.0, 0.5, 1.0 ] },
								"down": { "texture": "#string", "uv": [ 0.0, 0.0, 0.5, 1.0 ] }
							}
						},
						{
							"name": "BowHandleWrap3",
							"from": [ 2.3, -0.05, -0.05 ],
							"to": [ 2.4, 1.05, 1.05 ],
							"rotationOrigin": [ 2.3, 0.0, 0.0 ],
							"faces": {
								"north": { "texture": "#string", "uv": [ 0.0, 0.0, 0.5, 1.0 ] },
								"east": { "texture": "#string", "uv": [ 0.0, 0.0, 1.0, 1.0 ] },
								"south": { "texture": "#string", "uv": [ 0.0, 0.0, 0.5, 1.0 ] },
								"west": { "texture": "#string", "uv": [ 0.0, 0.0, 1.0, 1.0 ] },
								"up": { "texture": "#string", "uv": [ 0.0, 0.0, 0.5, 1.0 ] },
								"down": { "texture": "#string", "uv": [ 0.0, 0.0, 0.5, 1.0 ] }
							}
						},
						{
							"name": "BowHandleWrap4",
							"from": [ 3.1, -0.05, -0.05 ],
							"to": [ 3.2, 1.05, 1.05 ],
							"rotationOrigin": [ 3.1, 0.0, 0.0 ],
							"faces": {
								"north": { "texture": "#string", "uv": [ 0.0, 0.0, 0.5, 1.0 ] },
								"east": { "texture": "#string", "uv": [ 0.0, 0.0, 1.0, 1.0 ] },
								"south": { "texture": "#string", "uv": [ 0.0, 0.0, 0.5, 1.0 ] },
								"west": { "texture": "#string", "uv": [ 0.0, 0.0, 1.0, 1.0 ] },
								"up": { "texture": "#string", "uv": [ 0.0, 0.0, 0.5, 1.0 ] },
								"down": { "texture": "#string", "uv": [ 0.0, 0.0, 0.5, 1.0 ] }
							}
						},
						{
							"name": "ShortGrip2",
							"from": [ 0.2, 0.9, 1.1 ],
							"to": [ 3.3, 1.7, 2.1 ],
							"rotationOrigin": [ 0.2, 0.9, 1.1 ],
							"rotationX": 180.0,
							"faces": {
								"north": { "texture": "#plain2", "uv": [ 0.0, 0.0, 3.0, 0.75 ] },
								"east": { "texture": "#plain2", "uv": [ 0.0, 0.0, 1.0, 0.75 ] },
								"south": { "texture": "#plain2", "uv": [ 0.0, 0.0, 3.0, 0.75 ] },
								"west": { "texture": "#plain2", "uv": [ 0.0, 0.0, 1.0, 0.75 ] },
								"up": { "texture": "#plain2", "uv": [ 0.0, 0.0, 3.0, 1.0 ] },
								"down": { "texture": "#plain2", "uv": [ 0.0, 0.0, 3.0, 1.0 ] }
							},
							"children": [
								{
									"name": "FrontbowHandleWrap7",
									"from": [ 0.1, -0.01, -0.05 ],
									"to": [ 0.2, 0.81, 0.65 ],
									"rotationOrigin": [ 0.1, 0.0, -0.1 ],
									"faces": {
										"north": { "texture": "#string", "uv": [ 0.0, 0.0, 0.5, 0.5 ] },
										"east": { "texture": "#string", "uv": [ 0.0, 0.0, 0.5, 0.5 ] },
										"south": { "texture": "#string", "uv": [ 0.0, 0.0, 0.5, 0.5 ] },
										"west": { "texture": "#string", "uv": [ 0.0, 0.0, 0.5, 0.5 ] },
										"up": { "texture": "#string", "uv": [ 0.0, 0.0, 0.5, 0.5 ] },
										"down": { "texture": "#string", "uv": [ 0.0, 0.0, 0.5, 0.5 ] }
									}
								},
								{
									"name": "FrontbowHandleWrap8",
									"from": [ 2.9, -0.01, -0.05 ],
									"to": [ 3.0, 0.81, 0.65 ],
									"rotationOrigin": [ 2.9, 0.0, -0.1 ],
									"faces": {
										"north": { "texture": "#string", "uv": [ 0.0, 0.0, 0.5, 0.5 ] },
										"east": { "texture": "#string", "uv": [ 0.0, 0.0, 0.5, 0.5 ] },
										"south": { "texture": "#string", "uv": [ 0.0, 0.0, 0.5, 0.5 ] },
										"west": { "texture": "#string", "uv": [ 0.0, 0.0, 0.5, 0.5 ] },
										"up": { "texture": "#string", "uv": [ 0.0, 0.0, 0.5, 0.5 ] },
										"down": { "texture": "#string", "uv": [ 0.0, 0.0, 0.5, 0.5 ] }
									}
								},
								{
									"name": "FrontbowHandleWrap9",
									"from": [ 2.1, -0.01, -0.05 ],
									"to": [ 2.2, 0.81, 0.65 ],
									"rotationOrigin": [ 2.1, 0.0, -0.1 ],
									"faces": {
										"north": { "texture": "#string", "uv": [ 0.0, 0.0, 0.5, 0.5 ] },
										"east": { "texture": "#string", "uv": [ 0.0, 0.0, 0.5, 0.5 ] },
										"south": { "texture": "#string", "uv": [ 0.0, 0.0, 0.5, 0.5 ] },
										"west": { "texture": "#string", "uv": [ 0.0, 0.0, 0.5, 0.5 ] },
										"up": { "texture": "#string", "uv": [ 0.0, 0.0, 0.5, 0.5 ] },
										"down": { "texture": "#string", "uv": [ 0.0, 0.0, 0.5, 0.5 ] }
									}
								},
								{
									"name": "FrontbowHandleWrap10",
									"from": [ 0.9, -0.01, -0.05 ],
									"to": [ 1.0, 0.81, 0.65 ],
									"rotationOrigin": [ 0.9, 0.0, -0.1 ],
									"faces": {
										"north": { "texture": "#string", "uv": [ 0.0, 0.0, 0.5, 0.5 ] },
										"east": { "texture": "#string", "uv": [ 0.0, 0.0, 0.5, 0.5 ] },
										"south": { "texture": "#string", "uv": [ 0.0, 0.0, 0.5, 0.5 ] },
										"west": { "texture": "#string", "uv": [ 0.0, 0.0, 0.5, 0.5 ] },
										"up": { "texture": "#string", "uv": [ 0.0, 0.0, 0.5, 0.5 ] },
										"down": { "texture": "#string", "uv": [ 0.0, 0.0, 0.5, 0.5 ] }
									}
								}
							]
						},
						{
							"name": "BowLimbDown2",
							"from": [ -2.6, 0.3, 0.1 ],
							"to": [ 3.4, 1.1, 0.85 ],
							"rotationOrigin": [ 3.4, 0.6, 0.4 ],
							"rotationY": 5.0,
							"rotationZ": -180.0,
							"faces": {
								"north": { "texture": "#bone", "uv": [ 1.0, 1.5, 7.0, 2.0 ] },
								"south": { "texture": "#bone", "uv": [ 0.0, 2.5, 6.0, 3.0 ] },
								"west": { "texture": "#bone", "uv": [ 1.0, 1.0, 1.5, 1.5 ] },
								"up": { "texture": "#bone", "uv": [ 1.0, 1.0, 7.0, 1.5 ] },
								"down": { "texture": "#bone", "uv": [ 1.5, 2.0, 7.5, 2.5 ] }
							},
							"children": [
								{
									"name": "BowTipDown2",
									"from": [ -6.9, 0.1, 0.1 ],
									"to": [ 0.5, 0.7, 0.65 ],
									"rotationOrigin": [ 0.5, 0.4, 0.4 ],
									"rotationY": 25.0,
									"faces": {
										"north": { "texture": "#bone", "uv": [ 1.0, 3.0, 8.0, 3.5 ] },
										"east": { "texture": "#bone", "uv": [ 1.5, 2.0, 2.0, 2.5 ] },
										"south": { "texture": "#bone", "uv": [ 0.5, 2.5, 7.5, 3.0 ] },
										"west": { "texture": "#bone", "uv": [ 1.0, 1.0, 1.5, 1.5 ] },
										"up": { "texture": "#bone", "uv": [ 0.5, 4.0, 7.5, 4.5 ] },
										"down": { "texture": "#bone", "uv": [ 0.5, 3.5, 7.5, 4.0 ] }
									},
									"children": [
										{
											"name": "BowStringDown3",
											"from": [ 0.6, 0.2, 0.5 ],
											"to": [ 8.8, 0.4, 0.7 ],
											"rotationOrigin": [ 0.6, 0.3, 0.6 ],
											"rotationY": -20.0,
											"faces": {
												"north": { "texture": "#string", "uv": [ 0.0, 0.0, 8.0, 0.5 ] },
												"east": { "texture": "#string", "uv": [ 3.0, 0.0, 3.5, 0.5 ] },
												"south": { "texture": "#string", "uv": [ 0.0, 0.0, 8.0, 0.5 ] },
												"west": { "texture": "#string", "uv": [ 3.5, 0.0, 4.0, 0.5 ] },
												"up": { "texture": "#string", "uv": [ 0.0, 0.0, 8.0, 0.5 ] },
												"down": { "texture": "#string", "uv": [ 0.0, 0.0, 8.0, 0.5 ] }
											},
											"children": [
												{
													"name": "BowStringDown4",
													"from": [ 8.2, 0.0, 0.0 ],
													"to": [ 13.4, 0.2, 0.2 ],
													"rotationOrigin": [ 8.2, 0.0, 0.0 ],
													"faces": {
														"north": { "texture": "#string", "uv": [ 2.0, 0.0, 7.0, 0.5 ] },
														"east": { "texture": "#string", "uv": [ 3.0, 0.0, 3.5, 0.5 ] },
														"south": { "texture": "#string", "uv": [ 3.0, 0.0, 8.0, 0.5 ] },
														"west": { "texture": "#string", "uv": [ 3.5, 0.0, 4.0, 0.5 ] },
														"up": { "texture": "#string", "uv": [ 2.0, 0.0, 7.0, 0.5 ] },
														"down": { "texture": "#string", "uv": [ 1.0, 0.0, 6.0, 0.5 ] }
													},
													"children": [
														{
															"name": "BowNock2",
															"from": [ 4.3665, -0.1, -0.1113 ],
															"to": [ 6.3665, 0.3, 0.2887 ],
															"rotationOrigin": [ 5.3665, 0.1, 0.0887 ],
															"faces": {
																"north": { "texture": "#plain2", "uv": [ 2.5, 2.0, 4.5, 2.25 ] },
																"east": { "texture": "#plain2", "uv": [ 4.0, 1.0, 4.25, 1.25 ] },
																"south": { "texture": "#plain2", "uv": [ 2.0, 1.0, 4.0, 1.25 ] },
																"west": { "texture": "#plain2", "uv": [ 1.5, 1.0, 1.75, 1.25 ] },
																"up": { "texture": "#plain2", "uv": [ 4.5, 0.5, 6.5, 0.75 ] },
																"down": { "texture": "#plain2", "uv": [ 4.0, 1.0, 6.0, 1.25 ] }
															},
															"children": [
																{
																	"name": "BowNockStripe5",
																	"from": [ 0.1, -0.01, -0.01 ],
																	"to": [ 0.2, 0.41, 0.41 ],
																	"rotationOrigin": [ 0.1, 0.0, 0.0 ],
																	"faces": {
																		"north": { "texture": "#string", "uv": [ 14.5, 1.5, 15.0, 2.0 ] },
																		"east": { "texture": "#string", "uv": [ 4.0, 5.5, 4.5, 6.0 ] },
																		"south": { "texture": "#string", "uv": [ 14.5, 1.5, 15.0, 2.0 ] },
																		"west": { "texture": "#string", "uv": [ 14.0, 1.0, 14.5, 1.5 ] },
																		"up": { "texture": "#string", "uv": [ 15.0, 0.5, 15.5, 1.0 ] },
																		"down": { "texture": "#string", "uv": [ 15.0, 1.0, 15.5, 1.5 ] }
																	}
																},
																{
																	"name": "BowNockStripe6",
																	"from": [ 1.8, -0.01, -0.01 ],
																	"to": [ 1.9, 0.41, 0.41 ],
																	"rotationOrigin": [ 1.8, 0.0, 0.0 ],
																	"faces": {
																		"north": { "texture": "#string", "uv": [ 11.0, 3.5, 11.5, 4.0 ] },
																		"east": { "texture": "#string", "uv": [ 4.0, 4.0, 4.5, 4.5 ] },
																		"south": { "texture": "#string", "uv": [ 7.5, 4.5, 8.0, 5.0 ] },
																		"west": { "texture": "#string", "uv": [ 7.0, 5.0, 7.5, 5.5 ] },
																		"up": { "texture": "#string", "uv": [ 7.0, 3.0, 7.5, 3.5 ] },
																		"down": { "texture": "#string", "uv": [ 4.0, 5.0, 4.5, 5.5 ] }
																	}
																},
																{
																	"name": "BowNockStripe7",
																	"from": [ 0.6, -0.01, -0.01 ],
																	"to": [ 0.7, 0.41, 0.41 ],
																	"rotationOrigin": [ 0.6, 0.0, 0.0 ],
																	"faces": {
																		"north": { "texture": "#string", "uv": [ 3.0, 4.5, 3.5, 5.0 ] },
																		"east": { "texture": "#string", "uv": [ 4.0, 5.5, 4.5, 6.0 ] },
																		"south": { "texture": "#string", "uv": [ 8.5, 2.5, 9.0, 3.0 ] },
																		"west": { "texture": "#string", "uv": [ 3.5, 3.5, 4.0, 4.0 ] },
																		"up": { "texture": "#string", "uv": [ 3.5, 3.5, 4.0, 4.0 ] },
																		"down": { "texture": "#string", "uv": [ 4.0, 4.0, 4.5, 4.5 ] }
																	}
																},
																{
																	"name": "BowNockStripe8",
																	"from": [ 1.3, -0.01, -0.01 ],
																	"to": [ 1.4, 0.41, 0.41 ],
																	"rotationOrigin": [ 1.3, 0.0, 0.0 ],
																	"faces": {
																		"north": { "texture": "#string", "uv": [ 12.0, 3.0, 12.5, 3.5 ] },
																		"east": { "texture": "#string", "uv": [ 4.0, 4.5, 4.5, 5.0 ] },
																		"south": { "texture": "#string", "uv": [ 11.0, 3.5, 11.5, 4.0 ] },
																		"west": { "texture": "#string", "uv": [ 9.0, 5.5, 9.5, 6.0 ] },
																		"up": { "texture": "#string", "uv": [ 8.5, 3.0, 9.0, 3.5 ] },
																		"down": { "texture": "#string", "uv": [ 4.5, 4.0, 5.0, 4.5 ] }
																	}
																},
																{
																	"name": "Arrow",
																	"from": [ 1.0, 0.0, 0.0 ],
																	"to": [ 1.0, 0.0, 0.0 ],
																	"rotationOrigin": [ 1.0, 0.0, 0.0 ],
																	"rotationY": 90.0,
																	"faces": {
																		"north": { "texture": "#null", "uv": [ 0.0, 0.0, 0.5, 0.5 ] },
																		"east": { "texture": "#null", "uv": [ 0.0, 0.0, 0.5, 0.5 ] },
																		"south": { "texture": "#null", "uv": [ 0.0, 0.0, 0.5, 0.5 ] },
																		"west": { "texture": "#null", "uv": [ 0.0, 0.0, 0.5, 0.5 ] },
																		"up": { "texture": "#null", "uv": [ 0.0, 0.0, 0.5, 0.5 ] },
																		"down": { "texture": "#null", "uv": [ 0.0, 0.0, 0.5, 0.5 ] }
																	},
																	"children": [
																		{
																			"name": "arrow_origin",
																			"from": [ 0.0, 0.0, 0.0 ],
																			"to": [ 0.0, 0.0, 0.0 ],
																			"faces": {
																				"north": { "texture": "#null", "uv": [ 0.0, 0.0, 0.5, 0.5 ] },
																				"east": { "texture": "#null", "uv": [ 0.0, 0.0, 0.5, 0.5 ] },
																				"south": { "texture": "#null", "uv": [ 0.0, 0.0, 0.5, 0.5 ] },
																				"west": { "texture": "#null", "uv": [ 0.0, 0.0, 0.5, 0.5 ] },
																				"up": { "texture": "#null", "uv": [ 0.0, 0.0, 0.5, 0.5 ] },
																				"down": { "texture": "#null", "uv": [ 0.0, 0.0, 0.5, 0.5 ] }
																			},
																			"attachmentpoints": [
																				{
																					"code": "Arrow",
																					"posX": "0.0","posY": "0.0","posZ": "0.0",
																					"rotationX": "0.0","rotationY": "0.0","rotationZ": "0.0"
																				}
																			]
																		}
																	]
																}
															]
														}
													]
												}
											]
										},
										{
											"name": "BowNotchDown2",
											"from": [ 0.5, -0.2, -0.1 ],
											"to": [ 1.1, 0.8, 0.7 ],
											"rotationOrigin": [ 0.5, 0.3, 0.3 ],
											"faces": {
												"north": { "texture": "#string", "uv": [ 2.0, 1.0, 2.5, 2.0 ] },
												"east": { "texture": "#string", "uv": [ 2.5, 0.5, 3.0, 1.5 ] },
												"south": { "texture": "#string", "uv": [ 2.0, 0.5, 2.5, 1.5 ] },
												"west": { "texture": "#string", "uv": [ 1.5, 0.5, 2.0, 1.5 ] },
												"up": { "texture": "#string", "uv": [ 1.5, 0.5, 2.0, 1.0 ] },
												"down": { "texture": "#string", "uv": [ 1.0, 1.0, 1.5, 1.5 ] }
											}
										},
										{
											"name": "BowCompositeDown3",
											"from": [ -0.2, -0.11, 0.1 ],
											"to": [ 7.3, 0.69, 0.5 ],
											"rotationOrigin": [ 7.2, 0.3, 0.3 ],
											"faces": {
												"north": { "texture": "#bone", "uv": [ 4.0, 5.0, 11.5, 5.5 ] },
												"east": { "texture": "#bone", "uv": [ 0.0, 0.0, 0.5, 0.5 ] },
												"south": { "texture": "#bone", "uv": [ 3.5, 5.0, 11.0, 5.5 ] },
												"west": { "texture": "#bone", "uv": [ 0.0, 0.0, 0.5, 0.5 ] },
												"up": { "texture": "#bone", "uv": [ 4.0, 5.0, 11.5, 5.5 ] },
												"down": { "texture": "#bone", "uv": [ 7.0, 5.0, 14.5, 5.5 ] }
											},
											"children": [
												{
													"name": "BowBumpLover2.24",
													"from": [ 6.8, -0.05, -0.15 ],
													"to": [ 7.1, 0.85, 0.35 ],
													"rotationOrigin": [ 6.8, 0.0, -0.2 ],
													"faces": {
														"north": { "texture": "#bone", "uv": [ 0.0, 0.0, 0.5, 0.5 ] },
														"east": { "texture": "#bone", "uv": [ 0.0, 0.0, 0.5, 0.5 ] },
														"south": { "texture": "#bone", "uv": [ 0.0, 0.0, 0.5, 0.5 ] },
														"west": { "texture": "#bone", "uv": [ 0.0, 0.0, 0.5, 0.5 ] },
														"up": { "texture": "#bone", "uv": [ 0.0, 0.0, 0.5, 0.5 ] },
														"down": { "texture": "#bone", "uv": [ 0.0, 0.0, 0.5, 0.5 ] }
													}
												},
												{
													"name": "BowBumpLover2.25",
													"from": [ 6.4, -0.05, -0.15 ],
													"to": [ 6.7, 0.85, 0.35 ],
													"rotationOrigin": [ 6.4, 0.0, -0.2 ],
													"faces": {
														"north": { "texture": "#bone", "uv": [ 0.0, 0.0, 0.5, 0.5 ] },
														"east": { "texture": "#bone", "uv": [ 0.0, 0.0, 0.5, 0.5 ] },
														"south": { "texture": "#bone", "uv": [ 0.0, 0.0, 0.5, 0.5 ] },
														"west": { "texture": "#bone", "uv": [ 0.0, 0.0, 0.5, 0.5 ] },
														"up": { "texture": "#bone", "uv": [ 0.0, 0.0, 0.5, 0.5 ] },
														"down": { "texture": "#bone", "uv": [ 0.0, 0.0, 0.5, 0.5 ] }
													}
												},
												{
													"name": "BowBumpLover2.26",
													"from": [ 6.0, -0.05, -0.15 ],
													"to": [ 6.3, 0.85, 0.35 ],
													"rotationOrigin": [ 6.0, 0.0, -0.2 ],
													"faces": {
														"north": { "texture": "#bone", "uv": [ 0.0, 0.0, 0.5, 0.5 ] },
														"east": { "texture": "#bone", "uv": [ 0.0, 0.0, 0.5, 0.5 ] },
														"south": { "texture": "#bone", "uv": [ 0.0, 0.0, 0.5, 0.5 ] },
														"west": { "texture": "#bone", "uv": [ 0.0, 0.0, 0.5, 0.5 ] },
														"up": { "texture": "#bone", "uv": [ 0.0, 0.0, 0.5, 0.5 ] },
														"down": { "texture": "#bone", "uv": [ 0.0, 0.0, 0.5, 0.5 ] }
													}
												},
												{
													"name": "BowBumpLover2.27",
													"from": [ 5.6, -0.05, -0.15 ],
													"to": [ 5.9, 0.85, 0.35 ],
													"rotationOrigin": [ 5.6, 0.0, -0.2 ],
													"faces": {
														"north": { "texture": "#bone", "uv": [ 0.0, 0.0, 0.5, 0.5 ] },
														"east": { "texture": "#bone", "uv": [ 0.0, 0.0, 0.5, 0.5 ] },
														"south": { "texture": "#bone", "uv": [ 0.0, 0.0, 0.5, 0.5 ] },
														"west": { "texture": "#bone", "uv": [ 0.0, 0.0, 0.5, 0.5 ] },
														"up": { "texture": "#bone", "uv": [ 0.0, 0.0, 0.5, 0.5 ] },
														"down": { "texture": "#bone", "uv": [ 0.0, 0.0, 0.5, 0.5 ] }
													}
												},
												{
													"name": "BowBumpLover2.28",
													"from": [ 5.2, -0.05, -0.15 ],
													"to": [ 5.5, 0.85, 0.35 ],
													"rotationOrigin": [ 5.2, 0.0, -0.2 ],
													"faces": {
														"north": { "texture": "#bone", "uv": [ 1.5, 6.0, 2.0, 6.5 ] },
														"east": { "texture": "#bone", "uv": [ 2.0, 5.5, 2.5, 6.0 ] },
														"south": { "texture": "#bone", "uv": [ 1.0, 8.0, 1.5, 8.5 ] },
														"west": { "texture": "#bone", "uv": [ 1.5, 7.0, 2.0, 7.5 ] },
														"up": { "texture": "#bone", "uv": [ 3.0, 8.5, 3.5, 9.0 ] },
														"down": { "texture": "#bone", "uv": [ 2.0, 6.0, 2.5, 6.5 ] }
													}
												},
												{
													"name": "BowBumpLover2.29",
													"from": [ 4.8, -0.05, -0.15 ],
													"to": [ 5.1, 0.85, 0.35 ],
													"rotationOrigin": [ 4.8, 0.0, -0.2 ],
													"faces": {
														"north": { "texture": "#bone", "uv": [ 0.0, 0.0, 0.5, 0.5 ] },
														"east": { "texture": "#bone", "uv": [ 0.0, 0.0, 0.5, 0.5 ] },
														"south": { "texture": "#bone", "uv": [ 0.0, 0.0, 0.5, 0.5 ] },
														"west": { "texture": "#bone", "uv": [ 0.0, 0.0, 0.5, 0.5 ] },
														"up": { "texture": "#bone", "uv": [ 0.0, 0.0, 0.5, 0.5 ] },
														"down": { "texture": "#bone", "uv": [ 0.0, 0.0, 0.5, 0.5 ] }
													}
												},
												{
													"name": "BowBumpLover2.30",
													"from": [ 4.4, -0.05, -0.15 ],
													"to": [ 4.7, 0.85, 0.35 ],
													"rotationOrigin": [ 4.4, 0.0, -0.2 ],
													"faces": {
														"north": { "texture": "#bone", "uv": [ 0.0, 0.0, 0.5, 0.5 ] },
														"east": { "texture": "#bone", "uv": [ 0.0, 0.0, 0.5, 0.5 ] },
														"south": { "texture": "#bone", "uv": [ 0.0, 0.0, 0.5, 0.5 ] },
														"west": { "texture": "#bone", "uv": [ 0.0, 0.0, 0.5, 0.5 ] },
														"up": { "texture": "#bone", "uv": [ 0.0, 0.0, 0.5, 0.5 ] },
														"down": { "texture": "#bone", "uv": [ 0.0, 0.0, 0.5, 0.5 ] }
													}
												},
												{
													"name": "BowBumpLover2.31",
													"from": [ 4.1, -0.05, -0.15 ],
													"to": [ 4.35, 0.85, 0.35 ],
													"rotationOrigin": [ 4.1, 0.0, -0.2 ],
													"faces": {
														"north": { "texture": "#bone", "uv": [ 0.0, 0.0, 0.5, 0.5 ] },
														"east": { "texture": "#bone", "uv": [ 0.0, 0.0, 0.5, 0.5 ] },
														"south": { "texture": "#bone", "uv": [ 0.0, 0.0, 0.5, 0.5 ] },
														"west": { "texture": "#bone", "uv": [ 0.0, 0.0, 0.5, 0.5 ] },
														"up": { "texture": "#bone", "uv": [ 0.0, 0.0, 0.5, 0.5 ] },
														"down": { "texture": "#bone", "uv": [ 0.0, 0.0, 0.5, 0.5 ] }
													}
												},
												{
													"name": "BowBumpLover2.32",
													"from": [ 3.8, -0.05, -0.15 ],
													"to": [ 4.05, 0.85, 0.35 ],
													"rotationOrigin": [ 3.8, 0.0, -0.2 ],
													"faces": {
														"north": { "texture": "#bone", "uv": [ 0.0, 0.0, 0.5, 0.5 ] },
														"east": { "texture": "#bone", "uv": [ 0.0, 0.0, 0.5, 0.5 ] },
														"south": { "texture": "#bone", "uv": [ 0.0, 0.0, 0.5, 0.5 ] },
														"west": { "texture": "#bone", "uv": [ 0.0, 0.0, 0.5, 0.5 ] },
														"up": { "texture": "#bone", "uv": [ 0.0, 0.0, 0.5, 0.5 ] },
														"down": { "texture": "#bone", "uv": [ 0.0, 0.0, 0.5, 0.5 ] }
													}
												},
												{
													"name": "BowBumpLover2.33",
													"from": [ 3.5, -0.05, -0.15 ],
													"to": [ 3.75, 0.85, 0.35 ],
													"rotationOrigin": [ 3.5, 0.0, -0.2 ],
													"faces": {
														"north": { "texture": "#bone", "uv": [ 0.0, 0.0, 0.5, 0.5 ] },
														"east": { "texture": "#bone", "uv": [ 0.0, 0.0, 0.5, 0.5 ] },
														"south": { "texture": "#bone", "uv": [ 0.0, 0.0, 0.5, 0.5 ] },
														"west": { "texture": "#bone", "uv": [ 0.0, 0.0, 0.5, 0.5 ] },
														"up": { "texture": "#bone", "uv": [ 0.0, 0.0, 0.5, 0.5 ] },
														"down": { "texture": "#bone", "uv": [ 0.0, 0.0, 0.5, 0.5 ] }
													}
												},
												{
													"name": "BowBumpLover2.34",
													"from": [ 3.2, -0.05, -0.15 ],
													"to": [ 3.45, 0.85, 0.35 ],
													"rotationOrigin": [ 3.2, 0.0, -0.2 ],
													"faces": {
														"north": { "texture": "#bone", "uv": [ 0.0, 0.0, 0.5, 0.5 ] },
														"east": { "texture": "#bone", "uv": [ 0.0, 0.0, 0.5, 0.5 ] },
														"south": { "texture": "#bone", "uv": [ 0.0, 0.0, 0.5, 0.5 ] },
														"west": { "texture": "#bone", "uv": [ 0.0, 0.0, 0.5, 0.5 ] },
														"up": { "texture": "#bone", "uv": [ 0.0, 0.0, 0.5, 0.5 ] },
														"down": { "texture": "#bone", "uv": [ 0.0, 0.0, 0.5, 0.5 ] }
													}
												},
												{
													"name": "BowBumpLover2.35",
													"from": [ 2.9, -0.05, -0.15 ],
													"to": [ 3.15, 0.85, 0.35 ],
													"rotationOrigin": [ 2.9, 0.0, -0.2 ],
													"faces": {
														"north": { "texture": "#bone", "uv": [ 0.0, 0.0, 0.5, 0.5 ] },
														"east": { "texture": "#bone", "uv": [ 0.0, 0.0, 0.5, 0.5 ] },
														"south": { "texture": "#bone", "uv": [ 0.0, 0.0, 0.5, 0.5 ] },
														"west": { "texture": "#bone", "uv": [ 0.0, 0.0, 0.5, 0.5 ] },
														"up": { "texture": "#bone", "uv": [ 0.0, 0.0, 0.5, 0.5 ] },
														"down": { "texture": "#bone", "uv": [ 0.0, 0.0, 0.5, 0.5 ] }
													}
												},
												{
													"name": "BowBumpLover2.36",
													"from": [ 2.9, -0.05, -0.15 ],
													"to": [ 3.15, 0.85, 0.35 ],
													"rotationOrigin": [ 2.9, 0.0, -0.2 ],
													"faces": {
														"north": { "texture": "#bone", "uv": [ 0.0, 0.0, 0.5, 0.5 ] },
														"east": { "texture": "#bone", "uv": [ 0.0, 0.0, 0.5, 0.5 ] },
														"south": { "texture": "#bone", "uv": [ 0.0, 0.0, 0.5, 0.5 ] },
														"west": { "texture": "#bone", "uv": [ 0.0, 0.0, 0.5, 0.5 ] },
														"up": { "texture": "#bone", "uv": [ 0.0, 0.0, 0.5, 0.5 ] },
														"down": { "texture": "#bone", "uv": [ 0.0, 0.0, 0.5, 0.5 ] }
													}
												},
												{
													"name": "BowBumpLover2.37",
													"from": [ 2.6, -0.05, -0.15 ],
													"to": [ 2.85, 0.85, 0.35 ],
													"rotationOrigin": [ 2.6, 0.0, -0.2 ],
													"faces": {
														"north": { "texture": "#bone", "uv": [ 1.5, 3.5, 2.0, 4.0 ] },
														"east": { "texture": "#bone", "uv": [ 1.0, 5.0, 1.5, 5.5 ] },
														"south": { "texture": "#bone", "uv": [ 2.0, 5.0, 2.5, 5.5 ] },
														"west": { "texture": "#bone", "uv": [ 1.5, 5.5, 2.0, 6.0 ] },
														"up": { "texture": "#bone", "uv": [ 1.5, 4.5, 2.0, 5.0 ] },
														"down": { "texture": "#bone", "uv": [ 1.5, 5.0, 2.0, 5.5 ] }
													}
												},
												{
													"name": "BowBumpLover2.38",
													"from": [ 2.35, -0.05, -0.15 ],
													"to": [ 2.55, 0.85, 0.35 ],
													"rotationOrigin": [ 2.3, 0.0, -0.2 ],
													"faces": {
														"north": { "texture": "#bone", "uv": [ 0.0, 0.0, 0.5, 0.5 ] },
														"east": { "texture": "#bone", "uv": [ 0.0, 0.0, 0.5, 0.5 ] },
														"south": { "texture": "#bone", "uv": [ 0.0, 0.0, 0.5, 0.5 ] },
														"west": { "texture": "#bone", "uv": [ 0.0, 0.0, 0.5, 0.5 ] },
														"up": { "texture": "#bone", "uv": [ 0.0, 0.0, 0.5, 0.5 ] },
														"down": { "texture": "#bone", "uv": [ 0.0, 0.0, 0.5, 0.5 ] }
													}
												},
												{
													"name": "BowBumpLover2.39",
													"from": [ 2.1, -0.05, -0.15 ],
													"to": [ 2.3, 0.85, 0.35 ],
													"rotationOrigin": [ 2.0, 0.0, -0.2 ],
													"faces": {
														"north": { "texture": "#bone", "uv": [ 0.0, 0.0, 0.5, 0.5 ] },
														"east": { "texture": "#bone", "uv": [ 0.0, 0.0, 0.5, 0.5 ] },
														"south": { "texture": "#bone", "uv": [ 0.0, 0.0, 0.5, 0.5 ] },
														"west": { "texture": "#bone", "uv": [ 0.0, 0.0, 0.5, 0.5 ] },
														"up": { "texture": "#bone", "uv": [ 0.0, 0.0, 0.5, 0.5 ] },
														"down": { "texture": "#bone", "uv": [ 0.0, 0.0, 0.5, 0.5 ] }
													}
												},
												{
													"name": "BowBumpLover2.40",
													"from": [ 1.85, -0.05, -0.15 ],
													"to": [ 2.05, 0.85, 0.35 ],
													"rotationOrigin": [ 1.7, 0.0, -0.2 ],
													"faces": {
														"north": { "texture": "#bone", "uv": [ 0.0, 0.0, 0.5, 0.5 ] },
														"east": { "texture": "#bone", "uv": [ 0.0, 0.0, 0.5, 0.5 ] },
														"south": { "texture": "#bone", "uv": [ 0.0, 0.0, 0.5, 0.5 ] },
														"west": { "texture": "#bone", "uv": [ 0.0, 0.0, 0.5, 0.5 ] },
														"up": { "texture": "#bone", "uv": [ 0.0, 0.0, 0.5, 0.5 ] },
														"down": { "texture": "#bone", "uv": [ 0.0, 0.0, 0.5, 0.5 ] }
													},
													"children": [
														{
															"name": "BowBumpLover2.41",
															"from": [ -0.25, 0.0, 0.0 ],
															"to": [ -0.05, 0.9, 0.5 ],
															"rotationOrigin": [ -0.45, 0.05, -0.05 ],
															"faces": {
																"north": { "texture": "#bone", "uv": [ 0.0, 0.0, 0.5, 0.5 ] },
																"east": { "texture": "#bone", "uv": [ 0.0, 0.0, 0.5, 0.5 ] },
																"south": { "texture": "#bone", "uv": [ 0.0, 0.0, 0.5, 0.5 ] },
																"west": { "texture": "#bone", "uv": [ 0.0, 0.0, 0.5, 0.5 ] },
																"up": { "texture": "#bone", "uv": [ 0.0, 0.0, 0.5, 0.5 ] },
																"down": { "texture": "#bone", "uv": [ 0.0, 0.0, 0.5, 0.5 ] }
															}
														},
														{
															"name": "BowBumpLover2.42",
															"from": [ -0.5, 0.0, 0.0 ],
															"to": [ -0.3, 0.9, 0.5 ],
															"rotationOrigin": [ -0.75, 0.05, -0.05 ],
															"faces": {
																"north": { "texture": "#bone", "uv": [ 0.0, 0.0, 0.5, 0.5 ] },
																"east": { "texture": "#bone", "uv": [ 0.0, 0.0, 0.5, 0.5 ] },
																"south": { "texture": "#bone", "uv": [ 0.0, 0.0, 0.5, 0.5 ] },
																"west": { "texture": "#bone", "uv": [ 0.0, 0.0, 0.5, 0.5 ] },
																"up": { "texture": "#bone", "uv": [ 0.0, 0.0, 0.5, 0.5 ] },
																"down": { "texture": "#bone", "uv": [ 0.0, 0.0, 0.5, 0.5 ] }
															}
														},
														{
															"name": "BowBumpLover2.43",
															"from": [ -0.7, 0.0, 0.0 ],
															"to": [ -0.5, 0.9, 0.5 ],
															"rotationOrigin": [ -0.95, 0.05, -0.05 ],
															"faces": {
																"north": { "texture": "#bone", "uv": [ 0.0, 0.0, 0.5, 0.5 ] },
																"east": { "texture": "#bone", "uv": [ 0.0, 0.0, 0.5, 0.5 ] },
																"south": { "texture": "#bone", "uv": [ 0.0, 0.0, 0.5, 0.5 ] },
																"west": { "texture": "#bone", "uv": [ 0.0, 0.0, 0.5, 0.5 ] },
																"up": { "texture": "#bone", "uv": [ 0.0, 0.0, 0.5, 0.5 ] },
																"down": { "texture": "#bone", "uv": [ 0.0, 0.0, 0.5, 0.5 ] }
															}
														},
														{
															"name": "BowBumpLover2.44",
															"from": [ -1.2, 0.0, 0.0 ],
															"to": [ -1.0, 0.9, 0.5 ],
															"rotationOrigin": [ -1.45, 0.05, -0.05 ],
															"faces": {
																"north": { "texture": "#bone", "uv": [ 0.0, 0.0, 0.5, 0.5 ] },
																"east": { "texture": "#bone", "uv": [ 0.0, 0.0, 0.5, 0.5 ] },
																"south": { "texture": "#bone", "uv": [ 0.0, 0.0, 0.5, 0.5 ] },
																"west": { "texture": "#bone", "uv": [ 0.0, 0.0, 0.5, 0.5 ] },
																"up": { "texture": "#bone", "uv": [ 0.0, 0.0, 0.5, 0.5 ] },
																"down": { "texture": "#bone", "uv": [ 0.0, 0.0, 0.5, 0.5 ] }
															}
														},
														{
															"name": "BowBumpLover2.45",
															"from": [ -1.45, 0.0, 0.0 ],
															"to": [ -1.25, 0.9, 0.5 ],
															"rotationOrigin": [ -1.75, 0.05, -0.05 ],
															"faces": {
																"north": { "texture": "#bone", "uv": [ 1.5, 7.5, 2.0, 8.0 ] },
																"east": { "texture": "#bone", "uv": [ 3.5, 8.0, 4.0, 8.5 ] },
																"south": { "texture": "#bone", "uv": [ 1.5, 7.5, 2.0, 8.0 ] },
																"west": { "texture": "#bone", "uv": [ 2.0, 8.0, 2.5, 8.5 ] },
																"up": { "texture": "#bone", "uv": [ 2.0, 6.5, 2.5, 7.0 ] },
																"down": { "texture": "#bone", "uv": [ 1.5, 5.0, 2.0, 5.5 ] }
															}
														},
														{
															"name": "BowBumpLover2.46",
															"from": [ -1.7, 0.0, 0.0 ],
															"to": [ -1.5, 0.9, 0.5 ],
															"rotationOrigin": [ -2.05, 0.05, -0.05 ],
															"faces": {
																"north": { "texture": "#bone", "uv": [ 0.0, 0.0, 0.5, 0.5 ] },
																"east": { "texture": "#bone", "uv": [ 0.0, 0.0, 0.5, 0.5 ] },
																"south": { "texture": "#bone", "uv": [ 0.0, 0.0, 0.5, 0.5 ] },
																"west": { "texture": "#bone", "uv": [ 0.0, 0.0, 0.5, 0.5 ] },
																"up": { "texture": "#bone", "uv": [ 0.0, 0.0, 0.5, 0.5 ] },
																"down": { "texture": "#bone", "uv": [ 0.0, 0.0, 0.5, 0.5 ] }
															}
														}
													]
												},
												{
													"name": "BowHornLover2",
													"from": [ -1.3, 0.05, 0.65 ],
													"to": [ 0.1, 0.75, 1.05 ],
													"rotationOrigin": [ -1.3, 0.0, 0.6 ],
													"rotationY": 22.5,
													"faces": {
														"north": { "texture": "#bone", "uv": [ 0.0, 0.0, 1.0, 0.5 ] },
														"east": { "texture": "#bone", "uv": [ 0.0, 0.0, 0.5, 0.5 ] },
														"south": { "texture": "#bone", "uv": [ 0.0, 0.0, 1.0, 0.5 ] },
														"west": { "texture": "#bone", "uv": [ 0.0, 0.0, 0.5, 0.5 ] },
														"up": { "texture": "#bone", "uv": [ 0.0, 0.0, 1.0, 0.5 ] },
														"down": { "texture": "#bone", "uv": [ 0.0, 0.0, 1.0, 0.5 ] }
													}
												}
											]
										}
									]
								},
								{
									"name": "BowCompositeDown4",
									"from": [ -0.1, -0.1, 0.1 ],
									"to": [ 5.9, 0.9, 0.7 ],
									"rotationOrigin": [ 5.9, 0.5, 0.4 ],
									"faces": {
										"north": { "texture": "#bone", "uv": [ 4.5, 5.0, 10.5, 6.0 ] },
										"east": { "texture": "#bone", "uv": [ 0.0, 0.0, 0.5, 1.0 ] },
										"south": { "texture": "#bone", "uv": [ 4.0, 4.5, 10.0, 5.5 ] },
										"west": { "texture": "#bone", "uv": [ 0.0, 0.0, 0.5, 1.0 ] },
										"up": { "texture": "#bone", "uv": [ 4.5, 5.0, 10.5, 5.5 ] },
										"down": { "texture": "#bone", "uv": [ 5.0, 5.5, 11.0, 6.0 ] }
									},
									"children": [
										{
											"name": "HornBumpLover1.13",
											"from": [ 5.5, -0.05, -0.2 ],
											"to": [ 5.9, 1.05, 0.55 ],
											"rotationOrigin": [ 5.5, 0.0, -0.2 ],
											"faces": {
												"north": { "texture": "#bone", "uv": [ 0.0, 0.0, 0.5, 1.0 ] },
												"east": { "texture": "#bone", "uv": [ 0.0, 0.0, 0.5, 1.0 ] },
												"south": { "texture": "#bone", "uv": [ 0.0, 0.0, 0.5, 1.0 ] },
												"west": { "texture": "#bone", "uv": [ 0.0, 0.0, 0.5, 1.0 ] },
												"up": { "texture": "#bone", "uv": [ 0.0, 0.0, 0.5, 0.5 ] },
												"down": { "texture": "#bone", "uv": [ 0.0, 0.0, 0.5, 0.5 ] }
											}
										},
										{
											"name": "HornBumpLover1.14",
											"from": [ 5.0, -0.05, -0.2 ],
											"to": [ 5.4, 1.05, 0.55 ],
											"rotationOrigin": [ 5.0, 0.0, -0.2 ],
											"faces": {
												"north": { "texture": "#bone", "uv": [ 2.0, 6.0, 2.5, 7.0 ] },
												"east": { "texture": "#bone", "uv": [ 2.5, 7.5, 3.0, 8.5 ] },
												"south": { "texture": "#bone", "uv": [ 1.5, 5.5, 2.0, 6.5 ] },
												"west": { "texture": "#bone", "uv": [ 0.0, 0.0, 0.5, 1.0 ] },
												"up": { "texture": "#bone", "uv": [ 1.5, 5.0, 2.0, 5.5 ] },
												"down": { "texture": "#bone", "uv": [ 1.5, 5.0, 2.0, 5.5 ] }
											}
										},
										{
											"name": "HornBumpLover1.15",
											"from": [ 4.5, -0.05, -0.2 ],
											"to": [ 4.9, 1.05, 0.55 ],
											"rotationOrigin": [ 4.5, 0.0, -0.2 ],
											"faces": {
												"north": { "texture": "#bone", "uv": [ 0.0, 0.0, 0.5, 1.0 ] },
												"east": { "texture": "#bone", "uv": [ 0.0, 0.0, 0.5, 1.0 ] },
												"south": { "texture": "#bone", "uv": [ 0.0, 0.0, 0.5, 1.0 ] },
												"west": { "texture": "#bone", "uv": [ 0.0, 0.0, 0.5, 1.0 ] },
												"up": { "texture": "#bone", "uv": [ 0.0, 0.0, 0.5, 0.5 ] },
												"down": { "texture": "#bone", "uv": [ 0.0, 0.0, 0.5, 0.5 ] }
											}
										},
										{
											"name": "HornBumpLover1.16",
											"from": [ 4.0, -0.05, -0.2 ],
											"to": [ 4.4, 1.05, 0.55 ],
											"rotationOrigin": [ 4.0, 0.0, -0.2 ],
											"faces": {
												"north": { "texture": "#bone", "uv": [ 0.0, 0.0, 0.5, 1.0 ] },
												"east": { "texture": "#bone", "uv": [ 0.0, 0.0, 0.5, 1.0 ] },
												"south": { "texture": "#bone", "uv": [ 0.0, 0.0, 0.5, 1.0 ] },
												"west": { "texture": "#bone", "uv": [ 0.0, 0.0, 0.5, 1.0 ] },
												"up": { "texture": "#bone", "uv": [ 0.0, 0.0, 0.5, 0.5 ] },
												"down": { "texture": "#bone", "uv": [ 0.0, 0.0, 0.5, 0.5 ] }
											}
										},
										{
											"name": "HornBumpLover1.17",
											"from": [ 3.5, -0.05, -0.2 ],
											"to": [ 3.9, 1.05, 0.55 ],
											"rotationOrigin": [ 3.5, 0.0, -0.2 ],
											"faces": {
												"north": { "texture": "#bone", "uv": [ 1.0, 5.0, 1.5, 6.0 ] },
												"east": { "texture": "#bone", "uv": [ 1.5, 4.5, 2.0, 5.5 ] },
												"south": { "texture": "#bone", "uv": [ 1.5, 5.0, 2.0, 6.0 ] },
												"west": { "texture": "#bone", "uv": [ 2.0, 4.5, 2.5, 5.5 ] },
												"up": { "texture": "#bone", "uv": [ 0.0, 0.0, 0.5, 0.5 ] },
												"down": { "texture": "#bone", "uv": [ 1.5, 4.5, 2.0, 5.0 ] }
											},
											"children": [
												{
													"name": "HornBumpLover1.18",
													"from": [ -0.5, 0.0, 0.0 ],
													"to": [ -0.1, 1.1, 0.75 ],
													"rotationOrigin": [ -0.5, 0.05, 0.0 ],
													"faces": {
														"north": { "texture": "#bone", "uv": [ 1.5, 4.0, 2.0, 5.0 ] },
														"east": { "texture": "#bone", "uv": [ 1.5, 5.0, 2.0, 6.0 ] },
														"south": { "texture": "#bone", "uv": [ 1.5, 6.5, 2.0, 7.5 ] },
														"west": { "texture": "#bone", "uv": [ 1.5, 5.5, 2.0, 6.5 ] },
														"up": { "texture": "#bone", "uv": [ 2.0, 6.5, 2.5, 7.0 ] },
														"down": { "texture": "#bone", "uv": [ 1.5, 4.5, 2.0, 5.0 ] }
													},
													"children": [
														{
															"name": "HornBumpLover1.19",
															"from": [ -0.5, 0.0, 0.0 ],
															"to": [ -0.1, 1.1, 0.75 ],
															"rotationOrigin": [ -0.5, 0.05, 0.0 ],
															"faces": {
																"north": { "texture": "#bone", "uv": [ 12.0, 6.0, 12.5, 7.0 ] },
																"east": { "texture": "#bone", "uv": [ 12.5, 5.5, 13.0, 6.5 ] },
																"south": { "texture": "#bone", "uv": [ 12.0, 5.5, 12.5, 6.5 ] },
																"west": { "texture": "#bone", "uv": [ 12.5, 6.0, 13.0, 7.0 ] },
																"up": { "texture": "#bone", "uv": [ 12.0, 5.0, 12.5, 5.5 ] },
																"down": { "texture": "#bone", "uv": [ 0.0, 0.0, 0.5, 0.5 ] }
															}
														},
														{
															"name": "HornBumpLover1.20",
															"from": [ -1.0, 0.0, 0.05 ],
															"to": [ -0.6, 1.1, 0.75 ],
															"rotationOrigin": [ -1.0, 0.05, 0.0 ],
															"faces": {
																"north": { "texture": "#bone", "uv": [ 0.0, 0.0, 0.5, 1.0 ] },
																"east": { "texture": "#bone", "uv": [ 0.0, 0.0, 0.5, 1.0 ] },
																"south": { "texture": "#bone", "uv": [ 0.0, 0.0, 0.5, 1.0 ] },
																"west": { "texture": "#bone", "uv": [ 0.0, 0.0, 0.5, 1.0 ] },
																"up": { "texture": "#bone", "uv": [ 0.0, 0.0, 0.5, 0.5 ] },
																"down": { "texture": "#bone", "uv": [ 0.0, 0.0, 0.5, 0.5 ] }
															}
														},
														{
															"name": "HornBumpLover1.21",
															"from": [ -1.5, 0.0, 0.05 ],
															"to": [ -1.1, 1.1, 0.75 ],
															"rotationOrigin": [ -1.5, 0.05, 0.0 ],
															"faces": {
																"north": { "texture": "#bone", "uv": [ 2.5, 12.0, 3.0, 13.0 ] },
																"east": { "texture": "#bone", "uv": [ 4.0, 9.0, 4.5, 10.0 ] },
																"south": { "texture": "#bone", "uv": [ 4.5, 8.0, 5.0, 9.0 ] },
																"west": { "texture": "#bone", "uv": [ 3.5, 8.5, 4.0, 9.5 ] },
																"up": { "texture": "#bone", "uv": [ 4.5, 8.0, 5.0, 8.5 ] },
																"down": { "texture": "#bone", "uv": [ 3.0, 4.5, 3.5, 5.0 ] }
															}
														},
														{
															"name": "HornBumpLover1.22",
															"from": [ -2.0, 0.0, 0.05 ],
															"to": [ -1.6, 1.1, 0.75 ],
															"rotationOrigin": [ -2.0, 0.05, 0.0 ],
															"faces": {
																"north": { "texture": "#bone", "uv": [ 0.0, 0.0, 0.5, 1.0 ] },
																"east": { "texture": "#bone", "uv": [ 0.0, 0.0, 0.5, 1.0 ] },
																"south": { "texture": "#bone", "uv": [ 0.0, 0.0, 0.5, 1.0 ] },
																"west": { "texture": "#bone", "uv": [ 0.0, 0.0, 0.5, 1.0 ] },
																"up": { "texture": "#bone", "uv": [ 0.0, 0.0, 0.5, 0.5 ] },
																"down": { "texture": "#bone", "uv": [ 0.0, 0.0, 0.5, 0.5 ] }
															}
														},
														{
															"name": "HornBumpLover1.23",
															"from": [ -2.5, 0.0, 0.05 ],
															"to": [ -2.1, 1.1, 0.75 ],
															"rotationOrigin": [ -2.5, 0.05, 0.0 ],
															"faces": {
																"north": { "texture": "#bone", "uv": [ 1.0, 6.0, 1.5, 7.0 ] },
																"east": { "texture": "#bone", "uv": [ 1.5, 6.0, 2.0, 7.0 ] },
																"south": { "texture": "#bone", "uv": [ 2.0, 7.0, 2.5, 8.0 ] },
																"west": { "texture": "#bone", "uv": [ 2.5, 7.0, 3.0, 8.0 ] },
																"up": { "texture": "#bone", "uv": [ 3.0, 7.0, 3.5, 7.5 ] },
																"down": { "texture": "#bone", "uv": [ 1.0, 6.0, 1.5, 6.5 ] }
															}
														},
														{
															"name": "HornBumpLover1.24",
															"from": [ -2.95, 0.0, 0.05 ],
															"to": [ -2.55, 1.1, 0.75 ],
															"rotationOrigin": [ -3.0, 0.05, 0.0 ],
															"faces": {
																"north": { "texture": "#bone", "uv": [ 0.0, 0.0, 0.5, 1.0 ] },
																"east": { "texture": "#bone", "uv": [ 0.0, 0.0, 0.5, 1.0 ] },
																"south": { "texture": "#bone", "uv": [ 0.0, 0.0, 0.5, 1.0 ] },
																"west": { "texture": "#bone", "uv": [ 0.0, 0.0, 0.5, 1.0 ] },
																"up": { "texture": "#bone", "uv": [ 0.0, 0.0, 0.5, 0.5 ] },
																"down": { "texture": "#bone", "uv": [ 0.0, 0.0, 0.5, 0.5 ] }
															}
														}
													]
												}
											]
										}
									]
								}
							]
						},
						{
							"name": "pelt",
							"from": [ -0.1, 0.05, 0.05 ],
							"to": [ 3.6, 0.95, 0.85 ],
							"rotationOrigin": [ -0.2, -0.7, 0.0 ],
							"faces": {
								"north": { "texture": "#pelt", "uv": [ 0.0, 0.0, 3.5, 0.75 ] },
								"east": { "texture": "#pelt", "uv": [ 0.0, 0.0, 0.75, 0.75 ] },
								"south": { "texture": "#pelt", "uv": [ 0.0, 0.0, 3.5, 0.75 ] },
								"west": { "texture": "#pelt", "uv": [ 0.0, 0.0, 0.75, 0.75 ] },
								"up": { "texture": "#pelt", "uv": [ 0.0, 0.0, 3.5, 0.75 ] },
								"down": { "texture": "#pelt", "uv": [ 0.0, 0.0, 3.5, 0.75 ] }
							}
						}
					]
				}
			]
		}
	],
	"animations": [
		{
			"name": "Draw",
			"code": "draw",
			"quantityframes": 15,
			"onActivityStopped": "EaseOut",
			"onAnimationEnd": "Hold",
			"keyframes": [
				{
					"frame": 0,
					"elements": {
						"BowGrip": { "offsetX": 0.0, "offsetY": 0.0, "offsetZ": 0.0, "rotationX": 0.0, "rotationY": 0.0, "rotationZ": 0.0 },
						"BowLimbDown": { "offsetX": 0.0, "offsetY": 0.0, "offsetZ": 0.0, "rotationX": 0.0, "rotationY": 0.0, "rotationZ": 0.0 },
						"BowTipDown": { "offsetX": 0.0, "offsetY": 0.0, "offsetZ": 0.0, "rotationX": 0.0, "rotationY": 0.0, "rotationZ": 0.0 },
						"BowStringDown1": { "offsetX": 0.0, "offsetY": 0.0, "offsetZ": 0.0, "rotationX": 0.0, "rotationY": 0.0, "rotationZ": 0.0 },
						"BowStringDown2": { "offsetX": 0.0, "offsetY": 0.0, "offsetZ": 0.0, "rotationX": 0.0, "rotationY": 0.0, "rotationZ": 0.0 },
						"BowLimbDown2": { "offsetX": 0.0, "offsetY": 0.0, "offsetZ": 0.0, "rotationX": 0.0, "rotationY": 0.0, "rotationZ": 0.0 },
						"BowStringDown3": { "offsetX": 0.0, "offsetY": 0.0, "offsetZ": 0.0, "rotationX": 0.0, "rotationY": 0.0, "rotationZ": 0.0 },
						"BowStringDown4": { "offsetX": 0.0, "offsetY": 0.0, "offsetZ": 0.0, "rotationX": 0.0, "rotationY": 0.0, "rotationZ": 0.0 },
						"BowTipDown2": { "offsetX": 0.0, "offsetY": 0.0, "offsetZ": 0.0, "rotationX": 0.0, "rotationY": 0.0, "rotationZ": 0.0 },
						"BowNock2": { "offsetX": 0.0, "offsetY": 0.0, "offsetZ": 0.0, "rotationX": 0.0, "rotationY": 0.0, "rotationZ": 0.0 }
					}
				},
				{
					"frame": 3,
					"elements": {
						"BowStringDown2": { "offsetX": -1.3, "offsetY": 0.0, "offsetZ": 0.0, "rotationX": 0.0, "rotationY": 0.0, "rotationZ": 0.0 },
						"BowStringDown4": { "offsetX": 0.0, "offsetY": 0.0, "offsetZ": 0.0, "rotationX": 0.0, "rotationY": 0.0, "rotationZ": 0.0 },
						"BowNock2": { "offsetX": 0.1714, "offsetY": 0.0, "offsetZ": -0.0429, "rotationX": 0.0, "rotationY": 9.7143, "rotationZ": 0.0 },
						"BowStringDown1": { "offsetX": 0.0, "offsetY": 0.0, "offsetZ": 0.0, "rotationX": 0.0, "rotationY": -21.4286, "rotationZ": 0.0 }
					}
				},
				{
					"frame": 5,
					"elements": {
						"BowStringDown2": { "offsetX": -1.6, "offsetY": 0.0, "offsetZ": 0.0, "rotationX": 0.0, "rotationY": 0.0, "rotationZ": 0.0 },
						"BowStringDown1": { "offsetX": 0.0, "offsetY": 0.0, "offsetZ": 0.0, "rotationX": 0.0, "rotationY": -35.8416, "rotationZ": 0.0 }
					}
				},
				{
					"frame": 14,
					"elements": {
						"BowLimbDown": { "offsetX": 0.0, "offsetY": 0.0, "offsetZ": 0.0, "rotationX": 0.0, "rotationY": 22.5, "rotationZ": 0.0 },
						"BowTipDown": { "offsetX": 0.0, "offsetY": 0.0, "offsetZ": -0.35, "rotationX": 0.0, "rotationY": 22.5, "rotationZ": 0.0 },
						"BowStringDown1": { "offsetX": 0.0, "offsetY": 0.0, "offsetZ": 0.0, "rotationX": 0.0, "rotationY": -93.4, "rotationZ": 0.0 },
						"BowStringDown2": { "offsetX": -0.1, "offsetY": 0.0, "offsetZ": 0.0, "rotationX": 0.0, "rotationY": 0.0, "rotationZ": 0.0 },
						"BowLimbDown2": { "offsetX": 0.0, "offsetY": 0.0, "offsetZ": 0.0, "rotationX": 0.0, "rotationY": -22.5, "rotationZ": 0.0 },
						"BowStringDown3": { "offsetX": 0.0, "offsetY": 0.0, "offsetZ": 0.0, "rotationX": 0.0, "rotationY": -93.0, "rotationZ": 0.0 },
						"BowStringDown4": { "offsetX": 0.0, "offsetY": 0.0, "offsetZ": 0.0, "rotationX": 0.0, "rotationY": 0.0, "rotationZ": 0.0 },
						"BowTipDown2": { "offsetX": 0.0, "offsetY": 0.0, "offsetZ": -0.35, "rotationX": 0.0, "rotationY": 22.5, "rotationZ": 0.0 },
						"BowNock2": { "offsetX": 0.8, "offsetY": 0.0, "offsetZ": -0.2, "rotationX": 0.0, "rotationY": 50.0, "rotationZ": 0.0 }
					}
				},
				{
					"frame": 15,
					"elements": {
						"BowGrip": { "offsetX": 0.0, "offsetY": 0.0, "offsetZ": 0.0, "rotationX": 0.0, "rotationY": 0.0, "rotationZ": 0.0 },
						"BowLimbDown": { "offsetX": 0.0, "offsetY": 0.0, "offsetZ": 0.0, "rotationX": 0.0, "rotationY": 22.5, "rotationZ": 0.0 },
						"BowTipDown": { "offsetX": 0.0, "offsetY": 0.0, "offsetZ": 0.0, "rotationX": 0.0, "rotationY": 22.5, "rotationZ": 0.0 },
						"BowStringDown1": { "offsetX": 0.0, "offsetY": 0.0, "offsetZ": 0.0, "rotationX": 0.0, "rotationY": -112.5, "rotationZ": 0.0 },
						"BowStringDown2": { "offsetX": 0.0, "offsetY": 0.0, "offsetZ": 0.0, "rotationX": 0.0, "rotationY": 22.5, "rotationZ": 0.0 }
					}
				}
			]
		},

		{
			"name": "Release",
			"code": "release",
			"quantityframes": 15,
			"onActivityStopped": "Rewind",
			"onAnimationEnd": "Hold",
			"keyframes": [
				{
					"frame": 0,
					"elements": {
						"BowLimbDown2": { "offsetX": 0.0, "offsetY": 0.0, "offsetZ": 0.0, "rotationX": 0.0, "rotationY": -22.5, "rotationZ": 0.0 },
						"BowLimbDown": { "offsetX": 0.0, "offsetY": 0.0, "offsetZ": 0.0, "rotationX": 0.0, "rotationY": 22.5, "rotationZ": 0.0 },
						"BowTipDown2": { "offsetX": 0.0, "offsetY": 0.0, "offsetZ": -0.35, "rotationX": 0.0, "rotationY": 22.5, "rotationZ": 0.0 },
						"BowTipDown": { "offsetX": 0.0, "offsetY": 0.0, "offsetZ": -0.35, "rotationX": 0.0, "rotationY": 22.5, "rotationZ": 0.0 },
						"BowStringDown1": { "offsetX": 0.0, "offsetY": 0.0, "offsetZ": 0.0, "rotationX": 0.0, "rotationY": -93.0, "rotationZ": 0.0 },
						"BowStringDown3": { "offsetX": 0.0, "offsetY": 0.0, "offsetZ": 0.0, "rotationX": 0.0, "rotationY": -93.0, "rotationZ": 0.0 },
						"BowNock2": { "offsetX": 0.8, "offsetY": 0.0, "offsetZ": -0.2, "rotationX": 0.0, "rotationY": 50.0, "rotationZ": 0.0 },
						"BowStringDown2": { "offsetX": 0.0, "offsetY": 0.0, "offsetZ": 0.0, "rotationX": 0.0, "rotationY": -0.4615, "rotationZ": 0.0 }
					}
				},
				{
					"frame": 3,
					"elements": {
						"BowStringDown1": { "offsetX": 0.0, "offsetY": 0.0, "offsetZ": 0.0, "rotationX": 0.0, "rotationY": -76.0714, "rotationZ": 0.0 },
						"BowStringDown2": { "offsetX": -1.0, "offsetY": 0.0, "offsetZ": 0.0, "rotationX": 0.0, "rotationY": 0.0, "rotationZ": 0.0 }
					}
				},
				{
					"frame": 5,
					"elements": {
						"BowStringDown1": { "offsetX": 0.0, "offsetY": 0.0, "offsetZ": 0.0, "rotationX": 0.0, "rotationY": -63.6403, "rotationZ": 0.0 },
						"BowStringDown2": { "offsetX": -1.3182, "offsetY": 0.0, "offsetZ": 0.0, "rotationX": 0.0, "rotationY": 0.0, "rotationZ": 0.0 }
					}
				},
				{
					"frame": 14,
					"elements": {
						"BowLimbDown2": { "offsetX": 0.0, "offsetY": 0.0, "offsetZ": 0.0, "rotationX": 0.0, "rotationY": 0.0, "rotationZ": 0.0 },
						"BowTipDown2": { "offsetX": 0.0, "offsetY": 0.0, "offsetZ": 0.0, "rotationX": 0.0, "rotationY": 0.0, "rotationZ": 0.0 },
						"BowLimbDown": { "offsetX": 0.0, "offsetY": 0.0, "offsetZ": 0.0, "rotationX": 0.0, "rotationY": 0.0, "rotationZ": 0.0 },
						"BowTipDown": { "offsetX": 0.0, "offsetY": 0.0, "offsetZ": 0.0, "rotationX": 0.0, "rotationY": 0.0, "rotationZ": 0.0 },
						"BowStringDown3": { "offsetX": 0.0, "offsetY": 0.0, "offsetZ": 0.0, "rotationX": 0.0, "rotationY": 0.0, "rotationZ": 0.0 },
						"BowStringDown1": { "offsetX": 0.0, "offsetY": 0.0, "offsetZ": 0.0, "rotationX": 0.0, "rotationY": 0.0, "rotationZ": 0.0 },
						"BowNock2": { "offsetX": 0.0, "offsetY": 0.0, "offsetZ": 0.0, "rotationX": 0.0, "rotationY": 0.0, "rotationZ": 0.0 },
						"BowStringDown2": { "offsetX": 0.0, "offsetY": 0.0, "offsetZ": 0.0, "rotationX": 0.0, "rotationY": 0.0, "rotationZ": 0.0 }
					}
				}
			]
		}
	]
}