{
	"editor": {
		"allAngles": true,
		"entityTextureMode": false
	},
	"textureWidth": 4,
	"textureHeight": 4,
	"textureSizes": {
		"trunk": [8,16],
		"caricapapayaflower": [4,4]
	},
	"textures": {
	},
	"elements": [
		{
			"name": "Tunk",
			"from": [ 5.5, 0.0, 5.5 ],
			"to": [ 10.5, 16.0, 10.5 ],
			"rotationOrigin": [ 5.5, 0.0, 5.5 ],
			"faces": {
				"north": { "texture": "#trunk", "uv": [ 0.0, 0.0, 5.0, 16.0 ] },
				"east": { "texture": "#trunk", "uv": [ 0.0, 0.0, 5.0, 16.0 ] },
				"south": { "texture": "#trunk", "uv": [ 0.0, 0.0, 5.0, 16.0 ] },
				"west": { "texture": "#trunk", "uv": [ 0.0, 0.0, 5.0, 16.0 ] },
				"up": { "texture": "#trunk", "uv": [ 5.0, 0.0, 8.0, 3.0 ], "autoUv": false, "windMode": [-1,-1,-1,-1], "windData": [1,1,1,1] },
				"down": { "texture": "#trunk", "uv": [ 5.0, 0.0, 8.0, 3.0 ], "autoUv": false, "windMode": [-1,-1,-1,-1] }
			},
			"children": [
				{
					"name": "Rotation point",
					"from": [ 2.5, 0.0, 2.5 ],
					"to": [ 2.5, 0.0, 2.5 ],
					"rotationOrigin": [ 2.5, 0.0, 2.5 ],
					"faces": {
					},
					"children": [
						{
							"name": "Flower 1",
							"from": [ -5.3, 0.0, -1.5 ],
							"to": [ -1.3, 0.0, 2.5 ],
							"shade": false,
							"renderPass": 1,
							"rotationOrigin": [ -3.3, 0.0, 0.5 ],
							"rotationX": -3.0,
							"rotationY": -8.0,
							"rotationZ": 72.0,
							"faces": {
								"up": { "texture": "#caricapapayaflower", "uv": [ 0.0, 0.0, 4.0, 4.0 ], "windMode": [-1,-1,-1,-1] }
							},
							"children": [
								{
									"name": "Flowerbase",
									"from": [ 1.5, -1.0, 1.5 ],
									"to": [ 2.5, 0.0, 2.5 ],
									"rotationOrigin": [ 1.5, -1.0, 1.5 ],
									"faces": {
										"north": { "texture": "#caricapapayaflower", "uv": [ 0.5, 1.0, 1.5, 2.0 ] },
										"east": { "texture": "#caricapapayaflower", "uv": [ 3.0, 2.5, 4.0, 3.5 ] },
										"south": { "texture": "#caricapapayaflower", "uv": [ 3.0, 2.5, 4.0, 3.5 ] },
										"west": { "texture": "#caricapapayaflower", "uv": [ 0.5, 3.0, 1.5, 4.0 ] }
									}
								}
							]
						},
						{
							"name": "Flower 2",
							"from": [ -5.3, 6.0, -0.5 ],
							"to": [ -1.3, 6.0, 3.5 ],
							"shade": false,
							"renderPass": 1,
							"rotationOrigin": [ -3.3, 6.0, 1.5 ],
							"rotationX": -3.0,
							"rotationY": 14.0,
							"rotationZ": 72.0,
							"faces": {
								"up": { "texture": "#caricapapayaflower", "uv": [ 0.0, 0.0, 4.0, 4.0 ], "rotation": 90, "windMode": [-1,-1,-1,-1] }
							},
							"children": [
								{
									"name": "Flowerbase2",
									"from": [ 1.5, -1.0, 1.5 ],
									"to": [ 2.5, 0.0, 2.5 ],
									"rotationOrigin": [ 1.5, -1.0, 1.5 ],
									"faces": {
										"north": { "texture": "#caricapapayaflower", "uv": [ 0.5, 1.0, 1.5, 2.0 ] },
										"east": { "texture": "#caricapapayaflower", "uv": [ 3.0, 2.5, 4.0, 3.5 ] },
										"south": { "texture": "#caricapapayaflower", "uv": [ 3.0, 2.5, 4.0, 3.5 ] },
										"west": { "texture": "#caricapapayaflower", "uv": [ 0.5, 3.0, 1.5, 4.0 ] }
									}
								}
							]
						},
						{
							"name": "Flower 3",
							"from": [ -5.1, 10.0, -3.5 ],
							"to": [ -1.1, 10.0, 0.5 ],
							"shade": false,
							"renderPass": 1,
							"rotationOrigin": [ -3.1, 10.0, -1.5 ],
							"rotationX": -3.0,
							"rotationY": -14.0,
							"rotationZ": 72.0,
							"faces": {
								"up": { "texture": "#caricapapayaflower", "uv": [ 0.0, 0.0, 4.0, 4.0 ], "rotation": 180, "windMode": [-1,-1,-1,-1] }
							},
							"children": [
								{
									"name": "Flowerbase3",
									"from": [ 1.5, -1.0, 1.5 ],
									"to": [ 2.5, 0.0, 2.5 ],
									"rotationOrigin": [ 1.5, -1.0, 1.5 ],
									"faces": {
										"north": { "texture": "#caricapapayaflower", "uv": [ 0.5, 1.0, 1.5, 2.0 ] },
										"east": { "texture": "#caricapapayaflower", "uv": [ 3.0, 2.5, 4.0, 3.5 ] },
										"south": { "texture": "#caricapapayaflower", "uv": [ 3.0, 2.5, 4.0, 3.5 ] },
										"west": { "texture": "#caricapapayaflower", "uv": [ 0.5, 3.0, 1.5, 4.0 ] }
									}
								}
							]
						},
						{
							"name": "Flower 4",
							"from": [ -5.1, 15.0, -3.5 ],
							"to": [ -1.1, 15.0, 0.5 ],
							"shade": false,
							"renderPass": 1,
							"rotationOrigin": [ -3.1, 15.0, -1.5 ],
							"rotationX": -14.0,
							"rotationY": 11.0,
							"rotationZ": 72.0,
							"faces": {
								"up": { "texture": "#caricapapayaflower", "uv": [ 0.0, 0.0, 4.0, 4.0 ], "rotation": 270, "windMode": [-1,-1,-1,-1] }
							},
							"children": [
								{
									"name": "Flowerbase4",
									"from": [ 1.5, -1.0, 1.5 ],
									"to": [ 2.5, 0.0, 2.5 ],
									"rotationOrigin": [ 1.5, -1.0, 1.5 ],
									"faces": {
										"north": { "texture": "#caricapapayaflower", "uv": [ 0.5, 1.0, 1.5, 2.0 ] },
										"east": { "texture": "#caricapapayaflower", "uv": [ 3.0, 2.5, 4.0, 3.5 ] },
										"south": { "texture": "#caricapapayaflower", "uv": [ 3.0, 2.5, 4.0, 3.5 ] },
										"west": { "texture": "#caricapapayaflower", "uv": [ 0.5, 3.0, 1.5, 4.0 ] }
									}
								}
							]
						}
					]
				},
				{
					"name": "Rotation point2",
					"from": [ 2.5, 0.0, 2.5 ],
					"to": [ 2.5, 0.0, 2.5 ],
					"rotationOrigin": [ 2.5, 0.0, 2.5 ],
					"rotationY": 90.0,
					"faces": {
					},
					"children": [
						{
							"name": "Flower 5",
							"from": [ -5.3, 0.0, -1.5 ],
							"to": [ -1.3, 0.0, 2.5 ],
							"shade": false,
							"renderPass": 1,
							"rotationOrigin": [ -3.3, 0.0, 0.5 ],
							"rotationX": -3.0,
							"rotationY": -8.0,
							"rotationZ": 72.0,
							"faces": {
								"up": { "texture": "#caricapapayaflower", "uv": [ 0.0, 0.0, 4.0, 4.0 ], "windMode": [-1,-1,-1,-1] }
							},
							"children": [
								{
									"name": "Flowerbase5",
									"from": [ 1.5, -1.0, 1.5 ],
									"to": [ 2.5, 0.0, 2.5 ],
									"rotationOrigin": [ 1.5, -1.0, 1.5 ],
									"faces": {
										"north": { "texture": "#caricapapayaflower", "uv": [ 0.5, 1.0, 1.5, 2.0 ] },
										"east": { "texture": "#caricapapayaflower", "uv": [ 3.0, 2.5, 4.0, 3.5 ] },
										"south": { "texture": "#caricapapayaflower", "uv": [ 3.0, 2.5, 4.0, 3.5 ] },
										"west": { "texture": "#caricapapayaflower", "uv": [ 0.5, 3.0, 1.5, 4.0 ] }
									}
								}
							]
						},
						{
							"name": "Flower 6",
							"from": [ -5.3, 6.0, -0.5 ],
							"to": [ -1.3, 6.0, 3.5 ],
							"shade": false,
							"renderPass": 1,
							"rotationOrigin": [ -3.3, 6.0, 1.5 ],
							"rotationX": -3.0,
							"rotationY": 14.0,
							"rotationZ": 72.0,
							"faces": {
								"up": { "texture": "#caricapapayaflower", "uv": [ 0.0, 0.0, 4.0, 4.0 ], "rotation": 90, "windMode": [-1,-1,-1,-1] }
							},
							"children": [
								{
									"name": "Flowerbase6",
									"from": [ 1.5, -1.0, 1.5 ],
									"to": [ 2.5, 0.0, 2.5 ],
									"rotationOrigin": [ 1.5, -1.0, 1.5 ],
									"faces": {
										"north": { "texture": "#caricapapayaflower", "uv": [ 0.5, 1.0, 1.5, 2.0 ] },
										"east": { "texture": "#caricapapayaflower", "uv": [ 3.0, 2.5, 4.0, 3.5 ] },
										"south": { "texture": "#caricapapayaflower", "uv": [ 3.0, 2.5, 4.0, 3.5 ] },
										"west": { "texture": "#caricapapayaflower", "uv": [ 0.5, 3.0, 1.5, 4.0 ] }
									}
								}
							]
						},
						{
							"name": "Flower 7",
							"from": [ -5.1, 10.0, -3.5 ],
							"to": [ -1.1, 10.0, 0.5 ],
							"shade": false,
							"renderPass": 1,
							"rotationOrigin": [ -3.1, 10.0, -1.5 ],
							"rotationX": -3.0,
							"rotationY": -14.0,
							"rotationZ": 72.0,
							"faces": {
								"up": { "texture": "#caricapapayaflower", "uv": [ 0.0, 0.0, 4.0, 4.0 ], "rotation": 180, "windMode": [-1,-1,-1,-1] }
							},
							"children": [
								{
									"name": "Flowerbase7",
									"from": [ 1.5, -1.0, 1.5 ],
									"to": [ 2.5, 0.0, 2.5 ],
									"rotationOrigin": [ 1.5, -1.0, 1.5 ],
									"faces": {
										"north": { "texture": "#caricapapayaflower", "uv": [ 0.5, 1.0, 1.5, 2.0 ] },
										"east": { "texture": "#caricapapayaflower", "uv": [ 3.0, 2.5, 4.0, 3.5 ] },
										"south": { "texture": "#caricapapayaflower", "uv": [ 3.0, 2.5, 4.0, 3.5 ] },
										"west": { "texture": "#caricapapayaflower", "uv": [ 0.5, 3.0, 1.5, 4.0 ] }
									}
								}
							]
						},
						{
							"name": "Flower 8",
							"from": [ -5.1, 15.0, -3.5 ],
							"to": [ -1.1, 15.0, 0.5 ],
							"shade": false,
							"renderPass": 1,
							"rotationOrigin": [ -3.1, 15.0, -1.5 ],
							"rotationX": -14.0,
							"rotationY": 11.0,
							"rotationZ": 72.0,
							"faces": {
								"up": { "texture": "#caricapapayaflower", "uv": [ 0.0, 0.0, 4.0, 4.0 ], "rotation": 270, "windMode": [-1,-1,-1,-1] }
							},
							"children": [
								{
									"name": "Flowerbase8",
									"from": [ 1.5, -1.0, 1.5 ],
									"to": [ 2.5, 0.0, 2.5 ],
									"rotationOrigin": [ 1.5, -1.0, 1.5 ],
									"faces": {
										"north": { "texture": "#caricapapayaflower", "uv": [ 0.5, 1.0, 1.5, 2.0 ] },
										"east": { "texture": "#caricapapayaflower", "uv": [ 3.0, 2.5, 4.0, 3.5 ] },
										"south": { "texture": "#caricapapayaflower", "uv": [ 3.0, 2.5, 4.0, 3.5 ] },
										"west": { "texture": "#caricapapayaflower", "uv": [ 0.5, 3.0, 1.5, 4.0 ] }
									}
								}
							]
						}
					]
				},
				{
					"name": "Rotation point3",
					"from": [ 2.5, 0.0, 2.5 ],
					"to": [ 2.5, 0.0, 2.5 ],
					"rotationOrigin": [ 2.5, 0.0, 2.5 ],
					"rotationY": -90.0,
					"faces": {
					},
					"children": [
						{
							"name": "Flower 9",
							"from": [ -5.3, 0.0, -1.5 ],
							"to": [ -1.3, 0.0, 2.5 ],
							"shade": false,
							"renderPass": 1,
							"rotationOrigin": [ -3.3, 0.0, 0.5 ],
							"rotationX": -3.0,
							"rotationY": -8.0,
							"rotationZ": 72.0,
							"faces": {
								"up": { "texture": "#caricapapayaflower", "uv": [ 0.0, 0.0, 4.0, 4.0 ], "windMode": [-1,-1,-1,-1] }
							},
							"children": [
								{
									"name": "Flowerbase9",
									"from": [ 1.5, -1.0, 1.5 ],
									"to": [ 2.5, 0.0, 2.5 ],
									"rotationOrigin": [ 1.5, -1.0, 1.5 ],
									"faces": {
										"north": { "texture": "#caricapapayaflower", "uv": [ 0.5, 1.0, 1.5, 2.0 ] },
										"east": { "texture": "#caricapapayaflower", "uv": [ 3.0, 2.5, 4.0, 3.5 ] },
										"south": { "texture": "#caricapapayaflower", "uv": [ 3.0, 2.5, 4.0, 3.5 ] },
										"west": { "texture": "#caricapapayaflower", "uv": [ 0.5, 3.0, 1.5, 4.0 ] }
									}
								}
							]
						},
						{
							"name": "Flower 10",
							"from": [ -5.3, 6.0, -0.5 ],
							"to": [ -1.3, 6.0, 3.5 ],
							"shade": false,
							"renderPass": 1,
							"rotationOrigin": [ -3.3, 6.0, 1.5 ],
							"rotationX": -3.0,
							"rotationY": 14.0,
							"rotationZ": 72.0,
							"faces": {
								"up": { "texture": "#caricapapayaflower", "uv": [ 0.0, 0.0, 4.0, 4.0 ], "rotation": 90, "windMode": [-1,-1,-1,-1] }
							},
							"children": [
								{
									"name": "Flowerbase10",
									"from": [ 1.5, -1.0, 1.5 ],
									"to": [ 2.5, 0.0, 2.5 ],
									"rotationOrigin": [ 1.5, -1.0, 1.5 ],
									"faces": {
										"north": { "texture": "#caricapapayaflower", "uv": [ 0.5, 1.0, 1.5, 2.0 ] },
										"east": { "texture": "#caricapapayaflower", "uv": [ 3.0, 2.5, 4.0, 3.5 ] },
										"south": { "texture": "#caricapapayaflower", "uv": [ 3.0, 2.5, 4.0, 3.5 ] },
										"west": { "texture": "#caricapapayaflower", "uv": [ 0.5, 3.0, 1.5, 4.0 ] }
									}
								}
							]
						},
						{
							"name": "Flower 11",
							"from": [ -5.1, 10.0, -3.5 ],
							"to": [ -1.1, 10.0, 0.5 ],
							"shade": false,
							"renderPass": 1,
							"rotationOrigin": [ -3.1, 10.0, -1.5 ],
							"rotationX": -3.0,
							"rotationY": -14.0,
							"rotationZ": 72.0,
							"faces": {
								"up": { "texture": "#caricapapayaflower", "uv": [ 0.0, 0.0, 4.0, 4.0 ], "rotation": 180, "windMode": [-1,-1,-1,-1] }
							},
							"children": [
								{
									"name": "Flowerbase11",
									"from": [ 1.5, -1.0, 1.5 ],
									"to": [ 2.5, 0.0, 2.5 ],
									"rotationOrigin": [ 1.5, -1.0, 1.5 ],
									"faces": {
										"north": { "texture": "#caricapapayaflower", "uv": [ 0.5, 1.0, 1.5, 2.0 ] },
										"east": { "texture": "#caricapapayaflower", "uv": [ 3.0, 2.5, 4.0, 3.5 ] },
										"south": { "texture": "#caricapapayaflower", "uv": [ 3.0, 2.5, 4.0, 3.5 ] },
										"west": { "texture": "#caricapapayaflower", "uv": [ 0.5, 3.0, 1.5, 4.0 ] }
									}
								}
							]
						},
						{
							"name": "Flower 12",
							"from": [ -5.1, 15.0, -3.5 ],
							"to": [ -1.1, 15.0, 0.5 ],
							"shade": false,
							"renderPass": 1,
							"rotationOrigin": [ -3.1, 15.0, -1.5 ],
							"rotationX": -14.0,
							"rotationY": 11.0,
							"rotationZ": 72.0,
							"faces": {
								"up": { "texture": "#caricapapayaflower", "uv": [ 0.0, 0.0, 4.0, 4.0 ], "rotation": 270, "windMode": [-1,-1,-1,-1] }
							},
							"children": [
								{
									"name": "Flowerbase12",
									"from": [ 1.5, -1.0, 1.5 ],
									"to": [ 2.5, 0.0, 2.5 ],
									"rotationOrigin": [ 1.5, -1.0, 1.5 ],
									"faces": {
										"north": { "texture": "#caricapapayaflower", "uv": [ 0.5, 1.0, 1.5, 2.0 ] },
										"east": { "texture": "#caricapapayaflower", "uv": [ 3.0, 2.5, 4.0, 3.5 ] },
										"south": { "texture": "#caricapapayaflower", "uv": [ 3.0, 2.5, 4.0, 3.5 ] },
										"west": { "texture": "#caricapapayaflower", "uv": [ 0.5, 3.0, 1.5, 4.0 ] }
									}
								}
							]
						}
					]
				},
				{
					"name": "Rotation point4",
					"from": [ 2.5, 0.0, 2.5 ],
					"to": [ 2.5, 0.0, 2.5 ],
					"rotationOrigin": [ 2.5, 0.0, 2.5 ],
					"rotationY": -180.0,
					"faces": {
					},
					"children": [
						{
							"name": "Flower 13",
							"from": [ -5.3, 0.0, -1.5 ],
							"to": [ -1.3, 0.0, 2.5 ],
							"shade": false,
							"renderPass": 1,
							"rotationOrigin": [ -3.3, 0.0, 0.5 ],
							"rotationX": -3.0,
							"rotationY": -8.0,
							"rotationZ": 72.0,
							"faces": {
								"up": { "texture": "#caricapapayaflower", "uv": [ 0.0, 0.0, 4.0, 4.0 ], "windMode": [-1,-1,-1,-1] }
							},
							"children": [
								{
									"name": "Flowerbase13",
									"from": [ 1.5, -1.0, 1.5 ],
									"to": [ 2.5, 0.0, 2.5 ],
									"rotationOrigin": [ 1.5, -1.0, 1.5 ],
									"faces": {
										"north": { "texture": "#caricapapayaflower", "uv": [ 0.5, 1.0, 1.5, 2.0 ] },
										"east": { "texture": "#caricapapayaflower", "uv": [ 3.0, 2.5, 4.0, 3.5 ] },
										"south": { "texture": "#caricapapayaflower", "uv": [ 3.0, 2.5, 4.0, 3.5 ] },
										"west": { "texture": "#caricapapayaflower", "uv": [ 0.5, 3.0, 1.5, 4.0 ] }
									}
								}
							]
						},
						{
							"name": "Flower 14",
							"from": [ -5.3, 6.0, -0.5 ],
							"to": [ -1.3, 6.0, 3.5 ],
							"shade": false,
							"renderPass": 1,
							"rotationOrigin": [ -3.3, 6.0, 1.5 ],
							"rotationX": -3.0,
							"rotationY": 14.0,
							"rotationZ": 72.0,
							"faces": {
								"up": { "texture": "#caricapapayaflower", "uv": [ 0.0, 0.0, 4.0, 4.0 ], "rotation": 90, "windMode": [-1,-1,-1,-1] }
							},
							"children": [
								{
									"name": "Flowerbase14",
									"from": [ 1.5, -1.0, 1.5 ],
									"to": [ 2.5, 0.0, 2.5 ],
									"rotationOrigin": [ 1.5, -1.0, 1.5 ],
									"faces": {
										"north": { "texture": "#caricapapayaflower", "uv": [ 0.5, 1.0, 1.5, 2.0 ] },
										"east": { "texture": "#caricapapayaflower", "uv": [ 3.0, 2.5, 4.0, 3.5 ] },
										"south": { "texture": "#caricapapayaflower", "uv": [ 3.0, 2.5, 4.0, 3.5 ] },
										"west": { "texture": "#caricapapayaflower", "uv": [ 0.5, 3.0, 1.5, 4.0 ] }
									}
								}
							]
						},
						{
							"name": "Flower 15",
							"from": [ -5.1, 10.0, -3.5 ],
							"to": [ -1.1, 10.0, 0.5 ],
							"shade": false,
							"renderPass": 1,
							"rotationOrigin": [ -3.1, 10.0, -1.5 ],
							"rotationX": -3.0,
							"rotationY": -14.0,
							"rotationZ": 72.0,
							"faces": {
								"up": { "texture": "#caricapapayaflower", "uv": [ 0.0, 0.0, 4.0, 4.0 ], "rotation": 180, "windMode": [-1,-1,-1,-1] }
							},
							"children": [
								{
									"name": "Flowerbase15",
									"from": [ 1.5, -1.0, 1.5 ],
									"to": [ 2.5, 0.0, 2.5 ],
									"rotationOrigin": [ 1.5, -1.0, 1.5 ],
									"faces": {
										"north": { "texture": "#caricapapayaflower", "uv": [ 0.5, 1.0, 1.5, 2.0 ] },
										"east": { "texture": "#caricapapayaflower", "uv": [ 3.0, 2.5, 4.0, 3.5 ] },
										"south": { "texture": "#caricapapayaflower", "uv": [ 3.0, 2.5, 4.0, 3.5 ] },
										"west": { "texture": "#caricapapayaflower", "uv": [ 0.5, 3.0, 1.5, 4.0 ] }
									}
								}
							]
						},
						{
							"name": "Flower 16",
							"from": [ -5.1, 15.0, -3.5 ],
							"to": [ -1.1, 15.0, 0.5 ],
							"shade": false,
							"renderPass": 1,
							"rotationOrigin": [ -3.1, 15.0, -1.5 ],
							"rotationX": -14.0,
							"rotationY": 11.0,
							"rotationZ": 72.0,
							"faces": {
								"up": { "texture": "#caricapapayaflower", "uv": [ 0.0, 0.0, 4.0, 4.0 ], "rotation": 270, "windMode": [-1,-1,-1,-1] }
							},
							"children": [
								{
									"name": "Flowerbase16",
									"from": [ 1.5, -1.0, 1.5 ],
									"to": [ 2.5, 0.0, 2.5 ],
									"rotationOrigin": [ 1.5, -1.0, 1.5 ],
									"faces": {
										"north": { "texture": "#caricapapayaflower", "uv": [ 0.5, 1.0, 1.5, 2.0 ] },
										"east": { "texture": "#caricapapayaflower", "uv": [ 3.0, 2.5, 4.0, 3.5 ] },
										"south": { "texture": "#caricapapayaflower", "uv": [ 3.0, 2.5, 4.0, 3.5 ] },
										"west": { "texture": "#caricapapayaflower", "uv": [ 0.5, 3.0, 1.5, 4.0 ] }
									}
								}
							]
						}
					]
				}
			]
		}
	]}