[
    {
        "op": "addeach",
        "path": "/server/behaviors/11/aitasks/0/entityCodes/-",
        "value": [
            "dog-wolf-male",
            "dog-wolf-female",
            "dog-hunting-male",
            "dog-hunting-female",
            "dog-shepherd-male",
            "dog-shepherd-female",
            "dog-corgi-male",
            "dog-corgi-female"
        ],
        "file": "game:entities/animal/mammal/hyena-adult.json"
    },
    {
        "op": "addeach",
        "path": "/server/behaviors/11/aitasks/1/entityCodes/-",
        "value": [
            "dog-wolf-male",
            "dog-wolf-female",
            "dog-hunting-male",
            "dog-hunting-female",
            "dog-shepherd-male",
            "dog-shepherd-female",
            "dog-corgi-male",
            "dog-corgi-female"
        ],
        "file": "game:entities/animal/mammal/hyena-adult.json"
    },
    {
        "op": "addeach",
        "path": "/server/behaviors/11/aitasks/3/entityCodes/-",
        "value": [
            "dog-wolf-male",
            "dog-wolf-female",
            "dog-hunting-male",
            "dog-hunting-female",
            "dog-shepherd-male",
            "dog-shepherd-female",
            "dog-corgi-male",
            "dog-corgi-female"
        ],
        "file": "game:entities/animal/mammal/hyena-adult.json"
    }
]