[
	{
	"ingredientPattern": "S",
	"ingredients": {
		"S": { "type": "block", "code": "bricklayers:claytilesslab-dull-*-down-free", "name": "color" }
	},
	"width": 1,
	"height": 1,
	"output": { "type": "block", "code": "bricklayers:claytilesslab-dull-{color}-down-free", "quantity": 1 }
	},

	{
	"ingredientPattern": "S",
	"ingredients": {
		"S": { "type": "block", "code": "bricklayers:claytilesslab-polished-*-down-free", "name": "color" }
	},
	"width": 1,
	"height": 1,
	"output": { "type": "block", "code": "bricklayers:claytilesslab-polished-{color}-down-free", "quantity": 1 }
	}
]
