{
	"ingredient": { "type": "item", "code": "game:clay-*", "name": "color", "allowedVariants": [ "malachite" ] },
	"pattern": [[
		"_____",
		"_###_",
		"_###_",
		"_###_",
		"_____"
	],
	[
		"#####",
		"#___#",
		"#___#",
		"#___#",
		"#####"
	],
	[
		"#####",
		"#___#",
		"#___#",
		"#___#",
		"#####"
	],
	[
		"#####",
		"#___#",
		"#___#",
		"#___#",
		"#####"
	],
	[
		"#####",
		"#___#",
		"#___#",
		"#___#",
		"#####"
	],
	[
		"#####",
		"#####",
		"#####",
		"#####",
		"#####"
	],
	[
		"_____",
		"_____",
		"__#__",
		"_____",
		"_____"
	]],
	"name": "Colored crock",
	"output": { "type": "block", "code": "bricklayers:crockcolored-raw-{color}" }
}
