{
  "type": "content",
  "modid": "dressmakers",
  "name": "Dressmakers",
  "description" : "Craft and trade beautiful clothing items.\nRequires Tailor's Delight 2.0.0 or better, and Expanded Matter 3.3.0 or better.",
  "authors": [ "Tels", "Phiwa" ],
  "contributors": [ "Macoto Hino", "Morok", "Ruddi", "Wailwolf" ],
  "version": "1.7.3",
  "dependencies": {
	"game": "1.21.0",
	"survival": "1.21.0",
	"em": "3.3.0",
	"tailorsdelight": "2.0.0"
  },
  "website": "https://gitlab.com/codesmiths/vs_dressmakers"
}
