{
    "code": "chesspiece",
    "class": "TabletopGames.ItemBoardPiece",
    "maxStackSize": 64,
    "attributes": {
        "handbook": {
            "groupBy": ["tabletopgames:chesspiece"],
            "extraSections": [
                {
                    "title": "tabletopgames:item-handbooktitle-generic-howtoobtain",
                    "text": "tabletopgames:item-handbooktext-generic-howtoobtain"
                }
            ]
        },
        "shelvable": true,
        "displaycaseable": true,
        "onDisplayTransform": { "translation": { "x": 0, "y": 0.4, "z": 0 }, "rotation": { "x": -90, "y": 0, "z": 0 }, "origin": { "x": 0.5, "y": 0.13, "z": 0.5 }, "scale": 0.75 },
        "onshelfTransform": { "translation": { "x": 0, "y": 0.4, "z": 0 }, "rotation": { "x": -90, "y": 0, "z": 0 }, "origin": { "x": 0.5, "y": 0.1, "z": 0.5 }, "scale": 0.6 },
        "groundStorageTransform": { "translation": { "x": 0, "y": 0.4, "z": 0 }, "rotation": { "x": -90, "y": 0, "z": 0 }, "origin": { "x": 0.5, "y": 0.13, "z": 0.5 }, "scale": 0.75 },
        "onChessboardTransform": { "translation": { "x": -1.52, "y": -1.02, "z": 0 }, "rotation": { "x": -90, "y": 0, "z": 0 }, "origin": { "x": 0.5, "y": 0, "z": 0.5 }, "scale": 0.6 },
        "onChiseledBoardTransform": { "translation": { "x": -1.52, "y": -1.02, "z": 0 }, "rotation": { "x": -90, "y": 0, "z": 0 }, "origin": { "x": 0.5, "y": 0, "z": 0.5 }, "scale": 0.6 },
        "name": {
            "*": ["tabletopgames:item-chesspiece", " (", "tabletopgames:item-chesspiece-{type}", ")"]
        },
        "description": {
            "wood-*": ["tabletopgames:trivia-chesspiece-{type}", "blockmaterial-Wood", ": ", "material-{wood}"],
            "stone-flint": ["tabletopgames:trivia-chesspiece-{type}", "blockmaterial-Stone", ": ", "item-flint"],
            "stone-meteorite-iron": ["tabletopgames:trivia-chesspiece-{type}", "Material: ", "item-stone-meteorite-iron"],
            "stone-*": ["tabletopgames:trivia-chesspiece-{type}", "blockmaterial-Stone", ": ", "rock-{stone}"],
            "metal-*": ["tabletopgames:trivia-chesspiece-{type}", "blockmaterial-Metal", ": ", "material-{metal}"],
            "@ore_ungraded-(charcoal|coke|clearquartz|smokyquartz|rosequartz|amethyst)": ["tabletopgames:trivia-chesspiece-{type}", "item-mineral", ": ", "item-{ore_ungraded}"],
            "ore_ungraded-*": ["tabletopgames:trivia-chesspiece-{type}", "item-mineral", ": ", "ore-{ore_ungraded}"]
        },
        "shape": {
            "*": { "base": "tabletopgames:item/piece/chesspiece/{type}" }
        },
        "textures": {
            "wood-*": { "material": { "base": "game:block/wood/debarked/{wood}" } },
            "stone-flint": { "material": { "base": "game:block/stone/flint" } },
            "stone-*": { "material": { "base": "game:block/stone/rock/{stone}1" } },
            "metal-*": { "material": { "base": "game:block/metal/ingot/{metal}" } },
            "@ore_ungraded-(charcoal|coke)": { "material": { "base": "game:block/coal/{ore_ungraded}" } },
            "ore_ungraded-rosequartz": { "material": { "base": "game:item/resource/ungraded/rosyquartz" } },
            "ore_ungraded-alum": { "material": { "base": "game:item/resource/ungraded/quartz" } },
            "ore_ungraded-*": { "material": { "base": "game:item/resource/ungraded/{ore_ungraded}" } }
        },
        "rotateWhenPlacedOnBoard": true
    },
    "behaviors": [
        {
            "name": "TabletopGames.AdvancedToolModes",
            "properties": {
                "toolModes": {
                    "*": [
                        //
                        { "setVariants": { "type": "pawn" } },
                        { "setVariants": { "type": "knight" } },
                        { "setVariants": { "type": "bishop" } },
                        { "setVariants": { "type": "rook" } },
                        { "setVariants": { "type": "queen" } },
                        { "setVariants": { "type": "king" } }
                    ]
                }
            }
        },
        {
            "name": "AttributeRenderingLibrary.ContainedTransform",
            "properties": {
                "transforms": {
                    "guiTransform": {
                        "type-bishop": { "translation": { "x": 0, "y": 0, "z": 0 }, "rotation": { "x": 155, "y": 45, "z": 0 }, "origin": { "x": 0.5, "y": 0.7, "z": 0.5 }, "scale": 1.2 },
                        "type-king": { "translation": { "x": 0, "y": 0, "z": 0 }, "rotation": { "x": 155, "y": 45, "z": 0 }, "origin": { "x": 0.5, "y": 0.9, "z": 0.5 } },
                        "type-knight": { "translation": { "x": 0, "y": 0, "z": 0 }, "rotation": { "x": 155, "y": 45, "z": 0 }, "origin": { "x": 0.5, "y": 0.5, "z": 0.5 }, "scale": 1.5 },
                        "type-pawn": { "translation": { "x": 0, "y": 0, "z": 0 }, "rotation": { "x": 155, "y": 45, "z": 0 }, "origin": { "x": 0.5, "y": 0.4, "z": 0.5 }, "scale": 1.9 },
                        "type-queen": { "translation": { "x": 0, "y": 0, "z": 0 }, "rotation": { "x": 155, "y": 45, "z": 0 }, "origin": { "x": 0.5, "y": 0.7, "z": 0.5 }, "scale": 1.2 },
                        "type-rook": { "translation": { "x": 3, "y": 0, "z": 0 }, "rotation": { "x": 155, "y": 45, "z": 0 }, "origin": { "x": 0.5, "y": 0.5, "z": 0.5 }, "scale": 1.7 }
                    }
                }
            }
        },
        {
            "name": "GroundStorable",
            "properties": {
                "layout": "Quadrants",
                "selectionBox": { "x1": 0, "y1": 0, "z1": 0, "x2": 1, "y2": 0.0625, "z2": 1 },
                "collisionBox": { "x1": 0, "y1": 0, "z1": 0, "x2": 0, "y2": 0, "z2": 0 }
            }
        },
        { "name": "TabletopGames.PieceTags", "properties": { "tabletopTags": { "tags": ["boardPiece", "chess"] } } }
    ],
    "creativeinventoryStacks": [
        {
            "tabs": ["tabletopgames", "general", "items"],
            "stacks": [
                { "type": "item", "code": "chesspiece", "attributes": { "types": { "type": "bishop", "stone": "basalt" } } },
                { "type": "item", "code": "chesspiece", "attributes": { "types": { "type": "king", "stone": "basalt" } } },
                { "type": "item", "code": "chesspiece", "attributes": { "types": { "type": "knight", "stone": "basalt" } } },
                { "type": "item", "code": "chesspiece", "attributes": { "types": { "type": "pawn", "stone": "basalt" } } },
                { "type": "item", "code": "chesspiece", "attributes": { "types": { "type": "queen", "stone": "basalt" } } },
                { "type": "item", "code": "chesspiece", "attributes": { "types": { "type": "rook", "stone": "basalt" } } },

                { "type": "item", "code": "chesspiece", "attributes": { "types": { "type": "bishop", "stone": "chalk" } } },
                { "type": "item", "code": "chesspiece", "attributes": { "types": { "type": "king", "stone": "chalk" } } },
                { "type": "item", "code": "chesspiece", "attributes": { "types": { "type": "knight", "stone": "chalk" } } },
                { "type": "item", "code": "chesspiece", "attributes": { "types": { "type": "pawn", "stone": "chalk" } } },
                { "type": "item", "code": "chesspiece", "attributes": { "types": { "type": "queen", "stone": "chalk" } } },
                { "type": "item", "code": "chesspiece", "attributes": { "types": { "type": "rook", "stone": "chalk" } } },

                { "type": "item", "code": "chesspiece", "attributes": { "types": { "type": "pawn", "wood": "ebony" } } },
                { "type": "item", "code": "chesspiece", "attributes": { "types": { "type": "pawn", "wood": "baldcypress" } } },
                { "type": "item", "code": "chesspiece", "attributes": { "types": { "type": "pawn", "stone": "meteorite-iron" } } }
            ]
        }
    ],
    "groundTransform": {
        "translation": { "x": 0, "y": 0, "z": 0 },
        "rotation": { "x": 0, "y": 0, "z": 0 },
        "origin": { "x": 0.5, "y": 0, "z": 0.5 }
    },
    "tpHandTransform": {
        "translation": { "x": -2.7, "y": -1.7, "z": -2 },
        "rotation": { "x": 0, "y": 0, "z": -65 },
        "scale": 0.25
    }
}
