{
	"editor": {
		"backDropShape": "entity/bovinae/synceruscaffer/male",
		"allAngles": true,
		"entityTextureMode": true
	},
	"textureWidth": 96,
	"textureHeight": 100,
	"textureSizes": {
		"horn": [96,100]
	},
	"textures": {
		"horn": "entity/bovinae/synceruscaffer-male"
	},
	"elements": [
		{
			"name": "Rhorn1",
			"stepParentName": "AntlerBase",
			"from": [ -0.4, 0.9, -1.5 ],
			"to": [ 2.9, 3.4, -0.2 ],
			"unwrapMode": 2,
			"uv": [ 84.5, 45.5 ],
			"rotationOrigin": [ 0.3, 1.2, 0.0 ],
			"rotationX": -55.0,
			"rotationY": 1.0,
			"faces": {
				"north": { "texture": "#horn", "uv": [ 88.5, 48.5, 91.5, 51.0 ] },
				"east": { "texture": "#horn", "uv": [ 87.5, 48.5, 88.5, 51.0 ] },
				"south": { "texture": "#horn", "uv": [ 84.5, 48.5, 87.5, 51.0 ] },
				"west": { "texture": "#horn", "uv": [ 91.5, 48.5, 92.5, 51.0 ] },
				"up": { "texture": "#horn", "uv": [ 87.5, 45.5, 88.5, 48.5 ], "rotation": 270 }
			},
			"children": [
				{
					"name": "Rhorn2",
					"from": [ 0.2, 2.5, 0.0 ],
					"to": [ 3.2, 4.5, 1.3 ],
					"unwrapMode": 2,
					"uv": [ 85.5, 44.0 ],
					"rotationOrigin": [ 1.0, 2.5, 1.3 ],
					"rotationX": -50.0,
					"rotationZ": -1.0,
					"faces": {
						"north": { "texture": "#horn", "uv": [ 89.5, 47.0, 92.5, 49.0 ] },
						"east": { "texture": "#horn", "uv": [ 88.5, 47.0, 89.5, 49.0 ] },
						"south": { "texture": "#horn", "uv": [ 85.5, 47.0, 88.5, 49.0 ] },
						"west": { "texture": "#horn", "uv": [ 92.5, 47.0, 93.5, 49.0 ] },
						"up": { "texture": "#horn", "uv": [ 88.5, 44.0, 89.5, 47.0 ], "rotation": 270 }
					},
					"children": [
						{
							"name": "Rhorn3",
							"from": [ 0.4, 1.9, -0.5 ],
							"to": [ 2.8, 4.1, 1.3 ],
							"unwrapMode": 2,
							"uv": [ 85.5, 42.5 ],
							"rotationOrigin": [ 1.7, 1.9, 1.3 ],
							"rotationX": -25.0,
							"rotationZ": -2.0,
							"faces": {
								"north": { "texture": "#horn", "uv": [ 89.0, 44.5, 91.0, 46.5 ] },
								"east": { "texture": "#horn", "uv": [ 87.5, 44.5, 89.0, 46.5 ] },
								"south": { "texture": "#horn", "uv": [ 85.5, 44.5, 87.5, 46.5 ] },
								"west": { "texture": "#horn", "uv": [ 91.0, 44.5, 92.5, 46.5 ] },
								"up": { "texture": "#horn", "uv": [ 87.5, 42.5, 89.0, 44.5 ], "rotation": 270 }
							},
							"children": [
								{
									"name": "Rhorn4",
									"from": [ 0.1, 1.8, 0.3 ],
									"to": [ 2.3, 3.8, 1.6 ],
									"unwrapMode": 3,
									"uv": [ 87.5, 40.5 ],
									"rotationOrigin": [ 1.3, 1.8, 0.9 ],
									"rotationX": 5.0,
									"rotationZ": -4.0,
									"faces": {
										"north": { "texture": "#horn", "uv": [ 91.5, 41.5, 93.5, 43.5 ] },
										"east": { "texture": "#horn", "uv": [ 90.5, 41.5, 91.5, 43.5 ] },
										"south": { "texture": "#horn", "uv": [ 88.5, 41.5, 90.5, 43.5 ] },
										"west": { "texture": "#horn", "uv": [ 87.5, 41.5, 88.5, 43.5 ] },
										"up": { "texture": "#horn", "uv": [ 88.5, 40.5, 90.5, 41.5 ] }
									},
									"children": [
										{
											"name": "Rhorn5",
											"from": [ 0.1, 1.5, 0.0 ],
											"to": [ 2.1, 3.5, 1.1 ],
											"unwrapMode": 3,
											"uv": [ 88.5, 37.5 ],
											"rotationOrigin": [ 1.3, 1.5, 0.7 ],
											"rotationX": 25.0,
											"rotationZ": -4.0,
											"faces": {
												"north": { "texture": "#horn", "uv": [ 92.5, 38.5, 94.5, 40.5 ] },
												"east": { "texture": "#horn", "uv": [ 91.5, 38.5, 92.5, 40.5 ] },
												"south": { "texture": "#horn", "uv": [ 89.5, 38.5, 91.5, 40.5 ] },
												"west": { "texture": "#horn", "uv": [ 88.5, 38.5, 89.5, 40.5 ] },
												"up": { "texture": "#horn", "uv": [ 89.5, 37.5, 91.5, 38.5 ] }
											},
											"children": [
												{
													"name": "Rhorn6",
													"from": [ 0.1, 1.6, -0.1 ],
													"to": [ 1.9, 3.6, 1.0 ],
													"unwrapMode": 3,
													"uv": [ 88.5, 35.0 ],
													"rotationOrigin": [ 1.3, 1.6, 0.6 ],
													"rotationX": 25.0,
													"rotationZ": -4.0,
													"faces": {
														"north": { "texture": "#horn", "uv": [ 92.0, 36.0, 93.5, 38.0 ] },
														"east": { "texture": "#horn", "uv": [ 91.0, 36.0, 92.0, 38.0 ] },
														"south": { "texture": "#horn", "uv": [ 89.5, 36.0, 91.0, 38.0 ] },
														"west": { "texture": "#horn", "uv": [ 88.5, 36.0, 89.5, 38.0 ] },
														"up": { "texture": "#horn", "uv": [ 89.5, 35.0, 91.0, 36.0 ] }
													},
													"children": [
														{
															"name": "Rhorn7",
															"from": [ 0.1, 2.0, 0.1 ],
															"to": [ 1.7, 4.0, 1.2 ],
															"unwrapMode": 3,
															"uv": [ 89.5, 32.5 ],
															"rotationOrigin": [ 0.1, 2.0, 0.1 ],
															"rotationX": 35.0,
															"rotationZ": -4.0,
															"faces": {
																"north": { "texture": "#horn", "uv": [ 93.0, 33.5, 94.5, 35.5 ] },
																"east": { "texture": "#horn", "uv": [ 92.0, 33.5, 93.0, 35.5 ] },
																"south": { "texture": "#horn", "uv": [ 90.5, 33.5, 92.0, 35.5 ] },
																"west": { "texture": "#horn", "uv": [ 89.5, 33.5, 90.5, 35.5 ] },
																"up": { "texture": "#horn", "uv": [ 90.5, 32.5, 92.0, 33.5 ] }
															},
															"children": [
																{
																	"name": "Rhorn8",
																	"from": [ 0.1, 2.0, 0.1 ],
																	"to": [ 1.5, 4.0, 1.2 ],
																	"unwrapMode": 3,
																	"uv": [ 89.5, 30.0 ],
																	"rotationOrigin": [ 0.1, 2.0, 0.1 ],
																	"rotationX": 45.0,
																	"rotationZ": -4.0,
																	"faces": {
																		"north": { "texture": "#horn", "uv": [ 92.5, 31.0, 93.5, 33.0 ] },
																		"east": { "texture": "#horn", "uv": [ 91.5, 31.0, 92.5, 33.0 ] },
																		"south": { "texture": "#horn", "uv": [ 90.5, 31.0, 91.5, 33.0 ] },
																		"west": { "texture": "#horn", "uv": [ 89.5, 31.0, 90.5, 33.0 ] },
																		"up": { "texture": "#horn", "uv": [ 90.5, 30.0, 91.5, 31.0 ] }
																	},
																	"children": [
																		{
																			"name": "Rhorn9",
																			"from": [ 0.1, 2.0, 0.1 ],
																			"to": [ 1.3, 4.0, 1.2 ],
																			"unwrapMode": 3,
																			"uv": [ 90.5, 28.0 ],
																			"rotationOrigin": [ 0.1, 2.0, 0.1 ],
																			"rotationX": 45.0,
																			"rotationZ": -4.0,
																			"faces": {
																				"north": { "texture": "#horn", "uv": [ 93.5, 29.0, 94.5, 31.0 ] },
																				"east": { "texture": "#horn", "uv": [ 92.5, 29.0, 93.5, 31.0 ] },
																				"south": { "texture": "#horn", "uv": [ 91.5, 29.0, 92.5, 31.0 ] },
																				"west": { "texture": "#horn", "uv": [ 90.5, 29.0, 91.5, 31.0 ] },
																				"up": { "texture": "#horn", "uv": [ 91.5, 28.0, 92.5, 29.0 ] }
																			},
																			"children": [
																				{
																					"name": "Rhorn10",
																					"from": [ 0.1, 2.0, 0.1 ],
																					"to": [ 1.1, 4.0, 1.1 ],
																					"unwrapMode": 3,
																					"uv": [ 90.5, 26.0 ],
																					"rotationOrigin": [ 0.1, 2.0, 0.1 ],
																					"rotationX": 25.0,
																					"rotationZ": -4.0,
																					"faces": {
																						"north": { "texture": "#horn", "uv": [ 93.5, 27.0, 94.5, 29.0 ] },
																						"east": { "texture": "#horn", "uv": [ 92.5, 27.0, 93.5, 29.0 ] },
																						"south": { "texture": "#horn", "uv": [ 91.5, 27.0, 92.5, 29.0 ] },
																						"west": { "texture": "#horn", "uv": [ 90.5, 27.0, 91.5, 29.0 ] },
																						"up": { "texture": "#horn", "uv": [ 91.5, 26.0, 92.5, 27.0 ] }
																					},
																					"children": [
																						{
																							"name": "Rhorn11",
																							"from": [ 0.1, 2.0, 0.1 ],
																							"to": [ 0.9, 4.0, 0.9 ],
																							"unwrapMode": 3,
																							"uv": [ 90.5, 24.0 ],
																							"rotationOrigin": [ 0.1, 2.0, 0.1 ],
																							"rotationX": 25.0,
																							"rotationZ": -4.0,
																							"faces": {
																								"north": { "texture": "#horn", "uv": [ 92.0, 24.5, 92.5, 26.5 ] },
																								"east": { "texture": "#horn", "uv": [ 91.5, 24.5, 92.0, 26.5 ] },
																								"south": { "texture": "#horn", "uv": [ 91.0, 24.5, 91.5, 26.5 ] },
																								"west": { "texture": "#horn", "uv": [ 90.5, 24.5, 91.0, 26.5 ] },
																								"up": { "texture": "#horn", "uv": [ 91.0, 24.0, 91.5, 24.5 ] }
																							}
																						}
																					]
																				}
																			]
																		}
																	]
																}
															]
														}
													]
												}
											]
										}
									]
								}
							]
						}
					]
				}
			]
		},
		{
			"name": "Lhorn1",
			"stepParentName": "AntlerBase",
			"from": [ -0.4, 0.9, 0.0 ],
			"to": [ 2.9, 3.4, 1.3 ],
			"unwrapMode": 2,
			"uv": [ 84.5, 45.5 ],
			"rotationOrigin": [ 0.3, 1.2, 0.0 ],
			"rotationX": 55.0,
			"rotationY": -1.0,
			"faces": {
				"north": { "texture": "#horn", "uv": [ 88.5, 48.5, 91.5, 51.0 ] },
				"east": { "texture": "#horn", "uv": [ 87.5, 48.5, 88.5, 51.0 ] },
				"south": { "texture": "#horn", "uv": [ 84.5, 48.5, 87.5, 51.0 ] },
				"west": { "texture": "#horn", "uv": [ 91.5, 48.5, 92.5, 51.0 ] },
				"up": { "texture": "#horn", "uv": [ 87.5, 45.5, 88.5, 48.5 ], "rotation": 270 }
			},
			"children": [
				{
					"name": "Lhorn2",
					"from": [ 0.2, 2.5, 0.0 ],
					"to": [ 3.2, 4.5, 1.3 ],
					"unwrapMode": 2,
					"uv": [ 84.5, 44.0 ],
					"rotationOrigin": [ 1.0, 2.5, 0.0 ],
					"rotationX": 50.0,
					"rotationZ": -1.0,
					"faces": {
						"north": { "texture": "#horn", "uv": [ 88.5, 47.0, 91.5, 49.0 ] },
						"east": { "texture": "#horn", "uv": [ 87.5, 47.0, 88.5, 49.0 ] },
						"south": { "texture": "#horn", "uv": [ 84.5, 47.0, 87.5, 49.0 ] },
						"west": { "texture": "#horn", "uv": [ 91.5, 47.0, 92.5, 49.0 ] },
						"up": { "texture": "#horn", "uv": [ 87.5, 44.0, 88.5, 47.0 ], "rotation": 270 }
					},
					"children": [
						{
							"name": "Lhorn3",
							"from": [ 0.4, 1.9, 0.0 ],
							"to": [ 2.8, 4.1, 1.8 ],
							"unwrapMode": 2,
							"uv": [ 84.5, 42.5 ],
							"rotationOrigin": [ 1.7, 1.9, 0.0 ],
							"rotationX": 25.0,
							"rotationZ": -2.0,
							"faces": {
								"north": { "texture": "#horn", "uv": [ 88.0, 44.5, 90.0, 46.5 ] },
								"east": { "texture": "#horn", "uv": [ 86.5, 44.5, 88.0, 46.5 ] },
								"south": { "texture": "#horn", "uv": [ 84.5, 44.5, 86.5, 46.5 ] },
								"west": { "texture": "#horn", "uv": [ 90.0, 44.5, 91.5, 46.5 ] },
								"up": { "texture": "#horn", "uv": [ 86.5, 42.5, 88.0, 44.5 ], "rotation": 270 }
							},
							"children": [
								{
									"name": "Lhorn4",
									"from": [ 0.1, 1.8, 0.2 ],
									"to": [ 2.3, 3.8, 1.5 ],
									"unwrapMode": 3,
									"uv": [ 84.5, 40.5 ],
									"rotationOrigin": [ 1.3, 1.8, 0.9 ],
									"rotationX": -5.0,
									"rotationZ": -4.0,
									"faces": {
										"north": { "texture": "#horn", "uv": [ 88.5, 41.5, 90.5, 43.5 ] },
										"east": { "texture": "#horn", "uv": [ 87.5, 41.5, 88.5, 43.5 ] },
										"south": { "texture": "#horn", "uv": [ 85.5, 41.5, 87.5, 43.5 ] },
										"west": { "texture": "#horn", "uv": [ 84.5, 41.5, 85.5, 43.5 ] },
										"up": { "texture": "#horn", "uv": [ 85.5, 40.5, 87.5, 41.5 ] }
									},
									"children": [
										{
											"name": "Lhorn5",
											"from": [ 0.1, 1.5, 0.2 ],
											"to": [ 2.1, 3.5, 1.3 ],
											"unwrapMode": 3,
											"uv": [ 84.5, 37.5 ],
											"rotationOrigin": [ 1.3, 1.5, 0.9 ],
											"rotationX": -25.0,
											"rotationZ": -4.0,
											"faces": {
												"north": { "texture": "#horn", "uv": [ 88.5, 38.5, 90.5, 40.5 ] },
												"east": { "texture": "#horn", "uv": [ 87.5, 38.5, 88.5, 40.5 ] },
												"south": { "texture": "#horn", "uv": [ 85.5, 38.5, 87.5, 40.5 ] },
												"west": { "texture": "#horn", "uv": [ 84.5, 38.5, 85.5, 40.5 ] },
												"up": { "texture": "#horn", "uv": [ 85.5, 37.5, 87.5, 38.5 ] }
											},
											"children": [
												{
													"name": "Lhorn6",
													"from": [ 0.1, 1.5, 0.1 ],
													"to": [ 1.9, 3.5, 1.2 ],
													"unwrapMode": 3,
													"uv": [ 84.5, 35.0 ],
													"rotationOrigin": [ 1.3, 1.5, 0.6 ],
													"rotationX": -25.0,
													"rotationZ": -4.0,
													"faces": {
														"north": { "texture": "#horn", "uv": [ 88.0, 36.0, 89.5, 38.0 ] },
														"east": { "texture": "#horn", "uv": [ 87.0, 36.0, 88.0, 38.0 ] },
														"south": { "texture": "#horn", "uv": [ 85.5, 36.0, 87.0, 38.0 ] },
														"west": { "texture": "#horn", "uv": [ 84.5, 36.0, 85.5, 38.0 ] },
														"up": { "texture": "#horn", "uv": [ 85.5, 35.0, 87.0, 36.0 ] }
													},
													"children": [
														{
															"name": "Lhorn7",
															"from": [ 0.1, 2.0, -0.1 ],
															"to": [ 1.7, 4.0, 1.0 ],
															"unwrapMode": 3,
															"uv": [ 87.0, 32.5 ],
															"rotationOrigin": [ 0.1, 2.0, 1.0 ],
															"rotationX": -35.0,
															"rotationZ": -4.0,
															"faces": {
																"north": { "texture": "#horn", "uv": [ 90.5, 33.5, 92.0, 35.5 ] },
																"east": { "texture": "#horn", "uv": [ 89.5, 33.5, 90.5, 35.5 ] },
																"south": { "texture": "#horn", "uv": [ 88.0, 33.5, 89.5, 35.5 ] },
																"west": { "texture": "#horn", "uv": [ 87.0, 33.5, 88.0, 35.5 ] },
																"up": { "texture": "#horn", "uv": [ 88.0, 32.5, 89.5, 33.5 ] }
															},
															"children": [
																{
																	"name": "Lhorn8",
																	"from": [ 0.1, 2.0, -0.1 ],
																	"to": [ 1.5, 4.0, 1.0 ],
																	"unwrapMode": 3,
																	"uv": [ 87.0, 30.0 ],
																	"rotationOrigin": [ 0.1, 2.0, 1.0 ],
																	"rotationX": -45.0,
																	"rotationZ": -4.0,
																	"faces": {
																		"north": { "texture": "#horn", "uv": [ 90.0, 31.0, 91.0, 33.0 ] },
																		"east": { "texture": "#horn", "uv": [ 89.0, 31.0, 90.0, 33.0 ] },
																		"south": { "texture": "#horn", "uv": [ 88.0, 31.0, 89.0, 33.0 ] },
																		"west": { "texture": "#horn", "uv": [ 87.0, 31.0, 88.0, 33.0 ] },
																		"up": { "texture": "#horn", "uv": [ 88.0, 30.0, 89.0, 31.0 ] }
																	},
																	"children": [
																		{
																			"name": "Lhorn9",
																			"from": [ 0.1, 2.0, -0.1 ],
																			"to": [ 1.3, 4.0, 1.0 ],
																			"unwrapMode": 3,
																			"uv": [ 87.0, 28.0 ],
																			"rotationOrigin": [ 0.1, 2.0, 1.0 ],
																			"rotationX": -45.0,
																			"rotationZ": -4.0,
																			"faces": {
																				"north": { "texture": "#horn", "uv": [ 90.0, 29.0, 91.0, 31.0 ] },
																				"east": { "texture": "#horn", "uv": [ 89.0, 29.0, 90.0, 31.0 ] },
																				"south": { "texture": "#horn", "uv": [ 88.0, 29.0, 89.0, 31.0 ] },
																				"west": { "texture": "#horn", "uv": [ 87.0, 29.0, 88.0, 31.0 ] },
																				"up": { "texture": "#horn", "uv": [ 88.0, 28.0, 89.0, 29.0 ] }
																			},
																			"children": [
																				{
																					"name": "Lhorn10",
																					"from": [ 0.1, 2.0, -0.1 ],
																					"to": [ 1.1, 4.0, 0.9 ],
																					"unwrapMode": 3,
																					"uv": [ 87.0, 26.0 ],
																					"rotationOrigin": [ 0.1, 2.0, 0.9 ],
																					"rotationX": -25.0,
																					"rotationZ": -4.0,
																					"faces": {
																						"north": { "texture": "#horn", "uv": [ 90.0, 27.0, 91.0, 29.0 ] },
																						"east": { "texture": "#horn", "uv": [ 89.0, 27.0, 90.0, 29.0 ] },
																						"south": { "texture": "#horn", "uv": [ 88.0, 27.0, 89.0, 29.0 ] },
																						"west": { "texture": "#horn", "uv": [ 87.0, 27.0, 88.0, 29.0 ] },
																						"up": { "texture": "#horn", "uv": [ 88.0, 26.0, 89.0, 27.0 ] }
																					},
																					"children": [
																						{
																							"name": "Lhorn11",
																							"from": [ 0.1, 2.0, 0.1 ],
																							"to": [ 0.9, 4.0, 0.9 ],
																							"unwrapMode": 3,
																							"uv": [ 87.0, 24.0 ],
																							"rotationOrigin": [ 0.1, 2.0, 0.9 ],
																							"rotationX": -25.0,
																							"rotationZ": -4.0,
																							"faces": {
																								"north": { "texture": "#horn", "uv": [ 88.5, 24.5, 89.0, 26.5 ] },
																								"east": { "texture": "#horn", "uv": [ 88.0, 24.5, 88.5, 26.5 ] },
																								"south": { "texture": "#horn", "uv": [ 87.5, 24.5, 88.0, 26.5 ] },
																								"west": { "texture": "#horn", "uv": [ 87.0, 24.5, 87.5, 26.5 ] },
																								"up": { "texture": "#horn", "uv": [ 87.5, 24.0, 88.0, 24.5 ] }
																							}
																						}
																					]
																				}
																			]
																		}
																	]
																}
															]
														}
													]
												}
											]
										}
									]
								}
							]
						}
					]
				}
			]
		}
	],
	"animations": [
	]
}