{
    "code": "dye",
    "class": "ItemLiquidPortion",
    "matterState": "liquid",
    "variantgroups": [
        {
            "code": "color",
            "states": ["mint","skyblue","brown","lavender","teal", "lime"]
        }
    ],
    "attributes": {
        "handbook": {
            "ignoreCreativeInvStacks": true
        },
        "waterTightContainerProps": {
            "containable": true,
            "isopaque": true,
            "itemsPerLitre": 100,
            "texture": { "base": "colorfulcandles:block/liquid/dye/{color}" },
            "allowSpill": true,
            "whenSpilled": {
                "action": "DropContents",
                "stack": {
                    "type": "item",
                    "code": "colorfulcandles:dye-{color}"
                }
            }
        }
    },
    "shape": { "base": "game:item/liquid" },
    "texture": { "base": "colorfulcandles:block/liquid/dye/{color}" },
    "creativeinventoryStacks": [
        {
            "tabs": [ "general", "liquids", "colorfulcandles"],
            "stacks": [
                {
                    "type": "block",
                    "code": "game:woodbucket",
                    "attributes": {
                        "ucontents": [
                            {
                                "type": "item",
                                "code": "colorfulcandles:dye-{color}",
                                "makefull": true
                            }
                        ]
                    }
                }
            ]
        }
    ],
    "maxstacksize": 5000,
    "materialDensity": 200,
    "guiTransform": {
        "translation": {
            "x": 0,
            "y": 1,
            "z": 0
        },
        "rotation": {
            "x": 123,
            "y": -33,
            "z": -13
        },
        "origin": {
            "x": 0.5,
            "y": 0,
            "z": 0.5
        },
        "scale": 1.4
    },
    "fpHandTransform": {
        "translation": {
            "x": 0,
            "y": 0,
            "z": 0
        },
        "rotation": {
            "x": 25,
            "y": 157,
            "z": -5
        }
    },
    "tpHandTransform": {
        "translation": {
            "x": -1.5,
            "y": -1,
            "z": -1.4
        }
    }
}