[
	// Ranger and Yager bows
	{ "side": "Server", "file": "spearexpantion:itemtypes/tool/expandedbow", "op": "replace", "path": "/class", "value": "bullseye.ItemBow", "dependsOn": [{ "modid": "bullseye-continued" }]},

	{ 
		"side": "Server", "file": "spearexpantion:itemtypes/tool/expandedbow", "op": "add", "path": "/attributes/bullseyeWeaponStats", "value": 
		{
			"ammoType": "arrow",
				
			"aimDrift": 180,
			"aimTwitch": 35,

			"projectileVelocity": 33,
			"chargeTime": 0.85,

			"accuracyStartTime": 1.25,
			"accuracyOvertimeStart": 8,
			"accuracyMovePenalty": 0.6,

			"projectileSpread": 0,
			"zeroingAngle": 1.5,

			"aimTexPartChargePath": "bullseye:gui/aimarrowpart.png",
			"aimTexFullChargePath": "bullseye:gui/aimarrowfull.png",

			"aimFullChargeLeeway": 0.5,
			"allowSprint": false,
			"moveSpeedPenalty": 0
		},
		"dependsOn": [{ "modid": "bullseye-continued" }]
	},

	{ "side": "Server", "file": "spearexpantion:itemtypes/tool/expandedbow", "op": "remove", "path": "/attributes/damageByType", "dependsOn": [{ "modid": "bullseye-continued" }] },

	{
		"side": "Server", "file": "spearexpantion:itemtypes/tool/expandedbow", "op": "add", "path": "/attributes/damagePercentByType", "value": 
		{
			"*-ranger": 0.45,
			"*-yager": 0.55
		},
		"dependsOn": [{ "modid": "bullseye-continued" }]
	},
	// Nomad and Yager Master bows
	{ "side": "Server", "file": "spearexpantion:itemtypes/tool/hornybows", "op": "replace", "path": "/class", "value": "bullseye.ItemBow", "dependsOn": [{ "modid": "bullseye-continued" }]},

	{ 
		"side": "Server", "file": "spearexpantion:itemtypes/tool/hornybows", "op": "add", "path": "/attributes/bullseyeWeaponStats", "value": 
		{
			"ammoType": "arrow",
				
			"aimDrift": 180,
			"aimTwitch": 35,

			"projectileVelocity": 33,
			"chargeTime": 0.85,

			"accuracyStartTime": 1.25,
			"accuracyOvertimeStart": 8,
			"accuracyMovePenalty": 0.6,

			"projectileSpread": 0,
			"zeroingAngle": 1.5,

			"aimTexPartChargePath": "bullseye:gui/aimarrowpart.png",
			"aimTexFullChargePath": "bullseye:gui/aimarrowfull.png",

			"aimFullChargeLeeway": 0.5,
			"allowSprint": false,
			"moveSpeedPenalty": 0
		},
		"dependsOn": [{ "modid": "bullseye-continued" }]
	},

	{ "side": "Server", "file": "spearexpantion:itemtypes/tool/hornybows", "op": "remove", "path": "/attributes/damageByType", "dependsOn": [{ "modid": "bullseye-continued" }] },

	{
		"side": "Server", "file": "spearexpantion:itemtypes/tool/hornybows", "op": "add", "path": "/attributes/damagePercentByType", "value": 
		{
			"*-nomad-*": 0.6,
			"*-yagermaster-*": 0.7
		},
		"dependsOn": [{ "modid": "bullseye-continued" }]
	},
]