[
  {
    "file": "game:itemtypes/wearable/seraph/armor-temporalit",
    "op": "add",
    "path": "/behaviors",
    "value": [
      {
        "name": "CombatOverhaul:Armor",
		"propertiesByType": {
		  "armor-body-brigandine-temporalit": {
            "Layers": ["Outer"],
            "Zones": ["Torso", "Arms", "Hands"],
            "Resists": {"PiercingAttack": 11, "SlashingAttack": 16, "BluntAttack": 6},
            "FlatReduction": {"PiercingAttack": 1.5, "SlashingAttack": 0.5, "BluntAttack": 0.5},
            "PlayerStats": {"walkspeed": -0.05, "manipulationSpeed": -0.15, "steadyAim": -0.1, "healingeffectivness": -0.1, "hungerrate": 0.05}
          },
		  "armor-legs-brigandine-temporalit": {
            "Layers": ["Outer"],
            "Zones": ["Legs", "Feet"],
            "Resists": {"PiercingAttack": 11, "SlashingAttack": 16, "BluntAttack": 6},
            "FlatReduction": {"PiercingAttack": 1.5, "SlashingAttack": 0.5, "BluntAttack": 0.5},
            "PlayerStats": {"walkspeed": -0.1, "manipulationSpeed": 0, "steadyAim": 0, "healingeffectivness": -0.05, "hungerrate": 0.05}
          },
		  "armor-body-chain-temporalit": {
            "Layers": ["Middle"],
            "Zones": ["Torso", "Arms", "Hands"],
            "Resists": {"PiercingAttack": 8, "SlashingAttack":12, "BluntAttack": 10},
            "FlatReduction": {},
            "PlayerStats": {"walkspeed": -0.02, "manipulationSpeed": -0.1, "steadyAim": -0.05, "healingeffectivness": -0.1, "hungerrate": 0.05}
          },
		  "armor-legs-chain-temporalit": {
            "Layers": ["Middle"],
            "Zones": ["Legs", "Feet"],
            "Resists": {"PiercingAttack": 8, "SlashingAttack": 12, "BluntAttack": 10},
            "FlatReduction": {},
            "PlayerStats": {"walkspeed": -0.05, "manipulationSpeed": 0, "steadyAim": 0, "healingeffectivness": -0.05, "hungerrate": 0.05}
          },
		  "armor-body-scale-temporalit": {
            "Layers": ["Outer", "Middle"],
            "Zones": ["Torso", "Arms", "Hands"],
            "Resists": {"PiercingAttack": 12, "SlashingAttack": 14, "BluntAttack": 11},
            "FlatReduction": {"PiercingAttack": 0.5, "SlashingAttack": 1.5, "BluntAttack": 0.5},
            "PlayerStats": {"walkspeed": -0.02, "manipulationSpeed": -0.1, "steadyAim": -0.05, "healingeffectivness": -0.1, "hungerrate": 0.05}
          },
		  "armor-legs-scale-temporalit": {
            "Layers": ["Outer", "Middle"],
            "Zones": ["Legs", "Feet"],
            "Resists": {"PiercingAttack": 12, "SlashingAttack": 14, "BluntAttack": 11},
            "FlatReduction": {"PiercingAttack": 0.5, "SlashingAttack": 1.5, "BluntAttack": 0.5},
            "PlayerStats": {"walkspeed": -0.05, "manipulationSpeed": 0, "steadyAim": 0, "healingeffectivness": -0.05, "hungerrate": 0.05}
          },
		  "armor-body-plate-temporalit": {
            "Layers": ["Outer"],
            "Zones": ["Torso", "Arms", "Hands"],
            "Resists": {"PiercingAttack": 15, "SlashingAttack": 17, "BluntAttack": 9},
            "FlatReduction": {"PiercingAttack": 1.5, "SlashingAttack": 1.5, "BluntAttack": 0.5},
            "PlayerStats": {"walkspeed": -0.05, "manipulationSpeed": -0.2, "steadyAim": -0.1, "healingeffectivness": -0.1, "hungerrate": 0.05}
          },
		  "armor-legs-plate-temporalit": {
            "Layers": ["Outer"],
            "Zones": ["Legs", "Feet"],
            "Resists": {"PiercingAttack": 15, "SlashingAttack": 17, "BluntAttack": 9},
            "FlatReduction": {"PiercingAttack": 1.5, "SlashingAttack": 1.5, "BluntAttack": 0.5},
            "PlayerStats": {"walkspeed": -0.1, "manipulationSpeed": 0, "steadyAim": 0, "healingeffectivness": -0.05, "hungerrate": 0.05}
          }
		 }
	    }
	],
	"dependsOn": [{ "modid": "combatoverhaul" }]
},
  {
    "file": "itemtypes/wearable/seraph/armor-temporalit",
    "op": "replace",
    "path": "/durabilityByType",
    "value": {
		"armor-body-brigandine-temporalit": 20400,
		"armor-legs-brigandine-temporalit": 15600,
		"armor-body-chain-temporalit": 18000,
		"armor-legs-chain-temporalit": 12000,
		"armor-body-scale-temporalit": 31500,
		"armor-legs-scale-temporalit": 21000,
		"armor-body-plate-temporalit": 48150,
		"armor-legs-plate-temporalit": 33000
		},
	"dependsOn": [{ "modid": "combatoverhaul" }]
	},
	{
    "file": "spearexpantion:itemtypes/wearable/temporalit-helmets",
    "op": "replace",
    "path": "/durabilityByType",
    "value": {
		"armorr-head-brigandine-temporalit": 7500,
		"armorr-head-chain-temporalit": 5000,
		"armorr-head-scale-temporalit": 10500,
		"armorr-head-plate-temporalit": 17500
		},
	"dependsOn": [{ "modid": "combatoverhaul" }]
	},
	{
    "file": "spearexpantion:itemtypes/wearable/armorlamellar",
    "op": "replace",
    "path": "/durabilityByType",
    "value": {
		"armor-head-lamellar-iron": 1600,
		"armor-body-lamellar-iron": 4800,
		"armor-legs-lamellar-iron": 3200,
		"armor-head-lamellar-meteoriciron": 2000,
		"armor-body-lamellar-meteoriciron": 6000,
		"armor-legs-lamellar-meteoriciron": 4300,
		"armor-head-lamellar-steel": 3200,
		"armor-body-lamellar-steel": 9600,
		"armor-legs-lamellar-steel": 6400,
		"armor-head-lamellar-temporalit": 4000,
		"armor-body-lamellar-temporalit": 12000,
		"armor-legs-lamellar-temporalit": 8000,
		},
	"dependsOn": [{ "modid": "combatoverhaul" }]
	},
	{
    "file": "spearexpantion:itemtypes/wearable/armorkast",
    "op": "replace",
    "path": "/durabilityByType",
    "value": {
		"armor-body-kastenbrust-gold": 2450,
		"armor-body-kastenbrust-silver": 6050,
		"armor-body-kastenbrust-blackbronze": 7250,
		"armor-body-kastenbrust-iron": 13250,
		"armor-body-kastenbrust-meteoriciron": 16850,
		"armor-body-kastenbrust-steel": 33050,
		"armor-body-kastenbrust-temporalit": 48200
		},
	"dependsOn": [{ "modid": "combatoverhaul" }]
	},
	{
    "file": "itemtypes/temporal/temporalit-nighthelmet",
    "op": "replace",
    "path": "/durabilityByType",
    "value": {
		"temporalitvisiondevice-leather_reinforced": 2222,
		"temporalitvisiondevice-steel": 10000,
		"temporalitvisiondevice-goldplated": 14300,
		"temporalitvisiondevice-silverplated": 14300,
		"temporalitvisiondevice-temporalit": 14300
		},
	"dependsOn": [{ "modid": "combatoverhaul" }]
	},
  {
    "file": "game:itemtypes/temporal/temporalit-nighthelmet",
	"dependsOn": [{ "modid": "combatoverhaul" }],
    "op": "add",
    "path": "/behaviors",
    "value": [
      {
        "name": "CombatOverhaul:Armor",
       "propertiesByType": {
          "temporalitvisiondevice-temporalit": {
            "Layers": ["Outer"],
            "Zones": ["Head", "Neck", "Face"],
            "Resists": {"PiercingAttack": 12, "SlashingAttack": 12, "BluntAttack": 4},
            "FlatReduction": {"PiercingAttack": 1, "SlashingAttack": 1, "BluntAttack": 0},
            "PlayerStats": {"walkspeed": 0, "manipulationSpeed": 0, "steadyAim": -0.2, "healingeffectivness": -0.05, "hungerrate": 0.05}
          },
		  "temporalitvisiondevice-silverplated": {
            "Layers": ["Outer"],
            "Zones": ["Head", "Neck", "Face"],
            "Resists": {"PiercingAttack": 12, "SlashingAttack": 12, "BluntAttack": 4},
            "FlatReduction": {"PiercingAttack": 1, "SlashingAttack": 1, "BluntAttack": 0},
            "PlayerStats": {"walkspeed": 0, "manipulationSpeed": 0, "steadyAim": -0.2, "healingeffectivness": -0.05, "hungerrate": 0.05}
          },
		  "temporalitvisiondevice-goldplated": {
            "Layers": ["Outer"],
            "Zones": ["Head", "Neck", "Face"],
            "Resists": {"PiercingAttack": 12, "SlashingAttack": 12, "BluntAttack": 4},
            "FlatReduction": {"PiercingAttack": 1, "SlashingAttack": 1, "BluntAttack": 0},
            "PlayerStats": {"walkspeed": 0, "manipulationSpeed": 0, "steadyAim": -0.2, "healingeffectivness": -0.05, "hungerrate": 0.05}
          },
		  "temporalitvisiondevice-steel": {
            "Layers": ["Outer"],
            "Zones": ["Head", "Neck", "Face"],
            "Resists": {"PiercingAttack": 10, "SlashingAttack": 10, "BluntAttack": 3},
            "FlatReduction": {"PiercingAttack": 1, "SlashingAttack": 0, "BluntAttack": 0},
            "PlayerStats": {"walkspeed": 0, "manipulationSpeed": 0, "steadyAim": -0.2, "healingeffectivness": -0.05, "hungerrate": 0.05}
          },
		  "temporalitvisiondevice-steel": {
            "Layers": ["Outer"],
            "Zones": ["Head", "Neck", "Face"],
            "Resists": {"PiercingAttack": 10, "SlashingAttack": 10, "BluntAttack": 3},
            "FlatReduction": {"PiercingAttack": 1, "SlashingAttack": 0, "BluntAttack": 0},
            "PlayerStats": {"walkspeed": 0, "manipulationSpeed": 0, "steadyAim": -0.2, "healingeffectivness": -0.05, "hungerrate": 0.05}
          },
		  "temporalitvisiondevice-leather_reinforced": {
            "Layers": ["Outer"],
            "Zones": ["Head", "Neck", "Face"],
            "Resists": {"PiercingAttack": 1, "SlashingAttack": 3, "BluntAttack": 1},
            "FlatReduction": {},
            "PlayerStats": {"walkspeed": 0, "manipulationSpeed": 0, "steadyAim": -0.1, "healingeffectivness": -0.05, "hungerrate": 0.05}
          }
        }
      }
    ]
	},
	{
    "file": "spearexpantion:itemtypes/wearable/armorkast",
	"dependsOn": [{ "modid": "combatoverhaul" }],
    "op": "add",
    "path": "/behaviors",
    "value": [
		{
        "name": "CombatOverhaul:Armor",
		"propertiesByType": {
		  "armor-body-kastenbrust-temporalit": {
            "Layers": ["Outer"],
            "Zones": ["Torso", "Arms", "Hands"],
            "Resists": {"PiercingAttack": 11, "SlashingAttack": 12, "BluntAttack": 6},
            "FlatReduction": {"PiercingAttack": 1.5, "SlashingAttack": 1.5, "BluntAttack": 0.5},
            "PlayerStats": {"walkspeed": -0.05, "manipulationSpeed": -0.2, "steadyAim": -0.1, "healingeffectivness": -0.1, "hungerrate": 0.05}
          },
		  "armor-body-kastenbrust-steel": {
            "Layers": ["Outer"],
            "Zones": ["Torso", "Arms", "Hands"],
            "Resists": {"PiercingAttack": 8, "SlashingAttack": 7, "BluntAttack": 4},
            "FlatReduction": {"PiercingAttack": 1, "SlashingAttack": 1, "BluntAttack": 0},
            "PlayerStats": {"walkspeed": -0.05, "manipulationSpeed": -0.2, "steadyAim": -0.1, "healingeffectivness": -0.1, "hungerrate": 0.05}
          },
		  "armor-body-kastenbrust-iron": {
            "Layers": ["Outer"],
            "Zones": ["Torso", "Arms", "Hands"],
            "Resists": {"PiercingAttack": 7, "SlashingAttack": 6, "BluntAttack": 3},
            "FlatReduction": {"PiercingAttack": 1, "SlashingAttack": 0, "BluntAttack": 0},
            "PlayerStats": {"walkspeed": -0.05, "manipulationSpeed": -0.15, "steadyAim": -0.1, "healingeffectivness": -0.1, "hungerrate": 0.05}
          },
		  "armor-body-kastenbrust-meteoriciron": {
            "Layers": ["Outer"],
            "Zones": ["Torso", "Arms", "Hands"],
            "Resists": {"PiercingAttack": 7, "SlashingAttack": 6, "BluntAttack": 4},
            "FlatReduction": {"PiercingAttack": 1, "SlashingAttack": 0, "BluntAttack": 0},
            "PlayerStats": {"walkspeed": -0.05, "manipulationSpeed": -0.15, "steadyAim": -0.1, "healingeffectivness": -0.1, "hungerrate": 0.05}
          },
		  "armor-body-kastenbrust-blackbronze": {
            "Layers": ["Outer"],
            "Zones": ["Torso", "Arms", "Hands"],
            "Resists": {"PiercingAttack": 6, "SlashingAttack": 5, "BluntAttack": 2},
            "FlatReduction": {},
            "PlayerStats": {"walkspeed": -0.05, "manipulationSpeed": -0.15, "steadyAim": -0.1, "healingeffectivness": -0.1, "hungerrate": 0.05}
          },
		  "armor-body-kastenbrust-silver": {
            "Layers": ["Outer"],
            "Zones": ["Torso", "Arms", "Hands"],
            "Resists": {"PiercingAttack": 4, "SlashingAttack": 4, "BluntAttack": 2},
            "FlatReduction": {},
            "PlayerStats": {"walkspeed": -0.05, "manipulationSpeed": -0.2, "steadyAim": -0.1, "healingeffectivness": -0.1, "hungerrate": 0.05}
          },
		  "armor-body-kastenbrust-gold": {
            "Layers": ["Outer"],
            "Zones": ["Torso", "Arms", "Hands"],
            "Resists": {"PiercingAttack": 5, "SlashingAttack": 5, "BluntAttack": 1},
            "FlatReduction": {},
            "PlayerStats": {"walkspeed": -0.05, "manipulationSpeed": -0.2, "steadyAim": -0.1, "healingeffectivness": -0.1, "hungerrate": 0.05}
          }
	    }
	   }
	]
 },
 {
    "file": "spearexpantion:itemtypes/wearable/armorlamellar",
	"dependsOn": [{ "modid": "combatoverhaul" }],
    "op": "add",
    "path": "/behaviors",
    "value": [
		{
        "name": "CombatOverhaul:Armor",
		"propertiesByType": {
		  "armor-head-lamellar-iron": {
            "Layers": ["Outer"],
            "Zones": ["Head", "Neck", "Face"],
            "Resists": {"PiercingAttack": 5, "SlashingAttack": 7, "BluntAttack": 5},
            "FlatReduction": {},
            "PlayerStats": {"walkspeed": 0, "manipulationSpeed": 0, "steadyAim": 0.2, "healingeffectivness": -0.01, "hungerrate": 0.05}
          },
		 "armor-body-lamellar-iron": {
            "Layers": ["Outer"],
            "Zones": ["Torso", "Arms", "Hands"],
            "Resists": {"PiercingAttack": 5, "SlashingAttack": 7, "BluntAttack": 5},
            "FlatReduction": {},
            "PlayerStats": {"walkspeed": -0.01, "manipulationSpeed": -0.15, "steadyAim": 0.1, "healingeffectivness": -0.01, "hungerrate": 0.05}
          },
		  "armor-legs-lamellar-iron": {
            "Layers": ["Outer"],
            "Zones": ["Legs", "Feet"],
            "Resists": {"PiercingAttack": 5, "SlashingAttack": 7, "BluntAttack": 5},
            "FlatReduction": {},
            "PlayerStats": {"walkspeed": -0.01, "manipulationSpeed": 0, "steadyAim": 0, "healingeffectivness": -0.05, "hungerrate": 0.05}
          },
		  "armor-head-lamellar-meteoriciron": {
            "Layers": ["Outer"],
            "Zones": ["Head", "Neck", "Face"],
            "Resists": {"PiercingAttack": 6, "SlashingAttack": 7.5, "BluntAttack": 6},
            "FlatReduction": {},
            "PlayerStats": {"walkspeed": 0, "manipulationSpeed": 0, "steadyAim": 0.2, "healingeffectivness": -0.01, "hungerrate": 0.05}
          },
		 "armor-body-lamellar-meteoriciron": {
            "Layers": ["Outer"],
            "Zones": ["Torso", "Arms", "Hands"],
            "Resists": {"PiercingAttack": 6, "SlashingAttack": 7.5, "BluntAttack": 6},
            "FlatReduction": {},
            "PlayerStats": {"walkspeed": -0.01, "manipulationSpeed": -0.15, "steadyAim": 0.1, "healingeffectivness": -0.01, "hungerrate": 0.05}
          },
		  "armor-legs-lamellar-meteoriciron": {
            "Layers": ["Outer"],
            "Zones": ["Legs", "Feet"],
            "Resists": {"PiercingAttack": 6, "SlashingAttack": 7.5, "BluntAttack": 6},
            "FlatReduction": {},
            "PlayerStats": {"walkspeed": -0.01, "manipulationSpeed": 0, "steadyAim": 0, "healingeffectivness": -0.05, "hungerrate": 0.05}
          },
		  "armor-head-lamellar-steel": {
            "Layers": ["Outer"],
            "Zones": ["Head", "Neck", "Face"],
            "Resists": {"PiercingAttack": 8, "SlashingAttack": 10, "BluntAttack": 8},
            "FlatReduction": {"PiercingAttack": 1, "SlashingAttack": 0.5, "BluntAttack": 0},
            "PlayerStats": {"walkspeed": 0, "manipulationSpeed": 0, "steadyAim": 0.2, "healingeffectivness": -0.05, "hungerrate": 0.05}
          },
		  "armor-body-lamellar-steel": {
            "Layers": ["Outer"],
            "Zones": ["Torso", "Arms", "Hands"],
            "Resists": {"PiercingAttack": 8, "SlashingAttack": 10, "BluntAttack": 8},
            "FlatReduction": {"PiercingAttack": 1, "SlashingAttack": 0.5, "BluntAttack": 0},
            "PlayerStats": {"walkspeed": -0.01, "manipulationSpeed": 0, "steadyAim": 0, "healingeffectivness": -0.05, "hungerrate": 0.05}
          },
		  "armor-legs-lamellar-steel": {
            "Layers": ["Outer"],
            "Zones": ["Legs", "Feet"],
            "Resists": {"PiercingAttack": 8, "SlashingAttack": 10, "BluntAttack": 8},
            "FlatReduction": {"PiercingAttack": 1, "SlashingAttack": 0.5, "BluntAttack": 0},
            "PlayerStats": {"walkspeed": -0.01, "manipulationSpeed": 0, "steadyAim": 0, "healingeffectivness": -0.05, "hungerrate": 0.05}
          },
		  "armor-head-lamellar-temporalit": {
            "Layers": ["Outer"],
            "Zones": ["Head", "Neck", "Face"],
            "Resists": {"PiercingAttack": 9, "SlashingAttack": 14, "BluntAttack": 10},
            "FlatReduction": {"PiercingAttack": 1, "SlashingAttack": 0.5, "BluntAttack": 0},
            "PlayerStats": {"walkspeed": 0, "manipulationSpeed": 0, "steadyAim": 0.2, "healingeffectivness": -0.05, "hungerrate": 0.05}
          },
		  "armor-body-lamellar-temporalit": {
            "Layers": ["Outer"],
            "Zones": ["Torso", "Arms", "Hands"],
            "Resists": {"PiercingAttack": 9, "SlashingAttack": 14, "BluntAttack": 10},
            "FlatReduction": {"PiercingAttack": 1, "SlashingAttack": 0.5, "BluntAttack": 0},
            "PlayerStats": {"walkspeed": -0.01, "manipulationSpeed": 0, "steadyAim": 0, "healingeffectivness": -0.05, "hungerrate": 0.05}
          },
		  "armor-legs-lamellar-temporalit": {
            "Layers": ["Outer"],
            "Zones": ["Legs", "Feet"],
            "Resists": {"PiercingAttack": 9, "SlashingAttack": 14, "BluntAttack": 10},
            "FlatReduction": {"PiercingAttack": 1, "SlashingAttack": 0.5, "BluntAttack": 0},
            "PlayerStats": {"walkspeed": -0.01, "manipulationSpeed": 0, "steadyAim": 0, "healingeffectivness": -0.05, "hungerrate": 0.05}
          },
	    }
	   }
	]
 },
 {
    "file": "spearexpantion:itemtypes/wearable/temporalit-helmets",
    "op": "add",
    "path": "/behaviors",
    "value": [
      {
        "name": "CombatOverhaul:Armor",
        "propertiesByType": {
			"armorr-head-brigandine-temporalit": {
            "Layers": ["Outer"],
            "Zones": ["Head", "Neck", "Face"],
            "Resists": {"PiercingAttack": 11, "SlashingAttack": 14, "BluntAttack": 4},
            "FlatReduction": {"PiercingAttack": 1.5, "SlashingAttack": 0.5, "BluntAttack": 0.5},
            "PlayerStats": {"walkspeed": 0, "manipulationSpeed": 0, "steadyAim": -0.2, "healingeffectivness": -0.05, "hungerrate": 0.05}
          },
		  "armorr-head-chain-temporalit": {
            "Layers": ["Middle"],
            "Zones": ["Head", "Neck", "Face"],
            "Resists": {"PiercingAttack": 4, "SlashingAttack": 11, "BluntAttack": 2},
            "FlatReduction": {},
            "PlayerStats": {"walkspeed": 0, "manipulationSpeed": 0, "steadyAim": -0.1, "healingeffectivness": -0.05, "hungerrate": 0.05}
          },
		  "armorr-head-scale-temporalit": {
            "Layers": ["Outer", "Middle"],
            "Zones": ["Head", "Neck", "Face"],
            "Resists": {"PiercingAttack": 9, "SlashingAttack": 11, "BluntAttack": 2},
            "FlatReduction": {"PiercingAttack": 0.5, "SlashingAttack": 1.5, "BluntAttack": 0.5},
            "PlayerStats": {"walkspeed": 0, "manipulationSpeed": 0, "steadyAim": -0.1, "healingeffectivness": -0.05, "hungerrate": 0.05}
          },
		  "armorr-head-plate-temporalit": {
            "Layers": ["Outer"],
            "Zones": ["Head", "Neck", "Face"],
            "Resists": {"PiercingAttack": 14, "SlashingAttack": 14, "BluntAttack": 6},
            "FlatReduction": {"PiercingAttack": 1.5, "SlashingAttack": 1.5, "BluntAttack": 0.5},
            "PlayerStats": {"walkspeed": 0, "manipulationSpeed": 0, "steadyAim": -0.2, "healingeffectivness": -0.05, "hungerrate": 0.05}
          }
	    }
      }
    ],
	"dependsOn": [{ "modid": "combatoverhaul" }]
  },
  {"file": "spearexpantion:itemtypes/wearable/temporalit-helmets", "op": "replace", "path": "/attributes/protectionModifiersByType", "value": {"*": null}, "dependsOn": [{ "modid": "combatoverhaul" }]},
  {"file": "spearexpantion:itemtypes/wearable/temporalit-helmets", "op": "replace", "path": "/attributes/statModifiersByType", 
	"value": {
			"armorr-*-brigandine-*": {
				rangedWeaponsSpeed: -0.14
			},
			"armorr-*-chain-*": {
				rangedWeaponsSpeed: -0.06
			},
			"armorr-*-scale-*": {
				rangedWeaponsSpeed: -0.2
			},
			"armorr-*-plate-*": {
				rangedWeaponsSpeed: -0.2
			}
		}, 
	"dependsOn": [{ "modid": "combatoverhaul" }]},
  {"file": "spearexpantion:itemtypes/wearable/armorlamellar", "op": "replace", "path": "/attributes/protectionModifiersByType", "value": {"*": null}, "dependsOn": [{ "modid": "combatoverhaul" }]},
  {"file": "spearexpantion:itemtypes/wearable/armorlamellar", "op": "replace", "path": "/attributes/statModifiersByType", 
	"value": {
		"armor-*-lamellar-temporalit": {
				rangedWeaponsSpeed: -0.1
			},
			"armor-*-lamellar-*": {
				rangedWeaponsSpeed: -0.09
			}
		}, 
	"dependsOn": [{ "modid": "combatoverhaul" }]},
  {"file": "spearexpantion:itemtypes/wearable/armorkast", "op": "replace", "path": "/attributes/protectionModifiersByType", "value": {"*": null}, "dependsOn": [{ "modid": "combatoverhaul" }]},
  {"file": "spearexpantion:itemtypes/wearable/armorkast", "op": "replace", "path": "/attributes/statModifiersByType", 
	"value": {
		"armor-*-*-*": {
				rangedWeaponsSpeed: -0.2
			}
		}, 
	"dependsOn": [{ "modid": "combatoverhaul" }]},
  {"file": "game:itemtypes/wearable/seraph/armor-temporalit", "op": "replace", "path": "/attributes/protectionModifiersByType", "value": {"*": null}, "dependsOn": [{ "modid": "combatoverhaul" }]},
  {"file": "game:itemtypes/wearable/seraph/armor-temporalit", "op": "replace", "path": "/attributes/statModifiersByType", 
	"value": {
			"armor-*-brigandine-temporalit": {
				rangedWeaponsSpeed: -0.07
			},
			"armor-*-chain-temporalit": {
				rangedWeaponsSpeed: -0.07
			},
			"armor-*-plate-temporalit": {
				rangedWeaponsSpeed: -0.07
			},
			"armor-*-scale-temporalit": {
				rangedWeaponsSpeed: -0.07
			}
		},
	"dependsOn": [{ "modid": "combatoverhaul" }]},
  {"file": "game:itemtypes/temporal/temporalit-nighthelmet", "op": "replace", "path": "/attributes/protectionModifiersByType", "value": {"*": null}, "dependsOn": [{ "modid": "combatoverhaul" }]},
  {"file": "game:itemtypes/temporal/temporalit-nighthelmet", "op": "replace", "path": "/attributes/statModifiersByType", 
	"value": {
		"temporalitvisiondevice-temporalit": {
				rangedWeaponsSpeed: -0.2
				},
			"temporalitvisiondevice-silverplated": {
				rangedWeaponsSpeed: -0.2
				},
			"temporalitvisiondevice-goldplated": {
				rangedWeaponsSpeed: -0.2
				},
			"temporalitvisiondevice-steel": {
				rangedWeaponsSpeed: -0.2
				},
			"temporalitvisiondevice-leather_reinforced": {
				rangedWeaponsSpeed: -0.01
				}
			}, 
		"dependsOn": [{ "modid": "combatoverhaul" }]},
]