[
  {
    "op": "remove",
    "path": "/variantgroups/0/states/3",
    "file": "itemtypes/part/poundercap.json"
  },
  {
    "op": "remove",
    "path": "/variantgroups/0/states/3",
    "file": "itemtypes/part/poundercap.json"
  },
  {
    "op": "replace",
    "path": "/variantgroups/0/states/3",
    "value": "temporalit",
    "file": "itemtypes/part/poundercap.json"
  },
  {
    "op": "add",
    "path": "/variantgroups/0/states/4",
    "value": "iron",
    "file": "itemtypes/part/poundercap.json"
  },
  {
    "op": "add",
    "path": "/variantgroups/0/states/5",
    "value": "meteoriciron",
    "file": "itemtypes/part/poundercap.json"
  },
  {
    "op": "add",
    "path": "/variantgroups/0/states/6",
    "value": "steel",
    "file": "itemtypes/part/poundercap.json"
  }
]