[
  {
    "op": "add",
    "path": "/combustiblePropsByType/metalscale-temporalit",
    "value": {
      "meltingPoint": 1750,
      "meltingDuration": 30,
      "smeltedRatio": 1,
      "smeltedStack": {
        "type": "item",
        "code": "ingot-temporalit",
        "stacksize": 1
      }
    },
    "file": "itemtypes/resource/metalscale.json"
  },
  {
    "op": "add",
    "path": "/materialDensityByType/*-temporalit",
    "value": 7720,
    "file": "itemtypes/resource/metalscale.json"
  }
]