[
  {
    "op": "remove",
    "path": "/combustiblePropsByType/metalsheet-blackbronze",
    "file": "blocktypes/metal/sheet.json"
  },
  {
    "op": "add",
    "path": "/combustiblePropsByType/ingot-blackbronze",
    "value": {
      "meltingPoint": 1020,
      "meltingDuration": 30,
      "smeltedRatio": 1,
      "smeltedStack": {
        "type": "item",
        "code": "ingot-blackbronze"
      }
    },
    "file": "blocktypes/metal/sheet.json"
  },
  {
    "op": "add",
    "path": "/combustiblePropsByType/metalsheet-temporalit",
    "value": {
      "meltingPoint": 1750,
      "meltingDuration": 30,
      "smeltedRatio": 1,
      "smeltedStack": {
        "type": "item",
        "code": "ingot-temporalit"
      }
    },
    "file": "blocktypes/metal/sheet.json"
  },
  {
    "op": "add",
    "path": "/combustiblePropsByType/metalsheet-electrum",
    "value": {
      "meltingPoint": 1063,
      "meltingDuration": 30,
      "smeltedRatio": 1,
      "smeltedStack": {
        "type": "item",
        "code": "ingot-electrum"
      }
    },
    "file": "blocktypes/metal/sheet.json"
  },
  {
    "op": "add",
    "path": "/combustiblePropsByType/metalsheet-nickel",
    "value": {
      "meltingPoint": 1455,
      "meltingDuration": 30,
      "smeltedRatio": 1,
      "smeltedStack": {
        "type": "item",
        "code": "ingot-nickel"
      }
    },
    "file": "blocktypes/metal/sheet.json"
  },
  {
    "op": "add",
    "path": "/combustiblePropsByType/metalsheet-tungsten",
    "value": {
      "meltingPoint": 3422,
      "meltingDuration": 30,
      "smeltedRatio": 1,
      "smeltedStack": {
        "type": "item",
        "code": "ingot-tungsten"
      }
    },
    "file": "blocktypes/metal/sheet.json"
  }
]