[
  {
    "op": "add",
    "path": "/attributes/requiresAnvilTierByType/ingot-temporalit",
    "value": 3,
    "file": "itemtypes/resource/ingot.json"
  },
  {
    "op": "add",
    "path": "/attributes/workableTemperatureByType/ingot-temporalit",
    "value": 1000,
    "file": "itemtypes/resource/ingot.json"
  },
  {
    "op": "add",
    "path": "/combustiblePropsByType/ingot-temporalit",
    "value": {
      "meltingPoint": 1502,
      "meltingDuration": 60,
      "smeltedRatio": 1,
      "smeltedStack": {
        "type": "item",
        "code": "ingot-temporalit"
      }
    },
    "file": "itemtypes/resource/ingot.json"
  },
  {
    "op": "add",
    "path": "/attributes/reinforcementStrengthByType/*-temporalit",
    "value": 1500,
    "file": "itemtypes/resource/ingot.json"
  },
  {
    "op": "add",
    "path": "/materialDensityByType/*-temporalit",
    "value": 10500,
    "file": "itemtypes/resource/ingot.json"
  }
]