﻿[
    // Rhinocerotidae
    {
        "side": "server",
        "file": "rhinocerotidae:entities/land/rhinocerotidae",
        "op": "add",
        "path": "/server/behaviors/-",
        "value": {
            "code": "EntityBleedingBehavior"
        }
    },
    {
        "side": "server",
        "file":  "rhinocerotidae:entities/land/rhinocerotidae",
        "op": "add",
        "path": "/client/behaviors/-",
        "value": {
            "code": "EntityBleedingBehaviorParticles"
        }
    }
]