[
	{
		ingredientPattern: "DBA,FEF,IGI",
		recipeGroup: 1,
		ingredients: {
			"B": { type: "item", code: "fa-hussar-schematic", returnedStack: { "type": "item", "code": "fa-hussar-schematic" }
			},
			"A": { type: "item", code: "game:hide-pelt-bear-brown-body"
			},
			"D": { type: "item", code: "game:metalplate-steel", quantity: 2
			},
			"E": { type: "item", code: "game:armor-body-brigandine-steel"
			},
			"F": { type: "item", code: "game:metalnailsandstrips-gold", quantity: 6
			},
			"G": { type: "item", code: "game:hammer-*", isTool: true, toolDurabilityCost: 100
			},
			"I": { type: "item", code: "game:leather-sturdy-plain", quantity: 6
			}
		},
		width: 3,
		height: 3,
		name: "hussar steel plate body",
		output: { type: "item", code: "fa-hussar-body-steel-light-none"
		}
	},
	{
		ingredientPattern: "DBA,FEF,IGI",
		recipeGroup: 1,
		ingredients: {
			"B": { type: "item", code: "fa-hussar-schematic", returnedStack: { "type": "item", "code": "fa-hussar-schematic" }
			},
			"A": { type: "item", code: "game:hide-pelt-bear-brown-body"
			},
			"D": { type: "item", code: "game:metalplate-meteoriciron", quantity: 2
			},
			"E": { type: "item", code: "game:armor-body-brigandine-meteoriciron"
			},
			"F": { type: "item", code: "game:metalnailsandstrips-cupronickel", quantity: 6
			},
			"G": { type: "item", code: "game:hammer-*", isTool: true, toolDurabilityCost: 100
			},
			"I": { type: "item", code: "game:leather-normal-plain", quantity: 6
			}
		},
		width: 3,
		height: 3,
		name: "hussar meteoriciron plate body",
		output: { type: "item", code: "fa-hussar-body-meteoriciron-light-none"
		}
	},
	{
		ingredientPattern: "DBA,FEF,IGI",
		recipeGroup: 1,
		ingredients: {
			"B": { type: "item", code: "fa-hussar-schematic", returnedStack: { "type": "item", "code": "fa-hussar-schematic" }
			},
			"A": { type: "item", code: "game:hide-pelt-bear-brown-body"
			},
			"D": { type: "item", code: "game:metalplate-iron", quantity: 2
			},
			"E": { type: "item", code: "game:armor-body-brigandine-iron"
			},
			"F": { type: "item", code: "game:metalnailsandstrips-blackbronze", quantity: 6
			},
			"G": { type: "item", code: "game:hammer-*", isTool: true, toolDurabilityCost: 100
			},
			"I": { type: "item", code: "game:leather-normal-plain", quantity: 6
			}
		},
		width: 3,
		height: 3,
		name: "hussar iron plate body",
		output: { type: "item", code: "fa-hussar-body-iron-light-none"
		}
	},
	{
		ingredientPattern: "DID,DBD,FGF",
		recipeGroup: 1,
		ingredients: {
			"B": { type: "item", code: "fa-hussar-body-*-light-none",
						name: "metal", allowedVariants: [
					"steel",
					"meteoriciron",
					"iron"
				]
			},
			"D": { type: "item", code: "game:cloth-*", name: "color", 
					allowedVariants: [
					"plain",
					"blue",
					"red",
					"yellow",
					"green",
					"purple",
					"pink",
					"orange",
					"brown",
					"gray",
					"black",
					"white"
				], quantity: 2
			},
			"F": { type: "item", code: "game:metalnailsandstrips-*",
						name: "metal", allowedVariants: [
					"steel",
					"meteoriciron",
					"iron"
				]
			},
			"G": { type: "item", code: "game:hammer-*", isTool: true, toolDurabilityCost: 100
			},
			"I": { type: "item", code: "game:shears-*", isTool: true, toolDurabilityCost: 100
			},
		},
		width: 3,
		height: 3,
		name: "hussar iron plate body",
		output: { type: "item", code: "fa-hussar-body-{metal}-light-{color}"
		}
	},
	{
		ingredientPattern: "AE,BG",
		recipeGroup: 1,
		ingredients: {
			"A": { type: "item", 
					code: "game:armor-body-hide-bear-*",
					name: "bear",
					allowedVariants: [
					"black",
					"brown",
					"polar"
				]
			},
			"E": { type: "item", 
					code: "fa-hussar-body-*-light-none",
					name: "metal",
					allowedVariants: [
					"iron",
					"meteoriciron",
					"steel"
				]
			},
			"G": { type: "item", code: "game:shears-*", isTool: true, toolDurabilityCost: 100
			},
			"B": { type: "item", code: "game:hammer-*", isTool: true, toolDurabilityCost: 100
			}
		},
		width: 2,
		height: 2,
		name: " ",
		output: { type: "item", code: "fa-hussar-body-{metal}-light-bear-{bear}"
		}
	},
	{
		ingredientPattern: "BCD,_A_",
		recipeGroup: 1,
		ingredients: {
			"A": { type: "item", code: "fa-hussar-body-steel-*light*"
			},
			"B": { type: "item", code: "game:wrench-*", isTool: true, toolDurabilityCost: 100
			},
			"C": { type: "item", code: "game:saw-*", isTool: true, toolDurabilityCost: 100
			},
			"D": { type: "item", code: "game:shears-*", isTool: true, toolDurabilityCost: 100
			},
		},
		width: 3,
		height: 2,
		name: "hussar steel plate sallet deplume",
		output: { type: "item", code: "fa-hussar-body-steel-light-none"
		}
	},
	{
		ingredientPattern: "BCD,_A_",
		recipeGroup: 1,
		ingredients: {
			"A": { type: "item", code: "fa-hussar-body-meteoriciron-*light*"
			},
			"B": { type: "item", code: "game:wrench-*", isTool: true, toolDurabilityCost: 100
			},
			"C": { type: "item", code: "game:saw-*", isTool: true, toolDurabilityCost: 100
			},
			"D": { type: "item", code: "game:shears-*", isTool: true, toolDurabilityCost: 100
			},
		},
		width: 3,
		height: 2,
		name: "hussar steel plate sallet deplume",
		output: { type: "item", code: "fa-hussar-body-meteoriciron-light-none"
		}
	},
	{
		ingredientPattern: "BCD,_A_",
		recipeGroup: 1,
		ingredients: {
			"A": { type: "item", code: "fa-hussar-body-iron-*light*"
			},
			"B": { type: "item", code: "game:wrench-*", isTool: true, toolDurabilityCost: 100
			},
			"C": { type: "item", code: "game:saw-*", isTool: true, toolDurabilityCost: 100
			},
			"D": { type: "item", code: "game:shears-*", isTool: true, toolDurabilityCost: 100
			},
		},
		width: 3,
		height: 2,
		name: "hussar steel plate sallet deplume",
		output: { type: "item", code: "fa-hussar-body-iron-light-none"
		}
	}
]