{
	"editor": {
		"allAngles": false,
		"entityTextureMode": false
	},
	"textureWidth": 24,
	"textureHeight": 24,
	"textureSizes": {
		"succotrina-stem": [4,32],
		"succotrina-flowers": [4,8],
		"succotrina-center": [24,24],
		"succotrina-tip": [4,4],
		"succotrina-tall": [24,24]
	},
	"textures": {
	},
	"elements": [
		{
			"name": "origin 1",
			"from": [ 0.0, 0.0, 0.0 ],
			"to": [ 0.0, 0.0, 0.0 ],
			"rotationOrigin": [ 8.0, 0.0, 8.0 ],
			"faces": {
			},
			"children": [
				{
					"name": "face 3",
					"from": [ -4.0, 0.0, 8.0 ],
					"to": [ 20.0, 24.0, 8.0 ],
					"shade": false,
					"climateColorMap": "",
					"seasonColorMap": "",
					"rotationOrigin": [ 7.0, 0.0, 8.0 ],
					"rotationX": 67.5,
					"rotationY": 10.0,
					"faces": {
						"north": { "texture": "#succotrina-tall", "uv": [ 0.0, 0.0, 24.0, 24.0 ], "windMode": [0,1,1,0], "windData": [0,0,0,0] }
					}
				},
				{
					"name": "face 4",
					"from": [ -4.0, 0.0, 8.0 ],
					"to": [ 20.0, 24.0, 8.0 ],
					"shade": false,
					"climateColorMap": "",
					"seasonColorMap": "",
					"rotationOrigin": [ 7.0, 0.0, 8.0 ],
					"rotationX": -67.5,
					"rotationY": 10.0,
					"faces": {
						"north": { "texture": "#succotrina-tall", "uv": [ 0.0, 0.0, 24.0, 24.0 ], "windMode": [0,1,1,0], "windData": [0,0,0,0] }
					}
				},
				{
					"name": "face 5",
					"from": [ -3.0, 0.0, 7.0 ],
					"to": [ 21.0, 24.0, 7.0 ],
					"shade": false,
					"climateColorMap": "",
					"seasonColorMap": "",
					"rotationOrigin": [ 8.0, 0.0, 7.0 ],
					"rotationX": -80.0,
					"rotationY": -22.5,
					"rotationZ": -90.0,
					"faces": {
						"north": { "texture": "#succotrina-tall", "uv": [ 0.0, 0.0, 24.0, 24.0 ], "windMode": [0,1,1,0], "windData": [0,0,0,0] }
					}
				},
				{
					"name": "face 6",
					"from": [ -3.0, 0.0, 7.5 ],
					"to": [ 21.0, 24.0, 7.5 ],
					"shade": false,
					"climateColorMap": "",
					"seasonColorMap": "",
					"rotationOrigin": [ 8.0, 0.0, 7.5 ],
					"rotationX": -100.0,
					"rotationY": -157.5,
					"rotationZ": -90.0,
					"faces": {
						"north": { "texture": "#succotrina-tall", "uv": [ 0.0, 0.0, 24.0, 24.0 ], "windMode": [0,1,1,0], "windData": [0,0,0,0] }
					}
				},
				{
					"name": "face 7",
					"from": [ -3.0, 0.0, 7.3 ],
					"to": [ 21.0, 24.0, 7.3 ],
					"shade": false,
					"climateColorMap": "",
					"seasonColorMap": "",
					"rotationOrigin": [ 8.0, 0.0, 7.3 ],
					"rotationX": -67.5,
					"rotationY": -135.0,
					"rotationZ": -45.0,
					"faces": {
						"north": { "texture": "#succotrina-center", "uv": [ 0.0, 0.0, 24.0, 24.0 ], "windMode": [0,1,1,0], "windData": [0,0,1,0] }
					}
				},
				{
					"name": "face 8",
					"from": [ -2.6, 0.0, 7.8 ],
					"to": [ 21.4, 24.0, 7.8 ],
					"shade": false,
					"climateColorMap": "",
					"seasonColorMap": "",
					"rotationOrigin": [ 8.4, 0.0, 7.8 ],
					"rotationX": -135.0,
					"rotationY": -22.5,
					"rotationZ": -157.5,
					"faces": {
						"north": { "texture": "#succotrina-center", "uv": [ 0.0, 0.0, 24.0, 24.0 ], "windMode": [0,1,1,0], "windData": [0,1,1,0] }
					}
				},
				{
					"name": "face 9",
					"from": [ -3.5, 0.0, 7.6 ],
					"to": [ 20.5, 24.0, 7.6 ],
					"shade": false,
					"climateColorMap": "",
					"seasonColorMap": "",
					"rotationOrigin": [ 7.5, 0.0, 7.6 ],
					"rotationX": -45.0,
					"rotationY": -22.5,
					"rotationZ": -22.5,
					"faces": {
						"north": { "texture": "#succotrina-center", "uv": [ 0.0, 0.0, 24.0, 24.0 ], "windMode": [0,1,1,0], "windData": [0,1,1,0] }
					}
				},
				{
					"name": "face 10",
					"from": [ -3.3, 0.0, 7.7 ],
					"to": [ 20.7, 24.0, 7.7 ],
					"shade": false,
					"climateColorMap": "",
					"seasonColorMap": "",
					"rotationOrigin": [ 7.7, 0.0, 7.7 ],
					"rotationX": 45.0,
					"rotationY": -22.5,
					"rotationZ": 22.5,
					"faces": {
						"north": { "texture": "#succotrina-center", "uv": [ 0.0, 0.0, 24.0, 24.0 ], "windMode": [0,1,1,0], "windData": [0,1,1,0] }
					}
				},
				{
					"name": "center",
					"from": [ 8.0, 0.0, 8.0 ],
					"to": [ 8.0, 0.0, 8.0 ],
					"rotationOrigin": [ 8.0, 0.0, 8.0 ],
					"faces": {
					},
					"children": [
						{
							"name": "middle1",
							"from": [ -12.0, 0.0, 0.0 ],
							"to": [ 12.0, 24.0, 0.0 ],
							"shade": false,
							"climateColorMap": "",
							"seasonColorMap": "",
							"rotationOrigin": [ 0.0, 0.0, 0.0 ],
							"rotationY": -75.0,
							"faces": {
								"north": { "texture": "#succotrina-center", "uv": [ 0.0, 0.0, 24.0, 24.0 ], "windMode": [0,1,1,0], "windData": [0,1,1,0] }
							}
						},
						{
							"name": "middle2",
							"from": [ -12.0, 0.0, 0.0 ],
							"to": [ 12.0, 24.0, 0.0 ],
							"shade": false,
							"climateColorMap": "",
							"seasonColorMap": "",
							"rotationOrigin": [ 0.0, 0.0, 0.0 ],
							"rotationY": -22.0,
							"faces": {
								"north": { "texture": "#succotrina-center", "uv": [ 0.0, 0.0, 24.0, 24.0 ], "windMode": [0,1,1,0], "windData": [0,1,1,0] }
							}
						},
						{
							"name": "middle3",
							"from": [ -12.0, 0.0, 0.0 ],
							"to": [ 12.0, 24.0, 0.0 ],
							"shade": false,
							"climateColorMap": "",
							"seasonColorMap": "",
							"rotationOrigin": [ 0.0, 0.0, 0.0 ],
							"rotationX": -180.0,
							"rotationY": -45.0,
							"rotationZ": -180.0,
							"faces": {
								"north": { "texture": "#succotrina-center", "uv": [ 0.0, 0.0, 24.0, 24.0 ], "windMode": [0,1,1,0], "windData": [0,1,1,0] }
							}
						}
					]
				}
			]
		},
		{
			"name": "origin cobs",
			"from": [ 0.0, 0.0, 4.0 ],
			"to": [ 0.0, 0.0, 4.0 ],
			"rotationOrigin": [ 8.0, 0.0, 8.0 ],
			"rotationY": 10.0,
			"faces": {
			},
			"children": [
				{
					"name": "stem 3",
					"from": [ 7.1, 0.0, 2.8 ],
					"to": [ 7.7, 32.0, 3.4 ],
					"climateColorMap": "",
					"seasonColorMap": "",
					"renderPass": 1,
					"rotationOrigin": [ 7.6, 0.0, 3.3 ],
					"rotationX": -2.0,
					"rotationY": 15.0,
					"faces": {
						"north": { "texture": "#succotrina-stem", "uv": [ 0.0, 0.0, 1.0, 32.0 ], "autoUv": false, "windMode": [0,4,4,0], "windData": [0,1,1,0] },
						"east": { "texture": "#succotrina-stem", "uv": [ 1.0, 0.0, 2.0, 32.0 ], "autoUv": false, "windMode": [0,4,4,0], "windData": [0,1,1,0] },
						"south": { "texture": "#succotrina-stem", "uv": [ 2.0, 0.0, 3.0, 32.0 ], "autoUv": false, "windMode": [0,0,4,4], "windData": [0,0,1,1] },
						"west": { "texture": "#succotrina-stem", "uv": [ 3.0, 0.0, 4.0, 32.0 ], "autoUv": false, "windMode": [0,0,4,4], "windData": [0,0,1,1] },
						"up": { "texture": "#succotrina-stem", "uv": [ 0.5, 8.5, 1.0, 9.0 ], "windMode": [4,4,4,4], "windData": [1,1,1,1] }
					},
					"children": [
						{
							"name": "taper 43",
							"from": [ -0.2, 31.0, -0.2 ],
							"to": [ 0.9, 39.0, 0.9 ],
							"renderPass": 1,
							"rotationOrigin": [ 0.4, 31.0, 0.4 ],
							"rotationX": 4.0,
							"rotationZ": 2.0,
							"faces": {
								"north": { "texture": "#succotrina-flowers", "uv": [ 0.0, 0.0, 1.0, 8.0 ], "windMode": [4,4,4,4], "windData": [1,2,2,1] },
								"east": { "texture": "#succotrina-flowers", "uv": [ 1.0, 0.0, 2.0, 8.0 ], "windMode": [4,4,4,4], "windData": [1,2,2,1] },
								"south": { "texture": "#succotrina-flowers", "uv": [ 2.0, 0.0, 3.0, 8.0 ], "windMode": [4,4,4,4], "windData": [1,1,2,2] },
								"west": { "texture": "#succotrina-flowers", "uv": [ 1.0, 0.0, 2.0, 8.0 ], "windMode": [4,4,4,4], "windData": [1,1,2,2] },
								"up": { "texture": "#succotrina-flowers", "uv": [ 3.0, 0.0, 4.0, 1.0 ], "windMode": [4,4,4,4], "windData": [2,2,2,2] },
								"down": { "texture": "#succotrina-flowers", "uv": [ 3.0, 5.0, 4.0, 6.0 ], "windMode": [4,4,4,4], "windData": [1,1,1,1] }
							},
							"children": [
								{
									"name": "tip 44",
									"from": [ -1.45, -1.3, 0.55 ],
									"to": [ 2.55, 2.7, 0.55 ],
									"renderPass": 1,
									"rotationOrigin": [ -1.25, -1.3, 0.55 ],
									"faces": {
										"south": { "texture": "#succotrina-tip", "uv": [ 0.0, 0.0, 4.0, 4.0 ], "windMode": [4,4,4,4], "windData": [1,1,2,2] }
									},
									"children": [
										{
											"name": "tip 45",
											"from": [ 2.0, 0.0, -2.0 ],
											"to": [ 2.0, 4.0, 2.0 ],
											"renderPass": 1,
											"rotationOrigin": [ 2.0, 0.0, -2.0 ],
											"faces": {
												"east": { "texture": "#succotrina-tip", "uv": [ 0.0, 0.0, 4.0, 4.0 ], "windMode": [4,4,4,4], "windData": [1,2,2,1] }
											}
										}
									]
								},
								{
									"name": "cob 46",
									"from": [ -0.4, 0.5, -0.4 ],
									"to": [ 1.6, 6.5, 1.6 ],
									"renderPass": 1,
									"rotationOrigin": [ 0.3, 0.8, 0.4 ],
									"faces": {
										"north": { "texture": "#succotrina-flowers", "uv": [ 0.0, 0.0, 2.0, 6.0 ], "windMode": [4,4,4,4], "windData": [1,2,2,1] },
										"east": { "texture": "#succotrina-flowers", "uv": [ 0.5, 0.0, 2.5, 6.0 ], "windMode": [4,4,4,4], "windData": [1,2,2,1] },
										"south": { "texture": "#succotrina-flowers", "uv": [ 0.0, 0.0, 2.0, 6.0 ], "windMode": [4,4,4,4], "windData": [1,1,2,2] },
										"west": { "texture": "#succotrina-flowers", "uv": [ 0.5, 0.0, 2.5, 6.0 ], "windMode": [4,4,4,4], "windData": [1,1,2,2] },
										"up": { "texture": "#succotrina-flowers", "uv": [ 0.0, 0.5, 2.0, 2.5 ], "windMode": [4,4,4,4], "windData": [2,2,2,2] },
										"down": { "texture": "#succotrina-flowers", "uv": [ 0.5, 1.5, 2.5, 3.5 ], "windMode": [4,4,4,4], "windData": [1,1,1,1] }
									}
								}
							]
						}
					]
				}
			]
		}
	]}