[
  {
    "file": "game:entities/humanoid/player",
    "op": "Add",
    "path": "/client/animations/-",
    "value": {
      "code": "chargedjump",
      "animation": "ChargedJump",
      "blendMode": "AddAverage",
      "animationSpeed": 0.5,
      "weight": 10.0,
      "easeInSpeed": 1
    }
  },
  {
    "file": "game:shapes/entity/humanoid/seraph-faceless",
    "op": "Add",
    "path": "/animations/-",
    "value": {
      "name": "ChargedJump",
      "code": "chargedjump",
      "quantityframes": 15,
      "onActivityStopped": "Stop",
      "onAnimationEnd": "EaseOut",
      "keyframes": [
				{
					"frame": 0,
					"elements": {
						"LowerTorso": { "offsetX": 0.0, "offsetY": -4.0, "offsetZ": 0.0, "rotationX": 0.0, "rotationY": 0.0, "rotationZ": 22.5 },
						"UpperFootR": { "offsetX": -1.0, "offsetY": 0.0, "offsetZ": 0.0, "rotationX": 0.0, "rotationY": -22.5, "rotationZ": -67.5 },
						"LowerFootR": { "offsetX": 0.0, "offsetY": 1.5, "offsetZ": 0.0, "rotationX": 0.0, "rotationY": 0.0, "rotationZ": 90.0 },
						"UpperFootL": { "offsetX": -1.0, "offsetY": 0.0, "offsetZ": 0.0, "rotationX": 0.0, "rotationY": 22.5, "rotationZ": -67.5 },
						"LowerFootL": { "offsetX": 0.0, "offsetY": 1.5, "offsetZ": 0.0, "rotationX": 0.0, "rotationY": 0.0, "rotationZ": 90.0 },
						"UpperTorso": { "rotationX": 0.0, "rotationY": 0.0, "rotationZ": 15.0 },
						"UpperArmR": { "rotationX": 0.0, "rotationY": 10.0, "rotationZ": 45.0 },
						"LowerArmR": { "offsetX": -0.1, "offsetY": 1.3, "offsetZ": 0.0, "rotationX": 0.0, "rotationY": 0.0, "rotationZ": -67.5 },
						"UpperArmL": { "rotationX": 0.0, "rotationY": -10.0, "rotationZ": 35.0 },
						"LowerArmL": { "offsetX": 0.3, "offsetY": 0.8, "offsetZ": 0.0, "rotationX": 0.0, "rotationY": 0.0, "rotationZ": -50.0 }
					}
				},
				{
					"frame": 8,
					"elements": {
						"LowerTorso": { "offsetX": 0.0, "offsetY": 0.0, "offsetZ": 0.0 },
						"UpperFootR": { "offsetX": 0.0, "offsetY": 0.0, "offsetZ": 0.0, "rotationX": 0.0, "rotationY": 0.0, "rotationZ": 0.0 },
						"LowerFootR": { "rotationX": 0.0, "rotationY": 0.0, "rotationZ": 0.0 },
						"UpperFootL": { "offsetX": 0.0, "offsetY": 0.0, "offsetZ": 0.0, "rotationX": 0.0, "rotationY": 0.0, "rotationZ": 0.0 },
						"LowerFootL": { "rotationX": 0.0, "rotationY": 0.0, "rotationZ": 0.0 },
						"UpperTorso": { "rotationX": 0.0, "rotationY": 0.0, "rotationZ": -10.0 },
						"UpperArmR": { "offsetX": 0.0, "offsetY": 1.0, "offsetZ": 0.0, "rotationX": 0.0, "rotationY": -20.0, "rotationZ": -135.0 },
						"UpperArmL": { "offsetX": 0.0, "offsetY": 2.0, "offsetZ": 0.0, "rotationX": 0.0, "rotationY": 20.0, "rotationZ": -135.0 }
					}
				},
				{
					"frame": 14,
					"elements": {
						"LowerTorso": { "offsetX": 0.0, "offsetY": 3.0, "offsetZ": 0.0, "rotationX": 0.0, "rotationY": 0.0, "rotationZ": 18.0 },
						"UpperFootR": { "offsetX": -1.5, "offsetY": 0.0, "offsetZ": 0.0, "rotationX": 0.0, "rotationY": 0.0, "rotationZ": -67.5 },
						"LowerFootR": { "offsetX": 0.8, "offsetY": 1.3, "offsetZ": 0.0, "rotationX": 0.0, "rotationY": 0.0, "rotationZ": 67.5 },
						"UpperFootL": { "rotationX": 0.0, "rotationY": 0.0, "rotationZ": -22.5 },
						"LowerFootL": { "rotationX": 0.0, "rotationY": 0.0, "rotationZ": 22.5 },
						"UpperTorso": { "rotationX": 0.0, "rotationY": 0.0, "rotationZ": -10.0 },
						"UpperArmR": { "offsetX": 0.0, "offsetY": 1.0, "offsetZ": 0.0, "rotationX": -22.5, "rotationY": 0.0, "rotationZ": -135.0 },
						"LowerArmR": { "rotationX": 0.0, "rotationY": 0.0, "rotationZ": -22.5 },
						"UpperArmL": { "offsetX": 0.0, "offsetY": 1.0, "offsetZ": 0.0, "rotationX": 22.5, "rotationY": 0.0, "rotationZ": -135.0 },
						"LowerArmL": { "rotationX": 0.0, "rotationY": 0.0, "rotationZ": -22.5 },
						"Head": { "rotationX": 0.0, "rotationY": 0.0, "rotationZ": -5.0 }
          }
        }
      ]
    }
  }
]
