{
    "inheritFrom": "vanvar:blocktypes/wood/mechanics/brake",
    "code": "brake",
    "attributes": { "fromVanVarMod": true },
    "variantgroups": [
        { "code": "wood", "loadFromProperties": "wildcrafttree:block/wood" },
        { "code": "side", "loadFromProperties": "abstract/horizontalorientation" }
    ],
    "textures": {
        "wood": { "base": "game:block/wood/debarked/{wood}" },
        "oak": { "base": "game:block/wood/debarked/{wood}" },
        "oak1": { "base": "game:block/wood/debarked/{wood}" },
        "oak3": { "base": "wildcrafttree:block/wood/treetrunk/{wood}" },
        "oak-h": { "base": "wildcrafttree:block/wood/bark/{wood}-h" }
    }
}
