{
	"editor": {
		"collapsedPaths": "Root/origin/Poop3,Root/origin/Cube1,Root/origin/Poop1,Root/origin/Poop4",
		"allAngles": false,
		"entityTextureMode": false
	},
	"textureWidth": 16,
	"textureHeight": 16,
	"textureSizes": {
	},
	"textures": {
		"fertlow": "game:block/soil/fertlow"
	},
	"elements": [
		{
			"name": "origin",
			"from": [ 8.0, -0.02, 8.0 ],
			"to": [ 8.0, -0.02, 8.0 ],
			"rotationOrigin": [ 8.0, 0.0, 8.0 ],
			"faces": {
			},
			"children": [
				{
					"name": "Poop1",
					"from": [ -3.0, 0.0, -3.0 ],
					"to": [ 3.0, 0.5, 3.0 ],
					"faces": {
						"north": { "texture": "#fertlow", "uv": [ 0.0, 14.5, 6.0, 15.0 ] },
						"east": { "texture": "#fertlow", "uv": [ 4.5, 14.5, 10.5, 15.0 ] },
						"south": { "texture": "#fertlow", "uv": [ 3.0, 14.0, 9.0, 14.5 ] },
						"west": { "texture": "#fertlow", "uv": [ 4.0, 3.5, 10.0, 4.0 ] },
						"up": { "texture": "#fertlow", "uv": [ 6.0, 9.0, 12.0, 15.0 ] },
						"down": { "texture": "#fertlow", "uv": [ 5.0, 0.5, 11.0, 6.5 ] }
					},
					"children": [
						{
							"name": "Cube3",
							"from": [ -3.0, 0.0, -1.0 ],
							"to": [ -1.0, 1.0, 1.0 ],
							"rotationOrigin": [ -2.0, 0.0, 0.0 ],
							"faces": {
								"north": { "texture": "#fertlow", "uv": [ 8.5, 12.0, 10.5, 13.0 ] },
								"east": { "texture": "#fertlow", "uv": [ 5.0, 2.5, 7.0, 3.5 ] },
								"south": { "texture": "#fertlow", "uv": [ 9.0, 0.0, 11.0, 1.0 ] },
								"west": { "texture": "#fertlow", "uv": [ 10.0, 2.0, 12.0, 3.0 ] },
								"up": { "texture": "#fertlow", "uv": [ 11.5, 12.5, 13.5, 14.5 ] },
								"down": { "texture": "#fertlow", "uv": [ 0.0, 12.0, 2.0, 14.0 ] }
							}
						},
						{
							"name": "Cube4",
							"from": [ 4.0, 0.0, 6.0 ],
							"to": [ 6.0, 1.0, 8.0 ],
							"rotationOrigin": [ 5.0, 0.0, 7.0 ],
							"faces": {
								"north": { "texture": "#fertlow", "uv": [ 13.5, 12.5, 15.5, 13.5 ] },
								"east": { "texture": "#fertlow", "uv": [ 9.0, 11.5, 11.0, 12.5 ] },
								"south": { "texture": "#fertlow", "uv": [ 10.5, 1.0, 12.5, 2.0 ] },
								"west": { "texture": "#fertlow", "uv": [ 3.0, 12.0, 5.0, 13.0 ] },
								"up": { "texture": "#fertlow", "uv": [ 8.0, 1.5, 10.0, 3.5 ] },
								"down": { "texture": "#fertlow", "uv": [ 3.5, 9.5, 5.5, 11.5 ] }
							}
						},
						{
							"name": "Cube5",
							"from": [ 8.0, 0.0, 8.0 ],
							"to": [ 9.0, 0.5, 9.0 ],
							"rotationOrigin": [ 8.5, 0.0, 8.5 ],
							"faces": {
								"north": { "texture": "#fertlow", "uv": [ 13.5, 7.0, 14.5, 7.5 ] },
								"east": { "texture": "#fertlow", "uv": [ 6.5, 8.5, 7.5, 9.0 ] },
								"south": { "texture": "#fertlow", "uv": [ 7.5, 13.0, 8.5, 13.5 ] },
								"west": { "texture": "#fertlow", "uv": [ 12.5, 8.5, 13.5, 9.0 ] },
								"up": { "texture": "#fertlow", "uv": [ 6.5, 1.0, 7.5, 2.0 ] },
								"down": { "texture": "#fertlow", "uv": [ 5.0, 1.0, 6.0, 2.0 ] }
							}
						},
						{
							"name": "Cube6",
							"from": [ 8.0, 0.0, 1.0 ],
							"to": [ 9.0, 0.5, 2.0 ],
							"rotationOrigin": [ 8.5, 0.0, 1.5 ],
							"faces": {
								"north": { "texture": "#fertlow", "uv": [ 9.0, 4.5, 10.0, 5.0 ] },
								"east": { "texture": "#fertlow", "uv": [ 11.5, 5.5, 12.5, 6.0 ] },
								"south": { "texture": "#fertlow", "uv": [ 12.5, 12.5, 13.5, 13.0 ] },
								"west": { "texture": "#fertlow", "uv": [ 8.5, 6.5, 9.5, 7.0 ] },
								"up": { "texture": "#fertlow", "uv": [ 3.5, 3.0, 4.5, 4.0 ] },
								"down": { "texture": "#fertlow", "uv": [ 1.0, 6.0, 2.0, 7.0 ] }
							}
						},
						{
							"name": "Cube7",
							"from": [ -2.0, 0.0, 6.0 ],
							"to": [ -1.0, 0.5, 7.0 ],
							"rotationOrigin": [ -1.5, 0.0, 6.5 ],
							"faces": {
								"north": { "texture": "#fertlow", "uv": [ 0.0, 6.5, 1.0, 7.0 ] },
								"east": { "texture": "#fertlow", "uv": [ 14.0, 0.5, 15.0, 1.0 ] },
								"south": { "texture": "#fertlow", "uv": [ 13.0, 2.0, 14.0, 2.5 ] },
								"west": { "texture": "#fertlow", "uv": [ 5.5, 2.5, 6.5, 3.0 ] },
								"up": { "texture": "#fertlow", "uv": [ 13.0, 12.5, 14.0, 13.5 ] },
								"down": { "texture": "#fertlow", "uv": [ 12.0, 1.0, 13.0, 2.0 ] }
							}
						},
						{
							"name": "Cube8",
							"from": [ 2.0, 0.0, -2.0 ],
							"to": [ 3.0, 0.5, -1.0 ],
							"rotationOrigin": [ 2.5, 0.0, -1.5 ],
							"faces": {
								"north": { "texture": "#fertlow", "uv": [ 5.5, 3.0, 6.5, 3.5 ] },
								"east": { "texture": "#fertlow", "uv": [ 9.5, 1.5, 10.5, 2.0 ] },
								"south": { "texture": "#fertlow", "uv": [ 8.5, 14.0, 9.5, 14.5 ] },
								"west": { "texture": "#fertlow", "uv": [ 10.5, 3.0, 11.5, 3.5 ] },
								"up": { "texture": "#fertlow", "uv": [ 10.0, 4.5, 11.0, 5.5 ] },
								"down": { "texture": "#fertlow", "uv": [ 14.5, 9.0, 15.5, 10.0 ] }
							}
						},
						{
							"name": "Cube9",
							"from": [ 1.0, 0.0, 5.0 ],
							"to": [ 3.0, 1.0, 7.0 ],
							"rotationOrigin": [ 2.0, 0.0, 6.0 ],
							"faces": {
								"north": { "texture": "#fertlow", "uv": [ 9.0, 7.0, 11.0, 8.0 ] },
								"east": { "texture": "#fertlow", "uv": [ 1.5, 0.5, 3.5, 1.5 ] },
								"south": { "texture": "#fertlow", "uv": [ 2.0, 0.0, 4.0, 1.0 ] },
								"west": { "texture": "#fertlow", "uv": [ 3.0, 5.5, 5.0, 6.5 ] },
								"up": { "texture": "#fertlow", "uv": [ 8.5, 6.0, 10.5, 8.0 ] },
								"down": { "texture": "#fertlow", "uv": [ 11.5, 0.5, 13.5, 2.5 ] }
							}
						},
						{
							"name": "Cube10",
							"from": [ 0.5, 0.5, 0.5 ],
							"to": [ 4.5, 2.0, 4.5 ],
							"rotationOrigin": [ 2.5, 0.5, 2.5 ],
							"faces": {
								"north": { "texture": "#fertlow", "uv": [ 7.0, 10.5, 11.0, 12.0 ] },
								"east": { "texture": "#fertlow", "uv": [ 7.5, 4.0, 11.5, 5.5 ] },
								"south": { "texture": "#fertlow", "uv": [ 11.5, 1.0, 15.5, 2.5 ] },
								"west": { "texture": "#fertlow", "uv": [ 11.0, 1.0, 15.0, 2.5 ] },
								"up": { "texture": "#fertlow", "uv": [ 3.5, 11.0, 7.5, 15.0 ] }
							}
						},
						{
							"name": "Cube11",
							"from": [ -2.0, 0.0, 1.0 ],
							"to": [ 0.0, 0.5, 3.0 ],
							"rotationOrigin": [ -1.0, 0.0, 2.0 ],
							"faces": {
								"north": { "texture": "#fertlow", "uv": [ 9.5, 11.5, 11.5, 12.0 ] },
								"south": { "texture": "#fertlow", "uv": [ 11.0, 13.5, 13.0, 14.0 ] },
								"west": { "texture": "#fertlow", "uv": [ 4.5, 7.0, 6.5, 7.5 ] },
								"up": { "texture": "#fertlow", "uv": [ 6.5, 10.0, 8.5, 12.0 ] },
								"down": { "texture": "#fertlow", "uv": [ 0.5, 13.0, 2.5, 15.0 ] }
							}
						},
						{
							"name": "Cube12",
							"from": [ 3.5, 0.5, 3.0 ],
							"to": [ 5.5, 1.5, 6.0 ],
							"rotationOrigin": [ 4.5, 0.5, 4.0 ],
							"faces": {
								"north": { "texture": "#fertlow", "uv": [ 9.5, 5.0, 11.5, 6.0 ] },
								"east": { "texture": "#fertlow", "uv": [ 1.5, 5.5, 4.5, 6.5 ] },
								"south": { "texture": "#fertlow", "uv": [ 0.0, 6.5, 2.0, 7.5 ] },
								"west": { "texture": "#fertlow", "uv": [ 6.0, 7.0, 9.0, 8.0 ] },
								"up": { "texture": "#fertlow", "uv": [ 4.0, 2.5, 6.0, 5.5 ] },
								"down": { "texture": "#fertlow", "uv": [ 12.0, 9.0, 14.0, 12.0 ] }
							}
						},
						{
							"name": "Cube13",
							"from": [ 1.5, 0.5, 2.5 ],
							"to": [ 5.0, 2.5, 5.5 ],
							"rotationOrigin": [ 4.0, 0.5, 3.5 ],
							"faces": {
								"north": { "texture": "#fertlow", "uv": [ 12.0, 11.0, 15.5, 13.0 ] },
								"east": { "texture": "#fertlow", "uv": [ 6.5, 11.5, 9.5, 13.5 ] },
								"south": { "texture": "#fertlow", "uv": [ 9.5, 6.0, 13.0, 8.0 ] },
								"west": { "texture": "#fertlow", "uv": [ 7.5, 6.5, 10.5, 8.5 ] },
								"up": { "texture": "#fertlow", "uv": [ 11.5, 7.5, 15.0, 10.5 ] }
							}
						},
						{
							"name": "Cube14",
							"from": [ 5.0, 0.0, -1.0 ],
							"to": [ 7.0, 1.0, 1.0 ],
							"rotationOrigin": [ 6.0, 0.0, 0.0 ],
							"faces": {
								"north": { "texture": "#fertlow", "uv": [ 0.5, 5.5, 2.5, 6.5 ] },
								"east": { "texture": "#fertlow", "uv": [ 2.5, 0.0, 4.5, 1.0 ] },
								"south": { "texture": "#fertlow", "uv": [ 6.0, 4.0, 8.0, 5.0 ] },
								"west": { "texture": "#fertlow", "uv": [ 4.0, 13.5, 6.0, 14.5 ] },
								"up": { "texture": "#fertlow", "uv": [ 7.0, 7.5, 9.0, 9.5 ] },
								"down": { "texture": "#fertlow", "uv": [ 5.5, 4.5, 7.5, 6.5 ] }
							}
						},
						{
							"name": "Cube15",
							"from": [ 6.0, 0.0, 2.5 ],
							"to": [ 8.0, 0.5, 6.5 ],
							"rotationOrigin": [ 6.5, 0.0, 3.0 ],
							"faces": {
								"north": { "texture": "#fertlow", "uv": [ 1.5, 10.0, 3.5, 10.5 ] },
								"east": { "texture": "#fertlow", "uv": [ 0.0, 4.0, 4.0, 4.5 ] },
								"south": { "texture": "#fertlow", "uv": [ 3.0, 4.0, 5.0, 4.5 ] },
								"up": { "texture": "#fertlow", "uv": [ 4.5, 9.0, 6.5, 13.0 ] },
								"down": { "texture": "#fertlow", "uv": [ 13.0, 2.0, 15.0, 6.0 ] }
							}
						},
						{
							"name": "Cube16",
							"from": [ 0.0, 0.0, 7.0 ],
							"to": [ 1.0, 0.5, 8.0 ],
							"rotationOrigin": [ 0.5, 0.0, 7.5 ],
							"faces": {
								"north": { "texture": "#fertlow", "uv": [ 14.5, 8.5, 15.5, 9.0 ] },
								"east": { "texture": "#fertlow", "uv": [ 5.0, 2.0, 6.0, 2.5 ] },
								"south": { "texture": "#fertlow", "uv": [ 9.0, 11.5, 10.0, 12.0 ] },
								"west": { "texture": "#fertlow", "uv": [ 14.0, 8.5, 15.0, 9.0 ] },
								"up": { "texture": "#fertlow", "uv": [ 12.0, 13.0, 13.0, 14.0 ] },
								"down": { "texture": "#fertlow", "uv": [ 1.5, 13.0, 2.5, 14.0 ] }
							}
						},
						{
							"name": "Cube17",
							"from": [ 1.0, 2.0, 1.5 ],
							"to": [ 3.0, 3.0, 3.5 ],
							"rotationOrigin": [ 2.0, 2.0, 2.5 ],
							"faces": {
								"north": { "texture": "#fertlow", "uv": [ 8.0, 6.5, 10.0, 7.5 ] },
								"east": { "texture": "#fertlow", "uv": [ 9.5, 3.5, 11.5, 4.5 ] },
								"south": { "texture": "#fertlow", "uv": [ 0.5, 12.0, 2.5, 13.0 ] },
								"west": { "texture": "#fertlow", "uv": [ 7.5, 14.5, 9.5, 15.5 ] },
								"up": { "texture": "#fertlow", "uv": [ 12.5, 8.5, 14.5, 10.5 ] }
							}
						},
						{
							"name": "Cube18",
							"from": [ -1.0, 0.0, -3.0 ],
							"to": [ 1.0, 0.5, -1.0 ],
							"rotationOrigin": [ 0.0, 0.0, -2.0 ],
							"faces": {
								"north": { "texture": "#fertlow", "uv": [ 13.0, 3.5, 15.0, 4.0 ] },
								"east": { "texture": "#fertlow", "uv": [ 4.5, 6.5, 6.5, 7.0 ] },
								"south": { "texture": "#fertlow", "uv": [ 5.5, 13.0, 7.5, 13.5 ] },
								"west": { "texture": "#fertlow", "uv": [ 8.5, 1.5, 10.5, 2.0 ] },
								"up": { "texture": "#fertlow", "uv": [ 7.5, 8.5, 9.5, 10.5 ] },
								"down": { "texture": "#fertlow", "uv": [ 4.0, 9.0, 6.0, 11.0 ] }
							}
						}
					]
				},
				{
					"name": "Poop2",
					"from": [ -0.9, -0.1, -4.6 ],
					"to": [ 5.1, 0.4, 3.4 ],
					"rotationOrigin": [ 2.1, -0.1, -1.6 ],
					"rotationY": 135.0,
					"faces": {
						"north": { "texture": "#fertlow", "uv": [ 0.0, 14.5, 6.0, 15.0 ] },
						"east": { "texture": "#fertlow", "uv": [ 4.5, 14.5, 12.5, 15.0 ] },
						"south": { "texture": "#fertlow", "uv": [ 3.0, 14.0, 9.0, 14.5 ] },
						"west": { "texture": "#fertlow", "uv": [ 4.0, 3.5, 12.0, 4.0 ] },
						"up": { "texture": "#fertlow", "uv": [ 6.0, 7.0, 12.0, 15.0 ] },
						"down": { "texture": "#fertlow", "uv": [ 5.0, 1.0, 11.0, 9.0 ] }
					},
					"children": [
						{
							"name": "Cube19",
							"from": [ -3.0, 0.0, -1.0 ],
							"to": [ -1.0, 1.0, 1.0 ],
							"rotationOrigin": [ -2.0, 0.0, 0.0 ],
							"faces": {
								"north": { "texture": "#fertlow", "uv": [ 8.5, 12.0, 10.5, 13.0 ] },
								"east": { "texture": "#fertlow", "uv": [ 5.0, 2.5, 7.0, 3.5 ] },
								"south": { "texture": "#fertlow", "uv": [ 9.0, 0.0, 11.0, 1.0 ] },
								"west": { "texture": "#fertlow", "uv": [ 10.0, 2.0, 12.0, 3.0 ] },
								"up": { "texture": "#fertlow", "uv": [ 11.5, 12.5, 13.5, 14.5 ] },
								"down": { "texture": "#fertlow", "uv": [ 0.0, 12.0, 2.0, 14.0 ] }
							}
						},
						{
							"name": "Cube20",
							"from": [ 4.0, 0.0, 6.0 ],
							"to": [ 6.1, 1.0, 8.1 ],
							"rotationOrigin": [ 5.0, 0.0, 7.0 ],
							"faces": {
								"north": { "texture": "#fertlow", "uv": [ 13.5, 12.5, 15.5, 13.5 ] },
								"east": { "texture": "#fertlow", "uv": [ 9.0, 11.5, 11.0, 12.5 ] },
								"south": { "texture": "#fertlow", "uv": [ 10.5, 1.0, 12.5, 2.0 ] },
								"west": { "texture": "#fertlow", "uv": [ 3.0, 12.0, 5.0, 13.0 ] },
								"up": { "texture": "#fertlow", "uv": [ 8.0, 1.5, 10.0, 3.5 ] },
								"down": { "texture": "#fertlow", "uv": [ 3.5, 9.5, 5.5, 11.5 ] }
							}
						},
						{
							"name": "Cube21",
							"from": [ 8.0, 0.0, 8.0 ],
							"to": [ 9.0, 0.5, 9.0 ],
							"rotationOrigin": [ 8.5, 0.0, 8.5 ],
							"faces": {
								"north": { "texture": "#fertlow", "uv": [ 13.5, 7.0, 14.5, 7.5 ] },
								"east": { "texture": "#fertlow", "uv": [ 6.5, 8.5, 7.5, 9.0 ] },
								"south": { "texture": "#fertlow", "uv": [ 7.5, 13.0, 8.5, 13.5 ] },
								"west": { "texture": "#fertlow", "uv": [ 12.5, 8.5, 13.5, 9.0 ] },
								"up": { "texture": "#fertlow", "uv": [ 6.5, 1.0, 7.5, 2.0 ] },
								"down": { "texture": "#fertlow", "uv": [ 5.0, 1.0, 6.0, 2.0 ] }
							}
						},
						{
							"name": "Cube22",
							"from": [ 8.0, 0.0, 1.0 ],
							"to": [ 9.0, 0.5, 2.0 ],
							"rotationOrigin": [ 8.5, 0.0, 1.5 ],
							"faces": {
								"north": { "texture": "#fertlow", "uv": [ 9.0, 4.5, 10.0, 5.0 ] },
								"east": { "texture": "#fertlow", "uv": [ 11.5, 5.5, 12.5, 6.0 ] },
								"south": { "texture": "#fertlow", "uv": [ 12.5, 12.5, 13.5, 13.0 ] },
								"west": { "texture": "#fertlow", "uv": [ 8.5, 6.5, 9.5, 7.0 ] },
								"up": { "texture": "#fertlow", "uv": [ 3.5, 3.0, 4.5, 4.0 ] },
								"down": { "texture": "#fertlow", "uv": [ 1.0, 6.0, 2.0, 7.0 ] }
							}
						},
						{
							"name": "Cube23",
							"from": [ -2.0, 0.0, 6.0 ],
							"to": [ -1.0, 0.5, 7.0 ],
							"rotationOrigin": [ -1.5, 0.0, 6.5 ],
							"faces": {
								"north": { "texture": "#fertlow", "uv": [ 0.0, 6.5, 1.0, 7.0 ] },
								"east": { "texture": "#fertlow", "uv": [ 14.0, 0.5, 15.0, 1.0 ] },
								"south": { "texture": "#fertlow", "uv": [ 13.0, 2.0, 14.0, 2.5 ] },
								"west": { "texture": "#fertlow", "uv": [ 5.5, 2.5, 6.5, 3.0 ] },
								"up": { "texture": "#fertlow", "uv": [ 13.0, 12.5, 14.0, 13.5 ] },
								"down": { "texture": "#fertlow", "uv": [ 12.0, 1.0, 13.0, 2.0 ] }
							}
						},
						{
							"name": "Cube24",
							"from": [ 2.0, 0.0, -2.0 ],
							"to": [ 3.0, 0.5, -1.0 ],
							"rotationOrigin": [ 2.5, 0.0, -1.5 ],
							"faces": {
								"north": { "texture": "#fertlow", "uv": [ 5.5, 3.0, 6.5, 3.5 ] },
								"east": { "texture": "#fertlow", "uv": [ 9.5, 1.5, 10.5, 2.0 ] },
								"south": { "texture": "#fertlow", "uv": [ 8.5, 14.0, 9.5, 14.5 ] },
								"west": { "texture": "#fertlow", "uv": [ 10.5, 3.0, 11.5, 3.5 ] },
								"up": { "texture": "#fertlow", "uv": [ 10.0, 4.5, 11.0, 5.5 ] },
								"down": { "texture": "#fertlow", "uv": [ 14.5, 9.0, 15.5, 10.0 ] }
							}
						},
						{
							"name": "Cube25",
							"from": [ 1.0, 0.0, 5.0 ],
							"to": [ 3.0, 1.0, 7.0 ],
							"rotationOrigin": [ 2.0, 0.0, 6.0 ],
							"faces": {
								"north": { "texture": "#fertlow", "uv": [ 9.0, 7.0, 11.0, 8.0 ] },
								"east": { "texture": "#fertlow", "uv": [ 1.5, 0.5, 3.5, 1.5 ] },
								"south": { "texture": "#fertlow", "uv": [ 2.0, 0.0, 4.0, 1.0 ] },
								"west": { "texture": "#fertlow", "uv": [ 3.0, 5.5, 5.0, 6.5 ] },
								"up": { "texture": "#fertlow", "uv": [ 8.5, 6.0, 10.5, 8.0 ] },
								"down": { "texture": "#fertlow", "uv": [ 11.5, 0.5, 13.5, 2.5 ] }
							}
						},
						{
							"name": "Cube26",
							"from": [ 0.5, 0.5, 0.5 ],
							"to": [ 4.5, 2.0, 4.5 ],
							"rotationOrigin": [ 2.5, 0.5, 2.5 ],
							"faces": {
								"north": { "texture": "#fertlow", "uv": [ 7.0, 10.5, 11.0, 12.0 ] },
								"east": { "texture": "#fertlow", "uv": [ 7.5, 4.0, 11.5, 5.5 ] },
								"south": { "texture": "#fertlow", "uv": [ 11.5, 1.0, 15.5, 2.5 ] },
								"west": { "texture": "#fertlow", "uv": [ 11.0, 1.0, 15.0, 2.5 ] },
								"up": { "texture": "#fertlow", "uv": [ 3.5, 11.0, 7.5, 15.0 ] }
							}
						},
						{
							"name": "Cube27",
							"from": [ -2.0, 0.0, 1.0 ],
							"to": [ 0.0, 0.5, 3.0 ],
							"rotationOrigin": [ -1.0, 0.0, 2.0 ],
							"faces": {
								"north": { "texture": "#fertlow", "uv": [ 9.5, 11.5, 11.5, 12.0 ] },
								"south": { "texture": "#fertlow", "uv": [ 11.0, 13.5, 13.0, 14.0 ] },
								"west": { "texture": "#fertlow", "uv": [ 4.5, 7.0, 6.5, 7.5 ] },
								"up": { "texture": "#fertlow", "uv": [ 6.5, 10.0, 8.5, 12.0 ] },
								"down": { "texture": "#fertlow", "uv": [ 0.5, 13.0, 2.5, 15.0 ] }
							}
						},
						{
							"name": "Cube28",
							"from": [ 3.5, 0.5, 3.0 ],
							"to": [ 5.5, 1.5, 6.0 ],
							"rotationOrigin": [ 4.5, 0.5, 4.0 ],
							"faces": {
								"north": { "texture": "#fertlow", "uv": [ 9.5, 5.0, 11.5, 6.0 ] },
								"east": { "texture": "#fertlow", "uv": [ 1.5, 5.5, 4.5, 6.5 ] },
								"south": { "texture": "#fertlow", "uv": [ 0.0, 6.5, 2.0, 7.5 ] },
								"west": { "texture": "#fertlow", "uv": [ 6.0, 7.0, 9.0, 8.0 ] },
								"up": { "texture": "#fertlow", "uv": [ 4.0, 2.5, 6.0, 5.5 ] },
								"down": { "texture": "#fertlow", "uv": [ 12.0, 9.0, 14.0, 12.0 ] }
							}
						},
						{
							"name": "Cube29",
							"from": [ 1.5, 0.5, 2.5 ],
							"to": [ 5.0, 2.5, 5.5 ],
							"rotationOrigin": [ 4.0, 0.5, 3.5 ],
							"faces": {
								"north": { "texture": "#fertlow", "uv": [ 12.0, 11.0, 15.5, 13.0 ] },
								"east": { "texture": "#fertlow", "uv": [ 6.5, 11.5, 9.5, 13.5 ] },
								"south": { "texture": "#fertlow", "uv": [ 9.5, 6.0, 13.0, 8.0 ] },
								"west": { "texture": "#fertlow", "uv": [ 7.5, 6.5, 10.5, 8.5 ] },
								"up": { "texture": "#fertlow", "uv": [ 11.5, 7.5, 15.0, 10.5 ] }
							}
						},
						{
							"name": "Cube30",
							"from": [ 5.0, 0.0, -1.0 ],
							"to": [ 7.0, 1.0, 1.0 ],
							"rotationOrigin": [ 6.0, 0.0, 0.0 ],
							"faces": {
								"north": { "texture": "#fertlow", "uv": [ 0.5, 5.5, 2.5, 6.5 ] },
								"east": { "texture": "#fertlow", "uv": [ 2.5, 0.0, 4.5, 1.0 ] },
								"south": { "texture": "#fertlow", "uv": [ 6.0, 4.0, 8.0, 5.0 ] },
								"west": { "texture": "#fertlow", "uv": [ 4.0, 13.5, 6.0, 14.5 ] },
								"up": { "texture": "#fertlow", "uv": [ 7.0, 7.5, 9.0, 9.5 ] },
								"down": { "texture": "#fertlow", "uv": [ 5.5, 4.5, 7.5, 6.5 ] }
							}
						},
						{
							"name": "Cube31",
							"from": [ 6.0, 0.0, 2.5 ],
							"to": [ 8.0, 0.5, 6.5 ],
							"rotationOrigin": [ 6.5, 0.0, 3.0 ],
							"faces": {
								"north": { "texture": "#fertlow", "uv": [ 1.5, 10.0, 3.5, 10.5 ] },
								"east": { "texture": "#fertlow", "uv": [ 0.0, 4.0, 4.0, 4.5 ] },
								"south": { "texture": "#fertlow", "uv": [ 3.0, 4.0, 5.0, 4.5 ] },
								"up": { "texture": "#fertlow", "uv": [ 4.5, 9.0, 6.5, 13.0 ] },
								"down": { "texture": "#fertlow", "uv": [ 13.0, 2.0, 15.0, 6.0 ] }
							}
						},
						{
							"name": "Cube32",
							"from": [ -0.2, 0.0, 7.0 ],
							"to": [ 1.0, 0.4, 8.2 ],
							"rotationOrigin": [ 0.3, 0.0, 7.5 ],
							"faces": {
								"north": { "texture": "#fertlow", "uv": [ 14.5, 8.5, 15.5, 9.0 ] },
								"east": { "texture": "#fertlow", "uv": [ 5.0, 2.0, 6.0, 2.5 ] },
								"south": { "texture": "#fertlow", "uv": [ 9.0, 11.5, 10.0, 12.0 ] },
								"west": { "texture": "#fertlow", "uv": [ 14.0, 8.5, 15.0, 9.0 ] },
								"up": { "texture": "#fertlow", "uv": [ 12.0, 13.0, 13.0, 14.0 ] },
								"down": { "texture": "#fertlow", "uv": [ 1.5, 13.0, 2.5, 14.0 ] }
							}
						},
						{
							"name": "Cube33",
							"from": [ 1.0, 2.0, 1.5 ],
							"to": [ 3.0, 3.0, 3.5 ],
							"rotationOrigin": [ 2.0, 2.0, 2.5 ],
							"faces": {
								"north": { "texture": "#fertlow", "uv": [ 8.0, 6.5, 10.0, 7.5 ] },
								"east": { "texture": "#fertlow", "uv": [ 9.5, 3.5, 11.5, 4.5 ] },
								"south": { "texture": "#fertlow", "uv": [ 0.5, 12.0, 2.5, 13.0 ] },
								"west": { "texture": "#fertlow", "uv": [ 7.5, 14.5, 9.5, 15.5 ] },
								"up": { "texture": "#fertlow", "uv": [ 12.5, 8.5, 14.5, 10.5 ] }
							}
						},
						{
							"name": "Cube34",
							"from": [ -1.0, 0.0, -3.0 ],
							"to": [ 1.0, 0.5, -1.0 ],
							"rotationOrigin": [ 0.0, 0.0, -2.0 ],
							"faces": {
								"north": { "texture": "#fertlow", "uv": [ 13.0, 3.5, 15.0, 4.0 ] },
								"east": { "texture": "#fertlow", "uv": [ 4.5, 6.5, 6.5, 7.0 ] },
								"south": { "texture": "#fertlow", "uv": [ 5.5, 13.0, 7.5, 13.5 ] },
								"west": { "texture": "#fertlow", "uv": [ 8.5, 1.5, 10.5, 2.0 ] },
								"up": { "texture": "#fertlow", "uv": [ 7.5, 8.5, 9.5, 10.5 ] },
								"down": { "texture": "#fertlow", "uv": [ 4.0, 9.0, 6.0, 11.0 ] }
							}
						}
					]
				},
				{
					"name": "Poop3",
					"from": [ -4.9, 0.0, -0.6 ],
					"to": [ 1.1, 0.6, 7.4 ],
					"rotationOrigin": [ -1.9, 0.0, 2.4 ],
					"rotationY": -67.5,
					"faces": {
						"north": { "texture": "#fertlow", "uv": [ 0.0, 14.5, 6.0, 15.0 ] },
						"east": { "texture": "#fertlow", "uv": [ 4.5, 14.5, 12.5, 15.0 ] },
						"south": { "texture": "#fertlow", "uv": [ 3.0, 14.0, 9.0, 14.5 ] },
						"west": { "texture": "#fertlow", "uv": [ 4.0, 3.5, 12.0, 4.0 ] },
						"up": { "texture": "#fertlow", "uv": [ 6.0, 7.0, 12.0, 15.0 ] },
						"down": { "texture": "#fertlow", "uv": [ 5.0, 1.0, 11.0, 9.0 ] }
					},
					"children": [
						{
							"name": "Cube35",
							"from": [ -3.0, 0.0, -1.0 ],
							"to": [ -1.0, 1.0, 1.0 ],
							"rotationOrigin": [ -2.0, 0.0, 0.0 ],
							"faces": {
								"north": { "texture": "#fertlow", "uv": [ 8.5, 12.0, 10.5, 13.0 ] },
								"east": { "texture": "#fertlow", "uv": [ 5.0, 2.5, 7.0, 3.5 ] },
								"south": { "texture": "#fertlow", "uv": [ 9.0, 0.0, 11.0, 1.0 ] },
								"west": { "texture": "#fertlow", "uv": [ 10.0, 2.0, 12.0, 3.0 ] },
								"up": { "texture": "#fertlow", "uv": [ 11.5, 12.5, 13.5, 14.5 ] },
								"down": { "texture": "#fertlow", "uv": [ 0.0, 12.0, 2.0, 14.0 ] }
							}
						},
						{
							"name": "Cube36",
							"from": [ 4.0, 0.0, 6.0 ],
							"to": [ 6.5, 0.2, 8.5 ],
							"rotationOrigin": [ 5.0, 0.0, 7.0 ],
							"faces": {
								"north": { "texture": "#fertlow", "uv": [ 13.5, 12.5, 16.0, 13.0 ] },
								"east": { "texture": "#fertlow", "uv": [ 9.0, 11.5, 11.5, 12.0 ] },
								"south": { "texture": "#fertlow", "uv": [ 10.5, 1.0, 13.0, 1.5 ] },
								"west": { "texture": "#fertlow", "uv": [ 3.0, 12.0, 5.5, 12.5 ] },
								"up": { "texture": "#fertlow", "uv": [ 8.0, 1.5, 10.5, 4.0 ] },
								"down": { "texture": "#fertlow", "uv": [ 3.5, 9.5, 6.0, 12.0 ] }
							}
						},
						{
							"name": "Cube37",
							"from": [ 8.0, 0.0, 8.0 ],
							"to": [ 9.0, 0.5, 9.0 ],
							"rotationOrigin": [ 8.5, 0.0, 8.5 ],
							"faces": {
								"north": { "texture": "#fertlow", "uv": [ 13.5, 7.0, 14.5, 7.5 ] },
								"east": { "texture": "#fertlow", "uv": [ 6.5, 8.5, 7.5, 9.0 ] },
								"south": { "texture": "#fertlow", "uv": [ 7.5, 13.0, 8.5, 13.5 ] },
								"west": { "texture": "#fertlow", "uv": [ 12.5, 8.5, 13.5, 9.0 ] },
								"up": { "texture": "#fertlow", "uv": [ 6.5, 1.0, 7.5, 2.0 ] },
								"down": { "texture": "#fertlow", "uv": [ 5.0, 1.0, 6.0, 2.0 ] }
							}
						},
						{
							"name": "Cube38",
							"from": [ 8.0, 0.0, 1.0 ],
							"to": [ 9.0, 0.5, 2.0 ],
							"rotationOrigin": [ 8.5, 0.0, 1.5 ],
							"faces": {
								"north": { "texture": "#fertlow", "uv": [ 9.0, 4.5, 10.0, 5.0 ] },
								"east": { "texture": "#fertlow", "uv": [ 11.5, 5.5, 12.5, 6.0 ] },
								"south": { "texture": "#fertlow", "uv": [ 12.5, 12.5, 13.5, 13.0 ] },
								"west": { "texture": "#fertlow", "uv": [ 8.5, 6.5, 9.5, 7.0 ] },
								"up": { "texture": "#fertlow", "uv": [ 3.5, 3.0, 4.5, 4.0 ] },
								"down": { "texture": "#fertlow", "uv": [ 1.0, 6.0, 2.0, 7.0 ] }
							}
						},
						{
							"name": "Cube39",
							"from": [ -2.0, 0.0, 6.0 ],
							"to": [ -1.0, 0.5, 7.0 ],
							"rotationOrigin": [ -1.5, 0.0, 6.5 ],
							"faces": {
								"north": { "texture": "#fertlow", "uv": [ 0.0, 6.5, 1.0, 7.0 ] },
								"east": { "texture": "#fertlow", "uv": [ 14.0, 0.5, 15.0, 1.0 ] },
								"south": { "texture": "#fertlow", "uv": [ 13.0, 2.0, 14.0, 2.5 ] },
								"west": { "texture": "#fertlow", "uv": [ 5.5, 2.5, 6.5, 3.0 ] },
								"up": { "texture": "#fertlow", "uv": [ 13.0, 12.5, 14.0, 13.5 ] },
								"down": { "texture": "#fertlow", "uv": [ 12.0, 1.0, 13.0, 2.0 ] }
							}
						},
						{
							"name": "Cube40",
							"from": [ 2.0, 0.0, -2.0 ],
							"to": [ 3.0, 0.5, -1.0 ],
							"rotationOrigin": [ 2.5, 0.0, -1.5 ],
							"faces": {
								"north": { "texture": "#fertlow", "uv": [ 5.5, 3.0, 6.5, 3.5 ] },
								"east": { "texture": "#fertlow", "uv": [ 9.5, 1.5, 10.5, 2.0 ] },
								"south": { "texture": "#fertlow", "uv": [ 8.5, 14.0, 9.5, 14.5 ] },
								"west": { "texture": "#fertlow", "uv": [ 10.5, 3.0, 11.5, 3.5 ] },
								"up": { "texture": "#fertlow", "uv": [ 10.0, 4.5, 11.0, 5.5 ] },
								"down": { "texture": "#fertlow", "uv": [ 14.5, 9.0, 15.5, 10.0 ] }
							}
						},
						{
							"name": "Cube41",
							"from": [ 1.0, 0.0, 5.0 ],
							"to": [ 3.0, 1.0, 7.0 ],
							"rotationOrigin": [ 2.0, 0.0, 6.0 ],
							"faces": {
								"north": { "texture": "#fertlow", "uv": [ 9.0, 7.0, 11.0, 8.0 ] },
								"east": { "texture": "#fertlow", "uv": [ 1.5, 0.5, 3.5, 1.5 ] },
								"south": { "texture": "#fertlow", "uv": [ 2.0, 0.0, 4.0, 1.0 ] },
								"west": { "texture": "#fertlow", "uv": [ 3.0, 5.5, 5.0, 6.5 ] },
								"up": { "texture": "#fertlow", "uv": [ 8.5, 6.0, 10.5, 8.0 ] },
								"down": { "texture": "#fertlow", "uv": [ 11.5, 0.5, 13.5, 2.5 ] }
							}
						},
						{
							"name": "Cube42",
							"from": [ 0.5, 0.5, 0.5 ],
							"to": [ 4.5, 1.7, 4.5 ],
							"rotationOrigin": [ 2.5, 0.5, 2.5 ],
							"faces": {
								"north": { "texture": "#fertlow", "uv": [ 7.0, 10.5, 11.0, 11.5 ] },
								"east": { "texture": "#fertlow", "uv": [ 7.5, 4.0, 11.5, 5.0 ] },
								"south": { "texture": "#fertlow", "uv": [ 11.5, 1.0, 15.5, 2.0 ] },
								"west": { "texture": "#fertlow", "uv": [ 11.0, 1.0, 15.0, 2.0 ] },
								"up": { "texture": "#fertlow", "uv": [ 3.5, 11.0, 7.5, 15.0 ] }
							}
						},
						{
							"name": "Cube43",
							"from": [ -2.0, 0.0, 1.0 ],
							"to": [ 0.0, 0.4, 3.0 ],
							"rotationOrigin": [ -1.0, 0.0, 2.0 ],
							"faces": {
								"north": { "texture": "#fertlow", "uv": [ 9.5, 11.5, 11.5, 12.0 ] },
								"south": { "texture": "#fertlow", "uv": [ 11.0, 13.5, 13.0, 14.0 ] },
								"west": { "texture": "#fertlow", "uv": [ 4.5, 7.0, 6.5, 7.5 ] },
								"up": { "texture": "#fertlow", "uv": [ 6.5, 10.0, 8.5, 12.0 ] },
								"down": { "texture": "#fertlow", "uv": [ 0.5, 13.0, 2.5, 15.0 ] }
							}
						},
						{
							"name": "Cube44",
							"from": [ 3.5, 0.5, 3.0 ],
							"to": [ 5.5, 1.5, 6.0 ],
							"rotationOrigin": [ 4.5, 0.5, 4.0 ],
							"faces": {
								"north": { "texture": "#fertlow", "uv": [ 9.5, 5.0, 11.5, 6.0 ] },
								"east": { "texture": "#fertlow", "uv": [ 1.5, 5.5, 4.5, 6.5 ] },
								"south": { "texture": "#fertlow", "uv": [ 0.0, 6.5, 2.0, 7.5 ] },
								"west": { "texture": "#fertlow", "uv": [ 6.0, 7.0, 9.0, 8.0 ] },
								"up": { "texture": "#fertlow", "uv": [ 4.0, 2.5, 6.0, 5.5 ] },
								"down": { "texture": "#fertlow", "uv": [ 12.0, 9.0, 14.0, 12.0 ] }
							}
						},
						{
							"name": "Cube45",
							"from": [ 1.5, 0.5, 2.5 ],
							"to": [ 5.0, 2.1, 5.5 ],
							"rotationOrigin": [ 4.0, 0.5, 3.5 ],
							"faces": {
								"north": { "texture": "#fertlow", "uv": [ 12.0, 11.0, 15.5, 12.5 ] },
								"east": { "texture": "#fertlow", "uv": [ 6.5, 11.5, 9.5, 13.0 ] },
								"south": { "texture": "#fertlow", "uv": [ 9.5, 6.0, 13.0, 7.5 ] },
								"west": { "texture": "#fertlow", "uv": [ 7.5, 6.5, 10.5, 8.0 ] },
								"up": { "texture": "#fertlow", "uv": [ 11.5, 7.5, 15.0, 10.5 ] }
							}
						},
						{
							"name": "Cube46",
							"from": [ 5.0, 0.0, -1.0 ],
							"to": [ 7.0, 0.8, 1.0 ],
							"rotationOrigin": [ 6.0, 0.0, 0.0 ],
							"faces": {
								"north": { "texture": "#fertlow", "uv": [ 0.5, 5.5, 2.5, 6.0 ] },
								"east": { "texture": "#fertlow", "uv": [ 2.5, 0.0, 4.5, 0.5 ] },
								"south": { "texture": "#fertlow", "uv": [ 6.0, 4.0, 8.0, 4.5 ] },
								"west": { "texture": "#fertlow", "uv": [ 4.0, 13.5, 6.0, 14.0 ] },
								"up": { "texture": "#fertlow", "uv": [ 7.0, 7.5, 9.0, 9.5 ] },
								"down": { "texture": "#fertlow", "uv": [ 5.5, 4.5, 7.5, 6.5 ] }
							}
						},
						{
							"name": "Cube47",
							"from": [ 6.0, 0.0, 2.5 ],
							"to": [ 8.0, 0.5, 6.5 ],
							"rotationOrigin": [ 6.5, 0.0, 3.0 ],
							"faces": {
								"north": { "texture": "#fertlow", "uv": [ 1.5, 10.0, 3.5, 10.5 ] },
								"east": { "texture": "#fertlow", "uv": [ 0.0, 4.0, 4.0, 4.5 ] },
								"south": { "texture": "#fertlow", "uv": [ 3.0, 4.0, 5.0, 4.5 ] },
								"up": { "texture": "#fertlow", "uv": [ 4.5, 9.0, 6.5, 13.0 ] },
								"down": { "texture": "#fertlow", "uv": [ 13.0, 2.0, 15.0, 6.0 ] }
							}
						},
						{
							"name": "Cube48",
							"from": [ -0.3, 0.0, 7.0 ],
							"to": [ 0.9, 0.3, 8.3 ],
							"rotationOrigin": [ 0.2, 0.0, 7.5 ],
							"faces": {
								"north": { "texture": "#fertlow", "uv": [ 14.5, 8.5, 15.5, 9.0 ] },
								"east": { "texture": "#fertlow", "uv": [ 5.0, 2.0, 6.0, 2.5 ] },
								"south": { "texture": "#fertlow", "uv": [ 9.0, 11.5, 10.0, 12.0 ] },
								"west": { "texture": "#fertlow", "uv": [ 14.0, 8.5, 15.0, 9.0 ] },
								"up": { "texture": "#fertlow", "uv": [ 12.0, 13.0, 13.0, 14.0 ] },
								"down": { "texture": "#fertlow", "uv": [ 1.5, 13.0, 2.5, 14.0 ] }
							}
						},
						{
							"name": "Cube49",
							"from": [ 1.0, 1.8, 1.5 ],
							"to": [ 3.0, 2.6, 3.5 ],
							"rotationOrigin": [ 2.0, 1.8, 2.5 ],
							"faces": {
								"north": { "texture": "#fertlow", "uv": [ 8.0, 6.5, 10.0, 7.0 ] },
								"east": { "texture": "#fertlow", "uv": [ 9.5, 3.5, 11.5, 4.0 ] },
								"south": { "texture": "#fertlow", "uv": [ 0.5, 12.0, 2.5, 12.5 ] },
								"west": { "texture": "#fertlow", "uv": [ 7.5, 14.5, 9.5, 15.0 ] },
								"up": { "texture": "#fertlow", "uv": [ 12.5, 8.5, 14.5, 10.5 ] }
							}
						},
						{
							"name": "Cube50",
							"from": [ -1.0, 0.0, -3.0 ],
							"to": [ 1.0, 0.5, -1.0 ],
							"rotationOrigin": [ 0.0, 0.0, -2.0 ],
							"faces": {
								"north": { "texture": "#fertlow", "uv": [ 13.0, 3.5, 15.0, 4.0 ] },
								"east": { "texture": "#fertlow", "uv": [ 4.5, 6.5, 6.5, 7.0 ] },
								"south": { "texture": "#fertlow", "uv": [ 5.5, 13.0, 7.5, 13.5 ] },
								"west": { "texture": "#fertlow", "uv": [ 8.5, 1.5, 10.5, 2.0 ] },
								"up": { "texture": "#fertlow", "uv": [ 7.5, 8.5, 9.5, 10.5 ] },
								"down": { "texture": "#fertlow", "uv": [ 4.0, 9.0, 6.0, 11.0 ] }
							}
						}
					]
				},
				{
					"name": "Poop4",
					"from": [ -5.9, -0.4, -6.6 ],
					"to": [ 0.1, 0.2, 1.4 ],
					"rotationOrigin": [ -2.9, -0.4, -3.6 ],
					"rotationY": -157.5,
					"faces": {
						"north": { "texture": "#fertlow", "uv": [ 0.0, 14.5, 6.0, 15.0 ] },
						"east": { "texture": "#fertlow", "uv": [ 4.5, 14.5, 12.5, 15.0 ] },
						"south": { "texture": "#fertlow", "uv": [ 3.0, 14.0, 9.0, 14.5 ] },
						"west": { "texture": "#fertlow", "uv": [ 4.0, 3.5, 12.0, 4.0 ] },
						"up": { "texture": "#fertlow", "uv": [ 6.0, 7.0, 12.0, 15.0 ] },
						"down": { "texture": "#fertlow", "uv": [ 5.0, 1.0, 11.0, 9.0 ] }
					},
					"children": [
						{
							"name": "Cube51",
							"from": [ -3.0, 0.0, -1.0 ],
							"to": [ -1.0, 1.0, 1.0 ],
							"rotationOrigin": [ -2.0, 0.0, 0.0 ],
							"faces": {
								"north": { "texture": "#fertlow", "uv": [ 8.5, 12.0, 10.5, 13.0 ] },
								"east": { "texture": "#fertlow", "uv": [ 5.0, 2.5, 7.0, 3.5 ] },
								"south": { "texture": "#fertlow", "uv": [ 9.0, 0.0, 11.0, 1.0 ] },
								"west": { "texture": "#fertlow", "uv": [ 10.0, 2.0, 12.0, 3.0 ] },
								"up": { "texture": "#fertlow", "uv": [ 11.5, 12.5, 13.5, 14.5 ] },
								"down": { "texture": "#fertlow", "uv": [ 0.0, 12.0, 2.0, 14.0 ] }
							}
						},
						{
							"name": "Cube52",
							"from": [ 4.0, 0.0, 6.0 ],
							"to": [ 6.5, 0.2, 8.5 ],
							"rotationOrigin": [ 5.0, 0.0, 7.0 ],
							"faces": {
								"north": { "texture": "#fertlow", "uv": [ 13.5, 12.5, 16.0, 13.0 ] },
								"east": { "texture": "#fertlow", "uv": [ 9.0, 11.5, 11.5, 12.0 ] },
								"south": { "texture": "#fertlow", "uv": [ 10.5, 1.0, 13.0, 1.5 ] },
								"west": { "texture": "#fertlow", "uv": [ 3.0, 12.0, 5.5, 12.5 ] },
								"up": { "texture": "#fertlow", "uv": [ 8.0, 1.5, 10.5, 4.0 ] },
								"down": { "texture": "#fertlow", "uv": [ 3.5, 9.5, 6.0, 12.0 ] }
							}
						},
						{
							"name": "Cube53",
							"from": [ 8.0, 0.0, 8.0 ],
							"to": [ 9.0, 0.5, 9.0 ],
							"rotationOrigin": [ 8.5, 0.0, 8.5 ],
							"faces": {
								"north": { "texture": "#fertlow", "uv": [ 13.5, 7.0, 14.5, 7.5 ] },
								"east": { "texture": "#fertlow", "uv": [ 6.5, 8.5, 7.5, 9.0 ] },
								"south": { "texture": "#fertlow", "uv": [ 7.5, 13.0, 8.5, 13.5 ] },
								"west": { "texture": "#fertlow", "uv": [ 12.5, 8.5, 13.5, 9.0 ] },
								"up": { "texture": "#fertlow", "uv": [ 6.5, 1.0, 7.5, 2.0 ] },
								"down": { "texture": "#fertlow", "uv": [ 5.0, 1.0, 6.0, 2.0 ] }
							}
						},
						{
							"name": "Cube54",
							"from": [ 8.0, 0.0, 1.0 ],
							"to": [ 9.0, 0.5, 2.0 ],
							"rotationOrigin": [ 8.5, 0.0, 1.5 ],
							"faces": {
								"north": { "texture": "#fertlow", "uv": [ 9.0, 4.5, 10.0, 5.0 ] },
								"east": { "texture": "#fertlow", "uv": [ 11.5, 5.5, 12.5, 6.0 ] },
								"south": { "texture": "#fertlow", "uv": [ 12.5, 12.5, 13.5, 13.0 ] },
								"west": { "texture": "#fertlow", "uv": [ 8.5, 6.5, 9.5, 7.0 ] },
								"up": { "texture": "#fertlow", "uv": [ 3.5, 3.0, 4.5, 4.0 ] },
								"down": { "texture": "#fertlow", "uv": [ 1.0, 6.0, 2.0, 7.0 ] }
							}
						},
						{
							"name": "Cube55",
							"from": [ -2.0, 0.0, 6.0 ],
							"to": [ -1.0, 0.5, 7.0 ],
							"rotationOrigin": [ -1.5, 0.0, 6.5 ],
							"faces": {
								"north": { "texture": "#fertlow", "uv": [ 0.0, 6.5, 1.0, 7.0 ] },
								"east": { "texture": "#fertlow", "uv": [ 14.0, 0.5, 15.0, 1.0 ] },
								"south": { "texture": "#fertlow", "uv": [ 13.0, 2.0, 14.0, 2.5 ] },
								"west": { "texture": "#fertlow", "uv": [ 5.5, 2.5, 6.5, 3.0 ] },
								"up": { "texture": "#fertlow", "uv": [ 13.0, 12.5, 14.0, 13.5 ] },
								"down": { "texture": "#fertlow", "uv": [ 12.0, 1.0, 13.0, 2.0 ] }
							}
						},
						{
							"name": "Cube56",
							"from": [ 2.0, 0.0, -2.0 ],
							"to": [ 3.0, 0.5, -1.0 ],
							"rotationOrigin": [ 2.5, 0.0, -1.5 ],
							"faces": {
								"north": { "texture": "#fertlow", "uv": [ 5.5, 3.0, 6.5, 3.5 ] },
								"east": { "texture": "#fertlow", "uv": [ 9.5, 1.5, 10.5, 2.0 ] },
								"south": { "texture": "#fertlow", "uv": [ 8.5, 14.0, 9.5, 14.5 ] },
								"west": { "texture": "#fertlow", "uv": [ 10.5, 3.0, 11.5, 3.5 ] },
								"up": { "texture": "#fertlow", "uv": [ 10.0, 4.5, 11.0, 5.5 ] },
								"down": { "texture": "#fertlow", "uv": [ 14.5, 9.0, 15.5, 10.0 ] }
							}
						},
						{
							"name": "Cube57",
							"from": [ 1.0, 0.0, 5.0 ],
							"to": [ 3.0, 1.0, 7.0 ],
							"rotationOrigin": [ 2.0, 0.0, 6.0 ],
							"faces": {
								"north": { "texture": "#fertlow", "uv": [ 9.0, 7.0, 11.0, 8.0 ] },
								"east": { "texture": "#fertlow", "uv": [ 1.5, 0.5, 3.5, 1.5 ] },
								"south": { "texture": "#fertlow", "uv": [ 2.0, 0.0, 4.0, 1.0 ] },
								"west": { "texture": "#fertlow", "uv": [ 3.0, 5.5, 5.0, 6.5 ] },
								"up": { "texture": "#fertlow", "uv": [ 8.5, 6.0, 10.5, 8.0 ] },
								"down": { "texture": "#fertlow", "uv": [ 11.5, 0.5, 13.5, 2.5 ] }
							}
						},
						{
							"name": "Cube58",
							"from": [ 0.5, 0.5, 0.5 ],
							"to": [ 4.5, 1.7, 4.5 ],
							"rotationOrigin": [ 2.5, 0.5, 2.5 ],
							"faces": {
								"north": { "texture": "#fertlow", "uv": [ 7.0, 10.5, 11.0, 11.5 ] },
								"east": { "texture": "#fertlow", "uv": [ 7.5, 4.0, 11.5, 5.0 ] },
								"south": { "texture": "#fertlow", "uv": [ 11.5, 1.0, 15.5, 2.0 ] },
								"west": { "texture": "#fertlow", "uv": [ 11.0, 1.0, 15.0, 2.0 ] },
								"up": { "texture": "#fertlow", "uv": [ 3.5, 11.0, 7.5, 15.0 ] }
							}
						},
						{
							"name": "Cube59",
							"from": [ -2.0, 0.0, 1.0 ],
							"to": [ 0.0, 0.4, 3.0 ],
							"rotationOrigin": [ -1.0, 0.0, 2.0 ],
							"faces": {
								"north": { "texture": "#fertlow", "uv": [ 9.5, 11.5, 11.5, 12.0 ] },
								"south": { "texture": "#fertlow", "uv": [ 11.0, 13.5, 13.0, 14.0 ] },
								"west": { "texture": "#fertlow", "uv": [ 4.5, 7.0, 6.5, 7.5 ] },
								"up": { "texture": "#fertlow", "uv": [ 6.5, 10.0, 8.5, 12.0 ] },
								"down": { "texture": "#fertlow", "uv": [ 0.5, 13.0, 2.5, 15.0 ] }
							}
						},
						{
							"name": "Cube60",
							"from": [ 3.5, 0.5, 3.0 ],
							"to": [ 5.5, 1.5, 6.0 ],
							"rotationOrigin": [ 4.5, 0.5, 4.0 ],
							"faces": {
								"north": { "texture": "#fertlow", "uv": [ 9.5, 5.0, 11.5, 6.0 ] },
								"east": { "texture": "#fertlow", "uv": [ 1.5, 5.5, 4.5, 6.5 ] },
								"south": { "texture": "#fertlow", "uv": [ 0.0, 6.5, 2.0, 7.5 ] },
								"west": { "texture": "#fertlow", "uv": [ 6.0, 7.0, 9.0, 8.0 ] },
								"up": { "texture": "#fertlow", "uv": [ 4.0, 2.5, 6.0, 5.5 ] },
								"down": { "texture": "#fertlow", "uv": [ 12.0, 9.0, 14.0, 12.0 ] }
							}
						},
						{
							"name": "Cube61",
							"from": [ 1.5, 0.5, 2.5 ],
							"to": [ 5.0, 2.1, 5.5 ],
							"rotationOrigin": [ 4.0, 0.5, 3.5 ],
							"faces": {
								"north": { "texture": "#fertlow", "uv": [ 12.0, 11.0, 15.5, 12.5 ] },
								"east": { "texture": "#fertlow", "uv": [ 6.5, 11.5, 9.5, 13.0 ] },
								"south": { "texture": "#fertlow", "uv": [ 9.5, 6.0, 13.0, 7.5 ] },
								"west": { "texture": "#fertlow", "uv": [ 7.5, 6.5, 10.5, 8.0 ] },
								"up": { "texture": "#fertlow", "uv": [ 11.5, 7.5, 15.0, 10.5 ] }
							}
						},
						{
							"name": "Cube62",
							"from": [ 5.0, 0.0, -1.0 ],
							"to": [ 7.0, 0.8, 1.0 ],
							"rotationOrigin": [ 6.0, 0.0, 0.0 ],
							"faces": {
								"north": { "texture": "#fertlow", "uv": [ 0.5, 5.5, 2.5, 6.0 ] },
								"east": { "texture": "#fertlow", "uv": [ 2.5, 0.0, 4.5, 0.5 ] },
								"south": { "texture": "#fertlow", "uv": [ 6.0, 4.0, 8.0, 4.5 ] },
								"west": { "texture": "#fertlow", "uv": [ 4.0, 13.5, 6.0, 14.0 ] },
								"up": { "texture": "#fertlow", "uv": [ 7.0, 7.5, 9.0, 9.5 ] },
								"down": { "texture": "#fertlow", "uv": [ 5.5, 4.5, 7.5, 6.5 ] }
							}
						},
						{
							"name": "Cube63",
							"from": [ 6.0, 0.0, 2.5 ],
							"to": [ 8.0, 0.5, 6.5 ],
							"rotationOrigin": [ 6.5, 0.0, 3.0 ],
							"faces": {
								"north": { "texture": "#fertlow", "uv": [ 1.5, 10.0, 3.5, 10.5 ] },
								"east": { "texture": "#fertlow", "uv": [ 0.0, 4.0, 4.0, 4.5 ] },
								"south": { "texture": "#fertlow", "uv": [ 3.0, 4.0, 5.0, 4.5 ] },
								"up": { "texture": "#fertlow", "uv": [ 4.5, 9.0, 6.5, 13.0 ] },
								"down": { "texture": "#fertlow", "uv": [ 13.0, 2.0, 15.0, 6.0 ] }
							}
						},
						{
							"name": "Cube64",
							"from": [ -0.3, 0.0, 7.0 ],
							"to": [ 0.9, 0.3, 8.3 ],
							"rotationOrigin": [ 0.2, 0.0, 7.5 ],
							"faces": {
								"north": { "texture": "#fertlow", "uv": [ 14.5, 8.5, 15.5, 9.0 ] },
								"east": { "texture": "#fertlow", "uv": [ 5.0, 2.0, 6.0, 2.5 ] },
								"south": { "texture": "#fertlow", "uv": [ 9.0, 11.5, 10.0, 12.0 ] },
								"west": { "texture": "#fertlow", "uv": [ 14.0, 8.5, 15.0, 9.0 ] },
								"up": { "texture": "#fertlow", "uv": [ 12.0, 13.0, 13.0, 14.0 ] },
								"down": { "texture": "#fertlow", "uv": [ 1.5, 13.0, 2.5, 14.0 ] }
							}
						},
						{
							"name": "Cube65",
							"from": [ 1.0, 1.8, 1.5 ],
							"to": [ 3.0, 2.6, 3.5 ],
							"rotationOrigin": [ 2.0, 1.8, 2.5 ],
							"faces": {
								"north": { "texture": "#fertlow", "uv": [ 8.0, 6.5, 10.0, 7.0 ] },
								"east": { "texture": "#fertlow", "uv": [ 9.5, 3.5, 11.5, 4.0 ] },
								"south": { "texture": "#fertlow", "uv": [ 0.5, 12.0, 2.5, 12.5 ] },
								"west": { "texture": "#fertlow", "uv": [ 7.5, 14.5, 9.5, 15.0 ] },
								"up": { "texture": "#fertlow", "uv": [ 12.5, 8.5, 14.5, 10.5 ] }
							}
						},
						{
							"name": "Cube66",
							"from": [ -1.0, 0.0, -3.0 ],
							"to": [ 1.0, 0.5, -1.0 ],
							"rotationOrigin": [ 0.0, 0.0, -2.0 ],
							"faces": {
								"north": { "texture": "#fertlow", "uv": [ 13.0, 3.5, 15.0, 4.0 ] },
								"east": { "texture": "#fertlow", "uv": [ 4.5, 6.5, 6.5, 7.0 ] },
								"south": { "texture": "#fertlow", "uv": [ 5.5, 13.0, 7.5, 13.5 ] },
								"west": { "texture": "#fertlow", "uv": [ 8.5, 1.5, 10.5, 2.0 ] },
								"up": { "texture": "#fertlow", "uv": [ 7.5, 8.5, 9.5, 10.5 ] },
								"down": { "texture": "#fertlow", "uv": [ 4.0, 9.0, 6.0, 11.0 ] }
							}
						}
					]
				}
			]
		}
	]}