[
  {
    "op": "replace",
    "path": "/attributes/skinnableParts/0/variants",
    "value": [
      {
        "code": "skin1",
        "texture": "expandedskins:skins/body/1"
      },
      {
        "code": "skin2",
        "texture": "expandedskins:skins/body/2"
      },
      {
        "code": "skin3",
        "texture": "expandedskins:skins/body/3"
      },
      {
        "code": "skin4",
        "texture": "expandedskins:skins/body/4"
      },
      {
        "code": "skin5",
        "texture": "expandedskins:skins/body/5"
      },
      {
        "code": "skin6",
        "texture": "expandedskins:skins/body/6"
      },
      {
        "code": "skin7",
        "texture": "expandedskins:skins/body/7"
      },
      {
        "code": "skin8",
        "texture": "expandedskins:skins/body/8"
      },
      {
        "code": "skin9",
        "texture": "expandedskins:skins/body/9"
      },
      {
        "code": "skin10",
        "texture": "expandedskins:skins/body/10"
      },
      {
        "code": "skin11",
        "texture": "expandedskins:skins/body/11"
      },
      {
        "code": "skin12",
        "texture": "expandedskins:skins/body/12"
      },
      {
        "code": "skin13",
        "texture": "expandedskins:skins/body/13"
      },
      {
        "code": "skin14",
        "texture": "expandedskins:skins/body/14"
      },
      {
        "code": "skin15",
        "texture": "expandedskins:skins/body/15"
      },
      {
        "code": "skin16",
        "texture": "expandedskins:skins/body/16"
      },
      {
        "code": "skin17",
        "texture": "expandedskins:skins/body/17"
      },
      {
        "code": "skin18",
        "texture": "expandedskins:skins/body/18"
      },
      {
        "code": "skin19",
        "texture": "expandedskins:skins/body/19"
      },
      {
        "code": "skin20",
        "texture": "expandedskins:skins/body/20"
      },
      {
        "code": "skin21",
        "texture": "expandedskins:skins/body/21"
      },
      {
        "code": "skin22",
        "texture": "expandedskins:skins/body/22"
      },
      {
        "code": "skin23",
        "texture": "expandedskins:skins/body/23"
      },
      {
        "code": "skin24",
        "texture": "expandedskins:skins/body/24"
      },
      {
        "code": "skin25",
        "texture": "expandedskins:skins/body/25"
      },
      {
        "code": "skin26",
        "texture": "expandedskins:skins/body/26"
      },
      {
        "code": "skin27",
        "texture": "expandedskins:skins/body/27"
      },
      {
        "code": "skin28",
        "texture": "expandedskins:skins/body/28"
      },
      {
        "code": "skin29",
        "texture": "expandedskins:skins/body/29"
      },
      {
        "code": "skin30",
        "texture": "expandedskins:skins/body/30"
      },
      {
        "code": "skin31",
        "texture": "expandedskins:skins/body/31"
      },
      {
        "code": "skin32",
        "texture": "expandedskins:skins/body/32"
      },
      {
        "code": "skin33",
        "texture": "expandedskins:skins/body/33"
      },
      {
        "code": "skin34",
        "texture": "expandedskins:skins/body/34"
      },
      {
        "code": "skin35",
        "texture": "expandedskins:skins/body/35"
      }
    ],
    "file": "game:entities/humanoid/player.json",
    "side": "Server"
  },
  {
    "op": "replace",
    "path": "/attributes/skinnableParts/1/variants",
    "value": [
      {
        "code": "eyes1",
        "texture": "expandedskins:skins/eyes/1"
      },
      {
        "code": "eyes2",
        "texture": "expandedskins:skins/eyes/2"
      },
      {
        "code": "eyes3",
        "texture": "expandedskins:skins/eyes/3"
      },
      {
        "code": "eyes4",
        "texture": "expandedskins:skins/eyes/4"
      },
      {
        "code": "eyes5",
        "texture": "expandedskins:skins/eyes/5"
      },
      {
        "code": "eyes6",
        "texture": "expandedskins:skins/eyes/6"
      },
      {
        "code": "eyes7",
        "texture": "expandedskins:skins/eyes/7"
      },
      {
        "code": "eyes8",
        "texture": "expandedskins:skins/eyes/8"
      },
      {
        "code": "eyes9",
        "texture": "expandedskins:skins/eyes/9"
      },
      {
        "code": "eyes10",
        "texture": "expandedskins:skins/eyes/10"
      },
      {
        "code": "eyes11",
        "texture": "expandedskins:skins/eyes/11"
      },
      {
        "code": "eyes12",
        "texture": "expandedskins:skins/eyes/12"
      },
      {
        "code": "eyes13",
        "texture": "expandedskins:skins/eyes/13"
      },
      {
        "code": "eyes14",
        "texture": "expandedskins:skins/eyes/14"
      },
      {
        "code": "eyes15",
        "texture": "expandedskins:skins/eyes/15"
      },
      {
        "code": "eyes16",
        "texture": "expandedskins:skins/eyes/16"
      },
      {
        "code": "eyes17",
        "texture": "expandedskins:skins/eyes/17"
      },
      {
        "code": "eyes18",
        "texture": "expandedskins:skins/eyes/18"
      },
      {
        "code": "eyes19",
        "texture": "expandedskins:skins/eyes/19"
      },
      {
        "code": "eyes20",
        "texture": "expandedskins:skins/eyes/20"
      },
      {
        "code": "eyes21",
        "texture": "expandedskins:skins/eyes/21"
      }
    ],
    "file": "game:entities/humanoid/player.json",
    "side": "Server"
  },
  {
    "op": "replace",
    "path": "/attributes/skinnableParts/10/textureTemplate",
    "file": "game:entities/humanoid/player.json",
    "value": "expandedskins:skins/hair/{code}"
  },
  {
    "op": "replace",
    "path": "/attributes/skinnableParts/10/variants",
    "file": "game:entities/humanoid/player.json",
    "value": [
      {
        "code": "hair1",
      },
      {
        "code": "hair2",
      },
      {
        "code": "hair3",
      },
      {
        "code": "hair4",
      },
      {
        "code": "hair5",
      },
      {
        "code": "hair6",
      },
      {
        "code": "hair7",
      },
      {
        "code": "hair8",
      },
      {
        "code": "hair9",
      },
      {
        "code": "hair10",
      },
      {
        "code": "hair11",
      },
      {
        "code": "hair12",
      },
      {
        "code": "hair13",
      },
      {
        "code": "hair14",
      },
      {
        "code": "hair15",
      },
      {
        "code": "hair16",
      },
      {
        "code": "hair17",
      },
      {
        "code": "hair18",
      },
      {
        "code": "hair19",
      },
      {
        "code": "hair20",
      },
      {
        "code": "hair21",
      },
      {
        "code": "hair22",
      },
      {
        "code": "hair23",
      },
      {
        "code": "hair24",
      },
      {
        "code": "hair25",
      },
      {
        "code": "hair26",
      },
      {
        "code": "hair27",
      },
      {
        "code": "hair28",
      },
      {
        "code": "hair29",
      },
      {
        "code": "hair30",
      },
      {
        "code": "hair31",
      },
      {
        "code": "hair32",
      },
      {
        "code": "hair33",
      },
      {
        "code": "hair34",
      },
      {
        "code": "hair35",
      }
    ],
  }
]