[
    {"type": "Copy","conditions": [{ "when": "VanillaVariants_ArchimedesScrew_Enabled", "isValue": "true" }, { "when": "VanillaVariants_ChuteSectionItem_Enabled", "isValue": "true" },{ "when": "VanillaVariants-craftable-archimedesscrew-bismuth", "isValue": "true" }],"outputCode": "archimedesscrew-ported-north","outputCodeNew": "vanvar:archimedesscrew-bismuth-ported-north","ingredients": [{"ingredientCode": "chutesection-*", "Code": "vanvar:chutesection-bismuth"},{ "ingredientCode": "metalplate-*", "Code": "metalplate-bismuth" }]},
    {"type": "Copy","conditions": [{ "when": "VanillaVariants_ArchimedesScrew_Enabled", "isValue": "true" }, { "when": "VanillaVariants_ChuteSectionItem_Enabled", "isValue": "true" },{ "when": "VanillaVariants-craftable-archimedesscrew-bismuthbronze", "isValue": "true" }],"outputCode": "archimedesscrew-ported-north","outputCodeNew": "vanvar:archimedesscrew-bismuthbronze-ported-north","ingredients": [{"ingredientCode": "chutesection-*", "Code": "vanvar:chutesection-bismuthbronze"},{ "ingredientCode": "metalplate-*", "Code": "metalplate-bismuthbronze" }]},
    {"type": "Copy","conditions": [{ "when": "VanillaVariants_ArchimedesScrew_Enabled", "isValue": "true" }, { "when": "VanillaVariants_ChuteSectionItem_Enabled", "isValue": "true" },{ "when": "VanillaVariants-craftable-archimedesscrew-blackbronze", "isValue": "true" }],"outputCode": "archimedesscrew-ported-north","outputCodeNew": "vanvar:archimedesscrew-blackbronze-ported-north","ingredients": [{"ingredientCode": "chutesection-*", "Code": "vanvar:chutesection-blackbronze"},{ "ingredientCode": "metalplate-*", "Code": "metalplate-blackbronze" }]},
    {"type": "Copy","conditions": [{ "when": "VanillaVariants_ArchimedesScrew_Enabled", "isValue": "true" }, { "when": "VanillaVariants_ChuteSectionItem_Enabled", "isValue": "true" },{ "when": "VanillaVariants-craftable-archimedesscrew-brass", "isValue": "true" }],"outputCode": "archimedesscrew-ported-north","outputCodeNew": "vanvar:archimedesscrew-brass-ported-north","ingredients": [{"ingredientCode": "chutesection-*", "Code": "vanvar:chutesection-brass"},{ "ingredientCode": "metalplate-*", "Code": "metalplate-brass" }]},
    {"type": "Copy","conditions": [{ "when": "VanillaVariants_ArchimedesScrew_Enabled", "isValue": "true" }, { "when": "VanillaVariants_ChuteSectionItem_Enabled", "isValue": "true" },{ "when": "VanillaVariants-craftable-archimedesscrew-chromium", "isValue": "true" }],"outputCode": "archimedesscrew-ported-north","outputCodeNew": "vanvar:archimedesscrew-chromium-ported-north","ingredients": [{"ingredientCode": "chutesection-*", "Code": "vanvar:chutesection-chromium"},{ "ingredientCode": "metalplate-*", "Code": "metalplate-chromium" }]},
    {"type": "Copy","conditions": [{ "when": "VanillaVariants_ArchimedesScrew_Enabled", "isValue": "true" }, { "when": "VanillaVariants_ChuteSectionItem_Enabled", "isValue": "true" },{ "when": "VanillaVariants-craftable-archimedesscrew-cupronickel", "isValue": "true" }],"outputCode": "archimedesscrew-ported-north","outputCodeNew": "vanvar:archimedesscrew-cupronickel-ported-north","ingredients": [{"ingredientCode": "chutesection-*", "Code": "vanvar:chutesection-cupronickel"},{ "ingredientCode": "metalplate-*", "Code": "metalplate-cupronickel" }]},
    {"type": "Copy","conditions": [{ "when": "VanillaVariants_ArchimedesScrew_Enabled", "isValue": "true" }, { "when": "VanillaVariants_ChuteSectionItem_Enabled", "isValue": "true" },{ "when": "VanillaVariants-craftable-archimedesscrew-electrum", "isValue": "true" }],"outputCode": "archimedesscrew-ported-north","outputCodeNew": "vanvar:archimedesscrew-electrum-ported-north","ingredients": [{"ingredientCode": "chutesection-*", "Code": "vanvar:chutesection-electrum"},{ "ingredientCode": "metalplate-*", "Code": "metalplate-electrum" }]},
    {"type": "Copy","conditions": [{ "when": "VanillaVariants_ArchimedesScrew_Enabled", "isValue": "true" }, { "when": "VanillaVariants_ChuteSectionItem_Enabled", "isValue": "true" },{ "when": "VanillaVariants-craftable-archimedesscrew-gold", "isValue": "true" }],"outputCode": "archimedesscrew-ported-north","outputCodeNew": "vanvar:archimedesscrew-gold-ported-north","ingredients": [{"ingredientCode": "chutesection-*", "Code": "vanvar:chutesection-gold"},{ "ingredientCode": "metalplate-*", "Code": "metalplate-gold" }]},
    {"type": "Copy","conditions": [{ "when": "VanillaVariants_ArchimedesScrew_Enabled", "isValue": "true" }, { "when": "VanillaVariants_ChuteSectionItem_Enabled", "isValue": "true" },{ "when": "VanillaVariants-craftable-archimedesscrew-iron", "isValue": "true" }],"outputCode": "archimedesscrew-ported-north","outputCodeNew": "vanvar:archimedesscrew-iron-ported-north","ingredients": [{"ingredientCode": "chutesection-*", "Code": "vanvar:chutesection-iron"},{ "ingredientCode": "metalplate-*", "Code": "metalplate-iron" }]},
    {"type": "Copy","conditions": [{ "when": "VanillaVariants_ArchimedesScrew_Enabled", "isValue": "true" }, { "when": "VanillaVariants_ChuteSectionItem_Enabled", "isValue": "true" },{ "when": "VanillaVariants-craftable-archimedesscrew-meteoriciron", "isValue": "true" }],"outputCode": "archimedesscrew-ported-north","outputCodeNew": "vanvar:archimedesscrew-meteoriciron-ported-north","ingredients": [{"ingredientCode": "chutesection-*", "Code": "vanvar:chutesection-meteoriciron"},{ "ingredientCode": "metalplate-*", "Code": "metalplate-meteoriciron" }]},
    {"type": "Copy","conditions": [{ "when": "VanillaVariants_ArchimedesScrew_Enabled", "isValue": "true" }, { "when": "VanillaVariants_ChuteSectionItem_Enabled", "isValue": "true" },{ "when": "VanillaVariants-craftable-archimedesscrew-lead", "isValue": "true" }],"outputCode": "archimedesscrew-ported-north","outputCodeNew": "vanvar:archimedesscrew-lead-ported-north","ingredients": [{"ingredientCode": "chutesection-*", "Code": "vanvar:chutesection-lead"},{ "ingredientCode": "metalplate-*", "Code": "metalplate-lead" }]},
    {"type": "Copy","conditions": [{ "when": "VanillaVariants_ArchimedesScrew_Enabled", "isValue": "true" }, { "when": "VanillaVariants_ChuteSectionItem_Enabled", "isValue": "true" },{ "when": "VanillaVariants-craftable-archimedesscrew-molybdochalkos", "isValue": "true" }],"outputCode": "archimedesscrew-ported-north","outputCodeNew": "vanvar:archimedesscrew-molybdochalkos-ported-north","ingredients": [{"ingredientCode": "chutesection-*", "Code": "vanvar:chutesection-molybdochalkos"},{ "ingredientCode": "metalplate-*", "Code": "metalplate-molybdochalkos" }]},
    {"type": "Copy","conditions": [{ "when": "VanillaVariants_ArchimedesScrew_Enabled", "isValue": "true" }, { "when": "VanillaVariants_ChuteSectionItem_Enabled", "isValue": "true" },{ "when": "VanillaVariants-craftable-archimedesscrew-platinum", "isValue": "true" }],"outputCode": "archimedesscrew-ported-north","outputCodeNew": "vanvar:archimedesscrew-platinum-ported-north","ingredients": [{"ingredientCode": "chutesection-*", "Code": "vanvar:chutesection-platinum"},{ "ingredientCode": "metalplate-*", "Code": "metalplate-platinum" }]},
    {"type": "Copy","conditions": [{ "when": "VanillaVariants_ArchimedesScrew_Enabled", "isValue": "true" }, { "when": "VanillaVariants_ChuteSectionItem_Enabled", "isValue": "true" },{ "when": "VanillaVariants-craftable-archimedesscrew-nickel", "isValue": "true" }],"outputCode": "archimedesscrew-ported-north","outputCodeNew": "vanvar:archimedesscrew-nickel-ported-north","ingredients": [{"ingredientCode": "chutesection-*", "Code": "vanvar:chutesection-nickel"},{ "ingredientCode": "metalplate-*", "Code": "metalplate-nickel" }]},
    {"type": "Copy","conditions": [{ "when": "VanillaVariants_ArchimedesScrew_Enabled", "isValue": "true" }, { "when": "VanillaVariants_ChuteSectionItem_Enabled", "isValue": "true" },{ "when": "VanillaVariants-craftable-archimedesscrew-silver", "isValue": "true" }],"outputCode": "archimedesscrew-ported-north","outputCodeNew": "vanvar:archimedesscrew-silver-ported-north","ingredients": [{"ingredientCode": "chutesection-*", "Code": "vanvar:chutesection-silver"},{ "ingredientCode": "metalplate-*", "Code": "metalplate-silver" }]},
    {"type": "Copy","conditions": [{ "when": "VanillaVariants_ArchimedesScrew_Enabled", "isValue": "true" }, { "when": "VanillaVariants_ChuteSectionItem_Enabled", "isValue": "true" },{ "when": "VanillaVariants-craftable-archimedesscrew-stainlesssteel", "isValue": "true" }],"outputCode": "archimedesscrew-ported-north","outputCodeNew": "vanvar:archimedesscrew-stainlesssteel-ported-north","ingredients": [{"ingredientCode": "chutesection-*", "Code": "vanvar:chutesection-stainlesssteel"},{ "ingredientCode": "metalplate-*", "Code": "metalplate-stainlesssteel" }]},
    {"type": "Copy","conditions": [{ "when": "VanillaVariants_ArchimedesScrew_Enabled", "isValue": "true" }, { "when": "VanillaVariants_ChuteSectionItem_Enabled", "isValue": "true" },{ "when": "VanillaVariants-craftable-archimedesscrew-steel", "isValue": "true" }],"outputCode": "archimedesscrew-ported-north","outputCodeNew": "vanvar:archimedesscrew-steel-ported-north","ingredients": [{"ingredientCode": "chutesection-*", "Code": "vanvar:chutesection-steel"},{ "ingredientCode": "metalplate-*", "Code": "metalplate-steel" }]},
    {"type": "Copy","conditions": [{ "when": "VanillaVariants_ArchimedesScrew_Enabled", "isValue": "true" }, { "when": "VanillaVariants_ChuteSectionItem_Enabled", "isValue": "true" },{ "when": "VanillaVariants-craftable-archimedesscrew-tin", "isValue": "true" }],"outputCode": "archimedesscrew-ported-north","outputCodeNew": "vanvar:archimedesscrew-tin-ported-north","ingredients": [{"ingredientCode": "chutesection-*", "Code": "vanvar:chutesection-tin"},{ "ingredientCode": "metalplate-*", "Code": "metalplate-tin" }]},
    {"type": "Copy","conditions": [{ "when": "VanillaVariants_ArchimedesScrew_Enabled", "isValue": "true" }, { "when": "VanillaVariants_ChuteSectionItem_Enabled", "isValue": "true" },{ "when": "VanillaVariants-craftable-archimedesscrew-tinbronze", "isValue": "true" }],"outputCode": "archimedesscrew-ported-north","outputCodeNew": "vanvar:archimedesscrew-tinbronze-ported-north","ingredients": [{"ingredientCode": "chutesection-*", "Code": "vanvar:chutesection-tinbronze"},{ "ingredientCode": "metalplate-*", "Code": "metalplate-tinbronze" }]},
    {"type": "Copy","conditions": [{ "when": "VanillaVariants_ArchimedesScrew_Enabled", "isValue": "true" }, { "when": "VanillaVariants_ChuteSectionItem_Enabled", "isValue": "true" },{ "when": "VanillaVariants-craftable-archimedesscrew-titanium", "isValue": "true" }],"outputCode": "archimedesscrew-ported-north","outputCodeNew": "vanvar:archimedesscrew-titanium-ported-north","ingredients": [{"ingredientCode": "chutesection-*", "Code": "vanvar:chutesection-titanium"},{ "ingredientCode": "metalplate-*", "Code": "metalplate-titanium" }]},
    {"type": "Copy","conditions": [{ "when": "VanillaVariants_ArchimedesScrew_Enabled", "isValue": "true" }, { "when": "VanillaVariants_ChuteSectionItem_Enabled", "isValue": "true" },{ "when": "VanillaVariants-craftable-archimedesscrew-uranium", "isValue": "true" }],"outputCode": "archimedesscrew-ported-north","outputCodeNew": "vanvar:archimedesscrew-uranium-ported-north","ingredients": [{"ingredientCode": "chutesection-*", "Code": "vanvar:chutesection-uranium"},{ "ingredientCode": "metalplate-*", "Code": "metalplate-uranium" }]},
    {"type": "Copy","conditions": [{ "when": "VanillaVariants_ArchimedesScrew_Enabled", "isValue": "true" }, { "when": "VanillaVariants_ChuteSectionItem_Enabled", "isValue": "true" },{ "when": "VanillaVariants-craftable-archimedesscrew-zinc", "isValue": "true" }],"outputCode": "archimedesscrew-ported-north","outputCodeNew": "vanvar:archimedesscrew-zinc-ported-north","ingredients": [{"ingredientCode": "chutesection-*", "Code": "vanvar:chutesection-zinc"},{ "ingredientCode": "metalplate-*", "Code": "metalplate-zinc" }]}
]
