[
    {"type": "Copy","conditions": [{ "when": "VanillaVariants_Chute_Enabled", "isValue": "true" }, { "when": "VanillaVariants_ChuteSectionItem_Enabled", "isValue": "true" },{ "when": "VanillaVariants-craftable-chute-bismuth", "isValue": "true" }],"outputCode": "chute-straight-ns","outputCodeNew": "vanvar:chute-bismuth-straight-ns","ingredients": [{ "ingredientCode": "chutesection-*", "Code": "vanvar:chutesection-bismuth" }]},
    {"type": "Copy","conditions": [{ "when": "VanillaVariants_Chute_Enabled", "isValue": "true" }, { "when": "VanillaVariants_ChuteSectionItem_Enabled", "isValue": "true" },{ "when": "VanillaVariants-craftable-chute-bismuthbronze", "isValue": "true" }],"outputCode": "chute-straight-ns","outputCodeNew": "vanvar:chute-bismuthbronze-straight-ns","ingredients": [{ "ingredientCode": "chutesection-*", "Code": "vanvar:chutesection-bismuthbronze" }]},
    {"type": "Copy","conditions": [{ "when": "VanillaVariants_Chute_Enabled", "isValue": "true" }, { "when": "VanillaVariants_ChuteSectionItem_Enabled", "isValue": "true" },{ "when": "VanillaVariants-craftable-chute-blackbronze", "isValue": "true" }],"outputCode": "chute-straight-ns","outputCodeNew": "vanvar:chute-blackbronze-straight-ns","ingredients": [{ "ingredientCode": "chutesection-*", "Code": "vanvar:chutesection-blackbronze" }]},
    {"type": "Copy","conditions": [{ "when": "VanillaVariants_Chute_Enabled", "isValue": "true" }, { "when": "VanillaVariants_ChuteSectionItem_Enabled", "isValue": "true" },{ "when": "VanillaVariants-craftable-chute-brass", "isValue": "true" }],"outputCode": "chute-straight-ns","outputCodeNew": "vanvar:chute-brass-straight-ns","ingredients": [{ "ingredientCode": "chutesection-*", "Code": "vanvar:chutesection-brass" }]},
    {"type": "Copy","conditions": [{ "when": "VanillaVariants_Chute_Enabled", "isValue": "true" }, { "when": "VanillaVariants_ChuteSectionItem_Enabled", "isValue": "true" },{ "when": "VanillaVariants-craftable-chute-chromium", "isValue": "true" }],"outputCode": "chute-straight-ns","outputCodeNew": "vanvar:chute-chromium-straight-ns","ingredients": [{ "ingredientCode": "chutesection-*", "Code": "vanvar:chutesection-chromium" }]},
    {"type": "Copy","conditions": [{ "when": "VanillaVariants_Chute_Enabled", "isValue": "true" }, { "when": "VanillaVariants_ChuteSectionItem_Enabled", "isValue": "true" },{ "when": "VanillaVariants-craftable-chute-cupronickel", "isValue": "true" }],"outputCode": "chute-straight-ns","outputCodeNew": "vanvar:chute-cupronickel-straight-ns","ingredients": [{ "ingredientCode": "chutesection-*", "Code": "vanvar:chutesection-cupronickel" }]},
    {"type": "Copy","conditions": [{ "when": "VanillaVariants_Chute_Enabled", "isValue": "true" }, { "when": "VanillaVariants_ChuteSectionItem_Enabled", "isValue": "true" },{ "when": "VanillaVariants-craftable-chute-electrum", "isValue": "true" }],"outputCode": "chute-straight-ns","outputCodeNew": "vanvar:chute-electrum-straight-ns","ingredients": [{ "ingredientCode": "chutesection-*", "Code": "vanvar:chutesection-electrum" }]},
    {"type": "Copy","conditions": [{ "when": "VanillaVariants_Chute_Enabled", "isValue": "true" }, { "when": "VanillaVariants_ChuteSectionItem_Enabled", "isValue": "true" },{ "when": "VanillaVariants-craftable-chute-gold", "isValue": "true" }],"outputCode": "chute-straight-ns","outputCodeNew": "vanvar:chute-gold-straight-ns","ingredients": [{ "ingredientCode": "chutesection-*", "Code": "vanvar:chutesection-gold" }]},
    {"type": "Copy","conditions": [{ "when": "VanillaVariants_Chute_Enabled", "isValue": "true" }, { "when": "VanillaVariants_ChuteSectionItem_Enabled", "isValue": "true" },{ "when": "VanillaVariants-craftable-chute-iron", "isValue": "true" }],"outputCode": "chute-straight-ns","outputCodeNew": "vanvar:chute-iron-straight-ns","ingredients": [{ "ingredientCode": "chutesection-*", "Code": "vanvar:chutesection-iron" }]},
    {"type": "Copy","conditions": [{ "when": "VanillaVariants_Chute_Enabled", "isValue": "true" }, { "when": "VanillaVariants_ChuteSectionItem_Enabled", "isValue": "true" },{ "when": "VanillaVariants-craftable-chute-meteoriciron", "isValue": "true" }],"outputCode": "chute-straight-ns","outputCodeNew": "vanvar:chute-meteoriciron-straight-ns","ingredients": [{ "ingredientCode": "chutesection-*", "Code": "vanvar:chutesection-meteoriciron" }]},
    {"type": "Copy","conditions": [{ "when": "VanillaVariants_Chute_Enabled", "isValue": "true" }, { "when": "VanillaVariants_ChuteSectionItem_Enabled", "isValue": "true" },{ "when": "VanillaVariants-craftable-chute-lead", "isValue": "true" }],"outputCode": "chute-straight-ns","outputCodeNew": "vanvar:chute-lead-straight-ns","ingredients": [{ "ingredientCode": "chutesection-*", "Code": "vanvar:chutesection-lead" }]},
    {"type": "Copy","conditions": [{ "when": "VanillaVariants_Chute_Enabled", "isValue": "true" }, { "when": "VanillaVariants_ChuteSectionItem_Enabled", "isValue": "true" },{ "when": "VanillaVariants-craftable-chute-molybdochalkos", "isValue": "true" }],"outputCode": "chute-straight-ns","outputCodeNew": "vanvar:chute-molybdochalkos-straight-ns","ingredients": [{ "ingredientCode": "chutesection-*", "Code": "vanvar:chutesection-molybdochalkos" }]},
    {"type": "Copy","conditions": [{ "when": "VanillaVariants_Chute_Enabled", "isValue": "true" }, { "when": "VanillaVariants_ChuteSectionItem_Enabled", "isValue": "true" },{ "when": "VanillaVariants-craftable-chute-platinum", "isValue": "true" }],"outputCode": "chute-straight-ns","outputCodeNew": "vanvar:chute-platinum-straight-ns","ingredients": [{ "ingredientCode": "chutesection-*", "Code": "vanvar:chutesection-platinum" }]},
    {"type": "Copy","conditions": [{ "when": "VanillaVariants_Chute_Enabled", "isValue": "true" }, { "when": "VanillaVariants_ChuteSectionItem_Enabled", "isValue": "true" },{ "when": "VanillaVariants-craftable-chute-nickel", "isValue": "true" }],"outputCode": "chute-straight-ns","outputCodeNew": "vanvar:chute-nickel-straight-ns","ingredients": [{ "ingredientCode": "chutesection-*", "Code": "vanvar:chutesection-nickel" }]},
    {"type": "Copy","conditions": [{ "when": "VanillaVariants_Chute_Enabled", "isValue": "true" }, { "when": "VanillaVariants_ChuteSectionItem_Enabled", "isValue": "true" },{ "when": "VanillaVariants-craftable-chute-silver", "isValue": "true" }],"outputCode": "chute-straight-ns","outputCodeNew": "vanvar:chute-silver-straight-ns","ingredients": [{ "ingredientCode": "chutesection-*", "Code": "vanvar:chutesection-silver" }]},
    {"type": "Copy","conditions": [{ "when": "VanillaVariants_Chute_Enabled", "isValue": "true" }, { "when": "VanillaVariants_ChuteSectionItem_Enabled", "isValue": "true" },{ "when": "VanillaVariants-craftable-chute-stainlesssteel", "isValue": "true" }],"outputCode": "chute-straight-ns","outputCodeNew": "vanvar:chute-stainlesssteel-straight-ns","ingredients": [{ "ingredientCode": "chutesection-*", "Code": "vanvar:chutesection-stainlesssteel" }]},
    {"type": "Copy","conditions": [{ "when": "VanillaVariants_Chute_Enabled", "isValue": "true" }, { "when": "VanillaVariants_ChuteSectionItem_Enabled", "isValue": "true" },{ "when": "VanillaVariants-craftable-chute-steel", "isValue": "true" }],"outputCode": "chute-straight-ns","outputCodeNew": "vanvar:chute-steel-straight-ns","ingredients": [{ "ingredientCode": "chutesection-*", "Code": "vanvar:chutesection-steel" }]},
    {"type": "Copy","conditions": [{ "when": "VanillaVariants_Chute_Enabled", "isValue": "true" }, { "when": "VanillaVariants_ChuteSectionItem_Enabled", "isValue": "true" },{ "when": "VanillaVariants-craftable-chute-tin", "isValue": "true" }],"outputCode": "chute-straight-ns","outputCodeNew": "vanvar:chute-tin-straight-ns","ingredients": [{ "ingredientCode": "chutesection-*", "Code": "vanvar:chutesection-tin" }]},
    {"type": "Copy","conditions": [{ "when": "VanillaVariants_Chute_Enabled", "isValue": "true" }, { "when": "VanillaVariants_ChuteSectionItem_Enabled", "isValue": "true" },{ "when": "VanillaVariants-craftable-chute-tinbronze", "isValue": "true" }],"outputCode": "chute-straight-ns","outputCodeNew": "vanvar:chute-tinbronze-straight-ns","ingredients": [{ "ingredientCode": "chutesection-*", "Code": "vanvar:chutesection-tinbronze" }]},
    {"type": "Copy","conditions": [{ "when": "VanillaVariants_Chute_Enabled", "isValue": "true" }, { "when": "VanillaVariants_ChuteSectionItem_Enabled", "isValue": "true" },{ "when": "VanillaVariants-craftable-chute-titanium", "isValue": "true" }],"outputCode": "chute-straight-ns","outputCodeNew": "vanvar:chute-titanium-straight-ns","ingredients": [{ "ingredientCode": "chutesection-*", "Code": "vanvar:chutesection-titanium" }]},
    {"type": "Copy","conditions": [{ "when": "VanillaVariants_Chute_Enabled", "isValue": "true" }, { "when": "VanillaVariants_ChuteSectionItem_Enabled", "isValue": "true" },{ "when": "VanillaVariants-craftable-chute-uranium", "isValue": "true" }],"outputCode": "chute-straight-ns","outputCodeNew": "vanvar:chute-uranium-straight-ns","ingredients": [{ "ingredientCode": "chutesection-*", "Code": "vanvar:chutesection-uranium" }]},
    {"type": "Copy","conditions": [{ "when": "VanillaVariants_Chute_Enabled", "isValue": "true" }, { "when": "VanillaVariants_ChuteSectionItem_Enabled", "isValue": "true" },{ "when": "VanillaVariants-craftable-chute-zinc", "isValue": "true" }],"outputCode": "chute-straight-ns","outputCodeNew": "vanvar:chute-zinc-straight-ns","ingredients": [{ "ingredientCode": "chutesection-*", "Code": "vanvar:chutesection-zinc" }]}
]
