[
    {"type": "Copy","conditions": [{ "when": "VanillaVariants_Chute_Enabled", "isValue": "true" }, { "when": "VanillaVariants_ChuteSectionItem_Enabled", "isValue": "true" },{ "when": "VanillaVariants-craftable-chute-bismuth", "isValue": "true" }],"outputCode": "chute-3way-down-east","outputCodeNew": "vanvar:chute-bismuth-3way-down-east","ingredients": [{ "ingredientCode": "chutesection-*", "Code": "vanvar:chutesection-bismuth" }]},
    {"type": "Copy","conditions": [{ "when": "VanillaVariants_Chute_Enabled", "isValue": "true" }, { "when": "VanillaVariants_ChuteSectionItem_Enabled", "isValue": "true" },{ "when": "VanillaVariants-craftable-chute-bismuthbronze", "isValue": "true" }],"outputCode": "chute-3way-down-east","outputCodeNew": "vanvar:chute-bismuthbronze-3way-down-east","ingredients": [{ "ingredientCode": "chutesection-*", "Code": "vanvar:chutesection-bismuthbronze" }]},
    {"type": "Copy","conditions": [{ "when": "VanillaVariants_Chute_Enabled", "isValue": "true" }, { "when": "VanillaVariants_ChuteSectionItem_Enabled", "isValue": "true" },{ "when": "VanillaVariants-craftable-chute-blackbronze", "isValue": "true" }],"outputCode": "chute-3way-down-east","outputCodeNew": "vanvar:chute-blackbronze-3way-down-east","ingredients": [{ "ingredientCode": "chutesection-*", "Code": "vanvar:chutesection-blackbronze" }]},
    {"type": "Copy","conditions": [{ "when": "VanillaVariants_Chute_Enabled", "isValue": "true" }, { "when": "VanillaVariants_ChuteSectionItem_Enabled", "isValue": "true" },{ "when": "VanillaVariants-craftable-chute-brass", "isValue": "true" }],"outputCode": "chute-3way-down-east","outputCodeNew": "vanvar:chute-brass-3way-down-east","ingredients": [{ "ingredientCode": "chutesection-*", "Code": "vanvar:chutesection-brass" }]},
    {"type": "Copy","conditions": [{ "when": "VanillaVariants_Chute_Enabled", "isValue": "true" }, { "when": "VanillaVariants_ChuteSectionItem_Enabled", "isValue": "true" },{ "when": "VanillaVariants-craftable-chute-chromium", "isValue": "true" }],"outputCode": "chute-3way-down-east","outputCodeNew": "vanvar:chute-chromium-3way-down-east","ingredients": [{ "ingredientCode": "chutesection-*", "Code": "vanvar:chutesection-chromium" }]},
    {"type": "Copy","conditions": [{ "when": "VanillaVariants_Chute_Enabled", "isValue": "true" }, { "when": "VanillaVariants_ChuteSectionItem_Enabled", "isValue": "true" },{ "when": "VanillaVariants-craftable-chute-cupronickel", "isValue": "true" }],"outputCode": "chute-3way-down-east","outputCodeNew": "vanvar:chute-cupronickel-3way-down-east","ingredients": [{ "ingredientCode": "chutesection-*", "Code": "vanvar:chutesection-cupronickel" }]},
    {"type": "Copy","conditions": [{ "when": "VanillaVariants_Chute_Enabled", "isValue": "true" }, { "when": "VanillaVariants_ChuteSectionItem_Enabled", "isValue": "true" },{ "when": "VanillaVariants-craftable-chute-electrum", "isValue": "true" }],"outputCode": "chute-3way-down-east","outputCodeNew": "vanvar:chute-electrum-3way-down-east","ingredients": [{ "ingredientCode": "chutesection-*", "Code": "vanvar:chutesection-electrum" }]},
    {"type": "Copy","conditions": [{ "when": "VanillaVariants_Chute_Enabled", "isValue": "true" }, { "when": "VanillaVariants_ChuteSectionItem_Enabled", "isValue": "true" },{ "when": "VanillaVariants-craftable-chute-gold", "isValue": "true" }],"outputCode": "chute-3way-down-east","outputCodeNew": "vanvar:chute-gold-3way-down-east","ingredients": [{ "ingredientCode": "chutesection-*", "Code": "vanvar:chutesection-gold" }]},
    {"type": "Copy","conditions": [{ "when": "VanillaVariants_Chute_Enabled", "isValue": "true" }, { "when": "VanillaVariants_ChuteSectionItem_Enabled", "isValue": "true" },{ "when": "VanillaVariants-craftable-chute-iron", "isValue": "true" }],"outputCode": "chute-3way-down-east","outputCodeNew": "vanvar:chute-iron-3way-down-east","ingredients": [{ "ingredientCode": "chutesection-*", "Code": "vanvar:chutesection-iron" }]},
    {"type": "Copy","conditions": [{ "when": "VanillaVariants_Chute_Enabled", "isValue": "true" }, { "when": "VanillaVariants_ChuteSectionItem_Enabled", "isValue": "true" },{ "when": "VanillaVariants-craftable-chute-meteoriciron", "isValue": "true" }],"outputCode": "chute-3way-down-east","outputCodeNew": "vanvar:chute-meteoriciron-3way-down-east","ingredients": [{ "ingredientCode": "chutesection-*", "Code": "vanvar:chutesection-meteoriciron" }]},
    {"type": "Copy","conditions": [{ "when": "VanillaVariants_Chute_Enabled", "isValue": "true" }, { "when": "VanillaVariants_ChuteSectionItem_Enabled", "isValue": "true" },{ "when": "VanillaVariants-craftable-chute-lead", "isValue": "true" }],"outputCode": "chute-3way-down-east","outputCodeNew": "vanvar:chute-lead-3way-down-east","ingredients": [{ "ingredientCode": "chutesection-*", "Code": "vanvar:chutesection-lead" }]},
    {"type": "Copy","conditions": [{ "when": "VanillaVariants_Chute_Enabled", "isValue": "true" }, { "when": "VanillaVariants_ChuteSectionItem_Enabled", "isValue": "true" },{ "when": "VanillaVariants-craftable-chute-molybdochalkos", "isValue": "true" }],"outputCode": "chute-3way-down-east","outputCodeNew": "vanvar:chute-molybdochalkos-3way-down-east","ingredients": [{ "ingredientCode": "chutesection-*", "Code": "vanvar:chutesection-molybdochalkos" }]},
    {"type": "Copy","conditions": [{ "when": "VanillaVariants_Chute_Enabled", "isValue": "true" }, { "when": "VanillaVariants_ChuteSectionItem_Enabled", "isValue": "true" },{ "when": "VanillaVariants-craftable-chute-platinum", "isValue": "true" }],"outputCode": "chute-3way-down-east","outputCodeNew": "vanvar:chute-platinum-3way-down-east","ingredients": [{ "ingredientCode": "chutesection-*", "Code": "vanvar:chutesection-platinum" }]},
    {"type": "Copy","conditions": [{ "when": "VanillaVariants_Chute_Enabled", "isValue": "true" }, { "when": "VanillaVariants_ChuteSectionItem_Enabled", "isValue": "true" },{ "when": "VanillaVariants-craftable-chute-nickel", "isValue": "true" }],"outputCode": "chute-3way-down-east","outputCodeNew": "vanvar:chute-nickel-3way-down-east","ingredients": [{ "ingredientCode": "chutesection-*", "Code": "vanvar:chutesection-nickel" }]},
    {"type": "Copy","conditions": [{ "when": "VanillaVariants_Chute_Enabled", "isValue": "true" }, { "when": "VanillaVariants_ChuteSectionItem_Enabled", "isValue": "true" },{ "when": "VanillaVariants-craftable-chute-silver", "isValue": "true" }],"outputCode": "chute-3way-down-east","outputCodeNew": "vanvar:chute-silver-3way-down-east","ingredients": [{ "ingredientCode": "chutesection-*", "Code": "vanvar:chutesection-silver" }]},
    {"type": "Copy","conditions": [{ "when": "VanillaVariants_Chute_Enabled", "isValue": "true" }, { "when": "VanillaVariants_ChuteSectionItem_Enabled", "isValue": "true" },{ "when": "VanillaVariants-craftable-chute-stainlesssteel", "isValue": "true" }],"outputCode": "chute-3way-down-east","outputCodeNew": "vanvar:chute-stainlesssteel-3way-down-east","ingredients": [{ "ingredientCode": "chutesection-*", "Code": "vanvar:chutesection-stainlesssteel" }]},
    {"type": "Copy","conditions": [{ "when": "VanillaVariants_Chute_Enabled", "isValue": "true" }, { "when": "VanillaVariants_ChuteSectionItem_Enabled", "isValue": "true" },{ "when": "VanillaVariants-craftable-chute-steel", "isValue": "true" }],"outputCode": "chute-3way-down-east","outputCodeNew": "vanvar:chute-steel-3way-down-east","ingredients": [{ "ingredientCode": "chutesection-*", "Code": "vanvar:chutesection-steel" }]},
    {"type": "Copy","conditions": [{ "when": "VanillaVariants_Chute_Enabled", "isValue": "true" }, { "when": "VanillaVariants_ChuteSectionItem_Enabled", "isValue": "true" },{ "when": "VanillaVariants-craftable-chute-tin", "isValue": "true" }],"outputCode": "chute-3way-down-east","outputCodeNew": "vanvar:chute-tin-3way-down-east","ingredients": [{ "ingredientCode": "chutesection-*", "Code": "vanvar:chutesection-tin" }]},
    {"type": "Copy","conditions": [{ "when": "VanillaVariants_Chute_Enabled", "isValue": "true" }, { "when": "VanillaVariants_ChuteSectionItem_Enabled", "isValue": "true" },{ "when": "VanillaVariants-craftable-chute-tinbronze", "isValue": "true" }],"outputCode": "chute-3way-down-east","outputCodeNew": "vanvar:chute-tinbronze-3way-down-east","ingredients": [{ "ingredientCode": "chutesection-*", "Code": "vanvar:chutesection-tinbronze" }]},
    {"type": "Copy","conditions": [{ "when": "VanillaVariants_Chute_Enabled", "isValue": "true" }, { "when": "VanillaVariants_ChuteSectionItem_Enabled", "isValue": "true" },{ "when": "VanillaVariants-craftable-chute-titanium", "isValue": "true" }],"outputCode": "chute-3way-down-east","outputCodeNew": "vanvar:chute-titanium-3way-down-east","ingredients": [{ "ingredientCode": "chutesection-*", "Code": "vanvar:chutesection-titanium" }]},
    {"type": "Copy","conditions": [{ "when": "VanillaVariants_Chute_Enabled", "isValue": "true" }, { "when": "VanillaVariants_ChuteSectionItem_Enabled", "isValue": "true" },{ "when": "VanillaVariants-craftable-chute-uranium", "isValue": "true" }],"outputCode": "chute-3way-down-east","outputCodeNew": "vanvar:chute-uranium-3way-down-east","ingredients": [{ "ingredientCode": "chutesection-*", "Code": "vanvar:chutesection-uranium" }]},
    {"type": "Copy","conditions": [{ "when": "VanillaVariants_Chute_Enabled", "isValue": "true" }, { "when": "VanillaVariants_ChuteSectionItem_Enabled", "isValue": "true" },{ "when": "VanillaVariants-craftable-chute-zinc", "isValue": "true" }],"outputCode": "chute-3way-down-east","outputCodeNew": "vanvar:chute-zinc-3way-down-east","ingredients": [{ "ingredientCode": "chutesection-*", "Code": "vanvar:chutesection-zinc" }]}
]
