[
    {"type": "Copy","conditions": [{ "when": "VanillaVariants_Hopper_Enabled", "isValue": "true" },{ "when": "VanillaVariants-craftable-hopper-bismuth", "isValue": "true" }],"outputCode": "hopper","outputCodeNew": "vanvar:hopper-bismuth","ingredients": [{ "ingredientCode": "metalplate-*", "Code": "metalplate-bismuth" }]},
    {"type": "Copy","conditions": [{ "when": "VanillaVariants_Hopper_Enabled", "isValue": "true" },{ "when": "VanillaVariants-craftable-hopper-bismuthbronze", "isValue": "true" }],"outputCode": "hopper","outputCodeNew": "vanvar:hopper-bismuthbronze","ingredients": [{ "ingredientCode": "metalplate-*", "Code": "metalplate-bismuthbronze" }]},
    {"type": "Copy","conditions": [{ "when": "VanillaVariants_Hopper_Enabled", "isValue": "true" },{ "when": "VanillaVariants-craftable-hopper-blackbronze", "isValue": "true" }],"outputCode": "hopper","outputCodeNew": "vanvar:hopper-blackbronze","ingredients": [{ "ingredientCode": "metalplate-*", "Code": "metalplate-blackbronze" }]},
    {"type": "Copy","conditions": [{ "when": "VanillaVariants_Hopper_Enabled", "isValue": "true" },{ "when": "VanillaVariants-craftable-hopper-brass", "isValue": "true" }],"outputCode": "hopper","outputCodeNew": "vanvar:hopper-brass","ingredients": [{ "ingredientCode": "metalplate-*", "Code": "metalplate-brass" }]},
    {"type": "Copy","conditions": [{ "when": "VanillaVariants_Hopper_Enabled", "isValue": "true" },{ "when": "VanillaVariants-craftable-hopper-chromium", "isValue": "true" }],"outputCode": "hopper","outputCodeNew": "vanvar:hopper-chromium","ingredients": [{ "ingredientCode": "metalplate-*", "Code": "metalplate-chromium" }]},
    {"type": "Copy","conditions": [{ "when": "VanillaVariants_Hopper_Enabled", "isValue": "true" },{ "when": "VanillaVariants-craftable-hopper-cupronickel", "isValue": "true" }],"outputCode": "hopper","outputCodeNew": "vanvar:hopper-cupronickel","ingredients": [{ "ingredientCode": "metalplate-*", "Code": "metalplate-cupronickel" }]},
    {"type": "Copy","conditions": [{ "when": "VanillaVariants_Hopper_Enabled", "isValue": "true" },{ "when": "VanillaVariants-craftable-hopper-electrum", "isValue": "true" }],"outputCode": "hopper","outputCodeNew": "vanvar:hopper-electrum","ingredients": [{ "ingredientCode": "metalplate-*", "Code": "metalplate-electrum" }]},
    {"type": "Copy","conditions": [{ "when": "VanillaVariants_Hopper_Enabled", "isValue": "true" },{ "when": "VanillaVariants-craftable-hopper-gold", "isValue": "true" }],"outputCode": "hopper","outputCodeNew": "vanvar:hopper-gold","ingredients": [{ "ingredientCode": "metalplate-*", "Code": "metalplate-gold" }]},
    {"type": "Copy","conditions": [{ "when": "VanillaVariants_Hopper_Enabled", "isValue": "true" },{ "when": "VanillaVariants-craftable-hopper-iron", "isValue": "true" }],"outputCode": "hopper","outputCodeNew": "vanvar:hopper-iron","ingredients": [{ "ingredientCode": "metalplate-*", "Code": "metalplate-iron" }]},
    {"type": "Copy","conditions": [{ "when": "VanillaVariants_Hopper_Enabled", "isValue": "true" },{ "when": "VanillaVariants-craftable-hopper-meteoriciron", "isValue": "true" }],"outputCode": "hopper","outputCodeNew": "vanvar:hopper-meteoriciron","ingredients": [{ "ingredientCode": "metalplate-*", "Code": "metalplate-meteoriciron" }]},
    {"type": "Copy","conditions": [{ "when": "VanillaVariants_Hopper_Enabled", "isValue": "true" },{ "when": "VanillaVariants-craftable-hopper-lead", "isValue": "true" }],"outputCode": "hopper","outputCodeNew": "vanvar:hopper-lead","ingredients": [{ "ingredientCode": "metalplate-*", "Code": "metalplate-lead" }]},
    {"type": "Copy","conditions": [{ "when": "VanillaVariants_Hopper_Enabled", "isValue": "true" },{ "when": "VanillaVariants-craftable-hopper-molybdochalkos", "isValue": "true" }],"outputCode": "hopper","outputCodeNew": "vanvar:hopper-molybdochalkos","ingredients": [{ "ingredientCode": "metalplate-*", "Code": "metalplate-molybdochalkos" }]},
    {"type": "Copy","conditions": [{ "when": "VanillaVariants_Hopper_Enabled", "isValue": "true" },{ "when": "VanillaVariants-craftable-hopper-platinum", "isValue": "true" }],"outputCode": "hopper","outputCodeNew": "vanvar:hopper-platinum","ingredients": [{ "ingredientCode": "metalplate-*", "Code": "metalplate-platinum" }]},
    {"type": "Copy","conditions": [{ "when": "VanillaVariants_Hopper_Enabled", "isValue": "true" },{ "when": "VanillaVariants-craftable-hopper-nickel", "isValue": "true" }],"outputCode": "hopper","outputCodeNew": "vanvar:hopper-nickel","ingredients": [{ "ingredientCode": "metalplate-*", "Code": "metalplate-nickel" }]},
    {"type": "Copy","conditions": [{ "when": "VanillaVariants_Hopper_Enabled", "isValue": "true" },{ "when": "VanillaVariants-craftable-hopper-silver", "isValue": "true" }],"outputCode": "hopper","outputCodeNew": "vanvar:hopper-silver","ingredients": [{ "ingredientCode": "metalplate-*", "Code": "metalplate-silver" }]},
    {"type": "Copy","conditions": [{ "when": "VanillaVariants_Hopper_Enabled", "isValue": "true" },{ "when": "VanillaVariants-craftable-hopper-stainlesssteel", "isValue": "true" }],"outputCode": "hopper","outputCodeNew": "vanvar:hopper-stainlesssteel","ingredients": [{ "ingredientCode": "metalplate-*", "Code": "metalplate-stainlesssteel" }]},
    {"type": "Copy","conditions": [{ "when": "VanillaVariants_Hopper_Enabled", "isValue": "true" },{ "when": "VanillaVariants-craftable-hopper-steel", "isValue": "true" }],"outputCode": "hopper","outputCodeNew": "vanvar:hopper-steel","ingredients": [{ "ingredientCode": "metalplate-*", "Code": "metalplate-steel" }]},
    {"type": "Copy","conditions": [{ "when": "VanillaVariants_Hopper_Enabled", "isValue": "true" },{ "when": "VanillaVariants-craftable-hopper-tin", "isValue": "true" }],"outputCode": "hopper","outputCodeNew": "vanvar:hopper-tin","ingredients": [{ "ingredientCode": "metalplate-*", "Code": "metalplate-tin" }]},
    {"type": "Copy","conditions": [{ "when": "VanillaVariants_Hopper_Enabled", "isValue": "true" },{ "when": "VanillaVariants-craftable-hopper-tinbronze", "isValue": "true" }],"outputCode": "hopper","outputCodeNew": "vanvar:hopper-tinbronze","ingredients": [{ "ingredientCode": "metalplate-*", "Code": "metalplate-tinbronze" }]},
    {"type": "Copy","conditions": [{ "when": "VanillaVariants_Hopper_Enabled", "isValue": "true" },{ "when": "VanillaVariants-craftable-hopper-titanium", "isValue": "true" }],"outputCode": "hopper","outputCodeNew": "vanvar:hopper-titanium","ingredients": [{ "ingredientCode": "metalplate-*", "Code": "metalplate-titanium" }]},
    {"type": "Copy","conditions": [{ "when": "VanillaVariants_Hopper_Enabled", "isValue": "true" },{ "when": "VanillaVariants-craftable-hopper-uranium", "isValue": "true" }],"outputCode": "hopper","outputCodeNew": "vanvar:hopper-uranium","ingredients": [{ "ingredientCode": "metalplate-*", "Code": "metalplate-uranium" }]},
    {"type": "Copy","conditions": [{ "when": "VanillaVariants_Hopper_Enabled", "isValue": "true" },{ "when": "VanillaVariants-craftable-hopper-zinc", "isValue": "true" }],"outputCode": "hopper","outputCodeNew": "vanvar:hopper-zinc","ingredients": [{ "ingredientCode": "metalplate-*", "Code": "metalplate-zinc" }]}
]
