[
    {
        "ingredientPattern": "WM_,_W_,__W",
        "ingredients": {
            "W": {
                "type": "block",
                "code": "game:supportbeam-*",
                "name": "wood",
                "allowedVariants": ["birch", "oak", "maple", "pine", "acacia", "kapok", "baldcypress", "larch", "redwood", "ebony", "walnut", "purpleheart"]
            },
            "M": { "type": "item", "code": "game:metalnailsandstrips-*" }
        },
        "shapeless": true,
        "width": 3,
        "height": 3,
        "output": { "type": "block", "code": "heraldrybanners:pole-banner-ceiling-east", "attributes": { "types": { "wood": "{wood}" } } }
    }
]
