﻿{
  "code": "armor",
  "class": "CombatOverhaul:WearableArmor",
  "variantgroups": [
    {"code": "bodypart", "states": ["torso", "arms", "hands"]},
    {"code": "construction", "states": ["chain"]},
    {"code": "material", "states": ["copper", "tinbronze", "bismuthbronze", "blackbronze", "iron", "meteoriciron", "steel", "gold", "silver"]},
    {"code": "subtype", "states": ["vanilla"]}
  ],
  "skipVariants": [],
  "shapeByType": {"*": {"base": "armor/{construction}/{bodypart}"}},
  "texturesByType": {"*": {"seraph": {"base": "game:block/transparent"}, "material": {"baseByType": {"*": "armor/{construction}/{material}"}}}},
  "storageFlags": 128,
  "attributes": {
    "visibleDamageEffect": true,
    "materialCountByType": {"*-torso-*": 8, "*-arms-*": 4, "*-hands-*": 4, "*-legs-*": 4, "*-feet-*": 4},
    "clothesCategoryByType": {"armor-torso-*": "armorbody", "armor-arms-*": "armorbody", "armor-hands-*": "armorbody", "armor-legs-*": "armorlegs", "armor-feet-*": "armorlegs"},
    "attachableToEntity": {
      "texturePrefixCode": "armor-{bodypart}-{construction}-{material}",
      "disableElementsByType": {"*-torso-*": ["Waist", "hideupperarm", "hidelowerarm"], "*-feet-*": ["hideshoeL", "hideshoeR"]},
      "keepElementsByType": {"*": []}
    },
    "footStepSoundByType": {"*-torso-*": "game:wearable/chain*"}
  },
  "behaviors": [
    {
      "name": "CombatOverhaul:Armor",
      "properties": {
        "Layers": ["Middle"],
        "ZonesByType": {"*-torso-*": ["Torso"], "*-arms-*": ["Arms"], "*-hands-*": ["Hands"], "*-legs-*": ["Legs"], "*-feet-*": ["Feet"]},
        "ResistsByType": {
          "*-copper-*": {"PiercingAttack": 0, "SlashingAttack": 2, "BluntAttack": 0},
          "*-*bronze-*": {"PiercingAttack": 1, "SlashingAttack": 3, "BluntAttack": 0},
          "*-*iron-*": {"PiercingAttack": 2, "SlashingAttack": 4, "BluntAttack": 0},
          "*-steel-*": {"PiercingAttack": 3, "SlashingAttack": 5, "BluntAttack": 0},
          "*-gold-*": {"PiercingAttack": 0, "SlashingAttack": 2, "BluntAttack": 0},
          "*-silver-*": {"PiercingAttack": 0, "SlashingAttack": 2, "BluntAttack": 0}
        },
        "FlatReduction": {},
        "PlayerStatsByType": {
          "*-torso-*": {"walkspeed": 0, "manipulationSpeed": 0, "steadyAim": -0.02, "healingeffectivness": -0.03, "hungerrate": 0.03},
          "*-arms-*": {"walkspeed": 0, "manipulationSpeed": -0.02, "steadyAim": -0.02, "healingeffectivness": -0.03, "hungerrate": 0.03},
          "*-hands-*": {"walkspeed": 0, "manipulationSpeed": -0.02, "steadyAim": -0.02, "healingeffectivness": -0.03, "hungerrate": 0.03}
        }
      }
    }
  ],
  "durabilityByType": {
    "*-gold-*": 800,
    "*-silver-*": 1400,
    "*-copper-*": 1200,
    "*-tinbronze-*": 1400,
    "*-bismuthbronze-*": 1300,
    "*-blackbronze-*": 1500,
    "*-iron-*": 1600,
    "*-meteoriciron-*": 1800,
    "*-steel-*": 4000
  },
  "creativeinventory": {"general": ["*"], "armory-armor": ["*"]},
  "renderAlphaTest": 0.25,
  "heldTpIdleAnimation": "holdunderarm",
  "tpHandTransformByType": {
    "*-torso-*": {"translation": {"x": -1, "y": -1.9, "z": -0.5}, "rotation": {"x": 97, "y": -168, "z": 94}, "origin": {"x": 0.5, "y": 1.5, "z": 0.5}, "scale": 0.67},
    "*-legs-*": {"translation": {"x": -0.7, "y": -0.6, "z": -0.4}, "rotation": {"x": 95, "y": -20, "z": -91}, "origin": {"x": 0.5, "y": 0.7, "z": 0.5}, "scale": 0.74},
    "*": {"translation": {"x": -1, "y": -1.9, "z": -0.5}, "rotation": {"x": 97, "y": -168, "z": 94}, "origin": {"x": 0.5, "y": 1.5, "z": 0.5}, "scale": 0.67}
  },
  "guiTransformByType": {
    "*-torso-*": {"translation": {"x": 3, "y": 0, "z": 0}, "rotation": {"x": -26, "y": -46, "z": -180}, "origin": {"x": 0.5, "y": 1.11, "z": 0.5}, "scale": 1.37},
    "*-arms-*": {
      "translation": {"x": 0, "y": 0, "z": 0},
      "rotation": {"x": -26, "y": -46, "z": -180},
      "origin": {"x": 0.5, "y": 1.4, "z": 0.5},
      "scaleXyz": {"x": -1.96, "y": 1.96, "z": 1.96}
    },
    "*-hands-*": {
      "translation": {"x": 1, "y": 0, "z": 0},
      "rotation": {"x": -26, "y": -46, "z": -180},
      "origin": {"x": 0.5, "y": 0.9, "z": 0.5},
      "scaleXyz": {"x": -1.81, "y": 1.81, "z": 1.81}
    },
    "*-legs-*": {
      "translation": {"x": 1, "y": 0, "z": 0},
      "rotation": {"x": -26, "y": -46, "z": -180},
      "origin": {"x": 0.5, "y": 0.75, "z": 0.5},
      "scaleXyz": {"x": -1.78, "y": 1.78, "z": 1.78}
    },
    "*-feet-*": {
      "translation": {"x": 1, "y": 0, "z": 0},
      "rotation": {"x": -26, "y": -46, "z": -180},
      "origin": {"x": 0.5, "y": 0.3, "z": 0.5},
      "scaleXyz": {"x": -1.88, "y": 1.88, "z": 1.88}
    }
  },
  "groundTransformByType": {
    "*-body-*": {"translation": {"x": 0, "y": 0, "z": 0}, "rotation": {"x": 0, "y": 0, "z": 90}, "origin": {"x": 0.34, "y": 1.12, "z": 0.5}, "scale": 3.1},
    "*-legs-*": {"translation": {"x": 0, "y": 0, "z": 0}, "rotation": {"x": 0, "y": 0, "z": 90}, "origin": {"x": 0.34, "y": 1.12, "z": 0.5}, "scale": 3.1},
    "*": {"translation": {"x": 0, "y": 0, "z": 0}, "rotation": {"x": 0, "y": 0, "z": 90}, "origin": {"x": 0.34, "y": 1.12, "z": 0.5}, "scale": 3.1}
  }
}