[
  {
    "file": "fagothic:itemtypes/wearable/gothic/fa-gothic-head",
    "op": "addmerge",
    "path": "/behaviors",
    "dependsOn": [{ "modId": "combatoverhaul" }],
    "value": [
      {
        "name": "CombatOverhaul:Armor",
        "propertiesByType": {
          "fa-gothic-head-*-steel-*": {
            "Layers": ["Outer"],
            "Zones": ["Head", "Neck", "Face"],
            "Resists": {
              "PiercingAttack": 7,
              "SlashingAttack": 7,
              "BluntAttack": 6
            },
            "FlatReduction": {},
            "PlayerStats": {
              "walkspeed": 0,
              "manipulationSpeed": 0,
              "steadyAim": -0.15,
              "healingeffectivness": -0.09,
              "hungerrate": 0.15
            }
          },
          "fa-gothic-head-*-*iron-*": {
            "Layers": ["Outer"],
            "Zones": ["Head", "Neck", "Face"],
            "Resists": {
              "PiercingAttack": 6,
              "SlashingAttack": 6,
              "BluntAttack": 5
            },
            "FlatReduction": {},
            "PlayerStats": {
              "walkspeed": 0,
              "manipulationSpeed": 0,
              "steadyAim": -0.15,
              "healingeffectivness": -0.09,
              "hungerrate": 0.15
            }
          }
        },
      }
    ]
  },
  {
    "file": "fagothic:itemtypes/wearable/gothic/fa-gothic-head",
    "op": "replace",
    "path": "/durabilityByType",
    "dependsOn": [{ "modId": "combatoverhaul" }],
    "value": {
        "fa-gothic-head-*-steel-*": 13000,
        "fa-gothic-head-*-meteoriciron-*": 7500,
        "fa-gothic-head-*-iron-*": 6200
    }
  },
  {
    "file": "fagothic:itemtypes/wearable/gothic/fa-gothic-head",
    "dependsOn": [{ "modId": "combatoverhaul" }],
    "op": "replace",
    "path": "/attributes/protectionModifiersByType",
    "value": { "*": null }
  },
  {
    "file": "fagothic:itemtypes/wearable/gothic/fa-gothic-head",
    "dependsOn": [{ "modId": "combatoverhaul" }],
    "op": "replace",
    "path": "/attributes/statModifiersByType",
    "value": { "*": null }
  },
  {
    "file": "fagothic:itemtypes/wearable/gothic/fa-gothic-head",
    "dependsOn": [{ "modId": "combatoverhaul" }],
    "op": "replace",
    "path": "/class",
    "value": "CombatOverhaul:WearableArmor"
  },
  {
    "file": "fagothic:itemtypes/wearable/gothic/fa-gothic-head",
    "dependsOn": [{ "modId": "combatoverhaul" }],
    "op": "add",
    "path": "/attributes/materialCountByType",
    "value": { "*-head-*": 8 }
  },  

]
