[
  {
    "file": "fagothic:itemtypes/wearable/gothic/fa-gothic-body",
    "op": "addmerge",
    "path": "/behaviors",
    "dependsOn": [{ "modId": "combatoverhaul" }],
    "value": [
      {
        "name": "CombatOverhaul:Armor",
        "propertiesByType": {
          "fa-gothic-body-steel-*": {
            "Layers": ["Outer"],
            "Zones": ["Torso", "Arms", "Hands"],
            "Resists": {
              "PiercingAttack": 7,
              "SlashingAttack": 7,
              "BluntAttack": 6
            },
            "FlatReduction": {},
            "PlayerStats": {
              "walkspeed": -0.03,
              "manipulationSpeed": -0.13,
              "steadyAim": -0.20,
              "healingeffectivness": -0.09,
              "hungerrate": 0.15
            }
          },
          "fa-gothic-body-*iron-*": {
            "Layers": ["Outer"],
            "Zones": ["Torso", "Arms", "Hands"],
            "Resists": {
              "PiercingAttack": 6,
              "SlashingAttack": 6,
              "BluntAttack": 5
            },
            "FlatReduction": {},
            "PlayerStats": {
              "walkspeed": -0.03,
              "manipulationSpeed": -0.13,
              "steadyAim": -0.20,
              "healingeffectivness": -0.09,
              "hungerrate": 0.15
            }
          }
        }
      }
    ]
  },
  {
    "file": "fagothic:itemtypes/wearable/gothic/fa-gothic-body",
    "op": "replace",
    "path": "/durabilityByType",
    "dependsOn": [{ "modId": "combatoverhaul" }],
    "value": {
        "fa-gothic-body-steel-*": 35000,
        "fa-gothic-body-meteoriciron-*": 18000,
        "fa-gothic-body-iron-*": 15000
    }
  },
  {
    "file": "fagothic:itemtypes/wearable/gothic/fa-gothic-body",
    "dependsOn": [{ "modId": "combatoverhaul" }],
    "op": "replace",
    "path": "/attributes/protectionModifiersByType",
    "value": { "*": null }
  },
  {
    "file": "fagothic:itemtypes/wearable/gothic/fa-gothic-body",
    "dependsOn": [{ "modId": "combatoverhaul" }],
    "op": "replace",
    "path": "/attributes/statModifiersByType",
    "value": { "*": null }
  },
  {
    "file": "fagothic:itemtypes/wearable/gothic/fa-gothic-body",
    "dependsOn": [{ "modId": "combatoverhaul" }],
    "op": "replace",
    "path": "/class",
    "value": "CombatOverhaul:WearableArmor"
  },
  {
    "file": "fagothic:itemtypes/wearable/gothic/fa-gothic-body",
    "dependsOn": [{ "modId": "combatoverhaul" }],
    "op": "add",
    "path": "/attributes/materialCountByType",
    "value": { "*-body-*": 16 }
  },  

]
