[
  {
    "file": "fagothic:itemtypes/wearable/gothic/fa-gothic-legs",
    "op": "addmerge",
    "path": "/behaviors",
    "dependsOn": [{ "modId": "combatoverhaul" }],
    "value": [
      {
        "name": "CombatOverhaul:Armor",
        "propertiesByType": {
          "fa-gothic-legs-steel-*": {
            "Layers": ["Outer"],
            "Zones": ["Legs", "Feet"],
            "Resists": {
              "PiercingAttack": 7,
              "SlashingAttack": 7,
              "BluntAttack": 6
            },
            "FlatReduction": {},
            "PlayerStats": {
              "walkspeed": -0.06,
              "manipulationSpeed": 0,
              "steadyAim": 0,
              "healingeffectivness": -0.06,
              "hungerrate": 0.10
            }
          },
          "fa-gothic-legs-*iron-*": {
            "Layers": ["Outer"],
            "Zones": ["Legs", "Feet"],
            "Resists": {
              "PiercingAttack": 6,
              "SlashingAttack": 6,
              "BluntAttack": 5
            },
            "FlatReduction": {},
            "PlayerStats": {
              "walkspeed": -0.06,
              "manipulationSpeed": 0,
              "steadyAim": 0,
              "healingeffectivness": -0.06,
              "hungerrate": 0.10
            }
          }
        }
      }
    ]
  },
  {
    "file": "fagothic:itemtypes/wearable/gothic/fa-gothic-legs",
    "op": "replace",
    "path": "/durabilityByType",
    "dependsOn": [{ "modId": "combatoverhaul" }],
    "value": {
        "fa-gothic-legs-steel-*": 25000,
        "fa-gothic-legs-meteoriciron-*": 13000,
        "fa-gothic-legs-iron-*": 10500,
    }
  },
  {
    "file": "fagothic:itemtypes/wearable/gothic/fa-gothic-legs",
    "dependsOn": [{ "modId": "combatoverhaul" }],
    "op": "replace",
    "path": "/attributes/protectionModifiersByType",
    "value": { "*": null }
  },
  {
    "file": "fagothic:itemtypes/wearable/gothic/fa-gothic-legs",
    "dependsOn": [{ "modId": "combatoverhaul" }],
    "op": "replace",
    "path": "/attributes/statModifiersByType",
    "value": { "*": null }
  },
  {
    "file": "fagothic:itemtypes/wearable/gothic/fa-gothic-legs",
    "dependsOn": [{ "modId": "combatoverhaul" }],
    "op": "replace",
    "path": "/class",
    "value": "CombatOverhaul:WearableArmor"
  },
  {
    "file": "fagothic:itemtypes/wearable/gothic/fa-gothic-legs",
    "dependsOn": [{ "modId": "combatoverhaul" }],
    "op": "add",
    "path": "/attributes/materialCountByType",
    "value": { "*-legs-*": 8 }
  },  

]
