{
	"editor": {
		"backDropShape": "entity/land/cart1",
		"collapsedPaths": "Root/ORIGIN/LeftBeam",
		"allAngles": false,
		"entityTextureMode": false
	},
	"textureWidth": 16,
	"textureHeight": 16,
	"textureSizes": {
		"oak-h": [16,16],
		"canopycolor": [16,16],
		"mordant": [16,16],
		"mordant2": [16,16]
	},
	"textures": {
		"mordant": "game:block/cloth/linen/mordant",
		"mordant2": "game:block/cloth/pelt"
	},
	"elements": [
		{
			"name": "ORIGIN",
			"from": [ 0.0, 0.0, 0.0 ],
			"to": [ 1.0, 1.0, 1.0 ],
			"faces": {
			},
			"children": [
				{
					"name": "Top",
					"from": [ 1.0, 3.0, 1.5 ],
					"to": [ 15.0, 4.0, 14.5 ],
					"rotationOrigin": [ 1.0, 3.0, 1.5 ],
					"faces": {
						"north": { "texture": "#canopycolor", "uv": [ 0.0, 0.0, 14.0, 1.0 ] },
						"east": { "texture": "#canopycolor", "uv": [ 0.0, 0.0, 13.0, 1.0 ] },
						"south": { "texture": "#canopycolor", "uv": [ 0.0, 0.0, 14.0, 1.0 ] },
						"west": { "texture": "#canopycolor", "uv": [ 0.0, 0.0, 13.0, 1.0 ] },
						"up": { "texture": "#canopycolor", "uv": [ 0.0, 0.0, 14.0, 13.0 ] },
						"down": { "texture": "#canopycolor", "uv": [ 0.0, 0.0, 14.0, 13.0 ] }
					},
					"children": [
						{
							"name": "Beam",
							"from": [ -3.1, -2.0, 0.0 ],
							"to": [ -1.1, 14.0, 1.5 ],
							"rotationOrigin": [ -1.1, -2.0, 0.0 ],
							"rotationZ": -90.0,
							"faces": {
								"north": { "texture": "#oak-h", "uv": [ 0.0, 0.0, 16.0, 2.0 ], "rotation": 90 },
								"east": { "texture": "#oak-h", "uv": [ 0.0, 0.0, 16.0, 1.5 ], "rotation": 90 },
								"south": { "texture": "#oak-h", "uv": [ 0.0, 0.0, 16.0, 2.0 ], "rotation": 90 },
								"west": { "texture": "#oak-h", "uv": [ 0.0, 0.0, 16.0, 1.5 ], "rotation": 90 },
								"up": { "texture": "#oak-h", "uv": [ 0.0, 0.0, 1.5, 2.0 ], "rotation": 90 },
								"down": { "texture": "#oak-h", "uv": [ 0.0, 0.0, 1.5, 2.0 ], "rotation": 90 }
							}
						},
						{
							"name": "Beam2",
							"from": [ -3.0, -2.0, 11.5 ],
							"to": [ -1.0, 14.0, 13.0 ],
							"rotationOrigin": [ -1.0, -2.0, 11.5 ],
							"rotationZ": -90.0,
							"faces": {
								"north": { "texture": "#oak-h", "uv": [ 0.0, 0.0, 16.0, 2.0 ], "rotation": 90 },
								"east": { "texture": "#oak-h", "uv": [ 0.0, 0.0, 16.0, 1.5 ], "rotation": 90 },
								"south": { "texture": "#oak-h", "uv": [ 0.0, 0.0, 16.0, 2.0 ], "rotation": 90 },
								"west": { "texture": "#oak-h", "uv": [ 0.0, 0.0, 16.0, 1.5 ], "rotation": 90 },
								"up": { "texture": "#oak-h", "uv": [ 0.0, 0.0, 1.5, 2.0 ], "rotation": 90 },
								"down": { "texture": "#oak-h", "uv": [ 0.0, 0.0, 1.5, 2.0 ], "rotation": 90 }
							}
						},
						{
							"name": "Beam3",
							"from": [ -3.0, -2.0, 1.7 ],
							"to": [ -1.0, 14.0, 3.2 ],
							"rotationOrigin": [ -1.0, -2.0, 1.7 ],
							"rotationZ": -90.0,
							"faces": {
								"north": { "texture": "#oak-h", "uv": [ 0.0, 0.0, 16.0, 2.0 ], "rotation": 90 },
								"east": { "texture": "#oak-h", "uv": [ 0.0, 0.0, 16.0, 1.5 ], "rotation": 90 },
								"south": { "texture": "#oak-h", "uv": [ 0.0, 0.0, 16.0, 2.0 ], "rotation": 90 },
								"west": { "texture": "#oak-h", "uv": [ 0.0, 0.0, 16.0, 1.5 ], "rotation": 90 },
								"up": { "texture": "#oak-h", "uv": [ 0.0, 0.0, 1.5, 2.0 ], "rotation": 90 },
								"down": { "texture": "#oak-h", "uv": [ 0.0, 0.0, 1.5, 2.0 ], "rotation": 90 }
							}
						},
						{
							"name": "Beam4",
							"from": [ -3.0, -2.0, 8.3 ],
							"to": [ -1.0, 14.0, 9.8 ],
							"rotationOrigin": [ -1.0, -2.0, 8.3 ],
							"rotationZ": -90.0,
							"faces": {
								"north": { "texture": "#oak-h", "uv": [ 0.0, 0.0, 16.0, 2.0 ], "rotation": 90 },
								"east": { "texture": "#oak-h", "uv": [ 0.0, 0.0, 16.0, 1.5 ], "rotation": 90 },
								"south": { "texture": "#oak-h", "uv": [ 0.0, 0.0, 16.0, 2.0 ], "rotation": 90 },
								"west": { "texture": "#oak-h", "uv": [ 0.0, 0.0, 16.0, 1.5 ], "rotation": 90 },
								"up": { "texture": "#oak-h", "uv": [ 0.0, 0.0, 1.5, 2.0 ], "rotation": 90 },
								"down": { "texture": "#oak-h", "uv": [ 0.0, 0.0, 1.5, 2.0 ], "rotation": 90 }
							}
						},
						{
							"name": "Beam5",
							"from": [ -2.8, -2.0, 5.05 ],
							"to": [ -0.8, 14.0, 6.55 ],
							"rotationOrigin": [ -0.8, -2.0, 5.1 ],
							"rotationZ": -90.0,
							"faces": {
								"north": { "texture": "#oak-h", "uv": [ 0.0, 0.0, 16.0, 2.0 ], "rotation": 90 },
								"east": { "texture": "#oak-h", "uv": [ 0.0, 0.0, 16.0, 1.5 ], "rotation": 90 },
								"south": { "texture": "#oak-h", "uv": [ 0.0, 0.0, 16.0, 2.0 ], "rotation": 90 },
								"west": { "texture": "#oak-h", "uv": [ 0.0, 0.0, 16.0, 1.5 ], "rotation": 90 },
								"up": { "texture": "#oak-h", "uv": [ 0.0, 0.0, 1.5, 2.0 ], "rotation": 90 },
								"down": { "texture": "#oak-h", "uv": [ 0.0, 0.0, 1.5, 2.0 ], "rotation": 90 }
							}
						},
						{
							"name": "Beam19",
							"from": [ -2.9, -2.0, 3.4 ],
							"to": [ -0.9, 14.0, 4.9 ],
							"rotationOrigin": [ -0.9, -2.0, 3.4 ],
							"rotationZ": -90.0,
							"faces": {
								"north": { "texture": "#oak-h", "uv": [ 0.0, 0.0, 16.0, 2.0 ], "rotation": 90 },
								"east": { "texture": "#oak-h", "uv": [ 0.0, 0.0, 16.0, 1.5 ], "rotation": 90 },
								"south": { "texture": "#oak-h", "uv": [ 0.0, 0.0, 16.0, 2.0 ], "rotation": 90 },
								"west": { "texture": "#oak-h", "uv": [ 0.0, 0.0, 16.0, 1.5 ], "rotation": 90 },
								"up": { "texture": "#oak-h", "uv": [ 0.0, 0.0, 1.5, 2.0 ], "rotation": 90 },
								"down": { "texture": "#oak-h", "uv": [ 0.0, 0.0, 1.5, 2.0 ], "rotation": 90 }
							}
						},
						{
							"name": "Beam20",
							"from": [ -3.1, -2.0, 6.75 ],
							"to": [ -1.1, 14.0, 8.25 ],
							"rotationOrigin": [ -1.1, -2.0, 6.8 ],
							"rotationZ": -90.0,
							"faces": {
								"north": { "texture": "#oak-h", "uv": [ 0.0, 0.0, 16.0, 2.0 ], "rotation": 90 },
								"east": { "texture": "#oak-h", "uv": [ 0.0, 0.0, 16.0, 1.5 ], "rotation": 90 },
								"south": { "texture": "#oak-h", "uv": [ 0.0, 0.0, 16.0, 2.0 ], "rotation": 90 },
								"west": { "texture": "#oak-h", "uv": [ 0.0, 0.0, 16.0, 1.5 ], "rotation": 90 },
								"up": { "texture": "#oak-h", "uv": [ 0.0, 0.0, 1.5, 2.0 ], "rotation": 90 },
								"down": { "texture": "#oak-h", "uv": [ 0.0, 0.0, 1.5, 2.0 ], "rotation": 90 }
							}
						},
						{
							"name": "Beam21",
							"from": [ -3.0, -2.0, 9.95 ],
							"to": [ -1.0, 14.0, 11.45 ],
							"rotationOrigin": [ -1.0, -2.0, 10.0 ],
							"rotationZ": -90.0,
							"faces": {
								"north": { "texture": "#oak-h", "uv": [ 0.0, 0.0, 16.0, 2.0 ], "rotation": 90 },
								"east": { "texture": "#oak-h", "uv": [ 0.0, 0.0, 16.0, 1.5 ], "rotation": 90 },
								"south": { "texture": "#oak-h", "uv": [ 0.0, 0.0, 16.0, 2.0 ], "rotation": 90 },
								"west": { "texture": "#oak-h", "uv": [ 0.0, 0.0, 16.0, 1.5 ], "rotation": 90 },
								"up": { "texture": "#oak-h", "uv": [ 0.0, 0.0, 1.5, 2.0 ], "rotation": 90 },
								"down": { "texture": "#oak-h", "uv": [ 0.0, 0.0, 1.5, 2.0 ], "rotation": 90 }
							}
						}
					]
				},
				{
					"name": "Top4",
					"from": [ 1.0, 0.0, 1.5 ],
					"to": [ 15.0, 1.0, 14.5 ],
					"rotationOrigin": [ 1.0, 0.0, 1.5 ],
					"faces": {
						"north": { "texture": "#canopycolor", "uv": [ 0.0, 0.0, 14.0, 1.0 ] },
						"east": { "texture": "#canopycolor", "uv": [ 0.0, 0.0, 13.0, 1.0 ] },
						"south": { "texture": "#canopycolor", "uv": [ 0.0, 0.0, 14.0, 1.0 ] },
						"west": { "texture": "#canopycolor", "uv": [ 0.0, 0.0, 13.0, 1.0 ] },
						"up": { "texture": "#canopycolor", "uv": [ 0.0, 0.0, 14.0, 13.0 ] },
						"down": { "texture": "#canopycolor", "uv": [ 0.0, 0.0, 14.0, 13.0 ] }
					}
				},
				{
					"name": "Top2",
					"from": [ 1.0, 6.0, 1.5 ],
					"to": [ 15.0, 7.0, 14.5 ],
					"rotationOrigin": [ 1.0, 6.0, 1.5 ],
					"faces": {
						"north": { "texture": "#canopycolor", "uv": [ 0.0, 0.0, 14.0, 1.0 ] },
						"east": { "texture": "#canopycolor", "uv": [ 0.0, 0.0, 13.0, 1.0 ] },
						"south": { "texture": "#canopycolor", "uv": [ 0.0, 0.0, 14.0, 1.0 ] },
						"west": { "texture": "#canopycolor", "uv": [ 0.0, 0.0, 13.0, 1.0 ] },
						"up": { "texture": "#canopycolor", "uv": [ 0.0, 0.0, 14.0, 13.0 ] },
						"down": { "texture": "#canopycolor", "uv": [ 0.0, 0.0, 14.0, 13.0 ] }
					},
					"children": [
						{
							"name": "Beam6",
							"from": [ -3.0, -2.0, 0.5 ],
							"to": [ -1.0, 14.0, 2.0 ],
							"rotationOrigin": [ -1.0, -2.0, 0.5 ],
							"rotationZ": -90.0,
							"faces": {
								"north": { "texture": "#oak-h", "uv": [ 0.0, 0.0, 16.0, 2.0 ], "rotation": 90 },
								"east": { "texture": "#oak-h", "uv": [ 0.0, 0.0, 16.0, 1.5 ], "rotation": 90 },
								"south": { "texture": "#oak-h", "uv": [ 0.0, 0.0, 16.0, 2.0 ], "rotation": 90 },
								"west": { "texture": "#oak-h", "uv": [ 0.0, 0.0, 16.0, 1.5 ], "rotation": 90 },
								"up": { "texture": "#oak-h", "uv": [ 0.0, 0.0, 1.5, 2.0 ], "rotation": 90 },
								"down": { "texture": "#oak-h", "uv": [ 0.0, 0.0, 1.5, 2.0 ], "rotation": 90 }
							}
						},
						{
							"name": "Beam7",
							"from": [ -2.9, -2.0, 11.0 ],
							"to": [ -0.9, 14.0, 12.5 ],
							"rotationOrigin": [ -0.9, -2.0, 11.0 ],
							"rotationZ": -90.0,
							"faces": {
								"north": { "texture": "#oak-h", "uv": [ 0.0, 0.0, 16.0, 2.0 ], "rotation": 90 },
								"east": { "texture": "#oak-h", "uv": [ 0.0, 0.0, 16.0, 1.5 ], "rotation": 90 },
								"south": { "texture": "#oak-h", "uv": [ 0.0, 0.0, 16.0, 2.0 ], "rotation": 90 },
								"west": { "texture": "#oak-h", "uv": [ 0.0, 0.0, 16.0, 1.5 ], "rotation": 90 },
								"up": { "texture": "#oak-h", "uv": [ 0.0, 0.0, 1.5, 2.0 ], "rotation": 90 },
								"down": { "texture": "#oak-h", "uv": [ 0.0, 0.0, 1.5, 2.0 ], "rotation": 90 }
							}
						},
						{
							"name": "Beam8",
							"from": [ -3.0, -2.0, 2.3 ],
							"to": [ -1.0, 14.0, 3.8 ],
							"rotationOrigin": [ -1.0, -2.0, 2.3 ],
							"rotationZ": -90.0,
							"faces": {
								"north": { "texture": "#oak-h", "uv": [ 0.0, 0.0, 16.0, 2.0 ], "rotation": 90 },
								"east": { "texture": "#oak-h", "uv": [ 0.0, 0.0, 16.0, 1.5 ], "rotation": 90 },
								"south": { "texture": "#oak-h", "uv": [ 0.0, 0.0, 16.0, 2.0 ], "rotation": 90 },
								"west": { "texture": "#oak-h", "uv": [ 0.0, 0.0, 16.0, 1.5 ], "rotation": 90 },
								"up": { "texture": "#oak-h", "uv": [ 0.0, 0.0, 1.5, 2.0 ], "rotation": 90 },
								"down": { "texture": "#oak-h", "uv": [ 0.0, 0.0, 1.5, 2.0 ], "rotation": 90 }
							}
						},
						{
							"name": "Beam9",
							"from": [ -3.1, -2.0, 9.2 ],
							"to": [ -1.1, 14.0, 10.7 ],
							"rotationOrigin": [ -1.1, -2.0, 9.2 ],
							"rotationZ": -90.0,
							"faces": {
								"north": { "texture": "#oak-h", "uv": [ 0.0, 0.0, 16.0, 2.0 ], "rotation": 90 },
								"east": { "texture": "#oak-h", "uv": [ 0.0, 0.0, 16.0, 1.5 ], "rotation": 90 },
								"south": { "texture": "#oak-h", "uv": [ 0.0, 0.0, 16.0, 2.0 ], "rotation": 90 },
								"west": { "texture": "#oak-h", "uv": [ 0.0, 0.0, 16.0, 1.5 ], "rotation": 90 },
								"up": { "texture": "#oak-h", "uv": [ 0.0, 0.0, 1.5, 2.0 ], "rotation": 90 },
								"down": { "texture": "#oak-h", "uv": [ 0.0, 0.0, 1.5, 2.0 ], "rotation": 90 }
							}
						},
						{
							"name": "Beam10",
							"from": [ -3.0, -2.0, 5.75 ],
							"to": [ -1.0, 14.0, 7.25 ],
							"rotationOrigin": [ -1.0, -2.0, 5.8 ],
							"rotationZ": -90.0,
							"faces": {
								"north": { "texture": "#oak-h", "uv": [ 0.0, 0.0, 16.0, 2.0 ], "rotation": 90 },
								"east": { "texture": "#oak-h", "uv": [ 0.0, 0.0, 16.0, 1.5 ], "rotation": 90 },
								"south": { "texture": "#oak-h", "uv": [ 0.0, 0.0, 16.0, 2.0 ], "rotation": 90 },
								"west": { "texture": "#oak-h", "uv": [ 0.0, 0.0, 16.0, 1.5 ], "rotation": 90 },
								"up": { "texture": "#oak-h", "uv": [ 0.0, 0.0, 1.5, 2.0 ], "rotation": 90 },
								"down": { "texture": "#oak-h", "uv": [ 0.0, 0.0, 1.5, 2.0 ], "rotation": 90 }
							}
						},
						{
							"name": "Beam17",
							"from": [ -3.0, -2.0, 4.05 ],
							"to": [ -1.0, 14.0, 5.55 ],
							"rotationOrigin": [ -1.0, -2.0, 2.1 ],
							"rotationZ": -90.0,
							"faces": {
								"north": { "texture": "#oak-h", "uv": [ 0.0, 0.0, 16.0, 2.0 ], "rotation": 90 },
								"east": { "texture": "#oak-h", "uv": [ 0.0, 0.0, 16.0, 1.5 ], "rotation": 90 },
								"south": { "texture": "#oak-h", "uv": [ 0.0, 0.0, 16.0, 2.0 ], "rotation": 90 },
								"west": { "texture": "#oak-h", "uv": [ 0.0, 0.0, 16.0, 1.5 ], "rotation": 90 },
								"up": { "texture": "#oak-h", "uv": [ 0.0, 0.0, 1.5, 2.0 ], "rotation": 90 },
								"down": { "texture": "#oak-h", "uv": [ 0.0, 0.0, 1.5, 2.0 ], "rotation": 90 }
							}
						},
						{
							"name": "Beam18",
							"from": [ -2.9, -2.0, 7.45 ],
							"to": [ -0.9, 14.0, 8.95 ],
							"rotationOrigin": [ -0.9, -2.0, 7.5 ],
							"rotationZ": -90.0,
							"faces": {
								"north": { "texture": "#oak-h", "uv": [ 0.0, 0.0, 16.0, 2.0 ], "rotation": 90 },
								"east": { "texture": "#oak-h", "uv": [ 0.0, 0.0, 16.0, 1.5 ], "rotation": 90 },
								"south": { "texture": "#oak-h", "uv": [ 0.0, 0.0, 16.0, 2.0 ], "rotation": 90 },
								"west": { "texture": "#oak-h", "uv": [ 0.0, 0.0, 16.0, 1.5 ], "rotation": 90 },
								"up": { "texture": "#oak-h", "uv": [ 0.0, 0.0, 1.5, 2.0 ], "rotation": 90 },
								"down": { "texture": "#oak-h", "uv": [ 0.0, 0.0, 1.5, 2.0 ], "rotation": 90 }
							}
						}
					]
				},
				{
					"name": "Top5",
					"from": [ 1.0, 1.0, 15.5 ],
					"to": [ 15.0, 2.0, 20.5 ],
					"rotationOrigin": [ 1.0, 1.0, 15.5 ],
					"rotationX": -90.0,
					"faces": {
						"north": { "texture": "#canopycolor", "uv": [ 0.0, 0.0, 14.0, 1.0 ] },
						"east": { "texture": "#canopycolor", "uv": [ 0.0, 0.0, 5.0, 1.0 ] },
						"south": { "texture": "#canopycolor", "uv": [ 0.0, 0.0, 14.0, 1.0 ] },
						"west": { "texture": "#canopycolor", "uv": [ 0.0, 0.0, 5.0, 1.0 ] },
						"up": { "texture": "#canopycolor", "uv": [ 0.0, 0.0, 14.0, 5.0 ] },
						"down": { "texture": "#canopycolor", "uv": [ 0.0, 0.0, 14.0, 5.0 ] }
					}
				},
				{
					"name": "Top6",
					"from": [ 1.0, 0.0, 0.5 ],
					"to": [ 15.0, 1.0, 5.5 ],
					"rotationOrigin": [ 1.0, 1.0, 0.5 ],
					"rotationX": -90.0,
					"faces": {
						"north": { "texture": "#canopycolor", "uv": [ 0.0, 0.0, 14.0, 1.0 ] },
						"east": { "texture": "#canopycolor", "uv": [ 0.0, 0.0, 5.0, 1.0 ] },
						"south": { "texture": "#canopycolor", "uv": [ 0.0, 0.0, 14.0, 1.0 ] },
						"west": { "texture": "#canopycolor", "uv": [ 0.0, 0.0, 5.0, 1.0 ] },
						"up": { "texture": "#canopycolor", "uv": [ 0.0, 0.0, 14.0, 5.0 ] },
						"down": { "texture": "#canopycolor", "uv": [ 0.0, 0.0, 14.0, 5.0 ] }
					}
				},
				{
					"name": "Top7",
					"from": [ 1.0, 0.0, 1.5 ],
					"to": [ 15.0, 1.4, 2.5 ],
					"rotationOrigin": [ 1.0, 0.0, 1.5 ],
					"rotationX": -45.0,
					"faces": {
						"north": { "texture": "#canopycolor", "uv": [ 0.0, 0.0, 14.0, 1.0 ] },
						"east": { "texture": "#canopycolor", "uv": [ 0.0, 0.0, 1.0, 1.0 ] },
						"south": { "texture": "#canopycolor", "uv": [ 0.0, 0.0, 14.0, 1.0 ] },
						"west": { "texture": "#canopycolor", "uv": [ 0.0, 0.0, 1.0, 1.0 ] },
						"up": { "texture": "#canopycolor", "uv": [ 0.0, 0.0, 14.0, 1.0 ] },
						"down": { "texture": "#canopycolor", "uv": [ 0.0, 0.0, 14.0, 1.0 ] }
					}
				},
				{
					"name": "Top10",
					"from": [ 1.0, 0.0, 13.5 ],
					"to": [ 15.0, 1.4, 14.5 ],
					"rotationOrigin": [ 1.0, 0.0, 14.5 ],
					"rotationX": 45.0,
					"faces": {
						"north": { "texture": "#canopycolor", "uv": [ 0.0, 0.0, 14.0, 1.0 ] },
						"east": { "texture": "#canopycolor", "uv": [ 0.0, 0.0, 1.0, 1.0 ] },
						"south": { "texture": "#canopycolor", "uv": [ 0.0, 0.0, 14.0, 1.0 ] },
						"west": { "texture": "#canopycolor", "uv": [ 0.0, 0.0, 1.0, 1.0 ] },
						"up": { "texture": "#canopycolor", "uv": [ 0.0, 0.0, 14.0, 1.0 ] },
						"down": { "texture": "#canopycolor", "uv": [ 0.0, 0.0, 14.0, 1.0 ] }
					}
				},
				{
					"name": "Binding",
					"from": [ 3.0, -0.2, 1.3 ],
					"to": [ 4.0, 7.2, 14.7 ],
					"rotationOrigin": [ 3.0, -0.2, 1.3 ],
					"faces": {
						"north": { "texture": "#mordant", "uv": [ 0.0, 0.0, 7.0, 1.0 ], "rotation": 90 },
						"east": { "texture": "#mordant", "uv": [ 0.0, 0.0, 7.0, 13.0 ], "rotation": 90 },
						"south": { "texture": "#mordant", "uv": [ 0.0, 0.0, 7.0, 1.0 ], "rotation": 90 },
						"west": { "texture": "#mordant", "uv": [ 0.0, 0.0, 7.0, 13.0 ], "rotation": 90 },
						"up": { "texture": "#mordant", "uv": [ 0.0, 0.0, 13.0, 1.0 ], "rotation": 90 },
						"down": { "texture": "#mordant", "uv": [ 0.0, 0.0, 13.0, 1.0 ], "rotation": 90 }
					},
					"children": [
						{
							"name": "Binding3",
							"from": [ 0.0, 1.0, -1.0 ],
							"to": [ 1.0, 6.4, 14.4 ],
							"rotationOrigin": [ 0.0, 1.0, -1.0 ],
							"faces": {
								"north": { "texture": "#mordant", "uv": [ 0.0, 0.0, 5.0, 1.0 ], "rotation": 90 },
								"east": { "texture": "#mordant", "uv": [ 0.0, 0.0, 5.0, 15.0 ], "rotation": 90 },
								"south": { "texture": "#mordant", "uv": [ 0.0, 0.0, 5.0, 1.0 ], "rotation": 90 },
								"west": { "texture": "#mordant", "uv": [ 0.0, 0.0, 5.0, 15.0 ], "rotation": 90 },
								"up": { "texture": "#mordant", "uv": [ 0.0, 0.0, 15.0, 1.0 ], "rotation": 90 },
								"down": { "texture": "#mordant", "uv": [ 0.0, 0.0, 15.0, 1.0 ], "rotation": 90 }
							}
						},
						{
							"name": "Binding4",
							"from": [ 0.001, 6.4, -1.0 ],
							"to": [ 1.001, 7.8, 0.4 ],
							"rotationOrigin": [ 0.0, 6.4, -1.0 ],
							"rotationX": 45.0,
							"faces": {
								"north": { "texture": "#mordant", "uv": [ 0.0, 0.0, 1.0, 1.0 ], "rotation": 90 },
								"east": { "texture": "#mordant", "uv": [ 0.0, 0.0, 1.0, 1.0 ], "rotation": 90 },
								"south": { "texture": "#mordant", "uv": [ 0.0, 0.0, 1.0, 1.0 ], "rotation": 90 },
								"west": { "texture": "#mordant", "uv": [ 0.0, 0.0, 1.0, 1.0 ], "rotation": 90 },
								"up": { "texture": "#mordant", "uv": [ 0.0, 0.0, 1.0, 1.0 ], "rotation": 90 },
								"down": { "texture": "#mordant", "uv": [ 0.0, 0.0, 1.0, 1.0 ], "rotation": 90 }
							},
							"children": [
								{
									"name": "Binding5",
									"from": [ 0.0, -3.8184, 3.8184 ],
									"to": [ 1.0, -2.4184, 5.2184 ],
									"rotationOrigin": [ 0.0, -3.8184, 3.8184 ],
									"faces": {
										"north": { "texture": "#mordant", "uv": [ 0.0, 0.0, 1.0, 1.0 ], "rotation": 90 },
										"east": { "texture": "#mordant", "uv": [ 0.0, 0.0, 1.0, 1.0 ], "rotation": 90 },
										"south": { "texture": "#mordant", "uv": [ 0.0, 0.0, 1.0, 1.0 ], "rotation": 90 },
										"west": { "texture": "#mordant", "uv": [ 0.0, 0.0, 1.0, 1.0 ], "rotation": 90 },
										"up": { "texture": "#mordant", "uv": [ 0.0, 0.0, 1.0, 1.0 ], "rotation": 90 },
										"down": { "texture": "#mordant", "uv": [ 0.0, 0.0, 1.0, 1.0 ], "rotation": 90 }
									}
								}
							]
						},
						{
							"name": "Binding6",
							"from": [ 0.001, 6.4, 12.4 ],
							"to": [ 1.001, 7.8, 13.8 ],
							"rotationOrigin": [ 0.0, 6.4, 12.4 ],
							"rotationX": 45.0,
							"faces": {
								"north": { "texture": "#mordant", "uv": [ 0.0, 0.0, 1.0, 1.0 ], "rotation": 90 },
								"east": { "texture": "#mordant", "uv": [ 0.0, 0.0, 1.0, 1.0 ], "rotation": 90 },
								"south": { "texture": "#mordant", "uv": [ 0.0, 0.0, 1.0, 1.0 ], "rotation": 90 },
								"west": { "texture": "#mordant", "uv": [ 0.0, 0.0, 1.0, 1.0 ], "rotation": 90 },
								"up": { "texture": "#mordant", "uv": [ 0.0, 0.0, 1.0, 1.0 ], "rotation": 90 },
								"down": { "texture": "#mordant", "uv": [ 0.0, 0.0, 1.0, 1.0 ], "rotation": 90 }
							},
							"children": [
								{
									"name": "Binding7",
									"from": [ 0.0, -3.8184, 3.8184 ],
									"to": [ 1.0, -2.4184, 5.2184 ],
									"rotationOrigin": [ 0.0, -3.8184, 3.8184 ],
									"faces": {
										"north": { "texture": "#mordant", "uv": [ 0.0, 0.0, 1.0, 1.0 ], "rotation": 90 },
										"east": { "texture": "#mordant", "uv": [ 0.0, 0.0, 1.0, 1.0 ], "rotation": 90 },
										"south": { "texture": "#mordant", "uv": [ 0.0, 0.0, 1.0, 1.0 ], "rotation": 90 },
										"west": { "texture": "#mordant", "uv": [ 0.0, 0.0, 1.0, 1.0 ], "rotation": 90 },
										"up": { "texture": "#mordant", "uv": [ 0.0, 0.0, 1.0, 1.0 ], "rotation": 90 },
										"down": { "texture": "#mordant", "uv": [ 0.0, 0.0, 1.0, 1.0 ], "rotation": 90 }
									}
								}
							]
						}
					]
				},
				{
					"name": "BindingMid",
					"from": [ 4.0, -0.1, 1.4 ],
					"to": [ 12.2, 7.1, 14.6 ],
					"rotationOrigin": [ 4.0, -0.1, 1.4 ],
					"faces": {
						"north": { "texture": "#mordant2", "uv": [ 0.0, 0.0, 7.0, 8.0 ], "rotation": 90 },
						"east": { "texture": "#mordant2", "uv": [ 0.0, 0.0, 7.0, 13.0 ], "rotation": 90 },
						"south": { "texture": "#mordant2", "uv": [ 0.0, 0.0, 7.0, 8.0 ], "rotation": 90 },
						"west": { "texture": "#mordant2", "uv": [ 0.0, 0.0, 7.0, 13.0 ], "rotation": 90 },
						"up": { "texture": "#mordant2", "uv": [ 0.0, 0.0, 13.0, 8.0 ], "rotation": 90 },
						"down": { "texture": "#mordant2", "uv": [ 0.0, 0.0, 13.0, 8.0 ], "rotation": 90 }
					}
				},
				{
					"name": "Binding11",
					"from": [ 12.0, -0.25, 2.3 ],
					"to": [ 13.0, 7.15, 16.1 ],
					"rotationOrigin": [ 12.0, -0.2, 2.3 ],
					"rotationY": -39.6,
					"faces": {
						"north": { "texture": "#mordant", "uv": [ 0.0, 0.0, 7.0, 1.0 ], "rotation": 90 },
						"east": { "texture": "#mordant", "uv": [ 0.0, 0.0, 7.0, 13.5 ], "rotation": 90 },
						"south": { "texture": "#mordant", "uv": [ 0.0, 0.0, 7.0, 1.0 ], "rotation": 90 },
						"west": { "texture": "#mordant", "uv": [ 0.0, 0.0, 7.0, 13.5 ], "rotation": 90 },
						"up": { "texture": "#mordant", "uv": [ 0.0, 0.0, 13.5, 1.0 ], "rotation": 90 },
						"down": { "texture": "#mordant", "uv": [ 0.0, 0.0, 13.5, 1.0 ], "rotation": 90 }
					}
				},
				{
					"name": "Binding12",
					"from": [ 12.0, -0.25, 15.3 ],
					"to": [ 13.0, 7.15, 29.1 ],
					"rotationOrigin": [ 12.9, -0.2, 14.3 ],
					"rotationY": -139.0,
					"faces": {
						"north": { "texture": "#mordant", "uv": [ 0.0, 0.0, 7.0, 1.0 ], "rotation": 90 },
						"east": { "texture": "#mordant", "uv": [ 0.0, 0.0, 7.0, 13.5 ], "rotation": 90 },
						"south": { "texture": "#mordant", "uv": [ 0.0, 0.0, 7.0, 1.0 ], "rotation": 90 },
						"west": { "texture": "#mordant", "uv": [ 0.0, 0.0, 7.0, 13.5 ], "rotation": 90 },
						"up": { "texture": "#mordant", "uv": [ 0.0, 0.0, 13.5, 1.0 ], "rotation": 90 },
						"down": { "texture": "#mordant", "uv": [ 0.0, 0.0, 13.5, 1.0 ], "rotation": 90 }
					}
				},
				{
					"name": "Top11",
					"from": [ 1.0, 6.0, 14.5 ],
					"to": [ 15.0, 7.4, 15.5 ],
					"rotationOrigin": [ 1.0, 6.0, 15.5 ],
					"rotationX": -45.0,
					"faces": {
						"north": { "texture": "#canopycolor", "uv": [ 0.0, 0.0, 14.0, 1.0 ] },
						"east": { "texture": "#canopycolor", "uv": [ 0.0, 0.0, 1.0, 1.0 ] },
						"south": { "texture": "#canopycolor", "uv": [ 0.0, 0.0, 14.0, 1.0 ] },
						"west": { "texture": "#canopycolor", "uv": [ 0.0, 0.0, 1.0, 1.0 ] },
						"up": { "texture": "#canopycolor", "uv": [ 0.0, 0.0, 14.0, 1.0 ] },
						"down": { "texture": "#canopycolor", "uv": [ 0.0, 0.0, 14.0, 1.0 ] }
					}
				},
				{
					"name": "Top8",
					"from": [ 1.0, 6.0, 0.5 ],
					"to": [ 15.0, 7.4, 1.5 ],
					"rotationOrigin": [ 1.0, 6.0, 0.5 ],
					"rotationX": 45.0,
					"faces": {
						"north": { "texture": "#canopycolor", "uv": [ 0.0, 0.0, 14.0, 1.0 ] },
						"east": { "texture": "#canopycolor", "uv": [ 0.0, 0.0, 1.0, 1.0 ] },
						"south": { "texture": "#canopycolor", "uv": [ 0.0, 0.0, 14.0, 1.0 ] },
						"west": { "texture": "#canopycolor", "uv": [ 0.0, 0.0, 1.0, 1.0 ] },
						"up": { "texture": "#canopycolor", "uv": [ 0.0, 0.0, 14.0, 1.0 ] },
						"down": { "texture": "#canopycolor", "uv": [ 0.0, 0.0, 14.0, 1.0 ] }
					}
				},
				{
					"name": "Binding8",
					"from": [ 12.0, -0.2, 1.3 ],
					"to": [ 13.0, 7.2, 14.7 ],
					"rotationOrigin": [ 12.0, -0.2, 1.3 ],
					"faces": {
						"north": { "texture": "#mordant", "uv": [ 0.0, 0.0, 7.0, 1.0 ], "rotation": 90 },
						"east": { "texture": "#mordant", "uv": [ 0.0, 0.0, 7.0, 13.0 ], "rotation": 90 },
						"south": { "texture": "#mordant", "uv": [ 0.0, 0.0, 7.0, 1.0 ], "rotation": 90 },
						"west": { "texture": "#mordant", "uv": [ 0.0, 0.0, 7.0, 13.0 ], "rotation": 90 },
						"up": { "texture": "#mordant", "uv": [ 0.0, 0.0, 13.0, 1.0 ], "rotation": 90 },
						"down": { "texture": "#mordant", "uv": [ 0.0, 0.0, 13.0, 1.0 ], "rotation": 90 }
					},
					"children": [
						{
							"name": "Binding9",
							"from": [ 0.0, 1.0, -1.0 ],
							"to": [ 1.0, 6.4, 14.4 ],
							"rotationOrigin": [ 0.0, 1.0, -1.0 ],
							"faces": {
								"north": { "texture": "#mordant", "uv": [ 0.0, 0.0, 5.0, 1.0 ], "rotation": 90 },
								"east": { "texture": "#mordant", "uv": [ 0.0, 0.0, 5.0, 15.0 ], "rotation": 90 },
								"south": { "texture": "#mordant", "uv": [ 0.0, 0.0, 5.0, 1.0 ], "rotation": 90 },
								"west": { "texture": "#mordant", "uv": [ 0.0, 0.0, 5.0, 15.0 ], "rotation": 90 },
								"up": { "texture": "#mordant", "uv": [ 0.0, 0.0, 15.0, 1.0 ], "rotation": 90 },
								"down": { "texture": "#mordant", "uv": [ 0.0, 0.0, 15.0, 1.0 ], "rotation": 90 }
							}
						},
						{
							"name": "Binding10",
							"from": [ 0.001, 6.4, -1.0 ],
							"to": [ 1.001, 7.8, 0.4 ],
							"rotationOrigin": [ 0.0, 6.4, -1.0 ],
							"rotationX": 45.0,
							"faces": {
								"north": { "texture": "#mordant", "uv": [ 0.0, 0.0, 1.0, 1.0 ], "rotation": 90 },
								"east": { "texture": "#mordant", "uv": [ 0.0, 0.0, 1.0, 1.0 ], "rotation": 90 },
								"south": { "texture": "#mordant", "uv": [ 0.0, 0.0, 1.0, 1.0 ], "rotation": 90 },
								"west": { "texture": "#mordant", "uv": [ 0.0, 0.0, 1.0, 1.0 ], "rotation": 90 },
								"up": { "texture": "#mordant", "uv": [ 0.0, 0.0, 1.0, 1.0 ], "rotation": 90 },
								"down": { "texture": "#mordant", "uv": [ 0.0, 0.0, 1.0, 1.0 ], "rotation": 90 }
							},
							"children": [
								{
									"name": "Binding13",
									"from": [ 0.0, -3.8184, 3.8184 ],
									"to": [ 1.0, -2.4184, 5.2184 ],
									"rotationOrigin": [ 0.0, -3.8184, 3.8184 ],
									"faces": {
										"north": { "texture": "#mordant", "uv": [ 0.0, 0.0, 1.0, 1.0 ], "rotation": 90 },
										"east": { "texture": "#mordant", "uv": [ 0.0, 0.0, 1.0, 1.0 ], "rotation": 90 },
										"south": { "texture": "#mordant", "uv": [ 0.0, 0.0, 1.0, 1.0 ], "rotation": 90 },
										"west": { "texture": "#mordant", "uv": [ 0.0, 0.0, 1.0, 1.0 ], "rotation": 90 },
										"up": { "texture": "#mordant", "uv": [ 0.0, 0.0, 1.0, 1.0 ], "rotation": 90 },
										"down": { "texture": "#mordant", "uv": [ 0.0, 0.0, 1.0, 1.0 ], "rotation": 90 }
									}
								}
							]
						},
						{
							"name": "Binding14",
							"from": [ 0.001, 6.4, 12.4 ],
							"to": [ 1.001, 7.8, 13.8 ],
							"rotationOrigin": [ 0.0, 6.4, 12.4 ],
							"rotationX": 45.0,
							"faces": {
								"north": { "texture": "#mordant", "uv": [ 0.0, 0.0, 1.0, 1.0 ], "rotation": 90 },
								"east": { "texture": "#mordant", "uv": [ 0.0, 0.0, 1.0, 1.0 ], "rotation": 90 },
								"south": { "texture": "#mordant", "uv": [ 0.0, 0.0, 1.0, 1.0 ], "rotation": 90 },
								"west": { "texture": "#mordant", "uv": [ 0.0, 0.0, 1.0, 1.0 ], "rotation": 90 },
								"up": { "texture": "#mordant", "uv": [ 0.0, 0.0, 1.0, 1.0 ], "rotation": 90 },
								"down": { "texture": "#mordant", "uv": [ 0.0, 0.0, 1.0, 1.0 ], "rotation": 90 }
							},
							"children": [
								{
									"name": "Binding15",
									"from": [ 0.0, -3.8184, 3.8184 ],
									"to": [ 1.0, -2.4184, 5.2184 ],
									"rotationOrigin": [ 0.0, -3.8184, 3.8184 ],
									"faces": {
										"north": { "texture": "#mordant", "uv": [ 0.0, 0.0, 1.0, 1.0 ], "rotation": 90 },
										"east": { "texture": "#mordant", "uv": [ 0.0, 0.0, 1.0, 1.0 ], "rotation": 90 },
										"south": { "texture": "#mordant", "uv": [ 0.0, 0.0, 1.0, 1.0 ], "rotation": 90 },
										"west": { "texture": "#mordant", "uv": [ 0.0, 0.0, 1.0, 1.0 ], "rotation": 90 },
										"up": { "texture": "#mordant", "uv": [ 0.0, 0.0, 1.0, 1.0 ], "rotation": 90 },
										"down": { "texture": "#mordant", "uv": [ 0.0, 0.0, 1.0, 1.0 ], "rotation": 90 }
									}
								}
							]
						}
					]
				},
				{
					"name": "BindingMid2",
					"from": [ 4.0, 0.9, 0.4 ],
					"to": [ 12.2, 6.1, 15.6 ],
					"rotationOrigin": [ 4.0, 0.9, 0.4 ],
					"faces": {
						"north": { "texture": "#mordant2", "uv": [ 0.0, 0.0, 5.0, 8.0 ], "rotation": 90 },
						"east": { "texture": "#mordant2", "uv": [ 0.0, 0.0, 5.0, 15.0 ], "rotation": 90 },
						"south": { "texture": "#mordant2", "uv": [ 0.0, 0.0, 5.0, 8.0 ], "rotation": 90 },
						"west": { "texture": "#mordant2", "uv": [ 0.0, 0.0, 5.0, 15.0 ], "rotation": 90 },
						"up": { "texture": "#mordant2", "uv": [ 0.0, 0.0, 15.0, 8.0 ], "rotation": 90 },
						"down": { "texture": "#mordant2", "uv": [ 0.0, 0.0, 15.0, 8.0 ], "rotation": 90 }
					}
				},
				{
					"name": "BindingMid3",
					"from": [ 4.0, 6.1, 0.4 ],
					"to": [ 12.2, 7.5, 1.8 ],
					"rotationOrigin": [ 4.0, 6.1, 0.4 ],
					"rotationX": 45.0,
					"faces": {
						"north": { "texture": "#mordant2", "uv": [ 0.0, 0.0, 1.0, 8.0 ], "rotation": 90 },
						"east": { "texture": "#mordant2", "uv": [ 0.0, 0.0, 1.0, 1.0 ], "rotation": 90 },
						"south": { "texture": "#mordant2", "uv": [ 0.0, 0.0, 1.0, 8.0 ], "rotation": 90 },
						"west": { "texture": "#mordant2", "uv": [ 0.0, 0.0, 1.0, 1.0 ], "rotation": 90 },
						"up": { "texture": "#mordant2", "uv": [ 0.0, 0.0, 1.0, 8.0 ], "rotation": 90 },
						"down": { "texture": "#mordant2", "uv": [ 0.0, 0.0, 1.0, 8.0 ], "rotation": 90 }
					},
					"children": [
						{
							"name": "BindingMid4",
							"from": [ 0.0, -3.677, 3.677 ],
							"to": [ 8.2, -2.277, 5.077 ],
							"rotationOrigin": [ 0.0, -3.677, 3.677 ],
							"faces": {
								"north": { "texture": "#mordant2", "uv": [ 0.0, 0.0, 1.0, 8.0 ], "rotation": 90 },
								"east": { "texture": "#mordant2", "uv": [ 0.0, 0.0, 1.0, 1.0 ], "rotation": 90 },
								"south": { "texture": "#mordant2", "uv": [ 0.0, 0.0, 1.0, 8.0 ], "rotation": 90 },
								"west": { "texture": "#mordant2", "uv": [ 0.0, 0.0, 1.0, 1.0 ], "rotation": 90 },
								"up": { "texture": "#mordant2", "uv": [ 0.0, 0.0, 1.0, 8.0 ], "rotation": 90 },
								"down": { "texture": "#mordant2", "uv": [ 0.0, 0.0, 1.0, 8.0 ], "rotation": 90 }
							}
						}
					]
				},
				{
					"name": "BindingMid5",
					"from": [ 4.0, 6.1, 13.6 ],
					"to": [ 12.2, 7.5, 15.0 ],
					"rotationOrigin": [ 4.0, 6.1, 13.6 ],
					"rotationX": 45.0,
					"faces": {
						"north": { "texture": "#mordant2", "uv": [ 0.0, 0.0, 1.0, 8.0 ], "rotation": 90 },
						"east": { "texture": "#mordant2", "uv": [ 0.0, 0.0, 1.0, 1.0 ], "rotation": 90 },
						"south": { "texture": "#mordant2", "uv": [ 0.0, 0.0, 1.0, 8.0 ], "rotation": 90 },
						"west": { "texture": "#mordant2", "uv": [ 0.0, 0.0, 1.0, 1.0 ], "rotation": 90 },
						"up": { "texture": "#mordant2", "uv": [ 0.0, 0.0, 1.0, 8.0 ], "rotation": 90 },
						"down": { "texture": "#mordant2", "uv": [ 0.0, 0.0, 1.0, 8.0 ], "rotation": 90 }
					},
					"children": [
						{
							"name": "BindingMid6",
							"from": [ 0.0, -3.677, 3.677 ],
							"to": [ 8.2, -2.277, 5.077 ],
							"rotationOrigin": [ 0.0, -3.677, 3.677 ],
							"faces": {
								"north": { "texture": "#mordant2", "uv": [ 0.0, 0.0, 1.0, 8.0 ], "rotation": 90 },
								"east": { "texture": "#mordant2", "uv": [ 0.0, 0.0, 1.0, 1.0 ], "rotation": 90 },
								"south": { "texture": "#mordant2", "uv": [ 0.0, 0.0, 1.0, 8.0 ], "rotation": 90 },
								"west": { "texture": "#mordant2", "uv": [ 0.0, 0.0, 1.0, 1.0 ], "rotation": 90 },
								"up": { "texture": "#mordant2", "uv": [ 0.0, 0.0, 1.0, 8.0 ], "rotation": 90 },
								"down": { "texture": "#mordant2", "uv": [ 0.0, 0.0, 1.0, 8.0 ], "rotation": 90 }
							}
						}
					]
				}
			]
		}
	]}