{
    "code": "aa-blade",
    "tool": "sword",
    "tags": ["weapon", "weapon-melee", "sword", "twohanded", "onehanded"],
    "damagedby": ["blockbreaking", "attacking"],
    "creativeinventory": { "general": ["*"], "items": ["*"], "tools": ["*"], "ancientarmory": ["*"] },
    "variantgroups": [
        { "code": "type", "states": ["gladius", "arming", "claymore", "sabre"] },
        { "code": "metal", "states": ["tinbronze", "bismuthbronze", "blackbronze", "iron", "meteoriciron", "steel"] }
    ],
    "allowedVariants": [
        "*-arming-iron",
        "*-arming-meteoriciron",
        "*-arming-steel",
        "*-claymore-iron",
        "*-claymore-meteoriciron",
        "*-claymore-steel",
        "*-sabre-iron",
        "*-sabre-meteoriciron",
        "*-sabre-steel",
        "*-gladius-*"
        ],
    "attributes": {
        "heldItemPitchFollow": 0.9,
        "handbook": { "groupBy": ["aa-blade-{type}-*"] },
        "toolrackTransformByType": {
            "*-claymore-*": { "translation": { "x": 0.42, "y": 0.45, "z": -0.1 }, "rotation": { "x": -16, "y": 180, "z": 1 }, "scale": 0.87 },
            "*-sabre-*": { "translation": { "x": 0.16, "y": 0.35, "z": 0.07 }, "rotation": { "x": 20, "y": 180, "z": 1 }, "scale": 0.7 },
            "*-arming-*": { "translation": { "x": 0.17, "y": 0.42, "z": 0.02 }, "rotation": { "x": 0, "y": 180, "z": 1 }, "scale": 0.8 },
            "*": { "translation": { "x": 0.16, "y": 0.50, "z": 0 }, "rotation": { "x": 0, "y": 180, "z": 1 }, "scale": 0.9 }
        },
        "groundStorageTransformByType": {
            "*-gladius-*": { "translation": { "x": 0, "y": 0.33, "z": 0.07 }, "rotation": { "x": 24, "y": 90, "z": -87 }, "scale": 0.63 },
            "*-arming-*": { "translation": { "x": 0, "y": 0.60, "z": 0.08 }, "rotation": { "x": 24, "y": 90, "z": -87 }, "scale": 0.55 },
            "*-claymore-*": { "translation": { "x": 0, "y": 1.02, "z": 0.09 }, "rotation": { "x": 24, "y": 90, "z": -87 }, "scale": 0.55 },
            "*-sabre-*": { "translation": { "x": 0.1, "y": 0.63, "z": 0.15 }, "rotation": { "x": 24, "y": 61, "z": -87 }, "scale": 0.52 }
        },
        "antlerMountable": true,
			"onAntlerMountTransformByType": {
				"aa-blade-gladius-*": {
					"translation": { "x": -0.379, "y": 0.7, "z": 0 },
					"rotation": { "x": 0, "y": 0, "z": -90 },
					"origin": { "x": 0.5, "y": 0, "z": 0.5 },
					"scale": 0.63
				},
				"aa-blade-arming-*": {
					"translation": { "x": -0.378, "y": 0.7, "z": 0 },
					"rotation": { "x": 0, "y": 0, "z": -90 },
					"origin": { "x": 0.5, "y": 0, "z": 0.5 },
					"scale": 0.55
				},
				"aa-blade-claymore-*": {
					"translation": { "x": -0.378, "y": 0.87, "z": 0 },
					"rotation": { "x": 0, "y": 0, "z": -90 },
					"origin": { "x": 0.5, "y": 0, "z": 0.5 },
					"scale": 0.55
				},
				"aa-blade-sabre-*": {
					"translation": { "x": -0.379, "y": 0.7, "z": 0 },
					"rotation": { "x": 0, "y": 0, "z": -90 },
					"origin": { "x": 0.5, "y": 0, "z": 0.5 },
					"scale": 0.5
				}
			}
    },
    "attributesByType": {
		"*-arming-*": {
			"attachableToEntity": {
				"categoryCode": "utilities",
				"attachedShapeBySlotCode": {
					"frontrightside": { "base": "elk/weaponr-arming" },
					"frontleftside": { "base": "elk/weaponl-arming" }
				}
			}				
		},
        "*-gladius-*": {
			"attachableToEntity": {
				"categoryCode": "utilities",
				"attachedShapeBySlotCode": {
					"frontrightside": { "base": "elk/weaponr-gladius" },
					"frontleftside": { "base": "elk/weaponl-gladius" }
				}
			}				
		},
        "*-sabre-*": {
			"attachableToEntity": {
				"categoryCode": "utilities",
				"attachedShapeBySlotCode": {
					"frontrightside": { "base": "elk/weaponr-sabre" },
					"frontleftside": { "base": "elk/weaponl-sabre" }
				}
			}				
		},
		"*-claymore-*": {
			"attachableToEntity": {
				"categoryCode": "utilities",
				"attachedShapeBySlotCode": {
					"frontrightside": { "base": "elk/weaponr-claymore" },
					"frontleftside": { "base": "elk/weaponl-claymore" }
				}
			}				
		}
	},
    "behaviors": [
        {
            "name": "GroundStorable",
            "properties": {
                "layout": "WallHalves",
                "wallOffYByType": {
                    "*-claymore-*": 2,
                    "*-arming-*": 2,
                    "*": 1
                },
                "sprintKey": true,
                "selectionBox": { "x1": 0, "y1": 0, "z1": 0, "x2": 1, "y2": 0.1, "z2": 1 },
                "collisionBox": { "x1": 0, "y1": 0, "z1": 0, "x2": 0, "y2": 0, "z2": 0 }
            }
        }, 
        { "name": "AnimationAuthoritative" }
    ],
    "shapeByType": { 
        "*-sabre-*": {
            "base": "{type}"
        },
        "*": {
            "base": "game:item/tool/blade/{type}"
        }
    },
    "textures": {
        "blackbronze": { "base": "game:block/metal/ingot/{metal}" },
        "metal": { "base": "game:block/metal/ingot/{metal}" }
    },
    "heldTpHitAnimationByType": {
        "*-gladius-*": "spearfast",
        "*-claymore-*": "zweiswing",
        "*-arming-*": "spearfast",
        "*-sabre-*": "falx",
        "*": "falx"
    },
    "heldTpIdleAnimationByType": {
        "*-claymore-*": "crudeOarIdle"
    },
    "attackRangeByType": {
        "*-claymore-*": 2.9,
        "*-arming-*": 2.6,
        "*-sabre-*": 2.5,
        "*": 2.5
    },
    "toolTierByType": {
        "*-sabre-iron": 3,
        "*-sabre-meteoriciron": 3,
        "*-sabre-steel": 4,

        "*-gold": 2,
        "*-silver": 2,
        "*-bismuthbronze": 3,
        "*-tinbronze": 3,
        "*-blackbronze": 3,
        "*-iron": 4,
        "*-meteoriciron": 4,
        "*-steel": 5
    },
    "attackPowerByType": {
        "*-arming-iron": 5,
        "*-arming-meteoriciron": 5.3,
        "*-arming-steel": 5.4,
        "*-claymore-iron": 6.5,
        "*-claymore-meteoriciron": 7,
        "*-claymore-steel": 7.5,
        "*-sabre-iron": 5.4,
        "*-sabre-meteoriciron": 5.6,
        "*-sabre-steel": 5.9,
        "*-gladius-gold": 4.1,
        "*-gladius-silver": 4.1,
        "*-gladius-bismuthbronze": 4.2,
        "*-gladius-tinbronze": 4.4,
        "*-gladius-blackbronze": 4.7,
        "*-gladius-iron": 5,
        "*-gladius-meteoriciron": 5.3,
        "*-gladius-steel": 5.4
    },
    "durabilityByType": {
        "*-gold": 400,
        "*-silver": 400,
        "*-tinbronze": 450,
        "*-bismuthbronze": 530,
        "*-blackbronze": 600,
        "*-iron": 850,
        "*-meteoriciron": 1100,
        "*-steel": 2125
    },
    "guiTransformByType": {
        "*-claymore-*": {
            "translation": { "x": -2, "y": -7, "z": 0 },
            "rotation": { "x": -87, "y": 119, "z": 30 },
            "origin": { "x": 1.15, "y": -0.1, "z": 0.57 },
            "scale": 1.95
        },
        "*-sabre-*": {
            "translation": { "x": 0, "y": -10, "z": 0 },
            "rotation": { "x": -37, "y": 121, "z": -15 },
            "origin": { "x": 0.85, "y": -0.1, "z": 0.57 },
            "scale": 1.75
        },
        "*": {
            "translation": { "x": 0, "y": 0, "z": 0 },
            "rotation": { "x": -53, "y": 118, "z": 8 },
            "origin": { "x": 1.15, "y": 0.2, "z": 0.57 },
            "scale": 1.76
        }
    },
    "fpHandTransformByType": {
        "*-arming-*": {
            "translation": { "x": -0.2, "y": -0.3, "z": 0 },
            "rotation": { "x": -18, "y": 15, "z": 90 },
            "scale": 1.8
        },
        "*-sabre-*": {
            "translation": { "x": -0.2, "y": -0.3, "z": 0 },
            "rotation": { "x": -35, "y": -3, "z": 85 },
            "scale": 1.6
        },
        "*-claymore-*": {
            "translation": { "x": -0.2, "y": -0.4, "z": 0 },
            "rotation": { "x": -25, "y": 5, "z": 85 },
            "scale": 2
        },
        "*": {
            "translation": { "x": -0.2, "y": -0.3, "z": 0 },
            "rotation": { "x": -18, "y": 15, "z": 90 },
            "scale": 1.9
        }
    },
    "groundTransformByType": {
        "*-claymore-*": {
            "translation": { "x": 0, "y": 0.05, "z": 0 },
            "rotation": { "x": 14, "y": 0, "z": 0 },
            "origin": { "x": 0.5, "y": 0, "z": 0.5 },
            "scale": 2.8
        },
        "*-sabre-*": {
            "translation": { "x": 0, "y": 0.05, "z": 0 },
            "rotation": { "x": 14, "y": 0, "z": 0 },
            "origin": { "x": 0.5, "y": 0, "z": 0.5 },
            "scale": 2.5
        },
        "*-arming-*": {
            "translation": { "x": 0, "y": 0.05, "z": 0 },
            "rotation": { "x": 14, "y": 0, "z": 0 },
            "origin": { "x": 0.5, "y": 0, "z": 0.5 },
            "scale": 2.5
        },
        "*": {
            "translation": { "x": 0, "y": 0.04, "z": 0 },
            "rotation": { "x": 0, "y": 0, "z": 0 },
            "origin": { "x": 0.5, "y": 0, "z": 0.5 },
            "scale": 2.5
        }
    },
    "tpHandTransformByType": {
        "*-claymore-*": {
            "translation": { "x": -0.67, "y": 0.05, "z": -0.78 },
            "rotation": { "x": 39, "y": 12, "z": -15 },
            "origin": { "x": 0.46, "y": -0.11, "z": 0.43 },
            "scale": 0.57
        },
        "*-arming-*": {
            "translation": { "x": -1.03, "y": 0.055, "z": -0.78 },
            "rotation": { "x": 85, "y": 0, "z": 2 },
            "origin": { "x": 0.43, "y": -0.1, "z": 0.39 },
            "scale": 0.52
        },
        "*-sabre-*": {
            "translation": { "x": -0.68, "y": 0.055, "z": -0.78 },
            "rotation": { "x": 85, "y": 0, "z": 2 },
            "origin": { "x": 0.315, "y": -0.05, "z": 0.37 },
            "scale": 0.50
        },
        "*": {
            "translation": { "x": -1.03, "y": 0.05, "z": -0.78 },
            "rotation": { "x": 85, "y": 0, "z": 2 },
            "origin": { "x": 0.5, "y": 0, "z": 0.5 },
            "scale": 0.63
        }
    }
}