﻿{
  "code": "ammomold",
  "variantgroups": [{"code": "tooltype", "states": ["slingbullet"]}, {"code": "materialtype", "states": ["raw", "fired"]}],
  "classByType": {"*-raw": "Block", "*-fired": "BlockToolMold"},
  "behaviorsByType": {
    "*-raw": [
      {"name": "GroundStorable", "properties": {"layout": "SingleCenter"}},
      {"name": "Unplaceable", "__comment": "The ground storable obsoletes this being a block. Should be an item, but is kept a block for backwards compatibility"},
      {"name": "RightClickPickup"}
    ],
    "*": [{"name": "UnstableFalling"}]
  },
  "entityBehaviors": [{"name": "TemperatureSensitive"}],
  "attributes": {"shatteredShape": {"base": "game:block/clay/mold/shattered-ingot"}},
  "shape": {"base": "bullseyecontinued:shapes/{tooltype}mold"},
  "attributesByType": {
    "ammomold-*-fired": {
      "requiredUnits": 100,
      "fillHeight": 1,
      "moldrackable": true,
      "onmoldrackTransform": {"rotation": {"z": 90}},
      "drop": {"type": "item", "code": "bullseyecontinued:{tooltype}-{metal}", "quantityByType": {"*-slingbullet-*": 8}},
      "onTongTransform": {"translation": {"x": -0.81, "y": -1.12, "z": -0.8}, "rotation": {"x": 31, "y": -11, "z": 7}, "scale": 0.8}
    }
  },
  "entityClassByType": {"ammomold-*-fired": "ToolMold"},
  "blockmaterial": "Ceramic",
  "creativeinventory": {"bullseyecontinued": ["*"]},
  "replaceable": 700,
  "resistance": 2,
  "maxStackSize": 8,
  "lightAbsorption": 0,
  "texturesByType": {
    "*-raw": {"all": {"base": "game:block/clay/blueclay"}},
    "*-fired": {"floor": {"base": "game:block/clay/ceramic-dark"}, "other": {"base": "game:block/clay/ceramic"}}
  },
  "sounds": {"walk": "walk/stone"},
  "collisionbox": {"x1": 0.094, "y1": 0, "z1": 0.094, "x2": 0.906, "y2": 0.12, "z2": 0.906},
  "selectionBox": {"x1": 0.094, "y1": 0, "z1": 0.094, "x2": 0.906, "y2": 0.12, "z2": 0.906},
  "sideopaque": {"all": false},
  "sidesolid": {"all": false},
  "combustiblePropsByType": {
    "*-raw": {
      "meltingPoint": 650,
      "meltingDuration": 45,
      "smeltedRatio": 1,
      "smeltingType": "fire",
      "smeltedStack": {"type": "block", "code": "bullseyecontinued:ammomold-{tooltype}-fired"},
      "requiresContainer": false
    }
  },
  "guiTransform": {"translation": {"x": 0, "y": 3, "z": 0}, "origin": {"x": 0.5, "y": 0.0625, "z": 0.5}, "scale": 1.33},
  "fpHandTransform": {"translation": {"x": 0.2, "y": 0.3, "z": 0}},
  "tpHandTransform": {"translation": {"x": -1.1, "y": -0.9, "z": -1.3}, "rotation": {"x": -80, "y": -81, "z": -1}, "scale": 0.5},
  "groundTransform": {"translation": {"x": 0, "y": 0, "z": 0}, "rotation": {"x": 0, "y": -45, "z": 0}, "origin": {"x": 0.5, "y": 0, "z": 0.5}, "scale": 4.7}
}