{
	"editor": {
		"collapsedPaths": "Root/Frond Base 1/Frond Stem 1",
		"allAngles": false,
		"entityTextureMode": false
	},
	"textureWidth": 12,
	"textureHeight": 16,
	"textureSizes": {
		"equisetummyriochaetum": [12,16]
	},
	"textures": {
	},
	"elements": [
		{
			"name": "Base stalk 1",
			"from": [ 8.0, 0.0, 7.0 ],
			"to": [ 9.0, 16.0, 8.0 ],
			"shade": false,
			"rotationOrigin": [ 8.0, 0.0, 7.0 ],
			"faces": {
				"north": { "texture": "#equisetummyriochaetum", "uv": [ 0.0, 0.0, 1.0, 16.0 ], "windMode": [0,5,5,0], "windData": [0,1,1,0] },
				"east": { "texture": "#equisetummyriochaetum", "uv": [ 1.0, 0.0, 2.0, 16.0 ], "windMode": [0,5,5,0], "windData": [0,1,1,0] },
				"south": { "texture": "#equisetummyriochaetum", "uv": [ 0.0, 0.0, 1.0, 16.0 ], "windMode": [0,0,5,5], "windData": [0,0,1,1] },
				"west": { "texture": "#equisetummyriochaetum", "uv": [ 1.0, 0.0, 2.0, 16.0 ], "windMode": [0,0,5,5], "windData": [0,0,1,1] },
				"up": { "texture": "#equisetummyriochaetum", "uv": [ 0.0, 0.0, 1.0, 1.0 ], "windMode": [5,5,5,5], "windData": [1,1,1,1] },
				"down": { "texture": "#equisetummyriochaetum", "uv": [ 0.0, 0.0, 1.0, 1.0 ], "windMode": [0,0,0,0] }
			}
		},
		{
			"name": "Base stalk 2",
			"from": [ 14.0, 0.0, 13.0 ],
			"to": [ 15.0, 16.0, 14.0 ],
			"shade": false,
			"rotationOrigin": [ 14.0, 0.0, 13.0 ],
			"rotationY": 45.0,
			"faces": {
				"north": { "texture": "#equisetummyriochaetum", "uv": [ 0.0, 0.0, 1.0, 16.0 ], "windMode": [0,5,5,0], "windData": [0,1,1,0] },
				"east": { "texture": "#equisetummyriochaetum", "uv": [ 1.0, 0.0, 2.0, 16.0 ], "windMode": [0,5,5,0], "windData": [0,1,1,0] },
				"south": { "texture": "#equisetummyriochaetum", "uv": [ 0.0, 0.0, 1.0, 16.0 ], "windMode": [0,0,5,5], "windData": [0,0,1,1] },
				"west": { "texture": "#equisetummyriochaetum", "uv": [ 1.0, 0.0, 2.0, 16.0 ], "windMode": [0,0,5,5], "windData": [0,0,1,1] },
				"up": { "texture": "#equisetummyriochaetum", "uv": [ 0.0, 0.0, 1.0, 1.0 ], "windMode": [5,5,5,5], "windData": [1,1,1,1] },
				"down": { "texture": "#equisetummyriochaetum", "uv": [ 0.0, 0.0, 1.0, 1.0 ], "windMode": [0,0,0,0] }
			}
		},
		{
			"name": "Base stalk 3",
			"from": [ 2.0, 0.0, 14.0 ],
			"to": [ 3.0, 12.0, 15.0 ],
			"shade": false,
			"rotationOrigin": [ 2.0, 0.0, 14.0 ],
			"rotationY": -112.5,
			"faces": {
				"north": { "texture": "#equisetummyriochaetum", "uv": [ 0.0, 0.0, 1.0, 12.0 ], "windMode": [0,5,5,0] },
				"east": { "texture": "#equisetummyriochaetum", "uv": [ 1.0, 0.0, 2.0, 12.0 ], "windMode": [0,5,5,0] },
				"south": { "texture": "#equisetummyriochaetum", "uv": [ 0.0, 0.0, 1.0, 12.0 ], "windMode": [0,0,5,5] },
				"west": { "texture": "#equisetummyriochaetum", "uv": [ 1.0, 0.0, 2.0, 12.0 ], "windMode": [0,0,5,5] },
				"up": { "texture": "#equisetummyriochaetum", "uv": [ 0.0, 0.0, 1.0, 1.0 ], "windMode": [5,5,5,5] },
				"down": { "texture": "#equisetummyriochaetum", "uv": [ 0.0, 0.0, 1.0, 1.0 ], "windMode": [0,0,0,0] }
			},
			"children": [
				{
					"name": "Base fronds A 3",
					"from": [ 0.5, 0.0, -3.5 ],
					"to": [ 0.5, 12.0, 4.5 ],
					"shade": false,
					"renderPass": 1,
					"rotationOrigin": [ 0.5, 0.0, 0.5 ],
					"faces": {
						"east": { "texture": "#equisetummyriochaetum", "uv": [ 4.0, 0.0, 12.0, 12.0 ], "rotation": 180, "windMode": [0,5,5,0] }
					}
				},
				{
					"name": "Base fronds B 3",
					"from": [ 0.5, 0.0, -3.5 ],
					"to": [ 0.5, 12.0, 4.5 ],
					"shade": false,
					"renderPass": 1,
					"rotationOrigin": [ 0.5, 0.0, 0.5 ],
					"rotationY": 45.0,
					"faces": {
						"east": { "texture": "#equisetummyriochaetum", "uv": [ 4.0, 0.0, 12.0, 12.0 ], "windMode": [0,5,5,0] }
					}
				},
				{
					"name": "Base fronds C 3",
					"from": [ 0.5, 0.0, -3.5 ],
					"to": [ 0.5, 12.0, 4.5 ],
					"shade": false,
					"renderPass": 1,
					"rotationOrigin": [ 0.5, 0.0, 0.5 ],
					"rotationY": 90.0,
					"faces": {
						"east": { "texture": "#equisetummyriochaetum", "uv": [ 4.0, 0.0, 12.0, 12.0 ], "rotation": 180, "windMode": [0,5,5,0] }
					}
				},
				{
					"name": "Base fronds D 3",
					"from": [ 0.5, 0.0, -3.5 ],
					"to": [ 0.5, 12.0, 4.5 ],
					"shade": false,
					"renderPass": 1,
					"rotationOrigin": [ 0.5, 0.0, 0.5 ],
					"rotationY": 135.0,
					"faces": {
						"east": { "texture": "#equisetummyriochaetum", "uv": [ 4.0, 0.0, 12.0, 12.0 ], "windMode": [0,5,5,0] }
					}
				}
			]
		},
		{
			"name": "Fourth stalk 4",
			"from": [ 4.0, 0.0, 4.0 ],
			"to": [ 5.0, 12.0, 5.0 ],
			"shade": false,
			"rotationOrigin": [ 4.0, 0.0, 3.0 ],
			"rotationX": -180.0,
			"rotationY": 180.0,
			"rotationZ": -180.0,
			"faces": {
				"north": { "texture": "#equisetummyriochaetum", "uv": [ 0.0, 0.0, 1.0, 12.0 ], "windMode": [0,5,5,0] },
				"east": { "texture": "#equisetummyriochaetum", "uv": [ 1.0, 0.0, 2.0, 12.0 ], "windMode": [0,5,5,0] },
				"south": { "texture": "#equisetummyriochaetum", "uv": [ 0.0, 0.0, 1.0, 12.0 ], "windMode": [0,0,5,5] },
				"west": { "texture": "#equisetummyriochaetum", "uv": [ 1.0, 0.0, 2.0, 12.0 ], "windMode": [0,0,5,5] },
				"up": { "texture": "#equisetummyriochaetum", "uv": [ 0.0, 0.0, 1.0, 1.0 ], "windMode": [5,5,5,5] },
				"down": { "texture": "#equisetummyriochaetum", "uv": [ 0.0, 0.0, 1.0, 1.0 ], "windMode": [0,0,0,0] }
			},
			"children": [
				{
					"name": "Final stalk 4",
					"from": [ 0.0, 12.0, 0.0 ],
					"to": [ 1.0, 20.0, 1.0 ],
					"shade": false,
					"rotationOrigin": [ 0.5, 12.0, 0.5 ],
					"rotationY": 8.0,
					"faces": {
						"north": { "texture": "#equisetummyriochaetum", "uv": [ 2.0, 0.0, 3.0, 8.0 ], "windMode": [5,5,5,5], "windData": [0,1,1,0] },
						"east": { "texture": "#equisetummyriochaetum", "uv": [ 3.0, 0.0, 4.0, 8.0 ], "windMode": [5,5,5,5], "windData": [0,1,1,0] },
						"south": { "texture": "#equisetummyriochaetum", "uv": [ 2.0, 0.0, 3.0, 8.0 ], "windMode": [5,5,5,5], "windData": [0,0,1,1] },
						"west": { "texture": "#equisetummyriochaetum", "uv": [ 3.0, 0.0, 4.0, 8.0 ], "windMode": [5,5,5,5], "windData": [0,0,1,1] },
						"up": { "texture": "#equisetummyriochaetum", "uv": [ 2.5, 0.0, 3.5, 1.0 ], "windMode": [5,5,5,5], "windData": [1,1,1,1] },
						"down": { "texture": "#equisetummyriochaetum", "uv": [ 2.5, 0.0, 3.5, 1.0 ], "windMode": [5,5,5,5] }
					},
					"children": [
						{
							"name": "Tip4",
							"from": [ 0.2, 8.0, 0.2 ],
							"to": [ 0.8, 9.6, 0.8 ],
							"shade": false,
							"rotationOrigin": [ 0.2, 8.0, 0.2 ],
							"rotationZ": -4.0,
							"faces": {
								"north": { "texture": "#equisetummyriochaetum", "uv": [ 2.5, 0.0, 3.0, 1.5 ], "windMode": [5,5,5,5], "windData": [1,1,1,1] },
								"east": { "texture": "#equisetummyriochaetum", "uv": [ 3.0, 0.0, 3.5, 1.5 ], "windMode": [5,5,5,5], "windData": [1,1,1,1] },
								"south": { "texture": "#equisetummyriochaetum", "uv": [ 3.5, 0.0, 4.0, 1.5 ], "windMode": [5,5,5,5], "windData": [1,1,1,1] },
								"west": { "texture": "#equisetummyriochaetum", "uv": [ 2.0, 0.0, 2.5, 1.5 ], "windMode": [5,5,5,5], "windData": [1,1,1,1] },
								"up": { "texture": "#equisetummyriochaetum", "uv": [ 3.0, 0.0, 3.5, 0.5 ], "windMode": [5,5,5,5], "windData": [1,1,1,1] }
							}
						}
					]
				}
			]
		},
		{
			"name": "Fourth stalk 5",
			"from": [ 7.0, 0.0, 3.0 ],
			"to": [ 8.0, 10.0, 4.0 ],
			"shade": false,
			"rotationOrigin": [ 7.0, 0.0, 3.0 ],
			"rotationX": -180.0,
			"rotationY": 112.5,
			"rotationZ": -180.0,
			"faces": {
				"north": { "texture": "#equisetummyriochaetum", "uv": [ 0.0, 0.0, 1.0, 10.0 ], "windMode": [0,5,5,0] },
				"east": { "texture": "#equisetummyriochaetum", "uv": [ 1.0, 0.0, 2.0, 10.0 ], "windMode": [0,5,5,0] },
				"south": { "texture": "#equisetummyriochaetum", "uv": [ 0.0, 0.0, 1.0, 10.0 ], "windMode": [0,0,5,5] },
				"west": { "texture": "#equisetummyriochaetum", "uv": [ 1.0, 0.0, 2.0, 10.0 ], "windMode": [0,0,5,5] },
				"up": { "texture": "#equisetummyriochaetum", "uv": [ 0.0, 0.0, 1.0, 1.0 ], "windMode": [5,5,5,5] },
				"down": { "texture": "#equisetummyriochaetum", "uv": [ 0.0, 0.0, 1.0, 1.0 ], "windMode": [0,0,0,0] }
			},
			"children": [
				{
					"name": "Final stalk 5",
					"from": [ 0.0, 10.0, 0.0 ],
					"to": [ 1.0, 18.0, 1.0 ],
					"shade": false,
					"rotationOrigin": [ 0.5, 10.0, 0.5 ],
					"rotationY": 8.0,
					"faces": {
						"north": { "texture": "#equisetummyriochaetum", "uv": [ 2.0, 0.0, 3.0, 8.0 ], "windMode": [5,5,5,5], "windData": [0,1,1,0] },
						"east": { "texture": "#equisetummyriochaetum", "uv": [ 3.0, 0.0, 4.0, 8.0 ], "windMode": [5,5,5,5], "windData": [0,1,1,0] },
						"south": { "texture": "#equisetummyriochaetum", "uv": [ 2.0, 0.0, 3.0, 8.0 ], "windMode": [5,5,5,5], "windData": [0,0,1,1] },
						"west": { "texture": "#equisetummyriochaetum", "uv": [ 3.0, 0.0, 4.0, 8.0 ], "windMode": [5,5,5,5], "windData": [0,0,1,1] },
						"up": { "texture": "#equisetummyriochaetum", "uv": [ 2.5, 0.0, 3.5, 1.0 ], "windMode": [5,5,5,5], "windData": [1,1,1,1] },
						"down": { "texture": "#equisetummyriochaetum", "uv": [ 2.5, 0.0, 3.5, 1.0 ], "windMode": [5,5,5,5] }
					},
					"children": [
						{
							"name": "Tip5",
							"from": [ 0.2, 8.0, 0.2 ],
							"to": [ 0.8, 9.6, 0.8 ],
							"shade": false,
							"rotationOrigin": [ 0.2, 8.0, 0.2 ],
							"rotationZ": -4.0,
							"faces": {
								"north": { "texture": "#equisetummyriochaetum", "uv": [ 2.5, 0.0, 3.0, 1.5 ], "windMode": [5,5,5,5], "windData": [1,1,1,1] },
								"east": { "texture": "#equisetummyriochaetum", "uv": [ 3.0, 0.0, 3.5, 1.5 ], "windMode": [5,5,5,5], "windData": [1,1,1,1] },
								"south": { "texture": "#equisetummyriochaetum", "uv": [ 3.5, 0.0, 4.0, 1.5 ], "windMode": [5,5,5,5], "windData": [1,1,1,1] },
								"west": { "texture": "#equisetummyriochaetum", "uv": [ 2.0, 0.0, 2.5, 1.5 ], "windMode": [5,5,5,5], "windData": [1,1,1,1] },
								"up": { "texture": "#equisetummyriochaetum", "uv": [ 3.0, 0.0, 3.5, 0.5 ], "windMode": [5,5,5,5], "windData": [1,1,1,1] }
							}
						}
					]
				}
			]
		},
		{
			"name": "Fourth stalk 6",
			"from": [ 11.0, 0.0, 3.0 ],
			"to": [ 12.0, 6.0, 4.0 ],
			"shade": false,
			"rotationOrigin": [ 11.0, 0.0, 3.0 ],
			"rotationX": -180.0,
			"rotationY": -90.0,
			"rotationZ": -180.0,
			"faces": {
				"north": { "texture": "#equisetummyriochaetum", "uv": [ 0.0, 0.0, 1.0, 6.0 ], "windMode": [0,5,5,0] },
				"east": { "texture": "#equisetummyriochaetum", "uv": [ 1.0, 0.0, 2.0, 6.0 ], "windMode": [0,5,5,0] },
				"south": { "texture": "#equisetummyriochaetum", "uv": [ 0.0, 0.0, 1.0, 6.0 ], "windMode": [0,0,5,5] },
				"west": { "texture": "#equisetummyriochaetum", "uv": [ 1.0, 0.0, 2.0, 6.0 ], "windMode": [0,0,5,5] },
				"up": { "texture": "#equisetummyriochaetum", "uv": [ 0.0, 0.0, 1.0, 1.0 ], "windMode": [5,5,5,5] },
				"down": { "texture": "#equisetummyriochaetum", "uv": [ 0.0, 0.0, 1.0, 1.0 ], "windMode": [0,0,0,0] }
			},
			"children": [
				{
					"name": "Final stalk 6",
					"from": [ 0.0, 6.0, 0.0 ],
					"to": [ 1.0, 12.0, 1.0 ],
					"shade": false,
					"rotationOrigin": [ 0.5, 6.0, 0.5 ],
					"rotationY": 8.0,
					"faces": {
						"north": { "texture": "#equisetummyriochaetum", "uv": [ 2.0, 0.0, 3.0, 6.0 ], "windMode": [5,5,5,5] },
						"east": { "texture": "#equisetummyriochaetum", "uv": [ 3.0, 0.0, 4.0, 6.0 ], "windMode": [5,5,5,5] },
						"south": { "texture": "#equisetummyriochaetum", "uv": [ 2.0, 0.0, 3.0, 6.0 ], "windMode": [5,5,5,5] },
						"west": { "texture": "#equisetummyriochaetum", "uv": [ 3.0, 0.0, 4.0, 6.0 ], "windMode": [5,5,5,5] },
						"up": { "texture": "#equisetummyriochaetum", "uv": [ 2.5, 0.0, 3.5, 1.0 ], "windMode": [5,5,5,5] },
						"down": { "texture": "#equisetummyriochaetum", "uv": [ 2.5, 0.0, 3.5, 1.0 ], "windMode": [5,5,5,5] }
					},
					"children": [
						{
							"name": "Tip6",
							"from": [ 0.2, 6.0, 0.2 ],
							"to": [ 0.8, 7.6, 0.8 ],
							"shade": false,
							"rotationOrigin": [ 0.2, 6.0, 0.2 ],
							"rotationZ": -4.0,
							"faces": {
								"north": { "texture": "#equisetummyriochaetum", "uv": [ 2.5, 0.0, 3.0, 1.5 ], "windMode": [5,5,5,5] },
								"east": { "texture": "#equisetummyriochaetum", "uv": [ 3.0, 0.0, 3.5, 1.5 ], "windMode": [5,5,5,5] },
								"south": { "texture": "#equisetummyriochaetum", "uv": [ 3.5, 0.0, 4.0, 1.5 ], "windMode": [5,5,5,5] },
								"west": { "texture": "#equisetummyriochaetum", "uv": [ 2.0, 0.0, 2.5, 1.5 ], "windMode": [5,5,5,5] },
								"up": { "texture": "#equisetummyriochaetum", "uv": [ 3.0, 0.0, 3.5, 0.5 ], "windMode": [5,5,5,5] }
							}
						}
					]
				}
			]
		}
	]}