[
	{
		"op": "addmerge",
		"path": "/attributes/workableTemperatureByType/ingot-stainlesssteel",
		"value": 695,
		"file": "game:itemtypes/resource/ingot.json"
	},
	{
		"op": "addmerge",
		"path": "/attributesByType/workitem-stainlesssteel",
		"value": {
			"workableTemperature": 695
		},
		"file": "game:itemtypes/resource/workitem.json"
	},
	{
		"op": "remove",
		"path": "/attributes/handbook/excludeByType/*-stainlesssteel",
		"file": "game:itemtypes/resource/ingot.json",
		"side": "Server"
	},
	{
		"op": "remove",
		"path": "/attributes/handbook/excludeByType/*-stainlesssteel",
		"file": "game:itemtypes/resource/metalplate.json",
		"side": "Server"
	},
	{
		"op": "addmerge",
		"path": "/ingredient/allowedVariants/19",
		"value": "stainlesssteel",
		"file": "game:recipes/smithing/plate.json",
		"side": "Server"
	},
	{
		"op": "addmerge",
		"path": "/combustiblePropsByType/metalplate-stainlesssteel",
		"value": {
			"meltingPoint": 1390,
			"meltingDuration": 30,
			"smeltedRatio": 1,
			"smeltedStack": {
				"type": "item",
				"code": "ingot-stainlesssteel",
				"stacksize": 2
			}
		},
		"file": "game:itemtypes/resource/metalplate.json",
		"side": "Server"
	}
]