[
    {
        "name": "deconstruct with knife: knee high fur boots",
        "ingredientPattern": "KC",
        "ingredients": {
            "K": { "type": "item", "code": "game:knife-*", "isTool": true },
            "C": { "type": "item", "code": "game:clothes-foot-knee-high-fur-boots" }
        },
        "width": 2,
        "height": 1,
        "shapeless": true,
        "recipeGroup": 20,
        "output": { "type": "item", "code": "game:hide-pelt-small", "quantity": 2 }
    },
    {
        "name": "deconstruct with shears: knee high fur boots",
        "ingredientPattern": "KC",
        "ingredients": {
            "K": { "type": "item", "code": "game:shears-*", "isTool": true },
            "C": { "type": "item", "code": "game:clothes-foot-knee-high-fur-boots" }
        },
        "width": 2,
        "height": 1,
        "shapeless": true,
        "recipeGroup": 21,
        "output": { "type": "item", "code": "game:hide-pelt-small", "quantity": 2 }
    }
]
