{
	"editor": {
		"allAngles": false,
		"entityTextureMode": false
	},
	"textureWidth": 24,
	"textureHeight": 24,
	"textureSizes": {
		"fronds": [24,24],
		"trunk": [8,16],
		"cone": [4,8]
	},
	"textures": {
	},
	"elements": [
		{
			"name": "origin",
			"from": [ 8.0, 0.0, 8.0 ],
			"to": [ 8.0, 0.0, 8.0 ],
			"shade": false,
			"rotationOrigin": [ 8.0, 0.0, 8.0 ],
			"faces": {
				"north": { "texture": "#null", "uv": [ 0.0, 0.0, 0.5, 0.5 ] },
				"east": { "texture": "#null", "uv": [ 0.0, 0.0, 0.5, 0.5 ] },
				"south": { "texture": "#null", "uv": [ 0.0, 0.0, 0.5, 0.5 ] },
				"west": { "texture": "#null", "uv": [ 0.0, 0.0, 0.5, 0.5 ] },
				"up": { "texture": "#null", "uv": [ 0.0, 0.0, 0.5, 0.5 ] },
				"down": { "texture": "#null", "uv": [ 0.0, 0.0, 0.5, 0.5 ] }
			},
			"children": [
				{
					"name": "trunk 1",
					"from": [ -4.0, 0.0, -4.0 ],
					"to": [ 4.0, 2.0, 4.0 ],
					"shade": false,
					"rotationOrigin": [ -4.0, 0.0, -4.0 ],
					"faces": {
						"north": { "texture": "#trunk", "uv": [ 0.0, 0.0, 8.0, 2.0 ], "windMode": [-1,-1,-1,-1], "windData": [0,1,1,0] },
						"east": { "texture": "#trunk", "uv": [ 0.0, 0.0, 8.0, 2.0 ] },
						"south": { "texture": "#trunk", "uv": [ 0.0, 0.0, 8.0, 2.0 ] },
						"west": { "texture": "#trunk", "uv": [ 0.0, 0.0, 8.0, 2.0 ] },
						"up": { "texture": "#trunk", "uv": [ 0.0, 0.0, 8.0, 8.0 ], "windMode": [-1,-1,-1,-1] }
					},
					"children": [
						{
							"name": "trunk 2",
							"from": [ 0.5, 2.0, 0.5 ],
							"to": [ 7.5, 3.0, 7.5 ],
							"shade": false,
							"rotationOrigin": [ 0.5, 2.0, 0.5 ],
							"faces": {
								"north": { "texture": "#trunk", "uv": [ 0.0, 0.0, 7.0, 1.0 ] },
								"east": { "texture": "#trunk", "uv": [ 0.0, 0.0, 7.0, 1.0 ] },
								"south": { "texture": "#trunk", "uv": [ 0.0, 0.0, 7.0, 1.0 ] },
								"west": { "texture": "#trunk", "uv": [ 0.0, 0.0, 7.0, 1.0 ] },
								"up": { "texture": "#trunk", "uv": [ 0.0, 0.0, 7.0, 7.0 ] }
							},
							"children": [
								{
									"name": "frond origin",
									"from": [ -3.5, 1.0, -3.5 ],
									"to": [ -3.5, 1.0, -3.5 ],
									"rotationOrigin": [ 4.5, 1.0, 4.5 ],
									"faces": {
									},
									"children": [
										{
											"name": "frond 1",
											"from": [ -4.0, 0.0, 8.0 ],
											"to": [ 20.0, 24.0, 8.0 ],
											"shade": false,
											"climateColorMap": "",
											"seasonColorMap": "",
											"renderPass": 1,
											"rotationOrigin": [ 7.0, 0.0, 8.0 ],
											"rotationX": 67.5,
											"rotationY": 10.0,
											"faces": {
												"north": { "texture": "#fronds", "uv": [ 0.0, 0.0, 24.0, 24.0 ], "windMode": [0,1,1,0], "windData": [0,0,0,0] }
											}
										},
										{
											"name": "frond 2",
											"from": [ -4.0, 0.0, 8.0 ],
											"to": [ 20.0, 24.0, 8.0 ],
											"shade": false,
											"climateColorMap": "",
											"seasonColorMap": "",
											"renderPass": 1,
											"rotationOrigin": [ 7.0, 0.0, 8.0 ],
											"rotationX": -67.5,
											"rotationY": 10.0,
											"faces": {
												"north": { "texture": "#fronds", "uv": [ 0.0, 0.0, 24.0, 24.0 ], "windMode": [0,1,1,0], "windData": [0,0,0,0] }
											}
										},
										{
											"name": "frond 3",
											"from": [ -3.0, 0.0, 7.0 ],
											"to": [ 21.0, 24.0, 7.0 ],
											"shade": false,
											"climateColorMap": "",
											"seasonColorMap": "",
											"renderPass": 1,
											"rotationOrigin": [ 8.0, 0.0, 7.0 ],
											"rotationX": -80.0,
											"rotationY": -22.5,
											"rotationZ": -90.0,
											"faces": {
												"north": { "texture": "#fronds", "uv": [ 0.0, 0.0, 24.0, 24.0 ], "windMode": [0,1,1,0], "windData": [0,0,0,0] }
											}
										},
										{
											"name": "frond 4",
											"from": [ -3.0, 0.0, 7.5 ],
											"to": [ 21.0, 24.0, 7.5 ],
											"shade": false,
											"climateColorMap": "",
											"seasonColorMap": "",
											"renderPass": 1,
											"rotationOrigin": [ 8.0, 0.0, 7.5 ],
											"rotationX": -100.0,
											"rotationY": -157.5,
											"rotationZ": -90.0,
											"faces": {
												"north": { "texture": "#fronds", "uv": [ 0.0, 0.0, 24.0, 24.0 ], "windMode": [0,1,1,0], "windData": [0,0,0,0] }
											}
										},
										{
											"name": "frond 5",
											"from": [ -3.0, 0.0, 7.3 ],
											"to": [ 21.0, 24.0, 7.3 ],
											"shade": false,
											"climateColorMap": "",
											"seasonColorMap": "",
											"renderPass": 1,
											"rotationOrigin": [ 8.0, 0.0, 7.3 ],
											"rotationX": -67.5,
											"rotationY": -135.0,
											"rotationZ": -45.0,
											"faces": {
												"north": { "texture": "#fronds", "uv": [ 0.0, 0.0, 24.0, 24.0 ], "windMode": [0,1,1,0], "windData": [0,1,1,0] }
											}
										},
										{
											"name": "frond 6",
											"from": [ -2.6, 0.0, 7.8 ],
											"to": [ 21.4, 24.0, 7.8 ],
											"shade": false,
											"climateColorMap": "",
											"seasonColorMap": "",
											"renderPass": 1,
											"rotationOrigin": [ 8.4, 0.0, 7.8 ],
											"rotationX": -135.0,
											"rotationY": -22.5,
											"rotationZ": -157.5,
											"faces": {
												"north": { "texture": "#fronds", "uv": [ 0.0, 0.0, 24.0, 24.0 ], "windMode": [0,1,1,0], "windData": [0,1,1,0] }
											}
										},
										{
											"name": "frond 7",
											"from": [ -3.5, 0.0, 7.6 ],
											"to": [ 20.5, 24.0, 7.6 ],
											"shade": false,
											"climateColorMap": "",
											"seasonColorMap": "",
											"renderPass": 1,
											"rotationOrigin": [ 7.5, 0.0, 7.6 ],
											"rotationX": -45.0,
											"rotationY": -22.5,
											"rotationZ": -22.5,
											"faces": {
												"north": { "texture": "#fronds", "uv": [ 0.0, 0.0, 24.0, 24.0 ], "windMode": [0,1,1,0], "windData": [0,1,1,0] }
											}
										},
										{
											"name": "frond 8",
											"from": [ -3.3, 0.0, 7.7 ],
											"to": [ 20.7, 24.0, 7.7 ],
											"shade": false,
											"climateColorMap": "",
											"seasonColorMap": "",
											"renderPass": 1,
											"rotationOrigin": [ 7.7, 0.0, 7.7 ],
											"rotationX": 45.0,
											"rotationY": -22.5,
											"rotationZ": 22.5,
											"faces": {
												"north": { "texture": "#fronds", "uv": [ 0.0, 0.0, 24.0, 24.0 ], "windMode": [0,1,1,0], "windData": [0,1,1,0] }
											}
										},
										{
											"name": "center",
											"from": [ 8.0, 0.0, 8.0 ],
											"to": [ 8.0, 0.0, 8.0 ],
											"rotationOrigin": [ 8.0, 0.0, 8.0 ],
											"faces": {
											},
											"children": [
												{
													"name": "Conebase",
													"from": [ -0.7, 0.0, -0.7 ],
													"to": [ 0.8, 8.0, 0.8 ],
													"rotationOrigin": [ -0.7, 0.0, -0.7 ],
													"faces": {
														"north": { "texture": "#cone", "uv": [ 0.0, 0.0, 1.5, 8.0 ] },
														"east": { "texture": "#cone", "uv": [ 0.0, 0.0, 1.5, 8.0 ] },
														"south": { "texture": "#cone", "uv": [ 0.0, 0.0, 1.5, 8.0 ] },
														"west": { "texture": "#cone", "uv": [ 0.0, 0.0, 1.5, 8.0 ] },
														"up": { "texture": "#cone", "uv": [ 0.0, 0.0, 1.5, 1.5 ] }
													},
													"children": [
														{
															"name": "Cone body",
															"from": [ -0.45, 0.75, -0.45 ],
															"to": [ 1.95, 5.25, 1.95 ],
															"rotationOrigin": [ -0.45, 0.75, -0.45 ],
															"faces": {
																"north": { "texture": "#cone", "uv": [ 0.0, 0.0, 2.25, 4.5 ] },
																"east": { "texture": "#cone", "uv": [ 0.0, 0.0, 2.25, 4.5 ] },
																"south": { "texture": "#cone", "uv": [ 0.0, 0.0, 2.25, 4.5 ] },
																"west": { "texture": "#cone", "uv": [ 0.0, 0.0, 2.25, 4.5 ] },
																"up": { "texture": "#cone", "uv": [ 0.0, 0.0, 2.25, 2.25 ] },
																"down": { "texture": "#cone", "uv": [ 0.0, 0.0, 2.25, 2.25 ] }
															}
														}
													]
												}
											]
										},
										{
											"name": "frond 9",
											"from": [ -3.3, 0.0, 7.7 ],
											"to": [ 20.7, 24.0, 7.7 ],
											"shade": false,
											"climateColorMap": "",
											"seasonColorMap": "",
											"renderPass": 1,
											"rotationOrigin": [ 7.7, 0.0, 7.7 ],
											"rotationX": 95.0,
											"rotationZ": 22.5,
											"faces": {
												"north": { "texture": "#fronds", "uv": [ 0.0, 0.0, 24.0, 24.0 ], "windMode": [0,1,1,0], "windData": [0,0,0,0] }
											}
										},
										{
											"name": "frond 10",
											"from": [ -3.3, 0.0, 7.7 ],
											"to": [ 20.7, 24.0, 7.7 ],
											"shade": false,
											"climateColorMap": "",
											"seasonColorMap": "",
											"renderPass": 1,
											"rotationOrigin": [ 7.7, 0.0, 7.7 ],
											"rotationX": -95.0,
											"rotationZ": 22.5,
											"faces": {
												"north": { "texture": "#fronds", "uv": [ 0.0, 0.0, 24.0, 24.0 ], "windMode": [0,1,1,0], "windData": [0,0,0,0] }
											}
										},
										{
											"name": "frond 11",
											"from": [ -3.3, 0.0, 7.7 ],
											"to": [ 20.7, 24.0, 7.7 ],
											"shade": false,
											"climateColorMap": "",
											"seasonColorMap": "",
											"renderPass": 1,
											"rotationOrigin": [ 7.7, 0.0, 7.7 ],
											"rotationX": -95.0,
											"rotationY": 10.0,
											"rotationZ": -90.0,
											"faces": {
												"north": { "texture": "#fronds", "uv": [ 0.0, 0.0, 24.0, 24.0 ], "windMode": [0,1,1,0], "windData": [0,0,0,0] }
											}
										}
									]
								}
							]
						}
					]
				}
			]
		}
	]}