[
  {
    "ingredientPattern": "P__,P_P,PPP",
    "ingredients": {
      "P": { "type": "item", "code": "game:plank-{wood}" }
    },
    "width": 3, "height": 3, "recipeGroup": 1,
    "output": {
      "type": "block",
      "code": "resourcebin-normal-east",
      "attributes": {
        "PSAttributes": {
          "wood": "{wood}"
        }
      }
    }
  },
  {
    "ingredientPattern": "P__,P_P,PPP",
    "ingredients": {
      "P": { "type": "item", "code": "*:plank-*" }
    },
    "width": 3, "height": 3, "recipeGroup": 1,
    "output": { "type": "block", "code": "resourcebin-normal-east" }
  }
]
