{
	"editor": {
		"allAngles": false,
		"entityTextureMode": false
	},
	"textureWidth": 16,
	"textureHeight": 16,
	"textureSizes": {
		"cocosnucifera": [4,4]
	},
	"textures": {
		"cocosnucifera": "item/resource/fiber/cocosnucifera"
	},
	"elements": [
		{
			"name": "Body",
			"from": [ 6.0, 0.0, 7.0 ],
			"to": [ 9.0, 1.0, 9.0 ],
			"rotationOrigin": [ 6.0, 0.0, 7.0 ],
			"faces": {
				"north": { "texture": "#cocosnucifera", "uv": [ 2.0, 0.5, 3.0, 3.5 ], "rotation": 90 },
				"east": { "texture": "#cocosnucifera", "uv": [ 2.0, 0.5, 3.0, 2.5 ], "rotation": 90 },
				"south": { "texture": "#cocosnucifera", "uv": [ 2.0, 0.0, 3.0, 3.0 ], "rotation": 90 },
				"west": { "texture": "#cocosnucifera", "uv": [ 2.0, 0.0, 4.0, 1.0 ] },
				"up": { "texture": "#cocosnucifera", "uv": [ 2.0, 0.0, 4.0, 3.0 ], "rotation": 90 },
				"down": { "texture": "#cocosnucifera", "uv": [ 2.0, 1.0, 4.0, 4.0 ], "rotation": 90 }
			},
			"children": [
				{
					"name": "End",
					"from": [ 3.0, 0.0, 0.0 ],
					"to": [ 5.0, 1.0, 2.0 ],
					"rotationOrigin": [ 3.0, 0.0, 0.0 ],
					"rotationX": 0.1,
					"rotationZ": 20.0,
					"faces": {
						"north": { "texture": "#cocosnucifera", "uv": [ 2.0, 1.0, 4.0, 2.0 ] },
						"east": { "texture": "#cocosnucifera", "uv": [ 2.0, 0.5, 4.0, 1.5 ] },
						"south": { "texture": "#cocosnucifera", "uv": [ 2.0, 1.0, 4.0, 2.0 ] },
						"west": { "texture": "#cocosnucifera", "uv": [ 2.0, 1.0, 4.0, 2.0 ] },
						"up": { "texture": "#cocosnucifera", "uv": [ 2.0, 2.0, 4.0, 4.0 ] },
						"down": { "texture": "#cocosnucifera", "uv": [ 2.0, 2.0, 4.0, 4.0 ] }
					}
				},
				{
					"name": "Fiber",
					"from": [ 0.0, 1.2, 0.0 ],
					"to": [ 4.0, 1.2, 2.0 ],
					"shade": false,
					"renderPass": 1,
					"rotationOrigin": [ 4.0, 1.2, 1.0 ],
					"rotationX": -2.0,
					"faces": {
						"down": { "texture": "#cocosnucifera", "uv": [ 0.0, 0.0, 2.0, 4.0 ], "rotation": 270, "windMode": [-1,-1,-1,-1] }
					}
				},
				{
					"name": "Fiber2",
					"from": [ 0.0, 1.4, 0.0 ],
					"to": [ 4.0, 1.4, 2.0 ],
					"shade": false,
					"renderPass": 1,
					"rotationOrigin": [ 4.0, 1.4, 1.0 ],
					"rotationX": 1.0,
					"faces": {
						"up": { "texture": "#cocosnucifera", "uv": [ 0.0, 0.0, 2.0, 4.0 ], "rotation": 90, "windMode": [-1,-1,-1,-1] }
					}
				},
				{
					"name": "Fiber3",
					"from": [ 0.0, 1.4, 0.0 ],
					"to": [ 4.0, 1.4, 2.0 ],
					"shade": false,
					"renderPass": 1,
					"rotationOrigin": [ 4.0, 1.4, 1.0 ],
					"rotationX": -12.5,
					"rotationZ": -12.5,
					"faces": {
						"up": { "texture": "#cocosnucifera", "uv": [ 0.0, 0.0, 2.0, 4.0 ], "rotation": 90, "windMode": [-1,-1,-1,-1] }
					}
				},
				{
					"name": "Fiber4",
					"from": [ 0.0, 1.4, 0.0 ],
					"to": [ 4.0, 1.4, 2.0 ],
					"shade": false,
					"renderPass": 1,
					"rotationOrigin": [ 4.0, 1.4, 1.0 ],
					"rotationX": 12.5,
					"rotationZ": -12.5,
					"faces": {
						"up": { "texture": "#cocosnucifera", "uv": [ 0.0, 0.0, 2.0, 4.0 ], "rotation": 90, "windMode": [-1,-1,-1,-1] }
					}
				}
			]
		}
	]}