{
	"editor": {
		"backDropShape": "entity/humanoid/seraph-hairless",
		"allAngles": false,
		"entityTextureMode": true
	},
	"textureWidth": 48,
	"textureHeight": 48,
	"textureSizes": {
		"hair": [48,48]
	},
	"textures": {
		"hair": "entity/humanoid/seraphskinparts/hair/lightgray"
	},
	"elements": [
		{
			"name": "ponytailhigh",
			"stepParentName": "Head",
			"from": [ 5.5, 3.0, 2.5 ],
			"to": [ 5.5, 3.0, 2.5 ],
			"uv": [ 0.0, 0.0 ],
			"rotationOrigin": [ 5.5, 3.5, 2.5 ],
			"rotationZ": 8.0,
			"faces": {
			},
			"children": [
				{
					"name": "D1",
					"from": [ -1.0, -1.5, -2.1 ],
					"to": [ 1.0, 2.5, 1.9 ],
					"autoUnwrap": false,
					"uv": [ 22.0, 28.0 ],
					"rotationOrigin": [ 0.5, -1.0, -0.1 ],
					"faces": {
						"north": { "texture": "#hair", "uv": [ 22.0, 32.0, 24.0, 36.0 ], "windMode": [-1,-1,-1,-1] },
						"east": { "texture": "#hair", "uv": [ 24.0, 32.0, 28.0, 36.0 ] },
						"south": { "texture": "#hair", "uv": [ 21.5, 36.0, 23.5, 40.0 ], "windMode": [-1,-1,-1,-1] },
						"west": { "texture": "#hair", "uv": [ 0.5, 37.0, 4.5, 41.0 ], "windMode": [-1,-1,-1,-1] },
						"up": { "texture": "#hair", "uv": [ 5.5, 36.0, 7.5, 40.0 ] },
						"down": { "texture": "#hair", "uv": [ 19.5, 31.5, 21.5, 35.5 ] }
					},
					"children": [
						{
							"name": "E",
							"from": [ 2.0, 0.5, 0.5 ],
							"to": [ 3.0, 3.5, 3.5 ],
							"uv": [ 16.5, 31.5 ],
							"rotationOrigin": [ 2.0, 2.0, 2.0 ],
							"faces": {
								"north": { "texture": "#hair", "uv": [ 16.5, 34.5, 17.5, 37.5 ] },
								"east": { "texture": "#hair", "uv": [ 17.5, 34.5, 20.5, 37.5 ] },
								"south": { "texture": "#hair", "uv": [ 20.5, 34.5, 21.5, 37.5 ] },
								"up": { "texture": "#hair", "uv": [ 16.5, 31.5, 17.5, 34.5 ] },
								"down": { "texture": "#hair", "uv": [ 17.5, 31.5, 18.5, 34.5 ] }
							}
						},
						{
							"name": "Cube2",
							"from": [ 1.5, -1.0, 1.0 ],
							"to": [ 3.5, 2.0, 3.0 ],
							"autoUnwrap": false,
							"uv": [ 37.0, 10.5 ],
							"rotationOrigin": [ 1.5, 1.0, 2.0 ],
							"rotationZ": 21.0,
							"faces": {
								"north": { "texture": "#hair", "uv": [ 37.0, 12.5, 39.0, 15.5 ] },
								"east": { "texture": "#hair", "uv": [ 39.0, 12.5, 41.0, 15.5 ] },
								"south": { "texture": "#hair", "uv": [ 41.0, 11.5, 43.0, 14.5 ] },
								"west": { "texture": "#hair", "uv": [ 39.5, 15.0, 41.5, 18.0 ] },
								"down": { "texture": "#hair", "uv": [ 39.0, 10.5, 41.0, 12.5 ] }
							}
						}
					]
				},
				{
					"name": "top",
					"from": [ -4.1, 1.7, -0.5 ],
					"to": [ 0.9, 2.7, 0.5 ],
					"autoUnwrap": false,
					"uv": [ 0.0, 36.5 ],
					"rotationOrigin": [ -1.1, 2.0, 0.0 ],
					"rotationZ": -6.0,
					"faces": {
						"north": { "texture": "#hair", "uv": [ 0.0, 37.5, 5.0, 38.5 ] },
						"south": { "texture": "#hair", "uv": [ 5.0, 36.5, 10.0, 37.5 ] },
						"up": { "texture": "#hair", "uv": [ 0.0, 36.5, 5.0, 37.5 ] }
					},
					"children": [
						{
							"name": "front",
							"from": [ -0.8, 0.0, -0.01 ],
							"to": [ 0.0, 1.0, 1.01 ],
							"uv": [ 0.0, 0.0 ],
							"rotationOrigin": [ 0.0, 1.0, 0.5 ],
							"rotationZ": 33.0,
							"faces": {
								"north": { "texture": "#hair", "uv": [ 0.0, 1.0, 0.5, 2.0 ] },
								"east": { "texture": "#hair", "uv": [ 0.5, 1.0, 1.5, 2.0 ] },
								"south": { "texture": "#hair", "uv": [ 1.5, 1.0, 2.0, 2.0 ] },
								"up": { "texture": "#hair", "uv": [ 0.0, 0.0, 0.5, 1.0 ] }
							}
						}
					]
				}
			]
		}
	]}