{
	"editor": {
		"backDropShape": "entity/humanoid/seraph-hairless",
		"allAngles": false,
		"entityTextureMode": true
	},
	"textureWidth": 48,
	"textureHeight": 48,
	"textureSizes": {
		"hair": [48,48]
	},
	"textures": {
		"hair": "entity/humanoid/seraphskinparts/hair/lightgray"
	},
	"elements": [
		{
			"name": "Hair-Base",
			"stepParentName": "Head",
			"from": [ -0.3, -3.2, -0.3 ],
			"to": [ 5.7, 5.3, 5.2 ],
			"renderPass": 1,
			"autoUnwrap": false,
			"uv": [ 0.0, 0.0 ],
			"rotationOrigin": [ 2.5, 3.0, 2.5 ],
			"faces": {
				"north": { "texture": "#hair", "uv": [ 0.5, 1.0, 6.5, 9.5 ], "windMode": [-1,-1,-1,-1], "windData": [1,1,1,1], "enabled": false },
				"east": { "texture": "#hair", "uv": [ 17.5, 0.5, 23.0, 9.0 ], "windMode": [-1,-1,-1,-1], "windData": [1,1,1,1], "enabled": false },
				"south": { "texture": "#hair", "uv": [ 12.0, 1.0, 18.0, 9.5 ], "windMode": [-1,-1,-1,-1], "windData": [1,1,1,1], "enabled": false },
				"west": { "texture": "#hair", "uv": [ 27.5, 21.0, 33.0, 29.5 ], "windMode": [-1,-1,-1,-1], "windData": [1,1,1,1], "enabled": false },
				"up": { "texture": "#hair", "uv": [ 24.0, 0.0, 29.5, 6.0 ], "rotation": 90, "enabled": false },
				"down": { "texture": "#null", "uv": [ 6.0, 0.0, 12.0, 5.5 ], "enabled": false }
			},
			"children": [
				{
					"name": "ponytailhigh",
					"from": [ 3.5, 6.0, 2.8 ],
					"to": [ 3.5, 6.0, 2.8 ],
					"uv": [ 0.0, 0.0 ],
					"rotationOrigin": [ 3.5, 6.0, 2.8 ],
					"faces": {
						"north": { "texture": "#null", "uv": [ 0.0, 0.5, 0.5, 1.0 ], "enabled": false },
						"east": { "texture": "#null", "uv": [ 0.5, 0.5, 1.0, 1.0 ], "enabled": false },
						"south": { "texture": "#null", "uv": [ 1.0, 0.5, 1.5, 1.0 ], "enabled": false },
						"west": { "texture": "#null", "uv": [ 1.5, 0.5, 2.0, 1.0 ], "enabled": false },
						"up": { "texture": "#null", "uv": [ 0.0, 0.0, 0.5, 0.5 ], "enabled": false },
						"down": { "texture": "#null", "uv": [ 0.5, 0.0, 1.0, 0.5 ], "enabled": false }
					},
					"children": [
						{
							"name": "BraidL1",
							"from": [ -2.0, -0.5, 1.9 ],
							"to": [ 2.0, 0.5, 2.9 ],
							"renderPass": 1,
							"uv": [ 18.5, 33.5 ],
							"rotationOrigin": [ -2.0, 0.0, 2.4 ],
							"rotationY": -10.0,
							"rotationZ": 15.0,
							"faces": {
								"north": { "texture": "#null", "uv": [ 18.5, 34.5, 22.5, 35.5 ], "enabled": false },
								"east": { "texture": "#hair", "uv": [ 18.5, 34.5, 19.5, 35.5 ] },
								"south": { "texture": "#hair", "uv": [ 19.5, 34.5, 23.5, 35.5 ] },
								"west": { "texture": "#hair", "uv": [ 23.5, 34.5, 24.5, 35.5 ] },
								"up": { "texture": "#hair", "uv": [ 18.5, 33.5, 22.5, 34.5 ] },
								"down": { "texture": "#hair", "uv": [ 22.5, 33.5, 26.5, 34.5 ] }
							},
							"children": [
								{
									"name": "BraidL4",
									"from": [ 4.0, 0.0, -3.0 ],
									"to": [ 5.0, 1.0, 1.0 ],
									"autoUnwrap": false,
									"uv": [ 17.5, 31.5 ],
									"rotationOrigin": [ 4.0, 0.5, 0.5 ],
									"rotationX": 10.0,
									"faces": {
										"north": { "texture": "#hair", "uv": [ 17.5, 35.5, 18.5, 36.5 ] },
										"east": { "texture": "#hair", "uv": [ 18.5, 35.5, 22.5, 36.5 ] },
										"south": { "texture": "#hair", "uv": [ 22.5, 35.5, 23.5, 36.5 ] },
										"west": { "texture": "#hair", "uv": [ 19.5, 33.0, 23.5, 34.0 ], "windMode": [-1,-1,-1,-1], "windData": [1,1,1,1] },
										"up": { "texture": "#hair", "uv": [ 17.5, 31.5, 18.5, 35.5 ] },
										"down": { "texture": "#hair", "uv": [ 18.5, 31.5, 19.5, 35.5 ] }
									}
								}
							]
						},
						{
							"name": "BraidR1",
							"from": [ -2.0, -0.5, -3.1 ],
							"to": [ 2.0, 0.5, -2.1 ],
							"renderPass": 1,
							"uv": [ 17.5, 33.0 ],
							"rotationOrigin": [ -2.0, 0.0, -2.6 ],
							"rotationY": 10.0,
							"rotationZ": 15.0,
							"faces": {
								"north": { "texture": "#hair", "uv": [ 17.5, 34.0, 21.5, 35.0 ] },
								"east": { "texture": "#hair", "uv": [ 21.5, 34.0, 22.5, 35.0 ] },
								"south": { "texture": "#null", "uv": [ 22.5, 34.0, 26.5, 35.0 ], "enabled": false },
								"west": { "texture": "#hair", "uv": [ 22.5, 34.0, 23.5, 35.0 ] },
								"up": { "texture": "#hair", "uv": [ 17.5, 33.0, 21.5, 34.0 ] },
								"down": { "texture": "#hair", "uv": [ 21.5, 33.0, 25.5, 34.0 ] }
							},
							"children": [
								{
									"name": "BraidR4",
									"from": [ 4.0, 0.0, 0.0 ],
									"to": [ 5.0, 1.0, 4.0 ],
									"autoUnwrap": false,
									"uv": [ 17.0, 32.0 ],
									"rotationOrigin": [ 4.0, 0.5, 0.5 ],
									"rotationX": -10.0,
									"faces": {
										"north": { "texture": "#hair", "uv": [ 17.0, 36.0, 18.0, 37.0 ] },
										"east": { "texture": "#hair", "uv": [ 18.0, 36.0, 22.0, 37.0 ] },
										"south": { "texture": "#hair", "uv": [ 22.0, 36.0, 23.0, 37.0 ] },
										"west": { "texture": "#hair", "uv": [ 20.0, 31.5, 24.0, 32.5 ], "windMode": [-1,-1,-1,-1], "windData": [1,1,1,1] },
										"up": { "texture": "#hair", "uv": [ 17.0, 32.0, 18.0, 36.0 ] },
										"down": { "texture": "#hair", "uv": [ 18.0, 32.0, 19.0, 36.0 ] }
									}
								}
							]
						},
						{
							"name": "BraidL2",
							"from": [ -2.5, -5.0, 2.4 ],
							"to": [ -2.0, 0.0, 2.9 ],
							"renderPass": 1,
							"uv": [ 25.5, 35.5 ],
							"rotationOrigin": [ -2.0, 0.0, 2.9 ],
							"rotationZ": -10.0,
							"faces": {
								"north": { "texture": "#hair", "uv": [ 25.5, 35.5, 26.0, 40.5 ] },
								"east": { "texture": "#hair", "uv": [ 26.0, 35.5, 26.5, 40.5 ] },
								"south": { "texture": "#hair", "uv": [ 26.5, 35.5, 27.0, 40.5 ] },
								"west": { "texture": "#hair", "uv": [ 27.0, 35.5, 27.5, 40.5 ] },
								"up": { "texture": "#hair", "uv": [ 25.5, 35.5, 26.0, 36.0 ], "windMode": [-1,-1,-1,-1], "windData": [1,1,1,1] },
								"down": { "texture": "#null", "uv": [ 26.0, 35.5, 26.5, 36.0 ], "enabled": false }
							}
						},
						{
							"name": "BraidR2",
							"from": [ -2.5, -5.0, -3.1 ],
							"to": [ -2.0, 0.0, -2.6 ],
							"renderPass": 1,
							"uv": [ 26.0, 35.5 ],
							"rotationOrigin": [ -2.0, 0.0, -3.1 ],
							"rotationZ": -10.0,
							"faces": {
								"north": { "texture": "#hair", "uv": [ 26.0, 35.5, 26.5, 40.5 ] },
								"east": { "texture": "#hair", "uv": [ 26.5, 35.5, 27.0, 40.5 ] },
								"south": { "texture": "#hair", "uv": [ 27.0, 35.5, 27.5, 40.5 ] },
								"west": { "texture": "#hair", "uv": [ 27.5, 35.5, 28.0, 40.5 ] },
								"up": { "texture": "#hair", "uv": [ 26.0, 35.5, 26.5, 36.0 ], "windMode": [-1,-1,-1,-1], "windData": [1,1,1,1] },
								"down": { "texture": "#null", "uv": [ 26.5, 35.5, 27.0, 36.0 ], "enabled": false }
							}
						},
						{
							"name": "BraidR3",
							"from": [ -2.0, -6.0, -3.1 ],
							"to": [ -1.5, 0.0, -2.6 ],
							"renderPass": 1,
							"uv": [ 26.0, 34.5 ],
							"rotationOrigin": [ -2.0, 0.0, -3.1 ],
							"rotationX": 10.0,
							"rotationZ": -5.0,
							"faces": {
								"north": { "texture": "#hair", "uv": [ 26.0, 34.5, 26.5, 40.5 ] },
								"east": { "texture": "#hair", "uv": [ 26.5, 34.5, 27.0, 40.5 ] },
								"south": { "texture": "#hair", "uv": [ 27.0, 34.5, 27.5, 40.5 ] },
								"west": { "texture": "#hair", "uv": [ 27.5, 34.5, 28.0, 40.5 ] },
								"up": { "texture": "#null", "uv": [ 26.0, 34.5, 26.5, 35.0 ], "enabled": false },
								"down": { "texture": "#null", "uv": [ 26.5, 34.5, 27.0, 35.0 ], "enabled": false }
							}
						},
						{
							"name": "BraidL3",
							"from": [ -2.0, -6.0, 2.4 ],
							"to": [ -1.5, 0.0, 2.9 ],
							"renderPass": 1,
							"uv": [ 25.5, 35.0 ],
							"rotationOrigin": [ -2.0, 0.0, 2.9 ],
							"rotationX": -10.0,
							"rotationZ": -5.0,
							"faces": {
								"north": { "texture": "#hair", "uv": [ 25.5, 35.0, 26.0, 41.0 ] },
								"east": { "texture": "#hair", "uv": [ 26.0, 35.0, 26.5, 41.0 ] },
								"south": { "texture": "#hair", "uv": [ 26.5, 35.0, 27.0, 41.0 ] },
								"west": { "texture": "#hair", "uv": [ 27.0, 35.0, 27.5, 41.0 ] },
								"up": { "texture": "#null", "uv": [ 25.5, 35.0, 26.0, 35.5 ], "enabled": false },
								"down": { "texture": "#null", "uv": [ 26.0, 35.0, 26.5, 35.5 ], "enabled": false }
							}
						},
						{
							"name": "Hair1",
							"from": [ 2.5, -5.0, -3.0 ],
							"to": [ 2.5, -1.0, 3.0 ],
							"renderPass": 1,
							"uv": [ 36.5, 18.0 ],
							"rotationOrigin": [ 2.5, 0.0, 0.0 ],
							"rotationZ": 45.0,
							"faces": {
								"north": { "texture": "#null", "uv": [ 36.5, 24.0, 37.0, 28.0 ], "enabled": false },
								"east": { "texture": "#hair", "uv": [ 36.5, 18.0, 42.5, 22.0 ], "windMode": [-1,-1,-1,-1], "windData": [1,1,1,1] },
								"south": { "texture": "#null", "uv": [ 43.0, 24.0, 43.5, 28.0 ], "enabled": false },
								"west": { "texture": "#null", "uv": [ 43.5, 24.0, 49.5, 28.0 ], "enabled": false },
								"up": { "texture": "#null", "uv": [ 36.5, 18.0, 37.0, 24.0 ], "enabled": false },
								"down": { "texture": "#null", "uv": [ 37.0, 18.0, 37.5, 24.0 ], "enabled": false }
							}
						},
						{
							"name": "Hair2",
							"from": [ 2.5, -5.5, -3.0 ],
							"to": [ 2.5, -1.5, 3.0 ],
							"renderPass": 1,
							"uv": [ 36.5, 18.0 ],
							"rotationOrigin": [ 2.5, -1.5, 0.0 ],
							"rotationZ": 15.0,
							"faces": {
								"north": { "texture": "#null", "uv": [ 36.5, 24.0, 37.0, 28.0 ], "enabled": false },
								"east": { "texture": "#hair", "uv": [ 36.5, 18.0, 42.5, 22.0 ], "windMode": [-1,-1,-1,-1], "windData": [1,1,1,1] },
								"south": { "texture": "#null", "uv": [ 43.0, 24.0, 43.5, 28.0 ], "enabled": false },
								"west": { "texture": "#null", "uv": [ 43.5, 24.0, 49.5, 28.0 ], "enabled": false },
								"up": { "texture": "#null", "uv": [ 36.5, 18.0, 37.0, 24.0 ], "enabled": false },
								"down": { "texture": "#null", "uv": [ 37.0, 18.0, 37.5, 24.0 ], "enabled": false }
							}
						},
						{
							"name": "Hair3",
							"from": [ 1.0, -1.6, -2.4 ],
							"to": [ 3.0, 1.4, 2.4 ],
							"renderPass": 1,
							"uv": [ 12.0, 3.0 ],
							"rotationOrigin": [ 3.0, 1.4, 0.0 ],
							"rotationZ": 22.5,
							"faces": {
								"north": { "texture": "#hair", "uv": [ 12.0, 3.0, 14.0, 6.0 ] },
								"east": { "texture": "#hair", "uv": [ 14.0, 3.0, 18.5, 6.0 ] },
								"south": { "texture": "#hair", "uv": [ 18.5, 3.0, 20.5, 6.0 ] },
								"west": { "texture": "#null", "uv": [ 20.5, 7.5, 25.0, 10.5 ], "enabled": false },
								"up": { "texture": "#null", "uv": [ 12.0, 3.0, 14.0, 7.5 ], "enabled": false },
								"down": { "texture": "#null", "uv": [ 14.0, 3.0, 16.0, 7.5 ], "enabled": false }
							}
						},
						{
							"name": "Hair4",
							"from": [ 2.5, -0.5, -2.3 ],
							"to": [ 5.5, 1.5, 2.3 ],
							"renderPass": 1,
							"autoUnwrap": false,
							"uv": [ 12.5, 23.0 ],
							"rotationOrigin": [ 2.5, 1.5, 0.0 ],
							"rotationZ": -20.0,
							"faces": {
								"north": { "texture": "#hair", "uv": [ 31.0, 40.5, 33.0, 43.5 ], "rotation": 90 },
								"east": { "texture": "#null", "uv": [ 3.0, 4.5, 7.5, 6.5 ], "enabled": false },
								"south": { "texture": "#hair", "uv": [ 29.0, 40.5, 31.0, 43.5 ], "rotation": 270 },
								"west": { "texture": "#null", "uv": [ 10.5, 4.5, 15.0, 6.5 ], "enabled": false },
								"up": { "texture": "#hair", "uv": [ 19.5, 26.0, 24.0, 29.0 ], "rotation": 270 },
								"down": { "texture": "#hair", "uv": [ 34.0, 38.5, 38.5, 41.5 ], "rotation": 90, "windMode": [-1,-1,-1,-1], "windData": [1,1,1,1] }
							}
						},
						{
							"name": "Hair5",
							"from": [ 2.0, -2.5, 0.0 ],
							"to": [ 5.0, 0.5, 3.0 ],
							"renderPass": 1,
							"autoUnwrap": false,
							"uv": [ 34.0, 25.5 ],
							"rotationOrigin": [ 2.5, -1.0, 1.5 ],
							"rotationY": -22.5,
							"rotationZ": -22.5,
							"faces": {
								"north": { "texture": "#hair", "uv": [ 30.0, 40.5, 33.0, 43.5 ], "rotation": 90 },
								"east": { "texture": "#null", "uv": [ 3.0, 3.0, 6.0, 6.0 ], "enabled": false },
								"south": { "texture": "#hair", "uv": [ 29.5, 40.5, 32.5, 43.5 ], "rotation": 270 },
								"west": { "texture": "#hair", "uv": [ 25.5, 2.5, 28.5, 5.5 ], "windMode": [-1,-1,-1,-1], "windData": [1,1,1,1] },
								"up": { "texture": "#hair", "uv": [ 28.0, 40.5, 31.0, 43.5 ], "rotation": 270 },
								"down": { "texture": "#hair", "uv": [ 30.5, 40.5, 33.5, 43.5 ], "rotation": 90 }
							}
						},
						{
							"name": "Hair6",
							"from": [ 2.0, -2.5, -3.0 ],
							"to": [ 5.0, 0.5, 0.0 ],
							"renderPass": 1,
							"autoUnwrap": false,
							"uv": [ 34.0, 25.5 ],
							"rotationOrigin": [ 2.0, -1.0, -1.5 ],
							"rotationY": 22.5,
							"rotationZ": -22.5,
							"faces": {
								"north": { "texture": "#hair", "uv": [ 30.0, 40.5, 33.0, 43.5 ], "rotation": 90 },
								"east": { "texture": "#null", "uv": [ 3.0, 3.0, 6.0, 6.0 ], "enabled": false },
								"south": { "texture": "#hair", "uv": [ 29.5, 40.5, 32.5, 43.5 ], "rotation": 270 },
								"west": { "texture": "#hair", "uv": [ 23.5, 0.5, 26.5, 3.5 ], "windMode": [-1,-1,-1,-1], "windData": [1,1,1,1] },
								"up": { "texture": "#hair", "uv": [ 28.0, 40.5, 31.0, 43.5 ], "rotation": 270 },
								"down": { "texture": "#hair", "uv": [ 30.5, 40.5, 33.5, 43.5 ], "rotation": 90 }
							}
						},
						{
							"name": "PaneR1",
							"from": [ 2.0, -3.0, -1.5 ],
							"to": [ 6.0, 2.0, -1.5 ],
							"autoUnwrap": false,
							"uv": [ 33.5, 3.0 ],
							"rotationOrigin": [ 2.0, 0.0, -1.5 ],
							"rotationY": 45.0,
							"rotationZ": -22.5,
							"faces": {
								"north": { "texture": "#hair", "uv": [ 20.0, 25.0, 25.0, 29.0 ], "rotation": 90, "windMode": [-1,-1,-1,-1], "windData": [1,1,1,1] },
								"east": { "texture": "#null", "uv": [ 4.0, 0.5, 4.5, 5.5 ], "enabled": false },
								"south": { "texture": "#null", "uv": [ 4.5, 0.5, 8.5, 5.5 ], "enabled": false },
								"west": { "texture": "#null", "uv": [ 8.5, 0.5, 9.0, 5.5 ], "enabled": false },
								"up": { "texture": "#null", "uv": [ 0.0, 0.0, 4.0, 0.5 ], "enabled": false },
								"down": { "texture": "#null", "uv": [ 4.0, 0.0, 8.0, 0.5 ], "enabled": false }
							}
						},
						{
							"name": "PaneL1",
							"from": [ 2.0, -3.0, 1.5 ],
							"to": [ 6.0, 2.0, 1.5 ],
							"autoUnwrap": false,
							"uv": [ 33.5, 3.0 ],
							"rotationOrigin": [ 2.0, 0.0, 1.5 ],
							"rotationY": -45.0,
							"rotationZ": -22.5,
							"faces": {
								"north": { "texture": "#null", "uv": [ 0.0, 0.5, 4.0, 5.5 ], "enabled": false },
								"east": { "texture": "#null", "uv": [ 4.0, 0.5, 4.5, 5.5 ], "enabled": false },
								"south": { "texture": "#hair", "uv": [ 20.0, 25.0, 25.0, 29.0 ], "rotation": 270, "windMode": [-1,-1,-1,-1], "windData": [1,1,1,1] },
								"west": { "texture": "#null", "uv": [ 8.5, 0.5, 9.0, 5.5 ], "enabled": false },
								"up": { "texture": "#null", "uv": [ 0.0, 0.0, 4.0, 0.5 ], "enabled": false },
								"down": { "texture": "#null", "uv": [ 4.0, 0.0, 8.0, 0.5 ], "enabled": false }
							}
						}
					]
				}
			]
		}
	]}