{
	"editor": {
		"backDropShape": "entity/humanoid/seraph-hairless",
		"allAngles": false,
		"entityTextureMode": true
	},
	"textureWidth": 48,
	"textureHeight": 48,
	"textureSizes": {
		"hair": [48,48]
	},
	"textures": {
		"hair": "entity/humanoid/seraphskinparts/hair/lightgray"
	},
	"elements": [
		{
			"name": "ponytailhigh",
			"stepParentName": "Head",
			"from": [ 5.5, 3.0, 2.5 ],
			"to": [ 5.5, 3.0, 2.5 ],
			"uv": [ 0.0, 0.0 ],
			"rotationOrigin": [ 5.5, 3.5, 2.5 ],
			"rotationZ": 8.0,
			"faces": {
			},
			"children": [
				{
					"name": "D1",
					"from": [ -1.0, -1.5, -1.1 ],
					"to": [ 1.0, -0.5, 0.9 ],
					"uv": [ 20.0, 33.0 ],
					"rotationOrigin": [ 0.5, -1.0, -0.1 ],
					"faces": {
						"east": { "texture": "#hair", "uv": [ 20.0, 35.0, 22.0, 36.0 ] },
						"up": { "texture": "#hair", "uv": [ 20.0, 33.0, 22.0, 35.0 ] },
						"down": { "texture": "#hair", "uv": [ 22.0, 33.0, 24.0, 35.0 ] }
					}
				},
				{
					"name": "U1",
					"from": [ -1.0, 1.5, -1.1 ],
					"to": [ 1.0, 2.5, 0.9 ],
					"uv": [ 18.0, 31.0 ],
					"rotationOrigin": [ 0.5, 2.0, -0.1 ],
					"faces": {
						"east": { "texture": "#hair", "uv": [ 18.0, 33.0, 20.0, 34.0 ], "windMode": [-1,-1,-1,-1] },
						"west": { "texture": "#hair", "uv": [ 20.0, 33.0, 22.0, 34.0 ], "windMode": [-1,-1,-1,-1] },
						"up": { "texture": "#hair", "uv": [ 18.0, 31.0, 20.0, 33.0 ] },
						"down": { "texture": "#hair", "uv": [ 20.0, 31.0, 22.0, 33.0 ] }
					}
				},
				{
					"name": "S1",
					"from": [ -1.0, -1.5, 0.9 ],
					"to": [ 1.0, 2.5, 1.9 ],
					"uv": [ 21.0, 32.5 ],
					"rotationOrigin": [ 0.0, 0.5, -0.1 ],
					"faces": {
						"north": { "texture": "#hair", "uv": [ 21.0, 33.5, 23.0, 37.5 ] },
						"east": { "texture": "#hair", "uv": [ 23.0, 33.5, 24.0, 37.5 ] },
						"south": { "texture": "#hair", "uv": [ 24.0, 33.5, 26.0, 37.5 ] },
						"west": { "texture": "#hair", "uv": [ 26.0, 33.5, 27.0, 37.5 ] },
						"up": { "texture": "#hair", "uv": [ 21.0, 32.5, 23.0, 33.5 ] },
						"down": { "texture": "#hair", "uv": [ 23.0, 32.5, 25.0, 33.5 ] }
					}
				},
				{
					"name": "N1",
					"from": [ -1.0, -1.5, -2.1 ],
					"to": [ 1.0, 2.5, -1.1 ],
					"uv": [ 21.0, 32.5 ],
					"rotationOrigin": [ 0.0, 0.5, -0.1 ],
					"faces": {
						"north": { "texture": "#hair", "uv": [ 21.0, 33.5, 23.0, 37.5 ] },
						"east": { "texture": "#hair", "uv": [ 23.0, 33.5, 24.0, 37.5 ] },
						"south": { "texture": "#hair", "uv": [ 24.0, 33.5, 26.0, 37.5 ] },
						"west": { "texture": "#hair", "uv": [ 26.0, 33.5, 27.0, 37.5 ] },
						"up": { "texture": "#hair", "uv": [ 21.0, 32.5, 23.0, 33.5 ] },
						"down": { "texture": "#hair", "uv": [ 23.0, 32.5, 25.0, 33.5 ] }
					}
				}
			]
		}
	]}