{
	"editor": {
		"backDropShape": "entity/humanoid/seraph-hairless",
		"allAngles": true,
		"entityTextureMode": true
	},
	"textureWidth": 48,
	"textureHeight": 48,
	"textureSizes": {
		"hair": [48,48],
		"reedrope": [16,16],
		"lapislazuli": [16,16],
		"rawhide": [16,16]
	},
	"textures": {
		"rawhide": "block/cloth/rawhide",
		"reedrope": "block/cloth/reedrope",
		"lapislazuli": "block/stone/gem/lapislazuli",
		"hair": "entity/humanoid/seraphskinparts/hair/lightgray"
	},
	"elements": [
		{
			"name": "Hair-Base",
			"stepParentName": "Head",
			"from": [ -0.3, -3.2, -0.3 ],
			"to": [ 5.7, 5.3, 5.2 ],
			"renderPass": 1,
			"autoUnwrap": false,
			"uv": [ 0.0, 0.0 ],
			"rotationOrigin": [ 2.5, 3.0, 2.5 ],
			"faces": {
				"north": { "texture": "#hair", "uv": [ 7.0, 36.0, 13.0, 44.5 ], "windMode": [-1,-1,-1,-1], "windData": [1,1,1,1], "enabled": false },
				"east": { "texture": "#hair", "uv": [ 1.5, 37.0, 7.0, 45.5 ], "windMode": [-1,-1,-1,-1], "windData": [1,1,1,1], "enabled": false },
				"south": { "texture": "#hair", "uv": [ 17.0, 36.0, 23.0, 44.5 ], "windMode": [-1,-1,-1,-1], "windData": [1,1,1,1], "enabled": false },
				"west": { "texture": "#hair", "uv": [ 12.0, 36.0, 17.5, 44.5 ], "windMode": [-1,-1,-1,-1], "windData": [1,1,1,1], "enabled": false },
				"up": { "texture": "#hair", "uv": [ 24.0, 0.0, 29.5, 6.0 ], "rotation": 90, "enabled": false },
				"down": { "texture": "#null", "uv": [ 6.0, 0.0, 12.0, 5.5 ], "enabled": false }
			},
			"children": [
				{
					"name": "sidelow",
					"from": [ 3.0, 6.0, 2.8 ],
					"to": [ 3.0, 6.0, 2.8 ],
					"uv": [ 0.0, 0.0 ],
					"rotationOrigin": [ 3.0, 6.0, 2.8 ],
					"faces": {
						"north": { "texture": "#null", "uv": [ 0.0, 0.5, 0.5, 1.0 ], "enabled": false },
						"east": { "texture": "#null", "uv": [ 0.5, 0.5, 1.0, 1.0 ], "enabled": false },
						"south": { "texture": "#null", "uv": [ 1.0, 0.5, 1.5, 1.0 ], "enabled": false },
						"west": { "texture": "#null", "uv": [ 1.5, 0.5, 2.0, 1.0 ], "enabled": false },
						"up": { "texture": "#null", "uv": [ 0.0, 0.0, 0.5, 0.5 ], "enabled": false },
						"down": { "texture": "#null", "uv": [ 0.5, 0.0, 1.0, 0.5 ], "enabled": false }
					},
					"children": [
						{
							"name": "braid-L1",
							"from": [ -0.5, -1.0, 1.8 ],
							"to": [ 0.5, 1.5, 2.8 ],
							"renderPass": 1,
							"uv": [ 20.5, 34.0 ],
							"rotationOrigin": [ 0.0, 1.0, 2.3 ],
							"rotationX": -22.5,
							"rotationZ": -15.0,
							"faces": {
								"north": { "texture": "#hair", "uv": [ 20.5, 35.0, 21.5, 37.5 ] },
								"east": { "texture": "#hair", "uv": [ 21.5, 35.0, 22.5, 37.5 ] },
								"south": { "texture": "#hair", "uv": [ 22.5, 35.0, 23.5, 37.5 ] },
								"west": { "texture": "#hair", "uv": [ 23.5, 35.0, 24.5, 37.5 ] },
								"up": { "texture": "#null", "uv": [ 20.5, 34.0, 21.5, 35.0 ], "enabled": false },
								"down": { "texture": "#hair", "uv": [ 20.5, 34.0, 21.5, 35.0 ] }
							},
							"children": [
								{
									"name": "braid-L2",
									"from": [ 0.0, -2.7, 0.0 ],
									"to": [ 1.0, 0.3, 1.0 ],
									"uv": [ 23.0, 34.5 ],
									"rotationOrigin": [ 0.5, 0.3, 0.5 ],
									"rotationX": 10.0,
									"rotationZ": -15.0,
									"faces": {
										"north": { "texture": "#hair", "uv": [ 23.0, 35.5, 24.0, 38.5 ] },
										"east": { "texture": "#hair", "uv": [ 24.0, 35.5, 25.0, 38.5 ] },
										"south": { "texture": "#hair", "uv": [ 25.0, 35.5, 26.0, 38.5 ] },
										"west": { "texture": "#hair", "uv": [ 26.0, 35.5, 27.0, 38.5 ] },
										"up": { "texture": "#hair", "uv": [ 23.0, 34.5, 24.0, 35.5 ] },
										"down": { "texture": "#null", "uv": [ 24.0, 34.5, 25.0, 35.5 ], "enabled": false }
									},
									"children": [
										{
											"name": "capL",
											"from": [ -0.1, -1.0, -0.1 ],
											"to": [ 1.1, 0.0, 1.1 ],
											"uv": [ 4.0, 1.0 ],
											"rotationOrigin": [ 0.5, 0.0, 0.5 ],
											"faces": {
												"north": { "texture": "#reedrope", "uv": [ 4.0, 2.0, 5.0, 3.0 ] },
												"east": { "texture": "#reedrope", "uv": [ 5.0, 2.0, 6.0, 3.0 ] },
												"south": { "texture": "#reedrope", "uv": [ 6.0, 2.0, 7.0, 3.0 ] },
												"west": { "texture": "#reedrope", "uv": [ 7.0, 2.0, 8.0, 3.0 ] },
												"up": { "texture": "#reedrope", "uv": [ 4.0, 1.0, 5.0, 2.0 ] },
												"down": { "texture": "#reedrope", "uv": [ 5.0, 1.0, 6.0, 2.0 ] }
											},
											"children": [
												{
													"name": "bead1",
													"from": [ -0.1, 0.3, 0.4 ],
													"to": [ 1.3, 0.7, 0.8 ],
													"uv": [ 1.5, 11.5 ],
													"rotationOrigin": [ 0.5, 0.5, 0.6 ],
													"rotationX": -45.0,
													"faces": {
														"north": { "texture": "#lapislazuli", "uv": [ 1.5, 12.0, 2.5, 12.5 ] },
														"east": { "texture": "#lapislazuli", "uv": [ 2.5, 12.0, 3.0, 12.5 ] },
														"south": { "texture": "#lapislazuli", "uv": [ 3.0, 12.0, 4.0, 12.5 ] },
														"west": { "texture": "#lapislazuli", "uv": [ 4.0, 12.0, 4.5, 12.5 ] },
														"up": { "texture": "#lapislazuli", "uv": [ 1.5, 11.5, 2.5, 12.0 ] },
														"down": { "texture": "#lapislazuli", "uv": [ 2.5, 11.5, 3.5, 12.0 ] }
													}
												},
												{
													"name": "bead2",
													"from": [ 0.4, 0.3, -0.1 ],
													"to": [ 0.8, 0.7, 1.3 ],
													"uv": [ 7.0, 0.0 ],
													"rotationOrigin": [ 0.6, 0.5, 0.6 ],
													"rotationZ": -45.0,
													"faces": {
														"north": { "texture": "#lapislazuli", "uv": [ 7.0, 1.0, 7.5, 1.5 ] },
														"east": { "texture": "#lapislazuli", "uv": [ 7.5, 1.0, 8.5, 1.5 ] },
														"south": { "texture": "#lapislazuli", "uv": [ 8.5, 1.0, 9.0, 1.5 ] },
														"west": { "texture": "#lapislazuli", "uv": [ 9.0, 1.0, 10.0, 1.5 ] },
														"up": { "texture": "#lapislazuli", "uv": [ 7.0, 0.0, 7.5, 1.0 ] },
														"down": { "texture": "#lapislazuli", "uv": [ 7.5, 0.0, 8.0, 1.0 ] }
													}
												},
												{
													"name": "strip4",
													"from": [ 0.6, -2.0, 0.5 ],
													"to": [ 0.6, 0.0, 0.7 ],
													"uv": [ 0.5, 12.5 ],
													"rotationOrigin": [ 0.6, 0.0, 0.6 ],
													"rotationZ": 15.0,
													"faces": {
														"north": { "texture": "#null", "uv": [ 0.5, 13.0, 1.0, 15.0 ], "enabled": false },
														"east": { "texture": "#null", "uv": [ 1.0, 13.0, 1.5, 15.0 ], "enabled": false },
														"south": { "texture": "#null", "uv": [ 1.5, 13.0, 2.0, 15.0 ], "enabled": false },
														"west": { "texture": "#rawhide", "uv": [ 2.0, 13.0, 2.5, 15.0 ], "windMode": [-1,-1,-1,-1], "windData": [1,1,1,1] },
														"up": { "texture": "#null", "uv": [ 0.5, 12.5, 1.0, 13.0 ], "enabled": false },
														"down": { "texture": "#null", "uv": [ 1.0, 12.5, 1.5, 13.0 ], "enabled": false }
													}
												},
												{
													"name": "strip5",
													"from": [ 0.6, -1.5, 0.8 ],
													"to": [ 0.6, 0.0, 1.0 ],
													"uv": [ 5.5, 4.5 ],
													"rotationOrigin": [ 0.6, 0.0, 0.9 ],
													"rotationZ": 15.0,
													"faces": {
														"north": { "texture": "#null", "uv": [ 5.5, 5.0, 6.0, 6.5 ], "enabled": false },
														"east": { "texture": "#null", "uv": [ 6.0, 5.0, 6.5, 6.5 ], "enabled": false },
														"south": { "texture": "#null", "uv": [ 6.5, 5.0, 7.0, 6.5 ], "enabled": false },
														"west": { "texture": "#rawhide", "uv": [ 5.5, 4.5, 6.0, 6.0 ], "windMode": [-1,-1,-1,-1], "windData": [1,1,1,1] },
														"up": { "texture": "#null", "uv": [ 5.5, 4.5, 6.0, 5.0 ], "enabled": false },
														"down": { "texture": "#null", "uv": [ 6.0, 4.5, 6.5, 5.0 ], "enabled": false }
													}
												},
												{
													"name": "strip6",
													"from": [ 0.6, -1.5, 0.2 ],
													"to": [ 0.6, 0.0, 0.4 ],
													"uv": [ 14.5, 7.5 ],
													"rotationOrigin": [ 0.6, 0.0, 0.3 ],
													"rotationZ": 15.0,
													"faces": {
														"north": { "texture": "#null", "uv": [ 14.5, 8.0, 15.0, 9.5 ], "enabled": false },
														"east": { "texture": "#null", "uv": [ 15.0, 8.0, 15.5, 9.5 ], "enabled": false },
														"south": { "texture": "#null", "uv": [ 15.5, 8.0, 16.0, 9.5 ], "enabled": false },
														"west": { "texture": "#rawhide", "uv": [ 14.5, 7.5, 15.0, 9.0 ], "windMode": [-1,-1,-1,-1], "windData": [1,1,1,1] },
														"up": { "texture": "#null", "uv": [ 14.5, 7.5, 15.0, 8.0 ], "enabled": false },
														"down": { "texture": "#null", "uv": [ 15.0, 7.5, 15.5, 8.0 ], "enabled": false }
													}
												}
											]
										}
									]
								}
							]
						},
						{
							"name": "braid-R1",
							"from": [ -0.5, -1.0, -2.7 ],
							"to": [ 0.5, 1.5, -1.7 ],
							"renderPass": 1,
							"uv": [ 20.5, 34.0 ],
							"rotationOrigin": [ 0.0, 1.0, -2.2 ],
							"rotationX": 22.5,
							"rotationZ": -15.0,
							"faces": {
								"north": { "texture": "#hair", "uv": [ 20.5, 35.0, 21.5, 37.5 ] },
								"east": { "texture": "#hair", "uv": [ 21.5, 35.0, 22.5, 37.5 ] },
								"south": { "texture": "#hair", "uv": [ 22.5, 35.0, 23.5, 37.5 ] },
								"west": { "texture": "#hair", "uv": [ 23.5, 35.0, 24.5, 37.5 ] },
								"up": { "texture": "#null", "uv": [ 20.5, 34.0, 21.5, 35.0 ], "enabled": false },
								"down": { "texture": "#hair", "uv": [ 20.5, 34.0, 21.5, 35.0 ] }
							},
							"children": [
								{
									"name": "braid-R2",
									"from": [ 0.0, -2.7, 0.0 ],
									"to": [ 1.0, 0.3, 1.0 ],
									"uv": [ 23.0, 34.5 ],
									"rotationOrigin": [ 0.5, 0.3, 0.5 ],
									"rotationX": -10.0,
									"rotationZ": -15.0,
									"faces": {
										"north": { "texture": "#hair", "uv": [ 23.0, 35.5, 24.0, 38.5 ] },
										"east": { "texture": "#hair", "uv": [ 24.0, 35.5, 25.0, 38.5 ] },
										"south": { "texture": "#hair", "uv": [ 25.0, 35.5, 26.0, 38.5 ] },
										"west": { "texture": "#hair", "uv": [ 26.0, 35.5, 27.0, 38.5 ] },
										"up": { "texture": "#hair", "uv": [ 23.0, 34.5, 24.0, 35.5 ] },
										"down": { "texture": "#null", "uv": [ 24.0, 34.5, 25.0, 35.5 ], "enabled": false }
									},
									"children": [
										{
											"name": "capR",
											"from": [ -0.1, -1.0, -0.1 ],
											"to": [ 1.1, 0.0, 1.1 ],
											"uv": [ 0.0, 0.0 ],
											"rotationOrigin": [ 0.5, 0.0, 0.5 ],
											"faces": {
												"north": { "texture": "#reedrope", "uv": [ 0.0, 1.0, 1.0, 2.0 ] },
												"east": { "texture": "#reedrope", "uv": [ 1.0, 1.0, 2.0, 2.0 ] },
												"south": { "texture": "#reedrope", "uv": [ 2.0, 1.0, 3.0, 2.0 ] },
												"west": { "texture": "#reedrope", "uv": [ 3.0, 1.0, 4.0, 2.0 ] },
												"up": { "texture": "#reedrope", "uv": [ 0.0, 0.0, 1.0, 1.0 ] },
												"down": { "texture": "#reedrope", "uv": [ 1.0, 0.0, 2.0, 1.0 ] }
											},
											"children": [
												{
													"name": "bead4",
													"from": [ -0.1, 0.3, 0.4 ],
													"to": [ 1.3, 0.7, 0.8 ],
													"uv": [ 3.0, 2.0 ],
													"rotationOrigin": [ 0.0, 0.5, 0.6 ],
													"rotationX": -45.0,
													"faces": {
														"north": { "texture": "#lapislazuli", "uv": [ 3.0, 2.5, 4.0, 3.0 ] },
														"east": { "texture": "#lapislazuli", "uv": [ 4.0, 2.5, 4.5, 3.0 ] },
														"south": { "texture": "#lapislazuli", "uv": [ 4.5, 2.5, 5.5, 3.0 ] },
														"west": { "texture": "#lapislazuli", "uv": [ 5.5, 2.5, 6.0, 3.0 ] },
														"up": { "texture": "#lapislazuli", "uv": [ 3.0, 2.0, 4.0, 2.5 ] },
														"down": { "texture": "#lapislazuli", "uv": [ 4.0, 2.0, 5.0, 2.5 ] }
													}
												},
												{
													"name": "bead3",
													"from": [ 0.4, 0.3, -0.1 ],
													"to": [ 0.8, 0.7, 1.3 ],
													"uv": [ 5.0, 6.5 ],
													"rotationOrigin": [ 0.6, 0.5, 0.0 ],
													"rotationZ": 45.0,
													"faces": {
														"north": { "texture": "#lapislazuli", "uv": [ 5.0, 7.5, 5.5, 8.0 ] },
														"east": { "texture": "#lapislazuli", "uv": [ 5.5, 7.5, 6.5, 8.0 ] },
														"south": { "texture": "#lapislazuli", "uv": [ 6.5, 7.5, 7.0, 8.0 ] },
														"west": { "texture": "#lapislazuli", "uv": [ 7.0, 7.5, 8.0, 8.0 ] },
														"up": { "texture": "#lapislazuli", "uv": [ 5.0, 6.5, 5.5, 7.5 ] },
														"down": { "texture": "#lapislazuli", "uv": [ 5.5, 6.5, 6.0, 7.5 ] }
													}
												},
												{
													"name": "strip1",
													"from": [ 0.6, -2.0, 0.5 ],
													"to": [ 0.6, 0.0, 0.7 ],
													"uv": [ 0.0, 0.0 ],
													"rotationOrigin": [ 0.6, 0.0, 0.6 ],
													"rotationZ": 15.0,
													"faces": {
														"north": { "texture": "#null", "uv": [ 0.0, 0.5, 0.5, 2.5 ], "enabled": false },
														"east": { "texture": "#null", "uv": [ 0.5, 0.5, 1.0, 2.5 ], "enabled": false },
														"south": { "texture": "#null", "uv": [ 1.0, 0.5, 1.5, 2.5 ], "enabled": false },
														"west": { "texture": "#rawhide", "uv": [ 1.5, 0.5, 2.0, 2.5 ], "windMode": [-1,-1,-1,-1], "windData": [1,1,1,1] },
														"up": { "texture": "#null", "uv": [ 0.0, 0.0, 0.5, 0.5 ], "enabled": false },
														"down": { "texture": "#null", "uv": [ 0.5, 0.0, 1.0, 0.5 ], "enabled": false }
													}
												},
												{
													"name": "strip2",
													"from": [ 0.6, -1.5, 0.8 ],
													"to": [ 0.6, 0.0, 1.0 ],
													"uv": [ 14.0, 9.0 ],
													"rotationOrigin": [ 0.6, 0.0, 0.9 ],
													"rotationZ": 15.0,
													"faces": {
														"north": { "texture": "#null", "uv": [ 14.0, 9.5, 14.5, 11.0 ], "enabled": false },
														"east": { "texture": "#null", "uv": [ 14.5, 9.5, 15.0, 11.0 ], "enabled": false },
														"south": { "texture": "#null", "uv": [ 15.0, 9.5, 15.5, 11.0 ], "enabled": false },
														"west": { "texture": "#rawhide", "uv": [ 14.0, 9.0, 14.5, 10.5 ], "windMode": [-1,-1,-1,-1], "windData": [1,1,1,1] },
														"up": { "texture": "#null", "uv": [ 14.0, 9.0, 14.5, 9.5 ], "enabled": false },
														"down": { "texture": "#null", "uv": [ 14.5, 9.0, 15.0, 9.5 ], "enabled": false }
													}
												},
												{
													"name": "strip3",
													"from": [ 0.6, -1.5, 0.2 ],
													"to": [ 0.6, 0.0, 0.4 ],
													"uv": [ 2.5, 4.0 ],
													"rotationOrigin": [ 0.6, 0.0, 0.3 ],
													"rotationZ": 15.0,
													"faces": {
														"north": { "texture": "#null", "uv": [ 2.5, 4.5, 3.0, 6.0 ], "enabled": false },
														"east": { "texture": "#null", "uv": [ 3.0, 4.5, 3.5, 6.0 ], "enabled": false },
														"south": { "texture": "#null", "uv": [ 3.5, 4.5, 4.0, 6.0 ], "enabled": false },
														"west": { "texture": "#rawhide", "uv": [ 2.5, 4.0, 3.0, 5.5 ], "windMode": [-1,-1,-1,-1], "windData": [1,1,1,1] },
														"up": { "texture": "#null", "uv": [ 2.5, 4.0, 3.0, 4.5 ], "enabled": false },
														"down": { "texture": "#null", "uv": [ 3.0, 4.0, 3.5, 4.5 ], "enabled": false }
													}
												}
											]
										}
									]
								}
							]
						},
						{
							"name": "strandL1",
							"from": [ -2.7, 1.4, 0.9 ],
							"to": [ -2.7, 1.9, 3.4 ],
							"renderPass": 1,
							"uv": [ 0.5, 1.0 ],
							"rotationOrigin": [ -2.7, 1.9, 0.9 ],
							"rotationX": 60.0,
							"rotationY": -14.0,
							"faces": {
								"north": { "texture": "#null", "uv": [ 0.5, 3.5, 1.0, 4.0 ], "enabled": false },
								"east": { "texture": "#null", "uv": [ 1.0, 3.5, 3.5, 4.0 ], "enabled": false },
								"south": { "texture": "#null", "uv": [ 3.5, 3.5, 4.0, 4.0 ], "enabled": false },
								"west": { "texture": "#hair", "uv": [ 0.5, 1.0, 3.0, 1.5 ], "windMode": [-1,-1,-1,-1], "windData": [1,1,1,1] },
								"up": { "texture": "#null", "uv": [ 0.5, 1.0, 1.0, 3.5 ], "enabled": false },
								"down": { "texture": "#null", "uv": [ 1.0, 1.0, 1.5, 3.5 ], "enabled": false }
							},
							"children": [
								{
									"name": "strandL2",
									"from": [ 0.0, 0.0, 2.5 ],
									"to": [ 0.0, 0.5, 4.0 ],
									"renderPass": 1,
									"uv": [ 3.0, 1.0 ],
									"rotationOrigin": [ 0.0, 0.0, 2.5 ],
									"rotationX": -15.0,
									"rotationY": 10.0,
									"faces": {
										"north": { "texture": "#null", "uv": [ 3.0, 2.5, 3.5, 3.0 ], "enabled": false },
										"east": { "texture": "#null", "uv": [ 3.5, 2.5, 5.0, 3.0 ], "enabled": false },
										"south": { "texture": "#null", "uv": [ 5.0, 2.5, 5.5, 3.0 ], "enabled": false },
										"west": { "texture": "#hair", "uv": [ 3.0, 1.0, 4.5, 1.5 ] },
										"up": { "texture": "#null", "uv": [ 3.0, 1.0, 3.5, 2.5 ], "enabled": false },
										"down": { "texture": "#null", "uv": [ 3.5, 1.0, 4.0, 2.5 ], "enabled": false }
									},
									"children": [
										{
											"name": "strandL3",
											"from": [ 0.0, 0.0, 1.5 ],
											"to": [ 2.0, 0.5, 1.5 ],
											"uv": [ 15.5, 1.0 ],
											"rotationOrigin": [ 0.0, 0.0, 1.5 ],
											"rotationY": -22.5,
											"faces": {
												"north": { "texture": "#null", "uv": [ 15.5, 1.5, 17.5, 2.0 ], "enabled": false },
												"east": { "texture": "#null", "uv": [ 17.5, 1.5, 18.0, 2.0 ], "enabled": false },
												"south": { "texture": "#hair", "uv": [ 15.5, 1.0, 17.5, 1.5 ], "windMode": [-1,-1,-1,-1], "windData": [1,1,1,1] },
												"west": { "texture": "#null", "uv": [ 20.0, 1.5, 20.5, 2.0 ], "enabled": false },
												"up": { "texture": "#null", "uv": [ 15.5, 1.0, 17.5, 1.5 ], "enabled": false },
												"down": { "texture": "#null", "uv": [ 17.5, 1.0, 19.5, 1.5 ], "enabled": false }
											}
										}
									]
								}
							]
						},
						{
							"name": "strandR1",
							"from": [ -2.7, 1.4, -3.4 ],
							"to": [ -2.7, 1.9, -0.9 ],
							"renderPass": 1,
							"uv": [ 0.5, 1.0 ],
							"rotationOrigin": [ -2.7, 1.9, -0.9 ],
							"rotationX": -60.0,
							"rotationY": 14.0,
							"faces": {
								"north": { "texture": "#null", "uv": [ 0.5, 3.5, 1.0, 4.0 ], "enabled": false },
								"east": { "texture": "#null", "uv": [ 1.0, 3.5, 3.5, 4.0 ], "enabled": false },
								"south": { "texture": "#null", "uv": [ 3.5, 3.5, 4.0, 4.0 ], "enabled": false },
								"west": { "texture": "#hair", "uv": [ 0.5, 1.0, 3.0, 1.5 ], "windMode": [-1,-1,-1,-1], "windData": [1,1,1,1] },
								"up": { "texture": "#null", "uv": [ 0.5, 1.0, 1.0, 3.5 ], "enabled": false },
								"down": { "texture": "#null", "uv": [ 1.0, 1.0, 1.5, 3.5 ], "enabled": false }
							},
							"children": [
								{
									"name": "strandR2",
									"from": [ 0.0, 0.0, -1.5 ],
									"to": [ 0.0, 0.5, 0.0 ],
									"renderPass": 1,
									"uv": [ 3.0, 1.0 ],
									"rotationOrigin": [ 0.0, 0.0, 0.0 ],
									"rotationX": 15.0,
									"rotationY": -10.0,
									"faces": {
										"north": { "texture": "#null", "uv": [ 3.0, 2.5, 3.5, 3.0 ], "enabled": false },
										"east": { "texture": "#null", "uv": [ 3.5, 2.5, 5.0, 3.0 ], "enabled": false },
										"south": { "texture": "#null", "uv": [ 5.0, 2.5, 5.5, 3.0 ], "enabled": false },
										"west": { "texture": "#hair", "uv": [ 3.0, 1.0, 4.5, 1.5 ] },
										"up": { "texture": "#null", "uv": [ 3.0, 1.0, 3.5, 2.5 ], "enabled": false },
										"down": { "texture": "#null", "uv": [ 3.5, 1.0, 4.0, 2.5 ], "enabled": false }
									},
									"children": [
										{
											"name": "strandR3",
											"from": [ 0.0, 0.0, 0.0 ],
											"to": [ 2.0, 0.5, 0.0 ],
											"uv": [ 10.0, 0.0 ],
											"rotationOrigin": [ 0.0, 0.0, 0.0 ],
											"rotationY": 22.5,
											"faces": {
												"north": { "texture": "#null", "uv": [ 10.0, 0.5, 12.0, 1.0 ], "enabled": false },
												"east": { "texture": "#null", "uv": [ 12.0, 0.5, 12.5, 1.0 ], "enabled": false },
												"south": { "texture": "#hair", "uv": [ 10.0, 0.0, 12.0, 0.5 ], "windMode": [-1,-1,-1,-1], "windData": [1,1,1,1] },
												"west": { "texture": "#null", "uv": [ 14.5, 0.5, 15.0, 1.0 ], "enabled": false },
												"up": { "texture": "#null", "uv": [ 10.0, 0.0, 12.0, 0.5 ], "enabled": false },
												"down": { "texture": "#null", "uv": [ 12.0, 0.0, 14.0, 0.5 ], "enabled": false }
											}
										}
									]
								}
							]
						}
					]
				}
			]
		}
	]}