{
	"editor": {
		"backDropShape": "entity/humanoid/seraph-hairless",
		"collapsedPaths": "Root/bandN/toothR1,Root/bandN/toothL1",
		"allAngles": true,
		"entityTextureMode": true
	},
	"textureWidth": 48,
	"textureHeight": 48,
	"textureSizes": {
		"hair": [48,48],
		"birch": [16,16]
	},
	"textures": {
		"birch": "block/wood/debarked/birch",
		"hair": "entity/humanoid/seraphskinparts/hair/lightgray"
	},
	"textures": {
	},
	"elements": [
		{
			"name": "ponytailhigh",
			"stepParentName": "Head",
			"from": [ -0.5, 0.0, 0.0 ],
			"to": [ 0.5, 1.0, 1.0 ],
			"uv": [ 0.0, 0.0 ],
			"faces": {
			},
			"children": [
				{
					"name": "PonytailA",
					"from": [ 5.7, -2.5, 1.0 ],
					"to": [ 7.7, 4.5, 4.0 ],
					"uv": [ 14.0, 0.0 ],
					"rotationOrigin": [ 5.7, 4.5, 2.5 ],
					"rotationZ": 2.0,
					"faces": {
						"north": { "texture": "#hair", "uv": [ 14.0, 2.0, 16.0, 9.0 ] },
						"east": { "texture": "#hair", "uv": [ 16.0, 2.0, 19.0, 9.0 ] },
						"south": { "texture": "#hair", "uv": [ 19.0, 2.0, 21.0, 9.0 ] },
						"up": { "texture": "#hair", "uv": [ 14.0, 0.0, 17.0, 2.0 ], "rotation": 270 }
					},
					"children": [
						{
							"name": "PonytailB",
							"from": [ 0.0, 3.9, 0.5 ],
							"to": [ 10.0, 5.9, 2.5 ],
							"autoUnwrap": false,
							"uv": [ 30.0, 16.0 ],
							"rotationOrigin": [ 0.0, 4.9, 1.5 ],
							"rotationZ": -75.0,
							"faces": {
								"north": { "texture": "#hair", "uv": [ 38.5, 15.0, 40.5, 25.0 ], "rotation": 90 },
								"south": { "texture": "#hair", "uv": [ 40.0, 15.0, 42.0, 25.0 ], "rotation": 270 },
								"west": { "texture": "#hair", "uv": [ 38.5, 16.0, 40.5, 18.0 ] },
								"up": { "texture": "#hair", "uv": [ 36.5, 15.0, 38.5, 25.0 ], "rotation": 270 },
								"down": { "texture": "#hair", "uv": [ 38.0, 15.0, 40.0, 25.0 ], "rotation": 90 }
							}
						}
					]
				}
			]
		}
	]}