{
	"editor": {
		"backDropShape": "entity/humanoid/seraph-hairless",
		"allAngles": false,
		"entityTextureMode": true
	},
	"textureWidth": 48,
	"textureHeight": 48,
	"textureSizes": {
		"hair": [48,48]
	},
	"textures": {
		"hair": "entity/humanoid/seraphskinparts/hair/lightgray"
	},
	"elements": [
		{
			"name": "sidelow",
			"stepParentName": "Head",
			"from": [ 5.5, 4.0, 2.5 ],
			"to": [ 5.5, 4.0, 2.5 ],
			"uv": [ 26.0, 31.5 ],
			"rotationOrigin": [ 5.5, 4.0, 2.5 ],
			"faces": {
			},
			"children": [
				{
					"name": "left",
					"from": [ -3.0, -3.0, 0.0 ],
					"to": [ -3.0, -3.0, 0.0 ],
					"uv": [ 0.0, 0.0 ],
					"rotationOrigin": [ -3.0, -3.0, 0.0 ],
					"rotationX": 8.0,
					"rotationY": 8.0,
					"faces": {
					},
					"children": [
						{
							"name": "braidL1",
							"from": [ 0.0, -1.0, 2.0 ],
							"to": [ 1.0, 2.0, 3.5 ],
							"uv": [ 22.5, 32.5 ],
							"rotationOrigin": [ 0.5, 0.5, 3.0 ],
							"rotationZ": -22.0,
							"faces": {
								"east": { "texture": "#hair", "uv": [ 23.5, 34.0, 25.0, 37.0 ] },
								"south": { "texture": "#hair", "uv": [ 25.0, 34.0, 26.0, 37.0 ] },
								"west": { "texture": "#hair", "uv": [ 26.0, 34.0, 27.5, 37.0 ] },
								"up": { "texture": "#hair", "uv": [ 22.5, 32.5, 23.5, 34.0 ] },
								"down": { "texture": "#hair", "uv": [ 23.5, 32.5, 24.5, 34.0 ] }
							},
							"children": [
								{
									"name": "braidL2",
									"from": [ -2.0, 0.0, 0.3 ],
									"to": [ 1.0, 1.0, 1.3 ],
									"uv": [ 0.0, 36.5 ],
									"rotationOrigin": [ 1.0, 0.0, 0.8 ],
									"rotationY": 8.0,
									"rotationZ": 33.0,
									"faces": {
										"north": { "texture": "#hair", "uv": [ 0.0, 37.5, 3.0, 38.5 ] },
										"east": { "texture": "#hair", "uv": [ 3.0, 37.5, 4.0, 38.5 ] },
										"south": { "texture": "#hair", "uv": [ 4.0, 37.5, 7.0, 38.5 ] },
										"west": { "texture": "#hair", "uv": [ 7.0, 37.5, 8.0, 38.5 ] },
										"up": { "texture": "#hair", "uv": [ 0.0, 36.5, 3.0, 37.5 ] },
										"down": { "texture": "#hair", "uv": [ 3.0, 36.5, 6.0, 37.5 ] }
									},
									"children": [
										{
											"name": "braidL3",
											"from": [ 0.0, -1.0, -0.1 ],
											"to": [ 1.0, 1.0, 0.9 ],
											"uv": [ 24.0, 37.5 ],
											"rotationOrigin": [ 0.0, 1.0, 0.4 ],
											"rotationX": -11.0,
											"rotationZ": -44.0,
											"faces": {
												"north": { "texture": "#hair", "uv": [ 24.0, 38.5, 25.0, 40.5 ] },
												"east": { "texture": "#hair", "uv": [ 25.0, 38.5, 26.0, 40.5 ] },
												"south": { "texture": "#hair", "uv": [ 26.0, 38.5, 27.0, 40.5 ] },
												"west": { "texture": "#hair", "uv": [ 27.0, 38.5, 28.0, 40.5 ] },
												"up": { "texture": "#hair", "uv": [ 24.0, 37.5, 25.0, 38.5 ] }
											}
										}
									]
								},
								{
									"name": "braidL4",
									"from": [ 0.0, 2.9, 0.0 ],
									"to": [ 1.0, 4.9, 1.5 ],
									"uv": [ 16.0, 33.0 ],
									"rotationOrigin": [ 1.0, 2.9, 1.0 ],
									"rotationX": -11.0,
									"rotationZ": 14.0,
									"faces": {
										"east": { "texture": "#hair", "uv": [ 17.0, 34.5, 18.5, 36.5 ] },
										"south": { "texture": "#hair", "uv": [ 18.5, 34.5, 19.5, 36.5 ] },
										"west": { "texture": "#hair", "uv": [ 19.5, 34.5, 21.0, 36.5 ] },
										"up": { "texture": "#hair", "uv": [ 16.0, 33.0, 17.0, 34.5 ] },
										"down": { "texture": "#hair", "uv": [ 17.0, 33.0, 18.0, 34.5 ] }
									},
									"children": [
										{
											"name": "braidL5",
											"from": [ 0.0, 1.0, 0.0 ],
											"to": [ 1.0, 2.0, 1.5 ],
											"uv": [ 0.5, 38.5 ],
											"rotationOrigin": [ 0.0, 2.0, 1.5 ],
											"rotationX": 55.0,
											"rotationZ": 8.0,
											"faces": {
												"north": { "texture": "#hair", "uv": [ 0.5, 40.0, 1.5, 41.0 ], "windMode": [-1,-1,-1,-1], "windData": [1,1,1,1] },
												"east": { "texture": "#hair", "uv": [ 1.5, 40.0, 3.0, 41.0 ] },
												"south": { "texture": "#hair", "uv": [ 3.0, 40.0, 4.0, 41.0 ] },
												"west": { "texture": "#hair", "uv": [ 4.0, 40.0, 5.5, 41.0 ] },
												"up": { "texture": "#hair", "uv": [ 0.5, 38.5, 1.5, 40.0 ] }
											}
										}
									]
								}
							]
						},
						{
							"name": "braidL6",
							"from": [ 0.5, 3.2, 0.4 ],
							"to": [ 1.5, 4.2, 2.4 ],
							"uv": [ 19.0, 31.0 ],
							"rotationOrigin": [ 0.5, 4.2, 0.4 ],
							"rotationX": -22.0,
							"rotationY": 14.0,
							"faces": {
								"north": { "texture": "#hair", "uv": [ 19.0, 33.0, 20.0, 34.0 ] },
								"east": { "texture": "#hair", "uv": [ 20.0, 33.0, 22.0, 34.0 ] },
								"south": { "texture": "#hair", "uv": [ 22.0, 33.0, 23.0, 34.0 ] },
								"west": { "texture": "#hair", "uv": [ 23.0, 33.0, 25.0, 34.0 ] },
								"up": { "texture": "#hair", "uv": [ 19.0, 31.0, 20.0, 33.0 ] }
							}
						}
					]
				},
				{
					"name": "right",
					"from": [ -3.0, -3.0, 0.0 ],
					"to": [ -3.0, -3.0, 0.0 ],
					"uv": [ 0.0, 0.0 ],
					"rotationOrigin": [ -3.0, -3.0, 0.0 ],
					"rotationX": -8.0,
					"rotationY": -8.0,
					"faces": {
					},
					"children": [
						{
							"name": "braidR1",
							"from": [ 0.0, -1.0, -3.5 ],
							"to": [ 1.0, 2.0, -2.0 ],
							"uv": [ 22.5, 32.5 ],
							"rotationOrigin": [ 0.5, 0.5, -2.5 ],
							"rotationZ": -22.0,
							"faces": {
								"north": { "texture": "#hair", "uv": [ 22.5, 34.0, 23.5, 37.0 ], "windMode": [-1,-1,-1,-1], "windData": [1,1,1,1] },
								"east": { "texture": "#hair", "uv": [ 23.5, 34.0, 25.0, 37.0 ] },
								"west": { "texture": "#hair", "uv": [ 26.0, 34.0, 27.5, 37.0 ] },
								"up": { "texture": "#hair", "uv": [ 22.5, 32.5, 23.5, 34.0 ] },
								"down": { "texture": "#hair", "uv": [ 23.5, 32.5, 24.5, 34.0 ] }
							},
							"children": [
								{
									"name": "braidR2",
									"from": [ -2.0, 0.0, 0.1 ],
									"to": [ 1.0, 1.0, 1.1 ],
									"uv": [ 0.0, 36.5 ],
									"rotationOrigin": [ 1.0, 0.0, 0.6 ],
									"rotationY": -8.0,
									"rotationZ": 33.0,
									"faces": {
										"north": { "texture": "#hair", "uv": [ 0.0, 37.5, 3.0, 38.5 ] },
										"east": { "texture": "#hair", "uv": [ 3.0, 37.5, 4.0, 38.5 ] },
										"south": { "texture": "#hair", "uv": [ 4.0, 37.5, 7.0, 38.5 ] },
										"west": { "texture": "#hair", "uv": [ 7.0, 37.5, 8.0, 38.5 ] },
										"up": { "texture": "#hair", "uv": [ 0.0, 36.5, 3.0, 37.5 ] },
										"down": { "texture": "#hair", "uv": [ 3.0, 36.5, 6.0, 37.5 ] }
									},
									"children": [
										{
											"name": "braidR3",
											"from": [ 0.0, -1.0, 0.0 ],
											"to": [ 1.0, 1.0, 1.0 ],
											"uv": [ 24.0, 37.5 ],
											"rotationOrigin": [ 0.0, 1.0, 0.5 ],
											"rotationX": 11.0,
											"rotationZ": -44.0,
											"faces": {
												"north": { "texture": "#hair", "uv": [ 24.0, 38.5, 25.0, 40.5 ] },
												"east": { "texture": "#hair", "uv": [ 25.0, 38.5, 26.0, 40.5 ] },
												"south": { "texture": "#hair", "uv": [ 26.0, 38.5, 27.0, 40.5 ] },
												"west": { "texture": "#hair", "uv": [ 27.0, 38.5, 28.0, 40.5 ] },
												"up": { "texture": "#hair", "uv": [ 24.0, 37.5, 25.0, 38.5 ] }
											}
										}
									]
								},
								{
									"name": "braidR4",
									"from": [ 0.0, 2.9, 0.0 ],
									"to": [ 1.0, 4.9, 1.5 ],
									"uv": [ 16.0, 33.0 ],
									"rotationOrigin": [ 1.0, 2.9, 1.0 ],
									"rotationX": 11.0,
									"rotationZ": 14.0,
									"faces": {
										"north": { "texture": "#hair", "uv": [ 16.0, 34.5, 17.0, 36.5 ], "windMode": [-1,-1,-1,-1], "windData": [1,1,1,1] },
										"east": { "texture": "#hair", "uv": [ 17.0, 34.5, 18.5, 36.5 ] },
										"west": { "texture": "#hair", "uv": [ 19.5, 34.5, 21.0, 36.5 ] },
										"up": { "texture": "#hair", "uv": [ 16.0, 33.0, 17.0, 34.5 ] },
										"down": { "texture": "#hair", "uv": [ 17.0, 33.0, 18.0, 34.5 ] }
									},
									"children": [
										{
											"name": "braidR5",
											"from": [ 0.0, 1.0, 0.0 ],
											"to": [ 1.0, 2.0, 1.5 ],
											"uv": [ 0.5, 38.5 ],
											"rotationOrigin": [ 0.0, 2.0, 0.0 ],
											"rotationX": -55.0,
											"rotationZ": 8.0,
											"faces": {
												"north": { "texture": "#hair", "uv": [ 0.5, 40.0, 1.5, 41.0 ], "windMode": [-1,-1,-1,-1], "windData": [1,1,1,1] },
												"east": { "texture": "#hair", "uv": [ 1.5, 40.0, 3.0, 41.0 ] },
												"south": { "texture": "#hair", "uv": [ 3.0, 40.0, 4.0, 41.0 ] },
												"west": { "texture": "#hair", "uv": [ 4.0, 40.0, 5.5, 41.0 ] },
												"up": { "texture": "#hair", "uv": [ 0.5, 38.5, 1.5, 40.0 ] }
											}
										}
									]
								}
							]
						},
						{
							"name": "braidR6",
							"from": [ 0.5, 3.2, -2.4 ],
							"to": [ 1.5, 4.2, -0.4 ],
							"uv": [ 19.0, 31.0 ],
							"rotationOrigin": [ 0.5, 4.2, -0.4 ],
							"rotationX": 22.0,
							"rotationY": -14.0,
							"faces": {
								"north": { "texture": "#hair", "uv": [ 19.0, 33.0, 20.0, 34.0 ] },
								"east": { "texture": "#hair", "uv": [ 20.0, 33.0, 22.0, 34.0 ] },
								"south": { "texture": "#hair", "uv": [ 22.0, 33.0, 23.0, 34.0 ] },
								"west": { "texture": "#hair", "uv": [ 23.0, 33.0, 25.0, 34.0 ] },
								"up": { "texture": "#hair", "uv": [ 19.0, 31.0, 20.0, 33.0 ] }
							}
						}
					]
				}
			]
		}
	]}