{
	"editor": {
		"backDropShape": "entity/humanoid/seraph-hairless",
		"allAngles": false,
		"entityTextureMode": true
	},
	"textureWidth": 48,
	"textureHeight": 48,
	"textureSizes": {
		"hair": [48,48]
	},
	"textures": {
		"hair": "entity/humanoid/seraphskinparts/hair/lightgray"
	},
	"elements": [
		{
			"name": "Hair-Base",
			"stepParentName": "Head",
			"from": [ -0.3, -3.2, -0.3 ],
			"to": [ 5.7, 5.3, 5.2 ],
			"renderPass": 1,
			"autoUnwrap": false,
			"uv": [ 0.0, 0.0 ],
			"rotationOrigin": [ 2.5, 3.0, 2.5 ],
			"faces": {
				"north": { "texture": "#hair", "uv": [ 41.5, 0.0, 47.5, 8.5 ], "windMode": [-1,-1,-1,-1], "windData": [1,1,1,1], "enabled": false },
				"east": { "texture": "#hair", "uv": [ 19.5, 21.0, 25.0, 29.5 ], "windMode": [-1,-1,-1,-1], "windData": [1,1,1,1], "enabled": false },
				"south": { "texture": "#hair", "uv": [ 31.5, 0.0, 37.5, 8.5 ], "windMode": [-1,-1,-1,-1], "windData": [1,1,1,1], "enabled": false },
				"west": { "texture": "#hair", "uv": [ 27.5, 21.0, 33.0, 29.5 ], "windMode": [-1,-1,-1,-1], "windData": [1,1,1,1], "enabled": false },
				"up": { "texture": "#hair", "uv": [ 24.0, 0.0, 29.5, 6.0 ], "rotation": 90, "enabled": false },
				"down": { "texture": "#null", "uv": [ 6.0, 0.0, 12.0, 5.5 ], "enabled": false }
			},
			"children": [
				{
					"name": "hair-uncovered",
					"from": [ 3.0, 6.0, 2.8 ],
					"to": [ 3.0, 6.0, 2.8 ],
					"uv": [ 0.0, 0.0 ],
					"rotationOrigin": [ 3.0, 6.0, 2.8 ],
					"faces": {
						"north": { "texture": "#null", "uv": [ 0.0, 0.5, 0.5, 1.0 ], "enabled": false },
						"east": { "texture": "#null", "uv": [ 0.5, 0.5, 1.0, 1.0 ], "enabled": false },
						"south": { "texture": "#null", "uv": [ 1.0, 0.5, 1.5, 1.0 ], "enabled": false },
						"west": { "texture": "#null", "uv": [ 1.5, 0.5, 2.0, 1.0 ], "enabled": false },
						"up": { "texture": "#null", "uv": [ 0.0, 0.0, 0.5, 0.5 ], "enabled": false },
						"down": { "texture": "#null", "uv": [ 0.5, 0.0, 1.0, 0.5 ], "enabled": false }
					},
					"children": [
						{
							"name": "HairL1",
							"from": [ -2.4, -3.0, 1.0 ],
							"to": [ 3.1, 2.0, 3.0 ],
							"renderPass": 1,
							"uv": [ 13.5, 1.0 ],
							"rotationOrigin": [ 0.0, 2.0, 3.0 ],
							"rotationX": -10.0,
							"faces": {
								"north": { "texture": "#null", "uv": [ 13.5, 3.0, 19.0, 8.0 ], "enabled": false },
								"east": { "texture": "#hair", "uv": [ 13.5, 1.0, 15.5, 6.0 ] },
								"south": { "texture": "#hair", "uv": [ 15.5, 1.0, 21.0, 6.0 ] },
								"west": { "texture": "#hair", "uv": [ 21.0, 1.0, 23.0, 6.0 ] },
								"up": { "texture": "#hair", "uv": [ 13.5, 1.0, 19.0, 3.0 ], "windMode": [-1,-1,-1,-1], "windData": [1,1,1,1] },
								"down": { "texture": "#null", "uv": [ 19.0, 1.0, 24.5, 3.0 ], "enabled": false }
							},
							"children": [
								{
									"name": "HairL2",
									"from": [ 0.0, 0.0, 2.0 ],
									"to": [ 5.0, 4.0, 2.0 ],
									"renderPass": 1,
									"uv": [ 28.0, 39.5 ],
									"rotationOrigin": [ 2.0, 5.0, 2.0 ],
									"rotationX": 5.0,
									"faces": {
										"north": { "texture": "#null", "uv": [ 28.0, 40.0, 33.0, 44.0 ], "enabled": false },
										"east": { "texture": "#null", "uv": [ 33.0, 40.0, 33.5, 44.0 ], "enabled": false },
										"south": { "texture": "#hair", "uv": [ 28.0, 39.5, 33.0, 43.5 ], "windMode": [-1,-1,-1,-1], "windData": [1,1,1,1] },
										"west": { "texture": "#null", "uv": [ 38.5, 40.0, 39.0, 44.0 ], "enabled": false },
										"up": { "texture": "#null", "uv": [ 28.0, 39.5, 33.0, 40.0 ], "enabled": false },
										"down": { "texture": "#null", "uv": [ 33.0, 39.5, 38.0, 40.0 ], "enabled": false }
									}
								},
								{
									"name": "HairL3",
									"from": [ 0.0, -1.0, 2.0 ],
									"to": [ 5.0, 4.0, 2.0 ],
									"renderPass": 1,
									"uv": [ 0.5, 1.0 ],
									"rotationOrigin": [ 2.0, 5.0, 2.0 ],
									"rotationX": 10.0,
									"faces": {
										"north": { "texture": "#null", "uv": [ 0.5, 1.5, 5.5, 6.5 ], "enabled": false },
										"east": { "texture": "#null", "uv": [ 5.5, 1.5, 6.0, 6.5 ], "enabled": false },
										"south": { "texture": "#hair", "uv": [ 0.5, 1.0, 5.5, 6.0 ], "windMode": [-1,-1,-1,-1], "windData": [1,1,1,1] },
										"west": { "texture": "#null", "uv": [ 11.0, 1.5, 11.5, 6.5 ], "enabled": false },
										"up": { "texture": "#null", "uv": [ 0.5, 1.0, 5.5, 1.5 ], "enabled": false },
										"down": { "texture": "#null", "uv": [ 5.5, 1.0, 10.5, 1.5 ], "enabled": false }
									}
								}
							]
						},
						{
							"name": "HairR1",
							"from": [ -2.4, -3.0, -3.0 ],
							"to": [ 3.1, 2.0, -1.0 ],
							"renderPass": 1,
							"uv": [ 12.5, 1.0 ],
							"rotationOrigin": [ 0.0, 2.0, -3.0 ],
							"rotationX": 10.0,
							"faces": {
								"north": { "texture": "#hair", "uv": [ 12.5, 1.0, 18.0, 6.0 ], "windMode": [-1,-1,-1,-1], "windData": [1,1,1,1] },
								"east": { "texture": "#hair", "uv": [ 18.0, 1.0, 20.0, 6.0 ] },
								"south": { "texture": "#null", "uv": [ 20.0, 3.0, 25.5, 8.0 ], "enabled": false },
								"west": { "texture": "#hair", "uv": [ 20.0, 1.0, 22.0, 6.0 ] },
								"up": { "texture": "#hair", "uv": [ 12.5, 1.0, 18.0, 3.0 ], "windMode": [-1,-1,-1,-1], "windData": [1,1,1,1] },
								"down": { "texture": "#null", "uv": [ 18.0, 1.0, 23.5, 3.0 ], "enabled": false }
							},
							"children": [
								{
									"name": "HairR2",
									"from": [ 0.0, 0.0, 0.0 ],
									"to": [ 5.0, 4.0, 0.0 ],
									"renderPass": 1,
									"uv": [ 33.5, 37.5 ],
									"rotationOrigin": [ 0.0, 5.0, 0.0 ],
									"rotationX": -5.0,
									"faces": {
										"north": { "texture": "#hair", "uv": [ 33.5, 37.5, 38.5, 41.5 ] },
										"east": { "texture": "#null", "uv": [ 38.5, 38.0, 39.0, 42.0 ], "enabled": false },
										"south": { "texture": "#null", "uv": [ 39.0, 38.0, 44.0, 42.0 ], "enabled": false },
										"west": { "texture": "#null", "uv": [ 44.0, 38.0, 44.5, 42.0 ], "enabled": false },
										"up": { "texture": "#null", "uv": [ 33.5, 37.5, 38.5, 38.0 ], "enabled": false },
										"down": { "texture": "#null", "uv": [ 38.5, 37.5, 43.5, 38.0 ], "enabled": false }
									}
								},
								{
									"name": "HairR3",
									"from": [ 0.0, -1.0, 0.0 ],
									"to": [ 5.0, 4.0, 0.0 ],
									"renderPass": 1,
									"uv": [ 0.0, 1.0 ],
									"rotationOrigin": [ 0.0, 5.0, 0.0 ],
									"rotationX": -10.0,
									"faces": {
										"north": { "texture": "#hair", "uv": [ 0.0, 1.0, 5.0, 6.0 ] },
										"east": { "texture": "#null", "uv": [ 5.0, 1.5, 5.5, 6.5 ], "enabled": false },
										"south": { "texture": "#null", "uv": [ 5.5, 1.5, 10.5, 6.5 ], "enabled": false },
										"west": { "texture": "#null", "uv": [ 10.5, 1.5, 11.0, 6.5 ], "enabled": false },
										"up": { "texture": "#null", "uv": [ 0.0, 1.0, 5.0, 1.5 ], "enabled": false },
										"down": { "texture": "#null", "uv": [ 5.0, 1.0, 10.0, 1.5 ], "enabled": false }
									}
								}
							]
						},
						{
							"name": "Hair-Back",
							"from": [ 2.0, -3.0, -3.0 ],
							"to": [ 3.0, 2.0, 3.0 ],
							"renderPass": 1,
							"autoUnwrap": false,
							"uv": [ 15.5, 1.0 ],
							"rotationOrigin": [ 3.0, 2.0, 0.0 ],
							"rotationZ": 10.0,
							"faces": {
								"north": { "texture": "#hair", "uv": [ 15.5, 1.0, 16.5, 6.0 ] },
								"east": { "texture": "#hair", "uv": [ 16.5, 1.0, 22.5, 6.0 ] },
								"south": { "texture": "#hair", "uv": [ 22.5, 1.0, 23.5, 6.0 ] },
								"west": { "texture": "#null", "uv": [ 23.5, 7.0, 29.5, 12.0 ], "enabled": false },
								"up": { "texture": "#hair", "uv": [ 26.5, 0.5, 27.5, 6.5 ], "windMode": [-1,-1,-1,-1], "windData": [1,1,1,1] },
								"down": { "texture": "#null", "uv": [ 16.5, 1.0, 17.5, 7.0 ], "enabled": false }
							}
						}
					]
				}
			]
		}
	]}