{
	"editor": {
		"backDropShape": "entity/humanoid/seraph-hairless",
		"allAngles": true,
		"entityTextureMode": true
	},
	"textureWidth": 48,
	"textureHeight": 48,
	"textureSizes": {
		"birch": [16,16],
		"hair": [48,48],
		"reedrope": [16,16],
		"lapislazuli": [16,16]
	},
	"textures": {
		"reedrope": "block/cloth/reedrope",
		"lapislazuli": "block/stone/gem/lapislazuli",
		"hair": "entity/humanoid/seraphskinparts/hair/lightgray"
	},
	"elements": [
		{
			"name": "sidelow",
			"stepParentName": "Head",
			"from": [ 0.0, 0.0, 0.0 ],
			"to": [ 0.0, 0.0, 0.0 ],
			"uv": [ 0.0, 0.0 ],
			"rotationOrigin": [ 3.0, 2.0, 2.5 ],
			"faces": {
				"north": { "texture": "#null", "uv": [ 0.0, 0.5, 0.5, 1.0 ], "enabled": false },
				"east": { "texture": "#null", "uv": [ 0.5, 0.5, 1.0, 1.0 ], "enabled": false },
				"south": { "texture": "#null", "uv": [ 1.0, 0.5, 1.5, 1.0 ], "enabled": false },
				"west": { "texture": "#null", "uv": [ 1.5, 0.5, 2.0, 1.0 ], "enabled": false },
				"up": { "texture": "#null", "uv": [ 0.0, 0.0, 0.5, 0.5 ], "enabled": false },
				"down": { "texture": "#null", "uv": [ 0.5, 0.0, 1.0, 0.5 ], "enabled": false }
			},
			"children": [
				{
					"name": "BraidFrontL1",
					"from": [ 3.3, -1.6, 4.1 ],
					"to": [ 4.3, 2.4, 5.1 ],
					"renderPass": 1,
					"uv": [ 23.5, 32.0 ],
					"rotationOrigin": [ 3.6, 2.4, 4.4 ],
					"rotationY": 30.0,
					"rotationZ": -55.0,
					"faces": {
						"north": { "texture": "#hair", "uv": [ 23.5, 33.0, 24.5, 37.0 ] },
						"east": { "texture": "#hair", "uv": [ 24.5, 33.0, 25.5, 37.0 ] },
						"south": { "texture": "#hair", "uv": [ 25.5, 33.0, 26.5, 37.0 ] },
						"west": { "texture": "#hair", "uv": [ 26.5, 33.0, 27.5, 37.0 ] },
						"up": { "texture": "#hair", "uv": [ 23.5, 32.0, 24.5, 33.0 ] },
						"down": { "texture": "#hair", "uv": [ 24.5, 32.0, 25.5, 33.0 ] }
					},
					"children": [
						{
							"name": "BraidFrontL2",
							"from": [ -0.1, -3.8, 0.0 ],
							"to": [ 0.9, 0.2, 1.0 ],
							"renderPass": 1,
							"uv": [ 22.5, 32.5 ],
							"rotationOrigin": [ 0.4, 0.2, 0.5 ],
							"rotationY": 10.0,
							"rotationZ": 30.0,
							"faces": {
								"north": { "texture": "#hair", "uv": [ 22.5, 32.5, 23.5, 36.5 ] },
								"east": { "texture": "#hair", "uv": [ 23.5, 32.5, 24.5, 36.5 ] },
								"south": { "texture": "#hair", "uv": [ 24.5, 32.5, 25.5, 36.5 ] },
								"west": { "texture": "#hair", "uv": [ 25.5, 32.5, 26.5, 36.5 ] },
								"up": { "texture": "#null", "uv": [ 22.5, 32.5, 23.5, 33.5 ], "enabled": false },
								"down": { "texture": "#null", "uv": [ 23.5, 32.5, 24.5, 33.5 ], "enabled": false }
							},
							"children": [
								{
									"name": "BraidFrontLTip",
									"from": [ 0.0, -2.8, 0.0 ],
									"to": [ 1.0, 0.2, 1.0 ],
									"renderPass": 1,
									"autoUnwrap": false,
									"uv": [ 24.0, 37.0 ],
									"rotationOrigin": [ 0.5, 0.2, 0.5 ],
									"rotationX": 10.0,
									"rotationZ": 10.0,
									"faces": {
										"north": { "texture": "#hair", "uv": [ 25.0, 38.0, 26.0, 41.0 ] },
										"east": { "texture": "#hair", "uv": [ 25.0, 38.0, 26.0, 41.0 ] },
										"south": { "texture": "#hair", "uv": [ 26.0, 38.0, 27.0, 41.0 ] },
										"west": { "texture": "#hair", "uv": [ 27.0, 38.0, 28.0, 41.0 ] },
										"up": { "texture": "#null", "uv": [ 0.0, 0.0, 1.0, 1.0 ], "enabled": false },
										"down": { "texture": "#null", "uv": [ 1.0, 0.0, 2.0, 1.0 ], "enabled": false }
									},
									"children": [
										{
											"name": "tieL",
											"from": [ -0.1, 2.6, -0.1 ],
											"to": [ 1.1, 3.6, 1.1 ],
											"uv": [ 4.0, 1.5 ],
											"rotationOrigin": [ 0.6, 2.6, 0.5 ],
											"faces": {
												"north": { "texture": "#reedrope", "uv": [ 4.0, 2.5, 5.0, 3.5 ] },
												"east": { "texture": "#reedrope", "uv": [ 5.0, 2.5, 6.0, 3.5 ] },
												"south": { "texture": "#reedrope", "uv": [ 6.0, 2.5, 7.0, 3.5 ] },
												"west": { "texture": "#reedrope", "uv": [ 7.0, 2.5, 8.0, 3.5 ] },
												"up": { "texture": "#reedrope", "uv": [ 4.0, 1.5, 5.0, 2.5 ] },
												"down": { "texture": "#reedrope", "uv": [ 5.0, 1.5, 6.0, 2.5 ] }
											},
											"children": [
												{
													"name": "bead3",
													"from": [ -0.1, 0.3, 0.4 ],
													"to": [ 1.3, 0.7, 0.8 ],
													"uv": [ 9.0, 11.5 ],
													"rotationOrigin": [ 0.6, 0.5, 0.6 ],
													"faces": {
														"north": { "texture": "#lapislazuli", "uv": [ 9.0, 12.0, 10.0, 12.5 ] },
														"east": { "texture": "#lapislazuli", "uv": [ 10.0, 12.0, 10.5, 12.5 ] },
														"south": { "texture": "#lapislazuli", "uv": [ 10.5, 12.0, 11.5, 12.5 ] },
														"west": { "texture": "#lapislazuli", "uv": [ 11.5, 12.0, 12.0, 12.5 ] },
														"up": { "texture": "#lapislazuli", "uv": [ 9.0, 11.5, 10.0, 12.0 ] },
														"down": { "texture": "#lapislazuli", "uv": [ 10.0, 11.5, 11.0, 12.0 ] }
													}
												},
												{
													"name": "bead4",
													"from": [ -0.1, 0.3, 0.4 ],
													"to": [ 1.3, 0.7, 0.8 ],
													"uv": [ 9.0, 11.5 ],
													"rotationOrigin": [ 0.6, 0.5, 0.6 ],
													"rotationY": 90.0,
													"faces": {
														"north": { "texture": "#lapislazuli", "uv": [ 9.0, 12.0, 10.0, 12.5 ] },
														"east": { "texture": "#lapislazuli", "uv": [ 10.0, 12.0, 10.5, 12.5 ] },
														"south": { "texture": "#lapislazuli", "uv": [ 10.5, 12.0, 11.5, 12.5 ] },
														"west": { "texture": "#lapislazuli", "uv": [ 11.5, 12.0, 12.0, 12.5 ] },
														"up": { "texture": "#lapislazuli", "uv": [ 9.0, 11.5, 10.0, 12.0 ] },
														"down": { "texture": "#lapislazuli", "uv": [ 10.0, 11.5, 11.0, 12.0 ] }
													}
												}
											]
										}
									]
								}
							]
						}
					]
				},
				{
					"name": "BraidFrontR1",
					"from": [ 3.3, -1.6, -0.1 ],
					"to": [ 4.3, 2.4, 0.9 ],
					"renderPass": 1,
					"uv": [ 20.0, 31.5 ],
					"rotationOrigin": [ 3.6, 2.4, 0.2 ],
					"rotationY": -30.0,
					"rotationZ": -55.0,
					"faces": {
						"north": { "texture": "#hair", "uv": [ 20.0, 32.5, 21.0, 36.5 ] },
						"east": { "texture": "#hair", "uv": [ 21.0, 32.5, 22.0, 36.5 ] },
						"south": { "texture": "#hair", "uv": [ 22.0, 32.5, 23.0, 36.5 ] },
						"west": { "texture": "#hair", "uv": [ 23.0, 32.5, 24.0, 36.5 ] },
						"up": { "texture": "#hair", "uv": [ 20.0, 31.5, 21.0, 32.5 ] },
						"down": { "texture": "#hair", "uv": [ 21.0, 31.5, 22.0, 32.5 ] }
					},
					"children": [
						{
							"name": "BraidFrontR2",
							"from": [ -0.1, -3.6, 0.0 ],
							"to": [ 0.9, 0.4, 1.0 ],
							"renderPass": 1,
							"uv": [ 22.5, 33.0 ],
							"rotationOrigin": [ 0.4, 0.4, 0.5 ],
							"rotationY": -10.0,
							"rotationZ": 30.0,
							"faces": {
								"north": { "texture": "#hair", "uv": [ 22.5, 33.0, 23.5, 37.0 ] },
								"east": { "texture": "#hair", "uv": [ 23.5, 33.0, 24.5, 37.0 ] },
								"south": { "texture": "#hair", "uv": [ 24.5, 33.0, 25.5, 37.0 ] },
								"west": { "texture": "#hair", "uv": [ 25.5, 33.0, 26.5, 37.0 ] },
								"up": { "texture": "#null", "uv": [ 22.5, 33.0, 23.5, 34.0 ], "enabled": false },
								"down": { "texture": "#null", "uv": [ 23.5, 33.0, 24.5, 34.0 ], "enabled": false }
							},
							"children": [
								{
									"name": "BraidFrontRTip",
									"from": [ 0.0, -2.8, 0.0 ],
									"to": [ 1.0, 0.2, 1.0 ],
									"renderPass": 1,
									"autoUnwrap": false,
									"uv": [ 24.0, 39.0 ],
									"rotationOrigin": [ 0.6, 0.2, 0.5 ],
									"rotationX": -10.0,
									"rotationZ": 10.0,
									"faces": {
										"north": { "texture": "#hair", "uv": [ 24.5, 38.0, 25.5, 41.0 ] },
										"east": { "texture": "#hair", "uv": [ 25.0, 38.0, 26.0, 41.0 ] },
										"south": { "texture": "#hair", "uv": [ 27.0, 38.5, 28.0, 41.5 ] },
										"west": { "texture": "#hair", "uv": [ 26.5, 38.5, 27.5, 41.5 ] },
										"up": { "texture": "#null", "uv": [ 0.0, 0.0, 1.0, 1.0 ], "enabled": false },
										"down": { "texture": "#null", "uv": [ 1.0, 0.0, 2.0, 1.0 ], "enabled": false }
									},
									"children": [
										{
											"name": "tieR",
											"from": [ -0.1, 2.5, -0.1 ],
											"to": [ 1.1, 3.5, 1.1 ],
											"uv": [ 5.0, 9.5 ],
											"rotationOrigin": [ 0.6, 2.5, 0.5 ],
											"faces": {
												"north": { "texture": "#reedrope", "uv": [ 5.0, 10.5, 6.0, 11.5 ] },
												"east": { "texture": "#reedrope", "uv": [ 6.0, 10.5, 7.0, 11.5 ] },
												"south": { "texture": "#reedrope", "uv": [ 7.0, 10.5, 8.0, 11.5 ] },
												"west": { "texture": "#reedrope", "uv": [ 8.0, 10.5, 9.0, 11.5 ] },
												"up": { "texture": "#reedrope", "uv": [ 5.0, 9.5, 6.0, 10.5 ] },
												"down": { "texture": "#reedrope", "uv": [ 6.0, 9.5, 7.0, 10.5 ] }
											},
											"children": [
												{
													"name": "bead1",
													"from": [ -0.1, 0.3, 0.4 ],
													"to": [ 1.3, 0.7, 0.8 ],
													"uv": [ 7.0, 10.0 ],
													"rotationOrigin": [ 0.6, 0.5, 0.6 ],
													"faces": {
														"north": { "texture": "#lapislazuli", "uv": [ 7.0, 10.5, 8.0, 11.0 ] },
														"east": { "texture": "#lapislazuli", "uv": [ 8.0, 10.5, 8.5, 11.0 ] },
														"south": { "texture": "#lapislazuli", "uv": [ 8.5, 10.5, 9.5, 11.0 ] },
														"west": { "texture": "#lapislazuli", "uv": [ 9.5, 10.5, 10.0, 11.0 ] },
														"up": { "texture": "#lapislazuli", "uv": [ 7.0, 10.0, 8.0, 10.5 ] },
														"down": { "texture": "#lapislazuli", "uv": [ 8.0, 10.0, 9.0, 10.5 ] }
													}
												},
												{
													"name": "bead2",
													"from": [ -0.1, 0.3, 0.4 ],
													"to": [ 1.3, 0.7, 0.8 ],
													"uv": [ 2.0, 14.0 ],
													"rotationOrigin": [ 0.6, 0.5, 0.6 ],
													"rotationY": 90.0,
													"faces": {
														"north": { "texture": "#lapislazuli", "uv": [ 2.0, 14.5, 3.0, 15.0 ] },
														"east": { "texture": "#lapislazuli", "uv": [ 3.0, 14.5, 3.5, 15.0 ] },
														"south": { "texture": "#lapislazuli", "uv": [ 3.5, 14.5, 4.5, 15.0 ] },
														"west": { "texture": "#lapislazuli", "uv": [ 4.5, 14.5, 5.0, 15.0 ] },
														"up": { "texture": "#lapislazuli", "uv": [ 2.0, 14.0, 3.0, 14.5 ] },
														"down": { "texture": "#lapislazuli", "uv": [ 3.0, 14.0, 4.0, 14.5 ] }
													}
												}
											]
										}
									]
								}
							]
						}
					]
				},
				{
					"name": "tied",
					"from": [ 5.9, 2.0, 1.3 ],
					"to": [ 6.9, 4.0, 3.3 ],
					"uv": [ 0.0, 0.0 ],
					"rotationOrigin": [ 5.9, 3.0, 2.3 ],
					"faces": {
						"north": { "texture": "#reedrope", "uv": [ 0.0, 2.0, 1.0, 4.0 ] },
						"east": { "texture": "#reedrope", "uv": [ 1.0, 2.0, 3.0, 4.0 ] },
						"south": { "texture": "#reedrope", "uv": [ 3.0, 2.0, 4.0, 4.0 ] },
						"west": { "texture": "#null", "uv": [ 4.0, 2.0, 6.0, 4.0 ], "enabled": false },
						"up": { "texture": "#null", "uv": [ 0.0, 0.0, 1.0, 2.0 ], "enabled": false },
						"down": { "texture": "#reedrope", "uv": [ 0.0, 0.0, 1.0, 2.0 ] }
					},
					"children": [
						{
							"name": "bun1",
							"from": [ -1.1, 1.0, -0.25 ],
							"to": [ 0.9, 4.0, 2.25 ],
							"uv": [ 16.5, 31.5 ],
							"rotationOrigin": [ -0.5, 2.0, 1.0 ],
							"rotationZ": -45.0,
							"faces": {
								"north": { "texture": "#hair", "uv": [ 16.5, 34.0, 18.5, 37.0 ] },
								"east": { "texture": "#hair", "uv": [ 18.5, 34.0, 21.0, 37.0 ], "windMode": [-1,-1,-1,-1], "windData": [1,1,1,1] },
								"south": { "texture": "#hair", "uv": [ 21.0, 34.0, 23.0, 37.0 ] },
								"west": { "texture": "#hair", "uv": [ 23.0, 34.0, 25.5, 37.0 ], "windMode": [-1,-1,-1,-1], "windData": [1,1,1,1] },
								"up": { "texture": "#hair", "uv": [ 16.5, 31.5, 18.5, 34.0 ] },
								"down": { "texture": "#hair", "uv": [ 18.5, 31.5, 20.5, 34.0 ], "windMode": [-1,-1,-1,-1], "windData": [1,1,1,1], "enabled": false }
							}
						},
						{
							"name": "bun2",
							"from": [ -0.1, -2.4, 0.5 ],
							"to": [ 0.9, 0.1, 1.5 ],
							"renderPass": 1,
							"uv": [ 1.0, 12.5 ],
							"rotationOrigin": [ 0.4, 0.2, 1.0 ],
							"rotationZ": 15.0,
							"faces": {
								"north": { "texture": "#hair", "uv": [ 1.0, 12.5, 2.0, 15.0 ] },
								"east": { "texture": "#hair", "uv": [ 2.0, 12.5, 3.0, 15.0 ] },
								"south": { "texture": "#hair", "uv": [ 3.0, 12.5, 4.0, 15.0 ] },
								"west": { "texture": "#hair", "uv": [ 4.0, 12.5, 5.0, 15.0 ] },
								"up": { "texture": "#null", "uv": [ 1.0, 12.5, 2.0, 13.5 ], "enabled": false },
								"down": { "texture": "#null", "uv": [ 2.0, 12.5, 3.0, 13.5 ], "enabled": false }
							}
						},
						{
							"name": "BraidBL",
							"from": [ -0.3, 0.0, 1.5 ],
							"to": [ 0.7, 1.0, 4.0 ],
							"uv": [ 16.0, 33.5 ],
							"rotationOrigin": [ 0.0, 0.5, 2.0 ],
							"rotationX": 15.0,
							"faces": {
								"north": { "texture": "#null", "uv": [ 16.0, 36.0, 17.0, 37.0 ], "enabled": false },
								"east": { "texture": "#hair", "uv": [ 17.0, 36.0, 19.5, 37.0 ] },
								"south": { "texture": "#hair", "uv": [ 19.5, 36.0, 20.5, 37.0 ] },
								"west": { "texture": "#null", "uv": [ 20.5, 36.0, 23.0, 37.0 ], "enabled": false },
								"up": { "texture": "#hair", "uv": [ 16.0, 33.5, 17.0, 36.0 ] },
								"down": { "texture": "#hair", "uv": [ 17.0, 33.5, 18.0, 36.0 ] }
							}
						},
						{
							"name": "BraidBR",
							"from": [ -0.3, 0.0, -2.0 ],
							"to": [ 0.7, 1.0, 0.5 ],
							"uv": [ 16.0, 33.5 ],
							"rotationOrigin": [ 0.0, 0.5, 0.1 ],
							"rotationX": -15.0,
							"faces": {
								"north": { "texture": "#hair", "uv": [ 16.0, 36.0, 17.0, 37.0 ], "windMode": [-1,-1,-1,-1], "windData": [1,1,1,1] },
								"east": { "texture": "#hair", "uv": [ 17.0, 36.0, 19.5, 37.0 ] },
								"south": { "texture": "#null", "uv": [ 19.5, 36.0, 20.5, 37.0 ], "enabled": false },
								"west": { "texture": "#null", "uv": [ 20.5, 36.0, 23.0, 37.0 ], "enabled": false },
								"up": { "texture": "#hair", "uv": [ 16.0, 33.5, 17.0, 36.0 ] },
								"down": { "texture": "#hair", "uv": [ 17.0, 33.5, 18.0, 36.0 ] }
							}
						}
					]
				},
				{
					"name": "BraidL1",
					"from": [ 0.5, 1.5, 4.7 ],
					"to": [ 3.5, 2.5, 5.7 ],
					"uv": [ 18.0, 32.5 ],
					"rotationOrigin": [ 3.0, 2.0, 5.2 ],
					"rotationZ": -30.0,
					"faces": {
						"north": { "texture": "#null", "uv": [ 18.0, 33.5, 21.0, 34.5 ], "enabled": false },
						"east": { "texture": "#hair", "uv": [ 18.0, 33.5, 19.0, 34.5 ] },
						"south": { "texture": "#hair", "uv": [ 19.0, 33.5, 22.0, 34.5 ] },
						"west": { "texture": "#hair", "uv": [ 22.0, 33.5, 23.0, 34.5 ] },
						"up": { "texture": "#hair", "uv": [ 18.0, 32.5, 21.0, 33.5 ] },
						"down": { "texture": "#hair", "uv": [ 21.0, 32.5, 24.0, 33.5 ] }
					},
					"children": [
						{
							"name": "braidL2",
							"from": [ -2.5, 0.0, 0.0 ],
							"to": [ 0.0, 1.0, 1.0 ],
							"uv": [ 17.5, 34.0 ],
							"rotationOrigin": [ 0.0, 0.5, 1.1 ],
							"rotationY": -35.0,
							"rotationZ": -5.0,
							"faces": {
								"north": { "texture": "#hair", "uv": [ 17.5, 35.0, 20.0, 36.0 ] },
								"east": { "texture": "#null", "uv": [ 20.0, 35.0, 21.0, 36.0 ], "enabled": false },
								"south": { "texture": "#hair", "uv": [ 21.0, 35.0, 23.5, 36.0 ] },
								"west": { "texture": "#hair", "uv": [ 23.5, 35.0, 24.5, 36.0 ] },
								"up": { "texture": "#hair", "uv": [ 17.5, 34.0, 20.0, 35.0 ] },
								"down": { "texture": "#hair", "uv": [ 20.0, 34.0, 22.5, 35.0 ] }
							}
						},
						{
							"name": "braidL3",
							"from": [ 2.8, -0.1, 0.0 ],
							"to": [ 5.8, 0.9, 1.0 ],
							"uv": [ 20.5, 31.0 ],
							"rotationOrigin": [ 2.8, 0.4, 0.5 ],
							"rotationY": -5.0,
							"rotationZ": 35.0,
							"faces": {
								"north": { "texture": "#hair", "uv": [ 20.5, 32.0, 23.5, 33.0 ] },
								"east": { "texture": "#hair", "uv": [ 23.5, 32.0, 24.5, 33.0 ] },
								"south": { "texture": "#hair", "uv": [ 24.5, 32.0, 27.5, 33.0 ] },
								"west": { "texture": "#hair", "uv": [ 27.5, 32.0, 28.5, 33.0 ] },
								"up": { "texture": "#hair", "uv": [ 20.5, 31.0, 23.5, 32.0 ] },
								"down": { "texture": "#hair", "uv": [ 23.5, 31.0, 26.5, 32.0 ] }
							}
						}
					]
				},
				{
					"name": "BraidL2",
					"from": [ 0.5, 1.5, -0.7 ],
					"to": [ 3.5, 2.5, 0.3 ],
					"uv": [ 18.0, 32.5 ],
					"rotationOrigin": [ 3.0, 2.0, -0.2 ],
					"rotationZ": -30.0,
					"faces": {
						"north": { "texture": "#hair", "uv": [ 18.0, 33.5, 21.0, 34.5 ], "windMode": [-1,-1,-1,-1], "windData": [1,1,1,1] },
						"east": { "texture": "#hair", "uv": [ 21.0, 33.5, 22.0, 34.5 ] },
						"south": { "texture": "#null", "uv": [ 22.0, 33.5, 25.0, 34.5 ], "enabled": false },
						"west": { "texture": "#hair", "uv": [ 22.0, 33.5, 23.0, 34.5 ] },
						"up": { "texture": "#hair", "uv": [ 18.0, 32.5, 21.0, 33.5 ] },
						"down": { "texture": "#hair", "uv": [ 21.0, 32.5, 24.0, 33.5 ] }
					},
					"children": [
						{
							"name": "braidL4",
							"from": [ -2.5, 0.0, 0.0 ],
							"to": [ 0.0, 1.0, 1.0 ],
							"uv": [ 17.5, 34.0 ],
							"rotationOrigin": [ 0.0, 0.5, 0.1 ],
							"rotationY": 35.0,
							"rotationZ": -5.0,
							"faces": {
								"north": { "texture": "#hair", "uv": [ 17.5, 35.0, 20.0, 36.0 ] },
								"east": { "texture": "#null", "uv": [ 20.0, 35.0, 21.0, 36.0 ], "enabled": false },
								"south": { "texture": "#hair", "uv": [ 20.0, 35.0, 22.5, 36.0 ] },
								"west": { "texture": "#hair", "uv": [ 22.5, 35.0, 23.5, 36.0 ] },
								"up": { "texture": "#hair", "uv": [ 17.5, 34.0, 20.0, 35.0 ] },
								"down": { "texture": "#hair", "uv": [ 20.0, 34.0, 22.5, 35.0 ] }
							}
						},
						{
							"name": "braidL5",
							"from": [ 2.8, -0.1, 0.0 ],
							"to": [ 5.8, 0.9, 1.0 ],
							"uv": [ 20.5, 31.0 ],
							"rotationOrigin": [ 2.8, 0.4, 0.5 ],
							"rotationY": 5.0,
							"rotationZ": 35.0,
							"faces": {
								"north": { "texture": "#hair", "uv": [ 20.5, 32.0, 23.5, 33.0 ] },
								"east": { "texture": "#hair", "uv": [ 23.5, 32.0, 24.5, 33.0 ] },
								"south": { "texture": "#hair", "uv": [ 24.5, 32.0, 27.5, 33.0 ] },
								"west": { "texture": "#hair", "uv": [ 27.5, 32.0, 28.5, 33.0 ] },
								"up": { "texture": "#hair", "uv": [ 20.5, 31.0, 23.5, 32.0 ] },
								"down": { "texture": "#hair", "uv": [ 23.5, 31.0, 26.5, 32.0 ] }
							}
						}
					]
				},
				{
					"name": "strandR1",
					"from": [ 0.0, 3.0, 1.0 ],
					"to": [ 0.0, 5.0, 2.0 ],
					"renderPass": 1,
					"uv": [ 47.0, 20.0 ],
					"rotationOrigin": [ 0.0, 5.0, 1.5 ],
					"rotationX": 20.0,
					"rotationZ": -55.0,
					"faces": {
						"north": { "texture": "#null", "uv": [ 47.0, 21.0, 47.5, 23.0 ], "enabled": false },
						"east": { "texture": "#null", "uv": [ 47.5, 21.0, 48.5, 23.0 ], "enabled": false },
						"south": { "texture": "#null", "uv": [ 48.5, 21.0, 49.0, 23.0 ], "enabled": false },
						"west": { "texture": "#hair", "uv": [ 47.0, 20.0, 48.0, 22.0 ], "windMode": [-1,-1,-1,-1], "windData": [1,1,1,1] },
						"up": { "texture": "#null", "uv": [ 47.0, 20.0, 47.5, 21.0 ], "enabled": false },
						"down": { "texture": "#null", "uv": [ 47.5, 20.0, 48.0, 21.0 ], "enabled": false }
					},
					"children": [
						{
							"name": "strandR2",
							"from": [ 0.0, -2.0, 0.0 ],
							"to": [ 0.0, 0.0, 1.0 ],
							"renderPass": 1,
							"uv": [ 44.0, 35.5 ],
							"rotationOrigin": [ 0.0, 0.0, 0.5 ],
							"rotationZ": 36.0,
							"faces": {
								"north": { "texture": "#null", "uv": [ 44.0, 36.5, 44.5, 38.5 ], "enabled": false },
								"east": { "texture": "#null", "uv": [ 44.5, 36.5, 45.5, 38.5 ], "enabled": false },
								"south": { "texture": "#null", "uv": [ 45.5, 36.5, 46.0, 38.5 ], "enabled": false },
								"west": { "texture": "#hair", "uv": [ 44.0, 35.5, 45.0, 37.5 ], "windMode": [-1,-1,-1,-1], "windData": [1,1,1,1] },
								"up": { "texture": "#null", "uv": [ 44.0, 35.5, 44.5, 36.5 ], "enabled": false },
								"down": { "texture": "#null", "uv": [ 44.5, 35.5, 45.0, 36.5 ], "enabled": false }
							}
						}
					]
				},
				{
					"name": "strandL1",
					"from": [ -0.1, 3.0, 3.0 ],
					"to": [ -0.1, 5.0, 4.0 ],
					"renderPass": 1,
					"uv": [ 42.5, 19.5 ],
					"rotationOrigin": [ -0.1, 5.0, 3.5 ],
					"rotationX": -20.0,
					"rotationZ": -39.0,
					"faces": {
						"north": { "texture": "#null", "uv": [ 42.5, 20.5, 43.0, 22.5 ], "enabled": false },
						"east": { "texture": "#null", "uv": [ 43.0, 20.5, 44.0, 22.5 ], "enabled": false },
						"south": { "texture": "#null", "uv": [ 44.0, 20.5, 44.5, 22.5 ], "enabled": false },
						"west": { "texture": "#hair", "uv": [ 42.5, 19.5, 43.5, 21.5 ], "windMode": [-1,-1,-1,-1], "windData": [1,1,1,1] },
						"up": { "texture": "#null", "uv": [ 42.5, 19.5, 43.0, 20.5 ], "enabled": false },
						"down": { "texture": "#null", "uv": [ 43.0, 19.5, 43.5, 20.5 ], "enabled": false }
					},
					"children": [
						{
							"name": "strandL2",
							"from": [ 0.0, -2.0, 0.0 ],
							"to": [ 0.0, 0.0, 1.0 ],
							"renderPass": 1,
							"uv": [ 44.0, 45.0 ],
							"rotationOrigin": [ 0.0, 0.0, 0.5 ],
							"rotationZ": 25.0,
							"faces": {
								"north": { "texture": "#null", "uv": [ 44.0, 46.0, 44.5, 48.0 ], "enabled": false },
								"east": { "texture": "#null", "uv": [ 44.5, 46.0, 45.5, 48.0 ], "enabled": false },
								"south": { "texture": "#null", "uv": [ 45.5, 46.0, 46.0, 48.0 ], "enabled": false },
								"west": { "texture": "#hair", "uv": [ 44.0, 45.0, 45.0, 47.0 ], "windMode": [-1,-1,-1,-1], "windData": [1,1,1,1] },
								"up": { "texture": "#null", "uv": [ 44.0, 45.0, 44.5, 46.0 ], "enabled": false },
								"down": { "texture": "#null", "uv": [ 44.5, 45.0, 45.0, 46.0 ], "enabled": false }
							}
						}
					]
				}
			]
		}
	]}