{
	"editor": {
		"backDropShape": "entity/humanoid/seraph-hairless",
		"collapsedPaths": "Root/bandN/toothR1,Root/bandN/toothL1",
		"allAngles": true,
		"entityTextureMode": true
	},
	"textureWidth": 48,
	"textureHeight": 48,
	"textureSizes": {
		"hair": [48,48],
		"birch": [16,16]
	},
	"textures": {
		"birch": "block/wood/debarked/birch",
		"hair": "entity/humanoid/seraphskinparts/hair/lightgray"
	},
	"elements": [
		{
			"name": "ponytailhigh",
			"stepParentName": "Head",
			"from": [ 0.0, 0.0, 0.0 ],
			"to": [ 1.0, 1.0, 1.0 ],
			"uv": [ 0.0, 0.0 ],
			"faces": {
			},
			"children": [
				{
					"name": "BunTop",
					"from": [ 3.0, 3.0, 1.5 ],
					"to": [ 7.0, 5.0, 3.5 ],
					"uv": [ 16.5, 31.0 ],
					"rotationOrigin": [ 3.0, 4.0, 1.5 ],
					"rotationZ": 15.0,
					"faces": {
						"north": { "texture": "#hair", "uv": [ 16.5, 33.0, 20.5, 35.0 ] },
						"east": { "texture": "#hair", "uv": [ 20.5, 33.0, 22.5, 35.0 ] },
						"south": { "texture": "#hair", "uv": [ 22.5, 33.0, 26.5, 35.0 ] },
						"up": { "texture": "#hair", "uv": [ 16.5, 31.0, 20.5, 33.0 ] }
					},
					"children": [
						{
							"name": "Cube1",
							"from": [ 3.0, 0.0, -0.5 ],
							"to": [ 5.0, 3.0, 2.5 ],
							"autoUnwrap": false,
							"uv": [ 17.0, 28.5 ],
							"rotationOrigin": [ 3.0, 1.5, 1.1 ],
							"faces": {
								"north": { "texture": "#hair", "uv": [ 17.0, 31.5, 19.0, 34.5 ] },
								"east": { "texture": "#hair", "uv": [ 19.0, 31.5, 22.0, 34.5 ] },
								"south": { "texture": "#hair", "uv": [ 22.0, 31.5, 24.0, 34.5 ] },
								"west": { "texture": "#hair", "uv": [ 24.0, 31.5, 27.0, 34.5 ] },
								"up": { "texture": "#hair", "uv": [ 19.5, 31.0, 21.5, 34.0 ] },
								"down": { "texture": "#hair", "uv": [ 22.5, 31.5, 24.5, 34.5 ] }
							}
						}
					]
				},
				{
					"name": "HairSnood",
					"from": [ 5.1, 0.7, 0.5 ],
					"to": [ 7.1, 5.7, 4.5 ],
					"autoUnwrap": false,
					"uv": [ 7.0, 15.5 ],
					"rotationOrigin": [ 5.6, 3.7, 2.5 ],
					"rotationZ": -8.0,
					"faces": {
						"north": { "texture": "#hair", "uv": [ 25.5, 31.5, 27.5, 36.5 ] },
						"east": { "texture": "#hair", "uv": [ 21.5, 32.0, 25.5, 37.0 ] },
						"south": { "texture": "#hair", "uv": [ 18.5, 31.0, 20.5, 36.0 ] },
						"west": { "texture": "#hair", "uv": [ 20.0, 31.5, 24.0, 36.5 ] },
						"up": { "texture": "#hair", "uv": [ 24.0, 33.5, 26.0, 37.5 ] },
						"down": { "texture": "#hair", "uv": [ 21.0, 32.5, 23.0, 36.5 ] }
					},
					"children": [
						{
							"name": "BunBottom",
							"from": [ -0.4, -1.2, 0.5 ],
							"to": [ 1.6, 0.8, 3.5 ],
							"uv": [ 17.5, 31.5 ],
							"rotationOrigin": [ 0.6, -0.2, 2.0 ],
							"rotationZ": -36.0,
							"faces": {
								"north": { "texture": "#hair", "uv": [ 17.5, 34.5, 19.5, 36.5 ] },
								"east": { "texture": "#hair", "uv": [ 19.5, 34.5, 22.5, 36.5 ] },
								"south": { "texture": "#hair", "uv": [ 22.5, 34.5, 24.5, 36.5 ] },
								"up": { "texture": "#hair", "uv": [ 17.5, 31.5, 19.5, 34.5 ] },
								"down": { "texture": "#hair", "uv": [ 19.5, 31.5, 21.5, 34.5 ] }
							}
						},
						{
							"name": "Cube5",
							"from": [ 2.0, 1.0, 0.5 ],
							"to": [ 3.0, 4.0, 3.5 ],
							"uv": [ 21.0, 31.0 ],
							"rotationOrigin": [ 2.0, 1.0, 0.5 ],
							"faces": {
								"north": { "texture": "#hair", "uv": [ 21.0, 34.0, 22.0, 37.0 ] },
								"east": { "texture": "#hair", "uv": [ 22.0, 34.0, 25.0, 37.0 ] },
								"south": { "texture": "#hair", "uv": [ 25.0, 34.0, 26.0, 37.0 ] },
								"up": { "texture": "#hair", "uv": [ 21.0, 31.0, 22.0, 34.0 ] },
								"down": { "texture": "#hair", "uv": [ 22.0, 31.0, 23.0, 34.0 ] }
							}
						},
						{
							"name": "Stick1",
							"from": [ 1.0, 3.0, -2.0 ],
							"to": [ 1.5, 3.5, 6.0 ],
							"autoUnwrap": false,
							"uv": [ 3.5, 2.5 ],
							"rotationOrigin": [ 1.2, 3.2, 2.0 ],
							"rotationX": 45.0,
							"faces": {
								"north": { "texture": "#birch", "uv": [ 3.5, 10.5, 4.0, 11.0 ] },
								"east": { "texture": "#birch", "uv": [ 4.0, 10.5, 12.0, 11.0 ] },
								"south": { "texture": "#birch", "uv": [ 12.0, 10.5, 12.5, 11.0 ] },
								"west": { "texture": "#birch", "uv": [ 6.5, 11.5, 14.5, 12.0 ] },
								"up": { "texture": "#birch", "uv": [ 3.5, 2.5, 4.0, 10.5 ] },
								"down": { "texture": "#birch", "uv": [ 4.0, 2.5, 4.5, 10.5 ] }
							}
						},
						{
							"name": "Stick7",
							"from": [ 1.0, 3.0, -1.0 ],
							"to": [ 1.5, 3.5, 5.0 ],
							"uv": [ 0.0, 0.0 ],
							"rotationOrigin": [ 1.2, 3.2, 2.0 ],
							"faces": {
								"north": { "texture": "#birch", "uv": [ 0.0, 6.0, 0.5, 6.5 ] },
								"east": { "texture": "#birch", "uv": [ 0.5, 6.0, 6.5, 6.5 ] },
								"south": { "texture": "#birch", "uv": [ 6.5, 6.0, 7.0, 6.5 ] },
								"west": { "texture": "#birch", "uv": [ 7.0, 6.0, 13.0, 6.5 ] },
								"up": { "texture": "#birch", "uv": [ 0.0, 0.0, 0.5, 6.0 ] },
								"down": { "texture": "#birch", "uv": [ 0.5, 0.0, 1.0, 6.0 ] }
							}
						},
						{
							"name": "Stick8",
							"from": [ 1.0, 3.0, -2.0 ],
							"to": [ 1.5, 3.5, 6.0 ],
							"autoUnwrap": false,
							"uv": [ 3.5, 2.5 ],
							"rotationOrigin": [ 1.2, 3.2, 2.0 ],
							"rotationX": -45.0,
							"faces": {
								"north": { "texture": "#birch", "uv": [ 3.5, 10.5, 4.0, 11.0 ] },
								"east": { "texture": "#birch", "uv": [ 4.0, 10.5, 12.0, 11.0 ] },
								"south": { "texture": "#birch", "uv": [ 12.0, 10.5, 12.5, 11.0 ] },
								"west": { "texture": "#birch", "uv": [ 6.5, 11.5, 14.5, 12.0 ] },
								"up": { "texture": "#birch", "uv": [ 3.5, 2.5, 4.0, 10.5 ] },
								"down": { "texture": "#birch", "uv": [ 4.0, 2.5, 4.5, 10.5 ] }
							}
						}
					]
				}
			]
		}
	]}