{
	"editor": {
		"backDropShape": "entity/humanoid/seraph-hairless",
		"allAngles": false,
		"entityTextureMode": true
	},
	"textureWidth": 48,
	"textureHeight": 48,
	"textureSizes": {
		"hair": [48,48]
	},
	"textures": {
		"hair": "entity/humanoid/seraphskinparts/hair/lightgray"
	},
	"elements": [
		{
			"name": "hair-uncovered",
			"stepParentName": "Head",
			"from": [ 0.0, 0.0, 2.5 ],
			"to": [ 0.0, 0.0, 2.5 ],
			"uv": [ 0.0, 0.0 ],
			"rotationOrigin": [ 0.0, 0.0, 2.5 ],
			"faces": {
			},
			"children": [
				{
					"name": "Hair24",
					"from": [ 4.2, 0.7, -3.5 ],
					"to": [ 5.2, 1.7, 3.5 ],
					"autoUnwrap": false,
					"uv": [ 11.0, 20.0 ],
					"rotationOrigin": [ 4.7, 1.2, 2.5 ],
					"rotationX": 1.0,
					"rotationY": -1.0,
					"rotationZ": 45.0,
					"faces": {
						"north": { "texture": "#hair", "uv": [ 20.0, 33.5, 21.0, 34.5 ] },
						"east": { "texture": "#hair", "uv": [ 0.0, 39.0, 7.0, 40.0 ] },
						"south": { "texture": "#hair", "uv": [ 19.0, 36.5, 20.0, 37.5 ] },
						"west": { "texture": "#hair", "uv": [ 0.0, 37.5, 7.0, 38.5 ] },
						"up": { "texture": "#hair", "uv": [ 21.0, 31.5, 22.0, 38.5 ] },
						"down": { "texture": "#hair", "uv": [ 22.0, 33.0, 23.0, 40.0 ] }
					}
				},
				{
					"name": "Hair23",
					"from": [ 2.3, 0.7, -3.5 ],
					"to": [ 3.3, 1.7, 3.5 ],
					"autoUnwrap": false,
					"uv": [ 4.0, 22.0 ],
					"rotationOrigin": [ 2.8, 1.2, 0.0 ],
					"rotationZ": 44.0,
					"faces": {
						"north": { "texture": "#hair", "uv": [ 3.5, 40.0, 4.5, 41.0 ] },
						"east": { "texture": "#hair", "uv": [ 1.5, 39.0, 8.5, 40.0 ] },
						"south": { "texture": "#hair", "uv": [ 11.5, 37.0, 12.5, 38.0 ] },
						"west": { "texture": "#hair", "uv": [ 2.5, 36.5, 9.5, 37.5 ] },
						"up": { "texture": "#hair", "uv": [ 21.5, 33.0, 22.5, 40.0 ] },
						"down": { "texture": "#hair", "uv": [ 22.5, 32.0, 23.5, 39.0 ] }
					}
				},
				{
					"name": "Hair21",
					"from": [ 3.3, 2.3, -3.5 ],
					"to": [ 4.3, 3.3, 3.5 ],
					"autoUnwrap": false,
					"uv": [ 24.5, 16.5 ],
					"rotationOrigin": [ 3.8, 2.8, 0.0 ],
					"rotationX": 2.0,
					"rotationY": -1.0,
					"rotationZ": 45.0,
					"faces": {
						"north": { "texture": "#hair", "uv": [ 26.0, 35.0, 27.0, 36.0 ] },
						"east": { "texture": "#hair", "uv": [ 16.0, 33.5, 23.0, 34.5 ] },
						"south": { "texture": "#hair", "uv": [ 26.5, 33.5, 27.5, 34.5 ] },
						"west": { "texture": "#hair", "uv": [ 17.5, 33.0, 24.5, 34.0 ] },
						"up": { "texture": "#hair", "uv": [ 18.0, 31.0, 19.0, 38.0 ] },
						"down": { "texture": "#hair", "uv": [ 21.5, 32.5, 22.5, 39.5 ] }
					}
				},
				{
					"name": "Hair20",
					"from": [ 1.3, 2.3, -3.5 ],
					"to": [ 2.3, 3.3, 3.5 ],
					"autoUnwrap": false,
					"uv": [ 12.0, 18.0 ],
					"rotationOrigin": [ 1.8, 2.8, 0.0 ],
					"rotationY": 2.0,
					"rotationZ": 45.0,
					"faces": {
						"north": { "texture": "#hair", "uv": [ 16.0, 35.0, 17.0, 36.0 ] },
						"east": { "texture": "#hair", "uv": [ 10.0, 36.0, 17.0, 37.0 ] },
						"south": { "texture": "#hair", "uv": [ 19.5, 35.5, 20.5, 36.5 ] },
						"west": { "texture": "#hair", "uv": [ 2.0, 38.5, 9.0, 39.5 ] },
						"up": { "texture": "#hair", "uv": [ 23.0, 31.0, 24.0, 38.0 ] },
						"down": { "texture": "#hair", "uv": [ 21.0, 32.5, 22.0, 39.5 ] }
					}
				},
				{
					"name": "Hair19",
					"from": [ 4.2, 3.7, -3.5 ],
					"to": [ 5.2, 4.7, 3.5 ],
					"autoUnwrap": false,
					"uv": [ 12.5, 19.5 ],
					"rotationOrigin": [ 4.7, 4.2, 2.5 ],
					"rotationZ": 45.0,
					"faces": {
						"north": { "texture": "#hair", "uv": [ 26.5, 32.0, 27.5, 33.0 ] },
						"east": { "texture": "#hair", "uv": [ 21.0, 31.0, 28.0, 32.0 ] },
						"south": { "texture": "#hair", "uv": [ 24.0, 34.5, 25.0, 35.5 ] },
						"west": { "texture": "#hair", "uv": [ 20.5, 35.5, 27.5, 36.5 ] },
						"up": { "texture": "#hair", "uv": [ 20.5, 32.5, 21.5, 39.5 ] },
						"down": { "texture": "#hair", "uv": [ 23.0, 32.0, 24.0, 39.0 ] }
					}
				},
				{
					"name": "Hair18",
					"from": [ 2.3, 3.7, -3.5 ],
					"to": [ 3.3, 4.7, 3.5 ],
					"autoUnwrap": false,
					"uv": [ 21.0, 31.0 ],
					"rotationOrigin": [ 2.8, 4.2, 0.0 ],
					"rotationY": -1.0,
					"rotationZ": 43.0,
					"faces": {
						"north": { "texture": "#hair", "uv": [ 21.0, 38.0, 22.0, 39.0 ] },
						"east": { "texture": "#hair", "uv": [ 19.0, 34.0, 26.0, 35.0 ] },
						"south": { "texture": "#hair", "uv": [ 25.0, 35.5, 26.0, 36.5 ] },
						"west": { "texture": "#hair", "uv": [ 20.0, 31.5, 27.0, 32.5 ] },
						"up": { "texture": "#hair", "uv": [ 21.0, 31.0, 22.0, 38.0 ] },
						"down": { "texture": "#hair", "uv": [ 22.0, 31.0, 23.0, 38.0 ] }
					}
				},
				{
					"name": "Hair17",
					"from": [ 0.3, 3.7, -3.5 ],
					"to": [ 1.3, 4.7, 3.5 ],
					"autoUnwrap": false,
					"uv": [ 17.5, 31.5 ],
					"rotationOrigin": [ 0.8, 4.2, 0.0 ],
					"rotationX": -2.0,
					"rotationZ": 45.0,
					"faces": {
						"north": { "texture": "#hair", "uv": [ 18.5, 35.0, 19.5, 36.0 ] },
						"east": { "texture": "#hair", "uv": [ 19.0, 34.0, 26.0, 35.0 ] },
						"south": { "texture": "#hair", "uv": [ 24.0, 33.5, 25.0, 34.5 ] },
						"west": { "texture": "#hair", "uv": [ 19.5, 33.5, 26.5, 34.5 ] },
						"up": { "texture": "#hair", "uv": [ 22.0, 31.0, 23.0, 38.0 ] },
						"down": { "texture": "#hair", "uv": [ 17.0, 31.5, 18.0, 38.5 ] }
					}
				},
				{
					"name": "Hair16",
					"from": [ 4.9, 4.7, -2.0 ],
					"to": [ 5.9, 5.7, -1.0 ],
					"uv": [ 20.0, 31.5 ],
					"rotationOrigin": [ 5.4, 4.7, -1.5 ],
					"rotationX": 22.5,
					"rotationY": 45.0,
					"rotationZ": -45.0,
					"faces": {
						"north": { "texture": "#hair", "uv": [ 20.0, 32.5, 21.0, 33.5 ] },
						"east": { "texture": "#hair", "uv": [ 21.0, 32.5, 22.0, 33.5 ] },
						"south": { "texture": "#hair", "uv": [ 22.0, 32.5, 23.0, 33.5 ] },
						"west": { "texture": "#hair", "uv": [ 23.0, 32.5, 24.0, 33.5 ] },
						"up": { "texture": "#hair", "uv": [ 20.0, 31.5, 21.0, 32.5 ] },
						"down": { "texture": "#hair", "uv": [ 21.0, 31.5, 22.0, 32.5 ] }
					}
				},
				{
					"name": "Hair15",
					"from": [ 4.9, 4.7, 0.9 ],
					"to": [ 5.9, 5.7, 1.9 ],
					"uv": [ 20.0, 31.5 ],
					"rotationOrigin": [ 5.4, 4.7, 1.4 ],
					"rotationX": 45.0,
					"rotationY": 45.0,
					"rotationZ": -45.0,
					"faces": {
						"north": { "texture": "#hair", "uv": [ 20.0, 32.5, 21.0, 33.5 ] },
						"east": { "texture": "#hair", "uv": [ 21.0, 32.5, 22.0, 33.5 ] },
						"south": { "texture": "#hair", "uv": [ 22.0, 32.5, 23.0, 33.5 ] },
						"west": { "texture": "#hair", "uv": [ 23.0, 32.5, 24.0, 33.5 ] },
						"up": { "texture": "#hair", "uv": [ 20.0, 31.5, 21.0, 32.5 ] },
						"down": { "texture": "#hair", "uv": [ 21.0, 31.5, 22.0, 32.5 ] }
					}
				},
				{
					"name": "Hair14",
					"from": [ 5.5, 1.2, -2.0 ],
					"to": [ 6.5, 2.2, -1.0 ],
					"uv": [ 24.5, 35.5 ],
					"rotationOrigin": [ 5.5, 1.7, -1.5 ],
					"rotationX": 45.0,
					"rotationY": -1.0,
					"faces": {
						"north": { "texture": "#hair", "uv": [ 24.5, 36.5, 25.5, 37.5 ] },
						"east": { "texture": "#hair", "uv": [ 25.5, 36.5, 26.5, 37.5 ] },
						"south": { "texture": "#hair", "uv": [ 26.5, 36.5, 27.5, 37.5 ] },
						"up": { "texture": "#hair", "uv": [ 24.5, 35.5, 25.5, 36.5 ] },
						"down": { "texture": "#hair", "uv": [ 25.5, 35.5, 26.5, 36.5 ] }
					}
				},
				{
					"name": "Hair13",
					"from": [ 5.5, 3.2, -2.0 ],
					"to": [ 6.5, 4.2, -1.0 ],
					"uv": [ 24.5, 35.5 ],
					"rotationOrigin": [ 5.5, 3.7, -1.5 ],
					"rotationX": 45.0,
					"rotationY": 3.0,
					"rotationZ": -2.0,
					"faces": {
						"north": { "texture": "#hair", "uv": [ 24.5, 36.5, 25.5, 37.5 ] },
						"east": { "texture": "#hair", "uv": [ 25.5, 36.5, 26.5, 37.5 ] },
						"south": { "texture": "#hair", "uv": [ 26.5, 36.5, 27.5, 37.5 ] },
						"up": { "texture": "#hair", "uv": [ 24.5, 35.5, 25.5, 36.5 ] },
						"down": { "texture": "#hair", "uv": [ 25.5, 35.5, 26.5, 36.5 ] }
					}
				},
				{
					"name": "Hair12",
					"from": [ 5.5, 1.2, 1.0 ],
					"to": [ 6.5, 2.2, 2.0 ],
					"uv": [ 20.5, 34.5 ],
					"rotationOrigin": [ 5.5, 1.7, 1.5 ],
					"rotationX": 45.0,
					"rotationY": -2.0,
					"faces": {
						"north": { "texture": "#hair", "uv": [ 20.5, 35.5, 21.5, 36.5 ] },
						"east": { "texture": "#hair", "uv": [ 21.5, 35.5, 22.5, 36.5 ] },
						"south": { "texture": "#hair", "uv": [ 22.5, 35.5, 23.5, 36.5 ] },
						"up": { "texture": "#hair", "uv": [ 20.5, 34.5, 21.5, 35.5 ] },
						"down": { "texture": "#hair", "uv": [ 21.5, 34.5, 22.5, 35.5 ] }
					}
				},
				{
					"name": "Hair11",
					"from": [ 5.5, 3.2, 1.0 ],
					"to": [ 6.5, 4.2, 2.0 ],
					"uv": [ 23.5, 33.0 ],
					"rotationOrigin": [ 5.5, 3.7, 1.5 ],
					"rotationX": 45.0,
					"rotationY": 2.0,
					"rotationZ": 2.0,
					"faces": {
						"north": { "texture": "#hair", "uv": [ 23.5, 34.0, 24.5, 35.0 ] },
						"east": { "texture": "#hair", "uv": [ 24.5, 34.0, 25.5, 35.0 ] },
						"south": { "texture": "#hair", "uv": [ 25.5, 34.0, 26.5, 35.0 ] },
						"up": { "texture": "#hair", "uv": [ 23.5, 33.0, 24.5, 34.0 ] },
						"down": { "texture": "#hair", "uv": [ 24.5, 33.0, 25.5, 34.0 ] }
					}
				},
				{
					"name": "Hair10",
					"from": [ 5.5, 0.2, -0.5 ],
					"to": [ 6.5, 1.2, 0.5 ],
					"uv": [ 22.0, 33.0 ],
					"rotationOrigin": [ 5.5, 0.7, 0.0 ],
					"rotationX": 45.0,
					"faces": {
						"north": { "texture": "#hair", "uv": [ 22.0, 34.0, 23.0, 35.0 ] },
						"east": { "texture": "#hair", "uv": [ 23.0, 34.0, 24.0, 35.0 ] },
						"south": { "texture": "#hair", "uv": [ 24.0, 34.0, 25.0, 35.0 ] },
						"up": { "texture": "#hair", "uv": [ 22.0, 33.0, 23.0, 34.0 ] },
						"down": { "texture": "#hair", "uv": [ 23.0, 33.0, 24.0, 34.0 ] }
					}
				},
				{
					"name": "Hair9",
					"from": [ 5.5, 2.2, -0.5 ],
					"to": [ 6.5, 3.2, 0.5 ],
					"uv": [ 24.5, 32.0 ],
					"rotationOrigin": [ 5.5, 2.7, 0.0 ],
					"rotationX": 45.0,
					"faces": {
						"north": { "texture": "#hair", "uv": [ 24.5, 33.0, 25.5, 34.0 ] },
						"east": { "texture": "#hair", "uv": [ 25.5, 33.0, 26.5, 34.0 ] },
						"south": { "texture": "#hair", "uv": [ 26.5, 33.0, 27.5, 34.0 ] },
						"up": { "texture": "#hair", "uv": [ 24.5, 32.0, 25.5, 33.0 ] },
						"down": { "texture": "#hair", "uv": [ 25.5, 32.0, 26.5, 33.0 ] }
					}
				},
				{
					"name": "Hair8",
					"from": [ 5.5, 4.0, -0.5 ],
					"to": [ 6.5, 5.0, 0.5 ],
					"autoUnwrap": false,
					"uv": [ 19.0, 33.5 ],
					"rotationOrigin": [ 5.5, 4.5, 0.0 ],
					"rotationX": 45.0,
					"faces": {
						"north": { "texture": "#hair", "uv": [ 19.0, 34.5, 20.0, 35.5 ] },
						"east": { "texture": "#hair", "uv": [ 20.0, 34.5, 21.0, 35.5 ] },
						"south": { "texture": "#hair", "uv": [ 21.0, 34.5, 22.0, 35.5 ] },
						"west": { "texture": "#hair", "uv": [ 19.0, 31.0, 20.0, 32.0 ] },
						"up": { "texture": "#hair", "uv": [ 19.0, 33.5, 20.0, 34.5 ] },
						"down": { "texture": "#hair", "uv": [ 20.0, 33.5, 21.0, 34.5 ] }
					}
				},
				{
					"name": "Hair7",
					"from": [ 1.2, 5.0, 1.2 ],
					"to": [ 2.2, 6.0, 2.2 ],
					"uv": [ 22.0, 31.5 ],
					"rotationOrigin": [ 1.7, 5.0, 1.7 ],
					"rotationX": 6.0,
					"rotationY": 45.0,
					"faces": {
						"north": { "texture": "#hair", "uv": [ 22.0, 32.5, 23.0, 33.5 ] },
						"east": { "texture": "#hair", "uv": [ 23.0, 32.5, 24.0, 33.5 ] },
						"south": { "texture": "#hair", "uv": [ 24.0, 32.5, 25.0, 33.5 ] },
						"west": { "texture": "#hair", "uv": [ 25.0, 32.5, 26.0, 33.5 ] },
						"up": { "texture": "#hair", "uv": [ 22.0, 31.5, 23.0, 32.5 ] }
					}
				},
				{
					"name": "Hair6",
					"from": [ 3.2, 5.0, 1.2 ],
					"to": [ 4.2, 6.0, 2.2 ],
					"uv": [ 16.5, 32.5 ],
					"rotationOrigin": [ 3.7, 5.0, 1.7 ],
					"rotationY": 45.0,
					"rotationZ": 6.0,
					"faces": {
						"north": { "texture": "#hair", "uv": [ 16.5, 33.5, 17.5, 34.5 ] },
						"east": { "texture": "#hair", "uv": [ 17.5, 33.5, 18.5, 34.5 ] },
						"south": { "texture": "#hair", "uv": [ 18.5, 33.5, 19.5, 34.5 ] },
						"west": { "texture": "#hair", "uv": [ 19.5, 33.5, 20.5, 34.5 ] },
						"up": { "texture": "#hair", "uv": [ 16.5, 32.5, 17.5, 33.5 ] }
					}
				},
				{
					"name": "Hair5",
					"from": [ 3.2, 5.0, -2.2 ],
					"to": [ 4.2, 6.0, -1.2 ],
					"uv": [ 22.0, 33.5 ],
					"rotationOrigin": [ 3.7, 5.0, -1.7 ],
					"rotationY": 45.0,
					"rotationZ": -8.0,
					"faces": {
						"north": { "texture": "#hair", "uv": [ 22.0, 34.5, 23.0, 35.5 ] },
						"east": { "texture": "#hair", "uv": [ 23.0, 34.5, 24.0, 35.5 ] },
						"south": { "texture": "#hair", "uv": [ 24.0, 34.5, 25.0, 35.5 ] },
						"west": { "texture": "#hair", "uv": [ 25.0, 34.5, 26.0, 35.5 ] },
						"up": { "texture": "#hair", "uv": [ 22.0, 33.5, 23.0, 34.5 ] }
					}
				},
				{
					"name": "Hair4",
					"from": [ 1.2, 5.0, -2.2 ],
					"to": [ 2.2, 6.0, -1.2 ],
					"uv": [ 20.5, 35.5 ],
					"rotationOrigin": [ 1.7, 5.0, -1.7 ],
					"rotationX": -8.0,
					"rotationY": 45.0,
					"rotationZ": -3.0,
					"faces": {
						"north": { "texture": "#hair", "uv": [ 20.5, 36.5, 21.5, 37.5 ] },
						"east": { "texture": "#hair", "uv": [ 21.5, 36.5, 22.5, 37.5 ] },
						"south": { "texture": "#hair", "uv": [ 22.5, 36.5, 23.5, 37.5 ] },
						"west": { "texture": "#hair", "uv": [ 23.5, 36.5, 24.5, 37.5 ] },
						"up": { "texture": "#hair", "uv": [ 20.5, 35.5, 21.5, 36.5 ] }
					}
				},
				{
					"name": "Hair3",
					"from": [ 0.2, 5.0, -0.5 ],
					"to": [ 1.2, 6.0, 0.5 ],
					"uv": [ 1.0, 37.0 ],
					"rotationOrigin": [ 0.7, 5.0, 0.0 ],
					"rotationY": 45.0,
					"faces": {
						"north": { "texture": "#hair", "uv": [ 1.0, 38.0, 2.0, 39.0 ] },
						"east": { "texture": "#hair", "uv": [ 2.0, 38.0, 3.0, 39.0 ] },
						"south": { "texture": "#hair", "uv": [ 3.0, 38.0, 4.0, 39.0 ] },
						"west": { "texture": "#hair", "uv": [ 4.0, 38.0, 5.0, 39.0 ] },
						"up": { "texture": "#hair", "uv": [ 1.0, 37.0, 2.0, 38.0 ] }
					}
				},
				{
					"name": "Hair2",
					"from": [ 4.0, 5.0, -0.5 ],
					"to": [ 5.0, 6.0, 0.5 ],
					"uv": [ 17.0, 33.5 ],
					"rotationOrigin": [ 4.5, 5.0, 0.0 ],
					"rotationY": -45.0,
					"faces": {
						"north": { "texture": "#hair", "uv": [ 17.0, 34.5, 18.0, 35.5 ] },
						"east": { "texture": "#hair", "uv": [ 18.0, 34.5, 19.0, 35.5 ] },
						"south": { "texture": "#hair", "uv": [ 19.0, 34.5, 20.0, 35.5 ] },
						"west": { "texture": "#hair", "uv": [ 20.0, 34.5, 21.0, 35.5 ] },
						"up": { "texture": "#hair", "uv": [ 17.0, 33.5, 18.0, 34.5 ] }
					}
				},
				{
					"name": "Hair1",
					"from": [ 2.0, 5.0, -0.5 ],
					"to": [ 3.0, 6.0, 0.5 ],
					"uv": [ 16.0, 31.0 ],
					"rotationOrigin": [ 2.5, 5.0, 0.0 ],
					"rotationY": 45.0,
					"faces": {
						"north": { "texture": "#hair", "uv": [ 16.0, 32.0, 17.0, 33.0 ] },
						"east": { "texture": "#hair", "uv": [ 17.0, 32.0, 18.0, 33.0 ] },
						"south": { "texture": "#hair", "uv": [ 18.0, 32.0, 19.0, 33.0 ] },
						"west": { "texture": "#hair", "uv": [ 19.0, 32.0, 20.0, 33.0 ] },
						"up": { "texture": "#hair", "uv": [ 16.0, 31.0, 17.0, 32.0 ] }
					}
				},
				{
					"name": "Hair25",
					"from": [ -0.9, 3.7, 1.0 ],
					"to": [ 0.1, 4.7, 2.0 ],
					"uv": [ 23.5, 33.0 ],
					"rotationOrigin": [ 0.1, 4.2, 1.5 ],
					"rotationX": 45.0,
					"rotationY": -4.0,
					"rotationZ": -8.0,
					"faces": {
						"north": { "texture": "#hair", "uv": [ 23.5, 34.0, 24.5, 35.0 ], "windMode": [-1,-1,-1,-1], "windData": [1,1,1,1] },
						"south": { "texture": "#hair", "uv": [ 24.5, 34.0, 25.5, 35.0 ] },
						"west": { "texture": "#hair", "uv": [ 25.5, 34.0, 26.5, 35.0 ], "windMode": [-1,-1,-1,-1], "windData": [1,1,1,1] },
						"up": { "texture": "#hair", "uv": [ 23.5, 33.0, 24.5, 34.0 ] },
						"down": { "texture": "#hair", "uv": [ 24.5, 33.0, 25.5, 34.0 ] }
					}
				},
				{
					"name": "Hair26",
					"from": [ -0.9, 3.7, -2.0 ],
					"to": [ 0.1, 4.7, -1.0 ],
					"uv": [ 25.0, 34.5 ],
					"rotationOrigin": [ 0.1, 4.2, -1.5 ],
					"rotationX": 45.0,
					"rotationY": -6.0,
					"rotationZ": -3.0,
					"faces": {
						"north": { "texture": "#hair", "uv": [ 25.0, 35.5, 26.0, 36.5 ] },
						"south": { "texture": "#hair", "uv": [ 26.0, 35.5, 27.0, 36.5 ] },
						"west": { "texture": "#hair", "uv": [ 27.0, 35.5, 28.0, 36.5 ], "windMode": [-1,-1,-1,-1], "windData": [1,1,1,1] },
						"up": { "texture": "#hair", "uv": [ 25.0, 34.5, 26.0, 35.5 ] },
						"down": { "texture": "#hair", "uv": [ 26.0, 34.5, 27.0, 35.5 ] }
					}
				},
				{
					"name": "Hair27",
					"from": [ -1.0, 4.0, -0.5 ],
					"to": [ 0.0, 5.0, 0.5 ],
					"uv": [ 18.5, 31.0 ],
					"rotationOrigin": [ 0.0, 4.5, 0.0 ],
					"rotationX": 45.0,
					"faces": {
						"north": { "texture": "#hair", "uv": [ 18.5, 32.0, 19.5, 33.0 ] },
						"east": { "texture": "#hair", "uv": [ 19.5, 32.0, 20.5, 33.0 ] },
						"south": { "texture": "#hair", "uv": [ 20.5, 32.0, 21.5, 33.0 ] },
						"west": { "texture": "#hair", "uv": [ 21.5, 32.0, 22.5, 33.0 ] },
						"up": { "texture": "#hair", "uv": [ 18.5, 31.0, 19.5, 32.0 ] },
						"down": { "texture": "#hair", "uv": [ 19.5, 31.0, 20.5, 32.0 ] }
					}
				}
			]
		}
	]}