{
	"editor": {
		"backDropShape": "entity/humanoid/seraph-hairless",
		"allAngles": false,
		"entityTextureMode": true
	},
	"textureWidth": 48,
	"textureHeight": 48,
	"textureSizes": {
		"hair": [48,48]
	},
	"textures": {
		"hair": "entity/humanoid/seraphskinparts/hair/lightgray"
	},
	"elements": [
		{
			"name": "Hair-Base",
			"stepParentName": "Head",
			"from": [ -0.3, -3.2, -0.3 ],
			"to": [ 5.7, 5.3, 5.2 ],
			"renderPass": 1,
			"autoUnwrap": false,
			"uv": [ 0.0, 0.0 ],
			"rotationOrigin": [ 2.5, 3.0, 2.5 ],
			"faces": {
				"north": { "texture": "#hair", "uv": [ 41.5, 0.0, 47.5, 8.5 ], "windMode": [-1,-1,-1,-1], "windData": [1,1,1,1], "enabled": false },
				"east": { "texture": "#hair", "uv": [ 19.5, 21.0, 25.0, 29.5 ], "windMode": [-1,-1,-1,-1], "windData": [1,1,1,1], "enabled": false },
				"south": { "texture": "#hair", "uv": [ 31.5, 0.0, 37.5, 8.5 ], "windMode": [-1,-1,-1,-1], "windData": [1,1,1,1], "enabled": false },
				"west": { "texture": "#hair", "uv": [ 6.0, 0.0, 11.5, 8.5 ], "windMode": [-1,-1,-1,-1], "windData": [1,1,1,1], "enabled": false },
				"up": { "texture": "#hair", "uv": [ 24.0, 0.0, 29.5, 6.0 ], "rotation": 90, "enabled": false },
				"down": { "texture": "#null", "uv": [ 6.0, 0.0, 12.0, 5.5 ], "enabled": false }
			},
			"children": [
				{
					"name": "hair-uncovered",
					"from": [ 3.0, 6.0, 2.8 ],
					"to": [ 3.0, 6.0, 2.8 ],
					"uv": [ 0.0, 0.0 ],
					"rotationOrigin": [ 3.0, 6.0, 2.8 ],
					"faces": {
						"north": { "texture": "#null", "uv": [ 0.0, 0.5, 0.5, 1.0 ], "enabled": false },
						"east": { "texture": "#null", "uv": [ 0.5, 0.5, 1.0, 1.0 ], "enabled": false },
						"south": { "texture": "#null", "uv": [ 1.0, 0.5, 1.5, 1.0 ], "enabled": false },
						"west": { "texture": "#null", "uv": [ 1.5, 0.5, 2.0, 1.0 ], "enabled": false },
						"up": { "texture": "#null", "uv": [ 0.0, 0.0, 0.5, 0.5 ], "enabled": false },
						"down": { "texture": "#null", "uv": [ 0.5, 0.0, 1.0, 0.5 ], "enabled": false }
					},
					"children": [
						{
							"name": "Hair1",
							"from": [ 2.5, -4.0, -2.5 ],
							"to": [ 2.5, 1.0, 2.5 ],
							"renderPass": 1,
							"uv": [ 17.5, 1.0 ],
							"rotationOrigin": [ 2.5, 0.0, 0.0 ],
							"rotationZ": 15.0,
							"faces": {
								"north": { "texture": "#null", "uv": [ 17.5, 6.0, 18.0, 11.0 ], "enabled": false },
								"east": { "texture": "#hair", "uv": [ 17.5, 1.0, 22.5, 6.0 ], "windMode": [-1,-1,-1,-1], "windData": [1,1,1,1] },
								"south": { "texture": "#null", "uv": [ 23.0, 6.0, 23.5, 11.0 ], "enabled": false },
								"west": { "texture": "#null", "uv": [ 23.5, 6.0, 28.5, 11.0 ], "enabled": false },
								"up": { "texture": "#null", "uv": [ 17.5, 1.0, 18.0, 6.0 ], "enabled": false },
								"down": { "texture": "#null", "uv": [ 18.0, 1.0, 18.5, 6.0 ], "enabled": false }
							}
						},
						{
							"name": "BraidR1",
							"from": [ -2.0, 0.5, -3.1 ],
							"to": [ 2.5, 1.5, -2.1 ],
							"renderPass": 1,
							"uv": [ 17.5, 33.0 ],
							"rotationOrigin": [ -2.0, 1.0, -2.6 ],
							"rotationY": 5.0,
							"rotationZ": -15.0,
							"faces": {
								"north": { "texture": "#hair", "uv": [ 17.5, 34.0, 22.0, 35.0 ] },
								"east": { "texture": "#hair", "uv": [ 22.0, 34.0, 23.0, 35.0 ] },
								"south": { "texture": "#null", "uv": [ 23.0, 34.0, 27.5, 35.0 ], "enabled": false },
								"west": { "texture": "#hair", "uv": [ 23.0, 34.0, 24.0, 35.0 ], "windMode": [-1,-1,-1,-1], "windData": [1,1,1,1] },
								"up": { "texture": "#hair", "uv": [ 17.5, 33.0, 22.0, 34.0 ] },
								"down": { "texture": "#hair", "uv": [ 22.0, 33.0, 26.5, 34.0 ] }
							},
							"children": [
								{
									"name": "BraidR2",
									"from": [ 4.5, -0.1, 0.0 ],
									"to": [ 5.5, 0.9, 3.0 ],
									"renderPass": 1,
									"uv": [ 18.0, 32.5 ],
									"rotationOrigin": [ 4.5, 0.4, 0.5 ],
									"rotationX": 10.0,
									"faces": {
										"north": { "texture": "#hair", "uv": [ 18.0, 35.5, 19.0, 36.5 ] },
										"east": { "texture": "#hair", "uv": [ 19.0, 35.5, 22.0, 36.5 ] },
										"south": { "texture": "#null", "uv": [ 22.0, 35.5, 23.0, 36.5 ], "enabled": false },
										"west": { "texture": "#hair", "uv": [ 22.0, 35.5, 25.0, 36.5 ] },
										"up": { "texture": "#hair", "uv": [ 18.0, 32.5, 19.0, 35.5 ] },
										"down": { "texture": "#hair", "uv": [ 19.0, 32.5, 20.0, 35.5 ] }
									}
								}
							]
						},
						{
							"name": "BraidL1",
							"from": [ -2.0, 0.5, 2.0 ],
							"to": [ 2.5, 1.5, 3.0 ],
							"renderPass": 1,
							"uv": [ 17.5, 33.0 ],
							"rotationOrigin": [ -2.0, 1.0, 2.5 ],
							"rotationY": -5.0,
							"rotationZ": -15.0,
							"faces": {
								"north": { "texture": "#null", "uv": [ 17.5, 34.0, 22.0, 35.0 ], "enabled": false },
								"east": { "texture": "#hair", "uv": [ 17.5, 34.0, 18.5, 35.0 ] },
								"south": { "texture": "#hair", "uv": [ 18.5, 34.0, 23.0, 35.0 ], "windMode": [-1,-1,-1,-1], "windData": [1,1,1,1] },
								"west": { "texture": "#hair", "uv": [ 23.0, 34.0, 24.0, 35.0 ], "windMode": [-1,-1,-1,-1], "windData": [1,1,1,1] },
								"up": { "texture": "#hair", "uv": [ 17.5, 33.0, 22.0, 34.0 ] },
								"down": { "texture": "#hair", "uv": [ 22.0, 33.0, 26.5, 34.0 ] }
							},
							"children": [
								{
									"name": "BraidL2",
									"from": [ 4.5, -0.1, -2.0 ],
									"to": [ 5.5, 0.9, 1.0 ],
									"renderPass": 1,
									"uv": [ 16.5, 32.0 ],
									"rotationOrigin": [ 4.5, 0.4, 0.5 ],
									"rotationX": -10.0,
									"faces": {
										"north": { "texture": "#null", "uv": [ 16.5, 35.0, 17.5, 36.0 ], "enabled": false },
										"east": { "texture": "#hair", "uv": [ 16.5, 35.0, 19.5, 36.0 ] },
										"south": { "texture": "#hair", "uv": [ 19.5, 35.0, 20.5, 36.0 ] },
										"west": { "texture": "#hair", "uv": [ 20.5, 35.0, 23.5, 36.0 ], "windMode": [-1,-1,-1,-1], "windData": [1,1,1,1] },
										"up": { "texture": "#hair", "uv": [ 16.5, 32.0, 17.5, 35.0 ] },
										"down": { "texture": "#hair", "uv": [ 17.5, 32.0, 18.5, 35.0 ] }
									}
								}
							]
						},
						{
							"name": "Tied",
							"from": [ 2.5, -1.0, -1.2 ],
							"to": [ 4.5, 1.0, 0.8 ],
							"uv": [ 31.0, 32.0 ],
							"rotationOrigin": [ 3.5, 0.0, -0.2 ],
							"rotationZ": 15.0,
							"faces": {
								"north": { "texture": "#hair", "uv": [ 31.0, 34.0, 33.0, 36.0 ] },
								"east": { "texture": "#hair", "uv": [ 33.0, 34.0, 35.0, 36.0 ] },
								"south": { "texture": "#hair", "uv": [ 35.0, 34.0, 37.0, 36.0 ] },
								"west": { "texture": "#null", "uv": [ 37.0, 34.0, 39.0, 36.0 ], "enabled": false },
								"up": { "texture": "#hair", "uv": [ 31.0, 32.0, 33.0, 34.0 ] },
								"down": { "texture": "#hair", "uv": [ 33.0, 32.0, 35.0, 34.0 ] }
							},
							"children": [
								{
									"name": "braid1",
									"from": [ 0.3, -4.7, 0.2 ],
									"to": [ 1.3, 0.3, 1.2 ],
									"renderPass": 1,
									"uv": [ 24.0, 36.5 ],
									"rotationOrigin": [ 0.8, 0.3, 0.7 ],
									"faces": {
										"north": { "texture": "#hair", "uv": [ 24.0, 36.5, 25.0, 41.5 ] },
										"east": { "texture": "#hair", "uv": [ 25.0, 36.5, 26.0, 41.5 ] },
										"south": { "texture": "#hair", "uv": [ 26.0, 36.5, 27.0, 41.5 ] },
										"west": { "texture": "#hair", "uv": [ 27.0, 36.5, 28.0, 41.5 ] },
										"up": { "texture": "#null", "uv": [ 24.0, 36.5, 25.0, 37.5 ], "enabled": false },
										"down": { "texture": "#null", "uv": [ 25.0, 36.5, 26.0, 37.5 ], "enabled": false }
									}
								},
								{
									"name": "braid2",
									"from": [ 0.7, -3.7, 0.8 ],
									"to": [ 1.7, 0.3, 1.8 ],
									"renderPass": 1,
									"uv": [ 24.0, 36.5 ],
									"rotationOrigin": [ 1.2, 0.3, 1.3 ],
									"rotationX": -15.0,
									"rotationZ": 10.0,
									"faces": {
										"north": { "texture": "#hair", "uv": [ 24.0, 36.5, 25.0, 40.5 ] },
										"east": { "texture": "#hair", "uv": [ 25.0, 36.5, 26.0, 40.5 ] },
										"south": { "texture": "#hair", "uv": [ 26.0, 36.5, 27.0, 40.5 ] },
										"west": { "texture": "#hair", "uv": [ 27.0, 36.5, 28.0, 40.5 ] },
										"up": { "texture": "#null", "uv": [ 24.0, 36.5, 25.0, 37.5 ], "enabled": false },
										"down": { "texture": "#null", "uv": [ 25.0, 36.5, 26.0, 37.5 ], "enabled": false }
									}
								},
								{
									"name": "braid3",
									"from": [ 0.7, -2.7, 0.3 ],
									"to": [ 1.7, 0.3, 1.3 ],
									"renderPass": 1,
									"uv": [ 24.0, 37.5 ],
									"rotationOrigin": [ 1.2, 0.3, 0.8 ],
									"rotationX": 15.0,
									"rotationZ": 10.0,
									"faces": {
										"north": { "texture": "#hair", "uv": [ 24.0, 37.5, 25.0, 40.5 ] },
										"east": { "texture": "#hair", "uv": [ 25.0, 37.5, 26.0, 40.5 ] },
										"south": { "texture": "#hair", "uv": [ 26.0, 37.5, 27.0, 40.5 ] },
										"west": { "texture": "#hair", "uv": [ 27.0, 37.5, 28.0, 40.5 ] },
										"up": { "texture": "#null", "uv": [ 24.0, 37.5, 25.0, 38.5 ], "enabled": false },
										"down": { "texture": "#null", "uv": [ 25.0, 37.5, 26.0, 38.5 ], "enabled": false }
									}
								},
								{
									"name": "braid4",
									"from": [ 0.3, -7.7, 0.6 ],
									"to": [ 1.3, 0.3, 1.6 ],
									"renderPass": 1,
									"uv": [ 24.0, 32.5 ],
									"rotationOrigin": [ 0.8, 0.3, 1.1 ],
									"rotationZ": -15.0,
									"faces": {
										"north": { "texture": "#hair", "uv": [ 24.0, 32.5, 25.0, 40.5 ] },
										"east": { "texture": "#hair", "uv": [ 25.0, 32.5, 26.0, 40.5 ] },
										"south": { "texture": "#hair", "uv": [ 26.0, 32.5, 27.0, 40.5 ] },
										"west": { "texture": "#hair", "uv": [ 27.0, 32.5, 28.0, 40.5 ] },
										"up": { "texture": "#null", "uv": [ 24.0, 32.5, 25.0, 33.5 ], "enabled": false },
										"down": { "texture": "#null", "uv": [ 25.0, 32.5, 26.0, 33.5 ], "enabled": false }
									}
								},
								{
									"name": "braid5",
									"from": [ 1.4, 0.8, 0.7 ],
									"to": [ 4.4, 1.8, 1.7 ],
									"renderPass": 1,
									"autoUnwrap": false,
									"uv": [ 30.5, 26.0 ],
									"rotationOrigin": [ 1.4, 1.3, 1.2 ],
									"rotationY": -22.5,
									"rotationZ": -22.5,
									"faces": {
										"north": { "texture": "#hair", "uv": [ 29.5, 40.5, 30.5, 43.5 ], "rotation": 90 },
										"east": { "texture": "#null", "uv": [ 3.0, 1.0, 4.0, 2.0 ], "enabled": false },
										"south": { "texture": "#hair", "uv": [ 28.0, 40.5, 29.0, 43.5 ], "rotation": 270 },
										"west": { "texture": "#null", "uv": [ 7.0, 1.0, 8.0, 2.0 ], "enabled": false },
										"up": { "texture": "#hair", "uv": [ 31.5, 40.5, 32.5, 43.5 ], "rotation": 270 },
										"down": { "texture": "#hair", "uv": [ 30.5, 40.5, 31.5, 43.5 ], "rotation": 90 }
									}
								},
								{
									"name": "braid6",
									"from": [ 1.4, 0.3, 0.7 ],
									"to": [ 4.4, 1.3, 1.7 ],
									"renderPass": 1,
									"autoUnwrap": false,
									"uv": [ 30.5, 26.0 ],
									"rotationOrigin": [ 1.4, 0.8, 1.2 ],
									"rotationZ": -45.0,
									"faces": {
										"north": { "texture": "#hair", "uv": [ 29.5, 40.5, 30.5, 43.5 ], "rotation": 90 },
										"east": { "texture": "#null", "uv": [ 3.0, 1.0, 4.0, 2.0 ], "enabled": false },
										"south": { "texture": "#hair", "uv": [ 28.0, 40.5, 29.0, 43.5 ], "rotation": 270 },
										"west": { "texture": "#null", "uv": [ 7.0, 1.0, 8.0, 2.0 ], "enabled": false },
										"up": { "texture": "#hair", "uv": [ 31.5, 40.5, 32.5, 43.5 ], "rotation": 270 },
										"down": { "texture": "#hair", "uv": [ 30.5, 40.5, 31.5, 43.5 ], "rotation": 90 }
									}
								},
								{
									"name": "braid7",
									"from": [ 1.4, 0.7, 0.5 ],
									"to": [ 4.4, 1.7, 1.5 ],
									"renderPass": 1,
									"autoUnwrap": false,
									"uv": [ 30.5, 26.0 ],
									"rotationOrigin": [ 1.4, 1.2, 1.0 ],
									"rotationY": 22.5,
									"faces": {
										"north": { "texture": "#hair", "uv": [ 29.5, 40.5, 30.5, 43.5 ], "rotation": 90 },
										"east": { "texture": "#null", "uv": [ 3.0, 1.0, 4.0, 2.0 ], "enabled": false },
										"south": { "texture": "#hair", "uv": [ 28.0, 40.5, 29.0, 43.5 ], "rotation": 270 },
										"west": { "texture": "#null", "uv": [ 7.0, 1.0, 8.0, 2.0 ], "enabled": false },
										"up": { "texture": "#hair", "uv": [ 31.5, 40.5, 32.5, 43.5 ], "rotation": 270 },
										"down": { "texture": "#hair", "uv": [ 30.5, 40.5, 31.5, 43.5 ], "rotation": 90 }
									}
								}
							]
						},
						{
							"name": "Hair2",
							"from": [ 2.7, -7.4, -2.5 ],
							"to": [ 2.7, -2.4, 2.5 ],
							"renderPass": 1,
							"uv": [ 37.0, 17.0 ],
							"rotationOrigin": [ 2.7, -2.4, 0.0 ],
							"rotationZ": 10.0,
							"faces": {
								"north": { "texture": "#null", "uv": [ 37.0, 22.0, 37.5, 27.0 ], "enabled": false },
								"east": { "texture": "#hair", "uv": [ 37.0, 17.0, 42.0, 22.0 ], "windMode": [-1,-1,-1,-1], "windData": [1,1,1,1] },
								"south": { "texture": "#null", "uv": [ 42.5, 22.0, 43.0, 27.0 ], "enabled": false },
								"west": { "texture": "#null", "uv": [ 43.0, 22.0, 48.0, 27.0 ], "enabled": false },
								"up": { "texture": "#null", "uv": [ 37.0, 17.0, 37.5, 22.0 ], "enabled": false },
								"down": { "texture": "#null", "uv": [ 37.5, 17.0, 38.0, 22.0 ], "enabled": false }
							}
						},
						{
							"name": "BraidL3",
							"from": [ -0.5, -4.0, 2.0 ],
							"to": [ 0.5, 0.0, 3.0 ],
							"renderPass": 1,
							"uv": [ 24.0, 36.5 ],
							"rotationOrigin": [ 0.0, 0.0, 2.5 ],
							"rotationX": -15.0,
							"rotationZ": -22.5,
							"faces": {
								"north": { "texture": "#null", "uv": [ 24.0, 37.5, 25.0, 41.5 ], "enabled": false },
								"east": { "texture": "#hair", "uv": [ 24.0, 36.5, 25.0, 40.5 ] },
								"south": { "texture": "#hair", "uv": [ 25.0, 36.5, 26.0, 40.5 ] },
								"west": { "texture": "#hair", "uv": [ 26.0, 36.5, 27.0, 40.5 ] },
								"up": { "texture": "#null", "uv": [ 24.0, 36.5, 25.0, 37.5 ], "enabled": false },
								"down": { "texture": "#null", "uv": [ 25.0, 36.5, 26.0, 37.5 ], "enabled": false }
							}
						},
						{
							"name": "BraidL4",
							"from": [ 1.0, -6.0, 2.0 ],
							"to": [ 2.0, 0.0, 3.0 ],
							"renderPass": 1,
							"uv": [ 24.0, 34.5 ],
							"rotationOrigin": [ 1.5, 0.0, 2.5 ],
							"rotationX": -10.0,
							"rotationZ": 15.0,
							"faces": {
								"north": { "texture": "#null", "uv": [ 24.0, 35.5, 25.0, 41.5 ], "enabled": false },
								"east": { "texture": "#hair", "uv": [ 24.0, 34.5, 25.0, 40.5 ] },
								"south": { "texture": "#hair", "uv": [ 25.0, 34.5, 26.0, 40.5 ] },
								"west": { "texture": "#hair", "uv": [ 26.0, 34.5, 27.0, 40.5 ] },
								"up": { "texture": "#null", "uv": [ 24.0, 34.5, 25.0, 35.5 ], "enabled": false },
								"down": { "texture": "#null", "uv": [ 25.0, 34.5, 26.0, 35.5 ], "enabled": false }
							}
						},
						{
							"name": "BraidR4",
							"from": [ 1.0, -6.0, -3.1 ],
							"to": [ 2.0, 0.0, -2.1 ],
							"renderPass": 1,
							"uv": [ 24.0, 34.5 ],
							"rotationOrigin": [ 1.5, 0.0, -2.6 ],
							"rotationX": 10.0,
							"rotationZ": 15.0,
							"faces": {
								"north": { "texture": "#hair", "uv": [ 24.0, 34.5, 25.0, 40.5 ], "windMode": [-1,-1,-1,-1], "windData": [1,1,1,1] },
								"east": { "texture": "#hair", "uv": [ 25.0, 34.5, 26.0, 40.5 ] },
								"south": { "texture": "#null", "uv": [ 26.0, 35.5, 27.0, 41.5 ], "enabled": false },
								"west": { "texture": "#hair", "uv": [ 26.0, 34.5, 27.0, 40.5 ] },
								"up": { "texture": "#null", "uv": [ 24.0, 34.5, 25.0, 35.5 ], "enabled": false },
								"down": { "texture": "#null", "uv": [ 25.0, 34.5, 26.0, 35.5 ], "enabled": false }
							}
						},
						{
							"name": "BraidR3",
							"from": [ -0.5, -4.0, -3.2 ],
							"to": [ 0.5, 0.0, -2.2 ],
							"renderPass": 1,
							"uv": [ 24.0, 36.5 ],
							"rotationOrigin": [ 0.0, 0.0, -2.7 ],
							"rotationX": 15.0,
							"rotationZ": -22.5,
							"faces": {
								"north": { "texture": "#hair", "uv": [ 24.0, 36.5, 25.0, 40.5 ], "windMode": [-1,-1,-1,-1], "windData": [1,1,1,1] },
								"east": { "texture": "#hair", "uv": [ 25.0, 36.5, 26.0, 40.5 ] },
								"south": { "texture": "#null", "uv": [ 26.0, 37.5, 27.0, 41.5 ], "enabled": false },
								"west": { "texture": "#hair", "uv": [ 26.0, 36.5, 27.0, 40.5 ] },
								"up": { "texture": "#null", "uv": [ 24.0, 36.5, 25.0, 37.5 ], "enabled": false },
								"down": { "texture": "#null", "uv": [ 25.0, 36.5, 26.0, 37.5 ], "enabled": false }
							}
						},
						{
							"name": "BraidL5",
							"from": [ 2.3, -7.5, 1.0 ],
							"to": [ 3.3, -0.5, 2.0 ],
							"renderPass": 1,
							"uv": [ 24.0, 34.5 ],
							"rotationOrigin": [ 2.8, -0.5, 1.5 ],
							"rotationX": -5.0,
							"rotationZ": 10.0,
							"faces": {
								"north": { "texture": "#hair", "uv": [ 24.0, 34.5, 25.0, 41.5 ], "windMode": [-1,-1,-1,-1], "windData": [1,1,1,1] },
								"east": { "texture": "#hair", "uv": [ 25.0, 34.5, 26.0, 41.5 ] },
								"south": { "texture": "#hair", "uv": [ 26.0, 34.5, 27.0, 41.5 ] },
								"west": { "texture": "#null", "uv": [ 27.0, 35.5, 28.0, 42.5 ], "enabled": false },
								"up": { "texture": "#null", "uv": [ 24.0, 34.5, 25.0, 35.5 ], "enabled": false },
								"down": { "texture": "#null", "uv": [ 25.0, 34.5, 26.0, 35.5 ], "enabled": false }
							}
						},
						{
							"name": "BraidR5",
							"from": [ 2.3, -7.5, -2.1 ],
							"to": [ 3.3, -0.5, -1.1 ],
							"renderPass": 1,
							"uv": [ 24.0, 34.0 ],
							"rotationOrigin": [ 2.8, -0.5, -1.6 ],
							"rotationX": 5.0,
							"rotationZ": 10.0,
							"faces": {
								"north": { "texture": "#hair", "uv": [ 24.0, 34.0, 25.0, 41.0 ], "windMode": [-1,-1,-1,-1], "windData": [1,1,1,1] },
								"east": { "texture": "#hair", "uv": [ 25.0, 34.0, 26.0, 41.0 ] },
								"south": { "texture": "#hair", "uv": [ 26.0, 34.0, 27.0, 41.0 ], "windMode": [-1,-1,-1,-1], "windData": [1,1,1,1] },
								"west": { "texture": "#null", "uv": [ 27.0, 35.0, 28.0, 42.0 ], "enabled": false },
								"up": { "texture": "#null", "uv": [ 24.0, 34.0, 25.0, 35.0 ], "enabled": false },
								"down": { "texture": "#null", "uv": [ 25.0, 34.0, 26.0, 35.0 ], "enabled": false }
							}
						}
					]
				}
			]
		}
	]}