{
	"editor": {
		"backDropShape": "entity/humanoid/seraph-hairless",
		"allAngles": true,
		"entityTextureMode": true
	},
	"textureWidth": 48,
	"textureHeight": 48,
	"textureSizes": {
		"hair": [48,48],
		"birch": [16,16]
	},
	"textures": {
		"hair": "entity/humanoid/seraphskinparts/hair/lightgray"
	},
	"elements": [
		{
			"name": "ponytaillow",
			"stepParentName": "Head",
			"from": [ 5.0, 1.0, 2.5 ],
			"to": [ 5.0, 1.0, 2.5 ],
			"uv": [ 0.0, 0.0 ],
			"rotationOrigin": [ 5.5, 1.0, 2.5 ],
			"faces": {
			},
			"children": [
				{
					"name": "tie",
					"from": [ 0.0, -1.0, -1.0 ],
					"to": [ 1.5, 1.0, 1.0 ],
					"autoUnwrap": false,
					"uv": [ 19.5, 4.5 ],
					"rotationOrigin": [ 0.0, 0.0, 0.0 ],
					"rotationZ": -22.0,
					"faces": {
						"north": { "texture": "#hair", "uv": [ 18.0, 4.5, 20.0, 6.0 ], "rotation": 90 },
						"south": { "texture": "#hair", "uv": [ 17.0, 4.5, 19.0, 6.0 ], "rotation": 270 },
						"up": { "texture": "#hair", "uv": [ 15.0, 4.5, 17.0, 6.0 ], "rotation": 270 },
						"down": { "texture": "#hair", "uv": [ 19.5, 4.0, 21.5, 5.5 ], "rotation": 90 }
					}
				},
				{
					"name": "curl1",
					"from": [ 0.0, -4.5, -0.5 ],
					"to": [ 1.0, 0.5, 0.5 ],
					"uv": [ 33.0, 25.0 ],
					"rotationOrigin": [ 0.5, 0.0, 0.0 ],
					"rotationY": 8.0,
					"rotationZ": 25.0,
					"faces": {
						"north": { "texture": "#hair", "uv": [ 33.0, 25.0, 34.0, 30.0 ] },
						"east": { "texture": "#hair", "uv": [ 34.0, 25.0, 35.0, 30.0 ] },
						"south": { "texture": "#hair", "uv": [ 35.0, 25.0, 36.0, 30.0 ] }
					}
				},
				{
					"name": "curl2",
					"from": [ 0.0, -2.8, -0.1 ],
					"to": [ 1.0, 0.2, 0.9 ],
					"uv": [ 33.5, 27.0 ],
					"rotationOrigin": [ 0.5, -0.3, 0.4 ],
					"rotationX": -11.0,
					"rotationZ": 19.0,
					"faces": {
						"north": { "texture": "#hair", "uv": [ 33.5, 27.0, 34.5, 30.0 ] },
						"east": { "texture": "#hair", "uv": [ 34.5, 27.0, 35.5, 30.0 ] },
						"south": { "texture": "#hair", "uv": [ 35.5, 27.0, 36.5, 30.0 ] }
					}
				},
				{
					"name": "curl3",
					"from": [ 0.0, -2.8, -1.0 ],
					"to": [ 1.0, 0.2, 0.0 ],
					"uv": [ 43.5, 26.0 ],
					"rotationOrigin": [ 0.5, -0.3, -0.5 ],
					"rotationX": 19.0,
					"rotationZ": 19.0,
					"faces": {
						"north": { "texture": "#hair", "uv": [ 43.5, 26.0, 44.5, 29.0 ] },
						"east": { "texture": "#hair", "uv": [ 44.5, 26.0, 45.5, 29.0 ] },
						"south": { "texture": "#hair", "uv": [ 45.5, 26.0, 46.5, 29.0 ] }
					}
				},
				{
					"name": "curl4",
					"from": [ 0.4, -3.1, -1.0 ],
					"to": [ 1.4, 0.4, 0.0 ],
					"uv": [ 37.5, 25.5 ],
					"rotationOrigin": [ 0.9, -0.2, -0.5 ],
					"rotationX": 19.0,
					"rotationZ": 39.0,
					"faces": {
						"north": { "texture": "#hair", "uv": [ 37.5, 25.5, 38.5, 29.0 ] },
						"east": { "texture": "#hair", "uv": [ 38.5, 25.5, 39.5, 29.0 ] },
						"south": { "texture": "#hair", "uv": [ 39.5, 25.5, 40.5, 29.0 ] }
					}
				},
				{
					"name": "curl5",
					"from": [ 0.4, -3.0, 0.0 ],
					"to": [ 1.4, 0.5, 1.0 ],
					"uv": [ 37.0, 27.0 ],
					"rotationOrigin": [ 0.9, -0.1, 0.5 ],
					"rotationX": -14.0,
					"rotationZ": 44.0,
					"faces": {
						"north": { "texture": "#hair", "uv": [ 37.0, 27.0, 38.0, 30.5 ] },
						"east": { "texture": "#hair", "uv": [ 38.0, 27.0, 39.0, 30.5 ] },
						"south": { "texture": "#hair", "uv": [ 39.0, 27.0, 40.0, 30.5 ] }
					}
				},
				{
					"name": "curl6",
					"from": [ 0.4, -3.5, -0.5 ],
					"to": [ 1.4, 0.5, 0.5 ],
					"uv": [ 41.5, 27.0 ],
					"rotationOrigin": [ 0.9, -0.1, 0.0 ],
					"rotationZ": 61.0,
					"faces": {
						"north": { "texture": "#hair", "uv": [ 41.5, 27.0, 42.5, 31.0 ] },
						"east": { "texture": "#hair", "uv": [ 42.5, 27.0, 43.5, 31.0 ] },
						"south": { "texture": "#hair", "uv": [ 43.5, 27.0, 44.5, 31.0 ] },
						"west": { "texture": "#hair", "uv": [ 44.5, 27.0, 45.5, 31.0 ] }
					}
				}
			]
		}
	]}