{
	"editor": {
		"backDropShape": "entity/humanoid/seraph-hairless",
		"allAngles": true,
		"entityTextureMode": true
	},
	"textureWidth": 48,
	"textureHeight": 48,
	"textureSizes": {
		"hair": [48,48],
		"reedrope": [16,16],
		"lapislazuli": [16,16]
	},
	"textures": {
		"reedrope": "block/cloth/reedrope",
		"lapislazuli": "block/stone/gem/lapislazuli",
		"hair": "entity/humanoid/seraphskinparts/hair/lightgray"
	},
	"elements": [
		{
			"name": "Hair-Base",
			"stepParentName": "Head",
			"from": [ -0.3, -3.2, -0.3 ],
			"to": [ 5.7, 5.3, 5.2 ],
			"renderPass": 1,
			"autoUnwrap": false,
			"uv": [ 0.0, 0.0 ],
			"rotationOrigin": [ 2.5, 3.0, 2.5 ],
			"faces": {
				"north": { "texture": "#hair", "uv": [ 7.0, 36.0, 13.0, 44.5 ], "windMode": [-1,-1,-1,-1], "windData": [1,1,1,1], "enabled": false },
				"east": { "texture": "#hair", "uv": [ 17.5, 1.0, 23.0, 9.5 ], "windMode": [-1,-1,-1,-1], "windData": [1,1,1,1], "enabled": false },
				"south": { "texture": "#hair", "uv": [ 17.0, 36.0, 23.0, 44.5 ], "windMode": [-1,-1,-1,-1], "windData": [1,1,1,1], "enabled": false },
				"west": { "texture": "#hair", "uv": [ 6.0, 0.0, 11.5, 8.5 ], "windMode": [-1,-1,-1,-1], "windData": [1,1,1,1], "enabled": false },
				"up": { "texture": "#hair", "uv": [ 24.0, 0.0, 29.5, 6.0 ], "rotation": 90, "enabled": false },
				"down": { "texture": "#null", "uv": [ 6.0, 0.0, 12.0, 5.5 ], "enabled": false }
			},
			"children": [
				{
					"name": "hairu-ncovered",
					"from": [ 3.0, 6.0, 2.8 ],
					"to": [ 3.0, 6.0, 2.8 ],
					"uv": [ 0.0, 0.0 ],
					"rotationOrigin": [ 3.0, 6.0, 2.8 ],
					"faces": {
						"north": { "texture": "#null", "uv": [ 0.0, 0.5, 0.5, 1.0 ], "enabled": false },
						"east": { "texture": "#null", "uv": [ 0.5, 0.5, 1.0, 1.0 ], "enabled": false },
						"south": { "texture": "#null", "uv": [ 1.0, 0.5, 1.5, 1.0 ], "enabled": false },
						"west": { "texture": "#null", "uv": [ 1.5, 0.5, 2.0, 1.0 ], "enabled": false },
						"up": { "texture": "#null", "uv": [ 0.0, 0.0, 0.5, 0.5 ], "enabled": false },
						"down": { "texture": "#null", "uv": [ 0.5, 0.0, 1.0, 0.5 ], "enabled": false }
					},
					"children": [
						{
							"name": "tie",
							"from": [ 2.0, 1.6, -1.0 ],
							"to": [ 4.0, 3.6, 1.0 ],
							"uv": [ 0.0, 0.0 ],
							"rotationOrigin": [ 3.0, 2.6, 0.0 ],
							"rotationZ": -45.0,
							"faces": {
								"north": { "texture": "#reedrope", "uv": [ 0.0, 2.0, 2.0, 4.0 ] },
								"east": { "texture": "#reedrope", "uv": [ 2.0, 2.0, 4.0, 4.0 ] },
								"south": { "texture": "#reedrope", "uv": [ 4.0, 2.0, 6.0, 4.0 ] },
								"west": { "texture": "#reedrope", "uv": [ 6.0, 2.0, 8.0, 4.0 ] },
								"up": { "texture": "#reedrope", "uv": [ 0.0, 0.0, 2.0, 2.0 ] },
								"down": { "texture": "#reedrope", "uv": [ 2.0, 0.0, 4.0, 2.0 ] }
							},
							"children": [
								{
									"name": "bun",
									"from": [ -0.6, 1.5, -0.5 ],
									"to": [ 2.4, 4.0, 2.5 ],
									"renderPass": 1,
									"autoUnwrap": false,
									"uv": [ 29.0, 31.0 ],
									"rotationOrigin": [ 0.9, 1.5, 1.0 ],
									"rotationZ": -22.5,
									"faces": {
										"north": { "texture": "#hair", "uv": [ 29.0, 34.0, 32.0, 36.5 ] },
										"east": { "texture": "#hair", "uv": [ 32.0, 34.0, 35.0, 36.5 ] },
										"south": { "texture": "#hair", "uv": [ 35.0, 34.0, 38.0, 36.5 ] },
										"west": { "texture": "#hair", "uv": [ 33.5, 31.0, 36.5, 33.5 ] },
										"up": { "texture": "#hair", "uv": [ 29.0, 31.0, 32.0, 34.0 ] },
										"down": { "texture": "#hair", "uv": [ 32.0, 31.0, 35.0, 34.0 ] }
									},
									"children": [
										{
											"name": "messy1",
											"from": [ -0.5, 0.5, 2.5 ],
											"to": [ 3.5, 4.5, 2.5 ],
											"autoUnwrap": false,
											"uv": [ 37.5, 17.5 ],
											"rotationOrigin": [ 0.0, 1.0, 2.5 ],
											"rotationX": -45.0,
											"faces": {
												"north": { "texture": "#hair", "uv": [ 34.0, 37.5, 38.0, 41.5 ], "rotation": 180 },
												"east": { "texture": "#null", "uv": [ 4.0, 0.5, 4.5, 4.5 ], "enabled": false },
												"south": { "texture": "#null", "uv": [ 4.5, 0.5, 8.5, 4.5 ], "enabled": false },
												"west": { "texture": "#null", "uv": [ 8.5, 0.5, 9.0, 4.5 ], "enabled": false },
												"up": { "texture": "#null", "uv": [ 0.0, 0.0, 4.0, 0.5 ], "enabled": false },
												"down": { "texture": "#null", "uv": [ 4.0, 0.0, 8.0, 0.5 ], "enabled": false }
											}
										},
										{
											"name": "messy2",
											"from": [ -0.5, 0.5, 1.5 ],
											"to": [ 3.5, 4.5, 1.5 ],
											"autoUnwrap": false,
											"uv": [ 37.5, 17.5 ],
											"rotationOrigin": [ 0.0, 1.0, 1.5 ],
											"rotationX": 45.0,
											"faces": {
												"north": { "texture": "#null", "uv": [ 0.0, 0.5, 4.0, 4.5 ], "enabled": false },
												"east": { "texture": "#null", "uv": [ 4.0, 0.5, 4.5, 4.5 ], "enabled": false },
												"south": { "texture": "#hair", "uv": [ 37.0, 18.0, 41.0, 22.0 ], "rotation": 180, "windMode": [-1,-1,-1,-1], "windData": [1,1,1,1] },
												"west": { "texture": "#null", "uv": [ 8.5, 0.5, 9.0, 4.5 ], "enabled": false },
												"up": { "texture": "#null", "uv": [ 0.0, 0.0, 4.0, 0.5 ], "enabled": false },
												"down": { "texture": "#null", "uv": [ 4.0, 0.0, 8.0, 0.5 ], "enabled": false }
											}
										},
										{
											"name": "messy3",
											"from": [ -0.5, 0.0, 1.5 ],
											"to": [ 3.5, 4.0, 1.5 ],
											"autoUnwrap": false,
											"uv": [ 37.5, 17.5 ],
											"rotationOrigin": [ 0.0, 0.5, 1.5 ],
											"faces": {
												"north": { "texture": "#null", "uv": [ 0.0, 0.5, 4.0, 4.5 ], "enabled": false },
												"east": { "texture": "#null", "uv": [ 4.0, 0.5, 4.5, 4.5 ], "enabled": false },
												"south": { "texture": "#hair", "uv": [ 14.0, 10.5, 18.0, 14.5 ], "rotation": 180, "windMode": [-1,-1,-1,-1], "windData": [1,1,1,1] },
												"west": { "texture": "#null", "uv": [ 8.5, 0.5, 9.0, 4.5 ], "enabled": false },
												"up": { "texture": "#null", "uv": [ 0.0, 0.0, 4.0, 0.5 ], "enabled": false },
												"down": { "texture": "#null", "uv": [ 4.0, 0.0, 8.0, 0.5 ], "enabled": false }
											}
										}
									]
								},
								{
									"name": "bead1",
									"from": [ -0.1, 0.8, 0.8 ],
									"to": [ 2.1, 1.2, 1.2 ],
									"uv": [ 1.5, 14.5 ],
									"rotationOrigin": [ 0.0, 1.0, 1.0 ],
									"rotationX": -45.0,
									"faces": {
										"north": { "texture": "#lapislazuli", "uv": [ 1.5, 15.0, 3.5, 15.5 ] },
										"east": { "texture": "#lapislazuli", "uv": [ 3.5, 15.0, 4.0, 15.5 ], "windMode": [-1,-1,-1,-1], "windData": [1,1,1,1] },
										"south": { "texture": "#lapislazuli", "uv": [ 4.0, 15.0, 6.0, 15.5 ] },
										"west": { "texture": "#lapislazuli", "uv": [ 6.0, 15.0, 6.5, 15.5 ] },
										"up": { "texture": "#lapislazuli", "uv": [ 1.5, 14.5, 3.5, 15.0 ] },
										"down": { "texture": "#lapislazuli", "uv": [ 3.5, 14.5, 5.5, 15.0 ] }
									}
								}
							]
						},
						{
							"name": "Hair-back1",
							"from": [ 1.8, -2.0, -2.52 ],
							"to": [ 2.8, 2.0, 2.47 ],
							"renderPass": 1,
							"autoUnwrap": false,
							"uv": [ 17.0, 2.0 ],
							"rotationOrigin": [ 2.8, 2.0, 0.0 ],
							"rotationZ": 20.0,
							"faces": {
								"north": { "texture": "#hair", "uv": [ 17.0, 2.0, 18.0, 6.0 ] },
								"east": { "texture": "#hair", "uv": [ 18.0, 2.0, 22.5, 6.0 ] },
								"south": { "texture": "#hair", "uv": [ 22.5, 2.0, 23.5, 6.0 ] },
								"west": { "texture": "#null", "uv": [ 24.0, 7.0, 28.5, 11.0 ], "enabled": false },
								"up": { "texture": "#hair", "uv": [ 25.0, 0.5, 26.0, 5.0 ], "windMode": [-1,-1,-1,-1], "windData": [1,1,1,1] },
								"down": { "texture": "#null", "uv": [ 18.0, 2.0, 19.0, 6.5 ], "enabled": false }
							}
						},
						{
							"name": "Hair-back2",
							"from": [ 1.6, -3.0, -2.25 ],
							"to": [ 2.6, 0.0, 2.25 ],
							"renderPass": 1,
							"uv": [ 16.0, 3.0 ],
							"rotationOrigin": [ 2.6, -2.0, 0.0 ],
							"rotationZ": -20.0,
							"faces": {
								"north": { "texture": "#hair", "uv": [ 16.0, 3.0, 17.0, 6.0 ] },
								"east": { "texture": "#hair", "uv": [ 17.0, 3.0, 21.5, 6.0 ] },
								"south": { "texture": "#hair", "uv": [ 21.5, 3.0, 22.5, 6.0 ] },
								"west": { "texture": "#null", "uv": [ 22.5, 7.5, 27.0, 10.5 ], "enabled": false },
								"up": { "texture": "#null", "uv": [ 16.0, 3.0, 17.0, 7.5 ], "enabled": false },
								"down": { "texture": "#null", "uv": [ 17.0, 3.0, 18.0, 7.5 ], "enabled": false }
							}
						},
						{
							"name": "Hair-Up1",
							"from": [ -3.3, 0.5, -2.85 ],
							"to": [ 1.2, 2.5, 2.65 ],
							"renderPass": 1,
							"autoUnwrap": false,
							"uv": [ 19.5, 16.5 ],
							"rotationOrigin": [ -3.3, 2.5, 0.0 ],
							"rotationZ": 15.0,
							"faces": {
								"north": { "texture": "#hair", "uv": [ 20.0, 23.5, 22.0, 28.0 ], "rotation": 90 },
								"east": { "texture": "#null", "uv": [ 4.0, 5.5, 9.5, 7.5 ], "enabled": false },
								"south": { "texture": "#hair", "uv": [ 21.5, 25.0, 23.5, 29.5 ], "rotation": 270 },
								"west": { "texture": "#hair", "uv": [ 12.0, 36.0, 17.5, 38.0 ], "windMode": [-1,-1,-1,-1], "windData": [1,1,1,1] },
								"up": { "texture": "#hair", "uv": [ 1.0, 10.5, 6.5, 15.0 ], "rotation": 270 },
								"down": { "texture": "#null", "uv": [ 4.0, 0.0, 8.5, 5.5 ], "enabled": false }
							}
						},
						{
							"name": "Hair-Up2",
							"from": [ -0.5, 2.2, -2.51 ],
							"to": [ 3.5, 3.2, 2.51 ],
							"renderPass": 1,
							"autoUnwrap": false,
							"uv": [ 19.5, 16.5 ],
							"rotationOrigin": [ -0.5, 3.2, 0.0 ],
							"rotationZ": -15.0,
							"faces": {
								"north": { "texture": "#hair", "uv": [ 21.0, 27.5, 25.0, 28.5 ], "windMode": [-1,-1,-1,-1], "windData": [1,1,1,1] },
								"east": { "texture": "#null", "uv": [ 3.5, 5.0, 8.5, 6.0 ], "enabled": false },
								"south": { "texture": "#hair", "uv": [ 18.5, 4.0, 22.5, 5.0 ], "windMode": [-1,-1,-1,-1], "windData": [1,1,1,1] },
								"west": { "texture": "#hair", "uv": [ 12.0, 4.5, 17.0, 5.5 ], "windMode": [-1,-1,-1,-1], "windData": [1,1,1,1] },
								"up": { "texture": "#hair", "uv": [ 18.0, 1.5, 23.0, 5.5 ], "rotation": 270, "windMode": [-1,-1,-1,-1], "windData": [1,1,1,1] },
								"down": { "texture": "#null", "uv": [ 3.5, 0.0, 7.5, 5.0 ], "enabled": false }
							}
						},
						{
							"name": "strand1",
							"from": [ -4.0, 2.4, -2.6 ],
							"to": [ -1.0, 2.4, -0.6 ],
							"renderPass": 1,
							"autoUnwrap": false,
							"uv": [ 1.0, 1.0 ],
							"rotationOrigin": [ -2.0, 2.4, -1.6 ],
							"rotationY": -22.5,
							"rotationZ": -22.5,
							"faces": {
								"north": { "texture": "#null", "uv": [ 0.0, 2.0, 3.0, 2.5 ], "enabled": false },
								"east": { "texture": "#null", "uv": [ 3.0, 2.0, 5.0, 2.5 ], "enabled": false },
								"south": { "texture": "#null", "uv": [ 5.0, 2.0, 8.0, 2.5 ], "enabled": false },
								"west": { "texture": "#null", "uv": [ 8.0, 2.0, 10.0, 2.5 ], "enabled": false },
								"up": { "texture": "#hair", "uv": [ 0.5, 2.0, 2.5, 5.0 ], "rotation": 90, "windMode": [-1,-1,-1,-1], "windData": [1,1,1,1] },
								"down": { "texture": "#null", "uv": [ 3.0, 0.0, 6.0, 2.0 ], "enabled": false }
							},
							"children": [
								{
									"name": "strand2",
									"from": [ 0.6, -3.0, 0.0 ],
									"to": [ 0.6, 0.0, 2.0 ],
									"renderPass": 1,
									"uv": [ 2.5, 3.0 ],
									"rotationOrigin": [ 0.6, 0.0, 1.0 ],
									"faces": {
										"north": { "texture": "#null", "uv": [ 2.5, 5.0, 3.0, 8.0 ], "enabled": false },
										"east": { "texture": "#null", "uv": [ 3.0, 5.0, 5.0, 8.0 ], "enabled": false },
										"south": { "texture": "#null", "uv": [ 5.0, 5.0, 5.5, 8.0 ], "enabled": false },
										"west": { "texture": "#hair", "uv": [ 2.5, 3.0, 4.5, 6.0 ], "windMode": [-1,-1,-1,-1], "windData": [1,1,1,1] },
										"up": { "texture": "#null", "uv": [ 2.5, 3.0, 3.0, 5.0 ], "enabled": false },
										"down": { "texture": "#null", "uv": [ 3.0, 3.0, 3.5, 5.0 ], "enabled": false }
									},
									"children": [
										{
											"name": "strand3",
											"from": [ 0.0, -2.0, 0.0 ],
											"to": [ 0.0, 1.0, 2.0 ],
											"renderPass": 1,
											"uv": [ 35.0, 38.5 ],
											"rotationOrigin": [ 0.0, 1.0, 1.0 ],
											"rotationZ": 22.5,
											"faces": {
												"north": { "texture": "#null", "uv": [ 35.0, 40.5, 35.5, 43.5 ], "enabled": false },
												"east": { "texture": "#null", "uv": [ 35.5, 40.5, 37.5, 43.5 ], "enabled": false },
												"south": { "texture": "#null", "uv": [ 37.5, 40.5, 38.0, 43.5 ], "enabled": false },
												"west": { "texture": "#hair", "uv": [ 35.0, 38.5, 37.0, 41.5 ], "windMode": [-1,-1,-1,-1], "windData": [1,1,1,1] },
												"up": { "texture": "#null", "uv": [ 35.0, 38.5, 35.5, 40.5 ], "enabled": false },
												"down": { "texture": "#null", "uv": [ 35.5, 38.5, 36.0, 40.5 ], "enabled": false }
											}
										}
									]
								}
							]
						},
						{
							"name": "strand4",
							"from": [ -4.3, 2.4, -3.1 ],
							"to": [ -2.3, 2.4, -2.1 ],
							"renderPass": 1,
							"autoUnwrap": false,
							"uv": [ 1.0, 1.0 ],
							"rotationOrigin": [ -2.3, 2.4, -2.1 ],
							"rotationY": -45.0,
							"faces": {
								"north": { "texture": "#null", "uv": [ 0.0, 1.0, 2.0, 1.5 ], "enabled": false },
								"east": { "texture": "#null", "uv": [ 2.0, 1.0, 3.0, 1.5 ], "enabled": false },
								"south": { "texture": "#null", "uv": [ 3.0, 1.0, 5.0, 1.5 ], "enabled": false },
								"west": { "texture": "#null", "uv": [ 5.0, 1.0, 6.0, 1.5 ], "enabled": false },
								"up": { "texture": "#hair", "uv": [ 14.5, 4.0, 15.5, 6.0 ], "rotation": 90, "windMode": [-1,-1,-1,-1], "windData": [1,1,1,1] },
								"down": { "texture": "#null", "uv": [ 2.0, 0.0, 4.0, 1.0 ], "enabled": false }
							},
							"children": [
								{
									"name": "strand5",
									"from": [ 0.6, -3.0, 0.0 ],
									"to": [ 0.6, 0.0, 1.0 ],
									"renderPass": 1,
									"uv": [ 4.5, 3.0 ],
									"rotationOrigin": [ 0.6, 0.0, 1.0 ],
									"faces": {
										"north": { "texture": "#null", "uv": [ 4.5, 4.0, 5.0, 7.0 ], "enabled": false },
										"east": { "texture": "#null", "uv": [ 5.0, 4.0, 6.0, 7.0 ], "enabled": false },
										"south": { "texture": "#null", "uv": [ 6.0, 4.0, 6.5, 7.0 ], "enabled": false },
										"west": { "texture": "#hair", "uv": [ 4.5, 3.0, 5.5, 6.0 ], "windMode": [-1,-1,-1,-1], "windData": [1,1,1,1] },
										"up": { "texture": "#null", "uv": [ 4.5, 3.0, 5.0, 4.0 ], "enabled": false },
										"down": { "texture": "#null", "uv": [ 5.0, 3.0, 5.5, 4.0 ], "enabled": false }
									},
									"children": [
										{
											"name": "strand6",
											"from": [ 0.0, -3.0, 0.0 ],
											"to": [ 0.0, 1.0, 1.0 ],
											"renderPass": 1,
											"uv": [ 33.5, 37.0 ],
											"rotationOrigin": [ 0.0, 1.0, 1.0 ],
											"rotationZ": 5.0,
											"faces": {
												"north": { "texture": "#null", "uv": [ 33.5, 38.0, 34.0, 42.0 ], "enabled": false },
												"east": { "texture": "#null", "uv": [ 34.0, 38.0, 35.0, 42.0 ], "enabled": false },
												"south": { "texture": "#null", "uv": [ 35.0, 38.0, 35.5, 42.0 ], "enabled": false },
												"west": { "texture": "#hair", "uv": [ 33.5, 37.0, 34.5, 41.0 ], "windMode": [-1,-1,-1,-1], "windData": [1,1,1,1] },
												"up": { "texture": "#null", "uv": [ 33.5, 37.0, 34.0, 38.0 ], "enabled": false },
												"down": { "texture": "#null", "uv": [ 34.0, 37.0, 34.5, 38.0 ], "enabled": false }
											}
										}
									]
								}
							]
						},
						{
							"name": "ponytail1",
							"from": [ 4.0, -2.4, -1.0 ],
							"to": [ 6.0, 2.6, 1.0 ],
							"renderPass": 1,
							"autoUnwrap": false,
							"uv": [ 28.0, 38.5 ],
							"rotationOrigin": [ 5.0, 2.6, 0.0 ],
							"faces": {
								"north": { "texture": "#hair", "uv": [ 38.0, 17.5, 40.0, 22.5 ] },
								"east": { "texture": "#hair", "uv": [ 22.0, 24.0, 24.0, 29.0 ] },
								"south": { "texture": "#hair", "uv": [ 39.0, 17.5, 41.0, 22.5 ] },
								"west": { "texture": "#hair", "uv": [ 37.5, 36.5, 39.5, 41.5 ], "windMode": [-1,-1,-1,-1], "windData": [1,1,1,1] },
								"up": { "texture": "#null", "uv": [ 0.0, 0.0, 2.0, 2.0 ], "enabled": false },
								"down": { "texture": "#null", "uv": [ 2.0, 0.0, 4.0, 2.0 ], "enabled": false }
							}
						},
						{
							"name": "strand7",
							"from": [ -2.9, -1.7, 1.0 ],
							"to": [ -2.9, 2.3, 2.0 ],
							"uv": [ 44.0, 33.5 ],
							"rotationOrigin": [ -2.9, 2.3, 1.5 ],
							"rotationX": -15.0,
							"rotationZ": -5.0,
							"faces": {
								"north": { "texture": "#null", "uv": [ 44.0, 34.5, 44.5, 38.5 ], "enabled": false },
								"east": { "texture": "#null", "uv": [ 44.5, 34.5, 45.5, 38.5 ], "enabled": false },
								"south": { "texture": "#null", "uv": [ 45.5, 34.5, 46.0, 38.5 ], "enabled": false },
								"west": { "texture": "#hair", "uv": [ 44.0, 33.5, 45.0, 37.5 ], "windMode": [-1,-1,-1,-1], "windData": [1,1,1,1] },
								"up": { "texture": "#null", "uv": [ 44.0, 33.5, 44.5, 34.5 ], "enabled": false },
								"down": { "texture": "#null", "uv": [ 44.5, 33.5, 45.0, 34.5 ], "enabled": false }
							}
						},
						{
							"name": "ponytail2",
							"from": [ 4.5, -4.4, -0.5 ],
							"to": [ 5.5, 2.6, 0.5 ],
							"renderPass": 1,
							"autoUnwrap": false,
							"uv": [ 28.0, 38.5 ],
							"rotationOrigin": [ 5.0, 2.6, 0.0 ],
							"rotationY": -45.0,
							"faces": {
								"north": { "texture": "#hair", "uv": [ 28.0, 36.5, 29.0, 43.5 ] },
								"east": { "texture": "#hair", "uv": [ 32.0, 36.5, 33.0, 43.5 ] },
								"south": { "texture": "#hair", "uv": [ 29.0, 36.5, 30.0, 43.5 ] },
								"west": { "texture": "#hair", "uv": [ 30.5, 36.0, 31.5, 43.0 ], "windMode": [-1,-1,-1,-1], "windData": [1,1,1,1] },
								"up": { "texture": "#null", "uv": [ 0.0, 0.0, 1.0, 1.0 ], "enabled": false },
								"down": { "texture": "#null", "uv": [ 1.0, 0.0, 2.0, 1.0 ], "enabled": false }
							}
						}
					]
				}
			]
		}
	]}