{
	"editor": {
		"backDropShape": "entity/humanoid/seraph-hairless",
		"allAngles": false,
		"entityTextureMode": true
	},
	"textureWidth": 48,
	"textureHeight": 48,
	"textureSizes": {
		"hair": [48,48],
		"reedrope": [16,16],
		"lapislazuli": [16,16]
	},
	"textures": {
		"reedrope": "block/cloth/reedrope",
		"lapislazuli": "block/stone/gem/lapislazuli",
		"hair": "entity/humanoid/seraphskinparts/hair/lightgray"
	},
	"elements": [
		{
			"name": "origin",
			"stepParentName": "Head",
			"from": [ 0.0, 0.0, 2.5 ],
			"to": [ 0.0, 0.0, 2.5 ],
			"uv": [ 0.0, 0.0 ],
			"rotationOrigin": [ 0.0, 0.0, 2.5 ],
			"faces": {
				"north": { "texture": "#null", "uv": [ 0.0, 0.5, 0.5, 1.0 ], "enabled": false },
				"east": { "texture": "#null", "uv": [ 0.5, 0.5, 1.0, 1.0 ], "enabled": false },
				"south": { "texture": "#null", "uv": [ 1.0, 0.5, 1.5, 1.0 ], "enabled": false },
				"west": { "texture": "#null", "uv": [ 1.5, 0.5, 2.0, 1.0 ], "enabled": false },
				"up": { "texture": "#null", "uv": [ 0.0, 0.0, 0.5, 0.5 ], "enabled": false },
				"down": { "texture": "#null", "uv": [ 0.5, 0.0, 1.0, 0.5 ], "enabled": false }
			},
			"children": [
				{
					"name": "sidelow",
					"from": [ 2.72, 3.0, 0.0 ],
					"to": [ 2.72, 3.0, 0.0 ],
					"uv": [ 0.0, 0.0 ],
					"rotationOrigin": [ 2.7166, 3.0, 0.0 ],
					"faces": {
						"north": { "texture": "#null", "uv": [ 0.0, 0.5, 0.5, 1.0 ], "enabled": false },
						"east": { "texture": "#null", "uv": [ 0.5, 0.5, 1.0, 1.0 ], "enabled": false },
						"south": { "texture": "#null", "uv": [ 1.0, 0.5, 1.5, 1.0 ], "enabled": false },
						"west": { "texture": "#null", "uv": [ 1.5, 0.5, 2.0, 1.0 ], "enabled": false },
						"up": { "texture": "#null", "uv": [ 0.0, 0.0, 0.5, 0.5 ], "enabled": false },
						"down": { "texture": "#null", "uv": [ 0.5, 0.0, 1.0, 0.5 ], "enabled": false }
					},
					"children": [
						{
							"name": "tiedL",
							"from": [ -1.0, -4.0, 1.8 ],
							"to": [ 1.0, -1.0, 3.8 ],
							"uv": [ 0.0, 0.0 ],
							"rotationOrigin": [ 0.0, -1.0, 2.8 ],
							"rotationY": 22.5,
							"rotationZ": -45.0,
							"faces": {
								"north": { "texture": "#reedrope", "uv": [ 0.0, 2.0, 2.0, 5.0 ] },
								"east": { "texture": "#reedrope", "uv": [ 2.0, 2.0, 4.0, 5.0 ] },
								"south": { "texture": "#reedrope", "uv": [ 4.0, 2.0, 6.0, 5.0 ] },
								"west": { "texture": "#reedrope", "uv": [ 6.0, 2.0, 8.0, 5.0 ] },
								"up": { "texture": "#reedrope", "uv": [ 0.0, 0.0, 2.0, 2.0 ] },
								"down": { "texture": "#reedrope", "uv": [ 2.0, 0.0, 4.0, 2.0 ] }
							},
							"children": [
								{
									"name": "braidL1",
									"from": [ 0.1, 2.5, 0.0 ],
									"to": [ 1.9, 4.5, 1.9 ],
									"uv": [ 19.5, 32.0 ],
									"rotationOrigin": [ 1.0, 2.5, 1.0 ],
									"rotationX": -20.0,
									"faces": {
										"north": { "texture": "#null", "uv": [ 19.5, 33.5, 21.0, 35.5 ], "enabled": false },
										"east": { "texture": "#hair", "uv": [ 19.5, 32.0, 21.0, 34.0 ] },
										"south": { "texture": "#hair", "uv": [ 21.0, 32.0, 22.5, 34.0 ] },
										"west": { "texture": "#hair", "uv": [ 22.5, 32.0, 24.0, 34.0 ] },
										"up": { "texture": "#null", "uv": [ 19.5, 32.0, 21.0, 33.5 ], "enabled": false },
										"down": { "texture": "#null", "uv": [ 21.0, 32.0, 22.5, 33.5 ], "enabled": false }
									}
								},
								{
									"name": "braidL2",
									"from": [ 0.1, -1.0, 0.1 ],
									"to": [ 1.9, 0.0, 1.9 ],
									"uv": [ 16.5, 33.5 ],
									"rotationOrigin": [ 1.0, 0.0, 1.0 ],
									"faces": {
										"north": { "texture": "#hair", "uv": [ 16.5, 35.0, 18.0, 36.0 ] },
										"east": { "texture": "#hair", "uv": [ 18.0, 35.0, 19.5, 36.0 ] },
										"south": { "texture": "#hair", "uv": [ 19.5, 35.0, 21.0, 36.0 ] },
										"west": { "texture": "#hair", "uv": [ 21.0, 35.0, 22.5, 36.0 ] },
										"up": { "texture": "#null", "uv": [ 16.5, 33.5, 18.0, 35.0 ], "enabled": false },
										"down": { "texture": "#hair", "uv": [ 16.5, 33.5, 18.0, 35.0 ] }
									},
									"children": [
										{
											"name": "braid-tipL1",
											"from": [ 0.9, -1.0, -0.1 ],
											"to": [ 0.9, 1.0, 1.9 ],
											"renderPass": 1,
											"uv": [ 35.5, 39.5 ],
											"rotationOrigin": [ 0.9, 1.0, 0.9 ],
											"faces": {
												"north": { "texture": "#null", "uv": [ 35.5, 41.5, 36.0, 43.5 ], "enabled": false },
												"east": { "texture": "#null", "uv": [ 36.0, 41.5, 38.0, 43.5 ], "enabled": false },
												"south": { "texture": "#null", "uv": [ 38.0, 41.5, 38.5, 43.5 ], "enabled": false },
												"west": { "texture": "#hair", "uv": [ 35.5, 39.5, 37.5, 41.5 ], "windMode": [-1,-1,-1,-1], "windData": [1,1,1,1] },
												"up": { "texture": "#null", "uv": [ 35.5, 39.5, 36.0, 41.5 ], "enabled": false },
												"down": { "texture": "#null", "uv": [ 36.0, 39.5, 36.5, 41.5 ], "enabled": false }
											}
										},
										{
											"name": "braid-tipL2",
											"from": [ -0.1, -1.0, 0.9 ],
											"to": [ 1.9, 1.0, 0.9 ],
											"renderPass": 1,
											"uv": [ 37.5, 39.0 ],
											"rotationOrigin": [ 1.0, 1.0, 0.9 ],
											"faces": {
												"north": { "texture": "#null", "uv": [ 37.5, 39.5, 39.5, 41.5 ], "enabled": false },
												"east": { "texture": "#null", "uv": [ 39.5, 39.5, 40.0, 41.5 ], "enabled": false },
												"south": { "texture": "#hair", "uv": [ 37.5, 39.0, 39.5, 41.0 ], "windMode": [-1,-1,-1,-1], "windData": [1,1,1,1] },
												"west": { "texture": "#null", "uv": [ 42.0, 39.5, 42.5, 41.5 ], "enabled": false },
												"up": { "texture": "#null", "uv": [ 37.5, 39.0, 39.5, 39.5 ], "enabled": false },
												"down": { "texture": "#null", "uv": [ 39.5, 39.0, 41.5, 39.5 ], "enabled": false }
											}
										}
									]
								},
								{
									"name": "bead1",
									"from": [ -0.1, 0.3, 0.8 ],
									"to": [ 2.1, 0.7, 1.2 ],
									"uv": [ 2.5, 9.5 ],
									"rotationOrigin": [ 0.0, 0.5, 1.0 ],
									"faces": {
										"north": { "texture": "#lapislazuli", "uv": [ 2.5, 10.0, 4.5, 10.5 ] },
										"east": { "texture": "#lapislazuli", "uv": [ 4.5, 10.0, 5.0, 10.5 ] },
										"south": { "texture": "#lapislazuli", "uv": [ 5.0, 10.0, 7.0, 10.5 ] },
										"west": { "texture": "#lapislazuli", "uv": [ 7.0, 10.0, 7.5, 10.5 ] },
										"up": { "texture": "#lapislazuli", "uv": [ 2.5, 9.5, 4.5, 10.0 ] },
										"down": { "texture": "#lapislazuli", "uv": [ 4.5, 9.5, 6.5, 10.0 ] }
									}
								},
								{
									"name": "bead2",
									"from": [ -0.1, 1.3, 0.8 ],
									"to": [ 2.1, 1.7, 1.2 ],
									"uv": [ 4.5, 11.5 ],
									"rotationOrigin": [ 0.0, 1.5, 1.0 ],
									"faces": {
										"north": { "texture": "#lapislazuli", "uv": [ 4.5, 12.0, 6.5, 12.5 ] },
										"east": { "texture": "#lapislazuli", "uv": [ 6.5, 12.0, 7.0, 12.5 ] },
										"south": { "texture": "#lapislazuli", "uv": [ 7.0, 12.0, 9.0, 12.5 ] },
										"west": { "texture": "#lapislazuli", "uv": [ 9.0, 12.0, 9.5, 12.5 ] },
										"up": { "texture": "#lapislazuli", "uv": [ 4.5, 11.5, 6.5, 12.0 ] },
										"down": { "texture": "#lapislazuli", "uv": [ 6.5, 11.5, 8.5, 12.0 ] }
									}
								}
							]
						},
						{
							"name": "tiedR",
							"from": [ -1.0, -4.0, -3.7 ],
							"to": [ 1.0, -1.0, -1.7 ],
							"uv": [ 0.0, 0.0 ],
							"rotationOrigin": [ 0.0, -1.0, -2.7 ],
							"rotationY": -22.5,
							"rotationZ": -45.0,
							"faces": {
								"north": { "texture": "#reedrope", "uv": [ 0.0, 2.0, 2.0, 5.0 ] },
								"east": { "texture": "#reedrope", "uv": [ 2.0, 2.0, 4.0, 5.0 ] },
								"south": { "texture": "#reedrope", "uv": [ 4.0, 2.0, 6.0, 5.0 ] },
								"west": { "texture": "#reedrope", "uv": [ 6.0, 2.0, 8.0, 5.0 ] },
								"up": { "texture": "#reedrope", "uv": [ 0.0, 0.0, 2.0, 2.0 ] },
								"down": { "texture": "#reedrope", "uv": [ 2.0, 0.0, 4.0, 2.0 ] }
							},
							"children": [
								{
									"name": "braidR1",
									"from": [ 0.1, 2.5, 0.0 ],
									"to": [ 1.9, 4.5, 1.9 ],
									"uv": [ 20.5, 33.0 ],
									"rotationOrigin": [ 1.0, 2.5, 1.0 ],
									"rotationX": 20.0,
									"faces": {
										"north": { "texture": "#hair", "uv": [ 20.5, 33.0, 22.0, 35.0 ], "windMode": [-1,-1,-1,-1], "windData": [1,1,1,1] },
										"east": { "texture": "#hair", "uv": [ 22.0, 33.0, 23.5, 35.0 ] },
										"south": { "texture": "#null", "uv": [ 23.5, 34.5, 25.0, 36.5 ], "enabled": false },
										"west": { "texture": "#hair", "uv": [ 25.0, 33.0, 26.5, 35.0 ] },
										"up": { "texture": "#null", "uv": [ 20.5, 33.0, 22.0, 34.5 ], "enabled": false },
										"down": { "texture": "#null", "uv": [ 22.0, 33.0, 23.5, 34.5 ], "enabled": false }
									}
								},
								{
									"name": "braidR2",
									"from": [ 0.1, -1.0, 0.1 ],
									"to": [ 1.9, 0.0, 1.9 ],
									"uv": [ 16.5, 33.5 ],
									"rotationOrigin": [ 1.0, 0.0, 1.0 ],
									"faces": {
										"north": { "texture": "#hair", "uv": [ 16.5, 35.0, 18.0, 36.0 ] },
										"east": { "texture": "#hair", "uv": [ 18.0, 35.0, 19.5, 36.0 ] },
										"south": { "texture": "#hair", "uv": [ 19.5, 35.0, 21.0, 36.0 ] },
										"west": { "texture": "#hair", "uv": [ 21.0, 35.0, 22.5, 36.0 ] },
										"up": { "texture": "#null", "uv": [ 16.5, 33.5, 18.0, 35.0 ], "enabled": false },
										"down": { "texture": "#hair", "uv": [ 16.5, 33.5, 18.0, 35.0 ] }
									},
									"children": [
										{
											"name": "braid-tipR1",
											"from": [ 0.9, -1.0, -0.1 ],
											"to": [ 0.9, 1.0, 1.9 ],
											"renderPass": 1,
											"uv": [ 34.5, 39.5 ],
											"rotationOrigin": [ 0.9, 1.0, 0.9 ],
											"faces": {
												"north": { "texture": "#null", "uv": [ 34.5, 41.5, 35.0, 43.5 ], "enabled": false },
												"east": { "texture": "#null", "uv": [ 35.0, 41.5, 37.0, 43.5 ], "enabled": false },
												"south": { "texture": "#null", "uv": [ 37.0, 41.5, 37.5, 43.5 ], "enabled": false },
												"west": { "texture": "#hair", "uv": [ 34.5, 39.5, 36.5, 41.5 ], "windMode": [-1,-1,-1,-1], "windData": [1,1,1,1] },
												"up": { "texture": "#null", "uv": [ 34.5, 39.5, 35.0, 41.5 ], "enabled": false },
												"down": { "texture": "#null", "uv": [ 35.0, 39.5, 35.5, 41.5 ], "enabled": false }
											}
										},
										{
											"name": "braid-tipR2",
											"from": [ -0.1, -1.0, 0.9 ],
											"to": [ 1.9, 1.0, 0.9 ],
											"renderPass": 1,
											"uv": [ 36.5, 39.0 ],
											"rotationOrigin": [ 1.0, 1.0, 0.9 ],
											"faces": {
												"north": { "texture": "#null", "uv": [ 36.5, 39.5, 38.5, 41.5 ], "enabled": false },
												"east": { "texture": "#null", "uv": [ 38.5, 39.5, 39.0, 41.5 ], "enabled": false },
												"south": { "texture": "#hair", "uv": [ 36.5, 39.0, 38.5, 41.0 ], "windMode": [-1,-1,-1,-1], "windData": [1,1,1,1] },
												"west": { "texture": "#null", "uv": [ 41.0, 39.5, 41.5, 41.5 ], "enabled": false },
												"up": { "texture": "#null", "uv": [ 36.5, 39.0, 38.5, 39.5 ], "enabled": false },
												"down": { "texture": "#null", "uv": [ 38.5, 39.0, 40.5, 39.5 ], "enabled": false }
											}
										}
									]
								},
								{
									"name": "bead3",
									"from": [ -0.1, 0.3, 0.8 ],
									"to": [ 2.1, 0.7, 1.2 ],
									"uv": [ 4.0, 4.5 ],
									"rotationOrigin": [ 0.0, 0.5, 1.0 ],
									"faces": {
										"north": { "texture": "#lapislazuli", "uv": [ 4.0, 5.0, 6.0, 5.5 ] },
										"east": { "texture": "#lapislazuli", "uv": [ 6.0, 5.0, 6.5, 5.5 ] },
										"south": { "texture": "#lapislazuli", "uv": [ 6.5, 5.0, 8.5, 5.5 ] },
										"west": { "texture": "#lapislazuli", "uv": [ 8.5, 5.0, 9.0, 5.5 ] },
										"up": { "texture": "#lapislazuli", "uv": [ 4.0, 4.5, 6.0, 5.0 ] },
										"down": { "texture": "#lapislazuli", "uv": [ 6.0, 4.5, 8.0, 5.0 ] }
									}
								},
								{
									"name": "bead4",
									"from": [ -0.1, 1.3, 0.8 ],
									"to": [ 2.1, 1.7, 1.2 ],
									"uv": [ 6.5, 0.5 ],
									"rotationOrigin": [ 0.0, 1.5, 1.0 ],
									"faces": {
										"north": { "texture": "#lapislazuli", "uv": [ 6.5, 1.0, 8.5, 1.5 ] },
										"east": { "texture": "#lapislazuli", "uv": [ 8.5, 1.0, 9.0, 1.5 ] },
										"south": { "texture": "#lapislazuli", "uv": [ 9.0, 1.0, 11.0, 1.5 ] },
										"west": { "texture": "#lapislazuli", "uv": [ 11.0, 1.0, 11.5, 1.5 ] },
										"up": { "texture": "#lapislazuli", "uv": [ 6.5, 0.5, 8.5, 1.0 ] },
										"down": { "texture": "#lapislazuli", "uv": [ 8.5, 0.5, 10.5, 1.0 ] }
									}
								}
							]
						}
					]
				}
			]
		}
	]}