{
	"editor": {
		"backDropShape": "entity/humanoid/seraph-hairless",
		"allAngles": true,
		"entityTextureMode": true
	},
	"textureWidth": 48,
	"textureHeight": 48,
	"textureSizes": {
		"hair": [48,48],
		"birch": [16,16]
	},
	"textures": {
		"birch": "block/wood/debarked/birch",
		"hair": "entity/humanoid/seraphskinparts/hair/lightgray"
	},
	"elements": [
		{
			"name": "sidelow",
			"stepParentName": "Head",
			"from": [ 0.0, 0.0, 0.0 ],
			"to": [ 0.0, 0.0, 0.0 ],
			"uv": [ 0.0, 0.0 ],
			"rotationOrigin": [ 0.0, 0.0, 2.6 ],
			"faces": {
			},
			"children": [
				{
					"name": "BunLeft",
					"from": [ 2.8, 3.1, 4.9 ],
					"to": [ 4.8, 5.1, 6.9 ],
					"uv": [ 20.0, 33.5 ],
					"rotationOrigin": [ 3.8, 3.9, 5.9 ],
					"rotationX": -15.0,
					"rotationY": 20.0,
					"faces": {
						"east": { "texture": "#hair", "uv": [ 22.0, 35.5, 24.0, 37.5 ] },
						"south": { "texture": "#hair", "uv": [ 24.0, 35.5, 26.0, 37.5 ] },
						"west": { "texture": "#hair", "uv": [ 26.0, 35.5, 28.0, 37.5 ] },
						"up": { "texture": "#hair", "uv": [ 20.0, 33.5, 22.0, 35.5 ] },
						"down": { "texture": "#hair", "uv": [ 22.0, 33.5, 24.0, 35.5 ] }
					},
					"children": [
						{
							"name": "BunStrandLeft",
							"from": [ 0.1, -4.5, 0.6 ],
							"to": [ 1.1, 1.0, 1.6 ],
							"uv": [ 38.0, 25.0 ],
							"rotationOrigin": [ 0.6, 0.5, 1.3 ],
							"rotationX": -28.0,
							"rotationY": -47.0,
							"rotationZ": -33.0,
							"faces": {
								"north": { "texture": "#hair", "uv": [ 38.0, 25.0, 39.0, 30.5 ], "windMode": [-1,-1,-1,-1] },
								"east": { "texture": "#hair", "uv": [ 39.0, 25.0, 40.0, 30.5 ] },
								"south": { "texture": "#hair", "uv": [ 40.0, 25.0, 41.0, 30.5 ] },
								"west": { "texture": "#hair", "uv": [ 41.0, 25.0, 42.0, 30.5 ] }
							}
						},
						{
							"name": "BunLeft2",
							"from": [ -0.5, -0.9, -0.5 ],
							"to": [ 2.5, 2.1, 1.0 ],
							"uv": [ 16.5, 31.0 ],
							"rotationOrigin": [ 1.0, 0.6, 1.0 ],
							"rotationX": 11.0,
							"faces": {
								"north": { "texture": "#hair", "uv": [ 16.5, 32.5, 19.5, 35.5 ] },
								"east": { "texture": "#hair", "uv": [ 19.5, 32.5, 21.0, 35.5 ] },
								"south": { "texture": "#hair", "uv": [ 21.0, 32.5, 24.0, 35.5 ] },
								"west": { "texture": "#hair", "uv": [ 24.0, 32.5, 25.5, 35.5 ] },
								"up": { "texture": "#hair", "uv": [ 16.5, 31.0, 19.5, 32.5 ] },
								"down": { "texture": "#hair", "uv": [ 19.5, 31.0, 22.5, 32.5 ] }
							}
						},
						{
							"name": "BunStrandLeft9",
							"from": [ 0.6, -4.0, 0.7 ],
							"to": [ 1.6, 0.5, 1.7 ],
							"uv": [ 40.5, 25.5 ],
							"rotationOrigin": [ 1.2, 0.0, 1.3 ],
							"rotationX": 6.0,
							"rotationY": -28.0,
							"rotationZ": 17.0,
							"faces": {
								"north": { "texture": "#hair", "uv": [ 40.5, 25.5, 41.5, 30.0 ] },
								"east": { "texture": "#hair", "uv": [ 41.5, 25.5, 42.5, 30.0 ] },
								"south": { "texture": "#hair", "uv": [ 42.5, 25.5, 43.5, 30.0 ] },
								"west": { "texture": "#hair", "uv": [ 43.5, 25.5, 44.5, 30.0 ] }
							}
						},
						{
							"name": "BunStrandLeft2",
							"from": [ 0.1, -4.5, 0.6 ],
							"to": [ 1.1, 1.0, 1.6 ],
							"uv": [ 33.0, 25.5 ],
							"rotationOrigin": [ 0.6, 0.5, 1.3 ],
							"rotationX": 11.0,
							"rotationY": -14.0,
							"rotationZ": 6.0,
							"faces": {
								"north": { "texture": "#hair", "uv": [ 33.0, 25.5, 34.0, 31.0 ] },
								"east": { "texture": "#hair", "uv": [ 34.0, 25.5, 35.0, 31.0 ] },
								"south": { "texture": "#hair", "uv": [ 35.0, 25.5, 36.0, 31.0 ] },
								"west": { "texture": "#hair", "uv": [ 36.0, 25.5, 37.0, 31.0 ] }
							}
						},
						{
							"name": "BunStrandLeft3",
							"from": [ 0.1, -3.5, 0.2 ],
							"to": [ 1.1, 1.0, 1.2 ],
							"uv": [ 33.0, 25.5 ],
							"rotationOrigin": [ 0.6, 0.5, 0.9 ],
							"rotationX": -11.0,
							"rotationY": -47.0,
							"rotationZ": -44.0,
							"faces": {
								"north": { "texture": "#hair", "uv": [ 33.0, 25.5, 34.0, 30.0 ], "windMode": [-1,-1,-1,-1] },
								"east": { "texture": "#hair", "uv": [ 34.0, 25.5, 35.0, 30.0 ] },
								"south": { "texture": "#hair", "uv": [ 35.0, 25.5, 36.0, 30.0 ] },
								"west": { "texture": "#hair", "uv": [ 36.0, 25.5, 37.0, 30.0 ] }
							}
						}
					]
				},
				{
					"name": "BunRight",
					"from": [ 2.8, 3.1, -1.8 ],
					"to": [ 4.8, 5.1, 0.2 ],
					"uv": [ 20.0, 31.5 ],
					"rotationOrigin": [ 3.8, 4.1, -0.8 ],
					"rotationX": 15.0,
					"rotationY": -20.0,
					"faces": {
						"north": { "texture": "#hair", "uv": [ 20.0, 33.5, 22.0, 35.5 ] },
						"east": { "texture": "#hair", "uv": [ 22.0, 33.5, 24.0, 35.5 ] },
						"west": { "texture": "#hair", "uv": [ 26.0, 33.5, 28.0, 35.5 ] },
						"up": { "texture": "#hair", "uv": [ 20.0, 31.5, 22.0, 33.5 ] },
						"down": { "texture": "#hair", "uv": [ 22.0, 31.5, 24.0, 33.5 ] }
					},
					"children": [
						{
							"name": "BunStrandRight",
							"from": [ 0.7, -5.0, 0.5 ],
							"to": [ 1.7, 0.5, 1.5 ],
							"uv": [ 44.0, 25.5 ],
							"rotationOrigin": [ 1.2, 0.0, 1.0 ],
							"rotationX": 6.0,
							"rotationY": 39.0,
							"rotationZ": 19.0,
							"faces": {
								"north": { "texture": "#hair", "uv": [ 44.0, 25.5, 45.0, 31.0 ] },
								"east": { "texture": "#hair", "uv": [ 45.0, 25.5, 46.0, 31.0 ] },
								"south": { "texture": "#hair", "uv": [ 46.0, 25.5, 47.0, 31.0 ] },
								"west": { "texture": "#hair", "uv": [ 47.0, 25.5, 48.0, 31.0 ] }
							}
						},
						{
							"name": "BunStrandRight6",
							"from": [ 0.7, -5.0, 0.9 ],
							"to": [ 1.7, 0.5, 1.9 ],
							"uv": [ 37.0, 25.5 ],
							"rotationOrigin": [ 1.2, 0.0, 1.4 ],
							"rotationX": 6.0,
							"rotationY": 75.0,
							"rotationZ": -3.0,
							"faces": {
								"north": { "texture": "#hair", "uv": [ 37.0, 25.5, 38.0, 31.0 ] },
								"east": { "texture": "#hair", "uv": [ 38.0, 25.5, 39.0, 31.0 ] },
								"south": { "texture": "#hair", "uv": [ 39.0, 25.5, 40.0, 31.0 ] },
								"west": { "texture": "#hair", "uv": [ 40.0, 25.5, 41.0, 31.0 ] }
							}
						},
						{
							"name": "BunRight2",
							"from": [ -0.5, -0.9, 1.0 ],
							"to": [ 2.5, 2.1, 2.5 ],
							"uv": [ 16.5, 32.0 ],
							"rotationOrigin": [ 1.0, 0.6, 1.0 ],
							"rotationX": -11.0,
							"faces": {
								"north": { "texture": "#hair", "uv": [ 16.5, 33.5, 19.5, 36.5 ] },
								"east": { "texture": "#hair", "uv": [ 19.5, 33.5, 21.0, 36.5 ] },
								"south": { "texture": "#hair", "uv": [ 21.0, 33.5, 24.0, 36.5 ] },
								"west": { "texture": "#hair", "uv": [ 24.0, 33.5, 25.5, 36.5 ] },
								"up": { "texture": "#hair", "uv": [ 16.5, 32.0, 19.5, 33.5 ] },
								"down": { "texture": "#hair", "uv": [ 19.5, 32.0, 22.5, 33.5 ] }
							}
						},
						{
							"name": "BunStrandRight7",
							"from": [ 0.4, -4.0, 0.9 ],
							"to": [ 1.4, 0.5, 1.9 ],
							"uv": [ 41.0, 25.5 ],
							"rotationOrigin": [ 0.9, 0.0, 1.4 ],
							"rotationX": -17.0,
							"rotationZ": -11.0,
							"faces": {
								"north": { "texture": "#hair", "uv": [ 41.0, 25.5, 42.0, 30.0 ] },
								"east": { "texture": "#hair", "uv": [ 42.0, 25.5, 43.0, 30.0 ] },
								"south": { "texture": "#hair", "uv": [ 43.0, 25.5, 44.0, 30.0 ] },
								"west": { "texture": "#hair", "uv": [ 44.0, 25.5, 45.0, 30.0 ] }
							}
						},
						{
							"name": "BunStrandRight8",
							"from": [ 1.1, -4.0, 0.5 ],
							"to": [ 2.1, 0.5, 1.5 ],
							"uv": [ 43.0, 26.5 ],
							"rotationOrigin": [ 1.6, 0.0, 1.0 ],
							"rotationX": 3.0,
							"rotationZ": 22.0,
							"faces": {
								"north": { "texture": "#hair", "uv": [ 43.0, 26.5, 44.0, 31.0 ] },
								"east": { "texture": "#hair", "uv": [ 44.0, 26.5, 45.0, 31.0 ] },
								"south": { "texture": "#hair", "uv": [ 45.0, 26.5, 46.0, 31.0 ] },
								"west": { "texture": "#hair", "uv": [ 46.0, 26.5, 47.0, 31.0 ] }
							}
						}
					]
				}
			]
		}
	]}