{
	"editor": {
		"backDropShape": "entity/humanoid/seraph-hairless",
		"allAngles": true,
		"entityTextureMode": true
	},
	"textureWidth": 48,
	"textureHeight": 48,
	"textureSizes": {
		"hair": [48,48]
	},
	"textures": {
		"hair": "entity/humanoid/seraphskinparts/hair/lightgray"
	},
	"elements": [
		{
			"name": "Hair-Base",
			"stepParentName": "Head",
			"from": [ -0.3, -3.2, -0.3 ],
			"to": [ 5.7, 5.3, 5.2 ],
			"renderPass": 1,
			"autoUnwrap": false,
			"uv": [ 0.0, 0.0 ],
			"rotationOrigin": [ 2.5, 3.0, 2.5 ],
			"faces": {
				"north": { "texture": "#hair", "uv": [ 0.5, 0.0, 6.5, 8.5 ], "windMode": [-1,-1,-1,-1], "windData": [1,1,1,1], "enabled": false },
				"east": { "texture": "#hair", "uv": [ 20.0, 21.5, 25.5, 30.0 ], "windMode": [-1,-1,-1,-1], "windData": [1,1,1,1], "enabled": false },
				"south": { "texture": "#hair", "uv": [ 31.5, 0.0, 37.5, 8.5 ], "windMode": [-1,-1,-1,-1], "windData": [1,1,1,1], "enabled": false },
				"west": { "texture": "#hair", "uv": [ 6.0, 0.0, 11.5, 8.5 ], "windMode": [-1,-1,-1,-1], "windData": [1,1,1,1], "enabled": false },
				"up": { "texture": "#hair", "uv": [ 24.0, 0.0, 29.5, 6.0 ], "rotation": 90, "enabled": false },
				"down": { "texture": "#null", "uv": [ 6.0, 0.0, 12.0, 5.5 ], "enabled": false }
			},
			"children": [
				{
					"name": "hair-uncovered",
					"from": [ 3.0, 6.0, 2.8 ],
					"to": [ 3.0, 6.0, 2.8 ],
					"uv": [ 0.0, 0.0 ],
					"rotationOrigin": [ 3.0, 6.0, 2.8 ],
					"faces": {
						"north": { "texture": "#null", "uv": [ 0.0, 0.5, 0.5, 1.0 ], "enabled": false },
						"east": { "texture": "#null", "uv": [ 0.5, 0.5, 1.0, 1.0 ], "enabled": false },
						"south": { "texture": "#null", "uv": [ 1.0, 0.5, 1.5, 1.0 ], "enabled": false },
						"west": { "texture": "#null", "uv": [ 1.5, 0.5, 2.0, 1.0 ], "enabled": false },
						"up": { "texture": "#null", "uv": [ 0.0, 0.0, 0.5, 0.5 ], "enabled": false },
						"down": { "texture": "#null", "uv": [ 0.5, 0.0, 1.0, 0.5 ], "enabled": false }
					},
					"children": [
						{
							"name": "Hair-part1",
							"from": [ -3.0, 1.5, -0.5 ],
							"to": [ 3.0, 2.5, 2.0 ],
							"renderPass": 1,
							"autoUnwrap": false,
							"uv": [ 28.5, 31.5 ],
							"rotationOrigin": [ 0.0, 2.5, 2.0 ],
							"rotationX": 10.0,
							"faces": {
								"north": { "texture": "#null", "uv": [ 0.0, 2.5, 6.0, 3.5 ], "enabled": false },
								"east": { "texture": "#hair", "uv": [ 34.0, 34.5, 36.5, 35.5 ], "windMode": [-1,-1,-1,-1], "windData": [1,1,1,1] },
								"south": { "texture": "#null", "uv": [ 8.5, 2.5, 14.5, 3.5 ], "enabled": false },
								"west": { "texture": "#hair", "uv": [ 37.0, 34.5, 39.5, 35.5 ], "windMode": [-1,-1,-1,-1], "windData": [1,1,1,1] },
								"up": { "texture": "#hair", "uv": [ 33.5, 36.5, 39.5, 39.0 ], "rotation": 180 },
								"down": { "texture": "#null", "uv": [ 6.0, 0.0, 12.0, 2.5 ], "enabled": false }
							}
						},
						{
							"name": "Hair-part2",
							"from": [ -3.01, 2.0, -3.4 ],
							"to": [ 2.99, 3.0, -0.4 ],
							"renderPass": 1,
							"autoUnwrap": false,
							"uv": [ 31.5, 23.0 ],
							"rotationOrigin": [ 0.1, 3.0, -0.4 ],
							"rotationX": -5.0,
							"faces": {
								"north": { "texture": "#hair", "uv": [ 34.0, 33.5, 40.0, 34.5 ] },
								"east": { "texture": "#hair", "uv": [ 33.5, 31.0, 36.5, 32.0 ] },
								"south": { "texture": "#hair", "uv": [ 17.0, 2.0, 23.0, 3.0 ] },
								"west": { "texture": "#hair", "uv": [ 36.5, 31.5, 39.5, 32.5 ] },
								"up": { "texture": "#hair", "uv": [ 33.5, 36.0, 39.5, 39.0 ], "rotation": 180 },
								"down": { "texture": "#null", "uv": [ 6.0, 0.0, 12.0, 3.0 ], "enabled": false }
							},
							"children": [
								{
									"name": "Hair1",
									"from": [ 0.0, -2.0, 0.5 ],
									"to": [ 5.5, 0.0, 0.5 ],
									"renderPass": 1,
									"uv": [ 17.0, 4.0 ],
									"rotationOrigin": [ 2.5, 0.0, 0.5 ],
									"rotationX": 22.5,
									"faces": {
										"north": { "texture": "#hair", "uv": [ 17.0, 4.0, 22.5, 6.0 ] },
										"east": { "texture": "#null", "uv": [ 22.5, 4.5, 23.0, 6.5 ], "enabled": false },
										"south": { "texture": "#null", "uv": [ 23.0, 4.5, 28.5, 6.5 ], "enabled": false },
										"west": { "texture": "#null", "uv": [ 28.5, 4.5, 29.0, 6.5 ], "enabled": false },
										"up": { "texture": "#null", "uv": [ 17.0, 4.0, 22.5, 4.5 ], "enabled": false },
										"down": { "texture": "#null", "uv": [ 22.5, 4.0, 28.0, 4.5 ], "enabled": false }
									}
								},
								{
									"name": "Hair2",
									"from": [ 0.0, -4.0, 0.5 ],
									"to": [ 5.5, -1.0, 0.5 ],
									"renderPass": 1,
									"uv": [ 33.5, 38.5 ],
									"rotationOrigin": [ 2.5, -1.0, 0.5 ],
									"rotationX": 22.5,
									"faces": {
										"north": { "texture": "#hair", "uv": [ 33.5, 38.5, 39.0, 41.5 ] },
										"east": { "texture": "#null", "uv": [ 39.0, 39.0, 39.5, 42.0 ], "enabled": false },
										"south": { "texture": "#null", "uv": [ 39.5, 39.0, 45.0, 42.0 ], "enabled": false },
										"west": { "texture": "#null", "uv": [ 45.0, 39.0, 45.5, 42.0 ], "enabled": false },
										"up": { "texture": "#null", "uv": [ 33.5, 38.5, 39.0, 39.0 ], "enabled": false },
										"down": { "texture": "#null", "uv": [ 39.0, 38.5, 44.5, 39.0 ], "enabled": false }
									}
								},
								{
									"name": "Hair3",
									"from": [ 1.0, -6.0, 0.2 ],
									"to": [ 5.5, -3.0, 0.2 ],
									"renderPass": 1,
									"uv": [ 43.0, 14.0 ],
									"rotationOrigin": [ 2.5, -3.0, 0.2 ],
									"rotationX": 22.5,
									"faces": {
										"north": { "texture": "#hair", "uv": [ 43.0, 14.0, 47.5, 17.0 ] },
										"east": { "texture": "#null", "uv": [ 47.5, 14.5, 48.0, 17.5 ], "enabled": false },
										"south": { "texture": "#null", "uv": [ 48.0, 14.5, 52.5, 17.5 ], "enabled": false },
										"west": { "texture": "#null", "uv": [ 52.5, 14.5, 53.0, 17.5 ], "enabled": false },
										"up": { "texture": "#null", "uv": [ 43.0, 14.0, 47.5, 14.5 ], "enabled": false },
										"down": { "texture": "#null", "uv": [ 47.5, 14.0, 52.0, 14.5 ], "enabled": false }
									}
								},
								{
									"name": "Hair4",
									"from": [ 0.0, -1.0, 0.1 ],
									"to": [ 6.0, 1.0, 0.1 ],
									"renderPass": 1,
									"uv": [ 17.0, 4.0 ],
									"rotationOrigin": [ 2.5, 1.0, 0.1 ],
									"rotationX": 22.5,
									"faces": {
										"north": { "texture": "#hair", "uv": [ 17.0, 4.0, 23.0, 6.0 ] },
										"east": { "texture": "#null", "uv": [ 23.0, 4.5, 23.5, 6.5 ], "enabled": false },
										"south": { "texture": "#null", "uv": [ 23.5, 4.5, 29.5, 6.5 ], "enabled": false },
										"west": { "texture": "#null", "uv": [ 29.5, 4.5, 30.0, 6.5 ], "enabled": false },
										"up": { "texture": "#null", "uv": [ 17.0, 4.0, 23.0, 4.5 ], "enabled": false },
										"down": { "texture": "#null", "uv": [ 23.0, 4.0, 29.0, 4.5 ], "enabled": false }
									}
								}
							]
						},
						{
							"name": "Fringe1",
							"from": [ -3.0, -1.0, -3.0 ],
							"to": [ -3.0, 2.0, 2.5 ],
							"renderPass": 1,
							"uv": [ 27.5, 21.5 ],
							"rotationOrigin": [ -3.0, 2.0, 0.0 ],
							"rotationZ": -15.0,
							"faces": {
								"north": { "texture": "#null", "uv": [ 27.5, 27.0, 28.0, 30.0 ], "enabled": false },
								"east": { "texture": "#null", "uv": [ 28.0, 27.0, 33.5, 30.0 ], "enabled": false },
								"south": { "texture": "#null", "uv": [ 33.5, 27.0, 34.0, 30.0 ], "enabled": false },
								"west": { "texture": "#hair", "uv": [ 27.5, 21.5, 33.0, 24.5 ], "windMode": [-1,-1,-1,-1], "windData": [1,1,1,1] },
								"up": { "texture": "#null", "uv": [ 27.5, 21.5, 28.0, 27.0 ], "enabled": false },
								"down": { "texture": "#null", "uv": [ 28.0, 21.5, 28.5, 27.0 ], "enabled": false }
							}
						},
						{
							"name": "hair5",
							"from": [ -2.0, -5.0, -3.0 ],
							"to": [ -2.0, -1.0, -1.5 ],
							"renderPass": 1,
							"uv": [ 19.5, 24.5 ],
							"rotationOrigin": [ -2.0, -2.0, -2.0 ],
							"rotationZ": -22.5,
							"faces": {
								"north": { "texture": "#null", "uv": [ 19.5, 26.0, 20.0, 30.0 ], "enabled": false },
								"east": { "texture": "#null", "uv": [ 20.0, 26.0, 21.5, 30.0 ], "enabled": false },
								"south": { "texture": "#null", "uv": [ 21.5, 26.0, 22.0, 30.0 ], "enabled": false },
								"west": { "texture": "#hair", "uv": [ 19.5, 24.5, 21.0, 28.5 ], "windMode": [-1,-1,-1,-1], "windData": [1,1,1,1] },
								"up": { "texture": "#null", "uv": [ 19.5, 24.5, 20.0, 26.0 ], "enabled": false },
								"down": { "texture": "#null", "uv": [ 20.0, 24.5, 20.5, 26.0 ], "enabled": false }
							}
						},
						{
							"name": "Fringe2",
							"from": [ -2.9, 0.1, -3.0 ],
							"to": [ -2.9, 2.1, 1.0 ],
							"renderPass": 1,
							"uv": [ 32.5, 5.0 ],
							"rotationOrigin": [ -2.9, 2.1, 0.0 ],
							"rotationX": -22.5,
							"rotationZ": -22.5,
							"faces": {
								"north": { "texture": "#null", "uv": [ 32.5, 9.0, 33.0, 11.0 ], "enabled": false },
								"east": { "texture": "#null", "uv": [ 33.0, 9.0, 37.0, 11.0 ], "enabled": false },
								"south": { "texture": "#null", "uv": [ 37.0, 9.0, 37.5, 11.0 ], "enabled": false },
								"west": { "texture": "#hair", "uv": [ 32.5, 5.0, 36.5, 7.0 ], "windMode": [-1,-1,-1,-1], "windData": [1,1,1,1] },
								"up": { "texture": "#null", "uv": [ 32.5, 5.0, 33.0, 9.0 ], "enabled": false },
								"down": { "texture": "#null", "uv": [ 33.0, 5.0, 33.5, 9.0 ], "enabled": false }
							}
						},
						{
							"name": "hair6",
							"from": [ -3.0, -3.0, -2.5 ],
							"to": [ -3.0, 1.0, -1.5 ],
							"renderPass": 1,
							"uv": [ 38.5, 18.5 ],
							"rotationOrigin": [ -3.0, 1.0, -2.0 ],
							"rotationX": 22.5,
							"rotationZ": -5.0,
							"faces": {
								"north": { "texture": "#null", "uv": [ 38.5, 19.5, 39.0, 23.5 ], "enabled": false },
								"east": { "texture": "#null", "uv": [ 39.0, 19.5, 40.0, 23.5 ], "enabled": false },
								"south": { "texture": "#null", "uv": [ 40.0, 19.5, 40.5, 23.5 ], "enabled": false },
								"west": { "texture": "#hair", "uv": [ 38.5, 18.5, 39.5, 22.5 ], "windMode": [-1,-1,-1,-1], "windData": [1,1,1,1] },
								"up": { "texture": "#null", "uv": [ 38.5, 18.5, 39.0, 19.5 ], "enabled": false },
								"down": { "texture": "#null", "uv": [ 39.0, 18.5, 39.5, 19.5 ], "enabled": false }
							}
						},
						{
							"name": "strand1",
							"from": [ -3.0, -8.7, -3.5 ],
							"to": [ -2.0, -4.7, -2.5 ],
							"renderPass": 1,
							"uv": [ 28.0, 39.5 ],
							"rotationOrigin": [ -2.5, -4.7, -3.0 ],
							"rotationY": -22.5,
							"rotationZ": -45.0,
							"faces": {
								"north": { "texture": "#hair", "uv": [ 28.0, 39.5, 29.0, 43.5 ] },
								"east": { "texture": "#hair", "uv": [ 29.0, 39.5, 30.0, 43.5 ], "windMode": [-1,-1,-1,-1], "windData": [1,1,1,1] },
								"south": { "texture": "#hair", "uv": [ 30.0, 39.5, 31.0, 43.5 ] },
								"west": { "texture": "#hair", "uv": [ 31.0, 39.5, 32.0, 43.5 ] },
								"up": { "texture": "#null", "uv": [ 28.0, 39.5, 29.0, 40.5 ], "enabled": false },
								"down": { "texture": "#null", "uv": [ 29.0, 39.5, 30.0, 40.5 ], "enabled": false }
							}
						},
						{
							"name": "strand2",
							"from": [ -1.0, -3.0, -6.5 ],
							"to": [ 1.0, -1.0, -1.5 ],
							"renderPass": 1,
							"autoUnwrap": false,
							"uv": [ 30.0, 24.5 ],
							"rotationOrigin": [ 0.0, -2.0, -2.5 ],
							"rotationX": -22.5,
							"rotationY": 45.0,
							"faces": {
								"north": { "texture": "#null", "uv": [ 0.0, 5.0, 2.0, 7.0 ], "enabled": false },
								"east": { "texture": "#hair", "uv": [ 39.0, 16.5, 41.0, 21.5 ], "rotation": 270, "windMode": [-1,-1,-1,-1], "windData": [1,1,1,1] },
								"south": { "texture": "#null", "uv": [ 7.0, 5.0, 9.0, 7.0 ], "enabled": false },
								"west": { "texture": "#hair", "uv": [ 37.0, 16.5, 39.0, 21.5 ], "rotation": 90, "windMode": [-1,-1,-1,-1], "windData": [1,1,1,1] },
								"up": { "texture": "#hair", "uv": [ 21.5, 1.0, 23.5, 6.0 ], "rotation": 180, "windMode": [-1,-1,-1,-1], "windData": [1,1,1,1] },
								"down": { "texture": "#hair", "uv": [ 19.5, 0.5, 21.5, 5.5 ], "rotation": 180 }
							}
						},
						{
							"name": "strand3",
							"from": [ -5.0, -4.0, -4.0 ],
							"to": [ -1.0, -2.0, -2.0 ],
							"renderPass": 1,
							"autoUnwrap": false,
							"uv": [ 33.0, 25.5 ],
							"rotationOrigin": [ -1.0, -3.0, -3.0 ],
							"rotationZ": 45.0,
							"faces": {
								"north": { "texture": "#hair", "uv": [ 13.0, 1.5, 15.0, 5.5 ], "rotation": 270 },
								"east": { "texture": "#hair", "uv": [ 30.5, 32.5, 32.5, 34.5 ] },
								"south": { "texture": "#hair", "uv": [ 29.0, 39.0, 31.0, 43.0 ], "rotation": 90 },
								"west": { "texture": "#null", "uv": [ 10.0, 2.0, 12.0, 4.0 ], "enabled": false },
								"up": { "texture": "#hair", "uv": [ 16.0, 2.0, 18.0, 6.0 ], "rotation": 90 },
								"down": { "texture": "#hair", "uv": [ 31.0, 39.5, 33.0, 43.5 ], "rotation": 270 }
							}
						},
						{
							"name": "strand4",
							"from": [ -3.0, -7.9, -3.3 ],
							"to": [ -2.0, -3.9, -2.3 ],
							"renderPass": 1,
							"uv": [ 28.0, 39.5 ],
							"rotationOrigin": [ -2.5, -3.9, -2.8 ],
							"rotationY": 15.0,
							"rotationZ": -45.0,
							"faces": {
								"north": { "texture": "#hair", "uv": [ 28.0, 39.5, 29.0, 43.5 ] },
								"east": { "texture": "#hair", "uv": [ 29.0, 39.5, 30.0, 43.5 ], "windMode": [-1,-1,-1,-1], "windData": [1,1,1,1] },
								"south": { "texture": "#hair", "uv": [ 30.0, 39.5, 31.0, 43.5 ] },
								"west": { "texture": "#hair", "uv": [ 31.0, 39.5, 32.0, 43.5 ] },
								"up": { "texture": "#null", "uv": [ 28.0, 39.5, 29.0, 40.5 ], "enabled": false },
								"down": { "texture": "#null", "uv": [ 29.0, 39.5, 30.0, 40.5 ], "enabled": false }
							}
						},
						{
							"name": "strand5",
							"from": [ -3.1, -9.7, -3.4 ],
							"to": [ -2.1, -5.7, -2.4 ],
							"renderPass": 1,
							"uv": [ 28.0, 38.5 ],
							"rotationOrigin": [ -2.6, -5.7, -2.9 ],
							"rotationZ": -22.5,
							"faces": {
								"north": { "texture": "#hair", "uv": [ 28.0, 39.5, 29.0, 43.5 ] },
								"east": { "texture": "#hair", "uv": [ 29.0, 39.5, 30.0, 43.5 ], "windMode": [-1,-1,-1,-1], "windData": [1,1,1,1] },
								"south": { "texture": "#hair", "uv": [ 30.0, 39.5, 31.0, 43.5 ] },
								"west": { "texture": "#hair", "uv": [ 31.0, 39.5, 32.0, 43.5 ] },
								"up": { "texture": "#hair", "uv": [ 28.0, 38.5, 29.0, 39.5 ], "windMode": [-1,-1,-1,-1], "windData": [1,1,1,1] },
								"down": { "texture": "#null", "uv": [ 29.0, 38.5, 30.0, 39.5 ], "enabled": false }
							}
						},
						{
							"name": "strand6",
							"from": [ -1.5, -3.5, -7.5 ],
							"to": [ -0.5, -2.5, -2.5 ],
							"renderPass": 1,
							"autoUnwrap": false,
							"uv": [ 30.0, 24.5 ],
							"rotationOrigin": [ -1.0, -3.0, -2.5 ],
							"rotationX": -45.0,
							"rotationY": 30.0,
							"faces": {
								"north": { "texture": "#null", "uv": [ 0.0, 5.0, 1.0, 6.0 ], "enabled": false },
								"east": { "texture": "#hair", "uv": [ 39.5, 17.5, 40.5, 22.5 ], "rotation": 270, "windMode": [-1,-1,-1,-1], "windData": [1,1,1,1] },
								"south": { "texture": "#null", "uv": [ 6.0, 5.0, 7.0, 6.0 ], "enabled": false },
								"west": { "texture": "#hair", "uv": [ 37.0, 16.5, 38.0, 21.5 ], "rotation": 90, "windMode": [-1,-1,-1,-1], "windData": [1,1,1,1] },
								"up": { "texture": "#hair", "uv": [ 21.5, 1.0, 22.5, 6.0 ], "rotation": 180 },
								"down": { "texture": "#hair", "uv": [ 19.0, 1.0, 20.0, 6.0 ], "rotation": 180 }
							}
						},
						{
							"name": "strand7",
							"from": [ -1.5, -0.5, -6.0 ],
							"to": [ -0.5, 0.5, -3.0 ],
							"renderPass": 1,
							"autoUnwrap": false,
							"uv": [ 30.5, 25.0 ],
							"rotationOrigin": [ -1.0, 0.0, -3.0 ],
							"rotationX": -45.0,
							"rotationY": 22.5,
							"faces": {
								"north": { "texture": "#null", "uv": [ 0.0, 3.0, 1.0, 4.0 ], "enabled": false },
								"east": { "texture": "#hair", "uv": [ 30.0, 40.5, 31.0, 43.5 ], "rotation": 270 },
								"south": { "texture": "#hair", "uv": [ 31.0, 31.0, 32.0, 32.0 ], "windMode": [-1,-1,-1,-1], "windData": [1,1,1,1] },
								"west": { "texture": "#hair", "uv": [ 31.5, 40.5, 32.5, 43.5 ], "rotation": 90 },
								"up": { "texture": "#hair", "uv": [ 29.0, 40.5, 30.0, 43.5 ], "rotation": 180 },
								"down": { "texture": "#hair", "uv": [ 30.5, 40.5, 31.5, 43.5 ], "rotation": 180 }
							}
						},
						{
							"name": "strand8",
							"from": [ -3.1, 1.0, -2.5 ],
							"to": [ 1.9, 3.0, -0.5 ],
							"renderPass": 1,
							"autoUnwrap": false,
							"uv": [ 23.5, 16.5 ],
							"rotationOrigin": [ 1.9, 2.0, -1.5 ],
							"rotationY": -67.5,
							"rotationZ": 45.0,
							"faces": {
								"north": { "texture": "#hair", "uv": [ 28.0, 38.5, 30.0, 43.5 ], "rotation": 270 },
								"east": { "texture": "#null", "uv": [ 5.0, 2.0, 7.0, 4.0 ], "enabled": false },
								"south": { "texture": "#hair", "uv": [ 29.0, 38.5, 31.0, 43.5 ], "rotation": 90, "windMode": [-1,-1,-1,-1], "windData": [1,1,1,1] },
								"west": { "texture": "#null", "uv": [ 12.0, 2.0, 14.0, 4.0 ], "enabled": false },
								"up": { "texture": "#hair", "uv": [ 30.5, 38.0, 32.5, 43.0 ], "rotation": 90 },
								"down": { "texture": "#hair", "uv": [ 30.5, 38.5, 32.5, 43.5 ], "rotation": 270 }
							}
						},
						{
							"name": "strand9",
							"from": [ 1.5, -2.0, -5.0 ],
							"to": [ 3.5, 0.0, -1.0 ],
							"renderPass": 1,
							"autoUnwrap": false,
							"uv": [ 6.0, 20.0 ],
							"rotationOrigin": [ 2.5, -1.0, -1.0 ],
							"rotationX": -45.0,
							"rotationY": -22.5,
							"faces": {
								"north": { "texture": "#null", "uv": [ 0.0, 4.0, 2.0, 6.0 ], "enabled": false },
								"east": { "texture": "#hair", "uv": [ 30.5, 39.5, 32.5, 43.5 ], "rotation": 270 },
								"south": { "texture": "#hair", "uv": [ 43.5, 9.0, 45.5, 11.0 ] },
								"west": { "texture": "#hair", "uv": [ 35.5, 37.5, 37.5, 41.5 ], "rotation": 90 },
								"up": { "texture": "#hair", "uv": [ 36.5, 37.5, 38.5, 41.5 ], "rotation": 180 },
								"down": { "texture": "#hair", "uv": [ 33.5, 37.5, 35.5, 41.5 ], "rotation": 180 }
							}
						},
						{
							"name": "strand10",
							"from": [ -1.5, -2.5, -3.5 ],
							"to": [ 1.5, -1.5, -2.5 ],
							"renderPass": 1,
							"autoUnwrap": false,
							"uv": [ 19.0, 7.5 ],
							"rotationOrigin": [ 1.5, -2.0, -3.0 ],
							"rotationY": -67.5,
							"rotationZ": 30.0,
							"faces": {
								"north": { "texture": "#hair", "uv": [ 18.0, 11.0, 19.0, 14.0 ], "rotation": 270 },
								"east": { "texture": "#hair", "uv": [ 43.5, 11.5, 44.5, 12.5 ] },
								"south": { "texture": "#hair", "uv": [ 17.0, 11.0, 18.0, 14.0 ], "rotation": 90 },
								"west": { "texture": "#null", "uv": [ 7.0, 1.0, 8.0, 2.0 ], "enabled": false },
								"up": { "texture": "#hair", "uv": [ 1.0, 11.5, 2.0, 14.5 ], "rotation": 90 },
								"down": { "texture": "#hair", "uv": [ 4.0, 12.0, 5.0, 15.0 ], "rotation": 270 }
							}
						},
						{
							"name": "strand11",
							"from": [ 2.0, 0.5, -6.0 ],
							"to": [ 3.0, 1.5, -3.0 ],
							"renderPass": 1,
							"autoUnwrap": false,
							"uv": [ 20.0, 8.0 ],
							"rotationOrigin": [ 2.5, 1.0, -3.0 ],
							"rotationX": -45.0,
							"rotationY": -10.0,
							"faces": {
								"north": { "texture": "#null", "uv": [ 0.0, 3.0, 1.0, 4.0 ], "enabled": false },
								"east": { "texture": "#hair", "uv": [ 0.0, 12.0, 1.0, 15.0 ], "rotation": 270 },
								"south": { "texture": "#null", "uv": [ 4.0, 3.0, 5.0, 4.0 ], "enabled": false },
								"west": { "texture": "#hair", "uv": [ 1.5, 12.0, 2.5, 15.0 ], "rotation": 90, "windMode": [-1,-1,-1,-1], "windData": [1,1,1,1] },
								"up": { "texture": "#hair", "uv": [ 2.5, 12.0, 3.5, 15.0 ], "rotation": 180 },
								"down": { "texture": "#hair", "uv": [ 5.0, 12.0, 6.0, 15.0 ], "rotation": 180 }
							}
						},
						{
							"name": "strand12",
							"from": [ 0.9, 1.1, -4.0 ],
							"to": [ 2.9, 3.1, 1.0 ],
							"renderPass": 1,
							"autoUnwrap": false,
							"uv": [ 6.0, 20.0 ],
							"rotationOrigin": [ 1.9, 2.1, 1.0 ],
							"rotationX": -61.0,
							"rotationY": -19.0,
							"rotationZ": 8.0,
							"faces": {
								"north": { "texture": "#null", "uv": [ 0.0, 4.0, 2.0, 6.0 ], "enabled": false },
								"east": { "texture": "#hair", "uv": [ 34.5, 36.5, 36.5, 41.5 ], "rotation": 270 },
								"south": { "texture": "#hair", "uv": [ 43.5, 9.0, 45.5, 11.0 ] },
								"west": { "texture": "#hair", "uv": [ 35.5, 36.5, 37.5, 41.5 ], "rotation": 90, "windMode": [-1,-1,-1,-1], "windData": [1,1,1,1], "enabled": false },
								"up": { "texture": "#hair", "uv": [ 36.5, 36.5, 38.5, 41.5 ], "rotation": 180 },
								"down": { "texture": "#hair", "uv": [ 33.5, 36.5, 35.5, 41.5 ], "rotation": 180 }
							}
						},
						{
							"name": "strand13",
							"from": [ 1.9, 1.1, -6.0 ],
							"to": [ 2.9, 3.1, -1.0 ],
							"renderPass": 1,
							"autoUnwrap": false,
							"uv": [ 6.0, 20.0 ],
							"rotationOrigin": [ 1.9, 2.1, -1.0 ],
							"rotationX": -58.0,
							"rotationY": -6.0,
							"faces": {
								"north": { "texture": "#null", "uv": [ 0.0, 4.0, 1.0, 6.0 ], "enabled": false },
								"east": { "texture": "#hair", "uv": [ 34.5, 36.5, 36.5, 41.5 ], "rotation": 270 },
								"south": { "texture": "#hair", "uv": [ 43.5, 9.0, 44.5, 11.0 ] },
								"west": { "texture": "#hair", "uv": [ 35.5, 36.5, 37.5, 41.5 ], "rotation": 90, "windMode": [-1,-1,-1,-1], "windData": [1,1,1,1], "enabled": false },
								"up": { "texture": "#hair", "uv": [ 36.5, 36.5, 37.5, 41.5 ], "rotation": 180 },
								"down": { "texture": "#hair", "uv": [ 33.5, 36.5, 34.5, 41.5 ], "rotation": 180 }
							}
						}
					]
				}
			]
		}
	]}