{
	"editor": {
		"backDropShape": "entity/humanoid/seraph-hairless",
		"allAngles": true,
		"entityTextureMode": true
	},
	"textureWidth": 48,
	"textureHeight": 48,
	"textureSizes": {
		"hair": [48,48],
		"birch": [16,16]
	},
	"textures": {
		"birch": "block/wood/debarked/birch",
		"hair": "entity/humanoid/seraphskinparts/hair/lightgray"
	},
	"elements": [
		{
			"name": "sidelow",
			"stepParentName": "Head",
			"from": [ 0.0, 0.0, 0.0 ],
			"to": [ 1.0, 1.0, 1.0 ],
			"uv": [ 0.0, 0.0 ],
			"faces": {
			},
			"children": [
				{
					"name": "BunLeft",
					"from": [ 2.8, 3.1, 4.9 ],
					"to": [ 4.8, 5.1, 6.9 ],
					"uv": [ 20.0, 33.5 ],
					"rotationOrigin": [ 3.8, 3.9, 5.9 ],
					"rotationX": -15.0,
					"rotationY": 20.0,
					"faces": {
						"north": { "texture": "#hair", "uv": [ 20.0, 35.5, 22.0, 37.5 ] },
						"east": { "texture": "#hair", "uv": [ 22.0, 35.5, 24.0, 37.5 ] },
						"south": { "texture": "#hair", "uv": [ 24.0, 35.5, 26.0, 37.5 ] },
						"west": { "texture": "#hair", "uv": [ 26.0, 35.5, 28.0, 37.5 ] },
						"up": { "texture": "#hair", "uv": [ 20.0, 33.5, 22.0, 35.5 ] },
						"down": { "texture": "#hair", "uv": [ 22.0, 33.5, 24.0, 35.5 ] }
					},
					"children": [
						{
							"name": "BunStrandLeft",
							"from": [ 0.4, -5.0, 0.2 ],
							"to": [ 1.9, 0.5, 1.7 ],
							"uv": [ 19.5, 23.5 ],
							"rotationOrigin": [ 1.2, 0.0, 1.0 ],
							"rotationX": -6.0,
							"rotationY": -60.0,
							"rotationZ": -23.0,
							"faces": {
								"north": { "texture": "#hair", "uv": [ 19.5, 23.5, 21.0, 29.0 ] },
								"east": { "texture": "#hair", "uv": [ 21.0, 23.5, 22.5, 29.0 ] },
								"south": { "texture": "#hair", "uv": [ 22.5, 23.5, 24.0, 29.0 ] },
								"west": { "texture": "#hair", "uv": [ 24.0, 23.5, 25.5, 29.0 ] }
							}
						},
						{
							"name": "BunLeft2",
							"from": [ -0.5, -0.9, -0.5 ],
							"to": [ 2.5, 2.1, 1.0 ],
							"uv": [ 16.5, 31.0 ],
							"rotationOrigin": [ -0.5, -0.9, 1.0 ],
							"faces": {
								"north": { "texture": "#hair", "uv": [ 16.5, 32.5, 19.5, 35.5 ] },
								"east": { "texture": "#hair", "uv": [ 19.5, 32.5, 21.0, 35.5 ] },
								"south": { "texture": "#hair", "uv": [ 21.0, 32.5, 24.0, 35.5 ] },
								"west": { "texture": "#hair", "uv": [ 24.0, 32.5, 25.5, 35.5 ] },
								"up": { "texture": "#hair", "uv": [ 16.5, 31.0, 19.5, 32.5 ] },
								"down": { "texture": "#hair", "uv": [ 19.5, 31.0, 22.5, 32.5 ] }
							}
						},
						{
							"name": "BunStrandLeft9",
							"from": [ 0.4, -5.0, 0.5 ],
							"to": [ 1.9, 0.5, 2.0 ],
							"uv": [ 19.5, 24.0 ],
							"rotationOrigin": [ 1.2, 0.0, 1.3 ],
							"rotationX": -6.0,
							"rotationY": -45.0,
							"rotationZ": 8.0,
							"faces": {
								"north": { "texture": "#hair", "uv": [ 19.5, 24.0, 21.0, 29.5 ] },
								"east": { "texture": "#hair", "uv": [ 21.0, 24.0, 22.5, 29.5 ] },
								"south": { "texture": "#hair", "uv": [ 22.5, 24.0, 24.0, 29.5 ] },
								"west": { "texture": "#hair", "uv": [ 24.0, 24.0, 25.5, 29.5 ] }
							}
						}
					]
				},
				{
					"name": "BunRight",
					"from": [ 2.8, 3.1, -1.8 ],
					"to": [ 4.8, 5.1, 0.2 ],
					"uv": [ 20.0, 31.5 ],
					"rotationOrigin": [ 3.8, 4.1, -0.8 ],
					"rotationX": 15.0,
					"rotationY": -20.0,
					"faces": {
						"north": { "texture": "#hair", "uv": [ 20.0, 33.5, 22.0, 35.5 ] },
						"east": { "texture": "#hair", "uv": [ 22.0, 33.5, 24.0, 35.5 ] },
						"south": { "texture": "#hair", "uv": [ 24.0, 33.5, 26.0, 35.5 ] },
						"west": { "texture": "#hair", "uv": [ 26.0, 33.5, 28.0, 35.5 ] },
						"up": { "texture": "#hair", "uv": [ 20.0, 31.5, 22.0, 33.5 ] },
						"down": { "texture": "#hair", "uv": [ 22.0, 31.5, 24.0, 33.5 ] }
					},
					"children": [
						{
							"name": "BunStrandRight",
							"from": [ 0.4, -5.0, 0.0 ],
							"to": [ 1.9, 0.5, 1.5 ],
							"uv": [ 20.0, 22.5 ],
							"rotationOrigin": [ 1.2, 0.0, 0.8 ],
							"rotationX": 6.0,
							"rotationY": 45.0,
							"rotationZ": 8.0,
							"faces": {
								"north": { "texture": "#hair", "uv": [ 20.0, 24.0, 21.5, 29.5 ] },
								"east": { "texture": "#hair", "uv": [ 21.5, 24.0, 23.0, 29.5 ] },
								"south": { "texture": "#hair", "uv": [ 23.0, 24.0, 24.5, 29.5 ] },
								"west": { "texture": "#hair", "uv": [ 24.5, 24.0, 26.0, 29.5 ] },
								"up": { "texture": "#hair", "uv": [ 20.0, 22.5, 21.5, 24.0 ], "windMode": [-1,-1,-1,-1] }
							}
						},
						{
							"name": "BunStrandRight6",
							"from": [ 0.4, -5.0, 0.2 ],
							"to": [ 1.9, 0.5, 1.7 ],
							"uv": [ 19.5, 22.0 ],
							"rotationOrigin": [ 1.2, 0.0, 1.0 ],
							"rotationX": 6.0,
							"rotationY": 60.0,
							"rotationZ": -23.0,
							"faces": {
								"north": { "texture": "#hair", "uv": [ 19.5, 23.5, 21.0, 29.0 ] },
								"east": { "texture": "#hair", "uv": [ 21.0, 23.5, 22.5, 29.0 ] },
								"south": { "texture": "#hair", "uv": [ 22.5, 23.5, 24.0, 29.0 ] },
								"west": { "texture": "#hair", "uv": [ 24.0, 23.5, 25.5, 29.0 ] },
								"up": { "texture": "#hair", "uv": [ 19.5, 22.0, 21.0, 23.5 ] }
							}
						},
						{
							"name": "BunRight2",
							"from": [ -0.5, -0.9, 1.0 ],
							"to": [ 2.5, 2.1, 2.5 ],
							"uv": [ 16.5, 32.0 ],
							"rotationOrigin": [ -0.5, -0.9, 1.0 ],
							"faces": {
								"north": { "texture": "#hair", "uv": [ 16.5, 33.5, 19.5, 36.5 ] },
								"east": { "texture": "#hair", "uv": [ 19.5, 33.5, 21.0, 36.5 ] },
								"south": { "texture": "#hair", "uv": [ 21.0, 33.5, 24.0, 36.5 ] },
								"west": { "texture": "#hair", "uv": [ 24.0, 33.5, 25.5, 36.5 ] },
								"up": { "texture": "#hair", "uv": [ 16.5, 32.0, 19.5, 33.5 ] },
								"down": { "texture": "#hair", "uv": [ 19.5, 32.0, 22.5, 33.5 ] }
							}
						}
					]
				}
			]
		}
	]}