{
	"editor": {
		"backDropShape": "entity/humanoid/seraph-hairless",
		"allAngles": true,
		"entityTextureMode": true
	},
	"textureWidth": 48,
	"textureHeight": 48,
	"textureSizes": {
		"hair": [48,48]
	},
	"textures": {
		"hair": "entity/humanoid/seraphskinparts/hair/lightgray"
	},
	"elements": [
		{
			"name": "sidelow",
			"stepParentName": "Head",
			"from": [ 0.0, 0.0, 0.0 ],
			"to": [ 1.0, 1.0, 1.0 ],
			"uv": [ 0.0, 0.0 ],
			"faces": {
			},
			"children": [
				{
					"name": "BunLeft",
					"from": [ 3.3, 4.4, 5.4 ],
					"to": [ 4.3, 5.4, 6.4 ],
					"uv": [ 20.0, 33.5 ],
					"rotationOrigin": [ 3.8, 4.9, 5.9 ],
					"rotationX": -15.0,
					"rotationY": 20.0,
					"faces": {
						"north": { "texture": "#hair", "uv": [ 20.0, 34.5, 21.0, 35.5 ] },
						"east": { "texture": "#hair", "uv": [ 21.0, 34.5, 22.0, 35.5 ] },
						"south": { "texture": "#hair", "uv": [ 22.0, 34.5, 23.0, 35.5 ] },
						"west": { "texture": "#hair", "uv": [ 23.0, 34.5, 24.0, 35.5 ] },
						"up": { "texture": "#hair", "uv": [ 20.0, 33.5, 21.0, 34.5 ] },
						"down": { "texture": "#hair", "uv": [ 21.0, 33.5, 22.0, 34.5 ] }
					},
					"children": [
						{
							"name": "puffLeft1",
							"from": [ -0.5, -0.5, -0.5 ],
							"to": [ 1.5, 1.5, 1.5 ],
							"uv": [ 40.0, 25.0 ],
							"rotationOrigin": [ 0.5, 0.5, 0.5 ],
							"faces": {
								"north": { "texture": "#hair", "uv": [ 40.0, 27.0, 42.0, 29.0 ] },
								"east": { "texture": "#hair", "uv": [ 42.0, 27.0, 44.0, 29.0 ] },
								"south": { "texture": "#hair", "uv": [ 44.0, 27.0, 46.0, 29.0 ] },
								"west": { "texture": "#hair", "uv": [ 46.0, 27.0, 48.0, 29.0 ] },
								"up": { "texture": "#hair", "uv": [ 40.0, 25.0, 42.0, 27.0 ] },
								"down": { "texture": "#hair", "uv": [ 42.0, 25.0, 44.0, 27.0 ] }
							}
						},
						{
							"name": "puffLeft2",
							"from": [ -0.5, -0.5, -0.5 ],
							"to": [ 1.5, 1.5, 1.5 ],
							"uv": [ 33.0, 27.0 ],
							"rotationOrigin": [ 0.5, 0.5, 0.5 ],
							"rotationX": -45.0,
							"rotationY": 45.0,
							"faces": {
								"north": { "texture": "#hair", "uv": [ 33.0, 29.0, 35.0, 31.0 ] },
								"east": { "texture": "#hair", "uv": [ 35.0, 29.0, 37.0, 31.0 ] },
								"south": { "texture": "#hair", "uv": [ 37.0, 29.0, 39.0, 31.0 ] },
								"west": { "texture": "#hair", "uv": [ 39.0, 29.0, 41.0, 31.0 ] },
								"up": { "texture": "#hair", "uv": [ 33.0, 27.0, 35.0, 29.0 ] },
								"down": { "texture": "#hair", "uv": [ 35.0, 27.0, 37.0, 29.0 ] }
							}
						},
						{
							"name": "L",
							"from": [ -0.25, -1.5, -0.25 ],
							"to": [ 1.25, 0.0, 1.25 ],
							"uv": [ 20.5, 11.5 ],
							"rotationOrigin": [ 0.5, 0.0, 0.5 ],
							"rotationX": 11.0,
							"rotationY": -44.0,
							"rotationZ": -3.0,
							"faces": {
								"north": { "texture": "#hair", "uv": [ 20.5, 11.5, 22.0, 13.0 ] },
								"east": { "texture": "#hair", "uv": [ 22.0, 11.5, 23.5, 13.0 ] },
								"south": { "texture": "#hair", "uv": [ 23.5, 11.5, 25.0, 13.0 ] },
								"west": { "texture": "#hair", "uv": [ 25.0, 11.5, 26.5, 13.0 ] }
							}
						}
					]
				},
				{
					"name": "BunRight",
					"from": [ 3.3, 4.6, -1.3 ],
					"to": [ 4.3, 5.6, -0.3 ],
					"uv": [ 16.5, 31.5 ],
					"rotationOrigin": [ 3.8, 5.1, -0.8 ],
					"rotationX": 15.0,
					"rotationY": -20.0,
					"faces": {
						"north": { "texture": "#hair", "uv": [ 16.5, 32.5, 17.5, 33.5 ] },
						"east": { "texture": "#hair", "uv": [ 17.5, 32.5, 18.5, 33.5 ] },
						"south": { "texture": "#hair", "uv": [ 18.5, 32.5, 19.5, 33.5 ] },
						"west": { "texture": "#hair", "uv": [ 19.5, 32.5, 20.5, 33.5 ] },
						"up": { "texture": "#hair", "uv": [ 16.5, 31.5, 17.5, 32.5 ] },
						"down": { "texture": "#hair", "uv": [ 17.5, 31.5, 18.5, 32.5 ] }
					},
					"children": [
						{
							"name": "puffRight1",
							"from": [ -0.5, -0.5, -0.5 ],
							"to": [ 1.5, 1.5, 1.5 ],
							"uv": [ 34.0, 25.0 ],
							"rotationOrigin": [ 0.5, 0.5, 0.5 ],
							"faces": {
								"north": { "texture": "#hair", "uv": [ 34.0, 27.0, 36.0, 29.0 ] },
								"east": { "texture": "#hair", "uv": [ 36.0, 27.0, 38.0, 29.0 ] },
								"south": { "texture": "#hair", "uv": [ 38.0, 27.0, 40.0, 29.0 ] },
								"west": { "texture": "#hair", "uv": [ 40.0, 27.0, 42.0, 29.0 ] },
								"up": { "texture": "#hair", "uv": [ 34.0, 25.0, 36.0, 27.0 ] },
								"down": { "texture": "#hair", "uv": [ 36.0, 25.0, 38.0, 27.0 ] }
							}
						},
						{
							"name": "puffRight2",
							"from": [ -0.5, -0.5, -0.5 ],
							"to": [ 1.5, 1.5, 1.5 ],
							"uv": [ 37.0, 27.0 ],
							"rotationOrigin": [ 0.5, 0.5, 0.5 ],
							"rotationX": 45.0,
							"rotationY": 45.0,
							"faces": {
								"north": { "texture": "#hair", "uv": [ 37.0, 29.0, 39.0, 31.0 ] },
								"east": { "texture": "#hair", "uv": [ 39.0, 29.0, 41.0, 31.0 ] },
								"south": { "texture": "#hair", "uv": [ 41.0, 29.0, 43.0, 31.0 ] },
								"west": { "texture": "#hair", "uv": [ 43.0, 29.0, 45.0, 31.0 ] },
								"up": { "texture": "#hair", "uv": [ 37.0, 27.0, 39.0, 29.0 ] },
								"down": { "texture": "#hair", "uv": [ 39.0, 27.0, 41.0, 29.0 ] }
							}
						},
						{
							"name": "R",
							"from": [ -0.15, -1.5, -0.25 ],
							"to": [ 1.35, 0.0, 1.25 ],
							"uv": [ 19.0, 11.5 ],
							"rotationOrigin": [ 0.6, 0.0, 0.5 ],
							"rotationX": -6.0,
							"rotationY": -22.0,
							"rotationZ": 3.0,
							"faces": {
								"north": { "texture": "#hair", "uv": [ 19.0, 11.5, 20.5, 13.0 ] },
								"east": { "texture": "#hair", "uv": [ 20.5, 11.5, 22.0, 13.0 ] },
								"south": { "texture": "#hair", "uv": [ 22.0, 11.5, 23.5, 13.0 ] },
								"west": { "texture": "#hair", "uv": [ 23.5, 11.5, 25.0, 13.0 ] }
							}
						}
					]
				}
			]
		}
	]}