{
	"editor": {
		"backDropShape": "entity/humanoid/seraph-hairless",
		"collapsedPaths": "Root/bandN/toothR1,Root/bandN/toothL1",
		"allAngles": true,
		"entityTextureMode": true
	},
	"textureWidth": 48,
	"textureHeight": 48,
	"textureSizes": {
		"hair": [48,48],
		"birch": [16,16]
	},
	"textures": {
		"birch": "block/wood/debarked/birch",
		"hair": "entity/humanoid/seraphskinparts/hair/lightgray"
	},
	"elements": [
		{
			"name": "ponytailhigh",
			"stepParentName": "Head",
			"from": [ 0.0, 0.0, 0.0 ],
			"to": [ 1.0, 1.0, 1.0 ],
			"uv": [ 0.0, 0.0 ],
			"faces": {
			},
			"children": [
				{
					"name": "HairSnood",
					"from": [ 5.1, -1.3, 0.5 ],
					"to": [ 7.1, 3.7, 4.5 ],
					"autoUnwrap": false,
					"uv": [ 7.0, 15.5 ],
					"rotationOrigin": [ 5.6, 1.7, 2.5 ],
					"rotationZ": -8.0,
					"faces": {
						"north": { "texture": "#hair", "uv": [ 25.5, 31.5, 27.5, 36.5 ] },
						"east": { "texture": "#hair", "uv": [ 21.5, 32.0, 25.5, 37.0 ] },
						"south": { "texture": "#hair", "uv": [ 18.5, 31.0, 20.5, 36.0 ] },
						"west": { "texture": "#hair", "uv": [ 20.0, 31.5, 24.0, 36.5 ] },
						"up": { "texture": "#hair", "uv": [ 24.0, 33.5, 26.0, 37.5 ] },
						"down": { "texture": "#hair", "uv": [ 21.0, 32.5, 23.0, 36.5 ] }
					},
					"children": [
						{
							"name": "Cube1",
							"from": [ 2.0, 0.5, 0.5 ],
							"to": [ 2.5, 4.5, 3.5 ],
							"autoUnwrap": false,
							"uv": [ 16.0, 29.0 ],
							"rotationOrigin": [ 2.0, 2.5, 2.0 ],
							"faces": {
								"north": { "texture": "#hair", "uv": [ 16.0, 32.0, 16.5, 36.0 ] },
								"east": { "texture": "#hair", "uv": [ 16.5, 32.0, 19.5, 36.0 ] },
								"south": { "texture": "#hair", "uv": [ 19.5, 32.0, 20.0, 36.0 ] },
								"up": { "texture": "#hair", "uv": [ 3.5, 37.0, 4.0, 40.0 ] },
								"down": { "texture": "#hair", "uv": [ 5.5, 36.5, 6.0, 39.5 ] }
							}
						}
					]
				}
			]
		}
	]}