{
	"editor": {
		"backDropShape": "entity/humanoid/seraph-hairless",
		"allAngles": false,
		"entityTextureMode": true
	},
	"textureWidth": 48,
	"textureHeight": 48,
	"textureSizes": {
		"hair": [48,48]
	},
	"textures": {
		"hair": "entity/humanoid/seraphskinparts/hair/lightgray"
	},
	"elements": [
		{
			"name": "Hair-Base",
			"stepParentName": "Head",
			"from": [ -0.3, -0.2, -0.3 ],
			"to": [ 5.7, 5.3, 5.2 ],
			"renderPass": 1,
			"autoUnwrap": false,
			"uv": [ 0.0, 0.0 ],
			"rotationOrigin": [ 2.5, 3.0, 2.5 ],
			"faces": {
				"north": { "texture": "#hair", "uv": [ 9.0, 25.5, 15.0, 31.0 ], "windMode": [-1,-1,-1,-1], "windData": [1,1,1,1], "enabled": false },
				"east": { "texture": "#hair", "uv": [ 4.5, 25.5, 10.0, 31.0 ], "windMode": [-1,-1,-1,-1], "windData": [1,1,1,1], "enabled": false },
				"south": { "texture": "#hair", "uv": [ 0.0, 25.5, 6.0, 31.0 ], "windMode": [-1,-1,-1,-1], "windData": [1,1,1,1], "enabled": false },
				"west": { "texture": "#null", "uv": [ 17.5, 5.5, 23.0, 11.0 ], "enabled": false },
				"up": { "texture": "#null", "uv": [ 0.0, 0.0, 6.0, 5.5 ], "enabled": false },
				"down": { "texture": "#null", "uv": [ 6.0, 0.0, 12.0, 5.5 ], "enabled": false }
			},
			"children": [
				{
					"name": "hair-uncovered",
					"from": [ 3.0, 3.0, 2.8 ],
					"to": [ 3.0, 3.0, 2.8 ],
					"uv": [ 0.0, 0.0 ],
					"rotationOrigin": [ 3.0, 3.0, 2.8 ],
					"faces": {
						"north": { "texture": "#null", "uv": [ 0.0, 0.5, 0.5, 1.0 ], "enabled": false },
						"east": { "texture": "#null", "uv": [ 0.5, 0.5, 1.0, 1.0 ], "enabled": false },
						"south": { "texture": "#null", "uv": [ 1.0, 0.5, 1.5, 1.0 ], "enabled": false },
						"west": { "texture": "#null", "uv": [ 1.5, 0.5, 2.0, 1.0 ], "enabled": false },
						"up": { "texture": "#null", "uv": [ 0.0, 0.0, 0.5, 0.5 ], "enabled": false },
						"down": { "texture": "#null", "uv": [ 0.5, 0.0, 1.0, 0.5 ], "enabled": false }
					},
					"children": [
						{
							"name": "fringe1",
							"from": [ -2.7, 0.7, -2.5 ],
							"to": [ -2.7, 2.2, 2.5 ],
							"uv": [ 20.5, 11.5 ],
							"rotationOrigin": [ -2.7, 2.2, 0.0 ],
							"rotationZ": -15.0,
							"faces": {
								"north": { "texture": "#reedrope", "uv": [ 0.0, 4.0, 0.5, 5.5 ], "enabled": false },
								"east": { "texture": "#reedrope", "uv": [ 0.5, 4.0, 4.5, 5.5 ], "enabled": false },
								"south": { "texture": "#reedrope", "uv": [ 4.5, 4.0, 5.0, 5.5 ], "enabled": false },
								"west": { "texture": "#hair", "uv": [ 20.5, 11.5, 25.5, 13.0 ], "windMode": [-1,-1,-1,-1], "windData": [1,1,1,1] },
								"up": { "texture": "#reedrope", "uv": [ 0.0, 0.0, 0.5, 4.0 ], "enabled": false },
								"down": { "texture": "#reedrope", "uv": [ 0.5, 0.0, 1.0, 4.0 ], "enabled": false }
							}
						},
						{
							"name": "braidL1",
							"from": [ -2.7, -1.0, 1.9 ],
							"to": [ -2.2, 2.0, 2.4 ],
							"uv": [ 17.5, 31.0 ],
							"rotationOrigin": [ -2.45, 2.0, 2.4 ],
							"rotationX": -14.0,
							"rotationZ": -22.0,
							"faces": {
								"north": { "texture": "#hair", "uv": [ 17.5, 31.0, 18.0, 34.0 ] },
								"east": { "texture": "#hair", "uv": [ 18.0, 31.0, 18.5, 34.0 ] },
								"south": { "texture": "#hair", "uv": [ 18.5, 31.0, 19.0, 34.0 ] },
								"west": { "texture": "#hair", "uv": [ 19.0, 31.0, 19.5, 34.0 ] },
								"up": { "texture": "#hair", "uv": [ 19.5, 32.5, 20.0, 33.0 ], "windMode": [-1,-1,-1,-1], "windData": [1,1,1,1], "enabled": false },
								"down": { "texture": "#hair", "uv": [ 20.0, 32.5, 20.5, 33.0 ], "windMode": [-1,-1,-1,-1], "windData": [1,1,1,1], "enabled": false }
							},
							"children": [
								{
									"name": "braidL2",
									"from": [ 0.05, -2.8, 0.05 ],
									"to": [ 0.45, 0.2, 0.45 ],
									"uv": [ 21.0, 31.5 ],
									"rotationOrigin": [ 0.25, 0.2, 0.25 ],
									"rotationX": 11.0,
									"rotationZ": 17.0,
									"faces": {
										"north": { "texture": "#hair", "uv": [ 21.0, 31.5, 21.5, 34.5 ] },
										"east": { "texture": "#hair", "uv": [ 21.5, 31.5, 22.0, 34.5 ] },
										"south": { "texture": "#hair", "uv": [ 22.0, 31.5, 22.5, 34.5 ] },
										"west": { "texture": "#hair", "uv": [ 22.5, 31.5, 23.0, 34.5 ] },
										"up": { "texture": "#hair", "uv": [ 23.0, 32.0, 23.5, 32.5 ], "windMode": [-1,-1,-1,-1], "windData": [1,1,1,1], "enabled": false },
										"down": { "texture": "#hair", "uv": [ 23.5, 32.0, 24.0, 32.5 ], "windMode": [-1,-1,-1,-1], "windData": [1,1,1,1], "enabled": false }
									}
								}
							]
						},
						{
							"name": "braidR1",
							"from": [ -2.7, -1.0, -2.4 ],
							"to": [ -2.2, 2.0, -1.9 ],
							"uv": [ 19.5, 32.5 ],
							"rotationOrigin": [ -2.45, 2.0, -2.4 ],
							"rotationX": 14.0,
							"rotationZ": -22.0,
							"faces": {
								"north": { "texture": "#hair", "uv": [ 19.5, 33.0, 20.0, 36.0 ] },
								"east": { "texture": "#hair", "uv": [ 20.0, 33.0, 20.5, 36.0 ] },
								"south": { "texture": "#hair", "uv": [ 20.5, 33.0, 21.0, 36.0 ] },
								"west": { "texture": "#hair", "uv": [ 21.0, 33.0, 21.5, 36.0 ] },
								"up": { "texture": "#hair", "uv": [ 19.5, 32.5, 20.0, 33.0 ], "windMode": [-1,-1,-1,-1], "windData": [1,1,1,1], "enabled": false },
								"down": { "texture": "#hair", "uv": [ 20.0, 32.5, 20.5, 33.0 ], "windMode": [-1,-1,-1,-1], "windData": [1,1,1,1], "enabled": false }
							},
							"children": [
								{
									"name": "braidR2",
									"from": [ 0.05, -2.8, 0.05 ],
									"to": [ 0.45, 0.2, 0.45 ],
									"uv": [ 23.0, 32.0 ],
									"rotationOrigin": [ 0.25, 0.2, 0.25 ],
									"rotationX": -17.0,
									"rotationZ": 14.0,
									"faces": {
										"north": { "texture": "#hair", "uv": [ 23.0, 32.0, 23.5, 35.0 ] },
										"east": { "texture": "#hair", "uv": [ 23.5, 32.0, 24.0, 35.0 ] },
										"south": { "texture": "#hair", "uv": [ 24.0, 32.0, 24.5, 35.0 ] },
										"west": { "texture": "#hair", "uv": [ 24.5, 32.0, 25.0, 35.0 ] },
										"up": { "texture": "#hair", "uv": [ 23.0, 32.0, 23.5, 32.5 ], "windMode": [-1,-1,-1,-1], "windData": [1,1,1,1], "enabled": false },
										"down": { "texture": "#hair", "uv": [ 23.5, 32.0, 24.0, 32.5 ], "windMode": [-1,-1,-1,-1], "windData": [1,1,1,1], "enabled": false }
									}
								}
							]
						},
						{
							"name": "braidL3",
							"from": [ 1.4, -3.0, 1.4 ],
							"to": [ 2.4, 1.0, 2.4 ],
							"uv": [ 23.0, 32.0 ],
							"rotationOrigin": [ 1.9, 1.0, 2.3 ],
							"rotationX": -25.0,
							"rotationZ": 6.0,
							"faces": {
								"north": { "texture": "#hair", "uv": [ 23.0, 32.0, 24.0, 36.0 ] },
								"east": { "texture": "#hair", "uv": [ 24.0, 32.0, 25.0, 36.0 ] },
								"south": { "texture": "#hair", "uv": [ 25.0, 32.0, 26.0, 36.0 ] },
								"west": { "texture": "#hair", "uv": [ 26.0, 32.0, 27.0, 36.0 ] },
								"up": { "texture": "#hair", "uv": [ 23.0, 32.0, 24.0, 33.0 ], "windMode": [-1,-1,-1,-1], "windData": [1,1,1,1], "enabled": false },
								"down": { "texture": "#hair", "uv": [ 24.0, 32.0, 25.0, 33.0 ], "windMode": [-1,-1,-1,-1], "windData": [1,1,1,1] }
							},
							"children": [
								{
									"name": "braidL4",
									"from": [ 0.0, -2.5, 0.0 ],
									"to": [ 1.0, 0.5, 1.0 ],
									"uv": [ 24.0, 38.0 ],
									"rotationOrigin": [ 0.5, 0.5, 0.5 ],
									"rotationX": 25.0,
									"rotationZ": 14.0,
									"faces": {
										"north": { "texture": "#hair", "uv": [ 24.0, 38.0, 25.0, 41.0 ] },
										"east": { "texture": "#hair", "uv": [ 25.0, 38.0, 26.0, 41.0 ] },
										"south": { "texture": "#hair", "uv": [ 26.0, 38.0, 27.0, 41.0 ] },
										"west": { "texture": "#hair", "uv": [ 27.0, 38.0, 28.0, 41.0 ] },
										"up": { "texture": "#hair", "uv": [ 26.5, 37.5, 26.0, 38.0 ], "autoUv": false, "windMode": [-1,-1,-1,-1], "windData": [1,1,1,1], "enabled": false },
										"down": { "texture": "#hair", "uv": [ 26.0, 37.5, 26.5, 38.0 ], "windMode": [-1,-1,-1,-1], "windData": [1,1,1,1], "enabled": false }
									}
								}
							]
						},
						{
							"name": "braidL5",
							"from": [ 1.4, -3.0, -2.4 ],
							"to": [ 2.4, 1.0, -1.4 ],
							"uv": [ 20.0, 32.0 ],
							"rotationOrigin": [ 1.9, 1.0, -2.5 ],
							"rotationX": 25.0,
							"rotationZ": 6.0,
							"faces": {
								"north": { "texture": "#hair", "uv": [ 20.0, 33.0, 21.0, 37.0 ] },
								"east": { "texture": "#hair", "uv": [ 21.0, 33.0, 22.0, 37.0 ] },
								"south": { "texture": "#hair", "uv": [ 22.0, 33.0, 23.0, 37.0 ] },
								"west": { "texture": "#hair", "uv": [ 23.0, 33.0, 24.0, 37.0 ] },
								"up": { "texture": "#hair", "uv": [ 23.0, 32.0, 24.0, 33.0 ], "windMode": [-1,-1,-1,-1], "windData": [1,1,1,1], "enabled": false },
								"down": { "texture": "#hair", "uv": [ 20.0, 32.0, 21.0, 33.0 ], "windMode": [-1,-1,-1,-1], "windData": [1,1,1,1] }
							},
							"children": [
								{
									"name": "braidL6",
									"from": [ 0.0, -2.5, 0.0 ],
									"to": [ 1.0, 0.5, 1.0 ],
									"uv": [ 24.0, 38.0 ],
									"rotationOrigin": [ 0.5, 0.5, 0.5 ],
									"rotationX": -14.0,
									"rotationZ": 19.0,
									"faces": {
										"north": { "texture": "#hair", "uv": [ 24.0, 38.0, 25.0, 41.0 ] },
										"east": { "texture": "#hair", "uv": [ 25.0, 38.0, 26.0, 41.0 ] },
										"south": { "texture": "#hair", "uv": [ 26.0, 38.0, 27.0, 41.0 ] },
										"west": { "texture": "#hair", "uv": [ 27.0, 38.0, 28.0, 41.0 ] },
										"up": { "texture": "#hair", "uv": [ 26.5, 37.5, 26.0, 38.0 ], "autoUv": false, "windMode": [-1,-1,-1,-1], "windData": [1,1,1,1], "enabled": false },
										"down": { "texture": "#hair", "uv": [ 26.0, 37.5, 26.5, 38.0 ], "windMode": [-1,-1,-1,-1], "windData": [1,1,1,1], "enabled": false }
									}
								}
							]
						},
						{
							"name": "hairL",
							"from": [ 0.3, -2.0, -0.5 ],
							"to": [ 2.8, 1.0, 2.5 ],
							"uv": [ 15.5, 3.0 ],
							"rotationOrigin": [ 2.8, 1.0, 2.5 ],
							"rotationX": -10.0,
							"rotationZ": 10.0,
							"faces": {
								"north": { "texture": "#hair", "uv": [ 0.0, 0.0, 2.0, 3.0 ], "windMode": [-1,-1,-1,-1], "windData": [1,1,1,1], "enabled": false },
								"east": { "texture": "#hair", "uv": [ 15.5, 3.0, 18.5, 6.0 ] },
								"south": { "texture": "#hair", "uv": [ 18.5, 3.0, 21.0, 6.0 ] },
								"west": { "texture": "#hair", "uv": [ 7.0, 3.0, 10.0, 6.0 ], "windMode": [-1,-1,-1,-1], "windData": [1,1,1,1], "enabled": false },
								"up": { "texture": "#hair", "uv": [ 0.0, 0.0, 2.0, 3.0 ], "windMode": [-1,-1,-1,-1], "windData": [1,1,1,1], "enabled": false },
								"down": { "texture": "#hair", "uv": [ 2.0, 0.0, 4.0, 3.0 ], "windMode": [-1,-1,-1,-1], "windData": [1,1,1,1], "enabled": false }
							}
						},
						{
							"name": "hairR",
							"from": [ 0.3, -2.0, -2.5 ],
							"to": [ 2.8, 1.0, 0.5 ],
							"uv": [ 12.5, 3.0 ],
							"rotationOrigin": [ 2.8, 1.0, -2.5 ],
							"rotationX": 10.0,
							"rotationZ": 10.0,
							"faces": {
								"north": { "texture": "#hair", "uv": [ 12.5, 3.0, 15.0, 6.0 ], "windMode": [-1,-1,-1,-1], "windData": [1,1,1,1] },
								"east": { "texture": "#hair", "uv": [ 15.0, 3.0, 18.0, 6.0 ] },
								"south": { "texture": "#hair", "uv": [ 18.5, 3.0, 21.0, 6.0 ], "windMode": [-1,-1,-1,-1], "windData": [1,1,1,1], "enabled": false },
								"west": { "texture": "#hair", "uv": [ 7.0, 3.0, 10.0, 6.0 ], "windMode": [-1,-1,-1,-1], "windData": [1,1,1,1], "enabled": false },
								"up": { "texture": "#hair", "uv": [ 0.0, 0.0, 2.0, 3.0 ], "windMode": [-1,-1,-1,-1], "windData": [1,1,1,1], "enabled": false },
								"down": { "texture": "#hair", "uv": [ 2.0, 0.0, 4.0, 3.0 ], "windMode": [-1,-1,-1,-1], "windData": [1,1,1,1], "enabled": false }
							}
						}
					]
				}
			]
		}
	]}