{
	"editor": {
		"backDropShape": "entity/humanoid/seraph-hairless",
		"allAngles": true,
		"entityTextureMode": true
	},
	"textureWidth": 48,
	"textureHeight": 48,
	"textureSizes": {
		"hair": [48,48],
		"reedrope": [16,16]
	},
	"textures": {
		"reedrope": "block/cloth/reedrope",
		"hair": "entity/humanoid/seraphskinparts/hair/lightgray"
	},
	"elements": [
		{
			"name": "Hair-Base",
			"stepParentName": "Head",
			"from": [ -0.3, -0.2, -0.3 ],
			"to": [ 5.7, 5.3, 5.2 ],
			"renderPass": 1,
			"autoUnwrap": false,
			"uv": [ 0.0, 0.0 ],
			"rotationOrigin": [ 2.5, 3.0, 2.5 ],
			"faces": {
				"north": { "texture": "#hair", "uv": [ 9.0, 25.5, 15.0, 31.0 ], "windMode": [-1,-1,-1,-1], "windData": [1,1,1,1] },
				"east": { "texture": "#hair", "uv": [ 4.5, 25.5, 10.0, 31.0 ], "windMode": [-1,-1,-1,-1], "windData": [1,1,1,1] },
				"south": { "texture": "#hair", "uv": [ 0.0, 25.5, 6.0, 31.0 ], "windMode": [-1,-1,-1,-1], "windData": [1,1,1,1] },
				"west": { "texture": "#null", "uv": [ 17.5, 5.5, 23.0, 11.0 ], "enabled": false },
				"up": { "texture": "#null", "uv": [ 0.0, 0.0, 6.0, 5.5 ], "enabled": false },
				"down": { "texture": "#null", "uv": [ 6.0, 0.0, 12.0, 5.5 ], "enabled": false }
			},
			"children": [
				{
					"name": "hair-uncovered",
					"from": [ 3.0, 3.0, 2.8 ],
					"to": [ 3.0, 3.0, 2.8 ],
					"uv": [ 0.0, 0.0 ],
					"rotationOrigin": [ 3.0, 3.0, 2.8 ],
					"faces": {
						"north": { "texture": "#null", "uv": [ 0.0, 0.5, 0.5, 1.0 ], "enabled": false },
						"east": { "texture": "#null", "uv": [ 0.5, 0.5, 1.0, 1.0 ], "enabled": false },
						"south": { "texture": "#null", "uv": [ 1.0, 0.5, 1.5, 1.0 ], "enabled": false },
						"west": { "texture": "#null", "uv": [ 1.5, 0.5, 2.0, 1.0 ], "enabled": false },
						"up": { "texture": "#null", "uv": [ 0.0, 0.0, 0.5, 0.5 ], "enabled": false },
						"down": { "texture": "#null", "uv": [ 0.5, 0.0, 1.0, 0.5 ], "enabled": false }
					},
					"children": [
						{
							"name": "fringe1",
							"from": [ -2.75, 2.21, -1.0 ],
							"to": [ -0.75, 2.21, 1.0 ],
							"renderPass": 1,
							"autoUnwrap": false,
							"uv": [ 19.0, 4.0 ],
							"rotationOrigin": [ -0.8, 2.3, 0.0 ],
							"faces": {
								"north": { "texture": "#null", "uv": [ 0.0, 2.0, 2.0, 2.5 ], "enabled": false },
								"east": { "texture": "#null", "uv": [ 2.0, 2.0, 4.0, 2.5 ], "enabled": false },
								"south": { "texture": "#null", "uv": [ 4.0, 2.0, 6.0, 2.5 ], "enabled": false },
								"west": { "texture": "#null", "uv": [ 6.0, 2.0, 8.0, 2.5 ], "enabled": false },
								"up": { "texture": "#hair", "uv": [ 16.5, 4.0, 18.5, 6.0 ], "rotation": 270, "windMode": [-1,-1,-1,-1], "windData": [1,1,1,1] },
								"down": { "texture": "#null", "uv": [ 2.0, 0.0, 4.0, 2.0 ], "enabled": false }
							},
							"children": [
								{
									"name": "fringe2",
									"from": [ 0.0, -1.5, 0.0 ],
									"to": [ 0.0, 0.0, 2.0 ],
									"renderPass": 1,
									"uv": [ 21.5, 11.5 ],
									"rotationOrigin": [ 0.0, 0.0, 0.0 ],
									"rotationZ": -8.0,
									"faces": {
										"north": { "texture": "#null", "uv": [ 21.5, 13.5, 22.0, 15.0 ], "enabled": false },
										"east": { "texture": "#null", "uv": [ 22.0, 13.5, 24.0, 15.0 ], "enabled": false },
										"south": { "texture": "#null", "uv": [ 24.0, 13.5, 24.5, 15.0 ], "enabled": false },
										"west": { "texture": "#hair", "uv": [ 21.5, 11.5, 23.5, 13.0 ], "windMode": [-1,-1,-1,-1], "windData": [1,1,1,1] },
										"up": { "texture": "#null", "uv": [ 21.5, 11.5, 22.0, 13.5 ], "enabled": false },
										"down": { "texture": "#null", "uv": [ 22.0, 11.5, 22.5, 13.5 ], "enabled": false }
									}
								},
								{
									"name": "fringe3",
									"from": [ 0.0, -2.0, 0.0 ],
									"to": [ 0.0, 0.0, 2.0 ],
									"renderPass": 1,
									"uv": [ 23.5, 11.0 ],
									"rotationOrigin": [ 0.0, 0.0, 0.0 ],
									"rotationZ": -15.0,
									"faces": {
										"north": { "texture": "#null", "uv": [ 23.5, 13.0, 24.0, 15.0 ], "enabled": false },
										"east": { "texture": "#null", "uv": [ 24.0, 13.0, 26.0, 15.0 ], "enabled": false },
										"south": { "texture": "#null", "uv": [ 26.0, 13.0, 26.5, 15.0 ], "enabled": false },
										"west": { "texture": "#hair", "uv": [ 23.5, 11.0, 25.5, 13.0 ], "windMode": [-1,-1,-1,-1], "windData": [1,1,1,1] },
										"up": { "texture": "#null", "uv": [ 23.5, 11.0, 24.0, 13.0 ], "enabled": false },
										"down": { "texture": "#null", "uv": [ 24.0, 11.0, 24.5, 13.0 ], "enabled": false }
									}
								},
								{
									"name": "fringe4",
									"from": [ 0.0, -2.0, 0.0 ],
									"to": [ 0.0, -1.0, 2.0 ],
									"renderPass": 1,
									"uv": [ 14.5, 5.0 ],
									"rotationOrigin": [ 0.0, -1.0, 0.0 ],
									"rotationZ": -15.0,
									"faces": {
										"north": { "texture": "#null", "uv": [ 14.5, 7.0, 15.0, 8.0 ], "enabled": false },
										"east": { "texture": "#null", "uv": [ 15.0, 7.0, 17.0, 8.0 ], "enabled": false },
										"south": { "texture": "#null", "uv": [ 17.0, 7.0, 17.5, 8.0 ], "enabled": false },
										"west": { "texture": "#hair", "uv": [ 14.5, 5.0, 16.5, 6.0 ], "windMode": [-1,-1,-1,-1], "windData": [1,1,1,1] },
										"up": { "texture": "#null", "uv": [ 14.5, 5.0, 15.0, 7.0 ], "enabled": false },
										"down": { "texture": "#null", "uv": [ 15.0, 5.0, 15.5, 7.0 ], "enabled": false }
									}
								}
							]
						},
						{
							"name": "back1",
							"from": [ 3.0, -1.5, -2.5 ],
							"to": [ 3.0, 0.0, 2.5 ],
							"renderPass": 1,
							"uv": [ 18.5, 4.5 ],
							"rotationOrigin": [ 3.0, 0.0, 0.0 ],
							"rotationZ": 15.0,
							"faces": {
								"north": { "texture": "#null", "uv": [ 18.5, 9.5, 19.0, 11.0 ], "enabled": false },
								"east": { "texture": "#hair", "uv": [ 18.5, 4.5, 23.5, 6.0 ], "windMode": [-1,-1,-1,-1], "windData": [1,1,1,1] },
								"south": { "texture": "#null", "uv": [ 24.0, 9.5, 24.5, 11.0 ], "enabled": false },
								"west": { "texture": "#null", "uv": [ 24.5, 9.5, 29.5, 11.0 ], "enabled": false },
								"up": { "texture": "#null", "uv": [ 18.5, 4.5, 19.0, 9.5 ], "enabled": false },
								"down": { "texture": "#null", "uv": [ 19.0, 4.5, 19.5, 9.5 ], "enabled": false }
							}
						},
						{
							"name": "back2",
							"from": [ 3.0, -2.0, -2.8 ],
							"to": [ 3.0, 0.0, 2.7 ],
							"renderPass": 1,
							"uv": [ 21.5, 11.0 ],
							"rotationOrigin": [ 3.0, 0.0, 0.0 ],
							"rotationZ": 5.0,
							"faces": {
								"north": { "texture": "#null", "uv": [ 21.5, 16.5, 22.0, 18.5 ], "enabled": false },
								"east": { "texture": "#hair", "uv": [ 21.5, 11.0, 27.0, 13.0 ], "windMode": [-1,-1,-1,-1], "windData": [1,1,1,1] },
								"south": { "texture": "#null", "uv": [ 27.5, 16.5, 28.0, 18.5 ], "enabled": false },
								"west": { "texture": "#null", "uv": [ 28.0, 16.5, 33.5, 18.5 ], "enabled": false },
								"up": { "texture": "#null", "uv": [ 21.5, 11.0, 22.0, 16.5 ], "enabled": false },
								"down": { "texture": "#null", "uv": [ 22.0, 11.0, 22.5, 16.5 ], "enabled": false }
							}
						},
						{
							"name": "left1",
							"from": [ 0.0, -1.5, 2.7 ],
							"to": [ 3.0, 0.0, 2.7 ],
							"renderPass": 1,
							"uv": [ 7.5, 11.0 ],
							"rotationOrigin": [ 0.0, 0.0, 2.7 ],
							"rotationX": -15.0,
							"faces": {
								"north": { "texture": "#null", "uv": [ 7.5, 11.5, 10.5, 13.0 ], "enabled": false },
								"east": { "texture": "#null", "uv": [ 10.5, 11.5, 11.0, 13.0 ], "enabled": false },
								"south": { "texture": "#hair", "uv": [ 7.5, 11.0, 10.5, 12.5 ], "windMode": [-1,-1,-1,-1], "windData": [1,1,1,1] },
								"west": { "texture": "#null", "uv": [ 14.0, 11.5, 14.5, 13.0 ], "enabled": false },
								"up": { "texture": "#null", "uv": [ 7.5, 11.0, 10.5, 11.5 ], "enabled": false },
								"down": { "texture": "#null", "uv": [ 10.5, 11.0, 13.5, 11.5 ], "enabled": false }
							}
						},
						{
							"name": "left2",
							"from": [ 0.0, -2.5, 2.7 ],
							"to": [ 3.0, -0.5, 2.7 ],
							"renderPass": 1,
							"uv": [ 19.5, 11.0 ],
							"rotationOrigin": [ 0.0, -0.5, 2.7 ],
							"rotationX": -5.0,
							"faces": {
								"north": { "texture": "#null", "uv": [ 19.5, 11.5, 22.5, 13.5 ], "enabled": false },
								"east": { "texture": "#null", "uv": [ 22.5, 11.5, 23.0, 13.5 ], "enabled": false },
								"south": { "texture": "#hair", "uv": [ 19.5, 11.0, 22.5, 13.0 ], "windMode": [-1,-1,-1,-1], "windData": [1,1,1,1] },
								"west": { "texture": "#null", "uv": [ 26.0, 11.5, 26.5, 13.5 ], "enabled": false },
								"up": { "texture": "#null", "uv": [ 19.5, 11.0, 22.5, 11.5 ], "enabled": false },
								"down": { "texture": "#null", "uv": [ 22.5, 11.0, 25.5, 11.5 ], "enabled": false }
							}
						},
						{
							"name": "right1",
							"from": [ 0.0, -1.5, -2.8 ],
							"to": [ 3.0, 0.0, -2.8 ],
							"renderPass": 1,
							"uv": [ 9.5, 11.0 ],
							"rotationOrigin": [ 0.0, 0.0, -2.8 ],
							"rotationX": 15.0,
							"faces": {
								"north": { "texture": "#hair", "uv": [ 9.5, 11.0, 12.5, 12.5 ], "windMode": [-1,-1,-1,-1], "windData": [1,1,1,1] },
								"east": { "texture": "#null", "uv": [ 12.5, 11.5, 13.0, 13.0 ], "enabled": false },
								"south": { "texture": "#null", "uv": [ 13.0, 11.5, 16.0, 13.0 ], "enabled": false },
								"west": { "texture": "#null", "uv": [ 16.0, 11.5, 16.5, 13.0 ], "enabled": false },
								"up": { "texture": "#null", "uv": [ 9.5, 11.0, 12.5, 11.5 ], "enabled": false },
								"down": { "texture": "#null", "uv": [ 12.5, 11.0, 15.5, 11.5 ], "enabled": false }
							}
						},
						{
							"name": "right2",
							"from": [ 0.0, -2.5, -2.8 ],
							"to": [ 3.0, -0.5, -2.8 ],
							"renderPass": 1,
							"uv": [ 19.0, 4.0 ],
							"rotationOrigin": [ 0.0, -0.5, -2.8 ],
							"rotationX": 15.0,
							"faces": {
								"north": { "texture": "#hair", "uv": [ 19.0, 4.0, 22.0, 6.0 ], "windMode": [-1,-1,-1,-1], "windData": [1,1,1,1] },
								"east": { "texture": "#null", "uv": [ 22.0, 4.5, 22.5, 6.5 ], "enabled": false },
								"south": { "texture": "#null", "uv": [ 22.5, 4.5, 25.5, 6.5 ], "enabled": false },
								"west": { "texture": "#null", "uv": [ 25.5, 4.5, 26.0, 6.5 ], "enabled": false },
								"up": { "texture": "#null", "uv": [ 19.0, 4.0, 22.0, 4.5 ], "enabled": false },
								"down": { "texture": "#null", "uv": [ 22.0, 4.0, 25.0, 4.5 ], "enabled": false }
							}
						},
						{
							"name": "tieL",
							"from": [ 0.5, -2.6, 1.5 ],
							"to": [ 1.5, -0.6, 2.5 ],
							"uv": [ 0.0, 0.0 ],
							"rotationOrigin": [ 1.0, -0.6, 2.0 ],
							"rotationX": -22.5,
							"faces": {
								"north": { "texture": "#null", "uv": [ 0.0, 1.0, 1.0, 3.0 ], "enabled": false },
								"east": { "texture": "#reedrope", "uv": [ 0.0, 1.0, 1.0, 3.0 ] },
								"south": { "texture": "#reedrope", "uv": [ 1.0, 1.0, 2.0, 3.0 ] },
								"west": { "texture": "#reedrope", "uv": [ 2.0, 1.0, 3.0, 3.0 ] },
								"up": { "texture": "#null", "uv": [ 0.0, 0.0, 1.0, 1.0 ], "enabled": false },
								"down": { "texture": "#reedrope", "uv": [ 1.0, 0.0, 2.0, 1.0 ] }
							},
							"children": [
								{
									"name": "hairL1",
									"from": [ 0.35, -1.1, 0.25 ],
									"to": [ 0.85, 0.4, 0.75 ],
									"uv": [ 23.5, 33.0 ],
									"rotationOrigin": [ 0.6, 0.4, 0.5 ],
									"rotationZ": -22.5,
									"faces": {
										"north": { "texture": "#hair", "uv": [ 23.5, 33.5, 24.0, 35.0 ] },
										"east": { "texture": "#hair", "uv": [ 24.0, 33.5, 24.5, 35.0 ] },
										"south": { "texture": "#hair", "uv": [ 24.5, 33.5, 25.0, 35.0 ] },
										"west": { "texture": "#hair", "uv": [ 25.0, 33.5, 25.5, 35.0 ] },
										"up": { "texture": "#null", "uv": [ 23.5, 33.0, 24.0, 33.5 ], "enabled": false },
										"down": { "texture": "#hair", "uv": [ 23.5, 33.0, 24.0, 33.5 ] }
									},
									"children": [
										{
											"name": "hairL2",
											"from": [ -1.6, -0.05, 0.0 ],
											"to": [ 0.4, 0.45, 0.5 ],
											"uv": [ 18.5, 32.5 ],
											"rotationOrigin": [ 0.4, 0.2, 0.25 ],
											"rotationY": -10.0,
											"rotationZ": 22.5,
											"faces": {
												"north": { "texture": "#hair", "uv": [ 18.5, 33.0, 20.5, 33.5 ] },
												"east": { "texture": "#hair", "uv": [ 20.5, 33.0, 21.0, 33.5 ] },
												"south": { "texture": "#hair", "uv": [ 21.0, 33.0, 23.0, 33.5 ] },
												"west": { "texture": "#hair", "uv": [ 23.0, 33.0, 23.5, 33.5 ] },
												"up": { "texture": "#hair", "uv": [ 18.5, 32.5, 20.5, 33.0 ] },
												"down": { "texture": "#hair", "uv": [ 20.5, 32.5, 22.5, 33.0 ] }
											},
											"children": [
												{
													"name": "hairL3",
													"from": [ -1.9, 0.0, 0.0 ],
													"to": [ 0.1, 0.5, 0.5 ],
													"uv": [ 20.0, 35.0 ],
													"rotationOrigin": [ 0.1, 0.25, 0.25 ],
													"rotationY": -22.5,
													"rotationZ": -10.0,
													"faces": {
														"north": { "texture": "#hair", "uv": [ 20.0, 35.5, 22.0, 36.0 ] },
														"east": { "texture": "#hair", "uv": [ 22.0, 35.5, 22.5, 36.0 ] },
														"south": { "texture": "#hair", "uv": [ 22.5, 35.5, 24.5, 36.0 ] },
														"west": { "texture": "#hair", "uv": [ 24.5, 35.5, 25.0, 36.0 ] },
														"up": { "texture": "#hair", "uv": [ 20.0, 35.0, 22.0, 35.5 ] },
														"down": { "texture": "#hair", "uv": [ 22.0, 35.0, 24.0, 35.5 ] }
													},
													"children": [
														{
															"name": "hairL4",
															"from": [ 0.0, -1.7, 0.0 ],
															"to": [ 0.5, 0.3, 0.5 ],
															"renderPass": 1,
															"uv": [ 28.5, 41.0 ],
															"rotationOrigin": [ 0.25, 0.3, 0.25 ],
															"rotationX": 22.5,
															"rotationZ": -22.5,
															"faces": {
																"north": { "texture": "#hair", "uv": [ 28.5, 41.5, 29.0, 43.5 ] },
																"east": { "texture": "#hair", "uv": [ 29.0, 41.5, 29.5, 43.5 ] },
																"south": { "texture": "#hair", "uv": [ 29.5, 41.5, 30.0, 43.5 ] },
																"west": { "texture": "#hair", "uv": [ 30.0, 41.5, 30.5, 43.5 ] },
																"up": { "texture": "#hair", "uv": [ 28.5, 41.0, 29.0, 41.5 ] },
																"down": { "texture": "#null", "uv": [ 29.0, 41.0, 29.5, 41.5 ], "enabled": false }
															}
														}
													]
												}
											]
										}
									]
								}
							]
						},
						{
							"name": "tieR",
							"from": [ 0.5, -2.6, -2.7 ],
							"to": [ 1.5, -0.6, -1.7 ],
							"uv": [ 0.0, 0.0 ],
							"rotationOrigin": [ 1.0, -0.6, -2.2 ],
							"rotationX": 22.5,
							"faces": {
								"north": { "texture": "#reedrope", "uv": [ 0.0, 1.0, 1.0, 3.0 ], "windMode": [-1,-1,-1,-1], "windData": [1,1,1,1] },
								"east": { "texture": "#reedrope", "uv": [ 1.0, 1.0, 2.0, 3.0 ] },
								"south": { "texture": "#null", "uv": [ 2.0, 1.0, 3.0, 3.0 ], "enabled": false },
								"west": { "texture": "#reedrope", "uv": [ 2.0, 1.0, 3.0, 3.0 ] },
								"up": { "texture": "#null", "uv": [ 0.0, 0.0, 1.0, 1.0 ], "enabled": false },
								"down": { "texture": "#reedrope", "uv": [ 0.0, 0.0, 1.0, 1.0 ] }
							},
							"children": [
								{
									"name": "hairR1",
									"from": [ 0.35, -1.1, 0.25 ],
									"to": [ 0.85, 0.4, 0.75 ],
									"uv": [ 23.5, 33.0 ],
									"rotationOrigin": [ 0.6, 0.4, 0.5 ],
									"rotationZ": -22.5,
									"faces": {
										"north": { "texture": "#hair", "uv": [ 23.5, 33.5, 24.0, 35.0 ] },
										"east": { "texture": "#hair", "uv": [ 24.0, 33.5, 24.5, 35.0 ] },
										"south": { "texture": "#hair", "uv": [ 24.5, 33.5, 25.0, 35.0 ] },
										"west": { "texture": "#hair", "uv": [ 25.0, 33.5, 25.5, 35.0 ] },
										"up": { "texture": "#null", "uv": [ 23.5, 33.0, 24.0, 33.5 ], "enabled": false },
										"down": { "texture": "#hair", "uv": [ 23.5, 33.0, 24.0, 33.5 ] }
									},
									"children": [
										{
											"name": "hairR2",
											"from": [ -1.6, -0.05, 0.0 ],
											"to": [ 0.4, 0.45, 0.5 ],
											"uv": [ 18.5, 32.5 ],
											"rotationOrigin": [ 0.4, 0.2, 0.25 ],
											"rotationY": 10.0,
											"rotationZ": 22.5,
											"faces": {
												"north": { "texture": "#hair", "uv": [ 18.5, 33.0, 20.5, 33.5 ] },
												"east": { "texture": "#hair", "uv": [ 20.5, 33.0, 21.0, 33.5 ] },
												"south": { "texture": "#hair", "uv": [ 21.0, 33.0, 23.0, 33.5 ] },
												"west": { "texture": "#hair", "uv": [ 23.0, 33.0, 23.5, 33.5 ] },
												"up": { "texture": "#hair", "uv": [ 18.5, 32.5, 20.5, 33.0 ] },
												"down": { "texture": "#hair", "uv": [ 20.5, 32.5, 22.5, 33.0 ] }
											},
											"children": [
												{
													"name": "hairR3",
													"from": [ -1.9, 0.0, 0.0 ],
													"to": [ 0.1, 0.5, 0.5 ],
													"uv": [ 20.0, 35.0 ],
													"rotationOrigin": [ 0.1, 0.25, 0.25 ],
													"rotationY": 22.5,
													"rotationZ": -10.0,
													"faces": {
														"north": { "texture": "#hair", "uv": [ 20.0, 35.5, 22.0, 36.0 ] },
														"east": { "texture": "#hair", "uv": [ 22.0, 35.5, 22.5, 36.0 ] },
														"south": { "texture": "#hair", "uv": [ 22.5, 35.5, 24.5, 36.0 ] },
														"west": { "texture": "#hair", "uv": [ 24.5, 35.5, 25.0, 36.0 ] },
														"up": { "texture": "#hair", "uv": [ 20.0, 35.0, 22.0, 35.5 ] },
														"down": { "texture": "#hair", "uv": [ 22.0, 35.0, 24.0, 35.5 ] }
													},
													"children": [
														{
															"name": "hairR4",
															"from": [ 0.0, -1.7, 0.0 ],
															"to": [ 0.5, 0.3, 0.5 ],
															"renderPass": 1,
															"uv": [ 28.5, 41.0 ],
															"rotationOrigin": [ 0.25, 0.3, 0.25 ],
															"rotationX": -22.5,
															"rotationZ": -22.5,
															"faces": {
																"north": { "texture": "#hair", "uv": [ 28.5, 41.5, 29.0, 43.5 ] },
																"east": { "texture": "#hair", "uv": [ 29.0, 41.5, 29.5, 43.5 ] },
																"south": { "texture": "#hair", "uv": [ 29.5, 41.5, 30.0, 43.5 ] },
																"west": { "texture": "#hair", "uv": [ 30.0, 41.5, 30.5, 43.5 ] },
																"up": { "texture": "#hair", "uv": [ 28.5, 41.0, 29.0, 41.5 ] },
																"down": { "texture": "#null", "uv": [ 29.0, 41.0, 29.5, 41.5 ], "enabled": false }
															}
														}
													]
												}
											]
										}
									]
								}
							]
						}
					]
				}
			]
		}
	]}