{
	"editor": {
		"backDropShape": "entity/humanoid/seraph-hairless",
		"allAngles": false,
		"entityTextureMode": true
	},
	"textureWidth": 48,
	"textureHeight": 48,
	"textureSizes": {
		"hair": [48,48]
	},
	"textures": {
		"hair": "entity/humanoid/seraphskinparts/hair/lightgray"
	},
	"elements": [
		{
			"name": "ponytailhigh",
			"stepParentName": "Head",
			"from": [ 3.0, 2.0, 2.5 ],
			"to": [ 3.0, 2.0, 2.5 ],
			"uv": [ 0.0, 0.0 ],
			"rotationOrigin": [ 3.0, 2.0, 2.5 ],
			"faces": {
				"north": { "texture": "#null", "uv": [ 0.0, 0.0, 0.5, 0.5 ] },
				"east": { "texture": "#null", "uv": [ 0.0, 0.0, 0.5, 0.5 ] },
				"south": { "texture": "#null", "uv": [ 0.0, 0.0, 0.5, 0.5 ] },
				"west": { "texture": "#null", "uv": [ 0.0, 0.0, 0.5, 0.5 ] },
				"up": { "texture": "#null", "uv": [ 0.0, 0.0, 0.5, 0.5 ] },
				"down": { "texture": "#null", "uv": [ 0.0, 0.0, 0.5, 0.5 ] }
			},
			"children": [
				{
					"name": "braid1",
					"from": [ 1.5, -1.5, -1.0 ],
					"to": [ 3.0, 1.5, 1.0 ],
					"uv": [ 19.0, 31.0 ],
					"rotationOrigin": [ 2.5, 1.5, 0.0 ],
					"rotationX": 22.0,
					"rotationZ": 22.0,
					"faces": {
						"north": { "texture": "#hair", "uv": [ 19.0, 33.0, 20.5, 36.0 ] },
						"east": { "texture": "#hair", "uv": [ 20.5, 33.0, 22.5, 36.0 ] },
						"south": { "texture": "#hair", "uv": [ 22.5, 33.0, 24.0, 36.0 ] },
						"west": { "texture": "#hair", "uv": [ 24.0, 33.0, 26.0, 36.0 ], "windMode": [-1,-1,-1,-1], "enabled": false },
						"up": { "texture": "#hair", "uv": [ 19.0, 31.0, 20.5, 33.0 ] },
						"down": { "texture": "#hair", "uv": [ 20.5, 31.0, 22.0, 33.0 ] }
					},
					"children": [
						{
							"name": "braid2",
							"from": [ 0.0, -1.7, 0.3 ],
							"to": [ 1.5, 0.3, 1.8 ],
							"uv": [ 17.0, 31.5 ],
							"rotationOrigin": [ 1.5, 0.3, 1.15 ],
							"rotationX": 25.0,
							"rotationZ": -30.0,
							"faces": {
								"north": { "texture": "#hair", "uv": [ 17.0, 33.0, 18.5, 35.0 ] },
								"east": { "texture": "#hair", "uv": [ 18.5, 33.0, 20.0, 35.0 ] },
								"south": { "texture": "#hair", "uv": [ 20.0, 33.0, 21.5, 35.0 ] },
								"west": { "texture": "#hair", "uv": [ 21.5, 33.0, 23.0, 35.0 ], "windMode": [-1,-1,-1,-1], "enabled": false },
								"up": { "texture": "#hair", "uv": [ 17.0, 31.5, 18.5, 33.0 ] },
								"down": { "texture": "#hair", "uv": [ 18.5, 31.5, 20.0, 33.0 ] }
							}
						},
						{
							"name": "top",
							"from": [ 0.5, 3.0, 0.1 ],
							"to": [ 1.5, 4.0, 1.9 ],
							"uv": [ 20.5, 35.5 ],
							"rotationOrigin": [ 1.5, 3.0, 1.0 ],
							"rotationZ": 22.0,
							"faces": {
								"north": { "texture": "#hair", "uv": [ 20.5, 35.5, 21.5, 36.5 ] },
								"east": { "texture": "#hair", "uv": [ 21.5, 35.5, 23.0, 36.5 ] },
								"south": { "texture": "#hair", "uv": [ 23.0, 35.5, 24.0, 36.5 ], "windMode": [-1,-1,-1,-1] },
								"west": { "texture": "#hair", "uv": [ 24.0, 35.5, 25.5, 36.5 ], "windMode": [-1,-1,-1,-1], "enabled": false },
								"up": { "texture": "#hair", "uv": [ 20.5, 35.5, 21.5, 37.0 ], "windMode": [-1,-1,-1,-1], "enabled": false },
								"down": { "texture": "#hair", "uv": [ 21.5, 35.5, 22.5, 37.0 ], "windMode": [-1,-1,-1,-1], "enabled": false }
							}
						}
					]
				},
				{
					"name": "braid3",
					"from": [ -0.5, -2.5, -2.8 ],
					"to": [ 3.5, -1.5, -1.3 ],
					"uv": [ 16.0, 34.0 ],
					"rotationOrigin": [ 3.5, -2.0, -2.05 ],
					"rotationX": 33.0,
					"rotationY": -8.0,
					"rotationZ": 8.0,
					"faces": {
						"north": { "texture": "#hair", "uv": [ 16.0, 35.5, 20.0, 36.5 ] },
						"east": { "texture": "#hair", "uv": [ 20.0, 35.5, 21.5, 36.5 ] },
						"south": { "texture": "#hair", "uv": [ 21.5, 35.5, 25.5, 36.5 ] },
						"west": { "texture": "#hair", "uv": [ 25.5, 35.5, 27.0, 36.5 ] },
						"up": { "texture": "#hair", "uv": [ 16.0, 34.0, 20.0, 35.5 ] },
						"down": { "texture": "#hair", "uv": [ 20.0, 34.0, 24.0, 35.5 ] }
					},
					"children": [
						{
							"name": "braid4",
							"from": [ -2.8, 0.1, 0.3 ],
							"to": [ 0.2, 1.1, 1.3 ],
							"uv": [ 19.5, 31.0 ],
							"rotationOrigin": [ 0.2, 1.1, 0.8 ],
							"rotationY": 25.0,
							"rotationZ": -3.0,
							"faces": {
								"north": { "texture": "#hair", "uv": [ 19.5, 32.0, 22.5, 33.0 ] },
								"east": { "texture": "#hair", "uv": [ 22.5, 32.0, 23.5, 33.0 ] },
								"south": { "texture": "#hair", "uv": [ 23.5, 32.0, 26.5, 33.0 ] },
								"west": { "texture": "#hair", "uv": [ 26.5, 32.0, 27.5, 33.0 ] },
								"up": { "texture": "#hair", "uv": [ 19.5, 31.0, 22.5, 32.0 ] },
								"down": { "texture": "#hair", "uv": [ 22.5, 31.0, 25.5, 32.0 ] }
							},
							"children": [
								{
									"name": "tip",
									"from": [ -0.1, -3.3, 0.0 ],
									"to": [ 0.9, 0.7, 1.0 ],
									"autoUnwrap": false,
									"uv": [ 24.0, 38.5 ],
									"rotationOrigin": [ 0.4, 0.7, 0.5 ],
									"rotationX": -19.0,
									"rotationZ": -39.0,
									"faces": {
										"north": { "texture": "#hair", "uv": [ 24.0, 37.0, 25.0, 41.0 ] },
										"east": { "texture": "#hair", "uv": [ 25.0, 37.0, 26.0, 41.0 ] },
										"south": { "texture": "#hair", "uv": [ 26.0, 37.0, 27.0, 41.0 ] },
										"west": { "texture": "#hair", "uv": [ 27.0, 37.0, 28.0, 41.0 ] },
										"up": { "texture": "#hair", "uv": [ 22.5, 37.5, 23.5, 38.5 ] },
										"down": { "texture": "#hair", "uv": [ 25.0, 38.5, 26.0, 39.5 ], "windMode": [-1,-1,-1,-1], "enabled": false }
									}
								}
							]
						}
					]
				}
			]
		}
	]}