{
	"editor": {
		"backDropShape": "entity/humanoid/seraph-hairless",
		"allAngles": true,
		"entityTextureMode": true
	},
	"textureWidth": 48,
	"textureHeight": 48,
	"textureSizes": {
		"hair": [48,48],
		"birch": [16,16]
	},
	"textures": {
		"birch": "block/wood/debarked/birch",
		"hair": "entity/humanoid/seraphskinparts/hair/lightgray"
	},
	"elements": [
		{
			"name": "ponytailhigh",
			"stepParentName": "Head",
			"from": [ -0.5, 0.0, 0.0 ],
			"to": [ 0.5, 1.0, 1.0 ],
			"uv": [ 0.0, 0.0 ],
			"faces": {
			},
			"children": [
				{
					"name": "BunTop",
					"from": [ 3.8, 4.7, 1.5 ],
					"to": [ 6.8, 7.2, 3.5 ],
					"uv": [ 18.0, 31.5 ],
					"rotationOrigin": [ 4.8, 5.7, 2.5 ],
					"rotationZ": -20.0,
					"faces": {
						"north": { "texture": "#hair", "uv": [ 18.0, 33.5, 21.0, 36.0 ] },
						"east": { "texture": "#hair", "uv": [ 21.0, 33.5, 23.0, 36.0 ] },
						"south": { "texture": "#hair", "uv": [ 23.0, 33.5, 26.0, 36.0 ] },
						"west": { "texture": "#hair", "uv": [ 26.0, 33.5, 28.0, 36.0 ] },
						"up": { "texture": "#hair", "uv": [ 18.0, 31.5, 21.0, 33.5 ] }
					},
					"children": [
						{
							"name": "Stick",
							"from": [ 1.5, 1.0, -1.0 ],
							"to": [ 2.0, 1.5, 3.0 ],
							"uv": [ 0.0, 0.0 ],
							"rotationOrigin": [ 1.5, 1.0, 1.0 ],
							"faces": {
								"north": { "texture": "#birch", "uv": [ 0.0, 4.0, 0.5, 4.5 ] },
								"east": { "texture": "#birch", "uv": [ 0.5, 4.0, 4.5, 4.5 ] },
								"south": { "texture": "#birch", "uv": [ 4.5, 4.0, 5.0, 4.5 ] },
								"west": { "texture": "#birch", "uv": [ 5.0, 4.0, 9.0, 4.5 ] },
								"up": { "texture": "#birch", "uv": [ 0.0, 0.0, 0.5, 4.0 ] },
								"down": { "texture": "#birch", "uv": [ 0.5, 0.0, 1.0, 4.0 ] }
							}
						},
						{
							"name": "Cube1",
							"from": [ 0.5, 0.5, -0.5 ],
							"to": [ 2.5, 2.0, 2.5 ],
							"uv": [ 16.5, 31.5 ],
							"rotationOrigin": [ 0.5, 0.5, 0.0 ],
							"faces": {
								"north": { "texture": "#hair", "uv": [ 16.5, 34.5, 18.5, 36.0 ] },
								"east": { "texture": "#hair", "uv": [ 18.5, 34.5, 21.5, 36.0 ] },
								"south": { "texture": "#hair", "uv": [ 21.5, 34.5, 23.5, 36.0 ] },
								"west": { "texture": "#hair", "uv": [ 23.5, 34.5, 26.5, 36.0 ] },
								"up": { "texture": "#hair", "uv": [ 16.5, 31.5, 18.5, 34.5 ] },
								"down": { "texture": "#hair", "uv": [ 18.5, 31.5, 20.5, 34.5 ] }
							}
						}
					]
				}
			]
		}
	]}