{
	"editor": {
		"backDropShape": "entity/humanoid/seraph-hairless",
		"collapsedPaths": "Root/bandN/toothR1,Root/bandN/toothL1",
		"allAngles": true,
		"entityTextureMode": true
	},
	"textureWidth": 48,
	"textureHeight": 48,
	"textureSizes": {
		"hair": [48,48],
		"birch": [16,16]
	},
	"textures": {
		"birch": "block/wood/debarked/birch",
		"hair": "entity/humanoid/seraphskinparts/hair/lightgray"
	},
	"elements": [
		{
			"name": "ponytailhigh",
			"stepParentName": "Head",
			"from": [ -0.5, 0.0, 0.0 ],
			"to": [ 0.5, 1.0, 1.0 ],
			"uv": [ 0.0, 0.0 ],
			"faces": {
			},
			"children": [
				{
					"name": "TopKnot",
					"from": [ 4.8, 4.1, 2.0 ],
					"to": [ 7.8, 5.1, 3.0 ],
					"uv": [ 17.0, 0.5 ],
					"rotationOrigin": [ 4.8, 4.1, 2.5 ],
					"rotationZ": 22.5,
					"faces": {
						"north": { "texture": "#hair", "uv": [ 17.0, 1.5, 20.0, 2.5 ] },
						"east": { "texture": "#hair", "uv": [ 20.0, 1.5, 21.0, 2.5 ] },
						"south": { "texture": "#hair", "uv": [ 21.0, 1.5, 24.0, 2.5 ] },
						"up": { "texture": "#hair", "uv": [ 17.0, 0.5, 20.0, 1.5 ] },
						"down": { "texture": "#hair", "uv": [ 20.0, 0.5, 23.0, 1.5 ] }
					},
					"children": [
						{
							"name": "Messy",
							"from": [ 2.0, -0.5, -0.5 ],
							"to": [ 5.0, 1.5, 1.5 ],
							"autoUnwrap": false,
							"uv": [ 19.5, 19.5 ],
							"rotationOrigin": [ 2.0, 0.5, 0.5 ],
							"rotationZ": -72.0,
							"faces": {
								"north": { "texture": "#hair", "uv": [ 24.0, 10.5, 26.0, 13.5 ], "rotation": 90 },
								"south": { "texture": "#hair", "uv": [ 21.5, 10.5, 23.5, 13.5 ], "rotation": 270 },
								"west": { "texture": "#hair", "uv": [ 23.5, 22.5, 25.5, 24.5 ] },
								"up": { "texture": "#hair", "uv": [ 23.0, 26.0, 25.0, 29.0 ], "rotation": 270 }
							}
						},
						{
							"name": "Ponytail",
							"from": [ 2.6, -0.4, 0.0 ],
							"to": [ 7.6, 0.6, 1.0 ],
							"autoUnwrap": false,
							"uv": [ 13.5, 18.5 ],
							"rotationOrigin": [ 2.6, 0.1, 0.5 ],
							"rotationZ": -97.0,
							"faces": {
								"north": { "texture": "#hair", "uv": [ 39.0, 17.5, 40.0, 22.5 ], "rotation": 90 },
								"south": { "texture": "#hair", "uv": [ 38.0, 17.5, 39.0, 22.5 ], "rotation": 270 },
								"up": { "texture": "#hair", "uv": [ 39.5, 17.0, 40.5, 22.0 ], "rotation": 270 },
								"down": { "texture": "#hair", "uv": [ 38.0, 17.0, 39.0, 22.0 ], "rotation": 90 }
							}
						}
					]
				}
			]
		}
	]}