{
	"editor": {
		"backDropShape": "entity/humanoid/seraph-hairless",
		"allAngles": false,
		"entityTextureMode": true
	},
	"textureWidth": 48,
	"textureHeight": 48,
	"textureSizes": {
		"hair": [48,48],
		"reedrope": [16,16]
	},
	"textures": {
		"reedrope": "block/cloth/reedrope",
		"hair": "entity/humanoid/seraphskinparts/hair/lightgray"
	},
	"elements": [
		{
			"name": "Hair-Base",
			"stepParentName": "Head",
			"from": [ -0.2, -3.2, -0.3 ],
			"to": [ 5.8, 5.3, 5.2 ],
			"renderPass": 1,
			"autoUnwrap": false,
			"uv": [ 0.0, 0.0 ],
			"rotationOrigin": [ 2.5, 3.0, 2.5 ],
			"faces": {
				"north": { "texture": "#hair", "uv": [ 0.5, 1.5, 6.5, 10.0 ], "windMode": [-1,-1,-1,-1], "windData": [1,1,1,1], "enabled": false },
				"east": { "texture": "#hair", "uv": [ 0.5, 10.5, 6.0, 19.0 ], "windMode": [-1,-1,-1,-1], "windData": [1,1,1,1], "enabled": false },
				"south": { "texture": "#hair", "uv": [ 11.5, 2.0, 17.5, 10.5 ], "windMode": [-1,-1,-1,-1], "windData": [1,1,1,1], "enabled": false },
				"west": { "texture": "#hair", "uv": [ 12.0, 36.5, 17.5, 45.0 ], "windMode": [-1,-1,-1,-1], "windData": [1,1,1,1], "enabled": false },
				"up": { "texture": "#hair", "uv": [ 24.0, 0.0, 29.5, 6.0 ], "rotation": 90, "enabled": false },
				"down": { "texture": "#null", "uv": [ 6.0, 0.0, 12.0, 5.5 ], "enabled": false }
			},
			"children": [
				{
					"name": "Hair-Upper",
					"from": [ -0.3, 2.0, -0.3 ],
					"to": [ 6.2, 8.6, 5.7 ],
					"renderPass": 1,
					"autoUnwrap": false,
					"uv": [ 5.0, 16.0 ],
					"rotationOrigin": [ 2.9, 3.0, 2.7 ],
					"faces": {
						"north": { "texture": "#hair", "uv": [ 1.0, 12.0, 7.5, 18.5 ], "enabled": false },
						"east": { "texture": "#hair", "uv": [ 20.0, 11.0, 26.0, 17.5 ], "enabled": false },
						"south": { "texture": "#hair", "uv": [ 13.0, 11.5, 19.5, 18.0 ], "enabled": false },
						"west": { "texture": "#hair", "uv": [ 7.0, 11.0, 13.0, 17.5 ], "enabled": false },
						"up": { "texture": "#hair", "uv": [ 26.5, 11.0, 32.5, 17.5 ], "rotation": 90, "enabled": false },
						"down": { "texture": "#null", "uv": [ 6.5, 0.0, 13.0, 6.0 ], "enabled": false }
					}
				},
				{
					"name": "ponytailhigh",
					"from": [ 0.5, 7.0, 2.7 ],
					"to": [ 0.5, 7.0, 2.7 ],
					"uv": [ 0.0, 0.0 ],
					"rotationOrigin": [ 0.5, 7.0, 2.7 ],
					"faces": {
						"north": { "texture": "#null", "uv": [ 0.0, 0.5, 0.5, 1.0 ], "enabled": false },
						"east": { "texture": "#null", "uv": [ 0.5, 0.5, 1.0, 1.0 ], "enabled": false },
						"south": { "texture": "#null", "uv": [ 1.0, 0.5, 1.5, 1.0 ], "enabled": false },
						"west": { "texture": "#null", "uv": [ 1.5, 0.5, 2.0, 1.0 ], "enabled": false },
						"up": { "texture": "#null", "uv": [ 0.0, 0.0, 0.5, 0.5 ], "enabled": false },
						"down": { "texture": "#null", "uv": [ 0.5, 0.0, 1.0, 0.5 ], "enabled": false }
					},
					"children": [
						{
							"name": "Tie",
							"from": [ 3.4, 0.5, -0.9 ],
							"to": [ 5.4, 1.9, 1.1 ],
							"uv": [ 0.0, 0.0 ],
							"rotationOrigin": [ 4.4, 1.1, 0.1 ],
							"rotationZ": -22.5,
							"faces": {
								"north": { "texture": "#reedrope", "uv": [ 0.0, 2.0, 2.0, 3.0 ] },
								"east": { "texture": "#reedrope", "uv": [ 2.0, 2.0, 4.0, 3.0 ] },
								"south": { "texture": "#reedrope", "uv": [ 4.0, 2.0, 6.0, 3.0 ] },
								"west": { "texture": "#reedrope", "uv": [ 6.0, 2.0, 8.0, 3.0 ] },
								"up": { "texture": "#reedrope", "uv": [ 0.0, 0.0, 2.0, 2.0 ] },
								"down": { "texture": "#null", "uv": [ 2.0, 0.0, 4.0, 2.0 ], "enabled": false }
							},
							"children": [
								{
									"name": "topknot1",
									"from": [ 0.5, 1.0, 0.5 ],
									"to": [ 1.5, 4.0, 1.5 ],
									"renderPass": 1,
									"autoUnwrap": false,
									"uv": [ 28.0, 40.5 ],
									"rotationOrigin": [ 1.0, 1.0, 1.0 ],
									"rotationZ": -45.0,
									"faces": {
										"north": { "texture": "#hair", "uv": [ 28.5, 40.5, 29.5, 43.5 ], "rotation": 180 },
										"east": { "texture": "#hair", "uv": [ 29.0, 40.5, 30.0, 43.5 ], "rotation": 180 },
										"south": { "texture": "#hair", "uv": [ 30.0, 40.5, 31.0, 43.5 ], "rotation": 180 },
										"west": { "texture": "#hair", "uv": [ 31.0, 40.5, 32.0, 43.5 ], "rotation": 180 },
										"up": { "texture": "#null", "uv": [ 0.0, 0.0, 1.0, 1.0 ], "enabled": false },
										"down": { "texture": "#null", "uv": [ 1.0, 0.0, 2.0, 1.0 ], "enabled": false }
									}
								},
								{
									"name": "topknot2",
									"from": [ 0.6, 1.0, 0.3 ],
									"to": [ 1.6, 4.0, 1.3 ],
									"renderPass": 1,
									"autoUnwrap": false,
									"uv": [ 28.0, 40.5 ],
									"rotationOrigin": [ 1.1, 1.0, 0.8 ],
									"rotationX": -22.5,
									"rotationZ": -17.0,
									"faces": {
										"north": { "texture": "#hair", "uv": [ 28.0, 40.5, 29.0, 43.5 ], "rotation": 180 },
										"east": { "texture": "#hair", "uv": [ 29.0, 40.5, 30.0, 43.5 ], "rotation": 180 },
										"south": { "texture": "#hair", "uv": [ 30.0, 40.5, 31.0, 43.5 ], "rotation": 180 },
										"west": { "texture": "#hair", "uv": [ 31.0, 40.5, 32.0, 43.5 ], "rotation": 180 },
										"up": { "texture": "#null", "uv": [ 0.0, 0.0, 1.0, 1.0 ], "enabled": false },
										"down": { "texture": "#null", "uv": [ 1.0, 0.0, 2.0, 1.0 ], "enabled": false }
									}
								},
								{
									"name": "topknot3",
									"from": [ 0.7, 1.0, 0.7 ],
									"to": [ 1.7, 4.0, 1.7 ],
									"renderPass": 1,
									"autoUnwrap": false,
									"uv": [ 28.0, 40.5 ],
									"rotationOrigin": [ 1.2, 1.0, 1.2 ],
									"rotationX": 20.0,
									"rotationZ": -20.0,
									"faces": {
										"north": { "texture": "#hair", "uv": [ 28.5, 40.5, 29.5, 43.5 ], "rotation": 180 },
										"east": { "texture": "#hair", "uv": [ 29.0, 40.5, 30.0, 43.5 ], "rotation": 180 },
										"south": { "texture": "#hair", "uv": [ 30.0, 40.5, 31.0, 43.5 ], "rotation": 180 },
										"west": { "texture": "#hair", "uv": [ 31.0, 40.5, 32.0, 43.5 ], "rotation": 180 },
										"up": { "texture": "#null", "uv": [ 0.0, 0.0, 1.0, 1.0 ], "enabled": false },
										"down": { "texture": "#null", "uv": [ 1.0, 0.0, 2.0, 1.0 ], "enabled": false }
									}
								},
								{
									"name": "topknot4",
									"from": [ 0.1, 1.3, 0.9 ],
									"to": [ 1.1, 3.3, 1.9 ],
									"renderPass": 1,
									"autoUnwrap": false,
									"uv": [ 28.0, 40.5 ],
									"rotationOrigin": [ 0.6, 1.3, 1.4 ],
									"rotationX": 10.0,
									"rotationZ": 10.0,
									"faces": {
										"north": { "texture": "#hair", "uv": [ 28.5, 41.5, 29.5, 43.5 ], "rotation": 180 },
										"east": { "texture": "#hair", "uv": [ 29.0, 41.5, 30.0, 43.5 ], "rotation": 180, "windMode": [-1,-1,-1,-1], "windData": [1,1,1,1] },
										"south": { "texture": "#hair", "uv": [ 30.0, 41.5, 31.0, 43.5 ], "rotation": 180, "windMode": [-1,-1,-1,-1], "windData": [1,1,1,1] },
										"west": { "texture": "#hair", "uv": [ 31.0, 41.5, 32.0, 43.5 ], "rotation": 180, "windMode": [-1,-1,-1,-1], "windData": [1,1,1,1] },
										"up": { "texture": "#null", "uv": [ 0.0, 0.0, 1.0, 1.0 ], "enabled": false },
										"down": { "texture": "#null", "uv": [ 1.0, 0.0, 2.0, 1.0 ], "enabled": false }
									}
								},
								{
									"name": "topknot5",
									"from": [ 0.1, 1.3, 0.2 ],
									"to": [ 1.1, 3.3, 1.2 ],
									"renderPass": 1,
									"autoUnwrap": false,
									"uv": [ 28.0, 40.5 ],
									"rotationOrigin": [ 0.6, 1.3, 0.7 ],
									"rotationX": -22.5,
									"rotationZ": 5.0,
									"faces": {
										"north": { "texture": "#hair", "uv": [ 28.5, 41.5, 29.5, 43.5 ], "rotation": 180 },
										"east": { "texture": "#hair", "uv": [ 29.0, 41.5, 30.0, 43.5 ], "rotation": 180, "windMode": [-1,-1,-1,-1], "windData": [1,1,1,1] },
										"south": { "texture": "#hair", "uv": [ 30.0, 41.5, 31.0, 43.5 ], "rotation": 180, "windMode": [-1,-1,-1,-1], "windData": [1,1,1,1] },
										"west": { "texture": "#hair", "uv": [ 31.0, 41.5, 32.0, 43.5 ], "rotation": 180, "windMode": [-1,-1,-1,-1], "windData": [1,1,1,1] },
										"up": { "texture": "#null", "uv": [ 0.0, 0.0, 1.0, 1.0 ], "enabled": false },
										"down": { "texture": "#null", "uv": [ 1.0, 0.0, 2.0, 1.0 ], "enabled": false }
									}
								},
								{
									"name": "trizzle3",
									"from": [ 0.0, 1.5, 1.5 ],
									"to": [ 2.0, 4.5, 1.5 ],
									"renderPass": 1,
									"autoUnwrap": false,
									"uv": [ 2.0, 3.5 ],
									"rotationOrigin": [ 0.0, 1.5, 1.5 ],
									"rotationX": -22.5,
									"faces": {
										"north": { "texture": "#null", "uv": [ 0.0, 0.5, 2.0, 3.5 ], "enabled": false },
										"east": { "texture": "#null", "uv": [ 2.0, 0.5, 2.5, 3.5 ], "enabled": false },
										"south": { "texture": "#hair", "uv": [ 2.0, 3.0, 4.0, 6.0 ], "rotation": 180, "windMode": [-1,-1,-1,-1], "windData": [1,1,1,1] },
										"west": { "texture": "#null", "uv": [ 4.5, 0.5, 5.0, 3.5 ], "enabled": false },
										"up": { "texture": "#null", "uv": [ 0.0, 0.0, 2.0, 0.5 ], "enabled": false },
										"down": { "texture": "#null", "uv": [ 2.0, 0.0, 4.0, 0.5 ], "enabled": false }
									}
								},
								{
									"name": "trizzle4",
									"from": [ 0.0, 1.5, 0.5 ],
									"to": [ 2.0, 4.5, 0.5 ],
									"renderPass": 1,
									"autoUnwrap": false,
									"uv": [ 2.0, 3.5 ],
									"rotationOrigin": [ 0.0, 1.5, 0.5 ],
									"rotationX": 22.5,
									"faces": {
										"north": { "texture": "#null", "uv": [ 0.0, 0.5, 2.0, 3.5 ], "enabled": false },
										"east": { "texture": "#null", "uv": [ 2.0, 0.5, 2.5, 3.5 ], "enabled": false },
										"south": { "texture": "#hair", "uv": [ 0.0, 3.0, 2.0, 6.0 ], "rotation": 180, "windMode": [-1,-1,-1,-1], "windData": [1,1,1,1] },
										"west": { "texture": "#null", "uv": [ 4.5, 0.5, 5.0, 3.5 ], "enabled": false },
										"up": { "texture": "#null", "uv": [ 0.0, 0.0, 2.0, 0.5 ], "enabled": false },
										"down": { "texture": "#null", "uv": [ 2.0, 0.0, 4.0, 0.5 ], "enabled": false }
									}
								},
								{
									"name": "frizzle5",
									"from": [ 0.5, 1.5, 0.0 ],
									"to": [ 0.5, 4.5, 2.0 ],
									"renderPass": 1,
									"autoUnwrap": false,
									"uv": [ 1.0, 0.0 ],
									"rotationOrigin": [ 0.5, 1.5, 0.0 ],
									"rotationZ": -22.5,
									"faces": {
										"north": { "texture": "#null", "uv": [ 0.0, 2.0, 0.5, 5.0 ], "enabled": false },
										"east": { "texture": "#hair", "uv": [ 19.0, 3.0, 21.0, 6.0 ], "rotation": 180, "windMode": [-1,-1,-1,-1], "windData": [1,1,1,1] },
										"south": { "texture": "#null", "uv": [ 2.5, 2.0, 3.0, 5.0 ], "enabled": false },
										"west": { "texture": "#null", "uv": [ 3.0, 2.0, 5.0, 5.0 ], "enabled": false },
										"up": { "texture": "#null", "uv": [ 0.0, 0.0, 0.5, 2.0 ], "enabled": false },
										"down": { "texture": "#null", "uv": [ 0.5, 0.0, 1.0, 2.0 ], "enabled": false }
									}
								},
								{
									"name": "frizzle6",
									"from": [ 1.5, 1.5, 0.0 ],
									"to": [ 1.5, 4.5, 2.0 ],
									"renderPass": 1,
									"autoUnwrap": false,
									"uv": [ 1.0, 0.0 ],
									"rotationOrigin": [ 1.5, 1.5, 0.0 ],
									"rotationZ": 22.5,
									"faces": {
										"north": { "texture": "#null", "uv": [ 0.0, 2.0, 0.5, 5.0 ], "enabled": false },
										"east": { "texture": "#hair", "uv": [ 17.5, 3.0, 19.5, 6.0 ], "rotation": 180, "windMode": [-1,-1,-1,-1], "windData": [1,1,1,1] },
										"south": { "texture": "#null", "uv": [ 2.5, 2.0, 3.0, 5.0 ], "enabled": false },
										"west": { "texture": "#null", "uv": [ 3.0, 2.0, 5.0, 5.0 ], "enabled": false },
										"up": { "texture": "#null", "uv": [ 0.0, 0.0, 0.5, 2.0 ], "enabled": false },
										"down": { "texture": "#null", "uv": [ 0.5, 0.0, 1.0, 2.0 ], "enabled": false }
									}
								}
							]
						}
					]
				}
			]
		}
	]}