{
	"editor": {
		"backDropShape": "entity/humanoid/seraph-hairless",
		"allAngles": false,
		"entityTextureMode": true
	},
	"textureWidth": 48,
	"textureHeight": 48,
	"textureSizes": {
		"hair": [48,48]
	},
	"textures": {
		"hair": "entity/humanoid/seraphskinparts/hair/lightgray"
	},
	"elements": [
		{
			"name": "Hair-Base",
			"stepParentName": "Head",
			"from": [ -0.3, -3.2, -0.3 ],
			"to": [ 5.7, 5.3, 5.2 ],
			"renderPass": 1,
			"autoUnwrap": false,
			"uv": [ 0.0, 0.0 ],
			"rotationOrigin": [ 2.5, 3.0, 2.5 ],
			"faces": {
				"north": { "texture": "#hair", "uv": [ 7.0, 36.0, 13.0, 44.5 ], "windMode": [-1,-1,-1,-1], "windData": [1,1,1,1], "enabled": false },
				"east": { "texture": "#hair", "uv": [ 1.0, 37.0, 6.5, 45.5 ], "windMode": [-1,-1,-1,-1], "windData": [1,1,1,1], "enabled": false },
				"south": { "texture": "#hair", "uv": [ 16.5, 36.0, 22.5, 44.5 ], "windMode": [-1,-1,-1,-1], "windData": [1,1,1,1], "enabled": false },
				"west": { "texture": "#hair", "uv": [ 27.5, 21.0, 33.0, 29.5 ], "windMode": [-1,-1,-1,-1], "windData": [1,1,1,1], "enabled": false },
				"up": { "texture": "#hair", "uv": [ 24.0, 0.0, 29.5, 6.0 ], "rotation": 90, "enabled": false },
				"down": { "texture": "#null", "uv": [ 6.0, 0.0, 12.0, 5.5 ], "enabled": false }
			},
			"children": [
				{
					"name": "hair-uncovered",
					"from": [ 3.5, 6.0, 2.8 ],
					"to": [ 3.5, 6.0, 2.8 ],
					"uv": [ 0.0, 0.0 ],
					"rotationOrigin": [ 3.5, 6.0, 2.8 ],
					"faces": {
						"north": { "texture": "#null", "uv": [ 0.0, 0.5, 0.5, 1.0 ], "enabled": false },
						"east": { "texture": "#null", "uv": [ 0.5, 0.5, 1.0, 1.0 ], "enabled": false },
						"south": { "texture": "#null", "uv": [ 1.0, 0.5, 1.5, 1.0 ], "enabled": false },
						"west": { "texture": "#null", "uv": [ 1.5, 0.5, 2.0, 1.0 ], "enabled": false },
						"up": { "texture": "#null", "uv": [ 0.0, 0.0, 0.5, 0.5 ], "enabled": false },
						"down": { "texture": "#null", "uv": [ 0.5, 0.0, 1.0, 0.5 ], "enabled": false }
					},
					"children": [
						{
							"name": "Mane1",
							"from": [ -1.0, 0.5, -2.0 ],
							"to": [ 4.0, 2.5, 2.0 ],
							"renderPass": 1,
							"autoUnwrap": false,
							"uv": [ 22.0, 28.0 ],
							"rotationOrigin": [ -1.0, 2.5, 0.0 ],
							"rotationZ": 22.5,
							"faces": {
								"north": { "texture": "#hair", "uv": [ 34.5, 36.5, 36.5, 41.5 ], "rotation": 90 },
								"east": { "texture": "#null", "uv": [ 5.0, 4.0, 9.0, 6.0 ], "enabled": false },
								"south": { "texture": "#hair", "uv": [ 37.5, 36.5, 39.5, 41.5 ], "rotation": 270, "windMode": [-1,-1,-1,-1], "windData": [1,1,1,1] },
								"west": { "texture": "#hair", "uv": [ 24.5, 1.5, 28.5, 3.5 ], "windMode": [-1,-1,-1,-1], "windData": [1,1,1,1] },
								"up": { "texture": "#hair", "uv": [ 35.5, 36.0, 39.5, 41.0 ], "rotation": 270, "windMode": [-1,-1,-1,-1], "windData": [1,1,1,1] },
								"down": { "texture": "#hair", "uv": [ 34.5, 36.0, 38.5, 41.0 ], "rotation": 90, "windMode": [-1,-1,-1,-1], "windData": [1,1,1,1] }
							},
							"children": [
								{
									"name": "Mane2",
									"from": [ 1.0, -3.6, 0.5 ],
									"to": [ 4.0, 1.4, 3.5 ],
									"renderPass": 1,
									"autoUnwrap": false,
									"uv": [ 26.0, 29.0 ],
									"rotationOrigin": [ 2.5, 1.4, 2.0 ],
									"rotationZ": 22.5,
									"faces": {
										"north": { "texture": "#hair", "uv": [ 14.0, 1.0, 17.0, 6.0 ] },
										"east": { "texture": "#hair", "uv": [ 18.0, 1.0, 21.0, 6.0 ] },
										"south": { "texture": "#hair", "uv": [ 15.5, 1.0, 18.5, 6.0 ] },
										"west": { "texture": "#hair", "uv": [ 20.5, 1.0, 23.5, 6.0 ] },
										"up": { "texture": "#null", "uv": [ 0.0, 0.0, 3.0, 3.0 ], "enabled": false },
										"down": { "texture": "#null", "uv": [ 3.0, 0.0, 6.0, 3.0 ], "enabled": false }
									},
									"children": [
										{
											"name": "Mane4",
											"from": [ 0.5, -2.0, 0.5 ],
											"to": [ 2.5, 2.0, 2.5 ],
											"renderPass": 1,
											"uv": [ 14.0, 2.0 ],
											"rotationOrigin": [ 1.5, 2.0, 1.5 ],
											"rotationZ": -22.5,
											"faces": {
												"north": { "texture": "#hair", "uv": [ 14.0, 2.0, 16.0, 6.0 ] },
												"east": { "texture": "#hair", "uv": [ 16.0, 2.0, 18.0, 6.0 ] },
												"south": { "texture": "#hair", "uv": [ 18.0, 2.0, 20.0, 6.0 ] },
												"west": { "texture": "#hair", "uv": [ 20.0, 2.0, 22.0, 6.0 ] },
												"up": { "texture": "#null", "uv": [ 14.0, 2.0, 16.0, 4.0 ], "enabled": false },
												"down": { "texture": "#null", "uv": [ 16.0, 2.0, 18.0, 4.0 ], "enabled": false }
											}
										}
									]
								},
								{
									"name": "Mane3",
									"from": [ 3.0, 0.0, 1.0 ],
									"to": [ 7.0, 2.0, 3.0 ],
									"renderPass": 1,
									"autoUnwrap": false,
									"uv": [ 24.5, 33.0 ],
									"rotationOrigin": [ 3.0, 1.0, 2.0 ],
									"rotationZ": -22.5,
									"faces": {
										"north": { "texture": "#hair", "uv": [ 30.5, 39.5, 32.5, 43.5 ], "rotation": 90 },
										"east": { "texture": "#null", "uv": [ 4.0, 2.0, 6.0, 4.0 ], "enabled": false },
										"south": { "texture": "#hair", "uv": [ 30.0, 39.5, 32.0, 43.5 ], "rotation": 270 },
										"west": { "texture": "#null", "uv": [ 10.0, 2.0, 12.0, 4.0 ], "enabled": false },
										"up": { "texture": "#hair", "uv": [ 28.5, 39.5, 30.5, 43.5 ], "rotation": 270 },
										"down": { "texture": "#hair", "uv": [ 28.0, 39.5, 30.0, 43.5 ], "rotation": 90 }
									}
								}
							]
						},
						{
							"name": "Pomp",
							"from": [ -3.0, 1.3, -1.0 ],
							"to": [ 2.0, 2.3, 1.0 ],
							"renderPass": 1,
							"autoUnwrap": false,
							"uv": [ 26.0, 32.5 ],
							"rotationOrigin": [ -3.0, 2.3, 0.0 ],
							"rotationZ": 15.0,
							"faces": {
								"north": { "texture": "#hair", "uv": [ 26.0, 34.0, 27.0, 39.0 ], "rotation": 90 },
								"east": { "texture": "#null", "uv": [ 5.0, 2.0, 7.0, 3.0 ], "enabled": false },
								"south": { "texture": "#hair", "uv": [ 24.5, 33.5, 25.5, 38.5 ], "rotation": 90 },
								"west": { "texture": "#hair", "uv": [ 12.0, 2.0, 14.0, 3.0 ], "windMode": [-1,-1,-1,-1], "windData": [1,1,1,1] },
								"up": { "texture": "#hair", "uv": [ 23.0, 33.0, 25.0, 38.0 ], "rotation": 90 },
								"down": { "texture": "#null", "uv": [ 5.0, 0.0, 10.0, 2.0 ], "enabled": false }
							}
						},
						{
							"name": "Hair1",
							"from": [ -1.0, 2.4, -1.5 ],
							"to": [ -1.0, 5.4, 1.5 ],
							"renderPass": 1,
							"autoUnwrap": false,
							"uv": [ 21.0, 26.0 ],
							"rotationOrigin": [ -1.0, 2.4, 0.0 ],
							"rotationZ": -45.0,
							"faces": {
								"north": { "texture": "#null", "uv": [ 0.0, 3.0, 0.5, 6.0 ], "enabled": false },
								"east": { "texture": "#null", "uv": [ 0.5, 3.0, 3.5, 6.0 ], "enabled": false },
								"south": { "texture": "#null", "uv": [ 3.5, 3.0, 4.0, 6.0 ], "enabled": false },
								"west": { "texture": "#hair", "uv": [ 38.0, 19.5, 41.0, 22.5 ], "rotation": 180, "windMode": [-1,-1,-1,-1], "windData": [1,1,1,1] },
								"up": { "texture": "#null", "uv": [ 0.0, 0.0, 0.5, 3.0 ], "enabled": false },
								"down": { "texture": "#null", "uv": [ 0.5, 0.0, 1.0, 3.0 ], "enabled": false }
							}
						},
						{
							"name": "Hair2",
							"from": [ 2.0, -0.5, -1.0 ],
							"to": [ 5.0, 3.5, -1.0 ],
							"renderPass": 1,
							"autoUnwrap": false,
							"uv": [ 19.5, 24.0 ],
							"rotationOrigin": [ 2.0, 0.5, -1.0 ],
							"rotationY": 22.5,
							"faces": {
								"north": { "texture": "#hair", "uv": [ 20.0, 26.0, 24.0, 29.0 ], "rotation": 90 },
								"east": { "texture": "#null", "uv": [ 3.0, 0.5, 3.5, 4.5 ], "enabled": false },
								"south": { "texture": "#null", "uv": [ 3.5, 0.5, 6.5, 4.5 ], "enabled": false },
								"west": { "texture": "#null", "uv": [ 6.5, 0.5, 7.0, 4.5 ], "enabled": false },
								"up": { "texture": "#null", "uv": [ 0.0, 0.0, 3.0, 0.5 ], "enabled": false },
								"down": { "texture": "#null", "uv": [ 3.0, 0.0, 6.0, 0.5 ], "enabled": false }
							}
						},
						{
							"name": "Hair3",
							"from": [ -2.0, 2.2, -2.5 ],
							"to": [ 1.0, 2.2, 2.5 ],
							"renderPass": 1,
							"autoUnwrap": false,
							"uv": [ 21.0, 26.0 ],
							"rotationOrigin": [ -2.0, 2.2, 0.0 ],
							"rotationZ": 25.0,
							"faces": {
								"north": { "texture": "#null", "uv": [ 0.0, 5.0, 3.0, 5.5 ], "enabled": false },
								"east": { "texture": "#null", "uv": [ 3.0, 5.0, 8.0, 5.5 ], "enabled": false },
								"south": { "texture": "#null", "uv": [ 8.0, 5.0, 11.0, 5.5 ], "enabled": false },
								"west": { "texture": "#null", "uv": [ 11.0, 5.0, 16.0, 5.5 ], "enabled": false },
								"up": { "texture": "#hair", "uv": [ 17.5, 3.0, 22.5, 6.0 ], "rotation": 270, "windMode": [-1,-1,-1,-1], "windData": [1,1,1,1] },
								"down": { "texture": "#null", "uv": [ 3.0, 0.0, 6.0, 5.0 ], "enabled": false }
							}
						},
						{
							"name": "Hair4",
							"from": [ 2.0, -0.5, 1.0 ],
							"to": [ 5.0, 3.5, 1.0 ],
							"renderPass": 1,
							"autoUnwrap": false,
							"uv": [ 19.5, 24.0 ],
							"rotationOrigin": [ 2.0, 0.5, 1.0 ],
							"rotationY": -22.5,
							"faces": {
								"north": { "texture": "#null", "uv": [ 0.0, 0.5, 3.0, 4.5 ], "enabled": false },
								"east": { "texture": "#null", "uv": [ 3.0, 0.5, 3.5, 4.5 ], "enabled": false },
								"south": { "texture": "#hair", "uv": [ 21.5, 26.0, 25.5, 29.0 ], "rotation": 270, "windMode": [-1,-1,-1,-1], "windData": [1,1,1,1] },
								"west": { "texture": "#null", "uv": [ 6.5, 0.5, 7.0, 4.5 ], "enabled": false },
								"up": { "texture": "#null", "uv": [ 0.0, 0.0, 3.0, 0.5 ], "enabled": false },
								"down": { "texture": "#null", "uv": [ 3.0, 0.0, 6.0, 0.5 ], "enabled": false }
							}
						},
						{
							"name": "ponytail1",
							"from": [ 3.0, -6.0, -0.5 ],
							"to": [ 4.0, 0.0, 0.5 ],
							"renderPass": 1,
							"autoUnwrap": false,
							"uv": [ 24.5, 35.5 ],
							"rotationOrigin": [ 3.5, 0.0, 0.0 ],
							"rotationZ": 10.0,
							"faces": {
								"north": { "texture": "#hair", "uv": [ 24.5, 35.5, 25.5, 41.5 ] },
								"east": { "texture": "#hair", "uv": [ 25.5, 35.5, 26.5, 41.5 ] },
								"south": { "texture": "#hair", "uv": [ 26.5, 35.5, 27.5, 41.5 ] },
								"west": { "texture": "#hair", "uv": [ 26.0, 35.5, 27.0, 41.5 ] },
								"up": { "texture": "#null", "uv": [ 0.0, 0.0, 1.0, 1.0 ], "enabled": false },
								"down": { "texture": "#null", "uv": [ 1.0, 0.0, 2.0, 1.0 ], "enabled": false }
							}
						}
					]
				}
			]
		}
	]}