[
  {
    "op": "addmerge",
    "path": "/server/behaviors/10/aitasks/0/entityCodes/-",
    "value": "bovinae-*",
    "file": "game:entities/animal/mammal/wolf-adult.json",
    "side": "Server"
  },
  {
    "op": "addmerge",
    "path": "/server/behaviors/10/aitasks/2/entityCodes/-",
    "value": "bovinae-*",
    "file": "game:entities/animal/mammal/wolf-adult.json",
    "side": "Server"
  },
  {
    "op": "addmerge",
    "path": "/server/behaviors/10/aitasks/5/entityCodes/-",
    "value": "bovinae-*",
    "file": "game:entities/animal/mammal/wolf-adult.json",
    "side": "Server"
  }
]