{
	"editor": {
		"collapsedPaths": "",
		"allAngles": false,
		"entityTextureMode": false
	},
	"textureWidth": 16,
	"textureHeight": 16,
	"textureSizes": {
	},
	"textures": {
	},
	"elements": [
		{
			"name": "base",
			"from": [ 16.0, 0.0, 0.0 ],
			"to": [ 16.0, 0.0, 0.0 ],
			"rotationOrigin": [ 16.0, 0.0, 0.0 ],
			"rotationZ": 90.0,
			"faces": {
				"north": { "texture": "#null", "uv": [ 0.0, 0.0, 0.5, 0.5 ], "enabled": false },
				"east": { "texture": "#null", "uv": [ 0.0, 0.0, 0.5, 0.5 ], "enabled": false },
				"south": { "texture": "#null", "uv": [ 0.0, 0.0, 0.5, 0.5 ], "enabled": false },
				"west": { "texture": "#null", "uv": [ 0.0, 0.0, 0.5, 0.5 ], "enabled": false },
				"up": { "texture": "#null", "uv": [ 0.0, 0.0, 0.5, 0.5 ], "enabled": false },
				"down": { "texture": "#null", "uv": [ 0.0, 0.0, 0.5, 0.5 ], "enabled": false }
			},
			"children": [
				{
					"name": "blades",
					"from": [ -6.0, 0.0, 0.0 ],
					"to": [ -6.0, 0.0, 0.0 ],
					"rotationOrigin": [ 0.0, 8.0, 8.0 ],
					"rotationX": 90.0,
					"faces": {
						"north": { "texture": "#cloth", "uv": [ 0.0, 0.0, 0.5, 0.5 ], "enabled": false },
						"east": { "texture": "#cloth", "uv": [ 0.0, 0.0, 0.5, 0.5 ], "enabled": false },
						"south": { "texture": "#cloth", "uv": [ 0.0, 0.0, 0.5, 0.5 ], "enabled": false },
						"west": { "texture": "#cloth", "uv": [ 0.0, 0.0, 0.5, 0.5 ], "enabled": false },
						"up": { "texture": "#cloth", "uv": [ 0.0, 0.0, 0.5, 0.5 ], "enabled": false },
						"down": { "texture": "#cloth", "uv": [ 0.0, 0.0, 0.5, 0.5 ], "enabled": false }
					},
					"children": [
						{
							"name": "Cube2",
							"from": [ 14.0, -11.0, 7.0 ],
							"to": [ 16.0, 5.0, 9.0 ],
							"rotationOrigin": [ 14.0, -11.0, 7.0 ],
							"faces": {
								"north": { "texture": "#wood", "uv": [ 0.0, 0.0, 2.0, 16.0 ] },
								"east": { "texture": "#wood", "uv": [ 0.0, 0.0, 2.0, 16.0 ] },
								"south": { "texture": "#wood", "uv": [ 0.0, 0.0, 2.0, 16.0 ] },
								"west": { "texture": "#wood", "uv": [ 0.0, 0.0, 2.0, 16.0 ] },
								"up": { "texture": "#wood", "uv": [ 0.0, 0.0, 2.0, 2.0 ] },
								"down": { "texture": "#wood", "uv": [ 0.0, 0.0, 2.0, 2.0 ] }
							}
						},
						{
							"name": "Cube3",
							"from": [ 14.0, 11.0, 7.0 ],
							"to": [ 16.0, 27.0, 9.0 ],
							"rotationOrigin": [ 14.0, 11.0, 7.0 ],
							"faces": {
								"north": { "texture": "#wood", "uv": [ 0.0, 0.0, 2.0, 16.0 ] },
								"east": { "texture": "#wood", "uv": [ 0.0, 0.0, 2.0, 16.0 ] },
								"south": { "texture": "#wood", "uv": [ 0.0, 0.0, 2.0, 16.0 ] },
								"west": { "texture": "#wood", "uv": [ 0.0, 0.0, 2.0, 16.0 ] },
								"up": { "texture": "#wood", "uv": [ 0.0, 0.0, 2.0, 2.0 ] },
								"down": { "texture": "#wood", "uv": [ 0.0, 0.0, 2.0, 2.0 ] }
							}
						}
					]
				},
				{
					"name": "axles",
					"from": [ 0.0, 0.0, 0.0 ],
					"to": [ 0.0, 0.0, 0.0 ],
					"faces": {
						"north": { "texture": "#cloth", "uv": [ 0.0, 0.0, 0.5, 0.5 ], "enabled": false },
						"east": { "texture": "#cloth", "uv": [ 0.0, 0.0, 0.5, 0.5 ], "enabled": false },
						"south": { "texture": "#cloth", "uv": [ 0.0, 0.0, 0.5, 0.5 ], "enabled": false },
						"west": { "texture": "#cloth", "uv": [ 0.0, 0.0, 0.5, 0.5 ], "enabled": false },
						"up": { "texture": "#cloth", "uv": [ 0.0, 0.0, 0.5, 0.5 ], "enabled": false },
						"down": { "texture": "#cloth", "uv": [ 0.0, 0.0, 0.5, 0.5 ], "enabled": false }
					},
					"children": [
						{
							"name": "axle_1",
							"from": [ 0.0, 0.0, 0.0 ],
							"to": [ 0.0, 0.0, 0.0 ],
							"faces": {
								"north": { "texture": "#cloth", "uv": [ 0.0, 0.0, 0.5, 0.5 ], "enabled": false },
								"east": { "texture": "#cloth", "uv": [ 0.0, 0.0, 0.5, 0.5 ], "enabled": false },
								"south": { "texture": "#cloth", "uv": [ 0.0, 0.0, 0.5, 0.5 ], "enabled": false },
								"west": { "texture": "#cloth", "uv": [ 0.0, 0.0, 0.5, 0.5 ], "enabled": false },
								"up": { "texture": "#cloth", "uv": [ 0.0, 0.0, 0.5, 0.5 ], "enabled": false },
								"down": { "texture": "#cloth", "uv": [ 0.0, 0.0, 0.5, 0.5 ], "enabled": false }
							},
							"children": [
								{
									"name": "hori",
									"from": [ 0.01, 6.5, 5.01 ],
									"to": [ 12.0, 9.5, 6.51 ],
									"faces": {
										"north": { "texture": "#wood", "uv": [ 2.5, 4.0, 14.5, 7.0 ], "autoUv": false },
										"east": { "texture": "#wood", "uv": [ 8.0, 10.5, 9.5, 13.5 ] },
										"south": { "texture": "#null", "uv": [ 0.0, 0.0, 11.5, 3.0 ], "enabled": false },
										"west": { "texture": "#wood", "uv": [ 9.5, 4.0, 11.0, 7.0 ] },
										"up": { "texture": "#wood", "uv": [ 2.0, 0.0, 14.0, 1.5 ], "autoUv": false },
										"down": { "texture": "#wood", "uv": [ 2.5, 1.5, 14.5, 3.0 ], "autoUv": false }
									}
								},
								{
									"name": "verti",
									"from": [ 0.0, 5.0, 6.5 ],
									"to": [ 12.01, 11.0, 9.5 ],
									"faces": {
										"north": { "texture": "#wood", "uv": [ 2.0, 2.0, 14.0, 8.0 ] },
										"east": { "texture": "#wood", "uv": [ 2.0, 3.0, 5.0, 9.0 ] },
										"south": { "texture": "#wood", "uv": [ 0.0, 2.5, 12.0, 8.5 ] },
										"west": { "texture": "#wood", "uv": [ 7.5, 3.5, 10.5, 9.5 ] },
										"up": { "texture": "#wood", "uv": [ 2.0, 6.0, 14.0, 9.0 ] },
										"down": { "texture": "#wood", "uv": [ 1.5, 6.0, 13.5, 9.0 ] }
									}
								},
								{
									"name": "hori-r",
									"from": [ 0.01, 6.5, 9.49 ],
									"to": [ 12.0, 9.5, 10.99 ],
									"rotationOrigin": [ 0.0, 0.0, 5.0 ],
									"faces": {
										"north": { "texture": "#null", "uv": [ 0.0, 0.0, 11.5, 3.0 ], "enabled": false },
										"east": { "texture": "#wood", "uv": [ 4.5, 4.0, 6.0, 7.0 ] },
										"south": { "texture": "#wood", "uv": [ 2.0, 6.5, 14.0, 9.5 ], "autoUv": false },
										"west": { "texture": "#wood", "uv": [ 13.5, 3.5, 15.0, 6.5 ] },
										"up": { "texture": "#wood", "uv": [ 1.5, 8.0, 13.5, 9.5 ], "autoUv": false },
										"down": { "texture": "#wood", "uv": [ 0.0, 7.0, 12.0, 8.5 ], "autoUv": false }
									}
								},
								{
									"name": "reinforce1",
									"from": [ 4.0, 4.5, 6.0 ],
									"to": [ 11.01, 11.5, 10.0 ],
									"rotationOrigin": [ 4.0, -0.5, -0.5 ],
									"faces": {
										"north": { "texture": "#iron", "uv": [ 9.0, 1.5, 16.0, 8.5 ] },
										"east": { "texture": "#iron", "uv": [ 1.5, 2.5, 5.5, 9.5 ] },
										"south": { "texture": "#iron", "uv": [ 11.0, 2.5, 18.0, 9.5 ] },
										"west": { "texture": "#iron", "uv": [ 0.5, 3.5, 4.5, 10.5 ] },
										"up": { "texture": "#iron", "uv": [ 0.5, 8.0, 7.5, 12.0 ] },
										"down": { "texture": "#iron", "uv": [ 4.5, 10.5, 11.5, 14.5 ] }
									}
								},
								{
									"name": "reinforce2",
									"from": [ 4.01, 6.0, 9.98 ],
									"to": [ 11.0, 10.0, 11.48 ],
									"rotationOrigin": [ 4.0, -0.5, 5.5 ],
									"faces": {
										"north": { "texture": "#null", "uv": [ 0.0, 0.0, 6.5, 4.0 ], "enabled": false },
										"east": { "texture": "#iron", "uv": [ 8.5, 5.5, 10.0, 9.5 ] },
										"south": { "texture": "#iron", "uv": [ 3.5, 4.5, 6.5, 7.5 ], "autoUv": false },
										"west": { "texture": "#iron", "uv": [ 10.5, 6.5, 12.0, 10.5 ] },
										"up": { "texture": "#iron", "uv": [ 1.5, 2.5, 4.5, 4.0 ], "autoUv": false },
										"down": { "texture": "#iron", "uv": [ 0.5, 4.0, 3.5, 5.5 ], "autoUv": false }
									}
								},
								{
									"name": "reinforce3",
									"from": [ 4.01, 6.0, 4.5 ],
									"to": [ 11.0, 10.0, 6.0 ],
									"rotationOrigin": [ 4.0, -0.5, 0.0 ],
									"faces": {
										"north": { "texture": "#iron", "uv": [ 3.0, 6.0, 6.0, 9.0 ], "autoUv": false },
										"east": { "texture": "#iron", "uv": [ 8.5, 9.0, 10.0, 13.0 ] },
										"south": { "texture": "#null", "uv": [ 0.0, 0.0, 6.5, 4.0 ], "enabled": false },
										"west": { "texture": "#iron", "uv": [ 9.0, 1.5, 10.5, 5.5 ] },
										"up": { "texture": "#iron", "uv": [ 1.5, 7.0, 5.0, 8.5 ], "autoUv": false },
										"down": { "texture": "#iron", "uv": [ 3.0, 10.5, 7.0, 12.0 ], "autoUv": false }
									}
								}
							]
						}
					]
				}
			]
		}
	]}