[
	{
		"ingredientPattern": "PS",
		"ingredients": {
			"P": { "type": "block", "code": "game:stonepath-*" },
			"S": { "type": "item", "code": "game:shovel-*", "isTool": true }
		},
		"width": 2,
		"height": 1,
		"output": { "type": "block", "code": "game:stonepathslab-free", "quantity": 2 }
	},
    {
        "ingredientPattern": "QQ",
        "ingredients": {
            "Q": { "type": "block", "code": "stonepathquarter-*" }
        },
        "width": 2,
        "height": 1,
        "output": { "type": "block", "code": "game:stonepathslab-free", "quantity": 1 }
    },
	{
		"ingredientPattern": "_S,P_",
		"ingredients": {
			"P": { 
				"type": "block", "code": "game:stonepathstairs-*",
				"returnedStack": { "type": "block", "code": "stonepathquarter-up-north-free" } 
		 	},
			"S": { "type": "item", "code": "game:shovel-*", "isTool": true }
		},
		"width": 2,
		"height": 2,
		"output": { "type": "block", "code": "game:stonepathslab-free", "quantity": 1 }
	}
]