{
	"editor": {
		"collapsedPaths": "Root/Stone3,Root/Stone2,Root/Stone1",
		"allAngles": false,
		"entityTextureMode": false
	},
	"textureWidth": 16,
	"textureHeight": 16,
	"textureSizes": {
	},
	"textures": {
		"reedrope": "game:block/cloth/reedrope",
		"ropedcloth": "game:block/cloth/ropedcloth",
		"material": "game:block/stone/rock/granite1"
	},
	"elements": [
		{
			"name": "Stone1",
			"from": [ -0.3, 0.0, 2.7 ],
			"to": [ 2.7, 1.3, 4.9 ],
			"rotationOrigin": [ 2.2, 0.0, 4.7 ],
			"rotationY": -112.5,
			"faces": {
				"north": { "texture": "#material", "uv": [ 0.0, 8.0, 3.0, 9.0 ] },
				"east": { "texture": "#material", "uv": [ 10.0, 13.0, 12.0, 14.0 ] },
				"south": { "texture": "#material", "uv": [ 2.0, 10.0, 5.0, 11.0 ] },
				"west": { "texture": "#material", "uv": [ 7.0, 5.0, 9.0, 6.0 ] },
				"up": { "texture": "#material", "uv": [ 5.0, 7.0, 8.0, 9.0 ] },
				"down": { "texture": "#material", "uv": [ 7.0, 2.0, 10.0, 4.0 ] }
			},
			"children": [
				{
					"name": "Stone1Rope",
					"from": [ 1.1, -0.3, -0.1 ],
					"to": [ 1.8, 1.4, 2.4 ],
					"rotationOrigin": [ 1.1, -0.3, -0.1 ],
					"faces": {
						"north": { "texture": "#reedrope", "uv": [ 0.0, 0.0, 0.5, 1.5 ] },
						"east": { "texture": "#reedrope", "uv": [ 0.0, 0.0, 2.5, 1.5 ] },
						"south": { "texture": "#reedrope", "uv": [ 0.0, 0.0, 0.5, 1.5 ] },
						"west": { "texture": "#reedrope", "uv": [ 0.0, 0.0, 2.5, 1.5 ] },
						"up": { "texture": "#reedrope", "uv": [ 0.0, 0.0, 0.5, 2.5 ] },
						"down": { "texture": "#reedrope", "uv": [ 0.0, 0.0, 0.5, 2.5 ] }
					}
				}
			]
		},
		{
			"name": "Stone2",
			"from": [ -1.9, 1.3, 4.6 ],
			"to": [ 1.1, 2.6, 6.8 ],
			"rotationOrigin": [ 0.6, 1.3, 6.6 ],
			"rotationY": -112.5,
			"faces": {
				"north": { "texture": "#material", "uv": [ 0.0, 8.0, 3.0, 9.0 ] },
				"east": { "texture": "#material", "uv": [ 10.0, 13.0, 12.0, 14.0 ] },
				"south": { "texture": "#material", "uv": [ 2.0, 10.0, 5.0, 11.0 ] },
				"west": { "texture": "#material", "uv": [ 7.0, 5.0, 9.0, 6.0 ] },
				"up": { "texture": "#material", "uv": [ 5.0, 7.0, 8.0, 9.0 ] },
				"down": { "texture": "#material", "uv": [ 7.0, 2.0, 10.0, 4.0 ] }
			},
			"children": [
				{
					"name": "Stone2Rope",
					"from": [ 1.1, -0.3, -0.1 ],
					"to": [ 1.8, 1.4, 2.4 ],
					"rotationOrigin": [ 1.1, -0.3, -0.1 ],
					"rotationX": 0.0,
					"rotationY": 0.0,
					"rotationZ": 0.0,
					"faces": {
						"north": { "texture": "#reedrope", "uv": [ 0.0, 0.0, 0.5, 1.5 ] },
						"east": { "texture": "#reedrope", "uv": [ 0.0, 0.0, 2.5, 1.5 ] },
						"south": { "texture": "#reedrope", "uv": [ 0.0, 0.0, 0.5, 1.5 ] },
						"west": { "texture": "#reedrope", "uv": [ 0.0, 0.0, 2.5, 1.5 ] },
						"up": { "texture": "#reedrope", "uv": [ 0.0, 0.0, 0.5, 2.5 ] },
						"down": { "texture": "#reedrope", "uv": [ 0.0, 0.0, 0.5, 2.5 ] }
					}
				}
			]
		},
		{
			"name": "Stone3",
			"from": [ 0.0, 0.0, 5.4 ],
			"to": [ 3.0, 1.3, 7.6 ],
			"rotationOrigin": [ 2.5, 0.0, 7.4 ],
			"rotationY": 90.0,
			"faces": {
				"north": { "texture": "#material", "uv": [ 0.0, 8.0, 3.0, 9.0 ] },
				"east": { "texture": "#material", "uv": [ 10.0, 13.0, 12.0, 14.0 ] },
				"south": { "texture": "#material", "uv": [ 2.0, 10.0, 5.0, 11.0 ] },
				"west": { "texture": "#material", "uv": [ 7.0, 5.0, 9.0, 6.0 ] },
				"up": { "texture": "#material", "uv": [ 5.0, 7.0, 8.0, 9.0 ] },
				"down": { "texture": "#material", "uv": [ 7.0, 2.0, 10.0, 4.0 ] }
			},
			"children": [
				{
					"name": "Stone3Rope",
					"from": [ 1.9, -0.3, 2.3 ],
					"to": [ 2.6, 1.4, 4.8 ],
					"rotationOrigin": [ 1.9, -0.3, 2.3 ],
					"rotationX": -180.0,
					"rotationZ": 180.0,
					"faces": {
						"north": { "texture": "#reedrope", "uv": [ 0.0, 0.0, 0.5, 1.5 ] },
						"east": { "texture": "#reedrope", "uv": [ 0.0, 0.0, 2.5, 1.5 ] },
						"south": { "texture": "#reedrope", "uv": [ 0.0, 0.0, 0.5, 1.5 ] },
						"west": { "texture": "#reedrope", "uv": [ 0.0, 0.0, 2.5, 1.5 ] },
						"up": { "texture": "#reedrope", "uv": [ 0.0, 0.0, 0.5, 2.5 ] },
						"down": { "texture": "#reedrope", "uv": [ 0.0, 0.0, 0.5, 2.5 ] }
					}
				}
			]
		},
		{
			"name": "RopeMain1",
			"from": [ 4.6, 0.2, 4.4 ],
			"to": [ 10.6, 0.8, 5.0 ],
			"rotationOrigin": [ 4.6, 0.2, 4.4 ],
			"faces": {
				"north": { "texture": "#reedrope", "uv": [ 0.0, 0.0, 6.0, 0.5 ] },
				"east": { "texture": "#reedrope", "uv": [ 0.0, 0.0, 1.0, 1.0 ], "autoUv": false },
				"south": { "texture": "#reedrope", "uv": [ 0.0, 0.0, 6.0, 0.5 ] },
				"west": { "texture": "#reedrope", "uv": [ 0.0, 0.0, 0.5, 0.5 ] },
				"up": { "texture": "#reedrope", "uv": [ 0.0, 0.0, 6.0, 0.5 ] },
				"down": { "texture": "#reedrope", "uv": [ 0.0, 0.0, 6.0, 0.5 ] }
			}
		},
		{
			"name": "RopeMain2",
			"from": [ 2.7, 1.5, 6.6 ],
			"to": [ 6.7, 2.1, 7.2 ],
			"rotationOrigin": [ 2.7, 1.5, 6.6 ],
			"rotationX": -67.5,
			"rotationY": 22.5,
			"faces": {
				"north": { "texture": "#reedrope", "uv": [ 0.0, 0.0, 4.0, 0.5 ] },
				"east": { "texture": "#reedrope", "uv": [ 0.0, 0.0, 1.0, 1.0 ], "autoUv": false },
				"south": { "texture": "#reedrope", "uv": [ 0.0, 0.0, 4.0, 0.5 ] },
				"west": { "texture": "#reedrope", "uv": [ 0.0, 0.0, 0.5, 0.5 ] },
				"up": { "texture": "#reedrope", "uv": [ 0.0, 0.0, 4.0, 0.5 ] },
				"down": { "texture": "#reedrope", "uv": [ 0.0, 0.0, 4.0, 0.5 ] }
			}
		},
		{
			"name": "RopeMain3",
			"from": [ 2.8, 0.2, 8.1 ],
			"to": [ 10.1, 0.81, 8.7 ],
			"rotationOrigin": [ 2.8, 0.2, 8.1 ],
			"faces": {
				"north": { "texture": "#reedrope", "uv": [ 0.0, 0.0, 7.0, 0.5 ] },
				"east": { "texture": "#reedrope", "uv": [ 0.0, 0.0, 1.0, 1.0 ], "autoUv": false },
				"south": { "texture": "#reedrope", "uv": [ 0.0, 0.0, 7.0, 0.5 ] },
				"west": { "texture": "#reedrope", "uv": [ 0.0, 0.0, 0.5, 0.5 ] },
				"up": { "texture": "#reedrope", "uv": [ 0.0, 0.0, 7.0, 0.5 ] },
				"down": { "texture": "#reedrope", "uv": [ 0.0, 0.0, 7.0, 0.5 ] }
			}
		},
		{
			"name": "Handle",
			"from": [ 14.0, 0.0, 9.3 ],
			"to": [ 19.0, 1.0, 10.3 ],
			"rotationOrigin": [ 14.0, 0.0, 9.3 ],
			"rotationY": -45.0,
			"faces": {
				"north": { "texture": "#reedrope", "uv": [ 0.0, 0.0, 5.0, 1.0 ] },
				"east": { "texture": "#reedrope", "uv": [ 0.0, 0.0, 1.0, 1.0 ], "autoUv": false },
				"south": { "texture": "#reedrope", "uv": [ 0.0, 0.0, 5.0, 1.0 ] },
				"west": { "texture": "#reedrope", "uv": [ 0.0, 0.0, 1.0, 1.0 ] },
				"up": { "texture": "#reedrope", "uv": [ 0.0, 0.0, 5.0, 1.0 ] },
				"down": { "texture": "#reedrope", "uv": [ 0.0, 0.0, 5.0, 1.0 ] }
			},
			"children": [
				{
					"name": "Connector",
					"from": [ -0.1, -0.1, -0.2 ],
					"to": [ 0.7, 1.1, 1.2 ],
					"rotationOrigin": [ -0.1, -0.1, -0.2 ],
					"faces": {
						"north": { "texture": "#ropedcloth", "uv": [ 0.0, 0.0, 0.5, 1.0 ] },
						"east": { "texture": "#ropedcloth", "uv": [ 0.0, 0.0, 1.0, 1.0 ] },
						"south": { "texture": "#ropedcloth", "uv": [ 0.0, 0.0, 0.5, 1.0 ] },
						"west": { "texture": "#ropedcloth", "uv": [ 0.0, 0.0, 1.0, 1.0 ] },
						"up": { "texture": "#ropedcloth", "uv": [ 0.0, 0.0, 0.5, 1.0 ] },
						"down": { "texture": "#ropedcloth", "uv": [ 0.0, 0.0, 0.5, 1.0 ] }
					}
				}
			]
		},
		{
			"name": "RopeMain4",
			"from": [ 10.0, 0.2, 8.1 ],
			"to": [ 14.0, 0.8, 8.7 ],
			"rotationOrigin": [ 10.0, 0.2, 8.1 ],
			"rotationY": -22.5,
			"faces": {
				"north": { "texture": "#reedrope", "uv": [ 0.0, 0.0, 4.0, 0.5 ] },
				"east": { "texture": "#reedrope", "uv": [ 0.0, 0.0, 1.0, 1.0 ], "autoUv": false },
				"south": { "texture": "#reedrope", "uv": [ 0.0, 0.0, 4.0, 0.5 ] },
				"west": { "texture": "#reedrope", "uv": [ 0.0, 0.0, 0.5, 0.5 ] },
				"up": { "texture": "#reedrope", "uv": [ 0.0, 0.0, 4.0, 0.5 ] },
				"down": { "texture": "#reedrope", "uv": [ 0.0, 0.0, 4.0, 0.5 ] }
			}
		},
		{
			"name": "RopeMain5",
			"from": [ 6.6, 0.2, 5.5 ],
			"to": [ 12.6, 0.81, 6.1 ],
			"rotationOrigin": [ 6.6, 0.2, 5.5 ],
			"rotationY": -22.5,
			"faces": {
				"north": { "texture": "#reedrope", "uv": [ 0.0, 0.0, 6.0, 0.5 ] },
				"east": { "texture": "#reedrope", "uv": [ 0.0, 0.0, 1.0, 1.0 ], "autoUv": false },
				"south": { "texture": "#reedrope", "uv": [ 0.0, 0.0, 6.0, 0.5 ] },
				"west": { "texture": "#reedrope", "uv": [ 0.0, 0.0, 0.5, 0.5 ] },
				"up": { "texture": "#reedrope", "uv": [ 0.0, 0.0, 6.0, 0.5 ] },
				"down": { "texture": "#reedrope", "uv": [ 0.0, 0.0, 6.0, 0.5 ] }
			}
		},
		{
			"name": "RopeMain6",
			"from": [ 12.1, 0.2, 7.9 ],
			"to": [ 14.1, 0.79, 8.5 ],
			"rotationOrigin": [ 12.1, 0.2, 7.9 ],
			"rotationY": -45.0,
			"faces": {
				"north": { "texture": "#reedrope", "uv": [ 0.0, 0.0, 2.0, 0.5 ] },
				"east": { "texture": "#reedrope", "uv": [ 0.0, 0.0, 1.0, 1.0 ], "autoUv": false },
				"south": { "texture": "#reedrope", "uv": [ 0.0, 0.0, 2.0, 0.5 ] },
				"west": { "texture": "#reedrope", "uv": [ 0.0, 0.0, 0.5, 0.5 ] },
				"up": { "texture": "#reedrope", "uv": [ 0.0, 0.0, 2.0, 0.5 ] },
				"down": { "texture": "#reedrope", "uv": [ 0.0, 0.0, 2.0, 0.5 ] }
			}
		},
		{
			"name": "RopeMain7",
			"from": [ 10.7, 0.2, 4.6 ],
			"to": [ 15.2, 0.81, 5.2 ],
			"rotationOrigin": [ 10.7, 0.2, 4.6 ],
			"rotationY": -45.0,
			"faces": {
				"north": { "texture": "#reedrope", "uv": [ 0.0, 0.0, 4.5, 0.5 ] },
				"east": { "texture": "#reedrope", "uv": [ 0.0, 0.0, 1.0, 1.0 ], "autoUv": false },
				"south": { "texture": "#reedrope", "uv": [ 0.0, 0.0, 4.5, 0.5 ] },
				"west": { "texture": "#reedrope", "uv": [ 0.0, 0.0, 0.5, 0.5 ] },
				"up": { "texture": "#reedrope", "uv": [ 0.0, 0.0, 4.5, 0.5 ] },
				"down": { "texture": "#reedrope", "uv": [ 0.0, 0.0, 4.5, 0.5 ] }
			}
		},
		{
			"name": "RopeMain8",
			"from": [ 13.9, 0.19, 8.0 ],
			"to": [ 16.1, 0.78, 8.6 ],
			"rotationOrigin": [ 13.9, 0.2, 8.0 ],
			"rotationY": -90.0,
			"faces": {
				"north": { "texture": "#reedrope", "uv": [ 0.0, 0.0, 2.0, 0.5 ] },
				"east": { "texture": "#reedrope", "uv": [ 0.0, 0.0, 1.0, 1.0 ], "autoUv": false },
				"south": { "texture": "#reedrope", "uv": [ 0.0, 0.0, 2.0, 0.5 ] },
				"west": { "texture": "#reedrope", "uv": [ 0.0, 0.0, 0.5, 0.5 ] },
				"up": { "texture": "#reedrope", "uv": [ 0.0, 0.0, 2.0, 0.5 ] },
				"down": { "texture": "#reedrope", "uv": [ 0.0, 0.0, 2.0, 0.5 ] }
			}
		}
	]}