{
	"editor": {
		"collapsedPaths": "Root/Stone3,Root/Stone2,Root/Stone1",
		"allAngles": false,
		"entityTextureMode": false
	},
	"textureWidth": 16,
	"textureHeight": 16,
	"textureSizes": {
	},
	"textures": {
		"reedrope": "game:block/cloth/reedrope",
		"ropedcloth": "game:block/cloth/ropedcloth",
		"material": "game:block/stone/rock/granite1"
	},
	"elements": [
		{
			"name": "Stone1",
			"from": [ 0.5, 6.0, -3.1 ],
			"to": [ 3.5, 7.3, -0.9 ],
			"rotationOrigin": [ 3.0, 6.0, -1.1 ],
			"rotationY": 45.0,
			"faces": {
				"north": { "texture": "#material", "uv": [ 0.0, 8.0, 3.0, 9.0 ] },
				"east": { "texture": "#material", "uv": [ 10.0, 13.0, 12.0, 14.0 ] },
				"south": { "texture": "#material", "uv": [ 2.0, 10.0, 5.0, 11.0 ] },
				"west": { "texture": "#material", "uv": [ 7.0, 5.0, 9.0, 6.0 ] },
				"up": { "texture": "#material", "uv": [ 5.0, 7.0, 8.0, 9.0 ] },
				"down": { "texture": "#material", "uv": [ 7.0, 2.0, 10.0, 4.0 ] }
			},
			"children": [
				{
					"name": "Stone1Rope",
					"from": [ 1.1, -0.3, -0.1 ],
					"to": [ 1.8, 1.4, 2.4 ],
					"rotationOrigin": [ 1.1, -0.3, -0.1 ],
					"faces": {
						"north": { "texture": "#reedrope", "uv": [ 0.0, 0.0, 0.5, 1.5 ] },
						"east": { "texture": "#reedrope", "uv": [ 0.0, 0.0, 2.5, 1.5 ] },
						"south": { "texture": "#reedrope", "uv": [ 0.0, 0.0, 0.5, 1.5 ] },
						"west": { "texture": "#reedrope", "uv": [ 0.0, 0.0, 2.5, 1.5 ] },
						"up": { "texture": "#reedrope", "uv": [ 0.0, 0.0, 0.5, 2.5 ] },
						"down": { "texture": "#reedrope", "uv": [ 0.0, 0.0, 0.5, 2.5 ] }
					}
				}
			]
		},
		{
			"name": "Stone2",
			"from": [ 4.8, 6.0, 17.6 ],
			"to": [ 7.8, 7.3, 19.8 ],
			"rotationOrigin": [ 7.3, 6.3, 19.6 ],
			"faces": {
				"north": { "texture": "#material", "uv": [ 0.0, 8.0, 3.0, 9.0 ] },
				"east": { "texture": "#material", "uv": [ 10.0, 13.0, 12.0, 14.0 ] },
				"south": { "texture": "#material", "uv": [ 2.0, 10.0, 5.0, 11.0 ] },
				"west": { "texture": "#material", "uv": [ 7.0, 5.0, 9.0, 6.0 ] },
				"up": { "texture": "#material", "uv": [ 5.0, 7.0, 8.0, 9.0 ] },
				"down": { "texture": "#material", "uv": [ 7.0, 2.0, 10.0, 4.0 ] }
			},
			"children": [
				{
					"name": "Stone2Rope",
					"from": [ 1.1, -0.3, -0.1 ],
					"to": [ 1.8, 1.4, 2.4 ],
					"rotationOrigin": [ 1.1, -0.3, -0.1 ],
					"rotationX": 0.0,
					"rotationY": 0.0,
					"rotationZ": 0.0,
					"faces": {
						"north": { "texture": "#reedrope", "uv": [ 0.0, 0.0, 0.5, 1.5 ] },
						"east": { "texture": "#reedrope", "uv": [ 0.0, 0.0, 2.5, 1.5 ] },
						"south": { "texture": "#reedrope", "uv": [ 0.0, 0.0, 0.5, 1.5 ] },
						"west": { "texture": "#reedrope", "uv": [ 0.0, 0.0, 2.5, 1.5 ] },
						"up": { "texture": "#reedrope", "uv": [ 0.0, 0.0, 0.5, 2.5 ] },
						"down": { "texture": "#reedrope", "uv": [ 0.0, 0.0, 0.5, 2.5 ] }
					}
				}
			]
		},
		{
			"name": "Stone3",
			"from": [ 16.0, 6.0, 4.8 ],
			"to": [ 19.0, 7.3, 7.0 ],
			"rotationOrigin": [ 18.5, 6.0, 6.8 ],
			"rotationY": -90.0,
			"faces": {
				"north": { "texture": "#material", "uv": [ 0.0, 8.0, 3.0, 9.0 ] },
				"east": { "texture": "#material", "uv": [ 10.0, 13.0, 12.0, 14.0 ] },
				"south": { "texture": "#material", "uv": [ 2.0, 10.0, 5.0, 11.0 ] },
				"west": { "texture": "#material", "uv": [ 7.0, 5.0, 9.0, 6.0 ] },
				"up": { "texture": "#material", "uv": [ 5.0, 7.0, 8.0, 9.0 ] },
				"down": { "texture": "#material", "uv": [ 7.0, 2.0, 10.0, 4.0 ] }
			},
			"children": [
				{
					"name": "Stone3Rope",
					"from": [ 1.9, -0.3, 2.3 ],
					"to": [ 2.6, 1.4, 4.8 ],
					"rotationOrigin": [ 1.9, -0.3, 2.3 ],
					"rotationX": -180.0,
					"rotationZ": 180.0,
					"faces": {
						"north": { "texture": "#reedrope", "uv": [ 0.0, 0.0, 0.5, 1.5 ] },
						"east": { "texture": "#reedrope", "uv": [ 0.0, 0.0, 2.5, 1.5 ] },
						"south": { "texture": "#reedrope", "uv": [ 0.0, 0.0, 0.5, 1.5 ] },
						"west": { "texture": "#reedrope", "uv": [ 0.0, 0.0, 2.5, 1.5 ] },
						"up": { "texture": "#reedrope", "uv": [ 0.0, 0.0, 0.5, 2.5 ] },
						"down": { "texture": "#reedrope", "uv": [ 0.0, 0.0, 0.5, 2.5 ] }
					}
				}
			]
		},
		{
			"name": "Handle",
			"from": [ 7.5, 2.0, 7.5 ],
			"to": [ 12.5, 3.0, 8.5 ],
			"rotationOrigin": [ 7.5, 2.0, 7.5 ],
			"rotationZ": -90.0,
			"faces": {
				"north": { "texture": "#reedrope", "uv": [ 0.0, 0.0, 5.0, 1.0 ] },
				"east": { "texture": "#reedrope", "uv": [ 0.0, 0.0, 1.0, 1.0 ], "autoUv": false },
				"south": { "texture": "#reedrope", "uv": [ 0.0, 0.0, 5.0, 1.0 ] },
				"west": { "texture": "#reedrope", "uv": [ 0.0, 0.0, 1.0, 1.0 ] },
				"up": { "texture": "#reedrope", "uv": [ 0.0, 0.0, 5.0, 1.0 ] },
				"down": { "texture": "#reedrope", "uv": [ 0.0, 0.0, 5.0, 1.0 ] }
			},
			"children": [
				{
					"name": "Connector",
					"from": [ -0.1, -0.1, -0.2 ],
					"to": [ 0.7, 1.1, 1.2 ],
					"rotationOrigin": [ -0.1, -0.1, -0.2 ],
					"faces": {
						"north": { "texture": "#ropedcloth", "uv": [ 0.0, 0.0, 0.5, 1.0 ] },
						"east": { "texture": "#ropedcloth", "uv": [ 0.0, 0.0, 1.0, 1.0 ] },
						"south": { "texture": "#ropedcloth", "uv": [ 0.0, 0.0, 0.5, 1.0 ] },
						"west": { "texture": "#ropedcloth", "uv": [ 0.0, 0.0, 1.0, 1.0 ] },
						"up": { "texture": "#ropedcloth", "uv": [ 0.0, 0.0, 0.5, 1.0 ] },
						"down": { "texture": "#ropedcloth", "uv": [ 0.0, 0.0, 0.5, 1.0 ] }
					}
				}
			]
		},
		{
			"name": "Rope2",
			"from": [ 11.7, 6.2, 5.5 ],
			"to": [ 18.5, 6.9, 6.2 ],
			"rotationOrigin": [ 11.7, 6.2, 5.5 ],
			"faces": {
				"north": { "texture": "#reedrope", "uv": [ 0.0, 0.0, 6.5, 0.5 ] },
				"east": { "texture": "#reedrope", "uv": [ 0.0, 0.0, 1.0, 1.0 ], "autoUv": false },
				"south": { "texture": "#reedrope", "uv": [ 0.0, 0.0, 6.5, 0.5 ] },
				"west": { "texture": "#reedrope", "uv": [ 0.0, 0.0, 0.5, 0.5 ] },
				"up": { "texture": "#reedrope", "uv": [ 0.0, 0.0, 6.5, 0.5 ] },
				"down": { "texture": "#reedrope", "uv": [ 0.0, 0.0, 6.5, 0.5 ] }
			}
		},
		{
			"name": "RotatedRope2",
			"from": [ 8.0, 1.8, 7.1 ],
			"to": [ 14.6, 2.5, 7.8 ],
			"rotationOrigin": [ 8.0, 1.8, 7.1 ],
			"rotationY": 22.5,
			"rotationZ": 45.0,
			"faces": {
				"north": { "texture": "#reedrope", "uv": [ 0.0, 0.0, 6.5, 0.5 ] },
				"east": { "texture": "#reedrope", "uv": [ 0.0, 0.0, 1.0, 1.0 ], "autoUv": false },
				"south": { "texture": "#reedrope", "uv": [ 0.0, 0.0, 6.5, 0.5 ] },
				"west": { "texture": "#reedrope", "uv": [ 0.0, 0.0, 0.5, 0.5 ] },
				"up": { "texture": "#reedrope", "uv": [ 0.0, 0.0, 6.5, 0.5 ] },
				"down": { "texture": "#reedrope", "uv": [ 0.0, 0.0, 6.5, 0.5 ] }
			}
		},
		{
			"name": "RotatedRope1",
			"from": [ 7.4, 1.8, 8.0 ],
			"to": [ 14.0, 2.5, 8.7 ],
			"rotationOrigin": [ 7.4, 1.8, 8.0 ],
			"rotationY": 135.0,
			"rotationZ": 45.0,
			"faces": {
				"north": { "texture": "#reedrope", "uv": [ 0.0, 0.0, 6.5, 0.5 ] },
				"east": { "texture": "#reedrope", "uv": [ 0.0, 0.0, 1.0, 1.0 ], "autoUv": false },
				"south": { "texture": "#reedrope", "uv": [ 0.0, 0.0, 6.5, 0.5 ] },
				"west": { "texture": "#reedrope", "uv": [ 0.0, 0.0, 0.5, 0.5 ] },
				"up": { "texture": "#reedrope", "uv": [ 0.0, 0.0, 6.5, 0.5 ] },
				"down": { "texture": "#reedrope", "uv": [ 0.0, 0.0, 6.5, 0.5 ] }
			}
		},
		{
			"name": "Rope3",
			"from": [ 6.6, 6.2, 12.5 ],
			"to": [ 12.6, 6.9, 13.2 ],
			"rotationOrigin": [ 6.6, 6.2, 12.5 ],
			"rotationY": -90.0,
			"faces": {
				"north": { "texture": "#reedrope", "uv": [ 0.0, 0.0, 6.0, 0.5 ] },
				"east": { "texture": "#reedrope", "uv": [ 0.0, 0.0, 1.0, 1.0 ], "autoUv": false },
				"south": { "texture": "#reedrope", "uv": [ 0.0, 0.0, 6.0, 0.5 ] },
				"west": { "texture": "#reedrope", "uv": [ 0.0, 0.0, 0.5, 0.5 ] },
				"up": { "texture": "#reedrope", "uv": [ 0.0, 0.0, 6.0, 0.5 ] },
				"down": { "texture": "#reedrope", "uv": [ 0.0, 0.0, 6.0, 0.5 ] }
			}
		},
		{
			"name": "RotatedRope3",
			"from": [ 8.3, 1.8, 8.8 ],
			"to": [ 14.9, 2.5, 9.5 ],
			"rotationOrigin": [ 8.3, 1.8, 8.8 ],
			"rotationY": -112.5,
			"rotationZ": 45.0,
			"faces": {
				"north": { "texture": "#reedrope", "uv": [ 0.0, 0.0, 6.5, 0.5 ] },
				"east": { "texture": "#reedrope", "uv": [ 0.0, 0.0, 1.0, 1.0 ], "autoUv": false },
				"south": { "texture": "#reedrope", "uv": [ 0.0, 0.0, 6.5, 0.5 ] },
				"west": { "texture": "#reedrope", "uv": [ 0.0, 0.0, 0.5, 0.5 ] },
				"up": { "texture": "#reedrope", "uv": [ 0.0, 0.0, 6.5, 0.5 ] },
				"down": { "texture": "#reedrope", "uv": [ 0.0, 0.0, 6.5, 0.5 ] }
			}
		},
		{
			"name": "Rope1",
			"from": [ 2.8, 6.3, -0.4 ],
			"to": [ 8.4, 7.0, 0.3 ],
			"rotationOrigin": [ 2.8, 6.3, -0.4 ],
			"rotationY": -67.5,
			"faces": {
				"north": { "texture": "#reedrope", "uv": [ 0.0, 0.0, 5.5, 0.5 ] },
				"east": { "texture": "#reedrope", "uv": [ 0.0, 0.0, 1.0, 1.0 ], "autoUv": false },
				"south": { "texture": "#reedrope", "uv": [ 0.0, 0.0, 5.5, 0.5 ] },
				"west": { "texture": "#reedrope", "uv": [ 0.0, 0.0, 0.5, 0.5 ] },
				"up": { "texture": "#reedrope", "uv": [ 0.0, 0.0, 5.5, 0.5 ] },
				"down": { "texture": "#reedrope", "uv": [ 0.0, 0.0, 5.5, 0.5 ] }
			}
		}
	]}