{
    "code": "gobowl",
    "class": "TabletopGames.ItemContainerWithDetachableLid",
    "maxStackSize": 4,
    "attributes": {
        "handbook": {
            "groupBy": ["tabletopgames:gobowl"],
            "extraSections": [
                {
                    "title": "tabletopgames:item-handbooktitle-generic-howtoobtain",
                    "text": "tabletopgames:item-handbooktext-generic-howtoobtain"
                },
                {
                    "title": "tabletopgames:item-handbooktitle-itemcontainer-interactions",
                    "text": "tabletopgames:item-handbooktext-itemcontainer-interactions"
                }
            ]
        },
        "shelvable": true,
        "displaycaseable": true,
        "onDisplayTransform": { "translation": { "x": 0, "y": 0.5, "z": 0 }, "rotation": { "x": -90, "y": 0, "z": 0 }, "origin": { "x": 0.5, "y": -0, "z": 0.5 }, "scale": 3 },
        "onshelfTransform": { "translation": { "x": 0, "y": 0.5, "z": 0.09 }, "rotation": { "x": -90, "y": 0, "z": 0 }, "origin": { "x": 0.5, "y": 0, "z": 0.5 }, "scale": 2.75 },
        "groundStorageTransform": { "translation": { "x": 0, "y": 0.5, "z": 0 }, "rotation": { "x": -90, "y": 0, "z": 0 }, "origin": { "x": 0.5, "y": 0.03, "z": 0.5 }, "scale": 3 },
        "name": {
            "*": ["tabletopgames:item-gobowl"]
        },
        "description": {
            "wood-*": ["tabletopgames:trivia-gobowl", "blockmaterial-Wood", ": ", "material-{wood}"],
            "stone-flint": ["tabletopgames:trivia-gobowl", "blockmaterial-Stone", ": ", "item-flint"],
            "stone-meteorite-iron": ["tabletopgames:trivia-gobowl", "Material: ", "item-stone-meteorite-iron"],
            "stone-*": ["tabletopgames:trivia-gobowl", "blockmaterial-Stone", ": ", "rock-{stone}"],
            "metal-*": ["tabletopgames:trivia-gobowl", "blockmaterial-Metal", ": ", "material-{metal}"],
            "@ore_ungraded-(charcoal|coke|clearquartz|smokyquartz|rosequartz|amethyst)": ["tabletopgames:trivia-gobowl", "item-mineral", ": ", "item-{ore_ungraded}"],
            "ore_ungraded-*": ["tabletopgames:trivia-gobowl", "item-mineral", ": ", "ore-{ore_ungraded}"]
        },
        "shape": {
            "*": { "base": "tabletopgames:item/gobowl/opened" }
        },
        "textures": {
            "wood-*": { "material": { "base": "game:block/wood/debarked/{wood}" } },
            "stone-flint": { "material": { "base": "game:block/stone/flint" } },
            "stone-*": { "material": { "base": "game:block/stone/rock/{stone}1" } },
            "metal-*": { "material": { "base": "game:block/metal/ingot/{metal}" } },
            "@ore_ungraded-(charcoal|coke)": { "material": { "base": "game:block/coal/{ore_ungraded}" } },
            "ore_ungraded-rosequartz": { "material": { "base": "game:item/resource/ungraded/rosyquartz" } },
            "ore_ungraded-alum": { "material": { "base": "game:item/resource/ungraded/quartz" } },
            "ore_ungraded-*": { "material": { "base": "game:item/resource/ungraded/{ore_ungraded}" } }
        },
        "quantitySlots": {
            "*": 8
        },
        "renderContent": {
            "*": true
        },
        "containerKey": {
            "*": "gobowl"
        },
        "openSound": {
            "wood-*": "game:sounds/block/planks",
            "stone-*": "game:sounds/block/vesselopen",
            "metal-*": "game:sounds/block/chandelier-hit",
            "ore_ungraded-*": "game:sounds/block/vesselopen"
        },
        "closeSound": {
            "wood-*": "game:sounds/block/planks",
            "stone-*": "game:sounds/block/vesselclose",
            "metal-*": "game:sounds/block/chandelier-hit",
            "ore_ungraded-*": "game:sounds/block/vesselclose"
        }
    },
    "behaviors": [
        {
            "name": "GroundStorable",
            "properties": {
                "layout": "Quadrants",
                "selectionBox": { "x1": 0, "y1": 0, "z1": 0, "x2": 1, "y2": 0.0625, "z2": 1 },
                "collisionBox": { "x1": 0, "y1": 0, "z1": 0, "x2": 0, "y2": 0, "z2": 0 }
            }
        },
        {
            "name": "TabletopGames.InteractionHelpConstructor",
            "properties": {
                "interactions": [
                    {
                        "ActionLangCode": "tabletopgames:blockhelp-gobowl-add-10",
                        "MouseButton": "Right",
                        "HotKeyCode": "shift",
                        "ItemStacks": [
                            { "type": "item", "code": "tabletopgames:gostone", "attributes": { "types": { "stone": "basalt" } } },
                            { "type": "item", "code": "tabletopgames:gostone", "attributes": { "types": { "stone": "chalk" } } }
                        ]
                    },
                    {
                        "ActionLangCode": "tabletopgames:blockhelp-gobowl-remove-10",
                        "MouseButton": "Right",
                        "HotKeyCode": "shift",
                        "RequireFreeHand": true
                    },
                    {
                        "ActionLangCode": "tabletopgames:blockhelp-gobowl-add-or-remove-lid",
                        "MouseButton": "Right",
                        "HotKeyCode": "ctrl",
                        "ItemStacks": [
                            { "type": "item", "code": "tabletopgames:lid", "attributes": { "types": { "type": "gobowl", "wood": "oak" } } },
                            { "type": "item", "code": "tabletopgames:lid", "attributes": { "types": { "type": "gobowl", "stone": "basalt" } } },
                            { "type": "item", "code": "tabletopgames:lid", "attributes": { "types": { "type": "gobowl", "stone": "chalk" } } }
                        ]
                    }
                ]
            }
        }
    ],
    "creativeinventoryStacks": [
        {
            "tabs": ["tabletopgames", "general", "items"],
            "stacks": [
                { "type": "item", "code": "gobowl", "attributes": { "types": { "stone": "basalt" } } },
                { "type": "item", "code": "gobowl", "attributes": { "types": { "stone": "chalk" } } },
                { "type": "item", "code": "gobowl", "attributes": { "types": { "wood": "ebony" } } },
                { "type": "item", "code": "gobowl", "attributes": { "types": { "wood": "baldcypress" } } },
                { "type": "item", "code": "gobowl", "attributes": { "types": { "stone": "meteorite-iron" } } }
            ]
        }
    ],
    "heldTpIdleAnimation": "holdbothhandslarge",
    "heldTpUseAnimation": "twohandplaceblock",
    "guiTransform": {
        "translation": { "x": 3, "y": 2, "z": 0 },
        "rotation": { "x": 150, "y": 30, "z": 0 },
        "origin": { "x": 0.5, "y": 0.15, "z": 0.5 },
        "scale": 3.5
    },
    "groundTransform": {
        "translation": { "x": 0, "y": 0, "z": 0 },
        "rotation": { "x": 0, "y": 0, "z": 0 },
        "origin": { "x": 0.5, "y": 0, "z": 0.5 },
        "scale": 5
    },
    "tpHandTransform": {
        "translation": { "x": -0.5, "y": 0.1, "z": -0.3 },
        "rotation": { "x": 10, "y": 10, "z": -90 },
        "origin": { "x": 0.5, "y": 0, "z": 0.5 },
        "scale": 1
    }
}
