{
    "code": "pack",
    "class": "TabletopGames.ItemShapeTexturesFromAttributes",
    "maxStackSize": 4,
    // fixes default transformation
    "shape": { "base": "game:block/basic/invisible" },
    "attributes": {
        "handbook": {
            "groupBy": ["tabletopgames:pack"]
        },
        "name": {
            "*": ["tabletopgames:item-pack-{type}"]
        },
        "description": {
            "type-playingcards_vs": ["<br>", "tabletopgames:itemdesc-pack-{type}"]
        },
        "shape": {
            "type-playingcards_vs": { "base": "tabletopgames:item/pack-of-cards" }
        },
        "textures": {
            "type-playingcards_vs": {
                "fibers": { "base": "game:item/resource/fibers" },
                "card-side": { "base": "game:block/cloth/paper/blank-small" },
                "card-back": { "base": "tabletopgames:item/playingcard/pack-vs/back" }
            }
        }
    },
    "behaviors": [
        {
            "name": "GroundStorable",
            "properties": {
                "layout": "Halves",
                "selectionBox": { "x1": 0, "y1": 0, "z1": 0, "x2": 1, "y2": 0.0625, "z2": 1 },
                "collisionBox": { "x1": 0, "y1": 0, "z1": 0, "x2": 0, "y2": 0, "z2": 0 }
            }
        },
        {
            "name": "TabletopGames.PackTyped",
            "properties": {
                "packs": {
                    "type-playingcards_vs": {
                        "items": [
                            { "type": "item", "code": "tabletopgames:playingcard", "attributes": { "types": { "pack": "vs", "suit": "spade", "rank": "2", "color": "black" } } },
                            { "type": "item", "code": "tabletopgames:playingcard", "attributes": { "types": { "pack": "vs", "suit": "spade", "rank": "3", "color": "black" } } },
                            { "type": "item", "code": "tabletopgames:playingcard", "attributes": { "types": { "pack": "vs", "suit": "spade", "rank": "4", "color": "black" } } },
                            { "type": "item", "code": "tabletopgames:playingcard", "attributes": { "types": { "pack": "vs", "suit": "spade", "rank": "5", "color": "black" } } },
                            { "type": "item", "code": "tabletopgames:playingcard", "attributes": { "types": { "pack": "vs", "suit": "spade", "rank": "6", "color": "black" } } },
                            { "type": "item", "code": "tabletopgames:playingcard", "attributes": { "types": { "pack": "vs", "suit": "spade", "rank": "7", "color": "black" } } },
                            { "type": "item", "code": "tabletopgames:playingcard", "attributes": { "types": { "pack": "vs", "suit": "spade", "rank": "8", "color": "black" } } },
                            { "type": "item", "code": "tabletopgames:playingcard", "attributes": { "types": { "pack": "vs", "suit": "spade", "rank": "9", "color": "black" } } },
                            { "type": "item", "code": "tabletopgames:playingcard", "attributes": { "types": { "pack": "vs", "suit": "spade", "rank": "10", "color": "black" } } },
                            { "type": "item", "code": "tabletopgames:playingcard", "attributes": { "types": { "pack": "vs", "suit": "spade", "rank": "j", "color": "black" } } },
                            { "type": "item", "code": "tabletopgames:playingcard", "attributes": { "types": { "pack": "vs", "suit": "spade", "rank": "q", "color": "black" } } },
                            { "type": "item", "code": "tabletopgames:playingcard", "attributes": { "types": { "pack": "vs", "suit": "spade", "rank": "k", "color": "black" } } },
                            { "type": "item", "code": "tabletopgames:playingcard", "attributes": { "types": { "pack": "vs", "suit": "spade", "rank": "a", "color": "black" } } },

                            { "type": "item", "code": "tabletopgames:playingcard", "attributes": { "types": { "pack": "vs", "suit": "heart", "rank": "2", "color": "red" } } },
                            { "type": "item", "code": "tabletopgames:playingcard", "attributes": { "types": { "pack": "vs", "suit": "heart", "rank": "3", "color": "red" } } },
                            { "type": "item", "code": "tabletopgames:playingcard", "attributes": { "types": { "pack": "vs", "suit": "heart", "rank": "4", "color": "red" } } },
                            { "type": "item", "code": "tabletopgames:playingcard", "attributes": { "types": { "pack": "vs", "suit": "heart", "rank": "5", "color": "red" } } },
                            { "type": "item", "code": "tabletopgames:playingcard", "attributes": { "types": { "pack": "vs", "suit": "heart", "rank": "6", "color": "red" } } },
                            { "type": "item", "code": "tabletopgames:playingcard", "attributes": { "types": { "pack": "vs", "suit": "heart", "rank": "7", "color": "red" } } },
                            { "type": "item", "code": "tabletopgames:playingcard", "attributes": { "types": { "pack": "vs", "suit": "heart", "rank": "8", "color": "red" } } },
                            { "type": "item", "code": "tabletopgames:playingcard", "attributes": { "types": { "pack": "vs", "suit": "heart", "rank": "9", "color": "red" } } },
                            { "type": "item", "code": "tabletopgames:playingcard", "attributes": { "types": { "pack": "vs", "suit": "heart", "rank": "10", "color": "red" } } },
                            { "type": "item", "code": "tabletopgames:playingcard", "attributes": { "types": { "pack": "vs", "suit": "heart", "rank": "j", "color": "red" } } },
                            { "type": "item", "code": "tabletopgames:playingcard", "attributes": { "types": { "pack": "vs", "suit": "heart", "rank": "q", "color": "red" } } },
                            { "type": "item", "code": "tabletopgames:playingcard", "attributes": { "types": { "pack": "vs", "suit": "heart", "rank": "k", "color": "red" } } },
                            { "type": "item", "code": "tabletopgames:playingcard", "attributes": { "types": { "pack": "vs", "suit": "heart", "rank": "a", "color": "red" } } },

                            { "type": "item", "code": "tabletopgames:playingcard", "attributes": { "types": { "pack": "vs", "suit": "club", "rank": "2", "color": "black" } } },
                            { "type": "item", "code": "tabletopgames:playingcard", "attributes": { "types": { "pack": "vs", "suit": "club", "rank": "3", "color": "black" } } },
                            { "type": "item", "code": "tabletopgames:playingcard", "attributes": { "types": { "pack": "vs", "suit": "club", "rank": "4", "color": "black" } } },
                            { "type": "item", "code": "tabletopgames:playingcard", "attributes": { "types": { "pack": "vs", "suit": "club", "rank": "5", "color": "black" } } },
                            { "type": "item", "code": "tabletopgames:playingcard", "attributes": { "types": { "pack": "vs", "suit": "club", "rank": "6", "color": "black" } } },
                            { "type": "item", "code": "tabletopgames:playingcard", "attributes": { "types": { "pack": "vs", "suit": "club", "rank": "7", "color": "black" } } },
                            { "type": "item", "code": "tabletopgames:playingcard", "attributes": { "types": { "pack": "vs", "suit": "club", "rank": "8", "color": "black" } } },
                            { "type": "item", "code": "tabletopgames:playingcard", "attributes": { "types": { "pack": "vs", "suit": "club", "rank": "9", "color": "black" } } },
                            { "type": "item", "code": "tabletopgames:playingcard", "attributes": { "types": { "pack": "vs", "suit": "club", "rank": "10", "color": "black" } } },
                            { "type": "item", "code": "tabletopgames:playingcard", "attributes": { "types": { "pack": "vs", "suit": "club", "rank": "j", "color": "black" } } },
                            { "type": "item", "code": "tabletopgames:playingcard", "attributes": { "types": { "pack": "vs", "suit": "club", "rank": "q", "color": "black" } } },
                            { "type": "item", "code": "tabletopgames:playingcard", "attributes": { "types": { "pack": "vs", "suit": "club", "rank": "k", "color": "black" } } },
                            { "type": "item", "code": "tabletopgames:playingcard", "attributes": { "types": { "pack": "vs", "suit": "club", "rank": "a", "color": "black" } } },

                            { "type": "item", "code": "tabletopgames:playingcard", "attributes": { "types": { "pack": "vs", "suit": "diamond", "rank": "2", "color": "red" } } },
                            { "type": "item", "code": "tabletopgames:playingcard", "attributes": { "types": { "pack": "vs", "suit": "diamond", "rank": "3", "color": "red" } } },
                            { "type": "item", "code": "tabletopgames:playingcard", "attributes": { "types": { "pack": "vs", "suit": "diamond", "rank": "4", "color": "red" } } },
                            { "type": "item", "code": "tabletopgames:playingcard", "attributes": { "types": { "pack": "vs", "suit": "diamond", "rank": "5", "color": "red" } } },
                            { "type": "item", "code": "tabletopgames:playingcard", "attributes": { "types": { "pack": "vs", "suit": "diamond", "rank": "6", "color": "red" } } },
                            { "type": "item", "code": "tabletopgames:playingcard", "attributes": { "types": { "pack": "vs", "suit": "diamond", "rank": "7", "color": "red" } } },
                            { "type": "item", "code": "tabletopgames:playingcard", "attributes": { "types": { "pack": "vs", "suit": "diamond", "rank": "8", "color": "red" } } },
                            { "type": "item", "code": "tabletopgames:playingcard", "attributes": { "types": { "pack": "vs", "suit": "diamond", "rank": "9", "color": "red" } } },
                            { "type": "item", "code": "tabletopgames:playingcard", "attributes": { "types": { "pack": "vs", "suit": "diamond", "rank": "10", "color": "red" } } },
                            { "type": "item", "code": "tabletopgames:playingcard", "attributes": { "types": { "pack": "vs", "suit": "diamond", "rank": "j", "color": "red" } } },
                            { "type": "item", "code": "tabletopgames:playingcard", "attributes": { "types": { "pack": "vs", "suit": "diamond", "rank": "q", "color": "red" } } },
                            { "type": "item", "code": "tabletopgames:playingcard", "attributes": { "types": { "pack": "vs", "suit": "diamond", "rank": "k", "color": "red" } } },
                            { "type": "item", "code": "tabletopgames:playingcard", "attributes": { "types": { "pack": "vs", "suit": "diamond", "rank": "a", "color": "red" } } },

                            { "type": "item", "code": "tabletopgames:playingcard", "attributes": { "types": { "pack": "vs", "suit": "none", "rank": "joker", "color": "red" } } },
                            { "type": "item", "code": "tabletopgames:playingcard", "attributes": { "types": { "pack": "vs", "suit": "none", "rank": "joker", "color": "red" } } },
                            { "type": "item", "code": "tabletopgames:playingcard", "attributes": { "types": { "pack": "vs", "suit": "none", "rank": "joker", "color": "black" } } },
                            { "type": "item", "code": "tabletopgames:playingcard", "attributes": { "types": { "pack": "vs", "suit": "none", "rank": "joker", "color": "black" } } }
                        ]
                    }
                }
            }
        }
    ],
    "creativeinventoryStacks": [
        {
            "tabs": ["tabletopgames", "general", "items"],
            "stacks": [
                //
                { "type": "item", "code": "pack", "attributes": { "types": { "type": "playingcards_vs" } } }
            ]
        }
    ],
    "heldTpIdleAnimation": "holdbothhandslarge",
    "heldTpUseAnimation": "twohandplaceblock",
    "guiTransform": {
        "rotation": { "x": 135, "y": 135, "z": 0 },
        "origin": { "x": 0.5, "y": 0.115, "z": 0.5 },
        "scaleXyz": { "x": -2.7, "y": 2.7, "z": 2.7 }
    },
    // for big boxes:
    // "guiTransform": {
    //     "rotation": { "x": 135, "y": 135, "z": 0 },
    //     "origin": { "x": 0.5, "y": 0.215, "z": 0.5 },
    //     "scaleXyz": { "x": -1.75, "y": 1.75, "z": 1.75 }
    // },
    "groundTransform": {
        "translation": { "x": 0, "y": 0, "z": 0 },
        "rotation": { "x": 0, "y": 0, "z": 0 },
        "origin": { "x": 0.5, "y": 0, "z": 0.5299 },
        "scale": 4
    },
    "tpHandTransform": {
        "translation": { "x": -1.45, "y": 0, "z": -0.95 },
        "rotation": { "x": 20, "y": -80, "z": 10 },
        "origin": { "x": 0.5, "y": 0.003125, "z": 0.5 },
        "scale": 0.5
    }
}
