{
    "code": "chandelierdyedcandle",
    "__comment": "BlockChandelierModified handles the placing of candles on the chandelier",
    "class": "BlockChandelierColorful",
    "behaviors": [
        {
            "name": "UnstableFalling",
            "properties": {
                "attachableFaces": [ "up", "down" ],
                "impactDamageMul": 10,
                "attachmentAreas": {
                    "down": {
                        "x1": 7,
                        "y1": 15,
                        "z1": 7,
                        "x2": 8,
                        "y2": 15,
                        "z2": 8
                    },
                    "up": {
                        "x1": 7,
                        "y1": 0,
                        "z1": 7,
                        "x2": 8,
                        "y2": 0,
                        "z2": 8
                    }
                }
            }
        }
    ],
    "variantgroups": [
        {
            "code": "type",
            "states": ["red","orange","yellow","green","blue","purple","black","white","gray","pink","teal","mint","skyblue","brown","lavender", "woad", "lime"]
        },
        {
            "code": "state",
            "states": [
                "candle1",
                "candle2",
                "candle3",
                "candle4",
                "candle5",
                "candle6",
                "candle7",
                "candle8"
            ]
        }
    ],
    "creativeinventory": {
        "general": [ "*-candle8" ],
        "decorative": [ "*-candle8" ],
        "colorfulcandles": [ "*-candle8" ]
    },
    "textures": {
        "blackbronze": { "base": "game:block/metal/chandelier/blackbronze" },
        "candle": { "base": "colorfulcandles:block/wax/dyedcandles/{type}" }
 },
    "shapeByType": {
        "*-candle1": { "base": "colorfulcandles:block/metal/candle1" },
        "*-candle2": { "base": "colorfulcandles:block/metal/candle2" },
        "*-candle3": { "base": "colorfulcandles:block/metal/candle3" },
        "*-candle4": { "base": "colorfulcandles:block/metal/candle4" },
        "*-candle5": { "base": "colorfulcandles:block/metal/candle5" },
        "*-candle6": { "base": "colorfulcandles:block/metal/candle6" },
        "*-candle7": { "base": "colorfulcandles:block/metal/candle7" },
        "*-candle8": { "base": "colorfulcandles:block/metal/candle8" }
    },
    "drawtype": "json",
    "blockmaterial": "Metal",
    "sidesolid": { "all": false },
    "sideopaque": { "all": false },
    "resistance": 3,
    "lightHsvByType": {
        "*-candle1": [ 9, 3, 10 ],
        "*-candle2": [ 9, 3, 12 ],
        "*-candle3": [ 9, 3, 14 ],
        "*-candle4": [ 9, 3, 16 ],
        "*-candle5": [ 9, 3, 18 ],
        "*-candle6": [ 9, 3, 20 ],
        "*-candle7": [ 9, 3, 22 ],
        "*-candle8": [ 9, 3, 24 ]
    },
    "drops": [
        {
            "type": "item",
            "code": "colorfulcandles:dyedcandle-{type}",
            "quantityByType": {
                "*1": { "avg": 1 },
                "*2": { "avg": 2 },
                "*3": { "avg": 3 },
                "*4": { "avg": 4 },
                "*5": { "avg": 5 },
                "*6": { "avg": 6 },
                "*7": { "avg": 7 },
                "*8": { "avg": 8 }
            }
        },
        {
            "type": "block",
            "code": "game:chandelier-candle0"
        }
    ],
    "lightAbsorption": 0,
    "collisionSelectionBox": {
        "x1": 0.0625,
        "y1": 0,
        "z1": 0.0625,
        "x2": 0.9375,
        "y2": 1,
        "z2": 0.9375
    },
    "sounds": {
        "hit": "game:block/chandelier-hit",
        "break": "game:block/chandelier-break"
    }
}
