{
    "code": "chandelierflamedcandle",
    "__comment": "BlockChandelierModified handles the placing of candles on the chandelier",
    "class": "BlockChandelierColorful",
    "behaviors": [
        {
            "name": "UnstableFalling",
            "properties": {
                "attachableFaces": [ "up", "down" ],
                "impactDamageMul": 10,
                "attachmentAreas": {
                    "down": {
                        "x1": 7,
                        "y1": 15,
                        "z1": 7,
                        "x2": 8,
                        "y2": 15,
                        "z2": 8
                    },
                    "up": {
                        "x1": 7,
                        "y1": 0,
                        "z1": 7,
                        "x2": 8,
                        "y2": 0,
                        "z2": 8
                    }
                }
            }
        }
    ],
    "variantgroups": [
        {
            "code": "type",
            "states": [ "red", "orange", "yellow", "green", "blue", "purple", "black", "white", "gray", "pink", "teal", "mint", "skyblue", "brown", "lavender", "woad", "lime" ]
        },
        {
            "code": "flame",
            "states": ["bismuth","copper","iron","lithium","potassium","sodium"]
        },
        {
            "code": "state",
            "states": [
                "candle1",
                "candle2",
                "candle3",
                "candle4",
                "candle5",
                "candle6",
                "candle7",
                "candle8"
            ]
        }
    ],
    "creativeinventory": {
        "general": [ "*-candle8" ],
        "decorative": [ "*-candle8" ],
        "colorfulcandles": [ "*-candle8" ]
    },
    "textures": {
        "blackbronze": { "base": "game:block/metal/chandelier/blackbronze" },
        "candle": { "base": "colorfulcandles:block/wax/dyedcandles/{type}" },
        "flame": {"base": "colorfulcandles:block/wax/flames/{flame}"}
    },
    "shapeByType": {
        "*-candle1": { "base": "colorfulcandles:block/metal/candle1" },
        "*-candle2": { "base": "colorfulcandles:block/metal/candle2" },
        "*-candle3": { "base": "colorfulcandles:block/metal/candle3" },
        "*-candle4": { "base": "colorfulcandles:block/metal/candle4" },
        "*-candle5": { "base": "colorfulcandles:block/metal/candle5" },
        "*-candle6": { "base": "colorfulcandles:block/metal/candle6" },
        "*-candle7": { "base": "colorfulcandles:block/metal/candle7" },
        "*-candle8": { "base": "colorfulcandles:block/metal/candle8" }
    },
    "drawtype": "json",
    "blockmaterial": "Metal",
    "sidesolid": { "all": false },
    "sideopaque": { "all": false },
    "resistance": 3,
    "lightHsvByType": {
        "*-bismuth-candle1": [ 40, 7, 10 ],
        "*-bismuth-candle2": [ 40, 7, 12 ],
        "*-bismuth-candle3": [ 40, 7, 14 ],
        "*-bismuth-candle4": [ 40, 7, 16 ],
        "*-bismuth-candle5": [ 40, 7, 18 ],
        "*-bismuth-candle6": [ 40, 7, 20 ],
        "*-bismuth-candle7": [ 40, 7, 22 ],
        "*-bismuth-candle8": [ 40, 7, 24 ],

        "*-copper-candle1": [ 20, 7, 10 ],
        "*-copper-candle2": [ 20, 7, 12 ],
        "*-copper-candle3": [ 20, 7, 14 ],
        "*-copper-candle4": [ 20, 7, 16 ],
        "*-copper-candle5": [ 20, 7, 18 ],
        "*-copper-candle6": [ 20, 7, 20 ],
        "*-copper-candle7": [ 20, 7, 22 ],
        "*-copper-candle8": [ 20, 7, 24 ],

        "*-iron-candle1": [ 2, 7, 10 ],
        "*-iron-candle2": [ 2, 7, 12 ],
        "*-iron-candle3": [ 2, 7, 14 ],
        "*-iron-candle4": [ 2, 7, 16 ],
        "*-iron-candle5": [ 2, 7, 18 ],
        "*-iron-candle6": [ 2, 7, 20 ],
        "*-iron-candle7": [ 2, 7, 22 ],
        "*-iron-candle8": [ 2, 7, 24 ],

        "*-lithium-candle1": [ 0, 7, 10 ],
        "*-lithium-candle2": [ 0, 7, 12 ],
        "*-lithium-candle3": [ 0, 7, 14 ],
        "*-lithium-candle4": [ 0, 7, 16 ],
        "*-lithium-candle5": [ 0, 7, 18 ],
        "*-lithium-candle6": [ 0, 7, 20 ],
        "*-lithium-candle7": [ 0, 7, 22 ],
        "*-lithium-candle8": [ 0, 7, 24 ],

        "*-potassium-candle1": [ 48, 7, 10 ],
        "*-potassium-candle2": [ 48, 7, 12 ],
        "*-potassium-candle3": [ 48, 7, 14 ],
        "*-potassium-candle4": [ 48, 7, 16 ],
        "*-potassium-candle5": [ 48, 7, 18 ],
        "*-potassium-candle6": [ 48, 7, 20 ],
        "*-potassium-candle7": [ 48, 7, 22 ],
        "*-potassium-candle8": [ 48, 7, 24 ],

        "*-sodium-candle1": [ 8, 7, 10 ],
        "*-sodium-candle2": [ 8, 7, 12 ],
        "*-sodium-candle3": [ 8, 7, 14 ],
        "*-sodium-candle4": [ 8, 7, 16 ],
        "*-sodium-candle5": [ 8, 7, 18 ],
        "*-sodium-candle6": [ 8, 7, 20 ],
        "*-sodium-candle7": [ 8, 7, 22 ],
        "*-sodium-candle8": [ 8, 7, 24 ]
    },
    "drops": [
        {
            "type": "item",
            "code": "colorfulcandles:flamedcandle-{type}-{flame}",
            "quantityByType": {
                "*1": { "avg": 1 },
                "*2": { "avg": 2 },
                "*3": { "avg": 3 },
                "*4": { "avg": 4 },
                "*5": { "avg": 5 },
                "*6": { "avg": 6 },
                "*7": { "avg": 7 },
                "*8": { "avg": 8 }
            }
        },
        {
            "type": "block",
            "code": "game:chandelier-candle0"
        }
    ],
    "lightAbsorption": 0,
    "collisionSelectionBox": {
        "x1": 0.0625,
        "y1": 0,
        "z1": 0.0625,
        "x2": 0.9375,
        "y2": 1,
        "z2": 0.9375
    },
    "sounds": {
        "hit": "game:block/chandelier-hit",
        "break": "game:block/chandelier-break"
    }
}
