{
	"code": "aquaticplant",
	"class": "BlockWaterPlant",
	"handbook": { "exclude": true },
	"behaviors": [{"name": "Unstable"}],
	"variantgroups": [
		{ "code": "type", "states": ["ulvalactuca"] }
	],
	"creativeinventory": { "general": ["*"], "aquatic": ["*"] },
	"nutritionPropsByType": {
		"*-ulvalactuca": { "satiety": 100, "foodcategory": "Vegetable" },
	},
	"drawtype": "JSONAndWater",
	"renderpass": "liquid",
	"matterstate": "liquid",
	"blockmaterial": "Plant",
	"faceCullMode": "liquid",
	"liquidCode": "water",
	"vertexFlags": {
		"windMode": "WaterPlant"
	},
	"shapeByType": {
		"@.*-(ulvalactuca)":{"base": "block/plant/sealettuce/ulvalactuca*"}
	},
	"randomizeRotations": true,
	"randomDrawOffset": true,
	"texturesByType": {
		"*": {
			"leaves1": { "base": "block/plant/sealettuce/{type}1" },
			"leaves2": { "base": "block/plant/sealettuce/{type}2" },
		}
	},
	"sideopaque":{ "all": false },
	"sidesolid": { "all": false },
	"replaceable": 3000,
	"lightAbsorption": 0,
	"resistance": 0.5,
	"collisionbox": null,
	"drops": [
		{ "type": "block", "code": "floralzonescosmopolitanregion:aquaticplant-{type}", "quantity": { "avg": 1 }  }
	],
	"sounds": {
		"place": "game:block/plant",
		"break": "game:block/plant",
		"hit": "game:block/plant"
	},
	"materialDensity": 1100,
	"selectionboxByType": {
	 	"*": { "x1": 0.125, "y1": 0, "z1": 0.125, "x2": 0.875, "y2": 0.25, "z2": 0.875 }
	},
	"guitransformByType": {
		"*": {
			"rotation": { "x": 0, "y": 0, "z": 0 },
			"origin": { "x": 0.5, "y": 0.6, "z": 0.5 }
		}
	},
	"tpHandTransformByType": {
		"*": {
			"translation": { "x": -1, "y": -0.1, "z": -1 },
			"rotation": { "x": 71, "y": 0, "z": -84 },
			"origin": { "x": 0.5, "y": 0.1, "z": 0.5 },
			"scale": 0.48
		}
	},
	"groundTransformByType": {
		"*": {
			"scale": 2.64
		}
	},
	"fpHandTransformByType": {
		"*": {
			"translation": { "x": 0, "y": 0.35, "z": 0.5 },
			"scale": 1.62
		}
	},
}