{
	"editor": {
		"allAngles": true,
		"entityTextureMode": false
	},
	"textureWidth": 4,
	"textureHeight": 20,
	"textureSizes": {
		"trunk": [4,20]
	},
	"textures": {
	},
	"elements": [
		{
			"name": "Trunk base",
			"from": [ 4.0, 0.0, 10.0 ],
			"to": [ 8.0, 12.0, 14.0 ],
			"rotationOrigin": [ 6.0, 0.0, 12.0 ],
			"faces": {
				"north": { "texture": "#trunk", "uv": [ 0.0, 0.0, 4.0, 12.0 ] },
				"east": { "texture": "#trunk", "uv": [ 0.0, 0.0, 4.0, 12.0 ] },
				"south": { "texture": "#trunk", "uv": [ 0.0, 0.0, 4.0, 12.0 ] },
				"west": { "texture": "#trunk", "uv": [ 0.0, 0.0, 4.0, 12.0 ] },
				"up": { "texture": "#trunk", "uv": [ 0.0, 16.0, 4.0, 20.0 ] },
				"down": { "texture": "#trunk", "uv": [ 0.0, 16.0, 4.0, 20.0 ] }
			},
			"children": [
				{
					"name": "Trunk base2",
					"from": [ 0.0, 3.0, -0.3 ],
					"to": [ 4.0, 12.0, 3.7 ],
					"rotationOrigin": [ 2.0, 3.0, 1.7 ],
					"rotationX": -55.0,
					"rotationY": 1.0,
					"faces": {
						"north": { "texture": "#trunk", "uv": [ 0.0, 0.0, 4.0, 9.0 ] },
						"east": { "texture": "#trunk", "uv": [ 0.0, 0.0, 4.0, 9.0 ] },
						"south": { "texture": "#trunk", "uv": [ 0.0, 0.0, 4.0, 9.0 ] },
						"west": { "texture": "#trunk", "uv": [ 0.0, 0.0, 4.0, 9.0 ] },
						"up": { "texture": "#trunk", "uv": [ 0.0, 16.0, 4.0, 20.0 ] },
						"down": { "texture": "#trunk", "uv": [ 0.0, 16.0, 4.0, 20.0 ] }
					},
					"children": [
						{
							"name": "Trunk base3",
							"from": [ 0.5, 8.3, 0.9 ],
							"to": [ 3.5, 21.3, 3.9 ],
							"rotationOrigin": [ 2.0, 8.3, 2.4 ],
							"rotationX": 33.0,
							"rotationY": 8.0,
							"rotationZ": -19.0,
							"faces": {
								"north": { "texture": "#trunk", "uv": [ 0.0, 0.0, 3.0, 13.0 ] },
								"east": { "texture": "#trunk", "uv": [ 0.0, 0.0, 3.0, 13.0 ] },
								"south": { "texture": "#trunk", "uv": [ 0.0, 0.0, 3.0, 13.0 ] },
								"west": { "texture": "#trunk", "uv": [ 0.0, 0.0, 3.0, 13.0 ] },
								"up": { "texture": "#trunk", "uv": [ 0.0, 16.0, 3.0, 19.0 ] },
								"down": { "texture": "#trunk", "uv": [ 0.0, 16.0, 3.0, 19.0 ] }
							},
							"children": [
								{
									"name": "Trunk base4",
									"from": [ 0.5, 12.4, 0.5 ],
									"to": [ 2.5, 28.4, 2.5 ],
									"rotationOrigin": [ 1.5, 12.4, 1.5 ],
									"rotationX": 14.0,
									"rotationY": 8.0,
									"rotationZ": 19.0,
									"faces": {
										"north": { "texture": "#trunk", "uv": [ 0.0, 0.0, 2.0, 16.0 ] },
										"east": { "texture": "#trunk", "uv": [ 0.0, 0.0, 2.0, 16.0 ] },
										"south": { "texture": "#trunk", "uv": [ 0.0, 0.0, 2.0, 16.0 ] },
										"west": { "texture": "#trunk", "uv": [ 0.0, 0.0, 2.0, 16.0 ] },
										"up": { "texture": "#trunk", "uv": [ 0.0, 16.0, 2.0, 18.0 ] },
										"down": { "texture": "#trunk", "uv": [ 0.0, 16.0, 2.0, 18.0 ] }
									}
								},
								{
									"name": "Trunk base5",
									"from": [ 0.5, -0.5, -0.5 ],
									"to": [ 2.5, 10.5, 1.5 ],
									"rotationOrigin": [ 1.5, -0.5, 0.5 ],
									"rotationX": -11.0,
									"rotationY": 3.0,
									"rotationZ": 36.0,
									"faces": {
										"north": { "texture": "#trunk", "uv": [ 0.0, 0.0, 2.0, 11.0 ] },
										"east": { "texture": "#trunk", "uv": [ 0.0, 0.0, 2.0, 11.0 ] },
										"south": { "texture": "#trunk", "uv": [ 0.0, 0.0, 2.0, 11.0 ] },
										"west": { "texture": "#trunk", "uv": [ 0.0, 0.0, 2.0, 11.0 ] },
										"up": { "texture": "#trunk", "uv": [ 0.0, 16.0, 2.0, 18.0 ] },
										"down": { "texture": "#trunk", "uv": [ 0.0, 16.0, 2.0, 18.0 ] }
									},
									"children": [
										{
											"name": "Trunk base6",
											"from": [ 0.0, 10.5, 0.0 ],
											"to": [ 2.0, 21.5, 2.0 ],
											"rotationOrigin": [ 1.0, 10.5, 1.0 ],
											"rotationX": 28.0,
											"rotationY": -3.0,
											"rotationZ": -14.0,
											"faces": {
												"north": { "texture": "#trunk", "uv": [ 0.0, 0.0, 2.0, 11.0 ] },
												"east": { "texture": "#trunk", "uv": [ 0.0, 0.0, 2.0, 11.0 ] },
												"south": { "texture": "#trunk", "uv": [ 0.0, 0.0, 2.0, 11.0 ] },
												"west": { "texture": "#trunk", "uv": [ 0.0, 0.0, 2.0, 11.0 ] },
												"up": { "texture": "#trunk", "uv": [ 0.0, 16.0, 2.0, 18.0 ] },
												"down": { "texture": "#trunk", "uv": [ 0.0, 16.0, 2.0, 18.0 ] }
											}
										}
									]
								}
							]
						}
					]
				},
				{
					"name": "Trunk base7",
					"from": [ 0.5, 11.5, -0.5 ],
					"to": [ 2.5, 18.5, 1.5 ],
					"rotationOrigin": [ 1.5, 11.5, 0.5 ],
					"rotationX": -28.0,
					"rotationY": 17.0,
					"rotationZ": 36.0,
					"faces": {
						"north": { "texture": "#trunk", "uv": [ 0.0, 0.0, 2.0, 7.0 ] },
						"east": { "texture": "#trunk", "uv": [ 0.0, 0.0, 2.0, 7.0 ] },
						"south": { "texture": "#trunk", "uv": [ 0.0, 0.0, 2.0, 7.0 ] },
						"west": { "texture": "#trunk", "uv": [ 0.0, 0.0, 2.0, 7.0 ] },
						"up": { "texture": "#trunk", "uv": [ 0.0, 16.0, 2.0, 18.0 ] },
						"down": { "texture": "#trunk", "uv": [ 0.0, 16.0, 2.0, 18.0 ] }
					},
					"children": [
						{
							"name": "Trunk base8",
							"from": [ 0.0, 6.5, 0.0 ],
							"to": [ 2.0, 16.5, 2.0 ],
							"rotationOrigin": [ 1.0, 6.5, 1.0 ],
							"rotationX": 28.0,
							"rotationY": -3.0,
							"rotationZ": -14.0,
							"faces": {
								"north": { "texture": "#trunk", "uv": [ 0.0, 0.0, 2.0, 10.0 ] },
								"east": { "texture": "#trunk", "uv": [ 0.0, 0.0, 2.0, 10.0 ] },
								"south": { "texture": "#trunk", "uv": [ 0.0, 0.0, 2.0, 10.0 ] },
								"west": { "texture": "#trunk", "uv": [ 0.0, 0.0, 2.0, 10.0 ] },
								"up": { "texture": "#trunk", "uv": [ 0.0, 16.0, 2.0, 18.0 ] },
								"down": { "texture": "#trunk", "uv": [ 0.0, 16.0, 2.0, 18.0 ] }
							}
						}
					]
				},
				{
					"name": "Trunk base9",
					"from": [ 0.0, 10.0, -0.3 ],
					"to": [ 4.0, 17.0, 3.7 ],
					"rotationOrigin": [ 2.0, 10.0, 1.7 ],
					"rotationY": 1.0,
					"rotationZ": -44.0,
					"faces": {
						"north": { "texture": "#trunk", "uv": [ 0.0, 0.0, 4.0, 7.0 ] },
						"east": { "texture": "#trunk", "uv": [ 0.0, 0.0, 4.0, 7.0 ] },
						"south": { "texture": "#trunk", "uv": [ 0.0, 0.0, 4.0, 7.0 ] },
						"west": { "texture": "#trunk", "uv": [ 0.0, 0.0, 4.0, 7.0 ] },
						"up": { "texture": "#trunk", "uv": [ 0.0, 16.0, 4.0, 20.0 ] },
						"down": { "texture": "#trunk", "uv": [ 0.0, 16.0, 4.0, 20.0 ] }
					},
					"children": [
						{
							"name": "Trunk base10",
							"from": [ 0.5, 6.3, 0.9 ],
							"to": [ 3.5, 15.3, 3.9 ],
							"rotationOrigin": [ 2.0, 6.3, 2.4 ],
							"rotationX": -8.0,
							"rotationY": 8.0,
							"rotationZ": 19.0,
							"faces": {
								"north": { "texture": "#trunk", "uv": [ 0.0, 0.0, 3.0, 9.0 ] },
								"east": { "texture": "#trunk", "uv": [ 0.0, 0.0, 3.0, 9.0 ] },
								"south": { "texture": "#trunk", "uv": [ 0.0, 0.0, 3.0, 9.0 ] },
								"west": { "texture": "#trunk", "uv": [ 0.0, 0.0, 3.0, 9.0 ] },
								"up": { "texture": "#trunk", "uv": [ 0.0, 16.0, 3.0, 19.0 ] },
								"down": { "texture": "#trunk", "uv": [ 0.0, 16.0, 3.0, 19.0 ] }
							},
							"children": [
								{
									"name": "Trunk base11",
									"from": [ 0.5, 8.4, 0.5 ],
									"to": [ 2.5, 24.4, 2.5 ],
									"rotationOrigin": [ 1.5, 8.4, 1.5 ],
									"rotationY": 8.0,
									"rotationZ": 19.0,
									"faces": {
										"north": { "texture": "#trunk", "uv": [ 0.0, 0.0, 2.0, 16.0 ] },
										"east": { "texture": "#trunk", "uv": [ 0.0, 0.0, 2.0, 16.0 ] },
										"south": { "texture": "#trunk", "uv": [ 0.0, 0.0, 2.0, 16.0 ] },
										"west": { "texture": "#trunk", "uv": [ 0.0, 0.0, 2.0, 16.0 ] },
										"up": { "texture": "#trunk", "uv": [ 0.0, 16.0, 2.0, 18.0 ] },
										"down": { "texture": "#trunk", "uv": [ 0.0, 16.0, 2.0, 18.0 ] }
									}
								},
								{
									"name": "Trunk base12",
									"from": [ 0.5, -0.5, -0.5 ],
									"to": [ 2.5, 8.5, 1.5 ],
									"rotationOrigin": [ 1.5, -0.5, 0.5 ],
									"rotationX": -11.0,
									"rotationY": 3.0,
									"rotationZ": 36.0,
									"faces": {
										"north": { "texture": "#trunk", "uv": [ 0.0, 0.0, 2.0, 9.0 ] },
										"east": { "texture": "#trunk", "uv": [ 0.0, 0.0, 2.0, 9.0 ] },
										"south": { "texture": "#trunk", "uv": [ 0.0, 0.0, 2.0, 9.0 ] },
										"west": { "texture": "#trunk", "uv": [ 0.0, 0.0, 2.0, 9.0 ] },
										"up": { "texture": "#trunk", "uv": [ 0.0, 16.0, 2.0, 18.0 ] },
										"down": { "texture": "#trunk", "uv": [ 0.0, 16.0, 2.0, 18.0 ] }
									},
									"children": [
										{
											"name": "Trunk base13",
											"from": [ 0.0, 8.5, 0.0 ],
											"to": [ 2.0, 19.5, 2.0 ],
											"rotationOrigin": [ 1.0, 8.5, 1.0 ],
											"rotationX": 3.0,
											"rotationY": -3.0,
											"rotationZ": -11.0,
											"faces": {
												"north": { "texture": "#trunk", "uv": [ 0.0, 0.0, 2.0, 11.0 ] },
												"east": { "texture": "#trunk", "uv": [ 0.0, 0.0, 2.0, 11.0 ] },
												"south": { "texture": "#trunk", "uv": [ 0.0, 0.0, 2.0, 11.0 ] },
												"west": { "texture": "#trunk", "uv": [ 0.0, 0.0, 2.0, 11.0 ] },
												"up": { "texture": "#trunk", "uv": [ 0.0, 16.0, 2.0, 18.0 ] },
												"down": { "texture": "#trunk", "uv": [ 0.0, 16.0, 2.0, 18.0 ] }
											}
										}
									]
								}
							]
						}
					]
				}
			]
		}
	]}