{
	"editor": {
		"allAngles": false,
		"entityTextureMode": false
	},
	"textureWidth": 16,
	"textureHeight": 16,
	"textureSizes": {
	},
	"textures": {
		"rusty4": "game:block/metal/corroded/rusty4"
	},
	"elements": [
		{
			"name": "Wire",
			"from": [ 3.88, 12.0, 0.74 ],
			"to": [ 12.52, 14.16, 2.9 ],
			"rotationOrigin": [ 6.88, 12.0, 0.74 ],
			"rotationX": 70.0,
			"rotationY": 226.0,
			"rotationZ": 131.0,
			"faces": {
				"north": { "texture": "#rusty4", "uv": [ 0.0, 2.0, 8.5, 4.0 ] },
				"east": { "texture": "#rusty4", "uv": [ 8.5, 2.0, 10.5, 4.0 ] },
				"south": { "texture": "#rusty4", "uv": [ 3.0, 3.0, 11.5, 5.0 ] },
				"west": { "texture": "#rusty4", "uv": [ 11.0, 3.0, 13.0, 5.0 ] },
				"up": { "texture": "#rusty4", "uv": [ 2.0, 5.0, 10.5, 7.0 ] },
				"down": { "texture": "#rusty4", "uv": [ 3.0, 5.0, 11.5, 7.0 ] }
			},
			"children": [
				{
					"name": "Wire2",
					"from": [ 7.776, 0.0, 0.0 ],
					"to": [ 16.416, 2.16, 2.16 ],
					"rotationOrigin": [ 7.776, 0.0, 0.0 ],
					"rotationY": 29.0,
					"rotationZ": 15.0,
					"faces": {
						"north": { "texture": "#rusty4", "uv": [ 0.0, 13.5, 8.5, 15.5 ] },
						"east": { "texture": "#rusty4", "uv": [ 8.5, 13.5, 10.5, 15.5 ] },
						"south": { "texture": "#rusty4", "uv": [ 4.0, 13.0, 12.5, 15.0 ] },
						"west": { "texture": "#rusty4", "uv": [ 9.5, 9.5, 11.5, 11.5 ] },
						"up": { "texture": "#rusty4", "uv": [ 0.0, 11.5, 8.5, 13.5 ] },
						"down": { "texture": "#rusty4", "uv": [ 4.5, 13.5, 13.0, 15.5 ] }
					},
					"children": [
						{
							"name": "Wire3",
							"from": [ 8.208, 0.0, 0.0 ],
							"to": [ 16.848, 2.16, 2.16 ],
							"rotationOrigin": [ 8.208, 0.0, 0.0 ],
							"rotationX": 1.0,
							"rotationY": 14.0,
							"rotationZ": 32.0,
							"faces": {
								"north": { "texture": "#rusty4", "uv": [ 3.0, 4.0, 11.5, 6.0 ] },
								"east": { "texture": "#rusty4", "uv": [ 11.5, 5.5, 13.5, 7.5 ] },
								"south": { "texture": "#rusty4", "uv": [ 5.5, 13.5, 14.0, 15.5 ] },
								"west": { "texture": "#rusty4", "uv": [ 12.5, 11.5, 14.5, 13.5 ] },
								"up": { "texture": "#rusty4", "uv": [ 0.5, 9.0, 9.0, 11.0 ] },
								"down": { "texture": "#rusty4", "uv": [ 5.0, 12.5, 13.5, 14.5 ] }
							},
							"children": [
								{
									"name": "Wire4",
									"from": [ 6.912, 2.16, 0.864 ],
									"to": [ 15.552, 4.32, 3.024 ],
									"rotationOrigin": [ 6.912, 2.16, 0.864 ],
									"rotationX": 85.0,
									"rotationZ": -59.0,
									"faces": {
										"north": { "texture": "#rusty4", "uv": [ 6.5, 4.0, 15.0, 6.0 ] },
										"east": { "texture": "#rusty4", "uv": [ 9.0, 13.5, 11.0, 15.5 ] },
										"south": { "texture": "#rusty4", "uv": [ 7.0, 0.5, 15.5, 2.5 ] },
										"west": { "texture": "#rusty4", "uv": [ 12.5, 0.5, 14.5, 2.5 ] },
										"up": { "texture": "#rusty4", "uv": [ 4.5, 0.5, 13.0, 2.5 ] },
										"down": { "texture": "#rusty4", "uv": [ 6.5, 3.0, 15.0, 5.0 ] }
									},
									"children": [
										{
											"name": "Wire5",
											"from": [ 6.912, 0.864, -0.0432 ],
											"to": [ 15.552, 3.024, 2.1168 ],
											"rotationOrigin": [ 6.912, 0.864, 0.0 ],
											"rotationZ": -45.0,
											"faces": {
												"north": { "texture": "#rusty4", "uv": [ 0.5, 8.0, 9.0, 10.0 ] },
												"east": { "texture": "#rusty4", "uv": [ 8.5, 8.0, 10.5, 10.0 ] },
												"south": { "texture": "#rusty4", "uv": [ 4.5, 7.0, 13.0, 9.0 ] },
												"west": { "texture": "#rusty4", "uv": [ 12.5, 7.5, 14.5, 9.5 ] },
												"up": { "texture": "#rusty4", "uv": [ 1.0, 7.0, 9.5, 9.0 ] },
												"down": { "texture": "#rusty4", "uv": [ 6.5, 6.5, 15.0, 8.5 ] }
											},
											"children": [
												{
													"name": "Wire6",
													"from": [ 7.344, 0.0043, 0.864 ],
													"to": [ 15.984, 2.1643, 3.024 ],
													"rotationOrigin": [ 7.344, 0.0, 0.864 ],
													"rotationY": 45.0,
													"faces": {
														"north": { "texture": "#rusty4", "uv": [ 3.5, 0.5, 12.0, 2.5 ] },
														"east": { "texture": "#rusty4", "uv": [ 11.5, 6.0, 13.5, 8.0 ] },
														"south": { "texture": "#rusty4", "uv": [ 4.5, 0.5, 13.0, 2.5 ] },
														"west": { "texture": "#rusty4", "uv": [ 13.0, 4.0, 15.0, 6.0 ] },
														"up": { "texture": "#rusty4", "uv": [ 5.5, 5.0, 14.0, 7.0 ] },
														"down": { "texture": "#rusty4", "uv": [ 6.5, 13.0, 15.0, 15.0 ] }
													},
													"children": [
														{
															"name": "Wire7",
															"from": [ 6.48, 0.0043, 1.728 ],
															"to": [ 15.12, 2.1643, 3.888 ],
															"rotationOrigin": [ 6.48, -0.0043, 1.728 ],
															"rotationY": 67.5,
															"faces": {
																"north": { "texture": "#rusty4", "uv": [ 3.0, 0.5, 11.5, 2.5 ] },
																"east": { "texture": "#rusty4", "uv": [ 11.5, 2.5, 13.5, 4.5 ] },
																"south": { "texture": "#rusty4", "uv": [ 6.5, 2.0, 15.0, 4.0 ] },
																"west": { "texture": "#rusty4", "uv": [ 7.5, 5.0, 9.5, 7.0 ] },
																"up": { "texture": "#rusty4", "uv": [ 2.5, 13.5, 11.0, 15.5 ] },
																"down": { "texture": "#rusty4", "uv": [ 6.5, 3.0, 15.0, 5.0 ] }
															},
															"children": [
																{
																	"name": "Wire8",
																	"from": [ 6.48, 1.296, -0.0432 ],
																	"to": [ 15.12, 3.456, 2.1168 ],
																	"rotationOrigin": [ 6.48, 1.2874, 0.0 ],
																	"rotationZ": -67.5,
																	"faces": {
																		"north": { "texture": "#rusty4", "uv": [ 2.0, 5.0, 10.5, 7.0 ] },
																		"east": { "texture": "#rusty4", "uv": [ 9.0, 13.0, 11.0, 15.0 ] },
																		"south": { "texture": "#rusty4", "uv": [ 6.0, 6.5, 14.5, 8.5 ] },
																		"west": { "texture": "#rusty4", "uv": [ 3.0, 12.5, 5.0, 14.5 ] },
																		"up": { "texture": "#rusty4", "uv": [ 1.0, 13.0, 9.5, 15.0 ] },
																		"down": { "texture": "#rusty4", "uv": [ 5.0, 6.0, 13.5, 8.0 ] }
																	},
																	"children": [
																		{
																			"name": "Wire9",
																			"from": [ 6.912, -0.0432, 0.432 ],
																			"to": [ 15.552, 2.1168, 2.592 ],
																			"rotationOrigin": [ 6.912, -0.0086, 0.432 ],
																			"rotationY": 45.0,
																			"faces": {
																				"north": { "texture": "#rusty4", "uv": [ 7.5, 3.0, 16.0, 5.0 ] },
																				"east": { "texture": "#rusty4", "uv": [ 13.0, 1.5, 15.0, 3.5 ] },
																				"south": { "texture": "#rusty4", "uv": [ 6.5, 3.5, 15.0, 5.5 ] },
																				"west": { "texture": "#rusty4", "uv": [ 14.0, 1.0, 16.0, 3.0 ] },
																				"up": { "texture": "#rusty4", "uv": [ 7.5, 7.0, 16.0, 9.0 ] },
																				"down": { "texture": "#rusty4", "uv": [ 7.0, 5.5, 15.5, 7.5 ] }
																			},
																			"children": [
																				{
																					"name": "Wire10",
																					"from": [ 6.912, 0.0, 0.864 ],
																					"to": [ 15.552, 2.16, 3.024 ],
																					"rotationOrigin": [ 6.912, 0.0346, 0.864 ],
																					"rotationY": 45.0,
																					"rotationZ": -17.4,
																					"faces": {
																						"north": { "texture": "#rusty4", "uv": [ 4.0, 0.5, 12.5, 2.5 ] },
																						"east": { "texture": "#rusty4", "uv": [ 2.5, 5.0, 4.5, 7.0 ] },
																						"south": { "texture": "#rusty4", "uv": [ 4.5, 0.5, 13.0, 2.5 ] },
																						"west": { "texture": "#rusty4", "uv": [ 9.5, 1.0, 11.5, 3.0 ] },
																						"up": { "texture": "#rusty4", "uv": [ 5.5, 0.5, 14.0, 2.5 ] },
																						"down": { "texture": "#rusty4", "uv": [ 6.5, 0.5, 15.0, 2.5 ] }
																					},
																					"children": [
																						{
																							"name": "Wire11",
																							"from": [ 6.912, 0.0, 1.728 ],
																							"to": [ 15.552, 2.16, 3.888 ],
																							"rotationOrigin": [ 6.912, 0.0346, 1.728 ],
																							"rotationX": -3.0,
																							"rotationY": 73.0,
																							"faces": {
																								"north": { "texture": "#rusty4", "uv": [ 4.0, 0.5, 12.5, 2.5 ] },
																								"east": { "texture": "#rusty4", "uv": [ 9.0, 13.0, 11.0, 15.0 ] },
																								"south": { "texture": "#rusty4", "uv": [ 5.5, 13.5, 14.0, 15.5 ] },
																								"west": { "texture": "#rusty4", "uv": [ 9.5, 2.5, 11.5, 4.5 ] },
																								"up": { "texture": "#rusty4", "uv": [ 6.5, 14.0, 15.0, 16.0 ] },
																								"down": { "texture": "#rusty4", "uv": [ 4.0, 1.0, 12.5, 3.0 ] }
																							}
																						}
																					]
																				}
																			]
																		}
																	]
																}
															]
														}
													]
												}
											]
										}
									]
								}
							]
						}
					]
				}
			]
		},
		{
			"name": "Wire12",
			"from": [ 0.38, 11.0, 20.84 ],
			"to": [ 9.02, 13.16, 23.0 ],
			"rotationOrigin": [ 0.376, 11.0, 20.84 ],
			"rotationY": 67.5,
			"rotationZ": -45.0,
			"faces": {
				"north": { "texture": "#rusty4", "uv": [ 0.0, 2.0, 8.5, 4.0 ] },
				"east": { "texture": "#rusty4", "uv": [ 8.5, 2.0, 10.5, 4.0 ] },
				"south": { "texture": "#rusty4", "uv": [ 3.0, 3.0, 11.5, 5.0 ] },
				"west": { "texture": "#rusty4", "uv": [ 11.0, 3.0, 13.0, 5.0 ] },
				"up": { "texture": "#rusty4", "uv": [ 2.0, 5.0, 10.5, 7.0 ] },
				"down": { "texture": "#rusty4", "uv": [ 3.0, 5.0, 11.5, 7.0 ] }
			},
			"children": [
				{
					"name": "Wire13",
					"from": [ 7.776, 0.0, 0.0 ],
					"to": [ 16.416, 2.16, 2.16 ],
					"rotationOrigin": [ 7.776, 0.0, 0.0 ],
					"rotationY": 29.0,
					"rotationZ": 15.0,
					"faces": {
						"north": { "texture": "#rusty4", "uv": [ 0.0, 13.5, 8.5, 15.5 ] },
						"east": { "texture": "#rusty4", "uv": [ 8.5, 13.5, 10.5, 15.5 ] },
						"south": { "texture": "#rusty4", "uv": [ 4.0, 13.0, 12.5, 15.0 ] },
						"west": { "texture": "#rusty4", "uv": [ 9.5, 9.5, 11.5, 11.5 ] },
						"up": { "texture": "#rusty4", "uv": [ 0.0, 11.5, 8.5, 13.5 ] },
						"down": { "texture": "#rusty4", "uv": [ 4.5, 13.5, 13.0, 15.5 ] }
					},
					"children": [
						{
							"name": "Wire14",
							"from": [ 8.208, 0.0, 0.0 ],
							"to": [ 16.848, 2.16, 2.16 ],
							"rotationOrigin": [ 8.208, 0.0, 0.0 ],
							"rotationX": 1.0,
							"rotationY": 14.0,
							"rotationZ": 32.0,
							"faces": {
								"north": { "texture": "#rusty4", "uv": [ 3.0, 4.0, 11.5, 6.0 ] },
								"east": { "texture": "#rusty4", "uv": [ 11.5, 5.5, 13.5, 7.5 ] },
								"south": { "texture": "#rusty4", "uv": [ 5.5, 13.5, 14.0, 15.5 ] },
								"west": { "texture": "#rusty4", "uv": [ 12.5, 11.5, 14.5, 13.5 ] },
								"up": { "texture": "#rusty4", "uv": [ 0.5, 9.0, 9.0, 11.0 ] },
								"down": { "texture": "#rusty4", "uv": [ 5.0, 12.5, 13.5, 14.5 ] }
							},
							"children": [
								{
									"name": "Wire15",
									"from": [ 6.912, 2.16, 0.864 ],
									"to": [ 15.552, 4.32, 3.024 ],
									"rotationOrigin": [ 6.912, 2.16, 0.864 ],
									"rotationX": 85.0,
									"rotationZ": -59.0,
									"faces": {
										"north": { "texture": "#rusty4", "uv": [ 6.5, 4.0, 15.0, 6.0 ] },
										"east": { "texture": "#rusty4", "uv": [ 9.0, 13.5, 11.0, 15.5 ] },
										"south": { "texture": "#rusty4", "uv": [ 7.0, 0.5, 15.5, 2.5 ] },
										"west": { "texture": "#rusty4", "uv": [ 12.5, 0.5, 14.5, 2.5 ] },
										"up": { "texture": "#rusty4", "uv": [ 4.5, 0.5, 13.0, 2.5 ] },
										"down": { "texture": "#rusty4", "uv": [ 6.5, 3.0, 15.0, 5.0 ] }
									},
									"children": [
										{
											"name": "Wire16",
											"from": [ 6.912, 0.864, -0.0432 ],
											"to": [ 15.552, 3.024, 2.1168 ],
											"rotationOrigin": [ 6.912, 0.864, 0.0 ],
											"rotationZ": -45.0,
											"faces": {
												"north": { "texture": "#rusty4", "uv": [ 0.5, 8.0, 9.0, 10.0 ] },
												"east": { "texture": "#rusty4", "uv": [ 8.5, 8.0, 10.5, 10.0 ] },
												"south": { "texture": "#rusty4", "uv": [ 4.5, 7.0, 13.0, 9.0 ] },
												"west": { "texture": "#rusty4", "uv": [ 12.5, 7.5, 14.5, 9.5 ] },
												"up": { "texture": "#rusty4", "uv": [ 1.0, 7.0, 9.5, 9.0 ] },
												"down": { "texture": "#rusty4", "uv": [ 6.5, 6.5, 15.0, 8.5 ] }
											},
											"children": [
												{
													"name": "Wire17",
													"from": [ 7.344, 0.0043, 0.864 ],
													"to": [ 15.984, 2.1643, 3.024 ],
													"rotationOrigin": [ 7.344, 0.0, 0.864 ],
													"rotationY": 45.0,
													"faces": {
														"north": { "texture": "#rusty4", "uv": [ 3.5, 0.5, 12.0, 2.5 ] },
														"east": { "texture": "#rusty4", "uv": [ 11.5, 6.0, 13.5, 8.0 ] },
														"south": { "texture": "#rusty4", "uv": [ 4.5, 0.5, 13.0, 2.5 ] },
														"west": { "texture": "#rusty4", "uv": [ 13.0, 4.0, 15.0, 6.0 ] },
														"up": { "texture": "#rusty4", "uv": [ 5.5, 5.0, 14.0, 7.0 ] },
														"down": { "texture": "#rusty4", "uv": [ 6.5, 13.0, 15.0, 15.0 ] }
													},
													"children": [
														{
															"name": "Wire18",
															"from": [ 6.48, 0.0043, 1.728 ],
															"to": [ 15.12, 2.1643, 3.888 ],
															"rotationOrigin": [ 6.48, -0.0043, 1.728 ],
															"rotationY": 67.5,
															"faces": {
																"north": { "texture": "#rusty4", "uv": [ 3.0, 0.5, 11.5, 2.5 ] },
																"east": { "texture": "#rusty4", "uv": [ 11.5, 2.5, 13.5, 4.5 ] },
																"south": { "texture": "#rusty4", "uv": [ 6.5, 2.0, 15.0, 4.0 ] },
																"west": { "texture": "#rusty4", "uv": [ 7.5, 5.0, 9.5, 7.0 ] },
																"up": { "texture": "#rusty4", "uv": [ 2.5, 13.5, 11.0, 15.5 ] },
																"down": { "texture": "#rusty4", "uv": [ 6.5, 3.0, 15.0, 5.0 ] }
															},
															"children": [
																{
																	"name": "Wire19",
																	"from": [ 6.48, 1.296, -0.0432 ],
																	"to": [ 15.12, 3.456, 2.1168 ],
																	"rotationOrigin": [ 6.48, 1.2874, 0.0 ],
																	"rotationZ": -67.5,
																	"faces": {
																		"north": { "texture": "#rusty4", "uv": [ 2.0, 5.0, 10.5, 7.0 ] },
																		"east": { "texture": "#rusty4", "uv": [ 9.0, 13.0, 11.0, 15.0 ] },
																		"south": { "texture": "#rusty4", "uv": [ 6.0, 6.5, 14.5, 8.5 ] },
																		"west": { "texture": "#rusty4", "uv": [ 3.0, 12.5, 5.0, 14.5 ] },
																		"up": { "texture": "#rusty4", "uv": [ 1.0, 13.0, 9.5, 15.0 ] },
																		"down": { "texture": "#rusty4", "uv": [ 5.0, 6.0, 13.5, 8.0 ] }
																	},
																	"children": [
																		{
																			"name": "Wire20",
																			"from": [ 6.912, -0.0432, 0.432 ],
																			"to": [ 15.552, 2.1168, 2.592 ],
																			"rotationOrigin": [ 6.912, -0.0086, 0.432 ],
																			"rotationY": 45.0,
																			"faces": {
																				"north": { "texture": "#rusty4", "uv": [ 7.5, 3.0, 16.0, 5.0 ] },
																				"east": { "texture": "#rusty4", "uv": [ 13.0, 1.5, 15.0, 3.5 ] },
																				"south": { "texture": "#rusty4", "uv": [ 6.5, 3.5, 15.0, 5.5 ] },
																				"west": { "texture": "#rusty4", "uv": [ 14.0, 1.0, 16.0, 3.0 ] },
																				"up": { "texture": "#rusty4", "uv": [ 7.5, 7.0, 16.0, 9.0 ] },
																				"down": { "texture": "#rusty4", "uv": [ 7.0, 5.5, 15.5, 7.5 ] }
																			},
																			"children": [
																				{
																					"name": "Wire21",
																					"from": [ 6.912, 0.0, 0.864 ],
																					"to": [ 15.552, 2.16, 3.024 ],
																					"rotationOrigin": [ 6.912, 0.0346, 0.864 ],
																					"rotationY": 45.0,
																					"rotationZ": 6.0,
																					"faces": {
																						"north": { "texture": "#rusty4", "uv": [ 4.0, 0.5, 12.5, 2.5 ] },
																						"east": { "texture": "#rusty4", "uv": [ 2.5, 5.0, 4.5, 7.0 ] },
																						"south": { "texture": "#rusty4", "uv": [ 4.5, 0.5, 13.0, 2.5 ] },
																						"west": { "texture": "#rusty4", "uv": [ 9.5, 1.0, 11.5, 3.0 ] },
																						"up": { "texture": "#rusty4", "uv": [ 5.5, 0.5, 14.0, 2.5 ] },
																						"down": { "texture": "#rusty4", "uv": [ 6.5, 0.5, 15.0, 2.5 ] }
																					},
																					"children": [
																						{
																							"name": "Wire22",
																							"from": [ 6.912, 0.0, 1.728 ],
																							"to": [ 15.552, 2.16, 3.888 ],
																							"rotationOrigin": [ 6.912, 0.0346, 1.728 ],
																							"rotationX": -3.0,
																							"rotationY": 73.0,
																							"faces": {
																								"north": { "texture": "#rusty4", "uv": [ 4.0, 0.5, 12.5, 2.5 ] },
																								"east": { "texture": "#rusty4", "uv": [ 9.0, 13.0, 11.0, 15.0 ] },
																								"south": { "texture": "#rusty4", "uv": [ 5.5, 13.5, 14.0, 15.5 ] },
																								"west": { "texture": "#rusty4", "uv": [ 9.5, 2.5, 11.5, 4.5 ] },
																								"up": { "texture": "#rusty4", "uv": [ 6.5, 14.0, 15.0, 16.0 ] },
																								"down": { "texture": "#rusty4", "uv": [ 4.0, 1.0, 12.5, 3.0 ] }
																							},
																							"children": [
																								{
																									"name": "Cube.",
																									"from": [ 8.6, -2.3, -1.7 ],
																									"to": [ 15.6, 4.7, 5.3 ],
																									"rotationOrigin": [ 8.6, -2.3, -1.7 ],
																									"faces": {
																										"north": { "texture": "#rusty4", "uv": [ 0.0, 0.0, 7.0, 7.0 ] },
																										"east": { "texture": "#rusty4", "uv": [ 0.0, 0.0, 7.0, 7.0 ] },
																										"south": { "texture": "#rusty4", "uv": [ 0.0, 0.0, 7.0, 7.0 ] },
																										"west": { "texture": "#rusty4", "uv": [ 0.0, 0.0, 7.0, 7.0 ] },
																										"up": { "texture": "#rusty4", "uv": [ 0.0, 0.0, 7.0, 7.0 ] },
																										"down": { "texture": "#rusty4", "uv": [ 0.0, 0.0, 7.0, 7.0 ] }
																									},
																									"children": [
																										{
																											"name": "Cube..",
																											"from": [ 0.01, 0.0, 0.0 ],
																											"to": [ 7.01, 7.0, 7.0 ],
																											"rotationOrigin": [ 3.5, 3.5, 3.5 ],
																											"rotationX": 45.0,
																											"rotationY": 0.0,
																											"rotationZ": 0.0,
																											"faces": {
																												"north": { "texture": "#rusty4", "uv": [ 0.0, 0.0, 7.0, 7.0 ] },
																												"east": { "texture": "#rusty4", "uv": [ 0.0, 0.0, 7.0, 7.0 ] },
																												"south": { "texture": "#rusty4", "uv": [ 0.0, 0.0, 7.0, 7.0 ] },
																												"west": { "texture": "#rusty4", "uv": [ 0.0, 0.0, 7.0, 7.0 ] },
																												"up": { "texture": "#rusty4", "uv": [ 0.0, 0.0, 7.0, 7.0 ] },
																												"down": { "texture": "#rusty4", "uv": [ 0.0, 0.0, 7.0, 7.0 ] }
																											},
																											"children": [
																												{
																													"name": "Cube...",
																													"from": [ 0.0, 0.01, 0.0 ],
																													"to": [ 7.0, 7.01, 7.0 ],
																													"rotationOrigin": [ 3.49, 3.5, 3.5 ],
																													"rotationY": 45.0,
																													"rotationZ": 0.0,
																													"faces": {
																														"north": { "texture": "#rusty4", "uv": [ 0.0, 0.0, 7.0, 7.0 ] },
																														"east": { "texture": "#rusty4", "uv": [ 0.0, 0.0, 7.0, 7.0 ] },
																														"south": { "texture": "#rusty4", "uv": [ 0.0, 0.0, 7.0, 7.0 ] },
																														"west": { "texture": "#rusty4", "uv": [ 0.0, 0.0, 7.0, 7.0 ] },
																														"up": { "texture": "#rusty4", "uv": [ 0.0, 0.0, 7.0, 7.0 ] },
																														"down": { "texture": "#rusty4", "uv": [ 0.0, 0.0, 7.0, 7.0 ] }
																													},
																													"children": [
																														{
																															"name": "Cube....",
																															"from": [ -0.01, 0.0, 0.0 ],
																															"to": [ 6.99, 7.0, 7.0 ],
																															"rotationOrigin": [ 3.49, 3.49, 3.5 ],
																															"rotationX": 45.0,
																															"rotationY": 0.0,
																															"rotationZ": 0.0,
																															"faces": {
																																"north": { "texture": "#rusty4", "uv": [ 0.0, 0.0, 7.0, 7.0 ] },
																																"east": { "texture": "#rusty4", "uv": [ 0.0, 0.0, 7.0, 7.0 ] },
																																"south": { "texture": "#rusty4", "uv": [ 0.0, 0.0, 7.0, 7.0 ] },
																																"west": { "texture": "#rusty4", "uv": [ 0.0, 0.0, 7.0, 7.0 ] },
																																"up": { "texture": "#rusty4", "uv": [ 0.0, 0.0, 7.0, 7.0 ] },
																																"down": { "texture": "#rusty4", "uv": [ 0.0, 0.0, 7.0, 7.0 ] }
																															}
																														}
																													]
																												}
																											]
																										}
																									]
																								}
																							]
																						}
																					]
																				}
																			]
																		}
																	]
																}
															]
														}
													]
												}
											]
										}
									]
								}
							]
						}
					]
				}
			]
		},
		{
			"name": "Wire23",
			"from": [ 1.18, 12.3, -5.46 ],
			"to": [ 9.82, 14.46, -3.3 ],
			"rotationOrigin": [ 1.176, 12.3, -5.46 ],
			"rotationX": 44.5,
			"rotationY": 7.0,
			"rotationZ": -100.0,
			"faces": {
				"north": { "texture": "#rusty4", "uv": [ 0.0, 2.0, 8.5, 4.0 ] },
				"east": { "texture": "#rusty4", "uv": [ 8.5, 2.0, 10.5, 4.0 ] },
				"south": { "texture": "#rusty4", "uv": [ 3.0, 3.0, 11.5, 5.0 ] },
				"west": { "texture": "#rusty4", "uv": [ 11.0, 3.0, 13.0, 5.0 ] },
				"up": { "texture": "#rusty4", "uv": [ 2.0, 5.0, 10.5, 7.0 ] },
				"down": { "texture": "#rusty4", "uv": [ 3.0, 5.0, 11.5, 7.0 ] }
			},
			"children": [
				{
					"name": "Wire24",
					"from": [ 7.776, 0.0, 0.0 ],
					"to": [ 16.416, 2.16, 2.16 ],
					"rotationOrigin": [ 7.776, 0.0, 0.0 ],
					"rotationY": 29.0,
					"rotationZ": 15.0,
					"faces": {
						"north": { "texture": "#rusty4", "uv": [ 0.0, 13.5, 8.5, 15.5 ] },
						"east": { "texture": "#rusty4", "uv": [ 8.5, 13.5, 10.5, 15.5 ] },
						"south": { "texture": "#rusty4", "uv": [ 4.0, 13.0, 12.5, 15.0 ] },
						"west": { "texture": "#rusty4", "uv": [ 9.5, 9.5, 11.5, 11.5 ] },
						"up": { "texture": "#rusty4", "uv": [ 0.0, 11.5, 8.5, 13.5 ] },
						"down": { "texture": "#rusty4", "uv": [ 4.5, 13.5, 13.0, 15.5 ] }
					},
					"children": [
						{
							"name": "Wire25",
							"from": [ 8.208, 0.0, 0.0 ],
							"to": [ 16.848, 2.16, 2.16 ],
							"rotationOrigin": [ 8.208, 0.0, 0.0 ],
							"rotationX": 1.0,
							"rotationY": 14.0,
							"rotationZ": 32.0,
							"faces": {
								"north": { "texture": "#rusty4", "uv": [ 3.0, 4.0, 11.5, 6.0 ] },
								"east": { "texture": "#rusty4", "uv": [ 11.5, 5.5, 13.5, 7.5 ] },
								"south": { "texture": "#rusty4", "uv": [ 5.5, 13.5, 14.0, 15.5 ] },
								"west": { "texture": "#rusty4", "uv": [ 12.5, 11.5, 14.5, 13.5 ] },
								"up": { "texture": "#rusty4", "uv": [ 0.5, 9.0, 9.0, 11.0 ] },
								"down": { "texture": "#rusty4", "uv": [ 5.0, 12.5, 13.5, 14.5 ] }
							},
							"children": [
								{
									"name": "Wire26",
									"from": [ 6.912, 2.16, 0.864 ],
									"to": [ 15.552, 4.32, 3.024 ],
									"rotationOrigin": [ 6.912, 2.16, 0.864 ],
									"rotationX": 85.0,
									"rotationZ": -59.0,
									"faces": {
										"north": { "texture": "#rusty4", "uv": [ 6.5, 4.0, 15.0, 6.0 ] },
										"east": { "texture": "#rusty4", "uv": [ 9.0, 13.5, 11.0, 15.5 ] },
										"south": { "texture": "#rusty4", "uv": [ 7.0, 0.5, 15.5, 2.5 ] },
										"west": { "texture": "#rusty4", "uv": [ 12.5, 0.5, 14.5, 2.5 ] },
										"up": { "texture": "#rusty4", "uv": [ 4.5, 0.5, 13.0, 2.5 ] },
										"down": { "texture": "#rusty4", "uv": [ 6.5, 3.0, 15.0, 5.0 ] }
									},
									"children": [
										{
											"name": "Wire27",
											"from": [ 6.912, 0.864, -0.0432 ],
											"to": [ 15.552, 3.024, 2.1168 ],
											"rotationOrigin": [ 6.912, 0.864, 0.0 ],
											"rotationZ": -45.0,
											"faces": {
												"north": { "texture": "#rusty4", "uv": [ 0.5, 8.0, 9.0, 10.0 ] },
												"east": { "texture": "#rusty4", "uv": [ 8.5, 8.0, 10.5, 10.0 ] },
												"south": { "texture": "#rusty4", "uv": [ 4.5, 7.0, 13.0, 9.0 ] },
												"west": { "texture": "#rusty4", "uv": [ 12.5, 7.5, 14.5, 9.5 ] },
												"up": { "texture": "#rusty4", "uv": [ 1.0, 7.0, 9.5, 9.0 ] },
												"down": { "texture": "#rusty4", "uv": [ 6.5, 6.5, 15.0, 8.5 ] }
											},
											"children": [
												{
													"name": "Wire28",
													"from": [ 7.344, 0.0043, 0.864 ],
													"to": [ 15.984, 2.1643, 3.024 ],
													"rotationOrigin": [ 7.344, 0.0, 0.864 ],
													"rotationY": 45.0,
													"faces": {
														"north": { "texture": "#rusty4", "uv": [ 3.5, 0.5, 12.0, 2.5 ] },
														"east": { "texture": "#rusty4", "uv": [ 11.5, 6.0, 13.5, 8.0 ] },
														"south": { "texture": "#rusty4", "uv": [ 4.5, 0.5, 13.0, 2.5 ] },
														"west": { "texture": "#rusty4", "uv": [ 13.0, 4.0, 15.0, 6.0 ] },
														"up": { "texture": "#rusty4", "uv": [ 5.5, 5.0, 14.0, 7.0 ] },
														"down": { "texture": "#rusty4", "uv": [ 6.5, 13.0, 15.0, 15.0 ] }
													},
													"children": [
														{
															"name": "Wire29",
															"from": [ 6.48, 0.0043, 1.728 ],
															"to": [ 15.12, 2.1643, 3.888 ],
															"rotationOrigin": [ 6.48, -0.0043, 1.728 ],
															"rotationY": 67.5,
															"faces": {
																"north": { "texture": "#rusty4", "uv": [ 3.0, 0.5, 11.5, 2.5 ] },
																"east": { "texture": "#rusty4", "uv": [ 11.5, 2.5, 13.5, 4.5 ] },
																"south": { "texture": "#rusty4", "uv": [ 6.5, 2.0, 15.0, 4.0 ] },
																"west": { "texture": "#rusty4", "uv": [ 7.5, 5.0, 9.5, 7.0 ] },
																"up": { "texture": "#rusty4", "uv": [ 2.5, 13.5, 11.0, 15.5 ] },
																"down": { "texture": "#rusty4", "uv": [ 6.5, 3.0, 15.0, 5.0 ] }
															},
															"children": [
																{
																	"name": "Wire30",
																	"from": [ 6.48, 1.296, -0.0432 ],
																	"to": [ 15.12, 3.456, 2.1168 ],
																	"rotationOrigin": [ 6.48, 1.2874, 0.0 ],
																	"rotationZ": -67.5,
																	"faces": {
																		"north": { "texture": "#rusty4", "uv": [ 2.0, 5.0, 10.5, 7.0 ] },
																		"east": { "texture": "#rusty4", "uv": [ 9.0, 13.0, 11.0, 15.0 ] },
																		"south": { "texture": "#rusty4", "uv": [ 6.0, 6.5, 14.5, 8.5 ] },
																		"west": { "texture": "#rusty4", "uv": [ 3.0, 12.5, 5.0, 14.5 ] },
																		"up": { "texture": "#rusty4", "uv": [ 1.0, 13.0, 9.5, 15.0 ] },
																		"down": { "texture": "#rusty4", "uv": [ 5.0, 6.0, 13.5, 8.0 ] }
																	},
																	"children": [
																		{
																			"name": "Wire31",
																			"from": [ 6.912, -0.0432, 0.432 ],
																			"to": [ 15.552, 2.1168, 2.592 ],
																			"rotationOrigin": [ 6.912, -0.0086, 0.432 ],
																			"rotationY": 45.0,
																			"faces": {
																				"north": { "texture": "#rusty4", "uv": [ 7.5, 3.0, 16.0, 5.0 ] },
																				"east": { "texture": "#rusty4", "uv": [ 13.0, 1.5, 15.0, 3.5 ] },
																				"south": { "texture": "#rusty4", "uv": [ 6.5, 3.5, 15.0, 5.5 ] },
																				"west": { "texture": "#rusty4", "uv": [ 14.0, 1.0, 16.0, 3.0 ] },
																				"up": { "texture": "#rusty4", "uv": [ 7.5, 7.0, 16.0, 9.0 ] },
																				"down": { "texture": "#rusty4", "uv": [ 7.0, 5.5, 15.5, 7.5 ] }
																			},
																			"children": [
																				{
																					"name": "Wire32",
																					"from": [ 6.912, 0.0, 0.864 ],
																					"to": [ 15.552, 2.16, 3.024 ],
																					"rotationOrigin": [ 6.912, 0.0346, 0.864 ],
																					"rotationY": 45.0,
																					"rotationZ": -17.4,
																					"faces": {
																						"north": { "texture": "#rusty4", "uv": [ 4.0, 0.5, 12.5, 2.5 ] },
																						"east": { "texture": "#rusty4", "uv": [ 2.5, 5.0, 4.5, 7.0 ] },
																						"south": { "texture": "#rusty4", "uv": [ 4.5, 0.5, 13.0, 2.5 ] },
																						"west": { "texture": "#rusty4", "uv": [ 9.5, 1.0, 11.5, 3.0 ] },
																						"up": { "texture": "#rusty4", "uv": [ 5.5, 0.5, 14.0, 2.5 ] },
																						"down": { "texture": "#rusty4", "uv": [ 6.5, 0.5, 15.0, 2.5 ] }
																					},
																					"children": [
																						{
																							"name": "Wire33",
																							"from": [ 6.912, 0.0, 1.728 ],
																							"to": [ 15.552, 2.16, 3.888 ],
																							"rotationOrigin": [ 6.912, 0.0346, 1.728 ],
																							"rotationX": -3.0,
																							"rotationY": 73.0,
																							"faces": {
																								"north": { "texture": "#rusty4", "uv": [ 4.0, 0.5, 12.5, 2.5 ] },
																								"east": { "texture": "#rusty4", "uv": [ 9.0, 13.0, 11.0, 15.0 ] },
																								"south": { "texture": "#rusty4", "uv": [ 5.5, 13.5, 14.0, 15.5 ] },
																								"west": { "texture": "#rusty4", "uv": [ 9.5, 2.5, 11.5, 4.5 ] },
																								"up": { "texture": "#rusty4", "uv": [ 6.5, 14.0, 15.0, 16.0 ] },
																								"down": { "texture": "#rusty4", "uv": [ 4.0, 1.0, 12.5, 3.0 ] }
																							}
																						}
																					]
																				}
																			]
																		}
																	]
																}
															]
														}
													]
												}
											]
										}
									]
								}
							]
						}
					]
				}
			]
		}
	]}