{
	"editor": {
		"collapsedPaths": "Root/ORIGIN/CanopyTop/CanopyTopRidge,Root/ORIGIN/CanopyTop17,Root/ORIGIN/RightBeam1,Root/ORIGIN/CanopyTop/CanopyTopRidge5,Root/ORIGIN/TopBeam,Root/ORIGIN/CanopyTop/CanopyTop5,Root/ORIGIN/CanopyTop41,Root/ORIGIN/CanopyTop/CanopyTop9,Root/ORIGIN/CanopyTop/CanopyTopRidge10,Root/ORIGIN/LeftBeam13",
		"allAngles": false,
		"entityTextureMode": false
	},
	"textureWidth": 16,
	"textureHeight": 16,
	"textureSizes": {
		"oak-h": [16,16],
		"canopycolor": [16,16],
		"canopycolor2": [16,16],
		"lining": [16,16]
	},
	"textures": {
		"candle": "game:block/candle",
		"glass": "game:block/glass/quartz",
		"material": "game:block/metal/lantern/copper",
		"lining": "game:block/metal/lantern/copper",
		"material-deco": "game:block/metal/lantern/copper-deco",
		"oak-h": "game:block/wood/bark/oak-h"
	},
	"elements": [
		{
			"name": "ORIGIN",
			"from": [ 7.0, 1.5, 0.0 ],
			"to": [ 8.0, 2.5, 1.0 ],
			"rotationOrigin": [ 8.0, 0.2, 0.0 ],
			"faces": {
			},
			"children": [
				{
					"name": "LeftBeam",
					"from": [ -5.15, 0.0, 13.85 ],
					"to": [ -3.45, 12.0, 15.05 ],
					"rotationOrigin": [ -5.2, 0.0, 13.8 ],
					"rotationZ": -90.0,
					"faces": {
						"north": { "texture": "#oak-h", "uv": [ 3.5, 0.0, 15.5, 1.5 ], "rotation": 90 },
						"east": { "texture": "#oak-h", "uv": [ 3.0, 0.0, 15.0, 1.0 ], "rotation": 90 },
						"south": { "texture": "#oak-h", "uv": [ 3.5, 0.0, 15.5, 1.5 ], "rotation": 90 },
						"west": { "texture": "#oak-h", "uv": [ 4.0, 0.0, 16.0, 1.0 ], "rotation": 90 },
						"up": { "texture": "#oak-h", "uv": [ 0.0, 0.0, 1.0, 1.5 ], "rotation": 90 },
						"down": { "texture": "#oak-h", "uv": [ 0.0, 0.0, 1.0, 1.5 ], "rotation": 90 }
					}
				},
				{
					"name": "Base1",
					"from": [ -6.05, -1.45, 8.3 ],
					"to": [ 1.95, -0.45, 16.3 ],
					"rotationOrigin": [ -6.05, -0.45, 8.3 ],
					"rotationY": 45.0,
					"faces": {
						"north": { "texture": "#material", "uv": [ 5.0, 1.0, 13.0, 2.0 ] },
						"east": { "texture": "#material", "uv": [ 3.0, 15.0, 11.0, 16.0 ] },
						"south": { "texture": "#material", "uv": [ 2.0, 1.0, 10.0, 2.0 ] },
						"west": { "texture": "#material", "uv": [ 3.0, 1.0, 11.0, 2.0 ] },
						"up": { "texture": "#material", "uv": [ 4.0, 4.0, 12.0, 12.0 ] },
						"down": { "texture": "#material", "uv": [ 5.0, 6.0, 13.0, 14.0 ] }
					},
					"children": [
						{
							"name": "candle",
							"from": [ 3.0, 2.0, 3.0 ],
							"to": [ 5.0, 6.0, 5.0 ],
							"faces": {
								"north": { "texture": "#candle", "uv": [ 0.0, 12.0, 2.0, 16.0 ] },
								"east": { "texture": "#candle", "uv": [ 2.0, 12.0, 4.0, 16.0 ] },
								"south": { "texture": "#candle", "uv": [ 4.0, 12.0, 6.0, 16.0 ] },
								"west": { "texture": "#candle", "uv": [ 6.0, 12.0, 8.0, 16.0 ] },
								"up": { "texture": "#candle", "uv": [ 14.0, 0.0, 16.0, 2.0 ] }
							},
							"children": [
								{
									"name": "top",
									"from": [ 0.8, 4.0, 0.8 ],
									"to": [ 1.2, 4.5, 1.2 ],
									"faces": {
										"north": { "texture": "#candle", "uv": [ 0.0, 0.0, 0.0, 0.5 ], "glow": 196 },
										"east": { "texture": "#candle", "uv": [ 0.0, 0.0, 0.0, 0.5 ], "glow": 196 },
										"south": { "texture": "#candle", "uv": [ 0.0, 0.0, 0.0, 0.5 ], "glow": 196 },
										"west": { "texture": "#candle", "uv": [ 0.0, 0.0, 0.0, 0.5 ], "glow": 196 },
										"up": { "texture": "#candle", "uv": [ 0.0, 0.0, 0.0, 0.0 ], "glow": 196 }
									}
								}
							]
						},
						{
							"name": "base2",
							"from": [ 1.0, 1.0, 1.0 ],
							"to": [ 7.0, 2.0, 7.0 ],
							"faces": {
								"north": { "texture": "#material", "uv": [ 8.0, 0.0, 14.0, 1.0 ] },
								"east": { "texture": "#material", "uv": [ 2.0, 14.0, 8.0, 15.0 ] },
								"south": { "texture": "#material", "uv": [ 1.0, 0.0, 7.0, 1.0 ] },
								"west": { "texture": "#material", "uv": [ 5.0, 14.0, 11.0, 15.0 ] },
								"up": { "texture": "#lining", "uv": [ 5.0, 3.0, 11.0, 9.0 ] }
							},
							"children": [
								{
									"name": "pillar 1",
									"from": [ 0.0, 1.0, 0.0 ],
									"to": [ 1.0, 7.0, 1.0 ],
									"faces": {
										"north": { "texture": "#material", "uv": [ 1.0, 5.0, 2.0, 11.0 ] },
										"east": { "texture": "#lining", "uv": [ 7.0, 4.0, 8.0, 10.0 ] },
										"south": { "texture": "#lining", "uv": [ 6.0, 3.0, 7.0, 9.0 ] },
										"west": { "texture": "#material", "uv": [ 14.0, 5.0, 15.0, 11.0 ] }
									}
								},
								{
									"name": "pillar 2",
									"from": [ 5.0, 1.0, 0.0 ],
									"to": [ 6.0, 7.0, 1.0 ],
									"faces": {
										"north": { "texture": "#material", "uv": [ 14.0, 2.0, 15.0, 8.0 ] },
										"east": { "texture": "#material", "uv": [ 1.0, 8.0, 2.0, 14.0 ] },
										"south": { "texture": "#lining", "uv": [ 6.0, 8.0, 7.0, 14.0 ] },
										"west": { "texture": "#lining", "uv": [ 10.0, 5.0, 11.0, 11.0 ] }
									}
								},
								{
									"name": "pillar 3",
									"from": [ 5.0, 1.0, 5.0 ],
									"to": [ 6.0, 7.0, 6.0 ],
									"faces": {
										"north": { "texture": "#lining", "uv": [ 5.0, 7.0, 6.0, 13.0 ] },
										"east": { "texture": "#material", "uv": [ 14.0, 8.0, 15.0, 14.0 ] },
										"south": { "texture": "#material", "uv": [ 1.0, 2.0, 2.0, 8.0 ] },
										"west": { "texture": "#lining", "uv": [ 10.0, 3.0, 11.0, 9.0 ] }
									}
								},
								{
									"name": "pillar 4",
									"from": [ 0.0, 1.0, 5.0 ],
									"to": [ 1.0, 7.0, 6.0 ],
									"faces": {
										"north": { "texture": "#lining", "uv": [ 8.0, 3.0, 9.0, 9.0 ] },
										"east": { "texture": "#lining", "uv": [ 6.0, 3.0, 7.0, 9.0 ] },
										"south": { "texture": "#material", "uv": [ 0.0, 3.0, 1.0, 9.0 ] },
										"west": { "texture": "#material", "uv": [ 1.0, 4.0, 2.0, 10.0 ] }
									}
								},
								{
									"name": "glass N",
									"from": [ 1.0, 1.0, 0.5 ],
									"to": [ 5.0, 7.0, 0.5 ],
									"renderPass": 3,
									"faces": {
										"north": { "texture": "#glass", "uv": [ 7.0, 8.0, 11.0, 14.0 ], "glow": 196 }
									}
								},
								{
									"name": "glass S",
									"from": [ 1.0, 1.0, 5.5 ],
									"to": [ 5.0, 7.0, 5.5 ],
									"renderPass": 3,
									"faces": {
										"north": { "texture": "#glass", "uv": [ 8.0, 6.0, 12.0, 12.0 ], "glow": 196 }
									}
								},
								{
									"name": "glass W",
									"from": [ 0.5, 1.0, 1.0 ],
									"to": [ 0.5, 7.0, 5.0 ],
									"renderPass": 3,
									"faces": {
										"west": { "texture": "#glass", "uv": [ 4.0, 2.0, 8.0, 8.0 ], "glow": 196 }
									}
								},
								{
									"name": "glass E",
									"from": [ 5.5, 1.0, 1.0 ],
									"to": [ 5.5, 7.0, 5.0 ],
									"renderPass": 3,
									"faces": {
										"west": { "texture": "#glass", "uv": [ 1.0, 4.0, 5.0, 10.0 ], "glow": 196 }
									}
								},
								{
									"name": "deco N",
									"from": [ 1.0, 1.0, 0.4 ],
									"to": [ 5.0, 7.0, 0.4 ],
									"renderPass": 1,
									"faces": {
										"north": { "texture": "#material-deco", "uv": [ 2.0, 9.0, 6.0, 15.0 ] }
									}
								},
								{
									"name": "deco S",
									"from": [ 1.0, 1.0, 5.6 ],
									"to": [ 5.0, 7.0, 5.6 ],
									"renderPass": 1,
									"faces": {
										"north": { "texture": "#material-deco", "uv": [ 2.0, 1.5, 6.0, 7.5 ] }
									}
								},
								{
									"name": "deco W",
									"from": [ 0.4, 1.0, 1.0 ],
									"to": [ 0.4, 7.0, 5.0 ],
									"renderPass": 1,
									"faces": {
										"west": { "texture": "#material-deco", "uv": [ 10.0, 1.5, 14.0, 7.5 ] }
									}
								},
								{
									"name": "deco E",
									"from": [ 5.6, 1.0, 1.0 ],
									"to": [ 5.6, 7.0, 5.0 ],
									"renderPass": 1,
									"faces": {
										"west": { "texture": "#material-deco", "uv": [ 10.0, 9.0, 14.0, 15.0 ] }
									}
								}
							]
						},
						{
							"name": "top 1",
							"from": [ 1.0, 8.0, 1.0 ],
							"to": [ 7.0, 9.0, 7.0 ],
							"faces": {
								"north": { "texture": "#material", "uv": [ 1.0, 15.0, 7.0, 16.0 ] },
								"east": { "texture": "#material", "uv": [ 8.0, 15.0, 14.0, 16.0 ] },
								"south": { "texture": "#material", "uv": [ 6.0, 1.0, 12.0, 2.0 ] },
								"west": { "texture": "#material", "uv": [ 1.0, 15.0, 7.0, 16.0 ] },
								"down": { "texture": "#lining", "uv": [ 4.0, 8.0, 10.0, 14.0 ] }
							}
						},
						{
							"name": "top 2",
							"from": [ 0.0, 9.0, 0.0 ],
							"to": [ 8.0, 10.0, 8.0 ],
							"faces": {
								"north": { "texture": "#material", "uv": [ 2.0, 1.5, 10.0, 2.5 ] },
								"east": { "texture": "#material", "uv": [ 2.0, 14.0, 10.0, 15.0 ] },
								"south": { "texture": "#material", "uv": [ 3.0, 14.0, 11.0, 15.0 ] },
								"west": { "texture": "#material", "uv": [ 7.0, 0.0, 15.0, 1.0 ] },
								"up": { "texture": "#material", "uv": [ 5.0, 3.0, 13.0, 11.0 ] },
								"down": { "texture": "#material", "uv": [ 4.0, 6.0, 12.0, 14.0 ] }
							}
						},
						{
							"name": "top 3",
							"from": [ 2.0, 10.0, 2.0 ],
							"to": [ 6.0, 11.0, 6.0 ],
							"faces": {
								"north": { "texture": "#material", "uv": [ 4.0, 4.0, 8.0, 5.0 ] },
								"east": { "texture": "#material", "uv": [ 7.0, 8.0, 11.0, 9.0 ] },
								"south": { "texture": "#material", "uv": [ 7.0, 6.0, 11.0, 7.0 ] },
								"west": { "texture": "#material", "uv": [ 6.0, 5.0, 10.0, 6.0 ] },
								"up": { "texture": "#material", "uv": [ 6.0, 4.0, 10.0, 8.0 ] }
							}
						},
						{
							"name": "holder 1",
							"from": [ 3.0, 11.0, 3.0 ],
							"to": [ 5.0, 16.0, 5.0 ],
							"faces": {
								"north": { "texture": "#material", "uv": [ 0.0, 2.0, 2.0, 7.0 ] },
								"east": { "texture": "#material", "uv": [ 14.0, 5.0, 16.0, 10.0 ] },
								"south": { "texture": "#material", "uv": [ 14.0, 8.0, 16.0, 13.0 ] },
								"west": { "texture": "#material", "uv": [ 0.0, 4.0, 2.0, 9.0 ] },
								"up": { "texture": "#material", "uv": [ 6.0, 11.0, 8.0, 13.0 ] }
							}
						},
						{
							"name": "holder 2",
							"from": [ 2.5, 13.5, 2.5 ],
							"to": [ 5.5, 16.5, 5.5 ],
							"rotationOrigin": [ -0.5, 2.5, -0.5 ],
							"faces": {
								"north": { "texture": "#material", "uv": [ 4.5, 7.0, 7.5, 10.0 ] },
								"east": { "texture": "#material", "uv": [ 9.5, 6.0, 12.5, 9.0 ] },
								"south": { "texture": "#material", "uv": [ 5.0, 6.0, 8.0, 9.0 ] },
								"west": { "texture": "#material", "uv": [ 7.0, 7.5, 10.0, 10.5 ] },
								"up": { "texture": "#material", "uv": [ 4.5, 3.5, 7.5, 6.5 ] }
							}
						}
					]
				},
				{
					"name": "LeftBeam2",
					"from": [ 7.0, 0.1, 13.0 ],
					"to": [ 8.7, 6.1, 14.2 ],
					"rotationOrigin": [ 7.0, 0.1, 13.0 ],
					"rotationY": 90.0,
					"rotationZ": -90.0,
					"faces": {
						"north": { "texture": "#oak-h", "uv": [ 3.5, 0.0, 9.5, 1.5 ], "rotation": 90 },
						"east": { "texture": "#oak-h", "uv": [ 3.0, 0.0, 9.0, 1.0 ], "rotation": 90 },
						"south": { "texture": "#oak-h", "uv": [ 3.5, 0.0, 9.5, 1.5 ], "rotation": 90 },
						"west": { "texture": "#oak-h", "uv": [ 4.0, 0.0, 10.0, 1.0 ], "rotation": 90 },
						"up": { "texture": "#oak-h", "uv": [ 0.0, 0.0, 1.0, 1.5 ], "rotation": 90 },
						"down": { "texture": "#oak-h", "uv": [ 0.0, 0.0, 1.0, 1.5 ], "rotation": 90 }
					},
					"children": [
						{
							"name": "LeftBeam3",
							"from": [ 0.0, 6.0, 0.0 ],
							"to": [ 1.7, 12.0, 1.2 ],
							"rotationOrigin": [ -0.05, 6.0, -0.05 ],
							"faces": {
								"north": { "texture": "#oak-h", "uv": [ 3.5, 0.0, 9.5, 1.5 ], "rotation": 90 },
								"east": { "texture": "#oak-h", "uv": [ 3.0, 0.0, 9.0, 1.0 ], "rotation": 90 },
								"south": { "texture": "#oak-h", "uv": [ 3.5, 0.0, 9.5, 1.5 ], "rotation": 90 },
								"west": { "texture": "#oak-h", "uv": [ 4.0, 0.0, 10.0, 1.0 ], "rotation": 90 },
								"up": { "texture": "#oak-h", "uv": [ 0.0, 0.0, 1.0, 1.5 ], "rotation": 90 },
								"down": { "texture": "#oak-h", "uv": [ 0.0, 0.0, 1.0, 1.5 ], "rotation": 90 }
							}
						},
						{
							"name": "LeftBeam4",
							"from": [ 0.0, 12.0, 0.0 ],
							"to": [ 1.7, 22.0, 1.2 ],
							"rotationOrigin": [ -0.05, 12.0, 0.95 ],
							"rotationX": -90.0,
							"faces": {
								"north": { "texture": "#oak-h", "uv": [ 3.5, 0.0, 13.5, 1.5 ], "rotation": 90 },
								"east": { "texture": "#oak-h", "uv": [ 3.0, 0.0, 13.0, 1.0 ], "rotation": 90 },
								"south": { "texture": "#oak-h", "uv": [ 3.5, 0.0, 13.5, 1.5 ], "rotation": 90 },
								"west": { "texture": "#oak-h", "uv": [ 4.0, 0.0, 14.0, 1.0 ], "rotation": 90 },
								"up": { "texture": "#oak-h", "uv": [ 0.0, 0.0, 1.0, 1.5 ], "rotation": 90 },
								"down": { "texture": "#oak-h", "uv": [ 0.0, 0.0, 1.0, 1.5 ], "rotation": 90 }
							},
							"children": [
								{
									"name": "LeftBeam5",
									"from": [ 0.0, 10.0, 0.0 ],
									"to": [ 1.7, 14.0, 1.2 ],
									"rotationOrigin": [ -0.05, 10.0, -0.05 ],
									"faces": {
										"north": { "texture": "#oak-h", "uv": [ 3.5, 0.0, 7.5, 1.5 ], "rotation": 90 },
										"east": { "texture": "#oak-h", "uv": [ 3.0, 0.0, 7.0, 1.0 ], "rotation": 90 },
										"south": { "texture": "#oak-h", "uv": [ 3.5, 0.0, 7.5, 1.5 ], "rotation": 90 },
										"west": { "texture": "#oak-h", "uv": [ 4.0, 0.0, 8.0, 1.0 ], "rotation": 90 },
										"up": { "texture": "#oak-h", "uv": [ 0.0, 0.0, 1.0, 1.5 ], "rotation": 90 },
										"down": { "texture": "#oak-h", "uv": [ 0.0, 0.0, 1.0, 1.5 ], "rotation": 90 }
									}
								},
								{
									"name": "LeftBeam6",
									"from": [ -0.01, 9.7, 0.0 ],
									"to": [ 1.69, 19.7, 1.2 ],
									"rotationOrigin": [ -0.15, 8.7, 0.95 ],
									"rotationX": -135.0,
									"faces": {
										"north": { "texture": "#oak-h", "uv": [ 3.5, 0.0, 13.5, 1.5 ], "rotation": 90 },
										"east": { "texture": "#oak-h", "uv": [ 3.0, 0.0, 13.0, 1.0 ], "rotation": 90 },
										"south": { "texture": "#oak-h", "uv": [ 3.5, 0.0, 13.5, 1.5 ], "rotation": 90 },
										"west": { "texture": "#oak-h", "uv": [ 4.0, 0.0, 14.0, 1.0 ], "rotation": 90 },
										"up": { "texture": "#oak-h", "uv": [ 0.0, 0.0, 1.0, 1.5 ], "rotation": 90 },
										"down": { "texture": "#oak-h", "uv": [ 0.0, 0.0, 1.0, 1.5 ], "rotation": 90 }
									}
								}
							]
						}
					]
				}
			]
		}
	]}