{
	"editor": {
		"collapsedPaths": "",
		"allAngles": true,
		"entityTextureMode": false
	},
	"textureWidth": 16,
	"textureHeight": 16,
	"textureSizes": {
		"bigleaves1": [32,32],
		"trunk": [16,16],
		"bigleaves2": [32,32],
		"empty": [8,8]
	},
	"textures": {
		"bigleaves1": "block/plant/mangroves/sonneratiacaseolaris/bigleaves1",
		"bigleaves2": "block/plant/mangroves/sonneratiacaseolaris/bigleaves2",
		"trunk": "block/plant/mangroves/sonneratiacaseolaris/trunk"
	},
	"elements": [
		{
			"name": "trunk",
			"from": [ -1.0, -32.0, 5.0 ],
			"to": [ 7.0, -16.0, 13.0 ],
			"rotationOrigin": [ 2.0, -32.0, 8.0 ],
			"rotationY": 10.0,
			"rotationZ": 10.0,
			"faces": {
				"north": { "texture": "#trunk", "uv": [ 8.0, 0.0, 16.0, 16.0 ] },
				"east": { "texture": "#trunk", "uv": [ 8.0, 0.0, 16.0, 16.0 ] },
				"south": { "texture": "#trunk", "uv": [ 8.0, 0.0, 16.0, 16.0 ] },
				"west": { "texture": "#trunk", "uv": [ 8.0, 0.0, 16.0, 16.0 ] },
				"up": { "texture": "#trunk", "uv": [ 0.0, 0.0, 8.0, 8.0 ] },
				"down": { "texture": "#trunk", "uv": [ 0.0, 0.0, 8.0, 8.0 ] }
			},
			"children": [
				{
					"name": "trunk2",
					"from": [ 1.0, 16.0, 1.0 ],
					"to": [ 8.0, 32.0, 7.0 ],
					"rotationOrigin": [ 8.0, 16.0, 4.0 ],
					"rotationZ": 19.0,
					"faces": {
						"north": { "texture": "#trunk", "uv": [ 9.0, 0.0, 16.0, 16.0 ] },
						"east": { "texture": "#trunk", "uv": [ 9.0, 0.0, 15.0, 16.0 ] },
						"south": { "texture": "#trunk", "uv": [ 9.0, 0.0, 16.0, 16.0 ] },
						"west": { "texture": "#trunk", "uv": [ 9.0, 0.0, 15.0, 16.0 ] },
						"up": { "texture": "#trunk", "uv": [ 0.5, 1.0, 7.5, 7.0 ] },
						"down": { "texture": "#trunk", "uv": [ 0.5, 1.0, 7.5, 7.0 ] }
					},
					"children": [
						{
							"name": "trunk3",
							"from": [ 0.0, 16.0, 0.0 ],
							"to": [ 7.0, 32.0, 6.0 ],
							"rotationOrigin": [ 7.0, 16.0, 3.0 ],
							"rotationZ": 14.0,
							"faces": {
								"north": { "texture": "#trunk", "uv": [ 9.0, 0.0, 16.0, 16.0 ] },
								"east": { "texture": "#trunk", "uv": [ 9.0, 0.0, 15.0, 16.0 ] },
								"south": { "texture": "#trunk", "uv": [ 9.0, 0.0, 16.0, 16.0 ] },
								"west": { "texture": "#trunk", "uv": [ 9.0, 0.0, 15.0, 16.0 ] },
								"up": { "texture": "#trunk", "uv": [ 0.5, 1.0, 7.5, 7.0 ] },
								"down": { "texture": "#trunk", "uv": [ 0.5, 1.0, 7.5, 7.0 ] }
							},
							"children": [
								{
									"name": "trunk4",
									"from": [ 0.0, 16.0, 0.0 ],
									"to": [ 7.0, 32.0, 6.0 ],
									"rotationOrigin": [ 7.0, 16.0, 3.0 ],
									"rotationY": -3.0,
									"faces": {
										"north": { "texture": "#trunk", "uv": [ 9.0, 0.0, 16.0, 16.0 ] },
										"east": { "texture": "#trunk", "uv": [ 9.0, 0.0, 15.0, 16.0 ] },
										"south": { "texture": "#trunk", "uv": [ 9.0, 0.0, 16.0, 16.0 ] },
										"west": { "texture": "#trunk", "uv": [ 9.0, 0.0, 15.0, 16.0 ] },
										"up": { "texture": "#trunk", "uv": [ 0.5, 1.0, 7.5, 7.0 ] },
										"down": { "texture": "#trunk", "uv": [ 0.5, 1.0, 7.5, 7.0 ] }
									},
									"children": [
										{
											"name": "trunk5",
											"from": [ 1.0, 16.0, 0.0 ],
											"to": [ 7.0, 32.0, 6.0 ],
											"rotationOrigin": [ 7.0, 16.0, 3.0 ],
											"rotationY": -6.0,
											"rotationZ": 2.0,
											"faces": {
												"north": { "texture": "#trunk", "uv": [ 9.0, 0.0, 15.0, 16.0 ], "windMode": [0,0,0,0], "windData": [1,2,2,1] },
												"east": { "texture": "#trunk", "uv": [ 9.0, 0.0, 15.0, 16.0 ], "windMode": [0,0,0,0], "windData": [1,2,2,1] },
												"south": { "texture": "#trunk", "uv": [ 9.0, 0.0, 15.0, 16.0 ], "windMode": [0,0,0,0], "windData": [1,1,2,2] },
												"west": { "texture": "#trunk", "uv": [ 9.0, 0.0, 15.0, 16.0 ], "windMode": [0,0,0,0], "windData": [1,1,2,2] },
												"up": { "texture": "#trunk", "uv": [ 1.0, 1.0, 7.0, 7.0 ], "windMode": [0,0,0,0], "windData": [2,2,2,2] },
												"down": { "texture": "#trunk", "uv": [ 1.0, 1.0, 7.0, 7.0 ], "windMode": [0,0,0,0], "windData": [1,1,1,1] }
											},
											"children": [
												{
													"name": "Leaf bunch origin5",
													"from": [ 13.0, 10.0, 16.0 ],
													"to": [ 13.0, 10.0, 16.0 ],
													"rotationOrigin": [ 13.0, 10.0, 16.0 ],
													"rotationX": 22.5,
													"rotationY": 10.0,
													"rotationZ": -12.5,
													"faces": {
													},
													"children": [
														{
															"name": "Leaves a5",
															"from": [ -16.0, 0.0, -9.0 ],
															"to": [ 16.0, 32.0, -9.0 ],
															"shade": false,
															"renderPass": 1,
															"rotationOrigin": [ 0.0, 0.0, -9.0 ],
															"rotationX": 20.0,
															"faces": {
																"north": { "texture": "#bigleaves1", "uv": [ 0.0, 0.0, 32.0, 32.0 ], "windMode": [7,7,7,7], "windData": [1,3,3,1] }
															},
															"children": [
																{
																	"name": "Fruits a5",
																	"from": [ 14.0, -4.0, -0.7 ],
																	"to": [ 22.0, 4.0, -0.7 ],
																	"shade": false,
																	"renderPass": 1,
																	"rotationOrigin": [ 16.0, 1.9, -0.7 ],
																	"rotationX": -20.0,
																	"faces": {
																		"north": { "texture": "#empty", "uv": [ 0.0, 0.0, 8.0, 8.0 ], "windMode": [7,7,7,7], "windData": [1,1,1,1] }
																	}
																}
															]
														},
														{
															"name": "Leaves b5",
															"from": [ -16.0, 0.0, -1.0 ],
															"to": [ 16.0, 32.0, -1.0 ],
															"shade": false,
															"renderPass": 1,
															"rotationOrigin": [ 0.0, 0.0, -1.0 ],
															"rotationY": -45.0,
															"faces": {
																"north": { "texture": "#bigleaves2", "uv": [ 0.0, 0.0, 32.0, 32.0 ], "windMode": [7,7,7,7], "windData": [2,3,3,1] }
															}
														},
														{
															"name": "Leaves c5",
															"from": [ -22.364, 0.0, 6.364 ],
															"to": [ 9.636, 32.0, 6.364 ],
															"shade": false,
															"renderPass": 1,
															"rotationOrigin": [ -6.364, 0.0, 6.364 ],
															"rotationX": 152.7637,
															"rotationY": 41.6411,
															"rotationZ": -161.1183,
															"faces": {
																"north": { "texture": "#bigleaves2", "uv": [ 0.0, 0.0, 32.0, 32.0 ], "windMode": [7,7,7,7], "windData": [1,3,3,1] }
															},
															"children": [
																{
																	"name": "Fruits b5",
																	"from": [ 20.0, -4.0, -0.7 ],
																	"to": [ 28.0, 4.0, -0.7 ],
																	"shade": false,
																	"renderPass": 1,
																	"rotationOrigin": [ 22.0, 1.9, -0.7 ],
																	"rotationX": -20.0,
																	"faces": {
																		"north": { "texture": "#empty", "uv": [ 0.0, 0.0, 8.0, 8.0 ], "windMode": [7,7,7,7], "windData": [1,1,1,1] }
																	}
																}
															]
														},
														{
															"name": "Leaves d5",
															"from": [ -16.7076, 0.0, 0.7227 ],
															"to": [ 15.2924, 32.0, 0.7227 ],
															"shade": false,
															"renderPass": 1,
															"rotationOrigin": [ -0.7071, 0.0, 0.7071 ],
															"rotationY": 89.972,
															"faces": {
																"north": { "texture": "#bigleaves2", "uv": [ 0.0, 0.0, 32.0, 32.0 ], "windMode": [7,7,7,7], "windData": [1,3,3,1] }
															}
														},
														{
															"name": "Leaves e5",
															"from": [ -9.636, 0.0, 6.364 ],
															"to": [ 22.364, 32.0, 6.364 ],
															"shade": false,
															"renderPass": 1,
															"rotationOrigin": [ 6.364, 0.0, 6.364 ],
															"rotationX": 152.7637,
															"rotationY": -41.6411,
															"rotationZ": 161.1183,
															"faces": {
																"north": { "texture": "#bigleaves2", "uv": [ 0.0, 0.0, 32.0, 32.0 ], "windMode": [7,7,7,7], "windData": [1,3,3,1] }
															},
															"children": [
																{
																	"name": "Fruits c5",
																	"from": [ 10.0, 0.0, -0.7 ],
																	"to": [ 18.0, 8.0, -0.7 ],
																	"shade": false,
																	"renderPass": 1,
																	"rotationOrigin": [ 12.0, 3.9, -0.7 ],
																	"rotationX": -20.0,
																	"faces": {
																		"north": { "texture": "#empty", "uv": [ 0.0, 0.0, 8.0, 8.0 ], "windMode": [7,7,7,7], "windData": [1,1,1,1] }
																	}
																}
															]
														},
														{
															"name": "Leaves f5",
															"from": [ -15.2929, 0.0, 0.7071 ],
															"to": [ 16.7071, 32.0, 0.7071 ],
															"shade": false,
															"renderPass": 1,
															"rotationOrigin": [ 0.7071, 0.0, 0.7071 ],
															"rotationX": -180.0,
															"rotationZ": -180.0,
															"faces": {
																"north": { "texture": "#bigleaves1", "uv": [ 0.0, 0.0, 32.0, 32.0 ], "windMode": [7,7,7,7], "windData": [1,3,3,1] }
															}
														}
													]
												},
												{
													"name": "Leaf bunch origin6",
													"from": [ 13.0, 10.0, -9.0 ],
													"to": [ 13.0, 10.0, -9.0 ],
													"rotationOrigin": [ 13.0, 10.0, -9.0 ],
													"rotationY": 10.0,
													"rotationZ": -22.5,
													"faces": {
													},
													"children": [
														{
															"name": "Leaves a6",
															"from": [ -16.0, 0.0, -9.0 ],
															"to": [ 16.0, 32.0, -9.0 ],
															"shade": false,
															"renderPass": 1,
															"rotationOrigin": [ 0.0, 0.0, -9.0 ],
															"rotationX": 20.0,
															"faces": {
																"north": { "texture": "#bigleaves1", "uv": [ 0.0, 0.0, 32.0, 32.0 ], "windMode": [7,7,7,7], "windData": [2,3,2,1] }
															},
															"children": [
																{
																	"name": "Fruits a6",
																	"from": [ 14.0, -2.0, -0.7 ],
																	"to": [ 22.0, 6.0, -0.7 ],
																	"shade": false,
																	"renderPass": 1,
																	"rotationOrigin": [ 16.0, 1.9, -0.7 ],
																	"rotationX": -20.0,
																	"faces": {
																		"north": { "texture": "#empty", "uv": [ 0.0, 0.0, 8.0, 8.0 ], "windMode": [7,7,7,7], "windData": [1,1,1,1] }
																	}
																}
															]
														},
														{
															"name": "Leaves b6",
															"from": [ -16.0, 0.0, -1.0 ],
															"to": [ 16.0, 32.0, -1.0 ],
															"shade": false,
															"renderPass": 1,
															"rotationOrigin": [ 0.0, 0.0, -1.0 ],
															"rotationY": -45.0,
															"faces": {
																"north": { "texture": "#bigleaves2", "uv": [ 0.0, 0.0, 32.0, 32.0 ], "windMode": [7,7,7,7], "windData": [1,3,3,1] }
															}
														},
														{
															"name": "Leaves c6",
															"from": [ -22.364, 0.0, 6.364 ],
															"to": [ 9.636, 32.0, 6.364 ],
															"shade": false,
															"renderPass": 1,
															"rotationOrigin": [ -6.364, 0.0, 6.364 ],
															"rotationX": 152.7637,
															"rotationY": 41.6411,
															"rotationZ": -161.1183,
															"faces": {
																"north": { "texture": "#bigleaves2", "uv": [ 0.0, 0.0, 32.0, 32.0 ], "windMode": [7,7,7,7], "windData": [1,3,3,2] }
															},
															"children": [
																{
																	"name": "Fruits b6",
																	"from": [ 20.0, -2.0, -0.7 ],
																	"to": [ 28.0, 6.0, -0.7 ],
																	"shade": false,
																	"renderPass": 1,
																	"rotationOrigin": [ 22.0, 1.9, -0.7 ],
																	"rotationX": -20.0,
																	"faces": {
																		"north": { "texture": "#empty", "uv": [ 0.0, 0.0, 8.0, 8.0 ], "windMode": [7,7,7,7], "windData": [1,1,2,1] }
																	}
																}
															]
														},
														{
															"name": "Leaves d6",
															"from": [ -16.7076, 0.0, 0.7227 ],
															"to": [ 15.2924, 32.0, 0.7227 ],
															"shade": false,
															"renderPass": 1,
															"rotationOrigin": [ -0.7071, 0.0, 0.7071 ],
															"rotationY": 89.972,
															"faces": {
																"north": { "texture": "#bigleaves2", "uv": [ 0.0, 0.0, 32.0, 32.0 ], "windMode": [7,7,7,7], "windData": [1,3,3,1] }
															}
														},
														{
															"name": "Leaves e6",
															"from": [ -9.636, 0.0, 6.364 ],
															"to": [ 22.364, 32.0, 6.364 ],
															"shade": false,
															"renderPass": 1,
															"rotationOrigin": [ 6.364, 0.0, 6.364 ],
															"rotationX": 152.7637,
															"rotationY": -41.6411,
															"rotationZ": 161.1183,
															"faces": {
																"north": { "texture": "#bigleaves2", "uv": [ 0.0, 0.0, 32.0, 32.0 ], "windMode": [7,7,7,7], "windData": [1,3,3,1] }
															},
															"children": [
																{
																	"name": "Fruits c6",
																	"from": [ 10.0, 0.0, -0.7 ],
																	"to": [ 18.0, 8.0, -0.7 ],
																	"shade": false,
																	"renderPass": 1,
																	"rotationOrigin": [ 12.0, 3.9, -0.7 ],
																	"rotationX": -20.0,
																	"faces": {
																		"north": { "texture": "#empty", "uv": [ 0.0, 0.0, 8.0, 8.0 ], "windMode": [7,7,7,7], "windData": [1,1,1,1] }
																	}
																}
															]
														},
														{
															"name": "Leaves f6",
															"from": [ -15.2929, 0.0, 0.7071 ],
															"to": [ 16.7071, 32.0, 0.7071 ],
															"shade": false,
															"renderPass": 1,
															"rotationOrigin": [ 0.7071, 0.0, 0.7071 ],
															"rotationX": -180.0,
															"rotationZ": -180.0,
															"faces": {
																"north": { "texture": "#bigleaves1", "uv": [ 0.0, 0.0, 32.0, 32.0 ], "windMode": [7,7,7,7], "windData": [1,3,3,1] }
															}
														}
													]
												},
												{
													"name": "Leaf bunch origin7",
													"from": [ 10.0, 33.0, -5.0 ],
													"to": [ 10.0, 33.0, -5.0 ],
													"rotationOrigin": [ 10.0, 33.0, -5.0 ],
													"rotationZ": -22.5,
													"faces": {
													},
													"children": [
														{
															"name": "Leaves a7",
															"from": [ -16.0, 0.0, -9.0 ],
															"to": [ 16.0, 32.0, -9.0 ],
															"shade": false,
															"renderPass": 1,
															"rotationOrigin": [ 0.0, 0.0, -9.0 ],
															"rotationX": 20.0,
															"faces": {
																"north": { "texture": "#bigleaves1", "uv": [ 0.0, 0.0, 32.0, 32.0 ], "windMode": [7,7,7,7], "windData": [3,5,4,2] }
															},
															"children": [
																{
																	"name": "Fruits a7",
																	"from": [ 14.0, -2.0, -0.7 ],
																	"to": [ 22.0, 6.0, -0.7 ],
																	"shade": false,
																	"renderPass": 1,
																	"rotationOrigin": [ 16.0, 1.9, -0.7 ],
																	"rotationX": -20.0,
																	"faces": {
																		"north": { "texture": "#empty", "uv": [ 0.0, 0.0, 8.0, 8.0 ], "windMode": [7,7,7,7], "windData": [3,3,3,2] }
																	}
																}
															]
														},
														{
															"name": "Leaves b7",
															"from": [ -16.0, 0.0, -1.0 ],
															"to": [ 16.0, 32.0, -1.0 ],
															"shade": false,
															"renderPass": 1,
															"rotationOrigin": [ 0.0, 0.0, -1.0 ],
															"rotationY": -45.0,
															"faces": {
																"north": { "texture": "#bigleaves2", "uv": [ 0.0, 0.0, 32.0, 32.0 ], "windMode": [7,7,7,7], "windData": [3,5,4,2] }
															}
														},
														{
															"name": "Leaves c7",
															"from": [ -22.364, 0.0, 6.364 ],
															"to": [ 9.636, 32.0, 6.364 ],
															"shade": false,
															"renderPass": 1,
															"rotationOrigin": [ -6.364, 0.0, 6.364 ],
															"rotationX": 152.7637,
															"rotationY": 41.6411,
															"rotationZ": -161.1183,
															"faces": {
																"north": { "texture": "#bigleaves2", "uv": [ 0.0, 0.0, 32.0, 32.0 ], "windMode": [7,7,7,7], "windData": [2,4,5,3] }
															},
															"children": [
																{
																	"name": "Fruits b7",
																	"from": [ 20.0, -2.0, -0.7 ],
																	"to": [ 28.0, 6.0, -0.7 ],
																	"shade": false,
																	"renderPass": 1,
																	"rotationOrigin": [ 22.0, 1.9, -0.7 ],
																	"rotationX": -20.0,
																	"faces": {
																		"north": { "texture": "#empty", "uv": [ 0.0, 0.0, 8.0, 8.0 ], "windMode": [7,7,7,7], "windData": [3,3,3,3] }
																	}
																}
															]
														},
														{
															"name": "Leaves d7",
															"from": [ -16.7076, 0.0, 0.7227 ],
															"to": [ 15.2924, 32.0, 0.7227 ],
															"shade": false,
															"renderPass": 1,
															"rotationOrigin": [ -0.7071, 0.0, 0.7071 ],
															"rotationY": 89.972,
															"faces": {
																"north": { "texture": "#bigleaves2", "uv": [ 0.0, 0.0, 32.0, 32.0 ], "windMode": [7,7,7,7], "windData": [3,4,4,3] }
															}
														},
														{
															"name": "Leaves e7",
															"from": [ -9.636, 0.0, 6.364 ],
															"to": [ 22.364, 32.0, 6.364 ],
															"shade": false,
															"renderPass": 1,
															"rotationOrigin": [ 6.364, 0.0, 6.364 ],
															"rotationX": 152.7637,
															"rotationY": -41.6411,
															"rotationZ": 161.1183,
															"faces": {
																"north": { "texture": "#bigleaves2", "uv": [ 0.0, 0.0, 32.0, 32.0 ], "windMode": [7,7,7,7], "windData": [2,4,5,3] }
															},
															"children": [
																{
																	"name": "Fruits c7",
																	"from": [ 10.0, 0.0, -0.7 ],
																	"to": [ 18.0, 8.0, -0.7 ],
																	"shade": false,
																	"renderPass": 1,
																	"rotationOrigin": [ 12.0, 3.9, -0.7 ],
																	"rotationX": -20.0,
																	"faces": {
																		"north": { "texture": "#empty", "uv": [ 0.0, 0.0, 8.0, 8.0 ], "windMode": [7,7,7,7], "windData": [2,3,3,2] }
																	}
																}
															]
														},
														{
															"name": "Leaves f7",
															"from": [ -15.2929, 0.0, 0.7071 ],
															"to": [ 16.7071, 32.0, 0.7071 ],
															"shade": false,
															"renderPass": 1,
															"rotationOrigin": [ 0.7071, 0.0, 0.7071 ],
															"rotationX": -180.0,
															"rotationZ": -180.0,
															"faces": {
																"north": { "texture": "#bigleaves1", "uv": [ 0.0, 0.0, 32.0, 32.0 ], "windMode": [7,7,7,7], "windData": [2,4,5,3] }
															}
														}
													]
												},
												{
													"name": "Leaf bunch origin8",
													"from": [ 10.0, 33.0, 7.0 ],
													"to": [ 10.0, 33.0, 7.0 ],
													"rotationOrigin": [ 10.0, 33.0, 7.0 ],
													"rotationX": 11.0,
													"rotationY": -17.0,
													"rotationZ": -25.0,
													"faces": {
													},
													"children": [
														{
															"name": "Leaves a8",
															"from": [ -16.0, 0.0, -9.0 ],
															"to": [ 16.0, 32.0, -9.0 ],
															"shade": false,
															"renderPass": 1,
															"rotationOrigin": [ 0.0, 0.0, -9.0 ],
															"rotationX": 20.0,
															"faces": {
																"north": { "texture": "#bigleaves1", "uv": [ 0.0, 0.0, 32.0, 32.0 ], "windMode": [7,7,7,7], "windData": [3,5,4,2] }
															},
															"children": [
																{
																	"name": "Fruits a8",
																	"from": [ 14.0, -2.0, -0.7 ],
																	"to": [ 22.0, 6.0, -0.7 ],
																	"shade": false,
																	"renderPass": 1,
																	"rotationOrigin": [ 16.0, 1.9, -0.7 ],
																	"rotationX": -20.0,
																	"faces": {
																		"north": { "texture": "#empty", "uv": [ 0.0, 0.0, 8.0, 8.0 ], "windMode": [7,7,7,7], "windData": [3,3,3,3] }
																	}
																}
															]
														},
														{
															"name": "Leaves b8",
															"from": [ -16.0, 0.0, -1.0 ],
															"to": [ 16.0, 32.0, -1.0 ],
															"shade": false,
															"renderPass": 1,
															"rotationOrigin": [ 0.0, 0.0, -1.0 ],
															"rotationY": -45.0,
															"faces": {
																"north": { "texture": "#bigleaves2", "uv": [ 0.0, 0.0, 32.0, 32.0 ], "windMode": [7,7,7,7], "windData": [3,5,4,2] }
															}
														},
														{
															"name": "Leaves c8",
															"from": [ -22.364, 0.0, 6.364 ],
															"to": [ 9.636, 32.0, 6.364 ],
															"shade": false,
															"renderPass": 1,
															"rotationOrigin": [ -6.364, 0.0, 6.364 ],
															"rotationX": 152.7637,
															"rotationY": 41.6411,
															"rotationZ": -161.1183,
															"faces": {
																"north": { "texture": "#bigleaves2", "uv": [ 0.0, 0.0, 32.0, 32.0 ], "windMode": [7,7,7,7], "windData": [2,4,5,3] }
															},
															"children": [
																{
																	"name": "Fruits b8",
																	"from": [ 20.0, -2.0, -0.7 ],
																	"to": [ 28.0, 6.0, -0.7 ],
																	"shade": false,
																	"renderPass": 1,
																	"rotationOrigin": [ 22.0, 1.9, -0.7 ],
																	"rotationX": -20.0,
																	"faces": {
																		"north": { "texture": "#empty", "uv": [ 0.0, 0.0, 8.0, 8.0 ], "windMode": [7,7,7,7], "windData": [3,3,3,3] }
																	}
																}
															]
														},
														{
															"name": "Leaves d8",
															"from": [ -16.7076, 0.0, 0.7227 ],
															"to": [ 15.2924, 32.0, 0.7227 ],
															"shade": false,
															"renderPass": 1,
															"rotationOrigin": [ -0.7071, 0.0, 0.7071 ],
															"rotationY": 89.972,
															"faces": {
																"north": { "texture": "#bigleaves2", "uv": [ 0.0, 0.0, 32.0, 32.0 ], "windMode": [7,7,7,7], "windData": [2,4,4,3] }
															}
														},
														{
															"name": "Leaves e8",
															"from": [ -9.636, 0.0, 6.364 ],
															"to": [ 22.364, 32.0, 6.364 ],
															"shade": false,
															"renderPass": 1,
															"rotationOrigin": [ 6.364, 0.0, 6.364 ],
															"rotationX": 152.7637,
															"rotationY": -41.6411,
															"rotationZ": 161.1183,
															"faces": {
																"north": { "texture": "#bigleaves2", "uv": [ 0.0, 0.0, 32.0, 32.0 ], "windMode": [7,7,7,7], "windData": [2,4,4,3] }
															},
															"children": [
																{
																	"name": "Fruits c8",
																	"from": [ 10.0, 0.0, -0.7 ],
																	"to": [ 18.0, 8.0, -0.7 ],
																	"shade": false,
																	"renderPass": 1,
																	"rotationOrigin": [ 12.0, 3.9, -0.7 ],
																	"rotationX": -20.0,
																	"faces": {
																		"north": { "texture": "#empty", "uv": [ 0.0, 0.0, 8.0, 8.0 ], "windMode": [7,7,7,7], "windData": [2,2,3,2] }
																	}
																}
															]
														},
														{
															"name": "Leaves f8",
															"from": [ -15.2929, 0.0, 0.7071 ],
															"to": [ 16.7071, 32.0, 0.7071 ],
															"shade": false,
															"renderPass": 1,
															"rotationOrigin": [ 0.7071, 0.0, 0.7071 ],
															"rotationX": -180.0,
															"rotationZ": -180.0,
															"faces": {
																"north": { "texture": "#bigleaves1", "uv": [ 0.0, 0.0, 32.0, 32.0 ], "windMode": [7,7,7,7], "windData": [2,4,5,3] }
															}
														}
													]
												},
												{
													"name": "Leaf bunch origin9",
													"from": [ -6.0, 33.0, 12.0 ],
													"to": [ -6.0, 33.0, 12.0 ],
													"rotationOrigin": [ -6.0, 33.0, 12.0 ],
													"rotationX": 11.0,
													"rotationY": -3.0,
													"rotationZ": 17.0,
													"faces": {
													},
													"children": [
														{
															"name": "Leaves a9",
															"from": [ -16.0, 0.0, -9.0 ],
															"to": [ 16.0, 32.0, -9.0 ],
															"shade": false,
															"renderPass": 1,
															"rotationOrigin": [ 0.0, 0.0, -9.0 ],
															"rotationX": 20.0,
															"faces": {
																"north": { "texture": "#bigleaves1", "uv": [ 0.0, 0.0, 32.0, 32.0 ], "windMode": [7,7,7,7], "windData": [2,4,5,3] }
															},
															"children": [
																{
																	"name": "Fruits a9",
																	"from": [ 14.0, -2.0, -0.7 ],
																	"to": [ 22.0, 6.0, -0.7 ],
																	"shade": false,
																	"renderPass": 1,
																	"rotationOrigin": [ 16.0, 1.9, -0.7 ],
																	"rotationX": -20.0,
																	"faces": {
																		"north": { "texture": "#empty", "uv": [ 0.0, 0.0, 8.0, 8.0 ], "windMode": [7,7,7,7], "windData": [3,3,3,3] }
																	}
																}
															]
														},
														{
															"name": "Leaves b9",
															"from": [ -16.0, 0.0, -1.0 ],
															"to": [ 16.0, 32.0, -1.0 ],
															"shade": false,
															"renderPass": 1,
															"rotationOrigin": [ 0.0, 0.0, -1.0 ],
															"rotationY": -45.0,
															"faces": {
																"north": { "texture": "#bigleaves2", "uv": [ 0.0, 0.0, 32.0, 32.0 ], "windMode": [7,7,7,7], "windData": [3,4,5,3] }
															}
														},
														{
															"name": "Leaves c9",
															"from": [ -22.364, 0.0, 6.364 ],
															"to": [ 9.636, 32.0, 6.364 ],
															"shade": false,
															"renderPass": 1,
															"rotationOrigin": [ -6.364, 0.0, 6.364 ],
															"rotationX": 152.7637,
															"rotationY": 41.6411,
															"rotationZ": -161.1183,
															"faces": {
																"north": { "texture": "#bigleaves2", "uv": [ 0.0, 0.0, 32.0, 32.0 ], "windMode": [7,7,7,7], "windData": [2,4,4,2] }
															},
															"children": [
																{
																	"name": "Fruits b9",
																	"from": [ 20.0, -2.0, -0.7 ],
																	"to": [ 28.0, 6.0, -0.7 ],
																	"shade": false,
																	"renderPass": 1,
																	"rotationOrigin": [ 22.0, 1.9, -0.7 ],
																	"rotationX": -20.0,
																	"faces": {
																		"north": { "texture": "#empty", "uv": [ 0.0, 0.0, 8.0, 8.0 ], "windMode": [7,7,7,7], "windData": [2,2,2,2] }
																	}
																}
															]
														},
														{
															"name": "Leaves d9",
															"from": [ -16.7076, 0.0, 0.7227 ],
															"to": [ 15.2924, 32.0, 0.7227 ],
															"shade": false,
															"renderPass": 1,
															"rotationOrigin": [ -0.7071, 0.0, 0.7071 ],
															"rotationY": 89.972,
															"faces": {
																"north": { "texture": "#bigleaves2", "uv": [ 0.0, 0.0, 32.0, 32.0 ], "windMode": [7,7,7,7], "windData": [2,4,5,3] }
															}
														},
														{
															"name": "Leaves e9",
															"from": [ -9.636, 0.0, 6.364 ],
															"to": [ 22.364, 32.0, 6.364 ],
															"shade": false,
															"renderPass": 1,
															"rotationOrigin": [ 6.364, 0.0, 6.364 ],
															"rotationX": 152.7637,
															"rotationY": -41.6411,
															"rotationZ": 161.1183,
															"faces": {
																"north": { "texture": "#bigleaves2", "uv": [ 0.0, 0.0, 32.0, 32.0 ], "windMode": [7,7,7,7], "windData": [3,5,4,2] }
															},
															"children": [
																{
																	"name": "Fruits c9",
																	"from": [ 10.0, 0.0, -0.7 ],
																	"to": [ 18.0, 8.0, -0.7 ],
																	"shade": false,
																	"renderPass": 1,
																	"rotationOrigin": [ 12.0, 3.9, -0.7 ],
																	"rotationX": -20.0,
																	"faces": {
																		"north": { "texture": "#empty", "uv": [ 0.0, 0.0, 8.0, 8.0 ], "windMode": [7,7,7,7], "windData": [3,3,3,3] }
																	}
																}
															]
														},
														{
															"name": "Leaves f9",
															"from": [ -15.2929, 0.0, 0.7071 ],
															"to": [ 16.7071, 32.0, 0.7071 ],
															"shade": false,
															"renderPass": 1,
															"rotationOrigin": [ 0.7071, 0.0, 0.7071 ],
															"rotationX": -180.0,
															"rotationZ": -180.0,
															"faces": {
																"north": { "texture": "#bigleaves1", "uv": [ 0.0, 0.0, 32.0, 32.0 ], "windMode": [7,7,7,7], "windData": [3,5,4,2] }
															}
														}
													]
												},
												{
													"name": "Leaf bunch origin10",
													"from": [ 1.0, 46.0, 3.0 ],
													"to": [ 1.0, 46.0, 3.0 ],
													"rotationOrigin": [ 1.0, 56.0, 3.0 ],
													"rotationX": -3.0,
													"rotationY": -39.0,
													"rotationZ": 11.0,
													"faces": {
													},
													"children": [
														{
															"name": "Leaves a10",
															"from": [ -16.0, 0.0, -9.0 ],
															"to": [ 16.0, 32.0, -9.0 ],
															"shade": false,
															"renderPass": 1,
															"rotationOrigin": [ 0.0, 0.0, -9.0 ],
															"rotationX": 20.0,
															"faces": {
																"north": { "texture": "#bigleaves1", "uv": [ 0.0, 0.0, 32.0, 32.0 ], "windMode": [7,7,7,7], "windData": [3,5,5,4] }
															},
															"children": [
																{
																	"name": "Fruits a10",
																	"from": [ 14.0, -2.0, -0.7 ],
																	"to": [ 22.0, 6.0, -0.7 ],
																	"shade": false,
																	"renderPass": 1,
																	"rotationOrigin": [ 16.0, 1.9, -0.7 ],
																	"rotationX": -20.0,
																	"faces": {
																		"north": { "texture": "#empty", "uv": [ 0.0, 0.0, 8.0, 8.0 ], "windMode": [7,7,7,7], "windData": [3,3,4,3] }
																	}
																}
															]
														},
														{
															"name": "Leaves b10",
															"from": [ -16.0, 0.0, -1.0 ],
															"to": [ 16.0, 32.0, -1.0 ],
															"shade": false,
															"renderPass": 1,
															"rotationOrigin": [ 0.0, 0.0, -1.0 ],
															"rotationY": -45.0,
															"faces": {
																"north": { "texture": "#bigleaves2", "uv": [ 0.0, 0.0, 32.0, 32.0 ], "windMode": [7,7,7,7], "windData": [3,5,6,4] }
															}
														},
														{
															"name": "Leaves c10",
															"from": [ -22.364, 0.0, 6.364 ],
															"to": [ 9.636, 32.0, 6.364 ],
															"shade": false,
															"renderPass": 1,
															"rotationOrigin": [ -6.364, 0.0, 6.364 ],
															"rotationX": 152.7637,
															"rotationY": 41.6411,
															"rotationZ": -161.1183,
															"faces": {
																"north": { "texture": "#bigleaves2", "uv": [ 0.0, 0.0, 32.0, 32.0 ], "windMode": [7,7,7,7], "windData": [4,5,5,3] }
															},
															"children": [
																{
																	"name": "Fruits b10",
																	"from": [ 20.0, -2.0, -0.7 ],
																	"to": [ 28.0, 6.0, -0.7 ],
																	"shade": false,
																	"renderPass": 1,
																	"rotationOrigin": [ 22.0, 1.9, -0.7 ],
																	"rotationX": -20.0,
																	"faces": {
																		"north": { "texture": "#empty", "uv": [ 0.0, 0.0, 8.0, 8.0 ], "windMode": [7,7,7,7], "windData": [3,3,3,3] }
																	}
																}
															]
														},
														{
															"name": "Leaves d10",
															"from": [ -16.7076, 0.0, 0.7227 ],
															"to": [ 15.2924, 32.0, 0.7227 ],
															"shade": false,
															"renderPass": 1,
															"rotationOrigin": [ -0.7071, 0.0, 0.7071 ],
															"rotationY": 89.972,
															"faces": {
																"north": { "texture": "#bigleaves2", "uv": [ 0.0, 0.0, 32.0, 32.0 ], "windMode": [7,7,7,7], "windData": [3,5,5,3] }
															}
														},
														{
															"name": "Leaves e10",
															"from": [ -9.636, 0.0, 6.364 ],
															"to": [ 22.364, 32.0, 6.364 ],
															"shade": false,
															"renderPass": 1,
															"rotationOrigin": [ 6.364, 0.0, 6.364 ],
															"rotationX": 152.7637,
															"rotationY": -41.6411,
															"rotationZ": 161.1183,
															"faces": {
																"north": { "texture": "#bigleaves2", "uv": [ 0.0, 0.0, 32.0, 32.0 ], "windMode": [7,7,7,7], "windData": [4,5,5,3] }
															},
															"children": [
																{
																	"name": "Fruits c10",
																	"from": [ 10.0, 0.0, -0.7 ],
																	"to": [ 18.0, 8.0, -0.7 ],
																	"shade": false,
																	"renderPass": 1,
																	"rotationOrigin": [ 12.0, 3.9, -0.7 ],
																	"rotationX": -20.0,
																	"faces": {
																		"north": { "texture": "#empty", "uv": [ 0.0, 0.0, 8.0, 8.0 ], "windMode": [7,7,7,7], "windData": [4,4,4,4] }
																	}
																}
															]
														},
														{
															"name": "Leaves f10",
															"from": [ -15.2929, 0.0, 0.7071 ],
															"to": [ 16.7071, 32.0, 0.7071 ],
															"shade": false,
															"renderPass": 1,
															"rotationOrigin": [ 0.7071, 0.0, 0.7071 ],
															"rotationX": -180.0,
															"rotationZ": -180.0,
															"faces": {
																"north": { "texture": "#bigleaves1", "uv": [ 0.0, 0.0, 32.0, 32.0 ], "windMode": [7,7,7,7], "windData": [4,6,5,3] }
															}
														}
													]
												},
												{
													"name": "Leaf bunch origin11",
													"from": [ 17.0, 67.0, 3.0 ],
													"to": [ 17.0, 67.0, 3.0 ],
													"rotationOrigin": [ 17.0, 67.0, 3.0 ],
													"rotationX": -3.0,
													"rotationY": 14.0,
													"rotationZ": -17.0,
													"faces": {
													},
													"children": [
														{
															"name": "Leaves a11",
															"from": [ -16.0, 0.0, -9.0 ],
															"to": [ 16.0, 32.0, -9.0 ],
															"shade": false,
															"renderPass": 1,
															"rotationOrigin": [ 0.0, 0.0, -9.0 ],
															"rotationX": 20.0,
															"faces": {
																"north": { "texture": "#bigleaves1", "uv": [ 0.0, 0.0, 32.0, 32.0 ], "windMode": [7,7,7,7], "windData": [5,7,6,4] }
															},
															"children": [
																{
																	"name": "Fruits a11",
																	"from": [ 14.0, -2.0, -0.7 ],
																	"to": [ 22.0, 6.0, -0.7 ],
																	"shade": false,
																	"renderPass": 1,
																	"rotationOrigin": [ 16.0, 1.9, -0.7 ],
																	"rotationX": -20.0,
																	"faces": {
																		"north": { "texture": "#empty", "uv": [ 0.0, 0.0, 8.0, 8.0 ], "windMode": [7,7,7,7], "windData": [5,5,5,5] }
																	}
																}
															]
														},
														{
															"name": "Leaves b11",
															"from": [ -16.0, 0.0, -1.0 ],
															"to": [ 16.0, 32.0, -1.0 ],
															"shade": false,
															"renderPass": 1,
															"rotationOrigin": [ 0.0, 0.0, -1.0 ],
															"rotationY": -45.0,
															"faces": {
																"north": { "texture": "#bigleaves2", "uv": [ 0.0, 0.0, 32.0, 32.0 ], "windMode": [7,7,7,7], "windData": [5,7,6,5] }
															}
														},
														{
															"name": "Leaves c11",
															"from": [ -22.364, 0.0, 6.364 ],
															"to": [ 9.636, 32.0, 6.364 ],
															"shade": false,
															"renderPass": 1,
															"rotationOrigin": [ -6.364, 0.0, 6.364 ],
															"rotationX": 152.7637,
															"rotationY": 41.6411,
															"rotationZ": -161.1183,
															"faces": {
																"north": { "texture": "#bigleaves2", "uv": [ 0.0, 0.0, 32.0, 32.0 ], "windMode": [7,7,7,7], "windData": [5,6,7,5] }
															},
															"children": [
																{
																	"name": "Fruits b11",
																	"from": [ 20.0, -2.0, -0.7 ],
																	"to": [ 28.0, 6.0, -0.7 ],
																	"shade": false,
																	"renderPass": 1,
																	"rotationOrigin": [ 22.0, 1.9, -0.7 ],
																	"rotationX": -20.0,
																	"faces": {
																		"north": { "texture": "#empty", "uv": [ 0.0, 0.0, 8.0, 8.0 ], "windMode": [7,7,7,7], "windData": [5,5,5,5] }
																	}
																}
															]
														},
														{
															"name": "Leaves d11",
															"from": [ -16.7076, 0.0, 0.7227 ],
															"to": [ 15.2924, 32.0, 0.7227 ],
															"shade": false,
															"renderPass": 1,
															"rotationOrigin": [ -0.7071, 0.0, 0.7071 ],
															"rotationY": 89.972,
															"faces": {
																"north": { "texture": "#bigleaves2", "uv": [ 0.0, 0.0, 32.0, 32.0 ], "windMode": [7,7,7,7], "windData": [5,7,7,5] }
															}
														},
														{
															"name": "Leaves e11",
															"from": [ -9.636, 0.0, 6.364 ],
															"to": [ 22.364, 32.0, 6.364 ],
															"shade": false,
															"renderPass": 1,
															"rotationOrigin": [ 6.364, 0.0, 6.364 ],
															"rotationX": 152.7637,
															"rotationY": -41.6411,
															"rotationZ": 161.1183,
															"faces": {
																"north": { "texture": "#bigleaves2", "uv": [ 0.0, 0.0, 32.0, 32.0 ], "windMode": [7,7,7,7], "windData": [4,6,7,5] }
															},
															"children": [
																{
																	"name": "Fruits c11",
																	"from": [ 10.0, 0.0, -0.7 ],
																	"to": [ 18.0, 8.0, -0.7 ],
																	"shade": false,
																	"renderPass": 1,
																	"rotationOrigin": [ 12.0, 3.9, -0.7 ],
																	"rotationX": -20.0,
																	"faces": {
																		"north": { "texture": "#empty", "uv": [ 0.0, 0.0, 8.0, 8.0 ], "windMode": [7,7,7,7], "windData": [5,5,5,5] }
																	}
																}
															]
														},
														{
															"name": "Leaves f11",
															"from": [ -15.2929, 0.0, 0.7071 ],
															"to": [ 16.7071, 32.0, 0.7071 ],
															"shade": false,
															"renderPass": 1,
															"rotationOrigin": [ 0.7071, 0.0, 0.7071 ],
															"rotationX": -180.0,
															"rotationZ": -180.0,
															"faces": {
																"north": { "texture": "#bigleaves1", "uv": [ 0.0, 0.0, 32.0, 32.0 ], "windMode": [7,7,7,7], "windData": [4,6,7,5] }
															}
														}
													]
												},
												{
													"name": "Leaf bunch origin12",
													"from": [ 6.0, 56.0, 19.0 ],
													"to": [ 6.0, 56.0, 19.0 ],
													"rotationOrigin": [ 6.0, 56.0, 19.0 ],
													"rotationX": 11.0,
													"rotationY": -11.0,
													"rotationZ": 3.0,
													"faces": {
													},
													"children": [
														{
															"name": "Leaves a12",
															"from": [ -16.0, 0.0, -9.0 ],
															"to": [ 16.0, 32.0, -9.0 ],
															"shade": false,
															"renderPass": 1,
															"rotationOrigin": [ 0.0, 0.0, -9.0 ],
															"rotationX": 20.0,
															"faces": {
																"north": { "texture": "#bigleaves1", "uv": [ 0.0, 0.0, 32.0, 32.0 ], "windMode": [7,7,7,7], "windData": [4,6,6,4] }
															},
															"children": [
																{
																	"name": "Fruits a12",
																	"from": [ 14.0, -2.0, -0.7 ],
																	"to": [ 22.0, 6.0, -0.7 ],
																	"shade": false,
																	"renderPass": 1,
																	"rotationOrigin": [ 16.0, 1.9, -0.7 ],
																	"rotationX": -20.0,
																	"faces": {
																		"north": { "texture": "#empty", "uv": [ 0.0, 0.0, 8.0, 8.0 ], "windMode": [7,7,7,7], "windData": [4,4,4,4] }
																	}
																}
															]
														},
														{
															"name": "Leaves b12",
															"from": [ -16.0, 0.0, -1.0 ],
															"to": [ 16.0, 32.0, -1.0 ],
															"shade": false,
															"renderPass": 1,
															"rotationOrigin": [ 0.0, 0.0, -1.0 ],
															"rotationY": -45.0,
															"faces": {
																"north": { "texture": "#bigleaves2", "uv": [ 0.0, 0.0, 32.0, 32.0 ], "windMode": [7,7,7,7], "windData": [4,6,6,4] }
															}
														},
														{
															"name": "Leaves c12",
															"from": [ -22.364, 0.0, 6.364 ],
															"to": [ 9.636, 32.0, 6.364 ],
															"shade": false,
															"renderPass": 1,
															"rotationOrigin": [ -6.364, 0.0, 6.364 ],
															"rotationX": 152.7637,
															"rotationY": 41.6411,
															"rotationZ": -161.1183,
															"faces": {
																"north": { "texture": "#bigleaves2", "uv": [ 0.0, 0.0, 32.0, 32.0 ], "windMode": [7,7,7,7], "windData": [4,6,6,4] }
															},
															"children": [
																{
																	"name": "Fruits b12",
																	"from": [ 20.0, -2.0, -0.7 ],
																	"to": [ 28.0, 6.0, -0.7 ],
																	"shade": false,
																	"renderPass": 1,
																	"rotationOrigin": [ 22.0, 1.9, -0.7 ],
																	"rotationX": -20.0,
																	"faces": {
																		"north": { "texture": "#empty", "uv": [ 0.0, 0.0, 8.0, 8.0 ], "windMode": [7,7,7,7], "windData": [4,4,4,4] }
																	}
																}
															]
														},
														{
															"name": "Leaves d12",
															"from": [ -16.7076, 0.0, 0.7227 ],
															"to": [ 15.2924, 32.0, 0.7227 ],
															"shade": false,
															"renderPass": 1,
															"rotationOrigin": [ -0.7071, 0.0, 0.7071 ],
															"rotationY": 89.972,
															"faces": {
																"north": { "texture": "#bigleaves2", "uv": [ 0.0, 0.0, 32.0, 32.0 ], "windMode": [7,7,7,7], "windData": [4,6,6,4] }
															}
														},
														{
															"name": "Leaves e12",
															"from": [ -9.636, 0.0, 6.364 ],
															"to": [ 22.364, 32.0, 6.364 ],
															"shade": false,
															"renderPass": 1,
															"rotationOrigin": [ 6.364, 0.0, 6.364 ],
															"rotationX": 152.7637,
															"rotationY": -41.6411,
															"rotationZ": 161.1183,
															"faces": {
																"north": { "texture": "#bigleaves2", "uv": [ 0.0, 0.0, 32.0, 32.0 ], "windMode": [7,7,7,7], "windData": [4,6,6,4] }
															},
															"children": [
																{
																	"name": "Fruits c12",
																	"from": [ 10.0, 0.0, -0.7 ],
																	"to": [ 18.0, 8.0, -0.7 ],
																	"shade": false,
																	"renderPass": 1,
																	"rotationOrigin": [ 12.0, 3.9, -0.7 ],
																	"rotationX": -20.0,
																	"faces": {
																		"north": { "texture": "#empty", "uv": [ 0.0, 0.0, 8.0, 8.0 ], "windMode": [7,7,7,7], "windData": [4,4,4,4] }
																	}
																}
															]
														},
														{
															"name": "Leaves f12",
															"from": [ -15.2929, 0.0, 0.7071 ],
															"to": [ 16.7071, 32.0, 0.7071 ],
															"shade": false,
															"renderPass": 1,
															"rotationOrigin": [ 0.7071, 0.0, 0.7071 ],
															"rotationX": -180.0,
															"rotationZ": -180.0,
															"faces": {
																"north": { "texture": "#bigleaves1", "uv": [ 0.0, 0.0, 32.0, 32.0 ], "windMode": [7,7,7,7], "windData": [4,6,6,4] }
															}
														}
													]
												},
												{
													"name": "Leaf bunch origin13",
													"from": [ 8.0, 79.0, 4.0 ],
													"to": [ 8.0, 79.0, 4.0 ],
													"rotationOrigin": [ 8.0, 79.0, 4.0 ],
													"rotationX": -14.0,
													"rotationY": -30.0,
													"rotationZ": -3.0,
													"faces": {
													},
													"children": [
														{
															"name": "Leaves a13",
															"from": [ -16.0, 0.0, -9.0 ],
															"to": [ 16.0, 32.0, -9.0 ],
															"shade": false,
															"renderPass": 1,
															"rotationOrigin": [ 0.0, 0.0, -9.0 ],
															"rotationX": 20.0,
															"faces": {
																"north": { "texture": "#bigleaves1", "uv": [ 0.0, 0.0, 32.0, 32.0 ], "windMode": [7,7,7,7], "windData": [5,7,7,5] }
															},
															"children": [
																{
																	"name": "Fruits a13",
																	"from": [ 14.0, -2.0, -0.7 ],
																	"to": [ 22.0, 6.0, -0.7 ],
																	"shade": false,
																	"renderPass": 1,
																	"rotationOrigin": [ 16.0, 1.9, -0.7 ],
																	"rotationX": -20.0,
																	"faces": {
																		"north": { "texture": "#empty", "uv": [ 0.0, 0.0, 8.0, 8.0 ], "windMode": [7,7,7,7], "windData": [5,5,5,5] }
																	}
																}
															]
														},
														{
															"name": "Leaves b13",
															"from": [ -16.0, 0.0, -1.0 ],
															"to": [ 16.0, 32.0, -1.0 ],
															"shade": false,
															"renderPass": 1,
															"rotationOrigin": [ 0.0, 0.0, -1.0 ],
															"rotationY": -45.0,
															"faces": {
																"north": { "texture": "#bigleaves2", "uv": [ 0.0, 0.0, 32.0, 32.0 ], "windMode": [7,7,7,7], "windData": [5,7,8,6] }
															}
														},
														{
															"name": "Leaves c13",
															"from": [ -22.364, 0.0, 6.364 ],
															"to": [ 9.636, 32.0, 6.364 ],
															"shade": false,
															"renderPass": 1,
															"rotationOrigin": [ -6.364, 0.0, 6.364 ],
															"rotationX": 152.7637,
															"rotationY": 41.6411,
															"rotationZ": -161.1183,
															"faces": {
																"north": { "texture": "#bigleaves2", "uv": [ 0.0, 0.0, 32.0, 32.0 ], "windMode": [7,7,7,7], "windData": [6,7,7,5] }
															},
															"children": [
																{
																	"name": "Fruits b13",
																	"from": [ 20.0, -2.0, -0.7 ],
																	"to": [ 28.0, 6.0, -0.7 ],
																	"shade": false,
																	"renderPass": 1,
																	"rotationOrigin": [ 22.0, 1.9, -0.7 ],
																	"rotationX": -20.0,
																	"faces": {
																		"north": { "texture": "#empty", "uv": [ 0.0, 0.0, 8.0, 8.0 ], "windMode": [7,7,7,7], "windData": [5,6,6,5] }
																	}
																}
															]
														},
														{
															"name": "Leaves d13",
															"from": [ -16.7076, 0.0, 0.7227 ],
															"to": [ 15.2924, 32.0, 0.7227 ],
															"shade": false,
															"renderPass": 1,
															"rotationOrigin": [ -0.7071, 0.0, 0.7071 ],
															"rotationY": 89.972,
															"faces": {
																"north": { "texture": "#bigleaves2", "uv": [ 0.0, 0.0, 32.0, 32.0 ], "windMode": [7,7,7,7], "windData": [6,8,7,5] }
															}
														},
														{
															"name": "Leaves e13",
															"from": [ -9.636, 0.0, 6.364 ],
															"to": [ 22.364, 32.0, 6.364 ],
															"shade": false,
															"renderPass": 1,
															"rotationOrigin": [ 6.364, 0.0, 6.364 ],
															"rotationX": 152.7637,
															"rotationY": -41.6411,
															"rotationZ": 161.1183,
															"faces": {
																"north": { "texture": "#bigleaves2", "uv": [ 0.0, 0.0, 32.0, 32.0 ], "windMode": [7,7,7,7], "windData": [5,7,7,6] }
															},
															"children": [
																{
																	"name": "Fruits c13",
																	"from": [ 10.0, 0.0, -0.7 ],
																	"to": [ 18.0, 8.0, -0.7 ],
																	"shade": false,
																	"renderPass": 1,
																	"rotationOrigin": [ 12.0, 3.9, -0.7 ],
																	"rotationX": -20.0,
																	"faces": {
																		"north": { "texture": "#empty", "uv": [ 0.0, 0.0, 8.0, 8.0 ], "windMode": [7,7,7,7], "windData": [6,6,6,6] }
																	}
																}
															]
														},
														{
															"name": "Leaves f13",
															"from": [ -15.2929, 0.0, 0.7071 ],
															"to": [ 16.7071, 32.0, 0.7071 ],
															"shade": false,
															"renderPass": 1,
															"rotationOrigin": [ 0.7071, 0.0, 0.7071 ],
															"rotationX": -180.0,
															"rotationZ": -180.0,
															"faces": {
																"north": { "texture": "#bigleaves1", "uv": [ 0.0, 0.0, 32.0, 32.0 ], "windMode": [7,7,7,7], "windData": [6,7,7,5] }
															}
														}
													]
												}
											]
										},
										{
											"name": "Leaf bunch origin3",
											"from": [ -16.0, 35.0, -2.0 ],
											"to": [ -16.0, 35.0, -2.0 ],
											"rotationOrigin": [ -16.0, 35.0, -2.0 ],
											"rotationX": -10.0,
											"rotationY": 22.5,
											"rotationZ": -25.0,
											"faces": {
											},
											"children": [
												{
													"name": "Leaves a3",
													"from": [ -16.0, 0.0, -9.0 ],
													"to": [ 16.0, 32.0, -9.0 ],
													"shade": false,
													"renderPass": 1,
													"rotationOrigin": [ 0.0, 0.0, -9.0 ],
													"rotationX": 20.0,
													"faces": {
														"north": { "texture": "#bigleaves1", "uv": [ 0.0, 0.0, 32.0, 32.0 ], "windMode": [7,7,7,7], "windData": [1,3,3,1] }
													},
													"children": [
														{
															"name": "Fruits a3",
															"from": [ 14.0, -2.0, -0.7 ],
															"to": [ 22.0, 6.0, -0.7 ],
															"shade": false,
															"renderPass": 1,
															"rotationOrigin": [ 16.0, 1.9, -0.7 ],
															"rotationX": -20.0,
															"faces": {
																"north": { "texture": "#empty", "uv": [ 0.0, 0.0, 8.0, 8.0 ], "windMode": [7,7,7,7], "windData": [1,1,1,1] }
															}
														}
													]
												},
												{
													"name": "Leaves b3",
													"from": [ -16.0, 0.0, -1.0 ],
													"to": [ 16.0, 32.0, -1.0 ],
													"shade": false,
													"renderPass": 1,
													"rotationOrigin": [ 0.0, 0.0, -1.0 ],
													"rotationY": -45.0,
													"faces": {
														"north": { "texture": "#bigleaves2", "uv": [ 0.0, 0.0, 32.0, 32.0 ], "windMode": [7,7,7,7], "windData": [1,3,3,1] }
													}
												},
												{
													"name": "Leaves c3",
													"from": [ -22.364, 0.0, 6.364 ],
													"to": [ 9.636, 32.0, 6.364 ],
													"shade": false,
													"renderPass": 1,
													"rotationOrigin": [ -6.364, 0.0, 6.364 ],
													"rotationX": 152.7637,
													"rotationY": 41.6411,
													"rotationZ": -161.1183,
													"faces": {
														"north": { "texture": "#bigleaves2", "uv": [ 0.0, 0.0, 32.0, 32.0 ], "windMode": [7,7,7,7], "windData": [1,3,3,1] }
													},
													"children": [
														{
															"name": "Fruits b3",
															"from": [ 20.0, -2.0, -0.7 ],
															"to": [ 28.0, 6.0, -0.7 ],
															"shade": false,
															"renderPass": 1,
															"rotationOrigin": [ 22.0, 1.9, -0.7 ],
															"rotationX": -20.0,
															"faces": {
																"north": { "texture": "#empty", "uv": [ 0.0, 0.0, 8.0, 8.0 ], "windMode": [7,7,7,7], "windData": [1,1,1,1] }
															}
														}
													]
												},
												{
													"name": "Leaves d3",
													"from": [ -16.7076, 0.0, 0.7227 ],
													"to": [ 15.2924, 32.0, 0.7227 ],
													"shade": false,
													"renderPass": 1,
													"rotationOrigin": [ -0.7071, 0.0, 0.7071 ],
													"rotationY": 89.972,
													"faces": {
														"north": { "texture": "#bigleaves2", "uv": [ 0.0, 0.0, 32.0, 32.0 ], "windMode": [7,7,7,7], "windData": [1,3,3,1] }
													}
												},
												{
													"name": "Leaves e3",
													"from": [ -9.636, 0.0, 6.364 ],
													"to": [ 22.364, 32.0, 6.364 ],
													"shade": false,
													"renderPass": 1,
													"rotationOrigin": [ 6.364, 0.0, 6.364 ],
													"rotationX": 152.7637,
													"rotationY": -41.6411,
													"rotationZ": 161.1183,
													"faces": {
														"north": { "texture": "#bigleaves2", "uv": [ 0.0, 0.0, 32.0, 32.0 ], "windMode": [7,7,7,7], "windData": [1,3,3,1] }
													},
													"children": [
														{
															"name": "Fruits c3",
															"from": [ 10.0, 0.0, -0.7 ],
															"to": [ 18.0, 8.0, -0.7 ],
															"shade": false,
															"renderPass": 1,
															"rotationOrigin": [ 12.0, 3.9, -0.7 ],
															"rotationX": -20.0,
															"faces": {
																"north": { "texture": "#empty", "uv": [ 0.0, 0.0, 8.0, 8.0 ], "windMode": [7,7,7,7], "windData": [1,1,1,1] }
															}
														}
													]
												},
												{
													"name": "Leaves f3",
													"from": [ -15.2929, 0.0, 0.7071 ],
													"to": [ 16.7071, 32.0, 0.7071 ],
													"shade": false,
													"renderPass": 1,
													"rotationOrigin": [ 0.7071, 0.0, 0.7071 ],
													"rotationX": -180.0,
													"rotationZ": -180.0,
													"faces": {
														"north": { "texture": "#bigleaves1", "uv": [ 0.0, 0.0, 32.0, 32.0 ], "windMode": [7,7,7,7], "windData": [1,3,3,1] }
													}
												}
											]
										},
										{
											"name": "Leaf bunch origin4",
											"from": [ -17.0, 32.0, 19.0 ],
											"to": [ -17.0, 32.0, 19.0 ],
											"rotationOrigin": [ -17.0, 32.0, 19.0 ],
											"rotationX": 12.5,
											"rotationY": 22.5,
											"rotationZ": -36.0,
											"faces": {
											},
											"children": [
												{
													"name": "Leaves a4",
													"from": [ -16.0, 0.0, -9.0 ],
													"to": [ 16.0, 32.0, -9.0 ],
													"shade": false,
													"renderPass": 1,
													"rotationOrigin": [ 0.0, 0.0, -9.0 ],
													"rotationX": 20.0,
													"faces": {
														"north": { "texture": "#bigleaves1", "uv": [ 0.0, 0.0, 32.0, 32.0 ], "windMode": [7,7,7,7], "windData": [1,2,3,2] }
													},
													"children": [
														{
															"name": "Fruits a4",
															"from": [ 14.0, -2.0, -0.7 ],
															"to": [ 22.0, 6.0, -0.7 ],
															"shade": false,
															"renderPass": 1,
															"rotationOrigin": [ 16.0, 1.9, -0.7 ],
															"rotationX": -20.0,
															"faces": {
																"north": { "texture": "#empty", "uv": [ 0.0, 0.0, 8.0, 8.0 ], "windMode": [7,7,7,7], "windData": [1,1,2,1] }
															}
														}
													]
												},
												{
													"name": "Leaves b4",
													"from": [ -16.0, 0.0, -1.0 ],
													"to": [ 16.0, 32.0, -1.0 ],
													"shade": false,
													"renderPass": 1,
													"rotationOrigin": [ 0.0, 0.0, -1.0 ],
													"rotationY": -45.0,
													"faces": {
														"north": { "texture": "#bigleaves2", "uv": [ 0.0, 0.0, 32.0, 32.0 ], "windMode": [7,7,7,7], "windData": [1,3,3,1] }
													}
												},
												{
													"name": "Leaves c4",
													"from": [ -22.364, 0.0, 6.364 ],
													"to": [ 9.636, 32.0, 6.364 ],
													"shade": false,
													"renderPass": 1,
													"rotationOrigin": [ -6.364, 0.0, 6.364 ],
													"rotationX": 152.7637,
													"rotationY": 41.6411,
													"rotationZ": -161.1183,
													"faces": {
														"north": { "texture": "#bigleaves2", "uv": [ 0.0, 0.0, 32.0, 32.0 ], "windMode": [7,7,7,7], "windData": [1,3,3,1] }
													},
													"children": [
														{
															"name": "Fruits b4",
															"from": [ 20.0, -2.0, -0.7 ],
															"to": [ 28.0, 6.0, -0.7 ],
															"shade": false,
															"renderPass": 1,
															"rotationOrigin": [ 22.0, 1.9, -0.7 ],
															"rotationX": -20.0,
															"faces": {
																"north": { "texture": "#empty", "uv": [ 0.0, 0.0, 8.0, 8.0 ], "windMode": [7,7,7,7], "windData": [1,1,1,1] }
															}
														}
													]
												},
												{
													"name": "Leaves d4",
													"from": [ -16.7076, 0.0, 0.7227 ],
													"to": [ 15.2924, 32.0, 0.7227 ],
													"shade": false,
													"renderPass": 1,
													"rotationOrigin": [ -0.7071, 0.0, 0.7071 ],
													"rotationY": 89.972,
													"faces": {
														"north": { "texture": "#bigleaves2", "uv": [ 0.0, 0.0, 32.0, 32.0 ], "windMode": [7,7,7,7], "windData": [1,3,3,1] }
													}
												},
												{
													"name": "Leaves e4",
													"from": [ -9.636, 0.0, 6.364 ],
													"to": [ 22.364, 32.0, 6.364 ],
													"shade": false,
													"renderPass": 1,
													"rotationOrigin": [ 6.364, 0.0, 6.364 ],
													"rotationX": 152.7637,
													"rotationY": -41.6411,
													"rotationZ": 161.1183,
													"faces": {
														"north": { "texture": "#bigleaves2", "uv": [ 0.0, 0.0, 32.0, 32.0 ], "windMode": [7,7,7,7], "windData": [2,3,2,1] }
													},
													"children": [
														{
															"name": "Fruits c4",
															"from": [ 10.0, 0.0, -0.7 ],
															"to": [ 18.0, 8.0, -0.7 ],
															"shade": false,
															"renderPass": 1,
															"rotationOrigin": [ 12.0, 3.9, -0.7 ],
															"rotationX": -20.0,
															"faces": {
																"north": { "texture": "#empty", "uv": [ 0.0, 0.0, 8.0, 8.0 ], "windMode": [7,7,7,7], "windData": [1,2,2,1] }
															}
														}
													]
												},
												{
													"name": "Leaves f4",
													"from": [ -15.2929, 0.0, 0.7071 ],
													"to": [ 16.7071, 32.0, 0.7071 ],
													"shade": false,
													"renderPass": 1,
													"rotationOrigin": [ 0.7071, 0.0, 0.7071 ],
													"rotationX": -180.0,
													"rotationZ": -180.0,
													"faces": {
														"north": { "texture": "#bigleaves1", "uv": [ 0.0, 0.0, 32.0, 32.0 ], "windMode": [7,7,7,7], "windData": [2,3,3,1] }
													}
												}
											]
										}
									]
								},
								{
									"name": "Leaf bunch origin",
									"from": [ -7.0, 37.0, 12.0 ],
									"to": [ -7.0, 37.0, 12.0 ],
									"rotationOrigin": [ -7.0, 37.0, 12.0 ],
									"rotationX": 17.0,
									"rotationY": 8.0,
									"rotationZ": -47.0,
									"faces": {
									},
									"children": [
										{
											"name": "Leaves a",
											"from": [ -16.0, 0.0, -9.0 ],
											"to": [ 16.0, 32.0, -9.0 ],
											"shade": false,
											"renderPass": 1,
											"rotationOrigin": [ 0.0, 0.0, -9.0 ],
											"rotationX": 20.0,
											"faces": {
												"north": { "texture": "#bigleaves1", "uv": [ 0.0, 0.0, 32.0, 32.0 ], "windMode": [7,7,7,7], "windData": [2,3,3,2] }
											},
											"children": [
												{
													"name": "Fruits a",
													"from": [ 14.0, -2.0, -0.7 ],
													"to": [ 22.0, 6.0, -0.7 ],
													"shade": false,
													"renderPass": 1,
													"rotationOrigin": [ 16.0, 1.9, -0.7 ],
													"rotationX": -20.0,
													"faces": {
														"north": { "texture": "#empty", "uv": [ 0.0, 0.0, 8.0, 8.0 ], "windMode": [7,7,7,7], "windData": [1,2,2,1] }
													}
												}
											]
										},
										{
											"name": "Leaves b",
											"from": [ -16.0, 0.0, -1.0 ],
											"to": [ 16.0, 32.0, -1.0 ],
											"shade": false,
											"renderPass": 1,
											"rotationOrigin": [ 0.0, 0.0, -1.0 ],
											"rotationY": -45.0,
											"faces": {
												"north": { "texture": "#bigleaves2", "uv": [ 0.0, 0.0, 32.0, 32.0 ], "windMode": [7,7,7,7], "windData": [2,4,4,2] }
											}
										},
										{
											"name": "Leaves c",
											"from": [ -22.364, 0.0, 6.364 ],
											"to": [ 9.636, 32.0, 6.364 ],
											"shade": false,
											"renderPass": 1,
											"rotationOrigin": [ -6.364, 0.0, 6.364 ],
											"rotationX": 152.7637,
											"rotationY": 41.6411,
											"rotationZ": -161.1183,
											"faces": {
												"north": { "texture": "#bigleaves2", "uv": [ 0.0, 0.0, 32.0, 32.0 ], "windMode": [7,7,7,7], "windData": [2,3,3,2] }
											},
											"children": [
												{
													"name": "Fruits b",
													"from": [ 20.0, -2.0, -0.7 ],
													"to": [ 28.0, 6.0, -0.7 ],
													"shade": false,
													"renderPass": 1,
													"rotationOrigin": [ 22.0, 1.9, -0.7 ],
													"rotationX": -20.0,
													"faces": {
														"north": { "texture": "#empty", "uv": [ 0.0, 0.0, 8.0, 8.0 ], "windMode": [7,7,7,7], "windData": [1,2,2,1] }
													}
												}
											]
										},
										{
											"name": "Leaves d",
											"from": [ -16.7076, 0.0, 0.7227 ],
											"to": [ 15.2924, 32.0, 0.7227 ],
											"shade": false,
											"renderPass": 1,
											"rotationOrigin": [ -0.7071, 0.0, 0.7071 ],
											"rotationY": 89.972,
											"faces": {
												"north": { "texture": "#bigleaves2", "uv": [ 0.0, 0.0, 32.0, 32.0 ], "windMode": [7,7,7,7], "windData": [2,4,4,2] }
											}
										},
										{
											"name": "Leaves e",
											"from": [ -9.636, 0.0, 6.364 ],
											"to": [ 22.364, 32.0, 6.364 ],
											"shade": false,
											"renderPass": 1,
											"rotationOrigin": [ 6.364, 0.0, 6.364 ],
											"rotationX": 152.7637,
											"rotationY": -41.6411,
											"rotationZ": 161.1183,
											"faces": {
												"north": { "texture": "#bigleaves2", "uv": [ 0.0, 0.0, 32.0, 32.0 ], "windMode": [7,7,7,7], "windData": [1,3,3,1] }
											},
											"children": [
												{
													"name": "Fruits c",
													"from": [ 10.0, 0.0, -0.7 ],
													"to": [ 18.0, 8.0, -0.7 ],
													"shade": false,
													"renderPass": 1,
													"rotationOrigin": [ 12.0, 3.9, -0.7 ],
													"rotationX": -20.0,
													"faces": {
														"north": { "texture": "#empty", "uv": [ 0.0, 0.0, 8.0, 8.0 ], "windMode": [7,7,7,7], "windData": [2,2,2,2] }
													}
												}
											]
										},
										{
											"name": "Leaves f",
											"from": [ -15.2929, 0.0, 0.7071 ],
											"to": [ 16.7071, 32.0, 0.7071 ],
											"shade": false,
											"renderPass": 1,
											"rotationOrigin": [ 0.7071, 0.0, 0.7071 ],
											"rotationX": -180.0,
											"rotationZ": -180.0,
											"faces": {
												"north": { "texture": "#bigleaves1", "uv": [ 0.0, 0.0, 32.0, 32.0 ], "windMode": [7,7,7,7], "windData": [2,4,4,2] }
											}
										}
									]
								},
								{
									"name": "Leaf bunch origin2",
									"from": [ -10.0, 39.0, -8.0 ],
									"to": [ -10.0, 39.0, -8.0 ],
									"rotationOrigin": [ -10.0, 39.0, -8.0 ],
									"rotationY": 3.0,
									"rotationZ": -42.0,
									"faces": {
									},
									"children": [
										{
											"name": "Leaves a2",
											"from": [ -16.0, 0.0, -9.0 ],
											"to": [ 16.0, 32.0, -9.0 ],
											"shade": false,
											"renderPass": 1,
											"rotationOrigin": [ 0.0, 0.0, -9.0 ],
											"rotationX": 20.0,
											"faces": {
												"north": { "texture": "#bigleaves1", "uv": [ 0.0, 0.0, 32.0, 32.0 ], "windMode": [7,7,7,7], "windData": [1,3,3,1] }
											},
											"children": [
												{
													"name": "Fruits a2",
													"from": [ 14.0, -2.0, -0.7 ],
													"to": [ 22.0, 6.0, -0.7 ],
													"shade": false,
													"renderPass": 1,
													"rotationOrigin": [ 16.0, 1.9, -0.7 ],
													"rotationX": -20.0,
													"faces": {
														"north": { "texture": "#empty", "uv": [ 0.0, 0.0, 8.0, 8.0 ], "windMode": [7,7,7,7], "windData": [1,1,1,1] }
													}
												}
											]
										},
										{
											"name": "Leaves b2",
											"from": [ -16.0, 0.0, -1.0 ],
											"to": [ 16.0, 32.0, -1.0 ],
											"shade": false,
											"renderPass": 1,
											"rotationOrigin": [ 0.0, 0.0, -1.0 ],
											"rotationY": -45.0,
											"faces": {
												"north": { "texture": "#bigleaves2", "uv": [ 0.0, 0.0, 32.0, 32.0 ], "windMode": [7,7,7,7], "windData": [1,3,3,1] }
											}
										},
										{
											"name": "Leaves c2",
											"from": [ -22.364, 0.0, 6.364 ],
											"to": [ 9.636, 32.0, 6.364 ],
											"shade": false,
											"renderPass": 1,
											"rotationOrigin": [ -6.364, 0.0, 6.364 ],
											"rotationX": 152.7637,
											"rotationY": 41.6411,
											"rotationZ": -161.1183,
											"faces": {
												"north": { "texture": "#bigleaves2", "uv": [ 0.0, 0.0, 32.0, 32.0 ], "windMode": [7,7,7,7], "windData": [1,3,3,1] }
											},
											"children": [
												{
													"name": "Fruits b2",
													"from": [ 20.0, -2.0, -0.7 ],
													"to": [ 28.0, 6.0, -0.7 ],
													"shade": false,
													"renderPass": 1,
													"rotationOrigin": [ 22.0, 1.9, -0.7 ],
													"rotationX": -20.0,
													"faces": {
														"north": { "texture": "#empty", "uv": [ 0.0, 0.0, 8.0, 8.0 ], "windMode": [7,7,7,7], "windData": [1,1,1,1] }
													}
												}
											]
										},
										{
											"name": "Leaves d2",
											"from": [ -16.7076, 0.0, 0.7227 ],
											"to": [ 15.2924, 32.0, 0.7227 ],
											"shade": false,
											"renderPass": 1,
											"rotationOrigin": [ -0.7071, 0.0, 0.7071 ],
											"rotationY": 89.972,
											"faces": {
												"north": { "texture": "#bigleaves2", "uv": [ 0.0, 0.0, 32.0, 32.0 ], "windMode": [7,7,7,7], "windData": [1,3,3,1] }
											}
										},
										{
											"name": "Leaves e2",
											"from": [ -9.636, 0.0, 6.364 ],
											"to": [ 22.364, 32.0, 6.364 ],
											"shade": false,
											"renderPass": 1,
											"rotationOrigin": [ 6.364, 0.0, 6.364 ],
											"rotationX": 152.7637,
											"rotationY": -41.6411,
											"rotationZ": 161.1183,
											"faces": {
												"north": { "texture": "#bigleaves2", "uv": [ 0.0, 0.0, 32.0, 32.0 ], "windMode": [7,7,7,7], "windData": [1,3,3,1] }
											},
											"children": [
												{
													"name": "Fruits c2",
													"from": [ 10.0, 0.0, -0.7 ],
													"to": [ 18.0, 8.0, -0.7 ],
													"shade": false,
													"renderPass": 1,
													"rotationOrigin": [ 12.0, 3.9, -0.7 ],
													"rotationX": -20.0,
													"faces": {
														"north": { "texture": "#empty", "uv": [ 0.0, 0.0, 8.0, 8.0 ], "windMode": [7,7,7,7], "windData": [1,2,2,1] }
													}
												}
											]
										},
										{
											"name": "Leaves f2",
											"from": [ -15.2929, 0.0, 0.7071 ],
											"to": [ 16.7071, 32.0, 0.7071 ],
											"shade": false,
											"renderPass": 1,
											"rotationOrigin": [ 0.7071, 0.0, 0.7071 ],
											"rotationX": -180.0,
											"rotationZ": -180.0,
											"faces": {
												"north": { "texture": "#bigleaves1", "uv": [ 0.0, 0.0, 32.0, 32.0 ], "windMode": [7,7,7,7], "windData": [1,3,3,1] }
											}
										}
									]
								}
							]
						}
					]
				}
			]
		}
	]}