{
	code: "nightstand",
	class: "BlockGenericTypedContainer",
	entityclass: "GenericTypedContainer",
	attributes: {
		humanoidTraversalCost: 100,
		partialAttachable: true,
		inventoryClassName: "chest",
		defaultType: "nightstand",
		types: ["nightstand"],
		rotatatableInterval: {"nightstand": "22.5degnot45deg"},
		drop: {"nightstand": true},
		quantitySlots: {"nightstand": 16},
		dialogTitleLangCode: {"nightstand": "chestcontents"},
		storageType: {"nightstand": 189},
		retrieveOnly: {"nightstand": false},
		shape: {"nightstand": "shapes/block/nightstandshape"},
		openSound: {"nightstand":"sounds/block/largechestopen"},
		closeSound: {"nightstand":"sounds/block/largechestclose"},
		variantByGroup: "side",
		variantByGroupInventory: null
		},
	behaviors: [{name: "Lockable" }, {name: "Container"}],
	variantgroups: [
		{ code:"side", loadFromProperties: "abstract/horizontalorientation" }
	],
	shapeByType: {
		"*-north": {  base: "shapes/block/nightstandshape", rotateY: 0 },
		"*-east": { base: "shapes/block/nightstandshape", rotateY: 90 },
		"*-west": {  base: "shapes/block/nightstandshape", rotateY: 180 },
		"*-south": { base: "shapes/block/nightstandshape", rotateY: 270 }
	},
	shapeInventory: { base: "shapes/block/nightstandshape", rotateY: 270 },

	creativeinventoryStacksByType: {
	"*-east": [
		{
			tabs: [ "general", "decorative", "Kevin's Furniture" ],
			stacks: [
				{ type: "block", code: "nightstand-east", attributes: { type: "nightstand" } }
			]
			}
		]
	},
	drawtype: "json",
	"textures": {
		"nightstand-maple": {base: "game:block/wood/planks/maple1" },
		"nightstand-ebony": {base: "game:block/wood/planks/ebony1" },
		"nightstand-steel": {base: "game:block/metal/ingot/stainlesssteel"}	
	},
	blockmaterial: "Wood",
	replaceable: 900,
	resistance: 1.5,
	lightAbsorption: 1,
	sideAo: { all: false },
	sidesolid: {
		all: false
	},
	handbook: {
		include: true},
	sideopaque: {
		all: false
	},
	sounds: {
		"place": "game:block/planks",
		"hit": "game:block/planks",
		"break": "game:block/planks",
		"walk": "game:walk/wood"
	},
	collisionbox: {
		x1: 0.0625, y1: 0, z1: 0.0625, x2: 0.9375, y2: 0.8125, z2: 0.9375
	},
	selectionbox: {
		x1: 0.0625, y1: 0, z1: 0.0625, x2: 0.9375, y2: 0.8125, z2: 0.9375
	}
}