{
	code: "cabinet",
	class: "blockcabinet",
	entityClass: "blockentitycabinet",
	drawtype: "json",
	variantgroups: [
        { code: "side", loadFromProperties: "abstract/horizontalorientation" },
		{ code:"type", states: ["acacia","baldcypress","birch","ebony","kapok","larch","maple","oak","pine","purpleheart","redwood","walnut"] }
	],
	creativeinventoryByType: {
		"*": { "general": ["*-east-*"], "decorative": ["*-east-*"], "Kevin's Furniture":["*-east-*"] }
	},
	shapeByType: {
		"*north*": { base: "block/cabinet", rotateY: 0 },
		"*east*": { base: "block/cabinet", rotateY: 270 },
		"*west*": { base: "block/cabinet", rotateY: 90 },
		"*south*": { base: "block/cabinet", rotateY: 180 },
	},
	"texturesbytype": {
		"*":{
            "shale1": {base: "game:block/stone/rock/shale1"},
			"pine": {base:"game:block/wood/debarked/{type}"},
			"surface": {base:"game:block/wood/shelf/surface"},
			"chromium": {base:"game:block/metal/ingot/chromium"},
			"stainlesssteel": {base:"game:block/metal/ingot/stainlesssteel"}
        }		
	},
	"attributes": {
		"pieFormingSurface": true
	},
	heldTpIdleAnimation: "holdunderarm",
   
	behaviors: [ 
        {name: "HorizontalOrientable"}
    ],
	blockmaterial: "Wood",
	replaceable: 900,
	resistance: 1.5,
	lightAbsorption: 1,
	emitSideAo: { all: false },	
	sidesolid: {
		all: true
	},	
	sideopaque: {
		all: false
	},
	sounds: {
		"place": "game:block/planks",
		"hit": "game:block/planks",
		"break": "game:block/planks",
		"walk": "game:walk/wood"
	},
	combustibleProps: {
		burnTemperature: 600,
		burnDuration: 35,
	},
	materialDensity: 400,
	tpHandTransform: {
		translation: { x: -0.8, y: -0.68, z: -0.41 },
		rotation: { x: 99, y: -10, z: -6 },
		scale: 0.5
	},
	fpHandTransform: {
		translation: { x: 0.08, y: -0.2, z: 0.6 },
		rotation: { x: 33, y: 134, z: -102 }
	},
	collisionselectionboxes: [
	{
		x1: 0.01, y1: 0.01, z1: 0.01, x2: 0.5, y2: 0.5, z2: 0.8125, 
		rotateYByType: {
			"*-north*": 0,
			"*-east*": 270,
			"*-west*": 90,
			"*-south*": 180,
		}
	}, 
	{
		x1: 0.5, y1: 0.01, z1: 0.01, x2: 0.98, y2: 0.5, z2: 0.8125, 
		rotateYByType: {
			"*-north*": 0,
			"*-east*": 270,
			"*-west*": 90,
			"*-south*": 180,
		}
	}, 
	{
		x1: 0.01, y1: 0.5, z1: 0.01, x2: 0.5, y2: 0.98, z2: 0.8125,
		rotateYByType: {
			"*-north*": 0,
			"*-east*": 270,
			"*-west*": 90,
			"*-south*": 180,
		}
	},
	{
		x1: 0.5, y1: 0.5, z1: 0.01, x2: 0.98, y2: 0.98, z2: 0.8125,
		rotateYByType: {
			"*-north*": 0,
			"*-east*": 270,
			"*-west*": 90,
			"*-south*": 180,
		}
	},
	{
		x1: 0, y1: 0, z1: 0, x2: 1, y2: 1, z2: 1,
		rotateYByType: {
			"*-north*": 0,
			"*-east*": 270,
			"*-west*": 90,
			"*-south*": 180,
		}
	}
	]
}
