{
	code: "DoorlessCabinet",
	class: "BlockShelf",
	entityClass: "Shelf",
	variantgroups: [
		{code:"side", loadFromProperties: "abstract/horizontalorientation"},
        {code: "type", states: ["acacia","baldcypress","birch","ebony","kapok","larch","maple","oak","pine","purpleheart","redwood","walnut"]}
	],
	behaviors: [
		{name: "Lockable"},
		{name: "HorizontalOrientable", properties: {  dropBlockFace: "east" }}
	],
	shapeByType: {
		"*north*": { base: "block/doorlesscabinet", rotateY: 0 },
		"*east*": { base: "block/doorlesscabinet", rotateY: 270 },
		"*west*": { base: "block/doorlesscabinet", rotateY: 90 },
		"*south*": { base: "block/doorlesscabinet", rotateY: 180 },
	},
	"texturesbytype": {
		"*":{
            "shale1": {base: "game:block/stone/rock/shale1"},
			"pine": {base:"game:block/wood/debarked/{type}"},
			"surface": {base:"game:block/wood/shelf/surface"},
			"chromium": {base:"game:block/metal/ingot/chromium"},
			"stainlesssteel": {base:"game:block/metal/ingot/stainlesssteel"}
        }		
	},
	"attributes": {
		"pieFormingSurface": true
	},
	attributes: {
		reinforcable: true
	},
	heldTpIdleAnimation: "holdunderarm",
	creativeinventory: { "general": ["*-east"], "decorative": ["*-east"],"Kevin's Furniture":["*-east-*"] },
	blockmaterial: "Wood",
	replaceable: 900,
	resistance: 1.5,
	lightAbsorption: 1,
	emitSideAo: { all: false },	
	sidesolid: {
		all: true
	},	
	sideopaque: {
		all: false
	},
	sounds: {
		"place": "block/planks",
		"hit": "block/planks",
		"break": "block/planks",
		"walk": "walk/wood"
	},
	combustibleProps: {
		burnTemperature: 600,
		burnDuration: 35,
	},
	materialDensity: 400,
	tpHandTransform: {
		translation: { x: -0.8, y: -0.68, z: -0.41 },
		rotation: { x: 99, y: -10, z: -6 },
		scale: 0.5
	},
	fpHandTransform: {
		translation: { x: 0.08, y: -0.2, z: 0.6 },
		rotation: { x: 33, y: 134, z: -102 }
	},
	collisionselectionboxes: [
	{
		x1: 0, y1: 0, z1: 0, x2: 0.5, y2: 0.5, z2: 0.8125, 
		rotateYByType: {
			"*-north": 0,
			"*-east": 270,
			"*-west": 90,
			"*-south": 180,
		}
	}, 
	{
		x1: 0.5, y1: 0, z1: 0, x2: 1, y2: 0.5, z2: 0.8125, 
		rotateYByType: {
			"*-north": 0,
			"*-east": 270,
			"*-west": 90,
			"*-south": 180,
		}
	}, 
	{
		x1: 0, y1: 0.5, z1: 0, x2: 0.5, y2: 1, z2: 0.8125,
		rotateYByType: {
			"*-north": 0,
			"*-east": 270,
			"*-west": 90,
			"*-south": 180,
		}
	},
	{
		x1: 0.5, y1: 0.5, z1: 0, x2: 1, y2: 1, z2: 0.8125,
		rotateYByType: {
			"*-north": 0,
			"*-east": 270,
			"*-west": 90,
			"*-south": 180,
		}
	}
	]
}