{
	code: "shoerack",
	behaviors: [
		{name: "Lockable"},
		{name: "HorizontalOrientable"}
	],	
	variantgroups: [
        { code: "side", loadFromProperties: "abstract/horizontalorientation" },
		{ code:"type", states: ["aged","acacia","baldcypress","birch","ebony","kapok","larch","maple","oak","pine","purpleheart","redwood","walnut"] }
	],
	attributesByType: {
		"*north*": {reinforcable: true, height: 1, facing: 4},
		"*south*": {reinforcable: true, height: 1, facing: 3},
		"*east*": {reinforcable: true, height: 1, facing: 2},
		"*west*": {reinforcable: true, height: 1, facing: 1}
	},
	class: "blockshoerack",
	entityClass: "blockentityshoerack",
	creativeinventoryByType: {
		"*": { "general": ["*-east-*"], "decorative": ["*-east-*"], "Kevin's Furniture":["*-east-*"] }
	},
	shapeByType: {
		"*north*": { base: "block/shoerack", rotateY: 0 },
		"*east*": { base: "block/shoerack", rotateY: 270 },
		"*west*": { base: "block/shoerack", rotateY: 90 },
		"*south*": { base: "block/shoerack", rotateY: 180 },
	},
	drawtype: "json",
	blockmaterial: "Wood",
	replaceable: 600,
	resistance: 3,
	lightAbsorption: 0,
	heldTpIdleAnimation: "holdbothhandslarge", heldRightReadyAnimation: "heldblockready", heldTpUseAnimation: "twohandplaceblock",
	sounds: {
		"place": "game:block/planks",
		"break": "game:block/planks",
		"hit": "game:block/planks",
		"walk": "game:walk/planks",
	},
	"texturesbytype": {
        "shoerack-*":{
            "acacia1":  {base:"game:block/wood/bark/{type}"}
        }
	},
	collisionSelectionBoxes: [
		{ x1: 0.0625, y1: 0, z1: 0.0625, x2: 0.5, y2: 0.25, z2: 0.5 },
		{ x1: 0.5, y1: 0, z1: 0.0625, x2: 0.9375, y2: 0.25, z2: 0.5},
		{ x1: 0.0625, y1: 0, z1: 0.5, x2: 0.5, y2: 0.25, z2: 0.9375},
		{ x1: 0.5, y1: 0, z1: 0.5, x2: 0.9375, y2: 0.25, z2: 0.9375 },
	],
	sideopaque: { all: false },
	sideao: { all: true },
	emitsideao: { all: false },
	sidesolid: { all: false },
	tpHandTransform: {
		translation: { x: -1.34, y: -0.39, z: -0.53 },
		rotation: { x: 8, y: 14, z: -81 },
		origin: { x: 0.5, y: 0.25, z: 0.5 },
		scale: 0.5
	}
}