{
	code: "tallshelftop",
	class: "tallshelftopblock",
    entityClass: "blockentitytallshelf",
	handbook: { exclude: true },
	variantgroups: [
        { code: "side", loadFromProperties: "abstract/horizontalorientation" }
	],
	behaviors: [ 
        {name: "HorizontalOrientable"}
    ],
    shapeByType: {
		"*-north": { base: "game:block/basic/nothing", rotateY: 0 },
		"*-east": { base: "game:block/basic/nothing", rotateY: 270 },
		"*-west": { base: "game:block/basic/nothing", rotateY: 90 },
		"*-south": { base: "game:block/basic/nothing", rotateY: 180 },
	},
	drawtype: "json",
	sidesolid: { all: false },
	sideopaque: { all: false },
	blockmaterial: "wood",
	replaceable: 160,
	resistance: 4,
	lightAbsorption: 0,
	sounds: {
		"place": "game:block/planks",
		"walk": "game:walk/wood",
		"hit": "game:block/planks",
		"break": "game:block/planks"
	},
    collisionselectionboxes: [
        {
            x1: 0, y1: 0, z1: 0, x2: 0.5, y2: 0.5, z2: 0.8125, 
            rotateYByType: {
                "*-north": 0,
                "*-east": 270,
                "*-west": 90,
                "*-south": 180
            }
        }, 
        {
            x1: 0.5, y1: 0, z1: 0, x2: 1, y2: 0.5, z2: 0.8125, 
            rotateYByType: {
                "*-north": 0,
                "*-east": 270,
                "*-west": 90,
                "*-south": 180
            }
        }, 
        {
            x1: 0, y1: 0.5, z1: 0, x2: 0.5, y2: 1, z2: 0.8125,
            rotateYByType: {
                "*-north": 0,
                "*-east": 270,
                "*-west": 90,
                "*-south": 180
            }
        },
        {
            x1: 0.5, y1: 0.5, z1: 0, x2: 1, y2: 1, z2: 0.8125,
            rotateYByType: {
                "*-north": 0,
                "*-east": 270,
                "*-west": 90,
                "*-south": 180
            }
        }
        ]
}