﻿[
	{
		"op": "addeach",
		"path": "/variantgroups/0/states/-",
		"value": ["dacrydiumcupressinum", "nothofagusmenziesii", "podocarpustotara", "araucariaheterophylla"],
		"file": "ancienttools:blocktypes/barkbasket",
		"dependsOn": [{ "modid": "ancienttools" }],
		"side": "Server"
	},
	{
		"op": "addmerge",
		"path": "/texturesByType/*-dacrydiumcupressinum-*",
		"value": {
			"bark": { base: "floralzonesneozeylandicregion:block/wood/bark/{variant}"},
			"inside": { base: "floralzonesneozeylandicregion:block/wood/debarked/{variant}", rotation: 90 },
			"basket-bark": { base: "floralzonesneozeylandicregion:block/wood/bark/{variant}"},
			"basket-inside": { base: "floralzonesneozeylandicregion:block/wood/debarked/{variant}", rotation: 90 },
		},
		"file": "ancienttools:blocktypes/barkbasket",
		"dependsOn": [{ "modid": "ancienttools" }],
		"side": "Server"
	},
	{
		"op": "addmerge",
		"path": "/texturesByType/*-nothofagusmenziesii-*",
		"value": {
			"bark": { base: "floralzonesneozeylandicregion:block/wood/bark/{variant}"},
			"inside": { base: "floralzonesneozeylandicregion:block/wood/debarked/{variant}", rotation: 90 },
			"basket-bark": { base: "floralzonesneozeylandicregion:block/wood/bark/{variant}"},
			"basket-inside": { base: "floralzonesneozeylandicregion:block/wood/debarked/{variant}", rotation: 90 },
		},
		"file": "ancienttools:blocktypes/barkbasket",
		"dependsOn": [{ "modid": "ancienttools" }],
		"side": "Server"
	},
	{
		"op": "addmerge",
		"path": "/texturesByType/*-podocarpustotara-*",
		"value": {
			"bark": { base: "floralzonesneozeylandicregion:block/wood/bark/{variant}"},
			"inside": { base: "floralzonesneozeylandicregion:block/wood/debarked/{variant}", rotation: 90 },
			"basket-bark": { base: "floralzonesneozeylandicregion:block/wood/bark/{variant}"},
			"basket-inside": { base: "floralzonesneozeylandicregion:block/wood/debarked/{variant}", rotation: 90 },
		},
		"file": "ancienttools:blocktypes/barkbasket",
		"dependsOn": [{ "modid": "ancienttools" }],
		"side": "Server"
	},
	{
		"op": "addmerge",
		"path": "/texturesByType/*-araucariaheterophylla-*",
		"value": {
			"bark": { base: "floralzonesneozeylandicregion:block/wood/bark/{variant}"},
			"inside": { base: "floralzonesneozeylandicregion:block/wood/debarked/{variant}", rotation: 90 },
			"basket-bark": { base: "floralzonesneozeylandicregion:block/wood/bark/{variant}"},
			"basket-inside": { base: "floralzonesneozeylandicregion:block/wood/debarked/{variant}", rotation: 90 },
		},
		"file": "ancienttools:blocktypes/barkbasket",
		"dependsOn": [{ "modid": "ancienttools" }],
		"side": "Server"
	},
	{
        "op": "move",
		"frompath": "/texturesByType/*",
		"path": "/temp",
		"file": "ancienttools:blocktypes/barkbasket",
		"dependsOn": [{ "modid": "ancienttools" }],
		"side": "Server",
    },
    {
        "op": "move",
		"frompath": "/temp",
		"path": "/texturesByType/*",
		"file": "ancienttools:blocktypes/barkbasket",
		"dependsOn": [{ "modid": "ancienttools" }],
		"side": "Server",
    }
]