{
	"editor": {
		"allAngles": true,
		"entityTextureMode": true
	},
	"textureWidth": 64,
	"textureHeight": 64,
	"textureSizes": {
	},
	"textures": {
		"material": "entity/humanoid/serapharmor/chain/copper"
	},
	"elements": [
		{
			"name": "ArmorHelmet",
			"stepParentName": "Head",
			"from": [ 0.14, -0.2, -0.55 ],
			"to": [ 5.86, 5.42, 5.55 ],
			"unwrapMode": 1,
			"uv": [ 36.0, 17.5 ],
			"rotationOrigin": [ 0.1, -0.2, -0.6 ],
			"faces": {
				"north": { "texture": "#material", "uv": [ 42.0, 23.5, 47.5, 29.0 ] },
				"east": { "texture": "#material", "uv": [ 36.0, 23.5, 42.0, 29.0 ] },
				"south": { "texture": "#material", "uv": [ 55.5, 23.5, 61.0, 29.0 ] },
				"west": { "texture": "#material", "uv": [ 48.5, 23.5, 54.5, 29.0 ] },
				"up": { "texture": "#material", "uv": [ 42.0, 17.5, 47.5, 23.5 ], "rotation": 180 },
				"down": { "texture": "#material", "uv": [ 42.0, 29.0, 47.5, 35.0 ] }
			},
			"children": [
				{
					"name": "ArmorHelmetFace",
					"from": [ -0.32, 3.06, 0.0 ],
					"to": [ 0.0, 5.62, 6.1 ],
					"unwrapMode": 1,
					"uv": [ 32.0, 35.5 ],
					"rotationOrigin": [ -0.5, 3.0, 0.0 ],
					"faces": {
						"north": { "texture": "#material", "uv": [ 32.0, 41.5, 32.5, 44.0 ] },
						"south": { "texture": "#material", "uv": [ 38.5, 41.5, 39.0, 44.0 ] },
						"west": { "texture": "#material", "uv": [ 32.5, 41.5, 38.5, 44.0 ] },
						"up": { "texture": "#material", "uv": [ 32.0, 35.5, 32.5, 41.5 ], "rotation": 180 },
						"down": { "texture": "#material", "uv": [ 32.0, 44.0, 32.5, 50.0 ] }
					}
				},
				{
					"name": "ArmorHelmetFace2",
					"from": [ -0.22, 0.0, 0.0 ],
					"to": [ 0.0, 2.04, 6.1 ],
					"unwrapMode": 1,
					"autoUnwrap": false,
					"uv": [ 18.0, 28.5 ],
					"rotationOrigin": [ -0.4, 0.0, 0.0 ],
					"faces": {
						"north": { "texture": "#material", "uv": [ 57.0, 59.5, 57.5, 61.5 ] },
						"south": { "texture": "#material", "uv": [ 63.5, 59.5, 64.0, 61.5 ] },
						"west": { "texture": "#material", "uv": [ 57.5, 59.5, 63.5, 61.5 ] },
						"up": { "texture": "#material", "uv": [ 57.0, 57.5, 63.0, 58.0 ], "rotation": 90 },
						"down": { "texture": "#material", "uv": [ 57.5, 61.5, 63.5, 62.0 ], "rotation": 90 }
					}
				},
				{
					"name": "ArmorHelmetFace4",
					"from": [ -0.32, 2.04, 0.0 ],
					"to": [ 0.0, 3.07, 0.5 ],
					"unwrapMode": 1,
					"uv": [ 38.5, 31.5 ],
					"rotationOrigin": [ -0.32, 3.1, 0.0 ],
					"faces": {
						"north": { "texture": "#material", "uv": [ 38.5, 32.0, 39.0, 33.0 ] },
						"south": { "texture": "#material", "uv": [ 39.5, 32.0, 40.0, 33.0 ] },
						"west": { "texture": "#material", "uv": [ 39.0, 32.0, 39.5, 33.0 ] },
						"up": { "texture": "#material", "uv": [ 38.5, 31.5, 39.0, 32.0 ], "rotation": 180 },
						"down": { "texture": "#material", "uv": [ 38.5, 33.0, 39.0, 33.5 ] }
					}
				},
				{
					"name": "ArmorHelmetFace5",
					"from": [ -0.32, 2.04, 5.6 ],
					"to": [ 0.0, 3.07, 6.1 ],
					"unwrapMode": 1,
					"uv": [ 38.5, 31.5 ],
					"rotationOrigin": [ -0.32, 3.1, 5.6 ],
					"faces": {
						"north": { "texture": "#material", "uv": [ 38.5, 32.0, 39.0, 33.0 ] },
						"south": { "texture": "#material", "uv": [ 39.5, 32.0, 40.0, 33.0 ] },
						"west": { "texture": "#material", "uv": [ 39.0, 32.0, 39.5, 33.0 ] },
						"up": { "texture": "#material", "uv": [ 38.5, 31.5, 39.0, 32.0 ], "rotation": 180 },
						"down": { "texture": "#material", "uv": [ 38.5, 33.0, 39.0, 33.5 ] }
					}
				},
				{
					"name": "ArmorHelmetFace3",
					"from": [ -0.22, 2.04, 0.5 ],
					"to": [ 0.0, 3.06, 1.03 ],
					"unwrapMode": 1,
					"autoUnwrap": false,
					"uv": [ 18.0, 28.5 ],
					"rotationOrigin": [ -0.4, 2.0, 0.5 ],
					"faces": {
						"north": { "texture": "#material", "uv": [ 57.0, 59.5, 57.5, 60.5 ] },
						"south": { "texture": "#material", "uv": [ 63.5, 59.0, 64.0, 60.0 ] },
						"west": { "texture": "#material", "uv": [ 58.5, 58.0, 59.0, 59.0 ] },
						"up": { "texture": "#material", "uv": [ 57.0, 57.5, 57.5, 58.0 ], "rotation": 90 },
						"down": { "texture": "#material", "uv": [ 57.5, 61.5, 58.0, 62.0 ], "rotation": 90 }
					}
				},
				{
					"name": "ArmorHelmetFace6",
					"from": [ -0.22, 2.04, 5.08 ],
					"to": [ 0.0, 3.06, 5.6 ],
					"unwrapMode": 1,
					"autoUnwrap": false,
					"uv": [ 18.0, 28.5 ],
					"rotationOrigin": [ -0.4, 2.0, 5.0 ],
					"faces": {
						"north": { "texture": "#material", "uv": [ 57.0, 59.5, 57.5, 60.5 ] },
						"south": { "texture": "#material", "uv": [ 63.5, 59.0, 64.0, 60.0 ] },
						"west": { "texture": "#material", "uv": [ 61.5, 58.0, 62.0, 59.0 ] },
						"up": { "texture": "#material", "uv": [ 57.0, 57.5, 57.5, 58.0 ], "rotation": 90 },
						"down": { "texture": "#material", "uv": [ 57.5, 61.5, 58.0, 62.0 ], "rotation": 90 }
					}
				},
				{
					"name": "ArmorHelmetFace7",
					"from": [ -0.22, 2.04, 2.54 ],
					"to": [ 0.0, 3.06, 3.56 ],
					"unwrapMode": 1,
					"autoUnwrap": false,
					"uv": [ 18.0, 28.5 ],
					"rotationOrigin": [ -0.4, 2.0, 2.5 ],
					"faces": {
						"north": { "texture": "#material", "uv": [ 57.0, 59.5, 57.5, 60.5 ] },
						"south": { "texture": "#material", "uv": [ 63.5, 59.0, 64.0, 60.0 ] },
						"west": { "texture": "#material", "uv": [ 59.0, 58.0, 60.0, 59.0 ] },
						"up": { "texture": "#material", "uv": [ 57.0, 57.5, 58.0, 58.0 ], "rotation": 90 },
						"down": { "texture": "#material", "uv": [ 57.5, 61.5, 58.5, 62.0 ], "rotation": 90 }
					}
				}
			]
		}
	]}