{
	"editor": {
		"allAngles": true,
		"entityTextureMode": true
	},
	"textureWidth": 64,
	"textureHeight": 64,
	"textureSizes": {
	},
	"textures": {
		"material": "entity/humanoid/serapharmor/chain/meteoriciron"
	},
	"elements": [
		{
			"name": "ArmorHelmet",
			"stepParentName": "Head",
			"from": [ 0.14, -0.2, -0.55 ],
			"to": [ 5.86, 5.42, 5.55 ],
			"unwrapMode": 1,
			"uv": [ 36.0, 17.5 ],
			"rotationOrigin": [ 0.1, -0.2, -0.6 ],
			"faces": {
				"north": { "texture": "#material", "uv": [ 42.0, 23.5, 47.5, 29.0 ] },
				"east": { "texture": "#material", "uv": [ 36.0, 23.5, 42.0, 29.0 ] },
				"south": { "texture": "#material", "uv": [ 55.5, 23.5, 61.0, 29.0 ] },
				"west": { "texture": "#material", "uv": [ 48.5, 23.5, 54.5, 29.0 ] },
				"up": { "texture": "#material", "uv": [ 42.0, 17.5, 47.5, 23.5 ], "rotation": 180 },
				"down": { "texture": "#material", "uv": [ 42.0, 29.0, 47.5, 35.0 ] }
			},
			"children": [
				{
					"name": "ArmorHelmetFace",
					"from": [ -0.32, 3.3, 0.0 ],
					"to": [ 0.0, 5.62, 6.1 ],
					"unwrapMode": 1,
					"uv": [ 32.0, 36.0 ],
					"rotationOrigin": [ -0.5, 3.3, 0.0 ],
					"faces": {
						"north": { "texture": "#material", "uv": [ 32.0, 42.0, 32.5, 44.0 ] },
						"south": { "texture": "#material", "uv": [ 38.5, 42.0, 39.0, 44.0 ] },
						"west": { "texture": "#material", "uv": [ 32.5, 42.0, 38.5, 44.0 ] },
						"up": { "texture": "#material", "uv": [ 32.0, 36.0, 32.5, 42.0 ], "rotation": 180 },
						"down": { "texture": "#material", "uv": [ 32.0, 44.0, 32.5, 50.0 ] }
					},
					"children": [
						{
							"name": "ArmorHelmetNasal",
							"from": [ 0.0, -1.5, 2.6 ],
							"to": [ 0.5, 0.0, 3.6 ],
							"unwrapMode": 1,
							"uv": [ 32.5, 35.5 ],
							"rotationOrigin": [ 0.0, -1.5, 2.6 ],
							"faces": {
								"north": { "texture": "#material", "uv": [ 32.5, 35.5, 33.0, 37.0 ] },
								"south": { "texture": "#material", "uv": [ 34.0, 35.5, 34.5, 37.0 ] },
								"west": { "texture": "#material", "uv": [ 33.0, 35.5, 34.0, 37.0 ] },
								"down": { "texture": "#material", "uv": [ 32.5, 37.0, 33.0, 38.0 ] }
							},
							"children": [
								{
									"name": "ArmorOcularL",
									"from": [ 0.01, -0.3, 1.44 ],
									"to": [ 0.33, 0.2, 3.44 ],
									"uv": [ 42.0, 36.5 ],
									"rotationOrigin": [ 0.1, 0.0, 3.0 ],
									"rotationX": -36.0,
									"faces": {
										"north": { "texture": "#material", "uv": [ 33.5, 35.0, 34.0, 35.5 ] },
										"south": { "texture": "#material", "uv": [ 32.0, 49.0, 32.5, 49.5 ] },
										"west": { "texture": "#material", "uv": [ 46.5, 20.0, 48.5, 20.5 ] },
										"up": { "texture": "#material", "uv": [ 32.0, 46.5, 32.5, 48.5 ] },
										"down": { "texture": "#material", "uv": [ 32.0, 44.5, 32.5, 46.5 ] }
									}
								},
								{
									"name": "ArmorOcularR",
									"from": [ 0.01, -0.3, -2.44 ],
									"to": [ 0.33, 0.2, -0.44 ],
									"uv": [ 41.5, 18.0 ],
									"rotationOrigin": [ 0.0, 0.0, -2.0 ],
									"rotationX": 36.0,
									"faces": {
										"north": { "texture": "#material", "uv": [ 32.0, 45.5, 32.5, 46.0 ] },
										"south": { "texture": "#material", "uv": [ 38.5, 33.5, 39.0, 34.0 ] },
										"west": { "texture": "#material", "uv": [ 42.5, 20.0, 44.5, 20.5 ] },
										"up": { "texture": "#material", "uv": [ 35.5, 42.0, 36.0, 44.0 ] },
										"down": { "texture": "#material", "uv": [ 38.5, 30.5, 39.0, 32.5 ] }
									}
								},
								{
									"name": "R",
									"from": [ 0.0, 0.0, -2.5 ],
									"to": [ 0.32, 1.5, -2.0 ],
									"uv": [ 37.0, 21.0 ],
									"rotationOrigin": [ 0.0, 0.0, -2.5 ],
									"faces": {
										"north": { "texture": "#material", "uv": [ 39.0, 24.0, 39.5, 25.5 ] },
										"south": { "texture": "#material", "uv": [ 33.5, 35.5, 34.0, 37.0 ] },
										"west": { "texture": "#material", "uv": [ 39.0, 25.5, 39.5, 27.0 ] },
										"down": { "texture": "#material", "uv": [ 39.0, 24.5, 39.5, 25.0 ] }
									}
								},
								{
									"name": "L",
									"from": [ 0.0, 0.0, 3.0 ],
									"to": [ 0.32, 1.5, 3.5 ],
									"uv": [ 37.0, 21.0 ],
									"rotationOrigin": [ 0.0, 0.0, 3.0 ],
									"faces": {
										"north": { "texture": "#material", "uv": [ 39.0, 24.0, 39.5, 25.5 ] },
										"south": { "texture": "#material", "uv": [ 33.5, 35.5, 34.0, 37.0 ] },
										"west": { "texture": "#material", "uv": [ 39.0, 25.5, 39.5, 27.0 ] },
										"down": { "texture": "#material", "uv": [ 39.0, 24.5, 39.5, 25.0 ] }
									}
								}
							]
						}
					]
				}
			]
		}
	]}