{
	"code": "cartsmetalextra",

	"variantgroups": [
		{
			"code": "type",
			"states": [
				"cartlantern"
			]
		},
		{
			"code": "form",
			"states": [
				"base",
				"high",
				"low",
				"wood",
				"cloth",
				"slim",
				"wide",
				"single"
			]
		},
		{
			"code": "state",
			"states": [
				"lit",
				"old",
				"off"
			]
		},
		{
			"code": "wood",
			"states": [ "aged" ],
			"loadFromProperties": "game:block/wood"
		},
		{
			"code": "material",
			"states": [
				"copper",
				"tinbronze",
				"bismuthbronze",
				"blackbronze",
				"gold",
				"silver",
				"iron",
				"meteoriciron",
				"steel",
				"brass",
				"electrum",
				"molybdochalkos",
				"bismuth"
			]
		}
	],
	"skipVariants": [
		"*-aged-*"
	],
	"allowedVariants": [
		"cartsmetalextra-cartlantern-base-*-oak-*"
	],
	"attributesByType": {


		"*lantern-*": {

			"attachableToEntity": {
				"texturePrefixCode": "",
				"categoryCodeByType": {
					"*-cartlantern-*": "cartpostextra"
				},
				"attachedShapeBySlotCodeByType": {
					"*": {
						"*-slimcar*": { "base": "item/light/{type}-slim" },
						"*-smallstal*": { "base": "item/light/{type}-single" },
						"*-basicsle*": { "base": "item/light/{type}-sled" },
						"*torage*": { "base": "item/light/{type}-inventory" },
						"*": { "base": "item/light/{type}-wide" }
					}
				}
			}
		}
	},
	"lightHsvbyType": {
		"*lit*": [ 7, 3, 18 ],
		"*old*": [ 7, 3, 12 ],
		"*": [ 2, 2, 2 ]
	},
	"behaviorsByType": {
		"*": [
			{ "name": "GroundStorable" }
		]
	},
	"shapeByType": {
		"*lanter*": { "base": "item/light/cartlantern-inventory" },
		"*": { "base": "item/light/{type}-inventory" }
	},
	"texturesByType": {
		"*lanter*": {
			"candle": { "base": "game:block/candle" },
			"glass": { "base": "game:block/glass/quartz" },
			"material": { "base": "game:block/metal/lantern/{material}" },
			"lining": { "base": "game:block/metal/lantern/{material}" },
			"material-deco": { "base": "game:block/metal/lantern/{material}-deco" },
			"oak-h": { "base": "game:block/wood/bark/oak-h" },
			"mordant": { "base": "game:block/cloth/linen/mordant" },
			"mordant2": { "base": "game:block/cloth/pelt" }
		},
		"*": {
			"oak-h": { "base": "game:block/wood/bark/{wood}-h" },
			"oak": { "base": "game:block/wood/debarked/{wood}" },
			"oak1": { "base": "game:block/wood/planks/{wood}1" },
			"mordant": { "base": "game:block/cloth/linen/mordant" },
			"mordant2": { "base": "game:block/cloth/pelt" }
		}
	},
	"heldTpIdleAnimationByType": {
		"*": "holdbothhands"
	},
	"maxStackSize": 16,
	"creativeinventory": {
		"general": [ "*" ],
		"cartwrightscaravan": [ "*lit*" ]
	},
	"renderAlphaTest": 0.25,
	"guiTransformByType": {
		"*": {
			"translation": {
				"x": 0,
				"y": 0,
				"z": 0
			},
			"rotation": {
				"x": 139,
				"y": -62,
				"z": -14
			},
			"origin": {
				"x": 0.46,
				"y": 0.4,
				"z": 0.4899
			},
			"scaleXyz": {
				"x": -1.2,
				"y": 1.2,
				"z": 1.2
			}
		}

	}

}	


