{
	"code": "cartcanopy",
	"variantgroups": [
		{
			"code": "type",
			"states": [
				"classic"
			]
		},
		{
			"code": "wood",
			"states": [ "aged" ],
			"loadFromProperties": "game:block/wood"
		}
	],
	"skipVariants": [
		"*-aged"
	],
	"attributesByType": {
		"*": {
			"handbook": {
				"groupBy": [ "cartcanopy*" ]
			},
			"attachableToEntity": {
				"texturePrefixCode": "",
				"categoryCodeByType": {
					"*": "cartcanopy"
				},
				"attachedShapeBySlotCodeByType": {
					"*": {
						"*-smallstall*": { "base": "item/canopy/woodcanopy-{type}-stall" },
						"*-slimcart*": { "base": "item/canopy/woodcanopy-{type}-slim" },
						"*torage*": { "base": "item/canopy/woodcanopy-{type}-inventory" },
						"*": { "base": "item/canopy/woodcanopy-{type}" }
					}
				}
			}
		}
	},
	"lightHsvbyType": {
		"*lit*": [ 7, 3, 18 ]
	},

	"behaviorsByType": {
		"*": [
						{
				"name": "GroundStorable",
				"properties": {
		"selectionBox": {"x1": 0, "y1": 0, "z1": 0, "x2": 1, "y2": 0.76, "z2": 1},
		"collisionBox": {"x1": 0, "y1": 0, "z1": 0, "x2": 1, "y2": 0.76, "z2": 1}
				}
			}
		]
	},
	"shapeByType": {
		"*": { "base": "item/canopy/woodcanopy-{type}-inventory" }
	},
	"texturesByType": {
		"*canopy*": {
			"altcanopyitemcolor": { "base": "game:block/wood/debarked/{wood}" },
			"altoak": { "base": "game:block/wood/debarked/{wood}" },
			"altoak1": { "base": "game:block/wood/planks/{wood}1" },
			"oak": { "base": "game:block/wood/debarked/{wood}" },
			"oak1": { "base": "game:block/wood/planks/{wood}1" },
			"mordant": { "base": "game:block/cloth/linen/mordant" },
			"mordant2": { "base": "game:block/cloth/pelt" }
		}
	},
	"heldTpIdleAnimationByType": {
		"*": "holdbothhands"
	},
	"maxStackSize": 8,
	"creativeinventory": {
		"general": [ "*" ],
		"cartwrightscaravan": [
			"*"
		]
	},
	"renderAlphaTest": 0.25,
	"guiTransformByType": {
		"*": {
			"translation": {
				"x": 0,
				"y": 0,
				"z": 0
			},
			"rotation": {
				"x": -180,
				"y": -55,
				"z": 30
			},
			"origin": {
				"x": 0.4,
				"y": 0.5,
				"z": 0.39
			},
			"scale": 1.17
		}

	}

}	


