{
	"editor": {
		"allAngles": false,
		"entityTextureMode": false
	},
	"textureWidth": 16,
	"textureHeight": 16,
	"textureSizes": {
	},
	"textures": {
		"iron": "game:block/metal/ingot/iron",
		"plain": "game:block/leather/plain",
		"wood": "game:item/tool/material/wood"
	},
	"elements": [
		{
			"name": "handle1",
			"from": [ 0.0, 3.0, 7.5 ],
			"to": [ 17.0, 3.5, 8.5 ],
			"rotationOrigin": [ 0.0, 3.0, 7.5 ],
			"faces": {
				"north": { "texture": "#wood", "uv": [ 0.0, 0.0, 16.0, 0.5 ], "autoUv": false },
				"east": { "texture": "#wood", "uv": [ 0.0, 0.0, 1.0, 0.5 ] },
				"south": { "texture": "#wood", "uv": [ 0.0, 0.0, 16.0, 0.5 ], "autoUv": false },
				"west": { "texture": "#wood", "uv": [ 0.0, 0.0, 1.0, 0.5 ], "autoUv": false },
				"up": { "texture": "#wood", "uv": [ 0.0, 0.0, 16.0, 1.0 ], "autoUv": false },
				"down": { "texture": "#wood", "uv": [ 0.0, 0.0, 16.0, 1.0 ], "autoUv": false }
			},
			"children": [
				{
					"name": "handle1.1",
					"from": [ 0.0, 0.36, 1.4 ],
					"to": [ 17.0, 0.96, 2.0 ],
					"rotationOrigin": [ 0.0, 0.4, 1.4 ],
					"rotationX": -135.0,
					"faces": {
						"north": { "texture": "#wood", "uv": [ 0.0, 0.0, 16.0, 0.5 ], "autoUv": false },
						"east": { "texture": "#wood", "uv": [ 0.0, 0.0, 0.5, 0.5 ] },
						"south": { "texture": "#wood", "uv": [ 0.0, 0.0, 16.0, 0.5 ], "autoUv": false },
						"west": { "texture": "#wood", "uv": [ 0.0, 0.0, 0.5, 0.5 ] },
						"up": { "texture": "#wood", "uv": [ 0.0, 0.0, 16.0, 0.5 ], "autoUv": false },
						"down": { "texture": "#wood", "uv": [ 0.0, 0.0, 16.0, 0.5 ], "autoUv": false }
					}
				},
				{
					"name": "handle1.2",
					"from": [ 0.0, 0.06, -0.13 ],
					"to": [ 16.0, 0.66, 0.27 ],
					"rotationOrigin": [ 0.0, 0.19, 0.0 ],
					"rotationX": -45.0,
					"faces": {
						"north": { "texture": "#wood", "uv": [ 0.0, 0.0, 16.0, 0.5 ] },
						"east": { "texture": "#wood", "uv": [ 0.0, 0.0, 0.25, 0.5 ] },
						"south": { "texture": "#wood", "uv": [ 0.0, 0.0, 16.0, 0.5 ] },
						"west": { "texture": "#wood", "uv": [ 0.0, 0.0, 0.25, 0.5 ] },
						"up": { "texture": "#wood", "uv": [ 0.0, 0.0, 16.0, 0.5 ] },
						"down": { "texture": "#wood", "uv": [ 0.0, 0.0, 16.0, 0.5 ] }
					}
				}
			]
		},
		{
			"name": "handle2",
			"from": [ 0.002, 1.94, 8.5 ],
			"to": [ 17.004, 2.34, 9.5 ],
			"rotationOrigin": [ 0.0, 2.9, 8.5 ],
			"rotationX": -180.0,
			"faces": {
				"north": { "texture": "#wood", "uv": [ -0.25, 0.0, 15.75, 0.5 ], "autoUv": false },
				"east": { "texture": "#wood", "uv": [ 0.0, 0.0, 1.0, 0.5 ] },
				"south": { "texture": "#wood", "uv": [ 0.75, 0.0, 15.75, 0.5 ], "autoUv": false },
				"west": { "texture": "#wood", "uv": [ 0.0, 0.0, 1.0, 0.5 ] },
				"up": { "texture": "#wood", "uv": [ 0.0, 0.0, 16.0, 1.0 ], "autoUv": false },
				"down": { "texture": "#wood", "uv": [ 0.0, 1.0, 16.0, 2.0 ], "autoUv": false }
			},
			"children": [
				{
					"name": "handle2.1",
					"from": [ 0.0, 0.36, 1.4 ],
					"to": [ 17.0, 0.96, 2.0 ],
					"rotationOrigin": [ 0.0, 0.4, 1.4 ],
					"rotationX": -135.0,
					"faces": {
						"north": { "texture": "#wood", "uv": [ 0.0, 0.0, 16.0, 0.5 ], "autoUv": false },
						"east": { "texture": "#wood", "uv": [ 0.0, 0.0, 0.5, 0.5 ] },
						"south": { "texture": "#wood", "uv": [ 0.0, 0.0, 16.0, 0.5 ], "autoUv": false },
						"west": { "texture": "#wood", "uv": [ 0.5, 0.5, 1.0, 1.0 ] },
						"up": { "texture": "#wood", "uv": [ 0.0, 0.0, 16.0, 0.5 ], "autoUv": false },
						"down": { "texture": "#wood", "uv": [ 0.0, 0.0, 16.0, 0.5 ], "autoUv": false }
					}
				}
			]
		},
		{
			"name": "blade",
			"from": [ 15.9, 2.9, 6.5 ],
			"to": [ 16.9, 4.0, 9.1 ],
			"rotationOrigin": [ 15.9, 2.9, 6.5 ],
			"faces": {
				"north": { "texture": "#iron", "uv": [ 0.0, 0.0, 1.0, 1.0 ] },
				"east": { "texture": "#iron", "uv": [ 0.0, 0.0, 2.5, 1.0 ] },
				"south": { "texture": "#iron", "uv": [ 0.0, 0.0, 1.0, 1.0 ] },
				"west": { "texture": "#iron", "uv": [ 0.0, 0.0, 2.5, 1.0 ] },
				"up": { "texture": "#iron", "uv": [ 0.0, 0.0, 1.0, 2.5 ] },
				"down": { "texture": "#iron", "uv": [ 0.0, 0.0, 1.0, 2.5 ] }
			},
			"children": [
				{
					"name": "blade1",
					"from": [ 0.37, 0.041, -1.2 ],
					"to": [ 0.87, 1.051, 0.1 ],
					"rotationOrigin": [ 0.4, 0.0, -1.1 ],
					"rotationY": -18.0,
					"faces": {
						"north": { "texture": "#iron", "uv": [ 0.0, 0.0, 0.5, 1.0 ] },
						"east": { "texture": "#iron", "uv": [ 0.0, 0.0, 1.0, 1.0 ] },
						"south": { "texture": "#iron", "uv": [ 0.0, 0.0, 0.5, 1.0 ] },
						"west": { "texture": "#iron", "uv": [ 0.0, 0.0, 1.0, 1.0 ] },
						"up": { "texture": "#iron", "uv": [ 0.0, 0.0, 0.5, 1.0 ] },
						"down": { "texture": "#iron", "uv": [ 0.0, 0.0, 0.5, 1.0 ] }
					}
				},
				{
					"name": "blade2",
					"from": [ 0.4, 0.04, -1.2 ],
					"to": [ 0.9, 1.08, 0.1 ],
					"rotationOrigin": [ 0.4, 0.0, -1.1 ],
					"rotationY": 5.0,
					"faces": {
						"north": { "texture": "#iron", "uv": [ 0.0, 0.0, 0.5, 1.0 ] },
						"east": { "texture": "#iron", "uv": [ 0.0, 0.0, 1.0, 1.0 ] },
						"south": { "texture": "#iron", "uv": [ 0.0, 0.0, 0.5, 1.0 ] },
						"west": { "texture": "#iron", "uv": [ 0.0, 0.0, 1.0, 1.0 ] },
						"up": { "texture": "#iron", "uv": [ 0.0, 0.0, 0.5, 1.0 ] },
						"down": { "texture": "#iron", "uv": [ 0.0, 0.0, 0.5, 1.0 ] }
					},
					"children": [
						{
							"name": "blade3",
							"from": [ -0.1, 0.01, -0.9 ],
							"to": [ 0.51, 1.051, 0.4 ],
							"rotationOrigin": [ -0.1, -0.04, 0.3 ],
							"rotationY": -10.0,
							"faces": {
								"north": { "texture": "#iron", "uv": [ 0.0, 0.0, 0.5, 1.0 ] },
								"east": { "texture": "#iron", "uv": [ 0.0, 0.0, 1.0, 1.0 ] },
								"south": { "texture": "#iron", "uv": [ 0.0, 0.0, 0.5, 1.0 ] },
								"west": { "texture": "#iron", "uv": [ 0.0, 0.0, 1.0, 1.0 ] },
								"up": { "texture": "#iron", "uv": [ 0.0, 0.0, 0.5, 1.0 ] },
								"down": { "texture": "#iron", "uv": [ 0.0, 0.0, 0.5, 1.0 ] }
							}
						},
						{
							"name": "blade5",
							"from": [ -1.3, -0.01, -2.2 ],
							"to": [ -0.8, 1.02, 1.5 ],
							"rotationOrigin": [ -1.3, -0.04, -1.0 ],
							"rotationY": 22.5,
							"faces": {
								"north": { "texture": "#iron", "uv": [ 0.0, 0.0, 0.5, 1.0 ] },
								"east": { "texture": "#iron", "uv": [ 0.0, 0.0, 3.5, 1.0 ] },
								"south": { "texture": "#iron", "uv": [ 0.0, 0.0, 0.5, 1.0 ] },
								"west": { "texture": "#iron", "uv": [ 0.0, 0.0, 3.5, 1.0 ] },
								"up": { "texture": "#iron", "uv": [ 0.0, 0.0, 0.5, 3.5 ] },
								"down": { "texture": "#iron", "uv": [ 0.0, 0.0, 0.5, 3.5 ] }
							}
						},
						{
							"name": "blade7",
							"from": [ 0.2, 0.0, -1.9 ],
							"to": [ 0.7, 1.04, -0.7 ],
							"rotationOrigin": [ 0.2, -0.04, -0.7 ],
							"faces": {
								"north": { "texture": "#iron", "uv": [ 0.0, 0.0, 0.5, 1.0 ] },
								"east": { "texture": "#iron", "uv": [ 0.0, 0.0, 1.0, 1.0 ] },
								"south": { "texture": "#iron", "uv": [ 0.0, 0.0, 0.5, 1.0 ] },
								"west": { "texture": "#iron", "uv": [ 0.0, 0.0, 1.0, 1.0 ] },
								"up": { "texture": "#iron", "uv": [ 0.0, 0.0, 0.5, 1.0 ] },
								"down": { "texture": "#iron", "uv": [ 0.0, 0.0, 0.5, 1.0 ] }
							},
							"children": [
								{
									"name": "part",
									"from": [ -0.454, 0.1, -0.36 ],
									"to": [ 0.546, 1.041, 0.64 ],
									"rotationOrigin": [ -0.6, 0.1, -0.3 ],
									"faces": {
										"north": { "texture": "#iron", "uv": [ 0.0, 0.0, 1.0, 0.5 ] },
										"east": { "texture": "#iron", "uv": [ 0.0, 0.0, 1.0, 0.5 ] },
										"south": { "texture": "#iron", "uv": [ 0.0, 0.0, 1.0, 0.5 ] },
										"west": { "texture": "#iron", "uv": [ 0.0, 0.0, 1.0, 0.5 ] },
										"up": { "texture": "#iron", "uv": [ 0.0, 0.0, 1.0, 1.0 ] },
										"down": { "texture": "#iron", "uv": [ 0.0, 0.0, 1.0, 1.0 ] }
									}
								},
								{
									"name": "part1",
									"from": [ -0.451, -0.13, -0.25 ],
									"to": [ 0.549, 0.81, 0.75 ],
									"rotationOrigin": [ -1.5, -0.2, -0.2 ],
									"rotationX": -6.0,
									"faces": {
										"north": { "texture": "#iron", "uv": [ 0.0, 0.0, 1.0, 0.5 ] },
										"east": { "texture": "#iron", "uv": [ 0.0, 0.0, 1.0, 0.5 ] },
										"south": { "texture": "#iron", "uv": [ 0.0, 0.0, 1.0, 0.5 ] },
										"west": { "texture": "#iron", "uv": [ 0.0, 0.0, 1.0, 0.5 ] },
										"up": { "texture": "#iron", "uv": [ 0.0, 0.0, 1.0, 1.0 ] },
										"down": { "texture": "#iron", "uv": [ 2.0, 0.0, 3.0, 1.0 ] }
									}
								},
								{
									"name": "part2",
									"from": [ -1.85, 0.1, -0.36 ],
									"to": [ -0.45, 1.04, -0.06 ],
									"rotationOrigin": [ -2.0, 0.1, -0.3 ],
									"faces": {
										"north": { "texture": "#iron", "uv": [ 0.0, 0.0, 1.0, 0.5 ] },
										"east": { "texture": "#iron", "uv": [ 0.0, 0.0, 0.5, 0.5 ] },
										"south": { "texture": "#iron", "uv": [ 0.5, 0.0, 1.5, 0.5 ] },
										"west": { "texture": "#iron", "uv": [ 0.0, 0.0, 0.5, 0.5 ] },
										"up": { "texture": "#iron", "uv": [ 0.0, 0.0, 1.0, 0.5 ] },
										"down": { "texture": "#iron", "uv": [ 0.0, 0.0, 1.0, 0.5 ] }
									}
								},
								{
									"name": "part3",
									"from": [ -0.81, 0.1, -0.06 ],
									"to": [ -0.454, 1.04, 0.24 ],
									"rotationOrigin": [ -0.9, 0.1, 0.0 ],
									"faces": {
										"north": { "texture": "#iron", "uv": [ 0.5, 0.5, 1.0, 1.0 ] },
										"east": { "texture": "#iron", "uv": [ 0.0, 0.0, 0.5, 0.5 ] },
										"south": { "texture": "#iron", "uv": [ 0.0, 0.0, 0.5, 0.5 ] },
										"west": { "texture": "#iron", "uv": [ 0.0, 0.0, 0.5, 0.5 ] },
										"up": { "texture": "#iron", "uv": [ 0.0, 0.0, 0.5, 0.5 ] },
										"down": { "texture": "#iron", "uv": [ 0.0, 0.0, 0.5, 0.5 ] }
									}
								}
							]
						},
						{
							"name": "blade8",
							"from": [ -0.57, 0.0, -3.2 ],
							"to": [ -0.37, 0.84, -0.71 ],
							"rotationOrigin": [ -0.54, -0.04, -2.0 ],
							"rotationX": -45.0,
							"rotationY": 90.0,
							"faces": {
								"north": { "texture": "#iron", "uv": [ 0.0, 0.0, 0.5, 0.5 ] },
								"east": { "texture": "#iron", "uv": [ 0.0, 0.0, 2.0, 0.5 ] },
								"south": { "texture": "#iron", "uv": [ 0.0, 0.0, 0.5, 0.5 ] },
								"west": { "texture": "#iron", "uv": [ 0.0, 0.0, 2.0, 0.5 ] },
								"up": { "texture": "#iron", "uv": [ 0.0, 0.0, 0.5, 2.0 ] },
								"down": { "texture": "#iron", "uv": [ 0.0, 0.0, 0.5, 2.0 ] }
							},
							"children": [
								{
									"name": "uhh",
									"from": [ -0.53, 0.6, -0.01 ],
									"to": [ 0.17, 0.86, 0.09 ],
									"rotationOrigin": [ -0.6, 0.4, 0.0 ],
									"faces": {
										"north": { "texture": "#iron", "uv": [ 0.0, 0.0, 0.5, 0.5 ] },
										"east": { "texture": "#iron", "uv": [ 0.0, 0.0, 0.5, 0.5 ] },
										"south": { "texture": "#iron", "uv": [ 0.0, 0.0, 0.5, 0.5 ] },
										"west": { "texture": "#iron", "uv": [ 0.0, 0.0, 0.5, 0.5 ] },
										"up": { "texture": "#iron", "uv": [ 0.0, 0.0, 0.5, 0.5 ] },
										"down": { "texture": "#iron", "uv": [ 0.5, 0.0, 1.0, 0.5 ] }
									}
								},
								{
									"name": "uhh1",
									"from": [ -0.33, 0.4, -0.01 ],
									"to": [ 0.17, 0.66, 0.09 ],
									"rotationOrigin": [ -0.4, 0.2, 0.0 ],
									"faces": {
										"north": { "texture": "#iron", "uv": [ 0.0, 0.0, 0.5, 0.5 ] },
										"east": { "texture": "#iron", "uv": [ 0.0, 0.0, 0.5, 0.5 ] },
										"south": { "texture": "#iron", "uv": [ 0.0, 0.0, 0.5, 0.5 ] },
										"west": { "texture": "#iron", "uv": [ 0.0, 0.0, 0.5, 0.5 ] },
										"up": { "texture": "#iron", "uv": [ 0.0, 0.0, 0.5, 0.5 ] },
										"down": { "texture": "#iron", "uv": [ 0.0, 0.0, 0.5, 0.5 ] }
									}
								},
								{
									"name": "uhh2",
									"from": [ -0.13, 0.2, -0.01 ],
									"to": [ 0.17, 0.46, 0.09 ],
									"rotationOrigin": [ -0.2, 0.0, 0.0 ],
									"faces": {
										"north": { "texture": "#iron", "uv": [ 0.0, 0.0, 0.5, 0.5 ] },
										"east": { "texture": "#iron", "uv": [ 0.0, 0.0, 0.5, 0.5 ] },
										"south": { "texture": "#iron", "uv": [ 0.0, 0.0, 0.5, 0.5 ] },
										"west": { "texture": "#iron", "uv": [ 0.0, 0.0, 0.5, 0.5 ] },
										"up": { "texture": "#iron", "uv": [ 0.0, 0.0, 0.5, 0.5 ] },
										"down": { "texture": "#iron", "uv": [ 0.0, 0.0, 0.5, 0.5 ] }
									}
								}
							]
						},
						{
							"name": "blade9",
							"from": [ -0.57, 0.4, -3.9 ],
							"to": [ -0.384, 1.14, -1.41 ],
							"rotationOrigin": [ -0.54, 0.36, -2.7 ],
							"rotationX": 45.0,
							"rotationY": 90.0,
							"faces": {
								"north": { "texture": "#iron", "uv": [ 0.0, 0.0, 0.5, 0.5 ] },
								"east": { "texture": "#iron", "uv": [ 7.5, 4.5, 9.5, 5.0 ] },
								"south": { "texture": "#iron", "uv": [ 0.0, 0.0, 0.5, 0.5 ] },
								"west": { "texture": "#iron", "uv": [ 0.0, 0.0, 2.0, 0.5 ] },
								"up": { "texture": "#iron", "uv": [ 0.0, 0.0, 0.5, 2.0 ] },
								"down": { "texture": "#iron", "uv": [ 0.0, 0.0, 0.5, 2.0 ] }
							}
						},
						{
							"name": "blade6",
							"from": [ -1.0, 0.01, -2.1 ],
							"to": [ -0.4, 1.03, 1.0 ],
							"rotationOrigin": [ -1.0, -0.04, -1.4 ],
							"rotationY": 22.5,
							"faces": {
								"north": { "texture": "#iron", "uv": [ 0.0, 0.0, 0.5, 1.0 ] },
								"east": { "texture": "#iron", "uv": [ 0.0, 0.0, 3.0, 1.0 ] },
								"south": { "texture": "#iron", "uv": [ 0.0, 0.0, 0.5, 1.0 ] },
								"west": { "texture": "#iron", "uv": [ 0.0, 0.0, 3.0, 1.0 ] },
								"up": { "texture": "#iron", "uv": [ 0.0, 0.0, 0.5, 3.0 ] },
								"down": { "texture": "#iron", "uv": [ 0.0, 0.0, 0.5, 3.0 ] }
							}
						},
						{
							"name": "blade10",
							"from": [ -0.4, -0.01, -2.1 ],
							"to": [ 0.1, 1.02, -0.1 ],
							"rotationOrigin": [ -0.4, -0.04, -1.4 ],
							"rotationY": 22.5,
							"faces": {
								"north": { "texture": "#iron", "uv": [ 0.0, 0.0, 0.5, 1.0 ] },
								"east": { "texture": "#iron", "uv": [ 0.0, 0.0, 2.0, 1.0 ] },
								"south": { "texture": "#iron", "uv": [ 0.0, 0.0, 0.5, 1.0 ] },
								"west": { "texture": "#iron", "uv": [ 0.0, 0.0, 2.0, 1.0 ] },
								"up": { "texture": "#iron", "uv": [ 0.0, 0.0, 0.5, 2.0 ] },
								"down": { "texture": "#iron", "uv": [ 0.0, 0.0, 0.5, 2.0 ] }
							}
						},
						{
							"name": "blade11",
							"from": [ -0.57, 0.4, -3.7 ],
							"to": [ -0.384, 0.94, -1.21 ],
							"rotationOrigin": [ -0.54, 0.36, -2.5 ],
							"rotationX": 45.0,
							"rotationY": 90.0,
							"faces": {
								"north": { "texture": "#iron", "uv": [ 0.0, 0.0, 0.5, 0.5 ] },
								"east": { "texture": "#iron", "uv": [ 0.0, 0.0, 2.0, 0.5 ] },
								"south": { "texture": "#iron", "uv": [ 0.0, 0.0, 0.5, 0.5 ] },
								"west": { "texture": "#iron", "uv": [ 0.0, 0.0, 2.0, 0.5 ] },
								"up": { "texture": "#iron", "uv": [ 0.0, 0.0, 0.5, 2.0 ] },
								"down": { "texture": "#iron", "uv": [ 0.0, 0.0, 0.5, 2.0 ] }
							}
						},
						{
							"name": "blade12",
							"from": [ -0.57, 0.3, -3.6 ],
							"to": [ -0.384, 0.84, -1.11 ],
							"rotationOrigin": [ -0.54, 0.26, -2.4 ],
							"rotationX": 45.0,
							"rotationY": 90.0,
							"faces": {
								"north": { "texture": "#iron", "uv": [ 0.0, 0.0, 0.5, 0.5 ] },
								"east": { "texture": "#iron", "uv": [ 0.0, 0.0, 2.0, 0.5 ] },
								"south": { "texture": "#iron", "uv": [ 0.0, 0.0, 0.5, 0.5 ] },
								"west": { "texture": "#iron", "uv": [ 0.0, 0.0, 2.0, 0.5 ] },
								"up": { "texture": "#iron", "uv": [ 0.0, 0.0, 0.5, 2.0 ] },
								"down": { "texture": "#iron", "uv": [ 3.0, 0.0, 3.5, 2.0 ] }
							}
						},
						{
							"name": "blade13",
							"from": [ -0.57, 0.2, -3.5 ],
							"to": [ -0.384, 0.74, -1.01 ],
							"rotationOrigin": [ -0.54, 0.16, -2.3 ],
							"rotationX": 45.0,
							"rotationY": 90.0,
							"faces": {
								"north": { "texture": "#iron", "uv": [ 0.0, 0.0, 0.5, 0.5 ] },
								"east": { "texture": "#iron", "uv": [ 0.0, 0.0, 2.0, 0.5 ] },
								"south": { "texture": "#iron", "uv": [ 0.0, 0.0, 0.5, 0.5 ] },
								"west": { "texture": "#iron", "uv": [ 0.0, 0.0, 2.0, 0.5 ] },
								"up": { "texture": "#iron", "uv": [ 0.0, 0.0, 0.5, 2.0 ] },
								"down": { "texture": "#iron", "uv": [ 0.5, 0.0, 1.0, 2.0 ] }
							}
						},
						{
							"name": "blade14",
							"from": [ -0.57, 0.1, -3.4 ],
							"to": [ -0.38, 0.65, -0.909 ],
							"rotationOrigin": [ -0.54, 0.06, -2.2 ],
							"rotationX": 45.0,
							"rotationY": 90.0,
							"faces": {
								"north": { "texture": "#iron", "uv": [ 0.5, 0.0, 1.0, 0.5 ] },
								"east": { "texture": "#iron", "uv": [ 0.0, 0.0, 2.0, 0.5 ] },
								"south": { "texture": "#iron", "uv": [ 2.0, 0.0, 2.5, 0.5 ] },
								"west": { "texture": "#iron", "uv": [ 0.0, 0.0, 2.0, 0.5 ] },
								"up": { "texture": "#iron", "uv": [ 0.0, 0.0, 0.5, 2.0 ] },
								"down": { "texture": "#iron", "uv": [ 0.0, 0.0, 0.5, 2.0 ] }
							}
						}
					]
				}
			]
		},
		{
			"name": "handle3",
			"from": [ 14.4, 2.04, 8.5 ],
			"to": [ 15.102, 2.44, 9.5 ],
			"rotationOrigin": [ 14.4, 3.0, 8.5 ],
			"rotationX": -180.0,
			"faces": {
				"north": { "texture": "#plain", "uv": [ 0.0, 0.0, 0.5, 0.5 ] },
				"east": { "texture": "#plain", "uv": [ 5.0, 0.5, 6.0, 1.0 ] },
				"south": { "texture": "#plain", "uv": [ 0.5, 0.0, 1.0, 0.5 ] },
				"west": { "texture": "#plain", "uv": [ 2.0, 0.0, 3.0, 0.5 ] },
				"up": { "texture": "#plain", "uv": [ 0.5, 0.0, 1.0, 1.0 ] },
				"down": { "texture": "#plain", "uv": [ 0.0, 0.0, 0.5, 1.0 ] }
			},
			"children": [
				{
					"name": "handle2.3",
					"from": [ 0.0, 0.36, 1.4 ],
					"to": [ 0.7, 0.96, 1.8 ],
					"rotationOrigin": [ 0.0, 0.4, 1.4 ],
					"rotationX": -135.0,
					"faces": {
						"north": { "texture": "#plain", "uv": [ 0.0, 0.0, 0.5, 0.5 ] },
						"east": { "texture": "#plain", "uv": [ 0.0, 0.0, 0.5, 0.5 ] },
						"south": { "texture": "#plain", "uv": [ 0.0, 0.0, 0.5, 0.5 ] },
						"west": { "texture": "#plain", "uv": [ 0.0, 0.0, 0.5, 0.5 ] },
						"up": { "texture": "#plain", "uv": [ 0.0, 0.0, 0.5, 0.5 ] },
						"down": { "texture": "#plain", "uv": [ 0.0, 0.0, 0.5, 0.5 ] }
					}
				},
				{
					"name": "handle2.4",
					"from": [ 0.0, 0.06, -0.13 ],
					"to": [ 0.7, 0.8, 0.27 ],
					"rotationOrigin": [ 0.0, 0.19, 0.0 ],
					"rotationX": -45.0,
					"faces": {
						"north": { "texture": "#plain", "uv": [ 0.0, 0.0, 0.5, 0.5 ] },
						"east": { "texture": "#plain", "uv": [ 0.0, 0.0, 0.5, 0.5 ] },
						"south": { "texture": "#plain", "uv": [ 0.0, 0.0, 0.5, 0.5 ] },
						"west": { "texture": "#plain", "uv": [ 0.0, 0.0, 0.5, 0.5 ] },
						"up": { "texture": "#plain", "uv": [ 0.0, 0.0, 0.5, 0.5 ] },
						"down": { "texture": "#plain", "uv": [ 0.0, 0.0, 0.5, 0.5 ] }
					}
				}
			]
		},
		{
			"name": "handle4",
			"from": [ 14.4, 2.9, 7.5 ],
			"to": [ 15.1, 3.3, 8.5 ],
			"rotationOrigin": [ 14.4, 2.9, 7.5 ],
			"faces": {
				"north": { "texture": "#plain", "uv": [ 0.0, 0.0, 0.5, 0.5 ] },
				"east": { "texture": "#plain", "uv": [ 0.0, 0.0, 1.0, 0.5 ] },
				"south": { "texture": "#plain", "uv": [ 0.5, 0.0, 1.0, 0.5 ] },
				"west": { "texture": "#plain", "uv": [ 0.0, 0.0, 1.0, 0.5 ] },
				"up": { "texture": "#plain", "uv": [ 1.5, 0.0, 2.0, 1.0 ] },
				"down": { "texture": "#plain", "uv": [ 0.0, 0.0, 0.5, 1.0 ] }
			},
			"children": [
				{
					"name": "handle1.3",
					"from": [ 0.0, 0.36, 1.4 ],
					"to": [ 0.7, 0.96, 2.0 ],
					"rotationOrigin": [ 0.0, 0.4, 1.4 ],
					"rotationX": -135.0,
					"faces": {
						"north": { "texture": "#plain", "uv": [ 0.0, 0.0, 0.5, 0.5 ] },
						"east": { "texture": "#plain", "uv": [ 0.0, 0.0, 0.5, 0.5 ] },
						"south": { "texture": "#plain", "uv": [ 0.0, 0.0, 0.5, 0.5 ] },
						"west": { "texture": "#plain", "uv": [ 1.0, 0.0, 1.5, 0.5 ] },
						"up": { "texture": "#plain", "uv": [ 0.0, 0.0, 0.5, 0.5 ] },
						"down": { "texture": "#plain", "uv": [ 0.0, 0.0, 0.5, 0.5 ] }
					}
				},
				{
					"name": "handle1.4",
					"from": [ 0.0, 0.06, -0.13 ],
					"to": [ 0.7, 0.76, 0.27 ],
					"rotationOrigin": [ 0.0, 0.19, 0.0 ],
					"rotationX": -45.0,
					"faces": {
						"north": { "texture": "#plain", "uv": [ 0.0, 0.0, 0.5, 0.5 ] },
						"east": { "texture": "#plain", "uv": [ 0.0, 0.0, 0.5, 0.5 ] },
						"south": { "texture": "#plain", "uv": [ 0.0, 0.0, 0.5, 0.5 ] },
						"west": { "texture": "#plain", "uv": [ 0.0, 0.0, 0.5, 0.5 ] },
						"up": { "texture": "#plain", "uv": [ 0.0, 0.0, 0.5, 0.5 ] },
						"down": { "texture": "#plain", "uv": [ 0.0, 0.0, 0.5, 0.5 ] }
					}
				}
			]
		},
		{
			"name": "handle5",
			"from": [ 13.8, 2.0, 8.5 ],
			"to": [ 14.302, 2.4, 9.5 ],
			"rotationOrigin": [ 13.8, 3.0, 8.5 ],
			"rotationX": -180.0,
			"rotationY": 3.0,
			"faces": {
				"north": { "texture": "#plain", "uv": [ 0.0, 0.0, 0.5, 0.5 ] },
				"east": { "texture": "#plain", "uv": [ 0.0, 0.0, 1.0, 0.5 ] },
				"south": { "texture": "#plain", "uv": [ 0.0, 0.0, 0.5, 0.5 ] },
				"west": { "texture": "#plain", "uv": [ 0.0, 0.0, 1.0, 0.5 ] },
				"up": { "texture": "#plain", "uv": [ 1.0, 0.0, 1.5, 1.0 ] },
				"down": { "texture": "#plain", "uv": [ 0.0, 0.0, 0.5, 1.0 ] }
			},
			"children": [
				{
					"name": "handle2.5",
					"from": [ 0.0, 0.36, 1.4 ],
					"to": [ 0.5, 0.96, 1.8 ],
					"rotationOrigin": [ 0.0, 0.4, 1.4 ],
					"rotationX": -135.0,
					"faces": {
						"north": { "texture": "#plain", "uv": [ 0.0, 0.0, 0.5, 0.5 ] },
						"east": { "texture": "#plain", "uv": [ 0.0, 0.0, 0.5, 0.5 ], "windMode": [-1,-1,-1,-1] },
						"south": { "texture": "#plain", "uv": [ 0.0, 0.0, 0.5, 0.5 ], "windMode": [-1,-1,-1,-1] },
						"west": { "texture": "#plain", "uv": [ 0.0, 0.0, 0.5, 0.5 ], "windMode": [-1,-1,-1,-1] },
						"up": { "texture": "#plain", "uv": [ 0.0, 0.0, 0.5, 0.5 ], "windMode": [-1,-1,-1,-1] },
						"down": { "texture": "#plain", "uv": [ 0.0, 0.0, 0.5, 0.5 ], "windMode": [-1,-1,-1,-1] }
					}
				},
				{
					"name": "handle2.6",
					"from": [ 0.0, 0.06, -0.13 ],
					"to": [ 0.5, 0.8, 0.27 ],
					"rotationOrigin": [ 0.0, 0.19, 0.0 ],
					"rotationX": -45.0,
					"faces": {
						"north": { "texture": "#plain", "uv": [ 0.0, 0.0, 0.5, 0.5 ] },
						"east": { "texture": "#plain", "uv": [ 0.0, 0.0, 0.5, 0.5 ] },
						"south": { "texture": "#plain", "uv": [ 0.0, 0.0, 0.5, 0.5 ] },
						"west": { "texture": "#plain", "uv": [ 0.0, 0.0, 0.5, 0.5 ] },
						"up": { "texture": "#plain", "uv": [ 0.0, 0.0, 0.5, 0.5 ] },
						"down": { "texture": "#plain", "uv": [ 0.0, 0.0, 0.5, 0.5 ] }
					}
				}
			]
		},
		{
			"name": "handle6",
			"from": [ 13.8, 2.9, 7.5 ],
			"to": [ 14.3, 3.2, 8.5 ],
			"rotationOrigin": [ 13.8, 2.9, 7.5 ],
			"faces": {
				"north": { "texture": "#plain", "uv": [ 0.0, 0.0, 0.5, 0.5 ], "windMode": [-1,-1,-1,-1] },
				"east": { "texture": "#plain", "uv": [ 0.0, 0.0, 1.0, 0.5 ], "windMode": [-1,-1,-1,-1] },
				"south": { "texture": "#plain", "uv": [ 0.0, 0.0, 0.5, 0.5 ], "windMode": [-1,-1,-1,-1] },
				"west": { "texture": "#plain", "uv": [ 0.0, 0.0, 1.0, 0.5 ], "windMode": [-1,-1,-1,-1] },
				"up": { "texture": "#plain", "uv": [ 0.0, 0.0, 0.5, 1.0 ], "windMode": [-1,-1,-1,-1] },
				"down": { "texture": "#plain", "uv": [ 0.0, 0.0, 0.5, 1.0 ] }
			},
			"children": [
				{
					"name": "handle1.5",
					"from": [ 0.0, 0.36, 1.4 ],
					"to": [ 0.5, 0.96, 2.0 ],
					"rotationOrigin": [ 0.0, 0.4, 1.4 ],
					"rotationX": -135.0,
					"faces": {
						"north": { "texture": "#plain", "uv": [ 0.0, 0.0, 0.5, 0.5 ] },
						"east": { "texture": "#plain", "uv": [ 0.0, 0.0, 0.5, 0.5 ] },
						"south": { "texture": "#plain", "uv": [ 0.0, 0.0, 0.5, 0.5 ] },
						"west": { "texture": "#plain", "uv": [ 0.0, 0.0, 0.5, 0.5 ] },
						"up": { "texture": "#plain", "uv": [ 0.0, 0.0, 0.5, 0.5 ] },
						"down": { "texture": "#plain", "uv": [ 0.0, 0.0, 0.5, 0.5 ] }
					}
				},
				{
					"name": "handle1.6",
					"from": [ 0.0, 0.06, -0.13 ],
					"to": [ 0.5, 0.76, 0.27 ],
					"rotationOrigin": [ 0.0, 0.19, 0.0 ],
					"rotationX": -45.0,
					"faces": {
						"north": { "texture": "#plain", "uv": [ 0.0, 0.0, 0.5, 0.5 ] },
						"east": { "texture": "#plain", "uv": [ 0.0, 0.0, 0.5, 0.5 ], "windMode": [-1,-1,-1,-1] },
						"south": { "texture": "#plain", "uv": [ 0.0, 0.0, 0.5, 0.5 ], "windMode": [-1,-1,-1,-1] },
						"west": { "texture": "#plain", "uv": [ 0.0, 0.0, 0.5, 0.5 ], "windMode": [-1,-1,-1,-1] },
						"up": { "texture": "#plain", "uv": [ 0.0, 0.0, 0.5, 0.5 ], "windMode": [-1,-1,-1,-1] },
						"down": { "texture": "#plain", "uv": [ 0.0, 0.0, 0.5, 0.5 ], "windMode": [-1,-1,-1,-1] }
					}
				}
			]
		},
		{
			"name": "handle7",
			"from": [ 13.3, 2.0, 8.5 ],
			"to": [ 13.802, 2.4, 9.5 ],
			"rotationOrigin": [ 13.3, 3.0, 8.5 ],
			"rotationX": -180.0,
			"rotationY": -2.0,
			"rotationZ": 3.0,
			"faces": {
				"north": { "texture": "#plain", "uv": [ 0.0, 0.0, 0.5, 0.5 ] },
				"east": { "texture": "#plain", "uv": [ 0.0, 0.0, 1.0, 0.5 ] },
				"south": { "texture": "#plain", "uv": [ 0.0, 0.0, 0.5, 0.5 ] },
				"west": { "texture": "#plain", "uv": [ 0.0, 0.0, 1.0, 0.5 ] },
				"up": { "texture": "#plain", "uv": [ 0.0, 0.0, 0.5, 1.0 ] },
				"down": { "texture": "#plain", "uv": [ 0.0, 0.0, 0.5, 1.0 ] }
			},
			"children": [
				{
					"name": "handle2.7",
					"from": [ 0.0, 0.36, 1.4 ],
					"to": [ 0.5, 0.96, 1.8 ],
					"rotationOrigin": [ 0.0, 0.4, 1.4 ],
					"rotationX": -135.0,
					"faces": {
						"north": { "texture": "#plain", "uv": [ 0.0, 0.0, 0.5, 0.5 ] },
						"east": { "texture": "#plain", "uv": [ 0.0, 0.0, 0.5, 0.5 ] },
						"south": { "texture": "#plain", "uv": [ 0.0, 0.0, 0.5, 0.5 ] },
						"west": { "texture": "#plain", "uv": [ 0.0, 0.0, 0.5, 0.5 ] },
						"up": { "texture": "#plain", "uv": [ 0.0, 0.0, 0.5, 0.5 ] },
						"down": { "texture": "#plain", "uv": [ 0.0, 0.0, 0.5, 0.5 ] }
					}
				},
				{
					"name": "handle2.8",
					"from": [ 0.0, 0.06, -0.13 ],
					"to": [ 0.5, 0.8, 0.27 ],
					"rotationOrigin": [ 0.0, 0.19, 0.0 ],
					"rotationX": -45.0,
					"faces": {
						"north": { "texture": "#plain", "uv": [ 0.0, 0.0, 0.5, 0.5 ] },
						"east": { "texture": "#plain", "uv": [ 0.0, 0.0, 0.5, 0.5 ] },
						"south": { "texture": "#plain", "uv": [ 0.0, 0.0, 0.5, 0.5 ] },
						"west": { "texture": "#plain", "uv": [ 0.0, 0.0, 0.5, 0.5 ] },
						"up": { "texture": "#plain", "uv": [ 0.0, 0.0, 0.5, 0.5 ] },
						"down": { "texture": "#plain", "uv": [ 0.0, 0.0, 0.5, 0.5 ] }
					}
				}
			]
		},
		{
			"name": "handle8",
			"from": [ 13.3, 2.9, 7.5 ],
			"to": [ 13.8, 3.2, 8.5 ],
			"rotationOrigin": [ 13.3, 2.9, 7.5 ],
			"rotationY": 2.0,
			"rotationZ": -2.0,
			"faces": {
				"north": { "texture": "#plain", "uv": [ 0.0, 0.0, 0.5, 0.5 ] },
				"east": { "texture": "#plain", "uv": [ 0.0, 0.0, 1.0, 0.5 ] },
				"south": { "texture": "#plain", "uv": [ 0.0, 0.0, 0.5, 0.5 ] },
				"west": { "texture": "#plain", "uv": [ 0.0, 0.0, 1.0, 0.5 ] },
				"up": { "texture": "#plain", "uv": [ 0.0, 0.0, 0.5, 1.0 ] },
				"down": { "texture": "#plain", "uv": [ 0.0, 0.0, 0.5, 1.0 ] }
			},
			"children": [
				{
					"name": "handle1.7",
					"from": [ 0.0, 0.36, 1.4 ],
					"to": [ 0.5, 0.96, 2.0 ],
					"rotationOrigin": [ 0.0, 0.4, 1.4 ],
					"rotationX": -135.0,
					"faces": {
						"north": { "texture": "#plain", "uv": [ 0.0, 0.0, 0.5, 0.5 ] },
						"east": { "texture": "#plain", "uv": [ 0.0, 0.0, 0.5, 0.5 ] },
						"south": { "texture": "#plain", "uv": [ 0.0, 0.0, 0.5, 0.5 ] },
						"west": { "texture": "#plain", "uv": [ 0.0, 0.0, 0.5, 0.5 ] },
						"up": { "texture": "#plain", "uv": [ 0.5, 0.0, 1.0, 0.5 ] },
						"down": { "texture": "#plain", "uv": [ 0.0, 0.0, 0.5, 0.5 ] }
					}
				},
				{
					"name": "handle1.8",
					"from": [ 0.0, 0.06, -0.13 ],
					"to": [ 0.5, 0.76, 0.27 ],
					"rotationOrigin": [ 0.0, 0.19, 0.0 ],
					"rotationX": -45.0,
					"faces": {
						"north": { "texture": "#plain", "uv": [ 0.0, 0.0, 0.5, 0.5 ] },
						"east": { "texture": "#plain", "uv": [ 0.0, 0.0, 0.5, 0.5 ] },
						"south": { "texture": "#plain", "uv": [ 0.0, 0.0, 0.5, 0.5 ] },
						"west": { "texture": "#plain", "uv": [ 0.0, 0.0, 0.5, 0.5 ] },
						"up": { "texture": "#plain", "uv": [ 0.0, 0.0, 0.5, 0.5 ] },
						"down": { "texture": "#plain", "uv": [ 0.0, 0.0, 0.5, 0.5 ] }
					}
				}
			]
		},
		{
			"name": "handle9",
			"from": [ 15.1, 2.9, 7.5 ],
			"to": [ 15.8, 3.3, 8.5 ],
			"rotationOrigin": [ 15.1, 2.9, 7.5 ],
			"rotationY": 2.0,
			"rotationZ": -3.0,
			"faces": {
				"north": { "texture": "#plain", "uv": [ 0.0, 0.0, 0.5, 0.5 ] },
				"east": { "texture": "#plain", "uv": [ 0.0, 0.0, 1.0, 0.5 ] },
				"south": { "texture": "#plain", "uv": [ 0.0, 0.0, 0.5, 0.5 ] },
				"west": { "texture": "#plain", "uv": [ 0.0, 0.0, 1.0, 0.5 ] },
				"up": { "texture": "#plain", "uv": [ 0.0, 0.0, 0.5, 1.0 ] },
				"down": { "texture": "#plain", "uv": [ 0.0, 0.0, 0.5, 1.0 ] }
			},
			"children": [
				{
					"name": "handle1.9",
					"from": [ 0.0, 0.36, 1.4 ],
					"to": [ 0.7, 0.96, 2.0 ],
					"rotationOrigin": [ 0.0, 0.4, 1.4 ],
					"rotationX": -135.0,
					"faces": {
						"north": { "texture": "#plain", "uv": [ 0.0, 0.0, 0.5, 0.5 ] },
						"east": { "texture": "#plain", "uv": [ 0.0, 0.0, 0.5, 0.5 ] },
						"south": { "texture": "#plain", "uv": [ 0.0, 0.0, 0.5, 0.5 ] },
						"west": { "texture": "#plain", "uv": [ 0.0, 0.0, 0.5, 0.5 ] },
						"up": { "texture": "#plain", "uv": [ 0.0, 0.0, 0.5, 0.5 ] },
						"down": { "texture": "#plain", "uv": [ 0.0, 0.0, 0.5, 0.5 ] }
					}
				},
				{
					"name": "handle1.10",
					"from": [ 0.0, 0.06, -0.13 ],
					"to": [ 0.7, 0.76, 0.27 ],
					"rotationOrigin": [ 0.0, 0.19, 0.0 ],
					"rotationX": -45.0,
					"faces": {
						"north": { "texture": "#plain", "uv": [ 0.0, 0.0, 0.5, 0.5 ] },
						"east": { "texture": "#plain", "uv": [ 0.0, 0.0, 0.5, 0.5 ] },
						"south": { "texture": "#plain", "uv": [ 0.0, 0.0, 0.5, 0.5 ] },
						"west": { "texture": "#plain", "uv": [ 0.0, 0.0, 0.5, 0.5 ] },
						"up": { "texture": "#plain", "uv": [ 0.0, 0.0, 0.5, 0.5 ] },
						"down": { "texture": "#plain", "uv": [ 0.0, 0.0, 0.5, 0.5 ] }
					}
				}
			]
		},
		{
			"name": "handle10",
			"from": [ 15.1, 2.04, 8.5 ],
			"to": [ 15.802, 2.44, 9.5 ],
			"rotationOrigin": [ 15.1, 3.0, 8.5 ],
			"rotationX": -180.0,
			"rotationZ": 5.0,
			"faces": {
				"north": { "texture": "#plain", "uv": [ 0.0, 0.0, 0.5, 0.5 ] },
				"east": { "texture": "#plain", "uv": [ 0.0, 0.0, 1.0, 0.5 ] },
				"south": { "texture": "#plain", "uv": [ 0.0, 0.0, 0.5, 0.5 ] },
				"west": { "texture": "#plain", "uv": [ 0.0, 0.0, 1.0, 0.5 ] },
				"up": { "texture": "#plain", "uv": [ 0.0, 0.0, 0.5, 1.0 ] },
				"down": { "texture": "#plain", "uv": [ 0.5, 0.0, 1.0, 1.0 ] }
			},
			"children": [
				{
					"name": "handle2.9",
					"from": [ 0.0, 0.36, 1.4 ],
					"to": [ 0.7, 0.96, 1.8 ],
					"rotationOrigin": [ 0.0, 0.4, 1.4 ],
					"rotationX": -135.0,
					"faces": {
						"north": { "texture": "#plain", "uv": [ 0.0, 0.0, 0.5, 0.5 ] },
						"east": { "texture": "#plain", "uv": [ 0.0, 0.0, 0.5, 0.5 ] },
						"south": { "texture": "#plain", "uv": [ 0.0, 0.0, 0.5, 0.5 ] },
						"west": { "texture": "#plain", "uv": [ 0.0, 0.0, 0.5, 0.5 ] },
						"up": { "texture": "#plain", "uv": [ 0.0, 0.0, 0.5, 0.5 ] },
						"down": { "texture": "#plain", "uv": [ 0.0, 0.0, 0.5, 0.5 ] }
					}
				},
				{
					"name": "handle2.10",
					"from": [ 0.0, 0.06, -0.13 ],
					"to": [ 0.7, 0.8, 0.27 ],
					"rotationOrigin": [ 0.0, 0.19, 0.0 ],
					"rotationX": -45.0,
					"faces": {
						"north": { "texture": "#plain", "uv": [ 0.0, 0.0, 0.5, 0.5 ] },
						"east": { "texture": "#plain", "uv": [ 0.0, 0.0, 0.5, 0.5 ] },
						"south": { "texture": "#plain", "uv": [ 0.0, 0.0, 0.5, 0.5 ] },
						"west": { "texture": "#plain", "uv": [ 0.0, 0.0, 0.5, 0.5 ] },
						"up": { "texture": "#plain", "uv": [ 0.0, 0.0, 0.5, 0.5 ] },
						"down": { "texture": "#plain", "uv": [ 0.0, 0.0, 0.5, 0.5 ] }
					}
				}
			]
		}
	]}