{
	"editor": {
		"collapsedPaths": "",
		"allAngles": true,
		"entityTextureMode": false
	},
	"textureWidth": 16,
	"textureHeight": 16,
	"textureSizes": {
		"iron": [16,16],
		"nickel": [16,16],
		"normal": [16,16]
	},
	"textures": {
		"normal": "game:block/cloth/basic/normal",
		"iron": "game:block/metal/ingot/iron"
	},
	"elements": [
		{
			"name": "origin",
			"from": [ 18.0, 0.5, 8.0 ],
			"to": [ 18.0, 0.5, 8.0 ],
			"rotationOrigin": [ 8.0, 0.0, 8.0 ],
			"faces": {
				"north": { "texture": "#iron", "uv": [ 0.0, 0.0, 0.5, 0.5 ] },
				"east": { "texture": "#iron", "uv": [ 0.0, 0.0, 0.5, 0.5 ] },
				"south": { "texture": "#iron", "uv": [ 0.0, 0.0, 0.5, 0.5 ] },
				"west": { "texture": "#iron", "uv": [ 0.0, 0.0, 0.5, 0.5 ] },
				"up": { "texture": "#iron", "uv": [ 0.0, 0.0, 0.5, 0.5 ] },
				"down": { "texture": "#iron", "uv": [ 0.0, 0.0, 0.5, 0.5 ] }
			},
			"children": [
				{
					"name": "Handle0",
					"from": [ -24.0, -0.6, -0.6 ],
					"to": [ -23.0, 0.4, 0.4 ],
					"rotationOrigin": [ -23.5, -0.1, -0.1 ],
					"faces": {
						"north": { "texture": "#iron", "uv": [ 3.5, 13.5, 4.5, 14.5 ] },
						"south": { "texture": "#iron", "uv": [ 0.0, 3.5, 1.0, 4.5 ] },
						"up": { "texture": "#iron", "uv": [ 1.0, 5.5, 2.0, 6.5 ] },
						"down": { "texture": "#iron", "uv": [ 11.5, 5.0, 12.5, 6.0 ] }
					},
					"children": [
						{
							"name": "Handle",
							"from": [ 1.0, -0.05, -0.05 ],
							"to": [ 5.0, 1.05, 1.05 ],
							"rotationOrigin": [ 1.5, 0.45, 0.45 ],
							"faces": {
								"north": { "texture": "#normal", "uv": [ 0.0, 5.5, 4.0, 6.5 ] },
								"east": { "texture": "#normal", "uv": [ 1.0, 0.5, 2.0, 1.5 ] },
								"south": { "texture": "#normal", "uv": [ 0.0, 10.5, 4.0, 11.5 ] },
								"west": { "texture": "#normal", "uv": [ 14.0, 10.0, 15.0, 11.0 ] },
								"up": { "texture": "#normal", "uv": [ 0.0, 4.5, 4.0, 5.5 ] },
								"down": { "texture": "#normal", "uv": [ 0.0, 5.0, 4.0, 6.0 ] }
							},
							"children": [
								{
									"name": "Handle1",
									"from": [ 4.0, 0.05, 0.05 ],
									"to": [ 4.5, 1.05, 1.05 ],
									"rotationOrigin": [ 4.5, 0.55, 0.55 ],
									"faces": {
										"north": { "texture": "#iron", "uv": [ 8.0, 10.5, 8.5, 11.5 ] },
										"south": { "texture": "#iron", "uv": [ 4.5, 14.0, 5.0, 15.0 ] },
										"up": { "texture": "#iron", "uv": [ 6.5, 11.5, 7.0, 12.5 ] },
										"down": { "texture": "#iron", "uv": [ 7.0, 0.0, 7.5, 1.0 ] }
									},
									"children": [
										{
											"name": "Connection",
											"from": [ 0.5, 0.0, -0.35 ],
											"to": [ 1.5, 1.0, 1.35 ],
											"rotationOrigin": [ 0.5, 0.0, -0.35 ],
											"faces": {
												"north": { "texture": "#iron", "uv": [ 5.0, 4.5, 6.0, 5.5 ] },
												"east": { "texture": "#iron", "uv": [ 6.0, 5.5, 7.5, 6.5 ] },
												"south": { "texture": "#iron", "uv": [ 4.5, 5.0, 5.5, 6.0 ] },
												"west": { "texture": "#iron", "uv": [ 6.0, 4.5, 7.5, 5.5 ] },
												"up": { "texture": "#iron", "uv": [ 6.5, 5.0, 7.5, 6.5 ] },
												"down": { "texture": "#iron", "uv": [ 9.0, 4.5, 10.0, 6.0 ] }
											},
											"children": [
												{
													"name": "Guard",
													"from": [ 0.75, 0.45, 0.3 ],
													"to": [ 1.25, 0.95, 3.0 ],
													"rotationOrigin": [ 0.75, 0.45, 0.3 ],
													"rotationX": -141.0,
													"rotationY": 3.0,
													"rotationZ": 180.0,
													"faces": {
														"north": { "texture": "#iron", "uv": [ 11.5, 14.0, 12.0, 14.5 ] },
														"east": { "texture": "#iron", "uv": [ 4.5, 13.0, 7.0, 13.5 ] },
														"south": { "texture": "#iron", "uv": [ 13.0, 4.5, 13.5, 5.0 ] },
														"west": { "texture": "#iron", "uv": [ 6.0, 14.5, 8.5, 15.0 ] },
														"up": { "texture": "#iron", "uv": [ 11.0, 3.5, 11.5, 6.0 ] },
														"down": { "texture": "#iron", "uv": [ 10.0, 7.0, 10.5, 9.5 ] }
													},
													"children": [
														{
															"name": "Guard2",
															"from": [ 0.0, 0.001, 2.7 ],
															"to": [ 0.5, 0.501, 4.2 ],
															"rotationOrigin": [ 0.0, 0.0, 2.7 ],
															"rotationY": 52.9,
															"faces": {
																"north": { "texture": "#iron", "uv": [ 9.5, 7.0, 10.0, 7.5 ] },
																"east": { "texture": "#iron", "uv": [ 3.0, 5.0, 4.5, 5.5 ] },
																"south": { "texture": "#iron", "uv": [ 6.0, 2.5, 6.5, 3.0 ] },
																"west": { "texture": "#iron", "uv": [ 1.0, 1.0, 2.5, 1.5 ] },
																"up": { "texture": "#iron", "uv": [ 6.0, 4.5, 6.5, 6.0 ] },
																"down": { "texture": "#iron", "uv": [ 11.5, 5.0, 12.0, 6.5 ] }
															},
															"children": [
																{
																	"name": "Guard3",
																	"from": [ 0.0, -1.0E-4, 1.5 ],
																	"to": [ 0.5, 0.4999, 3.0 ],
																	"rotationOrigin": [ 0.0, 0.0, 1.5 ],
																	"rotationY": 31.0,
																	"faces": {
																		"north": { "texture": "#iron", "uv": [ 9.5, 7.0, 10.0, 7.5 ] },
																		"east": { "texture": "#iron", "uv": [ 3.0, 5.0, 4.5, 5.5 ] },
																		"south": { "texture": "#iron", "uv": [ 6.0, 2.5, 6.5, 3.0 ] },
																		"west": { "texture": "#iron", "uv": [ 1.0, 1.0, 2.5, 1.5 ] },
																		"up": { "texture": "#iron", "uv": [ 6.0, 4.5, 6.5, 6.0 ] },
																		"down": { "texture": "#iron", "uv": [ 11.5, 5.0, 12.0, 6.5 ] }
																	},
																	"children": [
																		{
																			"name": "Guard4",
																			"from": [ 0.0, 1.0E-4, 1.5 ],
																			"to": [ 0.5, 0.5001, 3.0 ],
																			"rotationOrigin": [ 0.0, 0.0, 1.5 ],
																			"rotationY": 25.0,
																			"faces": {
																				"north": { "texture": "#iron", "uv": [ 9.5, 7.0, 10.0, 7.5 ] },
																				"east": { "texture": "#iron", "uv": [ 3.0, 5.0, 4.5, 5.5 ] },
																				"south": { "texture": "#iron", "uv": [ 6.0, 2.5, 6.5, 3.0 ] },
																				"west": { "texture": "#iron", "uv": [ 1.0, 1.0, 2.5, 1.5 ] },
																				"up": { "texture": "#iron", "uv": [ 6.0, 4.5, 6.5, 6.0 ] },
																				"down": { "texture": "#iron", "uv": [ 11.5, 5.0, 12.0, 6.5 ] }
																			},
																			"children": [
																				{
																					"name": "Clever",
																					"from": [ 0.0, -1.0E-4, 1.5 ],
																					"to": [ 0.5, 0.4999, 2.0 ],
																					"rotationOrigin": [ 0.0, -1.0E-4, 1.5 ],
																					"faces": {
																						"north": { "texture": "#iron", "uv": [ 9.5, 7.0, 10.0, 7.5 ] },
																						"east": { "texture": "#iron", "uv": [ 3.0, 5.0, 3.5, 5.5 ] },
																						"south": { "texture": "#iron", "uv": [ 6.0, 2.5, 6.5, 3.0 ] },
																						"west": { "texture": "#iron", "uv": [ 1.0, 1.0, 1.5, 1.5 ] },
																						"up": { "texture": "#iron", "uv": [ 6.0, 4.5, 6.5, 5.0 ] },
																						"down": { "texture": "#iron", "uv": [ 11.5, 5.0, 12.0, 5.5 ] }
																					},
																					"children": [
																						{
																							"name": "Clever2",
																							"from": [ 0.0, 0.0, 0.9 ],
																							"to": [ 0.5, 0.5, 1.4 ],
																							"rotationOrigin": [ 0.0, 0.0, 0.9 ],
																							"faces": {
																								"north": { "texture": "#iron", "uv": [ 9.5, 7.0, 10.0, 7.5 ] },
																								"east": { "texture": "#iron", "uv": [ 3.0, 5.0, 3.5, 5.5 ] },
																								"south": { "texture": "#iron", "uv": [ 6.0, 2.5, 6.5, 3.0 ] },
																								"west": { "texture": "#iron", "uv": [ 1.0, 1.0, 1.5, 1.5 ] },
																								"up": { "texture": "#iron", "uv": [ 6.0, 4.5, 6.5, 5.0 ] },
																								"down": { "texture": "#iron", "uv": [ 11.5, 5.0, 12.0, 5.5 ] }
																							},
																							"children": [
																								{
																									"name": "Clever3",
																									"from": [ 0.0, -0.4, -0.5 ],
																									"to": [ 0.5, 0.1, 0.0 ],
																									"rotationOrigin": [ 0.0, -0.4, -0.5 ],
																									"faces": {
																										"north": { "texture": "#iron", "uv": [ 9.5, 7.0, 10.0, 7.5 ] },
																										"east": { "texture": "#iron", "uv": [ 3.0, 5.0, 3.5, 5.5 ] },
																										"south": { "texture": "#iron", "uv": [ 6.0, 2.5, 6.5, 3.0 ] },
																										"west": { "texture": "#iron", "uv": [ 1.0, 1.0, 1.5, 1.5 ] },
																										"up": { "texture": "#iron", "uv": [ 6.0, 4.5, 6.5, 5.0 ] },
																										"down": { "texture": "#iron", "uv": [ 11.5, 5.0, 12.0, 5.5 ] }
																									},
																									"children": [
																										{
																											"name": "Clever4",
																											"from": [ 0.0, 0.8, 0.0 ],
																											"to": [ 0.5, 1.3, 0.5 ],
																											"rotationOrigin": [ 0.0, 0.8, 0.0 ],
																											"faces": {
																												"north": { "texture": "#iron", "uv": [ 9.5, 7.0, 10.0, 7.5 ] },
																												"east": { "texture": "#iron", "uv": [ 3.0, 5.0, 3.5, 5.5 ] },
																												"south": { "texture": "#iron", "uv": [ 6.0, 2.5, 6.5, 3.0 ] },
																												"west": { "texture": "#iron", "uv": [ 1.0, 1.0, 1.5, 1.5 ] },
																												"up": { "texture": "#iron", "uv": [ 6.0, 4.5, 6.5, 5.0 ] },
																												"down": { "texture": "#iron", "uv": [ 11.5, 5.0, 12.0, 5.5 ] }
																											}
																										}
																									]
																								}
																							]
																						}
																					]
																				}
																			]
																		}
																	]
																},
																{
																	"name": "Guard5",
																	"from": [ 0.1, 0.5, 1.4 ],
																	"to": [ 0.6, 1.0, 2.9 ],
																	"rotationOrigin": [ 0.1, 0.5, 1.4 ],
																	"rotationX": -97.0,
																	"rotationY": 28.0,
																	"rotationZ": 8.0,
																	"faces": {
																		"north": { "texture": "#iron", "uv": [ 9.5, 7.0, 10.0, 7.5 ] },
																		"east": { "texture": "#iron", "uv": [ 3.0, 5.0, 4.5, 5.5 ] },
																		"south": { "texture": "#iron", "uv": [ 6.0, 2.5, 6.5, 3.0 ] },
																		"west": { "texture": "#iron", "uv": [ 1.0, 1.0, 2.5, 1.5 ] },
																		"up": { "texture": "#iron", "uv": [ 6.0, 4.5, 6.5, 6.0 ] },
																		"down": { "texture": "#iron", "uv": [ 11.5, 5.0, 12.0, 6.5 ] }
																	},
																	"children": [
																		{
																			"name": "Guard6",
																			"from": [ 0.0, 1.0E-4, 1.5 ],
																			"to": [ 0.5, 0.5001, 3.0 ],
																			"rotationOrigin": [ 0.0, 0.0, 1.5 ],
																			"rotationY": 25.0,
																			"faces": {
																				"north": { "texture": "#iron", "uv": [ 9.5, 7.0, 10.0, 7.5 ] },
																				"east": { "texture": "#iron", "uv": [ 3.0, 5.0, 4.5, 5.5 ] },
																				"south": { "texture": "#iron", "uv": [ 6.0, 2.5, 6.5, 3.0 ] },
																				"west": { "texture": "#iron", "uv": [ 1.0, 1.0, 2.5, 1.5 ] },
																				"up": { "texture": "#iron", "uv": [ 6.0, 4.5, 6.5, 6.0 ] },
																				"down": { "texture": "#iron", "uv": [ 11.5, 5.0, 12.0, 6.5 ] }
																			},
																			"children": [
																				{
																					"name": "Clever5",
																					"from": [ 0.0, -1.0E-4, 1.5 ],
																					"to": [ 0.5, 0.4999, 2.0 ],
																					"rotationOrigin": [ 0.0, -1.0E-4, 1.5 ],
																					"faces": {
																						"north": { "texture": "#iron", "uv": [ 9.5, 7.0, 10.0, 7.5 ] },
																						"east": { "texture": "#iron", "uv": [ 3.0, 5.0, 3.5, 5.5 ] },
																						"south": { "texture": "#iron", "uv": [ 6.0, 2.5, 6.5, 3.0 ] },
																						"west": { "texture": "#iron", "uv": [ 1.0, 1.0, 1.5, 1.5 ] },
																						"up": { "texture": "#iron", "uv": [ 6.0, 4.5, 6.5, 5.0 ] },
																						"down": { "texture": "#iron", "uv": [ 11.5, 5.0, 12.0, 5.5 ] }
																					},
																					"children": [
																						{
																							"name": "Clever6",
																							"from": [ 0.0, 0.0, 0.9 ],
																							"to": [ 0.5, 0.5, 1.4 ],
																							"rotationOrigin": [ 0.0, 0.0, 0.9 ],
																							"faces": {
																								"north": { "texture": "#iron", "uv": [ 9.5, 7.0, 10.0, 7.5 ] },
																								"east": { "texture": "#iron", "uv": [ 3.0, 5.0, 3.5, 5.5 ] },
																								"south": { "texture": "#iron", "uv": [ 6.0, 2.5, 6.5, 3.0 ] },
																								"west": { "texture": "#iron", "uv": [ 1.0, 1.0, 1.5, 1.5 ] },
																								"up": { "texture": "#iron", "uv": [ 6.0, 4.5, 6.5, 5.0 ] },
																								"down": { "texture": "#iron", "uv": [ 11.5, 5.0, 12.0, 5.5 ] }
																							},
																							"children": [
																								{
																									"name": "Clever7",
																									"from": [ 0.0, -0.4, -0.5 ],
																									"to": [ 0.5, 0.1, 0.0 ],
																									"rotationOrigin": [ 0.0, -0.4, -0.5 ],
																									"faces": {
																										"north": { "texture": "#iron", "uv": [ 9.5, 7.0, 10.0, 7.5 ] },
																										"east": { "texture": "#iron", "uv": [ 3.0, 5.0, 3.5, 5.5 ] },
																										"south": { "texture": "#iron", "uv": [ 6.0, 2.5, 6.5, 3.0 ] },
																										"west": { "texture": "#iron", "uv": [ 1.0, 1.0, 1.5, 1.5 ] },
																										"up": { "texture": "#iron", "uv": [ 6.0, 4.5, 6.5, 5.0 ] },
																										"down": { "texture": "#iron", "uv": [ 11.5, 5.0, 12.0, 5.5 ] }
																									},
																									"children": [
																										{
																											"name": "Clever8",
																											"from": [ 0.0, 0.8, 0.0 ],
																											"to": [ 0.5, 1.3, 0.5 ],
																											"rotationOrigin": [ 0.0, 0.8, 0.0 ],
																											"faces": {
																												"north": { "texture": "#iron", "uv": [ 9.5, 7.0, 10.0, 7.5 ] },
																												"east": { "texture": "#iron", "uv": [ 3.0, 5.0, 3.5, 5.5 ] },
																												"south": { "texture": "#iron", "uv": [ 6.0, 2.5, 6.5, 3.0 ] },
																												"west": { "texture": "#iron", "uv": [ 1.0, 1.0, 1.5, 1.5 ] },
																												"up": { "texture": "#iron", "uv": [ 6.0, 4.5, 6.5, 5.0 ] },
																												"down": { "texture": "#iron", "uv": [ 11.5, 5.0, 12.0, 5.5 ] }
																											}
																										}
																									]
																								}
																							]
																						}
																					]
																				}
																			]
																		},
																		{
																			"name": "Guard7",
																			"from": [ 0.0, 0.5, 0.0 ],
																			"to": [ 0.5, 1.0, 1.5 ],
																			"rotationOrigin": [ 0.0, 0.5, 0.0 ],
																			"rotationX": 180.0,
																			"rotationY": 36.0,
																			"faces": {
																				"north": { "texture": "#iron", "uv": [ 9.5, 7.0, 10.0, 7.5 ] },
																				"east": { "texture": "#iron", "uv": [ 3.0, 5.0, 4.5, 5.5 ] },
																				"south": { "texture": "#iron", "uv": [ 6.0, 2.5, 6.5, 3.0 ] },
																				"west": { "texture": "#iron", "uv": [ 1.0, 1.0, 2.5, 1.5 ] },
																				"up": { "texture": "#iron", "uv": [ 6.0, 4.5, 6.5, 6.0 ] },
																				"down": { "texture": "#iron", "uv": [ 11.5, 5.0, 12.0, 6.5 ] }
																			},
																			"children": [
																				{
																					"name": "Guard8",
																					"from": [ 0.0, 1.0E-4, 1.5 ],
																					"to": [ 0.5, 0.5001, 3.0 ],
																					"rotationOrigin": [ 0.0, 0.0, 1.5 ],
																					"rotationY": 25.0,
																					"faces": {
																						"north": { "texture": "#iron", "uv": [ 9.5, 7.0, 10.0, 7.5 ] },
																						"east": { "texture": "#iron", "uv": [ 3.0, 5.0, 4.5, 5.5 ] },
																						"south": { "texture": "#iron", "uv": [ 6.0, 2.5, 6.5, 3.0 ] },
																						"west": { "texture": "#iron", "uv": [ 1.0, 1.0, 2.5, 1.5 ] },
																						"up": { "texture": "#iron", "uv": [ 6.0, 4.5, 6.5, 6.0 ] },
																						"down": { "texture": "#iron", "uv": [ 11.5, 5.0, 12.0, 6.5 ] }
																					},
																					"children": [
																						{
																							"name": "Clever9",
																							"from": [ 0.0, -1.0E-4, 1.5 ],
																							"to": [ 0.5, 0.4999, 2.0 ],
																							"rotationOrigin": [ 0.0, -1.0E-4, 1.5 ],
																							"faces": {
																								"north": { "texture": "#iron", "uv": [ 9.5, 7.0, 10.0, 7.5 ] },
																								"east": { "texture": "#iron", "uv": [ 3.0, 5.0, 3.5, 5.5 ] },
																								"south": { "texture": "#iron", "uv": [ 6.0, 2.5, 6.5, 3.0 ] },
																								"west": { "texture": "#iron", "uv": [ 1.0, 1.0, 1.5, 1.5 ] },
																								"up": { "texture": "#iron", "uv": [ 6.0, 4.5, 6.5, 5.0 ] },
																								"down": { "texture": "#iron", "uv": [ 11.5, 5.0, 12.0, 5.5 ] }
																							},
																							"children": [
																								{
																									"name": "Clever10",
																									"from": [ 0.0, 0.0, 0.9 ],
																									"to": [ 0.5, 0.5, 1.4 ],
																									"rotationOrigin": [ 0.0, 0.0, 0.9 ],
																									"faces": {
																										"north": { "texture": "#iron", "uv": [ 9.5, 7.0, 10.0, 7.5 ] },
																										"east": { "texture": "#iron", "uv": [ 3.0, 5.0, 3.5, 5.5 ] },
																										"south": { "texture": "#iron", "uv": [ 6.0, 2.5, 6.5, 3.0 ] },
																										"west": { "texture": "#iron", "uv": [ 1.0, 1.0, 1.5, 1.5 ] },
																										"up": { "texture": "#iron", "uv": [ 6.0, 4.5, 6.5, 5.0 ] },
																										"down": { "texture": "#iron", "uv": [ 11.5, 5.0, 12.0, 5.5 ] }
																									},
																									"children": [
																										{
																											"name": "Clever11",
																											"from": [ 0.0, -0.4, -0.5 ],
																											"to": [ 0.5, 0.1, 0.0 ],
																											"rotationOrigin": [ 0.0, -0.4, -0.5 ],
																											"faces": {
																												"north": { "texture": "#iron", "uv": [ 9.5, 7.0, 10.0, 7.5 ] },
																												"east": { "texture": "#iron", "uv": [ 3.0, 5.0, 3.5, 5.5 ] },
																												"south": { "texture": "#iron", "uv": [ 6.0, 2.5, 6.5, 3.0 ] },
																												"west": { "texture": "#iron", "uv": [ 1.0, 1.0, 1.5, 1.5 ] },
																												"up": { "texture": "#iron", "uv": [ 6.0, 4.5, 6.5, 5.0 ] },
																												"down": { "texture": "#iron", "uv": [ 11.5, 5.0, 12.0, 5.5 ] }
																											},
																											"children": [
																												{
																													"name": "Clever12",
																													"from": [ 0.0, 0.8, 0.0 ],
																													"to": [ 0.5, 1.3, 0.5 ],
																													"rotationOrigin": [ 0.0, 0.8, 0.0 ],
																													"faces": {
																														"north": { "texture": "#iron", "uv": [ 9.5, 7.0, 10.0, 7.5 ] },
																														"east": { "texture": "#iron", "uv": [ 3.0, 5.0, 3.5, 5.5 ] },
																														"south": { "texture": "#iron", "uv": [ 6.0, 2.5, 6.5, 3.0 ] },
																														"west": { "texture": "#iron", "uv": [ 1.0, 1.0, 1.5, 1.5 ] },
																														"up": { "texture": "#iron", "uv": [ 6.0, 4.5, 6.5, 5.0 ] },
																														"down": { "texture": "#iron", "uv": [ 11.5, 5.0, 12.0, 5.5 ] }
																													}
																												}
																											]
																										}
																									]
																								}
																							]
																						}
																					]
																				}
																			]
																		}
																	]
																}
															]
														}
													]
												},
												{
													"name": "Sacond Handle",
													"from": [ -2.3, 0.2, 0.25 ],
													"to": [ -2.2, 0.3, 0.35 ],
													"rotationOrigin": [ -2.3, 0.2, 0.25 ],
													"faces": {
														"north": { "texture": "#iron", "uv": [ 5.0, 4.5, 5.5, 5.0 ] },
														"east": { "texture": "#iron", "uv": [ 6.0, 5.5, 6.5, 6.0 ] },
														"south": { "texture": "#iron", "uv": [ 4.5, 5.0, 5.0, 5.5 ] },
														"west": { "texture": "#iron", "uv": [ 6.0, 4.5, 6.5, 5.0 ] },
														"up": { "texture": "#iron", "uv": [ 6.5, 5.0, 7.0, 5.5 ] },
														"down": { "texture": "#iron", "uv": [ 9.0, 4.5, 9.5, 5.0 ] }
													},
													"children": [
														{
															"name": "Blade",
															"from": [ 3.0, 0.2, 0.1 ],
															"to": [ 10.0, 0.4, 1.1 ],
															"rotationOrigin": [ 3.0, 0.15, 0.1 ],
															"faces": {
																"north": { "texture": "#iron", "uv": [ 1.0, 11.5, 8.0, 12.0 ] },
																"east": { "texture": "#iron", "uv": [ 11.0, 1.0, 12.0, 1.5 ] },
																"south": { "texture": "#iron", "uv": [ 1.0, 12.5, 8.0, 13.0 ] },
																"west": { "texture": "#iron", "uv": [ 6.5, 6.5, 7.5, 7.0 ] },
																"up": { "texture": "#iron", "uv": [ 0.5, 11.5, 7.5, 12.5 ] },
																"down": { "texture": "#iron", "uv": [ 1.0, 13.5, 8.0, 14.5 ] }
															},
															"children": [
																{
																	"name": "Blade1",
																	"from": [ 7.0, 0.0, 0.0 ],
																	"to": [ 15.0, 0.2, 1.0 ],
																	"rotationOrigin": [ 7.0, -0.05, 0.0 ],
																	"faces": {
																		"north": { "texture": "#iron", "uv": [ 1.0, 13.0, 9.0, 13.5 ] },
																		"east": { "texture": "#iron", "uv": [ 11.0, 1.0, 12.0, 1.5 ] },
																		"south": { "texture": "#iron", "uv": [ 1.0, 13.5, 9.0, 14.0 ] },
																		"west": { "texture": "#iron", "uv": [ 6.5, 6.5, 7.5, 7.0 ] },
																		"up": { "texture": "#iron", "uv": [ 1.0, 12.0, 9.0, 13.0 ] },
																		"down": { "texture": "#iron", "uv": [ 2.5, 13.5, 10.5, 14.5 ] }
																	},
																	"children": [
																		{
																			"name": "Blade2.2",
																			"from": [ 8.0, 0.0, 0.7 ],
																			"to": [ 12.0, 0.2, 1.0 ],
																			"rotationOrigin": [ 8.0, 0.0, 1.2 ],
																			"faces": {
																				"north": { "texture": "#iron", "uv": [ 2.0, 12.5, 6.0, 13.0 ] },
																				"east": { "texture": "#iron", "uv": [ 11.0, 1.0, 11.5, 1.5 ] },
																				"south": { "texture": "#iron", "uv": [ 1.5, 13.0, 5.5, 13.5 ] },
																				"west": { "texture": "#iron", "uv": [ 6.5, 6.5, 7.0, 7.0 ] },
																				"up": { "texture": "#iron", "uv": [ 1.0, 13.5, 5.0, 14.0 ] },
																				"down": { "texture": "#iron", "uv": [ 4.0, 13.0, 8.0, 13.5 ] }
																			},
																			"children": [
																				{
																					"name": "Blade4.2",
																					"from": [ 8.0, 0.0, -0.14 ],
																					"to": [ 10.5, 0.2, 0.16 ],
																					"rotationOrigin": [ 8.0, 0.0, 0.4 ],
																					"rotationX": 0.05,
																					"rotationY": 5.0,
																					"faces": {
																						"north": { "texture": "#iron", "uv": [ 1.0, 13.0, 3.5, 13.5 ] },
																						"east": { "texture": "#iron", "uv": [ 7.5, 13.5, 8.0, 14.0 ] },
																						"south": { "texture": "#iron", "uv": [ 1.0, 12.5, 3.5, 13.0 ] },
																						"west": { "texture": "#iron", "uv": [ 6.5, 13.5, 7.0, 14.0 ] },
																						"up": { "texture": "#iron", "uv": [ 1.5, 12.5, 4.0, 13.0 ] },
																						"down": { "texture": "#iron", "uv": [ 2.0, 13.5, 4.5, 14.0 ] }
																					},
																					"children": [
																						{
																							"name": "Edge",
																							"from": [ 2.42, -0.001, 0.13 ],
																							"to": [ 2.62, 0.199, 0.33 ],
																							"rotationOrigin": [ 2.4179, -5.0E-4, 0.1868 ],
																							"rotationX": -0.001,
																							"rotationY": 38.0,
																							"faces": {
																								"north": { "texture": "#iron", "uv": [ 2.0, 13.5, 2.5, 14.0 ] },
																								"east": { "texture": "#iron", "uv": [ 3.0, 12.5, 3.5, 13.0 ] },
																								"south": { "texture": "#iron", "uv": [ 2.0, 12.5, 2.5, 13.0 ] },
																								"west": { "texture": "#iron", "uv": [ 3.0, 13.0, 3.5, 13.5 ] },
																								"up": { "texture": "#iron", "uv": [ 1.0, 13.0, 1.5, 13.5 ] },
																								"down": { "texture": "#iron", "uv": [ 2.0, 13.0, 2.5, 13.5 ] }
																							},
																							"children": [
																								{
																									"name": "Center",
																									"from": [ -1.58, -0.1, -1.7 ],
																									"to": [ -0.38, 0.3, -1.4 ],
																									"rotationOrigin": [ -1.5789, -0.1003, -1.7324 ],
																									"rotationX": -0.069,
																									"rotationY": -42.2,
																									"rotationZ": -0.098,
																									"faces": {
																										"north": { "texture": "#iron", "uv": [ 8.0, 14.0, 9.0, 14.5 ] },
																										"east": { "texture": "#iron", "uv": [ 7.0, 14.0, 7.5, 14.5 ] },
																										"south": { "texture": "#iron", "uv": [ 7.0, 12.5, 7.5, 13.5 ], "rotation": 90 },
																										"west": { "texture": "#iron", "uv": [ 8.0, 13.0, 8.5, 13.5 ] },
																										"up": { "texture": "#iron", "uv": [ 7.5, 14.0, 8.5, 14.5 ] },
																										"down": { "texture": "#iron", "uv": [ 7.5, 14.0, 8.5, 14.5 ] }
																									}
																								}
																							]
																						}
																					]
																				},
																				{
																					"name": "Blade3.2",
																					"from": [ 4.0, 0.0, 0.0 ],
																					"to": [ 8.0, 0.2, 0.3 ],
																					"rotationOrigin": [ 4.0, 0.0, 0.5 ],
																					"rotationX": -0.05,
																					"rotationY": 2.0,
																					"faces": {
																						"north": { "texture": "#iron", "uv": [ 0.0, 12.5, 4.0, 13.0 ] },
																						"east": { "texture": "#iron", "uv": [ 11.0, 1.0, 11.5, 1.5 ] },
																						"south": { "texture": "#iron", "uv": [ 0.5, 13.5, 4.5, 14.0 ] },
																						"west": { "texture": "#iron", "uv": [ 6.5, 6.5, 7.0, 7.0 ] },
																						"up": { "texture": "#iron", "uv": [ 3.0, 12.5, 7.0, 13.0 ] },
																						"down": { "texture": "#iron", "uv": [ 2.0, 13.0, 6.0, 13.5 ] }
																					}
																				},
																				{
																					"name": "Center1",
																					"from": [ 0.13, -0.1, -0.2 ],
																					"to": [ 8.03, 0.25, 0.0 ],
																					"rotationOrigin": [ 0.1279, -0.15, 5.0E-4 ],
																					"faces": {
																						"north": { "texture": "#iron", "uv": [ 3.0, 4.5, 10.5, 5.0 ] },
																						"east": { "texture": "#iron", "uv": [ 11.0, 1.0, 11.5, 1.5 ] },
																						"south": { "texture": "#iron", "uv": [ 8.5, 0.5, 9.0, 8.0 ], "rotation": 90 },
																						"west": { "texture": "#iron", "uv": [ 7.5, 7.0, 8.0, 7.5 ] },
																						"up": { "texture": "#iron", "uv": [ 4.0, 7.0, 11.5, 7.5 ] },
																						"down": { "texture": "#iron", "uv": [ 4.5, 8.0, 12.0, 8.5 ] }
																					}
																				},
																				{
																					"name": "Dol2.1",
																					"from": [ -14.97, 0.08, -0.11 ],
																					"to": [ 0.13, 0.22, 0.19 ],
																					"rotationOrigin": [ -14.9669, 0.099, -0.1091 ],
																					"rotationX": 172.0,
																					"rotationZ": 0.15,
																					"faces": {
																						"north": { "texture": "#iron", "uv": [ 0.5, 2.5, 15.5, 3.0 ] },
																						"east": { "texture": "#iron", "uv": [ 11.0, 1.0, 11.5, 1.5 ] },
																						"south": { "texture": "#iron", "uv": [ 12.5, 0.5, 13.0, 15.5 ], "rotation": 90 },
																						"west": { "texture": "#iron", "uv": [ 6.5, 6.5, 7.0, 7.0 ] },
																						"up": { "texture": "#iron", "uv": [ 0.0, 7.5, 15.0, 8.0 ] },
																						"down": { "texture": "#iron", "uv": [ 0.0, 7.0, 15.0, 7.5 ] }
																					}
																				}
																			]
																		},
																		{
																			"name": "Blade2.3",
																			"from": [ 7.96, 0.2003, -0.7 ],
																			"to": [ 11.96, 0.4003, -0.4 ],
																			"rotationOrigin": [ 7.9, 0.2, -0.2 ],
																			"rotationX": 180.0,
																			"faces": {
																				"north": { "texture": "#iron", "uv": [ 2.0, 12.5, 6.0, 13.0 ] },
																				"east": { "texture": "#iron", "uv": [ 11.0, 1.0, 11.5, 1.5 ] },
																				"south": { "texture": "#iron", "uv": [ 1.5, 13.0, 5.5, 13.5 ] },
																				"west": { "texture": "#iron", "uv": [ 6.5, 6.5, 7.0, 7.0 ] },
																				"up": { "texture": "#iron", "uv": [ 1.0, 13.5, 5.0, 14.0 ] },
																				"down": { "texture": "#iron", "uv": [ 4.0, 13.0, 8.0, 13.5 ] }
																			},
																			"children": [
																				{
																					"name": "Blade4.3",
																					"from": [ 8.0, 0.0, -0.14 ],
																					"to": [ 10.5, 0.2, 0.16 ],
																					"rotationOrigin": [ 8.0, 0.0, 0.4 ],
																					"rotationX": 0.05,
																					"rotationY": 5.0,
																					"faces": {
																						"north": { "texture": "#iron", "uv": [ 1.0, 13.0, 3.5, 13.5 ] },
																						"east": { "texture": "#iron", "uv": [ 7.5, 13.5, 8.0, 14.0 ] },
																						"south": { "texture": "#iron", "uv": [ 1.0, 12.5, 3.5, 13.0 ] },
																						"west": { "texture": "#iron", "uv": [ 6.5, 13.5, 7.0, 14.0 ] },
																						"up": { "texture": "#iron", "uv": [ 1.5, 12.5, 4.0, 13.0 ] },
																						"down": { "texture": "#iron", "uv": [ 2.0, 13.5, 4.5, 14.0 ] }
																					}
																				},
																				{
																					"name": "Blade3.3",
																					"from": [ 4.0, 0.0, 0.0 ],
																					"to": [ 8.0, 0.2, 0.3 ],
																					"rotationOrigin": [ 4.0, 0.0, 0.5 ],
																					"rotationX": -0.05,
																					"rotationY": 2.0,
																					"faces": {
																						"north": { "texture": "#iron", "uv": [ 0.0, 12.5, 4.0, 13.0 ] },
																						"east": { "texture": "#iron", "uv": [ 11.0, 1.0, 11.5, 1.5 ] },
																						"south": { "texture": "#iron", "uv": [ 0.5, 13.5, 4.5, 14.0 ] },
																						"west": { "texture": "#iron", "uv": [ 6.5, 6.5, 7.0, 7.0 ] },
																						"up": { "texture": "#iron", "uv": [ 3.0, 12.5, 7.0, 13.0 ] },
																						"down": { "texture": "#iron", "uv": [ 2.0, 13.0, 6.0, 13.5 ] }
																					}
																				},
																				{
																					"name": "Center3",
																					"from": [ 0.13, -0.055, -0.2 ],
																					"to": [ 8.03, 0.295, 0.0 ],
																					"rotationOrigin": [ 0.1279, -0.15, 5.0E-4 ],
																					"faces": {
																						"north": { "texture": "#iron", "uv": [ 3.0, 4.5, 10.5, 5.0 ] },
																						"east": { "texture": "#iron", "uv": [ 11.0, 1.0, 11.5, 1.5 ] },
																						"south": { "texture": "#iron", "uv": [ 7.0, 1.0, 7.5, 8.5 ], "rotation": 90 },
																						"west": { "texture": "#iron", "uv": [ 7.5, 7.0, 8.0, 7.5 ] },
																						"up": { "texture": "#iron", "uv": [ 2.5, 6.0, 10.0, 6.5 ] },
																						"down": { "texture": "#iron", "uv": [ 4.5, 7.0, 12.0, 7.5 ] }
																					}
																				}
																			]
																		}
																	]
																},
																{
																	"name": "Dol2",
																	"from": [ 0.0, 0.0814, 0.4861 ],
																	"to": [ 15.1, 0.2314, 0.7861 ],
																	"rotationOrigin": [ 0.0, 0.101, 0.4861 ],
																	"rotationX": -8.0,
																	"faces": {
																		"north": { "texture": "#iron", "uv": [ 0.5, 2.5, 15.5, 3.0 ] },
																		"east": { "texture": "#iron", "uv": [ 11.0, 1.0, 11.5, 1.5 ] },
																		"south": { "texture": "#iron", "uv": [ 12.5, 0.5, 13.0, 15.5 ], "rotation": 90 },
																		"west": { "texture": "#iron", "uv": [ 6.5, 6.5, 7.0, 7.0 ] },
																		"up": { "texture": "#iron", "uv": [ 0.5, 8.0, 15.5, 8.5 ] },
																		"down": { "texture": "#iron", "uv": [ 0.5, 6.5, 15.5, 7.0 ] }
																	}
																}
															]
														},
														{
															"name": "Dol1",
															"from": [ 3.0, 0.35, 0.3 ],
															"to": [ 18.1, 0.5, 0.6 ],
															"rotationOrigin": [ 3.0, 0.4, 0.3 ],
															"rotationX": 8.0,
															"faces": {
																"north": { "texture": "#iron", "uv": [ 0.5, 2.5, 15.5, 3.0 ] },
																"east": { "texture": "#iron", "uv": [ 11.0, 1.0, 11.5, 1.5 ] },
																"south": { "texture": "#iron", "uv": [ 12.5, 0.5, 13.0, 15.5 ], "rotation": 90 },
																"west": { "texture": "#iron", "uv": [ 6.5, 6.5, 7.0, 7.0 ] },
																"up": { "texture": "#iron", "uv": [ 0.5, 7.5, 15.5, 8.0 ] },
																"down": { "texture": "#iron", "uv": [ 0.5, 7.5, 15.5, 8.0 ] }
															}
														},
														{
															"name": "Dol1.1",
															"from": [ 3.0, 0.15, 0.8 ],
															"to": [ 18.1, 0.3, 1.1 ],
															"rotationOrigin": [ 3.0, 0.2, 0.8 ],
															"rotationX": -172.0,
															"faces": {
																"north": { "texture": "#iron", "uv": [ 0.5, 2.5, 15.5, 3.0 ] },
																"east": { "texture": "#iron", "uv": [ 11.0, 1.0, 11.5, 1.5 ] },
																"south": { "texture": "#iron", "uv": [ 12.5, 0.5, 13.0, 15.5 ], "rotation": 90 },
																"west": { "texture": "#iron", "uv": [ 6.5, 6.5, 7.0, 7.0 ] },
																"up": { "texture": "#iron", "uv": [ 0.5, 7.5, 15.5, 8.0 ] },
																"down": { "texture": "#iron", "uv": [ 0.5, 7.0, 15.5, 7.5 ] }
															}
														}
													]
												},
												{
													"name": "Guard9",
													"from": [ 0.75, 0.45, 1.4 ],
													"to": [ 1.25, 0.95, 4.1 ],
													"rotationOrigin": [ 0.75, 0.45, 1.4 ],
													"rotationX": 36.0,
													"rotationY": -3.0,
													"rotationZ": 180.0,
													"faces": {
														"north": { "texture": "#iron", "uv": [ 11.5, 14.0, 12.0, 14.5 ] },
														"east": { "texture": "#iron", "uv": [ 4.5, 13.0, 7.0, 13.5 ] },
														"south": { "texture": "#iron", "uv": [ 13.0, 4.5, 13.5, 5.0 ] },
														"west": { "texture": "#iron", "uv": [ 6.0, 14.5, 8.5, 15.0 ] },
														"up": { "texture": "#iron", "uv": [ 11.0, 3.5, 11.5, 6.0 ] },
														"down": { "texture": "#iron", "uv": [ 10.0, 7.0, 10.5, 9.5 ] }
													},
													"children": [
														{
															"name": "Guard10",
															"from": [ 0.0, 0.001, 2.7 ],
															"to": [ 0.5, 0.501, 4.2 ],
															"rotationOrigin": [ 0.0, 0.0, 2.7 ],
															"rotationY": 52.9,
															"faces": {
																"north": { "texture": "#iron", "uv": [ 9.5, 7.0, 10.0, 7.5 ] },
																"east": { "texture": "#iron", "uv": [ 3.0, 5.0, 4.5, 5.5 ] },
																"south": { "texture": "#iron", "uv": [ 6.0, 2.5, 6.5, 3.0 ] },
																"west": { "texture": "#iron", "uv": [ 1.0, 1.0, 2.5, 1.5 ] },
																"up": { "texture": "#iron", "uv": [ 6.0, 4.5, 6.5, 6.0 ] },
																"down": { "texture": "#iron", "uv": [ 11.5, 5.0, 12.0, 6.5 ] }
															},
															"children": [
																{
																	"name": "Guard11",
																	"from": [ 0.0, -1.0E-4, 1.5 ],
																	"to": [ 0.5, 0.4999, 3.0 ],
																	"rotationOrigin": [ 0.0, 0.0, 1.5 ],
																	"rotationY": 31.0,
																	"faces": {
																		"north": { "texture": "#iron", "uv": [ 9.5, 7.0, 10.0, 7.5 ] },
																		"east": { "texture": "#iron", "uv": [ 3.0, 5.0, 4.5, 5.5 ] },
																		"south": { "texture": "#iron", "uv": [ 6.0, 2.5, 6.5, 3.0 ] },
																		"west": { "texture": "#iron", "uv": [ 1.0, 1.0, 2.5, 1.5 ] },
																		"up": { "texture": "#iron", "uv": [ 6.0, 4.5, 6.5, 6.0 ] },
																		"down": { "texture": "#iron", "uv": [ 11.5, 5.0, 12.0, 6.5 ] }
																	},
																	"children": [
																		{
																			"name": "Guard12",
																			"from": [ 0.0, 1.0E-4, 1.5 ],
																			"to": [ 0.5, 0.5001, 3.0 ],
																			"rotationOrigin": [ 0.0, 0.0, 1.5 ],
																			"rotationY": 25.0,
																			"faces": {
																				"north": { "texture": "#iron", "uv": [ 9.5, 7.0, 10.0, 7.5 ] },
																				"east": { "texture": "#iron", "uv": [ 3.0, 5.0, 4.5, 5.5 ] },
																				"south": { "texture": "#iron", "uv": [ 6.0, 2.5, 6.5, 3.0 ] },
																				"west": { "texture": "#iron", "uv": [ 1.0, 1.0, 2.5, 1.5 ] },
																				"up": { "texture": "#iron", "uv": [ 6.0, 4.5, 6.5, 6.0 ] },
																				"down": { "texture": "#iron", "uv": [ 11.5, 5.0, 12.0, 6.5 ] }
																			},
																			"children": [
																				{
																					"name": "Clever13",
																					"from": [ 0.0, -1.0E-4, 1.5 ],
																					"to": [ 0.5, 0.4999, 2.0 ],
																					"rotationOrigin": [ 0.0, -1.0E-4, 1.5 ],
																					"faces": {
																						"north": { "texture": "#iron", "uv": [ 9.5, 7.0, 10.0, 7.5 ] },
																						"east": { "texture": "#iron", "uv": [ 3.0, 5.0, 3.5, 5.5 ] },
																						"south": { "texture": "#iron", "uv": [ 6.0, 2.5, 6.5, 3.0 ] },
																						"west": { "texture": "#iron", "uv": [ 1.0, 1.0, 1.5, 1.5 ] },
																						"up": { "texture": "#iron", "uv": [ 6.0, 4.5, 6.5, 5.0 ] },
																						"down": { "texture": "#iron", "uv": [ 11.5, 5.0, 12.0, 5.5 ] }
																					},
																					"children": [
																						{
																							"name": "Clever14",
																							"from": [ 0.0, 0.0, 0.9 ],
																							"to": [ 0.5, 0.5, 1.4 ],
																							"rotationOrigin": [ 0.0, 0.0, 0.9 ],
																							"faces": {
																								"north": { "texture": "#iron", "uv": [ 9.5, 7.0, 10.0, 7.5 ] },
																								"east": { "texture": "#iron", "uv": [ 3.0, 5.0, 3.5, 5.5 ] },
																								"south": { "texture": "#iron", "uv": [ 6.0, 2.5, 6.5, 3.0 ] },
																								"west": { "texture": "#iron", "uv": [ 1.0, 1.0, 1.5, 1.5 ] },
																								"up": { "texture": "#iron", "uv": [ 6.0, 4.5, 6.5, 5.0 ] },
																								"down": { "texture": "#iron", "uv": [ 11.5, 5.0, 12.0, 5.5 ] }
																							},
																							"children": [
																								{
																									"name": "Clever15",
																									"from": [ 0.0, -0.4, -0.5 ],
																									"to": [ 0.5, 0.1, 0.0 ],
																									"rotationOrigin": [ 0.0, -0.4, -0.5 ],
																									"faces": {
																										"north": { "texture": "#iron", "uv": [ 9.5, 7.0, 10.0, 7.5 ] },
																										"east": { "texture": "#iron", "uv": [ 3.0, 5.0, 3.5, 5.5 ] },
																										"south": { "texture": "#iron", "uv": [ 6.0, 2.5, 6.5, 3.0 ] },
																										"west": { "texture": "#iron", "uv": [ 1.0, 1.0, 1.5, 1.5 ] },
																										"up": { "texture": "#iron", "uv": [ 6.0, 4.5, 6.5, 5.0 ] },
																										"down": { "texture": "#iron", "uv": [ 11.5, 5.0, 12.0, 5.5 ] }
																									},
																									"children": [
																										{
																											"name": "Clever16",
																											"from": [ 0.0, 0.8, 0.0 ],
																											"to": [ 0.5, 1.3, 0.5 ],
																											"rotationOrigin": [ 0.0, 0.8, 0.0 ],
																											"faces": {
																												"north": { "texture": "#iron", "uv": [ 9.5, 7.0, 10.0, 7.5 ] },
																												"east": { "texture": "#iron", "uv": [ 3.0, 5.0, 3.5, 5.5 ] },
																												"south": { "texture": "#iron", "uv": [ 6.0, 2.5, 6.5, 3.0 ] },
																												"west": { "texture": "#iron", "uv": [ 1.0, 1.0, 1.5, 1.5 ] },
																												"up": { "texture": "#iron", "uv": [ 6.0, 4.5, 6.5, 5.0 ] },
																												"down": { "texture": "#iron", "uv": [ 11.5, 5.0, 12.0, 5.5 ] }
																											}
																										}
																									]
																								}
																							]
																						}
																					]
																				}
																			]
																		}
																	]
																},
																{
																	"name": "Guard13",
																	"from": [ 0.1, 0.5, 1.4 ],
																	"to": [ 0.6, 1.0, 2.9 ],
																	"rotationOrigin": [ 0.1, 0.5, 1.4 ],
																	"rotationX": -97.0,
																	"rotationY": 28.0,
																	"rotationZ": 8.0,
																	"faces": {
																		"north": { "texture": "#iron", "uv": [ 9.5, 7.0, 10.0, 7.5 ] },
																		"east": { "texture": "#iron", "uv": [ 3.0, 5.0, 4.5, 5.5 ] },
																		"south": { "texture": "#iron", "uv": [ 6.0, 2.5, 6.5, 3.0 ] },
																		"west": { "texture": "#iron", "uv": [ 1.0, 1.0, 2.5, 1.5 ] },
																		"up": { "texture": "#iron", "uv": [ 6.0, 4.5, 6.5, 6.0 ] },
																		"down": { "texture": "#iron", "uv": [ 11.5, 5.0, 12.0, 6.5 ] }
																	},
																	"children": [
																		{
																			"name": "Guard14",
																			"from": [ 0.0, 1.0E-4, 1.5 ],
																			"to": [ 0.5, 0.5001, 3.0 ],
																			"rotationOrigin": [ 0.0, 0.0, 1.5 ],
																			"rotationY": 25.0,
																			"faces": {
																				"north": { "texture": "#iron", "uv": [ 9.5, 7.0, 10.0, 7.5 ] },
																				"east": { "texture": "#iron", "uv": [ 3.0, 5.0, 4.5, 5.5 ] },
																				"south": { "texture": "#iron", "uv": [ 6.0, 2.5, 6.5, 3.0 ] },
																				"west": { "texture": "#iron", "uv": [ 1.0, 1.0, 2.5, 1.5 ] },
																				"up": { "texture": "#iron", "uv": [ 6.0, 4.5, 6.5, 6.0 ] },
																				"down": { "texture": "#iron", "uv": [ 11.5, 5.0, 12.0, 6.5 ] }
																			},
																			"children": [
																				{
																					"name": "Clever17",
																					"from": [ 0.0, -1.0E-4, 1.5 ],
																					"to": [ 0.5, 0.4999, 2.0 ],
																					"rotationOrigin": [ 0.0, -1.0E-4, 1.5 ],
																					"faces": {
																						"north": { "texture": "#iron", "uv": [ 9.5, 7.0, 10.0, 7.5 ] },
																						"east": { "texture": "#iron", "uv": [ 3.0, 5.0, 3.5, 5.5 ] },
																						"south": { "texture": "#iron", "uv": [ 6.0, 2.5, 6.5, 3.0 ] },
																						"west": { "texture": "#iron", "uv": [ 1.0, 1.0, 1.5, 1.5 ] },
																						"up": { "texture": "#iron", "uv": [ 6.0, 4.5, 6.5, 5.0 ] },
																						"down": { "texture": "#iron", "uv": [ 11.5, 5.0, 12.0, 5.5 ] }
																					},
																					"children": [
																						{
																							"name": "Clever18",
																							"from": [ 0.0, 0.0, 0.9 ],
																							"to": [ 0.5, 0.5, 1.4 ],
																							"rotationOrigin": [ 0.0, 0.0, 0.9 ],
																							"faces": {
																								"north": { "texture": "#iron", "uv": [ 9.5, 7.0, 10.0, 7.5 ] },
																								"east": { "texture": "#iron", "uv": [ 3.0, 5.0, 3.5, 5.5 ] },
																								"south": { "texture": "#iron", "uv": [ 6.0, 2.5, 6.5, 3.0 ] },
																								"west": { "texture": "#iron", "uv": [ 1.0, 1.0, 1.5, 1.5 ] },
																								"up": { "texture": "#iron", "uv": [ 6.0, 4.5, 6.5, 5.0 ] },
																								"down": { "texture": "#iron", "uv": [ 11.5, 5.0, 12.0, 5.5 ] }
																							},
																							"children": [
																								{
																									"name": "Clever19",
																									"from": [ 0.0, -0.4, -0.5 ],
																									"to": [ 0.5, 0.1, 0.0 ],
																									"rotationOrigin": [ 0.0, -0.4, -0.5 ],
																									"faces": {
																										"north": { "texture": "#iron", "uv": [ 9.5, 7.0, 10.0, 7.5 ] },
																										"east": { "texture": "#iron", "uv": [ 3.0, 5.0, 3.5, 5.5 ] },
																										"south": { "texture": "#iron", "uv": [ 6.0, 2.5, 6.5, 3.0 ] },
																										"west": { "texture": "#iron", "uv": [ 1.0, 1.0, 1.5, 1.5 ] },
																										"up": { "texture": "#iron", "uv": [ 6.0, 4.5, 6.5, 5.0 ] },
																										"down": { "texture": "#iron", "uv": [ 11.5, 5.0, 12.0, 5.5 ] }
																									},
																									"children": [
																										{
																											"name": "Clever20",
																											"from": [ 0.0, 0.8, 0.0 ],
																											"to": [ 0.5, 1.3, 0.5 ],
																											"rotationOrigin": [ 0.0, 0.8, 0.0 ],
																											"faces": {
																												"north": { "texture": "#iron", "uv": [ 9.5, 7.0, 10.0, 7.5 ] },
																												"east": { "texture": "#iron", "uv": [ 3.0, 5.0, 3.5, 5.5 ] },
																												"south": { "texture": "#iron", "uv": [ 6.0, 2.5, 6.5, 3.0 ] },
																												"west": { "texture": "#iron", "uv": [ 1.0, 1.0, 1.5, 1.5 ] },
																												"up": { "texture": "#iron", "uv": [ 6.0, 4.5, 6.5, 5.0 ] },
																												"down": { "texture": "#iron", "uv": [ 11.5, 5.0, 12.0, 5.5 ] }
																											}
																										}
																									]
																								}
																							]
																						}
																					]
																				}
																			]
																		},
																		{
																			"name": "Guard15",
																			"from": [ 0.0, 0.5, 0.0 ],
																			"to": [ 0.5, 1.0, 1.5 ],
																			"rotationOrigin": [ 0.0, 0.5, 0.0 ],
																			"rotationX": 180.0,
																			"rotationY": 36.0,
																			"faces": {
																				"north": { "texture": "#iron", "uv": [ 9.5, 7.0, 10.0, 7.5 ] },
																				"east": { "texture": "#iron", "uv": [ 3.0, 5.0, 4.5, 5.5 ] },
																				"south": { "texture": "#iron", "uv": [ 6.0, 2.5, 6.5, 3.0 ] },
																				"west": { "texture": "#iron", "uv": [ 1.0, 1.0, 2.5, 1.5 ] },
																				"up": { "texture": "#iron", "uv": [ 6.0, 4.5, 6.5, 6.0 ] },
																				"down": { "texture": "#iron", "uv": [ 11.5, 5.0, 12.0, 6.5 ] }
																			},
																			"children": [
																				{
																					"name": "Guard16",
																					"from": [ 0.0, 1.0E-4, 1.5 ],
																					"to": [ 0.5, 0.5001, 3.0 ],
																					"rotationOrigin": [ 0.0, 0.0, 1.5 ],
																					"rotationY": 25.0,
																					"faces": {
																						"north": { "texture": "#iron", "uv": [ 9.5, 7.0, 10.0, 7.5 ] },
																						"east": { "texture": "#iron", "uv": [ 3.0, 5.0, 4.5, 5.5 ] },
																						"south": { "texture": "#iron", "uv": [ 6.0, 2.5, 6.5, 3.0 ] },
																						"west": { "texture": "#iron", "uv": [ 1.0, 1.0, 2.5, 1.5 ] },
																						"up": { "texture": "#iron", "uv": [ 6.0, 4.5, 6.5, 6.0 ] },
																						"down": { "texture": "#iron", "uv": [ 11.5, 5.0, 12.0, 6.5 ] }
																					},
																					"children": [
																						{
																							"name": "Clever21",
																							"from": [ 0.0, -1.0E-4, 1.5 ],
																							"to": [ 0.5, 0.4999, 2.0 ],
																							"rotationOrigin": [ 0.0, -1.0E-4, 1.5 ],
																							"faces": {
																								"north": { "texture": "#iron", "uv": [ 9.5, 7.0, 10.0, 7.5 ] },
																								"east": { "texture": "#iron", "uv": [ 3.0, 5.0, 3.5, 5.5 ] },
																								"south": { "texture": "#iron", "uv": [ 6.0, 2.5, 6.5, 3.0 ] },
																								"west": { "texture": "#iron", "uv": [ 1.0, 1.0, 1.5, 1.5 ] },
																								"up": { "texture": "#iron", "uv": [ 6.0, 4.5, 6.5, 5.0 ] },
																								"down": { "texture": "#iron", "uv": [ 11.5, 5.0, 12.0, 5.5 ] }
																							},
																							"children": [
																								{
																									"name": "Clever22",
																									"from": [ 0.0, 0.0, 0.9 ],
																									"to": [ 0.5, 0.5, 1.4 ],
																									"rotationOrigin": [ 0.0, 0.0, 0.9 ],
																									"faces": {
																										"north": { "texture": "#iron", "uv": [ 9.5, 7.0, 10.0, 7.5 ] },
																										"east": { "texture": "#iron", "uv": [ 3.0, 5.0, 3.5, 5.5 ] },
																										"south": { "texture": "#iron", "uv": [ 6.0, 2.5, 6.5, 3.0 ] },
																										"west": { "texture": "#iron", "uv": [ 1.0, 1.0, 1.5, 1.5 ] },
																										"up": { "texture": "#iron", "uv": [ 6.0, 4.5, 6.5, 5.0 ] },
																										"down": { "texture": "#iron", "uv": [ 11.5, 5.0, 12.0, 5.5 ] }
																									},
																									"children": [
																										{
																											"name": "Clever23",
																											"from": [ 0.0, -0.4, -0.5 ],
																											"to": [ 0.5, 0.1, 0.0 ],
																											"rotationOrigin": [ 0.0, -0.4, -0.5 ],
																											"faces": {
																												"north": { "texture": "#iron", "uv": [ 9.5, 7.0, 10.0, 7.5 ] },
																												"east": { "texture": "#iron", "uv": [ 3.0, 5.0, 3.5, 5.5 ] },
																												"south": { "texture": "#iron", "uv": [ 6.0, 2.5, 6.5, 3.0 ] },
																												"west": { "texture": "#iron", "uv": [ 1.0, 1.0, 1.5, 1.5 ] },
																												"up": { "texture": "#iron", "uv": [ 6.0, 4.5, 6.5, 5.0 ] },
																												"down": { "texture": "#iron", "uv": [ 11.5, 5.0, 12.0, 5.5 ] }
																											},
																											"children": [
																												{
																													"name": "Clever24",
																													"from": [ 0.0, 0.8, 0.0 ],
																													"to": [ 0.5, 1.3, 0.5 ],
																													"rotationOrigin": [ 0.0, 0.8, 0.0 ],
																													"faces": {
																														"north": { "texture": "#iron", "uv": [ 9.5, 7.0, 10.0, 7.5 ] },
																														"east": { "texture": "#iron", "uv": [ 3.0, 5.0, 3.5, 5.5 ] },
																														"south": { "texture": "#iron", "uv": [ 6.0, 2.5, 6.5, 3.0 ] },
																														"west": { "texture": "#iron", "uv": [ 1.0, 1.0, 1.5, 1.5 ] },
																														"up": { "texture": "#iron", "uv": [ 6.0, 4.5, 6.5, 5.0 ] },
																														"down": { "texture": "#iron", "uv": [ 11.5, 5.0, 12.0, 5.5 ] }
																													}
																												}
																											]
																										}
																									]
																								}
																							]
																						}
																					]
																				}
																			]
																		}
																	]
																}
															]
														}
													]
												},
												{
													"name": "Cube2",
													"from": [ 0.2, 0.6, 1.6 ],
													"to": [ 0.7, 1.1, 2.5 ],
													"rotationOrigin": [ 0.2, 0.6, 1.6 ],
													"rotationX": -45.0,
													"faces": {
														"north": { "texture": "#iron", "uv": [ 0.0, 0.0, 0.5, 0.5 ] },
														"east": { "texture": "#iron", "uv": [ 0.0, 0.0, 0.5, 0.5 ] },
														"south": { "texture": "#iron", "uv": [ 0.0, 0.0, 0.5, 0.5 ] },
														"west": { "texture": "#iron", "uv": [ 0.0, 0.0, 0.5, 0.5 ] },
														"up": { "texture": "#iron", "uv": [ 0.0, 0.0, 0.5, 0.5 ] },
														"down": { "texture": "#iron", "uv": [ 0.0, 0.0, 0.5, 0.5 ] }
													},
													"children": [
														{
															"name": "Cube3",
															"from": [ 0.0, 0.0, 1.3 ],
															"to": [ 0.5, 0.5, 1.8 ],
															"rotationOrigin": [ 0.0, 0.0, 1.3 ],
															"faces": {
																"north": { "texture": "#iron", "uv": [ 0.0, 0.0, 0.5, 0.5 ] },
																"east": { "texture": "#iron", "uv": [ 0.0, 0.0, 0.5, 0.5 ] },
																"south": { "texture": "#iron", "uv": [ 0.0, 0.0, 0.5, 0.5 ] },
																"west": { "texture": "#iron", "uv": [ 0.0, 0.0, 0.5, 0.5 ] },
																"up": { "texture": "#iron", "uv": [ 0.0, 0.0, 0.5, 0.5 ] },
																"down": { "texture": "#iron", "uv": [ 0.0, 0.0, 0.5, 0.5 ] }
															},
															"children": [
																{
																	"name": "Cube4",
																	"from": [ 0.0, 0.4, -0.5 ],
																	"to": [ 0.5, 0.9, 0.0 ],
																	"rotationOrigin": [ 0.0, 0.4, -0.5 ],
																	"faces": {
																		"north": { "texture": "#iron", "uv": [ 0.0, 0.0, 0.5, 0.5 ] },
																		"east": { "texture": "#iron", "uv": [ 0.0, 0.0, 0.5, 0.5 ] },
																		"south": { "texture": "#iron", "uv": [ 0.0, 0.0, 0.5, 0.5 ] },
																		"west": { "texture": "#iron", "uv": [ 0.0, 0.0, 0.5, 0.5 ] },
																		"up": { "texture": "#iron", "uv": [ 0.0, 0.0, 0.5, 0.5 ] },
																		"down": { "texture": "#iron", "uv": [ 0.0, 0.0, 0.5, 0.5 ] }
																	}
																},
																{
																	"name": "Cube7",
																	"from": [ 0.0, -0.4, -0.5 ],
																	"to": [ 0.5, 0.1, 0.0 ],
																	"rotationOrigin": [ 0.0, -0.4, -0.5 ],
																	"faces": {
																		"north": { "texture": "#iron", "uv": [ 0.0, 0.0, 0.5, 0.5 ] },
																		"east": { "texture": "#iron", "uv": [ 0.0, 0.0, 0.5, 0.5 ] },
																		"south": { "texture": "#iron", "uv": [ 0.0, 0.0, 0.5, 0.5 ] },
																		"west": { "texture": "#iron", "uv": [ 0.0, 0.0, 0.5, 0.5 ] },
																		"up": { "texture": "#iron", "uv": [ 0.0, 0.0, 0.5, 0.5 ] },
																		"down": { "texture": "#iron", "uv": [ 0.0, 0.0, 0.5, 0.5 ] }
																	}
																}
															]
														}
													]
												},
												{
													"name": "Cube8",
													"from": [ 0.2, 0.4, 0.1 ],
													"to": [ 0.7, 0.9, 1.0 ],
													"rotationOrigin": [ 0.2, 0.4, 0.1 ],
													"rotationX": 138.1,
													"faces": {
														"north": { "texture": "#iron", "uv": [ 0.0, 0.0, 0.5, 0.5 ] },
														"east": { "texture": "#iron", "uv": [ 0.0, 0.0, 0.5, 0.5 ] },
														"south": { "texture": "#iron", "uv": [ 0.0, 0.0, 0.5, 0.5 ] },
														"west": { "texture": "#iron", "uv": [ 0.0, 0.0, 0.5, 0.5 ] },
														"up": { "texture": "#iron", "uv": [ 0.0, 0.0, 0.5, 0.5 ] },
														"down": { "texture": "#iron", "uv": [ 0.0, 0.0, 0.5, 0.5 ] }
													},
													"children": [
														{
															"name": "Cube9",
															"from": [ 0.0, 0.0, 1.3 ],
															"to": [ 0.5, 0.5, 1.8 ],
															"rotationOrigin": [ 0.0, 0.0, 1.3 ],
															"faces": {
																"north": { "texture": "#iron", "uv": [ 0.0, 0.0, 0.5, 0.5 ] },
																"east": { "texture": "#iron", "uv": [ 0.0, 0.0, 0.5, 0.5 ] },
																"south": { "texture": "#iron", "uv": [ 0.0, 0.0, 0.5, 0.5 ] },
																"west": { "texture": "#iron", "uv": [ 0.0, 0.0, 0.5, 0.5 ] },
																"up": { "texture": "#iron", "uv": [ 0.0, 0.0, 0.5, 0.5 ] },
																"down": { "texture": "#iron", "uv": [ 0.0, 0.0, 0.5, 0.5 ] }
															},
															"children": [
																{
																	"name": "Cube10",
																	"from": [ 0.0, 0.4, -0.5 ],
																	"to": [ 0.5, 0.9, 0.0 ],
																	"rotationOrigin": [ 0.0, 0.4, -0.5 ],
																	"faces": {
																		"north": { "texture": "#iron", "uv": [ 0.0, 0.0, 0.5, 0.5 ] },
																		"east": { "texture": "#iron", "uv": [ 0.0, 0.0, 0.5, 0.5 ] },
																		"south": { "texture": "#iron", "uv": [ 0.0, 0.0, 0.5, 0.5 ] },
																		"west": { "texture": "#iron", "uv": [ 0.0, 0.0, 0.5, 0.5 ] },
																		"up": { "texture": "#iron", "uv": [ 0.0, 0.0, 0.5, 0.5 ] },
																		"down": { "texture": "#iron", "uv": [ 0.0, 0.0, 0.5, 0.5 ] }
																	}
																},
																{
																	"name": "Cube11",
																	"from": [ 0.0, -0.4, -0.5 ],
																	"to": [ 0.5, 0.1, 0.0 ],
																	"rotationOrigin": [ 0.0, -0.4, -0.5 ],
																	"faces": {
																		"north": { "texture": "#iron", "uv": [ 0.0, 0.0, 0.5, 0.5 ] },
																		"east": { "texture": "#iron", "uv": [ 0.0, 0.0, 0.5, 0.5 ] },
																		"south": { "texture": "#iron", "uv": [ 0.0, 0.0, 0.5, 0.5 ] },
																		"west": { "texture": "#iron", "uv": [ 0.0, 0.0, 0.5, 0.5 ] },
																		"up": { "texture": "#iron", "uv": [ 0.0, 0.0, 0.5, 0.5 ] },
																		"down": { "texture": "#iron", "uv": [ 0.0, 0.0, 0.5, 0.5 ] }
																	}
																}
															]
														}
													]
												}
											]
										}
									]
								},
								{
									"name": "Rope",
									"from": [ 3.7, -0.1, -0.1 ],
									"to": [ 4.2, 1.2, 1.2 ],
									"rotationOrigin": [ 3.7, -0.1, -0.1 ],
									"faces": {
										"north": { "texture": "#normal", "uv": [ 0.0, 0.0, 0.5, 1.0 ] },
										"east": { "texture": "#normal", "uv": [ 0.0, 0.0, 1.0, 1.0 ] },
										"south": { "texture": "#normal", "uv": [ 0.0, 0.0, 0.5, 1.0 ] },
										"west": { "texture": "#normal", "uv": [ 0.0, 0.0, 1.0, 1.0 ] },
										"up": { "texture": "#normal", "uv": [ 0.0, 0.0, 0.5, 1.0 ] },
										"down": { "texture": "#normal", "uv": [ 0.0, 0.0, 0.5, 1.0 ] }
									}
								},
								{
									"name": "Rope1",
									"from": [ 2.5, -0.1, -0.1 ],
									"to": [ 3.0, 1.2, 1.2 ],
									"rotationOrigin": [ 2.5, -0.1, -0.1 ],
									"faces": {
										"north": { "texture": "#normal", "uv": [ 0.0, 0.0, 0.5, 1.0 ] },
										"east": { "texture": "#normal", "uv": [ 0.0, 0.0, 1.0, 1.0 ] },
										"south": { "texture": "#normal", "uv": [ 0.0, 0.0, 0.5, 1.0 ] },
										"west": { "texture": "#normal", "uv": [ 0.0, 0.0, 1.0, 1.0 ] },
										"up": { "texture": "#normal", "uv": [ 0.0, 0.0, 0.5, 1.0 ] },
										"down": { "texture": "#normal", "uv": [ 0.0, 0.0, 0.5, 1.0 ] }
									}
								},
								{
									"name": "Rope2",
									"from": [ 1.9, -0.1, -0.1 ],
									"to": [ 2.4, 1.2, 1.2 ],
									"rotationOrigin": [ 1.9, -0.1, -0.1 ],
									"faces": {
										"north": { "texture": "#normal", "uv": [ 1.0, 0.0, 1.5, 1.0 ] },
										"east": { "texture": "#normal", "uv": [ 1.0, 0.0, 2.0, 1.0 ] },
										"south": { "texture": "#normal", "uv": [ 1.5, 0.0, 2.0, 1.0 ] },
										"west": { "texture": "#normal", "uv": [ 1.0, 0.0, 2.0, 1.0 ] },
										"up": { "texture": "#normal", "uv": [ 1.0, 0.0, 1.5, 1.0 ] },
										"down": { "texture": "#normal", "uv": [ 1.5, 0.0, 2.0, 1.0 ] }
									}
								},
								{
									"name": "Rope3",
									"from": [ 1.3, -0.1, -0.1 ],
									"to": [ 1.8, 1.2, 1.2 ],
									"rotationOrigin": [ 1.3, -0.1, -0.1 ],
									"faces": {
										"north": { "texture": "#normal", "uv": [ 0.0, 0.0, 0.5, 1.0 ] },
										"east": { "texture": "#normal", "uv": [ 0.0, 0.0, 1.0, 1.0 ] },
										"south": { "texture": "#normal", "uv": [ 0.0, 0.0, 0.5, 1.0 ] },
										"west": { "texture": "#normal", "uv": [ 0.0, 0.0, 1.0, 1.0 ] },
										"up": { "texture": "#normal", "uv": [ 0.0, 0.0, 0.5, 1.0 ] },
										"down": { "texture": "#normal", "uv": [ 0.0, 0.0, 0.5, 1.0 ] }
									}
								},
								{
									"name": "Rope4",
									"from": [ 0.7, -0.1, -0.1 ],
									"to": [ 1.2, 1.2, 1.2 ],
									"rotationOrigin": [ 0.7, -0.1, -0.1 ],
									"faces": {
										"north": { "texture": "#normal", "uv": [ 2.5, 2.5, 3.0, 3.5 ] },
										"east": { "texture": "#normal", "uv": [ 2.0, 3.0, 3.0, 4.0 ] },
										"south": { "texture": "#normal", "uv": [ 2.5, 3.0, 3.0, 4.0 ] },
										"west": { "texture": "#normal", "uv": [ 2.0, 2.0, 3.0, 3.0 ] },
										"up": { "texture": "#normal", "uv": [ 3.5, 2.5, 4.0, 3.5 ] },
										"down": { "texture": "#normal", "uv": [ 2.0, 2.0, 2.5, 3.0 ] }
									}
								},
								{
									"name": "Rope5",
									"from": [ 0.03, -0.1, -0.1 ],
									"to": [ 0.53, 1.2, 1.2 ],
									"rotationOrigin": [ 0.0, -0.1, -0.1 ],
									"faces": {
										"north": { "texture": "#normal", "uv": [ 0.0, 0.0, 0.5, 1.0 ] },
										"east": { "texture": "#normal", "uv": [ 0.0, 0.0, 1.0, 1.0 ] },
										"south": { "texture": "#normal", "uv": [ 0.0, 0.0, 0.5, 1.0 ] },
										"west": { "texture": "#normal", "uv": [ 0.0, 0.0, 1.0, 1.0 ] },
										"up": { "texture": "#normal", "uv": [ 0.0, 0.0, 0.5, 1.0 ] },
										"down": { "texture": "#normal", "uv": [ 0.0, 0.0, 0.5, 1.0 ] }
									}
								},
								{
									"name": "Rope6",
									"from": [ 3.1, -0.1, -0.1 ],
									"to": [ 3.6, 1.2, 1.2 ],
									"rotationOrigin": [ 3.1, -0.1, -0.1 ],
									"faces": {
										"north": { "texture": "#normal", "uv": [ 0.0, 0.0, 0.5, 1.0 ] },
										"east": { "texture": "#normal", "uv": [ 0.0, 0.0, 1.0, 1.0 ] },
										"south": { "texture": "#normal", "uv": [ 0.0, 0.0, 0.5, 1.0 ] },
										"west": { "texture": "#normal", "uv": [ 0.0, 0.0, 1.0, 1.0 ] },
										"up": { "texture": "#normal", "uv": [ 0.0, 0.0, 0.5, 1.0 ] },
										"down": { "texture": "#normal", "uv": [ 0.0, 0.0, 0.5, 1.0 ] }
									}
								}
							]
						},
						{
							"name": "Apple",
							"from": [ -0.6, -0.25, -0.3 ],
							"to": [ 0.9, 0.95, 1.2 ],
							"rotationOrigin": [ 0.15, 0.5, 0.45 ],
							"rotationX": 45.0,
							"rotationY": 180.0,
							"rotationZ": -91.0,
							"faces": {
								"north": { "texture": "#iron", "uv": [ 1.5, 12.5, 3.0, 13.5 ] },
								"east": { "texture": "#iron", "uv": [ 8.5, 14.0, 10.0, 15.0 ] },
								"south": { "texture": "#iron", "uv": [ 1.0, 13.0, 2.5, 14.0 ] },
								"west": { "texture": "#iron", "uv": [ 7.0, 14.0, 8.5, 15.0 ] },
								"up": { "texture": "#iron", "uv": [ 8.0, 13.0, 9.5, 14.5 ] },
								"down": { "texture": "#iron", "uv": [ 7.0, 13.0, 8.5, 14.5 ] }
							},
							"children": [
								{
									"name": "Cube5",
									"from": [ 0.2, -0.1, 0.1 ],
									"to": [ 1.4, 1.7, 1.3 ],
									"rotationOrigin": [ 0.2, -0.1, 0.1 ],
									"faces": {
										"north": { "texture": "#iron", "uv": [ 0.0, 0.0, 1.0, 1.5 ] },
										"east": { "texture": "#iron", "uv": [ 0.0, 0.0, 1.0, 1.5 ] },
										"south": { "texture": "#iron", "uv": [ 0.0, 0.0, 1.0, 1.5 ] },
										"west": { "texture": "#iron", "uv": [ 0.0, 0.0, 1.0, 1.5 ] },
										"up": { "texture": "#iron", "uv": [ 0.0, 0.0, 1.0, 1.0 ] },
										"down": { "texture": "#iron", "uv": [ 0.0, 0.0, 1.0, 1.0 ] }
									},
									"children": [
										{
											"name": "Cube6",
											"from": [ 0.2, 0.4, 0.2 ],
											"to": [ 1.0, 2.2, 1.0 ],
											"rotationOrigin": [ 0.2, 0.4, 0.2 ],
											"faces": {
												"north": { "texture": "#iron", "uv": [ 0.0, 0.0, 0.5, 1.5 ] },
												"east": { "texture": "#iron", "uv": [ 0.0, 0.0, 0.5, 1.5 ] },
												"south": { "texture": "#iron", "uv": [ 0.0, 0.0, 0.5, 1.5 ] },
												"west": { "texture": "#iron", "uv": [ 0.0, 0.0, 0.5, 1.5 ] },
												"up": { "texture": "#iron", "uv": [ 0.0, 0.0, 0.5, 0.5 ] },
												"down": { "texture": "#iron", "uv": [ 0.0, 0.0, 0.5, 0.5 ] }
											}
										},
										{
											"name": "Cube12",
											"from": [ 0.2, -4.6, 0.2 ],
											"to": [ 1.0, 0.5, 1.0 ],
											"rotationOrigin": [ 0.2, -4.6, 0.2 ],
											"faces": {
												"north": { "texture": "#iron", "uv": [ 0.0, 0.0, 0.5, 5.0 ] },
												"east": { "texture": "#iron", "uv": [ 0.0, 0.0, 0.5, 5.0 ] },
												"south": { "texture": "#iron", "uv": [ 0.0, 0.0, 0.5, 5.0 ] },
												"west": { "texture": "#iron", "uv": [ 0.0, 0.0, 0.5, 5.0 ] },
												"up": { "texture": "#iron", "uv": [ 0.0, 0.0, 0.5, 0.5 ] },
												"down": { "texture": "#iron", "uv": [ 0.0, 0.0, 0.5, 0.5 ] }
											}
										}
									]
								}
							]
						}
					]
				},
				{
					"name": "socket25",
					"from": [ 0.5, -0.4, -0.35 ],
					"to": [ 0.5, -0.4, -0.35 ],
					"rotationOrigin": [ 0.5, -0.4, -0.35 ],
					"faces": {
						"north": { "texture": "#iron", "uv": [ 4.5, 3.0, 5.0, 3.5 ] },
						"east": { "texture": "#iron", "uv": [ 11.0, 1.0, 11.5, 1.5 ] },
						"south": { "texture": "#iron", "uv": [ 13.5, 4.0, 14.0, 4.5 ], "rotation": 90 },
						"west": { "texture": "#iron", "uv": [ 6.5, 6.5, 7.0, 7.0 ] },
						"up": { "texture": "#iron", "uv": [ 0.0, 5.0, 0.5, 5.5 ] },
						"down": { "texture": "#iron", "uv": [ 1.5, 4.5, 2.0, 5.0 ] }
					}
				},
				{
					"name": "socket35",
					"from": [ 5.5, -0.35, -0.35 ],
					"to": [ 5.5, -0.35, -0.35 ],
					"rotationOrigin": [ 5.5, -0.35, -0.35 ],
					"faces": {
						"north": { "texture": "#iron", "uv": [ 2.0, 2.5, 2.5, 3.0 ] },
						"east": { "texture": "#iron", "uv": [ 11.0, 1.0, 11.5, 1.5 ] },
						"south": { "texture": "#iron", "uv": [ 9.5, 3.0, 10.0, 3.5 ], "rotation": 90 },
						"west": { "texture": "#iron", "uv": [ 6.5, 6.5, 7.0, 7.0 ] },
						"up": { "texture": "#iron", "uv": [ 7.5, 14.0, 8.0, 14.5 ] },
						"down": { "texture": "#iron", "uv": [ 7.5, 14.0, 8.0, 14.5 ] }
					}
				}
			]
		}
	]}