{
	"editor": {
		"allAngles": false,
		"entityTextureMode": false
	},
	"textureWidth": 16,
	"textureHeight": 16,
	"textureSizes": {
	},
	"textures": {
		"pine1": "game:block/wood/planks/pine1"
	},
	"elements": [
		{
			"name": "handle",
			"from": [ 6.0, 0.0, 6.2 ],
			"to": [ 17.0, 1.0, 8.2 ],
			"rotationOrigin": [ 6.0, 0.0, 6.2 ],
			"rotationX": 22.5,
			"faces": {
				"north": { "texture": "#pine1", "uv": [ 1.5, 3.0, 12.5, 4.0 ] },
				"east": { "texture": "#pine1", "uv": [ 2.0, 2.0, 4.0, 3.0 ] },
				"south": { "texture": "#pine1", "uv": [ 0.5, 2.0, 11.5, 3.0 ] },
				"west": { "texture": "#pine1", "uv": [ 1.5, 1.5, 3.5, 2.5 ] },
				"up": { "texture": "#pine1", "uv": [ 1.5, 2.0, 12.5, 4.0 ] },
				"down": { "texture": "#pine1", "uv": [ 1.5, 2.0, 12.5, 4.0 ] }
			},
			"children": [
				{
					"name": "handle1",
					"from": [ 0.001, -0.0203, 1.9691 ],
					"to": [ 11.001, 0.9797, 3.9691 ],
					"rotationOrigin": [ 0.0, -0.0503, 1.9691 ],
					"rotationX": -45.0,
					"faces": {
						"north": { "texture": "#pine1", "uv": [ 1.0, 2.0, 12.0, 3.0 ] },
						"east": { "texture": "#pine1", "uv": [ 2.5, 2.0, 4.5, 3.0 ] },
						"south": { "texture": "#pine1", "uv": [ 2.5, 2.5, 13.5, 3.5 ] },
						"west": { "texture": "#pine1", "uv": [ 6.5, 3.0, 8.5, 4.0 ] },
						"up": { "texture": "#pine1", "uv": [ 2.5, 2.5, 13.5, 4.5 ] },
						"down": { "texture": "#pine1", "uv": [ 1.0, 2.5, 12.0, 4.5 ] }
					}
				},
				{
					"name": "handle2",
					"from": [ 0.0, 2.1168, 3.0198 ],
					"to": [ 11.0, 3.1168, 5.0198 ],
					"rotationOrigin": [ 0.0, 2.1168, 3.0198 ],
					"rotationX": -180.0,
					"faces": {
						"north": { "texture": "#pine1", "uv": [ 1.5, 2.0, 12.5, 3.0 ] },
						"east": { "texture": "#pine1", "uv": [ 3.0, 3.0, 5.0, 4.0 ] },
						"south": { "texture": "#pine1", "uv": [ 2.5, 3.0, 13.5, 4.0 ] },
						"west": { "texture": "#pine1", "uv": [ 2.0, 3.5, 4.0, 4.5 ] },
						"up": { "texture": "#pine1", "uv": [ 2.5, 2.0, 13.5, 4.0 ] },
						"down": { "texture": "#pine1", "uv": [ 1.5, 2.0, 12.5, 4.0 ] }
					},
					"children": [
						{
							"name": "handle3",
							"from": [ 0.001, -0.0203, 1.9691 ],
							"to": [ 11.001, 0.9797, 3.9691 ],
							"rotationOrigin": [ 0.0, -0.0503, 1.9691 ],
							"rotationX": -45.0,
							"faces": {
								"north": { "texture": "#pine1", "uv": [ 1.0, 3.0, 12.0, 4.0 ] },
								"east": { "texture": "#pine1", "uv": [ 1.5, 2.0, 3.5, 3.0 ] },
								"south": { "texture": "#pine1", "uv": [ 0.5, 2.0, 11.5, 3.0 ] },
								"west": { "texture": "#pine1", "uv": [ 2.5, 2.5, 4.5, 3.5 ] },
								"up": { "texture": "#pine1", "uv": [ 1.5, 2.0, 12.5, 4.0 ] },
								"down": { "texture": "#pine1", "uv": [ 1.0, 2.0, 12.0, 4.0 ] }
							}
						},
						{
							"name": "inner handle",
							"from": [ -0.2, 1.932, 3.0964 ],
							"to": [ 25.9, 2.332, 6.6964 ],
							"rotationOrigin": [ -0.2, 1.932, 3.0964 ],
							"rotationX": 157.5,
							"faces": {
								"north": { "texture": "#iron", "uv": [ 0.0, 0.0, 15.0, 0.5 ], "autoUv": false },
								"east": { "texture": "#iron", "uv": [ 0.0, 0.0, 3.5, 0.5 ] },
								"south": { "texture": "#iron", "uv": [ 0.0, 0.0, 16.0, 0.5 ], "autoUv": false },
								"west": { "texture": "#iron", "uv": [ 0.0, 0.0, 3.5, 0.5 ] },
								"up": { "texture": "#iron", "uv": [ 0.0, 0.0, 15.6, 6.3 ], "autoUv": false },
								"down": { "texture": "#iron", "uv": [ 0.0, 0.0, 16.0, 3.3 ], "autoUv": false }
							},
							"children": [
								{
									"name": "end",
									"from": [ -3.1, 0.399, 3.4 ],
									"to": [ -2.1, 0.799, 7.6 ],
									"rotationOrigin": [ -3.1, 0.4, 3.1 ],
									"rotationX": -180.0,
									"rotationY": 45.0,
									"faces": {
										"north": { "texture": "#iron", "uv": [ 0.0, 0.0, 1.0, 0.5 ] },
										"east": { "texture": "#iron", "uv": [ 0.0, 0.0, 4.0, 0.5 ] },
										"south": { "texture": "#iron", "uv": [ 0.0, 0.0, 1.0, 0.5 ] },
										"west": { "texture": "#iron", "uv": [ 0.0, 0.0, 4.0, 0.5 ] },
										"up": { "texture": "#iron", "uv": [ 0.0, 0.0, 1.0, 4.0 ] },
										"down": { "texture": "#iron", "uv": [ 0.0, 0.0, 1.0, 4.0 ] }
									},
									"children": [
										{
											"name": "end1",
											"from": [ 0.99, 0.0011, -0.0172 ],
											"to": [ 3.99, 0.4011, 0.9828 ],
											"rotationOrigin": [ 0.99, 0.0, -0.0172 ],
											"rotationY": -45.0,
											"faces": {
												"north": { "texture": "#iron", "uv": [ 0.0, 0.0, 3.0, 0.5 ] },
												"east": { "texture": "#iron", "uv": [ 0.0, 0.0, 1.0, 0.5 ] },
												"south": { "texture": "#iron", "uv": [ 0.0, 0.0, 3.0, 0.5 ] },
												"west": { "texture": "#iron", "uv": [ 0.0, 0.0, 1.0, 0.5 ] },
												"up": { "texture": "#iron", "uv": [ 0.0, 0.0, 3.0, 1.0 ] },
												"down": { "texture": "#iron", "uv": [ 0.0, 0.0, 3.0, 1.0 ] }
											}
										}
									]
								},
								{
									"name": "guard",
									"from": [ 10.99, -1.0, -0.4 ],
									"to": [ 11.41, 1.7, 4.0 ],
									"rotationOrigin": [ 11.0, -1.0, -0.4 ],
									"faces": {
										"north": { "texture": "#iron", "uv": [ 0.0, 0.0, 0.5, 2.5 ] },
										"east": { "texture": "#iron", "uv": [ 0.0, 0.0, 4.0, 2.5 ] },
										"south": { "texture": "#iron", "uv": [ 0.0, 0.0, 0.5, 2.5 ] },
										"west": { "texture": "#iron", "uv": [ 0.0, 0.0, 4.0, 2.5 ] },
										"up": { "texture": "#iron", "uv": [ 0.0, 0.0, 0.5, 4.0 ] },
										"down": { "texture": "#iron", "uv": [ 0.0, 0.0, 0.5, 4.0 ] }
									},
									"children": [
										{
											"name": "guard1",
											"from": [ 0.015, 1.1, -1.9 ],
											"to": [ 0.4149, 2.1, 0.3 ],
											"rotationOrigin": [ 0.0, 1.1, -1.9 ],
											"rotationX": 30.0,
											"faces": {
												"north": { "texture": "#iron", "uv": [ 0.0, 0.0, 0.5, 1.0 ] },
												"east": { "texture": "#iron", "uv": [ 0.0, 0.0, 2.0, 1.0 ] },
												"south": { "texture": "#iron", "uv": [ 0.0, 0.0, 0.5, 1.0 ] },
												"west": { "texture": "#iron", "uv": [ 0.0, 0.0, 2.0, 1.0 ] },
												"up": { "texture": "#iron", "uv": [ 0.0, 0.0, 0.5, 2.0 ] },
												"down": { "texture": "#iron", "uv": [ 0.0, 0.0, 0.5, 2.0 ] }
											},
											"children": [
												{
													"name": "guard2",
													"from": [ 0.0, -0.0464, 0.643 ],
													"to": [ 0.4, 0.9536, 2.843 ],
													"rotationOrigin": [ 0.0, -0.0964, 0.633 ],
													"rotationX": -60.0,
													"faces": {
														"north": { "texture": "#iron", "uv": [ 0.0, 0.0, 0.5, 1.0 ] },
														"east": { "texture": "#iron", "uv": [ 0.0, 0.0, 2.0, 1.0 ] },
														"south": { "texture": "#iron", "uv": [ 0.0, 0.0, 0.5, 1.0 ] },
														"west": { "texture": "#iron", "uv": [ 0.0, 0.0, 2.0, 1.0 ] },
														"up": { "texture": "#iron", "uv": [ 0.0, 0.0, 0.5, 2.0 ] },
														"down": { "texture": "#iron", "uv": [ 0.0, 0.0, 0.5, 2.0 ] }
													},
													"children": [
														{
															"name": "guard3",
															"from": [ 0.4, -3.467, 6.9084 ],
															"to": [ 0.81, -2.467, 9.2084 ],
															"rotationOrigin": [ 0.4, -3.467, 6.9084 ],
															"rotationX": 177.0,
															"rotationZ": -180.0,
															"faces": {
																"north": { "texture": "#iron", "uv": [ 0.0, 0.0, 0.5, 1.0 ] },
																"east": { "texture": "#iron", "uv": [ 0.0, 0.0, 2.0, 1.0 ] },
																"south": { "texture": "#iron", "uv": [ 0.0, 0.0, 0.5, 1.0 ] },
																"west": { "texture": "#iron", "uv": [ 0.0, 0.0, 2.0, 1.0 ] },
																"up": { "texture": "#iron", "uv": [ 0.0, 0.0, 0.5, 2.0 ] },
																"down": { "texture": "#iron", "uv": [ 0.0, 0.0, 0.5, 2.0 ] }
															},
															"children": [
																{
																	"name": "guard4",
																	"from": [ -1.0E-4, -0.0464, 0.643 ],
																	"to": [ 0.3999, 0.9536, 2.843 ],
																	"rotationOrigin": [ 0.0, -0.0964, 0.633 ],
																	"rotationX": -60.0,
																	"faces": {
																		"north": { "texture": "#iron", "uv": [ 0.0, 0.0, 0.5, 1.0 ] },
																		"east": { "texture": "#iron", "uv": [ 0.0, 0.0, 2.0, 1.0 ] },
																		"south": { "texture": "#iron", "uv": [ 0.0, 0.0, 0.5, 1.0 ] },
																		"west": { "texture": "#iron", "uv": [ 0.0, 0.0, 2.0, 1.0 ] },
																		"up": { "texture": "#iron", "uv": [ 0.0, 0.0, 0.5, 2.0 ] },
																		"down": { "texture": "#iron", "uv": [ 0.0, 0.0, 0.5, 2.0 ] }
																	}
																}
															]
														}
													]
												}
											]
										}
									]
								},
								{
									"name": "blade",
									"from": [ 25.6, 0.0, 2.73 ],
									"to": [ 31.0, 0.4001, 3.73 ],
									"rotationOrigin": [ 25.6, 0.0, 2.7 ],
									"rotationY": 30.0,
									"faces": {
										"north": { "texture": "#iron", "uv": [ 0.0, 0.0, 5.0, 0.5 ] },
										"east": { "texture": "#iron", "uv": [ 0.0, 0.0, 1.0, 0.5 ] },
										"south": { "texture": "#iron", "uv": [ 0.0, 0.0, 5.0, 0.5 ] },
										"west": { "texture": "#iron", "uv": [ 0.0, 0.0, 1.0, 0.5 ] },
										"up": { "texture": "#iron", "uv": [ 0.0, 0.0, 5.0, 1.0 ] },
										"down": { "texture": "#iron", "uv": [ 0.0, 0.0, 5.0, 1.0 ] }
									}
								},
								{
									"name": "blade1",
									"from": [ 26.0, 0.0, 0.0 ],
									"to": [ 30.3, 0.4, 1.2 ],
									"rotationOrigin": [ 26.0, 0.0, 0.0 ],
									"faces": {
										"north": { "texture": "#iron", "uv": [ 0.0, 0.0, 4.0, 0.5 ] },
										"east": { "texture": "#iron", "uv": [ 0.0, 0.0, 1.0, 0.5 ] },
										"south": { "texture": "#iron", "uv": [ 0.0, 0.0, 4.0, 0.5 ] },
										"west": { "texture": "#iron", "uv": [ 0.0, 0.0, 1.0, 0.5 ] },
										"up": { "texture": "#iron", "uv": [ 0.0, 0.0, 4.0, 1.0 ] },
										"down": { "texture": "#iron", "uv": [ 0.0, 0.0, 4.0, 1.0 ] }
									}
								},
								{
									"name": "blade2",
									"from": [ 25.4, 0.0, 1.5 ],
									"to": [ 28.2, 0.401, 2.8 ],
									"rotationOrigin": [ 25.4, 0.0, 1.5 ],
									"rotationY": 22.5,
									"faces": {
										"north": { "texture": "#iron", "uv": [ 0.0, 0.0, 2.5, 0.5 ] },
										"east": { "texture": "#iron", "uv": [ 0.0, 0.0, 1.0, 0.5 ] },
										"south": { "texture": "#iron", "uv": [ 0.0, 0.0, 2.5, 0.5 ] },
										"west": { "texture": "#iron", "uv": [ 0.0, 0.0, 1.0, 0.5 ] },
										"up": { "texture": "#iron", "uv": [ 0.0, 0.0, 2.5, 1.0 ] },
										"down": { "texture": "#iron", "uv": [ 0.0, 0.0, 2.5, 1.0 ] }
									}
								},
								{
									"name": "guard5",
									"from": [ 11.0, -1.0, 0.6 ],
									"to": [ 11.4, 0.6, 2.2 ],
									"rotationOrigin": [ 11.0, -1.0, 0.6 ],
									"rotationX": 45.0,
									"faces": {
										"north": { "texture": "#iron", "uv": [ 0.0, 0.0, 0.5, 1.5 ] },
										"east": { "texture": "#iron", "uv": [ 0.0, 0.0, 1.5, 1.5 ] },
										"south": { "texture": "#iron", "uv": [ 0.0, 0.0, 0.5, 1.5 ] },
										"west": { "texture": "#iron", "uv": [ 0.0, 0.0, 1.5, 1.5 ] },
										"up": { "texture": "#iron", "uv": [ 0.0, 0.0, 0.5, 1.5 ] },
										"down": { "texture": "#iron", "uv": [ 0.0, 0.0, 0.5, 1.5 ] }
									}
								},
								{
									"name": "nail",
									"from": [ 2.8, -1.0, 1.3 ],
									"to": [ 3.8, 1.4, 2.3 ],
									"rotationOrigin": [ 2.8, -1.0, 1.3 ],
									"faces": {
										"north": { "texture": "#iron", "uv": [ 0.0, 0.0, 1.0, 2.0 ] },
										"east": { "texture": "#iron", "uv": [ 0.0, 0.0, 1.0, 2.0 ] },
										"south": { "texture": "#iron", "uv": [ 0.0, 0.0, 1.0, 2.0 ] },
										"west": { "texture": "#iron", "uv": [ 0.0, 0.0, 1.0, 2.0 ] },
										"up": { "texture": "#iron", "uv": [ 0.0, 0.0, 1.0, 1.0 ] },
										"down": { "texture": "#iron", "uv": [ 0.0, 0.0, 1.0, 1.0 ] }
									},
									"children": [
										{
											"name": "nail2",
											"from": [ 5.0, 0.0, 0.0 ],
											"to": [ 6.0, 2.4, 1.0 ],
											"rotationOrigin": [ 5.0, 0.0, 0.0 ],
											"faces": {
												"north": { "texture": "#iron", "uv": [ 0.0, 0.0, 1.0, 2.0 ] },
												"east": { "texture": "#iron", "uv": [ 0.0, 0.0, 1.0, 2.0 ] },
												"south": { "texture": "#iron", "uv": [ 0.0, 0.0, 1.0, 2.0 ] },
												"west": { "texture": "#iron", "uv": [ 0.0, 0.0, 1.0, 2.0 ] },
												"up": { "texture": "#iron", "uv": [ 0.0, 0.0, 1.0, 1.0 ] },
												"down": { "texture": "#iron", "uv": [ 0.0, 0.0, 1.0, 1.0 ] }
											}
										}
									]
								}
							]
						}
					]
				}
			]
		}
	]}