{
	"code": "fa-gothic-head",
	"class": "ItemWearable",
	"heldTpIdleAnimation": "holdunderarm",
	"variantgroups": [
		{ "code": "style",  "states": ["sallet", "salletwreath", "salletwing"]},
		{ "code": "metalhead",  "states": ["iron", "meteoriciron", "steel"]},
		{ "code": "plume",  "states": ["red","green","black","blue","brown","white","purple","pink","orange","yellow","gray","plain","none"]},
	],
	"skipVariants": [
		"*wreath*none",
		"*wing*none"
	],
	"allowedVariants": [
		"*"
	],
	"shapeByType": 
	{
		"fa-gothic-head-sallet-*": { "base": "entity/armor/gothic/gothicsallethead" },
		"fa-gothic-head-salletwreath-*": { "base": "entity/armor/gothic/gothicsalletwreathhead" },
		"fa-gothic-head-salletwing-*": { "base": "entity/armor/gothic/gothicsalletwingedhead" }
	},
	"texturesByType": {
		"fa-gothic-head-sallet*-*": { 
			"seraph": { "base": "game:block/transparent" },
			"gothichead": { "base": "armor/entity/gothic_{metalhead}" },
			"plume": { "base": "block/plume/plume{plume}" }
				},
	},
	"storageFlags": 128,
	"maxstacksize": 4,
	"attributes": {
		"visibleDamageEffect": true,
		"wearableAttachment": true,
		"clothescategoryByType": {
			"*": "armorhead",
		},
		"disableElementsByType": {
			"*": ["hidehat", "Hood", "hoodupperover", "Hair tile upper part", "ponytailhigh", "ponytaillow", "Hair", "hair-uncovered", "hidefacialhair", "sidehigh", "sidelow", "bangs"]
		},
		"defaultProtLoss": {
			perTierRelativeProtectionLoss: [0.03, 0.15],
			perTierFlatDamageReductionLoss: [0.1, 0.2],
		},
		"protectionModifiersByType": {
			"*-steel-*": {
				relativeProtection: 0.97,
				flatDamageReduction: 1.8,
				highDamageTierResistant: true,
				protectionTier: 4
			},
			"*-meteoriciron-*": {
				relativeProtection: 0.962,
				flatDamageReduction: 1.72,
				highDamageTierResistant: true,
				protectionTier: 3
			},
			"*-iron-*": {
				relativeProtection: 0.96,
				flatDamageReduction: 1.7,
				highDamageTierResistant: true,
				protectionTier: 3
			},
		},
		"statModifiersByType": {
			"*": {
				rangedWeaponsAcc: -0.10,
				rangedWeaponsSpeed: -0.20,
				walkSpeed: -0.10,
				healingeffectivness: -0.26,
				hungerrate: 0.15
			},
		}
	},
	"creativeinventory": { "general": ["*"], "items": ["*"], "forgottenarmorygothic": ["*"] },
	"renderAlphaTest": 0.25,
	"durabilityByType": {
		"*-iron-*": 2700,
		"*-meteoriciron-*": 3300,
		"*-steel-*": 6000,
	},
	"fpHandTransformByType": {
		"*": {
			translation: { x: 0.4, y: -1.9, z: -0.5 },
			rotation: { x: 163, y: -111, z: -180 },
			origin: { x: 0.5, y: 1.7, z: 0.5 },
			scale: 2.15
		},
	},
	"tpHandTransformByType": {
		"*": {
			translation: { x: -0.82, y: -2.2, z: -0.5 },
			rotation: { x: 18, y: 169, z: 30 },
			origin: { x: 0.5, y: 1.7, z: 0.5 },
			scale: 0.64
		}
	},
	"guiTransformByType": {
		"*": {
			translation: { x: 0, y: 0, z: 0 },
			rotation: { x: -26, y: -46, z: -180 },
			origin: { x: 0.6, y: 1.72, z: 0.5 },
			scale: 2
		},
	},
	"groundTransformByType": {
		"*": {
			translation: { x: 0, y: 0, z: 0 },
			rotation: { x: 0, y: 0, z: 0 },
			origin: { x: 0.34, y: 1.71, z: 0.5 },
			scale: 3.1
		},
	},
}