[
    // replace all logs and log sections with normal log
    {
        "type": "Replace",
        "conditions": [{ "when": "VanillaVariants_MechanicalAngledGears_Enabled", "isValue": "true" }],
        "outputCode": "angledgears-s",
        "ingredients": [{ "ingredientCode": "log*", "Code": "log-placed-*-ud", "AllowedVariants": ["oak"] }]
    },
    {
        "type": "Replace",
        "conditions": [{ "when": "VanillaVariants_MechanicalAngledGears_Enabled", "isValue": "true" }],
        "dependsOn": [{ "modid": "wildcrafttree" }],
        "outputCode": "angledgears-s",
        "ingredients": [{ "ingredientCode": "wildcrafttree:log*", "Code": "log-placed-*-ud", "AllowedVariants": ["oak"] }]
    },

    // from normal logs
    {
        "type": "Copy",
        "conditions": [{ "when": "VanillaVariants_MechanicalAngledGears_Enabled", "isValue": "true" }],
        "outputCode": "angledgears-s",
        "outputCodeNew": "vanvar:angledgears-{wood}-s",
        "ingredients": [{ "ingredientCode": "log*", "Code": "log-placed-*-ud", "Name": "wood", "SkipVariants": ["oak"] }]
    },
    {
        "type": "Copy",
        "conditions": [{ "when": "VanillaVariants_MechanicalAngledGears_Enabled", "isValue": "true" }],
        "dependsOn": [{ "modid": "wildcrafttree" }],
        "outputCode": "angledgears-s",
        "outputCodeNew": "wildcrafttree:angledgears-{wood}-s",
        "ingredients": [{ "ingredientCode": "log*", "Code": "wildcrafttree:log-placed-*-ud", "Name": "wood", "SkipVariants": ["oak"] }]
    },

    // from log sections
    {
        "type": "Copy",
        "conditions": [{ "when": "VanillaVariants_MechanicalAngledGears_Enabled", "isValue": "true" }],
        "outputCode": "angledgears-s",
        "outputCodeNew": "vanvar:angledgears-{wood}-s",
        "RecipeGroup": 1,
        "ingredients": [{ "ingredientCode": "log*", "Code": "logsection-placed-*-ne-ud", "Name": "wood", "SkipVariants": ["oak"] }]
    },
    {
        "type": "Copy",
        "conditions": [{ "when": "VanillaVariants_MechanicalAngledGears_Enabled", "isValue": "true" }],
        "dependsOn": [{ "modid": "wildcrafttree" }],
        "outputCode": "angledgears-s",
        "outputCodeNew": "wildcrafttree:angledgears-{wood}-s",
        "RecipeGroup": 1,
        "ingredients": [{ "ingredientCode": "log*", "Code": "wildcrafttree:logsection-placed-*-ne-ud", "Name": "wood", "SkipVariants": ["oak"] }]
    }
]
