[
    // replace all logs and log sections with oak log
    {
        "type": "Replace",
        "conditions": [{ "when": "VanillaVariants_MechanicalAxle_Enabled", "isValue": "true" }],
        "outputCode": "woodenaxle-ud",
        "ingredients": [{ "ingredientCode": "log*", "Code": "log-placed-*-ud", "AllowedVariants": ["oak"] }]
    },
    {
        "type": "Replace",
        "conditions": [{ "when": "VanillaVariants_MechanicalAxle_Enabled", "isValue": "true" }],
        "dependsOn": [{ "modid": "wildcrafttree" }],
        "outputCode": "woodenaxle-ud",
        "ingredients": [{ "ingredientCode": "wildcrafttree:log*", "Code": "log-placed-*-ud", "AllowedVariants": ["oak"] }]
    },

    // from logs
    {
        "type": "Copy",
        "conditions": [{ "when": "VanillaVariants_MechanicalAxle_Enabled", "isValue": "true" }],
        "outputCode": "woodenaxle-ud",
        "outputCodeNew": "vanvar:woodenaxle-{wood}-ud",
        "ingredients": [{ "ingredientCode": "log*", "Code": "log-placed-*-ud", "Name": "wood", "SkipVariants": ["oak"] }]
    },
    {
        "type": "Copy",
        "conditions": [{ "when": "VanillaVariants_MechanicalAxle_Enabled", "isValue": "true" }],
        "dependsOn": [{ "modid": "wildcrafttree" }],
        "outputCode": "woodenaxle-ud",
        "outputCodeNew": "wildcrafttree:woodenaxle-{wood}-ud",
        "ingredients": [{ "ingredientCode": "log*", "Code": "wildcrafttree:log-placed-*-ud", "Name": "wood", "SkipVariants": ["oak"] }]
    },

    // from log sections
    {
        "type": "Copy",
        "conditions": [{ "when": "VanillaVariants_MechanicalAxle_Enabled", "isValue": "true" }],
        "outputCode": "woodenaxle-ud",
        "outputCodeNew": "vanvar:woodenaxle-{wood}-ud",
        "RecipeGroup": 1,
        "ingredients": [{ "ingredientCode": "log*", "Code": "logsection-placed-*-ne-ud", "Name": "wood", "SkipVariants": ["oak"] }]
    },
    {
        "type": "Copy",
        "conditions": [{ "when": "VanillaVariants_MechanicalAxle_Enabled", "isValue": "true" }],
        "dependsOn": [{ "modid": "wildcrafttree" }],
        "outputCode": "woodenaxle-ud",
        "outputCodeNew": "wildcrafttree:woodenaxle-{wood}-ud",
        "RecipeGroup": 1,
        "ingredients": [{ "ingredientCode": "log*", "Code": "wildcrafttree:logsection-placed-*-ne-ud", "Name": "wood", "SkipVariants": ["oak"] }]
    },

    // use modded axle together with vanilla axles
    {
        "type": "Copy",
        "conditions": [{ "when": "VanillaVariants_MechanicalAxle_Enabled", "isValue": "true" }],
        "outputCode": "pulverizertoggle-oak",
        "outputCodeNew": "pulverizertoggle-oak",
        "RecipeGroup": 1,
        "ingredients": [{ "ingredientCode": "woodenaxle-ud", "Code": "vanvar:woodenaxle-*-ud" }]
    },
    {
        "type": "Copy",
        "conditions": [{ "when": "VanillaVariants_MechanicalAxle_Enabled", "isValue": "true" }],
        "dependsOn": [{ "modid": "wildcrafttree" }],
        "outputCode": "pulverizertoggle-oak",
        "outputCodeNew": "pulverizertoggle-oak",
        "RecipeGroup": 1,
        "ingredients": [{ "ingredientCode": "woodenaxle-ud", "Code": "wildcrafttree:woodenaxle-*-ud" }]
    }
]
