[
    {
        "type": "Replace",
        "conditions": [{ "when": "VanillaVariants_MechanicalLargeGearSectionItem_Enabled", "isValue": "true" }],
        "outputCode": "largegearsection-wood",
        "ingredients": [{ "ingredientCode": "plank-*", "AllowedVariants": ["oak"] }]
    },
    {
        "type": "Replace",
        "conditions": [{ "when": "VanillaVariants_MechanicalLargeGearSectionItem_Enabled", "isValue": "true" }],
        "dependsOn": [{ "modid": "wildcrafttree" }],
        "outputCode": "largegearsection-wood",
        "ingredients": [{ "ingredientCode": "wildcrafttree:plank-*", "Code": "plank-*", "AllowedVariants": ["oak"] }]
    },
    {
        "type": "Copy",
        "conditions": [{ "when": "VanillaVariants_MechanicalLargeGearSectionItem_Enabled", "isValue": "true" }],
        "outputCode": "largegearsection-wood",
        "outputCodeNew": "vanvar:largegearsection-{wood}",
        "ingredients": [{ "ingredientCode": "plank-*", "Name": "wood", "SkipVariants": ["oak"] }]
    },
    {
        "type": "Copy",
        "conditions": [{ "when": "VanillaVariants_MechanicalLargeGearSectionItem_Enabled", "isValue": "true" }],
        "dependsOn": [{ "modid": "wildcrafttree" }],
        "outputCode": "largegearsection-wood",
        "outputCodeNew": "wildcrafttree:largegearsection-{wood}",
        "ingredients": [{ "ingredientCode": "plank-*", "Code": "wildcrafttree:plank-*", "Name": "wood", "SkipVariants": ["oak"] }]
    }
]
