{
	"editor": {
		"allAngles": false,
		"entityTextureMode": false
	},
	"textureWidth": 32,
	"textureHeight": 32,
	"textureSizes": {
	},
	"textures": {
	},
	"elements": [
		{
			"name": "Cube2",
			"from": [ -1.0, 0.0, 0.0 ],
			"to": [ 17.0, 2.0, 1.0 ],
			"rotationOrigin": [ -1.0, 0.0, 0.0 ],
			"faces": {
				"north": { "texture": "#null", "uv": [ 8.0, 23.0, 26.0, 25.0 ] },
				"east": { "texture": "#null", "uv": [ 14.5, 15.5, 15.5, 17.5 ] },
				"south": { "texture": "#null", "uv": [ 4.0, 17.0, 22.0, 19.0 ] },
				"west": { "texture": "#null", "uv": [ 14.0, 19.5, 15.0, 21.5 ] },
				"up": { "texture": "#null", "uv": [ 8.5, 15.5, 26.5, 16.5 ] },
				"down": { "texture": "#null", "uv": [ 4.0, 11.0, 22.0, 12.0 ] }
			}
		},
		{
			"name": "Cube3",
			"from": [ -1.0, 14.0, 0.0 ],
			"to": [ 17.0, 16.0, 1.0 ],
			"rotationOrigin": [ -1.0, 14.0, 0.0 ],
			"faces": {
				"north": { "texture": "#null", "uv": [ 12.5, 29.0, 30.5, 31.0 ] },
				"east": { "texture": "#null", "uv": [ 29.0, 27.0, 30.0, 29.0 ] },
				"south": { "texture": "#null", "uv": [ 10.5, 19.5, 28.5, 21.5 ] },
				"west": { "texture": "#null", "uv": [ 25.5, 18.0, 26.5, 20.0 ] },
				"up": { "texture": "#null", "uv": [ 12.0, 22.0, 30.0, 23.0 ] },
				"down": { "texture": "#null", "uv": [ 12.0, 25.0, 30.0, 26.0 ] }
			}
		},
		{
			"name": "Cube4",
			"from": [ 0.0, 14.0, 0.0 ],
			"to": [ 12.0, 16.0, 1.0 ],
			"rotationOrigin": [ 0.0, 14.0, 0.0 ],
			"rotationZ": -90.0,
			"faces": {
				"north": { "texture": "#null", "uv": [ 0.5, 29.5, 12.5, 31.5 ] },
				"east": { "texture": "#null", "uv": [ 0.5, 28.5, 1.5, 30.5 ] },
				"south": { "texture": "#null", "uv": [ 0.5, 29.0, 12.5, 31.0 ] },
				"west": { "texture": "#null", "uv": [ 0.5, 29.5, 1.5, 31.5 ] },
				"up": { "texture": "#null", "uv": [ 1.5, 29.0, 13.5, 30.0 ] },
				"down": { "texture": "#null", "uv": [ 0.5, 30.5, 12.5, 31.5 ] }
			}
		},
		{
			"name": "Cube5",
			"from": [ 14.0, 14.0, 0.0 ],
			"to": [ 26.0, 16.0, 1.0 ],
			"rotationOrigin": [ 14.0, 14.0, 0.0 ],
			"rotationZ": -90.0,
			"faces": {
				"north": { "texture": "#null", "uv": [ 2.0, 1.0, 14.0, 3.0 ] },
				"east": { "texture": "#null", "uv": [ 2.5, 1.5, 3.5, 3.5 ] },
				"south": { "texture": "#null", "uv": [ 2.0, 2.0, 14.0, 4.0 ] },
				"west": { "texture": "#null", "uv": [ 1.0, 1.5, 2.0, 3.5 ] },
				"up": { "texture": "#null", "uv": [ 1.5, 2.5, 13.5, 3.5 ] },
				"down": { "texture": "#null", "uv": [ 0.5, 1.0, 12.5, 2.0 ] }
			}
		},
		{
			"name": "Cube7",
			"from": [ 1.0, 3.0, 1.0 ],
			"to": [ 3.0, 4.0, 2.0 ],
			"rotationOrigin": [ 1.0, 3.0, 1.0 ],
			"faces": {
				"north": { "texture": "#null", "uv": [ 5.5, 11.5, 7.5, 12.5 ] },
				"east": { "texture": "#null", "uv": [ 12.5, 13.5, 13.5, 14.5 ] },
				"south": { "texture": "#null", "uv": [ 10.5, 14.5, 12.5, 15.5 ] },
				"west": { "texture": "#null", "uv": [ 10.0, 13.5, 11.0, 14.5 ] },
				"up": { "texture": "#null", "uv": [ 11.5, 11.5, 13.5, 12.5 ] },
				"down": { "texture": "#null", "uv": [ 8.0, 9.0, 10.0, 10.0 ] }
			}
		},
		{
			"name": "Cube8",
			"from": [ 1.0, 12.0, 1.0 ],
			"to": [ 3.0, 13.0, 2.0 ],
			"rotationOrigin": [ 1.0, 12.0, 1.0 ],
			"faces": {
				"north": { "texture": "#null", "uv": [ 6.5, 16.5, 8.5, 17.5 ] },
				"east": { "texture": "#null", "uv": [ 7.0, 20.0, 8.0, 21.0 ] },
				"south": { "texture": "#null", "uv": [ 5.0, 12.5, 7.0, 13.5 ] },
				"west": { "texture": "#null", "uv": [ 14.0, 16.5, 15.0, 17.5 ] },
				"up": { "texture": "#null", "uv": [ 14.0, 11.0, 16.0, 12.0 ] },
				"down": { "texture": "#null", "uv": [ 18.0, 16.0, 20.0, 17.0 ] }
			}
		},
		{
			"name": "Cube9",
			"from": [ 13.0, 12.0, 1.0 ],
			"to": [ 15.0, 13.0, 2.0 ],
			"rotationOrigin": [ 13.0, 12.0, 1.0 ],
			"faces": {
				"north": { "texture": "#null", "uv": [ 27.0, 2.0, 29.0, 3.0 ] },
				"east": { "texture": "#null", "uv": [ 27.0, 2.5, 28.0, 3.5 ] },
				"south": { "texture": "#null", "uv": [ 28.0, 4.0, 30.0, 5.0 ] },
				"west": { "texture": "#null", "uv": [ 29.0, 3.5, 30.0, 4.5 ] },
				"up": { "texture": "#null", "uv": [ 25.5, 4.0, 27.5, 5.0 ] },
				"down": { "texture": "#null", "uv": [ 26.5, 3.0, 28.5, 4.0 ] }
			}
		},
		{
			"name": "Cube10",
			"from": [ 13.0, 3.0, 1.0 ],
			"to": [ 15.0, 4.0, 2.0 ],
			"rotationOrigin": [ 13.0, 3.0, 1.0 ],
			"faces": {
				"north": { "texture": "#null", "uv": [ 27.0, 2.0, 29.0, 3.0 ] },
				"east": { "texture": "#null", "uv": [ 28.0, 2.0, 29.0, 3.0 ] },
				"south": { "texture": "#null", "uv": [ 28.0, 2.5, 30.0, 3.5 ] },
				"west": { "texture": "#null", "uv": [ 28.5, 4.0, 29.5, 5.0 ] },
				"up": { "texture": "#null", "uv": [ 29.0, 3.5, 31.0, 4.5 ] },
				"down": { "texture": "#null", "uv": [ 28.5, 4.0, 30.5, 5.0 ] }
			}
		},
		{
			"name": "Cube6",
			"from": [ -6.0, 2.0, 1.0 ],
			"to": [ 1.0, 14.0, 2.0 ],
			"rotationOrigin": [ -6.0, 2.0, 1.0 ],
			"faces": {
				"north": { "texture": "#null", "uv": [ 7.5, 4.0, 14.5, 16.0 ] },
				"east": { "texture": "#null", "uv": [ 11.5, 14.0, 12.5, 26.0 ] },
				"south": { "texture": "#null", "uv": [ 10.5, 9.0, 17.5, 21.0 ] },
				"west": { "texture": "#null", "uv": [ 13.0, 10.5, 14.0, 22.5 ] },
				"up": { "texture": "#null", "uv": [ 12.5, 8.0, 19.5, 9.0 ] },
				"down": { "texture": "#null", "uv": [ 12.5, 7.5, 19.5, 8.5 ] }
			}
		},
		{
			"name": "Cube11",
			"from": [ 15.0, 2.0, 1.0 ],
			"to": [ 22.0, 14.0, 2.0 ],
			"rotationOrigin": [ 15.0, 2.0, 1.0 ],
			"faces": {
				"north": { "texture": "#null", "uv": [ 24.0, 0.5, 31.0, 12.5 ] },
				"east": { "texture": "#null", "uv": [ 28.0, 4.5, 29.0, 16.5 ] },
				"south": { "texture": "#null", "uv": [ 17.0, 4.5, 24.0, 16.5 ] },
				"west": { "texture": "#null", "uv": [ 11.5, 3.5, 12.5, 15.5 ] },
				"up": { "texture": "#null", "uv": [ 9.5, 4.5, 16.5, 5.5 ] },
				"down": { "texture": "#null", "uv": [ 4.5, 7.0, 11.5, 8.0 ] }
			}
		}
	]}