{
	"enabled": true,
	"ingredient": { "type": "item", "code": "game:clay-*"},
	"pattern": [[
		"##############",
		"##############",
		"##############",
		"##############",
		"##############",
		"##############",
		"##############",
		"##############",
		"##############",
		"##############",
		"##############",
		"##############",
		"##############",
		"##############",
	],
	[
		"##############",
		"##__##__##__##",
		"##__##__##__##",
		"##__##__##__##",
		"##__##__##__##",
		"##__##__##__##",
		"##############",
		"##############",
		"##_##_##_##_##",
		"##_##_##_##_##",
		"##_##_##_##_##",
		"##_##_##_##_##",
		"##_##_##_##_##",
		"##############",
	]],
	"name": "Nail Mold",
	"output": { "type": "block", "code": "molds:toolmold-raw-1nailmold"  }
}