{
	"enabled": true,
	"ingredient": { "type": "item", "code": "game:clay-*" },
	"pattern": [[
		"##############",
		"##############",
		"##############",
		"##############",
		"##############",
		"##############",
		"##############",
		"##############",
		"##############",
		"##############",
		"##############",
		"##############",
		"##############",
		"##############",
	],
	[
		"##############",
		"##############",
		"##_######_####",
		"##_######_####",
		"##__#####__###",
		"##__#####__###",
		"##__#####__###",
		"##___####___##",
		"##___####___##",
		"##___####___##",
		"##___####___##",
		"##___####___##",
		"##############",
		"##############",
	]],
	"name": "2x Knife Mold",
	"output": { "type": "block", "code": "molds:toolmold-raw-2xknife"  }
}