{
	"enabled": true,
	"ingredient": { "type": "item", "code": "game:clay-*"},
	"pattern": [[
		"##############",
		"##############",
		"##############",
		"##############",
		"##############",
		"##############",
		"##############",
		"##############",
		"##############",
		"##############",
		"##############",
		"##############",
		"##############",
		"##############",
	],
	[
		"##############",
		"##__######__##",
		"##__######__##",
		"##__######__##",
		"###__####__###",
		"###__####__###",
		"#####____#####",
		"#####____#####",
		"#####____#####",
		"#####____#####",
		"#####____#####",
		"#####____#####",
		"#####____#####",
		"##############",
	]],
	"name": "Kluch Mold",
	"output": { "type": "block", "code": "molds:toolmold-raw-kluch"  }
}