{
	"enabled": true,
	"ingredient": { "type": "item", "code": "game:clay-*"},
	"pattern": [[
		"#############",
		"#############",
		"#############",
		"#############",
		"#############",
		"#############",
		"#############",
		"#############",
		"#############",
		"#############",
		"#############",
		"#############",
		"#############",
	],
	[
		"#############",
		"#___________#",
		"#___________#",
		"#___________#",
		"#___________#",
		"#___________#",
		"#___________#",
		"#___________#",
		"#___________#",
		"#___________#",
		"#___________#",
		"#___________#",
		"#############",
	]],
	"name": "Plate Mold",
	"output": { "type": "block", "code": "molds:toolmold-raw-plate"  }
}