{
	"enabled": true,
	"ingredient": { "type": "item", "code": "game:clay-*"},
	"pattern": [[
		"#############",
		"#############",
		"#############",
		"#############",
		"#############",
		"#############",
		"#############",
		"#############",
		"#############",
		"#############",
		"#############",
		"#############",
		"#############",
	],
	[
		"#############",
		"#___________#",
		"#___________#",
		"#############",
		"#___________#",
		"#___________#",
		"#############",
		"#___________#",
		"#___________#",
		"#############",
		"#___________#",
		"#___________#",
		"#############",
	]],
	"name": "Rod Mold",
	"output": { "type": "block", "code": "molds:rodmold-raw"  }
}