{
	"enabled": true,
	"ingredient": { "type": "item", "code": "game:clay-*"},
	"pattern": [[
		"##############",
		"##############",
		"##############",
		"##############",
		"##############",
		"##############",
		"##############",
		"##############",
		"##############",
		"##############",
		"##############",
		"##############",
		"##############",
		"##############",
	],
	[
		"##############",
		"##############",
		"##############",
		"##############",
		"##############",
		"##############",
		"##############",
		"###_#_#_#_#_##",
		"##__________##",
		"##############",
		"##############",
		"##############",
		"##############",
		"##############",
	]],
	"name": "Sawblade Mold",
	"output": { "type": "block", "code": "molds:toolmold-raw-sawblade"  }
}