[
  {
    "op": "add",
    "path": "/structures/-",
    "value": {
                  "code": "brsurfaceruins-medium",
                  "chance": 0.005,
                  "replacewithblocklayers": [
                    "soil-low-none",
                    "soil-medium-none",
                    "soil-medium-normal",
                    "soil-low-normal",
                    "forestfloor-1",
                    "soil-verylow-normal",
                    "soil-verylow-none",
                    "soil-verylow-sparse",
                    "soil-verylow-verysparse"
                  ],

                  "schematics": [
                    "overground/main/mediumruins/*"
                  ],
                  "suppressTrees": true,
                  "suppressWaterfalls": true,
                  "rockTypeRemapGroup": "standard",
                  "MaxBelowSealevel": 2,
                  "MinSpawnDistance": 500
    },
    "file": "game:worldgen/structures.json",
    "side": "Server"
  },
  {
    "op": "add",
    "path": "/structures/-",
    "value": {
                  "code": "gates",
                  "name": "surface-translocators-1",
                  "group": "translocators",
                  "minGroupDistance": 1600,
                  "chance": 0.03,
                  "placement": "surface",
                  "replacewithblocklayers": [
                    "soil-low-none",
                    "soil-medium-none",
                    "soil-medium-normal",
                    "soil-low-normal",
                    "forestfloor-1",
                    "soil-verylow-normal",
                    "soil-verylow-none",
                    "soil-verylow-sparse",
                    "soil-verylow-verysparse"
                  ],
                              "schematics": [
                    "overground/main/translocators/o2/*"
                  ],
                  "suppressTrees": true,
                  "suppressWaterfalls": true,
                  "rockTypeRemapGroup": "standard",
                  "MaxBelowSealevel": 2,
                  "MinSpawnDistance": 1500
    },
    "file": "game:worldgen/structures.json",
    "side": "Server"
  },
  {
    "op": "add",
    "path": "/structures/-",
    "value": {
                  "code": "gates",
                  "name": "surface-translocators-2",
                  "group": "translocators",
                  "minGroupDistance": 1600,
                  "chance": 0.001,
                  "placement": "surface",
                  "replacewithblocklayers": [
                    "soil-low-none",
                    "soil-medium-none",
                    "soil-medium-normal",
                    "soil-low-normal",
                    "forestfloor-1",
                    "soil-verylow-normal",
                    "soil-verylow-none",
                    "soil-verylow-sparse",
                    "soil-verylow-verysparse"
                  ],
                              "schematics": [
                    "overground/main/translocators/o1/*"
                  ],
                  "suppressTrees": true,
                  "suppressWaterfalls": true,
                  "rockTypeRemapGroup": "standard",
                  "MaxBelowSealevel": 2,
                  "MinSpawnDistance": 1500
    },
    "file": "game:worldgen/structures.json",
    "side": "Server"
  },
  {
    "op": "add",
    "path": "/structures/-",
    "value": {
                  "code": "gates",
                  "name": "surface-translocators-3",
                  "group": "translocators",
                  "minGroupDistance": 1600,
                  "chance": 0.006,
                  "placement": "surface",
                  "replacewithblocklayers": [
                    "soil-low-none",
                    "soil-medium-none",
                    "soil-medium-normal",
                    "soil-low-normal",
                    "forestfloor-1",
                    "soil-verylow-normal",
                    "soil-verylow-none",
                    "soil-verylow-sparse",
                    "soil-verylow-verysparse"
                  ],
                              "schematics": [
                    "overground/main/translocators/o4/*"
                  ],
                  "suppressTrees": true,
                  "suppressWaterfalls": true,
                  "rockTypeRemapGroup": "standard",
                  "MaxBelowSealevel": 2,
                  "MinSpawnDistance": 1500
    },
    "file": "game:worldgen/structures.json",
    "side": "Server"
  }
]