{
	"editor": {
		"collapsedPaths": "Root/Mover/Bottom/WallN,Root/Mover/Bottom/WallWa/WallWc,Root/Mover/Bottom/WallWa/WallWd",
		"allAngles": false,
		"entityTextureMode": false
	},
	"textureWidth": 16,
	"textureHeight": 16,
	"textureSizes": {
		"electrum": [16,16],
		"tin": [16,16]
	},
	"textures": {
		"quartz": "game:block/glass/quartz",
		"iron": "game:block/metal/lantern/iron",
		"blackbronze2": "game:block/metal/sheet/blackbronze2",
		"metal1": "game:block/metal/sheet/iron1",
		"rusty-iron": "game:block/metal/tarnished/rusty-iron"
	},
	"elements": [
		{
			"name": "Mover",
			"from": [ 0.0, 0.0, 0.0 ],
			"to": [ 1.0, 1.0, 1.0 ],
			"faces": {
			},
			"children": [
				{
					"name": "Bottom",
					"from": [ 1.0, 0.0, 1.0 ],
					"to": [ 15.0, 1.0, 15.0 ],
					"rotationOrigin": [ 9.0, 0.0, 9.0 ],
					"faces": {
						"north": { "texture": "#blackbronze2", "uv": [ 1.5, 7.0, 15.5, 8.0 ] },
						"east": { "texture": "#blackbronze2", "uv": [ 1.0, 4.0, 15.0, 5.0 ] },
						"south": { "texture": "#blackbronze2", "uv": [ 0.5, 4.5, 14.5, 5.5 ] },
						"west": { "texture": "#blackbronze2", "uv": [ 0.5, 14.0, 14.5, 15.0 ] },
						"up": { "texture": "#iron", "uv": [ 1.0, 1.0, 15.0, 15.0 ] },
						"down": { "texture": "#blackbronze2", "uv": [ 0.0, 0.5, 14.0, 14.5 ] }
					},
					"children": [
						{
							"name": "WallN",
							"from": [ 0.0, 0.0, -1.0 ],
							"to": [ 14.0, 16.0, 0.0 ],
							"rotationOrigin": [ 0.0, 0.0, -1.0 ],
							"faces": {
								"north": { "texture": "#blackbronze2", "uv": [ 1.0, 0.0, 15.0, 16.0 ] },
								"east": { "texture": "#blackbronze2", "uv": [ 3.5, 0.0, 4.5, 16.0 ] },
								"south": { "texture": "#blackbronze2", "uv": [ 1.5, 0.0, 15.5, 16.0 ] },
								"west": { "texture": "#blackbronze2", "uv": [ 9.5, 0.0, 10.5, 16.0 ] },
								"up": { "texture": "#blackbronze2", "uv": [ 0.0, 9.0, 14.0, 10.0 ] },
								"down": { "texture": "#blackbronze2", "uv": [ 1.5, 6.5, 15.5, 7.5 ] }
							},
							"children": [
								{
									"name": "WallS",
									"from": [ 0.0, 0.0, 15.0 ],
									"to": [ 14.0, 16.0, 16.0 ],
									"rotationOrigin": [ 0.0, 0.0, 15.0 ],
									"faces": {
										"north": { "texture": "#blackbronze2", "uv": [ 0.0, 0.0, 14.0, 16.0 ] },
										"east": { "texture": "#blackbronze2", "uv": [ 11.0, 0.0, 12.0, 16.0 ] },
										"south": { "texture": "#blackbronze2", "uv": [ 1.0, 0.0, 15.0, 16.0 ] },
										"west": { "texture": "#blackbronze2", "uv": [ 12.5, 0.0, 13.5, 16.0 ] },
										"up": { "texture": "#blackbronze2", "uv": [ 0.0, 9.5, 14.0, 10.5 ] },
										"down": { "texture": "#blackbronze2", "uv": [ 1.0, 1.0, 15.0, 2.0 ] }
									}
								},
								{
									"name": "WallE",
									"from": [ 14.0, 0.0, 1.0 ],
									"to": [ 15.0, 16.0, 15.0 ],
									"rotationOrigin": [ 14.0, 0.0, 1.0 ],
									"faces": {
										"north": { "texture": "#blackbronze2", "uv": [ 13.0, 0.0, 14.0, 16.0 ] },
										"east": { "texture": "#blackbronze2", "uv": [ 1.0, 0.0, 15.0, 16.0 ] },
										"south": { "texture": "#blackbronze2", "uv": [ 4.5, 0.0, 5.5, 16.0 ] },
										"west": { "texture": "#blackbronze2", "uv": [ 1.5, 0.0, 15.5, 16.0 ] },
										"up": { "texture": "#blackbronze2", "uv": [ 4.5, 1.0, 5.5, 15.0 ] },
										"down": { "texture": "#blackbronze2", "uv": [ 7.5, 0.0, 8.5, 14.0 ] }
									}
								}
							]
						},
						{
							"name": "WallWa",
							"from": [ -1.0, 0.0, 0.0 ],
							"to": [ 0.0, 4.0, 14.0 ],
							"rotationOrigin": [ -1.0, 0.0, 0.0 ],
							"faces": {
								"north": { "texture": "#blackbronze2", "uv": [ 1.0, 8.0, 2.0, 12.0 ] },
								"east": { "texture": "#blackbronze2", "uv": [ 1.5, 3.0, 15.5, 7.0 ] },
								"south": { "texture": "#blackbronze2", "uv": [ 12.0, 9.5, 13.0, 13.5 ] },
								"west": { "texture": "#blackbronze2", "uv": [ 0.5, 7.0, 14.5, 11.0 ] },
								"up": { "texture": "#blackbronze2", "uv": [ 9.5, 0.5, 10.5, 14.5 ] },
								"down": { "texture": "#blackbronze2", "uv": [ 8.5, 0.0, 9.5, 14.0 ] }
							},
							"children": [
								{
									"name": "WallWb",
									"from": [ 0.0, 12.0, 0.0 ],
									"to": [ 1.0, 16.0, 14.0 ],
									"rotationOrigin": [ 0.0, 12.0, 0.0 ],
									"faces": {
										"north": { "texture": "#blackbronze2", "uv": [ 8.5, 8.0, 9.5, 12.0 ] },
										"east": { "texture": "#blackbronze2", "uv": [ 0.0, 6.0, 14.0, 10.0 ] },
										"south": { "texture": "#blackbronze2", "uv": [ 1.0, 3.0, 2.0, 7.0 ] },
										"west": { "texture": "#blackbronze2", "uv": [ 2.0, 10.0, 16.0, 14.0 ] },
										"up": { "texture": "#blackbronze2", "uv": [ 4.5, 0.0, 5.5, 14.0 ] },
										"down": { "texture": "#blackbronze2", "uv": [ 12.5, 0.5, 13.5, 14.5 ] }
									}
								},
								{
									"name": "WallWc",
									"from": [ 0.0, 4.0, 0.0 ],
									"to": [ 1.0, 12.0, 3.0 ],
									"rotationOrigin": [ 0.0, 4.0, 0.0 ],
									"faces": {
										"north": { "texture": "#blackbronze2", "uv": [ 4.5, 2.0, 5.5, 10.0 ] },
										"east": { "texture": "#blackbronze2", "uv": [ 6.0, 2.0, 9.0, 10.0 ] },
										"south": { "texture": "#blackbronze2", "uv": [ 4.5, 6.5, 5.5, 14.5 ] },
										"west": { "texture": "#blackbronze2", "uv": [ 7.5, 7.5, 10.5, 15.5 ] }
									},
									"children": [
										{
											"name": "HingeU",
											"from": [ -1.0, 6.0, 0.0 ],
											"to": [ 0.0, 7.0, 2.0 ],
											"rotationOrigin": [ -1.0, 6.0, 0.0 ],
											"faces": {
												"north": { "texture": "#metal1", "uv": [ 3.0, 8.0, 4.0, 9.0 ] },
												"south": { "texture": "#metal1", "uv": [ 11.0, 13.5, 12.0, 14.5 ] },
												"west": { "texture": "#metal1", "uv": [ 1.0, 8.0, 3.0, 9.0 ] },
												"up": { "texture": "#metal1", "uv": [ 10.5, 0.5, 11.5, 2.5 ] },
												"down": { "texture": "#metal1", "uv": [ 12.5, 9.0, 13.5, 11.0 ] }
											}
										},
										{
											"name": "HingeD",
											"from": [ -1.0, 0.0, 0.0 ],
											"to": [ 0.0, 1.0, 2.0 ],
											"rotationOrigin": [ -1.0, 0.0, 0.0 ],
											"faces": {
												"north": { "texture": "#metal1", "uv": [ 6.0, 6.0, 7.0, 7.0 ] },
												"south": { "texture": "#metal1", "uv": [ 4.0, 5.5, 5.0, 6.5 ] },
												"west": { "texture": "#metal1", "uv": [ 0.0, 3.0, 2.0, 4.0 ] },
												"up": { "texture": "#metal1", "uv": [ 10.5, 11.5, 11.5, 13.5 ] },
												"down": { "texture": "#metal1", "uv": [ 4.5, 5.0, 5.5, 7.0 ] }
											}
										}
									]
								},
								{
									"name": "WallWd",
									"from": [ 0.0, 4.0, 11.0 ],
									"to": [ 1.0, 12.0, 14.0 ],
									"rotationOrigin": [ 0.0, 4.0, 11.0 ],
									"faces": {
										"north": { "texture": "#blackbronze2", "uv": [ 11.0, 3.5, 12.0, 11.5 ] },
										"east": { "texture": "#blackbronze2", "uv": [ 3.5, 7.5, 6.5, 15.5 ] },
										"south": { "texture": "#blackbronze2", "uv": [ 3.0, 2.5, 4.0, 10.5 ] },
										"west": { "texture": "#blackbronze2", "uv": [ 2.0, 5.0, 5.0, 13.0 ] }
									},
									"children": [
										{
											"name": "Catcha",
											"from": [ -1.5, 2.5, 1.0 ],
											"to": [ 0.0, 3.5, 2.0 ],
											"rotationOrigin": [ -1.5, 2.5, 1.0 ],
											"faces": {
												"north": { "texture": "#metal1", "uv": [ 3.0, 11.5, 4.5, 12.5 ] },
												"south": { "texture": "#metal1", "uv": [ 13.0, 14.5, 14.5, 15.5 ] },
												"west": { "texture": "#metal1", "uv": [ 12.5, 6.0, 13.5, 7.0 ] },
												"up": { "texture": "#metal1", "uv": [ 12.0, 2.5, 13.5, 3.5 ] },
												"down": { "texture": "#metal1", "uv": [ 8.0, 0.5, 9.5, 1.5 ] }
											}
										},
										{
											"name": "Catchb",
											"from": [ -1.5, 3.5, 1.0 ],
											"to": [ -1.0, 5.5, 2.0 ],
											"rotationOrigin": [ -1.5, 3.5, 1.0 ],
											"faces": {
												"north": { "texture": "#metal1", "uv": [ 14.0, 10.5, 14.5, 12.5 ] },
												"south": { "texture": "#metal1", "uv": [ 11.0, 2.0, 11.5, 4.0 ] },
												"west": { "texture": "#metal1", "uv": [ 13.5, 2.0, 14.5, 4.0 ] },
												"up": { "texture": "#metal1", "uv": [ 1.0, 0.5, 1.5, 1.5 ] },
												"down": { "texture": "#metal1", "uv": [ 10.0, 5.0, 10.5, 6.0 ] }
											}
										}
									]
								}
							]
						},
						{
							"name": "doorN",
							"from": [ -1.5, 3.0, 2.0 ],
							"to": [ -1.0, 13.0, 5.5 ],
							"rotationOrigin": [ -1.5, 6.0, 1.5 ],
							"rotationY": -122.0,
							"faces": {
								"north": { "texture": "#blackbronze2", "uv": [ 14.0, 0.0, 14.5, 10.0 ], "windMode": [-1,-1,-1,-1] },
								"east": { "texture": "#blackbronze2", "uv": [ 11.0, 0.0, 14.5, 10.0 ] },
								"west": { "texture": "#blackbronze2", "uv": [ 0.0, 5.5, 3.5, 15.5 ] },
								"up": { "texture": "#blackbronze2", "uv": [ 3.0, 5.5, 3.5, 9.0 ] },
								"down": { "texture": "#blackbronze2", "uv": [ 11.0, 11.0, 11.5, 14.5 ], "windMode": [-1,-1,-1,-1] }
							},
							"children": [
								{
									"name": "hingeDU",
									"from": [ -0.52, 8.0, -1.0 ],
									"to": [ 0.48, 9.0, 2.0 ],
									"rotationOrigin": [ -0.5, 8.0, -1.0 ],
									"faces": {
										"north": { "texture": "#metal1", "uv": [ 2.0, 10.0, 3.0, 11.0 ] },
										"east": { "texture": "#metal1", "uv": [ 4.0, 13.0, 7.0, 14.0 ] },
										"south": { "texture": "#metal1", "uv": [ 11.5, 12.5, 12.5, 13.5 ] },
										"west": { "texture": "#metal1", "uv": [ 12.5, 1.0, 15.5, 2.0 ] },
										"up": { "texture": "#metal1", "uv": [ 6.0, 9.5, 7.0, 12.5 ] },
										"down": { "texture": "#metal1", "uv": [ 6.5, 7.0, 7.5, 10.0 ] }
									}
								},
								{
									"name": "hingeDD",
									"from": [ -0.52, 2.0, -1.0 ],
									"to": [ 0.48, 3.0, 2.0 ],
									"rotationOrigin": [ -0.5, 2.0, -1.0 ],
									"faces": {
										"north": { "texture": "#metal1", "uv": [ 6.5, 4.5, 7.5, 5.5 ] },
										"east": { "texture": "#metal1", "uv": [ 12.0, 13.5, 15.0, 14.5 ] },
										"south": { "texture": "#metal1", "uv": [ 13.5, 1.5, 14.5, 2.5 ] },
										"west": { "texture": "#metal1", "uv": [ 13.0, 3.5, 16.0, 4.5 ] },
										"up": { "texture": "#metal1", "uv": [ 6.0, 9.0, 7.0, 12.0 ] },
										"down": { "texture": "#metal1", "uv": [ 9.5, 2.0, 10.5, 5.0 ] }
									}
								},
								{
									"name": "doorS",
									"from": [ 0.0, 0.0, 6.5 ],
									"to": [ 0.5, 10.0, 10.0 ],
									"rotationOrigin": [ 0.0, 0.0, 6.5 ],
									"faces": {
										"east": { "texture": "#blackbronze2", "uv": [ 0.5, 1.0, 4.0, 11.0 ] },
										"south": { "texture": "#blackbronze2", "uv": [ 1.5, 1.0, 2.0, 11.0 ] },
										"west": { "texture": "#blackbronze2", "uv": [ 12.0, 5.5, 15.5, 15.5 ] },
										"up": { "texture": "#blackbronze2", "uv": [ 8.5, 6.0, 9.0, 9.5 ] },
										"down": { "texture": "#blackbronze2", "uv": [ 10.0, 3.5, 10.5, 7.0 ] }
									}
								},
								{
									"name": "doorD",
									"from": [ 0.0, 0.0, 3.5 ],
									"to": [ 0.5, 3.5, 6.5 ],
									"rotationOrigin": [ 0.0, 0.0, 3.5 ],
									"faces": {
										"east": { "texture": "#blackbronze2", "uv": [ 1.0, 5.0, 4.0, 8.5 ] },
										"west": { "texture": "#blackbronze2", "uv": [ 4.5, 12.0, 7.5, 15.5 ] },
										"down": { "texture": "#blackbronze2", "uv": [ 8.5, 11.5, 9.0, 14.5 ] }
									}
								},
								{
									"name": "doorU",
									"from": [ 0.0, 6.5, 3.5 ],
									"to": [ 0.5, 10.0, 6.5 ],
									"rotationOrigin": [ 0.0, 6.5, 3.5 ],
									"faces": {
										"east": { "texture": "#blackbronze2", "uv": [ 10.5, 10.0, 13.5, 13.5 ] },
										"west": { "texture": "#blackbronze2", "uv": [ 9.0, 1.0, 12.0, 4.5 ] },
										"up": { "texture": "#blackbronze2", "uv": [ 5.0, 10.0, 5.5, 13.0 ] }
									}
								},
								{
									"name": "frameD",
									"from": [ -0.5, 3.5, 4.0 ],
									"to": [ 1.5, 4.0, 6.0 ],
									"rotationOrigin": [ -0.5, 3.5, 4.0 ],
									"faces": {
										"east": { "texture": "#metal1", "uv": [ 13.5, 3.0, 15.5, 3.5 ] },
										"west": { "texture": "#metal1", "uv": [ 5.0, 7.5, 7.0, 8.0 ] },
										"up": { "texture": "#metal1", "uv": [ 3.0, 9.5, 5.0, 11.5 ] },
										"down": { "texture": "#metal1", "uv": [ 12.0, 10.5, 14.0, 12.5 ] }
									},
									"children": [
										{
											"name": "frameU",
											"from": [ 0.0, 2.5, 0.0 ],
											"to": [ 2.0, 3.0, 2.0 ],
											"rotationOrigin": [ 0.0, 2.5, 0.0 ],
											"faces": {
												"east": { "texture": "#metal1", "uv": [ 11.0, 4.0, 13.0, 4.5 ] },
												"west": { "texture": "#metal1", "uv": [ 2.0, 6.0, 4.0, 6.5 ] },
												"up": { "texture": "#metal1", "uv": [ 8.5, 6.0, 10.5, 8.0 ] },
												"down": { "texture": "#metal1", "uv": [ 0.5, 4.5, 2.5, 6.5 ] }
											}
										},
										{
											"name": "frameN",
											"from": [ 0.0, 0.0, -0.5 ],
											"to": [ 2.0, 3.0, 0.0 ],
											"rotationOrigin": [ 0.0, 0.0, -0.5 ],
											"faces": {
												"north": { "texture": "#metal1", "uv": [ 11.5, 5.5, 13.5, 8.5 ] },
												"east": { "texture": "#metal1", "uv": [ 13.5, 2.5, 14.0, 5.5 ] },
												"south": { "texture": "#metal1", "uv": [ 9.5, 7.0, 11.5, 10.0 ] },
												"west": { "texture": "#metal1", "uv": [ 4.5, 3.0, 5.0, 6.0 ] },
												"up": { "texture": "#metal1", "uv": [ 9.0, 4.0, 11.0, 4.5 ] },
												"down": { "texture": "#metal1", "uv": [ 0.5, 5.5, 2.5, 6.0 ] }
											}
										},
										{
											"name": "frameS",
											"from": [ 0.0, 0.0, 2.0 ],
											"to": [ 2.0, 3.0, 2.5 ],
											"rotationOrigin": [ 0.0, 0.0, 2.0 ],
											"faces": {
												"north": { "texture": "#metal1", "uv": [ 11.0, 4.5, 13.0, 7.5 ] },
												"east": { "texture": "#metal1", "uv": [ 7.5, 6.0, 8.0, 9.0 ] },
												"south": { "texture": "#metal1", "uv": [ 0.5, 9.5, 2.5, 12.5 ] },
												"west": { "texture": "#metal1", "uv": [ 14.5, 7.5, 15.0, 10.5 ] },
												"up": { "texture": "#metal1", "uv": [ 2.0, 14.5, 4.0, 15.0 ] },
												"down": { "texture": "#metal1", "uv": [ 11.0, 14.5, 13.0, 15.0 ] }
											}
										},
										{
											"name": "frameU2",
											"from": [ 0.5, 0.5, 0.0 ],
											"to": [ 1.0, 2.5, 2.0 ],
											"renderPass": 3,
											"rotationOrigin": [ 0.5, 0.5, 0.0 ],
											"faces": {
												"west": { "texture": "#quartz", "uv": [ 1.5, 11.0, 3.5, 13.0 ], "windMode": [-1,-1,-1,-1] }
											}
										}
									]
								},
								{
									"name": "Handle",
									"from": [ -0.5, 4.5, 7.5 ],
									"to": [ 0.0, 5.5, 12.5 ],
									"rotationOrigin": [ -0.5, 5.0, 8.0 ],
									"faces": {
										"north": { "texture": "#metal1", "uv": [ 9.0, 5.5, 9.5, 6.5 ] },
										"east": { "texture": "#metal1", "uv": [ 4.0, 11.0, 9.0, 12.0 ] },
										"south": { "texture": "#metal1", "uv": [ 6.5, 11.5, 7.0, 12.5 ] },
										"west": { "texture": "#metal1", "uv": [ 0.0, 14.0, 5.0, 15.0 ] },
										"up": { "texture": "#metal1", "uv": [ 4.0, 8.5, 4.5, 13.5 ] },
										"down": { "texture": "#metal1", "uv": [ 14.5, 6.0, 15.0, 11.0 ] }
									}
								},
								{
									"name": "DoorInner1",
									"from": [ 0.5, 1.0, 1.0 ],
									"to": [ 1.0, 9.0, 3.5 ],
									"rotationOrigin": [ 0.5, 1.0, 1.0 ],
									"faces": {
										"north": { "texture": "#blackbronze2", "uv": [ 15.0, 1.0, 15.5, 9.0 ] },
										"east": { "texture": "#blackbronze2", "uv": [ 7.5, 11.0, 15.5, 13.5 ], "rotation": 90 },
										"up": { "texture": "#blackbronze2", "uv": [ 2.5, 7.5, 3.0, 10.0 ] },
										"down": { "texture": "#blackbronze2", "uv": [ 0.0, 12.5, 0.5, 15.0 ] }
									},
									"children": [
										{
											"name": "DoorInner2",
											"from": [ 0.0, 0.0, 5.5 ],
											"to": [ 0.5, 8.0, 8.0 ],
											"rotationOrigin": [ 0.0, 0.0, 5.5 ],
											"faces": {
												"east": { "texture": "#blackbronze2", "uv": [ 5.0, 0.0, 13.0, 2.5 ], "rotation": 270 },
												"south": { "texture": "#blackbronze2", "uv": [ 13.5, 5.5, 14.0, 13.5 ] },
												"up": { "texture": "#blackbronze2", "uv": [ 14.5, 1.5, 15.0, 4.0 ] },
												"down": { "texture": "#blackbronze2", "uv": [ 14.0, 10.0, 14.5, 12.5 ] }
											}
										},
										{
											"name": "DoorInner3",
											"from": [ 0.0, 0.0, 2.5 ],
											"to": [ 0.5, 2.5, 5.5 ],
											"rotationOrigin": [ 0.0, 0.0, 2.5 ],
											"faces": {
												"east": { "texture": "#blackbronze2", "uv": [ 10.5, 12.0, 13.5, 14.5 ] },
												"up": { "texture": "#blackbronze2", "uv": [ 13.5, 9.0, 14.0, 12.0 ] },
												"down": { "texture": "#rusty-iron", "uv": [ 11.5, 12.0, 12.0, 15.0 ] }
											}
										},
										{
											"name": "DoorInner4",
											"from": [ 0.0, 5.5, 2.5 ],
											"to": [ 0.5, 8.0, 5.5 ],
											"rotationOrigin": [ 0.0, 5.5, 2.5 ],
											"faces": {
												"east": { "texture": "#blackbronze2", "uv": [ 11.5, 12.0, 14.5, 14.5 ] },
												"up": { "texture": "#blackbronze2", "uv": [ 7.5, 4.5, 8.0, 7.5 ] },
												"down": { "texture": "#blackbronze2", "uv": [ 5.5, 0.5, 6.0, 3.5 ] }
											}
										}
									]
								}
							]
						},
						{
							"name": "BandNMiddle2",
							"from": [ -0.2, 0.0, -1.2 ],
							"to": [ 14.2, 2.0, 0.0 ],
							"rotationOrigin": [ -0.2, 0.0, -1.2 ],
							"faces": {
								"north": { "texture": "#metal1", "uv": [ 0.0, 8.5, 14.0, 10.5 ] },
								"east": { "texture": "#metal1", "uv": [ 9.0, 9.5, 10.0, 11.5 ] },
								"west": { "texture": "#metal1", "uv": [ 6.5, 3.5, 7.5, 5.5 ] },
								"up": { "texture": "#metal1", "uv": [ 1.5, 6.0, 15.5, 7.0 ] },
								"down": { "texture": "#metal1", "uv": [ 1.5, 4.5, 15.5, 5.5 ] }
							},
							"children": [
								{
									"name": "BandW2",
									"from": [ -1.0, 0.01, 1.0 ],
									"to": [ 0.2, 2.01, 15.4 ],
									"rotationOrigin": [ -1.0, 0.0, 0.99 ],
									"faces": {
										"north": { "texture": "#metal1", "uv": [ 12.0, 13.0, 13.0, 15.0 ] },
										"south": { "texture": "#metal1", "uv": [ 7.5, 7.5, 8.5, 9.5 ] },
										"west": { "texture": "#metal1", "uv": [ 0.0, 2.5, 14.0, 4.5 ] },
										"up": { "texture": "#metal1", "uv": [ 8.0, 1.5, 9.0, 15.5 ] },
										"down": { "texture": "#metal1", "uv": [ 3.0, 1.0, 4.0, 15.0 ] }
									}
								},
								{
									"name": "BandWE2",
									"from": [ 14.2, 0.01, 1.0 ],
									"to": [ 15.4, 2.01, 15.4 ],
									"rotationOrigin": [ 14.2, 0.0, 0.99 ],
									"faces": {
										"north": { "texture": "#metal1", "uv": [ 12.5, 9.5, 13.5, 11.5 ] },
										"east": { "texture": "#metal1", "uv": [ 0.5, 11.0, 14.5, 13.0 ] },
										"south": { "texture": "#metal1", "uv": [ 9.5, 13.0, 10.5, 15.0 ] },
										"up": { "texture": "#metal1", "uv": [ 14.5, 0.0, 15.5, 14.0 ] },
										"down": { "texture": "#metal1", "uv": [ 13.5, 1.5, 14.5, 15.5 ] }
									}
								},
								{
									"name": "BandS2",
									"from": [ 0.0, 0.0, 15.2 ],
									"to": [ 14.4, 2.0, 16.4 ],
									"rotationOrigin": [ 0.0, 0.0, 15.2 ],
									"faces": {
										"east": { "texture": "#metal1", "uv": [ 14.0, 3.5, 15.0, 5.5 ] },
										"south": { "texture": "#metal1", "uv": [ 0.0, 8.5, 14.0, 10.5 ] },
										"west": { "texture": "#metal1", "uv": [ 5.0, 4.0, 6.0, 6.0 ] },
										"up": { "texture": "#metal1", "uv": [ 0.0, 7.5, 14.0, 8.5 ] },
										"down": { "texture": "#metal1", "uv": [ 0.5, 1.0, 14.5, 2.0 ] }
									}
								}
							]
						}
					]
				},
				{
					"name": "UpperBottom",
					"from": [ 1.0, 16.0, 1.0 ],
					"to": [ 15.0, 17.1, 15.0 ],
					"rotationOrigin": [ 9.0, 16.0, 9.0 ],
					"faces": {
						"north": { "texture": "#iron", "uv": [ 1.0, 1.0, 15.0, 2.0 ] },
						"east": { "texture": "#iron", "uv": [ 0.5, 13.0, 14.5, 14.0 ] },
						"south": { "texture": "#iron", "uv": [ 0.5, 14.0, 14.5, 15.0 ] },
						"west": { "texture": "#iron", "uv": [ 1.0, 6.0, 15.0, 7.0 ] },
						"up": { "texture": "#iron", "uv": [ 1.0, 1.0, 15.0, 15.0 ], "windMode": [-1,-1,-1,-1], "windData": [1,1,1,1] },
						"down": { "texture": "#iron", "uv": [ 1.0, 1.0, 15.0, 15.0 ] }
					},
					"children": [
						{
							"name": "BandNMiddle",
							"from": [ -0.2, -1.0, -1.2 ],
							"to": [ 14.2, 1.1, 0.0 ],
							"rotationOrigin": [ -0.2, -1.0, -1.2 ],
							"faces": {
								"north": { "texture": "#metal1", "uv": [ 0.0, 8.5, 14.0, 10.5 ] },
								"east": { "texture": "#metal1", "uv": [ 9.0, 9.5, 10.0, 11.5 ] },
								"west": { "texture": "#metal1", "uv": [ 6.5, 3.5, 7.5, 5.5 ] },
								"up": { "texture": "#metal1", "uv": [ 1.5, 6.0, 15.5, 7.0 ] },
								"down": { "texture": "#metal1", "uv": [ 1.5, 4.5, 15.5, 5.5 ] }
							},
							"children": [
								{
									"name": "BandW",
									"from": [ -1.0, 0.01, 1.0 ],
									"to": [ 0.2, 2.11, 15.4 ],
									"rotationOrigin": [ -1.0, 0.0, 0.99 ],
									"faces": {
										"north": { "texture": "#metal1", "uv": [ 12.0, 13.0, 13.0, 15.0 ] },
										"south": { "texture": "#metal1", "uv": [ 7.5, 7.5, 8.5, 9.5 ] },
										"west": { "texture": "#metal1", "uv": [ 0.0, 2.5, 14.0, 4.5 ] },
										"up": { "texture": "#metal1", "uv": [ 8.0, 1.5, 9.0, 15.5 ] },
										"down": { "texture": "#metal1", "uv": [ 3.0, 1.0, 4.0, 15.0 ] }
									}
								},
								{
									"name": "BandWE",
									"from": [ 14.2, 0.01, 1.0 ],
									"to": [ 15.4, 2.11, 15.4 ],
									"rotationOrigin": [ 14.2, 0.0, 0.99 ],
									"faces": {
										"north": { "texture": "#metal1", "uv": [ 12.5, 9.5, 13.5, 11.5 ] },
										"east": { "texture": "#metal1", "uv": [ 0.5, 11.0, 14.5, 13.0 ] },
										"south": { "texture": "#metal1", "uv": [ 9.5, 13.0, 10.5, 15.0 ] },
										"up": { "texture": "#metal1", "uv": [ 14.5, 0.0, 15.5, 14.0 ] },
										"down": { "texture": "#metal1", "uv": [ 13.5, 1.5, 14.5, 15.5 ] }
									}
								},
								{
									"name": "BandS",
									"from": [ 0.0, 0.0, 15.2 ],
									"to": [ 14.4, 2.1, 16.4 ],
									"rotationOrigin": [ 0.0, 0.0, 15.2 ],
									"faces": {
										"east": { "texture": "#metal1", "uv": [ 14.0, 3.5, 15.0, 5.5 ] },
										"south": { "texture": "#metal1", "uv": [ 0.0, 8.5, 14.0, 10.5 ] },
										"west": { "texture": "#metal1", "uv": [ 5.0, 4.0, 6.0, 6.0 ] },
										"up": { "texture": "#metal1", "uv": [ 0.0, 7.5, 14.0, 8.5 ] },
										"down": { "texture": "#metal1", "uv": [ 0.5, 1.0, 14.5, 2.0 ] }
									}
								}
							]
						}
					]
				}
			]
		}
	]}