{
	"code": "humanoid-trader-chef",
	"class": "EntityTrader",
	"canClimb": true,
	"hitboxSize": { "x": 0.6, "y": 1.75 },
	"deadHitboxSize": { "x": 0.75, "y": 0.5 },
	"client": {
		"renderer": "Shape",
		"shape": { "base": "entity/humanoid/trader" },
		"texture": { "base": "entity/humanoid/trader", "alternates": [ 
            { "base": "entity/humanoid/traderclothes/set1" }, 
            { "base": "entity/humanoid/traderclothes/set2" },
            { "base": "entity/humanoid/traderclothes/set3" }, 
            { "base": "entity/humanoid/traderclothes/set4" },
            { "base": "entity/humanoid/traderclothes/set5" }  
        ] },
		"behaviors": [
			{ "code": "nametag", "showtagonlywhentargeted": true },
			{ "code": "repulseagents" },
			{ "code": "controlledphysics", "stepHeight": 1.01 },
			{ "code": "interpolateposition" },
            { "code": "conversable", "dialogue": "config/dialogue/trader" }
		],
		"animations": [
			{
				"code": "die",
				"animation": "die",
				"animationSpeed": 1.75,
				"weight": 10,
				"blendMode": "AddAverage"
			},
			{
				"code": "hurt",
				"animation": "hurt",
				"animationSpeed": 2,
				"blendMode": "AddAverage"
			},
            { "code": "rowdywelcome", "animation": "rowdywelcome", "blendMode": "AddAverage" },
            { "code": "lazywelcome", "animation": "lazywelcome", "blendMode": "AddAverage" },
            { "code": "lazynod", "animation": "lazynod", "blendMode": "AddAverage" }
		]
	},
    "attributes": {
		"tradeProps": {
			"money": { "avg": 125, "var": 5 },

    "selling": {
        "maxItems": 16,
        "list": [
            {
                "code": "bread-spelt-perfect",
                "type": "item",
                "stacksize": 8,
                "stock": {
                    "avg": 4,
                    "var": 1
                },
                "price": {
                    "avg": 3,
                    "var": 0.5
                }
            },
            {
                "code": "bread-rye-perfect",
                "type": "item",
                "stacksize": 8,
                "stock": {
                    "avg": 4,
                    "var": 1
                },
                "price": {
                    "avg": 3,
                    "var": 0.5
                }
            },
            {
                "code": "bread-flax-perfect",
                "type": "item",
                "stacksize": 8,
                "stock": {
                    "avg": 4,
                    "var": 1
                },
                "price": {
                    "avg": 3,
                    "var": 0.5
                }
            },
            {
                "code": "bread-rice-perfect",
                "type": "item",
                "stacksize": 8,
                "stock": {
                    "avg": 4,
                    "var": 1
                },
                "price": {
                    "avg": 3,
                    "var": 0.5
                }
            },
            {
                "code": "redmeat-cooked",
                "type": "item",
                "stacksize": 8,
                "stock": {
                    "avg": 4,
                    "var": 1
                },
                "price": {
                    "avg": 4,
                    "var": 0.5
                }
            },
            {
                "code": "poultry-cooked",
                "type": "item",
                "stacksize": 8,
                "stock": {
                    "avg": 4,
                    "var": 1
                },
                "price": {
                    "avg": 4,
                    "var": 0.5
                }
            },
            {
                "code": "fish-cooked",
                "type": "item",
                "stacksize": 8,
                "stock": {
                    "avg": 4,
                    "var": 1
                },
                "price": {
                    "avg": 4,
                    "var": 0.5
                }
            },
            {
                "code": "fat",
                "type": "item",
                "stacksize": 2,
                "stock": {
                    "avg": 4,
                    "var": 1
                },
                "price": {
                    "avg": 4,
                    "var": 0.5
                }
            },
            {
                "code": "fruit-saguaro",
                "type": "item",
                "stacksize": 4,
                "stock": {
                    "avg": 4,
                    "var": 1
                },
                "price": {
                    "avg": 2,
                    "var": 0.5
                }
            },
            {
                "code": "cheese-waxedcheddar-4slice",
                "type": "item",
                "stacksize": 1,
                "stock": {
                    "avg": 1,
                    "var": 0.25
                },
                "price": {
                    "avg": 10,
                    "var": 2.5
                }
            },
            {
                "code": "cheese-blue-4slice",
                "type": "item",
                "stacksize": 1,
                "stock": {
                    "avg": 1,
                    "var": 0.25
                },
                "price": {
                    "avg": 8,
                    "var": 2
                }
            },
            {
                "code": "pemmican-dried-salted",
                "type": "item",
                "stacksize": 16,
                "stock": {
                    "avg": 3,
                    "var": 0.25
                },
                "price": {
                    "avg": 16,
                    "var": 2
                }
            },
            {
                "code": "pickledvegetable-cabbage",
                "type": "item",
                "stacksize": 16,
                "stock": {
                    "avg": 1,
                    "var": 0.25
                },
                "price": {
                    "avg": 8,
                    "var": 2
                }
            },
            {
                "code": "pickledvegetable-carrot",
                "type": "item",
                "stacksize": 16,
                "stock": {
                    "avg": 1,
                    "var": 0.25
                },
                "price": {
                    "avg": 8,
                    "var": 2
                }
            },
            {
                "code": "bowl-fired",
                "type": "block",
                "stacksize": 4,
                "stock": {
                    "avg": 2,
                    "var": 0.5
                },
                "price": {
                    "avg": 4,
                    "var": 0.25
                },
                "attributes": {
                    "ucontents": [
                        {
                            "type": "item",
                            "code": "cottagecheeseportion",
                            "makefull": true
                        }
                    ]
                }
            },
            {
                "code": "bowl-fired",
                "type": "block",
                "stacksize": 1,
                "stock": {
                    "avg": 2,
                    "var": 0.5
                },
                "price": {
                    "avg": 3,
                    "var": 0.25
                },
                "attributes": {
                    "ucontents": [
                        {
                            "type": "item",
                            "code": "jamhoneyportion",
                            "makefull": true
                        }
                    ]
                }
            },
            {
                "code": "jug-black-fired",
                "type": "block",
                "stacksize": 1,
                "stock": {
                    "avg": 2,
                    "var": 0.5
                },
                "price": {
                    "avg": 5,
                    "var": 0.25
                },
                "attributes": {
                    "ucontents": [
                        {
                            "type": "item",
                            "code": "ciderportion-mead",
                            "makefull": true
                        }
                    ]
                }
            }
        ]
	},
    "buying": {
        "maxItems": 16,
        "list": [
            {
                "code": "beeswax",
                "type": "item",
                "stacksize": 6,
                "stock": {
                    "avg": 2,
                    "var": 0.5
                },
                "price": {
                    "avg": 1,
                    "var": 0.25
                }
            },
            {
                "code": "paper-parchment",
                "type": "item",
                "stacksize": 5,
                "stock": {
                    "avg": 3,
                    "var": 0.75
                },
                "price": {
                    "avg": 3,
                    "var": 0.25
                }
            },
            {
                "code": "firewood",
                "type": "item",
                "stacksize": 32,
                "stock": {
                    "avg": 2,
                    "var": 1
                },
                "price": {
                    "avg": 1,
                    "var": 0.25
                }
            },
            {
                "code": "fruit-blueberry",
                "type": "item",
                "stacksize": 16,
                "stock": {
                    "avg": 8,
                    "var": 2
                },
                "price": {
                    "avg": 1,
                    "var": 0.25
                }
            },
            {
                "code": "fruit-cranberry",
                "type": "item",
                "stacksize": 16,
                "stock": {
                    "avg": 8,
                    "var": 2
                },
                "price": {
                    "avg": 1,
                    "var": 0.25
                }
            },
            {
                "code": "fruit-redcurrant",
                "type": "item",
                "stacksize": 16,
                "stock": {
                    "avg": 8,
                    "var": 2
                },
                "price": {
                    "avg": 1,
                    "var": 0.25
                }
            },
            {
                "code": "fruit-whitecurrant",
                "type": "item",
                "stacksize": 16,
                "stock": {
                    "avg": 8,
                    "var": 2
                },
                "price": {
                    "avg": 1,
                    "var": 0.25
                }
            },
            {
                "code": "fruit-blackcurrant",
                "type": "item",
                "stacksize": 16,
                "stock": {
                    "avg": 8,
                    "var": 2
                },
                "price": {
                    "avg": 1,
                    "var": 0.25
                }
            },
            {
                "code": "pumpkin-fruit-4",
                "type": "block",
                "stacksize": 4,
                "stock": {
                    "avg": 5,
                    "var": 1.25
                },
                "price": {
                    "avg": 1,
                    "var": 0.25
                }
            },
            {
                "code": "fruit-pineapple",
                "type": "block",
                "stacksize": 4,
                "stock": {
                    "avg": 5,
                    "var": 1.25
                },
                "price": {
                    "avg": 1,
                    "var": 0.25
                }
            },
            {
                "code": "grain-spelt",
                "type": "item",
                "stacksize": 64,
                "stock": {
                    "avg": 8,
                    "var": 2
                },
                "price": {
                    "avg": 1,
                    "var": 0.5
                }
            },
            {
                "code": "grain-rice",
                "type": "item",
                "stacksize": 64,
                "stock": {
                    "avg": 8,
                    "var": 2
                },
                "price": {
                    "avg": 1,
                    "var": 0.5
                }
            },
            {
                "code": "grain-flax",
                "type": "item",
                "stacksize": 64,
                "stock": {
                    "avg": 8,
                    "var": 2
                },
                "price": {
                    "avg": 1,
                    "var": 0.5
                }
            },
            {
                "code": "grain-rye",
                "type": "item",
                "stacksize": 64,
                "stock": {
                    "avg": 8,
                    "var": 2
                },
                "price": {
                    "avg": 1,
                    "var": 0.5
                }
            },
            {
                "code": "grain-amaranth",
                "type": "item",
                "stacksize": 64,
                "stock": {
                    "avg": 8,
                    "var": 2
                },
                "price": {
                    "avg": 1,
                    "var": 0.5
                }
            },
            {
                "code": "grain-sunflower",
                "type": "item",
                "stacksize": 64,
                "stock": {
                    "avg": 8,
                    "var": 2
                },
                "price": {
                    "avg": 1,
                    "var": 0.5
                }
            },
            {
                "code": "vegetable-carrot",
                "type": "item",
                "stacksize": 16,
                "stock": {
                    "avg": 8,
                    "var": 2
                },
                "price": {
                    "avg": 1,
                    "var": 0.5
                }
            },
            {
                "code": "vegetable-cabbage",
                "type": "item",
                "stacksize": 16,
                "stock": {
                    "avg": 8,
                    "var": 2
                },
                "price": {
                    "avg": 1,
                    "var": 0.5
                }
            },
            {
                "code": "vegetable-onion",
                "type": "item",
                "stacksize": 16,
                "stock": {
                    "avg": 8,
                    "var": 2
                },
                "price": {
                    "avg": 1,
                    "var": 0.5
                }
            },
            {
                "code": "vegetable-turnip",
                "type": "item",
                "stacksize": 16,
                "stock": {
                    "avg": 8,
                    "var": 2
                },
                "price": {
                    "avg": 1,
                    "var": 0.5
                }
            },
            {
                "code": "vegetable-bellpepper",
                "type": "item",
                "stacksize": 16,
                "stock": {
                    "avg": 8,
                    "var": 2
                },
                "price": {
                    "avg": 1,
                    "var": 0.5
                }
            },
            {
                "code": "vegetable-parsnip",
                "type": "item",
                "stacksize": 16,
                "stock": {
                    "avg": 8,
                    "var": 2
                },
                "price": {
                    "avg": 1,
                    "var": 0.5
                }
            },
            {
                "code": "legume-soybean",
                "type": "item",
                "stacksize": 16,
                "stock": {
                    "avg": 5,
                    "var": 1.25
                },
                "price": {
                    "avg": 1,
                    "var": 0.25
                }
            },
            {
                "code": "legume-peanut",
                "type": "item",
                "stacksize": 16,
                "stock": {
                    "avg": 5,
                    "var": 1.25
                },
                "price": {
                    "avg": 1,
                    "var": 0.25
                }
            }
        ]
    }
		}
	},
	"server": {
		"attributes": {
			"pathfinder": {
				"minTurnAnglePerSec": 720,
				"maxTurnAnglePerSec": 1440
			}

		},
		"behaviors": [
			{ "code": "nametag", "showtagonlywhentargeted": true, "selectFromRandomName": ["David", "Miharly", "Jack"] },
			{ "code": "repulseagents" },
			{ "code": "controlledphysics", "stepHeight": 1.01 },
			{ "code": "reviveondeath", "minHours": 24, "maxHours": 72 },
			{ "code": "health", "currenthealth": 25, "maxhealth": 25 },
			{
				"code": "emotionstates",
				"states": [
					{ "code": "aggressiveondamage", "duration": 6, "chance": 0.6, "slot": 0, "priority": 2, "accumType": "noaccum" },
					{ "code": "fleeondamage", "duration": 10, "chance": 0.4, "slot": 0, "priority": 1, "accumType": "max" }
				]
			},
			{
				"code": "taskai",
				"aitasks": [
					{
						"code": "meleeattack",
						"entityCodes": ["player"],
						"priority": 2,
						"damage": 5,
						"mincooldown": 2500,
						"maxcooldown": 3500,
						"attackDurationMs": 900,
						"damagePlayerAtMs": 300,
						"animation": "Attack",
						"animationSpeed": 2,
						"whenInEmotionState": "aggressiveondamage"
					},
					{
						"code": "seekentity",
						"entityCodes": ["player"],
						"priority": 1.5,
						"mincooldown": 1000,
						"maxcooldown": 1500,
						"seekingRange": 20,
						"movespeed": 0.035,
						"animation": "Run",
						"animationSpeed": 1.75,
						"whenInEmotionState": "aggressiveondamage"
					},
					{
						"code": "fleeentity",
						"entityCodes": ["player"],
						"priority": 1.5,
						"movespeed": 0.035,
						"seekingRange": 12,
						"animation": "Run",
						"animationSpeed": 1.75,
						"whenInEmotionState": "fleeondamage"
					},
					{
						"code": "idle",
						"priority": 1.2,
						"minduration": 2500,
						"maxduration": 2500,
						"mincooldown": 2000,
						"maxcooldown": 10000,
						"animation": "laugh"
					},
					{
						"code": "idle",
						"priority": 1.2,
						"minduration": 2500,
						"maxduration": 2500,
						"mincooldown": 5000,
						"maxcooldown": 30000,
						"animation": "idle2"
					},
					{
						"code": "wander",
						"priority": 1.0,
						"movespeed": 0.01,
						"animation": "Walk",
						"wanderChance": 0.005,
						"maxDistanceToSpawn": 4,
						"wanderRangeMin": 1,
						"wanderRangeMax": 3,
						"teleportWhenOutOfRange": true,
						"teleportInGameHours": 1
					},
					{
						"code": "lookaround",
						"priority": 0.5
					}
				]
			},
            { "code": "conversable", "dialogue": "config/dialogue/trader" }
		]
	},
	"sounds": {
	}
}