{
	"code": "humanoid-trader-bannerman",
	"class": "EntityTrader",
	"canClimb": true,
	"hitboxSize": { "x": 0.6, "y": 1.75 },
	"deadHitboxSize": { "x": 0.75, "y": 0.5 },
	"client": {
		"renderer": "Shape",
		"shape": { "base": "entity/humanoid/trader" },
		"texture": { "base": "entity/humanoid/trader", "alternates": [ 
            { "base": "entity/humanoid/traderclothes/set1" }, 
            { "base": "entity/humanoid/traderclothes/set2" },
            { "base": "entity/humanoid/traderclothes/set3" }, 
            { "base": "entity/humanoid/traderclothes/set4" },
            { "base": "entity/humanoid/traderclothes/set5" }  
        ] },
		"behaviors": [
			{ "code": "nametag", "showtagonlywhentargeted": true },
			{ "code": "repulseagents" },
			{ "code": "controlledphysics", "stepHeight": 1.01 },
			{ "code": "interpolateposition" },
            { "code": "conversable", "dialogue": "config/dialogue/trader" }
		],
		"animations": [
			{
				"code": "die",
				"animation": "die",
				"animationSpeed": 1.75,
				"weight": 10,
				"blendMode": "AddAverage"
			},
			{
				"code": "hurt",
				"animation": "hurt",
				"animationSpeed": 2,
				"blendMode": "AddAverage"
			},
            { "code": "rowdywelcome", "animation": "rowdywelcome", "blendMode": "AddAverage" },
            { "code": "lazywelcome", "animation": "lazywelcome", "blendMode": "AddAverage" },
            { "code": "lazynod", "animation": "lazynod", "blendMode": "AddAverage" }
		]
	},
    "attributes": {
		"tradeProps": {
			"money": { "avg": 125, "var": 5 },

			"buying": {
                "list": [
                    {}
                ]
            }, 
    "selling": {
        "maxItems": 16,
        "list": [
            {
				"code": "flags:bannerpattern",
				"type": "item",
				"attributes": { "bannerpattern": { "type": "yin", "unlockedTypes": "yang" } },
				"stacksize": 1,
				"stock": { "avg": 1, "var": 0.25 },
				"price": { "avg": 10, "var": 2.5 }
			},
			
			{ 
				"code": "flags:bannerpattern",
				"type": "item",
				"attributes": { "bannerpattern": { "type": "crescent_left", "unlockedTypes": "crescent_left-crescent_right" } },
				"stacksize": 1,
				"stock": { "avg": 1, "var": 0.25 },
				"price": { "avg": 10, "var": 2.5 }
			},
			
            {
				"code": "flags:bannerpattern",
				"type": "item",
				"attributes": { "bannerpattern": { "type": "globe" } },
				"stacksize": 1, 
				"stock": { "avg": 1, "var": 0.25 }, 
				"price": { "avg": 10, "var": 2.5 }
			},

            {
				"code": "flags:bannerpattern",
				"type": "item",
				"attributes": { "bannerpattern": { "type": "flower" } },
				"stacksize": 1,
				"stock": { "avg": 1, "var": 0.25 },
				"price": { "avg": 10, "var": 2.5 }
			},
			
            {
				"code": "flags:bannerpattern",
				"type": "item",
				"attributes": { "bannerpattern": { "type": "moby_dick" } },
				"stacksize": 1,
				"stock": { "avg": 1, "var": 0.25 },
				"price": { "avg": 10, "var": 2.5 }
			},
			
            {
				"code": "flags:bannerpattern",
				"type": "item",
				"attributes": { "bannerpattern": { "type": "sad_catfish" } },
				"stacksize": 1,
				"stock": { "avg": 1, "var": 0.25 },
				"price": { "avg": 10, "var": 2.5 }
			},
			
            {
				"code": "flags:bannerpattern",
				"type": "item",
				"attributes": { "bannerpattern": { "type": "skull" } },
				"stacksize": 1,
				"stock": { "avg": 1, "var": 0.25 },
				"price": { "avg": 10, "var": 2.5 }
			},
			
            {
				"code": "flags:bannerpattern",
				"type": "item",
				"attributes": { "bannerpattern": { "type": "vs_elk" } },
				"stacksize": 1,
				"stock": { "avg": 1, "var": 0.25 },
				"price": { "avg": 10, "var": 2.5 }
			},
			
			{
				"code": "flags:bannerpattern",
				"type": "item",
				"attributes": { "bannerpattern": { "type": "hansa_fish" } },
				"stacksize": 1,
				"stock": { "avg": 1, "var": 0.25 },
				"price": { "avg": 10, "var": 2.5 }
			},
			
            {
				"code": "flags:bannerpattern",
				"type": "item",
				"attributes": { "bannerpattern": { "type": "hansa_keys" } },
				"stacksize": 1,
				"stock": { "avg": 1, "var": 0.25 },
				"price": { "avg": 10, "var": 2.5 }
			},
			
            {
				"code": "flags:bannerpattern",
				"type": "item",
				"attributes": { "bannerpattern": { "type": "hansa_largefish" } },
				"stacksize": 1,
				"stock": { "avg": 1, "var": 0.25 },
				"price": { "avg": 10, "var": 2.5 }
			},
			
            {
				"code": "flags:bannerpattern",
				"type": "item",
				"attributes": { "bannerpattern": { "type": "hansa_ship" } },
				"stacksize": 1,
				"stock": { "avg": 1, "var": 0.25 },
				"price": { "avg": 10, "var": 2.5 }
			},
			
            {
				"code": "flags:bannerpattern",
				"type": "item",
				"attributes": { "bannerpattern": { "type": "hansa_town" } },
				"stacksize": 1,
				"stock": { "avg": 1, "var": 0.25 },
				"price": { "avg": 10, "var": 2.5 }
			},
			
            {
				"code": "flags:bannerpattern",
				"type": "item",
				"attributes": { "bannerpattern": { "type": "checker2x4", "unlockedTypes": "checker2x4-checker2x4i" } },
				"stacksize": 1,
				"stock": { "avg": 1, "var": 0.25 },
				"price": { "avg": 10, "var": 2.5 }
			},
			
            {
				"code": "flags:bannerpattern",
				"type": "item",
				"attributes": { "bannerpattern": { "type": "checker4x8", "unlockedTypes": "checker4x8-checker4x8i" } },
				"stacksize": 1,
				"stock": { "avg": 1, "var": 0.25 },
				"price": { "avg": 10, "var": 2.5 }
			},
			
            {
				"code": "flags:bannerpattern",
				"type": "item",
				"attributes": { "bannerpattern": { "type": "checker5x10", "unlockedTypes": "checker5x10-checker5x10i" } },
				"stacksize": 1,
				"stock": { "avg": 1, "var": 0.25 },
				"price": { "avg": 10, "var": 2.5 }
			},
			
            {
				"code": "flags:bannerpattern",
				"type": "item",
				"attributes": { "bannerpattern": { "type": "checker8x16", "unlockedTypes": "checker8x16-checker8x16i" } },
				"stacksize": 1,
				"stock": { "avg": 1, "var": 0.25 },
				"price": { "avg": 10, "var": 2.5 }
			},
			
            {
				"code": "flags:bannerpattern",
				"type": "item",
				"attributes": { "bannerpattern": { "type": "fleur_de_lis" } },
				"stacksize": 1,
				"stock": { "avg": 1, "var": 0.25 },
				"price": { "avg": 10, "var": 2.5 }
			},
			
            {
				"code": "flags:bannerpattern",
				"type": "item",
				"attributes": { "bannerpattern": { "type": "suit_clubs" } },
				"stacksize": 1,
				"stock": { "avg": 1, "var": 0.25 },
				"price": { "avg": 10, "var": 2.5 }
			},
			
            {
				"code": "flags:bannerpattern",
				"type": "item",
				"attributes": { "bannerpattern": { "type": "suit_hearts" } },
				"stacksize": 1,
				"stock": { "avg": 1, "var": 0.25 },
				"price": { "avg": 10, "var": 2.5 }
			},
			
            {
				"code": "flags:bannerpattern",
				"type": "item",
				"attributes": { "bannerpattern": { "type": "suit_spades" } },
				"stacksize": 1,
				"stock": { "avg": 1, "var": 0.25 },
				"price": { "avg": 10, "var": 2.5 }
			},
			
            {
				"code": "flags:bannerpattern",
				"type": "item",
				"attributes": { "bannerpattern": { "type": "lion_left", "unlockedTypes": "lion_left-lion_right" } },
				"stacksize": 1,
				"stock": { "avg": 1, "var": 0.25 },
				"price": { "avg": 10, "var": 2.5 }
			},
			
            {
				"code": "flags:bannerpattern",
				"type": "item",
				"attributes": { "bannerpattern": { "type": "vs_cookie" } },
				"stacksize": 1,
				"stock": { "avg": 1, "var": 0.25 },
				"price": { "avg": 10, "var": 2.5 }
			},
			
            {
				"code": "flags:bannerpattern",
				"type": "item",
				"attributes": { "bannerpattern": { "type": "vs_drifter" } },
				"stacksize": 1,
				"stock": { "avg": 1, "var": 0.25 },
				"price": { "avg": 10, "var": 2.5 }
			},
			
            {
				"code": "flags:bannerpattern",
				"type": "item",
				"attributes": { "bannerpattern": { "type": "vs_eidolon" } },
				"stacksize": 1,
				"stock": { "avg": 1, "var": 0.25 },
				"price": { "avg": 20, "var": 2.5 }
			},
			
            {
				"code": "flags:bannerpattern",
				"type": "item",
				"attributes": { "bannerpattern": { "type": "vs_falx_left", "unlockedTypes": "vs_falx_left-vs_falx_right" } },
				"stacksize": 1,
				"stock": { "avg": 1, "var": 0.25 },
				"price": { "avg": 10, "var": 2.5 }
			},
			
            {
				"code": "flags:bannerpattern",
				"type": "item",
				"attributes": { "bannerpattern": { "type": "vs_logo" } },
				"stacksize": 1,
				"stock": { "avg": 1, "var": 0.25 },
				"price": { "avg": 10, "var": 2.5 }
			}
			
        ]
    }
		}
	},
	"server": {
		"attributes": {
			"pathfinder": {
				"minTurnAnglePerSec": 720,
				"maxTurnAnglePerSec": 1440
			}

		},
		"behaviors": [
			{ "code": "nametag", "showtagonlywhentargeted": true, "selectFromRandomName": ["David", "Miharly", "Jack"] },
			{ "code": "repulseagents" },
			{ "code": "controlledphysics", "stepHeight": 1.01 },
			{ "code": "reviveondeath", "minHours": 24, "maxHours": 72 },
			{ "code": "health", "currenthealth": 25, "maxhealth": 25 },
			{
				"code": "emotionstates",
				"states": [
					{ "code": "aggressiveondamage", "duration": 6, "chance": 0.6, "slot": 0, "priority": 2, "accumType": "noaccum" },
					{ "code": "fleeondamage", "duration": 10, "chance": 0.4, "slot": 0, "priority": 1, "accumType": "max" }
				]
			},
			{
				"code": "taskai",
				"aitasks": [
					{
						"code": "meleeattack",
						"entityCodes": ["player"],
						"priority": 2,
						"damage": 5,
						"mincooldown": 2500,
						"maxcooldown": 3500,
						"attackDurationMs": 900,
						"damagePlayerAtMs": 300,
						"animation": "Attack",
						"animationSpeed": 2,
						"whenInEmotionState": "aggressiveondamage"
					},
					{
						"code": "seekentity",
						"entityCodes": ["player"],
						"priority": 1.5,
						"mincooldown": 1000,
						"maxcooldown": 1500,
						"seekingRange": 20,
						"movespeed": 0.035,
						"animation": "Run",
						"animationSpeed": 1.75,
						"whenInEmotionState": "aggressiveondamage"
					},
					{
						"code": "fleeentity",
						"entityCodes": ["player"],
						"priority": 1.5,
						"movespeed": 0.035,
						"seekingRange": 12,
						"animation": "Run",
						"animationSpeed": 1.75,
						"whenInEmotionState": "fleeondamage"
					},
					{
						"code": "idle",
						"priority": 1.2,
						"minduration": 2500,
						"maxduration": 2500,
						"mincooldown": 2000,
						"maxcooldown": 10000,
						"animation": "laugh"
					},
					{
						"code": "idle",
						"priority": 1.2,
						"minduration": 2500,
						"maxduration": 2500,
						"mincooldown": 5000,
						"maxcooldown": 30000,
						"animation": "idle2"
					},
					{
						"code": "wander",
						"priority": 1.0,
						"movespeed": 0.01,
						"animation": "Walk",
						"wanderChance": 0.005,
						"maxDistanceToSpawn": 4,
						"wanderRangeMin": 1,
						"wanderRangeMax": 3,
						"teleportWhenOutOfRange": true,
						"teleportInGameHours": 1
					},
					{
						"code": "lookaround",
						"priority": 0.5
					}
				]
			},
            { "code": "conversable", "dialogue": "config/dialogue/trader" }
		]
	},
	"sounds": {
	}
}