{
	"code": "stonepathquarter",
    "variantgroups": [
        { "code": "updown", "states": ["up"] },
		{ "loadFromProperties": "abstract/horizontalorientation" },
		{ "code": "cover", "states": [ "free", "snow" ] }
	],
	"behaviors": [
		{ "name": "Lockable" },
        { "name": "WrenchOrientable", "properties": { "baseCode": "stonepathquarter-up-*-{cover}" } },
        { "name": "HorizontalOrientable" }
	],
	"behaviorsByType": {
		"*-snow": [
            { "name": "BreakSnowFirst" }
        ]
	},
	"attributes": {
		"reinforcable": true,
		"mapColorCode": "road",
		"noDownVariant": true,
		"liquidBarrierOnSidesByType": {
		   "*-up-north-*": [ 0.5, 0.0, 0.0, 0.0 ],
		   "*-up-south-*": [ 0.0, 0.0, 0.5, 0.0 ],
		   "*-up-west-*": [ 0.0, 0.0, 0.0, 0.5 ],
		   "*-up-east-*": [ 0.0, 0.5, 0.0, 0.0 ]
		}
	},
	"shapebytype": { 
		"*-up-north-free": { "base": "block/quarter/normal", "rotateY": 0 },
		"*-up-west-free": { "base": "block/quarter/normal", "rotateY": 90 },
		"*-up-south-free": { "base": "block/quarter/normal", "rotateY": 180 },
		"*-up-east-free": { "base": "block/quarter/normal", "rotateY": 270 },
		"*-up-north-snow": { "base": "block/quarter/snow-normal", "rotateY": 0 },
		"*-up-west-snow": { "base": "block/quarter/snow-normal", "rotateY": 90 },
		"*-up-south-snow": { "base": "block/quarter/snow-normal", "rotateY": 180 },
		"*-up-east-snow": { "base": "block/quarter/snow-normal", "rotateY": 270 }
	},
	"textures": {
		"sides": { 
			"base": "game:block/stone/path/normal1",
			"alternates": [
                { "base": "game:block/stone/path/normal2" },
                { "base": "game:block/stone/path/normal3" },
                { "base": "game:block/stone/path/normal4" },
                { "base": "game:block/stone/path/normal5" },
                { "base": "game:block/stone/path/normal6" }
            ]
		}
	},
	"resistanceByType": {
		"*-snow": 0.2,
		"*-free": 2.4
	},
	"walkspeedmultiplier": 1.30,
	"creativeinventory": { "general": ["*-up-north-free"], "construction": ["*-up-north-free"] },
	"blockmaterial": "Gravel",
	"replaceable": 900,
	"lightAbsorption": 99,
	"faceCullMode": "NeverCull",
	"sideopaque": {
		"all": false
	},
	"sidesolidByType": {	
		"*-up-north-*": { "all": false, "down": true, "north": true },
		"*-up-west-*": { "all": false, "down": true, "west": true },
		"*-up-south-*": { "all": false, "down": true, "south": true },
		"*-up-east-*": { "all": false, "down": true, "east": true }
	},
	"collisionSelectionBoxesByType": {
		"*-up-*": [
			{ 
				"x1": 0, "y1": 0, "z1": 0, "x2": 1, "y2": 0.5, "z2": 0.5, 
				"rotateYByType": {
					"*-north-*": 0,
					"*-west-*": 90,
					"*-south-*": 180,
					"*-east-*": 270
				}
			}
		]
	},
	"heldTpIdleAnimation": "holdbothhandslarge", "heldRightReadyAnimation": "heldblockready", "heldTpUseAnimation": "twohandplaceblock",
	"tpHandTransform": {
		"translation": { "x": -1.53, "y": -1.51, "z": -0.9 },
		"rotation": { "x": -25, "y": 25, "z": -78 },
		"scale": 0.4
	},
	"sounds": {
		"place": "game:block/gravel",
		"breakByType": {
			"*-snow": "game:block/snow",
		 	"*-free": "game:block/gravel"
		},
		"hitByType": {
			"*-snow": "game:block/snow",
		 	"*-free": "game:block/gravel"
		},
		"walk": "game:walk/gravel"
	}
}