{
	"editor": {
		"backDropShape": "E:/Programs/VSModelCreator/thin",
		"collapsedPaths": "Root/Waist-Quiver/Belt,Root/Waist-Belt/Sheath/sheath_0/sheath_4,Root/Waist-Belt/Sheath/sheath_0/sheath_3,Root/Bow,Root/Waist-Quiver/Quiver,Root/Sowrd/Handle,Root/Waist-Quiver/Saydak,Root/Waist-Belt/Sheath/sheath_0/sheath_5,Root/Waist-Quiver/Sheath/sheath_0,Root/Waist-Quiver/Sheath/sheath_0/Sowrd/Handle2,Root/Waist-Quiver/Quiver/arrow_3,Root/Sword,Root/Waist-Quiver/Quiver/arrow_2,Root/Waist-Quiver/Quiver/arrow_1,Root/Waist-Quiver/Bow,Root/Waist/buckle-bottom,Root/Waist-Quiver/Quiver/arrow_0,Root/Waist-Belt/Sheath/sheath_0/Handle2/Guard_2,Root/Waist-Quiver/Sheath/sheath_0/Handle2/Guard_2,Root/Waist-Belt/Sheath/sheath_0/Sowrd,Root/Sowrd/Metal",
		"allAngles": true,
		"entityTextureMode": false
	},
	"textureWidth": 16,
	"textureHeight": 16,
	"textureSizes": {
	},
	"textures": {
		"belt-waist-plain-material": "game:block/leather/plain",
		"belt-waist-plain-right-metal": "game:block/metal/plate/iron",
		"belt-waist-plain-metal": "game:block/metal/plate/iron",
		"belt-waist-plain-right-wood": "game:block/wood/debarked/ebony"
	},
	"elements": [
		{
			"name": "Waist-Belt",
			"stepParentName": "LowerTorso",
			"from": [ -0.5, 1.0, -0.5 ],
			"to": [ 5.6, 2.1, 6.7 ],
			"rotationOrigin": [ 2.5, 1.0, 2.7 ],
			"faces": {
			},
			"children": [
				{
					"name": "Sheath",
					"from": [ 0.0, -0.2, 6.9 ],
					"to": [ 0.0, -0.2, 6.9 ],
					"rotationOrigin": [ 0.0, -0.2, 6.9 ],
					"faces": {
						"north": { "texture": "#belt-waist-plain-material", "uv": [ 0.0, 0.0, 0.5, 0.5 ], "autoUv": false },
						"east": { "texture": "#belt-waist-plain-material", "uv": [ 0.0, 0.0, 0.5, 0.5 ], "autoUv": false },
						"south": { "texture": "#belt-waist-plain-material", "uv": [ 0.0, 0.0, 0.5, 0.5 ], "autoUv": false },
						"west": { "texture": "#belt-waist-plain-material", "uv": [ 0.0, 0.0, 0.5, 0.5 ], "autoUv": false },
						"up": { "texture": "#belt-waist-plain-material", "uv": [ 0.0, 0.0, 0.5, 0.5 ], "autoUv": false },
						"down": { "texture": "#belt-waist-plain-material", "uv": [ 0.0, 0.0, 0.5, 0.5 ], "autoUv": false }
					},
					"children": [
						{
							"name": "sheath_0",
							"from": [ -1.2, -1.2, 1.2 ],
							"to": [ -1.2, -1.2, 1.2 ],
							"rotationOrigin": [ -1.2, -1.2, 1.2 ],
							"rotationX": -13.0,
							"rotationY": 4.0,
							"rotationZ": 53.0,
							"faces": {
								"north": { "texture": "#belt-waist-plain-material", "uv": [ 0.0, 0.0, 0.5, 0.5 ], "autoUv": false },
								"east": { "texture": "#belt-waist-plain-material", "uv": [ 0.0, 0.0, 0.5, 0.5 ], "autoUv": false },
								"south": { "texture": "#belt-waist-plain-material", "uv": [ 0.0, 0.0, 0.5, 0.5 ], "autoUv": false },
								"west": { "texture": "#belt-waist-plain-material", "uv": [ 0.0, 0.0, 0.5, 0.5 ], "autoUv": false },
								"up": { "texture": "#belt-waist-plain-material", "uv": [ 0.0, 0.0, 0.5, 0.5 ], "autoUv": false },
								"down": { "texture": "#belt-waist-plain-material", "uv": [ 0.0, 0.0, 0.5, 0.5 ], "autoUv": false }
							},
							"children": [
								{
									"name": "sheath_1",
									"from": [ 0.3, -18.9, -0.36 ],
									"to": [ 1.2, 0.1, 0.36 ],
									"rotationOrigin": [ 0.3, -18.9, -0.36 ],
									"faces": {
										"north": { "texture": "#belt-waist-plain-material", "uv": [ 0.0, 0.0, 1.0, 16.0 ], "autoUv": false },
										"east": { "texture": "#belt-waist-plain-material", "uv": [ 0.0, 0.0, 0.5, 12.0 ], "autoUv": false },
										"south": { "texture": "#belt-waist-plain-material", "uv": [ 0.0, 0.0, 1.0, 16.0 ], "autoUv": false },
										"west": { "texture": "#belt-waist-plain-material", "uv": [ 0.0, 0.0, 0.5, 12.0 ], "autoUv": false },
										"up": { "texture": "#belt-waist-plain-material", "uv": [ 0.0, 0.0, 1.0, 0.5 ], "autoUv": false },
										"down": { "texture": "#belt-waist-plain-material", "uv": [ 0.0, 0.0, 1.0, 0.5 ], "autoUv": false }
									}
								},
								{
									"name": "sheath_2",
									"from": [ 0.3, -18.9, -0.24 ],
									"to": [ 1.1, -13.9, 0.24 ],
									"rotationOrigin": [ 0.3, -18.9, -0.24 ],
									"rotationZ": 3.0,
									"faces": {
										"north": { "texture": "#belt-waist-plain-material", "uv": [ 6.0, 0.0, 6.5, 5.0 ] },
										"east": { "texture": "#belt-waist-plain-material", "uv": [ 3.5, 0.0, 4.0, 5.0 ] },
										"south": { "texture": "#belt-waist-plain-material", "uv": [ 4.0, 0.0, 4.5, 5.0 ] },
										"west": { "texture": "#belt-waist-plain-material", "uv": [ 4.0, 0.0, 4.5, 5.0 ] },
										"up": { "texture": "#belt-waist-plain-material", "uv": [ 0.0, 0.0, 0.5, 0.5 ] },
										"down": { "texture": "#belt-waist-plain-material", "uv": [ 0.0, 0.0, 0.5, 0.5 ] }
									},
									"children": [
										{
											"name": "sheath_8",
											"from": [ 0.0, 5.0, 0.0 ],
											"to": [ 1.0, 18.7, 0.48 ],
											"rotationOrigin": [ 0.0, 5.0, 0.0 ],
											"rotationZ": -3.0,
											"faces": {
												"north": { "texture": "#belt-waist-plain-material", "uv": [ 6.0, 0.0, 7.0, 13.5 ] },
												"east": { "texture": "#belt-waist-plain-material", "uv": [ 3.5, 0.0, 4.0, 13.5 ] },
												"south": { "texture": "#belt-waist-plain-material", "uv": [ 4.0, 0.0, 5.0, 13.5 ] },
												"west": { "texture": "#belt-waist-plain-material", "uv": [ 4.0, 0.0, 4.5, 13.5 ] },
												"up": { "texture": "#belt-waist-plain-material", "uv": [ 0.0, 0.0, 1.0, 0.5 ] },
												"down": { "texture": "#belt-waist-plain-material", "uv": [ 0.0, 0.0, 1.0, 0.5 ] }
											}
										}
									]
								},
								{
									"name": "Handle2",
									"from": [ 0.6, 1.2, 0.0 ],
									"to": [ 0.6, 1.2, 0.6 ],
									"rotationOrigin": [ 0.6, 1.2, 0.0 ],
									"rotationX": -90.0,
									"faces": {
										"north": { "texture": "#belt-waist-plain-metal", "uv": [ 0.0, 0.0, 0.5, 0.5 ], "autoUv": false },
										"east": { "texture": "#belt-waist-plain-metal", "uv": [ 0.0, 0.0, 1.0, 0.5 ], "autoUv": false },
										"south": { "texture": "#belt-waist-plain-metal", "uv": [ 0.0, 0.0, 0.5, 0.5 ], "autoUv": false },
										"west": { "texture": "#belt-waist-plain-metal", "uv": [ 0.0, 0.0, 1.0, 0.5 ], "autoUv": false },
										"up": { "texture": "#belt-waist-plain-metal", "uv": [ 0.0, 0.0, 0.5, 1.0 ], "autoUv": false },
										"down": { "texture": "#belt-waist-plain-metal", "uv": [ 0.0, 0.0, 0.5, 1.0 ], "autoUv": false }
									},
									"children": [
										{
											"name": "Guard2_",
											"from": [ -0.7, -0.4, -1.4 ],
											"to": [ 0.65, 0.4, -0.88 ],
											"rotationOrigin": [ -0.7, -0.4, -1.4 ],
											"faces": {
												"north": { "texture": "#belt-waist-plain-metal", "uv": [ 13.0, 6.0, 14.0, 6.5 ] },
												"east": { "texture": "#belt-waist-plain-metal", "uv": [ 12.5, 6.0, 13.0, 6.5 ] },
												"south": { "texture": "#belt-waist-plain-metal", "uv": [ 13.5, 5.5, 14.5, 6.0 ] },
												"west": { "texture": "#belt-waist-plain-metal", "uv": [ 12.5, 6.0, 13.0, 6.5 ] },
												"up": { "texture": "#belt-waist-plain-metal", "uv": [ 8.5, 3.5, 9.5, 4.0 ] },
												"down": { "texture": "#belt-waist-plain-metal", "uv": [ 10.5, 3.5, 11.5, 4.0 ] }
											}
										}
									]
								},
								{
									"name": "sheath_4",
									"from": [ 1.2, -2.4, -0.36 ],
									"to": [ 1.84, -1.8, 0.36 ],
									"rotationOrigin": [ 2.4, -2.4, -0.36 ],
									"faces": {
										"north": { "texture": "#belt-waist-plain-metal", "uv": [ 5.5, 0.0, 6.0, 0.5 ], "autoUv": false },
										"east": { "texture": "#belt-waist-plain-metal", "uv": [ 7.0, 0.0, 7.5, 0.5 ], "autoUv": false },
										"south": { "texture": "#belt-waist-plain-metal", "uv": [ 7.0, 0.0, 7.5, 0.5 ], "autoUv": false },
										"west": { "texture": "#belt-waist-plain-metal", "uv": [ 5.5, 0.0, 6.0, 0.5 ], "autoUv": false },
										"up": { "texture": "#belt-waist-plain-metal", "uv": [ 0.0, 0.0, 0.5, 0.5 ], "autoUv": false },
										"down": { "texture": "#belt-waist-plain-metal", "uv": [ 0.0, 0.0, 0.5, 0.5 ], "autoUv": false }
									},
									"children": [
										{
											"name": "sheath_6",
											"from": [ 0.64, 0.0, 0.24 ],
											"to": [ 4.02, 0.6, 0.6 ],
											"rotationOrigin": [ 0.64, 0.0, 0.6 ],
											"rotationY": 16.0,
											"rotationZ": 27.0,
											"faces": {
												"north": { "texture": "#belt-waist-plain-material", "uv": [ 5.5, 0.0, 7.5, 0.5 ], "autoUv": false },
												"east": { "texture": "#belt-waist-plain-material", "uv": [ 7.0, 0.0, 7.5, 0.5 ], "autoUv": false },
												"south": { "texture": "#belt-waist-plain-material", "uv": [ 7.0, 0.0, 9.0, 0.5 ], "autoUv": false },
												"west": { "texture": "#belt-waist-plain-material", "uv": [ 5.5, 0.0, 6.0, 0.5 ], "autoUv": false },
												"up": { "texture": "#belt-waist-plain-material", "uv": [ 0.0, 0.0, 2.0, 0.5 ], "autoUv": false },
												"down": { "texture": "#belt-waist-plain-material", "uv": [ 0.0, 0.0, 2.0, 0.5 ], "autoUv": false }
											}
										}
									]
								},
								{
									"name": "sheath_5",
									"from": [ 1.2, -7.2, -0.36 ],
									"to": [ 1.8, -6.6, 0.36 ],
									"rotationOrigin": [ 2.4, -7.2, -0.36 ],
									"faces": {
										"north": { "texture": "#belt-waist-plain-metal", "uv": [ 5.5, 0.0, 6.0, 0.5 ], "autoUv": false },
										"east": { "texture": "#belt-waist-plain-metal", "uv": [ 7.0, 0.0, 7.5, 0.5 ], "autoUv": false },
										"south": { "texture": "#belt-waist-plain-metal", "uv": [ 7.0, 0.0, 7.5, 0.5 ], "autoUv": false },
										"west": { "texture": "#belt-waist-plain-metal", "uv": [ 5.5, 0.0, 6.0, 0.5 ], "autoUv": false },
										"up": { "texture": "#belt-waist-plain-metal", "uv": [ 0.0, 0.0, 0.5, 0.5 ], "autoUv": false },
										"down": { "texture": "#belt-waist-plain-metal", "uv": [ 0.0, 0.0, 0.5, 0.5 ], "autoUv": false }
									},
									"children": [
										{
											"name": "sheath_7",
											"from": [ 0.6, 0.0, 0.12 ],
											"to": [ 7.08, 0.6, 0.48 ],
											"rotationOrigin": [ 0.6, -0.0029, 0.48 ],
											"rotationY": 6.0,
											"rotationZ": 46.0,
											"faces": {
												"north": { "texture": "#belt-waist-plain-material", "uv": [ 5.5, 0.0, 10.5, 0.5 ], "autoUv": false },
												"east": { "texture": "#belt-waist-plain-material", "uv": [ 7.0, 0.0, 7.5, 0.5 ], "autoUv": false },
												"south": { "texture": "#belt-waist-plain-material", "uv": [ 7.0, 0.0, 12.0, 0.5 ], "autoUv": false },
												"west": { "texture": "#belt-waist-plain-material", "uv": [ 5.5, 0.0, 6.0, 0.5 ], "autoUv": false },
												"up": { "texture": "#belt-waist-plain-material", "uv": [ 0.0, 0.0, 5.0, 0.5 ], "autoUv": false },
												"down": { "texture": "#belt-waist-plain-material", "uv": [ 0.0, 0.0, 5.0, 0.5 ], "autoUv": false }
											}
										}
									]
								},
								{
									"name": "Sword",
									"from": [ 0.6, 1.05, 0.0 ],
									"to": [ 0.6, 1.05, 0.0 ],
									"rotationOrigin": [ 0.6, 1.05, 0.0 ],
									"rotationX": -90.0,
									"faces": {
										"north": { "texture": "#belt-waist-plain-right-metal", "uv": [ 0.0, 0.0, 0.5, 0.5 ], "autoUv": false },
										"east": { "texture": "#belt-waist-plain-right-metal", "uv": [ 0.0, 0.0, 0.5, 0.5 ], "autoUv": false },
										"south": { "texture": "#belt-waist-plain-right-metal", "uv": [ 0.0, 0.0, 0.5, 0.5 ], "autoUv": false },
										"west": { "texture": "#belt-waist-plain-right-metal", "uv": [ 0.0, 0.0, 0.5, 0.5 ], "autoUv": false },
										"up": { "texture": "#belt-waist-plain-right-metal", "uv": [ 0.0, 0.0, 0.5, 0.5 ], "autoUv": false },
										"down": { "texture": "#belt-waist-plain-right-metal", "uv": [ 0.0, 0.0, 0.5, 0.5 ], "autoUv": false }
									},
									"children": [
										{
											"name": "Metal",
											"from": [ 0.0, 0.0, 0.45 ],
											"to": [ 0.0, 0.0, 0.45 ],
											"rotationOrigin": [ 0.0, 0.0, 0.45 ],
											"faces": {
												"north": { "texture": "#belt-waist-plain-right-metal", "uv": [ 0.0, 0.0, 0.5, 0.5 ], "autoUv": false },
												"east": { "texture": "#belt-waist-plain-right-metal", "uv": [ 0.0, 0.0, 0.5, 0.5 ], "autoUv": false },
												"south": { "texture": "#belt-waist-plain-right-metal", "uv": [ 0.0, 0.0, 0.5, 0.5 ], "autoUv": false },
												"west": { "texture": "#belt-waist-plain-right-metal", "uv": [ 0.0, 0.0, 0.5, 0.5 ], "autoUv": false },
												"up": { "texture": "#belt-waist-plain-right-metal", "uv": [ 0.0, 0.0, 0.5, 0.5 ], "autoUv": false },
												"down": { "texture": "#belt-waist-plain-right-metal", "uv": [ 0.0, 0.0, 0.5, 0.5 ], "autoUv": false }
											},
											"children": [
												{
													"name": "Guard",
													"from": [ -0.6, -0.25, -1.2 ],
													"to": [ 0.6, 0.25, -0.95 ],
													"rotationOrigin": [ -0.6, -0.25, -1.2 ],
													"faces": {
														"north": { "texture": "#belt-waist-plain-right-metal", "uv": [ 0.0, 0.0, 2.0, 1.0 ], "autoUv": false },
														"east": { "texture": "#belt-waist-plain-right-metal", "uv": [ 0.0, 0.0, 0.5, 1.0 ], "autoUv": false },
														"south": { "texture": "#belt-waist-plain-right-metal", "uv": [ 0.0, 0.0, 2.0, 1.0 ], "autoUv": false },
														"west": { "texture": "#belt-waist-plain-right-metal", "uv": [ 0.0, 0.0, 0.5, 1.0 ], "autoUv": false },
														"up": { "texture": "#belt-waist-plain-right-metal", "uv": [ 0.0, 0.0, 2.0, 0.5 ], "autoUv": false },
														"down": { "texture": "#belt-waist-plain-right-metal", "uv": [ 0.0, 0.0, 2.0, 0.5 ], "autoUv": false }
													}
												}
											]
										},
										{
											"name": "Handle",
											"from": [ 0.0, 0.0, 0.45 ],
											"to": [ 0.0, 0.0, 0.95 ],
											"rotationOrigin": [ 0.0, 0.0, 0.45 ],
											"faces": {
												"north": { "texture": "#belt-waist-plain-right-metal", "uv": [ 0.0, 0.0, 0.5, 0.5 ], "autoUv": false },
												"east": { "texture": "#belt-waist-plain-right-metal", "uv": [ 0.0, 0.0, 1.0, 0.5 ], "autoUv": false },
												"south": { "texture": "#belt-waist-plain-right-metal", "uv": [ 0.0, 0.0, 0.5, 0.5 ], "autoUv": false },
												"west": { "texture": "#belt-waist-plain-right-metal", "uv": [ 0.0, 0.0, 1.0, 0.5 ], "autoUv": false },
												"up": { "texture": "#belt-waist-plain-right-metal", "uv": [ 0.0, 0.0, 0.5, 1.0 ], "autoUv": false },
												"down": { "texture": "#belt-waist-plain-right-metal", "uv": [ 0.0, 0.0, 0.5, 1.0 ], "autoUv": false }
											},
											"children": [
												{
													"name": "belt-waist-plain-right-wood_0",
													"from": [ -0.45, -0.25, -0.45 ],
													"to": [ 0.45, 0.25, 6.45 ],
													"rotationOrigin": [ -0.45, -0.25, -0.45 ],
													"faces": {
														"north": { "texture": "#belt-waist-plain-right-wood", "uv": [ 0.0, 0.0, 1.5, 1.0 ], "autoUv": false },
														"east": { "texture": "#belt-waist-plain-right-wood", "uv": [ 1.5, 9.0, 15.0, 10.0 ], "autoUv": false },
														"south": { "texture": "#belt-waist-plain-right-wood", "uv": [ 0.0, 0.0, 1.5, 1.0 ], "autoUv": false },
														"west": { "texture": "#belt-waist-plain-right-wood", "uv": [ 2.0, 9.5, 15.5, 10.5 ], "autoUv": false },
														"up": { "texture": "#belt-waist-plain-right-wood", "uv": [ 0.0, 9.0, 13.5, 10.5 ], "rotation": 90, "autoUv": false },
														"down": { "texture": "#belt-waist-plain-right-wood", "uv": [ 1.5, 9.0, 15.0, 10.5 ], "rotation": 90, "autoUv": false }
													}
												},
												{
													"name": "belt-waist-plain-right-wood_2",
													"from": [ -0.5, -0.3, 2.3 ],
													"to": [ 0.5, 0.3, 2.8 ],
													"rotationOrigin": [ -0.5, -0.3, 2.3 ],
													"faces": {
														"north": { "texture": "#belt-waist-plain-right-wood", "uv": [ 0.0, 0.0, 2.0, 1.0 ], "autoUv": false },
														"east": { "texture": "#belt-waist-plain-right-wood", "uv": [ 0.0, 0.0, 1.0, 1.0 ], "autoUv": false },
														"south": { "texture": "#belt-waist-plain-right-wood", "uv": [ 0.0, 0.0, 2.0, 1.0 ], "autoUv": false },
														"west": { "texture": "#belt-waist-plain-right-wood", "uv": [ 0.0, 0.0, 1.0, 1.0 ], "autoUv": false },
														"up": { "texture": "#belt-waist-plain-right-wood", "uv": [ 0.0, 0.0, 2.0, 1.0 ], "autoUv": false },
														"down": { "texture": "#belt-waist-plain-right-wood", "uv": [ 0.0, 0.0, 2.0, 1.0 ], "autoUv": false }
													}
												},
												{
													"name": "tong2",
													"from": [ -0.55, -0.3, 5.45 ],
													"to": [ 0.55, 0.3, 6.95 ],
													"rotationOrigin": [ -0.55, -0.3, 5.45 ],
													"faces": {
														"north": { "texture": "#belt-waist-plain-right-wood", "uv": [ 10.5, 9.0, 12.5, 10.0 ], "autoUv": false },
														"east": { "texture": "#belt-waist-plain-right-wood", "uv": [ 6.0, 5.0, 7.0, 8.0 ], "rotation": 90, "autoUv": false },
														"south": { "texture": "#belt-waist-plain-right-wood", "uv": [ 7.0, 7.5, 9.0, 8.5 ], "autoUv": false },
														"west": { "texture": "#belt-waist-plain-right-wood", "uv": [ 6.0, 5.0, 7.0, 8.0 ], "rotation": 270, "autoUv": false },
														"up": { "texture": "#belt-waist-plain-right-wood", "uv": [ 5.5, 5.0, 7.5, 8.0 ], "autoUv": false },
														"down": { "texture": "#belt-waist-plain-right-wood", "uv": [ 5.5, 5.5, 7.5, 8.5 ], "autoUv": false }
													}
												},
												{
													"name": "belt-waist-plain-right-wood_4",
													"from": [ -0.65, -0.3, -0.95 ],
													"to": [ 0.65, 0.3, -0.45 ],
													"rotationOrigin": [ -0.65, -0.3, -0.95 ],
													"faces": {
														"north": { "texture": "#belt-waist-plain-right-wood", "uv": [ 0.0, 0.0, 2.5, 1.0 ], "autoUv": false },
														"east": { "texture": "#belt-waist-plain-right-wood", "uv": [ 11.5, 8.5, 12.5, 9.5 ], "rotation": 90, "autoUv": false },
														"south": { "texture": "#belt-waist-plain-right-wood", "uv": [ 10.0, 2.0, 12.5, 3.0 ], "autoUv": false },
														"west": { "texture": "#belt-waist-plain-right-wood", "uv": [ 11.5, 10.0, 12.5, 11.0 ], "rotation": 90, "autoUv": false },
														"up": { "texture": "#belt-waist-plain-right-wood", "uv": [ 10.0, 3.5, 12.5, 4.5 ], "autoUv": false },
														"down": { "texture": "#belt-waist-plain-right-wood", "uv": [ 10.0, 3.5, 12.5, 4.5 ], "autoUv": false }
													}
												}
											]
										}
									]
								}
							]
						}
					]
				}
			]
		}
	]}