{
	"editor": {
		"backDropShape": "E:/Programs/VSModelCreator/thin",
		"collapsedPaths": "Root/Waist-Quiver/Belt,Root/Bow,Root/Waist-Quiver/Quiver,Root/Sowrd/Handle,Root/Waist-Quiver/Saydak,Root/Waist-Quiver/Sheath/sheath_0,Root/Waist-Quiver/Sheath/sheath_0/Sowrd/Handle2,Root/Waist-Quiver/Quiver/arrow_3,Root/Sword,Root/Waist-Quiver/Quiver/arrow_2,Root/Waist-Quiver/Quiver/arrow_1,Root/Waist-Quiver/Bow,Root/Waist-Belt/Sheath/sheath_0/Sword,Root/Waist/buckle-bottom,Root/Waist-Quiver/Quiver/arrow_0,Root/Waist-Belt/Sheath/sheath_0/Handle2/Guard_2,Root/Waist-Quiver/Sheath/sheath_0/Handle2/Guard_2,Root/Waist-Belt/Sheath/sheath_0/Sowrd,Root/Sowrd/Metal",
		"allAngles": true,
		"entityTextureMode": false
	},
	"textureWidth": 16,
	"textureHeight": 16,
	"textureSizes": {
	},
	"textures": {
		"belt-waist-plain-material": "game:block/leather/plain",
		"belt-waist-plain-right-metal": "game:block/metal/plate/copper",
		"belt-waist-plain-metal": "game:block/metal/plate/iron",
		"belt-waist-plain-right-leather": "game:block/leather/plain"
	},
	"elements": [
		{
			"name": "Waist-Belt",
			"stepParentName": "LowerTorso",
			"from": [ -0.5, 1.0, -0.5 ],
			"to": [ 5.6, 2.1, 6.7 ],
			"rotationOrigin": [ 2.5, 1.0, 2.7 ],
			"faces": {
			},
			"children": [
				{
					"name": "Sheath",
					"from": [ 0.0, -0.2, 6.9 ],
					"to": [ 0.0, -0.2, 6.9 ],
					"rotationOrigin": [ 0.0, -0.2, 6.9 ],
					"faces": {
						"north": { "texture": "#belt-waist-plain-material", "uv": [ 0.0, 0.0, 0.5, 0.5 ], "autoUv": false },
						"east": { "texture": "#belt-waist-plain-material", "uv": [ 0.0, 0.0, 0.5, 0.5 ], "autoUv": false },
						"south": { "texture": "#belt-waist-plain-material", "uv": [ 0.0, 0.0, 0.5, 0.5 ], "autoUv": false },
						"west": { "texture": "#belt-waist-plain-material", "uv": [ 0.0, 0.0, 0.5, 0.5 ], "autoUv": false },
						"up": { "texture": "#belt-waist-plain-material", "uv": [ 0.0, 0.0, 0.5, 0.5 ], "autoUv": false },
						"down": { "texture": "#belt-waist-plain-material", "uv": [ 0.0, 0.0, 0.5, 0.5 ], "autoUv": false }
					},
					"children": [
						{
							"name": "sheath_0",
							"from": [ -1.2, -1.2, 1.2 ],
							"to": [ -1.2, -1.2, 1.2 ],
							"rotationOrigin": [ -1.2, -1.2, 1.2 ],
							"rotationX": -13.0,
							"rotationY": 4.0,
							"rotationZ": 53.0,
							"faces": {
								"north": { "texture": "#belt-waist-plain-material", "uv": [ 0.0, 0.0, 0.5, 0.5 ], "autoUv": false },
								"east": { "texture": "#belt-waist-plain-material", "uv": [ 0.0, 0.0, 0.5, 0.5 ], "autoUv": false },
								"south": { "texture": "#belt-waist-plain-material", "uv": [ 0.0, 0.0, 0.5, 0.5 ], "autoUv": false },
								"west": { "texture": "#belt-waist-plain-material", "uv": [ 0.0, 0.0, 0.5, 0.5 ], "autoUv": false },
								"up": { "texture": "#belt-waist-plain-material", "uv": [ 0.0, 0.0, 0.5, 0.5 ], "autoUv": false },
								"down": { "texture": "#belt-waist-plain-material", "uv": [ 0.0, 0.0, 0.5, 0.5 ], "autoUv": false }
							},
							"children": [
								{
									"name": "sheath_1",
									"from": [ 0.1, -15.9, -0.36 ],
									"to": [ 1.1, 0.1, 0.36 ],
									"rotationOrigin": [ 0.1, -15.9, -0.36 ],
									"faces": {
										"north": { "texture": "#belt-waist-plain-material", "uv": [ 0.0, 0.0, 1.0, 12.0 ], "autoUv": false },
										"east": { "texture": "#belt-waist-plain-material", "uv": [ 0.0, 0.0, 0.5, 12.0 ], "autoUv": false },
										"south": { "texture": "#belt-waist-plain-material", "uv": [ 0.0, 0.0, 1.0, 12.0 ], "autoUv": false },
										"west": { "texture": "#belt-waist-plain-material", "uv": [ 0.0, 0.0, 0.5, 12.0 ], "autoUv": false },
										"up": { "texture": "#belt-waist-plain-material", "uv": [ 0.0, 0.0, 1.0, 0.5 ], "autoUv": false },
										"down": { "texture": "#belt-waist-plain-material", "uv": [ 0.0, 0.0, 1.0, 0.5 ], "autoUv": false }
									}
								},
								{
									"name": "sheath_2",
									"from": [ 0.1, -14.9, -0.24 ],
									"to": [ 1.1, -7.9, 0.24 ],
									"rotationOrigin": [ 0.1, -14.9, -0.24 ],
									"rotationZ": 2.0,
									"faces": {
										"north": { "texture": "#belt-waist-plain-material", "uv": [ 6.0, 0.0, 7.0, 7.0 ] },
										"east": { "texture": "#belt-waist-plain-material", "uv": [ 3.5, 0.0, 4.0, 7.0 ] },
										"south": { "texture": "#belt-waist-plain-material", "uv": [ 4.0, 0.0, 5.0, 7.0 ] },
										"west": { "texture": "#belt-waist-plain-material", "uv": [ 4.0, 0.0, 4.5, 7.0 ] },
										"up": { "texture": "#belt-waist-plain-material", "uv": [ 0.0, 0.0, 1.0, 0.5 ] },
										"down": { "texture": "#belt-waist-plain-material", "uv": [ 0.0, 0.0, 1.0, 0.5 ] }
									},
									"children": [
										{
											"name": "sheath_8",
											"from": [ 0.0, 7.0, 0.0 ],
											"to": [ 1.0, 14.8, 0.48 ],
											"rotationOrigin": [ 0.0, 7.0, 0.0 ],
											"rotationZ": 1.0,
											"faces": {
												"north": { "texture": "#belt-waist-plain-material", "uv": [ 6.0, 0.0, 7.0, 7.5 ] },
												"east": { "texture": "#belt-waist-plain-material", "uv": [ 3.5, 0.0, 4.0, 7.5 ] },
												"south": { "texture": "#belt-waist-plain-material", "uv": [ 4.0, 0.0, 5.0, 7.5 ] },
												"west": { "texture": "#belt-waist-plain-material", "uv": [ 4.0, 0.0, 4.5, 7.5 ] },
												"up": { "texture": "#belt-waist-plain-material", "uv": [ 0.0, 0.0, 1.0, 0.5 ] },
												"down": { "texture": "#belt-waist-plain-material", "uv": [ 0.0, 0.0, 1.0, 0.5 ] }
											}
										}
									]
								},
								{
									"name": "Handle2",
									"from": [ 0.6, 1.2, 0.0 ],
									"to": [ 0.6, 1.2, 0.6 ],
									"rotationOrigin": [ 0.6, 1.2, 0.0 ],
									"rotationX": -90.0,
									"faces": {
										"north": { "texture": "#belt-waist-plain-metal", "uv": [ 0.0, 0.0, 0.5, 0.5 ], "autoUv": false },
										"east": { "texture": "#belt-waist-plain-metal", "uv": [ 0.0, 0.0, 1.0, 0.5 ], "autoUv": false },
										"south": { "texture": "#belt-waist-plain-metal", "uv": [ 0.0, 0.0, 0.5, 0.5 ], "autoUv": false },
										"west": { "texture": "#belt-waist-plain-metal", "uv": [ 0.0, 0.0, 1.0, 0.5 ], "autoUv": false },
										"up": { "texture": "#belt-waist-plain-metal", "uv": [ 0.0, 0.0, 0.5, 1.0 ], "autoUv": false },
										"down": { "texture": "#belt-waist-plain-metal", "uv": [ 0.0, 0.0, 0.5, 1.0 ], "autoUv": false }
									},
									"children": [
										{
											"name": "Guard2",
											"from": [ -0.5, -0.4, -1.4 ],
											"to": [ 0.5, 0.4, -0.88 ],
											"rotationOrigin": [ -0.5, -0.4, -1.4 ],
											"faces": {
												"north": { "texture": "#belt-waist-plain-metal", "uv": [ 13.0, 6.0, 14.0, 6.5 ] },
												"east": { "texture": "#belt-waist-plain-metal", "uv": [ 12.5, 6.0, 13.0, 6.5 ] },
												"south": { "texture": "#belt-waist-plain-metal", "uv": [ 13.5, 5.5, 14.5, 6.0 ] },
												"west": { "texture": "#belt-waist-plain-metal", "uv": [ 12.5, 6.0, 13.0, 6.5 ] },
												"up": { "texture": "#belt-waist-plain-metal", "uv": [ 8.5, 3.5, 9.5, 4.0 ] },
												"down": { "texture": "#belt-waist-plain-metal", "uv": [ 10.5, 3.5, 11.5, 4.0 ] }
											},
											"children": [
												{
													"name": "guard_6",
													"from": [ 1.0, 0.25, 0.01 ],
													"to": [ 1.8, 0.55, 0.51 ],
													"rotationOrigin": [ 1.0, 0.35, 0.0 ],
													"faces": {
														"north": { "texture": "#belt-waist-plain-metal", "uv": [ 0.0, 0.0, 0.5, 0.5 ] },
														"east": { "texture": "#belt-waist-plain-metal", "uv": [ 10.5, 6.5, 11.0, 7.0 ] },
														"south": { "texture": "#belt-waist-plain-metal", "uv": [ 13.5, 7.5, 14.0, 8.0 ] },
														"west": { "texture": "#belt-waist-plain-metal", "uv": [ 13.0, 5.5, 13.5, 6.0 ] },
														"up": { "texture": "#belt-waist-plain-metal", "uv": [ 14.0, 5.0, 14.5, 5.5 ] },
														"down": { "texture": "#belt-waist-plain-metal", "uv": [ 14.5, 6.0, 15.0, 6.5 ] }
													},
													"children": [
														{
															"name": "guard_7",
															"from": [ 0.0, 0.3, -0.005 ],
															"to": [ 0.85, 0.55, 0.505 ],
															"rotationOrigin": [ 0.0, 0.55, 0.0 ],
															"rotationZ": -11.0,
															"faces": {
																"north": { "texture": "#belt-waist-plain-metal", "uv": [ 0.0, 0.0, 0.5, 0.5 ] },
																"east": { "texture": "#belt-waist-plain-metal", "uv": [ 0.0, 0.0, 0.5, 0.5 ] },
																"south": { "texture": "#belt-waist-plain-metal", "uv": [ 13.5, 6.5, 14.0, 7.0 ] },
																"west": { "texture": "#belt-waist-plain-metal", "uv": [ 0.0, 0.0, 0.5, 0.5 ] },
																"up": { "texture": "#belt-waist-plain-metal", "uv": [ 13.0, 3.5, 13.5, 4.0 ] },
																"down": { "texture": "#belt-waist-plain-metal", "uv": [ 12.0, 3.5, 12.5, 4.0 ] }
															}
														},
														{
															"name": "guard_8",
															"from": [ 0.0, -0.25, -0.005 ],
															"to": [ 0.85, 0.0, 0.505 ],
															"rotationOrigin": [ 0.0, -0.25, 0.0 ],
															"rotationZ": 11.0,
															"faces": {
																"north": { "texture": "#belt-waist-plain-metal", "uv": [ 0.0, 0.0, 0.5, 0.5 ] },
																"east": { "texture": "#belt-waist-plain-metal", "uv": [ 0.0, 0.0, 0.5, 0.5 ] },
																"south": { "texture": "#belt-waist-plain-metal", "uv": [ 13.0, 7.0, 13.5, 7.5 ] },
																"west": { "texture": "#belt-waist-plain-metal", "uv": [ 0.0, 0.0, 0.5, 0.5 ] },
																"up": { "texture": "#belt-waist-plain-metal", "uv": [ 10.5, 3.5, 11.0, 4.0 ] },
																"down": { "texture": "#belt-waist-plain-metal", "uv": [ 11.5, 3.5, 12.0, 4.0 ] }
															}
														}
													]
												},
												{
													"name": "guard_9",
													"from": [ 0.0, 0.35, 0.01 ],
													"to": [ 0.8, 0.65, 0.51 ],
													"rotationOrigin": [ 0.0, 0.45, 0.0 ],
													"rotationZ": 180.0,
													"faces": {
														"north": { "texture": "#belt-waist-plain-metal", "uv": [ 12.5, 6.0, 13.0, 6.5 ] },
														"east": { "texture": "#belt-waist-plain-metal", "uv": [ 11.0, 5.5, 11.5, 6.0 ] },
														"south": { "texture": "#belt-waist-plain-metal", "uv": [ 13.5, 5.5, 14.0, 6.0 ] },
														"west": { "texture": "#belt-waist-plain-metal", "uv": [ 14.0, 6.0, 14.5, 6.5 ] },
														"up": { "texture": "#belt-waist-plain-metal", "uv": [ 14.5, 6.0, 15.0, 6.5 ] },
														"down": { "texture": "#belt-waist-plain-metal", "uv": [ 14.0, 6.0, 14.5, 6.5 ] }
													},
													"children": [
														{
															"name": "guard_10",
															"from": [ 0.0, 0.3, -0.005 ],
															"to": [ 0.85, 0.55, 0.505 ],
															"rotationOrigin": [ 0.0, 0.55, 0.0 ],
															"rotationZ": -11.0,
															"faces": {
																"north": { "texture": "#belt-waist-plain-metal", "uv": [ 0.0, 0.0, 0.5, 0.5 ] },
																"east": { "texture": "#belt-waist-plain-metal", "uv": [ 0.0, 0.0, 0.5, 0.5 ] },
																"south": { "texture": "#belt-waist-plain-metal", "uv": [ 13.0, 6.0, 13.5, 6.5 ] },
																"west": { "texture": "#belt-waist-plain-metal", "uv": [ 0.0, 0.0, 0.5, 0.5 ] },
																"up": { "texture": "#belt-waist-plain-metal", "uv": [ 13.0, 3.5, 13.5, 4.0 ] },
																"down": { "texture": "#belt-waist-plain-metal", "uv": [ 12.5, 3.5, 13.0, 4.0 ] }
															}
														},
														{
															"name": "guard_11",
															"from": [ 0.0, -0.25, -0.005 ],
															"to": [ 0.85, 0.0, 0.505 ],
															"rotationOrigin": [ 0.0, -0.25, 0.0 ],
															"rotationZ": 11.0,
															"faces": {
																"north": { "texture": "#belt-waist-plain-metal", "uv": [ 0.0, 0.0, 0.5, 0.5 ] },
																"east": { "texture": "#belt-waist-plain-metal", "uv": [ 0.0, 0.0, 0.5, 0.5 ] },
																"south": { "texture": "#belt-waist-plain-metal", "uv": [ 13.0, 6.0, 13.5, 6.5 ] },
																"west": { "texture": "#belt-waist-plain-metal", "uv": [ -0.5, 0.0, 0.0, 0.5 ] },
																"up": { "texture": "#belt-waist-plain-metal", "uv": [ 11.5, 3.5, 12.0, 4.0 ] },
																"down": { "texture": "#belt-waist-plain-metal", "uv": [ 12.5, 3.5, 13.0, 4.0 ] }
															}
														}
													]
												}
											]
										}
									]
								},
								{
									"name": "sheath_4",
									"from": [ 1.1, -2.4, -0.36 ],
									"to": [ 1.74, -1.8, 0.36 ],
									"rotationOrigin": [ 2.3, -2.4, -0.36 ],
									"rotationZ": -2.0,
									"faces": {
										"north": { "texture": "#belt-waist-plain-metal", "uv": [ 5.5, 0.0, 6.0, 0.5 ], "autoUv": false },
										"east": { "texture": "#belt-waist-plain-metal", "uv": [ 7.0, 0.0, 7.5, 0.5 ], "autoUv": false },
										"south": { "texture": "#belt-waist-plain-metal", "uv": [ 7.0, 0.0, 7.5, 0.5 ], "autoUv": false },
										"west": { "texture": "#belt-waist-plain-metal", "uv": [ 5.5, 0.0, 6.0, 0.5 ], "autoUv": false },
										"up": { "texture": "#belt-waist-plain-metal", "uv": [ 0.0, 0.0, 0.5, 0.5 ], "autoUv": false },
										"down": { "texture": "#belt-waist-plain-metal", "uv": [ 0.0, 0.0, 0.5, 0.5 ], "autoUv": false }
									},
									"children": [
										{
											"name": "sheath_6",
											"from": [ 0.64, 0.0, 0.24 ],
											"to": [ 4.02, 0.6, 0.6 ],
											"rotationOrigin": [ 0.64, 0.0, 0.6 ],
											"rotationY": 16.0,
											"rotationZ": 27.0,
											"faces": {
												"north": { "texture": "#belt-waist-plain-material", "uv": [ 5.5, 0.0, 7.5, 0.5 ], "autoUv": false },
												"east": { "texture": "#belt-waist-plain-material", "uv": [ 7.0, 0.0, 7.5, 0.5 ], "autoUv": false },
												"south": { "texture": "#belt-waist-plain-material", "uv": [ 7.0, 0.0, 9.0, 0.5 ], "autoUv": false },
												"west": { "texture": "#belt-waist-plain-material", "uv": [ 5.5, 0.0, 6.0, 0.5 ], "autoUv": false },
												"up": { "texture": "#belt-waist-plain-material", "uv": [ 0.0, 0.0, 2.0, 0.5 ], "autoUv": false },
												"down": { "texture": "#belt-waist-plain-material", "uv": [ 0.0, 0.0, 2.0, 0.5 ], "autoUv": false }
											}
										}
									]
								},
								{
									"name": "sheath_5",
									"from": [ 1.1, -7.2, -0.36 ],
									"to": [ 1.7, -6.6, 0.36 ],
									"rotationOrigin": [ 2.3, -7.2, -0.36 ],
									"rotationZ": -2.0,
									"faces": {
										"north": { "texture": "#belt-waist-plain-metal", "uv": [ 5.5, 0.0, 6.0, 0.5 ], "autoUv": false },
										"east": { "texture": "#belt-waist-plain-metal", "uv": [ 7.0, 0.0, 7.5, 0.5 ], "autoUv": false },
										"south": { "texture": "#belt-waist-plain-metal", "uv": [ 7.0, 0.0, 7.5, 0.5 ], "autoUv": false },
										"west": { "texture": "#belt-waist-plain-metal", "uv": [ 5.5, 0.0, 6.0, 0.5 ], "autoUv": false },
										"up": { "texture": "#belt-waist-plain-metal", "uv": [ 0.0, 0.0, 0.5, 0.5 ], "autoUv": false },
										"down": { "texture": "#belt-waist-plain-metal", "uv": [ 0.0, 0.0, 0.5, 0.5 ], "autoUv": false }
									},
									"children": [
										{
											"name": "sheath_7",
											"from": [ 0.6, 0.0, 0.12 ],
											"to": [ 7.08, 0.6, 0.48 ],
											"rotationOrigin": [ 0.6, -0.0029, 0.48 ],
											"rotationY": 6.0,
											"rotationZ": 46.0,
											"faces": {
												"north": { "texture": "#belt-waist-plain-material", "uv": [ 5.5, 0.0, 10.5, 0.5 ], "autoUv": false },
												"east": { "texture": "#belt-waist-plain-material", "uv": [ 7.0, 0.0, 7.5, 0.5 ], "autoUv": false },
												"south": { "texture": "#belt-waist-plain-material", "uv": [ 7.0, 0.0, 12.0, 0.5 ], "autoUv": false },
												"west": { "texture": "#belt-waist-plain-material", "uv": [ 5.5, 0.0, 6.0, 0.5 ], "autoUv": false },
												"up": { "texture": "#belt-waist-plain-material", "uv": [ 0.0, 0.0, 5.0, 0.5 ], "autoUv": false },
												"down": { "texture": "#belt-waist-plain-material", "uv": [ 0.0, 0.0, 5.0, 0.5 ], "autoUv": false }
											}
										}
									]
								},
								{
									"name": "sheath_3",
									"from": [ 0.1, -14.9, -0.24 ],
									"to": [ 1.1, -7.9, 0.24 ],
									"rotationOrigin": [ 1.1, -14.9, -0.24 ],
									"rotationZ": -2.0,
									"faces": {
										"north": { "texture": "#belt-waist-plain-material", "uv": [ 6.0, 0.0, 7.0, 7.0 ] },
										"east": { "texture": "#belt-waist-plain-material", "uv": [ 3.5, 0.0, 4.0, 7.0 ] },
										"south": { "texture": "#belt-waist-plain-material", "uv": [ 4.0, 0.0, 5.0, 7.0 ] },
										"west": { "texture": "#belt-waist-plain-material", "uv": [ 4.0, 0.0, 4.5, 7.0 ] },
										"up": { "texture": "#belt-waist-plain-material", "uv": [ 0.0, 0.0, 1.0, 0.5 ] },
										"down": { "texture": "#belt-waist-plain-material", "uv": [ 0.0, 0.0, 1.0, 0.5 ] }
									},
									"children": [
										{
											"name": "sheath_9",
											"from": [ 0.0, 7.0, 0.0 ],
											"to": [ 1.0, 14.8, 0.48 ],
											"rotationOrigin": [ 1.0, 7.0, 0.0 ],
											"rotationZ": -1.0,
											"faces": {
												"north": { "texture": "#belt-waist-plain-material", "uv": [ 6.0, 0.0, 7.0, 7.5 ] },
												"east": { "texture": "#belt-waist-plain-material", "uv": [ 3.5, 0.0, 4.0, 7.5 ] },
												"south": { "texture": "#belt-waist-plain-material", "uv": [ 4.0, 0.0, 5.0, 7.5 ] },
												"west": { "texture": "#belt-waist-plain-material", "uv": [ 4.0, 0.0, 4.5, 7.5 ] },
												"up": { "texture": "#belt-waist-plain-material", "uv": [ 0.0, 0.0, 1.0, 0.5 ] },
												"down": { "texture": "#belt-waist-plain-material", "uv": [ 0.0, 0.0, 1.0, 0.5 ] }
											}
										}
									]
								},
								{
									"name": "Sowrd",
									"from": [ 0.6, 0.8, 0.0 ],
									"to": [ 0.6, 0.8, 0.0 ],
									"rotationOrigin": [ 0.6, 0.8, 0.0 ],
									"rotationX": -90.0,
									"faces": {
										"north": { "texture": "#belt-waist-plain-right-metal", "uv": [ 0.0, 0.0, 0.5, 0.5 ], "autoUv": false },
										"east": { "texture": "#belt-waist-plain-right-metal", "uv": [ 0.0, 0.0, 0.5, 0.5 ], "autoUv": false },
										"south": { "texture": "#belt-waist-plain-right-metal", "uv": [ 0.0, 0.0, 0.5, 0.5 ], "autoUv": false },
										"west": { "texture": "#belt-waist-plain-right-metal", "uv": [ 0.0, 0.0, 0.5, 0.5 ], "autoUv": false },
										"up": { "texture": "#belt-waist-plain-right-metal", "uv": [ 0.0, 0.0, 0.5, 0.5 ], "autoUv": false },
										"down": { "texture": "#belt-waist-plain-right-metal", "uv": [ 0.0, 0.0, 0.5, 0.5 ], "autoUv": false }
									},
									"children": [
										{
											"name": "Metal",
											"from": [ 0.0, 0.0, 0.0 ],
											"to": [ 0.0, 0.0, 0.0 ],
											"faces": {
												"north": { "texture": "#belt-waist-plain-right-metal", "uv": [ 0.0, 0.0, 0.5, 0.5 ], "autoUv": false },
												"east": { "texture": "#belt-waist-plain-right-metal", "uv": [ 0.0, 0.0, 0.5, 0.5 ], "autoUv": false },
												"south": { "texture": "#belt-waist-plain-right-metal", "uv": [ 0.0, 0.0, 0.5, 0.5 ], "autoUv": false },
												"west": { "texture": "#belt-waist-plain-right-metal", "uv": [ 0.0, 0.0, 0.5, 0.5 ], "autoUv": false },
												"up": { "texture": "#belt-waist-plain-right-metal", "uv": [ 0.0, 0.0, 0.5, 0.5 ], "autoUv": false },
												"down": { "texture": "#belt-waist-plain-right-metal", "uv": [ 0.0, 0.0, 0.5, 0.5 ], "autoUv": false }
											},
											"children": [
												{
													"name": "tong",
													"from": [ -0.3, -0.2, 0.0 ],
													"to": [ 0.3, 0.2, 3.0 ],
													"rotationOrigin": [ -0.3, -0.2, 0.0 ],
													"faces": {
														"north": { "texture": "#belt-waist-plain-right-metal", "uv": [ 0.0, 0.0, 1.0, 0.5 ], "autoUv": false },
														"east": { "texture": "#belt-waist-plain-right-metal", "uv": [ 0.0, 0.0, 6.0, 0.5 ], "autoUv": false },
														"south": { "texture": "#belt-waist-plain-right-metal", "uv": [ 0.0, 0.0, 1.0, 0.5 ], "autoUv": false },
														"west": { "texture": "#belt-waist-plain-right-metal", "uv": [ 0.0, 0.0, 6.0, 0.5 ], "autoUv": false },
														"up": { "texture": "#belt-waist-plain-right-metal", "uv": [ 0.0, 0.0, 1.0, 6.0 ], "autoUv": false },
														"down": { "texture": "#belt-waist-plain-right-metal", "uv": [ 0.0, 0.0, 1.0, 6.0 ], "autoUv": false }
													},
													"children": [
														{
															"name": "tong2",
															"from": [ -0.25, -0.15, 3.0 ],
															"to": [ 0.85, 0.55, 4.1 ],
															"rotationOrigin": [ -0.25, -0.15, 3.0 ],
															"faces": {
																"north": { "texture": "#belt-waist-plain-right-metal", "uv": [ 0.0, 0.0, 2.0, 1.0 ], "autoUv": false },
																"east": { "texture": "#belt-waist-plain-right-metal", "uv": [ 0.0, 0.0, 2.0, 1.0 ], "autoUv": false },
																"south": { "texture": "#belt-waist-plain-right-metal", "uv": [ 0.0, 0.0, 2.0, 1.0 ], "autoUv": false },
																"west": { "texture": "#belt-waist-plain-right-metal", "uv": [ 0.0, 0.0, 2.0, 1.0 ], "autoUv": false },
																"up": { "texture": "#belt-waist-plain-right-metal", "uv": [ 0.0, 0.0, 2.0, 2.0 ], "autoUv": false },
																"down": { "texture": "#belt-waist-plain-right-metal", "uv": [ 0.0, 0.0, 2.0, 2.0 ], "autoUv": false }
															}
														},
														{
															"name": "tong3",
															"from": [ -0.05, -0.25, 3.2 ],
															"to": [ 0.65, 0.65, 3.9 ],
															"rotationOrigin": [ -0.05, -0.25, 3.2 ],
															"faces": {
																"north": { "texture": "#belt-waist-plain-right-metal", "uv": [ 8.5, 9.5, 9.5, 11.0 ], "autoUv": false },
																"east": { "texture": "#belt-waist-plain-right-metal", "uv": [ 8.5, 9.0, 9.5, 10.5 ], "autoUv": false },
																"south": { "texture": "#belt-waist-plain-right-metal", "uv": [ 8.0, 8.5, 9.0, 10.0 ], "autoUv": false },
																"west": { "texture": "#belt-waist-plain-right-metal", "uv": [ 8.0, 9.5, 9.0, 11.0 ], "autoUv": false },
																"up": { "texture": "#belt-waist-plain-right-metal", "uv": [ 8.5, 9.5, 9.5, 10.5 ], "autoUv": false },
																"down": { "texture": "#belt-waist-plain-right-metal", "uv": [ 8.5, 9.5, 9.5, 10.5 ], "autoUv": false }
															}
														},
														{
															"name": "tong5",
															"from": [ -0.2, -0.025, 3.0 ],
															"to": [ 0.9, 0.425, 4.1 ],
															"rotationOrigin": [ 0.35, 0.0, 3.45 ],
															"rotationY": -45.0,
															"faces": {
																"north": { "texture": "#belt-waist-plain-right-metal", "uv": [ 0.0, 0.0, 2.0, 0.5 ], "autoUv": false },
																"east": { "texture": "#belt-waist-plain-right-metal", "uv": [ 0.0, 0.0, 2.0, 0.5 ], "autoUv": false },
																"south": { "texture": "#belt-waist-plain-right-metal", "uv": [ 0.0, 0.0, 2.0, 0.5 ], "autoUv": false },
																"west": { "texture": "#belt-waist-plain-right-metal", "uv": [ 0.0, 0.0, 2.0, 0.5 ], "autoUv": false },
																"up": { "texture": "#belt-waist-plain-right-metal", "uv": [ 0.0, 0.0, 2.0, 2.0 ], "autoUv": false },
																"down": { "texture": "#belt-waist-plain-right-metal", "uv": [ 0.0, 0.0, 2.0, 2.0 ], "autoUv": false }
															}
														}
													]
												},
												{
													"name": "Guard",
													"from": [ -0.5, -0.3, -0.5 ],
													"to": [ 0.5, 0.3, 0.0 ],
													"rotationOrigin": [ -0.5, -0.3, -0.5 ],
													"faces": {
														"north": { "texture": "#belt-waist-plain-right-metal", "uv": [ 8.0, 9.5, 10.0, 10.5 ], "autoUv": false },
														"east": { "texture": "#belt-waist-plain-right-metal", "uv": [ 7.5, 9.0, 8.5, 10.0 ], "autoUv": false },
														"south": { "texture": "#belt-waist-plain-right-metal", "uv": [ 8.0, 9.0, 10.0, 10.0 ], "autoUv": false },
														"west": { "texture": "#belt-waist-plain-right-metal", "uv": [ 0.0, 0.0, 1.0, 1.0 ], "autoUv": false },
														"up": { "texture": "#belt-waist-plain-right-metal", "uv": [ 8.0, 8.5, 10.0, 9.5 ], "autoUv": false },
														"down": { "texture": "#belt-waist-plain-right-metal", "uv": [ 8.0, 9.0, 10.0, 10.0 ], "autoUv": false }
													},
													"children": [
														{
															"name": "guard_2",
															"from": [ 1.0, 0.15, 0.05 ],
															"to": [ 2.0, 0.45, 0.45 ],
															"rotationOrigin": [ 1.0, 0.25, 0.05 ],
															"faces": {
																"north": { "texture": "#belt-waist-plain-right-metal", "uv": [ 0.0, 0.0, 2.0, 0.5 ], "autoUv": false },
																"east": { "texture": "#belt-waist-plain-right-metal", "uv": [ 0.0, 0.0, 0.5, 0.5 ], "autoUv": false },
																"south": { "texture": "#belt-waist-plain-right-metal", "uv": [ 0.0, 0.0, 2.0, 0.5 ], "autoUv": false },
																"west": { "texture": "#belt-waist-plain-right-metal", "uv": [ 0.0, 0.0, 0.5, 0.5 ], "autoUv": false },
																"up": { "texture": "#belt-waist-plain-right-metal", "uv": [ 0.0, 0.0, 2.0, 0.5 ], "autoUv": false },
																"down": { "texture": "#belt-waist-plain-right-metal", "uv": [ 0.0, 0.0, 2.0, 0.5 ], "autoUv": false }
															},
															"children": [
																{
																	"name": "guard_1",
																	"from": [ 0.0, 0.25, -0.05 ],
																	"to": [ 1.5, 0.45, 0.45 ],
																	"rotationOrigin": [ 0.0, 0.45, -0.05 ],
																	"rotationZ": -7.4,
																	"faces": {
																		"north": { "texture": "#belt-waist-plain-right-metal", "uv": [ 8.5, 9.5, 11.5, 10.0 ], "autoUv": false },
																		"east": { "texture": "#belt-waist-plain-right-metal", "uv": [ 9.0, 9.0, 10.0, 9.5 ], "autoUv": false },
																		"south": { "texture": "#belt-waist-plain-right-metal", "uv": [ 8.0, 9.0, 11.0, 9.5 ], "autoUv": false },
																		"west": { "texture": "#belt-waist-plain-right-metal", "uv": [ 0.0, 0.0, 1.0, 0.5 ], "autoUv": false },
																		"up": { "texture": "#belt-waist-plain-right-metal", "uv": [ 7.5, 9.0, 10.5, 10.0 ], "autoUv": false },
																		"down": { "texture": "#belt-waist-plain-right-metal", "uv": [ 8.0, 8.5, 11.0, 9.5 ], "autoUv": false }
																	}
																},
																{
																	"name": "guard_0",
																	"from": [ 0.0, -0.15, -0.055 ],
																	"to": [ 1.5, 0.05, 0.445 ],
																	"rotationOrigin": [ 0.0, -0.15, -0.05 ],
																	"rotationZ": 7.4,
																	"faces": {
																		"north": { "texture": "#belt-waist-plain-right-metal", "uv": [ 0.0, 0.0, 3.0, 0.5 ], "autoUv": false },
																		"east": { "texture": "#belt-waist-plain-right-metal", "uv": [ 0.0, 0.0, 1.0, 0.5 ], "autoUv": false },
																		"south": { "texture": "#belt-waist-plain-right-metal", "uv": [ 8.0, 9.0, 11.0, 9.5 ], "autoUv": false },
																		"west": { "texture": "#belt-waist-plain-right-metal", "uv": [ 0.0, 0.0, 1.0, 0.5 ], "autoUv": false },
																		"up": { "texture": "#belt-waist-plain-right-metal", "uv": [ 8.0, 9.0, 11.0, 10.0 ], "autoUv": false },
																		"down": { "texture": "#belt-waist-plain-right-metal", "uv": [ 8.0, 9.0, 11.0, 10.0 ], "autoUv": false }
																	}
																}
															]
														},
														{
															"name": "guard_3",
															"from": [ 0.0, 0.25, 0.05 ],
															"to": [ 1.0, 0.55, 0.45 ],
															"rotationOrigin": [ 0.0, 0.35, 0.05 ],
															"rotationZ": 180.0,
															"faces": {
																"north": { "texture": "#belt-waist-plain-right-metal", "uv": [ 0.0, 0.0, 2.0, 0.5 ], "autoUv": false },
																"east": { "texture": "#belt-waist-plain-right-metal", "uv": [ 0.0, 0.0, 0.5, 0.5 ], "autoUv": false },
																"south": { "texture": "#belt-waist-plain-right-metal", "uv": [ 0.0, 0.0, 2.0, 0.5 ], "autoUv": false },
																"west": { "texture": "#belt-waist-plain-right-metal", "uv": [ 0.0, 0.0, 0.5, 0.5 ], "autoUv": false },
																"up": { "texture": "#belt-waist-plain-right-metal", "uv": [ 0.0, 0.0, 2.0, 0.5 ], "autoUv": false },
																"down": { "texture": "#belt-waist-plain-right-metal", "uv": [ 0.0, 0.0, 2.0, 0.5 ], "autoUv": false }
															},
															"children": [
																{
																	"name": "guard_4",
																	"from": [ 0.0, 0.25, -0.05 ],
																	"to": [ 1.5, 0.45, 0.45 ],
																	"rotationOrigin": [ 0.0, 0.45, -0.05 ],
																	"rotationZ": -7.4,
																	"faces": {
																		"north": { "texture": "#belt-waist-plain-right-metal", "uv": [ 0.0, 0.0, 3.0, 0.5 ], "autoUv": false },
																		"east": { "texture": "#belt-waist-plain-right-metal", "uv": [ 0.0, 0.0, 1.0, 0.5 ], "autoUv": false },
																		"south": { "texture": "#belt-waist-plain-right-metal", "uv": [ 8.0, 8.5, 11.0, 9.0 ], "autoUv": false },
																		"west": { "texture": "#belt-waist-plain-right-metal", "uv": [ 0.0, 0.0, 1.0, 0.5 ], "autoUv": false },
																		"up": { "texture": "#belt-waist-plain-right-metal", "uv": [ 8.0, 8.5, 11.0, 9.5 ], "autoUv": false },
																		"down": { "texture": "#belt-waist-plain-right-metal", "uv": [ 8.0, 9.0, 11.0, 10.0 ], "autoUv": false }
																	}
																},
																{
																	"name": "guard_5",
																	"from": [ 0.0, -0.15, -0.055 ],
																	"to": [ 1.5, 0.05, 0.445 ],
																	"rotationOrigin": [ 0.0, -0.15, -0.05 ],
																	"rotationZ": 7.4,
																	"faces": {
																		"north": { "texture": "#belt-waist-plain-right-metal", "uv": [ 8.5, 9.0, 11.5, 9.5 ], "autoUv": false },
																		"east": { "texture": "#belt-waist-plain-right-metal", "uv": [ 9.0, 9.5, 10.0, 10.0 ], "autoUv": false },
																		"south": { "texture": "#belt-waist-plain-right-metal", "uv": [ 8.0, 9.0, 11.0, 9.5 ], "autoUv": false },
																		"west": { "texture": "#belt-waist-plain-right-metal", "uv": [ 8.5, 9.0, 9.5, 9.5 ], "autoUv": false },
																		"up": { "texture": "#belt-waist-plain-right-metal", "uv": [ 8.5, 9.0, 11.5, 10.0 ], "autoUv": false },
																		"down": { "texture": "#belt-waist-plain-right-metal", "uv": [ 8.0, 9.0, 11.0, 10.0 ], "autoUv": false }
																	}
																}
															]
														}
													]
												},
												{
													"name": "Blade",
													"from": [ -0.15, -0.15, -0.5 ],
													"to": [ -0.15, -0.15, -0.5 ],
													"rotationOrigin": [ -0.15, -0.15, -0.5 ],
													"faces": {
														"north": { "texture": "#belt-waist-plain-right-metal", "uv": [ 0.0, 0.0, 0.5, 0.5 ], "autoUv": false },
														"east": { "texture": "#belt-waist-plain-right-metal", "uv": [ 0.0, 0.0, 0.5, 0.5 ], "autoUv": false },
														"south": { "texture": "#belt-waist-plain-right-metal", "uv": [ 0.0, 0.0, 0.5, 0.5 ], "autoUv": false },
														"west": { "texture": "#belt-waist-plain-right-metal", "uv": [ 0.0, 0.0, 0.5, 0.5 ], "autoUv": false },
														"up": { "texture": "#belt-waist-plain-right-metal", "uv": [ 0.0, 0.0, 0.5, 0.5 ], "autoUv": false },
														"down": { "texture": "#belt-waist-plain-right-metal", "uv": [ 0.0, 0.0, 0.5, 0.5 ], "autoUv": false }
													},
													"children": [
														{
															"name": "belt-waist-plain-right-metal_6",
															"from": [ -0.95, 0.1, -8.0 ],
															"to": [ -0.05, 0.2, 0.0 ],
															"rotationOrigin": [ -0.95, 0.1, 0.0 ],
															"rotationY": -2.9,
															"faces": {
																"north": { "texture": "#belt-waist-plain-right-metal", "uv": [ 0.0, 0.0, 1.5, 0.5 ], "autoUv": false },
																"east": { "texture": "#belt-waist-plain-right-metal", "uv": [ 0.0, 0.0, 16.0, 0.5 ], "autoUv": false },
																"south": { "texture": "#belt-waist-plain-right-metal", "uv": [ 0.0, 0.0, 1.5, 0.5 ], "autoUv": false },
																"west": { "texture": "#belt-waist-plain-right-metal", "uv": [ 0.0, 0.0, 16.0, 0.5 ], "autoUv": false },
																"up": { "texture": "#belt-waist-plain-right-metal", "uv": [ 0.0, 0.0, 1.5, 16.0 ], "autoUv": false },
																"down": { "texture": "#belt-waist-plain-right-metal", "uv": [ 0.0, 0.0, 1.5, 16.0 ], "autoUv": false }
															},
															"children": [
																{
																	"name": "belt-waist-plain-right-metal_9",
																	"from": [ 0.0, 0.005, -7.0 ],
																	"to": [ 0.3, 0.105, 0.0 ],
																	"rotationOrigin": [ 0.0, 0.0, 0.0 ],
																	"rotationY": -1.0,
																	"faces": {
																		"north": { "texture": "#belt-waist-plain-right-metal", "uv": [ 0.0, 0.0, 0.5, 0.5 ], "autoUv": false },
																		"east": { "texture": "#belt-waist-plain-right-metal", "uv": [ 0.0, 1.0, 14.0, 1.5 ], "autoUv": false },
																		"south": { "texture": "#belt-waist-plain-right-metal", "uv": [ 1.0, 0.5, 1.5, 1.0 ], "autoUv": false },
																		"west": { "texture": "#belt-waist-plain-right-metal", "uv": [ 0.0, 1.0, 14.0, 1.5 ], "autoUv": false },
																		"up": { "texture": "#belt-waist-plain-right-metal", "uv": [ 2.0, 0.0, 2.5, 14.0 ], "autoUv": false },
																		"down": { "texture": "#belt-waist-plain-right-metal", "uv": [ 2.5, 0.0, 3.0, 14.0 ], "autoUv": false }
																	},
																	"children": [
																		{
																			"name": "belt-waist-plain-right-metal_8",
																			"from": [ 0.0, 0.0, -1.015 ],
																			"to": [ 0.25, 0.1, 0.0 ],
																			"rotationOrigin": [ 0.0, 0.0, 0.0 ],
																			"rotationY": -1.0,
																			"faces": {
																				"north": { "texture": "#belt-waist-plain-right-metal", "uv": [ 0.0, 0.0, 0.5, 0.5 ], "autoUv": false },
																				"east": { "texture": "#belt-waist-plain-right-metal", "uv": [ 0.0, 0.0, 2.0, 0.5 ], "autoUv": false },
																				"south": { "texture": "#belt-waist-plain-right-metal", "uv": [ 0.0, 0.0, 0.5, 0.5 ], "autoUv": false },
																				"west": { "texture": "#belt-waist-plain-right-metal", "uv": [ 0.0, 0.0, 2.0, 0.5 ], "autoUv": false },
																				"up": { "texture": "#belt-waist-plain-right-metal", "uv": [ 0.0, 0.0, 0.5, 2.0 ], "autoUv": false },
																				"down": { "texture": "#belt-waist-plain-right-metal", "uv": [ 0.0, 0.0, 0.5, 2.0 ], "autoUv": false }
																			}
																		}
																	]
																},
																{
																	"name": "rib_2",
																	"from": [ 0.3, -0.1, 0.0 ],
																	"to": [ 0.6, 0.2, 8.0 ],
																	"rotationOrigin": [ 0.45, 0.05, 8.0 ],
																	"rotationZ": 45.0,
																	"faces": {
																		"north": { "texture": "#belt-waist-plain-right-metal", "uv": [ 0.0, 0.0, 0.5, 0.5 ], "autoUv": false },
																		"east": { "texture": "#belt-waist-plain-right-metal", "uv": [ 0.0, 11.5, 16.0, 12.0 ], "autoUv": false },
																		"south": { "texture": "#belt-waist-plain-right-metal", "uv": [ 0.0, 0.0, 0.5, 0.5 ], "autoUv": false },
																		"west": { "texture": "#belt-waist-plain-right-metal", "uv": [ 0.0, 8.5, 16.0, 9.0 ], "autoUv": false },
																		"up": { "texture": "#belt-waist-plain-right-metal", "uv": [ 7.5, 0.0, 8.0, 16.0 ], "autoUv": false },
																		"down": { "texture": "#belt-waist-plain-right-metal", "uv": [ 10.5, 0.0, 11.0, 16.0 ], "autoUv": false }
																	},
																	"children": [
																		{
																			"name": "rib_3",
																			"from": [ 0.0, 0.0, -4.85 ],
																			"to": [ 0.3, 0.3, 0.0 ],
																			"rotationOrigin": [ 0.1, 0.1, -4.85 ],
																			"faces": {
																				"north": { "texture": "#belt-waist-plain-right-metal", "uv": [ 0.0, 0.0, 0.5, 0.5 ], "autoUv": false },
																				"east": { "texture": "#belt-waist-plain-right-metal", "uv": [ 3.5, 4.5, 13.0, 5.0 ], "autoUv": false },
																				"south": { "texture": "#belt-waist-plain-right-metal", "uv": [ 0.5, 0.0, 1.0, 0.5 ], "autoUv": false },
																				"west": { "texture": "#belt-waist-plain-right-metal", "uv": [ 4.0, 4.5, 13.5, 5.0 ], "autoUv": false },
																				"up": { "texture": "#belt-waist-plain-right-metal", "uv": [ 6.5, 4.0, 7.0, 13.5 ], "autoUv": false },
																				"down": { "texture": "#belt-waist-plain-right-metal", "uv": [ 7.0, 2.5, 7.5, 12.0 ], "autoUv": false }
																			}
																		}
																	]
																},
																{
																	"name": "rib_6",
																	"from": [ 0.6, -0.1, 0.0 ],
																	"to": [ 0.9, 0.2, 8.0 ],
																	"rotationOrigin": [ 0.75, 0.05, 8.0 ],
																	"rotationY": 1.3,
																	"rotationZ": 45.0,
																	"faces": {
																		"north": { "texture": "#belt-waist-plain-right-metal", "uv": [ 0.0, 0.0, 0.5, 0.5 ], "autoUv": false },
																		"east": { "texture": "#belt-waist-plain-right-metal", "uv": [ 0.0, 8.5, 16.0, 9.0 ], "autoUv": false },
																		"south": { "texture": "#belt-waist-plain-right-metal", "uv": [ 0.0, 0.0, 0.5, 0.5 ], "autoUv": false },
																		"west": { "texture": "#belt-waist-plain-right-metal", "uv": [ 0.0, 12.0, 16.0, 12.5 ], "autoUv": false },
																		"up": { "texture": "#belt-waist-plain-right-metal", "uv": [ 11.5, 0.0, 12.0, 16.0 ], "autoUv": false },
																		"down": { "texture": "#belt-waist-plain-right-metal", "uv": [ 13.0, 0.0, 13.5, 16.0 ], "autoUv": false }
																	}
																}
															]
														},
														{
															"name": "belt-waist-plain-right-metal_3",
															"from": [ -0.1, 0.1, -8.0 ],
															"to": [ 0.4, 0.2, 0.0 ],
															"rotationOrigin": [ -0.1, 0.1, 0.0 ],
															"faces": {
																"north": { "texture": "#belt-waist-plain-right-metal", "uv": [ 0.0, 0.0, 1.0, 0.5 ], "autoUv": false },
																"east": { "texture": "#belt-waist-plain-right-metal", "uv": [ 0.0, 0.0, 16.0, 0.5 ], "autoUv": false },
																"south": { "texture": "#belt-waist-plain-right-metal", "uv": [ 0.0, 0.0, 1.0, 0.5 ], "autoUv": false },
																"west": { "texture": "#belt-waist-plain-right-metal", "uv": [ 0.0, 0.0, 16.0, 0.5 ], "autoUv": false },
																"up": { "texture": "#belt-waist-plain-right-metal", "uv": [ 0.0, 0.0, 1.0, 16.0 ], "autoUv": false },
																"down": { "texture": "#belt-waist-plain-right-metal", "uv": [ 0.0, 0.0, 1.0, 16.0 ], "autoUv": false }
															},
															"children": [
																{
																	"name": "belt-waist-plain-right-metal_4",
																	"from": [ 0.05, 0.005, -7.0 ],
																	"to": [ 0.45, 0.095, 0.0 ],
																	"rotationOrigin": [ 0.05, 0.0, 0.0 ],
																	"faces": {
																		"north": { "texture": "#belt-waist-plain-right-metal", "uv": [ 0.0, 0.0, 0.5, 0.5 ], "autoUv": false },
																		"east": { "texture": "#belt-waist-plain-right-metal", "uv": [ 0.0, 0.0, 14.0, 0.5 ], "autoUv": false },
																		"south": { "texture": "#belt-waist-plain-right-metal", "uv": [ 0.0, 0.0, 0.5, 0.5 ], "autoUv": false },
																		"west": { "texture": "#belt-waist-plain-right-metal", "uv": [ 0.0, 0.0, 14.0, 0.5 ], "autoUv": false },
																		"up": { "texture": "#belt-waist-plain-right-metal", "uv": [ 0.0, 0.0, 0.5, 14.0 ], "autoUv": false },
																		"down": { "texture": "#belt-waist-plain-right-metal", "uv": [ 0.0, 0.0, 0.5, 14.0 ], "autoUv": false }
																	}
																},
																{
																	"name": "belt-waist-plain-right-metal_10",
																	"from": [ 0.15, -0.005, -8.08 ],
																	"to": [ 0.34, 0.105, -7.89 ],
																	"rotationOrigin": [ 0.25, -0.1, -7.99 ],
																	"rotationY": 45.0,
																	"faces": {
																		"north": { "texture": "#belt-waist-plain-right-metal", "uv": [ 0.0, 0.0, 0.5, 0.5 ], "autoUv": false },
																		"east": { "texture": "#belt-waist-plain-right-metal", "uv": [ 0.0, 0.0, 0.5, 0.5 ], "autoUv": false },
																		"south": { "texture": "#belt-waist-plain-right-metal", "uv": [ 0.0, 0.0, 0.5, 0.5 ], "autoUv": false },
																		"west": { "texture": "#belt-waist-plain-right-metal", "uv": [ 0.0, 0.0, 0.5, 0.5 ], "autoUv": false },
																		"up": { "texture": "#belt-waist-plain-right-metal", "uv": [ 0.0, 0.0, 0.5, 0.5 ], "autoUv": false },
																		"down": { "texture": "#belt-waist-plain-right-metal", "uv": [ 0.0, 0.0, 0.5, 0.5 ], "autoUv": false }
																	}
																},
																{
																	"name": "rib_8",
																	"from": [ 0.1, -0.1, 0.0 ],
																	"to": [ 0.4, 0.2, 8.0 ],
																	"rotationOrigin": [ 0.2491, 0.05, 8.0 ],
																	"rotationZ": 45.0,
																	"faces": {
																		"north": { "texture": "#belt-waist-plain-right-metal", "uv": [ 0.0, 0.0, 0.5, 0.5 ], "autoUv": false },
																		"east": { "texture": "#belt-waist-plain-right-metal", "uv": [ 0.0, 8.5, 16.0, 9.0 ], "autoUv": false },
																		"south": { "texture": "#belt-waist-plain-right-metal", "uv": [ 0.0, 0.0, 0.5, 0.5 ], "autoUv": false },
																		"west": { "texture": "#belt-waist-plain-right-metal", "uv": [ 0.0, 10.0, 16.0, 10.5 ], "autoUv": false },
																		"up": { "texture": "#belt-waist-plain-right-metal", "uv": [ 9.0, 0.0, 9.5, 16.0 ], "autoUv": false },
																		"down": { "texture": "#belt-waist-plain-right-metal", "uv": [ 11.0, 0.0, 11.5, 16.0 ], "autoUv": false }
																	},
																	"children": [
																		{
																			"name": "rib_9",
																			"from": [ 0.0, 0.0, -4.85 ],
																			"to": [ 0.3, 0.3, 0.0 ],
																			"rotationOrigin": [ 0.1, 0.1, -4.85 ],
																			"faces": {
																				"north": { "texture": "#belt-waist-plain-right-metal", "uv": [ 0.0, 0.0, 0.5, 0.5 ], "autoUv": false },
																				"east": { "texture": "#belt-waist-plain-right-metal", "uv": [ 1.0, 3.5, 10.5, 4.0 ], "autoUv": false },
																				"south": { "texture": "#belt-waist-plain-right-metal", "uv": [ 0.5, 0.0, 1.0, 0.5 ], "autoUv": false },
																				"west": { "texture": "#belt-waist-plain-right-metal", "uv": [ 2.5, 3.5, 12.0, 4.0 ], "autoUv": false },
																				"up": { "texture": "#belt-waist-plain-right-metal", "uv": [ 4.0, 2.5, 4.5, 12.0 ], "autoUv": false },
																				"down": { "texture": "#belt-waist-plain-right-metal", "uv": [ 4.0, 2.0, 4.5, 11.5 ], "autoUv": false }
																			}
																		}
																	]
																}
															]
														},
														{
															"name": "belt-waist-plain-right-metal_11",
															"from": [ 0.35, 0.1, -8.0 ],
															"to": [ 1.25, 0.2, 0.0 ],
															"rotationOrigin": [ 1.25, 0.1, 0.0 ],
															"rotationY": 2.9,
															"faces": {
																"north": { "texture": "#belt-waist-plain-right-metal", "uv": [ 0.0, 0.0, 1.5, 0.5 ], "autoUv": false },
																"east": { "texture": "#belt-waist-plain-right-metal", "uv": [ 0.0, 0.0, 16.0, 0.5 ], "autoUv": false },
																"south": { "texture": "#belt-waist-plain-right-metal", "uv": [ 0.0, 0.0, 1.5, 0.5 ], "autoUv": false },
																"west": { "texture": "#belt-waist-plain-right-metal", "uv": [ 0.0, 0.0, 16.0, 0.5 ], "autoUv": false },
																"up": { "texture": "#belt-waist-plain-right-metal", "uv": [ 0.0, 0.0, 1.5, 16.0 ], "autoUv": false },
																"down": { "texture": "#belt-waist-plain-right-metal", "uv": [ 0.0, 0.0, 1.5, 16.0 ], "autoUv": false }
															},
															"children": [
																{
																	"name": "belt-waist-plain-right-metal_12",
																	"from": [ 0.6, 0.0, -7.0 ],
																	"to": [ 0.9, 0.1, 0.0 ],
																	"rotationOrigin": [ 1.0, 0.0, 0.0 ],
																	"rotationY": 1.0,
																	"faces": {
																		"north": { "texture": "#belt-waist-plain-right-metal", "uv": [ 0.0, 0.0, 0.5, 0.5 ], "autoUv": false },
																		"east": { "texture": "#belt-waist-plain-right-metal", "uv": [ 0.0, 0.0, 14.0, 0.5 ], "autoUv": false },
																		"south": { "texture": "#belt-waist-plain-right-metal", "uv": [ 0.0, 0.0, 0.5, 0.5 ], "autoUv": false },
																		"west": { "texture": "#belt-waist-plain-right-metal", "uv": [ 0.0, 0.0, 14.0, 0.5 ], "autoUv": false },
																		"up": { "texture": "#belt-waist-plain-right-metal", "uv": [ 0.0, 0.0, 0.5, 14.0 ], "autoUv": false },
																		"down": { "texture": "#belt-waist-plain-right-metal", "uv": [ 0.0, 0.0, 0.5, 14.0 ], "autoUv": false }
																	},
																	"children": [
																		{
																			"name": "belt-waist-plain-right-metal_14",
																			"from": [ 0.05, 0.0, -1.015 ],
																			"to": [ 0.3, 0.1, 0.0 ],
																			"rotationOrigin": [ 0.3, 0.0, 0.0 ],
																			"rotationY": 1.0,
																			"faces": {
																				"north": { "texture": "#belt-waist-plain-right-metal", "uv": [ 1.0, 1.0, 1.5, 1.5 ], "autoUv": false },
																				"east": { "texture": "#belt-waist-plain-right-metal", "uv": [ 0.5, 1.0, 2.5, 1.5 ], "autoUv": false },
																				"south": { "texture": "#belt-waist-plain-right-metal", "uv": [ 0.0, 0.0, 0.5, 0.5 ], "autoUv": false },
																				"west": { "texture": "#belt-waist-plain-right-metal", "uv": [ 0.5, 1.0, 2.5, 1.5 ], "autoUv": false },
																				"up": { "texture": "#belt-waist-plain-right-metal", "uv": [ 1.5, 1.0, 2.0, 3.0 ], "autoUv": false },
																				"down": { "texture": "#belt-waist-plain-right-metal", "uv": [ 1.0, 1.5, 1.5, 3.5 ], "autoUv": false }
																			}
																		}
																	]
																},
																{
																	"name": "rib_0",
																	"from": [ 0.3, -0.1, 0.0 ],
																	"to": [ 0.6, 0.2, 8.0 ],
																	"rotationOrigin": [ 0.45, 0.05, 0.0 ],
																	"rotationZ": 45.0,
																	"faces": {
																		"north": { "texture": "#belt-waist-plain-right-metal", "uv": [ 0.0, 0.0, 0.5, 0.5 ], "autoUv": false },
																		"east": { "texture": "#belt-waist-plain-right-metal", "uv": [ 0.0, 9.0, 16.0, 9.5 ], "autoUv": false },
																		"south": { "texture": "#belt-waist-plain-right-metal", "uv": [ 0.0, 0.0, 0.5, 0.5 ], "autoUv": false },
																		"west": { "texture": "#belt-waist-plain-right-metal", "uv": [ 0.0, 9.5, 16.0, 10.0 ], "autoUv": false },
																		"up": { "texture": "#belt-waist-plain-right-metal", "uv": [ 9.0, 0.0, 9.5, 16.0 ], "autoUv": false },
																		"down": { "texture": "#belt-waist-plain-right-metal", "uv": [ 11.5, 0.0, 12.0, 16.0 ], "autoUv": false }
																	},
																	"children": [
																		{
																			"name": "rib_1",
																			"from": [ 0.0, 0.0, -4.85 ],
																			"to": [ 0.3, 0.3, 0.0 ],
																			"rotationOrigin": [ 0.1, 0.1, -4.85 ],
																			"faces": {
																				"north": { "texture": "#belt-waist-plain-right-metal", "uv": [ 0.0, 0.0, 0.5, 0.5 ], "autoUv": false },
																				"east": { "texture": "#belt-waist-plain-right-metal", "uv": [ 1.0, 4.0, 10.5, 4.5 ], "autoUv": false },
																				"south": { "texture": "#belt-waist-plain-right-metal", "uv": [ 0.5, 0.0, 1.0, 0.5 ], "autoUv": false },
																				"west": { "texture": "#belt-waist-plain-right-metal", "uv": [ 2.5, 4.0, 12.0, 4.5 ], "autoUv": false },
																				"up": { "texture": "#belt-waist-plain-right-metal", "uv": [ 5.5, 2.5, 6.0, 12.0 ], "autoUv": false },
																				"down": { "texture": "#belt-waist-plain-right-metal", "uv": [ 5.5, 2.0, 6.0, 11.5 ], "autoUv": false }
																			}
																		}
																	]
																},
																{
																	"name": "rib_4",
																	"from": [ -0.05, -0.1, 0.0 ],
																	"to": [ 0.25, 0.2, 8.0 ],
																	"rotationOrigin": [ 0.1, 0.05, 8.0 ],
																	"rotationY": -1.6,
																	"rotationZ": 45.0,
																	"faces": {
																		"north": { "texture": "#belt-waist-plain-right-metal", "uv": [ 0.0, 0.0, 0.5, 0.5 ], "autoUv": false },
																		"east": { "texture": "#belt-waist-plain-right-metal", "uv": [ 0.0, 10.0, 16.0, 10.5 ], "autoUv": false },
																		"south": { "texture": "#belt-waist-plain-right-metal", "uv": [ 0.0, 0.0, 0.5, 0.5 ], "autoUv": false },
																		"west": { "texture": "#belt-waist-plain-right-metal", "uv": [ 0.0, 11.0, 16.0, 11.5 ], "autoUv": false },
																		"up": { "texture": "#belt-waist-plain-right-metal", "uv": [ 10.5, 0.0, 11.0, 16.0 ], "autoUv": false },
																		"down": { "texture": "#belt-waist-plain-right-metal", "uv": [ 12.5, 0.0, 13.0, 16.0 ], "autoUv": false }
																	}
																}
															]
														}
													]
												}
											]
										},
										{
											"name": "Handle",
											"from": [ 0.0, 0.0, 0.0 ],
											"to": [ 0.0, 0.0, 0.5 ],
											"faces": {
												"north": { "texture": "#belt-waist-plain-right-metal", "uv": [ 0.0, 0.0, 0.5, 0.5 ], "autoUv": false },
												"east": { "texture": "#belt-waist-plain-right-metal", "uv": [ 0.0, 0.0, 1.0, 0.5 ], "autoUv": false },
												"south": { "texture": "#belt-waist-plain-right-metal", "uv": [ 0.0, 0.0, 0.5, 0.5 ], "autoUv": false },
												"west": { "texture": "#belt-waist-plain-right-metal", "uv": [ 0.0, 0.0, 1.0, 0.5 ], "autoUv": false },
												"up": { "texture": "#belt-waist-plain-right-metal", "uv": [ 0.0, 0.0, 0.5, 1.0 ], "autoUv": false },
												"down": { "texture": "#belt-waist-plain-right-metal", "uv": [ 0.0, 0.0, 0.5, 1.0 ], "autoUv": false }
											},
											"children": [
												{
													"name": "belt-waist-plain-right-leather_0",
													"from": [ -0.4, -0.25, 0.25 ],
													"to": [ 0.4, 0.25, 2.75 ],
													"rotationOrigin": [ -0.4, -0.25, 0.25 ],
													"faces": {
														"north": { "texture": "#belt-waist-plain-right-leather", "uv": [ 0.0, 0.0, 1.5, 1.0 ], "autoUv": false },
														"east": { "texture": "#belt-waist-plain-right-leather", "uv": [ 0.0, 0.0, 5.0, 1.0 ], "autoUv": false },
														"south": { "texture": "#belt-waist-plain-right-leather", "uv": [ 0.0, 0.0, 1.5, 1.0 ], "autoUv": false },
														"west": { "texture": "#belt-waist-plain-right-leather", "uv": [ 0.0, 0.0, 5.0, 1.0 ], "autoUv": false },
														"up": { "texture": "#belt-waist-plain-right-leather", "uv": [ 0.0, 0.0, 1.5, 5.0 ], "autoUv": false },
														"down": { "texture": "#belt-waist-plain-right-leather", "uv": [ 0.0, 0.0, 1.5, 5.0 ], "autoUv": false }
													}
												},
												{
													"name": "belt-waist-plain-right-leather_1",
													"from": [ -0.4, -0.25, 2.75 ],
													"to": [ 0.4, 0.25, 3.0 ],
													"rotationOrigin": [ -0.4, -0.25, 2.75 ],
													"faces": {
														"north": { "texture": "#belt-waist-plain-right-metal", "uv": [ 0.0, 0.0, 1.5, 1.0 ], "autoUv": false },
														"east": { "texture": "#belt-waist-plain-right-metal", "uv": [ 0.0, 0.0, 0.5, 1.0 ], "autoUv": false },
														"south": { "texture": "#belt-waist-plain-right-metal", "uv": [ 0.0, 0.0, 1.5, 1.0 ], "autoUv": false },
														"west": { "texture": "#belt-waist-plain-right-metal", "uv": [ 0.0, 0.0, 0.5, 1.0 ], "autoUv": false },
														"up": { "texture": "#belt-waist-plain-right-metal", "uv": [ 0.0, 0.0, 1.5, 0.5 ], "autoUv": false },
														"down": { "texture": "#belt-waist-plain-right-metal", "uv": [ 0.0, 0.0, 1.5, 0.5 ], "autoUv": false }
													}
												},
												{
													"name": "belt-waist-plain-right-leather_2",
													"from": [ -0.4, -0.25, 0.0 ],
													"to": [ 0.4, 0.25, 0.25 ],
													"rotationOrigin": [ -0.4, -0.25, 0.0 ],
													"faces": {
														"north": { "texture": "#belt-waist-plain-right-metal", "uv": [ 0.0, 0.0, 1.5, 1.0 ], "autoUv": false },
														"east": { "texture": "#belt-waist-plain-right-metal", "uv": [ 0.0, 0.0, 0.5, 1.0 ], "autoUv": false },
														"south": { "texture": "#belt-waist-plain-right-metal", "uv": [ 0.0, 0.0, 1.5, 1.0 ], "autoUv": false },
														"west": { "texture": "#belt-waist-plain-right-metal", "uv": [ 0.0, 0.0, 0.5, 1.0 ], "autoUv": false },
														"up": { "texture": "#belt-waist-plain-right-metal", "uv": [ 0.0, 0.0, 1.5, 0.5 ], "autoUv": false },
														"down": { "texture": "#belt-waist-plain-right-metal", "uv": [ 0.0, 0.0, 1.5, 0.5 ], "autoUv": false }
													}
												}
											]
										}
									]
								}
							]
						}
					]
				}
			]
		}
	]}