{
	"editor": {
		"allAngles": false,
		"entityTextureMode": false
	},
	"textureWidth": 4,
	"textureHeight": 8,
	"textureSizes": {
		"fruit": [4,8]
	},
	"textures": {
	},
	"elements": [
		{
			"name": "Origin",
			"from": [ 8.0, 0.0, 8.0 ],
			"to": [ 8.0, 0.0, 8.0 ],
			"rotationOrigin": [ 8.0, 0.0, 8.0 ],
			"faces": {
			},
			"children": [
				{
					"name": "Stem",
					"from": [ -4.0, 1.3, 0.0 ],
					"to": [ 4.0, 2.3, 1.0 ],
					"rotationOrigin": [ -4.0, 1.3, 0.0 ],
					"rotationX": -40.0,
					"faces": {
						"north": { "texture": "#fruit", "uv": [ 0.0, 0.0, 1.0, 8.0 ], "rotation": 90 },
						"east": { "texture": "#fruit", "uv": [ 0.0, 0.0, 1.0, 1.0 ] },
						"south": { "texture": "#fruit", "uv": [ 0.0, 0.0, 1.0, 8.0 ], "rotation": 90, "windMode": [-1,-1,-1,-1] },
						"west": { "texture": "#fruit", "uv": [ 0.0, 0.0, 1.0, 1.0 ] },
						"up": { "texture": "#fruit", "uv": [ 0.0, 0.0, 1.0, 8.0 ], "rotation": 90, "windMode": [-1,-1,-1,-1] },
						"down": { "texture": "#fruit", "uv": [ 0.0, 0.0, 1.0, 8.0 ], "rotation": 90, "windMode": [-1,-1,-1,-1] }
					},
					"children": [
						{
							"name": "berry stem 1",
							"from": [ 1.0, 1.0, 0.2 ],
							"to": [ 1.6, 2.0, 0.8 ],
							"rotationOrigin": [ 1.0, 1.0, 0.2 ],
							"faces": {
								"north": { "texture": "#fruit", "uv": [ 0.0, 0.0, 0.5, 1.0 ] },
								"east": { "texture": "#fruit", "uv": [ 0.0, 0.0, 0.5, 1.0 ] },
								"south": { "texture": "#fruit", "uv": [ 0.0, 0.0, 0.5, 1.0 ] },
								"west": { "texture": "#fruit", "uv": [ 0.0, 0.0, 0.5, 1.0 ] }
							},
							"children": [
								{
									"name": "berry 1",
									"from": [ -0.2, 1.0, -0.2 ],
									"to": [ 0.8, 2.0, 0.8 ],
									"rotationOrigin": [ -0.2, 1.0, -0.2 ],
									"faces": {
										"north": { "texture": "#fruit", "uv": [ 1.5, 0.0, 2.5, 1.0 ] },
										"east": { "texture": "#fruit", "uv": [ 1.5, 0.5, 2.5, 1.5 ] },
										"south": { "texture": "#fruit", "uv": [ 3.0, 0.0, 4.0, 1.0 ], "windMode": [-1,-1,-1,-1] },
										"west": { "texture": "#fruit", "uv": [ 2.0, 1.0, 3.0, 2.0 ], "windMode": [-1,-1,-1,-1] },
										"up": { "texture": "#fruit", "uv": [ 1.0, 1.0, 2.0, 2.0 ], "windMode": [-1,-1,-1,-1] },
										"down": { "texture": "#fruit", "uv": [ 2.0, 1.0, 3.0, 2.0 ], "windMode": [-1,-1,-1,-1] }
									}
								}
							]
						},
						{
							"name": "Berry stem 2",
							"from": [ 0.4, 0.2, 1.0 ],
							"to": [ 1.0, 0.8, 2.0 ],
							"rotationOrigin": [ 0.4, 0.2, 1.0 ],
							"faces": {
								"east": { "texture": "#fruit", "uv": [ 0.0, 0.0, 1.0, 0.5 ] },
								"west": { "texture": "#fruit", "uv": [ 0.0, 0.0, 1.0, 0.5 ] },
								"up": { "texture": "#fruit", "uv": [ 0.0, 0.0, 0.5, 1.0 ] },
								"down": { "texture": "#fruit", "uv": [ 0.0, 0.0, 0.5, 1.0 ] }
							},
							"children": [
								{
									"name": "Berry 2",
									"from": [ -0.2, -0.2, 1.0 ],
									"to": [ 0.8, 0.8, 2.0 ],
									"rotationOrigin": [ -0.2, -0.2, 1.0 ],
									"faces": {
										"north": { "texture": "#fruit", "uv": [ 2.0, 3.5, 3.0, 4.5 ] },
										"east": { "texture": "#fruit", "uv": [ 1.5, 3.5, 2.5, 4.5 ] },
										"south": { "texture": "#fruit", "uv": [ 2.0, 3.0, 3.0, 4.0 ], "windMode": [-1,-1,-1,-1] },
										"west": { "texture": "#fruit", "uv": [ 3.0, 4.0, 4.0, 5.0 ], "windMode": [-1,-1,-1,-1] },
										"up": { "texture": "#fruit", "uv": [ 3.0, 3.0, 4.0, 4.0 ], "windMode": [-1,-1,-1,-1] },
										"down": { "texture": "#fruit", "uv": [ 2.0, 3.0, 3.0, 4.0 ], "windMode": [-1,-1,-1,-1] }
									}
								}
							]
						},
						{
							"name": "Berry stem 3",
							"from": [ 0.2, -1.0, 0.2 ],
							"to": [ 0.8, 0.0, 0.8 ],
							"rotationOrigin": [ 0.2, -1.0, 0.2 ],
							"faces": {
								"north": { "texture": "#fruit", "uv": [ 0.0, 0.0, 0.5, 1.0 ] },
								"east": { "texture": "#fruit", "uv": [ 0.0, 0.0, 0.5, 1.0 ] },
								"south": { "texture": "#fruit", "uv": [ 0.0, 0.0, 0.5, 1.0 ] },
								"west": { "texture": "#fruit", "uv": [ 0.0, 0.0, 0.5, 1.0 ] }
							},
							"children": [
								{
									"name": "Berry 3",
									"from": [ -0.2, -1.0, -0.2 ],
									"to": [ 0.8, 0.0, 0.8 ],
									"rotationOrigin": [ -0.2, -1.0, -0.2 ],
									"faces": {
										"north": { "texture": "#fruit", "uv": [ 2.5, 6.0, 3.5, 7.0 ] },
										"east": { "texture": "#fruit", "uv": [ 1.0, 5.5, 2.0, 6.5 ] },
										"south": { "texture": "#fruit", "uv": [ 2.0, 6.0, 3.0, 7.0 ], "windMode": [-1,-1,-1,-1] },
										"west": { "texture": "#fruit", "uv": [ 2.0, 6.0, 3.0, 7.0 ], "windMode": [-1,-1,-1,-1] },
										"up": { "texture": "#fruit", "uv": [ 2.0, 6.0, 3.0, 7.0 ], "windMode": [-1,-1,-1,-1] },
										"down": { "texture": "#fruit", "uv": [ 1.0, 6.0, 2.0, 7.0 ], "windMode": [-1,-1,-1,-1] }
									}
								}
							]
						},
						{
							"name": "Berry stem 4",
							"from": [ 1.0, 0.2, -1.0 ],
							"to": [ 1.6, 0.8, 0.0 ],
							"rotationOrigin": [ 1.0, 0.2, -1.0 ],
							"faces": {
								"east": { "texture": "#fruit", "uv": [ 0.0, 0.0, 1.0, 0.5 ] },
								"west": { "texture": "#fruit", "uv": [ 0.0, 0.0, 1.0, 0.5 ] },
								"up": { "texture": "#fruit", "uv": [ 0.0, 0.0, 0.5, 1.0 ] },
								"down": { "texture": "#fruit", "uv": [ 0.0, 0.0, 0.5, 1.0 ] }
							},
							"children": [
								{
									"name": "Berry 4",
									"from": [ -0.2, -0.2, -1.0 ],
									"to": [ 0.8, 0.8, 0.0 ],
									"rotationOrigin": [ -0.2, -0.2, -1.0 ],
									"faces": {
										"north": { "texture": "#fruit", "uv": [ 1.5, 1.5, 2.5, 2.5 ] },
										"east": { "texture": "#fruit", "uv": [ 1.5, 0.5, 2.5, 1.5 ] },
										"south": { "texture": "#fruit", "uv": [ 2.0, 0.0, 3.0, 1.0 ], "windMode": [-1,-1,-1,-1] },
										"west": { "texture": "#fruit", "uv": [ 1.0, 1.0, 2.0, 2.0 ], "windMode": [-1,-1,-1,-1] },
										"up": { "texture": "#fruit", "uv": [ 2.0, 1.0, 3.0, 2.0 ], "windMode": [-1,-1,-1,-1] },
										"down": { "texture": "#fruit", "uv": [ 1.0, 1.0, 2.0, 2.0 ], "windMode": [-1,-1,-1,-1] }
									}
								}
							]
						},
						{
							"name": "berry stem 2",
							"from": [ 3.0, 1.0, 0.2 ],
							"to": [ 3.6, 2.0, 0.8 ],
							"rotationOrigin": [ 3.0, 1.0, 0.2 ],
							"faces": {
								"north": { "texture": "#fruit", "uv": [ 0.0, 0.0, 0.5, 1.0 ] },
								"east": { "texture": "#fruit", "uv": [ 0.0, 0.0, 0.5, 1.0 ] },
								"south": { "texture": "#fruit", "uv": [ 0.0, 0.0, 0.5, 1.0 ] },
								"west": { "texture": "#fruit", "uv": [ 0.0, 0.0, 0.5, 1.0 ] }
							},
							"children": [
								{
									"name": "berry 2",
									"from": [ -0.2, 1.0, -0.2 ],
									"to": [ 0.8, 2.0, 0.8 ],
									"rotationOrigin": [ -0.2, 1.0, -0.2 ],
									"faces": {
										"north": { "texture": "#fruit", "uv": [ 1.5, 0.0, 2.5, 1.0 ] },
										"east": { "texture": "#fruit", "uv": [ 1.5, 0.5, 2.5, 1.5 ] },
										"south": { "texture": "#fruit", "uv": [ 3.0, 0.0, 4.0, 1.0 ] },
										"west": { "texture": "#fruit", "uv": [ 2.0, 1.0, 3.0, 2.0 ] },
										"up": { "texture": "#fruit", "uv": [ 1.0, 1.0, 2.0, 2.0 ] },
										"down": { "texture": "#fruit", "uv": [ 2.0, 1.0, 3.0, 2.0 ] }
									}
								}
							]
						},
						{
							"name": "Berry stem 5",
							"from": [ 2.4, 0.2, 1.0 ],
							"to": [ 3.0, 0.8, 2.0 ],
							"rotationOrigin": [ 2.4, 0.2, 1.0 ],
							"faces": {
								"east": { "texture": "#fruit", "uv": [ 0.0, 0.0, 1.0, 0.5 ] },
								"west": { "texture": "#fruit", "uv": [ 0.0, 0.0, 1.0, 0.5 ] },
								"up": { "texture": "#fruit", "uv": [ 0.0, 0.0, 0.5, 1.0 ] },
								"down": { "texture": "#fruit", "uv": [ 0.0, 0.0, 0.5, 1.0 ] }
							},
							"children": [
								{
									"name": "Berry 5",
									"from": [ -0.2, -0.2, 1.0 ],
									"to": [ 0.8, 0.8, 2.0 ],
									"rotationOrigin": [ -0.2, -0.2, 1.0 ],
									"faces": {
										"north": { "texture": "#fruit", "uv": [ 1.5, 6.5, 2.5, 7.5 ] },
										"east": { "texture": "#fruit", "uv": [ 1.5, 6.0, 2.5, 7.0 ] },
										"south": { "texture": "#fruit", "uv": [ 2.0, 6.0, 3.0, 7.0 ], "windMode": [-1,-1,-1,-1] },
										"west": { "texture": "#fruit", "uv": [ 3.0, 7.0, 4.0, 8.0 ], "windMode": [-1,-1,-1,-1] },
										"up": { "texture": "#fruit", "uv": [ 3.0, 6.0, 4.0, 7.0 ], "windMode": [-1,-1,-1,-1] },
										"down": { "texture": "#fruit", "uv": [ 2.0, 6.0, 3.0, 7.0 ], "windMode": [-1,-1,-1,-1] }
									}
								}
							]
						},
						{
							"name": "Berry stem 6",
							"from": [ 2.2, -1.0, 0.2 ],
							"to": [ 2.8, 0.0, 0.8 ],
							"rotationOrigin": [ 2.2, -1.0, 0.2 ],
							"faces": {
								"north": { "texture": "#fruit", "uv": [ 0.0, 0.0, 0.5, 1.0 ] },
								"east": { "texture": "#fruit", "uv": [ 0.0, 0.0, 0.5, 1.0 ] },
								"south": { "texture": "#fruit", "uv": [ 0.0, 0.0, 0.5, 1.0 ] },
								"west": { "texture": "#fruit", "uv": [ 0.0, 0.0, 0.5, 1.0 ] }
							},
							"children": [
								{
									"name": "Berry 6",
									"from": [ -0.2, -1.0, -0.2 ],
									"to": [ 0.8, 0.0, 0.8 ],
									"rotationOrigin": [ -0.2, -1.0, -0.2 ],
									"faces": {
										"north": { "texture": "#fruit", "uv": [ 2.5, 6.0, 3.5, 7.0 ] },
										"east": { "texture": "#fruit", "uv": [ 1.0, 5.5, 2.0, 6.5 ] },
										"south": { "texture": "#fruit", "uv": [ 2.0, 6.0, 3.0, 7.0 ] },
										"west": { "texture": "#fruit", "uv": [ 2.0, 6.0, 3.0, 7.0 ] },
										"up": { "texture": "#fruit", "uv": [ 2.0, 6.0, 3.0, 7.0 ] },
										"down": { "texture": "#fruit", "uv": [ 1.0, 6.0, 2.0, 7.0 ] }
									}
								}
							]
						},
						{
							"name": "Berry stem 7",
							"from": [ 3.0, 0.2, -1.0 ],
							"to": [ 3.6, 0.8, 0.0 ],
							"rotationOrigin": [ 3.0, 0.2, -1.0 ],
							"faces": {
								"east": { "texture": "#fruit", "uv": [ 0.0, 0.0, 1.0, 0.5 ] },
								"west": { "texture": "#fruit", "uv": [ 0.0, 0.0, 1.0, 0.5 ] },
								"up": { "texture": "#fruit", "uv": [ 0.0, 0.0, 0.5, 1.0 ] },
								"down": { "texture": "#fruit", "uv": [ 0.0, 0.0, 0.5, 1.0 ] }
							},
							"children": [
								{
									"name": "Berry 7",
									"from": [ -0.2, -0.2, -1.0 ],
									"to": [ 0.8, 0.8, 0.0 ],
									"rotationOrigin": [ -0.2, -0.2, -1.0 ],
									"faces": {
										"north": { "texture": "#fruit", "uv": [ 1.5, 3.0, 2.5, 4.0 ] },
										"east": { "texture": "#fruit", "uv": [ 1.5, 3.5, 2.5, 4.5 ] },
										"south": { "texture": "#fruit", "uv": [ 2.0, 3.0, 3.0, 4.0 ], "windMode": [-1,-1,-1,-1] },
										"west": { "texture": "#fruit", "uv": [ 1.0, 3.0, 2.0, 4.0 ], "windMode": [-1,-1,-1,-1] },
										"up": { "texture": "#fruit", "uv": [ 2.0, 3.0, 3.0, 4.0 ], "windMode": [-1,-1,-1,-1] },
										"down": { "texture": "#fruit", "uv": [ 1.0, 3.0, 2.0, 4.0 ], "windMode": [-1,-1,-1,-1] }
									}
								}
							]
						}
					]
				}
			]
		}
	]}