{
	code: "armor",
	class: "ItemWearable",
	heldTpIdleAnimation: "holdunderarm",
	variantgroups: [
		{ code: "bodypart",  states: ["body"] },
		{ code: "construction",  states: [
			"kastenbrust"
		]},
		{ code: "material", states: [
			"blackbronze",
			"iron",
			"meteoriciron",
			"steel",
			"gold",
			"silver",
			"temporalit"
		]},
	],
	allowedVariants: [
		"armor-body-kastenbrust-*",
	],
	shapeByType: {
		"armor-*": { base: "spearexpantion:entity/humanoid/seraph/armor/plate/{bodypart}" }
	},
	texturesByType: {
		"*": {
			"seraph": { base: "game:block/transparent" },
			"material": {
				baseByType: {
					"*": "game:entity/humanoid/serapharmor/plate/{material}"
				}
			}
		}
	},
	storageFlags: 128,
	attributes: {
		visibleDamageEffect: true,
		wearableAttachment: true,
		clothescategoryByType: {
			"armor-body-*": "armorbody"
		},
		disableElementsByType: {
			"armor-body-*": ["Waist", "hideupperarm", "hidelowerarm"]
		},
		defaultProtLoss: {
			perTierRelativeProtectionLoss: [0.03, 0.15],
			perTierFlatDamageReductionLoss: [0.1, 0.2],
		},
		footStepSoundByType: {
			"armor-body-kastenbrust-*": "game:wearable/plate*"
		},
		protectionModifiersByType: {
			"armor-*-*-gold": {
				relativeProtection: 0.9,
				flatDamageReduction: 1.5,
				highDamageTierResistant: true,
				protectionTier: 1
			},
			"armor-*-*-silver": {
				relativeProtection: 0.92,
				flatDamageReduction: 1.5,
				highDamageTierResistant: true,
				protectionTier: 2
			},
			"armor-*-*-blackbronze": {
				relativeProtection: 0.95,
				flatDamageReduction: 1.65,
				highDamageTierResistant: true,
				protectionTier: 2
			},
			"armor-*-*-iron": {
				relativeProtection: 0.96,
				flatDamageReduction: 1.7,
				highDamageTierResistant: true,
				protectionTier: 3
			},
			"armor-*-*-meteoriciron": {
				relativeProtection: 0.962,
				flatDamageReduction: 1.72,
				highDamageTierResistant: true,
				protectionTier: 3
			},
			"armor-*-*-steel": {
				relativeProtection: 0.97,
				flatDamageReduction: 1.8,
				highDamageTierResistant: true,
				protectionTier: 4
			},
			"armor-*-*-temporalit": {
				relativeProtection: 0.98,
				flatDamageReduction: 2.5,
				highDamageTierResistant: true,
				protectionTier: 5
			}
		},
		statModifiersByType: {
			"armor-*-*-*": {
				rangedWeaponsAcc: -0.1,
				rangedWeaponsSpeed: -0.2,
				walkSpeed: -0.14,
				healingeffectivness: -0.3334,
				hungerrate: 0.24
			}
		}
	},
	creativeinventory: { "general": ["*"], "items": ["*"], "clothing": ["*"], "expantion": ["*"] },
	renderAlphaTest: 0.25,
	durabilityByType: {
		"armor-body-kastenbrust-gold": 400,
		"armor-body-kastenbrust-silver": 1000,
		"armor-body-kastenbrust-blackbronze": 1200,
		"armor-body-kastenbrust-iron": 2200,
		"armor-body-kastenbrust-meteoriciron": 2800,
		"armor-body-kastenbrust-steel": 5500,
		"armor-body-kastenbrust-temporalit": 7300
	},
	
	fpHandTransformByType: {
		"armor-body-*": {
			translation: { x: 0.4, y: -1.2, z: -0.5 },
			rotation: { x: 163, y: -111, z: -180 },
			origin: { x: 0.5, y: 1.6, z: 0.5 },
			scale: 2.15
		}
	},
	tpHandTransformByType: {
		"armor-body-*": {
			translation: { x: -1, y: -1.9, z: -0.5 },
			rotation: { x: 97, y: -168, z: 94 },
			origin: { x: 0.5, y: 1.5, z: 0.5 },
			scale: 0.67
		}
	},
	guiTransformByType: {
		"armor-body-*": {
			translation: { x: 3, y: 0, z: 0 },
			rotation: { x: -26, y: -46, z: -180 },
			origin: { x: 0.5, y: 1.11, z: 0.5 },
			scale: 1.37
		}
	},
	groundTransformByType: {
		"armor-body-*": {
			translation: { x: 0, y: 0, z: 0 },
			rotation: { x: 0, y: 0, z: 90 },
			origin: { x: 0.34, y: 1.12, z: 0.5 },
			scale: 3.1
		}
	},

}