[
	{
		ingredientPattern: "BL,C_,P_",
		"enabled": true,
		recipeGroup: 2,
		ingredients: {
			"B": { type: "item", code: "spearexpantion:armor-body-kastenbrust-*", name: "metal", allowedVariants: ["blackbronze", "iron", "meteoriciron", "steel", "gold", "silver", "temporalit"] },
			"P": { type: "item", code: "game:metalplate-*", name: "metal", allowedVariants: ["blackbronze", "iron", "meteoriciron", "steel", "gold", "silver", "temporalit"] },
			"C": { type: "item", code: "game:metalchain-*", name: "metal", allowedVariants: ["blackbronze", "iron", "meteoriciron", "steel", "gold", "silver", "temporalit"] },
			"L": { type: "item", code: "game:leather-normal-*" }
		},
		width: 2,
		height: 3,
		shapeless: true,
		copyAttributesFrom: 'B',
		averageDurability: false,
		name: "plate body armor repair",
		output: { type: "item", code: "spearexpantion:armor-body-kastenbrust-{metal}"  }
	}
]