[
	{
		ingredientPattern: "B,L",
		recipeGroup: 2,
		ingredients: {
			"B": { type: "item", code: "spearexpantion:armor-head-lamellar-*", name: "metal", allowedVariants: ["iron", "meteoriciron", "steel", "temporalit"] },
			"L": { type: "item", code: "game:metallamellae-*", name: "metal", allowedVariants: ["iron", "meteoriciron", "steel", "temporalit"]  }
		},
		width: 1,
		height: 2,
		shapeless: true,
		copyAttributesFrom: 'B',
		averageDurability: false,
		name: "metal lamellar helmet repair",
		output: { type: "item", code: "spearexpantion:armor-head-lamellar-{metal}"  }
	},
	{
		ingredientPattern: "B,X",
		recipeGroup: 2,
		ingredients: {
			"B": { type: "item", code: "spearexpantion:armor-body-lamellar-*", name: "metal", allowedVariants: ["iron", "meteoriciron", "steel", "temporalit"] },
			"X": { type: "item", code: "game:metallamellae-*", name: "metal", allowedVariants: ["iron", "meteoriciron", "steel", "temporalit"]  }
		},
		width: 1,
		height: 2,
		shapeless: true,
		copyAttributesFrom: 'B',
		averageDurability: false,
		name: "metal lamellar body armor repair",
		output: { type: "item", code: "spearexpantion:armor-body-lamellar-{metal}"  }
	},
	{
		ingredientPattern: "B,K",
		recipeGroup: 2,
		ingredients: {
			"B": { type: "item", code: "spearexpantion:armor-legs-lamellar-*", name: "metal", allowedVariants: ["iron", "meteoriciron", "steel", "temporalit"] },
			"K": { type: "item", code: "game:metallamellae-*", name: "metal", allowedVariants: ["iron", "meteoriciron", "steel", "temporalit"]  }
		},
		width: 1,
		height: 2,
		shapeless: true,
		copyAttributesFrom: 'B',
		averageDurability: false,
		name: "metal lamellar pants repair",
		output: { type: "item", code: "spearexpantion:armor-legs-lamellar-{metal}"  }
	}
	
]