{
	"treeWorldPropertyCode": "acaciatetragonophylla",
	"isTropical": true,
	"sizeMultiplier": 1,
	"trunks": [{
		"widthloss": 0.1,
		"dieAt": { "avg": 0.01 },
		"branchStart": { "dist": "gaussian", "avg": 0.4, "var": 0.1 },
		"branchSpacing": { "avg": 0.09, "var": 0.005 },
		"branchVerticalAngle":  { "dist": "gaussian", "avg": 1.2, "var": 0.1 },
		"branchHorizontalAngle": { "avg": 0, "var": 3.1415 },
		"branchWidthMultiplier": { "avg": 0.4, "var": 0.05 },
		"branchWidthMultiplierEvolve": { "transform": "linear", "factor": 1.4 },
		"branchQuantity": { "avg": 6, "var": 2 },
		"branchQuantityEvolve": { "transform": "quadratic", "factor": 0.2 }
	}],
	"branches": [{
		"widthLoss": 0.08,

		"branchStart":  { "avg": 0.2, "var": 0.05 },
		"branchSpacing": { "avg": 0.01, "var": 0 },
		"branchVerticalAngle": { "avg": 0.37, "var": 0.1 },
		"branchHorizontalAngle": { "avg": 0.1, "var": 3.1415 },

		"branchQuantity": { "avg": 1, "var": 0 },
		"branchWidthMultiplier": { "avg": 0.1, "var": 0 }
	}],
	"treeBlocks": {
		"logBlockCode": "log-grown-acacia-ud",
		"otherLogBlockCode": "log-resin-acacia-ud",
		"leavesBlockCode": "leaves-grown-acacia",
		"leavesBranchyBlockCode": "leavesbranchy-grown-acacia",
	}
}
