{
	"treeWorldPropertyCode": "corymbiaaparrerinja",
	"isTropical": true,
	"sizeMultiplier": 1.7,
	"trunks": [{
		"widthloss": 0.1,
		"dieAt": { "avg": 0.01 },
		"branchStart": { "dist": "gaussian", "avg": 0.4, "var": 0.1 },
		"branchSpacing": { "avg": 0.09, "var": 0.005 },
		"branchVerticalAngle":  { "dist": "gaussian", "avg": 1.2, "var": 0.1 },
		"branchHorizontalAngle": { "avg": 0, "var": 3.1415 },
		"branchWidthMultiplier": { "avg": 0.4, "var": 0.05 },
		"branchWidthMultiplierEvolve": { "transform": "linear", "factor": 1.4 },
		"branchQuantity": { "avg": 1, "var": 0 },
		"branchQuantityEvolve": { "transform": "quadratic", "factor": 0.2 },
		"angleVertEvolve": { "transform": "smoothstep", "factor": 2 }
	},
{
		"widthloss": 0.1,
		"dieAt": { "avg": 0.01 },
		"branchStart": { "dist": "gaussian", "avg": 0.4, "var": 0.1 },
		"branchSpacing": { "avg": 0.09, "var": 0.005 },
		"branchVerticalAngle":  { "dist": "gaussian", "avg": 1.2, "var": 0.1 },
		"branchHorizontalAngle": { "avg": 0, "var": 3.1415 },
		"branchWidthMultiplier": { "avg": 0.4, "var": 0.05 },
		"branchWidthMultiplierEvolve": { "transform": "linear", "factor": 1.4 },
		"branchQuantity": { "avg": 4, "var": 2 },
		"branchQuantityEvolve": { "transform": "quadratic", "factor": 0.2 }
	},
	],
	"branches": [{
		"widthLoss": 0.08,

		"branchStart":  { "avg": 0.1, "var": 0.05 },
		"branchSpacing": { "avg": 0.01, "var": 0 },
		"branchVerticalAngle": { "avg": 0.37, "var": 0.1 },
		"branchHorizontalAngle": { "avg": 0.1, "var": 3.1415 },

		"branchQuantity": { "avg": 10, "var": 0 },
		"branchWidthMultiplier": { "avg": 0.1, "var": 0 }
	}],
	"treeBlocks": {
		"logBlockCode": "floralzonescentralaustralianregion:log-grown-corymbiaaparrerinja-ud",
		"otherLogBlockCode": "floralzonescentralaustralianregion:log-resin-corymbiaaparrerinja-ud",
		"leavesBlockCode": "floralzonescentralaustralianregion:leaves-grown-corymbiaaparrerinja",
		"leavesBranchyBlockCode": "floralzonescentralaustralianregion:leavesbranchy-grown-corymbiaaparrerinja"
	}
}
