{
	"code": "creature",
	"class": "ItemCreature",
	"maxstacksize": 64,
	"variantgroups": [
		{"code": "main","states": [ "wildwildhorse", "wildhorse", "tamedwildhorse"]},
		{"code": "age","states": [ "adult","baby"]},
		{"code": "gender","states": [ "female","male"]},
		{"code": "type","states": [ "ferus"]}
	],

	"shapeByType": {
		"*-adult-male-ferus": {"base": "entity/land/ferus/adult"},
		"*-adult-female-ferus": {"base": "entity/land/ferus/adult"},
		"*-baby-female-ferus": {"base": "entity/land/ferus/baby"},
		"*-baby-male-ferus": {"base": "entity/land/ferus/baby"}	

	},
	"texturesByType": {
		"*adult-male-ferus": {"skin": { "base": "entity/ferus/mealy-bay" }},
		"*adult-female-ferus": {"skin": { "base": "entity/ferus/mealy-bay" }},
		"*-baby-female-ferus": {"skin": { "base": "entity/ferus/mealy-bay" }},
		"*-baby-male-ferus": {"skin": { "base": "entity/ferus/mealy-bay" }}
	},
	
	"creativeinventory": { "general": ["*"], "items": ["*"], "creatures": ["*-*wildhorse-*"], "equus": ["*"] },
	"materialDensity": 600,
	"guiTransformByType": {

		
		"creature-*wildhorse-*": {
			"rotate": true,
			"translation": { "x": 3, "y": 0, "z": 0 },
			"rotation": { "x": -11, "y": -52, "z": -180 },
			"origin": { "x": 0.5, "y": 0.5, "z": 0.5 },
			"scale": 0.75
		}				
	},
	
	"tpHandTransformByType": {
		"creature-*wildhorse-*": {
			"translation": { "x": -0.9, "y": -0.9, "z": -0.7 },
			"rotation": { "x": -180, "y": 0, "z": -156 },
			"scale": 0.45
		}		
	},
	
	"fpHandTransformByType": {
		"creature-*wildhorse-*": {
			"translation": { "x": 0.2, "y": 0, "z": 0 },
			"rotation": { "x": -8, "y": -63, "z": -7 }
		}
	}}
	

	
	
	
	




