{
	"code": "ciderportion",
	"variantGroups": [
		{ "code": "fruit", "loadFromProperties": "floralzonescosmopolitanregion:block/fruit", "states": ["ipomoeabatatas","zeamays"]},
	],
	"skipVariants": ["*-cocosnucifera", "*-lagunculariaracemosa", "*-sonneratiacaseolaris", "*-vanillaplanifolia"],
	"class": "ItemLiquidPortion",
	"matterState": "liquid",
	"attributes": {
		"handbook": {
			"ignoreCreativeInvStacks": true
		},
		"distillationPropsbytype": {	
			"ciderportion-ipomoeabatatas": {
				"distilledStack": { "type": "item", "code": "floralzonescosmopolitanregion:spiritportion-ipomoeabatatas" }, 
				"ratio": 0.05 
			},	
			"ciderportion-zeamays": {
				"distilledStack": { "type": "item", "code": "floralzonescosmopolitanregion:spiritportion-zeamays" }, 
				"ratio": 0.05 
			},
			"*": {
				"distilledStack": { "type": "item", "code": "floralzonescosmopolitanregion:spiritportion-{fruit}" },
				"ratio": 0.1
			}
		},
		"waterTightContainerProps": {
			"containable": true,
			"itemsPerLitre": 100,
			"texturebytype": {
			"*-empetrumnigrum": { "base": "game:block/food/pie/fill-plum", "partType": "Filling", "alpha": 180  },
			"*-juniperuscommunis": { "base": "game:block/food/pie/fill-pineapple", "partType": "Filling", "alpha": 180  },
			"*-rubuschamaemorus": { "base": "game:block/food/pie/fill-orange", "partType": "Filling", "alpha": 180  },
		"*-ipomoeabatatas": { "base": "game:block/food/dairy/milk", "alpha": 180 },
		"*-zeamays": { "base": "game:block/food/dairy/milk", "alpha": 180 },
				"*": { "base": "floralzonescosmopolitanregion:block/food/pie/fill-{fruit}", "alpha": 180 }
			},
			"allowSpill": true,
			"whenSpilled": { 
				"action": "DropContents",
				"stack": { "type": "item", "code": "ciderportion-{fruit}", "states": ["ipomoeabatatas","zeamays"]} 
			},
			"nutritionPropsPerLitre": {
				"satiety": 80,
				"intoxication": 0.15,
				"foodcategorybytype": {
					"*-ipomoeabatatas": "Grain",
					"*-zeamays": "Grain",
				"*": "Fruit"
				}
			}
		}
	},
	"shape": { "base": "game:item/liquid" },
	"texturebytype": {
		"*-empetrumnigrum": { "base": "game:block/food/pie/fill-plum", "alpha": 180 },
		"*-ipomoeabatatas": { "base": "game:block/food/dairy/milk", "alpha": 180 },
		"*-juniperuscommunis": { "base": "game:block/food/pie/fill-pineapple", "alpha": 180 },
		"*-rubuschamaemorus": { "base": "game:block/food/pie/fill-orange", "alpha": 180 },
		"*-zeamays": { "base": "game:block/food/dairy/milk", "alpha": 180 },
		"*": { "base": "floralzonescosmopolitanregion:block/food/pie/fill-{fruit}", "alpha": 180 }
	},
	"creativeinventoryStacks": [ { "tabs": ["general", "liquids"], "stacks": [ { "type": "block", "code": "game:woodbucket", "attributes": { "ucontents": [ { "type":"item", "code": "floralzonescosmopolitanregion:ciderportion-{fruit}", "states": ["ipomoeabatatas","zeamays"], "makefull": true  } ] } } ] } ],
	"maxstacksize": 5000,
	"materialDensity": 200,
	"guiTransform": {
		"translation": { "x": 0, "y": 1, "z": 0 },
		"rotation": { "x": 123, "y": -33, "z": -13 },
		"origin": { "x": 0.5, "y": 0, "z": 0.5 },
		"scale": 1.4
	},
	"fpHandTransform": {
		"translation": { "x": 0, "y": 0, "z": 0 },
		"rotation": { "x": 25, "y": 157, "z": -5 }
	},
	"tpHandTransform": {
		"translation": { "x": -1.5, "y": -1, "z": -1.4 }
	},
	"transitionableProps": [{
		"type": "Perish",
		"freshHours": { "avg": 3360 },
		"transitionHours": { "avg": 48 },
		"transitionedStack": { "type": "item", "code": "game:rot" },
		"transitionRatio": 0.005
	}],
}