[
	{
		"ingredientPattern": "__H,_H_,H__",
		"ingredients": {
			"H": { "type": "item", "code": "bricklayers:clayshingle-burned-*", "name": "material", "quantity": 1 }
		},
		"width": 3,
                "height": 3,
		"output": { "type": "block", "code": "bricklayers:slantedroofing-{material}-east-free", "quantity": 2 }
	},

	{
		"ingredientPattern": "_H_,HHH",
		"ingredients": {
			"H": { "type": "item", "code": "bricklayers:clayshingle-burned-*", "name": "material", "quantity": 1 }
		},
		"width": 3,
                "height": 2,
		"output": { "type": "block", "code": "bricklayers:slantedroofingtip-{material}-free", "quantity": 2 }
	},

	{
		"ingredientPattern": "_H_,H_H",
		"ingredients": {
			"H": { "type": "item", "code": "bricklayers:clayshingle-burned-*", "name": "material", "quantity": 1 }
		},
		"width": 3,
                "height": 2,
		"output": { "type": "block", "code": "bricklayers:slantedroofingridge-{material}-ns-free", "quantity": 2 }
	},

	{
		"ingredientPattern": "_H,HH",
		"ingredients": {
			"H": { "type": "item", "code": "bricklayers:clayshingle-burned-*", "name": "material", "quantity": 1 }
		},
		"width": 2,
                "height": 2,
		"output": { "type": "block", "code": "bricklayers:slantedroofingcornerouter-{material}-east-free", "quantity": 2 }
	},

	{
		"ingredientPattern": "_H,H_,_H",
		"ingredients": {
			"H": { "type": "item", "code": "bricklayers:clayshingle-burned-*", "name": "material", "quantity": 1 }
		},
		"width": 2,
                "height": 3,
		"output": { "type": "block", "code": "bricklayers:slantedroofingcornerinner-{material}-east-free", "quantity": 2 }
	},

	{
		"ingredientPattern": "CC,CC",
		"ingredients": {
			"C": { "type": "item", "code": "bricklayers:clayshingle-burned-*", "name": "material", "quantity": 1 }
		},
		"width": 2,
                "height": 2,
		"output": { "type": "block", "code": "bricklayers:clayshingleblock-{material}", "quantity": 2 }
	}
]
