[
  {
    "file": "fatemplar:itemtypes/wearable/templar/fa-templar-body",
    "op": "addmerge",
    "path": "/behaviors",
    "dependsOn": [
      {
        "modId": "combatoverhaul"
      }
    ],
    "value": [
      {
        "name": "CombatOverhaul:Armor",
        "propertiesByType": {
          "fa-templar-body-heavy-steel-*": {
            "Layers": [
              "Outer"
            ],
            "Zones": [
              "Torso",
              "Arms",
              "Hands"
            ],
            "Resists": {
              "PiercingAttack": 7,
              "SlashingAttack": 7,
              "BluntAttack": 6
            },
            "FlatReduction": {},
            "PlayerStats": {
              "walkspeed": -0.05,
              "manipulationSpeed": -0.15,
              "steadyAim": -0.20,
              "healingeffectivness": -0.05,
              "hungerrate": 0.05
            }
          },
          "fa-templar-body-balance-steel-*": {
            "Layers": [
              "Outer",
              "Middle"
            ],
            "Zones": [
              "Torso",
              "Arms",
              "Hands"
            ],
            "Resists": {
              "PiercingAttack": 6,
              "SlashingAttack": 8,
              "BluntAttack": 5
            },
            "FlatReduction": {},
            "PlayerStats": {
              "walkspeed": -0.04,
              "manipulationSpeed": -0.09,
              "steadyAim": -0.1,
              "healingeffectivness": -0.04,
              "hungerrate": 0.04
            }
          },
          "fa-templar-body-light-steel-*": {
            "Layers": [
              "Outer",
              "Middle"
            ],
            "Zones": [
              "Torso",
              "Arms",
              "Hands"
            ],
            "Resists": {
              "PiercingAttack": 4,
              "SlashingAttack": 7,
              "BluntAttack": 4
            },
            "FlatReduction": {},
            "PlayerStats": {
              "walkspeed": -0.02,
              "manipulationSpeed": -0.04,
              "steadyAim": -0.04,
              "healingeffectivness": -0.03,
              "hungerrate": 0.03
            }
          },
          "fa-templar-body-heavy-*iron-*": {
            "Layers": [
              "Outer"
            ],
            "Zones": [
              "Torso",
              "Arms",
              "Hands"
            ],
            "Resists": {
              "PiercingAttack": 6,
              "SlashingAttack": 6,
              "BluntAttack": 5
            },
            "FlatReduction": {},
            "PlayerStats": {
              "walkspeed": -0.05,
              "manipulationSpeed": -0.15,
              "steadyAim": -0.20,
              "healingeffectivness": -0.05,
              "hungerrate": 0.05
            }
          },
          "fa-templar-body-balance-*iron-*": {

            "Layers": [
              "Outer",
              "Middle"
            ],
            "Zones": [
              "Torso",
              "Arms",
              "Hands"
            ],
            "Resists": {
              "PiercingAttack": 5,
              "SlashingAttack": 7,
              "BluntAttack": 4
            },
            "FlatReduction": {},
            "PlayerStats": {
              "walkspeed": -0.04,
              "manipulationSpeed": -0.09,
              "steadyAim": -0.1,
              "healingeffectivness": -0.04,
              "hungerrate": 0.04
            }
          },
          "fa-templar-body-light-*iron-*": {
            "Layers": [
              "Outer",
              "Middle"
            ],
            "Zones": [
              "Torso",
              "Arms",
              "Hands"
            ],
            "Resists": {
              "PiercingAttack": 3,
              "SlashingAttack": 6,
              "BluntAttack": 3
            },
            "FlatReduction": {},
            "PlayerStats": {
              "walkspeed": -0.02,
              "manipulationSpeed": -0.04,
              "steadyAim": -0.04,
              "healingeffectivness": -0.03,
              "hungerrate": 0.03
            }
          }
        }
      },
    ]
  },
  {
    "file": "fatemplar:itemtypes/wearable/templar/fa-templar-body",
    "op": "replace",
    "path": "/durabilityByType",
    "dependsOn": [
      {
        "modId": "combatoverhaul"
      }
    ],
    "value": {
      "fa-templar-body-heavy-steel-*": 60000,
      "fa-templar-body-heavy-meteoriciron-*": 32000,
      "fa-templar-body-heavy-iron-*": 25000,
      "fa-templar-body-balance-steel-*": 42000,
      "fa-templar-body-balance-meteoriciron-*": 25000,
      "fa-templar-body-balance-iron-*": 17000,
      "fa-templar-body-light-steel-*": 25000,
      "fa-templar-body-light-meteoriciron-*": 11000,
      "fa-templar-body-light-iron-*": 9000,
    }
  },
  {
    "file": "fatemplar:itemtypes/wearable/templar/fa-templar-body",
    "dependsOn": [
      {
        "modId": "combatoverhaul"
      }
    ],
    "op": "replace",
    "path": "/attributes/protectionModifiersByType",
    "value": {
      "*": null
    }
  },
  {
    "file": "fatemplar:itemtypes/wearable/templar/fa-templar-body",
    "dependsOn": [
      {
        "modId": "combatoverhaul"
      }
    ],
    "op": "replace",
    "path": "/attributes/statModifiersByType",
    "value": {
      "*": null
    }
  },
  {
    "file": "fatemplar:itemtypes/wearable/templar/fa-templar-body",
    "dependsOn": [
      {
        "modId": "combatoverhaul"
      }
    ],
    "op": "replace",
    "path": "/class",
    "value": "CombatOverhaul:WearableArmor"
  },
  {
    "file": "fatemplar:itemtypes/wearable/templar/fa-templar-body",
    "dependsOn": [
      {
        "modId": "combatoverhaul"
      }
    ],
    "op": "add",
    "path": "/attributes/materialCountByType",
    "value": {
      "*-body-*": 16
    }
  },
]