[
	{
		"ingredientPattern": "HSK,IBM,SSS",
		"ingredients": {
		"I": { "type": "item", "code": "game:sewingkit" },
		"S": { "type": "item", "code": "game:leather-sturdy-plain", "quantity": 2 },
		"M": { "type": "item", "code": "game:metalbit-tinbronze", "quantity": 20 },
		"K": { "type": "item", "code": "game:knife-*", "isTool": true, "toolDurabilityCost": 20 },
		"H": { "type": "item", "code": "game:hammer-*", "isTool": true, "toolDurabilityCost": 20 },
		"B": { "type": "item", "code": "game:backpack-sturdy" }
	},
	"width": 3,
	"height": 3,
	"output": { "type": "item", "code": "ithaniabackpacks:backpack-chromium" }
	},
	{
		"ingredientPattern": "ILK,LBL, L ",
		"ingredients": {
		"I": { "type": "item", "code": "game:sewingkit" },
		"L": { "type": "item", "code": "game:leather-normal-plain", "quantity": 2 },
		"K": { "type": "item", "code": "game:knife-*", "isTool": true, "toolDurabilityCost": 20 },
		"H": { "type": "item", "code": "game:hammer-*", "isTool": true, "toolDurabilityCost": 20 },
		"B": { "type": "item", "code": "ithaniabackpacks:backpack-chromium" }
	},
	"width": 3,
	"height": 3,
	"output": { "type": "item", "code": "ithaniabackpacks:backpack-plain" }
	},
	{
		"ingredientPattern": "ILK,LBL, L ",
		"ingredients": {
		"I": { "type": "item", "code": "game:sewingkit" },
		"L": { "type": "item", "code": "game:leather-normal-black", "quantity": 2 },
		"K": { "type": "item", "code": "game:knife-*", "isTool": true, "toolDurabilityCost": 20 },
		"H": { "type": "item", "code": "game:hammer-*", "isTool": true, "toolDurabilityCost": 20 },
		"B": { "type": "item", "code": "ithaniabackpacks:backpack-chromium" }
	},
	"width": 3,
	"height": 3,
	"output": { "type": "item", "code": "ithaniabackpacks:backpack-black" }
	},
	{
		"ingredientPattern": "ILK,LBL, L ",
		"ingredients": {
		"I": { "type": "item", "code": "game:sewingkit" },
		"L": { "type": "item", "code": "game:leather-normal-gray", "quantity": 2 },
		"K": { "type": "item", "code": "game:knife-*", "isTool": true, "toolDurabilityCost": 20 },
		"H": { "type": "item", "code": "game:hammer-*", "isTool": true, "toolDurabilityCost": 20 },
		"B": { "type": "item", "code": "ithaniabackpacks:backpack-chromium" }
	},
	"width": 3,
	"height": 3,
	"output": { "type": "item", "code": "ithaniabackpacks:backpack-gray" }
	},
	{
		"ingredientPattern": "ILK,LBL, L ",
		"ingredients": {
		"I": { "type": "item", "code": "game:sewingkit" },
		"L": { "type": "item", "code": "game:leather-normal-white", "quantity": 2 },
		"K": { "type": "item", "code": "game:knife-*", "isTool": true, "toolDurabilityCost": 20 },
		"H": { "type": "item", "code": "game:hammer-*", "isTool": true, "toolDurabilityCost": 20 },
		"B": { "type": "item", "code": "ithaniabackpacks:backpack-chromium" }
	},
	"width": 3,
	"height": 3,
	"output": { "type": "item", "code": "ithaniabackpacks:backpack-white" }
	},
	{
		"ingredientPattern": "ILK,LBL, L ",
		"ingredients": {
		"I": { "type": "item", "code": "game:sewingkit" },
		"L": { "type": "item", "code": "game:leather-normal-red", "quantity": 2 },
		"K": { "type": "item", "code": "game:knife-*", "isTool": true, "toolDurabilityCost": 20 },
		"H": { "type": "item", "code": "game:hammer-*", "isTool": true, "toolDurabilityCost": 20 },
		"B": { "type": "item", "code": "ithaniabackpacks:backpack-chromium" }
	},
	"width": 3,
	"height": 3,
	"output": { "type": "item", "code": "ithaniabackpacks:backpack-red" }
	},
	{
		"ingredientPattern": "ILK,LBL, L ",
		"ingredients": {
		"I": { "type": "item", "code": "game:sewingkit" },
		"L": { "type": "item", "code": "game:leather-normal-orange", "quantity": 2 },
		"K": { "type": "item", "code": "game:knife-*", "isTool": true, "toolDurabilityCost": 20 },
		"H": { "type": "item", "code": "game:hammer-*", "isTool": true, "toolDurabilityCost": 20 },
		"B": { "type": "item", "code": "ithaniabackpacks:backpack-chromium" }
	},
	"width": 3,
	"height": 3,
	"output": { "type": "item", "code": "ithaniabackpacks:backpack-orange" }
	},
	{
		"ingredientPattern": "ILK,LBL, L ",
		"ingredients": {
		"I": { "type": "item", "code": "game:sewingkit" },
		"L": { "type": "item", "code": "game:leather-normal-yellow", "quantity": 2 },
		"K": { "type": "item", "code": "game:knife-*", "isTool": true, "toolDurabilityCost": 20 },
		"H": { "type": "item", "code": "game:hammer-*", "isTool": true, "toolDurabilityCost": 20 },
		"B": { "type": "item", "code": "ithaniabackpacks:backpack-chromium" }
	},
	"width": 3,
	"height": 3,
	"output": { "type": "item", "code": "ithaniabackpacks:backpack-yellow" }
	},
	{
		"ingredientPattern": "ILK,LBL, L ",
		"ingredients": {
		"I": { "type": "item", "code": "game:sewingkit" },
		"L": { "type": "item", "code": "game:leather-normal-green", "quantity": 2 },
		"K": { "type": "item", "code": "game:knife-*", "isTool": true, "toolDurabilityCost": 20 },
		"H": { "type": "item", "code": "game:hammer-*", "isTool": true, "toolDurabilityCost": 20 },
		"B": { "type": "item", "code": "ithaniabackpacks:backpack-chromium" }
	},
	"width": 3,
	"height": 3,
	"output": { "type": "item", "code": "ithaniabackpacks:backpack-green" }
	},
	{
		"ingredientPattern": "ILK,LBL, L ",
		"ingredients": {
		"I": { "type": "item", "code": "game:sewingkit" },
		"L": { "type": "item", "code": "game:leather-normal-blue", "quantity": 2 },
		"K": { "type": "item", "code": "game:knife-*", "isTool": true, "toolDurabilityCost": 20 },
		"H": { "type": "item", "code": "game:hammer-*", "isTool": true, "toolDurabilityCost": 20 },
		"B": { "type": "item", "code": "ithaniabackpacks:backpack-chromium" }
	},
	"width": 3,
	"height": 3,
	"output": { "type": "item", "code": "ithaniabackpacks:backpack-blue" }
	},
	{
		"ingredientPattern": "ILK,LBL, L ",
		"ingredients": {
		"I": { "type": "item", "code": "game:sewingkit" },
		"L": { "type": "item", "code": "game:leather-normal-pink", "quantity": 2 },
		"K": { "type": "item", "code": "game:knife-*", "isTool": true, "toolDurabilityCost": 20 },
		"H": { "type": "item", "code": "game:hammer-*", "isTool": true, "toolDurabilityCost": 20 },
		"B": { "type": "item", "code": "ithaniabackpacks:backpack-chromium" }
	},
	"width": 3,
	"height": 3,
	"output": { "type": "item", "code": "ithaniabackpacks:backpack-pink" }
	},
	{
		"ingredientPattern": "ILK,LBL, L ",
		"ingredients": {
		"I": { "type": "item", "code": "game:sewingkit" },
		"L": { "type": "item", "code": "game:leather-normal-purple", "quantity": 2 },
		"K": { "type": "item", "code": "game:knife-*", "isTool": true, "toolDurabilityCost": 20 },
		"H": { "type": "item", "code": "game:hammer-*", "isTool": true, "toolDurabilityCost": 20 },
		"B": { "type": "item", "code": "ithaniabackpacks:backpack-chromium" }
	},
	"width": 3,
	"height": 3,
	"output": { "type": "item", "code": "ithaniabackpacks:backpack-purple" }
	}
]