{
	"name": "Pike Head",
	"ingredient": {
		"type": "item",
		"code": "game:ingot-*",
		"name": "metal",
		"allowedVariants": [ "tinbronze", "bismuthbronze", "blackbronze", "iron", "meteoriciron", "steel", "temporalit" ]
	},
	"pattern": [
			[	
		"________#_",
		"__#####_#_",
		"##########",
		"__#####_#_",
		"________#_"	
	],[
		"__________",
		"________#_",
		"___######_",
		"________#_",
		"__________"	
	]],
	"output": { "type": "item", "code": "spearexpantion:pikehead-{metal}" }
}