{
	"name": "Seax Blade",
	"ingredient": {
		"type": "item",
		"code": "game:ingot-*",
		"name": "metal",
		"allowedVariants": [ "tinbronze", "bismuthbronze", "blackbronze", "iron", "meteoriciron", "steel", "temporalit" ]
	},
	"output": { "type": "item", "code": "spearexpantion:seaxhead-{metal}" },
	"pattern": [
			[
		"_____#____",
		"__########",
		"#########_",
		"_____#____",
		"__________"	
	],[
		"__________",
		"_____#____",
		"_____#____",
		"__________",
		"__________"	
	]],
}