﻿[
  {
    "side": "Server",
    "file": "game:entities/animal/mammal/wolf-adult",
    "op": "add",
    "path": "/client/behaviors/-",
    "value": {
      "code": "CombatOverhaul:ShowStatsBehavior",
      "entriesByType": {"*": [["Vulnerable to {0} damage", "Piercing"], ["Attacks:<br/>  {0} ({1} tier) of {2} damage", "8", "2", "Slashing"]]}
    }
  },
  {
    "side": "Server",
    "file": "game:entities/animal/mammal/wolf-adult",
    "op": "add",
    "path": "/client/behaviors/-",
    "value": {
      "code": "CombatOverhaul:EntityColliders",
      "elements": {
        "Torso": ["Neck", "Chest", "Midsection", "Rear", "L Shoulder", "R Shoulder", "L Haunch", "R Haunch"],
        "Head": ["Head", "Nose", "L Jowl", "R Jowl"],
        "Arm": ["L ArmUp", "L ArmMid", "L ArmLow", "R ArmUp", "R ArmMid", "R ArmLow"],
        "Leg": ["L LegUp", "L LegLow", "R LegUp", "R LegLow"],
        "Critical": [],
        "Resistant": []
      }
    }
  },
  {
    "side": "Server",
    "file": "game:entities/animal/mammal/wolf-adult",
    "op": "add",
    "path": "/server/behaviors/-",
    "value": {
      "code": "CombatOverhaul:EntityColliders",
      "elements": {
        "Torso": ["Neck", "Chest", "Midsection", "Rear", "L Shoulder", "R Shoulder", "L Haunch", "R Haunch"],
        "Head": ["Head", "Nose", "L Jowl", "R Jowl"],
        "Arm": ["L ArmUp", "L ArmMid", "L ArmLow", "R ArmUp", "R ArmMid", "R ArmLow"],
        "Leg": ["L LegUp", "L LegLow", "R LegUp", "R LegLow"],
        "Critical": [],
        "Resistant": []
      }
    }
  },
  {
    "side": "Server",
    "file": "game:entities/animal/mammal/wolf-baby",
    "op": "add",
    "path": "/client/behaviors/-",
    "value": {
      "code": "CombatOverhaul:EntityColliders",
      "elements": {
        "Torso": ["neck", "body", "abdomen"],
        "Head": ["head", "mouth"],
        "Arm": ["L front leg", "L front feet", "R front leg", "R front feet"],
        "Leg": ["L back leg", "L back feet", "R back leg", "R back feet"],
        "Critical": [],
        "Resistant": []
      }
    }
  },
  {
    "side": "Server",
    "file": "game:entities/animal/mammal/wolf-baby",
    "op": "add",
    "path": "/server/behaviors/-",
    "value": {
      "code": "CombatOverhaul:EntityColliders",
      "elements": {
        "Torso": ["neck", "body"],
        "Head": ["head", "mouth up"],
        "Arm": ["L front leg", "L front feet", "R front leg", "R front feet"],
        "Leg": ["L back leg", "L back feet", "R back leg", "R back feet"],
        "Critical": [],
        "Resistant": []
      }
    }
  },
  {
    "side": "Server",
    "file": "game:entities/animal/mammal/wolf-adult",
    "op": "add",
    "path": "/server/behaviors/-",
    "value": {
      "code": "CombatOverhaul:EntityDamageModel",
      "damageModel": {
        "TorsoDamageMultiplier": 1,
        "LimbsDamageMultiplier": 0.75,
        "HeadDamageMultiplier": 1.5,
        "CriticalDamageMultiplier": 4,
        "DefaultResists": {"BluntAttack": 4, "SlashingAttack": 0, "PiercingAttack": 0}
      }
    }
  },
  {
    "side": "Server",
    "file": "game:entities/animal/mammal/wolf-adult",
    "op": "add",
    "path": "/client/behaviors/-",
    "value": {
      "code": "CombatOverhaul:EntityDamageModel",
      "damageModel": {
        "TorsoDamageMultiplier": 1,
        "LimbsDamageMultiplier": 0.75,
        "HeadDamageMultiplier": 1.5,
        "CriticalDamageMultiplier": 4,
        "DefaultResists": {"BluntAttack": 4, "SlashingAttack": 0, "PiercingAttack": 0}
      }
    }
  },
  {
    "side": "Server",
    "file": "game:entities/animal/mammal/wolf-baby",
    "op": "add",
    "path": "/server/behaviors/-",
    "value": {
      "code": "CombatOverhaul:EntityDamageModel",
      "damageModel": {
        "TorsoDamageMultiplier": 1,
        "LimbsDamageMultiplier": 0.75,
        "HeadDamageMultiplier": 1.5,
        "CriticalDamageMultiplier": 4,
        "DefaultResists": {"BluntAttack": 0, "SlashingAttack": 0, "PiercingAttack": 0}
      }
    }
  },
  {
    "side": "Server",
    "file": "game:entities/animal/mammal/wolf-baby",
    "op": "add",
    "path": "/client/behaviors/-",
    "value": {
      "code": "CombatOverhaul:EntityDamageModel",
      "damageModel": {
        "TorsoDamageMultiplier": 1,
        "LimbsDamageMultiplier": 0.75,
        "HeadDamageMultiplier": 1.5,
        "CriticalDamageMultiplier": 4,
        "DefaultResists": {"BluntAttack": 0, "SlashingAttack": 0, "PiercingAttack": 0}
      }
    }
  },
  {"side": "Server", "file": "game:entities/animal/mammal/wolf-adult", "op": "replace", "path": "/server/behaviors/10/aitasks/0/damage", "value": 8},
  {"side": "Server", "file": "game:entities/animal/mammal/wolf-adult", "op": "replace", "path": "/server/behaviors/10/aitasks/1/damage", "value": 8},
  {"side": "Server", "file": "game:entities/animal/mammal/wolf-adult", "op": "replace", "path": "/server/behaviors/10/aitasks/2/damage", "value": 8},
  {"side": "Server", "file": "game:entities/animal/mammal/wolf-adult", "op": "replace", "path": "/server/behaviors/10/aitasks/0/damageTier", "value": 2},
  {"side": "Server", "file": "game:entities/animal/mammal/wolf-adult", "op": "replace", "path": "/server/behaviors/10/aitasks/1/damageTier", "value": 2},
  {"side": "Server", "file": "game:entities/animal/mammal/wolf-adult", "op": "replace", "path": "/server/behaviors/10/aitasks/2/damageTier", "value": 2},
  {"side": "Server", "file": "game:entities/animal/mammal/wolf-adult", "op": "replace", "path": "/server/behaviors/10/aitasks/0/damageType", "value": "SlashingAttack"},
  {"side": "Server", "file": "game:entities/animal/mammal/wolf-adult", "op": "replace", "path": "/server/behaviors/10/aitasks/1/damageType", "value": "SlashingAttack"},
  {"side": "Server", "file": "game:entities/animal/mammal/wolf-adult", "op": "replace", "path": "/server/behaviors/10/aitasks/2/damageType", "value": "SlashingAttack"},
  {"side": "Server", "file": "game:entities/animal/mammal/wolf-adult", "op": "replace", "path": "/hitboxSize/x", "value": 1.9}
]