[
	{
		"ingredientPattern": "PP,PP",
		"ingredients": {
			"P": { "type": "item", "code": "floralzonescosmopolitanregion:palmleaf-cocosnucifera", "quantity": 1 }
		},
		"width": 2,
		"height": 2,
		"output": { "type": "block", "code": "floralzonescosmopolitanregion:cadjan-basic", "quantity": 2  }
	},
	{
		"enabled": false,
		"ingredientPattern": "PP,PP",
		"ingredients": {
			"P": { "type": "item", "code": "floralzonescaribbeanregion:palmleaf-palmetto", "quantity": 1 }
		},
		"width": 2,
		"height": 2,
		"output": { "type": "block", "code": "cadjan-basic", "quantity": 2  }
	},
	{
		"enabled": false,
		"ingredientPattern": "PP,PP",
		"ingredients": {
			"P": { "type": "item", "code": "floralzonescaribbeanregion:palmleaf-roystonearegia", "quantity": 1 }
		},
		"width": 2,
		"height": 2,
		"output": { "type": "block", "code": "cadjan-basic", "quantity": 2  }
	},
	{
		"enabled": false,
		"ingredientPattern": "PP,PP",
		"ingredients": {
			"P": { "type": "item", "code": "floralzoneseastasiaticregion:palmleaf-trachycarpusfortunei", "quantity": 1 }
		},
		"width": 2,
		"height": 2,
		"output": { "type": "block", "code": "cadjan-basic", "quantity": 2  }
	},
	{
		"enabled": false,
		"ingredientPattern": "PP,PP",
		"ingredients": {
			"P": { "type": "item", "code": "floralzonesneozeylandicregion:palmleaf-rhopalostylissapida", "quantity": 1 }
		},
		"width": 2,
		"height": 2,
		"output": { "type": "block", "code": "cadjan-basic", "quantity": 2  }
	}
]