{
	"editor": {
		"backDropShape": "D:/Hry/Vintagestory121/assets/game/shapes/entity/humanoid/seraph-hairless",
		"collapsedPaths": "Root/SideDecorationCrown/CrownFront,Root/ArmorHelmet/PlumeP3/Plume22,Root/ArmorHelmet/SideDecorationCrown/CrownBack,Root/ArmorHelmet/TopDecorationLion/leg2/legdown2,Root/ArmorHelmet/TopDecorationLion/hand2,Root/ArmorHelmet/TopDecorationLion/hand1,Root/ArmorHelmet/SideDecorationCrown/CrownRight,Root/SideDecorationCrown,Root/ArmorHelmet/Plume/Plume12,Root/ArmorHelmet/SunblockAxle3,Root/ArmorHelmet/SunblockAxle4,Root/ArmorHelmet/SunblockAxle2,Root/ArmorHelmet/ArmorNose,Root/ArmorHelmet/TopDecorationLion/hand1/forearm1,Root/ArmorHelmet/lining,Root/TopDecorationLion/hand1,Root/ArmorHelmet/TopDecorationLion/Tail,Root/ArmorHelmet/SideDecorationCrown/CrownLeft,Root/ArmorHelmet/SunblockAxle,Root/ArmorHelmet/HeadDecCrownBase,Root/TopDecorationLion/hand2,Root/TopDecorationLion/Head,Root/ArmorHelmet/Plume/Plume4,Root/ArmorHelmet/Plume/Plume3,Root/ArmorHelmet/HeadDecCrownBase/CrownBack,Root/ArmorHelmet/TopDecorationLion/leg2,Root/ArmorHelmet/TopDecorationLion/leg1,Root/ArmorHelmet/Plume/Plume21,Root/ArmorHelmet/SideCoverL1,Root/TopDecorationLion/leg2,Root/ArmorHelmet/SideCoverL5,Root/ArmorHelmet/TopDecorationLion/hand2/forearm2,Root/ArmorHelmet/TopDecorationLion/Head,Root/ArmorHelmet/SideDecorationCrown/CrownFront,Root/ArmorHelmet/PlumeP2,Root/ArmorHelmet/TopDecorationLion/Bottomtop,Root/ArmorHelmet/Plume/Plume3/Plume4,Root/TopDecorationLion,Root/ArmorHelmet/TopDecorationLion/Head/Nose,Root/ArmorHelmet/HeadDecCrownBase/CrownFront3,Root/SideDecorationCrown/CrownRight,Root/ArmorHelmet/Plume/Plume21/Plume22,Root/ArmorHelmet/HeadDecCrownBase/CrownFront4,Root/ArmorHelmet/PlumeP1/Plume4,Root/ArmorHelmet/TopDecorationLion/leg1/legdown1,Root/ArmorHelmet/Axel/ArmorHelmetTop4/Visorcentre4,Root/ArmorHelmet/HeadDecCrownBase/CrownLeft,Root/ArmorHelmet/HeadDecCrownBase/CrownFront2,Root/ArmorHelmet/Fin,Root/ArmorHelmet/Hinge1,Root/ArmorHelmet/HeadDecCrownBase/CrownFront,Root/ArmorHelmet/BackCover1,Root/ArmorHelmet/Hinge4,Root/ArmorHelmet/BackCover1/BackCover2,Root/ArmorHelmet/BackCover1/BackCover4,Root/SideDecorationCrown/CrownLeft,Root/ArmorHelmet/HeadDecCrownBase/CrownRight,Root/ArmorHelmet/HeadDecCrownBase/CrownRight2,Root/ArmorHelmet/PlumeBase,Root/SideDecorationCrown/CrownFront4,Root/SideDecorationCrown/CrownFront3,Root/SideDecorationCrown/CrownFront2",
		"allAngles": true,
		"entityTextureMode": true
	},
	"textureWidth": 64,
	"textureHeight": 64,
	"textureSizes": {
	},
	"textures": {
		"hussarhead": "armor/entity/hussar_steel",
		"plume": "block/plume/plumered"
	},
	"elements": [
		{
			"name": "ArmorHelmet",
			"stepParentName": "Head",
			"from": [ -0.3, 3.0, -0.6 ],
			"to": [ 6.2, 5.5, 5.7 ],
			"autoUnwrap": false,
			"uv": [ 27.0, 14.0 ],
			"rotationOrigin": [ -0.3, 3.0, -0.6 ],
			"rotationZ": 1.0,
			"faces": {
				"north": { "texture": "#hussarhead", "uv": [ 46.0, 27.0, 53.0, 29.5 ], "autoUv": false, "windMode": [-1,-1,-1,-1], "windData": [1,1,1,1] },
				"east": { "texture": "#hussarhead", "uv": [ 46.5, 27.0, 52.5, 29.5 ], "autoUv": false, "windMode": [-1,-1,-1,-1], "windData": [0,0,0,0] },
				"south": { "texture": "#hussarhead", "uv": [ 46.0, 27.0, 53.0, 29.5 ], "autoUv": false, "windMode": [-1,-1,-1,-1], "windData": [1,1,1,1] },
				"west": { "texture": "#hussarhead", "uv": [ 46.5, 27.0, 52.5, 29.5 ], "autoUv": false, "windMode": [-1,-1,-1,-1], "windData": [1,1,1,1] },
				"up": { "texture": "#hussarhead", "uv": [ 46.5, 20.0, 52.5, 26.5 ], "rotation": 90, "windMode": [-1,-1,-1,-1], "windData": [1,1,1,1] },
				"down": { "texture": "#hussarhead", "uv": [ 57.5, 46.0, 63.5, 52.5 ], "rotation": 90, "windMode": [-1,-1,-1,-1], "windData": [1,1,1,1] }
			},
			"children": [
				{
					"name": "ArmorHelmetTop",
					"from": [ 0.5, 2.5, 0.5 ],
					"to": [ 6.1, 3.0, 5.8 ],
					"unwrapMode": 4,
					"autoUnwrap": false,
					"uv": [ 23.5, 7.5 ],
					"rotationOrigin": [ 0.5, 2.5, 0.5 ],
					"faces": {
						"north": { "texture": "#hussarhead", "uv": [ 45.8, 27.5, 53.4, 27.0 ], "autoUv": false, "windMode": [-1,-1,-1,-1], "windData": [1,1,1,1] },
						"east": { "texture": "#hussarhead", "uv": [ 61.5, 21.5, 54.9, 22.0 ], "autoUv": false, "windMode": [-1,-1,-1,-1], "windData": [1,1,1,1] },
						"south": { "texture": "#hussarhead", "uv": [ 45.6, 27.3, 53.5, 27.0 ], "autoUv": false, "windMode": [-1,-1,-1,-1], "windData": [1,1,1,1] },
						"west": { "texture": "#hussarhead", "uv": [ 46.5, 26.0, 51.9, 26.5 ], "autoUv": false, "windMode": [-1,-1,-1,-1], "windData": [1,1,1,1] },
						"up": { "texture": "#hussarhead", "uv": [ 47.0, 20.0, 52.0, 25.5 ], "rotation": 90, "windMode": [-1,-1,-1,-1], "windData": [1,1,1,1] }
					},
					"children": [
						{
							"name": "FaceRim",
							"from": [ -1.09, -3.6, 2.0 ],
							"to": [ -0.69, -1.9, 3.1 ],
							"uv": [ 31.8, 26.0 ],
							"rotationOrigin": [ -1.1, -3.6, 2.0 ],
							"rotationZ": 5.0,
							"faces": {
								"north": { "texture": "#hussarhead", "uv": [ 32.0, 27.0, 32.5, 28.5 ] },
								"east": { "texture": "#hussarhead", "uv": [ 32.5, 27.0, 33.5, 28.5 ] },
								"south": { "texture": "#hussarhead", "uv": [ 33.5, 27.0, 34.0, 28.5 ] },
								"west": { "texture": "#hussarhead", "uv": [ 34.0, 27.0, 35.0, 28.5 ] },
								"up": { "texture": "#hussarhead", "uv": [ 32.0, 26.0, 32.5, 27.0 ] },
								"down": { "texture": "#hussarhead", "uv": [ 32.5, 26.0, 33.0, 27.0 ] }
							},
							"children": [
								{
									"name": "FaceRim2",
									"from": [ -0.0225, 0.6, -1.5 ],
									"to": [ 0.6775, 1.5, 2.8 ],
									"uv": [ 30.0, 25.0 ],
									"rotationOrigin": [ -0.0225, 0.6049, -1.5 ],
									"rotationZ": -5.0,
									"faces": {
										"north": { "texture": "#hussarhead", "uv": [ 30.0, 29.0, 30.5, 29.5 ] },
										"east": { "texture": "#hussarhead", "uv": [ 30.5, 29.0, 34.5, 29.5 ] },
										"south": { "texture": "#hussarhead", "uv": [ 34.5, 29.0, 35.0, 29.5 ] },
										"west": { "texture": "#hussarhead", "uv": [ 35.0, 29.0, 39.0, 29.5 ] },
										"up": { "texture": "#hussarhead", "uv": [ 30.0, 25.0, 30.5, 29.0 ] },
										"down": { "texture": "#hussarhead", "uv": [ 30.5, 25.0, 31.0, 29.0 ] }
									},
									"children": [
										{
											"name": "FaceMask1",
											"from": [ 0.01, -2.3, 0.4 ],
											"to": [ 0.41, -0.6, 3.7 ],
											"uv": [ 30.0, 26.5 ],
											"rotationOrigin": [ 0.0, -2.3, 0.4 ],
											"rotationZ": 5.0,
											"faces": {
												"north": { "texture": "#hussarhead", "uv": [ 30.0, 29.5, 30.5, 31.0 ] },
												"east": { "texture": "#hussarhead", "uv": [ 30.5, 29.5, 33.5, 31.0 ] },
												"south": { "texture": "#hussarhead", "uv": [ 33.5, 29.5, 34.0, 31.0 ] },
												"west": { "texture": "#hussarhead", "uv": [ 34.0, 29.5, 37.0, 31.0 ] },
												"up": { "texture": "#hussarhead", "uv": [ 30.0, 26.5, 30.5, 29.5 ] },
												"down": { "texture": "#hussarhead", "uv": [ 30.5, 26.5, 31.0, 29.5 ] }
											},
											"children": [
												{
													"name": "FaceMask2",
													"from": [ 0.6, 1.4, -1.4 ],
													"to": [ 1.2, 2.7, 0.5 ],
													"uv": [ 32.0, 23.0 ],
													"rotationOrigin": [ 0.6, 1.4, -1.4 ],
													"rotationX": 45.0,
													"rotationY": -13.0,
													"rotationZ": 13.0,
													"faces": {
														"north": { "texture": "#hussarhead", "uv": [ 32.0, 24.5, 32.5, 25.5 ] },
														"east": { "texture": "#hussarhead", "uv": [ 32.5, 24.5, 34.0, 25.5 ] },
														"south": { "texture": "#hussarhead", "uv": [ 34.0, 24.5, 34.5, 25.5 ] },
														"west": { "texture": "#hussarhead", "uv": [ 34.5, 24.5, 36.0, 25.5 ] },
														"up": { "texture": "#hussarhead", "uv": [ 32.0, 23.0, 32.5, 24.5 ] },
														"down": { "texture": "#hussarhead", "uv": [ 32.5, 23.0, 33.0, 24.5 ] }
													}
												},
												{
													"name": "FaceMask3",
													"from": [ 0.6, 1.4, 4.8 ],
													"to": [ 1.2, 3.3, 6.1 ],
													"uv": [ 32.0, 23.0 ],
													"rotationOrigin": [ 0.6, 1.4, 4.8 ],
													"rotationX": 225.0,
													"rotationY": -13.0,
													"rotationZ": 13.0,
													"faces": {
														"north": { "texture": "#hussarhead", "uv": [ 32.0, 24.0, 32.5, 25.5 ] },
														"east": { "texture": "#hussarhead", "uv": [ 32.5, 24.0, 33.5, 25.5 ] },
														"south": { "texture": "#hussarhead", "uv": [ 33.5, 24.0, 34.0, 25.5 ] },
														"west": { "texture": "#hussarhead", "uv": [ 34.0, 24.0, 35.0, 25.5 ] },
														"up": { "texture": "#hussarhead", "uv": [ 32.0, 23.0, 32.5, 24.0 ] },
														"down": { "texture": "#hussarhead", "uv": [ 32.5, 23.0, 33.0, 24.0 ] }
													}
												}
											]
										},
										{
											"name": "FaceMask4",
											"from": [ 0.61, -3.3, 0.7 ],
											"to": [ 1.01, -2.2, 3.4 ],
											"uv": [ 47.0, 23.5 ],
											"rotationOrigin": [ 0.6, -3.3, 0.7 ],
											"rotationZ": 26.0,
											"faces": {
												"north": { "texture": "#hussarhead", "uv": [ 47.0, 26.0, 47.5, 27.0 ] },
												"east": { "texture": "#hussarhead", "uv": [ 47.5, 26.0, 50.0, 27.0 ] },
												"south": { "texture": "#hussarhead", "uv": [ 50.0, 26.0, 50.5, 27.0 ] },
												"west": { "texture": "#hussarhead", "uv": [ 50.5, 26.0, 53.0, 27.0 ] },
												"up": { "texture": "#hussarhead", "uv": [ 47.0, 23.5, 47.5, 26.0 ] },
												"down": { "texture": "#hussarhead", "uv": [ 47.5, 23.5, 48.0, 26.0 ] }
											}
										}
									]
								}
							]
						},
						{
							"name": "ArmorHelmetTop2",
							"from": [ 0.5, 0.5, 0.5 ],
							"to": [ 5.1, 1.0, 4.8 ],
							"unwrapMode": 4,
							"autoUnwrap": false,
							"uv": [ 23.5, 7.5 ],
							"rotationOrigin": [ 0.5, 0.5, 0.5 ],
							"faces": {
								"north": { "texture": "#hussarhead", "uv": [ 56.0, 21.5, 60.5, 22.0 ], "windMode": [-1,-1,-1,-1], "windData": [1,1,1,1] },
								"east": { "texture": "#hussarhead", "uv": [ 56.5, 22.0, 60.5, 22.5 ], "windMode": [-1,-1,-1,-1], "windData": [1,1,1,1] },
								"south": { "texture": "#hussarhead", "uv": [ 55.9, 22.0, 61.2, 22.5 ], "autoUv": false, "windMode": [-1,-1,-1,-1], "windData": [1,1,1,1] },
								"west": { "texture": "#hussarhead", "uv": [ 56.5, 22.0, 60.5, 22.5 ], "windMode": [-1,-1,-1,-1], "windData": [1,1,1,1] },
								"up": { "texture": "#hussarhead", "uv": [ 47.5, 21.0, 51.5, 25.5 ], "rotation": 90, "windMode": [-1,-1,-1,-1], "windData": [1,1,1,1] }
							}
						},
						{
							"name": "ArmorHelmetTop3",
							"from": [ 1.0, 1.0, 1.0 ],
							"to": [ 4.6, 2.0, 4.3 ],
							"unwrapMode": 4,
							"autoUnwrap": false,
							"uv": [ 23.5, 7.5 ],
							"rotationOrigin": [ 1.0, 1.0, 1.0 ],
							"faces": {
								"north": { "texture": "#hussarhead", "uv": [ 48.0, 27.0, 51.0, 28.0 ], "autoUv": false, "windMode": [-1,-1,-1,-1], "windData": [1,1,1,1] },
								"east": { "texture": "#hussarhead", "uv": [ 48.0, 27.0, 51.0, 28.0 ], "windMode": [-1,-1,-1,-1], "windData": [1,1,1,1] },
								"south": { "texture": "#hussarhead", "uv": [ 48.0, 27.0, 51.0, 28.0 ], "autoUv": false, "windMode": [-1,-1,-1,-1], "windData": [1,1,1,1] },
								"west": { "texture": "#hussarhead", "uv": [ 48.0, 27.0, 51.0, 28.0 ], "windMode": [-1,-1,-1,-1], "windData": [1,1,1,1] },
								"up": { "texture": "#hussarhead", "uv": [ 47.5, 21.0, 50.5, 24.5 ], "rotation": 90, "windMode": [-1,-1,-1,-1], "windData": [1,1,1,1] }
							}
						},
						{
							"name": "ArmorHelmetTop4",
							"from": [ 2.45, 1.8, 2.45 ],
							"to": [ 2.85, 2.3, 2.85 ],
							"unwrapMode": 4,
							"autoUnwrap": false,
							"uv": [ 23.5, 7.5 ],
							"rotationOrigin": [ 2.451, 1.8, 2.45 ],
							"faces": {
								"north": { "texture": "#hussarhead", "uv": [ 48.5, 26.5, 49.0, 27.0 ], "windMode": [-1,-1,-1,-1], "windData": [1,1,1,1] },
								"east": { "texture": "#hussarhead", "uv": [ 47.5, 26.5, 48.0, 27.0 ], "windMode": [-1,-1,-1,-1], "windData": [1,1,1,1] },
								"south": { "texture": "#hussarhead", "uv": [ 47.5, 26.5, 48.0, 27.0 ], "windMode": [-1,-1,-1,-1], "windData": [1,1,1,1] },
								"west": { "texture": "#hussarhead", "uv": [ 48.5, 21.0, 49.0, 21.5 ], "windMode": [-1,-1,-1,-1], "windData": [1,1,1,1] },
								"up": { "texture": "#hussarhead", "uv": [ 47.5, 21.0, 48.0, 21.5 ], "rotation": 90, "windMode": [-1,-1,-1,-1], "windData": [1,1,1,1] }
							}
						}
					]
				},
				{
					"name": "ArmorNeck",
					"from": [ 1.4, -1.2, 1.3 ],
					"to": [ 5.0, 0.6, 4.9 ],
					"uv": [ 44.0, 18.0 ],
					"rotationOrigin": [ 1.4, 0.8, 1.3 ],
					"faces": {
						"north": { "texture": "#hussarhead", "uv": [ 44.0, 18.0, 47.5, 19.5 ], "windMode": [-1,-1,-1,-1], "windData": [1,1,1,1] },
						"east": { "texture": "#hussarhead", "uv": [ 47.5, 18.0, 51.0, 19.5 ], "windMode": [-1,-1,-1,-1], "windData": [1,1,1,1] },
						"south": { "texture": "#hussarhead", "uv": [ 51.0, 18.0, 54.5, 19.5 ], "windMode": [-1,-1,-1,-1], "windData": [1,1,1,1] },
						"west": { "texture": "#hussarhead", "uv": [ 54.5, 18.0, 58.0, 19.5 ], "windMode": [-1,-1,-1,-1], "windData": [0,0,0,0] }
					}
				},
				{
					"name": "BackCover1",
					"from": [ 7.35, -0.6, 4.3 ],
					"to": [ 8.15, 0.9, 6.72 ],
					"unwrapMode": 4,
					"uv": [ 54.0, 31.0 ],
					"rotationOrigin": [ 7.3527, -0.6034, 4.3 ],
					"rotationX": -180.0,
					"rotationZ": 157.0,
					"faces": {
						"north": { "texture": "#hussarhead", "uv": [ 54.0, 31.5, 54.5, 33.0 ] },
						"east": { "texture": "#hussarhead", "uv": [ 57.0, 31.5, 59.0, 33.0 ] },
						"south": { "texture": "#hussarhead", "uv": [ 56.5, 31.5, 57.0, 33.0 ] },
						"west": { "texture": "#hussarhead", "uv": [ 54.5, 31.5, 56.5, 33.0 ] },
						"up": { "texture": "#hussarhead", "uv": [ 54.5, 31.0, 56.5, 31.5 ], "rotation": 90 },
						"down": { "texture": "#hussarhead", "uv": [ 54.5, 33.0, 56.5, 33.5 ], "rotation": 90 }
					},
					"children": [
						{
							"name": "BackCover1R",
							"from": [ 0.0, 0.0139, 2.3 ],
							"to": [ 0.8, 1.5139, 4.65 ],
							"unwrapMode": 4,
							"uv": [ 48.5, 31.0 ],
							"rotationOrigin": [ -0.001, 0.0139, 2.42 ],
							"rotationX": 4.0,
							"rotationY": 14.0,
							"faces": {
								"north": { "texture": "#hussarhead", "uv": [ 48.5, 31.5, 49.0, 33.0 ] },
								"east": { "texture": "#hussarhead", "uv": [ 51.5, 31.5, 53.5, 33.0 ] },
								"south": { "texture": "#hussarhead", "uv": [ 51.0, 31.5, 51.5, 33.0 ] },
								"west": { "texture": "#hussarhead", "uv": [ 49.0, 31.5, 51.0, 33.0 ] },
								"up": { "texture": "#hussarhead", "uv": [ 49.0, 31.0, 51.0, 31.5 ], "rotation": 90 },
								"down": { "texture": "#hussarhead", "uv": [ 49.0, 33.0, 51.0, 33.5 ], "rotation": 90 }
							}
						},
						{
							"name": "BackCover1L",
							"from": [ 0.1, 0.0139, -2.4 ],
							"to": [ 0.9, 1.5139, 0.05 ],
							"unwrapMode": 4,
							"uv": [ 43.0, 31.0 ],
							"rotationOrigin": [ 0.099, 0.0139, -0.48 ],
							"rotationX": -4.0,
							"rotationY": -14.0,
							"faces": {
								"north": { "texture": "#hussarhead", "uv": [ 43.0, 31.5, 43.5, 33.0 ] },
								"east": { "texture": "#hussarhead", "uv": [ 46.0, 31.5, 48.0, 33.0 ] },
								"south": { "texture": "#hussarhead", "uv": [ 45.5, 31.5, 46.0, 33.0 ] },
								"west": { "texture": "#hussarhead", "uv": [ 43.5, 31.5, 45.5, 33.0 ] },
								"up": { "texture": "#hussarhead", "uv": [ 43.5, 31.0, 45.5, 31.5 ], "rotation": 90 },
								"down": { "texture": "#hussarhead", "uv": [ 43.5, 33.0, 45.5, 33.5 ], "rotation": 90 }
							}
						},
						{
							"name": "BackCover2",
							"from": [ 0.4, -1.2, 0.0 ],
							"to": [ 1.2, 0.1, 2.42 ],
							"unwrapMode": 4,
							"uv": [ 54.0, 34.5 ],
							"rotationOrigin": [ 0.3963, -1.2045, 0.0 ],
							"rotationZ": 6.0,
							"faces": {
								"north": { "texture": "#hussarhead", "uv": [ 54.0, 35.0, 54.5, 36.0 ] },
								"east": { "texture": "#hussarhead", "uv": [ 57.0, 35.0, 59.0, 36.0 ] },
								"south": { "texture": "#hussarhead", "uv": [ 56.5, 35.0, 57.0, 36.0 ] },
								"west": { "texture": "#hussarhead", "uv": [ 54.5, 35.0, 56.5, 36.0 ] },
								"up": { "texture": "#hussarhead", "uv": [ 54.5, 34.5, 56.5, 35.0 ], "rotation": 90 },
								"down": { "texture": "#hussarhead", "uv": [ 54.5, 36.0, 56.5, 36.5 ], "rotation": 90 }
							},
							"children": [
								{
									"name": "BackCover2R",
									"from": [ 0.0, 0.01, 2.3 ],
									"to": [ 0.8, 1.31, 4.65 ],
									"unwrapMode": 4,
									"uv": [ 48.5, 34.5 ],
									"rotationOrigin": [ -0.001, 0.0139, 2.42 ],
									"rotationX": 4.0,
									"rotationY": 17.0,
									"faces": {
										"north": { "texture": "#hussarhead", "uv": [ 48.5, 35.0, 49.0, 36.0 ] },
										"east": { "texture": "#hussarhead", "uv": [ 51.5, 35.0, 53.5, 36.0 ] },
										"south": { "texture": "#hussarhead", "uv": [ 51.0, 35.0, 51.5, 36.0 ] },
										"west": { "texture": "#hussarhead", "uv": [ 49.0, 35.0, 51.0, 36.0 ] },
										"up": { "texture": "#hussarhead", "uv": [ 49.0, 34.5, 51.0, 35.0 ], "rotation": 90 },
										"down": { "texture": "#hussarhead", "uv": [ 49.0, 36.0, 51.0, 36.5 ], "rotation": 90 }
									}
								},
								{
									"name": "BackCover2L",
									"from": [ 0.0, 0.0139, -2.4 ],
									"to": [ 0.8, 1.3139, -0.05 ],
									"unwrapMode": 4,
									"uv": [ 43.0, 34.5 ],
									"rotationOrigin": [ -0.001, 0.0139, -0.18 ],
									"rotationX": -4.0,
									"rotationY": -17.0,
									"faces": {
										"north": { "texture": "#hussarhead", "uv": [ 43.0, 35.0, 43.5, 36.0 ] },
										"east": { "texture": "#hussarhead", "uv": [ 46.0, 35.0, 48.0, 36.0 ] },
										"south": { "texture": "#hussarhead", "uv": [ 45.5, 35.0, 46.0, 36.0 ] },
										"west": { "texture": "#hussarhead", "uv": [ 43.5, 35.0, 45.5, 36.0 ] },
										"up": { "texture": "#hussarhead", "uv": [ 43.5, 34.5, 45.5, 35.0 ], "rotation": 90 },
										"down": { "texture": "#hussarhead", "uv": [ 43.5, 36.0, 45.5, 36.5 ], "rotation": 90 }
									}
								}
							]
						},
						{
							"name": "BackCover3",
							"from": [ 0.58, -2.5, 0.0 ],
							"to": [ 1.38, -1.2, 2.42 ],
							"unwrapMode": 4,
							"uv": [ 54.0, 34.5 ],
							"rotationOrigin": [ 0.5834, -2.5007, 0.0 ],
							"rotationZ": 7.0,
							"faces": {
								"north": { "texture": "#hussarhead", "uv": [ 54.0, 35.0, 54.5, 36.0 ] },
								"east": { "texture": "#hussarhead", "uv": [ 57.0, 35.0, 59.0, 36.0 ] },
								"south": { "texture": "#hussarhead", "uv": [ 56.5, 35.0, 57.0, 36.0 ] },
								"west": { "texture": "#hussarhead", "uv": [ 54.5, 35.0, 56.5, 36.0 ] },
								"up": { "texture": "#hussarhead", "uv": [ 54.5, 34.5, 56.5, 35.0 ], "rotation": 90 },
								"down": { "texture": "#hussarhead", "uv": [ 54.5, 36.0, 56.5, 36.5 ], "rotation": 90 }
							},
							"children": [
								{
									"name": "BackCover3R",
									"from": [ 0.0, 0.0139, 2.3 ],
									"to": [ 0.8, 1.3139, 4.95 ],
									"unwrapMode": 4,
									"uv": [ 49.5, 37.5 ],
									"rotationOrigin": [ -0.001, 0.0139, 2.42 ],
									"rotationX": 4.0,
									"rotationY": 25.0,
									"rotationZ": 5.0,
									"faces": {
										"north": { "texture": "#hussarhead", "uv": [ 49.5, 38.0, 50.0, 39.0 ] },
										"east": { "texture": "#hussarhead", "uv": [ 53.0, 38.0, 55.5, 39.0 ] },
										"south": { "texture": "#hussarhead", "uv": [ 52.5, 38.0, 53.0, 39.0 ] },
										"west": { "texture": "#hussarhead", "uv": [ 50.0, 38.0, 52.5, 39.0 ] },
										"up": { "texture": "#hussarhead", "uv": [ 50.0, 37.5, 52.5, 38.0 ], "rotation": 90 },
										"down": { "texture": "#hussarhead", "uv": [ 50.0, 39.0, 52.5, 39.5 ], "rotation": 90 }
									}
								},
								{
									"name": "BackCover3L",
									"from": [ 0.1, 0.0139, -2.5 ],
									"to": [ 0.9, 1.3139, 0.15 ],
									"unwrapMode": 4,
									"uv": [ 43.0, 37.5 ],
									"rotationOrigin": [ 0.099, 0.0139, -0.18 ],
									"rotationX": -4.0,
									"rotationY": -25.0,
									"faces": {
										"north": { "texture": "#hussarhead", "uv": [ 43.0, 38.0, 43.5, 39.0 ] },
										"east": { "texture": "#hussarhead", "uv": [ 46.5, 38.0, 49.0, 39.0 ] },
										"south": { "texture": "#hussarhead", "uv": [ 46.0, 38.0, 46.5, 39.0 ] },
										"west": { "texture": "#hussarhead", "uv": [ 43.5, 38.0, 46.0, 39.0 ] },
										"up": { "texture": "#hussarhead", "uv": [ 43.5, 37.5, 46.0, 38.0 ], "rotation": 90 },
										"down": { "texture": "#hussarhead", "uv": [ 43.5, 39.0, 46.0, 39.5 ], "rotation": 90 }
									}
								}
							]
						},
						{
							"name": "BackCover4",
							"from": [ 0.87, -3.6, 0.0 ],
							"to": [ 1.67, -2.3, 2.42 ],
							"unwrapMode": 4,
							"uv": [ 56.0, 37.5 ],
							"rotationOrigin": [ 0.8706, -3.5969, 0.0 ],
							"rotationZ": 7.0,
							"faces": {
								"north": { "texture": "#hussarhead", "uv": [ 56.0, 38.0, 56.5, 39.0 ] },
								"east": { "texture": "#hussarhead", "uv": [ 59.0, 38.0, 61.0, 39.0 ] },
								"south": { "texture": "#hussarhead", "uv": [ 58.5, 38.0, 59.0, 39.0 ] },
								"west": { "texture": "#hussarhead", "uv": [ 56.5, 38.0, 58.5, 39.0 ] },
								"up": { "texture": "#hussarhead", "uv": [ 56.5, 37.5, 58.5, 38.0 ], "rotation": 90 },
								"down": { "texture": "#hussarhead", "uv": [ 56.5, 39.0, 58.5, 39.5 ], "rotation": 90 }
							},
							"children": [
								{
									"name": "BackCover4R",
									"from": [ 0.0, 0.0139, 2.3 ],
									"to": [ 0.8, 1.3139, 5.15 ],
									"unwrapMode": 4,
									"uv": [ 49.5, 37.5 ],
									"rotationOrigin": [ -0.001, 0.0139, 2.42 ],
									"rotationX": 4.0,
									"rotationY": 30.0,
									"rotationZ": 5.0,
									"faces": {
										"north": { "texture": "#hussarhead", "uv": [ 49.5, 38.0, 50.0, 39.0 ] },
										"east": { "texture": "#hussarhead", "uv": [ 53.0, 38.0, 55.5, 39.0 ] },
										"south": { "texture": "#hussarhead", "uv": [ 52.5, 38.0, 53.0, 39.0 ] },
										"west": { "texture": "#hussarhead", "uv": [ 50.0, 38.0, 52.5, 39.0 ] },
										"up": { "texture": "#hussarhead", "uv": [ 50.0, 37.5, 52.5, 38.0 ], "rotation": 90 },
										"down": { "texture": "#hussarhead", "uv": [ 50.0, 39.0, 52.5, 39.5 ], "rotation": 90 }
									}
								},
								{
									"name": "BackCover4L",
									"from": [ 0.2, 0.0139, -2.7 ],
									"to": [ 1.0, 1.3139, 0.15 ],
									"unwrapMode": 4,
									"uv": [ 43.0, 37.5 ],
									"rotationOrigin": [ 0.199, 0.0139, -0.18 ],
									"rotationX": -4.0,
									"rotationY": -31.0,
									"rotationZ": 6.0,
									"faces": {
										"north": { "texture": "#hussarhead", "uv": [ 43.0, 38.0, 43.5, 39.0 ] },
										"east": { "texture": "#hussarhead", "uv": [ 46.5, 38.0, 49.0, 39.0 ] },
										"south": { "texture": "#hussarhead", "uv": [ 46.0, 38.0, 46.5, 39.0 ] },
										"west": { "texture": "#hussarhead", "uv": [ 43.5, 38.0, 46.0, 39.0 ] },
										"up": { "texture": "#hussarhead", "uv": [ 43.5, 37.5, 46.0, 38.0 ], "rotation": 90 },
										"down": { "texture": "#hussarhead", "uv": [ 43.5, 39.0, 46.0, 39.5 ], "rotation": 90 }
									}
								}
							]
						}
					]
				},
				{
					"name": "SideCoverL1",
					"from": [ 1.7, -1.9, 5.6 ],
					"to": [ 4.9, 0.1, 6.6 ],
					"uv": [ 34.0, 32.5 ],
					"rotationOrigin": [ 1.7, -1.9, 5.6 ],
					"rotationX": -5.0,
					"rotationZ": 4.0,
					"faces": {
						"north": { "texture": "#hussarhead", "uv": [ 34.0, 33.5, 37.0, 35.5 ] },
						"east": { "texture": "#hussarhead", "uv": [ 37.0, 33.5, 38.0, 35.5 ] },
						"south": { "texture": "#hussarhead", "uv": [ 38.0, 33.5, 41.0, 35.5 ] },
						"west": { "texture": "#hussarhead", "uv": [ 41.0, 33.5, 42.0, 35.5 ] },
						"up": { "texture": "#hussarhead", "uv": [ 34.0, 32.5, 37.0, 33.5 ] },
						"down": { "texture": "#hussarhead", "uv": [ 37.0, 32.5, 40.0, 33.5 ] }
					},
					"children": [
						{
							"name": "SideCoverL2",
							"from": [ 0.6, -1.5, 0.2 ],
							"to": [ 2.6, 0.0, 1.0 ],
							"uv": [ 34.0, 39.5 ],
							"rotationOrigin": [ 0.6, -1.5, 0.2 ],
							"faces": {
								"north": { "texture": "#hussarhead", "uv": [ 34.0, 40.0, 36.0, 41.5 ] },
								"east": { "texture": "#hussarhead", "uv": [ 36.0, 40.0, 36.5, 41.5 ] },
								"south": { "texture": "#hussarhead", "uv": [ 36.5, 40.0, 38.5, 41.5 ] },
								"west": { "texture": "#hussarhead", "uv": [ 38.5, 40.0, 39.0, 41.5 ] },
								"up": { "texture": "#hussarhead", "uv": [ 34.0, 39.5, 36.0, 40.0 ] },
								"down": { "texture": "#hussarhead", "uv": [ 36.0, 39.5, 38.0, 40.0 ] }
							}
						},
						{
							"name": "SideCoverL3",
							"from": [ 2.7, -1.5, 0.19 ],
							"to": [ 4.4, -0.5, 0.99 ],
							"uv": [ 34.5, 39.5 ],
							"rotationOrigin": [ 2.7, -1.5, 0.1 ],
							"rotationZ": 71.0,
							"faces": {
								"north": { "texture": "#hussarhead", "uv": [ 34.5, 40.0, 36.0, 41.0 ] },
								"east": { "texture": "#hussarhead", "uv": [ 36.0, 40.0, 36.5, 41.0 ] },
								"south": { "texture": "#hussarhead", "uv": [ 36.5, 40.0, 38.0, 41.0 ] },
								"west": { "texture": "#hussarhead", "uv": [ 38.0, 40.0, 38.5, 41.0 ] },
								"up": { "texture": "#hussarhead", "uv": [ 34.5, 39.5, 36.0, 40.0 ] },
								"down": { "texture": "#hussarhead", "uv": [ 36.0, 39.5, 37.5, 40.0 ] }
							}
						},
						{
							"name": "SideCoverL4",
							"from": [ 0.6, -2.5, 0.19 ],
							"to": [ 2.3, -1.5, 0.99 ],
							"uv": [ 35.0, 39.5 ],
							"rotationOrigin": [ 0.6, -1.5, 0.1 ],
							"rotationZ": 113.0,
							"faces": {
								"north": { "texture": "#hussarhead", "uv": [ 35.0, 40.0, 36.5, 41.0 ] },
								"east": { "texture": "#hussarhead", "uv": [ 36.5, 40.0, 37.0, 41.0 ] },
								"south": { "texture": "#hussarhead", "uv": [ 37.0, 40.0, 38.5, 41.0 ] },
								"west": { "texture": "#hussarhead", "uv": [ 38.5, 40.0, 39.0, 41.0 ] },
								"up": { "texture": "#hussarhead", "uv": [ 35.0, 39.5, 36.5, 40.0 ] },
								"down": { "texture": "#hussarhead", "uv": [ 36.5, 39.5, 38.0, 40.0 ] }
							}
						}
					]
				},
				{
					"name": "SideCoverL5",
					"from": [ 1.7, -1.9, -0.3 ],
					"to": [ 4.9, 0.1, 0.7 ],
					"uv": [ 34.0, 35.5 ],
					"rotationOrigin": [ 1.7, -1.9, -0.3 ],
					"rotationX": 5.0,
					"rotationZ": 4.0,
					"faces": {
						"north": { "texture": "#hussarhead", "uv": [ 34.0, 36.5, 37.0, 38.5 ] },
						"east": { "texture": "#hussarhead", "uv": [ 37.0, 36.5, 38.0, 38.5 ] },
						"south": { "texture": "#hussarhead", "uv": [ 38.0, 36.5, 41.0, 38.5 ] },
						"west": { "texture": "#hussarhead", "uv": [ 41.0, 36.5, 42.0, 38.5 ] },
						"up": { "texture": "#hussarhead", "uv": [ 34.0, 35.5, 37.0, 36.5 ] },
						"down": { "texture": "#hussarhead", "uv": [ 37.0, 35.5, 40.0, 36.5 ] }
					},
					"children": [
						{
							"name": "SideCoverL6",
							"from": [ 0.6, -1.5, 0.2 ],
							"to": [ 2.6, 0.0, 1.0 ],
							"uv": [ 34.0, 39.5 ],
							"rotationOrigin": [ 0.6, -1.5, 0.2 ],
							"faces": {
								"north": { "texture": "#hussarhead", "uv": [ 34.0, 40.0, 36.0, 41.5 ] },
								"east": { "texture": "#hussarhead", "uv": [ 36.0, 40.0, 36.5, 41.5 ] },
								"south": { "texture": "#hussarhead", "uv": [ 36.5, 40.0, 38.5, 41.5 ] },
								"west": { "texture": "#hussarhead", "uv": [ 38.5, 40.0, 39.0, 41.5 ] },
								"up": { "texture": "#hussarhead", "uv": [ 34.0, 39.5, 36.0, 40.0 ] },
								"down": { "texture": "#hussarhead", "uv": [ 36.0, 39.5, 38.0, 40.0 ] }
							}
						},
						{
							"name": "SideCoverL7",
							"from": [ 2.7, -1.5, 0.19 ],
							"to": [ 4.4, -0.5, 0.99 ],
							"uv": [ 34.2, 40.0 ],
							"rotationOrigin": [ 2.7, -1.5, 0.1 ],
							"rotationZ": 71.0,
							"faces": {
								"north": { "texture": "#hussarhead", "uv": [ 34.0, 40.5, 35.5, 41.5 ] },
								"east": { "texture": "#hussarhead", "uv": [ 36.0, 40.5, 36.5, 41.5 ] },
								"south": { "texture": "#hussarhead", "uv": [ 36.5, 40.5, 38.0, 41.5 ] },
								"west": { "texture": "#hussarhead", "uv": [ 38.0, 40.5, 38.5, 41.5 ] },
								"up": { "texture": "#hussarhead", "uv": [ 34.0, 40.0, 35.5, 40.5 ] },
								"down": { "texture": "#hussarhead", "uv": [ 36.0, 40.0, 37.5, 40.5 ] }
							}
						},
						{
							"name": "SideCoverL8",
							"from": [ 0.6, -2.5, 0.19 ],
							"to": [ 2.3, -1.5, 0.99 ],
							"uv": [ 34.0, 39.5 ],
							"rotationOrigin": [ 0.6, -1.5, 0.1 ],
							"rotationZ": 113.0,
							"faces": {
								"north": { "texture": "#hussarhead", "uv": [ 34.0, 40.0, 35.5, 41.0 ] },
								"east": { "texture": "#hussarhead", "uv": [ 35.5, 40.0, 36.0, 41.0 ] },
								"south": { "texture": "#hussarhead", "uv": [ 36.0, 40.0, 37.5, 41.0 ] },
								"west": { "texture": "#hussarhead", "uv": [ 37.5, 40.0, 38.0, 41.0 ] },
								"up": { "texture": "#hussarhead", "uv": [ 34.0, 39.5, 35.5, 40.0 ] },
								"down": { "texture": "#hussarhead", "uv": [ 35.5, 39.5, 37.0, 40.0 ] }
							}
						}
					]
				},
				{
					"name": "SunblockAxle",
					"from": [ 3.15, 4.3, 3.15 ],
					"to": [ 3.15, 4.8, 3.15 ],
					"unwrapMode": 4,
					"autoUnwrap": false,
					"uv": [ 23.5, 7.5 ],
					"rotationOrigin": [ 3.151, 4.3, 3.15 ],
					"faces": {
						"north": { "texture": "#hussarhead", "uv": [ 48.5, 26.5, 49.0, 27.0 ], "windMode": [-1,-1,-1,-1], "windData": [1,1,1,1] },
						"east": { "texture": "#hussarhead", "uv": [ 47.5, 26.5, 48.0, 27.0 ], "windMode": [-1,-1,-1,-1], "windData": [1,1,1,1] },
						"south": { "texture": "#hussarhead", "uv": [ 47.5, 26.5, 48.0, 27.0 ], "windMode": [-1,-1,-1,-1], "windData": [1,1,1,1] },
						"west": { "texture": "#hussarhead", "uv": [ 48.5, 21.0, 49.0, 21.5 ], "windMode": [-1,-1,-1,-1], "windData": [1,1,1,1] },
						"up": { "texture": "#hussarhead", "uv": [ 47.5, 21.0, 48.0, 21.5 ], "rotation": 90, "windMode": [-1,-1,-1,-1], "windData": [1,1,1,1] }
					},
					"children": [
						{
							"name": "SunblockBase",
							"from": [ -3.75, -4.0, -3.45 ],
							"to": [ 3.45, -3.5, 3.45 ],
							"autoUnwrap": false,
							"uv": [ 27.5, 6.0 ],
							"rotationOrigin": [ -3.75, -4.0, -3.45 ],
							"faces": {
								"north": { "texture": "#hussarhead", "uv": [ 47.0, 29.0, 54.0, 29.5 ] },
								"east": { "texture": "#hussarhead", "uv": [ 46.5, 29.0, 53.0, 29.5 ] },
								"south": { "texture": "#hussarhead", "uv": [ 45.0, 29.0, 52.0, 29.5 ] },
								"west": { "texture": "#hussarhead", "uv": [ 52.0, 29.0, 58.5, 29.5 ] },
								"up": { "texture": "#hussarhead", "uv": [ 46.0, 20.0, 53.0, 26.5 ] },
								"down": { "texture": "#hussarhead", "uv": [ 46.0, 20.0, 53.0, 26.5 ] }
							},
							"children": [
								{
									"name": "SunblockBase3",
									"from": [ -1.5, -0.19, 1.3 ],
									"to": [ 0.0, 0.31, 5.6 ],
									"autoUnwrap": false,
									"uv": [ 36.0, 19.5 ],
									"rotationOrigin": [ -1.5, -0.2, 1.3 ],
									"rotationZ": 8.0,
									"faces": {
										"north": { "texture": "#hussarhead", "uv": [ 36.0, 21.0, 37.5, 21.5 ] },
										"east": { "texture": "#hussarhead", "uv": [ 38.0, 21.0, 42.0, 21.5 ] },
										"south": { "texture": "#hussarhead", "uv": [ 39.5, 21.0, 41.0, 21.5 ] },
										"west": { "texture": "#hussarhead", "uv": [ 46.5, 29.0, 50.9, 29.5 ], "autoUv": false },
										"up": { "texture": "#hussarhead", "uv": [ 60.0, 31.5, 61.5, 35.5 ] },
										"down": { "texture": "#hussarhead", "uv": [ 62.5, 30.5, 64.0, 34.5 ] }
									},
									"children": [
										{
											"name": "SunblockBase5",
											"from": [ 0.86, -0.08, -2.1 ],
											"to": [ 2.26, 0.42, 0.15 ],
											"autoUnwrap": false,
											"uv": [ 36.0, 19.0 ],
											"rotationOrigin": [ 0.86, -0.1, -2.1 ],
											"rotationX": -4.0,
											"rotationY": -21.7,
											"faces": {
												"north": { "texture": "#hussarhead", "uv": [ 36.0, 21.0, 37.0, 21.5 ] },
												"east": { "texture": "#hussarhead", "uv": [ 37.5, 21.0, 39.5, 21.5 ] },
												"south": { "texture": "#hussarhead", "uv": [ 39.5, 21.0, 40.5, 21.5 ] },
												"west": { "texture": "#hussarhead", "uv": [ 50.5, 29.0, 52.5, 29.5 ] },
												"up": { "texture": "#hussarhead", "uv": [ 60.0, 31.0, 61.0, 33.0 ] },
												"down": { "texture": "#hussarhead", "uv": [ 62.5, 30.5, 63.5, 32.5 ] }
											}
										},
										{
											"name": "SunblockBase6",
											"from": [ -1.1, -0.08, 6.6 ],
											"to": [ 0.3, 0.42, 8.95 ],
											"autoUnwrap": false,
											"uv": [ 36.0, 19.0 ],
											"rotationOrigin": [ 0.64, -0.1, 6.6 ],
											"rotationX": -178.0,
											"rotationY": -24.7,
											"rotationZ": -180.0,
											"faces": {
												"north": { "texture": "#hussarhead", "uv": [ 36.0, 21.0, 37.0, 21.5 ] },
												"east": { "texture": "#hussarhead", "uv": [ 50.0, 29.0, 54.4, 29.5 ], "autoUv": false },
												"south": { "texture": "#hussarhead", "uv": [ 39.5, 21.0, 40.5, 21.5 ] },
												"west": { "texture": "#hussarhead", "uv": [ 41.0, 21.0, 43.0, 21.5 ] },
												"up": { "texture": "#hussarhead", "uv": [ 60.0, 31.5, 61.0, 33.5 ], "rotation": 180 },
												"down": { "texture": "#hussarhead", "uv": [ 62.5, 32.0, 63.5, 34.0 ] }
											}
										}
									]
								}
							]
						}
					]
				},
				{
					"name": "SunblockAxle2",
					"from": [ 3.15, 4.3, 3.15 ],
					"to": [ 3.15, 4.8, 3.15 ],
					"unwrapMode": 4,
					"autoUnwrap": false,
					"uv": [ 23.5, 7.5 ],
					"rotationOrigin": [ 3.151, 4.3, 3.15 ],
					"rotationY": 90.0,
					"faces": {
						"north": { "texture": "#hussarhead", "uv": [ 48.5, 26.5, 49.0, 27.0 ], "windMode": [-1,-1,-1,-1], "windData": [1,1,1,1] },
						"east": { "texture": "#hussarhead", "uv": [ 47.5, 26.5, 48.0, 27.0 ], "windMode": [-1,-1,-1,-1], "windData": [1,1,1,1] },
						"south": { "texture": "#hussarhead", "uv": [ 47.5, 26.5, 48.0, 27.0 ], "windMode": [-1,-1,-1,-1], "windData": [1,1,1,1] },
						"west": { "texture": "#hussarhead", "uv": [ 48.5, 21.0, 49.0, 21.5 ], "windMode": [-1,-1,-1,-1], "windData": [1,1,1,1] },
						"up": { "texture": "#hussarhead", "uv": [ 47.5, 21.0, 48.0, 21.5 ], "rotation": 90, "windMode": [-1,-1,-1,-1], "windData": [1,1,1,1] }
					},
					"children": [
						{
							"name": "SunblockBase4",
							"from": [ -5.25, -4.19, -2.15 ],
							"to": [ -3.45, -3.69, 2.15 ],
							"autoUnwrap": false,
							"uv": [ 36.0, 19.5 ],
							"rotationOrigin": [ -5.25, -4.2, -2.15 ],
							"rotationZ": 8.0,
							"faces": {
								"north": { "texture": "#hussarhead", "uv": [ 36.0, 21.0, 37.5, 21.5 ] },
								"east": { "texture": "#hussarhead", "uv": [ 38.0, 21.0, 42.0, 21.5 ] },
								"south": { "texture": "#hussarhead", "uv": [ 39.5, 21.0, 41.0, 21.5 ] },
								"west": { "texture": "#hussarhead", "uv": [ 46.6, 29.0, 50.8, 29.5 ], "autoUv": false },
								"up": { "texture": "#hussarhead", "uv": [ 60.0, 30.0, 61.5, 34.0 ] },
								"down": { "texture": "#hussarhead", "uv": [ 62.5, 31.0, 64.0, 35.0 ] }
							},
							"children": [
								{
									"name": "SunblockBase7",
									"from": [ 0.96, -0.09, -2.2 ],
									"to": [ 2.66, 0.41, 0.15 ],
									"autoUnwrap": false,
									"uv": [ 36.0, 19.0 ],
									"rotationOrigin": [ 0.96, -0.1, -2.2 ],
									"rotationX": -4.0,
									"rotationY": -24.7,
									"faces": {
										"north": { "texture": "#hussarhead", "uv": [ 36.0, 21.0, 37.5, 21.5 ] },
										"east": { "texture": "#hussarhead", "uv": [ 37.5, 21.0, 39.5, 21.5 ] },
										"south": { "texture": "#hussarhead", "uv": [ 39.5, 21.0, 41.0, 21.5 ] },
										"west": { "texture": "#hussarhead", "uv": [ 53.0, 29.0, 55.0, 29.5 ] },
										"up": { "texture": "#hussarhead", "uv": [ 61.6, 35.5, 60.0, 34.0 ], "rotation": 180, "autoUv": false },
										"down": { "texture": "#hussarhead", "uv": [ 62.0, 30.5, 63.5, 32.5 ] }
									}
								},
								{
									"name": "SunblockBase8",
									"from": [ -0.9, -0.08, 6.5 ],
									"to": [ 0.8, 0.42, 8.85 ],
									"autoUnwrap": false,
									"uv": [ 36.0, 19.0 ],
									"rotationOrigin": [ 0.84, -0.1, 6.5 ],
									"rotationX": -176.0,
									"rotationY": -21.7,
									"rotationZ": -180.0,
									"faces": {
										"north": { "texture": "#hussarhead", "uv": [ 36.0, 21.0, 37.5, 21.5 ] },
										"east": { "texture": "#hussarhead", "uv": [ 50.0, 29.0, 52.0, 29.5 ] },
										"south": { "texture": "#hussarhead", "uv": [ 39.5, 21.0, 41.0, 21.5 ] },
										"west": { "texture": "#hussarhead", "uv": [ 41.0, 21.0, 43.0, 21.5 ] },
										"up": { "texture": "#hussarhead", "uv": [ 60.0, 32.0, 61.5, 34.0 ], "rotation": 180 },
										"down": { "texture": "#hussarhead", "uv": [ 62.5, 31.0, 64.0, 33.0 ] }
									}
								}
							]
						}
					]
				},
				{
					"name": "SunblockAxle3",
					"from": [ 3.15, 4.3, 3.15 ],
					"to": [ 3.15, 4.8, 3.15 ],
					"unwrapMode": 4,
					"autoUnwrap": false,
					"uv": [ 23.5, 7.5 ],
					"rotationOrigin": [ 3.151, 4.3, 3.15 ],
					"rotationY": 180.0,
					"faces": {
						"north": { "texture": "#hussarhead", "uv": [ 48.5, 26.5, 49.0, 27.0 ], "windMode": [-1,-1,-1,-1], "windData": [1,1,1,1] },
						"east": { "texture": "#hussarhead", "uv": [ 47.5, 26.5, 48.0, 27.0 ], "windMode": [-1,-1,-1,-1], "windData": [1,1,1,1] },
						"south": { "texture": "#hussarhead", "uv": [ 47.5, 26.5, 48.0, 27.0 ], "windMode": [-1,-1,-1,-1], "windData": [1,1,1,1] },
						"west": { "texture": "#hussarhead", "uv": [ 48.5, 21.0, 49.0, 21.5 ], "windMode": [-1,-1,-1,-1], "windData": [1,1,1,1] },
						"up": { "texture": "#hussarhead", "uv": [ 47.5, 21.0, 48.0, 21.5 ], "rotation": 90, "windMode": [-1,-1,-1,-1], "windData": [1,1,1,1] }
					},
					"children": [
						{
							"name": "SunblockBase9",
							"from": [ -5.25, -4.19, -2.15 ],
							"to": [ -3.45, -3.69, 2.15 ],
							"autoUnwrap": false,
							"uv": [ 36.0, 19.5 ],
							"rotationOrigin": [ -5.25, -4.2, -2.15 ],
							"rotationZ": 8.0,
							"faces": {
								"north": { "texture": "#hussarhead", "uv": [ 36.0, 21.0, 37.5, 21.5 ] },
								"east": { "texture": "#hussarhead", "uv": [ 38.0, 21.0, 42.0, 21.5 ] },
								"south": { "texture": "#hussarhead", "uv": [ 39.5, 21.0, 41.0, 21.5 ] },
								"west": { "texture": "#hussarhead", "uv": [ 53.5, 29.0, 58.1, 29.5 ], "autoUv": false },
								"up": { "texture": "#hussarhead", "uv": [ 60.0, 30.5, 61.5, 34.5 ] },
								"down": { "texture": "#hussarhead", "uv": [ 62.0, 31.5, 63.5, 35.5 ] }
							},
							"children": [
								{
									"name": "SunblockBase10",
									"from": [ 0.96, -0.09, -2.2 ],
									"to": [ 2.66, 0.41, 0.15 ],
									"autoUnwrap": false,
									"uv": [ 36.0, 19.0 ],
									"rotationOrigin": [ 0.96, -0.1, -2.2 ],
									"rotationX": -4.0,
									"rotationY": -24.7,
									"faces": {
										"north": { "texture": "#hussarhead", "uv": [ 36.0, 21.0, 37.5, 21.5 ] },
										"east": { "texture": "#hussarhead", "uv": [ 37.5, 21.0, 39.5, 21.5 ] },
										"south": { "texture": "#hussarhead", "uv": [ 39.5, 21.0, 41.0, 21.5 ] },
										"west": { "texture": "#hussarhead", "uv": [ 52.5, 29.0, 54.5, 29.5 ] },
										"up": { "texture": "#hussarhead", "uv": [ 60.0, 32.0, 61.5, 34.0 ], "autoUv": false },
										"down": { "texture": "#hussarhead", "uv": [ 62.5, 32.5, 64.0, 34.5 ] }
									}
								},
								{
									"name": "SunblockBase11",
									"from": [ -0.9, -0.08, 6.5 ],
									"to": [ 0.8, 0.42, 8.85 ],
									"autoUnwrap": false,
									"uv": [ 36.0, 19.0 ],
									"rotationOrigin": [ 0.84, -0.1, 6.5 ],
									"rotationX": -176.0,
									"rotationY": -21.7,
									"rotationZ": -180.0,
									"faces": {
										"north": { "texture": "#hussarhead", "uv": [ 36.0, 21.0, 37.5, 21.5 ] },
										"east": { "texture": "#hussarhead", "uv": [ 55.5, 29.0, 57.5, 29.5 ] },
										"south": { "texture": "#hussarhead", "uv": [ 39.5, 21.0, 41.0, 21.5 ] },
										"west": { "texture": "#hussarhead", "uv": [ 41.0, 21.0, 43.0, 21.5 ] },
										"up": { "texture": "#hussarhead", "uv": [ 60.0, 32.0, 61.5, 34.0 ], "rotation": 180 },
										"down": { "texture": "#hussarhead", "uv": [ 62.5, 33.5, 64.0, 35.5 ] }
									}
								}
							]
						}
					]
				},
				{
					"name": "SunblockAxle4",
					"from": [ 3.15, 4.3, 3.15 ],
					"to": [ 3.15, 4.8, 3.15 ],
					"unwrapMode": 4,
					"autoUnwrap": false,
					"uv": [ 23.5, 7.5 ],
					"rotationOrigin": [ 3.151, 4.3, 3.15 ],
					"rotationY": 270.0,
					"faces": {
						"north": { "texture": "#hussarhead", "uv": [ 48.5, 26.5, 49.0, 27.0 ], "windMode": [-1,-1,-1,-1], "windData": [1,1,1,1] },
						"east": { "texture": "#hussarhead", "uv": [ 47.5, 26.5, 48.0, 27.0 ], "windMode": [-1,-1,-1,-1], "windData": [1,1,1,1] },
						"south": { "texture": "#hussarhead", "uv": [ 47.5, 26.5, 48.0, 27.0 ], "windMode": [-1,-1,-1,-1], "windData": [1,1,1,1] },
						"west": { "texture": "#hussarhead", "uv": [ 48.5, 21.0, 49.0, 21.5 ], "windMode": [-1,-1,-1,-1], "windData": [1,1,1,1] },
						"up": { "texture": "#hussarhead", "uv": [ 47.5, 21.0, 48.0, 21.5 ], "rotation": 90, "windMode": [-1,-1,-1,-1], "windData": [1,1,1,1] }
					},
					"children": [
						{
							"name": "SunblockBase12",
							"from": [ -5.25, -4.19, -2.15 ],
							"to": [ -3.45, -3.69, 2.15 ],
							"autoUnwrap": false,
							"uv": [ 36.0, 19.5 ],
							"rotationOrigin": [ -5.25, -4.2, -2.15 ],
							"rotationZ": 8.0,
							"faces": {
								"north": { "texture": "#hussarhead", "uv": [ 36.0, 21.0, 37.5, 21.5 ] },
								"east": { "texture": "#hussarhead", "uv": [ 38.0, 21.0, 42.0, 21.5 ] },
								"south": { "texture": "#hussarhead", "uv": [ 39.5, 21.0, 41.0, 21.5 ] },
								"west": { "texture": "#hussarhead", "uv": [ 46.5, 29.0, 50.5, 29.5 ] },
								"up": { "texture": "#hussarhead", "uv": [ 60.0, 30.5, 61.5, 34.5 ] },
								"down": { "texture": "#hussarhead", "uv": [ 62.5, 31.0, 64.0, 35.0 ] }
							},
							"children": [
								{
									"name": "SunblockBase13",
									"from": [ 0.96, -0.09, -2.2 ],
									"to": [ 2.66, 0.41, 0.15 ],
									"autoUnwrap": false,
									"uv": [ 36.0, 19.0 ],
									"rotationOrigin": [ 0.96, -0.1, -2.2 ],
									"rotationX": -4.0,
									"rotationY": -24.7,
									"faces": {
										"north": { "texture": "#hussarhead", "uv": [ 36.0, 21.0, 37.5, 21.5 ] },
										"east": { "texture": "#hussarhead", "uv": [ 37.5, 21.0, 39.5, 21.5 ] },
										"south": { "texture": "#hussarhead", "uv": [ 39.5, 21.0, 41.0, 21.5 ] },
										"west": { "texture": "#hussarhead", "uv": [ 56.0, 29.0, 58.0, 29.5 ] },
										"up": { "texture": "#hussarhead", "uv": [ 60.0, 32.0, 61.5, 34.0 ] },
										"down": { "texture": "#hussarhead", "uv": [ 62.5, 31.5, 64.0, 33.5 ] }
									}
								},
								{
									"name": "SunblockBase14",
									"from": [ -0.8, -0.09, 6.6 ],
									"to": [ 0.9, 0.41, 9.05 ],
									"autoUnwrap": false,
									"uv": [ 36.0, 19.0 ],
									"rotationOrigin": [ 0.94, -0.1, 6.6 ],
									"rotationX": -176.0,
									"rotationY": -22.7,
									"rotationZ": -180.0,
									"faces": {
										"north": { "texture": "#hussarhead", "uv": [ 36.0, 21.0, 37.5, 21.5 ] },
										"east": { "texture": "#hussarhead", "uv": [ 48.5, 29.0, 50.5, 29.5 ] },
										"south": { "texture": "#hussarhead", "uv": [ 39.5, 21.0, 41.0, 21.5 ] },
										"west": { "texture": "#hussarhead", "uv": [ 41.0, 21.0, 43.0, 21.5 ] },
										"up": { "texture": "#hussarhead", "uv": [ 60.0, 32.0, 61.5, 34.0 ], "rotation": 180 },
										"down": { "texture": "#hussarhead", "uv": [ 62.5, 31.5, 64.0, 33.5 ] }
									}
								}
							]
						}
					]
				},
				{
					"name": "BearHead",
					"from": [ 0.29, 0.96, -0.3 ],
					"to": [ 5.79, 4.96, 6.5 ],
					"unwrapMode": 4,
					"autoUnwrap": false,
					"uv": [ 25.5, 13.5 ],
					"rotationOrigin": [ 3.1904, 3.9617, 2.7 ],
					"rotationZ": -1.0,
					"faces": {
						"north": { "texture": "#plume", "uv": [ 25.5, 19.0, 31.0, 23.0 ] },
						"east": { "texture": "#plume", "uv": [ 42.5, 19.0, 48.5, 23.0 ], "autoUv": false, "windMode": [-1,-1,-1,-1], "windData": [1,1,1,1] },
						"south": { "texture": "#plume", "uv": [ 37.0, 19.0, 42.5, 23.0 ] },
						"west": { "texture": "#plume", "uv": [ 31.0, 19.3, 37.0, 23.0 ], "autoUv": false },
						"up": { "texture": "#plume", "uv": [ 31.0, 13.5, 37.0, 19.0 ], "rotation": 90, "autoUv": false },
						"down": { "texture": "#plume", "uv": [ 58.0, 58.5, 64.5, 64.0 ], "rotation": 90 }
					},
					"children": [
						{
							"name": "BearMouth",
							"from": [ -2.5, 0.7, 1.9 ],
							"to": [ 0.5, 2.7, 4.9 ],
							"unwrapMode": 4,
							"uv": [ 41.0, 11.0 ],
							"rotationOrigin": [ 0.0, 2.2, 3.4 ],
							"rotationZ": 14.0,
							"faces": {
								"north": { "texture": "#plume", "uv": [ 41.0, 14.0, 44.0, 16.0 ] },
								"south": { "texture": "#plume", "uv": [ 47.0, 14.0, 50.0, 16.0 ] },
								"west": { "texture": "#plume", "uv": [ 44.0, 14.0, 47.0, 16.0 ] },
								"up": { "texture": "#plume", "uv": [ 44.0, 11.0, 47.0, 14.0 ], "rotation": 90 },
								"down": { "texture": "#plume", "uv": [ 44.0, 16.0, 47.0, 19.0 ], "rotation": 90 }
							},
							"children": [
								{
									"name": "BearNose",
									"from": [ -0.1, 1.5, 1.1 ],
									"to": [ 0.6, 2.1, 1.9 ],
									"uv": [ 4.0, 0.0 ],
									"rotationOrigin": [ 0.0, 1.5, 1.5 ],
									"faces": {
										"north": { "texture": "#plume", "uv": [ 4.0, 0.5, 4.5, 1.0 ] },
										"east": { "texture": "#plume", "uv": [ 4.5, 0.5, 5.0, 1.0 ] },
										"south": { "texture": "#plume", "uv": [ 5.0, 0.5, 5.5, 1.0 ] },
										"west": { "texture": "#plume", "uv": [ 5.5, 0.5, 6.0, 1.0 ] },
										"up": { "texture": "#plume", "uv": [ 4.0, 0.0, 4.5, 0.5 ] },
										"down": { "texture": "#plume", "uv": [ 4.5, 0.0, 5.0, 0.5 ] }
									}
								},
								{
									"name": "BearTooth1",
									"from": [ 0.1, -0.7, 0.1 ],
									"to": [ 0.4, 0.0, 0.4 ],
									"uv": [ 24.5, 0.5 ],
									"rotationOrigin": [ 0.1, 0.0, 0.1 ],
									"rotationZ": 8.0,
									"faces": {
										"north": { "texture": "#plume", "uv": [ 24.5, 1.0, 25.0, 1.5 ] },
										"east": { "texture": "#plume", "uv": [ 25.0, 1.0, 25.5, 1.5 ] },
										"south": { "texture": "#plume", "uv": [ 25.5, 1.0, 26.0, 1.5 ] },
										"west": { "texture": "#plume", "uv": [ 26.0, 1.0, 26.5, 1.5 ] },
										"down": { "texture": "#plume", "uv": [ 24.5, 0.5, 25.0, 1.0 ] }
									}
								},
								{
									"name": "BearTooth2",
									"from": [ 0.1, -0.7, 2.6 ],
									"to": [ 0.4, 0.0, 2.9 ],
									"uv": [ 24.5, 0.0 ],
									"rotationOrigin": [ 0.1, 0.0, 2.9 ],
									"rotationZ": 8.0,
									"faces": {
										"north": { "texture": "#plume", "uv": [ 24.5, 0.5, 25.0, 1.0 ] },
										"east": { "texture": "#plume", "uv": [ 25.0, 0.5, 25.5, 1.0 ] },
										"south": { "texture": "#plume", "uv": [ 25.5, 0.5, 26.0, 1.0 ] },
										"west": { "texture": "#plume", "uv": [ 26.0, 0.5, 26.5, 1.0 ] },
										"down": { "texture": "#plume", "uv": [ 24.5, 0.0, 25.0, 0.5 ] }
									}
								},
								{
									"name": "BearTooth3",
									"from": [ 0.7, -0.5, 0.1 ],
									"to": [ 1.0, 0.0, 0.4 ],
									"uv": [ 24.5, 1.0 ],
									"rotationOrigin": [ 0.7, 0.0, 0.1 ],
									"rotationZ": 8.0,
									"faces": {
										"north": { "texture": "#plume", "uv": [ 24.5, 1.5, 25.0, 2.0 ] },
										"east": { "texture": "#plume", "uv": [ 25.0, 1.5, 25.5, 2.0 ] },
										"south": { "texture": "#plume", "uv": [ 25.5, 1.5, 26.0, 2.0 ] },
										"west": { "texture": "#plume", "uv": [ 26.0, 1.5, 26.5, 2.0 ] },
										"down": { "texture": "#plume", "uv": [ 24.5, 1.0, 25.0, 1.5 ] }
									}
								},
								{
									"name": "BearTooth4",
									"from": [ 0.7, -0.5, 2.6 ],
									"to": [ 1.0, 0.0, 2.9 ],
									"uv": [ 24.5, 1.5 ],
									"rotationOrigin": [ 0.7, 0.0, 2.9 ],
									"rotationZ": 8.0,
									"faces": {
										"north": { "texture": "#plume", "uv": [ 24.5, 2.0, 25.0, 2.5 ] },
										"east": { "texture": "#plume", "uv": [ 25.0, 2.0, 25.5, 2.5 ] },
										"south": { "texture": "#plume", "uv": [ 25.5, 2.0, 26.0, 2.5 ] },
										"west": { "texture": "#plume", "uv": [ 26.0, 2.0, 26.5, 2.5 ] },
										"down": { "texture": "#plume", "uv": [ 24.5, 1.5, 25.0, 2.0 ] }
									}
								}
							]
						},
						{
							"name": "BearCheek",
							"from": [ 0.0, 0.0, 0.1 ],
							"to": [ 1.9, 1.9, 6.7 ],
							"unwrapMode": 5,
							"autoUnwrap": false,
							"uv": [ 45.0, 24.0 ],
							"rotationOrigin": [ 0.0, 0.0, 0.1 ],
							"rotationZ": 44.0,
							"faces": {
								"north": { "texture": "#plume", "uv": [ 47.0, 24.5, 48.5, 26.0 ], "rotation": 180 },
								"south": { "texture": "#plume", "uv": [ 47.0, 31.5, 48.5, 33.0 ] },
								"west": { "texture": "#plume", "uv": [ 44.5, 25.5, 46.5, 31.0 ], "rotation": 270, "autoUv": false },
								"up": { "texture": "#plume", "uv": [ 46.5, 25.5, 48.0, 32.0 ] },
								"down": { "texture": "#plume", "uv": [ 48.0, 25.5, 50.5, 31.0 ], "autoUv": false }
							}
						},
						{
							"name": "BearEarL",
							"from": [ 1.9, 3.9, 4.7 ],
							"to": [ 2.4, 5.4, 6.2 ],
							"unwrapMode": 4,
							"uv": [ 36.0, 51.0 ],
							"rotationOrigin": [ 1.9, 3.9, 4.7 ],
							"rotationX": 36.0,
							"faces": {
								"north": { "texture": "#plume", "uv": [ 36.0, 51.5, 36.5, 53.0 ] },
								"east": { "texture": "#plume", "uv": [ 38.5, 51.5, 40.0, 53.0 ] },
								"south": { "texture": "#plume", "uv": [ 38.0, 51.5, 38.5, 53.0 ] },
								"west": { "texture": "#plume", "uv": [ 36.5, 51.5, 38.0, 53.0 ] },
								"up": { "texture": "#plume", "uv": [ 36.5, 51.0, 38.0, 51.5 ], "rotation": 90 }
							}
						},
						{
							"name": "BearEarR",
							"from": [ 1.9, 3.8, -0.2 ],
							"to": [ 2.4, 5.3, 1.3 ],
							"unwrapMode": 4,
							"uv": [ 36.0, 53.0 ],
							"rotationOrigin": [ 1.9, 3.8, 1.2 ],
							"rotationX": -36.0,
							"faces": {
								"north": { "texture": "#plume", "uv": [ 36.0, 53.5, 36.5, 55.0 ] },
								"east": { "texture": "#plume", "uv": [ 38.5, 53.5, 40.0, 55.0 ] },
								"south": { "texture": "#plume", "uv": [ 38.0, 53.5, 38.5, 55.0 ] },
								"west": { "texture": "#plume", "uv": [ 36.5, 53.5, 38.0, 55.0 ] },
								"up": { "texture": "#plume", "uv": [ 36.5, 53.0, 38.0, 53.5 ], "rotation": 90 }
							}
						},
						{
							"name": "HelmetFluffUp1",
							"from": [ 3.0, 0.9, 0.2 ],
							"to": [ 8.5, 3.4, 6.6 ],
							"unwrapMode": 5,
							"autoUnwrap": false,
							"uv": [ 57.0, 47.0 ],
							"rotationOrigin": [ 3.0, 2.9, 3.0 ],
							"rotationZ": 6.0,
							"faces": {
								"north": { "texture": "#plume", "uv": [ 57.0, 47.0, 62.5, 49.5 ], "rotation": 180 },
								"south": { "texture": "#plume", "uv": [ 57.0, 55.0, 62.5, 57.5 ] },
								"up": { "texture": "#plume", "uv": [ 57.0, 49.5, 62.5, 55.5 ] }
							}
						},
						{
							"name": "HelmetFluffUp2",
							"from": [ 2.3, 0.4, -0.1 ],
							"to": [ 6.8, 3.4, 6.1 ],
							"unwrapMode": 5,
							"autoUnwrap": false,
							"uv": [ 55.0, 11.0 ],
							"rotationOrigin": [ 2.3, 3.4, 3.0 ],
							"rotationZ": 22.0,
							"faces": {
								"north": { "texture": "#plume", "uv": [ 51.0, 14.0, 54.0, 18.5 ], "rotation": 270 },
								"south": { "texture": "#plume", "uv": [ 60.0, 14.0, 63.0, 18.5 ], "rotation": 90 },
								"up": { "texture": "#plume", "uv": [ 54.0, 14.0, 60.0, 18.5 ], "rotation": 90 }
							}
						},
						{
							"name": "HelmetBackFluff1",
							"from": [ 5.7, -4.4, 0.29 ],
							"to": [ 7.7, -0.4, 6.501 ],
							"unwrapMode": 2,
							"autoUnwrap": false,
							"uv": [ 24.5, 9.5 ],
							"rotationOrigin": [ 7.7, -0.4, 2.8 ],
							"rotationZ": 29.0,
							"faces": {
								"north": { "texture": "#plume", "uv": [ 31.5, 9.5, 33.5, 13.5 ] },
								"east": { "texture": "#plume", "uv": [ 26.5, 9.5, 32.5, 13.5 ] },
								"south": { "texture": "#plume", "uv": [ 24.5, 9.5, 26.5, 13.5 ] }
							}
						},
						{
							"name": "HelmetBackFluff2",
							"from": [ 5.8, -2.4, 0.35 ],
							"to": [ 7.8, 1.6, 6.45 ],
							"unwrapMode": 2,
							"autoUnwrap": false,
							"uv": [ 38.0, 0.0 ],
							"rotationOrigin": [ 7.8, 1.6, 2.9 ],
							"rotationZ": 33.0,
							"faces": {
								"north": { "texture": "#plume", "uv": [ 45.5, 0.0, 47.5, 4.0 ] },
								"east": { "texture": "#plume", "uv": [ 40.0, 0.0, 46.0, 4.0 ] },
								"south": { "texture": "#plume", "uv": [ 38.0, 0.0, 40.0, 4.0 ] }
							}
						},
						{
							"name": "HelmetFluffL1",
							"from": [ 1.4, -1.2, 5.5 ],
							"to": [ 6.9, 1.8, 7.5 ],
							"autoUnwrap": false,
							"uv": [ 47.5, 56.5 ],
							"rotationOrigin": [ 4.9, 1.8, 7.5 ],
							"rotationX": -55.0,
							"faces": {
								"east": { "texture": "#plume", "uv": [ 48.0, 56.5, 50.0, 59.5 ] },
								"south": { "texture": "#plume", "uv": [ 50.0, 56.5, 55.5, 59.5 ] },
								"west": { "texture": "#plume", "uv": [ 55.0, 56.5, 57.0, 59.5 ] }
							}
						},
						{
							"name": "HelmetFluffL2",
							"from": [ 0.2, 0.0, 4.9 ],
							"to": [ 6.7, 3.0, 6.9 ],
							"unwrapMode": 3,
							"autoUnwrap": false,
							"uv": [ 54.0, 0.5 ],
							"rotationOrigin": [ 4.7, 3.0, 6.9 ],
							"rotationX": -44.0,
							"faces": {
								"east": { "texture": "#plume", "uv": [ 62.0, 0.0, 64.0, 3.0 ] },
								"south": { "texture": "#plume", "uv": [ 56.0, 0.0, 62.5, 3.0 ] },
								"west": { "texture": "#plume", "uv": [ 54.0, 0.0, 56.0, 3.0 ] }
							}
						},
						{
							"name": "HelmetFluffR2",
							"from": [ 0.7, 0.0, -0.2 ],
							"to": [ 7.2, 3.0, 1.8 ],
							"unwrapMode": 1,
							"autoUnwrap": false,
							"uv": [ 54.0, 39.5 ],
							"rotationOrigin": [ 5.2, 3.0, -0.2 ],
							"rotationX": 44.0,
							"faces": {
								"north": { "texture": "#plume", "uv": [ 56.0, 39.5, 62.5, 42.5 ], "windMode": [-1,-1,-1,-1] },
								"east": { "texture": "#plume", "uv": [ 54.0, 39.5, 56.0, 42.5 ] },
								"west": { "texture": "#plume", "uv": [ 62.0, 39.5, 64.0, 42.5 ] }
							}
						},
						{
							"name": "HelmetFluff1",
							"from": [ 1.9, -1.2, -0.8 ],
							"to": [ 7.4, 1.8, 1.2 ],
							"unwrapMode": 1,
							"uv": [ 48.0, 53.0 ],
							"rotationOrigin": [ 5.4, 1.8, -0.8 ],
							"rotationX": 55.0,
							"faces": {
								"north": { "texture": "#plume", "uv": [ 50.0, 53.0, 55.5, 56.0 ], "windMode": [-1,-1,-1,-1] },
								"east": { "texture": "#plume", "uv": [ 48.0, 53.0, 50.0, 56.0 ] },
								"west": { "texture": "#plume", "uv": [ 55.5, 53.0, 57.5, 56.0 ] }
							}
						},
						{
							"name": "HelmetFluffUp3",
							"from": [ 4.1, 0.1, 0.3 ],
							"to": [ 9.6, 2.6, 6.5 ],
							"unwrapMode": 5,
							"autoUnwrap": false,
							"uv": [ 57.0, 47.0 ],
							"rotationOrigin": [ 4.1, 2.1, 3.1 ],
							"rotationZ": -13.0,
							"faces": {
								"north": { "texture": "#plume", "uv": [ 57.0, 47.0, 62.5, 49.5 ], "rotation": 180 },
								"south": { "texture": "#plume", "uv": [ 57.0, 55.0, 62.5, 57.5 ] },
								"up": { "texture": "#plume", "uv": [ 57.0, 49.5, 62.5, 55.5 ] }
							}
						}
					]
				}
			]
		}
	]}