[
  // Use this patch to remove certain utility potions. DO NOT CHANGE THE ORDER OF THE PATCHES AND DO NOT REMOVE ALL OF THEM

  //// Temporal
  //{
  //  "file": "alchemy:itemtypes/liquid/utilitypotionportion.json",
  //  "op": "remove",
  //  "path": "/variantgroups/0/states/4",
  //  "side": "server"
  //},
  //{
  //  "file": "alchemy:recipes/barrel/utilitypotionportion.json",
  //  "op": "remove",
  //  "path": "/0/ingredients/0/allowedVariants/4",
  //  "side": "server"
  //},
  //{
  //  "file": "alchemy:recipes/grid/ingredient/temporalbase.json",
  //  "op": "addmerge",
  //  "path": "/enabled",
  //  "value": false,
  //  "side": "server"
  //},
  //{
  //  "file": "alchemy:itemtypes/liquid/utilitypotionportion.json",
  //  "op": "replace",
  //  "path": "/attributesByType/*-temporal",
  //  "value": { "exclude": true },
  //  "side": "server"
  //},
  //{
  //  "file": "alchemy:itemtypes/ingredient/utilitypotionbase.json",
  //  "op": "addmerge",
  //  "path": "/attributesByType/potionbase-vitality/handbook",
  //  "value": { "exclude": true },
  //  "side": "server"
  //},
  //{
  //  "file": "alchemy:itemtypes/herbball.json",
  //  "op": "addmerge",
  //  "path": "/attributesByType/*-vitality/handbook",
  //  "value": { "exclude": true },
  //  "side": "server"
  //},

  //// Nutrition
  //{
  //  "file": "alchemy:itemtypes/liquid/utilitypotionportion.json",
  //  "op": "remove",
  //  "path": "/variantgroups/0/states/3",
  //  "side": "server"
  //},
  //{
  //  "file": "alchemy:recipes/barrel/utilitypotionportion.json",
  //  "op": "remove",
  //  "path": "/0/ingredients/0/allowedVariants/3",
  //  "side": "server"
  //},
  //{
  //  "file": "alchemy:recipes/grid/ingredient/nutritionbase.json",
  //  "op": "addmerge",
  //  "path": "/enabled",
  //  "value": false,
  //  "side": "server"
  //},
  //{
  //  "file": "alchemy:itemtypes/liquid/utilitypotionportion.json",
  //  "op": "replace",
  //  "path": "/attributesByType/*-nutrition/handbook",
  //  "value": { "exclude": true },
  //  "side": "server"
  //},
  //{
  //  "file": "alchemy:itemtypes/ingredient/utilitypotionbase.json",
  //  "op": "addmerge",
  //  "path": "/attributesByType/potionbase-nutrition/handbook",
  //  "value": { "exclude": true },
  //  "side": "server"
  //},

  //// Waterbreathe
  //{
  //  "file": "alchemy:itemtypes/liquid/utilitypotionportion.json",
  //  "op": "remove",
  //  "path": "/variantgroups/0/states/2",
  //  "side": "server"
  //},
  //{
  //  "file": "alchemy:recipes/barrel/utilitypotionportion.json",
  //  "op": "remove",
  //  "path": "/0/ingredients/0/allowedVariants/2",
  //  "side": "server"
  //},
  //{
  //  "file": "alchemy:recipes/grid/ingredient/waterbreathebase.json",
  //  "op": "addmerge",
  //  "path": "/enabled",
  //  "value": false,
  //  "side": "server"
  //},
  //{
  //  "file": "alchemy:itemtypes/liquid/utilitypotionportion.json",
  //  "op": "replace",
  //  "path": "/attributesByType/*-waterbreathe/handbook",
  //  "value": { "exclude": true },
  //  "side": "server"
  //},
  //{
  //  "file": "alchemy:itemtypes/ingredient/utilitypotionbase.json",
  //  "op": "addmerge",
  //  "path": "/attributesByType/potionbase-waterbreathe/handbook",
  //  "value": { "exclude": true },
  //  "side": "server"
  //},

  //// Glow
  //{
  //  "file": "alchemy:itemtypes/liquid/utilitypotionportion.json",
  //  "op": "remove",
  //  "path": "/variantgroups/0/states/1",
  //  "side": "server"
  //},
  //{
  //  "file": "alchemy:recipes/barrel/utilitypotionportion.json",
  //  "op": "remove",
  //  "path": "/0/ingredients/0/allowedVariants/1",
  //  "side": "server"
  //},
  //{
  //  "file": "alchemy:recipes/grid/ingredient/glowbase.json",
  //  "op": "addmerge",
  //  "path": "/0/enabled",
  //  "value": false,
  //  "side": "server"
  //},
  //{
  //  "file": "alchemy:recipes/grid/ingredient/glowbase.json",
  //  "op": "addmerge",
  //  "path": "/1/enabled",
  //  "value": false,
  //  "side": "server"
  //},
  //{
  //  "file": "alchemy:itemtypes/liquid/utilitypotionportion.json",
  //  "op": "replace",
  //  "path": "/attributesByType/*-glow/handbook",
  //  "value": { "exclude": true },
  //  "side": "server"
  //},
  //{
  //  "file": "alchemy:itemtypes/ingredient/utilitypotionbase.json",
  //  "op": "addmerge",
  //  "path": "/attributesByType/potionbase-glow/handbook",
  //  "value": { "exclude": true },
  //  "side": "server"
  //},

  //// Recall
  //{
  //  "file": "alchemy:itemtypes/liquid/utilitypotionportion.json",
  //  "op": "remove",
  //  "path": "/variantgroups/0/states/0",
  //  "side": "server"
  //},
  //{
  //  "file": "alchemy:recipes/barrel/utilitypotionportion.json",
  //  "op": "remove",
  //  "path": "/0/ingredients/0/allowedVariants/0",
  //  "side": "server"
  //},
  //{
  //  "file": "alchemy:recipes/grid/ingredient/recallbase.json",
  //  "op": "addmerge",
  //  "path": "/enabled",
  //  "value": false,
  //  "side": "server"
  //},
  //{
  //  "file": "alchemy:itemtypes/liquid/utilitypotionportion.json",
  //  "op": "addmerge",
  //  "path": "/attributesByType/*-recall/handbook",
  //  "value": { "exclude": true },
  //  "side": "server"
  //},
  //{
  //  "file": "alchemy:itemtypes/ingredient/utilitypotionbase.json",
  //  "op": "addmerge",
  //  "path": "/attributesByType/potionbase-recall/handbook",
  //  "value": { "exclude": true },
  //  "side": "server"
  //}
]