[
  {
    "file": "game:entities/humanoid/player",
    "op": "Add",
    "path": "/client/animations/-",
    "value": {
      "code": "dodger",
      "animation": "dodger",
      "blendMode": "AddAverage",
      "animationSpeed": 2.5,
      "holdEyePosAfterEasein": 0.3,
      "elementWeight": {
        "UpperTorso": 10,
        "LowerTorso": 10,
        "Head": 10,
        "UpperArmR": 25,
        "UpperArmL": 25,
        "UpperFootR": 10,
        "LowerFootR": 10,
        "UpperFootL": 10,
        "LowerFootL": 10
      },
      "elementBlendMode": {
        "UpperTorso": "AddAverage",
        "LowerTorso": "AddAverage",
        "Head": "AddAverage",
        "UpperArmR": "AddAverage",
        "UpperArmL": "AddAverage",
        "UpperFootR": "AddAverage",
        "LowerFootR": "AddAverage",
        "UpperFootL": "AddAverage",
        "LowerFootL": "AddAverage"
      }
    }
  },
  {
    "file": "game:shapes/entity/humanoid/seraph-faceless",
    "op": "Add",
    "path": "/animations/-",
    "value": {
      "name": "DodgeR",
      "code": "dodger",
      "quantityframes": 15,
      "onActivityStopped": "Stop",
      "onAnimationEnd": "EaseOut",
      "keyframes": [
        {
          "frame": 0,
          "elements": {
            "Head":       { "rotationX": 0.0, "rotationY": 0.0, "rotationZ": 0.0 },
            "UpperArmR":  { "rotationX": 0.0, "rotationY": 0.0, "rotationZ": 0.0 },
            "LowerArmR":  { "rotationX": 0.0, "rotationY": 0.0, "rotationZ": 0.0 },
            "UpperFootR": { "rotationX": 0.0, "rotationY": 0.0, "rotationZ": 0.0 },
            "LowerFootR": { "rotationX": 0.0, "rotationY": 0.0, "rotationZ": 0.0 },
            "LowerFootL": { "rotationX": 0.0, "rotationY": 0.0, "rotationZ": 0.0 },
            "UpperFootL": { "rotationX": 0.0, "rotationY": 0.0, "rotationZ": 0.0 },
            "LowerArmL":  { "rotationX": 0.0, "rotationY": 0.0, "rotationZ": 0.0 },
            "UpperTorso": { "rotationX": 0.0, "rotationY": 0.0, "rotationZ": 0.0 },
            "UpperArmL":  { "rotationX": 0.0, "rotationY": 0.0, "rotationZ": 0.0 },
            "LowerTorso": { "offsetX": 0.0, "offsetY": 0.0, "offsetZ": 0.0, "rotationX": 0.0, "rotationY": 0.0, "rotationZ": 0.0 }
          }
        },
        {
          "frame": 6,
          "elements": {
            "UpperFootR": { "rotationX": 0.0,  "rotationY": -17.0, "rotationZ": -122.0 },
            "LowerTorso": { "offsetX": 0.0, "offsetY": -7.0, "offsetZ": 0.0, "rotationX": -44.0, "rotationY": -66.0, "rotationZ": 0.0 },
            "Head":       { "rotationX": 0.0,  "rotationY": 61.0,  "rotationZ": 0.0 },
            "LowerFootR": { "rotationX": 0.0,  "rotationY": 0.0,   "rotationZ": 141.0 },
            "UpperArmR":  { "rotationX": 0.0,  "rotationY": 0.0,   "rotationZ": -111.0 },
            "UpperArmL":  { "rotationX": 0.0,  "rotationY": 0.0,   "rotationZ": 58.0 },
            "LowerArmL":  { "rotationX": 0.0,  "rotationY": 0.0,   "rotationZ": 6.0 },
            "LowerArmR":  { "rotationX": 53.0, "rotationY": 94.0,  "rotationZ": -130.0 },
            "UpperFootL": { "rotationX": 0.0,  "rotationY": -8.0,  "rotationZ": -17.0 },
            "LowerFootL": { "rotationX": 0.0,  "rotationY": 0.0,   "rotationZ": 30.0 },
            "UpperTorso": { "rotationX": 0.0,  "rotationY": 0.0,   "rotationZ": 6.0 }
          }
        }
      ]
    }
  }
]
