[
  {
    "file": "game:entities/humanoid/player",
    "op": "Add",
    "path": "/client/animations/-",
    "value": {
      "code": "dodgef",
      "animation": "dodgef",
      "blendMode": "AddAverage",
      "animationSpeed": 2.5,
      "holdEyePosAfterEasein": 0.3,
      "elementWeight": {
        "UpperTorso": 10,
        "LowerTorso": 10,
        "Head": 10,
        "UpperArmR": 25,
        "UpperArmL": 25,
        "UpperFootR": 10,
        "LowerFootR": 10,
        "UpperFootL": 10,
        "LowerFootL": 10
      },
      "elementBlendMode": {
        "UpperTorso": "AddAverage",
        "LowerTorso": "AddAverage",
        "Head": "AddAverage",
        "UpperArmR": "AddAverage",
        "UpperArmL": "AddAverage",
        "UpperFootR": "AddAverage",
        "LowerFootR": "AddAverage",
        "UpperFootL": "AddAverage",
        "LowerFootL": "AddAverage"
      }
    }
  },
  {
    "file": "game:shapes/entity/humanoid/seraph-faceless",
    "op": "Add",
    "path": "/animations/-",
    "value": {
      "name": "DodgeF",
      "code": "dodgef",
      "quantityframes": 15,
      "onActivityStopped": "Stop",
      "onAnimationEnd": "EaseOut",
      "keyframes": [
        {
          "frame": 0,
          "elements": {
            "UpperTorso": { "rotationX": 0.0, "rotationY": 0.0, "rotationZ": 0.0 },
            "LowerFootR": { "rotationX": 0.0, "rotationY": 0.0, "rotationZ": 0.0 },
            "LowerFootL": { "rotationX": 0.0, "rotationY": 0.0, "rotationZ": 0.0 },
            "UpperFootR": { "rotationX": 0.0, "rotationY": 0.0, "rotationZ": 0.0 },
            "UpperFootL": { "rotationX": 0.0, "rotationY": 0.0, "rotationZ": 0.0 },
            "LowerTorso": { "offsetX": 0.0, "offsetY": 0.0, "offsetZ": 0.0, "rotationX": 0.0, "rotationY": 0.0, "rotationZ": 0.0 },
            "UpperArmL": { "rotationX": 0.0, "rotationY": 0.0, "rotationZ": 0.0 },
            "UpperArmR": { "rotationX": 0.0, "rotationY": 0.0, "rotationZ": 0.0 },
            "Head": { "rotationX": 0.0, "rotationY": 0.0, "rotationZ": 0.0 }
          }
        },
        {
          "frame": 6,
          "elements": {
            "LowerTorso": { "offsetX": 0.0, "offsetY": -5.0, "offsetZ": 0.0, "rotationX": 0.0, "rotationY": 0.0, "rotationZ": 14.0 },
            "UpperTorso": { "rotationX": 0.0, "rotationY": 0.0, "rotationZ": 58.0 },
            "UpperArmR": { "rotationX": 6.0, "rotationY": 0.0, "rotationZ": 33.0 },
            "UpperArmL": { "rotationX": 25.0, "rotationY": 0.0, "rotationZ": -147.0 },
            "Head": { "rotationX": 0.0, "rotationY": 0.0, "rotationZ": -64.0 },
            "UpperFootL": { "rotationX": 0.0, "rotationY": 0.0, "rotationZ": 28.0 },
            "LowerFootL": { "rotationX": 0.0, "rotationY": 0.0, "rotationZ": 0.0 },
            "UpperFootR": { "rotationX": 0.0, "rotationY": 0.0, "rotationZ": -69.0 },
            "LowerFootR": { "rotationX": 0.0, "rotationY": 0.0, "rotationZ": 114.0 }
          }
        }
      ]
    }
  }
]
