[
  { "op": "move", "file": "game:shapes/block/metal/lantern/wall.json", "fromPath": "/elements/0/children/5", "path": "/elements/-" },
  { "op": "move", "file": "game:shapes/block/metal/lantern/wall.json", "fromPath": "/elements/0/children/5", "path": "/elements/-" },
  { "op": "move", "file": "game:shapes/block/metal/lantern/wall.json", "fromPath": "/elements/0/children/5", "path": "/elements/-" },

  { "op": "add",  "file": "game:shapes/block/metal/lantern/wall.json", "path": "/elements/0/rotationOrigin", "value": [8, 10, 8] },

  { "op": "replace", "file": "game:shapes/block/metal/lantern/wall.json", "path": "/elements/1/from", "value": [7, 11, 7] },
  { "op": "replace", "file": "game:shapes/block/metal/lantern/wall.json", "path": "/elements/1/to",   "value": [9, 14, 9] },

  { "op": "replace", "file": "game:shapes/block/metal/lantern/wall.json", "path": "/elements/2/from", "value": [7, 12, 1] },
  { "op": "replace", "file": "game:shapes/block/metal/lantern/wall.json", "path": "/elements/2/to",   "value": [9, 13, 7] },

  { "op": "replace", "file": "game:shapes/block/metal/lantern/wall.json", "path": "/elements/3/from", "value": [7, 11, 0] },
  { "op": "replace", "file": "game:shapes/block/metal/lantern/wall.json", "path": "/elements/3/to",   "value": [9, 14, 1] }
]
