{
	"ingredientPattern": "FHF,BML,FHF",
	"enabled": false,
	"recipeGroup": 2,
	"ingredients": {
		"H": {
			"type": "item",
			"code": "game:bone",
			"quantity": 2
			},
		"B": {
			"type": "item",
			"code": "game:bowstave-long-dry",
			"quantity": 1
		},
		"M": {
			"type": "item",
			"code": "game:bowstave-recurve-dry",
			"quantity": 1
		},
		"L": {
			"type": "item",
			"code": "game:hide-pelt-small",
			"quantity": 2
			},
		"F": {
			"type": "item",
			"code": "butchering:sinew-dry",
			"quantity": 4
		}
	},
	"width": 3,
	"height": 3,
	"shapeless": false,
	"output": {
		"type": "item",
		"code": "spearexpantion:expandedbow-yager",
		"quantity": 1
	}
}