[
	{
		ingredientPattern: "_H,HP,PS",
		ingredients: {
			"H": { type: "item", code: "game:drygrass", name: "type" },
			"P": { type: "item", code: "floralzonescentralaustralianregion:plank-*", name: "wood", quantity: 2 },
			"S": { type: "block", code: "game:soil-medium-none" }
		},
		width: 2,
		height: 3,
		output: { type: "block", code: "game:slantedroofing-sod-east-free", quantity: 4  }
	},
	{
		ingredientPattern: "_H_,HPH,PSP",
		ingredients: {
			"H": { type: "item", code: "game:drygrass", name: "type" },
			"P": { type: "item", code: "floralzonescentralaustralianregion:plank-*", name: "wood", quantity: 2 },
			"S": { type: "block", code: "game:soil-medium-none" }
		},
		width: 3,
		height: 3,
		output: { type: "block", code: "game:slantedroofingridge-sod-ns-free", quantity: 4  }
	},
	{
		ingredientPattern: "_H_,HHH,PSP",
		ingredients: {
			"H": { type: "item", code: "game:drygrass", name: "type" },
			"P": { type: "item", code: "floralzonescentralaustralianregion:plank-*", name: "wood", quantity: 2 },
			"S": { type: "block", code: "game:soil-medium-none" }
		},
		width: 3,
		height: 3,
		output: { type: "block", code: "game:slantedroofingtip-sod-free", quantity: 4  }
	},
	{
		ingredientPattern: "PH_,PH_,PSH",
		ingredients: {
			"H": { type: "item", code: "game:drygrass", name: "type" },
			"P": { type: "item", code: "floralzonescentralaustralianregion:plank-*", name: "wood", quantity: 2 },
			"S": { type: "block", code: "game:soil-medium-none" }
		},
		width: 3,
		height: 3,
		output: { type: "block", code: "game:slantedroofingcornerinner-sod-east-free", quantity: 4  }
	},
	{
		ingredientPattern: "_H,HH,PS",
		ingredients: {
			"H": { type: "item", code: "game:drygrass", name: "type" },
			"P": { type: "item", code: "floralzonescentralaustralianregion:plank-*", name: "wood", quantity: 2 },
			"S": { type: "block", code: "game:soil-medium-none" }
		},
		width: 2,
		height: 3,
		output: { type: "block", code: "game:slantedroofingcornerouter-sod-east-free", quantity: 4  }
	},

	{
		ingredientPattern: "__H,_H_,H__",
		ingredients: {
			"H": { type: "item", code: "floralzonescentralaustralianregion:plank-*", name: "wood", quantity: 2 }
		},
		width: 3,
		height: 3,
		output: { type: "block", code: "floralzonescentralaustralianregion:slantedroofing-{wood}-east-free", quantity: 1  }
	},
	{
		ingredientPattern: "_H_,H_H",
		ingredients: {
			"H": { type: "item", code: "floralzonescentralaustralianregion:plank-*", name: "wood", allowedVariants: ["eucalyptuscamaldulensis","corymbiaaparrerinja"], quantity: 2 }
		},
		width: 3,
		height: 2,
		output: { type: "block", code: "floralzonescentralaustralianregion:slantedroofingridge-{wood}-ns-free", quantity: 1  }
	},
	{
		ingredientPattern: "_H_,HHH",
		ingredients: {
			"H": { type: "item", code: "floralzonescentralaustralianregion:plank-*", name: "wood", quantity: 2 }
		},
		width: 3,
		height: 2,
		output: { type: "block", code: "floralzonescentralaustralianregion:slantedroofingtip-{wood}-free", quantity: 1  }
	},
	{
		ingredientPattern: "_H,H_,_H",
		ingredients: {
			"H": { type: "item", code: "floralzonescentralaustralianregion:plank-*", name: "wood", quantity: 2 }
		},
		width: 2,
		height: 3,
		output: { type: "block", code: "floralzonescentralaustralianregion:slantedroofingcornerinner-{wood}-east-free", quantity: 1  }
	},
	{
		ingredientPattern: "_H,HH",
		ingredients: {
			"H": { type: "item", code: "floralzonescentralaustralianregion:plank-*", name: "wood", quantity: 2 }
		},
		width: 2,
		height: 2,
		output: { type: "block", code: "floralzonescentralaustralianregion:slantedroofingcornerouter-{wood}-east-free", quantity: 1  }
	},
	{
		ingredientPattern: "___,___,_H_",
		ingredients: {
			"H": { type: "block", code: "floralzonescentralaustralianregion:slantedroofing-*-east-free", name: "wood", allowedVariants: ["eucalyptuscamaldulensis","corymbiaaparrerinja"], quantity: 1 }
		},
		width: 3,
		height: 3,
		output: { type: "block", code: "floralzonescentralaustralianregion:slantedroofingbottom-{wood}-east-free", quantity: 1  }
	},
	{
		ingredientPattern: "_H_,___,___",
		ingredients: {
			"H": { type: "block", code: "floralzonescentralaustralianregion:slantedroofing-*-east-free", name: "wood", allowedVariants: ["eucalyptuscamaldulensis","corymbiaaparrerinja"], quantity: 1 }
		},
		width: 3,
		height: 3,
		output: { type: "block", code: "floralzonescentralaustralianregion:slantedroofingtop-{wood}-east-free", quantity: 1  }
	},
	{
		ingredientPattern: "___,H__,___",
		ingredients: {
			"H": { type: "block", code: "floralzonescentralaustralianregion:slantedroofing-*-east-free", name: "wood", allowedVariants: ["eucalyptuscamaldulensis","corymbiaaparrerinja"], quantity: 1 }
		},
		width: 3,
		height: 3,
		output: { type: "block", code: "floralzonescentralaustralianregion:slantedroofinghalfleft-{wood}-east-free", quantity: 1  }
	},
	{
		ingredientPattern: "___,__H,___",
		ingredients: {
			"H": { type: "block", code: "floralzonescentralaustralianregion:slantedroofing-*-east-free", name: "wood", allowedVariants: ["eucalyptuscamaldulensis","corymbiaaparrerinja"], quantity: 1 }
		},
		width: 3,
		height: 3,
		output: { type: "block", code: "floralzonescentralaustralianregion:slantedroofinghalfright-{wood}-east-free", quantity: 1  }
	},
	{
		ingredientPattern: "___,_H_,___",
		ingredients: {
			"H": { type: "block", code: "floralzonescentralaustralianregion:slantedroofingridge-*-ns-free", name: "wood", allowedVariants: ["eucalyptuscamaldulensis","corymbiaaparrerinja"], quantity: 1 }
		},
		width: 3,
		height: 3,
		output: { type: "block", code: "floralzonescentralaustralianregion:slantedroofingridgeend-{wood}-east-free", quantity: 1  }
	},
	{
		ingredientPattern: "___,H__,___",
		ingredients: {
			"H": { type: "block", code: "floralzonescentralaustralianregion:slantedroofingridge-*-ns-free", name: "wood", allowedVariants: ["eucalyptuscamaldulensis","corymbiaaparrerinja"], quantity: 1 }
		},
		width: 3,
		height: 3,
		output: { type: "block", code: "floralzonescentralaustralianregion:slantedroofingridgehalfleft-{wood}-east-free", quantity: 1  }
	},
	{
		ingredientPattern: "___,__H,___",
		ingredients: {
			"H": { type: "block", code: "floralzonescentralaustralianregion:slantedroofingridge-*-ns-free", name: "wood", allowedVariants: ["eucalyptuscamaldulensis","corymbiaaparrerinja"], quantity: 1 }
		},
		width: 3,
		height: 3,
		output: { type: "block", code: "floralzonescentralaustralianregion:slantedroofingridgehalfright-{wood}-east-free", quantity: 1  }
	}
]