{
	"editor": {
		"allAngles": false,
		"entityTextureMode": false
	},
	"textureWidth": 16,
	"textureHeight": 16,
	"textureSizes": {
		"leaves": [16,16]
	},
	"textures": {
	},
	"elements": [
		{
			"name": "origin 1",
			"from": [ 0.0, 0.0, 0.0 ],
			"to": [ 0.0, 0.0, 0.0 ],
			"rotationOrigin": [ 8.0, 0.0, 8.0 ],
			"faces": {
			},
			"children": [
				{
					"name": "face 3",
					"from": [ 0.0, 0.0, 8.0 ],
					"to": [ 16.0, 16.0, 8.0 ],
					"shade": false,
					"climateColorMap": "climatePlantTint",
					"seasonColorMap": "seasonalHartstongue",
					"renderPass": 1,
					"rotationOrigin": [ 7.0, 0.0, 8.0 ],
					"rotationX": 67.5,
					"rotationY": 10.0,
					"faces": {
						"north": { "texture": "#leaves", "uv": [ 0.0, 0.0, 16.0, 16.0 ], "windMode": [0,1,1,0], "windData": [0,0,0,0] }
					}
				},
				{
					"name": "face 4",
					"from": [ 0.0, 0.0, 8.0 ],
					"to": [ 16.0, 16.0, 8.0 ],
					"shade": false,
					"climateColorMap": "climatePlantTint",
					"seasonColorMap": "seasonalHartstongue",
					"renderPass": 1,
					"rotationOrigin": [ 7.0, 0.0, 8.0 ],
					"rotationX": -67.5,
					"rotationY": 10.0,
					"faces": {
						"north": { "texture": "#leaves", "uv": [ 0.0, 0.0, 16.0, 16.0 ], "windMode": [0,1,1,0], "windData": [0,0,0,0] }
					}
				},
				{
					"name": "face 5",
					"from": [ 1.0, 0.0, 7.0 ],
					"to": [ 17.0, 16.0, 7.0 ],
					"shade": false,
					"climateColorMap": "climatePlantTint",
					"seasonColorMap": "seasonalHartstongue",
					"rotationOrigin": [ 8.0, 0.0, 7.0 ],
					"rotationX": -80.0,
					"rotationY": -22.5,
					"rotationZ": -90.0,
					"faces": {
						"north": { "texture": "#leaves", "uv": [ 0.0, 0.0, 16.0, 16.0 ], "windMode": [0,1,1,0], "windData": [0,0,0,0] }
					}
				},
				{
					"name": "face 6",
					"from": [ 1.0, 0.0, 7.5 ],
					"to": [ 17.0, 16.0, 7.5 ],
					"shade": false,
					"climateColorMap": "climatePlantTint",
					"seasonColorMap": "seasonalHartstongue",
					"renderPass": 1,
					"rotationOrigin": [ 8.0, 0.0, 7.5 ],
					"rotationX": -100.0,
					"rotationY": -157.5,
					"rotationZ": -90.0,
					"faces": {
						"north": { "texture": "#leaves", "uv": [ 0.0, 0.0, 16.0, 16.0 ], "windMode": [0,1,1,0], "windData": [0,0,0,0] }
					}
				},
				{
					"name": "face 7",
					"from": [ 1.0, 0.0, 7.3 ],
					"to": [ 17.0, 16.0, 7.3 ],
					"shade": false,
					"climateColorMap": "climatePlantTint",
					"seasonColorMap": "seasonalHartstongue",
					"renderPass": 1,
					"rotationOrigin": [ 8.0, 0.0, 7.3 ],
					"rotationX": -67.5,
					"rotationY": -135.0,
					"rotationZ": -45.0,
					"faces": {
						"north": { "texture": "#leaves", "uv": [ 0.0, 0.0, 16.0, 16.0 ], "windMode": [0,1,1,0], "windData": [0,0,0,0] }
					}
				},
				{
					"name": "face 8",
					"from": [ 1.4, 0.0, 7.8 ],
					"to": [ 17.4, 16.0, 7.8 ],
					"shade": false,
					"climateColorMap": "climatePlantTint",
					"seasonColorMap": "seasonalHartstongue",
					"renderPass": 1,
					"rotationOrigin": [ 8.4, 0.0, 7.8 ],
					"rotationX": -135.0,
					"rotationY": -22.5,
					"rotationZ": -157.5,
					"faces": {
						"north": { "texture": "#leaves", "uv": [ 0.0, 0.0, 16.0, 16.0 ], "windMode": [0,1,1,0], "windData": [0,0,0,0] }
					}
				},
				{
					"name": "face 9",
					"from": [ 0.5, 0.0, 7.6 ],
					"to": [ 16.5, 16.0, 7.6 ],
					"shade": false,
					"climateColorMap": "climatePlantTint",
					"seasonColorMap": "seasonalHartstongue",
					"renderPass": 1,
					"rotationOrigin": [ 7.5, 0.0, 7.6 ],
					"rotationX": -45.0,
					"rotationY": -22.5,
					"rotationZ": -22.5,
					"faces": {
						"north": { "texture": "#leaves", "uv": [ 0.0, 0.0, 16.0, 16.0 ], "windMode": [0,1,1,0], "windData": [0,0,0,0] }
					}
				},
				{
					"name": "face 10",
					"from": [ 0.7, 0.0, 7.7 ],
					"to": [ 16.7, 16.0, 7.7 ],
					"shade": false,
					"climateColorMap": "climatePlantTint",
					"seasonColorMap": "seasonalHartstongue",
					"renderPass": 1,
					"rotationOrigin": [ 7.7, 0.0, 7.7 ],
					"rotationX": 45.0,
					"rotationY": -22.5,
					"rotationZ": 22.5,
					"faces": {
						"north": { "texture": "#leaves", "uv": [ 0.0, 0.0, 16.0, 16.0 ], "windMode": [0,1,1,0], "windData": [0,0,0,0] }
					}
				}
			]
		}
	]}