{
	"editor": {
		"allAngles": false,
		"entityTextureMode": false
	},
	"textureWidth": 8,
	"textureHeight": 32,
	"textureSizes": {
		"agavetequilanaflower": [32,24],
		"agavekaratto": [8,32]
	},
	"textures": {
		"agavetequilanaflower": "block/plant/crop/agavetequilanaflower",
		"agavekaratto": "block/plant/fern/agavekaratto"
	},
	"elements": [
		{
			"name": "origin",
			"from": [ 8.0, 0.0, 8.0 ],
			"to": [ 8.0, 0.0, 8.0 ],
			"rotationOrigin": [ 8.0, 0.0, 8.0 ],
			"faces": {
			},
			"children": [
				{
					"name": "Rotation 1",
					"from": [ 0.0, 0.0, 0.0 ],
					"to": [ 0.0, 0.0, 0.0 ],
					"faces": {
					},
					"children": [
						{
							"name": "lowest frond 1",
							"from": [ 0.0, 0.0, 1.0 ],
							"to": [ 0.0, 0.0, 1.0 ],
							"rotationOrigin": [ 0.0, 0.0, 1.0 ],
							"rotationX": -15.0,
							"faces": {
							},
							"children": [
								{
									"name": "l lowest frond 1",
									"from": [ 0.0, 0.0, 0.0 ],
									"to": [ 4.0, 0.0, 16.0 ],
									"shade": false,
									"renderPass": 1,
									"rotationOrigin": [ 0.0, 0.0, 0.0 ],
									"rotationZ": 22.5,
									"faces": {
										"up": { "texture": "#agavekaratto", "uv": [ 0.0, 16.0, 4.0, 32.0 ], "rotation": 180, "windMode": [0,9,9,0] }
									}
								},
								{
									"name": "r lowest frond 1",
									"from": [ -4.0, 0.0, 0.0 ],
									"to": [ 0.0, 0.0, 16.0 ],
									"shade": false,
									"renderPass": 1,
									"rotationOrigin": [ 0.0, 0.0, 0.0 ],
									"rotationZ": -22.5,
									"faces": {
										"up": { "texture": "#agavekaratto", "uv": [ 4.0, 16.0, 8.0, 32.0 ], "rotation": 180, "windMode": [0,9,9,0] }
									}
								},
								{
									"name": "lowest frond segment 2 1",
									"from": [ 0.0, 0.0, 15.7 ],
									"to": [ 0.0, 0.0, 15.7 ],
									"rotationOrigin": [ 0.0, 0.0, 15.7 ],
									"rotationX": 15.0,
									"faces": {
									},
									"children": [
										{
											"name": "l lowest frond segment 2 1",
											"from": [ 0.0, 0.0, 0.0 ],
											"to": [ 4.0, 0.0, 16.0 ],
											"shade": false,
											"renderPass": 1,
											"rotationOrigin": [ 0.0, 0.0, 0.0 ],
											"rotationX": -5.0,
											"rotationZ": 22.5,
											"faces": {
												"up": { "texture": "#agavekaratto", "uv": [ 0.0, 0.0, 4.0, 16.0 ], "rotation": 180, "windMode": [9,9,9,9] }
											}
										},
										{
											"name": "r lowest frond segment 2 1",
											"from": [ -4.0, 0.0, 0.0 ],
											"to": [ 0.0, 0.0, 16.0 ],
											"shade": false,
											"renderPass": 1,
											"rotationOrigin": [ 0.0, 0.0, 0.0 ],
											"rotationX": -5.0,
											"rotationZ": -22.5,
											"faces": {
												"up": { "texture": "#agavekaratto", "uv": [ 4.0, 0.0, 8.0, 16.0 ], "rotation": 180, "windMode": [9,9,9,9] }
											}
										}
									]
								}
							]
						},
						{
							"name": "second frond 1",
							"from": [ 0.0, 0.3, 1.0 ],
							"to": [ 0.0, 0.3, 1.0 ],
							"rotationOrigin": [ 0.0, 0.3, 1.0 ],
							"rotationX": -30.0,
							"rotationY": 15.0,
							"faces": {
							},
							"children": [
								{
									"name": "l second frond 1",
									"from": [ 0.0, 0.0, 0.0 ],
									"to": [ 4.0, 0.0, 20.0 ],
									"shade": false,
									"renderPass": 1,
									"rotationOrigin": [ 0.0, 0.0, 0.0 ],
									"rotationZ": 45.0,
									"faces": {
										"up": { "texture": "#agavekaratto", "uv": [ 0.0, 12.0, 4.0, 32.0 ], "rotation": 180, "windMode": [0,9,9,0] }
									}
								},
								{
									"name": "r second frond 1",
									"from": [ -4.0, 0.0, 0.0 ],
									"to": [ 0.0, 0.0, 20.0 ],
									"shade": false,
									"renderPass": 1,
									"rotationOrigin": [ 0.0, 0.0, 0.0 ],
									"rotationZ": -45.0,
									"faces": {
										"up": { "texture": "#agavekaratto", "uv": [ 4.0, 12.0, 8.0, 32.0 ], "rotation": 180, "windMode": [9,9,9,0] }
									}
								},
								{
									"name": "second frond segment 2 1",
									"from": [ 0.0, 0.0, 19.6 ],
									"to": [ 0.0, 0.0, 19.6 ],
									"rotationOrigin": [ 0.0, 0.0, 19.6 ],
									"rotationX": 25.0,
									"faces": {
									},
									"children": [
										{
											"name": "l second frond segment 2 1",
											"from": [ 0.0, 0.0, 0.0 ],
											"to": [ 4.0, 0.0, 12.0 ],
											"shade": false,
											"renderPass": 1,
											"rotationOrigin": [ 0.0, 0.0, 0.0 ],
											"rotationX": -5.0,
											"rotationZ": 45.0,
											"faces": {
												"up": { "texture": "#agavekaratto", "uv": [ 0.0, 0.0, 4.0, 12.0 ], "rotation": 180, "windMode": [9,9,9,9] }
											}
										},
										{
											"name": "r second frond segment 2 1",
											"from": [ -4.0, 0.0, 0.0 ],
											"to": [ 0.0, 0.0, 12.0 ],
											"shade": false,
											"renderPass": 1,
											"rotationOrigin": [ 0.0, 0.0, 0.0 ],
											"rotationX": -5.0,
											"rotationZ": -45.0,
											"faces": {
												"up": { "texture": "#agavekaratto", "uv": [ 4.0, 0.0, 8.0, 12.0 ], "rotation": 180, "windMode": [9,9,9,9] }
											}
										}
									]
								}
							]
						},
						{
							"name": "third frond 1",
							"from": [ 0.0, 0.6, 1.0 ],
							"to": [ 0.0, 0.6, 1.0 ],
							"rotationOrigin": [ 0.0, 0.6, 1.0 ],
							"rotationX": -50.0,
							"rotationY": -15.0,
							"faces": {
							},
							"children": [
								{
									"name": "l third frond 1",
									"from": [ 0.0, 0.0, 0.0 ],
									"to": [ 4.0, 0.0, 22.0 ],
									"shade": false,
									"renderPass": 1,
									"rotationOrigin": [ 0.0, 0.0, 0.0 ],
									"rotationZ": 45.0,
									"faces": {
										"up": { "texture": "#agavekaratto", "uv": [ 0.0, 10.0, 4.0, 32.0 ], "rotation": 180, "windMode": [0,9,9,0], "windData": [0,1,1,0] }
									}
								},
								{
									"name": "r third frond 1",
									"from": [ -4.0, 0.0, 0.0 ],
									"to": [ 0.0, 0.0, 22.0 ],
									"shade": false,
									"renderPass": 1,
									"rotationOrigin": [ 0.0, 0.0, 0.0 ],
									"rotationZ": -45.0,
									"faces": {
										"up": { "texture": "#agavekaratto", "uv": [ 4.0, 10.0, 8.0, 32.0 ], "rotation": 180, "windMode": [0,9,9,0], "windData": [0,1,1,0] }
									}
								},
								{
									"name": "third frond segment 2 1",
									"from": [ 0.0, 0.0, 21.5 ],
									"to": [ 0.0, 0.0, 21.5 ],
									"rotationOrigin": [ 0.0, 0.0, 21.5 ],
									"rotationX": 25.0,
									"faces": {
									},
									"children": [
										{
											"name": "l third frond segment 2 1",
											"from": [ 0.0, 0.0, 0.0 ],
											"to": [ 4.0, 0.0, 10.0 ],
											"shade": false,
											"renderPass": 1,
											"rotationOrigin": [ 0.0, 0.0, 0.0 ],
											"rotationX": -5.0,
											"rotationZ": 45.0,
											"faces": {
												"up": { "texture": "#agavekaratto", "uv": [ 0.0, 0.0, 4.0, 10.0 ], "rotation": 180, "windMode": [9,9,9,9], "windData": [1,1,1,1] }
											}
										},
										{
											"name": "r third frond segment 2 1",
											"from": [ -4.0, 0.0, 0.0 ],
											"to": [ 0.0, 0.0, 10.0 ],
											"shade": false,
											"renderPass": 1,
											"rotationOrigin": [ 0.0, 0.0, 0.0 ],
											"rotationX": -5.0,
											"rotationZ": -45.0,
											"faces": {
												"up": { "texture": "#agavekaratto", "uv": [ 4.0, 0.0, 8.0, 10.0 ], "rotation": 180, "windMode": [9,9,9,9], "windData": [1,1,1,1] }
											}
										}
									]
								}
							]
						},
						{
							"name": "fourth frond 1",
							"from": [ 0.0, 0.9, 1.0 ],
							"to": [ 0.0, 0.9, 1.0 ],
							"rotationOrigin": [ 0.0, 0.9, 1.0 ],
							"rotationX": -75.0,
							"faces": {
							},
							"children": [
								{
									"name": "l fourth frond 1",
									"from": [ 0.0, 0.0, 0.0 ],
									"to": [ 4.0, 0.0, 22.0 ],
									"shade": false,
									"renderPass": 1,
									"rotationOrigin": [ 0.0, 0.0, 0.0 ],
									"rotationZ": 45.0,
									"faces": {
										"up": { "texture": "#agavekaratto", "uv": [ 0.0, 10.0, 4.0, 32.0 ], "rotation": 180, "windMode": [0,9,9,0], "windData": [0,1,1,0] }
									}
								},
								{
									"name": "r fourth frond 1",
									"from": [ -4.0, 0.0, 0.0 ],
									"to": [ 0.0, 0.0, 22.0 ],
									"shade": false,
									"renderPass": 1,
									"rotationOrigin": [ 0.0, 0.0, 0.0 ],
									"rotationZ": -45.0,
									"faces": {
										"up": { "texture": "#agavekaratto", "uv": [ 4.0, 10.0, 8.0, 32.0 ], "rotation": 180, "windMode": [0,9,9,0], "windData": [0,1,1,0] }
									}
								},
								{
									"name": "fourth frond segment 2 1",
									"from": [ 0.0, 0.0, 21.5 ],
									"to": [ 0.0, 0.0, 21.5 ],
									"rotationOrigin": [ 0.0, 0.0, 21.5 ],
									"rotationX": 25.0,
									"faces": {
									},
									"children": [
										{
											"name": "l fourth frond segment 2 1",
											"from": [ 0.0, 0.0, 0.0 ],
											"to": [ 4.0, 0.0, 10.0 ],
											"shade": false,
											"renderPass": 1,
											"rotationOrigin": [ 0.0, 0.0, 0.0 ],
											"rotationX": -5.0,
											"rotationZ": 45.0,
											"faces": {
												"up": { "texture": "#agavekaratto", "uv": [ 0.0, 0.0, 4.0, 10.0 ], "rotation": 180, "windMode": [9,9,9,9], "windData": [1,1,1,1] }
											}
										},
										{
											"name": "r fourth frond segment 2 1",
											"from": [ -4.0, 0.0, 0.0 ],
											"to": [ 0.0, 0.0, 10.0 ],
											"shade": false,
											"renderPass": 1,
											"rotationOrigin": [ 0.0, 0.0, 0.0 ],
											"rotationX": -5.0,
											"rotationZ": -45.0,
											"faces": {
												"up": { "texture": "#agavekaratto", "uv": [ 4.0, 0.0, 8.0, 10.0 ], "rotation": 180, "windMode": [9,9,9,9], "windData": [1,1,1,1] }
											}
										}
									]
								}
							]
						}
					]
				},
				{
					"name": "flowerstalk",
					"from": [ -1.0, 0.0, -1.0 ],
					"to": [ 1.0, 24.0, 1.0 ],
					"faces": {
						"north": { "texture": "#agavetequilanaflower", "uv": [ 16.0, 0.0, 18.0, 24.0 ], "windMode": [0,5,5,0], "windData": [9,9,9,9] },
						"east": { "texture": "#agavetequilanaflower", "uv": [ 16.0, 0.0, 18.0, 24.0 ], "windMode": [0,5,5,0], "windData": [9,9,9,9] },
						"south": { "texture": "#agavetequilanaflower", "uv": [ 16.0, 0.0, 18.0, 24.0 ], "windMode": [0,0,5,5], "windData": [9,9,9,9] },
						"west": { "texture": "#agavetequilanaflower", "uv": [ 16.0, 0.0, 18.0, 24.0 ], "windMode": [0,0,5,5], "windData": [9,9,9,9] }
					},
					"children": [
						{
							"name": "flowerstalk2",
							"from": [ 0.0, 24.0, 0.0 ],
							"to": [ 2.0, 48.0, 2.0 ],
							"rotationOrigin": [ 1.0, 24.0, 1.0 ],
							"faces": {
								"north": { "texture": "#agavetequilanaflower", "uv": [ 16.0, 0.0, 18.0, 24.0 ], "windMode": [5,5,5,5], "windData": [9,9,9,9] },
								"east": { "texture": "#agavetequilanaflower", "uv": [ 16.0, 0.0, 18.0, 24.0 ], "windMode": [5,5,5,5], "windData": [9,9,9,9] },
								"south": { "texture": "#agavetequilanaflower", "uv": [ 16.0, 0.0, 18.0, 24.0 ], "windMode": [5,5,5,5], "windData": [9,9,9,9] },
								"west": { "texture": "#agavetequilanaflower", "uv": [ 16.0, 0.0, 18.0, 24.0 ], "windMode": [5,5,5,5], "windData": [9,9,9,9] }
							},
							"children": [
								{
									"name": "flowerstalk3",
									"from": [ 0.0, 24.0, 0.0 ],
									"to": [ 2.0, 48.0, 2.0 ],
									"rotationOrigin": [ 1.0, 24.0, 1.0 ],
									"faces": {
										"north": { "texture": "#agavetequilanaflower", "uv": [ 16.0, 0.0, 18.0, 24.0 ], "windMode": [5,5,5,5], "windData": [9,9,9,9] },
										"east": { "texture": "#agavetequilanaflower", "uv": [ 16.0, 0.0, 18.0, 24.0 ], "windMode": [5,5,5,5], "windData": [9,9,9,9] },
										"south": { "texture": "#agavetequilanaflower", "uv": [ 16.0, 0.0, 18.0, 24.0 ], "windMode": [5,5,5,5], "windData": [9,9,9,9] },
										"west": { "texture": "#agavetequilanaflower", "uv": [ 16.0, 0.0, 18.0, 24.0 ], "windMode": [5,5,5,5], "windData": [9,9,9,9] }
									},
									"children": [
										{
											"name": "flowerstalk4",
											"from": [ 0.0, 24.0, 0.0 ],
											"to": [ 2.0, 48.0, 2.0 ],
											"rotationOrigin": [ 1.0, 24.0, 1.0 ],
											"faces": {
												"north": { "texture": "#agavetequilanaflower", "uv": [ 16.0, 0.0, 18.0, 24.0 ], "windMode": [5,5,5,5], "windData": [9,9,9,9] },
												"east": { "texture": "#agavetequilanaflower", "uv": [ 16.0, 0.0, 18.0, 24.0 ], "windMode": [5,5,5,5], "windData": [9,9,9,9] },
												"south": { "texture": "#agavetequilanaflower", "uv": [ 16.0, 0.0, 18.0, 24.0 ], "windMode": [5,5,5,5], "windData": [9,9,9,9] },
												"west": { "texture": "#agavetequilanaflower", "uv": [ 16.0, 0.0, 18.0, 24.0 ], "windMode": [5,5,5,5], "windData": [9,9,9,9] },
												"up": { "texture": "#agavetequilanaflower", "uv": [ 16.0, 0.0, 18.0, 2.0 ], "windMode": [5,5,5,5], "windData": [9,9,9,9] }
											},
											"children": [
												{
													"name": "flowerstalk5",
													"from": [ 0.0, 24.0, 0.0 ],
													"to": [ 2.0, 48.0, 2.0 ],
													"rotationOrigin": [ 1.0, 24.0, 1.0 ],
													"faces": {
														"north": { "texture": "#agavetequilanaflower", "uv": [ 16.0, 0.0, 18.0, 24.0 ], "windMode": [5,5,5,5], "windData": [9,9,9,9] },
														"east": { "texture": "#agavetequilanaflower", "uv": [ 16.0, 0.0, 18.0, 24.0 ], "windMode": [5,5,5,5], "windData": [9,9,9,9] },
														"south": { "texture": "#agavetequilanaflower", "uv": [ 16.0, 0.0, 18.0, 24.0 ], "windMode": [5,5,5,5], "windData": [9,9,9,9] },
														"west": { "texture": "#agavetequilanaflower", "uv": [ 16.0, 0.0, 18.0, 24.0 ], "windMode": [5,5,5,5], "windData": [9,9,9,9] },
														"up": { "texture": "#agavetequilanaflower", "uv": [ 16.0, 0.0, 18.0, 2.0 ], "windMode": [5,5,5,5], "windData": [9,9,9,9] }
													},
													"children": [
														{
															"name": "middle flower 1",
															"from": [ 0.9, 7.0, -12.1 ],
															"to": [ 18.9, 7.0, 11.9 ],
															"shade": false,
															"renderPass": 1,
															"rotationOrigin": [ 0.9, 7.0, 0.9 ],
															"rotationY": 67.5,
															"rotationZ": 90.0,
															"faces": {
																"up": { "texture": "#agavetequilanaflower", "uv": [ 0.0, 6.0, 32.0, 24.0 ], "rotation": 90, "autoUv": false, "windMode": [5,5,5,5], "windData": [9,9,9,9] }
															}
														},
														{
															"name": "middle flower 2",
															"from": [ 0.9, 7.0, -12.1 ],
															"to": [ 18.9, 7.0, 11.9 ],
															"shade": false,
															"renderPass": 1,
															"rotationOrigin": [ 0.9, 7.0, 0.9 ],
															"rotationY": -22.5,
															"rotationZ": 90.0,
															"faces": {
																"up": { "texture": "#agavetequilanaflower", "uv": [ 0.0, 6.0, 32.0, 24.0 ], "rotation": 90, "autoUv": false, "windMode": [5,5,5,5], "windData": [9,9,9,9] }
															}
														},
														{
															"name": "flowerstalk6",
															"from": [ 0.1, 24.0, 0.1 ],
															"to": [ 1.9, 40.0, 1.9 ],
															"rotationOrigin": [ 1.1, 24.0, 1.1 ],
															"faces": {
																"north": { "texture": "#agavetequilanaflower", "uv": [ 16.0, 0.0, 18.0, 16.0 ], "autoUv": false, "windMode": [5,5,5,5], "windData": [9,9,9,9] },
																"east": { "texture": "#agavetequilanaflower", "uv": [ 16.0, 0.0, 18.0, 16.0 ], "autoUv": false, "windMode": [5,5,5,5], "windData": [9,9,9,9] },
																"south": { "texture": "#agavetequilanaflower", "uv": [ 16.0, 0.0, 18.0, 16.0 ], "autoUv": false, "windMode": [5,5,5,5], "windData": [9,9,9,9] },
																"west": { "texture": "#agavetequilanaflower", "uv": [ 16.0, 0.0, 18.0, 16.0 ], "autoUv": false, "windMode": [5,5,5,5], "windData": [9,9,9,9] },
																"up": { "texture": "#agavetequilanaflower", "uv": [ 16.0, 0.0, 18.0, 1.5 ], "autoUv": false, "windMode": [5,5,5,5], "windData": [9,9,9,9] }
															},
															"children": [
																{
																	"name": "Upper flower 3",
																	"from": [ 0.9, 1.0, -12.1 ],
																	"to": [ 24.9, 1.0, 11.9 ],
																	"shade": false,
																	"renderPass": 1,
																	"rotationOrigin": [ 0.9, 1.0, 0.9 ],
																	"rotationY": 90.0,
																	"rotationZ": 90.0,
																	"faces": {
																		"up": { "texture": "#agavetequilanaflower", "uv": [ 0.0, 0.0, 32.0, 24.0 ], "rotation": 90, "autoUv": false, "windMode": [5,5,5,5], "windData": [9,9,9,9] }
																	}
																},
																{
																	"name": "Upper flower 4",
																	"from": [ 0.9, 1.0, -12.1 ],
																	"to": [ 24.9, 1.0, 11.9 ],
																	"shade": false,
																	"renderPass": 1,
																	"rotationOrigin": [ 0.9, 1.0, 0.9 ],
																	"rotationZ": 90.0,
																	"faces": {
																		"up": { "texture": "#agavetequilanaflower", "uv": [ 0.0, 0.0, 32.0, 24.0 ], "rotation": 90, "autoUv": false, "windMode": [5,5,5,5], "windData": [9,9,9,9] }
																	}
																}
															]
														}
													]
												},
												{
													"name": "lower flower 2",
													"from": [ 0.9, 15.0, -12.1 ],
													"to": [ 18.9, 15.0, 11.9 ],
													"shade": false,
													"renderPass": 1,
													"rotationOrigin": [ 0.9, 15.0, 0.9 ],
													"rotationZ": 90.0,
													"faces": {
														"up": { "texture": "#agavetequilanaflower", "uv": [ 0.0, 6.0, 32.0, 24.0 ], "rotation": 90, "autoUv": false, "windMode": [5,5,5,5], "windData": [9,9,9,9] }
													}
												},
												{
													"name": "lower flower 1",
													"from": [ 0.9, 15.0, -12.1 ],
													"to": [ 18.9, 15.0, 11.9 ],
													"shade": false,
													"renderPass": 1,
													"rotationOrigin": [ 0.9, 15.0, 0.9 ],
													"rotationY": 90.0,
													"rotationZ": 90.0,
													"faces": {
														"up": { "texture": "#agavetequilanaflower", "uv": [ 0.0, 6.0, 32.0, 24.0 ], "rotation": 90, "autoUv": false, "windMode": [5,5,5,5], "windData": [9,9,9,9] }
													}
												}
											]
										}
									]
								}
							]
						}
					]
				},
				{
					"name": "Rotation 2",
					"from": [ 0.0, 0.0, 0.0 ],
					"to": [ 0.0, 0.0, 0.0 ],
					"rotationOrigin": [ 0.0, 0.0, 0.0 ],
					"rotationY": -45.0,
					"faces": {
					},
					"children": [
						{
							"name": "lowest frond 2",
							"from": [ 0.0, 0.0, 1.0 ],
							"to": [ 0.0, 0.0, 1.0 ],
							"rotationOrigin": [ 0.0, 0.0, 1.0 ],
							"rotationX": -10.0,
							"faces": {
							},
							"children": [
								{
									"name": "l lowest frond 2",
									"from": [ 0.0, 0.0, 0.0 ],
									"to": [ 4.0, 0.0, 16.0 ],
									"shade": false,
									"renderPass": 1,
									"rotationOrigin": [ 0.0, 0.0, 0.0 ],
									"rotationZ": 22.5,
									"faces": {
										"up": { "texture": "#agavekaratto", "uv": [ 0.0, 16.0, 4.0, 32.0 ], "rotation": 180, "windMode": [0,0,9,0] }
									}
								},
								{
									"name": "r lowest frond 2",
									"from": [ -4.0, 0.0, 0.0 ],
									"to": [ 0.0, 0.0, 16.0 ],
									"shade": false,
									"renderPass": 1,
									"rotationOrigin": [ 0.0, 0.0, 0.0 ],
									"rotationZ": -22.5,
									"faces": {
										"up": { "texture": "#agavekaratto", "uv": [ 4.0, 16.0, 8.0, 32.0 ], "rotation": 180, "windMode": [0,9,0,0] }
									}
								},
								{
									"name": "lowest frond segment 2 2",
									"from": [ 0.0, 0.0, 15.7 ],
									"to": [ 0.0, 0.0, 15.7 ],
									"rotationOrigin": [ 0.0, 0.0, 15.7 ],
									"rotationX": 15.0,
									"faces": {
									},
									"children": [
										{
											"name": "l lowest frond segment 2 2",
											"from": [ 0.0, 0.0, 0.0 ],
											"to": [ 4.0, 0.0, 16.0 ],
											"shade": false,
											"renderPass": 1,
											"rotationOrigin": [ 0.0, 0.0, 0.0 ],
											"rotationX": -5.0,
											"rotationZ": 22.5,
											"faces": {
												"up": { "texture": "#agavekaratto", "uv": [ 0.0, 0.0, 4.0, 16.0 ], "rotation": 180, "windMode": [0,0,9,9] }
											}
										},
										{
											"name": "r lowest frond segment 2 2",
											"from": [ -4.0, 0.0, 0.0 ],
											"to": [ 0.0, 0.0, 16.0 ],
											"shade": false,
											"renderPass": 1,
											"rotationOrigin": [ 0.0, 0.0, 0.0 ],
											"rotationX": -5.0,
											"rotationZ": -22.5,
											"faces": {
												"up": { "texture": "#agavekaratto", "uv": [ 4.0, 0.0, 8.0, 16.0 ], "rotation": 180, "windMode": [9,9,0,0] }
											}
										}
									]
								}
							]
						},
						{
							"name": "second frond 2",
							"from": [ 0.0, 0.3, 1.0 ],
							"to": [ 0.0, 0.3, 1.0 ],
							"rotationOrigin": [ 0.0, 0.3, 1.0 ],
							"rotationX": -25.0,
							"rotationY": 15.0,
							"faces": {
							},
							"children": [
								{
									"name": "l second frond 2",
									"from": [ 0.0, 0.0, 0.0 ],
									"to": [ 4.0, 0.0, 20.0 ],
									"shade": false,
									"renderPass": 1,
									"rotationOrigin": [ 0.0, 0.0, 0.0 ],
									"rotationZ": 45.0,
									"faces": {
										"up": { "texture": "#agavekaratto", "uv": [ 0.0, 12.0, 4.0, 32.0 ], "rotation": 180, "windMode": [0,9,9,0] }
									}
								},
								{
									"name": "r second frond 2",
									"from": [ -4.0, 0.0, 0.0 ],
									"to": [ 0.0, 0.0, 20.0 ],
									"shade": false,
									"renderPass": 1,
									"rotationOrigin": [ 0.0, 0.0, 0.0 ],
									"rotationZ": -45.0,
									"faces": {
										"up": { "texture": "#agavekaratto", "uv": [ 4.0, 12.0, 8.0, 32.0 ], "rotation": 180, "windMode": [9,9,9,0] }
									}
								},
								{
									"name": "second frond segment 2 2",
									"from": [ 0.0, 0.0, 19.6 ],
									"to": [ 0.0, 0.0, 19.6 ],
									"rotationOrigin": [ 0.0, 0.0, 19.6 ],
									"rotationX": 25.0,
									"faces": {
									},
									"children": [
										{
											"name": "l second frond segment 2 2",
											"from": [ 0.0, 0.0, 0.0 ],
											"to": [ 4.0, 0.0, 12.0 ],
											"shade": false,
											"renderPass": 1,
											"rotationOrigin": [ 0.0, 0.0, 0.0 ],
											"rotationX": -5.0,
											"rotationZ": 45.0,
											"faces": {
												"up": { "texture": "#agavekaratto", "uv": [ 0.0, 0.0, 4.0, 12.0 ], "rotation": 180, "windMode": [9,9,9,9] }
											}
										},
										{
											"name": "r second frond segment 2 2",
											"from": [ -4.0, 0.0, 0.0 ],
											"to": [ 0.0, 0.0, 12.0 ],
											"shade": false,
											"renderPass": 1,
											"rotationOrigin": [ 0.0, 0.0, 0.0 ],
											"rotationX": -5.0,
											"rotationZ": -45.0,
											"faces": {
												"up": { "texture": "#agavekaratto", "uv": [ 4.0, 0.0, 8.0, 12.0 ], "rotation": 180, "windMode": [9,9,9,9] }
											}
										}
									]
								}
							]
						},
						{
							"name": "third frond 2",
							"from": [ 0.0, 0.6, 1.0 ],
							"to": [ 0.0, 0.6, 1.0 ],
							"rotationOrigin": [ 0.0, 0.6, 1.0 ],
							"rotationX": -45.0,
							"rotationY": -15.0,
							"faces": {
							},
							"children": [
								{
									"name": "l third frond 2",
									"from": [ 0.0, 0.0, 0.0 ],
									"to": [ 4.0, 0.0, 22.0 ],
									"shade": false,
									"renderPass": 1,
									"rotationOrigin": [ 0.0, 0.0, 0.0 ],
									"rotationZ": 45.0,
									"faces": {
										"up": { "texture": "#agavekaratto", "uv": [ 0.0, 10.0, 4.0, 32.0 ], "rotation": 180, "windMode": [0,9,9,9], "windData": [0,0,1,0] }
									}
								},
								{
									"name": "r third frond 2",
									"from": [ -4.0, 0.0, 0.0 ],
									"to": [ 0.0, 0.0, 22.0 ],
									"shade": false,
									"renderPass": 1,
									"rotationOrigin": [ 0.0, 0.0, 0.0 ],
									"rotationZ": -45.0,
									"faces": {
										"up": { "texture": "#agavekaratto", "uv": [ 4.0, 10.0, 8.0, 32.0 ], "rotation": 180, "windMode": [0,9,9,0], "windData": [0,1,0,0] }
									}
								},
								{
									"name": "third frond segment 2 2",
									"from": [ 0.0, 0.0, 21.5 ],
									"to": [ 0.0, 0.0, 21.5 ],
									"rotationOrigin": [ 0.0, 0.0, 21.5 ],
									"rotationX": 25.0,
									"faces": {
									},
									"children": [
										{
											"name": "l third frond segment 2 2",
											"from": [ 0.0, 0.0, 0.0 ],
											"to": [ 4.0, 0.0, 10.0 ],
											"shade": false,
											"renderPass": 1,
											"rotationOrigin": [ 0.0, 0.0, 0.0 ],
											"rotationX": -5.0,
											"rotationZ": 45.0,
											"faces": {
												"up": { "texture": "#agavekaratto", "uv": [ 0.0, 0.0, 4.0, 10.0 ], "rotation": 180, "windMode": [9,9,9,9], "windData": [0,1,1,1] }
											}
										},
										{
											"name": "r third frond segment 2 2",
											"from": [ -4.0, 0.0, 0.0 ],
											"to": [ 0.0, 0.0, 10.0 ],
											"shade": false,
											"renderPass": 1,
											"rotationOrigin": [ 0.0, 0.0, 0.0 ],
											"rotationX": -5.0,
											"rotationZ": -45.0,
											"faces": {
												"up": { "texture": "#agavekaratto", "uv": [ 4.0, 0.0, 8.0, 10.0 ], "rotation": 180, "windMode": [9,9,9,9], "windData": [1,1,1,0] }
											}
										}
									]
								}
							]
						},
						{
							"name": "fourth frond 2",
							"from": [ 0.0, 0.9, 1.0 ],
							"to": [ 0.0, 0.9, 1.0 ],
							"rotationOrigin": [ 0.0, 0.9, 1.0 ],
							"rotationX": -70.0,
							"faces": {
							},
							"children": [
								{
									"name": "l fourth frond 2",
									"from": [ 0.0, 0.0, 0.0 ],
									"to": [ 4.0, 0.0, 22.0 ],
									"shade": false,
									"renderPass": 1,
									"rotationOrigin": [ 0.0, 0.0, 0.0 ],
									"rotationZ": 45.0,
									"faces": {
										"up": { "texture": "#agavekaratto", "uv": [ 0.0, 10.0, 4.0, 32.0 ], "rotation": 180, "windMode": [0,9,9,0], "windData": [0,1,1,0] }
									}
								},
								{
									"name": "r fourth frond 2",
									"from": [ -4.0, 0.0, 0.0 ],
									"to": [ 0.0, 0.0, 22.0 ],
									"shade": false,
									"renderPass": 1,
									"rotationOrigin": [ 0.0, 0.0, 0.0 ],
									"rotationZ": -45.0,
									"faces": {
										"up": { "texture": "#agavekaratto", "uv": [ 4.0, 10.0, 8.0, 32.0 ], "rotation": 180, "windMode": [0,9,9,0], "windData": [0,1,1,0] }
									}
								},
								{
									"name": "fourth frond segment 2 2",
									"from": [ 0.0, 0.0, 21.5 ],
									"to": [ 0.0, 0.0, 21.5 ],
									"rotationOrigin": [ 0.0, 0.0, 21.5 ],
									"rotationX": 25.0,
									"faces": {
									},
									"children": [
										{
											"name": "l fourth frond segment 2 2",
											"from": [ 0.0, 0.0, 0.0 ],
											"to": [ 4.0, 0.0, 10.0 ],
											"shade": false,
											"renderPass": 1,
											"rotationOrigin": [ 0.0, 0.0, 0.0 ],
											"rotationX": -5.0,
											"rotationZ": 45.0,
											"faces": {
												"up": { "texture": "#agavekaratto", "uv": [ 0.0, 0.0, 4.0, 10.0 ], "rotation": 180, "windMode": [9,9,9,9], "windData": [1,1,1,1] }
											}
										},
										{
											"name": "r fourth frond segment 2 2",
											"from": [ -4.0, 0.0, 0.0 ],
											"to": [ 0.0, 0.0, 10.0 ],
											"shade": false,
											"renderPass": 1,
											"rotationOrigin": [ 0.0, 0.0, 0.0 ],
											"rotationX": -5.0,
											"rotationZ": -45.0,
											"faces": {
												"up": { "texture": "#agavekaratto", "uv": [ 4.0, 0.0, 8.0, 10.0 ], "rotation": 180, "windMode": [9,9,9,9], "windData": [1,1,1,1] }
											}
										}
									]
								}
							]
						}
					]
				},
				{
					"name": "Rotation 3",
					"from": [ 0.0, 0.0, 0.0 ],
					"to": [ 0.0, 0.0, 0.0 ],
					"rotationOrigin": [ 0.0, 0.0, 0.0 ],
					"rotationY": -90.0,
					"faces": {
					},
					"children": [
						{
							"name": "lowest frond 3",
							"from": [ 0.0, 0.0, 1.0 ],
							"to": [ 0.0, 0.0, 1.0 ],
							"rotationOrigin": [ 0.0, 0.0, 1.0 ],
							"rotationX": -15.0,
							"faces": {
							},
							"children": [
								{
									"name": "l lowest frond 3",
									"from": [ 0.0, 0.0, 0.0 ],
									"to": [ 4.0, 0.0, 16.0 ],
									"shade": false,
									"renderPass": 1,
									"rotationOrigin": [ 0.0, 0.0, 0.0 ],
									"rotationZ": 22.5,
									"faces": {
										"up": { "texture": "#agavekaratto", "uv": [ 0.0, 16.0, 4.0, 32.0 ], "rotation": 180, "windMode": [0,9,9,0] }
									}
								},
								{
									"name": "r lowest frond 3",
									"from": [ -4.0, 0.0, 0.0 ],
									"to": [ 0.0, 0.0, 16.0 ],
									"shade": false,
									"renderPass": 1,
									"rotationOrigin": [ 0.0, 0.0, 0.0 ],
									"rotationZ": -22.5,
									"faces": {
										"up": { "texture": "#agavekaratto", "uv": [ 4.0, 16.0, 8.0, 32.0 ], "rotation": 180, "windMode": [0,9,9,0] }
									}
								},
								{
									"name": "lowest frond segment 2 3",
									"from": [ 0.0, 0.0, 15.7 ],
									"to": [ 0.0, 0.0, 15.7 ],
									"rotationOrigin": [ 0.0, 0.0, 15.7 ],
									"rotationX": 15.0,
									"faces": {
									},
									"children": [
										{
											"name": "l lowest frond segment 2 3",
											"from": [ 0.0, 0.0, 0.0 ],
											"to": [ 4.0, 0.0, 16.0 ],
											"shade": false,
											"renderPass": 1,
											"rotationOrigin": [ 0.0, 0.0, 0.0 ],
											"rotationX": -5.0,
											"rotationZ": 22.5,
											"faces": {
												"up": { "texture": "#agavekaratto", "uv": [ 0.0, 0.0, 4.0, 16.0 ], "rotation": 180, "windMode": [9,9,9,9] }
											}
										},
										{
											"name": "r lowest frond segment 2 3",
											"from": [ -4.0, 0.0, 0.0 ],
											"to": [ 0.0, 0.0, 16.0 ],
											"shade": false,
											"renderPass": 1,
											"rotationOrigin": [ 0.0, 0.0, 0.0 ],
											"rotationX": -5.0,
											"rotationZ": -22.5,
											"faces": {
												"up": { "texture": "#agavekaratto", "uv": [ 4.0, 0.0, 8.0, 16.0 ], "rotation": 180, "windMode": [9,9,9,9] }
											}
										}
									]
								}
							]
						},
						{
							"name": "second frond 3",
							"from": [ 0.0, 0.3, 1.0 ],
							"to": [ 0.0, 0.3, 1.0 ],
							"rotationOrigin": [ 0.0, 0.3, 1.0 ],
							"rotationX": -30.0,
							"rotationY": 15.0,
							"faces": {
							},
							"children": [
								{
									"name": "l second frond 3",
									"from": [ 0.0, 0.0, 0.0 ],
									"to": [ 4.0, 0.0, 20.0 ],
									"shade": false,
									"renderPass": 1,
									"rotationOrigin": [ 0.0, 0.0, 0.0 ],
									"rotationZ": 45.0,
									"faces": {
										"up": { "texture": "#agavekaratto", "uv": [ 0.0, 12.0, 4.0, 32.0 ], "rotation": 180, "windMode": [0,9,9,0] }
									}
								},
								{
									"name": "r second frond 3",
									"from": [ -4.0, 0.0, 0.0 ],
									"to": [ 0.0, 0.0, 20.0 ],
									"shade": false,
									"renderPass": 1,
									"rotationOrigin": [ 0.0, 0.0, 0.0 ],
									"rotationZ": -45.0,
									"faces": {
										"up": { "texture": "#agavekaratto", "uv": [ 4.0, 12.0, 8.0, 32.0 ], "rotation": 180, "windMode": [9,9,9,0] }
									}
								},
								{
									"name": "second frond segment 2 3",
									"from": [ 0.0, 0.0, 19.6 ],
									"to": [ 0.0, 0.0, 19.6 ],
									"rotationOrigin": [ 0.0, 0.0, 19.6 ],
									"rotationX": 25.0,
									"faces": {
									},
									"children": [
										{
											"name": "l second frond segment 2 3",
											"from": [ 0.0, 0.0, 0.0 ],
											"to": [ 4.0, 0.0, 12.0 ],
											"shade": false,
											"renderPass": 1,
											"rotationOrigin": [ 0.0, 0.0, 0.0 ],
											"rotationX": -5.0,
											"rotationZ": 45.0,
											"faces": {
												"up": { "texture": "#agavekaratto", "uv": [ 0.0, 0.0, 4.0, 12.0 ], "rotation": 180, "windMode": [9,9,9,9] }
											}
										},
										{
											"name": "r second frond segment 2 3",
											"from": [ -4.0, 0.0, 0.0 ],
											"to": [ 0.0, 0.0, 12.0 ],
											"shade": false,
											"renderPass": 1,
											"rotationOrigin": [ 0.0, 0.0, 0.0 ],
											"rotationX": -5.0,
											"rotationZ": -45.0,
											"faces": {
												"up": { "texture": "#agavekaratto", "uv": [ 4.0, 0.0, 8.0, 12.0 ], "rotation": 180, "windMode": [9,9,9,9] }
											}
										}
									]
								}
							]
						},
						{
							"name": "third frond 3",
							"from": [ 0.0, 0.6, 1.0 ],
							"to": [ 0.0, 0.6, 1.0 ],
							"rotationOrigin": [ 0.0, 0.6, 1.0 ],
							"rotationX": -50.0,
							"rotationY": -15.0,
							"faces": {
							},
							"children": [
								{
									"name": "l third frond 3",
									"from": [ 0.0, 0.0, 0.0 ],
									"to": [ 4.0, 0.0, 22.0 ],
									"shade": false,
									"renderPass": 1,
									"rotationOrigin": [ 0.0, 0.0, 0.0 ],
									"rotationZ": 45.0,
									"faces": {
										"up": { "texture": "#agavekaratto", "uv": [ 0.0, 10.0, 4.0, 32.0 ], "rotation": 180, "windMode": [0,9,9,0], "windData": [0,1,1,0] }
									}
								},
								{
									"name": "r third frond 3",
									"from": [ -4.0, 0.0, 0.0 ],
									"to": [ 0.0, 0.0, 22.0 ],
									"shade": false,
									"renderPass": 1,
									"rotationOrigin": [ 0.0, 0.0, 0.0 ],
									"rotationZ": -45.0,
									"faces": {
										"up": { "texture": "#agavekaratto", "uv": [ 4.0, 10.0, 8.0, 32.0 ], "rotation": 180, "windMode": [0,9,9,0], "windData": [0,1,1,0] }
									}
								},
								{
									"name": "third frond segment 2 3",
									"from": [ 0.0, 0.0, 21.5 ],
									"to": [ 0.0, 0.0, 21.5 ],
									"rotationOrigin": [ 0.0, 0.0, 21.5 ],
									"rotationX": 25.0,
									"faces": {
									},
									"children": [
										{
											"name": "l third frond segment 2 3",
											"from": [ 0.0, 0.0, 0.0 ],
											"to": [ 4.0, 0.0, 10.0 ],
											"shade": false,
											"renderPass": 1,
											"rotationOrigin": [ 0.0, 0.0, 0.0 ],
											"rotationX": -5.0,
											"rotationZ": 45.0,
											"faces": {
												"up": { "texture": "#agavekaratto", "uv": [ 0.0, 0.0, 4.0, 10.0 ], "rotation": 180, "windMode": [9,9,9,9], "windData": [1,1,1,1] }
											}
										},
										{
											"name": "r third frond segment 2 3",
											"from": [ -4.0, 0.0, 0.0 ],
											"to": [ 0.0, 0.0, 10.0 ],
											"shade": false,
											"renderPass": 1,
											"rotationOrigin": [ 0.0, 0.0, 0.0 ],
											"rotationX": -5.0,
											"rotationZ": -45.0,
											"faces": {
												"up": { "texture": "#agavekaratto", "uv": [ 4.0, 0.0, 8.0, 10.0 ], "rotation": 180, "windMode": [9,9,9,9], "windData": [1,1,1,1] }
											}
										}
									]
								}
							]
						},
						{
							"name": "fourth frond 3",
							"from": [ 0.0, 0.9, 1.0 ],
							"to": [ 0.0, 0.9, 1.0 ],
							"rotationOrigin": [ 0.0, 0.9, 1.0 ],
							"rotationX": -75.0,
							"faces": {
							},
							"children": [
								{
									"name": "l fourth frond 3",
									"from": [ 0.0, 0.0, 0.0 ],
									"to": [ 4.0, 0.0, 22.0 ],
									"shade": false,
									"renderPass": 1,
									"rotationOrigin": [ 0.0, 0.0, 0.0 ],
									"rotationZ": 45.0,
									"faces": {
										"up": { "texture": "#agavekaratto", "uv": [ 0.0, 10.0, 4.0, 32.0 ], "rotation": 180, "windMode": [0,9,9,0], "windData": [0,1,1,0] }
									}
								},
								{
									"name": "r fourth frond 3",
									"from": [ -4.0, 0.0, 0.0 ],
									"to": [ 0.0, 0.0, 22.0 ],
									"shade": false,
									"renderPass": 1,
									"rotationOrigin": [ 0.0, 0.0, 0.0 ],
									"rotationZ": -45.0,
									"faces": {
										"up": { "texture": "#agavekaratto", "uv": [ 4.0, 10.0, 8.0, 32.0 ], "rotation": 180, "windMode": [0,9,9,0], "windData": [0,1,1,0] }
									}
								},
								{
									"name": "fourth frond segment 2 3",
									"from": [ 0.0, 0.0, 21.5 ],
									"to": [ 0.0, 0.0, 21.5 ],
									"rotationOrigin": [ 0.0, 0.0, 21.5 ],
									"rotationX": 25.0,
									"faces": {
									},
									"children": [
										{
											"name": "l fourth frond segment 2 3",
											"from": [ 0.0, 0.0, 0.0 ],
											"to": [ 4.0, 0.0, 10.0 ],
											"shade": false,
											"renderPass": 1,
											"rotationOrigin": [ 0.0, 0.0, 0.0 ],
											"rotationX": -5.0,
											"rotationZ": 45.0,
											"faces": {
												"up": { "texture": "#agavekaratto", "uv": [ 0.0, 0.0, 4.0, 10.0 ], "rotation": 180, "windMode": [9,9,9,9], "windData": [1,1,1,1] }
											}
										},
										{
											"name": "r fourth frond segment 2 3",
											"from": [ -4.0, 0.0, 0.0 ],
											"to": [ 0.0, 0.0, 10.0 ],
											"shade": false,
											"renderPass": 1,
											"rotationOrigin": [ 0.0, 0.0, 0.0 ],
											"rotationX": -5.0,
											"rotationZ": -45.0,
											"faces": {
												"up": { "texture": "#agavekaratto", "uv": [ 4.0, 0.0, 8.0, 10.0 ], "rotation": 180, "windMode": [9,9,9,9], "windData": [1,1,1,1] }
											}
										}
									]
								}
							]
						}
					]
				},
				{
					"name": "Rotation 4",
					"from": [ 0.0, 0.0, 0.0 ],
					"to": [ 0.0, 0.0, 0.0 ],
					"rotationOrigin": [ 0.0, 0.0, 0.0 ],
					"rotationY": -135.0,
					"faces": {
					},
					"children": [
						{
							"name": "lowest frond 4",
							"from": [ 0.0, 0.0, 1.0 ],
							"to": [ 0.0, 0.0, 1.0 ],
							"rotationOrigin": [ 0.0, 0.0, 1.0 ],
							"rotationX": -10.0,
							"faces": {
							},
							"children": [
								{
									"name": "l lowest frond 4",
									"from": [ 0.0, 0.0, 0.0 ],
									"to": [ 4.0, 0.0, 16.0 ],
									"shade": false,
									"renderPass": 1,
									"rotationOrigin": [ 0.0, 0.0, 0.0 ],
									"rotationZ": 22.5,
									"faces": {
										"up": { "texture": "#agavekaratto", "uv": [ 0.0, 16.0, 4.0, 32.0 ], "rotation": 180, "windMode": [0,0,9,0] }
									}
								},
								{
									"name": "r lowest frond 4",
									"from": [ -4.0, 0.0, 0.0 ],
									"to": [ 0.0, 0.0, 16.0 ],
									"shade": false,
									"renderPass": 1,
									"rotationOrigin": [ 0.0, 0.0, 0.0 ],
									"rotationZ": -22.5,
									"faces": {
										"up": { "texture": "#agavekaratto", "uv": [ 4.0, 16.0, 8.0, 32.0 ], "rotation": 180, "windMode": [0,9,0,0] }
									}
								},
								{
									"name": "lowest frond segment 2 4",
									"from": [ 0.0, 0.0, 15.7 ],
									"to": [ 0.0, 0.0, 15.7 ],
									"rotationOrigin": [ 0.0, 0.0, 15.7 ],
									"rotationX": 15.0,
									"faces": {
									},
									"children": [
										{
											"name": "l lowest frond segment 2 4",
											"from": [ 0.0, 0.0, 0.0 ],
											"to": [ 4.0, 0.0, 16.0 ],
											"shade": false,
											"renderPass": 1,
											"rotationOrigin": [ 0.0, 0.0, 0.0 ],
											"rotationX": -5.0,
											"rotationZ": 22.5,
											"faces": {
												"up": { "texture": "#agavekaratto", "uv": [ 0.0, 0.0, 4.0, 16.0 ], "rotation": 180, "windMode": [0,0,9,9] }
											}
										},
										{
											"name": "r lowest frond segment 2 4",
											"from": [ -4.0, 0.0, 0.0 ],
											"to": [ 0.0, 0.0, 16.0 ],
											"shade": false,
											"renderPass": 1,
											"rotationOrigin": [ 0.0, 0.0, 0.0 ],
											"rotationX": -5.0,
											"rotationZ": -22.5,
											"faces": {
												"up": { "texture": "#agavekaratto", "uv": [ 4.0, 0.0, 8.0, 16.0 ], "rotation": 180, "windMode": [9,9,0,0] }
											}
										}
									]
								}
							]
						},
						{
							"name": "second frond 4",
							"from": [ 0.0, 0.3, 1.0 ],
							"to": [ 0.0, 0.3, 1.0 ],
							"rotationOrigin": [ 0.0, 0.3, 1.0 ],
							"rotationX": -25.0,
							"rotationY": 15.0,
							"faces": {
							},
							"children": [
								{
									"name": "l second frond 4",
									"from": [ 0.0, 0.0, 0.0 ],
									"to": [ 4.0, 0.0, 20.0 ],
									"shade": false,
									"renderPass": 1,
									"rotationOrigin": [ 0.0, 0.0, 0.0 ],
									"rotationZ": 45.0,
									"faces": {
										"up": { "texture": "#agavekaratto", "uv": [ 0.0, 12.0, 4.0, 32.0 ], "rotation": 180, "windMode": [0,9,9,0] }
									}
								},
								{
									"name": "r second frond 4",
									"from": [ -4.0, 0.0, 0.0 ],
									"to": [ 0.0, 0.0, 20.0 ],
									"shade": false,
									"renderPass": 1,
									"rotationOrigin": [ 0.0, 0.0, 0.0 ],
									"rotationZ": -45.0,
									"faces": {
										"up": { "texture": "#agavekaratto", "uv": [ 4.0, 12.0, 8.0, 32.0 ], "rotation": 180, "windMode": [9,9,9,0] }
									}
								},
								{
									"name": "second frond segment 2 4",
									"from": [ 0.0, 0.0, 19.6 ],
									"to": [ 0.0, 0.0, 19.6 ],
									"rotationOrigin": [ 0.0, 0.0, 19.6 ],
									"rotationX": 25.0,
									"faces": {
									},
									"children": [
										{
											"name": "l second frond segment 2 4",
											"from": [ 0.0, 0.0, 0.0 ],
											"to": [ 4.0, 0.0, 12.0 ],
											"shade": false,
											"renderPass": 1,
											"rotationOrigin": [ 0.0, 0.0, 0.0 ],
											"rotationX": -5.0,
											"rotationZ": 45.0,
											"faces": {
												"up": { "texture": "#agavekaratto", "uv": [ 0.0, 0.0, 4.0, 12.0 ], "rotation": 180, "windMode": [9,9,9,9] }
											}
										},
										{
											"name": "r second frond segment 2 4",
											"from": [ -4.0, 0.0, 0.0 ],
											"to": [ 0.0, 0.0, 12.0 ],
											"shade": false,
											"renderPass": 1,
											"rotationOrigin": [ 0.0, 0.0, 0.0 ],
											"rotationX": -5.0,
											"rotationZ": -45.0,
											"faces": {
												"up": { "texture": "#agavekaratto", "uv": [ 4.0, 0.0, 8.0, 12.0 ], "rotation": 180, "windMode": [9,9,9,9] }
											}
										}
									]
								}
							]
						},
						{
							"name": "third frond 4",
							"from": [ 0.0, 0.6, 1.0 ],
							"to": [ 0.0, 0.6, 1.0 ],
							"rotationOrigin": [ 0.0, 0.6, 1.0 ],
							"rotationX": -45.0,
							"rotationY": -15.0,
							"faces": {
							},
							"children": [
								{
									"name": "l third frond 4",
									"from": [ 0.0, 0.0, 0.0 ],
									"to": [ 4.0, 0.0, 22.0 ],
									"shade": false,
									"renderPass": 1,
									"rotationOrigin": [ 0.0, 0.0, 0.0 ],
									"rotationZ": 45.0,
									"faces": {
										"up": { "texture": "#agavekaratto", "uv": [ 0.0, 10.0, 4.0, 32.0 ], "rotation": 180, "windMode": [0,9,9,9], "windData": [0,0,1,0] }
									}
								},
								{
									"name": "r third frond 4",
									"from": [ -4.0, 0.0, 0.0 ],
									"to": [ 0.0, 0.0, 22.0 ],
									"shade": false,
									"renderPass": 1,
									"rotationOrigin": [ 0.0, 0.0, 0.0 ],
									"rotationZ": -45.0,
									"faces": {
										"up": { "texture": "#agavekaratto", "uv": [ 4.0, 10.0, 8.0, 32.0 ], "rotation": 180, "windMode": [0,9,9,0], "windData": [0,1,0,0] }
									}
								},
								{
									"name": "third frond segment 2 4",
									"from": [ 0.0, 0.0, 21.5 ],
									"to": [ 0.0, 0.0, 21.5 ],
									"rotationOrigin": [ 0.0, 0.0, 21.5 ],
									"rotationX": 25.0,
									"faces": {
									},
									"children": [
										{
											"name": "l third frond segment 2 4",
											"from": [ 0.0, 0.0, 0.0 ],
											"to": [ 4.0, 0.0, 10.0 ],
											"shade": false,
											"renderPass": 1,
											"rotationOrigin": [ 0.0, 0.0, 0.0 ],
											"rotationX": -5.0,
											"rotationZ": 45.0,
											"faces": {
												"up": { "texture": "#agavekaratto", "uv": [ 0.0, 0.0, 4.0, 10.0 ], "rotation": 180, "windMode": [9,9,9,9], "windData": [0,1,1,1] }
											}
										},
										{
											"name": "r third frond segment 2 4",
											"from": [ -4.0, 0.0, 0.0 ],
											"to": [ 0.0, 0.0, 10.0 ],
											"shade": false,
											"renderPass": 1,
											"rotationOrigin": [ 0.0, 0.0, 0.0 ],
											"rotationX": -5.0,
											"rotationZ": -45.0,
											"faces": {
												"up": { "texture": "#agavekaratto", "uv": [ 4.0, 0.0, 8.0, 10.0 ], "rotation": 180, "windMode": [9,9,9,9], "windData": [1,1,1,0] }
											}
										}
									]
								}
							]
						},
						{
							"name": "fourth frond 4",
							"from": [ 0.0, 0.9, 1.0 ],
							"to": [ 0.0, 0.9, 1.0 ],
							"rotationOrigin": [ 0.0, 0.9, 1.0 ],
							"rotationX": -70.0,
							"faces": {
							},
							"children": [
								{
									"name": "l fourth frond 4",
									"from": [ 0.0, 0.0, 0.0 ],
									"to": [ 4.0, 0.0, 22.0 ],
									"shade": false,
									"renderPass": 1,
									"rotationOrigin": [ 0.0, 0.0, 0.0 ],
									"rotationZ": 45.0,
									"faces": {
										"up": { "texture": "#agavekaratto", "uv": [ 0.0, 10.0, 4.0, 32.0 ], "rotation": 180, "windMode": [0,9,9,0], "windData": [0,1,1,0] }
									}
								},
								{
									"name": "r fourth frond 4",
									"from": [ -4.0, 0.0, 0.0 ],
									"to": [ 0.0, 0.0, 22.0 ],
									"shade": false,
									"renderPass": 1,
									"rotationOrigin": [ 0.0, 0.0, 0.0 ],
									"rotationZ": -45.0,
									"faces": {
										"up": { "texture": "#agavekaratto", "uv": [ 4.0, 10.0, 8.0, 32.0 ], "rotation": 180, "windMode": [0,9,9,0], "windData": [0,1,1,0] }
									}
								},
								{
									"name": "fourth frond segment 2 4",
									"from": [ 0.0, 0.0, 21.5 ],
									"to": [ 0.0, 0.0, 21.5 ],
									"rotationOrigin": [ 0.0, 0.0, 21.5 ],
									"rotationX": 25.0,
									"faces": {
									},
									"children": [
										{
											"name": "l fourth frond segment 2 4",
											"from": [ 0.0, 0.0, 0.0 ],
											"to": [ 4.0, 0.0, 10.0 ],
											"shade": false,
											"renderPass": 1,
											"rotationOrigin": [ 0.0, 0.0, 0.0 ],
											"rotationX": -5.0,
											"rotationZ": 45.0,
											"faces": {
												"up": { "texture": "#agavekaratto", "uv": [ 0.0, 0.0, 4.0, 10.0 ], "rotation": 180, "windMode": [9,9,9,9], "windData": [1,1,1,1] }
											}
										},
										{
											"name": "r fourth frond segment 2 4",
											"from": [ -4.0, 0.0, 0.0 ],
											"to": [ 0.0, 0.0, 10.0 ],
											"shade": false,
											"renderPass": 1,
											"rotationOrigin": [ 0.0, 0.0, 0.0 ],
											"rotationX": -5.0,
											"rotationZ": -45.0,
											"faces": {
												"up": { "texture": "#agavekaratto", "uv": [ 4.0, 0.0, 8.0, 10.0 ], "rotation": 180, "windMode": [9,9,9,9], "windData": [1,1,1,1] }
											}
										}
									]
								}
							]
						}
					]
				},
				{
					"name": "Rotation 5",
					"from": [ 0.0, 0.0, 0.0 ],
					"to": [ 0.0, 0.0, 0.0 ],
					"rotationOrigin": [ 0.0, 0.0, 0.0 ],
					"rotationY": -180.0,
					"faces": {
					},
					"children": [
						{
							"name": "lowest frond 5",
							"from": [ 0.0, 0.0, 1.0 ],
							"to": [ 0.0, 0.0, 1.0 ],
							"rotationOrigin": [ 0.0, 0.0, 1.0 ],
							"rotationX": -15.0,
							"faces": {
							},
							"children": [
								{
									"name": "l lowest frond 5",
									"from": [ 0.0, 0.0, 0.0 ],
									"to": [ 4.0, 0.0, 16.0 ],
									"shade": false,
									"renderPass": 1,
									"rotationOrigin": [ 0.0, 0.0, 0.0 ],
									"rotationZ": 22.5,
									"faces": {
										"up": { "texture": "#agavekaratto", "uv": [ 0.0, 16.0, 4.0, 32.0 ], "rotation": 180, "windMode": [0,9,9,0] }
									}
								},
								{
									"name": "r lowest frond 5",
									"from": [ -4.0, 0.0, 0.0 ],
									"to": [ 0.0, 0.0, 16.0 ],
									"shade": false,
									"renderPass": 1,
									"rotationOrigin": [ 0.0, 0.0, 0.0 ],
									"rotationZ": -22.5,
									"faces": {
										"up": { "texture": "#agavekaratto", "uv": [ 4.0, 16.0, 8.0, 32.0 ], "rotation": 180, "windMode": [0,9,9,0] }
									}
								},
								{
									"name": "lowest frond segment 2 5",
									"from": [ 0.0, 0.0, 15.7 ],
									"to": [ 0.0, 0.0, 15.7 ],
									"rotationOrigin": [ 0.0, 0.0, 15.7 ],
									"rotationX": 15.0,
									"faces": {
									},
									"children": [
										{
											"name": "l lowest frond segment 2 5",
											"from": [ 0.0, 0.0, 0.0 ],
											"to": [ 4.0, 0.0, 16.0 ],
											"shade": false,
											"renderPass": 1,
											"rotationOrigin": [ 0.0, 0.0, 0.0 ],
											"rotationX": -5.0,
											"rotationZ": 22.5,
											"faces": {
												"up": { "texture": "#agavekaratto", "uv": [ 0.0, 0.0, 4.0, 16.0 ], "rotation": 180, "windMode": [9,9,9,9] }
											}
										},
										{
											"name": "r lowest frond segment 2 5",
											"from": [ -4.0, 0.0, 0.0 ],
											"to": [ 0.0, 0.0, 16.0 ],
											"shade": false,
											"renderPass": 1,
											"rotationOrigin": [ 0.0, 0.0, 0.0 ],
											"rotationX": -5.0,
											"rotationZ": -22.5,
											"faces": {
												"up": { "texture": "#agavekaratto", "uv": [ 4.0, 0.0, 8.0, 16.0 ], "rotation": 180, "windMode": [9,9,9,9] }
											}
										}
									]
								}
							]
						},
						{
							"name": "second frond 5",
							"from": [ 0.0, 0.3, 1.0 ],
							"to": [ 0.0, 0.3, 1.0 ],
							"rotationOrigin": [ 0.0, 0.3, 1.0 ],
							"rotationX": -30.0,
							"rotationY": 15.0,
							"faces": {
							},
							"children": [
								{
									"name": "l second frond 5",
									"from": [ 0.0, 0.0, 0.0 ],
									"to": [ 4.0, 0.0, 20.0 ],
									"shade": false,
									"renderPass": 1,
									"rotationOrigin": [ 0.0, 0.0, 0.0 ],
									"rotationZ": 45.0,
									"faces": {
										"up": { "texture": "#agavekaratto", "uv": [ 0.0, 12.0, 4.0, 32.0 ], "rotation": 180, "windMode": [0,9,9,0] }
									}
								},
								{
									"name": "r second frond 5",
									"from": [ -4.0, 0.0, 0.0 ],
									"to": [ 0.0, 0.0, 20.0 ],
									"shade": false,
									"renderPass": 1,
									"rotationOrigin": [ 0.0, 0.0, 0.0 ],
									"rotationZ": -45.0,
									"faces": {
										"up": { "texture": "#agavekaratto", "uv": [ 4.0, 12.0, 8.0, 32.0 ], "rotation": 180, "windMode": [9,9,9,0] }
									}
								},
								{
									"name": "second frond segment 2 5",
									"from": [ 0.0, 0.0, 19.6 ],
									"to": [ 0.0, 0.0, 19.6 ],
									"rotationOrigin": [ 0.0, 0.0, 19.6 ],
									"rotationX": 25.0,
									"faces": {
									},
									"children": [
										{
											"name": "l second frond segment 2 5",
											"from": [ 0.0, 0.0, 0.0 ],
											"to": [ 4.0, 0.0, 12.0 ],
											"shade": false,
											"renderPass": 1,
											"rotationOrigin": [ 0.0, 0.0, 0.0 ],
											"rotationX": -5.0,
											"rotationZ": 45.0,
											"faces": {
												"up": { "texture": "#agavekaratto", "uv": [ 0.0, 0.0, 4.0, 12.0 ], "rotation": 180, "windMode": [9,9,9,9] }
											}
										},
										{
											"name": "r second frond segment 2 5",
											"from": [ -4.0, 0.0, 0.0 ],
											"to": [ 0.0, 0.0, 12.0 ],
											"shade": false,
											"renderPass": 1,
											"rotationOrigin": [ 0.0, 0.0, 0.0 ],
											"rotationX": -5.0,
											"rotationZ": -45.0,
											"faces": {
												"up": { "texture": "#agavekaratto", "uv": [ 4.0, 0.0, 8.0, 12.0 ], "rotation": 180, "windMode": [9,9,9,9] }
											}
										}
									]
								}
							]
						},
						{
							"name": "third frond 5",
							"from": [ 0.0, 0.6, 1.0 ],
							"to": [ 0.0, 0.6, 1.0 ],
							"rotationOrigin": [ 0.0, 0.6, 1.0 ],
							"rotationX": -50.0,
							"rotationY": -15.0,
							"faces": {
							},
							"children": [
								{
									"name": "l third frond 5",
									"from": [ 0.0, 0.0, 0.0 ],
									"to": [ 4.0, 0.0, 22.0 ],
									"shade": false,
									"renderPass": 1,
									"rotationOrigin": [ 0.0, 0.0, 0.0 ],
									"rotationZ": 45.0,
									"faces": {
										"up": { "texture": "#agavekaratto", "uv": [ 0.0, 10.0, 4.0, 32.0 ], "rotation": 180, "windMode": [0,9,9,0], "windData": [0,1,1,0] }
									}
								},
								{
									"name": "r third frond 5",
									"from": [ -4.0, 0.0, 0.0 ],
									"to": [ 0.0, 0.0, 22.0 ],
									"shade": false,
									"renderPass": 1,
									"rotationOrigin": [ 0.0, 0.0, 0.0 ],
									"rotationZ": -45.0,
									"faces": {
										"up": { "texture": "#agavekaratto", "uv": [ 4.0, 10.0, 8.0, 32.0 ], "rotation": 180, "windMode": [0,9,9,0], "windData": [0,1,1,0] }
									}
								},
								{
									"name": "third frond segment 2 5",
									"from": [ 0.0, 0.0, 21.5 ],
									"to": [ 0.0, 0.0, 21.5 ],
									"rotationOrigin": [ 0.0, 0.0, 21.5 ],
									"rotationX": 25.0,
									"faces": {
									},
									"children": [
										{
											"name": "l third frond segment 2 5",
											"from": [ 0.0, 0.0, 0.0 ],
											"to": [ 4.0, 0.0, 10.0 ],
											"shade": false,
											"renderPass": 1,
											"rotationOrigin": [ 0.0, 0.0, 0.0 ],
											"rotationX": -5.0,
											"rotationZ": 45.0,
											"faces": {
												"up": { "texture": "#agavekaratto", "uv": [ 0.0, 0.0, 4.0, 10.0 ], "rotation": 180, "windMode": [9,9,9,9], "windData": [1,1,1,1] }
											}
										},
										{
											"name": "r third frond segment 2 5",
											"from": [ -4.0, 0.0, 0.0 ],
											"to": [ 0.0, 0.0, 10.0 ],
											"shade": false,
											"renderPass": 1,
											"rotationOrigin": [ 0.0, 0.0, 0.0 ],
											"rotationX": -5.0,
											"rotationZ": -45.0,
											"faces": {
												"up": { "texture": "#agavekaratto", "uv": [ 4.0, 0.0, 8.0, 10.0 ], "rotation": 180, "windMode": [9,9,9,9], "windData": [1,1,1,1] }
											}
										}
									]
								}
							]
						},
						{
							"name": "fourth frond 5",
							"from": [ 0.0, 0.9, 1.0 ],
							"to": [ 0.0, 0.9, 1.0 ],
							"rotationOrigin": [ 0.0, 0.9, 1.0 ],
							"rotationX": -75.0,
							"faces": {
							},
							"children": [
								{
									"name": "l fourth frond 5",
									"from": [ 0.0, 0.0, 0.0 ],
									"to": [ 4.0, 0.0, 22.0 ],
									"shade": false,
									"renderPass": 1,
									"rotationOrigin": [ 0.0, 0.0, 0.0 ],
									"rotationZ": 45.0,
									"faces": {
										"up": { "texture": "#agavekaratto", "uv": [ 0.0, 10.0, 4.0, 32.0 ], "rotation": 180, "windMode": [0,9,9,0], "windData": [0,1,1,0] }
									}
								},
								{
									"name": "r fourth frond 5",
									"from": [ -4.0, 0.0, 0.0 ],
									"to": [ 0.0, 0.0, 22.0 ],
									"shade": false,
									"renderPass": 1,
									"rotationOrigin": [ 0.0, 0.0, 0.0 ],
									"rotationZ": -45.0,
									"faces": {
										"up": { "texture": "#agavekaratto", "uv": [ 4.0, 10.0, 8.0, 32.0 ], "rotation": 180, "windMode": [0,9,9,0], "windData": [0,1,1,0] }
									}
								},
								{
									"name": "fourth frond segment 2 5",
									"from": [ 0.0, 0.0, 21.5 ],
									"to": [ 0.0, 0.0, 21.5 ],
									"rotationOrigin": [ 0.0, 0.0, 21.5 ],
									"rotationX": 25.0,
									"faces": {
									},
									"children": [
										{
											"name": "l fourth frond segment 2 5",
											"from": [ 0.0, 0.0, 0.0 ],
											"to": [ 4.0, 0.0, 10.0 ],
											"shade": false,
											"renderPass": 1,
											"rotationOrigin": [ 0.0, 0.0, 0.0 ],
											"rotationX": -5.0,
											"rotationZ": 45.0,
											"faces": {
												"up": { "texture": "#agavekaratto", "uv": [ 0.0, 0.0, 4.0, 10.0 ], "rotation": 180, "windMode": [9,9,9,9], "windData": [1,1,1,1] }
											}
										},
										{
											"name": "r fourth frond segment 2 5",
											"from": [ -4.0, 0.0, 0.0 ],
											"to": [ 0.0, 0.0, 10.0 ],
											"shade": false,
											"renderPass": 1,
											"rotationOrigin": [ 0.0, 0.0, 0.0 ],
											"rotationX": -5.0,
											"rotationZ": -45.0,
											"faces": {
												"up": { "texture": "#agavekaratto", "uv": [ 4.0, 0.0, 8.0, 10.0 ], "rotation": 180, "windMode": [9,9,9,9], "windData": [1,1,1,1] }
											}
										}
									]
								}
							]
						}
					]
				},
				{
					"name": "Rotation 6",
					"from": [ 0.0, 0.0, 0.0 ],
					"to": [ 0.0, 0.0, 0.0 ],
					"rotationOrigin": [ 0.0, 0.0, 0.0 ],
					"rotationY": 135.0,
					"faces": {
					},
					"children": [
						{
							"name": "lowest frond 6",
							"from": [ 0.0, 0.0, 1.0 ],
							"to": [ 0.0, 0.0, 1.0 ],
							"rotationOrigin": [ 0.0, 0.0, 1.0 ],
							"rotationX": -10.0,
							"faces": {
							},
							"children": [
								{
									"name": "l lowest frond 6",
									"from": [ 0.0, 0.0, 0.0 ],
									"to": [ 4.0, 0.0, 16.0 ],
									"shade": false,
									"renderPass": 1,
									"rotationOrigin": [ 0.0, 0.0, 0.0 ],
									"rotationZ": 22.5,
									"faces": {
										"up": { "texture": "#agavekaratto", "uv": [ 0.0, 16.0, 4.0, 32.0 ], "rotation": 180, "windMode": [0,0,9,0] }
									}
								},
								{
									"name": "r lowest frond 6",
									"from": [ -4.0, 0.0, 0.0 ],
									"to": [ 0.0, 0.0, 16.0 ],
									"shade": false,
									"renderPass": 1,
									"rotationOrigin": [ 0.0, 0.0, 0.0 ],
									"rotationZ": -22.5,
									"faces": {
										"up": { "texture": "#agavekaratto", "uv": [ 4.0, 16.0, 8.0, 32.0 ], "rotation": 180, "windMode": [0,9,0,0] }
									}
								},
								{
									"name": "lowest frond segment 2 6",
									"from": [ 0.0, 0.0, 15.7 ],
									"to": [ 0.0, 0.0, 15.7 ],
									"rotationOrigin": [ 0.0, 0.0, 15.7 ],
									"rotationX": 15.0,
									"faces": {
									},
									"children": [
										{
											"name": "l lowest frond segment 2 6",
											"from": [ 0.0, 0.0, 0.0 ],
											"to": [ 4.0, 0.0, 16.0 ],
											"shade": false,
											"renderPass": 1,
											"rotationOrigin": [ 0.0, 0.0, 0.0 ],
											"rotationX": -5.0,
											"rotationZ": 22.5,
											"faces": {
												"up": { "texture": "#agavekaratto", "uv": [ 0.0, 0.0, 4.0, 16.0 ], "rotation": 180, "windMode": [0,0,9,9] }
											}
										},
										{
											"name": "r lowest frond segment 2 6",
											"from": [ -4.0, 0.0, 0.0 ],
											"to": [ 0.0, 0.0, 16.0 ],
											"shade": false,
											"renderPass": 1,
											"rotationOrigin": [ 0.0, 0.0, 0.0 ],
											"rotationX": -5.0,
											"rotationZ": -22.5,
											"faces": {
												"up": { "texture": "#agavekaratto", "uv": [ 4.0, 0.0, 8.0, 16.0 ], "rotation": 180, "windMode": [9,9,0,0] }
											}
										}
									]
								}
							]
						},
						{
							"name": "second frond 6",
							"from": [ 0.0, 0.3, 1.0 ],
							"to": [ 0.0, 0.3, 1.0 ],
							"rotationOrigin": [ 0.0, 0.3, 1.0 ],
							"rotationX": -25.0,
							"rotationY": 15.0,
							"faces": {
							},
							"children": [
								{
									"name": "l second frond 6",
									"from": [ 0.0, 0.0, 0.0 ],
									"to": [ 4.0, 0.0, 20.0 ],
									"shade": false,
									"renderPass": 1,
									"rotationOrigin": [ 0.0, 0.0, 0.0 ],
									"rotationZ": 45.0,
									"faces": {
										"up": { "texture": "#agavekaratto", "uv": [ 0.0, 12.0, 4.0, 32.0 ], "rotation": 180, "windMode": [0,9,9,0] }
									}
								},
								{
									"name": "r second frond 6",
									"from": [ -4.0, 0.0, 0.0 ],
									"to": [ 0.0, 0.0, 20.0 ],
									"shade": false,
									"renderPass": 1,
									"rotationOrigin": [ 0.0, 0.0, 0.0 ],
									"rotationZ": -45.0,
									"faces": {
										"up": { "texture": "#agavekaratto", "uv": [ 4.0, 12.0, 8.0, 32.0 ], "rotation": 180, "windMode": [9,9,9,0] }
									}
								},
								{
									"name": "second frond segment 2 6",
									"from": [ 0.0, 0.0, 19.6 ],
									"to": [ 0.0, 0.0, 19.6 ],
									"rotationOrigin": [ 0.0, 0.0, 19.6 ],
									"rotationX": 25.0,
									"faces": {
									},
									"children": [
										{
											"name": "l second frond segment 2 6",
											"from": [ 0.0, 0.0, 0.0 ],
											"to": [ 4.0, 0.0, 12.0 ],
											"shade": false,
											"renderPass": 1,
											"rotationOrigin": [ 0.0, 0.0, 0.0 ],
											"rotationX": -5.0,
											"rotationZ": 45.0,
											"faces": {
												"up": { "texture": "#agavekaratto", "uv": [ 0.0, 0.0, 4.0, 12.0 ], "rotation": 180, "windMode": [9,9,9,9] }
											}
										},
										{
											"name": "r second frond segment 2 6",
											"from": [ -4.0, 0.0, 0.0 ],
											"to": [ 0.0, 0.0, 12.0 ],
											"shade": false,
											"renderPass": 1,
											"rotationOrigin": [ 0.0, 0.0, 0.0 ],
											"rotationX": -5.0,
											"rotationZ": -45.0,
											"faces": {
												"up": { "texture": "#agavekaratto", "uv": [ 4.0, 0.0, 8.0, 12.0 ], "rotation": 180, "windMode": [9,9,9,9] }
											}
										}
									]
								}
							]
						},
						{
							"name": "third frond 6",
							"from": [ 0.0, 0.6, 1.0 ],
							"to": [ 0.0, 0.6, 1.0 ],
							"rotationOrigin": [ 0.0, 0.6, 1.0 ],
							"rotationX": -45.0,
							"rotationY": -15.0,
							"faces": {
							},
							"children": [
								{
									"name": "l third frond 6",
									"from": [ 0.0, 0.0, 0.0 ],
									"to": [ 4.0, 0.0, 22.0 ],
									"shade": false,
									"renderPass": 1,
									"rotationOrigin": [ 0.0, 0.0, 0.0 ],
									"rotationZ": 45.0,
									"faces": {
										"up": { "texture": "#agavekaratto", "uv": [ 0.0, 10.0, 4.0, 32.0 ], "rotation": 180, "windMode": [0,9,9,9], "windData": [0,0,1,0] }
									}
								},
								{
									"name": "r third frond 6",
									"from": [ -4.0, 0.0, 0.0 ],
									"to": [ 0.0, 0.0, 22.0 ],
									"shade": false,
									"renderPass": 1,
									"rotationOrigin": [ 0.0, 0.0, 0.0 ],
									"rotationZ": -45.0,
									"faces": {
										"up": { "texture": "#agavekaratto", "uv": [ 4.0, 10.0, 8.0, 32.0 ], "rotation": 180, "windMode": [0,9,9,0], "windData": [0,1,0,0] }
									}
								},
								{
									"name": "third frond segment 2 6",
									"from": [ 0.0, 0.0, 21.5 ],
									"to": [ 0.0, 0.0, 21.5 ],
									"rotationOrigin": [ 0.0, 0.0, 21.5 ],
									"rotationX": 25.0,
									"faces": {
									},
									"children": [
										{
											"name": "l third frond segment 2 6",
											"from": [ 0.0, 0.0, 0.0 ],
											"to": [ 4.0, 0.0, 10.0 ],
											"shade": false,
											"renderPass": 1,
											"rotationOrigin": [ 0.0, 0.0, 0.0 ],
											"rotationX": -5.0,
											"rotationZ": 45.0,
											"faces": {
												"up": { "texture": "#agavekaratto", "uv": [ 0.0, 0.0, 4.0, 10.0 ], "rotation": 180, "windMode": [9,9,9,9], "windData": [0,1,1,1] }
											}
										},
										{
											"name": "r third frond segment 2 6",
											"from": [ -4.0, 0.0, 0.0 ],
											"to": [ 0.0, 0.0, 10.0 ],
											"shade": false,
											"renderPass": 1,
											"rotationOrigin": [ 0.0, 0.0, 0.0 ],
											"rotationX": -5.0,
											"rotationZ": -45.0,
											"faces": {
												"up": { "texture": "#agavekaratto", "uv": [ 4.0, 0.0, 8.0, 10.0 ], "rotation": 180, "windMode": [9,9,9,9], "windData": [1,1,1,0] }
											}
										}
									]
								}
							]
						},
						{
							"name": "fourth frond 6",
							"from": [ 0.0, 0.9, 1.0 ],
							"to": [ 0.0, 0.9, 1.0 ],
							"rotationOrigin": [ 0.0, 0.9, 1.0 ],
							"rotationX": -70.0,
							"faces": {
							},
							"children": [
								{
									"name": "l fourth frond 6",
									"from": [ 0.0, 0.0, 0.0 ],
									"to": [ 4.0, 0.0, 22.0 ],
									"shade": false,
									"renderPass": 1,
									"rotationOrigin": [ 0.0, 0.0, 0.0 ],
									"rotationZ": 45.0,
									"faces": {
										"up": { "texture": "#agavekaratto", "uv": [ 0.0, 10.0, 4.0, 32.0 ], "rotation": 180, "windMode": [0,9,9,0], "windData": [0,1,1,0] }
									}
								},
								{
									"name": "r fourth frond 6",
									"from": [ -4.0, 0.0, 0.0 ],
									"to": [ 0.0, 0.0, 22.0 ],
									"shade": false,
									"renderPass": 1,
									"rotationOrigin": [ 0.0, 0.0, 0.0 ],
									"rotationZ": -45.0,
									"faces": {
										"up": { "texture": "#agavekaratto", "uv": [ 4.0, 10.0, 8.0, 32.0 ], "rotation": 180, "windMode": [0,9,9,0], "windData": [0,1,1,0] }
									}
								},
								{
									"name": "fourth frond segment 2 6",
									"from": [ 0.0, 0.0, 21.5 ],
									"to": [ 0.0, 0.0, 21.5 ],
									"rotationOrigin": [ 0.0, 0.0, 21.5 ],
									"rotationX": 25.0,
									"faces": {
									},
									"children": [
										{
											"name": "l fourth frond segment 2 6",
											"from": [ 0.0, 0.0, 0.0 ],
											"to": [ 4.0, 0.0, 10.0 ],
											"shade": false,
											"renderPass": 1,
											"rotationOrigin": [ 0.0, 0.0, 0.0 ],
											"rotationX": -5.0,
											"rotationZ": 45.0,
											"faces": {
												"up": { "texture": "#agavekaratto", "uv": [ 0.0, 0.0, 4.0, 10.0 ], "rotation": 180, "windMode": [9,9,9,9], "windData": [1,1,1,1] }
											}
										},
										{
											"name": "r fourth frond segment 2 6",
											"from": [ -4.0, 0.0, 0.0 ],
											"to": [ 0.0, 0.0, 10.0 ],
											"shade": false,
											"renderPass": 1,
											"rotationOrigin": [ 0.0, 0.0, 0.0 ],
											"rotationX": -5.0,
											"rotationZ": -45.0,
											"faces": {
												"up": { "texture": "#agavekaratto", "uv": [ 4.0, 0.0, 8.0, 10.0 ], "rotation": 180, "windMode": [9,9,9,9], "windData": [1,1,1,1] }
											}
										}
									]
								}
							]
						}
					]
				},
				{
					"name": "Rotation 7",
					"from": [ 0.0, 0.0, 0.0 ],
					"to": [ 0.0, 0.0, 0.0 ],
					"rotationOrigin": [ 0.0, 0.0, 0.0 ],
					"rotationY": 90.0,
					"faces": {
					},
					"children": [
						{
							"name": "lowest frond 7",
							"from": [ 0.0, 0.0, 1.0 ],
							"to": [ 0.0, 0.0, 1.0 ],
							"rotationOrigin": [ 0.0, 0.0, 1.0 ],
							"rotationX": -15.0,
							"faces": {
							},
							"children": [
								{
									"name": "l lowest frond 7",
									"from": [ 0.0, 0.0, 0.0 ],
									"to": [ 4.0, 0.0, 16.0 ],
									"shade": false,
									"renderPass": 1,
									"rotationOrigin": [ 0.0, 0.0, 0.0 ],
									"rotationZ": 22.5,
									"faces": {
										"up": { "texture": "#agavekaratto", "uv": [ 0.0, 16.0, 4.0, 32.0 ], "rotation": 180, "windMode": [0,9,9,0] }
									}
								},
								{
									"name": "r lowest frond 7",
									"from": [ -4.0, 0.0, 0.0 ],
									"to": [ 0.0, 0.0, 16.0 ],
									"shade": false,
									"renderPass": 1,
									"rotationOrigin": [ 0.0, 0.0, 0.0 ],
									"rotationZ": -22.5,
									"faces": {
										"up": { "texture": "#agavekaratto", "uv": [ 4.0, 16.0, 8.0, 32.0 ], "rotation": 180, "windMode": [0,9,9,0] }
									}
								},
								{
									"name": "lowest frond segment 2 7",
									"from": [ 0.0, 0.0, 15.7 ],
									"to": [ 0.0, 0.0, 15.7 ],
									"rotationOrigin": [ 0.0, 0.0, 15.7 ],
									"rotationX": 15.0,
									"faces": {
									},
									"children": [
										{
											"name": "l lowest frond segment 2 7",
											"from": [ 0.0, 0.0, 0.0 ],
											"to": [ 4.0, 0.0, 16.0 ],
											"shade": false,
											"renderPass": 1,
											"rotationOrigin": [ 0.0, 0.0, 0.0 ],
											"rotationX": -5.0,
											"rotationZ": 22.5,
											"faces": {
												"up": { "texture": "#agavekaratto", "uv": [ 0.0, 0.0, 4.0, 16.0 ], "rotation": 180, "windMode": [9,9,9,9] }
											}
										},
										{
											"name": "r lowest frond segment 2 7",
											"from": [ -4.0, 0.0, 0.0 ],
											"to": [ 0.0, 0.0, 16.0 ],
											"shade": false,
											"renderPass": 1,
											"rotationOrigin": [ 0.0, 0.0, 0.0 ],
											"rotationX": -5.0,
											"rotationZ": -22.5,
											"faces": {
												"up": { "texture": "#agavekaratto", "uv": [ 4.0, 0.0, 8.0, 16.0 ], "rotation": 180, "windMode": [9,9,9,9] }
											}
										}
									]
								}
							]
						},
						{
							"name": "second frond 7",
							"from": [ 0.0, 0.3, 1.0 ],
							"to": [ 0.0, 0.3, 1.0 ],
							"rotationOrigin": [ 0.0, 0.3, 1.0 ],
							"rotationX": -30.0,
							"rotationY": 15.0,
							"faces": {
							},
							"children": [
								{
									"name": "l second frond 7",
									"from": [ 0.0, 0.0, 0.0 ],
									"to": [ 4.0, 0.0, 20.0 ],
									"shade": false,
									"renderPass": 1,
									"rotationOrigin": [ 0.0, 0.0, 0.0 ],
									"rotationZ": 45.0,
									"faces": {
										"up": { "texture": "#agavekaratto", "uv": [ 0.0, 12.0, 4.0, 32.0 ], "rotation": 180, "windMode": [0,9,9,0] }
									}
								},
								{
									"name": "r second frond 7",
									"from": [ -4.0, 0.0, 0.0 ],
									"to": [ 0.0, 0.0, 20.0 ],
									"shade": false,
									"renderPass": 1,
									"rotationOrigin": [ 0.0, 0.0, 0.0 ],
									"rotationZ": -45.0,
									"faces": {
										"up": { "texture": "#agavekaratto", "uv": [ 4.0, 12.0, 8.0, 32.0 ], "rotation": 180, "windMode": [9,9,9,0] }
									}
								},
								{
									"name": "second frond segment 2 7",
									"from": [ 0.0, 0.0, 19.6 ],
									"to": [ 0.0, 0.0, 19.6 ],
									"rotationOrigin": [ 0.0, 0.0, 19.6 ],
									"rotationX": 25.0,
									"faces": {
									},
									"children": [
										{
											"name": "l second frond segment 2 7",
											"from": [ 0.0, 0.0, 0.0 ],
											"to": [ 4.0, 0.0, 12.0 ],
											"shade": false,
											"renderPass": 1,
											"rotationOrigin": [ 0.0, 0.0, 0.0 ],
											"rotationX": -5.0,
											"rotationZ": 45.0,
											"faces": {
												"up": { "texture": "#agavekaratto", "uv": [ 0.0, 0.0, 4.0, 12.0 ], "rotation": 180, "windMode": [9,9,9,9] }
											}
										},
										{
											"name": "r second frond segment 2 7",
											"from": [ -4.0, 0.0, 0.0 ],
											"to": [ 0.0, 0.0, 12.0 ],
											"shade": false,
											"renderPass": 1,
											"rotationOrigin": [ 0.0, 0.0, 0.0 ],
											"rotationX": -5.0,
											"rotationZ": -45.0,
											"faces": {
												"up": { "texture": "#agavekaratto", "uv": [ 4.0, 0.0, 8.0, 12.0 ], "rotation": 180, "windMode": [9,9,9,9] }
											}
										}
									]
								}
							]
						},
						{
							"name": "third frond 7",
							"from": [ 0.0, 0.6, 1.0 ],
							"to": [ 0.0, 0.6, 1.0 ],
							"rotationOrigin": [ 0.0, 0.6, 1.0 ],
							"rotationX": -50.0,
							"rotationY": -15.0,
							"faces": {
							},
							"children": [
								{
									"name": "l third frond 7",
									"from": [ 0.0, 0.0, 0.0 ],
									"to": [ 4.0, 0.0, 22.0 ],
									"shade": false,
									"renderPass": 1,
									"rotationOrigin": [ 0.0, 0.0, 0.0 ],
									"rotationZ": 45.0,
									"faces": {
										"up": { "texture": "#agavekaratto", "uv": [ 0.0, 10.0, 4.0, 32.0 ], "rotation": 180, "windMode": [0,9,9,0], "windData": [0,1,1,0] }
									}
								},
								{
									"name": "r third frond 7",
									"from": [ -4.0, 0.0, 0.0 ],
									"to": [ 0.0, 0.0, 22.0 ],
									"shade": false,
									"renderPass": 1,
									"rotationOrigin": [ 0.0, 0.0, 0.0 ],
									"rotationZ": -45.0,
									"faces": {
										"up": { "texture": "#agavekaratto", "uv": [ 4.0, 10.0, 8.0, 32.0 ], "rotation": 180, "windMode": [0,9,9,0], "windData": [0,1,1,0] }
									}
								},
								{
									"name": "third frond segment 2 7",
									"from": [ 0.0, 0.0, 21.5 ],
									"to": [ 0.0, 0.0, 21.5 ],
									"rotationOrigin": [ 0.0, 0.0, 21.5 ],
									"rotationX": 25.0,
									"faces": {
									},
									"children": [
										{
											"name": "l third frond segment 2 7",
											"from": [ 0.0, 0.0, 0.0 ],
											"to": [ 4.0, 0.0, 10.0 ],
											"shade": false,
											"renderPass": 1,
											"rotationOrigin": [ 0.0, 0.0, 0.0 ],
											"rotationX": -5.0,
											"rotationZ": 45.0,
											"faces": {
												"up": { "texture": "#agavekaratto", "uv": [ 0.0, 0.0, 4.0, 10.0 ], "rotation": 180, "windMode": [9,9,9,9], "windData": [1,1,1,1] }
											}
										},
										{
											"name": "r third frond segment 2 7",
											"from": [ -4.0, 0.0, 0.0 ],
											"to": [ 0.0, 0.0, 10.0 ],
											"shade": false,
											"renderPass": 1,
											"rotationOrigin": [ 0.0, 0.0, 0.0 ],
											"rotationX": -5.0,
											"rotationZ": -45.0,
											"faces": {
												"up": { "texture": "#agavekaratto", "uv": [ 4.0, 0.0, 8.0, 10.0 ], "rotation": 180, "windMode": [9,9,9,9], "windData": [1,1,1,1] }
											}
										}
									]
								}
							]
						},
						{
							"name": "fourth frond 7",
							"from": [ 0.0, 0.9, 1.0 ],
							"to": [ 0.0, 0.9, 1.0 ],
							"rotationOrigin": [ 0.0, 0.9, 1.0 ],
							"rotationX": -75.0,
							"faces": {
							},
							"children": [
								{
									"name": "l fourth frond 7",
									"from": [ 0.0, 0.0, 0.0 ],
									"to": [ 4.0, 0.0, 22.0 ],
									"shade": false,
									"renderPass": 1,
									"rotationOrigin": [ 0.0, 0.0, 0.0 ],
									"rotationZ": 45.0,
									"faces": {
										"up": { "texture": "#agavekaratto", "uv": [ 0.0, 10.0, 4.0, 32.0 ], "rotation": 180, "windMode": [0,9,9,0], "windData": [0,1,1,0] }
									}
								},
								{
									"name": "r fourth frond 7",
									"from": [ -4.0, 0.0, 0.0 ],
									"to": [ 0.0, 0.0, 22.0 ],
									"shade": false,
									"renderPass": 1,
									"rotationOrigin": [ 0.0, 0.0, 0.0 ],
									"rotationZ": -45.0,
									"faces": {
										"up": { "texture": "#agavekaratto", "uv": [ 4.0, 10.0, 8.0, 32.0 ], "rotation": 180, "windMode": [0,9,9,0], "windData": [0,1,1,0] }
									}
								},
								{
									"name": "fourth frond segment 2 7",
									"from": [ 0.0, 0.0, 21.5 ],
									"to": [ 0.0, 0.0, 21.5 ],
									"rotationOrigin": [ 0.0, 0.0, 21.5 ],
									"rotationX": 25.0,
									"faces": {
									},
									"children": [
										{
											"name": "l fourth frond segment 2 7",
											"from": [ 0.0, 0.0, 0.0 ],
											"to": [ 4.0, 0.0, 10.0 ],
											"shade": false,
											"renderPass": 1,
											"rotationOrigin": [ 0.0, 0.0, 0.0 ],
											"rotationX": -5.0,
											"rotationZ": 45.0,
											"faces": {
												"up": { "texture": "#agavekaratto", "uv": [ 0.0, 0.0, 4.0, 10.0 ], "rotation": 180, "windMode": [9,9,9,9], "windData": [1,1,1,1] }
											}
										},
										{
											"name": "r fourth frond segment 2 7",
											"from": [ -4.0, 0.0, 0.0 ],
											"to": [ 0.0, 0.0, 10.0 ],
											"shade": false,
											"renderPass": 1,
											"rotationOrigin": [ 0.0, 0.0, 0.0 ],
											"rotationX": -5.0,
											"rotationZ": -45.0,
											"faces": {
												"up": { "texture": "#agavekaratto", "uv": [ 4.0, 0.0, 8.0, 10.0 ], "rotation": 180, "windMode": [9,9,9,9], "windData": [1,1,1,1] }
											}
										}
									]
								}
							]
						}
					]
				},
				{
					"name": "Rotation 8",
					"from": [ 0.0, 0.0, 0.0 ],
					"to": [ 0.0, 0.0, 0.0 ],
					"rotationOrigin": [ 0.0, 0.0, 0.0 ],
					"rotationY": 45.0,
					"faces": {
					},
					"children": [
						{
							"name": "lowest frond 8",
							"from": [ 0.0, 0.0, 1.0 ],
							"to": [ 0.0, 0.0, 1.0 ],
							"rotationOrigin": [ 0.0, 0.0, 1.0 ],
							"rotationX": -15.0,
							"faces": {
							},
							"children": [
								{
									"name": "l lowest frond 8",
									"from": [ 0.0, 0.0, 0.0 ],
									"to": [ 4.0, 0.0, 16.0 ],
									"shade": false,
									"renderPass": 1,
									"rotationOrigin": [ 0.0, 0.0, 0.0 ],
									"rotationZ": 22.5,
									"faces": {
										"up": { "texture": "#agavekaratto", "uv": [ 0.0, 16.0, 4.0, 32.0 ], "rotation": 180, "windMode": [0,9,9,0] }
									}
								},
								{
									"name": "r lowest frond 8",
									"from": [ -4.0, 0.0, 0.0 ],
									"to": [ 0.0, 0.0, 16.0 ],
									"shade": false,
									"renderPass": 1,
									"rotationOrigin": [ 0.0, 0.0, 0.0 ],
									"rotationZ": -22.5,
									"faces": {
										"up": { "texture": "#agavekaratto", "uv": [ 4.0, 16.0, 8.0, 32.0 ], "rotation": 180, "windMode": [0,9,9,0] }
									}
								},
								{
									"name": "lowest frond segment 2 8",
									"from": [ 0.0, 0.0, 15.7 ],
									"to": [ 0.0, 0.0, 15.7 ],
									"rotationOrigin": [ 0.0, 0.0, 15.7 ],
									"rotationX": 15.0,
									"faces": {
									},
									"children": [
										{
											"name": "l lowest frond segment 2 8",
											"from": [ 0.0, 0.0, 0.0 ],
											"to": [ 4.0, 0.0, 16.0 ],
											"shade": false,
											"renderPass": 1,
											"rotationOrigin": [ 0.0, 0.0, 0.0 ],
											"rotationX": -5.0,
											"rotationZ": 22.5,
											"faces": {
												"up": { "texture": "#agavekaratto", "uv": [ 0.0, 0.0, 4.0, 16.0 ], "rotation": 180, "windMode": [9,9,9,9] }
											}
										},
										{
											"name": "r lowest frond segment 2 8",
											"from": [ -4.0, 0.0, 0.0 ],
											"to": [ 0.0, 0.0, 16.0 ],
											"shade": false,
											"renderPass": 1,
											"rotationOrigin": [ 0.0, 0.0, 0.0 ],
											"rotationX": -5.0,
											"rotationZ": -22.5,
											"faces": {
												"up": { "texture": "#agavekaratto", "uv": [ 4.0, 0.0, 8.0, 16.0 ], "rotation": 180, "windMode": [9,9,9,9] }
											}
										}
									]
								}
							]
						},
						{
							"name": "second frond 8",
							"from": [ 0.0, 0.3, 1.0 ],
							"to": [ 0.0, 0.3, 1.0 ],
							"rotationOrigin": [ 0.0, 0.3, 1.0 ],
							"rotationX": -30.0,
							"rotationY": 15.0,
							"faces": {
							},
							"children": [
								{
									"name": "l second frond 8",
									"from": [ 0.0, 0.0, 0.0 ],
									"to": [ 4.0, 0.0, 20.0 ],
									"shade": false,
									"renderPass": 1,
									"rotationOrigin": [ 0.0, 0.0, 0.0 ],
									"rotationZ": 45.0,
									"faces": {
										"up": { "texture": "#agavekaratto", "uv": [ 0.0, 12.0, 4.0, 32.0 ], "rotation": 180, "windMode": [0,9,9,0] }
									}
								},
								{
									"name": "r second frond 8",
									"from": [ -4.0, 0.0, 0.0 ],
									"to": [ 0.0, 0.0, 20.0 ],
									"shade": false,
									"renderPass": 1,
									"rotationOrigin": [ 0.0, 0.0, 0.0 ],
									"rotationZ": -45.0,
									"faces": {
										"up": { "texture": "#agavekaratto", "uv": [ 4.0, 12.0, 8.0, 32.0 ], "rotation": 180, "windMode": [9,9,9,0] }
									}
								},
								{
									"name": "second frond segment 2 8",
									"from": [ 0.0, 0.0, 19.6 ],
									"to": [ 0.0, 0.0, 19.6 ],
									"rotationOrigin": [ 0.0, 0.0, 19.6 ],
									"rotationX": 25.0,
									"faces": {
									},
									"children": [
										{
											"name": "l second frond segment 2 8",
											"from": [ 0.0, 0.0, 0.0 ],
											"to": [ 4.0, 0.0, 12.0 ],
											"shade": false,
											"renderPass": 1,
											"rotationOrigin": [ 0.0, 0.0, 0.0 ],
											"rotationX": -5.0,
											"rotationZ": 45.0,
											"faces": {
												"up": { "texture": "#agavekaratto", "uv": [ 0.0, 0.0, 4.0, 12.0 ], "rotation": 180, "windMode": [9,9,9,9] }
											}
										},
										{
											"name": "r second frond segment 2 8",
											"from": [ -4.0, 0.0, 0.0 ],
											"to": [ 0.0, 0.0, 12.0 ],
											"shade": false,
											"renderPass": 1,
											"rotationOrigin": [ 0.0, 0.0, 0.0 ],
											"rotationX": -5.0,
											"rotationZ": -45.0,
											"faces": {
												"up": { "texture": "#agavekaratto", "uv": [ 4.0, 0.0, 8.0, 12.0 ], "rotation": 180, "windMode": [9,9,9,9] }
											}
										}
									]
								}
							]
						},
						{
							"name": "third frond 8",
							"from": [ 0.0, 0.6, 1.0 ],
							"to": [ 0.0, 0.6, 1.0 ],
							"rotationOrigin": [ 0.0, 0.6, 1.0 ],
							"rotationX": -50.0,
							"rotationY": -15.0,
							"faces": {
							},
							"children": [
								{
									"name": "l third frond 8",
									"from": [ 0.0, 0.0, 0.0 ],
									"to": [ 4.0, 0.0, 22.0 ],
									"shade": false,
									"renderPass": 1,
									"rotationOrigin": [ 0.0, 0.0, 0.0 ],
									"rotationZ": 45.0,
									"faces": {
										"up": { "texture": "#agavekaratto", "uv": [ 0.0, 10.0, 4.0, 32.0 ], "rotation": 180, "windMode": [0,9,9,0], "windData": [0,1,1,0] }
									}
								},
								{
									"name": "r third frond 8",
									"from": [ -4.0, 0.0, 0.0 ],
									"to": [ 0.0, 0.0, 22.0 ],
									"shade": false,
									"renderPass": 1,
									"rotationOrigin": [ 0.0, 0.0, 0.0 ],
									"rotationZ": -45.0,
									"faces": {
										"up": { "texture": "#agavekaratto", "uv": [ 4.0, 10.0, 8.0, 32.0 ], "rotation": 180, "windMode": [0,9,9,0], "windData": [0,1,1,0] }
									}
								},
								{
									"name": "third frond segment 2 8",
									"from": [ 0.0, 0.0, 21.5 ],
									"to": [ 0.0, 0.0, 21.5 ],
									"rotationOrigin": [ 0.0, 0.0, 21.5 ],
									"rotationX": 25.0,
									"faces": {
									},
									"children": [
										{
											"name": "l third frond segment 2 8",
											"from": [ 0.0, 0.0, 0.0 ],
											"to": [ 4.0, 0.0, 10.0 ],
											"shade": false,
											"renderPass": 1,
											"rotationOrigin": [ 0.0, 0.0, 0.0 ],
											"rotationX": -5.0,
											"rotationZ": 45.0,
											"faces": {
												"up": { "texture": "#agavekaratto", "uv": [ 0.0, 0.0, 4.0, 10.0 ], "rotation": 180, "windMode": [9,9,9,9], "windData": [1,1,1,1] }
											}
										},
										{
											"name": "r third frond segment 2 8",
											"from": [ -4.0, 0.0, 0.0 ],
											"to": [ 0.0, 0.0, 10.0 ],
											"shade": false,
											"renderPass": 1,
											"rotationOrigin": [ 0.0, 0.0, 0.0 ],
											"rotationX": -5.0,
											"rotationZ": -45.0,
											"faces": {
												"up": { "texture": "#agavekaratto", "uv": [ 4.0, 0.0, 8.0, 10.0 ], "rotation": 180, "windMode": [9,9,9,9], "windData": [1,1,1,1] }
											}
										}
									]
								}
							]
						},
						{
							"name": "fourth frond 8",
							"from": [ 0.0, 0.9, 1.0 ],
							"to": [ 0.0, 0.9, 1.0 ],
							"rotationOrigin": [ 0.0, 0.9, 1.0 ],
							"rotationX": -75.0,
							"faces": {
							},
							"children": [
								{
									"name": "l fourth frond 8",
									"from": [ 0.0, 0.0, 0.0 ],
									"to": [ 4.0, 0.0, 22.0 ],
									"shade": false,
									"renderPass": 1,
									"rotationOrigin": [ 0.0, 0.0, 0.0 ],
									"rotationZ": 45.0,
									"faces": {
										"up": { "texture": "#agavekaratto", "uv": [ 0.0, 10.0, 4.0, 32.0 ], "rotation": 180, "windMode": [0,9,9,0], "windData": [0,1,1,0] }
									}
								},
								{
									"name": "r fourth frond 8",
									"from": [ -4.0, 0.0, 0.0 ],
									"to": [ 0.0, 0.0, 22.0 ],
									"shade": false,
									"renderPass": 1,
									"rotationOrigin": [ 0.0, 0.0, 0.0 ],
									"rotationZ": -45.0,
									"faces": {
										"up": { "texture": "#agavekaratto", "uv": [ 4.0, 10.0, 8.0, 32.0 ], "rotation": 180, "windMode": [0,9,9,0], "windData": [0,1,1,0] }
									}
								},
								{
									"name": "fourth frond segment 2 8",
									"from": [ 0.0, 0.0, 21.5 ],
									"to": [ 0.0, 0.0, 21.5 ],
									"rotationOrigin": [ 0.0, 0.0, 21.5 ],
									"rotationX": 25.0,
									"faces": {
									},
									"children": [
										{
											"name": "l fourth frond segment 2 8",
											"from": [ 0.0, 0.0, 0.0 ],
											"to": [ 4.0, 0.0, 10.0 ],
											"shade": false,
											"renderPass": 1,
											"rotationOrigin": [ 0.0, 0.0, 0.0 ],
											"rotationX": -5.0,
											"rotationZ": 45.0,
											"faces": {
												"up": { "texture": "#agavekaratto", "uv": [ 0.0, 0.0, 4.0, 10.0 ], "rotation": 180, "windMode": [9,9,9,9], "windData": [1,1,1,1] }
											}
										},
										{
											"name": "r fourth frond segment 2 8",
											"from": [ -4.0, 0.0, 0.0 ],
											"to": [ 0.0, 0.0, 10.0 ],
											"shade": false,
											"renderPass": 1,
											"rotationOrigin": [ 0.0, 0.0, 0.0 ],
											"rotationX": -5.0,
											"rotationZ": -45.0,
											"faces": {
												"up": { "texture": "#agavekaratto", "uv": [ 4.0, 0.0, 8.0, 10.0 ], "rotation": 180, "windMode": [9,9,9,9], "windData": [1,1,1,1] }
											}
										}
									]
								}
							]
						}
					]
				}
			]
		}
	]}