{
	code: "ingot",
	class: "ItemIngot",
	enabled: false,
	maxstacksize: 16,
	behaviors: [{ 
		name: "GroundStorable",
		properties: {
			layout: 'Stacking',
			placeRemoveSound: 'game:sounds/block/ingot',
			stackingModelByType: {
				"*": 'rottingenimals:block/metal/ingotpile',
			},
			stackingTextures: {
				"metal": "rottingenimals:block/metal/ingot/temporalit"
			},
			modelItemsToStackSizeRatio: 1,
			stackingCapacity: 64,
			transferQuantity: 1,
			bulkTransferQuantity: 4,
			collisionBox: { x1: 0, y1: 0, z1: 0, x2: 1, y2: 0.125, z2: 1 },
			cbScaleYByLayer: 0.125
		}
	}],
	attributes: {
		workableTemperatureByType: {
			"*-temporalit": 1000
		},
		requiresAnvilTierByType: {
			"*-temporalit": 3
		},
		reinforcementStrengthByType: {
			"*-temporalit": 1500
		},
		displaycaseable: true, 
		shelvable: true,
		onshelfTransform: {
			rotation: { x: 0, y: 75, z: 0 }
	}
	},
	variantgroups: [
		{ code: "metal", states: [ "temporalit" ] }
		],
	storageFlags: 5,

	shapeByType: {
		"*": { base: "rottingenimals:item/ingot" },
	},
	/*textures: {
		"metal": { base: "rottingenimals:block/metal/ingot/temporalit" }
	},*/
	creativeinventory: { "general": ["*"], "items": ["*"], "decayingcreatures": ["*"] },
	materialDensityByType: {
		"*-temporalit": 10500
	},
	combustiblePropsByType: {
		"ingot-temporalit": {
			meltingPoint: 1502,
			meltingDuration: 60,
			smeltedRatio: 1,
			smeltedStack: { type: "item", code: "spearexpantion:ingot-temporalit" }
		}
	},
	guiTransform: {
		translation: { x: 2, y: 0, z: 0 },
		rotation: { x: 149, y: -36, z: 0 },
		origin: { x: 0.5, y: 0.1, z: 0.5 },
		scale: 3.5
	},
	fpHandTransform: {
		translation: { x: 0, y: 0.1, z: 0 },
		rotation: { x: 65, y: 21, z: -6 },
		origin: { x: 0.5, y: 0.1, z: 0.5 },
		scale: 2.15
	},
	tpHandTransform: {
		translation: { x: -0.77, y: -0.15, z: -0.64 },
		rotation: { x: 0, y: -71, z: 18 },
		origin: { x: 0.5, y: 0.1, z: 0.5 },
		scale: 0.75
	},
	groundTransform: {
		translation: { x: 0, y: 0, z: 0 },
		rotation: { x: 0, y: 0, z: 0 },
		origin: { x: 0.5, y: 0, z: 0.5 },
		scale: 4.8
	}
}