{
    "code": "dog",
    "class": "EntityAgent",
    "tags": [
        "animal",
        "huntable",
        "predator",
        "ferocious",
        "habitat-land"
    ],
    "variantGroups": [
        {
            "code": "type",
            "states": [
                "wolf",
                "hunting",
                "shepherd",
                "corgi"
            ]
        },
        {
            "code": "age",
            "states": [
                "pup"
            ]
        }
    ],
    "hitboxSizeByType": {
        "*-corgi-pup": {
            "x": 0.6,
            "y": 0.35
        },
        "*": {
            "x": 0.85,
            "y": 0.5
        }
    },
    "deadHitboxSize": {
        "x": 0.75,
        "y": 0.4
    },
    "eyeHeight": 0.4,
    "drops": [],
    "attributes": {
        "minGenerationToAllowHealing": 0
    },
    "client": {
        "renderer": "Shape",
        "sizeByType": {
            "*-corgi-*": 0.7,
            "*": 1
        },
        "shape": {
            "baseByType": {
                "dog-wolf-pup": "game:entity/animal/mammal/wolf/eurasian-baby",
                "dog-corgi-pup": "entity/dog-corgi",
                "*": "entity/dog-{type}-{age}"
            }
        },
        "textureByType": {
            "dog-wolf-pup": {
                "base": "game:entity/animal/mammal/wolf/eurasian-baby1",
                "alternates": [
                    {
                        "base": "game:entity/animal/mammal/wolf/eurasian-baby2"
                    }
                ]
            },
            "dog-corgi-pup": {
                "base": "entity/dog-corgi-1",
                "alternates": [
                    {
                        "base": "entity/dog-corgi-2"
                    },
                    {
                        "base": "entity/dog-corgi-3"
                    },
                    {
                        "base": "entity/dog-corgi-4"
                    }
                ]
            },
            "*": {
                "base": "entity/dog-{type}-pup"
            }
        },
        "size": 0.9,
        "sizeGrowthFactor": 0.2,
        "behaviors": [
            {
                "code": "nametag",
                "showtagonlywhentargeted": true
            },
            {
                "code": "receivecommand",
                "availableCommands": [
                    {
                        "commandName": "sit",
                        "commandType": "SIMPLE",
                        "minObedience": 0.2
                    },
                    {
                        "commandName": "lay",
                        "commandType": "SIMPLE",
                        "minObedience": 0.4
                    },
                    {
                        "commandName": "speak",
                        "commandType": "SIMPLE",
                        "minObedience": 0.6
                    },
                    {
                        "commandName": "followmaster",
                        "commandType": "COMPLEX",
                        "minObedience": 0.8
                    },
                    {
                        "commandName": "stay",
                        "commandType": "COMPLEX",
                        "minObedience": 0.8
                    }
                ]
            },
            {
                "code": "tameable",
                "treat": [
                    {
                        "code": "bone",
                        "progress": 0.1,
                        "cooldown": 1
                    },
                    {
                        "code": "bushmeat-raw",
                        "progress": 0.15,
                        "cooldown": 2
                    },
                    {
                        "code": "redmeat-raw",
                        "progress": 0.3,
                        "cooldown": 3
                    },
                    {
                        "code": "poultry-raw",
                        "progress": 0.3,
                        "cooldown": 3
                    },
                    {
                        "code": "petcookie-meat-perfect",
                        "domain": "petai",
                        "progress": 0.8,
                        "cooldown": 3
                    }
                ]
            },
            {
                "code": "mouthinventory",
                "acceptStacks": [
                    {
                        "type": "item",
                        "code": "bone"
                    },
                    {
                        "type": "item",
                        "code": "bushmeat-raw"
                    },
                    {
                        "type": "item",
                        "code": "redmeat-raw"
                    },
                    {
                        "type": "item",
                        "code": "poultry-raw"
                    },
                    {
                        "type": "item",
                        "code": "wolftaming:dogtoy"
                    },
                    {
                        "type": "item",
                        "code": "petai:petcookie-meat-perfect"
                    }
                ]
            },
            {
                "code": "repulseagents"
            },
            {
                "code": "controlledphysics",
                "stepHeight": 1.1251
            },
            {
                "code": "floatupwhenstuck",
                "onlyWhenDead": true
            },
            {
                "code": "interpolateposition"
            },
            {
                "code": "harvestable"
            },
            {
                "code": "ropetieable",
                "minGeneration": 0
            }
        ],
        "animations": [
            {
                "code": "hurt",
                "animation": "hurt",
                "animationSpeed": 2.2,
                "weight": 10,
                "blendMode": "addAverage"
            },
            {
                "code": "die",
                "animation": "die",
                "animationSpeed": 1.5,
                "weight": 10,
                "blendMode": "average",
                "triggeredBy": {
                    "onControls": [
                        "dead"
                    ]
                }
            },
            {
                "code": "idle",
                "animation": "idle",
                "blendMode": "addAverage",
                "easeOutSpeed": 4,
                "triggeredBy": {
                    "defaultAnim": true
                }
            },
            {
                "code": "sleep",
                "animation": "sleep",
                "easeInSpeed": 4,
                "easeOutSpeed": 4,
                "blendMode": "average"
            },
            {
                "code": "sit",
                "animation": "sit",
                "easeInSpeed": 4,
                "easeOutSpeed": 4,
                "blendMode": "average"
            }
        ]
    },
    "server": {
        "behaviors": [
            {
                "code": "nametag",
                "showtagonlywhentargeted": true
            },
            {
                "code": "receivecommand",
                "availableCommands": [
                    {
                        "commandName": "sit",
                        "commandType": "SIMPLE",
                        "minObedience": 0.2
                    },
                    {
                        "commandName": "lay",
                        "commandType": "SIMPLE",
                        "minObedience": 0.4
                    },
                    {
                        "commandName": "speak",
                        "commandType": "SIMPLE",
                        "minObedience": 0.6
                    },
                    {
                        "commandName": "followmaster",
                        "commandType": "COMPLEX",
                        "minObedience": 0.8
                    },
                    {
                        "commandName": "stay",
                        "commandType": "COMPLEX",
                        "minObedience": 0.8
                    }
                ]
            },
            {
                "code": "tameable",
                "size": "small",
                "disobediencePerDay": 0.1,
                "treat": [
                    {
                        "code": "bone",
                        "progress": 0.1,
                        "cooldown": 1
                    },
                    {
                        "code": "bushmeat-raw",
                        "progress": 0.15,
                        "cooldown": 2
                    },
                    {
                        "code": "redmeat-raw",
                        "progress": 0.3,
                        "cooldown": 3
                    },
                    {
                        "code": "poultry-raw",
                        "progress": 0.3,
                        "cooldown": 3
                    },
                    {
                        "code": "petcookie-meat-perfect",
                        "domain": "petai",
                        "progress": 0.8,
                        "cooldown": 3
                    }
                ]
            },
            {
                "code": "mouthinventory",
                "acceptStacks": [
                    {
                        "type": "item",
                        "code": "bone"
                    },
                    {
                        "type": "item",
                        "code": "bushmeat-raw"
                    },
                    {
                        "type": "item",
                        "code": "redmeat-raw"
                    },
                    {
                        "type": "item",
                        "code": "poultry-raw"
                    },
                    {
                        "type": "item",
                        "code": "wolftaming:dogtoy"
                    },
                    {
                        "type": "item",
                        "code": "petai:petcookie-meat-perfect"
                    }
                ]
            },
            {
                "code": "repulseagents"
            },
            {
                "code": "controlledphysics",
                "stepHeight": 1.1251
            },
            {
                "code": "health",
                "currenthealth": 5,
                "maxhealth": 5
            },
            {
                "code": "deaddecay",
                "hoursToDecay": 96,
                "decayedBlock": "carcass-small"
            },
            {
                "code": "floatupwhenstuck",
                "onlyWhenDead": true
            },
            {
                "code": "harvestable",
                "drops": []
            },
            {
                "code": "breathe"
            },
            {
                "code": "emotionstates",
                "states": [
                    {
                        "code": "alarmherdondamage",
                        "chance": 1,
                        "slot": 1,
                        "priority": 1,
                        "accumType": "max"
                    }
                ]
            },
            {
                "hoursToGrow": 336,
                "adultEntityCodes": [
                    "wolftaming:dog-{type}-male",
                    "wolftaming:dog-{type}-female"
                ],
                "code": "raisable"
            },
            {
                "code": "taskai",
                "aiCreatureType": "LandCreature",
                "aitasks": [
                    {
                        "code": "simplecommand",
                        "priority": 3,
                        "minduration": 5000,
                        "maxduration": 15000,
                        "priorityForCancel": 1.5,
                        "animation": "Sit",
                        "command": "sit"
                    },
                    {
                        "code": "simplecommand",
                        "priority": 3,
                        "minduration": 10000,
                        "maxduration": 30000,
                        "priorityForCancel": 1.5,
                        "animation": "Lie",
                        "command": "lay"
                    },
                    {
                        "code": "simplecommand",
                        "priority": 3,
                        "minduration": 2000,
                        "maxduration": 3000,
                        "priorityForCancel": 3.1,
                        "animation": "Howl",
                        "command": "speak",
                        "sound": "game:creature/wolf/pup-flop"
                    },
                    {
                        "code": "playfetch",
                        "priority": 2.2,
                        "priorityForCancel": 2.1,
                        "movespeed": 0.02,
                        "animationSpeed": 4,
                        "animation": "Run"
                    },
                    {
                        "code": "followmaster",
                        "priority": 1.6,
                        "command": "followmaster",
                        "movespeed": 0.02,
                        "animationSpeed": 4,
                        "maxDistance": 15,
                        "searchRange": 25,
                        "animation": "Run",
                        "allowTeleport": true
                    },
                    {
                        "code": "stay",
                        "priority": 1.6,
                        "command": "stay",
                        "maxDistance": 3,
                        "searchRange": 40,
                        "movespeed": 0.004,
                        "animationSpeed": 2,
                        "animation": "Walk"
                    },
                    {
                        "code": "stayclosetoentity",
                        "priority": 1.5,
                        "entityCode": "dog-{type}-female",
                        "movespeed": 0.02,
                        "animationSpeed": 4,
                        "maxDistance": 15,
                        "searchRange": 25,
                        "animation": "Run"
                    },
                    {
                        "code": "getoutofwater",
                        "priority": 1.45,
                        "movespeed": 0.015,
                        "animation": "Walk",
                        "animationSpeed": 2.2
                    },
                    {
                        "code": "seeknest",
                        "priority": 1.4,
                        "duringDayTimeFrames": [
                            {
                                "fromHour": 10,
                                "toHour": 18
                            },
                            {
                                "fromHour": 1,
                                "toHour": 3
                            }
                        ],
                        "movespeed": 0.004,
                        "animationSpeed": 2,
                        "animation": "Walk"
                    },
                    {
                        "code": "idle",
                        "priority": 1.35,
                        "priorityForCancel": 1.35,
                        "minduration": 200000,
                        "maxduration": 800000,
                        "mincooldown": 10000,
                        "maxcooldown": 30000,
                        "animation": "Sleep",
                        "whenNotInEmotionState": "aggressiveondamage",
                        "duringDayTimeFrames": [
                            {
                                "fromHour": 10,
                                "toHour": 18
                            },
                            {
                                "fromHour": 1,
                                "toHour": 3
                            }
                        ],
                        "stopOnNearbyEntityCodes": [
                            "drifter-*"
                        ],
                        "stopRange": 6,
                        "stopOnHurt": true
                    },
                    {
                        "code": "idle",
                        "priority": 1.3,
                        "priorityForCancel": 1.35,
                        "minduration": 2500,
                        "maxduration": 2500,
                        "mincooldown": 10000,
                        "maxcooldown": 50000,
                        "animation": "Sniff",
                        "animationSpeed": 0.8
                    },
                    {
                        "code": "idle",
                        "priority": 1.31,
                        "priorityForCancel": 1.35,
                        "minduration": 1500,
                        "maxduration": 1500,
                        "mincooldown": 50000,
                        "maxcooldown": 300000,
                        "animation": "Howl",
                        "animationSpeed": 0.8,
                        "sound": "game:creature/wolf/pup-howl"
                    },
                    {
                        "code": "idle",
                        "priority": 1.32,
                        "priorityForCancel": 1.35,
                        "minduration": 2830,
                        "maxduration": 2830,
                        "mincooldown": 80000,
                        "maxcooldown": 200000,
                        "animation": "Flop",
                        "sound": "game:creature/wolf/pup-flop"
                    },
                    {
                        "code": "wander",
                        "priority": 1.0,
                        "priorityForCancel": 1.35,
                        "movespeed": 0.004,
                        "animationSpeed": 2,
                        "animation": "Walk",
                        "preferredLightLevel": 18
                    },
                    {
                        "code": "useinventory",
                        "animation": "eat",
                        "animationSpeed": 0.75,
                        "priority": 2.3,
                        "priorityForCancel": 2.4,
                        "eatItemCategories": [
                            "Protein"
                        ],
                        "eatItemCodes": [
                            "bone",
                            "bushmeat-raw",
                            "redmeat-raw",
                            "poultry-raw",
                            "petai:petcookie-meat-perfect"
                        ],
                        "useTime": 1.5,
                        "mincooldownHours": 0.1,
                        "maxcooldownHours": 0.2
                    },
                    {
                        "code": "idle",
                        "priority": 0.9,
                        "minduration": 5000,
                        "maxduration": 30000,
                        "mincooldown": 2000,
                        "maxcooldown": 120000,
                        "priorityForCancel": 1.35,
                        "animation": "Sit"
                    },
                    {
                        "code": "happydance",
                        "priority": 1.4,
                        "priorityForCancel": 1.4,
                        "minduration": 4000,
                        "maxduration": 10000,
                        "initialMinCoolDown": 0,
                        "initialMaxCoolDown": 0,
                        "mincooldown": 10000,
                        "maxcooldown": 20000,
                        "animation": "Tippytaps"
                    },
                    {
                        "code": "lookaround",
                        "priority": 0.5
                    }
                ]
            },
            {
                "code": "ropetieable",
                "minGeneration": 0
            },
            {
                "code": "pettableextended",
                "minGeneration": 0
            }
        ]
    },
    "sounds": {
        "hurt": "game:creature/wolf/pup-hurt",
        "death": "game:creature/wolf/pup-hurt",
        "idle": "game:creature/wolf/pup-bark"
    },
    "idleSoundChance": 0.01
}