{
	"editor": {
		"allAngles": false,
		"entityTextureMode": false
	},
	"textureWidth": 24,
	"textureHeight": 48,
	"textureSizes": {
		"foliage1": [24,48]
	},
	"textures": {
		"foliage1": "block/plant/reeds/phragmitesaustralis1"
	},
	"elements": [
		{
			"name": "grass 1",
			"from": [ -3.0, 0.0, 8.0 ],
			"to": [ 19.0, 48.0, 8.0 ],
			"shade": false,
			"renderPass": 1,
			"rotationOrigin": [ 8.0, 0.0, 8.0 ],
			"rotationY": -45.0,
			"faces": {
				"north": { "texture": "#foliage1", "uv": [ 0.5, 0.0, 22.5, 48.0 ], "windMode": [0,2,2,0], "windData": [0,3,3,0] }
			}
		},
		{
			"name": "grass 2",
			"from": [ -3.0, 0.0, 8.0 ],
			"to": [ 19.0, 48.0, 8.0 ],
			"shade": false,
			"renderPass": 1,
			"rotationOrigin": [ 8.0, 0.0, 8.0 ],
			"rotationY": 45.0,
			"faces": {
				"north": { "texture": "#foliage1", "uv": [ 0.0, 0.0, 22.0, 48.0 ], "windMode": [0,2,2,0], "windData": [0,3,3,0] }
			}
		},
		{
			"name": "grass 3",
			"from": [ -2.0, 0.0, 11.0 ],
			"to": [ 20.0, 48.0, 11.0 ],
			"shade": false,
			"renderPass": 1,
			"rotationOrigin": [ 7.0, 0.0, 11.0 ],
			"rotationX": 12.0,
			"faces": {
				"north": { "texture": "#foliage1", "uv": [ 0.5, 0.0, 22.5, 48.0 ], "windMode": [0,2,2,0], "windData": [0,2,2,0] }
			}
		},
		{
			"name": "grass 4",
			"from": [ 4.0, 0.0, -3.0 ],
			"to": [ 4.0, 48.0, 19.0 ],
			"shade": false,
			"renderPass": 1,
			"rotationOrigin": [ 4.0, 0.0, 6.0 ],
			"rotationZ": 12.0,
			"faces": {
				"west": { "texture": "#foliage1", "uv": [ 1.0, 0.0, 23.0, 48.0 ], "windMode": [0,0,2,2], "windData": [0,0,2,2] }
			}
		},
		{
			"name": "grass 5",
			"from": [ -2.0, 0.0, 5.0 ],
			"to": [ 20.0, 48.0, 5.0 ],
			"shade": false,
			"renderPass": 1,
			"rotationOrigin": [ 7.0, 0.0, 5.0 ],
			"rotationX": -12.0,
			"faces": {
				"north": { "texture": "#foliage1", "uv": [ 0.5, 0.0, 22.5, 48.0 ], "windMode": [0,2,2,0], "windData": [0,2,2,0] }
			}
		},
		{
			"name": "grass 6",
			"from": [ 12.0, 0.0, -3.0 ],
			"to": [ 12.0, 48.0, 19.0 ],
			"shade": false,
			"renderPass": 1,
			"rotationOrigin": [ 12.0, 0.0, 6.0 ],
			"rotationZ": -12.0,
			"faces": {
				"west": { "texture": "#foliage1", "uv": [ 1.0, 0.0, 23.0, 48.0 ], "windMode": [0,0,2,2], "windData": [0,0,2,2] }
			}
		}
	]}