{
	"editor": {
		"backDropShape": "game:entity/humanoid/seraph",
		"allAngles": true,
		"entityTextureMode": false
	},
	"textureWidth": 8,
	"textureHeight": 8,
	"textureSizes": {
	},
	"textures": {
		"reedrope": "game:block/cloth/ropedcloth",
		"birch": "item/resource/seeds/populusalba"
	},
	"elements": [
		{
			"name": "hideme",
			"stepParentName": "UpperTorso",
			"from": [ 2.0, 5.0, 3.0 ],
			"to": [ 2.0, 5.0, 3.0 ],
			"rotationOrigin": [ 2.0, 5.0, 3.0 ],
			"faces": {
			},
			"children": [
				{
					"name": "string back",
					"from": [ 2.2, 0.2, -1.4 ],
					"to": [ 2.4, 0.4, 1.6 ],
					"rotationOrigin": [ 2.3, 0.3, 0.1 ],
					"rotationZ": 45.0,
					"faces": {
						"north": { "texture": "#reedrope", "uv": [ 0.0, 0.0, 0.25, 0.25 ] },
						"east": { "texture": "#reedrope", "uv": [ 0.0, 0.0, 3.0, 0.25 ] },
						"south": { "texture": "#reedrope", "uv": [ 0.0, 0.0, 0.25, 0.25 ] },
						"west": { "texture": "#reedrope", "uv": [ 0.0, 0.0, 3.0, 0.25 ] },
						"up": { "texture": "#reedrope", "uv": [ 0.0, 0.0, 0.25, 3.0 ] },
						"down": { "texture": "#reedrope", "uv": [ 0.0, 0.0, 0.25, 3.0 ] }
					}
				},
				{
					"name": "string R2",
					"from": [ -1.0, 0.2, -1.5 ],
					"to": [ 2.3, 0.4, -1.3 ],
					"rotationOrigin": [ 0.4, 0.3, -1.4 ],
					"rotationX": 45.0,
					"faces": {
						"north": { "texture": "#reedrope", "uv": [ 0.0, 0.0, 3.25, 0.25 ] },
						"east": { "texture": "#reedrope", "uv": [ 0.0, 0.0, 0.25, 0.25 ] },
						"south": { "texture": "#reedrope", "uv": [ 0.0, 0.0, 3.25, 0.25 ] },
						"west": { "texture": "#reedrope", "uv": [ 0.0, 0.0, 0.25, 0.25 ] },
						"up": { "texture": "#reedrope", "uv": [ 0.0, 0.0, 3.25, 0.25 ] },
						"down": { "texture": "#reedrope", "uv": [ 0.0, 0.0, 3.25, 0.25 ] }
					}
				},
				{
					"name": "string L2",
					"from": [ -1.0, 0.2, 1.5 ],
					"to": [ 2.3, 0.4, 1.7 ],
					"rotationOrigin": [ 0.4, 0.3, 1.6 ],
					"rotationX": 45.0,
					"faces": {
						"north": { "texture": "#reedrope", "uv": [ 0.0, 0.0, 3.25, 0.25 ] },
						"east": { "texture": "#reedrope", "uv": [ 0.0, 0.0, 0.25, 0.25 ] },
						"south": { "texture": "#reedrope", "uv": [ 0.0, 0.0, 3.25, 0.25 ] },
						"west": { "texture": "#reedrope", "uv": [ 0.0, 0.0, 0.25, 0.25 ] },
						"up": { "texture": "#reedrope", "uv": [ 0.0, 0.0, 3.25, 0.25 ] },
						"down": { "texture": "#reedrope", "uv": [ 0.0, 0.0, 3.25, 0.25 ] }
					}
				},
				{
					"name": "string R3",
					"from": [ -2.3, -0.1, -1.0 ],
					"to": [ -0.8, 0.1, -0.8 ],
					"rotationOrigin": [ -1.8, 0.0, -0.9 ],
					"rotationY": 33.0,
					"rotationZ": 17.0,
					"faces": {
						"north": { "texture": "#reedrope", "uv": [ 0.0, 0.0, 1.5, 0.25 ] },
						"east": { "texture": "#reedrope", "uv": [ 0.0, 0.0, 0.25, 0.25 ] },
						"south": { "texture": "#reedrope", "uv": [ 0.0, 0.0, 1.5, 0.25 ] },
						"west": { "texture": "#reedrope", "uv": [ 0.0, 0.0, 0.25, 0.25 ] },
						"up": { "texture": "#reedrope", "uv": [ 0.0, 0.0, 1.5, 0.25 ] },
						"down": { "texture": "#reedrope", "uv": [ 0.0, 0.0, 1.5, 0.25 ] }
					}
				},
				{
					"name": "string L",
					"from": [ -2.3, -0.1, 1.0 ],
					"to": [ -0.8, 0.1, 1.2 ],
					"rotationOrigin": [ -1.8, 0.0, 1.1 ],
					"rotationY": -33.0,
					"rotationZ": 17.0,
					"faces": {
						"north": { "texture": "#reedrope", "uv": [ 0.0, 0.0, 1.5, 0.25 ] },
						"east": { "texture": "#reedrope", "uv": [ 0.0, 0.0, 0.25, 0.25 ] },
						"south": { "texture": "#reedrope", "uv": [ 0.0, 0.0, 1.5, 0.25 ] },
						"west": { "texture": "#reedrope", "uv": [ 0.0, 0.0, 0.25, 0.25 ] },
						"up": { "texture": "#reedrope", "uv": [ 0.0, 0.0, 1.5, 0.25 ] },
						"down": { "texture": "#reedrope", "uv": [ 0.0, 0.0, 1.5, 0.25 ] }
					}
				},
				{
					"name": "breasts",
					"from": [ -2.0, -2.0, -1.0 ],
					"to": [ -2.0, 0.0, 1.0 ],
					"rotationOrigin": [ -2.0, 0.0, 0.0 ],
					"faces": {
					},
					"children": [
						{
							"name": "seedbase",
							"from": [ -0.8, -1.0, 0.7 ],
							"to": [ 0.0, 0.5, 1.5 ],
							"rotationOrigin": [ -0.4, 0.5, 1.1 ],
							"rotationX": -9.0,
							"rotationY": -45.0,
							"rotationZ": -10.0,
							"faces": {
							},
							"children": [
								{
									"name": "string R1",
									"from": [ 0.2, 1.5, 0.1 ],
									"to": [ 0.4, 3.0, 0.3 ],
									"rotationOrigin": [ 0.3, 1.5, 0.2 ],
									"rotationX": -15.0,
									"rotationZ": 15.0,
									"faces": {
										"north": { "texture": "#reedrope", "uv": [ 0.0, 0.0, 0.25, 1.5 ] },
										"east": { "texture": "#reedrope", "uv": [ 0.0, 0.0, 0.25, 1.5 ] },
										"south": { "texture": "#reedrope", "uv": [ 0.0, 0.0, 0.25, 1.5 ] },
										"west": { "texture": "#reedrope", "uv": [ 0.0, 0.0, 0.25, 1.5 ] }
									}
								},
								{
									"name": "string L1",
									"from": [ 0.5, 1.5, 0.5 ],
									"to": [ 0.7, 3.0, 0.7 ],
									"rotationOrigin": [ 0.6, 1.5, 0.6 ],
									"rotationX": 15.0,
									"rotationZ": -15.0,
									"faces": {
										"north": { "texture": "#reedrope", "uv": [ 0.0, 0.0, 0.25, 1.5 ] },
										"east": { "texture": "#reedrope", "uv": [ 0.0, 0.0, 0.25, 1.5 ] },
										"south": { "texture": "#reedrope", "uv": [ 0.0, 0.0, 0.25, 1.5 ] },
										"west": { "texture": "#reedrope", "uv": [ 0.0, 0.0, 0.25, 1.5 ] }
									}
								},
								{
									"name": "string knot",
									"from": [ 0.2, 1.3, 0.2 ],
									"to": [ 0.6, 1.7, 0.6 ],
									"rotationOrigin": [ 0.3, 1.3, 0.3 ],
									"faces": {
										"north": { "texture": "#reedrope", "uv": [ 0.0, 0.0, 0.5, 0.5 ] },
										"east": { "texture": "#reedrope", "uv": [ 0.0, 0.0, 0.5, 0.5 ] },
										"south": { "texture": "#reedrope", "uv": [ 0.0, 0.0, 0.5, 0.5 ] },
										"west": { "texture": "#reedrope", "uv": [ 0.0, 0.0, 0.5, 0.5 ] },
										"up": { "texture": "#reedrope", "uv": [ 0.0, 0.0, 0.5, 0.5 ], "windMode": [-1,-1,-1,-1] }
									}
								},
								{
									"name": "origin",
									"from": [ 0.2, 0.2, 0.3 ],
									"to": [ 0.2, 0.2, 0.3 ],
									"rotationOrigin": [ 0.2, 0.2, 0.3 ],
									"rotationY": 58.0,
									"rotationZ": 94.0,
									"faces": {
									},
									"children": [
										{
											"name": "birch",
											"from": [ -0.125, -0.375, -0.025 ],
											"to": [ 0.125, 0.625, 0.225 ],
											"rotationOrigin": [ 0.0, 0.125, 0.1 ],
											"rotationX": 66.0,
											"rotationY": -3.0,
											"rotationZ": -69.0,
											"faces": {
												"north": { "texture": "#birch", "uv": [ 3.5, 1.5, 4.5, 5.5 ], "autoUv": false },
												"east": { "texture": "#birch", "uv": [ 3.5, 3.5, 4.5, 7.5 ], "autoUv": false },
												"south": { "texture": "#birch", "uv": [ 3.5, 2.5, 4.5, 6.5 ], "autoUv": false },
												"west": { "texture": "#birch", "uv": [ 4.0, 3.5, 5.0, 7.5 ], "autoUv": false },
												"up": { "texture": "#birch", "uv": [ 3.0, 4.0, 4.0, 5.0 ], "autoUv": false },
												"down": { "texture": "#birch", "uv": [ 3.5, 4.0, 4.5, 5.0 ], "autoUv": false }
											},
											"children": [
												{
													"name": "down",
													"from": [ 0.025, -0.7, 0.025 ],
													"to": [ 0.225, 0.05, 0.225 ],
													"rotationOrigin": [ 0.125, 0.05, 0.125 ],
													"rotationZ": 22.5,
													"faces": {
														"north": { "texture": "#birch", "uv": [ 4.0, 3.5, 4.5, 6.5 ], "autoUv": false },
														"east": { "texture": "#birch", "uv": [ 4.5, 4.0, 5.0, 7.0 ], "autoUv": false },
														"south": { "texture": "#birch", "uv": [ 4.0, 3.5, 4.5, 6.5 ], "autoUv": false },
														"west": { "texture": "#birch", "uv": [ 4.0, 2.5, 4.5, 5.5 ], "autoUv": false },
														"down": { "texture": "#birch", "uv": [ 3.5, 3.5, 4.0, 4.0 ], "autoUv": false }
													},
													"children": [
														{
															"name": "pane5",
															"from": [ 0.1, 0.0, 0.1 ],
															"to": [ 0.3, 0.75, 0.1 ],
															"rotationOrigin": [ 0.1, 0.0, 0.1 ],
															"rotationY": -45.0,
															"faces": {
																"north": { "texture": "#birch", "uv": [ 2.5, 3.0, 3.0, 6.0 ], "autoUv": false }
															}
														},
														{
															"name": "pane6",
															"from": [ 0.1, 0.0, 0.1 ],
															"to": [ 0.3, 0.75, 0.1 ],
															"rotationOrigin": [ 0.1, 0.0, 0.1 ],
															"rotationY": -135.0,
															"faces": {
																"north": { "texture": "#birch", "uv": [ 2.5, 3.0, 3.0, 6.0 ], "autoUv": false }
															}
														},
														{
															"name": "pane7",
															"from": [ 0.1, 0.0, 0.1 ],
															"to": [ 0.3, 0.75, 0.1 ],
															"rotationOrigin": [ 0.1, 0.0, 0.1 ],
															"rotationY": 135.0,
															"faces": {
																"north": { "texture": "#birch", "uv": [ 2.5, 3.0, 3.0, 6.0 ], "autoUv": false }
															}
														},
														{
															"name": "pane8",
															"from": [ 0.1, 0.0, 0.1 ],
															"to": [ 0.3, 0.75, 0.1 ],
															"rotationOrigin": [ 0.1, 0.0, 0.1 ],
															"rotationY": 45.0,
															"faces": {
																"north": { "texture": "#birch", "uv": [ 2.5, 3.0, 3.0, 6.0 ], "autoUv": false }
															}
														}
													]
												},
												{
													"name": "up",
													"from": [ 0.0, 0.925, 0.025 ],
													"to": [ 0.2, 1.425, 0.225 ],
													"rotationOrigin": [ 0.1, 0.925, 0.125 ],
													"rotationZ": -22.5,
													"faces": {
														"north": { "texture": "#birch", "uv": [ 3.5, 3.5, 4.0, 5.5 ], "autoUv": false },
														"east": { "texture": "#birch", "uv": [ 3.5, 1.5, 4.0, 3.5 ], "autoUv": false },
														"south": { "texture": "#birch", "uv": [ 3.0, 5.0, 3.5, 7.0 ], "autoUv": false },
														"west": { "texture": "#birch", "uv": [ 3.0, 2.5, 3.5, 4.5 ], "autoUv": false },
														"up": { "texture": "#birch", "uv": [ 3.5, 2.5, 4.0, 3.0 ], "autoUv": false }
													},
													"children": [
														{
															"name": "stem",
															"from": [ 0.05, 0.475, 0.05 ],
															"to": [ 0.15, 0.975, 0.15 ],
															"rotationOrigin": [ 0.1, 0.475, 0.1 ],
															"rotationY": -22.5,
															"rotationZ": -22.5,
															"faces": {
																"north": { "texture": "#birch", "uv": [ 6.5, 1.0, 7.0, 3.0 ], "autoUv": false },
																"east": { "texture": "#birch", "uv": [ 7.0, 1.5, 7.5, 3.5 ], "autoUv": false },
																"south": { "texture": "#birch", "uv": [ 7.0, 2.0, 7.5, 4.0 ], "autoUv": false },
																"west": { "texture": "#birch", "uv": [ 7.0, 1.5, 7.5, 3.5 ], "autoUv": false },
																"up": { "texture": "#birch", "uv": [ 7.5, 1.5, 8.0, 2.0 ], "autoUv": false }
															}
														}
													]
												},
												{
													"name": "pane1",
													"from": [ 0.125, 0.0, 0.125 ],
													"to": [ 0.375, 1.0, 0.125 ],
													"rotationOrigin": [ 0.125, 0.0, 0.125 ],
													"rotationY": 45.0,
													"faces": {
														"north": { "texture": "#birch", "uv": [ 2.5, 2.0, 3.5, 6.0 ], "autoUv": false }
													}
												},
												{
													"name": "pane2",
													"from": [ 0.125, 0.0, 0.125 ],
													"to": [ 0.375, 1.0, 0.125 ],
													"rotationOrigin": [ 0.125, 0.0, 0.125 ],
													"rotationY": -45.0,
													"faces": {
														"north": { "texture": "#birch", "uv": [ 2.5, 2.0, 3.5, 6.0 ], "autoUv": false }
													}
												},
												{
													"name": "pane3",
													"from": [ 0.125, 0.0, 0.125 ],
													"to": [ 0.375, 1.0, 0.125 ],
													"rotationOrigin": [ 0.125, 0.0, 0.125 ],
													"rotationY": -135.0,
													"faces": {
														"north": { "texture": "#birch", "uv": [ 2.5, 2.0, 3.5, 6.0 ], "autoUv": false }
													}
												},
												{
													"name": "pane4",
													"from": [ 0.125, 0.0, 0.125 ],
													"to": [ 0.375, 1.0, 0.125 ],
													"rotationOrigin": [ 0.125, 0.0, 0.125 ],
													"rotationY": 135.0,
													"faces": {
														"north": { "texture": "#birch", "uv": [ 2.5, 2.0, 3.5, 6.0 ], "autoUv": false }
													}
												}
											]
										}
									]
								}
							]
						}
					]
				}
			]
		}
	]}