[
  {
    "enabled": true,
    "op": "add",
    "path": "/drops/-",
    "value": {
      "type": "item",
      "codeByType": {
        "*-medium": "butchering:strongbone",
        "*-large": "butchering:strongbone",
        "*": "butchering:strongbone"
      },
      "quantityByType": {
        "*-medium": {
          "avg": 1.6,
          "var": 0.2
        },
        "*-large": {
          "avg": 2.6,
          "var": 0.4
        },
        "*": {
          "avg": 0,
          "var": 0
        }
      }
    },
    "file": "game:blocktypes/bone/carcass.json"
  },
  {
    "enabled": false,
    "op": "add",
    "path": "/behaviors/0/properties/ctrlKey",
    "value": true,
    "file": "game:itemtypes/resource/bone.json"
  },
  {
    "enabled": false,
    "op": "add",
    "path": "/attributes/knappable",
    "value": true,
    "file": "game:itemtypes/resource/bone.json"
  },
  {
    "enabled": false,
    "op": "remove",
    "path": "/behaviors/0",
    "file": "game:itemtypes/resource/bone.json"
  },
  {
    "enabled": true,
    "op": "add",
    "path": "/textures/strongbone",
    "value": { "base": "block/creature/bone/bone3" },
    "file": "game:blocktypes/stone/knappingsurface.json"
  }
]