{
	"editor": {
		"backDropShape": "entity/humanoid/seraph-faceless",
		"collapsedPaths": "",
		"allAngles": true,
		"entityTextureMode": false
	},
	"textureWidth": 48,
	"textureHeight": 48,
	"textureSizes": {
		"hair": [48,48]
	},
	"textures": {
		"hair": "CHARmod/hair"
	},
	"elements": [
		{
			"name": "hidefacialhair",
			"stepParentName": "Head",
			"from": [ -0.01, -0.01, -0.01 ],
			"to": [ 1.99, 0.49, 5.01 ],
			"rotationOrigin": [ 0.2, 1.0, -0.1 ],
			"faces": {
				"north": { "texture": "#hair", "uv": [ 25.0, 0.0, 27.0, 0.5 ], "rotation": 180 },
				"south": { "texture": "#hair", "uv": [ 25.0, 5.5, 27.0, 6.0 ] },
				"west": { "texture": "#hair", "uv": [ 24.5, 0.5, 25.0, 5.5 ], "rotation": 270 },
				"up": { "texture": "#hair", "uv": [ 25.0, 0.5, 27.0, 5.5 ] },
				"down": { "texture": "#hair", "uv": [ 27.0, 0.5, 29.0, 5.5 ] }
			},
			"children": [
				{
					"name": "5oclockshadow2",
					"from": [ 0.0, 0.5, -0.01 ],
					"to": [ 2.0, 1.0, 1.49 ],
					"rotationOrigin": [ 0.21, 1.51, -0.09 ],
					"faces": {
						"north": { "texture": "#hair", "uv": [ 21.0, 0.0, 23.0, 0.5 ], "rotation": 180 },
						"west": { "texture": "#hair", "uv": [ 20.5, 0.5, 21.0, 2.0 ], "rotation": 270 },
						"up": { "texture": "#hair", "uv": [ 21.0, 0.5, 23.0, 2.0 ] },
						"down": { "texture": "#hair", "uv": [ 23.0, 0.5, 25.0, 2.0 ] }
					}
				},
				{
					"name": "5oclockshadow3",
					"from": [ 0.0, 0.5, 3.52 ],
					"to": [ 2.0, 1.0, 5.02 ],
					"rotationOrigin": [ 0.21, 1.51, 3.41 ],
					"faces": {
						"south": { "texture": "#hair", "uv": [ 21.0, 1.5, 23.0, 2.0 ] },
						"west": { "texture": "#hair", "uv": [ 20.5, 0.0, 21.0, 1.5 ], "rotation": 270 },
						"up": { "texture": "#hair", "uv": [ 21.0, 0.0, 23.0, 1.5 ] },
						"down": { "texture": "#hair", "uv": [ 23.0, 0.0, 25.0, 1.5 ] }
					}
				},
				{
					"name": "5oclockshadow4",
					"from": [ 0.0, 1.0, 0.0 ],
					"to": [ 2.0, 1.5, 5.02 ],
					"rotationOrigin": [ 0.0, 1.6, 0.0 ],
					"faces": {
						"north": { "texture": "#hair", "uv": [ 37.0, 0.0, 39.0, 0.5 ], "rotation": 180 },
						"south": { "texture": "#hair", "uv": [ 37.0, 5.5, 39.0, 6.0 ] },
						"west": { "texture": "#hair", "uv": [ 36.5, 0.5, 37.0, 5.5 ], "rotation": 270 },
						"up": { "texture": "#hair", "uv": [ 37.0, 0.5, 39.0, 5.5 ] },
						"down": { "texture": "#hair", "uv": [ 39.0, 0.5, 41.0, 5.5 ] }
					}
				},
				{
					"name": "hfbase",
					"from": [ -0.73, -5.14, 0.0 ],
					"to": [ 0.27, -1.14, 5.0 ],
					"rotationOrigin": [ -2.7805, -3.1423, 0.0 ],
					"rotationZ": 1.0,
					"faces": {
						"north": { "texture": "#hair", "uv": [ 36.5, 8.5, 37.5, 12.5 ] },
						"east": { "texture": "#hair", "uv": [ 37.5, 8.5, 42.5, 12.5 ] },
						"south": { "texture": "#hair", "uv": [ 42.5, 8.5, 43.5, 12.5 ] },
						"west": { "texture": "#hair", "uv": [ 43.5, 8.5, 48.5, 12.5 ] },
						"up": { "texture": "#hair", "uv": [ 36.5, 3.5, 37.5, 8.5 ] },
						"down": { "texture": "#hair", "uv": [ 37.5, 3.5, 38.5, 8.5 ] }
					},
					"children": [
						{
							"name": "hf",
							"from": [ 0.19, -3.8, 1.0 ],
							"to": [ 1.19, 0.2, 4.0 ],
							"rotationOrigin": [ 1.1, -3.8, 1.0 ],
							"rotationZ": 3.0,
							"faces": {
								"west": { "texture": "#hair", "uv": [ 34.0, 37.5, 37.0, 41.5 ] }
							},
							"children": [
								{
									"name": "hf2",
									"from": [ 0.0, 0.0, 3.0 ],
									"to": [ 1.0, 4.0, 4.0 ],
									"rotationOrigin": [ 0.0, 0.0, 3.0 ],
									"rotationY": 15.0,
									"faces": {
										"west": { "texture": "#hair", "uv": [ 42.5, 20.0, 43.5, 24.0 ] }
									}
								},
								{
									"name": "hf3",
									"from": [ 0.0, 0.0, -1.0 ],
									"to": [ 1.0, 4.0, 0.0 ],
									"rotationOrigin": [ 0.0, 0.0, 0.0 ],
									"rotationY": -15.0,
									"faces": {
										"west": { "texture": "#hair", "uv": [ 47.0, 19.5, 48.0, 23.5 ] }
									}
								}
							]
						},
						{
							"name": "hf5",
							"from": [ 0.0, 0.0, -1.0 ],
							"to": [ 1.0, 4.0, 0.0 ],
							"rotationOrigin": [ 0.0, 0.0, 0.0 ],
							"rotationY": -60.0,
							"faces": {
								"west": { "texture": "#hair", "uv": [ 47.0, 16.0, 48.0, 20.0 ] }
							}
						},
						{
							"name": "hf4",
							"from": [ 0.0, 0.0, 5.0 ],
							"to": [ 1.0, 4.0, 6.0 ],
							"rotationOrigin": [ 0.0, 0.0, 5.0 ],
							"rotationY": 60.0,
							"faces": {
								"west": { "texture": "#hair", "uv": [ 42.5, 18.5, 43.5, 22.5 ] }
							}
						},
						{
							"name": "hf6",
							"from": [ 0.8, 1.6, 5.2 ],
							"to": [ 1.8, 6.6, 7.2 ],
							"rotationOrigin": [ 0.8, 1.9, 6.2 ],
							"rotationX": -6.0,
							"rotationY": 60.0,
							"rotationZ": -11.0,
							"faces": {
								"west": { "texture": "#hair", "uv": [ 42.5, 14.0, 44.5, 19.0 ] }
							}
						},
						{
							"name": "hf7",
							"from": [ 0.8, 1.6, -2.0 ],
							"to": [ 1.8, 6.6, 0.0 ],
							"rotationOrigin": [ 0.8, 1.6, -1.0 ],
							"rotationX": 6.0,
							"rotationY": -60.0,
							"rotationZ": -8.0,
							"faces": {
								"west": { "texture": "#hair", "uv": [ 46.0, 14.0, 48.0, 19.0 ] }
							}
						},
						{
							"name": "hf8",
							"from": [ 0.45, -2.3, -1.6 ],
							"to": [ 1.45, 2.7, 0.4 ],
							"rotationOrigin": [ 0.4, -2.3, -0.6 ],
							"rotationX": 14.0,
							"rotationY": -30.0,
							"rotationZ": 8.0,
							"faces": {
								"west": { "texture": "#hair", "uv": [ 37.5, 17.0, 39.5, 22.0 ] }
							}
						},
						{
							"name": "hf9",
							"from": [ 0.35, -2.3, 4.5 ],
							"to": [ 1.35, 2.7, 6.5 ],
							"rotationOrigin": [ 0.3, -2.3, 5.5 ],
							"rotationX": -14.0,
							"rotationY": 30.0,
							"rotationZ": 8.0,
							"faces": {
								"west": { "texture": "#hair", "uv": [ 39.0, 17.5, 41.0, 22.5 ] }
							}
						},
						{
							"name": "hf10",
							"from": [ 0.38, -4.7, 1.0 ],
							"to": [ 1.38, -0.7, 4.0 ],
							"rotationOrigin": [ 1.3, -4.7, 1.0 ],
							"rotationZ": -8.0,
							"faces": {
								"west": { "texture": "#hair", "uv": [ 36.5, 37.0, 39.5, 41.0 ] }
							}
						},
						{
							"name": "hf11",
							"from": [ -0.82, 1.7, 0.5 ],
							"to": [ 0.18, 5.7, 4.5 ],
							"rotationOrigin": [ 0.1, 1.7, 1.3 ],
							"rotationZ": -17.0,
							"faces": {
								"west": { "texture": "#hair", "uv": [ 18.5, 2.5, 22.5, 6.5 ] }
							}
						},
						{
							"name": "hf12",
							"from": [ -0.12, -1.0, 1.0 ],
							"to": [ 0.88, 3.0, 4.0 ],
							"rotationOrigin": [ 0.8, -1.0, 1.8 ],
							"rotationZ": 3.0,
							"faces": {
								"west": { "texture": "#hair", "uv": [ 18.5, 2.5, 21.5, 6.5 ] }
							}
						}
					]
				},
				{
					"name": "hfbase1",
					"from": [ 0.17, -0.44, 0.0 ],
					"to": [ 1.17, 1.16, 5.0 ],
					"rotationOrigin": [ -1.8805, 1.5577, 0.0 ],
					"rotationZ": -17.0,
					"faces": {
						"north": { "texture": "#hair", "uv": [ 36.5, 10.0, 37.5, 11.5 ] },
						"east": { "texture": "#hair", "uv": [ 37.5, 10.0, 42.5, 11.5 ] },
						"south": { "texture": "#hair", "uv": [ 42.5, 10.0, 43.5, 11.5 ] },
						"west": { "texture": "#hair", "uv": [ 43.5, 10.0, 48.5, 11.5 ] },
						"up": { "texture": "#hair", "uv": [ 36.5, 5.0, 37.5, 10.0 ] },
						"down": { "texture": "#hair", "uv": [ 37.5, 5.0, 38.5, 10.0 ] }
					}
				}
			]
		}
	]}