{
	"editor": {
		"backDropShape": "entity/humanoid/seraph-faceless",
		"collapsedPaths": "",
		"allAngles": true,
		"entityTextureMode": false
	},
	"textureWidth": 48,
	"textureHeight": 48,
	"textureSizes": {
		"hair": [48,48]
	},
	"textures": {
		"hair": "CHARmod/hair"
	},
	"elements": [
		{
			"name": "hidefacialhair",
			"stepParentName": "Head",
			"from": [ -0.2, 0.0, 1.95 ],
			"to": [ 0.8, 1.0, 2.95 ],
			"rotationOrigin": [ 0.3, 0.5, 2.5 ],
			"rotationZ": -6.0,
			"faces": {
			},
			"children": [
				{
					"name": "OrthadoxUpL",
					"from": [ 2.0, -0.2, 3.0 ],
					"to": [ 3.0, 2.3, 3.2 ],
					"rotationOrigin": [ 2.1, -0.2, 3.0 ],
					"faces": {
						"east": { "texture": "#hair", "uv": [ 5.0, 0.5, 5.5, 3.0 ] },
						"south": { "texture": "#hair", "uv": [ 4.5, 0.5, 5.5, 3.0 ] },
						"west": { "texture": "#hair", "uv": [ 5.5, 0.5, 6.0, 3.0 ] },
						"up": { "texture": "#hair", "uv": [ 5.0, 0.0, 5.5, 1.0 ], "rotation": 270 },
						"down": { "texture": "#hair", "uv": [ 5.0, 2.0, 5.5, 3.0 ], "rotation": 270 }
					}
				},
				{
					"name": "OrthadoxUpR",
					"from": [ 2.0, -0.2, -2.2 ],
					"to": [ 3.0, 2.3, -2.0 ],
					"rotationOrigin": [ 2.0, -0.2, -2.2 ],
					"faces": {
						"north": { "texture": "#hair", "uv": [ 3.0, 0.5, 4.0, 3.0 ] },
						"east": { "texture": "#hair", "uv": [ 2.5, 0.5, 3.0, 3.0 ] },
						"west": { "texture": "#hair", "uv": [ 3.5, 0.5, 4.0, 3.0 ] },
						"up": { "texture": "#hair", "uv": [ 2.5, 0.0, 3.0, 1.0 ], "rotation": 270 },
						"down": { "texture": "#hair", "uv": [ 2.5, 2.0, 3.0, 3.0 ], "rotation": 270 }
					}
				},
				{
					"name": "OrthadoxJawL",
					"from": [ 0.8, -0.3, 2.8 ],
					"to": [ 2.1, 0.7, 3.2 ],
					"rotationOrigin": [ 0.9, -0.3, 2.8 ],
					"faces": {
						"north": { "texture": "#hair", "uv": [ 27.5, 0.5, 28.5, 1.5 ] },
						"east": { "texture": "#hair", "uv": [ 27.0, 0.5, 27.5, 1.5 ] },
						"south": { "texture": "#hair", "uv": [ 25.0, 0.5, 26.0, 1.5 ] },
						"west": { "texture": "#hair", "uv": [ 24.5, 0.5, 25.0, 1.5 ] },
						"up": { "texture": "#hair", "uv": [ 25.0, 0.0, 26.0, 0.5 ] },
						"down": { "texture": "#hair", "uv": [ 25.0, 1.5, 26.0, 2.0 ], "rotation": 180 }
					}
				},
				{
					"name": "OrthadoxJawR",
					"from": [ 0.8, -0.3, -2.2 ],
					"to": [ 2.1, 0.7, -1.7 ],
					"rotationOrigin": [ 0.9, -0.3, -2.2 ],
					"faces": {
						"north": { "texture": "#hair", "uv": [ 25.0, 4.5, 26.0, 5.5 ] },
						"east": { "texture": "#hair", "uv": [ 24.5, 4.5, 25.0, 5.5 ] },
						"south": { "texture": "#hair", "uv": [ 27.5, 4.5, 28.5, 5.5 ] },
						"west": { "texture": "#hair", "uv": [ 27.0, 4.5, 27.5, 5.5 ] },
						"up": { "texture": "#hair", "uv": [ 25.0, 4.0, 26.0, 4.5 ], "rotation": 180 },
						"down": { "texture": "#hair", "uv": [ 25.0, 5.5, 26.0, 6.0 ] }
					}
				},
				{
					"name": "donthideme",
					"from": [ 0.0, 0.0, 0.0 ],
					"to": [ 0.0, 0.0, 0.0 ],
					"faces": {
					},
					"children": [
						{
							"name": "OrthadoxRight",
							"from": [ -0.2, -2.3, -2.2 ],
							"to": [ 0.8, 0.7, 0.3 ],
							"rotationOrigin": [ -0.2, 0.7, -2.2 ],
							"rotationX": 5.0,
							"faces": {
								"north": { "texture": "#hair", "uv": [ 20.0, 1.0, 21.0, 4.0 ] },
								"east": { "texture": "#hair", "uv": [ 17.5, 1.0, 20.0, 4.0 ] },
								"south": { "texture": "#hair", "uv": [ 16.5, 1.0, 17.5, 4.0 ] },
								"west": { "texture": "#hair", "uv": [ 21.0, 1.0, 23.5, 4.0 ] },
								"up": { "texture": "#hair", "uv": [ 17.5, 0.0, 20.0, 1.0 ], "rotation": 270 },
								"down": { "texture": "#hair", "uv": [ 17.5, 4.0, 20.0, 5.0 ], "rotation": 270 }
							},
							"children": [
								{
									"name": "OrthadoxRightA",
									"from": [ 0.0, -0.3, 1.5 ],
									"to": [ 0.5, 0.0, 2.1 ],
									"rotationOrigin": [ 0.0, -0.1, 1.5 ],
									"faces": {
										"north": { "texture": "#hair", "uv": [ 21.5, 0.5, 22.0, 1.0 ] },
										"east": { "texture": "#hair", "uv": [ 21.0, 0.5, 21.5, 1.0 ] },
										"south": { "texture": "#hair", "uv": [ 20.5, 0.5, 21.0, 1.0 ] },
										"west": { "texture": "#hair", "uv": [ 22.0, 0.5, 22.5, 1.0 ] },
										"up": { "texture": "#hair", "uv": [ 21.0, 0.0, 21.5, 0.5 ], "rotation": 270 },
										"down": { "texture": "#hair", "uv": [ 21.0, 1.0, 21.5, 1.5 ], "rotation": 270 }
									}
								},
								{
									"name": "OrthadoxRightB",
									"from": [ 0.0, -0.2, 0.5 ],
									"to": [ 0.5, 0.0, 1.0 ],
									"rotationOrigin": [ 0.0, 0.0, 0.5 ],
									"faces": {
										"north": { "texture": "#hair", "uv": [ 23.5, 0.5, 24.0, 1.0 ] },
										"east": { "texture": "#hair", "uv": [ 23.0, 0.5, 23.5, 1.0 ] },
										"south": { "texture": "#hair", "uv": [ 22.5, 0.5, 23.0, 1.0 ] },
										"west": { "texture": "#hair", "uv": [ 24.0, 0.5, 24.5, 1.0 ] },
										"up": { "texture": "#hair", "uv": [ 23.0, 0.0, 23.5, 0.5 ], "rotation": 270 },
										"down": { "texture": "#hair", "uv": [ 23.0, 1.0, 23.5, 1.5 ], "rotation": 270 }
									}
								}
							]
						},
						{
							"name": "OrthadoxCenter",
							"from": [ -0.21, -2.9, 0.0 ],
							"to": [ 0.29, 0.6, 1.0 ],
							"rotationOrigin": [ -0.1, -2.9, 0.0 ],
							"faces": {
								"east": { "texture": "#hair", "uv": [ 25.0, 0.5, 26.0, 4.0 ] },
								"south": { "texture": "#hair", "uv": [ 24.5, 0.5, 25.0, 4.0 ] },
								"west": { "texture": "#hair", "uv": [ 26.0, 0.5, 27.0, 4.0 ] },
								"up": { "texture": "#hair", "uv": [ 25.0, 0.0, 26.0, 0.5 ], "rotation": 270 },
								"down": { "texture": "#hair", "uv": [ 25.0, 4.0, 26.0, 4.5 ], "rotation": 270 }
							}
						},
						{
							"name": "OrthadoxLeft",
							"from": [ -0.2, -2.3, 0.7 ],
							"to": [ 0.8, 0.7, 3.2 ],
							"rotationOrigin": [ -0.2, 0.7, 3.2 ],
							"rotationX": -5.0,
							"faces": {
								"north": { "texture": "#hair", "uv": [ 16.0, 1.0, 17.0, 4.0 ] },
								"east": { "texture": "#hair", "uv": [ 13.5, 1.0, 16.0, 4.0 ] },
								"south": { "texture": "#hair", "uv": [ 12.5, 1.0, 13.5, 4.0 ] },
								"west": { "texture": "#hair", "uv": [ 17.0, 1.0, 19.5, 4.0 ] },
								"up": { "texture": "#hair", "uv": [ 13.5, 0.0, 16.0, 1.0 ], "rotation": 270 },
								"down": { "texture": "#hair", "uv": [ 13.5, 4.0, 16.0, 5.0 ], "rotation": 270 }
							},
							"children": [
								{
									"name": "OrthadoxLeftA",
									"from": [ 0.0, -0.4, 0.5 ],
									"to": [ 0.5, 0.0, 1.1 ],
									"rotationOrigin": [ 0.0, -0.2, 0.5 ],
									"faces": {
										"north": { "texture": "#hair", "uv": [ 11.5, 0.5, 12.0, 1.0 ] },
										"east": { "texture": "#hair", "uv": [ 11.0, 0.5, 11.5, 1.0 ] },
										"south": { "texture": "#hair", "uv": [ 10.5, 0.5, 11.0, 1.0 ] },
										"west": { "texture": "#hair", "uv": [ 12.0, 0.5, 12.5, 1.0 ] },
										"up": { "texture": "#hair", "uv": [ 11.0, 0.0, 11.5, 0.5 ], "rotation": 270 },
										"down": { "texture": "#hair", "uv": [ 11.0, 1.0, 11.5, 1.5 ], "rotation": 270 }
									}
								},
								{
									"name": "OrthadoxLeftB",
									"from": [ 0.0, -0.2, 1.5 ],
									"to": [ 0.5, 0.0, 2.0 ],
									"rotationOrigin": [ 0.0, 0.0, 1.5 ],
									"faces": {
										"north": { "texture": "#hair", "uv": [ 7.5, 0.5, 8.0, 1.0 ] },
										"east": { "texture": "#hair", "uv": [ 7.0, 0.5, 7.5, 1.0 ] },
										"south": { "texture": "#hair", "uv": [ 6.5, 0.5, 7.0, 1.0 ] },
										"west": { "texture": "#hair", "uv": [ 8.0, 0.5, 8.5, 1.0 ] },
										"up": { "texture": "#hair", "uv": [ 7.0, 0.0, 7.5, 0.5 ], "rotation": 270 },
										"down": { "texture": "#hair", "uv": [ 7.0, 1.0, 7.5, 1.5 ], "rotation": 270 }
									}
								}
							]
						}
					]
				},
				{
					"name": "hfdase",
					"from": [ -1.23, -5.84, -2.0 ],
					"to": [ -1.23, -5.84, -2.0 ],
					"rotationOrigin": [ -3.2805, -3.8423, -2.0 ],
					"rotationZ": 1.0,
					"faces": {
						"north": { "texture": "#hair", "uv": [ 36.5, 4.0, 37.0, 4.5 ] },
						"east": { "texture": "#hair", "uv": [ 37.0, 4.0, 37.5, 4.5 ] },
						"south": { "texture": "#hair", "uv": [ 37.5, 4.0, 38.0, 4.5 ] },
						"west": { "texture": "#hair", "uv": [ 38.0, 4.0, 38.5, 4.5 ] },
						"up": { "texture": "#hair", "uv": [ 36.5, 3.5, 37.0, 4.0 ] },
						"down": { "texture": "#hair", "uv": [ 37.0, 3.5, 37.5, 4.0 ] }
					},
					"children": [
						{
							"name": "hf6",
							"from": [ 1.5, 1.6, 5.0 ],
							"to": [ 2.5, 6.6, 7.0 ],
							"rotationOrigin": [ 1.5, 1.9, 6.0 ],
							"rotationY": 65.0,
							"rotationZ": -10.0,
							"faces": {
								"west": { "texture": "#hair", "uv": [ 42.5, 14.0, 44.5, 19.0 ] }
							}
						},
						{
							"name": "hf7",
							"from": [ 1.5, 1.6, -2.0 ],
							"to": [ 2.5, 6.6, 0.0 ],
							"rotationOrigin": [ 1.5, 1.9, -1.0 ],
							"rotationY": -65.0,
							"rotationZ": -10.0,
							"faces": {
								"west": { "texture": "#hair", "uv": [ 46.0, 14.0, 48.0, 19.0 ] }
							}
						},
						{
							"name": "hf8",
							"from": [ 1.35, -0.2, -1.2 ],
							"to": [ 2.35, 4.8, 0.8 ],
							"rotationOrigin": [ 1.3, -0.2, -0.2 ],
							"rotationX": 14.0,
							"rotationY": -30.0,
							"rotationZ": 8.0,
							"faces": {
								"west": { "texture": "#hair", "uv": [ 37.5, 17.0, 39.5, 22.0 ] }
							}
						},
						{
							"name": "hf9",
							"from": [ 1.35, -0.2, 4.2 ],
							"to": [ 2.35, 4.8, 6.2 ],
							"rotationOrigin": [ 1.3, -0.2, 5.2 ],
							"rotationX": -14.0,
							"rotationY": 30.0,
							"rotationZ": 8.0,
							"faces": {
								"west": { "texture": "#hair", "uv": [ 39.0, 17.5, 41.0, 22.5 ] }
							}
						},
						{
							"name": "hf10",
							"from": [ 0.78, -1.1, 1.0 ],
							"to": [ 1.78, 2.9, 4.0 ],
							"rotationOrigin": [ 1.7, -1.1, 1.0 ],
							"rotationZ": -8.0,
							"faces": {
								"west": { "texture": "#hair", "uv": [ 36.5, 37.0, 39.5, 41.0 ] }
							}
						},
						{
							"name": "hf11",
							"from": [ -0.22, 2.3, 0.0 ],
							"to": [ 0.78, 6.3, 5.0 ],
							"rotationOrigin": [ 0.7, 2.3, 1.3 ],
							"rotationZ": -17.0,
							"faces": {
								"west": { "texture": "#hair", "uv": [ 18.5, 2.5, 23.5, 6.5 ] }
							}
						},
						{
							"name": "hf12",
							"from": [ 1.08, -0.2, 1.0 ],
							"to": [ 2.08, 3.8, 4.0 ],
							"rotationOrigin": [ 1.0, -0.2, 1.8 ],
							"rotationZ": 11.0,
							"faces": {
								"west": { "texture": "#hair", "uv": [ 18.5, 2.5, 21.5, 6.5 ] }
							},
							"children": [
								{
									"name": "hf4",
									"from": [ -0.0839, -0.0475, 3.0 ],
									"to": [ 0.9161, 3.9525, 4.0 ],
									"rotationOrigin": [ -0.0839, -0.0475, 3.0 ],
									"rotationX": 5.1796,
									"rotationY": 59.8643,
									"rotationZ": -5.9836,
									"faces": {
										"west": { "texture": "#hair", "uv": [ 42.5, 18.5, 43.5, 22.5 ] }
									}
								},
								{
									"name": "hf5",
									"from": [ -0.0839, -0.0475, -1.0 ],
									"to": [ 0.9161, 3.9525, 0.0 ],
									"rotationOrigin": [ -0.0839, -0.0475, 0.0 ],
									"rotationX": -5.1796,
									"rotationY": -59.8643,
									"rotationZ": -5.9836,
									"faces": {
										"west": { "texture": "#hair", "uv": [ 47.0, 16.0, 48.0, 20.0 ] }
									}
								}
							]
						},
						{
							"name": "hf13",
							"from": [ 3.3, 4.9, 4.7 ],
							"to": [ 4.3, 6.9, 6.7 ],
							"rotationOrigin": [ 3.3, 5.2, 5.7 ],
							"rotationY": 111.0,
							"rotationZ": -19.0,
							"faces": {
								"west": { "texture": "#hair", "uv": [ 43.0, 15.0, 45.0, 17.0 ] }
							}
						},
						{
							"name": "hf14",
							"from": [ 3.3, 4.9, -1.7 ],
							"to": [ 4.3, 6.9, 0.3 ],
							"rotationOrigin": [ 3.3, 5.2, -0.7 ],
							"rotationY": -111.0,
							"rotationZ": -19.0,
							"faces": {
								"west": { "texture": "#hair", "uv": [ 46.0, 15.0, 48.0, 17.0 ] }
							}
						}
					]
				}
			]
		}
	]}