{
  "code": "chickenpoop",
  "storageFlags": 33,
  "variantgroups": [
    {
      "code": "type",
      "states": [ "1a", "2a", "3a", "4a" ]
    }
  ],
  "attributes": {
    "inContainerTexture": { "base": "game:block/clay/daub/brownweathered/wattle1" }
  },
  "attributesByType": {
    "*-1a": { "handbook": { "include": true } },
    "*": { "handbook": { "include": false } }
  },
  "drawtype": "Json",
  "doNotRenderAtLod2": true,
  "randomdrawoffset": true,
  "snowcoverage": true,
  "shapeinventoryByType": {
    "*-1*": { "base": "block/poop/chicken1a" },
    "*-2*": { "base": "block/poop/chicken1a" },
    "*-3*": { "base": "block/poop/chicken1a" },
    "*-4*": { "base": "block/poop/chicken1a" }
  },
  "shape": {
    "base": "block/poop/chicken{type}",
    "alternates": [
      {
        "base": "block/poop/chicken{type}",
        "rotateY": 22.5
      },
      {
        "base": "block/poop/chicken{type}",
        "rotateY": 45
      },
      {
        "base": "block/poop/chicken{type}",
        "rotateY": 67.5
      },
      {
        "base": "block/poop/chicken{type}",
        "rotateY": 90
      },
      {
        "base": "block/poop/chicken{type}",
        "rotateY": 112.5
      },
      {
        "base": "block/poop/chicken{type}",
        "rotateY": 135
      },
      {
        "base": "block/poop/chicken{type}",
        "rotateY": 157.5
      },
      {
        "base": "block/poop/chicken{type}",
        "rotateY": 180
      },
      {
        "base": "block/poop/chicken{type}",
        "rotateY": 202.5
      },
      {
        "base": "block/poop/chicken{type}",
        "rotateY": 225
      },
      {
        "base": "block/poop/chicken{type}",
        "rotateY": 247.5
      },
      {
        "base": "block/poop/chicken{type}",
        "rotateY": 270
      }
    ]
  },
  "textures": {
    "plain1": {
      "base": "game:block/clay/daub/brownweathered/wattle1",
      "alternates": [
        { "base": "game:block/clay/daub/brownweathered/wattle2" },
        { "base": "game:block/clay/daub/brownweathered/wattle3" },
        { "base": "game:block/clay/daub/brownweathered/wattle6" }
      ]
    }
  },
  "creativeinventory": {
    "general": [ "*-1a" ],
    "items": [ "*-1a" ]
  },
  "maxstacksize": 32,
  "resistanceByType": {
    "*-1*": 1,
    "*-2*": 1.2,
    "*-3*": 1.5,
    "*-4*": 2
  },
  "blockmaterial": "Soil",
  "faceCullMode": "MergeSnowLayer",
  "dropsByType": {
    "*-1*": [
      {
        "type": "item",
        "code": "naturalfertilizer:manure",
        "quantity": {
          "avg": 0.5,
          "var": 0.5
        },
        "tool": "shovel"
      }
    ],
    "*-2*": [
      {
        "type": "item",
        "code": "naturalfertilizer:manure",
        "quantity": {
          "avg": 1,
          "var": 0
        },
        "tool": "shovel"
      }
    ],
    "*-3*": [
      {
        "type": "item",
        "code": "naturalfertilizer:manure",
        "quantity": {
          "avg": 1.5,
          "var": 0.5
        },
        "tool": "shovel"
      }
    ],
    "*-4*": [
      {
        "type": "item",
        "code": "naturalfertilizer:manure",
        "quantity": {
          "avg": 2,
          "var": 0
        },
        "tool": "shovel"
      }
    ]
  },
  "lightabsorption": 0,
  "sideopaque": {
    "all": false
  },
  "sideao": {
    "all": true
  },
  "emitsideao": {
    "all": false
  },
  "sidesolid": {
    "all": false
  },
  "replaceable": 5900,
  "collisionbox": null,
  "selectionbox": {
    "x1": 0.25,
    "y1": 0,
    "z1": 0.25,
    "x2": 0.75,
    "y2": 0.010,
    "z2": 0.75
  },
  "guiTransform": {
    "translation": {
      "x": 3,
      "y": -0,
      "z": -25
    },
    "rotation": {
      "x": -35,
      "y": 18,
      "z": 0
    },
    "origin": {
      "x": 0.47,
      "y": -0.12,
      "z": 0.8
    },
    "scale": 2
  },
  "fpHandTransform": {
    "rotation": {
      "x": 54,
      "y": 99,
      "z": -33
    },
    "scale": 3
  },
  "tpHandTransform": {
    "translation": {
      "x": -1.15,
      "y": -0.6,
      "z": -0.3
    },
    "rotation": {
      "x": 70,
      "y": 11,
      "z": -65
    },
    "scale": ".8"
  },
  "groundTransform": {
    "translation": {
      "x": 0,
      "y": 0.41,
      "z": 0
    },
    "rotation": {
      "x": 0,
      "y": 8,
      "z": 0
    },
    "origin": {
      "x": 0.5,
      "y": 0.4,
      "z": 0.5299
    },
    "scale": 3
  }
}