{
	"editor": {
		"allAngles": false,
		"entityTextureMode": false
	},
	"textureWidth": 16,
	"textureHeight": 8,
	"textureSizes": {
		"metal": [16,16],
		"wood": [16,16],
		"handle": [16,16],
		"pommel": [16,16]
	},
	"textures": {
		"handle": "game:block/wood/debarked/acacia"
	},
	"elements": [
		{
			"name": "origin",
			"from": [ 8.0, 0.0, 8.0 ],
			"to": [ 8.0, 0.0, 8.0 ],
			"rotationOrigin": [ 8.0, 0.0, 8.0 ],
			"rotationX": -180.0,
			"faces": {
			},
			"children": [
				{
					"name": "hilt1",
					"from": [ 4.9, -0.54, -1.25 ],
					"to": [ 5.95, 0.51, 1.25 ],
					"rotationOrigin": [ 5.0, -1.0, -1.0 ],
					"rotationZ": 45.0,
					"faces": {
						"north": { "texture": "#metal", "uv": [ 0.0, 0.0, 1.0, 1.0 ] },
						"east": { "texture": "#metal", "uv": [ 0.0, 0.0, 2.5, 1.0 ] },
						"south": { "texture": "#metal", "uv": [ 0.0, 0.0, 1.0, 1.0 ] },
						"west": { "texture": "#metal", "uv": [ 0.0, 0.0, 2.5, 1.0 ] },
						"up": { "texture": "#metal", "uv": [ 0.0, 0.0, 1.0, 2.5 ] },
						"down": { "texture": "#metal", "uv": [ 0.0, 0.0, 1.0, 2.5 ] }
					}
				},
				{
					"name": "Taper1",
					"from": [ 5.0, -0.2, -0.3 ],
					"to": [ 14.0, 0.2, 0.3 ],
					"rotationOrigin": [ 5.0, 0.0, 0.0 ],
					"faces": {
						"north": { "texture": "#metal", "uv": [ 0.0, 0.0, 9.0, 0.5 ] },
						"east": { "texture": "#metal", "uv": [ 0.0, 0.0, 0.5, 0.5 ] },
						"south": { "texture": "#metal", "uv": [ 0.0, 0.0, 9.0, 0.5 ] },
						"west": { "texture": "#metal", "uv": [ 0.0, 0.0, 0.5, 0.5 ] },
						"up": { "texture": "#metal", "uv": [ 0.0, 0.0, 9.0, 0.5 ] },
						"down": { "texture": "#metal", "uv": [ 0.0, 0.0, 9.0, 0.5 ] }
					},
					"children": [
						{
							"name": "Taper3.1",
							"from": [ 15.0, 0.0, -0.1 ],
							"to": [ 22.22, 0.4, 0.2 ],
							"rotationOrigin": [ 15.0, 0.2, 0.3 ],
							"faces": {
								"north": { "texture": "#metal", "uv": [ 0.0, 0.0, 7.0, 0.5 ] },
								"east": { "texture": "#metal", "uv": [ 0.0, 0.0, 0.5, 0.5 ] },
								"south": { "texture": "#metal", "uv": [ 0.0, 0.0, 7.0, 0.5 ] },
								"west": { "texture": "#metal", "uv": [ 0.0, 0.0, 0.5, 0.5 ] },
								"up": { "texture": "#metal", "uv": [ 0.0, 0.0, 7.0, 0.5 ] },
								"down": { "texture": "#metal", "uv": [ 0.0, 0.0, 7.0, 0.5 ] }
							},
							"children": [
								{
									"name": "Taper3",
									"from": [ 0.0, 0.0, 0.3 ],
									"to": [ 7.22, 0.4, 0.6 ],
									"rotationOrigin": [ 0.0, 0.2, 0.3 ],
									"rotationY": 2.3,
									"faces": {
										"north": { "texture": "#metal", "uv": [ 0.0, 0.0, 7.0, 0.5 ] },
										"east": { "texture": "#metal", "uv": [ 0.0, 0.0, 0.5, 0.5 ] },
										"south": { "texture": "#metal", "uv": [ 0.0, 0.0, 7.0, 0.5 ] },
										"west": { "texture": "#metal", "uv": [ 0.0, 0.0, 0.5, 0.5 ] },
										"up": { "texture": "#metal", "uv": [ 0.0, 0.0, 7.0, 0.5 ] },
										"down": { "texture": "#metal", "uv": [ 0.0, 0.0, 7.0, 0.5 ] }
									}
								},
								{
									"name": "TaperTip",
									"from": [ 7.15, 0.005, 0.24 ],
									"to": [ 7.38, 0.395, 0.47 ],
									"rotationOrigin": [ 7.0, 0.2, 0.3 ],
									"rotationY": 45.0,
									"faces": {
										"north": { "texture": "#metal", "uv": [ 0.0, 0.0, 0.5, 0.5 ] },
										"east": { "texture": "#metal", "uv": [ 0.0, 0.0, 0.5, 0.5 ] },
										"south": { "texture": "#metal", "uv": [ 0.0, 0.0, 0.5, 0.5 ] },
										"west": { "texture": "#metal", "uv": [ 0.0, 0.0, 0.5, 0.5 ] },
										"up": { "texture": "#metal", "uv": [ 0.0, 0.0, 0.5, 0.5 ] },
										"down": { "texture": "#metal", "uv": [ 0.0, 0.0, 0.5, 0.5 ] }
									}
								}
							]
						},
						{
							"name": "Taper2",
							"from": [ 8.99, 0.005, 0.0 ],
							"to": [ 15.02, 0.395, 0.6 ],
							"rotationOrigin": [ 9.0037, 0.2, 0.0906 ],
							"rotationY": 0.9,
							"faces": {
								"north": { "texture": "#metal", "uv": [ 0.0, 0.0, 6.0, 0.5 ] },
								"east": { "texture": "#metal", "uv": [ 0.0, 0.0, 0.5, 0.5 ] },
								"south": { "texture": "#metal", "uv": [ 0.0, 0.0, 6.0, 0.5 ] },
								"west": { "texture": "#metal", "uv": [ 0.0, 0.0, 0.5, 0.5 ] },
								"up": { "texture": "#metal", "uv": [ 0.0, 0.0, 6.0, 0.5 ] },
								"down": { "texture": "#metal", "uv": [ 0.0, 0.0, 6.0, 0.5 ] }
							}
						}
					]
				},
				{
					"name": "handle1",
					"from": [ -4.0, -0.5, -0.3 ],
					"to": [ 4.0, 0.5, 0.6 ],
					"rotationOrigin": [ -4.0, -0.5, 0.25 ],
					"rotationY": -2.0,
					"faces": {
						"north": { "texture": "#handle", "uv": [ 0.0, 0.0, 8.0, 1.0 ] },
						"east": { "texture": "#handle", "uv": [ 0.0, 0.0, 0.5, 1.0 ] },
						"south": { "texture": "#handle", "uv": [ 0.0, 0.0, 8.0, 1.0 ] },
						"west": { "texture": "#handle", "uv": [ 0.0, 0.0, 0.5, 1.0 ] },
						"up": { "texture": "#handle", "uv": [ 0.0, 0.0, 8.0, 0.5 ] },
						"down": { "texture": "#handle", "uv": [ 0.0, 0.0, 8.0, 0.5 ] }
					}
				},
				{
					"name": "handle2",
					"from": [ -4.0, -0.5, -0.6 ],
					"to": [ 4.0, 0.5, 0.3 ],
					"rotationOrigin": [ -4.0, -0.5, -0.75 ],
					"rotationY": 2.0,
					"faces": {
						"north": { "texture": "#handle", "uv": [ 0.0, 0.0, 8.0, 1.0 ] },
						"east": { "texture": "#handle", "uv": [ 0.0, 0.0, 0.5, 1.0 ] },
						"south": { "texture": "#handle", "uv": [ 0.0, 0.0, 8.0, 1.0 ] },
						"west": { "texture": "#handle", "uv": [ 0.0, 0.0, 0.5, 1.0 ] },
						"up": { "texture": "#handle", "uv": [ 0.0, 0.0, 8.0, 0.5 ] },
						"down": { "texture": "#handle", "uv": [ 0.0, 0.0, 8.0, 0.5 ] }
					}
				},
				{
					"name": "crossguard",
					"from": [ 4.25, -0.35, -3.45 ],
					"to": [ 4.95, 0.35, -0.45 ],
					"rotationOrigin": [ 4.55, -0.05, 1.0 ],
					"faces": {
						"east": { "texture": "#metal", "uv": [ 0.5, 4.5, 3.5, 5.0 ] },
						"west": { "texture": "#metal", "uv": [ 3.0, 11.0, 6.0, 11.5 ] },
						"up": { "texture": "#metal", "uv": [ 2.0, 3.5, 2.5, 6.5 ] },
						"down": { "texture": "#metal", "uv": [ 1.5, 1.0, 2.0, 4.0 ] }
					},
					"children": [
						{
							"name": "hiltcap1",
							"from": [ -0.05, -0.1, -1.5 ],
							"to": [ 0.85, 0.8, -0.6 ],
							"rotationOrigin": [ 0.4, 0.4, 0.0 ],
							"rotationY": -22.5,
							"faces": {
								"north": { "texture": "#metal", "uv": [ 13.0, 11.5, 13.5, 12.0 ] },
								"east": { "texture": "#metal", "uv": [ 13.0, 6.0, 13.5, 6.5 ] },
								"south": { "texture": "#metal", "uv": [ 8.5, 3.5, 9.0, 4.0 ] },
								"west": { "texture": "#metal", "uv": [ 1.5, 12.5, 2.0, 13.0 ] },
								"up": { "texture": "#metal", "uv": [ 0.5, 1.5, 1.0, 2.0 ] },
								"down": { "texture": "#metal", "uv": [ 13.5, 3.5, 14.0, 4.0 ] }
							}
						},
						{
							"name": "crossguard3",
							"from": [ 0.25, 0.008, -0.9 ],
							"to": [ 0.95, 0.698, 0.1 ],
							"rotationOrigin": [ 0.35, 0.35, -0.55 ],
							"rotationY": -22.5,
							"faces": {
								"east": { "texture": "#metal", "uv": [ 0.5, 4.5, 1.5, 5.0 ] },
								"west": { "texture": "#metal", "uv": [ 3.0, 11.0, 4.0, 11.5 ] },
								"up": { "texture": "#metal", "uv": [ 2.0, 3.5, 2.5, 4.5 ] },
								"down": { "texture": "#metal", "uv": [ 1.5, 1.0, 2.0, 2.0 ] }
							}
						}
					]
				},
				{
					"name": "blade1S",
					"from": [ 5.1, -0.1, -0.3 ],
					"to": [ 13.1, 0.1, 1.2 ],
					"rotationOrigin": [ 5.2, 0.0, 0.75 ],
					"rotationY": -1.5,
					"faces": {
						"east": { "texture": "#metal", "uv": [ 7.0, 0.0, 8.5, 0.5 ] },
						"south": { "texture": "#metal", "uv": [ 0.0, 11.0, 8.0, 11.5 ] },
						"up": { "texture": "#metal", "uv": [ 0.0, 3.0, 8.0, 4.5 ] },
						"down": { "texture": "#metal", "uv": [ 0.0, 6.0, 8.0, 7.5 ] }
					},
					"children": [
						{
							"name": "blade2S",
							"from": [ 7.95, 0.005, 0.147 ],
							"to": [ 20.95, 0.215, 1.497 ],
							"rotationOrigin": [ 8.0, 0.1, 1.0 ],
							"rotationY": 2.0,
							"faces": {
								"north": { "texture": "#metal", "uv": [ 0.0, 4.0, 13.0, 4.5 ] },
								"east": { "texture": "#metal", "uv": [ 10.0, 12.5, 11.0, 13.0 ] },
								"south": { "texture": "#metal", "uv": [ 0.0, 14.5, 13.0, 15.0 ] },
								"up": { "texture": "#metal", "uv": [ 0.0, 3.0, 13.0, 4.0 ] },
								"down": { "texture": "#metal", "uv": [ 0.0, 13.0, 13.0, 14.0 ] }
							}
						},
						{
							"name": "blade3S",
							"from": [ 20.71, -0.01, -0.3 ],
							"to": [ 24.88, 0.2, 1.0 ],
							"rotationOrigin": [ 21.0, 0.1, 0.0 ],
							"rotationY": 14.0,
							"faces": {
								"north": { "texture": "#metal", "uv": [ 0.0, 4.0, 4.0, 4.5 ] },
								"east": { "texture": "#metal", "uv": [ 10.0, 12.5, 11.0, 13.0 ] },
								"south": { "texture": "#metal", "uv": [ 0.0, 14.5, 4.0, 15.0 ] },
								"up": { "texture": "#metal", "uv": [ 0.0, 3.0, 4.0, 4.0 ] },
								"down": { "texture": "#metal", "uv": [ 0.0, 13.0, 4.0, 14.0 ] }
							}
						},
						{
							"name": "blade4S",
							"from": [ 24.98, 0.005, -0.575 ],
							"to": [ 27.08, 0.215, 0.025 ],
							"rotationOrigin": [ 25.0, 0.1, 0.0 ],
							"rotationY": 22.5,
							"faces": {
								"north": { "texture": "#metal", "uv": [ 0.0, 4.0, 2.0, 4.5 ] },
								"east": { "texture": "#metal", "uv": [ 10.0, 12.5, 10.5, 13.0 ] },
								"south": { "texture": "#metal", "uv": [ 0.0, 14.5, 2.0, 15.0 ] },
								"up": { "texture": "#metal", "uv": [ 0.0, 3.0, 2.0, 3.5 ] },
								"down": { "texture": "#metal", "uv": [ 0.0, 13.0, 2.0, 13.5 ] }
							}
						},
						{
							"name": "blade3.2",
							"from": [ 24.85, 0.015, -0.9 ],
							"to": [ 25.35, 0.205, -0.4 ],
							"rotationOrigin": [ 25.0, 0.1, 0.0 ],
							"rotationY": 11.0,
							"faces": {
								"north": { "texture": "#metal", "uv": [ 0.0, 4.0, 0.5, 4.5 ] },
								"east": { "texture": "#metal", "uv": [ 10.0, 12.5, 10.5, 13.0 ] },
								"south": { "texture": "#metal", "uv": [ 0.0, 14.5, 0.5, 15.0 ] },
								"up": { "texture": "#metal", "uv": [ 0.0, 3.0, 0.5, 3.5 ] },
								"down": { "texture": "#metal", "uv": [ 0.0, 13.0, 0.5, 13.5 ] }
							}
						}
					]
				},
				{
					"name": "blade1N",
					"from": [ 5.1, -0.1, -1.15 ],
					"to": [ 13.1, 0.1, -0.15 ],
					"rotationOrigin": [ 5.2, 0.0, -0.75 ],
					"rotationY": 0.5,
					"faces": {
						"north": { "texture": "#metal", "uv": [ 0.0, 4.0, 8.0, 4.5 ] },
						"east": { "texture": "#metal", "uv": [ 5.0, 0.0, 6.0, 0.5 ] },
						"up": { "texture": "#metal", "uv": [ 0.0, 5.0, 8.0, 6.0 ] },
						"down": { "texture": "#metal", "uv": [ 0.0, 0.0, 8.0, 1.0 ] }
					},
					"children": [
						{
							"name": "blade2N",
							"from": [ 7.95, 0.01, 0.0 ],
							"to": [ 18.95, 0.21, 1.4 ],
							"rotationOrigin": [ 8.0, 0.1, 0.0 ],
							"rotationY": 2.0,
							"faces": {
								"north": { "texture": "#metal", "uv": [ 0.0, 14.5, 11.0, 15.0 ] },
								"east": { "texture": "#metal", "uv": [ 10.0, 7.5, 11.0, 8.0 ] },
								"south": { "texture": "#metal", "uv": [ 0.0, 6.0, 11.0, 6.5 ] },
								"up": { "texture": "#metal", "uv": [ 0.0, 12.5, 11.0, 13.5 ] },
								"down": { "texture": "#metal", "uv": [ 0.0, 8.0, 11.0, 9.0 ] }
							}
						},
						{
							"name": "blade3N",
							"from": [ 18.88, 0.009, -0.37 ],
							"to": [ 24.88, 0.199, 1.03 ],
							"rotationOrigin": [ 19.0, 0.1, 0.0 ],
							"rotationY": -8.0,
							"faces": {
								"north": { "texture": "#metal", "uv": [ 0.0, 14.5, 6.0, 15.0 ] },
								"east": { "texture": "#metal", "uv": [ 10.0, 7.5, 11.0, 8.0 ] },
								"south": { "texture": "#metal", "uv": [ 0.0, 6.0, 6.0, 6.5 ] },
								"up": { "texture": "#metal", "uv": [ 0.0, 12.5, 6.0, 13.5 ] },
								"down": { "texture": "#metal", "uv": [ 0.0, 8.0, 6.0, 9.0 ] }
							}
						},
						{
							"name": "blade4N",
							"from": [ 24.7, 0.01, 0.45 ],
							"to": [ 26.92, 0.21, 1.01 ],
							"rotationOrigin": [ 25.0, 0.1, 1.0 ],
							"faces": {
								"north": { "texture": "#metal", "uv": [ 0.0, 14.5, 2.0, 15.0 ] },
								"east": { "texture": "#metal", "uv": [ 10.0, 7.5, 10.5, 8.0 ] },
								"south": { "texture": "#metal", "uv": [ 0.0, 6.0, 2.0, 6.5 ] },
								"up": { "texture": "#metal", "uv": [ 0.0, 12.5, 2.0, 13.0 ] },
								"down": { "texture": "#metal", "uv": [ 0.0, 8.0, 2.0, 8.5 ] }
							}
						},
						{
							"name": "Tip",
							"from": [ 27.3, 0.013, -0.175 ],
							"to": [ 27.7, 0.213, 0.225 ],
							"rotationOrigin": [ 28.0, 0.1, 1.0 ],
							"rotationY": 49.0,
							"faces": {
								"north": { "texture": "#metal", "uv": [ 0.0, 14.5, 0.5, 15.0 ] },
								"east": { "texture": "#metal", "uv": [ 10.0, 7.5, 10.5, 8.0 ] },
								"south": { "texture": "#metal", "uv": [ 0.0, 6.0, 0.5, 6.5 ] },
								"up": { "texture": "#metal", "uv": [ 0.0, 12.5, 0.5, 13.0 ] },
								"down": { "texture": "#metal", "uv": [ 0.0, 8.0, 0.5, 8.5 ] }
							}
						}
					]
				},
				{
					"name": "pommel1",
					"from": [ -4.95, -1.0, 0.05 ],
					"to": [ -3.95, 1.0, 1.05 ],
					"rotationOrigin": [ -5.0, -1.0, 0.0 ],
					"rotationY": 45.0,
					"faces": {
						"north": { "texture": "#metal", "uv": [ 0.0, 0.0, 1.0, 2.0 ] },
						"east": { "texture": "#metal", "uv": [ 0.0, 0.0, 1.0, 2.0 ] },
						"south": { "texture": "#metal", "uv": [ 0.0, 0.0, 1.0, 2.0 ] },
						"west": { "texture": "#metal", "uv": [ 0.0, 0.0, 1.0, 2.0 ] },
						"up": { "texture": "#metal", "uv": [ 0.0, 0.0, 1.0, 1.0 ] },
						"down": { "texture": "#metal", "uv": [ 0.0, 0.0, 1.0, 1.0 ] }
					},
					"children": [
						{
							"name": "pommel2",
							"from": [ -0.3837, 0.25, -0.3867 ],
							"to": [ 1.4163, 1.75, 1.4133 ],
							"rotationOrigin": [ 0.5157, 3.0, 0.5157 ],
							"rotationY": -89.98,
							"faces": {
								"north": { "texture": "#pommel", "uv": [ 4.0, 1.0, 5.5, 2.5 ] },
								"east": { "texture": "#pommel", "uv": [ 3.5, 11.5, 5.0, 13.0 ] },
								"south": { "texture": "#pommel", "uv": [ 5.0, 7.0, 6.5, 8.5 ] },
								"west": { "texture": "#pommel", "uv": [ 1.0, 11.0, 2.5, 12.5 ] },
								"up": { "texture": "#pommel", "uv": [ 0.5, 1.5, 2.0, 3.0 ] },
								"down": { "texture": "#pommel", "uv": [ 2.5, 6.5, 4.0, 8.0 ] }
							}
						},
						{
							"name": "pommel3",
							"from": [ -0.3837, 0.366, -0.3867 ],
							"to": [ 1.4163, 1.616, 1.4133 ],
							"rotationOrigin": [ 0.5157, 3.0, 0.5157 ],
							"rotationY": -45.0,
							"faces": {
								"north": { "texture": "#pommel", "uv": [ 4.0, 1.0, 5.5, 2.0 ] },
								"east": { "texture": "#pommel", "uv": [ 3.5, 11.5, 5.0, 12.5 ] },
								"south": { "texture": "#pommel", "uv": [ 5.0, 7.0, 6.5, 8.0 ] },
								"west": { "texture": "#pommel", "uv": [ 1.0, 11.0, 2.5, 12.0 ] },
								"up": { "texture": "#pommel", "uv": [ 0.5, 1.5, 2.0, 3.0 ] },
								"down": { "texture": "#pommel", "uv": [ 2.5, 6.5, 4.0, 8.0 ] }
							}
						}
					]
				},
				{
					"name": "band2",
					"from": [ 3.86, -0.6, -1.0 ],
					"to": [ 4.66, 0.6, 1.0 ],
					"rotationOrigin": [ 4.0, 0.0, 0.0 ],
					"faces": {
						"north": { "texture": "#metal", "uv": [ 11.5, 4.0, 12.0, 5.0 ] },
						"east": { "texture": "#metal", "uv": [ 7.0, 7.5, 9.0, 8.5 ] },
						"south": { "texture": "#metal", "uv": [ 7.0, 8.5, 7.5, 9.5 ] },
						"west": { "texture": "#metal", "uv": [ 0.5, 4.5, 2.5, 5.5 ] },
						"up": { "texture": "#metal", "uv": [ 2.0, 5.5, 2.5, 7.5 ] },
						"down": { "texture": "#metal", "uv": [ 7.0, 6.5, 7.5, 8.5 ] }
					}
				},
				{
					"name": "crossguard2",
					"from": [ 4.25, -0.35, 0.45 ],
					"to": [ 4.95, 0.35, 3.45 ],
					"rotationOrigin": [ 4.55, -0.05, 5.0 ],
					"faces": {
						"east": { "texture": "#metal", "uv": [ 0.5, 4.5, 3.5, 5.0 ] },
						"west": { "texture": "#metal", "uv": [ 3.0, 11.0, 6.0, 11.5 ] },
						"up": { "texture": "#metal", "uv": [ 2.0, 3.5, 2.5, 6.5 ] },
						"down": { "texture": "#metal", "uv": [ 1.5, 1.0, 2.0, 4.0 ] }
					},
					"children": [
						{
							"name": "hiltcap2",
							"from": [ -0.15, -0.1, 3.5 ],
							"to": [ 0.75, 0.8, 4.5 ],
							"rotationOrigin": [ 0.4, 0.4, 3.0 ],
							"rotationY": -22.5,
							"faces": {
								"north": { "texture": "#metal", "uv": [ 9.0, 9.5, 9.5, 10.0 ] },
								"east": { "texture": "#metal", "uv": [ 8.0, 5.0, 9.0, 5.5 ] },
								"south": { "texture": "#metal", "uv": [ 7.5, 12.5, 8.0, 13.0 ] },
								"west": { "texture": "#metal", "uv": [ 13.0, 2.5, 14.0, 3.0 ] },
								"up": { "texture": "#metal", "uv": [ 1.5, 4.0, 2.0, 5.0 ] },
								"down": { "texture": "#metal", "uv": [ 3.0, 11.0, 3.5, 12.0 ] }
							}
						},
						{
							"name": "crossguard4",
							"from": [ -0.325, 0.007, 2.5 ],
							"to": [ 0.375, 0.697, 3.5 ],
							"rotationOrigin": [ -0.65, 0.35, 3.55 ],
							"rotationY": -22.5,
							"faces": {
								"east": { "texture": "#metal", "uv": [ 0.5, 4.5, 1.5, 5.0 ] },
								"west": { "texture": "#metal", "uv": [ 3.0, 11.0, 4.0, 11.5 ] },
								"up": { "texture": "#metal", "uv": [ 2.0, 3.5, 2.5, 4.5 ] },
								"down": { "texture": "#metal", "uv": [ 1.5, 1.0, 2.0, 2.0 ] }
							}
						}
					]
				},
				{
					"name": "hilt2",
					"from": [ 4.0, -0.5, -0.75 ],
					"to": [ 5.5, 0.5, 0.75 ],
					"rotationOrigin": [ 4.75, 0.0, 0.0 ],
					"rotationY": -45.0,
					"faces": {
						"north": { "texture": "#metal", "uv": [ 4.0, 1.0, 5.5, 2.0 ] },
						"east": { "texture": "#metal", "uv": [ 3.5, 11.5, 5.0, 12.5 ] },
						"south": { "texture": "#metal", "uv": [ 5.0, 7.0, 6.5, 8.0 ] },
						"west": { "texture": "#metal", "uv": [ 1.0, 11.0, 2.5, 12.0 ] },
						"up": { "texture": "#metal", "uv": [ 0.5, 1.5, 2.0, 3.0 ] },
						"down": { "texture": "#metal", "uv": [ 2.5, 6.5, 4.0, 8.0 ] }
					}
				},
				{
					"name": "handle3",
					"from": [ -4.0, -0.55, -0.5 ],
					"to": [ 4.0, 0.55, 0.5 ],
					"rotationOrigin": [ -4.0, -0.5, -0.75 ],
					"faces": {
						"north": { "texture": "#handle", "uv": [ 0.0, 0.0, 8.0, 1.0 ] },
						"east": { "texture": "#handle", "uv": [ 0.0, 0.0, 1.0, 1.0 ] },
						"south": { "texture": "#handle", "uv": [ 0.0, 0.0, 8.0, 1.0 ] },
						"west": { "texture": "#handle", "uv": [ 0.0, 0.0, 1.0, 1.0 ] },
						"up": { "texture": "#handle", "uv": [ 0.0, 0.0, 8.0, 1.0 ] },
						"down": { "texture": "#handle", "uv": [ 0.0, 0.0, 8.0, 1.0 ] }
					}
				},
				{
					"name": "hilt3",
					"from": [ 4.2, -0.55, -0.5 ],
					"to": [ 5.2, 0.55, 0.5 ],
					"rotationOrigin": [ 4.7, 0.05, 0.0 ],
					"rotationY": -45.0,
					"faces": {
						"north": { "texture": "#metal", "uv": [ 4.0, 1.0, 5.0, 2.0 ] },
						"east": { "texture": "#metal", "uv": [ 3.5, 11.5, 4.5, 12.5 ] },
						"south": { "texture": "#metal", "uv": [ 5.0, 7.0, 6.0, 8.0 ] },
						"west": { "texture": "#metal", "uv": [ 1.0, 11.0, 2.0, 12.0 ] },
						"up": { "texture": "#metal", "uv": [ 0.5, 1.5, 1.5, 2.5 ] },
						"down": { "texture": "#metal", "uv": [ 2.5, 6.5, 3.5, 7.5 ] }
					}
				}
			]
		}
	]}