[
  {
    "op": "add",
    "path": "/server/behaviors/11/aitasks/-",
    "file": "viverridae:entities/land/viverridae.json",
    "value": {
      "code": "fleeentity",
      "animation": "Run",
      "entityCodesByType": {
        "*": [ "scarecrow", "little-scarecrow", "strawdummy" ]
      },
      "priority": 1.53,
      "movespeedByType": {
        "*-adult-*": 0.06,
        "*-baby-*": 0.045
      },
      "animationSpeedByType": {
        "*-adult-male-arctictisbinturong": 1.8,
        "*-adult-female-arctictisbinturong": 2,
        "*-baby-*-arctictisbinturong": 2.64,
        "*-adult-male-civettictiscivetta": 1.8,
        "*-adult-female-civettictiscivetta": 2,
        "*-baby-*-civettictiscivetta": 2.64,
        "*-adult-male-macrogalidiamusschenbroekii": 1.8,
        "*-adult-female-macrogalidiamusschenbroekii": 2,
        "*-baby-*-macrogalidiamusschenbroekii": 2.64,
        "*-adult-male-viverracivettina": 1.8,
        "*-adult-female-viverracivettina": 2,
        "*-baby-*-viverracivettina": 2.64,
        "*-adult-male-viverramegaspila": 1.8,
        "*-adult-female-viverramegaspila": 2,
        "*-baby-*-viverramegaspila": 2.64,
        "*-adult-male-viverrazibetha": 1.8,
        "*-adult-female-viverrazibetha": 2,
        "*-baby-*-viverrazibetha": 2.64,
        "*-adult-male-*": 2.7,
        "*-adult-female-*": 3,
        "*-baby-*": 4,
        "*": 1
      },
      "seekingRange": 20,
      "whenInEmotionState": "fleeondamage"
    },
    "side": "server"
  },
  {
    "op": "add",
    "path": "/server/behaviors/11/aitasks/-",
    "file": "viverridae:entities/land/viverridae.json",
    "value": {
      "code": "fleeentity",
      "animation": "Canter",
      "entityCodesByType": {
        "*": [ "scarecrow" ]
      },
      "priority": 1.52,
      "movespeedByType": {
        "*-adult-*": 0.04,
        "*-baby-*": 0.03
      },
      "animationSpeedByType": {
        "*-adult-male-arctictisbinturong": 1.8,
        "*-adult-female-arctictisbinturong": 2,
        "*-baby-*-arctictisbinturong": 2.64,
        "*-adult-male-civettictiscivetta": 1.8,
        "*-adult-female-civettictiscivetta": 2,
        "*-baby-*-civettictiscivetta": 2.64,
        "*-adult-male-macrogalidiamusschenbroekii": 1.8,
        "*-adult-female-macrogalidiamusschenbroekii": 2,
        "*-baby-*-macrogalidiamusschenbroekii": 2.64,
        "*-adult-male-viverracivettina": 1.8,
        "*-adult-female-viverracivettina": 2,
        "*-baby-*-viverracivettina": 2.64,
        "*-adult-male-viverramegaspila": 1.8,
        "*-adult-female-viverramegaspila": 2,
        "*-baby-*-viverramegaspila": 2.64,
        "*-adult-male-viverrazibetha": 1.8,
        "*-adult-female-viverrazibetha": 2,
        "*-baby-*-viverrazibetha": 2.64,
        "*-adult-male-*": 2.7,
        "*-adult-female-*": 3,
        "*-baby-*": 4,
        "*": 1
      },
      "seekingRange": 16
    },
    "side": "server"
  },
  {
    "op": "add",
    "path": "/server/behaviors/11/aitasks/-",
    "file": "viverridae:entities/land/viverridae.json",
    "value": {
      "code": "fleeentity",
      "animation": "Canter",
      "entityCodesByType": {
        "*": [ "little-scarecrow" ]
      },
      "priority": 1.52,
      "movespeedByType": {
        "*-adult-*": 0.04,
        "*-baby-*": 0.03
      },
      "animationSpeedByType": {
        "*-adult-male-arctictisbinturong": 1.8,
        "*-adult-female-arctictisbinturong": 2,
        "*-baby-*-arctictisbinturong": 2.64,
        "*-adult-male-civettictiscivetta": 1.8,
        "*-adult-female-civettictiscivetta": 2,
        "*-baby-*-civettictiscivetta": 2.64,
        "*-adult-male-macrogalidiamusschenbroekii": 1.8,
        "*-adult-female-macrogalidiamusschenbroekii": 2,
        "*-baby-*-macrogalidiamusschenbroekii": 2.64,
        "*-adult-male-viverracivettina": 1.8,
        "*-adult-female-viverracivettina": 2,
        "*-baby-*-viverracivettina": 2.64,
        "*-adult-male-viverramegaspila": 1.8,
        "*-adult-female-viverramegaspila": 2,
        "*-baby-*-viverramegaspila": 2.64,
        "*-adult-male-viverrazibetha": 1.8,
        "*-adult-female-viverrazibetha": 2,
        "*-baby-*-viverrazibetha": 2.64,
        "*-adult-male-*": 2.7,
        "*-adult-female-*": 3,
        "*-baby-*": 4,
        "*": 1
      },
      "seekingRange": 8
    },
    "side": "server"
  },
  {
    "op": "add",
    "path": "/server/behaviors/11/aitasks/-",
    "file": "viverridae:entities/land/viverridae.json",
    "value": {
      "code": "fleeentity",
      "animation": "Canter",
      "entityCodesByType": {
        "*": [ "strawdummy" ]
      },
      "priority": 1.52,
      "movespeedByType": {
        "*-adult-*": 0.04,
        "*-baby-*": 0.03
      },
      "animationSpeedByType": {
        "*-adult-male-arctictisbinturong": 1.8,
        "*-adult-female-arctictisbinturong": 2,
        "*-baby-*-arctictisbinturong": 2.64,
        "*-adult-male-civettictiscivetta": 1.8,
        "*-adult-female-civettictiscivetta": 2,
        "*-baby-*-civettictiscivetta": 2.64,
        "*-adult-male-macrogalidiamusschenbroekii": 1.8,
        "*-adult-female-macrogalidiamusschenbroekii": 2,
        "*-baby-*-macrogalidiamusschenbroekii": 2.64,
        "*-adult-male-viverracivettina": 1.8,
        "*-adult-female-viverracivettina": 2,
        "*-baby-*-viverracivettina": 2.64,
        "*-adult-male-viverramegaspila": 1.8,
        "*-adult-female-viverramegaspila": 2,
        "*-baby-*-viverramegaspila": 2.64,
        "*-adult-male-viverrazibetha": 1.8,
        "*-adult-female-viverrazibetha": 2,
        "*-baby-*-viverrazibetha": 2.64,
        "*-adult-male-*": 2.7,
        "*-adult-female-*": 3,
        "*-baby-*": 4,
        "*": 1
      },
      "seekingRange": 4
    },
    "side": "server"
  },
  {
    "op": "add",
    "path": "/server/behaviors/11/aitasks/-",
    "file": "viverridae:entities/land/viverridae.json",
    "value": {
      "code": "fleeentity",
      "animation": "Walk",
      "entityCodesByType": {
        "*": [ "scarecrow" ]
      },
      "priority": 1.51,
      "movespeedByType": {
        "*-adult-*": 0.0036,
        "*-baby-*": 0.0027
      },
      "animationSpeedByType": {
        "*-adult-male-arctictisbinturong": 0.6,
        "*-adult-female-arctictisbinturong": 0.66,
        "*-baby-*-arctictisbinturong": 0.89,
        "*-adult-male-civettictiscivetta": 0.6,
        "*-adult-female-civettictiscivetta": 0.66,
        "*-baby-*-civettictiscivetta": 0.89,
        "*-adult-male-macrogalidiamusschenbroekii": 0.6,
        "*-adult-female-macrogalidiamusschenbroekii": 0.66,
        "*-baby-*-macrogalidiamusschenbroekii": 0.89,
        "*-adult-male-viverracivettina": 0.6,
        "*-adult-female-viverracivettina": 0.66,
        "*-baby-*-viverracivettina": 0.89,
        "*-adult-male-viverramegaspila": 0.6,
        "*-adult-female-viverramegaspila": 0.66,
        "*-baby-*-viverramegaspila": 0.89,
        "*-adult-male-viverrazibetha": 0.6,
        "*-adult-female-viverrazibetha": 0.66,
        "*-baby-*-viverrazibetha": 0.89,
        "*-adult-male-*": 0.9,
        "*-adult-female-*": 1,
        "*-baby-*": 1.35,
        "*": 1
      },
      "seekingRange": 20
    },
    "side": "server"
  },
  {
    "op": "add",
    "path": "/server/behaviors/11/aitasks/-",
    "file": "viverridae:entities/land/viverridae.json",
    "value": {
      "code": "fleeentity",
      "animation": "Walk",
      "entityCodesByType": {
        "*": [ "little-scarecrow" ]
      },
      "priority": 1.51,
      "movespeedByType": {
        "*-adult-*": 0.0036,
        "*-baby-*": 0.0027
      },
      "animationSpeedByType": {
        "*-adult-male-arctictisbinturong": 0.6,
        "*-adult-female-arctictisbinturong": 0.66,
        "*-baby-*-arctictisbinturong": 0.89,
        "*-adult-male-civettictiscivetta": 0.6,
        "*-adult-female-civettictiscivetta": 0.66,
        "*-baby-*-civettictiscivetta": 0.89,
        "*-adult-male-macrogalidiamusschenbroekii": 0.6,
        "*-adult-female-macrogalidiamusschenbroekii": 0.66,
        "*-baby-*-macrogalidiamusschenbroekii": 0.89,
        "*-adult-male-viverracivettina": 0.6,
        "*-adult-female-viverracivettina": 0.66,
        "*-baby-*-viverracivettina": 0.89,
        "*-adult-male-viverramegaspila": 0.6,
        "*-adult-female-viverramegaspila": 0.66,
        "*-baby-*-viverramegaspila": 0.89,
        "*-adult-male-viverrazibetha": 0.6,
        "*-adult-female-viverrazibetha": 0.66,
        "*-baby-*-viverrazibetha": 0.89,
        "*-adult-male-*": 0.9,
        "*-adult-female-*": 1,
        "*-baby-*": 1.35,
        "*": 1
      },
      "seekingRange": 12
    },
    "side": "server"
  },
  {
    "op": "add",
    "path": "/server/behaviors/11/aitasks/-",
    "file": "viverridae:entities/land/viverridae.json",
    "value": {
      "code": "fleeentity",
      "animation": "Walk",
      "entityCodesByType": {
        "*": [ "strawdummy" ]
      },
      "priority": 1.51,
      "movespeedByType": {
        "*-adult-*": 0.0036,
        "*-baby-*": 0.0027
      },
      "animationSpeedByType": {
        "*-adult-male-arctictisbinturong": 0.6,
        "*-adult-female-arctictisbinturong": 0.66,
        "*-baby-*-arctictisbinturong": 0.89,
        "*-adult-male-civettictiscivetta": 0.6,
        "*-adult-female-civettictiscivetta": 0.66,
        "*-baby-*-civettictiscivetta": 0.89,
        "*-adult-male-macrogalidiamusschenbroekii": 0.6,
        "*-adult-female-macrogalidiamusschenbroekii": 0.66,
        "*-baby-*-macrogalidiamusschenbroekii": 0.89,
        "*-adult-male-viverracivettina": 0.6,
        "*-adult-female-viverracivettina": 0.66,
        "*-baby-*-viverracivettina": 0.89,
        "*-adult-male-viverramegaspila": 0.6,
        "*-adult-female-viverramegaspila": 0.66,
        "*-baby-*-viverramegaspila": 0.89,
        "*-adult-male-viverrazibetha": 0.6,
        "*-adult-female-viverrazibetha": 0.66,
        "*-baby-*-viverrazibetha": 0.89,
        "*-adult-male-*": 0.9,
        "*-adult-female-*": 1,
        "*-baby-*": 1.35,
        "*": 1
      },
      "seekingRange": 8
    },
    "side": "server"
  }
]