[
    {
        "code": "dyedcandle",
        "sealHours": 6,
        "ingredients": [
            {
                "type": "item",
                "code": "game:dye-*",
                "name": "color",
                "litres": 2,
                "consumelitres": 2,
                "allowedVariants": [ "orange", "black", "red", "blue", "green", "yellow", "white", "gray", "purple", "pink", "woad"]
            },
            {
                "type": "item",
                "code": "game:candle",
                "quantity": 1
            }
        ],
        "output": {
            "type": "item",
            "code": "colorfulcandles:dyedcandle-{color}"
        }
    },
    {
        "code": "dyedcandle",
        "sealHours": 6,
        "ingredients": [
            {
                "type": "item",
                "code": "colorfulcandles:dye-*",
                "name": "color",
                "litres": 2,
                "consumelitres": 2,
                "allowedVariants": [ "mint", "skyblue", "lavender", "brown", "teal", "lime"]
            },
            {
                "type": "item",
                "code": "game:candle",
                "quantity": 1
            }
        ],
        "output": {
            "type": "item",
            "code": "colorfulcandles:dyedcandle-{color}"
        }
    }
]