{
	"code": "deadchicken",
	"class": "butcherable",
	"variantgroups": [
		{
			"code": "type",
			"states": [ "male", "female", "baby" ]
		},
		{
			"code": "texture",
			"states": [ "1", "2", "3", "4", "5", "6", "7", "8" ]
		},
		{
			"code": "state",
			"states": [ "dead", "skinned", "bledout", "rotten" ]
		}
	],
	"allowedVariants": [
		"@deadchicken-male-[1-5]-.*",
		"deadchicken-female-*",
		"deadchicken-baby-*"
	],
	"skipVariants": [
		"@deadchicken-.*-[2-8]-(skinned|bledout|rotten)"
	],
	"maxstacksize": 1,
	"behaviors": [
		{
			"name": "GroundStorable",
			"properties": {
				"layout": "SingleCenter",
				"collisionBox": {
					"x1": 0.2,
					"y1": 0,
					"z1": 0.2,
					"x2": 0.8,
					"y2": 0.5,
					"z2": 0.8
				}
			}
		}
	],
	"texturesByType": {
		"deadchicken-male-*-dead": { "skin": { "base": "game:entity/animal/bird/chicken/rooster{texture}" } },
		"deadchicken-female-*-dead": { "skin": { "base": "game:entity/animal/bird/chicken/hen{texture}" } },
		"deadchicken-baby-*-dead": { "skin": { "base": "game:entity/animal/bird/chicken/babychick{texture}" } },
		"deadchicken-*-skinned": { "skin": { "base": "butchering:item/butchercreatures/animalpoultrymeatbloody" } },
		"deadchicken-*-bledout": { "skin": { "base": "butchering:item/butchercreatures/animalpoultrymeatbledout" } },
		"deadchicken-*-rotten": { "skin": { "base": "game:block/creature/rot/rot" } }
	},
	"attributesByType": {
		"deadchicken-male-*": {
			"size": 0.5,
			"mass": 0.02,
			"butcheringWorkLoad": "small",
			"handbookByType": {
				"*-rotten": {
					"exclude": false
				},
				"*": {
					"exclude": true
				}
			},
			"hangingShape": { "base": "butchering:creatures/game/chicken/chicken-rooster-hanging" },
			"butcheringRewards": [
			],
			"skinningRewards": [
			]
		},
		"deadchicken-female-*": {
			"size": 0.5,
			"mass": 0.02,
			"butcheringWorkLoad": "small",
			"handbookByType": {
				"*-rotten": {
					"exclude": false
				},
				"*": {
					"exclude": true
				}
			},
			"hangingShape": { "base": "butchering:creatures/game/chicken/chicken-hen-hanging" },
			"butcheringRewards": [
			],
			"skinningRewards": [
			]
		},
		"deadchicken-baby-*": {
			"size": 0.5,
			"mass": 0,
			"butcheringWorkLoad": "small",
			"handbookByType": {
				"*-rotten": {
					"exclude": false
				},
				"*": {
					"exclude": true
				}
			},
			"hangingShape": { "base": "butchering:creatures/game/chicken/chicken-baby-hanging" },
			"butcheringRewards": [
			],
			"skinningRewards": [
			]
		}
	},
	"shapeByType": {
		"deadchicken-male-*": { "base": "creatures/game/chicken/chicken-rooster-dead" },
		"deadchicken-female-*": { "base": "creatures/game/chicken/chicken-hen-dead" },
		"deadchicken-baby-*": { "base": "creatures/game/chicken/chicken-baby-dead" }
	},
	"storageFlagsbytype": {
		"deadchicken-baby-*": 2049,
		"*-rotten": 1,
		"*": 2049
	},
	"transitionablePropsByType": {
		"*-rotten": [],
		"*": [
			{
				"type": "perish",
				"freshHours": {
					"avg": 80
				},
				"transitionHours": {
					"avg": 24
				},
				"transitionedStack": {
					"type": "item",
					"code": "butchering:deadchicken-{type}-1-rotten"
				},
				"transitionRatio": 1
			}
		]
	},
	"creativeinventory": {
		"general": [ "*" ],
		"items": [ "*" ]
	},
	"heldTpIdleAnimation": "holdunderarm",
	"guiTransform": {
		"translation": {
			"x": 0,
			"y": 0,
			"z": 0
		},
		"rotation": {
			"x": -20,
			"y": 21,
			"z": 180
		},
		"origin": {
			"x": 0.53,
			"y": 0.35,
			"z": 0.5
		},
		"scale": 1,
		"rotate": true
	},
	"fpHandTransform": {
		"translation": {
			"x": 0,
			"y": 0,
			"z": 0
		},
		"rotation": {
			"x": -132,
			"y": -180,
			"z": -18
		}
	},
	"tpHandTransform": {
		"translation": {
			"x": -0.5,
			"y": -0.3,
			"z": -0.7
		},
		"rotation": {
			"x": -89,
			"y": -12,
			"z": 3
		},
		"scale": 0.86
	},
	"groundTransform": {
		"translation": {
			"x": 0,
			"y": 0,
			"z": 0
		},
		"rotation": {
			"x": 180,
			"y": 33,
			"z": -180
		},
		"origin": {
			"x": 0.5,
			"y": 0,
			"z": 0.5
		},
		"scale": 4.5
	}
}