{
	"enabled": true,
	"code": "deadgoat",
	"class": "butcherable",
	"variantgroups": [
		{
			"code": "type",
			"states": [ "male" ]
		},
		{
			"code": "skin",
			"states": [ "adult", "adultlarge", "baby" ]
		},
		{
			"code": "texture",
			"states": [ "1" ]
		},
		{
			"code": "state",
			"states": [ "dead", "skinned", "bledout", "rotten" ]
		}
	],
	"allowedVariants": [
		"deadgoat-male-*",
		"deadgoat-female-*",
		"deadgoat-baby-*"
	],
	"skipVariants": [
	],
	"maxstacksize": 1,
	"behaviors": [
		{
			"name": "GroundStorable",
			"properties": {
				"layout": "SingleCenter",
				"collisionBox": {
					"x1": 0.2,
					"y1": 0,
					"z1": 0.2,
					"x2": 0.8,
					"y2": 0.5,
					"z2": 0.8
				}
			}
		}
	],
	"texturesByType": {
		"deadgoat-*-adult-*-dead": { "hide": { "base": "game:entity/animal/mammal/hooved/goat/nubian-adult" } },
		"deadgoat-*-adultlarge-*-dead": { "hide": { "base": "game:entity/animal/mammal/hooved/goat/takingold-adult" } },
		"deadgoat-*-baby-*-dead": { "hide": { "base": "game:entity/animal/mammal/hooved/goat/nubian-baby" } },
		"deadgoat-*-skinned": { "hide": { "base": "butchering:item/butchercreatures/animalredmeatbloody" } },
		"deadgoat-*-bledout": { "hide": { "base": "butchering:item/butchercreatures/animalredmeatbledout" } },
		"deadgoat-*-rotten": { "hide": { "base": "game:block/creature/rot/rot" } }
	},
	"attributesByType": {
		"deadgoat-male-adult-*": {
			"size": 0.5,
			"mass": 0.04,
			"bloodAmount": 200,
			"butcheringWorkLoad": "medium",
			"handbookByType": {
				"*-rotten": {
					"exclude": false
				},
				"*": {
					"exclude": true
				}
			},
			"hangingShape": { "base": "butchering:creatures/game/goat/goat-nubian-adult-hanging" },
			"excludeRewards": [ "hide-raw-small", "hide-raw-large" ],
			"butcheringRewards": [
				{
					"type": "item",
					"code": "butchering:primemeat-raw",
					"quantity": {
						"avg": 2,
						"var": 0.5
					}
				},
				{
					"type": "item",
					"code": "butchering:offal-bloody",
					"quantity": {
						"avg": 2,
						"var": 0.5
					}
				}
			],
			"skinningRewards": [
			]
		},
		"deadgoat-male-adultlarge-*": {
			"size": 0.5,
			"mass": 0.08,
			"bloodAmount": 400,
			"butcheringWorkLoad": "medium",
			"handbookByType": {
				"*-rotten": {
					"exclude": false
				},
				"*": {
					"exclude": true
				}
			},
			"hangingShape": { "base": "butchering:creatures/game/goat/goat-takingold-adult-hanging" },
			"excludeRewards": [ "hide-raw-small", "hide-raw-medium" ],
			"butcheringRewards": [
				{
					"type": "item",
					"code": "butchering:primemeat-raw",
					"quantity": {
						"avg": 3,
						"var": 1
					}
				},
				{
					"type": "item",
					"code": "butchering:offal-bloody",
					"quantity": {
						"avg": 3,
						"var": 1
					}
				}
			],
			"skinningRewards": [
			]
		},
		"deadgoat-male-baby-*": {
			"size": 0.5,
			"mass": 0,
			"bloodAmount": 20,
			"butcheringWorkLoad": "small",
			"handbookByType": {
				"*-rotten": {
					"exclude": false
				},
				"*": {
					"exclude": true
				}
			},
			"hangingShape": { "base": "butchering:creatures/game/goat/goat-baby-hanging" },
			"excludeRewards": [ "hide-raw-large" ],
			"butcheringRewards": [
			],
			"skinningRewards": [
			]
		}
	},

	"shapeByType": {
		"deadgoat-male-adult-*": { "base": "creatures/game/goat/goat-nubian-adult-dead" },
		"deadgoat-male-adultlarge-*": { "base": "creatures/game/goat/goat-takingold-adult-dead" },
		"deadgoat-male-baby-*": { "base": "creatures/game/goat/goat-baby-dead" }

	},
	"storageFlagsbytype": {
		"deadgoat-male-baby-*": 2049,
		"*-rotten": 1,
		"*": 2050
	},
	"transitionablePropsByType": {
		"*-rotten": [],
		"*": [
			{
				"type": "perish",
				"freshHours": {
					"avg": 80
				},
				"transitionHours": {
					"avg": 24
				},
				"transitionedStack": {
					"type": "item",
					"code": "butchering:deadgoat-{type}-{skin}-1-rotten"
				},
				"transitionRatio": 1
			}
		]
	},
	"creativeinventory": {
		"general": [ "*" ],
		"items": [ "*" ]
	},
	"heldTpIdleAnimation": "holdunderarm",
	"guiTransform": {
		"translation": {
			"x": 0,
			"y": 0,
			"z": 0
		},
		"rotation": {
			"x": -20,
			"y": 21,
			"z": 180
		},
		"origin": {
			"x": 0.53,
			"y": 0.35,
			"z": 0.5
		},
		"scale": 1,
		"rotate": true
	},
	"fpHandTransform": {
		"translation": {
			"x": 0,
			"y": 0,
			"z": 0
		},
		"rotation": {
			"x": -132,
			"y": -180,
			"z": -18
		}
	},
	"tpHandTransform": {
		"translation": {
			"x": -0.5,
			"y": -0.3,
			"z": -0.7
		},
		"rotation": {
			"x": -89,
			"y": -12,
			"z": 3
		},
		"scale": 0.86
	},
	"groundTransform": {
		"translation": {
			"x": 0,
			"y": 0,
			"z": 0
		},
		"rotation": {
			"x": 180,
			"y": 33,
			"z": -180
		},
		"origin": {
			"x": 0.5,
			"y": 0,
			"z": 0.5
		},
		"scale": 4.5
	}
}