{
	"code": "deadraccoon",
	"class": "butcherable",
	"variantgroups": [
		{ "code": "type", "states": [ "male", "female", "baby"] },
		{ "code": "skin", "states": [ "common"] },
		{ "code": "texture", "states": [ "1" ] },
		{ "code": "state", "states": [ "dead", "skinned", "bledout", "rotten" ] }
	],
	"allowedVariants": [
		"deadraccoon-male-*",
		"deadraccoon-female-*",
		"deadraccoon-baby-*"
	],
	"skipVariants": [
	],
	"maxstacksize": 1,
	"behaviors": [{ "name": "GroundStorable", "properties": { "layout": "SingleCenter", "collisionBox": { "x1": 0.2, "y1": 0, "z1": 0.2, "x2": 0.8, "y2": 0.5, "z2": 0.8 }}}],
	"texturesByType": {
		"deadraccoon-male-*-dead": { "raccoon": { "base": "game:entity/animal/mammal/raccoon/{skin}-{type}*" } },
		"deadraccoon-female-*-dead": { "raccoon": { "base": "game:entity/animal/mammal/raccoon/{skin}-{type}*" } },
		"deadraccoon-baby-*-dead": { "raccoon": { "base": "game:entity/animal/mammal/raccoon/{skin}-{type}*" } },
		"deadraccoon-*-skinned": { "raccoon": { "base": "butchering:item/butchercreatures/animalredmeatbloody" } },
		"deadraccoon-*-bledout": { "raccoon": { "base": "butchering:item/butchercreatures/animalredmeatbledout" } },
		"deadraccoon-*-rotten": { "raccoon": { "base": "game:block/creature/rot/rot" } }
	},
	"attributesByType": {
		"deadraccoon-male-*": {
			"size": 0.5,
			"mass": 0.02,
			"bloodAmount": 50,
			"butcheringWorkLoad": "small",
			"handbookByType": {
				"*-rotten": {
					"exclude": false
				},
				"*": {
					"exclude": true
				}
			},
			"hangingShape": { "base": "butchering:creatures/game/raccoon/raccoon-male-hanging" },
			"excludeRewards": [],
			"butcheringRewards": [
				{
					"type": "item",
					"code": "butchering:sinew-wet",
					"quantity": {
						"avg": 1.1,
						"var": 0.5
					}
				},
				{
					"type": "item",
					"code": "butchering:offal-bloody",
					"quantity": {
						"avg": 1,
						"var": 0.5
					}
				}
			],
			"skinningRewards": [
			]
		},
		"deadraccoon-female-*": {
			"size": 0.5,
			"mass": 0.02,
			"bloodAmount": 50,
			"butcheringWorkLoad": "small",
			"handbookByType": {
				"*-rotten": {
					"exclude": false
				},
				"*": {
					"exclude": true
				}
			},
			"hangingShape": { "base": "butchering:creatures/game/raccoon/raccoon-female-hanging" },
			"excludeRewards": [],
			"butcheringRewards": [
				{
					"type": "item",
					"code": "butchering:sinew-wet",
					"quantity": {
						"avg": 1.1,
						"var": 0.5
					}
				},
				{
					"type": "item",
					"code": "butchering:offal-bloody",
					"quantity": {
						"avg": 1,
						"var": 0.5
					}
				}
			],
			"skinningRewards": [
			]
		},
		"deadraccoon-baby-*": {
			"size": 0.5,
			"mass": 0,
			"bloodAmount": 10,
			"butcheringWorkLoad": "small",
			"handbookByType": {
				"*-rotten": {
					"exclude": false
				},
				"*": {
					"exclude": true
				}
			},
			"hangingShape": { "base": "butchering:creatures/game/raccoon/raccoon-pup-hanging" },
			"excludeRewards": [],
			"butcheringRewards": [
			],
			"skinningRewards": [
			]
		}
	},
	
	"shapeByType": {
		"deadraccoon-male-*": { "base": "creatures/game/raccoon/raccoon-male-dead" },
		"deadraccoon-female-*": { "base": "creatures/game/raccoon/raccoon-female-dead" },
		"deadraccoon-baby-*": { "base": "creatures/game/raccoon/raccoon-pup-dead" }

	},
	"storageFlagsbytype": {
		"deadraccon-baby-*": 2049,
		"*-rotten": 1,
		"*": 2049
	},
    "transitionablePropsByType": {
		"*-rotten": [],
		"*": [
			{
				"type": "perish",
				"freshHours": {
					"avg": 80
				},
				"transitionHours": {
					"avg": 24
				},
				"transitionedStack": {
					"type": "item",
					"code": "butchering:deadraccoon-{type}-{skin}-1-rotten"
				},
				"transitionRatio": 1
			}
		]
	},
	"creativeinventory": { "general": ["*"], "items": ["*"] },
	"heldTpIdleAnimation": "holdunderarm",
	"guiTransform": {
		"translation": { "x": 0, "y": 0, "z": 0 },
		"rotation": { "x": -20, "y": 21, "z": 180 },
		"origin": { "x": 0.53, "y": 0.35, "z": 0.5 },
		"scale": 1,
		"rotate": true
	},
	"fpHandTransform": {
		"translation": { "x": 0, "y": 0, "z": 0 },
		"rotation": { "x": -132, "y": -180, "z": -18 }
	},
	"tpHandTransform": {
		"translation": { "x": -0.5, "y": -0.3, "z": -0.7 },
		"rotation": { "x": -89, "y": -12, "z": 3 },
		"scale": 0.86
	},
	"groundTransform": {
		"translation": { "x": 0, "y": 0, "z": 0 },
		"rotation": { "x": 180, "y": 33, "z": -180 },
		"origin": { "x": 0.5, "y": 0, "z": 0.5 },
		"scale": 4.5
	}
}