{
	"editor": {
		"allAngles": true,
		"entityTextureMode": false
	},
	"textureWidth": 64,
	"textureHeight": 64,
	"textureSizes": {
	},
	"textures": {
		"rustyglow": "game:block/machine/statictranslocator/rustyglow",
		"gold": "game:block/metal/plate/gold",
		"cupronickel1": "game:block/metal/sheet/cupronickel1",
		"lead": "game:block/metal/tarnished/lead",
		"silver": "game:entity/humanoid/serapharmor/plate/silver"
	},
	"elements": [
		{
			"name": "ArmorHelmet",
			"stepParentName": "Head",
			"from": [ -0.2, -0.5, -0.6 ],
			"to": [ 6.4, 5.5, 5.7 ],
			"rotationOrigin": [ -0.2, -0.5, -0.6 ],
			"faces": {
				"north": { "texture": "#silver", "uv": [ 26.5, 20.5, 33.0, 26.5 ] },
				"east": { "texture": "#silver", "uv": [ 45.5, 20.5, 51.5, 26.5 ] },
				"south": { "texture": "#silver", "uv": [ 39.0, 20.5, 45.5, 26.5 ] },
				"west": { "texture": "#silver", "uv": [ 33.0, 20.5, 39.0, 26.5 ] },
				"up": { "texture": "#silver", "uv": [ 33.0, 14.0, 39.0, 20.5 ], "rotation": 90 },
				"down": { "texture": "#silver", "uv": [ 33.0, 26.5, 39.0, 33.0 ], "rotation": 90 }
			},
			"children": [
				{
					"name": "FaceplateR",
					"from": [ 3.0, 2.0, -0.5 ],
					"to": [ 5.0, 4.0, 0.0 ],
					"rotationOrigin": [ 3.0, 2.0, -0.6 ],
					"rotationZ": 45.0,
					"faces": {
						"north": { "texture": "#silver", "uv": [ 41.5, 8.0, 43.5, 10.0 ] },
						"east": { "texture": "#silver", "uv": [ 42.0, 3.0, 42.5, 5.0 ] },
						"west": { "texture": "#silver", "uv": [ 42.5, 3.0, 43.0, 5.0 ] },
						"up": { "texture": "#silver", "uv": [ 41.5, 1.0, 43.5, 1.5 ] },
						"down": { "texture": "#silver", "uv": [ 41.5, 1.5, 43.5, 2.0 ] }
					}
				},
				{
					"name": "FaceplateL",
					"from": [ 3.0, 2.0, 6.3 ],
					"to": [ 5.0, 4.0, 6.8 ],
					"rotationOrigin": [ 3.0, 2.0, 6.4 ],
					"rotationZ": 45.0,
					"faces": {
						"east": { "texture": "#silver", "uv": [ 41.5, 3.0, 42.0, 5.0 ] },
						"south": { "texture": "#silver", "uv": [ 41.5, 6.0, 43.5, 8.0 ] },
						"west": { "texture": "#silver", "uv": [ 43.0, 3.0, 43.5, 5.0 ] },
						"up": { "texture": "#silver", "uv": [ 41.5, 2.5, 43.5, 3.0 ] },
						"down": { "texture": "#silver", "uv": [ 41.5, 2.0, 43.5, 2.5 ] }
					}
				},
				{
					"name": "ENTITYLENS",
					"from": [ -0.8, 2.7, 2.35 ],
					"to": [ 0.7, 4.3, 3.95 ],
					"rotationOrigin": [ -0.8, 2.7, 2.35 ],
					"faces": {
						"north": { "texture": "#cupronickel1", "uv": [ 0.0, 2.0, 2.0, 4.0 ] },
						"south": { "texture": "#cupronickel1", "uv": [ 2.0, 2.0, 4.0, 4.0 ] },
						"west": { "texture": "#cupronickel1", "uv": [ 4.0, 2.0, 6.0, 4.0 ] },
						"up": { "texture": "#cupronickel1", "uv": [ 0.0, 0.0, 2.0, 2.0 ] },
						"down": { "texture": "#cupronickel1", "uv": [ 2.0, 0.0, 4.0, 2.0 ] }
					},
					"children": [
						{
							"name": "EyelensRN4",
							"from": [ -0.5, 0.2, 0.2 ],
							"to": [ 0.0, 1.4, 0.4 ],
							"rotationOrigin": [ -0.5, 0.2, 0.2 ],
							"faces": {
								"north": { "texture": "#cupronickel1", "uv": [ 0.0, 0.0, 0.5, 1.0 ] },
								"south": { "texture": "#cupronickel1", "uv": [ 0.0, 0.0, 0.5, 1.0 ] },
								"west": { "texture": "#cupronickel1", "uv": [ 0.0, 0.0, 0.5, 1.0 ] },
								"up": { "texture": "#cupronickel1", "uv": [ 0.0, 0.0, 0.5, 0.5 ] },
								"down": { "texture": "#cupronickel1", "uv": [ 0.0, 0.0, 0.5, 0.5 ] }
							},
							"children": [
								{
									"name": "EyelensLU4",
									"from": [ 0.0, 1.0, 0.2 ],
									"to": [ 0.5, 1.2, 1.0 ],
									"rotationOrigin": [ 0.0, 1.0, 0.2 ],
									"faces": {
										"west": { "texture": "#cupronickel1", "uv": [ 0.0, 0.0, 0.5, 0.5 ] },
										"up": { "texture": "#cupronickel1", "uv": [ 0.0, 0.0, 0.5, 0.5 ] },
										"down": { "texture": "#cupronickel1", "uv": [ 0.0, 0.0, 0.5, 0.5 ] }
									}
								},
								{
									"name": "EyelensLS4",
									"from": [ 0.0, 0.0, 1.0 ],
									"to": [ 0.5, 1.2, 1.2 ],
									"rotationOrigin": [ 0.0, 0.0, 1.0 ],
									"faces": {
										"north": { "texture": "#cupronickel1", "uv": [ 0.0, 0.0, 0.5, 1.0 ] },
										"south": { "texture": "#cupronickel1", "uv": [ 0.0, 0.0, 0.5, 1.0 ] },
										"west": { "texture": "#cupronickel1", "uv": [ 0.0, 0.0, 0.5, 1.0 ] },
										"up": { "texture": "#cupronickel1", "uv": [ 0.0, 0.0, 0.5, 0.5 ] },
										"down": { "texture": "#cupronickel1", "uv": [ 0.0, 0.0, 0.5, 0.5 ] }
									}
								},
								{
									"name": "EyelensLD4",
									"from": [ 0.0, 0.0, 0.2 ],
									"to": [ 0.5, 0.2, 1.0 ],
									"rotationOrigin": [ 0.0, 0.0, 0.2 ],
									"faces": {
										"west": { "texture": "#cupronickel1", "uv": [ 0.0, 0.0, 0.5, 0.5 ] },
										"up": { "texture": "#cupronickel1", "uv": [ 0.0, 0.0, 0.5, 0.5 ] },
										"down": { "texture": "#cupronickel1", "uv": [ 0.0, 0.0, 0.5, 0.5 ] }
									}
								}
							]
						},
						{
							"name": "TemporalLens4",
							"from": [ -0.3, 0.4, 0.4 ],
							"to": [ 0.2, 1.2, 1.2 ],
							"rotationOrigin": [ -0.3, 0.4, 0.4 ],
							"faces": {
								"west": { "texture": "#rustyglow", "uv": [ 0.0, 0.0, 4.0, 2.5 ], "autoUv": false }
							}
						},
						{
							"name": "ORELENS",
							"from": [ 0.4, -1.6, 0.0 ],
							"to": [ 1.9, 0.0, 1.6 ],
							"rotationOrigin": [ 0.4, -1.6, 0.0 ],
							"faces": {
								"north": { "texture": "#cupronickel1", "uv": [ 0.0, 2.0, 2.0, 4.0 ] },
								"south": { "texture": "#cupronickel1", "uv": [ 2.0, 2.0, 4.0, 4.0 ] },
								"west": { "texture": "#cupronickel1", "uv": [ 4.0, 2.0, 6.0, 4.0 ] },
								"up": { "texture": "#cupronickel1", "uv": [ 0.0, 0.0, 2.0, 2.0 ] },
								"down": { "texture": "#cupronickel1", "uv": [ 2.0, 0.0, 4.0, 2.0 ] }
							},
							"children": [
								{
									"name": "EyelensRN3",
									"from": [ -0.5, 0.2, 0.2 ],
									"to": [ 0.0, 1.4, 0.4 ],
									"rotationOrigin": [ -0.5, 0.2, 0.2 ],
									"faces": {
										"north": { "texture": "#cupronickel1", "uv": [ 0.0, 0.0, 0.5, 1.0 ] },
										"south": { "texture": "#cupronickel1", "uv": [ 0.0, 0.0, 0.5, 1.0 ] },
										"west": { "texture": "#cupronickel1", "uv": [ 0.0, 0.0, 0.5, 1.0 ] },
										"up": { "texture": "#cupronickel1", "uv": [ 0.0, 0.0, 0.5, 0.5 ] },
										"down": { "texture": "#cupronickel1", "uv": [ 0.0, 0.0, 0.5, 0.5 ] }
									},
									"children": [
										{
											"name": "EyelensLU3",
											"from": [ 0.0, 1.0, 0.2 ],
											"to": [ 0.5, 1.2, 1.0 ],
											"rotationOrigin": [ 0.0, 1.0, 0.2 ],
											"faces": {
												"west": { "texture": "#cupronickel1", "uv": [ 0.0, 0.0, 0.5, 0.5 ] },
												"up": { "texture": "#cupronickel1", "uv": [ 0.0, 0.0, 0.5, 0.5 ] },
												"down": { "texture": "#cupronickel1", "uv": [ 0.0, 0.0, 0.5, 0.5 ] }
											}
										},
										{
											"name": "EyelensLS3",
											"from": [ 0.0, 0.0, 1.0 ],
											"to": [ 0.5, 1.2, 1.2 ],
											"rotationOrigin": [ 0.0, 0.0, 1.0 ],
											"faces": {
												"north": { "texture": "#cupronickel1", "uv": [ 0.0, 0.0, 0.5, 1.0 ] },
												"south": { "texture": "#cupronickel1", "uv": [ 0.0, 0.0, 0.5, 1.0 ] },
												"west": { "texture": "#cupronickel1", "uv": [ 0.0, 0.0, 0.5, 1.0 ] },
												"up": { "texture": "#cupronickel1", "uv": [ 0.0, 0.0, 0.5, 0.5 ] },
												"down": { "texture": "#cupronickel1", "uv": [ 0.0, 0.0, 0.5, 0.5 ] }
											}
										},
										{
											"name": "EyelensLD3",
											"from": [ 0.0, 0.0, 0.2 ],
											"to": [ 0.5, 0.2, 1.0 ],
											"rotationOrigin": [ 0.0, 0.0, 0.2 ],
											"faces": {
												"west": { "texture": "#cupronickel1", "uv": [ 0.0, 0.0, 0.5, 0.5 ] },
												"up": { "texture": "#cupronickel1", "uv": [ 0.0, 0.0, 0.5, 0.5 ] },
												"down": { "texture": "#cupronickel1", "uv": [ 0.0, 0.0, 0.5, 0.5 ] }
											}
										}
									]
								},
								{
									"name": "OreLens3",
									"from": [ -0.3, 0.4, 0.4 ],
									"to": [ 0.2, 1.2, 1.2 ],
									"rotationOrigin": [ -0.3, 0.4, 0.4 ],
									"faces": {
										"west": { "texture": "#rustyglow", "uv": [ 0.0, 0.0, 4.0, 2.5 ], "autoUv": false }
									}
								}
							]
						}
					]
				},
				{
					"name": "EyelensMiddle",
					"from": [ -1.2, 4.3, 2.35 ],
					"to": [ 0.3, 5.9, 3.95 ],
					"rotationOrigin": [ -1.2, 4.3, 2.35 ],
					"faces": {
						"north": { "texture": "#cupronickel1", "uv": [ 0.0, 2.0, 2.0, 4.0 ] },
						"south": { "texture": "#cupronickel1", "uv": [ 2.0, 2.0, 4.0, 4.0 ] },
						"west": { "texture": "#cupronickel1", "uv": [ 4.0, 2.0, 6.0, 4.0 ] },
						"up": { "texture": "#cupronickel1", "uv": [ 0.0, 0.0, 2.0, 2.0 ] },
						"down": { "texture": "#cupronickel1", "uv": [ 2.0, 0.0, 4.0, 2.0 ] }
					},
					"children": [
						{
							"name": "EyelensMidN",
							"from": [ -0.5, 0.2, 0.2 ],
							"to": [ 0.0, 1.4, 0.4 ],
							"rotationOrigin": [ -0.5, 0.2, 0.2 ],
							"faces": {
								"north": { "texture": "#cupronickel1", "uv": [ 0.0, 0.0, 0.5, 1.0 ] },
								"south": { "texture": "#cupronickel1", "uv": [ 0.0, 0.0, 0.5, 1.0 ] },
								"west": { "texture": "#cupronickel1", "uv": [ 0.0, 0.0, 0.5, 1.0 ] },
								"up": { "texture": "#cupronickel1", "uv": [ 0.0, 0.0, 0.5, 0.5 ] },
								"down": { "texture": "#cupronickel1", "uv": [ 0.0, 0.0, 0.5, 0.5 ] }
							},
							"children": [
								{
									"name": "EyelensLU2",
									"from": [ 0.0, 1.0, 0.2 ],
									"to": [ 0.5, 1.2, 1.0 ],
									"rotationOrigin": [ 0.0, 1.0, 0.2 ],
									"faces": {
										"west": { "texture": "#cupronickel1", "uv": [ 0.0, 0.0, 0.5, 0.5 ] },
										"up": { "texture": "#cupronickel1", "uv": [ 0.0, 0.0, 0.5, 0.5 ] },
										"down": { "texture": "#cupronickel1", "uv": [ 0.0, 0.0, 0.5, 0.5 ] }
									}
								},
								{
									"name": "EyelensLS2",
									"from": [ 0.0, 0.0, 1.0 ],
									"to": [ 0.5, 1.2, 1.2 ],
									"rotationOrigin": [ 0.0, 0.0, 1.0 ],
									"faces": {
										"north": { "texture": "#cupronickel1", "uv": [ 0.0, 0.0, 0.5, 1.0 ] },
										"south": { "texture": "#cupronickel1", "uv": [ 0.0, 0.0, 0.5, 1.0 ] },
										"west": { "texture": "#cupronickel1", "uv": [ 0.0, 0.0, 0.5, 1.0 ] },
										"up": { "texture": "#cupronickel1", "uv": [ 0.0, 0.0, 0.5, 0.5 ] },
										"down": { "texture": "#cupronickel1", "uv": [ 0.0, 0.0, 0.5, 0.5 ] }
									}
								},
								{
									"name": "EyelensLD2",
									"from": [ 0.0, 0.0, 0.2 ],
									"to": [ 0.5, 0.2, 1.0 ],
									"rotationOrigin": [ 0.0, 0.0, 0.2 ],
									"faces": {
										"west": { "texture": "#cupronickel1", "uv": [ 0.0, 0.0, 0.5, 0.5 ] },
										"up": { "texture": "#cupronickel1", "uv": [ 0.0, 0.0, 0.5, 0.5 ] },
										"down": { "texture": "#cupronickel1", "uv": [ 0.0, 0.0, 0.5, 0.5 ] }
									}
								}
							]
						},
						{
							"name": "TemporalLens2",
							"from": [ -0.3, 0.4, 0.4 ],
							"to": [ 0.2, 1.2, 1.2 ],
							"rotationOrigin": [ -0.3, 0.4, 0.4 ],
							"faces": {
								"west": { "texture": "#rustyglow", "uv": [ 0.0, 0.0, 3.6, 4.1 ], "autoUv": false }
							}
						}
					]
				},
				{
					"name": "SPIKESBRIGHTNESS",
					"from": [ 1.79, 1.94, -0.05 ],
					"to": [ 2.19, 3.94, 6.35 ],
					"rotationOrigin": [ 3.2908, 3.4443, -0.05 ],
					"rotationZ": 12.0,
					"faces": {
						"north": { "texture": "#cupronickel1", "uv": [ 10.0, 14.0, 12.0, 16.0 ] },
						"east": { "texture": "#cupronickel1", "uv": [ 4.0, 4.0, 10.0, 6.0 ] },
						"south": { "texture": "#cupronickel1", "uv": [ 10.0, 14.0, 12.0, 16.0 ], "rotation": 90 },
						"west": { "texture": "#cupronickel1", "uv": [ 0.0, 10.0, 6.0, 12.0 ] },
						"up": { "texture": "#cupronickel1", "uv": [ 2.0, 4.0, 4.0, 10.0 ] },
						"down": { "texture": "#cupronickel1", "uv": [ 10.0, 2.0, 12.0, 8.0 ] }
					},
					"children": [
						{
							"name": "AntForeBase",
							"from": [ 1.1, 2.0, -0.3 ],
							"to": [ 2.1, 6.0, 0.7 ],
							"rotationOrigin": [ 1.6, 2.0, 0.3 ],
							"rotationX": -15.6,
							"rotationY": 10.0,
							"rotationZ": -28.0,
							"faces": {
								"north": { "texture": "#cupronickel1", "uv": [ 8.0, 6.0, 12.0, 16.0 ], "autoUv": false },
								"east": { "texture": "#cupronickel1", "uv": [ 4.0, 8.0, 8.0, 21.0 ], "autoUv": false },
								"south": { "texture": "#cupronickel1", "uv": [ 10.0, 6.0, 14.0, 18.0 ], "autoUv": false },
								"west": { "texture": "#cupronickel1", "uv": [ 8.0, 0.0, 12.0, 17.0 ], "autoUv": false },
								"up": { "texture": "#cupronickel1", "uv": [ 4.0, 10.0, 6.0, 12.0 ] },
								"down": { "texture": "#cupronickel1", "uv": [ 4.0, 14.0, 6.0, 16.0 ] }
							},
							"children": [
								{
									"name": "AntRod",
									"from": [ 0.2, 4.0, 0.2 ],
									"to": [ 0.8, 5.5, 0.8 ],
									"rotationOrigin": [ 0.2, 4.0, 0.2 ],
									"faces": {
										"north": { "texture": "#rustyglow", "uv": [ 6.0, 14.0, 15.0, 23.0 ], "autoUv": false },
										"south": { "texture": "#rustyglow", "uv": [ 4.0, 8.0, 12.0, 16.0 ], "autoUv": false },
										"west": { "texture": "#rustyglow", "uv": [ 12.0, 10.0, 19.0, 20.0 ], "autoUv": false }
									},
									"children": [
										{
											"name": "AntRib1",
											"from": [ -0.2, 0.5, -0.2 ],
											"to": [ 0.3, 1.0, 0.8 ],
											"rotationOrigin": [ -0.2, 0.5, -0.2 ],
											"faces": {
												"north": { "texture": "#cupronickel1", "uv": [ 5.0, 13.0, 5.5, 13.5 ] },
												"east": { "texture": "#cupronickel1", "uv": [ 6.5, 4.0, 7.5, 4.5 ] },
												"south": { "texture": "#cupronickel1", "uv": [ 10.5, 5.5, 11.0, 6.0 ] },
												"west": { "texture": "#cupronickel1", "uv": [ 10.0, 12.0, 14.0, 16.2 ], "autoUv": false },
												"up": { "texture": "#cupronickel1", "uv": [ 11.0, 6.5, 11.5, 7.5 ] },
												"down": { "texture": "#cupronickel1", "uv": [ 3.5, 7.5, 4.0, 8.5 ] }
											}
										},
										{
											"name": "AntRib2",
											"from": [ -0.2, 1.5, -0.2 ],
											"to": [ 0.3, 2.0, 0.8 ],
											"rotationOrigin": [ -0.2, 1.5, -0.2 ],
											"faces": {
												"north": { "texture": "#cupronickel1", "uv": [ 8.5, 14.0, 9.0, 14.5 ] },
												"east": { "texture": "#cupronickel1", "uv": [ 7.0, 10.5, 8.0, 11.0 ] },
												"south": { "texture": "#cupronickel1", "uv": [ 14.5, 15.0, 15.0, 15.5 ] },
												"west": { "texture": "#cupronickel1", "uv": [ 10.5, 10.5, 11.5, 11.0 ] },
												"up": { "texture": "#cupronickel1", "uv": [ 14.0, 4.0, 15.0, 8.0 ], "autoUv": false },
												"down": { "texture": "#cupronickel1", "uv": [ 8.0, 0.5, 8.5, 1.5 ] }
											}
										},
										{
											"name": "AntBack",
											"from": [ 0.3, 0.0, -0.2 ],
											"to": [ 0.8, 2.0, 0.8 ],
											"rotationOrigin": [ 0.3, 0.0, -0.2 ],
											"faces": {
												"north": { "texture": "#cupronickel1", "uv": [ 5.0, 13.0, 5.5, 15.0 ] },
												"east": { "texture": "#cupronickel1", "uv": [ 6.0, 4.0, 10.0, 12.0 ], "autoUv": false },
												"south": { "texture": "#cupronickel1", "uv": [ 10.5, 5.5, 11.0, 7.5 ] },
												"west": { "texture": "#cupronickel1", "uv": [ 10.0, 12.0, 11.0, 14.0 ] },
												"up": { "texture": "#cupronickel1", "uv": [ 12.0, 6.0, 14.0, 9.9 ], "autoUv": false },
												"down": { "texture": "#cupronickel1", "uv": [ 3.5, 7.5, 4.0, 8.5 ] }
											}
										}
									]
								}
							]
						},
						{
							"name": "AntAftBase",
							"from": [ 1.5, 1.9, -0.3 ],
							"to": [ 2.5, 5.4, 0.7 ],
							"rotationOrigin": [ 1.5, 1.9, -0.3 ],
							"rotationX": -12.0,
							"rotationY": 10.1,
							"rotationZ": -45.0,
							"faces": {
								"north": { "texture": "#cupronickel1", "uv": [ 12.0, 0.0, 16.0, 10.0 ], "autoUv": false },
								"east": { "texture": "#cupronickel1", "uv": [ 0.0, 12.0, 4.0, 20.0 ], "autoUv": false },
								"south": { "texture": "#cupronickel1", "uv": [ 6.0, 6.0, 14.0, 18.0 ], "autoUv": false },
								"west": { "texture": "#cupronickel1", "uv": [ 10.0, 6.0, 12.0, 8.0 ] },
								"up": { "texture": "#cupronickel1", "uv": [ 8.0, 6.0, 10.0, 8.0 ] },
								"down": { "texture": "#cupronickel1", "uv": [ 4.0, 10.0, 6.0, 12.0 ] }
							},
							"children": [
								{
									"name": "AntAftFin1",
									"from": [ 0.0, 3.8, 0.0 ],
									"to": [ 1.0, 4.1, 1.0 ],
									"rotationOrigin": [ 0.0, 3.8, 0.0 ],
									"faces": {
										"north": { "texture": "#cupronickel1", "uv": [ 9.5, 8.5, 10.5, 9.0 ] },
										"east": { "texture": "#cupronickel1", "uv": [ 14.5, 5.0, 15.5, 5.5 ] },
										"south": { "texture": "#cupronickel1", "uv": [ 4.5, 0.5, 5.5, 1.0 ] },
										"west": { "texture": "#cupronickel1", "uv": [ 6.0, 5.5, 7.0, 6.0 ] },
										"up": { "texture": "#cupronickel1", "uv": [ 2.5, 11.5, 3.5, 12.5 ] },
										"down": { "texture": "#cupronickel1", "uv": [ 1.5, 0.0, 2.5, 1.0 ] }
									}
								},
								{
									"name": "AntAftFin2",
									"from": [ 0.0, 4.4, 0.0 ],
									"to": [ 1.0, 4.7, 1.0 ],
									"rotationOrigin": [ 0.0, 4.4, 0.0 ],
									"faces": {
										"north": { "texture": "#cupronickel1", "uv": [ 14.5, 9.5, 15.5, 10.0 ] },
										"east": { "texture": "#cupronickel1", "uv": [ 13.5, 12.0, 14.5, 12.5 ] },
										"south": { "texture": "#cupronickel1", "uv": [ 2.0, 3.5, 3.0, 4.0 ] },
										"west": { "texture": "#cupronickel1", "uv": [ 13.5, 4.0, 14.5, 4.5 ] },
										"up": { "texture": "#cupronickel1", "uv": [ 1.0, 14.5, 2.0, 15.5 ] },
										"down": { "texture": "#cupronickel1", "uv": [ 5.0, 4.5, 6.0, 5.5 ] }
									}
								},
								{
									"name": "AntAftRod",
									"from": [ 0.25, 3.5, 0.25 ],
									"to": [ 0.75, 5.0, 0.85 ],
									"rotationOrigin": [ 0.25, 3.5, 0.25 ],
									"faces": {
										"north": { "texture": "#gold", "uv": [ 8.0, 2.0, 23.0, 16.0 ], "autoUv": false },
										"east": { "texture": "#gold", "uv": [ 6.0, 12.0, 23.0, 26.0 ], "autoUv": false },
										"south": { "texture": "#gold", "uv": [ 14.0, 6.0, 31.0, 22.0 ], "autoUv": false },
										"west": { "texture": "#gold", "uv": [ 0.0, 4.0, 17.0, 19.0 ], "autoUv": false }
									}
								},
								{
									"name": "AntAftFin3",
									"from": [ 0.0, 5.0, 0.0 ],
									"to": [ 1.0, 5.3, 1.0 ],
									"rotationOrigin": [ 0.0, 5.0, 0.0 ],
									"faces": {
										"north": { "texture": "#cupronickel1", "uv": [ 14.5, 9.5, 15.5, 10.0 ] },
										"east": { "texture": "#cupronickel1", "uv": [ 13.5, 12.0, 14.5, 12.5 ] },
										"south": { "texture": "#cupronickel1", "uv": [ 2.0, 3.5, 3.0, 4.0 ] },
										"west": { "texture": "#cupronickel1", "uv": [ 13.5, 4.0, 14.5, 4.5 ] },
										"up": { "texture": "#cupronickel1", "uv": [ 2.0, 14.0, 7.0, 17.5 ], "autoUv": false },
										"down": { "texture": "#cupronickel1", "uv": [ 5.0, 4.5, 6.0, 5.5 ] }
									}
								}
							]
						},
						{
							"name": "AntForeBase2",
							"from": [ 0.9, 2.0, 5.7 ],
							"to": [ 1.9, 6.0, 6.7 ],
							"rotationOrigin": [ 1.4, 2.0, 6.1 ],
							"rotationX": 15.3,
							"rotationY": -10.0,
							"rotationZ": -28.0,
							"faces": {
								"north": { "texture": "#cupronickel1", "uv": [ 8.0, 6.0, 12.0, 17.0 ], "autoUv": false },
								"east": { "texture": "#cupronickel1", "uv": [ 4.0, 8.0, 8.0, 20.0 ], "autoUv": false },
								"south": { "texture": "#cupronickel1", "uv": [ 10.0, 6.0, 14.0, 16.0 ], "autoUv": false },
								"west": { "texture": "#cupronickel1", "uv": [ 8.0, 0.0, 12.0, 16.0 ], "autoUv": false },
								"up": { "texture": "#cupronickel1", "uv": [ 4.0, 10.0, 6.0, 12.0 ] },
								"down": { "texture": "#cupronickel1", "uv": [ 4.0, 14.0, 6.0, 16.0 ] }
							},
							"children": [
								{
									"name": "AntRod2",
									"from": [ 0.2, 4.0, 0.2 ],
									"to": [ 0.8, 5.5, 0.8 ],
									"rotationOrigin": [ 0.2, 4.0, 0.2 ],
									"faces": {
										"north": { "texture": "#rustyglow", "uv": [ 6.0, 14.0, 15.0, 22.5 ], "autoUv": false },
										"south": { "texture": "#rustyglow", "uv": [ 4.0, 8.0, 9.0, 22.0 ], "autoUv": false },
										"west": { "texture": "#rustyglow", "uv": [ 12.0, 10.0, 19.0, 22.5 ], "autoUv": false }
									},
									"children": [
										{
											"name": "AntRib3",
											"from": [ -0.2, 0.5, -0.2 ],
											"to": [ 0.3, 1.0, 0.8 ],
											"rotationOrigin": [ -0.2, 0.5, -0.2 ],
											"faces": {
												"north": { "texture": "#cupronickel1", "uv": [ 5.0, 13.0, 5.5, 13.5 ] },
												"east": { "texture": "#cupronickel1", "uv": [ 6.5, 4.0, 7.5, 4.5 ] },
												"south": { "texture": "#cupronickel1", "uv": [ 10.5, 5.5, 11.0, 6.0 ] },
												"west": { "texture": "#cupronickel1", "uv": [ 10.0, 12.0, 14.0, 13.5 ], "autoUv": false },
												"up": { "texture": "#cupronickel1", "uv": [ 11.0, 6.5, 11.5, 7.5 ] },
												"down": { "texture": "#cupronickel1", "uv": [ 3.5, 7.5, 4.0, 8.5 ] }
											}
										},
										{
											"name": "AntRib4",
											"from": [ -0.2, 1.5, -0.2 ],
											"to": [ 0.3, 2.0, 0.8 ],
											"rotationOrigin": [ -0.2, 1.5, -0.2 ],
											"faces": {
												"north": { "texture": "#cupronickel1", "uv": [ 8.5, 14.0, 9.0, 14.5 ] },
												"east": { "texture": "#cupronickel1", "uv": [ 7.0, 10.5, 8.0, 11.0 ] },
												"south": { "texture": "#cupronickel1", "uv": [ 14.5, 15.0, 15.0, 15.5 ] },
												"west": { "texture": "#cupronickel1", "uv": [ 10.0, 10.0, 13.5, 12.0 ], "autoUv": false },
												"up": { "texture": "#cupronickel1", "uv": [ 14.0, 4.0, 15.0, 8.0 ], "autoUv": false },
												"down": { "texture": "#cupronickel1", "uv": [ 8.0, 0.5, 8.5, 1.5 ] }
											}
										},
										{
											"name": "AntBack2",
											"from": [ 0.3, 0.0, -0.2 ],
											"to": [ 0.8, 2.0, 0.8 ],
											"rotationOrigin": [ 0.3, 0.0, -0.2 ],
											"faces": {
												"north": { "texture": "#cupronickel1", "uv": [ 6.0, 14.0, 8.0, 21.0 ], "autoUv": false },
												"east": { "texture": "#cupronickel1", "uv": [ 6.0, 4.0, 10.0, 10.0 ], "autoUv": false },
												"south": { "texture": "#cupronickel1", "uv": [ 10.5, 5.5, 11.0, 7.5 ] },
												"west": { "texture": "#cupronickel1", "uv": [ 10.0, 12.0, 11.0, 14.0 ] },
												"up": { "texture": "#cupronickel1", "uv": [ 12.0, 6.0, 12.5, 10.0 ], "autoUv": false },
												"down": { "texture": "#cupronickel1", "uv": [ 3.5, 7.5, 4.0, 8.5 ] }
											}
										}
									]
								}
							]
						},
						{
							"name": "AntAftBase2",
							"from": [ 1.6, 1.7, 5.7 ],
							"to": [ 2.6, 5.2, 6.7 ],
							"rotationOrigin": [ 2.1, 1.7, 6.0 ],
							"rotationX": 12.0,
							"rotationY": -10.1,
							"rotationZ": -45.0,
							"faces": {
								"north": { "texture": "#cupronickel1", "uv": [ 12.0, 0.0, 18.0, 12.0 ], "autoUv": false },
								"east": { "texture": "#cupronickel1", "uv": [ 0.0, 12.0, 4.0, 20.0 ], "autoUv": false },
								"south": { "texture": "#cupronickel1", "uv": [ 6.0, 2.0, 10.0, 12.0 ], "autoUv": false },
								"west": { "texture": "#cupronickel1", "uv": [ 10.0, 6.0, 14.0, 17.0 ], "autoUv": false },
								"up": { "texture": "#cupronickel1", "uv": [ 8.0, 6.0, 10.0, 8.0 ] },
								"down": { "texture": "#cupronickel1", "uv": [ 4.0, 10.0, 6.0, 12.0 ] }
							},
							"children": [
								{
									"name": "AntAftFin4",
									"from": [ 0.0, 3.8, 0.0 ],
									"to": [ 1.0, 4.1, 1.0 ],
									"rotationOrigin": [ 0.0, 3.8, 0.0 ],
									"faces": {
										"north": { "texture": "#cupronickel1", "uv": [ 9.5, 8.5, 10.5, 9.0 ] },
										"east": { "texture": "#cupronickel1", "uv": [ 14.5, 5.0, 15.5, 5.5 ] },
										"south": { "texture": "#cupronickel1", "uv": [ 4.0, 0.0, 8.0, 2.0 ], "autoUv": false },
										"west": { "texture": "#cupronickel1", "uv": [ 6.0, 5.5, 7.0, 6.0 ] },
										"up": { "texture": "#cupronickel1", "uv": [ 2.5, 11.5, 3.5, 12.5 ] },
										"down": { "texture": "#cupronickel1", "uv": [ 1.5, 0.0, 2.5, 1.0 ] }
									}
								},
								{
									"name": "AntAftFin5",
									"from": [ 0.0, 4.4, 0.0 ],
									"to": [ 1.0, 4.7, 1.0 ],
									"rotationOrigin": [ 0.0, 4.4, 0.0 ],
									"faces": {
										"north": { "texture": "#cupronickel1", "uv": [ 14.0, 10.0, 19.0, 12.0 ], "autoUv": false },
										"east": { "texture": "#cupronickel1", "uv": [ 13.5, 12.0, 14.5, 12.5 ] },
										"south": { "texture": "#cupronickel1", "uv": [ 2.0, 4.0, 8.0, 2.0 ], "autoUv": false },
										"west": { "texture": "#cupronickel1", "uv": [ 13.5, 4.0, 14.5, 4.5 ] },
										"up": { "texture": "#cupronickel1", "uv": [ 1.0, 14.5, 2.0, 15.5 ] },
										"down": { "texture": "#cupronickel1", "uv": [ 5.0, 4.5, 6.0, 5.5 ] }
									}
								},
								{
									"name": "AntAftRod2",
									"from": [ 0.25, 3.5, 0.25 ],
									"to": [ 0.75, 5.0, 0.85 ],
									"rotationOrigin": [ 0.25, 3.5, 0.25 ],
									"faces": {
										"north": { "texture": "#gold", "uv": [ 8.0, 2.0, 16.0, 11.0 ], "autoUv": false },
										"east": { "texture": "#gold", "uv": [ 6.0, 12.0, 15.0, 20.0 ], "autoUv": false },
										"south": { "texture": "#gold", "uv": [ 14.0, 6.0, 24.0, 15.0 ], "autoUv": false },
										"west": { "texture": "#gold", "uv": [ 0.0, 4.0, 11.0, 10.0 ], "autoUv": false }
									}
								},
								{
									"name": "AntAftFin6",
									"from": [ 0.0, 5.0, 0.0 ],
									"to": [ 1.0, 5.3, 1.0 ],
									"rotationOrigin": [ 0.0, 5.0, 0.0 ],
									"faces": {
										"north": { "texture": "#cupronickel1", "uv": [ 14.0, 10.0, 20.0, 12.0 ], "autoUv": false },
										"east": { "texture": "#cupronickel1", "uv": [ 13.5, 12.0, 14.5, 12.5 ] },
										"south": { "texture": "#cupronickel1", "uv": [ 2.0, 3.5, 3.0, 4.0 ] },
										"west": { "texture": "#cupronickel1", "uv": [ 13.5, 4.0, 14.5, 4.5 ] },
										"up": { "texture": "#cupronickel1", "uv": [ 2.0, 14.0, 6.0, 18.5 ], "autoUv": false },
										"down": { "texture": "#cupronickel1", "uv": [ 5.0, 4.5, 6.0, 5.5 ] }
									}
								}
							]
						}
					]
				}
			]
		},
		{
			"name": "ArmorNeck",
			"stepParentName": "Neck",
			"from": [ -0.3, 0.6, -0.3 ],
			"to": [ 3.3, 2.4, 3.3 ],
			"rotationOrigin": [ -0.3, 2.6, -0.3 ],
			"faces": {
				"north": { "texture": "#silver", "uv": [ 12.0, 5.5, 15.5, 7.0 ] },
				"east": { "texture": "#silver", "uv": [ 22.5, 5.5, 26.0, 7.0 ] },
				"south": { "texture": "#silver", "uv": [ 19.0, 5.5, 22.5, 7.0 ] },
				"west": { "texture": "#silver", "uv": [ 15.5, 5.5, 19.0, 7.0 ] }
			}
		},
		{
			"name": "NVMOVER",
			"stepParentName": "Head",
			"from": [ -20.9, 2.1, 1.35 ],
			"to": [ -18.9, 4.1, 3.35 ],
			"rotationOrigin": [ -19.9, 3.1, 2.3 ],
			"rotationZ": 12.0,
			"faces": {
			},
			"children": [
				{
					"name": "PLATEMOVER",
					"from": [ 18.8, -5.9, 0.2 ],
					"to": [ 20.8, -3.9, 2.2 ],
					"rotationOrigin": [ 19.8, -4.9, 1.2 ],
					"rotationZ": 11.0,
					"faces": {
					},
					"children": [
						{
							"name": "PlateLeftA",
							"from": [ 0.3, -0.5, 2.09 ],
							"to": [ 0.6, 2.5, 3.29 ],
							"rotationOrigin": [ 0.3, -0.5, 2.1 ],
							"faces": {
								"north": { "texture": "#silver", "uv": [ 47.0, 22.0, 47.5, 25.0 ] },
								"east": { "texture": "#silver", "uv": [ 48.0, 22.0, 49.0, 25.0 ] },
								"south": { "texture": "#silver", "uv": [ 48.0, 21.5, 48.5, 24.5 ] },
								"west": { "texture": "#silver", "uv": [ 4.0, 8.5, 7.0, 9.5 ], "rotation": 270 },
								"up": { "texture": "#silver", "uv": [ 49.0, 22.5, 49.5, 23.5 ] },
								"down": { "texture": "#silver", "uv": [ 13.0, 1.5, 13.5, 2.5 ], "windMode": [-1,-1,-1,-1], "windData": [1,1,1,1] }
							},
							"children": [
								{
									"name": "PlateLeftB",
									"from": [ 0.0, 0.01, 1.2 ],
									"to": [ 0.3, 3.01, 2.1 ],
									"rotationOrigin": [ 0.0, 0.0, 1.2 ],
									"rotationY": 9.0,
									"faces": {
										"east": { "texture": "#silver", "uv": [ 47.5, 22.0, 48.0, 25.0 ] },
										"south": { "texture": "#silver", "uv": [ 45.0, 22.0, 45.5, 25.0 ], "windMode": [-1,-1,-1,-1], "windData": [1,1,1,1] },
										"west": { "texture": "#silver", "uv": [ 10.0, 7.0, 13.0, 7.5 ], "rotation": 90, "autoUv": false },
										"up": { "texture": "#silver", "uv": [ 48.0, 22.5, 48.5, 23.0 ] },
										"down": { "texture": "#silver", "uv": [ 25.5, 4.5, 26.0, 5.0 ] }
									},
									"children": [
										{
											"name": "PlateLeftB3",
											"from": [ 0.0, 0.0, 0.9 ],
											"to": [ 0.3, 3.0, 1.8 ],
											"rotationOrigin": [ 0.0, -0.01, 0.9 ],
											"rotationX": -1.0,
											"rotationY": 75.3,
											"rotationZ": 1.0,
											"faces": {
												"east": { "texture": "#silver", "uv": [ 44.0, 21.5, 44.5, 24.5 ] },
												"south": { "texture": "#silver", "uv": [ 47.5, 21.5, 48.0, 24.5 ] },
												"west": { "texture": "#silver", "uv": [ 46.0, 23.5, 46.5, 26.5 ] },
												"up": { "texture": "#silver", "uv": [ 48.5, 21.5, 49.0, 22.0 ] },
												"down": { "texture": "#silver", "uv": [ 48.5, 21.5, 49.0, 22.0 ] }
											},
											"children": [
												{
													"name": "PlateLeftB4",
													"from": [ -0.06, 0.0, 0.9 ],
													"to": [ 0.24, 3.0, 3.6 ],
													"rotationOrigin": [ -0.1, -0.01, 0.9 ],
													"rotationX": -11.0,
													"rotationY": 3.0,
													"faces": {
														"east": { "texture": "#silver", "uv": [ 44.0, 21.5, 46.5, 24.5 ] },
														"south": { "texture": "#silver", "uv": [ 47.5, 21.5, 48.0, 24.5 ] },
														"west": { "texture": "#silver", "uv": [ 46.0, 23.6, 48.5, 26.5 ], "autoUv": false },
														"up": { "texture": "#silver", "uv": [ 48.5, 21.5, 49.0, 24.0 ] },
														"down": { "texture": "#silver", "uv": [ 48.5, 21.5, 49.0, 24.0 ] }
													}
												}
											]
										}
									]
								},
								{
									"name": "RidgeL",
									"from": [ -0.5, 0.0, -0.3 ],
									"to": [ 0.3, 3.07, 0.0 ],
									"rotationOrigin": [ -0.5, 0.0, -0.3 ],
									"faces": {
										"north": { "texture": "#silver", "uv": [ 22.5, 0.5, 23.0, 3.5 ] },
										"east": { "texture": "#silver", "uv": [ 22.5, 0.5, 23.0, 3.5 ] },
										"south": { "texture": "#silver", "uv": [ 22.0, 17.5, 25.0, 18.0 ], "rotation": 270 },
										"west": { "texture": "#silver", "uv": [ 33.0, 14.5, 33.5, 17.5 ] },
										"down": { "texture": "#silver", "uv": [ 12.5, 2.0, 13.0, 2.5 ] }
									},
									"children": [
										{
											"name": "Lower lense defence",
											"from": [ 0.11, 0.0, -1.6 ],
											"to": [ 0.31, 1.5, 0.0 ],
											"rotationOrigin": [ 0.2, 0.0, -1.6 ],
											"faces": {
												"north": { "texture": "#silver", "uv": [ 26.0, 1.0, 26.5, 2.5 ] },
												"east": { "texture": "#silver", "uv": [ 41.5, 3.0, 43.0, 4.5 ] },
												"south": { "texture": "#silver", "uv": [ 26.0, 3.0, 26.5, 4.5 ] },
												"west": { "texture": "#silver", "uv": [ 41.5, 2.5, 43.0, 4.1 ], "autoUv": false },
												"up": { "texture": "#silver", "uv": [ 22.0, 1.5, 22.5, 3.0 ] },
												"down": { "texture": "#silver", "uv": [ 42.5, 2.0, 43.0, 3.5 ] }
											}
										},
										{
											"name": "Center lower lense defence",
											"from": [ 0.11, 2.6, -1.6 ],
											"to": [ 0.31, 3.1, 0.0 ],
											"rotationOrigin": [ 0.2, 2.6, -1.6 ],
											"rotationZ": -9.0,
											"faces": {
												"north": { "texture": "#silver", "uv": [ 24.0, 4.0, 24.5, 4.5 ] },
												"east": { "texture": "#silver", "uv": [ 23.5, 4.5, 25.0, 5.0 ] },
												"south": { "texture": "#silver", "uv": [ 25.5, 4.0, 26.0, 4.5 ] },
												"west": { "texture": "#silver", "uv": [ 24.0, 4.0, 25.5, 5.1 ], "autoUv": false },
												"up": { "texture": "#silver", "uv": [ 26.0, 3.0, 26.5, 4.5 ] },
												"down": { "texture": "#silver", "uv": [ 42.0, 2.5, 42.5, 4.0 ] }
											}
										}
									]
								}
							]
						},
						{
							"name": "PlateRightA",
							"from": [ 0.3, -0.5, -1.3 ],
							"to": [ 0.6, 2.5, -0.1 ],
							"rotationOrigin": [ 0.3, -0.5, -1.3 ],
							"faces": {
								"north": { "texture": "#silver", "uv": [ 48.0, 21.0, 48.5, 24.0 ] },
								"east": { "texture": "#silver", "uv": [ 48.0, 21.5, 49.0, 24.5 ] },
								"south": { "texture": "#silver", "uv": [ 48.0, 21.5, 48.5, 24.5 ] },
								"west": { "texture": "#silver", "uv": [ 13.5, 9.0, 14.5, 12.1 ], "autoUv": false },
								"up": { "texture": "#silver", "uv": [ 48.0, 22.5, 48.5, 23.5 ] },
								"down": { "texture": "#silver", "uv": [ 12.5, 3.0, 13.0, 4.0 ] }
							},
							"children": [
								{
									"name": "PlateRightB",
									"from": [ -0.3, 0.0, 0.0 ],
									"to": [ 0.0, 3.0, 0.9 ],
									"rotationOrigin": [ 0.0, 0.0, 0.0 ],
									"rotationY": 166.0,
									"faces": {
										"east": { "texture": "#silver", "uv": [ 26.5, 14.0, 29.6, 15.5 ], "rotation": 90, "autoUv": false },
										"south": { "texture": "#silver", "uv": [ 48.0, 21.5, 48.5, 24.5 ] },
										"west": { "texture": "#silver", "uv": [ 48.0, 21.5, 48.5, 24.5 ] },
										"up": { "texture": "#silver", "uv": [ 48.0, 23.0, 48.5, 23.5 ] },
										"down": { "texture": "#silver", "uv": [ 47.5, 23.5, 48.0, 24.0 ] }
									},
									"children": [
										{
											"name": "PlateRightB3",
											"from": [ 0.0, 0.0, 0.9 ],
											"to": [ 0.3, 3.0, 1.8 ],
											"rotationOrigin": [ 0.3, 0.0, 0.9 ],
											"rotationY": -70.0,
											"faces": {
												"east": { "texture": "#silver", "uv": [ 15.5, 14.0, 18.6, 15.5 ], "rotation": 90, "autoUv": false },
												"south": { "texture": "#silver", "uv": [ 47.5, 21.5, 48.0, 24.5 ] },
												"west": { "texture": "#silver", "uv": [ 48.5, 22.0, 49.0, 25.0 ] },
												"up": { "texture": "#silver", "uv": [ 48.5, 23.0, 49.0, 23.5 ] },
												"down": { "texture": "#silver", "uv": [ 47.5, 23.0, 48.0, 23.5 ] }
											},
											"children": [
												{
													"name": "PlateRightB5",
													"from": [ 0.0, 0.0, 0.9 ],
													"to": [ 0.29, 1.9, 3.6 ],
													"rotationOrigin": [ 0.3, 0.0, 0.9 ],
													"rotationX": -13.0,
													"faces": {
														"east": { "texture": "#silver", "uv": [ 8.5, 7.5, 12.0, 8.9 ], "autoUv": false },
														"south": { "texture": "#silver", "uv": [ 47.5, 22.0, 48.0, 23.5 ] },
														"west": { "texture": "#silver", "uv": [ 47.5, 22.5, 50.0, 24.0 ] },
														"up": { "texture": "#silver", "uv": [ 48.5, 21.5, 49.0, 24.0 ] },
														"down": { "texture": "#silver", "uv": [ 13.0, 0.5, 13.5, 3.0 ] }
													}
												}
											]
										}
									]
								},
								{
									"name": "RidgeR",
									"from": [ -0.5, 0.0, 1.19 ],
									"to": [ 0.3, 3.07, 1.49 ],
									"rotationOrigin": [ -0.5, 0.0, 1.2 ],
									"faces": {
										"north": { "texture": "#silver", "uv": [ 7.0, 8.5, 9.6, 9.0 ], "rotation": 270, "autoUv": false, "windMode": [-1,-1,-1,-1], "windData": [1,1,1,1] },
										"east": { "texture": "#silver", "uv": [ 17.0, 0.5, 17.5, 3.5 ] },
										"south": { "texture": "#silver", "uv": [ 22.0, 1.0, 22.5, 4.0 ], "windMode": [-1,-1,-1,-1], "windData": [0,0,0,0] },
										"west": { "texture": "#silver", "uv": [ 22.0, 0.5, 22.5, 3.5 ] },
										"down": { "texture": "#silver", "uv": [ 22.0, 2.5, 22.5, 3.0 ] }
									}
								}
							]
						},
						{
							"name": "PlateRightA2",
							"from": [ 0.2, 2.5, -1.3 ],
							"to": [ 0.5, 5.9, -0.1 ],
							"rotationOrigin": [ 0.2, 2.5, -1.3 ],
							"rotationZ": -20.0,
							"faces": {
								"north": { "texture": "#silver", "uv": [ 48.0, 22.0, 48.5, 25.0 ] },
								"east": { "texture": "#silver", "uv": [ 47.5, 22.0, 48.5, 25.0 ] },
								"south": { "texture": "#silver", "uv": [ 48.0, 22.0, 48.5, 25.0 ] },
								"west": { "texture": "#silver", "uv": [ 48.0, 21.5, 49.0, 24.5 ] },
								"up": { "texture": "#silver", "uv": [ 47.0, 22.5, 47.5, 23.5 ] },
								"down": { "texture": "#silver", "uv": [ 49.0, 23.0, 49.5, 24.0 ] }
							},
							"children": [
								{
									"name": "PlateRightB2",
									"from": [ -0.3, 0.0, 0.0 ],
									"to": [ 0.0, 3.3, 0.9 ],
									"rotationOrigin": [ 0.0, 0.0, 0.0 ],
									"rotationY": 158.0,
									"faces": {
										"east": { "texture": "#silver", "uv": [ 48.0, 22.0, 48.5, 25.0 ] },
										"south": { "texture": "#silver", "uv": [ 48.0, 21.5, 48.5, 24.5 ] },
										"west": { "texture": "#silver", "uv": [ 48.0, 21.5, 48.5, 24.5 ] },
										"up": { "texture": "#silver", "uv": [ 48.0, 14.5, 48.5, 15.0 ] },
										"down": { "texture": "#silver", "uv": [ 52.0, 15.0, 52.5, 15.5 ], "windMode": [-1,-1,-1,-1], "windData": [1,1,1,1] }
									},
									"children": [
										{
											"name": "PlateRightB4",
											"from": [ 0.0, 0.0, 0.9 ],
											"to": [ 0.3, 3.2, 1.7 ],
											"rotationOrigin": [ 0.3, 0.0, 0.9 ],
											"rotationY": -60.0,
											"faces": {
												"east": { "texture": "#silver", "uv": [ 46.0, 22.0, 47.0, 25.0 ], "autoUv": false },
												"south": { "texture": "#silver", "uv": [ 48.0, 22.0, 48.5, 25.0 ] },
												"west": { "texture": "#silver", "uv": [ 48.5, 22.0, 49.0, 25.0 ] },
												"up": { "texture": "#silver", "uv": [ 48.5, 22.5, 49.0, 23.0 ] },
												"down": { "texture": "#silver", "uv": [ 48.0, 23.0, 48.5, 23.5 ] }
											},
											"children": [
												{
													"name": "PlateRightB6",
													"from": [ 0.0, 0.7, 0.2 ],
													"to": [ 0.3, 4.45, 2.1 ],
													"rotationOrigin": [ 0.3, 0.7, 0.2 ],
													"rotationX": 52.0,
													"rotationZ": 2.0,
													"faces": {
														"east": { "texture": "#silver", "uv": [ 22.0, 14.0, 25.5, 15.5 ], "rotation": 90 },
														"south": { "texture": "#silver", "uv": [ 48.0, 22.0, 48.5, 25.5 ] },
														"west": { "texture": "#silver", "uv": [ 48.0, 21.5, 49.5, 25.0 ] },
														"up": { "texture": "#silver", "uv": [ 22.5, 0.5, 23.0, 2.0 ] },
														"down": { "texture": "#silver", "uv": [ 48.0, 22.0, 48.5, 23.5 ] }
													}
												},
												{
													"name": "PlateRightB7",
													"from": [ 0.0, 0.0, 0.5 ],
													"to": [ 0.3, 3.2, 2.9 ],
													"rotationOrigin": [ 0.3, 0.0, 0.5 ],
													"rotationX": 5.0,
													"rotationY": -4.2,
													"faces": {
														"east": { "texture": "#silver", "uv": [ 50.0, 14.5, 54.5, 16.5 ], "rotation": 90, "autoUv": false },
														"south": { "texture": "#silver", "uv": [ 48.0, 22.0, 48.5, 25.0 ] },
														"west": { "texture": "#silver", "uv": [ 47.0, 21.5, 49.0, 24.5 ] },
														"up": { "texture": "#silver", "uv": [ 13.0, 0.5, 13.5, 2.5 ] },
														"down": { "texture": "#silver", "uv": [ 47.5, 22.0, 48.0, 24.0 ] }
													}
												},
												{
													"name": "upper edge1 R",
													"from": [ -0.2, 3.2, 0.0 ],
													"to": [ 0.3, 3.51, 0.8 ],
													"rotationOrigin": [ -0.2, 3.0, 0.0 ],
													"faces": {
														"north": { "texture": "#silver", "uv": [ 44.5, 22.5, 45.0, 23.0 ] },
														"east": { "texture": "#silver", "uv": [ 46.0, 23.0, 46.5, 23.5 ] },
														"south": { "texture": "#silver", "uv": [ 44.5, 22.5, 45.0, 23.0 ] },
														"west": { "texture": "#silver", "uv": [ 45.0, 23.0, 45.5, 23.5 ] },
														"up": { "texture": "#silver", "uv": [ 46.0, 21.5, 46.5, 22.0 ] },
														"down": { "texture": "#silver", "uv": [ 45.0, 22.5, 45.5, 23.0 ] }
													},
													"children": [
														{
															"name": "upper edge2 R",
															"from": [ -0.1, 0.0, 0.57 ],
															"to": [ 0.5, 0.31, 1.57 ],
															"rotationOrigin": [ -0.1, -0.2, 0.6 ],
															"rotationX": 10.0,
															"rotationY": -17.0,
															"faces": {
																"north": { "texture": "#silver", "uv": [ 46.5, 22.5, 47.0, 23.0 ] },
																"east": { "texture": "#silver", "uv": [ 46.0, 23.0, 47.0, 23.5 ] },
																"south": { "texture": "#silver", "uv": [ 44.0, 21.5, 44.5, 22.0 ] },
																"west": { "texture": "#silver", "uv": [ 45.0, 23.0, 46.0, 23.5 ] },
																"up": { "texture": "#silver", "uv": [ 46.0, 21.5, 46.5, 22.5 ] },
																"down": { "texture": "#silver", "uv": [ 45.0, 22.5, 45.5, 23.5 ] }
															}
														}
													]
												}
											]
										}
									]
								},
								{
									"name": "RidgeR2",
									"from": [ -0.4, -0.1, 1.2 ],
									"to": [ 0.3, 3.4, 1.5 ],
									"rotationOrigin": [ -0.4, -0.1, 1.2 ],
									"faces": {
										"north": { "texture": "#silver", "uv": [ 42.5, 21.5, 43.0, 25.0 ] },
										"east": { "texture": "#silver", "uv": [ 30.5, 0.5, 31.0, 4.0 ] },
										"south": { "texture": "#silver", "uv": [ 22.0, 0.5, 22.5, 4.0 ], "windMode": [-1,-1,-1,-1] },
										"west": { "texture": "#silver", "uv": [ 17.0, 1.0, 17.5, 4.5 ] },
										"up": { "texture": "#silver", "uv": [ 22.5, 2.5, 23.0, 3.0 ] }
									}
								},
								{
									"name": "Right pre-edge1",
									"from": [ 0.37, 3.2, -0.9 ],
									"to": [ 1.27, 3.5, 0.07 ],
									"rotationOrigin": [ 0.3, 3.2, -0.9 ],
									"rotationX": 0.0,
									"rotationY": -22.0,
									"rotationZ": 10.5,
									"faces": {
										"north": { "texture": "#silver", "uv": [ 48.0, 22.5, 48.5, 23.0 ] },
										"east": { "texture": "#silver", "uv": [ 47.5, 23.0, 48.0, 23.5 ] },
										"south": { "texture": "#silver", "uv": [ 45.0, 23.0, 45.5, 23.5 ] },
										"west": { "texture": "#silver", "uv": [ 46.0, 22.5, 46.5, 23.0 ] },
										"up": { "texture": "#silver", "uv": [ 46.0, 21.5, 46.5, 22.0 ] },
										"down": { "texture": "#silver", "uv": [ 46.5, 21.5, 47.0, 22.0 ] }
									},
									"children": [
										{
											"name": "Right pre-edge2",
											"from": [ 0.74, 0.013, 0.0 ],
											"to": [ 1.84, 0.313, 0.9 ],
											"rotationOrigin": [ 0.8, 0.0, 0.8 ],
											"rotationX": 0.0,
											"rotationY": 0.0,
											"rotationZ": -29.0,
											"faces": {
												"north": { "texture": "#silver", "uv": [ 48.0, 23.5, 49.0, 24.0 ] },
												"east": { "texture": "#silver", "uv": [ 45.0, 23.5, 45.5, 24.0 ] },
												"south": { "texture": "#silver", "uv": [ 44.5, 23.5, 45.5, 24.0 ] },
												"west": { "texture": "#silver", "uv": [ 45.0, 22.5, 45.5, 23.0 ] },
												"up": { "texture": "#silver", "uv": [ 45.5, 21.0, 46.5, 21.5 ] },
												"down": { "texture": "#silver", "uv": [ 48.0, 22.0, 49.0, 22.5 ] }
											}
										}
									]
								}
							]
						},
						{
							"name": "PlateLeftA2",
							"from": [ 0.2, 2.5, 2.1 ],
							"to": [ 0.5, 5.9, 3.3 ],
							"rotationOrigin": [ 0.2, 2.5, 2.1 ],
							"rotationZ": -20.0,
							"faces": {
								"north": { "texture": "#silver", "uv": [ 47.5, 22.0, 48.0, 25.0 ] },
								"east": { "texture": "#silver", "uv": [ 47.5, 22.0, 48.5, 25.0 ] },
								"south": { "texture": "#silver", "uv": [ 48.0, 22.0, 48.5, 25.0 ] },
								"west": { "texture": "#silver", "uv": [ 47.5, 21.5, 48.5, 24.5 ] },
								"up": { "texture": "#silver", "uv": [ 48.0, 22.0, 48.5, 23.0 ] },
								"down": { "texture": "#silver", "uv": [ 47.5, 23.0, 48.0, 24.0 ] }
							},
							"children": [
								{
									"name": "PlateLeftB2",
									"from": [ 0.0, 0.01, 1.2 ],
									"to": [ 0.3, 3.31, 2.1 ],
									"rotationOrigin": [ 0.0, 0.0, 1.2 ],
									"rotationY": 15.0,
									"faces": {
										"east": { "texture": "#silver", "uv": [ 48.0, 22.0, 48.5, 25.0 ] },
										"south": { "texture": "#silver", "uv": [ 47.0, 22.0, 47.5, 25.0 ] },
										"west": { "texture": "#silver", "uv": [ 48.0, 22.5, 48.5, 25.5 ] },
										"up": { "texture": "#silver", "uv": [ 48.0, 22.5, 48.5, 23.0 ] },
										"down": { "texture": "#silver", "uv": [ 48.0, 22.5, 48.5, 23.0 ] }
									},
									"children": [
										{
											"name": "PlateLeftC4",
											"from": [ 0.0, 0.0, 0.9 ],
											"to": [ 0.3, 3.2, 1.7 ],
											"rotationOrigin": [ 0.0, 0.0, 0.9 ],
											"rotationY": 69.0,
											"faces": {
												"east": { "texture": "#silver", "uv": [ 48.5, 21.5, 49.0, 24.5 ] },
												"south": { "texture": "#silver", "uv": [ 48.0, 22.0, 48.5, 25.0 ] },
												"west": { "texture": "#silver", "uv": [ 49.0, 21.0, 50.0, 24.0 ], "autoUv": false },
												"up": { "texture": "#silver", "uv": [ 48.5, 23.0, 49.0, 23.5 ] },
												"down": { "texture": "#silver", "uv": [ 48.5, 23.5, 49.0, 24.0 ] }
											},
											"children": [
												{
													"name": "PlateLeftC5",
													"from": [ 0.0, 0.6, 0.3 ],
													"to": [ 0.3, 4.4, 2.2 ],
													"rotationOrigin": [ 0.3, 0.6, 0.3 ],
													"rotationX": 52.0,
													"rotationY": 1.7,
													"rotationZ": -1.3,
													"faces": {
														"north": { "texture": "#silver", "uv": [ 45.0, 21.5, 45.5, 25.0 ], "windMode": [-1,-1,-1,-1], "windData": [1,1,1,1] },
														"east": { "texture": "#silver", "uv": [ 45.0, 21.5, 46.5, 25.0 ] },
														"south": { "texture": "#silver", "uv": [ 48.5, 21.0, 49.0, 24.5 ] },
														"west": { "texture": "#silver", "uv": [ 62.0, 12.5, 63.5, 16.0 ] },
														"up": { "texture": "#silver", "uv": [ 26.5, 2.5, 27.0, 4.0 ] },
														"down": { "texture": "#lead", "uv": [ 2.0, 0.0, 4.0, 2.0 ] }
													}
												},
												{
													"name": "PlateLeftC6",
													"from": [ 0.0, -0.05, 0.5 ],
													"to": [ 0.3, 3.2, 3.03 ],
													"rotationOrigin": [ 0.0, -0.1, 0.5 ],
													"rotationX": 5.0,
													"rotationY": 2.1,
													"faces": {
														"east": { "texture": "#silver", "uv": [ 47.0, 21.5, 49.5, 24.5 ] },
														"south": { "texture": "#silver", "uv": [ 48.5, 22.0, 49.0, 25.0 ] },
														"west": { "texture": "#silver", "uv": [ 46.0, 23.7, 48.5, 26.4 ], "rotation": 180, "autoUv": false },
														"up": { "texture": "#silver", "uv": [ 26.0, 1.0, 26.5, 3.5 ] },
														"down": { "texture": "#silver", "uv": [ 48.5, 22.5, 49.0, 25.0 ] }
													}
												},
												{
													"name": "upper edge1 L",
													"from": [ 0.0, 3.2, 0.0 ],
													"to": [ 0.5, 3.5, 0.8 ],
													"rotationOrigin": [ 0.0, 3.2, 0.0 ],
													"faces": {
														"north": { "texture": "#silver", "uv": [ 45.0, 22.5, 45.5, 23.0 ] },
														"east": { "texture": "#silver", "uv": [ 44.5, 22.0, 45.0, 22.5 ] },
														"south": { "texture": "#silver", "uv": [ 45.0, 23.5, 45.5, 24.0 ] },
														"west": { "texture": "#silver", "uv": [ 45.0, 22.0, 45.5, 22.5 ] },
														"up": { "texture": "#silver", "uv": [ 45.5, 22.0, 46.0, 22.5 ] },
														"down": { "texture": "#silver", "uv": [ 8.0, 10.0, 8.5, 10.5 ] }
													},
													"children": [
														{
															"name": "upper edge2 L",
															"from": [ 0.07, 0.0, 0.7 ],
															"to": [ 0.57, 0.3, 1.79 ],
															"rotationOrigin": [ 0.1, 0.0, 0.7 ],
															"rotationX": 9.0,
															"rotationY": 17.0,
															"faces": {
																"north": { "texture": "#silver", "uv": [ 45.0, 22.5, 45.5, 23.0 ] },
																"east": { "texture": "#silver", "uv": [ 44.5, 22.0, 45.5, 22.5 ] },
																"south": { "texture": "#silver", "uv": [ 46.5, 22.5, 47.0, 23.0 ] },
																"west": { "texture": "#silver", "uv": [ 45.0, 22.0, 46.0, 22.5 ] },
																"up": { "texture": "#silver", "uv": [ 45.5, 22.0, 46.0, 23.0 ] },
																"down": { "texture": "#silver", "uv": [ 8.0, 10.0, 8.5, 11.0 ] }
															}
														}
													]
												}
											]
										},
										{
											"name": "Left pre-edge1",
											"from": [ 0.0, 3.2, 0.0 ],
											"to": [ 0.9, 3.5, 0.9 ],
											"rotationOrigin": [ 0.0, 3.2, 0.8 ],
											"rotationY": 0.1,
											"rotationZ": 9.9,
											"faces": {
												"north": { "texture": "#silver", "uv": [ 48.0, 22.5, 48.5, 23.0 ] },
												"east": { "texture": "#silver", "uv": [ 47.5, 23.0, 48.0, 23.5 ] },
												"south": { "texture": "#silver", "uv": [ 45.0, 23.0, 45.5, 23.5 ] },
												"west": { "texture": "#silver", "uv": [ 46.0, 22.5, 46.5, 23.0 ] },
												"up": { "texture": "#silver", "uv": [ 46.0, 21.5, 46.5, 22.0 ] },
												"down": { "texture": "#silver", "uv": [ 46.5, 21.5, 47.0, 22.0 ] }
											},
											"children": [
												{
													"name": "Left pre-edge2",
													"from": [ 0.74, 0.013, 0.0 ],
													"to": [ 1.84, 0.313, 0.9 ],
													"rotationOrigin": [ 0.8, 0.0, 0.8 ],
													"rotationX": 0.0,
													"rotationY": 0.0,
													"rotationZ": -29.0,
													"faces": {
														"north": { "texture": "#silver", "uv": [ 45.5, 22.5, 46.5, 23.0 ] },
														"east": { "texture": "#silver", "uv": [ 45.5, 23.5, 46.0, 24.0 ] },
														"south": { "texture": "#silver", "uv": [ 44.5, 23.5, 45.5, 24.0 ] },
														"west": { "texture": "#silver", "uv": [ 46.0, 22.5, 46.5, 23.0 ] },
														"up": { "texture": "#silver", "uv": [ 45.5, 21.0, 46.5, 21.5 ] },
														"down": { "texture": "#silver", "uv": [ 48.0, 22.0, 49.0, 22.5 ] }
													}
												}
											]
										}
									]
								},
								{
									"name": "RidgeL2",
									"from": [ -0.4, -0.1, -0.3 ],
									"to": [ 0.4, 3.4, 0.0 ],
									"rotationOrigin": [ -0.4, -0.1, -0.3 ],
									"faces": {
										"north": { "texture": "#silver", "uv": [ 26.5, 0.5, 27.0, 4.0 ] },
										"east": { "texture": "#silver", "uv": [ 22.5, 0.0, 23.0, 3.5 ] },
										"south": { "texture": "#silver", "uv": [ 42.5, 21.5, 43.0, 25.0 ] },
										"west": { "texture": "#silver", "uv": [ 22.5, 0.0, 23.0, 3.5 ] },
										"up": { "texture": "#silver", "uv": [ 22.5, 1.0, 23.0, 1.5 ] }
									},
									"children": [
										{
											"name": "Center Higher lense defence",
											"from": [ 0.02, 1.3, -1.6 ],
											"to": [ 0.22, 1.8, 0.0 ],
											"rotationOrigin": [ 0.0, 1.3, -1.6 ],
											"faces": {
												"north": { "texture": "#silver", "uv": [ 25.0, 4.5, 25.5, 5.0 ] },
												"east": { "texture": "#silver", "uv": [ 23.5, 4.5, 25.0, 5.0 ] },
												"south": { "texture": "#silver", "uv": [ 24.0, 4.5, 24.5, 5.0 ] },
												"west": { "texture": "#silver", "uv": [ 23.5, 4.5, 25.0, 5.0 ] },
												"up": { "texture": "#silver", "uv": [ 26.0, 2.5, 26.5, 4.0 ] },
												"down": { "texture": "#silver", "uv": [ 42.0, 2.5, 42.5, 4.0 ] }
											}
										},
										{
											"name": "Higher lense defence",
											"from": [ 0.04, 3.0, -1.6 ],
											"to": [ 0.74, 3.5, 0.0 ],
											"rotationOrigin": [ 0.0, 3.0, -1.6 ],
											"faces": {
												"north": { "texture": "#silver", "uv": [ 24.5, 4.0, 25.0, 4.5 ] },
												"east": { "texture": "#silver", "uv": [ 23.5, 4.5, 25.0, 5.0 ] },
												"south": { "texture": "#silver", "uv": [ 24.5, 4.0, 25.0, 4.5 ] },
												"west": { "texture": "#silver", "uv": [ 24.5, 4.0, 26.0, 4.5 ] },
												"up": { "texture": "#silver", "uv": [ 42.5, 2.5, 43.0, 4.0 ] },
												"down": { "texture": "#silver", "uv": [ 42.0, 2.0, 42.5, 3.5 ] }
											}
										}
									]
								},
								{
									"name": "Upper part R",
									"from": [ 0.0, 3.2, -3.4 ],
									"to": [ 1.0, 3.5, -2.19 ],
									"rotationOrigin": [ 0.0, 3.2, -3.4 ],
									"rotationZ": 10.0,
									"faces": {
										"north": { "texture": "#silver", "uv": [ 45.5, 22.5, 46.5, 23.0 ] },
										"east": { "texture": "#silver", "uv": [ 45.0, 23.5, 46.0, 24.0 ] },
										"south": { "texture": "#silver", "uv": [ 42.0, 2.5, 43.0, 3.0 ] },
										"west": { "texture": "#silver", "uv": [ 46.0, 22.0, 47.0, 22.5 ] },
										"up": { "texture": "#silver", "uv": [ 45.0, 22.0, 46.0, 23.0 ] },
										"down": { "texture": "#silver", "uv": [ 44.5, 23.0, 45.5, 24.0 ] }
									},
									"children": [
										{
											"name": "Upper part R2",
											"from": [ 0.9, 0.03, 0.01 ],
											"to": [ 1.9, 0.33, 1.22 ],
											"rotationOrigin": [ 0.9, 0.1, 0.0 ],
											"rotationZ": -27.0,
											"faces": {
												"north": { "texture": "#silver", "uv": [ 45.5, 22.5, 46.5, 23.0 ] },
												"east": { "texture": "#silver", "uv": [ 45.0, 23.5, 46.0, 24.0 ] },
												"south": { "texture": "#silver", "uv": [ 42.0, 2.5, 43.0, 3.0 ] },
												"west": { "texture": "#silver", "uv": [ 46.0, 22.0, 47.0, 22.5 ] },
												"up": { "texture": "#silver", "uv": [ 44.0, 23.5, 45.0, 24.5 ] },
												"down": { "texture": "#silver", "uv": [ 44.5, 23.0, 45.5, 24.0 ] }
											}
										}
									]
								},
								{
									"name": "Upper part L",
									"from": [ 0.0, 3.2, 0.0 ],
									"to": [ 1.0, 3.5, 1.21 ],
									"rotationOrigin": [ 0.0, 3.2, 0.0 ],
									"rotationZ": 10.0,
									"faces": {
										"north": { "texture": "#silver", "uv": [ 42.0, 4.0, 43.0, 4.5 ] },
										"east": { "texture": "#silver", "uv": [ 45.0, 23.5, 46.0, 24.0 ] },
										"south": { "texture": "#silver", "uv": [ 45.0, 22.5, 46.0, 23.0 ] },
										"west": { "texture": "#silver", "uv": [ 46.0, 22.0, 47.0, 22.5 ] },
										"up": { "texture": "#silver", "uv": [ 45.5, 21.5, 46.5, 22.5 ] },
										"down": { "texture": "#silver", "uv": [ 44.5, 23.0, 45.5, 24.0 ] }
									},
									"children": [
										{
											"name": "Upper part L2",
											"from": [ 0.86, -0.03, -0.011 ],
											"to": [ 1.86, 0.27, 1.199 ],
											"rotationOrigin": [ 1.0, 0.0, -0.1 ],
											"rotationZ": -27.0,
											"faces": {
												"north": { "texture": "#silver", "uv": [ 42.0, 4.0, 43.0, 4.5 ] },
												"east": { "texture": "#silver", "uv": [ 44.0, 21.5, 44.5, 22.0 ], "autoUv": false },
												"south": { "texture": "#silver", "uv": [ 45.0, 22.5, 46.0, 23.0 ] },
												"west": { "texture": "#silver", "uv": [ 46.0, 23.0, 47.0, 23.5 ] },
												"up": { "texture": "#silver", "uv": [ 45.0, 22.0, 46.0, 23.0 ] },
												"down": { "texture": "#silver", "uv": [ 44.5, 23.0, 45.5, 24.0 ] }
											}
										}
									]
								},
								{
									"name": "Upper part Center",
									"from": [ -0.32, 3.2, -1.9 ],
									"to": [ 0.98, 3.5, -0.3 ],
									"rotationOrigin": [ -0.3, 3.2, -1.9 ],
									"rotationZ": 10.0,
									"faces": {
										"north": { "texture": "#silver", "uv": [ 42.0, 4.0, 43.0, 4.5 ] },
										"east": { "texture": "#silver", "uv": [ 45.0, 23.5, 46.5, 24.0 ] },
										"south": { "texture": "#silver", "uv": [ 45.0, 22.5, 46.0, 23.0 ] },
										"west": { "texture": "#silver", "uv": [ 41.5, 3.0, 43.0, 3.5 ] },
										"up": { "texture": "#silver", "uv": [ 45.5, 22.5, 46.5, 24.0 ] },
										"down": { "texture": "#silver", "uv": [ 44.5, 23.0, 45.5, 24.5 ] }
									}
								},
								{
									"name": "Upper part R side",
									"from": [ -0.34, 3.2, -2.199 ],
									"to": [ 1.06, 3.5, -1.898 ],
									"rotationOrigin": [ -0.3, 3.2, -2.2 ],
									"rotationZ": 17.0,
									"faces": {
										"north": { "texture": "#silver", "uv": [ 42.0, 3.5, 43.0, 4.0 ] },
										"east": { "texture": "#silver", "uv": [ 42.0, 4.0, 42.5, 4.5 ] },
										"south": { "texture": "#silver", "uv": [ 42.0, 3.5, 43.0, 4.0 ] },
										"west": { "texture": "#silver", "uv": [ 42.0, 3.5, 42.5, 4.0 ] },
										"up": { "texture": "#silver", "uv": [ 42.0, 4.0, 43.0, 4.5 ] },
										"down": { "texture": "#silver", "uv": [ 42.0, 2.0, 43.0, 2.5 ] }
									},
									"children": [
										{
											"name": "Upper part R side2",
											"from": [ 1.24, 0.05, 0.001 ],
											"to": [ 2.64, 0.35, 0.302 ],
											"rotationOrigin": [ 1.24, 0.1, -0.001 ],
											"rotationZ": -40.0,
											"faces": {
												"north": { "texture": "#silver", "uv": [ 42.5, 3.5, 43.5, 4.0 ] },
												"east": { "texture": "#silver", "uv": [ 42.0, 4.0, 42.5, 4.5 ] },
												"south": { "texture": "#silver", "uv": [ 42.0, 3.5, 43.0, 4.0 ] },
												"west": { "texture": "#silver", "uv": [ 42.0, 3.5, 42.5, 4.0 ] },
												"up": { "texture": "#silver", "uv": [ 42.5, 2.5, 43.5, 3.0 ] },
												"down": { "texture": "#silver", "uv": [ 42.0, 2.0, 43.0, 2.5 ] }
											}
										}
									]
								},
								{
									"name": "Upper part L side",
									"from": [ -0.34, 3.2, -0.302 ],
									"to": [ 1.06, 3.5, -0.001 ],
									"rotationOrigin": [ -0.3, 3.2, -0.3 ],
									"rotationZ": 17.0,
									"faces": {
										"north": { "texture": "#silver", "uv": [ 42.0, 4.0, 43.0, 4.5 ] },
										"east": { "texture": "#silver", "uv": [ 42.5, 2.5, 43.0, 3.0 ] },
										"south": { "texture": "#silver", "uv": [ 42.0, 2.0, 43.0, 2.5 ] },
										"west": { "texture": "#silver", "uv": [ 42.5, 3.5, 43.0, 4.0 ] },
										"up": { "texture": "#silver", "uv": [ 42.0, 2.0, 43.0, 2.5 ] },
										"down": { "texture": "#silver", "uv": [ 42.0, 3.0, 43.0, 3.5 ] }
									},
									"children": [
										{
											"name": "Upper part L side2",
											"from": [ 1.24, 0.05, -0.001 ],
											"to": [ 2.64, 0.35, 0.3 ],
											"rotationOrigin": [ 1.24, 0.1, 0.002 ],
											"rotationZ": -40.0,
											"faces": {
												"north": { "texture": "#silver", "uv": [ 42.0, 3.5, 43.0, 4.0 ] },
												"east": { "texture": "#silver", "uv": [ 42.5, 2.5, 43.0, 3.0 ] },
												"south": { "texture": "#silver", "uv": [ 42.0, 3.0, 43.0, 3.5 ] },
												"west": { "texture": "#silver", "uv": [ 42.5, 3.5, 43.0, 4.0 ] },
												"up": { "texture": "#silver", "uv": [ 42.0, 2.5, 43.0, 3.0 ] },
												"down": { "texture": "#silver", "uv": [ 42.0, 3.0, 43.0, 3.5 ] }
											}
										}
									]
								}
							]
						}
					]
				},
				{
					"name": "POWER",
					"from": [ 20.0, -1.3, 0.7 ],
					"to": [ 22.5, -0.3, 1.7 ],
					"rotationOrigin": [ 20.0, -1.3, 1.3 ],
					"faces": {
						"north": { "texture": "#cupronickel1", "uv": [ 2.0, 4.0, 12.0, 11.0 ], "autoUv": false, "windMode": [-1,-1,-1,-1] },
						"east": { "texture": "#cupronickel1", "uv": [ 6.0, 4.0, 8.0, 6.0 ], "windMode": [-1,-1,-1,-1] },
						"south": { "texture": "#cupronickel1", "uv": [ 8.0, 4.0, 17.0, 11.0 ], "autoUv": false },
						"west": { "texture": "#cupronickel1", "uv": [ 10.0, 4.0, 12.0, 6.0 ] },
						"up": { "texture": "#cupronickel1", "uv": [ 2.0, 2.0, 8.0, 8.0 ], "autoUv": false },
						"down": { "texture": "#cupronickel1", "uv": [ 6.0, 2.0, 8.0, 4.0 ] }
					},
					"children": [
						{
							"name": "RidgeDiamond",
							"from": [ -0.4, -0.3, 0.0 ],
							"to": [ 0.6, 0.7, 1.0 ],
							"rotationOrigin": [ -0.4, 0.2, 0.5 ],
							"rotationX": 45.0,
							"faces": {
								"north": { "texture": "#cupronickel1", "uv": [ 2.0, 4.0, 4.0, 6.0 ] },
								"east": { "texture": "#cupronickel1", "uv": [ 4.0, 4.0, 6.0, 6.0 ] },
								"south": { "texture": "#cupronickel1", "uv": [ 6.0, 4.0, 8.0, 6.0 ] },
								"west": { "texture": "#cupronickel1", "uv": [ 8.0, 4.0, 10.0, 6.0 ] },
								"up": { "texture": "#cupronickel1", "uv": [ 2.0, 2.0, 4.0, 4.0 ] },
								"down": { "texture": "#cupronickel1", "uv": [ 4.0, 2.0, 6.0, 4.0 ] }
							}
						},
						{
							"name": "TopRidgeB",
							"from": [ 2.2, -0.1, -0.2 ],
							"to": [ 4.7, 1.2, 1.2 ],
							"rotationOrigin": [ 2.2, -0.1, 0.4 ],
							"rotationZ": -10.0,
							"faces": {
								"north": { "texture": "#cupronickel1", "uv": [ 8.0, 12.0, 15.0, 20.0 ], "autoUv": false },
								"east": { "texture": "#cupronickel1", "uv": [ 10.0, 12.0, 12.0, 14.0 ] },
								"south": { "texture": "#cupronickel1", "uv": [ 6.0, 6.0, 13.0, 12.0 ], "autoUv": false },
								"west": { "texture": "#cupronickel1", "uv": [ 8.0, 8.0, 10.0, 10.0 ] },
								"up": { "texture": "#cupronickel1", "uv": [ 8.0, 2.0, 14.0, 8.0 ], "autoUv": false },
								"down": { "texture": "#cupronickel1", "uv": [ 2.0, 12.0, 4.0, 14.0 ] }
							},
							"children": [
								{
									"name": "TopRidgeC",
									"from": [ 2.4, -0.2, -0.1 ],
									"to": [ 4.9, 1.4, 1.5 ],
									"rotationOrigin": [ 2.4, 1.0, 0.7 ],
									"rotationZ": -10.0,
									"faces": {
										"north": { "texture": "#cupronickel1", "uv": [ 8.0, 12.0, 16.0, 18.5 ], "autoUv": false },
										"east": { "texture": "#cupronickel1", "uv": [ 9.5, 12.0, 11.0, 13.5 ] },
										"south": { "texture": "#cupronickel1", "uv": [ 6.0, 6.0, 12.0, 13.5 ], "autoUv": false },
										"west": { "texture": "#cupronickel1", "uv": [ 7.0, 8.0, 8.5, 9.5 ] },
										"up": { "texture": "#cupronickel1", "uv": [ 8.0, 2.0, 15.0, 13.5 ], "autoUv": false },
										"down": { "texture": "#cupronickel1", "uv": [ 2.5, 11.5, 5.0, 13.0 ] }
									}
								}
							]
						},
						{
							"name": "BackBlock",
							"from": [ 6.04, -4.92, -0.8 ],
							"to": [ 7.54, -1.92, 1.7 ],
							"rotationOrigin": [ 6.0368, -4.9231, -0.8 ],
							"rotationZ": -10.0,
							"faces": {
								"north": { "texture": "#cupronickel1", "uv": [ 14.0, 0.0, 16.0, 2.0 ] },
								"east": { "texture": "#cupronickel1", "uv": [ 0.0, 0.0, 8.0, 9.0 ], "autoUv": false },
								"south": { "texture": "#cupronickel1", "uv": [ 0.0, 0.0, 2.0, 2.0 ] },
								"west": { "texture": "#cupronickel1", "uv": [ 0.0, 0.0, 2.0, 2.0 ] },
								"up": { "texture": "#cupronickel1", "uv": [ 0.0, 0.0, 2.0, 2.0 ] },
								"down": { "texture": "#cupronickel1", "uv": [ 0.0, 0.0, 2.0, 2.0 ] }
							},
							"children": [
								{
									"name": "BackGizmo",
									"from": [ 0.0, 3.0, 0.6 ],
									"to": [ 1.0, 4.5, 1.0 ],
									"rotationOrigin": [ 1.0, 3.0, 0.6 ],
									"rotationZ": 20.0,
									"faces": {
										"north": { "texture": "#cupronickel1", "uv": [ 13.5, 12.5, 14.5, 14.0 ] },
										"east": { "texture": "#cupronickel1", "uv": [ 14.5, 7.0, 15.0, 8.5 ] },
										"south": { "texture": "#cupronickel1", "uv": [ 14.5, 8.0, 15.5, 9.5 ] },
										"up": { "texture": "#cupronickel1", "uv": [ 1.0, 9.5, 2.0, 10.0 ] }
									},
									"children": [
										{
											"name": "BackGizmo2",
											"from": [ 0.0, 0.0, 1.0 ],
											"to": [ 1.0, 1.5, 1.4 ],
											"rotationOrigin": [ 1.0, 0.0, 1.0 ],
											"faces": {
												"north": { "texture": "#cupronickel1", "uv": [ 2.5, 6.0, 3.5, 7.5 ] },
												"east": { "texture": "#cupronickel1", "uv": [ 8.5, 7.5, 9.0, 9.0 ] },
												"south": { "texture": "#cupronickel1", "uv": [ 1.0, 3.0, 2.0, 4.5 ] },
												"up": { "texture": "#cupronickel1", "uv": [ 13.0, 10.5, 14.0, 11.0 ] }
											}
										},
										{
											"name": "BackGizmo3",
											"from": [ 0.5, 0.0, 0.4 ],
											"to": [ 1.0, 0.5, 1.0 ],
											"rotationOrigin": [ 1.0, 0.0, 0.4 ],
											"faces": {
												"east": { "texture": "#cupronickel1", "uv": [ 13.0, 7.0, 13.5, 7.5 ] },
												"up": { "texture": "#cupronickel1", "uv": [ 6.0, 11.5, 6.5, 12.0 ] }
											}
										},
										{
											"name": "BackGizmo4",
											"from": [ 0.0, 1.0, 0.4 ],
											"to": [ 1.0, 2.1, 1.0 ],
											"rotationOrigin": [ 1.0, 1.0, 0.4 ],
											"faces": {
												"north": { "texture": "#cupronickel1", "uv": [ 4.5, 12.0, 5.5, 13.0 ] },
												"east": { "texture": "#cupronickel1", "uv": [ 14.5, 2.0, 15.0, 3.0 ] },
												"south": { "texture": "#cupronickel1", "uv": [ 10.5, 2.0, 11.5, 3.0 ] },
												"up": { "texture": "#cupronickel1", "uv": [ 13.5, 4.5, 14.5, 5.0 ] },
												"down": { "texture": "#cupronickel1", "uv": [ 0.0, 0.0, 1.0, 0.5 ], "windMode": [-1,-1,-1,-1] }
											}
										},
										{
											"name": "BackGizmo5",
											"from": [ 0.3, 0.5, 0.4 ],
											"to": [ 0.8, 1.0, 1.0 ],
											"rotationOrigin": [ 0.8, 0.5, 0.4 ],
											"faces": {
												"east": { "texture": "#rustyglow", "uv": [ 4.0, 10.0, 6.0, 12.0 ], "windMode": [-1,-1,-1,-1] }
											}
										}
									]
								},
								{
									"name": "Cube2",
									"from": [ 0.0, 0.1, -0.5 ],
									"to": [ 0.5, 2.0, 3.0 ],
									"rotationOrigin": [ 0.0, 0.1, -0.5 ],
									"faces": {
										"north": { "texture": "#cupronickel1", "uv": [ 0.0, 0.0, 0.5, 1.5 ] },
										"east": { "texture": "#cupronickel1", "uv": [ 0.0, 0.0, 3.5, 1.5 ] },
										"south": { "texture": "#cupronickel1", "uv": [ 0.0, 0.0, 0.5, 1.5 ] },
										"west": { "texture": "#cupronickel1", "uv": [ 0.0, 0.0, 3.5, 1.5 ] },
										"up": { "texture": "#cupronickel1", "uv": [ 0.0, 0.0, 0.5, 3.5 ] },
										"down": { "texture": "#cupronickel1", "uv": [ 0.0, 0.0, 0.5, 3.5 ] }
									}
								}
							]
						}
					]
				}
			]
		}
	]}