{
	"code": "fa-landsknecht-body",
	"class": "ItemWearable",
	"heldTpIdleAnimation": "holdunderarm",
	"variantgroups": [
		{ "code": "metalbody",  "states": ["iron", "meteoriciron", "steel"]},
		{ "code": "textile",  "states": ["red","green","black","blue","brown","white","purple","pink","orange","yellow","gray","plain"]},
	],
	"allowedVariants": [
		"*"
	],
	"shapeByType": 
	{
		"*": { "base": "entity/armor/landsknecht/landsknechtbody" },
	},
	"texturesByType": {
		"fa-landsknecht-body-*": { 
			"seraph": { "base": "game:block/transparent" },
			"landsknechtbody": { "base": "armor/entity/landsknecht_{metalbody}" },
			"textile": { "base": "block/textiles/textile{textile}" },
				},
	},
	"storageFlags": 128,
	"maxstacksize": 4,
	"attributes": {
		"visibleDamageEffect": true,
		"wearableAttachment": true,
		"clothescategoryByType": {
			"*": "armorbody",
		},
		"footStepSoundByType": {
			"fa-landsknecht-body-*": "game:wearable/brigandine*",
		},
		"defaultProtLoss": {
			perTierRelativeProtectionLoss: [0.03, 0.15],
			perTierFlatDamageReductionLoss: [0.1, 0.2],
		},
		"protectionModifiersByType": {
			"*-steel*": {
				relativeProtection: 0.84,
				flatDamageReduction: 1.3,
				highDamageTierResistant: true,
				protectionTier: 4
			},
			"*-meteoriciron*": {
				relativeProtection: 0.82,
				flatDamageReduction: 1.22,
				highDamageTierResistant: true,
				protectionTier: 3
			},
			"*-iron*": {
				relativeProtection: 0.82,
				flatDamageReduction: 1.2,
				highDamageTierResistant: true,
				protectionTier: 3
			},
		},
		"statModifiersByType": {
			"*": {
				rangedWeaponsAcc: -0.05,
				rangedWeaponsSpeed: -0.10,
				walkSpeed: -0.02,
				healingeffectivness: -0.10,
				hungerrate: 0.05
			}
		}
	},
	"creativeinventory": { "general": ["*"], "items": ["*"], "forgottenarmorylandsknecht": ["*"] },
	"renderAlphaTest": 0.25,
	"durabilityByType": {
		"*-iron*": 2000,
		"*-meteoriciron*": 2500,
		"*-steel*": 3200,
	},
	"fpHandTransformByType": {
		"*": {
			translation: { x: 0.4, y: -1.2, z: -0.5 },
			rotation: { x: 163, y: -111, z: -180 },
			origin: { x: 0.5, y: 1.6, z: 0.5 },
			scale: 2.15
		},
	},
	"tpHandTransformByType": {
		"*": {
			translation: { x: -1, y: -1.9, z: -0.5 },
			rotation: { x: 97, y: -168, z: 94 },
			origin: { x: 0.5, y: 1.5, z: 0.5 },
			scale: 0.67
		},
	},
	"guiTransformByType": {
		"*": {
			translation: { x: 3, y: 0, z: 0 },
			rotation: { x: -26, y: -46, z: -180 },
			origin: { x: 0.5, y: 1.11, z: 0.5 },
			scale: 1.37
		},
	},
	"groundTransformByType": {
		"*": {
			translation: { x: 0, y: 0, z: 0 },
			rotation: { x: 0, y: 0, z: 90 },
			origin: { x: 0.34, y: 1.12, z: 0.5 },
			scale: 3.1
		},
	},
}