[
  {
    "op": "replace",
    "file": "indappledgroves:itemtypes/tools/forestaxe",
    "path": "/heldTpHitAnimation",
    "value": "axechopnew"
  },
  {
    "op": "replace",
    "file": "indappledgroves:itemtypes/tools/forestaxe",
    "path": "/tpHandTransform",
    "value": {
      "translation": { "x": -0.25, "y": 0.01, "z": -0.54 },
      "rotation": { "x": 90, "y": 0, "z": 0 },
      "origin": { "x": 0.5, "y": 0, "z": 0.5 },
      "scale": 1
    }
  },

  {
    "op": "replace",
    "file": "indappledgroves:itemtypes/tools/maul",
    "path": "/heldTpHitAnimation",
    "value": "axechopnew"
  },
  {
    "op": "replace",
    "file": "indappledgroves:itemtypes/tools/maul",
    "path": "/tpHandTransform",
    "value": {
      "translation": { "x": -0.3, "y": 0.02, "z": -0.92 },
      "rotation": { "x": 90, "y": 0, "z": 0 },
      "origin": { "x": 0.5, "y": 0, "z": 0.5 },
      "scale": 1.15
    }
  },

  {
    "op": "replace",
    "file": "indappledgroves:itemtypes/tools/grubaxe",
    "path": "/heldTpHitAnimation",
    "value": "axechopnew"
  },
  {
    "op": "replace",
    "file": "indappledgroves:itemtypes/tools/grubaxe",
    "path": "/tpHandTransform",
    "value": {
      "translation": { "x": -0.5, "y": 0.01, "z": -1.15 },
      "rotation": { "x": 90, "y": 0, "z": 0 },
      "origin": { "x": 0.5, "y": 0, "z": 0.5 },
      "scale": 0.8
    }
  }
]
