{
	"editor": {
		"allAngles": false,
		"entityTextureMode": false
	},
	"textureWidth": 16,
	"textureHeight": 16,
	"textureSizes": {
		"saddlecolor": [16,16],
		"saddlecolor2": [16,16]
	},
	"textures": {
		"saddlecolor": "game:block/cloth/basic/green",
		"saddlecolor2": "game:block/cloth/linen/green",
		"mordant": "game:block/cloth/linen/mordant"
	},
	"elements": [
		{
			"name": "ORIGIN",
			"from": [ 6.0, 2.0, 3.0 ],
			"to": [ 7.0, 3.0, 4.0 ],
			"rotationOrigin": [ 6.0, 0.0, 3.0 ],
			"faces": {
			},
			"children": [
				{
					"name": "Grip",
					"from": [ -0.7, -1.8, 1.2 ],
					"to": [ 1.9, 0.8, 8.8 ],
					"rotationOrigin": [ -0.3, -2.0, 1.2 ],
					"faces": {
						"north": { "texture": "#saddlecolor", "uv": [ 0.0, 0.0, 2.5, 2.5 ] },
						"east": { "texture": "#saddlecolor", "uv": [ 0.0, 0.0, 7.5, 2.5 ] },
						"south": { "texture": "#saddlecolor", "uv": [ 0.0, 0.0, 2.5, 2.5 ] },
						"west": { "texture": "#saddlecolor", "uv": [ 0.0, 0.0, 7.5, 2.5 ] },
						"up": { "texture": "#saddlecolor", "uv": [ 0.0, 0.0, 2.5, 7.5 ] },
						"down": { "texture": "#saddlecolor", "uv": [ 0.0, 0.0, 2.5, 7.5 ] }
					}
				},
				{
					"name": "Grip2",
					"from": [ 2.0, -1.8, 1.3 ],
					"to": [ 4.6, 0.8, 8.7 ],
					"rotationOrigin": [ 2.4, -2.0, 1.3 ],
					"faces": {
						"north": { "texture": "#saddlecolor", "uv": [ 0.0, 0.0, 2.5, 2.5 ] },
						"east": { "texture": "#saddlecolor", "uv": [ 0.0, 0.0, 7.0, 2.5 ] },
						"south": { "texture": "#saddlecolor", "uv": [ 0.0, 0.0, 2.5, 2.5 ] },
						"west": { "texture": "#saddlecolor", "uv": [ 0.0, 0.0, 7.0, 2.5 ] },
						"up": { "texture": "#saddlecolor", "uv": [ 0.0, 0.0, 2.5, 7.0 ] },
						"down": { "texture": "#saddlecolor", "uv": [ 0.0, 0.0, 2.5, 7.0 ] }
					}
				},
				{
					"name": "Grip3",
					"from": [ -0.9, -2.0, 2.0 ],
					"to": [ 4.8, 1.0, 3.0 ],
					"rotationOrigin": [ -0.5, -2.2, 1.0 ],
					"faces": {
						"north": { "texture": "#mordant", "uv": [ 0.0, 0.0, 5.5, 3.0 ] },
						"east": { "texture": "#mordant", "uv": [ 0.0, 0.0, 1.0, 3.0 ] },
						"south": { "texture": "#mordant", "uv": [ 0.0, 0.0, 5.5, 3.0 ] },
						"west": { "texture": "#mordant", "uv": [ 0.0, 0.0, 1.0, 3.0 ] },
						"up": { "texture": "#mordant", "uv": [ 0.0, 0.0, 5.5, 1.0 ] },
						"down": { "texture": "#mordant", "uv": [ 0.0, 0.0, 5.5, 1.0 ] }
					},
					"children": [
						{
							"name": "Grip4",
							"from": [ 0.0, 0.0, 5.0 ],
							"to": [ 5.7, 3.0, 6.0 ],
							"rotationOrigin": [ 0.4, -0.2, -1.0 ],
							"faces": {
								"north": { "texture": "#mordant", "uv": [ 0.0, 0.0, 5.5, 3.0 ] },
								"east": { "texture": "#mordant", "uv": [ 0.0, 0.0, 1.0, 3.0 ] },
								"south": { "texture": "#mordant", "uv": [ 0.0, 0.0, 5.5, 3.0 ] },
								"west": { "texture": "#mordant", "uv": [ 0.0, 0.0, 1.0, 3.0 ] },
								"up": { "texture": "#mordant", "uv": [ 0.0, 0.0, 5.5, 1.0 ] },
								"down": { "texture": "#mordant", "uv": [ 0.0, 0.0, 5.5, 1.0 ] }
							},
							"children": [
								{
									"name": "Grip5",
									"from": [ 0.0, 0.0, -2.5 ],
									"to": [ 5.7, 3.0, -1.5 ],
									"rotationOrigin": [ 0.4, -0.2, -5.5 ],
									"faces": {
										"north": { "texture": "#mordant", "uv": [ 0.0, 0.0, 5.5, 3.0 ] },
										"east": { "texture": "#mordant", "uv": [ 0.0, 0.0, 1.0, 3.0 ] },
										"south": { "texture": "#mordant", "uv": [ 0.0, 0.0, 5.5, 3.0 ] },
										"west": { "texture": "#mordant", "uv": [ 0.0, 0.0, 1.0, 3.0 ] },
										"up": { "texture": "#mordant", "uv": [ 0.0, 0.0, 5.5, 1.0 ] },
										"down": { "texture": "#mordant", "uv": [ 0.0, 0.0, 5.5, 1.0 ] }
									}
								},
								{
									"name": "Grip6",
									"from": [ 0.4, 0.4, -6.0 ],
									"to": [ 2.6, 2.6, -5.7 ],
									"rotationOrigin": [ 0.8, 0.2, -9.0 ],
									"faces": {
										"north": { "texture": "#saddlecolor2", "uv": [ 0.0, 0.0, 2.0, 2.0 ] },
										"east": { "texture": "#saddlecolor2", "uv": [ 0.0, 0.0, 0.5, 2.0 ] },
										"south": { "texture": "#saddlecolor2", "uv": [ 0.0, 0.0, 2.0, 2.0 ] },
										"west": { "texture": "#saddlecolor2", "uv": [ 0.0, 0.0, 0.5, 2.0 ] },
										"up": { "texture": "#saddlecolor2", "uv": [ 0.0, 0.0, 2.0, 0.5 ] },
										"down": { "texture": "#saddlecolor2", "uv": [ 0.0, 0.0, 2.0, 0.5 ] }
									},
									"children": [
										{
											"name": "Grip7",
											"from": [ 2.7, 0.0, 0.1 ],
											"to": [ 4.9, 2.2, 0.4 ],
											"rotationOrigin": [ 3.1, -0.2, -2.9 ],
											"faces": {
												"north": { "texture": "#saddlecolor2", "uv": [ 0.0, 0.0, 2.0, 2.0 ] },
												"east": { "texture": "#saddlecolor2", "uv": [ 0.0, 0.0, 0.5, 2.0 ] },
												"south": { "texture": "#saddlecolor2", "uv": [ 0.0, 0.0, 2.0, 2.0 ] },
												"west": { "texture": "#saddlecolor2", "uv": [ 0.0, 0.0, 0.5, 2.0 ] },
												"up": { "texture": "#saddlecolor2", "uv": [ 0.0, 0.0, 2.0, 0.5 ] },
												"down": { "texture": "#saddlecolor2", "uv": [ 0.0, 0.0, 2.0, 0.5 ] }
											}
										}
									]
								},
								{
									"name": "Grip8",
									"from": [ 0.4, 0.4, 1.7 ],
									"to": [ 2.6, 2.6, 2.0 ],
									"rotationOrigin": [ 0.8, 0.2, -1.3 ],
									"faces": {
										"north": { "texture": "#saddlecolor2", "uv": [ 0.0, 0.0, 2.0, 2.0 ] },
										"east": { "texture": "#saddlecolor2", "uv": [ 0.0, 0.0, 0.5, 2.0 ] },
										"south": { "texture": "#saddlecolor2", "uv": [ 0.0, 0.0, 2.0, 2.0 ] },
										"west": { "texture": "#saddlecolor2", "uv": [ 0.0, 0.0, 0.5, 2.0 ] },
										"up": { "texture": "#saddlecolor2", "uv": [ 0.0, 0.0, 2.0, 0.5 ] },
										"down": { "texture": "#saddlecolor2", "uv": [ 0.0, 0.0, 2.0, 0.5 ] }
									},
									"children": [
										{
											"name": "Grip9",
											"from": [ 2.7, 0.0, -0.1 ],
											"to": [ 4.9, 2.2, 0.2 ],
											"rotationOrigin": [ 3.1, -0.2, -3.1 ],
											"faces": {
												"north": { "texture": "#saddlecolor2", "uv": [ 0.0, 0.0, 2.0, 2.0 ] },
												"east": { "texture": "#saddlecolor2", "uv": [ 0.0, 0.0, 0.5, 2.0 ] },
												"south": { "texture": "#saddlecolor2", "uv": [ 0.0, 0.0, 2.0, 2.0 ] },
												"west": { "texture": "#saddlecolor2", "uv": [ 0.0, 0.0, 0.5, 2.0 ] },
												"up": { "texture": "#saddlecolor2", "uv": [ 0.0, 0.0, 2.0, 0.5 ] },
												"down": { "texture": "#saddlecolor2", "uv": [ 0.0, 0.0, 2.0, 0.5 ] }
											}
										}
									]
								}
							]
						}
					]
				}
			]
		}
	]}