{
	"editor": {
		"backDropShape": "entity/land/cart1",
		"allAngles": false,
		"entityTextureMode": false
	},
	"textureWidth": 16,
	"textureHeight": 16,
	"textureSizes": {
		"saddlecolor": [16,16],
		"mordant": [16,16]
	},
	"textures": {
	},
	"elements": [
		{
			"name": "ORIGINGRIP",
			"stepParentName": "MainGrip",
			"from": [ 0.0, 1.5, 0.0 ],
			"to": [ 1.0, 2.5, 1.0 ],
			"rotationOrigin": [ 0.0, 1.2, 0.0 ],
			"faces": {
			},
			"children": [
				{
					"name": "Grip",
					"from": [ 0.0, -0.8, 0.8 ],
					"to": [ 9.0, 1.3, 3.3 ],
					"rotationOrigin": [ 0.4, -1.8, 0.3 ],
					"faces": {
						"north": { "texture": "#saddlecolor2", "uv": [ 0.0, 0.0, 9.0, 2.0 ] },
						"east": { "texture": "#saddlecolor2", "uv": [ 0.0, 0.0, 2.5, 2.0 ] },
						"south": { "texture": "#saddlecolor2", "uv": [ 0.0, 0.0, 9.0, 2.0 ] },
						"west": { "texture": "#saddlecolor2", "uv": [ 0.0, 0.0, 2.5, 2.0 ] },
						"up": { "texture": "#saddlecolor2", "uv": [ 0.0, 0.0, 9.0, 2.5 ] },
						"down": { "texture": "#saddlecolor2", "uv": [ 0.0, 0.0, 9.0, 2.5 ] }
					},
					"children": [
						{
							"name": "Grip4",
							"from": [ 0.5, -0.2, -0.2 ],
							"to": [ 4.5, 2.3, 2.7 ],
							"rotationOrigin": [ 0.9, -1.2, -0.7 ],
							"faces": {
								"north": { "texture": "#saddlecolor", "uv": [ 0.0, 0.0, 4.0, 2.5 ] },
								"east": { "texture": "#saddlecolor", "uv": [ 0.0, 0.0, 2.5, 2.5 ] },
								"south": { "texture": "#saddlecolor", "uv": [ 0.0, 0.0, 4.0, 2.5 ] },
								"west": { "texture": "#saddlecolor", "uv": [ 0.0, 0.0, 2.5, 2.5 ] },
								"up": { "texture": "#saddlecolor", "uv": [ 0.0, 0.0, 4.0, 2.5 ] },
								"down": { "texture": "#saddlecolor", "uv": [ 0.0, 0.0, 4.0, 2.5 ] }
							},
							"children": [
								{
									"name": "Grip6",
									"from": [ 5.0, 0.0, 0.0 ],
									"to": [ 8.0, 2.5, 2.9 ],
									"rotationOrigin": [ 5.4, -1.0, -0.5 ],
									"faces": {
										"north": { "texture": "#saddlecolor", "uv": [ 0.0, 0.0, 3.0, 2.5 ] },
										"east": { "texture": "#saddlecolor", "uv": [ 0.0, 0.0, 2.5, 2.5 ] },
										"south": { "texture": "#saddlecolor", "uv": [ 0.0, 0.0, 3.0, 2.5 ] },
										"west": { "texture": "#saddlecolor", "uv": [ 0.0, 0.0, 2.5, 2.5 ] },
										"up": { "texture": "#saddlecolor", "uv": [ 0.0, 0.0, 3.0, 2.5 ] },
										"down": { "texture": "#saddlecolor", "uv": [ 0.0, 0.0, 3.0, 2.5 ] }
									}
								},
								{
									"name": "Cube5",
									"from": [ 0.0, 0.0, 1.5 ],
									"to": [ 0.0, 0.0, 1.5 ],
									"rotationOrigin": [ 0.0, 0.0, 1.5 ],
									"rotationY": -18.0,
									"faces": {
										"north": { "texture": "#saddlecolor", "uv": [ 0.0, 0.0, 0.5, 0.5 ] },
										"east": { "texture": "#saddlecolor", "uv": [ 0.0, 0.0, 0.5, 0.5 ] },
										"south": { "texture": "#saddlecolor", "uv": [ 0.0, 0.0, 0.5, 0.5 ] },
										"west": { "texture": "#saddlecolor", "uv": [ 0.0, 0.0, 0.5, 0.5 ] },
										"up": { "texture": "#saddlecolor", "uv": [ 0.0, 0.0, 0.5, 0.5 ] },
										"down": { "texture": "#saddlecolor", "uv": [ 0.0, 0.0, 0.5, 0.5 ] }
									},
									"children": [
										{
											"name": "Cube8",
											"from": [ -7.0, 0.0, -0.5 ],
											"to": [ 1.0, 1.0, 0.5 ],
											"rotationOrigin": [ 1.0, 1.0, -0.5 ],
											"rotationZ": 25.0,
											"faces": {
												"north": { "texture": "#mordant", "uv": [ 0.0, 0.0, 8.0, 1.0 ] },
												"east": { "texture": "#mordant", "uv": [ 0.0, 0.0, 1.0, 1.0 ] },
												"south": { "texture": "#mordant", "uv": [ 0.0, 0.0, 8.0, 1.0 ] },
												"west": { "texture": "#mordant", "uv": [ 0.0, 0.0, 1.0, 1.0 ] },
												"up": { "texture": "#mordant", "uv": [ 0.0, 0.0, 8.0, 1.0 ] },
												"down": { "texture": "#mordant", "uv": [ 0.0, 0.0, 8.0, 1.0 ] }
											},
											"children": [
												{
													"name": "Cube9",
													"from": [ -6.0, 0.0, 0.0 ],
													"to": [ 0.0, 1.0, 1.0 ],
													"rotationOrigin": [ 0.0, 0.0, 0.0 ],
													"rotationZ": -15.0,
													"faces": {
														"north": { "texture": "#mordant", "uv": [ 0.0, 0.0, 6.0, 1.0 ] },
														"east": { "texture": "#mordant", "uv": [ 0.0, 0.0, 1.0, 1.0 ] },
														"south": { "texture": "#mordant", "uv": [ 0.0, 0.0, 6.0, 1.0 ] },
														"west": { "texture": "#mordant", "uv": [ 0.0, 0.0, 1.0, 1.0 ] },
														"up": { "texture": "#mordant", "uv": [ 0.0, 0.0, 6.0, 1.0 ] },
														"down": { "texture": "#mordant", "uv": [ 0.0, 0.0, 6.0, 1.0 ] }
													},
													"children": [
														{
															"name": "Cube10",
															"from": [ -5.0, 0.0, 0.0 ],
															"to": [ 0.0, 1.0, 1.0 ],
															"rotationOrigin": [ 0.0, 0.0, 0.0 ],
															"rotationZ": -10.0,
															"faces": {
																"north": { "texture": "#mordant", "uv": [ 0.0, 0.0, 5.0, 1.0 ] },
																"east": { "texture": "#mordant", "uv": [ 0.0, 0.0, 1.0, 1.0 ] },
																"south": { "texture": "#mordant", "uv": [ 0.0, 0.0, 5.0, 1.0 ] },
																"west": { "texture": "#mordant", "uv": [ 0.0, 0.0, 1.0, 1.0 ] },
																"up": { "texture": "#mordant", "uv": [ 0.0, 0.0, 5.0, 1.0 ] },
																"down": { "texture": "#mordant", "uv": [ 0.0, 0.0, 5.0, 1.0 ] }
															},
															"children": [
																{
																	"name": "Cube11",
																	"from": [ -7.0, 0.0, 0.0 ],
																	"to": [ 0.0, 1.0, 1.0 ],
																	"rotationOrigin": [ 0.0, 0.0, 0.0 ],
																	"rotationZ": -10.0,
																	"faces": {
																		"north": { "texture": "#mordant", "uv": [ 0.0, 0.0, 7.0, 1.0 ] },
																		"east": { "texture": "#mordant", "uv": [ 0.0, 0.0, 1.0, 1.0 ] },
																		"south": { "texture": "#mordant", "uv": [ 0.0, 0.0, 7.0, 1.0 ] },
																		"west": { "texture": "#mordant", "uv": [ 0.0, 0.0, 1.0, 1.0 ] },
																		"up": { "texture": "#mordant", "uv": [ 0.0, 0.0, 7.0, 1.0 ] },
																		"down": { "texture": "#mordant", "uv": [ 0.0, 0.0, 7.0, 1.0 ] }
																	},
																	"children": [
																		{
																			"name": "Cube12",
																			"from": [ -7.0, 0.0, 0.0 ],
																			"to": [ 0.0, 1.0, 1.0 ],
																			"rotationOrigin": [ 0.0, 0.0, 0.0 ],
																			"rotationZ": -15.0,
																			"faces": {
																				"north": { "texture": "#mordant", "uv": [ 0.0, 0.0, 7.0, 1.0 ] },
																				"east": { "texture": "#mordant", "uv": [ 0.0, 0.0, 1.0, 1.0 ] },
																				"south": { "texture": "#mordant", "uv": [ 0.0, 0.0, 7.0, 1.0 ] },
																				"west": { "texture": "#mordant", "uv": [ 0.0, 0.0, 1.0, 1.0 ] },
																				"up": { "texture": "#mordant", "uv": [ 0.0, 0.0, 7.0, 1.0 ] },
																				"down": { "texture": "#mordant", "uv": [ 0.0, 0.0, 7.0, 1.0 ] }
																			}
																		}
																	]
																}
															]
														}
													]
												}
											]
										}
									]
								},
								{
									"name": "Cube6",
									"from": [ 0.0, 0.0, 13.2 ],
									"to": [ 0.0, 0.0, 13.2 ],
									"rotationOrigin": [ 0.0, 0.0, 13.2 ],
									"rotationY": 18.0,
									"faces": {
										"north": { "texture": "#saddlecolor", "uv": [ 0.0, 0.0, 0.5, 0.5 ] },
										"east": { "texture": "#saddlecolor", "uv": [ 0.0, 0.0, 0.5, 0.5 ] },
										"south": { "texture": "#saddlecolor", "uv": [ 0.0, 0.0, 0.5, 0.5 ] },
										"west": { "texture": "#saddlecolor", "uv": [ 0.0, 0.0, 0.5, 0.5 ] },
										"up": { "texture": "#saddlecolor", "uv": [ 0.0, 0.0, 0.5, 0.5 ] },
										"down": { "texture": "#saddlecolor", "uv": [ 0.0, 0.0, 0.5, 0.5 ] }
									},
									"children": [
										{
											"name": "Cube13",
											"from": [ -7.0, 0.0, -0.5 ],
											"to": [ 1.0, 1.0, 0.5 ],
											"rotationOrigin": [ 1.0, 1.0, -0.5 ],
											"rotationZ": 25.0,
											"faces": {
												"north": { "texture": "#mordant", "uv": [ 0.0, 0.0, 8.0, 1.0 ] },
												"east": { "texture": "#mordant", "uv": [ 0.0, 0.0, 1.0, 1.0 ] },
												"south": { "texture": "#mordant", "uv": [ 0.0, 0.0, 8.0, 1.0 ] },
												"west": { "texture": "#mordant", "uv": [ 0.0, 0.0, 1.0, 1.0 ] },
												"up": { "texture": "#mordant", "uv": [ 0.0, 0.0, 8.0, 1.0 ] },
												"down": { "texture": "#mordant", "uv": [ 0.0, 0.0, 8.0, 1.0 ] }
											},
											"children": [
												{
													"name": "Cube14",
													"from": [ -6.0, 0.0, 0.0 ],
													"to": [ 0.0, 1.0, 1.0 ],
													"rotationOrigin": [ 0.0, 0.0, 0.0 ],
													"rotationZ": -15.0,
													"faces": {
														"north": { "texture": "#mordant", "uv": [ 0.0, 0.0, 6.0, 1.0 ] },
														"east": { "texture": "#mordant", "uv": [ 0.0, 0.0, 1.0, 1.0 ] },
														"south": { "texture": "#mordant", "uv": [ 0.0, 0.0, 6.0, 1.0 ] },
														"west": { "texture": "#mordant", "uv": [ 0.0, 0.0, 1.0, 1.0 ] },
														"up": { "texture": "#mordant", "uv": [ 0.0, 0.0, 6.0, 1.0 ] },
														"down": { "texture": "#mordant", "uv": [ 0.0, 0.0, 6.0, 1.0 ] }
													},
													"children": [
														{
															"name": "Cube15",
															"from": [ -5.0, 0.0, 0.0 ],
															"to": [ 0.0, 1.0, 1.0 ],
															"rotationOrigin": [ 0.0, 0.0, 0.0 ],
															"rotationZ": -10.0,
															"faces": {
																"north": { "texture": "#mordant", "uv": [ 0.0, 0.0, 5.0, 1.0 ] },
																"east": { "texture": "#mordant", "uv": [ 0.0, 0.0, 1.0, 1.0 ] },
																"south": { "texture": "#mordant", "uv": [ 0.0, 0.0, 5.0, 1.0 ] },
																"west": { "texture": "#mordant", "uv": [ 0.0, 0.0, 1.0, 1.0 ] },
																"up": { "texture": "#mordant", "uv": [ 0.0, 0.0, 5.0, 1.0 ] },
																"down": { "texture": "#mordant", "uv": [ 0.0, 0.0, 5.0, 1.0 ] }
															},
															"children": [
																{
																	"name": "Cube16",
																	"from": [ -7.0, 0.0, 0.0 ],
																	"to": [ 0.0, 1.0, 1.0 ],
																	"rotationOrigin": [ 0.0, 0.0, 0.0 ],
																	"rotationZ": -10.0,
																	"faces": {
																		"north": { "texture": "#mordant", "uv": [ 0.0, 0.0, 7.0, 1.0 ] },
																		"east": { "texture": "#mordant", "uv": [ 0.0, 0.0, 1.0, 1.0 ] },
																		"south": { "texture": "#mordant", "uv": [ 0.0, 0.0, 7.0, 1.0 ] },
																		"west": { "texture": "#mordant", "uv": [ 0.0, 0.0, 1.0, 1.0 ] },
																		"up": { "texture": "#mordant", "uv": [ 0.0, 0.0, 7.0, 1.0 ] },
																		"down": { "texture": "#mordant", "uv": [ 0.0, 0.0, 7.0, 1.0 ] }
																	},
																	"children": [
																		{
																			"name": "Cube17",
																			"from": [ -7.0, 0.0, 0.0 ],
																			"to": [ 0.0, 1.0, 1.0 ],
																			"rotationOrigin": [ 0.0, 0.0, 0.0 ],
																			"rotationZ": -15.0,
																			"faces": {
																				"north": { "texture": "#mordant", "uv": [ 0.0, 0.0, 7.0, 1.0 ] },
																				"east": { "texture": "#mordant", "uv": [ 0.0, 0.0, 1.0, 1.0 ] },
																				"south": { "texture": "#mordant", "uv": [ 0.0, 0.0, 7.0, 1.0 ] },
																				"west": { "texture": "#mordant", "uv": [ 0.0, 0.0, 1.0, 1.0 ] },
																				"up": { "texture": "#mordant", "uv": [ 0.0, 0.0, 7.0, 1.0 ] },
																				"down": { "texture": "#mordant", "uv": [ 0.0, 0.0, 7.0, 1.0 ] }
																			}
																		}
																	]
																}
															]
														}
													]
												}
											]
										}
									]
								}
							]
						}
					]
				},
				{
					"name": "Grip2",
					"from": [ 0.0, -0.8, 12.7 ],
					"to": [ 9.0, 1.3, 15.2 ],
					"rotationOrigin": [ 0.4, -1.8, 12.2 ],
					"faces": {
						"north": { "texture": "#saddlecolor2", "uv": [ 0.0, 0.0, 9.0, 2.0 ] },
						"east": { "texture": "#saddlecolor2", "uv": [ 0.0, 0.0, 2.5, 2.0 ] },
						"south": { "texture": "#saddlecolor2", "uv": [ 0.0, 0.0, 9.0, 2.0 ] },
						"west": { "texture": "#saddlecolor2", "uv": [ 0.0, 0.0, 2.5, 2.0 ] },
						"up": { "texture": "#saddlecolor2", "uv": [ 0.0, 0.0, 9.0, 2.5 ] },
						"down": { "texture": "#saddlecolor2", "uv": [ 0.0, 0.0, 9.0, 2.5 ] }
					},
					"children": [
						{
							"name": "Grip3",
							"from": [ 0.5, -0.2, -0.2 ],
							"to": [ 4.5, 2.3, 2.7 ],
							"rotationOrigin": [ 0.9, -1.2, -0.7 ],
							"faces": {
								"north": { "texture": "#saddlecolor", "uv": [ 0.0, 0.0, 4.0, 2.5 ] },
								"east": { "texture": "#saddlecolor", "uv": [ 0.0, 0.0, 2.5, 2.5 ] },
								"south": { "texture": "#saddlecolor", "uv": [ 0.0, 0.0, 4.0, 2.5 ] },
								"west": { "texture": "#saddlecolor", "uv": [ 0.0, 0.0, 2.5, 2.5 ] },
								"up": { "texture": "#saddlecolor", "uv": [ 0.0, 0.0, 4.0, 2.5 ] },
								"down": { "texture": "#saddlecolor", "uv": [ 0.0, 0.0, 4.0, 2.5 ] }
							}
						},
						{
							"name": "Grip5",
							"from": [ 5.5, -0.2, -0.2 ],
							"to": [ 8.5, 2.3, 2.7 ],
							"rotationOrigin": [ 5.9, -1.2, -0.7 ],
							"faces": {
								"north": { "texture": "#saddlecolor", "uv": [ 0.0, 0.0, 3.0, 2.5 ] },
								"east": { "texture": "#saddlecolor", "uv": [ 0.0, 0.0, 2.5, 2.5 ] },
								"south": { "texture": "#saddlecolor", "uv": [ 0.0, 0.0, 3.0, 2.5 ] },
								"west": { "texture": "#saddlecolor", "uv": [ 0.0, 0.0, 2.5, 2.5 ] },
								"up": { "texture": "#saddlecolor", "uv": [ 0.0, 0.0, 3.0, 2.5 ] },
								"down": { "texture": "#saddlecolor", "uv": [ 0.0, 0.0, 3.0, 2.5 ] }
							}
						}
					]
				}
			]
		}
	]}