{
	"editor": {
		"backDropShape": "D:/Hry/Vintagestory120/assets/game/shapes/entity/humanoid/seraph-hairless",
		"collapsedPaths": "Root/ArmorUpperTorso/StarR,Root/ArmorUpperArmL/ArmorPauldronL,Root/ArmorLowerArmL/ArmorHandL,Root/ArmorUpperArmR/ArmorPauldronR,Root/ArmorUpperArmR,Root/ArmorUpperArmL",
		"allAngles": true,
		"entityTextureMode": true
	},
	"textureWidth": 64,
	"textureHeight": 64,
	"textureSizes": {
	},
	"textures": {
			"gothicbody": "armor/entity/gothic_steel",
			"textile": "game:block/cloth/linen/red"
	},
	"elements": [
		{
			"name": "ArmorUpperTorso",
			"stepParentName": "UpperTorso",
			"from": [ -0.5, -0.2, -0.4 ],
			"to": [ 5.5, 5.1, 6.6 ],
			"uv": [ 0.0, 0.0 ],
			"rotationOrigin": [ -0.5, -0.2, -0.4 ],
			"faces": {
				"north": { "texture": "#gothicbody", "uv": [ 0.0, 7.0, 6.0, 12.0 ] },
				"east": { "texture": "#gothicbody", "uv": [ 6.0, 7.0, 13.0, 12.0 ] },
				"south": { "texture": "#gothicbody", "uv": [ 13.0, 7.0, 19.0, 12.0 ] },
				"west": { "texture": "#gothicbody", "uv": [ 19.0, 7.0, 26.0, 12.0 ] },
				"up": { "texture": "#gothicbody", "uv": [ 0.0, 0.0, 6.0, 7.0 ] },
				"down": { "texture": "#gothicbody", "uv": [ 6.0, 0.0, 12.0, 7.0 ] }
			},
			"children": [
				{
					"name": "StarL",
					"from": [ -0.7, 3.1, 5.5 ],
					"to": [ 0.0, 5.1, 7.5 ],
					"autoUnwrap": false,
					"uv": [ 29.0, 9.5 ],
					"rotationOrigin": [ -0.7, 3.1, 5.5 ],
					"rotationX": 24.0,
					"rotationZ": -4.0,
					"faces": {
						"north": { "texture": "#gothicbody", "uv": [ 33.5, 11.0, 34.0, 13.0 ], "windMode": [-1,-1,-1,-1], "windData": [1,1,1,1] },
						"east": { "texture": "#gothicbody", "uv": [ 35.5, 9.5, 37.1, 11.0 ], "autoUv": false },
						"south": { "texture": "#gothicbody", "uv": [ 38.5, 11.0, 39.0, 13.0 ] },
						"west": { "texture": "#gothicbody", "uv": [ 34.8, 8.9, 37.7, 11.8 ], "autoUv": false, "windMode": [-1,-1,-1,-1], "windData": [1,1,1,1] },
						"up": { "texture": "#gothicbody", "uv": [ 38.5, 7.5, 39.0, 9.5 ] },
						"down": { "texture": "#gothicbody", "uv": [ 33.5, 7.5, 34.0, 9.5 ] }
					},
					"children": [
						{
							"name": "StarL2",
							"from": [ 0.05, -0.3, 0.5 ],
							"to": [ 0.65, 2.3, 1.5 ],
							"autoUnwrap": false,
							"uv": [ 26.5, 8.5 ],
							"rotationOrigin": [ 0.0, -0.3, 0.5 ],
							"faces": {
								"north": { "texture": "#gothicbody", "uv": [ 38.5, 10.5, 39.0, 13.0 ] },
								"east": { "texture": "#gothicbody", "uv": [ 35.6, 8.8, 37.0, 12.0 ], "autoUv": false },
								"south": { "texture": "#gothicbody", "uv": [ 33.5, 10.5, 34.0, 13.0 ] },
								"west": { "texture": "#gothicbody", "uv": [ 35.5, 7.5, 37.0, 13.0 ], "autoUv": false, "windMode": [-1,-1,-1,-1], "windData": [1,1,1,1] },
								"up": { "texture": "#gothicbody", "uv": [ 33.5, 7.5, 34.0, 8.5 ] },
								"down": { "texture": "#gothicbody", "uv": [ 38.5, 7.5, 39.0, 8.5 ] }
							}
						},
						{
							"name": "StarL3",
							"from": [ 0.05, 0.5, -0.3 ],
							"to": [ 0.65, 1.5, 2.3 ],
							"autoUnwrap": false,
							"uv": [ 26.0, 5.5 ],
							"rotationOrigin": [ 0.0, 0.5, -0.3 ],
							"faces": {
								"north": { "texture": "#gothicbody", "uv": [ 38.5, 12.0, 39.0, 13.0 ] },
								"east": { "texture": "#gothicbody", "uv": [ 35.0, 10.0, 37.5, 11.0 ] },
								"south": { "texture": "#gothicbody", "uv": [ 33.5, 12.0, 34.0, 13.0 ] },
								"west": { "texture": "#gothicbody", "uv": [ 33.5, 9.6, 39.0, 11.1 ], "autoUv": false, "windMode": [-1,-1,-1,-1], "windData": [1,1,1,1] },
								"up": { "texture": "#gothicbody", "uv": [ 38.5, 9.0, 39.0, 11.5 ] },
								"down": { "texture": "#gothicbody", "uv": [ 33.5, 9.0, 34.0, 11.5 ] }
							}
						}
					]
				},
				{
					"name": "StarR",
					"from": [ -0.7, 2.3, -0.3 ],
					"to": [ 0.0, 4.3, 1.7 ],
					"autoUnwrap": false,
					"uv": [ 29.0, 9.5 ],
					"rotationOrigin": [ -0.7, 2.3, -0.3 ],
					"rotationX": -24.0,
					"rotationZ": -4.0,
					"faces": {
						"north": { "texture": "#gothicbody", "uv": [ 33.5, 11.0, 34.0, 13.0 ], "windMode": [-1,-1,-1,-1], "windData": [1,1,1,1] },
						"east": { "texture": "#gothicbody", "uv": [ 35.5, 9.5, 37.1, 11.0 ], "autoUv": false },
						"south": { "texture": "#gothicbody", "uv": [ 38.5, 11.0, 39.0, 13.0 ] },
						"west": { "texture": "#gothicbody", "uv": [ 34.8, 8.9, 37.7, 11.8 ], "autoUv": false, "windMode": [-1,-1,-1,-1], "windData": [1,1,1,1] },
						"up": { "texture": "#gothicbody", "uv": [ 38.5, 7.5, 39.0, 9.5 ] },
						"down": { "texture": "#gothicbody", "uv": [ 33.5, 7.5, 34.0, 9.5 ] }
					},
					"children": [
						{
							"name": "StarR2",
							"from": [ 0.05, -0.3, 0.5 ],
							"to": [ 0.65, 2.3, 1.5 ],
							"autoUnwrap": false,
							"uv": [ 26.5, 8.5 ],
							"rotationOrigin": [ 0.0, -0.3, 0.5 ],
							"faces": {
								"north": { "texture": "#gothicbody", "uv": [ 38.5, 10.5, 39.0, 13.0 ] },
								"east": { "texture": "#gothicbody", "uv": [ 35.6, 8.8, 37.0, 12.0 ], "autoUv": false },
								"south": { "texture": "#gothicbody", "uv": [ 33.5, 10.5, 34.0, 13.0 ] },
								"west": { "texture": "#gothicbody", "uv": [ 35.5, 7.5, 37.0, 13.0 ], "autoUv": false, "windMode": [-1,-1,-1,-1], "windData": [1,1,1,1] },
								"up": { "texture": "#gothicbody", "uv": [ 33.5, 7.5, 34.0, 8.5 ] },
								"down": { "texture": "#gothicbody", "uv": [ 38.5, 7.5, 39.0, 8.5 ] }
							}
						},
						{
							"name": "StarR3",
							"from": [ 0.05, 0.5, -0.3 ],
							"to": [ 0.65, 1.5, 2.3 ],
							"autoUnwrap": false,
							"uv": [ 26.0, 5.5 ],
							"rotationOrigin": [ 0.0, 0.5, -0.3 ],
							"faces": {
								"north": { "texture": "#gothicbody", "uv": [ 38.5, 12.0, 39.0, 13.0 ] },
								"east": { "texture": "#gothicbody", "uv": [ 35.0, 10.0, 37.5, 11.0 ] },
								"south": { "texture": "#gothicbody", "uv": [ 33.5, 12.0, 34.0, 13.0 ] },
								"west": { "texture": "#gothicbody", "uv": [ 33.5, 9.6, 39.0, 11.1 ], "autoUv": false, "windMode": [-1,-1,-1,-1], "windData": [1,1,1,1] },
								"up": { "texture": "#gothicbody", "uv": [ 38.5, 9.0, 39.0, 11.5 ] },
								"down": { "texture": "#gothicbody", "uv": [ 33.5, 9.0, 34.0, 11.5 ] }
							}
						}
					]
				}
			]
		},
		{
			"name": "ArmorLowerTorso",
			"stepParentName": "LowerTorso",
			"from": [ -0.3, -0.5, -0.3 ],
			"to": [ 5.2, 5.1, 6.3 ],
			"uv": [ 0.0, 18.0 ],
			"rotationOrigin": [ -0.3, -0.5, -0.3 ],
			"faces": {
				"north": { "texture": "#gothicbody", "uv": [ 0.0, 24.5, 5.5, 30.0 ] },
				"east": { "texture": "#gothicbody", "uv": [ 5.5, 24.5, 12.0, 30.0 ] },
				"south": { "texture": "#gothicbody", "uv": [ 12.0, 24.5, 17.5, 30.0 ] },
				"west": { "texture": "#gothicbody", "uv": [ 17.5, 24.5, 24.0, 30.0 ] },
				"up": { "texture": "#gothicbody", "uv": [ 0.0, 18.0, 5.5, 24.5 ] },
				"down": { "texture": "#gothicbody", "uv": [ 5.5, 18.0, 11.0, 24.5 ] }
			}
		},
		{
			"name": "ArmorUpperArmR",
			"stepParentName": "UpperArmR",
			"from": [ -0.2, -0.2, -0.3 ],
			"to": [ 3.1, 7.2, 2.1 ],
			"uv": [ 54.0, 0.0 ],
			"rotationOrigin": [ -0.2, -0.2, -0.3 ],
			"faces": {
				"north": { "texture": "#gothicbody", "uv": [ 54.0, 2.0, 57.0, 9.0 ] },
				"east": { "texture": "#gothicbody", "uv": [ 57.0, 2.0, 59.0, 9.0 ] },
				"south": { "texture": "#gothicbody", "uv": [ 59.0, 2.0, 62.0, 9.0 ] },
				"west": { "texture": "#gothicbody", "uv": [ 62.0, 2.0, 64.0, 9.0 ] },
				"up": { "texture": "#gothicbody", "uv": [ 54.0, 0.0, 57.0, 2.0 ] },
				"down": { "texture": "#gothicbody", "uv": [ 57.0, 0.0, 60.0, 2.0 ] }
			},
			"children": [
				{
					"name": "ArmorPauldronR",
					"from": [ -0.7, 5.7, -1.0 ],
					"to": [ 3.9, 7.9, 1.2 ],
					"unwrapMode": 1,
					"autoUnwrap": false,
					"uv": [ 21.5, 12.0 ],
					"rotationOrigin": [ -0.7, 5.7, -1.0 ],
					"faces": {
						"north": { "texture": "#gothicbody", "uv": [ 23.5, 14.0, 28.0, 16.0 ] },
						"east": { "texture": "#gothicbody", "uv": [ 21.5, 14.0, 23.5, 16.0 ] },
						"south": { "texture": "#gothicbody", "uv": [ 23.5, 16.0, 28.0, 18.0 ] },
						"west": { "texture": "#gothicbody", "uv": [ 28.0, 14.0, 30.0, 16.0 ] },
						"up": { "texture": "#gothicbody", "uv": [ 23.5, 12.0, 28.0, 14.0 ], "rotation": 180 },
						"down": { "texture": "#gothicbody", "uv": [ 23.5, 16.0, 28.0, 18.0 ] }
					},
					"children": [
						{
							"name": "PauldronBottomR1",
							"from": [ 0.1, -0.7, 0.1 ],
							"to": [ 4.5, 0.9, 2.4 ],
							"unwrapMode": 1,
							"autoUnwrap": false,
							"uv": [ 20.5, 20.0 ],
							"rotationOrigin": [ 0.1, -0.7, 0.1 ],
							"faces": {
								"north": { "texture": "#gothicbody", "uv": [ 13.0, 17.5, 17.0, 19.0 ] },
								"east": { "texture": "#gothicbody", "uv": [ 18.5, 19.0, 20.5, 20.5 ], "windMode": [-1,-1,-1,-1], "windData": [1,1,1,1] },
								"south": { "texture": "#gothicbody", "uv": [ 17.5, 18.5, 21.5, 20.0 ] },
								"west": { "texture": "#gothicbody", "uv": [ 20.5, 18.5, 22.5, 20.0 ], "windMode": [-1,-1,-1,-1], "windData": [1,1,1,1] },
								"up": { "texture": "#gothicbody", "uv": [ 13.0, 18.5, 17.0, 20.5 ], "rotation": 180 },
								"down": { "texture": "#gothicbody", "uv": [ 13.0, 19.0, 17.0, 21.0 ] }
							}
						},
						{
							"name": "PauldronBottomR2",
							"from": [ 0.3, -2.1, 0.3 ],
							"to": [ 4.3, -0.5, 2.4 ],
							"uv": [ 13.0, 18.0 ],
							"rotationOrigin": [ 0.3, -2.1, 0.3 ],
							"faces": {
								"north": { "texture": "#gothicbody", "uv": [ 13.0, 20.0, 17.0, 18.5 ], "autoUv": false },
								"east": { "texture": "#gothicbody", "uv": [ 13.0, 20.0, 15.0, 18.5 ], "autoUv": false, "windMode": [-1,-1,-1,-1], "windData": [1,1,1,1] },
								"south": { "texture": "#gothicbody", "uv": [ 13.0, 20.0, 17.0, 21.5 ] },
								"west": { "texture": "#gothicbody", "uv": [ 23.0, 20.0, 25.0, 18.5 ], "autoUv": false, "windMode": [-1,-1,-1,-1], "windData": [1,1,1,1] },
								"up": { "texture": "#gothicbody", "uv": [ 13.0, 18.0, 17.0, 20.0 ] },
								"down": { "texture": "#gothicbody", "uv": [ 17.0, 18.0, 21.0, 20.0 ] }
							}
						},
						{
							"name": "PauldronBottomR3",
							"from": [ 0.5, -3.5, 0.5 ],
							"to": [ 4.1, -1.9, 2.4 ],
							"uv": [ 13.1, 18.0 ],
							"rotationOrigin": [ 0.5, -3.5, 0.5 ],
							"faces": {
								"north": { "texture": "#gothicbody", "uv": [ 13.0, 19.5, 16.5, 18.0 ], "autoUv": false },
								"east": { "texture": "#gothicbody", "uv": [ 17.0, 19.5, 18.5, 18.0 ], "autoUv": false, "windMode": [-1,-1,-1,-1], "windData": [1,1,1,1] },
								"south": { "texture": "#gothicbody", "uv": [ 13.0, 19.5, 16.5, 21.0 ] },
								"west": { "texture": "#gothicbody", "uv": [ 18.5, 19.5, 20.0, 18.0 ], "autoUv": false, "windMode": [-1,-1,-1,-1], "windData": [1,1,1,1] },
								"up": { "texture": "#gothicbody", "uv": [ 13.0, 18.0, 16.5, 19.5 ] },
								"down": { "texture": "#gothicbody", "uv": [ 17.0, 18.0, 20.5, 19.5 ] }
							}
						}
					]
				},
				{
					"name": "ElbowTopR",
					"from": [ -0.5, 0.2, -0.2 ],
					"to": [ 3.5, 1.9, 2.7 ],
					"unwrapMode": 1,
					"uv": [ 49.5, 46.5 ],
					"rotationOrigin": [ -0.5, 0.2, -0.2 ],
					"rotationZ": -11.0,
					"faces": {
						"north": { "texture": "#gothicbody", "uv": [ 52.0, 49.0, 56.0, 50.5 ] },
						"east": { "texture": "#gothicbody", "uv": [ 49.5, 49.0, 52.0, 50.5 ] },
						"south": { "texture": "#gothicbody", "uv": [ 58.5, 49.0, 62.5, 50.5 ] },
						"west": { "texture": "#gothicbody", "uv": [ 56.0, 49.0, 58.5, 50.5 ] },
						"up": { "texture": "#gothicbody", "uv": [ 52.0, 46.5, 56.0, 49.0 ], "rotation": 180 },
						"down": { "texture": "#gothicbody", "uv": [ 52.0, 50.5, 56.0, 53.0 ] }
					}
				},
				{
					"name": "ArmorUpperInnerArmR",
					"from": [ 0.1, 0.1, 0.2 ],
					"to": [ 3.2, 7.3, 2.3 ],
					"uv": [ 0.5, 0.0 ],
					"rotationOrigin": [ 0.1, 0.1, 0.2 ],
					"faces": {
						"north": { "texture": "#textile", "uv": [ 0.5, 2.0, 3.5, 9.0 ] },
						"east": { "texture": "#textile", "uv": [ 3.5, 2.0, 5.5, 9.0 ] },
						"south": { "texture": "#textile", "uv": [ 5.5, 2.0, 8.5, 9.0 ] },
						"west": { "texture": "#textile", "uv": [ 8.5, 2.0, 10.5, 9.0 ] },
						"up": { "texture": "#textile", "uv": [ 0.5, 0.0, 3.5, 2.0 ] },
						"down": { "texture": "#textile", "uv": [ 3.5, 0.0, 6.5, 2.0 ] }
					}
				}
			]
		},
		{
			"name": "ArmorUpperArmL",
			"stepParentName": "UpperArmL",
			"from": [ -0.2, -0.2, -0.1 ],
			"to": [ 3.1, 7.2, 2.3 ],
			"autoUnwrap": false,
			"uv": [ 44.0, 0.0 ],
			"rotationOrigin": [ -0.2, -0.2, -0.1 ],
			"faces": {
				"north": { "texture": "#gothicbody", "uv": [ 44.0, 2.0, 47.0, 9.0 ] },
				"east": { "texture": "#gothicbody", "uv": [ 47.0, 2.0, 49.0, 9.0 ], "windMode": [-1,-1,-1,-1], "windData": [1,1,1,1] },
				"south": { "texture": "#gothicbody", "uv": [ 49.0, 2.0, 52.0, 9.0 ] },
				"west": { "texture": "#gothicbody", "uv": [ 52.0, 2.0, 54.0, 9.0 ] },
				"up": { "texture": "#gothicbody", "uv": [ 44.0, 0.0, 47.0, 2.0 ] },
				"down": { "texture": "#gothicbody", "uv": [ 47.0, 0.0, 50.0, 2.0 ] }
			},
			"children": [
				{
					"name": "ArmorPauldronL",
					"from": [ -0.8, 5.7, 1.2 ],
					"to": [ 3.8, 7.9, 3.4 ],
					"unwrapMode": 3,
					"autoUnwrap": false,
					"uv": [ 10.5, 12.0 ],
					"rotationOrigin": [ -0.8, 5.7, 1.2 ],
					"faces": {
						"north": { "texture": "#gothicbody", "uv": [ 12.5, 16.0, 17.0, 18.0 ] },
						"east": { "texture": "#gothicbody", "uv": [ 17.0, 14.0, 19.0, 16.0 ] },
						"south": { "texture": "#gothicbody", "uv": [ 12.5, 14.0, 17.0, 16.0 ] },
						"west": { "texture": "#gothicbody", "uv": [ 10.5, 14.0, 12.5, 16.0 ] },
						"up": { "texture": "#gothicbody", "uv": [ 12.5, 12.0, 17.0, 14.0 ] },
						"down": { "texture": "#gothicbody", "uv": [ 12.5, 16.0, 17.0, 18.0 ], "rotation": 180 }
					},
					"children": [
						{
							"name": "PauldronRimL1",
							"from": [ -0.45, 1.1, 1.7 ],
							"to": [ 2.4, 1.8, 3.2 ],
							"unwrapMode": 6,
							"uv": [ 56.5, 27.5 ],
							"rotationOrigin": [ -0.5, 1.1, 1.7 ],
							"rotationX": -30.0,
							"rotationY": -10.0,
							"faces": {
								"north": { "texture": "#gothicbody", "uv": [ 57.0, 27.5, 59.5, 28.0 ] },
								"east": { "texture": "#gothicbody", "uv": [ 56.5, 28.0, 57.0, 29.5 ], "rotation": 90 },
								"south": { "texture": "#gothicbody", "uv": [ 57.0, 29.5, 59.5, 30.0 ], "rotation": 180 },
								"west": { "texture": "#gothicbody", "uv": [ 59.5, 28.0, 60.0, 29.5 ], "rotation": 270 },
								"up": { "texture": "#gothicbody", "uv": [ 60.0, 28.0, 62.5, 29.5 ] },
								"down": { "texture": "#gothicbody", "uv": [ 57.0, 28.0, 59.5, 29.5 ] }
							}
						},
						{
							"name": "PauldronRimL2",
							"from": [ 1.8, 1.19, 1.85 ],
							"to": [ 4.65, 1.87, 3.4 ],
							"unwrapMode": 6,
							"uv": [ 56.5, 25.0 ],
							"rotationOrigin": [ 3.55, 1.2, 1.8 ],
							"rotationX": -30.0,
							"rotationY": 10.0,
							"faces": {
								"north": { "texture": "#gothicbody", "uv": [ 57.0, 25.0, 59.5, 25.5 ] },
								"east": { "texture": "#gothicbody", "uv": [ 56.5, 25.5, 57.0, 27.0 ], "rotation": 90 },
								"south": { "texture": "#gothicbody", "uv": [ 57.0, 27.0, 59.5, 27.5 ], "rotation": 180 },
								"west": { "texture": "#gothicbody", "uv": [ 59.5, 25.5, 60.0, 27.0 ], "rotation": 270 },
								"up": { "texture": "#gothicbody", "uv": [ 60.0, 25.5, 62.5, 27.0 ] },
								"down": { "texture": "#gothicbody", "uv": [ 57.0, 25.5, 59.5, 27.0 ] }
							}
						},
						{
							"name": "PauldronRimL3",
							"from": [ -1.2, 1.8, 0.1 ],
							"to": [ 0.0, 2.5, 2.6 ],
							"unwrapMode": 6,
							"unwrapRotation": 1,
							"uv": [ 56.5, 28.0 ],
							"rotationOrigin": [ -1.2, 1.8, 0.1 ],
							"rotationY": 10.0,
							"rotationZ": -30.0,
							"faces": {
								"north": { "texture": "#gothicbody", "uv": [ 56.5, 28.5, 57.0, 29.5 ], "rotation": 90 },
								"east": { "texture": "#gothicbody", "uv": [ 57.0, 29.5, 59.5, 30.0 ], "rotation": 180 },
								"south": { "texture": "#gothicbody", "uv": [ 59.5, 28.5, 60.0, 29.5 ], "rotation": 270 },
								"west": { "texture": "#gothicbody", "uv": [ 57.0, 28.0, 59.5, 28.5 ] },
								"up": { "texture": "#gothicbody", "uv": [ 60.0, 28.5, 62.5, 29.5 ], "rotation": 270 },
								"down": { "texture": "#gothicbody", "uv": [ 57.0, 28.5, 59.5, 29.5 ], "rotation": 90 }
							}
						},
						{
							"name": "PauldronRimL4",
							"from": [ 4.5, 1.8, 0.1 ],
							"to": [ 5.7, 2.5, 2.6 ],
							"unwrapMode": 6,
							"unwrapRotation": 1,
							"uv": [ 56.5, 25.0 ],
							"rotationOrigin": [ 5.7, 1.8, 0.1 ],
							"rotationY": -10.0,
							"rotationZ": 30.0,
							"faces": {
								"north": { "texture": "#gothicbody", "uv": [ 56.5, 25.5, 57.0, 26.5 ], "rotation": 90 },
								"east": { "texture": "#gothicbody", "uv": [ 57.0, 26.5, 59.5, 27.0 ], "rotation": 180, "windMode": [-1,-1,-1,-1], "windData": [1,1,1,1] },
								"south": { "texture": "#gothicbody", "uv": [ 59.5, 25.5, 60.0, 26.5 ], "rotation": 270 },
								"west": { "texture": "#gothicbody", "uv": [ 57.0, 25.0, 59.5, 25.5 ] },
								"up": { "texture": "#gothicbody", "uv": [ 60.0, 25.5, 62.5, 26.5 ], "rotation": 270 },
								"down": { "texture": "#gothicbody", "uv": [ 57.0, 25.5, 59.5, 26.5 ], "rotation": 90 }
							}
						},
						{
							"name": "PauldronBottomL2",
							"from": [ 1.4, -1.3, -0.3 ],
							"to": [ 4.4, 0.3, 1.9 ],
							"uv": [ 13.0, 18.5 ],
							"rotationOrigin": [ 1.4, -1.3, 1.6 ],
							"faces": {
								"north": { "texture": "#gothicbody", "uv": [ 13.0, 20.5, 16.0, 22.0 ] },
								"east": { "texture": "#gothicbody", "uv": [ 16.0, 20.5, 18.0, 19.0 ], "autoUv": false, "windMode": [-1,-1,-1,-1], "windData": [1,1,1,1] },
								"south": { "texture": "#gothicbody", "uv": [ 18.0, 20.5, 21.0, 19.0 ], "autoUv": false, "windMode": [-1,-1,-1,-1], "windData": [1,1,1,1] },
								"west": { "texture": "#gothicbody", "uv": [ 18.0, 20.5, 20.0, 19.0 ], "autoUv": false, "windMode": [-1,-1,-1,-1], "windData": [1,1,1,1] },
								"up": { "texture": "#gothicbody", "uv": [ 13.0, 18.5, 16.0, 20.5 ] },
								"down": { "texture": "#gothicbody", "uv": [ 16.0, 18.5, 19.0, 20.5 ] }
							}
						},
						{
							"name": "PauldronBottomL4",
							"from": [ 1.6, -2.7, -0.5 ],
							"to": [ 4.2, -1.1, 1.5 ],
							"uv": [ 13.0, 18.5 ],
							"rotationOrigin": [ 1.6, -2.7, 1.4 ],
							"faces": {
								"north": { "texture": "#gothicbody", "uv": [ 13.0, 20.5, 15.5, 22.0 ] },
								"east": { "texture": "#gothicbody", "uv": [ 15.5, 20.5, 17.5, 19.0 ], "autoUv": false, "windMode": [-1,-1,-1,-1], "windData": [1,1,1,1] },
								"south": { "texture": "#gothicbody", "uv": [ 17.5, 20.5, 20.0, 19.0 ], "autoUv": false, "windMode": [-1,-1,-1,-1], "windData": [1,1,1,1] },
								"west": { "texture": "#gothicbody", "uv": [ 17.5, 20.5, 19.5, 19.0 ], "autoUv": false, "windMode": [-1,-1,-1,-1], "windData": [1,1,1,1] },
								"up": { "texture": "#gothicbody", "uv": [ 13.0, 18.5, 15.5, 20.5 ] },
								"down": { "texture": "#gothicbody", "uv": [ 15.5, 18.5, 18.0, 20.5 ] }
							}
						}
					]
				},
				{
					"name": "ElbowTopL",
					"from": [ -0.5, 0.2, -0.3 ],
					"to": [ 3.5, 1.9, 2.6 ],
					"unwrapMode": 1,
					"uv": [ 49.5, 46.5 ],
					"rotationOrigin": [ -0.5, 0.2, -0.3 ],
					"rotationZ": -11.0,
					"faces": {
						"north": { "texture": "#gothicbody", "uv": [ 52.0, 49.0, 56.0, 50.5 ] },
						"east": { "texture": "#gothicbody", "uv": [ 49.5, 49.0, 52.0, 50.5 ] },
						"south": { "texture": "#gothicbody", "uv": [ 58.5, 49.0, 62.5, 50.5 ] },
						"west": { "texture": "#gothicbody", "uv": [ 56.0, 49.0, 58.5, 50.5 ] },
						"up": { "texture": "#gothicbody", "uv": [ 52.0, 46.5, 56.0, 49.0 ], "rotation": 180 },
						"down": { "texture": "#gothicbody", "uv": [ 52.0, 50.5, 56.0, 53.0 ] }
					}
				},
				{
					"name": "ArmorUpperInnerArmL",
					"from": [ 0.1, 0.1, 0.2 ],
					"to": [ 3.2, 7.3, 2.3 ],
					"uv": [ 0.5, 0.0 ],
					"rotationOrigin": [ 0.1, 0.1, 0.2 ],
					"faces": {
						"north": { "texture": "#textile", "uv": [ 0.5, 2.0, 3.5, 9.0 ] },
						"east": { "texture": "#textile", "uv": [ 3.5, 2.0, 5.5, 9.0 ] },
						"south": { "texture": "#textile", "uv": [ 5.5, 2.0, 8.5, 9.0 ] },
						"west": { "texture": "#textile", "uv": [ 8.5, 2.0, 10.5, 9.0 ] },
						"up": { "texture": "#textile", "uv": [ 0.5, 0.0, 3.5, 2.0 ] },
						"down": { "texture": "#textile", "uv": [ 3.5, 0.0, 6.5, 2.0 ] }
					}
				}
			]
		},
		{
			"name": "ArmorLowerArmR",
			"stepParentName": "LowerArmR",
			"from": [ -0.2, -0.2, -0.35 ],
			"to": [ 2.7, 8.2, 2.25 ],
			"uv": [ 54.0, 9.0 ],
			"rotationOrigin": [ -0.2, -0.2, -0.5 ],
			"faces": {
				"north": { "texture": "#gothicbody", "uv": [ 54.0, 11.5, 56.5, 19.5 ] },
				"east": { "texture": "#gothicbody", "uv": [ 56.5, 11.5, 59.0, 19.5 ] },
				"south": { "texture": "#gothicbody", "uv": [ 59.0, 11.5, 61.5, 19.5 ] },
				"west": { "texture": "#gothicbody", "uv": [ 61.5, 11.5, 64.0, 19.5 ] },
				"up": { "texture": "#gothicbody", "uv": [ 54.0, 9.0, 56.5, 11.5 ] },
				"down": { "texture": "#gothicbody", "uv": [ 56.5, 9.0, 59.0, 11.5 ] }
			},
			"children": [
				{
					"name": "ArmorElbowR",
					"from": [ 2.0, 6.6, 0.0 ],
					"to": [ 4.0, 8.6, 2.2 ],
					"unwrapMode": 1,
					"uv": [ 40.0, 47.0 ],
					"rotationOrigin": [ 3.0, 7.6, 1.0 ],
					"rotationX": 7.0,
					"rotationZ": -45.0,
					"faces": {
						"north": { "texture": "#gothicbody", "uv": [ 42.0, 49.0, 44.0, 51.0 ] },
						"east": { "texture": "#gothicbody", "uv": [ 40.0, 49.0, 42.0, 51.0 ] },
						"south": { "texture": "#gothicbody", "uv": [ 46.0, 49.0, 48.0, 51.0 ] },
						"west": { "texture": "#gothicbody", "uv": [ 44.0, 49.0, 46.0, 51.0 ] },
						"up": { "texture": "#gothicbody", "uv": [ 42.0, 47.0, 44.0, 49.0 ], "rotation": 180 },
						"down": { "texture": "#gothicbody", "uv": [ 42.0, 51.0, 44.0, 53.0 ] }
					}
				},
				{
					"name": "ArmorHandR",
					"from": [ -0.5, -0.5, -0.5 ],
					"to": [ 3.4, 1.9, 2.3 ],
					"unwrapMode": 1,
					"uv": [ 44.0, 40.0 ],
					"rotationOrigin": [ -0.5, -0.5, -0.5 ],
					"faces": {
						"north": { "texture": "#gothicbody", "uv": [ 46.5, 42.5, 50.0, 44.5 ] },
						"east": { "texture": "#gothicbody", "uv": [ 44.0, 42.5, 46.5, 44.5 ] },
						"south": { "texture": "#gothicbody", "uv": [ 52.5, 42.5, 56.0, 44.5 ] },
						"west": { "texture": "#gothicbody", "uv": [ 50.0, 42.5, 52.5, 44.5 ] },
						"up": { "texture": "#gothicbody", "uv": [ 46.5, 40.0, 50.0, 42.5 ], "rotation": 180 },
						"down": { "texture": "#gothicbody", "uv": [ 46.5, 44.5, 50.0, 47.0 ] }
					},
					"children": [
						{
							"name": "HandTopR1",
							"from": [ 0.3, 2.2, 0.4 ],
							"to": [ 0.8, 5.2, 2.5 ],
							"unwrapMode": 2,
							"uv": [ 39.5, 36.0 ],
							"rotationOrigin": [ 0.3, 2.2, 0.4 ],
							"rotationZ": 6.0,
							"faces": {
								"north": { "texture": "#gothicbody", "uv": [ 42.0, 36.5, 42.5, 39.5 ] },
								"east": { "texture": "#gothicbody", "uv": [ 40.0, 36.5, 42.0, 39.5 ] },
								"south": { "texture": "#gothicbody", "uv": [ 39.5, 36.5, 40.0, 39.5 ] },
								"west": { "texture": "#gothicbody", "uv": [ 42.5, 36.5, 44.5, 39.5 ] },
								"up": { "texture": "#gothicbody", "uv": [ 40.0, 36.0, 42.0, 36.5 ], "rotation": 270 },
								"down": { "texture": "#gothicbody", "uv": [ 40.0, 39.5, 42.0, 40.0 ], "rotation": 270 }
							},
							"children": [
								{
									"name": "HandTopR1Rim",
									"from": [ -0.0947, 2.93, -0.3 ],
									"to": [ 0.7053, 3.73, 2.0 ],
									"unwrapMode": 2,
									"uv": [ 33.5, 25.0 ],
									"rotationOrigin": [ -0.0947, 2.9259, -0.3 ],
									"rotationZ": 2.0,
									"faces": {
										"north": { "texture": "#gothicbody", "uv": [ 36.0, 25.5, 36.5, 26.0 ] },
										"east": { "texture": "#gothicbody", "uv": [ 34.0, 25.5, 36.0, 26.0 ] },
										"south": { "texture": "#gothicbody", "uv": [ 33.5, 25.5, 34.0, 26.0 ] },
										"west": { "texture": "#gothicbody", "uv": [ 36.5, 25.5, 38.5, 26.0 ] },
										"up": { "texture": "#gothicbody", "uv": [ 34.0, 25.0, 36.0, 25.5 ], "rotation": 270 },
										"down": { "texture": "#gothicbody", "uv": [ 34.0, 26.0, 36.0, 26.5 ], "rotation": 270 }
									}
								}
							]
						},
						{
							"name": "HandTopR2",
							"from": [ 0.3, 2.0, 0.3 ],
							"to": [ 3.5, 5.1, 0.8 ],
							"uv": [ 39.5, 36.0 ],
							"rotationOrigin": [ 0.3, 2.0, 0.3 ],
							"rotationX": -6.0,
							"rotationZ": 5.0,
							"faces": {
								"north": { "texture": "#gothicbody", "uv": [ 39.5, 36.5, 42.5, 39.5 ] },
								"east": { "texture": "#gothicbody", "uv": [ 42.5, 36.5, 43.0, 39.5 ] },
								"south": { "texture": "#gothicbody", "uv": [ 43.0, 36.5, 46.0, 39.5 ] },
								"west": { "texture": "#gothicbody", "uv": [ 46.0, 36.5, 46.5, 39.5 ] },
								"up": { "texture": "#gothicbody", "uv": [ 39.5, 36.0, 42.5, 36.5 ] },
								"down": { "texture": "#gothicbody", "uv": [ 42.5, 36.0, 45.5, 36.5 ] }
							},
							"children": [
								{
									"name": "HandTopR2Rim",
									"from": [ 0.2, 3.1, -0.1 ],
									"to": [ 3.3, 3.9, 0.7 ],
									"uv": [ 31.5, 25.5 ],
									"rotationOrigin": [ 0.2, 3.1, -0.1 ],
									"faces": {
										"north": { "texture": "#gothicbody", "uv": [ 31.5, 26.0, 34.5, 26.5 ] },
										"east": { "texture": "#gothicbody", "uv": [ 34.5, 26.0, 35.0, 26.5 ] },
										"south": { "texture": "#gothicbody", "uv": [ 35.0, 26.0, 38.0, 26.5 ] },
										"west": { "texture": "#gothicbody", "uv": [ 38.0, 26.0, 38.5, 26.5 ] },
										"up": { "texture": "#gothicbody", "uv": [ 31.5, 25.5, 34.5, 26.0 ] },
										"down": { "texture": "#gothicbody", "uv": [ 34.5, 25.5, 37.5, 26.0 ] }
									}
								}
							]
						},
						{
							"name": "HandTopR3",
							"from": [ 2.9, 2.2, 0.3 ],
							"to": [ 3.4, 5.4, 2.4 ],
							"unwrapMode": 2,
							"uv": [ 39.5, 36.0 ],
							"rotationOrigin": [ 2.9, 2.2, 0.3 ],
							"rotationZ": -6.0,
							"faces": {
								"north": { "texture": "#gothicbody", "uv": [ 42.0, 36.5, 42.5, 39.5 ] },
								"east": { "texture": "#gothicbody", "uv": [ 40.0, 36.5, 42.0, 39.5 ] },
								"south": { "texture": "#gothicbody", "uv": [ 39.5, 36.5, 40.0, 39.5 ] },
								"west": { "texture": "#gothicbody", "uv": [ 42.5, 36.5, 44.5, 39.5 ] },
								"up": { "texture": "#gothicbody", "uv": [ 40.0, 36.0, 42.0, 36.5 ], "rotation": 270 },
								"down": { "texture": "#gothicbody", "uv": [ 40.0, 39.5, 42.0, 40.0 ], "rotation": 270 }
							},
							"children": [
								{
									"name": "HandTopR3Rim",
									"from": [ 0.0, 3.2, -0.3 ],
									"to": [ 0.8, 4.0, 2.1 ],
									"unwrapMode": 2,
									"uv": [ 33.0, 25.5 ],
									"rotationOrigin": [ 0.0, 3.2, -0.3 ],
									"faces": {
										"north": { "texture": "#gothicbody", "uv": [ 35.5, 26.0, 36.0, 26.5 ] },
										"east": { "texture": "#gothicbody", "uv": [ 33.5, 26.0, 35.5, 26.5 ] },
										"south": { "texture": "#gothicbody", "uv": [ 33.0, 26.0, 33.5, 26.5 ] },
										"west": { "texture": "#gothicbody", "uv": [ 36.0, 26.0, 38.0, 26.5 ] },
										"up": { "texture": "#gothicbody", "uv": [ 33.5, 25.5, 35.5, 26.0 ], "rotation": 270 },
										"down": { "texture": "#gothicbody", "uv": [ 33.5, 26.5, 35.5, 27.0 ], "rotation": 270 }
									}
								}
							]
						}
					]
				},
				{
					"name": "ElbowBottomR",
					"from": [ -0.2, 5.9, -0.2 ],
					"to": [ 3.8, 7.6, 2.7 ],
					"unwrapMode": 1,
					"uv": [ 49.5, 46.5 ],
					"rotationOrigin": [ -0.2, 5.9, -0.2 ],
					"rotationZ": 11.0,
					"faces": {
						"north": { "texture": "#gothicbody", "uv": [ 52.0, 49.0, 56.0, 50.5 ] },
						"east": { "texture": "#gothicbody", "uv": [ 49.5, 49.0, 52.0, 50.5 ] },
						"south": { "texture": "#gothicbody", "uv": [ 58.5, 49.0, 62.5, 50.5 ] },
						"west": { "texture": "#gothicbody", "uv": [ 56.0, 49.0, 58.5, 50.5 ] },
						"up": { "texture": "#gothicbody", "uv": [ 52.0, 46.5, 56.0, 49.0 ], "rotation": 180 },
						"down": { "texture": "#gothicbody", "uv": [ 52.0, 50.5, 56.0, 53.0 ] }
					}
				},
				{
					"name": "ArmorLowerInnerArmR",
					"from": [ 0.1, 0.0, 0.1 ],
					"to": [ 2.8, 8.3, 2.5 ],
					"uv": [ 0.5, 0.0 ],
					"rotationOrigin": [ 0.1, 0.0, -0.05 ],
					"faces": {
						"north": { "texture": "#textile", "uv": [ 0.5, 2.0, 3.0, 10.0 ] },
						"east": { "texture": "#textile", "uv": [ 3.0, 2.0, 5.0, 10.0 ] },
						"south": { "texture": "#textile", "uv": [ 5.0, 2.0, 7.5, 10.0 ] },
						"west": { "texture": "#textile", "uv": [ 7.5, 2.0, 9.5, 10.0 ] },
						"up": { "texture": "#textile", "uv": [ 0.5, 0.0, 3.0, 2.0 ] },
						"down": { "texture": "#textile", "uv": [ 3.0, 0.0, 5.5, 2.0 ] }
					}
				}
			]
		},
		{
			"name": "ArmorCoatR",
			"stepParentName": "UpperFootR",
			"from": [ -1.1, 5.6, -0.85 ],
			"to": [ 5.1, 7.6, 3.15 ],
			"autoUnwrap": false,
			"uv": [ 10.5, 27.0 ],
			"rotationOrigin": [ -1.1, 5.6, -1.0 ],
			"faces": {
				"north": { "texture": "#gothicbody", "uv": [ 24.5, 34.0, 30.5, 36.0 ] },
				"east": { "texture": "#gothicbody", "uv": [ 15.5, 34.0, 19.5, 36.0 ] },
				"south": { "texture": "#gothicbody", "uv": [ 19.5, 34.0, 25.5, 36.0 ] },
				"west": { "texture": "#gothicbody", "uv": [ 6.0, 34.0, 10.0, 36.0 ] },
				"up": { "texture": "#gothicbody", "uv": [ 0.0, 30.0, 6.0, 34.0 ], "rotation": 180 },
				"down": { "texture": "#gothicbody", "uv": [ 6.0, 30.0, 12.0, 34.0 ], "rotation": 180 }
			},
			"children": [
				{
					"name": "ArmorCoatR2",
					"from": [ 0.0, -2.0, 0.0 ],
					"to": [ 6.2, 0.0, 3.0 ],
					"autoUnwrap": false,
					"uv": [ 26.0, 27.5 ],
					"rotationOrigin": [ 0.0, -2.0, -0.15 ],
					"faces": {
						"north": { "texture": "#gothicbody", "uv": [ 19.5, 34.0, 25.5, 36.0 ] },
						"east": { "texture": "#gothicbody", "uv": [ 3.0, 36.0, 6.0, 38.0 ] },
						"south": { "texture": "#gothicbody", "uv": [ 9.5, 34.0, 15.5, 36.0 ] },
						"west": { "texture": "#gothicbody", "uv": [ 6.0, 36.0, 9.0, 38.0 ] },
						"up": { "texture": "#gothicbody", "uv": [ 0.0, 31.0, 6.0, 34.0 ], "rotation": 180 },
						"down": { "texture": "#gothicbody", "uv": [ 6.0, 31.0, 12.0, 34.0 ], "rotation": 180 }
					}
				},
				{
					"name": "ArmorCoatR3",
					"from": [ 0.0, -4.0, 0.0 ],
					"to": [ 6.2, -2.0, 2.0 ],
					"autoUnwrap": false,
					"uv": [ 1.0, 36.5 ],
					"rotationOrigin": [ 0.0, -4.0, -0.15 ],
					"faces": {
						"north": { "texture": "#gothicbody", "uv": [ 19.5, 36.0, 25.5, 38.0 ] },
						"east": { "texture": "#gothicbody", "uv": [ 3.0, 38.0, 5.0, 40.0 ] },
						"south": { "texture": "#gothicbody", "uv": [ 9.5, 34.0, 15.5, 36.0 ] },
						"west": { "texture": "#gothicbody", "uv": [ 6.0, 38.0, 8.0, 40.0 ] },
						"up": { "texture": "#gothicbody", "uv": [ 24.5, 34.0, 30.5, 36.0 ], "rotation": 180 },
						"down": { "texture": "#gothicbody", "uv": [ 9.5, 34.0, 15.5, 36.0 ], "rotation": 180 }
					}
				}
			]
		},
		{
			"name": "ArmorCoatL",
			"stepParentName": "UpperFootL",
			"from": [ -1.1, 5.6, 0.05 ],
			"to": [ 5.1, 7.6, 4.05 ],
			"autoUnwrap": false,
			"uv": [ 2.0, 23.5 ],
			"rotationOrigin": [ -1.1, 5.6, -0.1 ],
			"faces": {
				"north": { "texture": "#gothicbody", "uv": [ 0.0, 34.0, 6.0, 36.0 ] },
				"east": { "texture": "#gothicbody", "uv": [ 6.0, 34.0, 10.0, 36.0 ] },
				"south": { "texture": "#gothicbody", "uv": [ 9.5, 34.0, 15.5, 36.0 ] },
				"west": { "texture": "#gothicbody", "uv": [ 15.5, 34.0, 19.5, 36.0 ] },
				"up": { "texture": "#gothicbody", "uv": [ 0.0, 30.0, 6.0, 34.0 ] },
				"down": { "texture": "#gothicbody", "uv": [ 6.0, 30.0, 12.0, 34.0 ] }
			},
			"children": [
				{
					"name": "ArmorCoatL2",
					"from": [ 0.0, -2.0, 1.0 ],
					"to": [ 6.2, 0.0, 4.0 ],
					"autoUnwrap": false,
					"uv": [ 32.0, 29.5 ],
					"rotationOrigin": [ 0.0, -2.0, 0.85 ],
					"faces": {
						"north": { "texture": "#gothicbody", "uv": [ 24.5, 36.0, 30.5, 38.0 ] },
						"east": { "texture": "#gothicbody", "uv": [ 9.0, 36.0, 12.0, 38.0 ] },
						"south": { "texture": "#gothicbody", "uv": [ 9.5, 34.0, 15.5, 36.0 ] },
						"west": { "texture": "#gothicbody", "uv": [ 0.0, 36.0, 3.0, 38.0 ] },
						"up": { "texture": "#gothicbody", "uv": [ 0.0, 31.0, 6.0, 34.0 ] },
						"down": { "texture": "#gothicbody", "uv": [ 6.0, 31.0, 12.0, 34.0 ] }
					}
				},
				{
					"name": "ArmorCoatL3",
					"from": [ 0.0, -4.0, 2.0 ],
					"to": [ 6.2, -2.0, 4.0 ],
					"autoUnwrap": false,
					"uv": [ 10.5, 37.0 ],
					"rotationOrigin": [ 0.0, -4.0, 1.85 ],
					"faces": {
						"north": { "texture": "#gothicbody", "uv": [ 0.0, 34.0, 6.0, 36.0 ] },
						"east": { "texture": "#gothicbody", "uv": [ 9.0, 38.0, 11.0, 40.0 ] },
						"south": { "texture": "#gothicbody", "uv": [ 9.5, 34.0, 15.5, 36.0 ] },
						"west": { "texture": "#gothicbody", "uv": [ 0.0, 38.0, 2.0, 40.0 ] },
						"up": { "texture": "#gothicbody", "uv": [ 0.0, 34.0, 6.0, 36.0 ] },
						"down": { "texture": "#gothicbody", "uv": [ 9.5, 34.0, 15.5, 36.0 ] }
					}
				}
			]
		},
		{
			"name": "ArmorLowerArmL",
			"stepParentName": "LowerArmL",
			"from": [ -0.55, 0.0, -0.2 ],
			"to": [ 2.35, 8.4, 2.4 ],
			"uv": [ 44.0, 9.0 ],
			"rotationOrigin": [ -1.3319, -1.8713, 0.044 ],
			"rotationX": -2.0052,
			"rotationY": 1.0782,
			"rotationZ": -2.066,
			"faces": {
				"north": { "texture": "#gothicbody", "uv": [ 44.0, 11.5, 46.5, 19.5 ] },
				"east": { "texture": "#gothicbody", "uv": [ 46.5, 11.5, 49.0, 19.5 ] },
				"south": { "texture": "#gothicbody", "uv": [ 49.0, 11.5, 51.5, 19.5 ] },
				"west": { "texture": "#gothicbody", "uv": [ 51.5, 11.5, 54.0, 19.5 ] },
				"up": { "texture": "#gothicbody", "uv": [ 44.0, 9.0, 46.5, 11.5 ] },
				"down": { "texture": "#gothicbody", "uv": [ 46.5, 9.0, 49.0, 11.5 ] }
			},
			"children": [
				{
					"name": "ArmorElbowL",
					"from": [ 1.8, 6.6, 0.5 ],
					"to": [ 3.8, 8.6, 2.7 ],
					"unwrapMode": 3,
					"uv": [ 32.0, 47.0 ],
					"rotationOrigin": [ 2.8, 7.6, 1.5 ],
					"rotationX": -7.0,
					"rotationZ": 45.0,
					"faces": {
						"north": { "texture": "#gothicbody", "uv": [ 38.0, 49.0, 40.0, 51.0 ] },
						"east": { "texture": "#gothicbody", "uv": [ 36.0, 49.0, 38.0, 51.0 ] },
						"south": { "texture": "#gothicbody", "uv": [ 34.0, 49.0, 36.0, 51.0 ] },
						"west": { "texture": "#gothicbody", "uv": [ 32.0, 49.0, 34.0, 51.0 ] },
						"up": { "texture": "#gothicbody", "uv": [ 34.0, 47.0, 36.0, 49.0 ] },
						"down": { "texture": "#gothicbody", "uv": [ 34.0, 51.0, 36.0, 53.0 ], "rotation": 180 }
					}
				},
				{
					"name": "ArmorHandL",
					"from": [ -0.3, -0.5, 0.3 ],
					"to": [ 3.6, 1.9, 3.1 ],
					"unwrapMode": 3,
					"uv": [ 32.0, 40.0 ],
					"rotationOrigin": [ -0.3, -0.5, 0.3 ],
					"faces": {
						"north": { "texture": "#gothicbody", "uv": [ 40.5, 42.5, 44.0, 44.5 ] },
						"east": { "texture": "#gothicbody", "uv": [ 38.0, 42.5, 40.5, 44.5 ] },
						"south": { "texture": "#gothicbody", "uv": [ 34.5, 42.5, 38.0, 44.5 ] },
						"west": { "texture": "#gothicbody", "uv": [ 32.0, 42.5, 34.5, 44.5 ] },
						"up": { "texture": "#gothicbody", "uv": [ 34.5, 40.0, 38.0, 42.5 ] },
						"down": { "texture": "#gothicbody", "uv": [ 34.5, 44.5, 38.0, 47.0 ], "rotation": 180 }
					},
					"children": [
						{
							"name": "HandTopL1",
							"from": [ 0.3, 2.2, 0.1 ],
							"to": [ 0.8, 5.2, 2.2 ],
							"unwrapMode": 2,
							"uv": [ 39.5, 36.0 ],
							"rotationOrigin": [ 0.3, 2.2, 0.1 ],
							"rotationZ": 6.0,
							"faces": {
								"north": { "texture": "#gothicbody", "uv": [ 42.0, 36.5, 42.5, 39.5 ] },
								"east": { "texture": "#gothicbody", "uv": [ 40.0, 36.5, 42.0, 39.5 ] },
								"south": { "texture": "#gothicbody", "uv": [ 39.5, 36.5, 40.0, 39.5 ] },
								"west": { "texture": "#gothicbody", "uv": [ 42.5, 36.5, 44.5, 39.5 ] },
								"up": { "texture": "#gothicbody", "uv": [ 40.0, 36.0, 42.0, 36.5 ], "rotation": 270 },
								"down": { "texture": "#gothicbody", "uv": [ 40.0, 39.5, 42.0, 40.0 ], "rotation": 270 }
							},
							"children": [
								{
									"name": "HandTopL1Rim",
									"from": [ -0.1, 2.9, 0.0 ],
									"to": [ 0.7, 3.7, 2.4 ],
									"unwrapMode": 2,
									"uv": [ 33.0, 25.0 ],
									"rotationOrigin": [ -0.1, 2.9, 0.0 ],
									"faces": {
										"north": { "texture": "#gothicbody", "uv": [ 35.5, 25.5, 36.0, 26.0 ] },
										"east": { "texture": "#gothicbody", "uv": [ 33.5, 25.5, 35.5, 26.0 ] },
										"south": { "texture": "#gothicbody", "uv": [ 33.0, 25.5, 33.5, 26.0 ] },
										"west": { "texture": "#gothicbody", "uv": [ 36.0, 25.5, 38.0, 26.0 ] },
										"up": { "texture": "#gothicbody", "uv": [ 33.5, 25.0, 35.5, 25.5 ], "rotation": 270 },
										"down": { "texture": "#gothicbody", "uv": [ 33.5, 26.0, 35.5, 26.5 ], "rotation": 270 }
									}
								}
							]
						},
						{
							"name": "HandTopL2",
							"from": [ 0.3, 2.1, 1.9 ],
							"to": [ 3.5, 5.2, 2.4 ],
							"uv": [ 39.5, 36.5 ],
							"rotationOrigin": [ 0.3, 2.1, 1.9 ],
							"rotationX": 7.0,
							"rotationZ": 6.0,
							"faces": {
								"north": { "texture": "#gothicbody", "uv": [ 39.5, 37.0, 42.5, 40.0 ] },
								"east": { "texture": "#gothicbody", "uv": [ 42.5, 37.0, 43.0, 40.0 ] },
								"south": { "texture": "#gothicbody", "uv": [ 43.0, 37.0, 46.0, 40.0 ] },
								"west": { "texture": "#gothicbody", "uv": [ 46.0, 37.0, 46.5, 40.0 ] },
								"up": { "texture": "#gothicbody", "uv": [ 39.5, 36.5, 42.5, 37.0 ] },
								"down": { "texture": "#gothicbody", "uv": [ 42.5, 36.5, 45.5, 37.0 ] }
							},
							"children": [
								{
									"name": "HandTopL2Rim",
									"from": [ 0.3138, 2.9856, -0.1671 ],
									"to": [ 3.3138, 3.7856, 0.6329 ],
									"unwrapMode": 1,
									"uv": [ 33.0, 25.0 ],
									"rotationOrigin": [ 0.3138, 2.9856, -0.1671 ],
									"faces": {
										"north": { "texture": "#gothicbody", "uv": [ 33.5, 25.5, 36.5, 26.0 ] },
										"east": { "texture": "#gothicbody", "uv": [ 33.0, 25.5, 33.5, 26.0 ] },
										"south": { "texture": "#gothicbody", "uv": [ 37.0, 25.5, 40.0, 26.0 ] },
										"west": { "texture": "#gothicbody", "uv": [ 36.5, 25.5, 37.0, 26.0 ] },
										"up": { "texture": "#gothicbody", "uv": [ 33.5, 25.0, 36.5, 25.5 ], "rotation": 180 },
										"down": { "texture": "#gothicbody", "uv": [ 33.5, 26.0, 36.5, 26.5 ] }
									}
								}
							]
						},
						{
							"name": "HandTopL3",
							"from": [ 2.9, 2.3, 0.1 ],
							"to": [ 3.4, 5.5, 2.2 ],
							"unwrapMode": 2,
							"uv": [ 39.5, 36.0 ],
							"rotationOrigin": [ 2.9, 2.3, 0.1 ],
							"rotationZ": -4.0,
							"faces": {
								"north": { "texture": "#gothicbody", "uv": [ 42.0, 36.5, 42.5, 39.5 ] },
								"east": { "texture": "#gothicbody", "uv": [ 40.0, 36.5, 42.0, 39.5 ] },
								"south": { "texture": "#gothicbody", "uv": [ 39.5, 36.5, 40.0, 39.5 ] },
								"west": { "texture": "#gothicbody", "uv": [ 42.5, 36.5, 44.5, 39.5 ] },
								"up": { "texture": "#gothicbody", "uv": [ 40.0, 36.0, 42.0, 36.5 ], "rotation": 270 },
								"down": { "texture": "#gothicbody", "uv": [ 40.0, 39.5, 42.0, 40.0 ], "rotation": 270 }
							},
							"children": [
								{
									"name": "HandTopL3Rim",
									"from": [ -0.2162, 3.0924, 0.0 ],
									"to": [ 0.5838, 3.8924, 2.5 ],
									"unwrapMode": 2,
									"uv": [ 33.0, 25.0 ],
									"rotationOrigin": [ -0.2162, 3.0925, 0.0 ],
									"faces": {
										"north": { "texture": "#gothicbody", "uv": [ 36.0, 25.5, 36.5, 26.0 ] },
										"east": { "texture": "#gothicbody", "uv": [ 33.5, 25.5, 36.0, 26.0 ] },
										"south": { "texture": "#gothicbody", "uv": [ 33.0, 25.5, 33.5, 26.0 ] },
										"west": { "texture": "#gothicbody", "uv": [ 36.5, 25.5, 39.0, 26.0 ] },
										"up": { "texture": "#gothicbody", "uv": [ 33.5, 25.0, 36.0, 25.5 ], "rotation": 270 },
										"down": { "texture": "#gothicbody", "uv": [ 33.5, 26.0, 36.0, 26.5 ], "rotation": 270 }
									}
								}
							]
						}
					]
				},
				{
					"name": "ElbowBottomL",
					"from": [ -0.3, 5.9, 0.0 ],
					"to": [ 3.7, 7.6, 2.9 ],
					"unwrapMode": 1,
					"uv": [ 49.5, 46.5 ],
					"rotationOrigin": [ -0.3, 5.9, 0.0 ],
					"rotationZ": 11.0,
					"faces": {
						"north": { "texture": "#gothicbody", "uv": [ 52.0, 49.0, 56.0, 50.5 ] },
						"east": { "texture": "#gothicbody", "uv": [ 49.5, 49.0, 52.0, 50.5 ] },
						"south": { "texture": "#gothicbody", "uv": [ 58.5, 49.0, 62.5, 50.5 ] },
						"west": { "texture": "#gothicbody", "uv": [ 56.0, 49.0, 58.5, 50.5 ] },
						"up": { "texture": "#gothicbody", "uv": [ 52.0, 46.5, 56.0, 49.0 ], "rotation": 180 },
						"down": { "texture": "#gothicbody", "uv": [ 52.0, 50.5, 56.0, 53.0 ] }
					}
				},
				{
					"name": "ArmorLowerInnerArm",
					"from": [ 0.05, 0.0, 0.1 ],
					"to": [ 2.85, 8.3, 2.5 ],
					"uv": [ 0.5, 0.0 ],
					"rotationOrigin": [ 0.0, 0.0, 0.05 ],
					"faces": {
						"north": { "texture": "#textile", "uv": [ 0.5, 2.0, 3.0, 10.0 ] },
						"east": { "texture": "#textile", "uv": [ 3.0, 2.0, 5.0, 10.0 ] },
						"south": { "texture": "#textile", "uv": [ 5.0, 2.0, 7.5, 10.0 ] },
						"west": { "texture": "#textile", "uv": [ 7.5, 2.0, 9.5, 10.0 ] },
						"up": { "texture": "#textile", "uv": [ 0.5, 0.0, 3.0, 2.0 ] },
						"down": { "texture": "#textile", "uv": [ 3.0, 0.0, 5.5, 2.0 ] }
					}
				}
			]
		}
	]}