{
    "editor": {
        "allAngles": false,
        "singleTexture": false
    },
    "textureWidth": 16,
    "textureHeight": 16,
    "textures": {
        "candle": "colorfulcandles:block/wax/dyedcandles/candle",
        "flames": "colorfulcandles:block/wax/flames/flame"
    },
    "elements": [
        {
            "name": "candle",
            "from": [ 7.0, 0.0, 7.0 ],
            "to": [ 9.0, 4.0, 9.0 ],
            "rotationOrigin": [ 8.0, 0.0, 8.0 ],
            "faces": {
                "north": {
                    "texture": "#candle",
                    "uv": [ 0.0, 12.0, 2.0, 16.0 ]
                },
                "east": {
                    "texture": "#candle",
                    "uv": [ 4.0, 12.0, 6.0, 16.0 ]
                },
                "south": {
                    "texture": "#candle",
                    "uv": [ 9.0, 12.0, 11.0, 16.0 ]
                },
                "west": {
                    "texture": "#candle",
                    "uv": [ 11.0, 12.0, 13.0, 16.0 ]
                },
                "up": {
                    "texture": "#candle",
                    "uv": [ 12.0, 2.0, 14.0, 4.0 ]
                },
                "down": {
                    "texture": "#candle",
                    "uv": [ 12.0, 14.0, 14.0, 16.0 ]
                }
            },
            "children": [
                {
                    "name": "top",
                    "from": [ 0.8, 4.0, 0.8 ],
                    "to": [ 1.2, 4.5, 1.2 ],
                    "faces": {
                        "north": {
                            "texture": "#flames",
                            "uv": [ 0.0, 0.0, 0.0, 0.5 ],
                            "glow": 196
                        },
                        "east": {
                            "texture": "#flames",
                            "uv": [ 0.0, 0.0, 0.0, 0.5 ],
                            "glow": 196
                        },
                        "south": {
                            "texture": "#flames",
                            "uv": [ 0.0, 0.0, 0.0, 0.5 ],
                            "glow": 196
                        },
                        "west": {
                            "texture": "#flames",
                            "uv": [ 0.0, 0.0, 0.0, 0.5 ],
                            "glow": 196
                        },
                        "up": {
                            "texture": "#flames",
                            "uv": [ 0.0, 0.0, 0.0, 0.0 ],
                            "glow": 196
                        },
                        "down": {
                            "texture": "#flames",
                            "uv": [ 0.0, 0.0, 0.0, 0.0 ],
                            "enabled": false
                        }
                    }
                }
            ]
        }
    ]
}