{
	"editor": {
		"allAngles": false,
		"entityTextureMode": false
	},
	"textureWidth": 16,
	"textureHeight": 16,
	"textureSizes": {
		"fat": [8,8],
		"animalfat": [16,16]
	},
	"textures": {
		"beeswax": "game:item/resource/beeswax"
	},
	"elements": [
		{
			"name": "origin",
			"from": [ 8.0, 0.0, 8.0 ],
			"to": [ 8.0, 0.0, 8.0 ],
			"rotationOrigin": [ 8.0, 0.0, 8.0 ],
			"faces": {
			},
			"children": [
				{
					"name": "Main",
					"from": [ -2.0, 0.0, -3.0 ],
					"to": [ 2.0, 1.5, 0.0 ],
					"rotationOrigin": [ -0.3, 0.0, 0.1 ],
					"faces": {
						"north": { "texture": "#beeswax", "uv": [ 0.5, 13.0, 4.5, 14.5 ] },
						"east": { "texture": "#beeswax", "uv": [ 1.5, 13.5, 4.5, 15.0 ] },
						"south": { "texture": "#beeswax", "uv": [ 12.0, 14.5, 16.0, 16.0 ] },
						"west": { "texture": "#beeswax", "uv": [ 13.0, 14.5, 16.0, 16.0 ] },
						"up": { "texture": "#beeswax", "uv": [ 13.0, 12.0, 16.0, 16.0 ], "rotation": 90 },
						"down": { "texture": "#beeswax", "uv": [ 13.0, 12.0, 16.0, 16.0 ], "rotation": 90 }
					},
					"children": [
						{
							"name": "Main2",
							"from": [ 3.0, 1.5, 0.0 ],
							"to": [ 4.0, 2.0, 2.5 ],
							"rotationOrigin": [ 3.7, 1.5, 2.8 ],
							"faces": {
								"north": { "texture": "#beeswax", "uv": [ 4.5, 11.5, 5.5, 12.0 ] },
								"east": { "texture": "#beeswax", "uv": [ 2.5, 12.0, 5.0, 12.5 ] },
								"south": { "texture": "#beeswax", "uv": [ 11.5, 12.0, 12.5, 12.5 ] },
								"west": { "texture": "#beeswax", "uv": [ 6.0, 11.0, 8.5, 11.5 ] },
								"up": { "texture": "#beeswax", "uv": [ 3.5, 10.0, 6.0, 11.0 ], "rotation": 90 }
							}
						},
						{
							"name": "w1",
							"from": [ -0.5, 0.0, 0.7 ],
							"to": [ 0.0, 1.0, 2.7 ],
							"rotationOrigin": [ -0.5, 0.0, 0.7 ],
							"faces": {
								"north": { "texture": "#beeswax", "uv": [ 10.5, 15.0, 11.0, 16.0 ] },
								"south": { "texture": "#beeswax", "uv": [ 10.5, 15.0, 11.0, 16.0 ] },
								"west": { "texture": "#beeswax", "uv": [ 10.5, 15.0, 12.5, 16.0 ] },
								"up": { "texture": "#beeswax", "uv": [ 11.5, 14.0, 12.0, 16.0 ] },
								"down": { "texture": "#beeswax", "uv": [ 13.5, 14.0, 14.0, 16.0 ] }
							},
							"children": [
								{
									"name": "w2",
									"from": [ -0.5, 0.0, 1.0 ],
									"to": [ 0.0, 0.5, 2.0 ],
									"rotationOrigin": [ -0.5, 0.0, 1.0 ],
									"faces": {
										"north": { "texture": "#beeswax", "uv": [ 7.0, 15.0, 7.5, 15.5 ] },
										"south": { "texture": "#beeswax", "uv": [ 4.5, 15.0, 5.0, 15.5 ] },
										"west": { "texture": "#beeswax", "uv": [ 6.0, 15.0, 7.0, 15.5 ] },
										"up": { "texture": "#beeswax", "uv": [ 11.5, 15.0, 12.5, 15.5 ], "rotation": 90 },
										"down": { "texture": "#beeswax", "uv": [ 4.5, 2.5, 5.0, 3.5 ] }
									}
								}
							]
						},
						{
							"name": "e1",
							"from": [ 4.0, 0.0, 1.0 ],
							"to": [ 4.5, 0.5, 2.0 ],
							"rotationOrigin": [ 4.0, 0.0, 1.0 ],
							"faces": {
								"north": { "texture": "#beeswax", "uv": [ 11.0, 9.0, 11.5, 9.5 ] },
								"east": { "texture": "#beeswax", "uv": [ 10.0, 10.5, 11.0, 11.0 ] },
								"south": { "texture": "#beeswax", "uv": [ 11.5, 11.5, 12.0, 12.0 ] },
								"up": { "texture": "#beeswax", "uv": [ 10.0, 10.5, 11.0, 11.0 ], "rotation": 90 },
								"down": { "texture": "#beeswax", "uv": [ 10.5, 8.0, 11.5, 8.5 ], "rotation": 90 }
							},
							"children": [
								{
									"name": "e2",
									"from": [ 0.0, 0.0, -1.0 ],
									"to": [ 0.5, 1.0, 0.0 ],
									"rotationOrigin": [ 0.0, 0.0, -1.0 ],
									"faces": {
										"north": { "texture": "#beeswax", "uv": [ 11.5, 12.0, 12.0, 13.0 ] },
										"east": { "texture": "#beeswax", "uv": [ 10.0, 11.5, 11.0, 12.5 ] },
										"south": { "texture": "#beeswax", "uv": [ 11.0, 10.0, 11.5, 11.0 ] },
										"up": { "texture": "#beeswax", "uv": [ 11.5, 10.5, 12.5, 11.0 ], "rotation": 90 },
										"down": { "texture": "#beeswax", "uv": [ 10.0, 5.0, 11.0, 5.5 ], "rotation": 90 }
									}
								}
							]
						},
						{
							"name": "top3",
							"from": [ 1.5, 1.5, 1.5 ],
							"to": [ 2.0, 2.0, 2.6 ],
							"rotationOrigin": [ 1.5, 1.5, 1.5 ],
							"faces": {
								"north": { "texture": "#beeswax", "uv": [ 4.0, 10.0, 4.5, 10.5 ] },
								"east": { "texture": "#beeswax", "uv": [ 7.5, 9.5, 8.5, 10.0 ] },
								"south": { "texture": "#beeswax", "uv": [ 8.5, 12.0, 9.0, 12.5 ] },
								"west": { "texture": "#beeswax", "uv": [ 6.5, 12.0, 7.5, 12.5 ] },
								"up": { "texture": "#beeswax", "uv": [ 9.0, 8.5, 9.5, 9.5 ] }
							}
						},
						{
							"name": "top12",
							"from": [ 0.0, 1.5, 0.2 ],
							"to": [ 1.0, 2.0, 2.2 ],
							"rotationOrigin": [ 0.0, 1.5, 0.2 ],
							"faces": {
								"north": { "texture": "#beeswax", "uv": [ 4.5, 5.0, 5.5, 5.5 ] },
								"east": { "texture": "#beeswax", "uv": [ 11.0, 15.0, 13.0, 15.5 ] },
								"south": { "texture": "#beeswax", "uv": [ 4.0, 4.5, 5.0, 5.0 ] },
								"west": { "texture": "#beeswax", "uv": [ 12.5, 14.5, 14.5, 15.0 ] },
								"up": { "texture": "#beeswax", "uv": [ 12.0, 13.5, 13.0, 15.5 ] }
							}
						}
					]
				}
			]
		}
	]}
