{
	"editor": {
		"allAngles": false,
		"entityTextureMode": false
	},
	"textureWidth": 16,
	"textureHeight": 16,
	"textureSizes": {
		"slate": [16,16],
		"steel": [16,16]
	},
	"textures": {
		"steel": "game:block/metal/armor-generic/steel"
	},
	"elements": [
		{
			"name": "W long",
			"from": [ 6.5, 0.0, 5.0 ],
			"to": [ 7.5, 1.2, 11.0 ],
			"rotationOrigin": [ 8.0, 0.0, 8.0 ],
			"faces": {
				"north": { "texture": "#steel", "uv": [ 2.0, 3.0, 3.0, 4.0 ] },
				"east": { "texture": "#steel", "uv": [ 10.0, 1.0, 16.0, 2.0 ] },
				"south": { "texture": "#steel", "uv": [ 6.0, 6.0, 7.0, 7.0 ] },
				"west": { "texture": "#steel", "uv": [ 0.0, 0.0, 6.0, 1.0 ] },
				"up": { "texture": "#steel", "uv": [ 3.0, 3.0, 4.0, 9.0 ] },
				"down": { "texture": "#steel", "uv": [ 0.0, 0.0, 1.0, 6.0 ] }
			},
			"children": [
				{
					"name": "E long",
					"from": [ 2.0, 0.0, 0.0 ],
					"to": [ 3.0, 1.2, 6.0 ],
					"faces": {
						"north": { "texture": "#steel", "uv": [ 0.0, 6.0, 1.0, 7.0 ] },
						"east": { "texture": "#steel", "uv": [ 10.0, 2.0, 16.0, 3.0 ] },
						"south": { "texture": "#steel", "uv": [ 6.0, 3.0, 7.0, 4.0 ] },
						"west": { "texture": "#steel", "uv": [ 0.0, 0.0, 6.0, 1.0 ] },
						"up": { "texture": "#steel", "uv": [ 3.0, 6.0, 4.0, 12.0 ] },
						"down": { "texture": "#steel", "uv": [ 0.0, 0.0, 1.0, 6.0 ] }
					}
				},
				{
					"name": "W short",
					"from": [ -1.0, 0.1, 0.5 ],
					"to": [ 0.0, 1.1, 5.5 ],
					"faces": {
						"north": { "texture": "#steel", "uv": [ 2.0, 0.0, 3.0, 1.0 ] },
						"south": { "texture": "#steel", "uv": [ 4.0, 5.0, 5.0, 6.0 ] },
						"west": { "texture": "#steel", "uv": [ 0.0, 0.0, 5.0, 1.0 ] },
						"up": { "texture": "#steel", "uv": [ 2.0, 3.0, 3.0, 8.0 ] },
						"down": { "texture": "#steel", "uv": [ 0.0, 0.0, 1.0, 5.0 ] }
					}
				},
				{
					"name": "E short",
					"from": [ 3.0, 0.1, 0.5 ],
					"to": [ 4.0, 1.1, 5.5 ],
					"faces": {
						"north": { "texture": "#steel", "uv": [ 0.0, 7.0, 1.0, 8.0 ] },
						"east": { "texture": "#steel", "uv": [ 10.0, 6.0, 15.0, 7.0 ] },
						"south": { "texture": "#steel", "uv": [ 8.0, 1.0, 9.0, 2.0 ] },
						"up": { "texture": "#steel", "uv": [ 5.0, 6.0, 6.0, 11.0 ] },
						"down": { "texture": "#steel", "uv": [ 0.0, 0.0, 1.0, 5.0 ] }
					}
				},
				{
					"name": "N long",
					"from": [ -1.5, -0.1, 1.5 ],
					"to": [ 4.5, 1.3, 2.5 ],
					"faces": {
						"north": { "texture": "#steel", "uv": [ 10.0, 3.0, 16.0, 4.0 ] },
						"east": { "texture": "#steel", "uv": [ 5.0, 0.0, 6.0, 1.0 ] },
						"south": { "texture": "#steel", "uv": [ 0.0, 0.0, 6.0, 1.0 ] },
						"west": { "texture": "#steel", "uv": [ 2.0, 3.0, 3.0, 4.0 ] },
						"up": { "texture": "#steel", "uv": [ 3.0, 1.0, 9.0, 2.0 ] },
						"down": { "texture": "#steel", "uv": [ 2.0, 3.0, 8.0, 4.0 ] }
					}
				},
				{
					"name": "S long",
					"from": [ -1.5, -0.1, 3.5 ],
					"to": [ 4.5, 1.3, 4.5 ],
					"faces": {
						"north": { "texture": "#steel", "uv": [ 10.0, 1.0, 16.0, 2.0 ] },
						"east": { "texture": "#steel", "uv": [ 7.0, 6.0, 8.0, 7.0 ] },
						"south": { "texture": "#steel", "uv": [ 0.0, 0.0, 6.0, 1.0 ] },
						"west": { "texture": "#steel", "uv": [ 0.0, 3.0, 1.0, 4.0 ] },
						"up": { "texture": "#steel", "uv": [ 1.0, 6.0, 7.0, 7.0 ] },
						"down": { "texture": "#steel", "uv": [ 1.0, 5.0, 7.0, 6.0 ] }
					}
				},
				{
					"name": "S short",
					"from": [ 1.0, 0.1, 4.5 ],
					"to": [ 2.0, 1.1, 5.5 ],
					"faces": {
						"south": { "texture": "#steel", "uv": [ 4.0, 8.0, 5.0, 9.0 ] },
						"up": { "texture": "#steel", "uv": [ 7.0, 3.0, 8.0, 4.0 ] },
						"down": { "texture": "#steel", "uv": [ 6.0, 7.0, 7.0, 8.0 ] }
					}
				},
				{
					"name": "N short",
					"from": [ 1.0, 0.1, 0.5 ],
					"to": [ 2.0, 1.1, 1.5 ],
					"faces": {
						"north": { "texture": "#steel", "uv": [ 0.0, 0.0, 1.0, 1.0 ] },
						"up": { "texture": "#steel", "uv": [ 0.0, 0.0, 1.0, 1.0 ] },
						"down": { "texture": "#steel", "uv": [ 0.0, 0.0, 1.0, 1.0 ] }
					}
				}
			]
		}
	]}