{
	"editor": {
		"allAngles": false,
		"entityTextureMode": false
	},
	"textureWidth": 16,
	"textureHeight": 16,
	"textureSizes": {
		"turqoise": [16,16]
	},
	"textures": {
		"turqoise": "game:block/stone/gem/turqoise"
	},
	"elements": [
		{
			"name": "origin",
			"from": [ 6.8, -0.5, 6.4 ],
			"to": [ 6.8, -0.5, 6.4 ],
			"rotationOrigin": [ 8.0, 0.0, 8.0 ],
			"faces": {
			},
			"children": [
				{
					"name": "Cube1",
					"from": [ 0.2, 0.5, 0.9 ],
					"to": [ 1.8, 1.3, 2.4 ],
					"rotationOrigin": [ 0.0, 0.0, 0.0 ],
					"rotationY": 11.0,
					"faces": {
						"north": { "texture": "#turqoise", "uv": [ 11.0, 0.0, 12.5, 0.5 ] },
						"east": { "texture": "#turqoise", "uv": [ 9.0, 9.0, 10.5, 9.5 ] },
						"south": { "texture": "#turqoise", "uv": [ 11.0, 13.5, 12.5, 14.0 ] },
						"west": { "texture": "#turqoise", "uv": [ 8.5, 9.5, 10.0, 10.0 ] },
						"up": { "texture": "#turqoise", "uv": [ 13.0, 13.5, 14.5, 15.0 ] },
						"down": { "texture": "#turqoise", "uv": [ 3.0, 4.0, 4.5, 5.5 ] }
					}
				},
				{
					"name": "Cube5",
					"from": [ 0.8, 0.8, 1.2 ],
					"to": [ 1.5, 2.3, 1.9 ],
					"rotationOrigin": [ 0.0, 0.0, 0.0 ],
					"rotationY": 19.0,
					"rotationZ": -8.0,
					"faces": {
						"north": { "texture": "#turqoise", "uv": [ 13.0, 14.0, 13.5, 15.5 ] },
						"east": { "texture": "#turqoise", "uv": [ 15.0, 11.0, 15.5, 12.5 ] },
						"south": { "texture": "#turqoise", "uv": [ 5.0, 7.0, 5.5, 8.5 ] },
						"west": { "texture": "#turqoise", "uv": [ 5.0, 6.0, 5.5, 7.5 ] },
						"up": { "texture": "#turqoise", "uv": [ 5.5, 7.0, 6.0, 7.5 ] },
						"down": { "texture": "#turqoise", "uv": [ 4.0, 5.5, 4.5, 6.0 ] }
					}
				},
				{
					"name": "Cube6",
					"from": [ 1.2, 1.5, 0.0 ],
					"to": [ 2.1, 2.5, 0.9 ],
					"rotationOrigin": [ 0.0, 0.0, 0.0 ],
					"rotationX": 8.0,
					"rotationY": -42.0,
					"rotationZ": -17.0,
					"faces": {
						"north": { "texture": "#turqoise", "uv": [ 12.5, 13.5, 13.0, 14.5 ] },
						"east": { "texture": "#turqoise", "uv": [ 5.0, 6.5, 5.5, 7.5 ] },
						"south": { "texture": "#turqoise", "uv": [ 5.5, 8.5, 6.0, 9.5 ] },
						"west": { "texture": "#turqoise", "uv": [ 9.5, 8.5, 10.0, 9.5 ] },
						"up": { "texture": "#turqoise", "uv": [ 6.0, 13.0, 6.5, 13.5 ] },
						"down": { "texture": "#turqoise", "uv": [ 9.0, 8.5, 9.5, 9.0 ] }
					}
				},
				{
					"name": "Cube7",
					"from": [ 0.8, 0.6, 0.1 ],
					"to": [ 1.8, 1.4, 1.0 ],
					"rotationOrigin": [ 0.0, -0.1, -0.1 ],
					"rotationY": -22.0,
					"rotationZ": 8.0,
					"faces": {
						"north": { "texture": "#turqoise", "uv": [ 5.0, 9.5, 6.0, 10.0 ] },
						"east": { "texture": "#turqoise", "uv": [ 5.0, 7.5, 5.5, 8.0 ] },
						"south": { "texture": "#turqoise", "uv": [ 10.0, 7.0, 11.0, 7.5 ] },
						"west": { "texture": "#turqoise", "uv": [ 5.0, 7.0, 5.5, 7.5 ] },
						"up": { "texture": "#turqoise", "uv": [ 9.0, 9.5, 10.0, 10.0 ] },
						"down": { "texture": "#turqoise", "uv": [ 9.0, 5.5, 10.0, 6.0 ] }
					}
				},
				{
					"name": "Cube8",
					"from": [ 0.8, 0.4, 0.8 ],
					"to": [ 1.8, 1.7, 1.8 ],
					"rotationOrigin": [ 0.0, 0.0, 0.0 ],
					"rotationY": -8.0,
					"rotationZ": 11.0,
					"faces": {
						"north": { "texture": "#turqoise", "uv": [ 4.5, 6.5, 5.5, 7.5 ] },
						"east": { "texture": "#turqoise", "uv": [ 8.5, 9.0, 9.5, 10.0 ] },
						"south": { "texture": "#turqoise", "uv": [ 8.5, 5.0, 9.5, 6.0 ] },
						"west": { "texture": "#turqoise", "uv": [ 2.5, 3.5, 3.5, 4.5 ] },
						"up": { "texture": "#turqoise", "uv": [ 1.0, 14.0, 2.0, 15.0 ] },
						"down": { "texture": "#turqoise", "uv": [ 5.5, 12.5, 6.5, 13.5 ] }
					}
				},
				{
					"name": "Cube9",
					"from": [ 0.8, 0.4, 0.9 ],
					"to": [ 1.6, 2.6, 1.6 ],
					"faces": {
						"north": { "texture": "#turqoise", "uv": [ 5.5, 7.5, 6.0, 9.5 ] },
						"east": { "texture": "#turqoise", "uv": [ 14.0, 12.0, 14.5, 14.0 ] },
						"south": { "texture": "#turqoise", "uv": [ 4.5, 5.0, 5.0, 7.0 ] },
						"west": { "texture": "#turqoise", "uv": [ 4.5, 5.0, 5.0, 7.0 ] },
						"up": { "texture": "#turqoise", "uv": [ 4.5, 6.0, 5.0, 6.5 ] },
						"down": { "texture": "#turqoise", "uv": [ 5.0, 5.0, 5.5, 5.5 ] }
					}
				}
			]
		}
	]}