[
    {
        "name": "Left 2x1 Wooden Shutter",
        "ingredientPattern": "_L_,_L_,___",
        "ingredients": {
            "L": {
                "type": "block",
                "code": "1x1woodenshutters-north-closed-left-*",
                "name": "wood"
            }
        },
        "output": {
            "type": "block",
            "code": "2x1woodenshutters-north-closed-left-{wood}",
            "quantity": 1
        }
    },
    {
        "name": "Right 2x1 Wooden Shutter",
        "ingredientPattern": "_R_,_R_,___",
        "ingredients": {
            "R": {
                "type": "block",
                "code": "1x1woodenshutters-north-closed-right-*",
                "name": "wood"
            }
        },
        "output": {
            "type": "block",
            "code": "2x1woodenshutters-north-closed-right-{wood}",
            "quantity": 1
        }
    },
    {
        "name": "Half 2x1 Wooden Shutter",
        "ingredientPattern": "_H_,_H_,___",
        "ingredients": {
            "H": {
                "type": "block",
                "code": "1x1woodenshutters-north-closed-half-*",
                "name": "wood"
            }
        },
        "output": {
            "type": "block",
            "code": "2x1woodenshutters-north-closed-half-{wood}",
            "quantity": 1
        }
    }
]