{
  "editor": {
    "allAngles": true,
    "entityTextureMode": false
  },
  "textureWidth": 16,
  "textureHeight": 16,
  "textureSizes": {},
  "textures": {},
  "elements": [
    {
      "name": "origin",
      "from": [8.0, 0.0, 8.0],
      "to": [9.0, 1.0, 9.0],
      "rotationOrigin": [8.0, 0.0, 8.0],
      "faces": {
        "north": {
          "texture": "#null",
          "uv": [0.0, 0.0, 1.0, 1.0],
          "enabled": false
        },
        "east": {
          "texture": "#null",
          "uv": [0.0, 0.0, 1.0, 1.0],
          "enabled": false
        },
        "south": {
          "texture": "#null",
          "uv": [0.0, 0.0, 1.0, 1.0],
          "enabled": false
        },
        "west": {
          "texture": "#null",
          "uv": [0.0, 0.0, 1.0, 1.0],
          "enabled": false
        },
        "up": {
          "texture": "#null",
          "uv": [0.0, 0.0, 1.0, 1.0],
          "enabled": false
        },
        "down": {
          "texture": "#null",
          "uv": [0.0, 0.0, 1.0, 1.0],
          "enabled": false
        }
      },
      "children": [
        {
          "name": "solder1",
          "from": [0.5, 0.0, -3.5],
          "to": [1.5, 1.0, 3.5],
          "rotationOrigin": [0.5, 0.0, -3.5],
          "faces": {
            "north": { "texture": "#null", "uv": [10.0, 5.5, 11.0, 6.5] },
            "east": { "texture": "#null", "uv": [4.0, 0.5, 11.0, 1.5] },
            "south": { "texture": "#null", "uv": [8.0, 9.5, 9.0, 10.5] },
            "west": { "texture": "#null", "uv": [2.5, 2.5, 9.5, 3.5] },
            "up": { "texture": "#null", "uv": [12.0, 5.5, 13.0, 12.5] },
            "down": { "texture": "#null", "uv": [5.5, 8.0, 6.5, 15.0] }
          }
        },
        {
          "name": "solder3",
          "from": [-1.0, 0.0, -3.5],
          "to": [0.0, 1.0, 3.5],
          "rotationOrigin": [-1.0, 0.0, -3.5],
          "rotationY": -4.0,
          "faces": {
            "north": { "texture": "#null", "uv": [11.0, 8.0, 12.0, 9.0] },
            "east": { "texture": "#null", "uv": [1.5, 4.0, 8.5, 5.0] },
            "south": { "texture": "#null", "uv": [0.5, 6.0, 1.5, 7.0] },
            "west": { "texture": "#null", "uv": [7.5, 14.5, 14.5, 15.5] },
            "up": { "texture": "#null", "uv": [5.0, 5.5, 6.0, 12.5] },
            "down": { "texture": "#null", "uv": [4.5, 4.5, 5.5, 11.5] }
          }
        },
        {
          "name": "solder4",
          "from": [-1.0, 1.0, -3.5],
          "to": [0.0, 2.0, 3.5],
          "rotationOrigin": [-1.0, 1.0, -3.5],
          "rotationY": 10.0,
          "faces": {
            "north": { "texture": "#null", "uv": [7.5, 12.0, 8.5, 13.0] },
            "east": { "texture": "#null", "uv": [8.0, 9.0, 15.0, 10.0] },
            "south": { "texture": "#null", "uv": [6.5, 10.0, 7.5, 11.0] },
            "west": { "texture": "#null", "uv": [8.0, 11.5, 15.0, 12.5] },
            "up": { "texture": "#null", "uv": [9.0, 3.0, 10.0, 10.0] },
            "down": { "texture": "#null", "uv": [4.0, 8.5, 5.0, 15.5] }
          }
        }
      ]
    }
  ]
}
