{
	"editor": {
		"allAngles": false,
		"singleTexture": false
	},
	"textureWidth": 16,
	"textureHeight": 16,
	"textures": {
		"wood": "block/wood/planks/generic"
	},
	"elements": [
		{
			"name": "stand",
			"from": [ 1.0, 0.0, 4.0 ], 
			"to": [ 3.0, 11.0, 12.0 ], 
			"rotationOrigin": [ 1.0, 0.0, 4.0 ],
			"faces": {
				"north": { "texture": "#wood", "uv": [ 0.0, 0.0, 2.0, 11.0 ] },
				"east": { "texture": "#wood", "uv": [ 0.0, 0.0, 8.0, 11.0 ] },
				"south": { "texture": "#wood", "uv": [ 0.0, 0.0, 2.0, 11.0 ] },
				"west": { "texture": "#wood", "uv": [ 0.0, 0.0, 8.0, 11.0 ] },
				"up": { "texture": "#wood", "uv": [ 0.0, 0.0, 2.0, 8.0 ] },
				"down": { "texture": "#wood", "uv": [ 0.0, 0.0, 2.0, 8.0 ] }
			},
			"children": [
				{
					"name": "Cube4",
					"from": [ 0.0, 11.0, 1.0 ], 
					"to": [ 2.0, 12.0, 7.0 ], 
					"rotationOrigin": [ 0.0, 11.0, 1.0 ],
					"faces": {
						"north": { "texture": "#wood", "uv": [ 0.0, 0.0, 2.0, 1.0 ] },
						"east": { "texture": "#wood", "uv": [ 0.0, 0.0, 6.0, 1.0 ] },
						"south": { "texture": "#wood", "uv": [ 0.0, 0.0, 2.0, 1.0 ] },
						"west": { "texture": "#wood", "uv": [ 0.0, 0.0, 6.0, 1.0 ] },
						"up": { "texture": "#wood", "uv": [ 0.0, 0.0, 2.0, 6.0 ] },
						"down": { "texture": "#wood", "uv": [ 0.0, 0.0, 2.0, 6.0 ] }
					}
				}
			]
		}
	]}