{
	"editor": {
		"allAngles": true,
		"entityTextureMode": true
	},
	"textureWidth": 76,
	"textureHeight": 84,
	"textureSizes": {
		"skin": [76,84]
	},
	"textures": {
	},
	"elements": [
		{
			"name": "Origin",
			"from": [ 8.0, 0.0, 8.0 ],
			"to": [ 8.0, 0.0, 8.0 ],
			"uv": [ 0.0, 0.0 ],
			"rotationOrigin": [ 8.0, 0.0, 8.0 ],
			"faces": {
			},
			"children": [
				{
					"name": "Rear",
					"from": [ 5.7, 11.4938, -4.5 ],
					"to": [ 14.0, 22.0938, 4.5 ],
					"unwrapMode": 7,
					"unwrapRotation": 1,
					"autoUnwrap": false,
					"uv": [ 2.5, 68.0 ],
					"rotationOrigin": [ 7.4, 17.1, 0.0 ],
					"rotationZ": -15.0,
					"faces": {
						"north": { "texture": "#skin", "uv": [ 22.0, 37.5, 32.5, 45.5 ], "rotation": 90 },
						"east": { "texture": "#skin", "uv": [ 13.5, 45.5, 22.5, 56.0 ] },
						"south": { "texture": "#skin", "uv": [ 3.0, 37.5, 13.5, 45.5 ], "rotation": 270 },
						"west": { "texture": "#skin", "uv": [ 4.0, 46.5, 13.0, 57.0 ] },
						"up": { "texture": "#skin", "uv": [ 13.5, 37.5, 22.5, 45.5 ], "rotation": 270 },
						"down": { "texture": "#skin", "uv": [ 32.5, 37.5, 41.5, 45.5 ], "rotation": 90 }
					},
					"children": [
						{
							"name": "L Haunch",
							"from": [ 3.9, 1.7, 7.6 ],
							"to": [ 9.0, 9.5, 10.4 ],
							"unwrapMode": 3,
							"uv": [ 43.5, 43.5 ],
							"rotationOrigin": [ 6.1, 8.1, 9.0 ],
							"rotationX": 6.0,
							"rotationY": 0.5,
							"rotationZ": 10.0,
							"faces": {
								"north": { "texture": "#skin", "uv": [ 53.5, 46.0, 58.5, 53.5 ] },
								"east": { "texture": "#skin", "uv": [ 51.0, 46.0, 53.5, 53.5 ] },
								"south": { "texture": "#skin", "uv": [ 46.0, 46.0, 51.0, 53.5 ] },
								"west": { "texture": "#skin", "uv": [ 43.5, 46.0, 46.0, 53.5 ] },
								"up": { "texture": "#skin", "uv": [ 46.0, 43.5, 51.0, 46.0 ], "windMode": [-1,-1,-1,-1], "windData": [0,0,1,1] },
								"down": { "texture": "#skin", "uv": [ 46.0, 53.5, 51.0, 56.0 ], "rotation": 180 }
							},
							"children": [
								{
									"name": "L LegUp",
									"from": [ 0.9, -5.1, 0.2 ],
									"to": [ 2.9, 1.9, 2.6 ],
									"unwrapMode": 3,
									"uv": [ 44.0, 56.5 ],
									"rotationOrigin": [ 2.0, 0.7, 1.4 ],
									"rotationZ": 40.0,
									"faces": {
										"north": { "texture": "#skin", "uv": [ 50.0, 58.5, 52.0, 65.5 ] },
										"east": { "texture": "#skin", "uv": [ 48.0, 58.5, 50.0, 65.5 ] },
										"south": { "texture": "#skin", "uv": [ 46.0, 58.5, 48.0, 65.5 ] },
										"west": { "texture": "#skin", "uv": [ 44.0, 58.5, 46.0, 65.5 ] },
										"up": { "texture": "#skin", "uv": [ 46.0, 56.5, 48.0, 58.5 ] },
										"down": { "texture": "#skin", "uv": [ 46.0, 65.5, 48.0, 67.5 ], "rotation": 180 }
									},
									"children": [
										{
											"name": "L LegLow",
											"from": [ 0.5, -6.1, 0.4 ],
											"to": [ 2.3, 0.8, 2.0 ],
											"unwrapMode": 3,
											"uv": [ 47.0, 66.5 ],
											"rotationOrigin": [ 1.4, 0.2, 1.2 ],
											"rotationX": -6.0,
											"rotationZ": -33.0,
											"faces": {
												"north": { "texture": "#skin", "uv": [ 51.5, 68.0, 53.0, 74.5 ] },
												"east": { "texture": "#skin", "uv": [ 50.0, 68.0, 51.5, 74.5 ] },
												"south": { "texture": "#skin", "uv": [ 48.5, 68.0, 50.0, 74.5 ] },
												"west": { "texture": "#skin", "uv": [ 47.0, 68.0, 48.5, 74.5 ] },
												"up": { "texture": "#skin", "uv": [ 48.5, 66.5, 50.0, 68.0 ] },
												"down": { "texture": "#skin", "uv": [ 48.5, 74.5, 50.0, 76.0 ], "rotation": 180, "windMode": [-1,-1,-1,-1] }
											},
											"children": [
												{
													"name": "L Hind Pastern",
													"from": [ 0.0, -1.5, -0.1 ],
													"to": [ 1.5, 0.8, 1.7 ],
													"unwrapMode": 3,
													"uv": [ 45.0, 75.0 ],
													"rotationOrigin": [ 0.5, 0.6, 0.7 ],
													"rotationY": 1.0,
													"rotationZ": -17.0,
													"faces": {
														"north": { "texture": "#skin", "uv": [ 49.5, 76.5, 51.0, 78.5 ] },
														"east": { "texture": "#skin", "uv": [ 48.0, 76.5, 49.5, 78.5 ] },
														"south": { "texture": "#skin", "uv": [ 46.5, 76.5, 48.0, 78.5 ] },
														"west": { "texture": "#skin", "uv": [ 45.0, 76.5, 46.5, 78.5 ] },
														"up": { "texture": "#skin", "uv": [ 46.5, 75.0, 48.0, 76.5 ], "windMode": [-1,-1,-1,-1] },
														"down": { "texture": "#skin", "uv": [ 46.5, 78.5, 48.0, 80.0 ], "rotation": 180 }
													},
													"children": [
														{
															"name": "L Hind Hoof",
															"from": [ 0.2, 0.6, 0.7 ],
															"to": [ 0.2, 0.6, 0.7 ],
															"uv": [ 0.0, 0.0 ],
															"rotationOrigin": [ 0.2, 0.6, 0.7 ],
															"rotationY": 1.0,
															"rotationZ": 18.0,
															"faces": {
															},
															"children": [
																{
																	"name": "L Hind Hoof2",
																	"from": [ -0.9, -1.1, -0.6 ],
																	"to": [ 0.6, -0.5, 1.0 ],
																	"unwrapMode": 5,
																	"uv": [ 56.5, 68.5 ],
																	"rotationOrigin": [ 0.2, -0.5, 0.3 ],
																	"faces": {
																		"north": { "texture": "#skin", "uv": [ 57.0, 68.5, 58.5, 69.0 ], "rotation": 180 },
																		"east": { "texture": "#skin", "uv": [ 58.5, 69.0, 59.0, 70.5 ], "rotation": 90 },
																		"south": { "texture": "#skin", "uv": [ 57.0, 70.5, 58.5, 71.0 ] },
																		"west": { "texture": "#skin", "uv": [ 56.5, 69.0, 57.0, 70.5 ], "rotation": 270 },
																		"up": { "texture": "#skin", "uv": [ 57.0, 69.0, 58.5, 70.5 ] },
																		"down": { "texture": "#skin", "uv": [ 59.0, 69.0, 60.5, 70.5 ] }
																	}
																},
																{
																	"name": "L Hind Hoof1",
																	"from": [ -0.9, -1.1, -0.6 ],
																	"to": [ 0.6, -0.6, 1.0 ],
																	"unwrapMode": 5,
																	"uv": [ 56.5, 71.5 ],
																	"rotationOrigin": [ -0.9, -1.1, -0.6 ],
																	"rotationZ": 40.0,
																	"faces": {
																		"north": { "texture": "#skin", "uv": [ 57.0, 71.5, 58.5, 72.0 ], "rotation": 180 },
																		"east": { "texture": "#skin", "uv": [ 58.5, 72.0, 59.0, 73.5 ], "rotation": 90 },
																		"south": { "texture": "#skin", "uv": [ 57.0, 73.5, 58.5, 74.0 ] },
																		"west": { "texture": "#skin", "uv": [ 56.5, 72.0, 57.0, 73.5 ], "rotation": 270 },
																		"up": { "texture": "#skin", "uv": [ 57.0, 72.0, 58.5, 73.5 ] },
																		"down": { "texture": "#skin", "uv": [ 59.0, 72.0, 60.5, 73.5 ] }
																	}
																}
															]
														}
													]
												}
											]
										},
										{
											"name": "L LegUp Taper",
											"from": [ 1.1, 0.0, 0.1 ],
											"to": [ 2.5, 6.4, 2.3 ],
											"unwrapMode": 2,
											"uv": [ 52.5, 58.5 ],
											"rotationOrigin": [ 2.0, 0.0, 0.0 ],
											"rotationZ": -11.0,
											"faces": {
												"north": { "texture": "#skin", "uv": [ 55.5, 58.5, 56.5, 64.5 ] },
												"east": { "texture": "#skin", "uv": [ 53.5, 58.5, 55.5, 64.5 ] },
												"south": { "texture": "#skin", "uv": [ 52.5, 58.5, 53.5, 64.5 ] },
												"down": { "texture": "#skin", "uv": [ 53.5, 64.5, 55.5, 65.5 ], "rotation": 270 }
											}
										}
									]
								}
							]
						},
						{
							"name": "R Haunch",
							"from": [ 3.9, 1.7, -1.2 ],
							"to": [ 9.0, 9.5, 1.6 ],
							"unwrapMode": 1,
							"uv": [ 59.5, 43.5 ],
							"rotationOrigin": [ 6.1, 8.1, -0.1 ],
							"rotationX": -6.0,
							"rotationY": -0.5,
							"faces": {
								"north": { "texture": "#skin", "uv": [ 62.0, 46.0, 67.0, 53.5 ] },
								"east": { "texture": "#skin", "uv": [ 59.5, 46.0, 62.0, 53.5 ] },
								"south": { "texture": "#skin", "uv": [ 69.5, 46.0, 74.5, 53.5 ] },
								"west": { "texture": "#skin", "uv": [ 67.0, 46.0, 69.5, 53.5 ] },
								"up": { "texture": "#skin", "uv": [ 62.0, 43.5, 67.0, 46.0 ], "rotation": 180 },
								"down": { "texture": "#skin", "uv": [ 62.0, 53.5, 67.0, 56.0 ] }
							},
							"children": [
								{
									"name": "R LegUp",
									"from": [ 0.9, -5.1, 0.2 ],
									"to": [ 2.9, 1.9, 2.6 ],
									"unwrapMode": 1,
									"uv": [ 60.0, 56.5 ],
									"rotationOrigin": [ 2.0, 0.7, 1.4 ],
									"rotationZ": 40.0,
									"faces": {
										"north": { "texture": "#skin", "uv": [ 62.0, 58.5, 64.0, 65.5 ] },
										"east": { "texture": "#skin", "uv": [ 60.0, 58.5, 62.0, 65.5 ] },
										"south": { "texture": "#skin", "uv": [ 66.0, 58.5, 68.0, 65.5 ] },
										"west": { "texture": "#skin", "uv": [ 64.0, 58.5, 66.0, 65.5 ] },
										"up": { "texture": "#skin", "uv": [ 62.0, 56.5, 64.0, 58.5 ], "rotation": 180 },
										"down": { "texture": "#skin", "uv": [ 62.0, 65.5, 64.0, 67.5 ] }
									},
									"children": [
										{
											"name": "R LegLow",
											"from": [ 0.5, -6.1, 0.4 ],
											"to": [ 2.3, 0.8, 2.0 ],
											"unwrapMode": 1,
											"uv": [ 63.0, 66.5 ],
											"rotationOrigin": [ 1.4, 0.2, 1.2 ],
											"rotationX": 6.0,
											"rotationZ": -33.0,
											"faces": {
												"north": { "texture": "#skin", "uv": [ 64.5, 68.0, 66.0, 74.5 ] },
												"east": { "texture": "#skin", "uv": [ 63.0, 68.0, 64.5, 74.5 ] },
												"south": { "texture": "#skin", "uv": [ 67.5, 68.0, 69.0, 74.5 ] },
												"west": { "texture": "#skin", "uv": [ 66.0, 68.0, 67.5, 74.5 ] },
												"up": { "texture": "#skin", "uv": [ 64.5, 66.5, 66.0, 68.0 ], "rotation": 180 },
												"down": { "texture": "#skin", "uv": [ 64.5, 74.5, 66.0, 76.0 ] }
											},
											"children": [
												{
													"name": "R Hind Pastern",
													"from": [ 0.0, -1.5, -0.1 ],
													"to": [ 1.5, 0.8, 1.7 ],
													"unwrapMode": 1,
													"uv": [ 61.0, 75.0 ],
													"rotationOrigin": [ 0.5, 0.6, 0.7 ],
													"rotationY": -1.0,
													"rotationZ": -17.0,
													"faces": {
														"north": { "texture": "#skin", "uv": [ 62.5, 76.5, 64.0, 78.5 ] },
														"east": { "texture": "#skin", "uv": [ 61.0, 76.5, 62.5, 78.5 ] },
														"south": { "texture": "#skin", "uv": [ 65.5, 76.5, 67.0, 78.5 ] },
														"west": { "texture": "#skin", "uv": [ 64.0, 76.5, 65.5, 78.5 ] },
														"up": { "texture": "#skin", "uv": [ 62.5, 75.0, 64.0, 76.5 ], "rotation": 180, "windMode": [-1,-1,-1,-1] },
														"down": { "texture": "#skin", "uv": [ 62.5, 78.5, 64.0, 80.0 ] }
													},
													"children": [
														{
															"name": "R Hind Hoof",
															"from": [ 0.2, 0.6, 0.7 ],
															"to": [ 0.2, 0.6, 0.7 ],
															"uv": [ 0.0, 0.0 ],
															"rotationOrigin": [ 0.2, 0.6, 0.7 ],
															"rotationY": -1.0,
															"rotationZ": 18.0,
															"faces": {
															},
															"children": [
																{
																	"name": "R Hind Hoof1",
																	"from": [ -0.9, -1.1, -0.6 ],
																	"to": [ 0.6, -0.6, 1.0 ],
																	"unwrapMode": 5,
																	"uv": [ 56.5, 74.5 ],
																	"rotationOrigin": [ -0.9, -1.1, -0.6 ],
																	"rotationZ": 40.0,
																	"faces": {
																		"north": { "texture": "#skin", "uv": [ 57.0, 74.5, 58.5, 75.0 ], "rotation": 180 },
																		"east": { "texture": "#skin", "uv": [ 58.5, 75.0, 59.0, 76.5 ], "rotation": 90 },
																		"south": { "texture": "#skin", "uv": [ 57.0, 76.5, 58.5, 77.0 ] },
																		"west": { "texture": "#skin", "uv": [ 56.5, 75.0, 57.0, 76.5 ], "rotation": 270 },
																		"up": { "texture": "#skin", "uv": [ 57.0, 75.0, 58.5, 76.5 ] },
																		"down": { "texture": "#skin", "uv": [ 59.0, 75.0, 60.5, 76.5 ] }
																	}
																},
																{
																	"name": "R Hind Hoof2",
																	"from": [ -0.9, -1.1, -0.6 ],
																	"to": [ 0.6, -0.5, 1.0 ],
																	"unwrapMode": 5,
																	"uv": [ 56.5, 77.5 ],
																	"rotationOrigin": [ 0.2, -0.5, 0.3 ],
																	"faces": {
																		"north": { "texture": "#skin", "uv": [ 57.0, 77.5, 58.5, 78.0 ], "rotation": 180 },
																		"east": { "texture": "#skin", "uv": [ 58.5, 78.0, 59.0, 79.5 ], "rotation": 90 },
																		"south": { "texture": "#skin", "uv": [ 57.0, 79.5, 58.5, 80.0 ] },
																		"west": { "texture": "#skin", "uv": [ 56.5, 78.0, 57.0, 79.5 ], "rotation": 270 },
																		"up": { "texture": "#skin", "uv": [ 57.0, 78.0, 58.5, 79.5 ] },
																		"down": { "texture": "#skin", "uv": [ 59.0, 78.0, 60.5, 79.5 ] }
																	}
																}
															]
														}
													]
												}
											]
										},
										{
											"name": "R LegUp Taper",
											"from": [ 1.1, 0.0, 0.1 ],
											"to": [ 2.5, 6.4, 2.3 ],
											"unwrapMode": 2,
											"uv": [ 68.5, 58.5 ],
											"rotationOrigin": [ 2.0, 0.0, 0.0 ],
											"rotationZ": -11.0,
											"faces": {
												"north": { "texture": "#skin", "uv": [ 71.5, 58.5, 72.5, 64.5 ] },
												"east": { "texture": "#skin", "uv": [ 69.5, 58.5, 71.5, 64.5 ] },
												"south": { "texture": "#skin", "uv": [ 68.5, 58.5, 69.5, 64.5 ] },
												"down": { "texture": "#skin", "uv": [ 69.5, 64.5, 71.5, 65.5 ], "rotation": 270 }
											}
										}
									]
								}
							]
						},
						{
							"name": "Midsection",
							"from": [ -5.2, -1.4, -0.4 ],
							"to": [ 2.2, 10.7, 9.4 ],
							"unwrapMode": 7,
							"unwrapRotation": 1,
							"autoUnwrap": false,
							"uv": [ 3.0, 57.5 ],
							"rotationOrigin": [ 1.1, 7.4, 4.5 ],
							"rotationZ": 3.0,
							"faces": {
								"north": { "texture": "#skin", "uv": [ 22.5, 30.0, 34.5, 37.0 ], "rotation": 90, "windMode": [-1,-1,-1,-1], "windData": [0,1,1,0] },
								"east": { "texture": "#skin", "uv": [ 33.0, 46.5, 42.5, 58.5 ], "windMode": [-1,-1,-1,-1], "windData": [0,1,1,0] },
								"south": { "texture": "#skin", "uv": [ 1.0, 30.0, 13.0, 37.0 ], "rotation": 270 },
								"west": { "texture": "#skin", "uv": [ 23.0, 46.5, 32.5, 58.5 ], "windMode": [-1,-1,-1,-1], "windData": [0,0,1,1] },
								"up": { "texture": "#skin", "uv": [ 13.0, 30.0, 22.5, 37.0 ], "rotation": 270 },
								"down": { "texture": "#skin", "uv": [ 34.5, 30.0, 44.0, 37.0 ], "rotation": 90 }
							},
							"children": [
								{
									"name": "Chest",
									"from": [ -8.0, 0.3, 0.1 ],
									"to": [ 1.2, 12.1, 9.7 ],
									"unwrapMode": 7,
									"unwrapRotation": 1,
									"autoUnwrap": false,
									"uv": [ 2.5, 46.0 ],
									"rotationOrigin": [ 0.2, 8.4, 4.9 ],
									"rotationZ": -4.0,
									"faces": {
										"north": { "texture": "#skin", "uv": [ 22.5, 20.5, 34.0, 29.5 ], "rotation": 90 },
										"east": { "texture": "#skin", "uv": [ 33.0, 59.5, 42.5, 71.0 ] },
										"south": { "texture": "#skin", "uv": [ 1.5, 20.5, 13.0, 29.5 ], "rotation": 270 },
										"west": { "texture": "#skin", "uv": [ 23.0, 59.5, 32.5, 71.0 ] },
										"up": { "texture": "#skin", "uv": [ 13.0, 20.5, 22.5, 29.5 ], "rotation": 270 },
										"down": { "texture": "#skin", "uv": [ 34.0, 20.5, 43.5, 29.5 ], "rotation": 90 }
									},
									"children": [
										{
											"name": "Neck",
											"from": [ -3.6, 9.8, 2.5 ],
											"to": [ 4.1, 16.7, 7.1 ],
											"unwrapMode": 2,
											"autoUnwrap": false,
											"uv": [ 5.5, 5.0 ],
											"rotationOrigin": [ 3.5, 9.8, 4.8 ],
											"rotationZ": 83.0,
											"faces": {
												"north": { "texture": "#skin", "uv": [ 20.0, 13.5, 27.5, 20.0 ], "windMode": [-1,-1,-1,-1], "windData": [0,0,1,0] },
												"east": { "texture": "#skin", "uv": [ 15.5, 13.5, 20.0, 20.0 ], "windMode": [-1,-1,-1,-1], "windData": [1,0,0,1] },
												"south": { "texture": "#skin", "uv": [ 8.0, 13.5, 15.5, 20.0 ] },
												"west": { "texture": "#skin", "uv": [ 27.5, 13.5, 32.0, 20.0 ] },
												"up": { "texture": "#skin", "uv": [ 2.5, 12.0, 7.0, 19.5 ], "rotation": 90 }
											},
											"children": [
												{
													"name": "Neck2",
													"from": [ 1.1, 4.7, 0.5 ],
													"to": [ 7.7, 10.6, 4.1 ],
													"unwrapMode": 2,
													"uv": [ 9.5, 1.0 ],
													"rotationOrigin": [ 5.2, 4.9, 2.3 ],
													"rotationZ": 5.0,
													"faces": {
														"north": { "texture": "#skin", "uv": [ 19.5, 7.5, 26.0, 13.0 ] },
														"east": { "texture": "#skin", "uv": [ 16.0, 7.5, 19.5, 13.0 ] },
														"south": { "texture": "#skin", "uv": [ 9.5, 7.5, 16.0, 13.0 ] },
														"west": { "texture": "#skin", "uv": [ 26.0, 7.5, 29.5, 13.0 ] },
														"up": { "texture": "#skin", "uv": [ 16.0, 1.0, 19.5, 7.5 ], "rotation": 270 }
													},
													"children": [
														{
															"name": "Head",
															"from": [ 4.3029, 0.8, -1.4184 ],
															"to": [ 7.0029, 6.2, 3.1816 ],
															"unwrapMode": 4,
															"uv": [ 8.0, 58.0 ],
															"rotationOrigin": [ 6.6, 6.2, 1.8 ],
															"rotationY": 25.0,
															"rotationZ": -73.0,
															"faces": {
																"north": { "texture": "#skin", "uv": [ 8.0, 60.5, 10.5, 65.5 ] },
																"east": { "texture": "#skin", "uv": [ 17.5, 60.5, 22.0, 65.5 ] },
																"south": { "texture": "#skin", "uv": [ 15.0, 60.5, 17.5, 65.5 ] },
																"west": { "texture": "#skin", "uv": [ 10.5, 60.5, 15.0, 65.5 ] },
																"up": { "texture": "#skin", "uv": [ 10.5, 58.0, 15.0, 60.5 ], "rotation": 90 },
																"down": { "texture": "#skin", "uv": [ 10.5, 65.5, 15.0, 68.0 ], "rotation": 90 }
															},
															"children": [
																{
																	"name": "MouthUp",
																	"from": [ -5.1, 1.5, 0.8 ],
																	"to": [ 0.2, 2.7, 3.8 ],
																	"unwrapMode": 5,
																	"unwrapRotation": 1,
																	"uv": [ 3.5, 70.0 ],
																	"rotationOrigin": [ -1.5, 2.5, 2.3 ],
																	"rotationZ": 4.0,
																	"faces": {
																		"north": { "texture": "#skin", "uv": [ 3.5, 70.0, 4.5, 75.0 ], "rotation": 270 },
																		"south": { "texture": "#skin", "uv": [ 7.5, 70.0, 8.5, 75.0 ], "rotation": 90 },
																		"west": { "texture": "#skin", "uv": [ 4.5, 75.0, 7.5, 76.0 ] },
																		"up": { "texture": "#skin", "uv": [ 4.5, 70.0, 7.5, 75.0 ], "rotation": 90, "windMode": [-1,-1,-1,-1], "windData": [1,1,1,1] },
																		"down": { "texture": "#skin", "uv": [ 8.5, 70.0, 11.5, 75.0 ], "rotation": 270 }
																	},
																	"children": [
																		{
																			"name": "Nose",
																			"from": [ 0.9, -0.1, 0.25 ],
																			"to": [ 5.7, 2.2, 2.75 ],
																			"unwrapMode": 5,
																			"unwrapRotation": 1,
																			"uv": [ 23.0, 72.0 ],
																			"rotationOrigin": [ 0.9, 2.0, 0.8 ],
																			"rotationZ": 16.0,
																			"faces": {
																				"north": { "texture": "#skin", "uv": [ 23.0, 72.0, 25.0, 76.5 ], "rotation": 270, "windMode": [-1,-1,-1,-1], "windData": [1,1,1,1] },
																				"south": { "texture": "#skin", "uv": [ 27.5, 72.0, 29.5, 76.5 ], "rotation": 90 },
																				"west": { "texture": "#skin", "uv": [ 25.0, 76.5, 27.5, 78.5 ], "windMode": [-1,-1,-1,-1], "windData": [1,1,1,1] },
																				"up": { "texture": "#skin", "uv": [ 25.0, 72.0, 27.5, 76.5 ], "rotation": 90 }
																			},
																			"children": [
																				{
																					"name": "Snout",
																					"from": [ -1.5, 0.2, -0.4 ],
																					"to": [ 0.2, 2.2, 2.9 ],
																					"unwrapMode": 4,
																					"uv": [ 34.5, 75.0 ],
																					"rotationOrigin": [ 0.0, 2.0, 1.25 ],
																					"rotationZ": -9.0,
																					"faces": {
																						"north": { "texture": "#skin", "uv": [ 34.5, 76.5, 36.0, 78.5 ], "windMode": [-1,-1,-1,-1], "windData": [1,1,1,1] },
																						"east": { "texture": "#skin", "uv": [ 40.5, 76.5, 43.5, 78.5 ], "windMode": [-1,-1,-1,-1], "windData": [1,1,1,1] },
																						"south": { "texture": "#skin", "uv": [ 39.0, 76.5, 40.5, 78.5 ], "windMode": [-1,-1,-1,-1], "windData": [1,1,1,1] },
																						"west": { "texture": "#skin", "uv": [ 36.0, 76.5, 39.0, 78.5 ], "windMode": [-1,-1,-1,-1], "windData": [1,1,1,1] },
																						"up": { "texture": "#skin", "uv": [ 36.0, 75.0, 39.0, 76.5 ], "rotation": 90, "windMode": [-1,-1,-1,-1], "windData": [1,1,1,1] },
																						"down": { "texture": "#skin", "uv": [ 36.0, 78.5, 39.0, 80.0 ], "rotation": 90, "windMode": [-1,-1,-1,-1], "windData": [1,1,1,1] }
																					}
																				},
																				{
																					"name": "NoseBridge",
																					"from": [ 3.6, 0.5, -0.7 ],
																					"to": [ 4.8, 2.2, 3.2 ],
																					"unwrapMode": 7,
																					"unwrapRotation": 1,
																					"uv": [ 30.0, 72.0 ],
																					"rotationOrigin": [ 3.6, 2.2, -0.7 ],
																					"rotationZ": 18.0,
																					"faces": {
																						"north": { "texture": "#skin", "uv": [ 35.0, 73.5, 36.5, 74.5 ], "rotation": 90 },
																						"east": { "texture": "#skin", "uv": [ 31.5, 74.5, 35.0, 76.0 ] },
																						"south": { "texture": "#skin", "uv": [ 30.0, 73.5, 31.5, 74.5 ], "rotation": 270 },
																						"west": { "texture": "#skin", "uv": [ 31.5, 72.0, 35.0, 73.5 ], "rotation": 180 },
																						"up": { "texture": "#skin", "uv": [ 31.5, 73.5, 35.0, 74.5 ], "rotation": 270 }
																					}
																				}
																			]
																		}
																	]
																},
																{
																	"name": "L Ear",
																	"from": [ 1.7, 3.2, 3.8 ],
																	"to": [ 2.0, 4.6, 5.5 ],
																	"unwrapMode": 4,
																	"uv": [ 0.5, 67.5 ],
																	"rotationOrigin": [ 1.8, 3.2, 4.5 ],
																	"rotationX": 110.0,
																	"rotationY": 14.0,
																	"faces": {
																		"north": { "texture": "#skin", "uv": [ 0.5, 68.0, 1.0, 69.0 ], "windMode": [-1,-1,-1,-1], "windData": [1,1,1,1] },
																		"east": { "texture": "#skin", "uv": [ 3.0, 68.0, 4.5, 69.0 ] },
																		"south": { "texture": "#skin", "uv": [ 2.5, 68.0, 3.0, 69.0 ], "windMode": [-1,-1,-1,-1], "windData": [1,1,1,1] },
																		"west": { "texture": "#skin", "uv": [ 1.0, 68.0, 2.5, 69.0 ] },
																		"up": { "texture": "#skin", "uv": [ 1.0, 67.5, 2.5, 68.0 ], "rotation": 90 },
																		"down": { "texture": "#skin", "uv": [ 1.0, 69.0, 2.5, 69.5 ], "rotation": 90 }
																	},
																	"children": [
																		{
																			"name": "L Ear3",
																			"from": [ 0.0, 1.4, 0.0 ],
																			"to": [ 0.3, 3.3, 0.7 ],
																			"unwrapMode": 4,
																			"uv": [ 4.5, 65.5 ],
																			"rotationOrigin": [ 0.2, 1.4, 0.0 ],
																			"rotationX": 8.0,
																			"rotationY": 1.0,
																			"faces": {
																				"north": { "texture": "#skin", "uv": [ 4.5, 66.0, 5.0, 67.5 ] },
																				"east": { "texture": "#skin", "uv": [ 6.0, 66.0, 6.5, 67.5 ] },
																				"south": { "texture": "#skin", "uv": [ 5.5, 66.0, 6.0, 67.5 ] },
																				"west": { "texture": "#skin", "uv": [ 5.0, 66.0, 5.5, 67.5 ] },
																				"up": { "texture": "#skin", "uv": [ 5.0, 65.5, 5.5, 66.0 ], "rotation": 90 },
																				"down": { "texture": "#skin", "uv": [ 5.0, 67.5, 5.5, 68.0 ], "rotation": 90 }
																			}
																		},
																		{
																			"name": "L Ear2",
																			"from": [ 0.0, 1.4, 0.6 ],
																			"to": [ 0.3, 3.3, 1.7 ],
																			"unwrapMode": 4,
																			"uv": [ 0.5, 64.0 ],
																			"rotationOrigin": [ 0.2, 1.4, 1.7 ],
																			"rotationX": -10.0,
																			"rotationY": -1.0,
																			"faces": {
																				"north": { "texture": "#skin", "uv": [ 0.5, 64.5, 1.0, 66.0 ] },
																				"east": { "texture": "#skin", "uv": [ 2.5, 64.5, 3.5, 66.0 ] },
																				"south": { "texture": "#skin", "uv": [ 2.0, 64.5, 2.5, 66.0 ] },
																				"west": { "texture": "#skin", "uv": [ 1.0, 64.5, 2.0, 66.0 ] },
																				"up": { "texture": "#skin", "uv": [ 1.0, 64.0, 2.0, 64.5 ], "rotation": 90 },
																				"down": { "texture": "#skin", "uv": [ 1.0, 66.0, 2.0, 66.5 ], "rotation": 90 }
																			}
																		}
																	]
																},
																{
																	"name": "R Eye",
																	"from": [ -0.01, 3.5, -0.01 ],
																	"to": [ 0.69, 3.8, 0.19 ],
																	"unwrapMode": 5,
																	"uv": [ 1.0, 48.0 ],
																	"rotationOrigin": [ -0.01, 3.9, -0.21 ],
																	"faces": {
																		"north": { "texture": "#skin", "uv": [ 1.5, 48.0, 2.0, 48.5 ], "rotation": 180 },
																		"east": { "texture": "#skin", "uv": [ 2.0, 48.5, 2.5, 49.0 ], "rotation": 90 },
																		"west": { "texture": "#skin", "uv": [ 1.0, 48.5, 1.5, 49.0 ], "rotation": 270 },
																		"up": { "texture": "#skin", "uv": [ 1.5, 48.5, 2.0, 49.0 ] },
																		"down": { "texture": "#skin", "uv": [ 2.5, 48.5, 3.0, 49.0 ] }
																	},
																	"children": [
																		{
																			"name": "R Eye2",
																			"from": [ 0.0, 0.3, 0.0 ],
																			"to": [ 0.7, 0.6, 0.2 ],
																			"unwrapMode": 5,
																			"uv": [ 1.0, 50.0 ],
																			"rotationOrigin": [ 0.0, 0.7, -0.1 ],
																			"faces": {
																				"north": { "texture": "#skin", "uv": [ 1.5, 50.0, 2.0, 50.5 ], "rotation": 180 },
																				"east": { "texture": "#skin", "uv": [ 2.0, 50.5, 2.5, 51.0 ], "rotation": 90 },
																				"west": { "texture": "#skin", "uv": [ 1.0, 50.5, 1.5, 51.0 ], "rotation": 270 },
																				"up": { "texture": "#skin", "uv": [ 1.5, 50.5, 2.0, 51.0 ] },
																				"down": { "texture": "#skin", "uv": [ 2.5, 50.5, 3.0, 51.0 ] }
																			},
																			"children": [
																				{
																					"name": "R Pupil",
																					"from": [ -0.01, -0.1, -0.01 ],
																					"to": [ 0.49, 0.1, 0.19 ],
																					"unwrapMode": 5,
																					"uv": [ 1.0, 46.0 ],
																					"rotationOrigin": [ -0.01, -0.1, -0.01 ],
																					"faces": {
																						"north": { "texture": "#skin", "uv": [ 1.5, 46.0, 2.0, 46.5 ], "rotation": 180, "windMode": [-1,-1,-1,-1], "windData": [1,1,1,1] },
																						"east": { "texture": "#skin", "uv": [ 2.0, 46.5, 2.5, 47.0 ], "rotation": 90 },
																						"west": { "texture": "#skin", "uv": [ 1.0, 46.5, 1.5, 47.0 ], "rotation": 270 },
																						"up": { "texture": "#skin", "uv": [ 1.5, 46.5, 2.0, 47.0 ] },
																						"down": { "texture": "#skin", "uv": [ 2.5, 46.5, 3.0, 47.0 ] }
																					}
																				}
																			]
																		}
																	]
																},
																{
																	"name": "R Ear",
																	"from": [ 1.7, 3.2, -0.9 ],
																	"to": [ 2.0, 4.6, 0.8 ],
																	"unwrapMode": 4,
																	"uv": [ 0.5, 61.0 ],
																	"rotationOrigin": [ 1.8, 3.2, 0.2 ],
																	"rotationX": -110.0,
																	"rotationY": -15.0,
																	"faces": {
																		"north": { "texture": "#skin", "uv": [ 0.5, 61.5, 1.0, 62.5 ] },
																		"east": { "texture": "#skin", "uv": [ 3.0, 61.5, 4.5, 62.5 ] },
																		"south": { "texture": "#skin", "uv": [ 2.5, 61.5, 3.0, 62.5 ], "windMode": [-1,-1,-1,-1], "windData": [1,1,1,1] },
																		"west": { "texture": "#skin", "uv": [ 1.0, 61.5, 2.5, 62.5 ] },
																		"up": { "texture": "#skin", "uv": [ 1.0, 61.0, 2.5, 61.5 ], "rotation": 90 },
																		"down": { "texture": "#skin", "uv": [ 1.0, 62.5, 2.5, 63.0 ], "rotation": 90 }
																	},
																	"children": [
																		{
																			"name": "R Ear2",
																			"from": [ 0.0, 1.4, 0.0 ],
																			"to": [ 0.3, 3.3, 1.1 ],
																			"unwrapMode": 4,
																			"uv": [ 0.5, 58.0 ],
																			"rotationOrigin": [ 0.2, 1.4, 0.0 ],
																			"rotationX": 10.0,
																			"rotationY": 1.0,
																			"faces": {
																				"north": { "texture": "#skin", "uv": [ 0.5, 58.5, 1.0, 60.0 ] },
																				"east": { "texture": "#skin", "uv": [ 2.5, 58.5, 3.5, 60.0 ] },
																				"south": { "texture": "#skin", "uv": [ 2.0, 58.5, 2.5, 60.0 ] },
																				"west": { "texture": "#skin", "uv": [ 1.0, 58.5, 2.0, 60.0 ] },
																				"up": { "texture": "#skin", "uv": [ 1.0, 58.0, 2.0, 58.5 ], "rotation": 90 },
																				"down": { "texture": "#skin", "uv": [ 1.0, 60.0, 2.0, 60.5 ], "rotation": 90 }
																			}
																		},
																		{
																			"name": "R Ear3",
																			"from": [ 0.0, 1.4, 1.0 ],
																			"to": [ 0.3, 3.3, 1.7 ],
																			"unwrapMode": 4,
																			"uv": [ 4.0, 58.0 ],
																			"rotationOrigin": [ 0.2, 1.4, 1.6 ],
																			"rotationX": -8.0,
																			"rotationY": -1.0,
																			"faces": {
																				"north": { "texture": "#skin", "uv": [ 4.0, 58.5, 4.5, 60.0 ] },
																				"east": { "texture": "#skin", "uv": [ 5.5, 58.5, 6.0, 60.0 ] },
																				"south": { "texture": "#skin", "uv": [ 5.0, 58.5, 5.5, 60.0 ] },
																				"west": { "texture": "#skin", "uv": [ 4.5, 58.5, 5.0, 60.0 ] },
																				"up": { "texture": "#skin", "uv": [ 4.5, 58.0, 5.0, 58.5 ], "rotation": 90 },
																				"down": { "texture": "#skin", "uv": [ 4.5, 60.0, 5.0, 60.5 ], "rotation": 90 }
																			}
																		}
																	]
																},
																{
																	"name": "L Eye",
																	"from": [ -0.01, 3.5, 4.41 ],
																	"to": [ 0.69, 3.8, 4.61 ],
																	"unwrapMode": 5,
																	"uv": [ 1.0, 48.5 ],
																	"rotationOrigin": [ -0.01, 3.9, 4.41 ],
																	"faces": {
																		"east": { "texture": "#skin", "uv": [ 2.0, 48.5, 2.5, 49.0 ], "rotation": 90 },
																		"south": { "texture": "#skin", "uv": [ 1.5, 49.0, 2.0, 49.5 ] },
																		"west": { "texture": "#skin", "uv": [ 1.0, 48.5, 1.5, 49.0 ], "rotation": 270 },
																		"up": { "texture": "#skin", "uv": [ 1.5, 48.5, 2.0, 49.0 ] },
																		"down": { "texture": "#skin", "uv": [ 2.5, 48.5, 3.0, 49.0 ] }
																	},
																	"children": [
																		{
																			"name": "L Eye2",
																			"from": [ 0.0, 0.3, 0.0 ],
																			"to": [ 0.7, 0.6, 0.2 ],
																			"unwrapMode": 5,
																			"uv": [ 1.0, 50.5 ],
																			"rotationOrigin": [ 0.0, 0.8, -0.1 ],
																			"faces": {
																				"east": { "texture": "#skin", "uv": [ 2.0, 50.5, 2.5, 51.0 ], "rotation": 90 },
																				"south": { "texture": "#skin", "uv": [ 1.5, 51.0, 2.0, 51.5 ] },
																				"west": { "texture": "#skin", "uv": [ 1.0, 50.5, 1.5, 51.0 ], "rotation": 270 },
																				"up": { "texture": "#skin", "uv": [ 1.5, 50.5, 2.0, 51.0 ] },
																				"down": { "texture": "#skin", "uv": [ 2.5, 50.5, 3.0, 51.0 ] }
																			},
																			"children": [
																				{
																					"name": "L Pupil",
																					"from": [ -0.01, -0.1, 0.01 ],
																					"to": [ 0.49, 0.1, 0.21 ],
																					"unwrapMode": 5,
																					"uv": [ 1.0, 46.5 ],
																					"rotationOrigin": [ -0.01, -0.1, 0.01 ],
																					"faces": {
																						"east": { "texture": "#skin", "uv": [ 2.0, 46.5, 2.5, 47.0 ], "rotation": 90 },
																						"south": { "texture": "#skin", "uv": [ 1.5, 47.0, 2.0, 47.5 ] },
																						"west": { "texture": "#skin", "uv": [ 1.0, 46.5, 1.5, 47.0 ], "rotation": 270 },
																						"up": { "texture": "#skin", "uv": [ 1.5, 46.5, 2.0, 47.0 ] },
																						"down": { "texture": "#skin", "uv": [ 2.5, 46.5, 3.0, 47.0 ] }
																					}
																				}
																			]
																		}
																	]
																},
																{
																	"name": "Jaw",
																	"from": [ -3.5, -0.8, 0.9 ],
																	"to": [ 2.3, 1.7, 3.7 ],
																	"unwrapMode": 5,
																	"unwrapRotation": 1,
																	"uv": [ 12.0, 70.0 ],
																	"rotationOrigin": [ 1.8, 0.8, 2.1 ],
																	"rotationZ": 1.0,
																	"faces": {
																		"north": { "texture": "#skin", "uv": [ 12.0, 70.0, 14.5, 75.5 ], "rotation": 270 },
																		"south": { "texture": "#skin", "uv": [ 17.0, 70.0, 19.5, 75.5 ], "rotation": 90 },
																		"west": { "texture": "#skin", "uv": [ 14.5, 75.5, 17.0, 78.0 ] },
																		"up": { "texture": "#skin", "uv": [ 14.5, 70.0, 17.0, 75.5 ], "rotation": 90 },
																		"down": { "texture": "#skin", "uv": [ 19.5, 70.0, 22.0, 75.5 ], "rotation": 270 }
																	},
																	"children": [
																		{
																			"name": "Jaw2",
																			"from": [ -1.5, 0.4, 0.3 ],
																			"to": [ 1.0, 1.6, 2.5 ],
																			"unwrapMode": 5,
																			"unwrapRotation": 1,
																			"uv": [ 15.5, 66.0 ],
																			"rotationOrigin": [ 0.8, 1.1, 1.3 ],
																			"rotationZ": 6.0,
																			"faces": {
																				"north": { "texture": "#skin", "uv": [ 15.5, 66.0, 16.5, 68.5 ], "rotation": 270 },
																				"south": { "texture": "#skin", "uv": [ 18.5, 66.0, 19.5, 68.5 ], "rotation": 90 },
																				"west": { "texture": "#skin", "uv": [ 16.5, 68.5, 18.5, 69.5 ] },
																				"up": { "texture": "#skin", "uv": [ 16.5, 66.0, 18.5, 68.5 ], "rotation": 90 },
																				"down": { "texture": "#skin", "uv": [ 19.5, 66.0, 21.5, 68.5 ], "rotation": 270 }
																			}
																		},
																		{
																			"name": "Tongue",
																			"from": [ -0.7, 1.1, 0.8 ],
																			"to": [ 1.1, 2.0, 2.0 ],
																			"unwrapMode": 7,
																			"unwrapRotation": 1,
																			"uv": [ 15.5, 58.0 ],
																			"rotationOrigin": [ 1.1, 1.6, 1.2 ],
																			"rotationZ": 20.0,
																			"faces": {
																				"north": { "texture": "#skin", "uv": [ 17.0, 58.5, 17.5, 60.0 ], "rotation": 90 },
																				"south": { "texture": "#skin", "uv": [ 15.5, 58.5, 16.0, 60.0 ], "rotation": 270 },
																				"west": { "texture": "#skin", "uv": [ 16.0, 58.0, 17.0, 58.5 ], "rotation": 180 },
																				"up": { "texture": "#skin", "uv": [ 16.0, 58.5, 17.0, 60.0 ], "rotation": 270 },
																				"down": { "texture": "#skin", "uv": [ 17.5, 58.5, 18.5, 60.0 ], "rotation": 90 }
																			}
																		}
																	]
																},
																{
																	"name": "AntlerBase",
																	"from": [ 0.9, 4.5, 2.3 ],
																	"to": [ 0.9, 4.5, 2.3 ],
																	"uv": [ 0.0, 0.0 ],
																	"rotationOrigin": [ 0.9, 4.5, 2.3 ],
																	"faces": {
																	}
																}
															]
														},
														{
															"name": "Neck Hump2",
															"from": [ 5.7, 0.8, 0.4 ],
															"to": [ 7.5, 5.4, 3.2 ],
															"unwrapMode": 2,
															"uv": [ 28.5, 0.5 ],
															"rotationOrigin": [ 7.5, 1.3, 0.4 ],
															"rotationZ": 10.0,
															"faces": {
																"north": { "texture": "#skin", "uv": [ 32.5, 2.0, 34.0, 6.5 ] },
																"east": { "texture": "#skin", "uv": [ 30.0, 2.0, 32.5, 6.5 ] },
																"south": { "texture": "#skin", "uv": [ 28.5, 2.0, 30.0, 6.5 ] },
																"up": { "texture": "#skin", "uv": [ 30.0, 0.5, 32.5, 2.0 ], "rotation": 270 },
																"down": { "texture": "#skin", "uv": [ 30.0, 6.5, 32.5, 8.0 ], "rotation": 270 }
															}
														}
													],
													"attachmentpoints": [
														{
															"code": "rope",
															"posX": "0.0","posY": "2.0","posZ": "2.0",
															"rotationX": "0.0","rotationY": "0.0","rotationZ": "0.0"
														}
													]
												},
												{
													"name": "Neck Hump",
													"from": [ 8.0, 2.6, 0.55 ],
													"to": [ 9.6, 7.6, 4.05 ],
													"unwrapMode": 2,
													"uv": [ 33.0, 5.5 ],
													"rotationOrigin": [ 9.6, 2.9, 1.7 ],
													"rotationZ": 19.0,
													"faces": {
														"north": { "texture": "#skin", "uv": [ 38.0, 7.0, 39.5, 12.0 ] },
														"east": { "texture": "#skin", "uv": [ 34.5, 7.0, 38.0, 12.0 ] },
														"south": { "texture": "#skin", "uv": [ 33.0, 7.0, 34.5, 12.0 ] },
														"up": { "texture": "#skin", "uv": [ 34.5, 5.5, 38.0, 7.0 ], "rotation": 270 },
														"down": { "texture": "#skin", "uv": [ 34.5, 12.0, 38.0, 13.5 ], "rotation": 270 }
													}
												}
											]
										},
										{
											"name": "L Shoulder",
											"from": [ -0.5, 2.0, 8.2 ],
											"to": [ 3.6, 10.5, 10.2 ],
											"unwrapMode": 3,
											"uv": [ 42.5, 1.0 ],
											"rotationOrigin": [ 0.6, 7.5, 8.8 ],
											"rotationX": 2.0,
											"rotationZ": -8.0,
											"faces": {
												"north": { "texture": "#skin", "uv": [ 50.5, 3.0, 54.5, 11.5 ] },
												"east": { "texture": "#skin", "uv": [ 48.5, 3.0, 50.5, 11.5 ] },
												"south": { "texture": "#skin", "uv": [ 44.5, 3.0, 48.5, 11.5 ] },
												"west": { "texture": "#skin", "uv": [ 42.5, 3.0, 44.5, 11.5 ] },
												"up": { "texture": "#skin", "uv": [ 44.5, 1.0, 48.5, 3.0 ] },
												"down": { "texture": "#skin", "uv": [ 44.5, 11.5, 48.5, 13.5 ], "rotation": 180 }
											},
											"children": [
												{
													"name": "L ArmUp",
													"from": [ 0.2, -0.1, 0.2 ],
													"to": [ 5.9, 2.9, 2.0 ],
													"unwrapMode": 3,
													"uv": [ 41.5, 14.0 ],
													"rotationOrigin": [ 0.7, 0.7, 0.3 ],
													"rotationY": -0.5,
													"rotationZ": -10.0,
													"faces": {
														"north": { "texture": "#skin", "uv": [ 50.0, 15.5, 55.5, 18.5 ] },
														"east": { "texture": "#skin", "uv": [ 48.5, 15.5, 50.0, 18.5 ] },
														"south": { "texture": "#skin", "uv": [ 43.0, 15.5, 48.5, 18.5 ] },
														"west": { "texture": "#skin", "uv": [ 41.5, 15.5, 43.0, 18.5 ] },
														"up": { "texture": "#skin", "uv": [ 43.0, 14.0, 48.5, 15.5 ], "windMode": [-1,-1,-1,-1] },
														"down": { "texture": "#skin", "uv": [ 43.0, 18.5, 48.5, 20.0 ], "rotation": 180 }
													},
													"children": [
														{
															"name": "L ArmMid",
															"from": [ 3.4, -4.3, 0.1 ],
															"to": [ 6.2, 2.7, 1.7 ],
															"unwrapMode": 3,
															"uv": [ 44.5, 20.5 ],
															"rotationOrigin": [ 4.8, 2.0, 0.9 ],
															"rotationX": 2.0,
															"rotationY": 2.0,
															"rotationZ": -3.0,
															"faces": {
																"north": { "texture": "#skin", "uv": [ 50.0, 22.0, 52.5, 29.0 ] },
																"east": { "texture": "#skin", "uv": [ 48.5, 22.0, 50.0, 29.0 ] },
																"south": { "texture": "#skin", "uv": [ 46.0, 22.0, 48.5, 29.0 ] },
																"west": { "texture": "#skin", "uv": [ 44.5, 22.0, 46.0, 29.0 ] },
																"up": { "texture": "#skin", "uv": [ 46.0, 20.5, 48.5, 22.0 ] },
																"down": { "texture": "#skin", "uv": [ 46.0, 29.0, 48.5, 30.5 ], "rotation": 180 }
															},
															"children": [
																{
																	"name": "L ArmLow",
																	"from": [ 0.2, -4.3, 0.2 ],
																	"to": [ 2.0, 0.8, 1.4 ],
																	"unwrapMode": 3,
																	"uv": [ 45.0, 31.0 ],
																	"rotationOrigin": [ 1.1, 0.2, 0.8 ],
																	"rotationX": -2.0,
																	"rotationZ": 53.0,
																	"faces": {
																		"north": { "texture": "#skin", "uv": [ 48.5, 32.0, 50.0, 37.0 ] },
																		"east": { "texture": "#skin", "uv": [ 47.5, 32.0, 48.5, 37.0 ] },
																		"south": { "texture": "#skin", "uv": [ 46.0, 32.0, 47.5, 37.0 ] },
																		"west": { "texture": "#skin", "uv": [ 45.0, 32.0, 46.0, 37.0 ] },
																		"up": { "texture": "#skin", "uv": [ 46.0, 31.0, 47.5, 32.0 ] },
																		"down": { "texture": "#skin", "uv": [ 46.0, 37.0, 47.5, 38.0 ], "rotation": 180 }
																	},
																	"children": [
																		{
																			"name": "L Front Pastern",
																			"from": [ 0.2, -1.5, -0.2 ],
																			"to": [ 1.7, 0.8, 1.4 ],
																			"unwrapMode": 3,
																			"uv": [ 42.5, 37.5 ],
																			"rotationOrigin": [ 0.7, 0.7, 0.6 ],
																			"rotationX": -1.0,
																			"rotationZ": 55.0,
																			"faces": {
																				"north": { "texture": "#skin", "uv": [ 47.0, 39.0, 48.5, 41.0 ] },
																				"east": { "texture": "#skin", "uv": [ 45.5, 39.0, 47.0, 41.0 ] },
																				"south": { "texture": "#skin", "uv": [ 44.0, 39.0, 45.5, 41.0 ] },
																				"west": { "texture": "#skin", "uv": [ 42.5, 39.0, 44.0, 41.0 ] },
																				"up": { "texture": "#skin", "uv": [ 44.0, 37.5, 45.5, 39.0 ], "windMode": [-1,-1,-1,-1] },
																				"down": { "texture": "#skin", "uv": [ 44.0, 41.0, 45.5, 42.5 ], "rotation": 180 }
																			},
																			"children": [
																				{
																					"name": "L Front Hoof",
																					"from": [ 0.5, 0.7, 0.65 ],
																					"to": [ 0.5, 0.7, 0.65 ],
																					"uv": [ 0.0, 0.0 ],
																					"rotationOrigin": [ 0.5, 0.7, 0.65 ],
																					"rotationY": 1.0,
																					"rotationZ": 10.0,
																					"faces": {
																					},
																					"children": [
																						{
																							"name": "L Front Hoof2",
																							"from": [ -0.9, -1.1, -0.6 ],
																							"to": [ 0.6, -0.5, 0.9 ],
																							"unwrapMode": 5,
																							"uv": [ 70.0, 68.5 ],
																							"rotationOrigin": [ 0.2, -0.6, 0.2 ],
																							"faces": {
																								"north": { "texture": "#skin", "uv": [ 70.5, 68.5, 72.0, 69.0 ], "rotation": 180 },
																								"east": { "texture": "#skin", "uv": [ 72.0, 69.0, 72.5, 70.5 ], "rotation": 90 },
																								"south": { "texture": "#skin", "uv": [ 70.5, 70.5, 72.0, 71.0 ] },
																								"west": { "texture": "#skin", "uv": [ 70.0, 69.0, 70.5, 70.5 ], "rotation": 270 },
																								"up": { "texture": "#skin", "uv": [ 70.5, 69.0, 72.0, 70.5 ] },
																								"down": { "texture": "#skin", "uv": [ 72.5, 69.0, 74.0, 70.5 ] }
																							}
																						},
																						{
																							"name": "L Front Hoof1",
																							"from": [ -0.9, -1.1, -0.6 ],
																							"to": [ 0.6, -0.6, 0.9 ],
																							"unwrapMode": 5,
																							"uv": [ 70.0, 71.5 ],
																							"rotationOrigin": [ -0.9, -1.1, -0.6 ],
																							"rotationZ": 49.0,
																							"faces": {
																								"north": { "texture": "#skin", "uv": [ 70.5, 71.5, 72.0, 72.0 ], "rotation": 180 },
																								"east": { "texture": "#skin", "uv": [ 72.0, 72.0, 72.5, 73.5 ], "rotation": 90 },
																								"south": { "texture": "#skin", "uv": [ 70.5, 73.5, 72.0, 74.0 ] },
																								"west": { "texture": "#skin", "uv": [ 70.0, 72.0, 70.5, 73.5 ], "rotation": 270 },
																								"up": { "texture": "#skin", "uv": [ 70.5, 72.0, 72.0, 73.5 ] },
																								"down": { "texture": "#skin", "uv": [ 72.5, 72.0, 74.0, 73.5 ] }
																							}
																						}
																					]
																				}
																			]
																		}
																	]
																}
															]
														}
													]
												}
											]
										},
										{
											"name": "R Shoulder",
											"from": [ -0.5, 2.0, -0.7 ],
											"to": [ 3.6, 10.5, 1.3 ],
											"unwrapMode": 1,
											"uv": [ 57.5, 1.0 ],
											"rotationOrigin": [ 0.6, 7.5, 0.6 ],
											"rotationX": -2.0,
											"rotationZ": -8.0,
											"faces": {
												"north": { "texture": "#skin", "uv": [ 59.5, 3.0, 63.5, 11.5 ] },
												"east": { "texture": "#skin", "uv": [ 57.5, 3.0, 59.5, 11.5 ] },
												"south": { "texture": "#skin", "uv": [ 65.5, 3.0, 69.5, 11.5 ] },
												"west": { "texture": "#skin", "uv": [ 63.5, 3.0, 65.5, 11.5 ] },
												"up": { "texture": "#skin", "uv": [ 59.5, 1.0, 63.5, 3.0 ], "rotation": 180 },
												"down": { "texture": "#skin", "uv": [ 59.5, 11.5, 63.5, 13.5 ] }
											},
											"children": [
												{
													"name": "R ArmUp",
													"from": [ 0.2, -0.1, 0.0 ],
													"to": [ 5.9, 2.9, 1.8 ],
													"unwrapMode": 1,
													"uv": [ 56.5, 14.0 ],
													"rotationOrigin": [ 0.7, 0.7, 1.1 ],
													"rotationY": 0.5,
													"rotationZ": -10.0,
													"faces": {
														"north": { "texture": "#skin", "uv": [ 58.0, 15.5, 63.5, 18.5 ] },
														"east": { "texture": "#skin", "uv": [ 56.5, 15.5, 58.0, 18.5 ] },
														"south": { "texture": "#skin", "uv": [ 65.0, 15.5, 70.5, 18.5 ] },
														"west": { "texture": "#skin", "uv": [ 63.5, 15.5, 65.0, 18.5 ] },
														"up": { "texture": "#skin", "uv": [ 58.0, 14.0, 63.5, 15.5 ], "rotation": 180 },
														"down": { "texture": "#skin", "uv": [ 58.0, 18.5, 63.5, 20.0 ] }
													},
													"children": [
														{
															"name": "R ArmMid",
															"from": [ 3.4, -4.3, 0.1 ],
															"to": [ 6.2, 2.7, 1.7 ],
															"unwrapMode": 1,
															"uv": [ 59.5, 20.5 ],
															"rotationOrigin": [ 4.8, 2.0, 0.9 ],
															"rotationX": -2.0,
															"rotationY": -2.0,
															"rotationZ": -11.0,
															"faces": {
																"north": { "texture": "#skin", "uv": [ 61.0, 22.0, 63.5, 29.0 ] },
																"east": { "texture": "#skin", "uv": [ 59.5, 22.0, 61.0, 29.0 ] },
																"south": { "texture": "#skin", "uv": [ 65.0, 22.0, 67.5, 29.0 ] },
																"west": { "texture": "#skin", "uv": [ 63.5, 22.0, 65.0, 29.0 ] },
																"up": { "texture": "#skin", "uv": [ 61.0, 20.5, 63.5, 22.0 ], "rotation": 180 },
																"down": { "texture": "#skin", "uv": [ 61.0, 29.0, 63.5, 30.5 ] }
															},
															"children": [
																{
																	"name": "R ArmLow",
																	"from": [ 0.2, -4.3, 0.2 ],
																	"to": [ 2.0, 0.8, 1.4 ],
																	"unwrapMode": 1,
																	"uv": [ 60.0, 31.0 ],
																	"rotationOrigin": [ 1.1, 0.2, 0.8 ],
																	"rotationX": 2.0,
																	"rotationZ": 72.0,
																	"faces": {
																		"north": { "texture": "#skin", "uv": [ 61.0, 32.0, 62.5, 37.0 ] },
																		"east": { "texture": "#skin", "uv": [ 60.0, 32.0, 61.0, 37.0 ] },
																		"south": { "texture": "#skin", "uv": [ 63.5, 32.0, 65.0, 37.0 ] },
																		"west": { "texture": "#skin", "uv": [ 62.5, 32.0, 63.5, 37.0 ] },
																		"up": { "texture": "#skin", "uv": [ 61.0, 31.0, 62.5, 32.0 ], "rotation": 180 },
																		"down": { "texture": "#skin", "uv": [ 61.0, 37.0, 62.5, 38.0 ] }
																	},
																	"children": [
																		{
																			"name": "R Front Pastern",
																			"from": [ 0.2, -1.5, -0.2 ],
																			"to": [ 1.7, 0.8, 1.4 ],
																			"unwrapMode": 1,
																			"uv": [ 61.5, 37.5 ],
																			"rotationOrigin": [ 0.7, 0.7, 0.6 ],
																			"rotationX": 1.0,
																			"rotationZ": 58.0,
																			"faces": {
																				"north": { "texture": "#skin", "uv": [ 63.0, 39.0, 64.5, 41.0 ] },
																				"east": { "texture": "#skin", "uv": [ 61.5, 39.0, 63.0, 41.0 ] },
																				"south": { "texture": "#skin", "uv": [ 66.0, 39.0, 67.5, 41.0 ] },
																				"west": { "texture": "#skin", "uv": [ 64.5, 39.0, 66.0, 41.0 ] },
																				"up": { "texture": "#skin", "uv": [ 63.0, 37.5, 64.5, 39.0 ], "rotation": 180, "windMode": [-1,-1,-1,-1] },
																				"down": { "texture": "#skin", "uv": [ 63.0, 41.0, 64.5, 42.5 ] }
																			},
																			"children": [
																				{
																					"name": "R Front Hoof",
																					"from": [ 0.5, 0.7, 0.65 ],
																					"to": [ 0.5, 0.7, 0.65 ],
																					"uv": [ 0.0, 0.0 ],
																					"rotationOrigin": [ 0.5, 0.7, 0.65 ],
																					"rotationY": -1.0,
																					"rotationZ": 10.0,
																					"faces": {
																					},
																					"children": [
																						{
																							"name": "R Front Hoof2",
																							"from": [ -0.9, -1.1, -0.6 ],
																							"to": [ 0.6, -0.5, 0.9 ],
																							"unwrapMode": 5,
																							"uv": [ 70.0, 77.5 ],
																							"rotationOrigin": [ 0.2, -0.6, 0.2 ],
																							"faces": {
																								"north": { "texture": "#skin", "uv": [ 70.5, 77.5, 72.0, 78.0 ], "rotation": 180 },
																								"east": { "texture": "#skin", "uv": [ 72.0, 78.0, 72.5, 79.5 ], "rotation": 90 },
																								"south": { "texture": "#skin", "uv": [ 70.5, 79.5, 72.0, 80.0 ] },
																								"west": { "texture": "#skin", "uv": [ 70.0, 78.0, 70.5, 79.5 ], "rotation": 270 },
																								"up": { "texture": "#skin", "uv": [ 70.5, 78.0, 72.0, 79.5 ] },
																								"down": { "texture": "#skin", "uv": [ 72.5, 78.0, 74.0, 79.5 ] }
																							}
																						},
																						{
																							"name": "R Front Hoof1",
																							"from": [ -0.9, -1.1, -0.6 ],
																							"to": [ 0.6, -0.6, 0.9 ],
																							"unwrapMode": 5,
																							"uv": [ 70.0, 74.5 ],
																							"rotationOrigin": [ -0.9, -1.1, -0.6 ],
																							"rotationZ": 49.0,
																							"faces": {
																								"north": { "texture": "#skin", "uv": [ 70.5, 74.5, 72.0, 75.0 ], "rotation": 180 },
																								"east": { "texture": "#skin", "uv": [ 72.0, 75.0, 72.5, 76.5 ], "rotation": 90 },
																								"south": { "texture": "#skin", "uv": [ 70.5, 76.5, 72.0, 77.0 ] },
																								"west": { "texture": "#skin", "uv": [ 70.0, 75.0, 70.5, 76.5 ], "rotation": 270 },
																								"up": { "texture": "#skin", "uv": [ 70.5, 75.0, 72.0, 76.5 ] },
																								"down": { "texture": "#skin", "uv": [ 72.5, 75.0, 74.0, 76.5 ] }
																							}
																						}
																					]
																				}
																			]
																		}
																	]
																}
															]
														}
													]
												}
											]
										},
										{
											"name": "Hump",
											"from": [ 0.9, 11.5, 2.95 ],
											"to": [ 5.5, 12.6, 6.65 ],
											"unwrapMode": 7,
											"unwrapRotation": 1,
											"uv": [ 33.0, 14.0 ],
											"rotationOrigin": [ 0.9, 11.5, 2.9 ],
											"rotationZ": -10.0,
											"faces": {
												"north": { "texture": "#skin", "uv": [ 37.5, 15.0, 38.5, 19.5 ], "rotation": 90 },
												"south": { "texture": "#skin", "uv": [ 33.0, 15.0, 34.0, 19.5 ], "rotation": 270 },
												"west": { "texture": "#skin", "uv": [ 34.0, 14.0, 37.5, 15.0 ], "rotation": 180 },
												"up": { "texture": "#skin", "uv": [ 34.0, 15.0, 37.5, 19.5 ], "rotation": 270 }
											}
										}
									],
									"attachmentpoints": [
										{
											"code": "Center",
											"posX": "8.0","posY": "0.0","posZ": "4.0",
											"rotationX": "0.0","rotationY": "0.0","rotationZ": "0.0"
										}
									]
								}
							],
							"attachmentpoints": [
								{
									"code": "Rider",
									"posX": "3.0","posY": "11.0","posZ": "3.7",
									"rotationX": "0.0","rotationY": "-180.0","rotationZ": "0.0"
								}
							]
						},
						{
							"name": "Tail0",
							"from": [ 4.8, 7.1, 3.75 ],
							"to": [ 5.8, 10.4, 5.25 ],
							"unwrapMode": 2,
							"uv": [ 53.0, 19.5 ],
							"rotationOrigin": [ 5.7, 10.3, 4.5 ],
							"rotationZ": 80.0,
							"faces": {
								"north": { "texture": "#skin", "uv": [ 55.5, 20.5, 56.5, 23.5 ], "windMode": [-1,-1,-1,-1], "windData": [0,1,1,0] },
								"east": { "texture": "#skin", "uv": [ 54.0, 20.5, 55.5, 23.5 ], "windMode": [-1,-1,-1,-1], "windData": [0,1,1,0] },
								"south": { "texture": "#skin", "uv": [ 53.0, 20.5, 54.0, 23.5 ] },
								"west": { "texture": "#skin", "uv": [ 56.5, 20.5, 58.0, 23.5 ], "windMode": [-1,-1,-1,-1], "windData": [0,0,1,1] },
								"up": { "texture": "#skin", "uv": [ 54.0, 19.5, 55.5, 20.5 ], "rotation": 270, "windMode": [-1,-1,-1,-1], "windData": [1,1,1,1] },
								"down": { "texture": "#skin", "uv": [ 54.0, 23.5, 55.5, 24.5 ], "rotation": 270, "windMode": [-1,-1,-1,-1], "windData": [1,1,1,1] }
							},
							"children": [
								{
									"name": "Tail",
									"from": [ 0.0, -1.2, 0.0 ],
									"to": [ 1.0, 0.3, 1.5 ],
									"unwrapMode": 2,
									"uv": [ 54.0, 25.0 ],
									"rotationOrigin": [ 0.7, 0.2, 0.7 ],
									"rotationY": 0.5,
									"rotationZ": -20.0,
									"faces": {
										"north": { "texture": "#skin", "uv": [ 56.5, 26.0, 57.5, 27.5 ], "windMode": [-1,-1,-1,-1], "windData": [0,1,1,0] },
										"east": { "texture": "#skin", "uv": [ 55.0, 26.0, 56.5, 27.5 ], "windMode": [-1,-1,-1,-1], "windData": [0,1,1,0] },
										"south": { "texture": "#skin", "uv": [ 54.0, 26.0, 55.0, 27.5 ] },
										"west": { "texture": "#skin", "uv": [ 57.5, 26.0, 59.0, 27.5 ], "windMode": [-1,-1,-1,-1], "windData": [0,0,1,1] },
										"up": { "texture": "#skin", "uv": [ 55.0, 25.0, 56.5, 26.0 ], "rotation": 270, "windMode": [-1,-1,-1,-1], "windData": [1,1,1,1] },
										"down": { "texture": "#skin", "uv": [ 55.0, 27.5, 56.5, 28.5 ], "rotation": 270, "windMode": [-1,-1,-1,-1], "windData": [1,1,1,1] }
									},
									"children": [
										{
											"name": "Tail2",
											"from": [ -0.2, -0.8, 0.1 ],
											"to": [ 0.8, 0.4, 1.4 ],
											"unwrapMode": 2,
											"uv": [ 54.0, 29.0 ],
											"rotationOrigin": [ 0.3, -0.1, 0.75 ],
											"rotationY": -1.0,
											"rotationZ": -40.0,
											"faces": {
												"north": { "texture": "#skin", "uv": [ 56.0, 29.0, 57.0, 30.0 ], "windMode": [-1,-1,-1,-1], "windData": [0,1,1,0] },
												"east": { "texture": "#skin", "uv": [ 55.0, 29.0, 56.0, 30.0 ], "windMode": [-1,-1,-1,-1], "windData": [0,1,1,0] },
												"south": { "texture": "#skin", "uv": [ 54.0, 29.0, 55.0, 30.0 ] },
												"west": { "texture": "#skin", "uv": [ 57.0, 29.0, 58.0, 30.0 ], "windMode": [-1,-1,-1,-1], "windData": [0,0,1,1] },
												"down": { "texture": "#skin", "uv": [ 55.0, 30.0, 56.0, 31.0 ], "rotation": 270, "windMode": [-1,-1,-1,-1] }
											},
											"children": [
												{
													"name": "Tail3",
													"from": [ 0.0, -2.2, 0.1 ],
													"to": [ 1.0, 0.3, 1.2 ],
													"unwrapMode": 2,
													"uv": [ 50.5, 30.5 ],
													"rotationOrigin": [ 0.6, 0.0, 0.65 ],
													"rotationZ": -10.0,
													"faces": {
														"north": { "texture": "#skin", "uv": [ 52.5, 30.5, 53.5, 33.0 ], "windMode": [-1,-1,-1,-1], "windData": [0,1,1,0] },
														"east": { "texture": "#skin", "uv": [ 51.5, 30.5, 52.5, 33.0 ], "windMode": [-1,-1,-1,-1], "windData": [0,1,1,0] },
														"south": { "texture": "#skin", "uv": [ 50.5, 30.5, 51.5, 33.0 ] },
														"west": { "texture": "#skin", "uv": [ 53.5, 30.5, 54.5, 33.0 ], "windMode": [-1,-1,-1,-1], "windData": [0,0,1,1] },
														"down": { "texture": "#skin", "uv": [ 51.5, 33.0, 52.5, 34.0 ], "rotation": 270, "windMode": [-1,-1,-1,-1] }
													},
													"children": [
														{
															"name": "Tail4",
															"from": [ 0.0, -2.4, 0.05 ],
															"to": [ 1.0, 0.1, 1.05 ],
															"unwrapMode": 2,
															"uv": [ 53.0, 33.5 ],
															"rotationOrigin": [ 0.6, -0.1, 0.55 ],
															"rotationY": 1.0,
															"faces": {
																"north": { "texture": "#skin", "uv": [ 55.0, 33.5, 56.0, 36.0 ], "windMode": [-1,-1,-1,-1], "windData": [0,1,1,0] },
																"east": { "texture": "#skin", "uv": [ 54.0, 33.5, 55.0, 36.0 ], "windMode": [-1,-1,-1,-1], "windData": [0,1,1,0] },
																"south": { "texture": "#skin", "uv": [ 53.0, 33.5, 54.0, 36.0 ] },
																"west": { "texture": "#skin", "uv": [ 56.0, 33.5, 57.0, 36.0 ], "windMode": [-1,-1,-1,-1], "windData": [0,0,1,1] },
																"down": { "texture": "#skin", "uv": [ 54.0, 36.0, 55.0, 37.0 ], "rotation": 270, "windMode": [-1,-1,-1,-1] }
															},
															"children": [
																{
																	"name": "Tail5",
																	"from": [ -0.1, -0.9, -0.25 ],
																	"to": [ 1.0, 0.2, 1.25 ],
																	"unwrapMode": 2,
																	"uv": [ 51.0, 36.5 ],
																	"rotationOrigin": [ 0.5, 0.0, 0.5 ],
																	"rotationY": -1.0,
																	"rotationZ": -1.0,
																	"faces": {
																		"north": { "texture": "#skin", "uv": [ 53.5, 37.5, 54.5, 38.5 ], "windMode": [-1,-1,-1,-1], "windData": [0,1,1,0] },
																		"east": { "texture": "#skin", "uv": [ 52.0, 37.5, 53.5, 38.5 ], "windMode": [-1,-1,-1,-1], "windData": [0,1,1,0] },
																		"south": { "texture": "#skin", "uv": [ 51.0, 37.5, 52.0, 38.5 ] },
																		"west": { "texture": "#skin", "uv": [ 54.5, 37.5, 56.0, 38.5 ], "windMode": [-1,-1,-1,-1], "windData": [0,0,1,1] },
																		"up": { "texture": "#skin", "uv": [ 52.0, 36.5, 53.5, 37.5 ], "rotation": 270, "windMode": [-1,-1,-1,-1], "windData": [0,0,0,0] }
																	},
																	"children": [
																		{
																			"name": "Tail6",
																			"from": [ -0.2, -1.7, -0.05 ],
																			"to": [ 1.3, 0.6, 1.55 ],
																			"renderPass": 1,
																			"unwrapMode": 2,
																			"uv": [ 49.5, 39.0 ],
																			"rotationOrigin": [ 0.5, 0.0, 0.8 ],
																			"rotationZ": -1.0,
																			"faces": {
																				"north": { "texture": "#skin", "uv": [ 52.5, 40.5, 54.0, 42.5 ], "windMode": [-1,-1,-1,-1], "windData": [0,1,1,0] },
																				"east": { "texture": "#skin", "uv": [ 51.0, 40.5, 52.5, 42.5 ], "windMode": [-1,-1,-1,-1], "windData": [0,1,1,0] },
																				"south": { "texture": "#skin", "uv": [ 49.5, 40.5, 51.0, 42.5 ] },
																				"west": { "texture": "#skin", "uv": [ 54.0, 40.5, 55.5, 42.5 ], "windMode": [-1,-1,-1,-1], "windData": [0,0,1,1] },
																				"up": { "texture": "#skin", "uv": [ 51.0, 39.0, 52.5, 40.5 ], "rotation": 270, "windMode": [-1,-1,-1,-1], "windData": [1,1,1,1] }
																			},
																			"children": [
																				{
																					"name": "Tail7",
																					"from": [ 0.2, -1.7, 0.2 ],
																					"to": [ 1.3, 1.3, 1.4 ],
																					"renderPass": 1,
																					"unwrapMode": 2,
																					"uv": [ 56.5, 38.5 ],
																					"rotationOrigin": [ 0.7, 1.1, 0.8 ],
																					"rotationZ": -1.0,
																					"faces": {
																						"north": { "texture": "#skin", "uv": [ 58.5, 39.5, 59.5, 42.5 ], "windMode": [-1,-1,-1,-1], "windData": [0,1,1,0] },
																						"east": { "texture": "#skin", "uv": [ 57.5, 39.5, 58.5, 42.5 ], "windMode": [-1,-1,-1,-1], "windData": [0,1,1,0] },
																						"south": { "texture": "#skin", "uv": [ 56.5, 39.5, 57.5, 42.5 ] },
																						"west": { "texture": "#skin", "uv": [ 59.5, 39.5, 60.5, 42.5 ], "windMode": [-1,-1,-1,-1], "windData": [0,0,1,1] },
																						"up": { "texture": "#skin", "uv": [ 57.5, 38.5, 58.5, 39.5 ], "rotation": 270, "windMode": [-1,-1,-1,-1], "windData": [1,1,1,1] }
																					}
																				}
																			]
																		}
																	]
																}
															]
														}
													]
												}
											]
										}
									]
								}
							]
						}
					]
				}
			]
		}
	]}