﻿{
  "code": "sewingkit",
  "variantgroups": [{"code": "type", "states": ["armor"]}, {"code": "subtype", "states": ["sewing", "tailor"]}],
  "shape": {"base": "combatoverhaul:{type}-{subtype}-kit"},
  "behaviors": [{"name": "GroundStorable", "properties": {"layout": "Quadrants", "collisionBox": {"x1": 0, "y1": 0, "z1": 0, "x2": 1, "y2": 0.125, "z2": 1}}}],
  "attributes": {"clothingRepairStrength": 0.75, "displaycaseable": true, "shelvable": true},
  "creativeinventory": {"general": ["*"], "items": ["*"], "combatoverhaul": ["*"]},
  "maxstacksize": 32,
  "materialDensity": 210,
  "guiTransform": {"rotation": {"x": -168, "y": 86, "z": -31}, "origin": {"x": 0.5, "y": 0.1, "z": 0.5}, "scale": 3.26},
  "fpHandTransform": {"translation": {"x": 0.05, "y": 0.1, "z": 0}, "rotation": {"x": 37, "y": 138, "z": -12}, "origin": {"x": 0.6, "y": 0.3, "z": 0.5}, "scale": 1.82},
  "tpHandTransform": {"translation": {"x": -1.4, "y": -0.9, "z": -0.75}, "rotation": {"x": -3, "y": 34, "z": -66}, "scale": 0.49},
  "groundTransform": {"translation": {"x": 0, "y": 0.25, "z": 0}, "rotation": {"x": 0, "y": 0, "z": 0}, "origin": {"x": 0.5, "y": 0.5, "z": 0.5299}, "scale": 2.19}
}