{
	"code": "bloomerybaseadvanced",
	"class": "BlockAdvBloomery",
	"entityClass": "BlockEntityAdvBloomery",
	"blockmaterial": "Ceramic",
	"behaviors": [
		{ "name": "Lockable" },
		{ "name": "HorizontalOrientable" }
	],
	"variantgroups": [
		{ "code": "side", "loadFromProperties": "abstract/horizontalorientation" }
	],
	"shapeByType": {
		"*-north": {
			"base": "gloomeclasses:block/clay/advancedbloomery/base",
			"rotateY": 0
		},
		"*-east": {
			"base": "gloomeclasses:block/clay/advancedbloomery/base",
			"rotateY": 270
		},
		"*-south": {
			"base": "gloomeclasses:block/clay/advancedbloomery/base",
			"rotateY": 180
		},
		"*-west": {
			"base": "gloomeclasses:block/clay/advancedbloomery/base",
			"rotateY": 90
		}
	},
	"attributes": {
		"reinforcable": true
	},
	"creativeinventory": {
		"general": [
			"*-north"
		],
		"construction": [
			"*-north"
		]
	},
	"replaceable": 400,
	"resistance": 3.5,
	"maxStackSize": 1,
	"lightAbsorption": 3,
	"sounds": {
		"walk": "game:walk/stone",
		"place": "game:block/ceramicplace",
		"byTool": {
			"Pickaxe": { "hit": "game:block/rock-hit-pickaxe", "break": "game:block/rock-break-pickaxe" }
		}
	},
	"collisionboxes": [
		{ "x1": 0, "y1": 0.25, "z1": 0, "x2": 1, "y2": 1, "z2": 1 },
		{ "x1": 0, "y1": 0, "z1": 0.25, "x2": 1, "y2": 0.25, "z2": 1, "rotateYByType": { "*-north": 180, "*-east": 90, "*-west": 270 } },
		{ "x1": 0, "y1": 0, "z1": 0, "x2": 0.375, "y2": 0.25, "z2": 0.25, "rotateYByType": { "*-north": 180, "*-east": 90, "*-west": 270 } },
		{ "x1": 0.625, "y1": 0, "z1": 0, "x2": 1, "y2": 0.25, "z2": 0.25, "rotateYByType": { "*-north": 180, "*-east": 90, "*-west": 270 } }
	],
	"selectionbox": { "x1": 0, "y1": 0, "z1": 0, "x2": 1, "y2": 1, "z2": 1 },
	"sideopaqueByType": {
		"*-north": { "down": false, "up": false, "horizontals": true, "north": false },
		"*-east": { "down": false, "up": false, "horizontals": true, "east": false },
		"*-south": { "down": false, "up": false, "horizontals": true, "south": false },
		"*-west": { "down": false, "up": false, "horizontals": true, "west": false }
	},
	"sidesolidByType": {
		"*-north": { "all": false, "east": true, "north": true, "west": true },
		"*-east": { "all": false, "north": true, "south": true, "east": true },
		"*-south": { "all": false, "east": true, "south": true, "west": true },
		"*-west": { "all": false, "west": true, "south": true, "north": true }
	},
	"drops": [
		{
			"type": "item",
			"code": "game:refractorybrick-fired-tier3",
			"quantity": { "avg": 8, "var": 0 }
		},
		{
			"type": "block",
			"code": "game:ingotmold-blue-fired",
			"quantity": { "avg": 4, "var": 0 }
		}
	],
	"guiTransform": {
		"rotation": { "x": -22.6, "y": 135, "z": 0 }
	}
}