{
	"code": "rawdecovessel",
	"classByType": {
		"*": "Block",
	},
	"heldTpIdleAnimation": "holdunderarm",
	"behaviorsByType": {
		"*": [
			{ "name": "GroundStorable" },
			{ "name": "Unplaceable", "__comment": "The ground storable obsoletes this being a block. Should be an item, but is kept a block for backwards compatibility" },
			{ "name": "RightClickPickup"} 
		]
	},
	"attributes": {
		"variantByGroup": "variant",
		"variantByGroupInventory": "variant",
		"onTongTransform": {
			"translation": { "x": -0.7, "y": -1.7, "z": -1 },
			"rotation": { "x": -2, "y": 1, "z": -81 },
			"scale": 0.7
		},
		"tempGlowMode": 1,
		"sitHeight": 0.75
	},
	"variantgroups": [
		{ "code": "variant", "states": ["ashforest", "chthonic", "copper", "earthen", "rain", "cowrie", "rime", "oxblood", "loam", "undergrowth", 
									"beehive", "harvest", "honeydew", "rutile", "seasalt", "springflowers", "volcanic", "cloisonne", "cornflower", "talik",
									"caveaurora", "collonade", "rattlesnake", "waves", "wintersea"
		  ] }
	],
	"creativeinventory": { "general": ["*"], "decorative": ["*"] },
  "shape": {
    "base": "game:block/clay/storagevessel"
  },
	"texturesByType": {
		"*": {
			"ceramic": { "base": "game:block/clay/ceramic" },
			"top": { "base": "gloomeclasses:block/clay/vesselraw/top/{variant}" },
			"sides": { "base": "gloomeclasses:block/clay/vesselraw/sides/{variant}" },
			"inside": { "base": "gloomeclasses:block/clay/vesselraw/inside/{variant}" },
		}
	},
	"blockmaterial": "Ceramic",
	"replaceable": 1000,
	"resistance": 0.8,
	"lightAbsorption": 0,
	"maxStackSize": 4,
	"sideAo": { "all": false },
	"sidesolid": {
		"all": false
	},
	"sideopaque": {
		"all": false
	},
	"collisionSelectionBox": { "x1": 0.125, "y1": 0, "z1": 0.125, "x2": 0.875, "y2": 1, "z2": 0.875 },
	"sounds": {
		"walk": "game:walk/stone",
		"break": "game:block/ceramicplace",
		"hit": "game:block/ceramichit",
		"place": "game:block/ceramicplace"
	},
	"combustiblePropsByType": {
		"*": {
			"meltingPoint": 600,
			"meltingDuration": 45,
			"smeltedRatio": 1,
			"smeltingType": "fire",
			"smeltedStack": {
				"type": "block",
				"code": "game:storagevessel-{variant}",
				"attributes": { "type": "normal" }
			},
			"requiresContainer": false
		}
	},
	"guiTransform": {
		"scale": 1.25
	},
	"tpHandTransform": {
		"translation": { "x": -1, "y": -0.5, "z": -0.5 },
		"rotation": { "x": 25, "y": -20, "z": -99 },
		"scale": 0.56
	}
}