{
	"code": "sled",
	"class": "EntityAgent",
	"tags": ["inanimate", "vehicle", "habitat-land"],
	"variantgroups": [
		{"code": "type","states": [ "basicsled"]},
		{
			"code": "wood",
			"states": [ "aged" ],
			"loadFromProperties": "game:block/wood"
		}
	],
	"skipVariants": [
	],
	"hitBoxSizeByType": { "*": { "x": 1, "y": 0.2}},	
	"collisionBoxSizeByType": { "*":{ "x": 1, "y": 0.1}},
	"canClimb": false,	
	"fallDamageMultiplier": 0,	
	"knockbackResistanceByType": {
		"*-sled*": 1},	
		"weightByType": {
		"*": 50
	},
	"eyeHeightByType": {
		"*": 1.7},
	"attributes": {
		"minGenerationToAllowHealing": 0,
		"tamedByType": { "*": true },
		"handbook": {
			"groupcode": "creaturegroup-sled"
		}
	},
	"behaviorConfigs": {
		"controlledphysics": { 
			"stepHeight": 1.2,
			"stepUpSpeed": 0.2
		},
		"floatupwhenstuck": { "onlyWhenDead": true },	
		"rideableaccessories": {
			"dropContentsOnDeath": false,
			"wearableSlotsByType": {"*":[		
				{"code": "Saddle-{type}","forCategoryCodes": ["cartgrip"],"attachmentPointcode": "MainGripAP","stepParentTo": {"": { "elementName": "MainGrip" }}},
				{"code": "FrontStorage","forCategoryCodes": ["cartseat", "basket", "lantern", "anvil", "metalpot"],"attachmentPointcode": "FrontStorageAP","stepParentTo": {"": { "elementName": "FrontStorage" }}},		
				{"code": "MidStorage","forCategoryCodes": ["cartseat","basket", "lantern", "anvil", "metalpot"],"attachmentPointcode": "MidStorageAP","stepParentTo": {"": { "elementName": "MidStorage" }}},	
				{"code": "BackStorage","forCategoryCodes": ["cartseat", "basket", "lantern", "anvil", "metalpot"],"attachmentPointcode": "BackStorageAP","stepParentTo": {"": { "elementName": "BackStorage" }}},
				{"code": "LeftStorage","forCategoryCodes": [],"attachmentPointcode": "LeftStorageAP","stepParentTo": {"": { "elementName": "LeftStorage" }}},
				{"code": "RightStorage","forCategoryCodes": [],"attachmentPointcode": "RightStorageAP","stepParentTo": {"": { "elementName": "RightStorage" }}},
				{"code": "Light1-{type}","forCategoryCodes": ["cartpostextra"],"attachmentPointcode": "Light1AP","stepParentTo": {"": { "elementName": "Light1" }}},	
				{"code": "Rider-{type}","forCategoryCodes": [],"attachmentPointcode": "RiderGripAP","stepParentTo": {"": { "elementName": "RiderGrip" }}}	
				]}
		},
		"selectionboxes": {
			"selectionBoxesByType": {"*":["MainGripAP","FrontStorageAP", "MidStorageAP","BackStorageAP","LeftStorageAP","RightStorageAP", "Light1AP", "RiderGripAP"]}
		},
			"gait":{
			"idleGait": "idle",
			"gaits":[
				{
					"code": "walkback",
					"yawMultiplier": 1,					
					"movespeed": 0.022,
					"backwards": true,
					"yawMultiplier": 1,
					"sound": "game:effect/gliding"
				},				
				{
					"code": "idle",
					"yawMultiplier": 1
				},				
				{
					"code": "walk",
					"yawMultiplier": 1,					
					"movespeed": 0.02,
					"yawMultiplier": 1,
					"sound": "game:effect/gliding"
				},				
				{
					"code": "sprint",
					"yawMultiplier": 1,					
					"movespeed": 0.05,
					"yawMultiplier": 1,
					"fallbackGaitCode": "idle",
					"sound": "game:effect/gliding"
				},				
				{
					"code": "jump",
					"yawMultiplier": 1,					
					"movespeed": 0.05,
					"yawMultiplier": 1,
					"sound": "game:effect/gliding"
				},				
				{
					"code": "swim",
					"yawMultiplier": 1,					
					"movespeed": 0.02,
					"yawMultiplier": 1,
					"sound": "wheeled/raft-moving"
				},				
				{
					"code": "swimback",
					"backwards": true,
					"yawMultiplier": 1,					
					"movespeed": 0.02,
					"yawMultiplier": 1,
					"fallbackGaitCode": "idle",
					"sound": "wheeled/raft-moving"
				},				
				{
					"code": "jog",
					"yawMultiplier": 1,					
					"movespeed": 0.035,
					"yawMultiplier": 1,
					"sound": "game:effect/gliding"
				},
			]},
		"rideable": {
			"interactMountAnySeat": false,
			"seats": [
				{ "apName": "Rider", "selectionBox": "RiderGripAP", "bodyYawLimit": 0.3, "controllable": true,				
					"mountOffsetByType": { "*": {"x":-0.9,"y":-1.4,"z":0} } }
			],
			"rideableGaitOrder": ["walkback", "idle", "walk", "jog", "sprint"],
			"controls": {
				"idle": {
					"weight": 10,
					"riderAnim": {
						"animation": "pushsled-idle",
						"animationSpeed": 0.00000001,
						"weight": 1,
						"withFpVariant": true,
						"blendMode": "average"
					}
				},
				"walk": {
					"animation": "walk",
					"moveSpeedMultiplier": 1,
					"weight": 20,
					"blendMode": "average",
					"riderAnim": {
						"animation": "pushsled-walk",
						"animationSpeed": 1.3,
						"weight": 1,
						"withFpVariant": true,
						"blendMode": "average"
					}
				},
				"jog": {
					"animation": "jog",
					"moveSpeedMultiplier": 1,
					"weight": 20,
					"blendMode": "average",
					"riderAnim": {
						"animation": "pushsled-jog",
						"animationSpeed": 1.7,
						"weight": 1,
						"withFpVariant": true,
						"blendMode": "average"
					}
				},
				"sprint": {
					"animation": "sprint",
					"moveSpeedMultiplier": 1,
					"weight": 10,
					"blendMode": "average",
					"riderAnim": {
						"animation": "pushsled-sprint",
						"animationSpeed": 1.5,
						"weight": 1.6,
						"withFpVariant": true,
						"blendMode": "average"
					}
				},
				"walkback": {
					"animation": "walk",
					"moveSpeedMultiplier": 1,
					"weight": 20,
					"blendMode": "average",
					"riderAnim": {
						"animation": "pushsled-walkback",
						"animationSpeed": 1.5,
						"weight": 1,
						"withFpVariant": true,
						"blendMode": "average"
					}
				},
				"jump": {
					"animation": "walk",
					"moveSpeedMultiplier": 1,
					"weight": 50,
					"blendMode": "average",
					"riderAnim": {
						"animation": "jump",
						"animationSpeed": 1,
						"weight": 1,
						"withFpVariant": true,
						"blendMode": "average"
					}
				},
				"swim": {
					"animation": "walk",
					"animationSpeed": 0.5,
					"moveSpeedMultiplier": 1,
					"weight": 10,
					"blendMode": "average",
					"riderAnim": {
						"animation": "pushsled-walk",
						"animationSpeed": 0.5,
						"weight": 1,
						"withFpVariant": true,
						"blendMode": "average"
					}
				},
				"swimback": {
					"animation": "walk",
					"animationSpeed": 0.5,
					"moveSpeedMultiplier": 1,
					"weight": 10,
					"blendMode": "average",
					"riderAnim": {
						"animation": "pushsled-walk",
						"animationSpeed": 0.5,
						"weight": 1,
						"withFpVariant": true,
						"blendMode": "average"
					}
				}


			}			
		},
		"health": {
			"currenthealthByType": {
					"*": 90
			},
			"maxhealthByType": {
					"*": 90
			}
		},
		"ownable": {
			"groupCode": "sled"
		}
	},
	"drops": [],
	"client": {
		"PitchStep": false,
		"renderer": "Shape",
		"shapeByType": {
			"*": { "base": "entity/nonliving/sled" }
		},
	"texturesByType": {
		"*": {
		"oak": { "base": "game:block/wood/bark/{wood}"},
		"oak-h": { "base": "game:block/wood/bark/{wood}-h"},
		"oak1": { "base": "game:block/wood/debarked/{wood}"}
	}				
	},
		"sizeByType": {
			"*": 1
		},
		"behaviors": [
			{"code": "repulseagents", "movable":  false },
			{ "code": "mortallywoundable"},
			{"code": "controlledphysics","stepHeight": 1.2},
			{ "code": "interpolateposition" },
			{ "code": "harvestable" },
			{ "code": "health" },
			{ "code": "selectionboxes", "enabledByType": { "*": true},"minGeneration": 0 },
			{ "code": "ownable", "enabledByType": { "*": true},"minGeneration": 0 },
			{ "code": "rideableaccessories", "enabledByType": { "*": true},"minGeneration": 0 },
			{ "code": "gait" },
			{ "code": "rideable", "enabledByType": {"*": true},"minGeneration": 0 },
			{
				"code": "ropetieable",
				"enabledByType": { "*": false }
			}
		],
		"animations": [
			{"code": "idle","animation": "idle","animationSpeed": 0.5,"blendMode": "addAverage","easeOutSpeed": 4,"triggeredBy": { "defaultAnim": true }},
			{"code": "fly","animation": "walk","animationSpeed": 2.2,"weight": 10,"blendMode": "addAverage"},
			{"code": "walk","animation": "walk","easeInSpeed": 10,"supressDefaultAnimation": true,"blendMode": "average"},
			{"code": "jog","animation": "jog","easeInSpeed": 10,"supressDefaultAnimation": true,"blendMode": "average"},
			{"code": "sprint","animation": "walk","easeInSpeed": 0.1,"easeOutSpeed": 0.5,"blendMode": "average"},
			{"code": "walkback","animation": "walk","easeInSpeed": 20,"easeOutSpeed": 20,"weight": 5,"blendMode": "average"},
			{"code": "jump","animation": "walk","supressDefaultAnimation": true,"blendMode": "average"},
			{"code": "sleep","animation": "idle","easeInSpeed": 2,"easeOutSpeed": 2,"weight": 5,"blendMode": "average"}

		
		]
	},
	"server": {
		"attributes": {
			"pathfinder": {
				"minTurnAnglePerSec": 0,
				"maxTurnAnglePerSecByType": { "*": 720}
			}
		},
		"behaviors": [
			{ "code": "mortallywoundable", "whenBelowHealth": 10 },
								{
						"code": "deaddecay",
						"hoursToDecay": 48,
									"decayedBlockByType": {
										"*": "cartwrightscaravan:cartcarcass-{type}-{wood}"
									}

					},
					{
						"code": "harvestable",
						"drops": [
						]
					},
			{ "code": "selectionboxes", "enabledByType": { "*": true},"minGeneration": 0 },
			{ "code": "controlledphysics","stepHeight": 1.2},
			{ "code": "ownable", "enabledByType": { "*": true},"minGeneration": 0 },
			{ "code": "rideableaccessories", "enabledByType": { "*": true },"minGeneration": 0 },
			{ "code": "gait" },
			{ "code": "rideable", "enabledByType": { "*": true},"minGeneration": 0 },
			{ "code": "repulseagents", "movable":  false },			
			{"code": "health"},
			{
				"code": "taskai",
				"aiCreatureType": "LandCreature",
				"aitasks": [
					{
						"code": "cometoowner",
						"priority": 1,
						"animationSpeed": 1.35,
						"movespeed": 0.5,
						"__allowTeleport": true,
						"teleportMaxRange": 1000,
						"teleportAfterRange": 200,
						"teleportToRange": 25
					},
					{
						"code": "idle",
						"animation": "idle",
						"priority": 1.15,
						"minduration": 20,
						"maxduration": 800000,
						"mincooldown": 2000,
						"maxcooldown": 400000,
						"animationSpeed": 0.3,
						"duringDayTimeFramesByType": {
							"*": [
								{
									"fromHour": 1,
									"toHour": 24
								}
							]
						},
						"stopOnNearbyEntityCodes": [ "player" ],
						"stopRange": 5,
						"stopOnHurt": true
					}
				]
			},
			{
				"code": "ropetieable",
				"enabledByType": { "*": false }
			},
			{ "code": "entitystatetags" }

 ]},
	"sounds": {


	}
}