{
	"editor": {
		"backDropShape": "C:/Users/Jesus/Documents/VintageMod/MyShapes/CHARmod/dwarf-faceless",
		"allAngles": true,
		"entityTextureMode": true
	},
	"textureWidth": 64,
	"textureHeight": 64,
	"textureSizes": {
	},
	"textures": {
	},
	"elements": [
		{
			"name": "ArmorUpperLegR",
			"stepParentName": "UpperFootR",
			"from": [ -0.2, -0.5, -0.3 ],
			"to": [ 4.4, 4.0, 3.5 ],
			"autoUnwrap": false,
			"uv": [ 16.0, 33.0 ],
			"rotationOrigin": [ -0.2, -0.5, -0.3 ],
			"faces": {
				"north": { "texture": "#forlornhope-destroyed", "uv": [ 16.0, 33.0, 20.5, 37.5 ] },
				"east": { "texture": "#forlornhope-destroyed", "uv": [ 28.5, 33.0, 32.0, 37.5 ] },
				"south": { "texture": "#forlornhope-destroyed", "uv": [ 24.0, 33.0, 28.5, 37.5 ] },
				"west": { "texture": "#forlornhope-destroyed", "uv": [ 20.5, 33.0, 24.0, 37.5 ] },
				"up": { "texture": "#forlornhope-destroyed", "uv": [ 16.0, 29.5, 20.5, 33.0 ] },
				"down": { "texture": "#forlornhope-destroyed", "uv": [ 24.0, 29.5, 28.5, 33.0 ] }
			}
		},
		{
			"name": "ArmorUpperLegL",
			"stepParentName": "UpperFootL",
			"from": [ -0.2, 0.0, -0.3 ],
			"to": [ 4.4, 4.0, 3.5 ],
			"autoUnwrap": false,
			"uv": [ 0.0, 33.0 ],
			"rotationOrigin": [ -0.2, 0.0, -0.3 ],
			"faces": {
				"north": { "texture": "#forlornhope-destroyed", "uv": [ 0.0, 33.0, 4.5, 37.0 ] },
				"east": { "texture": "#forlornhope-destroyed", "uv": [ 12.5, 33.0, 16.0, 37.0 ] },
				"south": { "texture": "#forlornhope-destroyed", "uv": [ 8.0, 33.0, 12.5, 37.0 ] },
				"west": { "texture": "#forlornhope-destroyed", "uv": [ 4.5, 33.0, 8.0, 37.0 ] },
				"up": { "texture": "#forlornhope-destroyed", "uv": [ 0.0, 29.5, 4.5, 33.0 ] },
				"down": { "texture": "#forlornhope-destroyed", "uv": [ 8.0, 29.5, 12.5, 33.0 ] }
			}
		},
		{
			"name": "ArmorLowerLegR",
			"stepParentName": "LowerFootR",
			"from": [ -0.3, -0.2, -0.25 ],
			"to": [ 4.2, 6.3, 3.25 ],
			"autoUnwrap": false,
			"uv": [ 16.0, 44.0 ],
			"rotationOrigin": [ -0.3, -0.2, -0.4 ],
			"faces": {
				"north": { "texture": "#forlornhope-destroyed", "uv": [ 16.0, 45.0, 20.5, 51.5 ] },
				"east": { "texture": "#forlornhope-destroyed", "uv": [ 28.5, 45.0, 32.0, 51.5 ] },
				"south": { "texture": "#forlornhope-destroyed", "uv": [ 24.0, 45.0, 28.5, 51.5 ] },
				"west": { "texture": "#forlornhope-destroyed", "uv": [ 20.5, 45.0, 24.0, 51.5 ] },
				"up": { "texture": "#forlornhope-destroyed", "uv": [ 16.0, 41.5, 20.5, 45.0 ] },
				"down": { "texture": "#forlornhope-destroyed", "uv": [ 24.0, 41.5, 28.5, 45.0 ] }
			},
			"children": [
				{
					"name": "ArmorAnkleR",
					"stepParentName": "LowerFootR",
					"from": [ 1.7, 1.7, -0.4 ],
					"to": [ 4.7, 2.7, 3.4 ],
					"autoUnwrap": false,
					"uv": [ 3.0, 58.5 ],
					"rotationOrigin": [ 3.7, 2.7, 1.5 ],
					"rotationX": 8.0,
					"rotationZ": 22.5,
					"faces": {
						"north": { "texture": "#forlornhope-destroyed", "uv": [ 37.0, 24.0, 40.0, 25.0 ] },
						"east": { "texture": "#forlornhope-destroyed", "uv": [ 40.0, 24.0, 43.5, 25.0 ] },
						"south": { "texture": "#forlornhope-destroyed", "uv": [ 43.5, 24.0, 46.5, 25.0 ] },
						"west": { "texture": "#forlornhope-destroyed", "uv": [ 40.0, 25.0, 43.5, 26.0 ] },
						"up": { "texture": "#forlornhope-destroyed", "uv": [ 40.0, 21.0, 43.5, 24.0 ], "rotation": 90 },
						"down": { "texture": "#forlornhope-destroyed", "uv": [ 40.0, 21.0, 43.5, 24.0 ], "rotation": 270 }
					}
				},
				{
					"name": "ArmorKneeR",
					"from": [ -0.5, 4.0, 0.2 ],
					"to": [ 0.5, 7.0, 3.2 ],
					"autoUnwrap": false,
					"uv": [ 19.5, 56.0 ],
					"rotationOrigin": [ -0.5, 5.5, 1.7 ],
					"rotationX": 25.0,
					"rotationZ": 14.0,
					"faces": {
						"north": { "texture": "#forlornhope-destroyed", "uv": [ 20.0, 58.5, 21.0, 61.5 ] },
						"south": { "texture": "#forlornhope-destroyed", "uv": [ 24.0, 58.5, 25.0, 61.5 ] },
						"west": { "texture": "#forlornhope-destroyed", "uv": [ 21.0, 58.5, 24.0, 61.5 ] },
						"up": { "texture": "#forlornhope-destroyed", "uv": [ 21.0, 57.5, 24.0, 58.5 ], "rotation": 90 },
						"down": { "texture": "#forlornhope-destroyed", "uv": [ 21.0, 61.5, 24.0, 62.5 ], "rotation": 90 }
					}
				}
			]
		},
		{
			"name": "ArmorLowerLegL",
			"stepParentName": "LowerFootL",
			"from": [ -0.3, -0.2, -0.25 ],
			"to": [ 4.2, 5.3, 3.25 ],
			"autoUnwrap": false,
			"uv": [ 0.0, 44.0 ],
			"rotationOrigin": [ -0.3, -0.2, -0.4 ],
			"faces": {
				"north": { "texture": "#forlornhope-destroyed", "uv": [ 0.0, 46.0, 4.5, 51.5 ] },
				"east": { "texture": "#forlornhope-destroyed", "uv": [ 12.5, 46.0, 16.0, 51.5 ] },
				"south": { "texture": "#forlornhope-destroyed", "uv": [ 8.0, 46.0, 12.5, 51.5 ] },
				"west": { "texture": "#forlornhope-destroyed", "uv": [ 4.5, 46.0, 8.0, 51.5 ] },
				"up": { "texture": "#forlornhope-destroyed", "uv": [ 0.0, 41.5, 4.5, 45.0 ] },
				"down": { "texture": "#forlornhope-destroyed", "uv": [ 8.0, 41.5, 12.5, 45.0 ] }
			}
		}
	]}