﻿[
    // Macronaria
    {
        "side": "server",
        "file": "macronaria:entities/land/macronaria",
        "op": "add",
        "path": "/server/behaviors/-",
        "value": {
            "code": "EntityBleedingBehavior"
        }
    },
    {
        "side": "server",
        "file":  "macronaria:entities/land/macronaria",
        "op": "add",
        "path": "/client/behaviors/-",
        "value": {
            "code": "EntityBleedingBehaviorParticles"
        }
    }
]