{
    "code": "guandao",
    "class": "CombatOverhaul:MeleeWeapon",
    "behaviorsByType": {
        "*": [
            {
                "name": "GroundStorable",
                "properties": {
                    "layout": "WallHalves",
                    "wallOffY": 2,
                    "sprintKey": true,
                    "selectionBox": {
                        "x1": 0,
                        "y1": 0,
                        "z1": 0,
                        "x2": 1,
                        "y2": 0.1,
                        "z2": 1
                    },
                    "collisionBox": {
                        "x1": 0,
                        "y1": 0,
                        "z1": 0,
                        "x2": 0,
                        "y2": 0,
                        "z2": 0
                    }
                }
            }
        ]
    },
    "variantgroups": [
        {
            "code": "material",
            "states": [ "copper", "tinbronze", "bismuthbronze", "blackbronze", "iron", "meteoriciron", "steel" ]
        }
    ],
    "textures": {
        "steel": { "base": "mosin:tools/{material}" },
        "wood": { "base": "mosin:tools/wood" },
        "brass": { "base": "mosin:guard/copper" }
    },
    "shape": {
        "base": "mosin:shapes/guandao"
    },
    "tool": "halberd",
    "attributes": {
        "handbook": { "groupBy": [ "guandao-{material}" ] },
        "toolrackTransform": {
            "translation": {
                "x": 0.4,
                "y": 0,
                "z": 0.5
            },
            "rotation": {
                "x": -90,
                "y": 0,
                "z": -180
            }
        },
        "groundStorageTransform": {
            "translation": {
                "x": -0.35,
                "y": 0.54,
                "z": 0.07
            },
            "rotation": {
                "x": 15,
                "y": 0,
                "z": 90
            },
            "scale": 0.6
        },
        "ProficiencyStat": "oneHandedSwordsProficiency",
        "RenderingOffset": false,
        "OneHandedStance": {
            "CanAttack": false,
            "CanParry": false,
            "CanBlock": false,
            "CanSprint": true,
            "CanThrow": false,
            "SpeedPenalty": 0,
            "ReadyAnimation": "armory:halberd-idle-1h",
            "IdleAnimation": "armory:halberd-idle-1h"
        },
        "TwoHandedStance": {
            "CanAttack": true,
            "CanParry": false,
            "CanBlock": false,
            "CanSprint": true,
            "CanThrow": false,
            "SpeedPenalty": 0,
            "BlockCooldownMs": 750,
            "GripLengthFactor": 4,
            "GripMinLength": 0,
            "GripMaxLength": 20,
            "DirectionalAttacks": {
                "Top": {
                    "StopOnTerrainHit": true,
                    "StopOnEntityHit": false,
                    "CollideWithTerrain": true,
                    "HitOnlyOneEntity": false,
                    "MaxReach": 15,
                    "DamageTypes": [
                        {
                            "DamageByType": {
                                "*-copper": {
                                    "DamageType": "SlashingAttack",
                                    "Tier": 2,
                                    "Damage": 5.5
                                },
                                "*-*bronze": {
                                    "DamageType": "SlashingAttack",
                                    "Tier": 3,
                                    "Damage": 6
                                },
                                "*-iron": {
                                    "DamageType": "SlashingAttack",
                                    "Tier": 4,
                                    "Damage": 6.5
                                },
                                "*-meteoriciron": {
                                    "DamageType": "SlashingAttack",
                                    "Tier": 5,
                                    "Damage": 6.5
                                },
                                "*-steel": {
                                    "DamageType": "SlashingAttack",
                                    "Tier": 6,
                                    "Damage": 7
                                }
                            },
                            "Knockback": 0.5,
                            "DurabilityDamage": 1,
                            "Collider": [ -0.7, -0.27, 0.5, 1.2, -0.37, 0.5 ]
                        },
                        {
                            "DamageByType": {
                                "*-copper": {
                                    "DamageType": "SlashingAttack",
                                    "Tier": 2,
                                    "Damage": 5.5
                                },
                                "*-*bronze": {
                                    "DamageType": "SlashingAttack",
                                    "Tier": 3,
                                    "Damage": 6
                                },
                                "*-iron": {
                                    "DamageType": "SlashingAttack",
                                    "Tier": 4,
                                    "Damage": 6.5
                                },
                                "*-meteoriciron": {
                                    "DamageType": "SlashingAttack",
                                    "Tier": 5,
                                    "Damage": 6.5
                                },
                                "*-steel": {
                                    "DamageType": "SlashingAttack",
                                    "Tier": 6,
                                    "Damage": 7
                                }
                            },
                            "Knockback": 0.5,
                            "DurabilityDamage": 1,
                            "Collider": [ 0, 0, 0.5, 3.8, 0, 0.5 ]
                        }
                    ]
                },
                "Left": {
                    "StopOnTerrainHit": true,
                    "StopOnEntityHit": false,
                    "CollideWithTerrain": true,
                    "HitOnlyOneEntity": false,
                    "MaxReach": 15,
                    "DamageTypes": [
                        {
                            "DamageByType": {
                                "*-copper": {
                                    "DamageType": "SlashingAttack",
                                    "Tier": 2,
                                    "Damage": 5.5
                                },
                                "*-*bronze": {
                                    "DamageType": "SlashingAttack",
                                    "Tier": 3,
                                    "Damage": 6
                                },
                                "*-iron": {
                                    "DamageType": "SlashingAttack",
                                    "Tier": 4,
                                    "Damage": 6.5
                                },
                                "*-meteoriciron": {
                                    "DamageType": "SlashingAttack",
                                    "Tier": 5,
                                    "Damage": 6.5
                                },
                                "*-steel": {
                                    "DamageType": "SlashingAttack",
                                    "Tier": 6,
                                    "Damage": 7
                                }
                            },
                            "Knockback": 0.5,
                            "DurabilityDamage": 1,
                            "Collider": [ -0.4, -0.27, 0.5, 0.70000005, -0.37, 0.5 ]
                        },
                        {
                            "DamageByType": {
                                "*-copper": {
                                    "DamageType": "SlashingAttack",
                                    "Tier": 2,
                                    "Damage": 5.5
                                },
                                "*-*bronze": {
                                    "DamageType": "SlashingAttack",
                                    "Tier": 3,
                                    "Damage": 6
                                },
                                "*-iron": {
                                    "DamageType": "SlashingAttack",
                                    "Tier": 4,
                                    "Damage": 6.5
                                },
                                "*-meteoriciron": {
                                    "DamageType": "SlashingAttack",
                                    "Tier": 5,
                                    "Damage": 6.5
                                },
                                "*-steel": {
                                    "DamageType": "SlashingAttack",
                                    "Tier": 6,
                                    "Damage": 7
                                }
                            },
                            "Knockback": 0.5,
                            "DurabilityDamage": 1,
                            "Collider": [ 0, 0, 0.5, 3.8, 0, 0.5 ]
                        }
                    ]
                },
                "Right": {
                    "StopOnTerrainHit": true,
                    "StopOnEntityHit": false,
                    "CollideWithTerrain": true,
                    "HitOnlyOneEntity": false,
                    "MaxReach": 15,
                    "DamageTypes": [
                        {
                            "DamageByType": {
                                "*-copper": {
                                    "DamageType": "SlashingAttack",
                                    "Tier": 2,
                                    "Damage": 5.5
                                },
                                "*-*bronze": {
                                    "DamageType": "SlashingAttack",
                                    "Tier": 3,
                                    "Damage": 6
                                },
                                "*-iron": {
                                    "DamageType": "SlashingAttack",
                                    "Tier": 4,
                                    "Damage": 6.5
                                },
                                "*-meteoriciron": {
                                    "DamageType": "SlashingAttack",
                                    "Tier": 5,
                                    "Damage": 6.5
                                },
                                "*-steel": {
                                    "DamageType": "SlashingAttack",
                                    "Tier": 6,
                                    "Damage": 7
                                }
                            },
                            "Knockback": 0.5,
                            "DurabilityDamage": 1,
                            "Collider": [ -0.4, -0.27, 0.5, 0.70000005, -0.37, 0.5 ]
                        },
                        {
                            "DamageByType": {
                                "*-copper": {
                                    "DamageType": "SlashingAttack",
                                    "Tier": 2,
                                    "Damage": 5.5
                                },
                                "*-*bronze": {
                                    "DamageType": "SlashingAttack",
                                    "Tier": 3,
                                    "Damage": 6
                                },
                                "*-iron": {
                                    "DamageType": "SlashingAttack",
                                    "Tier": 4,
                                    "Damage": 6.5
                                },
                                "*-meteoriciron": {
                                    "DamageType": "SlashingAttack",
                                    "Tier": 5,
                                    "Damage": 6.5
                                },
                                "*-steel": {
                                    "DamageType": "SlashingAttack",
                                    "Tier": 6,
                                    "Damage": 7
                                }
                            },
                            "Knockback": 0.5,
                            "DurabilityDamage": 1,
                            "Collider": [ 0, 0, 0.5, 3.8, 0, 0.5 ]
                        }
                    ]
                },
                "Bottom": {
                    "StopOnTerrainHit": true,
                    "StopOnEntityHit": false,
                    "CollideWithTerrain": true,
                    "HitOnlyOneEntity": true,
                    "MaxReach": 15,
                    "DamageTypes": [
                        {
                            "DamageByType": {
                                "*-copper": {
                                    "DamageType": "PiercingAttack",
                                    "Tier": 2,
                                    "Damage": 5.5
                                },
                                "*-*bronze": {
                                    "DamageType": "PiercingAttack",
                                    "Tier": 3,
                                    "Damage": 6
                                },
                                "*-iron": {
                                    "DamageType": "PiercingAttack",
                                    "Tier": 4,
                                    "Damage": 6.5
                                },
                                "*-meteoriciron": {
                                    "DamageType": "PiercingAttack",
                                    "Tier": 5,
                                    "Damage": 6.5
                                },
                                "*-steel": {
                                    "DamageType": "PiercingAttack",
                                    "Tier": 6,
                                    "Damage": 7
                                }
                            },
                            "Knockback": 1,
                            "DurabilityDamage": 1,
                            "Collider": [ 0, 0, 0.5, 3.8, 0, 0.5 ]
                        },
                        {
                            "DamageByType": {
                                "*-copper": {
                                    "DamageType": "PiercingAttack",
                                    "Tier": 2,
                                    "Damage": 5.5
                                },
                                "*-*bronze": {
                                    "DamageType": "PiercingAttack",
                                    "Tier": 3,
                                    "Damage": 6
                                },
                                "*-iron": {
                                    "DamageType": "PiercingAttack",
                                    "Tier": 4,
                                    "Damage": 6.5
                                },
                                "*-meteoriciron": {
                                    "DamageType": "PiercingAttack",
                                    "Tier": 5,
                                    "Damage": 6.5
                                },
                                "*-steel": {
                                    "DamageType": "PiercingAttack",
                                    "Tier": 6,
                                    "Damage": 7
                                }
                            },
                            "Knockback": 2,
                            "DurabilityDamage": 1,
                            "Collider": [ 0, 0, 0.5, 0, 0, 0.5 ]
                        }
                    ]
                }
            },
            "HandleAttack": {
                "StopOnTerrainHit": true,
                "StopOnEntityHit": false,
                "CollideWithTerrain": true,
                "MaxReach": 9,
                "DamageTypes": [
                    {
                        "Damage": {
                            "DamageType": "BluntAttack",
                            "Tier": 0,
                            "Damage": 0
                        },
                        "Knockback": 0,
                        "DurabilityDamage": 0,
                        "Collider": [ -2.4, 0.1, 0.5, -0.5, 0.1, 0.5 ]
                    }
                ]
            },
            "HandleHitSound": "game:sounds/thud",
            "AttackDirectionsType": "Square",
            "AttackAnimation": {
                "Top": [ "armory:halberd-slash-2h-top" ],
                "Left": [ "armory:halberd-slash-2h-left" ],
                "Right": [ "armory:halberd-slash-2h-right" ],
                "Bottom": [ "armory:halberd-thrust-2h-bottom" ]
            },
            "TpAttackAnimation": {
                "Top": "combatoverhaul-falx-slash",
                "Left": "combatoverhaul-falx-slash",
                "Right": "combatoverhaul-falx-slash",
                "Bottom": "combatoverhaul-spear-hit"
            },
            "ReadyAnimation": "armory:halberd-ready-2h",
            "IdleAnimation": "armory:halberd-idle-1h",
            "AttackTpAnimation": "spearhit"
        }
    },
    "durabilitybytype": {
        "*-copper": 250,
        "*-tinbronze": 450,
        "*-bismuthbronze": 530,
        "*-blackbronze": 600,
        "*-iron": 850,
        "*-meteoriciron": 1100,
        "*-steel": 2125,
        "*": 150
    },
    "creativeinventory": {
        "general": [ "*" ],
        "mosins": [ "*" ]
    },
    "tpHandTransform": {
        "translation": {
            "x": 0,
            "y": 0.05,
            "z": 0.5
        },
        "rotation": {
            "x": 0,
            "y": 0,
            "z": 0
        },
        "origin": {
            "x": 0,
            "y": 0,
            "z": 0
        },
        "scale": 0.8
    },
    "guiTransform": {
        "translation": {
            "x": -50,
            "y": 27,
            "z": 0
        },
        "rotation": {
            "x": -180,
            "y": 0,
            "z": 45
        },
        "scale": 1.31
    }
}