﻿{
    "code": "rapier",
    "class": "CombatOverhaul:MeleeWeapon",
    "behaviorsByType": {
        "*-steel": [
            {
                "name": "GroundStorable",
                "properties": {
                    "layout": "WallHalves",
                    "wallOffY": 2,
                    "sprintKey": true,
                    "selectionBox": {
                        "x1": 0,
                        "y1": 0,
                        "z1": 0,
                        "x2": 1,
                        "y2": 0.1,
                        "z2": 1
                    },
                    "collisionBox": {
                        "x1": 0,
                        "y1": 0,
                        "z1": 0,
                        "x2": 0,
                        "y2": 0,
                        "z2": 0
                    }
                }
            }
        ],
        "*": [
            {
                "name": "GroundStorable",
                "properties": {
                    "layout": "WallHalves",
                    "wallOffY": 2,
                    "sprintKey": true,
                    "selectionBox": {
                        "x1": 0,
                        "y1": 0,
                        "z1": 0,
                        "x2": 1,
                        "y2": 0.1,
                        "z2": 1
                    },
                    "collisionBox": {
                        "x1": 0,
                        "y1": 0,
                        "z1": 0,
                        "x2": 0,
                        "y2": 0,
                        "z2": 0
                    }
                }
            }
        ]
    },
    "variantgroups": [
        {
            "code": "material",
            "states": [ "copper", "tinbronze", "bismuthbronze", "blackbronze", "iron", "meteoriciron", "steel" ]
        }
    ],
    "textures": {
        "blade": { "base": "mosin:tools/{material}" },
        "handle-wood": { "base": "mosin:tools/wood" },
        "handle-metallic": { "base": "mosin:guard/{material}" }
    },
    "shape": {
        "base": "mosin:shapes/rapier"
    },
    "tool": "sword",
    "attributes": {
        "handbook": { "groupBy": [ "rapier-{material}" ] },
        "toolrackTransform": {
            "translation": {
                "x": 0.4,
                "y": 0,
                "z": 0.5
            },
            "rotation": {
                "x": -90,
                "y": 0,
                "z": -180
            }
        },
        "groundStorageTransform": {
            "translation": {
                "x": -0.35,
                "y": -0.24,
                "z": 0.07
            },
            "rotation": {
                "x": 15,
                "y": 0,
                "z": 90
            },
            "scale": 0.6
        },
        "ProficiencyStat": "oneHandedSwordsProficiency",
        "RenderingOffset": false,
        "OneHandedStance": {
            "CanAttack": true,
            "CanParry": true,
            "CanBlock": false,
            "CanSprint": true,
            "Attack": {
                "StopOnTerrainHit": true,
                "StopOnEntityHit": true,
                "CollideWithTerrain": true,
                "MaxReach": 9,
                "DamageTypesByType": {
                    "*-copper": [
                        {
                            "Damage": {
                                "DamageType": "PiercingAttack",
                                "Strength": 2,
                                "Damage": 3.5
                            },
                            "Knockback": 1,
                            "DurabilityDamage": 1,
                            "Collider": [ 0.6, -0.3, 0.5, 2.7, 0.3, 0.5 ]
                        }
                    ],
                    "*-*bronze": [
                        {
                            "Damage": {
                                "DamageType": "PiercingAttack",
                                "Strength": 3,
                                "Damage": 4
                            },
                            "Knockback": 1,
                            "DurabilityDamage": 1,
                            "Collider": [ 0.6, -0.3, 0.5, 2.7, 0.3, 0.5 ]
                        }
                    ],
                    "*-iron": [
                        {
                            "Damage": {
                                "DamageType": "PiercingAttack",
                                "Strength": 4,
                                "Damage": 4.5
                            },
                            "Knockback": 1,
                            "DurabilityDamage": 1,
                            "Collider": [ 0.6, -0.3, 0.5, 2.7, 0.3, 0.5 ]
                        }
                    ],
                    "*-meteoriciron": [
                        {
                            "Damage": {
                                "DamageType": "PiercingAttack",
                                "Strength": 5,
                                "Damage": 4.5
                            },
                            "Knockback": 1,
                            "DurabilityDamage": 1,
                            "Collider": [ 0.6, -0.3, 0.5, 2.7, 0.3, 0.5 ]
                        }
                    ],
                    "*-steel": [
                        {
                            "Damage": {
                                "DamageType": "PiercingAttack",
                                "Strength": 6,
                                "Damage": 5
                            },
                            "Knockback": 1,
                            "DurabilityDamage": 1,
                            "Collider": [ 0.6, -0.3, 0.5, 2.7, 0.3, 0.5 ]
                        }
                    ]
                }
            },
            "AttackHitSound": "game:sounds/thud",
            "AttackAnimationByType": {
                "*-copper": { "Main": [ "armory:sword-short-thrust-1", "armory:sword-short-thrust-2", "armory:sword-short-thrust-3" ] },
                "*-*bronze": { "Main": [ "armory:sword-short-thrust-1", "armory:sword-short-thrust-2", "armory:sword-short-thrust-3" ] },
                "*-*iron": { "Main": [ "armory:sword-short-thrust-1", "armory:sword-short-thrust-2", "armory:sword-short-thrust-3" ] },
                "*-steel": { "Main": [ "armory:sword-short-thrust-4", "armory:sword-short-thrust-5", "armory:sword-short-thrust-6" ] }
            },
            "TpAttackAnimation": { "Main": "combatoverhaul-falx-slash" },
            "SpeedPenalty": 0,
            "BlockSpeedPenalty": 0,
            "Parry": {
                "Zones": [ "Head", "Face", "Neck", "Torso", "LeftArm", "RightArm", "LeftHand", "RightHand", "LeftLeg", "RightLeg", "LeftFoot", "RightFoot" ],
                "Directions": [ 90, 90, 90, 90 ],
                "Sound": "game:sounds/held/shieldblock-metal-heavy",
                "BlockTier": {
                    "BluntAttack": 9,
                    "SlashingAttack": 9,
                    "PiercingAttack": 9
                },
                "CanBlockProjectiles": false
            },
            "BlockCooldownMs": 300,
            "BlockAnimation": "armory:sword-short-parry",
            "ReadyAnimation": "armory:sword-short-ready",
            "IdleAnimation": "armory:sword-short-idle",
            "AttackTpAnimation": "falx"
        }
    },
    "durabilitybytype": {
        "*-copper": 250,
        "*-tinbronze": 450,
        "*-bismuthbronze": 530,
        "*-blackbronze": 600,
        "*-iron": 850,
        "*-meteoriciron": 1100,
        "*-steel": 2125,
        "*": 150
    },
    "creativeinventory": {
        "general": [ "*" ],
        "mosins": [ "*" ]
    },
    "tpHandTransform": {
        "translation": {
            "x": 0.33,
            "y": 0.05,
            "z": 0.5
        },
        "rotation": {
            "x": 0,
            "y": 0,
            "z": 0
        },
        "origin": {
            "x": 0,
            "y": 0,
            "z": 0
        },
        "scale": 0.6
    },
    "guiTransform": {
        "translation": {
            "x": -24,
            "y": -24,
            "z": 0
        },
        "rotation": {
            "x": -180,
            "y": 0,
            "z": 45
        },
        "scale": 2.16
    }
}