﻿{
  "code": "sword",
  "class": "CombatOverhaul:MeleeWeapon",
  "tags": ["weapon", "weapon-melee", "sword", "twohanded"],
  "behaviors": [
    {
      "name": "GroundStorable",
      "properties": {
        "layout": "WallHalves",
        "wallOffY": 2,
        "sprintKey": true,
        "selectionBox": {"x1": 0, "y1": 0, "z1": 0, "x2": 1, "y2": 0.1, "z2": 1},
        "collisionBox": {"x1": 0, "y1": 0, "z1": 0, "x2": 0, "y2": 0, "z2": 0}
      }
    },
    {
      "name": "CombatOverhaul:TexturesFromAttributes",
      "properties": {
        "Textures": [
          {
            "Code": "handle",
            "Attribute": "handleTexture",
            "Default": "game:block/leather/plain",
            "HandbookValues": [
              "game:block/leather/plain",
              "game:block/leather/black",
              "game:block/leather/blue",
              "game:block/leather/chromium",
              "game:block/leather/gray",
              "game:block/leather/green",
              "game:block/leather/orange",
              "game:block/leather/pink",
              "game:block/leather/purple",
              "game:block/leather/red",
              "game:block/leather/white",
              "game:block/leather/yellow"
            ]
          }
        ],
        "CreativeTabs": ["general", "armory-colors"]
      }
    }
  ],
  "variantgroups": [{"code": "handling", "states": ["great"]}, {"code": "type", "states": ["plain"]}, {"code": "material", "states": ["steel", "iron", "meteoriciron"]}],
  "damagedby": ["attacking"],
  "tool": "sword",
  "textures": {"blade": {"base": "game:block/metal/plate/{material}"}},
  "shapeByType": {
    "*-steel": {"base": "swords/sword-great-{type}"},
    "*-iron": {"base": "swords/sword-greatiron-{type}"},
    "*-meteoriciron": {"base": "swords/sword-greatiron-{type}"}
  },
  "attributes": {
    "handbook": {"groupBy": ["sword-great-{material}"]},
    "groundStorageTransform": {"translation": {"x": 0.4, "y": 0.35, "z": 0.04}, "rotation": {"x": 18, "y": 19, "z": 90}, "origin": {"x": 0, "y": 0, "z": 0}, "scale": 0.6},
    "toolrackTransform": {"translation": {"x": 1.2, "y": 0.1, "z": 0.5}, "rotation": {"x": 90, "y": 180, "z": 0}, "origin": {"x": 0, "y": 0, "z": 0}, "scale": 0.8},
    "ProficiencyStat": "twoHandedSwordsProficiency",
    "RenderingOffset": false,
    "OneHandedStance": {
      "CanAttack": false,
      "CanParry": false,
      "CanBlock": false,
      "CanSprint": true,
      "SpeedPenalty": 0,
      "ReadyAnimation": "armory:sword-great-ready-1h",
      "IdleAnimation": "armory:sword-great-idle-1h"
    },
    "TwoHandedStance": {
      "CanAttack": true,
      "CanParry": true,
      "CanBlock": true,
      "CanSprint": true,
      "CanBash": true,
      "Attack": {
        "StopOnTerrainHit": true,
        "StopOnEntityHit": true,
        "CollideWithTerrain": true,
        "MaxReach": 12,
        "DamageTypesByType": {
          "*-iron": [{"Damage": {"DamageType": "SlashingAttack", "Tier": 4, "Damage": 6.5}, "Knockback": 1, "DurabilityDamage": 1, "Collider": [0.5, 0, 0.5, 3.8, 0, 0.5]}],
          "*-meteoriciron": [{"Damage": {"DamageType": "SlashingAttack", "Tier": 5, "Damage": 6.5}, "Knockback": 1, "DurabilityDamage": 1, "Collider": [0.5, 0, 0.5, 3.8, 0, 0.5]}],
          "*-steel": [{"Damage": {"DamageType": "SlashingAttack", "Tier": 6, "Damage": 7}, "Knockback": 1, "DurabilityDamage": 1, "Collider": [0.5, 0, 0.5, 3.8, 0, 0.5]}]
        }
      },
      "AttackHitSound": "game:sounds/thud",
      "AttackDirectionsType": "Square",
      "AttackAnimationByType": {
        "*": {
          "Top": ["armory:sword-great-slash-2h-top"],
          "Left": ["armory:sword-great-slash-2h-left"],
          "Right": ["armory:sword-great-slash-2h-right"],
          "Bottom": ["armory:sword-great-thrust-2h-bottom"]
        }
      },
      "TpAttackAnimation": {"Top": "combatoverhaul-falx-slash", "Left": "combatoverhaul-falx-slash", "Right": "combatoverhaul-falx-slash", "Bottom": "combatoverhaul-falx-slash"},
      "SpeedPenalty": 0,
      "BlockSpeedPenalty": -0.05,
      "Parry": {
        "Zones": ["Head", "Face", "Neck", "Torso", "LeftArm", "RightArm", "LeftHand", "RightHand", "LeftLeg", "RightLeg", "LeftFoot", "RightFoot"],
        "Directions": [90, 90, 90, 90],
        "Sound": "game:sounds/held/shieldblock-metal-heavy",
        "BlockTier": {"BluntAttack": 9, "SlashingAttack": 9, "PiercingAttack": 9},
        "CanBlockProjectiles": false
      },
      "Block": {
        "Zones": ["Head", "Face", "Neck", "Torso", "LeftLeg", "RightLeg", "LeftFoot", "RightFoot"],
        "Directions": [60, 60, 60, 60],
        "Sound": "game:sounds/held/shieldblock-metal-light",
        "BlockTier": {"BluntAttack": 7, "SlashingAttack": 7, "PiercingAttack": 7},
        "CanBlockProjectiles": false
      },
      "BlockBash": {
        "StopOnTerrainHit": false,
        "StopOnEntityHit": true,
        "CollideWithTerrain": true,
        "MaxReach": 9,
        "DamageTypes": [
          {"DamageByType": {"*": {"DamageType": "SlashingAttack", "Tier": 6, "Damage": 6}}, "Knockback": 1, "DurabilityDamage": 1, "Collider": [0.5, 0, 0.5, 3.8, 0, 0.5]}
        ]
      },
      "BlockBashAnimation": {
        "Top": ["armory:sword-great-parry-thrust-2h"],
        "Left": ["armory:sword-great-parry-thrust-2h"],
        "Right": ["armory:sword-great-parry-thrust-2h"],
        "Bottom": ["armory:sword-great-parry-thrust-2h"]
      },
      "BlockCooldownMs": 300,
      "BlockAnimation": "armory:sword-great-parry-2h",
      "ReadyAnimation": "armory:sword-great-ready-2h",
      "IdleAnimation": "armory:sword-great-idle-2h"
    }
  },
  "durabilitybytype": {"*-copper": 250, "*-tinbronze": 450, "*-bismuthbronze": 530, "*-blackbronze": 600, "*-iron": 850, "*-meteoriciron": 1100, "*-steel": 2125, "*": 150},
  "creativeinventory": {"general": ["*"], "armory": ["*"]},
  "guiTransform": {
    "translation": {"x": 0, "y": 0, "z": 0},
    "rotation": {"x": 40, "y": 0, "z": -52},
    "origin": {"x": 0.8, "y": -0.25, "z": 0},
    "scaleXyz": {"x": -1.25, "y": 1.25, "z": 1.25}
  },
  "groundTransform": {"translation": {"x": 0, "y": 0, "z": 0}, "rotation": {"x": 0, "y": 0, "z": 0}, "origin": {"x": 0, "y": 0, "z": 0}, "scale": 4},
  "tpHandTransform": {"translation": {"x": 0.33, "y": 0.05, "z": 0.5}, "rotation": {"x": 0, "y": 0, "z": 0}, "origin": {"x": 0, "y": 0, "z": 0}, "scale": 0.6}
}