{
  "code": "antlerpipe",
  "class": "WearablePipe",
  "creativeinventory": { "general": [ "*" ] },
  "blockmaterial": "Bone",
  "shape": { "base": "pipeleaf:wearables/antlerpipe_scaled2" },
  // "heldTpIdleAnimation": "holdunderarm",
  "behaviors": [
    {
      "name": "GroundStorable",
      "properties": {
        "layout": "Quadrants",
        "collisionBox": {
          "x1": 0,
          "y1": 0,
          "z1": 0,
          "x2": 1,
          "y2": 0.125,
          "z2": 1
        }
      }
    }
  ],
  "textures": {
    "seraph": { "base": "game:block/transparent" }
  },
  "storageFlags": 128,

  "attributes": {
    "clothescategory": "face",
    "wearableAttachment": true,
    "handbook": {
      "include": true,
      "groupBy": [ "smokingpipe-briarburl-*" ],
      "extraSections": [
        {
          "title": "handbook:pipeleaf:intro",
          "text": "handbook:pipeleaf:using"
        },
        {
          "title": "handbook:pipeleaf:effects",
          "text": "handbook:pipeleaf:maintenance"
        }
      ]
    },
    "shelvable": true,
    "bookshelveable": true,
    "displaycaseable": true,
    "onshelfTransform": {
      "translation": {
        "x": -0,
        "y": -1.83,
        "z": -0.4
      },
      "rotation": {
        "x": 21,
        "y": -30,
        "z": -8
      },
      "scale": 1.28
    },
    "onDisplayTransform": {
      "translation": {
        "x": -0,
        "y": -1.7,
        "z": 0
      },
      "rotation": {
        "x": 2,
        "y": 17,
        "z": -11
      },
      "scale": 1.14
    },
    "groundStorageTransform": {
      "translation": {
        "x": 0,
        "y": -1.85,
        "z": -0.1
      },
      "rotation": {
        "x": 0,
        "y": -144,
        "z": -15
      },
      "scale": 1.22
    }
  },
  "groundTransform": {
    "translation": {
      "x": 0,
      "y": 0.08,
      "z": 0
    },
    "rotation": {
      "x": 90,
      "y": -91,
      "z": -11
    },
    "origin": {
      "x": 0.5,
      "y": 0.5,
      "z": 0.45
    },
    "scale": 5.49
  },
  "tpHandTransform": {
    "translation": {
      "x": 0.1,
      "y": -0.8,
      "z": -0.1
    },
    "rotation": {
      "x": 64,
      "y": -23,
      "z": -127
    },
    "scale": 0.75
  },
  "guiTransform": {
    "translation": {
      "x": -29.8,
      "y": 196.7,
      "z": 1
    },
    "rotation": {
      "x": -12,
      "y": 166,
      "z": -180
    },
    "origin": {
      "x": 0,
      "y": 0.1,
      "z": 0.5
    },
    "scale": 5.24
  }
}