{
  "code": "curedblend",
  "enabled": true,
  "creativeinventory": {
    "general": [ "*" ],
    "items": [ "*" ]
  },
  "materialDensity": 300,
  "maxstacksize": 64,
  "variantgroups": [
    {
      "loadFromProperties": "pipeleaf:item/blendable1"
    },
    {
      "loadFromProperties": "pipeleaf:item/blendable2"
    }
  ],
  "skipVariants": [ "*-pipeleaf-*", "*-*-pipeleaf", "curedblend-catmint-catmint", "curedblend-orangemallow-orangemallow", "curedblend-poisonoak-poisonoak", "curedblend-goldenpoppy-goldenpoppy", "curedblend-cornflower-cornflower", "curedblend-chamomile-chamomile", "curedblend-lavender-lavender", "curedblend-marjoram-marjoram", "curedblend-marshmallow-marshmallow", "curedblend-mint-mint", "curedblend-rosemary-rosemary", "curedblend-saffron-saffron", "curedblend-sage-sage", "curedblend-stingingnettle-stingingnettle", "curedblend-stjohnswort-stjohnswort", "curedblend-thyme-thyme", "curedblend-mugwort-mugwort", "curedblend-chicory-chicory", "curedblend-marigold-marigold", "curedblend-yarrow-yarrow", "curedblend-angelica-angelica", "curedblend-arnica-arnica", "curedblend-horehound-horehound", "curedblend-ginseng-ginseng" ],
  "textureByType": {
    "curedblend-*": { "base": "pipeleaf:item/smokable/cured" }
  },
  "grindingPropsByType": {
    "curedblend-*": {
      "GroundStack": {
        "type": "item",
        "stacksize": 1,
        "code": "pipeleaf:shagblend-{ingredient1}-{ingredient2}"
      }
    }
  },
  "transitionableProps": [
    {
      "type": "Perish",
      "freshHoursByType": {
        "*-cured": { "avg": 8640 },
        "*-shag": { "avg": 8640 },
        "*": { "avg": 336 }
      },
      "transitionHours": { "avg": 12 },
      "transitionedStack": {
        "type": "item",
        "code": "game:rot"
      },
      "transitionRatioByType": {
        "*": 1
      }
    }
  ],
  "nutritionProps": {
    "satiety": 15,
    "foodcategory": "Vegetable"
  }
}