{
  "code": "smokable",
  "enabled": true,
  "classByType": { "*-shag": "SmokableItem" },
  "creativeinventory": {
    "general": [ "*" ],
    "items": [ "*" ]
  },
  "materialDensity": 300,
  "maxstacksize": 64,
  "variantgroups": [
    {
      "loadFromProperties": "pipeleaf:item/smokables"
    },
    {
      "code": "type",
      "states": [ "cured", "shag" ]
    }
  ],
  "textureByType": {
    "smokable-*-cured": { "base": "pipeleaf:item/smokable/cured" },
    "smokable-*-shag": { "base": "pipeleaf:item/smokable/shag" }
  },
  "grindingPropsByType": {
    "smokable-*-cured": {
      "GroundStack": {
        "type": "item",
        "stacksize": 1,
        "code": "smokable-{smokables}-shag"
      }
    }
  },
  "attributesByType": {
    "smokable-weedbuds*-shag": {
      "smokableEffects": [
        {
          "type": "tiredness",
          "amount": 5,
          "cooldown": 0
        },
        {
          "type": "intoxication",
          "amount": 0.5,
          "cooldown": 0
        },
        {
          "type": "hungerrate",
          "amount": 0.25,
          "cooldown": 900
        },
        {
          "type": "temporalstability", // watchedAttribute, not a Stat 
          "amount": -0.2,
          "cooldown": 0 // natural environment wears down the buff so no need to remove buff manually
        }
      ],
      "handbook": {
        "groupBy": [ "smokable-*-shag" ],
        "extraSections": [
          {
            "title": "pipeleaf:handbook-item-effect",
            "text": "Stoned."
          }
        ]
      },
      "inFirePitProps": {
        "transform": {
          "scale": 0.37,
          "origin": {
            "x": 0.5,
            "y": 0.0625,
            "z": 0.5
          },
          "translation": {
            "x": 0.03125,
            "y": 0,
            "z": 0
          },
          "rotation": {
            "x": 0,
            "y": 45,
            "z": 0
          }
        },
        "useFirepitModel": "Spit"
      }
    },
    "smokable-catmint-shag": {
      "smokableEffects": [
        {
          "type": "temporalstability",
          "amount": -0.1,
          "cooldown": 0
        },
        {
          "type": "bodytemperature",
          "amount": 5,
          "cooldown": 0
        }
      ],
      "handbook": {
        "groupBy": [ "smokable-*-shag" ],
        "extraSections": [
          {
            "title": "pipeleaf:handbook-item-effect",
            "text": "Smoking Catmint may cause temporary insanity."
          }
        ]
      },
      "inFirePitProps": {
        "transform": {
          "scale": 0.37,
          "origin": {
            "x": 0.5,
            "y": 0.0625,
            "z": 0.5
          },
          "translation": {
            "x": 0.03125,
            "y": 0,
            "z": 0
          },
          "rotation": {
            "x": 0,
            "y": 45,
            "z": 0
          }
        },
        "useFirepitModel": "Spit"
      }
    },
    "smokable-goldenpoppy-shag": {
      "smokableEffects": [
        {
          "type": "tiredness",
          "amount": 5,
          "cooldown": 0
        }
      ],
      "handbook": {
        "groupBy": [ "smokable-*-shag" ],
        "extraSections": [
          {
            "title": "pipeleaf:handbook-item-effect",
            "text": "Smoking Golden Poppy will boost temporal stability and makes you sleepy."
          }
        ]
      },
      "inFirePitProps": {
        "transform": {
          "scale": 0.37,
          "origin": {
            "x": 0.5,
            "y": 0.0625,
            "z": 0.5
          },
          "translation": {
            "x": 0.03125,
            "y": 0,
            "z": 0
          },
          "rotation": {
            "x": 0,
            "y": 45,
            "z": 0
          }
        },
        "useFirepitModel": "Spit"
      }
    },
    "smokable-cornflower-shag": {
      "smokableEffects": [
        {
          "type": "bodytemperature",
          "amount": 5,
          "cooldown": 0
        },
        {
          "type": "temporalstability", // watchedAttribute, not a Stat 
          "amount": 0.40,
          "cooldown": 0 // natural environment wears down the buff so no need to remove buff manually
        }
      ],
      "handbook": {
        "groupBy": [ "smokable-*-shag" ],
        "extraSections": [
          {
            "title": "pipeleaf:handbook-item-effect",
            "text": "Smoking Cornflower Shag will make you feel warmer in the cold."
          }
        ]
      },
      "inFirePitProps": {
        "transform": {
          "scale": 0.37,
          "origin": {
            "x": 0.5,
            "y": 0.0625,
            "z": 0.5
          },
          "translation": {
            "x": 0.03125,
            "y": 0,
            "z": 0
          },
          "rotation": {
            "x": 0,
            "y": 45,
            "z": 0
          }
        },
        "useFirepitModel": "Spit"
      }
    },
    "smokable-orangemallow-shag": {
      "smokableEffects": [
        {
          "type": "intoxication",
          "amount": 0.15,
          "cooldown": 0
        },
        {
          "type": "hungerrate",
          "amount": -0.50,
          "cooldown": 900 // 15 minutes
        }
      ],
      "handbook": {
        "groupBy": [ "smokable-*-shag" ],
        "extraSections": [
          {
            "title": "pipeleaf:handbook-item-effect",
            "text": "Smoking Orange Mallow has a mild intoxicating effect and makes you less hungry."
          }
        ]
      },
      "inFirePitProps": {
        "transform": {
          "scale": 0.37,
          "origin": {
            "x": 0.5,
            "y": 0.0625,
            "z": 0.5
          },
          "translation": {
            "x": 0.03125,
            "y": 0,
            "z": 0
          },
          "rotation": {
            "x": 0,
            "y": 45,
            "z": 0
          }
        },
        "useFirepitModel": "Spit"
      }
    },
    "smokable-sage-shag": {
      "smokableEffects": [
        {
          "type": "temporalstability", // watchedAttribute, not a Stat 
          "amount": 0.40,
          "cooldown": 0 // natural environment wears down the buff so no need to remove buff manually
        },
        {
          "type": "intoxication",
          "amount": 0.5,
          "cooldown": 0
        }
      ],
      "handbook": {
        "groupBy": [ "smokable-*-shag" ],
        "extraSections": [
          {
            "title": "pipeleaf:handbook-item-effect",
            "text": "Smoking Sage has a heavy intoxicating effect, will boost temporal stability, and warms you in the cold."
          }
        ]
      },
      "inFirePitProps": {
        "transform": {
          "scale": 0.37,
          "origin": {
            "x": 0.5,
            "y": 0.0625,
            "z": 0.5
          },
          "translation": {
            "x": 0.03125,
            "y": 0,
            "z": 0
          },
          "rotation": {
            "x": 0,
            "y": 45,
            "z": 0
          }
        },
        "useFirepitModel": "Spit"
      }
    },
    "smokable-mugwort-shag": {
      "smokableEffects": [
        {
          "type": "intoxication",
          "amount": 0.02,
          "cooldown": 0
        },
        {
          "type": "bodytemperature", // behavior based, not a stat
          "amount": 5,
          "cooldown": 0 // body temp maxes out and reduces naturally
        }
      ],
      "handbook": {
        "groupBy": [ "smokable-*-shag" ],
        "extraSections": [
          {
            "title": "pipeleaf:handbook-item-effect",
            "text": "Smoking Mugwort has mild intoxicating effects and warms you in the cold."
          }
        ]
      },
      "inFirePitProps": {
        "transform": {
          "scale": 0.37,
          "origin": {
            "x": 0.5,
            "y": 0.0625,
            "z": 0.5
          },
          "translation": {
            "x": 0.03125,
            "y": 0,
            "z": 0
          },
          "rotation": {
            "x": 0,
            "y": 45,
            "z": 0
          }
        },
        "useFirepitModel": "Spit"
      }
    },
    "smokable-marshmallow-shag": {
      "smokableEffects": [
        {
          "type": "intoxication",
          "amount": 0.05,
          "cooldown": 0
        },
        {
          "type": "bodytemperature", // behavior based, not a stat
          "amount": 5,
          "cooldown": 0 // body temp maxes out and reduces naturally
        }
      ],
      "handbook": {
        "groupBy": [ "smokable-*-shag" ],
        "extraSections": [
          {
            "title": "pipeleaf:handbook-item-effect",
            "text": "Smoking Marshmallow has mild intoxicating effects and warms you in the cold."
          }
        ]
      },
      "inFirePitProps": {
        "transform": {
          "scale": 0.37,
          "origin": {
            "x": 0.5,
            "y": 0.0625,
            "z": 0.5
          },
          "translation": {
            "x": 0.03125,
            "y": 0,
            "z": 0
          },
          "rotation": {
            "x": 0,
            "y": 45,
            "z": 0
          }
        },
        "useFirepitModel": "Spit"
      }
    },
    "smokable-chamomile-shag": {
      "smokableEffects": [
        {
          "type": "tiredness",
          "amount": 4,
          "cooldown": 0
        },
        {
          "type": "bodytemperature", // behavior based, not a stat
          "amount": 5,
          "cooldown": 0 // body temp maxes out and reduces naturally
        }
      ],
      "handbook": {
        "groupBy": [ "smokable-*-shag" ],
        "extraSections": [
          {
            "title": "pipeleaf:handbook-item-effect",
            "text": "Smoking Chamomile makes you sleepy and warms you in the cold."
          }
        ]
      },
      "inFirePitProps": {
        "transform": {
          "scale": 0.37,
          "origin": {
            "x": 0.5,
            "y": 0.0625,
            "z": 0.5
          },
          "translation": {
            "x": 0.03125,
            "y": 0,
            "z": 0
          },
          "rotation": {
            "x": 0,
            "y": 45,
            "z": 0
          }
        },
        "useFirepitModel": "Spit"
      }
    },
    "smokable-marjoram-shag": {
      "smokableEffects": [
        {
          "type": "hungerrate",
          "amount": -0.50,
          "cooldown": 900 // 15 minutes
        },
        {
          "type": "tiredness",
          "amount": 4,
          "cooldown": 0
        }
      ],
      "handbook": {
        "groupBy": [ "smokable-*-shag" ],
        "extraSections": [
          {
            "title": "pipeleaf:handbook-item-effect",
            "text": "Smoking Majorum makes you sleepy and less hungry."
          }
        ]
      },
      "inFirePitProps": {
        "transform": {
          "scale": 0.37,
          "origin": {
            "x": 0.5,
            "y": 0.0625,
            "z": 0.5
          },
          "translation": {
            "x": 0.03125,
            "y": 0,
            "z": 0
          },
          "rotation": {
            "x": 0,
            "y": 45,
            "z": 0
          }
        },
        "useFirepitModel": "Spit"
      }
    },
    "smokable-lavender-shag": {
      "smokableEffects": [
        {
          "type": "tiredness",
          "amount": 4,
          "cooldown": 0
        }
      ],
      "handbook": {
        "groupBy": [ "smokable-*-shag" ],
        "extraSections": [
          {
            "title": "pipeleaf:handbook-item-effect",
            "text": "Smoking Lavendar makes you sleepy."
          }
        ]
      },
      "inFirePitProps": {
        "transform": {
          "scale": 0.37,
          "origin": {
            "x": 0.5,
            "y": 0.0625,
            "z": 0.5
          },
          "translation": {
            "x": 0.03125,
            "y": 0,
            "z": 0
          },
          "rotation": {
            "x": 0,
            "y": 45,
            "z": 0
          }
        },
        "useFirepitModel": "Spit"
      }
    },
    "smokable-saffron-shag": {
      "smokableEffects": [
        {
          "type": "intoxication",
          "amount": 0.1,
          "cooldown": 0
        },
        {
          "type": "bodytemperature", // behavior based, not a stat
          "amount": 5,
          "cooldown": 0 // body temp maxes out and reduces naturally
        }
      ],
      "handbook": {
        "groupBy": [ "smokable-*-shag" ],
        "extraSections": [
          {
            "title": "pipeleaf:handbook-item-effect",
            "text": "Smoking Saffron has mild intoxicating effects and warm you in the cold."
          }
        ]
      },
      "inFirePitProps": {
        "transform": {
          "scale": 0.37,
          "origin": {
            "x": 0.5,
            "y": 0.0625,
            "z": 0.5
          },
          "translation": {
            "x": 0.03125,
            "y": 0,
            "z": 0
          },
          "rotation": {
            "x": 0,
            "y": 45,
            "z": 0
          }
        },
        "useFirepitModel": "Spit"
      }
    },
    "smokable-thyme-shag": {
      "smokableEffects": [
        {
          "type": "temporalstability", // watchedAttribute, not a Stat 
          "amount": 0.40,
          "cooldown": 0 // natural environment wears down the buff so no need to remove buff manually
        },
        {
          "type": "bodytemperature", // behavior based, not a stat
          "amount": 5,
          "cooldown": 0 // body temp maxes out and reduces naturally
        }
      ],
      "handbook": {
        "groupBy": [ "smokable-*-shag" ],
        "extraSections": [
          {
            "title": "pipeleaf:handbook-item-effect",
            "text": "Smoking Thyme will boost temporal stability, and warms you in the cold."
          }
        ]
      },
      "inFirePitProps": {
        "transform": {
          "scale": 0.37,
          "origin": {
            "x": 0.5,
            "y": 0.0625,
            "z": 0.5
          },
          "translation": {
            "x": 0.03125,
            "y": 0,
            "z": 0
          },
          "rotation": {
            "x": 0,
            "y": 45,
            "z": 0
          }
        },
        "useFirepitModel": "Spit"
      }
    },
    "smokable-poisonoak-shag": {
      "smokableEffects": [
        {
          "type": "healthpoints",
          "amount": -5,
          "cooldown": 0
        },
        {
          "type": "temporalstability",
          "amount": -0.60,
          "cooldown": 0
        }
      ],
      "handbook": {
        "groupBy": [ "smokable-*-shag" ],
        "extraSections": [
          {
            "title": "pipeleaf:handbook-item-effect",
            "text": "Smoking Poison Oak sounds like a bad idea."
          }
        ]
      },
      "inFirePitProps": {
        "transform": {
          "scale": 0.37,
          "origin": {
            "x": 0.5,
            "y": 0.0625,
            "z": 0.5
          },
          "translation": {
            "x": 0.03125,
            "y": 0,
            "z": 0
          },
          "rotation": {
            "x": 0,
            "y": 45,
            "z": 0
          }
        },
        "useFirepitModel": "Spit"
      }
    },
    "smokable-*-shag": {
      "smokableEffects": [
        {
          "type": "bodytemperature",
          "amount": 5,
          "cooldown": 0
        }
      ],
      "handbook": {
        "groupBy": [ "smokable-*-shag" ],
        "extraSections": [
          {
            "title": "pipeleaf:handbook-item-effect",
            "text": "Smoking this will warm you in the cold."
          }
        ]
      },
      "inFirePitProps": {
        "transform": {
          "scale": 0.37,
          "origin": {
            "x": 0.5,
            "y": 0.0625,
            "z": 0.5
          },
          "translation": {
            "x": 0.03125,
            "y": 0,
            "z": 0
          },
          "rotation": {
            "x": 0,
            "y": 45,
            "z": 0
          }
        },
        "useFirepitModel": "Spit"
      }
    },
    "smokable-*-cured": {
      "mortarProperties": {
        "shapePath": "ancienttools:shapes/block/mortar/resourceshapes/resource_ancienttools_bark_pine",
        "texturePaths": [
          {
            "code": "base",
            "path": "pipeleaf:item/smokable/cured"
          }
        ],
        "groundStack": {
          "type": "item",
          "code": "pipeleaf:smokable-{smokables}-shag"
        },
        "resultQuantity": 1
      },
      "handbook": {
        "groupBy": [ "smokable-*-cured" ]
      },
      "inFirePitProps": {
        "transform": {
          "scale": 0.37,
          "origin": {
            "x": 0.5,
            "y": 0.0625,
            "z": 0.5
          },
          "translation": {
            "x": 0.03125,
            "y": 0,
            "z": 0
          },
          "rotation": {
            "x": 0,
            "y": 45,
            "z": 0
          }
        },
        "useFirepitModel": "Spit"
      }
    }
  },
  "transitionableProps": [
    {
      "type": "Perish",
      "freshHoursByType": {
        "*-cured": { "avg": 8640 },
        "*-shag": { "avg": 8640 },
        "*": { "avg": 336 }
      },
      "transitionHours": { "avg": 12 },
      "transitionedStack": {
        "type": "item",
        "code": "game:rot"
      },
      "transitionRatioByType": {
        "*": 1
      }
    }
  ],
  "nutritionProps": {
    "satiety": 15,
    "foodcategory": "Vegetable"
  }
}