{
  "type": "content",
  "modid": "tailorsdelight",
  "name": "Tailor's Delight",
  "description" : "New tools for tailors: awls, needles, spindles & rulers. Craft and decorate with cloth, thread, leather and hide.",
  "authors": [ "Tels", "Phiwa" ],
  "contributors": [ "Ashantin", "jjallie1", "Wailwolf", "Macoto Hino", "Gengaroshi", "DeanBro", "Morok", "Ruddi", "SkyTheSkunny" ],
  "version": "2.1.1",
  "dependencies": {
	"game": "1.21.0",
	"survival": "1.21.0",
	"em": "3.3.0"
  },
  "website": "https://gitlab.com/codesmiths/vs_tailors_delight"
}
