{
	"editor": {
		"allAngles": true,
		"entityTextureMode": true
	},
	"textureWidth": 52,
	"textureHeight": 60,
	"textureSizes": {
		"skin": [52,60]
	},
	"textures": {
	},
	"elements": [
		{
			"name": "Origin",
			"from": [ 8.0, 0.0, 8.0 ],
			"to": [ 8.0, 0.0, 8.0 ],
			"uv": [ 0.0, 0.0 ],
			"rotationOrigin": [ 8.0, 0.0, 8.0 ],
			"faces": {
			},
			"children": [
				{
					"name": "Rear",
					"from": [ 4.1, 8.0, -2.8 ],
					"to": [ 10.1, 15.7, 2.8 ],
					"unwrapMode": 7,
					"unwrapRotation": 1,
					"autoUnwrap": false,
					"uv": [ 2.5, 68.0 ],
					"rotationOrigin": [ 5.3, 12.9, 0.0 ],
					"rotationZ": -4.0,
					"faces": {
						"north": { "texture": "#skin", "uv": [ 15.0, 27.5, 22.5, 33.5 ], "rotation": 90 },
						"east": { "texture": "#skin", "uv": [ 9.5, 33.5, 15.0, 41.0 ] },
						"south": { "texture": "#skin", "uv": [ 2.0, 27.5, 9.5, 33.5 ], "rotation": 270 },
						"west": { "texture": "#skin", "uv": [ 3.0, 34.5, 8.5, 42.0 ] },
						"up": { "texture": "#skin", "uv": [ 9.5, 27.5, 15.0, 33.5 ], "rotation": 270 },
						"down": { "texture": "#skin", "uv": [ 22.5, 27.5, 28.0, 33.5 ], "rotation": 90 }
					},
					"children": [
						{
							"name": "L Haunch",
							"from": [ 2.8, 0.7, 4.4 ],
							"to": [ 6.5, 6.4, 6.4 ],
							"unwrapMode": 3,
							"uv": [ 28.5, 31.0 ],
							"rotationOrigin": [ 4.4, 5.4, 5.2 ],
							"rotationX": 6.0,
							"rotationY": 0.5,
							"rotationZ": -5.0,
							"faces": {
								"north": { "texture": "#skin", "uv": [ 36.0, 33.0, 39.5, 38.5 ] },
								"east": { "texture": "#skin", "uv": [ 34.0, 33.0, 36.0, 38.5 ] },
								"south": { "texture": "#skin", "uv": [ 30.5, 33.0, 34.0, 38.5 ] },
								"west": { "texture": "#skin", "uv": [ 28.5, 33.0, 30.5, 38.5 ] },
								"up": { "texture": "#skin", "uv": [ 30.5, 31.0, 34.0, 33.0 ], "windMode": [-1,-1,-1,-1], "windData": [0,0,1,1] },
								"down": { "texture": "#skin", "uv": [ 30.5, 38.5, 34.0, 40.5 ], "rotation": 180 }
							},
							"children": [
								{
									"name": "L LegUp",
									"from": [ 0.7, -3.7, 0.5 ],
									"to": [ 2.2, 1.4, 1.8 ],
									"unwrapMode": 3,
									"uv": [ 30.0, 41.0 ],
									"rotationOrigin": [ 1.4, 0.5, 1.2 ],
									"rotationZ": 40.0,
									"faces": {
										"north": { "texture": "#skin", "uv": [ 33.5, 42.0, 35.0, 47.0 ] },
										"east": { "texture": "#skin", "uv": [ 32.5, 42.0, 33.5, 47.0 ] },
										"south": { "texture": "#skin", "uv": [ 31.0, 42.0, 32.5, 47.0 ] },
										"west": { "texture": "#skin", "uv": [ 30.0, 42.0, 31.0, 47.0 ] },
										"up": { "texture": "#skin", "uv": [ 31.0, 41.0, 32.5, 42.0 ] },
										"down": { "texture": "#skin", "uv": [ 31.0, 47.0, 32.5, 48.0 ], "rotation": 180 }
									},
									"children": [
										{
											"name": "L LegLow",
											"from": [ 0.3, -4.4, 0.25 ],
											"to": [ 1.6, 0.6, 1.05 ],
											"unwrapMode": 3,
											"uv": [ 30.5, 48.5 ],
											"rotationOrigin": [ 1.0, 0.2, 0.65 ],
											"rotationX": -6.0,
											"rotationZ": -33.0,
											"faces": {
												"north": { "texture": "#skin", "uv": [ 32.5, 49.0, 33.5, 54.0 ] },
												"east": { "texture": "#skin", "uv": [ 32.0, 49.0, 32.5, 54.0 ] },
												"south": { "texture": "#skin", "uv": [ 31.0, 49.0, 32.0, 54.0 ] },
												"west": { "texture": "#skin", "uv": [ 30.5, 49.0, 31.0, 54.0 ] },
												"up": { "texture": "#skin", "uv": [ 31.0, 48.5, 32.0, 49.0 ] },
												"down": { "texture": "#skin", "uv": [ 31.0, 54.0, 32.0, 54.5 ], "rotation": 180, "windMode": [-1,-1,-1,-1] }
											},
											"children": [
												{
													"name": "L Hind Pastern",
													"from": [ 0.0, -1.1, -0.1 ],
													"to": [ 1.0, 0.6, 0.9 ],
													"unwrapMode": 3,
													"uv": [ 30.0, 55.0 ],
													"rotationOrigin": [ 0.3, 0.4, 0.4 ],
													"rotationY": 1.0,
													"rotationZ": -17.0,
													"faces": {
														"north": { "texture": "#skin", "uv": [ 33.0, 56.0, 34.0, 57.5 ] },
														"east": { "texture": "#skin", "uv": [ 32.0, 56.0, 33.0, 57.5 ] },
														"south": { "texture": "#skin", "uv": [ 31.0, 56.0, 32.0, 57.5 ] },
														"west": { "texture": "#skin", "uv": [ 30.0, 56.0, 31.0, 57.5 ] },
														"up": { "texture": "#skin", "uv": [ 31.0, 55.0, 32.0, 56.0 ], "windMode": [-1,-1,-1,-1] },
														"down": { "texture": "#skin", "uv": [ 31.0, 57.5, 32.0, 58.5 ], "rotation": 180 }
													},
													"children": [
														{
															"name": "L Hind Hoof",
															"from": [ 0.2, 0.4, 0.4 ],
															"to": [ 0.2, 0.4, 0.4 ],
															"uv": [ 0.0, 0.0 ],
															"rotationOrigin": [ 0.2, 0.4, 0.4 ],
															"rotationY": 1.0,
															"rotationZ": 18.0,
															"faces": {
															},
															"children": [
																{
																	"name": "L Hind Hoof2",
																	"from": [ -0.7, -0.7, -0.4 ],
																	"to": [ 0.3, -0.3, 0.6 ],
																	"unwrapMode": 5,
																	"uv": [ 47.5, 24.0 ],
																	"rotationOrigin": [ 0.2, -0.3, 0.2 ],
																	"faces": {
																		"north": { "texture": "#skin", "uv": [ 48.0, 24.0, 49.0, 24.5 ], "rotation": 180 },
																		"east": { "texture": "#skin", "uv": [ 49.0, 24.5, 49.5, 25.5 ], "rotation": 90 },
																		"south": { "texture": "#skin", "uv": [ 48.0, 25.5, 49.0, 26.0 ] },
																		"west": { "texture": "#skin", "uv": [ 47.5, 24.5, 48.0, 25.5 ], "rotation": 270 },
																		"up": { "texture": "#skin", "uv": [ 48.0, 24.5, 49.0, 25.5 ] },
																		"down": { "texture": "#skin", "uv": [ 49.5, 24.5, 50.5, 25.5 ] }
																	}
																},
																{
																	"name": "L Hind Hoof1",
																	"from": [ -0.7, -0.7, -0.4 ],
																	"to": [ 0.4, -0.3, 0.6 ],
																	"unwrapMode": 5,
																	"uv": [ 47.5, 21.5 ],
																	"rotationOrigin": [ -0.7, -0.7, -0.4 ],
																	"rotationZ": 40.0,
																	"faces": {
																		"north": { "texture": "#skin", "uv": [ 48.0, 21.5, 49.0, 22.0 ], "rotation": 180 },
																		"east": { "texture": "#skin", "uv": [ 49.0, 22.0, 49.5, 23.0 ], "rotation": 90 },
																		"south": { "texture": "#skin", "uv": [ 48.0, 23.0, 49.0, 23.5 ] },
																		"west": { "texture": "#skin", "uv": [ 47.5, 22.0, 48.0, 23.0 ], "rotation": 270 },
																		"up": { "texture": "#skin", "uv": [ 48.0, 22.0, 49.0, 23.0 ] },
																		"down": { "texture": "#skin", "uv": [ 49.5, 22.0, 50.5, 23.0 ] }
																	}
																}
															]
														}
													]
												}
											]
										},
										{
											"name": "L LegUp Taper",
											"from": [ 0.8, 0.0, 0.05 ],
											"to": [ 1.8, 4.7, 1.25 ],
											"unwrapMode": 2,
											"uv": [ 35.5, 42.0 ],
											"rotationOrigin": [ 1.5, 0.0, 0.0 ],
											"rotationZ": -11.0,
											"faces": {
												"north": { "texture": "#skin", "uv": [ 37.5, 42.0, 38.5, 46.5 ] },
												"east": { "texture": "#skin", "uv": [ 36.5, 42.0, 37.5, 46.5 ] },
												"south": { "texture": "#skin", "uv": [ 35.5, 42.0, 36.5, 46.5 ] },
												"down": { "texture": "#skin", "uv": [ 36.5, 46.5, 37.5, 47.5 ], "rotation": 270 }
											}
										}
									]
								}
							]
						},
						{
							"name": "R Haunch",
							"from": [ 2.8, 0.7, -0.7 ],
							"to": [ 6.5, 6.4, 1.3 ],
							"unwrapMode": 1,
							"uv": [ 40.5, 31.0 ],
							"rotationOrigin": [ 4.4, 5.4, 0.0 ],
							"rotationX": -6.0,
							"rotationY": -0.5,
							"rotationZ": -5.0,
							"faces": {
								"north": { "texture": "#skin", "uv": [ 42.5, 33.0, 46.0, 38.5 ] },
								"east": { "texture": "#skin", "uv": [ 40.5, 33.0, 42.5, 38.5 ] },
								"south": { "texture": "#skin", "uv": [ 48.0, 33.0, 51.5, 38.5 ] },
								"west": { "texture": "#skin", "uv": [ 46.0, 33.0, 48.0, 38.5 ] },
								"up": { "texture": "#skin", "uv": [ 42.5, 31.0, 46.0, 33.0 ], "rotation": 180 },
								"down": { "texture": "#skin", "uv": [ 42.5, 38.5, 46.0, 40.5 ] }
							},
							"children": [
								{
									"name": "R LegUp",
									"from": [ 0.7, -3.7, 0.2 ],
									"to": [ 2.2, 1.4, 1.5 ],
									"unwrapMode": 1,
									"uv": [ 42.0, 41.0 ],
									"rotationOrigin": [ 1.4, 0.5, 0.8 ],
									"rotationZ": 40.0,
									"faces": {
										"north": { "texture": "#skin", "uv": [ 43.0, 42.0, 44.5, 47.0 ] },
										"east": { "texture": "#skin", "uv": [ 42.0, 42.0, 43.0, 47.0 ] },
										"south": { "texture": "#skin", "uv": [ 45.5, 42.0, 47.0, 47.0 ] },
										"west": { "texture": "#skin", "uv": [ 44.5, 42.0, 45.5, 47.0 ] },
										"up": { "texture": "#skin", "uv": [ 43.0, 41.0, 44.5, 42.0 ], "rotation": 180 },
										"down": { "texture": "#skin", "uv": [ 43.0, 47.0, 44.5, 48.0 ] }
									},
									"children": [
										{
											"name": "R LegLow",
											"from": [ 0.3, -4.4, 0.25 ],
											"to": [ 1.6, 0.6, 1.05 ],
											"unwrapMode": 1,
											"uv": [ 42.5, 48.5 ],
											"rotationOrigin": [ 1.0, 0.2, 0.65 ],
											"rotationX": 6.0,
											"rotationZ": -33.0,
											"faces": {
												"north": { "texture": "#skin", "uv": [ 43.0, 49.0, 44.0, 54.0 ] },
												"east": { "texture": "#skin", "uv": [ 42.5, 49.0, 43.0, 54.0 ] },
												"south": { "texture": "#skin", "uv": [ 44.5, 49.0, 45.5, 54.0 ] },
												"west": { "texture": "#skin", "uv": [ 44.0, 49.0, 44.5, 54.0 ] },
												"up": { "texture": "#skin", "uv": [ 43.0, 48.5, 44.0, 49.0 ], "rotation": 180 },
												"down": { "texture": "#skin", "uv": [ 43.0, 54.0, 44.0, 54.5 ] }
											},
											"children": [
												{
													"name": "R Hind Pastern",
													"from": [ 0.0, -1.1, -0.1 ],
													"to": [ 1.0, 0.6, 0.9 ],
													"unwrapMode": 1,
													"uv": [ 42.0, 55.0 ],
													"rotationOrigin": [ 0.3, 0.4, 0.4 ],
													"rotationY": -1.0,
													"rotationZ": -17.0,
													"faces": {
														"north": { "texture": "#skin", "uv": [ 43.0, 56.0, 44.0, 57.5 ] },
														"east": { "texture": "#skin", "uv": [ 42.0, 56.0, 43.0, 57.5 ] },
														"south": { "texture": "#skin", "uv": [ 45.0, 56.0, 46.0, 57.5 ] },
														"west": { "texture": "#skin", "uv": [ 44.0, 56.0, 45.0, 57.5 ] },
														"up": { "texture": "#skin", "uv": [ 43.0, 55.0, 44.0, 56.0 ], "rotation": 180, "windMode": [-1,-1,-1,-1] },
														"down": { "texture": "#skin", "uv": [ 43.0, 57.5, 44.0, 58.5 ] }
													},
													"children": [
														{
															"name": "R Hind Hoof",
															"from": [ 0.2, 0.4, 0.4 ],
															"to": [ 0.2, 0.4, 0.4 ],
															"uv": [ 0.0, 0.0 ],
															"rotationOrigin": [ 0.2, 0.4, 0.4 ],
															"rotationY": -1.0,
															"rotationZ": 18.0,
															"faces": {
															},
															"children": [
																{
																	"name": "R Hind Hoof1",
																	"from": [ -0.7, -0.7, -0.4 ],
																	"to": [ 0.4, -0.3, 0.6 ],
																	"unwrapMode": 5,
																	"uv": [ 47.5, 26.5 ],
																	"rotationOrigin": [ -0.7, -0.7, -0.4 ],
																	"rotationZ": 40.0,
																	"faces": {
																		"north": { "texture": "#skin", "uv": [ 48.0, 26.5, 49.0, 27.0 ], "rotation": 180 },
																		"east": { "texture": "#skin", "uv": [ 49.0, 27.0, 49.5, 28.0 ], "rotation": 90 },
																		"south": { "texture": "#skin", "uv": [ 48.0, 28.0, 49.0, 28.5 ] },
																		"west": { "texture": "#skin", "uv": [ 47.5, 27.0, 48.0, 28.0 ], "rotation": 270 },
																		"up": { "texture": "#skin", "uv": [ 48.0, 27.0, 49.0, 28.0 ] },
																		"down": { "texture": "#skin", "uv": [ 49.5, 27.0, 50.5, 28.0 ] }
																	}
																},
																{
																	"name": "R Hind Hoof2",
																	"from": [ -0.7, -0.7, -0.4 ],
																	"to": [ 0.3, -0.3, 0.6 ],
																	"unwrapMode": 5,
																	"uv": [ 47.5, 29.0 ],
																	"rotationOrigin": [ 0.2, -0.3, 0.2 ],
																	"faces": {
																		"north": { "texture": "#skin", "uv": [ 48.0, 29.0, 49.0, 29.5 ], "rotation": 180 },
																		"east": { "texture": "#skin", "uv": [ 49.0, 29.5, 49.5, 30.5 ], "rotation": 90 },
																		"south": { "texture": "#skin", "uv": [ 48.0, 30.5, 49.0, 31.0 ] },
																		"west": { "texture": "#skin", "uv": [ 47.5, 29.5, 48.0, 30.5 ], "rotation": 270 },
																		"up": { "texture": "#skin", "uv": [ 48.0, 29.5, 49.0, 30.5 ] },
																		"down": { "texture": "#skin", "uv": [ 49.5, 29.5, 50.5, 30.5 ] }
																	}
																}
															]
														}
													]
												}
											]
										},
										{
											"name": "R LegUp Taper",
											"from": [ 0.8, 0.0, 0.05 ],
											"to": [ 1.8, 4.7, 1.25 ],
											"unwrapMode": 2,
											"uv": [ 47.5, 42.0 ],
											"rotationOrigin": [ 1.5, 0.0, 0.0 ],
											"rotationZ": -11.0,
											"faces": {
												"north": { "texture": "#skin", "uv": [ 49.5, 42.0, 50.5, 46.5 ] },
												"east": { "texture": "#skin", "uv": [ 48.5, 42.0, 49.5, 46.5 ] },
												"south": { "texture": "#skin", "uv": [ 47.5, 42.0, 48.5, 46.5 ] },
												"down": { "texture": "#skin", "uv": [ 48.5, 46.5, 49.5, 47.5 ], "rotation": 270 }
											}
										}
									]
								}
							]
						},
						{
							"name": "Midsection",
							"from": [ -3.4, -0.4, -0.1 ],
							"to": [ 1.6, 7.8, 5.7 ],
							"unwrapMode": 7,
							"unwrapRotation": 1,
							"autoUnwrap": false,
							"uv": [ 3.0, 57.5 ],
							"rotationOrigin": [ 0.7, 5.3, 2.8 ],
							"rotationZ": 3.0,
							"faces": {
								"north": { "texture": "#skin", "uv": [ 15.0, 22.0, 23.0, 27.0 ], "rotation": 90, "windMode": [-1,-1,-1,-1], "windData": [0,1,1,0] },
								"east": { "texture": "#skin", "uv": [ 22.0, 34.5, 27.5, 42.5 ], "windMode": [-1,-1,-1,-1], "windData": [0,1,1,0] },
								"south": { "texture": "#skin", "uv": [ 1.5, 22.0, 9.5, 27.0 ], "rotation": 270 },
								"west": { "texture": "#skin", "uv": [ 16.0, 34.5, 21.5, 42.5 ], "windMode": [-1,-1,-1,-1], "windData": [0,0,1,1] },
								"up": { "texture": "#skin", "uv": [ 9.5, 22.0, 15.0, 27.0 ], "rotation": 270 },
								"down": { "texture": "#skin", "uv": [ 23.0, 22.0, 28.5, 27.0 ], "rotation": 90 }
							},
							"children": [
								{
									"name": "Chest",
									"from": [ -5.6, -0.3, 0.1 ],
									"to": [ 0.9, 8.3, 5.7 ],
									"unwrapMode": 7,
									"unwrapRotation": 1,
									"autoUnwrap": false,
									"uv": [ 2.5, 46.0 ],
									"rotationOrigin": [ 0.2, 5.5, 2.9 ],
									"rotationZ": 2.0,
									"faces": {
										"north": { "texture": "#skin", "uv": [ 15.0, 15.0, 23.5, 21.5 ], "rotation": 90 },
										"east": { "texture": "#skin", "uv": [ 22.0, 43.5, 27.5, 52.0 ] },
										"south": { "texture": "#skin", "uv": [ 1.0, 15.0, 9.5, 21.5 ], "rotation": 270 },
										"west": { "texture": "#skin", "uv": [ 16.0, 43.5, 21.5, 52.0 ] },
										"up": { "texture": "#skin", "uv": [ 9.5, 15.0, 15.0, 21.5 ], "rotation": 270 },
										"down": { "texture": "#skin", "uv": [ 23.5, 15.0, 29.0, 21.5 ], "rotation": 90 }
									},
									"children": [
										{
											"name": "Neck",
											"from": [ -2.0, 8.1, 1.25 ],
											"to": [ 3.0, 13.5, 4.35 ],
											"unwrapMode": 2,
											"autoUnwrap": false,
											"uv": [ 5.5, 5.0 ],
											"rotationOrigin": [ 2.6, 8.1, 2.8 ],
											"rotationX": 20.0,
											"rotationY": 20.0,
											"rotationZ": 81.0,
											"faces": {
												"north": { "texture": "#skin", "uv": [ 14.0, 9.5, 19.0, 14.5 ], "windMode": [-1,-1,-1,-1], "windData": [0,0,1,0] },
												"east": { "texture": "#skin", "uv": [ 11.0, 9.5, 14.0, 14.5 ], "windMode": [-1,-1,-1,-1], "windData": [1,0,0,1] },
												"south": { "texture": "#skin", "uv": [ 6.0, 9.5, 11.0, 14.5 ] },
												"west": { "texture": "#skin", "uv": [ 19.0, 9.5, 22.0, 14.5 ] },
												"up": { "texture": "#skin", "uv": [ 2.0, 8.5, 5.0, 13.5 ], "rotation": 90 }
											},
											"children": [
												{
													"name": "Neck2",
													"from": [ 0.9297, 3.8, 0.4 ],
													"to": [ 5.1297, 8.0, 2.7 ],
													"unwrapMode": 2,
													"uv": [ 7.5, 1.0 ],
													"rotationOrigin": [ 3.2, 3.9, 1.55 ],
													"rotationX": 10.0,
													"rotationY": 30.0,
													"rotationZ": -14.0,
													"faces": {
														"north": { "texture": "#skin", "uv": [ 13.5, 5.0, 17.5, 9.0 ] },
														"east": { "texture": "#skin", "uv": [ 11.5, 5.0, 13.5, 9.0 ] },
														"south": { "texture": "#skin", "uv": [ 7.5, 5.0, 11.5, 9.0 ] },
														"west": { "texture": "#skin", "uv": [ 17.5, 5.0, 19.5, 9.0 ] },
														"up": { "texture": "#skin", "uv": [ 11.5, 1.0, 13.5, 5.0 ], "rotation": 270 }
													},
													"children": [
														{
															"name": "Head",
															"from": [ 2.5, 0.7, -0.35 ],
															"to": [ 4.4, 4.5, 2.65 ],
															"unwrapMode": 4,
															"uv": [ 6.0, 43.0 ],
															"rotationOrigin": [ 4.0, 4.3, 1.15 ],
															"rotationZ": -61.0,
															"faces": {
																"north": { "texture": "#skin", "uv": [ 6.0, 44.5, 7.5, 48.0 ] },
																"east": { "texture": "#skin", "uv": [ 12.0, 44.5, 15.0, 48.0 ] },
																"south": { "texture": "#skin", "uv": [ 10.5, 44.5, 12.0, 48.0 ] },
																"west": { "texture": "#skin", "uv": [ 7.5, 44.5, 10.5, 48.0 ] },
																"up": { "texture": "#skin", "uv": [ 7.5, 43.0, 10.5, 44.5 ], "rotation": 90 },
																"down": { "texture": "#skin", "uv": [ 7.5, 48.0, 10.5, 49.5 ], "rotation": 90 }
															},
															"children": [
																{
																	"name": "MouthUp",
																	"from": [ -3.4, 1.1, 0.5 ],
																	"to": [ 0.1, 1.9, 2.5 ],
																	"unwrapMode": 5,
																	"unwrapRotation": 1,
																	"uv": [ 6.0, 50.0 ],
																	"rotationOrigin": [ -1.1, 1.8, 1.5 ],
																	"rotationZ": 4.0,
																	"faces": {
																		"north": { "texture": "#skin", "uv": [ 6.0, 50.0, 6.5, 53.5 ], "rotation": 270 },
																		"south": { "texture": "#skin", "uv": [ 8.5, 50.0, 9.0, 53.5 ], "rotation": 90 },
																		"west": { "texture": "#skin", "uv": [ 6.5, 53.5, 8.5, 54.0 ] },
																		"up": { "texture": "#skin", "uv": [ 6.5, 50.0, 8.5, 53.5 ], "rotation": 90, "windMode": [-1,-1,-1,-1], "windData": [1,1,1,1] },
																		"down": { "texture": "#skin", "uv": [ 9.0, 50.0, 11.0, 53.5 ], "rotation": 270 }
																	},
																	"children": [
																		{
																			"name": "Nose",
																			"from": [ 0.7, -0.2, 0.1 ],
																			"to": [ 4.0, 1.4, 1.9 ],
																			"unwrapMode": 5,
																			"unwrapRotation": 1,
																			"uv": [ 12.0, 52.5 ],
																			"rotationOrigin": [ 0.7, 1.3, 0.5 ],
																			"rotationZ": 12.0,
																			"faces": {
																				"north": { "texture": "#skin", "uv": [ 12.0, 52.5, 13.5, 55.5 ], "rotation": 270, "windMode": [-1,-1,-1,-1], "windData": [1,1,1,1] },
																				"south": { "texture": "#skin", "uv": [ 15.0, 52.5, 16.5, 55.5 ], "rotation": 90 },
																				"west": { "texture": "#skin", "uv": [ 13.5, 55.5, 15.0, 57.0 ], "windMode": [-1,-1,-1,-1], "windData": [1,1,1,1] },
																				"up": { "texture": "#skin", "uv": [ 13.5, 52.5, 15.0, 55.5 ], "rotation": 90 }
																			},
																			"children": [
																				{
																					"name": "Snout",
																					"from": [ -1.1, 0.1, -0.11 ],
																					"to": [ 0.1, 1.6, 1.91 ],
																					"unwrapMode": 4,
																					"uv": [ 24.0, 53.0 ],
																					"rotationOrigin": [ 0.0, 1.5, 0.8 ],
																					"rotationZ": -2.0,
																					"faces": {
																						"north": { "texture": "#skin", "uv": [ 24.0, 54.0, 25.0, 55.5 ], "windMode": [-1,-1,-1,-1], "windData": [1,1,1,1] },
																						"east": { "texture": "#skin", "uv": [ 28.0, 54.0, 30.0, 55.5 ], "windMode": [-1,-1,-1,-1], "windData": [1,1,1,1] },
																						"south": { "texture": "#skin", "uv": [ 27.0, 54.0, 28.0, 55.5 ], "windMode": [-1,-1,-1,-1], "windData": [1,1,1,1] },
																						"west": { "texture": "#skin", "uv": [ 25.0, 54.0, 27.0, 55.5 ], "windMode": [-1,-1,-1,-1], "windData": [1,1,1,1] },
																						"up": { "texture": "#skin", "uv": [ 25.0, 53.0, 27.0, 54.0 ], "rotation": 90, "windMode": [-1,-1,-1,-1], "windData": [1,1,1,1] },
																						"down": { "texture": "#skin", "uv": [ 25.0, 55.5, 27.0, 56.5 ], "rotation": 90, "windMode": [-1,-1,-1,-1], "windData": [1,1,1,1] }
																					}
																				},
																				{
																					"name": "NoseBridge",
																					"from": [ 2.2, 0.1, -0.2 ],
																					"to": [ 3.2, 1.6, 2.0 ],
																					"unwrapMode": 7,
																					"unwrapRotation": 1,
																					"uv": [ 0.5, 49.5 ],
																					"rotationOrigin": [ 2.2, 1.7, -0.2 ],
																					"rotationZ": 35.0,
																					"faces": {
																						"north": { "texture": "#skin", "uv": [ 4.0, 51.0, 5.5, 52.0 ], "rotation": 90 },
																						"east": { "texture": "#skin", "uv": [ 2.0, 52.0, 4.0, 53.5 ] },
																						"south": { "texture": "#skin", "uv": [ 0.5, 51.0, 2.0, 52.0 ], "rotation": 270 },
																						"west": { "texture": "#skin", "uv": [ 2.0, 49.5, 4.0, 51.0 ], "rotation": 180 },
																						"up": { "texture": "#skin", "uv": [ 2.0, 51.0, 4.0, 52.0 ], "rotation": 270 }
																					}
																				}
																			]
																		}
																	]
																},
																{
																	"name": "L Ear",
																	"from": [ 1.4, 2.3, 2.3 ],
																	"to": [ 1.6, 3.3, 3.5 ],
																	"unwrapMode": 4,
																	"uv": [ 35.5, 56.0 ],
																	"rotationOrigin": [ 1.5, 2.3, 2.8 ],
																	"rotationX": 96.0,
																	"rotationY": -16.0,
																	"faces": {
																		"north": { "texture": "#skin", "uv": [ 35.5, 56.5, 36.0, 57.5 ], "windMode": [-1,-1,-1,-1], "windData": [1,1,1,1] },
																		"east": { "texture": "#skin", "uv": [ 37.5, 56.5, 38.5, 57.5 ] },
																		"south": { "texture": "#skin", "uv": [ 37.0, 56.5, 37.5, 57.5 ], "windMode": [-1,-1,-1,-1], "windData": [1,1,1,1] },
																		"west": { "texture": "#skin", "uv": [ 36.0, 56.5, 37.0, 57.5 ] },
																		"up": { "texture": "#skin", "uv": [ 36.0, 56.0, 37.0, 56.5 ], "rotation": 90 },
																		"down": { "texture": "#skin", "uv": [ 36.0, 57.5, 37.0, 58.0 ], "rotation": 90 }
																	},
																	"children": [
																		{
																			"name": "L Ear3",
																			"from": [ 0.0, 1.0, 0.0 ],
																			"to": [ 0.2, 2.2, 0.5 ],
																			"unwrapMode": 4,
																			"uv": [ 38.5, 53.5 ],
																			"rotationOrigin": [ 0.2, 1.0, 0.0 ],
																			"rotationX": 8.0,
																			"rotationY": 1.0,
																			"faces": {
																				"north": { "texture": "#skin", "uv": [ 38.5, 54.0, 39.0, 55.0 ] },
																				"east": { "texture": "#skin", "uv": [ 40.0, 54.0, 40.5, 55.0 ] },
																				"south": { "texture": "#skin", "uv": [ 39.5, 54.0, 40.0, 55.0 ] },
																				"west": { "texture": "#skin", "uv": [ 39.0, 54.0, 39.5, 55.0 ] },
																				"up": { "texture": "#skin", "uv": [ 39.0, 53.5, 39.5, 54.0 ], "rotation": 90 },
																				"down": { "texture": "#skin", "uv": [ 39.0, 55.0, 39.5, 55.5 ], "rotation": 90 }
																			}
																		},
																		{
																			"name": "L Ear2",
																			"from": [ 0.0, 1.0, 0.5 ],
																			"to": [ 0.2, 2.2, 1.2 ],
																			"unwrapMode": 4,
																			"uv": [ 35.5, 53.5 ],
																			"rotationOrigin": [ 0.2, 1.0, 1.2 ],
																			"rotationX": -10.0,
																			"rotationY": -1.0,
																			"faces": {
																				"north": { "texture": "#skin", "uv": [ 35.5, 54.0, 36.0, 55.0 ] },
																				"east": { "texture": "#skin", "uv": [ 37.0, 54.0, 37.5, 55.0 ] },
																				"south": { "texture": "#skin", "uv": [ 36.5, 54.0, 37.0, 55.0 ] },
																				"west": { "texture": "#skin", "uv": [ 36.0, 54.0, 36.5, 55.0 ] },
																				"up": { "texture": "#skin", "uv": [ 36.0, 53.5, 36.5, 54.0 ], "rotation": 90 },
																				"down": { "texture": "#skin", "uv": [ 36.0, 55.0, 36.5, 55.5 ], "rotation": 90 }
																			}
																		}
																	]
																},
																{
																	"name": "R Eye",
																	"from": [ -0.01, 2.8, -0.01 ],
																	"to": [ 0.49, 3.0, 0.19 ],
																	"unwrapMode": 5,
																	"uv": [ 0.5, 36.0 ],
																	"rotationOrigin": [ -0.01, 3.1, -0.11 ],
																	"faces": {
																		"north": { "texture": "#skin", "uv": [ 1.0, 36.0, 1.5, 36.5 ], "rotation": 180 },
																		"east": { "texture": "#skin", "uv": [ 1.5, 36.5, 2.0, 37.0 ], "rotation": 90 },
																		"west": { "texture": "#skin", "uv": [ 0.5, 36.5, 1.0, 37.0 ], "rotation": 270 },
																		"up": { "texture": "#skin", "uv": [ 1.0, 36.5, 1.5, 37.0 ] },
																		"down": { "texture": "#skin", "uv": [ 2.0, 36.5, 2.5, 37.0 ] }
																	},
																	"children": [
																		{
																			"name": "R Eye2",
																			"from": [ 0.0, 0.2, 0.0 ],
																			"to": [ 0.5, 0.4, 0.2 ],
																			"unwrapMode": 5,
																			"uv": [ 0.5, 34.0 ],
																			"rotationOrigin": [ 0.0, 0.5, -0.1 ],
																			"faces": {
																				"north": { "texture": "#skin", "uv": [ 1.0, 34.0, 1.5, 34.5 ], "rotation": 180 },
																				"east": { "texture": "#skin", "uv": [ 1.5, 34.5, 2.0, 35.0 ], "rotation": 90 },
																				"west": { "texture": "#skin", "uv": [ 0.5, 34.5, 1.0, 35.0 ], "rotation": 270 },
																				"up": { "texture": "#skin", "uv": [ 1.0, 34.5, 1.5, 35.0 ] },
																				"down": { "texture": "#skin", "uv": [ 2.0, 34.5, 2.5, 35.0 ] }
																			},
																			"children": [
																				{
																					"name": "R Pupil",
																					"from": [ -0.01, -0.1, -0.01 ],
																					"to": [ 0.29, 0.1, 0.19 ],
																					"unwrapMode": 5,
																					"uv": [ 0.5, 38.0 ],
																					"rotationOrigin": [ -0.01, -0.1, -0.01 ],
																					"faces": {
																						"north": { "texture": "#skin", "uv": [ 1.0, 38.0, 1.5, 38.5 ], "rotation": 180, "windMode": [-1,-1,-1,-1], "windData": [1,1,1,1] },
																						"east": { "texture": "#skin", "uv": [ 1.5, 38.5, 2.0, 39.0 ], "rotation": 90 },
																						"west": { "texture": "#skin", "uv": [ 0.5, 38.5, 1.0, 39.0 ], "rotation": 270 },
																						"up": { "texture": "#skin", "uv": [ 1.0, 38.5, 1.5, 39.0 ] },
																						"down": { "texture": "#skin", "uv": [ 2.0, 38.5, 2.5, 39.0 ] }
																					}
																				}
																			]
																		}
																	]
																},
																{
																	"name": "R Ear",
																	"from": [ 1.4, 2.3, -0.7 ],
																	"to": [ 1.6, 3.3, 0.5 ],
																	"unwrapMode": 4,
																	"uv": [ 0.5, 45.0 ],
																	"rotationOrigin": [ 1.5, 2.3, 0.2 ],
																	"rotationX": -101.0,
																	"rotationY": 7.0,
																	"faces": {
																		"north": { "texture": "#skin", "uv": [ 0.5, 45.5, 1.0, 46.5 ] },
																		"east": { "texture": "#skin", "uv": [ 2.5, 45.5, 3.5, 46.5 ] },
																		"south": { "texture": "#skin", "uv": [ 2.0, 45.5, 2.5, 46.5 ], "windMode": [-1,-1,-1,-1], "windData": [1,1,1,1] },
																		"west": { "texture": "#skin", "uv": [ 1.0, 45.5, 2.0, 46.5 ] },
																		"up": { "texture": "#skin", "uv": [ 1.0, 45.0, 2.0, 45.5 ], "rotation": 90 },
																		"down": { "texture": "#skin", "uv": [ 1.0, 46.5, 2.0, 47.0 ], "rotation": 90 }
																	},
																	"children": [
																		{
																			"name": "R Ear2",
																			"from": [ 0.0, 1.0, 0.0 ],
																			"to": [ 0.2, 2.2, 0.7 ],
																			"unwrapMode": 4,
																			"uv": [ 1.0, 42.5 ],
																			"rotationOrigin": [ 0.2, 1.0, 0.0 ],
																			"rotationX": 10.0,
																			"rotationY": 1.0,
																			"faces": {
																				"north": { "texture": "#skin", "uv": [ 1.0, 43.0, 1.5, 44.0 ] },
																				"east": { "texture": "#skin", "uv": [ 2.5, 43.0, 3.0, 44.0 ] },
																				"south": { "texture": "#skin", "uv": [ 2.0, 43.0, 2.5, 44.0 ] },
																				"west": { "texture": "#skin", "uv": [ 1.5, 43.0, 2.0, 44.0 ] },
																				"up": { "texture": "#skin", "uv": [ 1.5, 42.5, 2.0, 43.0 ], "rotation": 90 },
																				"down": { "texture": "#skin", "uv": [ 1.5, 44.0, 2.0, 44.5 ], "rotation": 90 }
																			}
																		},
																		{
																			"name": "R Ear3",
																			"from": [ 0.0, 1.0, 0.7 ],
																			"to": [ 0.2, 2.2, 1.2 ],
																			"unwrapMode": 4,
																			"uv": [ 3.5, 42.5 ],
																			"rotationOrigin": [ 0.2, 1.0, 1.2 ],
																			"rotationX": -8.0,
																			"rotationY": -1.0,
																			"faces": {
																				"north": { "texture": "#skin", "uv": [ 3.5, 43.0, 4.0, 44.0 ] },
																				"east": { "texture": "#skin", "uv": [ 5.0, 43.0, 5.5, 44.0 ] },
																				"south": { "texture": "#skin", "uv": [ 4.5, 43.0, 5.0, 44.0 ] },
																				"west": { "texture": "#skin", "uv": [ 4.0, 43.0, 4.5, 44.0 ] },
																				"up": { "texture": "#skin", "uv": [ 4.0, 42.5, 4.5, 43.0 ], "rotation": 90 },
																				"down": { "texture": "#skin", "uv": [ 4.0, 44.0, 4.5, 44.5 ], "rotation": 90 }
																			}
																		}
																	]
																},
																{
																	"name": "L Eye",
																	"from": [ -0.01, 2.8, 2.82 ],
																	"to": [ 0.49, 3.0, 3.02 ],
																	"unwrapMode": 5,
																	"uv": [ 0.5, 36.5 ],
																	"rotationOrigin": [ -0.01, 3.1, 2.82 ],
																	"faces": {
																		"east": { "texture": "#skin", "uv": [ 1.5, 36.5, 2.0, 37.0 ], "rotation": 90 },
																		"south": { "texture": "#skin", "uv": [ 1.0, 37.0, 1.5, 37.5 ] },
																		"west": { "texture": "#skin", "uv": [ 0.5, 36.5, 1.0, 37.0 ], "rotation": 270 },
																		"up": { "texture": "#skin", "uv": [ 1.0, 36.5, 1.5, 37.0 ] },
																		"down": { "texture": "#skin", "uv": [ 2.0, 36.5, 2.5, 37.0 ] }
																	},
																	"children": [
																		{
																			"name": "L Eye2",
																			"from": [ 0.0, 0.2, 0.0 ],
																			"to": [ 0.5, 0.4, 0.2 ],
																			"unwrapMode": 5,
																			"uv": [ 0.5, 34.5 ],
																			"rotationOrigin": [ 0.0, 0.6, -0.1 ],
																			"faces": {
																				"east": { "texture": "#skin", "uv": [ 1.5, 34.5, 2.0, 35.0 ], "rotation": 90 },
																				"south": { "texture": "#skin", "uv": [ 1.0, 35.0, 1.5, 35.5 ] },
																				"west": { "texture": "#skin", "uv": [ 0.5, 34.5, 1.0, 35.0 ], "rotation": 270 },
																				"up": { "texture": "#skin", "uv": [ 1.0, 34.5, 1.5, 35.0 ] },
																				"down": { "texture": "#skin", "uv": [ 2.0, 34.5, 2.5, 35.0 ] }
																			},
																			"children": [
																				{
																					"name": "L Pupil",
																					"from": [ -0.01, -0.1, 0.01 ],
																					"to": [ 0.29, 0.1, 0.21 ],
																					"unwrapMode": 5,
																					"uv": [ 0.5, 38.5 ],
																					"rotationOrigin": [ -0.01, -0.1, 0.01 ],
																					"faces": {
																						"east": { "texture": "#skin", "uv": [ 1.5, 38.5, 2.0, 39.0 ], "rotation": 90 },
																						"south": { "texture": "#skin", "uv": [ 1.0, 39.0, 1.5, 39.5 ] },
																						"west": { "texture": "#skin", "uv": [ 0.5, 38.5, 1.0, 39.0 ], "rotation": 270 },
																						"up": { "texture": "#skin", "uv": [ 1.0, 38.5, 1.5, 39.0 ] },
																						"down": { "texture": "#skin", "uv": [ 2.0, 38.5, 2.5, 39.0 ] }
																					}
																				}
																			]
																		}
																	]
																},
																{
																	"name": "Jaw",
																	"from": [ -2.4, -0.4, 0.65 ],
																	"to": [ 1.6, 1.3, 2.35 ],
																	"unwrapMode": 5,
																	"unwrapRotation": 1,
																	"uv": [ 17.0, 53.0 ],
																	"rotationOrigin": [ 1.3, 0.6, 1.5 ],
																	"rotationZ": -10.0,
																	"faces": {
																		"north": { "texture": "#skin", "uv": [ 17.0, 53.0, 18.5, 57.0 ], "rotation": 270 },
																		"south": { "texture": "#skin", "uv": [ 20.0, 53.0, 21.5, 57.0 ], "rotation": 90 },
																		"west": { "texture": "#skin", "uv": [ 18.5, 57.0, 20.0, 58.5 ] },
																		"up": { "texture": "#skin", "uv": [ 18.5, 53.0, 20.0, 57.0 ], "rotation": 90 },
																		"down": { "texture": "#skin", "uv": [ 21.5, 53.0, 23.0, 57.0 ], "rotation": 270 }
																	},
																	"children": [
																		{
																			"name": "Jaw2",
																			"from": [ -1.0, 0.1, 0.05 ],
																			"to": [ 0.7, 0.9, 1.65 ],
																			"unwrapMode": 5,
																			"unwrapRotation": 1,
																			"uv": [ 11.0, 42.0 ],
																			"rotationOrigin": [ 0.7, 0.6, 0.9 ],
																			"rotationZ": -4.0,
																			"faces": {
																				"north": { "texture": "#skin", "uv": [ 11.0, 42.0, 11.5, 43.5 ], "rotation": 270 },
																				"south": { "texture": "#skin", "uv": [ 13.0, 42.0, 13.5, 43.5 ], "rotation": 90 },
																				"west": { "texture": "#skin", "uv": [ 11.5, 43.5, 13.0, 44.0 ] },
																				"up": { "texture": "#skin", "uv": [ 11.5, 42.0, 13.0, 43.5 ], "rotation": 90 },
																				"down": { "texture": "#skin", "uv": [ 13.5, 42.0, 15.0, 43.5 ], "rotation": 270 }
																			}
																		},
																		{
																			"name": "Tongue",
																			"from": [ -0.5, 0.7, 0.45 ],
																			"to": [ 1.0, 1.4, 1.25 ],
																			"unwrapMode": 7,
																			"unwrapRotation": 1,
																			"uv": [ 0.5, 40.0 ],
																			"rotationOrigin": [ 0.8, 1.2, 0.85 ],
																			"rotationZ": 20.0,
																			"faces": {
																				"north": { "texture": "#skin", "uv": [ 1.5, 40.5, 2.0, 42.0 ], "rotation": 90 },
																				"south": { "texture": "#skin", "uv": [ 0.5, 40.5, 1.0, 42.0 ], "rotation": 270 },
																				"west": { "texture": "#skin", "uv": [ 1.0, 40.0, 1.5, 40.5 ], "rotation": 180 },
																				"up": { "texture": "#skin", "uv": [ 1.0, 40.5, 1.5, 42.0 ], "rotation": 270 },
																				"down": { "texture": "#skin", "uv": [ 2.0, 40.5, 2.5, 42.0 ], "rotation": 90 }
																			}
																		}
																	]
																},
																{
																	"name": "AntlerBase",
																	"from": [ 0.9, 2.85, 1.5 ],
																	"to": [ 0.9, 2.85, 1.5 ],
																	"uv": [ 0.0, 0.0 ],
																	"rotationOrigin": [ 0.9, 2.85, 1.5 ],
																	"faces": {
																	}
																}
															]
														}
													],
													"attachmentpoints": [
														{
															"code": "rope",
															"posX": "0.0","posY": "2.0","posZ": "1.1",
															"rotationX": "0.0","rotationY": "0.0","rotationZ": "0.0"
														}
													]
												}
											]
										},
										{
											"name": "L Shoulder",
											"from": [ -0.3, 1.5, 4.6 ],
											"to": [ 2.7, 7.7, 6.0 ],
											"unwrapMode": 3,
											"uv": [ 29.5, 1.0 ],
											"rotationOrigin": [ 0.4, 5.5, 5.0 ],
											"rotationX": 2.0,
											"rotationZ": -16.0,
											"faces": {
												"north": { "texture": "#skin", "uv": [ 34.5, 2.0, 37.5, 8.0 ] },
												"east": { "texture": "#skin", "uv": [ 33.5, 2.0, 34.5, 8.0 ] },
												"south": { "texture": "#skin", "uv": [ 30.5, 2.0, 33.5, 8.0 ] },
												"west": { "texture": "#skin", "uv": [ 29.5, 2.0, 30.5, 8.0 ] },
												"up": { "texture": "#skin", "uv": [ 30.5, 1.0, 33.5, 2.0 ] },
												"down": { "texture": "#skin", "uv": [ 30.5, 8.0, 33.5, 9.0 ], "rotation": 180 }
											},
											"children": [
												{
													"name": "L ArmUp",
													"from": [ 0.2, -0.1, 0.1 ],
													"to": [ 4.3, 2.1, 1.4 ],
													"unwrapMode": 3,
													"uv": [ 29.5, 9.5 ],
													"rotationOrigin": [ 0.5, 0.5, 0.2 ],
													"rotationY": -0.5,
													"rotationZ": -10.0,
													"faces": {
														"north": { "texture": "#skin", "uv": [ 35.5, 10.5, 39.5, 12.5 ] },
														"east": { "texture": "#skin", "uv": [ 34.5, 10.5, 35.5, 12.5 ] },
														"south": { "texture": "#skin", "uv": [ 30.5, 10.5, 34.5, 12.5 ] },
														"west": { "texture": "#skin", "uv": [ 29.5, 10.5, 30.5, 12.5 ] },
														"up": { "texture": "#skin", "uv": [ 30.5, 9.5, 34.5, 10.5 ], "windMode": [-1,-1,-1,-1] },
														"down": { "texture": "#skin", "uv": [ 30.5, 12.5, 34.5, 13.5 ], "rotation": 180 }
													},
													"children": [
														{
															"name": "L ArmMid",
															"from": [ 2.5, -3.2, 0.15 ],
															"to": [ 4.5, 1.9, 1.15 ],
															"unwrapMode": 3,
															"uv": [ 30.0, 14.0 ],
															"rotationOrigin": [ 3.5, 1.5, 0.65 ],
															"rotationX": 2.0,
															"rotationY": 2.0,
															"rotationZ": 20.0,
															"faces": {
																"north": { "texture": "#skin", "uv": [ 34.0, 15.0, 36.0, 20.0 ] },
																"east": { "texture": "#skin", "uv": [ 33.0, 15.0, 34.0, 20.0 ] },
																"south": { "texture": "#skin", "uv": [ 31.0, 15.0, 33.0, 20.0 ] },
																"west": { "texture": "#skin", "uv": [ 30.0, 15.0, 31.0, 20.0 ] },
																"up": { "texture": "#skin", "uv": [ 31.0, 14.0, 33.0, 15.0 ] },
																"down": { "texture": "#skin", "uv": [ 31.0, 20.0, 33.0, 21.0 ], "rotation": 180 }
															},
															"children": [
																{
																	"name": "L ArmLow",
																	"from": [ 0.2, -3.2, 0.1 ],
																	"to": [ 1.5, 0.5, 0.9 ],
																	"unwrapMode": 3,
																	"uv": [ 30.5, 21.5 ],
																	"rotationOrigin": [ 0.7, 0.2, 0.5 ],
																	"rotationX": -2.0,
																	"faces": {
																		"north": { "texture": "#skin", "uv": [ 32.5, 22.0, 33.5, 25.5 ] },
																		"east": { "texture": "#skin", "uv": [ 32.0, 22.0, 32.5, 25.5 ] },
																		"south": { "texture": "#skin", "uv": [ 31.0, 22.0, 32.0, 25.5 ] },
																		"west": { "texture": "#skin", "uv": [ 30.5, 22.0, 31.0, 25.5 ] },
																		"up": { "texture": "#skin", "uv": [ 31.0, 21.5, 32.0, 22.0 ] },
																		"down": { "texture": "#skin", "uv": [ 31.0, 25.5, 32.0, 26.0 ], "rotation": 180 }
																	},
																	"children": [
																		{
																			"name": "L Front Pastern",
																			"from": [ 0.2, -1.1, -0.1 ],
																			"to": [ 1.2, 0.6, 0.9 ],
																			"unwrapMode": 3,
																			"uv": [ 30.0, 26.5 ],
																			"rotationOrigin": [ 0.5, 0.5, 0.4 ],
																			"rotationX": -1.0,
																			"rotationZ": -10.0,
																			"faces": {
																				"north": { "texture": "#skin", "uv": [ 33.0, 27.5, 34.0, 29.0 ] },
																				"east": { "texture": "#skin", "uv": [ 32.0, 27.5, 33.0, 29.0 ] },
																				"south": { "texture": "#skin", "uv": [ 31.0, 27.5, 32.0, 29.0 ] },
																				"west": { "texture": "#skin", "uv": [ 30.0, 27.5, 31.0, 29.0 ] },
																				"up": { "texture": "#skin", "uv": [ 31.0, 26.5, 32.0, 27.5 ], "windMode": [-1,-1,-1,-1] },
																				"down": { "texture": "#skin", "uv": [ 31.0, 29.0, 32.0, 30.0 ], "rotation": 180 }
																			},
																			"children": [
																				{
																					"name": "L Front Hoof",
																					"from": [ 0.3, 0.45, 0.4 ],
																					"to": [ 0.3, 0.45, 0.4 ],
																					"uv": [ 0.0, 0.0 ],
																					"rotationOrigin": [ 0.3, 0.45, 0.4 ],
																					"rotationY": 1.0,
																					"rotationZ": 10.0,
																					"faces": {
																					},
																					"children": [
																						{
																							"name": "L Front Hoof2",
																							"from": [ -0.7, -0.7, -0.4 ],
																							"to": [ 0.3, -0.3, 0.6 ],
																							"unwrapMode": 5,
																							"uv": [ 46.5, 49.0 ],
																							"rotationOrigin": [ 0.2, -0.4, 0.2 ],
																							"faces": {
																								"north": { "texture": "#skin", "uv": [ 47.0, 49.0, 48.0, 49.5 ], "rotation": 180 },
																								"east": { "texture": "#skin", "uv": [ 48.0, 49.5, 48.5, 50.5 ], "rotation": 90 },
																								"south": { "texture": "#skin", "uv": [ 47.0, 50.5, 48.0, 51.0 ] },
																								"west": { "texture": "#skin", "uv": [ 46.5, 49.5, 47.0, 50.5 ], "rotation": 270 },
																								"up": { "texture": "#skin", "uv": [ 47.0, 49.5, 48.0, 50.5 ] },
																								"down": { "texture": "#skin", "uv": [ 48.5, 49.5, 49.5, 50.5 ] }
																							}
																						},
																						{
																							"name": "L Front Hoof1",
																							"from": [ -0.7, -0.7, -0.4 ],
																							"to": [ 0.6, -0.4, 0.6 ],
																							"unwrapMode": 5,
																							"uv": [ 46.5, 51.5 ],
																							"rotationOrigin": [ -0.7, -0.7, -0.4 ],
																							"rotationZ": 49.0,
																							"faces": {
																								"north": { "texture": "#skin", "uv": [ 47.0, 51.5, 48.0, 52.0 ], "rotation": 180 },
																								"east": { "texture": "#skin", "uv": [ 48.0, 52.0, 48.5, 53.0 ], "rotation": 90 },
																								"south": { "texture": "#skin", "uv": [ 47.0, 53.0, 48.0, 53.5 ] },
																								"west": { "texture": "#skin", "uv": [ 46.5, 52.0, 47.0, 53.0 ], "rotation": 270 },
																								"up": { "texture": "#skin", "uv": [ 47.0, 52.0, 48.0, 53.0 ] },
																								"down": { "texture": "#skin", "uv": [ 48.5, 52.0, 49.5, 53.0 ] }
																							}
																						}
																					]
																				}
																			]
																		}
																	]
																}
															]
														}
													]
												}
											]
										},
										{
											"name": "R Shoulder",
											"from": [ -0.3, 1.5, -0.5 ],
											"to": [ 2.7, 7.7, 0.9 ],
											"unwrapMode": 1,
											"uv": [ 40.5, 1.0 ],
											"rotationOrigin": [ 0.4, 5.5, 0.4 ],
											"rotationX": -2.0,
											"rotationZ": -16.0,
											"faces": {
												"north": { "texture": "#skin", "uv": [ 41.5, 2.0, 44.5, 8.0 ] },
												"east": { "texture": "#skin", "uv": [ 40.5, 2.0, 41.5, 8.0 ] },
												"south": { "texture": "#skin", "uv": [ 45.5, 2.0, 48.5, 8.0 ] },
												"west": { "texture": "#skin", "uv": [ 44.5, 2.0, 45.5, 8.0 ] },
												"up": { "texture": "#skin", "uv": [ 41.5, 1.0, 44.5, 2.0 ], "rotation": 180 },
												"down": { "texture": "#skin", "uv": [ 41.5, 8.0, 44.5, 9.0 ] }
											},
											"children": [
												{
													"name": "R ArmUp",
													"from": [ 0.2, -0.1, 0.0 ],
													"to": [ 4.3, 2.1, 1.3 ],
													"unwrapMode": 1,
													"uv": [ 40.5, 9.5 ],
													"rotationOrigin": [ 0.5, 0.5, 0.7 ],
													"rotationY": 0.5,
													"rotationZ": -10.0,
													"faces": {
														"north": { "texture": "#skin", "uv": [ 41.5, 10.5, 45.5, 12.5 ] },
														"east": { "texture": "#skin", "uv": [ 40.5, 10.5, 41.5, 12.5 ] },
														"south": { "texture": "#skin", "uv": [ 46.5, 10.5, 50.5, 12.5 ] },
														"west": { "texture": "#skin", "uv": [ 45.5, 10.5, 46.5, 12.5 ] },
														"up": { "texture": "#skin", "uv": [ 41.5, 9.5, 45.5, 10.5 ], "rotation": 180 },
														"down": { "texture": "#skin", "uv": [ 41.5, 12.5, 45.5, 13.5 ] }
													},
													"children": [
														{
															"name": "R ArmMid",
															"from": [ 2.5, -3.2, 0.15 ],
															"to": [ 4.5, 1.9, 1.15 ],
															"unwrapMode": 1,
															"uv": [ 41.5, 14.0 ],
															"rotationOrigin": [ 3.5, 1.5, 0.65 ],
															"rotationX": -2.0,
															"rotationY": -2.0,
															"rotationZ": 20.0,
															"faces": {
																"north": { "texture": "#skin", "uv": [ 42.5, 15.0, 44.5, 20.0 ] },
																"east": { "texture": "#skin", "uv": [ 41.5, 15.0, 42.5, 20.0 ] },
																"south": { "texture": "#skin", "uv": [ 45.5, 15.0, 47.5, 20.0 ] },
																"west": { "texture": "#skin", "uv": [ 44.5, 15.0, 45.5, 20.0 ] },
																"up": { "texture": "#skin", "uv": [ 42.5, 14.0, 44.5, 15.0 ], "rotation": 180 },
																"down": { "texture": "#skin", "uv": [ 42.5, 20.0, 44.5, 21.0 ] }
															},
															"children": [
																{
																	"name": "R ArmLow",
																	"from": [ 0.2, -3.2, 0.1 ],
																	"to": [ 1.5, 0.5, 0.9 ],
																	"unwrapMode": 1,
																	"uv": [ 42.0, 21.5 ],
																	"rotationOrigin": [ 0.7, 0.2, 0.5 ],
																	"rotationX": 2.0,
																	"faces": {
																		"north": { "texture": "#skin", "uv": [ 42.5, 22.0, 43.5, 25.5 ] },
																		"east": { "texture": "#skin", "uv": [ 42.0, 22.0, 42.5, 25.5 ] },
																		"south": { "texture": "#skin", "uv": [ 44.0, 22.0, 45.0, 25.5 ] },
																		"west": { "texture": "#skin", "uv": [ 43.5, 22.0, 44.0, 25.5 ] },
																		"up": { "texture": "#skin", "uv": [ 42.5, 21.5, 43.5, 22.0 ], "rotation": 180 },
																		"down": { "texture": "#skin", "uv": [ 42.5, 25.5, 43.5, 26.0 ] }
																	},
																	"children": [
																		{
																			"name": "R Front Pastern",
																			"from": [ 0.2, -1.1, -0.1 ],
																			"to": [ 1.2, 0.6, 0.9 ],
																			"unwrapMode": 1,
																			"uv": [ 42.0, 26.5 ],
																			"rotationOrigin": [ 0.5, 0.5, 0.4 ],
																			"rotationX": 1.0,
																			"rotationZ": -10.0,
																			"faces": {
																				"north": { "texture": "#skin", "uv": [ 43.0, 27.5, 44.0, 29.0 ] },
																				"east": { "texture": "#skin", "uv": [ 42.0, 27.5, 43.0, 29.0 ] },
																				"south": { "texture": "#skin", "uv": [ 45.0, 27.5, 46.0, 29.0 ] },
																				"west": { "texture": "#skin", "uv": [ 44.0, 27.5, 45.0, 29.0 ] },
																				"up": { "texture": "#skin", "uv": [ 43.0, 26.5, 44.0, 27.5 ], "rotation": 180, "windMode": [-1,-1,-1,-1] },
																				"down": { "texture": "#skin", "uv": [ 43.0, 29.0, 44.0, 30.0 ] }
																			},
																			"children": [
																				{
																					"name": "R Front Hoof",
																					"from": [ 0.3, 0.45, 0.4 ],
																					"to": [ 0.3, 0.45, 0.4 ],
																					"uv": [ 0.0, 0.0 ],
																					"rotationOrigin": [ 0.3, 0.45, 0.4 ],
																					"rotationY": -1.0,
																					"rotationZ": 10.0,
																					"faces": {
																					},
																					"children": [
																						{
																							"name": "R Front Hoof2",
																							"from": [ -0.7, -0.7, -0.4 ],
																							"to": [ 0.3, -0.3, 0.6 ],
																							"unwrapMode": 5,
																							"uv": [ 46.5, 54.0 ],
																							"rotationOrigin": [ 0.2, -0.4, 0.2 ],
																							"faces": {
																								"north": { "texture": "#skin", "uv": [ 47.0, 54.0, 48.0, 54.5 ], "rotation": 180 },
																								"east": { "texture": "#skin", "uv": [ 48.0, 54.5, 48.5, 55.5 ], "rotation": 90 },
																								"south": { "texture": "#skin", "uv": [ 47.0, 55.5, 48.0, 56.0 ] },
																								"west": { "texture": "#skin", "uv": [ 46.5, 54.5, 47.0, 55.5 ], "rotation": 270 },
																								"up": { "texture": "#skin", "uv": [ 47.0, 54.5, 48.0, 55.5 ] },
																								"down": { "texture": "#skin", "uv": [ 48.5, 54.5, 49.5, 55.5 ] }
																							}
																						},
																						{
																							"name": "R Front Hoof1",
																							"from": [ -0.7, -0.7, -0.4 ],
																							"to": [ 0.6, -0.4, 0.6 ],
																							"unwrapMode": 5,
																							"uv": [ 46.5, 56.5 ],
																							"rotationOrigin": [ -0.7, -0.7, -0.4 ],
																							"rotationZ": 49.0,
																							"faces": {
																								"north": { "texture": "#skin", "uv": [ 47.0, 56.5, 48.0, 57.0 ], "rotation": 180 },
																								"east": { "texture": "#skin", "uv": [ 48.0, 57.0, 48.5, 58.0 ], "rotation": 90 },
																								"south": { "texture": "#skin", "uv": [ 47.0, 58.0, 48.0, 58.5 ] },
																								"west": { "texture": "#skin", "uv": [ 46.5, 57.0, 47.0, 58.0 ], "rotation": 270 },
																								"up": { "texture": "#skin", "uv": [ 47.0, 57.0, 48.0, 58.0 ] },
																								"down": { "texture": "#skin", "uv": [ 48.5, 57.0, 49.5, 58.0 ] }
																							}
																						}
																					]
																				}
																			]
																		}
																	]
																}
															]
														}
													]
												}
											]
										}
									],
									"attachmentpoints": [
										{
											"code": "Center",
											"posX": "8.0","posY": "0.0","posZ": "3.0",
											"rotationX": "0.0","rotationY": "0.0","rotationZ": "0.0"
										}
									]
								}
							],
							"attachmentpoints": [
								{
									"code": "Rider",
									"posX": "3.0","posY": "11.0","posZ": "3.7",
									"rotationX": "0.0","rotationY": "-180.0","rotationZ": "0.0"
								}
							]
						},
						{
							"name": "Tail0",
							"from": [ 3.5, 5.2, 2.3 ],
							"to": [ 4.2, 7.5, 3.3 ],
							"unwrapMode": 2,
							"uv": [ 36.5, 13.0 ],
							"rotationOrigin": [ 4.1, 7.5, 2.8 ],
							"rotationZ": 80.0,
							"faces": {
								"north": { "texture": "#skin", "uv": [ 38.0, 13.5, 38.5, 15.5 ], "windMode": [-1,-1,-1,-1], "windData": [0,1,1,0] },
								"east": { "texture": "#skin", "uv": [ 37.0, 13.5, 38.0, 15.5 ], "windMode": [-1,-1,-1,-1], "windData": [0,1,1,0] },
								"south": { "texture": "#skin", "uv": [ 36.5, 13.5, 37.0, 15.5 ] },
								"west": { "texture": "#skin", "uv": [ 38.5, 13.5, 39.5, 15.5 ], "windMode": [-1,-1,-1,-1], "windData": [0,0,1,1] },
								"up": { "texture": "#skin", "uv": [ 37.0, 13.0, 38.0, 13.5 ], "rotation": 270, "windMode": [-1,-1,-1,-1], "windData": [1,1,1,1] },
								"down": { "texture": "#skin", "uv": [ 37.0, 15.5, 38.0, 16.0 ], "rotation": 270, "windMode": [-1,-1,-1,-1], "windData": [1,1,1,1] }
							},
							"children": [
								{
									"name": "Tail",
									"from": [ 0.0, -0.8, 0.0 ],
									"to": [ 0.7, 0.2, 1.0 ],
									"unwrapMode": 2,
									"uv": [ 38.0, 16.0 ],
									"rotationOrigin": [ 0.5, 0.1, 0.5 ],
									"rotationZ": -30.0,
									"faces": {
										"north": { "texture": "#skin", "uv": [ 39.5, 16.5, 40.0, 17.5 ], "windMode": [-1,-1,-1,-1], "windData": [0,1,1,0] },
										"east": { "texture": "#skin", "uv": [ 38.5, 16.5, 39.5, 17.5 ], "windMode": [-1,-1,-1,-1], "windData": [0,1,1,0] },
										"south": { "texture": "#skin", "uv": [ 38.0, 16.5, 38.5, 17.5 ] },
										"west": { "texture": "#skin", "uv": [ 40.0, 16.5, 41.0, 17.5 ], "windMode": [-1,-1,-1,-1], "windData": [0,0,1,1] },
										"up": { "texture": "#skin", "uv": [ 38.5, 16.0, 39.5, 16.5 ], "rotation": 270, "windMode": [-1,-1,-1,-1], "windData": [1,1,1,1] },
										"down": { "texture": "#skin", "uv": [ 38.5, 17.5, 39.5, 18.0 ], "rotation": 270, "windMode": [-1,-1,-1,-1], "windData": [1,1,1,1] }
									},
									"children": [
										{
											"name": "Tail2",
											"from": [ -0.2, -0.7, 0.0 ],
											"to": [ 0.5, 0.3, 1.0 ],
											"unwrapMode": 2,
											"uv": [ 37.0, 18.5 ],
											"rotationOrigin": [ 0.2, -0.1, 0.5 ],
											"rotationY": 0.5,
											"rotationZ": -40.0,
											"faces": {
												"north": { "texture": "#skin", "uv": [ 38.5, 18.5, 39.0, 19.5 ], "windMode": [-1,-1,-1,-1], "windData": [0,1,1,0] },
												"east": { "texture": "#skin", "uv": [ 37.5, 18.5, 38.5, 19.5 ], "windMode": [-1,-1,-1,-1], "windData": [0,1,1,0] },
												"south": { "texture": "#skin", "uv": [ 37.0, 18.5, 37.5, 19.5 ] },
												"west": { "texture": "#skin", "uv": [ 39.0, 18.5, 40.0, 19.5 ], "windMode": [-1,-1,-1,-1], "windData": [0,0,1,1] },
												"down": { "texture": "#skin", "uv": [ 37.5, 19.5, 38.5, 20.0 ], "rotation": 270, "windMode": [-1,-1,-1,-1] }
											},
											"children": [
												{
													"name": "Tail3",
													"from": [ 0.0, -1.5, 0.1 ],
													"to": [ 0.7, 0.2, 0.9 ],
													"unwrapMode": 2,
													"uv": [ 38.5, 20.5 ],
													"rotationOrigin": [ 0.4, 0.0, 0.5 ],
													"rotationZ": -10.0,
													"faces": {
														"north": { "texture": "#skin", "uv": [ 39.5, 20.5, 40.0, 22.0 ], "windMode": [-1,-1,-1,-1], "windData": [0,1,1,0] },
														"east": { "texture": "#skin", "uv": [ 39.0, 20.5, 39.5, 22.0 ], "windMode": [-1,-1,-1,-1], "windData": [0,1,1,0] },
														"south": { "texture": "#skin", "uv": [ 38.5, 20.5, 39.0, 22.0 ] },
														"west": { "texture": "#skin", "uv": [ 40.0, 20.5, 40.5, 22.0 ], "windMode": [-1,-1,-1,-1], "windData": [0,0,1,1] },
														"down": { "texture": "#skin", "uv": [ 39.0, 22.0, 39.5, 22.5 ], "rotation": 270, "windMode": [-1,-1,-1,-1] }
													},
													"children": [
														{
															"name": "Tail4",
															"from": [ 0.0, -1.6, 0.0 ],
															"to": [ 0.7, 0.1, 0.8 ],
															"unwrapMode": 2,
															"uv": [ 36.5, 22.5 ],
															"rotationOrigin": [ 0.4, -0.1, 0.4 ],
															"rotationY": -1.0,
															"faces": {
																"north": { "texture": "#skin", "uv": [ 37.5, 22.5, 38.0, 24.0 ], "windMode": [-1,-1,-1,-1], "windData": [0,1,1,0] },
																"east": { "texture": "#skin", "uv": [ 37.0, 22.5, 37.5, 24.0 ], "windMode": [-1,-1,-1,-1], "windData": [0,1,1,0] },
																"south": { "texture": "#skin", "uv": [ 36.5, 22.5, 37.0, 24.0 ] },
																"west": { "texture": "#skin", "uv": [ 38.0, 22.5, 38.5, 24.0 ], "windMode": [-1,-1,-1,-1], "windData": [0,0,1,1] },
																"down": { "texture": "#skin", "uv": [ 37.0, 24.0, 37.5, 24.5 ], "rotation": 270, "windMode": [-1,-1,-1,-1] }
															},
															"children": [
																{
																	"name": "Tail5",
																	"from": [ -0.1, -0.7, -0.2 ],
																	"to": [ 0.7, 0.1, 1.0 ],
																	"unwrapMode": 2,
																	"uv": [ 38.5, 24.0 ],
																	"rotationOrigin": [ 0.3, 0.0, 0.4 ],
																	"rotationY": -1.0,
																	"rotationZ": -1.0,
																	"faces": {
																		"north": { "texture": "#skin", "uv": [ 40.0, 24.5, 40.5, 25.0 ], "windMode": [-1,-1,-1,-1], "windData": [0,1,1,0] },
																		"east": { "texture": "#skin", "uv": [ 39.0, 24.5, 40.0, 25.0 ], "windMode": [-1,-1,-1,-1], "windData": [0,1,1,0] },
																		"south": { "texture": "#skin", "uv": [ 38.5, 24.5, 39.0, 25.0 ] },
																		"west": { "texture": "#skin", "uv": [ 40.5, 24.5, 41.5, 25.0 ], "windMode": [-1,-1,-1,-1], "windData": [0,0,1,1] },
																		"up": { "texture": "#skin", "uv": [ 39.0, 24.0, 40.0, 24.5 ], "rotation": 270, "windMode": [-1,-1,-1,-1], "windData": [0,0,0,0] }
																	},
																	"children": [
																		{
																			"name": "Tail6",
																			"from": [ -0.2, -1.2, -0.1 ],
																			"to": [ 1.0, 0.5, 1.2 ],
																			"renderPass": 1,
																			"unwrapMode": 2,
																			"uv": [ 34.0, 24.0 ],
																			"rotationOrigin": [ 0.3, 0.0, 0.5 ],
																			"rotationZ": -1.0,
																			"faces": {
																				"north": { "texture": "#skin", "uv": [ 36.0, 25.0, 37.0, 26.5 ], "windMode": [-1,-1,-1,-1], "windData": [0,1,1,0] },
																				"east": { "texture": "#skin", "uv": [ 35.0, 25.0, 36.0, 26.5 ], "windMode": [-1,-1,-1,-1], "windData": [0,1,1,0] },
																				"south": { "texture": "#skin", "uv": [ 34.0, 25.0, 35.0, 26.5 ] },
																				"west": { "texture": "#skin", "uv": [ 37.0, 25.0, 38.0, 26.5 ], "windMode": [-1,-1,-1,-1], "windData": [0,0,1,1] },
																				"up": { "texture": "#skin", "uv": [ 35.0, 24.0, 36.0, 25.0 ], "rotation": 270, "windMode": [-1,-1,-1,-1], "windData": [1,1,1,1] }
																			},
																			"children": [
																				{
																					"name": "Tail7",
																					"from": [ 0.2, -1.2, 0.2 ],
																					"to": [ 1.0, 1.0, 1.2 ],
																					"renderPass": 1,
																					"unwrapMode": 2,
																					"uv": [ 38.5, 25.5 ],
																					"rotationOrigin": [ 0.5, 0.7, 0.6 ],
																					"rotationZ": -1.0,
																					"faces": {
																						"north": { "texture": "#skin", "uv": [ 40.0, 26.0, 40.5, 28.0 ], "windMode": [-1,-1,-1,-1], "windData": [0,1,1,0] },
																						"east": { "texture": "#skin", "uv": [ 39.0, 26.0, 40.0, 28.0 ], "windMode": [-1,-1,-1,-1], "windData": [0,1,1,0] },
																						"south": { "texture": "#skin", "uv": [ 38.5, 26.0, 39.0, 28.0 ] },
																						"west": { "texture": "#skin", "uv": [ 40.5, 26.0, 41.5, 28.0 ], "windMode": [-1,-1,-1,-1], "windData": [0,0,1,1] },
																						"up": { "texture": "#skin", "uv": [ 39.0, 25.5, 40.0, 26.0 ], "rotation": 270, "windMode": [-1,-1,-1,-1], "windData": [1,1,1,1] }
																					}
																				}
																			]
																		}
																	]
																}
															]
														}
													]
												}
											]
										}
									]
								}
							]
						}
					]
				}
			]
		}
	]}