[
  {
    "comment": "simplecloth:clothes-upperbody-tunic-{color}",
    "op": "replace",
    "path": "/0/ingredientPattern",
    "value": "CCC,NC_,_C_",
    "file": "simplecloth:recipes/grid/cloth.json",
    "side": "Server"
  },
  {
    "op": "add",
    "path": "/0/ingredients/N",
    "value": { "type": "item", "code": "tailorsdelight:needle-*" },
    "file": "simplecloth:recipes/grid/cloth.json",
    "side": "Server"
  },
  {
    "op": "addmerge",
    "path": "/0/ingredients/C/skipVariants",
    "value":  [ "mordant" ],
    "file": "simplecloth:recipes/grid/cloth.json",
    "side": "Server"
  },

  {
    "comment": "simplecloth:clothes-upperbody-shirt-{color}",
    "op": "replace",
    "path": "/1/ingredientPattern",
    "value": "DCD,NC_,_C_",
    "file": "simplecloth:recipes/grid/cloth.json",
    "side": "Server"
  },
  {
    "op": "add",
    "path": "/1/ingredients/N",
    "value": { "type": "item", "code": "tailorsdelight:needle-*" },
    "file": "simplecloth:recipes/grid/cloth.json",
    "side": "Server"
  },

  {
    "comment": "simplecloth:clothes-lowerbody-breeches-{color}",
    "op": "replace",
    "path": "/2/ingredientPattern",
    "value": "CCN,CC_",
    "file": "simplecloth:recipes/grid/cloth.json",
    "side": "Server"
  },
  {
    "op": "replace",
    "path": "/2/width",
    "value": 3,
    "file": "simplecloth:recipes/grid/cloth.json",
    "side": "Server"
  },
  {
    "op": "add",
    "path": "/2/ingredients/N",
    "value": { "type": "item", "code": "tailorsdelight:needle-*" },
    "file": "simplecloth:recipes/grid/cloth.json",
    "side": "Server"
  },

  {
    "comment": "simplecloth:clothes-lowerbody-pants-{color}",
    "op": "replace",
    "path": "/3/ingredientPattern",
    "value": "CCN,DDT",
    "file": "simplecloth:recipes/grid/cloth.json",
    "side": "Server"
  },
  {
    "op": "replace",
    "path": "/3/width",
    "value": 3,
    "file": "simplecloth:recipes/grid/cloth.json",
    "side": "Server"
  },
  {
    "op": "add",
    "path": "/3/ingredients/N",
    "value": { "type": "item", "code": "tailorsdelight:needle-*" },
    "file": "simplecloth:recipes/grid/cloth.json",
    "side": "Server"
  },
  {
    "op": "add",
    "path": "/3/ingredients/T",
    "value": { "type": "item", "code": "tailorsdelight:twine-brown" },
    "file": "simplecloth:recipes/grid/cloth.json",
    "side": "Server"
  },

  {
    "comment": "simplecloth:clothes-upperbody-shirt-{color} from tunic",
    "op": "replace",
    "path": "/4/ingredientPattern",
    "value": "CIC,_N_",
    "file": "simplecloth:recipes/grid/cloth.json",
    "side": "Server"
  },
  {
    "op": "replace",
    "path": "/4/height",
    "value": 2,
    "file": "simplecloth:recipes/grid/cloth.json",
    "side": "Server"
  },
  {
    "op": "add",
    "path": "/4/ingredients/N",
    "value": { "type": "item", "code": "tailorsdelight:needle-*" },
    "file": "simplecloth:recipes/grid/cloth.json",
    "side": "Server"
  },

  {
    "comment": "simplecloth:clothes-lowerbody-pants-{color} from breeches",
    "op": "replace",
    "path": "/5/ingredientPattern",
    "value": "IN,C_",
    "file": "simplecloth:recipes/grid/cloth.json",
    "side": "Server"
  },
  {
    "op": "replace",
    "path": "/5/width",
    "value": 2,
    "file": "simplecloth:recipes/grid/cloth.json",
    "side": "Server"
  },
  {
    "op": "add",
    "path": "/5/ingredients/N",
    "value": { "type": "item", "code": "tailorsdelight:needle-*" },
    "file": "simplecloth:recipes/grid/cloth.json",
    "side": "Server"
  },

  {
    "comment": "simplecloth:clothes-upperbodyover-waistcoat-{color}",
    "op": "replace",
    "path": "/6/ingredientPattern",
    "value": "CNC,CDC",
    "file": "simplecloth:recipes/grid/cloth.json",
    "side": "Server"
  },
  {
    "op": "add",
    "path": "/6/ingredients/N",
    "value": { "type": "item", "code": "tailorsdelight:needle-*" },
    "file": "simplecloth:recipes/grid/cloth.json",
    "side": "Server"
  },

  {
    "comment": "simplecloth:clothes-upperbodyover-collar-{color}",
    "op": "replace",
    "path": "/7/ingredientPattern",
    "value": "CDC,CNC",
    "file": "simplecloth:recipes/grid/cloth.json",
    "side": "Server"
  },
  {
    "op": "add",
    "path": "/7/ingredients/N",
    "value": { "type": "item", "code": "tailorsdelight:needle-*" },
    "file": "simplecloth:recipes/grid/cloth.json",
    "side": "Server"
  },

  {
    "comment": "simplecloth:clothes-head-coif-{color}",
    "op": "replace",
    "path": "/8/ingredientPattern",
    "value": "_C_,CNC",
    "file": "simplecloth:recipes/grid/cloth.json",
    "side": "Server"
  },
  {
    "op": "add",
    "path": "/8/ingredients/N",
    "value": { "type": "item", "code": "tailorsdelight:needle-*" },
    "file": "simplecloth:recipes/grid/cloth.json",
    "side": "Server"
  },

  {
    "comment": "simplecloth:clothes-head-hood-{color}",
    "op": "replace",
    "path": "/9/ingredientPattern",
    "value": "_C_,DND",
    "file": "simplecloth:recipes/grid/cloth.json",
    "side": "Server"
  },
  {
    "op": "add",
    "path": "/9/ingredients/N",
    "value": { "type": "item", "code": "tailorsdelight:needle-*" },
    "file": "simplecloth:recipes/grid/cloth.json",
    "side": "Server"
  },

  {
    "comment": "simplecloth:clothes-head-hood-{color} from coif",
    "op": "replace",
    "path": "/10/ingredientPattern",
    "value": "IN,C_",
    "file": "simplecloth:recipes/grid/cloth.json",
    "side": "Server"
  },
  {
    "op": "replace",
    "path": "/10/width",
    "value": 2,
    "file": "simplecloth:recipes/grid/cloth.json",
    "side": "Server"
  },
  {
    "op": "add",
    "path": "/10/ingredients/N",
    "value": { "type": "item", "code": "tailorsdelight:needle-*" },
    "file": "simplecloth:recipes/grid/cloth.json",
    "side": "Server"
  },

  {
    "comment": "simplecloth:clothes-shoulder-cloak-{color}",
    "op": "replace",
    "path": "/11/ingredientPattern",
    "value": "CCC,_DN",
    "file": "simplecloth:recipes/grid/cloth.json",
    "side": "Server"
  },
  {
    "op": "add",
    "path": "/11/ingredients/N",
    "value": { "type": "item", "code": "tailorsdelight:needle-*" },
    "file": "simplecloth:recipes/grid/cloth.json",
    "side": "Server"
  },

  {
    "comment": "simplecloth:clothes-upperbodyover-robe-{color}",
    "op": "replace",
    "path": "/12/ingredientPattern",
    "value": "DDD,ND_",
    "file": "simplecloth:recipes/grid/cloth.json",
    "side": "Server"
  },
  {
    "op": "add",
    "path": "/12/ingredients/N",
    "value": { "type": "item", "code": "tailorsdelight:needle-*" },
    "file": "simplecloth:recipes/grid/cloth.json",
    "side": "Server"
  },

  {
    "comment": "simplecloth:clothes-face-mask-{color}",
    "op": "replace",
    "path": "/13/ingredientPattern",
    "value": "CCN",
    "file": "simplecloth:recipes/grid/cloth.json",
    "side": "Server"
  },
  {
    "op": "replace",
    "path": "/13/width",
    "value": 3,
    "file": "simplecloth:recipes/grid/cloth.json",
    "side": "Server"
  },
  {
    "op": "add",
    "path": "/13/ingredients/N",
    "value": { "type": "item", "code": "tailorsdelight:needle-*" },
    "file": "simplecloth:recipes/grid/cloth.json",
    "side": "Server"
  },

  {
    "comment": "simplecloth:clothes-head-peasenthat",
    "op": "replace",
    "path": "/14/ingredientPattern",
    "value": "NL_,LRL",
    "file": "simplecloth:recipes/grid/cloth.json",
    "side": "Server"
  },
  {
    "op": "add",
    "path": "/14/ingredients/N",
    "value": { "type": "item", "code": "tailorsdelight:needle-*" },
    "file": "simplecloth:recipes/grid/cloth.json",
    "side": "Server"
  },

  {
    "comment": "simplecloth:clothes-lowerbody-shenti-{color}",
    "op": "replace",
    "path": "/15/ingredientPattern",
    "value": "N,C,D",
    "file": "simplecloth:recipes/grid/cloth.json",
    "side": "Server"
  },
  {
    "op": "replace",
    "path": "/15/height",
    "value": 3,
    "file": "simplecloth:recipes/grid/cloth.json",
    "side": "Server"
  },
  {
    "op": "add",
    "path": "/15/ingredients/N",
    "value": { "type": "item", "code": "tailorsdelight:needle-*" },
    "file": "simplecloth:recipes/grid/cloth.json",
    "side": "Server"
  },

  {
    "comment": "simplecloth:clothes-waist-sash-{color}",
    "op": "replace",
    "path": "/16/ingredientPattern",
    "value": "_N_,CCC",
    "file": "simplecloth:recipes/grid/cloth.json",
    "side": "Server"
  },
  {
    "op": "replace",
    "path": "/16/height",
    "value": 2,
    "file": "simplecloth:recipes/grid/cloth.json",
    "side": "Server"
  },
  {
    "op": "add",
    "path": "/16/ingredients/N",
    "value": { "type": "item", "code": "tailorsdelight:needle-*" },
    "file": "simplecloth:recipes/grid/cloth.json",
    "side": "Server"
  },

  {
    "comment": "simplecloth:clothes-upperbody-exomis-{color}",
    "op": "replace",
    "path": "/25/ingredientPattern",
    "value": "DN,D_",
    "file": "simplecloth:recipes/grid/cloth.json",
    "side": "Server"
  },
  {
    "op": "replace",
    "path": "/25/width",
    "value": 2,
    "file": "simplecloth:recipes/grid/cloth.json",
    "side": "Server"
  },
  {
    "op": "add",
    "path": "/25/ingredients/N",
    "value": { "type": "item", "code": "tailorsdelight:needle-*" },
    "file": "simplecloth:recipes/grid/cloth.json",
    "side": "Server"
  },

  {
    "comment": "simplecloth:clothes-upperbody-tunic-{color} from exomis",
    "op": "replace",
    "path": "/26/ingredientPattern",
    "value": "CN,I_",
    "file": "simplecloth:recipes/grid/cloth.json",
    "side": "Server"
  },
  {
    "op": "replace",
    "path": "/26/width",
    "value": 2,
    "file": "simplecloth:recipes/grid/cloth.json",
    "side": "Server"
  },
  {
    "op": "add",
    "path": "/26/ingredients/N",
    "value": { "type": "item", "code": "tailorsdelight:needle-*" },
    "file": "simplecloth:recipes/grid/cloth.json",
    "side": "Server"
  }
]
