{
	"editor": {
		"allAngles": false,
		"entityTextureMode": false
	},
	"textureWidth": 16,
	"textureHeight": 16,
	"textureSizes": {
		"stage1b": [16,16],
		"stage1": [16,16]
	},
	"textures": {
		"stage1": "block/plant/crop/zeamays/stage1",
		"stage1b": "block/plant/crop/zeamays/stage1b"
	},
	"elements": [
		{
			"name": "Stalk a",
			"from": [ 4.0, 0.0, 4.0 ],
			"to": [ 5.0, 4.0, 5.0 ],
			"shade": false,
			"rotationOrigin": [ 4.0, 0.0, 4.0 ],
			"faces": {
				"north": { "texture": "#stage1", "uv": [ 7.5, 12.0, 8.5, 16.0 ], "windMode": [0,5,5,0] },
				"east": { "texture": "#stage1", "uv": [ 7.5, 11.5, 8.5, 15.5 ], "windMode": [0,5,5,0] },
				"south": { "texture": "#stage1", "uv": [ 7.5, 11.5, 8.5, 15.5 ], "windMode": [0,0,5,5] },
				"west": { "texture": "#stage1", "uv": [ 7.5, 11.0, 8.5, 15.0 ], "windMode": [0,0,5,5] },
				"up": { "texture": "#stage1", "uv": [ 7.5, 12.0, 8.5, 13.0 ], "windMode": [5,5,5,5] }
			},
			"children": [
				{
					"name": "Mid Face a",
					"from": [ -7.5, 0.0, 0.5 ],
					"to": [ 8.5, 16.0, 0.5 ],
					"shade": false,
					"renderPass": 1,
					"rotationOrigin": [ 0.5, 0.0, 0.5 ],
					"faces": {
						"north": { "texture": "#stage1", "uv": [ 0.0, 0.0, 16.0, 16.0 ], "windMode": [0,5,5,0], "windData": [0,1,1,0] }
					}
				},
				{
					"name": "Mid Face b",
					"from": [ 0.5, 0.0, -7.5 ],
					"to": [ 0.5, 16.0, 8.5 ],
					"shade": false,
					"renderPass": 1,
					"rotationOrigin": [ 0.5, 0.0, 0.5 ],
					"faces": {
						"east": { "texture": "#stage1b", "uv": [ 0.0, 0.0, 16.0, 16.0 ], "windMode": [0,5,5,0], "windData": [0,1,1,0] }
					}
				}
			]
		},
		{
			"name": "Stalk a2",
			"from": [ 12.0, 0.0, 4.0 ],
			"to": [ 13.0, 4.0, 5.0 ],
			"shade": false,
			"rotationOrigin": [ 12.5, 0.0, 4.5 ],
			"rotationY": -67.5,
			"faces": {
				"north": { "texture": "#stage1", "uv": [ 7.5, 12.0, 8.5, 16.0 ], "windMode": [0,5,5,0] },
				"east": { "texture": "#stage1", "uv": [ 7.5, 11.5, 8.5, 15.5 ], "windMode": [0,5,5,0] },
				"south": { "texture": "#stage1", "uv": [ 7.5, 11.5, 8.5, 15.5 ], "windMode": [0,0,5,5] },
				"west": { "texture": "#stage1", "uv": [ 7.5, 11.0, 8.5, 15.0 ], "windMode": [0,0,5,5] },
				"up": { "texture": "#stage1", "uv": [ 7.5, 12.0, 8.5, 13.0 ], "windMode": [5,5,5,5] }
			},
			"children": [
				{
					"name": "Mid Face a2",
					"from": [ -7.5, 0.0, 0.5 ],
					"to": [ 8.5, 16.0, 0.5 ],
					"shade": false,
					"renderPass": 1,
					"rotationOrigin": [ 0.5, 0.0, 0.5 ],
					"faces": {
						"north": { "texture": "#stage1", "uv": [ 0.0, 0.0, 16.0, 16.0 ], "windMode": [0,5,5,0], "windData": [0,1,1,0] }
					}
				},
				{
					"name": "Mid Face b2",
					"from": [ 0.5, 0.0, -7.5 ],
					"to": [ 0.5, 16.0, 8.5 ],
					"shade": false,
					"renderPass": 1,
					"rotationOrigin": [ 0.5, 0.0, 0.5 ],
					"faces": {
						"east": { "texture": "#stage1b", "uv": [ 0.0, 0.0, 16.0, 16.0 ], "windMode": [0,5,5,0], "windData": [0,1,1,0] }
					}
				}
			]
		},
		{
			"name": "Stalk a3",
			"from": [ 12.0, 0.0, 12.0 ],
			"to": [ 13.0, 4.0, 13.0 ],
			"shade": false,
			"rotationOrigin": [ 12.5, 0.0, 12.5 ],
			"rotationY": 157.5,
			"faces": {
				"north": { "texture": "#stage1", "uv": [ 7.5, 12.0, 8.5, 16.0 ], "windMode": [0,5,5,0] },
				"east": { "texture": "#stage1", "uv": [ 7.5, 11.5, 8.5, 15.5 ], "windMode": [0,5,5,0] },
				"south": { "texture": "#stage1", "uv": [ 7.5, 11.5, 8.5, 15.5 ], "windMode": [0,0,5,5] },
				"west": { "texture": "#stage1", "uv": [ 7.5, 11.0, 8.5, 15.0 ], "windMode": [0,0,5,5] },
				"up": { "texture": "#stage1", "uv": [ 7.5, 12.0, 8.5, 13.0 ], "windMode": [5,5,5,5] }
			},
			"children": [
				{
					"name": "Mid Face a3",
					"from": [ -7.5, 0.0, 0.5 ],
					"to": [ 8.5, 16.0, 0.5 ],
					"shade": false,
					"renderPass": 1,
					"rotationOrigin": [ 0.5, 0.0, 0.5 ],
					"faces": {
						"north": { "texture": "#stage1", "uv": [ 0.0, 0.0, 16.0, 16.0 ], "windMode": [0,5,5,0], "windData": [0,1,1,0] }
					}
				},
				{
					"name": "Mid Face b3",
					"from": [ 0.5, 0.0, -7.5 ],
					"to": [ 0.5, 16.0, 8.5 ],
					"shade": false,
					"renderPass": 1,
					"rotationOrigin": [ 0.5, 0.0, 0.5 ],
					"faces": {
						"east": { "texture": "#stage1b", "uv": [ 0.0, 0.0, 16.0, 16.0 ], "windMode": [0,5,5,0], "windData": [0,1,1,0] }
					}
				}
			]
		},
		{
			"name": "Stalk a4",
			"from": [ 4.0, 0.0, 12.0 ],
			"to": [ 5.0, 4.0, 13.0 ],
			"shade": false,
			"rotationOrigin": [ 4.5, 0.0, 12.5 ],
			"rotationY": -135.0,
			"faces": {
				"north": { "texture": "#stage1", "uv": [ 7.5, 12.0, 8.5, 16.0 ], "windMode": [0,5,5,0] },
				"east": { "texture": "#stage1", "uv": [ 7.5, 11.5, 8.5, 15.5 ], "windMode": [0,5,5,0] },
				"south": { "texture": "#stage1", "uv": [ 7.5, 11.5, 8.5, 15.5 ], "windMode": [0,0,5,5] },
				"west": { "texture": "#stage1", "uv": [ 7.5, 11.0, 8.5, 15.0 ], "windMode": [0,0,5,5] },
				"up": { "texture": "#stage1", "uv": [ 7.5, 12.0, 8.5, 13.0 ], "windMode": [5,5,5,5] }
			},
			"children": [
				{
					"name": "Mid Face a4",
					"from": [ -7.5, 0.0, 0.5 ],
					"to": [ 8.5, 16.0, 0.5 ],
					"shade": false,
					"renderPass": 1,
					"rotationOrigin": [ 0.5, 0.0, 0.5 ],
					"faces": {
						"north": { "texture": "#stage1", "uv": [ 0.0, 0.0, 16.0, 16.0 ], "windMode": [0,5,5,0], "windData": [0,1,1,0] }
					}
				},
				{
					"name": "Mid Face b4",
					"from": [ 0.5, 0.0, -7.5 ],
					"to": [ 0.5, 16.0, 8.5 ],
					"shade": false,
					"renderPass": 1,
					"rotationOrigin": [ 0.5, 0.0, 0.5 ],
					"faces": {
						"east": { "texture": "#stage1b", "uv": [ 0.0, 0.0, 16.0, 16.0 ], "windMode": [0,5,5,0], "windData": [0,1,1,0] }
					}
				}
			]
		}
	]}