{
	"editor": {
		"allAngles": false,
		"entityTextureMode": false
	},
	"textureWidth": 16,
	"textureHeight": 16,
	"textureSizes": {
		"stage5": [16,40],
		"stage5b": [16,40]
	},
	"textures": {
		"stage5": "block/plant/crop/zeamays/stage5",
		"stage5b": "block/plant/crop/zeamays/stage5b"
	},
	"elements": [
		{
			"name": "Stalk a",
			"from": [ 4.0, 0.0, 4.0 ],
			"to": [ 5.0, 16.0, 5.0 ],
			"shade": false,
			"rotationOrigin": [ 4.0, 0.0, 4.0 ],
			"faces": {
				"north": { "texture": "#stage5", "uv": [ 7.5, 13.0, 8.5, 29.0 ], "windMode": [0,5,5,0], "windData": [0,1,1,0] },
				"east": { "texture": "#stage5", "uv": [ 7.5, 7.0, 8.5, 23.0 ], "windMode": [0,5,5,0], "windData": [0,1,1,0] },
				"south": { "texture": "#stage5", "uv": [ 7.5, 23.0, 8.5, 39.0 ], "windMode": [0,0,5,5], "windData": [0,0,1,1] },
				"west": { "texture": "#stage5", "uv": [ 7.5, 17.0, 8.5, 33.0 ], "windMode": [0,0,5,5], "windData": [0,0,1,1] },
				"up": { "texture": "#stage5", "uv": [ 7.5, 18.0, 8.5, 19.0 ], "windMode": [5,5,5,5], "windData": [1,1,1,1] }
			},
			"children": [
				{
					"name": "Stalk b",
					"from": [ 0.0, 16.0, 0.0 ],
					"to": [ 1.0, 32.0, 1.0 ],
					"shade": false,
					"rotationOrigin": [ 0.0, 16.0, 0.0 ],
					"faces": {
						"north": { "texture": "#stage5", "uv": [ 7.5, 24.0, 8.5, 40.0 ], "windMode": [5,5,5,5], "windData": [1,2,2,1] },
						"east": { "texture": "#stage5", "uv": [ 7.5, 10.5, 8.5, 26.5 ], "windMode": [5,5,5,5], "windData": [1,2,2,1] },
						"south": { "texture": "#stage5", "uv": [ 7.5, 24.0, 8.5, 40.0 ], "windMode": [5,5,5,5], "windData": [1,1,2,2] },
						"west": { "texture": "#stage5", "uv": [ 7.5, 12.5, 8.5, 28.5 ], "windMode": [5,5,5,5], "windData": [1,1,2,2] },
						"up": { "texture": "#stage5", "uv": [ 7.5, 9.5, 8.5, 10.5 ], "windMode": [5,5,5,5], "windData": [2,2,2,2] }
					}
				},
				{
					"name": "Mid Face a",
					"from": [ -7.5, 0.0, 0.5 ],
					"to": [ 8.5, 40.0, 0.5 ],
					"shade": false,
					"renderPass": 1,
					"rotationOrigin": [ 0.5, 0.0, 0.5 ],
					"faces": {
						"north": { "texture": "#stage5b", "uv": [ 0.0, 0.0, 16.0, 40.0 ], "windMode": [0,5,5,0], "windData": [0,2,2,0] }
					}
				},
				{
					"name": "Mid Face b",
					"from": [ 0.5, 0.0, -7.5 ],
					"to": [ 0.5, 40.0, 8.5 ],
					"shade": false,
					"renderPass": 1,
					"rotationOrigin": [ 0.5, 0.0, 0.5 ],
					"faces": {
						"east": { "texture": "#stage5", "uv": [ 0.0, 0.0, 16.0, 40.0 ], "windMode": [0,5,5,0], "windData": [0,2,2,0] }
					}
				}
			]
		},
		{
			"name": "Stalk a2",
			"from": [ 12.0, 0.0, 4.0 ],
			"to": [ 13.0, 16.0, 5.0 ],
			"shade": false,
			"rotationOrigin": [ 12.0, 0.0, 4.0 ],
			"rotationY": 22.5,
			"faces": {
				"north": { "texture": "#stage5", "uv": [ 7.5, 13.0, 8.5, 29.0 ], "windMode": [0,5,5,0], "windData": [0,1,1,0] },
				"east": { "texture": "#stage5", "uv": [ 7.5, 7.0, 8.5, 23.0 ], "windMode": [0,5,5,0], "windData": [0,1,1,0] },
				"south": { "texture": "#stage5", "uv": [ 7.5, 23.0, 8.5, 39.0 ], "windMode": [0,0,5,5], "windData": [0,0,1,1] },
				"west": { "texture": "#stage5", "uv": [ 7.5, 17.0, 8.5, 33.0 ], "windMode": [0,0,5,5], "windData": [0,0,1,1] },
				"up": { "texture": "#stage5", "uv": [ 7.5, 18.0, 8.5, 19.0 ], "windMode": [5,5,5,5], "windData": [1,1,1,1] }
			},
			"children": [
				{
					"name": "Stalk b2",
					"from": [ 0.0, 16.0, 0.0 ],
					"to": [ 1.0, 32.0, 1.0 ],
					"shade": false,
					"rotationOrigin": [ 0.0, 16.0, 0.0 ],
					"faces": {
						"north": { "texture": "#stage5", "uv": [ 7.5, 24.0, 8.5, 40.0 ], "windMode": [5,5,5,5], "windData": [1,2,2,1] },
						"east": { "texture": "#stage5", "uv": [ 7.5, 10.5, 8.5, 26.5 ], "windMode": [5,5,5,5], "windData": [1,2,2,1] },
						"south": { "texture": "#stage5", "uv": [ 7.5, 24.0, 8.5, 40.0 ], "windMode": [5,5,5,5], "windData": [1,1,2,2] },
						"west": { "texture": "#stage5", "uv": [ 7.5, 12.5, 8.5, 28.5 ], "windMode": [5,5,5,5], "windData": [1,1,2,2] },
						"up": { "texture": "#stage5", "uv": [ 7.5, 9.5, 8.5, 10.5 ], "windMode": [5,5,5,5], "windData": [2,2,2,2] }
					}
				},
				{
					"name": "Mid Face a2",
					"from": [ -7.5, 0.0, 0.5 ],
					"to": [ 8.5, 40.0, 0.5 ],
					"shade": false,
					"renderPass": 1,
					"rotationOrigin": [ 0.5, 0.0, 0.5 ],
					"faces": {
						"north": { "texture": "#stage5b", "uv": [ 0.0, 0.0, 16.0, 40.0 ], "windMode": [0,5,5,0], "windData": [0,2,2,0] }
					}
				},
				{
					"name": "Mid Face b2",
					"from": [ 0.5, 0.0, -7.5 ],
					"to": [ 0.5, 40.0, 8.5 ],
					"shade": false,
					"renderPass": 1,
					"rotationOrigin": [ 0.5, 0.0, 0.5 ],
					"faces": {
						"east": { "texture": "#stage5", "uv": [ 0.0, 0.0, 16.0, 40.0 ], "windMode": [0,5,5,0], "windData": [0,2,2,0] }
					}
				}
			]
		},
		{
			"name": "Stalk a3",
			"from": [ 12.0, 0.0, 12.0 ],
			"to": [ 13.0, 16.0, 13.0 ],
			"shade": false,
			"rotationOrigin": [ 12.0, 0.0, 12.0 ],
			"rotationY": -22.5,
			"faces": {
				"north": { "texture": "#stage5", "uv": [ 7.5, 13.0, 8.5, 29.0 ], "windMode": [0,5,5,0], "windData": [0,1,1,0] },
				"east": { "texture": "#stage5", "uv": [ 7.5, 7.0, 8.5, 23.0 ], "windMode": [0,5,5,0], "windData": [0,1,1,0] },
				"south": { "texture": "#stage5", "uv": [ 7.5, 23.0, 8.5, 39.0 ], "windMode": [0,0,5,5], "windData": [0,0,1,1] },
				"west": { "texture": "#stage5", "uv": [ 7.5, 17.0, 8.5, 33.0 ], "windMode": [0,0,5,5], "windData": [0,0,1,1] },
				"up": { "texture": "#stage5", "uv": [ 7.5, 18.0, 8.5, 19.0 ], "windMode": [5,5,5,5], "windData": [1,1,1,1] }
			},
			"children": [
				{
					"name": "Stalk b3",
					"from": [ 0.0, 16.0, 0.0 ],
					"to": [ 1.0, 32.0, 1.0 ],
					"shade": false,
					"rotationOrigin": [ 0.0, 16.0, 0.0 ],
					"faces": {
						"north": { "texture": "#stage5", "uv": [ 7.5, 24.0, 8.5, 40.0 ], "windMode": [5,5,5,5], "windData": [1,2,2,1] },
						"east": { "texture": "#stage5", "uv": [ 7.5, 10.5, 8.5, 26.5 ], "windMode": [5,5,5,5], "windData": [1,2,2,1] },
						"south": { "texture": "#stage5", "uv": [ 7.5, 24.0, 8.5, 40.0 ], "windMode": [5,5,5,5], "windData": [1,1,2,2] },
						"west": { "texture": "#stage5", "uv": [ 7.5, 12.5, 8.5, 28.5 ], "windMode": [5,5,5,5], "windData": [1,1,2,2] },
						"up": { "texture": "#stage5", "uv": [ 7.5, 9.5, 8.5, 10.5 ], "windMode": [5,5,5,5], "windData": [2,2,2,2] }
					}
				},
				{
					"name": "Mid Face a3",
					"from": [ -7.5, 0.0, 0.5 ],
					"to": [ 8.5, 40.0, 0.5 ],
					"shade": false,
					"renderPass": 1,
					"rotationOrigin": [ 0.5, 0.0, 0.5 ],
					"faces": {
						"north": { "texture": "#stage5b", "uv": [ 0.0, 0.0, 16.0, 40.0 ], "windMode": [0,5,5,0], "windData": [0,2,2,0] }
					}
				},
				{
					"name": "Mid Face b3",
					"from": [ 0.5, 0.0, -7.5 ],
					"to": [ 0.5, 40.0, 8.5 ],
					"shade": false,
					"renderPass": 1,
					"rotationOrigin": [ 0.5, 0.0, 0.5 ],
					"faces": {
						"east": { "texture": "#stage5", "uv": [ 0.0, 0.0, 16.0, 40.0 ], "windMode": [0,5,5,0], "windData": [0,2,2,0] }
					}
				}
			]
		},
		{
			"name": "Stalk a4",
			"from": [ 4.0, 0.0, 12.0 ],
			"to": [ 5.0, 16.0, 13.0 ],
			"shade": false,
			"rotationOrigin": [ 4.0, 0.0, 12.0 ],
			"rotationY": -45.0,
			"faces": {
				"north": { "texture": "#stage5", "uv": [ 7.5, 13.0, 8.5, 29.0 ], "windMode": [0,5,5,0], "windData": [0,1,1,0] },
				"east": { "texture": "#stage5", "uv": [ 7.5, 7.0, 8.5, 23.0 ], "windMode": [0,5,5,0], "windData": [0,1,1,0] },
				"south": { "texture": "#stage5", "uv": [ 7.5, 23.0, 8.5, 39.0 ], "windMode": [0,0,5,5], "windData": [0,0,1,1] },
				"west": { "texture": "#stage5", "uv": [ 7.5, 17.0, 8.5, 33.0 ], "windMode": [0,0,5,5], "windData": [0,0,1,1] },
				"up": { "texture": "#stage5", "uv": [ 7.5, 18.0, 8.5, 19.0 ], "windMode": [5,5,5,5], "windData": [1,1,1,1] }
			},
			"children": [
				{
					"name": "Stalk b4",
					"from": [ 0.0, 16.0, 0.0 ],
					"to": [ 1.0, 32.0, 1.0 ],
					"shade": false,
					"rotationOrigin": [ 0.0, 16.0, 0.0 ],
					"faces": {
						"north": { "texture": "#stage5", "uv": [ 7.5, 24.0, 8.5, 40.0 ], "windMode": [5,5,5,5], "windData": [1,2,2,1] },
						"east": { "texture": "#stage5", "uv": [ 7.5, 10.5, 8.5, 26.5 ], "windMode": [5,5,5,5], "windData": [1,2,2,1] },
						"south": { "texture": "#stage5", "uv": [ 7.5, 24.0, 8.5, 40.0 ], "windMode": [5,5,5,5], "windData": [1,1,2,2] },
						"west": { "texture": "#stage5", "uv": [ 7.5, 12.5, 8.5, 28.5 ], "windMode": [5,5,5,5], "windData": [1,1,2,2] },
						"up": { "texture": "#stage5", "uv": [ 7.5, 9.5, 8.5, 10.5 ], "windMode": [5,5,5,5], "windData": [2,2,2,2] }
					}
				},
				{
					"name": "Mid Face a4",
					"from": [ -7.5, 0.0, 0.5 ],
					"to": [ 8.5, 40.0, 0.5 ],
					"shade": false,
					"renderPass": 1,
					"rotationOrigin": [ 0.5, 0.0, 0.5 ],
					"faces": {
						"north": { "texture": "#stage5b", "uv": [ 0.0, 0.0, 16.0, 40.0 ], "windMode": [0,5,5,0], "windData": [0,2,2,0] }
					}
				},
				{
					"name": "Mid Face b4",
					"from": [ 0.5, 0.0, -7.5 ],
					"to": [ 0.5, 40.0, 8.5 ],
					"shade": false,
					"renderPass": 1,
					"rotationOrigin": [ 0.5, 0.0, 0.5 ],
					"faces": {
						"east": { "texture": "#stage5", "uv": [ 0.0, 0.0, 16.0, 40.0 ], "windMode": [0,5,5,0], "windData": [0,2,2,0] }
					}
				}
			]
		}
	]}