{
	"editor": {
		"allAngles": true,
		"entityTextureMode": false
	},
	"textureWidth": 24,
	"textureHeight": 8,
	"textureSizes": {
		"leaves1": [24,8],
		"flower1": [24,8]
	},
	"textures": {
	},
	"elements": [
		{
			"name": "Origin",
			"from": [ 8.0, -3.0, 8.0 ],
			"to": [ 8.0, -3.0, 8.0 ],
			"rotationOrigin": [ 8.0, -3.0, 8.0 ],
			"faces": {
			},
			"children": [
				{
					"name": "Leaves 1",
					"from": [ -12.0, 0.0, 0.0 ],
					"to": [ 12.0, 8.0, 0.0 ],
					"shade": false,
					"renderPass": 1,
					"rotationOrigin": [ 0.0, 0.0, 0.0 ],
					"rotationX": 10.0,
					"faces": {
						"north": { "texture": "#leaves1", "uv": [ 0.0, 0.0, 24.0, 8.0 ], "windMode": [0,0,7,7] }
					}
				},
				{
					"name": "Leaves 2",
					"from": [ -12.0, 0.0, 0.0 ],
					"to": [ 12.0, 8.0, 0.0 ],
					"shade": false,
					"renderPass": 1,
					"rotationOrigin": [ 0.0, 0.0, 0.0 ],
					"rotationX": -10.0,
					"faces": {
						"south": { "texture": "#flower1", "uv": [ 0.0, 0.0, 24.0, 8.0 ], "windMode": [0,0,7,7] }
					}
				}
			]
		},
		{
			"name": "Origin2",
			"from": [ 2.0, -4.0, 2.0 ],
			"to": [ 2.0, -4.0, 2.0 ],
			"rotationOrigin": [ 2.0, -4.0, 2.0 ],
			"rotationY": -25.0,
			"faces": {
			},
			"children": [
				{
					"name": "Leaves 3",
					"from": [ -12.0, 0.0, 0.0 ],
					"to": [ 12.0, 8.0, 0.0 ],
					"shade": false,
					"renderPass": 1,
					"rotationOrigin": [ 0.0, 0.0, 0.0 ],
					"rotationX": 10.0,
					"faces": {
						"north": { "texture": "#flower1", "uv": [ 0.0, 0.0, 24.0, 8.0 ], "windMode": [0,0,7,7] }
					}
				},
				{
					"name": "Leaves 4",
					"from": [ -12.0, 0.0, 0.0 ],
					"to": [ 12.0, 8.0, 0.0 ],
					"shade": false,
					"renderPass": 1,
					"rotationOrigin": [ 0.0, 0.0, 0.0 ],
					"rotationX": -10.0,
					"faces": {
						"south": { "texture": "#leaves1", "uv": [ 0.0, 0.0, 24.0, 8.0 ], "windMode": [0,0,7,7] }
					}
				}
			]
		},
		{
			"name": "Origin3",
			"from": [ 10.0, -4.0, 13.0 ],
			"to": [ 10.0, -4.0, 13.0 ],
			"rotationOrigin": [ 10.0, -4.0, 13.0 ],
			"rotationY": -25.0,
			"faces": {
			},
			"children": [
				{
					"name": "Leaves 5",
					"from": [ -12.0, 0.0, 0.0 ],
					"to": [ 12.0, 8.0, 0.0 ],
					"shade": false,
					"renderPass": 1,
					"rotationOrigin": [ 0.0, 0.0, 0.0 ],
					"rotationX": 10.0,
					"faces": {
						"north": { "texture": "#flower1", "uv": [ 0.0, 0.0, 24.0, 8.0 ], "windMode": [0,0,7,7] }
					}
				},
				{
					"name": "Leaves 6",
					"from": [ -12.0, 0.0, 0.0 ],
					"to": [ 12.0, 8.0, 0.0 ],
					"shade": false,
					"renderPass": 1,
					"rotationOrigin": [ 0.0, 0.0, 0.0 ],
					"rotationX": -10.0,
					"faces": {
						"south": { "texture": "#leaves1", "uv": [ 0.0, 0.0, 24.0, 8.0 ], "windMode": [0,0,7,7] }
					}
				}
			]
		},
		{
			"name": "Origin4",
			"from": [ 12.0, -3.0, 2.0 ],
			"to": [ 12.0, -3.0, 2.0 ],
			"rotationOrigin": [ 12.0, -3.0, 2.0 ],
			"rotationY": 147.0,
			"faces": {
			},
			"children": [
				{
					"name": "Leaves 7",
					"from": [ -12.0, 0.0, 0.0 ],
					"to": [ 12.0, 8.0, 0.0 ],
					"shade": false,
					"renderPass": 1,
					"rotationOrigin": [ 0.0, 0.0, 0.0 ],
					"rotationX": 10.0,
					"faces": {
						"north": { "texture": "#flower1", "uv": [ 0.0, 0.0, 24.0, 8.0 ], "windMode": [0,0,7,7] }
					}
				},
				{
					"name": "Leaves 8",
					"from": [ -12.0, 0.0, 0.0 ],
					"to": [ 12.0, 8.0, 0.0 ],
					"shade": false,
					"renderPass": 1,
					"rotationOrigin": [ 0.0, 0.0, 0.0 ],
					"rotationX": -10.0,
					"faces": {
						"south": { "texture": "#leaves1", "uv": [ 0.0, 0.0, 24.0, 8.0 ], "windMode": [0,0,7,7] }
					}
				}
			]
		},
		{
			"name": "Origin5",
			"from": [ 3.0, -4.0, 16.0 ],
			"to": [ 3.0, -4.0, 16.0 ],
			"rotationOrigin": [ 3.0, -4.0, 16.0 ],
			"faces": {
			},
			"children": [
				{
					"name": "Leaves 9",
					"from": [ -12.0, 0.0, 0.0 ],
					"to": [ 12.0, 8.0, 0.0 ],
					"shade": false,
					"renderPass": 1,
					"rotationOrigin": [ 0.0, 0.0, 0.0 ],
					"rotationX": 10.0,
					"faces": {
						"north": { "texture": "#flower1", "uv": [ 0.0, 0.0, 24.0, 8.0 ], "windMode": [0,0,7,7] }
					}
				},
				{
					"name": "Leaves 10",
					"from": [ -12.0, 0.0, 0.0 ],
					"to": [ 12.0, 8.0, 0.0 ],
					"shade": false,
					"renderPass": 1,
					"rotationOrigin": [ 0.0, 0.0, 0.0 ],
					"rotationX": -10.0,
					"faces": {
						"south": { "texture": "#leaves1", "uv": [ 0.0, 0.0, 24.0, 8.0 ], "windMode": [0,0,7,7] }
					}
				}
			]
		}
	]}