[
	{
		"ingredientPattern": "WF",
		"ingredients": {
			"W": {
				"type": "block",
				"code": "game:woodbucket"
			},
			"F": {
				"type": "item",
				"code": "game:flour-*",
				"allowedVariants": [ "flax", "millet", "rice", "rye", "spelt", "cassava", "amaranth", "sunflower" ],
				"name": "type"
			}
		},
		"width": 2,
		"height": 1,
		"attributes": {
			"liquidContainerProps": {
				"requiresContent": {
					"type": "item",
					"code": "butchering:bloodportion"
				},
				"requiresLitres": 0.5
			}
		},
		"name": "blooddough",
		"shapeless": true,
		"output": {
			"type": "item",
			"code": "blooddough-{type}"
		}
	},
	{
		"ingredientPattern": "WF",
		"ingredients": {
			"W": {
				"type": "block",
				"code": "game:bowl-*-fired"
			},
			"F": {
				"type": "item",
				"code": "game:flour-*",
				"allowedVariants": [ "flax", "millet", "rice", "rye", "spelt", "cassava", "amaranth", "sunflower" ],
				"name": "type"
			}
		},
		"width": 2,
		"height": 1,
		"attributes": {
			"liquidContainerProps": {
				"requiresContent": {
					"type": "item",
					"code": "butchering:bloodportion"
				},
				"requiresLitres": 0.5
			}
		},
		"name": "blooddough",
		"shapeless": true,
		"output": {
			"type": "item",
			"code": "blooddough-{type}"
		}
	},
	{
		"ingredientPattern": "WF",
		"ingredients": {
			"W": {
				"type": "block",
				"code": "game:jug-*-fired"
			},
			"F": {
				"type": "item",
				"code": "game:flour-*",
				"allowedVariants": [ "flax", "millet", "rice", "rye", "spelt", "cassava", "amaranth", "sunflower" ],
				"name": "type"
			}
		},
		"width": 2,
		"height": 1,
		"attributes": {
			"liquidContainerProps": {
				"requiresContent": {
					"type": "item",
					"code": "butchering:bloodportion"
				},
				"requiresLitres": 0.5
			}
		},
		"name": "blooddough",
		"shapeless": true,
		"output": {
			"type": "item",
			"code": "blooddough-{type}"
		}
	}
]