{
	"editor": {
		"allAngles": false,
		"entityTextureMode": false
	},
	"textureWidth": 16,
	"textureHeight": 16,
	"textureSizes": {
	},
	"textures": {
	},
	"elements": [
		{
			"name": "Mold1-W",
			"from": [ 1.5, 0.0, 1.5 ],
			"to": [ 2.5, 2.0, 14.5 ],
			"rotationOrigin": [ -4.5, 0.0, -2.5 ],
			"faces": {
				"north": { "texture": "#other", "uv": [ 0.0, 0.0, 1.0, 2.0 ] },
				"east": { "texture": "#other", "uv": [ 0.0, 0.0, 13.0, 2.0 ] },
				"south": { "texture": "#other", "uv": [ 0.0, 0.0, 1.0, 2.0 ] },
				"west": { "texture": "#other", "uv": [ 0.0, 0.0, 13.0, 2.0 ] },
				"up": { "texture": "#other", "uv": [ 0.0, 0.0, 1.0, 13.0 ] },
				"down": { "texture": "#other", "uv": [ 0.0, 0.0, 1.0, 13.0 ] }
			}
		},
		{
			"name": "Mold1-E",
			"from": [ 13.5, 0.0, 1.5 ],
			"to": [ 14.5, 2.0, 14.5 ],
			"rotationOrigin": [ 3.5, 0.0, -2.5 ],
			"faces": {
				"north": { "texture": "#other", "uv": [ 4.5, 4.0, 5.5, 6.0 ] },
				"east": { "texture": "#other", "uv": [ 0.5, 3.5, 13.5, 5.5 ] },
				"south": { "texture": "#other", "uv": [ 4.0, 10.0, 5.0, 12.0 ] },
				"west": { "texture": "#other", "uv": [ 1.5, 9.0, 14.5, 11.0 ] },
				"up": { "texture": "#other", "uv": [ 8.0, 1.0, 9.0, 14.0 ] },
				"down": { "texture": "#other", "uv": [ 5.0, 0.5, 6.0, 13.5 ] }
			}
		},
		{
			"name": "Mold1-S",
			"from": [ 2.5, 0.0, 13.5 ],
			"to": [ 13.5, 2.0, 14.5 ],
			"rotationOrigin": [ 2.5, 0.0, 14.5 ],
			"faces": {
				"north": { "texture": "#other", "uv": [ 0.0, 0.0, 11.0, 2.0 ] },
				"east": { "texture": "#other", "uv": [ 0.0, 0.0, 1.0, 2.0 ] },
				"south": { "texture": "#other", "uv": [ 0.0, 0.0, 11.0, 2.0 ] },
				"west": { "texture": "#other", "uv": [ 0.0, 0.0, 1.0, 2.0 ] },
				"up": { "texture": "#other", "uv": [ 0.0, 0.0, 11.0, 1.0 ] },
				"down": { "texture": "#other", "uv": [ 0.0, 0.0, 11.0, 1.0 ] }
			}
		},
		{
			"name": "Mold1-N",
			"from": [ 2.5, 0.0, 1.5 ],
			"to": [ 13.5, 2.0, 2.5 ],
			"rotationOrigin": [ 2.5, 0.0, 0.5 ],
			"faces": {
				"north": { "texture": "#other", "uv": [ 4.0, 4.5, 15.0, 6.5 ] },
				"east": { "texture": "#other", "uv": [ 7.0, 4.0, 8.0, 6.0 ] },
				"south": { "texture": "#other", "uv": [ 4.5, 0.0, 15.5, 2.0 ] },
				"west": { "texture": "#other", "uv": [ 2.5, 8.5, 3.5, 10.5 ] },
				"up": { "texture": "#other", "uv": [ 1.5, 8.5, 12.5, 9.5 ] },
				"down": { "texture": "#other", "uv": [ 0.5, 8.5, 11.5, 9.5 ] }
			}
		},
		{
			"name": "Mold1-Floor",
			"from": [ 2.5, 0.0, 2.5 ],
			"to": [ 13.5, 1.0, 13.5 ],
			"rotationOrigin": [ 8.0, 0.0, 8.0 ],
			"faces": {
				"north": { "texture": "#other", "uv": [ 0.0, 0.0, 11.0, 1.0 ] },
				"east": { "texture": "#other", "uv": [ 0.0, 0.0, 11.0, 1.0 ] },
				"south": { "texture": "#other", "uv": [ 0.0, 0.0, 11.0, 1.0 ] },
				"west": { "texture": "#other", "uv": [ 0.0, 0.0, 11.0, 1.0 ] },
				"up": { "texture": "#other", "uv": [ 0.0, 0.0, 11.0, 11.0 ] },
				"down": { "texture": "#other", "uv": [ 0.0, 0.0, 11.0, 11.0 ] }
			}
		}
	]}