{
	"editor": {
		"allAngles": false,
		"entityTextureMode": false
	},
	"textureWidth": 16,
	"textureHeight": 16,
	"textureSizes": {
	},
	"textures": {
		"other": "block/clay/ceramic"
	},
	"elements": [
		{
			"name": "Mold1-W",
			"from": [ 1.5, 0.0, 1.5 ],
			"to": [ 2.5, 2.0, 14.5 ],
			"rotationOrigin": [ -4.5, 0.0, -2.5 ],
			"faces": {
				"north": { "texture": "#other", "uv": [ 0.0, 0.0, 1.0, 2.0 ] },
				"east": { "texture": "#other", "uv": [ 0.0, 0.0, 13.0, 2.0 ] },
				"south": { "texture": "#other", "uv": [ 0.0, 0.0, 1.0, 2.0 ] },
				"west": { "texture": "#other", "uv": [ 0.0, 0.0, 13.0, 2.0 ] },
				"up": { "texture": "#other", "uv": [ 0.0, 0.0, 1.0, 13.0 ] },
				"down": { "texture": "#other", "uv": [ 0.0, 0.0, 1.0, 13.0 ] }
			}
		},
		{
			"name": "Mold1-E",
			"from": [ 13.5, 0.0, 1.5 ],
			"to": [ 14.5, 2.0, 14.5 ],
			"rotationOrigin": [ 3.5, 0.0, -2.5 ],
			"faces": {
				"north": { "texture": "#other", "uv": [ 4.5, 4.0, 5.5, 6.0 ] },
				"east": { "texture": "#other", "uv": [ 0.5, 3.5, 13.5, 5.5 ] },
				"south": { "texture": "#other", "uv": [ 4.0, 10.0, 5.0, 12.0 ] },
				"west": { "texture": "#other", "uv": [ 1.5, 9.0, 14.5, 11.0 ] },
				"up": { "texture": "#other", "uv": [ 8.0, 1.0, 9.0, 14.0 ] },
				"down": { "texture": "#other", "uv": [ 5.0, 0.5, 6.0, 13.5 ] }
			}
		},
		{
			"name": "Mold1-S",
			"from": [ 2.5, 0.0, 13.5 ],
			"to": [ 13.5, 2.0, 14.5 ],
			"rotationOrigin": [ 2.5, 0.0, 14.5 ],
			"faces": {
				"north": { "texture": "#other", "uv": [ 0.0, 0.0, 11.0, 2.0 ] },
				"east": { "texture": "#other", "uv": [ 0.0, 0.0, 1.0, 2.0 ] },
				"south": { "texture": "#other", "uv": [ 0.0, 0.0, 11.0, 2.0 ] },
				"west": { "texture": "#other", "uv": [ 0.0, 0.0, 1.0, 2.0 ] },
				"up": { "texture": "#other", "uv": [ 0.0, 0.0, 11.0, 1.0 ] },
				"down": { "texture": "#other", "uv": [ 0.0, 0.0, 11.0, 1.0 ] }
			}
		},
		{
			"name": "Mold1-N",
			"from": [ 2.5, 0.0, 1.5 ],
			"to": [ 13.5, 2.0, 2.5 ],
			"rotationOrigin": [ 2.5, 0.0, 0.5 ],
			"faces": {
				"north": { "texture": "#other", "uv": [ 4.0, 4.5, 15.0, 6.5 ] },
				"east": { "texture": "#other", "uv": [ 7.0, 4.0, 8.0, 6.0 ] },
				"south": { "texture": "#other", "uv": [ 4.5, 0.0, 15.5, 2.0 ] },
				"west": { "texture": "#other", "uv": [ 2.5, 8.5, 3.5, 10.5 ] },
				"up": { "texture": "#other", "uv": [ 1.5, 8.5, 12.5, 9.5 ] },
				"down": { "texture": "#other", "uv": [ 0.5, 8.5, 11.5, 9.5 ] }
			}
		},
		{
			"name": "Mold1-Floor",
			"from": [ 2.5, 0.0, 2.5 ],
			"to": [ 13.5, 1.0, 13.5 ],
			"rotationOrigin": [ 8.0, 0.0, 8.0 ],
			"faces": {
				"north": { "texture": "#other", "uv": [ 0.0, 0.0, 11.0, 1.0 ] },
				"east": { "texture": "#other", "uv": [ 0.0, 0.0, 11.0, 1.0 ] },
				"south": { "texture": "#other", "uv": [ 0.0, 0.0, 11.0, 1.0 ] },
				"west": { "texture": "#other", "uv": [ 0.0, 0.0, 11.0, 1.0 ] },
				"up": { "texture": "#other", "uv": [ 0.0, 0.0, 11.0, 11.0 ] },
				"down": { "texture": "#other", "uv": [ 0.0, 0.0, 11.0, 11.0 ] }
			}
		},
		{
			"name": "WallE-W1",
			"from": [ 2.5, 1.0, 4.5 ],
			"to": [ 13.5, 2.0, 5.5 ],
			"rotationOrigin": [ 2.5, 1.0, 3.5 ],
			"faces": {
				"north": { "texture": "#other", "uv": [ 4.0, 1.0, 15.0, 2.0 ] },
				"east": { "texture": "#other", "uv": [ 12.0, 8.5, 13.0, 9.5 ] },
				"south": { "texture": "#other", "uv": [ 3.0, 0.5, 14.0, 1.5 ] },
				"west": { "texture": "#other", "uv": [ 2.0, 0.5, 3.0, 1.5 ] },
				"up": { "texture": "#other", "uv": [ 2.5, 13.5, 13.5, 14.5 ] },
				"down": { "texture": "#other", "uv": [ 4.0, 8.0, 15.0, 9.0 ] }
			}
		},
		{
			"name": "WallE-W2",
			"from": [ 2.5, 1.0, 7.5 ],
			"to": [ 13.5, 2.0, 8.5 ],
			"rotationOrigin": [ 2.5, 1.0, 6.5 ],
			"faces": {
				"north": { "texture": "#other", "uv": [ 1.0, 7.0, 12.0, 8.0 ] },
				"east": { "texture": "#other", "uv": [ 0.0, 7.0, 1.0, 8.0 ] },
				"south": { "texture": "#other", "uv": [ 2.5, 2.5, 13.5, 3.5 ] },
				"west": { "texture": "#other", "uv": [ 6.5, 6.5, 7.5, 7.5 ] },
				"up": { "texture": "#other", "uv": [ 1.0, 12.5, 12.0, 13.5 ] },
				"down": { "texture": "#other", "uv": [ 1.0, 2.0, 12.0, 3.0 ] }
			}
		},
		{
			"name": "WallE-W3",
			"from": [ 2.5, 1.0, 10.5 ],
			"to": [ 13.5, 2.0, 11.5 ],
			"rotationOrigin": [ 2.5, 1.0, 10.5 ],
			"faces": {
				"north": { "texture": "#other", "uv": [ 2.5, 8.5, 13.5, 9.5 ] },
				"east": { "texture": "#other", "uv": [ 10.0, 6.5, 11.0, 7.5 ] },
				"south": { "texture": "#other", "uv": [ 1.5, 4.0, 12.5, 5.0 ] },
				"west": { "texture": "#other", "uv": [ 9.5, 3.0, 10.5, 4.0 ] },
				"up": { "texture": "#other", "uv": [ 1.0, 2.0, 12.0, 3.0 ] },
				"down": { "texture": "#other", "uv": [ 3.0, 14.5, 14.0, 15.5 ] }
			}
		},
		{
			"name": "WallN-S1",
			"from": [ 4.5, 0.99, 2.5 ],
			"to": [ 5.5, 1.99, 13.5 ],
			"rotationOrigin": [ 4.5, 1.0, 2.5 ],
			"faces": {
				"north": { "texture": "#other", "uv": [ 12.5, 2.5, 13.5, 3.5 ] },
				"east": { "texture": "#other", "uv": [ 0.5, 9.0, 11.5, 10.0 ] },
				"south": { "texture": "#other", "uv": [ 1.0, 13.5, 2.0, 14.5 ] },
				"west": { "texture": "#other", "uv": [ 1.0, 5.5, 12.0, 6.5 ] },
				"up": { "texture": "#other", "uv": [ 8.0, 3.0, 9.0, 14.0 ] },
				"down": { "texture": "#other", "uv": [ 8.5, 4.5, 9.5, 15.5 ] }
			}
		},
		{
			"name": "WallN-S2",
			"from": [ 7.5, 0.99, 2.5 ],
			"to": [ 8.5, 1.99, 13.5 ],
			"rotationOrigin": [ 7.5, 1.0, 2.5 ],
			"faces": {
				"north": { "texture": "#other", "uv": [ 9.0, 2.5, 10.0, 3.5 ] },
				"east": { "texture": "#other", "uv": [ 1.0, 0.5, 12.0, 1.5 ] },
				"south": { "texture": "#other", "uv": [ 3.5, 2.5, 4.5, 3.5 ] },
				"west": { "texture": "#other", "uv": [ 1.5, 9.0, 12.5, 10.0 ] },
				"up": { "texture": "#other", "uv": [ 8.0, 0.5, 9.0, 11.5 ] },
				"down": { "texture": "#other", "uv": [ 1.5, 1.0, 2.5, 12.0 ] }
			}
		},
		{
			"name": "WallN-S3",
			"from": [ 10.5, 0.99, 2.5 ],
			"to": [ 11.5, 1.99, 13.5 ],
			"rotationOrigin": [ 10.5, 1.0, 2.5 ],
			"faces": {
				"north": { "texture": "#other", "uv": [ 5.5, 6.0, 6.5, 7.0 ] },
				"east": { "texture": "#other", "uv": [ 4.5, 4.0, 15.5, 5.0 ] },
				"south": { "texture": "#other", "uv": [ 8.0, 11.0, 9.0, 12.0 ] },
				"west": { "texture": "#other", "uv": [ 2.5, 9.5, 13.5, 10.5 ] },
				"up": { "texture": "#other", "uv": [ 9.5, 0.0, 10.5, 11.0 ] },
				"down": { "texture": "#other", "uv": [ 9.0, 2.5, 10.0, 13.5 ] }
			}
		},
		{
			"name": "Cube2",
			"from": [ 3.2, 1.0, 12.0 ],
			"to": [ 3.7, 2.0, 13.0 ],
			"rotationOrigin": [ 2.5, 0.99, 12.5 ],
			"faces": {
				"north": { "texture": "#other", "uv": [ 0.0, 0.0, 0.5, 1.0 ] },
				"east": { "texture": "#other", "uv": [ 0.0, 0.0, 1.0, 1.0 ] },
				"south": { "texture": "#other", "uv": [ 0.0, 0.0, 0.5, 1.0 ] },
				"west": { "texture": "#other", "uv": [ 0.0, 0.0, 1.0, 1.0 ] },
				"up": { "texture": "#other", "uv": [ 0.0, 0.0, 0.5, 1.0 ] },
				"down": { "texture": "#other", "uv": [ 0.0, 0.0, 0.5, 1.0 ] }
			}
		},
		{
			"name": "Cube3",
			"from": [ 3.2, 1.0, 9.0 ],
			"to": [ 3.7, 2.0, 10.0 ],
			"rotationOrigin": [ 2.5, 0.99, 9.5 ],
			"faces": {
				"north": { "texture": "#other", "uv": [ 0.0, 0.0, 0.5, 1.0 ] },
				"east": { "texture": "#other", "uv": [ 0.0, 0.0, 1.0, 1.0 ] },
				"south": { "texture": "#other", "uv": [ 0.0, 0.0, 0.5, 1.0 ] },
				"west": { "texture": "#other", "uv": [ 0.0, 0.0, 1.0, 1.0 ] },
				"up": { "texture": "#other", "uv": [ 0.0, 0.0, 0.5, 1.0 ] },
				"down": { "texture": "#other", "uv": [ 0.0, 0.0, 0.5, 1.0 ] }
			}
		},
		{
			"name": "Cube4",
			"from": [ 3.2, 1.0, 6.0 ],
			"to": [ 3.7, 2.0, 7.0 ],
			"rotationOrigin": [ 2.5, 0.99, 6.5 ],
			"faces": {
				"north": { "texture": "#other", "uv": [ 0.0, 0.0, 0.5, 1.0 ] },
				"east": { "texture": "#other", "uv": [ 0.0, 0.0, 1.0, 1.0 ] },
				"south": { "texture": "#other", "uv": [ 0.0, 0.0, 0.5, 1.0 ] },
				"west": { "texture": "#other", "uv": [ 0.0, 0.0, 1.0, 1.0 ] },
				"up": { "texture": "#other", "uv": [ 0.0, 0.0, 0.5, 1.0 ] },
				"down": { "texture": "#other", "uv": [ 0.0, 0.0, 0.5, 1.0 ] }
			}
		},
		{
			"name": "Cube5",
			"from": [ 3.2, 1.0, 3.0 ],
			"to": [ 3.7, 2.0, 4.0 ],
			"rotationOrigin": [ 2.5, 0.99, 3.5 ],
			"faces": {
				"north": { "texture": "#other", "uv": [ 0.0, 0.0, 0.5, 1.0 ] },
				"east": { "texture": "#other", "uv": [ 0.0, 0.0, 1.0, 1.0 ] },
				"south": { "texture": "#other", "uv": [ 0.0, 0.0, 0.5, 1.0 ] },
				"west": { "texture": "#other", "uv": [ 0.0, 0.0, 1.0, 1.0 ] },
				"up": { "texture": "#other", "uv": [ 0.0, 0.0, 0.5, 1.0 ] },
				"down": { "texture": "#other", "uv": [ 0.0, 0.0, 0.5, 1.0 ] }
			}
		},
		{
			"name": "Cube6",
			"from": [ 6.3, 1.0, 3.0 ],
			"to": [ 6.8, 2.0, 4.0 ],
			"rotationOrigin": [ 5.5, 0.99, 3.5 ],
			"faces": {
				"north": { "texture": "#other", "uv": [ 0.0, 0.0, 0.5, 1.0 ] },
				"east": { "texture": "#other", "uv": [ 0.0, 0.0, 1.0, 1.0 ] },
				"south": { "texture": "#other", "uv": [ 0.0, 0.0, 0.5, 1.0 ] },
				"west": { "texture": "#other", "uv": [ 0.0, 0.0, 1.0, 1.0 ] },
				"up": { "texture": "#other", "uv": [ 0.0, 0.0, 0.5, 1.0 ] },
				"down": { "texture": "#other", "uv": [ 0.0, 0.0, 0.5, 1.0 ] }
			}
		},
		{
			"name": "Cube7",
			"from": [ 6.3, 1.0, 6.0 ],
			"to": [ 6.8, 2.0, 7.0 ],
			"rotationOrigin": [ 5.5, 0.99, 6.5 ],
			"faces": {
				"north": { "texture": "#other", "uv": [ 0.0, 0.0, 0.5, 1.0 ] },
				"east": { "texture": "#other", "uv": [ 0.0, 0.0, 1.0, 1.0 ] },
				"south": { "texture": "#other", "uv": [ 0.0, 0.0, 0.5, 1.0 ] },
				"west": { "texture": "#other", "uv": [ 0.0, 0.0, 1.0, 1.0 ] },
				"up": { "texture": "#other", "uv": [ 0.0, 0.0, 0.5, 1.0 ] },
				"down": { "texture": "#other", "uv": [ 0.0, 0.0, 0.5, 1.0 ] }
			}
		},
		{
			"name": "Cube8",
			"from": [ 6.3, 1.0, 9.0 ],
			"to": [ 6.8, 2.0, 10.0 ],
			"rotationOrigin": [ 5.5, 0.99, 9.5 ],
			"faces": {
				"north": { "texture": "#other", "uv": [ 0.0, 0.0, 0.5, 1.0 ] },
				"east": { "texture": "#other", "uv": [ 0.0, 0.0, 1.0, 1.0 ] },
				"south": { "texture": "#other", "uv": [ 0.0, 0.0, 0.5, 1.0 ] },
				"west": { "texture": "#other", "uv": [ 0.0, 0.0, 1.0, 1.0 ] },
				"up": { "texture": "#other", "uv": [ 0.0, 0.0, 0.5, 1.0 ] },
				"down": { "texture": "#other", "uv": [ 0.0, 0.0, 0.5, 1.0 ] }
			}
		},
		{
			"name": "Cube9",
			"from": [ 6.3, 1.0, 12.0 ],
			"to": [ 6.8, 2.0, 13.0 ],
			"rotationOrigin": [ 5.5, 0.99, 12.5 ],
			"faces": {
				"north": { "texture": "#other", "uv": [ 0.0, 0.0, 0.5, 1.0 ] },
				"east": { "texture": "#other", "uv": [ 0.0, 0.0, 1.0, 1.0 ] },
				"south": { "texture": "#other", "uv": [ 0.0, 0.0, 0.5, 1.0 ] },
				"west": { "texture": "#other", "uv": [ 0.0, 0.0, 1.0, 1.0 ] },
				"up": { "texture": "#other", "uv": [ 0.0, 0.0, 0.5, 1.0 ] },
				"down": { "texture": "#other", "uv": [ 0.0, 0.0, 0.5, 1.0 ] }
			}
		},
		{
			"name": "Cube10",
			"from": [ 9.2, 1.0, 12.0 ],
			"to": [ 9.7, 2.0, 13.0 ],
			"rotationOrigin": [ 8.5, 0.99, 12.5 ],
			"faces": {
				"north": { "texture": "#other", "uv": [ 0.0, 0.0, 0.5, 1.0 ] },
				"east": { "texture": "#other", "uv": [ 0.0, 0.0, 1.0, 1.0 ] },
				"south": { "texture": "#other", "uv": [ 0.0, 0.0, 0.5, 1.0 ] },
				"west": { "texture": "#other", "uv": [ 0.0, 0.0, 1.0, 1.0 ] },
				"up": { "texture": "#other", "uv": [ 0.0, 0.0, 0.5, 1.0 ] },
				"down": { "texture": "#other", "uv": [ 0.0, 0.0, 0.5, 1.0 ] }
			}
		},
		{
			"name": "Cube11",
			"from": [ 9.2, 1.0, 9.0 ],
			"to": [ 9.7, 2.0, 10.0 ],
			"rotationOrigin": [ 8.5, 0.99, 9.5 ],
			"faces": {
				"north": { "texture": "#other", "uv": [ 0.0, 0.0, 0.5, 1.0 ] },
				"east": { "texture": "#other", "uv": [ 0.0, 0.0, 1.0, 1.0 ] },
				"south": { "texture": "#other", "uv": [ 0.0, 0.0, 0.5, 1.0 ] },
				"west": { "texture": "#other", "uv": [ 0.0, 0.0, 1.0, 1.0 ] },
				"up": { "texture": "#other", "uv": [ 0.0, 0.0, 0.5, 1.0 ] },
				"down": { "texture": "#other", "uv": [ 0.0, 0.0, 0.5, 1.0 ] }
			}
		},
		{
			"name": "Cube12",
			"from": [ 9.2, 1.0, 6.0 ],
			"to": [ 9.7, 2.0, 7.0 ],
			"rotationOrigin": [ 8.5, 0.99, 6.5 ],
			"faces": {
				"north": { "texture": "#other", "uv": [ 0.0, 0.0, 0.5, 1.0 ] },
				"east": { "texture": "#other", "uv": [ 0.0, 0.0, 1.0, 1.0 ] },
				"south": { "texture": "#other", "uv": [ 0.0, 0.0, 0.5, 1.0 ] },
				"west": { "texture": "#other", "uv": [ 0.0, 0.0, 1.0, 1.0 ] },
				"up": { "texture": "#other", "uv": [ 0.0, 0.0, 0.5, 1.0 ] },
				"down": { "texture": "#other", "uv": [ 0.0, 0.0, 0.5, 1.0 ] }
			}
		},
		{
			"name": "Cube13",
			"from": [ 9.2, 1.0, 3.0 ],
			"to": [ 9.7, 2.0, 4.0 ],
			"rotationOrigin": [ 8.5, 0.99, 3.5 ],
			"faces": {
				"north": { "texture": "#other", "uv": [ 0.0, 0.0, 0.5, 1.0 ] },
				"east": { "texture": "#other", "uv": [ 0.0, 0.0, 1.0, 1.0 ] },
				"south": { "texture": "#other", "uv": [ 0.0, 0.0, 0.5, 1.0 ] },
				"west": { "texture": "#other", "uv": [ 0.0, 0.0, 1.0, 1.0 ] },
				"up": { "texture": "#other", "uv": [ 0.0, 0.0, 0.5, 1.0 ] },
				"down": { "texture": "#other", "uv": [ 0.0, 0.0, 0.5, 1.0 ] }
			}
		},
		{
			"name": "Cube14",
			"from": [ 12.3, 1.0, 3.0 ],
			"to": [ 12.8, 2.0, 4.0 ],
			"rotationOrigin": [ 11.5, 0.99, 3.5 ],
			"faces": {
				"north": { "texture": "#other", "uv": [ 0.0, 0.0, 0.5, 1.0 ] },
				"east": { "texture": "#other", "uv": [ 0.0, 0.0, 1.0, 1.0 ] },
				"south": { "texture": "#other", "uv": [ 0.0, 0.0, 0.5, 1.0 ] },
				"west": { "texture": "#other", "uv": [ 0.0, 0.0, 1.0, 1.0 ] },
				"up": { "texture": "#other", "uv": [ 0.0, 0.0, 0.5, 1.0 ] },
				"down": { "texture": "#other", "uv": [ 0.0, 0.0, 0.5, 1.0 ] }
			}
		},
		{
			"name": "Cube15",
			"from": [ 12.3, 1.0, 6.0 ],
			"to": [ 12.8, 2.0, 7.0 ],
			"rotationOrigin": [ 11.5, 0.99, 6.5 ],
			"faces": {
				"north": { "texture": "#other", "uv": [ 0.0, 0.0, 0.5, 1.0 ] },
				"east": { "texture": "#other", "uv": [ 0.0, 0.0, 1.0, 1.0 ] },
				"south": { "texture": "#other", "uv": [ 0.0, 0.0, 0.5, 1.0 ] },
				"west": { "texture": "#other", "uv": [ 0.0, 0.0, 1.0, 1.0 ] },
				"up": { "texture": "#other", "uv": [ 0.0, 0.0, 0.5, 1.0 ] },
				"down": { "texture": "#other", "uv": [ 0.0, 0.0, 0.5, 1.0 ] }
			}
		},
		{
			"name": "Cube16",
			"from": [ 12.3, 1.0, 9.0 ],
			"to": [ 12.8, 2.0, 10.0 ],
			"rotationOrigin": [ 11.5, 0.99, 9.5 ],
			"faces": {
				"north": { "texture": "#other", "uv": [ 0.0, 0.0, 0.5, 1.0 ] },
				"east": { "texture": "#other", "uv": [ 0.0, 0.0, 1.0, 1.0 ] },
				"south": { "texture": "#other", "uv": [ 0.0, 0.0, 0.5, 1.0 ] },
				"west": { "texture": "#other", "uv": [ 0.0, 0.0, 1.0, 1.0 ] },
				"up": { "texture": "#other", "uv": [ 0.0, 0.0, 0.5, 1.0 ] },
				"down": { "texture": "#other", "uv": [ 0.0, 0.0, 0.5, 1.0 ] }
			}
		},
		{
			"name": "Cube17",
			"from": [ 12.3, 1.0, 12.0 ],
			"to": [ 12.8, 2.0, 13.0 ],
			"rotationOrigin": [ 11.5, 0.99, 12.5 ],
			"faces": {
				"north": { "texture": "#other", "uv": [ 0.0, 0.0, 0.5, 1.0 ] },
				"east": { "texture": "#other", "uv": [ 0.0, 0.0, 1.0, 1.0 ] },
				"south": { "texture": "#other", "uv": [ 0.0, 0.0, 0.5, 1.0 ] },
				"west": { "texture": "#other", "uv": [ 0.0, 0.0, 1.0, 1.0 ] },
				"up": { "texture": "#other", "uv": [ 0.0, 0.0, 0.5, 1.0 ] },
				"down": { "texture": "#other", "uv": [ 0.0, 0.0, 0.5, 1.0 ] }
			}
		}
	]}