{
	"editor": {
		"allAngles": false,
		"entityTextureMode": false
	},
	"textureWidth": 16,
	"textureHeight": 16,
	"textureSizes": {
	},
	"textures": {
		"other": "game:block/clay/ceramic",
		"floor": "game:block/clay/ceramic-dark"
	},
	"elements": [
		{
			"name": "Cube1",
			"from": [ 2.0, 0.0, 24.0 ],
			"to": [ 16.0, 1.0, 38.0 ],
			"rotationOrigin": [ -3.0, 0.0, 20.0 ],
			"rotationY": 90.0,
			"faces": {
				"north": { "texture": "#other", "uv": [ 2.0, 7.0, 16.0, 8.0 ] },
				"east": { "texture": "#other", "uv": [ 0.5, 10.5, 14.5, 11.5 ] },
				"south": { "texture": "#other", "uv": [ 0.0, 9.0, 14.0, 10.0 ] },
				"west": { "texture": "#other", "uv": [ 0.5, 12.0, 14.5, 13.0 ] },
				"up": { "texture": "#floor", "uv": [ 2.0, 1.0, 16.0, 15.0 ] },
				"down": { "texture": "#other", "uv": [ 2.0, 2.0, 16.0, 16.0 ] }
			},
			"children": [
				{
					"name": "W Border",
					"from": [ 1.0, 1.0, 0.0 ],
					"to": [ 13.0, 2.0, 2.0 ],
					"rotationOrigin": [ 1.0, 0.0, -3.0 ],
					"faces": {
						"north": { "texture": "#other", "uv": [ 1.0, 7.0, 13.0, 8.0 ] },
						"south": { "texture": "#other", "uv": [ 2.0, 11.5, 14.0, 12.5 ] },
						"up": { "texture": "#other", "uv": [ 1.0, 12.5, 13.0, 14.5 ] }
					}
				},
				{
					"name": "S Border",
					"from": [ 0.0, 1.0, 2.0 ],
					"to": [ 1.0, 2.0, 12.0 ],
					"rotationOrigin": [ 0.0, 1.0, 2.0 ],
					"faces": {
						"east": { "texture": "#other", "uv": [ 0.5, 14.5, 10.5, 15.5 ] },
						"west": { "texture": "#other", "uv": [ 3.0, 7.5, 13.0, 8.5 ] },
						"up": { "texture": "#other", "uv": [ 9.5, 3.5, 10.5, 13.5 ] }
					}
				},
				{
					"name": "E Border",
					"from": [ 1.0, 1.0, 12.0 ],
					"to": [ 13.0, 2.0, 14.0 ],
					"rotationOrigin": [ 1.0, 1.0, 12.0 ],
					"faces": {
						"north": { "texture": "#other", "uv": [ 3.5, 14.0, 15.5, 15.0 ] },
						"south": { "texture": "#other", "uv": [ 2.0, 2.0, 14.0, 3.0 ] },
						"up": { "texture": "#other", "uv": [ 2.0, 6.5, 14.0, 8.5 ] }
					}
				},
				{
					"name": "N Border",
					"from": [ 13.0, 1.0, 2.0 ],
					"to": [ 14.0, 2.0, 12.0 ],
					"rotationOrigin": [ 13.0, 1.0, 2.0 ],
					"faces": {
						"east": { "texture": "#other", "uv": [ 2.5, 14.0, 12.5, 15.0 ] },
						"west": { "texture": "#other", "uv": [ 0.5, 13.5, 10.5, 14.5 ] },
						"up": { "texture": "#other", "uv": [ 7.0, 0.0, 8.0, 10.0 ] }
					}
				},
				{
					"name": "NW Corner",
					"from": [ 0.0, 1.0, 0.0 ],
					"to": [ 1.0, 2.0, 2.0 ],
					"rotationOrigin": [ 0.0, 0.0, -3.0 ],
					"faces": {
						"north": { "texture": "#other", "uv": [ 6.0, 1.0, 7.0, 2.0 ] },
						"west": { "texture": "#other", "uv": [ 1.5, 7.5, 3.5, 8.5 ] },
						"up": { "texture": "#other", "uv": [ 12.0, 9.0, 13.0, 11.0 ] }
					}
				},
				{
					"name": "NE Corner",
					"from": [ 13.0, 1.0, 0.0 ],
					"to": [ 14.0, 2.0, 2.0 ],
					"rotationOrigin": [ 13.0, 0.0, -3.0 ],
					"faces": {
						"north": { "texture": "#other", "uv": [ 10.5, 12.5, 11.5, 13.5 ] },
						"east": { "texture": "#other", "uv": [ 9.5, 2.5, 11.5, 3.5 ] },
						"up": { "texture": "#other", "uv": [ 4.0, 8.5, 5.0, 10.5 ] }
					}
				},
				{
					"name": "SE Corner",
					"from": [ 13.0, 1.0, 12.0 ],
					"to": [ 14.0, 2.0, 14.0 ],
					"rotationOrigin": [ 13.0, 0.0, 9.0 ],
					"faces": {
						"east": { "texture": "#other", "uv": [ 12.5, 6.5, 14.5, 7.5 ] },
						"south": { "texture": "#other", "uv": [ 7.5, 11.0, 8.5, 12.0 ] },
						"up": { "texture": "#other", "uv": [ 9.0, 0.0, 10.0, 2.0 ] }
					}
				},
				{
					"name": "SW Corner",
					"from": [ 0.0, 1.0, 12.0 ],
					"to": [ 1.0, 2.0, 14.0 ],
					"rotationOrigin": [ 0.0, 0.0, 9.0 ],
					"faces": {
						"south": { "texture": "#other", "uv": [ 9.5, 5.0, 10.5, 6.0 ] },
						"west": { "texture": "#other", "uv": [ 1.0, 3.0, 3.0, 4.0 ] },
						"up": { "texture": "#other", "uv": [ 10.0, 0.0, 11.0, 2.0 ] }
					}
				}
			]
		},
		{
			"name": "Cube2",
			"from": [ 3.0, 1.0, 11.0 ],
			"to": [ 13.0, 2.0, 14.0 ],
			"rotationOrigin": [ 3.0, 1.0, 11.0 ],
			"faces": {
				"north": { "texture": "#other", "uv": [ 0.0, 0.0, 10.0, 1.0 ] },
				"east": { "texture": "#other", "uv": [ 0.0, 0.0, 3.0, 1.0 ] },
				"south": { "texture": "#other", "uv": [ 0.0, 0.0, 10.0, 1.0 ] },
				"west": { "texture": "#other", "uv": [ 0.0, 0.0, 3.0, 1.0 ] },
				"up": { "texture": "#other", "uv": [ 0.0, 0.0, 10.0, 3.0 ] },
				"down": { "texture": "#other", "uv": [ 0.0, 0.0, 10.0, 3.0 ] }
			}
		},
		{
			"name": "Cube3",
			"from": [ 3.0, 1.0, 2.0 ],
			"to": [ 13.0, 2.0, 6.0 ],
			"rotationOrigin": [ 3.0, 1.0, 2.0 ],
			"faces": {
				"north": { "texture": "#other", "uv": [ 0.0, 0.0, 10.0, 1.0 ] },
				"east": { "texture": "#other", "uv": [ 0.0, 0.0, 4.0, 1.0 ] },
				"south": { "texture": "#other", "uv": [ 0.0, 0.0, 10.0, 1.0 ] },
				"west": { "texture": "#other", "uv": [ 0.0, 0.0, 4.0, 1.0 ] },
				"up": { "texture": "#other", "uv": [ 0.0, 0.0, 10.0, 4.0 ] },
				"down": { "texture": "#other", "uv": [ 0.0, 0.0, 10.0, 4.0 ] }
			}
		},
		{
			"name": "Cube4",
			"from": [ 7.0, 1.0, 8.0 ],
			"to": [ 13.0, 2.0, 9.0 ],
			"rotationOrigin": [ 7.0, 1.0, 8.0 ],
			"faces": {
				"north": { "texture": "#other", "uv": [ 0.0, 0.0, 6.0, 1.0 ] },
				"east": { "texture": "#other", "uv": [ 0.0, 0.0, 1.0, 1.0 ] },
				"south": { "texture": "#other", "uv": [ 0.0, 0.0, 6.0, 1.0 ] },
				"west": { "texture": "#other", "uv": [ 0.0, 0.0, 1.0, 1.0 ] },
				"up": { "texture": "#other", "uv": [ 0.0, 0.0, 6.0, 1.0 ] },
				"down": { "texture": "#other", "uv": [ 0.0, 0.0, 6.0, 1.0 ] }
			}
		},
		{
			"name": "Cube5",
			"from": [ 4.0, 1.0, 7.0 ],
			"to": [ 7.0, 2.0, 10.0 ],
			"rotationOrigin": [ 4.0, 1.0, 7.0 ],
			"faces": {
				"north": { "texture": "#other", "uv": [ 0.0, 0.0, 3.0, 1.0 ] },
				"east": { "texture": "#other", "uv": [ 0.0, 0.0, 3.0, 1.0 ] },
				"south": { "texture": "#other", "uv": [ 0.0, 0.0, 3.0, 1.0 ] },
				"west": { "texture": "#other", "uv": [ 0.0, 0.0, 3.0, 1.0 ] },
				"up": { "texture": "#other", "uv": [ 0.0, 0.0, 3.0, 3.0 ] },
				"down": { "texture": "#other", "uv": [ 0.0, 0.0, 3.0, 3.0 ] }
			}
		}
	]}