{
	"editor": {
		"allAngles": false,
		"entityTextureMode": false
	},
	"textureWidth": 16,
	"textureHeight": 16,
	"textureSizes": {},
	"textures": {
		"surface": "game:block/wood/shelf/surface"
	},
	"elements": [
		{
			"name": "utilResourceBin",
			"from": [ 1.05, 1.0, 1.05 ],
			"to": [ 14.95, 2.0, 14.95 ],
			"rotationOrigin": [ 1.0, 1.0, 1.0 ],
			"faces": {
				"north": { "texture": "#surface", "uv": [ 0.0, 0.0, 13.5, 1.0 ] },
				"east": { "texture": "#surface", "uv": [ 0.0, 0.0, 13.5, 1.0 ] },
				"south": { "texture": "#surface", "uv": [ 0.0, 0.0, 13.5, 1.0 ] },
				"west": { "texture": "#surface", "uv": [ 0.0, 0.0, 13.5, 1.0 ] },
				"up": { "texture": "#surface", "uv": [ 0.0, 0.0, 13.5, 13.5 ] },
				"down": { "texture": "#surface", "uv": [ 0.0, 0.0, 13.5, 13.5 ] }
			}
		}
	]}