[
	{   
		"side": "Server",
		"dependsOn": [
			{ "modid": "stillnecessaries" },
			{ "modid": "combatoverhaul", "invert": true }
		],
		"file": "ancientarmory:itemtypes/spear.json",
		"op": "addmerge",
		"path": "/attributes",
		"value":{
			"sharpenable": true,
			"onGrindstoneTransformByType": {
			"*-voulge-*": {
				"translation": { "x": -0.32, "y": 0.32, "z": 0.35 },
				"rotation": { "x": 145, "y": 0, "z": 0 },
				"origin": { "x": 0.5, "y": 0.1, "z": 0.5 },
				"scale": 0.8
			},
			"*-ranseur-*": {
				"translation": { "x": -0.25, "y": 0.35, "z": 0.3 },
				"rotation": { "x": 145, "y": 0, "z": 0 },
				"origin": { "x": 0.5, "y": 0.1, "z": 0.5 },
				"scale": 0.8
			},
			"*-boar-*": {
				"translation": { "x": -0.52, "y": 0.42, "z": 0.27 },
				"rotation": { "x": 145, "y": 0, "z": 0 },
				"origin": { "x": 0.5, "y": 0.1, "z": 0.5 },
				"scale": 0.8
			},
			"*-fork-*": {
				"translation": { "x": -0.49, "y": 0.36, "z": 0.31 },
				"rotation": { "x": 145, "y": 0, "z": 0 },
				"origin": { "x": 0.5, "y": 0.1, "z": 0.5 },
				"scale": 0.8
			}
			}
		}
	},
	{   
		"side": "Server",
		"dependsOn": [
			{ "modid": "stillnecessaries" },
			{ "modid": "combatoverhaul" }
		],
		"file": "ancientarmory:itemtypes/spear.json",
		"op": "addmerge",
		"path": "/attributes",
		"value":{
			"sharpenable": true,
			"onGrindstoneTransformByType": {
			"*-voulge-*": {
				"translation": { "x": 0.32, "y": 0.32, "z": 0.35 },
				"rotation": { "x": 145, "y": 0, "z": 0 },
				"origin": { "x": 0.5, "y": 0.1, "z": 0.5 },
				"scale": 0.8
			},
			"*-ranseur-*": {
				"translation": { "x": -0.25, "y": 0.35, "z": 0.3 },
				"rotation": { "x": 145, "y": 0, "z": 0 },
				"origin": { "x": 0.5, "y": 0.1, "z": 0.5 },
				"scale": 0.8
			},
			"*-boar-*": {
				"translation": { "x": -0.52, "y": 0.42, "z": 0.27 },
				"rotation": { "x": 145, "y": 0, "z": 0 },
				"origin": { "x": 0.5, "y": 0.1, "z": 0.5 },
				"scale": 0.8
			},
			"*-fork-*": {
				"translation": { "x": -0.49, "y": 0.36, "z": 0.31 },
				"rotation": { "x": 145, "y": 0, "z": 0 },
				"origin": { "x": 0.5, "y": 0.1, "z": 0.5 },
				"scale": 0.8
			}
			}
		}
	}
]