[
    {
        "file": "game:itemtypes/toolhead/scythehead",
        "op": "addmerge",
        "path": "/variantgroups/0/states/-",
        "value": "flint"
    },
    {
        "file": "game:itemtypes/toolhead/scythehead",
        "op": "addmerge",
        "path": "/shapeByType",
        "value": { "*-flint": { "base": "molds:item/tool/scythe" } }
    },
    {
        "file": "game:itemtypes/toolhead/scythehead",
        "op": "addmerge",
        "path": "/texturesByType",
        "value": { "*-flint": { "material": { "base": "game:item/tool/material/flint" } } }
    },
    {
        "file": "game:itemtypes/toolhead/scythehead",
        "op": "addmerge",
        "path": "/guiTransformByType",
        "value": {
            "*-flint": {
                "translation": { "x": -2, "y": -4, "z": 0 },
                "rotation": { "x": -74, "y": 35, "z": 12 },
                "origin": { "x": 1.5, "y": 0, "z": -0.02 },
                "scale": 1.6
            }
        }
    }
]
