[
	{
   		"op": "addeach",
    	"path": "/selling/list/-",
			"side": "Server",
    	"value": [
			{
			"code": "floralzoneseastasiaticregion:flower-callistephuschinensis-3-free",
			"type": "block",
			"stacksize": 8,
			"stock": { "avg": 8, "var": 2 },
			"price": { "avg": 1, "var": 0.25 }
			},
			{
			"code": "floralzoneseastasiaticregion:flower-callistephuschinensis-4-free",
			"type": "block",
			"stacksize": 8,
			"stock": { "avg": 8, "var": 2 },
			"price": { "avg": 1, "var": 0.25 }
			},
			{
			"code": "floralzoneseastasiaticregion:flower-callistephuschinensis-5-free",
			"type": "block",
			"stacksize": 8,
			"stock": { "avg": 8, "var": 2 },
			"price": { "avg": 1, "var": 0.25 }
			}
		],
	"file": "game:config/tradelists/trader-agriculture.json"
	}
]