[
	{
	"name": "nadiyan-alchemist-shirt",
	"enabled": true,
	"ingredientPattern": "CBC,GLG,TSR",
	"requiresTrait": "clothier",
	"ingredients": {
		"C": { "type": "item", "code": "game:cloth-plain" },
		"G": { "type": "item", "code": "game:cloth-brown" },
		"S": { "type": "item", "code": "game:sewingkit" },
		"B": { "type": "item", "code": "tailorsdelight:buttons-*", "name": "buttons", "allowedVariants": [ "mixed", "horn" ] },
		"L": { "type": "item", "code": "tailorsdelight:leatherstrips-plain", "quantity": 2 },
		"T": { "type": "item", "code": "tailorsdelight:twine-darkblue", "quantity": 2 },
		"R": { "type": "item", "code": "game:shears-*", "isTool": true }
	},
	"width": 3,
	"height": 3,
	"output": { "type": "item", "code": "game:clothes-nadiya-upperbody-alchemist" }
	},

	{
	"name": "nadiyan-alchemist-shirt",
	"enabled": true,
	"ingredientPattern": "CBC,GLG,TSR",
	"requiresTrait": "tinkerer",
	"ingredients": {
		"C": { "type": "item", "code": "game:cloth-plain", "quantity": 2 },
		"G": { "type": "item", "code": "game:cloth-brown" },
		"S": { "type": "item", "code": "game:sewingkit" },
		"B": { "type": "item", "code": "tailorsdelight:buttons-*", "name": "buttons", "allowedVariants": [ "mixed", "horn" ] },
		"L": { "type": "item", "code": "tailorsdelight:leatherstrips-plain", "quantity": 3 },
		"T": { "type": "item", "code": "tailorsdelight:twine-darkblue", "quantity": 3 },
		"R": { "type": "item", "code": "game:shears-*", "isTool": true, "toolDurabilityCost": 2 }
	},
	"recipeGroup": 2,
	"width": 3,
	"height": 3,
	"output": { "type": "item", "code": "game:clothes-nadiya-upperbody-alchemist" }
	},

	{
	"name": "nadiyan-barber-shirt",
	"enabled": true,
	"ingredientPattern": "CBC,CTC,RSR",
	"requiresTrait": "clothier",
	"ingredients": {
		"C": { "type": "item", "code": "game:cloth-plain" },
		"S": { "type": "item", "code": "game:sewingkit" },
		"B": { "type": "item", "code": "tailorsdelight:buttons-*", "name": "buttons", "allowedVariants": [ "mixed", "horn" ] },
		"R": { "type": "item", "code": "tailorsdelight:twine-brown" },
		"T": { "type": "item", "code": "tailorsdelight:twine-darkblue", "quantity": 2 }
	},
	"width": 3,
	"height": 3,
	"output": { "type": "item", "code": "game:clothes-nadiya-upperbody-barber" }
	},

	{
	"name": "nadiyan-blacksmith-shirt",
	"enabled": true,
	"ingredientPattern": "CTC,BSB",
	"requiresTrait": "clothier",
	"ingredients": {
		"C": { "type": "item", "code": "game:cloth-brown" },
		"S": { "type": "item", "code": "game:sewingkit" },
		"B": { "type": "item", "code": "tailorsdelight:twine-brown" },
		"T": { "type": "item", "code": "tailorsdelight:twine-darkblue", "quantity": 2 }
	},
	"width": 3,
	"height": 2,
	"output": { "type": "item", "code": "game:clothes-nadiya-upperbody-blacksmith" }
	},

	{
	"name": "nadiyan-blacksmith-shirt",
	"enabled": true,
	"ingredientPattern": "CTC,BSB",
	"requiresTrait": "tinkerer",
	"ingredients": {
		"C": { "type": "item", "code": "game:cloth-brown" },
		"S": { "type": "item", "code": "game:sewingkit" },
		"B": { "type": "item", "code": "tailorsdelight:twine-brown", "quantity": 2 },
		"T": { "type": "item", "code": "tailorsdelight:twine-darkblue", "quantity": 3 }
	},
	"recipeGroup": 4,
	"width": 3,
	"height": 2,
	"output": { "type": "item", "code": "game:clothes-nadiya-upperbody-blacksmith" }
	},

	{
	"name": "nadiyan-innkeeper-shirt",
	"enabled": true,
	"ingredientPattern": "CSC,CYC",
	"requiresTrait": "clothier",
	"ingredients": {
		"C": { "type": "item", "code": "game:cloth-yellow" },
		"S": { "type": "item", "code": "game:sewingkit" },
		"Y": { "type": "item", "code": "tailorsdelight:twine-brown" }
	},
	"width": 3,
	"height": 2,
	"output": { "type": "item", "code": "game:clothes-nadiya-upperbody-innkeeper" }
	},

	{
	"name": "nadiyan-tailor-shirt",
	"enabled": true,
	"ingredientPattern": "GBG,GLG,TSR",
	"requiresTrait": "clothier",
	"ingredients": {
		"G": { "type": "item", "code": "game:cloth-gray" },
		"S": { "type": "item", "code": "game:sewingkit" },
		"B": { "type": "item", "code": "tailorsdelight:buttons-*", "name": "buttons", "allowedVariants": [ "mixed", "horn" ] },
		"L": { "type": "item", "code": "tailorsdelight:twine-brown" },
		"T": { "type": "item", "code": "tailorsdelight:twine-darkblue", "quantity": 2 },
		"R": { "type": "item", "code": "game:shears-*", "isTool": true }
	},
	"width": 3,
	"height": 3,
	"output": { "type": "item", "code": "game:clothes-nadiya-upperbody-tailor" }
	},

	{
	"name": "nadiyan-musician-shirt",
	"enabled": true,
	"ingredientPattern": "GBG,GLG,TST",
	"requiresTrait": "clothier",
	"ingredients": {
		"G": { "type": "item", "code": "tailorsdelight:cloth-darkblue" },
		"S": { "type": "item", "code": "game:sewingkit" },
		"B": { "type": "item", "code": "tailorsdelight:buttons-*", "name": "buttons", "allowedVariants": [ "mixed", "horn" ] },
		"L": { "type": "item", "code": "game:flaxtwine" },
		"T": { "type": "item", "code": "tailorsdelight:twine-white" }
	},
	"width": 3,
	"height": 3,
	"output": { "type": "item", "code": "game:clothes-nadiya-upperbody-musician" }
	},

	{
	"name": "nadiyan-fisher-shirt",
	"enabled": true,
	"ingredientPattern": "GBG,GSG,TRT",
	"requiresTrait": "clothier",
	"ingredients": {
		"G": { "type": "item", "code": "game:cloth-gray" },
		"S": { "type": "item", "code": "game:sewingkit" },
		"B": { "type": "item", "code": "tailorsdelight:twine-brown" },
		"T": { "type": "item", "code": "tailorsdelight:twine-darkblue" },
		"R": { "type": "item", "code": "game:shears-*", "isTool": true }
	},
	"width": 3,
	"height": 3,
	"output": { "type": "item", "code": "game:clothes-nadiya-upperbody-fisher" }
	},

	{
	"name": "nadiyan-hunter-shirt",
	"enabled": true,
	"ingredientPattern": "GBG,GLG,TSR",
	"requiresTrait": "clothier",
	"ingredients": {
		"G": { "type": "item", "code": "game:cloth-plain" },
		"S": { "type": "item", "code": "game:sewingkit" },
		"B": { "type": "item", "code": "tailorsdelight:buttons-*", "name": "buttons", "allowedVariants": [ "mixed", "horn" ] },
		"L": { "type": "item", "code": "tailorsdelight:twine-black" },
		"T": { "type": "item", "code": "tailorsdelight:twine-brown", "quantity": 2 },
		"R": { "type": "item", "code": "game:shears-*", "isTool": true }
	},
	"width": 3,
	"height": 3,
	"output": { "type": "item", "code": "game:clothes-nadiya-upperbody-hunter" }
	},

	{
	"name": "nadiyan-hunter-shirt",
	"enabled": true,
	"ingredientPattern": "GBG,GLG,TSR",
	"recipeGroup": 2,
	"requiresTrait": "bowyer",
	"ingredients": {
		"G": { "type": "item", "code": "game:cloth-plain" },
		"S": { "type": "item", "code": "tailorsdelight:needle-*", "quantity": 2 },
		"B": { "type": "item", "code": "tailorsdelight:buttons-*", "name": "buttons", "allowedVariants": [ "mixed", "horn" ] },
		"L": { "type": "item", "code": "tailorsdelight:twine-black", "quantity": 2 },
		"T": { "type": "item", "code": "tailorsdelight:twine-brown", "quantity": 3 },
		"R": { "type": "item", "code": "game:knife-generic-*", "isTool": true }
	},
	"width": 3,
	"height": 3,
	"output": { "type": "item", "code": "game:clothes-nadiya-upperbody-hunter" }
	},

	{
	"name": "nadiyan-peasant-shirt-white",
	"enabled": true,
	"ingredientPattern": "CBC,CLC,TSR",
	"requiresTrait": "clothier",
	"ingredients": {
		"C": { "type": "item", "code": "game:cloth-white" },
		"S": { "type": "item", "code": "game:sewingkit" },
		"B": { "type": "item", "code": "tailorsdelight:buttons-*", "name": "buttons", "allowedVariants": [ "mixed", "horn" ] },
		"L": { "type": "item", "code": "tailorsdelight:twine-black", "quantity": 2 },
		"T": { "type": "item", "code": "tailorsdelight:twine-darkblue", "quantity": 2 },
		"R": { "type": "item", "code": "game:shears-*", "isTool": true }
	},
	"width": 3,
	"height": 3,
	"output": { "type": "item", "code": "game:clothes-nadiya-upperbody-peasant2" }
	},

	{
	"name": "nadiyan-peasant-sleeveless-shirt-white",
	"enabled": true,
	"ingredientPattern": "CSR",
	"ingredients": {
		"C": { "type": "item", "code": "game:clothes-nadiya-upperbody-peasant2" },
		"S": { "type": "item", "code": "game:sewingkit" },
		"R": { "type": "item", "code": "game:shears-*", "isTool": true }
	},
	"width": 3,
	"height": 1,
	"output": { "type": "item", "code": "game:clothes-nadiya-upperbody-peasant1" }
	},

	{
	"name": "nadiyan-peasant-shirt-beige",
	"enabled": true,
	"ingredientPattern": "CBC,GLG,TSR",
	"requiresTrait": "clothier",
	"ingredients": {
		"C": { "type": "item", "code": "game:cloth-brown" },
		"G": { "type": "item", "code": "game:cloth-gray" },
		"S": { "type": "item", "code": "game:sewingkit" },
		"B": { "type": "item", "code": "tailorsdelight:buttons-*", "name": "buttons", "allowedVariants": [ "mixed", "horn" ] },
		"L": { "type": "item", "code": "tailorsdelight:twine-darkbrown", "quantity": 3 },
		"T": { "type": "item", "code": "tailorsdelight:twine-darkblue", "quantity": 3 },
		"R": { "type": "item", "code": "game:shears-*", "isTool": true }
	},
	"width": 3,
	"height": 3,
	"output": { "type": "item", "code": "game:clothes-nadiya-upperbody-peasant4" }
	},

	{
	"name": "nadiyan-peasant-sleeveless-shirt-beige",
	"enabled": true,
	"ingredientPattern": "CSR",
	"ingredients": {
		"C": { "type": "item", "code": "game:clothes-nadiya-upperbody-peasant4" },
		"S": { "type": "item", "code": "game:sewingkit" },
		"R": { "type": "item", "code": "game:shears-*", "isTool": true }
	},
	"width": 3,
	"height": 1,
	"output": { "type": "item", "code": "game:clothes-nadiya-upperbody-peasant3" }
	},

	{
	"name": "nadiyan-brown-fur-lined-shirt",
	"enabled": true,
	"ingredientPattern": "CBC,PLP,TSR",
	"requiresTrait": "clothier",
	"ingredients": {
		"P": { "type": "item", "code": "tailorsdelight:leatherbundle-pelt" },
		"C": { "type": "item", "code": "tailorsdelight:leatherbundle-nadiyan" },
		"S": { "type": "item", "code": "game:sewingkit" },
		"B": { "type": "item", "code": "tailorsdelight:buttons-*", "name": "buttons", "allowedVariants": [ "mixed", "horn" ] },
		"L": { "type": "item", "code": "game:cloth-white" },
		"T": { "type": "item", "code": "tailorsdelight:twine-darkblue", "quantity": 2 },
		"R": { "type": "item", "code": "game:shears-*", "isTool": true }
	},
	"width": 3,
	"height": 3,
	"output": { "type": "item", "code": "game:clothes-nadiya-upperbody-winter1" }
	},

	{
	"name": "nadiyan-beige-fur-lined-shirt",
	"enabled": true,
	"ingredientPattern": "CBC,PLP,TSR",
	"requiresTrait": "clothier",
	"ingredients": {
		"P": { "type": "item", "code": "tailorsdelight:leatherbundle-pelt" },
		"C": { "type": "item", "code": "tailorsdelight:leatherbundle-nadiyan" },
		"S": { "type": "item", "code": "game:sewingkit" },
		"B": { "type": "item", "code": "tailorsdelight:buttons-*", "name": "buttons", "allowedVariants": [ "mixed", "horn" ] },
		"L": { "type": "item", "code": "game:cloth-plain" },
		"T": { "type": "item", "code": "tailorsdelight:twine-darkred", "quantity": 2 },
		"R": { "type": "item", "code": "game:shears-*", "isTool": true }
	},
	"width": 3,
	"height": 3,
	"output": { "type": "item", "code": "game:clothes-nadiya-upperbody-winter2" }
	},

	{
	"name": "nadiyan-beekeeper-shirt",
	"enabled": true,
	"ingredientPattern": "GBG,GSG,TRT",
	"requiresTrait": "clothier",
	"ingredients": {
		"G": { "type": "item", "code": "tailorsdelight:checkeredcloth-gray" },
		"S": { "type": "item", "code": "game:sewingkit" },
		"B": { "type": "item", "code": "tailorsdelight:twine-brown" },
		"T": { "type": "item", "code": "tailorsdelight:twine-darkbrown" },
		"R": { "type": "item", "code": "game:shears-*", "isTool": true }
	},
	"width": 3,
	"height": 3,
	"output": { "type": "item", "code": "game:clothes-nadiya-upperbody-beekeeper" }
	},

	{
	"name": "nadiyan-miner-tunic",
	"enabled": true,
	"ingredientPattern": "WNW,BLB,DTD",
	"requiresTrait": "clothier",
	"ingredients": {
		"W": { "type": "item", "code": "game:cloth-brown" },
		"L": { "type": "item", "code": "tailorsdelight:leatherbundle-nadiyan" },
		"N": { "type": "item", "code": "game:sewingkit" },
		"T": { "type": "item", "code": "tailorsdelight:buttons-copper" },
		"B": { "type": "item", "code": "game:cloth-gray" },
		"D": { "type": "item", "code": "tailorsdelight:twine-darkbrown", "quantity": 2 }
	},
	"width": 3,
	"height": 3,
	"output": { "type": "item", "code": "game:clothes-nadiya-upperbody-miner-clean" }
	},

	{
	"name": "nadiyan-miner-tunic",
	"enabled": true,
	"ingredientPattern": "WNW,BLB,DTD",
	"requiresTrait": "hardy",
	"ingredients": {
		"W": { "type": "item", "code": "game:cloth-brown" },
		"L": { "type": "item", "code": "tailorsdelight:leather-nadiyan", "quantity": 3 },
		"N": { "type": "item", "code": "tailorsdelight:needle-*" },
		"T": { "type": "item", "code": "tailorsdelight:buttons-copper" },
		"B": { "type": "item", "code": "game:cloth-gray" },
		"D": { "type": "item", "code": "tailorsdelight:twine-darkbrown", "quantity": 3 }
	},
	"recipeGroup": 5,
	"width": 3,
	"height": 3,
	"output": { "type": "item", "code": "game:clothes-nadiya-upperbody-miner-clean" }
	},

	{
	"name": "nadiyan-shepherd-tunic",
	"enabled": true,
	"ingredientPattern": "WNW,BWB,DTD",
	"requiresTrait": "clothier",
	"ingredients": {
		"W": { "type": "item", "code": "game:cloth-plain" },
		"N": { "type": "item", "code": "game:sewingkit" },
		"T": { "type": "item", "code": "tailorsdelight:twine-darkbrown", "quantity": 2 },
		"B": { "type": "item", "code": "game:cloth-gray" },
		"D": { "type": "item", "code": "tailorsdelight:twine-brown", "quantity": 1 }
	},
	"width": 3,
	"height": 3,
	"output": { "type": "item", "code": "game:clothes-nadiya-upperbody-shepherd" }
	},

	{
	"name": "nadiyan-guard-tunic",
	"enabled": true,
	"ingredientPattern": "WNW,BWB,DTD",
	"requiresTrait": "clothier",
	"ingredients": {
		"W": { "type": "item", "code": "game:cloth-brown" },
		"N": { "type": "item", "code": "game:sewingkit" },
		"T": { "type": "item", "code": "tailorsdelight:twine-black", "quantity": 1 },
		"B": { "type": "item", "code": "tailorsdelight:cloth-darkbrown" },
		"D": { "type": "item", "code": "tailorsdelight:twine-darkblue", "quantity": 2 }
	},
	"width": 3,
	"height": 3,
	"output": { "type": "item", "code": "game:clothes-nadiya-upperbody-guard" }
	},

	{
	"name": "nadiyan-guard-tunic",
	"enabled": true,
	"ingredientPattern": "WNW,BWB,DTD",
	"requiresTrait": "soldier",
	"ingredients": {
		"W": { "type": "item", "code": "game:cloth-brown" },
		"N": { "type": "item", "code": "tailorsdelight:needle-*" },
		"T": { "type": "item", "code": "tailorsdelight:twine-black", "quantity": 2 },
		"B": { "type": "item", "code": "tailorsdelight:cloth-darkbrown" },
		"D": { "type": "item", "code": "tailorsdelight:twine-darkblue", "quantity": 3 }
	},
	"recipeGroup": 5,
	"width": 3,
	"height": 3,
	"output": { "type": "item", "code": "game:clothes-nadiya-upperbody-guard" }
	}
]
