{
	"code": "treeseed",
	"classByType": {
          "*": "ItemTreeSeed"
        },
	"maxstacksize": 64,
	"attributes": {
			"displaycaseable": true,
			"shelvable": true
	},
	"variantgroups": [
		{ "code": "type", "states": [ "afrocarpusfalcatus","diospyroswhyteana","leucadendronargenteum","ocoteabullata","pterocelastrustricuspidatus","searsialancea"] }
	],
	"shape": { "base": "floralzonescaperegion:item/resource/seeds/{type}" },
	"creativeinventory": { "general": ["*"], "items": ["*"] },
	"storageFlags": 33,
	"materialDensityByType": {
		"*": 200
	},
	"guiTransformByType": {
		"*-afrocarpusfalcatus": {
			"translation": { "x": 0, "y": 0, "z": 0 },
			"rotation": { "x": -5, "y": -60, "z": -146 },
			"origin": { "x": 0.64, "y": 0, "z": 0.46 },
			"scale": 3.87
		},
		"*-diospyroswhyteana": {
			"translation": { "x": 0, "y": 0, "z": 0 },
			"rotation": { "x": -5, "y": -21, "z": -126 },
			"origin": { "x": 0.55, "y": 0.05, "z": 0.5 },
			"scale": 4.45
		},
		"*-leucadendronargenteum": {
			"translation": { "x": 0, "y": 0, "z": 0 },
			"rotation": { "x": 27, "y": -19, "z": -146 },
			"origin": { "x": 0.51, "y": 0.17, "z": 0.52 },
			"scale": 3.45
		},
		"*-ocoteabullata": {
			"translation": { "x": 0, "y": 0, "z": 0 },
			"rotation": { "x": 27, "y": -19, "z": -146 },
			"origin": { "x": 0.51, "y": 0.17, "z": 0.52 },
			"scale": 3.45
		},
		"*-pterocelastrustricuspidatus": {
			"translation": { "x": 0, "y": 0, "z": 0 },
			"rotation": { "x": -54, "y": 24, "z": 122 },
			"origin": { "x": 0.51, "y": 0.17, "z": 0.52 },
			"scale": 3.45
		},
		"*-searsialancea": {
			"translation": { "x": 0, "y": 0, "z": 0 },
			"rotation": { "x": -5, "y": -57, "z": -146 },
			"origin": { "x": 0.53, "y": 0.04, "z": 0.51 },
			"scale": 5.15
		}
	},
	"groundTransformByType": {
		"*-afrocarpusfalcatus": {
			"translation": { "x": 0, "y": 0, "z": 0 },
			"rotation": { "x": 0, "y": 0, "z": 0 },
			"origin": { "x": 0.5, "y": 0, "z": 0.5 },
			"scale": 0.5
		},	
		"*-diospyroswhyteana": {
			"translation": { "x": 0, "y": 0, "z": 0 },
			"rotation": { "x": -71, "y": 0, "z": 0 },
			"origin": { "x": 0.5, "y": 0, "z": 0.5 },
			"scale": 2.05
		},
		"*-leucadendronargenteum": {
			"translation": { "x": 0, "y": 0, "z": 0 },
			"rotation": { "x": -71, "y": 0, "z": 0 },
			"origin": { "x": 0.5, "y": 0, "z": 0.5 },
			"scale": 2.05
		},
		"*-ocoteabullata": {
			"translation": { "x": 0, "y": 0, "z": 0 },
			"rotation": { "x": -71, "y": 0, "z": 0 },
			"origin": { "x": 0.5, "y": 0, "z": 0.5 },
			"scale": 2.05
		},
		"*-pterocelastrustricuspidatus": {
			"translation": { "x": 0, "y": -0.36, "z": 0.1 },
			"rotation": { "x": 0, "y": 0, "z": 0 },
			"origin": { "x": 0.5, "y": 0, "z": 0.5 },
			"scale": 0.25
		},
		"*-searsialancea": {
			"translation": { "x": 0, "y": 0, "z": 0 },
			"rotation": { "x": 0, "y": 0, "z": 0 },
			"origin": { "x": 0.5, "y": 0, "z": 0.5 },
			"scale": 3
		}
	},
	"fpHandTransformByType": {
		"*": {
			"translation": { "x": -0.1, "y": 0, "z": 0 },
			"rotation": { "x": -21, "y": 90, "z": 13 },
			"origin": { "x": 0.5, "y": 0.14, "z": 0.5 },
			"scale": 1.45
		}		
	},
	"tpHandTransformByType": {
		"*": {
			"translation": { "x": -1.24, "y": -0.17, "z": -1.1 },
			"rotation": { "x": -12, "y": 7, "z": -56 },
			"origin": { "x": 0.5, "y": 0.1, "z": 0.5 },
			"scale": 0.42
		}
	}
}