{
	"editor": {
		"allAngles": false,
		"entityTextureMode": false
	},
	"textureWidth": 16,
	"textureHeight": 16,
	"textureSizes": {
	},
	"textures": {
	},
	"elements": [
		{
			"name": "Crock",
			"from": [ 1.5, 0.0, 1.5 ],
			"to": [ 6.5, 7.0, 6.5 ],
			"rotationOrigin": [ 1.5, 0.0, 1.5 ],
			"faces": {
				"north": { "texture": "#ceramic", "uv": [ 2.0, 5.0, 7.0, 12.0 ] },
				"east": { "texture": "#ceramic", "uv": [ 3.0, 7.0, 8.0, 14.0 ] },
				"south": { "texture": "#ceramic", "uv": [ 0.0, 5.0, 5.0, 12.0 ] },
				"west": { "texture": "#ceramic", "uv": [ 0.5, 0.0, 5.5, 7.0 ] },
				"up": { "texture": "#ceramic", "uv": [ 9.5, 9.5, 14.5, 14.5 ] },
				"down": { "texture": "#ceramic", "uv": [ 9.5, 9.5, 14.5, 14.5 ] }
			}
		}
	]}