[
	{
		"enabled": true,
		"ingredientPattern": "LNL,LFL,LLL",
		"recipeGroup": 1,
		"ingredients": {
			"N": {"type": "item", "code": "part-buckle-iron"},
			"L": { "type": "item", "code": "game:leather-normal-plain", "quantity":  1 },
			"F": { "type": "item", "code": "game:sling", "isTool": true, "toolDurabilityCost": 0 }
		},
		"width": 3,
		"height": 3,
		"name": "pouch-sling",
		"output": { "type": "item", "code": "beltbag-back-pouch-sling" }
	},
	{
		"enabled": true,
		"ingredientPattern": "LNL,LFL,LLL",
		"recipeGroup": 2,
		"ingredients": {
			"N": {"type": "item", "code": "part-buckle-{metal}"},
			"L": { "type": "item", "code": "game:leather-normal-{leather}", "quantity":  1 },
			"F": { "type": "item", "code": "game:sling", "isTool": true, "toolDurabilityCost": 0 }
		},
		"allowedVariants": {
			"metal": ["brass", "copper", "tinbronze", "bismuthbronze", "blackbronze", "gold", "silver", "iron", "meteoriciron", "steel"]
		},
		"width": 3,
		"height": 3,
		"name": "pouch-sling",
		"output": { "type": "item", "code": "beltbag-back-pouch-sling",  "attributes": {"types": {"leather": "{leather}", "metal": "{metal}"}} }
	},
	{
		"enabled": false,
		"ingredientPattern": "LNL,LFL,LLL",
		"recipeGroup": 1,
		"ingredients": {
			"N": {"type": "item", "code": "part-buckle-iron"},
			"L": { "type": "item", "code": "game:leather-normal-plain", "quantity":  1 },
			"F": { "type": "item", "code": "combatoverhaul:sling-*", "isTool": true, "toolDurabilityCost": 0 }
		},
		"width": 3,
		"height": 3,
		"name": "pouch-sling",
		"output": { "type": "item", "code": "beltbag-back-pouch-sling" }
	},
	{
		"enabled": false,
		"ingredientPattern": "LNL,LFL,LLL",
		"recipeGroup": 2,
		"ingredients": {
			"N": {"type": "item", "code": "part-buckle-{metal}"},
			"L": { "type": "item", "code": "game:leather-normal-{leather}", "quantity":  1 },
			"F": { "type": "item", "code": "combatoverhaul:sling-*", "isTool": true, "toolDurabilityCost": 0 }
		},
		"allowedVariants": {
			"metal": ["brass", "copper", "tinbronze", "bismuthbronze", "blackbronze", "gold", "silver", "iron", "meteoriciron", "steel"]
		},
		"width": 3,
		"height": 3,
		"name": "pouch-sling",
		"output": { "type": "item", "code": "beltbag-back-pouch-sling",  "attributes": {"types": {"leather": "{leather}", "metal": "{metal}"}} }
	}
]