{
  "game:clothes-head-tophat": { "origin": { "x": 0.5, "y": 0, "z": 0.5 }, "translation": { "x": 0, "y": -0.1, "z": 0 }, "scale": 0.95 },
  "game:clothes-head-alchemist": { "origin": { "x": 0.5, "y": 0, "z": 0.5 }, "translation": { "x": 0, "y": 0.125, "z": 0 }, "scale": 0.925 },
  "game:clothes-head-bamboo-conehat": { "origin": { "x": 0.5, "y": 0, "z": 0.5 }, "translation": { "x": 0, "y": 0.3775, "z": 0 }, "scale": 0.8 },
  "game:clothes-head-straw-hat": { "origin": { "x": 0.5, "y": 0, "z": 0.5 }, "translation": { "x": 0, "y": 0.415, "z": 0 }, "scale": 0.775 },
  "game:clothes-head-mianguan": { "origin": { "x": 0.5, "y": 0, "z": 0.5 }, "translation": { "x": 0, "y": -0.025, "z": 0 } },
  "game:clothes-nadiya-head-*": { "origin": { "x": 0.5, "y": 0, "z": 0.5 }, "translation": { "x": 0, "y": -0.025, "z": 0 } },
  "game:clothes-face-*": { "origin": { "x": 0.5, "y": 0, "z": 0.5 }, "translation": { "x": 0, "y": 0.2, "z": 0 } },
  "game:clothes-nadiya-face-*": { "origin": { "x": 0.5, "y": 0, "z": 0.5 }, "translation": { "x": 0, "y": 0.2, "z": 0 } }
}