{
  "code": "bola",
  "class": "bola.bolaitem",
  "creativeinventory": {
    "general": [ "*" ],
    "tools": [ "*" ]
  },
  "heldTpIdleAnimation": "holdbothhandslarge",
  "shape": { "base": "bola:item/tool/bola-idle" },
  "textures": {
    "reedrope": { "base": "game:block/cloth/reedrope" },
    "ropedcloth": { "base": "game:block/cloth/ropedcloth" },
    "material": { "base": "game:block/stone/rock/granite1" }
  },
  "attributes": {
    "aimAnimation": "slingaimbalearic",
    "damage": 0.1,
    "thrownEntityTypeCode": "thrownbola",
    "displaycaseable": false,
    "shelvable": false,
    "handbook": {
      "extraSections": [
        {
          "title": "bola:code-handbook-bolausage-title",
          "text": "bola:code-handbook-bolausage-text"
        },
        {
          "title": "bola:code-handbook-bolaedplayer-title",
          "text": "bola:code-handbook-bolaedplayer-text"
        },
        {
          "title": "bola:code-handbook-bolaedcreature-title",
          "text": "bola:code-handbook-bolaedcreature-text"
        }
      ]
    }
  },
  "maxstacksize": 2,
  "guiTransform": {
    "translation": {
      "x": 2.2,
      "y": 4.6,
      "z": 0
    },
    "rotation": {
      "x": 61,
      "y": 12,
      "z": -180
    },
    "origin": {
      "x": 0.4,
      "y": 1,
      "z": 0
    },
    "scale": 1.5
  },
  "groundTransform": {
    "translation": {
      "x": 0,
      "y": 0.5,
      "z": 0
    },
    "rotation": {
      "x": 0,
      "y": 90,
      "z": 0
    },
    "origin": {
      "x": 0.5,
      "y": 0.5,
      "z": 0.5299
    },
    "scale": 5
  },
  "tpHandTransform": {
    "translation": {
      "x": -1.7,
      "y": -1.3,
      "z": 0.8
    },
    "rotation": {
      "x": 64,
      "y": -31,
      "z": -69
    },
    "origin": {
      "x": 0.4,
      "y": 1,
      "z": 0
    },
    "scale": 0.64
  }
}