{
	"code": "ceramicbroodpot",
	"classByType": {
		"*-notop": "ceramicbroodpot",
		"*-withtop": "ceramicbroodpot"
	},
	"entityClassByType": {
		"*-notop": "beceramichive",
		"*-withtop": "beceramichive"
	},
	"behaviorsByType": {
		"*": [{ "name": "Unstable" }]
	},
	"storageFlags": 1,
	"maxstacksize": 1,
	"attributes": {
    "handbook": {
      "extraSections": [
        {
          "title": "fromgoldencombs:block-handbooktitle-ceramicbroodpot",
          "text": "fromgoldencombs:block-handbooktext-ceramicbroodpot"
        }
      ]
    }
  },
	attributesByType:{
		"ceramicbroodpot-red-raw":{
			beehivekiln:{
				"0": { "type": "block", "code": "fromgoldencombs:ceramicbroodpot-tan-notop" },
				"1": { "type": "block", "code": "fromgoldencombs:ceramicbroodpot-orange-notop" },
				"2": { "type": "block", "code": "fromgoldencombs:ceramicbroodpot-red-notop" },
				"3": { "type": "block", "code": "fromgoldencombs:ceramicbroodpot-brown-notop" }
			}
		},
		"ceramicbroodpot-blue-raw":{
			beehivekiln:{
				"0": { "type": "block", "code": "fromgoldencombs:ceramicbroodpot-cream-notop"},
				"1": { "type": "block", "code": "fromgoldencombs:ceramicbroodpot-gray-notop"},
				"2": { "type": "block", "code": "fromgoldencombs:ceramicbroodpot-black-notop"},
				"3": { "type": "block", "code": "fromgoldencombs:ceramicbroodpot-black-notop"}
			}
		},
		"ceramicbroodpot-fire-raw":{
			beehivekiln:{
				"0": { "type": "block", "code": "fromgoldencombs:ceramicbroodpot-fire-notop"},
				"1": { "type": "block", "code": "fromgoldencombs:ceramicbroodpot-fire-notop"},
				"2": { "type": "block", "code": "fromgoldencombs:ceramicbroodpot-fire-notop"},
				"3": { "type": "block", "code": "fromgoldencombs:ceramicbroodpot-fire-notop"}
			}
		}
	},
	"heldTpIdleAnimation": "holdbothhands",
	"variantgroups": [
		{ "code": "color", "states": [ "ashforest", "chthonic", "copper", 
																	 "earthen", "rain", "cowrie", "rime", "oxblood", "loam", "undergrowth", 
																	 "beehive", "harvest", "honeydew", "rutile", "seasalt", "springflowers", "volcanic", "cloisonne", "cornflower", "talik",
																	 "caveaurora", "collonade", "rattlesnake", "waves", "wintersea" ]},
		{ "code": "top", "states": ["withtop", "notop"]}
	],
	
	"shape": {"base": "fromgoldencombs:block/hive/ceramic/ceramicbroodpot-update"},
	"textures": {
			"clay": { base: "game:block/clay/vessel/sides/{color}" },
	},
	sounds: {
		place: "game:block/planks",
		break: "game:block/planks",
		hit: "game:block/planks",
		ambient: "game:creature/beehive"
	},
	"combustiblePropsByType": {
		"*-raw": {"meltingPoint": 650,
    "meltingDuration": 45,
    "smeltedRatio": 1,
    "smeltingType": "fire",
    "smeltedStack": {
      "type": "block",
      "code": "fromgoldencombs:ceramicbroodpot-{color}-notop"
    },
    "requiresContainer": false
		}
	},
	"collisionboxes": [{
				"x1": 0.25,
				"y1": 0,
				"z1": 0.25,
				"x2": 0.75,
				"y2": 0.0625,
				"z2": 0.75
			},
			{
				"x1": 0.3125,
				"y1": 0.625,
				"z1": 0.3125,
				"x2": 0.6875,
				"y2": 0.6875,
				"z2": 0.6875
			},
			{
				"x1": 0.3125,
				"y1": 0.625,
				"z1": 0.3125,
				"x2": 0.6875,
				"y2": 0.6875,
				"z2": 0.6875
			},
			{
				"x1": 0.25,
				"y1": 0.5625,
				"z1": 0.25,
				"x2": 0.75,
				"y2": 0.625,
				"z2": 0.75
			}
		],
	"selectionboxes": [{
			"x1": 0.187,
			"y1": 0.063,
			"z1": 0.189,
			"x2": 0.812,
			"y2": 0.559,
			"z2": 0.8115
		}],
	"lightAbsorption": 0,
	"sideopaque": {
		"all": false
	},
	"sidesolid": {
		"all": false
	},
	"blockmaterial": "Ceramic",
	"groundTransform": {
		"scale": 2.01
	},
	"tpHandTransform": {
		"translation": {
			"x": -0.9,
			"y": -0.4,
			"z": -0.7
		},
		"rotation": {
			"x": 51,
			"y": 13,
			"z": -84
		},
		"origin": {
			"x": 0.5,
			"y": 0.2,
			"z": 0.5
		},
		"scale": 0.59
	},
		guiTransform: {
		rotation: { x: -11, y: -23, z: 0 },
		origin: { x: 0.5, y: 0.4, z: 0.5 },
		scale: 1.4
	}
}