{
	"code": "ceramicbroodpot",
	"classByType": {
		"*-notop": "ceramicbroodpot",
		"*-withtop": "ceramicbroodpot"
	},
	"entityClassByType": {
		"*-notop": "beceramichive",
		"*-withtop": "beceramichive"
	},
	"behaviorsByType": {
				"*-raw": [{ "name": "Unstable" },
							{name: "GroundStorable", properties: { layout: "SingleCenter", collisionBox: { x1: 0.187, y1: 0.063, z1: 0.189, x2: 0.812, y2: 0.559, z2: 0.8115 }}},
							{
								"name": "Unplaceable",
								"__comment": "The ground storable obsoletes this being a block. Should be an item, but is kept a block for backwards compatibility"
							},
							{ "name": "RightClickPickup" }],
				"*": [{ "name": "Unstable" }]
	},
	"storageFlags": 1,
	"maxstacksize": 1,
	"attributes": {
    "handbook": {
      "extraSections": [
        {
          "title": "fromgoldencombs:block-handbooktitle-ceramicbroodpot",
          "text": "fromgoldencombs:block-handbooktext-ceramicbroodpot"
        }
      ]
    }
  },
	"heldTpIdleAnimation": "holdbothhands",
	"variantgroups": [
		{"code": "top", "states": ["withtop", "notop", "raw"]}
	],
	"shape": {"base": "block/hive/ceramic/ceramicbroodpot-update"},
	"textures": {		
      "clay": { "base": "game:block/clay/ceramic" },
	},
	sounds: {
		place: "game:block/planks",
		break: "game:block/planks",
		hit: "game:block/planks",
		ambient: "game:creature/beehive"
	},
	"combustiblePropsByType": {
		"*-raw": {"meltingPoint": 650,
    "meltingDuration": 45,
    "smeltedRatio": 1,
    "smeltingType": "fire",
    "smeltedStack": {
      "type": "block",
      "code": "fromgoldencombs:ceramicbroodpot-blue-notop"
    },
    "requiresContainer": false
		}
	},
	"collisionboxes": [{
				"x1": 0.25,
				"y1": 0,
				"z1": 0.25,
				"x2": 0.75,
				"y2": 0.0625,
				"z2": 0.75
			},
			{
				"x1": 0.3125,
				"y1": 0.625,
				"z1": 0.3125,
				"x2": 0.6875,
				"y2": 0.6875,
				"z2": 0.6875
			},
			{
				"x1": 0.3125,
				"y1": 0.625,
				"z1": 0.3125,
				"x2": 0.6875,
				"y2": 0.6875,
				"z2": 0.6875
			},
			{
				"x1": 0.25,
				"y1": 0.5625,
				"z1": 0.25,
				"x2": 0.75,
				"y2": 0.625,
				"z2": 0.75
			}
		],
	"selectionboxes": [{
			"x1": 0.187,
			"y1": 0.063,
			"z1": 0.189,
			"x2": 0.812,
			"y2": 0.559,
			"z2": 0.8115
		}],
	"lightAbsorption": 0,
	"sideopaque": {
		"all": false
	},
	"sidesolid": {
		"all": false
	},
	"blockmaterial": "Ceramic",
	"groundTransform": {
		"scale": 2.01
	},
	"tpHandTransform": {
		"translation": {
			"x": -0.9,
			"y": -0.4,
			"z": -0.7
		},
		"rotation": {
			"x": 51,
			"y": 13,
			"z": -84
		},
		"origin": {
			"x": 0.5,
			"y": 0.2,
			"z": 0.5
		},
		"scale": 0.59
	},
		guiTransform: {
		rotation: { x: -11, y: -23, z: 0 },
		origin: { x: 0.5, y: 0.4, z: 0.5 },
		scale: 1.4
	}
}