[
    {
        "file": "game:itemtypes/tool/scythe",
        "op": "addmerge",
        "path": "/variantgroups/0/states/-",
        "value": "flint"
    },
    {
        "file": "game:itemtypes/tool/scythe",
        "op": "addmerge",
        "path": "/shapeByType",
        "value": { "*-flint": { "base": "molds:item/tool/scythe" } }
    },
    {
        "file": "game:itemtypes/tool/scythe",
        "op": "move",
        "frompath": "/texturesByType/*",
        "path": "/temp"
    },
    {
        "file": "game:itemtypes/tool/scythe",
        "op": "addmerge",
        "path": "/texturesByType/*-flint",
        "value": {
            "material": { "base": "game:item/tool/material/flint" },
            "handle": { "base": "game:item/tool/material/handle" },
            "string": { "base": "game:item/tool/material/string" }
        }
    },
    {
        "file": "game:itemtypes/tool/scythe",
        "op": "move",
        "frompath": "/temp",
        "path": "/texturesByType/*"
    },
    {
        "file": "game:itemtypes/tool/scythe",
        "op": "addmerge",
        "path": "/durabilityByType",
        "value": { "scythe-flint": 90 }
    },
	{
        "file": "game:itemtypes/tool/scythe",
        "op": "addmerge",
        "path": "/creativeinventory/Molds",
        "value": ["*-flint"]
    },
	{
        "file": "game:itemtypes/toolhead/scythehead",
        "op": "addmerge",
        "path": "/creativeinventory/Molds",
        "value": ["*-flint"]
    }
]
