[
	      {
        "op": "addmerge",
        "path": "/-",
        "value": {
		"comment": "Patches of Cape Wild Banana Near Water",
		"blockCodes": ["floralzonescaperegion:bigberrybush-strelitziaalba-empty", "floralzonescaperegion:bigberrybush-strelitziaalba-flowering", "floralzonescaperegion:bigberrybush-strelitziaalba-ripe"],
		"minTemp": 14,
		"maxTemp": 16,
		"minRain": 0.51,
		"maxRain": 0.55,
		"maxFertility": 0.6,
		"placement": "NearWater",
		"chance": 0.5,
		"minForest": 0.5,
		"maxForest": 1,
		"maxY": 0.1,
		"quantity": { "avg": 10, "var": 4 },
          "offsetX": { "avg": 0, "var": 10 },
          "offsetZ": { "avg": 0, "var": 10 }
	},
        "file": "game:worldgen/blockpatches/berrybush.json",
        "side": "server",
        "dependsOn": [{ "modid": "bio_atlantic_nearctic","invert": true },{ "modid": "bio_atlantic_neotropic","invert": true },{ "modid": "bio_atlantic_palearctic","invert": true },{ "modid": "bio_australasian","invert": true },{ "modid": "bio_central_palearctic","invert": true },{ "modid": "bio_eastern_palearctic","invert": true },{ "modid": "bio_oceanian","invert": true },{ "modid": "bio_pacific_nearctic","invert": true },{ "modid": "bio_pacific_neotropic","invert": true },{ "modid": "bio_pacific_palearctic","invert": true }]
      },
	      {
        "op": "addmerge",
        "path": "/-",
        "value": {
		"comment": "Patches of Cape Wild Banana In Forests",
		"blockCodes": ["floralzonescaperegion:bigberrybush-strelitziaalba-empty", "floralzonescaperegion:bigberrybush-strelitziaalba-flowering", "floralzonescaperegion:bigberrybush-strelitziaalba-ripe"],
		"minTemp": 14,
		"maxTemp": 16,
		"minRain": 0.51,
		"maxRain": 0.55,
		"maxFertility": 0.6,
		"placement": "OnSurfacePlusUnderTrees",
		"chance": 0.5,
		"minForest": 0.6,
		"maxForest": 0.9,
		"maxY": 0.1,
		"quantity": { "avg": 5, "var": 4 },
          "offsetX": { "avg": 0, "var": 10 },
          "offsetZ": { "avg": 0, "var": 10 }
	},
        "file": "game:worldgen/blockpatches/berrybush.json",
        "side": "server",
        "dependsOn": [{ "modid": "bio_atlantic_nearctic","invert": true },{ "modid": "bio_atlantic_neotropic","invert": true },{ "modid": "bio_atlantic_palearctic","invert": true },{ "modid": "bio_australasian","invert": true },{ "modid": "bio_central_palearctic","invert": true },{ "modid": "bio_eastern_palearctic","invert": true },{ "modid": "bio_oceanian","invert": true },{ "modid": "bio_pacific_nearctic","invert": true },{ "modid": "bio_pacific_neotropic","invert": true },{ "modid": "bio_pacific_palearctic","invert": true }]
      },	      {
        "op": "addmerge",
        "path": "/-",
        "value": {
		"comment": "Patches of Milk Bushes with Jackal Food",
		"blockCodes": ["floralzonescaperegion:smallberrybush-hydnoraafricana-empty", "floralzonescaperegion:smallberrybush-hydnoraafricana-flowering", "floralzonescaperegion:smallberrybush-hydnoraafricana-ripe","floralzonescaperegion:flower-euphorbiamauritanica-free"],
          "minTemp": 14,
          "maxTemp": 20,
		  "minForest": 0,
		  "maxForest": 0.35,
          "minRain": 0.30,
          "maxRain": 0.58,
          "chance": 0.3,
		  "minY": 0,
          "maxY": 0.6,
		  "maxFertility": 0.4,
		"quantity": { "avg": 5, "var": 4 },
          "offsetX": { "avg": 0, "var": 4 },
          "offsetZ": { "avg": 0, "var": 4 }
	},
        "file": "game:worldgen/blockpatches/berrybush.json",
        "side": "server",
        "dependsOn": [{ "modid": "bio_atlantic_nearctic","invert": true },{ "modid": "bio_atlantic_neotropic","invert": true },{ "modid": "bio_atlantic_palearctic","invert": true },{ "modid": "bio_australasian","invert": true },{ "modid": "bio_central_palearctic","invert": true },{ "modid": "bio_eastern_palearctic","invert": true },{ "modid": "bio_oceanian","invert": true },{ "modid": "bio_pacific_nearctic","invert": true },{ "modid": "bio_pacific_neotropic","invert": true },{ "modid": "bio_pacific_palearctic","invert": true }]
      },
    {
        "op": "addmerge",
        "path": "/-",
        "value": {
          "comment": "Varied patches of Elands Sourfig",
          "blockCodes": [
            "floralzonescaperegion:smallberrybush-carpobrotusacinaciformis-empty","floralzonescaperegion:smallberrybush-carpobrotusacinaciformis-flowering","floralzonescaperegion:smallberrybush-carpobrotusacinaciformis-ripe"
          ],
          "minTemp": 14,
          "maxTemp": 16,
		  "minForest": 0,
		  "maxForest": 0.35,
		  "minRain": 0.31,
          "maxRain": 0.50,
          "chance": 0.2,
          "maxY": 0.5,
		  "maxFertility": 0.3,
          "quantity": { "dist": "invexp", "avg": 15, "var": 14 },
          "offsetX": { "avg": 0, "var": 3 },
          "offsetZ": { "avg": 0, "var": 3 }
        },
        "file": "game:worldgen/blockpatches/berrybush.json",
        "side": "server",
        "dependsOn": [{ "modid": "bio_atlantic_nearctic","invert": true },{ "modid": "bio_atlantic_neotropic","invert": true },{ "modid": "bio_atlantic_palearctic","invert": true },{ "modid": "bio_australasian","invert": true },{ "modid": "bio_central_palearctic","invert": true },{ "modid": "bio_eastern_afrotropic","invert": true },{ "modid": "bio_eastern_palearctic","invert": true },{ "modid": "bio_oceanian","invert": true },{ "modid": "bio_pacific_nearctic","invert": true },{ "modid": "bio_pacific_neotropic","invert": true },{ "modid": "bio_pacific_palearctic","invert": true }]
      },
]