{
    "code": "dyedcandle",
    "class": "ItemCandle",
    "variantgroups": [
        {
            "code": "type",
            "states": [ "blue","red","pink","green","purple","black","white","gray","yellow","orange","mint","skyblue","brown","teal","lavender", "woad", "lime"]
        }
    ],
    "attributes": {
        "blockfirstcodepart": "colorfulcandles:dyedbunchocandles{type}",
        "displaycaseable": true,
        "shelvable": true,
        "onDisplayTransform": {
            "origin": {
                "x": 0.5,
                "y": 0,
                "z": 0.5
            },
            "scale": 0.75
        }
    },
    "storageFlags": 257,
    "lightHsv": [ 7, 7, 7 ],
    "maxstacksize": 32,
    "shapeByType": {
        "*": { "base": "game:block/wax/candle3" }
    },
    "texturesByType": {
        "*-blue": { "candle": { "base": "colorfulcandles:block/wax/dyedcandles/blue" } },
        "*-green": { "candle": { "base": "colorfulcandles:block/wax/dyedcandles/green" } },
        "*-yellow": { "candle": { "base": "colorfulcandles:block/wax/dyedcandles/yellow" } },
        "*-red": { "candle": { "base": "colorfulcandles:block/wax/dyedcandles/red" } },
        "*-purple": { "candle": { "base": "colorfulcandles:block/wax/dyedcandles/purple" } },
        "*-pink": { "candle": { "base": "colorfulcandles:block/wax/dyedcandles/pink" } },
        "*-black": { "candle": { "base": "colorfulcandles:block/wax/dyedcandles/black" } },
        "*-white": { "candle": { "base": "colorfulcandles:block/wax/dyedcandles/white" } },
        "*-gray": { "candle": { "base": "colorfulcandles:block/wax/dyedcandles/gray" } },
        "*-orange": { "candle": { "base": "colorfulcandles:block/wax/dyedcandles/orange" } },
        "*-mint": { "candle": { "base": "colorfulcandles:block/wax/dyedcandles/mint" } },
        "*-skyblue": { "candle": { "base": "colorfulcandles:block/wax/dyedcandles/skyblue" } },
        "*-lavender": { "candle": { "base": "colorfulcandles:block/wax/dyedcandles/lavender" } },
        "*-brown": { "candle": { "base": "colorfulcandles:block/wax/dyedcandles/brown" } },
        "*-teal": { "candle": { "base": "colorfulcandles:block/wax/dyedcandles/teal" } },
        "*-woad": { "candle": { "base": "colorfulcandles:block/wax/dyedcandles/woad" } },
        "*-lime": {"candle": {"base": "colorfulcandles:block/wax/dyedcandles/lime"} }
    },
        "creativeinventory": {
            "general": [ "*" ],
            "items": [ "*" ],
            "colorfulcandles": [ "*" ]
        },
        "combustibleProps": {
            "burnTemperature": 700,
            "burnDuration": 8
        },
        "materialDensity": 200,
        "guiTransform": {
            "translation": {
                "x": 1,
                "y": 4,
                "z": 0
            },
            "rotation": {
                "x": -180,
                "y": 36,
                "z": -29
            },
            "origin": {
                "x": 0.5,
                "y": 0.11,
                "z": 0.5
            },
            "scale": 4
        },
        "fpHandTransform": {
            "translation": {
                "x": 0,
                "y": 0.16,
                "z": 0
            },
            "rotation": {
                "x": 1,
                "y": 88,
                "z": -5
            },
            "origin": {
                "x": 0.5,
                "y": 0.1,
                "z": 0.5
            },
            "scale": 2.63
        },
        "tpHandTransform": {
            "translation": {
                "x": -1.25,
                "y": -0.7,
                "z": -0.8
            },
            "rotation": {
                "x": 0,
                "y": -12,
                "z": -83
            },
            "scale": 0.66
        },
        "groundTransform": {
            "translation": {
                "x": 0,
                "y": 0,
                "z": 0
            },
            "rotation": {
                "x": 3,
                "y": 1,
                "z": 0
            },
            "origin": {
                "x": 0.5,
                "y": 0,
                "z": 0.5
            },
            "scale": 4
        }
    }