{
	"ingredient": {
		"type": "item",
		"code": "game:clay-*",
		"name":  "type",
		"allowedvariants": [ "fire", "blue", "red" ]
	},
	"pattern": [
		[
			"__________",
			"__________",
			"__######__",
			"__######__",
			"__######__",
			"__######__",
			"__######__",
			"__######__",
			"__________",
			"__________"
		],
		[
			"__________",
			"__________",
			"__######__",
			"__#____#__",
			"__#____#__",
			"__#____#__",
			"__#____#__",
			"__######__",
			"__________",
			"__________"
		],
		[
			"__________",
			"_########_",
			"_########_",
			"_##____##_",
			"_##____##_",
			"_##____##_",
			"_##____##_",
			"_########_",
			"_########_",
			"__________"
		],
		[
			"__________",
			"_########_",
			"_#______#_",
			"_#______#_",
			"_#______#_",
			"_#______#_",
			"_#______#_",
			"_#______#_",
			"_########_",
			"__________"
		],
		[
			"__________",
			"_########_",
			"_#______#_",
			"_#______#_",
			"_#______#_",
			"_#______#_",
			"_#______#_",
			"_#______#_",
			"_########_",
			"__________"
		],
		[
			"__________",
			"_########_",
			"_########_",
			"_##____##_",
			"_##____##_",
			"_##____##_",
			"_##____##_",
			"_########_",
			"_########_",
			"__________"
		],
		[
			"__________",
			"__________",
			"__######__",
			"__#____#__",
			"__#____#__",
			"__#____#__",
			"__#____#__",
			"__######__",
			"__________",
			"__________"
		]
	],
	"name": "recipe-clayforming-hivetop-raw",
	"output": {
		"type": "block",
		"code": "fromgoldencombs:hivetop-{type}-raw"
	}
}