[
    {
        "file": "game:blocktypes/plant/hay.json",
        "op": "add",
        "path": "/attributes/foodTags/-",
        "value": "hay",
        side: "server",
    },
    {
        "file": "game:blocktypes/plant/hay.json",
        "op": "add",
        "path": "/attributes/satiety",
        "value": 400,
        side: "server",
    },
    {
        "file": "game:blocktypes/plant/mushroom.json",
        "op": "addmerge",
        "path": "/attributes/foodTags",
        "value": [ "mushroom" ],
        side: "server",
    },
    {
        "file": "game:blocktypes/plant/mushroom-side.json",
        "op": "addmerge",
        "path": "/attributes/foodTags",
        "value": [ "mushroom" ],
        side: "server",
    },
    {
        "file": "game:blocktypes/plant/tallgrass.json",
        "op": "addmerge",
        "path": "/attributes/foodTags",
        "value": [ "grass" ],
        side: "server",
    },
    {
        "file": "game:blocktypes/plant/tallgrass.json",
        "op": "add",
        "path": "/attributes/satiety",
        "value": 50,
        side: "server",
    },
    {
        "file": "game:itemtypes/food/bambooshoot.json",
        "op": "addmerge",
        "path": "/attributes",
        "value": {},
        side: "server",
    },
    {
        "file": "game:itemtypes/food/bambooshoot.json",
        "op": "addmerge",
        "path": "/attributes/foodTags",
        "value": [ "foliage" ],
        side: "server",
    },
    {
        "file": "game:itemtypes/food/bushmeat.json",
        "op": "add",
        "path": "/attributes/satietyByType",
        "value": { "*-raw": 60},
        side: "server",
    },
    {
        "file": "game:itemtypes/food/redmeat.json",
        "op": "add",
        "path": "/attributes/satietyByType",
        "value": { "*-raw": 200},
        side: "server",
    },
    {
        "file": "game:itemtypes/food/poultry.json",
        "op": "add",
        "path": "/attributes/satietyByType",
        "value": { "*-raw": 150},
        side: "server",
    },
    {
        "file": "game:itemtypes/food/poultry.json",
        "op": "addmerge",
        "path": "/attributes/foodTags",
        "value": [ "fish" ],
        side: "server",
    },
    {
        "file": "game:itemtypes/food/egg.json",
        "op": "remove",
        "path": "/attributes/foodTags",
        side: "server",
    },
    {
        "file": "game:itemtypes/food/egg.json",
        "op": "add",
        "path": "/attributes/foodTagsByType",
        "value": {
            "*-raw": [ "egg", "rawegg" ],
            "*": [ "egg" ],
        },
        side: "server",
    },
    {
        "file": "game:itemtypes/food/egg.json",
        "op": "add",
        "path": "/attributes/satietyByType",
        "value": { "*-raw": 120},
        side: "server",
    },
    {
        "file": "game:itemtypes/food/fruit.json",
        "op": "remove",
        "path": "/attributes/foodTags",
        "side": "Server"
    },
    {
        "file": "game:itemtypes/food/grain.json",
        "op": "addmerge",
        "path": "/attributes/satiety",
        "value": 120,
        side: "server",
    },
    {
        "file": "game:itemtypes/food/grain.json",
        "op": "addmerge",
        "path": "/attributesByType/*-flax/foodTags",
        "value": ["flax"],
        side: "server",
    },
    {
        "file": "game:itemtypes/food/grain.json",
        "op": "addmerge",
        "path": "/attributesByType/*-rice/foodTags",
        "value": ["rice"],
        side: "server",
    },
    {
        file: "game:itemtypes/food/legume.json",
        op: "add",
        path: "/attributes/satiety",
        value: 160,
        side: "server",
    },
    {
        "file": "game:itemtypes/food/pickledlegume.json",
        "op": "addmerge",
        "path": "/attributes/foodTags",
        "value": [ "pickledvegetable", "sour" ],
        side: "server",
    },
    {
        "file": "game:itemtypes/food/pickledvegetable.json",
        "op": "addmerge",
        "path": "/attributes/foodTags",
        "value": [ "pickledvegetable", "sour" ],
        side: "server",
    },
    {
        "file": "game:itemtypes/food/vegetable.json",
        "op": "addmerge",
        "path": "/attributesByType/*-cabbage/foodTags",
        "value": [ "{type}" ],
        side: "server",
    },
    {
        "file": "game:itemtypes/food/vegetable.json",
        "op": "addmerge",
        "path": "/attributesByType/*-pumpkin/foodTags",
        "value": [ "{type}" ],
        side: "server",
    },
    {
        "file": "game:itemtypes/food/vegetable.json",
        "op": "addmerge",
        "path": "/attributesByType/*-cassava/foodTags",
        "value": [ "processedcassava" ],
        side: "server",
    },
    {
        "file": "game:itemtypes/liquid/dairy/milkportion.json",
        "op": "addmerge",
        "path": "/attributes/foodTags",
        "value": [ "milk" ],
        side: "server",
    },
    {
        "file": "game:itemtypes/liquid/honeyportion.json",
        "op": "addmerge",
        "path": "/attributes/foodTags",
        "value": [ "honey" ],
        side: "server",
    },
    {
        "file": "game:itemtypes/liquid/jamhoneyportion.json",
        "op": "addmerge",
        "path": "/attributes/foodTags",
        "value": [ "jam" ],
        side: "server",
    },
    {
        "file": "game:itemtypes/liquid/saltwaterportion.json",
        "op": "addmerge",
        "path": "/attributes/foodTags",
        "value": [ "saltwater" ],
        side: "server",
    },
    {
        "file": "game:itemtypes/liquid/waterportion.json",
        "op": "addmerge",
        "path": "/attributes/foodTags",
        "value": [ "freshwater" ],
        side: "server",
    },
    {
        "file": "game:itemtypes/resource/bone.json",
        "op": "addmerge",
        "path": "/attributes/foodTags",
        "value": [ "bone" ],
        side: "server",
    },
    {
        "file": "game:itemtypes/resource/catttailroot.json",
        "op": "addmerge",
        "path": "/attributes/foodTags",
        "value": [ "vegetable" ],
        side: "server",
    },
    {
        "file": "game:itemtypes/resource/catttailtops.json",
        "op": "addmerge",
        "path": "/attributes",
        "value": {},
        side: "server",
    },
    {
        "file": "game:itemtypes/resource/catttailtops.json",
        "op": "addmerge",
        "path": "/attributes/foodTags",
        "value": [ "foliage" ],
        side: "server",
    },
    {
        "file": "game:itemtypes/resource/drygrass.json",
        "op": "add",
        "path": "/attributes/foodTags/-",
        "value": "hay",
        side: "server",
    },
    {
        "file": "game:itemtypes/resource/drygrass.json",
        "op": "add",
        "path": "/attributes/satiety",
        "value": 50,
        side: "server",
    },
    {
        "file": "game:itemtypes/resource/fat.json",
        "op": "addmerge",
        "path": "/attributes/foodTags",
        "value": [ "fat" ],
        side: "server",
    },
    {
        "file": "game:itemtypes/resource/hide.json",
        "op": "add",
        "path": "/attributes/foodTagsByType",
        "value": {
            "hide-raw-*": [ "rawhide" ],
        },
        side: "server",
    },
    {
        "file": "game:itemtypes/resource/hide.json",
        "op": "add",
        "path": "/attributes/satietyByType",
        "value": {
            "hide-raw-small": 100,
            "hide-raw-medium": 200,
            "hide-raw-large": 300,
            "hide-raw-huge": 500,
        },
        side: "server",
    },
    {
        "file": "game:itemtypes/resource/honeycomb.json",
        "op": "addmerge",
        "path": "/attributes/foodTags",
        "value": [ "honey" ],
        side: "server",
    },
    {
        "file": "game:itemtypes/resource/papyrusroot.json",
        "op": "addmerge",
        "path": "/attributes/foodTags",
        "value": [ "toughroot" ],
        side: "server",
    },
    {
        "file": "game:itemtypes/resource/papyrustops.json",
        "op": "addmerge",
        "path": "/attributes",
        "value": {},
        side: "server",
    },
    {
        "file": "game:itemtypes/resource/papyrustops.json",
        "op": "addmerge",
        "path": "/attributes/foodTags",
        "value": [ "toughstem" ],
        side: "server",
    },
    {
        file: "game:itemtypes/resource/treeseed.json",
        op: "addmerge",
        path: "/attributesByType/treeseed-oak",
        value: { foodTags: [ "acorn" ], satiety: 15 },
        side: "server",
    },
    {
        file: "game:itemtypes/resource/treeseed.json",
        op: "addmerge",
        path: "/attributesByType/treeseed-walnut",
        value: { foodTags: ["walnut"], satiety: 20 },
        side: "server",
    },
    {
        file: "game:itemtypes/resource/treeseed.json",
        op: "replace",
        path: "/attributesByType/treeseed-oak/satiety",
        value: 6,
        side: "server",
        dependsOn: [ { modid: "acorns" } ],
    },
    {
        "file": "game:itemtypes/resource/tuleroot.json",
        "op": "addmerge",
        "path": "/attributes/foodTags",
        "value": [ "toughroot" ],
        side: "server",
    },
    {
        "file": "game:itemtypes/resource/thatch.json",
        "op": "addmerge",
        "path": "/attributes",
        "value": {},
        side: "server",
    },
    {
        "file": "game:itemtypes/resource/thatch.json",
        "op": "addmerge",
        "path": "/attributes/foodTags",
        "value": [ "toughstem" ],
        side: "server",
    },
]
