[
		{
			"op": "add",
			"path": "/treegens/-",
			"value": {
				"Generator": "cecropiaobtusifolia",
				"MinSize": 0.4,
				"MaxSize": 0.8,
				"Weight": 40,
				"SuitabilitySizeBonus": 0.5,
				"MinTemp": 22,
				"MaxTemp": 40,
				"MinRain": 128,
				"MaxRain": 255,
				"MinFert": 0,
				"MaxFert": 255,
				"MinForest": 209,
				"MaxForest": 255,
				"MinHeight": 0,
				"MaxHeight": 0.47
			},
			"file": "game:worldgen/treengenproperties.json",
			"side": "server",
			"dependsOn": [{ "modid": "bio_atlantic_afrotropic","invert": true },{ "modid": "bio_atlantic_nearctic","invert": true },{ "modid": "bio_atlantic_neotropic","invert": true },{ "modid": "bio_atlantic_palearctic","invert": true },{ "modid": "bio_australasian","invert": true },{ "modid": "bio_central_palearctic","invert": true },{ "modid": "bio_eastern_afrotropic","invert": true },{ "modid": "bio_eastern_palearctic","invert": true },{ "modid": "bio_oceanian","invert": true },{ "modid": "bio_pacific_palearctic","invert": true }]
		},
		{
			"op": "add",
			"path": "/treegens/-",
			"value": {
				"Generator": "ceibapentandra",
				"MinSize": 0.8,
				"MaxSize": 1.0,
				"Weight": 40,
				"SuitabilitySizeBonus": 0.8,
				"MinTemp": 22,
				"MaxTemp": 40,
				"MinRain": 150,
				"MaxRain": 255,
				"MinFert": 102,
				"MaxFert": 255,
				"MinForest": 230,
				"MaxForest": 255,
				"MinHeight": 0,
				"MaxHeight": 0.8
			},
			"file": "game:worldgen/treengenproperties.json",
			"side": "server",
			"dependsOn": [{ "modid": "bio_australasian","invert": true },{ "modid": "bio_central_palearctic","invert": true },{ "modid": "bio_eastern_afrotropic","invert": true },{ "modid": "bio_eastern_palearctic","invert": true },{ "modid": "bio_oceanian","invert": true },{ "modid": "bio_pacific_palearctic","invert": true }]
		},
		{
			"op": "add",
			"path": "/treegens/-",
			"value": {
				"Generator": "ceibapentandra",
				"MinSize": 0.3,
				"MaxSize": 1.0,
				"Weight": 80,
				"SuitabilitySizeBonus": 0.8,
				"MinTemp": 22,
				"MaxTemp": 40,
				"MinRain": 82,
				"MaxRain": 150,
				"MinFert": 102,
				"MaxFert": 255,
				"MinForest": 230,
				"MaxForest": 255,
				"MinHeight": 0,
				"MaxHeight": 0.8
			},
			"file": "game:worldgen/treengenproperties.json",
			"side": "server",
			"dependsOn": [{ "modid": "bio_australasian","invert": true },{ "modid": "bio_central_palearctic","invert": true },{ "modid": "bio_eastern_afrotropic","invert": true },{ "modid": "bio_eastern_palearctic","invert": true },{ "modid": "bio_oceanian","invert": true },{ "modid": "bio_pacific_palearctic","invert": true }]
		},
		{
			"op": "add",
			"path": "/treegens/-",
			"value": {
				"Generator": "ceibapentandralarge",
				"MinSize": 0.5,
				"MaxSize": 1,
				"Weight": 0.3,
				"SuitabilitySizeBonus": 0.8,
				"MinTemp": 22,
				"MaxTemp": 40,
				"MinRain": 200,
				"MaxRain": 255,
				"MinFert": 102,
				"MaxFert": 255,
				"MinForest": 240,
				"MaxForest": 255,
				"MinHeight": 0,
				"MaxHeight": 1.0
			},
			"file": "game:worldgen/treengenproperties.json",
			"side": "server",
			"dependsOn": [{ "modid": "bio_australasian","invert": true },{ "modid": "bio_central_palearctic","invert": true },{ "modid": "bio_eastern_afrotropic","invert": true },{ "modid": "bio_eastern_palearctic","invert": true },{ "modid": "bio_oceanian","invert": true },{ "modid": "bio_pacific_palearctic","invert": true }]
		},
		{
			"op": "add",
			"path": "/treegens/-",
			"value": {
				"Generator": "comarostaphylisarbutoides",
				"MinSize": 0.4,
				"MaxSize": 1,
				"Weight": 60,
				"SuitabilitySizeBonus": 0.4,
				"MinTemp": 14,
				"MaxTemp": 24,
				"MinRain": 135,
				"MaxRain": 255,
				"MinFert": 0,
				"MaxFert": 255,
				"MinForest": 153,
				"MaxForest": 255,
				"MinHeight": 0.65,
				"MaxHeight": 0.8
			},
			"file": "game:worldgen/treengenproperties.json",
			"side": "server",
			"dependsOn": [{ "modid": "bio_atlantic_afrotropic","invert": true },{ "modid": "bio_atlantic_nearctic","invert": true },{ "modid": "bio_atlantic_neotropic","invert": true },{ "modid": "bio_atlantic_palearctic","invert": true },{ "modid": "bio_australasian","invert": true },{ "modid": "bio_central_palearctic","invert": true },{ "modid": "bio_eastern_afrotropic","invert": true },{ "modid": "bio_eastern_palearctic","invert": true },{ "modid": "bio_oceanian","invert": true },{ "modid": "bio_pacific_neotropic","invert": true },{ "modid": "bio_pacific_palearctic","invert": true }]
		},
		{
			"op": "add",
			"path": "/treegens/-",
			"value": {
				"Generator": "lysilomalatisiliquum",
				"MinSize": 0.8,
				"MaxSize": 1,
				"Weight": 100,
				"SuitabilitySizeBonus": 0.8,
				"MinTemp": 22,
				"MaxTemp": 31,
				"MinRain": 89,
				"MaxRain": 166,
				"MinFert": 102,
				"MaxFert": 255,
				"MinForest": 102,
				"MaxForest": 204,
				"MinHeight": 0,
				"MaxHeight": 0.4
			},
			"file": "game:worldgen/treengenproperties.json",
			"side": "server",
			"dependsOn": [{ "modid": "bio_atlantic_afrotropic","invert": true },{ "modid": "bio_atlantic_neotropic","invert": true },{ "modid": "bio_atlantic_palearctic","invert": true },{ "modid": "bio_australasian","invert": true },{ "modid": "bio_central_palearctic","invert": true },{ "modid": "bio_eastern_afrotropic","invert": true },{ "modid": "bio_eastern_palearctic","invert": true },{ "modid": "bio_oceanian","invert": true },{ "modid": "bio_pacific_neotropic","invert": true },{ "modid": "bio_pacific_palearctic","invert": true }]
		},
		{
			"op": "add",
			"path": "/treegens/-",
			"value": {
				"Generator": "peltogynepurpurea",
			"MinSize": 0.7,
			"MaxSize": 10,
			"SuitabilitySizeBonus": 0.7,
			"Weight": 1,
			"MinTemp": 24,
			"MaxTemp": 30,
			"MinRain": 185,
			"MaxRain": 255,
			"MinFert": 30,
			"MaxFert": 255,
			"MinForest": 120,
			"MaxForest": 255,
			"MinHeight": 0.0,
			"MaxHeight": 0.63
			},
			"file": "game:worldgen/treengenproperties.json",
			"side": "server",
			"dependsOn": [{ "modid": "bio_atlantic_afrotropic","invert": true },{ "modid": "bio_atlantic_nearctic","invert": true },{ "modid": "bio_atlantic_neotropic","invert": true },{ "modid": "bio_atlantic_palearctic","invert": true },{ "modid": "bio_australasian","invert": true },{ "modid": "bio_central_palearctic","invert": true },{ "modid": "bio_eastern_afrotropic","invert": true },{ "modid": "bio_eastern_palearctic","invert": true },{ "modid": "bio_oceanian","invert": true },{ "modid": "bio_pacific_neotropic","invert": true },{ "modid": "bio_pacific_palearctic","invert": true }]
		},
		{
			"op": "add",
			"path": "/treegens/-",
			"value": {
				"Generator": "pinuscaribaea",
				"MinSize": 0.8,
				"MaxSize": 1,
				"Weight": 20,
				"SuitabilitySizeBonus": 0.8,
				"MinTemp": 24,
				"MaxTemp": 30,
				"MinRain": 84,
				"MaxRain": 166,
				"MinFert": 0,
				"MaxFert": 153,
				"MinForest": 128,
				"MaxForest": 255,
				"MinHeight": 0,
				"MaxHeight": 0.63
			},
			"file": "game:worldgen/treengenproperties.json",
			"side": "server",
			"dependsOn": [{ "modid": "bio_atlantic_afrotropic","invert": true },{ "modid": "bio_atlantic_neotropic","invert": true },{ "modid": "bio_atlantic_palearctic","invert": true },{ "modid": "bio_australasian","invert": true },{ "modid": "bio_central_palearctic","invert": true },{ "modid": "bio_eastern_afrotropic","invert": true },{ "modid": "bio_eastern_palearctic","invert": true },{ "modid": "bio_oceanian","invert": true },{ "modid": "bio_pacific_neotropic","invert": true },{ "modid": "bio_pacific_palearctic","invert": true }]
		},
		{
			"op": "add",
			"path": "/treegens/-",
			"value": {
				"Generator": "narrowpinuscaribaea",
				"MinSize": 0.8,
				"MaxSize": 1,
				"Weight": 45,
				"SuitabilitySizeBonus": 0.8,
				"MinTemp": 24,
				"MaxTemp": 30,
				"MinRain": 84,
				"MaxRain": 166,
				"MinFert": 0,
				"MaxFert": 153,
				"MinForest": 128,
				"MaxForest": 255,
				"MinHeight": 0,
				"MaxHeight": 0.63
			},
			"file": "game:worldgen/treengenproperties.json",
			"side": "server",
			"dependsOn": [{ "modid": "bio_atlantic_afrotropic","invert": true },{ "modid": "bio_atlantic_neotropic","invert": true },{ "modid": "bio_atlantic_palearctic","invert": true },{ "modid": "bio_australasian","invert": true },{ "modid": "bio_central_palearctic","invert": true },{ "modid": "bio_eastern_afrotropic","invert": true },{ "modid": "bio_eastern_palearctic","invert": true },{ "modid": "bio_oceanian","invert": true },{ "modid": "bio_pacific_neotropic","invert": true },{ "modid": "bio_pacific_palearctic","invert": true }]
		},
		{
			"op": "add",
			"path": "/treegens/-",
			"value": {
				"Generator": "pinustecunumanii",
				"MinSize": 0.9,
				"MaxSize": 1,
				"Weight": 80,
				"SuitabilitySizeBonus": 0.8,
				"MinTemp": 18,
				"MaxTemp": 26,
				"MinRain": 158,
				"MaxRain": 189,
				"MinFert": 0,
				"MaxFert": 179,
				"MinForest": 77,
				"MaxForest": 255,
				"MinHeight": 0.48,
				"MaxHeight": 1.0
			},
			"file": "game:worldgen/treengenproperties.json",
			"side": "server",
			"dependsOn": [{ "modid": "bio_atlantic_afrotropic","invert": true },{ "modid": "bio_atlantic_nearctic","invert": true },{ "modid": "bio_atlantic_neotropic","invert": true },{ "modid": "bio_atlantic_palearctic","invert": true },{ "modid": "bio_australasian","invert": true },{ "modid": "bio_central_palearctic","invert": true },{ "modid": "bio_eastern_afrotropic","invert": true },{ "modid": "bio_eastern_palearctic","invert": true },{ "modid": "bio_oceanian","invert": true },{ "modid": "bio_pacific_neotropic","invert": true },{ "modid": "bio_pacific_palearctic","invert": true }]
		},
		{
			"op": "add",
			"path": "/treegens/-",
			"value": {
				"Generator": "quercuscostaricensis",
				"MinSize": 0.4,
				"MaxSize": 1,
				"Weight": 100,
				"SuitabilitySizeBonus": 0.8,
				"MinTemp": 20,
				"MaxTemp": 26,
				"MinRain": 180,
				"MaxRain": 255,
				"MinFert": 0,
				"MaxFert": 255,
				"MinForest": 128,
				"MaxForest": 255,
				"MinHeight": 0.6,
				"MaxHeight": 1.0
			},
			"file": "game:worldgen/treengenproperties.json",
			"side": "server",
			"dependsOn": [{ "modid": "bio_atlantic_afrotropic","invert": true },{ "modid": "bio_atlantic_nearctic","invert": true },{ "modid": "bio_atlantic_neotropic","invert": true },{ "modid": "bio_atlantic_palearctic","invert": true },{ "modid": "bio_australasian","invert": true },{ "modid": "bio_central_palearctic","invert": true },{ "modid": "bio_eastern_afrotropic","invert": true },{ "modid": "bio_eastern_palearctic","invert": true },{ "modid": "bio_oceanian","invert": true },{ "modid": "bio_pacific_neotropic","invert": true },{ "modid": "bio_pacific_palearctic","invert": true }]
		},
		{
			"op": "add",
			"path": "/treegens/-",
			"value": {
				"Generator": "quercuscostaricensistall",
				"MinSize": 0.8,
				"MaxSize": 1,
				"Weight": 5,
				"SuitabilitySizeBonus": 0.9,
				"MinTemp": 20,
				"MaxTemp": 26,
				"MinRain": 180,
				"MaxRain": 255,
				"MinFert": 0,
				"MaxFert": 255,
				"MinForest": 128,
				"MaxForest": 255,
				"MinHeight": 0.6,
				"MaxHeight": 1.0
			},
			"file": "game:worldgen/treengenproperties.json",
			"side": "server",
			"dependsOn": [{ "modid": "bio_atlantic_afrotropic","invert": true },{ "modid": "bio_atlantic_nearctic","invert": true },{ "modid": "bio_atlantic_neotropic","invert": true },{ "modid": "bio_atlantic_palearctic","invert": true },{ "modid": "bio_australasian","invert": true },{ "modid": "bio_central_palearctic","invert": true },{ "modid": "bio_eastern_afrotropic","invert": true },{ "modid": "bio_eastern_palearctic","invert": true },{ "modid": "bio_oceanian","invert": true },{ "modid": "bio_pacific_neotropic","invert": true },{ "modid": "bio_pacific_palearctic","invert": true }]
		},
		{
			"op": "add",
			"path": "/treegens/-",
			"value": {
				"Generator": "roystonearegia",
				"MinSize": 0.7,
				"MaxSize": 1,
				"Weight": 60,
				"SuitabilitySizeBonus": 0.2,
				"MinTemp": 24,
				"MaxTemp": 34,
				"MinRain": 38,
				"MaxRain": 255,
				"MinFert": 179,
				"MaxFert": 255,
				"MinForest": 102,
				"MaxForest": 204,
				"MinHeight": 0.0,
				"MaxHeight": 0.4
			},
			"file": "game:worldgen/treengenproperties.json",
			"side": "server",
			"dependsOn": [{ "modid": "bio_atlantic_afrotropic","invert": true },{ "modid": "bio_atlantic_neotropic","invert": true },{ "modid": "bio_atlantic_palearctic","invert": true },{ "modid": "bio_australasian","invert": true },{ "modid": "bio_central_palearctic","invert": true },{ "modid": "bio_eastern_afrotropic","invert": true },{ "modid": "bio_eastern_palearctic","invert": true },{ "modid": "bio_oceanian","invert": true },{ "modid": "bio_pacific_neotropic","invert": true },{ "modid": "bio_pacific_palearctic","invert": true }]
		},
		{
			"op": "add",
			"path": "/treegens/-",
			"value": {
				"Generator": "sabalpalmetto",
				"MinSize": 0.2,
				"MaxSize": 1,
				"Weight": 30,
				"SuitabilitySizeBonus": 0.3,
				"MinTemp": 16,
				"MaxTemp": 24,
				"MinRain": 66,
				"MaxRain": 155,
				"MinFert": 0,
				"MaxFert": 178,
				"MinForest": 0,
				"MaxForest": 204,
				"MinHeight": 0.0,
				"MaxHeight": 0.4
			},
			"file": "game:worldgen/treengenproperties.json",
			"side": "server",
			"dependsOn": [{ "modid": "bio_atlantic_afrotropic","invert": true },{ "modid": "bio_atlantic_neotropic","invert": true },{ "modid": "bio_atlantic_palearctic","invert": true },{ "modid": "bio_australasian","invert": true },{ "modid": "bio_central_palearctic","invert": true },{ "modid": "bio_eastern_afrotropic","invert": true },{ "modid": "bio_eastern_palearctic","invert": true },{ "modid": "bio_oceanian","invert": true },{ "modid": "bio_pacific_neotropic","invert": true },{ "modid": "bio_pacific_palearctic","invert": true }]
		},
		{
			"op": "add",
			"path": "/treegens/-",
			"value": {
				"Generator": "scalesiapedunculata",
				"MinSize": 0.9,
				"MaxSize": 1,
				"Weight": 100,
				"SuitabilitySizeBonus": 0.5,
				"MinTemp": 22,
				"MaxTemp": 26,
				"MinRain": 74,
				"MaxRain": 130,
				"MinFert": 102,
				"MaxFert": 255,
				"MinForest": 51,
				"MaxForest": 255,
				"MinHeight": 0.0,
				"MaxHeight": 0.4
			},
			"file": "game:worldgen/treengenproperties.json",
			"side": "server",
			"dependsOn": [{ "modid": "bio_atlantic_afrotropic","invert": true },{ "modid": "bio_atlantic_nearctic","invert": true },{ "modid": "bio_atlantic_neotropic","invert": true },{ "modid": "bio_atlantic_palearctic","invert": true },{ "modid": "bio_australasian","invert": true },{ "modid": "bio_central_palearctic","invert": true },{ "modid": "bio_eastern_afrotropic","invert": true },{ "modid": "bio_eastern_palearctic","invert": true },{ "modid": "bio_oceanian","invert": true },{ "modid": "bio_pacific_nearctic","invert": true },{ "modid": "bio_pacific_palearctic","invert": true }]
		},
		{
			"op": "add",
			"path": "/shrubgens/-",
			"value": {
				"Generator": "shrubcomarostaphylisarbutoides",
				"MinSize": 0.1,
				"MaxSize": 1,
				"Weight": 100,
				"SuitabilitySizeBonus": 0.4,
				"MinTemp": 16,
				"MaxTemp": 26,
				"MinRain": 135,
				"MaxRain": 255,
				"MinFert": 0,
				"MaxFert": 255,
				"MinForest": 100,
				"MaxForest": 200,
				"MinHeight": 0.7,
				"MaxHeight": 0.8
			},
			"file": "game:worldgen/treengenproperties.json",
			"side": "server",
			"dependsOn": [{ "modid": "bio_atlantic_afrotropic","invert": true },{ "modid": "bio_atlantic_nearctic","invert": true },{ "modid": "bio_atlantic_neotropic","invert": true },{ "modid": "bio_atlantic_palearctic","invert": true },{ "modid": "bio_australasian","invert": true },{ "modid": "bio_central_palearctic","invert": true },{ "modid": "bio_eastern_afrotropic","invert": true },{ "modid": "bio_eastern_palearctic","invert": true },{ "modid": "bio_oceanian","invert": true },{ "modid": "bio_pacific_palearctic","invert": true }]
		}
]