﻿[
	{
		"enabled": false,
        ingredientPattern: "PBPB BPBP",
		width: 3,
		height: 3,
		ingredients: {
			"P": {
				type: "block",
				name: "wood",
				code: "floralzonescentralaustralianregion:supportbeam-*",
				allowedVariants: ["corymbiaaparrerinja","eucalyptuscamaldulensis"],
				quantity: 1
			},
			"B": {
				type: "item",
				name: "wood",
				code: "floralzonescentralaustralianregion:plank-*",
				allowedVariants: ["corymbiaaparrerinja","eucalyptuscamaldulensis"],
				quantity: 2
			}
		},
		output: {
			type: "item",
			code: "ancienttools:wheel-{wood}",
			quantity: 1
		}
	},
	{
		"enabled": false,
        ingredientPattern: "PBPB BPBP",
		width: 3,
		height: 3,
		ingredients: {
			"P": {
				type: "item",
				name: "wood",
				code: "ancienttools:beam-*",
				allowedVariants: ["corymbiaaparrerinja","eucalyptuscamaldulensis"],
				quantity: 1
			},
			"B": {
				type: "item",
				name: "wood",
				code: "floralzonescentralaustralianregion:plank-*",
				allowedVariants: ["corymbiaaparrerinja","eucalyptuscamaldulensis"],
				quantity: 2
			}
		},
		output: {
			type: "item",
			code: "ancienttools:wheel-{wood}",
			quantity: 1
		}
    },
]