{
	"editor": {
		"allAngles": false,
		"entityTextureMode": false
	},
	"textureWidth": 16,
	"textureHeight": 16,
	"textureSizes": {
	},
	"textures": {
		"plain1": "game:block/stone/dirtygravel/wet/plain1"
	},
	"elements": [
		{
			"name": "Poop1",
			"from": [ 8.0, 0.0, 8.0 ],
			"to": [ 8.0, 0.0, 8.0 ],
			"rotationOrigin": [ 8.0, 0.0, 8.0 ],
			"faces": {
			},
			"children": [
				{
					"name": "Cube1",
					"from": [ 0.0, 0.0, 0.0 ],
					"to": [ 1.0, 1.0, 1.0 ],
					"rotationOrigin": [ 0.5, 0.0, 0.5 ],
					"faces": {
						"north": { "texture": "#plain1", "uv": [ 0.0, 0.0, 1.0, 1.0 ] },
						"east": { "texture": "#plain1", "uv": [ 0.0, 0.0, 1.0, 1.0 ] },
						"south": { "texture": "#plain1", "uv": [ 0.0, 0.0, 1.0, 1.0 ] },
						"west": { "texture": "#plain1", "uv": [ 0.0, 0.0, 1.0, 1.0 ] },
						"up": { "texture": "#plain1", "uv": [ 0.0, 0.0, 1.0, 1.0 ] },
						"down": { "texture": "#plain1", "uv": [ 0.0, 0.0, 1.0, 1.0 ] }
					}
				},
				{
					"name": "Cube2",
					"from": [ 1.0, 0.0, 1.0 ],
					"to": [ 1.8, 0.8, 1.8 ],
					"rotationOrigin": [ 1.4, 0.0, 1.4 ],
					"rotationY": 16.0,
					"faces": {
						"north": { "texture": "#plain1", "uv": [ 0.0, 0.0, 0.5, 0.5 ] },
						"east": { "texture": "#plain1", "uv": [ 0.0, 0.0, 0.5, 0.5 ] },
						"south": { "texture": "#plain1", "uv": [ 0.0, 0.0, 0.5, 0.5 ] },
						"west": { "texture": "#plain1", "uv": [ 0.0, 0.0, 0.5, 0.5 ] },
						"up": { "texture": "#plain1", "uv": [ 0.0, 0.0, 0.5, 0.5 ] },
						"down": { "texture": "#plain1", "uv": [ 0.0, 0.0, 0.5, 0.5 ] }
					}
				},
				{
					"name": "Cube3",
					"from": [ 1.0, 0.0, -0.7 ],
					"to": [ 2.0, 1.0, 0.3 ],
					"rotationOrigin": [ 1.5, 0.0, -0.2 ],
					"rotationX": -20.0,
					"rotationY": -12.0,
					"faces": {
						"north": { "texture": "#plain1", "uv": [ 0.0, 0.0, 1.0, 1.0 ] },
						"east": { "texture": "#plain1", "uv": [ 0.0, 0.0, 1.0, 1.0 ] },
						"south": { "texture": "#plain1", "uv": [ 0.0, 0.0, 1.0, 1.0 ] },
						"west": { "texture": "#plain1", "uv": [ 0.0, 0.0, 1.0, 1.0 ] },
						"up": { "texture": "#plain1", "uv": [ 0.0, 0.0, 1.0, 1.0 ] },
						"down": { "texture": "#plain1", "uv": [ 0.0, 0.0, 1.0, 1.0 ] }
					}
				},
				{
					"name": "Cube4",
					"from": [ -0.5, 0.0, -1.5 ],
					"to": [ 0.5, 1.0, -0.5 ],
					"rotationOrigin": [ 0.0, 0.0, -1.0 ],
					"rotationY": -35.5,
					"faces": {
						"north": { "texture": "#plain1", "uv": [ 0.0, 0.0, 1.0, 1.0 ] },
						"east": { "texture": "#plain1", "uv": [ 0.0, 0.0, 1.0, 1.0 ] },
						"south": { "texture": "#plain1", "uv": [ 0.0, 0.0, 1.0, 1.0 ] },
						"west": { "texture": "#plain1", "uv": [ 0.0, 0.0, 1.0, 1.0 ] },
						"up": { "texture": "#plain1", "uv": [ 0.0, 0.0, 1.0, 1.0 ] },
						"down": { "texture": "#plain1", "uv": [ 0.0, 0.0, 1.0, 1.0 ] }
					}
				},
				{
					"name": "Cube5",
					"from": [ 1.4, 0.0, 0.0 ],
					"to": [ 2.3, 0.9, 0.9 ],
					"rotationOrigin": [ 1.9, 0.0, 0.5 ],
					"rotationY": 13.0,
					"faces": {
						"north": { "texture": "#plain1", "uv": [ 0.0, 0.0, 0.5, 0.5 ] },
						"east": { "texture": "#plain1", "uv": [ 0.0, 0.0, 0.5, 0.5 ] },
						"south": { "texture": "#plain1", "uv": [ 0.0, 0.0, 0.5, 0.5 ] },
						"west": { "texture": "#plain1", "uv": [ 0.0, 0.0, 0.5, 0.5 ] },
						"up": { "texture": "#plain1", "uv": [ 0.0, 0.0, 0.5, 0.5 ] },
						"down": { "texture": "#plain1", "uv": [ 0.0, 0.0, 0.5, 0.5 ] }
					}
				},
				{
					"name": "Cube6",
					"from": [ -1.0, -0.2, 0.9 ],
					"to": [ 0.0, 0.8, 1.9 ],
					"rotationOrigin": [ -0.5, -0.2, 1.4 ],
					"rotationY": 50.0,
					"faces": {
						"north": { "texture": "#plain1", "uv": [ 0.0, 0.0, 1.0, 1.0 ] },
						"east": { "texture": "#plain1", "uv": [ 0.0, 0.0, 1.0, 1.0 ] },
						"south": { "texture": "#plain1", "uv": [ 0.0, 0.0, 1.0, 1.0 ] },
						"west": { "texture": "#plain1", "uv": [ 0.0, 0.0, 1.0, 1.0 ] },
						"up": { "texture": "#plain1", "uv": [ 0.0, 0.0, 1.0, 1.0 ] },
						"down": { "texture": "#plain1", "uv": [ 0.0, 0.0, 1.0, 1.0 ] }
					}
				},
				{
					"name": "Cube7",
					"from": [ -2.0, -0.1, -0.6 ],
					"to": [ -1.0, 0.9, 0.4 ],
					"rotationOrigin": [ -1.5, -0.1, -0.1 ],
					"rotationY": -7.0,
					"faces": {
						"north": { "texture": "#plain1", "uv": [ 0.0, 0.0, 1.0, 1.0 ] },
						"east": { "texture": "#plain1", "uv": [ 0.0, 0.0, 1.0, 1.0 ] },
						"south": { "texture": "#plain1", "uv": [ 0.0, 0.0, 1.0, 1.0 ] },
						"west": { "texture": "#plain1", "uv": [ 0.0, 0.0, 1.0, 1.0 ] },
						"up": { "texture": "#plain1", "uv": [ 0.0, 0.0, 1.0, 1.0 ] },
						"down": { "texture": "#plain1", "uv": [ 0.0, 0.0, 1.0, 1.0 ] }
					}
				},
				{
					"name": "Cube8",
					"from": [ -3.0, 0.0, 1.0 ],
					"to": [ -2.2, 0.8, 1.8 ],
					"rotationOrigin": [ -2.6, 0.0, 1.4 ],
					"rotationY": 16.0,
					"faces": {
						"north": { "texture": "#plain1", "uv": [ 0.0, 0.0, 0.5, 0.5 ] },
						"east": { "texture": "#plain1", "uv": [ 0.0, 0.0, 0.5, 0.5 ] },
						"south": { "texture": "#plain1", "uv": [ 0.0, 0.0, 0.5, 0.5 ] },
						"west": { "texture": "#plain1", "uv": [ 0.0, 0.0, 0.5, 0.5 ] },
						"up": { "texture": "#plain1", "uv": [ 0.0, 0.0, 0.5, 0.5 ] },
						"down": { "texture": "#plain1", "uv": [ 0.0, 0.0, 0.5, 0.5 ] }
					}
				},
				{
					"name": "Cube9",
					"from": [ 3.4, -0.1, -1.0 ],
					"to": [ 4.2, 0.7, -0.2 ],
					"rotationOrigin": [ 3.9, -0.1, -0.5 ],
					"rotationY": -17.0,
					"faces": {
						"north": { "texture": "#plain1", "uv": [ 0.0, 0.0, 0.5, 0.5 ] },
						"east": { "texture": "#plain1", "uv": [ 0.0, 0.0, 0.5, 0.5 ] },
						"south": { "texture": "#plain1", "uv": [ 0.0, 0.0, 0.5, 0.5 ] },
						"west": { "texture": "#plain1", "uv": [ 0.0, 0.0, 0.5, 0.5 ] },
						"up": { "texture": "#plain1", "uv": [ 0.0, 0.0, 0.5, 0.5 ] },
						"down": { "texture": "#plain1", "uv": [ 0.0, 0.0, 0.5, 0.5 ] }
					}
				}
			]
		}
	]}