{
	"editor": {
		"allAngles": false,
		"entityTextureMode": false
	},
	"textureWidth": 16,
	"textureHeight": 16,
	"textureSizes": {
	},
	"textures": {
		"plain1": "game:block/stone/dirtygravel/wet/plain1"
	},
	"elements": [
		{
			"name": "Poop1",
			"from": [ 8.0, 0.0, 8.0 ],
			"to": [ 8.0, 0.0, 8.0 ],
			"rotationOrigin": [ 8.0, 0.0, 8.0 ],
			"faces": {
			},
			"children": [
				{
					"name": "Cube1",
					"from": [ 0.0, 0.0, 0.0 ],
					"to": [ 1.0, 1.0, 1.0 ],
					"rotationOrigin": [ 0.5, 0.0, 0.5 ],
					"faces": {
						"north": { "texture": "#plain1", "uv": [ 0.0, 0.0, 1.0, 1.0 ] },
						"east": { "texture": "#plain1", "uv": [ 0.0, 0.0, 1.0, 1.0 ] },
						"south": { "texture": "#plain1", "uv": [ 0.0, 0.0, 1.0, 1.0 ] },
						"west": { "texture": "#plain1", "uv": [ 0.0, 0.0, 1.0, 1.0 ] },
						"up": { "texture": "#plain1", "uv": [ 0.0, 0.0, 1.0, 1.0 ] },
						"down": { "texture": "#plain1", "uv": [ 0.0, 0.0, 1.0, 1.0 ] }
					}
				},
				{
					"name": "Cube2",
					"from": [ 1.0, 0.0, 1.0 ],
					"to": [ 1.8, 0.8, 1.8 ],
					"rotationOrigin": [ 1.4, 0.0, 1.4 ],
					"rotationY": 16.0,
					"faces": {
						"north": { "texture": "#plain1", "uv": [ 0.0, 0.0, 0.5, 0.5 ] },
						"east": { "texture": "#plain1", "uv": [ 0.0, 0.0, 0.5, 0.5 ] },
						"south": { "texture": "#plain1", "uv": [ 0.0, 0.0, 0.5, 0.5 ] },
						"west": { "texture": "#plain1", "uv": [ 0.0, 0.0, 0.5, 0.5 ] },
						"up": { "texture": "#plain1", "uv": [ 0.0, 0.0, 0.5, 0.5 ] },
						"down": { "texture": "#plain1", "uv": [ 0.0, 0.0, 0.5, 0.5 ] }
					}
				},
				{
					"name": "Cube3",
					"from": [ 1.0, 0.0, -0.7 ],
					"to": [ 2.0, 1.0, 0.3 ],
					"rotationOrigin": [ 1.5, 0.0, -0.2 ],
					"rotationX": -20.0,
					"rotationY": -12.0,
					"faces": {
						"north": { "texture": "#plain1", "uv": [ 0.0, 0.0, 1.0, 1.0 ] },
						"east": { "texture": "#plain1", "uv": [ 0.0, 0.0, 1.0, 1.0 ] },
						"south": { "texture": "#plain1", "uv": [ 0.0, 0.0, 1.0, 1.0 ] },
						"west": { "texture": "#plain1", "uv": [ 0.0, 0.0, 1.0, 1.0 ] },
						"up": { "texture": "#plain1", "uv": [ 0.0, 0.0, 1.0, 1.0 ] },
						"down": { "texture": "#plain1", "uv": [ 0.0, 0.0, 1.0, 1.0 ] }
					}
				},
				{
					"name": "Cube4",
					"from": [ -0.5, 0.0, -1.5 ],
					"to": [ 0.5, 1.0, -0.5 ],
					"rotationOrigin": [ 0.0, 0.0, -1.0 ],
					"rotationY": -35.5,
					"faces": {
						"north": { "texture": "#plain1", "uv": [ 0.0, 0.0, 1.0, 1.0 ] },
						"east": { "texture": "#plain1", "uv": [ 0.0, 0.0, 1.0, 1.0 ] },
						"south": { "texture": "#plain1", "uv": [ 0.0, 0.0, 1.0, 1.0 ] },
						"west": { "texture": "#plain1", "uv": [ 0.0, 0.0, 1.0, 1.0 ] },
						"up": { "texture": "#plain1", "uv": [ 0.0, 0.0, 1.0, 1.0 ] },
						"down": { "texture": "#plain1", "uv": [ 0.0, 0.0, 1.0, 1.0 ] }
					}
				},
				{
					"name": "Cube5",
					"from": [ 1.4, 0.0, 0.0 ],
					"to": [ 2.3, 0.9, 0.9 ],
					"rotationOrigin": [ 1.9, 0.0, 0.5 ],
					"rotationY": 13.0,
					"faces": {
						"north": { "texture": "#plain1", "uv": [ 0.0, 0.0, 0.5, 0.5 ] },
						"east": { "texture": "#plain1", "uv": [ 0.0, 0.0, 0.5, 0.5 ] },
						"south": { "texture": "#plain1", "uv": [ 0.0, 0.0, 0.5, 0.5 ] },
						"west": { "texture": "#plain1", "uv": [ 0.0, 0.0, 0.5, 0.5 ] },
						"up": { "texture": "#plain1", "uv": [ 0.0, 0.0, 0.5, 0.5 ] },
						"down": { "texture": "#plain1", "uv": [ 0.0, 0.0, 0.5, 0.5 ] }
					}
				},
				{
					"name": "Cube6",
					"from": [ -1.0, -0.2, 0.9 ],
					"to": [ 0.0, 0.8, 1.9 ],
					"rotationOrigin": [ -0.5, -0.2, 1.4 ],
					"rotationY": 50.0,
					"faces": {
						"north": { "texture": "#plain1", "uv": [ 0.0, 0.0, 1.0, 1.0 ] },
						"east": { "texture": "#plain1", "uv": [ 0.0, 0.0, 1.0, 1.0 ] },
						"south": { "texture": "#plain1", "uv": [ 0.0, 0.0, 1.0, 1.0 ] },
						"west": { "texture": "#plain1", "uv": [ 0.0, 0.0, 1.0, 1.0 ] },
						"up": { "texture": "#plain1", "uv": [ 0.0, 0.0, 1.0, 1.0 ] },
						"down": { "texture": "#plain1", "uv": [ 0.0, 0.0, 1.0, 1.0 ] }
					}
				},
				{
					"name": "Cube7",
					"from": [ -2.0, -0.1, -0.6 ],
					"to": [ -1.0, 0.9, 0.4 ],
					"rotationOrigin": [ -1.5, -0.1, -0.1 ],
					"rotationY": -7.0,
					"faces": {
						"north": { "texture": "#plain1", "uv": [ 0.0, 0.0, 1.0, 1.0 ] },
						"east": { "texture": "#plain1", "uv": [ 0.0, 0.0, 1.0, 1.0 ] },
						"south": { "texture": "#plain1", "uv": [ 0.0, 0.0, 1.0, 1.0 ] },
						"west": { "texture": "#plain1", "uv": [ 0.0, 0.0, 1.0, 1.0 ] },
						"up": { "texture": "#plain1", "uv": [ 0.0, 0.0, 1.0, 1.0 ] },
						"down": { "texture": "#plain1", "uv": [ 0.0, 0.0, 1.0, 1.0 ] }
					}
				},
				{
					"name": "Cube8",
					"from": [ -3.0, 0.0, 1.0 ],
					"to": [ -2.2, 0.8, 1.8 ],
					"rotationOrigin": [ -2.6, 0.0, 1.4 ],
					"rotationY": 16.0,
					"faces": {
						"north": { "texture": "#plain1", "uv": [ 0.0, 0.0, 0.5, 0.5 ] },
						"east": { "texture": "#plain1", "uv": [ 0.0, 0.0, 0.5, 0.5 ] },
						"south": { "texture": "#plain1", "uv": [ 0.0, 0.0, 0.5, 0.5 ] },
						"west": { "texture": "#plain1", "uv": [ 0.0, 0.0, 0.5, 0.5 ] },
						"up": { "texture": "#plain1", "uv": [ 0.0, 0.0, 0.5, 0.5 ] },
						"down": { "texture": "#plain1", "uv": [ 0.0, 0.0, 0.5, 0.5 ] }
					}
				},
				{
					"name": "Cube9",
					"from": [ 3.4, -0.1, -1.0 ],
					"to": [ 4.2, 0.7, -0.2 ],
					"rotationOrigin": [ 3.9, -0.1, -0.5 ],
					"rotationY": -17.0,
					"faces": {
						"north": { "texture": "#plain1", "uv": [ 0.0, 0.0, 0.5, 0.5 ] },
						"east": { "texture": "#plain1", "uv": [ 0.0, 0.0, 0.5, 0.5 ] },
						"south": { "texture": "#plain1", "uv": [ 0.0, 0.0, 0.5, 0.5 ] },
						"west": { "texture": "#plain1", "uv": [ 0.0, 0.0, 0.5, 0.5 ] },
						"up": { "texture": "#plain1", "uv": [ 0.0, 0.0, 0.5, 0.5 ] },
						"down": { "texture": "#plain1", "uv": [ 0.0, 0.0, 0.5, 0.5 ] }
					}
				}
			]
		},
		{
			"name": "Poop2",
			"from": [ 5.0, 0.0, 5.0 ],
			"to": [ 5.0, 0.0, 5.0 ],
			"rotationOrigin": [ 5.0, 0.0, 5.0 ],
			"rotationY": -90.0,
			"faces": {
			},
			"children": [
				{
					"name": "Cube10",
					"from": [ 0.0, 0.0, 0.0 ],
					"to": [ 1.0, 1.0, 1.0 ],
					"rotationOrigin": [ 0.5, 0.0, 0.5 ],
					"faces": {
						"north": { "texture": "#plain1", "uv": [ 0.0, 0.0, 1.0, 1.0 ] },
						"east": { "texture": "#plain1", "uv": [ 0.0, 0.0, 1.0, 1.0 ] },
						"south": { "texture": "#plain1", "uv": [ 0.0, 0.0, 1.0, 1.0 ] },
						"west": { "texture": "#plain1", "uv": [ 0.0, 0.0, 1.0, 1.0 ] },
						"up": { "texture": "#plain1", "uv": [ 0.0, 0.0, 1.0, 1.0 ] },
						"down": { "texture": "#plain1", "uv": [ 0.0, 0.0, 1.0, 1.0 ] }
					}
				},
				{
					"name": "Cube11",
					"from": [ 1.0, 0.0, 1.0 ],
					"to": [ 1.8, 0.8, 1.8 ],
					"rotationOrigin": [ 1.4, 0.0, 1.4 ],
					"rotationY": 16.0,
					"faces": {
						"north": { "texture": "#plain1", "uv": [ 0.0, 0.0, 0.5, 0.5 ] },
						"east": { "texture": "#plain1", "uv": [ 0.0, 0.0, 0.5, 0.5 ] },
						"south": { "texture": "#plain1", "uv": [ 0.0, 0.0, 0.5, 0.5 ] },
						"west": { "texture": "#plain1", "uv": [ 0.0, 0.0, 0.5, 0.5 ] },
						"up": { "texture": "#plain1", "uv": [ 0.0, 0.0, 0.5, 0.5 ] },
						"down": { "texture": "#plain1", "uv": [ 0.0, 0.0, 0.5, 0.5 ] }
					}
				},
				{
					"name": "Cube12",
					"from": [ 1.0, 0.0, -0.7 ],
					"to": [ 2.0, 1.0, 0.3 ],
					"rotationOrigin": [ 1.5, 0.0, -0.2 ],
					"rotationX": -20.0,
					"rotationY": -12.0,
					"faces": {
						"north": { "texture": "#plain1", "uv": [ 0.0, 0.0, 1.0, 1.0 ] },
						"east": { "texture": "#plain1", "uv": [ 0.0, 0.0, 1.0, 1.0 ] },
						"south": { "texture": "#plain1", "uv": [ 0.0, 0.0, 1.0, 1.0 ] },
						"west": { "texture": "#plain1", "uv": [ 0.0, 0.0, 1.0, 1.0 ] },
						"up": { "texture": "#plain1", "uv": [ 0.0, 0.0, 1.0, 1.0 ] },
						"down": { "texture": "#plain1", "uv": [ 0.0, 0.0, 1.0, 1.0 ] }
					}
				},
				{
					"name": "Cube13",
					"from": [ -0.5, 0.0, -1.5 ],
					"to": [ 0.5, 1.0, -0.5 ],
					"rotationOrigin": [ 0.0, 0.0, -1.0 ],
					"rotationY": -35.5,
					"faces": {
						"north": { "texture": "#plain1", "uv": [ 0.0, 0.0, 1.0, 1.0 ] },
						"east": { "texture": "#plain1", "uv": [ 0.0, 0.0, 1.0, 1.0 ] },
						"south": { "texture": "#plain1", "uv": [ 0.0, 0.0, 1.0, 1.0 ] },
						"west": { "texture": "#plain1", "uv": [ 0.0, 0.0, 1.0, 1.0 ] },
						"up": { "texture": "#plain1", "uv": [ 0.0, 0.0, 1.0, 1.0 ] },
						"down": { "texture": "#plain1", "uv": [ 0.0, 0.0, 1.0, 1.0 ] }
					}
				},
				{
					"name": "Cube14",
					"from": [ 1.4, 0.0, 0.0 ],
					"to": [ 2.3, 0.9, 0.9 ],
					"rotationOrigin": [ 1.9, 0.0, 0.5 ],
					"rotationY": 13.0,
					"faces": {
						"north": { "texture": "#plain1", "uv": [ 0.0, 0.0, 0.5, 0.5 ] },
						"east": { "texture": "#plain1", "uv": [ 0.0, 0.0, 0.5, 0.5 ] },
						"south": { "texture": "#plain1", "uv": [ 0.0, 0.0, 0.5, 0.5 ] },
						"west": { "texture": "#plain1", "uv": [ 0.0, 0.0, 0.5, 0.5 ] },
						"up": { "texture": "#plain1", "uv": [ 0.0, 0.0, 0.5, 0.5 ] },
						"down": { "texture": "#plain1", "uv": [ 0.0, 0.0, 0.5, 0.5 ] }
					}
				},
				{
					"name": "Cube15",
					"from": [ -1.0, -0.2, 0.9 ],
					"to": [ 0.0, 0.8, 1.9 ],
					"rotationOrigin": [ -0.5, -0.2, 1.4 ],
					"rotationY": 50.0,
					"faces": {
						"north": { "texture": "#plain1", "uv": [ 0.0, 0.0, 1.0, 1.0 ] },
						"east": { "texture": "#plain1", "uv": [ 0.0, 0.0, 1.0, 1.0 ] },
						"south": { "texture": "#plain1", "uv": [ 0.0, 0.0, 1.0, 1.0 ] },
						"west": { "texture": "#plain1", "uv": [ 0.0, 0.0, 1.0, 1.0 ] },
						"up": { "texture": "#plain1", "uv": [ 0.0, 0.0, 1.0, 1.0 ] },
						"down": { "texture": "#plain1", "uv": [ 0.0, 0.0, 1.0, 1.0 ] }
					}
				},
				{
					"name": "Cube16",
					"from": [ -2.0, -0.1, -0.6 ],
					"to": [ -1.0, 0.9, 0.4 ],
					"rotationOrigin": [ -1.5, -0.1, -0.1 ],
					"rotationY": -7.0,
					"faces": {
						"north": { "texture": "#plain1", "uv": [ 0.0, 0.0, 1.0, 1.0 ] },
						"east": { "texture": "#plain1", "uv": [ 0.0, 0.0, 1.0, 1.0 ] },
						"south": { "texture": "#plain1", "uv": [ 0.0, 0.0, 1.0, 1.0 ] },
						"west": { "texture": "#plain1", "uv": [ 0.0, 0.0, 1.0, 1.0 ] },
						"up": { "texture": "#plain1", "uv": [ 0.0, 0.0, 1.0, 1.0 ] },
						"down": { "texture": "#plain1", "uv": [ 0.0, 0.0, 1.0, 1.0 ] }
					}
				},
				{
					"name": "Cube17",
					"from": [ -3.0, 0.0, 1.0 ],
					"to": [ -2.2, 0.8, 1.8 ],
					"rotationOrigin": [ -2.6, 0.0, 1.4 ],
					"rotationY": 16.0,
					"faces": {
						"north": { "texture": "#plain1", "uv": [ 0.0, 0.0, 0.5, 0.5 ] },
						"east": { "texture": "#plain1", "uv": [ 0.0, 0.0, 0.5, 0.5 ] },
						"south": { "texture": "#plain1", "uv": [ 0.0, 0.0, 0.5, 0.5 ] },
						"west": { "texture": "#plain1", "uv": [ 0.0, 0.0, 0.5, 0.5 ] },
						"up": { "texture": "#plain1", "uv": [ 0.0, 0.0, 0.5, 0.5 ] },
						"down": { "texture": "#plain1", "uv": [ 0.0, 0.0, 0.5, 0.5 ] }
					}
				},
				{
					"name": "Cube18",
					"from": [ 3.4, -0.1, -1.0 ],
					"to": [ 4.2, 0.7, -0.2 ],
					"rotationOrigin": [ 3.9, -0.1, -0.5 ],
					"rotationY": -17.0,
					"faces": {
						"north": { "texture": "#plain1", "uv": [ 0.0, 0.0, 0.5, 0.5 ] },
						"east": { "texture": "#plain1", "uv": [ 0.0, 0.0, 0.5, 0.5 ] },
						"south": { "texture": "#plain1", "uv": [ 0.0, 0.0, 0.5, 0.5 ] },
						"west": { "texture": "#plain1", "uv": [ 0.0, 0.0, 0.5, 0.5 ] },
						"up": { "texture": "#plain1", "uv": [ 0.0, 0.0, 0.5, 0.5 ] },
						"down": { "texture": "#plain1", "uv": [ 0.0, 0.0, 0.5, 0.5 ] }
					}
				}
			]
		},
		{
			"name": "Poop3",
			"from": [ 11.0, 0.0, 12.0 ],
			"to": [ 11.0, 0.0, 12.0 ],
			"rotationOrigin": [ 11.0, 0.0, 12.0 ],
			"rotationY": 14.0,
			"faces": {
			},
			"children": [
				{
					"name": "Cube19",
					"from": [ 0.0, 0.0, 0.0 ],
					"to": [ 0.8, 0.8, 0.8 ],
					"rotationOrigin": [ 0.45, 0.0, 0.45 ],
					"faces": {
						"north": { "texture": "#plain1", "uv": [ 0.0, 0.0, 0.5, 0.5 ] },
						"east": { "texture": "#plain1", "uv": [ 0.0, 0.0, 0.5, 0.5 ] },
						"south": { "texture": "#plain1", "uv": [ 0.0, 0.0, 0.5, 0.5 ] },
						"west": { "texture": "#plain1", "uv": [ 0.0, 0.0, 0.5, 0.5 ] },
						"up": { "texture": "#plain1", "uv": [ 0.0, 0.0, 0.5, 0.5 ] },
						"down": { "texture": "#plain1", "uv": [ 0.0, 0.0, 0.5, 0.5 ] }
					}
				},
				{
					"name": "Cube20",
					"from": [ 0.9, 0.0, 1.2 ],
					"to": [ 1.62, 0.72, 1.92 ],
					"rotationOrigin": [ 1.26, 0.0, 1.56 ],
					"rotationY": 16.0,
					"faces": {
						"north": { "texture": "#plain1", "uv": [ 0.0, 0.0, 0.5, 0.5 ] },
						"east": { "texture": "#plain1", "uv": [ 0.0, 0.0, 0.5, 0.5 ] },
						"south": { "texture": "#plain1", "uv": [ 0.0, 0.0, 0.5, 0.5 ] },
						"west": { "texture": "#plain1", "uv": [ 0.0, 0.0, 0.5, 0.5 ] },
						"up": { "texture": "#plain1", "uv": [ 0.0, 0.0, 0.5, 0.5 ] },
						"down": { "texture": "#plain1", "uv": [ 0.0, 0.0, 0.5, 0.5 ] }
					}
				},
				{
					"name": "Cube21",
					"from": [ 0.6, 0.0, -0.53 ],
					"to": [ 1.4, 0.8, 0.27 ],
					"rotationOrigin": [ 1.05, 0.0, -0.08 ],
					"rotationX": -20.0,
					"rotationY": -12.0,
					"faces": {
						"north": { "texture": "#plain1", "uv": [ 0.0, 0.0, 0.5, 0.5 ] },
						"east": { "texture": "#plain1", "uv": [ 0.0, 0.0, 0.5, 0.5 ] },
						"south": { "texture": "#plain1", "uv": [ 0.0, 0.0, 0.5, 0.5 ] },
						"west": { "texture": "#plain1", "uv": [ 0.0, 0.0, 0.5, 0.5 ] },
						"up": { "texture": "#plain1", "uv": [ 0.0, 0.0, 0.5, 0.5 ] },
						"down": { "texture": "#plain1", "uv": [ 0.0, 0.0, 0.5, 0.5 ] }
					}
				},
				{
					"name": "Cube22",
					"from": [ -0.35, 0.0, -1.75 ],
					"to": [ 0.55, 0.9, -0.85 ],
					"rotationOrigin": [ 0.1, 0.0, -1.3 ],
					"rotationX": 22.5,
					"rotationY": -35.5,
					"faces": {
						"north": { "texture": "#plain1", "uv": [ 0.0, 0.0, 0.5, 0.5 ] },
						"east": { "texture": "#plain1", "uv": [ 0.0, 0.0, 0.5, 0.5 ] },
						"south": { "texture": "#plain1", "uv": [ 0.0, 0.0, 0.5, 0.5 ] },
						"west": { "texture": "#plain1", "uv": [ 0.0, 0.0, 0.5, 0.5 ] },
						"up": { "texture": "#plain1", "uv": [ 0.0, 0.0, 0.5, 0.5 ] },
						"down": { "texture": "#plain1", "uv": [ 0.0, 0.0, 0.5, 0.5 ] }
					}
				},
				{
					"name": "Cube23",
					"from": [ 1.26, 0.0, 0.0 ],
					"to": [ 2.07, 0.81, 0.81 ],
					"rotationOrigin": [ 1.71, 0.0, 0.45 ],
					"rotationY": 13.0,
					"faces": {
						"north": { "texture": "#plain1", "uv": [ 0.0, 0.0, 0.45, 0.45 ] },
						"east": { "texture": "#plain1", "uv": [ 0.0, 0.0, 0.45, 0.45 ] },
						"south": { "texture": "#plain1", "uv": [ 0.0, 0.0, 0.45, 0.45 ] },
						"west": { "texture": "#plain1", "uv": [ 0.0, 0.0, 0.45, 0.45 ] },
						"up": { "texture": "#plain1", "uv": [ 0.0, 0.0, 0.45, 0.45 ] },
						"down": { "texture": "#plain1", "uv": [ 0.0, 0.0, 0.45, 0.45 ] }
					}
				},
				{
					"name": "Cube24",
					"from": [ -0.9, -0.18, 0.81 ],
					"to": [ 0.0, 0.72, 1.71 ],
					"rotationOrigin": [ -0.45, -0.18, 1.26 ],
					"rotationY": 50.0,
					"faces": {
						"north": { "texture": "#plain1", "uv": [ 0.0, 0.0, 0.9, 0.9 ] },
						"east": { "texture": "#plain1", "uv": [ 0.0, 0.0, 0.9, 0.9 ] },
						"south": { "texture": "#plain1", "uv": [ 0.0, 0.0, 0.9, 0.9 ] },
						"west": { "texture": "#plain1", "uv": [ 0.0, 0.0, 0.9, 0.9 ] },
						"up": { "texture": "#plain1", "uv": [ 0.0, 0.0, 0.9, 0.9 ] },
						"down": { "texture": "#plain1", "uv": [ 0.0, 0.0, 0.9, 0.9 ] }
					}
				},
				{
					"name": "Cube25",
					"from": [ -1.4, -0.09, -0.44 ],
					"to": [ -0.5, 0.81, 0.46 ],
					"rotationOrigin": [ -0.95, -0.09, 0.01 ],
					"rotationY": -7.0,
					"faces": {
						"north": { "texture": "#plain1", "uv": [ 0.0, 0.0, 0.5, 0.5 ] },
						"east": { "texture": "#plain1", "uv": [ 0.0, 0.0, 0.5, 0.5 ] },
						"south": { "texture": "#plain1", "uv": [ 0.0, 0.0, 0.5, 0.5 ] },
						"west": { "texture": "#plain1", "uv": [ 0.0, 0.0, 0.5, 0.5 ] },
						"up": { "texture": "#plain1", "uv": [ 0.0, 0.0, 0.5, 0.5 ] },
						"down": { "texture": "#plain1", "uv": [ 0.0, 0.0, 0.5, 0.5 ] }
					}
				},
				{
					"name": "Cube26",
					"from": [ -1.3, 0.0, 1.8 ],
					"to": [ -0.58, 0.72, 2.52 ],
					"rotationOrigin": [ -0.94, 0.0, 2.16 ],
					"rotationX": -15.0,
					"rotationY": -39.0,
					"rotationZ": 10.0,
					"faces": {
						"north": { "texture": "#plain1", "uv": [ 0.0, 0.0, 0.5, 0.5 ] },
						"east": { "texture": "#plain1", "uv": [ 0.0, 0.0, 0.5, 0.5 ] },
						"south": { "texture": "#plain1", "uv": [ 0.0, 0.0, 0.5, 0.5 ] },
						"west": { "texture": "#plain1", "uv": [ 0.0, 0.0, 0.5, 0.5 ] },
						"up": { "texture": "#plain1", "uv": [ 0.0, 0.0, 0.5, 0.5 ] },
						"down": { "texture": "#plain1", "uv": [ 0.0, 0.0, 0.5, 0.5 ] }
					}
				},
				{
					"name": "Cube27",
					"from": [ 2.06, -0.09, -0.9 ],
					"to": [ 2.78, 0.63, -0.18 ],
					"rotationOrigin": [ 2.51, -0.09, -0.45 ],
					"rotationY": -17.0,
					"faces": {
						"north": { "texture": "#plain1", "uv": [ 0.0, 0.0, 0.5, 0.5 ] },
						"east": { "texture": "#plain1", "uv": [ 0.0, 0.0, 0.5, 0.5 ] },
						"south": { "texture": "#plain1", "uv": [ 0.0, 0.0, 0.5, 0.5 ] },
						"west": { "texture": "#plain1", "uv": [ 0.0, 0.0, 0.5, 0.5 ] },
						"up": { "texture": "#plain1", "uv": [ 0.0, 0.0, 0.5, 0.5 ] },
						"down": { "texture": "#plain1", "uv": [ 0.0, 0.0, 0.5, 0.5 ] }
					}
				}
			]
		}
	]}