[
  {
    "file": "game:entities/humanoid/player",
    "op": "Add",
    "path": "/client/animations/-",
    "value": {
      "code": "grabbing",
      "animation": "Grabbing",
      "blendMode": "Add",
      "animationSpeed": 0.5
    },
    "elementWeight": {
      "UpperTorso": 100,
      "LowerTorso": 100,
      "ItemAnchor": 100,
      "UpperArmR": 100,
      "LowerArmR": 100,
      "UpperArmL": 100,
      "LowerArmL": 100,
      "UpperFootR": 100,
      "LowerFootR": 100,
      "UpperFootL": 100,
      "LowerFootL": 100
    },
    "elementBlendMode": {
      "UpperTorso": "Add",
      "LowerTorso": "Add",
      "ItemAnchor": "Add",
      "UpperArmR": "Add",
      "LowerArmR": "Add",
      "UpperArmL": "Add",
      "LowerArmL": "Add",
      "UpperFootR": "Add",
      "LowerFootR": "Add",
      "UpperFootL": "Add",
      "LowerFootL": "Add"
    }
  },
  {
    "file": "game:shapes/entity/humanoid/seraph-faceless",
    "op": "Add",
    "path": "/animations/-",
    "value": {
      "name": "Grabbing",
      "code": "grabbing",
      "quantityframes": 20,
      "onActivityStopped": "EaseOut",
      "onAnimationEnd": "Repeat",
      "keyframes": [
				{
					"frame": 1,
					"elements": {
						"UpperArmL": { "rotationX": -60.0, "rotationY": 40.0, "rotationZ": -90.0 },
						"UpperArmR": { "rotationX": 60.0, "rotationY": -40.0, "rotationZ": -90.0 },
						"UpperTorso": { "rotationX": 0.0, "rotationY": 0.0, "rotationZ": 6.0 },
						"UpperFootL": { "rotationX": -2.0, "rotationY": 0.0, "rotationZ": 25.0 },
						"UpperFootR": { "rotationX": 2.0, "rotationY": 0.0, "rotationZ": 25.0 }
					}
				},
				{
					"frame": 10,
					"elements": {
						"UpperTorso": { "rotationX": 0.0, "rotationY": 0.0, "rotationZ": 10.0 },
						"UpperFootL": { "rotationX": -2.0, "rotationY": 0.0, "rotationZ": 20.0 },
						"UpperFootR": { "rotationX": 2.0, "rotationY": 0.0, "rotationZ": 30.0 }
          }
        }
      ]
    }
  }
]
