[
  {
    "file": "game:entities/humanoid/player",
    "op": "Add",
    "path": "/client/animations/-",
    "value": {
      "code": "hanging",
      "animation": "Hanging",
      "blendMode": "Add",
      "animationSpeed": 0.5
    },
    "elementWeight": {
      "UpperTorso": 10,
      "LowerTorso": 10,
      "UpperArmR": 10,
      "LowerArmR": 10,
      "UpperArmL": 10,
      "LowerArmL": 10,
      "UpperFootR": 10,
      "LowerFootR": 10,
      "UpperFootL": 10,
      "LowerFootL": 10
    },
    "elementBlendMode": {
      "UpperTorso": "Add",
      "LowerTorso": "Add",
      "UpperArmR": "Add",
      "LowerArmR": "Add",
      "UpperArmL": "Add",
      "LowerArmL": "Add",
      "UpperFootR": "Add",
      "LowerFootR": "Add",
      "UpperFootL": "Add",
      "LowerFootL": "Add"
    }
  },
  {
    "file": "game:shapes/entity/humanoid/seraph-faceless",
    "op": "Add",
    "path": "/animations/-",
    "value": {
      "name": "Hanging",
      "code": "hanging",
      "quantityframes": 20,
      "onActivityStopped": "EaseOut",
      "onAnimationEnd": "Repeat",
      "keyframes": [
				{
					"frame": 0,
					"elements": {
						"UpperArmR": { "rotationX": 60.0, "rotationY": 0.0, "rotationZ": -30.0 },
						"LowerArmR": { "rotationX": -40.0, "rotationY": 0.0, "rotationZ": -150.0 },
						"UpperArmL": { "rotationX": -60.0, "rotationY": 0.0, "rotationZ": -30.0 },
						"LowerArmL": { "rotationX": 40.0, "rotationY": 0.0, "rotationZ": -150.0 },
						"UpperFootL": { "rotationX": 0.0, "rotationY": 20.0, "rotationZ": -110.0 },
						"LowerFootL": { "rotationX": 0.0, "rotationY": 0.0, "rotationZ": 105.0 },
						"UpperFootR": { "rotationX": 0.0, "rotationY": -20.0, "rotationZ": -110.0 },
						"LowerFootR": { "rotationX": 0.0, "rotationY": 0.0, "rotationZ": 105.0 },
						"UpperTorso": { "rotationX": 0.0, "rotationY": 0.0, "rotationZ": 20.0 },
						"LowerTorso": { "offsetX": 1.0, "offsetY": -2.0, "offsetZ": 0.0 }
					}
				},
				{
					"frame": 10,
					"elements": {
						"UpperTorso": { "rotationX": 0.0, "rotationY": 0.0, "rotationZ": 18.0 },
						"UpperArmL": { "rotationX": -58.0, "rotationY": 0.0, "rotationZ": -28.0 },
						"UpperArmR": { "rotationX": 58.0, "rotationY": 0.0, "rotationZ": -28.0 },
						"UpperFootL": { "rotationX": 0.0, "rotationY": 20.0, "rotationZ": -108.0 },
						"UpperFootR": { "rotationX": 0.0, "rotationY": -20.0, "rotationZ": -108.0 }
          }
        }
      ]
    }
  }
]
