[
  {
    "file": "game:entities/humanoid/player",
    "op": "Add",
    "path": "/client/animations/-",
    "value": {
      "code": "hangingbackleft",
      "animation": "HangingBackLeft",
      "blendMode": "Add",
      "holdEyePosAfterEasein": 0.0,
      "animationSpeed": 0.5
    },
    "elementWeight": {
      "UpperTorso": 10,
      "LowerTorso": 10,
      "UpperArmR": 10,
      "LowerArmR": 10,
      "UpperArmL": 10,
      "LowerArmL": 10,
      "UpperFootR": 10,
      "LowerFootR": 10,
      "UpperFootL": 10,
      "LowerFootL": 10
    },
    "elementBlendMode": {
      "UpperTorso": "Add",
      "LowerTorso": "Add",
      "UpperArmR": "Add",
      "LowerArmR": "Add",
      "UpperArmL": "Add",
      "LowerArmL": "Add",
      "UpperFootR": "Add",
      "LowerFootR": "Add",
      "UpperFootL": "Add",
      "LowerFootL": "Add"
    }
  },
  {
    "file": "game:shapes/entity/humanoid/seraph-faceless",
    "op": "Add",
    "path": "/animations/-",
    "value": {
      "name": "HangingBackLeft",
      "code": "hangingbackleft",
      "quantityframes": 20,
      "onActivityStopped": "EaseOut",
      "onAnimationEnd": "Repeat",
      "keyframes": [
				{
					"frame": 0,
					"elements": {
						"UpperArmR": { "offsetX": 0.0, "offsetY": 0.0, "offsetZ": 2.0, "rotationX": 108.0, "rotationY": 0.0, "rotationZ": 72.0 },
						"LowerArmR": { "rotationX": -8.0, "rotationY": -22.0, "rotationZ": -58.0 },
						"UpperArmL": { "offsetX": 0.0, "offsetY": 0.0, "offsetZ": 0.0, "rotationX": -6.0, "rotationY": 0.0, "rotationZ": -30.0 },
						"LowerArmL": { "rotationX": 8.0, "rotationY": 0.0, "rotationZ": 0.0 },
						"UpperFootL": { "rotationX": 0.0, "rotationY": 0.0, "rotationZ": -14.0 },
						"LowerFootL": { "rotationX": 0.0, "rotationY": 0.0, "rotationZ": 25.0 },
						"UpperFootR": { "rotationX": 0.0, "rotationY": -20.0, "rotationZ": -110.0 },
						"LowerFootR": { "rotationX": 0.0, "rotationY": 0.0, "rotationZ": 105.0 },
						"UpperTorso": { "rotationX": 0.0, "rotationY": 91.0, "rotationZ": 20.0 },
						"LowerTorso": { "offsetX": 1.5, "offsetY": -2.5, "offsetZ": 0.0 },
						"Head": { "rotationX": 0.0, "rotationY": 0.0, "rotationZ": -20.0 }
					}
				},
				{
					"frame": 7,
					"elements": {
						"UpperFootL": { "rotationX": 0.0, "rotationY": 0.0, "rotationZ": -10.0 }
					}
				},
				{
					"frame": 9,
					"elements": {
						"UpperArmL": { "rotationX": -6.0, "rotationY": 0.0, "rotationZ": -35.0 }
					}
				},
				{
					"frame": 10,
					"elements": {
						"UpperTorso": { "rotationX": 0.0, "rotationY": 91.0, "rotationZ": 23.0 }
          }
        }
      ]
    }
  }
]
