{
	"code": "fa-dynasties-body",
	"class": "ItemWearable",
	"heldTpIdleAnimation": "holdunderarm",
	"variantgroups": [
		{ "code": "metalbody",  "states": ["iron", "meteoriciron", "steel"]},
		{ "code": "style",  "states": ["song", "ming"]},
		{ "code": "textile",  "states": ["red","green","black","blue","brown","white","purple","pink","orange","yellow","gray","plain","none","bear-black","bear-brown","bear-polar"]}
	],
	"allowedVariants": [
		"*"
	],
	"shapeByType": 
	{
		"*bear*": { "base": "entity/armor/dynasties/{style}dynastiesbearbody" },
		"*": { "base": "entity/armor/dynasties/{style}dynastiesbody" }
	},
	"texturesByType": {
		"fa-dynasties-body-*bear*": { 
			"seraph": { "base": "game:block/transparent" },
			"dynastybody": { "base": "armor/entity/dynasties_{style}_{metalbody}" },
			"textile": { "base": "game:entity/humanoid/serapharmor/hide/bear/{textile}" }
				},
		"fa-dynasties-body-*": { 
			"seraph": { "base": "game:block/transparent" },
			"dynastybody": { "base": "armor/entity/dynasties_{style}_{metalbody}" },
			"textile": { "base": "block/textiles/textile{textile}" }
				}
	},
	"storageFlags": 128,
	"maxstacksize": 4,
	"attributes": {
		"handbook": { 
			"groupBy":["fa-dynasties-body-{metalbody}-{style}-*"]
		},
		"visibleDamageEffect": true,
		"wearableAttachment": true,
		"clothescategoryByType": {
			"*": "armorbody",
		},
		"footStepSoundByType": {
			"fa-dynasties-body-*": "game:wearable/mail*",
		},
		"defaultProtLoss": {
			perTierRelativeProtectionLoss: [0.03, 0.15],
			perTierFlatDamageReductionLoss: [0.1, 0.2],
		},
		"protectionModifiersByType": {
			"*-steel-song*": {
				relativeProtection: 0.93,
				flatDamageReduction: 3,
				highDamageTierResistant: true,
				protectionTier: 4
			},
			"*-meteoriciron-song*": {
				relativeProtection: 0.91,
				flatDamageReduction: 2.5,
				highDamageTierResistant: true,
				protectionTier: 3
			},
			"*-iron-song*": {
				relativeProtection: 0.90,
				flatDamageReduction: 2,
				highDamageTierResistant: true,
				protectionTier: 3
			},
			"*-steel-ming*": {
				relativeProtection: 0.95,
				flatDamageReduction: 3.5,
				highDamageTierResistant: true,
				protectionTier: 4
			},
			"*-meteoriciron-ming*": {
				relativeProtection: 0.93,
				flatDamageReduction: 3,
				highDamageTierResistant: true,
				protectionTier: 3
			},
			"*-iron-ming*": {
				relativeProtection: 0.92,
				flatDamageReduction: 2.5,
				highDamageTierResistant: true,
				protectionTier: 3
			}
		},
		"statModifiersByType": {
			"*song*bear*": {
				rangedWeaponsAcc: -0.03,
				rangedWeaponsSpeed: -0.03,
				walkSpeed: -0.07,
				healingeffectivness: -0.10,
				hungerrate: 0.10
			},
			"*ming*bear*": {
				rangedWeaponsAcc: -0.10,
				rangedWeaponsSpeed: -0.10,
				walkSpeed: -0.10,
				healingeffectivness: -0.15,
				hungerrate: 0.15
			},
			"*song*": {
				rangedWeaponsAcc: -0.03,
				rangedWeaponsSpeed: -0.03,
				walkSpeed: -0.05,
				healingeffectivness: -0.10,
				hungerrate: 0.10
			},
			"*ming*": {
				rangedWeaponsAcc: -0.10,
				rangedWeaponsSpeed: -0.10,
				walkSpeed: -0.08,
				healingeffectivness: -0.15,
				hungerrate: 0.15
			}
		}
	},
	"creativeinventory": { "general": ["*"], "items": ["*"], "forgottenarmorydynasties": ["*"] },
	"renderAlphaTest": 0.25,
	"durabilityByType": {
		"*-iron-song*": 4400,
		"*-meteoriciron-song*": 4700,
		"*-steel-song*": 6500,
		"*-iron-ming*": 5500,
		"*-meteoriciron-ming*": 5800,
		"*-steel-ming*": 7500,
	},
	"fpHandTransformByType": {
		"*": {
			translation: { x: 0.4, y: -1.2, z: -0.5 },
			rotation: { x: 163, y: -111, z: -180 },
			origin: { x: 0.5, y: 1.6, z: 0.5 },
			scale: 2.15
		},
	},
	"tpHandTransformByType": {
		"*": {
			translation: { x: -1, y: -1.9, z: -0.5 },
			rotation: { x: 97, y: -168, z: 94 },
			origin: { x: 0.5, y: 1.5, z: 0.5 },
			scale: 0.67
		},
	},
	"guiTransformByType": {
		"*": {
			translation: { x: 3, y: 0, z: 0 },
			rotation: { x: -26, y: -46, z: -180 },
			origin: { x: 0.5, y: 1.11, z: 0.5 },
			scale: 1.37
		},
	},
	"groundTransformByType": {
		"*": {
			translation: { x: 0, y: 0, z: 0 },
			rotation: { x: 0, y: 0, z: 90 },
			origin: { x: 0.34, y: 1.12, z: 0.5 },
			scale: 3.1
		},
	},
}