{
  "code": "dung",
  "storageFlags": 33,
  "variantgroups": [
    {
      "code": "type",
      "states": [ "1a", "1b", "1c", "1d", "2a", "2b", "2c", "2d", "3a", "3b", "3c", "3d", "4a", "4b", "4c", "4d" ]
    }
  ],
  "attributes": {
    "inContainerTexture": { "base": "game:block/soil/fertcompost" }
  },
  "attributesByType": {
    "*-1a": { "handbook": { "include": true } },
    "*": { "handbook": { "include": false } }
  },
  "drawtype": "Json",
  "doNotRenderAtLod2": true,
  "randomdrawoffset": true,
  "snowcoverage": true,
  "shapeinventoryByType": {
    "*-1*": { "base": "block/dung/dung1a" },
    "*-2*": { "base": "block/dung/dung1b" },
    "*-3*": { "base": "block/dung/dung1c" },
    "*-4*": { "base": "block/dung/dung1d" }
  },
  "shape": {
    "base": "block/dung/dung{type}",
    "alternates": [
      {
        "base": "block/dung/dung{type}",
        "rotateY": 22.5
      },
      {
        "base": "block/dung/dung{type}",
        "rotateY": 45
      },
      {
        "base": "block/dung/dung{type}",
        "rotateY": 67.5
      },
      {
        "base": "block/dung/dung{type}",
        "rotateY": 90
      },
      {
        "base": "block/dung/dung{type}",
        "rotateY": 112.5
      },
      {
        "base": "block/dung/dung{type}",
        "rotateY": 135
      },
      {
        "base": "block/dung/dung{type}",
        "rotateY": 157.5
      },
      {
        "base": "block/dung/dung{type}",
        "rotateY": 180
      },
      {
        "base": "block/dung/dung{type}",
        "rotateY": 202.5
      },
      {
        "base": "block/dung/dung{type}",
        "rotateY": 225
      },
      {
        "base": "block/dung/dung{type}",
        "rotateY": 247.5
      },
      {
        "base": "block/dung/dung{type}",
        "rotateY": 270
      }
    ]
  },
  "textures": {
    "fertlow": {
      "base": "game:block/soil/fertcompost",
      "alternates": [
        { "base": "game:block/soil/ferthigh" },
        { "base": "game:block/soil/peat" },
        { "base": "game:block/soil/farmland/fertcompost-moist" }
      ]
    }
  },
  "creativeinventory": {
    "general": [ "*-1a" ],
    "items": [ "*-1a" ]
  },
  "maxstacksize": 32,
  "materialDensity": 500,
  "resistanceByType": {
    "*-1*": 1,
    "*-2*": 2,
    "*-3*": 3,
    "*-4*": 4
  },
  "blockmaterial": "Soil",
  "faceCullMode": "MergeSnowLayer",
  "dropsByType": {
    "*-1*": [
      {
        "type": "item",
        "code": "naturalfertilizer:manure",
        "quantity": {
          "avg": 1,
          "var": 0
        },
        "tool": "shovel"
      }
    ],
    "*-2*": [
      {
        "type": "item",
        "code": "naturalfertilizer:manure",
        "quantity": {
          "avg": 1.5,
          "var": 0.5
        },
        "tool": "shovel"
      }
    ],
    "*-3*": [
      {
        "type": "item",
        "code": "naturalfertilizer:manure",
        "quantity": {
          "avg": 2,
          "var": 0
        },
        "tool": "shovel"
      }
    ],
    "*-4*": [
      {
        "type": "item",
        "code": "naturalfertilizer:manure",
        "quantity": {
          "avg": 2.5,
          "var": 0.5
        },
        "tool": "shovel"
      }
    ]
  },
  "lightabsorption": 0,
  "sideopaque": {
    "all": false
  },
  "sideao": {
    "all": true
  },
  "emitsideao": {
    "all": false
  },
  "sidesolid": {
    "all": false
  },
  "sounds": {
    "walk": "game:walk/sludge",
    "place": "game:walk/sludge1",
    "break": "game:walk/sludge2",
    "hit": "game:block/gravel"
  },
  "walkspeedmultiplierByType": {
    "*-1*": 0.85,
    "*-2*": 0.8,
    "*-3*": 0.75,
    "*-4*": 0.65
  },
  "replaceable": 5000,
  "collisionbox": null,
  "selectionboxbytype": {
    "*-1*": {
      "x1": 0,
      "y1": 0,
      "z1": 0,
      "x2": 1,
      "y2": 0.035,
      "z2": 1
    },
    "*-2*": {
      "x1": 0,
      "y1": 0,
      "z1": 0,
      "x2": 1,
      "y2": 0.07,
      "z2": 1
    },
    "*-3*": {
      "x1": 0,
      "y1": 0,
      "z1": 0,
      "x2": 1,
      "y2": 0.1,
      "z2": 1
    },
    "*-4*": {
      "x1": 0,
      "y1": 0,
      "z1": 0,
      "x2": 1,
      "y2": 0.13,
      "z2": 1
    }
  },
  "guiTransform": {
    "translation": {
      "x": 3,
      "y": -0,
      "z": -25
    },
    "rotation": {
      "x": -35,
      "y": 18,
      "z": 0
    },
    "origin": {
      "x": 0.47,
      "y": -0.12,
      "z": 0.8
    },
    "scale": 2
  },
  "fpHandTransform": {
    "rotation": {
      "x": 54,
      "y": 99,
      "z": -33
    },
    "scale": 3
  },
  "tpHandTransform": {
    "translation": {
      "x": -1.15,
      "y": -0.6,
      "z": -0.3
    },
    "rotation": {
      "x": 70,
      "y": 11,
      "z": -65
    },
    "scale": ".8"
  },
  "groundTransform": {
    "translation": {
      "x": 0,
      "y": 0.41,
      "z": 0
    },
    "rotation": {
      "x": 0,
      "y": 8,
      "z": 0
    },
    "origin": {
      "x": 0.5,
      "y": 0.4,
      "z": 0.5299
    },
    "scale": 5
  }
}