[
  {
    "op": "replace",
    "path": "/structures/6/requireLandform",
    "value": "veryflat",
    "file": "game:worldgen/storystructures.json",
    "side": "Server",
    "dependsOn": [
      {
        "modid": "Vanilla_PlusWorldGen"
      }
    ]
  },
  {
    "op": "replace",
    "path": "/structures/7/requireLandform",
    "value": "veryflat",
    "file": "game:worldgen/storystructures.json",
    "side": "Server",
    "dependsOn": [
      {
        "modid": "Vanilla_PlusWorldGen"
      }
    ]
  },
  {
    "op": "replace",
    "path": "/structures/12/requireLandform",
    "value": "veryflat",
    "file": "game:worldgen/storystructures.json",
    "side": "Server",
    "dependsOn": [
      {
        "modid": "Vanilla_PlusWorldGen"
      }
    ]
  },
  {
    "op": "replace",
    "path": "/structures/13/requireLandform",
    "value": "veryflat",
    "file": "game:worldgen/storystructures.json",
    "side": "Server",
    "dependsOn": [
      {
        "modid": "Vanilla_PlusWorldGen"
      }
    ]
  }
]