{
	"textureWidth": 16,
	"textureHeight": 16,
	"textureSizes": { },
	"textures": { },
	"elements": [
		{
			"name": "root",
			"from": [ 0.0, 0.0, 0.0 ],
			"to": [ 1.0, 1.0, 1.0 ],
			"faces": {
				"north": { "texture": "#0", "uv": [ 0.0, 0.0, 1.0, 1.0 ], "enabled": false },
				"east": { "texture": "#0", "uv": [ 0.0, 0.0, 1.0, 1.0 ], "enabled": false },
				"south": { "texture": "#0", "uv": [ 0.0, 0.0, 1.0, 1.0 ], "enabled": false },
				"west": { "texture": "#0", "uv": [ 0.0, 0.0, 1.0, 1.0 ], "enabled": false },
				"up": { "texture": "#0", "uv": [ 0.0, 0.0, 1.0, 1.0 ], "enabled": false },
				"down": { "texture": "#0", "uv": [ 0.0, 0.0, 1.0, 1.0 ], "enabled": false }
			},
			"children": [
				{
					"name": "cube",
					"from": [ 3.0, 12.0, 3.0 ],
					"to": [ 13.0, 13.0, 13.0 ],
					"faces": {
						"north": { "texture": "#0", "uv": [ 3.0, 2.0, 13.0, 3.0 ], "enabled": false },
						"east": { "texture": "#0", "uv": [ 3.0, 3.0, 13.0, 4.0 ], "enabled": false },
						"south": { "texture": "#0", "uv": [ 3.0, 3.0, 13.0, 4.0 ], "enabled": false },
						"west": { "texture": "#0", "uv": [ 3.0, 3.0, 13.0, 4.0 ], "enabled": false },
						"up": { "texture": "#0", "uv": [ 3.0, 3.0, 13.0, 13.0 ], "enabled": false },
						"down": { "texture": "#0", "uv": [ 0.0, 0.0, 10.0, 10.0 ], "enabled": false }
					},
					"children": [
						{
							"name": "rim E",
							"from": [ 7.0, 0.0, 2.0 ],
							"to": [ 8.0, 1.0, 8.0 ],
							"rotationOrigin": [ 4.0, -12.0, -1.0 ],
							"faces": {
								"north": { "texture": "#top", "uv": [ 3.0, 2.0, 4.0, 3.0 ] },
								"east": { "texture": "#top", "uv": [ 3.0, 2.0, 9.0, 3.0 ] },
								"south": { "texture": "#top", "uv": [ 12.0, 2.0, 13.0, 3.0 ] },
								"west": { "texture": "#ceramic", "uv": [ 3.0, 3.0, 9.0, 4.0 ] },
								"up": { "texture": "#top", "uv": [ 3.0, 1.0, 9.0, 2.0 ], "rotation": 90 },
								"down": { "texture": "#0", "uv": [ 0.0, 0.0, 1.0, 6.0 ], "enabled": false }
							}
						},
						{
							"name": "rim W",
							"from": [ 2.0, 0.0, 2.0 ],
							"to": [ 3.0, 1.0, 8.0 ],
							"rotationOrigin": [ -1.0, -12.0, -1.0 ],
							"faces": {
								"north": { "texture": "#top", "uv": [ 12.0, 2.0, 13.0, 3.0 ] },
								"east": { "texture": "#ceramic", "uv": [ 3.0, 3.0, 9.0, 4.0 ] },
								"south": { "texture": "#top", "uv": [ 3.0, 2.0, 4.0, 3.0 ] },
								"west": { "texture": "#top", "uv": [ 3.0, 2.0, 9.0, 3.0 ] },
								"up": { "texture": "#top", "uv": [ 3.0, 1.0, 9.0, 2.0 ], "rotation": 90 },
								"down": { "texture": "#0", "uv": [ 0.0, 0.0, 1.0, 6.0 ], "enabled": false }
							}
						},
						{
							"name": "rim S",
							"from": [ 3.0, 0.0, 7.0 ],
							"to": [ 7.0, 1.0, 8.0 ],
							"rotationOrigin": [ 0.0, -12.0, 4.0 ],
							"faces": {
								"north": { "texture": "#ceramic", "uv": [ 3.0, 2.0, 7.0, 3.0 ] },
								"east": { "texture": "#0", "uv": [ 3.0, 3.0, 4.0, 4.0 ], "enabled": false },
								"south": { "texture": "#top", "uv": [ 4.0, 2.0, 8.0, 3.0 ] },
								"west": { "texture": "#0", "uv": [ 3.0, 3.0, 4.0, 4.0 ], "enabled": false },
								"up": { "texture": "#top", "uv": [ 4.0, 1.0, 8.0, 2.0 ] },
								"down": { "texture": "#0", "uv": [ 0.0, 0.0, 4.0, 1.0 ], "enabled": false }
							}
						},
						{
							"name": "rim N",
							"from": [ 3.0, 0.0, 2.0 ],
							"to": [ 7.0, 1.0, 3.0 ],
							"rotationOrigin": [ 0.0, -12.0, -1.0 ],
							"faces": {
								"north": { "texture": "#top", "uv": [ 4.0, 2.0, 8.0, 3.0 ] },
								"east": { "texture": "#0", "uv": [ 3.0, 3.0, 4.0, 4.0 ], "enabled": false },
								"south": { "texture": "#ceramic", "uv": [ 3.0, 3.0, 7.0, 4.0 ] },
								"west": { "texture": "#0", "uv": [ 3.0, 3.0, 4.0, 4.0 ], "enabled": false },
								"up": { "texture": "#top", "uv": [ 4.0, 1.0, 8.0, 2.0 ] },
								"down": { "texture": "#0", "uv": [ 0.0, 0.0, 4.0, 1.0 ], "enabled": false }
							}
						}
					]
				},
				{
					"name": "base_top N",
					"from": [ 5.5, 8.0, 4.5 ],
					"to": [ 10.5, 12.0, 5.5 ],
					"rotationOrigin": [ 2.0, 6.0, 2.0 ],
					"faces": {
						"north": { "texture": "#top", "uv": [ 3.0, 3.0, 8.0, 7.0 ] },
						"east": { "texture": "#0", "uv": [ 2.0, 3.0, 3.0, 7.0 ], "enabled": false },
						"south": { "texture": "#top", "uv": [ 3.0, 3.0, 8.0, 7.0 ] },
						"west": { "texture": "#0", "uv": [ 2.0, 3.0, 3.0, 7.0 ], "enabled": false },
						"up": { "texture": "#top", "uv": [ 3.0, 2.0, 8.0, 3.0 ] },
						"down": { "texture": "#0", "uv": [ 2.0, 2.0, 7.0, 3.0 ], "enabled": false }
					}
				},
				{
					"name": "base_top S",
					"from": [ 5.5, 8.0, 10.5 ],
					"to": [ 10.5, 12.0, 11.5 ],
					"rotationOrigin": [ 2.0, 6.0, 8.0 ],
					"faces": {
						"north": { "texture": "#top", "uv": [ 3.0, 3.0, 8.0, 7.0 ] },
						"east": { "texture": "#0", "uv": [ 2.0, 3.0, 3.0, 7.0 ], "enabled": false },
						"south": { "texture": "#top", "uv": [ 3.0, 3.0, 8.0, 7.0 ] },
						"west": { "texture": "#0", "uv": [ 2.0, 3.0, 3.0, 7.0 ], "enabled": false },
						"up": { "texture": "#top", "uv": [ 3.0, 2.0, 8.0, 3.0 ] },
						"down": { "texture": "#0", "uv": [ 2.0, 2.0, 7.0, 3.0 ], "enabled": false }
					}
				},
				{
					"name": "base_top E",
					"from": [ 10.5, 8.0, 4.5 ],
					"to": [ 11.5, 12.0, 11.5 ],
					"rotationOrigin": [ 8.0, 6.0, 0.0 ],
					"faces": {
						"north": { "texture": "#top", "uv": [ 2.0, 3.0, 3.0, 7.0 ] },
						"east": { "texture": "#top", "uv": [ 2.0, 3.0, 9.0, 7.0 ] },
						"south": { "texture": "#top", "uv": [ 13.0, 3.0, 14.0, 7.0 ] },
						"west": { "texture": "#top", "uv": [ 2.0, 3.0, 9.0, 7.0 ] },
						"up": { "texture": "#top", "uv": [ 2.0, 2.0, 9.0, 3.0 ], "rotation": 90 },
						"down": { "texture": "#0", "uv": [ 2.0, 2.0, 3.0, 9.0 ], "enabled": false }
					}
				},
				{
					"name": "base_top W",
					"from": [ 4.5, 8.0, 4.5 ],
					"to": [ 5.5, 12.0, 11.5 ],
					"rotationOrigin": [ 1.0, 6.0, 0.0 ],
					"faces": {
						"north": { "texture": "#top", "uv": [ 13.0, 3.0, 14.0, 7.0 ] },
						"east": { "texture": "#top", "uv": [ 2.0, 3.0, 9.0, 7.0 ] },
						"south": { "texture": "#top", "uv": [ 2.0, 3.0, 3.0, 7.0 ] },
						"west": { "texture": "#top", "uv": [ 2.0, 3.0, 9.0, 7.0 ] },
						"up": { "texture": "#top", "uv": [ 2.0, 2.0, 9.0, 3.0 ], "rotation": 90 },
						"down": { "texture": "#0", "uv": [ 2.0, 2.0, 3.0, 9.0 ], "enabled": false }
					}
				},
				{
					"name": "bottom",
					"from": [ 5.0, 0.0, 5.0 ],
					"to": [ 11.0, 1.5, 11.0 ],
					"faces": {
						"north": { "texture": "#bottom", "uv": [ 3.0, 14.0, 9.0, 15.5 ] },
						"east": { "texture": "#bottom", "uv": [ 3.0, 14.0, 9.0, 15.5 ] },
						"south": { "texture": "#bottom", "uv": [ 3.0, 14.0, 9.0, 15.5 ] },
						"west": { "texture": "#bottom", "uv": [ 3.0, 14.0, 9.0, 15.5 ] },
						"up": { "texture": "#0", "uv": [ 5.0, 5.0, 11.0, 11.0 ], "enabled": false },
						"down": { "texture": "#ceramic", "uv": [ 5.0, 5.0, 11.0, 11.0 ] }
					}
				},
				{
					"name": "base_bottom",
					"from": [ 4.5, 1.5, 4.5 ],
					"to": [ 11.5, 8.0, 11.5 ],
					"faces": {
						"north": { "texture": "#bottom", "uv": [ 2.0, 7.0, 9.0, 13.5 ] },
						"east": { "texture": "#bottom", "uv": [ 2.0, 7.0, 9.0, 13.5 ] },
						"south": { "texture": "#bottom", "uv": [ 2.0, 7.0, 9.0, 13.5 ] },
						"west": { "texture": "#bottom", "uv": [ 2.0, 7.0, 9.0, 13.5 ] },
						"up": { "texture": "#0", "uv": [ 2.0, 2.0, 9.0, 9.0 ], "enabled": false },
						"down": { "texture": "#bottom", "uv": [ 4.5, 4.5, 11.5, 11.5 ] }
					}
				},
				{
					"name": "content",
					"from": [ 5.5, 1.0, 5.5 ],
					"to": [ 10.5, 12.0, 10.5 ],
					"rotationOrigin": [ 0.0, 1.0, 0.0 ],
					"faces": {
						"north": { "texture": "#0", "uv": [ 3.0, 14.0, 8.0, 25.0 ], "enabled": false },
						"east": { "texture": "#0", "uv": [ 3.0, 14.0, 8.0, 25.0 ], "enabled": false },
						"south": { "texture": "#0", "uv": [ 3.0, 14.0, 8.0, 25.0 ], "enabled": false },
						"west": { "texture": "#0", "uv": [ 3.0, 14.0, 8.0, 25.0 ], "enabled": false },
						"up": { "texture": "#soil", "uv": [ 5.0, 5.0, 10.0, 10.0 ] },
						"down": { "texture": "#0", "uv": [ 5.0, 5.0, 10.0, 10.0 ], "enabled": false }
					}
				}
			]
		}
	]
}
