{
	"editor": {
		"backDropShape": "entity/humanoid/dwarf-faceless",
		"allAngles": true,
		"entityTextureMode": true
	},
	"textureWidth": 32,
	"textureHeight": 36,
	"textureSizes": {
		"pants": [32,36]
	},
	"textures": {
		"pants": "game:entity/humanoid/seraphclothes/lowerbody/clockmaker-pants"
	},
	"elements": [
		{
			"name": "LowertorsoWparented",
			"stepParentName": "LowerTorso",
			"from": [ -0.01, -0.05, -0.01 ],
			"to": [ 0.49, 4.95, 6.01 ],
			"unwrapMode": 4,
			"autoUnwrap": false,
			"uv": [ 12.9, 0.5 ],
			"rotationOrigin": [ -0.01, 3.5, -0.05 ],
			"faces": {
				"north": { "texture": "#pants", "uv": [ 13.0, 1.0, 13.5, 6.0 ], "windMode": [-1,-1,-1,-1], "windData": [0,1,1,0] },
				"east": { "texture": "#pants", "uv": [ 9.5, 7.0, 15.5, 12.0 ] },
				"south": { "texture": "#pants", "uv": [ 19.5, 1.0, 20.0, 6.0 ] },
				"west": { "texture": "#pants", "uv": [ 13.5, 1.0, 19.5, 6.0 ] },
				"up": { "texture": "#pants", "uv": [ 13.5, 0.5, 19.5, 1.0 ], "rotation": 90 }
			},
			"children": [
				{
					"name": "LowertorsoN",
					"from": [ 0.5, 0.0, 0.0 ],
					"to": [ 4.52, 5.0, 0.5 ],
					"unwrapMode": 1,
					"autoUnwrap": false,
					"uv": [ 9.0, 0.5 ],
					"rotationOrigin": [ 0.5, 3.55, 0.0 ],
					"faces": {
						"north": { "texture": "#pants", "uv": [ 9.0, 1.0, 13.0, 6.0 ] },
						"south": { "texture": "#pants", "uv": [ 10.5, 7.0, 14.5, 12.0 ] },
						"up": { "texture": "#pants", "uv": [ 9.0, 0.5, 13.0, 1.0 ], "rotation": 180 }
					}
				},
				{
					"name": "LowertorsoS",
					"from": [ 0.5, 0.0, 5.52 ],
					"to": [ 4.52, 5.0, 6.02 ],
					"unwrapMode": 1,
					"autoUnwrap": false,
					"uv": [ 20.0, 0.5 ],
					"rotationOrigin": [ 0.5, 5.0, 5.5 ],
					"faces": {
						"north": { "texture": "#pants", "uv": [ 15.5, 7.0, 19.5, 12.0 ] },
						"south": { "texture": "#pants", "uv": [ 20.0, 1.0, 24.0, 6.0 ] },
						"up": { "texture": "#pants", "uv": [ 20.0, 0.5, 24.0, 1.0 ], "rotation": 180 }
					}
				},
				{
					"name": "LowertorsoE",
					"from": [ 4.52, 0.0, 0.0 ],
					"to": [ 5.02, 5.0, 6.1 ],
					"unwrapMode": 2,
					"autoUnwrap": false,
					"uv": [ 23.9, 0.5 ],
					"rotationOrigin": [ 4.52, 5.0, 0.0 ],
					"faces": {
						"north": { "texture": "#pants", "uv": [ 30.5, 1.0, 31.0, 6.0 ] },
						"east": { "texture": "#pants", "uv": [ 24.5, 1.0, 30.5, 6.0 ] },
						"south": { "texture": "#pants", "uv": [ 24.0, 1.0, 24.5, 6.0 ] },
						"west": { "texture": "#pants", "uv": [ 13.5, 7.0, 19.5, 12.0 ] },
						"up": { "texture": "#pants", "uv": [ 24.5, 0.5, 30.5, 1.0 ], "rotation": 270 }
					}
				},
				{
					"name": "LowertorsoD",
					"from": [ 0.0, 0.0, 0.0 ],
					"to": [ 5.1, 4.0, 6.1 ],
					"unwrapMode": 6,
					"unwrapRotation": 1,
					"autoUnwrap": false,
					"uv": [ 1.5, 1.0 ],
					"faces": {
						"down": { "texture": "#pants", "uv": [ 1.5, 1.0, 7.5, 6.0 ], "rotation": 90 }
					}
				}
			]
		},
		{
			"name": "upper foot R",
			"stepParentName": "UpperFootR",
			"from": [ -0.01, -0.01, -0.01 ],
			"to": [ 4.21, 7.01, 3.21 ],
			"unwrapMode": 4,
			"autoUnwrap": false,
			"uv": [ 1.5, 8.5 ],
			"rotationOrigin": [ 0.0, 9.0, 0.0 ],
			"faces": {
				"north": { "texture": "#pants", "uv": [ 1.5, 12.5, 5.5, 19.5 ] },
				"east": { "texture": "#pants", "uv": [ 12.5, 12.5, 15.5, 19.5 ] },
				"south": { "texture": "#pants", "uv": [ 8.5, 12.5, 12.5, 19.5 ], "windMode": [-1,-1,-1,-1] },
				"west": { "texture": "#pants", "uv": [ 5.5, 12.5, 8.5, 19.5 ] },
				"up": { "texture": "#pants", "uv": [ 5.5, 8.5, 8.5, 12.5 ], "rotation": 90 },
				"down": { "texture": "#pants", "uv": [ 5.5, 21.5, 8.5, 25.5 ], "rotation": 90, "windMode": [-1,-1,-1,-1] }
			}
		},
		{
			"name": "upper foot L",
			"stepParentName": "UpperFootL",
			"from": [ -0.01, -0.01, -0.01 ],
			"to": [ 4.21, 7.01, 3.21 ],
			"unwrapMode": 4,
			"autoUnwrap": false,
			"uv": [ 16.5, 8.5 ],
			"rotationOrigin": [ 0.0, 9.0, 3.0 ],
			"faces": {
				"north": { "texture": "#pants", "uv": [ 16.5, 12.5, 20.5, 19.5 ] },
				"east": { "texture": "#pants", "uv": [ 27.5, 12.5, 30.5, 19.5 ] },
				"south": { "texture": "#pants", "uv": [ 23.5, 12.5, 27.5, 19.5 ] },
				"west": { "texture": "#pants", "uv": [ 20.5, 12.5, 23.5, 19.5 ] },
				"up": { "texture": "#pants", "uv": [ 20.5, 8.5, 23.5, 12.5 ], "rotation": 90, "windMode": [-1,-1,-1,-1], "windData": [1,1,1,1] },
				"down": { "texture": "#pants", "uv": [ 20.5, 21.5, 23.5, 25.5 ], "rotation": 90, "windMode": [-1,-1,-1,-1] }
			}
		},
		{
			"name": "lower foot R",
			"stepParentName": "LowerFootR",
			"from": [ -0.01, 2.5, -0.01 ],
			"to": [ 4.01, 7.01, 3.01 ],
			"unwrapMode": 4,
			"autoUnwrap": false,
			"uv": [ 1.5, 23.5 ],
			"rotationOrigin": [ 0.0, 2.5, -0.1 ],
			"faces": {
				"north": { "texture": "#pants", "uv": [ 1.5, 27.5, 5.5, 32.0 ] },
				"east": { "texture": "#pants", "uv": [ 12.5, 27.5, 15.5, 32.0 ] },
				"south": { "texture": "#pants", "uv": [ 8.5, 27.5, 12.5, 32.0 ] },
				"west": { "texture": "#pants", "uv": [ 5.5, 27.5, 8.5, 32.0 ] },
				"up": { "texture": "#pants", "uv": [ 5.5, 21.5, 8.5, 25.5 ], "rotation": 90, "windMode": [-1,-1,-1,-1] }
			}
		},
		{
			"name": "lower foot L",
			"stepParentName": "LowerFootL",
			"from": [ -0.01, 2.5, -0.01 ],
			"to": [ 4.01, 7.01, 3.01 ],
			"unwrapMode": 4,
			"autoUnwrap": false,
			"uv": [ 16.5, 23.5 ],
			"rotationOrigin": [ 0.0, 2.5, 0.0 ],
			"faces": {
				"north": { "texture": "#pants", "uv": [ 16.5, 27.5, 20.5, 32.0 ] },
				"east": { "texture": "#pants", "uv": [ 27.5, 27.5, 30.5, 32.0 ] },
				"south": { "texture": "#pants", "uv": [ 23.5, 27.5, 27.5, 32.0 ] },
				"west": { "texture": "#pants", "uv": [ 20.5, 27.5, 23.5, 32.0 ] },
				"up": { "texture": "#pants", "uv": [ 20.5, 21.5, 23.5, 25.5 ], "rotation": 90, "windMode": [-1,-1,-1,-1] }
			}
		},
		{
			"name": "UppertorsoWparented",
			"stepParentName": "UpperTorso",
			"from": [ -0.01, -0.05, -0.01 ],
			"to": [ 0.49, 0.95, 6.21 ],
			"unwrapMode": 4,
			"autoUnwrap": false,
			"uv": [ 13.0, 0.0 ],
			"rotationOrigin": [ -0.01, -0.05, -0.01 ],
			"faces": {
				"north": { "texture": "#pants", "uv": [ 13.0, 0.5, 13.5, 1.5 ] },
				"east": { "texture": "#pants", "uv": [ 9.5, 7.0, 15.5, 8.0 ] },
				"south": { "texture": "#pants", "uv": [ 19.5, 0.5, 20.0, 1.5 ] },
				"west": { "texture": "#pants", "uv": [ 13.5, 0.5, 19.5, 1.5 ] },
				"up": { "texture": "#pants", "uv": [ 13.5, 0.0, 19.5, 0.5 ], "rotation": 90 },
				"down": { "texture": "#pants", "uv": [ 13.5, 1.5, 19.5, 2.0 ], "rotation": 90 }
			},
			"children": [
				{
					"name": "UppertorsoE",
					"from": [ 4.52, 0.0, 0.0 ],
					"to": [ 5.02, 1.0, 6.3 ],
					"unwrapMode": 2,
					"autoUnwrap": false,
					"uv": [ 24.0, 0.0 ],
					"rotationOrigin": [ 4.5, 0.0, 0.0 ],
					"faces": {
						"north": { "texture": "#pants", "uv": [ 30.5, 0.5, 31.0, 1.5 ] },
						"east": { "texture": "#pants", "uv": [ 24.5, 0.5, 30.5, 1.5 ] },
						"south": { "texture": "#pants", "uv": [ 24.0, 0.5, 24.5, 1.5 ] },
						"west": { "texture": "#pants", "uv": [ 13.5, 7.0, 19.5, 8.0 ] },
						"up": { "texture": "#pants", "uv": [ 24.5, 0.0, 30.5, 0.5 ], "rotation": 270 },
						"down": { "texture": "#pants", "uv": [ 24.5, 1.5, 30.5, 2.0 ], "rotation": 270 }
					}
				},
				{
					"name": "UppertorsoN",
					"from": [ 0.5, 0.0, 0.0 ],
					"to": [ 4.52, 1.0, 0.5 ],
					"unwrapMode": 1,
					"autoUnwrap": false,
					"uv": [ 9.0, 0.0 ],
					"rotationOrigin": [ 0.5, 0.0, 0.0 ],
					"faces": {
						"north": { "texture": "#pants", "uv": [ 9.0, 0.5, 13.0, 1.5 ] },
						"south": { "texture": "#pants", "uv": [ 11.5, 7.0, 15.5, 8.0 ] },
						"up": { "texture": "#pants", "uv": [ 9.0, 0.0, 13.0, 0.5 ], "rotation": 180 },
						"down": { "texture": "#pants", "uv": [ 9.0, 1.5, 13.0, 2.0 ], "windMode": [-1,-1,-1,-1] }
					}
				},
				{
					"name": "UppertorsoS",
					"from": [ 0.5, 0.0, 5.72 ],
					"to": [ 4.52, 1.0, 6.22 ],
					"unwrapMode": 3,
					"autoUnwrap": false,
					"uv": [ 20.0, 0.0 ],
					"rotationOrigin": [ 0.5, 0.0, 5.7 ],
					"faces": {
						"north": { "texture": "#pants", "uv": [ 13.0, 7.0, 17.0, 8.0 ] },
						"south": { "texture": "#pants", "uv": [ 20.0, 0.5, 24.0, 1.5 ] },
						"up": { "texture": "#pants", "uv": [ 20.0, 0.0, 24.0, 0.5 ] },
						"down": { "texture": "#pants", "uv": [ 20.0, 1.5, 24.0, 2.0 ], "rotation": 180 }
					}
				}
			]
		}
	],
	"animations": [
	]
}