{
	"editor": {
		"backDropShape": "D:/Hry/Vintagestory121/assets/game/shapes/entity/humanoid/seraph-hairless",
		"collapsedPaths": ",Root/ArmorHelmet/Fin,Root/ArmorHelmet/ArmorNose,Root/ArmorHelmet/Hinge1,Root/ArmorHelmet/ArmorHelmetTop/WingBaseR2,Root/ArmorHelmet/Hinge4,Root/ArmorHelmet/ArmorHelmetTop/WingBaseR/WingR2/WingR14,Root/ArmorHelmet/ArmorHelmetTop/WingBaseR/WingR2,Root/ArmorHelmet/ArmorHelmetTop/WingBaseR/WingR2/WingR3/WingR4,Root/ArmorHelmet/PlumeP3,Root/ArmorHelmet/ArmorHelmetTop/WingBaseR/WingR2/WingR9,Root/ArmorHelmet/ArmorHelmetTop/WingBaseR/WingR2/WingR3/WingR4/WingR5,Root/ArmorHelmet/PlumeBase,Root/ArmorHelmet/ArmorHelmetTop/WingBaseR/WingR2/WingR3,Root/ArmorHelmet/PlumeP2,Root/ArmorHelmet/PlumeP1",
		"allAngles": true,
		"entityTextureMode": true
	},
	"textureWidth": 64,
	"textureHeight": 64,
	"textureSizes": {
	},
	"textures": {
			"templarhead": "armor/entity/templar_helmets_steel",
			"plume": "block/plume/plumered",
	},
	"elements": [
		{
			"name": "ArmorHelmet",
			"stepParentName": "Head",
			"from": [ -0.4, 0.0, -0.6 ],
			"to": [ 5.9, 6.3, 5.7 ],
			"unwrapMode": 4,
			"uv": [ 27.0, 14.5 ],
			"rotationOrigin": [ -0.4, 0.0, -0.6 ],
			"faces": {
				"north": { "texture": "#templarhead", "uv": [ 27.0, 20.5, 33.0, 26.5 ] },
				"east": { "texture": "#templarhead", "uv": [ 45.0, 20.5, 51.0, 26.5 ] },
				"south": { "texture": "#templarhead", "uv": [ 39.0, 20.5, 45.0, 26.5 ] },
				"west": { "texture": "#templarhead", "uv": [ 33.0, 20.5, 39.0, 26.5 ] },
				"up": { "texture": "#templarhead", "uv": [ 33.0, 14.5, 39.0, 20.5 ], "rotation": 90 },
				"down": { "texture": "#templarhead", "uv": [ 33.0, 26.5, 39.0, 32.5 ], "rotation": 90 }
			},
			"children": [
				{
					"name": "ArmorHelmetTop",
					"from": [ 0.5, 6.0, 0.5 ],
					"to": [ 5.6, 6.9, 5.8 ],
					"autoUnwrap": false,
					"uv": [ 41.0, 28.5 ],
					"rotationOrigin": [ 0.5, 6.0, 0.5 ],
					"faces": {
						"north": { "texture": "#templarhead", "uv": [ 45.5, 21.0, 50.5, 21.5 ] },
						"east": { "texture": "#templarhead", "uv": [ 46.5, 21.5, 51.5, 22.0 ] },
						"south": { "texture": "#templarhead", "uv": [ 45.5, 25.5, 50.5, 26.0 ] },
						"west": { "texture": "#templarhead", "uv": [ 33.5, 15.0, 38.5, 15.5 ] },
						"up": { "texture": "#templarhead", "uv": [ 45.5, 21.0, 50.5, 26.0 ] }
					},
					"children": [
						{
							"name": "Plume",
							"from": [ 0.0, 0.0, 0.0 ],
							"to": [ 0.0, 0.0, 0.0 ],
							"uv": [ 0.0, 0.0 ],
							"faces": {
								"north": { "texture": "#plume", "uv": [ 0.0, 0.5, 0.5, 1.0 ] },
								"east": { "texture": "#plume", "uv": [ 0.5, 0.5, 1.0, 1.0 ] },
								"south": { "texture": "#plume", "uv": [ 1.0, 0.5, 1.5, 1.0 ] },
								"west": { "texture": "#plume", "uv": [ 1.5, 0.5, 2.0, 1.0 ] },
								"up": { "texture": "#plume", "uv": [ 0.0, 0.0, 0.5, 0.5 ] },
								"down": { "texture": "#plume", "uv": [ 0.5, 0.0, 1.0, 0.5 ] }
							}
						}
					]
				},
				{
					"name": "FrontFace1",
					"from": [ -0.1, 0.0, 0.3 ],
					"to": [ 0.8, 4.6, 3.25 ],
					"unwrapMode": 2,
					"autoUnwrap": false,
					"uv": [ 16.5, 32.4 ],
					"rotationOrigin": [ -0.1, 0.0, 0.3 ],
					"rotationY": -20.0,
					"faces": {
						"north": { "texture": "#templarhead", "uv": [ 21.0, 33.5, 21.5, 38.0 ] },
						"south": { "texture": "#templarhead", "uv": [ 21.0, 33.5, 21.5, 38.0 ] },
						"west": { "texture": "#templarhead", "uv": [ 21.0, 33.5, 25.9, 39.5 ], "autoUv": false },
						"up": { "texture": "#templarhead", "uv": [ 21.0, 33.0, 23.5, 33.5 ], "rotation": 270 },
						"down": { "texture": "#templarhead", "uv": [ 22.0, 39.0, 24.5, 39.5 ], "rotation": 270 }
					},
					"children": [
						{
							"name": "FrontFace2",
							"from": [ 1.7187, 0.0, 2.4 ],
							"to": [ 2.6187, 4.6, 5.45 ],
							"unwrapMode": 2,
							"autoUnwrap": false,
							"uv": [ 32.9, 33.3 ],
							"rotationOrigin": [ 1.7187, 0.0, 5.0146 ],
							"rotationY": 40.0,
							"faces": {
								"north": { "texture": "#templarhead", "uv": [ 29.5, 34.0, 30.0, 38.5 ] },
								"south": { "texture": "#templarhead", "uv": [ 29.5, 34.0, 30.0, 38.5 ] },
								"west": { "texture": "#templarhead", "uv": [ 25.1, 33.5, 30.0, 39.5 ], "autoUv": false },
								"up": { "texture": "#templarhead", "uv": [ 27.0, 33.5, 30.0, 34.0 ], "rotation": 270 },
								"down": { "texture": "#templarhead", "uv": [ 27.0, 39.0, 30.0, 39.5 ], "rotation": 270 }
							}
						},
						{
							"name": "ArmorHelmetFront3",
							"from": [ -0.0411, 4.55, 0.0443 ],
							"to": [ 0.8589, 6.55, 2.8443 ],
							"unwrapMode": 4,
							"autoUnwrap": false,
							"uv": [ 21.5, 31.0 ],
							"rotationOrigin": [ -0.0511, 4.5, 0.4443 ],
							"rotationZ": -28.0,
							"faces": {
								"north": { "texture": "#templarhead", "uv": [ 21.5, 31.5, 22.0, 33.5 ] },
								"south": { "texture": "#templarhead", "uv": [ 24.5, 31.5, 25.0, 33.5 ] },
								"west": { "texture": "#templarhead", "uv": [ 21.1, 30.4, 25.4, 33.5 ], "autoUv": false },
								"up": { "texture": "#templarhead", "uv": [ 22.0, 31.0, 24.5, 31.5 ], "rotation": 90 },
								"down": { "texture": "#templarhead", "uv": [ 22.0, 33.5, 24.5, 34.0 ], "rotation": 90 }
							}
						},
						{
							"name": "ArmorHelmetFront4",
							"from": [ 1.7529, 4.55, 2.51 ],
							"to": [ 2.6529, 6.55, 5.31 ],
							"unwrapMode": 4,
							"autoUnwrap": false,
							"uv": [ 26.0, 31.0 ],
							"rotationOrigin": [ 1.7529, 4.5, 5.1085 ],
							"rotationY": 40.0,
							"rotationZ": -28.0,
							"faces": {
								"north": { "texture": "#templarhead", "uv": [ 26.0, 31.5, 26.5, 33.5 ] },
								"south": { "texture": "#templarhead", "uv": [ 29.0, 31.5, 29.5, 33.5 ] },
								"west": { "texture": "#templarhead", "uv": [ 25.2, 30.5, 30.0, 33.5 ], "autoUv": false },
								"up": { "texture": "#templarhead", "uv": [ 26.5, 31.0, 29.0, 31.5 ], "rotation": 90 },
								"down": { "texture": "#templarhead", "uv": [ 26.5, 33.5, 29.0, 34.0 ], "rotation": 90 }
							}
						}
					]
				},
				{
					"name": "Back1",
					"from": [ 5.8, 0.0, 0.6 ],
					"to": [ 6.3, 5.5, 3.3 ],
					"uv": [ 8.0, 22.0 ],
					"rotationOrigin": [ 5.8, 0.0, 0.6 ],
					"rotationY": 10.0,
					"faces": {
						"north": { "texture": "#templarhead", "uv": [ 8.0, 24.5, 8.5, 30.0 ] },
						"east": { "texture": "#templarhead", "uv": [ 8.5, 24.5, 11.0, 30.0 ] },
						"south": { "texture": "#templarhead", "uv": [ 11.0, 24.5, 11.5, 30.0 ] },
						"west": { "texture": "#templarhead", "uv": [ 11.5, 24.5, 14.0, 30.0 ] },
						"up": { "texture": "#templarhead", "uv": [ 8.0, 22.0, 8.5, 24.5 ] },
						"down": { "texture": "#templarhead", "uv": [ 8.5, 22.0, 9.0, 24.5 ] }
					},
					"children": [
						{
							"name": "Back2",
							"from": [ -0.8856, 0.0, 2.3225 ],
							"to": [ -0.3856, 5.5, 5.0225 ],
							"uv": [ 5.5, 22.0 ],
							"rotationOrigin": [ -0.8856, 0.0, 5.0225 ],
							"rotationY": -20.0,
							"faces": {
								"north": { "texture": "#templarhead", "uv": [ 5.5, 24.5, 6.0, 30.0 ] },
								"east": { "texture": "#templarhead", "uv": [ 6.0, 24.5, 8.5, 30.0 ] },
								"south": { "texture": "#templarhead", "uv": [ 8.5, 24.5, 9.0, 30.0 ] },
								"west": { "texture": "#templarhead", "uv": [ 9.0, 24.5, 11.5, 30.0 ] },
								"up": { "texture": "#templarhead", "uv": [ 5.5, 22.0, 6.0, 24.5 ] },
								"down": { "texture": "#templarhead", "uv": [ 6.0, 22.0, 6.5, 24.5 ] }
							}
						},
						{
							"name": "Back3",
							"from": [ -0.7871, 5.3, 2.3399 ],
							"to": [ -0.2871, 6.4, 5.0399 ],
							"uv": [ 50.0, 36.0 ],
							"rotationOrigin": [ -0.7871, 5.3, 5.0399 ],
							"rotationY": -20.0,
							"rotationZ": 30.0,
							"faces": {
								"north": { "texture": "#templarhead", "uv": [ 50.0, 38.5, 50.5, 39.5 ] },
								"east": { "texture": "#templarhead", "uv": [ 50.5, 38.5, 53.0, 39.5 ] },
								"south": { "texture": "#templarhead", "uv": [ 53.0, 38.5, 53.5, 39.5 ] },
								"west": { "texture": "#templarhead", "uv": [ 53.5, 38.5, 56.0, 39.5 ] },
								"up": { "texture": "#templarhead", "uv": [ 50.0, 36.0, 50.5, 38.5 ] },
								"down": { "texture": "#templarhead", "uv": [ 50.5, 36.0, 51.0, 38.5 ] }
							}
						},
						{
							"name": "Back4",
							"from": [ 0.0985, 5.3, 0.0174 ],
							"to": [ 0.5985, 6.4, 2.7174 ],
							"uv": [ 40.0, 36.0 ],
							"rotationOrigin": [ 0.0985, 5.3, 0.0174 ],
							"rotationZ": 30.0,
							"faces": {
								"north": { "texture": "#templarhead", "uv": [ 40.0, 38.5, 40.5, 39.5 ] },
								"east": { "texture": "#templarhead", "uv": [ 40.5, 38.5, 43.0, 39.5 ] },
								"south": { "texture": "#templarhead", "uv": [ 43.0, 38.5, 43.5, 39.5 ] },
								"west": { "texture": "#templarhead", "uv": [ 43.5, 38.5, 46.0, 39.5 ] },
								"up": { "texture": "#templarhead", "uv": [ 40.0, 36.0, 40.5, 38.5 ] },
								"down": { "texture": "#templarhead", "uv": [ 40.5, 36.0, 41.0, 38.5 ] }
							}
						}
					]
				},
				{
					"name": "Nose1",
					"from": [ -1.2, -0.1, 2.8 ],
					"to": [ -0.9, 4.9, 3.4 ],
					"uv": [ 8.5, 18.0 ],
					"rotationOrigin": [ -1.2, -0.1, 2.8 ],
					"faces": {
						"north": { "texture": "#templarhead", "uv": [ 8.5, 18.5, 9.0, 23.5 ] },
						"east": { "texture": "#templarhead", "uv": [ 9.0, 18.5, 9.5, 23.5 ] },
						"south": { "texture": "#templarhead", "uv": [ 9.5, 18.5, 10.0, 23.5 ] },
						"west": { "texture": "#templarhead", "uv": [ 10.0, 18.5, 10.5, 23.5 ] },
						"up": { "texture": "#templarhead", "uv": [ 8.5, 18.0, 9.0, 18.5 ] },
						"down": { "texture": "#templarhead", "uv": [ 9.0, 18.0, 9.5, 18.5 ] }
					}
				},
				{
					"name": "Nose2",
					"from": [ -1.2, 4.9, 2.8 ],
					"to": [ -0.9, 6.8, 3.4 ],
					"uv": [ 6.5, 20.0 ],
					"rotationOrigin": [ -1.2, 4.9, 2.8 ],
					"rotationZ": -35.0,
					"faces": {
						"north": { "texture": "#templarhead", "uv": [ 6.5, 20.5, 7.0, 22.0 ] },
						"east": { "texture": "#templarhead", "uv": [ 7.0, 20.5, 7.5, 22.0 ] },
						"south": { "texture": "#templarhead", "uv": [ 7.5, 20.5, 8.0, 22.0 ] },
						"west": { "texture": "#templarhead", "uv": [ 8.0, 20.5, 8.5, 22.0 ] },
						"up": { "texture": "#templarhead", "uv": [ 6.5, 20.0, 7.0, 20.5 ] },
						"down": { "texture": "#templarhead", "uv": [ 7.0, 20.0, 7.5, 20.5 ] }
					},
					"children": [
						{
							"name": "PlumeBase",
							"from": [ 1.84, 3.4, 0.1 ],
							"to": [ 2.84, 4.4, 0.6 ],
							"autoUnwrap": false,
							"uv": [ 19.0, 7.0 ],
							"rotationOrigin": [ 1.8421, 3.4007, 0.1 ],
							"rotationZ": 38.0,
							"faces": {
								"north": { "texture": "#plume", "uv": [ 0.0, 8.0, 1.0, 9.0 ] },
								"east": { "texture": "#plume", "uv": [ 0.5, 9.0, 1.0, 10.0 ] },
								"south": { "texture": "#plume", "uv": [ 0.0, 9.0, 1.0, 10.0 ] },
								"west": { "texture": "#plume", "uv": [ 0.0, 8.5, 0.5, 9.5 ] },
								"up": { "texture": "#plume", "uv": [ 0.5, 9.5, 1.5, 10.0 ] },
								"down": { "texture": "#plume", "uv": [ 0.0, 9.0, 1.0, 9.5 ] }
							},
							"children": [
								{
									"name": "PlumeSubBase1",
									"from": [ 0.0, 1.0, -0.1 ],
									"to": [ 2.0, 1.5, 0.6 ],
									"autoUnwrap": false,
									"uv": [ 19.0, 7.5 ],
									"rotationOrigin": [ 0.0, 1.0, -0.1 ],
									"faces": {
										"north": { "texture": "#plume", "uv": [ 0.5, 9.5, 2.5, 10.0 ] },
										"east": { "texture": "#plume", "uv": [ 1.0, 9.0, 1.5, 9.5 ] },
										"south": { "texture": "#plume", "uv": [ 0.5, 9.0, 2.5, 9.5 ] },
										"west": { "texture": "#plume", "uv": [ 1.0, 9.0, 1.5, 9.5 ] },
										"up": { "texture": "#plume", "uv": [ 0.5, 8.5, 2.5, 9.0 ] },
										"down": { "texture": "#plume", "uv": [ 0.5, 9.0, 2.5, 9.5 ] }
									}
								},
								{
									"name": "PlumeSubBase2",
									"from": [ -1.4, 0.9, -0.09 ],
									"to": [ 0.1, 1.4, 0.59 ],
									"unwrapMode": 5,
									"unwrapRotation": 1,
									"uv": [ 0.0, 7.5 ],
									"rotationOrigin": [ -1.4, 0.9, -0.1 ],
									"rotationZ": 5.0,
									"faces": {
										"north": { "texture": "#plume", "uv": [ 0.0, 8.0, 0.5, 9.5 ], "rotation": 270 },
										"east": { "texture": "#plume", "uv": [ 0.5, 7.5, 1.0, 8.0 ], "rotation": 180 },
										"south": { "texture": "#plume", "uv": [ 1.0, 8.0, 1.5, 9.5 ], "rotation": 90 },
										"west": { "texture": "#plume", "uv": [ 0.5, 9.5, 1.0, 10.0 ] },
										"up": { "texture": "#plume", "uv": [ 0.5, 8.0, 1.0, 9.5 ], "rotation": 90 },
										"down": { "texture": "#plume", "uv": [ 1.5, 8.0, 2.0, 9.5 ], "rotation": 270 }
									}
								},
								{
									"name": "PlumeSubBase3",
									"from": [ 1.9, 1.0, -0.09 ],
									"to": [ 3.0, 1.5, 0.59 ],
									"unwrapMode": 6,
									"unwrapRotation": 1,
									"uv": [ 0.0, 8.0 ],
									"rotationOrigin": [ 1.9, 1.0, -0.1 ],
									"rotationZ": -8.0,
									"faces": {
										"north": { "texture": "#plume", "uv": [ 0.0, 8.5, 0.5, 9.5 ], "rotation": 90 },
										"east": { "texture": "#plume", "uv": [ 0.5, 9.5, 1.0, 10.0 ], "rotation": 180 },
										"south": { "texture": "#plume", "uv": [ 1.0, 8.5, 1.5, 9.5 ], "rotation": 270 },
										"west": { "texture": "#plume", "uv": [ 0.5, 8.0, 1.0, 8.5 ] },
										"up": { "texture": "#plume", "uv": [ 1.5, 8.5, 2.0, 9.5 ], "rotation": 270 },
										"down": { "texture": "#plume", "uv": [ 0.5, 8.5, 1.0, 9.5 ], "rotation": 90 }
									}
								},
								{
									"name": "Plume2",
									"from": [ 0.0, -0.2, 0.2 ],
									"to": [ 0.0, -0.2, 0.2 ],
									"uv": [ 0.0, 0.0 ],
									"rotationOrigin": [ -0.4, 1.3, 0.3 ],
									"faces": {
										"north": { "texture": "#plume", "uv": [ 0.0, 0.5, 0.5, 1.0 ] },
										"east": { "texture": "#plume", "uv": [ 0.5, 0.5, 1.0, 1.0 ] },
										"south": { "texture": "#plume", "uv": [ 1.0, 0.5, 1.5, 1.0 ] },
										"west": { "texture": "#plume", "uv": [ 1.5, 0.5, 2.0, 1.0 ] },
										"up": { "texture": "#plume", "uv": [ 0.0, 0.0, 0.5, 0.5 ] },
										"down": { "texture": "#plume", "uv": [ 0.5, 0.0, 1.0, 0.5 ] }
									},
									"children": [
										{
											"name": "Plume2b",
											"from": [ -2.43, 0.92, -0.69 ],
											"to": [ 0.07, 3.92, 0.61 ],
											"autoUnwrap": false,
											"uv": [ 8.4, 0.8 ],
											"rotationOrigin": [ -2.4337, 0.9193, -0.7 ],
											"rotationX": -8.9663,
											"rotationY": 0.7812,
											"rotationZ": 15.0613,
											"faces": {
												"north": { "texture": "#plume", "uv": [ 9.0, 2.0, 11.5, 5.0 ] },
												"east": { "texture": "#plume", "uv": [ 11.0, 2.0, 12.0, 5.0 ] },
												"south": { "texture": "#plume", "uv": [ 12.0, 2.0, 14.5, 5.0 ] },
												"west": { "texture": "#plume", "uv": [ 15.0, 2.0, 16.0, 5.0 ] },
												"up": { "texture": "#plume", "uv": [ 8.5, 1.0, 11.0, 2.0 ] },
												"down": { "texture": "#plume", "uv": [ 11.0, 1.0, 13.5, 2.0 ] }
											}
										},
										{
											"name": "Plume2a",
											"from": [ -2.4123, 1.1181, -0.39 ],
											"to": [ 0.0877, 4.1181, 0.91 ],
											"autoUnwrap": false,
											"uv": [ 0.5, 3.0 ],
											"rotationOrigin": [ -2.4123, 1.1181, -0.4 ],
											"rotationX": 8.9663,
											"rotationY": -0.7812,
											"rotationZ": 15.0613,
											"faces": {
												"north": { "texture": "#plume", "uv": [ 0.5, 4.0, 3.0, 7.0 ] },
												"east": { "texture": "#plume", "uv": [ 3.0, 4.0, 4.0, 7.0 ] },
												"south": { "texture": "#plume", "uv": [ 4.5, 4.0, 7.0, 7.0 ], "windMode": [-1,-1,-1,-1], "windData": [1,2,2,2] },
												"west": { "texture": "#plume", "uv": [ 6.0, 4.0, 7.0, 7.0 ] },
												"up": { "texture": "#plume", "uv": [ 0.5, 3.0, 3.0, 4.0 ] },
												"down": { "texture": "#plume", "uv": [ 3.0, 3.0, 5.5, 4.0 ] }
											}
										}
									]
								},
								{
									"name": "Plume3",
									"from": [ 1.7, -0.2, 0.2 ],
									"to": [ 1.7, -0.2, 0.2 ],
									"uv": [ 0.0, 0.0 ],
									"rotationOrigin": [ 1.3, 1.3, 0.3 ],
									"rotationZ": -15.0,
									"faces": {
										"north": { "texture": "#plume", "uv": [ 0.0, 0.5, 0.5, 1.0 ] },
										"east": { "texture": "#plume", "uv": [ 0.5, 0.5, 1.0, 1.0 ] },
										"south": { "texture": "#plume", "uv": [ 1.0, 0.5, 1.5, 1.0 ] },
										"west": { "texture": "#plume", "uv": [ 1.5, 0.5, 2.0, 1.0 ] },
										"up": { "texture": "#plume", "uv": [ 0.0, 0.0, 0.5, 0.5 ] },
										"down": { "texture": "#plume", "uv": [ 0.5, 0.0, 1.0, 0.5 ] }
									},
									"children": [
										{
											"name": "Plume2b2",
											"from": [ -2.43, 0.92, -0.69 ],
											"to": [ 0.07, 3.72, 0.61 ],
											"autoUnwrap": false,
											"uv": [ 8.0, 1.0 ],
											"rotationOrigin": [ -2.4337, 0.9193, -0.7 ],
											"rotationX": -8.9663,
											"rotationY": 0.7812,
											"rotationZ": 15.0613,
											"faces": {
												"north": { "texture": "#plume", "uv": [ 7.0, 1.0, 9.5, 3.5 ] },
												"east": { "texture": "#plume", "uv": [ 10.5, 1.0, 11.5, 3.5 ] },
												"south": { "texture": "#plume", "uv": [ 11.5, 1.0, 14.0, 3.5 ] },
												"west": { "texture": "#plume", "uv": [ 14.0, 1.0, 15.0, 3.5 ] },
												"up": { "texture": "#plume", "uv": [ 8.5, 0.0, 11.0, 1.0 ] },
												"down": { "texture": "#plume", "uv": [ 11.0, 0.0, 13.5, 1.0 ] }
											}
										},
										{
											"name": "Plume2a2",
											"from": [ -2.4123, 1.1181, -0.39 ],
											"to": [ 0.0877, 3.9181, 0.91 ],
											"autoUnwrap": false,
											"uv": [ 8.0, 1.0 ],
											"rotationOrigin": [ -2.4123, 1.1181, -0.4 ],
											"rotationX": 8.9663,
											"rotationY": -0.7812,
											"rotationZ": 15.0613,
											"faces": {
												"north": { "texture": "#plume", "uv": [ 8.0, 1.0, 10.5, 3.5 ] },
												"east": { "texture": "#plume", "uv": [ 10.5, 1.0, 11.5, 3.5 ] },
												"south": { "texture": "#plume", "uv": [ 12.5, 1.0, 15.0, 3.5 ] },
												"west": { "texture": "#plume", "uv": [ 14.0, 1.0, 15.0, 3.5 ] },
												"up": { "texture": "#plume", "uv": [ 8.5, 0.0, 11.0, 1.0 ] },
												"down": { "texture": "#plume", "uv": [ 11.0, 0.0, 13.5, 1.0 ] }
											}
										}
									]
								},
								{
									"name": "Plume4",
									"from": [ 3.4, -0.5, 0.2 ],
									"to": [ 3.4, -0.5, 0.2 ],
									"uv": [ 0.0, 0.0 ],
									"rotationOrigin": [ 3.0, 1.0, 0.3 ],
									"rotationZ": -30.0,
									"faces": {
										"north": { "texture": "#plume", "uv": [ 0.0, 0.5, 0.5, 1.0 ] },
										"east": { "texture": "#plume", "uv": [ 0.5, 0.5, 1.0, 1.0 ] },
										"south": { "texture": "#plume", "uv": [ 1.0, 0.5, 1.5, 1.0 ] },
										"west": { "texture": "#plume", "uv": [ 1.5, 0.5, 2.0, 1.0 ] },
										"up": { "texture": "#plume", "uv": [ 0.0, 0.0, 0.5, 0.5 ] },
										"down": { "texture": "#plume", "uv": [ 0.5, 0.0, 1.0, 0.5 ] }
									},
									"children": [
										{
											"name": "Plume2b3",
											"from": [ -2.43, 0.92, -0.69 ],
											"to": [ 0.07, 3.32, 0.51 ],
											"autoUnwrap": false,
											"uv": [ 8.0, 1.0 ],
											"rotationOrigin": [ -2.4337, 0.9193, -0.6 ],
											"rotationX": -8.9663,
											"rotationY": 0.7812,
											"rotationZ": 15.0613,
											"faces": {
												"north": { "texture": "#plume", "uv": [ 8.0, 1.0, 10.5, 3.0 ] },
												"east": { "texture": "#plume", "uv": [ 10.5, 1.0, 11.5, 3.0 ] },
												"south": { "texture": "#plume", "uv": [ 11.5, 1.0, 14.0, 3.0 ] },
												"west": { "texture": "#plume", "uv": [ 14.0, 1.0, 15.0, 3.0 ] },
												"up": { "texture": "#plume", "uv": [ 8.5, 0.0, 11.0, 1.0 ] },
												"down": { "texture": "#plume", "uv": [ 11.0, 0.0, 13.5, 1.0 ] }
											}
										},
										{
											"name": "Plume2a3",
											"from": [ -2.4123, 1.1181, -0.39 ],
											"to": [ 0.0877, 3.5181, 0.81 ],
											"autoUnwrap": false,
											"uv": [ 8.0, 1.0 ],
											"rotationOrigin": [ -2.4123, 1.1181, -0.4 ],
											"rotationX": 8.9663,
											"rotationY": -0.7812,
											"rotationZ": 15.0613,
											"faces": {
												"north": { "texture": "#plume", "uv": [ 8.0, 1.0, 10.5, 3.0 ] },
												"east": { "texture": "#plume", "uv": [ 10.5, 1.0, 11.5, 3.0 ] },
												"south": { "texture": "#plume", "uv": [ 12.5, 1.0, 15.0, 3.0 ] },
												"west": { "texture": "#plume", "uv": [ 14.0, 1.0, 15.0, 3.0 ] },
												"up": { "texture": "#plume", "uv": [ 8.5, 0.0, 11.0, 1.0 ] },
												"down": { "texture": "#plume", "uv": [ 11.0, 0.0, 13.5, 1.0 ] }
											}
										}
									]
								},
								{
									"name": "Plume5",
									"from": [ 5.0, -1.5, 0.2 ],
									"to": [ 5.0, -1.5, 0.2 ],
									"uv": [ 0.0, 0.0 ],
									"rotationOrigin": [ 4.6, 0.0, 0.3 ],
									"rotationZ": -42.0,
									"faces": {
										"north": { "texture": "#plume", "uv": [ 0.0, 0.5, 0.5, 1.0 ] },
										"east": { "texture": "#plume", "uv": [ 0.5, 0.5, 1.0, 1.0 ] },
										"south": { "texture": "#plume", "uv": [ 1.0, 0.5, 1.5, 1.0 ] },
										"west": { "texture": "#plume", "uv": [ 1.5, 0.5, 2.0, 1.0 ] },
										"up": { "texture": "#plume", "uv": [ 0.0, 0.0, 0.5, 0.5 ] },
										"down": { "texture": "#plume", "uv": [ 0.5, 0.0, 1.0, 0.5 ] }
									},
									"children": [
										{
											"name": "Plume2b4",
											"from": [ -2.43, 0.92, -0.69 ],
											"to": [ 0.07, 3.32, 0.51 ],
											"autoUnwrap": false,
											"uv": [ 8.0, 1.0 ],
											"rotationOrigin": [ -2.4337, 0.9193, -0.6 ],
											"rotationX": -8.9663,
											"rotationY": 0.7812,
											"rotationZ": 15.0613,
											"faces": {
												"north": { "texture": "#plume", "uv": [ 8.0, 1.0, 10.5, 3.0 ] },
												"east": { "texture": "#plume", "uv": [ 10.5, 1.0, 11.5, 3.0 ] },
												"south": { "texture": "#plume", "uv": [ 11.5, 1.0, 14.0, 3.0 ] },
												"west": { "texture": "#plume", "uv": [ 14.0, 1.0, 15.0, 3.0 ] },
												"up": { "texture": "#plume", "uv": [ 8.5, 0.0, 11.0, 1.0 ] },
												"down": { "texture": "#plume", "uv": [ 11.0, 0.0, 13.5, 1.0 ] }
											}
										},
										{
											"name": "Plume2a4",
											"from": [ -2.4123, 1.1181, -0.39 ],
											"to": [ 0.0877, 3.5181, 0.81 ],
											"autoUnwrap": false,
											"uv": [ 8.0, 1.0 ],
											"rotationOrigin": [ -2.4123, 1.1181, -0.4 ],
											"rotationX": 8.9663,
											"rotationY": -0.7812,
											"rotationZ": 15.0613,
											"faces": {
												"north": { "texture": "#plume", "uv": [ 8.0, 1.0, 10.5, 3.0 ] },
												"east": { "texture": "#plume", "uv": [ 10.5, 1.0, 11.5, 3.0 ] },
												"south": { "texture": "#plume", "uv": [ 12.5, 1.0, 15.0, 3.0 ] },
												"west": { "texture": "#plume", "uv": [ 14.0, 1.0, 15.0, 3.0 ] },
												"up": { "texture": "#plume", "uv": [ 8.5, 0.0, 11.0, 1.0 ] },
												"down": { "texture": "#plume", "uv": [ 11.0, 0.0, 13.5, 1.0 ] }
											}
										}
									]
								},
								{
									"name": "Plume6",
									"from": [ 6.0, -2.6, 0.2 ],
									"to": [ 6.0, -2.6, 0.2 ],
									"uv": [ 0.0, 0.0 ],
									"rotationOrigin": [ 5.6, -1.1, 0.3 ],
									"rotationZ": -64.0,
									"faces": {
										"north": { "texture": "#plume", "uv": [ 0.0, 0.5, 0.5, 1.0 ] },
										"east": { "texture": "#plume", "uv": [ 0.5, 0.5, 1.0, 1.0 ] },
										"south": { "texture": "#plume", "uv": [ 1.0, 0.5, 1.5, 1.0 ] },
										"west": { "texture": "#plume", "uv": [ 1.5, 0.5, 2.0, 1.0 ] },
										"up": { "texture": "#plume", "uv": [ 0.0, 0.0, 0.5, 0.5 ] },
										"down": { "texture": "#plume", "uv": [ 0.5, 0.0, 1.0, 0.5 ] }
									},
									"children": [
										{
											"name": "Plume2b5",
											"from": [ -2.43, 0.92, -0.49 ],
											"to": [ 0.07, 3.12, 0.51 ],
											"autoUnwrap": false,
											"uv": [ 8.0, 1.0 ],
											"rotationOrigin": [ -2.4337, 0.9193, -0.4 ],
											"rotationX": -8.9663,
											"rotationY": 0.7812,
											"rotationZ": 15.0613,
											"faces": {
												"north": { "texture": "#plume", "uv": [ 8.0, 1.0, 10.5, 3.0 ] },
												"east": { "texture": "#plume", "uv": [ 10.5, 1.0, 11.5, 3.0 ] },
												"south": { "texture": "#plume", "uv": [ 11.5, 1.0, 14.0, 3.0 ] },
												"west": { "texture": "#plume", "uv": [ 14.0, 1.0, 15.0, 3.0 ] },
												"up": { "texture": "#plume", "uv": [ 8.5, 0.0, 11.0, 1.0 ] },
												"down": { "texture": "#plume", "uv": [ 11.0, 0.0, 13.5, 1.0 ] }
											}
										},
										{
											"name": "Plume2a5",
											"from": [ -2.4123, 1.1181, -0.39 ],
											"to": [ 0.0877, 3.3181, 0.61 ],
											"autoUnwrap": false,
											"uv": [ 8.0, 1.0 ],
											"rotationOrigin": [ -2.4123, 1.1181, -0.4 ],
											"rotationX": 8.9663,
											"rotationY": -0.7812,
											"rotationZ": 15.0613,
											"faces": {
												"north": { "texture": "#plume", "uv": [ 8.0, 1.0, 10.5, 3.0 ] },
												"east": { "texture": "#plume", "uv": [ 10.5, 1.0, 11.5, 3.0 ] },
												"south": { "texture": "#plume", "uv": [ 12.5, 1.0, 15.0, 3.0 ] },
												"west": { "texture": "#plume", "uv": [ 14.0, 1.0, 15.0, 3.0 ] },
												"up": { "texture": "#plume", "uv": [ 8.5, 0.0, 11.0, 1.0 ] },
												"down": { "texture": "#plume", "uv": [ 11.0, 0.0, 13.5, 1.0 ] }
											}
										}
									]
								},
								{
									"name": "Plume7",
									"from": [ 6.9, -4.4, 0.2 ],
									"to": [ 6.9, -4.4, 0.2 ],
									"uv": [ 0.0, 0.0 ],
									"rotationOrigin": [ 6.5, -2.9, 0.3 ],
									"rotationZ": -77.0,
									"faces": {
										"north": { "texture": "#plume", "uv": [ 0.0, 0.5, 0.5, 1.0 ] },
										"east": { "texture": "#plume", "uv": [ 0.5, 0.5, 1.0, 1.0 ] },
										"south": { "texture": "#plume", "uv": [ 1.0, 0.5, 1.5, 1.0 ] },
										"west": { "texture": "#plume", "uv": [ 1.5, 0.5, 2.0, 1.0 ] },
										"up": { "texture": "#plume", "uv": [ 0.0, 0.0, 0.5, 0.5 ] },
										"down": { "texture": "#plume", "uv": [ 0.5, 0.0, 1.0, 0.5 ] }
									},
									"children": [
										{
											"name": "Plume2b6",
											"from": [ -2.43, 0.92, -0.49 ],
											"to": [ -0.43, 3.02, 0.51 ],
											"autoUnwrap": false,
											"uv": [ 8.0, 1.0 ],
											"rotationOrigin": [ -2.4337, 0.9193, -0.4 ],
											"rotationX": -8.9663,
											"rotationY": 0.7812,
											"rotationZ": 15.0613,
											"faces": {
												"north": { "texture": "#plume", "uv": [ 8.0, 1.0, 10.0, 3.0 ] },
												"east": { "texture": "#plume", "uv": [ 10.5, 1.0, 11.5, 3.0 ] },
												"south": { "texture": "#plume", "uv": [ 11.5, 1.0, 13.5, 3.0 ] },
												"west": { "texture": "#plume", "uv": [ 14.0, 1.0, 15.0, 3.0 ] },
												"up": { "texture": "#plume", "uv": [ 8.5, 0.0, 10.5, 1.0 ] },
												"down": { "texture": "#plume", "uv": [ 11.0, 0.0, 13.0, 1.0 ] }
											}
										},
										{
											"name": "Plume2a6",
											"from": [ -2.41, 1.1181, -0.39 ],
											"to": [ -0.41, 3.2181, 0.61 ],
											"autoUnwrap": false,
											"uv": [ 8.0, 1.0 ],
											"rotationOrigin": [ -2.4123, 1.1181, -0.4 ],
											"rotationX": 8.9663,
											"rotationY": -0.7812,
											"rotationZ": 15.0613,
											"faces": {
												"north": { "texture": "#plume", "uv": [ 8.0, 1.0, 10.0, 3.0 ] },
												"east": { "texture": "#plume", "uv": [ 10.5, 1.0, 11.5, 3.0 ] },
												"south": { "texture": "#plume", "uv": [ 12.5, 1.0, 14.5, 3.0 ] },
												"west": { "texture": "#plume", "uv": [ 14.0, 1.0, 15.0, 3.0 ] },
												"up": { "texture": "#plume", "uv": [ 8.5, 0.0, 10.5, 1.0 ] },
												"down": { "texture": "#plume", "uv": [ 11.0, 0.0, 13.0, 1.0 ] }
											}
										}
									]
								},
								{
									"name": "Plume8",
									"from": [ 7.2, -5.7, 0.2 ],
									"to": [ 7.2, -5.7, 0.2 ],
									"uv": [ 0.0, 0.0 ],
									"rotationOrigin": [ 6.8, -4.2, 0.3 ],
									"rotationZ": -94.0,
									"faces": {
										"north": { "texture": "#plume", "uv": [ 0.0, 0.5, 0.5, 1.0 ] },
										"east": { "texture": "#plume", "uv": [ 0.5, 0.5, 1.0, 1.0 ] },
										"south": { "texture": "#plume", "uv": [ 1.0, 0.5, 1.5, 1.0 ] },
										"west": { "texture": "#plume", "uv": [ 1.5, 0.5, 2.0, 1.0 ] },
										"up": { "texture": "#plume", "uv": [ 0.0, 0.0, 0.5, 0.5 ] },
										"down": { "texture": "#plume", "uv": [ 0.5, 0.0, 1.0, 0.5 ] }
									},
									"children": [
										{
											"name": "Plume2b7",
											"from": [ -2.43, 0.92, -0.49 ],
											"to": [ -0.73, 2.52, 0.51 ],
											"autoUnwrap": false,
											"uv": [ 8.0, 1.0 ],
											"rotationOrigin": [ -2.4337, 0.9193, -0.4 ],
											"rotationX": -8.9663,
											"rotationY": 0.7812,
											"rotationZ": 15.0613,
											"faces": {
												"north": { "texture": "#plume", "uv": [ 8.0, 1.0, 9.5, 2.5 ] },
												"east": { "texture": "#plume", "uv": [ 10.5, 1.0, 11.5, 2.5 ] },
												"south": { "texture": "#plume", "uv": [ 11.5, 1.0, 13.0, 2.5 ] },
												"west": { "texture": "#plume", "uv": [ 14.0, 1.0, 15.0, 2.5 ] },
												"up": { "texture": "#plume", "uv": [ 8.5, 0.0, 10.0, 1.0 ] },
												"down": { "texture": "#plume", "uv": [ 11.0, 0.0, 12.5, 1.0 ] }
											}
										},
										{
											"name": "Plume2a7",
											"from": [ -2.41, 1.1181, -0.39 ],
											"to": [ -0.71, 2.7181, 0.61 ],
											"autoUnwrap": false,
											"uv": [ 8.0, 1.0 ],
											"rotationOrigin": [ -2.4123, 1.1181, -0.4 ],
											"rotationX": 8.9663,
											"rotationY": -0.7812,
											"rotationZ": 15.0613,
											"faces": {
												"north": { "texture": "#plume", "uv": [ 8.0, 1.0, 9.5, 2.5 ] },
												"east": { "texture": "#plume", "uv": [ 10.5, 1.0, 11.5, 2.5 ] },
												"south": { "texture": "#plume", "uv": [ 12.5, 1.0, 14.0, 2.5 ] },
												"west": { "texture": "#plume", "uv": [ 14.0, 1.0, 15.0, 2.5 ] },
												"up": { "texture": "#plume", "uv": [ 8.5, 0.0, 10.0, 1.0 ] },
												"down": { "texture": "#plume", "uv": [ 11.0, 0.0, 12.5, 1.0 ] }
											}
										}
									]
								},
								{
									"name": "Plume9",
									"from": [ 6.6, -3.9, 0.2 ],
									"to": [ 6.6, -3.9, 0.2 ],
									"uv": [ 0.0, 0.0 ],
									"rotationOrigin": [ 6.2, -2.4, 0.3 ],
									"rotationZ": -215.0,
									"faces": {
										"north": { "texture": "#plume", "uv": [ 0.0, 0.5, 0.5, 1.0 ] },
										"east": { "texture": "#plume", "uv": [ 0.5, 0.5, 1.0, 1.0 ] },
										"south": { "texture": "#plume", "uv": [ 1.0, 0.5, 1.5, 1.0 ] },
										"west": { "texture": "#plume", "uv": [ 1.5, 0.5, 2.0, 1.0 ] },
										"up": { "texture": "#plume", "uv": [ 0.0, 0.0, 0.5, 0.5 ] },
										"down": { "texture": "#plume", "uv": [ 0.5, 0.0, 1.0, 0.5 ] }
									},
									"children": [
										{
											"name": "Plume2b8",
											"from": [ -2.43, 0.92, -0.49 ],
											"to": [ -1.23, 2.12, 0.51 ],
											"autoUnwrap": false,
											"uv": [ 8.0, 1.0 ],
											"rotationOrigin": [ -2.4337, 0.9193, -0.4 ],
											"rotationX": -8.9663,
											"rotationY": 0.7812,
											"rotationZ": 15.0613,
											"faces": {
												"north": { "texture": "#plume", "uv": [ 8.0, 7.0, 9.0, 8.0 ] },
												"east": { "texture": "#plume", "uv": [ 10.5, 1.0, 11.5, 2.0 ] },
												"south": { "texture": "#plume", "uv": [ 11.5, 1.0, 12.5, 2.0 ] },
												"west": { "texture": "#plume", "uv": [ 14.0, 7.0, 12.0, 8.0 ], "autoUv": false },
												"up": { "texture": "#plume", "uv": [ 8.5, 0.0, 9.5, 1.0 ] },
												"down": { "texture": "#plume", "uv": [ 11.0, 0.0, 12.0, 1.0 ] }
											}
										},
										{
											"name": "Plume2a8",
											"from": [ -2.41, 1.1181, -0.39 ],
											"to": [ -1.21, 2.3181, 0.61 ],
											"autoUnwrap": false,
											"uv": [ 8.0, 1.0 ],
											"rotationOrigin": [ -2.4123, 1.1181, -0.4 ],
											"rotationX": 8.9663,
											"rotationY": -0.7812,
											"rotationZ": 15.0613,
											"faces": {
												"north": { "texture": "#plume", "uv": [ 8.0, 1.0, 9.0, 2.0 ] },
												"east": { "texture": "#plume", "uv": [ 10.5, 1.0, 11.5, 2.0 ] },
												"south": { "texture": "#plume", "uv": [ 11.5, 1.0, 12.5, 2.0 ] },
												"west": { "texture": "#plume", "uv": [ 13.8, 7.9, 16.1, 7.1 ], "autoUv": false },
												"up": { "texture": "#plume", "uv": [ 8.5, 0.0, 9.5, 1.0 ] },
												"down": { "texture": "#plume", "uv": [ 11.0, 0.0, 12.0, 1.0 ] }
											}
										}
									]
								}
							]
						}
					]
				}
			]
		},
		{
			"name": "ArmorNeck",
			"stepParentName": "Neck",
			"from": [ -0.3, 0.6, -0.3 ],
			"to": [ 3.3, 2.4, 3.3 ],
			"unwrapMode": 4,
			"uv": [ 12.0, 5.5 ],
			"rotationOrigin": [ -0.3, 2.6, -0.3 ],
			"faces": {
				"north": { "texture": "#templarhead", "uv": [ 12.0, 5.5, 15.5, 7.0 ] },
				"east": { "texture": "#templarhead", "uv": [ 22.5, 5.5, 26.0, 7.0 ] },
				"south": { "texture": "#templarhead", "uv": [ 19.0, 5.5, 22.5, 7.0 ] },
				"west": { "texture": "#templarhead", "uv": [ 15.5, 5.5, 19.0, 7.0 ] }
			}
		}
	]}