{
	"editor": {
		"backDropShape": "D:/Hry/Vintagestory121/assets/game/shapes/entity/humanoid/seraph-hairless",
		"collapsedPaths": ",Root/ArmorHelmet/ArmorHelmetTop/WingBaseR/WingR2/WingR14,Root/ArmorHelmet/ArmorHelmetTop/WingBaseR/WingR2,Root/ArmorHelmet/ArmorHelmetTop/WingBaseR/WingR2/WingR3/WingR4,Root/ArmorHelmet/ArmorHelmetTop/WingBaseR2,Root/ArmorHelmet/ArmorHelmetTop/WingBaseR/WingR2/WingR9,Root/ArmorHelmet/ArmorHelmetTop/WingBaseR/WingR2/WingR3/WingR4/WingR5,Root/ArmorHelmet/ArmorHelmetTop/WingBaseR/WingR2/WingR3",
		"allAngles": true,
		"entityTextureMode": true
	},
	"textureWidth": 64,
	"textureHeight": 64,
	"textureSizes": {
	},
	"textures": {
			"templarhead": "armor/entity/templar_helmets_steel",
			"plume": "block/plume/plumered",
			"plain": "game:block/cloth/linen/plain"
	},
	"elements": [
		{
			"name": "ArmorHelmet",
			"stepParentName": "Head",
			"from": [ -0.4, 0.0, -0.6 ],
			"to": [ 5.9, 6.3, 5.7 ],
			"unwrapMode": 4,
			"uv": [ 27.0, 14.5 ],
			"rotationOrigin": [ -0.4, 0.0, -0.6 ],
			"faces": {
				"north": { "texture": "#templarhead", "uv": [ 27.0, 20.5, 33.0, 26.5 ] },
				"east": { "texture": "#templarhead", "uv": [ 45.0, 20.5, 51.0, 26.5 ] },
				"south": { "texture": "#templarhead", "uv": [ 39.0, 20.5, 45.0, 26.5 ] },
				"west": { "texture": "#templarhead", "uv": [ 33.0, 20.5, 39.0, 26.5 ] },
				"up": { "texture": "#templarhead", "uv": [ 33.0, 14.5, 39.0, 20.5 ], "rotation": 90 },
				"down": { "texture": "#templarhead", "uv": [ 33.0, 26.5, 39.0, 32.5 ], "rotation": 90 }
			},
			"children": [
				{
					"name": "ArmorHelmetTop",
					"from": [ 0.5, 6.0, 0.5 ],
					"to": [ 5.6, 6.9, 5.8 ],
					"autoUnwrap": false,
					"uv": [ 41.0, 28.5 ],
					"rotationOrigin": [ 0.5, 6.0, 0.5 ],
					"faces": {
						"north": { "texture": "#templarhead", "uv": [ 45.5, 21.0, 50.5, 21.5 ] },
						"east": { "texture": "#templarhead", "uv": [ 46.5, 21.5, 51.5, 22.0 ] },
						"south": { "texture": "#templarhead", "uv": [ 45.5, 25.5, 50.5, 26.0 ] },
						"west": { "texture": "#templarhead", "uv": [ 33.5, 15.0, 38.5, 15.5 ] },
						"up": { "texture": "#templarhead", "uv": [ 45.5, 21.0, 50.5, 26.0 ] }
					},
					"children": [
						{
							"name": "WingBaseR",
							"from": [ 2.3, -1.3, -1.1 ],
							"to": [ 3.3, 0.2, -0.4 ],
							"uv": [ 12.5, 20.9 ],
							"rotationOrigin": [ 2.3, -1.3, -1.1 ],
							"faces": {
								"north": { "texture": "#plume", "uv": [ 12.5, 21.5, 13.5, 23.0 ] },
								"east": { "texture": "#plume", "uv": [ 13.5, 21.5, 14.0, 23.0 ] },
								"south": { "texture": "#plume", "uv": [ 14.0, 21.5, 15.0, 23.0 ] },
								"west": { "texture": "#plume", "uv": [ 15.0, 21.5, 15.5, 23.0 ] },
								"up": { "texture": "#plume", "uv": [ 12.5, 21.0, 13.5, 21.5 ] },
								"down": { "texture": "#plume", "uv": [ 13.5, 21.0, 14.5, 21.5 ] }
							},
							"children": [
								{
									"name": "WingR2",
									"from": [ 0.2, 0.7, -1.2 ],
									"to": [ 0.8, 1.7, 0.6 ],
									"uv": [ 21.5, 25.5 ],
									"rotationOrigin": [ 0.2, 0.7, -1.2 ],
									"rotationX": 19.0,
									"faces": {
										"north": { "texture": "#templarhead", "uv": [ 21.5, 27.0, 22.0, 28.0 ] },
										"east": { "texture": "#templarhead", "uv": [ 22.0, 27.0, 23.5, 28.0 ] },
										"south": { "texture": "#templarhead", "uv": [ 23.5, 27.0, 24.0, 28.0 ] },
										"west": { "texture": "#templarhead", "uv": [ 24.0, 27.0, 25.5, 28.0 ] },
										"up": { "texture": "#templarhead", "uv": [ 21.5, 25.5, 22.0, 27.0 ] },
										"down": { "texture": "#templarhead", "uv": [ 22.0, 25.5, 22.5, 27.0 ] }
									},
									"children": [
										{
											"name": "WingR3",
											"from": [ 0.01, 0.88, -1.0515 ],
											"to": [ 0.59, 1.88, 0.4485 ],
											"uv": [ 21.0, 26.0 ],
											"rotationOrigin": [ 0.0, 0.9044, -1.1315 ],
											"rotationX": 35.0,
											"faces": {
												"north": { "texture": "#templarhead", "uv": [ 21.0, 27.5, 21.5, 28.5 ] },
												"east": { "texture": "#templarhead", "uv": [ 21.5, 27.5, 23.0, 28.5 ] },
												"south": { "texture": "#templarhead", "uv": [ 23.0, 27.5, 23.5, 28.5 ] },
												"west": { "texture": "#templarhead", "uv": [ 23.5, 27.5, 25.0, 28.5 ] },
												"up": { "texture": "#templarhead", "uv": [ 21.0, 26.0, 21.5, 27.5 ] },
												"down": { "texture": "#templarhead", "uv": [ 21.5, 26.0, 22.0, 27.5 ] }
											},
											"children": [
												{
													"name": "WingR4",
													"from": [ -0.01, 0.9215, -1.7863 ],
													"to": [ 0.59, 1.9215, 0.2137 ],
													"uv": [ 20.5, 25.0 ],
													"rotationOrigin": [ -0.01, 0.9415, -1.8663 ],
													"rotationX": 27.0,
													"faces": {
														"north": { "texture": "#templarhead", "uv": [ 20.5, 27.0, 21.0, 28.0 ] },
														"east": { "texture": "#templarhead", "uv": [ 21.0, 27.0, 23.0, 28.0 ] },
														"south": { "texture": "#templarhead", "uv": [ 23.0, 27.0, 23.5, 28.0 ] },
														"west": { "texture": "#templarhead", "uv": [ 23.5, 27.0, 25.5, 28.0 ] },
														"up": { "texture": "#templarhead", "uv": [ 20.5, 25.0, 21.0, 27.0 ] },
														"down": { "texture": "#templarhead", "uv": [ 21.0, 25.0, 21.5, 27.0 ] }
													},
													"children": [
														{
															"name": "WingR5",
															"from": [ 0.01, 0.8948, -1.8164 ],
															"to": [ 0.59, 1.8948, 0.1836 ],
															"uv": [ 19.5, 24.5 ],
															"rotationOrigin": [ 0.0, 0.9148, -1.8964 ],
															"rotationX": 24.0,
															"faces": {
																"north": { "texture": "#templarhead", "uv": [ 19.5, 26.5, 20.0, 27.5 ] },
																"east": { "texture": "#templarhead", "uv": [ 20.0, 26.5, 22.0, 27.5 ] },
																"south": { "texture": "#templarhead", "uv": [ 22.0, 26.5, 22.5, 27.5 ] },
																"west": { "texture": "#templarhead", "uv": [ 22.5, 26.5, 24.5, 27.5 ] },
																"up": { "texture": "#templarhead", "uv": [ 19.5, 24.5, 20.0, 26.5 ] },
																"down": { "texture": "#templarhead", "uv": [ 20.0, 24.5, 20.5, 26.5 ] }
															},
															"children": [
																{
																	"name": "WingR6",
																	"from": [ -0.01, 1.04, -1.71 ],
																	"to": [ 0.59, 2.04, 0.29 ],
																	"uv": [ 18.0, 25.0 ],
																	"rotationOrigin": [ -0.01, 1.0595, -1.7872 ],
																	"rotationX": 30.0,
																	"faces": {
																		"north": { "texture": "#templarhead", "uv": [ 18.0, 27.0, 18.5, 28.0 ] },
																		"east": { "texture": "#templarhead", "uv": [ 18.5, 27.0, 20.5, 28.0 ] },
																		"south": { "texture": "#templarhead", "uv": [ 20.5, 27.0, 21.0, 28.0 ] },
																		"west": { "texture": "#templarhead", "uv": [ 21.0, 27.0, 23.0, 28.0 ] },
																		"up": { "texture": "#templarhead", "uv": [ 18.0, 25.0, 18.5, 27.0 ] },
																		"down": { "texture": "#templarhead", "uv": [ 18.5, 25.0, 19.0, 27.0 ] }
																	}
																}
															]
														}
													]
												}
											]
										},
										{
											"name": "WingR14",
											"from": [ -0.1, 1.6833, -2.1567 ],
											"to": [ 0.7, 3.6833, -1.1567 ],
											"uv": [ 6.5, 21.0 ],
											"rotationOrigin": [ -0.1, 3.6833, -2.1567 ],
											"rotationX": 80.0,
											"faces": {
												"north": { "texture": "#plume", "uv": [ 6.5, 22.0, 7.0, 24.0 ] },
												"east": { "texture": "#plume", "uv": [ 7.0, 22.0, 8.0, 24.0 ] },
												"south": { "texture": "#plume", "uv": [ 8.0, 22.0, 8.5, 24.0 ] },
												"west": { "texture": "#plume", "uv": [ 8.5, 22.0, 9.5, 24.0 ] },
												"up": { "texture": "#plume", "uv": [ 6.5, 21.0, 7.0, 22.0 ] },
												"down": { "texture": "#plume", "uv": [ 7.0, 21.0, 7.5, 22.0 ] }
											},
											"children": [
												{
													"name": "WingR18",
													"from": [ 0.0, 1.2363, -1.9612 ],
													"to": [ 0.8, 3.2363, -0.9612 ],
													"uv": [ 9.5, 22.5 ],
													"rotationOrigin": [ 0.0, 3.2363, -1.9612 ],
													"rotationX": 40.0,
													"faces": {
														"north": { "texture": "#plume", "uv": [ 9.5, 23.5, 10.0, 25.5 ] },
														"east": { "texture": "#plume", "uv": [ 10.0, 23.5, 11.0, 25.5 ] },
														"south": { "texture": "#plume", "uv": [ 11.0, 23.5, 11.5, 25.5 ] },
														"west": { "texture": "#plume", "uv": [ 11.5, 23.5, 12.5, 25.5 ] },
														"up": { "texture": "#plume", "uv": [ 9.5, 22.5, 10.0, 23.5 ] },
														"down": { "texture": "#plume", "uv": [ 10.0, 22.5, 10.5, 23.5 ] }
													}
												},
												{
													"name": "WingR16",
													"from": [ 0.0, 0.4436, -1.1192 ],
													"to": [ 0.8, 2.4436, -0.1192 ],
													"uv": [ 3.5, 21.0 ],
													"rotationOrigin": [ 0.0, 2.4436, -1.1192 ],
													"rotationX": 20.0,
													"faces": {
														"north": { "texture": "#plume", "uv": [ 3.5, 22.0, 4.0, 24.0 ] },
														"east": { "texture": "#plume", "uv": [ 4.0, 22.0, 5.0, 24.0 ] },
														"south": { "texture": "#plume", "uv": [ 5.0, 22.0, 5.5, 24.0 ] },
														"west": { "texture": "#plume", "uv": [ 5.5, 22.0, 6.5, 24.0 ] },
														"up": { "texture": "#plume", "uv": [ 3.5, 21.0, 4.0, 22.0 ] },
														"down": { "texture": "#plume", "uv": [ 4.0, 21.0, 4.5, 22.0 ] }
													}
												},
												{
													"name": "WingR10",
													"from": [ 0.0, 0.4472, 2.3974 ],
													"to": [ 0.8, 2.4472, 3.3974 ],
													"uv": [ 0.0, 21.0 ],
													"rotationOrigin": [ 0.0, 2.4472, 2.3974 ],
													"rotationX": -40.0,
													"faces": {
														"north": { "texture": "#plume", "uv": [ 0.0, 22.0, 0.5, 24.0 ] },
														"east": { "texture": "#plume", "uv": [ 0.5, 22.0, 1.5, 24.0 ] },
														"south": { "texture": "#plume", "uv": [ 1.5, 22.0, 2.0, 24.0 ] },
														"west": { "texture": "#plume", "uv": [ 2.0, 22.0, 3.0, 24.0 ] },
														"up": { "texture": "#plume", "uv": [ 0.0, 21.0, 0.5, 22.0 ] },
														"down": { "texture": "#plume", "uv": [ 0.5, 21.0, 1.0, 22.0 ] }
													}
												},
												{
													"name": "WingR8",
													"from": [ 0.0, 1.1947, 3.3411 ],
													"to": [ 0.8, 3.1947, 4.3411 ],
													"uv": [ 0.0, 21.0 ],
													"rotationOrigin": [ 0.0, 3.1947, 3.3411 ],
													"rotationX": -60.0,
													"faces": {
														"north": { "texture": "#plume", "uv": [ 0.0, 22.0, 0.5, 24.0 ] },
														"east": { "texture": "#plume", "uv": [ 0.5, 22.0, 1.5, 24.0 ] },
														"south": { "texture": "#plume", "uv": [ 1.5, 22.0, 2.0, 24.0 ] },
														"west": { "texture": "#plume", "uv": [ 2.0, 22.0, 3.0, 24.0 ] },
														"up": { "texture": "#plume", "uv": [ 0.0, 21.0, 0.5, 22.0 ] },
														"down": { "texture": "#plume", "uv": [ 0.5, 21.0, 1.0, 22.0 ] }
													}
												},
												{
													"name": "WingR12",
													"from": [ 0.0, -0.0219, 1.1678 ],
													"to": [ 0.8, 1.9781, 2.1678 ],
													"uv": [ 0.0, 21.0 ],
													"rotationOrigin": [ 0.0, 1.9781, 1.1678 ],
													"rotationX": -20.0,
													"faces": {
														"north": { "texture": "#plume", "uv": [ 0.0, 22.0, 0.5, 24.0 ] },
														"east": { "texture": "#plume", "uv": [ 0.5, 22.0, 1.5, 24.0 ] },
														"south": { "texture": "#plume", "uv": [ 1.5, 22.0, 2.0, 24.0 ] },
														"west": { "texture": "#plume", "uv": [ 2.0, 22.0, 3.0, 24.0 ] },
														"up": { "texture": "#plume", "uv": [ 0.0, 21.0, 0.5, 22.0 ] },
														"down": { "texture": "#plume", "uv": [ 0.5, 21.0, 1.0, 22.0 ] }
													}
												}
											]
										},
										{
											"name": "WingR9",
											"from": [ 0.1, -0.9996, -0.8 ],
											"to": [ 0.5, 1.0004, 0.1 ],
											"uv": [ 0.0, 3.0 ],
											"rotationOrigin": [ 0.1, 1.0004, -0.8 ],
											"rotationX": 30.0,
											"faces": {
												"north": { "texture": "#plain", "uv": [ 0.0, 3.5, 0.5, 5.5 ] },
												"east": { "texture": "#plain", "uv": [ 0.5, 3.5, 1.0, 5.5 ] },
												"south": { "texture": "#plain", "uv": [ 1.0, 3.5, 1.5, 5.5 ] },
												"west": { "texture": "#plain", "uv": [ 1.5, 3.5, 2.0, 5.5 ] },
												"up": { "texture": "#plain", "uv": [ 0.0, 3.0, 0.5, 3.5 ] },
												"down": { "texture": "#plain", "uv": [ 0.5, 3.0, 1.0, 3.5 ] }
											},
											"children": [
												{
													"name": "WingR7",
													"from": [ 0.0, 0.0983, 1.9062 ],
													"to": [ 0.4, 2.0983, 2.8062 ],
													"uv": [ 0.0, 0.0 ],
													"rotationOrigin": [ 0.0, 0.0983, 1.9062 ],
													"rotationX": -20.0,
													"faces": {
														"north": { "texture": "#plain", "uv": [ 0.0, 0.5, 0.5, 2.5 ] },
														"east": { "texture": "#plain", "uv": [ 0.5, 0.5, 1.0, 2.5 ] },
														"south": { "texture": "#plain", "uv": [ 1.0, 0.5, 1.5, 2.5 ] },
														"west": { "texture": "#plain", "uv": [ 1.5, 0.5, 2.0, 2.5 ] },
														"up": { "texture": "#plain", "uv": [ 0.0, 0.0, 0.5, 0.5 ] },
														"down": { "texture": "#plain", "uv": [ 0.5, 0.0, 1.0, 0.5 ] }
													}
												},
												{
													"name": "WingR11",
													"from": [ 0.0, 0.5178, -1.8691 ],
													"to": [ 0.4, 2.5178, -0.9691 ],
													"uv": [ 0.0, 0.0 ],
													"rotationOrigin": [ 0.0, 0.5178, -1.8691 ],
													"rotationX": 20.0,
													"faces": {
														"north": { "texture": "#plain", "uv": [ 0.0, 0.5, 0.5, 2.5 ] },
														"east": { "texture": "#plain", "uv": [ 0.5, 0.5, 1.0, 2.5 ] },
														"south": { "texture": "#plain", "uv": [ 1.0, 0.5, 1.5, 2.5 ] },
														"west": { "texture": "#plain", "uv": [ 1.5, 0.5, 2.0, 2.5 ] },
														"up": { "texture": "#plain", "uv": [ 0.0, 0.0, 0.5, 0.5 ] },
														"down": { "texture": "#plain", "uv": [ 0.5, 0.0, 1.0, 0.5 ] }
													}
												},
												{
													"name": "WingR13",
													"from": [ 0.0, 1.1998, -2.107 ],
													"to": [ 0.4, 3.1998, -1.207 ],
													"uv": [ 0.0, 0.0 ],
													"rotationOrigin": [ 0.0, 3.1998, -2.107 ],
													"rotationX": 40.0,
													"faces": {
														"north": { "texture": "#plain", "uv": [ 0.0, 0.5, 0.5, 2.5 ] },
														"east": { "texture": "#plain", "uv": [ 0.5, 0.5, 1.0, 2.5 ] },
														"south": { "texture": "#plain", "uv": [ 1.0, 0.5, 1.5, 2.5 ] },
														"west": { "texture": "#plain", "uv": [ 1.5, 0.5, 2.0, 2.5 ] },
														"up": { "texture": "#plain", "uv": [ 0.0, 0.0, 0.5, 0.5 ] },
														"down": { "texture": "#plain", "uv": [ 0.5, 0.0, 1.0, 0.5 ] }
													}
												},
												{
													"name": "WingR15",
													"from": [ 0.0, 2.1915, -2.6628 ],
													"to": [ 0.4, 4.1915, -1.7628 ],
													"uv": [ 0.0, 0.0 ],
													"rotationOrigin": [ 0.0, 4.1915, -2.6628 ],
													"rotationX": 60.0,
													"faces": {
														"north": { "texture": "#plain", "uv": [ 0.0, 0.5, 0.5, 2.5 ] },
														"east": { "texture": "#plain", "uv": [ 0.5, 0.5, 1.0, 2.5 ] },
														"south": { "texture": "#plain", "uv": [ 1.0, 0.5, 1.5, 2.5 ] },
														"west": { "texture": "#plain", "uv": [ 1.5, 0.5, 2.0, 2.5 ] },
														"up": { "texture": "#plain", "uv": [ 0.0, 0.0, 0.5, 0.5 ] },
														"down": { "texture": "#plain", "uv": [ 0.5, 0.0, 1.0, 0.5 ] }
													}
												},
												{
													"name": "WingR17",
													"from": [ 0.0, 4.9078, -4.7947 ],
													"to": [ 0.4, 6.9078, -3.8947 ],
													"uv": [ 6.0, 1.0 ],
													"rotationOrigin": [ 0.0, 4.9078, -4.7947 ],
													"rotationX": 80.0,
													"faces": {
														"north": { "texture": "#plain", "uv": [ 6.0, 1.5, 6.5, 3.5 ] },
														"east": { "texture": "#plain", "uv": [ 6.5, 1.5, 7.0, 3.5 ] },
														"south": { "texture": "#plain", "uv": [ 7.0, 1.5, 7.5, 3.5 ] },
														"west": { "texture": "#plain", "uv": [ 7.5, 1.5, 8.0, 3.5 ] },
														"up": { "texture": "#plain", "uv": [ 6.0, 1.0, 6.5, 1.5 ] },
														"down": { "texture": "#plain", "uv": [ 6.5, 1.0, 7.0, 1.5 ] }
													}
												},
												{
													"name": "WingR19",
													"from": [ 0.0, 4.4548, -2.5908 ],
													"to": [ 0.4, 6.4548, -1.6908 ],
													"uv": [ 0.0, 0.0 ],
													"rotationOrigin": [ 0.0, 6.4548, -2.5908 ],
													"rotationX": 100.0,
													"faces": {
														"north": { "texture": "#plain", "uv": [ 0.0, 0.5, 0.5, 2.5 ] },
														"east": { "texture": "#plain", "uv": [ 0.5, 0.5, 1.0, 2.5 ] },
														"south": { "texture": "#plain", "uv": [ 1.0, 0.5, 1.5, 2.5 ] },
														"west": { "texture": "#plain", "uv": [ 1.5, 0.5, 2.0, 2.5 ] },
														"up": { "texture": "#plain", "uv": [ 0.0, 0.0, 0.5, 0.5 ] },
														"down": { "texture": "#plain", "uv": [ 0.5, 0.0, 1.0, 0.5 ] }
													}
												}
											]
										}
									]
								}
							]
						},
						{
							"name": "WingBaseR2",
							"from": [ 3.3, -1.3, 6.4 ],
							"to": [ 4.3, 0.2, 7.1 ],
							"uv": [ 12.5, 20.9 ],
							"rotationOrigin": [ 3.3, -1.3, 6.4 ],
							"rotationY": 180.0,
							"faces": {
								"north": { "texture": "#plume", "uv": [ 12.5, 21.5, 13.5, 23.0 ] },
								"east": { "texture": "#plume", "uv": [ 13.5, 21.5, 14.0, 23.0 ] },
								"south": { "texture": "#plume", "uv": [ 14.0, 21.5, 15.0, 23.0 ] },
								"west": { "texture": "#plume", "uv": [ 15.0, 21.5, 15.5, 23.0 ] },
								"up": { "texture": "#plume", "uv": [ 12.5, 21.0, 13.5, 21.5 ] },
								"down": { "texture": "#plume", "uv": [ 13.5, 21.0, 14.5, 21.5 ] }
							},
							"children": [
								{
									"name": "WingR20",
									"from": [ 0.2, 0.7, -1.2 ],
									"to": [ 0.8, 1.7, 0.6 ],
									"uv": [ 21.5, 25.5 ],
									"rotationOrigin": [ 0.2, 0.7, -1.2 ],
									"rotationX": 19.0,
									"faces": {
										"north": { "texture": "#templarhead", "uv": [ 21.5, 27.0, 22.0, 28.0 ] },
										"east": { "texture": "#templarhead", "uv": [ 22.0, 27.0, 23.5, 28.0 ] },
										"south": { "texture": "#templarhead", "uv": [ 23.5, 27.0, 24.0, 28.0 ] },
										"west": { "texture": "#templarhead", "uv": [ 24.0, 27.0, 25.5, 28.0 ] },
										"up": { "texture": "#templarhead", "uv": [ 21.5, 25.5, 22.0, 27.0 ] },
										"down": { "texture": "#templarhead", "uv": [ 22.0, 25.5, 22.5, 27.0 ] }
									},
									"children": [
										{
											"name": "WingR21",
											"from": [ 0.01, 0.88, -1.0515 ],
											"to": [ 0.59, 1.88, 0.4485 ],
											"uv": [ 21.0, 26.0 ],
											"rotationOrigin": [ 0.0, 0.9044, -1.1315 ],
											"rotationX": 35.0,
											"faces": {
												"north": { "texture": "#templarhead", "uv": [ 21.0, 27.5, 21.5, 28.5 ] },
												"east": { "texture": "#templarhead", "uv": [ 21.5, 27.5, 23.0, 28.5 ] },
												"south": { "texture": "#templarhead", "uv": [ 23.0, 27.5, 23.5, 28.5 ] },
												"west": { "texture": "#templarhead", "uv": [ 23.5, 27.5, 25.0, 28.5 ] },
												"up": { "texture": "#templarhead", "uv": [ 21.0, 26.0, 21.5, 27.5 ] },
												"down": { "texture": "#templarhead", "uv": [ 21.5, 26.0, 22.0, 27.5 ] }
											},
											"children": [
												{
													"name": "WingR22",
													"from": [ -0.01, 0.9215, -1.7863 ],
													"to": [ 0.59, 1.9215, 0.2137 ],
													"uv": [ 20.5, 25.0 ],
													"rotationOrigin": [ -0.01, 0.9415, -1.8663 ],
													"rotationX": 27.0,
													"faces": {
														"north": { "texture": "#templarhead", "uv": [ 20.5, 27.0, 21.0, 28.0 ] },
														"east": { "texture": "#templarhead", "uv": [ 21.0, 27.0, 23.0, 28.0 ] },
														"south": { "texture": "#templarhead", "uv": [ 23.0, 27.0, 23.5, 28.0 ] },
														"west": { "texture": "#templarhead", "uv": [ 23.5, 27.0, 25.5, 28.0 ] },
														"up": { "texture": "#templarhead", "uv": [ 20.5, 25.0, 21.0, 27.0 ] },
														"down": { "texture": "#templarhead", "uv": [ 21.0, 25.0, 21.5, 27.0 ] }
													},
													"children": [
														{
															"name": "WingR23",
															"from": [ 0.01, 0.8948, -1.8164 ],
															"to": [ 0.59, 1.8948, 0.1836 ],
															"uv": [ 19.5, 24.5 ],
															"rotationOrigin": [ 0.0, 0.9148, -1.8964 ],
															"rotationX": 24.0,
															"faces": {
																"north": { "texture": "#templarhead", "uv": [ 19.5, 26.5, 20.0, 27.5 ] },
																"east": { "texture": "#templarhead", "uv": [ 20.0, 26.5, 22.0, 27.5 ] },
																"south": { "texture": "#templarhead", "uv": [ 22.0, 26.5, 22.5, 27.5 ] },
																"west": { "texture": "#templarhead", "uv": [ 22.5, 26.5, 24.5, 27.5 ] },
																"up": { "texture": "#templarhead", "uv": [ 19.5, 24.5, 20.0, 26.5 ] },
																"down": { "texture": "#templarhead", "uv": [ 20.0, 24.5, 20.5, 26.5 ] }
															},
															"children": [
																{
																	"name": "WingR24",
																	"from": [ -0.01, 1.04, -1.71 ],
																	"to": [ 0.59, 2.04, 0.29 ],
																	"uv": [ 18.0, 25.0 ],
																	"rotationOrigin": [ -0.01, 1.0595, -1.7872 ],
																	"rotationX": 30.0,
																	"faces": {
																		"north": { "texture": "#templarhead", "uv": [ 18.0, 27.0, 18.5, 28.0 ] },
																		"east": { "texture": "#templarhead", "uv": [ 18.5, 27.0, 20.5, 28.0 ] },
																		"south": { "texture": "#templarhead", "uv": [ 20.5, 27.0, 21.0, 28.0 ] },
																		"west": { "texture": "#templarhead", "uv": [ 21.0, 27.0, 23.0, 28.0 ] },
																		"up": { "texture": "#templarhead", "uv": [ 18.0, 25.0, 18.5, 27.0 ] },
																		"down": { "texture": "#templarhead", "uv": [ 18.5, 25.0, 19.0, 27.0 ] }
																	}
																}
															]
														}
													]
												}
											]
										},
										{
											"name": "WingR25",
											"from": [ -0.1, 1.6833, -2.1567 ],
											"to": [ 0.7, 3.6833, -1.1567 ],
											"uv": [ 6.5, 21.0 ],
											"rotationOrigin": [ -0.1, 3.6833, -2.1567 ],
											"rotationX": 80.0,
											"faces": {
												"north": { "texture": "#plume", "uv": [ 6.5, 22.0, 7.0, 24.0 ] },
												"east": { "texture": "#plume", "uv": [ 7.0, 22.0, 8.0, 24.0 ] },
												"south": { "texture": "#plume", "uv": [ 8.0, 22.0, 8.5, 24.0 ] },
												"west": { "texture": "#plume", "uv": [ 8.5, 22.0, 9.5, 24.0 ] },
												"up": { "texture": "#plume", "uv": [ 6.5, 21.0, 7.0, 22.0 ] },
												"down": { "texture": "#plume", "uv": [ 7.0, 21.0, 7.5, 22.0 ] }
											},
											"children": [
												{
													"name": "WingR26",
													"from": [ 0.0, 1.2363, -1.9612 ],
													"to": [ 0.8, 3.2363, -0.9612 ],
													"uv": [ 9.5, 22.5 ],
													"rotationOrigin": [ 0.0, 3.2363, -1.9612 ],
													"rotationX": 40.0,
													"faces": {
														"north": { "texture": "#plume", "uv": [ 9.5, 23.5, 10.0, 25.5 ] },
														"east": { "texture": "#plume", "uv": [ 10.0, 23.5, 11.0, 25.5 ] },
														"south": { "texture": "#plume", "uv": [ 11.0, 23.5, 11.5, 25.5 ] },
														"west": { "texture": "#plume", "uv": [ 11.5, 23.5, 12.5, 25.5 ] },
														"up": { "texture": "#plume", "uv": [ 9.5, 22.5, 10.0, 23.5 ] },
														"down": { "texture": "#plume", "uv": [ 10.0, 22.5, 10.5, 23.5 ] }
													}
												},
												{
													"name": "WingR27",
													"from": [ 0.0, 0.4436, -1.1192 ],
													"to": [ 0.8, 2.4436, -0.1192 ],
													"uv": [ 3.5, 21.0 ],
													"rotationOrigin": [ 0.0, 2.4436, -1.1192 ],
													"rotationX": 20.0,
													"faces": {
														"north": { "texture": "#plume", "uv": [ 3.5, 22.0, 4.0, 24.0 ] },
														"east": { "texture": "#plume", "uv": [ 4.0, 22.0, 5.0, 24.0 ] },
														"south": { "texture": "#plume", "uv": [ 5.0, 22.0, 5.5, 24.0 ] },
														"west": { "texture": "#plume", "uv": [ 5.5, 22.0, 6.5, 24.0 ] },
														"up": { "texture": "#plume", "uv": [ 3.5, 21.0, 4.0, 22.0 ] },
														"down": { "texture": "#plume", "uv": [ 4.0, 21.0, 4.5, 22.0 ] }
													}
												},
												{
													"name": "WingR28",
													"from": [ 0.0, 0.4472, 2.3974 ],
													"to": [ 0.8, 2.4472, 3.3974 ],
													"uv": [ 0.0, 21.0 ],
													"rotationOrigin": [ 0.0, 2.4472, 2.3974 ],
													"rotationX": -40.0,
													"faces": {
														"north": { "texture": "#plume", "uv": [ 0.0, 22.0, 0.5, 24.0 ] },
														"east": { "texture": "#plume", "uv": [ 0.5, 22.0, 1.5, 24.0 ] },
														"south": { "texture": "#plume", "uv": [ 1.5, 22.0, 2.0, 24.0 ] },
														"west": { "texture": "#plume", "uv": [ 2.0, 22.0, 3.0, 24.0 ] },
														"up": { "texture": "#plume", "uv": [ 0.0, 21.0, 0.5, 22.0 ] },
														"down": { "texture": "#plume", "uv": [ 0.5, 21.0, 1.0, 22.0 ] }
													}
												},
												{
													"name": "WingR29",
													"from": [ 0.0, 1.1947, 3.3411 ],
													"to": [ 0.8, 3.1947, 4.3411 ],
													"uv": [ 0.0, 21.0 ],
													"rotationOrigin": [ 0.0, 3.1947, 3.3411 ],
													"rotationX": -60.0,
													"faces": {
														"north": { "texture": "#plume", "uv": [ 0.0, 22.0, 0.5, 24.0 ] },
														"east": { "texture": "#plume", "uv": [ 0.5, 22.0, 1.5, 24.0 ] },
														"south": { "texture": "#plume", "uv": [ 1.5, 22.0, 2.0, 24.0 ] },
														"west": { "texture": "#plume", "uv": [ 2.0, 22.0, 3.0, 24.0 ] },
														"up": { "texture": "#plume", "uv": [ 0.0, 21.0, 0.5, 22.0 ] },
														"down": { "texture": "#plume", "uv": [ 0.5, 21.0, 1.0, 22.0 ] }
													}
												},
												{
													"name": "WingR30",
													"from": [ 0.0, -0.0219, 1.1678 ],
													"to": [ 0.8, 1.9781, 2.1678 ],
													"uv": [ 0.0, 21.0 ],
													"rotationOrigin": [ 0.0, 1.9781, 1.1678 ],
													"rotationX": -20.0,
													"faces": {
														"north": { "texture": "#plume", "uv": [ 0.0, 22.0, 0.5, 24.0 ] },
														"east": { "texture": "#plume", "uv": [ 0.5, 22.0, 1.5, 24.0 ] },
														"south": { "texture": "#plume", "uv": [ 1.5, 22.0, 2.0, 24.0 ] },
														"west": { "texture": "#plume", "uv": [ 2.0, 22.0, 3.0, 24.0 ] },
														"up": { "texture": "#plume", "uv": [ 0.0, 21.0, 0.5, 22.0 ] },
														"down": { "texture": "#plume", "uv": [ 0.5, 21.0, 1.0, 22.0 ] }
													}
												}
											]
										},
										{
											"name": "WingR31",
											"from": [ 0.1, -0.9996, -0.8 ],
											"to": [ 0.5, 1.0004, 0.1 ],
											"uv": [ 0.0, 3.0 ],
											"rotationOrigin": [ 0.1, 1.0004, -0.8 ],
											"rotationX": 30.0,
											"faces": {
												"north": { "texture": "#plain", "uv": [ 0.0, 3.5, 0.5, 5.5 ] },
												"east": { "texture": "#plain", "uv": [ 0.5, 3.5, 1.0, 5.5 ] },
												"south": { "texture": "#plain", "uv": [ 1.0, 3.5, 1.5, 5.5 ] },
												"west": { "texture": "#plain", "uv": [ 1.5, 3.5, 2.0, 5.5 ] },
												"up": { "texture": "#plain", "uv": [ 0.0, 3.0, 0.5, 3.5 ] },
												"down": { "texture": "#plain", "uv": [ 0.5, 3.0, 1.0, 3.5 ] }
											},
											"children": [
												{
													"name": "WingR32",
													"from": [ 0.0, 0.0983, 1.9062 ],
													"to": [ 0.4, 2.0983, 2.8062 ],
													"uv": [ 0.0, 0.0 ],
													"rotationOrigin": [ 0.0, 0.0983, 1.9062 ],
													"rotationX": -20.0,
													"faces": {
														"north": { "texture": "#plain", "uv": [ 0.0, 0.5, 0.5, 2.5 ] },
														"east": { "texture": "#plain", "uv": [ 0.5, 0.5, 1.0, 2.5 ] },
														"south": { "texture": "#plain", "uv": [ 1.0, 0.5, 1.5, 2.5 ] },
														"west": { "texture": "#plain", "uv": [ 1.5, 0.5, 2.0, 2.5 ] },
														"up": { "texture": "#plain", "uv": [ 0.0, 0.0, 0.5, 0.5 ] },
														"down": { "texture": "#plain", "uv": [ 0.5, 0.0, 1.0, 0.5 ] }
													}
												},
												{
													"name": "WingR33",
													"from": [ 0.0, 0.5178, -1.8691 ],
													"to": [ 0.4, 2.5178, -0.9691 ],
													"uv": [ 0.0, 0.0 ],
													"rotationOrigin": [ 0.0, 0.5178, -1.8691 ],
													"rotationX": 20.0,
													"faces": {
														"north": { "texture": "#plain", "uv": [ 0.0, 0.5, 0.5, 2.5 ] },
														"east": { "texture": "#plain", "uv": [ 0.5, 0.5, 1.0, 2.5 ] },
														"south": { "texture": "#plain", "uv": [ 1.0, 0.5, 1.5, 2.5 ] },
														"west": { "texture": "#plain", "uv": [ 1.5, 0.5, 2.0, 2.5 ] },
														"up": { "texture": "#plain", "uv": [ 0.0, 0.0, 0.5, 0.5 ] },
														"down": { "texture": "#plain", "uv": [ 0.5, 0.0, 1.0, 0.5 ] }
													}
												},
												{
													"name": "WingR34",
													"from": [ 0.0, 1.1998, -2.107 ],
													"to": [ 0.4, 3.1998, -1.207 ],
													"uv": [ 0.0, 0.0 ],
													"rotationOrigin": [ 0.0, 3.1998, -2.107 ],
													"rotationX": 40.0,
													"faces": {
														"north": { "texture": "#plain", "uv": [ 0.0, 0.5, 0.5, 2.5 ] },
														"east": { "texture": "#plain", "uv": [ 0.5, 0.5, 1.0, 2.5 ] },
														"south": { "texture": "#plain", "uv": [ 1.0, 0.5, 1.5, 2.5 ] },
														"west": { "texture": "#plain", "uv": [ 1.5, 0.5, 2.0, 2.5 ] },
														"up": { "texture": "#plain", "uv": [ 0.0, 0.0, 0.5, 0.5 ] },
														"down": { "texture": "#plain", "uv": [ 0.5, 0.0, 1.0, 0.5 ] }
													}
												},
												{
													"name": "WingR35",
													"from": [ 0.0, 2.1915, -2.6628 ],
													"to": [ 0.4, 4.1915, -1.7628 ],
													"uv": [ 0.0, 0.0 ],
													"rotationOrigin": [ 0.0, 4.1915, -2.6628 ],
													"rotationX": 60.0,
													"faces": {
														"north": { "texture": "#plain", "uv": [ 0.0, 0.5, 0.5, 2.5 ] },
														"east": { "texture": "#plain", "uv": [ 0.5, 0.5, 1.0, 2.5 ] },
														"south": { "texture": "#plain", "uv": [ 1.0, 0.5, 1.5, 2.5 ] },
														"west": { "texture": "#plain", "uv": [ 1.5, 0.5, 2.0, 2.5 ] },
														"up": { "texture": "#plain", "uv": [ 0.0, 0.0, 0.5, 0.5 ] },
														"down": { "texture": "#plain", "uv": [ 0.5, 0.0, 1.0, 0.5 ] }
													}
												},
												{
													"name": "WingR36",
													"from": [ 0.0, 4.9078, -4.7947 ],
													"to": [ 0.4, 6.9078, -3.8947 ],
													"uv": [ 6.0, 1.0 ],
													"rotationOrigin": [ 0.0, 4.9078, -4.7947 ],
													"rotationX": 80.0,
													"faces": {
														"north": { "texture": "#plain", "uv": [ 6.0, 1.5, 6.5, 3.5 ] },
														"east": { "texture": "#plain", "uv": [ 6.5, 1.5, 7.0, 3.5 ] },
														"south": { "texture": "#plain", "uv": [ 7.0, 1.5, 7.5, 3.5 ] },
														"west": { "texture": "#plain", "uv": [ 7.5, 1.5, 8.0, 3.5 ] },
														"up": { "texture": "#plain", "uv": [ 6.0, 1.0, 6.5, 1.5 ] },
														"down": { "texture": "#plain", "uv": [ 6.5, 1.0, 7.0, 1.5 ] }
													}
												},
												{
													"name": "WingR37",
													"from": [ 0.0, 4.4548, -2.5908 ],
													"to": [ 0.4, 6.4548, -1.6908 ],
													"uv": [ 0.0, 0.0 ],
													"rotationOrigin": [ 0.0, 6.4548, -2.5908 ],
													"rotationX": 100.0,
													"faces": {
														"north": { "texture": "#plain", "uv": [ 0.0, 0.5, 0.5, 2.5 ] },
														"east": { "texture": "#plain", "uv": [ 0.5, 0.5, 1.0, 2.5 ] },
														"south": { "texture": "#plain", "uv": [ 1.0, 0.5, 1.5, 2.5 ] },
														"west": { "texture": "#plain", "uv": [ 1.5, 0.5, 2.0, 2.5 ] },
														"up": { "texture": "#plain", "uv": [ 0.0, 0.0, 0.5, 0.5 ] },
														"down": { "texture": "#plain", "uv": [ 0.5, 0.0, 1.0, 0.5 ] }
													}
												}
											]
										}
									]
								}
							]
						}
					]
				},
				{
					"name": "FrontFace1",
					"from": [ -0.1, 0.0, 0.3 ],
					"to": [ 0.8, 4.6, 3.25 ],
					"unwrapMode": 2,
					"autoUnwrap": false,
					"uv": [ 16.5, 32.4 ],
					"rotationOrigin": [ -0.1, 0.0, 0.3 ],
					"rotationY": -20.0,
					"faces": {
						"north": { "texture": "#templarhead", "uv": [ 21.0, 33.5, 21.5, 38.0 ] },
						"south": { "texture": "#templarhead", "uv": [ 21.0, 33.5, 21.5, 38.0 ] },
						"west": { "texture": "#templarhead", "uv": [ 21.0, 33.5, 25.9, 39.5 ], "autoUv": false },
						"up": { "texture": "#templarhead", "uv": [ 21.0, 33.0, 23.5, 33.5 ], "rotation": 270 },
						"down": { "texture": "#templarhead", "uv": [ 22.0, 39.0, 24.5, 39.5 ], "rotation": 270 }
					},
					"children": [
						{
							"name": "FrontFace2",
							"from": [ 1.7187, 0.0, 2.4 ],
							"to": [ 2.6187, 4.6, 5.45 ],
							"unwrapMode": 2,
							"autoUnwrap": false,
							"uv": [ 32.9, 33.3 ],
							"rotationOrigin": [ 1.7187, 0.0, 5.0146 ],
							"rotationY": 40.0,
							"faces": {
								"north": { "texture": "#templarhead", "uv": [ 29.5, 34.0, 30.0, 38.5 ] },
								"south": { "texture": "#templarhead", "uv": [ 29.5, 34.0, 30.0, 38.5 ] },
								"west": { "texture": "#templarhead", "uv": [ 25.1, 33.5, 30.0, 39.5 ], "autoUv": false },
								"up": { "texture": "#templarhead", "uv": [ 27.0, 33.5, 30.0, 34.0 ], "rotation": 270 },
								"down": { "texture": "#templarhead", "uv": [ 27.0, 39.0, 30.0, 39.5 ], "rotation": 270 }
							}
						},
						{
							"name": "ArmorHelmetFront3",
							"from": [ -0.0411, 4.55, 0.0443 ],
							"to": [ 0.8589, 6.55, 2.8443 ],
							"unwrapMode": 4,
							"autoUnwrap": false,
							"uv": [ 21.5, 31.0 ],
							"rotationOrigin": [ -0.0511, 4.5, 0.4443 ],
							"rotationZ": -28.0,
							"faces": {
								"north": { "texture": "#templarhead", "uv": [ 21.5, 31.5, 22.0, 33.5 ] },
								"south": { "texture": "#templarhead", "uv": [ 24.5, 31.5, 25.0, 33.5 ] },
								"west": { "texture": "#templarhead", "uv": [ 21.1, 30.4, 25.4, 33.5 ], "autoUv": false },
								"up": { "texture": "#templarhead", "uv": [ 22.0, 31.0, 24.5, 31.5 ], "rotation": 90 },
								"down": { "texture": "#templarhead", "uv": [ 22.0, 33.5, 24.5, 34.0 ], "rotation": 90 }
							}
						},
						{
							"name": "ArmorHelmetFront4",
							"from": [ 1.7529, 4.55, 2.51 ],
							"to": [ 2.6529, 6.55, 5.31 ],
							"unwrapMode": 4,
							"autoUnwrap": false,
							"uv": [ 26.0, 31.0 ],
							"rotationOrigin": [ 1.7529, 4.5, 5.1085 ],
							"rotationY": 40.0,
							"rotationZ": -28.0,
							"faces": {
								"north": { "texture": "#templarhead", "uv": [ 26.0, 31.5, 26.5, 33.5 ] },
								"south": { "texture": "#templarhead", "uv": [ 29.0, 31.5, 29.5, 33.5 ] },
								"west": { "texture": "#templarhead", "uv": [ 25.2, 30.5, 30.0, 33.5 ], "autoUv": false },
								"up": { "texture": "#templarhead", "uv": [ 26.5, 31.0, 29.0, 31.5 ], "rotation": 90 },
								"down": { "texture": "#templarhead", "uv": [ 26.5, 33.5, 29.0, 34.0 ], "rotation": 90 }
							}
						}
					]
				},
				{
					"name": "Back1",
					"from": [ 5.8, 0.0, 0.6 ],
					"to": [ 6.3, 5.5, 3.3 ],
					"uv": [ 8.0, 22.0 ],
					"rotationOrigin": [ 5.8, 0.0, 0.6 ],
					"rotationY": 10.0,
					"faces": {
						"north": { "texture": "#templarhead", "uv": [ 8.0, 24.5, 8.5, 30.0 ] },
						"east": { "texture": "#templarhead", "uv": [ 8.5, 24.5, 11.0, 30.0 ] },
						"south": { "texture": "#templarhead", "uv": [ 11.0, 24.5, 11.5, 30.0 ] },
						"west": { "texture": "#templarhead", "uv": [ 11.5, 24.5, 14.0, 30.0 ] },
						"up": { "texture": "#templarhead", "uv": [ 8.0, 22.0, 8.5, 24.5 ] },
						"down": { "texture": "#templarhead", "uv": [ 8.5, 22.0, 9.0, 24.5 ] }
					},
					"children": [
						{
							"name": "Back2",
							"from": [ -0.8856, 0.0, 2.3225 ],
							"to": [ -0.3856, 5.5, 5.0225 ],
							"uv": [ 5.5, 22.0 ],
							"rotationOrigin": [ -0.8856, 0.0, 5.0225 ],
							"rotationY": -20.0,
							"faces": {
								"north": { "texture": "#templarhead", "uv": [ 5.5, 24.5, 6.0, 30.0 ] },
								"east": { "texture": "#templarhead", "uv": [ 6.0, 24.5, 8.5, 30.0 ] },
								"south": { "texture": "#templarhead", "uv": [ 8.5, 24.5, 9.0, 30.0 ] },
								"west": { "texture": "#templarhead", "uv": [ 9.0, 24.5, 11.5, 30.0 ] },
								"up": { "texture": "#templarhead", "uv": [ 5.5, 22.0, 6.0, 24.5 ] },
								"down": { "texture": "#templarhead", "uv": [ 6.0, 22.0, 6.5, 24.5 ] }
							}
						},
						{
							"name": "Back3",
							"from": [ -0.7871, 5.3, 2.3399 ],
							"to": [ -0.2871, 6.4, 5.0399 ],
							"uv": [ 50.0, 36.0 ],
							"rotationOrigin": [ -0.7871, 5.3, 5.0399 ],
							"rotationY": -20.0,
							"rotationZ": 30.0,
							"faces": {
								"north": { "texture": "#templarhead", "uv": [ 50.0, 38.5, 50.5, 39.5 ] },
								"east": { "texture": "#templarhead", "uv": [ 50.5, 38.5, 53.0, 39.5 ] },
								"south": { "texture": "#templarhead", "uv": [ 53.0, 38.5, 53.5, 39.5 ] },
								"west": { "texture": "#templarhead", "uv": [ 53.5, 38.5, 56.0, 39.5 ] },
								"up": { "texture": "#templarhead", "uv": [ 50.0, 36.0, 50.5, 38.5 ] },
								"down": { "texture": "#templarhead", "uv": [ 50.5, 36.0, 51.0, 38.5 ] }
							}
						},
						{
							"name": "Back4",
							"from": [ 0.0985, 5.3, 0.0174 ],
							"to": [ 0.5985, 6.4, 2.7174 ],
							"uv": [ 40.0, 36.0 ],
							"rotationOrigin": [ 0.0985, 5.3, 0.0174 ],
							"rotationZ": 30.0,
							"faces": {
								"north": { "texture": "#templarhead", "uv": [ 40.0, 38.5, 40.5, 39.5 ] },
								"east": { "texture": "#templarhead", "uv": [ 40.5, 38.5, 43.0, 39.5 ] },
								"south": { "texture": "#templarhead", "uv": [ 43.0, 38.5, 43.5, 39.5 ] },
								"west": { "texture": "#templarhead", "uv": [ 43.5, 38.5, 46.0, 39.5 ] },
								"up": { "texture": "#templarhead", "uv": [ 40.0, 36.0, 40.5, 38.5 ] },
								"down": { "texture": "#templarhead", "uv": [ 40.5, 36.0, 41.0, 38.5 ] }
							}
						}
					]
				},
				{
					"name": "Nose1",
					"from": [ -1.2, -0.1, 2.8 ],
					"to": [ -0.9, 4.9, 3.4 ],
					"uv": [ 8.5, 18.0 ],
					"rotationOrigin": [ -1.2, -0.1, 2.8 ],
					"faces": {
						"north": { "texture": "#templarhead", "uv": [ 8.5, 18.5, 9.0, 23.5 ] },
						"east": { "texture": "#templarhead", "uv": [ 9.0, 18.5, 9.5, 23.5 ] },
						"south": { "texture": "#templarhead", "uv": [ 9.5, 18.5, 10.0, 23.5 ] },
						"west": { "texture": "#templarhead", "uv": [ 10.0, 18.5, 10.5, 23.5 ] },
						"up": { "texture": "#templarhead", "uv": [ 8.5, 18.0, 9.0, 18.5 ] },
						"down": { "texture": "#templarhead", "uv": [ 9.0, 18.0, 9.5, 18.5 ] }
					}
				},
				{
					"name": "Nose2",
					"from": [ -1.2, 4.9, 2.8 ],
					"to": [ -0.9, 6.8, 3.4 ],
					"uv": [ 6.5, 20.0 ],
					"rotationOrigin": [ -1.2, 4.9, 2.8 ],
					"rotationZ": -35.0,
					"faces": {
						"north": { "texture": "#templarhead", "uv": [ 6.5, 20.5, 7.0, 22.0 ] },
						"east": { "texture": "#templarhead", "uv": [ 7.0, 20.5, 7.5, 22.0 ] },
						"south": { "texture": "#templarhead", "uv": [ 7.5, 20.5, 8.0, 22.0 ] },
						"west": { "texture": "#templarhead", "uv": [ 8.0, 20.5, 8.5, 22.0 ] },
						"up": { "texture": "#templarhead", "uv": [ 6.5, 20.0, 7.0, 20.5 ] },
						"down": { "texture": "#templarhead", "uv": [ 7.0, 20.0, 7.5, 20.5 ] }
					}
				}
			]
		},
		{
			"name": "ArmorNeck",
			"stepParentName": "Neck",
			"from": [ -0.3, 0.6, -0.3 ],
			"to": [ 3.3, 2.4, 3.3 ],
			"unwrapMode": 4,
			"uv": [ 12.0, 5.5 ],
			"rotationOrigin": [ -0.3, 2.6, -0.3 ],
			"faces": {
				"north": { "texture": "#templarhead", "uv": [ 12.0, 5.5, 15.5, 7.0 ] },
				"east": { "texture": "#templarhead", "uv": [ 22.5, 5.5, 26.0, 7.0 ] },
				"south": { "texture": "#templarhead", "uv": [ 19.0, 5.5, 22.5, 7.0 ] },
				"west": { "texture": "#templarhead", "uv": [ 15.5, 5.5, 19.0, 7.0 ] }
			}
		}
	]}