{
	"editor": {
		"backDropShape": "D:/Hry/Vintagestory120/assets/game/shapes/entity/humanoid/seraph-hairless",
		"collapsedPaths": ",Root/ArmorHelmet/WreathCenter2/Cube32,Root/ArmorHelmet/WreathCenter3/Cube28,Root/ArmorHelmet/WreathCenter2/Cube38,Root/ArmorHelmet/WreathCenter3/Cube48,Root/ArmorHelmet/WreathCenter2/Cube35,Root/ArmorHelmet/ArmorHelmetTop/WingBaseR2,Root/ArmorHelmet/ArmorHelmetTop/WingBaseR/WingR2/WingR14,Root/ArmorHelmet/ArmorHelmetTop/WingBaseR/WingR2,Root/ArmorHelmet/ArmorHelmetTop/WingBaseR/WingR2/WingR3/WingR4,Root/ArmorHelmet/WreathCenter/Cube7/Cube22,Root/ArmorHelmet/WreathCenter/Cube7,Root/ArmorHelmet/ArmorHelmetTop/WingBaseR/WingR2/WingR9,Root/ArmorHelmet/ArmorHelmetTop/WingBaseR/WingR2/WingR3/WingR4/WingR5,Root/ArmorHelmet/WreathCenter3/Cube31,Root/ArmorHelmet/ArmorHelmetTop/WingBaseR/WingR2/WingR3,Root/ArmorHelmet/WreathCenter2/Cube41,Root/ArmorHelmet/WreathCenter/Cube8/Cube18,Root/ArmorHelmet/WreathCenter/Cube8",
		"allAngles": true,
		"entityTextureMode": true
	},
	"textureWidth": 64,
	"textureHeight": 64,
	"textureSizes": {
	},
	"textures": {
			"templarhead": "armor/entity/templar_helmets_steel",
			"plume": "block/plume/plumered"
	},
	"elements": [
		{
			"name": "ArmorHelmet",
			"stepParentName": "Head",
			"from": [ -0.4, 0.0, -0.6 ],
			"to": [ 5.9, 6.3, 5.7 ],
			"unwrapMode": 4,
			"uv": [ 27.0, 14.5 ],
			"rotationOrigin": [ -0.4, 0.0, -0.6 ],
			"faces": {
				"north": { "texture": "#templarhead", "uv": [ 27.0, 20.5, 33.0, 26.5 ] },
				"east": { "texture": "#templarhead", "uv": [ 45.0, 20.5, 51.0, 26.5 ] },
				"south": { "texture": "#templarhead", "uv": [ 39.0, 20.5, 45.0, 26.5 ] },
				"west": { "texture": "#templarhead", "uv": [ 33.0, 20.5, 39.0, 26.5 ] },
				"up": { "texture": "#templarhead", "uv": [ 33.0, 14.5, 39.0, 20.5 ], "rotation": 90 },
				"down": { "texture": "#templarhead", "uv": [ 33.0, 26.5, 39.0, 32.5 ], "rotation": 90 }
			},
			"children": [
				{
					"name": "ArmorHelmetTop",
					"from": [ 0.5, 6.0, 0.5 ],
					"to": [ 5.6, 6.9, 5.8 ],
					"autoUnwrap": false,
					"uv": [ 41.0, 28.5 ],
					"rotationOrigin": [ 0.5, 6.0, 0.5 ],
					"faces": {
						"north": { "texture": "#templarhead", "uv": [ 45.5, 21.0, 50.5, 21.5 ] },
						"east": { "texture": "#templarhead", "uv": [ 46.5, 21.5, 51.5, 22.0 ] },
						"south": { "texture": "#templarhead", "uv": [ 45.5, 25.5, 50.5, 26.0 ] },
						"west": { "texture": "#templarhead", "uv": [ 33.5, 15.0, 38.5, 15.5 ] },
						"up": { "texture": "#templarhead", "uv": [ 45.5, 21.0, 50.5, 26.0 ] }
					}
				},
				{
					"name": "FrontFace1",
					"from": [ -0.1, 0.0, 0.3 ],
					"to": [ 0.8, 4.6, 3.25 ],
					"unwrapMode": 2,
					"autoUnwrap": false,
					"uv": [ 16.5, 32.4 ],
					"rotationOrigin": [ -0.1, 0.0, 0.3 ],
					"rotationY": -20.0,
					"faces": {
						"north": { "texture": "#templarhead", "uv": [ 21.0, 33.5, 21.5, 38.0 ] },
						"south": { "texture": "#templarhead", "uv": [ 21.0, 33.5, 21.5, 38.0 ] },
						"west": { "texture": "#templarhead", "uv": [ 21.0, 33.5, 25.9, 39.5 ], "autoUv": false },
						"up": { "texture": "#templarhead", "uv": [ 21.0, 33.0, 23.5, 33.5 ], "rotation": 270 },
						"down": { "texture": "#templarhead", "uv": [ 22.0, 39.0, 24.5, 39.5 ], "rotation": 270 }
					},
					"children": [
						{
							"name": "FrontFace2",
							"from": [ 1.7187, 0.0, 2.4 ],
							"to": [ 2.6187, 4.6, 5.45 ],
							"unwrapMode": 2,
							"autoUnwrap": false,
							"uv": [ 32.9, 33.3 ],
							"rotationOrigin": [ 1.7187, 0.0, 5.0146 ],
							"rotationY": 40.0,
							"faces": {
								"north": { "texture": "#templarhead", "uv": [ 29.5, 34.0, 30.0, 38.5 ] },
								"south": { "texture": "#templarhead", "uv": [ 29.5, 34.0, 30.0, 38.5 ] },
								"west": { "texture": "#templarhead", "uv": [ 25.1, 33.5, 30.0, 39.5 ], "autoUv": false },
								"up": { "texture": "#templarhead", "uv": [ 27.0, 33.5, 30.0, 34.0 ], "rotation": 270 },
								"down": { "texture": "#templarhead", "uv": [ 27.0, 39.0, 30.0, 39.5 ], "rotation": 270 }
							}
						},
						{
							"name": "ArmorHelmetFront3",
							"from": [ -0.0411, 4.55, 0.0443 ],
							"to": [ 0.8589, 6.55, 2.8443 ],
							"unwrapMode": 4,
							"autoUnwrap": false,
							"uv": [ 21.5, 31.0 ],
							"rotationOrigin": [ -0.0511, 4.5, 0.4443 ],
							"rotationZ": -28.0,
							"faces": {
								"north": { "texture": "#templarhead", "uv": [ 21.5, 31.5, 22.0, 33.5 ] },
								"south": { "texture": "#templarhead", "uv": [ 24.5, 31.5, 25.0, 33.5 ] },
								"west": { "texture": "#templarhead", "uv": [ 21.1, 30.4, 25.4, 33.5 ], "autoUv": false },
								"up": { "texture": "#templarhead", "uv": [ 22.0, 31.0, 24.5, 31.5 ], "rotation": 90 },
								"down": { "texture": "#templarhead", "uv": [ 22.0, 33.5, 24.5, 34.0 ], "rotation": 90 }
							}
						},
						{
							"name": "ArmorHelmetFront4",
							"from": [ 1.7529, 4.55, 2.51 ],
							"to": [ 2.6529, 6.55, 5.31 ],
							"unwrapMode": 4,
							"autoUnwrap": false,
							"uv": [ 26.0, 31.0 ],
							"rotationOrigin": [ 1.7529, 4.5, 5.1085 ],
							"rotationY": 40.0,
							"rotationZ": -28.0,
							"faces": {
								"north": { "texture": "#templarhead", "uv": [ 26.0, 31.5, 26.5, 33.5 ] },
								"south": { "texture": "#templarhead", "uv": [ 29.0, 31.5, 29.5, 33.5 ] },
								"west": { "texture": "#templarhead", "uv": [ 25.2, 30.5, 30.0, 33.5 ], "autoUv": false },
								"up": { "texture": "#templarhead", "uv": [ 26.5, 31.0, 29.0, 31.5 ], "rotation": 90 },
								"down": { "texture": "#templarhead", "uv": [ 26.5, 33.5, 29.0, 34.0 ], "rotation": 90 }
							}
						}
					]
				},
				{
					"name": "Back1",
					"from": [ 5.8, 0.0, 0.6 ],
					"to": [ 6.3, 5.5, 3.3 ],
					"uv": [ 8.0, 22.0 ],
					"rotationOrigin": [ 5.8, 0.0, 0.6 ],
					"rotationY": 10.0,
					"faces": {
						"north": { "texture": "#templarhead", "uv": [ 8.0, 24.5, 8.5, 30.0 ] },
						"east": { "texture": "#templarhead", "uv": [ 8.5, 24.5, 11.0, 30.0 ] },
						"south": { "texture": "#templarhead", "uv": [ 11.0, 24.5, 11.5, 30.0 ] },
						"west": { "texture": "#templarhead", "uv": [ 11.5, 24.5, 14.0, 30.0 ] },
						"up": { "texture": "#templarhead", "uv": [ 8.0, 22.0, 8.5, 24.5 ] },
						"down": { "texture": "#templarhead", "uv": [ 8.5, 22.0, 9.0, 24.5 ] }
					},
					"children": [
						{
							"name": "Back2",
							"from": [ -0.8856, 0.0, 2.3225 ],
							"to": [ -0.3856, 5.5, 5.0225 ],
							"uv": [ 5.5, 22.0 ],
							"rotationOrigin": [ -0.8856, 0.0, 5.0225 ],
							"rotationY": -20.0,
							"faces": {
								"north": { "texture": "#templarhead", "uv": [ 5.5, 24.5, 6.0, 30.0 ] },
								"east": { "texture": "#templarhead", "uv": [ 6.0, 24.5, 8.5, 30.0 ] },
								"south": { "texture": "#templarhead", "uv": [ 8.5, 24.5, 9.0, 30.0 ] },
								"west": { "texture": "#templarhead", "uv": [ 9.0, 24.5, 11.5, 30.0 ] },
								"up": { "texture": "#templarhead", "uv": [ 5.5, 22.0, 6.0, 24.5 ] },
								"down": { "texture": "#templarhead", "uv": [ 6.0, 22.0, 6.5, 24.5 ] }
							}
						},
						{
							"name": "Back3",
							"from": [ -0.7871, 5.3, 2.3399 ],
							"to": [ -0.2871, 6.4, 5.0399 ],
							"uv": [ 50.0, 36.0 ],
							"rotationOrigin": [ -0.7871, 5.3, 5.0399 ],
							"rotationY": -20.0,
							"rotationZ": 30.0,
							"faces": {
								"north": { "texture": "#templarhead", "uv": [ 50.0, 38.5, 50.5, 39.5 ] },
								"east": { "texture": "#templarhead", "uv": [ 50.5, 38.5, 53.0, 39.5 ] },
								"south": { "texture": "#templarhead", "uv": [ 53.0, 38.5, 53.5, 39.5 ] },
								"west": { "texture": "#templarhead", "uv": [ 53.5, 38.5, 56.0, 39.5 ] },
								"up": { "texture": "#templarhead", "uv": [ 50.0, 36.0, 50.5, 38.5 ] },
								"down": { "texture": "#templarhead", "uv": [ 50.5, 36.0, 51.0, 38.5 ] }
							}
						},
						{
							"name": "Back4",
							"from": [ 0.0985, 5.3, 0.0174 ],
							"to": [ 0.5985, 6.4, 2.7174 ],
							"uv": [ 40.0, 36.0 ],
							"rotationOrigin": [ 0.0985, 5.3, 0.0174 ],
							"rotationZ": 30.0,
							"faces": {
								"north": { "texture": "#templarhead", "uv": [ 40.0, 38.5, 40.5, 39.5 ] },
								"east": { "texture": "#templarhead", "uv": [ 40.5, 38.5, 43.0, 39.5 ] },
								"south": { "texture": "#templarhead", "uv": [ 43.0, 38.5, 43.5, 39.5 ] },
								"west": { "texture": "#templarhead", "uv": [ 43.5, 38.5, 46.0, 39.5 ] },
								"up": { "texture": "#templarhead", "uv": [ 40.0, 36.0, 40.5, 38.5 ] },
								"down": { "texture": "#templarhead", "uv": [ 40.5, 36.0, 41.0, 38.5 ] }
							}
						}
					]
				},
				{
					"name": "Nose1",
					"from": [ -1.2, -0.1, 2.8 ],
					"to": [ -0.9, 4.9, 3.4 ],
					"uv": [ 8.5, 18.0 ],
					"rotationOrigin": [ -1.2, -0.1, 2.8 ],
					"faces": {
						"north": { "texture": "#templarhead", "uv": [ 8.5, 18.5, 9.0, 23.5 ] },
						"east": { "texture": "#templarhead", "uv": [ 9.0, 18.5, 9.5, 23.5 ] },
						"south": { "texture": "#templarhead", "uv": [ 9.5, 18.5, 10.0, 23.5 ] },
						"west": { "texture": "#templarhead", "uv": [ 10.0, 18.5, 10.5, 23.5 ] },
						"up": { "texture": "#templarhead", "uv": [ 8.5, 18.0, 9.0, 18.5 ] },
						"down": { "texture": "#templarhead", "uv": [ 9.0, 18.0, 9.5, 18.5 ] }
					}
				},
				{
					"name": "Nose2",
					"from": [ -1.2, 4.9, 2.8 ],
					"to": [ -0.9, 6.8, 3.4 ],
					"uv": [ 6.5, 20.0 ],
					"rotationOrigin": [ -1.2, 4.9, 2.8 ],
					"rotationZ": -35.0,
					"faces": {
						"north": { "texture": "#templarhead", "uv": [ 6.5, 20.5, 7.0, 22.0 ] },
						"east": { "texture": "#templarhead", "uv": [ 7.0, 20.5, 7.5, 22.0 ] },
						"south": { "texture": "#templarhead", "uv": [ 7.5, 20.5, 8.0, 22.0 ] },
						"west": { "texture": "#templarhead", "uv": [ 8.0, 20.5, 8.5, 22.0 ] },
						"up": { "texture": "#templarhead", "uv": [ 6.5, 20.0, 7.0, 20.5 ] },
						"down": { "texture": "#templarhead", "uv": [ 7.0, 20.0, 7.5, 20.5 ] }
					}
				},
				{
					"name": "WreathCenter",
					"from": [ 3.15, 5.3, 3.15 ],
					"to": [ 3.15, 5.3, 3.15 ],
					"uv": [ 12.5, 20.9 ],
					"rotationOrigin": [ 3.15, 5.3, 3.15 ],
					"faces": {
						"north": { "texture": "#plume", "uv": [ 12.5, 21.5, 13.0, 22.0 ] },
						"east": { "texture": "#plume", "uv": [ 13.0, 21.5, 13.5, 22.0 ] },
						"south": { "texture": "#plume", "uv": [ 13.5, 21.5, 14.0, 22.0 ] },
						"west": { "texture": "#plume", "uv": [ 14.0, 21.5, 14.5, 22.0 ] },
						"up": { "texture": "#plume", "uv": [ 12.5, 21.0, 13.0, 21.5 ] },
						"down": { "texture": "#plume", "uv": [ 13.0, 21.0, 13.5, 21.5 ] }
					},
					"children": [
						{
							"name": "Cube2",
							"from": [ -4.2, 0.0, -1.0 ],
							"to": [ -3.1, 1.1, 1.0 ],
							"uv": [ 0.0, 21.0 ],
							"rotationOrigin": [ -4.0, 0.7, -1.0 ],
							"faces": {
								"north": { "texture": "#plume", "uv": [ 0.0, 23.0, 1.0, 24.0 ] },
								"east": { "texture": "#plume", "uv": [ 1.0, 23.0, 3.0, 24.0 ] },
								"south": { "texture": "#plume", "uv": [ 3.0, 23.0, 4.0, 24.0 ] },
								"west": { "texture": "#plume", "uv": [ 4.0, 23.0, 6.0, 24.0 ] },
								"up": { "texture": "#plume", "uv": [ 0.0, 21.0, 1.0, 23.0 ] },
								"down": { "texture": "#plume", "uv": [ 1.0, 21.0, 2.0, 23.0 ] }
							}
						},
						{
							"name": "Plain1",
							"from": [ -4.2, 0.1, 0.6 ],
							"to": [ -3.3, 1.0, 2.2 ],
							"uv": [ 0.0, 48.0 ],
							"rotationOrigin": [ -3.1, 0.7, 0.6 ],
							"rotationX": 2.0,
							"rotationY": 15.0,
							"faces": {
								"north": { "texture": "#plume", "uv": [ 0.0, 49.5, 0.5, 50.0 ] },
								"east": { "texture": "#plume", "uv": [ 0.5, 49.5, 2.0, 50.0 ] },
								"south": { "texture": "#plume", "uv": [ 2.0, 49.5, 2.5, 50.0 ] },
								"west": { "texture": "#plume", "uv": [ 2.5, 49.5, 4.0, 50.0 ] },
								"up": { "texture": "#plume", "uv": [ 0.0, 48.0, 0.5, 49.5 ] },
								"down": { "texture": "#plume", "uv": [ 0.5, 48.0, 1.0, 49.5 ] }
							}
						},
						{
							"name": "Plain2",
							"from": [ -4.2, 0.1, -2.2 ],
							"to": [ -3.3, 1.0, -0.6 ],
							"uv": [ 1.0, 48.5 ],
							"rotationOrigin": [ -3.1, 0.7, -0.6 ],
							"rotationY": -15.0,
							"faces": {
								"north": { "texture": "#plume", "uv": [ 1.0, 50.0, 1.5, 50.5 ] },
								"east": { "texture": "#plume", "uv": [ 1.5, 50.0, 3.0, 50.5 ] },
								"south": { "texture": "#plume", "uv": [ 3.0, 50.0, 3.5, 50.5 ] },
								"west": { "texture": "#plume", "uv": [ 3.5, 50.0, 5.0, 50.5 ] },
								"up": { "texture": "#plume", "uv": [ 1.0, 48.5, 1.5, 50.0 ] },
								"down": { "texture": "#plume", "uv": [ 1.5, 48.5, 2.0, 50.0 ] }
							}
						},
						{
							"name": "Cube5",
							"from": [ -4.1, 0.0, 2.4 ],
							"to": [ -3.0, 1.1, 4.2 ],
							"uv": [ 0.0, 22.0 ],
							"rotationOrigin": [ -3.8, 0.7, 2.2 ],
							"rotationY": 45.0,
							"faces": {
								"north": { "texture": "#plume", "uv": [ 0.0, 23.5, 1.0, 24.5 ] },
								"east": { "texture": "#plume", "uv": [ 1.0, 23.5, 2.5, 24.5 ] },
								"south": { "texture": "#plume", "uv": [ 2.5, 23.5, 3.5, 24.5 ] },
								"west": { "texture": "#plume", "uv": [ 3.5, 23.5, 5.0, 24.5 ] },
								"up": { "texture": "#plume", "uv": [ 0.0, 22.0, 1.0, 23.5 ] },
								"down": { "texture": "#plume", "uv": [ 1.0, 22.0, 2.0, 23.5 ] }
							}
						},
						{
							"name": "Cube6",
							"from": [ -1.2, 0.0, 4.0014 ],
							"to": [ -0.1, 1.1, 6.0014 ],
							"uv": [ 0.0, 21.0 ],
							"rotationOrigin": [ -1.0, 0.7, 4.0 ],
							"rotationY": 89.9802,
							"faces": {
								"north": { "texture": "#plume", "uv": [ 0.0, 23.0, 1.0, 24.0 ] },
								"east": { "texture": "#plume", "uv": [ 1.0, 23.0, 3.0, 24.0 ] },
								"south": { "texture": "#plume", "uv": [ 3.0, 23.0, 4.0, 24.0 ] },
								"west": { "texture": "#plume", "uv": [ 4.0, 23.0, 6.0, 24.0 ] },
								"up": { "texture": "#plume", "uv": [ 0.0, 21.0, 1.0, 23.0 ] },
								"down": { "texture": "#plume", "uv": [ 1.0, 21.0, 2.0, 23.0 ] }
							},
							"children": [
								{
									"name": "Cube20",
									"from": [ -0.5, -5.0, 0.2 ],
									"to": [ -0.2, 0.1, 2.2 ],
									"uv": [ 0.0, 31.0 ],
									"rotationOrigin": [ -0.4997, -4.3, 0.1986 ],
									"rotationY": 3.0,
									"rotationZ": -7.0,
									"faces": {
										"north": { "texture": "#plume", "uv": [ 0.0, 33.0, 0.5, 38.0 ] },
										"east": { "texture": "#plume", "uv": [ 0.5, 33.0, 2.5, 38.0 ] },
										"south": { "texture": "#plume", "uv": [ 2.5, 33.0, 3.0, 38.0 ] },
										"west": { "texture": "#plume", "uv": [ 3.0, 33.0, 5.0, 38.0 ] },
										"up": { "texture": "#plume", "uv": [ 0.0, 31.0, 0.5, 33.0 ] },
										"down": { "texture": "#plume", "uv": [ 0.5, 31.0, 1.0, 33.0 ] }
									},
									"children": [
										{
											"name": "Cube21",
											"from": [ -0.4, -1.7, 0.0 ],
											"to": [ -0.1, 0.7, 2.0 ],
											"uv": [ 0.0, 33.0 ],
											"rotationOrigin": [ -0.3997, -1.0, -0.0014 ],
											"rotationX": 1.0,
											"rotationY": 5.0,
											"rotationZ": -11.0,
											"faces": {
												"north": { "texture": "#plume", "uv": [ 0.0, 35.0, 0.5, 37.0 ] },
												"east": { "texture": "#plume", "uv": [ 0.5, 35.0, 2.5, 37.0 ] },
												"south": { "texture": "#plume", "uv": [ 2.5, 35.0, 3.0, 37.0 ] },
												"west": { "texture": "#plume", "uv": [ 3.0, 35.0, 5.0, 37.0 ] },
												"up": { "texture": "#plume", "uv": [ 0.0, 33.0, 0.5, 35.0 ] },
												"down": { "texture": "#plume", "uv": [ 0.5, 33.0, 1.0, 35.0 ] }
											}
										}
									]
								}
							]
						},
						{
							"name": "Plain5",
							"from": [ -0.5, 0.1, 3.1 ],
							"to": [ 0.4, 1.0, 4.7 ],
							"uv": [ 0.0, 48.5 ],
							"rotationOrigin": [ 0.6, 0.7, 3.1 ],
							"rotationX": 172.5792,
							"rotationY": 74.8703,
							"rotationZ": -172.3158,
							"faces": {
								"north": { "texture": "#plume", "uv": [ 0.0, 50.0, 0.5, 50.5 ] },
								"east": { "texture": "#plume", "uv": [ 0.5, 50.0, 2.0, 50.5 ] },
								"south": { "texture": "#plume", "uv": [ 2.0, 50.0, 2.5, 50.5 ] },
								"west": { "texture": "#plume", "uv": [ 2.5, 50.0, 4.0, 50.5 ] },
								"up": { "texture": "#plume", "uv": [ 0.0, 48.5, 0.5, 50.0 ] },
								"down": { "texture": "#plume", "uv": [ 0.5, 48.5, 1.0, 50.0 ] }
							},
							"children": [
								{
									"name": "Cube22",
									"from": [ -0.6, -4.5, 0.18 ],
									"to": [ -0.3, 0.0, 1.78 ],
									"uv": [ 4.0, 33.0 ],
									"rotationOrigin": [ 0.2979, -3.8976, 0.176 ],
									"rotationY": 4.0,
									"rotationZ": -9.0,
									"faces": {
										"north": { "texture": "#plume", "uv": [ 4.0, 34.5, 4.5, 39.0 ] },
										"east": { "texture": "#plume", "uv": [ 4.5, 34.5, 6.0, 39.0 ] },
										"south": { "texture": "#plume", "uv": [ 6.0, 34.5, 6.5, 39.0 ] },
										"west": { "texture": "#plume", "uv": [ 6.5, 34.5, 8.0, 39.0 ] },
										"up": { "texture": "#plume", "uv": [ 4.0, 33.0, 4.5, 34.5 ] },
										"down": { "texture": "#plume", "uv": [ 4.5, 33.0, 5.0, 34.5 ] }
									},
									"children": [
										{
											"name": "Cube23",
											"from": [ -0.2, -2.3, 0.0 ],
											"to": [ 0.1, 0.0, 1.6 ],
											"uv": [ 4.2, 31.5 ],
											"rotationOrigin": [ 0.6979, -1.6976, -0.004 ],
											"rotationY": -3.0,
											"rotationZ": -8.0,
											"faces": {
												"north": { "texture": "#plume", "uv": [ 4.0, 33.0, 4.5, 35.0 ] },
												"east": { "texture": "#plume", "uv": [ 5.0, 33.0, 6.5, 35.0 ] },
												"south": { "texture": "#plume", "uv": [ 6.5, 33.0, 7.0, 35.0 ] },
												"west": { "texture": "#plume", "uv": [ 7.0, 33.0, 8.5, 35.0 ] },
												"up": { "texture": "#plume", "uv": [ 4.0, 31.5, 4.5, 33.0 ] },
												"down": { "texture": "#plume", "uv": [ 5.0, 31.5, 5.5, 33.0 ] }
											}
										}
									]
								}
							]
						},
						{
							"name": "Plain4",
							"from": [ -1.7, 0.1, 1.5 ],
							"to": [ -0.8, 1.0, 3.1 ],
							"uv": [ 0.0, 48.5 ],
							"rotationOrigin": [ -0.6, 0.7, 3.1 ],
							"rotationY": 75.0,
							"faces": {
								"north": { "texture": "#plume", "uv": [ 0.0, 50.0, 0.5, 50.5 ] },
								"east": { "texture": "#plume", "uv": [ 0.5, 50.0, 2.0, 50.5 ] },
								"south": { "texture": "#plume", "uv": [ 2.0, 50.0, 2.5, 50.5 ] },
								"west": { "texture": "#plume", "uv": [ 2.5, 50.0, 4.0, 50.5 ] },
								"up": { "texture": "#plume", "uv": [ 0.0, 48.5, 0.5, 50.0 ] },
								"down": { "texture": "#plume", "uv": [ 0.5, 48.5, 1.0, 50.0 ] }
							},
							"children": [
								{
									"name": "Cube18",
									"from": [ -0.4, -4.3, 0.0 ],
									"to": [ -0.1, 0.2, 1.8 ],
									"uv": [ 5.0, 31.0 ],
									"rotationOrigin": [ 0.5, -3.7, 1.6 ],
									"rotationZ": -8.0,
									"faces": {
										"north": { "texture": "#plume", "uv": [ 5.0, 32.5, 5.5, 37.0 ] },
										"east": { "texture": "#plume", "uv": [ 5.5, 32.5, 7.0, 37.0 ] },
										"south": { "texture": "#plume", "uv": [ 7.0, 32.5, 7.5, 37.0 ] },
										"west": { "texture": "#plume", "uv": [ 7.5, 32.5, 9.0, 37.0 ] },
										"up": { "texture": "#plume", "uv": [ 5.0, 31.0, 5.5, 32.5 ] },
										"down": { "texture": "#plume", "uv": [ 5.5, 31.0, 6.0, 32.5 ] }
									},
									"children": [
										{
											"name": "Cube19",
											"from": [ -0.0321, -2.4081, 0.0 ],
											"to": [ 0.2679, -0.0081, 1.8 ],
											"uv": [ 0.5, 31.0 ],
											"rotationOrigin": [ 0.8679, -1.8081, 1.6 ],
											"rotationX": -0.4201,
											"rotationY": 5.9853,
											"rotationZ": -1.978,
											"faces": {
												"north": { "texture": "#plume", "uv": [ 0.5, 32.5, 1.0, 34.5 ] },
												"east": { "texture": "#plume", "uv": [ 1.0, 32.5, 2.5, 34.5 ] },
												"south": { "texture": "#plume", "uv": [ 2.5, 32.5, 3.0, 34.5 ] },
												"west": { "texture": "#plume", "uv": [ 3.0, 32.5, 4.5, 34.5 ] },
												"up": { "texture": "#plume", "uv": [ 0.5, 31.0, 1.0, 32.5 ] },
												"down": { "texture": "#plume", "uv": [ 1.0, 31.0, 1.5, 32.5 ] }
											}
										}
									]
								}
							]
						},
						{
							"name": "Cube9",
							"from": [ 1.9, 0.0, 4.0 ],
							"to": [ 3.0, 1.1, 5.8 ],
							"uv": [ 0.0, 22.5 ],
							"rotationOrigin": [ 2.2, 0.7, 3.8 ],
							"rotationX": -180.0,
							"rotationY": 45.0,
							"rotationZ": -180.0,
							"faces": {
								"north": { "texture": "#plume", "uv": [ 0.0, 24.0, 1.0, 25.0 ] },
								"east": { "texture": "#plume", "uv": [ 1.0, 24.0, 2.5, 25.0 ] },
								"south": { "texture": "#plume", "uv": [ 2.5, 24.0, 3.5, 25.0 ] },
								"west": { "texture": "#plume", "uv": [ 3.5, 24.0, 5.0, 25.0 ] },
								"up": { "texture": "#plume", "uv": [ 0.0, 22.5, 1.0, 24.0 ] },
								"down": { "texture": "#plume", "uv": [ 1.0, 22.5, 2.0, 24.0 ] }
							},
							"children": [
								{
									"name": "Cube25",
									"from": [ -0.5657, -4.9, -0.2 ],
									"to": [ -0.2657, 0.1, 1.1 ],
									"uv": [ 0.0, 34.0 ],
									"rotationOrigin": [ -0.5657, -4.2, -0.2 ],
									"rotationY": -20.0,
									"rotationZ": -10.0001,
									"faces": {
										"north": { "texture": "#plume", "uv": [ 0.0, 35.0, 0.5, 40.0 ] },
										"east": { "texture": "#plume", "uv": [ 0.5, 35.0, 1.5, 40.0 ] },
										"south": { "texture": "#plume", "uv": [ 1.5, 35.0, 2.0, 40.0 ] },
										"west": { "texture": "#plume", "uv": [ 2.0, 35.0, 3.0, 40.0 ] },
										"up": { "texture": "#plume", "uv": [ 0.0, 34.0, 0.5, 35.0 ] },
										"down": { "texture": "#plume", "uv": [ 0.5, 34.0, 1.0, 35.0 ] }
									},
									"children": [
										{
											"name": "Cube24",
											"from": [ -0.2, -1.5, -0.1 ],
											"to": [ 0.1, 0.5, 1.5 ],
											"uv": [ 2.0, 33.0 ],
											"rotationOrigin": [ -0.2, -0.8, -0.1 ],
											"rotationY": -1.0,
											"rotationZ": -13.0,
											"faces": {
												"north": { "texture": "#plume", "uv": [ 2.0, 34.5, 2.5, 36.5 ] },
												"east": { "texture": "#plume", "uv": [ 2.5, 34.5, 4.0, 36.5 ] },
												"south": { "texture": "#plume", "uv": [ 4.0, 34.5, 4.5, 36.5 ] },
												"west": { "texture": "#plume", "uv": [ 4.5, 34.5, 6.0, 36.5 ] },
												"up": { "texture": "#plume", "uv": [ 2.0, 33.0, 2.5, 34.5 ] },
												"down": { "texture": "#plume", "uv": [ 2.5, 33.0, 3.0, 34.5 ] }
											}
										}
									]
								},
								{
									"name": "Cube26",
									"from": [ -1.0, -4.9, 1.1 ],
									"to": [ -0.7, 0.1, 2.4 ],
									"uv": [ 0.0, 32.5 ],
									"rotationOrigin": [ -0.9657, -4.2, 1.1 ],
									"rotationX": -3.0,
									"rotationY": 12.0,
									"rotationZ": -10.0,
									"faces": {
										"north": { "texture": "#plume", "uv": [ 0.0, 33.5, 0.5, 38.5 ] },
										"east": { "texture": "#plume", "uv": [ 0.5, 33.5, 1.5, 38.5 ] },
										"south": { "texture": "#plume", "uv": [ 1.5, 33.5, 2.0, 38.5 ] },
										"west": { "texture": "#plume", "uv": [ 2.0, 33.5, 3.0, 38.5 ] },
										"up": { "texture": "#plume", "uv": [ 0.0, 32.5, 0.5, 33.5 ] },
										"down": { "texture": "#plume", "uv": [ 0.5, 32.5, 1.0, 33.5 ] }
									},
									"children": [
										{
											"name": "Cube27",
											"from": [ -0.2, -1.5, -0.1 ],
											"to": [ 0.1, 0.5, 1.3 ],
											"uv": [ 6.0, 34.0 ],
											"rotationOrigin": [ -0.2, -0.8, -0.1 ],
											"rotationY": -1.0,
											"rotationZ": -13.0,
											"faces": {
												"north": { "texture": "#plume", "uv": [ 6.0, 35.0, 6.5, 37.0 ] },
												"east": { "texture": "#plume", "uv": [ 6.5, 35.0, 7.5, 37.0 ] },
												"south": { "texture": "#plume", "uv": [ 7.5, 35.0, 8.0, 37.0 ] },
												"west": { "texture": "#plume", "uv": [ 8.0, 35.0, 9.0, 37.0 ] },
												"up": { "texture": "#plume", "uv": [ 6.0, 34.0, 6.5, 35.0 ] },
												"down": { "texture": "#plume", "uv": [ 6.5, 34.0, 7.0, 35.0 ] }
											}
										}
									]
								}
							]
						},
						{
							"name": "Cube17",
							"from": [ -2.5, 0.0, -3.6 ],
							"to": [ -1.4, 1.1, -1.8 ],
							"uv": [ 0.5, 22.5 ],
							"rotationOrigin": [ -2.2, 0.7, -3.8 ],
							"rotationY": -45.0,
							"faces": {
								"north": { "texture": "#plume", "uv": [ 0.5, 24.0, 1.5, 25.0 ] },
								"east": { "texture": "#plume", "uv": [ 1.5, 24.0, 3.0, 25.0 ] },
								"south": { "texture": "#plume", "uv": [ 3.0, 24.0, 4.0, 25.0 ] },
								"west": { "texture": "#plume", "uv": [ 4.0, 24.0, 5.5, 25.0 ] },
								"up": { "texture": "#plume", "uv": [ 0.5, 22.5, 1.5, 24.0 ] },
								"down": { "texture": "#plume", "uv": [ 1.5, 22.5, 2.5, 24.0 ] }
							}
						},
						{
							"name": "Cube32",
							"from": [ 3.8, 0.0, 1.0014 ],
							"to": [ 4.9, 1.1, 3.0014 ],
							"uv": [ 0.5, 21.5 ],
							"rotationOrigin": [ 4.0, 0.7, 1.0 ],
							"rotationX": -180.0,
							"rotationY": 0.0198,
							"rotationZ": -180.0,
							"faces": {
								"north": { "texture": "#plume", "uv": [ 0.5, 23.5, 1.5, 24.5 ] },
								"east": { "texture": "#plume", "uv": [ 1.5, 23.5, 3.5, 24.5 ] },
								"south": { "texture": "#plume", "uv": [ 3.5, 23.5, 4.5, 24.5 ] },
								"west": { "texture": "#plume", "uv": [ 4.5, 23.5, 6.5, 24.5 ] },
								"up": { "texture": "#plume", "uv": [ 0.5, 21.5, 1.5, 23.5 ] },
								"down": { "texture": "#plume", "uv": [ 1.5, 21.5, 2.5, 23.5 ] }
							},
							"children": [
								{
									"name": "Cube33",
									"from": [ -0.5, -5.0, 0.2 ],
									"to": [ -0.2, 0.1, 2.2 ],
									"uv": [ 0.0, 33.0 ],
									"rotationOrigin": [ -0.4997, -4.3, 0.1986 ],
									"rotationY": 3.0,
									"rotationZ": -7.0,
									"faces": {
										"north": { "texture": "#plume", "uv": [ 0.0, 35.0, 0.5, 40.0 ] },
										"east": { "texture": "#plume", "uv": [ 0.5, 35.0, 2.5, 40.0 ] },
										"south": { "texture": "#plume", "uv": [ 2.5, 35.0, 3.0, 40.0 ] },
										"west": { "texture": "#plume", "uv": [ 3.0, 35.0, 5.0, 40.0 ] },
										"up": { "texture": "#plume", "uv": [ 0.0, 33.0, 0.5, 35.0 ] },
										"down": { "texture": "#plume", "uv": [ 0.5, 33.0, 1.0, 35.0 ] }
									},
									"children": [
										{
											"name": "Cube34",
											"from": [ -0.4, -1.7, 0.0 ],
											"to": [ -0.1, 0.7, 2.0 ],
											"uv": [ 0.0, 32.0 ],
											"rotationOrigin": [ -0.3997, -1.0, -0.0014 ],
											"rotationX": 1.0,
											"rotationY": 5.0,
											"rotationZ": -11.0,
											"faces": {
												"north": { "texture": "#plume", "uv": [ 0.0, 34.0, 0.5, 36.0 ] },
												"east": { "texture": "#plume", "uv": [ 0.5, 34.0, 2.5, 36.0 ] },
												"south": { "texture": "#plume", "uv": [ 2.5, 34.0, 3.0, 36.0 ] },
												"west": { "texture": "#plume", "uv": [ 3.0, 34.0, 5.0, 36.0 ] },
												"up": { "texture": "#plume", "uv": [ 0.0, 32.0, 0.5, 34.0 ] },
												"down": { "texture": "#plume", "uv": [ 0.5, 32.0, 1.0, 34.0 ] }
											}
										}
									]
								}
							]
						},
						{
							"name": "Plain6",
							"from": [ 2.0, 0.1, -0.6 ],
							"to": [ 2.9, 1.0, 1.0 ],
							"uv": [ 0.5, 48.0 ],
							"rotationOrigin": [ 3.1, 0.7, -0.6 ],
							"rotationX": 178.0,
							"rotationY": -15.0,
							"rotationZ": 180.0,
							"faces": {
								"north": { "texture": "#plume", "uv": [ 0.5, 49.5, 1.0, 50.0 ] },
								"east": { "texture": "#plume", "uv": [ 1.0, 49.5, 2.5, 50.0 ] },
								"south": { "texture": "#plume", "uv": [ 2.5, 49.5, 3.0, 50.0 ] },
								"west": { "texture": "#plume", "uv": [ 3.0, 49.5, 4.5, 50.0 ] },
								"up": { "texture": "#plume", "uv": [ 0.5, 48.0, 1.0, 49.5 ] },
								"down": { "texture": "#plume", "uv": [ 1.0, 48.0, 1.5, 49.5 ] }
							},
							"children": [
								{
									"name": "Cube36",
									"from": [ -0.6, -4.5, 0.18 ],
									"to": [ -0.3, 0.0, 1.78 ],
									"uv": [ 0.5, 32.0 ],
									"rotationOrigin": [ 0.2979, -3.8976, 0.176 ],
									"rotationY": 4.0,
									"rotationZ": -9.0,
									"faces": {
										"north": { "texture": "#plume", "uv": [ 0.5, 33.5, 1.0, 38.0 ] },
										"east": { "texture": "#plume", "uv": [ 1.0, 33.5, 2.5, 38.0 ] },
										"south": { "texture": "#plume", "uv": [ 2.5, 33.5, 3.0, 38.0 ] },
										"west": { "texture": "#plume", "uv": [ 3.0, 33.5, 4.5, 38.0 ] },
										"up": { "texture": "#plume", "uv": [ 0.5, 32.0, 1.0, 33.5 ] },
										"down": { "texture": "#plume", "uv": [ 1.0, 32.0, 1.5, 33.5 ] }
									},
									"children": [
										{
											"name": "Cube37",
											"from": [ -0.2, -2.3, 0.0 ],
											"to": [ 0.1, 0.0, 1.6 ],
											"uv": [ 1.0, 31.0 ],
											"rotationOrigin": [ 0.6979, -1.6976, -0.004 ],
											"rotationY": -3.0,
											"rotationZ": -8.0,
											"faces": {
												"north": { "texture": "#plume", "uv": [ 1.0, 32.5, 1.5, 34.5 ] },
												"east": { "texture": "#plume", "uv": [ 1.5, 32.5, 3.0, 34.5 ] },
												"south": { "texture": "#plume", "uv": [ 3.0, 32.5, 3.5, 34.5 ] },
												"west": { "texture": "#plume", "uv": [ 3.5, 32.5, 5.0, 34.5 ] },
												"up": { "texture": "#plume", "uv": [ 1.0, 31.0, 1.5, 32.5 ] },
												"down": { "texture": "#plume", "uv": [ 1.5, 31.0, 2.0, 32.5 ] }
											}
										}
									]
								}
							]
						},
						{
							"name": "Plain7",
							"from": [ 2.0, 0.1, -1.0 ],
							"to": [ 2.9, 1.0, 0.6 ],
							"uv": [ 0.5, 48.5 ],
							"rotationOrigin": [ 3.1, 0.7, 0.6 ],
							"rotationX": -180.0,
							"rotationY": 15.0,
							"rotationZ": -180.0,
							"faces": {
								"north": { "texture": "#plume", "uv": [ 0.5, 50.0, 1.0, 50.5 ] },
								"east": { "texture": "#plume", "uv": [ 1.0, 50.0, 2.5, 50.5 ] },
								"south": { "texture": "#plume", "uv": [ 2.5, 50.0, 3.0, 50.5 ] },
								"west": { "texture": "#plume", "uv": [ 3.0, 50.0, 4.5, 50.5 ] },
								"up": { "texture": "#plume", "uv": [ 0.5, 48.5, 1.0, 50.0 ] },
								"down": { "texture": "#plume", "uv": [ 1.0, 48.5, 1.5, 50.0 ] }
							},
							"children": [
								{
									"name": "Cube39",
									"from": [ -0.4, -4.3, 0.0 ],
									"to": [ -0.1, 0.2, 1.8 ],
									"uv": [ 6.0, 31.5 ],
									"rotationOrigin": [ 0.5, -3.7, 1.6 ],
									"rotationZ": -8.0,
									"faces": {
										"north": { "texture": "#plume", "uv": [ 6.0, 33.0, 6.5, 37.5 ] },
										"east": { "texture": "#plume", "uv": [ 6.5, 33.0, 8.0, 37.5 ] },
										"south": { "texture": "#plume", "uv": [ 8.0, 33.0, 8.5, 37.5 ] },
										"west": { "texture": "#plume", "uv": [ 8.5, 33.0, 10.0, 37.5 ] },
										"up": { "texture": "#plume", "uv": [ 6.0, 31.5, 6.5, 33.0 ] },
										"down": { "texture": "#plume", "uv": [ 6.5, 31.5, 7.0, 33.0 ] }
									},
									"children": [
										{
											"name": "Cube40",
											"from": [ -0.0321, -2.4081, 0.0 ],
											"to": [ 0.2679, -0.0081, 1.8 ],
											"uv": [ 2.0, 32.0 ],
											"rotationOrigin": [ 0.8679, -1.8081, 1.6 ],
											"rotationX": -0.4201,
											"rotationY": 5.9853,
											"rotationZ": -1.978,
											"faces": {
												"north": { "texture": "#plume", "uv": [ 2.0, 33.5, 2.5, 35.5 ] },
												"east": { "texture": "#plume", "uv": [ 2.5, 33.5, 4.0, 35.5 ] },
												"south": { "texture": "#plume", "uv": [ 4.0, 33.5, 4.5, 35.5 ] },
												"west": { "texture": "#plume", "uv": [ 4.5, 33.5, 6.0, 35.5 ] },
												"up": { "texture": "#plume", "uv": [ 2.0, 32.0, 2.5, 33.5 ] },
												"down": { "texture": "#plume", "uv": [ 2.5, 32.0, 3.0, 33.5 ] }
											}
										}
									]
								}
							]
						},
						{
							"name": "Cube41",
							"from": [ 3.5, 0.0, -2.0 ],
							"to": [ 4.6, 1.1, -0.2 ],
							"uv": [ 0.5, 22.0 ],
							"rotationOrigin": [ 3.8, 0.7, -2.2 ],
							"rotationX": -180.0,
							"rotationY": -45.0,
							"rotationZ": -179.9999,
							"faces": {
								"north": { "texture": "#plume", "uv": [ 0.5, 23.5, 1.5, 24.5 ] },
								"east": { "texture": "#plume", "uv": [ 1.5, 23.5, 3.0, 24.5 ] },
								"south": { "texture": "#plume", "uv": [ 3.0, 23.5, 4.0, 24.5 ] },
								"west": { "texture": "#plume", "uv": [ 4.0, 23.5, 5.5, 24.5 ] },
								"up": { "texture": "#plume", "uv": [ 0.5, 22.0, 1.5, 23.5 ] },
								"down": { "texture": "#plume", "uv": [ 1.5, 22.0, 2.5, 23.5 ] }
							},
							"children": [
								{
									"name": "Cube42",
									"from": [ -0.5657, -4.9, -0.2 ],
									"to": [ -0.2657, 0.1, 1.1 ],
									"uv": [ 4.0, 31.5 ],
									"rotationOrigin": [ -0.5657, -4.2, -0.2 ],
									"rotationY": -20.0,
									"rotationZ": -10.0001,
									"faces": {
										"north": { "texture": "#plume", "uv": [ 4.0, 32.5, 4.5, 37.5 ] },
										"east": { "texture": "#plume", "uv": [ 4.5, 32.5, 5.5, 37.5 ] },
										"south": { "texture": "#plume", "uv": [ 5.5, 32.5, 6.0, 37.5 ] },
										"west": { "texture": "#plume", "uv": [ 6.0, 32.5, 7.0, 37.5 ] },
										"up": { "texture": "#plume", "uv": [ 4.0, 31.5, 4.5, 32.5 ] },
										"down": { "texture": "#plume", "uv": [ 4.5, 31.5, 5.0, 32.5 ] }
									},
									"children": [
										{
											"name": "Cube43",
											"from": [ -0.2, -1.5, -0.1 ],
											"to": [ 0.1, 0.5, 1.5 ],
											"uv": [ 2.0, 34.0 ],
											"rotationOrigin": [ -0.2, -0.8, -0.1 ],
											"rotationY": -1.0,
											"rotationZ": -13.0,
											"faces": {
												"north": { "texture": "#plume", "uv": [ 2.0, 35.5, 2.5, 37.5 ] },
												"east": { "texture": "#plume", "uv": [ 2.5, 35.5, 4.0, 37.5 ] },
												"south": { "texture": "#plume", "uv": [ 4.0, 35.5, 4.5, 37.5 ] },
												"west": { "texture": "#plume", "uv": [ 4.5, 35.5, 6.0, 37.5 ] },
												"up": { "texture": "#plume", "uv": [ 2.0, 34.0, 2.5, 35.5 ] },
												"down": { "texture": "#plume", "uv": [ 2.5, 34.0, 3.0, 35.5 ] }
											}
										}
									]
								},
								{
									"name": "Cube44",
									"from": [ -1.0, -4.9, 1.1 ],
									"to": [ -0.7, 0.1, 2.4 ],
									"uv": [ 0.0, 34.5 ],
									"rotationOrigin": [ -0.9657, -4.2, 1.1 ],
									"rotationX": -3.0,
									"rotationY": 12.0,
									"rotationZ": -10.0,
									"faces": {
										"north": { "texture": "#plume", "uv": [ 0.0, 35.5, 0.5, 40.5 ] },
										"east": { "texture": "#plume", "uv": [ 0.5, 35.5, 1.5, 40.5 ] },
										"south": { "texture": "#plume", "uv": [ 1.5, 35.5, 2.0, 40.5 ] },
										"west": { "texture": "#plume", "uv": [ 2.0, 35.5, 3.0, 40.5 ] },
										"up": { "texture": "#plume", "uv": [ 0.0, 34.5, 0.5, 35.5 ] },
										"down": { "texture": "#plume", "uv": [ 0.5, 34.5, 1.0, 35.5 ] }
									},
									"children": [
										{
											"name": "Cube45",
											"from": [ -0.2, -1.5, -0.1 ],
											"to": [ 0.1, 0.5, 1.3 ],
											"uv": [ 0.0, 33.0 ],
											"rotationOrigin": [ -0.2, -0.8, -0.1 ],
											"rotationY": -1.0,
											"rotationZ": -13.0,
											"faces": {
												"north": { "texture": "#plume", "uv": [ 0.0, 34.0, 0.5, 36.0 ] },
												"east": { "texture": "#plume", "uv": [ 0.5, 34.0, 1.5, 36.0 ] },
												"south": { "texture": "#plume", "uv": [ 1.5, 34.0, 2.0, 36.0 ] },
												"west": { "texture": "#plume", "uv": [ 2.0, 34.0, 3.0, 36.0 ] },
												"up": { "texture": "#plume", "uv": [ 0.0, 33.0, 0.5, 34.0 ] },
												"down": { "texture": "#plume", "uv": [ 0.5, 33.0, 1.0, 34.0 ] }
											}
										}
									]
								}
							]
						},
						{
							"name": "Cube28",
							"from": [ 0.8, 0.0, -3.999 ],
							"to": [ 1.9, 1.1, -1.999 ],
							"uv": [ 0.5, 22.0 ],
							"rotationOrigin": [ 1.0, 0.7, -4.0 ],
							"rotationX": -180.0,
							"rotationY": -90.0,
							"rotationZ": -180.0,
							"faces": {
								"north": { "texture": "#plume", "uv": [ 0.5, 24.0, 1.5, 25.0 ] },
								"east": { "texture": "#plume", "uv": [ 1.5, 24.0, 3.5, 25.0 ] },
								"south": { "texture": "#plume", "uv": [ 3.5, 24.0, 4.5, 25.0 ] },
								"west": { "texture": "#plume", "uv": [ 4.5, 24.0, 6.5, 25.0 ] },
								"up": { "texture": "#plume", "uv": [ 0.5, 22.0, 1.5, 24.0 ] },
								"down": { "texture": "#plume", "uv": [ 1.5, 22.0, 2.5, 24.0 ] }
							},
							"children": [
								{
									"name": "Cube29",
									"from": [ -0.5, -5.0, 0.2 ],
									"to": [ -0.2, 0.1, 2.2 ],
									"uv": [ 0.0, 32.0 ],
									"rotationOrigin": [ -0.4997, -4.3, 0.1986 ],
									"rotationY": 3.0,
									"rotationZ": -7.0,
									"faces": {
										"north": { "texture": "#plume", "uv": [ 0.0, 34.0, 0.5, 39.0 ] },
										"east": { "texture": "#plume", "uv": [ 0.5, 34.0, 2.5, 39.0 ] },
										"south": { "texture": "#plume", "uv": [ 2.5, 34.0, 3.0, 39.0 ] },
										"west": { "texture": "#plume", "uv": [ 3.0, 34.0, 5.0, 39.0 ] },
										"up": { "texture": "#plume", "uv": [ 0.0, 32.0, 0.5, 34.0 ] },
										"down": { "texture": "#plume", "uv": [ 0.5, 32.0, 1.0, 34.0 ] }
									},
									"children": [
										{
											"name": "Cube30",
											"from": [ -0.4, -1.7, 0.0 ],
											"to": [ -0.1, 0.7, 2.0 ],
											"uv": [ 0.0, 31.0 ],
											"rotationOrigin": [ -0.3997, -1.0, -0.0014 ],
											"rotationX": 1.0,
											"rotationY": 5.0,
											"rotationZ": -11.0,
											"faces": {
												"north": { "texture": "#plume", "uv": [ 0.0, 33.0, 0.5, 35.0 ] },
												"east": { "texture": "#plume", "uv": [ 0.5, 33.0, 2.5, 35.0 ] },
												"south": { "texture": "#plume", "uv": [ 2.5, 33.0, 3.0, 35.0 ] },
												"west": { "texture": "#plume", "uv": [ 3.0, 33.0, 5.0, 35.0 ] },
												"up": { "texture": "#plume", "uv": [ 0.0, 31.0, 0.5, 33.0 ] },
												"down": { "texture": "#plume", "uv": [ 0.5, 31.0, 1.0, 33.0 ] }
											}
										}
									]
								}
							]
						},
						{
							"name": "Plain8",
							"from": [ -1.7, 0.1, -3.1 ],
							"to": [ -0.8, 1.0, -1.5 ],
							"uv": [ 1.0, 48.5 ],
							"rotationOrigin": [ -0.6, 0.7, -3.1 ],
							"rotationX": 7.4208,
							"rotationY": -74.8703,
							"rotationZ": 7.6842,
							"faces": {
								"north": { "texture": "#plume", "uv": [ 1.0, 50.0, 1.5, 50.5 ] },
								"east": { "texture": "#plume", "uv": [ 1.5, 50.0, 3.0, 50.5 ] },
								"south": { "texture": "#plume", "uv": [ 3.0, 50.0, 3.5, 50.5 ] },
								"west": { "texture": "#plume", "uv": [ 3.5, 50.0, 5.0, 50.5 ] },
								"up": { "texture": "#plume", "uv": [ 1.0, 48.5, 1.5, 50.0 ] },
								"down": { "texture": "#plume", "uv": [ 1.5, 48.5, 2.0, 50.0 ] }
							},
							"children": [
								{
									"name": "Cube46",
									"from": [ -0.6, -4.5, 0.18 ],
									"to": [ -0.3, 0.0, 1.78 ],
									"uv": [ 1.0, 31.0 ],
									"rotationOrigin": [ 0.2979, -3.8976, 0.176 ],
									"rotationY": 4.0,
									"rotationZ": -9.0,
									"faces": {
										"north": { "texture": "#plume", "uv": [ 1.0, 32.5, 1.5, 37.0 ] },
										"east": { "texture": "#plume", "uv": [ 1.5, 32.5, 3.0, 37.0 ] },
										"south": { "texture": "#plume", "uv": [ 3.0, 32.5, 3.5, 37.0 ] },
										"west": { "texture": "#plume", "uv": [ 3.5, 32.5, 5.0, 37.0 ] },
										"up": { "texture": "#plume", "uv": [ 1.0, 31.0, 1.5, 32.5 ] },
										"down": { "texture": "#plume", "uv": [ 1.5, 31.0, 2.0, 32.5 ] }
									},
									"children": [
										{
											"name": "Cube47",
											"from": [ -0.2, -2.3, 0.0 ],
											"to": [ 0.1, 0.0, 1.6 ],
											"uv": [ 2.5, 33.5 ],
											"rotationOrigin": [ 0.6979, -1.6976, -0.004 ],
											"rotationY": -3.0,
											"rotationZ": -8.0,
											"faces": {
												"north": { "texture": "#plume", "uv": [ 2.5, 35.0, 3.0, 37.0 ] },
												"east": { "texture": "#plume", "uv": [ 3.0, 35.0, 4.5, 37.0 ] },
												"south": { "texture": "#plume", "uv": [ 4.5, 35.0, 5.0, 37.0 ] },
												"west": { "texture": "#plume", "uv": [ 5.0, 35.0, 6.5, 37.0 ] },
												"up": { "texture": "#plume", "uv": [ 2.5, 33.5, 3.0, 35.0 ] },
												"down": { "texture": "#plume", "uv": [ 3.0, 33.5, 3.5, 35.0 ] }
											}
										}
									]
								}
							]
						},
						{
							"name": "Plain9",
							"from": [ -0.5, 0.1, -4.7 ],
							"to": [ 0.4, 1.0, -3.1 ],
							"uv": [ 0.5, 49.0 ],
							"rotationOrigin": [ 0.6, 0.7, -3.1 ],
							"rotationX": -180.0,
							"rotationY": -75.0,
							"rotationZ": -180.0,
							"faces": {
								"north": { "texture": "#plume", "uv": [ 0.5, 50.5, 1.0, 51.0 ] },
								"east": { "texture": "#plume", "uv": [ 1.0, 50.5, 2.5, 51.0 ] },
								"south": { "texture": "#plume", "uv": [ 2.5, 50.5, 3.0, 51.0 ] },
								"west": { "texture": "#plume", "uv": [ 3.0, 50.5, 4.5, 51.0 ] },
								"up": { "texture": "#plume", "uv": [ 0.5, 49.0, 1.0, 50.5 ] },
								"down": { "texture": "#plume", "uv": [ 1.0, 49.0, 1.5, 50.5 ] }
							},
							"children": [
								{
									"name": "Cube49",
									"from": [ -0.6, -4.5, 0.0 ],
									"to": [ -0.3, 0.0, 1.8 ],
									"uv": [ 2.0, 32.5 ],
									"rotationOrigin": [ 0.3, -3.9, 1.6 ],
									"rotationZ": -8.0,
									"faces": {
										"north": { "texture": "#plume", "uv": [ 2.0, 34.0, 2.5, 38.5 ] },
										"east": { "texture": "#plume", "uv": [ 2.5, 34.0, 4.0, 38.5 ] },
										"south": { "texture": "#plume", "uv": [ 4.0, 34.0, 4.5, 38.5 ] },
										"west": { "texture": "#plume", "uv": [ 4.5, 34.0, 6.0, 38.5 ] },
										"up": { "texture": "#plume", "uv": [ 2.0, 32.5, 2.5, 34.0 ] },
										"down": { "texture": "#plume", "uv": [ 2.5, 32.5, 3.0, 34.0 ] }
									},
									"children": [
										{
											"name": "Cube50",
											"from": [ -0.33, -2.41, 0.0 ],
											"to": [ -0.03, -0.01, 1.8 ],
											"uv": [ 0.5, 32.5 ],
											"rotationOrigin": [ 0.5679, -1.8081, 1.6 ],
											"rotationX": -0.4201,
											"rotationY": 5.9853,
											"rotationZ": -9.98,
											"faces": {
												"north": { "texture": "#plume", "uv": [ 0.5, 34.0, 1.0, 36.0 ] },
												"east": { "texture": "#plume", "uv": [ 1.0, 34.0, 2.5, 36.0 ] },
												"south": { "texture": "#plume", "uv": [ 2.5, 34.0, 3.0, 36.0 ] },
												"west": { "texture": "#plume", "uv": [ 3.0, 34.0, 4.5, 36.0 ] },
												"up": { "texture": "#plume", "uv": [ 0.5, 32.5, 1.0, 34.0 ] },
												"down": { "texture": "#plume", "uv": [ 1.0, 32.5, 1.5, 34.0 ] }
											}
										}
									]
								}
							]
						}
					]
				}
			]
		},
		{
			"name": "ArmorNeck",
			"stepParentName": "Neck",
			"from": [ -0.3, 0.6, -0.3 ],
			"to": [ 3.3, 2.4, 3.3 ],
			"unwrapMode": 4,
			"uv": [ 12.0, 5.5 ],
			"rotationOrigin": [ -0.3, 2.6, -0.3 ],
			"faces": {
				"north": { "texture": "#templarhead", "uv": [ 12.0, 5.5, 15.5, 7.0 ] },
				"east": { "texture": "#templarhead", "uv": [ 22.5, 5.5, 26.0, 7.0 ] },
				"south": { "texture": "#templarhead", "uv": [ 19.0, 5.5, 22.5, 7.0 ] },
				"west": { "texture": "#templarhead", "uv": [ 15.5, 5.5, 19.0, 7.0 ] }
			}
		}
	]}