[
	{
		"ingredientPattern": "LLL	L_L	LLL",
		"ingredients": {
			"L": { "type": "item", "code": "phormiumtenaxbundle", "quantity": 3 }
		},
		"name": "stationarybasket",
		"width": 3,
		"height": 3,
		"output": { "type": "block", "code": "stationarybasket-east", "attributes": { "type": "phormiumtenax" }  }
	},
	{
		"ingredientPattern": "LLL	L_L	LLL",
		"ingredients": {
			"L": { "type": "item", "code": "palmleaf-rhopalostylissapida", "quantity": 1 }
		},
		"name": "stationarybasket",
		"width": 3,
		"height": 3,
		"output": { "type": "block", "code": "floralzonescaribbeanregion:stationarybasket-east", "attributes": { "type": "palm" }  }
	}
]