{
	"editor": {
		"allAngles": true,
		"entityTextureMode": false
	},
	"textureWidth": 16,
	"textureHeight": 16,
	"textureSizes": { },
	"textures": { },
	"elements": [
		{
			"name": "Grass1",
			"from": [ 0.0, 0.0, 0.0 ],
			"to": [ 16.0, 2.4, 16.0 ],
			"faces": {
				"north": { "texture": "#bottom", "uv": [ 0.0, 0.0, 16.0, 2.0 ] },
				"east": { "texture": "#bottom", "uv": [ 0.0, 0.0, 16.0, 2.0 ] },
				"south": { "texture": "#bottom", "uv": [ 0.0, 0.0, 16.0, 2.0 ] },
				"west": { "texture": "#bottom", "uv": [ 0.0, 0.0, 16.0, 2.0 ] },
				"up": { "texture": "#bottom", "uv": [ 0.0, 0.0, 16.0, 16.0 ] },
				"down": { "texture": "#bottom", "uv": [ 0.0, 0.0, 16.0, 16.0 ] }
			}
		},
		{
			"name": "Grass2",
			"from": [ 0.0, 2.4, 0.0 ],
			"to": [ 16.0, 4.8, 16.0 ],
			"rotationOrigin": [ 0.0, 2.0, 0.0 ],
			"faces": {
				"north": { "texture": "#bottom", "uv": [ 0.0, 7.0, 16.0, 9.0 ] },
				"east": { "texture": "#bottom", "uv": [ 0.0, 12.5, 16.0, 14.5 ] },
				"south": { "texture": "#bottom", "uv": [ 0.0, 10.0, 16.0, 12.0 ] },
				"west": { "texture": "#bottom", "uv": [ 0.0, 11.0, 16.0, 13.0 ] },
				"up": { "texture": "#bottom", "uv": [ 0.0, 0.0, 16.0, 16.0 ], "rotation": 90 },
				"down": { "texture": "#bottom", "uv": [ 0.0, 0.0, 16.0, 16.0 ] }
			}
		},
		{
			"name": "Grass3",
			"from": [ 0.0, 4.8, 0.0 ],
			"to": [ 16.0, 7.2, 16.0 ],
			"rotationOrigin": [ 0.0, 4.0, 0.0 ],
			"faces": {
				"north": { "texture": "#bottom", "uv": [ 0.0, 1.0, 16.0, 3.0 ] },
				"east": { "texture": "#bottom", "uv": [ 0.0, 2.0, 16.0, 4.0 ] },
				"south": { "texture": "#bottom", "uv": [ 0.0, 13.0, 16.0, 15.0 ] },
				"west": { "texture": "#bottom", "uv": [ 0.0, 7.0, 16.0, 9.0 ] },
				"up": { "texture": "#bottom", "uv": [ 0.0, 0.0, 16.0, 16.0 ], "rotation": 180 },
				"down": { "texture": "#bottom", "uv": [ 0.0, 0.0, 16.0, 16.0 ] }
			}
		},
		{
			"name": "Grass4",
			"from": [ 0.0, 7.2, 0.0 ],
			"to": [ 16.0, 9.6, 16.0 ],
			"rotationOrigin": [ 0.0, 6.0, 0.0 ],
			"faces": {
				"north": { "texture": "#bottom", "uv": [ 0.0, 10.0, 16.0, 12.0 ] },
				"east": { "texture": "#bottom", "uv": [ 0.0, 12.5, 16.0, 14.5 ] },
				"south": { "texture": "#bottom", "uv": [ 0.0, 11.0, 16.0, 13.0 ] },
				"west": { "texture": "#bottom", "uv": [ 0.0, 13.5, 16.0, 15.5 ] },
				"up": { "texture": "#bottom", "uv": [ 0.0, 0.0, 16.0, 16.0 ], "rotation": 270 },
				"down": { "texture": "#bottom", "uv": [ 0.0, 0.0, 16.0, 16.0 ] }
			}
		},
		{
			"name": "Grass5",
			"from": [ 0.0, 9.6, 0.0 ],
			"to": [ 16.0, 12.0, 16.0 ],
			"rotationOrigin": [ 0.0, 8.0, 0.0 ],
			"faces": {
				"north": { "texture": "#bottom", "uv": [ 0.0, 4.5, 16.0, 6.5 ], "rotation": 180 },
				"east": { "texture": "#bottom", "uv": [ 0.0, 5.5, 16.0, 7.5 ], "rotation": 180 },
				"south": { "texture": "#bottom", "uv": [ 0.0, 5.5, 16.0, 7.5 ], "rotation": 180 },
				"west": { "texture": "#bottom", "uv": [ 0.0, 7.5, 16.0, 9.5 ], "rotation": 180 },
				"up": { "texture": "#bottom", "uv": [ 0.0, 0.0, 16.0, 16.0 ], "rotation": 270 },
				"down": { "texture": "#bottom", "uv": [ 0.0, 0.0, 16.0, 16.0 ] }
			}
		},
		{
			"name": "Sticklayer1",
			"from": [ 0.0, 12.6, 0.3 ],
			"to": [ 1.0, 13.6, 1.3 ],
			"rotationOrigin": [ 8.0, 12.0, 8.0 ],
			"faces": {
			},
			"children": [
				{
					"name": "Cube46",
					"from": [ 0.4, 0.0, -0.1 ],
					"to": [ 8.8, 1.0, 0.9 ],
					"rotationOrigin": [ 0.4, 0.0, -0.4 ],
					"rotationX": 5.0,
					"rotationY": -2.0,
					"faces": {
						"north": { "texture": "#oak", "uv": [ 3.0, 10.0, 11.0, 11.0 ] },
						"east": { "texture": "#oak", "uv": [ 0.0, 13.5, 1.0, 14.5 ] },
						"south": { "texture": "#oak", "uv": [ 1.0, 6.5, 9.0, 7.5 ] },
						"west": { "texture": "#oak", "uv": [ 5.5, 8.5, 6.5, 9.5 ] },
						"up": { "texture": "#oak", "uv": [ 6.5, 1.0, 14.5, 2.0 ] },
						"down": { "texture": "#oak", "uv": [ 3.5, 14.5, 11.5, 15.5 ] }
					},
					"children": [
						{
							"name": "Cube47",
							"from": [ 2.51, -0.07, 0.14 ],
							"to": [ 8.01, 0.93, 1.14 ],
							"rotationOrigin": [ 2.5093, -0.0651, 0.2365 ],
							"rotationX": 0.105,
							"rotationY": -45.0,
							"faces": {
								"north": { "texture": "#oak", "uv": [ 5.5, 6.5, 11.0, 7.5 ] },
								"east": { "texture": "#oak", "uv": [ 8.0, 11.0, 9.0, 12.0 ] },
								"south": { "texture": "#oak", "uv": [ 6.5, 5.0, 12.0, 6.0 ] },
								"west": { "texture": "#oak", "uv": [ 14.5, 5.0, 15.5, 6.0 ] },
								"up": { "texture": "#oak", "uv": [ 5.0, 6.5, 10.5, 7.5 ] },
								"down": { "texture": "#oak", "uv": [ 7.5, 9.5, 13.0, 10.5 ] }
							}
						}
					]
				},
				{
					"name": "Cube48",
					"from": [ 7.1, 0.0, 1.8 ],
					"to": [ 15.28, 1.1, 2.85 ],
					"rotationOrigin": [ 7.1, 0.0, 1.8 ],
					"rotationX": 12.0,
					"rotationY": 14.0,
					"faces": {
						"north": { "texture": "#oak", "uv": [ 7.5, 10.0, 15.5, 11.0 ] },
						"east": { "texture": "#oak", "uv": [ 0.0, 3.0, 1.0, 4.0 ] },
						"south": { "texture": "#oak", "uv": [ 3.0, 3.5, 11.0, 4.5 ] },
						"west": { "texture": "#oak", "uv": [ 3.5, 6.5, 4.5, 7.5 ] },
						"up": { "texture": "#oak", "uv": [ 5.0, 1.0, 13.0, 2.0 ] },
						"down": { "texture": "#oak", "uv": [ 4.0, 5.5, 12.0, 6.5 ] }
					},
					"children": [
						{
							"name": "Cube49",
							"from": [ 2.79, -0.08, 0.14 ],
							"to": [ 6.89, 1.02, 1.19 ],
							"rotationOrigin": [ 2.7924, -0.0792, 0.1351 ],
							"rotationX": -0.244,
							"rotationY": -28.0,
							"faces": {
								"north": { "texture": "#oak", "uv": [ 1.0, 10.5, 5.0, 11.5 ] },
								"east": { "texture": "#oak", "uv": [ 8.0, 8.0, 9.0, 9.0 ] },
								"south": { "texture": "#oak", "uv": [ 1.5, 12.0, 5.5, 13.0 ] },
								"west": { "texture": "#oak", "uv": [ 7.0, 11.0, 8.0, 12.0 ] },
								"up": { "texture": "#oak", "uv": [ 8.0, 12.5, 12.0, 13.5 ] },
								"down": { "texture": "#oak", "uv": [ 6.0, 3.5, 10.0, 4.5 ] }
							}
						}
					]
				},
				{
					"name": "Cube54",
					"from": [ 0.0, 0.0, 8.1 ],
					"to": [ 7.1, 0.84, 8.9 ],
					"rotationOrigin": [ 0.0, 0.0, 8.1 ],
					"rotationX": 3.0,
					"rotationY": 4.0,
					"faces": {
						"north": { "texture": "#oak", "uv": [ 0.0, 8.0, 7.0, 8.5 ] },
						"east": { "texture": "#oak", "uv": [ 0.0, 8.0, 0.5, 8.5 ] },
						"south": { "texture": "#oak", "uv": [ 0.0, 8.0, 7.0, 8.5 ] },
						"west": { "texture": "#oak", "uv": [ 0.0, 8.0, 0.5, 8.5 ] },
						"up": { "texture": "#oak", "uv": [ 0.0, 8.0, 7.0, 8.5 ] },
						"down": { "texture": "#oak", "uv": [ 0.0, 8.0, 7.0, 8.5 ] }
					},
					"children": [
						{
							"name": "Cube55",
							"from": [ 1.3, -0.0157, -0.09 ],
							"to": [ 3.0, 0.8243, 0.71 ],
							"rotationOrigin": [ 1.3031, -0.0157, -0.0896 ],
							"rotationX": -0.35,
							"rotationY": 50.0,
							"rotationZ": 2.0,
							"faces": {
								"north": { "texture": "#oak", "uv": [ 0.0, 8.0, 1.5, 8.5 ] },
								"east": { "texture": "#oak", "uv": [ 0.0, 8.0, 0.5, 8.5 ] },
								"south": { "texture": "#oak", "uv": [ 0.0, 8.0, 1.5, 8.5 ] },
								"west": { "texture": "#oak", "uv": [ 0.0, 8.0, 0.5, 8.5 ] },
								"up": { "texture": "#oak", "uv": [ 0.0, 8.0, 1.5, 8.5 ] },
								"down": { "texture": "#oak", "uv": [ 0.0, 8.0, 1.5, 8.5 ] }
							}
						}
					]
				},
				{
					"name": "Cube56",
					"from": [ 0.2, 0.0, 9.8 ],
					"to": [ 7.5, 0.98, 10.83 ],
					"rotationOrigin": [ 0.2, 0.0, 10.2 ],
					"rotationX": 18.0,
					"rotationY": -1.0,
					"rotationZ": 8.0,
					"faces": {
						"north": { "texture": "#oak", "uv": [ 0.0, 10.0, 7.0, 10.5 ] },
						"east": { "texture": "#oak", "uv": [ 0.0, 10.0, 1.0, 10.5 ] },
						"south": { "texture": "#oak", "uv": [ 0.0, 10.0, 7.0, 10.5 ] },
						"west": { "texture": "#oak", "uv": [ 0.0, 10.0, 1.0, 10.5 ] },
						"up": { "texture": "#oak", "uv": [ 0.0, 10.0, 7.0, 11.0 ] },
						"down": { "texture": "#oak", "uv": [ 0.0, 10.0, 7.0, 11.0 ] }
					}
				},
				{
					"name": "Cube58",
					"from": [ 0.5, 0.0, 12.4 ],
					"to": [ 10.0, 0.77, 13.2 ],
					"rotationOrigin": [ 0.5, 0.0, 12.4 ],
					"rotationX": -6.0,
					"rotationY": 2.0,
					"faces": {
						"north": { "texture": "#oak", "uv": [ 0.0, 12.0, 9.5, 12.5 ] },
						"east": { "texture": "#oak", "uv": [ 0.0, 12.0, 0.5, 12.5 ] },
						"south": { "texture": "#oak", "uv": [ 0.0, 12.0, 9.5, 12.5 ] },
						"west": { "texture": "#oak", "uv": [ 0.0, 12.0, 0.5, 12.5 ] },
						"up": { "texture": "#oak", "uv": [ 0.0, 12.0, 9.5, 12.5 ] },
						"down": { "texture": "#oak", "uv": [ 0.0, 12.0, 9.5, 12.5 ] }
					},
					"children": [
						{
							"name": "Cube59",
							"from": [ 7.5, -0.0236, -1.8 ],
							"to": [ 15.4, 0.7464, -1.0 ],
							"rotationOrigin": [ 7.5056, -0.0681, -1.81 ],
							"rotationX": 0.314,
							"rotationY": -8.0,
							"faces": {
								"north": { "texture": "#oak", "uv": [ 7.5, 4.0, 15.0, 4.5 ] },
								"east": { "texture": "#oak", "uv": [ 10.5, 0.0, 11.0, 0.5 ] },
								"south": { "texture": "#oak", "uv": [ 5.0, 7.0, 12.5, 7.5 ] },
								"west": { "texture": "#oak", "uv": [ 9.5, 8.5, 10.0, 9.0 ] },
								"up": { "texture": "#oak", "uv": [ 8.0, 4.0, 15.5, 4.5 ] },
								"down": { "texture": "#oak", "uv": [ 0.5, 13.5, 8.0, 14.0 ] }
							}
						}
					]
				},
				{
					"name": "Cube60",
					"from": [ 7.3, 0.0, 13.9 ],
					"to": [ 15.5, 1.0, 14.9 ],
					"rotationOrigin": [ 7.3, 0.0, 13.9 ],
					"rotationX": 6.0,
					"rotationY": -3.0,
					"faces": {
						"north": { "texture": "#oak", "uv": [ 1.0, 4.0, 2.0, 12.0 ], "rotation": 90 },
						"east": { "texture": "#oak", "uv": [ 0.0, 14.0, 1.0, 15.0 ] },
						"south": { "texture": "#oak", "uv": [ 2.0, 4.0, 3.0, 12.0 ], "rotation": 90 },
						"west": { "texture": "#oak", "uv": [ 0.0, 14.0, 1.0, 15.0 ] },
						"up": { "texture": "#oak", "uv": [ 0.0, 1.0, 1.0, 9.0 ], "rotation": 90 },
						"down": { "texture": "#oak", "uv": [ 1.0, 2.0, 2.0, 10.0 ], "rotation": 90 }
					},
					"children": [
						{
							"name": "Cube61",
							"from": [ 2.65, -0.1, 0.13 ],
							"to": [ 7.1, 0.9, 1.13 ],
							"rotationOrigin": [ 2.7, -0.1, 0.1344 ],
							"rotationX": -0.052,
							"rotationY": 39.0,
							"rotationZ": 3.0,
							"faces": {
								"north": { "texture": "#oak", "uv": [ 0.0, 0.0, 4.0, 1.0 ] },
								"east": { "texture": "#oak", "uv": [ 0.0, 0.0, 1.0, 1.0 ] },
								"south": { "texture": "#oak", "uv": [ 0.0, 0.0, 4.0, 1.0 ] },
								"west": { "texture": "#oak", "uv": [ 0.0, 0.0, 1.0, 1.0 ] },
								"up": { "texture": "#oak", "uv": [ 0.0, 0.0, 4.0, 1.0 ] },
								"down": { "texture": "#oak", "uv": [ 0.0, 0.0, 4.0, 1.0 ] }
							}
						}
					]
				},
				{
					"name": "long67967",
					"from": [ 0.2, 0.0, 5.7 ],
					"to": [ 15.2, 1.5, 6.7 ],
					"rotationOrigin": [ 7.6, 0.0, 6.1 ],
					"rotationY": -8.0,
					"faces": {
						"north": { "texture": "#oak", "uv": [ 0.0, 3.5, 16.0, 4.5 ], "autoUv": false },
						"east": { "texture": "#oak", "uv": [ 1.5, 3.0, 2.5, 4.5 ] },
						"south": { "texture": "#oak", "uv": [ 0.0, 13.0, 15.0, 14.5 ] },
						"west": { "texture": "#oak", "uv": [ 1.0, 3.5, 2.0, 5.0 ] },
						"up": { "texture": "#oak", "uv": [ 0.0, 12.5, 15.0, 13.5 ] },
						"down": { "texture": "#oak", "uv": [ 0.0, 2.5, 16.0, 3.5 ], "autoUv": false }
					},
					"children": [
						{
							"name": "Cube1",
							"from": [ 0.5, 0.0, 1.0 ],
							"to": [ 13.5, 1.5, 1.5 ],
							"rotationOrigin": [ 0.5, 0.0, 1.0 ],
							"faces": {
								"east": { "texture": "#oak", "uv": [ 0.0, 0.0, 0.5, 1.5 ] },
								"south": { "texture": "#oak", "uv": [ 0.0, 0.0, 13.0, 1.5 ] },
								"west": { "texture": "#oak", "uv": [ 0.0, 0.0, 0.5, 1.5 ] },
								"up": { "texture": "#oak", "uv": [ 0.0, 0.0, 13.0, 0.5 ] },
								"down": { "texture": "#oak", "uv": [ 0.0, 0.0, 13.0, 0.5 ] }
							}
						},
						{
							"name": "Cube1056",
							"from": [ 6.0, -0.1, 0.5 ],
							"to": [ 12.0, 0.9, 1.0 ],
							"rotationOrigin": [ 6.0, -0.1, 0.5 ],
							"rotationY": 30.0,
							"faces": {
								"north": { "texture": "#oak", "uv": [ 0.0, 0.0, 6.0, 1.0 ] },
								"east": { "texture": "#oak", "uv": [ 0.0, 0.0, 0.5, 1.0 ] },
								"south": { "texture": "#oak", "uv": [ 0.0, 0.0, 6.0, 1.0 ] },
								"up": { "texture": "#oak", "uv": [ 1.0, 11.0, 7.0, 11.5 ] },
								"down": { "texture": "#oak", "uv": [ 0.0, 0.0, 6.0, 0.5 ] }
							},
							"children": [
								{
									"name": "Cube694",
									"from": [ 0.099, 0.0, -0.5002 ],
									"to": [ 5.099, 1.0, -2.0E-4 ],
									"rotationOrigin": [ 0.099, 0.0, -0.5002 ],
									"faces": {
										"north": { "texture": "#oak", "uv": [ 0.0, 0.0, 5.0, 1.0 ] },
										"east": { "texture": "#oak", "uv": [ 0.0, 0.0, 0.5, 1.0 ] },
										"up": { "texture": "#oak", "uv": [ 8.5, 11.0, 13.5, 11.5 ] },
										"down": { "texture": "#oak", "uv": [ 0.0, 0.0, 5.0, 0.5 ] }
									}
								}
							]
						}
					]
				},
				{
					"name": "short1",
					"from": [ 7.4, 0.0, 4.7 ],
					"to": [ 15.4, 1.0, 5.2 ],
					"rotationOrigin": [ 16.4, 0.0, 5.2 ],
					"rotationY": -14.0,
					"rotationZ": -11.0,
					"faces": {
						"north": { "texture": "#oak1", "uv": [ 0.0, 3.5, 16.0, 4.5 ], "autoUv": false },
						"east": { "texture": "#oak1", "uv": [ 1.5, 3.0, 2.0, 4.0 ] },
						"south": { "texture": "#oak1", "uv": [ 0.0, 13.0, 8.0, 14.0 ] },
						"west": { "texture": "#oak1", "uv": [ 1.0, 3.5, 1.5, 4.5 ] },
						"up": { "texture": "#oak1", "uv": [ 0.0, 10.0, 8.0, 10.5 ] },
						"down": { "texture": "#oak1", "uv": [ 0.0, 2.5, 16.0, 3.5 ], "autoUv": false }
					},
					"children": [
						{
							"name": "Cube7678",
							"from": [ 1.0, 0.0, 0.5 ],
							"to": [ 8.5, 1.0, 1.0 ],
							"rotationOrigin": [ 1.0, 0.0, 0.5 ],
							"faces": {
								"east": { "texture": "#oak", "uv": [ 0.0, 0.0, 0.5, 1.0 ] },
								"south": { "texture": "#oak", "uv": [ 0.0, 0.0, 7.5, 1.0 ] },
								"west": { "texture": "#oak", "uv": [ 0.0, 0.0, 0.5, 1.0 ] },
								"up": { "texture": "#oak", "uv": [ 7.0, 11.0, 14.5, 11.5 ] },
								"down": { "texture": "#oak", "uv": [ 0.0, 0.0, 7.5, 0.5 ] }
							}
						}
					]
				},
				{
					"name": "long",
					"from": [ 5.0, 0.0, 8.9 ],
					"to": [ 16.0, 1.0, 9.4 ],
					"rotationOrigin": [ 12.4, 0.0, 10.3 ],
					"rotationY": 3.0,
					"faces": {
						"north": { "texture": "#oak", "uv": [ 0.0, 3.5, 16.0, 4.5 ], "autoUv": false },
						"east": { "texture": "#oak", "uv": [ 1.5, 3.0, 2.0, 4.0 ] },
						"south": { "texture": "#oak", "uv": [ 0.5, 12.0, 11.5, 13.0 ] },
						"west": { "texture": "#oak", "uv": [ 1.0, 3.5, 1.5, 4.5 ] },
						"up": { "texture": "#oak", "uv": [ 1.5, 8.0, 12.5, 8.5 ] },
						"down": { "texture": "#oak", "uv": [ 0.0, 2.5, 16.0, 3.5 ], "autoUv": false }
					},
					"children": [
						{
							"name": "Cube167",
							"from": [ 0.5, 0.0, 0.5 ],
							"to": [ 9.5, 1.0, 1.0 ],
							"rotationOrigin": [ 0.5, 0.0, 0.5 ],
							"faces": {
								"east": { "texture": "#oak", "uv": [ 0.0, 0.0, 0.5, 1.0 ] },
								"south": { "texture": "#oak", "uv": [ 1.0, 3.5, 10.0, 4.5 ] },
								"west": { "texture": "#oak", "uv": [ 0.0, 0.0, 0.5, 1.0 ] },
								"up": { "texture": "#oak", "uv": [ 1.5, 4.5, 10.5, 5.0 ] },
								"down": { "texture": "#oak", "uv": [ 0.0, 0.0, 9.0, 0.5 ] }
							}
						},
						{
							"name": "Cube5",
							"from": [ 1.5, 0.0, -0.5 ],
							"to": [ 10.5, 1.0, 0.0 ],
							"rotationOrigin": [ 1.5, 0.0, -0.5 ],
							"faces": {
								"north": { "texture": "#oak", "uv": [ 1.0, 10.5, 10.0, 11.5 ] },
								"east": { "texture": "#oak", "uv": [ 0.0, 0.0, 0.5, 1.0 ] },
								"west": { "texture": "#oak", "uv": [ 0.0, 0.0, 0.5, 1.0 ] },
								"up": { "texture": "#oak", "uv": [ 5.5, 4.0, 14.5, 4.5 ] },
								"down": { "texture": "#oak", "uv": [ 0.0, 0.0, 9.0, 0.5 ] }
							}
						}
					]
				},
				{
					"name": "short2",
					"from": [ -0.5, 0.0, 12.2 ],
					"to": [ 8.5, 1.0, 12.7 ],
					"rotationOrigin": [ 4.5, 0.0, 12.7 ],
					"rotationX": -180.0,
					"rotationY": -4.0,
					"rotationZ": -180.0,
					"faces": {
						"north": { "texture": "#oak", "uv": [ 0.0, 3.5, 16.0, 4.5 ], "autoUv": false },
						"east": { "texture": "#oak", "uv": [ 1.5, 3.0, 2.0, 4.0 ] },
						"south": { "texture": "#oak", "uv": [ 0.0, 13.0, 9.0, 14.0 ] },
						"west": { "texture": "#oak", "uv": [ 1.0, 3.5, 1.5, 4.5 ] },
						"up": { "texture": "#oak", "uv": [ 3.5, 8.0, 12.5, 8.5 ] },
						"down": { "texture": "#oak", "uv": [ 0.0, 2.5, 16.0, 3.5 ], "autoUv": false }
					},
					"children": [
						{
							"name": "Cube6",
							"from": [ -0.5, 0.0, 0.5 ],
							"to": [ 7.5, 1.0, 1.0 ],
							"rotationOrigin": [ -0.5, 0.0, 0.5 ],
							"faces": {
								"north": { "texture": "#oak", "uv": [ 0.0, 0.0, 8.0, 1.0 ] },
								"east": { "texture": "#oak", "uv": [ 0.0, 0.0, 0.5, 1.0 ] },
								"south": { "texture": "#oak", "uv": [ 3.0, 2.5, 11.0, 3.5 ] },
								"west": { "texture": "#oak", "uv": [ 0.0, 0.0, 0.5, 1.0 ] },
								"up": { "texture": "#oak", "uv": [ 0.0, 2.0, 8.0, 2.5 ] },
								"down": { "texture": "#oak", "uv": [ 0.0, 0.0, 8.0, 0.5 ] }
							}
						},
						{
							"name": "Cube7",
							"from": [ 1.0, 0.0, -0.5 ],
							"to": [ 9.0, 1.0, 0.0 ],
							"rotationOrigin": [ 1.0, 0.0, -0.5 ],
							"faces": {
								"north": { "texture": "#oak", "uv": [ 0.5, 1.5, 8.5, 2.5 ] },
								"east": { "texture": "#oak", "uv": [ 0.0, 0.0, 0.5, 1.0 ] },
								"west": { "texture": "#oak", "uv": [ 0.0, 0.0, 0.5, 1.0 ] },
								"up": { "texture": "#oak", "uv": [ 7.5, 10.0, 15.5, 10.5 ] },
								"down": { "texture": "#oak", "uv": [ 0.0, 0.0, 8.0, 0.5 ] }
							}
						},
						{
							"name": "Cube8",
							"from": [ 4.7, 0.0, -0.5 ],
							"to": [ 8.7, 0.5, 0.0 ],
							"rotationOrigin": [ 4.7, 0.0, -0.5 ],
							"rotationY": 17.0,
							"faces": {
								"north": { "texture": "#oak", "uv": [ 4.0, 5.5, 8.0, 6.0 ] },
								"east": { "texture": "#oak", "uv": [ 0.0, 0.0, 0.5, 0.5 ] },
								"south": { "texture": "#oak", "uv": [ 0.0, 0.0, 4.0, 0.5 ] },
								"up": { "texture": "#oak", "uv": [ 1.5, 2.5, 5.5, 3.0 ] },
								"down": { "texture": "#oak", "uv": [ 0.0, 0.0, 4.0, 0.5 ] }
							}
						},
						{
							"name": "Cube9",
							"from": [ 2.5, 0.0, 0.5 ],
							"to": [ 5.5, 0.5, 1.0 ],
							"rotationOrigin": [ 2.5, 0.0, 0.5 ],
							"rotationY": -30.0,
							"faces": {
								"north": { "texture": "#oak", "uv": [ 0.0, 0.0, 3.0, 0.5 ] },
								"east": { "texture": "#oak", "uv": [ 0.0, 0.0, 0.5, 0.5 ] },
								"south": { "texture": "#oak", "uv": [ 0.0, 0.0, 3.0, 0.5 ] },
								"up": { "texture": "#oak", "uv": [ 3.0, 2.0, 6.0, 2.5 ] },
								"down": { "texture": "#oak", "uv": [ 0.0, 0.0, 3.0, 0.5 ] }
							}
						},
						{
							"name": "Cube10",
							"from": [ 7.5, 0.0, 0.5 ],
							"to": [ 8.5, 0.5, 1.0 ],
							"rotationOrigin": [ 7.5, 0.0, 0.5 ],
							"rotationY": -30.0,
							"faces": {
								"north": { "texture": "#oak", "uv": [ 0.0, 0.0, 1.0, 0.5 ] },
								"east": { "texture": "#oak", "uv": [ 0.0, 0.0, 0.5, 0.5 ] },
								"south": { "texture": "#oak", "uv": [ 0.0, 0.0, 1.0, 0.5 ] },
								"up": { "texture": "#oak", "uv": [ 3.0, 2.0, 4.0, 2.5 ] },
								"down": { "texture": "#oak", "uv": [ 0.0, 0.0, 1.0, 0.5 ] }
							}
						}
					]
				}
			]
		},
		{
			"name": "Sticklayer2",
			"from": [ 0.0, 13.6, 0.3 ],
			"to": [ 1.0, 14.6, 1.3 ],
			"rotationOrigin": [ 8.0, 15.0, 8.0 ],
			"rotationY": 90.0,
			"faces": {
			},
			"children": [
				{
					"name": "Cube38",
					"from": [ 0.4, 0.0, -0.1 ],
					"to": [ 8.8, 1.0, 0.9 ],
					"rotationOrigin": [ 0.4, 0.0, -0.4 ],
					"rotationX": 5.0,
					"rotationY": -2.0,
					"faces": {
						"north": { "texture": "#oak", "uv": [ 3.0, 7.0, 11.0, 8.0 ] },
						"east": { "texture": "#oak", "uv": [ 3.5, 10.0, 4.5, 11.0 ] },
						"south": { "texture": "#oak", "uv": [ 5.0, 10.0, 13.0, 11.0 ] },
						"west": { "texture": "#oak", "uv": [ 4.0, 14.0, 5.0, 15.0 ] },
						"up": { "texture": "#oak", "uv": [ 4.0, 10.5, 12.0, 11.5 ] },
						"down": { "texture": "#oak", "uv": [ 1.5, 2.0, 9.5, 3.0 ] }
					},
					"children": [
						{
							"name": "Cube39",
							"from": [ 2.51, -0.07, 0.14 ],
							"to": [ 8.01, 0.93, 1.14 ],
							"rotationOrigin": [ 2.5093, -0.0651, 0.2365 ],
							"rotationX": 0.105,
							"rotationY": -45.0,
							"faces": {
								"north": { "texture": "#oak", "uv": [ 4.0, 1.0, 9.5, 2.0 ] },
								"east": { "texture": "#oak", "uv": [ 4.5, 4.5, 5.5, 5.5 ] },
								"south": { "texture": "#oak", "uv": [ 1.0, 13.5, 6.5, 14.5 ] },
								"west": { "texture": "#oak", "uv": [ 10.5, 5.5, 11.5, 6.5 ] },
								"up": { "texture": "#oak", "uv": [ 7.5, 11.0, 13.0, 12.0 ] },
								"down": { "texture": "#oak", "uv": [ 5.5, 3.0, 11.0, 4.0 ] }
							}
						}
					]
				},
				{
					"name": "Cube40",
					"from": [ 7.1, 0.0, 1.8 ],
					"to": [ 15.28, 1.1, 2.85 ],
					"rotationOrigin": [ 7.1, 0.0, 1.8 ],
					"rotationX": 12.0,
					"rotationY": 14.0,
					"faces": {
						"north": { "texture": "#oak", "uv": [ 1.5, 9.5, 9.5, 10.5 ] },
						"east": { "texture": "#oak", "uv": [ 4.0, 1.0, 5.0, 2.0 ] },
						"south": { "texture": "#oak", "uv": [ 3.0, 6.5, 11.0, 7.5 ] },
						"west": { "texture": "#oak", "uv": [ 10.5, 14.0, 11.5, 15.0 ] },
						"up": { "texture": "#oak", "uv": [ 7.5, 3.0, 15.5, 4.0 ] },
						"down": { "texture": "#oak", "uv": [ 6.0, 6.0, 14.0, 7.0 ] }
					},
					"children": [
						{
							"name": "Cube41",
							"from": [ 2.79, -0.08, 0.14 ],
							"to": [ 6.89, 1.02, 1.19 ],
							"rotationOrigin": [ 2.7924, -0.0792, 0.1351 ],
							"rotationX": -0.244,
							"rotationY": -28.0,
							"faces": {
								"north": { "texture": "#oak", "uv": [ 1.5, 13.0, 5.5, 14.0 ] },
								"east": { "texture": "#oak", "uv": [ 12.0, 1.0, 13.0, 2.0 ] },
								"south": { "texture": "#oak", "uv": [ 11.0, 11.0, 15.0, 12.0 ] },
								"west": { "texture": "#oak", "uv": [ 5.5, 8.0, 6.5, 9.0 ] },
								"up": { "texture": "#oak", "uv": [ 1.5, 4.0, 5.5, 5.0 ] },
								"down": { "texture": "#oak", "uv": [ 8.5, 9.5, 12.5, 10.5 ] }
							}
						}
					]
				},
				{
					"name": "Cube42",
					"from": [ 0.0, 0.0, 8.1 ],
					"to": [ 7.1, 0.84, 8.9 ],
					"rotationOrigin": [ 0.0, 0.0, 8.1 ],
					"rotationX": 3.0,
					"rotationY": 4.0,
					"faces": {
						"north": { "texture": "#oak", "uv": [ 8.0, 14.0, 15.0, 14.5 ] },
						"east": { "texture": "#oak", "uv": [ 10.0, 4.0, 10.5, 4.5 ] },
						"south": { "texture": "#oak", "uv": [ 5.0, 15.0, 12.0, 15.5 ] },
						"west": { "texture": "#oak", "uv": [ 13.5, 0.5, 14.0, 1.0 ] },
						"up": { "texture": "#oak", "uv": [ 7.5, 3.5, 14.5, 4.0 ] },
						"down": { "texture": "#oak", "uv": [ 8.5, 1.0, 15.5, 1.5 ] }
					},
					"children": [
						{
							"name": "Cube43",
							"from": [ 1.3, -0.0157, -0.09 ],
							"to": [ 3.0, 0.8243, 0.71 ],
							"rotationOrigin": [ 1.3031, -0.0157, -0.0896 ],
							"rotationX": -0.35,
							"rotationY": 50.0,
							"rotationZ": 2.0,
							"faces": {
								"north": { "texture": "#oak", "uv": [ 3.0, 0.5, 4.5, 1.0 ] },
								"east": { "texture": "#oak", "uv": [ 10.5, 7.5, 11.0, 8.0 ] },
								"south": { "texture": "#oak", "uv": [ 6.5, 0.5, 8.0, 1.0 ] },
								"west": { "texture": "#oak", "uv": [ 11.0, 11.0, 11.5, 11.5 ] },
								"up": { "texture": "#oak", "uv": [ 3.5, 14.5, 5.0, 15.0 ] },
								"down": { "texture": "#oak", "uv": [ 0.0, 9.0, 1.5, 9.5 ] }
							}
						}
					]
				},
				{
					"name": "Cube44",
					"from": [ 0.2, 0.0, 9.8 ],
					"to": [ 7.5, 0.98, 10.83 ],
					"rotationOrigin": [ 0.2, 0.0, 10.2 ],
					"rotationX": 18.0,
					"rotationY": -1.0,
					"rotationZ": 8.0,
					"faces": {
						"north": { "texture": "#oak", "uv": [ 3.5, 14.5, 10.5, 15.0 ] },
						"east": { "texture": "#oak", "uv": [ 11.0, 13.5, 12.0, 14.0 ] },
						"south": { "texture": "#oak", "uv": [ 2.0, 4.0, 9.0, 4.5 ] },
						"west": { "texture": "#oak", "uv": [ 11.0, 6.5, 12.0, 7.0 ] },
						"up": { "texture": "#oak", "uv": [ 6.5, 14.0, 13.5, 15.0 ] },
						"down": { "texture": "#oak", "uv": [ 5.5, 11.0, 12.5, 12.0 ] }
					}
				},
				{
					"name": "Cube45",
					"from": [ 0.5, 0.0, 12.4 ],
					"to": [ 10.0, 0.77, 13.2 ],
					"rotationOrigin": [ 0.5, 0.0, 12.4 ],
					"rotationX": -6.0,
					"rotationY": 2.0,
					"faces": {
						"north": { "texture": "#oak", "uv": [ 3.5, 10.5, 13.0, 11.0 ] },
						"east": { "texture": "#oak", "uv": [ 6.0, 2.5, 6.5, 3.0 ] },
						"south": { "texture": "#oak", "uv": [ 0.5, 9.0, 10.0, 9.5 ] },
						"west": { "texture": "#oak", "uv": [ 9.5, 10.0, 10.0, 10.5 ] },
						"up": { "texture": "#oak", "uv": [ 4.0, 8.5, 13.5, 9.0 ] },
						"down": { "texture": "#oak", "uv": [ 0.0, 5.0, 9.5, 5.5 ] }
					},
					"children": [
						{
							"name": "Cube50",
							"from": [ 7.5, -0.0236, -1.8 ],
							"to": [ 15.4, 0.7464, -1.0 ],
							"rotationOrigin": [ 7.5056, -0.0681, -1.81 ],
							"rotationX": 0.314,
							"rotationY": -8.0,
							"faces": {
								"north": { "texture": "#oak", "uv": [ 4.5, 3.0, 12.0, 3.5 ] },
								"east": { "texture": "#oak", "uv": [ 12.0, 11.5, 12.5, 12.0 ] },
								"south": { "texture": "#oak", "uv": [ 8.0, 8.0, 15.5, 8.5 ] },
								"west": { "texture": "#oak", "uv": [ 5.5, 5.5, 6.0, 6.0 ] },
								"up": { "texture": "#oak", "uv": [ 8.0, 15.0, 15.5, 15.5 ] },
								"down": { "texture": "#oak", "uv": [ 3.5, 14.0, 11.0, 14.5 ] }
							}
						}
					]
				},
				{
					"name": "Cube50379",
					"from": [ 7.3, 0.0, 13.9 ],
					"to": [ 15.5, 1.0, 14.9 ],
					"rotationOrigin": [ 7.3, 0.0, 13.9 ],
					"rotationX": 6.0,
					"rotationY": -3.0,
					"faces": {
						"north": { "texture": "#oak", "uv": [ 3.0, 2.5, 4.0, 10.5 ], "rotation": 90 },
						"east": { "texture": "#oak", "uv": [ 8.0, 2.0, 9.0, 3.0 ] },
						"south": { "texture": "#oak", "uv": [ 3.5, 3.0, 4.5, 11.0 ], "rotation": 90 },
						"west": { "texture": "#oak", "uv": [ 5.0, 14.5, 6.0, 15.5 ] },
						"up": { "texture": "#oak", "uv": [ 10.5, 4.5, 11.5, 12.5 ], "rotation": 90 },
						"down": { "texture": "#oak", "uv": [ 7.0, 0.0, 8.0, 8.0 ], "rotation": 90 }
					},
					"children": [
						{
							"name": "Cube50579",
							"from": [ 2.65, -0.1, 0.13 ],
							"to": [ 7.1, 0.9, 1.13 ],
							"rotationOrigin": [ 2.7, -0.1, 0.1344 ],
							"rotationX": -0.052,
							"rotationY": 39.0,
							"rotationZ": 3.0,
							"faces": {
								"north": { "texture": "#oak", "uv": [ 9.5, 0.0, 13.5, 1.0 ] },
								"east": { "texture": "#oak", "uv": [ 11.0, 9.5, 12.0, 10.5 ] },
								"south": { "texture": "#oak", "uv": [ 4.0, 9.0, 8.0, 10.0 ] },
								"west": { "texture": "#oak", "uv": [ 4.5, 4.5, 5.5, 5.5 ] },
								"up": { "texture": "#oak", "uv": [ 9.5, 7.0, 13.5, 8.0 ] },
								"down": { "texture": "#oak", "uv": [ 7.0, 2.0, 11.0, 3.0 ] }
							}
						}
					]
				},
				{
					"name": "long49",
					"from": [ 0.2, 0.5, 4.7 ],
					"to": [ 15.2, 1.5, 5.7 ],
					"rotationOrigin": [ 0.6, 0.5, 5.1 ],
					"rotationY": -8.0,
					"faces": {
						"north": { "texture": "#oak", "uv": [ 0.0, 2.5, 16.0, 3.5 ], "autoUv": false },
						"east": { "texture": "#oak", "uv": [ 13.5, 3.5, 14.5, 4.5 ] },
						"south": { "texture": "#oak", "uv": [ 0.0, 4.5, 15.0, 5.5 ] },
						"west": { "texture": "#oak", "uv": [ 0.5, 3.5, 1.5, 4.5 ] },
						"up": { "texture": "#oak", "uv": [ 0.5, 4.5, 15.5, 5.5 ] },
						"down": { "texture": "#oak", "uv": [ 0.0, 10.5, 16.0, 11.5 ], "autoUv": false }
					},
					"children": [
						{
							"name": "Cube51",
							"from": [ 6.0, 0.5, 0.5 ],
							"to": [ 7.0, 1.0, 1.0 ],
							"rotationOrigin": [ 6.0, 0.5, 0.5 ],
							"rotationY": 8.0,
							"rotationZ": 55.0,
							"faces": {
								"north": { "texture": "#oak", "uv": [ 8.0, 4.5, 9.0, 5.0 ] },
								"east": { "texture": "#oak", "uv": [ 15.0, 14.5, 15.5, 15.0 ] },
								"south": { "texture": "#oak", "uv": [ 9.0, 14.5, 10.0, 15.0 ] },
								"up": { "texture": "#oak", "uv": [ 4.5, 7.5, 5.5, 8.0 ] },
								"down": { "texture": "#oak", "uv": [ 2.0, 4.5, 3.0, 5.0 ] }
							}
						}
					]
				},
				{
					"name": "short53",
					"from": [ 6.7, 0.0, 4.7 ],
					"to": [ 15.7, 1.0, 5.2 ],
					"rotationOrigin": [ 15.7, 0.0, 5.2 ],
					"rotationY": -14.0,
					"rotationZ": -11.0,
					"faces": {
						"north": { "texture": "#oak", "uv": [ 0.0, 5.0, 16.0, 6.0 ], "autoUv": false },
						"east": { "texture": "#oak", "uv": [ 10.0, 11.5, 10.5, 12.5 ] },
						"south": { "texture": "#oak", "uv": [ 4.5, 8.5, 13.5, 9.5 ] },
						"west": { "texture": "#oak", "uv": [ 0.0, 9.0, 0.5, 10.0 ] },
						"up": { "texture": "#oak", "uv": [ 3.0, 11.0, 12.0, 11.5 ] },
						"down": { "texture": "#oak", "uv": [ 0.0, 6.0, 16.0, 7.0 ], "autoUv": false }
					},
					"children": [
						{
							"name": "Cube57",
							"from": [ 1.0, 0.0, 0.5 ],
							"to": [ 8.5, 1.0, 1.0 ],
							"rotationOrigin": [ 1.0, 0.0, 0.5 ],
							"faces": {
								"east": { "texture": "#oak", "uv": [ 14.0, 9.0, 14.5, 10.0 ] },
								"south": { "texture": "#oak", "uv": [ 4.5, 9.0, 12.0, 10.0 ] },
								"west": { "texture": "#oak", "uv": [ 0.5, 10.0, 1.0, 11.0 ] },
								"up": { "texture": "#oak", "uv": [ 5.0, 1.5, 12.5, 2.0 ] },
								"down": { "texture": "#oak", "uv": [ 1.5, 3.0, 9.0, 3.5 ] }
							}
						}
					]
				},
				{
					"name": "long55",
					"from": [ 3.0, 0.0, 8.9 ],
					"to": [ 14.0, 1.0, 9.4 ],
					"rotationOrigin": [ 2.4, 0.0, 9.3 ],
					"rotationY": 3.0,
					"rotationZ": 6.0,
					"faces": {
						"north": { "texture": "#oak", "uv": [ 0.0, 14.0, 16.0, 15.0 ], "autoUv": false },
						"east": { "texture": "#oak", "uv": [ 8.0, 3.5, 8.5, 4.5 ] },
						"south": { "texture": "#oak", "uv": [ 0.0, 4.0, 11.0, 5.0 ] },
						"west": { "texture": "#oak", "uv": [ 9.5, 6.0, 10.0, 7.0 ] },
						"up": { "texture": "#oak", "uv": [ 4.0, 4.0, 15.0, 4.5 ] },
						"down": { "texture": "#oak", "uv": [ 0.0, 8.0, 16.0, 9.0 ], "autoUv": false }
					},
					"children": [
						{
							"name": "Cube57540",
							"from": [ 0.5, 0.0, 0.5 ],
							"to": [ 9.5, 1.0, 1.0 ],
							"rotationOrigin": [ 0.5, 0.0, 0.5 ],
							"faces": {
								"east": { "texture": "#oak", "uv": [ 10.5, 12.5, 11.0, 13.5 ] },
								"south": { "texture": "#oak", "uv": [ 3.0, 9.0, 12.0, 10.0 ] },
								"west": { "texture": "#oak", "uv": [ 8.0, 1.5, 8.5, 2.5 ] },
								"up": { "texture": "#oak", "uv": [ 2.5, 12.0, 11.5, 12.5 ] },
								"down": { "texture": "#oak", "uv": [ 5.5, 7.5, 14.5, 8.0 ] }
							}
						},
						{
							"name": "Cube5767",
							"from": [ 1.5, 0.0, -0.5 ],
							"to": [ 10.5, 1.0, 0.0 ],
							"rotationOrigin": [ 1.5, 0.0, -0.5 ],
							"faces": {
								"north": { "texture": "#oak", "uv": [ 3.5, 11.0, 12.5, 12.0 ] },
								"east": { "texture": "#oak", "uv": [ 10.5, 11.0, 11.0, 12.0 ] },
								"west": { "texture": "#oak", "uv": [ 2.0, 8.5, 2.5, 9.5 ] },
								"up": { "texture": "#oak", "uv": [ 5.5, 7.5, 14.5, 8.0 ] },
								"down": { "texture": "#oak", "uv": [ 1.5, 5.0, 10.5, 5.5 ] }
							}
						}
					]
				},
				{
					"name": "short58",
					"from": [ -0.5, 0.0, 12.2 ],
					"to": [ 8.5, 1.0, 12.7 ],
					"rotationOrigin": [ 4.5, 0.0, 12.7 ],
					"rotationX": -180.0,
					"rotationY": -4.0,
					"rotationZ": -180.0,
					"faces": {
						"north": { "texture": "#oak", "uv": [ 0.0, 1.0, 16.0, 2.0 ], "autoUv": false },
						"east": { "texture": "#oak", "uv": [ 5.5, 3.0, 6.0, 4.0 ] },
						"south": { "texture": "#oak", "uv": [ 0.0, 3.5, 9.0, 4.5 ] },
						"west": { "texture": "#oak", "uv": [ 12.5, 14.0, 13.0, 15.0 ] },
						"up": { "texture": "#oak", "uv": [ 0.5, 3.5, 9.5, 4.0 ] },
						"down": { "texture": "#oak", "uv": [ 0.0, 11.5, 16.0, 12.5 ], "autoUv": false }
					},
					"children": [
						{
							"name": "Cube62",
							"from": [ -0.5, 0.0, 0.5 ],
							"to": [ 7.5, 1.0, 1.0 ],
							"rotationOrigin": [ -0.5, 0.0, 0.5 ],
							"faces": {
								"north": { "texture": "#oak", "uv": [ 5.5, 0.0, 13.5, 1.0 ] },
								"east": { "texture": "#oak", "uv": [ 9.0, 1.5, 9.5, 2.5 ] },
								"south": { "texture": "#oak", "uv": [ 4.5, 5.0, 12.5, 6.0 ] },
								"west": { "texture": "#oak", "uv": [ 6.5, 3.0, 7.0, 4.0 ] },
								"up": { "texture": "#oak", "uv": [ 5.5, 14.0, 13.5, 14.5 ] },
								"down": { "texture": "#oak", "uv": [ 4.0, 13.5, 12.0, 14.0 ] }
							}
						},
						{
							"name": "Cube62345",
							"from": [ 1.0, 0.0, -0.5 ],
							"to": [ 9.0, 1.0, 0.0 ],
							"rotationOrigin": [ 1.0, 0.0, -0.5 ],
							"faces": {
								"north": { "texture": "#oak", "uv": [ 7.0, 9.0, 15.0, 10.0 ] },
								"east": { "texture": "#oak", "uv": [ 3.0, 6.0, 3.5, 7.0 ] },
								"west": { "texture": "#oak", "uv": [ 6.5, 11.0, 7.0, 12.0 ] },
								"up": { "texture": "#oak", "uv": [ 0.5, 3.0, 8.5, 3.5 ] },
								"down": { "texture": "#oak", "uv": [ 1.0, 4.0, 9.0, 4.5 ] }
							}
						},
						{
							"name": "Cube6245",
							"from": [ 4.7, 0.0, -0.5 ],
							"to": [ 8.7, 0.5, 0.0 ],
							"rotationOrigin": [ 4.7, 0.0, -0.5 ],
							"rotationY": 17.0,
							"faces": {
								"north": { "texture": "#oak", "uv": [ 5.5, 1.5, 9.5, 2.0 ] },
								"east": { "texture": "#oak", "uv": [ 9.5, 3.0, 10.0, 3.5 ] },
								"south": { "texture": "#oak", "uv": [ 11.0, 1.5, 15.0, 2.0 ] },
								"up": { "texture": "#oak", "uv": [ 5.5, 10.0, 9.5, 10.5 ] },
								"down": { "texture": "#oak", "uv": [ 11.0, 8.0, 15.0, 8.5 ] }
							}
						},
						{
							"name": "Cube6234",
							"from": [ 2.5, 0.0, 0.5 ],
							"to": [ 5.5, 0.5, 1.0 ],
							"rotationOrigin": [ 2.5, 0.0, 0.5 ],
							"rotationY": -30.0,
							"faces": {
								"north": { "texture": "#oak", "uv": [ 2.0, 3.5, 5.0, 4.0 ] },
								"east": { "texture": "#oak", "uv": [ 13.0, 2.5, 13.5, 3.0 ] },
								"south": { "texture": "#oak", "uv": [ 1.5, 10.0, 4.5, 10.5 ] },
								"up": { "texture": "#oak", "uv": [ 9.5, 10.0, 12.5, 10.5 ] },
								"down": { "texture": "#oak", "uv": [ 3.0, 8.0, 6.0, 8.5 ] }
							}
						},
						{
							"name": "Cube63",
							"from": [ 7.5, 0.0, 0.5 ],
							"to": [ 8.5, 0.5, 1.0 ],
							"rotationOrigin": [ 7.5, 0.0, 0.5 ],
							"rotationY": -30.0,
							"faces": {
								"north": { "texture": "#oak", "uv": [ 4.0, 3.0, 5.0, 3.5 ] },
								"east": { "texture": "#oak", "uv": [ 10.5, 6.5, 11.0, 7.0 ] },
								"south": { "texture": "#oak", "uv": [ 7.0, 5.5, 8.0, 6.0 ] },
								"up": { "texture": "#oak", "uv": [ 10.5, 15.0, 11.5, 15.5 ] },
								"down": { "texture": "#oak", "uv": [ 13.0, 8.0, 14.0, 8.5 ] }
							}
						}
					]
				}
			]
		},
		{
			"name": "Coal1",
			"from": [ 0.0, 14.8, 0.0 ],
			"to": [ 8.0, 16.8, 8.0 ],
			"rotationOrigin": [ 2.0, 16.2, 2.0 ],
			"faces": {
				"north": { "texture": "#coal", "uv": [ 1.5, 7.5, 9.5, 9.5 ] },
				"east": { "texture": "#coal", "uv": [ 6.5, 7.5, 14.5, 9.5 ] },
				"south": { "texture": "#coal", "uv": [ 0.5, 9.5, 8.5, 11.5 ] },
				"west": { "texture": "#coal", "uv": [ 2.5, 11.0, 10.5, 13.0 ] },
				"up": { "texture": "#coal", "uv": [ 4.0, 6.5, 12.0, 14.5 ] },
				"down": { "texture": "#coal", "uv": [ 1.0, 2.0, 9.0, 10.0 ] }
			}
		},
		{
			"name": "Coal2",
			"from": [ 8.0, 14.4, 0.0 ],
			"to": [ 16.0, 16.4, 8.0 ],
			"rotationOrigin": [ 10.0, 15.8, 2.0 ],
			"faces": {
				"north": { "texture": "#coal", "uv": [ 5.0, 0.0, 7.0, 8.0 ], "rotation": 90 },
				"east": { "texture": "#coal", "uv": [ 0.5, 2.5, 8.5, 4.5 ] },
				"south": { "texture": "#coal", "uv": [ 3.5, 2.5, 11.5, 4.5 ] },
				"west": { "texture": "#coal", "uv": [ 7.0, 13.0, 15.0, 15.0 ] },
				"up": { "texture": "#coal", "uv": [ 7.0, 2.5, 15.0, 10.5 ], "rotation": 90 },
				"down": { "texture": "#coal", "uv": [ 6.5, 6.0, 14.5, 14.0 ] }
			}
		},
		{
			"name": "Coal3",
			"from": [ 0.0, 14.3, 8.0 ],
			"to": [ 8.0, 16.3, 16.0 ],
			"rotationOrigin": [ 2.0, 15.7, 10.0 ],
			"faces": {
				"north": { "texture": "#coal", "uv": [ 3.0, 0.5, 5.0, 8.5 ], "rotation": 270 },
				"east": { "texture": "#coal", "uv": [ 2.5, 0.5, 10.5, 2.5 ] },
				"south": { "texture": "#coal", "uv": [ 3.5, 4.5, 11.5, 6.5 ] },
				"west": { "texture": "#coal", "uv": [ 6.5, 13.0, 14.5, 15.0 ] },
				"up": { "texture": "#coal", "uv": [ 7.5, 7.5, 15.5, 15.5 ], "rotation": 180 },
				"down": { "texture": "#coal", "uv": [ 1.5, 0.5, 9.5, 8.5 ] }
			}
		},
		{
			"name": "Coal4",
			"from": [ 8.0, 14.6, 8.0 ],
			"to": [ 16.0, 16.6, 16.0 ],
			"rotationOrigin": [ 10.0, 16.0, 10.0 ],
			"faces": {
				"north": { "texture": "#coal", "uv": [ 4.0, 9.0, 12.0, 11.0 ] },
				"east": { "texture": "#coal", "uv": [ 3.5, 2.5, 11.5, 4.5 ] },
				"south": { "texture": "#coal", "uv": [ 5.5, 5.0, 13.5, 7.0 ] },
				"west": { "texture": "#coal", "uv": [ 7.5, 5.5, 15.5, 7.5 ] },
				"up": { "texture": "#coal", "uv": [ 7.5, 0.0, 15.5, 8.0 ] },
				"down": { "texture": "#coal", "uv": [ 2.5, 7.5, 10.5, 15.5 ] }
			}
		},
		{
			"name": "Coal5",
			"from": [ 0.0, 14.8, 0.0 ],
			"to": [ 8.0, 18.8, 8.0 ],
			"rotationOrigin": [ 2.0, 16.2, 2.0 ],
			"faces": {
				"north": { "texture": "#coal", "uv": [ 0.5, 3.0, 8.5, 7.0 ] },
				"east": { "texture": "#coal", "uv": [ 6.5, 2.0, 14.5, 6.0 ] },
				"south": { "texture": "#coal", "uv": [ 0.5, 4.0, 8.5, 8.0 ] },
				"west": { "texture": "#coal", "uv": [ 2.5, 6.5, 10.5, 10.5 ] },
				"up": { "texture": "#coal", "uv": [ 7.5, 1.5, 15.5, 9.5 ] },
				"down": { "texture": "#coal", "uv": [ 2.5, 1.5, 10.5, 9.5 ] }
			}
		},
		{
			"name": "Coal6",
			"from": [ 8.0, 16.4, 0.0 ],
			"to": [ 16.0, 18.4, 8.0 ],
			"rotationOrigin": [ 10.0, 17.8, 2.0 ],
			"faces": {
				"north": { "texture": "#coal", "uv": [ 11.0, 5.0, 13.0, 13.0 ], "rotation": 90 },
				"east": { "texture": "#coal", "uv": [ 6.0, 11.5, 14.0, 13.5 ] },
				"south": { "texture": "#coal", "uv": [ 0.5, 13.5, 8.5, 15.5 ] },
				"west": { "texture": "#coal", "uv": [ 4.0, 0.5, 12.0, 2.5 ] },
				"up": { "texture": "#coal", "uv": [ 6.5, 0.0, 14.5, 8.0 ], "rotation": 90 },
				"down": { "texture": "#coal", "uv": [ 4.5, 7.0, 12.5, 15.0 ] }
			}
		},
		{
			"name": "Coal7",
			"from": [ 0.0, 16.3, 8.0 ],
			"to": [ 8.0, 18.3, 16.0 ],
			"rotationOrigin": [ 2.0, 17.7, 10.0 ],
			"faces": {
				"north": { "texture": "#coal", "uv": [ 3.5, 1.0, 5.5, 9.0 ], "rotation": 270 },
				"east": { "texture": "#coal", "uv": [ 1.5, 1.0, 9.5, 3.0 ] },
				"south": { "texture": "#coal", "uv": [ 6.0, 0.5, 14.0, 2.5 ] },
				"west": { "texture": "#coal", "uv": [ 2.0, 4.0, 10.0, 6.0 ] },
				"up": { "texture": "#coal", "uv": [ 1.5, 1.0, 9.5, 9.0 ], "rotation": 180 },
				"down": { "texture": "#coal", "uv": [ 6.5, 6.0, 14.5, 14.0 ] }
			}
		},
		{
			"name": "Coal8",
			"from": [ 8.0, 16.6, 8.0 ],
			"to": [ 16.0, 18.6, 16.0 ],
			"rotationOrigin": [ 10.0, 18.0, 10.0 ],
			"faces": {
				"north": { "texture": "#coal", "uv": [ 7.0, 5.0, 15.0, 7.0 ] },
				"east": { "texture": "#coal", "uv": [ 4.0, 7.0, 12.0, 9.0 ] },
				"south": { "texture": "#coal", "uv": [ 4.0, 7.5, 12.0, 9.5 ] },
				"west": { "texture": "#coal", "uv": [ 7.0, 9.0, 15.0, 11.0 ] },
				"up": { "texture": "#coal", "uv": [ 0.0, 5.0, 8.0, 13.0 ] },
				"down": { "texture": "#coal", "uv": [ 5.0, 2.5, 13.0, 10.5 ] }
			}
		},
		{
			"name": "Logs1",
			"from": [ 0.0, 14.9, 0.5 ],
			"to": [ 4.0, 18.9, 15.5 ],
			"rotationOrigin": [ 2.0, 15.7, 0.0 ],
			"rotationX": 3.0,
			"rotationZ": 8.0,
			"faces": {
				"north": { "texture": "#north", "uv": [ 12.0, 12.0, 16.0, 16.0 ] },
				"east": { "texture": "#bark", "uv": [ 0.0, 0.0, 15.0, 4.0 ] },
				"south": { "texture": "#south", "uv": [ 0.0, 12.0, 4.0, 16.0 ] },
				"west": { "texture": "#side", "uv": [ 0.0, 0.0, 15.0, 4.0 ] },
				"up": { "texture": "#bark", "uv": [ 1.0, 8.0, 16.0, 12.0 ], "rotation": 90 },
				"down": { "texture": "#side", "uv": [ 0.5, 12.0, 15.5, 16.0 ], "rotation": 90 }
			}
		},
		{
			"name": "Logs2",
			"from": [ 3.9, 14.4, 0.9 ],
			"to": [ 7.9, 18.4, 15.9 ],
			"rotationOrigin": [ 5.9, 15.0, 0.4 ],
			"rotationZ": -3.0,
			"faces": {
				"north": { "texture": "#north", "uv": [ 8.0, 12.0, 12.0, 16.0 ] },
				"east": { "texture": "#bark", "uv": [ 0.5, 12.0, 15.5, 16.0 ] },
				"south": { "texture": "#south", "uv": [ 4.0, 12.0, 8.0, 16.0 ] },
				"west": { "texture": "#side", "uv": [ 1.0, 12.0, 16.0, 16.0 ] },
				"up": { "texture": "#bark", "uv": [ 0.5, 9.5, 15.5, 13.5 ], "rotation": 90 },
				"down": { "texture": "#side", "uv": [ 0.5, 12.0, 15.5, 16.0 ], "rotation": 90 }
			}
		},
		{
			"name": "Logs3",
			"from": [ 8.4, 14.3, 0.1 ],
			"to": [ 12.4, 18.3, 15.1 ],
			"rotationOrigin": [ 10.4, 15.1, -0.4 ],
			"rotationZ": 8.0,
			"faces": {
				"north": { "texture": "#north", "uv": [ 4.0, 12.0, 8.0, 16.0 ] },
				"east": { "texture": "#side", "uv": [ 0.5, 0.0, 15.5, 4.0 ] },
				"south": { "texture": "#south", "uv": [ 8.0, 12.0, 12.0, 16.0 ] },
				"west": { "texture": "#bark", "uv": [ 1.0, 0.5, 16.0, 4.5 ] },
				"up": { "texture": "#bark", "uv": [ 0.0, 12.0, 15.0, 16.0 ], "rotation": 90 },
				"down": { "texture": "#side", "uv": [ 0.5, 12.0, 15.5, 16.0 ], "rotation": 90 }
			}
		},
		{
			"name": "Logs4",
			"from": [ 11.9, 14.5, 0.6 ],
			"to": [ 15.9, 18.5, 15.6 ],
			"rotationOrigin": [ 13.9, 15.3, 6.1 ],
			"rotationX": 3.0,
			"rotationZ": -6.0,
			"faces": {
				"north": { "texture": "#north", "uv": [ 0.0, 12.0, 4.0, 16.0 ] },
				"east": { "texture": "#bark", "uv": [ 0.5, 0.0, 15.5, 4.0 ] },
				"south": { "texture": "#south", "uv": [ 12.0, 12.0, 16.0, 16.0 ] },
				"west": { "texture": "#side", "uv": [ 0.0, 4.0, 15.0, 8.0 ] },
				"up": { "texture": "#side", "uv": [ 0.0, 0.0, 15.0, 4.0 ], "rotation": 90 },
				"down": { "texture": "#bark", "uv": [ 0.5, 12.0, 15.5, 16.0 ], "rotation": 90 }
			}
		},
		{
			"name": "Grass6",
			"from": [ 0.0, 12.0, 0.0 ],
			"to": [ 16.0, 13.0, 16.0 ],
			"rotationOrigin": [ 0.0, 8.0, 0.0 ],
			"faces": {
				"north": { "texture": "#bottom", "uv": [ 0.0, 4.5, 16.0, 5.5 ], "rotation": 180 },
				"east": { "texture": "#bottom", "uv": [ 0.0, 5.5, 16.0, 6.5 ], "rotation": 180 },
				"south": { "texture": "#bottom", "uv": [ 0.0, 5.5, 16.0, 6.5 ], "rotation": 180 },
				"west": { "texture": "#bottom", "uv": [ 0.0, 7.5, 16.0, 8.5 ], "rotation": 180 },
				"up": { "texture": "#bottom", "uv": [ 0.0, 0.0, 16.0, 16.0 ], "rotation": 270 },
				"down": { "texture": "#bottom", "uv": [ 0.0, 0.0, 16.0, 16.0 ] }
			}
		}
	]}
