{
	code: "pitchforkk",
	damagedby: ["attacking"],
	tool: "spear",
	class: "ItemSpear",
	behaviors: [{ 
		name: "GroundStorable",
		properties: {
			layout: 'WallHalves',
			wallOffY: 2,
			sprintKey: true,
			selectionBox: { x1: 0, y1: 0, z1: 0, x2: 1, y2: 0.1, z2: 1 },
			collisionBox: { x1: 0, y1: 0, z1: 0, x2: 0, y2: 0, z2: 0 }
		}
		}, { name: "AnimationAuthoritative" }],
	variantgroups: [
		{ code: "material", "states": ["copper", "tinbronze", "bismuthbronze", "blackbronze", "iron", "meteoriciron", "steel", "temporalit"] }
	],
		shape: { "base":"spearexpantion:shapes/item/tool/villagers/pitchfork" },
		heldTpIdleAnimation: "spearidle",
		heldRightReadyAnimation: "spearidle",
		heldTpHitAnimation: "spearhit",
		texturesByType: {
			"*-copper": {
			"metal": {"base" : "game:block/metal/ingot/{material}" },
			},
			"*-tinbronze": {
			"metal": {"base" : "game:block/metal/ingot/{material}" },
			},
			"*-bismuthbronze": {
			"metal": {"base" : "game:block/metal/ingot/{material}" },
			},
			"*-blackbronze": {
			"metal": {"base" : "game:block/metal/ingot/{material}" },
			},
			"*-iron": {
			"metal": {"base" : "game:block/metal/ingot/{material}" },
			},
			"*-meteoriciron": {
			"metal": {"base" : "game:block/metal/ingot/{material}" },
			},
			"*-steel": {
			"metal": {"base" : "game:block/metal/ingot/{material}" }
			},
			"*-temporalit": {
			"metal": {"base" : "game:block/metal/ingot/{material}" }
			}
		},
	"maxstacksize": 1 ,
	attackRange: 3.6,
	attackpowerbytype: {
		"*-copper": 2.75,
		"*-tinbronze": 3.5,
		"*-bismuthbronze": 3.75,
		"*-blackbronze": 4,
		"*-steel": 4.7,
		"*-iron": 4,
		"*-meteoriciron": 4.5,
		"*-temporalit": 5
		},
		tooltierbytype: {
		"*-copper": 2,
		"*-tinbronze": 3,
		"*-bismuthbronze": 3,
		"*-blackbronze": 3,
		"*-steel": 5,
		"*-iron": 4,
		"*-meteoriciron": 4,
		"*-temporalit": 6
	},
	damageTypeByType: {
		"*": "PiercingAttack",
	},
	attributes: {
		heldItemPitchFollow: 1,
	groundStorageTransform: {
			translation: { x: 0.01, y: 1.08, z: -0.165 },
			rotation: { x: -163, y: 90, z: 90 },
			scale: 0.85
	},
		handbook: {
			groupBy: ["spear-*"]
		},
		toolrackTransform: {
			translation: { x: -0.14, y: 0.55, z: 0.3 },
			rotation: { x: 1, y: 0, z: 0 },
			scale: 1.12
		},
		"__comment": "Thrown damage",
		damageByType: {
			"*-copper": 4.5,
			"*-tinbronze": 6,
			"*-bismuthbronze": 7,
			"*-blackbronze": 7.5,
			"*-steel": 10,
			"*-iron": 8.50,
			"*-meteoriciron": 9,
			"*-temporalit": 11.5
		},
	spearEntityCode: "spearexpantion:pitchforkk-{material}"
	},
	durabilitybytype: {
		"*-copper": 240,
		"*-tinbronze": 320,
		"*-bismuthbronze": 350,
		"*-blackbronze": 400,
		"*-steel": 555,
		"*-iron": 450,
		"*-meteoriciron": 500,
		"*-temporalit": 1000
	},
	creativeinventory: { "general": ["*"], "items": ["*"], "tools": ["*"] , "expantion": ["*"] },
	guiTransform: {
		translation: { x: 10, y: 14, z: 0 },
		rotation: { x: -180, y: 128, z: 38 },
		origin: { x: 1.29, y: 0, z: 0.5 },
		scale: 1.85
	},
	groundTransform: {
		translation: { x: 0, y: -0.35, z: 0 },
		rotation: { x: 180, y: 0, z: 0 },
		origin: { x: 0.5, y: 0.5, z: 0.5299 },
		scale: 4.55
	},
	tpHandTransform: {
		translation: { x: -1.14, y: 0.01, z: -0.6 },
		rotation: { x: 0, y: 1, z: 1 },
		origin: { x: 0.6, y: 0, z: 0.5 },
		scale: 0.8
	}
}