﻿{
  "code": "wearablelight",
  "class": "FueledWearableLights:WearableFueledLightSource",
  "variantgroups": [{"code": "category", "states": ["head"]}, {"code": "subtype", "states": ["plain"]}, {"code": "type", "states": ["oillamp", "candlelamp", "carbidelamp"]}],
  "shape": {"base": "wearablelight-{category}-{subtype}-{type}-off"},
  "texturesByType": {"*": {"seraph": {"base": "game:block/transparent"}}},
  "storageFlags": 128,
  "behaviors": [
    {
      "name": "FueledWearableLights:ShapeTexturesFromAttributes",
      "properties": {
        "shape": {
          "state-*": {"base": "fueledwearablelights:wearablelight-{category}-{subtype}-{type}-{state}"},
          "*": {"base": "fueledwearablelights:wearablelight-{category}-{subtype}-{type}-off"}
        },
        "description": {
          "leather-*::metal-*::lining-*": [
            "game:waypoint-color",
            ": ",
            "fueledwearablelights:color-{leather}",
            "<br>",
            "game:blockmaterial-Metal",
            ": ",
            "game:material-{metal}",
            "<br>",
            "fueledwearablelights:lining",
            ": ",
            "game:material-{lining}",
            "<br>"
          ],
          "leather-*::metal-*": [
            "game:waypoint-color",
            ": ",
            "fueledwearablelights:color-{leather}",
            "<br>",
            "game:blockmaterial-Metal",
            ": ",
            "game:material-{metal}",
            "<br>",
            "fueledwearablelights:lining",
            ": ",
            "-",
            "<br>"
          ],
          "lining-*": [
            "game:waypoint-color",
            ": ",
            "-",
            "<br>",
            "game:blockmaterial-Metal",
            ": ",
            "game:material-brass",
            "<br>",
            "fueledwearablelights:lining",
            ": ",
            "game:material-{lining}",
            "<br>"
          ],
          "*": ["game:waypoint-color", ": ", "-", "<br>", "game:blockmaterial-Metal", ": ", "game:material-brass", "<br>", "fueledwearablelights:lining", ": ", "-"]
        },
        "textures": {
          "leather-*::metal-*::lining-*": {
            "wearablelight-head-plain-oillamp-leather": {"base": "game:block/leather/{leather}"},
            "wearablelight-head-plain-oillamp-metal": {"base": "game:block/metal/plate/{metal}"},
            "wearablelight-head-plain-oillamp-lining": {"base": "game:block/metal/plate/{lining}"}
          },
          "leather-*::metal-*": {
            "wearablelight-head-plain-oillamp-leather": {"base": "game:block/leather/{leather}"},
            "wearablelight-head-plain-oillamp-metal": {"base": "game:block/metal/plate/{metal}"},
            "wearablelight-head-plain-oillamp-lining": {"base": "game:block/metal/plate/{metal}"}
          },
          "leather-*": {"wearablelight-head-plain-oillamp-leather": {"base": "game:block/leather/{leather}"}},
          "metal-*": {
            "wearablelight-head-plain-oillamp-metal": {"base": "game:block/metal/plate/{metal}"},
            "wearablelight-head-plain-oillamp-lining": {"base": "game:block/metal/plate/{metal}"}
          },
          "lining-*": {"wearablelight-head-plain-oillamp-lining": {"base": "game:block/metal/plate/{lining}"}}
        }
      }
    }
  ],
  "attributesByType": {
    "*-oillamp": {
      "wearableAttachment": true,
      "clothescategory": "headgear",
      "warmth": 0,
      "NeedsFuel": true,
      "FuelCapacityHours": 8,
      "FuelEfficiency": 1,
      "FuelAttribute": "oilLampFuel",
      "ConsumeFuelWhileSleeping": false,
      "ToggleAttribute": "state",
      "LightHsv": [9, 6, 6],
      "TurnedOffLightHsv": [0, 0, 0],
      "FuelItems": {"game:fat": 8},
      "MaxFuelWasteFraction": 0.5,
      "LightHsvByVariant": {"silver": [9, 6, 8], "gold": [9, 6, 10]},
      "LightHsvVariantCode": "lining",
      "handbook": {"groupBy": ["wearablelight-{category}-{subtype}-{type}"]}
    },
    "*-candlelamp": {
      "wearableAttachment": true,
      "clothescategory": "headgear",
      "warmth": 0,
      "NeedsFuel": true,
      "FuelCapacityHours": 16,
      "FuelEfficiency": 1,
      "FuelAttribute": "candleLampFuel",
      "ConsumeFuelWhileSleeping": false,
      "ToggleAttribute": "state",
      "LightHsv": [9, 7, 8],
      "TurnedOffLightHsv": [0, 0, 0],
      "FuelItems": {"game:candle": 16},
      "MaxFuelWasteFraction": 0.5,
      "LightHsvByVariant": {"silver": [9, 6, 10], "gold": [9, 6, 12]},
      "LightHsvVariantCode": "lining",
      "handbook": {"groupBy": ["wearablelight-{category}-{subtype}-{type}"]}
    },
    "*-carbidelamp": {
      "wearableAttachment": true,
      "clothescategory": "headgear",
      "warmth": 0,
      "NeedsFuel": true,
      "FuelCapacityHours": 32,
      "FuelEfficiency": 1,
      "FuelAttribute": "oilLampFuel",
      "ConsumeFuelWhileSleeping": false,
      "ToggleAttribute": "state",
      "LightHsv": [9, 1, 12],
      "TurnedOffLightHsv": [0, 0, 0],
      "FuelItems": {"fueledwearablelights:powder-calciumcarbide": 4},
      "MaxFuelWasteFraction": 0.75,
      "LightHsvByVariant": {"silver": [9, 6, 15], "gold": [9, 6, 18]},
      "LightHsvVariantCode": "lining",
      "handbook": {"groupBy": ["wearablelight-{category}-{subtype}-{type}"]}
    }
  },
  "creativeinventory": {"general": ["*"]},
  "creativeinventoryStacks": [
    {
      "tabs": ["general", "fueledwearablelights"],
      "stacks": [
        {"type": "item", "code": "wearablelight-{category}-{subtype}-{type}"},
        {"type": "item", "code": "wearablelight-{category}-{subtype}-{type}", "attributes": {"types": {"lining": "silver"}}},
        {"type": "item", "code": "wearablelight-{category}-{subtype}-{type}", "attributes": {"types": {"lining": "gold"}}}
      ]
    },
    {
      "tabs": ["general", "fueledwearablelights-colors"],
      "stacks": [
        {"type": "item", "code": "wearablelight-{category}-{subtype}-{type}", "attributes": {"types": {"leather": "plain", "metal": "brass"}}},
        {"type": "item", "code": "wearablelight-{category}-{subtype}-{type}", "attributes": {"types": {"leather": "plain", "metal": "brass", "lining": "silver"}}},
        {"type": "item", "code": "wearablelight-{category}-{subtype}-{type}", "attributes": {"types": {"leather": "plain", "metal": "brass", "lining": "gold"}}},
        {"type": "item", "code": "wearablelight-{category}-{subtype}-{type}", "attributes": {"types": {"leather": "orange", "metal": "brass"}}},
        {"type": "item", "code": "wearablelight-{category}-{subtype}-{type}", "attributes": {"types": {"leather": "orange", "metal": "brass", "lining": "silver"}}},
        {"type": "item", "code": "wearablelight-{category}-{subtype}-{type}", "attributes": {"types": {"leather": "orange", "metal": "brass", "lining": "gold"}}},
        {"type": "item", "code": "wearablelight-{category}-{subtype}-{type}", "attributes": {"types": {"leather": "black", "metal": "brass"}}},
        {"type": "item", "code": "wearablelight-{category}-{subtype}-{type}", "attributes": {"types": {"leather": "black", "metal": "brass", "lining": "silver"}}},
        {"type": "item", "code": "wearablelight-{category}-{subtype}-{type}", "attributes": {"types": {"leather": "black", "metal": "brass", "lining": "gold"}}},
        {"type": "item", "code": "wearablelight-{category}-{subtype}-{type}", "attributes": {"types": {"leather": "red", "metal": "brass"}}},
        {"type": "item", "code": "wearablelight-{category}-{subtype}-{type}", "attributes": {"types": {"leather": "red", "metal": "brass", "lining": "silver"}}},
        {"type": "item", "code": "wearablelight-{category}-{subtype}-{type}", "attributes": {"types": {"leather": "red", "metal": "brass", "lining": "gold"}}},
        {"type": "item", "code": "wearablelight-{category}-{subtype}-{type}", "attributes": {"types": {"leather": "blue", "metal": "brass"}}},
        {"type": "item", "code": "wearablelight-{category}-{subtype}-{type}", "attributes": {"types": {"leather": "blue", "metal": "brass", "lining": "silver"}}},
        {"type": "item", "code": "wearablelight-{category}-{subtype}-{type}", "attributes": {"types": {"leather": "blue", "metal": "brass", "lining": "gold"}}},
        {"type": "item", "code": "wearablelight-{category}-{subtype}-{type}", "attributes": {"types": {"leather": "purple", "metal": "brass"}}},
        {"type": "item", "code": "wearablelight-{category}-{subtype}-{type}", "attributes": {"types": {"leather": "purple", "metal": "brass", "lining": "silver"}}},
        {"type": "item", "code": "wearablelight-{category}-{subtype}-{type}", "attributes": {"types": {"leather": "purple", "metal": "brass", "lining": "gold"}}},
        {"type": "item", "code": "wearablelight-{category}-{subtype}-{type}", "attributes": {"types": {"leather": "pink", "metal": "brass"}}},
        {"type": "item", "code": "wearablelight-{category}-{subtype}-{type}", "attributes": {"types": {"leather": "pink", "metal": "brass", "lining": "silver"}}},
        {"type": "item", "code": "wearablelight-{category}-{subtype}-{type}", "attributes": {"types": {"leather": "pink", "metal": "brass", "lining": "gold"}}},
        {"type": "item", "code": "wearablelight-{category}-{subtype}-{type}", "attributes": {"types": {"leather": "white", "metal": "brass"}}},
        {"type": "item", "code": "wearablelight-{category}-{subtype}-{type}", "attributes": {"types": {"leather": "white", "metal": "brass", "lining": "silver"}}},
        {"type": "item", "code": "wearablelight-{category}-{subtype}-{type}", "attributes": {"types": {"leather": "white", "metal": "brass", "lining": "gold"}}},
        {"type": "item", "code": "wearablelight-{category}-{subtype}-{type}", "attributes": {"types": {"leather": "yellow", "metal": "brass"}}},
        {"type": "item", "code": "wearablelight-{category}-{subtype}-{type}", "attributes": {"types": {"leather": "yellow", "metal": "brass", "lining": "silver"}}},
        {"type": "item", "code": "wearablelight-{category}-{subtype}-{type}", "attributes": {"types": {"leather": "yellow", "metal": "brass", "lining": "gold"}}},
        {"type": "item", "code": "wearablelight-{category}-{subtype}-{type}", "attributes": {"types": {"leather": "gray", "metal": "brass"}}},
        {"type": "item", "code": "wearablelight-{category}-{subtype}-{type}", "attributes": {"types": {"leather": "gray", "metal": "brass", "lining": "silver"}}},
        {"type": "item", "code": "wearablelight-{category}-{subtype}-{type}", "attributes": {"types": {"leather": "gray", "metal": "brass", "lining": "gold"}}},
        {"type": "item", "code": "wearablelight-{category}-{subtype}-{type}", "attributes": {"types": {"leather": "green", "metal": "brass"}}},
        {"type": "item", "code": "wearablelight-{category}-{subtype}-{type}", "attributes": {"types": {"leather": "green", "metal": "brass", "lining": "silver"}}},
        {"type": "item", "code": "wearablelight-{category}-{subtype}-{type}", "attributes": {"types": {"leather": "green", "metal": "brass", "lining": "gold"}}}
      ]
    }
  ],
  "renderAlphaTest": 0.25,
  "tpHandTransform": {"translation": {"x": 0.1, "y": -0.35, "z": 0.25}, "rotation": {"x": 0, "y": 90, "z": 90}, "origin": {"x": 0, "y": 0, "z": 0}, "scale": 1},
  "guiTransform": {"translation": {"x": 0, "y": 0, "z": 0}, "rotation": {"x": 172, "y": -72, "z": 13}, "origin": {"x": 0.2, "y": 0.25, "z": 0.19}, "scale": 3.05},
  "groundTransform": {"translation": {"x": 0, "y": 0, "z": 0}, "rotation": {"x": 90, "y": 0, "z": 0}, "origin": {"x": 0.2, "y": 0.7, "z": 0.3}, "scale": 4.44}
}