[
    {
        "file": "vanvar:recipes/grid/morerecipes/woodenrails.json",
        "op": "addmerge",
        "path": "/0/enabled",
        "value": false,
        "condition": { "when": "VanillaVariants_CraftableWoodenRails_Enabled", "isValue": "false" },
        "side": "server"
    },

    {
        "file": "vanvar:recipes/grid/morerecipes/woodenrails.json",
        "op": "addmerge",
        "path": "/1/enabled",
        "value": false,
        "condition": { "when": "VanillaVariants_CraftableWoodenRails_Enabled", "isValue": "false" },
        "dependsOn": [{ "modid": "wildcrafttree" }],
        "side": "server"
    }
]
