{
	"domain": "molds",
	"version": 1,
	"settings": [
		{ "code": "ENABLE_1NAILMOLD", "name": "enable-1nailmold", "type": "boolean", "default": true, "comment": "Enable or disable the 1-nail mold recipe." },
		{ "code": "ENABLE_2XKNIFEMOLD", "name": "enable-2xknifemold", "type": "boolean", "default": true, "comment": "Enable or disable the 2x knife mold recipe." },
		{ "code": "ENABLE_ARROWMOLD", "name": "enable-arrowmold", "type": "boolean", "default": true, "comment": "Enable or disable the Arrow mold recipe." },
		{ "code": "ENABLE_CHISELMOLD", "name": "enable-chiselmold", "type": "boolean", "default": true, "comment": "Enable or disable the Chisel mold recipe." },
		{ "code": "ENABLE_KLUCHMOLD", "name": "enable-kluchmold", "type": "boolean", "default": true, "comment": "Enable or disable the Kluch mold recipe." },
		{ "code": "ENABLE_PLATE", "name": "enable-plate", "type": "boolean", "default": true, "comment": "Enable or disable the Plate mold recipe." },
		{ "code": "ENABLE_RINGMAIL", "name": "enable-ringmail", "type": "boolean", "default": true, "comment": "Enable or disable the Ringmail mold recipe." },
		{ "code": "ENABLE_ROD", "name": "enable-rod", "type": "boolean", "default": true, "comment": "Enable or disable the Rod mold recipe." },
		{ "code": "ENABLE_SAWBLADE", "name": "enable-sawblade", "type": "boolean", "default": true, "comment": "Enable or disable the Sawblade mold recipe." },
		{ "code": "ENABLE_SCYTHEMOLD", "name": "enable-scythemold", "type": "boolean", "default": true, "comment": "Enable or disable the Scythe mold recipe." },
		{ "code": "ENABLE_SHEARS", "name": "enable-shears", "type": "boolean", "default": true, "comment": "Enable or disable the Shears mold recipe." },
		{ "code": "ENABLE_SPEARMOLD", "name": "enable-spearmold", "type": "boolean", "default": true, "comment": "Enable or disable the Spear mold recipe." },

		{ "code": "ENABLE_4_INGOTMOLD", "name": "enable-4_ingotmold", "type": "boolean", "default": true, "comment": "Enable or disable the 4-Ingot mold recipe." },
		{ "code": "ENABLE_8_INGOTMOLD", "name": "enable-8_ingotmold", "type": "boolean", "default": true, "comment": "Enable or disable the 8-Ingot mold recipe." },
		{ "code": "ENABLE_CHAINS", "name": "enable-chains", "type": "boolean", "default": true, "comment": "Enable or disable the Chains recipe." },
		{ "code": "ENABLE_CHUTES", "name": "enable-chutes", "type": "boolean", "default": true, "comment": "Enable or disable the Chutes recipe." },
		{ "code": "ENABLE_FLINT_SCYTHE", "name": "enable-flint-scythe", "type": "boolean", "default": true, "comment": "Enable or disable the Flint Scythe recipe." },
		{ "code": "ENABLE_WOOD_HAMMER", "name": "enable-wood-hammer", "type": "boolean", "default": true, "comment": "Enable or disable the Wood Hammer recipe." },

		{ "code": "ENABLE_FLINT_CHISEL", "name": "enable-flint-chisel", "type": "boolean", "default": true, "comment": "Enable or disable the Flint Chisel knapping recipe." }
	],
	"patches": {
		"boolean": {
			"molds:recipes/clayforming/1nailmold.json": { "enabled": "ENABLE_1NAILMOLD" },
			"molds:recipes/clayforming/2xknifemold.json": { "enabled": "ENABLE_2XKNIFEMOLD" },
			"molds:recipes/clayforming/arrowmold.json": { "enabled": "ENABLE_ARROWMOLD" },
			"molds:recipes/clayforming/chiselmold.json": { "enabled": "ENABLE_CHISELMOLD" },
			"molds:recipes/clayforming/kluchmold.json": { "enabled": "ENABLE_KLUCHMOLD" },
			"molds:recipes/clayforming/plate.json": { "enabled": "ENABLE_PLATE" },
			"molds:recipes/clayforming/ringmail.json": { "enabled": "ENABLE_RINGMAIL" },
			"molds:recipes/clayforming/rod.json": { "enabled": "ENABLE_ROD" },
			"molds:recipes/clayforming/sawblade.json": { "enabled": "ENABLE_SAWBLADE" },
			"molds:recipes/clayforming/scythemold.json": { "enabled": "ENABLE_SCYTHEMOLD" },
			"molds:recipes/clayforming/shears.json": { "enabled": "ENABLE_SHEARS" },
			"molds:recipes/clayforming/spearmold.json": { "enabled": "ENABLE_SPEARMOLD" },

			"molds:recipes/grid/4_ingotmold.json": { "enabled": "ENABLE_4_INGOTMOLD" },
			"molds:recipes/grid/8_ingotmold.json": { "enabled": "ENABLE_8_INGOTMOLD"},
			"molds:recipes/grid/chains.json": { "enabled": "ENABLE_CHAINS" },
			"molds:recipes/grid/chutes.json": { "enabled": "ENABLE_CHUTES" },
			"molds:recipes/grid/flint-scythe.json": { "enabled": "ENABLE_FLINT_SCYTHE" },
			"molds:recipes/grid/wood-hammer.json": { "enabled": "ENABLE_WOOD_HAMMER" },

			"molds:recipes/knapping/flint-chisel.json": { "enabled": "ENABLE_FLINT_CHISEL" }
			}
	},
	"formatting": [
		{"title": "Mold Mod Settings",
			"children": [
				"ENABLE_1NAILMOLD",
				"ENABLE_2XKNIFEMOLD",
				"ENABLE_ARROWMOLD",
				"ENABLE_CHISELMOLD",
				"ENABLE_KLUCHMOLD",
				"ENABLE_PLATE",
				"ENABLE_RINGMAIL",
				"ENABLE_ROD",
				"ENABLE_SAWBLADE",
				"ENABLE_SCYTHEMOLD",
				"ENABLE_SHEARS",
				"ENABLE_SPEARMOLD",
				"ENABLE_4_INGOTMOLD",
				"ENABLE_8_INGOTMOLD",
				"ENABLE_CHAINS",
				"ENABLE_CHUTES",
				"ENABLE_FLINT_SCYTHE",
				"ENABLE_WOOD_HAMMER",
				"ENABLE_FLINT_CHISEL"
				]
			}
		]
}