{
	"code": "silvertorchcactus",
	"class": "BlockPlantDamageOnTouch",
	"variantgroups": [
		{ "code": "type", "states": ["brachycereusnesioticus"] }
	],
	"behaviors": [{"name": "Unstable"}],
	"attributes": {
		"sprintIntoDamage": 1,
		"fallIntoDamageMul": 2,
		"immuneCreatures": ["locust-bronze", "locust-corrupt", "drifter-normal", "drifter-deep", "drifter-tainted", "drifter-nightmare", "drifter-corrupt", "drifter-doubleheaded"],
		"plantContainable": {
			"largeContainer": {
				"shape": { "base":  "block/plant/cactus/brachycereusnesioticus*" },
			}
		}
	},
	"shape": { 
		"base": "block/plant/cactus/brachycereusnesioticus_var*",
	},
	"textures": {
		"cactus": { "base": "block/plant/cactus/brachycereusnesioticus" },
		"cactus1": { "base": "block/plant/cactus/brachycereusnesioticus1" },
		"cactus2": { "base": "block/plant/cactus/brachycereusnesioticus2" }
	},
	"randomizeRotations": true,
	"creativeinventory": { "general": ["*"], "flora": ["*"] },
	"blockmaterial": "Glass",
	"replaceable": 900,
	"lightAbsorption": 0,
	"resistance": 0.25,
	"collisionbox": { "x1": 0.1875, "y1": 0, "z1": 0.1875, "x2": 0.8125, "y2": 0.5, "z2": 0.8125 },
	"sideopaque": {
		"all": false
	},
	"sidesolid": { "all": false },
	"selectionBox": { "x1": 0.0625, "y1": 0, "z1": 0.0625, "x2": 0.9375, "y2": 0.5, "z2": 0.9375 }
}