{
	"editor": {
		"collapsedPaths": "Root/ORIGIN/Axle/Axle2/LeftWheel2,Root/ORIGIN/FrontAxle/Axle6/LeftWheel5,Root/ORIGIN/BackAxle/Axle3/LeftWheel2,Root/ORIGIN/Frame/Frame6,Root/ORIGIN/RotationCenter/Top,Root/ORIGIN/Frame/FrameMid/Frame3/Frame4,Root/ORIGIN/Frame/SideFrame1/SideFrame2/Sideboard4,Root/originCHEST2,Root/ORIGIN/Axle4/Axle6,Root/ORIGIN/Base3,Root/ORIGIN/Axle/Axle3/LeftWheel2,Root/ORIGIN/FrontAxle,Root/ORIGIN/Frame6/Frame7,Root/ORIGIN/Frame11/Frame12,Root/ORIGIN/Frame/Frame11,Root/origin,Root/ORIGIN/Base,Root/ORIGIN/RotationCenter/Base3,Root/originCHEST,Root/ORIGIN/Top,Root/ORIGIN/Frame/SideFrame9,Root/ORIGIN/FrameL2,Root/ORIGIN/Axle/Axle2/LeftWheel,Root/ORIGIN/Axle4/Axle5/LeftWheel4,Root/origin/floor,Root/ORIGIN/Frame3",
		"allAngles": false,
		"entityTextureMode": false
	},
	"textureWidth": 16,
	"textureHeight": 16,
	"textureSizes": {
		"oak-h": [16,16],
		"oak1": [16,16],
		"oak": [16,16],
		"oak2": [16,16],
		"iron": [16,16],
		"oak3": [16,16],
		"oak4": [16,16],
		"blackbronze": [16,16],
		"mordant": [16,16]
	},
	"textures": {
	},
	"elements": [
		{
			"name": "ORIGIN",
			"from": [ 14.0, -3.0, 8.0 ],
			"to": [ 14.0, -3.0, 8.0 ],
			"rotationOrigin": [ 14.0, -3.0, 8.0 ],
			"faces": {
				"north": { "texture": "#oak1", "uv": [ 0.0, 0.0, 0.5, 0.5 ] },
				"east": { "texture": "#oak1", "uv": [ 0.0, 0.0, 0.5, 0.5 ] },
				"south": { "texture": "#oak1", "uv": [ 0.0, 0.0, 0.5, 0.5 ] },
				"west": { "texture": "#oak1", "uv": [ 0.0, 0.0, 0.5, 0.5 ] },
				"up": { "texture": "#oak1", "uv": [ 0.0, 0.0, 0.5, 0.5 ] },
				"down": { "texture": "#oak1", "uv": [ 0.0, 0.0, 0.5, 0.5 ] }
			},
			"children": [
				{
					"name": "BackAxle",
					"from": [ 16.0, 3.0, 0.0 ],
					"to": [ 18.0, 5.0, 11.0 ],
					"rotationOrigin": [ 17.0, 4.0, 8.0 ],
					"rotationZ": 180.0,
					"faces": {
						"north": { "texture": "#oak-h", "uv": [ 0.0, 0.0, 2.0, 2.0 ] },
						"east": { "texture": "#oak-h", "uv": [ 0.0, 0.0, 11.0, 2.0 ] },
						"south": { "texture": "#oak-h", "uv": [ 0.0, 0.0, 2.0, 2.0 ] },
						"west": { "texture": "#oak-h", "uv": [ 0.0, 0.0, 11.0, 2.0 ] },
						"up": { "texture": "#oak-h", "uv": [ 0.0, 0.0, 11.0, 2.0 ], "rotation": 90, "windMode": [-1,-1,-1,-1] },
						"down": { "texture": "#oak-h", "uv": [ 0.0, 0.0, 11.0, 2.0 ], "rotation": 90, "windMode": [-1,-1,-1,-1] }
					},
					"children": [
						{
							"name": "Axle3",
							"from": [ 0.0, 0.0, -11.0 ],
							"to": [ 2.0, 2.0, 0.0 ],
							"rotationOrigin": [ 1.0, 1.0, -3.0 ],
							"faces": {
								"north": { "texture": "#oak-h", "uv": [ 0.0, 0.0, 2.0, 2.0 ] },
								"east": { "texture": "#oak-h", "uv": [ 0.0, 0.0, 11.0, 2.0 ] },
								"south": { "texture": "#oak-h", "uv": [ 0.0, 0.0, 2.0, 2.0 ] },
								"west": { "texture": "#oak-h", "uv": [ 0.0, 0.0, 11.0, 2.0 ] },
								"up": { "texture": "#oak-h", "uv": [ 0.0, 0.0, 11.0, 2.0 ], "rotation": 90, "windMode": [-1,-1,-1,-1] },
								"down": { "texture": "#oak-h", "uv": [ 0.0, 0.0, 11.0, 2.0 ], "rotation": 90, "windMode": [-1,-1,-1,-1] }
							}
						}
					]
				},
				{
					"name": "RotationCenter",
					"from": [ 17.0, 4.0, 0.0 ],
					"to": [ 17.0, 4.0, 0.0 ],
					"rotationOrigin": [ 17.0, 4.0, 0.0 ],
					"rotationZ": -5.0,
					"faces": {
						"north": { "texture": "#blackbronze", "uv": [ 0.0, 0.0, 0.5, 0.5 ] },
						"east": { "texture": "#blackbronze", "uv": [ 0.0, 0.0, 0.5, 0.5 ] },
						"south": { "texture": "#blackbronze", "uv": [ 0.0, 0.0, 0.5, 0.5 ] },
						"west": { "texture": "#blackbronze", "uv": [ 0.0, 0.0, 0.5, 0.5 ] },
						"up": { "texture": "#blackbronze", "uv": [ 0.0, 0.0, 0.5, 0.5 ] },
						"down": { "texture": "#blackbronze", "uv": [ 0.0, 0.0, 0.5, 0.5 ] }
					},
					"children": [
						{
							"name": "RightStorage1",
							"from": [ -17.0, -0.1, -7.9 ],
							"to": [ -1.0, 7.9, 8.1 ],
							"rotationOrigin": [ -17.0, -0.1, 8.1 ],
							"faces": {
							},
							"attachmentpoints": [
								{
									"code": "RightStorage1AP",
									"posX": "8.0","posY": "0.0","posZ": "8.0",
									"rotationX": "0.0","rotationY": "0.0","rotationZ": "0.0"
								}
							]
						},
						{
							"name": "LeftStorage1",
							"from": [ -33.0, -0.1, -7.9 ],
							"to": [ -17.0, 7.9, 8.1 ],
							"rotationOrigin": [ -33.0, -0.1, -8.1 ],
							"faces": {
							},
							"attachmentpoints": [
								{
									"code": "LeftStorage1AP",
									"posX": "8.0","posY": "0.0","posZ": "8.0",
									"rotationX": "0.0","rotationY": "0.0","rotationZ": "0.0"
								}
							]
						},
						{
							"name": "Light1",
							"from": [ -36.8, 13.2, 7.0 ],
							"to": [ -34.8, 17.2, 9.0 ],
							"rotationOrigin": [ -35.7, 13.0, 8.0 ],
							"rotationY": 90.0,
							"faces": {
							},
							"attachmentpoints": [
								{
									"code": "Light1AP",
									"posX": "0.0","posY": "0.0","posZ": "0.0",
									"rotationX": "0.0","rotationY": "0.0","rotationZ": "0.0"
								}
							]
						},
						{
							"name": "Canopy",
							"from": [ -37.0, 1.7, -7.0 ],
							"to": [ -35.0, 7.7, 7.0 ],
							"rotationOrigin": [ -37.0, 1.5, -7.0 ],
							"faces": {
							},
							"attachmentpoints": [
								{
									"code": "CanopyAP",
									"posX": "8.0","posY": "6.0","posZ": "2.0",
									"rotationX": "0.0","rotationY": "0.0","rotationZ": "0.0"
								}
							]
						},
						{
							"name": "Base",
							"from": [ -22.9991, 2.0001, 7.0007 ],
							"to": [ -8.9991, 2.5001, 19.0007 ],
							"rotationOrigin": [ -23.0, 2.0, 7.0 ],
							"rotationX": 89.993,
							"rotationY": -89.9657,
							"rotationZ": -89.979,
							"faces": {
								"north": { "texture": "#oak", "uv": [ 0.0, 10.0, 14.0, 10.5 ] },
								"east": { "texture": "#oak", "uv": [ 0.0, 8.0, 12.0, 8.5 ] },
								"south": { "texture": "#oak", "uv": [ 1.5, 10.5, 15.5, 11.0 ] },
								"west": { "texture": "#oak", "uv": [ 0.0, 5.5, 12.0, 6.0 ] },
								"up": { "texture": "#oak", "uv": [ 0.0, 0.0, 12.0, 14.0 ], "rotation": 90, "windMode": [-1,-1,-1,-1] },
								"down": { "texture": "#oak", "uv": [ 0.0, 0.0, 12.0, 14.0 ], "rotation": 90, "windMode": [-1,-1,-1,-1] }
							},
							"children": [
								{
									"name": "Base2",
									"from": [ 0.0, 0.0078, -12.0 ],
									"to": [ 14.0, 0.5078, 0.0 ],
									"rotationOrigin": [ 0.0, 0.0078, -12.0 ],
									"faces": {
										"north": { "texture": "#oak", "uv": [ 0.0, 10.0, 14.0, 10.5 ] },
										"east": { "texture": "#oak", "uv": [ 0.0, 8.0, 12.0, 8.5 ] },
										"south": { "texture": "#oak", "uv": [ 1.5, 10.5, 15.5, 11.0 ] },
										"west": { "texture": "#oak", "uv": [ 0.0, 5.5, 12.0, 6.0 ] },
										"up": { "texture": "#oak", "uv": [ 0.0, 0.0, 12.0, 14.0 ], "rotation": 90, "windMode": [-1,-1,-1,-1] },
										"down": { "texture": "#oak", "uv": [ 0.0, 0.0, 12.0, 14.0 ], "rotation": 90, "windMode": [-1,-1,-1,-1] }
									}
								},
								{
									"name": "Base5",
									"from": [ 0.0, 0.0078, -24.0 ],
									"to": [ 14.0, 0.5078, -12.0 ],
									"rotationOrigin": [ 0.0, 0.0078, -24.0 ],
									"faces": {
										"north": { "texture": "#oak", "uv": [ 0.0, 10.0, 14.0, 10.5 ] },
										"east": { "texture": "#oak", "uv": [ 0.0, 8.0, 12.0, 8.5 ] },
										"south": { "texture": "#oak", "uv": [ 1.5, 10.5, 15.5, 11.0 ] },
										"west": { "texture": "#oak", "uv": [ 0.0, 5.5, 12.0, 6.0 ] },
										"up": { "texture": "#oak", "uv": [ 0.0, 0.0, 12.0, 14.0 ], "rotation": 90, "windMode": [-1,-1,-1,-1] },
										"down": { "texture": "#oak", "uv": [ 0.0, 0.0, 12.0, 14.0 ], "rotation": 90, "windMode": [-1,-1,-1,-1] }
									}
								},
								{
									"name": "Base11",
									"from": [ -1.0, 0.01, -23.5 ],
									"to": [ 1.0, 1.01, -14.5 ],
									"rotationOrigin": [ 0.0, 0.01, -23.5 ],
									"rotationX": 90.0,
									"rotationY": 50.6,
									"faces": {
										"north": { "texture": "#oak", "uv": [ 0.0, 10.0, 2.0, 11.0 ] },
										"east": { "texture": "#oak", "uv": [ 0.0, 8.0, 9.0, 9.0 ] },
										"south": { "texture": "#oak", "uv": [ 1.5, 10.5, 3.5, 11.5 ] },
										"west": { "texture": "#oak", "uv": [ 0.0, 5.5, 9.0, 6.5 ] },
										"up": { "texture": "#oak", "uv": [ 0.0, 0.0, 9.0, 2.0 ], "rotation": 90, "windMode": [-1,-1,-1,-1] },
										"down": { "texture": "#oak", "uv": [ 0.0, 0.0, 9.0, 2.0 ], "rotation": 90, "windMode": [-1,-1,-1,-1] }
									},
									"children": [
										{
											"name": "Base12",
											"from": [ 0.0, 0.0, 9.0 ],
											"to": [ 2.0, 1.0, 19.0 ],
											"rotationOrigin": [ 1.0, 0.0, 9.0 ],
											"faces": {
												"north": { "texture": "#oak", "uv": [ 0.0, 10.0, 2.0, 11.0 ] },
												"east": { "texture": "#oak", "uv": [ 0.0, 8.0, 10.0, 9.0 ] },
												"south": { "texture": "#oak", "uv": [ 1.5, 10.5, 3.5, 11.5 ] },
												"west": { "texture": "#oak", "uv": [ 0.0, 5.5, 10.0, 6.5 ] },
												"up": { "texture": "#oak", "uv": [ 0.0, 0.0, 10.0, 2.0 ], "rotation": 90, "windMode": [-1,-1,-1,-1] },
												"down": { "texture": "#oak", "uv": [ 0.0, 0.0, 10.0, 2.0 ], "rotation": 90, "windMode": [-1,-1,-1,-1] }
											}
										},
										{
											"name": "Base13",
											"from": [ 8.89, -0.1, 10.82 ],
											"to": [ 10.89, 0.9, 19.82 ],
											"rotationOrigin": [ 9.8862, -0.1, 10.8183 ],
											"rotationX": 180.0,
											"rotationY": -78.8,
											"rotationZ": 180.0,
											"faces": {
												"north": { "texture": "#oak", "uv": [ 0.0, 10.0, 2.0, 11.0 ] },
												"east": { "texture": "#oak", "uv": [ 0.0, 8.0, 9.0, 9.0 ] },
												"south": { "texture": "#oak", "uv": [ 1.5, 10.5, 3.5, 11.5 ] },
												"west": { "texture": "#oak", "uv": [ 0.0, 5.5, 9.0, 6.5 ] },
												"up": { "texture": "#oak", "uv": [ 0.0, 0.0, 9.0, 2.0 ], "rotation": 90, "windMode": [-1,-1,-1,-1] },
												"down": { "texture": "#oak", "uv": [ 0.0, 0.0, 9.0, 2.0 ], "rotation": 90, "windMode": [-1,-1,-1,-1] }
											},
											"children": [
												{
													"name": "Base14",
													"from": [ 0.0, 0.0, 9.0 ],
													"to": [ 2.0, 1.0, 19.0 ],
													"rotationOrigin": [ 1.0, 0.0, 9.0 ],
													"faces": {
														"north": { "texture": "#oak", "uv": [ 0.0, 10.0, 2.0, 11.0 ] },
														"east": { "texture": "#oak", "uv": [ 0.0, 8.0, 10.0, 9.0 ] },
														"south": { "texture": "#oak", "uv": [ 1.5, 10.5, 3.5, 11.5 ] },
														"west": { "texture": "#oak", "uv": [ 0.0, 5.5, 10.0, 6.5 ] },
														"up": { "texture": "#oak", "uv": [ 0.0, 0.0, 10.0, 2.0 ], "rotation": 90, "windMode": [-1,-1,-1,-1] },
														"down": { "texture": "#oak", "uv": [ 0.0, 0.0, 10.0, 2.0 ], "rotation": 90, "windMode": [-1,-1,-1,-1] }
													}
												}
											]
										}
									]
								},
								{
									"name": "Base15",
									"from": [ -1.0, 0.01, 10.5 ],
									"to": [ 1.0, 1.01, 19.5 ],
									"rotationOrigin": [ 0.0, 0.01, 10.5 ],
									"rotationX": 90.0,
									"rotationY": 50.6,
									"faces": {
										"north": { "texture": "#oak", "uv": [ 0.0, 10.0, 2.0, 11.0 ] },
										"east": { "texture": "#oak", "uv": [ 0.0, 8.0, 9.0, 9.0 ] },
										"south": { "texture": "#oak", "uv": [ 1.5, 10.5, 3.5, 11.5 ] },
										"west": { "texture": "#oak", "uv": [ 0.0, 5.5, 9.0, 6.5 ] },
										"up": { "texture": "#oak", "uv": [ 0.0, 0.0, 9.0, 2.0 ], "rotation": 90, "windMode": [-1,-1,-1,-1] },
										"down": { "texture": "#oak", "uv": [ 0.0, 0.0, 9.0, 2.0 ], "rotation": 90, "windMode": [-1,-1,-1,-1] }
									},
									"children": [
										{
											"name": "Base16",
											"from": [ 0.0, 0.0, 9.0 ],
											"to": [ 2.0, 1.0, 19.0 ],
											"rotationOrigin": [ 1.0, 0.0, 9.0 ],
											"faces": {
												"north": { "texture": "#oak", "uv": [ 0.0, 10.0, 2.0, 11.0 ] },
												"east": { "texture": "#oak", "uv": [ 0.0, 8.0, 10.0, 9.0 ] },
												"south": { "texture": "#oak", "uv": [ 1.5, 10.5, 3.5, 11.5 ] },
												"west": { "texture": "#oak", "uv": [ 0.0, 5.5, 10.0, 6.5 ] },
												"up": { "texture": "#oak", "uv": [ 0.0, 0.0, 10.0, 2.0 ], "rotation": 90, "windMode": [-1,-1,-1,-1] },
												"down": { "texture": "#oak", "uv": [ 0.0, 0.0, 10.0, 2.0 ], "rotation": 90, "windMode": [-1,-1,-1,-1] }
											}
										},
										{
											"name": "Base17",
											"from": [ 8.89, -0.1, 10.82 ],
											"to": [ 10.89, 0.9, 19.82 ],
											"rotationOrigin": [ 9.8862, -0.1, 10.8183 ],
											"rotationX": 180.0,
											"rotationY": -78.8,
											"rotationZ": 180.0,
											"faces": {
												"north": { "texture": "#oak", "uv": [ 0.0, 10.0, 2.0, 11.0 ] },
												"east": { "texture": "#oak", "uv": [ 0.0, 8.0, 9.0, 9.0 ] },
												"south": { "texture": "#oak", "uv": [ 1.5, 10.5, 3.5, 11.5 ] },
												"west": { "texture": "#oak", "uv": [ 0.0, 5.5, 9.0, 6.5 ] },
												"up": { "texture": "#oak", "uv": [ 0.0, 0.0, 9.0, 2.0 ], "rotation": 90, "windMode": [-1,-1,-1,-1] },
												"down": { "texture": "#oak", "uv": [ 0.0, 0.0, 9.0, 2.0 ], "rotation": 90, "windMode": [-1,-1,-1,-1] }
											},
											"children": [
												{
													"name": "Base18",
													"from": [ 0.0, 0.0, 9.0 ],
													"to": [ 2.0, 1.0, 19.0 ],
													"rotationOrigin": [ 1.0, 0.0, 9.0 ],
													"faces": {
														"north": { "texture": "#oak", "uv": [ 0.0, 10.0, 2.0, 11.0 ] },
														"east": { "texture": "#oak", "uv": [ 0.0, 8.0, 10.0, 9.0 ] },
														"south": { "texture": "#oak", "uv": [ 1.5, 10.5, 3.5, 11.5 ] },
														"west": { "texture": "#oak", "uv": [ 0.0, 5.5, 10.0, 6.5 ] },
														"up": { "texture": "#oak", "uv": [ 0.0, 0.0, 10.0, 2.0 ], "rotation": 90, "windMode": [-1,-1,-1,-1] },
														"down": { "texture": "#oak", "uv": [ 0.0, 0.0, 10.0, 2.0 ], "rotation": 90, "windMode": [-1,-1,-1,-1] }
													}
												}
											]
										}
									]
								}
							]
						},
						{
							"name": "Top",
							"from": [ -14.9955, 15.5, -6.9965 ],
							"to": [ -6.9955, 16.0, 9.0035 ],
							"rotationOrigin": [ -23.0, 15.5, -1.0 ],
							"rotationY": -89.9802,
							"faces": {
								"north": { "texture": "#oak", "uv": [ 0.0, 10.0, 8.0, 10.5 ] },
								"east": { "texture": "#oak", "uv": [ 0.0, 8.0, 16.0, 8.5 ] },
								"south": { "texture": "#oak", "uv": [ 1.5, 10.5, 9.5, 11.0 ] },
								"west": { "texture": "#oak", "uv": [ 0.0, 5.5, 16.0, 6.0 ] },
								"up": { "texture": "#oak", "uv": [ 0.0, 6.5, 16.0, 14.5 ], "rotation": 90, "windMode": [-1,-1,-1,-1] },
								"down": { "texture": "#oak", "uv": [ 0.0, 0.0, 16.0, 8.0 ], "rotation": 90, "windMode": [-1,-1,-1,-1] }
							},
							"children": [
								{
									"name": "Top2",
									"from": [ 0.0, 0.0078, -16.0 ],
									"to": [ 8.0, 0.5078, 0.0 ],
									"rotationOrigin": [ 0.0, 0.0078, -12.0 ],
									"faces": {
										"north": { "texture": "#oak", "uv": [ 0.0, 10.0, 8.0, 10.5 ] },
										"east": { "texture": "#oak", "uv": [ 0.0, 8.0, 16.0, 8.5 ] },
										"south": { "texture": "#oak", "uv": [ 1.5, 10.5, 9.5, 11.0 ] },
										"west": { "texture": "#oak", "uv": [ 0.0, 5.5, 16.0, 6.0 ] },
										"up": { "texture": "#oak", "uv": [ 0.0, 3.5, 16.0, 11.5 ], "rotation": 90, "windMode": [-1,-1,-1,-1] },
										"down": { "texture": "#oak", "uv": [ 0.0, 4.0, 16.0, 12.0 ], "rotation": 90, "windMode": [-1,-1,-1,-1] }
									},
									"children": [
										{
											"name": "Top3",
											"from": [ -8.3, -0.01, 13.0 ],
											"to": [ -0.3, 0.49, 29.0 ],
											"rotationOrigin": [ -8.1, -0.0078, 19.0 ],
											"faces": {
												"north": { "texture": "#oak", "uv": [ 0.0, 10.0, 8.0, 10.5 ] },
												"east": { "texture": "#oak", "uv": [ 0.0, 8.0, 16.0, 8.5 ] },
												"south": { "texture": "#oak", "uv": [ 1.5, 10.5, 9.5, 11.0 ] },
												"west": { "texture": "#oak", "uv": [ 0.0, 5.5, 16.0, 6.0 ] },
												"up": { "texture": "#oak", "uv": [ 0.0, 4.5, 16.0, 12.5 ], "rotation": 90, "windMode": [-1,-1,-1,-1] },
												"down": { "texture": "#oak", "uv": [ 0.0, 0.0, 16.0, 8.0 ], "rotation": 90, "windMode": [-1,-1,-1,-1] }
											},
											"children": [
												{
													"name": "Top4",
													"from": [ 0.0, 0.0078, -16.0 ],
													"to": [ 8.0, 0.5078, 0.0 ],
													"rotationOrigin": [ 0.0, 0.0078, -12.0 ],
													"faces": {
														"north": { "texture": "#oak", "uv": [ 0.0, 10.0, 8.0, 10.5 ] },
														"east": { "texture": "#oak", "uv": [ 0.0, 8.0, 16.0, 8.5 ] },
														"south": { "texture": "#oak", "uv": [ 1.5, 10.5, 9.5, 11.0 ] },
														"west": { "texture": "#oak", "uv": [ 0.0, 5.5, 16.0, 6.0 ] },
														"up": { "texture": "#oak", "uv": [ 0.0, 1.5, 16.0, 9.5 ], "rotation": 90, "windMode": [-1,-1,-1,-1] },
														"down": { "texture": "#oak", "uv": [ 0.0, 4.0, 16.0, 12.0 ], "rotation": 90, "windMode": [-1,-1,-1,-1] }
													}
												},
												{
													"name": "Top7",
													"from": [ 0.0, 0.0078, 16.0 ],
													"to": [ 8.0, 0.5078, 22.0 ],
													"rotationOrigin": [ 0.0, 0.0078, 20.0 ],
													"faces": {
														"north": { "texture": "#oak", "uv": [ 0.0, 10.0, 8.0, 10.5 ] },
														"east": { "texture": "#oak", "uv": [ 0.0, 8.0, 6.0, 8.5 ] },
														"south": { "texture": "#oak", "uv": [ 1.5, 10.5, 9.5, 11.0 ] },
														"west": { "texture": "#oak", "uv": [ 0.0, 5.5, 6.0, 6.0 ] },
														"up": { "texture": "#oak", "uv": [ 0.0, 4.5, 6.0, 12.5 ], "rotation": 90, "windMode": [-1,-1,-1,-1] },
														"down": { "texture": "#oak", "uv": [ 0.0, 4.0, 6.0, 12.0 ], "rotation": 90, "windMode": [-1,-1,-1,-1] }
													}
												}
											]
										},
										{
											"name": "Top5",
											"from": [ -16.6, -0.01, 16.0 ],
											"to": [ -8.6, 0.49, 32.0 ],
											"rotationOrigin": [ -16.2, -0.0078, 22.0 ],
											"faces": {
												"north": { "texture": "#oak", "uv": [ 0.0, 10.0, 8.0, 10.5 ] },
												"east": { "texture": "#oak", "uv": [ 0.0, 8.0, 16.0, 8.5 ] },
												"south": { "texture": "#oak", "uv": [ 1.5, 10.5, 9.5, 11.0 ] },
												"west": { "texture": "#oak", "uv": [ 0.0, 5.5, 16.0, 6.0 ] },
												"up": { "texture": "#oak", "uv": [ 0.0, 4.0, 16.0, 12.0 ], "rotation": 90, "windMode": [-1,-1,-1,-1] },
												"down": { "texture": "#oak", "uv": [ 0.0, 0.0, 16.0, 8.0 ], "rotation": 90, "windMode": [-1,-1,-1,-1] }
											},
											"children": [
												{
													"name": "Top6",
													"from": [ 0.0, 0.0078, -16.0 ],
													"to": [ 8.0, 0.5078, 0.0 ],
													"rotationOrigin": [ 0.0, 0.0078, -12.0 ],
													"faces": {
														"north": { "texture": "#oak", "uv": [ 0.0, 10.0, 8.0, 10.5 ] },
														"east": { "texture": "#oak", "uv": [ 0.0, 8.0, 16.0, 8.5 ] },
														"south": { "texture": "#oak", "uv": [ 1.5, 10.5, 9.5, 11.0 ] },
														"west": { "texture": "#oak", "uv": [ 0.0, 5.5, 16.0, 6.0 ] },
														"up": { "texture": "#oak", "uv": [ 0.0, 4.0, 16.0, 12.0 ], "rotation": 90, "windMode": [-1,-1,-1,-1] },
														"down": { "texture": "#oak", "uv": [ 0.0, 4.0, 16.0, 12.0 ], "rotation": 90, "windMode": [-1,-1,-1,-1] }
													}
												},
												{
													"name": "Top8",
													"from": [ 2.5, 0.01, -19.0 ],
													"to": [ 8.0, 0.51, -16.0 ],
													"rotationOrigin": [ 2.5, 0.0078, -15.0 ],
													"faces": {
														"north": { "texture": "#oak", "uv": [ 0.0, 10.0, 5.5, 10.5 ] },
														"east": { "texture": "#oak", "uv": [ 0.0, 8.0, 3.0, 8.5 ] },
														"south": { "texture": "#oak", "uv": [ 1.5, 10.5, 7.0, 11.0 ] },
														"west": { "texture": "#oak", "uv": [ 0.0, 5.5, 3.0, 6.0 ] },
														"up": { "texture": "#oak", "uv": [ 0.0, 4.0, 3.0, 9.5 ], "rotation": 90, "windMode": [-1,-1,-1,-1] },
														"down": { "texture": "#oak", "uv": [ 0.0, 4.0, 3.0, 9.5 ], "rotation": 90, "windMode": [-1,-1,-1,-1] }
													}
												},
												{
													"name": "Top9",
													"from": [ 2.5, 0.01, 16.0 ],
													"to": [ 8.0, 0.51, 19.0 ],
													"rotationOrigin": [ 2.5, 0.0078, 20.0 ],
													"faces": {
														"north": { "texture": "#oak", "uv": [ 0.0, 10.0, 5.5, 10.5 ] },
														"east": { "texture": "#oak", "uv": [ 0.0, 8.0, 3.0, 8.5 ] },
														"south": { "texture": "#oak", "uv": [ 1.5, 10.5, 7.0, 11.0 ] },
														"west": { "texture": "#oak", "uv": [ 0.0, 5.5, 3.0, 6.0 ] },
														"up": { "texture": "#oak", "uv": [ 1.0, 5.0, 4.0, 10.5 ], "rotation": 90, "windMode": [-1,-1,-1,-1] },
														"down": { "texture": "#oak", "uv": [ 0.0, 4.0, 3.0, 9.5 ], "rotation": 90, "windMode": [-1,-1,-1,-1] }
													}
												}
											]
										}
									]
								}
							]
						},
						{
							"name": "Base3",
							"from": [ 0.5, -7.7, 23.0 ],
							"to": [ 14.5, -7.2, 34.0 ],
							"rotationOrigin": [ -0.5, 0.3, 0.0 ],
							"rotationX": -90.0,
							"rotationY": -90.0,
							"faces": {
								"north": { "texture": "#oak", "uv": [ 0.0, 10.0, 14.0, 10.5 ] },
								"east": { "texture": "#oak", "uv": [ 0.0, 8.0, 11.0, 8.5 ] },
								"south": { "texture": "#oak", "uv": [ 1.5, 10.5, 15.5, 11.0 ] },
								"west": { "texture": "#oak", "uv": [ 0.0, 5.5, 11.0, 6.0 ] },
								"up": { "texture": "#oak", "uv": [ 0.0, 0.0, 11.0, 14.0 ], "rotation": 90, "windMode": [-1,-1,-1,-1] },
								"down": { "texture": "#oak", "uv": [ 0.0, 0.0, 11.0, 14.0 ], "rotation": 90, "windMode": [-1,-1,-1,-1] }
							},
							"children": [
								{
									"name": "Base4",
									"from": [ 0.0, 0.0078, -12.0 ],
									"to": [ 14.0, 0.5078, 0.0 ],
									"rotationOrigin": [ 0.0, 0.0078, -12.0 ],
									"faces": {
										"north": { "texture": "#oak", "uv": [ 0.0, 10.0, 14.0, 10.5 ] },
										"east": { "texture": "#oak", "uv": [ 0.0, 8.0, 12.0, 8.5 ] },
										"south": { "texture": "#oak", "uv": [ 1.5, 10.5, 15.5, 11.0 ] },
										"west": { "texture": "#oak", "uv": [ 0.0, 5.5, 12.0, 6.0 ] },
										"up": { "texture": "#oak", "uv": [ 0.0, 0.0, 12.0, 14.0 ], "rotation": 90, "windMode": [-1,-1,-1,-1] },
										"down": { "texture": "#oak", "uv": [ 0.0, 0.0, 12.0, 14.0 ], "rotation": 90, "windMode": [-1,-1,-1,-1] }
									}
								},
								{
									"name": "Base6",
									"from": [ 0.0, 0.0078, -24.0 ],
									"to": [ 14.0, 0.5078, -12.0 ],
									"rotationOrigin": [ 0.0, 0.0078, -24.0 ],
									"faces": {
										"north": { "texture": "#oak", "uv": [ 0.0, 10.0, 14.0, 10.5 ] },
										"east": { "texture": "#oak", "uv": [ 0.0, 8.0, 12.0, 8.5 ] },
										"south": { "texture": "#oak", "uv": [ 1.5, 10.5, 15.5, 11.0 ] },
										"west": { "texture": "#oak", "uv": [ 0.0, 5.5, 12.0, 6.0 ] },
										"up": { "texture": "#oak", "uv": [ 0.0, 0.0, 12.0, 14.0 ], "rotation": 90, "windMode": [-1,-1,-1,-1] },
										"down": { "texture": "#oak", "uv": [ 0.0, 0.0, 12.0, 14.0 ], "rotation": 90, "windMode": [-1,-1,-1,-1] }
									}
								},
								{
									"name": "Base7",
									"from": [ 10.2, 0.01, -21.5 ],
									"to": [ 16.2, 0.51, -20.5 ],
									"rotationOrigin": [ 10.2, 0.01, -21.5 ],
									"rotationZ": -47.0,
									"faces": {
										"north": { "texture": "#oak", "uv": [ 0.0, 10.0, 6.0, 10.5 ] },
										"east": { "texture": "#oak", "uv": [ 0.0, 8.0, 1.0, 8.5 ] },
										"south": { "texture": "#oak", "uv": [ 1.5, 10.5, 7.5, 11.0 ] },
										"west": { "texture": "#oak", "uv": [ 0.0, 5.5, 1.0, 6.0 ] },
										"up": { "texture": "#oak", "uv": [ 0.0, 0.0, 1.0, 6.0 ], "rotation": 90, "windMode": [-1,-1,-1,-1] },
										"down": { "texture": "#oak", "uv": [ 0.0, 0.0, 6.0, 1.0 ], "windMode": [-1,-1,-1,-1] }
									},
									"children": [
										{
											"name": "Base8",
											"from": [ 0.0, 0.0, 10.0 ],
											"to": [ 6.0, 0.5, 11.0 ],
											"rotationOrigin": [ 0.0, 0.0, 10.0 ],
											"faces": {
												"north": { "texture": "#oak", "uv": [ 0.0, 10.0, 6.0, 10.5 ] },
												"east": { "texture": "#oak", "uv": [ 0.0, 8.0, 1.0, 8.5 ] },
												"south": { "texture": "#oak", "uv": [ 1.5, 10.5, 7.5, 11.0 ] },
												"west": { "texture": "#oak", "uv": [ 0.0, 5.5, 1.0, 6.0 ] },
												"up": { "texture": "#oak", "uv": [ 0.0, 0.0, 1.0, 6.0 ], "rotation": 90, "windMode": [-1,-1,-1,-1] },
												"down": { "texture": "#oak", "uv": [ 0.0, 0.0, 6.0, 1.0 ], "windMode": [-1,-1,-1,-1] }
											}
										},
										{
											"name": "Base9",
											"from": [ 0.0, 0.0, 29.0 ],
											"to": [ 6.0, 0.5, 30.0 ],
											"rotationOrigin": [ 0.0, 0.0, 29.0 ],
											"faces": {
												"north": { "texture": "#oak", "uv": [ 0.0, 10.0, 6.0, 10.5 ] },
												"east": { "texture": "#oak", "uv": [ 0.0, 8.0, 1.0, 8.5 ] },
												"south": { "texture": "#oak", "uv": [ 1.5, 10.5, 7.5, 11.0 ] },
												"west": { "texture": "#oak", "uv": [ 0.0, 5.5, 1.0, 6.0 ] },
												"up": { "texture": "#oak", "uv": [ 0.0, 0.0, 1.0, 6.0 ], "rotation": 90, "windMode": [-1,-1,-1,-1] },
												"down": { "texture": "#oak", "uv": [ 0.0, 0.0, 6.0, 1.0 ], "windMode": [-1,-1,-1,-1] }
											}
										},
										{
											"name": "Base10",
											"from": [ 0.0, 0.0, 20.0 ],
											"to": [ 6.0, 0.5, 21.0 ],
											"rotationOrigin": [ 0.0, 0.0, 20.0 ],
											"faces": {
												"north": { "texture": "#oak", "uv": [ 0.0, 10.0, 6.0, 10.5 ] },
												"east": { "texture": "#oak", "uv": [ 0.0, 8.0, 1.0, 8.5 ] },
												"south": { "texture": "#oak", "uv": [ 1.5, 10.5, 7.5, 11.0 ] },
												"west": { "texture": "#oak", "uv": [ 0.0, 5.5, 1.0, 6.0 ] },
												"up": { "texture": "#oak", "uv": [ 0.0, 0.0, 1.0, 6.0 ], "rotation": 90, "windMode": [-1,-1,-1,-1] },
												"down": { "texture": "#oak", "uv": [ 0.0, 0.0, 6.0, 1.0 ], "windMode": [-1,-1,-1,-1] }
											}
										}
									]
								},
								{
									"name": "Base19",
									"from": [ 0.2, -0.49, -21.5 ],
									"to": [ 6.2, 0.01, -20.5 ],
									"rotationOrigin": [ 0.2, -0.49, -21.5 ],
									"faces": {
										"north": { "texture": "#oak", "uv": [ 0.0, 10.0, 6.0, 10.5 ] },
										"east": { "texture": "#oak", "uv": [ 0.0, 8.0, 1.0, 8.5 ] },
										"south": { "texture": "#oak", "uv": [ 1.5, 10.5, 7.5, 11.0 ] },
										"west": { "texture": "#oak", "uv": [ 0.0, 5.5, 1.0, 6.0 ] },
										"up": { "texture": "#oak", "uv": [ 0.0, 0.0, 6.0, 1.0 ], "windMode": [-1,-1,-1,-1] },
										"down": { "texture": "#oak", "uv": [ 0.0, 0.0, 6.0, 1.0 ], "windMode": [-1,-1,-1,-1] }
									},
									"children": [
										{
											"name": "Base20",
											"from": [ 0.0, 0.0, 10.0 ],
											"to": [ 6.0, 0.5, 11.0 ],
											"rotationOrigin": [ 0.0, 0.0, 10.0 ],
											"faces": {
												"north": { "texture": "#oak", "uv": [ 0.0, 10.0, 6.0, 10.5 ] },
												"east": { "texture": "#oak", "uv": [ 0.0, 8.0, 1.0, 8.5 ] },
												"south": { "texture": "#oak", "uv": [ 1.5, 10.5, 7.5, 11.0 ] },
												"west": { "texture": "#oak", "uv": [ 0.0, 5.5, 1.0, 6.0 ] },
												"up": { "texture": "#oak", "uv": [ 0.0, 0.0, 1.0, 6.0 ], "rotation": 90, "windMode": [-1,-1,-1,-1] },
												"down": { "texture": "#oak", "uv": [ 0.0, 0.0, 6.0, 1.0 ], "windMode": [-1,-1,-1,-1] }
											}
										},
										{
											"name": "Base21",
											"from": [ 0.0, 0.0, 29.0 ],
											"to": [ 6.0, 0.5, 30.0 ],
											"rotationOrigin": [ 0.0, 0.0, 29.0 ],
											"faces": {
												"north": { "texture": "#oak", "uv": [ 0.0, 10.0, 6.0, 10.5 ] },
												"east": { "texture": "#oak", "uv": [ 0.0, 8.0, 1.0, 8.5 ] },
												"south": { "texture": "#oak", "uv": [ 1.5, 10.5, 7.5, 11.0 ] },
												"west": { "texture": "#oak", "uv": [ 0.0, 5.5, 1.0, 6.0 ] },
												"up": { "texture": "#oak", "uv": [ 0.0, 0.0, 1.0, 6.0 ], "rotation": 90, "windMode": [-1,-1,-1,-1] },
												"down": { "texture": "#oak", "uv": [ 0.0, 0.0, 6.0, 1.0 ], "windMode": [-1,-1,-1,-1] }
											}
										},
										{
											"name": "Base22",
											"from": [ 0.0, 0.0, 20.0 ],
											"to": [ 6.0, 0.5, 21.0 ],
											"rotationOrigin": [ 0.0, 0.0, 20.0 ],
											"faces": {
												"north": { "texture": "#oak", "uv": [ 0.0, 10.0, 6.0, 10.5 ] },
												"east": { "texture": "#oak", "uv": [ 0.0, 8.0, 1.0, 8.5 ] },
												"south": { "texture": "#oak", "uv": [ 1.5, 10.5, 7.5, 11.0 ] },
												"west": { "texture": "#oak", "uv": [ 0.0, 5.5, 1.0, 6.0 ] },
												"up": { "texture": "#oak", "uv": [ 0.0, 0.0, 1.0, 6.0 ], "rotation": 90, "windMode": [-1,-1,-1,-1] },
												"down": { "texture": "#oak", "uv": [ 0.0, 0.0, 6.0, 1.0 ], "windMode": [-1,-1,-1,-1] }
											}
										},
										{
											"name": "Base23",
											"from": [ 6.0, 0.0, 0.0 ],
											"to": [ 12.0, 0.5, 1.0 ],
											"rotationOrigin": [ 6.0, 0.0, 0.0 ],
											"faces": {
												"north": { "texture": "#oak", "uv": [ 0.0, 10.0, 6.0, 10.5 ] },
												"east": { "texture": "#oak", "uv": [ 0.0, 8.0, 1.0, 8.5 ] },
												"south": { "texture": "#oak", "uv": [ 1.5, 10.5, 7.5, 11.0 ] },
												"west": { "texture": "#oak", "uv": [ 0.0, 5.5, 1.0, 6.0 ] },
												"up": { "texture": "#oak", "uv": [ 0.0, 0.0, 1.0, 6.0 ], "rotation": 90, "windMode": [-1,-1,-1,-1] },
												"down": { "texture": "#oak", "uv": [ 0.0, 0.0, 6.0, 1.0 ], "windMode": [-1,-1,-1,-1], "windData": [0,1,1,0] }
											},
											"children": [
												{
													"name": "Base24",
													"from": [ 0.0, 0.0, 10.0 ],
													"to": [ 6.0, 0.5, 11.0 ],
													"rotationOrigin": [ 0.0, 0.0, 10.0 ],
													"faces": {
														"north": { "texture": "#oak", "uv": [ 0.0, 10.0, 6.0, 10.5 ] },
														"east": { "texture": "#oak", "uv": [ 0.0, 8.0, 1.0, 8.5 ] },
														"south": { "texture": "#oak", "uv": [ 1.5, 10.5, 7.5, 11.0 ] },
														"west": { "texture": "#oak", "uv": [ 0.0, 5.5, 1.0, 6.0 ] },
														"up": { "texture": "#oak", "uv": [ 0.0, 0.0, 1.0, 6.0 ], "rotation": 90, "windMode": [-1,-1,-1,-1] },
														"down": { "texture": "#oak", "uv": [ 0.0, 0.0, 6.0, 1.0 ], "windMode": [-1,-1,-1,-1] }
													}
												},
												{
													"name": "Base25",
													"from": [ 0.0, 0.0, 29.0 ],
													"to": [ 6.0, 0.5, 30.0 ],
													"rotationOrigin": [ 0.0, 0.0, 29.0 ],
													"faces": {
														"north": { "texture": "#oak", "uv": [ 0.0, 10.0, 6.0, 10.5 ] },
														"east": { "texture": "#oak", "uv": [ 0.0, 8.0, 1.0, 8.5 ] },
														"south": { "texture": "#oak", "uv": [ 1.5, 10.5, 7.5, 11.0 ] },
														"west": { "texture": "#oak", "uv": [ 0.0, 5.5, 1.0, 6.0 ] },
														"up": { "texture": "#oak", "uv": [ 0.0, 0.0, 1.0, 6.0 ], "rotation": 90, "windMode": [-1,-1,-1,-1] },
														"down": { "texture": "#oak", "uv": [ 0.0, 0.0, 6.0, 1.0 ], "windMode": [-1,-1,-1,-1] }
													}
												},
												{
													"name": "Base26",
													"from": [ 0.0, 0.0, 20.0 ],
													"to": [ 6.0, 0.5, 21.0 ],
													"rotationOrigin": [ 0.0, 0.0, 20.0 ],
													"faces": {
														"north": { "texture": "#oak", "uv": [ 0.0, 10.0, 6.0, 10.5 ] },
														"east": { "texture": "#oak", "uv": [ 0.0, 8.0, 1.0, 8.5 ] },
														"south": { "texture": "#oak", "uv": [ 1.5, 10.5, 7.5, 11.0 ] },
														"west": { "texture": "#oak", "uv": [ 0.0, 5.5, 1.0, 6.0 ] },
														"up": { "texture": "#oak", "uv": [ 0.0, 0.0, 1.0, 6.0 ], "rotation": 90, "windMode": [-1,-1,-1,-1] },
														"down": { "texture": "#oak", "uv": [ 0.0, 0.0, 6.0, 1.0 ], "windMode": [-1,-1,-1,-1], "windData": [0,1,1,0] }
													}
												}
											]
										}
									]
								}
							]
						},
						{
							"name": "MainGrip",
							"from": [ -61.0, 12.2, -8.0 ],
							"to": [ -53.0, 16.2, 8.0 ],
							"rotationOrigin": [ -57.0, 14.0, 0.0 ],
							"faces": {
							},
							"attachmentpoints": [
								{
									"code": "MainGripAP",
									"posX": "0.0","posY": "0.0","posZ": "0.0",
									"rotationX": "0.0","rotationY": "0.0","rotationZ": "0.0"
								}
							]
						},
						{
							"name": "FrameL2",
							"from": [ -1.0, 9.0, 7.0 ],
							"to": [ 1.0, 19.0, 9.0 ],
							"rotationOrigin": [ -1.0, 9.0, 7.0 ],
							"faces": {
								"north": { "texture": "#oak-h", "uv": [ 0.0, 0.0, 10.0, 2.0 ], "rotation": 90 },
								"east": { "texture": "#oak-h", "uv": [ 0.0, 0.0, 10.0, 2.0 ], "rotation": 90, "windMode": [-1,-1,-1,-1] },
								"south": { "texture": "#oak-h", "uv": [ 0.0, 0.0, 10.0, 2.0 ], "rotation": 90, "windMode": [-1,-1,-1,-1] },
								"west": { "texture": "#oak-h", "uv": [ 0.0, 0.0, 10.0, 2.0 ], "rotation": 90, "windMode": [-1,-1,-1,-1] },
								"up": { "texture": "#oak-h", "uv": [ 0.0, 0.0, 2.0, 2.0 ], "rotation": 90, "windMode": [-1,-1,-1,-1] },
								"down": { "texture": "#oak-h", "uv": [ 0.0, 0.0, 2.0, 2.0 ], "rotation": 90, "windMode": [-1,-1,-1,-1] }
							},
							"children": [
								{
									"name": "FrameL",
									"from": [ 0.0, -8.0, 0.0 ],
									"to": [ 2.0, 0.0, 2.0 ],
									"rotationOrigin": [ 0.0, -8.0, 0.0 ],
									"faces": {
										"north": { "texture": "#oak-h", "uv": [ 0.0, 0.0, 8.0, 2.0 ], "rotation": 90 },
										"east": { "texture": "#oak-h", "uv": [ 0.0, 0.0, 8.0, 2.0 ], "rotation": 90, "windMode": [-1,-1,-1,-1] },
										"south": { "texture": "#oak-h", "uv": [ 0.0, 0.0, 8.0, 2.0 ], "rotation": 90, "windMode": [-1,-1,-1,-1] },
										"west": { "texture": "#oak-h", "uv": [ 0.0, 0.0, 8.0, 2.0 ], "rotation": 90, "windMode": [-1,-1,-1,-1] },
										"up": { "texture": "#oak-h", "uv": [ 0.0, 0.0, 2.0, 2.0 ], "rotation": 90, "windMode": [-1,-1,-1,-1] },
										"down": { "texture": "#oak-h", "uv": [ 0.0, 0.0, 2.0, 2.0 ], "rotation": 90, "windMode": [-1,-1,-1,-1] }
									},
									"children": [
										{
											"name": "Frame7",
											"from": [ 0.0, 12.5, 0.0 ],
											"to": [ 2.0, 28.5, 2.0 ],
											"rotationOrigin": [ 0.0, 12.5, 0.0 ],
											"rotationZ": 90.0,
											"faces": {
												"north": { "texture": "#oak-h", "uv": [ 0.0, 0.0, 16.0, 2.0 ], "rotation": 90 },
												"east": { "texture": "#oak-h", "uv": [ 0.0, 0.0, 16.0, 2.0 ], "rotation": 90, "windMode": [-1,-1,-1,-1] },
												"south": { "texture": "#oak-h", "uv": [ 0.0, 0.0, 16.0, 2.0 ], "rotation": 90, "windMode": [-1,-1,-1,-1] },
												"west": { "texture": "#oak-h", "uv": [ 0.0, 0.0, 16.0, 2.0 ], "rotation": 90, "windMode": [-1,-1,-1,-1] },
												"up": { "texture": "#oak-h", "uv": [ 0.0, 0.0, 2.0, 2.0 ], "rotation": 90, "windMode": [-1,-1,-1,-1] },
												"down": { "texture": "#oak-h", "uv": [ 0.0, 0.0, 2.0, 2.0 ], "rotation": 90, "windMode": [-1,-1,-1,-1] }
											},
											"children": [
												{
													"name": "Frame8",
													"from": [ 0.0, 16.0, 0.0 ],
													"to": [ 2.0, 32.0, 2.0 ],
													"faces": {
														"north": { "texture": "#oak-h", "uv": [ 0.0, 0.0, 16.0, 2.0 ], "rotation": 90 },
														"east": { "texture": "#oak-h", "uv": [ 0.0, 0.0, 16.0, 2.0 ], "rotation": 90, "windMode": [-1,-1,-1,-1] },
														"south": { "texture": "#oak-h", "uv": [ 0.0, 0.0, 16.0, 2.0 ], "rotation": 90, "windMode": [-1,-1,-1,-1] },
														"west": { "texture": "#oak-h", "uv": [ 0.0, 0.0, 16.0, 2.0 ], "rotation": 90, "windMode": [-1,-1,-1,-1] },
														"up": { "texture": "#oak-h", "uv": [ 0.0, 0.0, 2.0, 2.0 ], "rotation": 90, "windMode": [-1,-1,-1,-1] },
														"down": { "texture": "#oak-h", "uv": [ 0.0, 0.0, 2.0, 2.0 ], "rotation": 90, "windMode": [-1,-1,-1,-1] }
													}
												},
												{
													"name": "Frame9",
													"from": [ -4.5, 34.0, 0.0 ],
													"to": [ -2.5, 44.0, 2.0 ],
													"rotationOrigin": [ -4.5, 34.0, 0.0 ],
													"rotationZ": -90.0,
													"faces": {
														"north": { "texture": "#oak-h", "uv": [ 0.0, 0.0, 10.0, 2.0 ], "rotation": 90 },
														"east": { "texture": "#oak-h", "uv": [ 0.0, 0.0, 10.0, 2.0 ], "rotation": 90, "windMode": [-1,-1,-1,-1] },
														"south": { "texture": "#oak-h", "uv": [ 0.0, 0.0, 10.0, 2.0 ], "rotation": 90, "windMode": [-1,-1,-1,-1] },
														"west": { "texture": "#oak-h", "uv": [ 0.0, 0.0, 10.0, 2.0 ], "rotation": 90, "windMode": [-1,-1,-1,-1] },
														"up": { "texture": "#oak-h", "uv": [ 0.0, 0.0, 2.0, 2.0 ], "rotation": 90, "windMode": [-1,-1,-1,-1] },
														"down": { "texture": "#oak-h", "uv": [ 0.0, 0.0, 2.0, 2.0 ], "rotation": 90, "windMode": [-1,-1,-1,-1] }
													},
													"children": [
														{
															"name": "Frame10",
															"from": [ 0.0, -13.0, 0.0 ],
															"to": [ 2.0, 0.0, 2.0 ],
															"rotationOrigin": [ 0.0, -13.0, 0.0 ],
															"faces": {
																"north": { "texture": "#oak-h", "uv": [ 0.0, 0.0, 13.0, 2.0 ], "rotation": 90 },
																"east": { "texture": "#oak-h", "uv": [ 0.0, 0.0, 13.0, 2.0 ], "rotation": 90, "windMode": [-1,-1,-1,-1] },
																"south": { "texture": "#oak-h", "uv": [ 0.0, 0.0, 13.0, 2.0 ], "rotation": 90, "windMode": [-1,-1,-1,-1] },
																"west": { "texture": "#oak-h", "uv": [ 0.0, 0.0, 13.0, 2.0 ], "rotation": 90, "windMode": [-1,-1,-1,-1] },
																"up": { "texture": "#oak-h", "uv": [ 0.0, 0.0, 2.0, 2.0 ], "rotation": 90, "windMode": [-1,-1,-1,-1] },
																"down": { "texture": "#oak-h", "uv": [ 0.0, 0.0, 2.0, 2.0 ], "rotation": 90, "windMode": [-1,-1,-1,-1] }
															},
															"children": [
																{
																	"name": "Frame17",
																	"from": [ 0.0, 3.5, 0.0 ],
																	"to": [ 2.0, 17.5, 2.0 ],
																	"rotationOrigin": [ 0.0, 3.5, 0.0 ],
																	"rotationX": -90.0,
																	"faces": {
																		"north": { "texture": "#oak-h", "uv": [ 0.0, 0.0, 14.0, 2.0 ], "rotation": 90 },
																		"east": { "texture": "#oak-h", "uv": [ 0.0, 0.0, 14.0, 2.0 ], "rotation": 90, "windMode": [-1,-1,-1,-1] },
																		"south": { "texture": "#oak-h", "uv": [ 0.0, 0.0, 14.0, 2.0 ], "rotation": 90, "windMode": [-1,-1,-1,-1] },
																		"west": { "texture": "#oak-h", "uv": [ 0.0, 0.0, 14.0, 2.0 ], "rotation": 90, "windMode": [-1,-1,-1,-1] },
																		"up": { "texture": "#oak-h", "uv": [ 0.0, 0.0, 2.0, 2.0 ], "rotation": 90, "windMode": [-1,-1,-1,-1] },
																		"down": { "texture": "#oak-h", "uv": [ 0.0, 0.0, 2.0, 2.0 ], "rotation": 90, "windMode": [-1,-1,-1,-1] }
																	}
																},
																{
																	"name": "Frame18",
																	"from": [ 0.0, 17.5, 0.0 ],
																	"to": [ 2.0, 31.5, 2.0 ],
																	"rotationOrigin": [ 0.0, 17.5, 0.0 ],
																	"rotationX": -90.0,
																	"faces": {
																		"north": { "texture": "#oak-h", "uv": [ 0.0, 0.0, 14.0, 2.0 ], "rotation": 90 },
																		"east": { "texture": "#oak-h", "uv": [ 0.0, 0.0, 14.0, 2.0 ], "rotation": 90, "windMode": [-1,-1,-1,-1] },
																		"south": { "texture": "#oak-h", "uv": [ 0.0, 0.0, 14.0, 2.0 ], "rotation": 90, "windMode": [-1,-1,-1,-1] },
																		"west": { "texture": "#oak-h", "uv": [ 0.0, 0.0, 14.0, 2.0 ], "rotation": 90, "windMode": [-1,-1,-1,-1] },
																		"up": { "texture": "#oak-h", "uv": [ 0.0, 0.0, 2.0, 2.0 ], "rotation": 90, "windMode": [-1,-1,-1,-1] },
																		"down": { "texture": "#oak-h", "uv": [ 0.0, 0.0, 2.0, 2.0 ], "rotation": 90, "windMode": [-1,-1,-1,-1] }
																	}
																},
																{
																	"name": "Frame19",
																	"from": [ 34.0, 17.5, 0.0 ],
																	"to": [ 36.0, 31.5, 2.0 ],
																	"rotationOrigin": [ 34.0, 17.5, 0.0 ],
																	"rotationX": -90.0,
																	"faces": {
																		"north": { "texture": "#oak-h", "uv": [ 0.0, 0.0, 14.0, 2.0 ], "rotation": 90 },
																		"east": { "texture": "#oak-h", "uv": [ 0.0, 0.0, 14.0, 2.0 ], "rotation": 90, "windMode": [-1,-1,-1,-1] },
																		"south": { "texture": "#oak-h", "uv": [ 0.0, 0.0, 14.0, 2.0 ], "rotation": 90, "windMode": [-1,-1,-1,-1] },
																		"west": { "texture": "#oak-h", "uv": [ 0.0, 0.0, 14.0, 2.0 ], "rotation": 90, "windMode": [-1,-1,-1,-1] },
																		"up": { "texture": "#oak-h", "uv": [ 0.0, 0.0, 2.0, 2.0 ], "rotation": 90, "windMode": [-1,-1,-1,-1] },
																		"down": { "texture": "#oak-h", "uv": [ 0.0, 0.0, 2.0, 2.0 ], "rotation": 90, "windMode": [-1,-1,-1,-1] }
																	}
																},
																{
																	"name": "Frame20",
																	"from": [ 2.0, 5.5, 0.0 ],
																	"to": [ 4.0, 19.5, 2.0 ],
																	"rotationOrigin": [ 2.0, 5.5, 0.0 ],
																	"rotationZ": -90.0,
																	"faces": {
																		"north": { "texture": "#oak-h", "uv": [ 0.0, 0.0, 14.0, 2.0 ], "rotation": 90 },
																		"east": { "texture": "#oak-h", "uv": [ 0.0, 0.0, 14.0, 2.0 ], "rotation": 90, "windMode": [-1,-1,-1,-1] },
																		"south": { "texture": "#oak-h", "uv": [ 0.0, 0.0, 14.0, 2.0 ], "rotation": 90, "windMode": [-1,-1,-1,-1] },
																		"west": { "texture": "#oak-h", "uv": [ 0.0, 0.0, 14.0, 2.0 ], "rotation": 90, "windMode": [-1,-1,-1,-1] },
																		"up": { "texture": "#oak-h", "uv": [ 0.0, 0.0, 2.0, 2.0 ], "rotation": 90, "windMode": [-1,-1,-1,-1] },
																		"down": { "texture": "#oak-h", "uv": [ 0.0, 0.0, 2.0, 2.0 ], "rotation": 90, "windMode": [-1,-1,-1,-1] }
																	},
																	"children": [
																		{
																			"name": "Frame21",
																			"from": [ 0.0, 18.0, 0.0 ],
																			"to": [ 2.0, 32.0, 2.0 ],
																			"rotationOrigin": [ 0.0, 18.0, 0.0 ],
																			"faces": {
																				"north": { "texture": "#oak-h", "uv": [ 0.0, 0.0, 14.0, 2.0 ], "rotation": 90 },
																				"east": { "texture": "#oak-h", "uv": [ 0.0, 0.0, 14.0, 2.0 ], "rotation": 90, "windMode": [-1,-1,-1,-1] },
																				"south": { "texture": "#oak-h", "uv": [ 0.0, 0.0, 14.0, 2.0 ], "rotation": 90, "windMode": [-1,-1,-1,-1] },
																				"west": { "texture": "#oak-h", "uv": [ 0.0, 0.0, 14.0, 2.0 ], "rotation": 90, "windMode": [-1,-1,-1,-1] },
																				"up": { "texture": "#oak-h", "uv": [ 0.0, 0.0, 2.0, 2.0 ], "rotation": 90, "windMode": [-1,-1,-1,-1] },
																				"down": { "texture": "#oak-h", "uv": [ 0.0, 0.0, 2.0, 2.0 ], "rotation": 90, "windMode": [-1,-1,-1,-1] }
																			}
																		},
																		{
																			"name": "Frame22",
																			"from": [ 0.0, 14.0, 0.0 ],
																			"to": [ 2.0, 18.0, 2.0 ],
																			"rotationOrigin": [ 0.0, 14.0, 0.0 ],
																			"faces": {
																				"north": { "texture": "#oak-h", "uv": [ 0.0, 0.0, 4.0, 2.0 ], "rotation": 90 },
																				"east": { "texture": "#oak-h", "uv": [ 0.0, 0.0, 4.0, 2.0 ], "rotation": 90, "windMode": [-1,-1,-1,-1] },
																				"south": { "texture": "#oak-h", "uv": [ 0.0, 0.0, 4.0, 2.0 ], "rotation": 90, "windMode": [-1,-1,-1,-1] },
																				"west": { "texture": "#oak-h", "uv": [ 0.0, 0.0, 4.0, 2.0 ], "rotation": 90, "windMode": [-1,-1,-1,-1] },
																				"up": { "texture": "#oak-h", "uv": [ 0.0, 0.0, 2.0, 2.0 ], "rotation": 90, "windMode": [-1,-1,-1,-1] },
																				"down": { "texture": "#oak-h", "uv": [ 0.0, 0.0, 2.0, 2.0 ], "rotation": 90, "windMode": [-1,-1,-1,-1] }
																			}
																		}
																	]
																},
																{
																	"name": "Frame23",
																	"from": [ 2.0, 5.5, -14.0 ],
																	"to": [ 4.0, 19.5, -12.0 ],
																	"rotationOrigin": [ 2.0, 5.5, -14.0 ],
																	"rotationZ": -90.0,
																	"faces": {
																		"north": { "texture": "#oak-h", "uv": [ 0.0, 0.0, 14.0, 2.0 ], "rotation": 90 },
																		"east": { "texture": "#oak-h", "uv": [ 0.0, 0.0, 14.0, 2.0 ], "rotation": 90, "windMode": [-1,-1,-1,-1] },
																		"south": { "texture": "#oak-h", "uv": [ 0.0, 0.0, 14.0, 2.0 ], "rotation": 90, "windMode": [-1,-1,-1,-1] },
																		"west": { "texture": "#oak-h", "uv": [ 0.0, 0.0, 14.0, 2.0 ], "rotation": 90, "windMode": [-1,-1,-1,-1] },
																		"up": { "texture": "#oak-h", "uv": [ 0.0, 0.0, 2.0, 2.0 ], "rotation": 90, "windMode": [-1,-1,-1,-1] },
																		"down": { "texture": "#oak-h", "uv": [ 0.0, 0.0, 2.0, 2.0 ], "rotation": 90, "windMode": [-1,-1,-1,-1] }
																	},
																	"children": [
																		{
																			"name": "Frame24",
																			"from": [ 0.0, 18.0, 0.0 ],
																			"to": [ 2.0, 32.0, 2.0 ],
																			"rotationOrigin": [ 0.0, 18.0, 0.0 ],
																			"faces": {
																				"north": { "texture": "#oak-h", "uv": [ 0.0, 0.0, 14.0, 2.0 ], "rotation": 90 },
																				"east": { "texture": "#oak-h", "uv": [ 0.0, 0.0, 14.0, 2.0 ], "rotation": 90, "windMode": [-1,-1,-1,-1] },
																				"south": { "texture": "#oak-h", "uv": [ 0.0, 0.0, 14.0, 2.0 ], "rotation": 90, "windMode": [-1,-1,-1,-1] },
																				"west": { "texture": "#oak-h", "uv": [ 0.0, 0.0, 14.0, 2.0 ], "rotation": 90, "windMode": [-1,-1,-1,-1] },
																				"up": { "texture": "#oak-h", "uv": [ 0.0, 0.0, 2.0, 2.0 ], "rotation": 90, "windMode": [-1,-1,-1,-1] },
																				"down": { "texture": "#oak-h", "uv": [ 0.0, 0.0, 2.0, 2.0 ], "rotation": 90, "windMode": [-1,-1,-1,-1] }
																			}
																		},
																		{
																			"name": "Frame25",
																			"from": [ 0.0, 14.0, 0.0 ],
																			"to": [ 2.0, 18.0, 2.0 ],
																			"rotationOrigin": [ 0.0, 14.0, 0.0 ],
																			"faces": {
																				"north": { "texture": "#oak-h", "uv": [ 0.0, 0.0, 4.0, 2.0 ], "rotation": 90 },
																				"east": { "texture": "#oak-h", "uv": [ 0.0, 0.0, 4.0, 2.0 ], "rotation": 90, "windMode": [-1,-1,-1,-1] },
																				"south": { "texture": "#oak-h", "uv": [ 0.0, 0.0, 4.0, 2.0 ], "rotation": 90, "windMode": [-1,-1,-1,-1] },
																				"west": { "texture": "#oak-h", "uv": [ 0.0, 0.0, 4.0, 2.0 ], "rotation": 90, "windMode": [-1,-1,-1,-1] },
																				"up": { "texture": "#oak-h", "uv": [ 0.0, 0.0, 2.0, 2.0 ], "rotation": 90, "windMode": [-1,-1,-1,-1] },
																				"down": { "texture": "#oak-h", "uv": [ 0.0, 0.0, 2.0, 2.0 ], "rotation": 90, "windMode": [-1,-1,-1,-1] }
																			}
																		}
																	]
																}
															]
														},
														{
															"name": "Grips",
															"from": [ 0.0, 4.0, 0.0 ],
															"to": [ 2.0, 17.0, 2.0 ],
															"rotationOrigin": [ 0.0, 4.0, 2.0 ],
															"rotationY": -8.0,
															"rotationZ": 90.0,
															"faces": {
																"north": { "texture": "#oak-h", "uv": [ 0.0, 0.0, 13.0, 2.0 ], "rotation": 90 },
																"east": { "texture": "#oak-h", "uv": [ 0.0, 0.0, 13.0, 2.0 ], "rotation": 90, "windMode": [-1,-1,-1,-1] },
																"south": { "texture": "#oak-h", "uv": [ 0.0, 0.0, 13.0, 2.0 ], "rotation": 90, "windMode": [-1,-1,-1,-1] },
																"west": { "texture": "#oak-h", "uv": [ 0.0, 0.0, 13.0, 2.0 ], "rotation": 90, "windMode": [-1,-1,-1,-1] },
																"up": { "texture": "#oak-h", "uv": [ 0.0, 0.0, 2.0, 2.0 ], "rotation": 90, "windMode": [-1,-1,-1,-1] },
																"down": { "texture": "#oak-h", "uv": [ 0.0, 0.0, 2.0, 2.0 ], "rotation": 90, "windMode": [-1,-1,-1,-1] }
															},
															"children": [
																{
																	"name": "Frame14",
																	"from": [ 0.01, 13.0, -0.01 ],
																	"to": [ 2.01, 17.0, 1.99 ],
																	"rotationOrigin": [ 0.0, 13.0, 0.0 ],
																	"rotationX": 8.0,
																	"faces": {
																		"north": { "texture": "#oak-h", "uv": [ 0.0, 0.0, 4.0, 2.0 ], "rotation": 90 },
																		"east": { "texture": "#oak-h", "uv": [ 0.0, 0.0, 4.0, 2.0 ], "rotation": 90, "windMode": [-1,-1,-1,-1] },
																		"south": { "texture": "#oak-h", "uv": [ 0.0, 0.0, 4.0, 2.0 ], "rotation": 90, "windMode": [-1,-1,-1,-1] },
																		"west": { "texture": "#oak-h", "uv": [ 0.0, 0.0, 4.0, 2.0 ], "rotation": 90, "windMode": [-1,-1,-1,-1] },
																		"up": { "texture": "#oak-h", "uv": [ 0.0, 0.0, 2.0, 2.0 ], "rotation": 90, "windMode": [-1,-1,-1,-1] },
																		"down": { "texture": "#oak-h", "uv": [ 0.0, 0.0, 2.0, 2.0 ], "rotation": 90, "windMode": [-1,-1,-1,-1] }
																	},
																	"children": [
																		{
																			"name": "Frame26",
																			"from": [ 0.0, 4.0, 0.001 ],
																			"to": [ 2.0, 8.0, 2.001 ],
																			"rotationOrigin": [ 0.0, 4.0, 0.0 ],
																			"rotationZ": -20.0,
																			"faces": {
																				"north": { "texture": "#oak-h", "uv": [ 0.0, 0.0, 4.0, 2.0 ], "rotation": 90 },
																				"east": { "texture": "#oak-h", "uv": [ 0.0, 0.0, 4.0, 2.0 ], "rotation": 90, "windMode": [-1,-1,-1,-1] },
																				"south": { "texture": "#oak-h", "uv": [ 0.0, 0.0, 4.0, 2.0 ], "rotation": 90, "windMode": [-1,-1,-1,-1] },
																				"west": { "texture": "#oak-h", "uv": [ 0.0, 0.0, 4.0, 2.0 ], "rotation": 90, "windMode": [-1,-1,-1,-1] },
																				"up": { "texture": "#oak-h", "uv": [ 0.0, 0.0, 2.0, 2.0 ], "rotation": 90, "windMode": [-1,-1,-1,-1] },
																				"down": { "texture": "#oak-h", "uv": [ 0.0, 0.0, 2.0, 2.0 ], "rotation": 90, "windMode": [-1,-1,-1,-1] }
																			},
																			"children": [
																				{
																					"name": "Frame28",
																					"from": [ 0.0, 4.0, -0.01 ],
																					"to": [ 2.0, 10.0, 1.99 ],
																					"rotationOrigin": [ 2.0, 4.0, 0.0 ],
																					"rotationZ": 20.0,
																					"faces": {
																						"north": { "texture": "#oak-h", "uv": [ 0.0, 0.0, 6.0, 2.0 ], "rotation": 90 },
																						"east": { "texture": "#oak-h", "uv": [ 0.0, 0.0, 6.0, 2.0 ], "rotation": 90, "windMode": [-1,-1,-1,-1] },
																						"south": { "texture": "#oak-h", "uv": [ 0.0, 0.0, 6.0, 2.0 ], "rotation": 90, "windMode": [-1,-1,-1,-1] },
																						"west": { "texture": "#oak-h", "uv": [ 0.0, 0.0, 6.0, 2.0 ], "rotation": 90, "windMode": [-1,-1,-1,-1] },
																						"up": { "texture": "#oak-h", "uv": [ 0.0, 0.0, 2.0, 2.0 ], "rotation": 90, "windMode": [-1,-1,-1,-1] },
																						"down": { "texture": "#oak-h", "uv": [ 0.0, 0.0, 2.0, 2.0 ], "rotation": 90, "windMode": [-1,-1,-1,-1] }
																					},
																					"children": [
																						{
																							"name": "Frame29",
																							"from": [ 0.0, 6.0, 0.01 ],
																							"to": [ 2.0, 9.0, 2.01 ],
																							"rotationOrigin": [ 2.0, 6.0, 0.0 ],
																							"rotationZ": 30.0,
																							"faces": {
																								"north": { "texture": "#oak-h", "uv": [ 0.0, 0.0, 3.0, 2.0 ], "rotation": 90 },
																								"east": { "texture": "#oak-h", "uv": [ 0.0, 0.0, 3.0, 2.0 ], "rotation": 90, "windMode": [-1,-1,-1,-1] },
																								"south": { "texture": "#oak-h", "uv": [ 0.0, 0.0, 3.0, 2.0 ], "rotation": 90, "windMode": [-1,-1,-1,-1] },
																								"west": { "texture": "#oak-h", "uv": [ 0.0, 0.0, 3.0, 2.0 ], "rotation": 90, "windMode": [-1,-1,-1,-1] },
																								"up": { "texture": "#oak-h", "uv": [ 0.0, 0.0, 2.0, 2.0 ], "rotation": 90, "windMode": [-1,-1,-1,-1] },
																								"down": { "texture": "#oak-h", "uv": [ 0.0, 0.0, 2.0, 2.0 ], "rotation": 90, "windMode": [-1,-1,-1,-1] }
																							},
																							"children": [
																								{
																									"name": "Frame32",
																									"from": [ -0.2, 3.0, -0.2 ],
																									"to": [ 2.2, 4.0, 2.2 ],
																									"rotationOrigin": [ 1.8, 3.0, -0.2 ],
																									"faces": {
																										"north": { "texture": "#oak-h", "uv": [ 0.0, 0.0, 1.0, 2.0 ], "rotation": 90 },
																										"east": { "texture": "#oak-h", "uv": [ 0.0, 0.0, 1.0, 2.0 ], "rotation": 90, "windMode": [-1,-1,-1,-1] },
																										"south": { "texture": "#oak-h", "uv": [ 0.0, 0.0, 1.0, 2.0 ], "rotation": 90, "windMode": [-1,-1,-1,-1] },
																										"west": { "texture": "#oak-h", "uv": [ 0.0, 0.0, 1.0, 2.0 ], "rotation": 90, "windMode": [-1,-1,-1,-1] },
																										"up": { "texture": "#oak-h", "uv": [ 0.0, 0.0, 2.0, 2.0 ], "rotation": 90, "windMode": [-1,-1,-1,-1] },
																										"down": { "texture": "#oak-h", "uv": [ 0.0, 0.0, 2.0, 2.0 ], "rotation": 90, "windMode": [-1,-1,-1,-1] }
																									}
																								},
																								{
																									"name": "Frame33",
																									"from": [ -0.2, 3.0, -12.6 ],
																									"to": [ 2.2, 4.0, -10.2 ],
																									"rotationOrigin": [ 1.8, 3.0, -12.6 ],
																									"faces": {
																										"north": { "texture": "#oak-h", "uv": [ 0.0, 0.0, 1.0, 2.0 ], "rotation": 90 },
																										"east": { "texture": "#oak-h", "uv": [ 0.0, 0.0, 1.0, 2.0 ], "rotation": 90, "windMode": [-1,-1,-1,-1] },
																										"south": { "texture": "#oak-h", "uv": [ 0.0, 0.0, 1.0, 2.0 ], "rotation": 90, "windMode": [-1,-1,-1,-1] },
																										"west": { "texture": "#oak-h", "uv": [ 0.0, 0.0, 1.0, 2.0 ], "rotation": 90, "windMode": [-1,-1,-1,-1] },
																										"up": { "texture": "#oak-h", "uv": [ 0.0, 0.0, 2.0, 2.0 ], "rotation": 90, "windMode": [-1,-1,-1,-1] },
																										"down": { "texture": "#oak-h", "uv": [ 0.0, 0.0, 2.0, 2.0 ], "rotation": 90, "windMode": [-1,-1,-1,-1] }
																									}
																								}
																							]
																						}
																					]
																				}
																			]
																		}
																	]
																},
																{
																	"name": "Frame15",
																	"from": [ 0.0, 2.5051, -17.82 ],
																	"to": [ 2.0, 15.5051, -15.82 ],
																	"rotationOrigin": [ 1.0, 2.5051, -15.8248 ],
																	"rotationX": -164.0,
																	"rotationZ": -180.0,
																	"faces": {
																		"north": { "texture": "#oak-h", "uv": [ 0.0, 0.0, 13.0, 2.0 ], "rotation": 90 },
																		"east": { "texture": "#oak-h", "uv": [ 0.0, 0.0, 13.0, 2.0 ], "rotation": 90, "windMode": [-1,-1,-1,-1] },
																		"south": { "texture": "#oak-h", "uv": [ 0.0, 0.0, 13.0, 2.0 ], "rotation": 90, "windMode": [-1,-1,-1,-1] },
																		"west": { "texture": "#oak-h", "uv": [ 0.0, 0.0, 13.0, 2.0 ], "rotation": 90, "windMode": [-1,-1,-1,-1] },
																		"up": { "texture": "#oak-h", "uv": [ 0.0, 0.0, 2.0, 2.0 ], "rotation": 90, "windMode": [-1,-1,-1,-1] },
																		"down": { "texture": "#oak-h", "uv": [ 0.0, 0.0, 2.0, 2.0 ], "rotation": 90, "windMode": [-1,-1,-1,-1] }
																	},
																	"children": [
																		{
																			"name": "Frame16",
																			"from": [ 0.01, 13.0, 0.001 ],
																			"to": [ 2.01, 17.0, 2.001 ],
																			"rotationOrigin": [ 0.0, 13.0, 0.0 ],
																			"rotationX": 8.0,
																			"faces": {
																				"north": { "texture": "#oak-h", "uv": [ 0.0, 0.0, 4.0, 2.0 ], "rotation": 90 },
																				"east": { "texture": "#oak-h", "uv": [ 0.0, 0.0, 4.0, 2.0 ], "rotation": 90, "windMode": [-1,-1,-1,-1] },
																				"south": { "texture": "#oak-h", "uv": [ 0.0, 0.0, 4.0, 2.0 ], "rotation": 90, "windMode": [-1,-1,-1,-1] },
																				"west": { "texture": "#oak-h", "uv": [ 0.0, 0.0, 4.0, 2.0 ], "rotation": 90, "windMode": [-1,-1,-1,-1] },
																				"up": { "texture": "#oak-h", "uv": [ 0.0, 0.0, 2.0, 2.0 ], "rotation": 90, "windMode": [-1,-1,-1,-1] },
																				"down": { "texture": "#oak-h", "uv": [ 0.0, 0.0, 2.0, 2.0 ], "rotation": 90, "windMode": [-1,-1,-1,-1] }
																			},
																			"children": [
																				{
																					"name": "Frame27",
																					"from": [ 0.0, 4.0, -0.01 ],
																					"to": [ 2.0, 8.0, 1.99 ],
																					"rotationOrigin": [ 2.0, 4.0, 0.0 ],
																					"rotationZ": 20.0,
																					"faces": {
																						"north": { "texture": "#oak-h", "uv": [ 0.0, 0.0, 4.0, 2.0 ], "rotation": 90 },
																						"east": { "texture": "#oak-h", "uv": [ 0.0, 0.0, 4.0, 2.0 ], "rotation": 90, "windMode": [-1,-1,-1,-1] },
																						"south": { "texture": "#oak-h", "uv": [ 0.0, 0.0, 4.0, 2.0 ], "rotation": 90, "windMode": [-1,-1,-1,-1] },
																						"west": { "texture": "#oak-h", "uv": [ 0.0, 0.0, 4.0, 2.0 ], "rotation": 90, "windMode": [-1,-1,-1,-1] },
																						"up": { "texture": "#oak-h", "uv": [ 0.0, 0.0, 2.0, 2.0 ], "rotation": 90, "windMode": [-1,-1,-1,-1] },
																						"down": { "texture": "#oak-h", "uv": [ 0.0, 0.0, 2.0, 2.0 ], "rotation": 90, "windMode": [-1,-1,-1,-1] }
																					},
																					"children": [
																						{
																							"name": "Frame30",
																							"from": [ 0.0, 4.0, -0.01 ],
																							"to": [ 2.0, 10.0, 1.99 ],
																							"rotationOrigin": [ 0.0, 4.0, 0.0 ],
																							"rotationZ": -20.0,
																							"faces": {
																								"north": { "texture": "#oak-h", "uv": [ 0.0, 0.0, 6.0, 2.0 ], "rotation": 90 },
																								"east": { "texture": "#oak-h", "uv": [ 0.0, 0.0, 6.0, 2.0 ], "rotation": 90, "windMode": [-1,-1,-1,-1] },
																								"south": { "texture": "#oak-h", "uv": [ 0.0, 0.0, 6.0, 2.0 ], "rotation": 90, "windMode": [-1,-1,-1,-1] },
																								"west": { "texture": "#oak-h", "uv": [ 0.0, 0.0, 6.0, 2.0 ], "rotation": 90, "windMode": [-1,-1,-1,-1] },
																								"up": { "texture": "#oak-h", "uv": [ 0.0, 0.0, 2.0, 2.0 ], "rotation": 90, "windMode": [-1,-1,-1,-1] },
																								"down": { "texture": "#oak-h", "uv": [ 0.0, 0.0, 2.0, 2.0 ], "rotation": 90, "windMode": [-1,-1,-1,-1] }
																							},
																							"children": [
																								{
																									"name": "Frame31",
																									"from": [ 0.0, 6.0, 0.01 ],
																									"to": [ 2.0, 9.0, 2.01 ],
																									"rotationOrigin": [ 0.0, 6.0, 0.0 ],
																									"rotationZ": -30.0,
																									"faces": {
																										"north": { "texture": "#oak-h", "uv": [ 0.0, 0.0, 3.0, 2.0 ], "rotation": 90 },
																										"east": { "texture": "#oak-h", "uv": [ 0.0, 0.0, 3.0, 2.0 ], "rotation": 90, "windMode": [-1,-1,-1,-1] },
																										"south": { "texture": "#oak-h", "uv": [ 0.0, 0.0, 3.0, 2.0 ], "rotation": 90, "windMode": [-1,-1,-1,-1] },
																										"west": { "texture": "#oak-h", "uv": [ 0.0, 0.0, 3.0, 2.0 ], "rotation": 90, "windMode": [-1,-1,-1,-1] },
																										"up": { "texture": "#oak-h", "uv": [ 0.0, 0.0, 2.0, 2.0 ], "rotation": 90, "windMode": [-1,-1,-1,-1] },
																										"down": { "texture": "#oak-h", "uv": [ 0.0, 0.0, 2.0, 2.0 ], "rotation": 90, "windMode": [-1,-1,-1,-1] }
																									}
																								}
																							]
																						}
																					]
																				}
																			]
																		}
																	]
																}
															]
														},
														{
															"name": "Cube16",
															"from": [ 0.2, -2.9, -7.6 ],
															"to": [ 1.9, 0.4, -6.7 ],
															"rotationOrigin": [ 0.2, -2.9, -7.6 ],
															"rotationX": 4.0,
															"faces": {
																"north": { "texture": "#mordant", "uv": [ 0.0, 0.0, 1.5, 3.0 ] },
																"east": { "texture": "#mordant", "uv": [ 0.0, 0.0, 0.5, 3.0 ] },
																"south": { "texture": "#mordant", "uv": [ 0.0, 0.0, 1.5, 3.0 ] },
																"west": { "texture": "#mordant", "uv": [ 0.0, 0.0, 0.5, 3.0 ] },
																"up": { "texture": "#mordant", "uv": [ 0.0, 0.0, 1.5, 0.5 ] },
																"down": { "texture": "#mordant", "uv": [ 0.0, 0.0, 1.5, 0.5 ] }
															},
															"children": [
																{
																	"name": "Cube17",
																	"from": [ 0.1, 0.98, -1.7935 ],
																	"to": [ 1.6, 1.88, 2.7065 ],
																	"rotationOrigin": [ 0.1, 0.978, -1.7935 ],
																	"rotationX": -7.0,
																	"faces": {
																		"north": { "texture": "#mordant", "uv": [ 0.0, 0.0, 1.5, 0.5 ] },
																		"east": { "texture": "#mordant", "uv": [ 0.0, 0.0, 4.5, 0.5 ] },
																		"south": { "texture": "#mordant", "uv": [ 0.0, 0.0, 1.5, 0.5 ] },
																		"west": { "texture": "#mordant", "uv": [ 0.0, 0.0, 4.5, 0.5 ] },
																		"up": { "texture": "#mordant", "uv": [ 0.0, 0.0, 1.5, 4.5 ] },
																		"down": { "texture": "#mordant", "uv": [ 0.0, 0.0, 1.5, 4.5 ] }
																	}
																}
															]
														},
														{
															"name": "Cube18",
															"from": [ 34.2, -2.9, -7.6 ],
															"to": [ 35.9, 0.4, -6.7 ],
															"rotationOrigin": [ 34.2, -2.9, -7.6 ],
															"rotationX": 4.0,
															"faces": {
																"north": { "texture": "#mordant", "uv": [ 0.0, 0.0, 1.5, 3.0 ] },
																"east": { "texture": "#mordant", "uv": [ 0.0, 0.0, 0.5, 3.0 ] },
																"south": { "texture": "#mordant", "uv": [ 0.0, 0.0, 1.5, 3.0 ] },
																"west": { "texture": "#mordant", "uv": [ 0.0, 0.0, 0.5, 3.0 ] },
																"up": { "texture": "#mordant", "uv": [ 0.0, 0.0, 1.5, 0.5 ] },
																"down": { "texture": "#mordant", "uv": [ 0.0, 0.0, 1.5, 0.5 ] }
															},
															"children": [
																{
																	"name": "Cube19",
																	"from": [ 0.1, 0.98, -1.7935 ],
																	"to": [ 1.6, 1.88, 2.7065 ],
																	"rotationOrigin": [ 0.1, 0.978, -1.7935 ],
																	"rotationX": -7.0,
																	"faces": {
																		"north": { "texture": "#mordant", "uv": [ 0.0, 0.0, 1.5, 0.5 ] },
																		"east": { "texture": "#mordant", "uv": [ 0.0, 0.0, 4.5, 0.5 ] },
																		"south": { "texture": "#mordant", "uv": [ 0.0, 0.0, 1.5, 0.5 ] },
																		"west": { "texture": "#mordant", "uv": [ 0.0, 0.0, 4.5, 0.5 ] },
																		"up": { "texture": "#mordant", "uv": [ 0.0, 0.0, 1.5, 4.5 ] },
																		"down": { "texture": "#mordant", "uv": [ 0.0, 0.0, 1.5, 4.5 ] }
																	}
																}
															]
														}
													]
												}
											]
										}
									]
								},
								{
									"name": "Frame3",
									"from": [ 0.0, 0.0, -16.0 ],
									"to": [ 2.0, 10.0, -14.0 ],
									"faces": {
										"north": { "texture": "#oak-h", "uv": [ 0.0, 0.0, 10.0, 2.0 ], "rotation": 90 },
										"east": { "texture": "#oak-h", "uv": [ 0.0, 0.0, 10.0, 2.0 ], "rotation": 90, "windMode": [-1,-1,-1,-1] },
										"south": { "texture": "#oak-h", "uv": [ 0.0, 0.0, 10.0, 2.0 ], "rotation": 90, "windMode": [-1,-1,-1,-1] },
										"west": { "texture": "#oak-h", "uv": [ 0.0, 0.0, 10.0, 2.0 ], "rotation": 90, "windMode": [-1,-1,-1,-1] },
										"up": { "texture": "#oak-h", "uv": [ 0.0, 0.0, 2.0, 2.0 ], "rotation": 90, "windMode": [-1,-1,-1,-1] },
										"down": { "texture": "#oak-h", "uv": [ 0.0, 0.0, 2.0, 2.0 ], "rotation": 90, "windMode": [-1,-1,-1,-1] }
									},
									"children": [
										{
											"name": "Frame4",
											"from": [ 0.0, -8.0, 0.0 ],
											"to": [ 2.0, 0.0, 2.0 ],
											"rotationOrigin": [ 0.0, -8.0, 0.0 ],
											"faces": {
												"north": { "texture": "#oak-h", "uv": [ 0.0, 0.0, 8.0, 2.0 ], "rotation": 90 },
												"east": { "texture": "#oak-h", "uv": [ 0.0, 0.0, 8.0, 2.0 ], "rotation": 90, "windMode": [-1,-1,-1,-1] },
												"south": { "texture": "#oak-h", "uv": [ 0.0, 0.0, 8.0, 2.0 ], "rotation": 90, "windMode": [-1,-1,-1,-1] },
												"west": { "texture": "#oak-h", "uv": [ 0.0, 0.0, 8.0, 2.0 ], "rotation": 90, "windMode": [-1,-1,-1,-1] },
												"up": { "texture": "#oak-h", "uv": [ 0.0, 0.0, 2.0, 2.0 ], "rotation": 90, "windMode": [-1,-1,-1,-1] },
												"down": { "texture": "#oak-h", "uv": [ 0.0, 0.0, 2.0, 2.0 ], "rotation": 90, "windMode": [-1,-1,-1,-1] }
											}
										},
										{
											"name": "Frame5",
											"from": [ 0.0, 4.5, 0.0 ],
											"to": [ 2.0, 20.5, 2.0 ],
											"rotationOrigin": [ 0.0, 4.5, 0.0 ],
											"rotationZ": 90.0,
											"faces": {
												"north": { "texture": "#oak-h", "uv": [ 0.0, 0.0, 16.0, 2.0 ], "rotation": 90 },
												"east": { "texture": "#oak-h", "uv": [ 0.0, 0.0, 16.0, 2.0 ], "rotation": 90, "windMode": [-1,-1,-1,-1] },
												"south": { "texture": "#oak-h", "uv": [ 0.0, 0.0, 16.0, 2.0 ], "rotation": 90, "windMode": [-1,-1,-1,-1] },
												"west": { "texture": "#oak-h", "uv": [ 0.0, 0.0, 16.0, 2.0 ], "rotation": 90, "windMode": [-1,-1,-1,-1] },
												"up": { "texture": "#oak-h", "uv": [ 0.0, 0.0, 2.0, 2.0 ], "rotation": 90, "windMode": [-1,-1,-1,-1] },
												"down": { "texture": "#oak-h", "uv": [ 0.0, 0.0, 2.0, 2.0 ], "rotation": 90, "windMode": [-1,-1,-1,-1] }
											},
											"children": [
												{
													"name": "Frame6",
													"from": [ 0.0, 16.0, 0.0 ],
													"to": [ 2.0, 32.0, 2.0 ],
													"faces": {
														"north": { "texture": "#oak-h", "uv": [ 0.0, 0.0, 16.0, 2.0 ], "rotation": 90 },
														"east": { "texture": "#oak-h", "uv": [ 0.0, 0.0, 16.0, 2.0 ], "rotation": 90, "windMode": [-1,-1,-1,-1] },
														"south": { "texture": "#oak-h", "uv": [ 0.0, 0.0, 16.0, 2.0 ], "rotation": 90, "windMode": [-1,-1,-1,-1] },
														"west": { "texture": "#oak-h", "uv": [ 0.0, 0.0, 16.0, 2.0 ], "rotation": 90, "windMode": [-1,-1,-1,-1] },
														"up": { "texture": "#oak-h", "uv": [ 0.0, 0.0, 2.0, 2.0 ], "rotation": 90, "windMode": [-1,-1,-1,-1] },
														"down": { "texture": "#oak-h", "uv": [ 0.0, 0.0, 2.0, 2.0 ], "rotation": 90, "windMode": [-1,-1,-1,-1] }
													},
													"children": [
														{
															"name": "Frame11",
															"from": [ -4.5, 18.0, 0.0 ],
															"to": [ -2.5, 28.0, 2.0 ],
															"rotationOrigin": [ -4.5, 18.0, 0.0 ],
															"rotationZ": -90.0,
															"faces": {
																"north": { "texture": "#oak-h", "uv": [ 0.0, 0.0, 10.0, 2.0 ], "rotation": 90 },
																"east": { "texture": "#oak-h", "uv": [ 0.0, 0.0, 10.0, 2.0 ], "rotation": 90, "windMode": [-1,-1,-1,-1] },
																"south": { "texture": "#oak-h", "uv": [ 0.0, 0.0, 10.0, 2.0 ], "rotation": 90, "windMode": [-1,-1,-1,-1] },
																"west": { "texture": "#oak-h", "uv": [ 0.0, 0.0, 10.0, 2.0 ], "rotation": 90, "windMode": [-1,-1,-1,-1] },
																"up": { "texture": "#oak-h", "uv": [ 0.0, 0.0, 2.0, 2.0 ], "rotation": 90, "windMode": [-1,-1,-1,-1] },
																"down": { "texture": "#oak-h", "uv": [ 0.0, 0.0, 2.0, 2.0 ], "rotation": 90, "windMode": [-1,-1,-1,-1] }
															},
															"children": [
																{
																	"name": "Frame12",
																	"from": [ 0.0, -13.0, 0.0 ],
																	"to": [ 2.0, 0.0, 2.0 ],
																	"rotationOrigin": [ 0.0, -13.0, 0.0 ],
																	"faces": {
																		"north": { "texture": "#oak-h", "uv": [ 0.0, 0.0, 13.0, 2.0 ], "rotation": 90 },
																		"east": { "texture": "#oak-h", "uv": [ 0.0, 0.0, 13.0, 2.0 ], "rotation": 90, "windMode": [-1,-1,-1,-1] },
																		"south": { "texture": "#oak-h", "uv": [ 0.0, 0.0, 13.0, 2.0 ], "rotation": 90, "windMode": [-1,-1,-1,-1] },
																		"west": { "texture": "#oak-h", "uv": [ 0.0, 0.0, 13.0, 2.0 ], "rotation": 90, "windMode": [-1,-1,-1,-1] },
																		"up": { "texture": "#oak-h", "uv": [ 0.0, 0.0, 2.0, 2.0 ], "rotation": 90, "windMode": [-1,-1,-1,-1] },
																		"down": { "texture": "#oak-h", "uv": [ 0.0, 0.0, 2.0, 2.0 ], "rotation": 90, "windMode": [-1,-1,-1,-1] }
																	}
																}
															]
														}
													]
												}
											]
										}
									]
								},
								{
									"name": "Cube22",
									"from": [ -0.5, 4.01, -0.48 ],
									"to": [ 2.1, 6.61, 2.12 ],
									"rotationOrigin": [ -0.5, 4.0057, -0.4807 ],
									"faces": {
										"north": { "texture": "#mordant2", "uv": [ 0.5, 1.5, 3.0, 4.0 ] },
										"east": { "texture": "#mordant2", "uv": [ 1.0, 6.0, 3.5, 8.5 ] },
										"south": { "texture": "#mordant2", "uv": [ 1.0, 6.0, 3.5, 8.5 ] },
										"west": { "texture": "#mordant2", "uv": [ 0.5, 1.5, 3.0, 4.0 ] },
										"up": { "texture": "#mordant2", "uv": [ 0.0, 0.0, 2.5, 2.5 ] },
										"down": { "texture": "#mordant2", "uv": [ 0.5, 0.0, 3.0, 2.5 ] }
									},
									"children": [
										{
											"name": "Cube23",
											"from": [ -0.2, 0.014, -0.1995 ],
											"to": [ 2.8, 0.514, 2.8005 ],
											"rotationOrigin": [ -0.2, 0.012, -0.203 ],
											"faces": {
												"north": { "texture": "#mordant", "uv": [ 0.0, 0.0, 3.0, 0.5 ] },
												"east": { "texture": "#mordant", "uv": [ 0.0, 0.0, 3.0, 0.5 ] },
												"south": { "texture": "#mordant", "uv": [ 0.0, 0.0, 3.0, 0.5 ] },
												"west": { "texture": "#mordant", "uv": [ 0.0, 0.0, 3.0, 0.5 ] },
												"up": { "texture": "#mordant", "uv": [ 0.0, 0.0, 3.0, 3.0 ] },
												"down": { "texture": "#mordant", "uv": [ 0.0, 0.0, 3.0, 3.0 ] }
											}
										},
										{
											"name": "Cube24",
											"from": [ -0.2, 2.21, -0.1995 ],
											"to": [ 2.8, 2.71, 2.8005 ],
											"rotationOrigin": [ -0.2, 2.212, -0.203 ],
											"faces": {
												"north": { "texture": "#mordant", "uv": [ 0.0, 0.0, 3.0, 0.5 ] },
												"east": { "texture": "#mordant", "uv": [ 0.0, 0.0, 3.0, 0.5 ] },
												"south": { "texture": "#mordant", "uv": [ 0.0, 0.0, 3.0, 0.5 ] },
												"west": { "texture": "#mordant", "uv": [ 0.0, 0.0, 3.0, 0.5 ] },
												"up": { "texture": "#mordant", "uv": [ 0.0, 0.0, 3.0, 3.0 ] },
												"down": { "texture": "#mordant", "uv": [ 0.0, 0.0, 3.0, 3.0 ] }
											}
										},
										{
											"name": "Cube25",
											"from": [ 0.0, 0.0, -15.6 ],
											"to": [ 2.6, 2.6, -13.0 ],
											"rotationOrigin": [ 0.0, -0.0043, -15.6007 ],
											"faces": {
												"north": { "texture": "#mordant2", "uv": [ 0.0, 0.0, 2.5, 2.5 ] },
												"east": { "texture": "#mordant2", "uv": [ 0.0, 0.0, 2.5, 2.5 ] },
												"south": { "texture": "#mordant2", "uv": [ 0.0, 0.0, 2.5, 2.5 ] },
												"west": { "texture": "#mordant2", "uv": [ 0.0, 0.0, 2.5, 2.5 ] },
												"up": { "texture": "#mordant2", "uv": [ 0.0, 0.0, 2.5, 2.5 ] },
												"down": { "texture": "#mordant2", "uv": [ 0.0, 0.0, 2.5, 2.5 ] }
											},
											"children": [
												{
													"name": "Cube26",
													"from": [ -0.2, 0.014, -0.1995 ],
													"to": [ 2.8, 0.514, 2.8005 ],
													"rotationOrigin": [ -0.2, 0.012, -0.203 ],
													"faces": {
														"north": { "texture": "#mordant", "uv": [ 0.0, 0.0, 3.0, 0.5 ] },
														"east": { "texture": "#mordant", "uv": [ 0.0, 0.0, 3.0, 0.5 ] },
														"south": { "texture": "#mordant", "uv": [ 0.0, 0.0, 3.0, 0.5 ] },
														"west": { "texture": "#mordant", "uv": [ 0.0, 0.0, 3.0, 0.5 ] },
														"up": { "texture": "#mordant", "uv": [ 0.0, 0.0, 3.0, 3.0 ] },
														"down": { "texture": "#mordant", "uv": [ 0.0, 0.0, 3.0, 3.0 ] }
													}
												},
												{
													"name": "Cube27",
													"from": [ -0.2, 2.21, -0.1995 ],
													"to": [ 2.8, 2.71, 2.8005 ],
													"rotationOrigin": [ -0.2, 2.212, -0.203 ],
													"faces": {
														"north": { "texture": "#mordant", "uv": [ 0.0, 0.0, 3.0, 0.5 ] },
														"east": { "texture": "#mordant", "uv": [ 0.0, 0.0, 3.0, 0.5 ] },
														"south": { "texture": "#mordant", "uv": [ 0.0, 0.0, 3.0, 0.5 ] },
														"west": { "texture": "#mordant", "uv": [ 0.0, 0.0, 3.0, 0.5 ] },
														"up": { "texture": "#mordant", "uv": [ 0.0, 0.0, 3.0, 3.0 ] },
														"down": { "texture": "#mordant", "uv": [ 0.0, 0.0, 3.0, 3.0 ] }
													}
												}
											]
										},
										{
											"name": "Cube28",
											"from": [ -33.6, 0.0, -15.8 ],
											"to": [ -31.0, 2.6, -13.2 ],
											"rotationOrigin": [ -33.6, -0.0043, -15.8007 ],
											"faces": {
												"north": { "texture": "#mordant2", "uv": [ 0.0, 0.0, 2.5, 2.5 ] },
												"east": { "texture": "#mordant2", "uv": [ 0.0, 0.0, 2.5, 2.5 ] },
												"south": { "texture": "#mordant2", "uv": [ 0.0, 0.0, 2.5, 2.5 ] },
												"west": { "texture": "#mordant2", "uv": [ 0.0, 0.0, 2.5, 2.5 ] },
												"up": { "texture": "#mordant2", "uv": [ 0.0, 0.0, 2.5, 2.5 ] },
												"down": { "texture": "#mordant2", "uv": [ 0.0, 0.0, 2.5, 2.5 ] }
											},
											"children": [
												{
													"name": "Cube29",
													"from": [ -0.2, -0.49, -0.1995 ],
													"to": [ 2.8, 0.01, 2.8005 ],
													"rotationOrigin": [ -0.2, -0.488, -0.203 ],
													"rotationZ": 9.0,
													"faces": {
														"north": { "texture": "#mordant", "uv": [ 0.0, 0.0, 3.0, 0.5 ] },
														"east": { "texture": "#mordant", "uv": [ 0.0, 0.0, 3.0, 0.5 ] },
														"south": { "texture": "#mordant", "uv": [ 0.0, 0.0, 3.0, 0.5 ] },
														"west": { "texture": "#mordant", "uv": [ 0.0, 0.0, 3.0, 0.5 ] },
														"up": { "texture": "#mordant", "uv": [ 0.0, 0.0, 3.0, 3.0 ] },
														"down": { "texture": "#mordant", "uv": [ 0.0, 0.0, 3.0, 3.0 ] }
													}
												},
												{
													"name": "Cube30",
													"from": [ -0.2, 2.21, -0.1995 ],
													"to": [ 2.8, 2.71, 2.8005 ],
													"rotationOrigin": [ -0.2, 2.212, -0.203 ],
													"faces": {
														"north": { "texture": "#mordant", "uv": [ 0.0, 0.0, 3.0, 0.5 ] },
														"east": { "texture": "#mordant", "uv": [ 0.0, 0.0, 3.0, 0.5 ] },
														"south": { "texture": "#mordant", "uv": [ 0.0, 0.0, 3.0, 0.5 ] },
														"west": { "texture": "#mordant", "uv": [ 0.0, 0.0, 3.0, 0.5 ] },
														"up": { "texture": "#mordant", "uv": [ 0.0, 0.0, 3.0, 3.0 ] },
														"down": { "texture": "#mordant", "uv": [ 0.0, 0.0, 3.0, 3.0 ] }
													}
												}
											]
										},
										{
											"name": "Cube31",
											"from": [ -33.6, 0.0, 0.1 ],
											"to": [ -31.0, 2.6, 2.7 ],
											"rotationOrigin": [ -33.6, -0.0043, 0.0993 ],
											"faces": {
												"north": { "texture": "#mordant2", "uv": [ 0.0, 0.0, 2.5, 2.5 ] },
												"east": { "texture": "#mordant2", "uv": [ 0.0, 0.0, 2.5, 2.5 ] },
												"south": { "texture": "#mordant2", "uv": [ 0.0, 0.0, 2.5, 2.5 ] },
												"west": { "texture": "#mordant2", "uv": [ 0.0, 0.0, 2.5, 2.5 ] },
												"up": { "texture": "#mordant2", "uv": [ 0.0, 0.0, 2.5, 2.5 ] },
												"down": { "texture": "#mordant2", "uv": [ 0.0, 0.0, 2.5, 2.5 ] }
											},
											"children": [
												{
													"name": "Cube32",
													"from": [ -0.2, -0.49, -0.1995 ],
													"to": [ 2.8, 0.01, 2.8005 ],
													"rotationOrigin": [ -0.2, -0.488, -0.203 ],
													"rotationZ": 9.0,
													"faces": {
														"north": { "texture": "#mordant", "uv": [ 0.0, 0.0, 3.0, 0.5 ] },
														"east": { "texture": "#mordant", "uv": [ 0.0, 0.0, 3.0, 0.5 ] },
														"south": { "texture": "#mordant", "uv": [ 0.0, 0.0, 3.0, 0.5 ] },
														"west": { "texture": "#mordant", "uv": [ 0.0, 0.0, 3.0, 0.5 ] },
														"up": { "texture": "#mordant", "uv": [ 0.0, 0.0, 3.0, 3.0 ] },
														"down": { "texture": "#mordant", "uv": [ 0.0, 0.0, 3.0, 3.0 ] }
													}
												},
												{
													"name": "Cube33",
													"from": [ -0.2, 2.21, -0.1995 ],
													"to": [ 2.8, 2.71, 2.8005 ],
													"rotationOrigin": [ -0.2, 2.212, -0.203 ],
													"faces": {
														"north": { "texture": "#mordant", "uv": [ 0.0, 0.0, 3.0, 0.5 ] },
														"east": { "texture": "#mordant", "uv": [ 0.0, 0.0, 3.0, 0.5 ] },
														"south": { "texture": "#mordant", "uv": [ 0.0, 0.0, 3.0, 0.5 ] },
														"west": { "texture": "#mordant", "uv": [ 0.0, 0.0, 3.0, 0.5 ] },
														"up": { "texture": "#mordant", "uv": [ 0.0, 0.0, 3.0, 3.0 ] },
														"down": { "texture": "#mordant", "uv": [ 0.0, 0.0, 3.0, 3.0 ] }
													}
												}
											]
										}
									]
								}
							]
						},
						{
							"name": "Light2",
							"from": [ -36.8, 13.2, -9.0 ],
							"to": [ -34.8, 17.2, -7.0 ],
							"rotationOrigin": [ -35.7, 13.0, -8.0 ],
							"rotationY": 90.0,
							"faces": {
							},
							"attachmentpoints": [
								{
									"code": "Light2AP",
									"posX": "0.0","posY": "0.0","posZ": "0.0",
									"rotationX": "0.0","rotationY": "0.0","rotationZ": "0.0"
								}
							]
						},
						{
							"name": "Light3",
							"from": [ 0.7, 13.2, -9.0 ],
							"to": [ 2.7, 17.2, -7.0 ],
							"rotationOrigin": [ 1.8, 13.0, -8.0 ],
							"rotationY": -90.0,
							"faces": {
							},
							"attachmentpoints": [
								{
									"code": "Light3AP",
									"posX": "0.0","posY": "0.0","posZ": "0.0",
									"rotationX": "0.0","rotationY": "0.0","rotationZ": "0.0"
								}
							]
						},
						{
							"name": "Light4",
							"from": [ 0.7, 13.2, 7.0 ],
							"to": [ 2.7, 17.2, 9.0 ],
							"rotationOrigin": [ 1.8, 13.0, 8.0 ],
							"rotationY": -90.0,
							"faces": {
							},
							"attachmentpoints": [
								{
									"code": "Light4AP",
									"posX": "0.0","posY": "0.0","posZ": "0.0",
									"rotationX": "0.0","rotationY": "0.0","rotationZ": "0.0"
								}
							]
						},
						{
							"name": "Nose",
							"from": [ -40.0, 9.5, -6.6 ],
							"to": [ -35.0, 11.5, -4.2 ],
							"rotationOrigin": [ -40.0, 9.5, -6.6 ],
							"rotationY": -80.0,
							"rotationZ": 90.0,
							"faces": {
							},
							"attachmentpoints": [
								{
									"code": "NoseAP",
									"posX": "0.0","posY": "0.0","posZ": "0.0",
									"rotationX": "0.0","rotationY": "0.0","rotationZ": "0.0"
								}
							]
						},
						{
							"name": "Head",
							"from": [ -40.0, 9.5, -9.6 ],
							"to": [ -35.0, 11.5, -7.2 ],
							"rotationOrigin": [ -40.0, 9.5, -9.6 ],
							"rotationY": 10.0,
							"faces": {
							}
						},
						{
							"name": "Blanket",
							"from": [ 0.0, 13.0, -8.0 ],
							"to": [ 3.0, 16.0, 8.0 ],
							"rotationOrigin": [ 0.0, 13.0, -8.0 ],
							"faces": {
							},
							"attachmentpoints": [
								{
									"code": "BlanketAP",
									"posX": "0.0","posY": "0.0","posZ": "0.0",
									"rotationX": "0.0","rotationY": "0.0","rotationZ": "0.0"
								}
							]
						},
						{
							"name": "Smallorigin",
							"from": [ -22.0, 16.0, -9.5 ],
							"to": [ -14.0, 16.1, -1.5 ],
							"rotationOrigin": [ -26.0, 16.0, -13.5 ],
							"faces": {
							},
							"children": [
								{
									"name": "Smallitem5",
									"from": [ 1.0, 0.0, 0.0 ],
									"to": [ 9.0, 2.0, 8.0 ],
									"rotationOrigin": [ -3.0, 0.0, -4.0 ],
									"faces": {
									},
									"attachmentpoints": [
										{
											"code": "Smallitem5AP",
											"posX": "0.0","posY": "0.0","posZ": "0.0",
											"rotationX": "0.0","rotationY": "0.0","rotationZ": "0.0"
										}
									]
								},
								{
									"name": "Smallitem6",
									"from": [ -8.5, 0.0, 0.0 ],
									"to": [ -0.5, 2.0, 8.0 ],
									"rotationOrigin": [ 7.5, 0.0, 16.0 ],
									"faces": {
									},
									"attachmentpoints": [
										{
											"code": "Smallitem6AP",
											"posX": "16.0","posY": "0.0","posZ": "16.0",
											"rotationX": "0.0","rotationY": "0.0","rotationZ": "0.0"
										}
									]
								},
								{
									"name": "Smallitem7",
									"from": [ 1.0, 0.0, 8.2 ],
									"to": [ 9.0, 2.0, 16.2 ],
									"rotationOrigin": [ 1.0, 0.0, 8.2 ],
									"faces": {
									},
									"attachmentpoints": [
										{
											"code": "Smallitem7AP",
											"posX": "0.0","posY": "0.0","posZ": "0.0",
											"rotationX": "0.0","rotationY": "0.0","rotationZ": "0.0"
										}
									]
								},
								{
									"name": "Smallitem8",
									"from": [ -8.5, 0.0, 8.2 ],
									"to": [ -0.5, 2.0, 16.2 ],
									"rotationOrigin": [ -8.5, 0.0, 8.2 ],
									"faces": {
									},
									"attachmentpoints": [
										{
											"code": "Smallitem8AP",
											"posX": "3.0","posY": "0.0","posZ": "3.0",
											"rotationX": "0.0","rotationY": "0.0","rotationZ": "0.0"
										}
									]
								},
								{
									"name": "Smallitem9",
									"from": [ 10.5, 0.0, 0.0 ],
									"to": [ 18.5, 2.0, 8.0 ],
									"rotationOrigin": [ 6.5, 0.0, -4.0 ],
									"faces": {
									},
									"attachmentpoints": [
										{
											"code": "Smallitem9AP",
											"posX": "0.0","posY": "0.0","posZ": "0.0",
											"rotationX": "0.0","rotationY": "0.0","rotationZ": "0.0"
										}
									]
								},
								{
									"name": "Smallitem10",
									"from": [ 10.5, 0.0, 8.2 ],
									"to": [ 18.5, 2.0, 16.2 ],
									"rotationOrigin": [ 10.5, 0.0, 8.2 ],
									"faces": {
									},
									"attachmentpoints": [
										{
											"code": "Smallitem10AP",
											"posX": "0.0","posY": "0.0","posZ": "0.0",
											"rotationX": "0.0","rotationY": "0.0","rotationZ": "0.0"
										}
									]
								},
								{
									"name": "Smallitem11",
									"from": [ 1.0, 0.0, 16.5 ],
									"to": [ 9.0, 2.0, 24.5 ],
									"rotationOrigin": [ 1.0, 0.0, 16.5 ],
									"faces": {
									},
									"attachmentpoints": [
										{
											"code": "Smallitem11AP",
											"posX": "0.0","posY": "0.0","posZ": "0.0",
											"rotationX": "0.0","rotationY": "0.0","rotationZ": "0.0"
										}
									]
								},
								{
									"name": "Smallitem12",
									"from": [ -8.5, 0.0, 16.5 ],
									"to": [ -0.5, 2.0, 24.5 ],
									"rotationOrigin": [ -8.5, 0.0, 16.5 ],
									"faces": {
									},
									"attachmentpoints": [
										{
											"code": "Smallitem12AP",
											"posX": "0.0","posY": "0.0","posZ": "0.0",
											"rotationX": "0.0","rotationY": "0.0","rotationZ": "0.0"
										}
									]
								},
								{
									"name": "Smallitem13",
									"from": [ 10.5, 0.0, 16.5 ],
									"to": [ 18.5, 2.0, 24.5 ],
									"rotationOrigin": [ 10.5, 0.0, 16.5 ],
									"faces": {
									},
									"attachmentpoints": [
										{
											"code": "Smallitem13AP",
											"posX": "0.0","posY": "0.0","posZ": "0.0",
											"rotationX": "0.0","rotationY": "0.0","rotationZ": "0.0"
										}
									]
								},
								{
									"name": "Cartbedroll",
									"from": [ -4.1, -5.0, 17.5 ],
									"to": [ 11.9, -2.0, 23.5 ],
									"rotationOrigin": [ -4.1, -5.0, 17.5 ],
									"rotationX": 90.0,
									"faces": {
									},
									"attachmentpoints": [
										{
											"code": "CartbedrollAP",
											"posX": "0.0","posY": "0.0","posZ": "0.0",
											"rotationX": "0.0","rotationY": "0.0","rotationZ": "0.0"
										}
									]
								}
							]
						}
					]
				},
				{
					"name": "RiderGrip",
					"from": [ -36.0, 16.2, -8.0 ],
					"to": [ -28.0, 20.2, 8.0 ],
					"rotationOrigin": [ -32.0, 18.0, 0.0 ],
					"faces": {
					},
					"attachmentpoints": [
						{
							"code": "Rider",
							"posX": "4.0","posY": "2.0","posZ": "8.0",
							"rotationX": "0.0","rotationY": "-180.0","rotationZ": "0.0"
						},
						{
							"code": "RiderGripAP",
							"posX": "4.0","posY": "2.0","posZ": "8.0",
							"rotationX": "0.0","rotationY": "-180.0","rotationZ": "0.0"
						}
					]
				}
			]
		}
	],
	"animations": [
		{
			"name": "sprint",
			"code": "sprint",
			"quantityframes": 30,
			"onActivityStopped": "EaseOut",
			"onAnimationEnd": "Repeat",
			"keyframes": [
				{
					"frame": 1,
					"elements": {
						"BackAxle": { "rotationX": 0.0, "rotationY": 0.0, "rotationZ": -179.0 },
						"RotationCenter": { "rotationX": 0.0, "rotationY": 0.0, "rotationZ": -6.0 },
						"Light4": { "rotationX": 0.0, "rotationY": 0.0, "rotationZ": 0.0 }
					}
				},
				{
					"frame": 15,
					"elements": {
						"BackAxle": { "rotationX": 0.0, "rotationY": 0.0, "rotationZ": 0.0 },
						"RotationCenter": { "rotationX": 0.0, "rotationY": 0.0, "rotationZ": -6.0 }
					}
				},
				{
					"frame": 29,
					"elements": {
						"BackAxle": { "rotationX": 0.0, "rotationY": 0.0, "rotationZ": 179.0 },
						"RotationCenter": { "rotationX": 0.0, "rotationY": 0.0, "rotationZ": -6.0 },
						"Light4": { "rotationX": 0.0, "rotationY": 0.0, "rotationZ": 0.0 }
					}
				}
			]
		},

		{
			"name": "walkback",
			"code": "walkback",
			"quantityframes": 30,
			"onActivityStopped": "Rewind",
			"onAnimationEnd": "Repeat",
			"keyframes": [
				{
					"frame": 0,
					"elements": {
						"RotationCenter": { "rotationX": 0.0, "rotationY": 0.0, "rotationZ": -2.0 },
						"BackAxle": { "rotationX": 0.0, "rotationY": 0.0, "rotationZ": -180.0 }
					}
				},
				{
					"frame": 1,
					"elements": {
						"BackAxle": { "rotationX": 0.0, "rotationY": 0.0, "rotationZ": 0.0 },
						"RotationCenter": { "rotationX": 0.0, "rotationY": 0.0, "rotationZ": -2.0 }
					}
				}
			]
		},

		{
			"name": "walk",
			"code": "walk",
			"quantityframes": 50,
			"onActivityStopped": "Rewind",
			"onAnimationEnd": "Repeat",
			"keyframes": [
				{
					"frame": 0,
					"elements": {
						"RotationCenter": { "rotationX": 0.0, "rotationY": 0.0, "rotationZ": -5.0 },
						"BackAxle": { "rotationX": 0.0, "rotationY": 0.0, "rotationZ": 180.0 }
					}
				},
				{
					"frame": 1,
					"elements": {
						"BackAxle": { "rotationX": 0.0, "rotationY": 0.0, "rotationZ": -180.0 },
						"RotationCenter": { "rotationX": 0.0, "rotationY": 0.0, "rotationZ": -5.0 }
					}
				}
			]
		}
	]
}