[
  {
    "file": "falandsknecht:itemtypes/wearable/landsknecht/fa-landsknecht-legs",
    "op": "addmerge",
    "path": "/behaviors",
    "dependsOn": [{ "modId": "combatoverhaul" }],
    "value": [
      {
        "name": "CombatOverhaul:Armor",
        "propertiesByType": {
          "fa-landsknecht-legs-steel-*": {
            "Layers": ["Outer"],
            "Zones": ["Legs", "Feet"],
            "Resists": {
              "PiercingAttack": 6,
              "SlashingAttack": 7,
              "BluntAttack": 5
            },
            "FlatReduction": {},
            "PlayerStats": {
              "walkspeed": -0.07,
              "manipulationSpeed": 0,
              "steadyAim": 0,
              "healingeffectivness": -0.06,
              "hungerrate": 0.13
            }
          },
          "fa-landsknecht-legs-*iron-*": {
            "Layers": ["Outer"],
            "Zones": ["Legs", "Feet"],
            "Resists": {
              "PiercingAttack": 5,
              "SlashingAttack": 6,
              "BluntAttack": 4
            },
            "FlatReduction": {},
            "PlayerStats": {
              "walkspeed": -0.07,
              "manipulationSpeed": 0,
              "steadyAim": 0,
              "healingeffectivness": -0.06,
              "hungerrate": 0.13
            }
          }
        }
      }
    ]
  },
  {
    "file": "falandsknecht:itemtypes/wearable/landsknecht/fa-landsknecht-legs",
    "op": "replace",
    "path": "/durabilityByType",
    "dependsOn": [{ "modId": "combatoverhaul" }],
    "value": {
        "fa-landsknecht-legs-steel-*": 8500,
        "fa-landsknecht-legs-meteoriciron-*": 6000,
        "fa-landsknecht-legs-iron-*": 4700,
    }
  },
  {
    "file": "falandsknecht:itemtypes/wearable/landsknecht/fa-landsknecht-legs",
    "dependsOn": [{ "modId": "combatoverhaul" }],
    "op": "replace",
    "path": "/attributes/protectionModifiersByType",
    "value": { "*": null }
  },
  {
    "file": "falandsknecht:itemtypes/wearable/landsknecht/fa-landsknecht-legs",
    "dependsOn": [{ "modId": "combatoverhaul" }],
    "op": "replace",
    "path": "/attributes/statModifiersByType",
    "value": { "*": null }
  },
  {
    "file": "falandsknecht:itemtypes/wearable/landsknecht/fa-landsknecht-legs",
    "dependsOn": [{ "modId": "combatoverhaul" }],
    "op": "replace",
    "path": "/class",
    "value": "CombatOverhaul:WearableArmor"
  },
  {
    "file": "falandsknecht:itemtypes/wearable/landsknecht/fa-landsknecht-legs",
    "dependsOn": [{ "modId": "combatoverhaul" }],
    "op": "add",
    "path": "/attributes/materialCountByType",
    "value": { "*-legs-*": 8 }
  },  

]
