[
  {
    "side": "Server",
    "dependsOn": [{ "modid": "combatoverhaul" }],
    "file": "spearexpantion:itemtypes/tool/ironspear",
    "op": "replace",
    "path": "/class",
    "value": "CombatOverhaul:MeleeWeapon"
  },
  {
    "side": "Server",
    "dependsOn": [{ "modid": "combatoverhaul" }],
    "file": "spearexpantion:entities/spear-iron",
    "op": "replace",
    "path": "/class",
    "value": "CombatOverhaul:Projectile"
  },
  {
    "side": "Server",
    "dependsOn": [{ "modid": "combatoverhaul" }],
    "file": "spearexpantion:itemtypes/tool/ironspear",
    "op": "addmerge",
    "path": "/attributes",
    "value": {
      "ProficiencyStat": "spearsProficiency",
      "RenderingOffset": false,
      "OneHandedStance": {
        "CanAttack": true,
        "CanParry": false,
        "CanBlock": false,
        "CanSprint": true,
        "CanThrow": true,
        "SpeedPenalty": 0,
        "AttackCooldownMs": 550,
        "GripLengthFactor": 2,
        "GripMinLength": 12,
        "GripMaxLength": 0,
        "Attack": {
          "StopOnTerrainHit": false,
          "StopOnEntityHit": false,
          "CollideWithTerrain": true,
          "MaxReach": 9,
          "DamageTypes": [
            {
              "DamageByType": {
                "*-iron": {"DamageType": "PiercingAttack", "Strength": 4, "Damage": 4.5},
				"*-meteoriciron": {"DamageType": "PiercingAttack", "Strength": 5, "Damage": 4.5},
				"*-steel": {"DamageType": "PiercingAttack", "Strength": 6, "Damage": 5},
				"*-temporalit": {"DamageType": "PiercingAttack", "Strength": 7, "Damage": 6}
              },
              "Knockback": 0.5,
              "DurabilityDamage": 1,
              "Collider": [1.8, 0, 0.5, 3, 0, 0.5]
            }
          ]
        },
        "HandleAttack": {
          "StopOnTerrainHit": true,
          "StopOnEntityHit": false,
          "CollideWithTerrain": true,
          "MaxReach": 9,
          "DamageTypes": [{"Damage": {"DamageType": "BluntAttack", "Strength": 0, "Damage": 1}, "Knockback": 1, "DurabilityDamage": 1, "Collider": [1.9, 0, 0.5, -0.6, 0, 0.5]}]
        },
        "HandleHitSound": "game:sounds/thud",
        "AttackAnimation": {"Main": ["combatoverhaul:spear-thrust-1h"]},
        "ReadyAnimation": "combatoverhaul:spear-ready-1h",
        "IdleAnimation": "combatoverhaul:spear-idle-1h",
        "AttackTpAnimation": "spearhit"
      },
      "TwoHandedStance": {
        "CanAttack": true,
        "CanParry": false,
        "CanBlock": false,
        "CanSprint": true,
        "CanThrow": true,
        "SpeedPenalty": 0,
        "AttackCooldownMs": 500,
        "BlockCooldownMs": 750,
        "GripLengthFactor": 4,
        "GripMinLength": 0,
        "GripMaxLength": 16,
        "Attack": {
          "StopOnTerrainHit": false,
          "StopOnEntityHit": false,
          "CollideWithTerrain": true,
          "MaxReach": 15,
          "DamageTypes": [
            {
              "DamageByType": {
                "*-iron": {"DamageType": "PiercingAttack", "Strength": 4, "Damage": 5.5},
				"*-meteoriciron": {"DamageType": "PiercingAttack", "Strength": 5, "Damage": 5.5},
				"*-steel": {"DamageType": "PiercingAttack", "Strength": 6, "Damage": 6},
				"*-temporalit": {"DamageType": "PiercingAttack", "Strength": 7, "Damage": 7}
              },
              "Knockback": 1,
              "DurabilityDamage": 1,
              "Collider": [1.8, 0, 0.5, 3, 0, 0.5]
            }
          ]
        },
        "HandleAttack": {
          "StopOnTerrainHit": true,
          "StopOnEntityHit": false,
          "CollideWithTerrain": true,
          "MaxReach": 9,
          "DamageTypes": [{"Damage": {"DamageType": "BluntAttack", "Strength": 0, "Damage": 0}, "Knockback": 0, "DurabilityDamage": 0, "Collider": [1.9, 0, 0.5, -0.6, 0, 0.5]}]
        },
        "HandleHitSound": "game:sounds/thud",
        "AttackDirectionsType": "TopBottom",
        "AttackAnimation": {"Top": ["combatoverhaul:spear-thrust-2h-top"], "Bottom": ["combatoverhaul:spear-thrust-2h-bottom"]},
        "ReadyAnimation": "combatoverhaul:spear-ready-2h",
        "IdleAnimation": "combatoverhaul:spear-idle-2h",
        "AttackTpAnimation": "spearhit"
      },
      "ThrowAttack": {
        "AimAnimation": "combatoverhaul:javelin-aim",
        "ThrowAnimation": "combatoverhaul:javelin-throw",
        "Aiming": {
          "AimDifficulty": 1,
          "CursorType": "Fixed",
          "AccuracyOvertimeSec": 0,
          "ZeroingAngle": 1,
          "CursorTextureReady": "combatoverhaul:gui/aiming/arrow-full.png",
          "CursorTextureNotReady": "combatoverhaul:gui/aiming/arrow-part.png",
          "AllowSprint": true,
          "MoveSpeedPenalty": 0.1,
          "AimDrift": 60,
          "AimTwitch": 4,
          "AnimationFollowX": 5.5,
          "AnimationFollowY": 5.5,
          "VerticalLimit": 0.25,
          "VerticalOffset": -0.05
        },
        "DamageStrengthByType": {
          "*-iron": 4,
			"*-meteoriciron": 4.5,
			"*-steel": 5,
			"*-temporalit": 6
        },
        "Knockback": 1,
        "DurabilityDamage": 1,
        "Velocity": 0.7,
        "Zeroing": 1.5
      }
    }
  },
  {
    "side": "Server",
    "dependsOn": [{ "modid": "combatoverhaul" }],
    "file": "spearexpantion:itemtypes/tool/ironspear",
    "op": "add",
    "path": "/behaviors/-",
    "value":
    {
      "name": "CombatOverhaul:Projectile",
      "properties": {
        "stats": {
          "AdditionalDurabilityCost": 0,
          "CollisionRadius": 0.05,
          "DamageStatsByType": {
            "*-iron": {"DamageType": "PiercingAttack", "Damage": 8.5},
			"*-meteoriciron": {"DamageType": "PiercingAttack", "Damage": 9},
			"*-steel": {"DamageType": "PiercingAttack", "Damage": 10},
			"*-temporalit": {"DamageType": "PiercingAttack", "Damage": 11.5}
          },
          "SpeedThreshold": 0.3,
          "Knockback": 0.5,
          "EntityCode": "spearexpantion:spear-{material}",
          "DurabilityDamage": 1,
          "DropChance": 1
        }
      }
    }
  },
  {
    "side": "Server",
    "dependsOn": [{ "modid": "combatoverhaul" }],
    "file": "spearexpantion:itemtypes/tool/ironspear",
    "op": "replace",
    "path": "/tpHandTransformByType",
    "value": {"*-steel": {
				translation: { x: -1.94, y: 0.01, z: -0.6 },
				rotation: { x: -90, y: 0, z: 0 },
				origin: { x: 0.6, y: 0, z: 0.5 },
				scale: 0.8
			},
			"*-iron": {
				translation: { x: -1.94, y: 0.01, z: -0.6 },
				rotation: { x: -90, y: 0, z: 0 },
				origin: { x: 0.6, y: 0, z: 0.5 },
				scale: 0.8
			},
			"*-meteoriciron": {
				translation: { x: -1.94, y: 0.01, z: -0.6 },
				rotation: { x: -90, y: 0, z: 0 },
				origin: { x: 0.6, y: 0, z: 0.5 },
				scale: 0.8
			},
			"*-temporalit": {
				translation: { x: -1.94, y: 0.01, z: -0.6 },
				rotation: { x: -90, y: 0, z: 0 },
				origin: { x: 0.6, y: 0, z: 0.5 },
				scale: 0.8
			}}
  }
]