[
  {
    "side": "Server",
    "dependsOn": [{ "modid": "combatoverhaul" }],
    "file": "game:itemtypes/tool/falx",
    "op": "replace",
    "path": "/class",
    "value": "CombatOverhaul:MeleeWeapon"
  },
  {
    "side": "Server",
    "dependsOn": [{ "modid": "combatoverhaul" }],
    "file": "game:itemtypes/tool/falx",
    "op": "addmerge",
    "path": "/attributes",
    "value": {
      "ProficiencyStat": "oneHandedSwordsProficiency",
    "RenderingOffset": false,
    "OneHandedStanceByType": {
      "*": {
        "CanAttack": true,
        "CanParry": false,
        "CanBlock": false,
        "CanSprint": true,
        "SpeedPenalty": 0,
        "AttackCooldownMs": 0,
        "Attack": {
          "StopOnTerrainHit": false,
          "StopOnEntityHit": true,
          "CollideWithTerrain": true,
          "MaxReach": 9,
          "DamageTypes": [
            {
              "DamageByType": {
				"*-temporalit": {"DamageType": "SlashingAttack", "Strength": 8, "Damage": 7}
              },
              "Knockback": -0.2,
              "DurabilityDamage": 1,
              "Collider": [0, 0, 0.5, 1.2, 0, 0.05]
            }
          ]
        },
        "AttackHitSound": "game:sounds/thud",
        "AttackAnimation": {"Main": ["combatoverhaul:sword-falx-slash-1", "combatoverhaul:sword-falx-slash-2"]},
        "ReadyAnimation": "combatoverhaul:sword-falx-ready",
        "IdleAnimation": "combatoverhaul:sword-falx-idle",
        "AttackTpAnimation": "falx"
      },
    }
	}
  }
]