[
    {
        "ingredientPattern": "PPP,S_S,PPP",
        "ingredients": {
            "P": { "type": "item", "code": "game:plank-*", "name": "wood", "skipVariants": ["oak"] },
            "S": { "type": "item", "code": "game:stick" }
        },
        "width": 3,
        "height": 3,
        "output": { "type": "block", "code": "vanvar:cage-{wood}-north" }
    },
    {
        "ingredientPattern": "PPP,S_S,PPP",
        "ingredients": {
            "P": { "type": "item", "code": "wildcrafttree:plank-*", "name": "wood" },
            "S": { "type": "item", "code": "game:stick" }
        },
        "width": 3,
        "height": 3,
        "output": { "type": "block", "code": "wildcrafttree:cage-{wood}-north" }
    }
]
