{
	"editor": {
		"allAngles": false,
		"entityTextureMode": false
	},
	"textureWidth": 24,
	"textureHeight": 24,
	"textureSizes": {
	},
	"textures": {
		"south1": "block/plant/flower/petal/heather1",
		"north1": "block/plant/flower/petal/heather1",
		"flower2": "block/plant/flower/petal/heather2"
	},
	"elements": [
		{
			"name": "origin",
			"from": [ 0.0, 0.0, 0.0 ], 
			"to": [ 0.0, 0.0, 0.0 ], 
			"rotationOrigin": [ 8.0, 0.0, 8.0 ],
			"faces": {
				"north": { "texture": "#null", "uv": [ 0.0, 0.0, 0.5, 0.5 ], "enabled": false },
				"east": { "texture": "#null", "uv": [ 0.0, 0.0, 0.5, 0.5 ], "enabled": false },
				"south": { "texture": "#null", "uv": [ 0.0, 0.0, 0.5, 0.5 ], "enabled": false },
				"west": { "texture": "#null", "uv": [ 0.0, 0.0, 0.5, 0.5 ], "enabled": false },
				"up": { "texture": "#null", "uv": [ 0.0, 0.0, 0.5, 0.5 ], "enabled": false },
				"down": { "texture": "#null", "uv": [ 0.0, 0.0, 0.5, 0.5 ], "enabled": false }
			},
			"children": [
				{
					"name": "North",
					"from": [ -4.0, 0.0, 8.0 ], 
					"to": [ 20.0, 24.0, 8.0 ], 
					"shade": false,
					"renderPass": 2,
					"rotationOrigin": [ 8.0, 0.0, 8.0 ],
					"rotationY": -45.0,
					"faces": {
						"north": { "texture": "#north1", "uv": [ 0.0, 0.0, 24.0, 24.0 ], "windMode": [0,2,2,0], "windData": [0,1,1,0] },
						"east": { "texture": "#null", "uv": [ 0.0, 0.0, 0.5, 24.0 ], "enabled": false },
						"south": { "texture": "#null", "uv": [ 0.0, 0.0, 24.0, 24.0 ], "enabled": false },
						"west": { "texture": "#null", "uv": [ 0.0, 0.0, 0.5, 24.0 ], "enabled": false },
						"up": { "texture": "#null", "uv": [ 0.0, 0.0, 24.0, 0.5 ], "enabled": false },
						"down": { "texture": "#null", "uv": [ 0.0, 0.0, 24.0, 0.5 ], "enabled": false }
					}
				},
				{
					"name": "South",
					"from": [ -4.0, 0.0, 8.0 ], 
					"to": [ 20.0, 24.0, 8.0 ], 
					"shade": false,
					"renderPass": 2,
					"rotationOrigin": [ 8.0, 0.0, 8.0 ],
					"rotationY": 45.0,
					"faces": {
						"north": { "texture": "#null", "uv": [ 0.0, 0.0, 24.0, 24.0 ], "enabled": false },
						"east": { "texture": "#null", "uv": [ 0.0, 0.0, 0.5, 24.0 ], "enabled": false },
						"south": { "texture": "#south1", "uv": [ 0.0, 0.0, 24.0, 24.0 ], "windMode": [0,0,2,2], "windData": [0,0,1,1] },
						"west": { "texture": "#null", "uv": [ 0.0, 0.0, 0.5, 24.0 ], "enabled": false },
						"up": { "texture": "#null", "uv": [ 0.0, 0.0, 24.0, 0.5 ], "enabled": false },
						"down": { "texture": "#null", "uv": [ 0.0, 0.0, 24.0, 0.5 ], "enabled": false }
					}
				},
				{
					"name": "face1",
					"from": [ -4.0, 0.0, 8.0 ], 
					"to": [ 20.0, 24.0, 8.0 ], 
					"shade": false,
					"renderPass": 2,
					"rotationOrigin": [ 8.0, 0.0, 8.0 ],
					"rotationY": -75.0,
					"faces": {
						"north": { "texture": "#north1", "uv": [ 0.0, 0.0, 24.0, 24.0 ], "windMode": [0,2,2,0], "windData": [0,1,1,0] },
						"east": { "texture": "#null", "uv": [ 0.0, 0.0, 0.5, 24.0 ], "enabled": false },
						"south": { "texture": "#null", "uv": [ 0.0, 0.0, 24.0, 24.0 ], "enabled": false },
						"west": { "texture": "#null", "uv": [ 0.0, 0.0, 0.5, 24.0 ], "enabled": false },
						"up": { "texture": "#null", "uv": [ 0.0, 0.0, 24.0, 0.5 ], "enabled": false },
						"down": { "texture": "#null", "uv": [ 0.0, 0.0, 24.0, 0.5 ], "enabled": false }
					}
				},
				{
					"name": "face2",
					"from": [ -4.0, 0.0, 8.0 ], 
					"to": [ 20.0, 24.0, 8.0 ], 
					"shade": false,
					"renderPass": 2,
					"rotationOrigin": [ 8.0, 0.0, 8.0 ],
					"rotationY": -22.0,
					"faces": {
						"north": { "texture": "#flower2", "uv": [ 0.0, 0.0, 24.0, 24.0 ], "windMode": [0,2,2,0], "windData": [0,1,1,0] },
						"east": { "texture": "#null", "uv": [ 0.0, 0.0, 0.5, 24.0 ], "enabled": false },
						"south": { "texture": "#null", "uv": [ 0.0, 0.0, 24.0, 24.0 ], "enabled": false },
						"west": { "texture": "#null", "uv": [ 0.0, 0.0, 0.5, 24.0 ], "enabled": false },
						"up": { "texture": "#null", "uv": [ 0.0, 0.0, 24.0, 0.5 ], "enabled": false },
						"down": { "texture": "#null", "uv": [ 0.0, 0.0, 24.0, 0.5 ], "enabled": false }
					}
				},
				{
					"name": "face5",
					"from": [ -4.0, 0.0, 8.0 ], 
					"to": [ 20.0, 24.0, 8.0 ], 
					"shade": false,
					"renderPass": 2,
					"rotationOrigin": [ 8.0, 0.0, 8.0 ],
					"rotationX": 90.0,
					"rotationY": -67.5,
					"rotationZ": 90.0,
					"faces": {
						"north": { "texture": "#flower2", "uv": [ 0.0, 0.0, 24.0, 24.0 ], "windMode": [0,2,2,0], "windData": [0,1,1,0] },
						"east": { "texture": "#null", "uv": [ 0.0, 0.0, 0.5, 24.0 ], "enabled": false },
						"south": { "texture": "#null", "uv": [ 0.0, 0.0, 24.0, 24.0 ], "enabled": false },
						"west": { "texture": "#null", "uv": [ 0.0, 0.0, 0.5, 24.0 ], "enabled": false },
						"up": { "texture": "#null", "uv": [ 0.0, 0.0, 24.0, 0.5 ], "enabled": false },
						"down": { "texture": "#null", "uv": [ 0.0, 0.0, 24.0, 0.5 ], "enabled": false }
					}
				},
				{
					"name": "face6",
					"from": [ -4.0, 0.0, 8.0 ], 
					"to": [ 20.0, 24.0, 8.0 ], 
					"shade": false,
					"renderPass": 2,
					"rotationOrigin": [ 8.0, 0.0, 8.0 ],
					"rotationX": -90.0,
					"rotationY": -67.5,
					"rotationZ": -90.0,
					"faces": {
						"north": { "texture": "#south1", "uv": [ 0.0, 0.0, 24.0, 24.0 ], "windMode": [0,2,2,0], "windData": [0,1,1,0] },
						"east": { "texture": "#null", "uv": [ 0.0, 0.0, 0.5, 24.0 ], "enabled": false },
						"south": { "texture": "#null", "uv": [ 0.0, 0.0, 24.0, 24.0 ], "enabled": false },
						"west": { "texture": "#null", "uv": [ 0.0, 0.0, 0.5, 24.0 ], "enabled": false },
						"up": { "texture": "#null", "uv": [ 0.0, 0.0, 24.0, 0.5 ], "enabled": false },
						"down": { "texture": "#null", "uv": [ 0.0, 0.0, 24.0, 0.5 ], "enabled": false }
					}
				},
				{
					"name": "face7",
					"from": [ -4.0, 0.0, 8.0 ], 
					"to": [ 20.0, 24.0, 8.0 ], 
					"shade": false,
					"renderPass": 2,
					"rotationOrigin": [ 8.0, 0.0, 8.0 ],
					"rotationX": -45.0,
					"rotationY": 22.5,
					"rotationZ": 22.5,
					"faces": {
						"north": { "texture": "#north1", "uv": [ 0.0, 0.0, 24.0, 24.0 ], "enabled": false, "windMode": [0,2,2,0] },
						"east": { "texture": "#null", "uv": [ 0.0, 0.0, 0.5, 24.0 ], "enabled": false },
						"south": { "texture": "#null", "uv": [ 0.0, 0.0, 24.0, 24.0 ], "enabled": false },
						"west": { "texture": "#null", "uv": [ 0.0, 0.0, 0.5, 24.0 ], "enabled": false },
						"up": { "texture": "#null", "uv": [ 0.0, 0.0, 24.0, 0.5 ], "enabled": false },
						"down": { "texture": "#null", "uv": [ 0.0, 0.0, 24.0, 0.5 ], "enabled": false }
					}
				},
				{
					"name": "face8",
					"from": [ -4.0, 0.0, 8.0 ], 
					"to": [ 20.0, 24.0, 8.0 ], 
					"shade": false,
					"renderPass": 2,
					"rotationOrigin": [ 8.0, 0.0, 8.0 ],
					"rotationX": -135.0,
					"rotationY": -22.5,
					"rotationZ": -157.5,
					"faces": {
						"north": { "texture": "#flower2", "uv": [ 0.0, 0.0, 24.0, 24.0 ], "windMode": [0,2,2,0] },
						"east": { "texture": "#null", "uv": [ 0.0, 0.0, 0.5, 24.0 ], "enabled": false },
						"south": { "texture": "#null", "uv": [ 0.0, 0.0, 24.0, 24.0 ], "enabled": false },
						"west": { "texture": "#null", "uv": [ 0.0, 0.0, 0.5, 24.0 ], "enabled": false },
						"up": { "texture": "#null", "uv": [ 0.0, 0.0, 24.0, 0.5 ], "enabled": false },
						"down": { "texture": "#null", "uv": [ 0.0, 0.0, 24.0, 0.5 ], "enabled": false }
					}
				},
				{
					"name": "face9",
					"from": [ -4.0, 0.0, 8.0 ], 
					"to": [ 20.0, 24.0, 8.0 ], 
					"shade": false,
					"renderPass": 2,
					"rotationOrigin": [ 8.0, 0.0, 8.0 ],
					"rotationX": -45.0,
					"rotationY": -22.5,
					"rotationZ": -22.5,
					"faces": {
						"north": { "texture": "#south1", "uv": [ 0.0, 0.0, 24.0, 24.0 ], "windMode": [0,2,2,0] },
						"east": { "texture": "#null", "uv": [ 0.0, 0.0, 0.5, 24.0 ], "enabled": false },
						"south": { "texture": "#null", "uv": [ 0.0, 0.0, 24.0, 24.0 ], "enabled": false },
						"west": { "texture": "#null", "uv": [ 0.0, 0.0, 0.5, 24.0 ], "enabled": false },
						"up": { "texture": "#null", "uv": [ 0.0, 0.0, 24.0, 0.5 ], "enabled": false },
						"down": { "texture": "#null", "uv": [ 0.0, 0.0, 24.0, 0.5 ], "enabled": false }
					}
				},
				{
					"name": "face10",
					"from": [ -4.0, 0.0, 8.0 ], 
					"to": [ 20.0, 24.0, 8.0 ], 
					"shade": false,
					"renderPass": 2,
					"rotationOrigin": [ 8.0, 0.0, 8.0 ],
					"rotationX": 45.0,
					"rotationY": -22.5,
					"rotationZ": 22.5,
					"faces": {
						"north": { "texture": "#north1", "uv": [ 0.0, 0.0, 24.0, 24.0 ], "windMode": [0,2,2,0] },
						"east": { "texture": "#null", "uv": [ 0.0, 0.0, 0.5, 24.0 ], "enabled": false },
						"south": { "texture": "#null", "uv": [ 0.0, 0.0, 24.0, 24.0 ], "enabled": false },
						"west": { "texture": "#null", "uv": [ 0.0, 0.0, 0.5, 24.0 ], "enabled": false },
						"up": { "texture": "#null", "uv": [ 0.0, 0.0, 24.0, 0.5 ], "enabled": false },
						"down": { "texture": "#null", "uv": [ 0.0, 0.0, 24.0, 0.5 ], "enabled": false }
					}
				}
			]
		}
	]}