{
	"editor": {
		"allAngles": false,
		"entityTextureMode": false
	},
	"textureWidth": 16,
	"textureHeight": 16,
	"textureSizes": {
		"droseraregia": [4,16]
	},
	"textures": {
	},
	"elements": [
		{
			"name": "origin",
			"from": [ 0.0, 0.0, 0.0 ],
			"to": [ 0.0, 0.0, 0.0 ],
			"rotationOrigin": [ 8.0, 0.0, 8.0 ],
			"faces": {
			},
			"children": [
				{
					"name": "face 3",
					"from": [ 7.0, 0.0, 8.0 ],
					"to": [ 9.0, 15.0, 8.0 ],
					"shade": false,
					"climateColorMap": "",
					"seasonColorMap": "",
					"renderPass": 1,
					"rotationOrigin": [ 7.0, 0.0, 8.0 ],
					"rotationX": 67.5,
					"rotationY": 10.0,
					"faces": {
						"north": { "texture": "#droseraregia", "uv": [ 0.0, 1.0, 2.0, 16.0 ], "windMode": [0,1,1,0], "windData": [0,0,0,0] }
					}
				},
				{
					"name": "face 4",
					"from": [ 7.0, 0.0, 8.0 ],
					"to": [ 9.0, 8.0, 8.0 ],
					"shade": false,
					"climateColorMap": "",
					"seasonColorMap": "",
					"renderPass": 1,
					"rotationOrigin": [ 7.0, 0.0, 8.0 ],
					"rotationX": -67.5,
					"rotationY": 10.0,
					"faces": {
						"north": { "texture": "#droseraregia", "uv": [ 2.0, 8.0, 4.0, 16.0 ], "windMode": [0,1,0,0], "windData": [0,0,0,0] }
					}
				},
				{
					"name": "face 5",
					"from": [ 8.0, 0.0, 7.0 ],
					"to": [ 10.0, 8.0, 7.0 ],
					"shade": false,
					"climateColorMap": "",
					"seasonColorMap": "",
					"renderPass": 1,
					"rotationOrigin": [ 8.0, 0.0, 7.0 ],
					"rotationX": -80.0,
					"rotationY": -22.5,
					"rotationZ": -90.0,
					"faces": {
						"north": { "texture": "#droseraregia", "uv": [ 2.0, 8.0, 4.0, 16.0 ], "windMode": [0,1,0,0], "windData": [0,0,0,0] }
					}
				},
				{
					"name": "face 6",
					"from": [ 8.0, -0.3, 7.0 ],
					"to": [ 10.0, 5.7, 7.0 ],
					"shade": false,
					"climateColorMap": "",
					"seasonColorMap": "",
					"renderPass": 1,
					"rotationOrigin": [ 8.0, -0.3, 7.0 ],
					"rotationX": -100.0,
					"rotationY": -157.5,
					"rotationZ": -90.0,
					"faces": {
						"north": { "texture": "#droseraregia", "uv": [ 2.0, 1.5, 4.0, 7.5 ], "windMode": [0,1,1,0], "windData": [0,0,0,0] }
					}
				},
				{
					"name": "face 7",
					"from": [ 8.0, 0.0, 7.0 ],
					"to": [ 10.0, 8.0, 7.0 ],
					"shade": false,
					"climateColorMap": "",
					"seasonColorMap": "",
					"renderPass": 1,
					"rotationOrigin": [ 8.0, 0.0, 7.0 ],
					"rotationX": -67.5,
					"rotationY": -135.0,
					"rotationZ": -45.0,
					"faces": {
						"north": { "texture": "#droseraregia", "uv": [ 2.0, 8.0, 4.0, 16.0 ], "windMode": [0,1,1,0], "windData": [0,0,0,0] }
					}
				},
				{
					"name": "face 8",
					"from": [ 9.0, 0.0, 7.5 ],
					"to": [ 11.0, 7.0, 7.5 ],
					"shade": false,
					"climateColorMap": "",
					"seasonColorMap": "",
					"renderPass": 1,
					"rotationOrigin": [ 9.0, 0.0, 7.5 ],
					"rotationX": -135.0,
					"rotationY": -22.5,
					"rotationZ": -157.5,
					"faces": {
						"north": { "texture": "#droseraregia", "uv": [ 2.0, 1.5, 4.0, 8.5 ], "windMode": [0,1,1,0], "windData": [0,0,0,0] }
					}
				},
				{
					"name": "face 9",
					"from": [ 7.3, 0.0, 7.0 ],
					"to": [ 9.3, 6.0, 7.0 ],
					"shade": false,
					"climateColorMap": "",
					"seasonColorMap": "",
					"renderPass": 1,
					"rotationOrigin": [ 7.3, 0.0, 7.0 ],
					"rotationX": -45.0,
					"rotationY": -22.5,
					"rotationZ": -22.5,
					"faces": {
						"north": { "texture": "#droseraregia", "uv": [ 2.0, 1.5, 4.0, 7.5 ], "windMode": [0,1,1,0], "windData": [0,0,0,0] }
					}
				},
				{
					"name": "face 10",
					"from": [ 6.7, 0.0, 7.8 ],
					"to": [ 8.7, 8.0, 7.8 ],
					"shade": false,
					"climateColorMap": "",
					"seasonColorMap": "",
					"renderPass": 1,
					"rotationOrigin": [ 6.7, 0.0, 7.8 ],
					"rotationX": 45.0,
					"rotationY": -22.5,
					"rotationZ": 22.5,
					"faces": {
						"north": { "texture": "#droseraregia", "uv": [ 2.0, 8.0, 4.0, 16.0 ], "windMode": [0,1,1,0], "windData": [0,0,0,0] }
					}
				},
				{
					"name": "center",
					"from": [ 8.0, 0.0, 8.0 ],
					"to": [ 8.0, 0.0, 8.0 ],
					"rotationOrigin": [ 8.0, 0.0, 8.0 ],
					"faces": {
					},
					"children": [
						{
							"name": "middle1",
							"from": [ -1.6, 0.0, 0.5 ],
							"to": [ 0.4, 15.0, 0.5 ],
							"shade": false,
							"climateColorMap": "",
							"seasonColorMap": "",
							"renderPass": 1,
							"rotationOrigin": [ 0.4, 0.0, 0.5 ],
							"rotationY": -65.0,
							"rotationZ": 15.0,
							"faces": {
								"north": { "texture": "#droseraregia", "uv": [ 0.0, 1.0, 2.0, 16.0 ], "windMode": [0,1,1,0], "windData": [0,0,0,0] }
							}
						},
						{
							"name": "middle2",
							"from": [ -1.6, 0.0, 1.0 ],
							"to": [ 0.4, 15.0, 1.0 ],
							"shade": false,
							"climateColorMap": "",
							"seasonColorMap": "",
							"renderPass": 1,
							"rotationOrigin": [ 0.4, 0.0, 1.0 ],
							"rotationY": -90.0,
							"faces": {
								"north": { "texture": "#droseraregia", "uv": [ 0.0, 1.0, 2.0, 16.0 ], "windMode": [0,1,1,0], "windData": [0,0,0,0] }
							}
						},
						{
							"name": "middle3",
							"from": [ -1.0, 0.0, 0.0 ],
							"to": [ 1.0, 16.0, 0.0 ],
							"shade": false,
							"climateColorMap": "",
							"seasonColorMap": "",
							"renderPass": 1,
							"rotationOrigin": [ 0.0, 0.0, 0.0 ],
							"rotationX": -180.0,
							"rotationY": -45.0,
							"rotationZ": 170.0,
							"faces": {
								"north": { "texture": "#droseraregia", "uv": [ 0.0, 0.0, 2.0, 16.0 ], "windMode": [0,1,1,0], "windData": [0,1,1,0] }
							}
						}
					]
				}
			]
		}
	]}