{
	"editor": {
		"allAngles": false,
		"entityTextureMode": false
	},
	"textureWidth": 8,
	"textureHeight": 8,
	"textureSizes": {
		"flower": [8,8],
		"stem": [8,8]
	},
	"textures": {
	},
	"elements": [
		{
			"name": "origin",
			"from": [ 0.0, 0.0, 0.0 ],
			"to": [ 0.0, 0.0, 0.0 ],
			"rotationOrigin": [ 8.0, 0.0, 8.0 ],
			"faces": {
			},
			"children": [
				{
					"name": "flower",
					"from": [ 8.0, 0.0, 8.0 ],
					"to": [ 8.0, 0.0, 8.0 ],
					"rotationOrigin": [ 8.0, 0.0, 8.0 ],
					"faces": {
					},
					"children": [
						{
							"name": "face 6",
							"from": [ -4.0, 0.0, 0.0 ],
							"to": [ 4.0, 8.0, 0.0 ],
							"shade": false,
							"renderPass": 2,
							"rotationOrigin": [ 0.0, 0.0, 0.0 ],
							"rotationY": -22.5,
							"faces": {
								"north": { "texture": "#flower", "uv": [ 0.0, 0.0, 8.0, 8.0 ], "windMode": [0,2,2,0], "windData": [0,1,1,0] }
							}
						},
						{
							"name": "face 7",
							"from": [ -4.0, 0.0, 0.0 ],
							"to": [ 4.0, 7.5, 0.0 ],
							"shade": false,
							"renderPass": 2,
							"rotationOrigin": [ 0.0, 0.0, 0.0 ],
							"rotationY": 45.0,
							"faces": {
								"north": { "texture": "#flower", "uv": [ 0.0, 0.0, 8.0, 7.5 ], "windMode": [0,2,2,0], "windData": [0,1,1,0] }
							}
						},
						{
							"name": "face 8",
							"from": [ -4.0, -1.0, 0.0 ],
							"to": [ 4.0, 7.0, 0.0 ],
							"shade": false,
							"renderPass": 2,
							"rotationOrigin": [ 0.0, -1.0, 0.0 ],
							"rotationY": -67.5,
							"faces": {
								"north": { "texture": "#flower", "uv": [ 0.0, 0.0, 8.0, 8.0 ], "windMode": [0,2,2,0], "windData": [0,1,1,0] }
							}
						}
					]
				},
				{
					"name": "stem",
					"from": [ 8.0, 0.0, 8.0 ],
					"to": [ 8.0, 0.0, 8.0 ],
					"rotationOrigin": [ 8.0, 0.0, 8.0 ],
					"faces": {
					},
					"children": [
						{
							"name": "face 1",
							"from": [ -4.0, 0.0, 0.0 ],
							"to": [ 4.0, 8.0, 0.0 ],
							"shade": false,
							"climateColorMap": "climatePlantTint",
							"seasonColorMap": "seasonalGrass",
							"renderPass": 2,
							"rotationOrigin": [ 0.0, 0.0, 0.0 ],
							"rotationY": -22.5,
							"faces": {
								"north": { "texture": "#stem", "uv": [ 0.0, 0.0, 8.0, 8.0 ], "windMode": [0,2,2,0], "windData": [0,1,1,0] }
							}
						},
						{
							"name": "face 2",
							"from": [ -4.0, -0.5, 0.0 ],
							"to": [ 4.0, 7.5, 0.0 ],
							"shade": false,
							"climateColorMap": "climatePlantTint",
							"seasonColorMap": "seasonalGrass",
							"renderPass": 2,
							"rotationOrigin": [ 0.0, -0.5, 0.0 ],
							"rotationY": 45.0,
							"faces": {
								"north": { "texture": "#stem", "uv": [ 0.0, 0.0, 8.0, 8.0 ], "windMode": [0,2,2,0], "windData": [0,1,1,0] }
							}
						},
						{
							"name": "face 3",
							"from": [ -4.0, -1.0, 0.0 ],
							"to": [ 4.0, 7.0, 0.0 ],
							"shade": false,
							"climateColorMap": "climatePlantTint",
							"seasonColorMap": "seasonalGrass",
							"renderPass": 2,
							"rotationOrigin": [ 0.0, -1.0, 0.0 ],
							"rotationY": -67.5,
							"faces": {
								"north": { "texture": "#stem", "uv": [ 0.0, 0.0, 8.0, 8.0 ], "windMode": [0,2,2,0], "windData": [0,1,1,0] }
							}
						}
					]
				}
			]
		}
	]}