{
	"code": "silvertorchcactus",
	"class": "BlockPlantDamageOnTouch",
	"variantgroups": [
		{ "code": "type", "states": ["urticaferox"] }
	],
	"behaviors": [{"name": "Unstable"}],
	"attributes": {
		"sprintIntoDamage": 2,
		"fallIntoDamageMul": 2,
		"immuneCreatures": ["locust-bronze", "locust-corrupt", "drifter-normal", "drifter-deep", "drifter-tainted", "drifter-nightmare", "drifter-corrupt", "drifter-doubleheaded"],
		"plantContainable": {
			"largeContainer": {
				"shape": { "base":  "block/plant/fern/urticaferox*" },
			}
		}
	},
	"shape": { 
		"base": "block/plant/fern/urticaferox_var*",
	},
	"textures": {
		"leaves": { "base": "block/plant/fern/urticaferox" }
	},
	"randomizeRotations": true,
	"randomSizeAdjust": 0.5,
	"creativeinventory": { "general": ["*"], "flora": ["*"] },
	"blockmaterial": "Plant",
	"replaceable": 900,
	"lightAbsorption": 0,
	"collisionbox": { "x1": 0.1875, "y1": 0, "z1": 0.1875, "x2": 0.8125, "y2": 2, "z2": 0.8125 },
	"resistance": 0.25,
	"sounds": {
		"place": "game:block/plant",
		"break": "game:block/plant",
		"hit": "game:block/plant",
  	"inside": "game:walk/inside/leafy/bushrustle*"
	},
	"sideopaque": {
		"all": false
	},
	"sidesolid": { "all": false },
	"selectionBox": { "x1": 0.0625, "y1": 0, "z1": 0.0625, "x2": 0.9375, "y2": 0.5, "z2": 0.9375 }
}