{
	"code": "elephantidae",
	"class": "EntityAgent",
	"tags": ["carcass","huntable","habitat-land"],
	"variantgroups": [
		{"code": "type","states": [ "carcass"]}
	],
	"collisionBoxSizeByType": {
		"*": {	"x": 1.1,"y": 0.95}
	},
	"deadCollisionBoxSizeByType": {
		"*": {"x": 1.1,"y": 0.5}
	},
	"selectionBoxSizeByType": {
		"*": {"x": 1.5,"y": 1.8}
	},
	"deadSelectionBoxSizeByType": {
		"*": {"x": 1.2,"y": 1.0}
	},
	"knockbackResistanceByType": {
		"*": 10.0
	},	
	"eyeHeight": 0.6,
	"weightByType": {
		"*": 20
	},	
	"drops": [],
	"attributes": {
	},
	"client": {
		"renderer": "Shape",
		"shapeByType": {"*": { "base": "entity/carcass-large" }},
		"sizeByType": {
			"*": 1.0
		},
		"behaviors": [
			{ "code": "repulseagents" },
			{
				"code": "controlledphysics",
				"stepHeight": 0
			},
			{ "code": "interpolateposition" },
			{
				"code": "despawn",
				"minPlayerDistance": 8,
				"belowLightLevel": 0,
				"minSeconds": 300
			},
			{
				"code": "floatupwhenstuck",
				"onlyWhenDead": true
			},
			{ "code": "harvestable" }

		],
		"animations": [
			{"code": "die","animation": "Die","animationSpeed": 2.00,"weight": 10,"blendMode": "Average","triggeredBy": { "onControls": [ "dead" ] }},
			{"code": "idle","animation": "Idle","blendMode": "Average","easeOutSpeed": 1,"triggeredBy": { "defaultAnim": true }},
			{"code": "sleep","animation": "Sleep","easeInSpeed": 4,"easeOutSpeed": 4,"blendMode": "Average"}
		]
	},
	"server": {
		"attributes": {
		},
		"behaviors": [
			{ "code": "repulseagents" },
			{
				"code": "controlledphysics",
				"stepHeight": 0
			},
			{
				"code": "health",
				"maxhealthByType": {
					"*": 4
				}
			},
			{
				"code": "deaddecay",
				"hoursToDecay": 96,
				"decayedBlock": "carcass-medium"
			},
			{
				"code": "floatupwhenstuck",
				"onlyWhenDead": true
			},
			{
				"code": "harvestable",
				"drops": [
					{
						"type": "item",
						"code": "game:bushmeat-raw",
						"quantityByType": {
							"*": {"avg": 4,"var": 2}
						}
					}
				]
			},
			{
				"code": "taskai",
				"aitasks": [
					{
						"code": "idle",
						"priority": 0.9,
						"minduration": 3000,
						"maxduration": 3000,
						"mincooldown": 0,
						"maxcooldown": 0,
						"stopOnNearbyEntityCodes": [ ],
						"stopRange": 15,
						"animation": "Idle",
						"animationSpeed": 2.0,
						"sound": "creature/carcass",
						"soundRange": 20
					},
					{
						"code": "idle",
						"priority": 1.3,
						"priorityForCancel": 1.35,
						"minduration": 200000,
						"maxduration": 800000,
						"mincooldown": 10000,
						"maxcooldown": 30000,
						"animation": "Sleep",
						"animationSpeed": 1.0,
						"duringDayTimeFramesByType": {
							"*":[{"fromHour": 20,"toHour": 24},{"fromHour": 0,"toHour": 6}]
						},
						"stopOnNearbyEntityCodes": [ "player" ],
						"stopRange": 3,
						"stopOnHurt": true
					}
				]
			}

		],
		"spawnconditions": {
			"runtime": {
				"group": "neutral",
				"tryOnlySurface": true,
				"chanceByType": {
					"elephantidae-carcass": 0.00001
				},
				"mindistancetoplayer": 100,
				"maxLightLevel": 7,
				"lightLevelType": "onlyBlockLight",	
				"spawnCapPlayerScaling": 0.0,	
				"groupSizeByType": {
					"*": { "dist": "uniform", "avg": 1.0, "var": 0.0 }
				},
				"insideBlockCodes": [ "game:air", "game:gravel-*",  "game:sand-*","game:snowlayer-1","game:soil-*","game:tallgrass-*" ]
			}
		},
		"spawnconditionsByType": {
			"elephantidae-carcass": {
				"climate": {
					"minTemp": -20,
					"maxTemp": 40,
					"minRain": 0.05,
					"maxRain": 1.0,
					"minForestOrShrubs": 0.0,
					"maxForest": 1.0,
					"maxShrubs": 1.0,
					"minY": 0.9,
					"maxY": 1.7					
				},
				"runtime": {
					"maxQuantityByGroup": { "code": "elephantidae-*", "maxQuantity": 1 }
				}
			}
		}
	}
}