{
	"editor": {
		"backDropShape": "E:/Programs/VSModelCreator/seraph-hairless",
		"collapsedPaths": "Root/Waist-Quiver/Belt,Root/Waist-Quiver/Quiver/arrow_3,Root/Waist-Quiver/Quiver/arrow_2,Root/Waist-Quiver/Quiver/arrow_1,Root/Waist-Quiver/Bow,Root/Waist/buckle-bottom,Root/Waist-Quiver/Quiver/arrow_0,Root/Bow,Root/Waist-Quiver/Quiver,Root/Waist-Quiver/Saydak",
		"allAngles": true,
		"entityTextureMode": false
	},
	"textureWidth": 16,
	"textureHeight": 16,
	"textureSizes": {
	},
	"textures": {
		"fireclay": "block/clay/fireclay",
		"wrapping": "block/cloth/linen/normal1",
		"leather2": "block/leather/plain",
		"plain": "block/leather/plain",
		"brass": "block/metal/plate/brass",
		"iron": "block/metal/plate/iron",
		"kapok": "block/wood/debarked/kapok",
		"wood": "block/wood/debarked/larch",
		"oak": "block/wood/debarked/oak",
		"feather1": "item/tool/material/feather1"
	},
	"elements": [
		{
			"name": "Waist-Quiver",
			"stepParentName": "LowerTorso",
			"from": [ -0.5, 1.0, -0.5 ],
			"to": [ 5.6, 2.1, 6.7 ],
			"rotationOrigin": [ 2.5, 1.0, 2.7 ],
			"faces": {
				"north": { "texture": "#leather2", "uv": [ 0.0, 1.0, 6.0, 2.0 ] },
				"east": { "texture": "#leather2", "uv": [ 0.5, 0.5, 7.5, 1.5 ] },
				"south": { "texture": "#leather2", "uv": [ 0.5, 0.5, 6.5, 1.5 ] },
				"west": { "texture": "#leather2", "uv": [ 0.0, 0.0, 7.0, 1.0 ] }
			},
			"children": [
				{
					"name": "Quiver",
					"from": [ 3.0, -8.1, -2.6 ],
					"to": [ 6.0, -1.1, -1.6 ],
					"rotationOrigin": [ 4.0, -2.1, -0.6 ],
					"rotationY": -31.5,
					"rotationZ": 22.5,
					"faces": {
						"north": { "texture": "#leather2", "uv": [ 0.0, 0.0, 3.0, 7.0 ] },
						"east": { "texture": "#leather2", "uv": [ 0.0, 0.0, 1.0, 7.0 ] },
						"south": { "texture": "#leather2", "uv": [ 0.0, 0.0, 3.0, 7.0 ] },
						"west": { "texture": "#leather2", "uv": [ 0.0, 0.0, 1.0, 7.0 ] },
						"up": { "texture": "#leather2", "uv": [ 0.0, 0.0, 3.0, 1.0 ] },
						"down": { "texture": "#leather2", "uv": [ 0.0, 0.0, 3.0, 1.0 ] }
					},
					"children": [
						{
							"name": "quiver_0",
							"from": [ -0.1, 0.5, -0.1 ],
							"to": [ 3.1, 1.0, 1.1 ],
							"rotationOrigin": [ -0.1, 0.5, -0.1 ],
							"faces": {
								"north": { "texture": "#brass", "uv": [ 0.0, 0.0, 3.0, 0.5 ] },
								"east": { "texture": "#brass", "uv": [ 0.0, 0.0, 1.0, 0.5 ] },
								"south": { "texture": "#brass", "uv": [ 0.0, 0.0, 3.0, 0.5 ] },
								"west": { "texture": "#brass", "uv": [ 0.0, 0.0, 1.0, 0.5 ] },
								"up": { "texture": "#brass", "uv": [ 0.0, 0.0, 3.0, 1.0 ] },
								"down": { "texture": "#brass", "uv": [ 0.0, 0.0, 3.0, 1.0 ] }
							}
						},
						{
							"name": "quiver_1",
							"from": [ -0.1, 6.0, -0.1 ],
							"to": [ 3.1, 6.5, 1.1 ],
							"rotationOrigin": [ -0.1, 6.0, -0.1 ],
							"faces": {
								"north": { "texture": "#brass", "uv": [ 0.0, 0.0, 3.0, 0.5 ] },
								"east": { "texture": "#brass", "uv": [ 0.0, 0.0, 1.0, 0.5 ] },
								"south": { "texture": "#brass", "uv": [ 0.0, 0.0, 3.0, 0.5 ] },
								"west": { "texture": "#brass", "uv": [ 0.0, 0.0, 1.0, 0.5 ] },
								"up": { "texture": "#brass", "uv": [ 0.0, 0.0, 3.0, 1.0 ] },
								"down": { "texture": "#brass", "uv": [ 0.0, 0.0, 3.0, 1.0 ] }
							}
						},
						{
							"name": "arrow_0",
							"from": [ 2.2, 7.0, 0.2 ],
							"to": [ 2.6, 11.0, 0.6 ],
							"rotationOrigin": [ 2.2, 7.0, 0.2 ],
							"rotationZ": -6.0,
							"faces": {
								"north": { "texture": "#oak", "uv": [ 0.0, 0.0, 0.5, 4.0 ] },
								"east": { "texture": "#oak", "uv": [ 0.0, 0.0, 0.5, 4.0 ] },
								"south": { "texture": "#oak", "uv": [ 0.0, 0.0, 0.5, 4.0 ] },
								"west": { "texture": "#oak", "uv": [ 0.0, 0.0, 0.5, 4.0 ] },
								"up": { "texture": "#oak", "uv": [ 0.0, 0.0, 0.5, 0.5 ] },
								"down": { "texture": "#oak", "uv": [ 0.0, 0.0, 0.5, 0.5 ] }
							},
							"children": [
								{
									"name": "fletching_0",
									"from": [ -0.6, 1.6, 0.3 ],
									"to": [ 1.0, 4.2, 0.3 ],
									"rotationOrigin": [ 0.2, 1.6, 0.3 ],
									"faces": {
										"north": { "texture": "#feather1", "uv": [ 6.0, 10.5, 10.0, 16.0 ] }
									}
								},
								{
									"name": "fletching_4",
									"from": [ -0.6, 1.6, 0.3 ],
									"to": [ 1.0, 4.2, 0.3 ],
									"rotationOrigin": [ 0.2, 1.6, 0.3 ],
									"rotationY": 90.0,
									"faces": {
										"north": { "texture": "#feather1", "uv": [ 6.0, 10.5, 10.0, 16.0 ] }
									}
								}
							]
						},
						{
							"name": "arrow_1",
							"from": [ 1.5, 7.0, 0.2 ],
							"to": [ 1.9, 11.0, 0.6 ],
							"rotationOrigin": [ 1.5, 7.0, 0.2 ],
							"rotationY": 9.0,
							"rotationZ": -3.0,
							"faces": {
								"north": { "texture": "#oak", "uv": [ 0.0, 0.0, 0.5, 4.0 ] },
								"east": { "texture": "#oak", "uv": [ 0.0, 0.0, 0.5, 4.0 ] },
								"south": { "texture": "#oak", "uv": [ 0.0, 0.0, 0.5, 4.0 ] },
								"west": { "texture": "#oak", "uv": [ 0.0, 0.0, 0.5, 4.0 ] },
								"up": { "texture": "#oak", "uv": [ 0.0, 0.0, 0.5, 0.5 ] },
								"down": { "texture": "#oak", "uv": [ 0.0, 0.0, 0.5, 0.5 ] }
							},
							"children": [
								{
									"name": "fletching_1",
									"from": [ -0.6, 1.6, 0.3 ],
									"to": [ 1.0, 4.2, 0.3 ],
									"rotationOrigin": [ 0.2, 1.6, 0.3 ],
									"faces": {
										"north": { "texture": "#feather1", "uv": [ 6.0, 10.5, 10.0, 16.0 ] }
									}
								},
								{
									"name": "fletching_5",
									"from": [ -0.6, 1.6, 0.3 ],
									"to": [ 1.0, 4.2, 0.3 ],
									"rotationOrigin": [ 0.2, 1.6, 0.3 ],
									"rotationY": 90.0,
									"faces": {
										"north": { "texture": "#feather1", "uv": [ 6.0, 10.5, 10.0, 16.0 ] }
									}
								}
							]
						},
						{
							"name": "arrow_2",
							"from": [ 0.8, 7.0, 0.2 ],
							"to": [ 1.2, 11.0, 0.6 ],
							"rotationOrigin": [ 1.2, 7.0, 0.2 ],
							"rotationY": -8.0,
							"rotationZ": 3.0,
							"faces": {
								"north": { "texture": "#oak", "uv": [ 0.0, 0.0, 0.5, 4.0 ] },
								"east": { "texture": "#oak", "uv": [ 0.0, 0.0, 0.5, 4.0 ] },
								"south": { "texture": "#oak", "uv": [ 0.0, 0.0, 0.5, 4.0 ] },
								"west": { "texture": "#oak", "uv": [ 0.0, 0.0, 0.5, 4.0 ] },
								"up": { "texture": "#oak", "uv": [ 0.0, 0.0, 0.5, 0.5 ] },
								"down": { "texture": "#oak", "uv": [ 0.0, 0.0, 0.5, 0.5 ] }
							},
							"children": [
								{
									"name": "fletching_2",
									"from": [ -0.6, 1.6, 0.3 ],
									"to": [ 1.0, 4.2, 0.3 ],
									"rotationOrigin": [ 0.2, 1.6, 0.3 ],
									"faces": {
										"north": { "texture": "#feather1", "uv": [ 6.0, 10.5, 10.0, 16.0 ] }
									}
								},
								{
									"name": "fletching_6",
									"from": [ -0.6, 1.6, 0.3 ],
									"to": [ 1.0, 4.2, 0.3 ],
									"rotationOrigin": [ 0.2, 1.6, 0.3 ],
									"rotationY": 90.0,
									"faces": {
										"north": { "texture": "#feather1", "uv": [ 6.0, 10.5, 10.0, 16.0 ] }
									}
								}
							]
						},
						{
							"name": "arrow_3",
							"from": [ 0.1, 7.0, 0.2 ],
							"to": [ 0.5, 11.0, 0.6 ],
							"rotationOrigin": [ 0.5, 7.0, 0.2 ],
							"rotationY": 4.0,
							"rotationZ": 9.0,
							"faces": {
								"north": { "texture": "#oak", "uv": [ 0.0, 0.0, 0.5, 4.0 ] },
								"east": { "texture": "#oak", "uv": [ 0.0, 0.0, 0.5, 4.0 ] },
								"south": { "texture": "#oak", "uv": [ 0.0, 0.0, 0.5, 4.0 ] },
								"west": { "texture": "#oak", "uv": [ 0.0, 0.0, 0.5, 4.0 ] },
								"up": { "texture": "#oak", "uv": [ 0.0, 0.0, 0.5, 0.5 ] },
								"down": { "texture": "#oak", "uv": [ 0.0, 0.0, 0.5, 0.5 ] }
							},
							"children": [
								{
									"name": "fletching_3",
									"from": [ -0.6, 1.6, 0.3 ],
									"to": [ 1.0, 4.2, 0.3 ],
									"rotationOrigin": [ 0.2, 1.6, 0.3 ],
									"faces": {
										"north": { "texture": "#feather1", "uv": [ 6.0, 10.5, 10.0, 16.0 ] }
									}
								},
								{
									"name": "fletching_7",
									"from": [ -0.6, 1.6, 0.3 ],
									"to": [ 1.0, 4.2, 0.3 ],
									"rotationOrigin": [ 0.2, 1.6, 0.3 ],
									"rotationY": 90.0,
									"faces": {
										"north": { "texture": "#feather1", "uv": [ 6.0, 10.5, 10.0, 16.0 ] }
									}
								}
							]
						},
						{
							"name": "quiver_2",
							"from": [ 2.0, 6.0, 1.0 ],
							"to": [ 2.6, 8.2, 1.2 ],
							"rotationOrigin": [ 2.0, 6.0, 1.0 ],
							"rotationX": 26.5,
							"rotationZ": -28.0,
							"faces": {
								"north": { "texture": "#leather2", "uv": [ 0.0, 0.0, 0.5, 2.0 ] },
								"east": { "texture": "#leather2", "uv": [ 0.0, 0.0, 0.5, 2.0 ] },
								"south": { "texture": "#leather2", "uv": [ 0.0, 0.0, 0.5, 2.0 ] },
								"west": { "texture": "#leather2", "uv": [ 0.0, 0.0, 0.5, 2.0 ] },
								"up": { "texture": "#leather2", "uv": [ 0.0, 0.0, 0.5, 0.5 ] },
								"down": { "texture": "#leather2", "uv": [ 0.0, 0.0, 0.5, 0.5 ] }
							}
						},
						{
							"name": "quiver_3",
							"from": [ 0.0, 6.0, 1.0 ],
							"to": [ 0.6, 10.2, 1.2 ],
							"rotationOrigin": [ 0.0, 6.0, 1.0 ],
							"rotationX": 44.5,
							"rotationY": 45.0,
							"rotationZ": 8.5,
							"faces": {
								"north": { "texture": "#leather2", "uv": [ 0.0, 0.0, 0.5, 4.0 ] },
								"east": { "texture": "#leather2", "uv": [ 0.0, 0.0, 0.5, 4.0 ] },
								"south": { "texture": "#leather2", "uv": [ 0.0, 0.0, 0.5, 4.0 ] },
								"west": { "texture": "#leather2", "uv": [ 0.0, 0.0, 0.5, 4.0 ] },
								"up": { "texture": "#leather2", "uv": [ 0.0, 0.0, 0.5, 0.5 ] },
								"down": { "texture": "#leather2", "uv": [ 0.0, 0.0, 0.5, 0.5 ] }
							}
						}
					]
				},
				{
					"name": "Belt",
					"from": [ 0.0, 0.0, 0.0 ],
					"to": [ 0.0, 0.0, 0.0 ],
					"faces": {
						"north": { "texture": "#leather2", "uv": [ 0.0, 0.0, 0.5, 0.5 ] },
						"east": { "texture": "#leather2", "uv": [ 0.0, 0.0, 0.5, 0.5 ] },
						"south": { "texture": "#leather2", "uv": [ 0.0, 0.0, 0.5, 0.5 ] },
						"west": { "texture": "#leather2", "uv": [ 0.0, 0.0, 0.5, 0.5 ] },
						"up": { "texture": "#leather2", "uv": [ 0.0, 0.0, 0.5, 0.5 ] },
						"down": { "texture": "#leather2", "uv": [ 0.0, 0.0, 0.5, 0.5 ] }
					},
					"children": [
						{
							"name": "loop",
							"from": [ -0.3, -0.3, 1.0 ],
							"to": [ 0.6, 1.3, 1.5 ],
							"rotationOrigin": [ -0.3, -0.3, 1.0 ],
							"faces": {
								"north": { "texture": "#iron", "uv": [ 6.5, 3.5, 7.0, 5.0 ] },
								"south": { "texture": "#iron", "uv": [ 7.0, 3.0, 7.5, 4.5 ] },
								"west": { "texture": "#iron", "uv": [ 7.0, 3.5, 7.5, 5.0 ] },
								"up": { "texture": "#iron", "uv": [ 6.0, 3.0, 6.5, 3.5 ] },
								"down": { "texture": "#iron", "uv": [ 7.0, 4.5, 7.5, 5.0 ] }
							}
						},
						{
							"name": "buckle-bottom",
							"from": [ -0.5, -0.4, 2.4 ],
							"to": [ 0.5, 0.1, 3.9 ],
							"rotationOrigin": [ -0.5, -0.4, 2.4 ],
							"faces": {
								"north": { "texture": "#iron", "uv": [ 6.0, 4.0, 7.0, 4.5 ] },
								"west": { "texture": "#iron", "uv": [ 6.0, 3.5, 7.5, 4.0 ] },
								"up": { "texture": "#iron", "uv": [ 6.5, 3.5, 7.5, 5.0 ] },
								"down": { "texture": "#iron", "uv": [ 7.0, 3.0, 8.0, 4.5 ] }
							},
							"children": [
								{
									"name": "buckle-left",
									"from": [ 0.0, 0.5, 0.0 ],
									"to": [ 1.0, 2.0, 0.5 ],
									"rotationOrigin": [ 0.0, 0.5, 0.0 ],
									"faces": {
										"north": { "texture": "#iron", "uv": [ 6.5, 3.5, 7.5, 5.0 ] },
										"south": { "texture": "#iron", "uv": [ 7.5, 3.5, 8.5, 5.0 ] },
										"west": { "texture": "#iron", "uv": [ 6.5, 3.5, 7.0, 5.0 ] },
										"up": { "texture": "#iron", "uv": [ 6.5, 3.5, 7.5, 4.0 ] }
									}
								},
								{
									"name": "buckle-right",
									"from": [ 0.0, 0.0, 1.5 ],
									"to": [ 1.0, 1.5, 2.0 ],
									"rotationOrigin": [ 0.0, 0.0, 1.5 ],
									"faces": {
										"north": { "texture": "#iron", "uv": [ 6.5, 3.0, 7.5, 4.5 ] },
										"south": { "texture": "#iron", "uv": [ 6.5, 3.5, 7.5, 5.0 ] },
										"west": { "texture": "#iron", "uv": [ 7.0, 3.0, 7.5, 4.5 ] },
										"down": { "texture": "#iron", "uv": [ 7.0, 4.5, 8.0, 5.0 ] }
									}
								},
								{
									"name": "buckle-top",
									"from": [ 0.0, 1.5, 0.5 ],
									"to": [ 1.0, 2.0, 2.0 ],
									"rotationOrigin": [ 0.0, 1.5, 0.5 ],
									"faces": {
										"south": { "texture": "#iron", "uv": [ 6.5, 4.0, 7.5, 4.5 ] },
										"west": { "texture": "#iron", "uv": [ 6.0, 4.0, 7.5, 4.5 ] },
										"up": { "texture": "#iron", "uv": [ 7.0, 3.0, 8.0, 4.5 ] },
										"down": { "texture": "#iron", "uv": [ 6.0, 3.0, 7.0, 4.5 ], "windMode": [-1,-1,-1,-1], "windData": [1,1,1,1] }
									}
								},
								{
									"name": "buckle-pin",
									"from": [ 0.2, 0.9, 1.0 ],
									"to": [ 0.8, 1.1, 2.5 ],
									"rotationOrigin": [ 0.2, 0.9, 1.0 ],
									"faces": {
										"north": { "texture": "#iron", "uv": [ 7.5, 4.5, 8.0, 5.0 ] },
										"south": { "texture": "#iron", "uv": [ 6.5, 3.0, 7.0, 3.5 ] },
										"west": { "texture": "#iron", "uv": [ 6.0, 3.5, 7.5, 4.0 ] },
										"up": { "texture": "#iron", "uv": [ 6.0, 3.0, 6.5, 4.5 ] },
										"down": { "texture": "#iron", "uv": [ 7.5, 3.0, 8.0, 4.5 ] }
									}
								}
							]
						},
						{
							"name": "S-top",
							"from": [ 0.5, 0.7, 6.4 ],
							"to": [ 5.1, 1.2, 7.3 ],
							"rotationOrigin": [ 0.5, 0.7, 6.4 ],
							"faces": {
								"south": { "texture": "#leather2", "uv": [ 0.0, 0.0, 4.5, 0.5 ] },
								"up": { "texture": "#leather2", "uv": [ 0.0, 0.0, 4.5, 0.5 ] },
								"down": { "texture": "#leather2", "uv": [ 1.0, 0.0, 5.5, 0.5 ] }
							}
						},
						{
							"name": "S-bottom",
							"from": [ 0.3, -0.2, 6.4 ],
							"to": [ 5.1, 0.3, 7.3 ],
							"rotationOrigin": [ 0.3, -0.2, 6.4 ],
							"faces": {
								"south": { "texture": "#leather2", "uv": [ 1.0, 0.0, 5.5, 0.5 ] },
								"up": { "texture": "#leather2", "uv": [ 0.0, 0.0, 4.5, 0.5 ] },
								"down": { "texture": "#leather2", "uv": [ 1.0, 0.0, 5.5, 0.5 ] }
							}
						},
						{
							"name": "N-top",
							"from": [ 0.5, 0.7, -0.2 ],
							"to": [ 5.2, 1.2, 0.4 ],
							"rotationOrigin": [ 0.5, 0.7, -0.2 ],
							"faces": {
								"north": { "texture": "#leather2", "uv": [ 1.0, 0.0, 5.5, 0.5 ] },
								"up": { "texture": "#leather2", "uv": [ 1.5, 0.0, 6.0, 0.5 ] },
								"down": { "texture": "#leather2", "uv": [ 1.5, 0.0, 6.0, 0.5 ] }
							}
						},
						{
							"name": "N-bottom",
							"from": [ 0.3, -0.2, -0.2 ],
							"to": [ 5.1, 0.3, 0.4 ],
							"rotationOrigin": [ 0.3, -0.2, -0.2 ],
							"faces": {
								"north": { "texture": "#leather2", "uv": [ 1.5, 1.0, 6.0, 1.5 ] },
								"up": { "texture": "#leather2", "uv": [ 2.0, 1.5, 6.5, 2.0 ] },
								"down": { "texture": "#leather2", "uv": [ 1.0, 1.0, 5.5, 1.5 ] }
							}
						},
						{
							"name": "W-topleft",
							"from": [ -0.2, 0.7, -0.2 ],
							"to": [ 0.5, 1.2, 2.8 ],
							"rotationOrigin": [ -0.2, 0.7, -0.2 ],
							"faces": {
								"north": { "texture": "#leather2", "uv": [ 6.0, 0.0, 6.5, 0.5 ] },
								"west": { "texture": "#leather2", "uv": [ 4.0, 0.0, 7.0, 0.5 ] },
								"up": { "texture": "#leather2", "uv": [ 3.0, 0.0, 6.0, 0.5 ], "rotation": 90 },
								"down": { "texture": "#leather2", "uv": [ 2.0, 2.0, 5.0, 2.5 ], "rotation": 90 }
							}
						},
						{
							"name": "W-bottomright",
							"from": [ -0.2, -0.2, 4.0 ],
							"to": [ 0.3, 0.3, 7.3 ],
							"rotationOrigin": [ -0.2, -0.2, 4.0 ],
							"faces": {
								"south": { "texture": "#leather2", "uv": [ 0.0, 0.0, 0.5, 0.5 ] },
								"west": { "texture": "#leather2", "uv": [ 3.5, 0.0, 6.5, 0.5 ] },
								"up": { "texture": "#leather2", "uv": [ 4.0, 0.0, 7.0, 0.5 ], "rotation": 90 },
								"down": { "texture": "#leather2", "uv": [ 2.0, 0.0, 5.0, 0.5 ], "rotation": 90 }
							}
						},
						{
							"name": "W-topright",
							"from": [ -0.2, 0.7, 4.0 ],
							"to": [ 0.5, 1.2, 7.3 ],
							"rotationOrigin": [ -0.2, 0.7, 4.0 ],
							"faces": {
								"south": { "texture": "#leather2", "uv": [ 1.5, 0.0, 2.0, 0.5 ] },
								"west": { "texture": "#leather2", "uv": [ 0.5, 0.0, 3.5, 0.5 ] },
								"up": { "texture": "#leather2", "uv": [ 1.0, 0.0, 4.0, 0.5 ], "rotation": 90 },
								"down": { "texture": "#leather2", "uv": [ 4.0, 0.0, 7.0, 0.5 ], "rotation": 90 }
							}
						},
						{
							"name": "W-bottomleft",
							"from": [ -0.2, -0.2, -0.2 ],
							"to": [ 0.3, 0.3, 2.8 ],
							"rotationOrigin": [ -0.2, -0.2, -0.2 ],
							"faces": {
								"north": { "texture": "#leather2", "uv": [ 1.0, 0.0, 1.5, 0.5 ] },
								"west": { "texture": "#leather2", "uv": [ 2.0, 0.0, 5.0, 0.5 ] },
								"up": { "texture": "#leather2", "uv": [ 2.5, 0.0, 5.5, 0.5 ], "rotation": 90 },
								"down": { "texture": "#leather2", "uv": [ 1.5, 0.0, 4.5, 0.5 ], "rotation": 90 }
							}
						},
						{
							"name": "E-top",
							"from": [ 5.1, 0.7, -0.2 ],
							"to": [ 6.2, 1.2, 7.3 ],
							"rotationOrigin": [ 5.1, 0.7, -0.2 ],
							"faces": {
								"north": { "texture": "#leather2", "uv": [ 0.0, 0.0, 1.0, 0.5 ] },
								"east": { "texture": "#leather2", "uv": [ 0.0, 0.0, 7.5, 0.5 ] },
								"south": { "texture": "#leather2", "uv": [ 0.0, 0.0, 1.0, 0.5 ] },
								"up": { "texture": "#leather2", "uv": [ 0.0, 0.5, 7.5, 1.5 ], "rotation": 90 },
								"down": { "texture": "#leather2", "uv": [ 1.0, 2.0, 8.5, 3.0 ], "rotation": 90 }
							}
						},
						{
							"name": "E-bottom",
							"from": [ 5.1, -0.2, -0.2 ],
							"to": [ 6.2, 0.3, 7.3 ],
							"rotationOrigin": [ 5.1, -0.2, -0.2 ],
							"faces": {
								"north": { "texture": "#leather2", "uv": [ 1.5, 0.0, 2.5, 0.5 ] },
								"east": { "texture": "#leather2", "uv": [ 0.5, 0.0, 8.0, 0.5 ] },
								"south": { "texture": "#leather2", "uv": [ 4.5, 0.0, 5.5, 0.5 ] },
								"up": { "texture": "#leather2", "uv": [ 0.0, 0.0, 7.5, 1.0 ], "rotation": 90 },
								"down": { "texture": "#leather2", "uv": [ 0.5, 1.5, 8.0, 2.5 ], "rotation": 90 }
							}
						}
					]
				},
				{
					"name": "Saydak",
					"from": [ 3.0, 0.0, 0.2 ],
					"to": [ 3.0, 0.0, 0.2 ],
					"rotationOrigin": [ 3.0, 0.0, 0.2 ],
					"faces": {
						"north": { "texture": "#leather2", "uv": [ 0.0, 0.0, 0.5, 0.5 ] },
						"east": { "texture": "#leather2", "uv": [ 0.0, 0.0, 0.5, 0.5 ] },
						"south": { "texture": "#leather2", "uv": [ 0.0, 0.0, 0.5, 0.5 ] },
						"west": { "texture": "#leather2", "uv": [ 0.0, 0.0, 0.5, 0.5 ] },
						"up": { "texture": "#leather2", "uv": [ 0.0, 0.0, 0.5, 0.5 ] },
						"down": { "texture": "#leather2", "uv": [ 0.0, 0.0, 0.5, 0.5 ] }
					},
					"children": [
						{
							"name": "saydak_0",
							"from": [ 0.4, -1.8, -3.8 ],
							"to": [ 0.4, -1.8, -3.8 ],
							"rotationOrigin": [ 0.4, -1.8, -3.8 ],
							"rotationX": -3.0,
							"rotationY": -10.0,
							"rotationZ": -28.0,
							"faces": {
								"north": { "texture": "#leather2", "uv": [ 0.0, 0.0, 0.5, 0.5 ] },
								"east": { "texture": "#leather2", "uv": [ 0.0, 0.0, 0.5, 0.5 ] },
								"south": { "texture": "#leather2", "uv": [ 0.0, 0.0, 0.5, 0.5 ] },
								"west": { "texture": "#leather2", "uv": [ 0.0, 0.0, 0.5, 0.5 ] },
								"up": { "texture": "#leather2", "uv": [ 0.0, 0.0, 0.5, 0.5 ] },
								"down": { "texture": "#leather2", "uv": [ 0.0, 0.0, 0.5, 0.5 ] }
							},
							"children": [
								{
									"name": "saydak_1",
									"from": [ -0.8, -3.0, -0.5 ],
									"to": [ 4.2, 0.0, 0.7 ],
									"rotationOrigin": [ -0.8, -3.0, -0.5 ],
									"rotationX": 0.0,
									"rotationY": 0.0,
									"rotationZ": 0.0,
									"faces": {
										"north": { "texture": "#leather2", "uv": [ 0.0, 0.0, 5.0, 3.0 ] },
										"east": { "texture": "#leather2", "uv": [ 0.0, 0.0, 1.0, 3.0 ] },
										"south": { "texture": "#leather2", "uv": [ 0.0, 0.0, 5.0, 3.0 ] },
										"west": { "texture": "#leather2", "uv": [ 0.0, 0.0, 1.0, 3.0 ] },
										"up": { "texture": "#leather2", "uv": [ 0.0, 0.0, 5.0, 1.0 ] },
										"down": { "texture": "#leather2", "uv": [ 0.0, 0.0, 5.0, 1.0 ] }
									}
								},
								{
									"name": "saydak_2",
									"from": [ 4.2, -1.5, -0.5 ],
									"to": [ 10.2, 0.0, 0.7 ],
									"rotationOrigin": [ 4.2, -1.5, -0.5 ],
									"rotationX": 0.0,
									"rotationY": 0.0,
									"rotationZ": 0.0,
									"faces": {
										"north": { "texture": "#leather2", "uv": [ 0.0, 0.0, 6.0, 1.5 ] },
										"east": { "texture": "#leather2", "uv": [ 0.0, 0.0, 1.0, 1.5 ] },
										"south": { "texture": "#leather2", "uv": [ 0.0, 0.0, 6.0, 1.5 ] },
										"west": { "texture": "#leather2", "uv": [ 0.0, 0.0, 1.0, 1.5 ] },
										"up": { "texture": "#leather2", "uv": [ 0.0, 0.0, 6.0, 1.0 ] },
										"down": { "texture": "#leather2", "uv": [ 0.0, 0.0, 6.0, 1.0 ] }
									}
								},
								{
									"name": "saydak_3",
									"from": [ 4.2, -3.0, -0.49 ],
									"to": [ 7.2, -1.5, 0.69 ],
									"rotationOrigin": [ 4.2, -3.0, -0.5 ],
									"rotationZ": 32.0,
									"faces": {
										"north": { "texture": "#leather2", "uv": [ 0.0, 0.0, 3.0, 1.5 ] },
										"east": { "texture": "#leather2", "uv": [ 0.0, 0.0, 1.0, 1.5 ] },
										"south": { "texture": "#leather2", "uv": [ 0.0, 0.0, 3.0, 1.5 ] },
										"west": { "texture": "#leather2", "uv": [ 0.0, 0.0, 1.0, 1.5 ] },
										"up": { "texture": "#leather2", "uv": [ 0.0, 0.0, 3.0, 1.0 ] },
										"down": { "texture": "#leather2", "uv": [ 0.0, 0.0, 3.0, 1.0 ] }
									}
								},
								{
									"name": "saydak_4",
									"from": [ -0.3, -3.1, -0.6 ],
									"to": [ 0.2, 0.1, 0.8 ],
									"rotationOrigin": [ -0.3, -3.1, -0.6 ],
									"rotationX": 0.0,
									"rotationY": 0.0,
									"rotationZ": 0.0,
									"faces": {
										"north": { "texture": "#brass", "uv": [ 0.0, 0.0, 0.5, 3.0 ] },
										"east": { "texture": "#brass", "uv": [ 0.0, 0.0, 1.0, 3.0 ] },
										"south": { "texture": "#brass", "uv": [ 0.0, 0.0, 0.5, 3.0 ] },
										"west": { "texture": "#brass", "uv": [ 0.0, 0.0, 1.0, 3.0 ] },
										"up": { "texture": "#brass", "uv": [ 0.0, 0.0, 0.5, 1.0 ] },
										"down": { "texture": "#brass", "uv": [ 0.0, 0.0, 0.5, 1.0 ] }
									}
								},
								{
									"name": "saydak_5",
									"from": [ 9.2, -1.6, -0.6 ],
									"to": [ 9.7, 0.1, 0.8 ],
									"rotationOrigin": [ 9.2, -1.6, -0.6 ],
									"rotationX": 0.0,
									"rotationY": 0.0,
									"rotationZ": 0.0,
									"faces": {
										"north": { "texture": "#brass", "uv": [ 0.0, 0.0, 0.5, 1.5 ] },
										"east": { "texture": "#brass", "uv": [ 0.0, 0.0, 1.0, 1.5 ] },
										"south": { "texture": "#brass", "uv": [ 0.0, 0.0, 0.5, 1.5 ] },
										"west": { "texture": "#brass", "uv": [ 0.0, 0.0, 1.0, 1.5 ] },
										"up": { "texture": "#brass", "uv": [ 0.0, 0.0, 0.5, 1.0 ] },
										"down": { "texture": "#brass", "uv": [ 0.0, 0.0, 0.5, 1.0 ] }
									}
								},
								{
									"name": "saydak_6",
									"from": [ -0.8, 0.0, 0.5 ],
									"to": [ -0.2, 4.5, 0.7 ],
									"rotationOrigin": [ -0.2, 0.0, 0.5 ],
									"rotationX": 71.0,
									"rotationY": 0.0,
									"rotationZ": 25.0,
									"faces": {
										"north": { "texture": "#leather2", "uv": [ 0.0, 0.0, 0.5, 4.5 ] },
										"east": { "texture": "#leather2", "uv": [ 0.0, 0.0, 0.5, 4.5 ] },
										"south": { "texture": "#leather2", "uv": [ 0.0, 0.0, 0.5, 4.5 ] },
										"west": { "texture": "#leather2", "uv": [ 0.0, 0.0, 0.5, 4.5 ] },
										"up": { "texture": "#leather2", "uv": [ 0.0, 0.0, 0.5, 0.5 ] },
										"down": { "texture": "#leather2", "uv": [ 0.0, 0.0, 0.5, 0.5 ] }
									}
								},
								{
									"name": "saydak_7",
									"from": [ 5.2, 0.0, 0.5 ],
									"to": [ 5.8, 6.8, 0.7 ],
									"rotationOrigin": [ 5.8, 0.0, 0.5 ],
									"rotationX": 43.0,
									"rotationZ": 36.0,
									"faces": {
										"north": { "texture": "#leather2", "uv": [ 0.0, 0.0, 0.5, 6.5 ] },
										"east": { "texture": "#leather2", "uv": [ 0.0, 0.0, 0.5, 6.5 ] },
										"south": { "texture": "#leather2", "uv": [ 0.0, 0.0, 0.5, 6.5 ] },
										"west": { "texture": "#leather2", "uv": [ 0.0, 0.0, 0.5, 6.5 ] },
										"up": { "texture": "#leather2", "uv": [ 0.0, 0.0, 0.5, 0.5 ] },
										"down": { "texture": "#leather2", "uv": [ 0.0, 0.0, 0.5, 0.5 ] }
									}
								}
							]
						},
						{
							"name": "Bow",
							"from": [ -5.6, -2.8, -5.8 ],
							"to": [ -5.6, -2.8, -5.8 ],
							"rotationOrigin": [ 0.3, -2.25, -3.8 ],
							"rotationX": -90.0,
							"rotationY": 28.0,
							"rotationZ": -11.0,
							"faces": {
								"north": { "texture": "#wood", "uv": [ 0.0, 0.0, 0.5, 0.5 ] },
								"east": { "texture": "#wood", "uv": [ 0.0, 0.0, 0.5, 0.5 ] },
								"south": { "texture": "#wood", "uv": [ 0.0, 0.0, 0.5, 0.5 ] },
								"west": { "texture": "#wood", "uv": [ 0.0, 0.0, 0.5, 0.5 ] },
								"up": { "texture": "#wood", "uv": [ 0.0, 0.0, 0.5, 0.5 ] },
								"down": { "texture": "#wood", "uv": [ 0.0, 0.0, 0.5, 0.5 ] }
							},
							"children": [
								{
									"name": "Bow_limbs",
									"from": [ 5.25, 0.21, 0.0 ],
									"to": [ 6.65, 0.91, 0.7 ],
									"rotationOrigin": [ 5.95, 0.49, 0.35 ],
									"faces": {
									},
									"children": [
										{
											"name": "Bow_right_limb",
											"from": [ 1.75, 0.0, 0.0 ],
											"to": [ 2.8, 0.7, 0.42 ],
											"rotationOrigin": [ 1.75, 0.35, 0.35 ],
											"rotationY": 20.0,
											"faces": {
												"north": { "texture": "#fireclay", "uv": [ 9.5, 9.5, 11.04, 10.55 ] },
												"east": { "texture": "#fireclay", "uv": [ 1.0, 0.0, 1.35, 0.7 ] },
												"south": { "texture": "#fireclay", "uv": [ 6.0, 13.5, 7.54, 14.55 ] },
												"west": { "texture": "#fireclay", "uv": [ 1.5, 0.0, 1.85, 0.7 ] },
												"up": { "texture": "#fireclay", "uv": [ 5.5, 7.5, 7.04, 7.99 ] },
												"down": { "texture": "#fireclay", "uv": [ 8.0, 9.5, 9.54, 9.99 ] }
											},
											"children": [
												{
													"name": "Bow_right_limb_14",
													"from": [ 1.05, 0.007, 0.0 ],
													"to": [ 2.1, 0.693, 0.35 ],
													"rotationOrigin": [ 1.05, 0.0, 0.0 ],
													"rotationY": -10.0,
													"faces": {
														"north": { "texture": "#fireclay", "uv": [ 9.5, 9.0, 11.04, 10.05 ] },
														"east": { "texture": "#fireclay", "uv": [ 3.5, 0.0, 3.85, 0.35 ] },
														"south": { "texture": "#fireclay", "uv": [ 7.0, 12.0, 8.54, 13.05 ] },
														"west": { "texture": "#fireclay", "uv": [ 3.0, 0.0, 3.35, 0.35 ] },
														"up": { "texture": "#fireclay", "uv": [ 6.0, 7.5, 7.54, 7.92 ] },
														"down": { "texture": "#fireclay", "uv": [ 4.0, 7.0, 5.54, 7.42 ] }
													},
													"children": [
														{
															"name": "Bow_right_limb_15",
															"from": [ 1.05, 0.007, 0.0 ],
															"to": [ 2.1, 0.679, 0.28 ],
															"rotationOrigin": [ 1.05, 0.0, 0.0 ],
															"rotationY": -25.0,
															"faces": {
																"north": { "texture": "#fireclay", "uv": [ 13.0, 12.0, 14.54, 13.05 ], "windMode": [-1,-1,-1,-1] },
																"east": { "texture": "#fireclay", "uv": [ 0.0, 0.0, 0.35, 0.7 ], "windMode": [-1,-1,-1,-1] },
																"south": { "texture": "#fireclay", "uv": [ 5.0, 8.0, 6.54, 9.05 ], "windMode": [-1,-1,-1,-1] },
																"west": { "texture": "#fireclay", "uv": [ 0.0, 0.0, 0.35, 0.7 ], "windMode": [-1,-1,-1,-1] },
																"up": { "texture": "#fireclay", "uv": [ 9.5, 7.5, 11.04, 7.85 ], "windMode": [-1,-1,-1,-1] },
																"down": { "texture": "#fireclay", "uv": [ 6.5, 8.0, 8.04, 8.35 ], "windMode": [-1,-1,-1,-1] }
															},
															"children": [
																{
																	"name": "Bow_right_limb_24",
																	"from": [ 1.05, 0.0, 0.0 ],
																	"to": [ 3.85, 0.658, 0.28 ],
																	"rotationOrigin": [ 1.05, -0.007, 0.0 ],
																	"rotationY": -15.0,
																	"faces": {
																		"north": { "texture": "#fireclay", "uv": [ 9.0, 8.5, 13.2, 9.55 ] },
																		"east": { "texture": "#fireclay", "uv": [ 0.0, 0.0, 0.35, 0.7 ] },
																		"south": { "texture": "#fireclay", "uv": [ 1.0, 3.0, 5.2, 4.05 ] },
																		"west": { "texture": "#fireclay", "uv": [ 0.0, 0.0, 0.35, 0.7 ] },
																		"up": { "texture": "#fireclay", "uv": [ 6.5, 10.0, 10.7, 10.35 ] },
																		"down": { "texture": "#fireclay", "uv": [ 6.0, 9.5, 10.2, 9.85 ] }
																	},
																	"children": [
																		{
																			"name": "Bow_right_limb_26",
																			"from": [ 2.8, 0.007, 0.0 ],
																			"to": [ 4.55, 0.651, 0.28 ],
																			"rotationOrigin": [ 2.8, 0.0, 0.28 ],
																			"rotationY": 11.0,
																			"faces": {
																				"north": { "texture": "#fireclay", "uv": [ 9.5, 9.0, 12.3, 10.05 ] },
																				"east": { "texture": "#fireclay", "uv": [ 0.0, 0.0, 0.28, 1.05 ] },
																				"south": { "texture": "#fireclay", "uv": [ 1.0, 4.5, 3.8, 5.55 ] },
																				"west": { "texture": "#fireclay", "uv": [ 0.0, 0.0, 0.35, 0.7 ] },
																				"up": { "texture": "#fireclay", "uv": [ 7.0, 6.0, 9.8, 6.35 ] },
																				"down": { "texture": "#fireclay", "uv": [ 4.5, 10.0, 7.3, 10.35 ] }
																			},
																			"children": [
																				{
																					"name": "Bow_right_limb_27",
																					"from": [ 1.75, 0.21, -0.28 ],
																					"to": [ 3.85, 0.42, 0.28 ],
																					"rotationOrigin": [ 1.75, 0.49, 0.28 ],
																					"rotationY": 18.0,
																					"faces": {
																						"north": { "texture": "#kapok", "uv": [ 7.0, 3.5, 11.9, 3.85 ] },
																						"east": { "texture": "#kapok", "uv": [ 7.5, 2.5, 8.55, 2.85 ] },
																						"south": { "texture": "#kapok", "uv": [ 8.0, 2.5, 12.9, 2.85 ] },
																						"west": { "texture": "#kapok", "uv": [ 0.0, 0.0, 0.7, 0.7 ] },
																						"up": { "texture": "#kapok", "uv": [ 9.0, 1.5, 12.85, 2.55 ] },
																						"down": { "texture": "#kapok", "uv": [ 8.0, 1.5, 11.85, 2.55 ] }
																					},
																					"children": [
																						{
																							"name": "Bow_right_limb_28",
																							"from": [ -0.84, 0.0, 0.0 ],
																							"to": [ 0.0, 0.21, 0.28 ],
																							"rotationOrigin": [ -0.84, 0.245, 0.0 ],
																							"faces": {
																								"north": { "texture": "#kapok", "uv": [ 10.0, 4.0, 11.33, 4.35 ] },
																								"east": { "texture": "#kapok", "uv": [ 0.0, 0.0, 0.7, 0.7 ] },
																								"south": { "texture": "#kapok", "uv": [ 0.0, 0.0, 1.05, 0.7 ] },
																								"west": { "texture": "#kapok", "uv": [ 0.0, 0.0, 0.7, 0.7 ] },
																								"up": { "texture": "#kapok", "uv": [ 0.0, 0.0, 1.54, 0.525 ] },
																								"down": { "texture": "#kapok", "uv": [ 0.0, 0.0, 1.05, 0.7 ] }
																							}
																						},
																						{
																							"name": "String_7",
																							"from": [ 1.5179, -0.056, 0.4691 ],
																							"to": [ 2.4979, 0.294, 0.8191 ],
																							"rotationOrigin": [ 1.5179, 0.084, 0.8191 ],
																							"rotationY": 62.0,
																							"faces": {
																								"north": { "texture": "#wrapping", "uv": [ 12.5, 2.5, 13.2, 3.55 ] },
																								"east": { "texture": "#wrapping", "uv": [ 12.5, 3.0, 13.13, 4.05 ] },
																								"south": { "texture": "#wrapping", "uv": [ 11.5, 3.5, 12.9, 4.2 ] },
																								"west": { "texture": "#wrapping", "uv": [ 11.5, 3.5, 12.2, 4.55 ] },
																								"up": { "texture": "#wrapping", "uv": [ 12.0, 4.5, 13.4, 5.2 ] },
																								"down": { "texture": "#wrapping", "uv": [ 13.0, 4.5, 14.4, 5.2 ] }
																							}
																						}
																					]
																				}
																			]
																		}
																	]
																}
															]
														}
													]
												}
											]
										},
										{
											"name": "Bow_left_limb",
											"from": [ -0.35, 0.0, 0.0 ],
											"to": [ 0.7, 0.7, 0.42 ],
											"rotationOrigin": [ -0.35, 0.35, 0.35 ],
											"rotationY": -20.0,
											"rotationZ": 180.0,
											"faces": {
												"north": { "texture": "#fireclay", "uv": [ 9.5, 9.5, 11.04, 10.55 ] },
												"east": { "texture": "#fireclay", "uv": [ 1.0, 0.0, 1.35, 0.7 ] },
												"south": { "texture": "#fireclay", "uv": [ 6.0, 13.5, 7.54, 14.55 ] },
												"west": { "texture": "#fireclay", "uv": [ 1.5, 0.0, 1.85, 0.7 ] },
												"up": { "texture": "#fireclay", "uv": [ 5.5, 7.5, 7.04, 7.99 ] },
												"down": { "texture": "#fireclay", "uv": [ 8.0, 9.5, 9.54, 9.99 ] }
											},
											"children": [
												{
													"name": "Bow_right_limb_16",
													"from": [ 1.05, 0.007, 0.0 ],
													"to": [ 2.1, 0.693, 0.35 ],
													"rotationOrigin": [ 1.05, 0.0, 0.0 ],
													"rotationY": -10.0,
													"faces": {
														"north": { "texture": "#fireclay", "uv": [ 9.5, 9.0, 11.04, 10.05 ] },
														"east": { "texture": "#fireclay", "uv": [ 3.5, 0.0, 3.85, 0.35 ] },
														"south": { "texture": "#fireclay", "uv": [ 7.0, 12.0, 8.54, 13.05 ] },
														"west": { "texture": "#fireclay", "uv": [ 3.0, 0.0, 3.35, 0.35 ] },
														"up": { "texture": "#fireclay", "uv": [ 6.0, 7.5, 7.54, 7.92 ] },
														"down": { "texture": "#fireclay", "uv": [ 4.0, 7.0, 5.54, 7.42 ] }
													},
													"children": [
														{
															"name": "Bow_right_limb_17",
															"from": [ 1.05, 0.007, 0.0 ],
															"to": [ 2.1, 0.679, 0.28 ],
															"rotationOrigin": [ 1.05, 0.0, 0.0 ],
															"rotationY": -25.0,
															"faces": {
																"north": { "texture": "#fireclay", "uv": [ 13.0, 12.0, 14.54, 13.05 ] },
																"east": { "texture": "#fireclay", "uv": [ 0.0, 0.0, 0.35, 0.7 ] },
																"south": { "texture": "#fireclay", "uv": [ 5.0, 8.0, 6.54, 9.05 ] },
																"west": { "texture": "#fireclay", "uv": [ 0.0, 0.0, 0.35, 0.7 ] },
																"up": { "texture": "#fireclay", "uv": [ 9.5, 7.5, 11.04, 7.85 ] },
																"down": { "texture": "#fireclay", "uv": [ 6.5, 8.0, 8.04, 8.35 ] }
															},
															"children": [
																{
																	"name": "Bow_right_limb_25",
																	"from": [ 1.05, 0.0, 0.0 ],
																	"to": [ 3.85, 0.658, 0.28 ],
																	"rotationOrigin": [ 1.05, -0.007, 0.0 ],
																	"rotationY": -15.0,
																	"faces": {
																		"north": { "texture": "#fireclay", "uv": [ 9.0, 8.5, 13.2, 9.55 ] },
																		"east": { "texture": "#fireclay", "uv": [ 0.0, 0.0, 0.35, 0.7 ] },
																		"south": { "texture": "#fireclay", "uv": [ 1.0, 3.0, 5.2, 4.05 ] },
																		"west": { "texture": "#fireclay", "uv": [ 0.0, 0.0, 0.35, 0.7 ] },
																		"up": { "texture": "#fireclay", "uv": [ 6.5, 10.0, 10.7, 10.35 ] },
																		"down": { "texture": "#fireclay", "uv": [ 6.0, 9.5, 10.2, 9.85 ] }
																	},
																	"children": [
																		{
																			"name": "Bow_right_limb_29",
																			"from": [ 2.8, 0.007, 0.0 ],
																			"to": [ 4.55, 0.651, 0.28 ],
																			"rotationOrigin": [ 2.8, 0.0, 0.28 ],
																			"rotationY": 11.0,
																			"faces": {
																				"north": { "texture": "#fireclay", "uv": [ 9.5, 9.0, 12.3, 10.05 ] },
																				"east": { "texture": "#fireclay", "uv": [ 0.0, 0.0, 0.28, 1.05 ] },
																				"south": { "texture": "#fireclay", "uv": [ 1.0, 4.5, 3.8, 5.55 ] },
																				"west": { "texture": "#fireclay", "uv": [ 0.0, 0.0, 0.35, 0.7 ] },
																				"up": { "texture": "#fireclay", "uv": [ 7.0, 6.0, 9.8, 6.35 ] },
																				"down": { "texture": "#fireclay", "uv": [ 4.5, 10.0, 7.3, 10.35 ] }
																			},
																			"children": [
																				{
																					"name": "Bow_right_limb_30",
																					"from": [ 1.75, 0.21, -0.28 ],
																					"to": [ 3.85, 0.42, 0.28 ],
																					"rotationOrigin": [ 1.75, 0.49, 0.28 ],
																					"rotationY": 18.0,
																					"faces": {
																						"north": { "texture": "#kapok", "uv": [ 7.0, 3.5, 11.9, 3.85 ] },
																						"east": { "texture": "#kapok", "uv": [ 7.5, 2.5, 8.55, 2.85 ] },
																						"south": { "texture": "#kapok", "uv": [ 8.0, 2.5, 12.9, 2.85 ] },
																						"west": { "texture": "#kapok", "uv": [ 0.0, 0.0, 0.7, 0.7 ] },
																						"up": { "texture": "#kapok", "uv": [ 9.0, 1.5, 12.85, 2.55 ] },
																						"down": { "texture": "#kapok", "uv": [ 8.0, 1.5, 11.85, 2.55 ] }
																					},
																					"children": [
																						{
																							"name": "Bow_right_limb_31",
																							"from": [ -0.84, 0.0, 0.0 ],
																							"to": [ 0.0, 0.21, 0.28 ],
																							"rotationOrigin": [ -0.84, 0.245, 0.0 ],
																							"faces": {
																								"north": { "texture": "#kapok", "uv": [ 10.0, 4.0, 11.33, 4.35 ] },
																								"east": { "texture": "#kapok", "uv": [ 0.0, 0.0, 0.7, 0.7 ] },
																								"south": { "texture": "#kapok", "uv": [ 0.0, 0.0, 1.05, 0.7 ] },
																								"west": { "texture": "#kapok", "uv": [ 0.0, 0.0, 0.7, 0.7 ] },
																								"up": { "texture": "#kapok", "uv": [ 0.0, 0.0, 1.54, 0.525 ] },
																								"down": { "texture": "#kapok", "uv": [ 0.0, 0.0, 1.05, 0.7 ] }
																							}
																						},
																						{
																							"name": "String_10",
																							"from": [ 1.5179, -0.056, 0.4691 ],
																							"to": [ 2.4979, 0.294, 0.8191 ],
																							"rotationOrigin": [ 1.5179, 0.084, 0.8191 ],
																							"rotationY": 62.0,
																							"faces": {
																								"north": { "texture": "#wrapping", "uv": [ 12.5, 2.5, 13.2, 3.55 ] },
																								"east": { "texture": "#wrapping", "uv": [ 12.5, 3.0, 13.13, 4.05 ] },
																								"south": { "texture": "#wrapping", "uv": [ 11.5, 3.5, 12.9, 4.2 ] },
																								"west": { "texture": "#wrapping", "uv": [ 11.5, 3.5, 12.2, 4.55 ] },
																								"up": { "texture": "#wrapping", "uv": [ 12.0, 4.5, 13.4, 5.2 ] },
																								"down": { "texture": "#wrapping", "uv": [ 13.0, 4.5, 14.4, 5.2 ] }
																							}
																						}
																					]
																				}
																			]
																		}
																	]
																}
															]
														}
													]
												}
											]
										}
									]
								},
								{
									"name": "Bow_String",
									"from": [ 4.9, 0.245, 1.96 ],
									"to": [ 7.0, 0.735, 2.45 ],
									"rotationOrigin": [ 5.95, 0.49, 2.24 ],
									"faces": {
									},
									"children": [
										{
											"name": "Bpw_String_right",
											"from": [ 0.0, -0.21, 0.0 ],
											"to": [ 1.05, 0.147, 0.35 ],
											"rotationOrigin": [ 1.05, 0.14, 0.35 ],
											"rotationZ": -180.0,
											"faces": {
												"north": { "texture": "#plain", "uv": [ 12.0, 4.5, 13.75, 4.85 ] },
												"east": { "texture": "#plain", "uv": [ 10.0, 2.5, 10.35, 2.85 ] },
												"south": { "texture": "#plain", "uv": [ 12.0, 3.5, 13.4, 3.85 ] },
												"west": { "texture": "#plain", "uv": [ 12.5, 4.0, 12.85, 4.35 ] },
												"up": { "texture": "#plain", "uv": [ 12.0, 4.5, 13.75, 4.85 ] },
												"down": { "texture": "#plain", "uv": [ 12.5, 4.5, 13.9, 4.85 ] }
											},
											"children": [
												{
													"name": "String_8",
													"from": [ 0.0, -0.14, 0.07 ],
													"to": [ 8.33, 0.07, 0.28 ],
													"rotationOrigin": [ 0.0, 0.07, 0.28 ],
													"rotationZ": -180.0,
													"faces": {
														"north": { "texture": "#wrapping", "uv": [ 0.0, 1.0, 11.2, 1.35 ] },
														"east": { "texture": "#wrapping", "uv": [ 0.0, 0.0, 0.35, 0.35 ] },
														"south": { "texture": "#wrapping", "uv": [ 0.0, 1.5, 11.2, 1.85 ] },
														"west": { "texture": "#wrapping", "uv": [ 0.0, 0.0, 0.35, 0.35 ] },
														"up": { "texture": "#wrapping", "uv": [ 0.0, 1.5, 11.2, 1.85 ] },
														"down": { "texture": "#wrapping", "uv": [ 0.0, 2.5, 11.2, 2.85 ] }
													}
												}
											]
										},
										{
											"name": "Bpw_String_left",
											"from": [ 0.0, 0.14, 0.0 ],
											"to": [ 1.05, 0.497, 0.35 ],
											"rotationOrigin": [ 1.05, 0.49, 0.35 ],
											"faces": {
												"north": { "texture": "#plain", "uv": [ 12.0, 4.5, 13.75, 4.85 ] },
												"east": { "texture": "#plain", "uv": [ 10.0, 2.5, 10.35, 2.85 ] },
												"south": { "texture": "#plain", "uv": [ 12.0, 3.5, 13.4, 3.85 ] },
												"west": { "texture": "#plain", "uv": [ 12.5, 4.0, 12.85, 4.35 ] },
												"up": { "texture": "#plain", "uv": [ 12.0, 4.5, 13.75, 4.85 ] },
												"down": { "texture": "#plain", "uv": [ 12.5, 4.5, 13.9, 4.85 ] }
											},
											"children": [
												{
													"name": "String_9",
													"from": [ 0.0, -0.14, 0.07 ],
													"to": [ 8.33, 0.07, 0.28 ],
													"rotationOrigin": [ 0.0, 0.07, 0.28 ],
													"rotationZ": -180.0,
													"faces": {
														"north": { "texture": "#wrapping", "uv": [ 0.0, 1.0, 11.2, 1.35 ] },
														"east": { "texture": "#wrapping", "uv": [ 0.0, 0.0, 0.35, 0.35 ] },
														"south": { "texture": "#wrapping", "uv": [ 0.0, 1.5, 11.2, 1.85 ] },
														"west": { "texture": "#wrapping", "uv": [ 0.0, 0.0, 0.35, 0.35 ] },
														"up": { "texture": "#wrapping", "uv": [ 0.0, 1.5, 11.2, 1.85 ] },
														"down": { "texture": "#wrapping", "uv": [ 0.0, 2.5, 11.2, 2.85 ] }
													}
												}
											]
										},
										{
											"name": "Arrow",
											"from": [ 1.05, 0.49, 0.0 ],
											"to": [ 1.05, 0.49, 0.0 ],
											"rotationOrigin": [ 1.05, 0.49, 0.0 ],
											"rotationY": 90.0,
											"faces": {
												"north": { "texture": "#string", "uv": [ 0.0, 0.0, 0.35, 0.35 ] },
												"east": { "texture": "#string", "uv": [ 0.0, 0.0, 0.35, 0.35 ] },
												"south": { "texture": "#string", "uv": [ 0.0, 0.0, 0.35, 0.35 ] },
												"west": { "texture": "#string", "uv": [ 0.0, 0.0, 0.35, 0.35 ] },
												"up": { "texture": "#string", "uv": [ 0.0, 0.0, 0.35, 0.35 ] },
												"down": { "texture": "#string", "uv": [ 0.0, 0.0, 0.35, 0.35 ] }
											},
											"children": [
												{
													"name": "arrow_origin",
													"from": [ 0.0, 0.0, 0.0 ],
													"to": [ 0.0, 0.0, 0.0 ],
													"faces": {
														"north": { "texture": "#string", "uv": [ 0.0, 0.0, 0.35, 0.35 ] },
														"east": { "texture": "#string", "uv": [ 0.0, 0.0, 0.35, 0.35 ] },
														"south": { "texture": "#string", "uv": [ 0.0, 0.0, 0.35, 0.35 ] },
														"west": { "texture": "#string", "uv": [ 0.0, 0.0, 0.35, 0.35 ] },
														"up": { "texture": "#string", "uv": [ 0.0, 0.0, 0.35, 0.35 ] },
														"down": { "texture": "#string", "uv": [ 0.0, 0.0, 0.35, 0.35 ] }
													},
													"attachmentpoints": [
														{
															"code": "Arrow",
															"posX": "0.0","posY": "0.0","posZ": "0.0",
															"rotationX": "0.0","rotationY": "0.0","rotationZ": "0.0"
														}
													]
												}
											]
										}
									]
								},
								{
									"name": "Bow_handle3",
									"from": [ 4.55, 0.14, -0.21 ],
									"to": [ 7.35, 0.98, 0.42 ],
									"rotationOrigin": [ 4.55, 0.56, 0.42 ],
									"faces": {
										"north": { "texture": "#plain", "uv": [ 9.0, 1.0, 13.9, 2.4 ] },
										"east": { "texture": "#plain", "uv": [ 0.0, 0.0, 1.05, 0.98 ] },
										"south": { "texture": "#plain", "uv": [ 9.0, 9.5, 13.9, 10.9 ] },
										"west": { "texture": "#plain", "uv": [ 0.0, 0.0, 1.05, 1.05 ] },
										"up": { "texture": "#plain", "uv": [ 9.0, 7.0, 13.9, 8.05 ] },
										"down": { "texture": "#plain", "uv": [ 9.0, 7.0, 13.9, 8.05 ] }
									}
								}
							]
						}
					]
				}
			]
		}
	],
	"animations": [
		{
			"name": "Draw",
			"code": "draw",
			"quantityframes": 15,
			"onActivityStopped": "Rewind",
			"onAnimationEnd": "Hold",
			"keyframes": [
				{
					"frame": 0,
					"elements": {
						"Bow_String": { "offsetX": 0.0, "offsetY": 0.0, "offsetZ": 0.0 },
						"Bpw_String_left": { "rotationX": 0.0, "rotationY": 0.0, "rotationZ": 0.0 },
						"String_9": { "rotationX": 0.0, "rotationY": 0.0, "rotationZ": 0.0 },
						"Bpw_String_right": { "rotationX": 0.0, "rotationY": 0.0, "rotationZ": 0.0 },
						"String_8": { "rotationX": 0.0, "rotationY": 0.0, "rotationZ": 0.0 },
						"Bow_right_limb": { "rotationX": 0.0, "rotationY": 0.0, "rotationZ": 0.0 },
						"Bow_right_limb_14": { "rotationX": 0.0, "rotationY": 0.0, "rotationZ": 0.0 },
						"Bow_right_limb_15": { "rotationX": 0.0, "rotationY": 0.0, "rotationZ": 0.0 },
						"Bow_right_limb_24": { "rotationX": 0.0, "rotationY": 0.0, "rotationZ": 0.0 },
						"Bow_left_limb": { "rotationX": 0.0, "rotationY": 0.0, "rotationZ": 0.0 },
						"Bow_right_limb_16": { "rotationX": 0.0, "rotationY": 0.0, "rotationZ": 0.0 },
						"Bow_right_limb_17": { "rotationX": 0.0, "rotationY": 0.0, "rotationZ": 0.0 },
						"Bow_right_limb_25": { "rotationX": 0.0, "rotationY": 0.0, "rotationZ": 0.0 }
					}
				},
				{
					"frame": 3,
					"elements": {
						"Bow_String": { "offsetX": 0.0, "offsetY": 0.0, "offsetZ": 2.59 },
						"String_9": { "rotationX": 0.0, "rotationY": -9.3, "rotationZ": 0.0 },
						"String_8": { "rotationX": 0.0, "rotationY": -9.3, "rotationZ": 0.0 }
					}
				},
				{
					"frame": 5,
					"elements": {
						"Bow_String": { "offsetX": 0.0, "offsetY": 0.0, "offsetZ": 3.5 },
						"String_9": { "rotationX": 0.0, "rotationY": -10.0, "rotationZ": 0.0 },
						"String_8": { "rotationX": 0.0, "rotationY": -10.0, "rotationZ": 0.0 }
					}
				},
				{
					"frame": 14,
					"elements": {
						"Bow_String": { "offsetX": 0.0, "offsetY": 0.0, "offsetZ": 7.35 },
						"Bpw_String_left": { "rotationX": 0.0, "rotationY": -20.0, "rotationZ": 0.0 },
						"String_9": { "rotationX": 0.0, "rotationY": -14.6, "rotationZ": 0.0 },
						"Bpw_String_right": { "rotationX": 0.0, "rotationY": 20.0, "rotationZ": 0.0 },
						"String_8": { "rotationX": 0.0, "rotationY": -14.6, "rotationZ": 0.0 },
						"Bow_right_limb_16": { "rotationX": 0.0, "rotationY": -2.0, "rotationZ": 0.0 },
						"Bow_right_limb_17": { "rotationX": 0.0, "rotationY": -10.0, "rotationZ": 0.0 },
						"Bow_right_limb_25": { "rotationX": 0.0, "rotationY": -15.0, "rotationZ": 0.0 },
						"Bow_right_limb_14": { "rotationX": 0.0, "rotationY": -2.0, "rotationZ": 0.0 },
						"Bow_right_limb_15": { "rotationX": 0.0, "rotationY": -10.0, "rotationZ": 0.0 },
						"Bow_right_limb_24": { "rotationX": 0.0, "rotationY": -15.0, "rotationZ": 0.0 }
					}
				}
			]
		},

		{
			"name": "Release",
			"code": "release",
			"quantityframes": 15,
			"onActivityStopped": "Rewind",
			"onAnimationEnd": "Hold",
			"keyframes": [
				{
					"frame": 0,
					"elements": {
						"Bow_String": { "offsetX": 0.0, "offsetY": 0.0, "offsetZ": 7.35 },
						"Bpw_String_left": { "rotationX": 0.0, "rotationY": -20.0, "rotationZ": 0.0 },
						"String_9": { "rotationX": 0.0, "rotationY": -14.6, "rotationZ": 0.0 },
						"Bpw_String_right": { "rotationX": 0.0, "rotationY": 20.0, "rotationZ": 0.0 },
						"String_8": { "rotationX": 0.0, "rotationY": -14.6, "rotationZ": 0.0 },
						"Bow_right_limb_16": { "rotationX": 0.0, "rotationY": -2.0, "rotationZ": 0.0 },
						"Bow_right_limb_17": { "rotationX": 0.0, "rotationY": -10.0, "rotationZ": 0.0 },
						"Bow_right_limb_25": { "rotationX": 0.0, "rotationY": -15.0, "rotationZ": 0.0 },
						"Bow_right_limb_14": { "rotationX": 0.0, "rotationY": -2.0, "rotationZ": 0.0 },
						"Bow_right_limb_15": { "rotationX": 0.0, "rotationY": -10.0, "rotationZ": 0.0 },
						"Bow_right_limb_24": { "rotationX": 0.0, "rotationY": -15.0, "rotationZ": 0.0 }
					}
				},
				{
					"frame": 9,
					"elements": {
						"Bow_String": { "offsetX": 0.0, "offsetY": 0.0, "offsetZ": 3.5 },
						"String_9": { "rotationX": 0.0, "rotationY": -10.0, "rotationZ": 0.0 },
						"String_8": { "rotationX": 0.0, "rotationY": -10.0, "rotationZ": 0.0 }
					}
				},
				{
					"frame": 11,
					"elements": {
						"Bow_String": { "offsetX": 0.0, "offsetY": 0.0, "offsetZ": 2.59 },
						"String_9": { "rotationX": 0.0, "rotationY": -9.3, "rotationZ": 0.0 },
						"String_8": { "rotationX": 0.0, "rotationY": -9.3, "rotationZ": 0.0 }
					}
				},
				{
					"frame": 14,
					"elements": {
						"Bow_String": { "offsetX": 0.0, "offsetY": 0.0, "offsetZ": 0.0 },
						"Bpw_String_left": { "rotationX": 0.0, "rotationY": 0.0, "rotationZ": 0.0 },
						"String_9": { "rotationX": 0.0, "rotationY": 0.0, "rotationZ": 0.0 },
						"Bpw_String_right": { "rotationX": 0.0, "rotationY": 0.0, "rotationZ": 0.0 },
						"String_8": { "rotationX": 0.0, "rotationY": 0.0, "rotationZ": 0.0 },
						"Bow_right_limb": { "rotationX": 0.0, "rotationY": 0.0, "rotationZ": 0.0 },
						"Bow_right_limb_14": { "rotationX": 0.0, "rotationY": 0.0, "rotationZ": 0.0 },
						"Bow_right_limb_15": { "rotationX": 0.0, "rotationY": 0.0, "rotationZ": 0.0 },
						"Bow_right_limb_24": { "rotationX": 0.0, "rotationY": 0.0, "rotationZ": 0.0 },
						"Bow_left_limb": { "rotationX": 0.0, "rotationY": 0.0, "rotationZ": 0.0 },
						"Bow_right_limb_16": { "rotationX": 0.0, "rotationY": 0.0, "rotationZ": 0.0 },
						"Bow_right_limb_17": { "rotationX": 0.0, "rotationY": 0.0, "rotationZ": 0.0 },
						"Bow_right_limb_25": { "rotationX": 0.0, "rotationY": 0.0, "rotationZ": 0.0 }
					}
				}
			]
		}
	]
}