{
	"editor": {
		"backDropShape": "E:/Programs/VSModelCreator/seraph-hairless",
		"collapsedPaths": "Root/Waist-Quiver/Belt,Root/Bow,Root/Waist-Quiver/Quiver,Root/Sowrd/Handle,Root/Waist-Quiver/Saydak,Root/Waist-Quiver/Sheath/sheath_0,Root/Waist-Quiver/Sheath/sheath_0/Sowrd/Handle2,Root/Waist-Quiver/Quiver/arrow_3,Root/Waist-Quiver/Quiver/arrow_2,Root/Waist-Quiver/Quiver/arrow_1,Root/Waist-Quiver/Bow,Root/Waist/buckle-bottom,Root/Waist-Quiver/Quiver/arrow_0,Root/Waist-Quiver/Sheath/sheath_0/Handle2/Guard_2,Root/Sowrd/Metal",
		"allAngles": true,
		"entityTextureMode": false
	},
	"textureWidth": 16,
	"textureHeight": 16,
	"textureSizes": {
	},
	"textures": {
		"black": "game:block/cloth/linen/black",
		"leather2": "game:block/leather/black",
		"iron": "game:block/metal/plate/iron",
		"blade": "game:block/metal/plate/iron",
		"handle": "game:block/wood/debarked/ebony"
	},
	"elements": [
		{
			"name": "Waist-Quiver",
			"stepParentName": "LowerTorso",
			"from": [ -0.5, 1.0, -0.5 ],
			"to": [ 5.6, 2.1, 6.7 ],
			"rotationOrigin": [ 2.5, 1.0, 2.7 ],
			"faces": {
				"north": { "texture": "#leather2", "uv": [ 0.0, 1.0, 6.0, 2.0 ] },
				"east": { "texture": "#leather2", "uv": [ 0.5, 0.5, 7.5, 1.5 ] },
				"south": { "texture": "#leather2", "uv": [ 0.5, 0.5, 6.5, 1.5 ] },
				"west": { "texture": "#leather2", "uv": [ 0.0, 0.0, 7.0, 1.0 ] }
			},
			"children": [
				{
					"name": "Belt",
					"from": [ 0.0, 0.0, 0.0 ],
					"to": [ 0.0, 0.0, 0.0 ],
					"faces": {
						"north": { "texture": "#leather2", "uv": [ 0.0, 0.0, 0.5, 0.5 ] },
						"east": { "texture": "#leather2", "uv": [ 0.0, 0.0, 0.5, 0.5 ] },
						"south": { "texture": "#leather2", "uv": [ 0.0, 0.0, 0.5, 0.5 ] },
						"west": { "texture": "#leather2", "uv": [ 0.0, 0.0, 0.5, 0.5 ] },
						"up": { "texture": "#leather2", "uv": [ 0.0, 0.0, 0.5, 0.5 ] },
						"down": { "texture": "#leather2", "uv": [ 0.0, 0.0, 0.5, 0.5 ] }
					},
					"children": [
						{
							"name": "loop",
							"from": [ -0.3, -0.3, 1.0 ],
							"to": [ 0.6, 1.3, 1.5 ],
							"rotationOrigin": [ -0.3, -0.3, 1.0 ],
							"faces": {
								"north": { "texture": "#iron", "uv": [ 6.5, 3.5, 7.0, 5.0 ] },
								"south": { "texture": "#iron", "uv": [ 7.0, 3.0, 7.5, 4.5 ] },
								"west": { "texture": "#iron", "uv": [ 7.0, 3.5, 7.5, 5.0 ] },
								"up": { "texture": "#iron", "uv": [ 6.0, 3.0, 6.5, 3.5 ] },
								"down": { "texture": "#iron", "uv": [ 7.0, 4.5, 7.5, 5.0 ] }
							}
						},
						{
							"name": "buckle-bottom",
							"from": [ -0.5, -0.4, 2.4 ],
							"to": [ 0.5, 0.1, 3.9 ],
							"rotationOrigin": [ -0.5, -0.4, 2.4 ],
							"faces": {
								"north": { "texture": "#iron", "uv": [ 6.0, 4.0, 7.0, 4.5 ] },
								"west": { "texture": "#iron", "uv": [ 6.0, 3.5, 7.5, 4.0 ] },
								"up": { "texture": "#iron", "uv": [ 6.5, 3.5, 7.5, 5.0 ] },
								"down": { "texture": "#iron", "uv": [ 7.0, 3.0, 8.0, 4.5 ] }
							},
							"children": [
								{
									"name": "buckle-left",
									"from": [ 0.0, 0.5, 0.0 ],
									"to": [ 1.0, 2.0, 0.5 ],
									"rotationOrigin": [ 0.0, 0.5, 0.0 ],
									"faces": {
										"north": { "texture": "#iron", "uv": [ 6.5, 3.5, 7.5, 5.0 ] },
										"south": { "texture": "#iron", "uv": [ 7.5, 3.5, 8.5, 5.0 ] },
										"west": { "texture": "#iron", "uv": [ 6.5, 3.5, 7.0, 5.0 ] },
										"up": { "texture": "#iron", "uv": [ 6.5, 3.5, 7.5, 4.0 ] }
									}
								},
								{
									"name": "buckle-right",
									"from": [ 0.0, 0.0, 1.5 ],
									"to": [ 1.0, 1.5, 2.0 ],
									"rotationOrigin": [ 0.0, 0.0, 1.5 ],
									"faces": {
										"north": { "texture": "#iron", "uv": [ 6.5, 3.0, 7.5, 4.5 ] },
										"south": { "texture": "#iron", "uv": [ 6.5, 3.5, 7.5, 5.0 ] },
										"west": { "texture": "#iron", "uv": [ 7.0, 3.0, 7.5, 4.5 ] },
										"down": { "texture": "#iron", "uv": [ 7.0, 4.5, 8.0, 5.0 ] }
									}
								},
								{
									"name": "buckle-top",
									"from": [ 0.0, 1.5, 0.5 ],
									"to": [ 1.0, 2.0, 2.0 ],
									"rotationOrigin": [ 0.0, 1.5, 0.5 ],
									"faces": {
										"south": { "texture": "#iron", "uv": [ 6.5, 4.0, 7.5, 4.5 ] },
										"west": { "texture": "#iron", "uv": [ 6.0, 4.0, 7.5, 4.5 ] },
										"up": { "texture": "#iron", "uv": [ 7.0, 3.0, 8.0, 4.5 ] },
										"down": { "texture": "#iron", "uv": [ 6.0, 3.0, 7.0, 4.5 ], "windMode": [-1,-1,-1,-1], "windData": [1,1,1,1] }
									}
								},
								{
									"name": "buckle-pin",
									"from": [ 0.2, 0.9, 1.0 ],
									"to": [ 0.8, 1.1, 2.5 ],
									"rotationOrigin": [ 0.2, 0.9, 1.0 ],
									"faces": {
										"north": { "texture": "#iron", "uv": [ 7.5, 4.5, 8.0, 5.0 ] },
										"south": { "texture": "#iron", "uv": [ 6.5, 3.0, 7.0, 3.5 ] },
										"west": { "texture": "#iron", "uv": [ 6.0, 3.5, 7.5, 4.0 ] },
										"up": { "texture": "#iron", "uv": [ 6.0, 3.0, 6.5, 4.5 ] },
										"down": { "texture": "#iron", "uv": [ 7.5, 3.0, 8.0, 4.5 ] }
									}
								}
							]
						},
						{
							"name": "S-top",
							"from": [ 0.5, 0.7, 6.4 ],
							"to": [ 5.1, 1.2, 7.3 ],
							"rotationOrigin": [ 0.5, 0.7, 6.4 ],
							"faces": {
								"south": { "texture": "#leather2", "uv": [ 0.0, 0.0, 4.5, 0.5 ] },
								"up": { "texture": "#leather2", "uv": [ 0.0, 0.0, 4.5, 0.5 ] },
								"down": { "texture": "#leather2", "uv": [ 1.0, 0.0, 5.5, 0.5 ] }
							}
						},
						{
							"name": "S-bottom",
							"from": [ 0.3, -0.2, 6.4 ],
							"to": [ 5.1, 0.3, 7.3 ],
							"rotationOrigin": [ 0.3, -0.2, 6.4 ],
							"faces": {
								"south": { "texture": "#leather2", "uv": [ 1.0, 0.0, 5.5, 0.5 ] },
								"up": { "texture": "#leather2", "uv": [ 0.0, 0.0, 4.5, 0.5 ] },
								"down": { "texture": "#leather2", "uv": [ 1.0, 0.0, 5.5, 0.5 ] }
							}
						},
						{
							"name": "N-top",
							"from": [ 0.5, 0.7, -0.2 ],
							"to": [ 5.2, 1.2, 0.4 ],
							"rotationOrigin": [ 0.5, 0.7, -0.2 ],
							"faces": {
								"north": { "texture": "#leather2", "uv": [ 1.0, 0.0, 5.5, 0.5 ] },
								"up": { "texture": "#leather2", "uv": [ 1.5, 0.0, 6.0, 0.5 ] },
								"down": { "texture": "#leather2", "uv": [ 1.5, 0.0, 6.0, 0.5 ] }
							}
						},
						{
							"name": "N-bottom",
							"from": [ 0.3, -0.2, -0.2 ],
							"to": [ 5.1, 0.3, 0.4 ],
							"rotationOrigin": [ 0.3, -0.2, -0.2 ],
							"faces": {
								"north": { "texture": "#leather2", "uv": [ 1.5, 1.0, 6.0, 1.5 ] },
								"up": { "texture": "#leather2", "uv": [ 2.0, 1.5, 6.5, 2.0 ] },
								"down": { "texture": "#leather2", "uv": [ 1.0, 1.0, 5.5, 1.5 ] }
							}
						},
						{
							"name": "W-topleft",
							"from": [ -0.2, 0.7, -0.2 ],
							"to": [ 0.5, 1.2, 2.8 ],
							"rotationOrigin": [ -0.2, 0.7, -0.2 ],
							"faces": {
								"north": { "texture": "#leather2", "uv": [ 6.0, 0.0, 6.5, 0.5 ] },
								"west": { "texture": "#leather2", "uv": [ 4.0, 0.0, 7.0, 0.5 ] },
								"up": { "texture": "#leather2", "uv": [ 3.0, 0.0, 6.0, 0.5 ], "rotation": 90 },
								"down": { "texture": "#leather2", "uv": [ 2.0, 2.0, 5.0, 2.5 ], "rotation": 90 }
							}
						},
						{
							"name": "W-bottomright",
							"from": [ -0.2, -0.2, 4.0 ],
							"to": [ 0.3, 0.3, 7.3 ],
							"rotationOrigin": [ -0.2, -0.2, 4.0 ],
							"faces": {
								"south": { "texture": "#leather2", "uv": [ 0.0, 0.0, 0.5, 0.5 ] },
								"west": { "texture": "#leather2", "uv": [ 3.5, 0.0, 6.5, 0.5 ] },
								"up": { "texture": "#leather2", "uv": [ 4.0, 0.0, 7.0, 0.5 ], "rotation": 90 },
								"down": { "texture": "#leather2", "uv": [ 2.0, 0.0, 5.0, 0.5 ], "rotation": 90 }
							}
						},
						{
							"name": "W-topright",
							"from": [ -0.2, 0.7, 4.0 ],
							"to": [ 0.5, 1.2, 7.3 ],
							"rotationOrigin": [ -0.2, 0.7, 4.0 ],
							"faces": {
								"south": { "texture": "#leather2", "uv": [ 1.5, 0.0, 2.0, 0.5 ] },
								"west": { "texture": "#leather2", "uv": [ 0.5, 0.0, 3.5, 0.5 ] },
								"up": { "texture": "#leather2", "uv": [ 1.0, 0.0, 4.0, 0.5 ], "rotation": 90 },
								"down": { "texture": "#leather2", "uv": [ 4.0, 0.0, 7.0, 0.5 ], "rotation": 90 }
							}
						},
						{
							"name": "W-bottomleft",
							"from": [ -0.2, -0.2, -0.2 ],
							"to": [ 0.3, 0.3, 2.8 ],
							"rotationOrigin": [ -0.2, -0.2, -0.2 ],
							"faces": {
								"north": { "texture": "#leather2", "uv": [ 1.0, 0.0, 1.5, 0.5 ] },
								"west": { "texture": "#leather2", "uv": [ 2.0, 0.0, 5.0, 0.5 ] },
								"up": { "texture": "#leather2", "uv": [ 2.5, 0.0, 5.5, 0.5 ], "rotation": 90 },
								"down": { "texture": "#leather2", "uv": [ 1.5, 0.0, 4.5, 0.5 ], "rotation": 90 }
							}
						},
						{
							"name": "E-top",
							"from": [ 5.1, 0.7, -0.2 ],
							"to": [ 6.2, 1.2, 7.3 ],
							"rotationOrigin": [ 5.1, 0.7, -0.2 ],
							"faces": {
								"north": { "texture": "#leather2", "uv": [ 0.0, 0.0, 1.0, 0.5 ] },
								"east": { "texture": "#leather2", "uv": [ 0.0, 0.0, 7.5, 0.5 ] },
								"south": { "texture": "#leather2", "uv": [ 0.0, 0.0, 1.0, 0.5 ] },
								"up": { "texture": "#leather2", "uv": [ 0.0, 0.5, 7.5, 1.5 ], "rotation": 90 },
								"down": { "texture": "#leather2", "uv": [ 1.0, 2.0, 8.5, 3.0 ], "rotation": 90 }
							}
						},
						{
							"name": "E-bottom",
							"from": [ 5.1, -0.2, -0.2 ],
							"to": [ 6.2, 0.3, 7.3 ],
							"rotationOrigin": [ 5.1, -0.2, -0.2 ],
							"faces": {
								"north": { "texture": "#leather2", "uv": [ 1.5, 0.0, 2.5, 0.5 ] },
								"east": { "texture": "#leather2", "uv": [ 0.5, 0.0, 8.0, 0.5 ] },
								"south": { "texture": "#leather2", "uv": [ 4.5, 0.0, 5.5, 0.5 ] },
								"up": { "texture": "#leather2", "uv": [ 0.0, 0.0, 7.5, 1.0 ], "rotation": 90 },
								"down": { "texture": "#leather2", "uv": [ 0.5, 1.5, 8.0, 2.5 ], "rotation": 90 }
							}
						}
					]
				},
				{
					"name": "Sheath",
					"from": [ 0.0, -0.2, 6.9 ],
					"to": [ 0.0, -0.2, 6.9 ],
					"rotationOrigin": [ 0.0, -0.2, 6.9 ],
					"faces": {
						"north": { "texture": "#leather2", "uv": [ 0.0, 0.0, 0.5, 0.5 ], "autoUv": false },
						"east": { "texture": "#leather2", "uv": [ 0.0, 0.0, 0.5, 0.5 ], "autoUv": false },
						"south": { "texture": "#leather2", "uv": [ 0.0, 0.0, 0.5, 0.5 ], "autoUv": false },
						"west": { "texture": "#leather2", "uv": [ 0.0, 0.0, 0.5, 0.5 ], "autoUv": false },
						"up": { "texture": "#leather2", "uv": [ 0.0, 0.0, 0.5, 0.5 ], "autoUv": false },
						"down": { "texture": "#leather2", "uv": [ 0.0, 0.0, 0.5, 0.5 ], "autoUv": false }
					},
					"children": [
						{
							"name": "sheath_0",
							"from": [ -1.2, -1.2, 1.2 ],
							"to": [ -1.2, -1.2, 1.2 ],
							"rotationOrigin": [ -1.2, -1.2, 1.2 ],
							"rotationX": -13.0,
							"rotationY": 4.0,
							"rotationZ": 43.0,
							"faces": {
								"north": { "texture": "#leather2", "uv": [ 0.0, 0.0, 0.5, 0.5 ], "autoUv": false },
								"east": { "texture": "#leather2", "uv": [ 0.0, 0.0, 0.5, 0.5 ], "autoUv": false },
								"south": { "texture": "#leather2", "uv": [ 0.0, 0.0, 0.5, 0.5 ], "autoUv": false },
								"west": { "texture": "#leather2", "uv": [ 0.0, 0.0, 0.5, 0.5 ], "autoUv": false },
								"up": { "texture": "#leather2", "uv": [ 0.0, 0.0, 0.5, 0.5 ], "autoUv": false },
								"down": { "texture": "#leather2", "uv": [ 0.0, 0.0, 0.5, 0.5 ], "autoUv": false }
							},
							"children": [
								{
									"name": "sheath_1",
									"from": [ 0.0, -14.4, -0.36 ],
									"to": [ 1.2, 0.0, 0.36 ],
									"rotationOrigin": [ 0.0, -14.4, -0.36 ],
									"faces": {
										"north": { "texture": "#leather2", "uv": [ 0.0, 0.0, 1.0, 12.0 ], "autoUv": false },
										"east": { "texture": "#leather2", "uv": [ 0.0, 0.0, 0.5, 12.0 ], "autoUv": false },
										"south": { "texture": "#leather2", "uv": [ 0.0, 0.0, 1.0, 12.0 ], "autoUv": false },
										"west": { "texture": "#leather2", "uv": [ 0.0, 0.0, 0.5, 12.0 ], "autoUv": false },
										"up": { "texture": "#leather2", "uv": [ 0.0, 0.0, 1.0, 0.5 ], "autoUv": false },
										"down": { "texture": "#leather2", "uv": [ 0.0, 0.0, 1.0, 0.5 ], "autoUv": false }
									}
								},
								{
									"name": "Sowrd",
									"from": [ 0.6, 1.56, 0.0 ],
									"to": [ 0.6, 1.56, 0.0 ],
									"rotationOrigin": [ 0.6, 1.56, 0.0 ],
									"rotationX": -90.0,
									"faces": {
										"north": { "texture": "#blade", "uv": [ 0.0, 0.0, 0.5, 0.5 ], "autoUv": false },
										"east": { "texture": "#blade", "uv": [ 0.0, 0.0, 0.5, 0.5 ], "autoUv": false },
										"south": { "texture": "#blade", "uv": [ 0.0, 0.0, 0.5, 0.5 ], "autoUv": false },
										"west": { "texture": "#blade", "uv": [ 0.0, 0.0, 0.5, 0.5 ], "autoUv": false },
										"up": { "texture": "#blade", "uv": [ 0.0, 0.0, 0.5, 0.5 ], "autoUv": false },
										"down": { "texture": "#blade", "uv": [ 0.0, 0.0, 0.5, 0.5 ], "autoUv": false }
									},
									"children": [
										{
											"name": "Handle",
											"from": [ 0.0, 0.0, 0.0 ],
											"to": [ 0.0, 0.0, 0.6 ],
											"faces": {
												"north": { "texture": "#blade", "uv": [ 0.0, 0.0, 0.5, 0.5 ], "autoUv": false },
												"east": { "texture": "#blade", "uv": [ 0.0, 0.0, 1.0, 0.5 ], "autoUv": false },
												"south": { "texture": "#blade", "uv": [ 0.0, 0.0, 0.5, 0.5 ], "autoUv": false },
												"west": { "texture": "#blade", "uv": [ 0.0, 0.0, 1.0, 0.5 ], "autoUv": false },
												"up": { "texture": "#blade", "uv": [ 0.0, 0.0, 0.5, 1.0 ], "autoUv": false },
												"down": { "texture": "#blade", "uv": [ 0.0, 0.0, 0.5, 1.0 ], "autoUv": false }
											},
											"children": [
												{
													"name": "handle_0",
													"from": [ -0.54, -0.3, -0.6 ],
													"to": [ 0.54, 0.3, 2.4 ],
													"rotationOrigin": [ -0.54, -0.3, -0.6 ],
													"faces": {
														"north": { "texture": "#black", "uv": [ 0.0, 0.0, 1.5, 1.0 ], "autoUv": false },
														"east": { "texture": "#black", "uv": [ 8.5, 9.0, 13.5, 10.0 ], "autoUv": false },
														"south": { "texture": "#black", "uv": [ 0.0, 0.0, 1.5, 1.0 ], "autoUv": false },
														"west": { "texture": "#black", "uv": [ 6.0, 9.0, 11.0, 10.0 ], "autoUv": false },
														"up": { "texture": "#black", "uv": [ 10.0, 9.0, 15.0, 10.5 ], "rotation": 90, "autoUv": false },
														"down": { "texture": "#black", "uv": [ 9.5, 9.0, 14.5, 10.5 ], "rotation": 90, "autoUv": false }
													}
												},
												{
													"name": "Guard_0",
													"from": [ -0.6, -0.48, -1.2 ],
													"to": [ 0.6, 0.48, -0.588 ],
													"rotationOrigin": [ -0.6, -0.48, -1.2 ],
													"faces": {
														"north": { "texture": "#handle", "uv": [ 13.5, 6.0, 15.5, 7.5 ], "autoUv": false },
														"east": { "texture": "#handle", "uv": [ 15.0, 5.5, 16.0, 7.0 ], "autoUv": false },
														"south": { "texture": "#handle", "uv": [ 13.0, 5.5, 15.0, 7.0 ], "autoUv": false },
														"west": { "texture": "#handle", "uv": [ 14.0, 5.5, 15.0, 7.0 ], "autoUv": false },
														"up": { "texture": "#handle", "uv": [ 13.5, 5.5, 15.5, 6.5 ], "autoUv": false },
														"down": { "texture": "#handle", "uv": [ 13.5, 6.0, 15.5, 7.0 ], "autoUv": false }
													},
													"children": [
														{
															"name": "guard_2",
															"from": [ 1.2, 0.3, 0.0 ],
															"to": [ 1.8, 0.66, 0.612 ],
															"rotationOrigin": [ 1.2, 0.42, 0.0 ],
															"faces": {
																"north": { "texture": "#handle", "uv": [ 0.0, 0.0, 1.0, 0.5 ], "autoUv": false },
																"east": { "texture": "#handle", "uv": [ 13.5, 6.5, 14.5, 7.0 ], "autoUv": false },
																"south": { "texture": "#handle", "uv": [ 13.5, 7.5, 14.5, 8.0 ], "autoUv": false },
																"west": { "texture": "#handle", "uv": [ 14.0, 5.5, 15.0, 6.0 ], "autoUv": false },
																"up": { "texture": "#handle", "uv": [ 14.0, 5.0, 15.0, 6.0 ], "autoUv": false },
																"down": { "texture": "#handle", "uv": [ 14.5, 6.0, 15.5, 7.0 ], "autoUv": false }
															},
															"children": [
																{
																	"name": "guard_1",
																	"from": [ 0.0, 0.36, 0.006 ],
																	"to": [ 0.66, 0.66, 0.606 ],
																	"rotationOrigin": [ 0.0, 0.66, 0.0 ],
																	"rotationZ": -27.0,
																	"faces": {
																		"north": { "texture": "#handle", "uv": [ 14.5, 6.5, 15.5, 7.0 ], "autoUv": false },
																		"east": { "texture": "#handle", "uv": [ 14.0, 7.0, 15.0, 7.5 ], "autoUv": false },
																		"south": { "texture": "#handle", "uv": [ 14.5, 6.5, 15.5, 7.0 ], "autoUv": false },
																		"west": { "texture": "#handle", "uv": [ 13.5, 7.0, 14.5, 7.5 ], "autoUv": false },
																		"up": { "texture": "#handle", "uv": [ 13.0, 5.5, 14.0, 6.5 ], "autoUv": false },
																		"down": { "texture": "#handle", "uv": [ 13.5, 5.5, 14.5, 6.5 ], "autoUv": false }
																	}
																},
																{
																	"name": "guard_0",
																	"from": [ 0.0, -0.3, 0.006 ],
																	"to": [ 0.66, 0.0, 0.606 ],
																	"rotationOrigin": [ 0.0, -0.3, 0.0 ],
																	"rotationZ": 27.0,
																	"faces": {
																		"north": { "texture": "#handle", "uv": [ 13.5, 6.5, 14.5, 7.0 ], "autoUv": false },
																		"east": { "texture": "#handle", "uv": [ 14.0, 6.5, 15.0, 7.0 ], "autoUv": false },
																		"south": { "texture": "#handle", "uv": [ 13.0, 7.0, 14.0, 7.5 ], "autoUv": false },
																		"west": { "texture": "#handle", "uv": [ 14.0, 6.0, 15.0, 6.5 ], "autoUv": false },
																		"up": { "texture": "#handle", "uv": [ 14.0, 5.5, 15.0, 6.5 ], "autoUv": false },
																		"down": { "texture": "#handle", "uv": [ 14.0, 6.0, 15.0, 7.0 ], "autoUv": false }
																	}
																}
															]
														},
														{
															"name": "guard_3",
															"from": [ 0.0, 0.42, 0.0 ],
															"to": [ 0.6, 0.78, 0.612 ],
															"rotationOrigin": [ 0.0, 0.54, 0.0 ],
															"rotationZ": 180.0,
															"faces": {
																"north": { "texture": "#handle", "uv": [ 0.0, 0.0, 1.0, 0.5 ], "autoUv": false },
																"east": { "texture": "#handle", "uv": [ 13.5, 6.5, 14.5, 7.0 ], "autoUv": false },
																"south": { "texture": "#handle", "uv": [ 13.5, 7.5, 14.5, 8.0 ], "autoUv": false },
																"west": { "texture": "#handle", "uv": [ 14.0, 5.5, 15.0, 6.0 ], "autoUv": false },
																"up": { "texture": "#handle", "uv": [ 14.0, 5.0, 15.0, 6.0 ], "autoUv": false },
																"down": { "texture": "#handle", "uv": [ 14.5, 6.0, 15.5, 7.0 ], "autoUv": false }
															},
															"children": [
																{
																	"name": "guard_4",
																	"from": [ 0.0, 0.36, 0.006 ],
																	"to": [ 0.66, 0.66, 0.606 ],
																	"rotationOrigin": [ 0.0, 0.66, 0.0 ],
																	"rotationZ": -27.0,
																	"faces": {
																		"north": { "texture": "#handle", "uv": [ 14.5, 6.5, 15.5, 7.0 ], "autoUv": false },
																		"east": { "texture": "#handle", "uv": [ 14.0, 7.0, 15.0, 7.5 ], "autoUv": false },
																		"south": { "texture": "#handle", "uv": [ 14.5, 6.5, 15.5, 7.0 ], "autoUv": false },
																		"west": { "texture": "#handle", "uv": [ 13.5, 7.0, 14.5, 7.5 ], "autoUv": false },
																		"up": { "texture": "#handle", "uv": [ 13.0, 5.5, 14.0, 6.5 ], "autoUv": false },
																		"down": { "texture": "#handle", "uv": [ 13.5, 5.5, 14.5, 6.5 ], "autoUv": false }
																	}
																},
																{
																	"name": "guard_5",
																	"from": [ 0.0, -0.3, 0.006 ],
																	"to": [ 0.66, 0.0, 0.606 ],
																	"rotationOrigin": [ 0.0, -0.3, 0.0 ],
																	"rotationZ": 27.0,
																	"faces": {
																		"north": { "texture": "#handle", "uv": [ 13.5, 6.5, 14.5, 7.0 ], "autoUv": false },
																		"east": { "texture": "#handle", "uv": [ 14.0, 6.5, 15.0, 7.0 ], "autoUv": false },
																		"south": { "texture": "#handle", "uv": [ 13.0, 7.0, 14.0, 7.5 ], "autoUv": false },
																		"west": { "texture": "#handle", "uv": [ 14.0, 6.0, 15.0, 6.5 ], "autoUv": false },
																		"up": { "texture": "#handle", "uv": [ 14.0, 5.5, 15.0, 6.5 ], "autoUv": false },
																		"down": { "texture": "#handle", "uv": [ 14.0, 6.0, 15.0, 7.0 ], "autoUv": false }
																	}
																}
															]
														}
													]
												},
												{
													"name": "Guard_1",
													"from": [ -0.6, -0.48, 2.4 ],
													"to": [ 0.6, 0.48, 3.012 ],
													"rotationOrigin": [ -0.6, -0.48, 2.4 ],
													"faces": {
														"north": { "texture": "#handle", "uv": [ 13.5, 6.0, 15.5, 7.5 ], "autoUv": false },
														"east": { "texture": "#handle", "uv": [ 15.0, 5.5, 16.0, 7.0 ], "autoUv": false },
														"south": { "texture": "#handle", "uv": [ 13.0, 5.5, 15.0, 7.0 ], "autoUv": false },
														"west": { "texture": "#handle", "uv": [ 14.0, 5.5, 15.0, 7.0 ], "autoUv": false },
														"up": { "texture": "#handle", "uv": [ 13.5, 5.5, 15.5, 6.5 ], "autoUv": false },
														"down": { "texture": "#handle", "uv": [ 13.5, 6.0, 15.5, 7.0 ], "autoUv": false }
													},
													"children": [
														{
															"name": "guard_6",
															"from": [ 1.2, 0.3, 0.0 ],
															"to": [ 1.8, 0.66, 0.612 ],
															"rotationOrigin": [ 1.2, 0.42, 0.0 ],
															"faces": {
																"north": { "texture": "#handle", "uv": [ 0.0, 0.0, 1.0, 0.5 ], "autoUv": false },
																"east": { "texture": "#handle", "uv": [ 13.5, 6.5, 14.5, 7.0 ], "autoUv": false },
																"south": { "texture": "#handle", "uv": [ 13.5, 7.5, 14.5, 8.0 ], "autoUv": false },
																"west": { "texture": "#handle", "uv": [ 14.0, 5.5, 15.0, 6.0 ], "autoUv": false },
																"up": { "texture": "#handle", "uv": [ 14.0, 5.0, 15.0, 6.0 ], "autoUv": false },
																"down": { "texture": "#handle", "uv": [ 14.5, 6.0, 15.5, 7.0 ], "autoUv": false }
															},
															"children": [
																{
																	"name": "guard_7",
																	"from": [ 0.0, 0.36, 0.006 ],
																	"to": [ 0.66, 0.66, 0.606 ],
																	"rotationOrigin": [ 0.0, 0.66, 0.0 ],
																	"rotationZ": -27.0,
																	"faces": {
																		"north": { "texture": "#handle", "uv": [ 14.5, 6.5, 15.5, 7.0 ], "autoUv": false },
																		"east": { "texture": "#handle", "uv": [ 14.0, 7.0, 15.0, 7.5 ], "autoUv": false },
																		"south": { "texture": "#handle", "uv": [ 14.5, 6.5, 15.5, 7.0 ], "autoUv": false },
																		"west": { "texture": "#handle", "uv": [ 13.5, 7.0, 14.5, 7.5 ], "autoUv": false },
																		"up": { "texture": "#handle", "uv": [ 13.0, 5.5, 14.0, 6.5 ], "autoUv": false },
																		"down": { "texture": "#handle", "uv": [ 13.5, 5.5, 14.5, 6.5 ], "autoUv": false }
																	}
																},
																{
																	"name": "guard_8",
																	"from": [ 0.0, -0.3, 0.006 ],
																	"to": [ 0.66, 0.0, 0.606 ],
																	"rotationOrigin": [ 0.0, -0.3, 0.0 ],
																	"rotationZ": 27.0,
																	"faces": {
																		"north": { "texture": "#handle", "uv": [ 13.5, 6.5, 14.5, 7.0 ], "autoUv": false },
																		"east": { "texture": "#handle", "uv": [ 14.0, 6.5, 15.0, 7.0 ], "autoUv": false },
																		"south": { "texture": "#handle", "uv": [ 13.0, 7.0, 14.0, 7.5 ], "autoUv": false },
																		"west": { "texture": "#handle", "uv": [ 14.0, 6.0, 15.0, 6.5 ], "autoUv": false },
																		"up": { "texture": "#handle", "uv": [ 14.0, 5.5, 15.0, 6.5 ], "autoUv": false },
																		"down": { "texture": "#handle", "uv": [ 14.0, 6.0, 15.0, 7.0 ], "autoUv": false }
																	}
																}
															]
														},
														{
															"name": "guard_9",
															"from": [ 0.0, 0.42, 0.0 ],
															"to": [ 0.6, 0.78, 0.612 ],
															"rotationOrigin": [ 0.0, 0.54, 0.0 ],
															"rotationZ": -180.0,
															"faces": {
																"north": { "texture": "#handle", "uv": [ 0.0, 0.0, 1.0, 0.5 ], "autoUv": false },
																"east": { "texture": "#handle", "uv": [ 13.5, 6.5, 14.5, 7.0 ], "autoUv": false },
																"south": { "texture": "#handle", "uv": [ 13.5, 7.5, 14.5, 8.0 ], "autoUv": false },
																"west": { "texture": "#handle", "uv": [ 14.0, 5.5, 15.0, 6.0 ], "autoUv": false },
																"up": { "texture": "#handle", "uv": [ 14.0, 5.0, 15.0, 6.0 ], "autoUv": false },
																"down": { "texture": "#handle", "uv": [ 14.5, 6.0, 15.5, 7.0 ], "autoUv": false }
															},
															"children": [
																{
																	"name": "guard_10",
																	"from": [ 0.0, 0.36, 0.006 ],
																	"to": [ 0.66, 0.66, 0.606 ],
																	"rotationOrigin": [ 0.0, 0.66, 0.0 ],
																	"rotationZ": -27.0,
																	"faces": {
																		"north": { "texture": "#handle", "uv": [ 14.5, 6.5, 15.5, 7.0 ], "autoUv": false },
																		"east": { "texture": "#handle", "uv": [ 14.0, 7.0, 15.0, 7.5 ], "autoUv": false },
																		"south": { "texture": "#handle", "uv": [ 14.5, 6.5, 15.5, 7.0 ], "autoUv": false },
																		"west": { "texture": "#handle", "uv": [ 13.5, 7.0, 14.5, 7.5 ], "autoUv": false },
																		"up": { "texture": "#handle", "uv": [ 13.0, 5.5, 14.0, 6.5 ], "autoUv": false },
																		"down": { "texture": "#handle", "uv": [ 13.5, 5.5, 14.5, 6.5 ], "autoUv": false }
																	}
																},
																{
																	"name": "guard_11",
																	"from": [ 0.0, -0.3, 0.006 ],
																	"to": [ 0.66, 0.0, 0.606 ],
																	"rotationOrigin": [ 0.0, -0.3, 0.0 ],
																	"rotationZ": 27.0,
																	"faces": {
																		"north": { "texture": "#handle", "uv": [ 13.5, 6.5, 14.5, 7.0 ], "autoUv": false },
																		"east": { "texture": "#handle", "uv": [ 14.0, 6.5, 15.0, 7.0 ], "autoUv": false },
																		"south": { "texture": "#handle", "uv": [ 13.0, 7.0, 14.0, 7.5 ], "autoUv": false },
																		"west": { "texture": "#handle", "uv": [ 14.0, 6.0, 15.0, 6.5 ], "autoUv": false },
																		"up": { "texture": "#handle", "uv": [ 14.0, 5.5, 15.0, 6.5 ], "autoUv": false },
																		"down": { "texture": "#handle", "uv": [ 14.0, 6.0, 15.0, 7.0 ], "autoUv": false }
																	}
																}
															]
														}
													]
												}
											]
										}
									]
								},
								{
									"name": "sheath_2",
									"from": [ 0.0, -14.4, -0.24 ],
									"to": [ 1.2, 0.0, 0.24 ],
									"rotationOrigin": [ 0.0, -14.4, -0.24 ],
									"rotationZ": 2.0,
									"faces": {
										"north": { "texture": "#leather2", "uv": [ 6.0, 0.0, 7.0, 12.0 ], "autoUv": false },
										"east": { "texture": "#leather2", "uv": [ 3.5, 0.0, 4.0, 12.0 ], "autoUv": false },
										"south": { "texture": "#leather2", "uv": [ 4.0, 0.0, 5.0, 12.0 ], "autoUv": false },
										"west": { "texture": "#leather2", "uv": [ 4.0, 0.0, 4.5, 12.0 ], "autoUv": false },
										"up": { "texture": "#leather2", "uv": [ 0.0, 0.0, 1.0, 0.5 ], "autoUv": false },
										"down": { "texture": "#leather2", "uv": [ 0.0, 0.0, 1.0, 0.5 ], "autoUv": false }
									}
								},
								{
									"name": "sheath_3",
									"from": [ 0.0, -14.4, -0.24 ],
									"to": [ 1.2, 0.0, 0.24 ],
									"rotationOrigin": [ 1.2, -14.4, -0.24 ],
									"rotationZ": -2.0,
									"faces": {
										"north": { "texture": "#leather2", "uv": [ 5.5, 0.0, 6.5, 12.0 ], "autoUv": false },
										"east": { "texture": "#leather2", "uv": [ 7.0, 0.0, 7.5, 12.0 ], "autoUv": false },
										"south": { "texture": "#leather2", "uv": [ 7.0, 0.0, 8.0, 12.0 ], "autoUv": false },
										"west": { "texture": "#leather2", "uv": [ 5.5, 0.0, 6.0, 12.0 ], "autoUv": false },
										"up": { "texture": "#leather2", "uv": [ 0.0, 0.0, 1.0, 0.5 ], "autoUv": false },
										"down": { "texture": "#leather2", "uv": [ 0.0, 0.0, 1.0, 0.5 ], "autoUv": false }
									}
								},
								{
									"name": "Handle2",
									"from": [ 0.6, 1.2, 0.0 ],
									"to": [ 0.6, 1.2, 0.6 ],
									"rotationOrigin": [ 0.6, 1.2, 0.0 ],
									"rotationX": -90.0,
									"faces": {
										"north": { "texture": "#blade", "uv": [ 0.0, 0.0, 0.5, 0.5 ], "autoUv": false },
										"east": { "texture": "#blade", "uv": [ 0.0, 0.0, 1.0, 0.5 ], "autoUv": false },
										"south": { "texture": "#blade", "uv": [ 0.0, 0.0, 0.5, 0.5 ], "autoUv": false },
										"west": { "texture": "#blade", "uv": [ 0.0, 0.0, 1.0, 0.5 ], "autoUv": false },
										"up": { "texture": "#blade", "uv": [ 0.0, 0.0, 0.5, 1.0 ], "autoUv": false },
										"down": { "texture": "#blade", "uv": [ 0.0, 0.0, 0.5, 1.0 ], "autoUv": false }
									},
									"children": [
										{
											"name": "Guard_2",
											"from": [ -0.6, -0.48, -1.2 ],
											"to": [ 0.6, 0.48, -0.828 ],
											"rotationOrigin": [ -0.6, -0.48, -1.2 ],
											"faces": {
												"north": { "texture": "#iron", "uv": [ 13.5, 6.0, 15.5, 7.5 ], "autoUv": false },
												"east": { "texture": "#iron", "uv": [ 15.0, 5.5, 16.0, 7.0 ], "autoUv": false },
												"south": { "texture": "#iron", "uv": [ 13.0, 5.5, 15.0, 7.0 ], "autoUv": false },
												"west": { "texture": "#iron", "uv": [ 14.0, 5.5, 15.0, 7.0 ], "autoUv": false },
												"up": { "texture": "#iron", "uv": [ 13.5, 5.5, 15.5, 6.5 ], "autoUv": false },
												"down": { "texture": "#iron", "uv": [ 13.5, 6.0, 15.5, 7.0 ], "autoUv": false }
											},
											"children": [
												{
													"name": "guard_12",
													"from": [ 1.2, 0.3, 0.0 ],
													"to": [ 1.8, 0.66, 0.372 ],
													"rotationOrigin": [ 1.2, 0.42, 0.0 ],
													"faces": {
														"north": { "texture": "#iron", "uv": [ 0.0, 0.0, 1.0, 0.5 ], "autoUv": false },
														"east": { "texture": "#iron", "uv": [ 13.5, 6.5, 14.5, 7.0 ], "autoUv": false },
														"south": { "texture": "#iron", "uv": [ 13.5, 7.5, 14.5, 8.0 ], "autoUv": false },
														"west": { "texture": "#iron", "uv": [ 14.0, 5.5, 15.0, 6.0 ], "autoUv": false },
														"up": { "texture": "#iron", "uv": [ 14.0, 5.0, 15.0, 6.0 ], "autoUv": false },
														"down": { "texture": "#iron", "uv": [ 14.5, 6.0, 15.5, 7.0 ], "autoUv": false }
													},
													"children": [
														{
															"name": "guard_13",
															"from": [ 0.0, 0.36, 0.006 ],
															"to": [ 0.66, 0.66, 0.366 ],
															"rotationOrigin": [ 0.0, 0.66, 0.0 ],
															"rotationZ": -27.0,
															"faces": {
																"north": { "texture": "#iron", "uv": [ 14.5, 6.5, 15.5, 7.0 ], "autoUv": false },
																"east": { "texture": "#iron", "uv": [ 14.0, 7.0, 15.0, 7.5 ], "autoUv": false },
																"south": { "texture": "#iron", "uv": [ 14.5, 6.5, 15.5, 7.0 ], "autoUv": false },
																"west": { "texture": "#iron", "uv": [ 13.5, 7.0, 14.5, 7.5 ], "autoUv": false },
																"up": { "texture": "#iron", "uv": [ 13.0, 5.5, 14.0, 6.5 ], "autoUv": false },
																"down": { "texture": "#iron", "uv": [ 13.5, 5.5, 14.5, 6.5 ], "autoUv": false }
															}
														},
														{
															"name": "guard_14",
															"from": [ 0.0, -0.3, 0.006 ],
															"to": [ 0.66, 0.0, 0.366 ],
															"rotationOrigin": [ 0.0, -0.3, 0.0 ],
															"rotationZ": 27.0,
															"faces": {
																"north": { "texture": "#iron", "uv": [ 13.5, 6.5, 14.5, 7.0 ], "autoUv": false },
																"east": { "texture": "#iron", "uv": [ 14.0, 6.5, 15.0, 7.0 ], "autoUv": false },
																"south": { "texture": "#iron", "uv": [ 13.0, 7.0, 14.0, 7.5 ], "autoUv": false },
																"west": { "texture": "#iron", "uv": [ 14.0, 6.0, 15.0, 6.5 ], "autoUv": false },
																"up": { "texture": "#iron", "uv": [ 14.0, 5.5, 15.0, 6.5 ], "autoUv": false },
																"down": { "texture": "#iron", "uv": [ 14.0, 6.0, 15.0, 7.0 ], "autoUv": false }
															}
														}
													]
												},
												{
													"name": "guard_15",
													"from": [ 0.0, 0.42, 0.0 ],
													"to": [ 0.6, 0.78, 0.372 ],
													"rotationOrigin": [ 0.0, 0.54, 0.0 ],
													"rotationZ": 180.0,
													"faces": {
														"north": { "texture": "#iron", "uv": [ 0.0, 0.0, 1.0, 0.5 ], "autoUv": false },
														"east": { "texture": "#iron", "uv": [ 13.5, 6.5, 14.5, 7.0 ], "autoUv": false },
														"south": { "texture": "#iron", "uv": [ 13.5, 7.5, 14.5, 8.0 ], "autoUv": false },
														"west": { "texture": "#iron", "uv": [ 14.0, 5.5, 15.0, 6.0 ], "autoUv": false },
														"up": { "texture": "#iron", "uv": [ 14.0, 5.0, 15.0, 6.0 ], "autoUv": false },
														"down": { "texture": "#iron", "uv": [ 14.5, 6.0, 15.5, 7.0 ], "autoUv": false }
													},
													"children": [
														{
															"name": "guard_16",
															"from": [ 0.0, 0.36, 0.006 ],
															"to": [ 0.66, 0.66, 0.366 ],
															"rotationOrigin": [ 0.0, 0.66, 0.0 ],
															"rotationZ": -27.0,
															"faces": {
																"north": { "texture": "#iron", "uv": [ 14.5, 6.5, 15.5, 7.0 ], "autoUv": false },
																"east": { "texture": "#iron", "uv": [ 14.0, 7.0, 15.0, 7.5 ], "autoUv": false },
																"south": { "texture": "#iron", "uv": [ 14.5, 6.5, 15.5, 7.0 ], "autoUv": false },
																"west": { "texture": "#iron", "uv": [ 13.5, 7.0, 14.5, 7.5 ], "autoUv": false },
																"up": { "texture": "#iron", "uv": [ 13.0, 5.5, 14.0, 6.5 ], "autoUv": false },
																"down": { "texture": "#iron", "uv": [ 13.5, 5.5, 14.5, 6.5 ], "autoUv": false }
															}
														},
														{
															"name": "guard_17",
															"from": [ 0.0, -0.3, 0.006 ],
															"to": [ 0.66, 0.0, 0.366 ],
															"rotationOrigin": [ 0.0, -0.3, 0.0 ],
															"rotationZ": 27.0,
															"faces": {
																"north": { "texture": "#iron", "uv": [ 13.5, 6.5, 14.5, 7.0 ], "autoUv": false },
																"east": { "texture": "#iron", "uv": [ 14.0, 6.5, 15.0, 7.0 ], "autoUv": false },
																"south": { "texture": "#iron", "uv": [ 13.0, 7.0, 14.0, 7.5 ], "autoUv": false },
																"west": { "texture": "#iron", "uv": [ 14.0, 6.0, 15.0, 6.5 ], "autoUv": false },
																"up": { "texture": "#iron", "uv": [ 14.0, 5.5, 15.0, 6.5 ], "autoUv": false },
																"down": { "texture": "#iron", "uv": [ 14.0, 6.0, 15.0, 7.0 ], "autoUv": false }
															}
														}
													]
												}
											]
										}
									]
								},
								{
									"name": "sheath_4",
									"from": [ 1.2, -2.4, -0.36 ],
									"to": [ 2.04, -1.8, 0.36 ],
									"rotationOrigin": [ 2.4, -2.4, -0.36 ],
									"rotationZ": -2.0,
									"faces": {
										"north": { "texture": "#iron", "uv": [ 5.5, 0.0, 6.0, 0.5 ], "autoUv": false },
										"east": { "texture": "#iron", "uv": [ 7.0, 0.0, 7.5, 0.5 ], "autoUv": false },
										"south": { "texture": "#iron", "uv": [ 7.0, 0.0, 7.5, 0.5 ], "autoUv": false },
										"west": { "texture": "#iron", "uv": [ 5.5, 0.0, 6.0, 0.5 ], "autoUv": false },
										"up": { "texture": "#iron", "uv": [ 0.0, 0.0, 0.5, 0.5 ], "autoUv": false },
										"down": { "texture": "#iron", "uv": [ 0.0, 0.0, 0.5, 0.5 ], "autoUv": false }
									},
									"children": [
										{
											"name": "sheath_6",
											"from": [ 0.84, 0.0, 0.24 ],
											"to": [ 3.72, 0.6, 0.6 ],
											"rotationOrigin": [ 0.84, 0.0, 0.6 ],
											"rotationY": 8.0,
											"rotationZ": 25.0,
											"faces": {
												"north": { "texture": "#leather2", "uv": [ 5.5, 0.0, 7.5, 0.5 ], "autoUv": false },
												"east": { "texture": "#leather2", "uv": [ 7.0, 0.0, 7.5, 0.5 ], "autoUv": false },
												"south": { "texture": "#leather2", "uv": [ 7.0, 0.0, 9.0, 0.5 ], "autoUv": false },
												"west": { "texture": "#leather2", "uv": [ 5.5, 0.0, 6.0, 0.5 ], "autoUv": false },
												"up": { "texture": "#leather2", "uv": [ 0.0, 0.0, 2.0, 0.5 ], "autoUv": false },
												"down": { "texture": "#leather2", "uv": [ 0.0, 0.0, 2.0, 0.5 ], "autoUv": false }
											}
										}
									]
								},
								{
									"name": "sheath_5",
									"from": [ 1.2, -7.2, -0.36 ],
									"to": [ 1.8, -6.6, 0.36 ],
									"rotationOrigin": [ 2.4, -7.2, -0.36 ],
									"rotationZ": -2.0,
									"faces": {
										"north": { "texture": "#iron", "uv": [ 5.5, 0.0, 6.0, 0.5 ], "autoUv": false },
										"east": { "texture": "#iron", "uv": [ 7.0, 0.0, 7.5, 0.5 ], "autoUv": false },
										"south": { "texture": "#iron", "uv": [ 7.0, 0.0, 7.5, 0.5 ], "autoUv": false },
										"west": { "texture": "#iron", "uv": [ 5.5, 0.0, 6.0, 0.5 ], "autoUv": false },
										"up": { "texture": "#iron", "uv": [ 0.0, 0.0, 0.5, 0.5 ], "autoUv": false },
										"down": { "texture": "#iron", "uv": [ 0.0, 0.0, 0.5, 0.5 ], "autoUv": false }
									},
									"children": [
										{
											"name": "sheath_7",
											"from": [ 0.6, 0.0, 0.12 ],
											"to": [ 7.08, 0.6, 0.48 ],
											"rotationOrigin": [ 0.6, -0.0029, 0.48 ],
											"rotationZ": 43.0,
											"faces": {
												"north": { "texture": "#leather2", "uv": [ 5.5, 0.0, 10.5, 0.5 ], "autoUv": false },
												"east": { "texture": "#leather2", "uv": [ 7.0, 0.0, 7.5, 0.5 ], "autoUv": false },
												"south": { "texture": "#leather2", "uv": [ 7.0, 0.0, 12.0, 0.5 ], "autoUv": false },
												"west": { "texture": "#leather2", "uv": [ 5.5, 0.0, 6.0, 0.5 ], "autoUv": false },
												"up": { "texture": "#leather2", "uv": [ 0.0, 0.0, 5.0, 0.5 ], "autoUv": false },
												"down": { "texture": "#leather2", "uv": [ 0.0, 0.0, 5.0, 0.5 ], "autoUv": false }
											}
										}
									]
								}
							]
						}
					]
				}
			]
		}
	]}