{
  "type": "content",
  "modid": "em",
  "name": "Expanded Matter",
  "description" : "A library that extends the base game with new materials and variants.",
  "authors": [ "Tels", "Phiwa" ],
  "contributors": [ "Dracomancer", "Drakker", "Ashantin", "jjallie1", "Wailwolf", "Nahuel-Campos", "Macoto Hino", "Darce", "ElectroNikkel", "DeanBro", "justOmi" ],
  "version": "3.3.3",
  "dependencies": {
	"game": "1.21.0",
	"survival": "1.21.0"
  },
  "website": "https://gitlab.com/codesmiths/vs_expanded_matter"
}
