{
    "ingredientPattern": "S,H",
    "ingredients": {
        "S": {
            "type": "item",
            "code": "mosin:rapierblade-*",
            "name": "material",
            "allowedvariants": [ "tinbronze", "bismuthbronze", "blackbronze", "iron", "meteoriciron", "steel" ]
        },
        "H": {
            "type": "item",
            "code": "armory:handle-short"
        }
    },
    "width": 1,
    "height": 2,
    "output": {
        "type": "item",
        "code": "mosin:rapier-{material}"
    }
}