{
	"ingredient": { "type": "item", "code": "game:clay-*", "name": "type", "allowedVariants": ["blue", "fire", "red"] },
	"pattern": [[
		"##############",
		"##############",
		"##############",
		"##############",
		"##############",
		"##############",
		"##############",
		"##############",
		"##############",
		"##############",
		"##############",
		"##############",
		"##############",
		"##############"
		],
		[
		"##############",
		"#_#_#_#_#_#_##",
		"##_#_#_#_#_#_#",
		"##############",
		"#__##__##__###",
		"#__##__##__###",
		"###__##__##__#",
		"###__##__##__#",
		"##############",
		"#__##__##__###",
		"#__##__##__###",
		"###__##__##__#",
		"###__##__##__#",
		"##############"
	]],
	"name": "Pattern (Checker)",
	"output": { "type": "block", "code": "bricklayers:pattern-raw-checker"  }
}
