{
	"editor": {
		"backDropShape": "entity/land/hooved/deer/elk/female",
		"collapsedPaths": ",Root/origin/handle",
		"allAngles": false,
		"entityTextureMode": true
	},
	"textureWidth": 16,
	"textureHeight": 16,
	"textureSizes": {
		"metal": [16,16],
		"wood": [16,16],
		"handle": [16,16],
		"bismuthbronze": [16,16],
		"debarked/oak": [16,16],
		"blackbronze": [16,16],
		"iron": [16,16]
	},
	"textures": {
		"plain": "game:block/leather/plain",
		"handle": "block/wood/debarked/acacia"
	},
	"elements": [
		{
			"name": "origin",
			"stepParentName": "RightFrontStorage",
			"from": [ 3.55, 8.7, -2.4 ],
			"to": [ 3.55, 10.3887, -2.4 ],
			"uv": [ 999.0, 999.0 ],
			"rotationOrigin": [ 3.62, 8.7, -0.74 ],
			"rotationX": 90.0,
			"rotationY": -80.0,
			"rotationZ": 8.0,
			"faces": {
			},
			"children": [
				{
					"name": "blade1",
					"from": [ 2.5, 0.17, 1.55 ],
					"to": [ 4.5, 1.49, 2.99 ],
					"autoUnwrap": false,
					"uv": [ 0.0, 6.0 ],
					"rotationOrigin": [ 4.5173, 0.2803, 1.9486 ],
					"rotationX": 180.0,
					"faces": {
						"north": { "texture": "#plain", "uv": [ 5.0, 6.0, 30.5, 7.0 ], "autoUv": false },
						"east": { "texture": "#plain", "uv": [ 2.5, 11.0, 4.5, 12.0 ], "autoUv": false },
						"south": { "texture": "#plain", "uv": [ 1.0, 1.5, 26.5, 2.5 ], "autoUv": false },
						"up": { "texture": "#plain", "uv": [ 5.0, 0.5, 30.5, 2.5 ], "autoUv": false },
						"down": { "texture": "#plain", "uv": [ 3.0, 6.0, 28.5, 8.0 ], "autoUv": false }
					},
					"children": [
						{
							"name": "Cube3",
							"from": [ 0.4, 0.5, 0.6 ],
							"to": [ 1.4, 0.93, 4.5 ],
							"uv": [ 0.0, 0.0 ],
							"rotationOrigin": [ 0.44, 0.7, 1.23 ],
							"rotationX": 40.0,
							"rotationY": -35.0,
							"faces": {
								"north": { "texture": "#plain", "uv": [ 0.0, 3.5, 1.0, 4.0 ], "autoUv": false },
								"east": { "texture": "#plain", "uv": [ 1.0, 3.5, 4.5, 4.0 ], "autoUv": false },
								"south": { "texture": "#plain", "uv": [ 4.5, 3.5, 5.5, 4.0 ], "autoUv": false },
								"west": { "texture": "#plain", "uv": [ 5.5, 3.5, 9.0, 4.0 ], "autoUv": false },
								"up": { "texture": "#plain", "uv": [ 0.0, 0.0, 1.0, 3.5 ], "autoUv": false },
								"down": { "texture": "#plain", "uv": [ 1.0, 0.0, 2.0, 3.5 ], "autoUv": false }
							}
						}
					]
				},
				{
					"name": "handle",
					"from": [ 2.4996, -0.8599, 1.0631 ],
					"to": [ 14.4996, 0.2651, 2.1881 ],
					"uv": [ 0.0, 2.5 ],
					"rotationOrigin": [ 8.4996, -0.2974, 1.6256 ],
					"rotationX": -91.3848,
					"rotationY": 0.12,
					"rotationZ": -179.9017,
					"faces": {
						"north": { "texture": "#handle", "uv": [ 0.0, 10.0, 16.0, 11.5 ], "autoUv": false },
						"south": { "texture": "#handle", "uv": [ 0.0, 2.5, 16.0, 4.0 ], "autoUv": false },
						"west": { "texture": "#handle", "uv": [ 8.0, 5.5, 9.5, 7.0 ], "autoUv": false },
						"up": { "texture": "#handle", "uv": [ 0.0, 9.5, 16.0, 11.0 ], "autoUv": false },
						"down": { "texture": "#handle", "uv": [ 0.0, 10.5, 16.0, 12.0 ], "autoUv": false }
					},
					"children": [
						{
							"name": "socket",
							"from": [ 12.0, -0.15, -0.15 ],
							"to": [ 12.75, 1.275, 1.275 ],
							"uv": [ 3.0, 0.5 ],
							"rotationOrigin": [ 12.0, 0.5625, 0.5625 ],
							"faces": {
								"north": { "texture": "#blackbronze", "uv": [ 9.5, 11.0, 10.5, 12.5 ], "autoUv": false },
								"south": { "texture": "#blackbronze", "uv": [ 3.0, 5.5, 4.0, 7.0 ], "autoUv": false },
								"west": { "texture": "#blackbronze", "uv": [ 9.0, 5.5, 10.5, 7.0 ], "autoUv": false },
								"up": { "texture": "#blackbronze", "uv": [ 13.0, 0.5, 14.0, 2.0 ], "autoUv": false },
								"down": { "texture": "#blackbronze", "uv": [ 12.5, 13.0, 13.5, 14.5 ], "autoUv": false }
							},
							"children": [
								{
									"name": "head",
									"from": [ 0.75, -0.375, -0.375 ],
									"to": [ 3.0, 1.875, 1.875 ],
									"uv": [ 2.0, 0.5 ],
									"rotationOrigin": [ 1.5, 0.675, 0.675 ],
									"faces": {
										"north": { "texture": "#blackbronze", "uv": [ 12.0, 11.0, 15.0, 14.0 ], "autoUv": false },
										"east": { "texture": "#blackbronze", "uv": [ 9.5, 0.5, 12.5, 3.5 ], "autoUv": false },
										"south": { "texture": "#blackbronze", "uv": [ 2.0, 10.5, 5.0, 13.5 ], "autoUv": false },
										"west": { "texture": "#blackbronze", "uv": [ 2.0, 5.5, 5.0, 8.5 ], "autoUv": false },
										"up": { "texture": "#blackbronze", "uv": [ 5.0, 6.5, 8.0, 9.5 ], "autoUv": false },
										"down": { "texture": "#blackbronze", "uv": [ 10.5, 9.0, 13.5, 12.0 ], "autoUv": false }
									},
									"children": [
										{
											"name": "flange",
											"from": [ 0.075, 0.0, 0.0 ],
											"to": [ 2.175, 2.25, 2.25 ],
											"uv": [ 6.0, 7.5 ],
											"rotationOrigin": [ 0.075, 1.2, 1.2 ],
											"rotationX": -45.0,
											"faces": {
												"north": { "texture": "#blackbronze", "uv": [ 9.0, 12.0, 11.5, 15.0 ], "autoUv": false },
												"east": { "texture": "#blackbronze", "uv": [ 6.0, 10.0, 9.0, 13.0 ], "autoUv": false },
												"south": { "texture": "#blackbronze", "uv": [ 7.5, 8.5, 10.0, 11.5 ], "autoUv": false },
												"west": { "texture": "#blackbronze", "uv": [ 6.5, 9.0, 9.5, 12.0 ], "autoUv": false },
												"up": { "texture": "#blackbronze", "uv": [ 13.0, 7.5, 15.5, 10.5 ], "autoUv": false },
												"down": { "texture": "#blackbronze", "uv": [ 10.5, 10.0, 13.0, 13.0 ], "autoUv": false }
											}
										},
										{
											"name": "flange1",
											"from": [ 0.15, 0.0, 0.0 ],
											"to": [ 2.1, 2.25, 2.25 ],
											"uv": [ 0.5, 3.0 ],
											"rotationOrigin": [ 0.15, 1.2, 1.2 ],
											"rotationX": -22.5,
											"faces": {
												"north": { "texture": "#blackbronze", "uv": [ 9.0, 4.0, 11.5, 7.0 ], "autoUv": false },
												"east": { "texture": "#blackbronze", "uv": [ 0.5, 11.0, 3.5, 14.0 ], "autoUv": false },
												"south": { "texture": "#blackbronze", "uv": [ 3.5, 3.0, 6.0, 6.0 ], "autoUv": false },
												"west": { "texture": "#blackbronze", "uv": [ 6.0, 10.5, 9.0, 13.5 ], "autoUv": false },
												"up": { "texture": "#blackbronze", "uv": [ 13.0, 5.0, 15.5, 8.0 ], "autoUv": false },
												"down": { "texture": "#blackbronze", "uv": [ 2.5, 10.0, 5.0, 13.0 ], "autoUv": false }
											}
										},
										{
											"name": "flange2",
											"from": [ 0.15, 0.0, 0.0 ],
											"to": [ 2.1, 2.25, 2.25 ],
											"uv": [ 1.5, 1.5 ],
											"rotationOrigin": [ 0.15, 1.2, 1.2 ],
											"rotationX": 22.5,
											"faces": {
												"north": { "texture": "#blackbronze", "uv": [ 9.0, 11.5, 11.5, 14.5 ], "autoUv": false },
												"east": { "texture": "#blackbronze", "uv": [ 5.5, 1.5, 8.5, 4.5 ], "autoUv": false },
												"south": { "texture": "#blackbronze", "uv": [ 9.0, 10.5, 11.5, 13.5 ], "autoUv": false },
												"west": { "texture": "#blackbronze", "uv": [ 10.5, 9.5, 13.5, 12.5 ], "autoUv": false },
												"up": { "texture": "#blackbronze", "uv": [ 8.5, 9.0, 11.0, 12.0 ], "autoUv": false },
												"down": { "texture": "#blackbronze", "uv": [ 1.5, 9.5, 4.0, 12.5 ], "autoUv": false }
											}
										},
										{
											"name": "rotator",
											"from": [ 1.725, 1.125, 1.125 ],
											"to": [ 1.725, 1.125, 1.125 ],
											"uv": [ 999.0, 999.0 ],
											"rotationOrigin": [ 1.725, 1.125, 1.125 ],
											"rotationX": -45.0,
											"faces": {
											},
											"children": [
												{
													"name": "flange3",
													"from": [ 0.0, -0.75, -0.525 ],
													"to": [ 1.05, 0.75, 0.525 ],
													"uv": [ 1.0, 1.5 ],
													"rotationOrigin": [ 0.525, 0.0, -0.075 ],
													"rotationY": -45.0,
													"faces": {
														"north": { "texture": "#blackbronze", "uv": [ 9.5, 1.5, 10.5, 3.5 ], "autoUv": false },
														"east": { "texture": "#blackbronze", "uv": [ 13.5, 3.5, 14.5, 5.5 ], "autoUv": false },
														"up": { "texture": "#blackbronze", "uv": [ 1.0, 3.5, 2.0, 4.5 ], "autoUv": false },
														"down": { "texture": "#blackbronze", "uv": [ 2.5, 5.0, 3.5, 6.0 ], "autoUv": false }
													}
												},
												{
													"name": "flange4",
													"from": [ 0.0, -0.525, -0.75 ],
													"to": [ 1.05, 0.525, 0.75 ],
													"uv": [ 4.5, 3.0 ],
													"rotationOrigin": [ 0.525, 0.0, -0.075 ],
													"rotationZ": -45.0,
													"faces": {
														"north": { "texture": "#blackbronze", "uv": [ 12.0, 8.5, 13.0, 9.5 ], "autoUv": false },
														"east": { "texture": "#blackbronze", "uv": [ 8.5, 3.0, 10.5, 4.0 ], "autoUv": false },
														"south": { "texture": "#blackbronze", "uv": [ 4.5, 14.5, 5.5, 15.5 ], "autoUv": false },
														"up": { "texture": "#blackbronze", "uv": [ 10.0, 11.0, 11.0, 13.0 ], "autoUv": false }
													}
												}
											]
										},
										{
											"name": "flange5",
											"from": [ 0.0, 0.075, 0.0 ],
											"to": [ 2.25, 2.175, 2.25 ],
											"uv": [ 2.0, 2.5 ],
											"rotationOrigin": [ 1.125, 1.125, 1.125 ],
											"rotationY": -45.0,
											"faces": {
												"north": { "texture": "#blackbronze", "uv": [ 2.0, 11.5, 5.0, 14.0 ], "autoUv": false },
												"east": { "texture": "#blackbronze", "uv": [ 11.0, 9.0, 14.0, 11.5 ], "autoUv": false },
												"south": { "texture": "#blackbronze", "uv": [ 2.0, 6.0, 5.0, 8.5 ], "autoUv": false },
												"west": { "texture": "#blackbronze", "uv": [ 12.5, 4.0, 15.5, 6.5 ], "autoUv": false },
												"up": { "texture": "#blackbronze", "uv": [ 11.5, 10.0, 14.5, 13.0 ], "autoUv": false },
												"down": { "texture": "#blackbronze", "uv": [ 2.5, 2.5, 5.5, 5.5 ], "autoUv": false }
											}
										},
										{
											"name": "flange6",
											"from": [ 0.0, 0.0, 0.075 ],
											"to": [ 2.25, 2.25, 2.175 ],
											"uv": [ 0.0, 1.5 ],
											"rotationOrigin": [ 1.125, 1.125, 1.125 ],
											"rotationZ": -45.0,
											"faces": {
												"north": { "texture": "#blackbronze", "uv": [ 0.0, 4.5, 3.0, 7.5 ], "autoUv": false },
												"east": { "texture": "#blackbronze", "uv": [ 0.0, 4.0, 2.5, 7.0 ], "autoUv": false },
												"south": { "texture": "#blackbronze", "uv": [ 8.0, 1.5, 11.0, 4.5 ], "autoUv": false },
												"west": { "texture": "#blackbronze", "uv": [ 8.0, 1.5, 10.5, 4.5 ], "autoUv": false },
												"up": { "texture": "#blackbronze", "uv": [ 8.5, 6.5, 11.5, 9.0 ], "autoUv": false },
												"down": { "texture": "#blackbronze", "uv": [ 0.0, 13.0, 3.0, 15.5 ], "autoUv": false }
											}
										}
									]
								}
							]
						},
						{
							"name": "counterweight",
							"from": [ -0.75, -0.15, -0.1125 ],
							"to": [ 0.75, 1.275, 1.3125 ],
							"uv": [ 2.5, 0.0 ],
							"rotationOrigin": [ -0.75, 0.5625, 0.5625 ],
							"faces": {
								"north": { "texture": "#blackbronze", "uv": [ 3.5, 0.0, 5.5, 1.5 ], "autoUv": false },
								"east": { "texture": "#blackbronze", "uv": [ 2.5, 2.5, 4.0, 4.0 ], "autoUv": false },
								"south": { "texture": "#blackbronze", "uv": [ 8.0, 4.5, 10.0, 6.0 ], "autoUv": false },
								"west": { "texture": "#blackbronze", "uv": [ 12.0, 6.0, 13.5, 7.5 ], "autoUv": false },
								"up": { "texture": "#blackbronze", "uv": [ 3.5, 13.5, 5.5, 15.0 ], "autoUv": false },
								"down": { "texture": "#blackbronze", "uv": [ 10.5, 8.0, 12.5, 9.5 ], "autoUv": false }
							}
						}
					]
				}
			]
		}
	]}