{
	"editor": {
		"backDropShape": "entity/land/hooved/deer/elk/female",
		"collapsedPaths": ",Root/origin/handle",
		"allAngles": false,
		"entityTextureMode": true
	},
	"textureWidth": 16,
	"textureHeight": 16,
	"textureSizes": {
		"metal": [16,16],
		"wood": [16,16],
		"handle": [16,16],
		"blackbronze": [16,16]
	},
		"textures": {
		"plain": "game:block/leather/plain",
		"handle": "game:block/wood/debarked/acacia"
	},
	"elements": [
		{
			"name": "origin",
			"stepParentName": "RightFrontStorage",
			"from": [ 4.16, 9.6, -0.5 ],
			"to": [ 4.16, 9.6, -0.5 ],
			"uv": [ 999.0, 999.0 ],
			"rotationOrigin": [ 4.16, 9.0, -0.84 ],
			"rotationX": 90.0,
			"rotationY": -55.0,
			"rotationZ": 6.0,
			"faces": {
			},
			"children": [
				{
					"name": "handle",
					"from": [ -4.16, -0.26, -0.39 ],
					"to": [ -0.52, 0.26, 0.39 ],
					"uv": [ 3.5, 2.0 ],
					"rotationOrigin": [ -0.52, 0.0, 0.0 ],
					"faces": {
						"north": { "texture": "#handle", "uv": [ 3.5, 10.0, 10.5, 11.0 ], "autoUv": false },
						"south": { "texture": "#handle", "uv": [ 5.0, 5.0, 12.0, 6.0 ], "autoUv": false },
						"up": { "texture": "#handle", "uv": [ 6.5, 2.0, 13.5, 3.5 ], "autoUv": false },
						"down": { "texture": "#handle", "uv": [ 5.0, 7.5, 12.0, 9.0 ], "autoUv": false }
					},
					"children": [
						{
							"name": "hilt",
							"from": [ 3.64, -0.104, -0.65 ],
							"to": [ 4.16, 0.624, 1.43 ],
							"uv": [ 1.0, 1.0 ],
							"rotationOrigin": [ 4.16, 0.26, 0.39 ],
							"faces": {
								"north": { "texture": "#blackbronze", "uv": [ 1.0, 1.0, 2.0, 2.0 ], "autoUv": false },
								"east": { "texture": "#blackbronze", "uv": [ 10.5, 9.0, 14.5, 10.0 ], "autoUv": false },
								"south": { "texture": "#blackbronze", "uv": [ 9.5, 14.5, 10.5, 15.5 ], "autoUv": false },
								"west": { "texture": "#blackbronze", "uv": [ 10.5, 11.5, 14.5, 12.5 ], "autoUv": false },
								"up": { "texture": "#blackbronze", "uv": [ 10.5, 5.5, 14.5, 6.5 ], "rotation": 90, "autoUv": false },
								"down": { "texture": "#blackbronze", "uv": [ 6.5, 10.5, 10.5, 11.5 ], "rotation": 90, "autoUv": false }
							},
							"children": [
								{
									"name": "blademiddle1",
									"from": [ 0.52, 0.26, 0.78 ],
									"to": [ 2.84, 0.52, 1.3 ],
									"uv": [ 0.0, 1.0 ],
									"rotationOrigin": [ 0.52, 0.364, 1.04 ],
									"faces": {
										"north": { "texture": "#blackbronze", "uv": [ 0.0, 7.0, 16.0, 7.5 ], "autoUv": false },
										"east": { "texture": "#blackbronze", "uv": [ 4.5, 1.0, 5.5, 1.5 ], "autoUv": false },
										"south": { "texture": "#blackbronze", "uv": [ 0.0, 12.0, 16.0, 12.5 ], "autoUv": false },
										"up": { "texture": "#blackbronze", "uv": [ 0.0, 4.5, 16.0, 5.5 ], "autoUv": false },
										"down": { "texture": "#blackbronze", "uv": [ 0.0, 11.0, 16.0, 12.0 ], "autoUv": false }
									}
								},
								{
									"name": "hilt2",
									"from": [ 0.0, 0.052, 0.624 ],
									"to": [ 0.832, 0.676, 1.456 ],
									"uv": [ 1.0, 2.0 ],
									"rotationOrigin": [ 0.416, 0.364, 1.04 ],
									"rotationY": -45.0,
									"faces": {
										"north": { "texture": "#blackbronze", "uv": [ 4.5, 2.0, 6.0, 3.0 ], "autoUv": false },
										"east": { "texture": "#blackbronze", "uv": [ 11.5, 7.5, 13.0, 8.5 ], "autoUv": false },
										"south": { "texture": "#blackbronze", "uv": [ 9.5, 9.0, 11.0, 10.0 ], "autoUv": false },
										"west": { "texture": "#blackbronze", "uv": [ 1.0, 14.0, 2.5, 15.0 ], "autoUv": false },
										"up": { "texture": "#blackbronze", "uv": [ 9.0, 2.5, 10.5, 4.0 ], "autoUv": false },
										"down": { "texture": "#blackbronze", "uv": [ 10.5, 11.0, 12.0, 12.5 ], "autoUv": false }
									}
								},
								{
									"name": "quillon1N",
									"from": [ 0.0, 0.104, -1.04 ],
									"to": [ 0.52, 0.624, 0.0 ],
									"uv": [ 5.0, 5.0 ],
									"rotationOrigin": [ 0.0, 0.364, 0.0 ],
									"rotationY": -30.0,
									"faces": {
										"north": { "texture": "#blackbronze", "uv": [ 5.0, 14.0, 6.0, 15.0 ], "autoUv": false },
										"east": { "texture": "#blackbronze", "uv": [ 9.5, 6.5, 11.5, 7.5 ], "autoUv": false },
										"west": { "texture": "#blackbronze", "uv": [ 8.5, 10.5, 10.5, 11.5 ], "autoUv": false },
										"up": { "texture": "#blackbronze", "uv": [ 10.0, 5.0, 11.0, 7.0 ], "autoUv": false },
										"down": { "texture": "#blackbronze", "uv": [ 10.0, 5.5, 11.0, 7.5 ], "autoUv": false }
									},
									"children": [
										{
											"name": "quillon2N",
											"from": [ 0.0, 0.0052, -1.04 ],
											"to": [ 0.52, 0.5252, 0.0 ],
											"uv": [ 2.0, 1.5 ],
											"rotationOrigin": [ 0.0, 0.26, 0.0 ],
											"rotationY": -22.5,
											"faces": {
												"north": { "texture": "#blackbronze", "uv": [ 13.0, 12.5, 14.0, 13.5 ], "autoUv": false },
												"east": { "texture": "#blackbronze", "uv": [ 8.0, 1.5, 10.0, 2.5 ], "autoUv": false },
												"west": { "texture": "#blackbronze", "uv": [ 9.0, 5.5, 11.0, 6.5 ], "autoUv": false },
												"up": { "texture": "#blackbronze", "uv": [ 2.0, 7.5, 3.0, 9.5 ], "autoUv": false },
												"down": { "texture": "#blackbronze", "uv": [ 3.5, 4.0, 4.5, 6.0 ], "autoUv": false }
											}
										}
									]
								},
								{
									"name": "quillon1S",
									"from": [ 0.0, 0.104, 2.08 ],
									"to": [ 0.52, 0.624, 3.12 ],
									"uv": [ 0.5, 1.5 ],
									"rotationOrigin": [ 0.0, 0.364, 2.08 ],
									"rotationY": 30.0,
									"faces": {
										"east": { "texture": "#blackbronze", "uv": [ 1.0, 6.5, 3.0, 7.5 ], "autoUv": false },
										"south": { "texture": "#blackbronze", "uv": [ 9.5, 11.5, 10.5, 12.5 ], "autoUv": false },
										"west": { "texture": "#blackbronze", "uv": [ 0.5, 7.5, 2.5, 8.5 ], "autoUv": false },
										"up": { "texture": "#blackbronze", "uv": [ 1.0, 1.5, 2.0, 3.5 ], "autoUv": false },
										"down": { "texture": "#blackbronze", "uv": [ 10.0, 9.0, 11.0, 11.0 ], "autoUv": false }
									},
									"children": [
										{
											"name": "quillon2S",
											"from": [ 0.0, 0.0052, 1.04 ],
											"to": [ 0.52, 0.5252, 2.08 ],
											"uv": [ 3.0, 3.0 ],
											"rotationOrigin": [ 0.0, 0.26, 1.04 ],
											"rotationY": 22.5,
											"faces": {
												"north": { "texture": "#blackbronze", "uv": [ 11.5, 3.0, 12.5, 4.0 ], "autoUv": false },
												"east": { "texture": "#blackbronze", "uv": [ 3.5, 12.0, 5.5, 13.0 ], "autoUv": false },
												"south": { "texture": "#blackbronze", "uv": [ 3.0, 9.5, 4.0, 10.5 ], "autoUv": false },
												"west": { "texture": "#blackbronze", "uv": [ 4.5, 3.0, 6.5, 4.0 ], "autoUv": false },
												"up": { "texture": "#blackbronze", "uv": [ 3.0, 11.5, 4.0, 13.5 ], "autoUv": false },
												"down": { "texture": "#blackbronze", "uv": [ 4.5, 13.5, 5.5, 15.5 ], "autoUv": false }
											}
										}
									]
								},
								{
									"name": "blade1",
									"from": [ 0.52, 0.312, 0.26 ],
									"to": [ 2.8, 0.416, 1.82 ],
									"uv": [ 0.0, 3.5 ],
									"rotationOrigin": [ 0.52, 0.364, 1.04 ],
									"faces": {
										"north": { "texture": "#blackbronze", "uv": [ 1.0, 7.5, 15.0, 8.0 ], "autoUv": false },
										"east": { "texture": "#blackbronze", "uv": [ 2.0, 6.5, 5.0, 7.0 ], "autoUv": false },
										"south": { "texture": "#blackbronze", "uv": [ 0.0, 4.0, 14.0, 4.5 ], "autoUv": false },
										"up": { "texture": "#blackbronze", "uv": [ 0.5, 3.5, 14.5, 6.5 ], "autoUv": false },
										"down": { "texture": "#blackbronze", "uv": [ 0.0, 4.5, 14.0, 7.5 ], "autoUv": false }
									}
								},
								{
									"name": "stone2",
									"from": [ 0.156, -0.052, 0.806 ],
									"to": [ 0.676, 0.78, 1.326 ],
									"uv": [ 0.0, 0.0 ],
									"rotationOrigin": [ 0.416, 0.0, 1.066 ],
									"rotationY": -45.0,
									"faces": {
										"north": { "texture": "#rubble", "uv": [ 4.0, 1.0, 5.0, 2.5 ], "autoUv": false },
										"east": { "texture": "#rubble", "uv": [ 14.0, 8.5, 15.0, 10.0 ], "autoUv": false },
										"south": { "texture": "#rubble", "uv": [ 3.5, 7.5, 4.5, 9.0 ], "autoUv": false },
										"west": { "texture": "#rubble", "uv": [ 12.5, 2.0, 13.5, 3.5 ], "autoUv": false },
										"up": { "texture": "#rubble", "uv": [ 7.5, 0.0, 8.5, 1.0 ], "autoUv": false },
										"down": { "texture": "#rubble", "uv": [ 0.0, 13.5, 1.0, 14.5 ], "autoUv": false }
									}
								}
							]
						},
						{
							"name": "pommel1",
							"from": [ -1.04, -0.13, -0.13 ],
							"to": [ 0.0, 0.598, 0.91 ],
							"uv": [ 0.0, 1.0 ],
							"rotationOrigin": [ -0.52, 0.364, 0.364 ],
							"faces": {
								"north": { "texture": "#blackbronze", "uv": [ 2.5, 8.0, 4.5, 9.0 ], "autoUv": false },
								"east": { "texture": "#blackbronze", "uv": [ 0.0, 7.5, 2.0, 8.5 ], "autoUv": false },
								"south": { "texture": "#blackbronze", "uv": [ 2.0, 1.0, 4.0, 2.0 ], "autoUv": false },
								"west": { "texture": "#blackbronze", "uv": [ 10.0, 11.0, 12.0, 12.0 ], "autoUv": false },
								"up": { "texture": "#blackbronze", "uv": [ 10.5, 12.0, 12.5, 14.0 ], "autoUv": false },
								"down": { "texture": "#blackbronze", "uv": [ 11.0, 7.5, 13.0, 9.5 ], "autoUv": false }
							},
							"children": [
								{
									"name": "pommel2",
									"from": [ 0.0, 0.052, 0.0 ],
									"to": [ 1.04, 0.676, 1.04 ],
									"uv": [ 0.5, 6.0 ],
									"rotationOrigin": [ 0.52, 0.52, 0.52 ],
									"rotationY": -45.0,
									"faces": {
										"north": { "texture": "#blackbronze", "uv": [ 0.5, 14.5, 2.5, 15.5 ], "autoUv": false },
										"east": { "texture": "#blackbronze", "uv": [ 5.5, 11.5, 7.5, 12.5 ], "autoUv": false },
										"south": { "texture": "#blackbronze", "uv": [ 10.5, 10.5, 12.5, 11.5 ], "autoUv": false },
										"west": { "texture": "#blackbronze", "uv": [ 12.0, 10.0, 14.0, 11.0 ], "autoUv": false },
										"up": { "texture": "#blackbronze", "uv": [ 9.5, 6.0, 11.5, 8.0 ], "autoUv": false },
										"down": { "texture": "#blackbronze", "uv": [ 6.0, 10.0, 8.0, 12.0 ], "autoUv": false }
									}
								},
								{
									"name": "stone1",
									"from": [ 0.26, -0.052, 0.26 ],
									"to": [ 0.78, 0.78, 0.78 ],
									"uv": [ 1.5, 1.5 ],
									"rotationOrigin": [ 0.52, 0.416, 0.52 ],
									"faces": {
										"north": { "texture": "#rubble", "uv": [ 7.0, 1.5, 8.0, 3.0 ], "autoUv": false },
										"east": { "texture": "#rubble", "uv": [ 6.0, 7.5, 7.0, 9.0 ], "autoUv": false },
										"south": { "texture": "#rubble", "uv": [ 3.5, 6.0, 4.5, 7.5 ], "autoUv": false },
										"west": { "texture": "#rubble", "uv": [ 11.0, 13.5, 12.0, 15.0 ], "autoUv": false },
										"up": { "texture": "#rubble", "uv": [ 3.0, 11.5, 4.0, 12.5 ], "autoUv": false },
										"down": { "texture": "#rubble", "uv": [ 1.5, 13.5, 2.5, 14.5 ], "autoUv": false }
									}
								}
							]
						}
					]
				},
				{
					"name": "blade1",
					"from": [ 0.0317, 0.2752, -0.9 ],
					"to": [ 5.0317, 0.838, 0.78 ],
					"autoUnwrap": false,
					"uv": [ 0.0, 6.0 ],
					"rotationOrigin": [ 0.4539, 0.2755, -0.0315 ],
					"rotationX": -180.0,
					"rotationY": 0.0,
					"rotationZ": 0.0,
					"faces": {
						"north": { "texture": "#plain", "uv": [ 5.0, 6.0, 30.5, 7.0 ], "autoUv": false },
						"east": { "texture": "#plain", "uv": [ 2.5, 11.0, 4.5, 12.0 ], "autoUv": false },
						"south": { "texture": "#plain", "uv": [ 1.0, 1.5, 26.5, 2.5 ], "autoUv": false },
						"up": { "texture": "#plain", "uv": [ 5.0, 0.5, 30.5, 2.5 ], "autoUv": false },
						"down": { "texture": "#plain", "uv": [ 3.0, 6.0, 28.5, 8.0 ], "autoUv": false }
					},
					"children": [
						{
							"name": "Cube2",
							"from": [ 15.48, -0.02, 0.3 ],
							"to": [ 16.25, 0.58, 1.07 ],
							"uv": [ 5.5, 3.5 ],
							"rotationOrigin": [ 15.5, 0.0, 0.3 ],
							"rotationY": -45.0,
							"faces": {
								"north": { "texture": "#plain", "uv": [ 5.5, 5.0, 7.0, 6.0 ], "autoUv": false },
								"east": { "texture": "#plain", "uv": [ 7.0, 5.0, 8.5, 6.0 ], "autoUv": false },
								"south": { "texture": "#plain", "uv": [ 8.5, 5.0, 10.0, 6.0 ], "autoUv": false },
								"west": { "texture": "#plain", "uv": [ 10.0, 5.0, 11.5, 6.0 ], "autoUv": false },
								"up": { "texture": "#plain", "uv": [ 5.5, 0.5, 7.0, 2.0 ], "autoUv": false },
								"down": { "texture": "#plain", "uv": [ 5.5, 3.5, 7.0, 5.0 ], "autoUv": false }
							}
						},
						{
							"name": "Cube3",
							"from": [ 1.8, 0.13, 1.13 ],
							"to": [ 2.65, 0.38, 3.1001 ],
							"uv": [ 0.0, 0.0 ],
							"rotationOrigin": [ 1.8443, 0.394, 1.1258 ],
							"rotationX": 13.0,
							"faces": {
								"north": { "texture": "#plain", "uv": [ 0.0, 3.5, 1.0, 4.0 ], "autoUv": false },
								"east": { "texture": "#plain", "uv": [ 1.0, 3.5, 4.5, 4.0 ], "autoUv": false },
								"south": { "texture": "#plain", "uv": [ 4.5, 3.5, 5.5, 4.0 ], "autoUv": false },
								"west": { "texture": "#plain", "uv": [ 5.5, 3.5, 9.0, 4.0 ], "autoUv": false },
								"up": { "texture": "#plain", "uv": [ 0.0, 0.0, 1.0, 3.5 ], "autoUv": false },
								"down": { "texture": "#plain", "uv": [ 1.0, 0.0, 2.0, 3.5 ], "autoUv": false }
							}
						},
						{
							"name": "blade2",
							"from": [ 4.9549, 0.0103, 0.0 ],
							"to": [ 15.4549, 0.5603, 0.75 ],
							"autoUnwrap": false,
							"uv": [ 0.0, 6.0 ],
							"rotationOrigin": [ 4.9549, -0.0097, 0.7686 ],
							"rotationX": 0.0,
							"rotationY": -1.5,
							"rotationZ": 0.0,
							"faces": {
								"north": { "texture": "#plain", "uv": [ 5.0, 6.0, 30.5, 7.0 ], "autoUv": false },
								"east": { "texture": "#plain", "uv": [ 2.5, 11.0, 4.5, 12.0 ], "autoUv": false },
								"south": { "texture": "#plain", "uv": [ 1.0, 1.5, 26.5, 2.5 ], "autoUv": false },
								"up": { "texture": "#plain", "uv": [ 5.0, 0.5, 30.5, 2.5 ], "autoUv": false },
								"down": { "texture": "#plain", "uv": [ 3.0, 6.0, 28.5, 8.0 ], "autoUv": false }
							}
						},
						{
							"name": "blade3",
							"from": [ 4.9549, 0.0103, 0.68 ],
							"to": [ 15.4549, 0.5603, 1.67 ],
							"autoUnwrap": false,
							"uv": [ 0.0, 6.0 ],
							"rotationOrigin": [ 4.9549, -0.0197, 0.7686 ],
							"rotationX": 0.0,
							"rotationY": 1.5,
							"rotationZ": 0.0,
							"faces": {
								"north": { "texture": "#plain", "uv": [ 5.0, 6.0, 30.5, 7.0 ], "autoUv": false },
								"east": { "texture": "#plain", "uv": [ 2.5, 11.0, 4.5, 12.0 ], "autoUv": false },
								"south": { "texture": "#plain", "uv": [ 1.0, 1.5, 26.5, 2.5 ], "autoUv": false },
								"up": { "texture": "#plain", "uv": [ 5.0, 0.5, 30.5, 2.5 ], "autoUv": false },
								"down": { "texture": "#plain", "uv": [ 3.0, 6.0, 28.5, 8.0 ], "autoUv": false }
							}
						},
						{
							"name": "blade4",
							"from": [ 0.0, -0.0103, 0.37 ],
							"to": [ 15.5, 0.5697, 1.22 ],
							"autoUnwrap": false,
							"uv": [ 0.0, 6.0 ],
							"rotationOrigin": [ 0.4222, 0.0, 0.7686 ],
							"rotationX": 0.0,
							"rotationY": 0.0,
							"rotationZ": 0.0,
							"faces": {
								"north": { "texture": "#plain", "uv": [ 5.0, 6.0, 30.5, 7.0 ], "autoUv": false },
								"east": { "texture": "#plain", "uv": [ 2.5, 11.0, 4.5, 12.0 ], "autoUv": false },
								"south": { "texture": "#plain", "uv": [ 1.0, 1.5, 26.5, 2.5 ], "autoUv": false },
								"up": { "texture": "#plain", "uv": [ 5.0, 0.5, 30.5, 2.5 ], "autoUv": false },
								"down": { "texture": "#plain", "uv": [ 3.0, 6.0, 28.5, 8.0 ], "autoUv": false }
							}
						}
					]
				}
			]
		}
	]}