[
  {
    "file": "game:recipes/cooking/meatystew",
    "side": "server",
    "op": "add",
    "path": "/ingredients/5/validStacks/-",
    "value": {
      "type": "item",
      "code": "floralzonesmediterraneanregion:pickledvegetable-capparisspinosa",
      "shapeElement": "bowl/vegetable 1/*"
    }
  },
  {
    "file": "game:recipes/cooking/meatystew",
    "side": "server",
    "op": "add",
    "path": "/ingredients/6/validStacks/-",
    "value": {
      "type": "item",
      "code": "floralzonesmediterraneanregion:pickledvegetable-capparisspinosa",
      "shapeElement": "bowl/vegetable 2/*"
    }
  },
  {
    "file": "game:recipes/cooking/porridge",
    "side": "server",
    "op": "add",
    "path": "/ingredients/3/validStacks/-",
    "value": {
      "type": "item",
      "code": "floralzonesmediterraneanregion:pickledvegetable-capparisspinosa",
      "shapeElement": "bowl/vegetable 1/*"
    }
  },
  {
    "file": "game:recipes/cooking/porridge",
    "side": "server",
    "op": "add",
    "path": "/ingredients/4/validStacks/-",
    "value": {
      "type": "item",
      "code": "floralzonesmediterraneanregion:pickledvegetable-capparisspinosa",
      "shapeElement": "bowl/vegetable 2/*"
    }
  },
  {
    "file": "game:recipes/cooking/scrambledeggs",
    "side": "server",
    "op": "add",
    "path": "/ingredients/3/validStacks/-",
    "value": {
      "type": "item",
      "code": "floralzonesmediterraneanregion:pickledvegetable-capparisspinosa",
      "shapeElement": "bowl/vegetable 1/*"
    }
  },
  {
    "file": "game:recipes/cooking/scrambledeggs",
    "side": "server",
    "op": "add",
    "path": "/ingredients/4/validStacks/-",
    "value": {
      "type": "item",
      "code": "floralzonesmediterraneanregion:pickledvegetable-capparisspinosa",
      "shapeElement": "bowl/vegetable 2/*"
    }
  },
  {
    "file": "game:recipes/cooking/soup",
    "side": "server",
    "op": "add",
    "path": "/ingredients/1/validStacks/-",
    "value": {
      "type": "item",
      "code": "floralzonesmediterraneanregion:pickledvegetable-capparisspinosa",
      "shapeElement": "bowl/vegetable base 1/*"
    }
  },
  {
    "file": "game:recipes/cooking/soup",
    "side": "server",
    "op": "add",
    "path": "/ingredients/2/validStacks/-",
    "value": {
      "type": "item",
      "code": "floralzonesmediterraneanregion:pickledvegetable-capparisspinosa",
      "shapeElement": "bowl/vegetable base 2/*"
    }
  },
  {
    "file": "game:recipes/cooking/soup",
    "side": "server",
    "op": "add",
    "path": "/ingredients/3/validStacks/-",
    "value": {
      "type": "item",
      "code": "floralzonesmediterraneanregion:pickledvegetable-capparisspinosa",
      "shapeElement": "bowl/vegetable base 3/*"
    }
  },
  {
    "file": "game:recipes/cooking/vegetablestew",
    "side": "server",
    "op": "add",
    "path": "/ingredients/0/validStacks/-",
    "value": {
      "type": "item",
      "code": "floralzonesmediterraneanregion:pickledvegetable-capparisspinosa",
      "shapeElement": "bowl/vegetable 1/*"
    }
  },
  {
    "file": "game:recipes/cooking/vegetablestew",
    "side": "server",
    "op": "add",
    "path": "/ingredients/1/validStacks/-",
    "value": {
      "type": "item",
      "code": "floralzonesmediterraneanregion:pickledvegetable-capparisspinosa",
      "shapeElement": "bowl/vegetable 2/*"
    }
  },
  {
    "file": "game:recipes/cooking/vegetablestew",
    "side": "server",
    "op": "add",
    "path": "/ingredients/2/validStacks/-",
    "value": {
      "type": "item",
      "code": "floralzonesmediterraneanregion:pickledvegetable-capparisspinosa",
      "shapeElement": "bowl/vegetable 3/*"
    }
  },
  {
    "file": "game:recipes/cooking/vegetablestew",
    "side": "server",
    "op": "add",
    "path": "/ingredients/3/validStacks/-",
    "value": {
      "type": "item",
      "code": "floralzonesmediterraneanregion:pickledvegetable-capparisspinosa",
      "shapeElement": "bowl/vegetable 4/*"
    }
  },
  {
    "file": "game:blocktypes/clay/fired/pot",
    "side": "server",
    "op": "add",
    "path": "/attributesByType/claypot-blue-cooked/textureMapping/pickledvegetable-capparisspinosa",
    "value": [ "vegetable", "group17" ]
  }
]
