[
    {
        "code": "dye-lavender",
        "sealHours": 8,
        "ingredients": [
            {
                "type": "item",
                "code": "game:dye-purple",
                "litres": 2
            },
            {
                "type": "item",
                "code": "game:powder-borax",
                "quantity": 1
            }
        ],
        "output": {
            "type": "item",
            "code": "dye-lavender",
            "litres": 2
        }
    }
]