[
    {
        "code": "dye-teal",
        "sealHours": 8,
        "ingredients": [
            {
                "type": "item",
                "code": "game:dye-woad",
                "litres": 1
            },
            {
                "type": "item",
                "code": "game:drygrass",
                "quantity": 1
            }
        ],
        "output": {
            "type": "item",
            "code": "dye-teal",
            "litres": 1
        }
    },
    {
        "code": "dye-teal",
        "sealHours": 8,
        "ingredients": [
            {
                "type": "item",
                "code": "game:dye-woad",
                "litres": 1
            },
            {
                "type": "block",
                "code": "game:flower-lilyofthevalley-free",
                "quantity": 1
            }
        ],
        "output": {
            "type": "item",
            "code": "dye-teal",
            "litres": 1
        }
    },
    {
        "code": "dye-teal",
        "sealHours": 8,
        "ingredients": [
            {
                "type": "item",
                "code": "game:dye-blue",
                "litres": 1
            },
            {
                "type": "item",
                "code": "game:drygrass",
                "quantity": 1
            }
        ],
        "output": {
            "type": "item",
            "code": "dye-teal",
            "litres": 1
        }
    },
    {
        "code": "dye-teal",
        "sealHours": 8,
        "ingredients": [
            {
                "type": "item",
                "code": "game:dye-blue",
                "litres": 1
            },
            {
                "type": "block",
                "code": "game:flower-lilyofthevalley-free",
                "quantity": 1
            }
        ],
        "output": {
            "type": "item",
            "code": "dye-teal",
            "litres": 1
        }
    }
]