{
	"editor": {
		"collapsedPaths": "Root/origin",
		"allAngles": false,
		"entityTextureMode": false
	},
	"textureWidth": 32,
	"textureHeight": 32,
	"textureSizes": {
		"leaves": [32,32],
		"flower": [32,32],
		"stem": [32,32]
	},
	"textures": {
	},
	"elements": [
		{
			"name": "stemorigin",
			"from": [ 0.0, 0.0, 0.0 ],
			"to": [ 0.0, 0.0, 0.0 ],
			"rotationOrigin": [ 8.0, 0.0, 8.0 ],
			"faces": {
			}
		},
		{
			"name": "flower origin",
			"from": [ 8.0, 0.0, 8.0 ],
			"to": [ 8.0, 0.0, 8.0 ],
			"rotationOrigin": [ 8.0, 0.0, 8.0 ],
			"faces": {
			},
			"children": [
				{
					"name": "Flowerclump1",
					"from": [ 0.0, 0.0, 0.0 ],
					"to": [ 0.0, 0.0, 0.0 ],
					"rotationOrigin": [ 0.0, 16.0, 0.0 ],
					"faces": {
					},
					"children": [
						{
							"name": "leavesa",
							"from": [ -16.0, 0.0, 0.0 ],
							"to": [ 16.0, 32.0, 0.0 ],
							"shade": false,
							"renderPass": 1,
							"faces": {
								"north": { "texture": "#flower", "uv": [ 0.0, 0.0, 32.0, 32.0 ], "windMode": [9,9,9,9], "windData": [1,3,3,1] }
							}
						},
						{
							"name": "leavesb",
							"from": [ -16.0, 0.0, 0.0 ],
							"to": [ 16.0, 32.0, 0.0 ],
							"shade": false,
							"renderPass": 1,
							"rotationOrigin": [ 0.0, 0.0, 0.0 ],
							"rotationX": -180.0,
							"rotationY": 60.0,
							"rotationZ": -180.0,
							"faces": {
								"north": { "texture": "#flower", "uv": [ 0.0, 0.0, 32.0, 32.0 ], "windMode": [9,9,9,9], "windData": [1,3,3,1] }
							}
						},
						{
							"name": "leavesc",
							"from": [ -16.0, 0.0, 0.0 ],
							"to": [ 16.0, 32.0, 0.0 ],
							"shade": false,
							"renderPass": 1,
							"rotationOrigin": [ 0.0, 0.0, 0.0 ],
							"rotationX": -180.0,
							"rotationY": -60.0,
							"rotationZ": -180.0,
							"faces": {
								"north": { "texture": "#flower", "uv": [ 0.0, 0.0, 32.0, 32.0 ], "windMode": [9,9,9,9], "windData": [1,3,3,1] }
							}
						}
					]
				},
				{
					"name": "Flowerclump2",
					"from": [ 14.0, 0.0, 0.0 ],
					"to": [ 14.0, 0.0, 0.0 ],
					"rotationOrigin": [ 14.0, 0.0, 0.0 ],
					"rotationY": 5.0,
					"rotationZ": -15.0,
					"faces": {
					},
					"children": [
						{
							"name": "leavesa2",
							"from": [ -16.0, 0.0, 0.0 ],
							"to": [ 16.0, 32.0, 0.0 ],
							"shade": false,
							"renderPass": 1,
							"faces": {
								"north": { "texture": "#flower", "uv": [ 0.0, 0.0, 32.0, 32.0 ], "windMode": [9,9,9,9], "windData": [1,3,2,0] }
							}
						},
						{
							"name": "leavesb2",
							"from": [ -16.0, 0.0, 0.0 ],
							"to": [ 16.0, 32.0, 0.0 ],
							"shade": false,
							"renderPass": 1,
							"rotationOrigin": [ 0.0, 0.0, 0.0 ],
							"rotationX": -180.0,
							"rotationY": 60.0,
							"rotationZ": -180.0,
							"faces": {
								"north": { "texture": "#flower", "uv": [ 0.0, 0.0, 32.0, 32.0 ], "windMode": [9,9,9,9], "windData": [0,2,2,0] }
							}
						},
						{
							"name": "leavesc2",
							"from": [ -16.0, 0.0, 0.0 ],
							"to": [ 16.0, 32.0, 0.0 ],
							"shade": false,
							"renderPass": 1,
							"rotationOrigin": [ 0.0, 0.0, 0.0 ],
							"rotationX": -180.0,
							"rotationY": -60.0,
							"rotationZ": -180.0,
							"faces": {
								"north": { "texture": "#flower", "uv": [ 0.0, 0.0, 32.0, 32.0 ], "windMode": [9,9,9,9], "windData": [0,2,2,0] }
							}
						}
					]
				},
				{
					"name": "Flowerclump3",
					"from": [ -12.0, 0.0, 0.0 ],
					"to": [ -12.0, 0.0, 0.0 ],
					"rotationOrigin": [ -12.0, 0.0, 0.0 ],
					"rotationY": -5.0,
					"rotationZ": 15.0,
					"faces": {
					},
					"children": [
						{
							"name": "leavesa3",
							"from": [ -16.0, 0.0, 0.0 ],
							"to": [ 16.0, 32.0, 0.0 ],
							"shade": false,
							"renderPass": 1,
							"faces": {
								"north": { "texture": "#flower", "uv": [ 0.0, 0.0, 32.0, 32.0 ], "windMode": [9,9,9,9], "windData": [0,2,3,1] }
							}
						},
						{
							"name": "leavesb3",
							"from": [ -16.0, 0.0, 0.0 ],
							"to": [ 16.0, 32.0, 0.0 ],
							"shade": false,
							"renderPass": 1,
							"rotationOrigin": [ 0.0, 0.0, 0.0 ],
							"rotationX": -180.0,
							"rotationY": 60.0,
							"rotationZ": -180.0,
							"faces": {
								"north": { "texture": "#flower", "uv": [ 0.0, 0.0, 32.0, 32.0 ], "windMode": [9,9,9,9], "windData": [0,2,2,0] }
							}
						},
						{
							"name": "leavesc3",
							"from": [ -16.0, 0.0, 0.0 ],
							"to": [ 16.0, 32.0, 0.0 ],
							"shade": false,
							"renderPass": 1,
							"rotationOrigin": [ 0.0, 0.0, 0.0 ],
							"rotationX": -180.0,
							"rotationY": -60.0,
							"rotationZ": -180.0,
							"faces": {
								"north": { "texture": "#flower", "uv": [ 0.0, 0.0, 32.0, 32.0 ], "windMode": [9,9,9,9], "windData": [0,2,2,0] }
							}
						}
					]
				}
			]
		}
	]}