{
	"editor": {
		"allAngles": false,
		"entityTextureMode": false
	},
	"textureWidth": 20,
	"textureHeight": 20,
	"textureSizes": {
		"flower": [20,20]
	},
	"textures": {
	},
	"elements": [
		{
			"name": "origin",
			"from": [ 0.0, 0.0, 0.0 ],
			"to": [ 0.0, 0.0, 0.0 ],
			"rotationOrigin": [ 8.0, 0.0, 8.0 ],
			"faces": {
			},
			"children": [
				{
					"name": "North",
					"from": [ -2.0, 0.0, 8.0 ],
					"to": [ 18.0, 20.0, 8.0 ],
					"shade": false,
					"renderPass": 1,
					"rotationOrigin": [ 8.0, 0.0, 8.0 ],
					"rotationY": 135.0,
					"faces": {
						"north": { "texture": "#flower", "uv": [ 0.0, 0.0, 20.0, 20.0 ], "windMode": [0,2,2,0], "windData": [0,1,1,0] }
					}
				},
				{
					"name": "South",
					"from": [ -2.0, 0.0, 8.0 ],
					"to": [ 18.0, 20.0, 8.0 ],
					"shade": false,
					"renderPass": 1,
					"rotationOrigin": [ 8.0, 0.0, 8.0 ],
					"rotationY": 45.0,
					"faces": {
						"south": { "texture": "#flower", "uv": [ 0.0, 0.0, 20.0, 20.0 ], "windMode": [0,0,2,2], "windData": [0,0,1,1] }
					}
				},
				{
					"name": "face1",
					"from": [ -2.0, 0.0, 8.0 ],
					"to": [ 18.0, 20.0, 8.0 ],
					"shade": false,
					"renderPass": 1,
					"rotationOrigin": [ 8.0, 0.0, 8.0 ],
					"rotationY": -75.0,
					"faces": {
						"north": { "texture": "#flower", "uv": [ 0.0, 0.0, 20.0, 20.0 ], "windMode": [0,2,2,0], "windData": [0,1,1,0] }
					}
				},
				{
					"name": "face2",
					"from": [ -2.0, 0.0, 8.0 ],
					"to": [ 18.0, 20.0, 8.0 ],
					"shade": false,
					"renderPass": 2,
					"rotationOrigin": [ 8.0, 0.0, 8.0 ],
					"faces": {
						"north": { "texture": "#flower", "uv": [ 0.0, 0.0, 20.0, 20.0 ], "windMode": [0,2,2,0], "windData": [0,1,1,0] }
					}
				},
				{
					"name": "face5",
					"from": [ -2.0, 0.0, 8.0 ],
					"to": [ 18.0, 20.0, 8.0 ],
					"shade": false,
					"renderPass": 2,
					"rotationOrigin": [ 8.0, 0.0, 8.0 ],
					"rotationX": 90.0,
					"rotationY": -67.5,
					"rotationZ": 90.0,
					"faces": {
						"north": { "texture": "#flower", "uv": [ 0.0, 0.0, 20.0, 20.0 ], "windMode": [0,2,2,0], "windData": [0,1,1,0] }
					}
				},
				{
					"name": "face6",
					"from": [ -2.0, 0.0, 8.0 ],
					"to": [ 18.0, 20.0, 8.0 ],
					"shade": false,
					"renderPass": 2,
					"rotationOrigin": [ 8.0, 0.0, 8.0 ],
					"rotationX": -90.0,
					"rotationY": -67.5,
					"rotationZ": -90.0,
					"faces": {
						"north": { "texture": "#flower", "uv": [ 0.0, 0.0, 20.0, 20.0 ], "windMode": [0,2,2,0], "windData": [0,1,1,0] }
					}
				},
				{
					"name": "face7",
					"from": [ -2.0, 0.0, 8.0 ],
					"to": [ 18.0, 20.0, 8.0 ],
					"shade": false,
					"renderPass": 2,
					"rotationOrigin": [ 8.0, 0.0, 8.0 ],
					"rotationX": -45.0,
					"rotationY": 22.5,
					"rotationZ": 22.5,
					"faces": {
						"north": { "texture": "#flower", "uv": [ 0.0, 0.0, 20.0, 20.0 ], "windMode": [0,2,2,0], "windData": [0,1,1,0] }
					}
				}
			]
		}
	]}