﻿{
	code: "arrow",
	class: "ItemArrow",
	variantgroups: [
		{ code: "material", states: ["temporalit"] },
	],
	maxstacksize: 64,
	storageFlags: 513,
	behaviors: [{
		name: "GroundStorable"
		}],
	shapeByType: { 
		"*": { base: "game:item/tool/arrow-copper" }
	},
	texturesByType: {
		"*": {
			"material": { base: "game:block/metal/ingot/{material}" }
		}
	},
	creativeinventory: { "general": ["*"], "items": ["*"], "tools": ["*"],"expantion": ["*"] },
	guiTransform: {
		rotation: { x: -23, y: -45, z: -145 },
		origin: { x: 0.7, y: -0.45, z: 0 },
		scale: 1.44
	},
	fpHandTransform: {
		translation: { x: 0.35, y: 0, z: 0 },
		rotation: { x: 87, y: 90, z: -30 },
		scale: 1.14
	},
	tpHandTransform: {
		translation: { x: -1.05, y: -0.4599, z: -0.87 },
		rotation: { x: 0, y: 2, z: 3 },
		scale: 0.55
	},
	groundTransform: {
		translation: { x: 0, y: 0, z: 0 },
		rotation: { x: 0, y: 0, z: 0 },
		origin: { x: 0.5, y: -0.03, z: 0.5 },
		scale: 2.64
	},
	attributes: {
		groundStorageTransform: {
			rotation: { x: 0, y: -49, z: 0 }
		},
		arrowEntityCodeByType: {
			"*": "arrow-{material}"
		},
		damageByType: {
			"arrow-temporalit": 13
		},
		breakChanceOnImpactByType: {
			"arrow-temporalit": 0.03
		},
		handbook: {
			groupBy: ["arrow-*"]
		}
	}
}