{
	code: "axe",
	damagedby: ["blockbreaking", "attacking"],
	tool: "axe",
	class: "ItemAxe",
	attributes: {
		heldItemPitchFollow: 0.9,
		handbook: {
			groupBy: ["axe-*"]
		},
		toolrackTransformByType: {
			"*": {
				rotation: { y: 1, z: -1 },
				translation: { x: -0.3, y: 0.6 },
				scale: 1.25,
			}
		},
		groundStorageTransformByType: {
			"*": {
				translation: { x: 0, y: 0.19, z: -0.125 },
				rotation: { x: 26, y: 88, z: -87 },
				scale: 0.88
			}
		}
	},
	behaviors: [{ 
		name: "GroundStorable",
		properties: {
			layout: 'WallHalves',
			wallOffYByType: {
				"*": 1
			},
			sprintKey: true,
			selectionBox: { x1: 0, y1: 0, z1: 0, x2: 1, y2: 0.1, z2: 1 },
			collisionBox: { x1: 0, y1: 0, z1: 0, x2: 0, y2: 0, z2: 0 },
		}
	}, { name: "AnimationAuthoritative", properties: { onlyOnEntity: true } }],
	variantgroups: [
		{ code: "type", states: ["felling"] },
		{ code: "material", states: ["temporalit"] }
	],
	allowedVariants: [
		"axe-felling-temporalit"
	],
	shapeByType: {
		"axe-felling-temporalit": { "base": "item/tool/axe/iron" }
	},

	heldRightReadyAnimationByType: {
		"axe-felling-*": "axeready"
	},
	heldTpHitAnimationByType: {
		"axe-felling-*": "axechop"
	},
	texturesByType: {
		"axe-felling-*": {
			"material": { base: "block/metal/ingot/{material}" }
		}
	},
	attackRange: 2,
	tooltierbytype: {
		"*-temporalit": 6
	},
	miningspeedbytype: {
		"axe-felling-temporalit": {
			"wood": 13,
			"plant": 7,
			"leaves": 5
		}
	},
	durabilitybytype: {
		"axe-felling-temporalit": 2220
	},
	attackpowerbytype: {
		"axe-felling-temporalit": 5
	},
	creativeinventory: { "general": ["*"], "items": ["*"], "tools": ["*"], "expantion": ["*"] },

	fpHandTransform: {
		translation: { x: -0.3, y: -0.5, z: 0.3 },
		rotation: { x: -29, y: 1, z: 88 },
		origin: { x: 0.2, y: 0.5, z: 0.5 },
		scale: 2.5
	},
	guiTransformByType: {
		"*": {
			translation: { x: 0, y: 0, z: 0 },
			rotation: { x: -63, y: -123, z: -180 },
			origin: { x: 0.61, y: 0, z: 0.47 },
			scale: 1.58
		}
	},
	groundTransformByType: {
		"*": {
			translation: { x: 0, y: 0, z: 0 },
			rotation: { x: 0, y: 0, z: 0 },
			origin: { x: 0.5, y: 0, z: 0.5 },
			scale: 3.6
		}
	},
	tpHandTransformByType: {
		"*": {
			translation: { x: -0.43, y: -0.52, z: -0.07 },
			rotation: { x: 90, y: 0, z: 0 },
			scale: 0.95
		}
	}
}