{
	code: "blade",
	damagedby: ["blockbreaking", "attacking"],
	tool: "sword",
	class:"Item",
	attributes: {
	antlerMountable: true,
		onAntlerMountTransform: {
			translation: { x: -0.8, y: 0.1, z: -0 },
			rotation: { x: 47, y: -180, z: -90 }
		},
		heldItemPitchFollow: 0.9,
		handbook: {
			groupBy: ["blade-*"]
		},
		toolrackTransform: {
			rotation: { y: 180, z: 1 },
			translation: { x: -0.1, y: 0.6 },
			scale: 1.25
		},
		groundStorageTransform: {
			translation: { x: 0.24, y: 0.195, z: -0.06 },
			rotation: { x: 24, y: 61, z: -87 },
			scale: 0.88
		}
	},
	behaviors: [{
		name: "GroundStorable",
		properties: {
			layout: 'WallHalves',
			wallOffY: 2,
			},
			sprintKey: true,
			selectionBox: { x1: 0, y1: 0, z1: 0, x2: 1, y2: 0.1, z2: 1 },
			collisionBox: { x1: 0, y1: 0, z1: 0, x2: 0, y2: 0, z2: 0 },
		},
	{ name: "AnimationAuthoritative", properties: { onlyOnEntity: true } }],
	variantgroups: [
		{ code: "metal", states: [	"temporalit" ] }
		],
	shape: { base: "item/tool/blade/falx/steel" },
	heldTpHitAnimation: "falx",
	textures: { 
		"steel": { "base": "block/metal/ingot/{metal}" },
		"handguard": { "base": "block/metal/sheet/temporalit3" }
		},
	attackRange: 2.5,
	tooltierbytype: {
		"*-temporalit": 6
	},
	durabilitybytype: {
		"*-temporalit": 2450
	},
	attackpowerbytype: {
		"*-temporalit": 7
	},
	creativeinventory: { "general": ["*"], "items": ["*"], "tools": ["*"], "expantion": ["*"] },
	guiTransform: {
		translation: { x: 0, y: 0, z: 0 },
		rotation: { x: -53, y: 118, z: -5 },
		origin: { x: 0.65, y: 0.1, z: 0.37 },
		scale: 1.65
	},
	groundTransform: {
		translation: { x: 0, y: 0, z: 0 },
		rotation: { x: 0, y: 0, z: 0 },
		origin: { x: 0.5, y: 0, z: 0.5 },
		scale: 3.4
	},
	tpHandTransform: {
		translation: { x: -1.03, y: -0.005, z: -0.66 },
		rotation: { x: 85, y: 0, z: 2 },
		origin: { x: 0.5, y: 0, z: 0.5 },
		scale: 0.8
	}
}