{
	code: "hoe",
	class: "ItemHoe",
	heldTpUseAnimation: "hoe",
	behaviors: [{ 
		name: "GroundStorable",
		properties: {
			layout: 'WallHalves',
			wallOffY: 1,
			sprintKey: true,
			selectionBox: { x1: 0, y1: 0, z1: 0, x2: 1, y2: 0.1, z2: 1 },
			collisionBox: { x1: 0, y1: 0, z1: 0, x2: 0, y2: 0, z2: 0 },
		}
	}],
	attributes: {
		heldItemPitchFollow: 0.5,
		groundStorageTransformByType: {
			"hoe-temporalit": {
				translation: { x: 0, y: 0.04, z: -0.23 },
				rotation: { x: 23, y: 87, z: -90 },
				scale: 0.88
			},
		},
		handbook: {
			groupBy: ["hoe-*"]
		},
		toolrackTransformByType: {
			"hoe-temporalit": {
				rotation: { y: 1, z: -1 },
				translation: { x: -0.25, y: 0.6 },
				scale: 1.25,
			}
		}
	},
	variantgroups: [
		{ code: "material", states: ["temporalit"] },
	],
	damagedby: ["blockbreaking", "attacking"],
	shapeByType: {
		"*-temporalit": { "base": "item/tool/hoe-copper" }
	},
	heldTpHitAnimation: "breaktool",
	texturesByType: {
		"hoe-temporalit": {
			"material": { base: "block/metal/ingot/{material}" }
		}
	},
	tool: "hoe",
	miningspeedbytype: {
		"hoe-temporalit": {
			"soil": 6.0
		}
	},
	durabilitybytype: {
		"hoe-temporalit": 1750
	},
	attackpowerbytype: {
		"hoe-temporalit": 2.85
	},
	creativeinventory: { "general": ["*"], "items": ["*"], "tools": ["*"], "expantion": ["*"] },
	fpHandTransform: {
		translation: { x: -0.3, y: -0.2, z: 0 },
		rotation: { x: -7, y: 16, z: 90 },
		scale: 2.5
	},
	guiTransformByType: {
		"hoe-temporalit": {
			rotate: false,
			translation: { x: 0, y: 0, z: 0 },
			rotation: { x: -56, y: -127, z: -180 },
			origin: { x: 0.35, y: 0, z: 0.55 },
			scale: 1.43
		}
	},
	groundTransform: {
		translation: { x: 0, y: 0, z: 0 },
		rotation: { x: 0, y: 0, z: 0 },
		origin: { x: 0.5, y: 0, z: 0.5 },
		scale: 3.6
	},
	tpHandTransformByType: {
		"hoe-temporalit": {
			translation: { x: -1, y: -0.5, z: -0.08 },
			rotation: { x: 90, y: 0, z: -5 },
			scale: 1
		}
	}
}