{
	code: "scythe",
	damagedby: ["blockbreaking"],
	class: "ItemScythe",
	tool: "Scythe",
	variantgroups: [
		{ code: "metal", states: ["temporalit"] },
	],
	attributes: {
		heldItemPitchFollow: 0.5,
		codePrefixes: ["crop", "tallgrass", "frostedtallgrass", "tallplant-coopersreed-land-normal", "tallplant-papyrus-land-normal", "tallplant-tule-land-normal",
									 "tallplant-coopersreed-water-normal", "tallplant-papyrus-water-normal", "tallplant-coopersreed-ice-normal", 
									 "flower-horsetail"
		],
		disallowedSuffixes: ["snow2", "snow3"],
		handbook: {
			groupBy: ["scythe-*"]
		},
		toolrackTransform: {
			rotation: { y: 3, z: -1 },
			translation: { x: -0.35, y: 0.5 },
			scale: 1,
		},
		groundStorageTransform: {
			translation: { x: 0, y: 0.64, z: -0.33 },
			rotation: { x: 37, y: 109, z: -100 },
			scale: 0.85
		}
	},
	behaviors: [{ 
		name: "GroundStorable",
		properties: {
			layout: 'WallHalves',
			wallOffY: 2,
			sprintKey: true,
			selectionBox: { x1: 0, y1: 0, z1: 0, x2: 1, y2: 0.1, z2: 1 },
			collisionBox: { x1: 0, y1: 0, z1: 0, x2: 0, y2: 0, z2: 0 },
		}
	}],
	shape: { base: "item/tool/scythe" },
	heldTpHitAnimation: "scythe",
	heldTpIdleAnimation: "scytheIdle",
	heldRightReadyAnimation: "scytheReady",
	heldTpUseAnimation: "interactStaticLong",
	texturesByType: {
		"*": {
			"metal": { base: "block/metal/ingot/{metal}" }
		}
	},
	durabilitybytype: {
		"scythe-temporalit": 4450
	},
	creativeinventory: { "general": ["*"], "items": ["*"], "tools": ["*"], "expantion": ["*"] },
	guiTransform: {
		translation: { x: 0, y: 0, z: 0 },
		rotation: { x: -93, y: 30, z: 44 },
		origin: { x: 0.5, y: 0, z: 0.05 },
		scale: 0.82
	},
	fpHandTransform: {
		translation: { x: -0.2, y: -0.2, z: 0 },
		rotation: { x: 15, y: 15, z: 90 },
		scale: 2.45
	},
	groundTransform: {
		translation: { x: 0, y: 0, z: 0 },
		rotation: { x: 0, y: 0, z: 0 },
		origin: { x: 0.5, y: 0, z: 0.5 },
		scale: 3.4
	},
	tpHandTransform: {
		translation: { x: -1.54, y: -0.01, z: -0.66 },
		rotation: { x: -10, y: 0, z: 0 },
		origin: { x: 0.5, y: 0, z: 0.5 },
		scale: 0.8
	}
}