{
	code: "shovel",
	behaviors: [{ 
		name: "GroundStorable",
		properties: {
			layout: 'WallHalves',
			wallOffY: 2,
			sprintKey: true,
			selectionBox: { x1: 0, y1: 0, z1: 0, x2: 1, y2: 0.1, z2: 1 },
			collisionBox: { x1: 0, y1: 0, z1: 0, x2: 0, y2: 0, z2: 0 },
		}
	}],
	attributes: {
		groundStorageTransformByType: {
			"shovel-temporalit": {
				translation: { x: 0, y: 0.5, z: -0.16 },
				rotation: { x: 13, y: 88, z: -87 },
				scale: 0.88
			}
		},
		handbook: {
			groupBy: ["shovel-*"]
		},
		toolrackTransform: {
			rotation: { y: 1, z: -1 },
			translation: { x: -0.47, y: 0.6 },
			scale: 1.25,
		}
	},
	variantgroups: [
		{ code: "material", states: ["temporalit"] },
	],
	tool: "shovel",
	damagedby: ["blockbreaking", "attacking"],
	shapeByType: {
		"shovel-temporalit": { base: "item/tool/shovel-copper" }
	},
	heldTpIdleAnimation: "shovelidle",
	heldRightReadyAnimation: "shovelready",
	heldTpHitAnimation: "shoveldig",
	heldTpUseAnimation: "interactStaticLong",
	texturesByType: {
		"*": {
			"material": { base: "block/metal/ingot/{material}" },
		},
	},
	miningspeedbytype: {
		"shovel-temporalit": {
			"soil": 7.5,
			"sand": 7.5,
			"gravel": 5,
			"snow": 5
		}
	},
	attackpowerbytype: {
		"shovel-temporalit": 3
	},
	durabilitybytype: {
		"shovel-temporalit": 3550
	},
	creativeinventory: { "general": ["*"], "items": ["*"], "tools": ["*"], "expantion": ["*"] },
	fpHandTransform: {
		translation: { x: 0.046875, y: -0.2, z: 0 },
		rotation: { x: -15, y: 15, z: 100 },
		scale: 2
	},
	guiTransformByType: {
		"shovel-temporalit": {
			translation: { x: 0, y: 0, z: 0 },
			rotation: { x: -113, y: -147, z: 139 },
			origin: { x: 0.2, y: 0.7, z: 0.8 }
		}
	},
	groundTransform: {
		translation: { x: 0, y: 0, z: 0 },
		rotation: { x: 0, y: 0, z: 0 },
		origin: { x: 0.5, y: 0, z: 0.5 },
		scale: 3.6
	},
	tpHandTransform: {
		translation: { x: -1.69, y: -0.29, z: -0.6 },
		rotation: { x: 0, y: 0, z: -10 },
		scale: 0.8
	}
}