[
  {
    "op": "replace",
    "comment": "raw hide mantle",
    "path": "/0/ingredientPattern",
    "value": "HKH,_H_",
    "file": "game:recipes/grid/clothes/hide.json",
    "side": "Server"
  },
  {
    "op": "replace",
    "path": "/0/ingredients/H",
    "value": { "type": "item", "code": "tailorsdelight:leatherbundle-raw" },
    "file": "game:recipes/grid/clothes/hide.json",
    "side": "Server"
  },
  {
    "op": "replace",
    "path": "/0/ingredients/K",
    "value": { "type": "item", "code": "tailorsdelight:awl-*", "isTool": true },
    "file": "game:recipes/grid/clothes/hide.json",
    "side": "Server"
  },

  {
    "op": "addmerge",
    "comment": "raw hide mantle medium",
    "path": "/1/enabled",
    "value": false,
    "file": "game:recipes/grid/clothes/hide.json",
    "side": "Server"
  },
  {
    "op": "addmerge",
    "comment": "raw hide mantle large",
    "path": "/2/enabled",
    "value": false,
    "file": "game:recipes/grid/clothes/hide.json",
    "side": "Server"
  },
  {
    "op": "addmerge",
    "comment": "raw hide mantle huge",
    "path": "/3/enabled",
    "value": false,
    "file": "game:recipes/grid/clothes/hide.json",
    "side": "Server"
  },
  {
    "op": "addmerge",
    "comment": "raw hide mantle, small, shears",
    "path": "/4/enabled",
    "value": false,
    "file": "game:recipes/grid/clothes/hide.json",
    "side": "Server"
  },
  {
    "op": "addmerge",
    "comment": "raw hide mantle, medium, shears",
    "path": "/5/enabled",
    "value": false,
    "file": "game:recipes/grid/clothes/hide.json",
    "side": "Server"
  },
  {
    "op": "addmerge",
    "comment": "raw hide mantle, large, shears",
    "path": "/6/enabled",
    "value": false,
    "file": "game:recipes/grid/clothes/hide.json",
    "side": "Server"
  },
  {
    "op": "addmerge",
    "comment": "raw hide mantle, huge, shears",
    "path": "/7/enabled",
    "value": false,
    "file": "game:recipes/grid/clothes/hide.json",
    "side": "Server"
  },

  {
    "op": "replace",
    "comment": "raw hide trousers",
    "path": "/8/ingredientPattern",
    "value": "HKH,H_H",
    "file": "game:recipes/grid/clothes/hide.json",
    "side": "Server"
  },
  {
    "op": "replace",
    "path": "/8/ingredients/H",
    "value": { "type": "item", "code": "tailorsdelight:leatherbundle-raw" },
    "file": "game:recipes/grid/clothes/hide.json",
    "side": "Server"
  },
  {
    "op": "replace",
    "path": "/8/ingredients/K",
    "value": { "type": "item", "code": "tailorsdelight:awl-*", "isTool": true },
    "file": "game:recipes/grid/clothes/hide.json",
    "side": "Server"
  },

  {
    "op": "addmerge",
    "path": "/9/enabled",
    "value": false,
    "file": "game:recipes/grid/clothes/hide.json",
    "side": "Server"
  },
  {
    "op": "addmerge",
    "path": "/10/enabled",
    "value": false,
    "file": "game:recipes/grid/clothes/hide.json",
    "side": "Server"
  },
  {
    "op": "addmerge",
    "path": "/11/enabled",
    "value": false,
    "file": "game:recipes/grid/clothes/hide.json",
    "side": "Server"
  },
  {
    "op": "addmerge",
    "path": "/12/enabled",
    "value": false,
    "file": "game:recipes/grid/clothes/hide.json",
    "side": "Server"
  },
  {
    "op": "addmerge",
    "comment": "raw hide mantle, medium, shears",
    "path": "/13/enabled",
    "value": false,
    "file": "game:recipes/grid/clothes/hide.json",
    "side": "Server"
  },

  {
    "op": "replace",
    "comment": "fur coat",
    "path": "/14/ingredientPattern",
    "value": "HKH,H_H,T_T",
    "file": "game:recipes/grid/clothes/hide.json",
    "side": "Server"
  },
  {
    "op": "replace",
    "path": "/14/ingredients/K",
    "value": { "type": "item", "code": "tailorsdelight:awl-*", "isTool": true },
    "file": "game:recipes/grid/clothes/hide.json",
    "side": "Server"
  },
  {
    "op": "replace",
    "path": "/14/ingredients/H",
    "value": { "type": "item", "code": "tailorsdelight:leatherbundle-pelt" },
    "file": "game:recipes/grid/clothes/hide.json",
    "side": "Server"
  },
  {
    "op": "addmerge",
    "path": "/14/ingredients/T",
    "value": { "type": "item", "code": "game:flaxtwine", "quantity": 2 },
    "file": "game:recipes/grid/clothes/hide.json",
    "side": "Server"
  },
  {
    "op": "addmerge",
    "path": "/15/enabled",
    "value": false,
    "file": "game:recipes/grid/clothes/hide.json",
    "side": "Server"
  },
  {
    "op": "addmerge",
    "path": "/16/enabled",
    "value": false,
    "file": "game:recipes/grid/clothes/hide.json",
    "side": "Server"
  },
  {
    "op": "addmerge",
    "path": "/17/enabled",
    "value": false,
    "file": "game:recipes/grid/clothes/hide.json",
    "side": "Server"
  },
  {
    "op": "addmerge",
    "path": "/18/enabled",
    "value": false,
    "file": "game:recipes/grid/clothes/hide.json",
    "side": "Server"
  },
  {
    "op": "addmerge",
    "path": "/19/enabled",
    "value": false,
    "file": "game:recipes/grid/clothes/hide.json",
    "side": "Server"
  },
  {
    "op": "addmerge",
    "path": "/20/enabled",
    "value": false,
    "file": "game:recipes/grid/clothes/hide.json",
    "side": "Server"
  },
  {
    "op": "addmerge",
    "path": "/21/enabled",
    "value": false,
    "file": "game:recipes/grid/clothes/hide.json",
    "side": "Server"
  },

  {
    "op": "replace",
    "comment": "fur boots",
    "path": "/22/ingredientPattern",
    "value": "HKH",
    "file": "game:recipes/grid/clothes/hide.json",
    "side": "Server"
  },
  {
    "op": "replace",
    "path": "/22/ingredients/K",
    "value": { "type": "item", "code": "tailorsdelight:awl-*", "isTool": true },
    "file": "game:recipes/grid/clothes/hide.json",
    "side": "Server"
  },
  {
    "op": "replace",
    "path": "/22/ingredients/H",
    "value": { "type": "item", "code": "tailorsdelight:leatherbundle-pelt" },
    "file": "game:recipes/grid/clothes/hide.json",
    "side": "Server"
  },
  {
    "op": "replace",
    "path": "/22/height",
    "value": 1,
    "file": "game:recipes/grid/clothes/hide.json",
    "side": "Server"
  },
  {
    "op": "addmerge",
    "path": "/23/enabled",
    "value": false,
    "file": "game:recipes/grid/clothes/hide.json",
    "side": "Server"
  },
  {
    "op": "addmerge",
    "path": "/24/enabled",
    "value": false,
    "file": "game:recipes/grid/clothes/hide.json",
    "side": "Server"
  },
  {
    "op": "addmerge",
    "path": "/25/enabled",
    "value": false,
    "file": "game:recipes/grid/clothes/hide.json",
    "side": "Server"
  },
  {
    "op": "addmerge",
    "path": "/26/enabled",
    "value": false,
    "file": "game:recipes/grid/clothes/hide.json",
    "side": "Server"
  },
  {
    "op": "addmerge",
    "path": "/27/enabled",
    "value": false,
    "file": "game:recipes/grid/clothes/hide.json",
    "side": "Server"
  },

  {
    "op": "replace",
    "comment": "fur gloves",
    "path": "/28/ingredientPattern",
    "value": "HK",
    "file": "game:recipes/grid/clothes/hide.json",
    "side": "Server"
  },
  {
    "op": "replace",
    "path": "/28/ingredients/K",
    "value": { "type": "item", "code": "tailorsdelight:awl-*", "isTool": true },
    "file": "game:recipes/grid/clothes/hide.json",
    "side": "Server"
  },
  {
    "op": "replace",
    "path": "/28/ingredients/H",
    "value": { "type": "item", "code": "tailorsdelight:leatherbundle-pelt" },
    "file": "game:recipes/grid/clothes/hide.json",
    "side": "Server"
  },
  {
    "op": "replace",
    "path": "/28/width",
    "value": 2,
    "file": "game:recipes/grid/clothes/hide.json",
    "side": "Server"
  },
  {
    "op": "addmerge",
    "path": "/29/enabled",
    "value": false,
    "file": "game:recipes/grid/clothes/hide.json",
    "side": "Server"
  },

  {
    "op": "addmerge",
    "path": "/30/enabled",
    "value": false,
    "file": "game:recipes/grid/clothes/hide.json",
    "side": "Server"
  },
  {
    "op": "addmerge",
    "path": "/31/enabled",
    "value": false,
    "file": "game:recipes/grid/clothes/hide.json",
    "side": "Server"
  },
  {
    "op": "addmerge",
    "path": "/32/enabled",
    "value": false,
    "file": "game:recipes/grid/clothes/hide.json",
    "side": "Server"
  },
  {
    "op": "addmerge",
    "path": "/33/enabled",
    "value": false,
    "file": "game:recipes/grid/clothes/hide.json",
    "side": "Server"
  },
  {
    "op": "addmerge",
    "path": "/34/enabled",
    "value": false,
    "file": "game:recipes/grid/clothes/hide.json",
    "side": "Server"
  },
  {
    "op": "addmerge",
    "path": "/35/enabled",
    "value": false,
    "file": "game:recipes/grid/clothes/hide.json",
    "side": "Server"
  },

  {
    "op": "replace",
    "comment": "raw hide saddle blanket",
    "path": "/36/ingredientPattern",
    "value": "AKF,_H_",
    "file": "game:recipes/grid/clothes/hide.json",
    "side": "Server"
  },
  {
    "op": "add",
    "path": "/36/ingredients/A",
    "value": { "type": "item", "code": "tailorsdelight:awl-*", "isTool": true },
    "file": "game:recipes/grid/clothes/hide.json",
    "side": "Server"
  },
  {
    "op": "replace",
    "path": "/36/ingredients/H",
    "value": { "type": "item", "code": "tailorsdelight:leatherbundle-pelt" },
    "file": "game:recipes/grid/clothes/hide.json",
    "side": "Server"
  },
  {
    "op": "replace",
    "path": "/36/height",
    "value": 2,
    "file": "game:recipes/grid/clothes/hide.json",
    "side": "Server"
  }
]
