[
  {
    "op": "addeach",
    "path": "/buying/list/-",
    "value": [
	{ "code": "tailorsdelight:buttons-lapislazuli", "type": "item", "stacksize": 1, "stock": { "avg": 1, "var": 0   }, "price": { "avg": 9, "var": 1 } },
	{ "code": "tailorsdelight:buttons-emerald",     "type": "item", "stacksize": 1, "stock": { "avg": 1, "var": 0   }, "price": { "avg": 12, "var": 1 } },
	{ "code": "tailorsdelight:ruler-ebony",         "type": "item", "stacksize": 1, "stock": { "avg": 1, "var": 0.6 }, "price": { "avg": 5, "var": 0.6 } },
	{ "code": "tailorsdelight:ruler-purpleheart",   "type": "item", "stacksize": 1, "stock": { "avg": 1, "var": 0.6 }, "price": { "avg": 4, "var": 0.6 } },

	{ "code": "game:clothes-foot-king",             "type": "item", "stacksize": 1, "stock": { "avg": 1, "var": 0   }, "price": { "avg": 11, "var": 1.1 } },
	{ "code": "game:clothes-waist-king",            "type": "item", "stacksize": 1, "stock": { "avg": 1, "var": 0   }, "price": { "avg": 12, "var": 1.2 } },
	{ "code": "game:clothes-lowerbody-king",        "type": "item", "stacksize": 1, "stock": { "avg": 1, "var": 0   }, "price": { "avg": 12, "var": 1.2 } },
	{ "code": "game:clothes-upperbodyover-king",    "type": "item", "stacksize": 1, "stock": { "avg": 1, "var": 0   }, "price": { "avg": 15, "var": 1.6 } },
	{ "code": "game:clothes-upperbody-king",        "type": "item", "stacksize": 1, "stock": { "avg": 1, "var": 0   }, "price": { "avg": 12, "var": 1.6 } },
	{ "code": "game:clothes-hand-king",             "type": "item", "stacksize": 1, "stock": { "avg": 1, "var": 0   }, "price": { "avg": 11, "var": 1.1 } },
	{ "code": "game:clothes-neck-king",             "type": "item", "stacksize": 1, "stock": { "avg": 1, "var": 0   }, "price": { "avg": 15, "var": 1.1 } }
    ],
    "file": "game:config/tradelists/trader-luxuries.json",
    "side": "Server"
  }
]
