﻿{
	"hornybow-load-nomad": {
    "Hold": true,
    "PlayerKeyFrames": [
      {
        "EasingTime": 150,
        "EasingFunction": "Linear",
        "DetachedAnchor": false,
        "SwitchArms": true,
        "PitchFollow": false,
        "PitchDontFollow": false,
        "FOVMultiplier": 1,
        "BobbingAmplitude": 0.8,
        "Elements": {
          "ItemAnchor": [0, 0, 0, 0, 0, 0],
          "LowerArmR": [0, 0, 0, -5, 0, 0],
          "UpperArmR": [0, 0, 0, 0, -13, -56],
          "ItemAnchorL": [-1.2, -0.9, -0.3, -10, 7, 5],
          "LowerArmL": [0, 0, 0, -7, 0, 0],
          "UpperArmL": [0, -2, -2, 0, -7, -95],
          "UpperTorso": [0, 0, 0, 0, 0, 0],
          "DetachedAnchor": [0, 0, 0, 0, 0, 0]
        }
      },
      {
        "EasingTime": 266,
        "EasingFunction": "Sin",
        "DetachedAnchor": false,
        "SwitchArms": true,
        "PitchFollow": false,
        "PitchDontFollow": false,
        "FOVMultiplier": 1,
        "BobbingAmplitude": 0.8,
        "Elements": {
          "ItemAnchor": [0, 0, 0, 0, 0, 0],
          "LowerArmR": [0, 0, 0, -5, 0, 0],
          "UpperArmR": [0, 0, 0, 0, -18, -96],
          "ItemAnchorL": [-1.2, -0.9, -0.3, -10, 7, 5],
          "LowerArmL": [0, 0, 0, -7, 0, 0],
          "UpperArmL": [0, -2, -2, 0, -7, -95],
          "UpperTorso": [0, 0, 0, 0, 0, 0],
          "DetachedAnchor": [0, 0, 0, 0, 0, 0]
        }
      },
      {
        "EasingTime": 420,
        "EasingFunction": "Linear",
        "DetachedAnchor": false,
        "SwitchArms": true,
        "PitchFollow": false,
        "PitchDontFollow": false,
        "FOVMultiplier": 1,
        "BobbingAmplitude": 0.8,
        "Elements": {
          "ItemAnchor": [0, 0, 0, 0, 0, 0],
          "LowerArmR": [0, 0, 0, -98, 0, 0],
          "UpperArmR": [0, 0, 0, 0, -114, -102],
          "ItemAnchorL": [-1.2, -0.9, -0.3, -10, 7, 5],
          "LowerArmL": [0, 0, 0, -7, 0, 0],
          "UpperArmL": [0, -2, -2, 0, -7, -95],
          "UpperTorso": [0, 0, 0, 0, 0, 0],
          "DetachedAnchor": [0, 0, 0, 0, 0, 0]
        }
      },
      {
        "EasingTime": 613,
        "EasingFunction": "Sin",
        "DetachedAnchor": false,
        "SwitchArms": true,
        "PitchFollow": false,
        "PitchDontFollow": false,
        "FOVMultiplier": 1,
        "BobbingAmplitude": 0.8,
        "Elements": {
          "ItemAnchor": [0, 0, 0, 0, 0, 0],
          "LowerArmR": [0, 0, 0, -4, 0, 0],
          "UpperArmR": [0, 0, 0, 0, 3, -103],
          "ItemAnchorL": [-1.2, -0.9, -0.3, -10, 7, 5],
          "LowerArmL": [0, 0, 0, -7, 0, 0],
          "UpperArmL": [0, -2, -2, 0, -7, -95],
          "UpperTorso": [0, 0, 0, 0, 0, 0],
          "DetachedAnchor": [0, 0, 0, 0, 0, 0]
        }
      },
      {
        "EasingTime": 710,
        "EasingFunction": "Sin",
        "DetachedAnchor": false,
        "SwitchArms": true,
        "PitchFollow": false,
        "PitchDontFollow": false,
        "FOVMultiplier": 1,
        "BobbingAmplitude": 0.8,
        "Elements": {
          "ItemAnchor": [0, 0, 0, 0, 0, 0],
          "LowerArmR": [0, 0, 0, -49, 0, -10],
          "UpperArmR": [0, 0, 0, 0, -23, -94],
          "ItemAnchorL": [-1.2, -0.9, -0.3, -10, 7, 5],
          "LowerArmL": [0, 0, 0, -7, 0, 0],
          "UpperArmL": [0, -2, -2, 0, -7, -95],
          "UpperTorso": [0, 0, 0, 0, 0, 0],
          "DetachedAnchor": [0, 0, 0, 0, 0, 0]
        }
      }
    ],
    "ItemKeyFrames": [
      {"DurationFraction": 0, "EasingFunction": "Linear", "Elements": {"Arrow": [-19.2, -3.8, -8.8, 0, 0, 0], "arrow_origin": [0, 0, 0, 0, 90, 0]}},
      {"DurationFraction": 0.20689654, "EasingFunction": "Linear", "Elements": {"Arrow": [-17.4, -3.8, 1.1, 0, 0, 0], "arrow_origin": [0, 0, 0, 0, 90, 0]}},
      {"DurationFraction": 0.4827586, "EasingFunction": "Linear", "Elements": {"Arrow": [-14.3, -5.3, 0, 0, 0, 0], "arrow_origin": [0, 0, 0, 0, 0, 34]}},
      {"DurationFraction": 0.82758623, "EasingFunction": "Linear", "Elements": {"Arrow": [-0.4, 4.6, 0, 0, 0, 0], "arrow_origin": [0, 0, 0, 0, 0, 34]}},
      {"DurationFraction": 1, "EasingFunction": "Linear", "Elements": {"Arrow": [0, 0, 0, 0, 0, 0], "arrow_origin": [0, 0, 0, 0, 0, 0]}}
    ],
    "SoundFrames": [],
    "ParticlesFrames": [],
    "CallbackFrames": [],
    "ItemAnimationStart": 150,
    "ItemAnimationEnd": 710
  },
  "hornybow-draw-nomad": {
  "Hold": true,
  "PlayerKeyFrames": [
    {
      "EasingTime": 300.0,
      "EasingFunction": "Linear",
      "DetachedAnchor": false,
      "SwitchArms": true,
      "PitchFollow": false,
      "PitchDontFollow": false,
      "FOVMultiplier": 1.0,
      "BobbingAmplitude": 0.8,
      "Elements": {
        "ItemAnchor": [
          0.0,
          0.0,
          0.0,
          0.0,
          0.0,
          0.0
        ],
        "LowerArmR": [
          0.0,
          0.0,
          0.0,
          -50.0,
          0.0,
          -10.0
        ],
        "UpperArmR": [
          0.3,
          -1.7,
          1.4,
          1.0,
          -28.0,
          -94.0
        ],
        "ItemAnchorL": [
          -1.2,
          -0.9,
          -0.3,
          -10.0,
          7.0,
          5.0
        ],
        "LowerArmL": [
          0.0,
          0.0,
          0.0,
          -7.0,
          0.0,
          0.0
        ],
        "UpperArmL": [
          0.0,
          -2.0,
          -2.0,
          0.0,
          -7.0,
          -95.0
        ],
        "UpperTorso": [
          0.0,
          0.0,
          0.0,
          0.0,
          0.0,
          0.0
        ],
        "DetachedAnchor": [
          0.0,
          0.0,
          0.0,
          0.0,
          0.0,
          0.0
        ]
      }
    },
    {
      "EasingTime": 1500.0,
      "EasingFunction": "CosShifted",
      "DetachedAnchor": false,
      "SwitchArms": true,
      "PitchFollow": true,
      "PitchDontFollow": false,
      "FOVMultiplier": 0.883,
      "BobbingAmplitude": 0.7,
      "Elements": {
        "ItemAnchor": [
          0.0,
          0.0,
          0.0,
          0.0,
          3.0,
          0.0
        ],
        "LowerArmR": [
          0.0,
          0.0,
          0.0,
          -270.0,
          0.0,
          1.0
        ],
        "UpperArmR": [
          0.0,
          0.0,
          0.0,
          0.0,
          -115.0,
          -94.0
        ],
        "ItemAnchorL": [
          -1.2,
          -0.9,
          -0.3,
          -10.0,
          1.0,
          1.0
        ],
        "LowerArmL": [
          0.0,
          0.0,
          0.0,
          -7.0,
          0.0,
          3.0
        ],
        "UpperArmL": [
          0.0,
          -3.0,
          -2.0,
          0.0,
          -7.0,
          -95.0
        ],
        "UpperTorso": [
          0.0,
          0.0,
          0.0,
          0.0,
          0.0,
          0.0
        ],
        "DetachedAnchor": [
          0.0,
          0.0,
          0.0,
          0.0,
          0.0,
          0.0
        ]
      }
    }
  ],
  "ItemKeyFrames": [
    {
      "DurationFraction": 0.0,
      "EasingFunction": "Linear",
      "Elements": {
        "BowGrip": [
          0.0,
          0.0,
          0.0,
          0.0,
          0.0,
          0.0
        ],
        "BowLimbDown": [
          0.0,
          0.0,
          0.0,
          0.0,
          0.0,
          0.0
        ],
        "BowTipDown": [
          0.0,
          0.0,
          0.0,
          0.0,
          0.0,
          0.0
        ],
        "BowStringDown1": [
          0.0,
          0.0,
          0.0,
          0.0,
          0.0,
          0.0
        ],
        "BowStringDown2": [
          0.0,
          0.0,
          0.0,
          0.0,
          0.0,
          0.0
        ],
        "BowLimbDown2": [
          0.0,
          0.0,
          0.0,
          0.0,
          0.0,
          0.0
        ],
        "BowStringDown3": [
          0.0,
          0.0,
          0.0,
          0.0,
          0.0,
          0.0
        ],
        "BowStringDown4": [
          0.0,
          0.0,
          0.0,
          0.0,
          0.0,
          0.0
        ],
        "BowTipDown2": [
          0.0,
          0.0,
          0.0,
          0.0,
          0.0,
          0.0
        ],
        "BowNock2": [
          0.0,
          0.0,
          0.0,
          0.0,
          0.0,
          0.0
        ]
      }
    },
    {
      "DurationFraction": 0.2,
      "EasingFunction": "Linear",
      "Elements": {
        "BowGrip": [
          0.0,
          0.0,
          0.0,
          0.0,
          0.0,
          0.0
        ],
        "BowLimbDown": [
          0.0,
          0.0,
          0.0,
          0.0,
          4.821429,
          0.0
        ],
        "BowTipDown": [
          0.0,
          0.0,
          -0.075,
          0.0,
          4.821429,
          0.0
        ],
        "BowStringDown1": [
          0.0,
          0.0,
          0.0,
          0.0,
          -21.4286,
          0.0
        ],
        "BowStringDown2": [
          -1.3,
          0.0,
          0.0,
          0.0,
          0.0,
          0.0
        ],
        "BowLimbDown2": [
          0.0,
          0.0,
          0.0,
          0.0,
          -4.821429,
          0.0
        ],
        "BowStringDown3": [
          0.0,
          0.0,
          0.0,
          0.0,
          -19.928572,
          0.0
        ],
        "BowStringDown4": [
          0.0,
          0.0,
          0.0,
          0.0,
          0.0,
          0.0
        ],
        "BowTipDown2": [
          0.0,
          0.0,
          -0.075,
          0.0,
          4.821429,
          0.0
        ],
        "BowNock2": [
          0.1714,
          0.0,
          -0.0429,
          0.0,
          9.7143,
          0.0
        ]
      }
    },
    {
      "DurationFraction": 0.33333334,
      "EasingFunction": "Linear",
      "Elements": {
        "BowGrip": [
          0.0,
          0.0,
          0.0,
          0.0,
          0.0,
          0.0
        ],
        "BowLimbDown": [
          0.0,
          0.0,
          0.0,
          0.0,
          8.035714,
          0.0
        ],
        "BowTipDown": [
          0.0,
          0.0,
          -0.125,
          0.0,
          8.035714,
          0.0
        ],
        "BowStringDown1": [
          0.0,
          0.0,
          0.0,
          0.0,
          -35.8416,
          0.0
        ],
        "BowStringDown2": [
          -1.6,
          0.0,
          0.0,
          0.0,
          0.0,
          0.0
        ],
        "BowLimbDown2": [
          0.0,
          0.0,
          0.0,
          0.0,
          -8.035714,
          0.0
        ],
        "BowStringDown3": [
          0.0,
          0.0,
          0.0,
          0.0,
          -33.214287,
          0.0
        ],
        "BowStringDown4": [
          0.0,
          0.0,
          0.0,
          0.0,
          0.0,
          0.0
        ],
        "BowTipDown2": [
          0.0,
          0.0,
          -0.125,
          0.0,
          8.035714,
          0.0
        ],
        "BowNock2": [
          0.2856909,
          0.0,
          -0.07146364,
          0.0,
          17.038973,
          0.0
        ]
      }
    },
    {
      "DurationFraction": 0.93333334,
      "EasingFunction": "Linear",
      "Elements": {
        "BowGrip": [
          0.0,
          0.0,
          0.0,
          0.0,
          0.0,
          0.0
        ],
        "BowLimbDown": [
          0.0,
          0.0,
          0.0,
          0.0,
          22.5,
          0.0
        ],
        "BowTipDown": [
          0.0,
          0.0,
          -0.35,
          0.0,
          22.5,
          0.0
        ],
        "BowStringDown1": [
          0.0,
          0.0,
          0.0,
          0.0,
          -93.4,
          0.0
        ],
        "BowStringDown2": [
          -0.1,
          0.0,
          0.0,
          0.0,
          0.0,
          0.0
        ],
        "BowLimbDown2": [
          0.0,
          0.0,
          0.0,
          0.0,
          -22.5,
          0.0
        ],
        "BowStringDown3": [
          0.0,
          0.0,
          0.0,
          0.0,
          -93.0,
          0.0
        ],
        "BowStringDown4": [
          0.0,
          0.0,
          0.0,
          0.0,
          0.0,
          0.0
        ],
        "BowTipDown2": [
          0.0,
          0.0,
          -0.35,
          0.0,
          22.5,
          0.0
        ],
        "BowNock2": [
          0.8,
          0.0,
          -0.2,
          0.0,
          50.0,
          0.0
        ]
      }
    },
    {
      "DurationFraction": 1.0,
      "EasingFunction": "Linear",
      "Elements": {
        "BowGrip": [
          0.0,
          0.0,
          0.0,
          0.0,
          0.0,
          0.0
        ],
        "BowLimbDown": [
          0.0,
          0.0,
          0.0,
          0.0,
          22.5,
          0.0
        ],
        "BowTipDown": [
          0.0,
          0.0,
          0.0,
          0.0,
          22.5,
          0.0
        ],
        "BowStringDown1": [
          0.0,
          0.0,
          0.0,
          0.0,
          -112.5,
          0.0
        ],
        "BowStringDown2": [
          0.0,
          0.0,
          0.0,
          0.0,
          22.5,
          0.0
        ],
        "BowLimbDown2": [
          0.0,
          0.0,
          0.0,
          0.0,
          -22.5,
          0.0
        ],
        "BowStringDown3": [
          0.0,
          0.0,
          0.0,
          0.0,
          -93.0,
          0.0
        ],
        "BowStringDown4": [
          0.0,
          0.0,
          0.0,
          0.0,
          0.0,
          0.0
        ],
        "BowTipDown2": [
          0.0,
          0.0,
          -0.35,
          0.0,
          22.5,
          0.0
        ],
        "BowNock2": [
          0.8,
          0.0,
          -0.2,
          0.0,
          50.0,
          0.0
        ]
      }
    }
  ],
  "SoundFrames": [],
  "ParticlesFrames": [],
  "CallbackFrames": [],
  "ItemAnimationStart": 300,
  "ItemAnimationEnd": 1500
},
  "hornybow-release-nomad": {
  "Hold": false,
  "PlayerKeyFrames": [
      {
        "EasingTime": 100,
        "EasingFunction": "Quintic",
        "DetachedAnchor": false,
        "SwitchArms": true,
        "PitchFollow": true,
        "FOVMultiplier": 0.85,
        "BobbingAmplitude": 0.7,
        "Elements": {
          "ItemAnchor": [0, 0, 0, 0, 0, 0],
          "LowerArmR": [0, 0, 0, -135, 0, 1],
          "UpperArmR": [0, 0, 0, 0, -75, -94],
          "ItemAnchorL": [-1.2, -0.9, -0.3, -10, 1, 1],
          "LowerArmL": [0, 0, 0, -7, 0, 3],
          "UpperArmL": [0, -3, -2, 0, -7, -95],
          "UpperTorso": [0, 0, 0, 0, 0, 0],
          "DetachedAnchor": [0, 0, 0, 0, 0, 0]
        }
      }
    ],
  "ItemKeyFrames": [
    {
      "DurationFraction": 0.0,
      "EasingFunction": "Linear",
      "Elements": {
        "BowLimbDown2": [
          0.0,
          0.0,
          0.0,
          0.0,
          -22.5,
          0.0
        ],
        "BowLimbDown": [
          0.0,
          0.0,
          0.0,
          0.0,
          22.5,
          0.0
        ],
        "BowTipDown2": [
          0.0,
          0.0,
          -0.35,
          0.0,
          22.5,
          0.0
        ],
        "BowTipDown": [
          0.0,
          0.0,
          -0.35,
          0.0,
          22.5,
          0.0
        ],
        "BowStringDown1": [
          0.0,
          0.0,
          0.0,
          0.0,
          -93.0,
          0.0
        ],
        "BowStringDown3": [
          0.0,
          0.0,
          0.0,
          0.0,
          -93.0,
          0.0
        ],
        "BowNock2": [
          0.8,
          0.0,
          -0.2,
          0.0,
          50.0,
          0.0
        ],
        "BowStringDown2": [
          0.0,
          0.0,
          0.0,
          0.0,
          -0.4615,
          0.0
        ]
      }
    },
    {
      "DurationFraction": 0.21428572,
      "EasingFunction": "Linear",
      "Elements": {
        "BowLimbDown2": [
          0.0,
          0.0,
          0.0,
          0.0,
          -17.678572,
          0.0
        ],
        "BowLimbDown": [
          0.0,
          0.0,
          0.0,
          0.0,
          17.678572,
          0.0
        ],
        "BowTipDown2": [
          0.0,
          0.0,
          -0.27499998,
          0.0,
          17.678572,
          0.0
        ],
        "BowTipDown": [
          0.0,
          0.0,
          -0.27499998,
          0.0,
          17.678572,
          0.0
        ],
        "BowStringDown1": [
          0.0,
          0.0,
          0.0,
          0.0,
          -76.0714,
          0.0
        ],
        "BowStringDown3": [
          0.0,
          0.0,
          0.0,
          0.0,
          -73.07143,
          0.0
        ],
        "BowNock2": [
          0.62857145,
          0.0,
          -0.15714286,
          0.0,
          39.285713,
          0.0
        ],
        "BowStringDown2": [
          -1.0,
          0.0,
          0.0,
          0.0,
          0.0,
          0.0
        ]
      }
    },
    {
      "DurationFraction": 0.35714287,
      "EasingFunction": "Linear",
      "Elements": {
        "BowLimbDown2": [
          0.0,
          0.0,
          0.0,
          0.0,
          -14.464286,
          0.0
        ],
        "BowLimbDown": [
          0.0,
          0.0,
          0.0,
          0.0,
          14.464286,
          0.0
        ],
        "BowTipDown2": [
          0.0,
          0.0,
          -0.225,
          0.0,
          14.464286,
          0.0
        ],
        "BowTipDown": [
          0.0,
          0.0,
          -0.225,
          0.0,
          14.464286,
          0.0
        ],
        "BowStringDown1": [
          0.0,
          0.0,
          0.0,
          0.0,
          -63.6403,
          0.0
        ],
        "BowStringDown3": [
          0.0,
          0.0,
          0.0,
          0.0,
          -59.785713,
          0.0
        ],
        "BowNock2": [
          0.5142857,
          0.0,
          -0.12857142,
          0.0,
          32.142857,
          0.0
        ],
        "BowStringDown2": [
          -1.3182,
          0.0,
          0.0,
          0.0,
          0.0,
          0.0
        ]
      }
    },
    {
      "DurationFraction": 1.0,
      "EasingFunction": "Linear",
      "Elements": {
        "BowLimbDown2": [
          0.0,
          0.0,
          0.0,
          0.0,
          0.0,
          0.0
        ],
        "BowLimbDown": [
          0.0,
          0.0,
          0.0,
          0.0,
          0.0,
          0.0
        ],
        "BowTipDown2": [
          0.0,
          0.0,
          0.0,
          0.0,
          0.0,
          0.0
        ],
        "BowTipDown": [
          0.0,
          0.0,
          0.0,
          0.0,
          0.0,
          0.0
        ],
        "BowStringDown1": [
          0.0,
          0.0,
          0.0,
          0.0,
          0.0,
          0.0
        ],
        "BowStringDown3": [
          0.0,
          0.0,
          0.0,
          0.0,
          0.0,
          0.0
        ],
        "BowNock2": [
          0.0,
          0.0,
          0.0,
          0.0,
          0.0,
          0.0
        ],
        "BowStringDown2": [
          0.0,
          0.0,
          0.0,
          0.0,
          0.0,
          0.0
        ]
      }
    }
  ],
  "SoundFrames": [],
  "ParticlesFrames": [],
  "CallbackFrames": [],
  "ItemAnimationStart": 0,
  "ItemAnimationEnd": 0
}
}