{
  "code": "tamedbear",
  "class": "EntityAgent",
  "tags": ["animal", "pet", "adult", "predator", "habitat-land"],
  "canClimbByType": {
    "*-polar": false,
    "*": true
  },
  "variantGroups": [
    {
      "code": "type",
      "states": [
        "black",
        "brown",
        "sun",
        "panda",
        "polar"
      ]
    },
    {
      "code": "age",
      "states": [
        "adult"
      ]
    },
    {
      "code": "gender",
      "states": [
        "male",
        "female"
      ]
    }
  ],
  "collisionBoxSizeByType": {
    "tamedbear-polar-adult-male": {
      "x": 1.6,
      "y": 1.3
    },
    "tamedbear-polar-adult-female": {
      "x": 1.4,
      "y": 1.2
    },
    "tamedbear-sun-adult-male": {
      "x": 1.15,
      "y": 1.1
    },
    "tamedbear-sun-adult-female": {
      "x": 1.0,
      "y": 0.9
    },
    "tamedbear-*-adult-male": {
      "x": 1.3,
      "y": 1.2
    },
    "tamedbear-*-adult-female": {
      "x": 1.25,
      "y": 1.1
    }
  },
  "deadCollisionBoxSizeByType": {
    "tamedbear-polar-adult-male": {
      "x": 1.2,
      "y": 0.75
    },
    "tamedbear-polar-adult-female": {
      "x": 1.1,
      "y": 0.7
    },
    "tamedbear-sun-adult-male": {
      "x": 0.7,
      "y": 0.5
    },
    "tamedbear-sun-adult-female": {
      "x": 0.7,
      "y": 0.5
    },
    "tamedbear-*-adult-male": {
      "x": 1,
      "y": 0.7
    },
    "tamedbear-*-adult-female": {
      "x": 0.9,
      "y": 0.7
    }
  },
  "selectionBoxSizeByType": {
    "*-black": {
      "x": 1.5,
      "y": 1.8
    },
    "*-brown": {
      "x": 1.5,
      "y": 1.8
    },
    "*-sun": {
      "x": 1.2,
      "y": 1.2
    },
    "*-panda": {
      "x": 1.5,
      "y": 1.8
    },
    "*-polar": {
      "x": 2.1,
      "y": 2.9
    }
  },
  "deadSelectionBoxSizeByType": {
    "*-black": {
      "x": 1.2,
      "y": 1.0
    },
    "*-brown": {
      "x": 1.2,
      "y": 1.0
    },
    "*-sun": {
      "x": 1.1,
      "y": 1.0
    },
    "*-panda": {
      "x": 1.2,
      "y": 1.0
    },
    "*-polar": {
      "x": 1.7,
      "y": 1.5
    }
  },
  "knockbackResistanceByType": {
    "*-black": 0.5,
    "*-brown": 0.9,
    "*-sun": 0.5,
    "*-panda": 0.5,
    "*-polar": 1
  },
  "eyeHeight": 0.95,
  "swimmingEyeHeight": 1.2,
  "drops": [],
  "attributes": {
    "killedByInfoText": "deadcreature-eaten-large",
    "handbook": {
      "groupcode": "creaturegroup-tamedbear-{type}"
    },
    "basketCatchable": true,
    "trapChance": 0.0,
    "trapDestroyChance": 0.9,
    "guiTransform": {
      "translation": {
        "x": 0,
        "y": 0,
        "z": 0
      },
      "rotation": {
        "x": 180,
        "y": -115,
        "z": 6
      },
      "origin": {
        "x": 0.5,
        "y": 0.74,
        "z": 0.5
      }
    },
    "tpHandTransform": {
      "translation": {
        "x": -0.7,
        "y": -0.8,
        "z": -0.6
      },
      "rotation": {
        "x": 1,
        "y": 172,
        "z": 26
      },
      "scale": 0.44
    },
    "fpHandTransform": {
      "translation": {
        "x": 0.05,
        "y": -0.3,
        "z": 0.5
      },
      "rotation": {
        "x": -8,
        "y": -84,
        "z": -31
      }
    },
    "groundTransform": {
      "translation": {
        "x": 0,
        "y": 0.1,
        "z": 0
      }
    }
  },
  "client": {
    "renderer": "Shape",
    "shape": {
      "base": "game:entity/animal/mammal/bear/black-adult"
    },
    "textureByType": {
      "tamedbear-black-*": {
        "base": "game:entity/animal/mammal/bear/black-adult*"
      },
      "tamedbear-brown-*": {
        "base": "game:entity/animal/mammal/bear/brown-adult1",
        "alternates": [
          {
            "base": "game:entity/animal/mammal/bear/brown-adult2"
          },
          {
            "base": "game:entity/animal/mammal/bear/brown-adult3"
          }
        ]
      },
      "tamedbear-sun-*": {
        "base": "game:entity/animal/mammal/bear/sun-adult*"
      },
      "tamedbear-panda-*": {
        "base": "game:entity/animal/mammal/bear/panda-adult*"
      },
      "tamedbear-polar-*": {
        "base": "game:entity/animal/mammal/bear/polar-adult*"
      }
    },
    "sizeByType": {
      "tamedbear-black-adult-male": 1,
      "tamedbear-brown-adult-male": 1.25,
      "tamedbear-sun-adult-male": 0.6,
      "tamedbear-panda-adult-male": 0.8,
      "tamedbear-polar-adult-male": 1.4,
      "tamedbear-black-adult-female": 0.9,
      "tamedbear-brown-adult-female": 1.15,
      "tamedbear-sun-adult-female": 0.5,
      "tamedbear-panda-adult-female": 0.7,
      "tamedbear-polar-adult-female": 1.3
    },
    "behaviors": [
      {
        "code": "nametag",
        "showtagonlywhentargeted": true
      },
      {
        "code": "repulseagents"
      },
      {
        "code": "controlledphysics",
        "stepHeightByType": {
          "tamedbear-polar-adult-*": 2.8751,
          "tamedbear-sun-adult-*": 2.1251,
          "*": 3.1251
        }
      },
      {
        "code": "floatupwhenstuck",
        "onlyWhenDead": true
      },
      {
        "code": "interpolateposition"
      },
      {
        "code": "harvestable"
      },
      {
        "code": "receivecommand",
        "availableCommands": [
          {
            "commandName": "sit",
            "commandType": "SIMPLE",
            "minObedience": 0.2
          },
          {
            "commandName": "lay",
            "commandType": "SIMPLE",
            "minObedience": 0.2
          },
          {
            "commandName": "speak",
            "commandType": "SIMPLE",
            "minObedience": 0.2
          },
          {
            "commandName": "followmaster",
            "commandType": "COMPLEX",
            "minObedience": 0.6
          },
          {
            "commandName": "stay",
            "commandType": "COMPLEX",
            "minObedience": 0.1
          },
          {
            "commandName": "NEUTRAL",
            "commandType": "AGGRESSIONLEVEL",
            "minObedience": 0
          },
          {
            "commandName": "PROTECTIVE",
            "commandType": "AGGRESSIONLEVEL",
            "minObedience": 0.5
          },
          {
            "commandName": "AGGRESSIVE",
            "commandType": "AGGRESSIONLEVEL",
            "minObedience": 0.7
          },
          {
            "commandName": "PASSIVE",
            "commandType": "AGGRESSIONLEVEL",
            "minObedience": 0.8
          }
        ]
      },
      {
        "code": "tameable",
        "treat": [
          {
            "code": "honeycomb",
            "progress": 0.3,
            "cooldown": 1
          },
          {
            "code": "fruit-cranberry",
            "progress": 0.15,
            "cooldown": 2
          },
          {
            "code": "fruit-blueberry",
            "progress": 0.15,
            "cooldown": 2
          },
          {
            "code": "redmeat-raw",
            "progress": 0.3,
            "cooldown": 3
          },
          {
            "code": "poultry-raw",
            "progress": 0.3,
            "cooldown": 3
          },
          {
            "code": "petcookie-meat-perfect",
            "domain": "petai",
            "progress": 0.8,
            "cooldown": 3
          },
          {
            "code": "petcookie-veggie-perfect",
            "domain": "petai",
            "progress": 0.8,
            "cooldown": 3
          }
        ]
      },
      {
        "code": "mouthinventory",
        "acceptStacks": [
          {
            "type": "item",
            "code": "honeycomb"
          },
          {
            "type": "item",
            "code": "fruit-cranberry"
          },
          {
            "type": "item",
            "code": "fruit-blueberry"
          },
          {
            "type": "item",
            "code": "redmeat-raw"
          },
          {
            "type": "item",
            "code": "poultry-raw"
          },
          {
            "type": "item",
            "code": "petai:petcookie-meat-perfect"
          },
          {
            "type": "item",
            "code": "petai:petcookie-veggie-perfect"
          }
        ]
      },
      {
        "code": "ropetieable",
        "minGeneration": 2
      }
    ],
    "animations": [
      {
        "code": "hurt",
        "animation": "hurt",
        "animationSpeed": 2.2,
        "weight": 10,
        "blendMode": "AddAverage"
      },
      {
        "code": "die",
        "animation": "die",
        "animationSpeed": 1.25,
        "weight": 10,
        "blendMode": "Average",
        "triggeredBy": {
          "onControls": [
            "dead"
          ]
        }
      },
      {
        "code": "idle",
        "animation": "idle",
        "blendMode": "AddAverage",
        "easeOutSpeed": 4,
        "animationSpeedByType": {
          "*-black": 0.6,
          "*-brown": 0.6,
          "*-sun": 0.8,
          "*-panda": 0.5,
          "*-polar": 0.4
        },
        "triggeredBy": {
          "defaultAnim": true
        }
      },
      {
        "code": "sleep",
        "animation": "sleep",
        "easeInSpeed": 4,
        "easeOutSpeed": 4,
        "weight": 1.25,
        "blendMode": "Average"
      },
      {
        "code": "sit",
        "animation": "sit",
        "easeInSpeed": 4,
        "easeOutSpeed": 3,
        "animationSpeedByType": {
          "*-black": 0.6,
          "*-brown": 0.6,
          "*-sun": 0.8,
          "*-panda": 0.5,
          "*-polar": 0.4
        },
        "supressDefaultAnimation": true,
        "blendMode": "Average"
      },
      {
        "code": "stand",
        "animation": "stand",
        "easeOutSpeed": 2,
        "weight": 1,
        "blendMode": "Average"
      },
      {
        "code": "lie",
        "animation": "lie",
        "animationSpeedByType": {
          "*-black": 0.3,
          "*-brown": 0.3,
          "*-sun": 0.4,
          "*-panda": 0.25,
          "*-polar": 0.2
        },
        "blendMode": "Average"
      },
      {
        "code": "walk",
        "animation": "walk",
        "supressDefaultAnimation": true,
        "blendMode": "AddAverage"
      }
    ]
  },
  "server": {
    "attributes": {
      "pathfinder": {
        "minTurnAnglePerSec": 350,
        "maxTurnAnglePerSec": 650
      }
    },
    "behaviors": [
      {
        "code": "nametag",
        "showtagonlywhentargeted": true
      },
      {
        "code": "tameable",
        "size": "medium",
        "disobediencePerDay": 0.1,
        "treat": [
          {
            "code": "honeycomb",
            "progress": 0.3,
            "cooldown": 1
          },
          {
            "code": "fruit-cranberry",
            "progress": 0.15,
            "cooldown": 2
          },
          {
            "code": "fruit-blueberry",
            "progress": 0.15,
            "cooldown": 2
          },
          {
            "code": "redmeat-raw",
            "progress": 0.3,
            "cooldown": 3
          },
          {
            "code": "poultry-raw",
            "progress": 0.3,
            "cooldown": 3
          },
          {
            "code": "petcookie-meat-perfect",
            "domain": "petai",
            "progress": 0.8,
            "cooldown": 3
          },
          {
            "code": "petcookie-veggie-perfect",
            "domain": "petai",
            "progress": 0.8,
            "cooldown": 3
          }
        ]
      },
      {
        "code": "mouthinventory",
        "acceptStacks": [
          {
            "type": "item",
            "code": "honeycomb"
          },
          {
            "type": "item",
            "code": "fruit-cranberry"
          },
          {
            "type": "item",
            "code": "fruit-blueberry"
          },
          {
            "type": "item",
            "code": "redmeat-raw"
          },
          {
            "type": "item",
            "code": "poultry-raw"
          },
          {
            "type": "item",
            "code": "petai:petcookie-meat-perfect"
          },
          {
            "type": "item",
            "code": "petai:petcookie-veggie-perfect"
          }
        ]
      },
      {
        "code": "receivecommand",
        "availableCommands": [
          {
            "commandName": "sit",
            "commandType": "SIMPLE",
            "minObedience": 0.2
          },
          {
            "commandName": "lay",
            "commandType": "SIMPLE",
            "minObedience": 0.2
          },
          {
            "commandName": "speak",
            "commandType": "SIMPLE",
            "minObedience": 0.2
          },
          {
            "commandName": "followmaster",
            "commandType": "COMPLEX",
            "minObedience": 0.6
          },
          {
            "commandName": "stay",
            "commandType": "COMPLEX",
            "minObedience": 0.1
          },
          {
            "commandName": "NEUTRAL",
            "commandType": "AGGRESSIONLEVEL",
            "minObedience": 0
          },
          {
            "commandName": "PROTECTIVE",
            "commandType": "AGGRESSIONLEVEL",
            "minObedience": 0.5
          },
          {
            "commandName": "AGGRESSIVE",
            "commandType": "AGGRESSIONLEVEL",
            "minObedience": 0.7
          },
          {
            "commandName": "PASSIVE",
            "commandType": "AGGRESSIONLEVEL",
            "minObedience": 0.8
          }
        ]
      },
      {
        "code": "repulseagents"
      },
      {
        "code": "controlledphysics",
        "stepHeightByType": {
          "tamedbear-polar-adult-*": 2.8751,
          "tamedbear-sun-adult-*": 2.1251,
          "*": 3.1251
        }
      },
      {
        "code": "despawn",
        "minPlayerDistance": 16,
        "belowLightLevel": 8,
        "minSeconds": 300,
        "afterDays": 21
      },
      {
        "code": "health",
        "maxhealthByType": {
          "*-black": 44,
          "*-brown": 64,
          "*-sun": 34,
          "*-panda": 38,
          "*-polar": 66
        }
      },
      {
        "code": "deaddecay",
        "hoursToDecay": 96,
        "decayedBlock": "carcass-large"
      },
      {
        "code": "floatupwhenstuck",
        "onlyWhenDead": true
      },
      {
        "code": "harvestable",
        "drops": [
          {
            "type": "item",
            "code": "bushmeat-raw",
            "quantityByType": {
              "*-black": {
                "avg": 12,
                "var": 2
              },
              "*-brown": {
                "avg": 16,
                "var": 2
              },
              "*-sun": {
                "avg": 9,
                "var": 2
              },
              "*-panda": {
                "avg": 10,
                "var": 2
              },
              "*-polar": {
                "avg": 22,
                "var": 2
              }
            }
          },
          {
            "type": "item",
            "code": "hide-raw-huge",
            "quantityByType": {
              "*-black": {
                "avg": 2,
                "var": 0
              },
              "*-brown": {
                "avg": 3,
                "var": 0
              },
              "*-sun": {
                "avg": 2,
                "var": 0
              },
              "*-panda": {
                "avg": 2,
                "var": 0
              },
              "*-polar": {
                "avg": 3,
                "var": 0
              }
            }
          },
          {
            "type": "item",
            "code": "fat",
            "quantityByType": {
              "*-black": {
                "avg": 2,
                "var": 1
              },
              "*-brown": {
                "avg": 2,
                "var": 1
              },
              "*-sun": {
                "avg": 1,
                "var": 1
              },
              "*-panda": {
                "avg": 2,
                "var": 1
              },
              "*-polar": {
                "avg": 4,
                "var": 1
              }
            }
          }
        ]
      },
      {
        "code": "breathe"
      },
      {
        "code": "emotionstates",
        "states": [
          {
            "code": "fleeondamage",
            "duration": 30,
            "chanceByType": {
              "*-black": 0.1,
              "*-brown": 0.05,
              "*-sun": 0.05,
              "*-panda": 0.3,
              "*-polar": 0.05
            },
            "slot": 2,
            "priority": 5,
            "accumType": "max",
            "whenHealthRelBelow": 0.3
          },
          {
            "code": "saturated",
            "duration": 1200,
            "chance": 1,
            "slot": 0,
            "priority": 1,
            "accumType": "sum",
            "belowTempDuration": 600,
            "belowTempThreshold": -5
          },
          {
            "code": "aggressiveondamage",
            "duration": 30,
            "chance": 1,
            "slot": 2,
            "priority": 2,
            "accumType": "noaccum"
          }
        ]
      },
      {
        "code": "taskai",
        "aitasks": [
          {
            "code": "petmeleeattack",
            "entityCodesByType": {
              "*-panda": [],
              "*-sun": [
                "drifter-*",
                "bell",
                "eidolon-*",
                "locust"
              ],
              "*": [
                "chicken-*",
                "hare-*",
                "fox-*",
                "raccoon-*",
                "pig-*",
                "sheep-*",
                "deer-*"
              ]
            },
            "isCommandable": true,
            "priority": 3,
            "damageByType": {
              "*-black": 10,
              "*-brown": 12,
              "*-sun": 4,
              "*-panda": 8,
              "*-polar": 16
            },
            "damageTier": 2,
            "damageType": "SlashingAttack",
            "damage": 15,
            "minDist": 2,
            "minVerDist": 1.5,
            "slot": 1,
            "mincooldown": 1500,
            "maxcooldown": 1500,
            "attackDurationMs": 800,
            "damagePlayerAtMs": 500,
            "animation": "Attack",
            "animationSpeed": 1,
            "sound": "game:creature/bear/attack"
          },
          {
            "code": "petseekentity",
            "entityCodesByType": {
              "*-panda": [],
              "*-sun": [
                "drifter-*",
                "bell",
                "eidolon-*",
                "locust"
              ],
              "*": [
                "chicken-*",
                "hare-*",
                "fox-*",
                "raccoon-*",
                "pig-*",
                "sheep-*",
                "deer-*"
              ]
            },
            "isCommandable": true,
            "priority": 2.9,
            "movespeed": 0.045,
            "seekingRange": 15,
            "belowTempSeekingRange": 25,
            "belowTempThreshold": -5,
            "animation": "Run",
            "leapAtTarget": true,
            "leapAnimation": null,
            "animationSpeed": 2.2,
            "leapChance": 0.01
          },
          {
            "code": "simplecommand",
            "priority": 3,
            "minduration": 2000,
            "maxduration": 10000,
            "priorityForCancel": 2.8,
            "animation": "Sit",
            "command": "sit"
          },
          {
            "code": "simplecommand",
            "priority": 3,
            "minduration": 5000,
            "maxduration": 15000,
            "priorityForCancel": 2.8,
            "animation": "Lie",
            "animationSpeed": 0.8,
            "command": "lay"
          },
          {
            "code": "simplecommand",
            "priority": 3,
            "minduration": 4667,
            "maxduration": 4667,
            "priorityForCancel": 3.1,
            "animation": "Howl",
            "animationSpeed": 0.5,
            "command": "speak",
            "sound": "game:creature/bear/growl*"
          },
          {
            "code": "followmaster",
            "priority": 2,
            "priorityForCancel": 1.9,
            "command": "followmaster",
            "movespeed": 0.045,
            "animationSpeed": 2.2,
            "maxDistance": 8,
            "searchRange": 40,
            "animation": "Run",
            "allowTeleport": true
          },
          {
            "code": "stay",
            "priority": 2,
            "priorityForCancel": 1.9,
            "command": "stay",
            "movespeed": 0.006,
            "maxDistance": 10,
            "searchRange": 40,
            "animation": "Walk"
          },
          {
            "code": "getoutofwater",
            "priority": 1.4,
            "movespeedByType": {
              "*-polar": 0.035,
              "*": 0.015
            },
            "animation": "Swim",
            "animationSpeedByType": {
              "*-polar": 0.8,
              "*": 1
            }
          },
          {
            "code": "seeknest",
            "priority": 1.56,
            "duringDayTimeFrames": [
              {
                "fromHour": 10,
                "toHour": 18
              },
              {
                "fromHour": 1,
                "toHour": 3
              }
            ],
            "movespeed": 0.006,
            "animation": "Walk"
          },
          {
            "code": "idle",
            "priority": 1.3,
            "priorityForCancel": 1.35,
            "minduration": 200000,
            "maxduration": 800000,
            "mincooldown": 10000,
            "maxcooldown": 30000,
            "animation": "Sleep",
            "animationSpeed": 0.3,
            "whenNotInEmotionState": "aggressiveondamage",
            "duringDayTimeFrames": [
              {
                "fromHour": 10,
                "toHour": 18
              },
              {
                "fromHour": 1,
                "toHour": 3
              }
            ],
            "stopOnNearbyEntityCodes": [
              "player"
            ],
            "stopRange": 10,
            "stopOnHurt": true
          },
          {
            "code": "idle",
            "priority": 1.2,
            "priorityForCancel": 1.35,
            "minduration": 4667,
            "maxduration": 4667,
            "mincooldown": 80000,
            "maxcooldown": 500000,
            "animation": "Stand",
            "whenNotInEmotionState": "aggressiveondamage",
            "animationSpeed": 0.5
          },
          {
            "code": "idle",
            "priority": 1.1,
            "priorityForCancel": 1.35,
            "minduration": 2500,
            "maxduration": 2500,
            "mincooldown": 6000,
            "maxcooldown": 20000,
            "animation": "Stand",
            "whenNotInEmotionState": "aggressiveondamage",
            "animationSpeed": 1.25
          },
          {
            "code": "wander",
            "priority": 1.0,
            "priorityForCancel": 1.35,
            "animation": "Walk",
            "preferredLightLevel": 20,
            "animationSpeedByType": {
              "*-sun": 1.1,
              "*-black": 0.8,
              "*-brown": 0.9,
              "*-panda": 1,
              "*-polar": 0.8
            },
            "movespeedByType": {
              "*-sun": 0.01,
              "*-black": 0.015,
              "*-polar": 0.019,
              "*-brown": 0.02,
              "*-panda": 0.015
            }
          },
          {
            "code": "idle",
            "priority": 0.9,
            "priorityForCancel": 1.35,
            "minduration": 5000,
            "maxduration": 30000,
            "mincooldown": 2000,
            "maxcooldown": 120000,
            "animation": "Sit",
            "supressDefaultAnimation": true,
            "whenNotInEmotionState": "aggressiveondamage",
            "stopOnNearbyEntityCodes": [
              "player"
            ],
            "stopRange": 5
          },
          {
            "code": "idle",
            "priority": 0.6,
            "priorityForCancel": 1.35,
            "minduration": 5000,
            "maxduration": 30000,
            "mincooldown": 2000,
            "maxcooldown": 120000,
            "animation": "Lie",
            "whenNotInEmotionState": "aggressiveondamage",
            "stopOnNearbyEntityCodes": [
              "player"
            ],
            "stopRange": 5
          },
          {
            "code": "lookaround",
            "turnSpeedMul": 0.2,
            "priority": 0.5
          }
        ]
      },
      {
        "code": "ropetieable",
        "minGeneration": 2
      },
      {
        "code": "pettableextended",
        "minGeneration": 0
      }
    ]
  },
  "sounds": {
    "hurt": "game:creature/bear/hurt",
    "death": "game:creature/bear/flee",
    "idle": "game:creature/bear/growl*"
  },
  "idleSoundChance": 0
}

