{
	"editor": {
		"allAngles": false,
		"entityTextureMode": false
	},
	"textureWidth": 16,
	"textureHeight": 16,
	"textureSizes": {
	},
	"textures": {
		"stem": "game:block/plant/bamboo/stem-brown"
	},
	"elements": [
		{
			"name": "StalkMidNW",
			"from": [ 3.75, 0.0, 2.75 ],
			"to": [ 5.25, 16.0, 4.25 ],
			"faces": {
				"north": { "texture": "#stem", "uv": [ 3.0, 0.0, 4.5, 16.0 ] },
				"east": { "texture": "#stem", "uv": [ 1.0, 0.0, 2.5, 16.0 ] },
				"south": { "texture": "#stem", "uv": [ 5.0, 0.0, 6.5, 16.0 ] },
				"west": { "texture": "#stem", "uv": [ 1.0, 0.0, 2.5, 16.0 ] },
				"up": { "texture": "#stem", "uv": [ 8.5, 12.0, 10.0, 13.5 ] },
				"down": { "texture": "#stem", "uv": [ 8.5, 12.0, 10.0, 13.5 ] }
			}
		},
		{
			"name": "StalkMidNE",
			"from": [ 12.75, 0.0, 6.75 ],
			"to": [ 14.25, 16.0, 8.25 ],
			"faces": {
				"north": { "texture": "#stem", "uv": [ 0.0, 0.0, 1.5, 16.0 ] },
				"east": { "texture": "#stem", "uv": [ 1.0, 0.0, 2.5, 16.0 ] },
				"south": { "texture": "#stem", "uv": [ 2.0, 0.0, 3.5, 16.0 ] },
				"west": { "texture": "#stem", "uv": [ 2.0, 0.0, 3.5, 16.0 ] },
				"up": { "texture": "#stem", "uv": [ 8.5, 11.5, 10.0, 13.0 ] },
				"down": { "texture": "#stem", "uv": [ 8.5, 11.5, 10.0, 13.0 ] }
			}
		},
		{
			"name": "StalkMidSE",
			"from": [ 9.75, 0.0, 9.75 ],
			"to": [ 11.25, 16.0, 11.25 ],
			"faces": {
				"north": { "texture": "#stem", "uv": [ 4.0, 0.0, 5.5, 16.0 ] },
				"east": { "texture": "#stem", "uv": [ 4.0, 0.0, 5.5, 16.0 ] },
				"south": { "texture": "#stem", "uv": [ 5.0, 0.0, 6.5, 16.0 ] },
				"west": { "texture": "#stem", "uv": [ 1.0, 0.0, 2.5, 16.0 ] },
				"up": { "texture": "#stem", "uv": [ 8.5, 12.0, 10.0, 13.5 ] },
				"down": { "texture": "#stem", "uv": [ 8.5, 12.0, 10.0, 13.5 ] }
			}
		},
		{
			"name": "StalkMidSW",
			"from": [ 2.75, 0.0, 12.75 ],
			"to": [ 4.25, 16.0, 14.25 ],
			"faces": {
				"north": { "texture": "#stem", "uv": [ 0.0, 0.0, 1.5, 16.0 ] },
				"east": { "texture": "#stem", "uv": [ 2.0, 0.0, 3.5, 16.0 ] },
				"south": { "texture": "#stem", "uv": [ 0.0, 0.0, 1.5, 16.0 ] },
				"west": { "texture": "#stem", "uv": [ 5.0, 0.0, 6.5, 16.0 ] },
				"up": { "texture": "#stem", "uv": [ 8.5, 12.0, 10.0, 13.5 ] },
				"down": { "texture": "#stem", "uv": [ 9.0, 12.0, 10.5, 13.5 ] }
			}
		},
		{
			"name": "StalkCenter",
			"from": [ 6.75, 0.0, 6.75 ],
			"to": [ 8.25, 16.0, 8.25 ],
			"faces": {
				"north": { "texture": "#stem", "uv": [ 3.0, 0.0, 4.5, 16.0 ] },
				"east": { "texture": "#stem", "uv": [ 1.0, 0.0, 2.5, 16.0 ] },
				"south": { "texture": "#stem", "uv": [ 5.0, 0.0, 6.5, 16.0 ] },
				"west": { "texture": "#stem", "uv": [ 1.0, 0.0, 2.5, 16.0 ] },
				"up": { "texture": "#stem", "uv": [ 9.0, 12.0, 10.5, 13.5 ] },
				"down": { "texture": "#stem", "uv": [ 8.5, 12.0, 10.0, 13.5 ] }
			}
		},
		{
			"name": "StalkMidW",
			"from": [ 1.75, 0.0, 7.75 ],
			"to": [ 3.25, 16.0, 9.25 ],
			"faces": {
				"north": { "texture": "#stem", "uv": [ 3.0, 0.0, 4.5, 16.0 ] },
				"east": { "texture": "#stem", "uv": [ 1.0, 0.0, 2.5, 16.0 ] },
				"south": { "texture": "#stem", "uv": [ 5.0, 0.0, 6.5, 16.0 ] },
				"west": { "texture": "#stem", "uv": [ 1.0, 0.0, 2.5, 16.0 ] },
				"up": { "texture": "#stem", "uv": [ 8.5, 12.0, 10.0, 13.5 ] },
				"down": { "texture": "#stem", "uv": [ 9.0, 12.0, 10.5, 13.5 ] }
			}
		}
	]}