{
  "editor": {
    "allAngles": true,
    "entityTextureMode": false
  },
  "textureWidth": 32,
  "textureHeight": 16,
  "textureSizes": {
    "material": [16, 16],
    "string": [16, 16],
    "fish": [32, 16],
    "skin": [32, 16]
  },
  "textures": {},
  "elements": [
    {
      "name": "origin",
      "from": [14.0, 0.5, 7.7],
      "to": [14.0, 0.5, 7.7],
      "rotationOrigin": [8.0, 0.0, 8.0],
      "faces": {
        "north": { "texture": "#string", "uv": [0.0, 0.0, 0.5, 0.5] },
        "east": { "texture": "#string", "uv": [0.0, 0.0, 0.5, 0.5] },
        "south": { "texture": "#string", "uv": [0.0, 0.0, 0.5, 0.5] },
        "west": { "texture": "#string", "uv": [0.0, 0.0, 0.5, 0.5] },
        "up": { "texture": "#string", "uv": [0.0, 0.0, 0.5, 0.5] },
        "down": { "texture": "#string", "uv": [0.0, 0.0, 0.5, 0.5] }
      },
      "children": [
        {
          "name": "handle",
          "from": [-8.0, -0.5, -0.5],
          "to": [5.0, 1.0, 1.0],
          "rotationOrigin": [-9.5, -8.0, 0.0],
          "faces": {
            "north": { "texture": "#material", "uv": [0.0, 5.5, 13.0, 7.0] },
            "east": { "texture": "#material", "uv": [7.0, 0.5, 8.5, 2.0] },
            "south": { "texture": "#material", "uv": [2.5, 9.5, 15.5, 11.0] },
            "west": { "texture": "#material", "uv": [14.0, 10.0, 15.5, 11.5] },
            "up": { "texture": "#material", "uv": [2.5, 5.0, 15.5, 6.5] },
            "down": { "texture": "#material", "uv": [0.0, 13.0, 13.0, 14.5] }
          },
          "children": [
            {
              "name": "Cube24",
              "from": [12.0, 0.8, 0.0],
              "to": [17.0, 1.5, 0.7],
              "rotationOrigin": [12.0, 0.8, 0.0],
              "rotationY": 5.0,
              "rotationZ": 5.0,
              "faces": {
                "north": {
                  "texture": "#material",
                  "uv": [6.0, 9.5, 11.0, 10.0]
                },
                "east": { "texture": "#material", "uv": [8.5, 2.0, 9.0, 2.5] },
                "south": {
                  "texture": "#material",
                  "uv": [6.0, 7.0, 11.0, 7.5]
                },
                "west": {
                  "texture": "#material",
                  "uv": [2.0, 11.5, 2.5, 12.0]
                },
                "up": { "texture": "#material", "uv": [8.0, 6.0, 13.0, 6.5] },
                "down": { "texture": "#material", "uv": [6.5, 7.0, 11.5, 7.5] }
              }
            },
            {
              "name": "Cube31",
              "from": [12.0, 0.8, 0.8],
              "to": [17.0, 1.5, 1.5],
              "rotationOrigin": [12.0, 0.8, 0.8],
              "rotationY": -5.0,
              "rotationZ": 5.0,
              "faces": {
                "north": {
                  "texture": "#material",
                  "uv": [11.0, 8.0, 16.0, 8.5]
                },
                "east": { "texture": "#material", "uv": [3.0, 4.0, 3.5, 4.5] },
                "south": { "texture": "#material", "uv": [1.0, 8.0, 6.0, 8.5] },
                "west": { "texture": "#material", "uv": [0.0, 0.0, 0.5, 0.5] },
                "up": { "texture": "#material", "uv": [6.0, 5.5, 11.0, 6.0] },
                "down": { "texture": "#material", "uv": [0.0, 0.0, 5.0, 0.5] }
              }
            },
            {
              "name": "Cube32",
              "from": [12.0, 0.0, 0.8],
              "to": [17.0, 0.7, 1.5],
              "rotationOrigin": [12.0, 0.0, 0.8],
              "rotationY": -5.0,
              "rotationZ": -5.0,
              "faces": {
                "north": {
                  "texture": "#material",
                  "uv": [8.5, 12.0, 13.5, 12.5]
                },
                "east": { "texture": "#material", "uv": [3.5, 9.5, 4.0, 10.0] },
                "south": { "texture": "#material", "uv": [2.0, 6.0, 7.0, 6.5] },
                "west": { "texture": "#material", "uv": [4.0, 6.5, 4.5, 7.0] },
                "up": { "texture": "#material", "uv": [1.5, 13.5, 6.5, 14.0] },
                "down": { "texture": "#material", "uv": [1.5, 4.5, 6.5, 5.0] }
              }
            },
            {
              "name": "Cube33",
              "from": [12.0, 0.0, 0.0],
              "to": [17.0, 0.7, 0.7],
              "rotationOrigin": [12.0, 0.0, 0.0],
              "rotationY": 5.0,
              "rotationZ": -5.0,
              "faces": {
                "north": {
                  "texture": "#material",
                  "uv": [9.0, 4.0, 14.0, 4.5]
                },
                "east": {
                  "texture": "#material",
                  "uv": [9.0, 15.0, 9.5, 15.5]
                },
                "south": { "texture": "#material", "uv": [0.0, 0.0, 5.0, 0.5] },
                "west": {
                  "texture": "#material",
                  "uv": [7.5, 11.5, 8.0, 12.0]
                },
                "up": { "texture": "#material", "uv": [8.0, 8.0, 13.0, 8.5] },
                "down": { "texture": "#material", "uv": [3.5, 6.5, 8.5, 7.0] }
              }
            },
            {
              "name": "Cube34",
              "from": [16.9, -0.45, 1.45],
              "to": [18.9, 0.05, 1.95],
              "rotationOrigin": [16.9, -0.4, 1.4],
              "rotationY": -5.0,
              "rotationZ": -5.0,
              "faces": {
                "north": {
                  "texture": "#material",
                  "uv": [9.5, 5.0, 11.5, 5.5]
                },
                "east": { "texture": "#material", "uv": [6.0, 8.0, 6.5, 8.5] },
                "south": { "texture": "#material", "uv": [7.0, 0.5, 9.0, 1.0] },
                "west": {
                  "texture": "#material",
                  "uv": [11.5, 5.5, 12.0, 6.0]
                },
                "up": { "texture": "#material", "uv": [0.5, 10.5, 2.5, 11.0] },
                "down": { "texture": "#material", "uv": [11.5, 0.0, 13.5, 0.5] }
              }
            },
            {
              "name": "Cube35",
              "from": [16.9, 1.45, 1.45],
              "to": [18.9, 1.95, 1.95],
              "rotationOrigin": [16.9, 1.4, 1.5],
              "rotationY": -5.0,
              "rotationZ": 5.0,
              "faces": {
                "north": {
                  "texture": "#material",
                  "uv": [2.0, 15.0, 4.0, 15.5]
                },
                "east": {
                  "texture": "#material",
                  "uv": [12.0, 9.5, 12.5, 10.0]
                },
                "south": {
                  "texture": "#material",
                  "uv": [2.5, 14.5, 4.5, 15.0]
                },
                "west": {
                  "texture": "#material",
                  "uv": [12.5, 9.0, 13.0, 9.5]
                },
                "up": { "texture": "#material", "uv": [6.0, 10.0, 8.0, 10.5] },
                "down": { "texture": "#material", "uv": [8.5, 8.0, 10.5, 8.5] }
              }
            },
            {
              "name": "Cube25",
              "from": [16.9, 1.45, -0.45],
              "to": [18.9, 1.95, 0.05],
              "rotationOrigin": [16.9, 1.4, -0.4],
              "rotationY": 5.0,
              "rotationZ": 5.0,
              "faces": {
                "north": {
                  "texture": "#material",
                  "uv": [10.5, 0.0, 12.5, 0.5]
                },
                "east": {
                  "texture": "#material",
                  "uv": [5.0, 12.0, 5.5, 12.5]
                },
                "south": { "texture": "#material", "uv": [4.5, 2.0, 6.5, 2.5] },
                "west": { "texture": "#material", "uv": [7.0, 3.5, 7.5, 4.0] },
                "up": { "texture": "#material", "uv": [0.0, 13.5, 2.0, 14.0] },
                "down": { "texture": "#material", "uv": [4.5, 5.0, 6.5, 5.5] }
              }
            },
            {
              "name": "Cube36",
              "from": [16.9, -0.45, -0.45],
              "to": [18.9, 0.05, 0.05],
              "rotationOrigin": [16.9, -0.4, -0.4],
              "rotationY": 5.0,
              "rotationZ": -5.0,
              "faces": {
                "north": {
                  "texture": "#material",
                  "uv": [13.0, 5.5, 15.0, 6.0]
                },
                "east": {
                  "texture": "#material",
                  "uv": [3.0, 13.5, 3.5, 14.0]
                },
                "south": { "texture": "#material", "uv": [6.0, 9.0, 8.0, 9.5] },
                "west": {
                  "texture": "#material",
                  "uv": [13.0, 6.5, 13.5, 7.0]
                },
                "up": { "texture": "#material", "uv": [7.0, 13.0, 9.0, 13.5] },
                "down": { "texture": "#material", "uv": [12.5, 8.5, 14.5, 9.0] }
              }
            },
            {
              "name": "Cube37",
              "from": [13.2, 0.5, -0.7],
              "to": [13.7, 1.0, 2.1],
              "rotationOrigin": [15.2, 0.5, 2.2],
              "faces": {
                "north": {
                  "texture": "#material",
                  "uv": [8.5, 10.5, 9.0, 11.0]
                },
                "east": { "texture": "#material", "uv": [9.5, 3.5, 12.0, 4.0] },
                "south": {
                  "texture": "#material",
                  "uv": [14.5, 7.0, 15.0, 7.5]
                },
                "west": {
                  "texture": "#material",
                  "uv": [4.0, 11.0, 6.5, 11.5]
                },
                "up": { "texture": "#material", "uv": [0.5, 12.0, 1.0, 14.5] },
                "down": { "texture": "#material", "uv": [14.0, 3.0, 14.5, 5.5] }
              }
            },
            {
              "name": "Cube38",
              "from": [13.5, -0.6, 0.5],
              "to": [14.0, 2.2, 1.0],
              "rotationOrigin": [13.5, -0.6, 3.4],
              "faces": {
                "north": {
                  "texture": "#material",
                  "uv": [8.5, 10.5, 9.0, 13.0]
                },
                "east": { "texture": "#material", "uv": [9.5, 3.5, 10.0, 6.0] },
                "south": {
                  "texture": "#material",
                  "uv": [14.5, 7.0, 15.0, 9.5]
                },
                "west": {
                  "texture": "#material",
                  "uv": [4.0, 11.0, 4.5, 13.5]
                },
                "up": { "texture": "#material", "uv": [0.5, 12.0, 1.0, 12.5] },
                "down": { "texture": "#material", "uv": [14.0, 3.0, 14.5, 3.5] }
              }
            }
          ]
        },
        {
          "name": "string 2",
          "from": [-18.7, -0.7, -1.5],
          "to": [-18.2, 1.3, 1.5],
          "rotationOrigin": [-18.7, -0.7, 0.0],
          "rotationY": -52.0,
          "faces": {
            "north": {
              "texture": "#string",
              "uv": [1.0, 0.0, 3.0, 0.5],
              "rotation": 90
            },
            "east": { "texture": "#string", "uv": [0.0, 0.0, 3.0, 2.0] },
            "south": { "texture": "#string", "uv": [0.0, 0.0, 0.5, 2.0] },
            "west": { "texture": "#string", "uv": [0.0, 0.0, 3.0, 2.0] },
            "up": {
              "texture": "#string",
              "uv": [3.5, 0.0, 6.5, 0.5],
              "rotation": 90
            },
            "down": { "texture": "#string", "uv": [0.0, 0.0, 0.5, 3.0] }
          }
        },
        {
          "name": "string 3",
          "from": [3.4, -0.8, -0.8],
          "to": [3.9, 1.4, 1.4],
          "rotationOrigin": [3.4, -0.8, 0.7],
          "rotationY": 12.0,
          "faces": {
            "north": {
              "texture": "#string",
              "uv": [3.0, 6.5, 5.0, 7.0],
              "rotation": 90
            },
            "east": { "texture": "#string", "uv": [1.5, 11.0, 3.5, 13.0] },
            "south": {
              "texture": "#string",
              "uv": [11.5, 13.0, 13.5, 13.5],
              "rotation": 90
            },
            "west": { "texture": "#string", "uv": [0.0, 12.5, 2.0, 14.5] },
            "up": { "texture": "#string", "uv": [10.5, 1.5, 11.0, 3.5] },
            "down": { "texture": "#string", "uv": [14.5, 7.0, 15.0, 9.0] }
          }
        },
        {
          "name": "string 4",
          "from": [3.2, -0.7, -0.9],
          "to": [3.7, 1.5, 1.1],
          "rotationOrigin": [3.2, -0.7, 0.6],
          "rotationX": 2.0,
          "rotationY": -26.0,
          "faces": {
            "north": {
              "texture": "#string",
              "uv": [5.0, 7.0, 7.0, 7.5],
              "rotation": 90
            },
            "east": { "texture": "#string", "uv": [3.0, 3.0, 5.0, 5.0] },
            "south": {
              "texture": "#string",
              "uv": [4.0, 1.5, 6.0, 2.0],
              "rotation": 90
            },
            "west": { "texture": "#string", "uv": [11.0, 13.5, 13.0, 15.5] },
            "up": {
              "texture": "#string",
              "uv": [2.0, 2.0, 4.0, 2.5],
              "rotation": 90
            },
            "down": {
              "texture": "#string",
              "uv": [13.0, 5.5, 15.0, 6.0],
              "rotation": 90
            }
          }
        },
        {
          "name": "handle 2",
          "from": [-24.0, -0.5, -0.5],
          "to": [-8.0, 1.0, 1.0],
          "rotationOrigin": [-25.5, -8.0, 0.0],
          "faces": {
            "north": { "texture": "#material", "uv": [0.0, 9.5, 16.0, 11.0] },
            "east": { "texture": "#material", "uv": [0.5, 1.5, 2.0, 3.0] },
            "south": { "texture": "#material", "uv": [0.0, 9.5, 16.0, 11.0] },
            "west": { "texture": "#material", "uv": [12.5, 9.5, 14.0, 11.0] },
            "up": { "texture": "#material", "uv": [0.0, 5.0, 16.0, 6.5] },
            "down": { "texture": "#material", "uv": [0.0, 9.0, 16.0, 10.5] }
          }
        },
        {
          "name": "string 26",
          "from": [-17.7, -0.8, -0.7],
          "to": [-17.2, 1.2, 1.3],
          "rotationOrigin": [-17.7, -0.8, 0.8],
          "rotationY": 6.0,
          "rotationZ": 2.0,
          "faces": {
            "north": {
              "texture": "#string",
              "uv": [7.5, 1.0, 9.5, 1.5],
              "rotation": 90
            },
            "east": { "texture": "#string", "uv": [0.0, 2.0, 2.0, 4.0] },
            "south": {
              "texture": "#string",
              "uv": [6.0, 3.5, 8.0, 4.0],
              "rotation": 90
            },
            "west": { "texture": "#string", "uv": [3.0, 2.5, 5.0, 4.5] },
            "up": {
              "texture": "#string",
              "uv": [6.5, 1.0, 8.5, 1.5],
              "rotation": 90
            },
            "down": {
              "texture": "#string",
              "uv": [7.0, 2.0, 9.0, 2.5],
              "rotation": 90
            }
          }
        },
        {
          "name": "string 27",
          "from": [-18.1, -0.8, -0.8],
          "to": [-17.6, 1.2, 1.2],
          "rotationOrigin": [-18.1, -0.8, 0.7],
          "rotationX": 1.0,
          "rotationZ": 19.0,
          "faces": {
            "north": {
              "texture": "#string",
              "uv": [1.0, 0.5, 3.0, 1.0],
              "rotation": 90
            },
            "east": { "texture": "#string", "uv": [0.0, 2.0, 2.0, 4.0] },
            "south": {
              "texture": "#string",
              "uv": [0.0, 2.5, 2.0, 3.0],
              "rotation": 90
            },
            "west": { "texture": "#string", "uv": [2.0, 2.5, 4.0, 4.5] },
            "up": {
              "texture": "#string",
              "uv": [4.5, 0.0, 6.5, 0.5],
              "rotation": 90
            },
            "down": {
              "texture": "#string",
              "uv": [2.5, 2.0, 4.5, 2.5],
              "rotation": 90
            }
          }
        },
        {
          "name": "string 28",
          "from": [-15.0, -0.8, -0.7],
          "to": [-14.5, 1.2, 1.3],
          "rotationOrigin": [-15.0, -0.8, 0.8],
          "rotationY": -17.0,
          "faces": {
            "north": {
              "texture": "#string",
              "uv": [8.5, 0.5, 10.5, 1.0],
              "rotation": 90
            },
            "east": { "texture": "#string", "uv": [0.0, 0.0, 2.0, 2.0] },
            "south": {
              "texture": "#string",
              "uv": [1.0, 0.5, 3.0, 1.0],
              "rotation": 90
            },
            "west": { "texture": "#string", "uv": [2.0, 2.5, 4.0, 4.5] },
            "up": { "texture": "#string", "uv": [0.0, 0.0, 0.5, 2.0] },
            "down": { "texture": "#string", "uv": [0.0, 0.0, 0.5, 2.0] }
          }
        },
        {
          "name": "string 29",
          "from": [-14.5, -0.9, -0.9],
          "to": [-14.0, 1.1, 1.6],
          "rotationOrigin": [-14.5, -0.9, 0.6],
          "rotationY": 42.0,
          "rotationZ": -1.0,
          "faces": {
            "north": {
              "texture": "#string",
              "uv": [9.5, 0.0, 11.5, 0.5],
              "rotation": 90
            },
            "east": { "texture": "#string", "uv": [2.0, 2.0, 4.5, 4.0] },
            "south": {
              "texture": "#string",
              "uv": [5.5, 2.0, 7.5, 2.5],
              "rotation": 90
            },
            "west": { "texture": "#string", "uv": [1.0, 1.5, 3.5, 3.5] },
            "up": {
              "texture": "#string",
              "uv": [1.0, 0.0, 3.5, 0.5],
              "rotation": 90
            },
            "down": {
              "texture": "#string",
              "uv": [7.5, 1.0, 10.0, 1.5],
              "rotation": 90
            }
          }
        },
        {
          "name": "string 6",
          "from": [6.0, -0.9, -1.2],
          "to": [6.5, 1.3, 1.3],
          "rotationOrigin": [6.0, -0.9, 0.3],
          "rotationX": 2.0,
          "rotationY": -13.0,
          "faces": {
            "north": {
              "texture": "#string",
              "uv": [7.0, 0.0, 9.0, 0.5],
              "rotation": 90
            },
            "east": { "texture": "#string", "uv": [10.0, 6.0, 12.5, 8.0] },
            "south": {
              "texture": "#string",
              "uv": [7.0, 2.5, 9.0, 3.0],
              "rotation": 90
            },
            "west": { "texture": "#string", "uv": [1.0, 3.0, 3.5, 5.0] },
            "up": {
              "texture": "#string",
              "uv": [2.0, 9.5, 4.5, 10.0],
              "rotation": 90
            },
            "down": {
              "texture": "#string",
              "uv": [7.0, 13.0, 9.5, 13.5],
              "rotation": 90
            }
          }
        },
        {
          "name": "string 7",
          "from": [6.0, -0.9, -1.0],
          "to": [6.5, 1.5, 1.5],
          "rotationOrigin": [6.0, -0.9, 0.5],
          "rotationX": -2.0,
          "rotationY": 13.0,
          "faces": {
            "north": {
              "texture": "#string",
              "uv": [9.5, 10.5, 11.5, 11.0],
              "rotation": 90
            },
            "east": { "texture": "#string", "uv": [1.5, 12.5, 4.0, 14.5] },
            "south": {
              "texture": "#string",
              "uv": [1.5, 10.0, 3.5, 10.5],
              "rotation": 90
            },
            "west": { "texture": "#string", "uv": [10.5, 1.5, 13.0, 3.5] },
            "up": {
              "texture": "#string",
              "uv": [0.0, 5.5, 2.5, 6.0],
              "rotation": 90
            },
            "down": {
              "texture": "#string",
              "uv": [10.0, 11.5, 12.5, 12.0],
              "rotation": 90
            }
          }
        }
      ]
    },
    {
      "name": "origin",
      "from": [23.7, -2.0, 10.8],
      "to": [23.7, -2.0, 10.8],
      "rotationOrigin": [23.7, -2.0, 10.8],
      "rotationY": 89.0,
      "rotationZ": -89.0,
      "faces": {},
      "children": [
        {
          "name": "Body",
          "from": [-6.0, 1.0, -1.0],
          "to": [-1.0, 4.8, 0.8],
          "rotationOrigin": [-1.0, 3.0, 0.0],
          "faces": {
            "north": {
              "texture": "#skin",
              "uv": [12.5, 5.0, 16.0, 10.0],
              "rotation": 90
            },
            "east": { "texture": "#skin", "uv": [11.0, 10.0, 12.5, 13.5] },
            "south": {
              "texture": "#skin",
              "uv": [7.5, 5.0, 11.0, 10.0],
              "rotation": 270
            },
            "west": {
              "texture": "#skin",
              "uv": [11.0, 1.5, 12.5, 5.0],
              "rotation": 180
            },
            "up": {
              "texture": "#skin",
              "uv": [11.0, 5.0, 12.5, 10.0],
              "rotation": 270
            },
            "down": {
              "texture": "#skin",
              "uv": [16.0, 5.0, 17.5, 10.0],
              "rotation": 90
            }
          },
          "children": [
            {
              "name": "Head",
              "from": [-1.5, 0.6, -0.1],
              "to": [1.2, 3.3, 1.9],
              "rotationOrigin": [0.0, 2.1, 0.9],
              "rotationZ": 45.0,
              "faces": {
                "north": {
                  "texture": "#skin",
                  "uv": [4.5, 2.5, 7.0, 5.0],
                  "rotation": 90
                },
                "east": { "texture": "#skin", "uv": [2.5, 5.0, 4.5, 7.5] },
                "south": {
                  "texture": "#skin",
                  "uv": [0.0, 2.5, 2.5, 5.0],
                  "rotation": 270
                },
                "west": {
                  "texture": "#skin",
                  "uv": [2.5, 0.0, 4.5, 2.5],
                  "rotation": 180
                },
                "up": {
                  "texture": "#skin",
                  "uv": [2.5, 2.5, 4.5, 5.0],
                  "rotation": 270
                },
                "down": {
                  "texture": "#skin",
                  "uv": [7.0, 2.5, 9.0, 5.0],
                  "rotation": 90
                }
              },
              "children": [
                {
                  "name": "Jaw",
                  "from": [-0.2, 0.1, 0.1],
                  "to": [0.3, 2.6, 1.8],
                  "rotationOrigin": [0.3, 0.1, 1.0],
                  "rotationZ": 20.0,
                  "faces": {
                    "north": {
                      "texture": "#skin",
                      "uv": [4.0, 10.5, 6.5, 11.0],
                      "rotation": 90
                    },
                    "east": {
                      "texture": "#skin",
                      "uv": [2.5, 11.0, 4.0, 13.5]
                    },
                    "south": {
                      "texture": "#skin",
                      "uv": [0.0, 10.5, 2.5, 11.0],
                      "rotation": 270
                    },
                    "west": {
                      "texture": "#skin",
                      "uv": [2.5, 8.0, 4.0, 10.5],
                      "rotation": 180
                    },
                    "up": {
                      "texture": "#skin",
                      "uv": [2.5, 10.5, 4.0, 11.0],
                      "rotation": 270
                    },
                    "down": {
                      "texture": "#skin",
                      "uv": [6.5, 10.5, 8.0, 11.0],
                      "rotation": 90
                    }
                  }
                },
                {
                  "name": "Eye",
                  "from": [1.0, 2.0, -0.1],
                  "to": [1.5, 2.5, 2.1],
                  "rotationOrigin": [1.0, 2.0, -0.1],
                  "faces": {
                    "north": { "texture": "#skin", "uv": [0.0, 0.5, 0.5, 1.0] },
                    "east": { "texture": "#skin", "uv": [0.0, 0.0, 2.0, 0.5] },
                    "south": { "texture": "#skin", "uv": [1.5, 0.5, 2.0, 1.0] },
                    "west": { "texture": "#skin", "uv": [0.0, 0.5, 2.0, 1.0] },
                    "up": {
                      "texture": "#skin",
                      "uv": [0.0, 0.5, 2.0, 1.0],
                      "rotation": 90
                    },
                    "down": {
                      "texture": "#skin",
                      "uv": [0.0, 0.0, 2.0, 0.5],
                      "rotation": 90
                    }
                  }
                }
              ]
            },
            {
              "name": "Butt",
              "from": [4.6, 0.4, 0.2],
              "to": [8.6, 3.4, 1.6],
              "rotationOrigin": [4.9, 2.0, 0.9],
              "faces": {
                "north": {
                  "texture": "#skin",
                  "uv": [23.0, 0.5, 26.0, 4.5],
                  "rotation": 90
                },
                "east": { "texture": "#skin", "uv": [22.0, 4.5, 23.0, 7.5] },
                "south": {
                  "texture": "#skin",
                  "uv": [19.0, 0.5, 22.0, 4.5],
                  "rotation": 270
                },
                "up": {
                  "texture": "#skin",
                  "uv": [22.0, 0.5, 23.0, 4.5],
                  "rotation": 270
                },
                "down": {
                  "texture": "#skin",
                  "uv": [26.0, 0.5, 27.0, 4.5],
                  "rotation": 90
                }
              },
              "children": [
                {
                  "name": "Tail",
                  "from": [3.7, 0.4, 0.2],
                  "to": [7.7, 2.6, 1.2],
                  "rotationOrigin": [4.0, 1.6, 0.7],
                  "faces": {
                    "north": {
                      "texture": "#skin",
                      "uv": [27.5, 5.0, 29.5, 9.0],
                      "rotation": 90
                    },
                    "east": {
                      "texture": "#skin",
                      "uv": [26.5, 9.0, 27.5, 11.0]
                    },
                    "south": {
                      "texture": "#skin",
                      "uv": [24.5, 5.0, 26.5, 9.0],
                      "rotation": 270
                    },
                    "up": {
                      "texture": "#skin",
                      "uv": [26.5, 5.0, 27.5, 9.0],
                      "rotation": 270
                    },
                    "down": {
                      "texture": "#skin",
                      "uv": [29.5, 5.0, 30.5, 9.0],
                      "rotation": 90
                    }
                  },
                  "children": [
                    {
                      "name": "TailFin",
                      "from": [3.0, -0.8, 0.5],
                      "to": [6.4, 2.6, 0.5],
                      "rotationOrigin": [5.0, 1.2, 0.5],
                      "rotationZ": -45.0,
                      "faces": {
                        "north": {
                          "texture": "#skin",
                          "uv": [28.0, 0.0, 31.0, 3.0]
                        }
                      }
                    }
                  ]
                },
                {
                  "name": "BackFin",
                  "from": [0.7, 3.0, 0.7],
                  "to": [5.7, 4.4, 0.7],
                  "rotationOrigin": [0.7, 3.5, 0.7],
                  "rotationZ": -8.0,
                  "faces": {
                    "north": {
                      "texture": "#skin",
                      "uv": [13.0, 10.5, 18.0, 11.5]
                    }
                  }
                },
                {
                  "name": "FinVentral",
                  "from": [3.7, -0.5, 0.6],
                  "to": [6.9, 0.7, 0.6],
                  "rotationOrigin": [3.7, 0.1, 0.6],
                  "rotationZ": 6.0,
                  "faces": {
                    "north": {
                      "texture": "#skin",
                      "uv": [10.5, 14.0, 13.5, 15.0]
                    }
                  }
                }
              ]
            },
            {
              "name": "DorsalFin",
              "from": [4.4, 2.0, 0.9],
              "to": [7.0, 4.7, 0.9],
              "rotationOrigin": [3.9, 3.0, 0.9],
              "rotationZ": 80.0,
              "faces": {
                "north": { "texture": "#skin", "uv": [0.0, 13.5, 2.5, 16.0] }
              }
            },
            {
              "name": "FinRight",
              "from": [1.3, 0.4, 0.0],
              "to": [6.3, 2.8, 0.0],
              "rotationOrigin": [1.3, 1.1, 0.0],
              "rotationY": 36.0,
              "rotationZ": -10.0,
              "faces": {
                "north": { "texture": "#skin", "uv": [5.0, 11.5, 10.0, 13.5] }
              }
            },
            {
              "name": "FinLeft",
              "from": [1.3, 0.4, 1.8],
              "to": [6.3, 2.8, 1.8],
              "rotationOrigin": [1.3, 1.1, 1.8],
              "rotationY": -36.0,
              "rotationZ": -10.0,
              "faces": {
                "north": { "texture": "#skin", "uv": [5.0, 14.0, 10.0, 16.0] }
              }
            },
            {
              "name": "ClawL1",
              "from": [1.4, -1.0, 1.5],
              "to": [1.6, 0.0, 1.7],
              "rotationOrigin": [1.5, 0.0, 1.6],
              "faces": {
                "north": { "texture": "#skin", "uv": [14.0, 12.5, 14.5, 13.5] },
                "east": { "texture": "#skin", "uv": [14.5, 12.5, 15.0, 13.5] },
                "south": { "texture": "#skin", "uv": [15.0, 12.5, 15.5, 13.5] },
                "west": { "texture": "#skin", "uv": [15.5, 12.5, 16.0, 13.5] },
                "up": { "texture": "#skin", "uv": [14.0, 12.0, 14.5, 12.5] },
                "down": { "texture": "#skin", "uv": [14.5, 12.0, 15.0, 12.5] }
              },
              "children": [
                {
                  "name": "ClawLX1",
                  "from": [0.0, -0.9, 0.0],
                  "to": [0.2, 0.1, 0.2],
                  "rotationOrigin": [0.1, 0.1, 0.1],
                  "rotationX": 20.0,
                  "faces": {
                    "north": {
                      "texture": "#skin",
                      "uv": [14.0, 13.5, 14.5, 14.5]
                    },
                    "east": {
                      "texture": "#skin",
                      "uv": [14.5, 13.5, 15.0, 14.5]
                    },
                    "south": {
                      "texture": "#skin",
                      "uv": [15.0, 13.5, 15.5, 14.5]
                    },
                    "west": {
                      "texture": "#skin",
                      "uv": [15.5, 13.5, 16.0, 14.5]
                    },
                    "up": {
                      "texture": "#skin",
                      "uv": [14.0, 13.0, 14.5, 13.5]
                    },
                    "down": {
                      "texture": "#skin",
                      "uv": [14.5, 13.0, 15.0, 13.5]
                    }
                  }
                }
              ]
            },
            {
              "name": "ClawL2",
              "from": [1.9, -1.0, 1.5],
              "to": [2.1, 0.0, 1.7],
              "rotationOrigin": [2.0, 0.0, 1.6],
              "faces": {
                "north": { "texture": "#skin", "uv": [16.5, 12.5, 17.0, 13.5] },
                "east": { "texture": "#skin", "uv": [17.0, 12.5, 17.5, 13.5] },
                "south": { "texture": "#skin", "uv": [17.5, 12.5, 18.0, 13.5] },
                "west": { "texture": "#skin", "uv": [18.0, 12.5, 18.5, 13.5] },
                "up": { "texture": "#skin", "uv": [16.5, 12.0, 17.0, 12.5] },
                "down": { "texture": "#skin", "uv": [17.0, 12.0, 17.5, 12.5] }
              },
              "children": [
                {
                  "name": "ClawLX2",
                  "from": [0.0, -0.9, 0.0],
                  "to": [0.2, 0.1, 0.2],
                  "rotationOrigin": [0.1, 0.1, 0.1],
                  "rotationX": 20.0,
                  "faces": {
                    "north": {
                      "texture": "#skin",
                      "uv": [16.5, 13.5, 17.0, 14.5]
                    },
                    "east": {
                      "texture": "#skin",
                      "uv": [17.0, 13.5, 17.5, 14.5]
                    },
                    "south": {
                      "texture": "#skin",
                      "uv": [17.5, 13.5, 18.0, 14.5]
                    },
                    "west": {
                      "texture": "#skin",
                      "uv": [18.0, 13.5, 18.5, 14.5]
                    },
                    "up": {
                      "texture": "#skin",
                      "uv": [16.5, 13.0, 17.0, 13.5]
                    },
                    "down": {
                      "texture": "#skin",
                      "uv": [17.0, 13.0, 17.5, 13.5]
                    }
                  }
                }
              ]
            },
            {
              "name": "ClawL3",
              "from": [2.4, -1.0, 1.5],
              "to": [2.6, 0.0, 1.7],
              "rotationOrigin": [2.5, 0.0, 1.6],
              "faces": {
                "north": { "texture": "#skin", "uv": [19.0, 12.5, 19.5, 13.5] },
                "east": { "texture": "#skin", "uv": [19.5, 12.5, 20.0, 13.5] },
                "south": { "texture": "#skin", "uv": [20.0, 12.5, 20.5, 13.5] },
                "west": { "texture": "#skin", "uv": [20.5, 12.5, 21.0, 13.5] },
                "up": { "texture": "#skin", "uv": [19.0, 12.0, 19.5, 12.5] },
                "down": { "texture": "#skin", "uv": [19.5, 12.0, 20.0, 12.5] }
              },
              "children": [
                {
                  "name": "ClawLX3",
                  "from": [0.0, -0.9, 0.0],
                  "to": [0.2, 0.1, 0.2],
                  "rotationOrigin": [0.1, 0.1, 0.1],
                  "rotationX": 20.0,
                  "faces": {
                    "north": {
                      "texture": "#skin",
                      "uv": [19.0, 13.5, 19.5, 14.5]
                    },
                    "east": {
                      "texture": "#skin",
                      "uv": [19.5, 13.5, 20.0, 14.5]
                    },
                    "south": {
                      "texture": "#skin",
                      "uv": [20.0, 13.5, 20.5, 14.5]
                    },
                    "west": {
                      "texture": "#skin",
                      "uv": [20.5, 13.5, 21.0, 14.5]
                    },
                    "up": {
                      "texture": "#skin",
                      "uv": [19.0, 13.0, 19.5, 13.5]
                    },
                    "down": {
                      "texture": "#skin",
                      "uv": [19.5, 13.0, 20.0, 13.5]
                    }
                  }
                }
              ]
            },
            {
              "name": "ClawR1",
              "from": [1.4, -1.0, 0.0],
              "to": [1.6, 0.0, 0.2],
              "rotationOrigin": [1.5, 0.0, 0.1],
              "faces": {
                "north": { "texture": "#skin", "uv": [21.5, 12.5, 22.0, 13.5] },
                "east": { "texture": "#skin", "uv": [22.0, 12.5, 22.5, 13.5] },
                "south": { "texture": "#skin", "uv": [22.5, 12.5, 23.0, 13.5] },
                "west": { "texture": "#skin", "uv": [23.0, 12.5, 23.5, 13.5] },
                "up": { "texture": "#skin", "uv": [21.5, 12.0, 22.0, 12.5] },
                "down": { "texture": "#skin", "uv": [22.0, 12.0, 22.5, 12.5] }
              },
              "children": [
                {
                  "name": "ClawRX1",
                  "from": [0.0, -0.9, 0.0],
                  "to": [0.2, 0.1, 0.2],
                  "rotationOrigin": [0.1, 0.1, 0.1],
                  "rotationX": -20.0,
                  "faces": {
                    "north": {
                      "texture": "#skin",
                      "uv": [21.5, 13.5, 22.0, 14.5]
                    },
                    "east": {
                      "texture": "#skin",
                      "uv": [22.0, 13.5, 22.5, 14.5]
                    },
                    "south": {
                      "texture": "#skin",
                      "uv": [22.5, 13.5, 23.0, 14.5]
                    },
                    "west": {
                      "texture": "#skin",
                      "uv": [23.0, 13.5, 23.5, 14.5]
                    },
                    "up": {
                      "texture": "#skin",
                      "uv": [21.5, 13.0, 22.0, 13.5]
                    },
                    "down": {
                      "texture": "#skin",
                      "uv": [22.0, 13.0, 22.5, 13.5]
                    }
                  }
                }
              ]
            },
            {
              "name": "ClawR2",
              "from": [1.9, -1.0, 0.0],
              "to": [2.1, 0.0, 0.2],
              "rotationOrigin": [2.0, 0.0, 0.1],
              "faces": {
                "north": { "texture": "#skin", "uv": [24.0, 12.5, 24.5, 13.5] },
                "east": { "texture": "#skin", "uv": [24.5, 12.5, 25.0, 13.5] },
                "south": { "texture": "#skin", "uv": [25.0, 12.5, 25.5, 13.5] },
                "west": { "texture": "#skin", "uv": [25.5, 12.5, 26.0, 13.5] },
                "up": { "texture": "#skin", "uv": [24.0, 12.0, 24.5, 12.5] },
                "down": { "texture": "#skin", "uv": [24.5, 12.0, 25.0, 12.5] }
              },
              "children": [
                {
                  "name": "ClawRX2",
                  "from": [0.0, -0.9, 0.0],
                  "to": [0.2, 0.1, 0.2],
                  "rotationOrigin": [0.1, 0.1, 0.1],
                  "rotationX": -20.0,
                  "faces": {
                    "north": {
                      "texture": "#skin",
                      "uv": [24.0, 13.5, 24.5, 14.5]
                    },
                    "east": {
                      "texture": "#skin",
                      "uv": [24.5, 13.5, 25.0, 14.5]
                    },
                    "south": {
                      "texture": "#skin",
                      "uv": [25.0, 13.5, 25.5, 14.5]
                    },
                    "west": {
                      "texture": "#skin",
                      "uv": [25.5, 13.5, 26.0, 14.5]
                    },
                    "up": {
                      "texture": "#skin",
                      "uv": [24.0, 13.0, 24.5, 13.5]
                    },
                    "down": {
                      "texture": "#skin",
                      "uv": [24.5, 13.0, 25.0, 13.5]
                    }
                  }
                }
              ]
            },
            {
              "name": "ClawR3",
              "from": [2.4, -1.0, 0.0],
              "to": [2.6, 0.0, 0.2],
              "rotationOrigin": [2.5, 0.0, 0.1],
              "faces": {
                "north": { "texture": "#skin", "uv": [26.5, 12.5, 27.0, 13.5] },
                "east": { "texture": "#skin", "uv": [27.0, 12.5, 27.5, 13.5] },
                "south": { "texture": "#skin", "uv": [27.5, 12.5, 28.0, 13.5] },
                "west": { "texture": "#skin", "uv": [28.0, 12.5, 28.5, 13.5] },
                "up": { "texture": "#skin", "uv": [26.5, 12.0, 27.0, 12.5] },
                "down": { "texture": "#skin", "uv": [27.0, 12.0, 27.5, 12.5] }
              },
              "children": [
                {
                  "name": "ClawRX3",
                  "from": [0.0, -0.9, 0.0],
                  "to": [0.2, 0.1, 0.2],
                  "rotationOrigin": [0.1, 0.1, 0.1],
                  "rotationX": -20.0,
                  "faces": {
                    "north": {
                      "texture": "#skin",
                      "uv": [26.5, 13.5, 27.0, 14.5]
                    },
                    "east": {
                      "texture": "#skin",
                      "uv": [27.0, 13.5, 27.5, 14.5]
                    },
                    "south": {
                      "texture": "#skin",
                      "uv": [27.5, 13.5, 28.0, 14.5]
                    },
                    "west": {
                      "texture": "#skin",
                      "uv": [28.0, 13.5, 28.5, 14.5]
                    },
                    "up": {
                      "texture": "#skin",
                      "uv": [26.5, 13.0, 27.0, 13.5]
                    },
                    "down": {
                      "texture": "#skin",
                      "uv": [27.0, 13.0, 27.5, 13.5]
                    }
                  }
                }
              ]
            }
          ],
          "attachmentpoints": [
            {
              "code": "Center",
              "posX": "5.0",
              "posY": "2.0",
              "posZ": "1.0",
              "rotationX": "0.0",
              "rotationY": "0.0",
              "rotationZ": "0.0"
            }
          ]
        }
      ]
    }
  ],
  "animations": [
    {
      "name": "swim",
      "code": "swim",
      "quantityframes": 30,
      "onActivityStopped": "EaseOut",
      "onAnimationEnd": "Repeat",
      "keyframes": [
        {
          "frame": 10,
          "elements": {
            "DorsalFin": {
              "rotationX": 0.0,
              "rotationY": 10.0,
              "rotationZ": 0.0
            }
          }
        },
        {
          "frame": 20,
          "elements": {
            "DorsalFin": {
              "rotationX": 0.0,
              "rotationY": -10.0,
              "rotationZ": 0.0
            }
          }
        }
      ]
    },

    {
      "name": "idle",
      "code": "idle",
      "quantityframes": 30,
      "onActivityStopped": "PlayTillEnd",
      "onAnimationEnd": "Repeat",
      "keyframes": [
        {
          "frame": 10,
          "elements": {
            "DorsalFin": {
              "rotationX": 5.0,
              "rotationY": 0.0,
              "rotationZ": 0.0
            }
          }
        },
        {
          "frame": 20,
          "elements": {
            "DorsalFin": {
              "rotationX": -5.0,
              "rotationY": 0.0,
              "rotationZ": 0.0
            }
          }
        }
      ]
    },

    {
      "name": "dead-floating",
      "code": "death",
      "quantityframes": 30,
      "onActivityStopped": "PlayTillEnd",
      "onAnimationEnd": "Hold",
      "keyframes": [
        {
          "frame": 0,
          "elements": {
            "DorsalFin": {
              "rotationX": 0.0,
              "rotationY": 0.0,
              "rotationZ": 0.0
            }
          }
        },
        {
          "frame": 12,
          "elements": {
            "DorsalFin": {
              "rotationX": 19.0,
              "rotationY": 0.0,
              "rotationZ": 0.0
            }
          }
        },
        {
          "frame": 28,
          "elements": {
            "DorsalFin": {
              "rotationX": -33.0,
              "rotationY": 0.0,
              "rotationZ": 0.0
            }
          }
        }
      ]
    },

    {
      "name": "dead-land",
      "code": "dead",
      "quantityframes": 10,
      "onActivityStopped": "PlayTillEnd",
      "onAnimationEnd": "Hold",
      "keyframes": [
        {
          "frame": 0,
          "elements": {
            "DorsalFin": {
              "rotationX": -28.0,
              "rotationY": 0.0,
              "rotationZ": 0.0
            }
          }
        },
        {
          "frame": 9,
          "elements": {
            "DorsalFin": {
              "rotationX": -42.0,
              "rotationY": 0.0,
              "rotationZ": 0.0
            }
          }
        }
      ]
    },

    {
      "name": "idle-land",
      "code": "idle-land",
      "quantityframes": 20,
      "onActivityStopped": "EaseOut",
      "onAnimationEnd": "Repeat",
      "keyframes": [
        {
          "frame": 0,
          "elements": {
            "DorsalFin": {
              "rotationX": 0.0,
              "rotationY": 0.0,
              "rotationZ": 0.0
            }
          }
        },
        {
          "frame": 10,
          "elements": {
            "DorsalFin": {
              "rotationX": 14.0,
              "rotationY": 0.0,
              "rotationZ": 0.0
            }
          }
        }
      ]
    },

    {
      "name": "flopping",
      "code": "flopping",
      "quantityframes": 30,
      "onActivityStopped": "PlayTillEnd",
      "onAnimationEnd": "Repeat",
      "keyframes": [
        {
          "frame": 0,
          "elements": {
            "DorsalFin": {
              "rotationX": -19.0,
              "rotationY": 0.0,
              "rotationZ": 0.0
            }
          }
        },
        {
          "frame": 8,
          "elements": {
            "DorsalFin": {
              "rotationX": 0.0,
              "rotationY": 8.0,
              "rotationZ": 0.0
            }
          }
        },
        {
          "frame": 23,
          "elements": {
            "DorsalFin": {
              "rotationX": -13.571,
              "rotationY": 2.286,
              "rotationZ": 0.0
            }
          }
        }
      ]
    },

    {
      "name": "rising-eat",
      "code": "rising-eat",
      "quantityframes": 60,
      "onActivityStopped": "PlayTillEnd",
      "onAnimationEnd": "Stop",
      "keyframes": [
        {
          "frame": 10,
          "elements": {
            "DorsalFin": {
              "rotationX": 5.0,
              "rotationY": 0.0,
              "rotationZ": 0.0
            }
          }
        },
        {
          "frame": 20,
          "elements": {
            "DorsalFin": {
              "rotationX": -5.0,
              "rotationY": 0.0,
              "rotationZ": 0.0
            }
          }
        },
        {
          "frame": 30,
          "elements": {
            "DorsalFin": {
              "rotationX": 5.0,
              "rotationY": 0.0,
              "rotationZ": 0.0
            }
          }
        },
        {
          "frame": 40,
          "elements": {
            "DorsalFin": {
              "rotationX": -5.0,
              "rotationY": 0.0,
              "rotationZ": 0.0
            }
          }
        },
        {
          "frame": 50,
          "elements": {
            "DorsalFin": {
              "rotationX": 5.0,
              "rotationY": 0.0,
              "rotationZ": 0.0
            }
          }
        }
      ]
    },

    {
      "name": "eat",
      "code": "eat",
      "quantityframes": 45,
      "onActivityStopped": "EaseOut",
      "onAnimationEnd": "Repeat",
      "keyframes": [
        {
          "frame": 0,
          "elements": {
            "DorsalFin": {
              "rotationX": 5.0,
              "rotationY": 0.0,
              "rotationZ": 0.0
            }
          }
        },
        {
          "frame": 10,
          "elements": {
            "DorsalFin": {
              "rotationX": -5.0,
              "rotationY": 0.0,
              "rotationZ": 0.0
            }
          }
        },
        {
          "frame": 20,
          "elements": {
            "DorsalFin": {
              "rotationX": 5.0,
              "rotationY": 0.0,
              "rotationZ": 0.0
            }
          }
        },
        {
          "frame": 30,
          "elements": {
            "DorsalFin": {
              "rotationX": -5.0,
              "rotationY": 0.0,
              "rotationZ": 0.0
            }
          }
        }
      ]
    },

    {
      "name": "hurt",
      "code": "hurt",
      "quantityframes": 20,
      "onActivityStopped": "EaseOut",
      "onAnimationEnd": "Stop",
      "keyframes": [
        {
          "frame": 0,
          "elements": {
            "DorsalFin": {
              "rotationX": 0.0,
              "rotationY": 0.0,
              "rotationZ": 0.0
            }
          }
        },
        {
          "frame": 7,
          "elements": {
            "DorsalFin": {
              "rotationX": -19.0,
              "rotationY": 0.0,
              "rotationZ": 0.0
            }
          }
        }
      ]
    }
  ]
}
