[
     {
        "op": "addeach",
        "path": "/attributes/contentConfig/0",
        "side": "server",
        "value": [ 
            { "code": "bushmeat",
                "content": { "type": "item", "code": "game:bushmeat-*" },
                "quantityPerFillLevel": 2,
                "maxFillLevels": 8,
                "shapesPerFillLevel": [ "block/wood/trough/large/cassavafill1", "block/wood/trough/large/cassavafill1", 
                                        "block/wood/trough/large/cassavafill2", "block/wood/trough/large/cassavafill2",
                                        "block/wood/trough/large/cassavafill3", "block/wood/trough/large/cassavafill3",
                                        "block/wood/trough/large/cassavafill4", "block/wood/trough/large/cassavafill4" ],
                "textureCode": "contents-bushmeat" },
            { "code": "egg",
                "content": { "type": "item", "code": "game:egg-*" },
                "quantityPerFillLevel": 2,
                "maxFillLevels": 8,
                "shapesPerFillLevel": [ "block/wood/trough/large/grainfill1", "block/wood/trough/large/grainfill1", 
                                        "block/wood/trough/large/grainfill2", "block/wood/trough/large/grainfill2",
                                        "block/wood/trough/large/grainfill3", "block/wood/trough/large/grainfill3",
                                        "block/wood/trough/large/grainfill4", "block/wood/trough/large/grainfill4" ],
                "textureCode": "contents-egg" },
            { "code": "fish",
                "content": { "type": "item", "code": "game:fish-*" },
                "quantityPerFillLevel": 2,
                "maxFillLevels": 8,
                "shapesPerFillLevel": [ "block/wood/trough/large/bellpepperfill1", "block/wood/trough/large/bellpepperfill1", 
                                        "block/wood/trough/large/bellpepperfill2", "block/wood/trough/large/bellpepperfill2",
                                        "block/wood/trough/large/bellpepperfill3", "block/wood/trough/large/bellpepperfill3",
                                        "block/wood/trough/large/bellpepperfill4", "block/wood/trough/large/bellpepperfill4" ],
                "textureCode": "contents-fishmeat" },
            { "code": "insect",
                "content": { "type": "item", "code": "game:insect-*" },
                "quantityPerFillLevel": 2,
                "maxFillLevels": 8,
                "shapesPerFillLevel": [ "block/wood/trough/large/legumefill1", "block/wood/trough/large/legumefill1", 
                                        "block/wood/trough/large/legumefill2", "block/wood/trough/large/legumefill2",
                                        "block/wood/trough/large/legumefill3", "block/wood/trough/large/legumefill3",
                                        "block/wood/trough/large/legumefill4", "block/wood/trough/large/legumefill4" ],
                "textureCode": "contents-insect" },
            { "code": "poultry",
                "content": { "type": "item", "code": "game:poultry-*" },
                "quantityPerFillLevel": 2,
                "maxFillLevels": 8,
                "shapesPerFillLevel": [ "block/wood/trough/large/parsnipfill1", "block/wood/trough/large/parsnipfill1", 
                                        "block/wood/trough/large/parsnipfill2", "block/wood/trough/large/parsnipfill2",
                                        "block/wood/trough/large/parsnipfill3", "block/wood/trough/large/parsnipfill3",
                                        "block/wood/trough/large/parsnipfill4", "block/wood/trough/large/parsnipfill4" ],
                "textureCode": "contents-poultry" },
            { "code": "redmeat",
                "content": { "type": "item", "code": "game:redmeat-*" },
                "quantityPerFillLevel": 2,
                "maxFillLevels": 8,
                "shapesPerFillLevel": [ "block/wood/trough/large/legumefill1", "block/wood/trough/large/legumefill1", 
                                        "block/wood/trough/large/legumefill2", "block/wood/trough/large/legumefill2",
                                        "block/wood/trough/large/legumefill3", "block/wood/trough/large/legumefill3",
                                        "block/wood/trough/large/legumefill4", "block/wood/trough/large/legumefill4" ],
                "textureCode": "contents-redmeat" },
            { "code": "thatch",
                "content": { "type": "item", "code": "game:thatch" },
                "quantityPerFillLevel": 2,
                "maxFillLevels": 8,
                "shapesPerFillLevel": [ "block/wood/trough/large/hayfill1", "block/wood/trough/large/hayfill1", 
                                        "block/wood/trough/large/hayfill2", "block/wood/trough/large/hayfill2",
                                        "block/wood/trough/large/hayfill3", "block/wood/trough/large/hayfill3",
                                        "block/wood/trough/large/hayfill4", "block/wood/trough/large/hayfill4" ]} ],
        "file": "game:blocktypes/wood/trough-large.json"
    },
    {
        "op": "addmerge",
        "path": "/textures",
        "side": "server",
        "value": {
            "contents-bushmeat": {
                "base": "block/wood/barrel/raw-bushmeat",
                "overlays": [
                  "block/wood/trough/large/shadow"
                ]
            },
            "contents-egg": {
                "base": "block/wood/barrel/peeled-cassava",
                "overlays": [
                  "block/wood/trough/large/shadow"
                ]
            },
            "contents-fishmeat": {
                "base": "block/wood/barrel/raw-fish",
                "overlays": [
                  "block/wood/trough/large/shadow"
                ]
            },
            "contents-insect": {
                "base": "block/wood/barrel/raw-olive",
                "overlays": [
                  "block/wood/trough/large/shadow"
                ]
            },
            "contents-poultry": {
                "base": "block/wood/barrel/raw-poultry",
                "overlays": [
                  "block/wood/trough/large/shadow"
                ]
            },
            "contents-redmeat": {
                "base": "block/wood/barrel/raw-redmeat",
                "overlays": [
                  "block/wood/trough/large/shadow"
                ]
            }
        },
        "file": "game:blocktypes/wood/trough-large.json"
    }
]