[
  {
    "op": "addmerge",
    "path": "/variantgroups/0/states/-",
    "value": "brightskyblue",
    "file": "game:blocktypes/overlay/caveart.json"
  },
  {
    "op": "addmerge",
    "path": "/variantgroups/0/states/-",
    "value": "cloudydaygray",
    "file": "game:blocktypes/overlay/caveart.json"
  },
  {
    "op": "addmerge",
    "path": "/variantgroups/0/states/-",
    "value": "crimsonred",
    "file": "game:blocktypes/overlay/caveart.json"
  },
  {
    "op": "addmerge",
    "path": "/variantgroups/0/states/-",
    "value": "darkamethyst",
    "file": "game:blocktypes/overlay/caveart.json"
  },
  {
    "op": "addmerge",
    "path": "/variantgroups/0/states/-",
    "value": "emeraldgreen",
    "file": "game:blocktypes/overlay/caveart.json"
  },
  {
    "op": "addmerge",
    "path": "/variantgroups/0/states/-",
    "value": "marigoldorange",
    "file": "game:blocktypes/overlay/caveart.json"
  },
  {
    "op": "addmerge",
    "path": "/variantgroups/0/states/-",
    "value": "sapphirepink",
    "file": "game:blocktypes/overlay/caveart.json"
  },
  {
    "op": "addmerge",
    "path": "/variantgroups/0/states/-",
    "value": "topazyellow",
    "file": "game:blocktypes/overlay/caveart.json"
  },
  {
    "op": "addmerge",
    "path": "/variantgroups/0/states/-",
    "value": "lightpinkpiggy",
    "file": "game:blocktypes/overlay/caveart.json"
  },
  {
    "op": "addmerge",
    "path": "/variantgroups/0/states/-",
    "value": "rainbow",
    "file": "game:blocktypes/overlay/caveart.json"
  },
  {
    "op": "addmerge",
    "path": "/variantgroups/0/states/-",
    "value": "snowydaywhite",
    "file": "game:blocktypes/overlay/caveart.json"
  },
  {
    "op": "addmerge",
    "path": "/variantgroups/0/states/-",
    "value": "muddyclaybrown",
    "file": "game:blocktypes/overlay/caveart.json"
  },
  {
    "op": "addmerge",
    "path": "/variantgroups/0/states/-",
    "value": "midnightblack",
    "file": "game:blocktypes/overlay/caveart.json"
  },

  {
    "op": "add",
    "path": "/variantgroups/1/states/-",
    "value": "2",
    "file": "game:blocktypes/overlay/caveart.json"
  },
  {
    "op": "add",
    "path": "/variantgroups/1/states/-",
    "value": "3",
    "file": "game:blocktypes/overlay/caveart.json"
  },
  {
    "op": "add",
    "path": "/variantgroups/1/states/-",
    "value": "4",
    "file": "game:blocktypes/overlay/caveart.json"
  }
]
