[
	{
		"ingredientPattern": "WF",
		"ingredients": {
			"W": { 
				"type": "block", 
				"code": "game:woodbucket"
			},
			"F": { 
				"type": "item", 
				"code": "floralzonescosmopolitanregion:flour-*", 
				"name": "type"
			}
		},
		"width": 2,
		"height": 1,
		"attributes": {
			"liquidContainerProps": {
				"requiresContent": { "type": "item", "code": "game:waterportion" },
				"requiresLitres": 1
			}
		},
		"name": "dough",
		"shapeless": true,
		"output": { "type": "item", "code": "floralzonescosmopolitanregion:dough-{type}"  }
	},
	{
		"ingredientPattern": "WF",
		"ingredients": {
			"W": { 
				"type": "block", 
				"code": "game:bowl-*-fired"
			},
			"F": { 
				"type": "item", 
				"code": "floralzonescosmopolitanregion:flour-*", 
				"name": "type"
			}
		},
		"width": 2,
		"height": 1,
		"attributes": {
			"liquidContainerProps": {
				"requiresContent": { "type": "item", "code": "game:waterportion" },
				"requiresLitres": 1
			}
		},
		"name": "dough",
		"shapeless": true,
		"output": { "type": "item", "code": "floralzonescosmopolitanregion:dough-{type}"  }
	},
	{
		"ingredientPattern": "WF",
		"ingredients": {
			"W": { 
				"type": "block", 
				"code": "game:jug-*-fired"
			},
			"F": { 
				"type": "item", 
				"code": "floralzonescosmopolitanregion:flour-*", 
				"name": "type"
			}
		},
		"width": 2,
		"height": 1,
		"attributes": {
			"liquidContainerProps": {
				"requiresContent": { "type": "item", "code": "game:waterportion" },
				"requiresLitres": 1
			}
		},
		"name": "dough",
		"shapeless": true,
		"output": { "type": "item", "code": "floralzonescosmopolitanregion:dough-{type}"  }
	}

]