{
	"treeWorldPropertyCode": "dacrydiumcupressinumsmall",
	"sizeMultiplier": 2,
	"trunks": [{
		"widthloss": 0.044,
		"dieAt": { "avg": 0.001 },
		"branchStart": { "dist": "gaussian", "avg": 0.7, "var": 0.2 },
		"branchSpacing": { "avg": 0.15, "var": 0.005 },
		"branchVerticalAngle":  { "dist": "gaussian", "avg": 0.8, "var": 0.1 },
		"branchHorizontalAngle": { "avg": 0, "var": 3.1415 },
		"branchWidthMultiplier": { "avg": 0.4, "var": 0 },
		"branchWidthMultiplierEvolve": { "transform": "linear", "factor": 0.1 },
		"branchQuantity": { "avg": 4, "var": 0 },
		"branchQuantityEvolve": { "transform": "quadratic", "factor": 0.2 }
	}],
	"branches": [{
		"widthLoss": 0.026,
		"gravityDrag": 0.08,

		"branchStart":  { "avg": 0.5, "var": 0.1 },
		"branchSpacing": { "avg": 0, "var": 0 },
		"branchVerticalAngle": { "avg": 1.57, "var": 0.5 },
		"branchHorizontalAngle": { "avg": 0, "var": 2.1415 },

		"branchQuantity": { "avg": 1, "var": 0 },
		"branchWidthMultiplier": { "avg": 1, "var": 0 }
	}],
	"treeBlocks": {
		"logBlockCode": "floralzonesneozeylandicregion:log-grown-dacrydiumcupressinum-ud",
		"otherLogBlockCode": "floralzonesneozeylandicregion:log-resin-dacrydiumcupressinum-ud",
		"leavesBlockCode": "floralzonesneozeylandicregion:leaves-grown-dacrydiumcupressinum",
		"leavesBranchyBlockCode": "floralzonesneozeylandicregion:leavesbranchy-grown-dacrydiumcupressinum",
		"mossDecorCode": "attachingplant-spottymoss"
	}
}
