﻿{
  "halberd-idle-1h": {
    "Hold": true,
    "PlayerKeyFrames": [
      {
        "EasingTime": 300,
        "EasingFunction": "Sin",
        "DetachedAnchor": false,
        "SwitchArms": false,
        "PitchFollow": false,
        "PitchDontFollow": false,
        "FOVMultiplier": 1,
        "BobbingAmplitude": 1,
        "Elements": {"ItemAnchor": [0, -0.9, 0, 0, 0, -62], "LowerArmR": [0, 0, 0, 0, 0, -42], "UpperArmR": [0, 0, 0, 0, 0, -29]}
      },
      {
        "EasingTime": 3000,
        "EasingFunction": "Sin",
        "DetachedAnchor": false,
        "SwitchArms": false,
        "PitchFollow": false,
        "PitchDontFollow": false,
        "FOVMultiplier": 1,
        "BobbingAmplitude": 1,
        "Elements": {"ItemAnchor": [0, -0.9, 0, 0, 0, -62], "LowerArmR": [0, 0, 0, 0, 0, -42], "UpperArmR": [0, 0, 0, 0, 0, -29]}
      }
    ],
    "ItemKeyFrames": [],
    "SoundFrames": [],
    "ParticlesFrames": [],
    "CallbackFrames": [],
    "ItemAnimationStart": 0,
    "ItemAnimationEnd": 0
  },
  "halberd-ready-2h": {
    "Hold": false,
    "PlayerKeyFrames": [
      {
        "EasingTime": 300,
        "EasingFunction": "Sin",
        "DetachedAnchor": false,
        "SwitchArms": false,
        "PitchFollow": false,
        "PitchDontFollow": false,
        "FOVMultiplier": 1,
        "BobbingAmplitude": 1,
        "Elements": {
          "ItemAnchor": [9, 0, 0, 0, -6, 23],
          "LowerArmR": [0, 0, 0, 0, 0, -44],
          "UpperArmR": [0, 0, 0, -32, -18, -47],
          "ItemAnchorL": [0, 0, 0, 0, 0, 0],
          "LowerArmL": [0, 0, 0, 0, 0, -17],
          "UpperArmL": [2, -1, 0, 0, -23, -40]
        }
      },
      {
        "EasingTime": 3000,
        "EasingFunction": "Sin",
        "DetachedAnchor": false,
        "SwitchArms": false,
        "PitchFollow": false,
        "PitchDontFollow": false,
        "FOVMultiplier": 1,
        "BobbingAmplitude": 1,
        "Elements": {
          "ItemAnchor": [9, 0, 0, 0, -6, 23],
          "LowerArmR": [0, 0, 0, 0, 0, -44],
          "UpperArmR": [0, 0, 0, -32, -18, -47],
          "ItemAnchorL": [0, 0, 0, 0, 0, 0],
          "LowerArmL": [0, 0, 0, 0, 0, -17],
          "UpperArmL": [2, -1, 0, 0, -23, -40]
        }
      }
    ],
    "ItemKeyFrames": [],
    "SoundFrames": [],
    "ParticlesFrames": [],
    "CallbackFrames": [],
    "ItemAnimationStart": 0,
    "ItemAnimationEnd": 0
  },
  "halberd-parry-2h": {
    "Hold": true,
    "PlayerKeyFrames": [
      {
        "EasingTime": 200,
        "EasingFunction": "Quadratic",
        "DetachedAnchor": false,
        "SwitchArms": false,
        "PitchFollow": false,
        "PitchDontFollow": false,
        "FOVMultiplier": 1,
        "BobbingAmplitude": 1,
        "Elements": {
          "ItemAnchor": [0, 0, 0, 0, 44, 27],
          "LowerArmR": [0, 0, 0, 0, 31, -29],
          "UpperArmR": [1.6, 0, 0, 0, 19, -81],
          "ItemAnchorL": [0, 0, 0, 0, 0, 0],
          "LowerArmL": [0, 0, 0, 0, 0, -49],
          "UpperArmL": [1.6, 0, 0, 0, -16, -62]
        }
      },
      {
        "EasingTime": 500,
        "EasingFunction": "Sin",
        "DetachedAnchor": false,
        "SwitchArms": false,
        "PitchFollow": false,
        "PitchDontFollow": false,
        "FOVMultiplier": 1,
        "BobbingAmplitude": 1,
        "Elements": {
          "ItemAnchor": [0, 0, 0, 0, -59, 40],
          "LowerArmR": [0, 0, 0, 0, 0, 0],
          "UpperArmR": [1.6, 0, 0, -25, -29, -92],
          "ItemAnchorL": [0, 0, 0, 0, 0, 0],
          "LowerArmL": [0, 0, 0, 0, 0, 0],
          "UpperArmL": [1.6, 0, 0, 0, -41, -88]
        }
      },
      {
        "EasingTime": 750,
        "EasingFunction": "Sin",
        "DetachedAnchor": false,
        "SwitchArms": false,
        "PitchFollow": false,
        "PitchDontFollow": false,
        "FOVMultiplier": 1,
        "BobbingAmplitude": 1,
        "Elements": {
          "ItemAnchor": [0, 0, 0, 0, -67, 9],
          "LowerArmR": [0, 0, 0, 0, 0, -33],
          "UpperArmR": [1.6, 0, 0, -59, 46, -67],
          "ItemAnchorL": [0, 0, 0, 0, 0, 0],
          "LowerArmL": [0, 0, 0, 0, 0, -80],
          "UpperArmL": [1.6, 0, 0, 0, 53, -79]
        }
      }
    ],
    "ItemKeyFrames": [],
    "SoundFrames": [
      {"Code": ["game:sounds/player/strike1", "game:sounds/player/strike2"], "DurationFraction": 0.1, "RandomizePitch": true, "Range": 16, "Volume": 0.5, "Synchronize": true}
    ],
    "ParticlesFrames": [],
    "CallbackFrames": [{"Code": "startParry", "DurationFraction": 0.2}, {"Code": "stopParry", "DurationFraction": 1}],
    "ItemAnimationStart": 0,
    "ItemAnimationEnd": 0
  },
  "halberd-slash-2h-left": {
    "Hold": false,
    "PlayerKeyFrames": [
      {
        "EasingTime": 150,
        "EasingFunction": "Sin",
        "DetachedAnchor": false,
        "SwitchArms": false,
        "PitchFollow": true,
        "PitchDontFollow": false,
        "FOVMultiplier": 1,
        "BobbingAmplitude": 1,
        "Elements": {
          "ItemAnchor": [9, 0, 0, 7, 10, 36],
          "LowerArmR": [0, 0, 0, 20, 24, -39],
          "UpperArmR": [1.6, 0, 1.6, 43, 28, -95.2],
          "ItemAnchorL": [0, 0, 0, 0, 0, 0],
          "LowerArmL": [0, 0, 0, 0, 0, -20],
          "UpperArmL": [0, 0, 0, 55, 0, -48]
        }
      },
      {
        "EasingTime": 550,
        "EasingFunction": "Quintic",
        "DetachedAnchor": false,
        "SwitchArms": false,
        "PitchFollow": true,
        "PitchDontFollow": false,
        "FOVMultiplier": 1,
        "BobbingAmplitude": 1,
        "Elements": {
          "ItemAnchor": [9, 0, 0, 4, 5, 35],
          "LowerArmR": [0, 0, 0, 24, 0, 0],
          "UpperArmR": [1.6, 0, 0, 63, 8, -57.2],
          "ItemAnchorL": [0, 0, 0, 0, 0, 0],
          "LowerArmL": [0, 0, 0, 0, 0, -23],
          "UpperArmL": [0, 0, 0, 91, 0, -3]
        }
      },
      {
        "EasingTime": 750,
        "EasingFunction": "Sin",
        "DetachedAnchor": false,
        "SwitchArms": false,
        "PitchFollow": true,
        "PitchDontFollow": false,
        "FOVMultiplier": 1,
        "BobbingAmplitude": 1,
        "Elements": {
          "ItemAnchor": [9, 0, 0, 0, 0, 89],
          "LowerArmR": [0, 0, 0, 33, 0, 12],
          "UpperArmR": [1.6, 0, 0, 63, 11, -50.2],
          "ItemAnchorL": [0, 0, 0, 0, 0, 0],
          "LowerArmL": [0, 0, 0, 0, 0, -43],
          "UpperArmL": [0, 0, 0, 94, 0, -1]
        }
      },
      {
        "EasingTime": 1200,
        "EasingFunction": "Sin",
        "DetachedAnchor": false,
        "SwitchArms": false,
        "PitchFollow": true,
        "PitchDontFollow": false,
        "FOVMultiplier": 1,
        "BobbingAmplitude": 1,
        "Elements": {
          "ItemAnchor": [9, 0, 0, -9, -11, 8],
          "LowerArmR": [0, 0, 0, 0, 0, -34],
          "UpperArmR": [0, 0, 0, -16, -23, -41],
          "ItemAnchorL": [0, 0, 0, 0, 0, 0],
          "LowerArmL": [0, 0, 0, 0, 0, 0],
          "UpperArmL": [0, 0, 0, 0, -45, -38]
        }
      }
    ],
    "ItemKeyFrames": [],
    "SoundFrames": [
      {"Code": ["game:sounds/player/strike1", "game:sounds/player/strike2"], "DurationFraction": 0.125, "RandomizePitch": true, "Range": 16, "Volume": 0.5, "Synchronize": true}
    ],
    "ParticlesFrames": [],
    "CallbackFrames": [{"Code": "start", "DurationFraction": 0.125}, {"Code": "stop", "DurationFraction": 0.625}, {"Code": "ready", "DurationFraction": 0.8333333}],
    "ItemAnimationStart": 0,
    "ItemAnimationEnd": 0
  },
  "halberd-slash-2h-right": {
    "Hold": false,
    "PlayerKeyFrames": [
      {
        "EasingTime": 150,
        "EasingFunction": "Sin",
        "DetachedAnchor": false,
        "SwitchArms": false,
        "PitchFollow": true,
        "PitchDontFollow": false,
        "FOVMultiplier": 1,
        "BobbingAmplitude": 1,
        "Elements": {
          "ItemAnchor": [9, 0, 0, 0, -30, 6],
          "LowerArmR": [0, 0, 0, -28, -40, -30],
          "UpperArmR": [1.6, 0, 0, -11, -32, -84.2],
          "ItemAnchorL": [0, 0, 0, 0, 0, 0],
          "LowerArmL": [0, 0, 0, 0, 0, -7],
          "UpperArmL": [0, 0, -1, -39, -15, -92]
        }
      },
      {
        "EasingTime": 550,
        "EasingFunction": "Quintic",
        "DetachedAnchor": false,
        "SwitchArms": false,
        "PitchFollow": true,
        "PitchDontFollow": false,
        "FOVMultiplier": 1,
        "BobbingAmplitude": 1,
        "Elements": {
          "ItemAnchor": [9, 0, 0, 0, -40, 50],
          "LowerArmR": [0, 0, 0, -28, -40, -20],
          "UpperArmR": [1.6, 0, 0, -5, 20, -83.2],
          "ItemAnchorL": [0, 0, 0, 0, 0, 0],
          "LowerArmL": [0, 0, 0, 0, 0, -105],
          "UpperArmL": [0, 0, -1, -36, -20, -3]
        }
      },
      {
        "EasingTime": 750,
        "EasingFunction": "Sin",
        "DetachedAnchor": false,
        "SwitchArms": false,
        "PitchFollow": true,
        "PitchDontFollow": false,
        "FOVMultiplier": 1,
        "BobbingAmplitude": 1,
        "Elements": {
          "ItemAnchor": [9, 0, 0, 0, -30, 89],
          "LowerArmR": [0, 0, 0, -28, -40, -24],
          "UpperArmR": [1.6, 0, 0, -5, 54, -84.2],
          "ItemAnchorL": [0, 0, 0, 0, 0, 0],
          "LowerArmL": [0, 0, 0, 0, 0, -107],
          "UpperArmL": [0, 0, -1, 1, -20, -4]
        }
      },
      {
        "EasingTime": 1200,
        "EasingFunction": "Sin",
        "DetachedAnchor": false,
        "SwitchArms": false,
        "PitchFollow": true,
        "PitchDontFollow": false,
        "FOVMultiplier": 1,
        "BobbingAmplitude": 1,
        "Elements": {
          "ItemAnchor": [9, 0, 0, -9, -11, 8],
          "LowerArmR": [0, 0, 0, 0, 0, -34],
          "UpperArmR": [0, 0, 0, -16, -23, -41],
          "ItemAnchorL": [0, 0, 0, 0, 0, 0],
          "LowerArmL": [0, 0, 0, 0, 0, 0],
          "UpperArmL": [0, 0, 0, 0, -44, -43]
        }
      }
    ],
    "ItemKeyFrames": [],
    "SoundFrames": [
      {"Code": ["game:sounds/player/strike1", "game:sounds/player/strike2"], "DurationFraction": 0.125, "RandomizePitch": true, "Range": 16, "Volume": 0.5, "Synchronize": true}
    ],
    "ParticlesFrames": [],
    "CallbackFrames": [{"Code": "start", "DurationFraction": 0.125}, {"Code": "stop", "DurationFraction": 0.625}, {"Code": "ready", "DurationFraction": 0.8333333}],
    "ItemAnimationStart": 0,
    "ItemAnimationEnd": 0
  },
  "halberd-slash-2h-top": {
    "Hold": false,
    "PlayerKeyFrames": [
      {
        "EasingTime": 150,
        "EasingFunction": "Sin",
        "DetachedAnchor": false,
        "SwitchArms": false,
        "PitchFollow": true,
        "PitchDontFollow": false,
        "FOVMultiplier": 1,
        "BobbingAmplitude": 1,
        "Elements": {
          "ItemAnchor": [9, 0, 0, 0, -6, 5],
          "LowerArmR": [0, 0, 0, 0, 0, -70],
          "UpperArmR": [1.6, 0, 0, -8, 0, -57.2],
          "ItemAnchorL": [0, 0, 0, 0, 0, 0],
          "LowerArmL": [0, 0, 0, 0, 0, 6],
          "UpperArmL": [0, 0, 0, -16, -28, -83]
        }
      },
      {
        "EasingTime": 550,
        "EasingFunction": "Quintic",
        "DetachedAnchor": false,
        "SwitchArms": false,
        "PitchFollow": true,
        "PitchDontFollow": false,
        "FOVMultiplier": 1,
        "BobbingAmplitude": 1,
        "Elements": {
          "ItemAnchor": [9, 0, 0, 0, 0, 67],
          "LowerArmR": [0, 0, 0, 0, 0, -3],
          "UpperArmR": [0, -1.6, 0, -14.4, -2.1, -74.1],
          "ItemAnchorL": [0, 0, 0, 0, 0, 0],
          "LowerArmL": [0, 0, 0, 0, 0, -90],
          "UpperArmL": [0, 0, 0, -11, -51, -14]
        }
      },
      {
        "EasingTime": 750,
        "EasingFunction": "Sin",
        "DetachedAnchor": false,
        "SwitchArms": false,
        "PitchFollow": true,
        "PitchDontFollow": false,
        "FOVMultiplier": 1,
        "BobbingAmplitude": 1,
        "Elements": {
          "ItemAnchor": [9, 0, 0, 0, 0, 41],
          "LowerArmR": [0, 0, 0, 1, 0, 3],
          "UpperArmR": [0, 0, 0, -18, -1.8, -27.2],
          "ItemAnchorL": [0, 0, 0, 0, 0, 0],
          "LowerArmL": [0, 0, 0, 0, 0, -47],
          "UpperArmL": [0, 0, 0, -11, -53, -17]
        }
      },
      {
        "EasingTime": 1200,
        "EasingFunction": "Sin",
        "DetachedAnchor": false,
        "SwitchArms": false,
        "PitchFollow": true,
        "PitchDontFollow": false,
        "FOVMultiplier": 1,
        "BobbingAmplitude": 1,
        "Elements": {
          "ItemAnchor": [9, 0, 0, -9, -11, 8],
          "LowerArmR": [0, 0, 0, 0, 0, -34],
          "UpperArmR": [0, 0, 0, -16, -23, -41],
          "ItemAnchorL": [0, 0, 0, 0, 0, 0],
          "LowerArmL": [0, 0, 0, 0, 0, -3],
          "UpperArmL": [0, 0, 0, 0, -42, -49]
        }
      }
    ],
    "ItemKeyFrames": [],
    "SoundFrames": [
      {"Code": ["game:sounds/player/strike1", "game:sounds/player/strike2"], "DurationFraction": 0.125, "RandomizePitch": true, "Range": 16, "Volume": 0.5, "Synchronize": true}
    ],
    "ParticlesFrames": [],
    "CallbackFrames": [{"Code": "start", "DurationFraction": 0.125}, {"Code": "stop", "DurationFraction": 0.625}, {"Code": "ready", "DurationFraction": 0.8333333}],
    "ItemAnimationStart": 0,
    "ItemAnimationEnd": 0
  },
  "halberd-thrust-2h-bottom": {
    "Hold": false,
    "PlayerKeyFrames": [
      {
        "EasingTime": 150,
        "EasingFunction": "Sin",
        "DetachedAnchor": false,
        "SwitchArms": false,
        "PitchFollow": true,
        "PitchDontFollow": false,
        "FOVMultiplier": 1,
        "BobbingAmplitude": 1,
        "Elements": {
          "ItemAnchor": [9, 0, 0, 0, -6, 71],
          "LowerArmR": [0, 0, 0, 0, 0, -81],
          "UpperArmR": [1.6, 0, 0, -30, 8, -1.2],
          "ItemAnchorL": [0, 0, 0, 0, 0, 0],
          "LowerArmL": [0, 0, 0, 0, 0, -93],
          "UpperArmL": [0, 0, 0, 17, -2, 46]
        }
      },
      {
        "EasingTime": 450,
        "EasingFunction": "Quintic",
        "DetachedAnchor": false,
        "SwitchArms": false,
        "PitchFollow": true,
        "PitchDontFollow": false,
        "FOVMultiplier": 1,
        "BobbingAmplitude": 1,
        "Elements": {
          "ItemAnchor": [9.2, 0, 0, 0, -9, 80],
          "LowerArmR": [0, 0, 0, 0, 0, -3],
          "UpperArmR": [0, -1.6, 0, -37.4, -2.1, -82.1],
          "ItemAnchorL": [0, 0, 0, 0, 0, 0],
          "LowerArmL": [0, 0, 0, 0, 0, -93],
          "UpperArmL": [0, 0, 0, -12, -44, -21]
        }
      },
      {
        "EasingTime": 750,
        "EasingFunction": "Sin",
        "DetachedAnchor": false,
        "SwitchArms": false,
        "PitchFollow": true,
        "PitchDontFollow": false,
        "FOVMultiplier": 1,
        "BobbingAmplitude": 1,
        "Elements": {
          "ItemAnchor": [9, 0, 0, 0, 0, 77],
          "LowerArmR": [0, 0, 0, 0, 0, -3],
          "UpperArmR": [0, -1.6, 0, -31.4, -2.7, -80.1],
          "ItemAnchorL": [0, 0, 0, 0, 0, 0],
          "LowerArmL": [0, 0, 0, 0, 0, -78],
          "UpperArmL": [0, 0, 0, -12, -41, -33]
        }
      },
      {
        "EasingTime": 1200,
        "EasingFunction": "Sin",
        "DetachedAnchor": false,
        "SwitchArms": false,
        "PitchFollow": true,
        "PitchDontFollow": false,
        "FOVMultiplier": 1,
        "BobbingAmplitude": 1,
        "Elements": {
          "ItemAnchor": [9, 0, 0, 0, -6, 77],
          "LowerArmR": [0, 0, 0, 0, 0, -81],
          "UpperArmR": [1.6, 0, 0, 29, 0, -11.2],
          "ItemAnchorL": [0, 0, 0, 0, 0, 0],
          "LowerArmL": [0, 0, 0, 0, 0, -40],
          "UpperArmL": [0, 0, 0, 1, -74, -53]
        }
      }
    ],
    "ItemKeyFrames": [],
    "SoundFrames": [
      {
        "Code": ["game:sounds/player/strike1", "game:sounds/player/strike2"],
        "DurationFraction": 0.083333336,
        "RandomizePitch": true,
        "Range": 16,
        "Volume": 0.5,
        "Synchronize": true
      }
    ],
    "ParticlesFrames": [],
    "CallbackFrames": [{"Code": "start", "DurationFraction": 0.125}, {"Code": "stop", "DurationFraction": 0.625}, {"Code": "ready", "DurationFraction": 0.8333333}],
    "ItemAnimationStart": 0,
    "ItemAnimationEnd": 0
  }
}