﻿{
  "pike-idle-1h": {
    "Hold": true,
    "PlayerKeyFrames": [
      {
        "EasingTime": 300,
        "EasingFunction": "Sin",
        "DetachedAnchor": false,
        "SwitchArms": false,
        "PitchFollow": false,
        "PitchDontFollow": false,
        "FOVMultiplier": 1,
        "BobbingAmplitude": 1,
        "Elements": {"ItemAnchor": [0, -0.9, 0, 0, 0, -62], "LowerArmR": [0, 0, 0, 0, 0, -42], "UpperArmR": [0, 0, 0, 0, 0, -29]}
      },
      {
        "EasingTime": 3000,
        "EasingFunction": "Sin",
        "DetachedAnchor": false,
        "SwitchArms": false,
        "PitchFollow": false,
        "PitchDontFollow": false,
        "FOVMultiplier": 1,
        "BobbingAmplitude": 1,
        "Elements": {"ItemAnchor": [0, -0.9, 0, 0, 0, -62], "LowerArmR": [0, 0, 0, 0, 0, -42], "UpperArmR": [0, 0, 0, 0, 0, -29]}
      }
    ],
    "ItemKeyFrames": [],
    "SoundFrames": [],
    "ParticlesFrames": [],
    "CallbackFrames": [],
    "ItemAnimationStart": 0,
    "ItemAnimationEnd": 0
  },
  "pike-ready-2h": {
    "Hold": true,
    "PlayerKeyFrames": [
      {
        "EasingTime": 300,
        "EasingFunction": "Sin",
        "DetachedAnchor": false,
        "SwitchArms": false,
        "PitchFollow": false,
        "PitchDontFollow": false,
        "FOVMultiplier": 1,
        "BobbingAmplitude": 1,
        "Elements": {
          "ItemAnchor": [0, 0, 0, 0, 6, 24],
          "LowerArmR": [0, 0, 0, 0, 0, -86],
          "UpperArmR": [1.6, -1.6, 0, 10, 0, 66],
          "ItemAnchorL": [0, 0, 0, 0, 0, 0],
          "LowerArmL": [0, 0, 0, 15, 0, -24],
          "UpperArmL": [3.8, -0.1, 0, -22, -58, -94]
        }
      },
      {
        "EasingTime": 3000,
        "EasingFunction": "Sin",
        "DetachedAnchor": false,
        "SwitchArms": false,
        "PitchFollow": false,
        "PitchDontFollow": false,
        "FOVMultiplier": 1,
        "BobbingAmplitude": 1,
        "Elements": {
          "ItemAnchor": [0, 0, 0, 0, 6, 24],
          "LowerArmR": [0, 0, 0, 0, 0, -86],
          "UpperArmR": [1.6, -1.6, 0, 10, 0, 66],
          "ItemAnchorL": [0, 0, 0, 0, 0, 0],
          "LowerArmL": [0, 0, 0, 15, 0, -24],
          "UpperArmL": [3.8, -0.1, 0, -22, -58, -94]
        }
      }
    ],
    "ItemKeyFrames": [],
    "SoundFrames": [],
    "ParticlesFrames": [],
    "CallbackFrames": [],
    "ItemAnimationStart": 0,
    "ItemAnimationEnd": 0
  },
  "pike-idle-2h": {
    "Hold": true,
    "PlayerKeyFrames": [
      {
        "EasingTime": 300,
        "EasingFunction": "Sin",
        "DetachedAnchor": false,
        "SwitchArms": false,
        "PitchFollow": false,
        "FOVMultiplier": 1,
        "BobbingAmplitude": 1,
        "Elements": {
          "ItemAnchor": [0, 0, 0, 0, 24, -15],
          "LowerArmR": [0, 0, 0, 0, 0, -41],
          "UpperArmR": [0, 0, 0, 2, 19, -4],
          "ItemAnchorL": [0, 0, 0, 0, 0, 0],
          "LowerArmL": [0, 0, 0, 0, 0, -63],
          "UpperArmL": [0, 0, 0, -8, 20, -59]
        }
      },
      {
        "EasingTime": 3000,
        "EasingFunction": "Sin",
        "DetachedAnchor": false,
        "SwitchArms": false,
        "PitchFollow": false,
        "FOVMultiplier": 1,
        "BobbingAmplitude": 1,
        "Elements": {
          "ItemAnchor": [0, 0, 0, 0, 24, -15],
          "LowerArmR": [0, 0, 0, 0, 0, -41],
          "UpperArmR": [0, 0, 0, 2, 19, -4],
          "ItemAnchorL": [0, 0, 0, 0, 0, 0],
          "LowerArmL": [0, 0, 0, 0, 0, -63],
          "UpperArmL": [0, 0, 0, -8, 20, -59]
        }
      }
    ],
    "ItemKeyFrames": [],
    "SoundFrames": [],
    "ParticlesFrames": [],
    "CallbackFrames": [],
    "ItemAnimationStart": 0,
    "ItemAnimationEnd": 0
  },
  "pike-thrust-2h-top": {
    "Hold": false,
    "PlayerKeyFrames": [
      {
        "EasingTime": 300,
        "EasingFunction": "Quadratic",
        "DetachedAnchor": false,
        "SwitchArms": false,
        "PitchFollow": true,
        "PitchDontFollow": false,
        "FOVMultiplier": 1,
        "BobbingAmplitude": 0.801,
        "Elements": {
          "ItemAnchor": [0, 0, 0, -53, 0, 140.6],
          "LowerArmR": [0, 0, 0, 1, -80, -69],
          "UpperArmR": [0.6, 0, 0, 65, 5.3, -69.9],
          "ItemAnchorL": [0, 0, 0, 0, 0, 0],
          "LowerArmL": [0, 0, 0, 0, 12, -21],
          "UpperArmL": [1, -1.4, -0.4, 0, -36, -116]
        }
      },
      {
        "EasingTime": 500,
        "EasingFunction": "Linear",
        "DetachedAnchor": false,
        "SwitchArms": false,
        "PitchFollow": true,
        "PitchDontFollow": false,
        "FOVMultiplier": 1,
        "BobbingAmplitude": 0.801,
        "Elements": {
          "ItemAnchor": [0, 0, 0, -61, 0, 144.6],
          "LowerArmR": [0, 0, 0, 1, -80, -76],
          "UpperArmR": [0.6, 0, 0, 64.6, 5.7, -70],
          "ItemAnchorL": [0, 0, 0, 0, 0, 0],
          "LowerArmL": [0, 0, 0, 0, 13, -29],
          "UpperArmL": [1, -1.4, -0.4, 0, -36, -113]
        }
      },
      {
        "EasingTime": 900,
        "EasingFunction": "Linear",
        "DetachedAnchor": false,
        "SwitchArms": false,
        "PitchFollow": true,
        "PitchDontFollow": false,
        "FOVMultiplier": 1,
        "BobbingAmplitude": 0.8,
        "Elements": {
          "ItemAnchor": [0, 0, 0, -56, 0, 66.6],
          "LowerArmR": [0, 0, 0, 0, -44, -116],
          "UpperArmR": [0, 0, 0, 64.6, -11.3, 29],
          "ItemAnchorL": [0, 0, 0, 0, 0, 0],
          "LowerArmL": [0, 0, 0, 0, 0, -66],
          "UpperArmL": [0.8, -2, 0, 0, -51, -96]
        }
      }
    ],
    "ItemKeyFrames": [],
    "SoundFrames": [
      {"Code": ["game:sounds/player/strike1", "game:sounds/player/strike2"], "DurationFraction": 0, "RandomizePitch": true, "Range": 16, "Volume": 0.5, "Synchronize": true}
    ],
    "ParticlesFrames": [],
    "CallbackFrames": [{"Code": "start", "DurationFraction": 0.083333336}, {"Code": "stop", "DurationFraction": 0.5555556}, {"Code": "ready", "DurationFraction": 0.8333333}],
    "ItemAnimationStart": 0,
    "ItemAnimationEnd": 0
  },
  "pike-thrust-2h-bottom": {
    "Hold": false,
    "PlayerKeyFrames": [
      {
        "EasingTime": 300,
        "EasingFunction": "Quintic",
        "DetachedAnchor": false,
        "SwitchArms": false,
        "PitchFollow": true,
        "PitchDontFollow": false,
        "FOVMultiplier": 1,
        "BobbingAmplitude": 0.8,
        "Elements": {
          "ItemAnchor": [0, 0, 0, 0, 0, 80.6],
          "LowerArmR": [0, 0, 0, 0, 0, -52],
          "UpperArmR": [0, 0, 0, 5.6, -0.3, -35],
          "ItemAnchorL": [0, 0, 0, 0, 0, 0],
          "LowerArmL": [0, 0, 0, 0, 0, -5],
          "UpperArmL": [0.8, -2, 0, 0, -26, -83]
        }
      },
      {
        "EasingTime": 500,
        "EasingFunction": "Linear",
        "DetachedAnchor": false,
        "SwitchArms": false,
        "PitchFollow": true,
        "PitchDontFollow": false,
        "FOVMultiplier": 1,
        "BobbingAmplitude": 0.8,
        "Elements": {
          "ItemAnchor": [0, 0, 0, 2, 0, 83.3],
          "LowerArmR": [0, 0, 0, 0, 0, -52],
          "UpperArmR": [0, 0, 0, 5.6, 0.6, -37],
          "ItemAnchorL": [0, 0, 0, 0, 0, 0],
          "LowerArmL": [0, 0, 0, 0, 0, -5],
          "UpperArmL": [0.8, -2, 0, 0, -23, -84]
        }
      },
      {
        "EasingTime": 900,
        "EasingFunction": "CosShifted",
        "DetachedAnchor": false,
        "SwitchArms": false,
        "PitchFollow": true,
        "PitchDontFollow": false,
        "FOVMultiplier": 1,
        "BobbingAmplitude": 0.8,
        "Elements": {
          "ItemAnchor": [0, 0, 0, 0, 0, 84.3],
          "LowerArmR": [0, 0, 0, 0, 0, -117],
          "UpperArmR": [0, 0, 0, 5.6, 7.6, 40],
          "ItemAnchorL": [0, 0, 0, 0, 0, 0],
          "LowerArmL": [0, 0, 0, 0, 0, -60],
          "UpperArmL": [0.8, -2, 0, 0, -47, -49]
        }
      }
    ],
    "ItemKeyFrames": [],
    "SoundFrames": [
      {"Code": ["game:sounds/player/strike1", "game:sounds/player/strike2"], "DurationFraction": 0, "RandomizePitch": true, "Range": 16, "Volume": 0.5, "Synchronize": true}
    ],
    "ParticlesFrames": [],
    "CallbackFrames": [{"Code": "start", "DurationFraction": 0.083333336}, {"Code": "stop", "DurationFraction": 0.5555556}, {"Code": "ready", "DurationFraction": 0.8333333}],
    "ItemAnimationStart": 0,
    "ItemAnimationEnd": 0
  }
}