{
	"editor": {
		"backDropShape": "entity/bovinae/syncerusantiquus/male",
		"allAngles": true,
		"entityTextureMode": true
	},
	"textureWidth": 104,
	"textureHeight": 104,
	"textureSizes": {
		"horn": [104,104]
	},
	"textures": {
		"horn": "entity/bovinae/syncerusantiquus-male"
	},
	"elements": [
		{
			"name": "Lhorn1",
			"stepParentName": "AntlerBase",
			"from": [ -0.4, 1.0, 0.0 ],
			"to": [ 3.4, 3.7, 1.6 ],
			"unwrapMode": 2,
			"uv": [ 92.0, 50.5 ],
			"rotationOrigin": [ 0.3, 1.3, 0.0 ],
			"rotationX": 75.0,
			"rotationY": -1.0,
			"faces": {
				"north": { "texture": "#horn", "uv": [ 97.0, 54.0, 100.5, 56.5 ] },
				"east": { "texture": "#horn", "uv": [ 95.5, 54.0, 97.0, 56.5 ] },
				"south": { "texture": "#horn", "uv": [ 92.0, 54.0, 95.5, 56.5 ] },
				"west": { "texture": "#horn", "uv": [ 100.5, 54.0, 102.0, 56.5 ] },
				"up": { "texture": "#horn", "uv": [ 95.5, 50.5, 97.0, 54.0 ], "rotation": 270 }
			},
			"children": [
				{
					"name": "Lhorn2",
					"from": [ 0.2, 2.7, 0.0 ],
					"to": [ 3.7, 4.9, 2.0 ],
					"unwrapMode": 2,
					"uv": [ 87.0, 48.5 ],
					"rotationOrigin": [ 1.1, 2.7, 0.0 ],
					"rotationX": 30.0,
					"rotationZ": -1.0,
					"faces": {
						"north": { "texture": "#horn", "uv": [ 92.5, 52.0, 96.0, 54.0 ] },
						"east": { "texture": "#horn", "uv": [ 90.5, 52.0, 92.5, 54.0 ] },
						"south": { "texture": "#horn", "uv": [ 87.0, 52.0, 90.5, 54.0 ] },
						"west": { "texture": "#horn", "uv": [ 96.0, 52.0, 98.0, 54.0 ] },
						"up": { "texture": "#horn", "uv": [ 90.5, 48.5, 92.5, 52.0 ], "rotation": 270 }
					},
					"children": [
						{
							"name": "Lhorn3",
							"from": [ 0.4, 2.1, 0.0 ],
							"to": [ 3.2, 5.6, 2.0 ],
							"unwrapMode": 2,
							"uv": [ 87.0, 46.0 ],
							"rotationOrigin": [ 1.8, 2.1, 0.0 ],
							"rotationX": 15.0,
							"rotationZ": -2.0,
							"faces": {
								"north": { "texture": "#horn", "uv": [ 91.5, 48.5, 94.0, 52.0 ] },
								"east": { "texture": "#horn", "uv": [ 89.5, 48.5, 91.5, 52.0 ] },
								"south": { "texture": "#horn", "uv": [ 87.0, 48.5, 89.5, 52.0 ] },
								"west": { "texture": "#horn", "uv": [ 94.0, 48.5, 96.0, 52.0 ] },
								"up": { "texture": "#horn", "uv": [ 89.5, 46.0, 91.5, 48.5 ], "rotation": 270 }
							},
							"children": [
								{
									"name": "Lhorn4",
									"from": [ 0.1, 2.9, 0.1 ],
									"to": [ 2.7, 6.1, 1.9 ],
									"unwrapMode": 3,
									"uv": [ 87.0, 44.0 ],
									"rotationOrigin": [ 1.4, 2.9, 0.9 ],
									"rotationX": -5.0,
									"rotationZ": -4.0,
									"faces": {
										"north": { "texture": "#horn", "uv": [ 92.5, 45.5, 95.0, 48.5 ] },
										"east": { "texture": "#horn", "uv": [ 91.0, 45.5, 92.5, 48.5 ] },
										"south": { "texture": "#horn", "uv": [ 88.5, 45.5, 91.0, 48.5 ] },
										"west": { "texture": "#horn", "uv": [ 87.0, 45.5, 88.5, 48.5 ] },
										"up": { "texture": "#horn", "uv": [ 88.5, 44.0, 91.0, 45.5 ] }
									},
									"children": [
										{
											"name": "Lhorn5",
											"from": [ 0.1, 3.1, 0.1 ],
											"to": [ 2.5, 6.1, 1.8 ],
											"unwrapMode": 3,
											"uv": [ 88.5, 41.0 ],
											"rotationOrigin": [ 0.1, 3.1, 1.5 ],
											"rotationX": -25.0,
											"rotationZ": -4.0,
											"faces": {
												"north": { "texture": "#horn", "uv": [ 93.5, 42.5, 95.5, 45.5 ] },
												"east": { "texture": "#horn", "uv": [ 92.0, 42.5, 93.5, 45.5 ] },
												"south": { "texture": "#horn", "uv": [ 90.0, 42.5, 92.0, 45.5 ] },
												"west": { "texture": "#horn", "uv": [ 88.5, 42.5, 90.0, 45.5 ] },
												"up": { "texture": "#horn", "uv": [ 90.0, 41.0, 92.0, 42.5 ] }
											},
											"children": [
												{
													"name": "Lhorn6",
													"from": [ 0.1, 2.9, -0.1 ],
													"to": [ 2.3, 5.9, 1.6 ],
													"unwrapMode": 3,
													"uv": [ 88.5, 38.0 ],
													"rotationOrigin": [ 1.4, 2.9, 1.6 ],
													"rotationX": -20.0,
													"rotationZ": -4.0,
													"faces": {
														"north": { "texture": "#horn", "uv": [ 93.5, 39.5, 95.5, 42.5 ] },
														"east": { "texture": "#horn", "uv": [ 92.0, 39.5, 93.5, 42.5 ] },
														"south": { "texture": "#horn", "uv": [ 90.0, 39.5, 92.0, 42.5 ] },
														"west": { "texture": "#horn", "uv": [ 88.5, 39.5, 90.0, 42.5 ] },
														"up": { "texture": "#horn", "uv": [ 90.0, 38.0, 92.0, 39.5 ] }
													},
													"children": [
														{
															"name": "Lhorn7",
															"from": [ 0.1, 3.0, 0.0 ],
															"to": [ 2.0, 6.0, 1.6 ],
															"unwrapMode": 3,
															"uv": [ 91.5, 35.0 ],
															"rotationOrigin": [ 0.1, 3.0, 1.6 ],
															"rotationX": -8.0,
															"rotationZ": -4.0,
															"faces": {
																"north": { "texture": "#horn", "uv": [ 96.0, 36.5, 97.5, 39.5 ] },
																"east": { "texture": "#horn", "uv": [ 94.5, 36.5, 96.0, 39.5 ] },
																"south": { "texture": "#horn", "uv": [ 93.0, 36.5, 94.5, 39.5 ] },
																"west": { "texture": "#horn", "uv": [ 91.5, 36.5, 93.0, 39.5 ] },
																"up": { "texture": "#horn", "uv": [ 93.0, 35.0, 94.5, 36.5 ] }
															},
															"children": [
																{
																	"name": "Lhorn8",
																	"from": [ 0.1, 3.0, -0.1 ],
																	"to": [ 1.8, 5.0, 1.5 ],
																	"unwrapMode": 3,
																	"uv": [ 92.0, 33.0 ],
																	"rotationOrigin": [ 0.1, 3.0, 1.5 ],
																	"rotationX": -12.0,
																	"rotationZ": -4.0,
																	"faces": {
																		"north": { "texture": "#horn", "uv": [ 96.5, 34.5, 98.0, 36.5 ] },
																		"east": { "texture": "#horn", "uv": [ 95.0, 34.5, 96.5, 36.5 ] },
																		"south": { "texture": "#horn", "uv": [ 93.5, 34.5, 95.0, 36.5 ] },
																		"west": { "texture": "#horn", "uv": [ 92.0, 34.5, 93.5, 36.5 ] },
																		"up": { "texture": "#horn", "uv": [ 93.5, 33.0, 95.0, 34.5 ] }
																	},
																	"children": [
																		{
																			"name": "Lhorn9",
																			"from": [ 0.1, 2.0, 0.0 ],
																			"to": [ 1.6, 4.2, 1.5 ],
																			"unwrapMode": 3,
																			"uv": [ 92.0, 31.0 ],
																			"rotationOrigin": [ 0.1, 2.0, 1.5 ],
																			"rotationX": -15.0,
																			"rotationZ": -4.0,
																			"faces": {
																				"north": { "texture": "#horn", "uv": [ 96.5, 32.5, 98.0, 34.5 ] },
																				"east": { "texture": "#horn", "uv": [ 95.0, 32.5, 96.5, 34.5 ] },
																				"south": { "texture": "#horn", "uv": [ 93.5, 32.5, 95.0, 34.5 ] },
																				"west": { "texture": "#horn", "uv": [ 92.0, 32.5, 93.5, 34.5 ] },
																				"up": { "texture": "#horn", "uv": [ 93.5, 31.0, 95.0, 32.5 ] }
																			},
																			"children": [
																				{
																					"name": "Lhorn10",
																					"from": [ 0.1, 2.2, -0.1 ],
																					"to": [ 1.4, 4.4, 1.4 ],
																					"unwrapMode": 3,
																					"uv": [ 92.0, 29.0 ],
																					"rotationOrigin": [ 0.1, 2.2, 1.4 ],
																					"rotationX": -25.0,
																					"rotationZ": -4.0,
																					"faces": {
																						"north": { "texture": "#horn", "uv": [ 96.0, 30.5, 97.0, 32.5 ] },
																						"east": { "texture": "#horn", "uv": [ 94.5, 30.5, 96.0, 32.5 ] },
																						"south": { "texture": "#horn", "uv": [ 93.5, 30.5, 94.5, 32.5 ] },
																						"west": { "texture": "#horn", "uv": [ 92.0, 30.5, 93.5, 32.5 ] },
																						"up": { "texture": "#horn", "uv": [ 93.5, 29.0, 94.5, 30.5 ] }
																					},
																					"children": [
																						{
																							"name": "Lhorn11",
																							"from": [ 0.1, 2.2, 0.1 ],
																							"to": [ 1.2, 4.4, 1.4 ],
																							"unwrapMode": 3,
																							"uv": [ 92.0, 27.5 ],
																							"rotationOrigin": [ 0.1, 2.2, 1.4 ],
																							"rotationX": -15.0,
																							"rotationZ": -4.0,
																							"faces": {
																								"north": { "texture": "#horn", "uv": [ 95.0, 28.5, 96.0, 30.5 ] },
																								"east": { "texture": "#horn", "uv": [ 94.0, 28.5, 95.0, 30.5 ] },
																								"south": { "texture": "#horn", "uv": [ 93.0, 28.5, 94.0, 30.5 ] },
																								"west": { "texture": "#horn", "uv": [ 92.0, 28.5, 93.0, 30.5 ] },
																								"up": { "texture": "#horn", "uv": [ 93.0, 27.5, 94.0, 28.5 ] }
																							},
																							"children": [
																								{
																									"name": "Lhorn12",
																									"from": [ 0.05, 2.1, 0.15 ],
																									"to": [ 1.05, 4.3, 1.15 ],
																									"unwrapMode": 3,
																									"uv": [ 92.0, 25.5 ],
																									"rotationOrigin": [ 0.55, 2.1, 0.65 ],
																									"rotationX": -5.0,
																									"rotationZ": -4.0,
																									"faces": {
																										"north": { "texture": "#horn", "uv": [ 95.0, 26.5, 96.0, 28.5 ] },
																										"east": { "texture": "#horn", "uv": [ 94.0, 26.5, 95.0, 28.5 ] },
																										"south": { "texture": "#horn", "uv": [ 93.0, 26.5, 94.0, 28.5 ] },
																										"west": { "texture": "#horn", "uv": [ 92.0, 26.5, 93.0, 28.5 ] },
																										"up": { "texture": "#horn", "uv": [ 93.0, 25.5, 94.0, 26.5 ] }
																									}
																								}
																							]
																						}
																					]
																				}
																			]
																		}
																	]
																}
															]
														}
													]
												}
											]
										}
									]
								}
							]
						}
					]
				}
			]
		},
		{
			"name": "Rhorn1",
			"stepParentName": "AntlerBase",
			"from": [ -0.4, 1.0, -1.6 ],
			"to": [ 3.4, 3.7, 0.0 ],
			"unwrapMode": 2,
			"uv": [ 87.0, 50.5 ],
			"rotationOrigin": [ 0.3, 1.3, 0.0 ],
			"rotationX": -75.0,
			"rotationY": 1.0,
			"faces": {
				"north": { "texture": "#horn", "uv": [ 92.0, 54.0, 95.5, 56.5 ] },
				"east": { "texture": "#horn", "uv": [ 90.5, 54.0, 92.0, 56.5 ] },
				"south": { "texture": "#horn", "uv": [ 87.0, 54.0, 90.5, 56.5 ] },
				"west": { "texture": "#horn", "uv": [ 95.5, 54.0, 97.0, 56.5 ] },
				"up": { "texture": "#horn", "uv": [ 90.5, 50.5, 92.0, 54.0 ], "rotation": 270 }
			},
			"children": [
				{
					"name": "Rhorn2",
					"from": [ 0.2, 2.7, -0.4 ],
					"to": [ 3.7, 4.9, 1.6 ],
					"unwrapMode": 2,
					"uv": [ 91.0, 48.5 ],
					"rotationOrigin": [ 1.1, 2.7, 1.6 ],
					"rotationX": -30.0,
					"rotationZ": -1.0,
					"faces": {
						"north": { "texture": "#horn", "uv": [ 96.5, 52.0, 100.0, 54.0 ] },
						"east": { "texture": "#horn", "uv": [ 94.5, 52.0, 96.5, 54.0 ] },
						"south": { "texture": "#horn", "uv": [ 91.0, 52.0, 94.5, 54.0 ] },
						"west": { "texture": "#horn", "uv": [ 100.0, 52.0, 102.0, 54.0 ] },
						"up": { "texture": "#horn", "uv": [ 94.5, 48.5, 96.5, 52.0 ], "rotation": 270 }
					},
					"children": [
						{
							"name": "Rhorn3",
							"from": [ 0.4, 2.1, 0.0 ],
							"to": [ 3.2, 5.6, 2.0 ],
							"unwrapMode": 2,
							"uv": [ 93.0, 46.0 ],
							"rotationOrigin": [ 1.8, 2.1, 2.0 ],
							"rotationX": -15.0,
							"rotationZ": -2.0,
							"faces": {
								"north": { "texture": "#horn", "uv": [ 97.5, 48.5, 100.0, 52.0 ] },
								"east": { "texture": "#horn", "uv": [ 95.5, 48.5, 97.5, 52.0 ] },
								"south": { "texture": "#horn", "uv": [ 93.0, 48.5, 95.5, 52.0 ] },
								"west": { "texture": "#horn", "uv": [ 100.0, 48.5, 102.0, 52.0 ] },
								"up": { "texture": "#horn", "uv": [ 95.5, 46.0, 97.5, 48.5 ], "rotation": 270 }
							},
							"children": [
								{
									"name": "Rhorn4",
									"from": [ 0.1, 2.9, 0.1 ],
									"to": [ 2.7, 6.1, 1.9 ],
									"unwrapMode": 3,
									"uv": [ 94.0, 44.0 ],
									"rotationOrigin": [ 1.4, 2.9, 1.0 ],
									"rotationX": 5.0,
									"rotationZ": -4.0,
									"faces": {
										"north": { "texture": "#horn", "uv": [ 99.5, 45.5, 102.0, 48.5 ] },
										"east": { "texture": "#horn", "uv": [ 98.0, 45.5, 99.5, 48.5 ] },
										"south": { "texture": "#horn", "uv": [ 95.5, 45.5, 98.0, 48.5 ] },
										"west": { "texture": "#horn", "uv": [ 94.0, 45.5, 95.5, 48.5 ] },
										"up": { "texture": "#horn", "uv": [ 95.5, 44.0, 98.0, 45.5 ] }
									},
									"children": [
										{
											"name": "Rhorn5",
											"from": [ 0.1, 3.1, 0.0 ],
											"to": [ 2.5, 6.1, 1.7 ],
											"unwrapMode": 3,
											"uv": [ 95.0, 41.0 ],
											"rotationOrigin": [ 0.1, 3.1, 0.0 ],
											"rotationX": 25.0,
											"rotationZ": -4.0,
											"faces": {
												"north": { "texture": "#horn", "uv": [ 100.0, 42.5, 102.0, 45.5 ] },
												"east": { "texture": "#horn", "uv": [ 98.5, 42.5, 100.0, 45.5 ] },
												"south": { "texture": "#horn", "uv": [ 96.5, 42.5, 98.5, 45.5 ] },
												"west": { "texture": "#horn", "uv": [ 95.0, 42.5, 96.5, 45.5 ] },
												"up": { "texture": "#horn", "uv": [ 96.5, 41.0, 98.5, 42.5 ] }
											},
											"children": [
												{
													"name": "Rhorn6",
													"from": [ 0.1, 2.9, 0.1 ],
													"to": [ 2.3, 5.9, 1.8 ],
													"unwrapMode": 3,
													"uv": [ 95.0, 38.0 ],
													"rotationOrigin": [ 1.4, 2.9, 0.1 ],
													"rotationX": 20.0,
													"rotationZ": -4.0,
													"faces": {
														"north": { "texture": "#horn", "uv": [ 100.0, 39.5, 102.0, 42.5 ] },
														"east": { "texture": "#horn", "uv": [ 98.5, 39.5, 100.0, 42.5 ] },
														"south": { "texture": "#horn", "uv": [ 96.5, 39.5, 98.5, 42.5 ] },
														"west": { "texture": "#horn", "uv": [ 95.0, 39.5, 96.5, 42.5 ] },
														"up": { "texture": "#horn", "uv": [ 96.5, 38.0, 98.5, 39.5 ] }
													},
													"children": [
														{
															"name": "Rhorn7",
															"from": [ 0.1, 3.0, 0.1 ],
															"to": [ 2.0, 6.0, 1.7 ],
															"unwrapMode": 3,
															"uv": [ 96.0, 35.0 ],
															"rotationOrigin": [ 0.1, 3.0, 0.1 ],
															"rotationX": 8.0,
															"rotationZ": -4.0,
															"faces": {
																"north": { "texture": "#horn", "uv": [ 100.5, 36.5, 102.0, 39.5 ] },
																"east": { "texture": "#horn", "uv": [ 99.0, 36.5, 100.5, 39.5 ] },
																"south": { "texture": "#horn", "uv": [ 97.5, 36.5, 99.0, 39.5 ] },
																"west": { "texture": "#horn", "uv": [ 96.0, 36.5, 97.5, 39.5 ] },
																"up": { "texture": "#horn", "uv": [ 97.5, 35.0, 99.0, 36.5 ] }
															},
															"children": [
																{
																	"name": "Rhorn8",
																	"from": [ 0.1, 3.0, 0.1 ],
																	"to": [ 1.8, 5.0, 1.7 ],
																	"unwrapMode": 3,
																	"uv": [ 96.0, 33.0 ],
																	"rotationOrigin": [ 0.1, 3.0, 0.1 ],
																	"rotationX": 12.0,
																	"rotationZ": -4.0,
																	"faces": {
																		"north": { "texture": "#horn", "uv": [ 100.5, 34.5, 102.0, 36.5 ] },
																		"east": { "texture": "#horn", "uv": [ 99.0, 34.5, 100.5, 36.5 ] },
																		"south": { "texture": "#horn", "uv": [ 97.5, 34.5, 99.0, 36.5 ] },
																		"west": { "texture": "#horn", "uv": [ 96.0, 34.5, 97.5, 36.5 ] },
																		"up": { "texture": "#horn", "uv": [ 97.5, 33.0, 99.0, 34.5 ] }
																	},
																	"children": [
																		{
																			"name": "Rhorn9",
																			"from": [ 0.1, 2.0, 0.1 ],
																			"to": [ 1.6, 4.2, 1.6 ],
																			"unwrapMode": 3,
																			"uv": [ 96.0, 31.0 ],
																			"rotationOrigin": [ 0.1, 2.0, 0.1 ],
																			"rotationX": 15.0,
																			"rotationZ": -4.0,
																			"faces": {
																				"north": { "texture": "#horn", "uv": [ 100.5, 32.5, 102.0, 34.5 ] },
																				"east": { "texture": "#horn", "uv": [ 99.0, 32.5, 100.5, 34.5 ] },
																				"south": { "texture": "#horn", "uv": [ 97.5, 32.5, 99.0, 34.5 ] },
																				"west": { "texture": "#horn", "uv": [ 96.0, 32.5, 97.5, 34.5 ] },
																				"up": { "texture": "#horn", "uv": [ 97.5, 31.0, 99.0, 32.5 ] }
																			},
																			"children": [
																				{
																					"name": "Rhorn10",
																					"from": [ 0.1, 2.2, 0.1 ],
																					"to": [ 1.4, 4.4, 1.6 ],
																					"unwrapMode": 3,
																					"uv": [ 97.0, 29.0 ],
																					"rotationOrigin": [ 0.1, 2.2, 0.1 ],
																					"rotationX": 25.0,
																					"rotationZ": -4.0,
																					"faces": {
																						"north": { "texture": "#horn", "uv": [ 101.0, 30.5, 102.0, 32.5 ] },
																						"east": { "texture": "#horn", "uv": [ 99.5, 30.5, 101.0, 32.5 ] },
																						"south": { "texture": "#horn", "uv": [ 98.5, 30.5, 99.5, 32.5 ] },
																						"west": { "texture": "#horn", "uv": [ 97.0, 30.5, 98.5, 32.5 ] },
																						"up": { "texture": "#horn", "uv": [ 98.5, 29.0, 99.5, 30.5 ] }
																					},
																					"children": [
																						{
																							"name": "Rhorn11",
																							"from": [ 0.1, 2.2, 0.1 ],
																							"to": [ 1.2, 4.4, 1.4 ],
																							"unwrapMode": 3,
																							"uv": [ 98.0, 27.5 ],
																							"rotationOrigin": [ 0.1, 2.2, 0.1 ],
																							"rotationX": 15.0,
																							"rotationZ": -4.0,
																							"faces": {
																								"north": { "texture": "#horn", "uv": [ 101.0, 28.5, 102.0, 30.5 ] },
																								"east": { "texture": "#horn", "uv": [ 100.0, 28.5, 101.0, 30.5 ] },
																								"south": { "texture": "#horn", "uv": [ 99.0, 28.5, 100.0, 30.5 ] },
																								"west": { "texture": "#horn", "uv": [ 98.0, 28.5, 99.0, 30.5 ] },
																								"up": { "texture": "#horn", "uv": [ 99.0, 27.5, 100.0, 28.5 ] }
																							},
																							"children": [
																								{
																									"name": "Rhorn12",
																									"from": [ 0.05, 2.1, 0.15 ],
																									"to": [ 1.05, 4.1, 1.15 ],
																									"unwrapMode": 3,
																									"uv": [ 98.0, 25.5 ],
																									"rotationOrigin": [ 0.55, 2.1, 0.65 ],
																									"rotationX": 5.0,
																									"rotationZ": -4.0,
																									"faces": {
																										"north": { "texture": "#horn", "uv": [ 101.0, 26.5, 102.0, 28.5 ] },
																										"east": { "texture": "#horn", "uv": [ 100.0, 26.5, 101.0, 28.5 ] },
																										"south": { "texture": "#horn", "uv": [ 99.0, 26.5, 100.0, 28.5 ] },
																										"west": { "texture": "#horn", "uv": [ 98.0, 26.5, 99.0, 28.5 ] },
																										"up": { "texture": "#horn", "uv": [ 99.0, 25.5, 100.0, 26.5 ] }
																									}
																								}
																							]
																						}
																					]
																				}
																			]
																		}
																	]
																}
															]
														}
													]
												}
											]
										}
									]
								}
							]
						}
					]
				}
			]
		}
	],
	"animations": [
	]
}