{
	"editor": {
		"backDropShape": "game:shapes/entity/humanoid/seraph",
		"allAngles": true,
		"entityTextureMode": false
	},
	"textureWidth": 64,
	"textureHeight": 64,
	"textureSizes": {
	},
	"textures": {
		"material": "spearexpantion:entity/humanoid/serapharmor/lamellar/iron"
	},
	"elements": [
		{
			"name": "ArmorHelmet",
			"stepParentName": "Head",
			"from": [ 0.1, 2.3, -0.6 ],
			"to": [ 6.6, 5.8, 5.7 ],
			"rotationOrigin": [ 0.1, 2.3, -0.6 ],
			"faces": {
				"north": { "texture": "#material", "uv": [ 36.0, 24.5, 42.5, 28.0 ] },
				"east": { "texture": "#material", "uv": [ 55.0, 24.5, 61.0, 28.0 ] },
				"south": { "texture": "#material", "uv": [ 48.5, 24.5, 55.0, 28.0 ] },
				"west": { "texture": "#material", "uv": [ 42.5, 24.5, 48.5, 28.0 ] },
				"up": { "texture": "#material", "uv": [ 42.5, 18.0, 48.5, 24.5 ], "rotation": 90 },
				"down": { "texture": "#material", "uv": [ 42.5, 28.0, 48.5, 34.5 ], "rotation": 90 }
			},
			"children": [
				{
					"name": "ArmorHelmetstrap",
					"from": [ 0.5, -2.5, 0.2 ],
					"to": [ 2.0, 0.5, 6.1 ],
					"rotationOrigin": [ 0.5, -2.5, 0.2 ],
					"faces": {
						"north": { "texture": "#material", "uv": [ 49.5, 1.0, 51.0, 4.0 ], "rotation": 180 },
						"east": { "texture": "#material", "uv": [ 51.0, 4.0, 54.0, 9.5 ], "rotation": 90 },
						"south": { "texture": "#material", "uv": [ 49.5, 9.5, 51.0, 12.5 ] },
						"west": { "texture": "#material", "uv": [ 46.5, 4.0, 49.5, 9.5 ], "rotation": 270 },
						"down": { "texture": "#material", "uv": [ 49.5, 4.0, 51.0, 9.5 ] }
					}
				},
				{
					"name": "ArmorHelmetFace",
					"from": [ -0.7, 0.8, 0.0 ],
					"to": [ 0.0, 3.5, 6.3 ],
					"rotationOrigin": [ -0.5, 0.8, 0.0 ],
					"faces": {
						"north": { "texture": "#material", "uv": [ 38.5, 41.5, 39.0, 44.0 ] },
						"south": { "texture": "#material", "uv": [ 32.0, 41.5, 32.5, 44.0 ] },
						"west": { "texture": "#material", "uv": [ 32.5, 41.5, 38.5, 44.0 ] },
						"up": { "texture": "#material", "uv": [ 32.0, 35.5, 32.5, 41.5 ], "rotation": 180 },
						"down": { "texture": "#material", "uv": [ 32.0, 44.0, 32.5, 50.0 ] }
					},
					"children": [
						{
							"name": "mask",
							"from": [ 0.0, -3.7, 0.6 ],
							"to": [ 1.0, -2.7, 5.6 ],
							"rotationOrigin": [ 0.0, -3.7, 0.6 ],
							"faces": {
								"north": { "texture": "#material", "uv": [ 39.5, 13.0, 40.5, 14.0 ] },
								"east": { "texture": "#material", "uv": [ 34.0, 13.0, 39.0, 14.0 ] },
								"south": { "texture": "#material", "uv": [ 34.5, 12.5, 35.5, 13.5 ] },
								"west": { "texture": "#material", "uv": [ 31.0, 13.5, 36.0, 14.5 ] },
								"up": { "texture": "#material", "uv": [ 0.0, 0.0, 1.0, 5.0 ] },
								"down": { "texture": "#material", "uv": [ 1.0, 0.0, 2.0, 5.0 ] }
							}
						},
						{
							"name": "mask2",
							"from": [ 0.1, -2.7, 1.1 ],
							"to": [ 1.1, -1.7, 5.1 ],
							"rotationOrigin": [ 0.1, -2.7, 1.1 ],
							"rotationZ": -7.0,
							"faces": {
								"north": { "texture": "#material", "uv": [ 37.0, 12.5, 38.0, 13.5 ] },
								"east": { "texture": "#material", "uv": [ 34.5, 13.0, 38.5, 14.0 ] },
								"south": { "texture": "#material", "uv": [ 39.0, 12.5, 40.0, 13.5 ] },
								"west": { "texture": "#material", "uv": [ 37.5, 13.0, 41.5, 14.0 ] },
								"up": { "texture": "#material", "uv": [ 33.0, 11.5, 34.0, 15.5 ] },
								"down": { "texture": "#material", "uv": [ 30.5, 12.0, 31.5, 16.0 ] }
							},
							"children": [
								{
									"name": "mask5",
									"from": [ 0.0, 1.0, 1.5 ],
									"to": [ 1.0, 1.5, 2.5 ],
									"rotationOrigin": [ 0.0, 1.0, 1.5 ],
									"faces": {
										"north": { "texture": "#material", "uv": [ 37.0, 12.5, 38.0, 13.0 ] },
										"east": { "texture": "#material", "uv": [ 34.5, 13.0, 35.5, 13.5 ] },
										"south": { "texture": "#material", "uv": [ 39.0, 12.5, 40.0, 13.0 ] },
										"west": { "texture": "#material", "uv": [ 37.5, 13.0, 38.5, 13.5 ] },
										"up": { "texture": "#material", "uv": [ 33.0, 11.5, 34.0, 12.5 ] },
										"down": { "texture": "#material", "uv": [ 30.5, 12.0, 31.5, 13.0 ] }
									}
								}
							]
						},
						{
							"name": "mask3",
							"from": [ 1.8, -3.8, -0.4 ],
							"to": [ 2.8, -2.8, 1.6 ],
							"rotationOrigin": [ 1.8, -3.8, -0.4 ],
							"rotationY": -53.0,
							"faces": {
								"north": { "texture": "#material", "uv": [ 37.0, 12.5, 38.0, 13.5 ] },
								"east": { "texture": "#material", "uv": [ 34.5, 13.0, 36.5, 14.0 ] },
								"south": { "texture": "#material", "uv": [ 39.0, 12.5, 40.0, 13.5 ] },
								"west": { "texture": "#material", "uv": [ 38.5, 13.0, 40.5, 14.0 ] },
								"up": { "texture": "#material", "uv": [ 33.0, 11.5, 34.0, 13.5 ] },
								"down": { "texture": "#material", "uv": [ 30.5, 12.0, 31.5, 14.0 ] }
							}
						},
						{
							"name": "mask4",
							"from": [ 0.1, -3.7, 5.6 ],
							"to": [ 1.1, -2.7, 7.6 ],
							"rotationOrigin": [ 0.1, -3.7, 5.6 ],
							"rotationY": 62.0,
							"faces": {
								"north": { "texture": "#material", "uv": [ 37.0, 12.5, 38.0, 13.5 ] },
								"east": { "texture": "#material", "uv": [ 34.5, 13.0, 36.5, 14.0 ] },
								"south": { "texture": "#material", "uv": [ 39.0, 12.5, 40.0, 13.5 ] },
								"west": { "texture": "#material", "uv": [ 38.5, 13.0, 40.5, 14.0 ] },
								"up": { "texture": "#material", "uv": [ 33.0, 11.5, 34.0, 13.5 ] },
								"down": { "texture": "#material", "uv": [ 30.5, 12.0, 31.5, 14.0 ] }
							}
						},
						{
							"name": "mask6",
							"from": [ 0.1, -4.3, 1.6 ],
							"to": [ 1.2, -3.7, 4.6 ],
							"rotationOrigin": [ 0.1, -4.3, 1.6 ],
							"rotationZ": 6.0,
							"faces": {
								"north": { "texture": "#material", "uv": [ 39.5, 13.0, 40.5, 13.5 ] },
								"east": { "texture": "#material", "uv": [ 34.0, 13.0, 37.0, 13.5 ] },
								"south": { "texture": "#material", "uv": [ 34.5, 12.5, 35.5, 13.0 ] },
								"west": { "texture": "#material", "uv": [ 31.0, 13.5, 34.0, 14.0 ] },
								"up": { "texture": "#material", "uv": [ 0.0, 0.0, 1.0, 3.0 ] },
								"down": { "texture": "#material", "uv": [ 1.0, 0.0, 2.0, 3.0 ] }
							}
						},
						{
							"name": "mask7",
							"from": [ 0.0, -2.7, 2.5 ],
							"to": [ 1.0, -2.2, 3.5 ],
							"rotationOrigin": [ 0.0, -2.7, 2.5 ],
							"faces": {
								"north": { "texture": "#material", "uv": [ 37.0, 12.5, 38.0, 13.0 ] },
								"east": { "texture": "#material", "uv": [ 34.5, 13.0, 35.5, 13.5 ] },
								"south": { "texture": "#material", "uv": [ 39.0, 12.5, 40.0, 13.0 ] },
								"west": { "texture": "#material", "uv": [ 37.5, 13.0, 38.5, 13.5 ] },
								"up": { "texture": "#material", "uv": [ 33.0, 11.5, 34.0, 12.5 ] },
								"down": { "texture": "#material", "uv": [ 30.5, 12.0, 31.5, 13.0 ] }
							}
						}
					]
				},
				{
					"name": "ArmorHelmetMid",
					"from": [ 0.0, 2.5, 0.5 ],
					"to": [ 6.0, 4.0, 5.8 ],
					"rotationOrigin": [ 0.0, 2.5, 0.5 ],
					"faces": {
						"north": { "texture": "#material", "uv": [ 50.0, 16.5, 56.0, 18.0 ], "rotation": 180 },
						"east": { "texture": "#material", "uv": [ 56.0, 18.0, 57.5, 23.0 ], "rotation": 90 },
						"south": { "texture": "#material", "uv": [ 50.0, 23.0, 56.0, 24.5 ] },
						"west": { "texture": "#material", "uv": [ 48.5, 18.0, 50.0, 23.0 ], "rotation": 270 },
						"up": { "texture": "#material", "uv": [ 50.0, 18.0, 56.0, 23.0 ] }
					}
				},
				{
					"name": "ArmorHelmetNeck",
					"from": [ 5.1, -3.0, 0.2 ],
					"to": [ 6.1, 0.3, 6.2 ],
					"rotationOrigin": [ 6.1, 0.0, 3.2 ],
					"rotationZ": 8.0,
					"faces": {
						"north": { "texture": "#material", "uv": [ 55.5, 28.0, 56.5, 31.0 ] },
						"east": { "texture": "#material", "uv": [ 49.5, 28.0, 55.5, 31.0 ] },
						"south": { "texture": "#material", "uv": [ 48.5, 28.0, 49.5, 31.0 ] },
						"west": { "texture": "#material", "uv": [ 56.5, 28.0, 62.5, 31.0 ] },
						"down": { "texture": "#material", "uv": [ 49.5, 31.0, 55.5, 32.0 ], "rotation": 270 }
					}
				},
				{
					"name": "ArmorHelmetNeckR",
					"from": [ 1.2, -3.0, 0.2 ],
					"to": [ 5.2, 0.3, 1.2 ],
					"rotationOrigin": [ 2.2, 0.0, 1.2 ],
					"rotationX": 15.0,
					"faces": {
						"north": { "texture": "#material", "uv": [ 49.5, 28.0, 53.5, 31.0 ] },
						"east": { "texture": "#material", "uv": [ 48.5, 28.0, 49.5, 31.0 ] },
						"south": { "texture": "#material", "uv": [ 52.5, 28.0, 56.5, 31.0 ] },
						"west": { "texture": "#material", "uv": [ 55.5, 28.0, 56.5, 31.0 ] },
						"down": { "texture": "#material", "uv": [ 52.5, 31.0, 56.5, 32.0 ], "rotation": 180 }
					}
				},
				{
					"name": "ArmorHelmetNeckL",
					"from": [ 1.2, -3.0, 5.2 ],
					"to": [ 5.2, 0.3, 6.2 ],
					"rotationOrigin": [ 2.2, 0.0, 5.2 ],
					"rotationX": -15.0,
					"faces": {
						"north": { "texture": "#material", "uv": [ 52.5, 28.0, 56.5, 31.0 ] },
						"east": { "texture": "#material", "uv": [ 55.5, 28.0, 56.5, 31.0 ] },
						"south": { "texture": "#material", "uv": [ 49.5, 28.0, 53.5, 31.0 ] },
						"west": { "texture": "#material", "uv": [ 48.5, 28.0, 49.5, 31.0 ] },
						"down": { "texture": "#material", "uv": [ 52.5, 31.0, 56.5, 32.0 ], "rotation": 180 }
					}
				},
				{
					"name": "ArmorHelmetMid2",
					"from": [ 0.4, 3.1, 1.1 ],
					"to": [ 5.4, 4.6, 5.4 ],
					"rotationOrigin": [ 0.4, 3.1, 1.1 ],
					"faces": {
						"north": { "texture": "#material", "uv": [ 50.5, 16.5, 55.5, 18.0 ], "rotation": 180 },
						"east": { "texture": "#material", "uv": [ 56.0, 18.5, 57.5, 22.5 ], "rotation": 90 },
						"south": { "texture": "#material", "uv": [ 50.5, 23.0, 55.5, 24.5 ] },
						"west": { "texture": "#material", "uv": [ 48.5, 18.5, 50.0, 22.5 ], "rotation": 270 },
						"up": { "texture": "#material", "uv": [ 50.5, 18.5, 55.5, 22.5 ] }
					}
				}
			]
		}
	]}