{
	"editor": {
		"allAngles": false,
		"entityTextureMode": true
	},
	"textureWidth": 200,
	"textureHeight": 200,
	"textureSizes": {
		"steel": [100,100],
		"wood": [100,100],
		"brass": [100,100]
	},
	"textures": {
		"iron": "mosin:tools/iron",
		"silver": "mosin:tools/silver"
	},
	"elements": [
		{
			"name": "tip things",
			"from": [ 5.5, -0.85, 7.15 ],
			"to": [ 8.0, 0.85, 8.85 ],
			"uv": [ 0.0, 0.0 ],
			"rotationOrigin": [ 5.0, 0.0, 8.0 ],
			"rotationZ": 22.5,
			"faces": {
				"north": { "texture": "#silver", "uv": [ 0.0, 0.0, 2.5, 1.5 ] },
				"east": { "texture": "#silver", "uv": [ 0.0, 0.0, 1.5, 1.5 ] },
				"south": { "texture": "#silver", "uv": [ 0.0, 0.0, 2.5, 1.5 ] },
				"west": { "texture": "#silver", "uv": [ 0.0, 0.0, 1.5, 1.5 ] },
				"up": { "texture": "#silver", "uv": [ 0.0, 0.0, 2.5, 1.5 ] },
				"down": { "texture": "#silver", "uv": [ 0.0, 0.0, 2.5, 1.5 ] }
			},
			"children": [
				{
					"name": "handle8",
					"from": [ -4.49, 0.0537, 0.45 ],
					"to": [ -3.39, 0.7537, 1.25 ],
					"uv": [ 0.0, 0.0 ],
					"rotationOrigin": [ -2.93, 0.4037, 0.85 ],
					"rotationZ": -18.0,
					"faces": {
						"north": { "texture": "#silver", "uv": [ 0.0, 0.0, 1.0, 0.5 ] },
						"east": { "texture": "#silver", "uv": [ 0.0, 0.0, 0.5, 0.5 ] },
						"south": { "texture": "#silver", "uv": [ 0.0, 0.0, 1.0, 0.5 ] },
						"west": { "texture": "#silver", "uv": [ 0.0, 0.0, 0.5, 0.5 ] },
						"up": { "texture": "#silver", "uv": [ 0.0, 0.0, 1.0, 0.5 ] },
						"down": { "texture": "#silver", "uv": [ 0.0, 0.0, 1.0, 0.5 ] }
					}
				},
				{
					"name": "handle7",
					"from": [ -4.51, 1.1307, 0.45 ],
					"to": [ -3.41, 1.8307, 1.25 ],
					"uv": [ 0.0, 0.0 ],
					"rotationOrigin": [ -2.93, 1.4037, 0.85 ],
					"rotationX": 180.0,
					"rotationZ": -18.0,
					"faces": {
						"north": { "texture": "#silver", "uv": [ 0.0, 0.0, 1.0, 0.5 ] },
						"east": { "texture": "#silver", "uv": [ 0.0, 0.0, 0.5, 0.5 ] },
						"south": { "texture": "#silver", "uv": [ 0.0, 0.0, 1.0, 0.5 ] },
						"west": { "texture": "#silver", "uv": [ 0.0, 0.0, 0.5, 0.5 ] },
						"up": { "texture": "#silver", "uv": [ 0.0, 0.0, 1.0, 0.5 ] },
						"down": { "texture": "#silver", "uv": [ 0.0, 0.0, 1.0, 0.5 ] }
					}
				},
				{
					"name": "handle6",
					"from": [ -3.41, 1.1307, 0.45 ],
					"to": [ -1.41, 2.4307, 1.25 ],
					"uv": [ 0.0, 0.0 ],
					"rotationOrigin": [ -2.93, 1.4037, 0.85 ],
					"rotationX": 180.0,
					"rotationZ": -18.0,
					"faces": {
						"north": { "texture": "#silver", "uv": [ 0.0, 0.0, 2.0, 1.0 ] },
						"east": { "texture": "#silver", "uv": [ 0.0, 0.0, 0.5, 1.0 ] },
						"south": { "texture": "#silver", "uv": [ 0.0, 0.0, 2.0, 1.0 ] },
						"west": { "texture": "#silver", "uv": [ 0.0, 0.0, 0.5, 1.0 ] },
						"up": { "texture": "#silver", "uv": [ 0.0, 0.0, 2.0, 0.5 ] },
						"down": { "texture": "#silver", "uv": [ 0.0, 0.0, 2.0, 0.5 ] }
					}
				},
				{
					"name": "handle5",
					"from": [ -3.39, 0.0537, 0.45 ],
					"to": [ -1.39, 1.3537, 1.25 ],
					"uv": [ 0.0, 0.0 ],
					"rotationOrigin": [ -2.93, 0.4037, 0.85 ],
					"rotationZ": -18.0,
					"faces": {
						"north": { "texture": "#silver", "uv": [ 0.0, 0.0, 2.0, 1.0 ] },
						"east": { "texture": "#silver", "uv": [ 0.0, 0.0, 0.5, 1.0 ] },
						"south": { "texture": "#silver", "uv": [ 0.0, 0.0, 2.0, 1.0 ] },
						"west": { "texture": "#silver", "uv": [ 0.0, 0.0, 0.5, 1.0 ] },
						"up": { "texture": "#silver", "uv": [ 0.0, 0.0, 2.0, 0.5 ] },
						"down": { "texture": "#silver", "uv": [ 0.0, 0.0, 2.0, 0.5 ] }
					}
				},
				{
					"name": "handle4",
					"from": [ -1.799, 0.9737, 0.45 ],
					"to": [ 0.201, 2.2737, 1.25 ],
					"uv": [ 0.0, 0.0 ],
					"rotationOrigin": [ -0.93, 1.4037, 0.85 ],
					"rotationX": 180.0,
					"rotationZ": 22.5,
					"faces": {
						"north": { "texture": "#silver", "uv": [ 0.0, 0.0, 2.0, 1.0 ] },
						"east": { "texture": "#silver", "uv": [ 0.0, 0.0, 0.5, 1.0 ] },
						"south": { "texture": "#silver", "uv": [ 0.0, 0.0, 2.0, 1.0 ] },
						"west": { "texture": "#silver", "uv": [ 0.0, 0.0, 0.5, 1.0 ] },
						"up": { "texture": "#silver", "uv": [ 0.0, 0.0, 2.0, 0.5 ] },
						"down": { "texture": "#silver", "uv": [ 0.0, 0.0, 2.0, 0.5 ] }
					}
				},
				{
					"name": "handle3",
					"from": [ -1.7, -0.15, 0.45 ],
					"to": [ 0.3, 1.15, 1.25 ],
					"uv": [ 0.0, 0.0 ],
					"rotationOrigin": [ -1.0, 0.05, 0.85 ],
					"rotationZ": 22.5,
					"faces": {
						"north": { "texture": "#silver", "uv": [ 0.0, 0.0, 2.0, 1.0 ] },
						"east": { "texture": "#silver", "uv": [ 0.0, 0.0, 0.5, 1.0 ] },
						"south": { "texture": "#silver", "uv": [ 0.0, 0.0, 2.0, 1.0 ] },
						"west": { "texture": "#silver", "uv": [ 0.0, 0.0, 0.5, 1.0 ] },
						"up": { "texture": "#silver", "uv": [ 0.0, 0.0, 2.0, 0.5 ] },
						"down": { "texture": "#silver", "uv": [ 0.0, 0.0, 2.0, 0.5 ] }
					}
				},
				{
					"name": "thing",
					"from": [ -10.5, -8.5, 0.0 ],
					"to": [ -3.5, -6.8, 1.7 ],
					"uv": [ 0.0, 0.0 ],
					"rotationOrigin": [ -7.5, -8.15, 0.85 ],
					"rotationZ": 22.5,
					"faces": {
						"north": { "texture": "#silver", "uv": [ 0.0, 0.0, 7.0, 1.5 ] },
						"east": { "texture": "#silver", "uv": [ 0.0, 0.0, 1.5, 1.5 ] },
						"south": { "texture": "#silver", "uv": [ 0.0, 0.0, 7.0, 1.5 ] },
						"west": { "texture": "#silver", "uv": [ 0.0, 0.0, 1.5, 1.5 ] },
						"up": { "texture": "#silver", "uv": [ 0.0, 0.0, 7.0, 1.5 ] },
						"down": { "texture": "#silver", "uv": [ 0.0, 0.0, 7.0, 1.5 ] }
					}
				}
			]
		},
		{
			"name": "blade",
			"from": [ 5.0, -7.75, 7.8 ],
			"to": [ 22.18, -5.75, 8.2 ],
			"uv": [ 0.0, 0.0 ],
			"rotationOrigin": [ 5.0, -7.0, 8.0 ],
			"rotationZ": 45.0,
			"faces": {
				"north": { "texture": "#iron", "uv": [ 0.0, 0.0, 17.0, 2.0 ] },
				"east": { "texture": "#iron", "uv": [ 0.0, 0.0, 0.5, 2.0 ] },
				"south": { "texture": "#iron", "uv": [ 0.0, 0.0, 17.0, 2.0 ] },
				"west": { "texture": "#iron", "uv": [ 0.0, 0.0, 0.5, 2.0 ] },
				"up": { "texture": "#iron", "uv": [ 0.0, 0.0, 17.0, 0.5 ] },
				"down": { "texture": "#iron", "uv": [ 0.0, 0.0, 17.0, 0.5 ] }
			},
			"children": [
				{
					"name": "handle15",
					"from": [ 14.599, 0.323, 0.0 ],
					"to": [ 16.599, 1.023, 0.4 ],
					"uv": [ 0.0, 0.0 ],
					"rotationOrigin": [ 16.0, 2.75, 0.2 ],
					"rotationZ": 67.5,
					"faces": {
						"north": { "texture": "#iron", "uv": [ 0.0, 0.0, 2.0, 0.5 ] },
						"east": { "texture": "#iron", "uv": [ 0.0, 0.0, 0.5, 0.5 ] },
						"south": { "texture": "#iron", "uv": [ 0.0, 0.0, 2.0, 0.5 ] },
						"west": { "texture": "#iron", "uv": [ 0.0, 0.0, 0.5, 0.5 ] },
						"up": { "texture": "#iron", "uv": [ 0.0, 0.0, 2.0, 0.5 ] },
						"down": { "texture": "#iron", "uv": [ 0.0, 0.0, 2.0, 0.5 ] }
					}
				},
				{
					"name": "handle16",
					"from": [ 1.31, 1.826, 0.0 ],
					"to": [ 18.49, 2.326, 0.4 ],
					"uv": [ 0.0, 0.0 ],
					"rotationOrigin": [ 8.0, 1.75, 0.2 ],
					"rotationZ": 3.0,
					"faces": {
						"north": { "texture": "#iron", "uv": [ 0.0, 0.0, 17.0, 0.5 ] },
						"east": { "texture": "#iron", "uv": [ 0.0, 0.0, 0.5, 0.5 ] },
						"south": { "texture": "#iron", "uv": [ 0.0, 0.0, 17.0, 0.5 ] },
						"west": { "texture": "#iron", "uv": [ 0.0, 0.0, 0.5, 0.5 ] },
						"up": { "texture": "#iron", "uv": [ 0.0, 0.0, 17.0, 0.5 ] },
						"down": { "texture": "#iron", "uv": [ 0.0, 0.0, 17.0, 0.5 ] }
					}
				},
				{
					"name": "handle17",
					"from": [ 11.31, 0.83, 0.0 ],
					"to": [ 18.01, 1.83, 0.4 ],
					"uv": [ 0.0, 0.0 ],
					"rotationOrigin": [ 8.0, 1.75, 0.2 ],
					"rotationZ": 3.0,
					"faces": {
						"north": { "texture": "#iron", "uv": [ 0.0, 0.0, 6.5, 1.0 ] },
						"east": { "texture": "#iron", "uv": [ 0.0, 0.0, 0.5, 1.0 ] },
						"south": { "texture": "#iron", "uv": [ 0.0, 0.0, 6.5, 1.0 ] },
						"west": { "texture": "#iron", "uv": [ 0.0, 0.0, 0.5, 1.0 ] },
						"up": { "texture": "#iron", "uv": [ 0.0, 0.0, 6.5, 0.5 ] },
						"down": { "texture": "#iron", "uv": [ 0.0, 0.0, 6.5, 0.5 ] }
					}
				},
				{
					"name": "handle18",
					"from": [ 16.9, 0.33, 0.0 ],
					"to": [ 17.6, 1.33, 0.4 ],
					"uv": [ 0.0, 0.0 ],
					"rotationOrigin": [ 8.0, 1.75, 0.2 ],
					"rotationZ": 3.0,
					"faces": {
						"north": { "texture": "#iron", "uv": [ 0.0, 0.0, 0.5, 1.0 ] },
						"east": { "texture": "#iron", "uv": [ 0.0, 0.0, 0.5, 1.0 ] },
						"south": { "texture": "#iron", "uv": [ 0.0, 0.0, 0.5, 1.0 ] },
						"west": { "texture": "#iron", "uv": [ 0.0, 0.0, 0.5, 1.0 ] },
						"up": { "texture": "#iron", "uv": [ 0.0, 0.0, 0.5, 0.5 ] },
						"down": { "texture": "#iron", "uv": [ 0.0, 0.0, 0.5, 0.5 ] }
					}
				},
				{
					"name": "handle10",
					"from": [ -0.5, -1.0, 0.0 ],
					"to": [ 12.5, 0.7, 0.4 ],
					"uv": [ 0.0, 0.0 ],
					"rotationOrigin": [ 0.0, -0.25, 0.2 ],
					"rotationZ": -3.0,
					"faces": {
						"north": { "texture": "#iron", "uv": [ 0.0, 0.0, 13.0, 1.5 ] },
						"east": { "texture": "#iron", "uv": [ 0.0, 0.0, 0.5, 1.5 ] },
						"south": { "texture": "#iron", "uv": [ 0.0, 0.0, 13.0, 1.5 ] },
						"west": { "texture": "#iron", "uv": [ 0.0, 0.0, 0.5, 1.5 ] },
						"up": { "texture": "#iron", "uv": [ 0.0, 0.0, 13.0, 0.5 ] },
						"down": { "texture": "#iron", "uv": [ 0.0, 0.0, 13.0, 0.5 ] }
					}
				},
				{
					"name": "handle11",
					"from": [ 12.444, -1.653, 0.0 ],
					"to": [ 14.444, 0.047, 0.4 ],
					"uv": [ 0.0, 0.0 ],
					"rotationOrigin": [ 14.0, -0.25, 0.2 ],
					"faces": {
						"north": { "texture": "#iron", "uv": [ 0.0, 0.0, 2.0, 1.5 ] },
						"east": { "texture": "#iron", "uv": [ 0.0, 0.0, 0.5, 1.5 ] },
						"south": { "texture": "#iron", "uv": [ 0.0, 0.0, 2.0, 1.5 ] },
						"west": { "texture": "#iron", "uv": [ 0.0, 0.0, 0.5, 1.5 ] },
						"up": { "texture": "#iron", "uv": [ 0.0, 0.0, 2.0, 0.5 ] },
						"down": { "texture": "#iron", "uv": [ 0.0, 0.0, 2.0, 0.5 ] }
					}
				},
				{
					"name": "handle12",
					"from": [ 13.567, -1.2575, 0.0 ],
					"to": [ 15.567, 0.4425, 0.4 ],
					"uv": [ 0.0, 0.0 ],
					"rotationOrigin": [ 15.0, 0.75, 0.2 ],
					"rotationZ": 22.5,
					"faces": {
						"north": { "texture": "#iron", "uv": [ 0.0, 0.0, 2.0, 1.5 ] },
						"east": { "texture": "#iron", "uv": [ 0.0, 0.0, 0.5, 1.5 ] },
						"south": { "texture": "#iron", "uv": [ 0.0, 0.0, 2.0, 1.5 ] },
						"west": { "texture": "#iron", "uv": [ 0.0, 0.0, 0.5, 1.5 ] },
						"up": { "texture": "#iron", "uv": [ 0.0, 0.0, 2.0, 0.5 ] },
						"down": { "texture": "#iron", "uv": [ 0.0, 0.0, 2.0, 0.5 ] }
					}
				},
				{
					"name": "handle13",
					"from": [ 14.3416, -0.3217, 0.0 ],
					"to": [ 16.3416, 1.3783, 0.4 ],
					"uv": [ 0.0, 0.0 ],
					"rotationOrigin": [ 16.0, 1.75, 0.2 ],
					"rotationZ": 45.0,
					"faces": {
						"north": { "texture": "#iron", "uv": [ 0.0, 0.0, 2.0, 1.5 ] },
						"east": { "texture": "#iron", "uv": [ 0.0, 0.0, 0.5, 1.5 ] },
						"south": { "texture": "#iron", "uv": [ 0.0, 0.0, 2.0, 1.5 ] },
						"west": { "texture": "#iron", "uv": [ 0.0, 0.0, 0.5, 1.5 ] },
						"up": { "texture": "#iron", "uv": [ 0.0, 0.0, 2.0, 0.5 ] },
						"down": { "texture": "#iron", "uv": [ 0.0, 0.0, 2.0, 0.5 ] }
					}
				},
				{
					"name": "handle9",
					"from": [ -1.0, -1.1, -0.65 ],
					"to": [ 0.0, 2.6, 1.05 ],
					"uv": [ 0.0, 0.0 ],
					"rotationOrigin": [ -1.0, -0.25, 0.2 ],
					"faces": {
						"north": { "texture": "#silver", "uv": [ 0.0, 0.0, 1.0, 3.5 ] },
						"east": { "texture": "#silver", "uv": [ 0.0, 0.0, 1.5, 3.5 ] },
						"south": { "texture": "#silver", "uv": [ 0.0, 0.0, 1.0, 3.5 ] },
						"west": { "texture": "#silver", "uv": [ 0.0, 0.0, 1.5, 3.5 ] },
						"up": { "texture": "#silver", "uv": [ 0.0, 0.0, 1.0, 1.5 ] },
						"down": { "texture": "#silver", "uv": [ 0.0, 0.0, 1.0, 1.5 ] }
					}
				}
			]
		}
	]}