{
	"editor": {
		"collapsedPaths": "Root/Sword,Root/Handle_wood,Root/Handle_wood/Handle_metallic,Root/Handle_wood/Blade,Root/Blade,Root/Handle_metallic",
		"allAngles": false,
		"entityTextureMode": true
	},
	"textureWidth": 60,
	"textureHeight": 60,
	"textureSizes": {
		"iron": [75,40],
		"handle": [16,16],
		"steel": [16,16],
		"silver": [16,16],
		"iron2": [80,80],
		"wood": [16,16]
	},
	"textures": {
	},
	"elements": [
		{
			"name": "Handle_wood",
			"from": [ 8.5, -1.0, 7.0 ],
			"to": [ 9.5, 0.6, 11.0 ],
			"uv": [ 0.0, 0.0 ],
			"rotationOrigin": [ 8.0, -1.0, 7.0 ],
			"rotationY": -90.0,
			"faces": {
				"north": { "texture": "#handle-wood", "uv": [ 0.0, 0.0, 1.0, 1.5 ] },
				"east": { "texture": "#handle-wood", "uv": [ 0.0, 0.0, 4.0, 1.5 ] },
				"south": { "texture": "#handle-wood", "uv": [ 0.0, 0.0, 1.0, 1.5 ] },
				"west": { "texture": "#handle-wood", "uv": [ 0.0, 0.0, 4.0, 1.5 ] },
				"up": { "texture": "#handle-wood", "uv": [ 0.0, 0.0, 1.0, 4.0 ] },
				"down": { "texture": "#handle-wood", "uv": [ 0.0, 0.0, 1.0, 4.0 ] }
			},
			"children": [
				{
					"name": "Cube3",
					"from": [ 0.15, 0.15, 4.0 ],
					"to": [ 0.85, 1.45, 6.0 ],
					"uv": [ 0.0, 0.0 ],
					"rotationOrigin": [ 0.0, 0.0, 4.0 ],
					"faces": {
						"north": { "texture": "#handle-wood", "uv": [ 0.0, 0.0, 0.5, 1.0 ] },
						"east": { "texture": "#handle-wood", "uv": [ 0.0, 0.0, 2.0, 1.0 ] },
						"south": { "texture": "#handle-wood", "uv": [ 0.0, 0.0, 0.5, 1.0 ] },
						"west": { "texture": "#handle-wood", "uv": [ 0.0, 0.0, 2.0, 1.0 ] },
						"up": { "texture": "#handle-wood", "uv": [ 0.0, 0.0, 0.5, 2.0 ] },
						"down": { "texture": "#handle-wood", "uv": [ 0.0, 0.0, 0.5, 2.0 ] }
					}
				}
			]
		},
		{
			"name": "Handle_metallic",
			"from": [ 2.6979, -1.0, 6.5001 ],
			"to": [ 4.2979, 0.6, 8.1001 ],
			"uv": [ 0.0, 0.0 ],
			"rotationOrigin": [ 2.0, -1.0, 6.5 ],
			"rotationY": -89.9802,
			"faces": {
				"north": { "texture": "#handle-metallic", "uv": [ 0.0, 0.0, 1.5, 1.5 ] },
				"east": { "texture": "#handle-metallic", "uv": [ 0.0, 0.0, 1.5, 1.5 ] },
				"south": { "texture": "#handle-metallic", "uv": [ 0.0, 0.0, 1.5, 1.5 ] },
				"west": { "texture": "#handle-metallic", "uv": [ 0.0, 0.0, 1.5, 1.5 ] },
				"up": { "texture": "#handle-metallic", "uv": [ 0.0, 0.0, 1.5, 1.5 ] },
				"down": { "texture": "#handle-metallic", "uv": [ 0.0, 0.0, 1.5, 1.5 ] }
			},
			"children": [
				{
					"name": "Cube4",
					"from": [ 0.4, 0.1, -7.0 ],
					"to": [ 1.2, 1.5, -6.0 ],
					"uv": [ 0.0, 0.0 ],
					"rotationOrigin": [ 0.3, 0.0, -7.0 ],
					"faces": {
						"north": { "texture": "#handle-metallic", "uv": [ 0.0, 0.0, 0.5, 1.0 ] },
						"east": { "texture": "#handle-metallic", "uv": [ 0.0, 0.0, 1.0, 1.0 ] },
						"south": { "texture": "#handle-metallic", "uv": [ 0.0, 0.0, 0.5, 1.0 ] },
						"west": { "texture": "#handle-metallic", "uv": [ 0.0, 0.0, 1.0, 1.0 ] },
						"up": { "texture": "#handle-metallic", "uv": [ 0.0, 0.0, 0.5, 1.0 ] },
						"down": { "texture": "#handle-metallic", "uv": [ 0.0, 0.0, 0.5, 1.0 ] }
					}
				},
				{
					"name": "Cube6",
					"from": [ 0.55, 1.5, -6.75 ],
					"to": [ 1.05, 6.0, -6.25 ],
					"uv": [ 0.0, 0.0 ],
					"rotationOrigin": [ 0.3, 1.0, -7.0 ],
					"faces": {
						"north": { "texture": "#handle-metallic", "uv": [ 0.0, 0.0, 0.5, 4.5 ] },
						"east": { "texture": "#handle-metallic", "uv": [ 0.0, 0.0, 0.5, 4.5 ] },
						"south": { "texture": "#handle-metallic", "uv": [ 0.0, 0.0, 0.5, 4.5 ] },
						"west": { "texture": "#handle-metallic", "uv": [ 0.0, 0.0, 0.5, 4.5 ] },
						"up": { "texture": "#handle-metallic", "uv": [ 0.0, 0.0, 0.5, 0.5 ] },
						"down": { "texture": "#handle-metallic", "uv": [ 0.0, 0.0, 0.5, 0.5 ] }
					}
				},
				{
					"name": "Cube8",
					"from": [ -0.45, 1.9, -6.75 ],
					"to": [ 0.05, 6.4, -6.25 ],
					"uv": [ 0.0, 0.0 ],
					"rotationOrigin": [ 0.3, 1.0, -7.0 ],
					"rotationZ": 180.0,
					"faces": {
						"north": { "texture": "#handle-metallic", "uv": [ 0.0, 0.0, 0.5, 4.5 ] },
						"east": { "texture": "#handle-metallic", "uv": [ 0.0, 0.0, 0.5, 4.5 ] },
						"south": { "texture": "#handle-metallic", "uv": [ 0.0, 0.0, 0.5, 4.5 ] },
						"west": { "texture": "#handle-metallic", "uv": [ 0.0, 0.0, 0.5, 4.5 ] },
						"up": { "texture": "#handle-metallic", "uv": [ 0.0, 0.0, 0.5, 0.5 ] },
						"down": { "texture": "#handle-metallic", "uv": [ 0.0, 0.0, 0.5, 0.5 ] }
					}
				},
				{
					"name": "Cube9",
					"from": [ 1.3, -4.4, -7.0 ],
					"to": [ 2.3, -3.4, -6.0 ],
					"uv": [ 0.0, 0.0 ],
					"rotationOrigin": [ 1.3, -4.4, -7.0 ],
					"rotationZ": 180.0,
					"faces": {
						"north": { "texture": "#handle-metallic", "uv": [ 0.0, 0.0, 1.0, 1.0 ] },
						"east": { "texture": "#handle-metallic", "uv": [ 0.0, 0.0, 1.0, 1.0 ] },
						"south": { "texture": "#handle-metallic", "uv": [ 0.0, 0.0, 1.0, 1.0 ] },
						"west": { "texture": "#handle-metallic", "uv": [ 0.0, 0.0, 1.0, 1.0 ] },
						"up": { "texture": "#handle-metallic", "uv": [ 0.0, 0.0, 1.0, 1.0 ] },
						"down": { "texture": "#handle-metallic", "uv": [ 0.0, 0.0, 1.0, 1.0 ] }
					}
				},
				{
					"name": "Cube10",
					"from": [ 0.45, 0.15, -10.0 ],
					"to": [ 1.15, 1.45, -7.0 ],
					"uv": [ 0.0, 0.0 ],
					"rotationOrigin": [ 0.3, 0.0, -10.0 ],
					"faces": {
						"north": { "texture": "#handle-metallic", "uv": [ 0.0, 0.0, 0.5, 1.0 ] },
						"east": { "texture": "#handle-metallic", "uv": [ 0.0, 0.0, 3.0, 1.0 ] },
						"south": { "texture": "#handle-metallic", "uv": [ 0.0, 0.0, 0.5, 1.0 ] },
						"west": { "texture": "#handle-metallic", "uv": [ 0.0, 0.0, 3.0, 1.0 ] },
						"up": { "texture": "#handle-metallic", "uv": [ 0.0, 0.0, 0.5, 3.0 ] },
						"down": { "texture": "#handle-metallic", "uv": [ 0.0, 0.0, 0.5, 3.0 ] }
					}
				},
				{
					"name": "Cube15",
					"from": [ -0.45, 0.01, -6.79 ],
					"to": [ 0.05, 2.81, -6.29 ],
					"uv": [ 0.0, 0.0 ],
					"rotationOrigin": [ 0.3, 0.0, -6.0 ],
					"rotationX": -20.0,
					"rotationZ": 180.0,
					"faces": {
						"north": { "texture": "#handle-metallic", "uv": [ 0.0, 0.0, 0.5, 2.5 ] },
						"east": { "texture": "#handle-metallic", "uv": [ 0.0, 0.0, 0.5, 2.5 ] },
						"south": { "texture": "#handle-metallic", "uv": [ 0.0, 0.0, 0.5, 2.5 ] },
						"west": { "texture": "#handle-metallic", "uv": [ 0.0, 0.0, 0.5, 2.5 ] },
						"up": { "texture": "#handle-metallic", "uv": [ 0.0, 0.0, 0.5, 0.5 ] },
						"down": { "texture": "#handle-metallic", "uv": [ 0.0, 0.0, 0.5, 0.5 ] }
					}
				},
				{
					"name": "Cube16",
					"from": [ -0.45, 1.78, -8.915 ],
					"to": [ 0.05, 2.28, -8.415 ],
					"uv": [ 0.0, 0.0 ],
					"rotationOrigin": [ 0.3, -1.0, -8.0 ],
					"rotationX": -67.5,
					"rotationZ": 180.0,
					"faces": {
						"north": { "texture": "#handle-metallic", "uv": [ 0.0, 0.0, 0.5, 0.5 ] },
						"east": { "texture": "#handle-metallic", "uv": [ 0.0, 0.0, 0.5, 0.5 ] },
						"south": { "texture": "#handle-metallic", "uv": [ 0.0, 0.0, 0.5, 0.5 ] },
						"west": { "texture": "#handle-metallic", "uv": [ 0.0, 0.0, 0.5, 0.5 ] },
						"up": { "texture": "#handle-metallic", "uv": [ 0.0, 0.0, 0.5, 0.5 ] },
						"down": { "texture": "#handle-metallic", "uv": [ 0.0, 0.0, 0.5, 0.5 ] }
					}
				},
				{
					"name": "Cube17",
					"from": [ -0.45, 0.68, -9.1 ],
					"to": [ 0.05, 3.18, -8.6 ],
					"uv": [ 0.0, 0.0 ],
					"rotationOrigin": [ 0.3, -2.0, -8.0 ],
					"rotationX": -90.0,
					"rotationZ": 180.0,
					"faces": {
						"north": { "texture": "#handle-metallic", "uv": [ 0.0, 0.0, 0.5, 2.5 ] },
						"east": { "texture": "#handle-metallic", "uv": [ 0.0, 0.0, 0.5, 2.5 ] },
						"south": { "texture": "#handle-metallic", "uv": [ 0.0, 0.0, 0.5, 2.5 ] },
						"west": { "texture": "#handle-metallic", "uv": [ 0.0, 0.0, 0.5, 2.5 ] },
						"up": { "texture": "#handle-metallic", "uv": [ 0.0, 0.0, 0.5, 0.5 ] },
						"down": { "texture": "#handle-metallic", "uv": [ 0.0, 0.0, 0.5, 0.5 ] }
					}
				},
				{
					"name": "Cube20",
					"from": [ -0.45, 3.24, -7.88 ],
					"to": [ 0.05, 3.74, -7.38 ],
					"uv": [ 0.0, 0.0 ],
					"rotationOrigin": [ 0.3, -2.0, -6.0 ],
					"rotationX": -112.5,
					"rotationZ": 180.0,
					"faces": {
						"north": { "texture": "#handle-metallic", "uv": [ 0.0, 0.5, 0.5, 1.0 ] },
						"east": { "texture": "#handle-metallic", "uv": [ 0.5, 0.5, 1.0, 1.0 ] },
						"south": { "texture": "#handle-metallic", "uv": [ 1.0, 0.5, 1.5, 1.0 ] },
						"west": { "texture": "#handle-metallic", "uv": [ 1.5, 0.5, 2.0, 1.0 ] },
						"up": { "texture": "#handle-metallic", "uv": [ 0.0, 0.0, 0.5, 0.5 ] },
						"down": { "texture": "#handle-metallic", "uv": [ 0.5, 0.0, 1.0, 0.5 ] }
					}
				},
				{
					"name": "Cube19",
					"from": [ -0.45, 0.44, -7.66 ],
					"to": [ 0.05, 1.44, -7.16 ],
					"uv": [ 0.0, 0.0 ],
					"rotationOrigin": [ 0.3, -5.0, -6.0 ],
					"rotationX": -135.0,
					"rotationZ": 180.0,
					"faces": {
						"north": { "texture": "#handle-metallic", "uv": [ 0.0, 0.0, 0.5, 1.0 ] },
						"east": { "texture": "#handle-metallic", "uv": [ 0.0, 0.0, 0.5, 1.0 ] },
						"south": { "texture": "#handle-metallic", "uv": [ 0.0, 0.0, 0.5, 1.0 ] },
						"west": { "texture": "#handle-metallic", "uv": [ 0.0, 0.0, 0.5, 1.0 ] },
						"up": { "texture": "#handle-metallic", "uv": [ 0.0, 0.0, 0.5, 0.5 ] },
						"down": { "texture": "#handle-metallic", "uv": [ 0.0, 0.0, 0.5, 0.5 ] }
					}
				},
				{
					"name": "Cube22",
					"from": [ -0.7, 9.4, -7.7 ],
					"to": [ 0.3, 10.4, -6.7 ],
					"uv": [ 0.0, 0.0 ],
					"rotationOrigin": [ 0.3, 3.0, -5.0 ],
					"rotationX": -67.5,
					"rotationZ": 180.0,
					"faces": {
						"north": { "texture": "#handle-metallic", "uv": [ 0.0, 0.0, 1.0, 1.0 ] },
						"east": { "texture": "#handle-metallic", "uv": [ 0.0, 0.0, 1.0, 1.0 ] },
						"south": { "texture": "#handle-metallic", "uv": [ 0.0, 0.0, 1.0, 1.0 ] },
						"west": { "texture": "#handle-metallic", "uv": [ 0.0, 0.0, 1.0, 1.0 ] },
						"up": { "texture": "#handle-metallic", "uv": [ 0.0, 0.0, 1.0, 1.0 ] },
						"down": { "texture": "#handle-metallic", "uv": [ 0.0, 0.0, 1.0, 1.0 ] }
					}
				},
				{
					"name": "Cube21",
					"from": [ -0.45, 6.83, -8.579 ],
					"to": [ 0.05, 7.33, -8.079 ],
					"uv": [ 0.0, 0.0 ],
					"rotationOrigin": [ 0.3, 1.0, -6.0 ],
					"rotationX": -90.0,
					"rotationZ": 180.0,
					"faces": {
						"north": { "texture": "#handle-metallic", "uv": [ 0.0, 0.0, 0.5, 0.5 ] },
						"east": { "texture": "#handle-metallic", "uv": [ 0.0, 0.0, 0.5, 0.5 ] },
						"south": { "texture": "#handle-metallic", "uv": [ 0.0, 0.0, 0.5, 0.5 ] },
						"west": { "texture": "#handle-metallic", "uv": [ 0.0, 0.0, 0.5, 0.5 ] },
						"up": { "texture": "#handle-metallic", "uv": [ 0.0, 0.0, 0.5, 0.5 ] },
						"down": { "texture": "#handle-metallic", "uv": [ 0.0, 0.0, 0.5, 0.5 ] }
					}
				},
				{
					"name": "Cube45",
					"from": [ -20.7536, 0.37, 18.3 ],
					"to": [ -20.2536, 1.67, 18.8 ],
					"uv": [ 0.0, 0.0 ],
					"rotationOrigin": [ 4.3, 0.9962, 18.0872 ],
					"rotationY": -89.9802,
					"faces": {
						"north": { "texture": "#handle-metallic", "uv": [ 0.0, 0.5, 0.5, 1.5 ] },
						"east": { "texture": "#handle-metallic", "uv": [ 0.5, 0.5, 1.0, 1.5 ] },
						"south": { "texture": "#handle-metallic", "uv": [ 1.0, 0.5, 1.5, 1.5 ] },
						"west": { "texture": "#handle-metallic", "uv": [ 1.5, 0.5, 2.0, 1.5 ] },
						"up": { "texture": "#handle-metallic", "uv": [ 0.0, 0.0, 0.5, 0.5 ] },
						"down": { "texture": "#handle-metallic", "uv": [ 0.5, 0.0, 1.0, 0.5 ] }
					},
					"children": [
						{
							"name": "Cube46",
							"from": [ 1.0, -1.1, 0.0472 ],
							"to": [ 1.5, 0.2, 0.5472 ],
							"uv": [ 0.0, 0.0 ],
							"rotationOrigin": [ 0.75, -0.5462, -0.0528 ],
							"rotationX": -5.0,
							"rotationZ": -180.0,
							"faces": {
								"north": { "texture": "#handle-metallic", "uv": [ 0.0, 0.0, 0.5, 1.0 ] },
								"east": { "texture": "#handle-metallic", "uv": [ 0.0, 0.0, 0.5, 1.0 ] },
								"south": { "texture": "#handle-metallic", "uv": [ 0.0, 0.0, 0.5, 1.0 ] },
								"west": { "texture": "#handle-metallic", "uv": [ 0.0, 0.0, 0.5, 1.0 ] },
								"up": { "texture": "#handle-metallic", "uv": [ 0.0, 0.0, 0.5, 0.5 ] },
								"down": { "texture": "#handle-metallic", "uv": [ 0.0, 0.0, 0.5, 0.5 ] }
							},
							"children": [
								{
									"name": "Cube47",
									"from": [ 0.0, 0.8577, 2.6264 ],
									"to": [ 0.5, 2.8577, 3.1264 ],
									"uv": [ 0.0, 0.0 ],
									"rotationOrigin": [ -0.25, 1.8077, 2.8014 ],
									"rotationX": 165.0,
									"faces": {
										"north": { "texture": "#handle-metallic", "uv": [ 0.0, 0.0, 0.5, 2.0 ] },
										"east": { "texture": "#handle-metallic", "uv": [ 0.0, 0.0, 0.5, 2.0 ] },
										"south": { "texture": "#handle-metallic", "uv": [ 0.0, 0.0, 0.5, 2.0 ] },
										"west": { "texture": "#handle-metallic", "uv": [ 0.0, 0.0, 0.5, 2.0 ] },
										"up": { "texture": "#handle-metallic", "uv": [ 0.0, 0.0, 0.5, 0.5 ] },
										"down": { "texture": "#handle-metallic", "uv": [ 0.0, 0.0, 0.5, 0.5 ] }
									}
								},
								{
									"name": "Cube48",
									"from": [ 0.0, 1.3, -0.197 ],
									"to": [ 0.5, 2.3, 0.303 ],
									"uv": [ 0.0, 0.0 ],
									"rotationOrigin": [ -0.25, 0.55, -0.1 ],
									"rotationX": 15.0,
									"faces": {
										"north": { "texture": "#handle-metallic", "uv": [ 0.0, 0.0, 0.5, 1.0 ] },
										"east": { "texture": "#handle-metallic", "uv": [ 0.0, 0.0, 0.5, 1.0 ] },
										"south": { "texture": "#handle-metallic", "uv": [ 0.0, 0.0, 0.5, 1.0 ] },
										"west": { "texture": "#handle-metallic", "uv": [ 0.0, 0.0, 0.5, 1.0 ] },
										"up": { "texture": "#handle-metallic", "uv": [ 0.0, 0.0, 0.5, 0.5 ] },
										"down": { "texture": "#handle-metallic", "uv": [ 0.0, 0.0, 0.5, 0.5 ] }
									}
								},
								{
									"name": "Cube49",
									"from": [ 0.0, 2.3862, -0.3072 ],
									"to": [ 0.5, 3.3862, 0.1928 ],
									"uv": [ 0.0, 0.0 ],
									"rotationOrigin": [ -0.25, 1.5462, -0.1872 ],
									"rotationX": 40.0,
									"faces": {
										"north": { "texture": "#handle-metallic", "uv": [ 0.0, 0.0, 0.5, 1.0 ] },
										"east": { "texture": "#handle-metallic", "uv": [ 0.0, 0.0, 0.5, 1.0 ] },
										"south": { "texture": "#handle-metallic", "uv": [ 0.0, 0.0, 0.5, 1.0 ] },
										"west": { "texture": "#handle-metallic", "uv": [ 0.0, 0.0, 0.5, 1.0 ] },
										"up": { "texture": "#handle-metallic", "uv": [ 0.0, 0.0, 0.5, 0.5 ] },
										"down": { "texture": "#handle-metallic", "uv": [ 0.0, 0.0, 0.5, 0.5 ] }
									}
								},
								{
									"name": "Cube50",
									"from": [ 0.0, 3.0762, -1.2112 ],
									"to": [ 0.5, 3.5762, -0.7112 ],
									"uv": [ 0.0, 0.0 ],
									"rotationOrigin": [ -0.25, 1.5462, -0.1872 ],
									"rotationX": 70.0,
									"faces": {
										"north": { "texture": "#handle-metallic", "uv": [ 0.0, 0.0, 0.5, 0.5 ] },
										"east": { "texture": "#handle-metallic", "uv": [ 0.0, 0.0, 0.5, 0.5 ] },
										"south": { "texture": "#handle-metallic", "uv": [ 0.0, 0.0, 0.5, 0.5 ] },
										"west": { "texture": "#handle-metallic", "uv": [ 0.0, 0.0, 0.5, 0.5 ] },
										"up": { "texture": "#handle-metallic", "uv": [ 0.0, 0.0, 0.5, 0.5 ] },
										"down": { "texture": "#handle-metallic", "uv": [ 0.0, 0.0, 0.5, 0.5 ] }
									}
								},
								{
									"name": "Cube51",
									"from": [ 0.0, 3.2422, -1.7022 ],
									"to": [ 0.5, 3.7422, -1.2022 ],
									"uv": [ 0.0, 0.0 ],
									"rotationOrigin": [ -0.25, 1.5462, -0.1872 ],
									"rotationX": 85.0,
									"faces": {
										"north": { "texture": "#handle-metallic", "uv": [ 0.0, 0.0, 0.5, 0.5 ] },
										"east": { "texture": "#handle-metallic", "uv": [ 0.0, 0.0, 0.5, 0.5 ] },
										"south": { "texture": "#handle-metallic", "uv": [ 0.0, 0.0, 0.5, 0.5 ] },
										"west": { "texture": "#handle-metallic", "uv": [ 0.0, 0.0, 0.5, 0.5 ] },
										"up": { "texture": "#handle-metallic", "uv": [ 0.0, 0.0, 0.5, 0.5 ] },
										"down": { "texture": "#handle-metallic", "uv": [ 0.0, 0.0, 0.5, 0.5 ] }
									}
								},
								{
									"name": "Cube52",
									"from": [ 0.0, 2.9962, -2.4272 ],
									"to": [ 0.5, 3.4962, -1.9272 ],
									"uv": [ 0.0, 0.0 ],
									"rotationOrigin": [ -0.25, 1.5462, -0.1872 ],
									"rotationX": 107.5,
									"faces": {
										"north": { "texture": "#handle-metallic", "uv": [ 0.0, 0.0, 0.5, 0.5 ] },
										"east": { "texture": "#handle-metallic", "uv": [ 0.0, 0.0, 0.5, 0.5 ] },
										"south": { "texture": "#handle-metallic", "uv": [ 0.0, 0.0, 0.5, 0.5 ] },
										"west": { "texture": "#handle-metallic", "uv": [ 0.0, 0.0, 0.5, 0.5 ] },
										"up": { "texture": "#handle-metallic", "uv": [ 0.0, 0.0, 0.5, 0.5 ] },
										"down": { "texture": "#handle-metallic", "uv": [ 0.0, 0.0, 0.5, 0.5 ] }
									}
								},
								{
									"name": "Cube53",
									"from": [ 0.0, 2.4862, -2.9972 ],
									"to": [ 0.5, 2.9862, -2.4972 ],
									"uv": [ 0.0, 0.0 ],
									"rotationOrigin": [ -0.25, 1.5462, -0.1872 ],
									"rotationX": 130.0,
									"faces": {
										"north": { "texture": "#handle-metallic", "uv": [ 0.0, 0.0, 0.5, 0.5 ] },
										"east": { "texture": "#handle-metallic", "uv": [ 0.0, 0.0, 0.5, 0.5 ] },
										"south": { "texture": "#handle-metallic", "uv": [ 0.0, 0.0, 0.5, 0.5 ] },
										"west": { "texture": "#handle-metallic", "uv": [ 0.0, 0.0, 0.5, 0.5 ] },
										"up": { "texture": "#handle-metallic", "uv": [ 0.0, 0.0, 0.5, 0.5 ] },
										"down": { "texture": "#handle-metallic", "uv": [ 0.0, 0.0, 0.5, 0.5 ] }
									}
								},
								{
									"name": "Cube54",
									"from": [ 1.0, -1.59, 0.14 ],
									"to": [ 1.5, -0.29, 0.64 ],
									"uv": [ 0.0, 0.0 ],
									"rotationOrigin": [ 0.75, -1.4424, 0.0743 ],
									"rotationX": -10.0,
									"rotationZ": 180.0,
									"faces": {
										"north": { "texture": "#handle-metallic", "uv": [ 0.0, 0.0, 0.5, 1.0 ] },
										"east": { "texture": "#handle-metallic", "uv": [ 0.0, 0.0, 0.5, 1.0 ] },
										"south": { "texture": "#handle-metallic", "uv": [ 0.0, 0.0, 0.5, 1.0 ] },
										"west": { "texture": "#handle-metallic", "uv": [ 0.0, 0.0, 0.5, 1.0 ] },
										"up": { "texture": "#handle-metallic", "uv": [ 0.0, 0.0, 0.5, 0.5 ] },
										"down": { "texture": "#handle-metallic", "uv": [ 0.0, 0.0, 0.5, 0.5 ] }
									},
									"children": [
										{
											"name": "Cube55",
											"from": [ 0.0, 0.8577, 2.6264 ],
											"to": [ 0.5, 2.8577, 3.1264 ],
											"uv": [ 0.0, 0.0 ],
											"rotationOrigin": [ -0.25, 1.8077, 2.8014 ],
											"rotationX": 165.0,
											"faces": {
												"north": { "texture": "#handle-metallic", "uv": [ 0.0, 0.0, 0.5, 2.0 ] },
												"east": { "texture": "#handle-metallic", "uv": [ 0.0, 0.0, 0.5, 2.0 ] },
												"south": { "texture": "#handle-metallic", "uv": [ 0.0, 0.0, 0.5, 2.0 ] },
												"west": { "texture": "#handle-metallic", "uv": [ 0.0, 0.0, 0.5, 2.0 ] },
												"up": { "texture": "#handle-metallic", "uv": [ 0.0, 0.0, 0.5, 0.5 ] },
												"down": { "texture": "#handle-metallic", "uv": [ 0.0, 0.0, 0.5, 0.5 ] }
											}
										},
										{
											"name": "Cube56",
											"from": [ 0.0, 1.3, -0.197 ],
											"to": [ 0.5, 2.3, 0.303 ],
											"uv": [ 0.0, 0.0 ],
											"rotationOrigin": [ -0.25, 0.55, -0.1 ],
											"rotationX": 15.0,
											"faces": {
												"north": { "texture": "#handle-metallic", "uv": [ 0.0, 0.0, 0.5, 1.0 ] },
												"east": { "texture": "#handle-metallic", "uv": [ 0.0, 0.0, 0.5, 1.0 ] },
												"south": { "texture": "#handle-metallic", "uv": [ 0.0, 0.0, 0.5, 1.0 ] },
												"west": { "texture": "#handle-metallic", "uv": [ 0.0, 0.0, 0.5, 1.0 ] },
												"up": { "texture": "#handle-metallic", "uv": [ 0.0, 0.0, 0.5, 0.5 ] },
												"down": { "texture": "#handle-metallic", "uv": [ 0.0, 0.0, 0.5, 0.5 ] }
											}
										},
										{
											"name": "Cube57",
											"from": [ 0.0, 2.3862, -0.3072 ],
											"to": [ 0.5, 3.3862, 0.1928 ],
											"uv": [ 0.0, 0.0 ],
											"rotationOrigin": [ -0.25, 1.5462, -0.1872 ],
											"rotationX": 40.0,
											"faces": {
												"north": { "texture": "#handle-metallic", "uv": [ 0.0, 0.0, 0.5, 1.0 ] },
												"east": { "texture": "#handle-metallic", "uv": [ 0.0, 0.0, 0.5, 1.0 ] },
												"south": { "texture": "#handle-metallic", "uv": [ 0.0, 0.0, 0.5, 1.0 ] },
												"west": { "texture": "#handle-metallic", "uv": [ 0.0, 0.0, 0.5, 1.0 ] },
												"up": { "texture": "#handle-metallic", "uv": [ 0.0, 0.0, 0.5, 0.5 ] },
												"down": { "texture": "#handle-metallic", "uv": [ 0.0, 0.0, 0.5, 0.5 ] }
											}
										},
										{
											"name": "Cube58",
											"from": [ 0.0, 3.0762, -1.2112 ],
											"to": [ 0.5, 3.5762, -0.7112 ],
											"uv": [ 0.0, 0.0 ],
											"rotationOrigin": [ -0.25, 1.5462, -0.1872 ],
											"rotationX": 70.0,
											"faces": {
												"north": { "texture": "#handle-metallic", "uv": [ 0.0, 0.0, 0.5, 0.5 ] },
												"east": { "texture": "#handle-metallic", "uv": [ 0.0, 0.0, 0.5, 0.5 ] },
												"south": { "texture": "#handle-metallic", "uv": [ 0.0, 0.0, 0.5, 0.5 ] },
												"west": { "texture": "#handle-metallic", "uv": [ 0.0, 0.0, 0.5, 0.5 ] },
												"up": { "texture": "#handle-metallic", "uv": [ 0.0, 0.0, 0.5, 0.5 ] },
												"down": { "texture": "#handle-metallic", "uv": [ 0.0, 0.0, 0.5, 0.5 ] }
											}
										},
										{
											"name": "Cube59",
											"from": [ 0.0, 3.2422, -1.7022 ],
											"to": [ 0.5, 3.7422, -1.2022 ],
											"uv": [ 0.0, 0.0 ],
											"rotationOrigin": [ -0.25, 1.5462, -0.1872 ],
											"rotationX": 85.0,
											"faces": {
												"north": { "texture": "#handle-metallic", "uv": [ 0.0, 0.0, 0.5, 0.5 ] },
												"east": { "texture": "#handle-metallic", "uv": [ 0.0, 0.0, 0.5, 0.5 ] },
												"south": { "texture": "#handle-metallic", "uv": [ 0.0, 0.0, 0.5, 0.5 ] },
												"west": { "texture": "#handle-metallic", "uv": [ 0.0, 0.0, 0.5, 0.5 ] },
												"up": { "texture": "#handle-metallic", "uv": [ 0.0, 0.0, 0.5, 0.5 ] },
												"down": { "texture": "#handle-metallic", "uv": [ 0.0, 0.0, 0.5, 0.5 ] }
											}
										},
										{
											"name": "Cube60",
											"from": [ 0.0, 2.9962, -2.4272 ],
											"to": [ 0.5, 3.4962, -1.9272 ],
											"uv": [ 0.0, 0.0 ],
											"rotationOrigin": [ -0.25, 1.5462, -0.1872 ],
											"rotationX": 107.5,
											"faces": {
												"north": { "texture": "#handle-metallic", "uv": [ 0.0, 0.0, 0.5, 0.5 ] },
												"east": { "texture": "#handle-metallic", "uv": [ 0.0, 0.0, 0.5, 0.5 ] },
												"south": { "texture": "#handle-metallic", "uv": [ 0.0, 0.0, 0.5, 0.5 ] },
												"west": { "texture": "#handle-metallic", "uv": [ 0.0, 0.0, 0.5, 0.5 ] },
												"up": { "texture": "#handle-metallic", "uv": [ 0.0, 0.0, 0.5, 0.5 ] },
												"down": { "texture": "#handle-metallic", "uv": [ 0.0, 0.0, 0.5, 0.5 ] }
											}
										},
										{
											"name": "Cube61",
											"from": [ 0.0, 2.4862, -2.9972 ],
											"to": [ 0.5, 2.9862, -2.4972 ],
											"uv": [ 0.0, 0.0 ],
											"rotationOrigin": [ -0.25, 1.5462, -0.1872 ],
											"rotationX": 130.0,
											"faces": {
												"north": { "texture": "#handle-metallic", "uv": [ 0.0, 0.0, 0.5, 0.5 ] },
												"east": { "texture": "#handle-metallic", "uv": [ 0.0, 0.0, 0.5, 0.5 ] },
												"south": { "texture": "#handle-metallic", "uv": [ 0.0, 0.0, 0.5, 0.5 ] },
												"west": { "texture": "#handle-metallic", "uv": [ 0.0, 0.0, 0.5, 0.5 ] },
												"up": { "texture": "#handle-metallic", "uv": [ 0.0, 0.0, 0.5, 0.5 ] },
												"down": { "texture": "#handle-metallic", "uv": [ 0.0, 0.0, 0.5, 0.5 ] }
											}
										},
										{
											"name": "Cube62",
											"from": [ 0.0, -1.18, 2.275 ],
											"to": [ 0.5, 1.22, 2.775 ],
											"uv": [ 0.0, 0.0 ],
											"rotationOrigin": [ -0.25, -0.1923, 2.8014 ],
											"rotationX": 175.0,
											"faces": {
												"north": { "texture": "#handle-metallic", "uv": [ 0.0, 0.0, 0.5, 2.0 ] },
												"east": { "texture": "#handle-metallic", "uv": [ 0.0, 0.0, 0.5, 2.0 ] },
												"south": { "texture": "#handle-metallic", "uv": [ 0.0, 0.0, 0.5, 2.0 ] },
												"west": { "texture": "#handle-metallic", "uv": [ 0.0, 0.0, 0.5, 2.0 ] },
												"up": { "texture": "#handle-metallic", "uv": [ 0.0, 0.0, 0.5, 0.5 ] },
												"down": { "texture": "#handle-metallic", "uv": [ 0.0, 0.0, 0.5, 0.5 ] }
											}
										}
									]
								}
							]
						},
						{
							"name": "Cube63",
							"from": [ 0.8, 0.0, 7.0 ],
							"to": [ 1.3, 1.3, 7.5 ],
							"uv": [ 0.0, 0.0 ],
							"rotationOrigin": [ 0.65, 0.4562, 6.7872 ],
							"rotationX": -180.0,
							"rotationZ": 179.9999,
							"faces": {
								"north": { "texture": "#handle-metallic", "uv": [ 0.0, 0.0, 0.5, 1.0 ] },
								"east": { "texture": "#handle-metallic", "uv": [ 0.0, 0.0, 0.5, 1.0 ] },
								"south": { "texture": "#handle-metallic", "uv": [ 0.0, 0.0, 0.5, 1.0 ] },
								"west": { "texture": "#handle-metallic", "uv": [ 0.0, 0.0, 0.5, 1.0 ] },
								"up": { "texture": "#handle-metallic", "uv": [ 0.0, 0.0, 0.5, 0.5 ] },
								"down": { "texture": "#handle-metallic", "uv": [ 0.0, 0.0, 0.5, 0.5 ] }
							},
							"children": [
								{
									"name": "Cube64",
									"from": [ 1.0, -1.0962, 0.0472 ],
									"to": [ 1.5, 0.2038, 0.5472 ],
									"uv": [ 0.0, 0.0 ],
									"rotationOrigin": [ 0.75, -0.5462, -0.0528 ],
									"rotationX": -5.0,
									"rotationZ": -180.0,
									"faces": {
										"north": { "texture": "#handle-metallic", "uv": [ 0.0, 0.0, 0.5, 1.0 ] },
										"east": { "texture": "#handle-metallic", "uv": [ 0.0, 0.0, 0.5, 1.0 ] },
										"south": { "texture": "#handle-metallic", "uv": [ 0.0, 0.0, 0.5, 1.0 ] },
										"west": { "texture": "#handle-metallic", "uv": [ 0.0, 0.0, 0.5, 1.0 ] },
										"up": { "texture": "#handle-metallic", "uv": [ 0.0, 0.0, 0.5, 0.5 ] },
										"down": { "texture": "#handle-metallic", "uv": [ 0.0, 0.0, 0.5, 0.5 ] }
									},
									"children": [
										{
											"name": "Cube65",
											"from": [ 0.0, 0.8577, 2.6264 ],
											"to": [ 0.5, 2.8577, 3.1264 ],
											"uv": [ 0.0, 0.0 ],
											"rotationOrigin": [ -0.25, 1.8077, 2.8014 ],
											"rotationX": 165.0,
											"faces": {
												"north": { "texture": "#handle-metallic", "uv": [ 0.0, 0.0, 0.5, 2.0 ] },
												"east": { "texture": "#handle-metallic", "uv": [ 0.0, 0.0, 0.5, 2.0 ] },
												"south": { "texture": "#handle-metallic", "uv": [ 0.0, 0.0, 0.5, 2.0 ] },
												"west": { "texture": "#handle-metallic", "uv": [ 0.0, 0.0, 0.5, 2.0 ] },
												"up": { "texture": "#handle-metallic", "uv": [ 0.0, 0.0, 0.5, 0.5 ] },
												"down": { "texture": "#handle-metallic", "uv": [ 0.0, 0.0, 0.5, 0.5 ] }
											}
										},
										{
											"name": "Cube66",
											"from": [ 0.0, 1.3, -0.197 ],
											"to": [ 0.5, 2.3, 0.303 ],
											"uv": [ 0.0, 0.0 ],
											"rotationOrigin": [ -0.25, 0.55, -0.1 ],
											"rotationX": 15.0,
											"faces": {
												"north": { "texture": "#handle-metallic", "uv": [ 0.0, 0.0, 0.5, 1.0 ] },
												"east": { "texture": "#handle-metallic", "uv": [ 0.0, 0.0, 0.5, 1.0 ] },
												"south": { "texture": "#handle-metallic", "uv": [ 0.0, 0.0, 0.5, 1.0 ] },
												"west": { "texture": "#handle-metallic", "uv": [ 0.0, 0.0, 0.5, 1.0 ] },
												"up": { "texture": "#handle-metallic", "uv": [ 0.0, 0.0, 0.5, 0.5 ] },
												"down": { "texture": "#handle-metallic", "uv": [ 0.0, 0.0, 0.5, 0.5 ] }
											}
										},
										{
											"name": "Cube67",
											"from": [ 0.0, 2.3862, -0.3072 ],
											"to": [ 0.5, 3.3862, 0.1928 ],
											"uv": [ 0.0, 0.0 ],
											"rotationOrigin": [ -0.25, 1.5462, -0.1872 ],
											"rotationX": 40.0,
											"faces": {
												"north": { "texture": "#handle-metallic", "uv": [ 0.0, 0.0, 0.5, 1.0 ] },
												"east": { "texture": "#handle-metallic", "uv": [ 0.0, 0.0, 0.5, 1.0 ] },
												"south": { "texture": "#handle-metallic", "uv": [ 0.0, 0.0, 0.5, 1.0 ] },
												"west": { "texture": "#handle-metallic", "uv": [ 0.0, 0.0, 0.5, 1.0 ] },
												"up": { "texture": "#handle-metallic", "uv": [ 0.0, 0.0, 0.5, 0.5 ] },
												"down": { "texture": "#handle-metallic", "uv": [ 0.0, 0.0, 0.5, 0.5 ] }
											}
										},
										{
											"name": "Cube68",
											"from": [ 0.0, 3.0762, -1.2112 ],
											"to": [ 0.5, 3.5762, -0.7112 ],
											"uv": [ 0.0, 0.0 ],
											"rotationOrigin": [ -0.25, 1.5462, -0.1872 ],
											"rotationX": 70.0,
											"faces": {
												"north": { "texture": "#handle-metallic", "uv": [ 0.0, 0.0, 0.5, 0.5 ] },
												"east": { "texture": "#handle-metallic", "uv": [ 0.0, 0.0, 0.5, 0.5 ] },
												"south": { "texture": "#handle-metallic", "uv": [ 0.0, 0.0, 0.5, 0.5 ] },
												"west": { "texture": "#handle-metallic", "uv": [ 0.0, 0.0, 0.5, 0.5 ] },
												"up": { "texture": "#handle-metallic", "uv": [ 0.0, 0.0, 0.5, 0.5 ] },
												"down": { "texture": "#handle-metallic", "uv": [ 0.0, 0.0, 0.5, 0.5 ] }
											}
										},
										{
											"name": "Cube69",
											"from": [ 0.0, 3.2422, -1.7022 ],
											"to": [ 0.5, 3.7422, -1.2022 ],
											"uv": [ 0.0, 0.0 ],
											"rotationOrigin": [ -0.25, 1.5462, -0.1872 ],
											"rotationX": 85.0,
											"faces": {
												"north": { "texture": "#handle-metallic", "uv": [ 0.0, 0.0, 0.5, 0.5 ] },
												"east": { "texture": "#handle-metallic", "uv": [ 0.0, 0.0, 0.5, 0.5 ] },
												"south": { "texture": "#handle-metallic", "uv": [ 0.0, 0.0, 0.5, 0.5 ] },
												"west": { "texture": "#handle-metallic", "uv": [ 0.0, 0.0, 0.5, 0.5 ] },
												"up": { "texture": "#handle-metallic", "uv": [ 0.0, 0.0, 0.5, 0.5 ] },
												"down": { "texture": "#handle-metallic", "uv": [ 0.0, 0.0, 0.5, 0.5 ] }
											}
										},
										{
											"name": "Cube70",
											"from": [ 0.0, 2.9962, -2.4272 ],
											"to": [ 0.5, 3.4962, -1.9272 ],
											"uv": [ 0.0, 0.0 ],
											"rotationOrigin": [ -0.25, 1.5462, -0.1872 ],
											"rotationX": 107.5,
											"faces": {
												"north": { "texture": "#handle-metallic", "uv": [ 0.0, 0.0, 0.5, 0.5 ] },
												"east": { "texture": "#handle-metallic", "uv": [ 0.0, 0.0, 0.5, 0.5 ] },
												"south": { "texture": "#handle-metallic", "uv": [ 0.0, 0.0, 0.5, 0.5 ] },
												"west": { "texture": "#handle-metallic", "uv": [ 0.0, 0.0, 0.5, 0.5 ] },
												"up": { "texture": "#handle-metallic", "uv": [ 0.0, 0.0, 0.5, 0.5 ] },
												"down": { "texture": "#handle-metallic", "uv": [ 0.0, 0.0, 0.5, 0.5 ] }
											}
										},
										{
											"name": "Cube71",
											"from": [ 0.0, 2.4862, -2.9972 ],
											"to": [ 0.5, 2.9862, -2.4972 ],
											"uv": [ 0.0, 0.0 ],
											"rotationOrigin": [ -0.25, 1.5462, -0.1872 ],
											"rotationX": 130.0,
											"faces": {
												"north": { "texture": "#handle-metallic", "uv": [ 0.0, 0.0, 0.5, 0.5 ] },
												"east": { "texture": "#handle-metallic", "uv": [ 0.0, 0.0, 0.5, 0.5 ] },
												"south": { "texture": "#handle-metallic", "uv": [ 0.0, 0.0, 0.5, 0.5 ] },
												"west": { "texture": "#handle-metallic", "uv": [ 0.0, 0.0, 0.5, 0.5 ] },
												"up": { "texture": "#handle-metallic", "uv": [ 0.0, 0.0, 0.5, 0.5 ] },
												"down": { "texture": "#handle-metallic", "uv": [ 0.0, 0.0, 0.5, 0.5 ] }
											}
										},
										{
											"name": "Cube72",
											"from": [ 1.0, -1.59, 0.14 ],
											"to": [ 1.5, -0.29, 0.64 ],
											"uv": [ 0.0, 0.0 ],
											"rotationOrigin": [ 0.75, -1.4424, 0.0743 ],
											"rotationX": -10.0,
											"rotationZ": 180.0,
											"faces": {
												"north": { "texture": "#handle-metallic", "uv": [ 0.0, 0.0, 0.5, 1.0 ] },
												"east": { "texture": "#handle-metallic", "uv": [ 0.0, 0.0, 0.5, 1.0 ] },
												"south": { "texture": "#handle-metallic", "uv": [ 0.0, 0.0, 0.5, 1.0 ] },
												"west": { "texture": "#handle-metallic", "uv": [ 0.0, 0.0, 0.5, 1.0 ] },
												"up": { "texture": "#handle-metallic", "uv": [ 0.0, 0.0, 0.5, 0.5 ] },
												"down": { "texture": "#handle-metallic", "uv": [ 0.0, 0.0, 0.5, 0.5 ] }
											},
											"children": [
												{
													"name": "Cube73",
													"from": [ 0.0, 0.8577, 2.6264 ],
													"to": [ 0.5, 2.8577, 3.1264 ],
													"uv": [ 0.0, 0.0 ],
													"rotationOrigin": [ -0.25, 1.8077, 2.8014 ],
													"rotationX": 165.0,
													"faces": {
														"north": { "texture": "#handle-metallic", "uv": [ 0.0, 0.0, 0.5, 2.0 ] },
														"east": { "texture": "#handle-metallic", "uv": [ 0.0, 0.0, 0.5, 2.0 ] },
														"south": { "texture": "#handle-metallic", "uv": [ 0.0, 0.0, 0.5, 2.0 ] },
														"west": { "texture": "#handle-metallic", "uv": [ 0.0, 0.0, 0.5, 2.0 ] },
														"up": { "texture": "#handle-metallic", "uv": [ 0.0, 0.0, 0.5, 0.5 ] },
														"down": { "texture": "#handle-metallic", "uv": [ 0.0, 0.0, 0.5, 0.5 ] }
													}
												},
												{
													"name": "Cube74",
													"from": [ 0.0, 1.3, -0.197 ],
													"to": [ 0.5, 2.3, 0.303 ],
													"uv": [ 0.0, 0.0 ],
													"rotationOrigin": [ -0.25, 0.55, -0.1 ],
													"rotationX": 15.0,
													"faces": {
														"north": { "texture": "#handle-metallic", "uv": [ 0.0, 0.0, 0.5, 1.0 ] },
														"east": { "texture": "#handle-metallic", "uv": [ 0.0, 0.0, 0.5, 1.0 ] },
														"south": { "texture": "#handle-metallic", "uv": [ 0.0, 0.0, 0.5, 1.0 ] },
														"west": { "texture": "#handle-metallic", "uv": [ 0.0, 0.0, 0.5, 1.0 ] },
														"up": { "texture": "#handle-metallic", "uv": [ 0.0, 0.0, 0.5, 0.5 ] },
														"down": { "texture": "#handle-metallic", "uv": [ 0.0, 0.0, 0.5, 0.5 ] }
													}
												},
												{
													"name": "Cube75",
													"from": [ 0.0, 2.3862, -0.3072 ],
													"to": [ 0.5, 3.3862, 0.1928 ],
													"uv": [ 0.0, 0.0 ],
													"rotationOrigin": [ -0.25, 1.5462, -0.1872 ],
													"rotationX": 40.0,
													"faces": {
														"north": { "texture": "#handle-metallic", "uv": [ 0.0, 0.0, 0.5, 1.0 ] },
														"east": { "texture": "#handle-metallic", "uv": [ 0.0, 0.0, 0.5, 1.0 ] },
														"south": { "texture": "#handle-metallic", "uv": [ 0.0, 0.0, 0.5, 1.0 ] },
														"west": { "texture": "#handle-metallic", "uv": [ 0.0, 0.0, 0.5, 1.0 ] },
														"up": { "texture": "#handle-metallic", "uv": [ 0.0, 0.0, 0.5, 0.5 ] },
														"down": { "texture": "#handle-metallic", "uv": [ 0.0, 0.0, 0.5, 0.5 ] }
													}
												},
												{
													"name": "Cube76",
													"from": [ 0.0, 3.0762, -1.2112 ],
													"to": [ 0.5, 3.5762, -0.7112 ],
													"uv": [ 0.0, 0.0 ],
													"rotationOrigin": [ -0.25, 1.5462, -0.1872 ],
													"rotationX": 70.0,
													"faces": {
														"north": { "texture": "#handle-metallic", "uv": [ 0.0, 0.0, 0.5, 0.5 ] },
														"east": { "texture": "#handle-metallic", "uv": [ 0.0, 0.0, 0.5, 0.5 ] },
														"south": { "texture": "#handle-metallic", "uv": [ 0.0, 0.0, 0.5, 0.5 ] },
														"west": { "texture": "#handle-metallic", "uv": [ 0.0, 0.0, 0.5, 0.5 ] },
														"up": { "texture": "#handle-metallic", "uv": [ 0.0, 0.0, 0.5, 0.5 ] },
														"down": { "texture": "#handle-metallic", "uv": [ 0.0, 0.0, 0.5, 0.5 ] }
													}
												},
												{
													"name": "Cube77",
													"from": [ 0.0, 3.2422, -1.7022 ],
													"to": [ 0.5, 3.7422, -1.2022 ],
													"uv": [ 0.0, 0.0 ],
													"rotationOrigin": [ -0.25, 1.5462, -0.1872 ],
													"rotationX": 85.0,
													"faces": {
														"north": { "texture": "#handle-metallic", "uv": [ 0.0, 0.0, 0.5, 0.5 ] },
														"east": { "texture": "#handle-metallic", "uv": [ 0.0, 0.0, 0.5, 0.5 ] },
														"south": { "texture": "#handle-metallic", "uv": [ 0.0, 0.0, 0.5, 0.5 ] },
														"west": { "texture": "#handle-metallic", "uv": [ 0.0, 0.0, 0.5, 0.5 ] },
														"up": { "texture": "#handle-metallic", "uv": [ 0.0, 0.0, 0.5, 0.5 ] },
														"down": { "texture": "#handle-metallic", "uv": [ 0.0, 0.0, 0.5, 0.5 ] }
													}
												},
												{
													"name": "Cube78",
													"from": [ 0.0, 2.9962, -2.4272 ],
													"to": [ 0.5, 3.4962, -1.9272 ],
													"uv": [ 0.0, 0.0 ],
													"rotationOrigin": [ -0.25, 1.5462, -0.1872 ],
													"rotationX": 107.5,
													"faces": {
														"north": { "texture": "#handle-metallic", "uv": [ 0.0, 0.0, 0.5, 0.5 ] },
														"east": { "texture": "#handle-metallic", "uv": [ 0.0, 0.0, 0.5, 0.5 ] },
														"south": { "texture": "#handle-metallic", "uv": [ 0.0, 0.0, 0.5, 0.5 ] },
														"west": { "texture": "#handle-metallic", "uv": [ 0.0, 0.0, 0.5, 0.5 ] },
														"up": { "texture": "#handle-metallic", "uv": [ 0.0, 0.0, 0.5, 0.5 ] },
														"down": { "texture": "#handle-metallic", "uv": [ 0.0, 0.0, 0.5, 0.5 ] }
													}
												},
												{
													"name": "Cube79",
													"from": [ 0.0, 2.4862, -2.9972 ],
													"to": [ 0.5, 2.9862, -2.4972 ],
													"uv": [ 0.0, 0.0 ],
													"rotationOrigin": [ -0.25, 1.5462, -0.1872 ],
													"rotationX": 130.0,
													"faces": {
														"north": { "texture": "#handle-metallic", "uv": [ 0.0, 0.0, 0.5, 0.5 ] },
														"east": { "texture": "#handle-metallic", "uv": [ 0.0, 0.0, 0.5, 0.5 ] },
														"south": { "texture": "#handle-metallic", "uv": [ 0.0, 0.0, 0.5, 0.5 ] },
														"west": { "texture": "#handle-metallic", "uv": [ 0.0, 0.0, 0.5, 0.5 ] },
														"up": { "texture": "#handle-metallic", "uv": [ 0.0, 0.0, 0.5, 0.5 ] },
														"down": { "texture": "#handle-metallic", "uv": [ 0.0, 0.0, 0.5, 0.5 ] }
													}
												},
												{
													"name": "Cube80",
													"from": [ 0.0, -1.18, 2.275 ],
													"to": [ 0.5, 1.22, 2.775 ],
													"uv": [ 0.0, 0.0 ],
													"rotationOrigin": [ -0.25, -0.1923, 2.8014 ],
													"rotationX": 175.0,
													"faces": {
														"north": { "texture": "#handle-metallic", "uv": [ 0.0, 0.0, 0.5, 2.0 ] },
														"east": { "texture": "#handle-metallic", "uv": [ 0.0, 0.0, 0.5, 2.0 ] },
														"south": { "texture": "#handle-metallic", "uv": [ 0.0, 0.0, 0.5, 2.0 ] },
														"west": { "texture": "#handle-metallic", "uv": [ 0.0, 0.0, 0.5, 2.0 ] },
														"up": { "texture": "#handle-metallic", "uv": [ 0.0, 0.0, 0.5, 0.5 ] },
														"down": { "texture": "#handle-metallic", "uv": [ 0.0, 0.0, 0.5, 0.5 ] }
													}
												}
											]
										}
									]
								}
							]
						}
					]
				},
				{
					"name": "Cube43",
					"from": [ 1.55, 0.54, -9.95 ],
					"to": [ 2.05, 1.84, -9.45 ],
					"uv": [ 0.0, 0.0 ],
					"rotationOrigin": [ 1.3, 0.9962, -9.9128 ],
					"rotationZ": -180.0,
					"faces": {
						"north": { "texture": "#handle-metallic", "uv": [ 0.0, 0.0, 0.5, 1.0 ] },
						"east": { "texture": "#handle-metallic", "uv": [ 0.0, 0.0, 0.5, 1.0 ] },
						"south": { "texture": "#handle-metallic", "uv": [ 0.0, 0.0, 0.5, 1.0 ] },
						"west": { "texture": "#handle-metallic", "uv": [ 0.0, 0.0, 0.5, 1.0 ] },
						"up": { "texture": "#handle-metallic", "uv": [ 0.0, 0.0, 0.5, 0.5 ] },
						"down": { "texture": "#handle-metallic", "uv": [ 0.0, 0.0, 0.5, 0.5 ] }
					},
					"children": [
						{
							"name": "Cube27",
							"from": [ 1.0, -1.0962, 0.0472 ],
							"to": [ 1.5, 0.2038, 0.5472 ],
							"uv": [ 0.0, 0.0 ],
							"rotationOrigin": [ 0.75, -0.5462, -0.0528 ],
							"rotationX": -5.0,
							"rotationZ": -180.0,
							"faces": {
								"north": { "texture": "#handle-metallic", "uv": [ 0.0, 0.0, 0.5, 1.0 ], "autoUv": false, "windMode": [-1,-1,-1,-1] },
								"east": { "texture": "#handle-metallic", "uv": [ 0.0, 2.0, 0.5, 3.0 ] },
								"south": { "texture": "#handle-metallic", "uv": [ 0.5, 2.0, 1.0, 3.0 ] },
								"west": { "texture": "#handle-metallic", "uv": [ 1.0, 2.0, 1.5, 3.0 ] },
								"up": { "texture": "#handle-metallic", "uv": [ 0.0, 1.5, 0.5, 2.0 ] },
								"down": { "texture": "#handle-metallic", "uv": [ 0.5, 1.5, 1.0, 2.0 ] }
							},
							"children": [
								{
									"name": "Cube28",
									"from": [ 0.0, 0.8577, 2.6264 ],
									"to": [ 0.5, 2.8577, 3.1264 ],
									"uv": [ 0.0, 0.0 ],
									"rotationOrigin": [ -0.25, 1.8077, 2.8014 ],
									"rotationX": 165.0,
									"faces": {
										"north": { "texture": "#handle-metallic", "uv": [ 0.0, 0.0, 0.5, 2.0 ] },
										"east": { "texture": "#handle-metallic", "uv": [ 0.0, 0.0, 0.5, 2.0 ] },
										"south": { "texture": "#handle-metallic", "uv": [ 0.0, 0.0, 0.5, 2.0 ] },
										"west": { "texture": "#handle-metallic", "uv": [ 0.0, 0.0, 0.5, 2.0 ] },
										"up": { "texture": "#handle-metallic", "uv": [ 0.0, 0.0, 0.5, 0.5 ] },
										"down": { "texture": "#handle-metallic", "uv": [ 0.0, 0.0, 0.5, 0.5 ] }
									}
								},
								{
									"name": "Cube29",
									"from": [ 0.0, 1.3, -0.197 ],
									"to": [ 0.5, 2.3, 0.303 ],
									"uv": [ 0.0, 0.0 ],
									"rotationOrigin": [ -0.25, 0.55, -0.1 ],
									"rotationX": 15.0,
									"faces": {
										"north": { "texture": "#handle-metallic", "uv": [ 0.0, 0.0, 0.5, 1.0 ] },
										"east": { "texture": "#handle-metallic", "uv": [ 0.0, 0.0, 0.5, 1.0 ] },
										"south": { "texture": "#handle-metallic", "uv": [ 0.0, 0.0, 0.5, 1.0 ] },
										"west": { "texture": "#handle-metallic", "uv": [ 0.0, 0.0, 0.5, 1.0 ] },
										"up": { "texture": "#handle-metallic", "uv": [ 0.0, 0.0, 0.5, 0.5 ] },
										"down": { "texture": "#handle-metallic", "uv": [ 0.0, 0.0, 0.5, 0.5 ] }
									}
								},
								{
									"name": "Cube30",
									"from": [ 0.0, 2.3862, -0.3072 ],
									"to": [ 0.5, 3.3862, 0.1928 ],
									"uv": [ 0.0, 0.0 ],
									"rotationOrigin": [ -0.25, 1.5462, -0.1872 ],
									"rotationX": 40.0,
									"faces": {
										"north": { "texture": "#handle-metallic", "uv": [ 0.0, 0.0, 0.5, 1.0 ] },
										"east": { "texture": "#handle-metallic", "uv": [ 0.0, 0.0, 0.5, 1.0 ] },
										"south": { "texture": "#handle-metallic", "uv": [ 0.0, 0.0, 0.5, 1.0 ] },
										"west": { "texture": "#handle-metallic", "uv": [ 0.0, 0.0, 0.5, 1.0 ] },
										"up": { "texture": "#handle-metallic", "uv": [ 0.0, 0.0, 0.5, 0.5 ] },
										"down": { "texture": "#handle-metallic", "uv": [ 0.0, 0.0, 0.5, 0.5 ] }
									}
								},
								{
									"name": "Cube31",
									"from": [ 0.0, 3.0762, -1.2112 ],
									"to": [ 0.5, 3.5762, -0.7112 ],
									"uv": [ 0.0, 0.0 ],
									"rotationOrigin": [ -0.25, 1.5462, -0.1872 ],
									"rotationX": 70.0,
									"faces": {
										"north": { "texture": "#handle-metallic", "uv": [ 0.0, 0.0, 0.5, 0.5 ] },
										"east": { "texture": "#handle-metallic", "uv": [ 0.0, 0.0, 0.5, 0.5 ] },
										"south": { "texture": "#handle-metallic", "uv": [ 0.0, 0.0, 0.5, 0.5 ] },
										"west": { "texture": "#handle-metallic", "uv": [ 0.0, 0.0, 0.5, 0.5 ] },
										"up": { "texture": "#handle-metallic", "uv": [ 0.0, 0.0, 0.5, 0.5 ] },
										"down": { "texture": "#handle-metallic", "uv": [ 0.0, 0.0, 0.5, 0.5 ] }
									}
								},
								{
									"name": "Cube32",
									"from": [ 0.0, 3.2422, -1.7022 ],
									"to": [ 0.5, 3.7422, -1.2022 ],
									"uv": [ 0.0, 0.0 ],
									"rotationOrigin": [ -0.25, 1.5462, -0.1872 ],
									"rotationX": 85.0,
									"faces": {
										"north": { "texture": "#handle-metallic", "uv": [ 0.0, 0.0, 0.5, 0.5 ] },
										"east": { "texture": "#handle-metallic", "uv": [ 0.0, 0.0, 0.5, 0.5 ] },
										"south": { "texture": "#handle-metallic", "uv": [ 0.0, 0.0, 0.5, 0.5 ] },
										"west": { "texture": "#handle-metallic", "uv": [ 0.0, 0.0, 0.5, 0.5 ] },
										"up": { "texture": "#handle-metallic", "uv": [ 0.0, 0.0, 0.5, 0.5 ] },
										"down": { "texture": "#handle-metallic", "uv": [ 0.0, 0.0, 0.5, 0.5 ] }
									}
								},
								{
									"name": "Cube33",
									"from": [ 0.0, 2.9962, -2.4272 ],
									"to": [ 0.5, 3.4962, -1.9272 ],
									"uv": [ 0.0, 0.0 ],
									"rotationOrigin": [ -0.25, 1.5462, -0.1872 ],
									"rotationX": 107.5,
									"faces": {
										"north": { "texture": "#handle-metallic", "uv": [ 0.0, 0.0, 0.5, 0.5 ] },
										"east": { "texture": "#handle-metallic", "uv": [ 0.0, 0.0, 0.5, 0.5 ] },
										"south": { "texture": "#handle-metallic", "uv": [ 0.0, 0.0, 0.5, 0.5 ] },
										"west": { "texture": "#handle-metallic", "uv": [ 0.0, 0.0, 0.5, 0.5 ] },
										"up": { "texture": "#handle-metallic", "uv": [ 0.0, 0.0, 0.5, 0.5 ] },
										"down": { "texture": "#handle-metallic", "uv": [ 0.0, 0.0, 0.5, 0.5 ] }
									}
								},
								{
									"name": "Cube34",
									"from": [ 0.0, 2.4862, -2.9972 ],
									"to": [ 0.5, 2.9862, -2.4972 ],
									"uv": [ 0.0, 0.0 ],
									"rotationOrigin": [ -0.25, 1.5462, -0.1872 ],
									"rotationX": 130.0,
									"faces": {
										"north": { "texture": "#handle-metallic", "uv": [ 0.0, 0.0, 0.5, 0.5 ] },
										"east": { "texture": "#handle-metallic", "uv": [ 0.0, 0.0, 0.5, 0.5 ] },
										"south": { "texture": "#handle-metallic", "uv": [ 0.0, 0.0, 0.5, 0.5 ] },
										"west": { "texture": "#handle-metallic", "uv": [ 0.0, 0.0, 0.5, 0.5 ] },
										"up": { "texture": "#handle-metallic", "uv": [ 0.0, 0.0, 0.5, 0.5 ] },
										"down": { "texture": "#handle-metallic", "uv": [ 0.0, 0.0, 0.5, 0.5 ] }
									}
								},
								{
									"name": "Cube35",
									"from": [ 1.0, -1.59, 0.14 ],
									"to": [ 1.5, -0.29, 0.64 ],
									"uv": [ 0.0, 0.0 ],
									"rotationOrigin": [ 0.75, -1.4424, 0.0743 ],
									"rotationX": -10.0,
									"rotationZ": 180.0,
									"faces": {
										"north": { "texture": "#handle-metallic", "uv": [ 0.0, 0.0, 0.5, 1.0 ] },
										"east": { "texture": "#handle-metallic", "uv": [ 0.0, 0.0, 0.5, 1.0 ] },
										"south": { "texture": "#handle-metallic", "uv": [ 0.0, 0.0, 0.5, 1.0 ] },
										"west": { "texture": "#handle-metallic", "uv": [ 0.0, 0.0, 0.5, 1.0 ] },
										"up": { "texture": "#handle-metallic", "uv": [ 0.0, 0.0, 0.5, 0.5 ] },
										"down": { "texture": "#handle-metallic", "uv": [ 0.0, 0.0, 0.5, 0.5 ] }
									},
									"children": [
										{
											"name": "Cube36",
											"from": [ 0.0, 0.8577, 2.6264 ],
											"to": [ 0.5, 2.8577, 3.1264 ],
											"uv": [ 0.0, 0.0 ],
											"rotationOrigin": [ -0.25, 1.8077, 2.8014 ],
											"rotationX": 165.0,
											"faces": {
												"north": { "texture": "#handle-metallic", "uv": [ 0.0, 0.0, 0.5, 2.0 ] },
												"east": { "texture": "#handle-metallic", "uv": [ 0.0, 0.0, 0.5, 2.0 ] },
												"south": { "texture": "#handle-metallic", "uv": [ 0.0, 0.0, 0.5, 2.0 ] },
												"west": { "texture": "#handle-metallic", "uv": [ 0.0, 0.0, 0.5, 2.0 ] },
												"up": { "texture": "#handle-metallic", "uv": [ 0.0, 0.0, 0.5, 0.5 ] },
												"down": { "texture": "#handle-metallic", "uv": [ 0.0, 0.0, 0.5, 0.5 ] }
											}
										},
										{
											"name": "Cube37",
											"from": [ 0.0, 1.3, -0.197 ],
											"to": [ 0.5, 2.3, 0.303 ],
											"uv": [ 0.0, 0.0 ],
											"rotationOrigin": [ -0.25, 0.55, -0.1 ],
											"rotationX": 15.0,
											"faces": {
												"north": { "texture": "#handle-metallic", "uv": [ 0.0, 0.0, 0.5, 1.0 ] },
												"east": { "texture": "#handle-metallic", "uv": [ 0.0, 0.0, 0.5, 1.0 ] },
												"south": { "texture": "#handle-metallic", "uv": [ 0.0, 0.0, 0.5, 1.0 ] },
												"west": { "texture": "#handle-metallic", "uv": [ 0.0, 0.0, 0.5, 1.0 ] },
												"up": { "texture": "#handle-metallic", "uv": [ 0.0, 0.0, 0.5, 0.5 ] },
												"down": { "texture": "#handle-metallic", "uv": [ 0.0, 0.0, 0.5, 0.5 ] }
											}
										},
										{
											"name": "Cube38",
											"from": [ 0.0, 2.3862, -0.3072 ],
											"to": [ 0.5, 3.3862, 0.1928 ],
											"uv": [ 0.0, 0.0 ],
											"rotationOrigin": [ -0.25, 1.5462, -0.1872 ],
											"rotationX": 40.0,
											"faces": {
												"north": { "texture": "#handle-metallic", "uv": [ 0.0, 0.0, 0.5, 1.0 ] },
												"east": { "texture": "#handle-metallic", "uv": [ 0.0, 0.0, 0.5, 1.0 ] },
												"south": { "texture": "#handle-metallic", "uv": [ 0.0, 0.0, 0.5, 1.0 ] },
												"west": { "texture": "#handle-metallic", "uv": [ 0.0, 0.0, 0.5, 1.0 ] },
												"up": { "texture": "#handle-metallic", "uv": [ 0.0, 0.0, 0.5, 0.5 ] },
												"down": { "texture": "#handle-metallic", "uv": [ 0.0, 0.0, 0.5, 0.5 ] }
											}
										},
										{
											"name": "Cube39",
											"from": [ 0.0, 3.0762, -1.2112 ],
											"to": [ 0.5, 3.5762, -0.7112 ],
											"uv": [ 0.0, 0.0 ],
											"rotationOrigin": [ -0.25, 1.5462, -0.1872 ],
											"rotationX": 70.0,
											"faces": {
												"north": { "texture": "#handle-metallic", "uv": [ 0.0, 0.0, 0.5, 0.5 ] },
												"east": { "texture": "#handle-metallic", "uv": [ 0.0, 0.0, 0.5, 0.5 ] },
												"south": { "texture": "#handle-metallic", "uv": [ 0.0, 0.0, 0.5, 0.5 ] },
												"west": { "texture": "#handle-metallic", "uv": [ 0.0, 0.0, 0.5, 0.5 ] },
												"up": { "texture": "#handle-metallic", "uv": [ 0.0, 0.0, 0.5, 0.5 ] },
												"down": { "texture": "#handle-metallic", "uv": [ 0.0, 0.0, 0.5, 0.5 ] }
											}
										},
										{
											"name": "Cube40",
											"from": [ 0.0, 3.2422, -1.7022 ],
											"to": [ 0.5, 3.7422, -1.2022 ],
											"uv": [ 0.0, 0.0 ],
											"rotationOrigin": [ -0.25, 1.5462, -0.1872 ],
											"rotationX": 85.0,
											"faces": {
												"north": { "texture": "#handle-metallic", "uv": [ 0.0, 0.0, 0.5, 0.5 ] },
												"east": { "texture": "#handle-metallic", "uv": [ 0.0, 0.0, 0.5, 0.5 ] },
												"south": { "texture": "#handle-metallic", "uv": [ 0.0, 0.0, 0.5, 0.5 ] },
												"west": { "texture": "#handle-metallic", "uv": [ 0.0, 0.0, 0.5, 0.5 ] },
												"up": { "texture": "#handle-metallic", "uv": [ 0.0, 0.0, 0.5, 0.5 ] },
												"down": { "texture": "#handle-metallic", "uv": [ 0.0, 0.0, 0.5, 0.5 ] }
											}
										},
										{
											"name": "Cube41",
											"from": [ 0.0, 2.9962, -2.4272 ],
											"to": [ 0.5, 3.4962, -1.9272 ],
											"uv": [ 0.0, 0.0 ],
											"rotationOrigin": [ -0.25, 1.5462, -0.1872 ],
											"rotationX": 107.5,
											"faces": {
												"north": { "texture": "#handle-metallic", "uv": [ 0.0, 0.0, 0.5, 0.5 ] },
												"east": { "texture": "#handle-metallic", "uv": [ 0.0, 0.0, 0.5, 0.5 ] },
												"south": { "texture": "#handle-metallic", "uv": [ 0.0, 0.0, 0.5, 0.5 ] },
												"west": { "texture": "#handle-metallic", "uv": [ 0.0, 0.0, 0.5, 0.5 ] },
												"up": { "texture": "#handle-metallic", "uv": [ 0.0, 0.0, 0.5, 0.5 ] },
												"down": { "texture": "#handle-metallic", "uv": [ 0.0, 0.0, 0.5, 0.5 ] }
											}
										},
										{
											"name": "Cube42",
											"from": [ 0.0, 2.4862, -2.9972 ],
											"to": [ 0.5, 2.9862, -2.4972 ],
											"uv": [ 0.0, 0.0 ],
											"rotationOrigin": [ -0.25, 1.5462, -0.1872 ],
											"rotationX": 130.0,
											"faces": {
												"north": { "texture": "#handle-metallic", "uv": [ 0.0, 0.0, 0.5, 0.5 ] },
												"east": { "texture": "#handle-metallic", "uv": [ 0.0, 0.0, 0.5, 0.5 ] },
												"south": { "texture": "#handle-metallic", "uv": [ 0.0, 0.0, 0.5, 0.5 ] },
												"west": { "texture": "#handle-metallic", "uv": [ 0.0, 0.0, 0.5, 0.5 ] },
												"up": { "texture": "#handle-metallic", "uv": [ 0.0, 0.0, 0.5, 0.5 ] },
												"down": { "texture": "#handle-metallic", "uv": [ 0.0, 0.0, 0.5, 0.5 ] }
											}
										},
										{
											"name": "Cube44",
											"from": [ 0.0, -1.18, 2.275 ],
											"to": [ 0.5, 1.22, 2.775 ],
											"uv": [ 0.0, 0.0 ],
											"rotationOrigin": [ -0.25, -0.1923, 2.8014 ],
											"rotationX": 175.0,
											"faces": {
												"north": { "texture": "#handle-metallic", "uv": [ 0.0, 0.0, 0.5, 2.0 ] },
												"east": { "texture": "#handle-metallic", "uv": [ 0.0, 0.0, 0.5, 2.0 ] },
												"south": { "texture": "#handle-metallic", "uv": [ 0.0, 0.0, 0.5, 2.0 ] },
												"west": { "texture": "#handle-metallic", "uv": [ 0.0, 0.0, 0.5, 2.0 ] },
												"up": { "texture": "#handle-metallic", "uv": [ 0.0, 0.0, 0.5, 0.5 ] },
												"down": { "texture": "#handle-metallic", "uv": [ 0.0, 0.0, 0.5, 0.5 ] }
											}
										}
									]
								}
							]
						}
					]
				},
				{
					"name": "Cube7",
					"from": [ 0.3, 6.0, -7.0 ],
					"to": [ 1.3, 7.0, -6.0 ],
					"uv": [ 0.0, 0.0 ],
					"rotationOrigin": [ 0.3, 6.0, -7.0 ],
					"faces": {
						"north": { "texture": "#handle-metallic", "uv": [ 0.0, 0.0, 1.0, 1.0 ] },
						"east": { "texture": "#handle-metallic", "uv": [ 0.0, 0.0, 1.0, 1.0 ] },
						"south": { "texture": "#handle-metallic", "uv": [ 0.0, 0.0, 1.0, 1.0 ] },
						"west": { "texture": "#handle-metallic", "uv": [ 0.0, 0.0, 1.0, 1.0 ] },
						"up": { "texture": "#handle-metallic", "uv": [ 0.0, 0.0, 1.0, 1.0 ] },
						"down": { "texture": "#handle-metallic", "uv": [ 0.0, 0.0, 1.0, 1.0 ] }
					}
				},
				{
					"name": "Cube18",
					"from": [ -0.45, -0.1, -7.3 ],
					"to": [ 0.05, 1.9, -6.8 ],
					"uv": [ 0.0, 0.0 ],
					"rotationOrigin": [ 0.3, -3.0, -6.0 ],
					"rotationX": -112.5,
					"rotationZ": 180.0,
					"faces": {
						"north": { "texture": "#handle-metallic", "uv": [ 0.0, 0.0, 0.5, 2.0 ] },
						"east": { "texture": "#handle-metallic", "uv": [ 0.0, 0.0, 0.5, 2.0 ] },
						"south": { "texture": "#handle-metallic", "uv": [ 0.0, 0.0, 0.5, 2.0 ] },
						"west": { "texture": "#handle-metallic", "uv": [ 0.0, 0.0, 0.5, 2.0 ] },
						"up": { "texture": "#handle-metallic", "uv": [ 0.0, 0.0, 0.5, 0.5 ] },
						"down": { "texture": "#handle-metallic", "uv": [ 0.0, 0.0, 0.5, 0.5 ] }
					}
				}
			]
		},
		{
			"name": "Blade",
			"from": [ 11.3, -0.7, 7.5 ],
			"to": [ 11.7, 0.3, 42.5 ],
			"unwrapMode": 6,
			"uv": [ 0.0, 0.0 ],
			"rotationOrigin": [ 12.0, -1.0, 7.5 ],
			"rotationY": 90.0,
			"faces": {
				"north": { "texture": "#blade", "uv": [ 1.0, 0.0, 1.375, 1.0 ] },
				"east": { "texture": "#blade", "uv": [ 0.0, 1.0, 1.0, 36.0 ], "rotation": 90 },
				"south": { "texture": "#blade", "uv": [ 1.0, 36.0, 1.375, 37.0 ], "rotation": 180 },
				"west": { "texture": "#blade", "uv": [ 1.375, 1.0, 2.375, 36.0 ], "rotation": 270 },
				"up": { "texture": "#blade", "uv": [ 2.375, 1.0, 2.75, 36.0 ], "windMode": [-1,-1,-1,-1] },
				"down": { "texture": "#blade", "uv": [ 1.0, 1.0, 1.375, 36.0 ] }
			},
			"children": [
				{
					"name": "Cube12",
					"from": [ 0.0, 0.001, 34.979 ],
					"to": [ 0.4, 0.401, 39.979 ],
					"uv": [ 0.0, 0.0 ],
					"rotationOrigin": [ -0.3, 0.3, 35.0 ],
					"rotationX": -4.0,
					"faces": {
						"north": { "texture": "#blade", "uv": [ 0.0, 0.0, 0.5, 0.5 ] },
						"east": { "texture": "#blade", "uv": [ 0.0, 0.0, 5.0, 0.5 ] },
						"south": { "texture": "#blade", "uv": [ 0.0, 0.0, 0.5, 0.5 ] },
						"west": { "texture": "#blade", "uv": [ 0.0, 0.0, 5.0, 0.5 ] },
						"up": { "texture": "#blade", "uv": [ 0.0, 0.0, 0.5, 5.0 ] },
						"down": { "texture": "#blade", "uv": [ 0.0, 0.0, 0.5, 5.0 ] }
					}
				},
				{
					"name": "Cube13",
					"from": [ 0.0, 0.6, 34.963 ],
					"to": [ 0.4, 1.0, 39.963 ],
					"uv": [ 0.0, 0.0 ],
					"rotationOrigin": [ -0.3, 0.3, 35.0 ],
					"rotationX": 3.0,
					"faces": {
						"north": { "texture": "#blade", "uv": [ 0.0, 3.1667, 0.3333, 3.5 ], "windMode": [-1,-1,-1,-1] },
						"east": { "texture": "#blade", "uv": [ 0.0, 3.125, 4.6875, 6.25 ] },
						"south": { "texture": "#blade", "uv": [ 4.6875, 3.125, 6.25, 6.25 ] },
						"west": { "texture": "#blade", "uv": [ 6.25, 3.125, 10.9375, 6.25 ] },
						"up": { "texture": "#blade", "uv": [ 0.0, 0.0, 1.5625, 3.125 ] },
						"down": { "texture": "#blade", "uv": [ 0.0, 0.0, 0.5, 5.0 ], "autoUv": false, "windMode": [-1,-1,-1,-1] }
					}
				},
				{
					"name": "Cube14",
					"from": [ 0.0, 1.85, 36.96 ],
					"to": [ 0.4, 2.25, 39.96 ],
					"uv": [ 0.0, 0.0 ],
					"rotationOrigin": [ -0.3, 1.3, 37.0 ],
					"rotationX": -180.0,
					"faces": {
						"north": { "texture": "#blade", "uv": [ 0.0, 0.0, 0.5, 0.5 ] },
						"east": { "texture": "#blade", "uv": [ 0.0, 0.0, 3.0, 0.5 ] },
						"south": { "texture": "#blade", "uv": [ 0.0, 0.0, 0.5, 0.5 ] },
						"west": { "texture": "#blade", "uv": [ 0.0, 0.0, 3.0, 0.5 ] },
						"up": { "texture": "#blade", "uv": [ 0.0, 0.0, 0.5, 3.0 ] },
						"down": { "texture": "#blade", "uv": [ 0.0, 0.0, 0.5, 3.0 ] }
					}
				}
			]
		}
	]}