{
	"editor": {
		"collapsedPaths": "Root/Rod1.1/Rod1.2/Rod1.3/Rod1.4/Rod1.5/Rod1.6/Rod1.7/Rod1.8/Rod1.9/Rod1.10/Rod1.11/Rod1.12/Rod1.13/Rod1.14/Rod1.15",
		"allAngles": false,
		"entityTextureMode": false
	},
	"textureWidth": 16,
	"textureHeight": 16,
	"textureSizes": {
	},
	"textures": {
		"offset1": "game:block/cloth/linen/offset1"
	},
	"elements": [
		{
			"name": "Wing0",
			"from": [ 10.7, -0.02, 7.0 ],
			"to": [ 14.7, 0.32, 8.0 ],
			"rotationOrigin": [ 10.7, 0.0, 7.0 ],
			"rotationY": 30.0,
			"faces": {
				"north": { "texture": "#iron", "uv": [ 0.0, 0.0, 4.0, 0.5 ] },
				"east": { "texture": "#iron", "uv": [ 0.0, 0.0, 1.0, 0.5 ] },
				"south": { "texture": "#iron", "uv": [ 0.0, 0.0, 4.0, 0.5 ] },
				"west": { "texture": "#iron", "uv": [ 0.0, 0.0, 1.0, 0.5 ] },
				"up": { "texture": "#iron", "uv": [ 0.0, 0.0, 4.0, 1.0 ] },
				"down": { "texture": "#iron", "uv": [ 0.0, 0.0, 4.0, 1.0 ] }
			},
			"children": [
				{
					"name": "Wing0.1",
					"from": [ 3.9445, 0.02, -0.032 ],
					"to": [ 7.9445, 0.32, 0.968 ],
					"rotationOrigin": [ 3.9445, 0.02, -0.0321 ],
					"rotationY": -60.0,
					"faces": {
						"north": { "texture": "#iron", "uv": [ 0.0, 0.0, 4.0, 0.5 ] },
						"east": { "texture": "#iron", "uv": [ 0.0, 0.0, 1.0, 0.5 ] },
						"south": { "texture": "#iron", "uv": [ 0.0, 0.0, 4.0, 0.5 ] },
						"west": { "texture": "#iron", "uv": [ 0.0, 0.0, 1.0, 0.5 ] },
						"up": { "texture": "#iron", "uv": [ 0.0, 0.0, 4.0, 1.0 ] },
						"down": { "texture": "#iron", "uv": [ 0.0, 0.0, 4.0, 1.0 ] }
					}
				},
				{
					"name": "Wing3",
					"from": [ -0.15, 1.3, 0.2598 ],
					"to": [ 3.85, 1.64, 1.2598 ],
					"rotationOrigin": [ -0.15, 1.32, 0.2598 ],
					"rotationX": 38.123,
					"rotationY": 7.286,
					"rotationZ": 20.881,
					"faces": {
						"north": { "texture": "#iron", "uv": [ 0.0, 0.0, 4.0, 0.5 ] },
						"east": { "texture": "#iron", "uv": [ 0.0, 0.0, 1.0, 0.5 ] },
						"south": { "texture": "#iron", "uv": [ 0.0, 0.0, 4.0, 0.5 ] },
						"west": { "texture": "#iron", "uv": [ 0.0, 0.0, 1.0, 0.5 ] },
						"up": { "texture": "#iron", "uv": [ 0.0, 0.0, 4.0, 1.0 ] },
						"down": { "texture": "#iron", "uv": [ 0.0, 0.0, 4.0, 1.0 ] }
					},
					"children": [
						{
							"name": "Wing0.2",
							"from": [ 3.9445, 0.02, -0.032 ],
							"to": [ 7.9445, 0.32, 0.968 ],
							"rotationOrigin": [ 3.9445, 0.02, -0.0321 ],
							"rotationY": -60.0,
							"faces": {
								"north": { "texture": "#iron", "uv": [ 0.0, 0.0, 4.0, 0.5 ] },
								"east": { "texture": "#iron", "uv": [ 0.0, 0.0, 1.0, 0.5 ] },
								"south": { "texture": "#iron", "uv": [ 0.0, 0.0, 4.0, 0.5 ] },
								"west": { "texture": "#iron", "uv": [ 0.0, 0.0, 1.0, 0.5 ] },
								"up": { "texture": "#iron", "uv": [ 0.0, 0.0, 4.0, 1.0 ] },
								"down": { "texture": "#iron", "uv": [ 0.0, 0.0, 4.0, 1.0 ] }
							}
						}
					]
				},
				{
					"name": "Wing4",
					"from": [ -0.25, -1.2, 0.433 ],
					"to": [ 3.75, -0.86, 1.433 ],
					"rotationOrigin": [ -0.25, -1.18, 0.433 ],
					"rotationX": -38.123,
					"rotationY": 7.286,
					"rotationZ": -20.881,
					"faces": {
						"north": { "texture": "#iron", "uv": [ 0.0, 0.0, 4.0, 0.5 ] },
						"east": { "texture": "#iron", "uv": [ 0.0, 0.0, 1.0, 0.5 ] },
						"south": { "texture": "#iron", "uv": [ 0.0, 0.0, 4.0, 0.5 ] },
						"west": { "texture": "#iron", "uv": [ 0.0, 0.0, 1.0, 0.5 ] },
						"up": { "texture": "#iron", "uv": [ 0.0, 0.0, 4.0, 1.0 ] },
						"down": { "texture": "#iron", "uv": [ 0.0, 0.0, 4.0, 1.0 ] }
					},
					"children": [
						{
							"name": "Wing0.3",
							"from": [ 3.9445, 0.02, -0.032 ],
							"to": [ 7.9445, 0.32, 0.968 ],
							"rotationOrigin": [ 3.9445, 0.02, -0.0321 ],
							"rotationY": -60.0,
							"faces": {
								"north": { "texture": "#iron", "uv": [ 0.0, 0.0, 4.0, 0.5 ] },
								"east": { "texture": "#iron", "uv": [ 0.0, 0.0, 1.0, 0.5 ] },
								"south": { "texture": "#iron", "uv": [ 0.0, 0.0, 4.0, 0.5 ] },
								"west": { "texture": "#iron", "uv": [ 0.0, 0.0, 1.0, 0.5 ] },
								"up": { "texture": "#iron", "uv": [ 0.0, 0.0, 4.0, 1.0 ] },
								"down": { "texture": "#iron", "uv": [ 0.0, 0.0, 4.0, 1.0 ] }
							}
						}
					]
				}
			]
		},
		{
			"name": "Wing1",
			"from": [ 10.7, 1.78, 8.4 ],
			"to": [ 14.7, 2.12, 9.4 ],
			"rotationOrigin": [ 10.7, 1.8, 8.4 ],
			"rotationX": 90.0,
			"rotationY": 30.0,
			"faces": {
				"north": { "texture": "#iron", "uv": [ 0.0, 0.0, 4.0, 0.5 ] },
				"east": { "texture": "#iron", "uv": [ 0.0, 0.0, 1.0, 0.5 ] },
				"south": { "texture": "#iron", "uv": [ 0.0, 0.0, 4.0, 0.5 ] },
				"west": { "texture": "#iron", "uv": [ 0.0, 0.0, 1.0, 0.5 ] },
				"up": { "texture": "#iron", "uv": [ 0.0, 0.0, 4.0, 1.0 ] },
				"down": { "texture": "#iron", "uv": [ 0.0, 0.0, 4.0, 1.0 ] }
			},
			"children": [
				{
					"name": "Wing1.1",
					"from": [ 3.9445, 0.02, -0.03 ],
					"to": [ 7.9445, 0.32, 0.97 ],
					"rotationOrigin": [ 3.9445, 0.02, -0.0321 ],
					"rotationY": -60.0,
					"faces": {
						"north": { "texture": "#iron", "uv": [ 0.0, 0.0, 4.0, 0.5 ] },
						"east": { "texture": "#iron", "uv": [ 0.0, 0.0, 1.0, 0.5 ] },
						"south": { "texture": "#iron", "uv": [ 0.0, 0.0, 4.0, 0.5 ] },
						"west": { "texture": "#iron", "uv": [ 0.0, 0.0, 1.0, 0.5 ] },
						"up": { "texture": "#iron", "uv": [ 0.0, 0.0, 4.0, 1.0 ] },
						"down": { "texture": "#iron", "uv": [ 0.0, 0.0, 4.0, 1.0 ] }
					}
				}
			]
		},
		{
			"name": "Wing2",
			"from": [ 10.7, -1.52, 8.7 ],
			"to": [ 14.7, -1.18, 9.7 ],
			"rotationOrigin": [ 10.7, -1.5, 8.7 ],
			"rotationX": -90.0,
			"rotationY": 30.0,
			"faces": {
				"north": { "texture": "#iron", "uv": [ 0.0, 0.0, 4.0, 0.5 ] },
				"east": { "texture": "#iron", "uv": [ 0.0, 0.0, 1.0, 0.5 ] },
				"south": { "texture": "#iron", "uv": [ 0.0, 0.0, 4.0, 0.5 ] },
				"west": { "texture": "#iron", "uv": [ 0.0, 0.0, 1.0, 0.5 ] },
				"up": { "texture": "#iron", "uv": [ 0.0, 0.0, 4.0, 1.0 ] },
				"down": { "texture": "#iron", "uv": [ 0.0, 0.0, 4.0, 1.0 ] }
			},
			"children": [
				{
					"name": "Wing2.1",
					"from": [ 3.9445, 0.02, -0.032 ],
					"to": [ 7.9445, 0.32, 0.968 ],
					"rotationOrigin": [ 3.9445, 0.02, -0.0321 ],
					"rotationY": -60.0,
					"faces": {
						"north": { "texture": "#iron", "uv": [ 0.0, 0.0, 4.0, 0.5 ] },
						"east": { "texture": "#iron", "uv": [ 0.0, 0.0, 1.0, 0.5 ] },
						"south": { "texture": "#iron", "uv": [ 0.0, 0.0, 4.0, 0.5 ] },
						"west": { "texture": "#iron", "uv": [ 0.0, 0.0, 1.0, 0.5 ] },
						"up": { "texture": "#iron", "uv": [ 0.0, 0.0, 4.0, 1.0 ] },
						"down": { "texture": "#iron", "uv": [ 0.0, 0.0, 4.0, 1.0 ] }
					}
				}
			]
		},
		{
			"name": "Wing5",
			"from": [ 10.7, 0.28, 10.0 ],
			"to": [ 14.7, 0.62, 11.0 ],
			"rotationOrigin": [ 10.7, 0.3, 10.0 ],
			"rotationX": -180.0,
			"rotationY": 30.0,
			"faces": {
				"north": { "texture": "#iron", "uv": [ 0.0, 0.0, 4.0, 0.5 ] },
				"east": { "texture": "#iron", "uv": [ 0.0, 0.0, 1.0, 0.5 ] },
				"south": { "texture": "#iron", "uv": [ 0.0, 0.0, 4.0, 0.5 ] },
				"west": { "texture": "#iron", "uv": [ 0.0, 0.0, 1.0, 0.5 ] },
				"up": { "texture": "#iron", "uv": [ 0.0, 0.0, 4.0, 1.0 ] },
				"down": { "texture": "#iron", "uv": [ 0.0, 0.0, 4.0, 1.0 ] }
			},
			"children": [
				{
					"name": "Wing0.4",
					"from": [ 3.9445, 0.02, -0.032 ],
					"to": [ 7.9445, 0.32, 0.968 ],
					"rotationOrigin": [ 3.9445, 0.02, -0.0321 ],
					"rotationY": -60.0,
					"faces": {
						"north": { "texture": "#iron", "uv": [ 0.0, 0.0, 4.0, 0.5 ] },
						"east": { "texture": "#iron", "uv": [ 0.0, 0.0, 1.0, 0.5 ] },
						"south": { "texture": "#iron", "uv": [ 0.0, 0.0, 4.0, 0.5 ] },
						"west": { "texture": "#iron", "uv": [ 0.0, 0.0, 1.0, 0.5 ] },
						"up": { "texture": "#iron", "uv": [ 0.0, 0.0, 4.0, 1.0 ] },
						"down": { "texture": "#iron", "uv": [ 0.0, 0.0, 4.0, 1.0 ] }
					}
				},
				{
					"name": "Wing6",
					"from": [ -0.15, 1.3, 0.2598 ],
					"to": [ 3.85, 1.64, 1.2598 ],
					"rotationOrigin": [ -0.15, 1.32, 0.2598 ],
					"rotationX": 38.123,
					"rotationY": 7.286,
					"rotationZ": 20.881,
					"faces": {
						"north": { "texture": "#iron", "uv": [ 0.0, 0.0, 4.0, 0.5 ] },
						"east": { "texture": "#iron", "uv": [ 0.0, 0.0, 1.0, 0.5 ] },
						"south": { "texture": "#iron", "uv": [ 0.0, 0.0, 4.0, 0.5 ] },
						"west": { "texture": "#iron", "uv": [ 0.0, 0.0, 1.0, 0.5 ] },
						"up": { "texture": "#iron", "uv": [ 0.0, 0.0, 4.0, 1.0 ] },
						"down": { "texture": "#iron", "uv": [ 0.0, 0.0, 4.0, 1.0 ] }
					},
					"children": [
						{
							"name": "Wing0.5",
							"from": [ 3.9445, 0.02, -0.032 ],
							"to": [ 7.9445, 0.32, 0.968 ],
							"rotationOrigin": [ 3.9445, 0.02, -0.0321 ],
							"rotationY": -60.0,
							"faces": {
								"north": { "texture": "#iron", "uv": [ 0.0, 0.0, 4.0, 0.5 ] },
								"east": { "texture": "#iron", "uv": [ 0.0, 0.0, 1.0, 0.5 ] },
								"south": { "texture": "#iron", "uv": [ 0.0, 0.0, 4.0, 0.5 ] },
								"west": { "texture": "#iron", "uv": [ 0.0, 0.0, 1.0, 0.5 ] },
								"up": { "texture": "#iron", "uv": [ 0.0, 0.0, 4.0, 1.0 ] },
								"down": { "texture": "#iron", "uv": [ 0.0, 0.0, 4.0, 1.0 ] }
							}
						}
					]
				},
				{
					"name": "Wing7",
					"from": [ -0.25, -1.2, 0.433 ],
					"to": [ 3.75, -0.86, 1.433 ],
					"rotationOrigin": [ -0.25, -1.18, 0.433 ],
					"rotationX": -38.123,
					"rotationY": 7.286,
					"rotationZ": -20.881,
					"faces": {
						"north": { "texture": "#iron", "uv": [ 0.0, 0.0, 4.0, 0.5 ] },
						"east": { "texture": "#iron", "uv": [ 0.0, 0.0, 1.0, 0.5 ] },
						"south": { "texture": "#iron", "uv": [ 0.0, 0.0, 4.0, 0.5 ] },
						"west": { "texture": "#iron", "uv": [ 0.0, 0.0, 1.0, 0.5 ] },
						"up": { "texture": "#iron", "uv": [ 0.0, 0.0, 4.0, 1.0 ] },
						"down": { "texture": "#iron", "uv": [ 0.0, 0.0, 4.0, 1.0 ] }
					},
					"children": [
						{
							"name": "Wing0.6",
							"from": [ 3.9445, 0.02, -0.032 ],
							"to": [ 7.9445, 0.32, 0.968 ],
							"rotationOrigin": [ 3.9445, 0.02, -0.0321 ],
							"rotationY": -60.0,
							"faces": {
								"north": { "texture": "#iron", "uv": [ 0.0, 0.0, 4.0, 0.5 ] },
								"east": { "texture": "#iron", "uv": [ 0.0, 0.0, 1.0, 0.5 ] },
								"south": { "texture": "#iron", "uv": [ 0.0, 0.0, 4.0, 0.5 ] },
								"west": { "texture": "#iron", "uv": [ 0.0, 0.0, 1.0, 0.5 ] },
								"up": { "texture": "#iron", "uv": [ 0.0, 0.0, 4.0, 1.0 ] },
								"down": { "texture": "#iron", "uv": [ 0.0, 0.0, 4.0, 1.0 ] }
							}
						}
					]
				}
			]
		},
		{
			"name": "Rod",
			"from": [ 9.0, -0.7, 7.6 ],
			"to": [ 17.3, 1.1, 9.4 ],
			"rotationOrigin": [ 9.0, -0.7, 7.6 ],
			"faces": {
				"north": { "texture": "#iron", "uv": [ 0.0, 0.0, 8.0, 1.5 ] },
				"east": { "texture": "#iron", "uv": [ 0.0, 0.0, 1.5, 1.5 ] },
				"south": { "texture": "#iron", "uv": [ 0.0, 0.0, 8.0, 1.5 ] },
				"west": { "texture": "#iron", "uv": [ 0.0, 0.0, 1.5, 1.5 ] },
				"up": { "texture": "#iron", "uv": [ 0.0, 0.0, 8.0, 1.5 ] },
				"down": { "texture": "#iron", "uv": [ 0.0, 0.0, 8.0, 1.5 ] }
			},
			"children": [
				{
					"name": "Rod1",
					"from": [ 8.0, 0.2, 0.2 ],
					"to": [ 8.6, 1.6, 1.6 ],
					"rotationOrigin": [ 8.0, 0.2, 0.2 ],
					"faces": {
						"north": { "texture": "#iron", "uv": [ 0.0, 0.0, 0.5, 1.0 ] },
						"east": { "texture": "#iron", "uv": [ 0.0, 0.0, 1.0, 1.0 ] },
						"south": { "texture": "#iron", "uv": [ 0.0, 0.0, 0.5, 1.0 ] },
						"west": { "texture": "#iron", "uv": [ 0.0, 0.0, 1.0, 1.0 ] },
						"up": { "texture": "#iron", "uv": [ 0.0, 0.0, 0.5, 1.0 ] },
						"down": { "texture": "#iron", "uv": [ 0.0, 0.0, 0.5, 1.0 ] }
					},
					"children": [
						{
							"name": "Rod2",
							"from": [ 0.5, 0.1, 0.1 ],
							"to": [ 0.8, 1.3, 1.3 ],
							"rotationOrigin": [ 0.5, 0.1, 0.1 ],
							"faces": {
								"north": { "texture": "#iron", "uv": [ 0.0, 0.0, 0.5, 1.0 ] },
								"east": { "texture": "#iron", "uv": [ 0.0, 0.0, 1.0, 1.0 ] },
								"south": { "texture": "#iron", "uv": [ 0.0, 0.0, 0.5, 1.0 ] },
								"west": { "texture": "#iron", "uv": [ 0.0, 0.0, 1.0, 1.0 ] },
								"up": { "texture": "#iron", "uv": [ 0.0, 0.0, 0.5, 1.0 ] },
								"down": { "texture": "#iron", "uv": [ 0.0, 0.0, 0.5, 1.0 ] }
							},
							"children": [
								{
									"name": "Rod3",
									"from": [ 0.2, 0.2, 0.2 ],
									"to": [ 0.5, 1.0, 1.0 ],
									"rotationOrigin": [ 0.2, 0.2, 0.2 ],
									"faces": {
										"north": { "texture": "#iron", "uv": [ 0.0, 0.0, 0.5, 0.5 ] },
										"east": { "texture": "#iron", "uv": [ 0.0, 0.0, 0.5, 0.5 ] },
										"south": { "texture": "#iron", "uv": [ 0.0, 0.0, 0.5, 0.5 ] },
										"west": { "texture": "#iron", "uv": [ 0.0, 0.0, 0.5, 0.5 ] },
										"up": { "texture": "#iron", "uv": [ 0.0, 0.0, 0.5, 0.5 ] },
										"down": { "texture": "#iron", "uv": [ 0.0, 0.0, 0.5, 0.5 ] }
									}
								}
							]
						}
					]
				},
				{
					"name": "Rod1.15",
					"from": [ -7.5, 0.0, 0.0 ],
					"to": [ -7.0, 1.8, 1.8 ],
					"rotationOrigin": [ -7.5, 0.9, 0.9 ],
					"rotationX": 89.0,
					"faces": {
						"north": { "texture": "#iron", "uv": [ 0.0, 0.0, 0.5, 1.5 ] },
						"east": { "texture": "#iron", "uv": [ 0.0, 0.0, 1.5, 1.5 ] },
						"south": { "texture": "#iron", "uv": [ 0.0, 0.0, 0.5, 1.5 ] },
						"west": { "texture": "#iron", "uv": [ 0.0, 0.0, 1.5, 1.5 ] },
						"up": { "texture": "#iron", "uv": [ 0.0, 0.0, 0.5, 1.5 ] },
						"down": { "texture": "#iron", "uv": [ 0.0, 0.0, 0.5, 1.5 ] }
					},
					"children": [
						{
							"name": "Rod1.16",
							"from": [ -0.5, 0.0, 0.0 ],
							"to": [ 0.0, 1.8, 1.8 ],
							"rotationOrigin": [ -0.5, 0.9, 0.9 ],
							"rotationX": 6.0,
							"faces": {
								"north": { "texture": "#iron", "uv": [ 0.0, 0.0, 0.5, 1.5 ] },
								"east": { "texture": "#iron", "uv": [ 0.0, 0.0, 1.5, 1.5 ] },
								"south": { "texture": "#iron", "uv": [ 0.0, 0.0, 0.5, 1.5 ] },
								"west": { "texture": "#iron", "uv": [ 0.0, 0.0, 1.5, 1.5 ] },
								"up": { "texture": "#iron", "uv": [ 0.0, 0.0, 0.5, 1.5 ] },
								"down": { "texture": "#iron", "uv": [ 0.0, 0.0, 0.5, 1.5 ] }
							},
							"children": [
								{
									"name": "Rod1.17",
									"from": [ -0.5, 0.0, 0.0 ],
									"to": [ 0.0, 1.8, 1.8 ],
									"rotationOrigin": [ -0.5, 0.9, 0.9 ],
									"rotationX": 6.0,
									"faces": {
										"north": { "texture": "#iron", "uv": [ 0.0, 0.0, 0.5, 1.5 ] },
										"east": { "texture": "#iron", "uv": [ 0.0, 0.0, 1.5, 1.5 ] },
										"south": { "texture": "#iron", "uv": [ 0.0, 0.0, 0.5, 1.5 ] },
										"west": { "texture": "#iron", "uv": [ 0.0, 0.0, 1.5, 1.5 ] },
										"up": { "texture": "#iron", "uv": [ 0.0, 0.0, 0.5, 1.5 ] },
										"down": { "texture": "#iron", "uv": [ 0.0, 0.0, 0.5, 1.5 ] }
									},
									"children": [
										{
											"name": "Rod1.18",
											"from": [ -0.5, 0.0, 0.0 ],
											"to": [ 0.0, 1.8, 1.8 ],
											"rotationOrigin": [ -0.5, 0.9, 0.9 ],
											"rotationX": 6.0,
											"faces": {
												"north": { "texture": "#iron", "uv": [ 0.0, 0.0, 0.5, 1.5 ] },
												"east": { "texture": "#iron", "uv": [ 0.0, 0.0, 1.5, 1.5 ] },
												"south": { "texture": "#iron", "uv": [ 0.0, 0.0, 0.5, 1.5 ] },
												"west": { "texture": "#iron", "uv": [ 0.0, 0.0, 1.5, 1.5 ] },
												"up": { "texture": "#iron", "uv": [ 0.0, 0.0, 0.5, 1.5 ] },
												"down": { "texture": "#iron", "uv": [ 0.0, 0.0, 0.5, 1.5 ] }
											},
											"children": [
												{
													"name": "Rod1.19",
													"from": [ -0.5, 0.0, 0.0 ],
													"to": [ 0.0, 1.8, 1.8 ],
													"rotationOrigin": [ -0.5, 0.9, 0.9 ],
													"rotationX": 6.0,
													"faces": {
														"north": { "texture": "#iron", "uv": [ 0.0, 0.0, 0.5, 1.5 ] },
														"east": { "texture": "#iron", "uv": [ 0.0, 0.0, 1.5, 1.5 ] },
														"south": { "texture": "#iron", "uv": [ 0.0, 0.0, 0.5, 1.5 ] },
														"west": { "texture": "#iron", "uv": [ 0.0, 0.0, 1.5, 1.5 ] },
														"up": { "texture": "#iron", "uv": [ 0.0, 0.0, 0.5, 1.5 ] },
														"down": { "texture": "#iron", "uv": [ 0.0, 0.0, 0.5, 1.5 ] }
													},
													"children": [
														{
															"name": "Rod1.20",
															"from": [ -0.5, 0.0, 0.0 ],
															"to": [ 0.0, 1.8, 1.8 ],
															"rotationOrigin": [ -0.5, 0.9, 0.9 ],
															"rotationX": 5.0,
															"faces": {
																"north": { "texture": "#iron", "uv": [ 0.0, 0.0, 0.5, 1.5 ] },
																"east": { "texture": "#iron", "uv": [ 0.0, 0.0, 1.5, 1.5 ] },
																"south": { "texture": "#iron", "uv": [ 0.0, 0.0, 0.5, 1.5 ] },
																"west": { "texture": "#iron", "uv": [ 0.0, 0.0, 1.5, 1.5 ] },
																"up": { "texture": "#iron", "uv": [ 0.0, 0.0, 0.5, 1.5 ] },
																"down": { "texture": "#iron", "uv": [ 0.0, 0.0, 0.5, 1.5 ] }
															},
															"children": [
																{
																	"name": "Rod1.21",
																	"from": [ -0.5, 0.0, 0.0 ],
																	"to": [ 0.0, 1.8, 1.8 ],
																	"rotationOrigin": [ -0.5, 0.9, 0.9 ],
																	"rotationX": 6.0,
																	"faces": {
																		"north": { "texture": "#iron", "uv": [ 0.0, 0.0, 0.5, 1.5 ] },
																		"east": { "texture": "#iron", "uv": [ 0.0, 0.0, 1.5, 1.5 ] },
																		"south": { "texture": "#iron", "uv": [ 0.0, 0.0, 0.5, 1.5 ] },
																		"west": { "texture": "#iron", "uv": [ 0.0, 0.0, 1.5, 1.5 ] },
																		"up": { "texture": "#iron", "uv": [ 0.0, 0.0, 0.5, 1.5 ] },
																		"down": { "texture": "#iron", "uv": [ 0.0, 0.0, 0.5, 1.5 ] }
																	},
																	"children": [
																		{
																			"name": "Rod1.22",
																			"from": [ -0.5, 0.0, 0.0 ],
																			"to": [ 0.0, 1.8, 1.8 ],
																			"rotationOrigin": [ -0.5, 0.9, 0.9 ],
																			"rotationX": 6.0,
																			"faces": {
																				"north": { "texture": "#iron", "uv": [ 0.0, 0.0, 0.5, 1.5 ] },
																				"east": { "texture": "#iron", "uv": [ 0.0, 0.0, 1.5, 1.5 ] },
																				"south": { "texture": "#iron", "uv": [ 0.0, 0.0, 0.5, 1.5 ] },
																				"west": { "texture": "#iron", "uv": [ 0.0, 0.0, 1.5, 1.5 ] },
																				"up": { "texture": "#iron", "uv": [ 0.0, 0.0, 0.5, 1.5 ] },
																				"down": { "texture": "#iron", "uv": [ 0.0, 0.0, 0.5, 1.5 ] }
																			},
																			"children": [
																				{
																					"name": "Rod1.23",
																					"from": [ -0.5, 0.0, 0.0 ],
																					"to": [ 0.0, 1.8, 1.8 ],
																					"rotationOrigin": [ -0.5, 0.9, 0.9 ],
																					"rotationX": 6.0,
																					"faces": {
																						"north": { "texture": "#iron", "uv": [ 0.0, 0.0, 0.5, 1.5 ] },
																						"east": { "texture": "#iron", "uv": [ 0.0, 0.0, 1.5, 1.5 ] },
																						"south": { "texture": "#iron", "uv": [ 0.0, 0.0, 0.5, 1.5 ] },
																						"west": { "texture": "#iron", "uv": [ 0.0, 0.0, 1.5, 1.5 ] },
																						"up": { "texture": "#iron", "uv": [ 0.0, 0.0, 0.5, 1.5 ] },
																						"down": { "texture": "#iron", "uv": [ 0.0, 0.0, 0.5, 1.5 ] }
																					},
																					"children": [
																						{
																							"name": "Rod1.24",
																							"from": [ -0.5, 0.0, 0.0 ],
																							"to": [ 0.0, 1.8, 1.8 ],
																							"rotationOrigin": [ -0.5, 0.9, 0.9 ],
																							"rotationX": 6.0,
																							"faces": {
																								"north": { "texture": "#iron", "uv": [ 0.0, 0.0, 0.5, 1.5 ] },
																								"east": { "texture": "#iron", "uv": [ 0.0, 0.0, 1.5, 1.5 ] },
																								"south": { "texture": "#iron", "uv": [ 0.0, 0.0, 0.5, 1.5 ] },
																								"west": { "texture": "#iron", "uv": [ 0.0, 0.0, 1.5, 1.5 ] },
																								"up": { "texture": "#iron", "uv": [ 0.0, 0.0, 0.5, 1.5 ] },
																								"down": { "texture": "#iron", "uv": [ 0.0, 0.0, 0.5, 1.5 ] }
																							},
																							"children": [
																								{
																									"name": "Rod1.25",
																									"from": [ -0.5, 0.0, 0.0 ],
																									"to": [ 0.0, 1.8, 1.8 ],
																									"rotationOrigin": [ -0.5, 0.9, 0.9 ],
																									"rotationX": 5.0,
																									"faces": {
																										"north": { "texture": "#iron", "uv": [ 0.0, 0.0, 0.5, 1.5 ] },
																										"east": { "texture": "#iron", "uv": [ 0.0, 0.0, 1.5, 1.5 ] },
																										"south": { "texture": "#iron", "uv": [ 0.0, 0.0, 0.5, 1.5 ] },
																										"west": { "texture": "#iron", "uv": [ 0.0, 0.0, 1.5, 1.5 ] },
																										"up": { "texture": "#iron", "uv": [ 0.0, 0.0, 0.5, 1.5 ] },
																										"down": { "texture": "#iron", "uv": [ 0.0, 0.0, 0.5, 1.5 ] }
																									},
																									"children": [
																										{
																											"name": "Rod1.26",
																											"from": [ -0.5, 0.0, 0.0 ],
																											"to": [ 0.0, 1.8, 1.8 ],
																											"rotationOrigin": [ -0.5, 0.9, 0.9 ],
																											"rotationX": 6.0,
																											"faces": {
																												"north": { "texture": "#iron", "uv": [ 0.0, 0.0, 0.5, 1.5 ] },
																												"east": { "texture": "#iron", "uv": [ 0.0, 0.0, 1.5, 1.5 ] },
																												"south": { "texture": "#iron", "uv": [ 0.0, 0.0, 0.5, 1.5 ] },
																												"west": { "texture": "#iron", "uv": [ 0.0, 0.0, 1.5, 1.5 ] },
																												"up": { "texture": "#iron", "uv": [ 0.0, 0.0, 0.5, 1.5 ] },
																												"down": { "texture": "#iron", "uv": [ 0.0, 0.0, 0.5, 1.5 ] }
																											},
																											"children": [
																												{
																													"name": "Rod1.27",
																													"from": [ -0.5, 0.0, 0.0 ],
																													"to": [ 0.0, 1.8, 1.8 ],
																													"rotationOrigin": [ -0.5, 0.9, 0.9 ],
																													"rotationX": 6.0,
																													"faces": {
																														"north": { "texture": "#iron", "uv": [ 0.0, 0.0, 0.5, 1.5 ] },
																														"east": { "texture": "#iron", "uv": [ 0.0, 0.0, 1.5, 1.5 ] },
																														"south": { "texture": "#iron", "uv": [ 0.0, 0.0, 0.5, 1.5 ] },
																														"west": { "texture": "#iron", "uv": [ 0.0, 0.0, 1.5, 1.5 ] },
																														"up": { "texture": "#iron", "uv": [ 0.0, 0.0, 0.5, 1.5 ] },
																														"down": { "texture": "#iron", "uv": [ 0.0, 0.0, 0.5, 1.5 ] }
																													},
																													"children": [
																														{
																															"name": "Rod1.28",
																															"from": [ -0.5, 0.0, 0.0 ],
																															"to": [ 0.0, 1.8, 1.8 ],
																															"rotationOrigin": [ -0.5, 0.9, 0.9 ],
																															"rotationX": 6.0,
																															"faces": {
																																"north": { "texture": "#iron", "uv": [ 0.0, 0.0, 0.5, 1.5 ] },
																																"east": { "texture": "#iron", "uv": [ 0.0, 0.0, 1.5, 1.5 ] },
																																"south": { "texture": "#iron", "uv": [ 0.0, 0.0, 0.5, 1.5 ] },
																																"west": { "texture": "#iron", "uv": [ 0.0, 0.0, 1.5, 1.5 ] },
																																"up": { "texture": "#iron", "uv": [ 0.0, 0.0, 0.5, 1.5 ] },
																																"down": { "texture": "#iron", "uv": [ 0.0, 0.0, 0.5, 1.5 ] }
																															},
																															"children": [
																																{
																																	"name": "Rod1.29",
																																	"from": [ -0.5, 0.0, 0.0 ],
																																	"to": [ 0.0, 1.8, 1.8 ],
																																	"rotationOrigin": [ -0.5, 0.9, 0.9 ],
																																	"rotationX": 6.0,
																																	"faces": {
																																		"north": { "texture": "#iron", "uv": [ 0.0, 0.0, 0.5, 1.5 ] },
																																		"east": { "texture": "#iron", "uv": [ 0.0, 0.0, 1.5, 1.5 ] },
																																		"south": { "texture": "#iron", "uv": [ 0.0, 0.0, 0.5, 1.5 ] },
																																		"west": { "texture": "#iron", "uv": [ 0.0, 0.0, 1.5, 1.5 ] },
																																		"up": { "texture": "#iron", "uv": [ 0.0, 0.0, 0.5, 1.5 ] },
																																		"down": { "texture": "#iron", "uv": [ 0.0, 0.0, 0.5, 1.5 ] }
																																	},
																																	"children": [
																																		{
																																			"name": "Rod1.30",
																																			"from": [ -0.5, 0.0, 0.0 ],
																																			"to": [ 0.0, 1.8, 1.8 ],
																																			"rotationOrigin": [ -0.5, 0.9, 0.9 ],
																																			"rotationX": 5.0,
																																			"faces": {
																																				"north": { "texture": "#iron", "uv": [ 0.0, 0.0, 0.5, 1.5 ] },
																																				"east": { "texture": "#iron", "uv": [ 0.0, 0.0, 1.5, 1.5 ] },
																																				"south": { "texture": "#iron", "uv": [ 0.0, 0.0, 0.5, 1.5 ] },
																																				"west": { "texture": "#iron", "uv": [ 0.0, 0.0, 1.5, 1.5 ] },
																																				"up": { "texture": "#iron", "uv": [ 0.0, 0.0, 0.5, 1.5 ] },
																																				"down": { "texture": "#iron", "uv": [ 0.0, 0.0, 0.5, 1.5 ] }
																																			}
																																		},
																																		{
																																			"name": "Rod1.31",
																																			"from": [ -0.9, -0.4, 0.0 ],
																																			"to": [ -0.4, 2.0, 2.4 ],
																																			"rotationOrigin": [ -0.9, 0.5, 0.9 ],
																																			"rotationX": -37.0,
																																			"faces": {
																																				"north": { "texture": "#iron", "uv": [ 0.0, 0.0, 0.5, 2.0 ] },
																																				"east": { "texture": "#iron", "uv": [ 0.0, 0.0, 2.0, 2.0 ] },
																																				"south": { "texture": "#iron", "uv": [ 0.0, 0.0, 0.5, 2.0 ] },
																																				"west": { "texture": "#iron", "uv": [ 0.0, 0.0, 2.0, 2.0 ] },
																																				"up": { "texture": "#iron", "uv": [ 0.0, 0.0, 0.5, 2.0 ] },
																																				"down": { "texture": "#iron", "uv": [ 0.0, 0.0, 0.5, 2.0 ] }
																																			},
																																			"children": [
																																				{
																																					"name": "Handle",
																																					"from": [ -8.6, 0.4, 0.3 ],
																																					"to": [ 0.4, 2.2, 2.1 ],
																																					"rotationOrigin": [ -8.6, 0.4, 0.3 ],
																																					"faces": {
																																						"north": { "texture": "#iron", "uv": [ 0.0, 0.0, 9.0, 1.5 ] },
																																						"east": { "texture": "#iron", "uv": [ 0.0, 0.0, 1.5, 1.5 ] },
																																						"south": { "texture": "#iron", "uv": [ 0.0, 0.0, 9.0, 1.5 ] },
																																						"west": { "texture": "#iron", "uv": [ 0.0, 0.0, 1.5, 1.5 ] },
																																						"up": { "texture": "#iron", "uv": [ 0.0, 0.0, 9.0, 1.5 ] },
																																						"down": { "texture": "#iron", "uv": [ 0.0, 0.0, 9.0, 1.5 ] }
																																					},
																																					"children": [
																																						{
																																							"name": "apple",
																																							"from": [ -0.6, -0.3, -0.3 ],
																																							"to": [ 0.1, 2.1, 2.1 ],
																																							"rotationOrigin": [ -0.6, -0.3, -0.3 ],
																																							"faces": {
																																								"north": { "texture": "#iron", "uv": [ 0.0, 0.0, 0.5, 2.0 ] },
																																								"east": { "texture": "#iron", "uv": [ 0.0, 0.0, 2.0, 2.0 ] },
																																								"south": { "texture": "#iron", "uv": [ 0.0, 0.0, 0.5, 2.0 ] },
																																								"west": { "texture": "#iron", "uv": [ 0.0, 0.0, 2.0, 2.0 ] },
																																								"up": { "texture": "#iron", "uv": [ 0.0, 0.0, 0.5, 2.0 ] },
																																								"down": { "texture": "#iron", "uv": [ 0.0, 0.0, 0.5, 2.0 ] }
																																							},
																																							"children": [
																																								{
																																									"name": "apple2",
																																									"from": [ -0.4, 0.2, 0.2 ],
																																									"to": [ 0.3, 2.2, 2.2 ],
																																									"rotationOrigin": [ -0.4, 0.2, 0.2 ],
																																									"faces": {
																																										"north": { "texture": "#iron", "uv": [ 0.0, 0.0, 0.5, 2.0 ] },
																																										"east": { "texture": "#iron", "uv": [ 0.0, 0.0, 2.0, 2.0 ] },
																																										"south": { "texture": "#iron", "uv": [ 0.0, 0.0, 0.5, 2.0 ] },
																																										"west": { "texture": "#iron", "uv": [ 0.0, 0.0, 2.0, 2.0 ] },
																																										"up": { "texture": "#iron", "uv": [ 0.0, 0.0, 0.5, 2.0 ] },
																																										"down": { "texture": "#iron", "uv": [ 0.0, 0.0, 0.5, 2.0 ] }
																																									},
																																									"children": [
																																										{
																																											"name": "apple3",
																																											"from": [ -0.1, 0.2, 0.2 ],
																																											"to": [ 0.6, 1.8, 1.8 ],
																																											"rotationOrigin": [ -0.1, 0.2, 0.2 ],
																																											"faces": {
																																												"north": { "texture": "#iron", "uv": [ 0.0, 0.0, 0.5, 1.5 ] },
																																												"east": { "texture": "#iron", "uv": [ 0.0, 0.0, 1.5, 1.5 ] },
																																												"south": { "texture": "#iron", "uv": [ 0.0, 0.0, 0.5, 1.5 ] },
																																												"west": { "texture": "#iron", "uv": [ 0.0, 0.0, 1.5, 1.5 ] },
																																												"up": { "texture": "#iron", "uv": [ 0.0, 0.0, 0.5, 1.5 ] },
																																												"down": { "texture": "#iron", "uv": [ 0.0, 0.0, 0.5, 1.5 ] }
																																											}
																																										}
																																									]
																																								}
																																							]
																																						},
																																						{
																																							"name": "Wrap0",
																																							"from": [ 0.0, -0.2, -0.2 ],
																																							"to": [ 1.1, 2.0, 2.0 ],
																																							"rotationOrigin": [ 0.0, -0.2, -0.2 ],
																																							"faces": {
																																								"north": { "texture": "#offset1", "uv": [ 4.0, 8.0, 5.0, 10.0 ] },
																																								"east": { "texture": "#offset1", "uv": [ 0.0, 0.0, 2.0, 2.0 ] },
																																								"south": { "texture": "#offset1", "uv": [ 4.0, 8.5, 5.0, 10.5 ] },
																																								"west": { "texture": "#offset1", "uv": [ 4.5, 8.5, 6.5, 10.5 ] },
																																								"up": { "texture": "#offset1", "uv": [ 4.0, 8.0, 5.0, 10.0 ] },
																																								"down": { "texture": "#offset1", "uv": [ 4.0, 8.0, 5.0, 10.0 ] }
																																							}
																																						},
																																						{
																																							"name": "Wrap1",
																																							"from": [ 1.2, -0.2, -0.2 ],
																																							"to": [ 2.3, 2.0, 2.0 ],
																																							"rotationOrigin": [ 1.2, -0.2, -0.2 ],
																																							"rotationX": 2.0,
																																							"rotationY": 1.0,
																																							"faces": {
																																								"north": { "texture": "#offset1", "uv": [ 0.0, 0.0, 1.0, 2.0 ] },
																																								"east": { "texture": "#offset1", "uv": [ 0.0, 0.0, 2.0, 2.0 ] },
																																								"south": { "texture": "#offset1", "uv": [ 0.0, 0.0, 1.0, 2.0 ] },
																																								"west": { "texture": "#offset1", "uv": [ 0.0, 0.0, 2.0, 2.0 ] },
																																								"up": { "texture": "#offset1", "uv": [ 0.0, 0.0, 1.0, 2.0 ] },
																																								"down": { "texture": "#offset1", "uv": [ 0.0, 0.0, 1.0, 2.0 ] }
																																							}
																																						},
																																						{
																																							"name": "Wrap2",
																																							"from": [ 2.4, -0.2, -0.2 ],
																																							"to": [ 3.5, 2.0, 2.0 ],
																																							"rotationOrigin": [ 2.4, -0.2, -0.2 ],
																																							"rotationX": -3.0,
																																							"faces": {
																																								"north": { "texture": "#offset1", "uv": [ 3.5, 3.0, 4.5, 5.0 ] },
																																								"east": { "texture": "#offset1", "uv": [ 4.5, 3.5, 6.5, 5.5 ] },
																																								"south": { "texture": "#offset1", "uv": [ 4.5, 4.5, 5.5, 6.5 ] },
																																								"west": { "texture": "#offset1", "uv": [ 1.5, 4.0, 3.5, 6.0 ] },
																																								"up": { "texture": "#offset1", "uv": [ 4.5, 2.5, 5.5, 4.5 ] },
																																								"down": { "texture": "#offset1", "uv": [ 5.0, 4.5, 6.0, 6.5 ] }
																																							}
																																						},
																																						{
																																							"name": "Wrap3",
																																							"from": [ 3.7, -0.2, -0.2 ],
																																							"to": [ 4.8, 2.0, 2.0 ],
																																							"rotationOrigin": [ 3.7, -0.2, -0.2 ],
																																							"rotationX": 2.0,
																																							"faces": {
																																								"north": { "texture": "#offset1", "uv": [ 9.0, 8.0, 10.0, 10.0 ] },
																																								"east": { "texture": "#offset1", "uv": [ 8.0, 8.0, 10.0, 10.0 ] },
																																								"south": { "texture": "#offset1", "uv": [ 8.5, 8.0, 9.5, 10.0 ] },
																																								"west": { "texture": "#offset1", "uv": [ 8.0, 8.0, 10.0, 10.0 ] },
																																								"up": { "texture": "#offset1", "uv": [ 8.5, 8.0, 9.5, 10.0 ] },
																																								"down": { "texture": "#offset1", "uv": [ 8.5, 8.0, 9.5, 10.0 ] }
																																							}
																																						},
																																						{
																																							"name": "Wrap4",
																																							"from": [ 4.9, -0.2, -0.2 ],
																																							"to": [ 6.0, 2.0, 2.0 ],
																																							"rotationOrigin": [ 4.9, -0.2, -0.2 ],
																																							"rotationY": 2.0,
																																							"faces": {
																																								"north": { "texture": "#offset1", "uv": [ 9.0, 2.0, 10.0, 4.0 ] },
																																								"east": { "texture": "#offset1", "uv": [ 8.0, 2.0, 10.0, 4.0 ] },
																																								"south": { "texture": "#offset1", "uv": [ 8.5, 3.0, 9.5, 5.0 ] },
																																								"west": { "texture": "#offset1", "uv": [ 9.0, 3.0, 11.0, 5.0 ] },
																																								"up": { "texture": "#offset1", "uv": [ 9.0, 4.0, 10.0, 6.0 ] },
																																								"down": { "texture": "#offset1", "uv": [ 8.5, 3.0, 9.5, 5.0 ] }
																																							}
																																						},
																																						{
																																							"name": "Wrap5",
																																							"from": [ 6.2, -0.2, -0.2 ],
																																							"to": [ 7.3, 2.0, 2.0 ],
																																							"rotationOrigin": [ 6.2, -0.2, -0.2 ],
																																							"rotationX": 4.0,
																																							"rotationY": 2.0,
																																							"faces": {
																																								"north": { "texture": "#offset1", "uv": [ 0.0, 0.0, 1.0, 2.0 ] },
																																								"east": { "texture": "#offset1", "uv": [ 0.0, 0.0, 2.0, 2.0 ] },
																																								"south": { "texture": "#offset1", "uv": [ 0.0, 0.0, 1.0, 2.0 ] },
																																								"west": { "texture": "#offset1", "uv": [ 0.0, 0.0, 2.0, 2.0 ] },
																																								"up": { "texture": "#offset1", "uv": [ 0.0, 0.0, 1.0, 2.0 ] },
																																								"down": { "texture": "#offset1", "uv": [ 0.0, 0.0, 1.0, 2.0 ] }
																																							}
																																						},
																																						{
																																							"name": "Wrap6",
																																							"from": [ 7.4, -0.2, -0.2 ],
																																							"to": [ 8.5, 2.0, 2.0 ],
																																							"rotationOrigin": [ 7.4, -0.2, -0.2 ],
																																							"rotationX": 2.0,
																																							"rotationY": 2.0,
																																							"faces": {
																																								"north": { "texture": "#offset1", "uv": [ 9.0, 4.5, 10.0, 6.5 ] },
																																								"east": { "texture": "#offset1", "uv": [ 8.5, 3.5, 10.5, 5.5 ] },
																																								"south": { "texture": "#offset1", "uv": [ 9.0, 4.5, 10.0, 6.5 ] },
																																								"west": { "texture": "#offset1", "uv": [ 9.0, 4.5, 11.0, 6.5 ] },
																																								"up": { "texture": "#offset1", "uv": [ 8.5, 4.5, 9.5, 6.5 ] },
																																								"down": { "texture": "#offset1", "uv": [ 9.0, 4.5, 10.0, 6.5 ] }
																																							}
																																						}
																																					]
																																				}
																																			]
																																		}
																																	]
																																}
																															]
																														}
																													]
																												}
																											]
																										}
																									]
																								}
																							]
																						}
																					]
																				}
																			]
																		}
																	]
																}
															]
														}
													]
												}
											]
										}
									]
								}
							]
						}
					]
				}
			]
		},
		{
			"name": "Rod1.1",
			"from": [ 8.5, -0.7, 7.6 ],
			"to": [ 9.0, 1.1, 9.4 ],
			"rotationOrigin": [ 8.5, 0.2, 8.5 ],
			"rotationX": 6.0,
			"faces": {
				"north": { "texture": "#iron", "uv": [ 0.0, 0.0, 0.5, 1.5 ] },
				"east": { "texture": "#iron", "uv": [ 0.0, 0.0, 1.5, 1.5 ] },
				"south": { "texture": "#iron", "uv": [ 0.0, 0.0, 0.5, 1.5 ] },
				"west": { "texture": "#iron", "uv": [ 0.0, 0.0, 1.5, 1.5 ] },
				"up": { "texture": "#iron", "uv": [ 0.0, 0.0, 0.5, 1.5 ] },
				"down": { "texture": "#iron", "uv": [ 0.0, 0.0, 0.5, 1.5 ] }
			},
			"children": [
				{
					"name": "Rod1.2",
					"from": [ -0.5, 0.0, 0.0 ],
					"to": [ 0.0, 1.8, 1.8 ],
					"rotationOrigin": [ -0.5, 0.9, 0.9 ],
					"rotationX": 6.0,
					"faces": {
						"north": { "texture": "#iron", "uv": [ 0.0, 0.0, 0.5, 1.5 ] },
						"east": { "texture": "#iron", "uv": [ 0.0, 0.0, 1.5, 1.5 ] },
						"south": { "texture": "#iron", "uv": [ 0.0, 0.0, 0.5, 1.5 ] },
						"west": { "texture": "#iron", "uv": [ 0.0, 0.0, 1.5, 1.5 ] },
						"up": { "texture": "#iron", "uv": [ 0.0, 0.0, 0.5, 1.5 ] },
						"down": { "texture": "#iron", "uv": [ 0.0, 0.0, 0.5, 1.5 ] }
					},
					"children": [
						{
							"name": "Rod1.3",
							"from": [ -0.5, 0.0, 0.0 ],
							"to": [ 0.0, 1.8, 1.8 ],
							"rotationOrigin": [ -0.5, 0.9, 0.9 ],
							"rotationX": 6.0,
							"faces": {
								"north": { "texture": "#iron", "uv": [ 0.0, 0.0, 0.5, 1.5 ] },
								"east": { "texture": "#iron", "uv": [ 0.0, 0.0, 1.5, 1.5 ] },
								"south": { "texture": "#iron", "uv": [ 0.0, 0.0, 0.5, 1.5 ] },
								"west": { "texture": "#iron", "uv": [ 0.0, 0.0, 1.5, 1.5 ] },
								"up": { "texture": "#iron", "uv": [ 0.0, 0.0, 0.5, 1.5 ] },
								"down": { "texture": "#iron", "uv": [ 0.0, 0.0, 0.5, 1.5 ] }
							},
							"children": [
								{
									"name": "Rod1.4",
									"from": [ -0.5, 0.0, 0.0 ],
									"to": [ 0.0, 1.8, 1.8 ],
									"rotationOrigin": [ -0.5, 0.9, 0.9 ],
									"rotationX": 6.0,
									"faces": {
										"north": { "texture": "#iron", "uv": [ 0.0, 0.0, 0.5, 1.5 ] },
										"east": { "texture": "#iron", "uv": [ 0.0, 0.0, 1.5, 1.5 ] },
										"south": { "texture": "#iron", "uv": [ 0.0, 0.0, 0.5, 1.5 ] },
										"west": { "texture": "#iron", "uv": [ 0.0, 0.0, 1.5, 1.5 ] },
										"up": { "texture": "#iron", "uv": [ 0.0, 0.0, 0.5, 1.5 ] },
										"down": { "texture": "#iron", "uv": [ 0.0, 0.0, 0.5, 1.5 ] }
									},
									"children": [
										{
											"name": "Rod1.5",
											"from": [ -0.5, 0.0, 0.0 ],
											"to": [ 0.0, 1.8, 1.8 ],
											"rotationOrigin": [ -0.5, 0.9, 0.9 ],
											"rotationX": 5.0,
											"faces": {
												"north": { "texture": "#iron", "uv": [ 0.0, 0.0, 0.5, 1.5 ] },
												"east": { "texture": "#iron", "uv": [ 0.0, 0.0, 1.5, 1.5 ] },
												"south": { "texture": "#iron", "uv": [ 0.0, 0.0, 0.5, 1.5 ] },
												"west": { "texture": "#iron", "uv": [ 0.0, 0.0, 1.5, 1.5 ] },
												"up": { "texture": "#iron", "uv": [ 0.0, 0.0, 0.5, 1.5 ] },
												"down": { "texture": "#iron", "uv": [ 0.0, 0.0, 0.5, 1.5 ] }
											},
											"children": [
												{
													"name": "Rod1.6",
													"from": [ -0.5, 0.0, 0.0 ],
													"to": [ 0.0, 1.8, 1.8 ],
													"rotationOrigin": [ -0.5, 0.9, 0.9 ],
													"rotationX": 6.0,
													"faces": {
														"north": { "texture": "#iron", "uv": [ 0.0, 0.0, 0.5, 1.5 ] },
														"east": { "texture": "#iron", "uv": [ 0.0, 0.0, 1.5, 1.5 ] },
														"south": { "texture": "#iron", "uv": [ 0.0, 0.0, 0.5, 1.5 ] },
														"west": { "texture": "#iron", "uv": [ 0.0, 0.0, 1.5, 1.5 ] },
														"up": { "texture": "#iron", "uv": [ 0.0, 0.0, 0.5, 1.5 ] },
														"down": { "texture": "#iron", "uv": [ 0.0, 0.0, 0.5, 1.5 ] }
													},
													"children": [
														{
															"name": "Rod1.7",
															"from": [ -0.5, 0.0, 0.0 ],
															"to": [ 0.0, 1.8, 1.8 ],
															"rotationOrigin": [ -0.5, 0.9, 0.9 ],
															"rotationX": 6.0,
															"faces": {
																"north": { "texture": "#iron", "uv": [ 0.0, 0.0, 0.5, 1.5 ] },
																"east": { "texture": "#iron", "uv": [ 0.0, 0.0, 1.5, 1.5 ] },
																"south": { "texture": "#iron", "uv": [ 0.0, 0.0, 0.5, 1.5 ] },
																"west": { "texture": "#iron", "uv": [ 0.0, 0.0, 1.5, 1.5 ] },
																"up": { "texture": "#iron", "uv": [ 0.0, 0.0, 0.5, 1.5 ] },
																"down": { "texture": "#iron", "uv": [ 0.0, 0.0, 0.5, 1.5 ] }
															},
															"children": [
																{
																	"name": "Rod1.8",
																	"from": [ -0.5, 0.0, 0.0 ],
																	"to": [ 0.0, 1.8, 1.8 ],
																	"rotationOrigin": [ -0.5, 0.9, 0.9 ],
																	"rotationX": 6.0,
																	"faces": {
																		"north": { "texture": "#iron", "uv": [ 0.0, 0.0, 0.5, 1.5 ] },
																		"east": { "texture": "#iron", "uv": [ 0.0, 0.0, 1.5, 1.5 ] },
																		"south": { "texture": "#iron", "uv": [ 0.0, 0.0, 0.5, 1.5 ] },
																		"west": { "texture": "#iron", "uv": [ 0.0, 0.0, 1.5, 1.5 ] },
																		"up": { "texture": "#iron", "uv": [ 0.0, 0.0, 0.5, 1.5 ] },
																		"down": { "texture": "#iron", "uv": [ 0.0, 0.0, 0.5, 1.5 ] }
																	},
																	"children": [
																		{
																			"name": "Rod1.9",
																			"from": [ -0.5, 0.0, 0.0 ],
																			"to": [ 0.0, 1.8, 1.8 ],
																			"rotationOrigin": [ -0.5, 0.9, 0.9 ],
																			"rotationX": 6.0,
																			"faces": {
																				"north": { "texture": "#iron", "uv": [ 0.0, 0.0, 0.5, 1.5 ] },
																				"east": { "texture": "#iron", "uv": [ 0.0, 0.0, 1.5, 1.5 ] },
																				"south": { "texture": "#iron", "uv": [ 0.0, 0.0, 0.5, 1.5 ] },
																				"west": { "texture": "#iron", "uv": [ 0.0, 0.0, 1.5, 1.5 ] },
																				"up": { "texture": "#iron", "uv": [ 0.0, 0.0, 0.5, 1.5 ] },
																				"down": { "texture": "#iron", "uv": [ 0.0, 0.0, 0.5, 1.5 ] }
																			},
																			"children": [
																				{
																					"name": "Rod1.10",
																					"from": [ -0.5, 0.0, 0.0 ],
																					"to": [ 0.0, 1.8, 1.8 ],
																					"rotationOrigin": [ -0.5, 0.9, 0.9 ],
																					"rotationX": 5.0,
																					"faces": {
																						"north": { "texture": "#iron", "uv": [ 0.0, 0.0, 0.5, 1.5 ] },
																						"east": { "texture": "#iron", "uv": [ 0.0, 0.0, 1.5, 1.5 ] },
																						"south": { "texture": "#iron", "uv": [ 0.0, 0.0, 0.5, 1.5 ] },
																						"west": { "texture": "#iron", "uv": [ 0.0, 0.0, 1.5, 1.5 ] },
																						"up": { "texture": "#iron", "uv": [ 0.0, 0.0, 0.5, 1.5 ] },
																						"down": { "texture": "#iron", "uv": [ 0.0, 0.0, 0.5, 1.5 ] }
																					},
																					"children": [
																						{
																							"name": "Rod1.11",
																							"from": [ -0.5, 0.0, 0.0 ],
																							"to": [ 0.0, 1.8, 1.8 ],
																							"rotationOrigin": [ -0.5, 0.9, 0.9 ],
																							"rotationX": 8.0,
																							"faces": {
																								"north": { "texture": "#iron", "uv": [ 0.0, 0.0, 0.5, 1.5 ] },
																								"east": { "texture": "#iron", "uv": [ 0.0, 0.0, 1.5, 1.5 ] },
																								"south": { "texture": "#iron", "uv": [ 0.0, 0.0, 0.5, 1.5 ] },
																								"west": { "texture": "#iron", "uv": [ 0.0, 0.0, 1.5, 1.5 ] },
																								"up": { "texture": "#iron", "uv": [ 0.0, 0.0, 0.5, 1.5 ] },
																								"down": { "texture": "#iron", "uv": [ 0.0, 0.0, 0.5, 1.5 ] }
																							},
																							"children": [
																								{
																									"name": "Rod1.12",
																									"from": [ -0.5, 0.0, 0.0 ],
																									"to": [ 0.0, 1.8, 1.8 ],
																									"rotationOrigin": [ -0.5, 0.9, 0.9 ],
																									"rotationX": 6.0,
																									"faces": {
																										"north": { "texture": "#iron", "uv": [ 0.0, 0.0, 0.5, 1.5 ] },
																										"east": { "texture": "#iron", "uv": [ 0.0, 0.0, 1.5, 1.5 ] },
																										"south": { "texture": "#iron", "uv": [ 0.0, 0.0, 0.5, 1.5 ] },
																										"west": { "texture": "#iron", "uv": [ 0.0, 0.0, 1.5, 1.5 ] },
																										"up": { "texture": "#iron", "uv": [ 0.0, 0.0, 0.5, 1.5 ] },
																										"down": { "texture": "#iron", "uv": [ 0.0, 0.0, 0.5, 1.5 ] }
																									},
																									"children": [
																										{
																											"name": "Rod1.13",
																											"from": [ -0.5, 0.0, 0.0 ],
																											"to": [ 0.0, 1.8, 1.8 ],
																											"rotationOrigin": [ -0.5, 0.9, 0.9 ],
																											"rotationX": 6.0,
																											"faces": {
																												"north": { "texture": "#iron", "uv": [ 0.0, 0.0, 0.5, 1.5 ] },
																												"east": { "texture": "#iron", "uv": [ 0.0, 0.0, 1.5, 1.5 ] },
																												"south": { "texture": "#iron", "uv": [ 0.0, 0.0, 0.5, 1.5 ] },
																												"west": { "texture": "#iron", "uv": [ 0.0, 0.0, 1.5, 1.5 ] },
																												"up": { "texture": "#iron", "uv": [ 0.0, 0.0, 0.5, 1.5 ] },
																												"down": { "texture": "#iron", "uv": [ 0.0, 0.0, 0.5, 1.5 ] }
																											},
																											"children": [
																												{
																													"name": "Rod1.14",
																													"from": [ -0.5, 0.0, 0.0 ],
																													"to": [ 0.0, 1.8, 1.8 ],
																													"rotationOrigin": [ -0.5, 0.9, 0.9 ],
																													"rotationX": 6.0,
																													"faces": {
																														"north": { "texture": "#iron", "uv": [ 0.0, 0.0, 0.5, 1.5 ] },
																														"east": { "texture": "#iron", "uv": [ 0.0, 0.0, 1.5, 1.5 ] },
																														"south": { "texture": "#iron", "uv": [ 0.0, 0.0, 0.5, 1.5 ] },
																														"west": { "texture": "#iron", "uv": [ 0.0, 0.0, 1.5, 1.5 ] },
																														"up": { "texture": "#iron", "uv": [ 0.0, 0.0, 0.5, 1.5 ] },
																														"down": { "texture": "#iron", "uv": [ 0.0, 0.0, 0.5, 1.5 ] }
																													}
																												}
																											]
																										}
																									]
																								}
																							]
																						}
																					]
																				}
																			]
																		}
																	]
																}
															]
														}
													]
												}
											]
										}
									]
								}
							]
						}
					]
				}
			]
		}
	]}