[
  {
    "file": "abelisauridae:entities/land/abelisauridae",
    "op": "add",
    "path": "/server/behaviors/15/aitasks/-",
    "value": {
      "code": "bola.immobilizedcommand",
      "priority": 5,
      "priorityForCancel": 4.9,
      "enabledByType": { "*-baby-*": true, "*-adult-*": false },
	  "animation": "Sleep"
    }
  },
   {
    "file": "abelisauridae:entities/land/abelisauridae",
    "op": "add",
    "path": "/server/behaviors/-",
    "value": { 
      "code": "bola.immobilizable",
      "enabledByType": { "*-baby-*": true, "*-adult-*": false }
    }
  },
  {
    "file": "abelisauridae:entities/land/abelisauridae",
    "op": "add",
    "path": "/client/behaviors/-",
    "value": { 
      "code": "bola.immobilizable",
      "enabledByType": { "*-baby-*": true, "*-adult-*": false }
    }
  }
]
