[
  {
    "file": "bovinae:entities/animal/mammal/hooved/bovinae-adult",
    "op": "add",
    "path": "/server/behaviors/11/aitasks/-",
    "value": {
      "code": "bola.immobilizedcommand",
      "priority": 5,
      "priorityForCancel": 4.9,
      "animation": "Sleep"
    }
  },
  {
    "file": "bovinae:entities/animal/mammal/hooved/bovinae-adult",
    "op": "add",
    "path": "/server/behaviors/-",
    "value": { "code": "bola.immobilizable" }
  },
  {
    "file": "bovinae:entities/animal/mammal/hooved/bovinae-adult",
    "op": "add",
    "path": "/client/behaviors/-",
    "value": { "code": "bola.immobilizable" }
  },



  {
    "file": "bovinae:entities/animal/mammal/hooved/bovinae-baby",
    "op": "add",
    "path": "/server/behaviors/10/aitasks/-",
    "value": {
      "code": "bola.immobilizedcommand",
      "priority": 5,
      "priorityForCancel": 4.9,
      "animation": "Sleep"
    }
  },
  {
    "file": "bovinae:entities/animal/mammal/hooved/bovinae-baby",
    "op": "add",
    "path": "/server/behaviors/-",
    "value": { "code": "bola.immobilizable" }
  },
  {
    "file": "bovinae:entities/animal/mammal/hooved/bovinae-baby",
    "op": "add",
    "path": "/client/behaviors/-",
    "value": { "code": "bola.immobilizable" }
  },



  {
    "file": "bovinae:entities/animal/mammal/hooved/bovinae-tamed",
    "op": "add",
    "path": "/server/behaviors/15/aitasks/-",
    "value": {
      "code": "bola.immobilizedcommand",
      "priority": 5,
      "priorityForCancel": 4.9,
      "animation": "Sleep"
    }
  },
  {
    "file": "bovinae:entities/animal/mammal/hooved/bovinae-tamed",
    "op": "add",
    "path": "/server/behaviors/-",
    "value": { "code": "bola.immobilizable" }
  },
  {
    "file": "bovinae:entities/animal/mammal/hooved/bovinae-tamed",
    "op": "add",
    "path": "/client/behaviors/-",
    "value": { "code": "bola.immobilizable" }
  }
]