[
  {
    "file": "capreolinae:entities/land/capreolini",
    "op": "add",
    "path": "/server/behaviors/12/aitasks/-",
    "value": {
      "code": "bola.immobilizedcommand",
      "priority": 5,
      "priorityForCancel": 4.9,
      "animation": "Sleep"
    }
  },
  {
    "file": "capreolinae:entities/land/capreolini",
    "op": "add",
    "path": "/server/behaviors/-",
    "value": { "code": "bola.immobilizable" }
  },
  {
    "file": "capreolinae:entities/land/capreolini",
    "op": "add",
    "path": "/client/behaviors/-",
    "value": { "code": "bola.immobilizable" }
  },



  {
    "file": "capreolinae:entities/land/cervidae-carcass",
    "op": "add",
    "path": "/server/behaviors/7/aitasks/-",
    "value": {
      "code": "bola.immobilizedcommand",
      "priority": 5,
      "priorityForCancel": 4.9,
      "animation": "Sleep"
    }
  },
  {
    "file": "capreolinae:entities/land/cervidae-carcass",
    "op": "add",
    "path": "/server/behaviors/-",
    "value": { "code": "bola.immobilizable" }
  },
  {
    "file": "capreolinae:entities/land/cervidae-carcass",
    "op": "add",
    "path": "/client/behaviors/-",
    "value": { "code": "bola.immobilizable" }
  },



  {
    "file": "capreolinae:entities/land/odocoileini",
    "op": "add",
    "path": "/server/behaviors/12/aitasks/-",
    "value": {
      "code": "bola.immobilizedcommand",
      "priority": 5,
      "priorityForCancel": 4.9,
      "animation": "Sleep"
    }
  },
  {
    "file": "capreolinae:entities/land/odocoileini",
    "op": "add",
    "path": "/server/behaviors/-",
    "value": { "code": "bola.immobilizable" }
  },
  {
    "file": "capreolinae:entities/land/odocoileini",
    "op": "add",
    "path": "/client/behaviors/-",
    "value": { "code": "bola.immobilizable" }
  }
]