[

{
    "file": "hazjackalope:entities/animal/mammal/hare/jackalope-adult",
    "op": "add",
    "path": "/server/behaviors/11/aitasks/-",
    "value": {
      "code": "bola.immobilizedcommand",
      "priority": 5,
      "priorityForCancel": 4.9,
      "animation": "Sleep"
    }
  },
  
  {
    "file": "hazjackalope:entities/animal/mammal/hare/jackalope-adult",
    "op": "add",
    "path": "/server/behaviors/-",
    "value": { "code": "bola.immobilizable" }
  },
  
  {
    "file": "hazjackalope:entities/animal/mammal/hare/jackalope-adult",
    "op": "add",
    "path": "/client/behaviors/-",
    "value": { "code": "bola.immobilizable" }
  },
  
  
  
  {
    "file": "hazjackalope:entities/animal/mammal/hare/jackalope-baby",
    "op": "add",
    "path": "/server/behaviors/9/aitasks/-",
    "value": {
      "code": "bola.immobilizedcommand",
      "priority": 5,
      "priorityForCancel": 4.9,
      "animation": "Sleep"
    }
  },
  
  {
    "file": "hazjackalope:entities/animal/mammal/hare/jackalope-baby",
    "op": "add",
    "path": "/server/behaviors/-",
    "value": { "code": "bola.immobilizable" }
  },
  {
    "file": "hazjackalope:entities/animal/mammal/hare/jackalope-baby",
    "op": "add",
    "path": "/client/behaviors/-",
    "value": { "code": "bola.immobilizable" }
  },
  
 ]