[
  {
    "file": "monoceros:entities/wildmonoceros",
    "op": "add",
    "path": "/behaviorConfigs/taskai/aitasks/-",
    "value": {
      "code": "bola.immobilizedcommand",
      "priority": 5,
      "priorityForCancel": 4.9,
      "animation": "sit"
    }
  },
  {
    "file": "monoceros:entities/wildmonoceros",
    "op": "add",
    "path": "/server/behaviors/-",
    "value": { "code": "bola.immobilizable" }
  },
  {
    "file": "monoceros:entities/wildmonoceros",
    "op": "add",
    "path": "/client/behaviors/-",
    "value": { "code": "bola.immobilizable" }
  },
  {
    "file": "monoceros:entities/feralmonoceros",
    "op": "add",
    "path": "/server/behaviors/-",
    "value": { "code": "bola.immobilizable" }
  },
  {
    "file": "monoceros:entities/feralmonoceros",
    "op": "add",
    "path": "/client/behaviors/-",
    "value": { "code": "bola.immobilizable" }
  },
  {
    "file": "monoceros:entities/tamedmonoceros",
    "op": "add",
    "path": "/server/behaviors/-",
    "value": { "code": "bola.immobilizable" }
  },
  {
    "file": "monoceros:entities/tamedmonoceros",
    "op": "add",
    "path": "/client/behaviors/-",
    "value": { "code": "bola.immobilizable" }
  }
]