[
  {
    "file": "pachycephalosauria:entities/land/pachycephalosauria",
    "op": "add",
    "path": "/server/behaviors/15/aitasks/-",
    "value": {
      "code": "bola.immobilizedcommand",
      "priority": 5,
      "priorityForCancel": 4.9,
      "animation": "Sleep"
    }
  },
  {
    "file": "pachycephalosauria:entities/land/pachycephalosauria",
    "op": "add",
    "path": "/server/behaviors/-",
    "value": { "code": "bola.immobilizable" }
  },
  {
    "file": "pachycephalosauria:entities/land/pachycephalosauria",
    "op": "add",
    "path": "/client/behaviors/-",
    "value": { "code": "bola.immobilizable" }
  }
]