﻿[
    // Bovinae
    {
        "side": "server",
        "file": "bovinae:entities/animal/mammal/hooved/bovinae-carcass",
        "op": "add",
        "path": "/server/behaviors/-",
        "value": {
            "code": "EntityBleedingBehavior"
        }
    },
    {
        "side": "server",
        "file": "bovinae:entities/animal/mammal/hooved/bovinae-carcass",
        "op": "add",
        "path": "/client/behaviors/-",
        "value": {
            "code": "EntityBleedingBehaviorParticles"
        }
    },
    {
        "side": "server",
        "file": "bovinae:entities/animal/mammal/hooved/bovinae-adult",
        "op": "add",
        "path": "/server/behaviors/-",
        "value": {
            "code": "EntityBleedingBehavior"
        }
    },
    {
        "side": "server",
        "file": "bovinae:entities/animal/mammal/hooved/bovinae-adult",
        "op": "add",
        "path": "/client/behaviors/-",
        "value": {
            "code": "EntityBleedingBehaviorParticles"
        }
    },
    {
        "side": "server",
        "file": "bovinae:entities/animal/mammal/hooved/bovinae-baby",
        "op": "add",
        "path": "/server/behaviors/-",
        "value": {
            "code": "EntityBleedingBehavior"
        }
    },
    {
        "side": "server",
        "file": "bovinae:entities/animal/mammal/hooved/bovinae-baby",
        "op": "add",
        "path": "/client/behaviors/-",
        "value": {
            "code": "EntityBleedingBehaviorParticles"
        }
    }
]