[
	{
		"file": "game:itemtypes/tool/scythe.json",
		"op": "addmerge",
		"path": "0/attributes/codePrefixes/-",
		"value": "tallplant-ferulacommunis-water-normal"
	},
	{
		"file": "game:itemtypes/tool/scythe.json",
		"op": "addmerge",
		"path": "0/attributes/codePrefixes/-",
		"value": "tallplant-ferulacommunis-land-normal"
	},
	{
		"file": "game:itemtypes/tool/scythe.json",
		"op": "addmerge",
		"path": "0/attributes/codePrefixes/-",
		"value": "tallplant-spartiumjunceum-water-normal"
	},
	{
		"file": "game:itemtypes/tool/scythe.json",
		"op": "addmerge",
		"path": "0/attributes/codePrefixes/-",
		"value": "tallplant-spartiumjunceum-land-normal"
	}
]