{
	code: "jonasboat",
	class: "ItemBoat",
	variantgroups: [
		{ code: "material", states: ["aged", "bamboo"], loadFromProperties: "block/wood" }
	],
	skipVariants: [
		"jonasboat-bamboo"
	],
	shapeByType: {
			"jonasboat-*": { base: "jonasboat:entity/water/jonasboat", ignoreElements: ["hideWater"] }
		},
	texturesByType: {
		"*-bamboo": {},
		"*": {
			"material": { base: "game:block/wood/debarked/{material}" },
			"oak": { base: "game:block/wood/debarked/{material}" },
			"oak1": { base: "game:block/wood/planks/{material}*" },
			"birch1": { base: "game:block/wood/planks/{material}*" },
			"acacia-top": { base: "game:block/wood/shingles/{material}-top" },
			"acacia-side": { base: "game:block/wood/shingles/{material}-side" },
			"plainoak": { base: "game:block/wood/debarked/{material}" }

		}
	},
    attributes: {
        handbook: {
            groupBy: ["jonasboat-*"]
        }
    },
	heldTpIdleAnimation: "holdunderarm",
	maxstacksize: 1,
	materialDensity: 1,
	liquidSelectable: 1,
	creativeinventory: { "general": ["*"], "items": ["*"], "tools": ["*"] },
	guiTransform: {
		translation: { x: 4, y: 2, z: 0 },
		rotation: { x: -29, y: -60, z: -171 },
		origin: { x: 0.5, y: 0, z: 0.5 },
		scale: 0.25
	},
	groundTransform: {
		translation: { x: 0, y: 0.3, z: 0 },
		rotation: { x: 0, y: 0, z: 0 },
		origin: { x: 0.5, y: 0.5, z: 0.5299 },
		scale: 1.5
	},
	tpHandTransformByType: {
		translation: { x: 0, y: 0, z: 0 },
		rotation: { x: 0, y: 0, z: 0 },
		origin: { x: 0, y: 0, z: 0 },
		scale: 0.25
	}
}