{
"code": "backpack",
"variantgroups": [
		{ "code": "color", "states": ["chromium", "plain", "black", "gray", "white", "red", "orange", "yellow", "green", "blue", "pink", "purple"] }
	],
	"maxstacksize": 1,
	"attributes": {
		"attachableToEntity": {
			"categoryCode": "backpack",
			"attachedShape": { "base": "item/backpack/backpack-attached" }
		},
		"backpack": { "quantitySlots": 10 },
		"handbook": { "groupBy": "backpack-*" }
		
	},
	"behaviors": [
		{
			"name": "GroundStorable",
			"properties": {
				"layout": "SingleCenter",
				"collisionBox": { "x1": 0.25, "y1": 0, "z1": 0.25, "x2": 0.75, "y2": 0.620, "z2": 0.75 }
			}
		},
		{ "name": "HeldBag" }
	],
	"creativeinventory": { "general": [ "*" ], "items": ["*"], "ithaniabackpacks": ["*"] },
	"shape": { "base": "ithaniabackpacks:item/backpack/backpack" },
	"textures": {
		"chromium": { "base": "ithaniabackpacks:item/leather/chromium" },
		"black": { "base": "ithaniabackpacks:item/leather/{color}" },
		"tinbronze": { "base": "ithaniabackpacks:item/metal/ingot/tinbronze" }
	},
	"storageFlags": 2,
	"guiTransform": {
		"translation": { "x": 8, "y": -4, "z": 0 },
		"rotation": { "x": -20, "y": 21, "z": 180 },
		"origin": { "x": 0.35, "y": 0.35, "z": 0.35 },
		"scale": 2.1
	},
	"fpHandTransform": {
		"translation": { "x": 0, "y": 0, "z": 0.2 },
		"rotation": { "x": 20, "y": -73, "z": 10 },
		"scale": 2.5
	},
	"tpHandTransform": {
		"translation": { "x": -0.5, "y": -0.65, "z": -0.65 },
		"rotation": { "x": 0, "y": 0, "z": 0 },
		"origin": { "x": 0.5, "y": 0.07, "z": 0.5 },
		"scale": 1
	},
	"groundTransform": {
		"translation": { "x": 0, "y": 0.12, "z": 0 },
		"rotation": { "x": -90, "y": 0, "z": 0 },
		"origin": { "x": 0.5, "y": 0.5, "z": 0.5299 },
		"scale": 4.5
	}
}