﻿{
  "code": "spear",
  "class": "CombatOverhaul:Projectile",
  "variantgroups": [
    {"code": "type", "states": ["generic", "scrap", "boar", "voulge", "fork", "ranseur"]},
    {
      "code": "material",
      "states": [
        "chert",
        "granite",
        "andesite",
        "basalt",
        "obsidian",
        "peridotite",
        "flint",
        "scrap",
        "copper",
        "tinbronze",
        "bismuthbronze",
        "blackbronze",
        "ornategold",
        "ornatesilver",
        "iron",
        "meteoriciron",
        "steel",
        "hacking",
        "ruined",
        "erel"
      ]
    }
  ],
  "skipVariants": ["spear-generic-ruined", "spear-generic-scrap"],
  "allowedVariants": ["spear-generic-*", "spear-scrap-scrap", "spear-boar-ruined", "spear-voulge-ruined", "spear-fork-ruined", "spear-ranseur-ruined"],
  "SelectionBoxSize": {"x": 0.2, "y": 0.2},
  "CollisionBoxSize": {"x": 0.02, "y": 0.02},
  "client": {
    "size": 0.8,
    "renderer": "Shape",
    "shapeByType": {
      "spear-generic-erel": {"base": "game:entity/nonliving/projectile/erel-large-usable"},
      "spear-scrap-scrap": {"base": "game:item/tool/spear/scrap"},
      "spear-generic-hacking": {"base": "game:item/tool/spear/hacking"},
      "spear-generic-ornategold": {"base": "game:item/tool/spear/ornategold"},
      "spear-generic-ornatesilver": {"base": "game:item/tool/spear/ornatesilver"},
      "@spear-generic-(chert|granite|andesite|basalt|obsidian|peridotite|flint)": {"base": "game:item/tool/spear/stone"},
      "@spear-generic-(copper|tinbronze|bismuthbronze|blackbronze)": {"base": "game:item/tool/spear/copper"},
      "@spear-generic-(iron|meteoriciron|steel)": {"base": "bullseyecontinued:spear-iron"},
      "*-ruined": {"base": "game:item/tool/spear/ruined/{type}"}
    },
    "texturesByType": {"@spear-generic-(chert|granite|andesite|basalt|obsidian|peridotite)": {"head": {"base": "game:block/stone/rock/{material}1"}}},
    "behaviors": [{"code": "CombatOverhaul:ProjectilePhysics", "groundDragFactor": 1, "airDragFactor": 1, "gravityFactor": 1}, {"code": "interpolateposition"}]
  },
  "server": {"behaviors": [{"code": "CombatOverhaul:ProjectilePhysics", "groundDragFactor": 1, "airDragFactor": 1, "gravityFactor": 1}, {"code": "despawn", "minSeconds": 600}]},
  "sounds": {}
}