{
	"treeWorldPropertyCode": "cocosnuciferalow",
	"sizeMultiplier": 1.8,
	"trunks": [{
		widthMultiplier: 0.4,
		randomWidthloss: { avg: 0.044, var: 0 },
		widthlossCurve: 0.94,
		dieAt: { avg: 0.2, var: 0 },
		branchQuantity: { avg: 0, var: 0 },
		angleVert: { avg: 0, var: 0 }
	}],
	"branches": [],
	"treeBlocks": {
		"logBlockCode": "floralzonescosmopolitanregion:lognarrow-grown-cocosnucifera-ud",
		"leavesBlockCode": "floralzonescosmopolitanregion:bigberrybush-cocosnucifera-ripe",
		"leavesBranchyBlockCode": "floralzonescosmopolitanregion:lognarrow-grown-cocosnucifera-ud"
	}
}
