﻿{
  "sword-falx-ready": {
    "Hold": true,
    "PlayerKeyFrames": [
      {
        "EasingTime": 300,
        "EasingFunction": "Sin",
        "DetachedAnchor": false,
        "SwitchArms": false,
        "PitchFollow": false,
        "FOVMultiplier": 1,
        "BobbingAmplitude": 1,
        "Elements": {"ItemAnchor": [0, 0, 0, 0, 0, 14], "LowerArmR": [0, 0, 0, 0, 0, -63], "UpperArmR": [0, 0, 0, 5, -11, -32]}
      },
      {
        "EasingTime": 3000,
        "EasingFunction": "Sin",
        "DetachedAnchor": false,
        "SwitchArms": false,
        "PitchFollow": false,
        "FOVMultiplier": 1,
        "BobbingAmplitude": 1,
        "Elements": {"ItemAnchor": [0, 0, 0, 0, 0, 14], "LowerArmR": [0, 0, 0, 0, 0, -63], "UpperArmR": [0, 0, 0, 5, -11, -32]}
      }
    ],
    "ItemKeyFrames": [],
    "SoundFrames": [],
    "ParticlesFrames": [],
    "CallbackFrames": [],
    "ItemAnimationStart": 0,
    "ItemAnimationEnd": 0
  },
  "sword-falx-walk": {
    "Hold": true,
    "PlayerKeyFrames": [
      {
        "EasingTime": 500,
        "EasingFunction": "EaseInOutSine",
        "DetachedAnchor": false,
        "SwitchArms": false,
        "PitchFollow": false,
        "PitchDontFollow": false,
        "FOVMultiplier": 1,
        "BobbingAmplitude": 1,
        "Elements": {"ItemAnchor": [0, 0, 0, 0, 0, 35], "LowerArmR": [0, 0, 0, 0, 0, -32], "UpperArmR": [0, 0, 0, 5, -11, -19]}
      },
      {
        "EasingTime": 1000,
        "EasingFunction": "EaseInOutSine",
        "DetachedAnchor": false,
        "SwitchArms": false,
        "PitchFollow": false,
        "PitchDontFollow": false,
        "FOVMultiplier": 1,
        "BobbingAmplitude": 1,
        "Elements": {"ItemAnchor": [0, 0, 0, 0, 0, 14], "LowerArmR": [0, 0, 0, 0, 0, -63], "UpperArmR": [0, 0, 0, -16, -20, -51]}
      }
    ],
    "ItemKeyFrames": [],
    "SoundFrames": [],
    "ParticlesFrames": [],
    "CallbackFrames": [],
    "ItemAnimationStart": 0,
    "ItemAnimationEnd": 0
  },
  "sword-falx-run": {
    "Hold": true,
    "PlayerKeyFrames": [
      {
        "EasingTime": 500,
        "EasingFunction": "EaseInOutSine",
        "DetachedAnchor": false,
        "SwitchArms": false,
        "PitchFollow": false,
        "PitchDontFollow": false,
        "FOVMultiplier": 1,
        "BobbingAmplitude": 1,
        "Elements": {"ItemAnchor": [0, 0, 0, 0, 0, 35], "LowerArmR": [0, 0, 0, 0, 0, -32], "UpperArmR": [0, 0, 0, 5, -11, -19]}
      },
      {
        "EasingTime": 1000,
        "EasingFunction": "EaseInOutSine",
        "DetachedAnchor": false,
        "SwitchArms": false,
        "PitchFollow": false,
        "PitchDontFollow": false,
        "FOVMultiplier": 1,
        "BobbingAmplitude": 1,
        "Elements": {"ItemAnchor": [0, 0, 0, 0, 0, 14], "LowerArmR": [0, 0, 0, 0, 0, -63], "UpperArmR": [0, 0, 0, -16, -20, -51]}
      }
    ],
    "ItemKeyFrames": [],
    "SoundFrames": [],
    "ParticlesFrames": [],
    "CallbackFrames": [],
    "ItemAnimationStart": 0,
    "ItemAnimationEnd": 0
  },
  "sword-falx-swim": {
    "Hold": true,
    "PlayerKeyFrames": [
      {
        "EasingTime": 500,
        "EasingFunction": "EaseInOutSine",
        "DetachedAnchor": false,
        "SwitchArms": false,
        "PitchFollow": false,
        "PitchDontFollow": false,
        "FOVMultiplier": 1,
        "BobbingAmplitude": 1,
        "Elements": {"ItemAnchor": [0, 0, 0, 0, 0, 35], "LowerArmR": [0, 0, 0, 0, 0, -32], "UpperArmR": [0, 0, 0, 5, -11, -19]}
      },
      {
        "EasingTime": 1000,
        "EasingFunction": "EaseInOutSine",
        "DetachedAnchor": false,
        "SwitchArms": false,
        "PitchFollow": false,
        "PitchDontFollow": false,
        "FOVMultiplier": 1,
        "BobbingAmplitude": 1,
        "Elements": {"ItemAnchor": [0, 0, 0, 0, 0, 14], "LowerArmR": [0, 0, 0, 0, 0, -63], "UpperArmR": [0, 0, 0, -16, -20, -51]}
      }
    ],
    "ItemKeyFrames": [],
    "SoundFrames": [],
    "ParticlesFrames": [],
    "CallbackFrames": [],
    "ItemAnimationStart": 0,
    "ItemAnimationEnd": 0
  },
  "sword-falx-swimilde": {
    "Hold": true,
    "PlayerKeyFrames": [
      {
        "EasingTime": 500,
        "EasingFunction": "EaseInOutSine",
        "DetachedAnchor": false,
        "SwitchArms": false,
        "PitchFollow": false,
        "PitchDontFollow": false,
        "FOVMultiplier": 1,
        "BobbingAmplitude": 1,
        "Elements": {"ItemAnchor": [0, 0, 0, 0, 0, 35], "LowerArmR": [0, 0, 0, 0, 0, -32], "UpperArmR": [0, 0, 0, 5, -11, -19]}
      },
      {
        "EasingTime": 1000,
        "EasingFunction": "EaseInOutSine",
        "DetachedAnchor": false,
        "SwitchArms": false,
        "PitchFollow": false,
        "PitchDontFollow": false,
        "FOVMultiplier": 1,
        "BobbingAmplitude": 1,
        "Elements": {"ItemAnchor": [0, 0, 0, 0, 0, 14], "LowerArmR": [0, 0, 0, 0, 0, -63], "UpperArmR": [0, 0, 0, -16, -20, -51]}
      }
    ],
    "ItemKeyFrames": [],
    "SoundFrames": [],
    "ParticlesFrames": [],
    "CallbackFrames": [],
    "ItemAnimationStart": 0,
    "ItemAnimationEnd": 0
  },
  "sword-falx-idle": {
    "Hold": true,
    "PlayerKeyFrames": [
      {
        "EasingTime": 300,
        "EasingFunction": "Sin",
        "DetachedAnchor": false,
        "SwitchArms": false,
        "PitchFollow": false,
        "FOVMultiplier": 1,
        "BobbingAmplitude": 1,
        "Elements": {"ItemAnchor": [0, 0, 0, 0, 0, 32], "LowerArmR": [0, 0, 0, 0, 0, -21], "UpperArmR": [0, 0, 0, 0, -26, -22]}
      }
    ],
    "ItemKeyFrames": [],
    "SoundFrames": [],
    "ParticlesFrames": [],
    "CallbackFrames": [],
    "ItemAnimationStart": 0,
    "ItemAnimationEnd": 0
  },
  "sword-forlorn-thrust": {
    "Hold": false,
    "PlayerKeyFrames": [
      {
        "EasingTime": 100,
        "EasingFunction": "Sin",
        "DetachedAnchor": false,
        "SwitchArms": false,
        "PitchFollow": true,
        "FOVMultiplier": 1,
        "BobbingAmplitude": 0.6,
        "Elements": {"ItemAnchor": [0, 0, 0, 0, 0, 75], "LowerArmR": [0, 0, 0, 0, 0, -55], "UpperArmR": [1.6, 0, 0, 45, -0.8, -38.2]}
      },
      {
        "EasingTime": 300,
        "EasingFunction": "Quintic",
        "DetachedAnchor": false,
        "SwitchArms": false,
        "PitchFollow": true,
        "FOVMultiplier": 1,
        "BobbingAmplitude": 0.6,
        "Elements": {"ItemAnchor": [0, 0, 0, 0, 0, 73], "LowerArmR": [0, 0, 0, 0, 0, -3], "UpperArmR": [0, -1.6, 0, 5.6, -2.4, -81]}
      },
      {
        "EasingTime": 500,
        "EasingFunction": "Linear",
        "DetachedAnchor": false,
        "SwitchArms": false,
        "PitchFollow": true,
        "FOVMultiplier": 1,
        "BobbingAmplitude": 0.6,
        "Elements": {"ItemAnchor": [0, 0, 0, 0, 0, 73], "LowerArmR": [0, 0, 0, 0, 0, -3], "UpperArmR": [0, 0, 0, 13, -1.8, -82.2]}
      },
      {
        "EasingTime": 900,
        "EasingFunction": "CosShifted",
        "DetachedAnchor": false,
        "SwitchArms": false,
        "PitchFollow": true,
        "FOVMultiplier": 1,
        "BobbingAmplitude": 0.6,
        "Elements": {"ItemAnchor": [0, 0, 0, 0, 0, 59], "LowerArmR": [0, 0, 0, 0, 0, -68], "UpperArmR": [0, -1.6, 0, 13, -1.8, -18.2]}
      }
    ],
    "ItemKeyFrames": [],
    "SoundFrames": [
      {"Code": ["game:sounds/player/strike1", "game:sounds/player/strike2"], "DurationFraction": 0, "RandomizePitch": true, "Range": 16, "Volume": 0.5, "Synchronize": true}
    ],
    "ParticlesFrames": [],
    "CallbackFrames": [{"Code": "start", "DurationFraction": 0.083333336}, {"Code": "stop", "DurationFraction": 0.5}],
    "ItemAnimationStart": 0,
    "ItemAnimationEnd": 0
  },
  "sword-blackguard-thrust-1": {
    "Hold": false,
    "PlayerKeyFrames": [
      {
        "EasingTime": 100,
        "EasingFunction": "Sin",
        "DetachedAnchor": false,
        "SwitchArms": false,
        "PitchFollow": true,
        "PitchDontFollow": false,
        "FOVMultiplier": 1,
        "BobbingAmplitude": 1,
        "Elements": {"ItemAnchor": [0, 0, 0, 0, -6, 77], "LowerArmR": [0, 0, 0, 0, 0, -81], "UpperArmR": [1.6, 0, 0, 29, 0, -11.2]}
      },
      {
        "EasingTime": 300,
        "EasingFunction": "Quintic",
        "DetachedAnchor": false,
        "SwitchArms": false,
        "PitchFollow": true,
        "PitchDontFollow": false,
        "FOVMultiplier": 1,
        "BobbingAmplitude": 1,
        "Elements": {"ItemAnchor": [0, 0, 0, 0, 0, 70], "LowerArmR": [0, 0, 0, 0, 0, -3], "UpperArmR": [0, -1.6, 0, 8.6, -1.1, -85.1]}
      },
      {
        "EasingTime": 600,
        "EasingFunction": "Quintic",
        "DetachedAnchor": false,
        "SwitchArms": false,
        "PitchFollow": true,
        "PitchDontFollow": false,
        "FOVMultiplier": 1,
        "BobbingAmplitude": 1,
        "Elements": {"ItemAnchor": [0, 0, 0, 0, 0, 70], "LowerArmR": [0, 0, 0, 0, 0, -3], "UpperArmR": [0, -1.6, 0, 21.6, -1.1, -83.1]}
      },
      {
        "EasingTime": 900,
        "EasingFunction": "Sin",
        "DetachedAnchor": false,
        "SwitchArms": false,
        "PitchFollow": true,
        "PitchDontFollow": false,
        "FOVMultiplier": 1,
        "BobbingAmplitude": 1,
        "Elements": {"ItemAnchor": [0, 0, 0, 0, -6, 77], "LowerArmR": [0, 0, 0, 0, 0, -81], "UpperArmR": [1.6, 0, 0, 29, 0, -11.2]}
      }
    ],
    "ItemKeyFrames": [],
    "SoundFrames": [
      {
        "Code": ["game:sounds/player/strike1", "game:sounds/player/strike2"],
        "DurationFraction": 0.083333336,
        "RandomizePitch": true,
        "Range": 16,
        "Volume": 0.5,
        "Synchronize": true
      }
    ],
    "ParticlesFrames": [],
    "CallbackFrames": [{"Code": "start", "DurationFraction": 0.11111111}, {"Code": "stop", "DurationFraction": 0.6666667}, {"Code": "ready", "DurationFraction": 0.8333333}],
    "ItemAnimationStart": 0,
    "ItemAnimationEnd": 0
  },
  "sword-blackguard-thrust-2": {
    "Hold": false,
    "PlayerKeyFrames": [
      {
        "EasingTime": 100,
        "EasingFunction": "Sin",
        "DetachedAnchor": false,
        "SwitchArms": false,
        "PitchFollow": true,
        "PitchDontFollow": false,
        "FOVMultiplier": 1,
        "BobbingAmplitude": 1,
        "Elements": {"ItemAnchor": [0, 0, 0, 0, -6, 77], "LowerArmR": [0, 0, 0, 0, 0, -81], "UpperArmR": [1.6, 0, 0, -17, 13, -20.2]}
      },
      {
        "EasingTime": 300,
        "EasingFunction": "Quintic",
        "DetachedAnchor": false,
        "SwitchArms": false,
        "PitchFollow": true,
        "PitchDontFollow": false,
        "FOVMultiplier": 1,
        "BobbingAmplitude": 1,
        "Elements": {"ItemAnchor": [0, 0, 0, 0, 0, 70], "LowerArmR": [0, 0, 0, 0, 0, -3], "UpperArmR": [0, -1.6, 0, -31.4, 1.9, -81.1]}
      },
      {
        "EasingTime": 600,
        "EasingFunction": "Quintic",
        "DetachedAnchor": false,
        "SwitchArms": false,
        "PitchFollow": true,
        "PitchDontFollow": false,
        "FOVMultiplier": 1,
        "BobbingAmplitude": 1,
        "Elements": {"ItemAnchor": [0, 0, 0, 0, 0, 70], "LowerArmR": [0, 0, 0, 0, 0, -3], "UpperArmR": [0, -1.6, 0, -29.4, 1.9, -84.1]}
      },
      {
        "EasingTime": 900,
        "EasingFunction": "Sin",
        "DetachedAnchor": false,
        "SwitchArms": false,
        "PitchFollow": true,
        "PitchDontFollow": false,
        "FOVMultiplier": 1,
        "BobbingAmplitude": 1,
        "Elements": {"ItemAnchor": [0, 0, 0, 0, -6, 77], "LowerArmR": [0, 0, 0, 0, 0, -81], "UpperArmR": [1.6, 0, 0, 29, 0, -11.2]}
      }
    ],
    "ItemKeyFrames": [],
    "SoundFrames": [
      {
        "Code": ["game:sounds/player/strike1", "game:sounds/player/strike2"],
        "DurationFraction": 0.083333336,
        "RandomizePitch": true,
        "Range": 16,
        "Volume": 0.5,
        "Synchronize": true
      }
    ],
    "ParticlesFrames": [],
    "CallbackFrames": [{"Code": "start", "DurationFraction": 0.11111111}, {"Code": "stop", "DurationFraction": 0.6666667}, {"Code": "ready", "DurationFraction": 0.8333333}],
    "ItemAnimationStart": 0,
    "ItemAnimationEnd": 0
  },
  "sword-blackguard-thrust-3": {
    "Hold": false,
    "PlayerKeyFrames": [
      {
        "EasingTime": 100,
        "EasingFunction": "Sin",
        "DetachedAnchor": false,
        "SwitchArms": false,
        "PitchFollow": true,
        "PitchDontFollow": false,
        "FOVMultiplier": 1,
        "BobbingAmplitude": 1,
        "Elements": {"ItemAnchor": [0, 0, 0, 0, -6, 77], "LowerArmR": [0, 0, 0, 0, 0, -81], "UpperArmR": [1.6, 0, 0, 76, 0, -11.2]}
      },
      {
        "EasingTime": 300,
        "EasingFunction": "Quintic",
        "DetachedAnchor": false,
        "SwitchArms": false,
        "PitchFollow": true,
        "PitchDontFollow": false,
        "FOVMultiplier": 1,
        "BobbingAmplitude": 1,
        "Elements": {"ItemAnchor": [0, 0, 0, 0, 0, 70], "LowerArmR": [0, 0, 0, 0, 0, -3], "UpperArmR": [0.9, -1.6, 0, 72.6, -7.1, -87.1]}
      },
      {
        "EasingTime": 600,
        "EasingFunction": "Quintic",
        "DetachedAnchor": false,
        "SwitchArms": false,
        "PitchFollow": true,
        "PitchDontFollow": false,
        "FOVMultiplier": 1,
        "BobbingAmplitude": 1,
        "Elements": {"ItemAnchor": [0, 0, 0, 0, 0, 70], "LowerArmR": [0, 0, 0, 0, 0, -3], "UpperArmR": [0.9, -1.6, 0, 72.6, -7.1, -90.1]}
      },
      {
        "EasingTime": 900,
        "EasingFunction": "Sin",
        "DetachedAnchor": false,
        "SwitchArms": false,
        "PitchFollow": true,
        "PitchDontFollow": false,
        "FOVMultiplier": 1,
        "BobbingAmplitude": 1,
        "Elements": {"ItemAnchor": [0, 0, 0, 0, -6, 77], "LowerArmR": [0, 0, 0, 0, 0, -81], "UpperArmR": [1.6, 0, 0, 29, 0, -11.2]}
      }
    ],
    "ItemKeyFrames": [],
    "SoundFrames": [
      {
        "Code": ["game:sounds/player/strike1", "game:sounds/player/strike2"],
        "DurationFraction": 0.083333336,
        "RandomizePitch": true,
        "Range": 16,
        "Volume": 0.5,
        "Synchronize": true
      }
    ],
    "ParticlesFrames": [],
    "CallbackFrames": [{"Code": "start", "DurationFraction": 0.11111111}, {"Code": "stop", "DurationFraction": 0.6666667}, {"Code": "ready", "DurationFraction": 0.8333333}],
    "ItemAnimationStart": 0,
    "ItemAnimationEnd": 0
  },
  "sword-forlorn-thrust-1": {
    "Hold": false,
    "PlayerKeyFrames": [
      {
        "EasingTime": 100,
        "EasingFunction": "Sin",
        "DetachedAnchor": false,
        "SwitchArms": false,
        "PitchFollow": true,
        "PitchDontFollow": false,
        "FOVMultiplier": 1,
        "BobbingAmplitude": 1,
        "Elements": {"ItemAnchor": [0, 0, 0, 0, -6, 77], "LowerArmR": [0, 0, 0, 0, 0, -81], "UpperArmR": [1.6, 0, 0, 29, 0, -11.2]}
      },
      {
        "EasingTime": 300,
        "EasingFunction": "Quintic",
        "DetachedAnchor": false,
        "SwitchArms": false,
        "PitchFollow": true,
        "PitchDontFollow": false,
        "FOVMultiplier": 1,
        "BobbingAmplitude": 1,
        "Elements": {"ItemAnchor": [0, 0, 0, 0, 0, 74], "LowerArmR": [0, 0, 0, 0, -3, -3], "UpperArmR": [0, -1.6, 0, 8.6, -1.1, -85.1]}
      },
      {
        "EasingTime": 600,
        "EasingFunction": "Quintic",
        "DetachedAnchor": false,
        "SwitchArms": false,
        "PitchFollow": true,
        "PitchDontFollow": false,
        "FOVMultiplier": 1,
        "BobbingAmplitude": 1,
        "Elements": {"ItemAnchor": [0, 0, 0, 0, 0, 70], "LowerArmR": [0, 0, 0, 0, -5, -3], "UpperArmR": [0, -1.6, 0, 21.6, -1.1, -83.1]}
      },
      {
        "EasingTime": 900,
        "EasingFunction": "Sin",
        "DetachedAnchor": false,
        "SwitchArms": false,
        "PitchFollow": true,
        "PitchDontFollow": false,
        "FOVMultiplier": 1,
        "BobbingAmplitude": 1,
        "Elements": {"ItemAnchor": [0, 0, 0, 0, -6, 77], "LowerArmR": [0, 0, 0, 0, 0, -81], "UpperArmR": [1.6, 0, 0, 29, 0, -11.2]}
      }
    ],
    "ItemKeyFrames": [],
    "SoundFrames": [
      {
        "Code": ["game:sounds/player/strike1", "game:sounds/player/strike2"],
        "DurationFraction": 0.083333336,
        "RandomizePitch": true,
        "Range": 16,
        "Volume": 0.5,
        "Synchronize": true
      }
    ],
    "ParticlesFrames": [],
    "CallbackFrames": [{"Code": "start", "DurationFraction": 0.11111111}, {"Code": "stop", "DurationFraction": 0.6666667}, {"Code": "ready", "DurationFraction": 0.8333333}],
    "ItemAnimationStart": 0,
    "ItemAnimationEnd": 0
  },
  "sword-forlorn-thrust-2": {
    "Hold": false,
    "PlayerKeyFrames": [
      {
        "EasingTime": 100,
        "EasingFunction": "Sin",
        "DetachedAnchor": false,
        "SwitchArms": false,
        "PitchFollow": true,
        "PitchDontFollow": false,
        "FOVMultiplier": 1,
        "BobbingAmplitude": 1,
        "Elements": {"ItemAnchor": [0, 0, 0, 0, -6, 77], "LowerArmR": [0, 0, 0, 0, 0, -81], "UpperArmR": [1.6, 0, 0, -17, 13, -20.2]}
      },
      {
        "EasingTime": 300,
        "EasingFunction": "Quintic",
        "DetachedAnchor": false,
        "SwitchArms": false,
        "PitchFollow": true,
        "PitchDontFollow": false,
        "FOVMultiplier": 1,
        "BobbingAmplitude": 1,
        "Elements": {"ItemAnchor": [0, 0, 0, 0, 0, 73], "LowerArmR": [0, 0, 0, 0, -6, -3], "UpperArmR": [0, -1.6, 0, -31.4, 1.9, -81.1]}
      },
      {
        "EasingTime": 600,
        "EasingFunction": "Quintic",
        "DetachedAnchor": false,
        "SwitchArms": false,
        "PitchFollow": true,
        "PitchDontFollow": false,
        "FOVMultiplier": 1,
        "BobbingAmplitude": 1,
        "Elements": {"ItemAnchor": [0, 0, 0, 0, 0, 77], "LowerArmR": [0, 0, 0, 0, -8, -3], "UpperArmR": [0, -1.6, 0, -29.4, 1.9, -84.1]}
      },
      {
        "EasingTime": 900,
        "EasingFunction": "Sin",
        "DetachedAnchor": false,
        "SwitchArms": false,
        "PitchFollow": true,
        "PitchDontFollow": false,
        "FOVMultiplier": 1,
        "BobbingAmplitude": 1,
        "Elements": {"ItemAnchor": [0, 0, 0, 0, -6, 77], "LowerArmR": [0, 0, 0, 0, 0, -81], "UpperArmR": [1.6, 0, 0, 29, 0, -11.2]}
      }
    ],
    "ItemKeyFrames": [],
    "SoundFrames": [
      {
        "Code": ["game:sounds/player/strike1", "game:sounds/player/strike2"],
        "DurationFraction": 0.083333336,
        "RandomizePitch": true,
        "Range": 16,
        "Volume": 0.5,
        "Synchronize": true
      }
    ],
    "ParticlesFrames": [],
    "CallbackFrames": [{"Code": "start", "DurationFraction": 0.11111111}, {"Code": "stop", "DurationFraction": 0.6666667}, {"Code": "ready", "DurationFraction": 0.8333333}],
    "ItemAnimationStart": 0,
    "ItemAnimationEnd": 0
  },
  "sword-forlorn-thrust-3": {
    "Hold": false,
    "PlayerKeyFrames": [
      {
        "EasingTime": 100,
        "EasingFunction": "Sin",
        "DetachedAnchor": false,
        "SwitchArms": false,
        "PitchFollow": true,
        "PitchDontFollow": false,
        "FOVMultiplier": 1,
        "BobbingAmplitude": 1,
        "Elements": {"ItemAnchor": [0, 0, 0, 0, -6, 77], "LowerArmR": [0, 0, 0, 0, 0, -81], "UpperArmR": [1.6, 0, 0, 76, 0, -11.2]}
      },
      {
        "EasingTime": 300,
        "EasingFunction": "Quintic",
        "DetachedAnchor": false,
        "SwitchArms": false,
        "PitchFollow": true,
        "PitchDontFollow": false,
        "FOVMultiplier": 1,
        "BobbingAmplitude": 1,
        "Elements": {"ItemAnchor": [0, 0, 0, 0, 0, 74], "LowerArmR": [0, 0, 0, 0, 0, -3], "UpperArmR": [0.9, -1.6, 0, 72.6, -7.1, -87.1]}
      },
      {
        "EasingTime": 600,
        "EasingFunction": "Quintic",
        "DetachedAnchor": false,
        "SwitchArms": false,
        "PitchFollow": true,
        "PitchDontFollow": false,
        "FOVMultiplier": 1,
        "BobbingAmplitude": 1,
        "Elements": {"ItemAnchor": [0, 0, 0, 0, 0, 81], "LowerArmR": [0, 0, 0, 0, 0, -3], "UpperArmR": [0.9, -1.6, 0, 72.6, -7.1, -90.1]}
      },
      {
        "EasingTime": 900,
        "EasingFunction": "Sin",
        "DetachedAnchor": false,
        "SwitchArms": false,
        "PitchFollow": true,
        "PitchDontFollow": false,
        "FOVMultiplier": 1,
        "BobbingAmplitude": 1,
        "Elements": {"ItemAnchor": [0, 0, 0, 0, -6, 77], "LowerArmR": [0, 0, 0, 0, 0, -81], "UpperArmR": [1.6, 0, 0, 29, 0, -11.2]}
      }
    ],
    "ItemKeyFrames": [],
    "SoundFrames": [
      {
        "Code": ["game:sounds/player/strike1", "game:sounds/player/strike2"],
        "DurationFraction": 0.083333336,
        "RandomizePitch": true,
        "Range": 16,
        "Volume": 0.5,
        "Synchronize": true
      }
    ],
    "ParticlesFrames": [],
    "CallbackFrames": [{"Code": "start", "DurationFraction": 0.11111111}, {"Code": "stop", "DurationFraction": 0.6666667}, {"Code": "ready", "DurationFraction": 0.8333333}],
    "ItemAnimationStart": 0,
    "ItemAnimationEnd": 0
  },
  "sword-falx-slash-1": {
    "Hold": false,
    "PlayerKeyFrames": [
      {
        "EasingTime": 100,
        "EasingFunction": "EaseInSine",
        "DetachedAnchor": false,
        "SwitchArms": false,
        "PitchFollow": true,
        "PitchDontFollow": false,
        "FOVMultiplier": 1,
        "BobbingAmplitude": 0.6,
        "Elements": {"ItemAnchor": [0, 0, 0, 0, -6, -5], "LowerArmR": [0, 0, 0, 0, 0, -70], "UpperArmR": [1.6, 0, 0, -32, -10, -61.2]}
      },
      {
        "EasingTime": 300,
        "EasingFunction": "EaseInExpo",
        "DetachedAnchor": false,
        "SwitchArms": false,
        "PitchFollow": true,
        "PitchDontFollow": false,
        "FOVMultiplier": 1,
        "BobbingAmplitude": 0.6,
        "Elements": {"ItemAnchor": [-0.8, 0, 0, 0, 0, 83], "LowerArmR": [0, -0.6, -0.2, 0, 0, 1], "UpperArmR": [0.3, -3, 0, -30.4, -0.1, -95.1]}
      },
      {
        "EasingTime": 700,
        "EasingFunction": "EaseInOutBack",
        "DetachedAnchor": false,
        "SwitchArms": false,
        "PitchFollow": true,
        "PitchDontFollow": false,
        "FOVMultiplier": 1,
        "BobbingAmplitude": 0.6,
        "Elements": {"ItemAnchor": [0, 0, 0, 0, 0, 44], "LowerArmR": [0, 0, 0, 0, 0, 4], "UpperArmR": [0, 0, 0, -24, -0.8, -55.2]}
      },
      {
        "EasingTime": 900,
        "EasingFunction": "CosShifted",
        "DetachedAnchor": false,
        "SwitchArms": false,
        "PitchFollow": true,
        "PitchDontFollow": false,
        "FOVMultiplier": 1,
        "BobbingAmplitude": 0.6,
        "Elements": {"ItemAnchor": [0, 0, 0, 0, 0, 16], "LowerArmR": [0, 0, 0, 0, 0, -74], "UpperArmR": [0, -1.6, 0, -18, -1.8, -30.2]}
      }
    ],
    "ItemKeyFrames": [],
    "SoundFrames": [
      {"Code": ["game:sounds/player/strike1", "game:sounds/player/strike2"], "DurationFraction": 0, "RandomizePitch": true, "Range": 16, "Volume": 0.5, "Synchronize": true}
    ],
    "ParticlesFrames": [],
    "CallbackFrames": [{"Code": "start", "DurationFraction": 0.11111111}, {"Code": "stop", "DurationFraction": 0.6666667}, {"Code": "ready", "DurationFraction": 0.7777778}],
    "ItemAnimationStart": 0,
    "ItemAnimationEnd": 0
  },
  "sword-falx-slash-2": {
    "Hold": false,
    "PlayerKeyFrames": [
      {
        "EasingTime": 100,
        "EasingFunction": "EaseInSine",
        "DetachedAnchor": false,
        "SwitchArms": false,
        "PitchFollow": true,
        "PitchDontFollow": false,
        "FOVMultiplier": 1,
        "BobbingAmplitude": 0.6,
        "Elements": {"ItemAnchor": [0, 0, 0, 0, -6, 18], "LowerArmR": [0, -0.6, -0.1, 18, 1, -65], "UpperArmR": [1.6, 0, 0, 43, 18, -95.2]}
      },
      {
        "EasingTime": 300,
        "EasingFunction": "EaseInExpo",
        "DetachedAnchor": false,
        "SwitchArms": false,
        "PitchFollow": true,
        "PitchDontFollow": false,
        "FOVMultiplier": 1,
        "BobbingAmplitude": 0.6,
        "Elements": {"ItemAnchor": [-0.8, 0, 0, 1, 8, 83], "LowerArmR": [0, -0.6, -0.1, 8, 0, 0], "UpperArmR": [0.6, -2, 0, 32.6, 1.2, -93.2]}
      },
      {
        "EasingTime": 700,
        "EasingFunction": "EaseInOutBack",
        "DetachedAnchor": false,
        "SwitchArms": false,
        "PitchFollow": true,
        "PitchDontFollow": false,
        "FOVMultiplier": 1,
        "BobbingAmplitude": 0.6,
        "Elements": {"ItemAnchor": [0, 0, 0, 5, 0, 44], "LowerArmR": [0, 0, 0, 0, 1, 4], "UpperArmR": [0, 0, 0, 41, -6.8, -57.2]}
      },
      {
        "EasingTime": 900,
        "EasingFunction": "CosShifted",
        "DetachedAnchor": false,
        "SwitchArms": false,
        "PitchFollow": true,
        "PitchDontFollow": false,
        "FOVMultiplier": 1,
        "BobbingAmplitude": 0.6,
        "Elements": {"ItemAnchor": [0, 0, 0, 0, 0, 16], "LowerArmR": [0, 0, 0, 0, 0, -74], "UpperArmR": [0, -1.6, 0, -18, -1.8, -30.2]}
      }
    ],
    "ItemKeyFrames": [],
    "SoundFrames": [
      {"Code": ["game:sounds/player/strike1", "game:sounds/player/strike2"], "DurationFraction": 0, "RandomizePitch": true, "Range": 16, "Volume": 0.5, "Synchronize": true}
    ],
    "ParticlesFrames": [],
    "CallbackFrames": [{"Code": "start", "DurationFraction": 0.11111111}, {"Code": "stop", "DurationFraction": 0.6666667}, {"Code": "ready", "DurationFraction": 0.7777778}],
    "ItemAnimationStart": 0,
    "ItemAnimationEnd": 0
  },
  "sword-falx-ready-tp": {
    "Hold": true,
    "PlayerKeyFrames": [
      {
        "EasingTime": 300,
        "EasingFunction": "Sin",
        "DetachedAnchor": false,
        "SwitchArms": false,
        "PitchFollow": false,
        "PitchDontFollow": false,
        "FOVMultiplier": 1,
        "BobbingAmplitude": 1,
        "Elements": {"ItemAnchor": [0, 0, 0, 0, 0, 14], "LowerArmR": [0, 0, 0, 0, 0, -93], "UpperArmR": [0, 0, 0, 5, 7, 17]}
      },
      {
        "EasingTime": 3000,
        "EasingFunction": "Sin",
        "DetachedAnchor": false,
        "SwitchArms": false,
        "PitchFollow": false,
        "PitchDontFollow": false,
        "FOVMultiplier": 1,
        "BobbingAmplitude": 1,
        "Elements": {"ItemAnchor": [0, 0, 0, 0, 0, 14], "LowerArmR": [0, 0, 0, 0, 0, -93], "UpperArmR": [0, 0, 0, 5, 7, 17]}
      }
    ],
    "ItemKeyFrames": [],
    "SoundFrames": [],
    "ParticlesFrames": [],
    "CallbackFrames": [],
    "ItemAnimationStart": 0,
    "ItemAnimationEnd": 0
  },
  "sword-falx-idle-tp": {
    "Hold": true,
    "PlayerKeyFrames": [
      {
        "EasingTime": 300,
        "EasingFunction": "Sin",
        "DetachedAnchor": false,
        "SwitchArms": false,
        "PitchFollow": false,
        "PitchDontFollow": false,
        "FOVMultiplier": 1,
        "BobbingAmplitude": 1,
        "Elements": {"ItemAnchor": [0, 0, 0, 0, 0, 32], "LowerArmR": [0, 0, 0, 0, 0, -15], "UpperArmR": [0, 0, 0, 1, -2, 1]}
      }
    ],
    "ItemKeyFrames": [],
    "SoundFrames": [],
    "ParticlesFrames": [],
    "CallbackFrames": [],
    "ItemAnimationStart": 0,
    "ItemAnimationEnd": 0
  },
  "sword-forlorn-thrust-tp": {
    "Hold": false,
    "PlayerKeyFrames": [
      {
        "EasingTime": 100,
        "EasingFunction": "Sin",
        "DetachedAnchor": false,
        "SwitchArms": false,
        "PitchFollow": true,
        "FOVMultiplier": 1,
        "BobbingAmplitude": 0.6,
        "Elements": {"ItemAnchor": [0, 0, 0, 0, 0, 75], "LowerArmR": [0, 0, 0, 0, 0, -55], "UpperArmR": [1.6, 0, 0, 45, -0.8, -38.2]}
      },
      {
        "EasingTime": 300,
        "EasingFunction": "Quintic",
        "DetachedAnchor": false,
        "SwitchArms": false,
        "PitchFollow": true,
        "FOVMultiplier": 1,
        "BobbingAmplitude": 0.6,
        "Elements": {"ItemAnchor": [0, 0, 0, 0, 0, 73], "LowerArmR": [0, 0, 0, 0, 0, -3], "UpperArmR": [0, -1.6, 0, 5.6, -2.4, -81]}
      },
      {
        "EasingTime": 500,
        "EasingFunction": "Linear",
        "DetachedAnchor": false,
        "SwitchArms": false,
        "PitchFollow": true,
        "FOVMultiplier": 1,
        "BobbingAmplitude": 0.6,
        "Elements": {"ItemAnchor": [0, 0, 0, 0, 0, 73], "LowerArmR": [0, 0, 0, 0, 0, -3], "UpperArmR": [0, 0, 0, 13, -1.8, -82.2]}
      },
      {
        "EasingTime": 900,
        "EasingFunction": "CosShifted",
        "DetachedAnchor": false,
        "SwitchArms": false,
        "PitchFollow": true,
        "FOVMultiplier": 1,
        "BobbingAmplitude": 0.6,
        "Elements": {"ItemAnchor": [0, 0, 0, 0, 0, 59], "LowerArmR": [0, 0, 0, 0, 0, -68], "UpperArmR": [0, -1.6, 0, 13, -1.8, -18.2]}
      }
    ],
    "ItemKeyFrames": [],
    "SoundFrames": [
      {"Code": ["game:sounds/player/strike1", "game:sounds/player/strike2"], "DurationFraction": 0, "RandomizePitch": true, "Range": 16, "Volume": 0.5, "Synchronize": true}
    ],
    "ParticlesFrames": [],
    "CallbackFrames": [{"Code": "start", "DurationFraction": 0.083333336}, {"Code": "stop", "DurationFraction": 0.5}],
    "ItemAnimationStart": 0,
    "ItemAnimationEnd": 0
  },
  "sword-blackguard-thrust-1-tp": {
    "Hold": false,
    "PlayerKeyFrames": [
      {
        "EasingTime": 100,
        "EasingFunction": "Sin",
        "DetachedAnchor": false,
        "SwitchArms": false,
        "PitchFollow": true,
        "PitchDontFollow": false,
        "FOVMultiplier": 1,
        "BobbingAmplitude": 1,
        "Elements": {"ItemAnchor": [0, 0, 0, 0, -6, 77], "LowerArmR": [0, 0, 0, 0, 0, -81], "UpperArmR": [0, 0, 0, 29, 0, -11.2]}
      },
      {
        "EasingTime": 300,
        "EasingFunction": "Quintic",
        "DetachedAnchor": false,
        "SwitchArms": false,
        "PitchFollow": true,
        "PitchDontFollow": false,
        "FOVMultiplier": 1,
        "BobbingAmplitude": 1,
        "Elements": {"ItemAnchor": [0, 0, 0, 0, 0, 70], "LowerArmR": [0, 0, 0, 0, 0, -3], "UpperArmR": [0, 0, 0, 8.6, -1.1, -85.1]}
      },
      {
        "EasingTime": 600,
        "EasingFunction": "Quintic",
        "DetachedAnchor": false,
        "SwitchArms": false,
        "PitchFollow": true,
        "PitchDontFollow": false,
        "FOVMultiplier": 1,
        "BobbingAmplitude": 1,
        "Elements": {"ItemAnchor": [0, 0, 0, 0, 0, 70], "LowerArmR": [0, 0, 0, 0, 0, -3], "UpperArmR": [0, 0, 0, 21.6, -1.1, -83.1]}
      },
      {
        "EasingTime": 900,
        "EasingFunction": "Sin",
        "DetachedAnchor": false,
        "SwitchArms": false,
        "PitchFollow": true,
        "PitchDontFollow": false,
        "FOVMultiplier": 1,
        "BobbingAmplitude": 1,
        "Elements": {"ItemAnchor": [0, 0, 0, 0, -6, 77], "LowerArmR": [0, 0, 0, 0, 0, -81], "UpperArmR": [0, 0, 0, 29, 0, -11.2]}
      }
    ],
    "ItemKeyFrames": [],
    "SoundFrames": [
      {
        "Code": ["game:sounds/player/strike1", "game:sounds/player/strike2"],
        "DurationFraction": 0.083333336,
        "RandomizePitch": true,
        "Range": 16,
        "Volume": 0.5,
        "Synchronize": true
      }
    ],
    "ParticlesFrames": [],
    "CallbackFrames": [{"Code": "start", "DurationFraction": 0.11111111}, {"Code": "stop", "DurationFraction": 0.6666667}, {"Code": "ready", "DurationFraction": 0.8333333}],
    "ItemAnimationStart": 0,
    "ItemAnimationEnd": 0
  },
  "sword-blackguard-thrust-2-tp": {
    "Hold": false,
    "PlayerKeyFrames": [
      {
        "EasingTime": 100,
        "EasingFunction": "Sin",
        "DetachedAnchor": false,
        "SwitchArms": false,
        "PitchFollow": true,
        "PitchDontFollow": false,
        "FOVMultiplier": 1,
        "BobbingAmplitude": 1,
        "Elements": {"ItemAnchor": [0, 0, 0, 0, -6, 77], "LowerArmR": [0, 0, 0, 0, 0, -81], "UpperArmR": [0, 0, 0, 5, 13, -20.2]}
      },
      {
        "EasingTime": 300,
        "EasingFunction": "Quintic",
        "DetachedAnchor": false,
        "SwitchArms": false,
        "PitchFollow": true,
        "PitchDontFollow": false,
        "FOVMultiplier": 1,
        "BobbingAmplitude": 1,
        "Elements": {"ItemAnchor": [0, 0, 0, 0, 0, 70], "LowerArmR": [0, 0, 0, 0, 0, -3], "UpperArmR": [0, 0, 0, -31.4, 1.9, -81.1]}
      },
      {
        "EasingTime": 600,
        "EasingFunction": "Quintic",
        "DetachedAnchor": false,
        "SwitchArms": false,
        "PitchFollow": true,
        "PitchDontFollow": false,
        "FOVMultiplier": 1,
        "BobbingAmplitude": 1,
        "Elements": {"ItemAnchor": [0, 0, 0, 0, 0, 70], "LowerArmR": [0, 0, 0, 0, 0, -3], "UpperArmR": [0, 0, 0, -29.4, 1.9, -84.1]}
      },
      {
        "EasingTime": 900,
        "EasingFunction": "Sin",
        "DetachedAnchor": false,
        "SwitchArms": false,
        "PitchFollow": true,
        "PitchDontFollow": false,
        "FOVMultiplier": 1,
        "BobbingAmplitude": 1,
        "Elements": {"ItemAnchor": [0, 0, 0, 0, -6, 77], "LowerArmR": [0, 0, 0, 0, 0, -81], "UpperArmR": [0, 0, 0, 29, 0, -11.2]}
      }
    ],
    "ItemKeyFrames": [],
    "SoundFrames": [
      {
        "Code": ["game:sounds/player/strike1", "game:sounds/player/strike2"],
        "DurationFraction": 0.083333336,
        "RandomizePitch": true,
        "Range": 16,
        "Volume": 0.5,
        "Synchronize": true
      }
    ],
    "ParticlesFrames": [],
    "CallbackFrames": [{"Code": "start", "DurationFraction": 0.11111111}, {"Code": "stop", "DurationFraction": 0.6666667}, {"Code": "ready", "DurationFraction": 0.8333333}],
    "ItemAnimationStart": 0,
    "ItemAnimationEnd": 0
  },
  "sword-blackguard-thrust-3-tp": {
    "Hold": false,
    "PlayerKeyFrames": [
      {
        "EasingTime": 100,
        "EasingFunction": "Sin",
        "DetachedAnchor": false,
        "SwitchArms": false,
        "PitchFollow": true,
        "PitchDontFollow": false,
        "FOVMultiplier": 1,
        "BobbingAmplitude": 1,
        "Elements": {"ItemAnchor": [0, 0, 0, 0, -6, 77], "LowerArmR": [0, 0, 0, 0, 0, -81], "UpperArmR": [0, 0, 0, 76, 0, -11.2]}
      },
      {
        "EasingTime": 300,
        "EasingFunction": "Quintic",
        "DetachedAnchor": false,
        "SwitchArms": false,
        "PitchFollow": true,
        "PitchDontFollow": false,
        "FOVMultiplier": 1,
        "BobbingAmplitude": 1,
        "Elements": {"ItemAnchor": [0, 0, 0, 0, 0, 70], "LowerArmR": [0, 0, 0, 0, 0, -3], "UpperArmR": [0, 0, 0, 72.6, -7.1, -87.1]}
      },
      {
        "EasingTime": 600,
        "EasingFunction": "Quintic",
        "DetachedAnchor": false,
        "SwitchArms": false,
        "PitchFollow": true,
        "PitchDontFollow": false,
        "FOVMultiplier": 1,
        "BobbingAmplitude": 1,
        "Elements": {"ItemAnchor": [0, 0, 0, 0, 0, 70], "LowerArmR": [0, 0, 0, 0, 0, -3], "UpperArmR": [0, 0, 0, 72.6, -7.1, -90.1]}
      },
      {
        "EasingTime": 900,
        "EasingFunction": "Sin",
        "DetachedAnchor": false,
        "SwitchArms": false,
        "PitchFollow": true,
        "PitchDontFollow": false,
        "FOVMultiplier": 1,
        "BobbingAmplitude": 1,
        "Elements": {"ItemAnchor": [0, 0, 0, 0, -6, 77], "LowerArmR": [0, 0, 0, 0, 0, -81], "UpperArmR": [0, 0, 0, 29, 0, -11.2]}
      }
    ],
    "ItemKeyFrames": [],
    "SoundFrames": [
      {
        "Code": ["game:sounds/player/strike1", "game:sounds/player/strike2"],
        "DurationFraction": 0.083333336,
        "RandomizePitch": true,
        "Range": 16,
        "Volume": 0.5,
        "Synchronize": true
      }
    ],
    "ParticlesFrames": [],
    "CallbackFrames": [{"Code": "start", "DurationFraction": 0.11111111}, {"Code": "stop", "DurationFraction": 0.6666667}, {"Code": "ready", "DurationFraction": 0.8333333}],
    "ItemAnimationStart": 0,
    "ItemAnimationEnd": 0
  },
  "sword-forlorn-thrust-1-tp": {
    "Hold": false,
    "PlayerKeyFrames": [
      {
        "EasingTime": 100,
        "EasingFunction": "Sin",
        "DetachedAnchor": false,
        "SwitchArms": false,
        "PitchFollow": true,
        "PitchDontFollow": false,
        "FOVMultiplier": 1,
        "BobbingAmplitude": 1,
        "Elements": {"ItemAnchor": [0, 0, 0, 0, -6, 77], "LowerArmR": [0, 0, 0, 0, 0, -81], "UpperArmR": [0, 0, 0, 29, 0, -11.2]}
      },
      {
        "EasingTime": 300,
        "EasingFunction": "Quintic",
        "DetachedAnchor": false,
        "SwitchArms": false,
        "PitchFollow": true,
        "PitchDontFollow": false,
        "FOVMultiplier": 1,
        "BobbingAmplitude": 1,
        "Elements": {"ItemAnchor": [0, 0, 0, 0, 0, 74], "LowerArmR": [0, 0, 0, 0, -3, -3], "UpperArmR": [0, 0, 0, 8.6, -1.1, -85.1]}
      },
      {
        "EasingTime": 600,
        "EasingFunction": "Quintic",
        "DetachedAnchor": false,
        "SwitchArms": false,
        "PitchFollow": true,
        "PitchDontFollow": false,
        "FOVMultiplier": 1,
        "BobbingAmplitude": 1,
        "Elements": {"ItemAnchor": [0, 0, 0, 0, 0, 70], "LowerArmR": [0, 0, 0, 0, -5, -3], "UpperArmR": [0, 0, 0, 21.6, -1.1, -83.1]}
      },
      {
        "EasingTime": 900,
        "EasingFunction": "Sin",
        "DetachedAnchor": false,
        "SwitchArms": false,
        "PitchFollow": true,
        "PitchDontFollow": false,
        "FOVMultiplier": 1,
        "BobbingAmplitude": 1,
        "Elements": {"ItemAnchor": [0, 0, 0, 0, -6, 77], "LowerArmR": [0, 0, 0, 0, 0, -81], "UpperArmR": [0, 0, 0, 29, 0, -11.2]}
      }
    ],
    "ItemKeyFrames": [],
    "SoundFrames": [
      {
        "Code": ["game:sounds/player/strike1", "game:sounds/player/strike2"],
        "DurationFraction": 0.083333336,
        "RandomizePitch": true,
        "Range": 16,
        "Volume": 0.5,
        "Synchronize": true
      }
    ],
    "ParticlesFrames": [],
    "CallbackFrames": [{"Code": "start", "DurationFraction": 0.11111111}, {"Code": "stop", "DurationFraction": 0.6666667}, {"Code": "ready", "DurationFraction": 0.8333333}],
    "ItemAnimationStart": 0,
    "ItemAnimationEnd": 0
  },
  "sword-forlorn-thrust-2-tp": {
    "Hold": false,
    "PlayerKeyFrames": [
      {
        "EasingTime": 100,
        "EasingFunction": "Sin",
        "DetachedAnchor": false,
        "SwitchArms": false,
        "PitchFollow": true,
        "PitchDontFollow": false,
        "FOVMultiplier": 1,
        "BobbingAmplitude": 1,
        "Elements": {"ItemAnchor": [0, 0, 0, 0, -6, 77], "LowerArmR": [0, 0, 0, 0, 0, -81], "UpperArmR": [0, 0, 0, 4, 13, -20.2]}
      },
      {
        "EasingTime": 300,
        "EasingFunction": "Quintic",
        "DetachedAnchor": false,
        "SwitchArms": false,
        "PitchFollow": true,
        "PitchDontFollow": false,
        "FOVMultiplier": 1,
        "BobbingAmplitude": 1,
        "Elements": {"ItemAnchor": [0, 0, 0, 0, 0, 73], "LowerArmR": [0, 0, 0, 0, -6, -3], "UpperArmR": [0, 0, 0, -31.4, 1.9, -81.1]}
      },
      {
        "EasingTime": 600,
        "EasingFunction": "Quintic",
        "DetachedAnchor": false,
        "SwitchArms": false,
        "PitchFollow": true,
        "PitchDontFollow": false,
        "FOVMultiplier": 1,
        "BobbingAmplitude": 1,
        "Elements": {"ItemAnchor": [0, 0, 0, 0, 0, 77], "LowerArmR": [0, 0, 0, 0, -8, -3], "UpperArmR": [0, 0, 0, -29.4, 1.9, -84.1]}
      },
      {
        "EasingTime": 900,
        "EasingFunction": "Sin",
        "DetachedAnchor": false,
        "SwitchArms": false,
        "PitchFollow": true,
        "PitchDontFollow": false,
        "FOVMultiplier": 1,
        "BobbingAmplitude": 1,
        "Elements": {"ItemAnchor": [0, 0, 0, 0, -6, 77], "LowerArmR": [0, 0, 0, 0, 0, -81], "UpperArmR": [0, 0, 0, 29, 0, -11.2]}
      }
    ],
    "ItemKeyFrames": [],
    "SoundFrames": [
      {
        "Code": ["game:sounds/player/strike1", "game:sounds/player/strike2"],
        "DurationFraction": 0.083333336,
        "RandomizePitch": true,
        "Range": 16,
        "Volume": 0.5,
        "Synchronize": true
      }
    ],
    "ParticlesFrames": [],
    "CallbackFrames": [{"Code": "start", "DurationFraction": 0.11111111}, {"Code": "stop", "DurationFraction": 0.6666667}, {"Code": "ready", "DurationFraction": 0.8333333}],
    "ItemAnimationStart": 0,
    "ItemAnimationEnd": 0
  },
  "sword-forlorn-thrust-3-tp": {
    "Hold": false,
    "PlayerKeyFrames": [
      {
        "EasingTime": 100,
        "EasingFunction": "Sin",
        "DetachedAnchor": false,
        "SwitchArms": false,
        "PitchFollow": true,
        "PitchDontFollow": false,
        "FOVMultiplier": 1,
        "BobbingAmplitude": 1,
        "Elements": {"ItemAnchor": [0, 0, 0, 0, -6, 77], "LowerArmR": [0, 0, 0, 0, 0, -81], "UpperArmR": [0, 0, 0, 76, 0, -11.2]}
      },
      {
        "EasingTime": 300,
        "EasingFunction": "Quintic",
        "DetachedAnchor": false,
        "SwitchArms": false,
        "PitchFollow": true,
        "PitchDontFollow": false,
        "FOVMultiplier": 1,
        "BobbingAmplitude": 1,
        "Elements": {"ItemAnchor": [0, 0, 0, 0, 0, 74], "LowerArmR": [0, 0, 0, 0, 0, -3], "UpperArmR": [0, 0, 0, 72.6, -7.1, -87.1]}
      },
      {
        "EasingTime": 600,
        "EasingFunction": "Quintic",
        "DetachedAnchor": false,
        "SwitchArms": false,
        "PitchFollow": true,
        "PitchDontFollow": false,
        "FOVMultiplier": 1,
        "BobbingAmplitude": 1,
        "Elements": {"ItemAnchor": [0, 0, 0, 0, 0, 81], "LowerArmR": [0, 0, 0, 0, 0, -3], "UpperArmR": [0, 0, 0, 72.6, -7.1, -90.1]}
      },
      {
        "EasingTime": 900,
        "EasingFunction": "Sin",
        "DetachedAnchor": false,
        "SwitchArms": false,
        "PitchFollow": true,
        "PitchDontFollow": false,
        "FOVMultiplier": 1,
        "BobbingAmplitude": 1,
        "Elements": {"ItemAnchor": [0, 0, 0, 0, -6, 77], "LowerArmR": [0, 0, 0, 0, 0, -81], "UpperArmR": [0, 0, 0, 29, 0, -11.2]}
      }
    ],
    "ItemKeyFrames": [],
    "SoundFrames": [
      {
        "Code": ["game:sounds/player/strike1", "game:sounds/player/strike2"],
        "DurationFraction": 0.083333336,
        "RandomizePitch": true,
        "Range": 16,
        "Volume": 0.5,
        "Synchronize": true
      }
    ],
    "ParticlesFrames": [],
    "CallbackFrames": [{"Code": "start", "DurationFraction": 0.11111111}, {"Code": "stop", "DurationFraction": 0.6666667}, {"Code": "ready", "DurationFraction": 0.8333333}],
    "ItemAnimationStart": 0,
    "ItemAnimationEnd": 0
  },
  "sword-falx-slash-1-tp": {
    "Hold": false,
    "PlayerKeyFrames": [
      {
        "EasingTime": 100,
        "EasingFunction": "Sin",
        "DetachedAnchor": false,
        "SwitchArms": false,
        "PitchFollow": true,
        "PitchDontFollow": false,
        "FOVMultiplier": 1,
        "BobbingAmplitude": 0.6,
        "Elements": {"ItemAnchor": [0, 0, 0, 0, -6, 5], "LowerArmR": [0, 0, 0, 0, 0, -70], "UpperArmR": [0, 0, 0, -8, 0, -57.2]}
      },
      {
        "EasingTime": 300,
        "EasingFunction": "Quintic",
        "DetachedAnchor": false,
        "SwitchArms": false,
        "PitchFollow": true,
        "PitchDontFollow": false,
        "FOVMultiplier": 1,
        "BobbingAmplitude": 0.6,
        "Elements": {"ItemAnchor": [0, 0, 0, 0, 0, 67], "LowerArmR": [0, 0, 0, 0, 0, -3], "UpperArmR": [0, 0, 0, -34.4, -1.1, -75.1]}
      },
      {
        "EasingTime": 600,
        "EasingFunction": "Cubic",
        "DetachedAnchor": false,
        "SwitchArms": false,
        "PitchFollow": true,
        "PitchDontFollow": false,
        "FOVMultiplier": 1,
        "BobbingAmplitude": 0.6,
        "Elements": {"ItemAnchor": [0, 0, 0, 0, 0, 28], "LowerArmR": [0, 0, 0, 0, 0, -37], "UpperArmR": [0, 0, 0, -24, -0.8, -15.2]}
      },
      {
        "EasingTime": 900,
        "EasingFunction": "CosShifted",
        "DetachedAnchor": false,
        "SwitchArms": false,
        "PitchFollow": true,
        "PitchDontFollow": false,
        "FOVMultiplier": 1,
        "BobbingAmplitude": 0.6,
        "Elements": {"ItemAnchor": [0, 0, 0, 0, 0, 16], "LowerArmR": [0, 0, 0, 0, 0, -74], "UpperArmR": [0, 0, 0, 1, 0.2, -30.2]}
      }
    ],
    "ItemKeyFrames": [],
    "SoundFrames": [
      {"Code": ["game:sounds/player/strike1", "game:sounds/player/strike2"], "DurationFraction": 0, "RandomizePitch": true, "Range": 16, "Volume": 0.5, "Synchronize": true}
    ],
    "ParticlesFrames": [],
    "CallbackFrames": [{"Code": "start", "DurationFraction": 0.11111111}, {"Code": "stop", "DurationFraction": 0.6666667}, {"Code": "ready", "DurationFraction": 0.8333333}],
    "ItemAnimationStart": 0,
    "ItemAnimationEnd": 0
  },
  "sword-falx-slash-2-tp": {
    "Hold": false,
    "PlayerKeyFrames": [
      {
        "EasingTime": 100,
        "EasingFunction": "Sin",
        "DetachedAnchor": false,
        "SwitchArms": false,
        "PitchFollow": true,
        "PitchDontFollow": false,
        "FOVMultiplier": 1,
        "BobbingAmplitude": 0.6,
        "Elements": {"ItemAnchor": [0, 0, 0, 0, -6, 5], "LowerArmR": [0, 0, 0, 34, 15, -70], "UpperArmR": [0, 0, 0, 0, 0, -57.2]}
      },
      {
        "EasingTime": 300,
        "EasingFunction": "Quintic",
        "DetachedAnchor": false,
        "SwitchArms": false,
        "PitchFollow": true,
        "PitchDontFollow": false,
        "FOVMultiplier": 1,
        "BobbingAmplitude": 0.6,
        "Elements": {"ItemAnchor": [0, 0, 0, 0, 0, 67], "LowerArmR": [0, 0, 0, 0, 90, -20], "UpperArmR": [0, 0, 0, -50.4, -43.1, -97.1]}
      },
      {
        "EasingTime": 600,
        "EasingFunction": "Cubic",
        "DetachedAnchor": false,
        "SwitchArms": false,
        "PitchFollow": true,
        "PitchDontFollow": false,
        "FOVMultiplier": 1,
        "BobbingAmplitude": 0.6,
        "Elements": {"ItemAnchor": [0, 0, 0, 0, 0, 41], "LowerArmR": [0, 0, 0, 39, 86, -44], "UpperArmR": [0, 0, 0, -44, -57.8, -81.2]}
      },
      {
        "EasingTime": 900,
        "EasingFunction": "CosShifted",
        "DetachedAnchor": false,
        "SwitchArms": false,
        "PitchFollow": true,
        "PitchDontFollow": false,
        "FOVMultiplier": 1,
        "BobbingAmplitude": 0.6,
        "Elements": {"ItemAnchor": [0, 0, 0, 0, 0, 16], "LowerArmR": [0, 0, 0, 0, 0, -74], "UpperArmR": [0, 0, 0, 5, -1.8, -30.2]}
      }
    ],
    "ItemKeyFrames": [],
    "SoundFrames": [
      {"Code": ["game:sounds/player/strike1", "game:sounds/player/strike2"], "DurationFraction": 0, "RandomizePitch": true, "Range": 16, "Volume": 0.5, "Synchronize": true}
    ],
    "ParticlesFrames": [],
    "CallbackFrames": [{"Code": "start", "DurationFraction": 0.11111111}, {"Code": "stop", "DurationFraction": 0.6666667}, {"Code": "ready", "DurationFraction": 0.8333333}],
    "ItemAnimationStart": 0,
    "ItemAnimationEnd": 0
  }
}