{
	"code": "coconut",
	"class": "EntityProjectile",
	"tags": ["inanimate", "projectile"],
	"hitboxSize": { "x": 0.125, "y": 0.125 },
	"attributes": {
		"isProjectile": true
	},
	"client": {
		"renderer": "Shape",
		"shape": {"base": "item/resource/cocosnucifera"},
		"behaviors": [
			{ 
				"code": "passivephysics", 
				"groundDragFactor": 1,
				"airDragFactor": 3.25,
				"gravityFactor": 0.75
			}, 
			{ "code": "interpolateposition" }
		]
	},
	"server": {
		"behaviors": [
			{ 
				"code": "passivephysics", 
				"groundDragFactor": 1,
				"airDragFactor": 3.25,
				"gravityFactor": 0.75
			}, 
			{ "code": "despawn", "minSeconds": 600 },
			{ code: "entitystatetags" }
		]
	},
	"sounds": { }
}