﻿[
  {"enabled": false, "file": "game:itemtypes/tool/spear", "op": "replace", "path": "/class", "value": "Bullseye:Spear"},
  {
    "enabled": false,
    "file": "game:itemtypes/tool/spear",
    "op": "add",
    "path": "/attributes/ThrowAttack",
    "value": {
      "AimAnimation": "bullseyecontinued:javelin-aim",
      "ThrowAnimation": "bullseyecontinued:javelin-throw",
      "TpAimAnimation": "",
      "TpThrowAnimation": "",
      "Aiming": {
        "AimDifficulty": 1,
        "CursorType": "Fixed",
        "AccuracyOvertimeSec": 0,
        "CursorTextureReady": "combatoverhaul:gui/aiming/arrow-full.png",
        "CursorTextureNotReady": "combatoverhaul:gui/aiming/arrow-part.png",
        "AllowSprint": true,
        "MoveSpeedPenalty": 0.1,
        "AimDrift": 60,
        "AimTwitch": 4,
        "AnimationFollowX": 5.5,
        "AnimationFollowY": 5.5,
        "VerticalLimit": 0.25,
        "VerticalOffset": -0.05
      },
      "DamageStrengthByType": {
        "*-flint": 2,
        "*-obsidian": 3,
        "*-copper": 3,
        "*-*bronze": 3,
        "*-iron": 4,
        "*-ornategold": 4,
        "*-ornatesilver": 4,
        "*-meteoriciron": 4.5,
        "*-steel": 5,
        "*": 2
      },
      "Knockback": 1,
      "DurabilityDamage": 1,
      "Velocity": 0.7,
      "Zeroing": 1.5
    }
  },
  {
    "enabled": false,
    "file": "game:itemtypes/tool/spear",
    "op": "add",
    "path": "/attributes/OneHandedStance",
    "value": {"CanAttack": false, "CanParry": false, "CanBlock": false, "CanSprint": true, "CanThrow": true}
  },
  {
    "enabled": false,
    "file": "game:itemtypes/tool/spear",
    "op": "add",
    "path": "/behaviors/-",
    "value": {
      "name": "CombatOverhaul:Projectile",
      "properties": {
        "stats": {
          "AdditionalDurabilityCost": 0,
          "CollisionRadius": 0.05,
          "DamageStatsByType": {
            "*-flint": {"DamageType": "PiercingAttack", "Damage": 4},
            "*-obsidian": {"DamageType": "PiercingAttack", "Damage": 4},
            "*-copper": {"DamageType": "PiercingAttack", "Damage": 4.5},
            "*-*bronze": {"DamageType": "PiercingAttack", "Damage": 5},
            "*-*iron": {"DamageType": "PiercingAttack", "Damage": 5.5},
            "*-ornategold": {"DamageType": "PiercingAttack", "Damage": 5.5},
            "*-ornatesilver": {"DamageType": "PiercingAttack", "Damage": 5.5},
            "*-steel": {"DamageType": "PiercingAttack", "Damage": 6},
            "*": {"DamageType": "PiercingAttack", "Damage": 3.5}
          },
          "HitSound": "game:sounds/player/projectilehit",
          "SpeedThreshold": 0.3,
          "Knockback": 0.3,
          "EntityCode": "bullseyecontinued:spear-{type}-{material}",
          "DurabilityDamage": 1,
          "DropChance": 1
        }
      }
    }
  },
  {
    "side": "Server",
    "enabled": false,
    "file": "game:entities/nonliving/projectile/spear",
    "op": "replace",
    "path": "/client/behaviors/0/code",
    "value": "CombatOverhaul:ProjectilePhysics"
  },
  {
    "side": "Server",
    "enabled": false,
    "file": "game:entities/nonliving/projectile/spear",
    "op": "replace",
    "path": "/server/behaviors/0/code",
    "value": "CombatOverhaul:ProjectilePhysics"
  }
]