{
	"editor": {
		"allAngles": false,
		"entityTextureMode": false
	},
	"textureWidth": 8,
	"textureHeight": 8,
	"textureSizes": {
	},
	"textures": {
		"cecropiaobtusifolia": "item/resource/seeds/cecropiaobtusifolia"
	},
	"elements": [
		{
			"name": "origin",
			"from": [ 8.0, 0.0, 8.0 ],
			"to": [ 8.0, 0.0, 8.0 ],
			"rotationOrigin": [ 8.0, 0.0, 8.0 ],
			"faces": {
			},
			"children": [
				{
					"name": "pod-base",
					"from": [ 0.2, 0.0, -3.0 ],
					"to": [ 1.7, 1.0, 3.0 ],
					"rotationOrigin": [ 0.2, 0.1, 0.0 ],
					"rotationY": 45.0,
					"faces": {
						"north": { "texture": "#cecropiaobtusifolia", "uv": [ 0.0, 0.0, 1.5, 1.0 ] },
						"east": { "texture": "#cecropiaobtusifolia", "uv": [ 0.0, 4.0, 6.0, 5.0 ] },
						"south": { "texture": "#cecropiaobtusifolia", "uv": [ 0.0, 0.0, 1.5, 1.0 ] },
						"west": { "texture": "#cecropiaobtusifolia", "uv": [ 0.0, 4.5, 6.0, 5.5 ] },
						"up": { "texture": "#cecropiaobtusifolia", "uv": [ 1.5, 0.5, 3.0, 6.5 ] },
						"down": { "texture": "#cecropiaobtusifolia", "uv": [ 0.0, 0.0, 1.5, 6.0 ] }
					},
					"children": [
						{
							"name": "pod-cover",
							"from": [ -0.3, 0.3, 0.0 ],
							"to": [ 1.2, 1.3, 6.0 ],
							"rotationOrigin": [ 0.5, 0.3, 0.0 ],
							"rotationX": -5.0,
							"rotationY": -22.5,
							"rotationZ": 5.0,
							"faces": {
								"north": { "texture": "#cecropiaobtusifolia", "uv": [ 0.0, 0.0, 1.5, 1.0 ] },
								"east": { "texture": "#cecropiaobtusifolia", "uv": [ 0.0, 0.0, 6.0, 1.0 ] },
								"south": { "texture": "#cecropiaobtusifolia", "uv": [ 0.0, 0.0, 1.5, 1.0 ] },
								"west": { "texture": "#cecropiaobtusifolia", "uv": [ 0.0, 0.0, 6.0, 1.0 ] },
								"up": { "texture": "#cecropiaobtusifolia", "uv": [ 0.0, 0.0, 1.5, 6.0 ] },
								"down": { "texture": "#cecropiaobtusifolia", "uv": [ 1.5, 0.5, 3.0, 6.5 ] }
							},
							"children": [
								{
									"name": "cover-tip",
									"from": [ 0.2, 0.1, 6.0 ],
									"to": [ 1.3, 0.9, 6.5 ],
									"rotationOrigin": [ 0.7, 0.1, 6.0 ],
									"faces": {
										"east": { "texture": "#cecropiaobtusifolia", "uv": [ 0.0, 0.0, 0.5, 0.5 ] },
										"south": { "texture": "#cecropiaobtusifolia", "uv": [ 0.0, 0.0, 1.0, 0.5 ] },
										"west": { "texture": "#cecropiaobtusifolia", "uv": [ 0.0, 0.0, 0.5, 0.5 ] },
										"up": { "texture": "#cecropiaobtusifolia", "uv": [ 0.0, 0.0, 1.0, 0.5 ] },
										"down": { "texture": "#cecropiaobtusifolia", "uv": [ 1.5, 6.0, 2.5, 6.5 ] }
									}
								}
							]
						},
						{
							"name": "stem",
							"from": [ 0.6, 0.0, -1.4 ],
							"to": [ 1.0, 0.4, 0.1 ],
							"rotationOrigin": [ 0.8, 0.2, 0.1 ],
							"rotationX": 22.5,
							"faces": {
								"north": { "texture": "#cecropiaobtusifolia", "uv": [ 6.5, 0.0, 7.0, 0.5 ] },
								"east": { "texture": "#cecropiaobtusifolia", "uv": [ 6.0, 1.0, 7.5, 1.5 ] },
								"west": { "texture": "#cecropiaobtusifolia", "uv": [ 6.5, 1.5, 8.0, 2.0 ] },
								"up": { "texture": "#cecropiaobtusifolia", "uv": [ 6.5, 1.0, 8.0, 1.5 ], "rotation": 90 },
								"down": { "texture": "#cecropiaobtusifolia", "uv": [ 6.5, 0.0, 8.0, 0.5 ], "rotation": 90 }
							}
						},
						{
							"name": "base-tip",
							"from": [ 0.2, 0.1, 6.0 ],
							"to": [ 1.3, 0.9, 6.5 ],
							"rotationOrigin": [ 0.7, 0.1, 6.0 ],
							"faces": {
								"east": { "texture": "#cecropiaobtusifolia", "uv": [ 0.0, 0.0, 0.5, 0.5 ] },
								"south": { "texture": "#cecropiaobtusifolia", "uv": [ 0.0, 0.0, 1.0, 0.5 ] },
								"west": { "texture": "#cecropiaobtusifolia", "uv": [ 0.0, 0.0, 0.5, 0.5 ] },
								"up": { "texture": "#cecropiaobtusifolia", "uv": [ 2.0, 6.0, 3.0, 6.5 ] },
								"down": { "texture": "#cecropiaobtusifolia", "uv": [ 0.5, 5.5, 1.5, 6.0 ] }
							}
						},
						{
							"name": "pod-cover2",
							"from": [ 0.7, 0.1, 0.0 ],
							"to": [ 2.2, 1.1, 6.0 ],
							"rotationOrigin": [ 1.5, 0.1, 0.0 ],
							"rotationY": 22.5,
							"faces": {
								"north": { "texture": "#cecropiaobtusifolia", "uv": [ 0.0, 0.0, 1.5, 1.0 ] },
								"east": { "texture": "#cecropiaobtusifolia", "uv": [ 0.0, 0.0, 6.0, 1.0 ] },
								"south": { "texture": "#cecropiaobtusifolia", "uv": [ 0.0, 0.0, 1.5, 1.0 ] },
								"west": { "texture": "#cecropiaobtusifolia", "uv": [ 0.0, 0.0, 6.0, 1.0 ] },
								"up": { "texture": "#cecropiaobtusifolia", "uv": [ 0.0, 0.0, 1.5, 6.0 ] },
								"down": { "texture": "#cecropiaobtusifolia", "uv": [ 1.5, 0.5, 3.0, 6.5 ] }
							},
							"children": [
								{
									"name": "cover-tip2",
									"from": [ 0.2, 0.1, 6.0 ],
									"to": [ 1.3, 0.9, 6.5 ],
									"rotationOrigin": [ 0.7, 0.1, 6.0 ],
									"faces": {
										"east": { "texture": "#cecropiaobtusifolia", "uv": [ 0.0, 0.0, 0.5, 0.5 ] },
										"south": { "texture": "#cecropiaobtusifolia", "uv": [ 0.0, 0.0, 1.0, 0.5 ] },
										"west": { "texture": "#cecropiaobtusifolia", "uv": [ 0.0, 0.0, 0.5, 0.5 ] },
										"up": { "texture": "#cecropiaobtusifolia", "uv": [ 0.0, 0.0, 1.0, 0.5 ] },
										"down": { "texture": "#cecropiaobtusifolia", "uv": [ 1.5, 6.0, 2.5, 6.5 ] }
									}
								}
							]
						},
						{
							"name": "pod-cover3",
							"from": [ -0.3, 0.0, 0.0 ],
							"to": [ 1.2, 1.0, 6.0 ],
							"rotationOrigin": [ 0.5, 0.0, 0.0 ],
							"rotationY": -45.0,
							"faces": {
								"north": { "texture": "#cecropiaobtusifolia", "uv": [ 0.0, 0.0, 1.5, 1.0 ] },
								"east": { "texture": "#cecropiaobtusifolia", "uv": [ 0.0, 0.0, 6.0, 1.0 ] },
								"south": { "texture": "#cecropiaobtusifolia", "uv": [ 0.0, 0.0, 1.5, 1.0 ] },
								"west": { "texture": "#cecropiaobtusifolia", "uv": [ 0.0, 0.0, 6.0, 1.0 ] },
								"up": { "texture": "#cecropiaobtusifolia", "uv": [ 0.0, 0.0, 1.5, 6.0 ] },
								"down": { "texture": "#cecropiaobtusifolia", "uv": [ 1.5, 0.5, 3.0, 6.5 ] }
							},
							"children": [
								{
									"name": "cover-tip3",
									"from": [ 0.2, 0.1, 6.0 ],
									"to": [ 1.3, 0.9, 6.5 ],
									"rotationOrigin": [ 0.7, 0.1, 6.0 ],
									"faces": {
										"east": { "texture": "#cecropiaobtusifolia", "uv": [ 0.0, 0.0, 0.5, 0.5 ] },
										"south": { "texture": "#cecropiaobtusifolia", "uv": [ 0.0, 0.0, 1.0, 0.5 ] },
										"west": { "texture": "#cecropiaobtusifolia", "uv": [ 0.0, 0.0, 0.5, 0.5 ] },
										"up": { "texture": "#cecropiaobtusifolia", "uv": [ 0.0, 0.0, 1.0, 0.5 ] },
										"down": { "texture": "#cecropiaobtusifolia", "uv": [ 1.5, 6.0, 2.5, 6.5 ] }
									}
								}
							]
						}
					]
				}
			]
		}
	]}