{
	"editor": {
		"allAngles": false,
		"entityTextureMode": false
	},
	"textureWidth": 16,
	"textureHeight": 16,
	"textureSizes": {
		"chamaenerionangustifolium": [4,8]
	},
	"textures": {
		"chamaenerionangustifolium": "item/food/vegetable/chamaenerionangustifolium"
	},
	"elements": [
		{
			"name": "Origin",
			"from": [ 8.0, 0.0, 8.0 ],
			"to": [ 8.0, 0.0, 8.0 ],
			"rotationOrigin": [ 8.0, 0.0, 8.0 ],
			"faces": {
			},
			"children": [
				{
					"name": "Shoot1",
					"from": [ -4.0, 0.0, -0.5 ],
					"to": [ 2.0, 1.0, 0.5 ],
					"rotationOrigin": [ -4.0, 0.0, -0.5 ],
					"faces": {
						"north": { "texture": "#chamaenerionangustifolium", "uv": [ 0.0, 0.0, 1.0, 6.0 ], "rotation": 270, "windMode": [-1,-1,-1,-1] },
						"east": { "texture": "#chamaenerionangustifolium", "uv": [ 0.0, 0.0, 1.0, 1.0 ] },
						"south": { "texture": "#chamaenerionangustifolium", "uv": [ 0.0, 0.0, 1.0, 6.0 ], "rotation": 90, "windMode": [-1,-1,-1,-1] },
						"west": { "texture": "#chamaenerionangustifolium", "uv": [ 0.0, 7.0, 1.0, 8.0 ], "windMode": [-1,-1,-1,-1] },
						"up": { "texture": "#chamaenerionangustifolium", "uv": [ 0.0, 0.0, 1.0, 6.0 ], "rotation": 90, "windMode": [-1,-1,-1,-1] },
						"down": { "texture": "#chamaenerionangustifolium", "uv": [ 0.0, 0.0, 1.0, 6.0 ], "rotation": 270, "windMode": [-1,-1,-1,-1] }
					},
					"children": [
						{
							"name": "Tipa",
							"from": [ 5.0, 0.5, -1.0 ],
							"to": [ 9.0, 0.5, 2.0 ],
							"shade": false,
							"renderPass": 1,
							"rotationOrigin": [ 5.0, 0.5, 0.5 ],
							"rotationX": -40.0,
							"faces": {
								"up": { "texture": "#chamaenerionangustifolium", "uv": [ 1.0, 0.0, 4.0, 4.0 ], "rotation": 90, "windMode": [-1,-1,-1,-1] }
							}
						},
						{
							"name": "Tipb",
							"from": [ 5.0, 0.5, -1.0 ],
							"to": [ 9.0, 0.5, 2.0 ],
							"shade": false,
							"renderPass": 1,
							"rotationOrigin": [ 5.0, 0.5, 0.5 ],
							"rotationX": 40.0,
							"faces": {
								"up": { "texture": "#chamaenerionangustifolium", "uv": [ 1.0, 0.0, 4.0, 4.0 ], "rotation": 90, "windMode": [-1,-1,-1,-1] }
							}
						}
					]
				},
				{
					"name": "Shoot2",
					"from": [ -4.5, 0.0, 0.6 ],
					"to": [ 1.5, 1.0, 1.6 ],
					"rotationOrigin": [ -4.5, 0.0, 0.6 ],
					"rotationY": -2.0,
					"faces": {
						"north": { "texture": "#chamaenerionangustifolium", "uv": [ 0.0, 0.0, 1.0, 6.0 ], "rotation": 270, "windMode": [-1,-1,-1,-1] },
						"east": { "texture": "#chamaenerionangustifolium", "uv": [ 0.0, 0.0, 1.0, 1.0 ] },
						"south": { "texture": "#chamaenerionangustifolium", "uv": [ 0.0, 0.0, 1.0, 6.0 ], "rotation": 90, "windMode": [-1,-1,-1,-1] },
						"west": { "texture": "#chamaenerionangustifolium", "uv": [ 0.0, 7.0, 1.0, 8.0 ], "windMode": [-1,-1,-1,-1] },
						"up": { "texture": "#chamaenerionangustifolium", "uv": [ 0.0, 0.0, 1.0, 6.0 ], "rotation": 90, "windMode": [-1,-1,-1,-1] },
						"down": { "texture": "#chamaenerionangustifolium", "uv": [ 0.0, 0.0, 1.0, 6.0 ], "rotation": 270, "windMode": [-1,-1,-1,-1] }
					},
					"children": [
						{
							"name": "Tipa2",
							"from": [ 5.0, 0.5, -1.0 ],
							"to": [ 9.0, 0.5, 2.0 ],
							"shade": false,
							"renderPass": 1,
							"rotationOrigin": [ 5.0, 0.5, 0.5 ],
							"rotationX": -40.0,
							"faces": {
								"up": { "texture": "#chamaenerionangustifolium", "uv": [ 1.0, 4.0, 4.0, 8.0 ], "rotation": 90, "windMode": [-1,-1,-1,-1] }
							}
						},
						{
							"name": "Tipb2",
							"from": [ 5.0, 0.5, -1.0 ],
							"to": [ 9.0, 0.5, 2.0 ],
							"shade": false,
							"renderPass": 1,
							"rotationOrigin": [ 5.0, 0.5, 0.5 ],
							"rotationX": 40.0,
							"faces": {
								"up": { "texture": "#chamaenerionangustifolium", "uv": [ 1.0, 4.0, 4.0, 8.0 ], "rotation": 90, "windMode": [-1,-1,-1,-1] }
							}
						}
					]
				},
				{
					"name": "Shoot3",
					"from": [ -3.5, 1.0, 0.2 ],
					"to": [ 2.5, 2.0, 1.2 ],
					"rotationOrigin": [ -3.5, 1.0, 0.2 ],
					"rotationY": 2.0,
					"faces": {
						"north": { "texture": "#chamaenerionangustifolium", "uv": [ 0.0, 0.0, 1.0, 6.0 ], "rotation": 270, "windMode": [-1,-1,-1,-1] },
						"east": { "texture": "#chamaenerionangustifolium", "uv": [ 0.0, 0.0, 1.0, 1.0 ] },
						"south": { "texture": "#chamaenerionangustifolium", "uv": [ 0.0, 0.0, 1.0, 6.0 ], "rotation": 90, "windMode": [-1,-1,-1,-1] },
						"west": { "texture": "#chamaenerionangustifolium", "uv": [ 0.0, 7.0, 1.0, 8.0 ], "windMode": [-1,-1,-1,-1] },
						"up": { "texture": "#chamaenerionangustifolium", "uv": [ 0.0, 0.0, 1.0, 6.0 ], "rotation": 90, "windMode": [-1,-1,-1,-1] },
						"down": { "texture": "#chamaenerionangustifolium", "uv": [ 0.0, 0.0, 1.0, 6.0 ], "rotation": 270, "windMode": [-1,-1,-1,-1] }
					},
					"children": [
						{
							"name": "Tipa3",
							"from": [ 5.0, 0.5, -1.0 ],
							"to": [ 9.0, 0.5, 2.0 ],
							"shade": false,
							"renderPass": 1,
							"rotationOrigin": [ 5.0, 0.5, 0.5 ],
							"rotationX": -40.0,
							"faces": {
								"up": { "texture": "#chamaenerionangustifolium", "uv": [ 1.0, 4.0, 4.0, 8.0 ], "rotation": 90, "windMode": [-1,-1,-1,-1] }
							}
						},
						{
							"name": "Tipb3",
							"from": [ 5.0, 0.5, -1.0 ],
							"to": [ 9.0, 0.5, 2.0 ],
							"shade": false,
							"renderPass": 1,
							"rotationOrigin": [ 5.0, 0.5, 0.5 ],
							"rotationX": 40.0,
							"faces": {
								"up": { "texture": "#chamaenerionangustifolium", "uv": [ 1.0, 4.0, 4.0, 8.0 ], "rotation": 90, "windMode": [-1,-1,-1,-1] }
							}
						}
					]
				},
				{
					"name": "Shoot4",
					"from": [ -3.0, 0.0, 1.7 ],
					"to": [ 3.0, 1.0, 2.7 ],
					"rotationOrigin": [ -3.0, 0.0, 1.7 ],
					"rotationY": -4.0,
					"faces": {
						"north": { "texture": "#chamaenerionangustifolium", "uv": [ 0.0, 0.0, 1.0, 6.0 ], "rotation": 270, "windMode": [-1,-1,-1,-1] },
						"east": { "texture": "#chamaenerionangustifolium", "uv": [ 0.0, 0.0, 1.0, 1.0 ] },
						"south": { "texture": "#chamaenerionangustifolium", "uv": [ 0.0, 0.0, 1.0, 6.0 ], "rotation": 90, "windMode": [-1,-1,-1,-1] },
						"west": { "texture": "#chamaenerionangustifolium", "uv": [ 0.0, 7.0, 1.0, 8.0 ], "windMode": [-1,-1,-1,-1] },
						"up": { "texture": "#chamaenerionangustifolium", "uv": [ 0.0, 0.0, 1.0, 6.0 ], "rotation": 90, "windMode": [-1,-1,-1,-1] },
						"down": { "texture": "#chamaenerionangustifolium", "uv": [ 0.0, 0.0, 1.0, 6.0 ], "rotation": 270, "windMode": [-1,-1,-1,-1] }
					},
					"children": [
						{
							"name": "Tipa4",
							"from": [ 5.0, 0.5, -1.0 ],
							"to": [ 9.0, 0.5, 2.0 ],
							"shade": false,
							"renderPass": 1,
							"rotationOrigin": [ 5.0, 0.5, 0.5 ],
							"rotationX": -40.0,
							"faces": {
								"up": { "texture": "#chamaenerionangustifolium", "uv": [ 1.0, 0.0, 4.0, 4.0 ], "rotation": 90, "windMode": [-1,-1,-1,-1] }
							}
						},
						{
							"name": "Tipb4",
							"from": [ 5.0, 0.5, -1.0 ],
							"to": [ 9.0, 0.5, 2.0 ],
							"shade": false,
							"renderPass": 1,
							"rotationOrigin": [ 5.0, 0.5, 0.5 ],
							"rotationX": 40.0,
							"faces": {
								"up": { "texture": "#chamaenerionangustifolium", "uv": [ 1.0, 0.0, 4.0, 4.0 ], "rotation": 90, "windMode": [-1,-1,-1,-1] }
							}
						}
					]
				}
			]
		}
	]}