[
	{
		ingredientPattern: "LPL,PCP,_H_",
		recipeGroup: 1,
		ingredients: {
			"P": { type: "item", code: "metalplate-temporalit"},
			"C": { type: "item", code: "spearexpantion:armorr-head-chain-temporalit", recipeAttributes: { repairMat: { type:"item", code: "metalchain-temporalit", stacksize: 4 } } },
			"L": { type: "item", code: "leather-normal-plain" },
			"H": { type: "item", code: "nightvisiondevice" }
		},
		width: 3,
		height: 3,
		name: "plate helmet",
		output: { type: "item", code: "temporalitvisiondevice-temporalit"  }
	},
	{
		ingredientPattern: "_H_,_S_,_P_",
		recipeGroup: 1,
		ingredients: {
			"P": { type: "item", code: "metalplate-silver"},
			"H": { type: "item", code: "temporalitvisiondevice-temporalit", recipeAttributes: { repairMat: { type:"item", code: "metalchain-temporalit", stacksize: 4 } } },
			"S": { type: "item", code: "solderbar-silver" }
		},
		width: 3,
		height: 3,
		name: "plate helmet",
		output: { type: "item", code: "temporalitvisiondevice-silverplated"  }
	},
	{
		ingredientPattern: "_H_,_S_,_P_",
		recipeGroup: 1,
		ingredients: {
			"P": { type: "item", code: "metalplate-silver"},
			"H": { type: "item", code: "temporalitvisiondevice-temporalit", recipeAttributes: { repairMat: { type:"item", code: "metalchain-temporalit", stacksize: 4 } } },
			"S": { type: "item", code: "solderbar-tin" }
		},
		width: 3,
		height: 3,
		name: "plate helmet",
		output: { type: "item", code: "temporalitvisiondevice-silverplated"  }
	},
	{
		ingredientPattern: "_H_,_S_,_P_",
		recipeGroup: 1,
		ingredients: {
			"P": { type: "item", code: "metalplate-gold"},
			"H": { type: "item", code: "temporalitvisiondevice-temporalit", recipeAttributes: { repairMat: { type:"item", code: "metalchain-temporalit", stacksize: 4 } } },
			"S": { type: "item", code: "solderbar-silver" }
		},
		width: 3,
		height: 3,
		name: "plate helmet",
		output: { type: "item", code: "temporalitvisiondevice-goldplated"  }
	},
	{
		ingredientPattern: "_H_,_S_,_P_",
		recipeGroup: 1,
		ingredients: {
			"P": { type: "item", code: "metalplate-gold"},
			"H": { type: "item", code: "temporalitvisiondevice-temporalit", recipeAttributes: { repairMat: { type:"item", code: "metalchain-temporalit", stacksize: 4 } } },
			"S": { type: "item", code: "solderbar-tin" }
		},
		width: 3,
		height: 3,
		name: "plate helmet",
		output: { type: "item", code: "temporalitvisiondevice-goldplated"  }
	},
	{
		ingredientPattern: "LPL,PCP,_H_",
		recipeGroup: 1,
		ingredients: {
			"P": { type: "item", code: "metalplate-steel"},
			"C": { type: "item", code: "armor-head-chain-steel", recipeAttributes: { repairMat: { type:"item", code: "metalchain-steel", stacksize: 4 } } },
			"L": { type: "item", code: "leather-normal-plain" },
			"H": { type: "item", code: "nightvisiondevice" }
		},
		width: 3,
		height: 3,
		name: "plate helmet",
		output: { type: "item", code: "temporalitvisiondevice-steel"  }
	},
	{
		ingredientPattern: "LNL,NHN,SPK",
		recipeGroup: 1,
		ingredients: {
			"P": { type: "item", code: "metalplate-tinbronze"},
			"N": { type: "item", code: "leather-normal-plain", recipeAttributes: { repairMat: { type:"item", code: "leather-normal-plain", stacksize: 4 } } },
			"L": { type: "item", code: "leather-normal-plain","quantity": 2 },
			"H": { type: "item", code: "nightvisiondevice" },
			"K": { type: "item", code: "sewingkit" },
			"S": { type: "item", code: "solderbar-silver" }
		},
		width: 3,
		height: 3,
		name: "plate helmet",
		output: { type: "item", code: "temporalitvisiondevice-leather_reinforced"  }
	},
	{
		ingredientPattern: "LNL,NHN,SPK",
		recipeGroup: 1,
		ingredients: {
			"P": { type: "item", code: "metalplate-tinbronze"},
			"N": { type: "item", code: "leather-normal-plain", recipeAttributes: { repairMat: { type:"item", code: "leather-normal-plain", stacksize: 4 } } },
			"L": { type: "item", code: "leather-normal-plain","quantity": 2 },
			"H": { type: "item", code: "nightvisiondevice" },
			"K": { type: "item", code: "sewingkit" },
			"S": { type: "item", code: "solderbar-tin" }
		},
		width: 3,
		height: 3,
		name: "plate helmet",
		output: { type: "item", code: "temporalitvisiondevice-leather_reinforced"  }
	}
]