{
	"editor": {
		"allAngles": false,
		"singleTexture": false
	},
	"textureWidth": 16,
	"textureHeight": 16,
	"textures": {
		"material": "bricklayers:block/glass/opaque/{color}",
		"frame2": "game:block/glass/frame",
		"frame": "game:block/glass/frame-slab"
	},
	"elements": [
		{
			"name": "Frame",
			"from": [ 4.0, -8.0, 4.0 ],
			"to": [ 20.0, 0.0, 20.0 ],
			"renderPass": 2,
			"zOffset": 2,
			"rotationOrigin": [ 8.0, 0.0, 4.0 ],
			"rotationX": -90.0,
			"rotationZ": -90.0,
			"reflective": true,
			"faces": {
				"north": { "texture": "#frame", "uv": [ 0.0, 8.0, 16.0, 16.0 ] },
				"east": { "texture": "#frame", "uv": [ 0.0, 8.0, 16.0, 16.0 ] },
				"south": { "texture": "#frame", "uv": [ 0.0, 8.0, 16.0, 16.0 ] },
				"west": { "texture": "#frame", "uv": [ 0.0, 8.0, 16.0, 16.0 ] },
				"up": { "texture": "#frame2", "uv": [ 0.0, 0.0, 16.0, 16.0 ] },
				"down": { "texture": "#frame2", "uv": [ 0.0, 0.0, 16.0, 16.0 ] }
			},
			"children": [
				{
					"name": "Opaque",
					"from": [ 0.1, 0.1, 0.1 ],
					"to": [ 15.9, 7.9, 15.9 ],
					"faces": {
						"north": { "texture": "#material", "uv": [ 0.0, 0.0, 15.5, 7.5 ] },
						"east": { "texture": "#material", "uv": [ 0.0, 0.0, 15.5, 7.5 ] },
						"south": { "texture": "#material", "uv": [ 0.0, 0.0, 15.5, 7.5 ] },
						"west": { "texture": "#material", "uv": [ 0.0, 0.0, 15.5, 7.5 ] },
						"up": { "texture": "#material", "uv": [ 0.0, 0.0, 15.5, 15.5 ] },
						"down": { "texture": "#material", "uv": [ 0.0, 0.0, 15.5, 15.5 ] }
					}
				}
			]
		}
	]}
