{
	"editor": {
		"allAngles": false,
		"entityTextureMode": false
	},
	"textureWidth": 8,
	"textureHeight": 8,
	"textureSizes": {
	},
	"textures": {
		"eucalyptuscamaldulensis": "item/resource/seeds/eucalyptuscamaldulensis"
	},
	"elements": [
		{
			"name": "origin",
			"from": [ 8.0, 0.0, 8.0 ],
			"to": [ 8.0, 0.0, 8.0 ],
			"rotationOrigin": [ 8.0, 0.0, 8.0 ],
			"faces": {
			},
			"children": [
				{
					"name": "Stem",
					"from": [ 0.0, 3.7, -3.0 ],
					"to": [ 1.0, 7.7, -2.0 ],
					"rotationOrigin": [ 0.0, 3.7, -3.0 ],
					"rotationX": 112.5,
					"rotationY": 33.0,
					"faces": {
						"north": { "texture": "#eucalyptuscamaldulensis", "uv": [ 0.0, 0.0, 1.0, 4.0 ] },
						"east": { "texture": "#eucalyptuscamaldulensis", "uv": [ 1.0, 1.5, 2.0, 5.5 ] },
						"south": { "texture": "#eucalyptuscamaldulensis", "uv": [ 0.5, 3.0, 1.5, 7.0 ] },
						"west": { "texture": "#eucalyptuscamaldulensis", "uv": [ 0.5, 2.0, 1.5, 6.0 ] },
						"up": { "texture": "#eucalyptuscamaldulensis", "uv": [ 0.5, 3.0, 1.5, 4.0 ] },
						"down": { "texture": "#eucalyptuscamaldulensis", "uv": [ 0.0, 0.0, 1.0, 1.0 ] }
					},
					"children": [
						{
							"name": "seedstem 1",
							"from": [ 0.2, 4.0, 0.2 ],
							"to": [ 1.0, 6.0, 1.0 ],
							"rotationOrigin": [ 0.6, 4.0, 0.6 ],
							"faces": {
								"north": { "texture": "#eucalyptuscamaldulensis", "uv": [ 0.5, 6.0, 1.5, 8.0 ] },
								"east": { "texture": "#eucalyptuscamaldulensis", "uv": [ 1.0, 4.0, 2.0, 6.0 ] },
								"south": { "texture": "#eucalyptuscamaldulensis", "uv": [ 0.5, 4.0, 1.5, 6.0 ] },
								"west": { "texture": "#eucalyptuscamaldulensis", "uv": [ 0.0, 0.0, 1.0, 2.0 ] },
								"up": { "texture": "#eucalyptuscamaldulensis", "uv": [ 1.0, 3.5, 2.0, 4.5 ] },
								"down": { "texture": "#eucalyptuscamaldulensis", "uv": [ 0.0, 0.0, 1.0, 1.0 ] }
							},
							"children": [
								{
									"name": "seedpod 1",
									"from": [ -0.6, 1.4, -0.5 ],
									"to": [ 1.4, 2.8, 1.5 ],
									"rotationOrigin": [ -0.6, 1.4, -0.5 ],
									"rotationX": -25.0,
									"faces": {
										"north": { "texture": "#eucalyptuscamaldulensis", "uv": [ 5.0, 3.5, 7.0, 4.5 ], "rotation": 180 },
										"east": { "texture": "#eucalyptuscamaldulensis", "uv": [ 5.5, 3.5, 7.5, 4.5 ], "rotation": 180 },
										"south": { "texture": "#eucalyptuscamaldulensis", "uv": [ 4.0, 3.5, 6.0, 4.5 ], "rotation": 180 },
										"west": { "texture": "#eucalyptuscamaldulensis", "uv": [ 3.5, 0.0, 4.5, 2.0 ], "rotation": 90 },
										"up": { "texture": "#eucalyptuscamaldulensis", "uv": [ 6.0, 6.0, 8.0, 8.0 ] },
										"down": { "texture": "#eucalyptuscamaldulensis", "uv": [ 6.0, 1.0, 8.0, 3.0 ] }
									},
									"children": [
										{
											"name": "rotate1",
											"from": [ 0.0, 0.8, 1.0 ],
											"to": [ 0.0, 0.8, 1.0 ],
											"rotationOrigin": [ 0.0, 0.8, 1.0 ],
											"rotationX": -45.0,
											"faces": {
											},
											"children": [
												{
													"name": "leaf1",
													"from": [ 0.0, 0.0, 0.0 ],
													"to": [ 0.0, 1.0, 1.0 ],
													"rotationOrigin": [ 0.0, 0.0, 0.0 ],
													"rotationY": 15.0,
													"rotationZ": -15.0,
													"faces": {
														"east": { "texture": "#eucalyptuscamaldulensis", "uv": [ 4.0, 6.0, 5.0, 7.0 ], "windMode": [-1,-1,-1,-1] }
													}
												}
											]
										},
										{
											"name": "siderotate1",
											"from": [ 2.0, 0.0, 0.0 ],
											"to": [ 2.0, 0.0, 0.0 ],
											"rotationOrigin": [ 2.0, 0.0, 0.0 ],
											"rotationY": -90.0,
											"faces": {
											},
											"children": [
												{
													"name": "rotate2",
													"from": [ 0.0, 0.8, 1.0 ],
													"to": [ 0.0, 0.8, 1.0 ],
													"rotationOrigin": [ 0.0, 0.8, 1.0 ],
													"rotationX": -45.0,
													"faces": {
													},
													"children": [
														{
															"name": "leaf 2",
															"from": [ 0.0, 0.0, 0.0 ],
															"to": [ 0.0, 1.0, 1.0 ],
															"rotationOrigin": [ 0.0, 0.0, 0.0 ],
															"rotationY": 15.0,
															"rotationZ": -15.0,
															"faces": {
																"west": { "texture": "#eucalyptuscamaldulensis", "uv": [ 4.0, 6.0, 5.0, 7.0 ], "rotation": 90, "windMode": [-1,-1,-1,-1] }
															}
														}
													]
												}
											]
										},
										{
											"name": "siderotate2",
											"from": [ 2.0, 0.0, 2.0 ],
											"to": [ 2.0, 0.0, 2.0 ],
											"rotationOrigin": [ 2.0, 0.0, 2.0 ],
											"rotationY": -180.0,
											"faces": {
											},
											"children": [
												{
													"name": "rotate3",
													"from": [ 0.0, 0.8, 1.0 ],
													"to": [ 0.0, 0.8, 1.0 ],
													"rotationOrigin": [ 0.0, 0.8, 1.0 ],
													"rotationX": -45.0,
													"faces": {
													},
													"children": [
														{
															"name": "leaf 3",
															"from": [ 0.0, 0.0, 0.0 ],
															"to": [ 0.0, 1.0, 1.0 ],
															"rotationOrigin": [ 0.0, 0.0, 0.0 ],
															"rotationY": 15.0,
															"rotationZ": -15.0,
															"faces": {
																"west": { "texture": "#eucalyptuscamaldulensis", "uv": [ 4.0, 6.0, 5.0, 7.0 ], "rotation": 90, "windMode": [-1,-1,-1,-1] }
															}
														}
													]
												}
											]
										},
										{
											"name": "siderotate3",
											"from": [ 0.0, 0.0, 2.0 ],
											"to": [ 0.0, 0.0, 2.0 ],
											"rotationOrigin": [ 0.0, 0.0, 2.0 ],
											"rotationY": 90.0,
											"faces": {
											},
											"children": [
												{
													"name": "rotate4",
													"from": [ 0.0, 0.8, 1.0 ],
													"to": [ 0.0, 0.8, 1.0 ],
													"rotationOrigin": [ 0.0, 0.8, 1.0 ],
													"rotationX": -45.0,
													"faces": {
													},
													"children": [
														{
															"name": "leaf 4",
															"from": [ 0.0, 0.0, 0.0 ],
															"to": [ 0.0, 1.0, 1.0 ],
															"rotationOrigin": [ 0.0, 0.0, 0.0 ],
															"rotationY": 15.0,
															"rotationZ": -15.0,
															"faces": {
																"west": { "texture": "#eucalyptuscamaldulensis", "uv": [ 5.0, 7.0, 6.0, 8.0 ], "rotation": 270, "windMode": [-1,-1,-1,-1] }
															}
														}
													]
												}
											]
										}
									]
								}
							]
						},
						{
							"name": "seedstem 2",
							"from": [ 0.0, 3.4, 0.0 ],
							"to": [ 0.8, 5.4, 0.8 ],
							"rotationOrigin": [ 0.4, 3.4, 0.4 ],
							"rotationX": -22.5,
							"rotationZ": 45.0,
							"faces": {
								"north": { "texture": "#eucalyptuscamaldulensis", "uv": [ 1.0, 4.5, 2.0, 6.5 ] },
								"east": { "texture": "#eucalyptuscamaldulensis", "uv": [ 0.0, 5.0, 1.0, 7.0 ] },
								"south": { "texture": "#eucalyptuscamaldulensis", "uv": [ 0.0, 0.0, 1.0, 2.0 ] },
								"west": { "texture": "#eucalyptuscamaldulensis", "uv": [ 0.0, 0.0, 1.0, 2.0 ] },
								"up": { "texture": "#eucalyptuscamaldulensis", "uv": [ 0.0, 0.0, 1.0, 1.0 ] },
								"down": { "texture": "#eucalyptuscamaldulensis", "uv": [ 0.0, 0.0, 1.0, 1.0 ] }
							},
							"children": [
								{
									"name": "seedpod 2",
									"from": [ -0.6, 2.0, -0.6 ],
									"to": [ 1.4, 3.4, 1.4 ],
									"rotationOrigin": [ -0.6, 2.0, -0.6 ],
									"faces": {
										"north": { "texture": "#eucalyptuscamaldulensis", "uv": [ 5.5, 3.5, 7.5, 4.5 ], "rotation": 180 },
										"east": { "texture": "#eucalyptuscamaldulensis", "uv": [ 5.0, 3.5, 7.0, 4.5 ], "rotation": 180 },
										"south": { "texture": "#eucalyptuscamaldulensis", "uv": [ 4.0, 3.5, 6.0, 4.5 ], "rotation": 180 },
										"west": { "texture": "#eucalyptuscamaldulensis", "uv": [ 6.0, 3.5, 8.0, 4.5 ], "rotation": 180 },
										"up": { "texture": "#eucalyptuscamaldulensis", "uv": [ 6.0, 6.0, 8.0, 8.0 ] },
										"down": { "texture": "#eucalyptuscamaldulensis", "uv": [ 4.0, 2.0, 6.0, 4.0 ] }
									},
									"children": [
										{
											"name": "rotate5",
											"from": [ 0.0, 0.8, 1.0 ],
											"to": [ 0.0, 0.8, 1.0 ],
											"rotationOrigin": [ 0.0, 0.8, 1.0 ],
											"rotationX": -45.0,
											"faces": {
											},
											"children": [
												{
													"name": "leaf2",
													"from": [ 0.0, 0.0, 0.0 ],
													"to": [ 0.0, 1.0, 1.0 ],
													"rotationOrigin": [ 0.0, 0.0, 0.0 ],
													"rotationY": 15.0,
													"rotationZ": -15.0,
													"faces": {
														"east": { "texture": "#eucalyptuscamaldulensis", "uv": [ 4.0, 6.0, 5.0, 7.0 ] }
													}
												}
											]
										},
										{
											"name": "siderotate4",
											"from": [ 2.0, 0.0, 0.0 ],
											"to": [ 2.0, 0.0, 0.0 ],
											"rotationOrigin": [ 2.0, 0.0, 0.0 ],
											"rotationY": -90.0,
											"faces": {
											},
											"children": [
												{
													"name": "rotate6",
													"from": [ 0.0, 0.8, 1.0 ],
													"to": [ 0.0, 0.8, 1.0 ],
													"rotationOrigin": [ 0.0, 0.8, 1.0 ],
													"rotationX": -45.0,
													"faces": {
													},
													"children": [
														{
															"name": "leaf 5",
															"from": [ 0.0, 0.0, 0.0 ],
															"to": [ 0.0, 1.0, 1.0 ],
															"rotationOrigin": [ 0.0, 0.0, 0.0 ],
															"rotationY": 15.0,
															"rotationZ": -15.0,
															"faces": {
																"west": { "texture": "#eucalyptuscamaldulensis", "uv": [ 4.0, 6.0, 5.0, 7.0 ], "rotation": 90, "windMode": [-1,-1,-1,-1] }
															}
														}
													]
												}
											]
										},
										{
											"name": "siderotate5",
											"from": [ 2.0, 0.0, 2.0 ],
											"to": [ 2.0, 0.0, 2.0 ],
											"rotationOrigin": [ 2.0, 0.0, 2.0 ],
											"rotationY": -180.0,
											"faces": {
											},
											"children": [
												{
													"name": "rotate7",
													"from": [ 0.0, 0.8, 1.0 ],
													"to": [ 0.0, 0.8, 1.0 ],
													"rotationOrigin": [ 0.0, 0.8, 1.0 ],
													"rotationX": -45.0,
													"faces": {
													},
													"children": [
														{
															"name": "leaf 6",
															"from": [ 0.0, 0.0, 0.0 ],
															"to": [ 0.0, 1.0, 1.0 ],
															"rotationOrigin": [ 0.0, 0.0, 0.0 ],
															"rotationY": 15.0,
															"rotationZ": -15.0,
															"faces": {
																"west": { "texture": "#eucalyptuscamaldulensis", "uv": [ 4.0, 7.0, 5.0, 8.0 ], "rotation": 180 }
															}
														}
													]
												}
											]
										},
										{
											"name": "siderotate6",
											"from": [ 0.0, 0.0, 2.0 ],
											"to": [ 0.0, 0.0, 2.0 ],
											"rotationOrigin": [ 0.0, 0.0, 2.0 ],
											"rotationY": 90.0,
											"faces": {
											},
											"children": [
												{
													"name": "rotate8",
													"from": [ 0.0, 0.8, 1.0 ],
													"to": [ 0.0, 0.8, 1.0 ],
													"rotationOrigin": [ 0.0, 0.8, 1.0 ],
													"rotationX": -45.0,
													"faces": {
													},
													"children": [
														{
															"name": "leaf 7",
															"from": [ 0.0, 0.0, 0.0 ],
															"to": [ 0.0, 1.0, 1.0 ],
															"rotationOrigin": [ 0.0, 0.0, 0.0 ],
															"rotationY": 15.0,
															"rotationZ": -15.0,
															"faces": {
																"west": { "texture": "#eucalyptuscamaldulensis", "uv": [ 4.0, 7.0, 5.0, 8.0 ], "rotation": 180 }
															}
														}
													]
												}
											]
										}
									]
								}
							]
						},
						{
							"name": "seedstem 3",
							"from": [ 0.2, 3.4, 0.0 ],
							"to": [ 1.0, 5.4, 0.8 ],
							"rotationOrigin": [ 0.6, 3.4, 0.4 ],
							"rotationX": -15.0,
							"rotationZ": -67.5,
							"faces": {
								"north": { "texture": "#eucalyptuscamaldulensis", "uv": [ 0.0, 0.0, 1.0, 2.0 ] },
								"east": { "texture": "#eucalyptuscamaldulensis", "uv": [ 0.0, 0.0, 1.0, 2.0 ] },
								"south": { "texture": "#eucalyptuscamaldulensis", "uv": [ 1.0, 5.0, 2.0, 7.0 ] },
								"west": { "texture": "#eucalyptuscamaldulensis", "uv": [ 1.5, 5.0, 2.5, 7.0 ] },
								"up": { "texture": "#eucalyptuscamaldulensis", "uv": [ 0.0, 4.0, 1.0, 5.0 ] },
								"down": { "texture": "#eucalyptuscamaldulensis", "uv": [ 0.0, 0.0, 1.0, 1.0 ] }
							},
							"children": [
								{
									"name": "seedpod 3",
									"from": [ -0.6, 2.0, -0.6 ],
									"to": [ 1.4, 3.4, 1.4 ],
									"rotationOrigin": [ -0.6, 2.0, -0.6 ],
									"faces": {
										"north": { "texture": "#eucalyptuscamaldulensis", "uv": [ 5.5, 3.5, 7.5, 4.5 ], "rotation": 180 },
										"east": { "texture": "#eucalyptuscamaldulensis", "uv": [ 5.5, 3.5, 7.5, 4.5 ], "rotation": 180 },
										"south": { "texture": "#eucalyptuscamaldulensis", "uv": [ 4.5, 3.5, 6.5, 4.5 ], "rotation": 180 },
										"west": { "texture": "#eucalyptuscamaldulensis", "uv": [ 5.0, 3.5, 7.0, 4.5 ], "rotation": 180 },
										"up": { "texture": "#eucalyptuscamaldulensis", "uv": [ 6.0, 6.0, 8.0, 8.0 ] },
										"down": { "texture": "#eucalyptuscamaldulensis", "uv": [ 4.0, 0.0, 6.0, 2.0 ] }
									},
									"children": [
										{
											"name": "rotate9",
											"from": [ 0.0, 0.8, 1.0 ],
											"to": [ 0.0, 0.8, 1.0 ],
											"rotationOrigin": [ 0.0, 0.8, 1.0 ],
											"rotationX": -45.0,
											"faces": {
											},
											"children": [
												{
													"name": "leaf3",
													"from": [ 0.0, 0.0, 0.0 ],
													"to": [ 0.0, 1.0, 1.0 ],
													"rotationOrigin": [ 0.0, 0.0, 0.0 ],
													"rotationY": 15.0,
													"rotationZ": -15.0,
													"faces": {
														"east": { "texture": "#eucalyptuscamaldulensis", "uv": [ 4.0, 6.0, 5.0, 7.0 ] }
													}
												}
											]
										},
										{
											"name": "siderotate7",
											"from": [ 2.0, 0.0, 0.0 ],
											"to": [ 2.0, 0.0, 0.0 ],
											"rotationOrigin": [ 2.0, 0.0, 0.0 ],
											"rotationY": -90.0,
											"faces": {
											},
											"children": [
												{
													"name": "rotate10",
													"from": [ 0.0, 0.8, 1.0 ],
													"to": [ 0.0, 0.8, 1.0 ],
													"rotationOrigin": [ 0.0, 0.8, 1.0 ],
													"rotationX": -45.0,
													"faces": {
													},
													"children": [
														{
															"name": "leaf 8",
															"from": [ 0.0, 0.0, 0.0 ],
															"to": [ 0.0, 1.0, 1.0 ],
															"rotationOrigin": [ 0.0, 0.0, 0.0 ],
															"rotationY": 15.0,
															"rotationZ": -15.0,
															"faces": {
																"west": { "texture": "#eucalyptuscamaldulensis", "uv": [ 5.0, 7.0, 6.0, 8.0 ], "rotation": 270, "windMode": [-1,-1,-1,-1] }
															}
														}
													]
												}
											]
										},
										{
											"name": "siderotate8",
											"from": [ 2.0, 0.0, 2.0 ],
											"to": [ 2.0, 0.0, 2.0 ],
											"rotationOrigin": [ 2.0, 0.0, 2.0 ],
											"rotationY": -180.0,
											"faces": {
											},
											"children": [
												{
													"name": "rotate11",
													"from": [ 0.0, 0.8, 1.0 ],
													"to": [ 0.0, 0.8, 1.0 ],
													"rotationOrigin": [ 0.0, 0.8, 1.0 ],
													"rotationX": -45.0,
													"faces": {
													},
													"children": [
														{
															"name": "leaf 9",
															"from": [ 0.0, 0.0, 0.0 ],
															"to": [ 0.0, 1.0, 1.0 ],
															"rotationOrigin": [ 0.0, 0.0, 0.0 ],
															"rotationY": 15.0,
															"rotationZ": -15.0,
															"faces": {
																"west": { "texture": "#eucalyptuscamaldulensis", "uv": [ 5.0, 6.0, 6.0, 7.0 ] }
															}
														}
													]
												}
											]
										},
										{
											"name": "siderotate9",
											"from": [ 0.0, 0.0, 2.0 ],
											"to": [ 0.0, 0.0, 2.0 ],
											"rotationOrigin": [ 0.0, 0.0, 2.0 ],
											"rotationY": 90.0,
											"faces": {
											},
											"children": [
												{
													"name": "rotate12",
													"from": [ 0.0, 0.8, 1.0 ],
													"to": [ 0.0, 0.8, 1.0 ],
													"rotationOrigin": [ 0.0, 0.8, 1.0 ],
													"rotationX": -45.0,
													"faces": {
													},
													"children": [
														{
															"name": "leaf 10",
															"from": [ 0.0, 0.0, 0.0 ],
															"to": [ 0.0, 1.0, 1.0 ],
															"rotationOrigin": [ 0.0, 0.0, 0.0 ],
															"rotationY": 15.0,
															"rotationZ": -15.0,
															"faces": {
																"west": { "texture": "#eucalyptuscamaldulensis", "uv": [ 4.0, 7.0, 5.0, 8.0 ], "rotation": 180 }
															}
														}
													]
												}
											]
										}
									]
								}
							]
						}
					]
				}
			]
		}
	]}