{
	"editor": {
		"collapsedPaths": "Root/Backpack Base/Bottom Left Pocket Base/Bottom Left Pocket Straps,Root/Backpack Base/Front Large Pocket Straps,Root/Backpack Right Pouch Base2,Root/Ithania Leather Backpack/Right Bottom Pocket Straps,Root/Ithania Leather Backpack/Right Top Pocket Buttons,Root/Backpack Top Pouch,Root/Ithania Leather Backpack/Main Strap Buckles,Root/Backpack Base/Bottom Right Pocket Base,Root/Bottom Left Pocket Base/Bottom Left Pocket Straps,Root/origin/bladebody,Root/Backpack Right Pocket Strap,Root/Ithania Leather Backpack/Left Top Pocket Buttons,Root/Backpack Base/Front Bottom Pocket Base,Root/backpack,Root/backpack/top,Root/origin,Root/backpack/top/topFlap,Root/Backpack Large Pocket Base,Root/Backpack Main Straps,Root/Backpack Left Pouch Base,Root/Ithania Leather Backpack/Front Bottom Pocket Straps,Root/Front Large Pocket Straps,Root/backpack/base,Root/Ithania Leather Backpack/Front Bottom Pocket Base,Root/Backpack Base/Top Right Backpack Base,Root/Front Bottom Pocket Base,Root/Backpack Large Pocket Straps2,Root/Forn's Sturdy Backpack/Backpack Left Top Pocket Buttons,Root/Ithania Leather Backpack/Top Pocket Base,Root/Backpack Base/Top Left Pock Base,Root/Ithania Leather Backpack/Bottom Right Pocket Base,Root/backpack/L pocket,Root/Ithania Leather Backpack/Front Large Pocket Straps,Root/Ithania Leather Backpack/Top Left Pock Base,Root/ORIGINsaddlebags/StrawBedBody,Root/Backpack Left Pocket Strap,Root/Backpack Left Pouch Base2,Root/Backpack Left Top Pocket Buttons,Root/Bottom Left Pocket Base,Root/Backpack Base/Top Pocket Base,Root/backpack/R pocket,Root/Front Bottom Pocket Base/Front Bottom Pocket Straps,Root/Forn's Sturdy Backpack/Backpack Right Top Pocket Buttons,Root/Backpack Base/Bottom Left Pocket Base,Root/Backpack Base/Bottom Right Pocket Base/Right Bottom Pocket Straps,Root/Main Strap Buckles,Root/Forn's Sturdy Backpack,Root/Backpack Right Top Pocket Buttons,Root/Ithania Leather Backpack/Bottom Left Pocket Straps,Root/Ithania Leather Backpack/Backpack Base,Root/Ithania Leather Backpack/Front Bottom Pocket Base/Front Bottom Pocket Straps,Root/Ithania Leather Backpack/Bottom Left Pocket Base,Root/Backpack Right Pouch Base,Root/Forn's Sturdy Backpack2,Root/Bottom Right Pocket Base,Root/backpack/SideBottomPockets,Root/Bottom Right Pocket Base/Right Bottom Pocket Straps,Root/Ithania Leather Backpack/Top Right Backpack Base",
		"allAngles": false,
		"entityTextureMode": true
	},
	"textureWidth": 16,
	"textureHeight": 16,
	"textureSizes": {
	},
	"textures": {
		"black": "ithaniabackpacks:item/leather/black",
		"leather": "ithaniabackpacks:item/leather/chromium",
		"tinbronze": "ithaniabackpacks:item/metal/ingot/tinbronze"
	},
	"elements": [
		{
			"name": "Backpack Base",
			"from": [ 5.0, 0.5, 5.0 ],
			"to": [ 11.1, 8.5, 9.0 ],
			"uv": [ 0.5, 5.0 ],
			"rotationOrigin": [ 19.9408, 8.3493, 16.4 ],
			"faces": {
				"north": { "texture": "#black", "uv": [ 6.0, 6.0, 11.0, 13.0 ], "autoUv": false },
				"east": { "texture": "#black", "uv": [ 9.0, 5.0, 13.0, 13.0 ] },
				"south": { "texture": "#black", "uv": [ 3.5, 7.5, 11.5, 13.5 ], "rotation": 90 },
				"west": { "texture": "#black", "uv": [ 7.5, 7.5, 11.5, 15.5 ] },
				"up": { "texture": "#black", "uv": [ 6.5, 7.5, 12.5, 11.5 ] },
				"down": { "texture": "#black", "uv": [ 6.0, 9.5, 9.0, 13.5 ], "autoUv": false }
			},
			"children": [
				{
					"name": "Backpack Bottom",
					"from": [ 0.6, -0.5, 0.0 ],
					"to": [ 5.6, 0.0, 3.5 ],
					"uv": [ 0.0, 0.0 ],
					"rotationOrigin": [ 0.6, -0.5, 0.0 ],
					"faces": {
						"north": { "texture": "#black", "uv": [ 0.0, 0.0, 5.0, 0.5 ] },
						"east": { "texture": "#black", "uv": [ 0.0, 0.0, 3.5, 0.5 ] },
						"south": { "texture": "#black", "uv": [ 0.0, 0.0, 5.0, 0.5 ] },
						"west": { "texture": "#black", "uv": [ 0.0, 0.0, 3.5, 0.5 ] },
						"up": { "texture": "#black", "uv": [ 0.0, 0.0, 5.0, 3.5 ] },
						"down": { "texture": "#black", "uv": [ 0.0, 0.0, 5.0, 3.5 ] }
					}
				},
				{
					"name": "Front Bottom Pocket Base",
					"from": [ 0.18, 0.3094, 4.0 ],
					"to": [ 5.88, 3.4094, 4.7 ],
					"uv": [ 0.0, 0.0 ],
					"rotationOrigin": [ 0.1848, 0.3094, 4.0 ],
					"faces": {
						"north": { "texture": "#black", "uv": [ 0.0, 0.0, 5.5, 3.0 ] },
						"east": { "texture": "#black", "uv": [ 0.0, 0.0, 0.5, 3.0 ] },
						"south": { "texture": "#black", "uv": [ 10.0, 13.0, 15.5, 16.0 ] },
						"west": { "texture": "#black", "uv": [ 0.0, 0.0, 0.5, 3.0 ] },
						"up": { "texture": "#black", "uv": [ 0.0, 0.0, 5.5, 0.5 ] },
						"down": { "texture": "#black", "uv": [ 0.0, 0.0, 5.5, 0.5 ] }
					},
					"children": [
						{
							"name": "Front Bottom Pocket Top",
							"from": [ -0.1, 3.1, 0.0 ],
							"to": [ 5.8, 3.4, 0.9 ],
							"uv": [ 9.0, 0.0 ],
							"rotationOrigin": [ -0.1, 3.1, 0.0 ],
							"rotationX": 10.3,
							"faces": {
								"north": { "texture": "#black", "uv": [ 9.0, 2.0, 14.5, 2.5 ] },
								"east": { "texture": "#black", "uv": [ 15.0, 0.5, 15.5, 1.0 ] },
								"south": { "texture": "#black", "uv": [ 10.0, 1.0, 15.5, 1.5 ] },
								"west": { "texture": "#black", "uv": [ 15.0, 0.0, 15.5, 0.5 ] },
								"up": { "texture": "#black", "uv": [ 10.0, 1.0, 15.5, 1.5 ] },
								"down": { "texture": "#black", "uv": [ 10.0, 1.0, 15.5, 1.5 ] }
							}
						},
						{
							"name": "Front Bottom Pocket Front",
							"from": [ -0.1, 1.4, 0.7 ],
							"to": [ 5.8, 3.2, 0.9 ],
							"uv": [ 10.0, 0.5 ],
							"rotationOrigin": [ -0.1, 1.4, 0.7 ],
							"faces": {
								"north": { "texture": "#black", "uv": [ 10.0, 0.5, 15.5, 2.0 ] },
								"east": { "texture": "#black", "uv": [ 14.5, 0.5, 15.0, 2.0 ] },
								"south": { "texture": "#black", "uv": [ 10.0, 0.5, 15.5, 2.0 ] },
								"west": { "texture": "#black", "uv": [ 14.0, 1.0, 14.5, 2.5 ] },
								"up": { "texture": "#black", "uv": [ 10.0, 1.5, 15.5, 2.0 ] },
								"down": { "texture": "#black", "uv": [ 10.0, 1.0, 15.5, 1.5 ] }
							}
						},
						{
							"name": "Front Bottom Pocket Straps",
							"from": [ 0.8, 1.4, 0.9 ],
							"to": [ 1.3, 2.7, 1.1 ],
							"uv": [ 4.0, 3.5 ],
							"rotationOrigin": [ 0.8, 1.4, 0.9 ],
							"faces": {
								"north": { "texture": "#leather", "uv": [ 4.0, 4.5, 4.5, 5.5 ] },
								"east": { "texture": "#leather", "uv": [ 9.0, 5.0, 9.5, 6.0 ] },
								"south": { "texture": "#leather", "uv": [ 5.5, 3.5, 6.0, 4.5 ] },
								"west": { "texture": "#leather", "uv": [ 7.5, 7.5, 8.0, 8.5 ] },
								"up": { "texture": "#leather", "uv": [ 6.5, 7.5, 7.0, 8.0 ] },
								"down": { "texture": "#leather", "uv": [ 6.0, 9.5, 9.0, 13.5 ], "autoUv": false }
							},
							"children": [
								{
									"name": "Front Bottom Pocket Strap",
									"from": [ 0.0, 0.1, -1.1 ],
									"to": [ 0.5, 0.7, -0.9 ],
									"uv": [ 4.0, 3.5 ],
									"rotationOrigin": [ 0.0, -0.9, -1.1 ],
									"rotationX": 48.0,
									"faces": {
										"north": { "texture": "#leather", "uv": [ 4.0, 4.5, 4.5, 5.0 ] },
										"east": { "texture": "#leather", "uv": [ 9.0, 5.0, 9.5, 5.5 ] },
										"south": { "texture": "#leather", "uv": [ 5.5, 3.5, 6.0, 4.0 ] },
										"west": { "texture": "#leather", "uv": [ 7.5, 7.5, 8.0, 8.0 ] },
										"up": { "texture": "#leather", "uv": [ 6.5, 7.5, 7.0, 8.0 ] },
										"down": { "texture": "#leather", "uv": [ 6.0, 9.5, 9.0, 13.5 ], "autoUv": false }
									}
								},
								{
									"name": "Front Bottom Pocket Strap 2",
									"from": [ 0.0, -1.8, -0.2 ],
									"to": [ 0.5, -0.2, 0.0 ],
									"uv": [ 4.0, 3.5 ],
									"rotationOrigin": [ 0.0, -1.8, -0.2 ],
									"faces": {
										"north": { "texture": "#leather", "uv": [ 4.0, 4.5, 4.5, 6.0 ] },
										"east": { "texture": "#leather", "uv": [ 9.0, 5.0, 9.5, 6.5 ] },
										"south": { "texture": "#leather", "uv": [ 5.5, 3.5, 6.0, 5.0 ] },
										"west": { "texture": "#leather", "uv": [ 7.5, 7.5, 8.0, 9.0 ] },
										"up": { "texture": "#leather", "uv": [ 6.5, 7.5, 7.0, 8.0 ] },
										"down": { "texture": "#leather", "uv": [ 6.0, 9.5, 9.0, 13.5 ], "autoUv": false }
									}
								},
								{
									"name": "Front Bottom Pocket Holder 1",
									"from": [ 0.0, -2.0, -0.2 ],
									"to": [ 0.5, -1.8, 0.0 ],
									"uv": [ 2.0, 3.5 ],
									"rotationOrigin": [ 0.0, -2.0, -0.2 ],
									"faces": {
										"north": { "texture": "#tinbronze", "uv": [ 4.0, 4.5, 4.5, 5.0 ] },
										"east": { "texture": "#tinbronze", "uv": [ 3.5, 3.5, 4.0, 4.0 ] },
										"south": { "texture": "#tinbronze", "uv": [ 3.5, 4.5, 4.0, 5.0 ] },
										"west": { "texture": "#tinbronze", "uv": [ 3.5, 4.0, 4.0, 4.5 ] },
										"up": { "texture": "#tinbronze", "uv": [ 3.5, 4.0, 4.0, 4.5 ] },
										"down": { "texture": "#tinbronze", "uv": [ 2.0, 5.0, 5.0, 9.0 ], "autoUv": false }
									}
								},
								{
									"name": "Front Bottom Pocket Holder 2",
									"from": [ 3.6, -2.0, -0.2 ],
									"to": [ 4.1, -1.8, 0.0 ],
									"uv": [ 2.0, 3.5 ],
									"rotationOrigin": [ 3.6, -2.0, -0.2 ],
									"faces": {
										"north": { "texture": "#tinbronze", "uv": [ 4.0, 4.5, 4.5, 5.0 ] },
										"east": { "texture": "#tinbronze", "uv": [ 3.5, 3.5, 4.0, 4.0 ] },
										"south": { "texture": "#tinbronze", "uv": [ 3.5, 4.5, 4.0, 5.0 ] },
										"west": { "texture": "#tinbronze", "uv": [ 3.5, 4.0, 4.0, 4.5 ] },
										"up": { "texture": "#tinbronze", "uv": [ 3.5, 4.0, 4.0, 4.5 ] },
										"down": { "texture": "#tinbronze", "uv": [ 2.0, 5.0, 5.0, 9.0 ], "autoUv": false }
									}
								},
								{
									"name": "Front Bottom Pocket Buckle 1",
									"from": [ -0.1, -0.9, -0.3 ],
									"to": [ 0.6, -0.2, -0.2 ],
									"uv": [ 3.5, 4.0 ],
									"rotationOrigin": [ -0.1, -0.9, -0.3 ],
									"rotationX": 25.0,
									"faces": {
										"north": { "texture": "#tinbronze", "uv": [ 3.5, 4.0, 4.0, 4.5 ] },
										"east": { "texture": "#tinbronze", "uv": [ 3.5, 4.0, 4.0, 4.5 ] },
										"south": { "texture": "#tinbronze", "uv": [ 3.5, 4.0, 4.0, 4.5 ] },
										"west": { "texture": "#tinbronze", "uv": [ 3.5, 4.0, 4.0, 4.5 ] },
										"up": { "texture": "#tinbronze", "uv": [ 3.5, 4.0, 4.0, 4.5 ] },
										"down": { "texture": "#tinbronze", "uv": [ 3.5, 4.0, 4.0, 4.5 ] }
									}
								},
								{
									"name": "Front Bottom Pocket Buckle 2",
									"from": [ 3.5, -0.9, -0.3 ],
									"to": [ 4.2, -0.2, -0.2 ],
									"uv": [ 3.5, 4.0 ],
									"rotationOrigin": [ 3.5, -0.9, -0.3 ],
									"rotationX": 25.0,
									"faces": {
										"north": { "texture": "#tinbronze", "uv": [ 3.5, 4.0, 4.0, 4.5 ] },
										"east": { "texture": "#tinbronze", "uv": [ 3.5, 4.0, 4.0, 4.5 ] },
										"south": { "texture": "#tinbronze", "uv": [ 3.5, 4.0, 4.0, 4.5 ] },
										"west": { "texture": "#tinbronze", "uv": [ 3.5, 4.0, 4.0, 4.5 ] },
										"up": { "texture": "#tinbronze", "uv": [ 3.5, 4.0, 4.0, 4.5 ] },
										"down": { "texture": "#tinbronze", "uv": [ 3.5, 4.0, 4.0, 4.5 ] }
									}
								},
								{
									"name": "Front Bottom Pocket Strap 3",
									"from": [ 3.6, 0.1, -1.1 ],
									"to": [ 4.1, 0.7, -0.9 ],
									"uv": [ 4.0, 3.5 ],
									"rotationOrigin": [ 3.6, -0.9, -1.1 ],
									"rotationX": 48.0,
									"faces": {
										"north": { "texture": "#leather", "uv": [ 4.0, 4.5, 4.5, 5.0 ] },
										"east": { "texture": "#leather", "uv": [ 9.0, 5.0, 9.5, 5.5 ] },
										"south": { "texture": "#leather", "uv": [ 5.5, 3.5, 6.0, 4.0 ] },
										"west": { "texture": "#leather", "uv": [ 7.5, 7.5, 8.0, 8.0 ] },
										"up": { "texture": "#leather", "uv": [ 6.5, 7.5, 7.0, 8.0 ] },
										"down": { "texture": "#leather", "uv": [ 6.0, 9.5, 9.0, 13.5 ], "autoUv": false }
									}
								},
								{
									"name": "Front Bottom Pocket Strap 4",
									"from": [ 3.6, -1.8, -0.2 ],
									"to": [ 4.1, -0.2, 0.0 ],
									"uv": [ 4.0, 3.5 ],
									"rotationOrigin": [ 3.6, -1.8, -0.2 ],
									"faces": {
										"north": { "texture": "#leather", "uv": [ 4.0, 4.5, 4.5, 6.0 ] },
										"east": { "texture": "#leather", "uv": [ 9.0, 5.0, 9.5, 6.5 ] },
										"south": { "texture": "#leather", "uv": [ 5.5, 3.5, 6.0, 5.0 ] },
										"west": { "texture": "#leather", "uv": [ 7.5, 7.5, 8.0, 9.0 ] },
										"up": { "texture": "#leather", "uv": [ 6.5, 7.5, 7.0, 8.0 ] },
										"down": { "texture": "#leather", "uv": [ 6.0, 9.5, 9.0, 13.5 ], "autoUv": false }
									}
								},
								{
									"name": "Front Bottom Pocket Strap 5",
									"from": [ 3.6, 0.0, 0.0 ],
									"to": [ 4.1, 1.3, 0.2 ],
									"uv": [ 4.0, 3.5 ],
									"rotationOrigin": [ 3.6, 0.0, 0.0 ],
									"faces": {
										"north": { "texture": "#leather", "uv": [ 4.0, 4.5, 4.5, 5.5 ] },
										"east": { "texture": "#leather", "uv": [ 9.0, 5.0, 9.5, 6.0 ] },
										"south": { "texture": "#leather", "uv": [ 5.5, 3.5, 6.0, 4.5 ] },
										"west": { "texture": "#leather", "uv": [ 7.5, 7.5, 8.0, 8.5 ] },
										"up": { "texture": "#leather", "uv": [ 6.5, 7.5, 7.0, 8.0 ] },
										"down": { "texture": "#leather", "uv": [ 6.0, 9.5, 9.0, 13.5 ], "autoUv": false }
									}
								},
								{
									"name": "Front Bottom Pocket Buckle Pin 1",
									"from": [ 0.2, -0.88, -0.1 ],
									"to": [ 0.3, -0.38, 0.0 ],
									"uv": [ 3.5, 4.0 ],
									"rotationOrigin": [ 0.2, -0.8765, -0.1061 ],
									"rotationX": 12.8,
									"faces": {
										"north": { "texture": "#tinbronze", "uv": [ 3.5, 4.0, 4.0, 4.5 ] },
										"east": { "texture": "#tinbronze", "uv": [ 3.5, 4.0, 4.0, 4.5 ] },
										"south": { "texture": "#tinbronze", "uv": [ 3.5, 4.0, 4.0, 4.5 ] },
										"west": { "texture": "#tinbronze", "uv": [ 3.5, 4.0, 4.0, 4.5 ] },
										"up": { "texture": "#tinbronze", "uv": [ 3.5, 4.0, 4.0, 4.5 ] },
										"down": { "texture": "#tinbronze", "uv": [ 3.5, 4.0, 4.0, 4.5 ] }
									}
								},
								{
									"name": "Front Bottom Pocket Buckle Pin 2",
									"from": [ 3.8, -0.88, -0.1 ],
									"to": [ 3.9, -0.38, 0.0 ],
									"uv": [ 3.5, 4.0 ],
									"rotationOrigin": [ 3.8, -0.8765, -0.1061 ],
									"rotationX": 12.8,
									"faces": {
										"north": { "texture": "#tinbronze", "uv": [ 3.5, 4.0, 4.0, 4.5 ] },
										"east": { "texture": "#tinbronze", "uv": [ 3.5, 4.0, 4.0, 4.5 ] },
										"south": { "texture": "#tinbronze", "uv": [ 3.5, 4.0, 4.0, 4.5 ] },
										"west": { "texture": "#tinbronze", "uv": [ 3.5, 4.0, 4.0, 4.5 ] },
										"up": { "texture": "#tinbronze", "uv": [ 3.5, 4.0, 4.0, 4.5 ] },
										"down": { "texture": "#tinbronze", "uv": [ 3.5, 4.0, 4.0, 4.5 ] }
									}
								},
								{
									"name": "Front Bottom Pocket Button 1",
									"from": [ 0.1, 0.8, 0.2 ],
									"to": [ 0.4, 1.1, 0.3 ],
									"uv": [ 2.0, 3.5 ],
									"rotationOrigin": [ 0.1, 0.8, 0.2 ],
									"faces": {
										"north": { "texture": "#tinbronze", "uv": [ 4.0, 4.5, 4.5, 5.0 ] },
										"east": { "texture": "#tinbronze", "uv": [ 3.5, 3.5, 4.0, 4.0 ] },
										"south": { "texture": "#tinbronze", "uv": [ 3.5, 4.5, 4.0, 5.0 ] },
										"west": { "texture": "#tinbronze", "uv": [ 3.5, 4.0, 4.0, 4.5 ] },
										"up": { "texture": "#tinbronze", "uv": [ 3.5, 4.0, 4.0, 4.5 ] },
										"down": { "texture": "#tinbronze", "uv": [ 2.0, 5.0, 5.0, 9.0 ], "autoUv": false }
									}
								},
								{
									"name": "Front Bottom Pocket Button 2",
									"from": [ 3.7, 0.8, 0.2 ],
									"to": [ 4.0, 1.1, 0.3 ],
									"uv": [ 2.0, 3.5 ],
									"rotationOrigin": [ 3.7, 0.8, 0.2 ],
									"faces": {
										"north": { "texture": "#tinbronze", "uv": [ 4.0, 4.5, 4.5, 5.0 ] },
										"east": { "texture": "#tinbronze", "uv": [ 3.5, 3.5, 4.0, 4.0 ] },
										"south": { "texture": "#tinbronze", "uv": [ 3.5, 4.5, 4.0, 5.0 ] },
										"west": { "texture": "#tinbronze", "uv": [ 3.5, 4.0, 4.0, 4.5 ] },
										"up": { "texture": "#tinbronze", "uv": [ 3.5, 4.0, 4.0, 4.5 ] },
										"down": { "texture": "#tinbronze", "uv": [ 2.0, 5.0, 5.0, 9.0 ], "autoUv": false }
									}
								}
							]
						}
					]
				},
				{
					"name": "Front Large Pocket Straps",
					"from": [ 1.0, 3.9463, 4.0 ],
					"to": [ 1.5, 7.8463, 4.2 ],
					"uv": [ 4.0, 3.5 ],
					"rotationOrigin": [ 0.9953, 3.9463, 4.0 ],
					"faces": {
						"north": { "texture": "#leather", "uv": [ 4.0, 4.5, 4.5, 8.0 ] },
						"east": { "texture": "#leather", "uv": [ 9.0, 5.0, 9.5, 8.5 ] },
						"south": { "texture": "#leather", "uv": [ 5.5, 3.5, 6.0, 7.0 ] },
						"west": { "texture": "#leather", "uv": [ 7.5, 7.5, 8.0, 11.0 ] },
						"up": { "texture": "#leather", "uv": [ 6.5, 7.5, 7.0, 8.0 ] },
						"down": { "texture": "#leather", "uv": [ 6.0, 9.5, 9.0, 13.5 ], "autoUv": false }
					},
					"children": [
						{
							"name": "Front Large Pocket Strap 2",
							"from": [ 0.0, 4.2, -0.8 ],
							"to": [ 0.5, 4.8, -0.6 ],
							"uv": [ 4.0, 3.5 ],
							"rotationOrigin": [ 0.0, 3.2, -0.8 ],
							"rotationX": 48.0,
							"faces": {
								"north": { "texture": "#leather", "uv": [ 4.0, 4.5, 4.5, 5.0 ] },
								"east": { "texture": "#leather", "uv": [ 9.0, 5.0, 9.5, 5.5 ] },
								"south": { "texture": "#leather", "uv": [ 5.5, 3.5, 6.0, 4.0 ] },
								"west": { "texture": "#leather", "uv": [ 7.5, 7.5, 8.0, 8.0 ] },
								"up": { "texture": "#leather", "uv": [ 6.5, 7.5, 7.0, 8.0 ] },
								"down": { "texture": "#leather", "uv": [ 6.0, 9.5, 9.0, 13.5 ], "autoUv": false }
							}
						},
						{
							"name": "Front Large Pocket Strap 3",
							"from": [ 0.0, 4.2, 0.7 ],
							"to": [ 0.5, 6.4, 0.9 ],
							"uv": [ 4.0, 3.5 ],
							"rotationOrigin": [ 0.0, 3.2, 0.7 ],
							"rotationX": -24.5,
							"faces": {
								"north": { "texture": "#leather", "uv": [ 4.0, 4.5, 4.5, 6.5 ] },
								"east": { "texture": "#leather", "uv": [ 9.0, 5.0, 9.5, 7.0 ] },
								"south": { "texture": "#leather", "uv": [ 5.5, 3.5, 6.0, 5.5 ] },
								"west": { "texture": "#leather", "uv": [ 7.5, 7.5, 8.0, 9.5 ] },
								"up": { "texture": "#leather", "uv": [ 6.5, 7.5, 7.0, 8.0 ] },
								"down": { "texture": "#leather", "uv": [ 6.0, 9.5, 9.0, 13.5 ], "autoUv": false }
							}
						},
						{
							"name": "Front Large Pocket Strap 4",
							"from": [ 0.0, 6.8, 0.5 ],
							"to": [ 0.5, 7.3, 0.7 ],
							"uv": [ 4.0, 3.5 ],
							"rotationOrigin": [ 0.0, 5.8, 0.5 ],
							"rotationX": -78.5,
							"faces": {
								"north": { "texture": "#leather", "uv": [ 4.0, 4.5, 4.5, 5.0 ] },
								"east": { "texture": "#leather", "uv": [ 9.0, 5.0, 9.5, 5.5 ] },
								"south": { "texture": "#leather", "uv": [ 5.5, 3.5, 6.0, 4.0 ] },
								"west": { "texture": "#leather", "uv": [ 7.5, 7.5, 8.0, 8.0 ] },
								"up": { "texture": "#leather", "uv": [ 6.5, 7.5, 7.0, 8.0 ] },
								"down": { "texture": "#leather", "uv": [ 6.0, 9.5, 9.0, 13.5 ], "autoUv": false }
							}
						},
						{
							"name": "Front Large Pocket Strap 5",
							"from": [ 0.0, 7.1, 0.1 ],
							"to": [ 0.5, 10.2, 0.3 ],
							"uv": [ 4.0, 3.5 ],
							"rotationOrigin": [ 0.0, 6.1, 0.1 ],
							"rotationX": -90.0,
							"faces": {
								"north": { "texture": "#leather", "uv": [ 4.0, 4.5, 4.5, 7.5 ] },
								"east": { "texture": "#leather", "uv": [ 9.0, 5.0, 9.5, 8.0 ] },
								"south": { "texture": "#leather", "uv": [ 5.5, 3.5, 6.0, 6.5 ] },
								"west": { "texture": "#leather", "uv": [ 7.5, 7.5, 8.0, 10.5 ] },
								"up": { "texture": "#leather", "uv": [ 6.5, 7.5, 7.0, 8.0 ] },
								"down": { "texture": "#leather", "uv": [ 6.0, 9.5, 9.0, 13.5 ], "autoUv": false }
							}
						},
						{
							"name": "Front Large Pocket Strap 6",
							"from": [ 3.6, 4.2, -0.8 ],
							"to": [ 4.1, 4.8, -0.6 ],
							"uv": [ 4.0, 3.5 ],
							"rotationOrigin": [ 3.6, 3.2, -0.8 ],
							"rotationX": 48.0,
							"faces": {
								"north": { "texture": "#leather", "uv": [ 4.0, 4.5, 4.5, 5.0 ] },
								"east": { "texture": "#leather", "uv": [ 9.0, 5.0, 9.5, 5.5 ] },
								"south": { "texture": "#leather", "uv": [ 5.5, 3.5, 6.0, 4.0 ] },
								"west": { "texture": "#leather", "uv": [ 7.5, 7.5, 8.0, 8.0 ] },
								"up": { "texture": "#leather", "uv": [ 6.5, 7.5, 7.0, 8.0 ] },
								"down": { "texture": "#leather", "uv": [ 6.0, 9.5, 9.0, 13.5 ], "autoUv": false }
							}
						},
						{
							"name": "Front Large Pocket Strap 7",
							"from": [ 3.6, 4.2, 0.7 ],
							"to": [ 4.1, 6.4, 0.9 ],
							"uv": [ 4.0, 3.5 ],
							"rotationOrigin": [ 3.6, 3.2, 0.7 ],
							"rotationX": -24.5,
							"faces": {
								"north": { "texture": "#leather", "uv": [ 4.0, 4.5, 4.5, 6.5 ] },
								"east": { "texture": "#leather", "uv": [ 9.0, 5.0, 9.5, 7.0 ] },
								"south": { "texture": "#leather", "uv": [ 5.5, 3.5, 6.0, 5.5 ] },
								"west": { "texture": "#leather", "uv": [ 7.5, 7.5, 8.0, 9.5 ] },
								"up": { "texture": "#leather", "uv": [ 6.5, 7.5, 7.0, 8.0 ] },
								"down": { "texture": "#leather", "uv": [ 6.0, 9.5, 9.0, 13.5 ], "autoUv": false }
							}
						},
						{
							"name": "Front Large Pocket Strap 8",
							"from": [ 3.6, 6.8, 0.5 ],
							"to": [ 4.1, 7.3, 0.7 ],
							"uv": [ 4.0, 3.5 ],
							"rotationOrigin": [ 3.6, 5.8, 0.5 ],
							"rotationX": -78.5,
							"faces": {
								"north": { "texture": "#leather", "uv": [ 4.0, 4.5, 4.5, 5.0 ] },
								"east": { "texture": "#leather", "uv": [ 9.0, 5.0, 9.5, 5.5 ] },
								"south": { "texture": "#leather", "uv": [ 5.5, 3.5, 6.0, 4.0 ] },
								"west": { "texture": "#leather", "uv": [ 7.5, 7.5, 8.0, 8.0 ] },
								"up": { "texture": "#leather", "uv": [ 6.5, 7.5, 7.0, 8.0 ] },
								"down": { "texture": "#leather", "uv": [ 6.0, 9.5, 9.0, 13.5 ], "autoUv": false }
							}
						},
						{
							"name": "Front Large Pocket Strap 9",
							"from": [ 3.6, 7.1, 0.1 ],
							"to": [ 4.1, 10.2, 0.3 ],
							"uv": [ 4.0, 3.5 ],
							"rotationOrigin": [ 3.6, 6.1, 0.1 ],
							"rotationX": -90.0,
							"faces": {
								"north": { "texture": "#leather", "uv": [ 4.0, 4.5, 4.5, 7.5 ] },
								"east": { "texture": "#leather", "uv": [ 9.0, 5.0, 9.5, 8.0 ] },
								"south": { "texture": "#leather", "uv": [ 5.5, 3.5, 6.0, 6.5 ] },
								"west": { "texture": "#leather", "uv": [ 7.5, 7.5, 8.0, 10.5 ] },
								"up": { "texture": "#leather", "uv": [ 6.5, 7.5, 7.0, 8.0 ] },
								"down": { "texture": "#leather", "uv": [ 6.0, 9.5, 9.0, 13.5 ], "autoUv": false }
							}
						},
						{
							"name": "Front Large Pocket Strap 10",
							"from": [ 3.6, 0.0, 0.0 ],
							"to": [ 4.1, 3.9, 0.2 ],
							"uv": [ 4.0, 3.5 ],
							"rotationOrigin": [ 3.6, 0.0, 0.0 ],
							"faces": {
								"north": { "texture": "#leather", "uv": [ 4.0, 4.5, 4.5, 8.0 ] },
								"east": { "texture": "#leather", "uv": [ 9.0, 5.0, 9.5, 8.5 ] },
								"south": { "texture": "#leather", "uv": [ 5.5, 3.5, 6.0, 7.0 ] },
								"west": { "texture": "#leather", "uv": [ 7.5, 7.5, 8.0, 11.0 ] },
								"up": { "texture": "#leather", "uv": [ 6.5, 7.5, 7.0, 8.0 ] },
								"down": { "texture": "#leather", "uv": [ 6.0, 9.5, 9.0, 13.5 ], "autoUv": false }
							}
						}
					]
				},
				{
					"name": "Bottom Left Pocket Base",
					"from": [ -1.21, 0.67, 0.6 ],
					"to": [ -0.01, 3.77, 3.5 ],
					"uv": [ 5.5, 0.5 ],
					"rotationOrigin": [ -1.2141, 0.6675, 0.6 ],
					"faces": {
						"north": { "texture": "#black", "uv": [ 5.5, 3.0, 6.5, 6.0 ] },
						"east": { "texture": "#black", "uv": [ 5.5, 0.5, 8.0, 3.5 ] },
						"south": { "texture": "#black", "uv": [ 8.5, 6.0, 9.5, 9.0 ] },
						"west": { "texture": "#black", "uv": [ 6.0, 5.0, 8.5, 8.0 ] },
						"up": { "texture": "#black", "uv": [ 9.0, 7.5, 10.0, 10.0 ] },
						"down": { "texture": "#black", "uv": [ 7.0, 9.0, 8.0, 11.5 ] }
					},
					"children": [
						{
							"name": "Bottom Left Pocket Top",
							"from": [ -0.2, 2.9, -0.2 ],
							"to": [ 1.2, 3.1, 3.1 ],
							"uv": [ 6.5, 8.0 ],
							"rotationOrigin": [ -0.2, 2.9, -0.2 ],
							"rotationZ": 10.3,
							"faces": {
								"north": { "texture": "#black", "uv": [ 6.5, 9.5, 7.5, 10.0 ] },
								"east": { "texture": "#black", "uv": [ 7.5, 9.0, 10.5, 9.5 ] },
								"south": { "texture": "#black", "uv": [ 7.5, 9.5, 8.5, 10.0 ] },
								"west": { "texture": "#black", "uv": [ 6.5, 9.5, 9.5, 10.0 ] },
								"up": { "texture": "#black", "uv": [ 15.0, 8.0, 16.0, 11.0 ] },
								"down": { "texture": "#black", "uv": [ 7.5, 8.5, 8.5, 11.5 ] }
							}
						},
						{
							"name": "Bottom Left Pocket Front",
							"from": [ -0.2, 2.1, -0.2 ],
							"to": [ 0.0, 3.1, 3.1 ],
							"uv": [ 6.5, 8.0 ],
							"rotationOrigin": [ -0.2, 2.1, -0.2 ],
							"faces": {
								"north": { "texture": "#black", "uv": [ 7.0, 10.0, 7.5, 11.0 ] },
								"east": { "texture": "#black", "uv": [ 6.5, 10.5, 9.5, 11.5 ] },
								"south": { "texture": "#black", "uv": [ 8.0, 9.0, 8.5, 10.0 ] },
								"west": { "texture": "#black", "uv": [ 6.5, 9.0, 9.5, 10.0 ] },
								"up": { "texture": "#black", "uv": [ 7.0, 8.5, 7.5, 11.5 ] },
								"down": { "texture": "#black", "uv": [ 7.5, 8.0, 8.0, 11.0 ] }
							}
						},
						{
							"name": "Bottom Left Pocket Straps",
							"from": [ -0.2028, 2.1, 1.2014 ],
							"to": [ 0.2972, 2.9, 1.4014 ],
							"uv": [ 4.0, 3.5 ],
							"rotationOrigin": [ -0.2, 2.1, 1.2 ],
							"rotationY": -89.9802,
							"faces": {
								"north": { "texture": "#leather", "uv": [ 4.0, 4.5, 4.5, 5.0 ] },
								"east": { "texture": "#leather", "uv": [ 9.0, 5.0, 9.5, 5.5 ] },
								"south": { "texture": "#leather", "uv": [ 5.5, 3.5, 6.0, 4.0 ] },
								"west": { "texture": "#leather", "uv": [ 7.5, 7.5, 8.0, 8.0 ] },
								"up": { "texture": "#leather", "uv": [ 6.5, 7.5, 7.0, 8.0 ] },
								"down": { "texture": "#leather", "uv": [ 6.0, 9.5, 9.0, 13.5 ], "autoUv": false }
							},
							"children": [
								{
									"name": "Bottom Left Pocket Strap ",
									"from": [ 0.0, 0.1, -1.1 ],
									"to": [ 0.5, 0.7, -0.9 ],
									"uv": [ 4.0, 3.5 ],
									"rotationOrigin": [ 0.0, -0.9, -1.1 ],
									"rotationX": 48.0,
									"faces": {
										"north": { "texture": "#leather", "uv": [ 4.0, 4.5, 4.5, 5.0 ] },
										"east": { "texture": "#leather", "uv": [ 9.0, 5.0, 9.5, 5.5 ] },
										"south": { "texture": "#leather", "uv": [ 5.5, 3.5, 6.0, 4.0 ] },
										"west": { "texture": "#leather", "uv": [ 7.5, 7.5, 8.0, 8.0 ] },
										"up": { "texture": "#leather", "uv": [ 6.5, 7.5, 7.0, 8.0 ] },
										"down": { "texture": "#leather", "uv": [ 6.0, 9.5, 9.0, 13.5 ], "autoUv": false }
									}
								},
								{
									"name": "Left Bottom Pocket Strap 2",
									"from": [ 0.0, -1.8, -0.2 ],
									"to": [ 0.5, -0.2, 0.0 ],
									"uv": [ 4.0, 3.5 ],
									"rotationOrigin": [ 0.0, -1.8, -0.2 ],
									"faces": {
										"north": { "texture": "#leather", "uv": [ 4.0, 4.5, 4.5, 6.0 ] },
										"east": { "texture": "#leather", "uv": [ 9.0, 5.0, 9.5, 6.5 ] },
										"south": { "texture": "#leather", "uv": [ 5.5, 3.5, 6.0, 5.0 ] },
										"west": { "texture": "#leather", "uv": [ 7.5, 7.5, 8.0, 9.0 ] },
										"up": { "texture": "#leather", "uv": [ 6.5, 7.5, 7.0, 8.0 ] },
										"down": { "texture": "#leather", "uv": [ 6.0, 9.5, 9.0, 13.5 ], "autoUv": false }
									}
								},
								{
									"name": "Left Bottom Pocket Strap Holder",
									"from": [ 0.0, -2.0, -0.2 ],
									"to": [ 0.5, -1.8, 0.0 ],
									"uv": [ 2.0, 3.5 ],
									"rotationOrigin": [ 0.0, -2.0, -0.2 ],
									"faces": {
										"north": { "texture": "#tinbronze", "uv": [ 4.0, 4.5, 4.5, 5.0 ] },
										"east": { "texture": "#tinbronze", "uv": [ 3.5, 3.5, 4.0, 4.0 ] },
										"south": { "texture": "#tinbronze", "uv": [ 3.5, 4.5, 4.0, 5.0 ] },
										"west": { "texture": "#tinbronze", "uv": [ 3.5, 4.0, 4.0, 4.5 ] },
										"up": { "texture": "#tinbronze", "uv": [ 3.5, 4.0, 4.0, 4.5 ] },
										"down": { "texture": "#tinbronze", "uv": [ 2.0, 5.0, 5.0, 9.0 ], "autoUv": false }
									}
								},
								{
									"name": "Left Bottom Pocket Buckle",
									"from": [ -0.1, -0.9, -0.3 ],
									"to": [ 0.6, -0.2, -0.2 ],
									"uv": [ 3.5, 4.0 ],
									"rotationOrigin": [ -0.1, -0.9, -0.3 ],
									"rotationX": 25.0,
									"faces": {
										"north": { "texture": "#tinbronze", "uv": [ 3.5, 4.0, 4.0, 4.5 ] },
										"east": { "texture": "#tinbronze", "uv": [ 3.5, 4.0, 4.0, 4.5 ] },
										"south": { "texture": "#tinbronze", "uv": [ 3.5, 4.0, 4.0, 4.5 ] },
										"west": { "texture": "#tinbronze", "uv": [ 3.5, 4.0, 4.0, 4.5 ] },
										"up": { "texture": "#tinbronze", "uv": [ 3.5, 4.0, 4.0, 4.5 ] },
										"down": { "texture": "#tinbronze", "uv": [ 3.5, 4.0, 4.0, 4.5 ] }
									}
								},
								{
									"name": "Left Bottom Pocket Buckles Pin",
									"from": [ 0.2, -0.88, -0.1 ],
									"to": [ 0.3, -0.38, 0.0 ],
									"uv": [ 3.5, 4.0 ],
									"rotationOrigin": [ 0.2, -0.8765, -0.1061 ],
									"rotationX": 12.8,
									"faces": {
										"north": { "texture": "#tinbronze", "uv": [ 3.5, 4.0, 4.0, 4.5 ] },
										"east": { "texture": "#tinbronze", "uv": [ 3.5, 4.0, 4.0, 4.5 ] },
										"south": { "texture": "#tinbronze", "uv": [ 3.5, 4.0, 4.0, 4.5 ] },
										"west": { "texture": "#tinbronze", "uv": [ 3.5, 4.0, 4.0, 4.5 ] },
										"up": { "texture": "#tinbronze", "uv": [ 3.5, 4.0, 4.0, 4.5 ] },
										"down": { "texture": "#tinbronze", "uv": [ 3.5, 4.0, 4.0, 4.5 ] }
									}
								},
								{
									"name": "Left Bottom Pocket Button",
									"from": [ 0.1, 0.2, 0.2 ],
									"to": [ 0.4, 0.4, 0.3 ],
									"uv": [ 2.0, 3.5 ],
									"rotationOrigin": [ 0.1, 0.2, 0.2 ],
									"faces": {
										"north": { "texture": "#tinbronze", "uv": [ 4.0, 4.5, 4.5, 5.0 ] },
										"east": { "texture": "#tinbronze", "uv": [ 3.5, 3.5, 4.0, 4.0 ] },
										"south": { "texture": "#tinbronze", "uv": [ 3.5, 4.5, 4.0, 5.0 ] },
										"west": { "texture": "#tinbronze", "uv": [ 3.5, 4.0, 4.0, 4.5 ] },
										"up": { "texture": "#tinbronze", "uv": [ 3.5, 4.0, 4.0, 4.5 ] },
										"down": { "texture": "#tinbronze", "uv": [ 2.0, 5.0, 5.0, 9.0 ], "autoUv": false }
									}
								},
								{
									"name": "Left Bottom Pocket Button2",
									"from": [ 0.1, 0.5, 0.2 ],
									"to": [ 0.4, 0.7, 0.3 ],
									"uv": [ 2.0, 3.5 ],
									"rotationOrigin": [ 0.1, 0.5, 0.2 ],
									"faces": {
										"north": { "texture": "#tinbronze", "uv": [ 4.0, 4.5, 4.5, 5.0 ] },
										"east": { "texture": "#tinbronze", "uv": [ 3.5, 3.5, 4.0, 4.0 ] },
										"south": { "texture": "#tinbronze", "uv": [ 3.5, 4.5, 4.0, 5.0 ] },
										"west": { "texture": "#tinbronze", "uv": [ 3.5, 4.0, 4.0, 4.5 ] },
										"up": { "texture": "#tinbronze", "uv": [ 3.5, 4.0, 4.0, 4.5 ] },
										"down": { "texture": "#tinbronze", "uv": [ 2.0, 5.0, 5.0, 9.0 ], "autoUv": false }
									}
								}
							]
						}
					]
				},
				{
					"name": "Bottom Right Pocket Base",
					"from": [ 9.17, 0.7019, 3.4 ],
					"to": [ 10.27, 3.8019, 6.3 ],
					"uv": [ 0.0, 0.0 ],
					"rotationOrigin": [ 8.1745, 0.7019, 3.4 ],
					"rotationX": 180.0,
					"rotationZ": -180.0,
					"faces": {
						"north": { "texture": "#black", "uv": [ 0.0, 0.0, 1.0, 3.0 ] },
						"east": { "texture": "#black", "uv": [ 0.0, 0.0, 2.5, 3.0 ] },
						"south": { "texture": "#black", "uv": [ 0.0, 0.0, 1.0, 3.0 ] },
						"west": { "texture": "#black", "uv": [ 0.0, 0.0, 2.5, 3.0 ] },
						"up": { "texture": "#black", "uv": [ 0.0, 0.0, 1.0, 2.5 ] },
						"down": { "texture": "#black", "uv": [ 0.0, 0.0, 1.0, 2.5 ] }
					},
					"children": [
						{
							"name": "Bottom Right Pocket Top",
							"from": [ -0.2, 2.9, -0.2 ],
							"to": [ 1.2, 3.1, 3.1 ],
							"uv": [ 7.0, 7.5 ],
							"rotationOrigin": [ -0.2, 2.9, -0.2 ],
							"rotationZ": 10.3,
							"faces": {
								"north": { "texture": "#black", "uv": [ 7.5, 10.0, 8.5, 10.5 ] },
								"east": { "texture": "#black", "uv": [ 7.0, 10.0, 10.0, 10.5 ] },
								"south": { "texture": "#black", "uv": [ 8.0, 9.5, 9.0, 10.0 ] },
								"west": { "texture": "#black", "uv": [ 7.5, 10.5, 10.5, 11.0 ] },
								"up": { "texture": "#black", "uv": [ 8.0, 9.0, 9.0, 12.0 ] },
								"down": { "texture": "#black", "uv": [ 7.5, 7.5, 8.5, 10.5 ] }
							}
						},
						{
							"name": "Bottom Right Pocket Front",
							"from": [ -0.2, 2.1, -0.2 ],
							"to": [ 0.0, 3.1, 3.1 ],
							"uv": [ 7.0, 8.0 ],
							"rotationOrigin": [ -0.2, 2.1, -0.2 ],
							"faces": {
								"north": { "texture": "#black", "uv": [ 8.0, 10.0, 8.5, 11.0 ] },
								"east": { "texture": "#black", "uv": [ 11.5, 10.5, 14.5, 11.5 ] },
								"south": { "texture": "#black", "uv": [ 8.5, 9.5, 9.0, 10.5 ] },
								"west": { "texture": "#black", "uv": [ 7.5, 9.5, 10.5, 10.5 ] },
								"up": { "texture": "#black", "uv": [ 7.5, 8.0, 8.0, 11.0 ] },
								"down": { "texture": "#black", "uv": [ 7.0, 8.0, 7.5, 11.0 ] }
							}
						},
						{
							"name": "Right Bottom Pocket Straps",
							"from": [ -0.197, 2.1, 1.0959 ],
							"to": [ 0.303, 2.9, 1.2959 ],
							"uv": [ 4.0, 3.5 ],
							"rotationOrigin": [ -0.2, 2.1, 1.1 ],
							"rotationX": 179.9858,
							"rotationY": -89.9802,
							"rotationZ": 179.9858,
							"faces": {
								"north": { "texture": "#leather", "uv": [ 4.0, 4.5, 4.5, 5.0 ] },
								"east": { "texture": "#leather", "uv": [ 9.0, 5.0, 9.5, 5.5 ] },
								"south": { "texture": "#leather", "uv": [ 5.5, 3.5, 6.0, 4.0 ] },
								"west": { "texture": "#leather", "uv": [ 7.5, 7.5, 8.0, 8.0 ] },
								"up": { "texture": "#leather", "uv": [ 6.5, 7.5, 7.0, 8.0 ] },
								"down": { "texture": "#leather", "uv": [ 6.0, 9.5, 9.0, 13.5 ], "autoUv": false }
							},
							"children": [
								{
									"name": "Right Bottom Pocket Strap",
									"from": [ 0.0, 0.1, -1.1 ],
									"to": [ 0.5, 0.7, -0.9 ],
									"uv": [ 4.0, 3.5 ],
									"rotationOrigin": [ 0.0, -0.9, -1.1 ],
									"rotationX": 48.0,
									"faces": {
										"north": { "texture": "#leather", "uv": [ 4.0, 4.5, 4.5, 5.0 ] },
										"east": { "texture": "#leather", "uv": [ 9.0, 5.0, 9.5, 5.5 ] },
										"south": { "texture": "#leather", "uv": [ 5.5, 3.5, 6.0, 4.0 ] },
										"west": { "texture": "#leather", "uv": [ 7.5, 7.5, 8.0, 8.0 ] },
										"up": { "texture": "#leather", "uv": [ 6.5, 7.5, 7.0, 8.0 ] },
										"down": { "texture": "#leather", "uv": [ 6.0, 9.5, 9.0, 13.5 ], "autoUv": false }
									}
								},
								{
									"name": "Right Bottom Pocket Strap 2",
									"from": [ 0.0, -1.8, -0.2 ],
									"to": [ 0.5, -0.2, 0.0 ],
									"uv": [ 4.0, 3.5 ],
									"rotationOrigin": [ 0.0, -1.8, -0.2 ],
									"faces": {
										"north": { "texture": "#leather", "uv": [ 4.0, 4.5, 4.5, 6.0 ] },
										"east": { "texture": "#leather", "uv": [ 9.0, 5.0, 9.5, 6.5 ] },
										"south": { "texture": "#leather", "uv": [ 5.5, 3.5, 6.0, 5.0 ] },
										"west": { "texture": "#leather", "uv": [ 7.5, 7.5, 8.0, 9.0 ] },
										"up": { "texture": "#leather", "uv": [ 6.5, 7.5, 7.0, 8.0 ] },
										"down": { "texture": "#leather", "uv": [ 6.0, 9.5, 9.0, 13.5 ], "autoUv": false }
									}
								},
								{
									"name": "Right Bottom Pocket Holder",
									"from": [ 0.0, -2.0, -0.2 ],
									"to": [ 0.5, -1.8, 0.0 ],
									"uv": [ 2.0, 3.5 ],
									"rotationOrigin": [ 0.0, -2.0, -0.2 ],
									"faces": {
										"north": { "texture": "#tinbronze", "uv": [ 4.0, 4.5, 4.5, 5.0 ] },
										"east": { "texture": "#tinbronze", "uv": [ 3.5, 3.5, 4.0, 4.0 ] },
										"south": { "texture": "#tinbronze", "uv": [ 3.5, 4.5, 4.0, 5.0 ] },
										"west": { "texture": "#tinbronze", "uv": [ 3.5, 4.0, 4.0, 4.5 ] },
										"up": { "texture": "#tinbronze", "uv": [ 3.5, 4.0, 4.0, 4.5 ] },
										"down": { "texture": "#tinbronze", "uv": [ 2.0, 5.0, 5.0, 9.0 ], "autoUv": false }
									}
								},
								{
									"name": "Bottom Right Pocket Buckle",
									"from": [ -0.1, -0.9, -0.3 ],
									"to": [ 0.6, -0.2, -0.2 ],
									"uv": [ 3.5, 4.0 ],
									"rotationOrigin": [ -0.1, -0.9, -0.3 ],
									"rotationX": 25.0,
									"faces": {
										"north": { "texture": "#tinbronze", "uv": [ 3.5, 4.0, 4.0, 4.5 ] },
										"east": { "texture": "#tinbronze", "uv": [ 3.5, 4.0, 4.0, 4.5 ] },
										"south": { "texture": "#tinbronze", "uv": [ 3.5, 4.0, 4.0, 4.5 ] },
										"west": { "texture": "#tinbronze", "uv": [ 3.5, 4.0, 4.0, 4.5 ] },
										"up": { "texture": "#tinbronze", "uv": [ 3.5, 4.0, 4.0, 4.5 ] },
										"down": { "texture": "#tinbronze", "uv": [ 3.5, 4.0, 4.0, 4.5 ] }
									}
								},
								{
									"name": "Bottom Right Pocket Buckle Pin",
									"from": [ 0.2, -0.88, -0.1 ],
									"to": [ 0.3, -0.38, 0.0 ],
									"uv": [ 3.5, 4.0 ],
									"rotationOrigin": [ 0.2, -0.8765, -0.1061 ],
									"rotationX": 12.8,
									"faces": {
										"north": { "texture": "#tinbronze", "uv": [ 3.5, 4.0, 4.0, 4.5 ] },
										"east": { "texture": "#tinbronze", "uv": [ 3.5, 4.0, 4.0, 4.5 ] },
										"south": { "texture": "#tinbronze", "uv": [ 3.5, 4.0, 4.0, 4.5 ] },
										"west": { "texture": "#tinbronze", "uv": [ 3.5, 4.0, 4.0, 4.5 ] },
										"up": { "texture": "#tinbronze", "uv": [ 3.5, 4.0, 4.0, 4.5 ] },
										"down": { "texture": "#tinbronze", "uv": [ 3.5, 4.0, 4.0, 4.5 ] }
									}
								},
								{
									"name": "Bottom Right Pocket Button 1",
									"from": [ 0.1, 0.5, 0.2 ],
									"to": [ 0.4, 0.7, 0.3 ],
									"uv": [ 2.0, 3.5 ],
									"rotationOrigin": [ 0.1, 0.5, 0.2 ],
									"faces": {
										"north": { "texture": "#tinbronze", "uv": [ 4.0, 4.5, 4.5, 5.0 ] },
										"east": { "texture": "#tinbronze", "uv": [ 3.5, 3.5, 4.0, 4.0 ] },
										"south": { "texture": "#tinbronze", "uv": [ 3.5, 4.5, 4.0, 5.0 ] },
										"west": { "texture": "#tinbronze", "uv": [ 3.5, 4.0, 4.0, 4.5 ] },
										"up": { "texture": "#tinbronze", "uv": [ 3.5, 4.0, 4.0, 4.5 ] },
										"down": { "texture": "#tinbronze", "uv": [ 2.0, 5.0, 5.0, 9.0 ], "autoUv": false }
									}
								},
								{
									"name": "Bottom Right Pocket Button 2",
									"from": [ 0.1, 0.2, 0.2 ],
									"to": [ 0.4, 0.4, 0.3 ],
									"uv": [ 2.0, 3.5 ],
									"rotationOrigin": [ 0.1, 0.2, 0.2 ],
									"faces": {
										"north": { "texture": "#tinbronze", "uv": [ 4.0, 4.5, 4.5, 5.0 ] },
										"east": { "texture": "#tinbronze", "uv": [ 3.5, 3.5, 4.0, 4.0 ] },
										"south": { "texture": "#tinbronze", "uv": [ 3.5, 4.5, 4.0, 5.0 ] },
										"west": { "texture": "#tinbronze", "uv": [ 3.5, 4.0, 4.0, 4.5 ] },
										"up": { "texture": "#tinbronze", "uv": [ 3.5, 4.0, 4.0, 4.5 ] },
										"down": { "texture": "#tinbronze", "uv": [ 2.0, 5.0, 5.0, 9.0 ], "autoUv": false }
									}
								}
							]
						}
					]
				},
				{
					"name": "Top Left Pock Base",
					"from": [ -0.62, 4.66, 0.6 ],
					"to": [ -0.02, 7.66, 3.5 ],
					"uv": [ 5.5, 0.5 ],
					"rotationOrigin": [ -0.6235, 4.662, 0.6 ],
					"faces": {
						"north": { "texture": "#black", "uv": [ 5.5, 3.0, 6.0, 6.0 ] },
						"east": { "texture": "#black", "uv": [ 5.5, 0.5, 8.0, 3.5 ] },
						"south": { "texture": "#black", "uv": [ 8.5, 6.0, 9.0, 9.0 ] },
						"west": { "texture": "#black", "uv": [ 6.0, 5.0, 8.5, 8.0 ] },
						"up": { "texture": "#black", "uv": [ 9.0, 7.5, 9.5, 10.0 ] },
						"down": { "texture": "#black", "uv": [ 7.0, 9.0, 7.5, 11.5 ] }
					},
					"children": [
						{
							"name": "Top Left Pocket Top",
							"from": [ -0.2, 2.9, -0.2 ],
							"to": [ 0.7, 3.1, 3.1 ],
							"uv": [ 5.0, 8.5 ],
							"rotationOrigin": [ -0.2, 2.9, -0.2 ],
							"rotationZ": 10.3,
							"faces": {
								"north": { "texture": "#black", "uv": [ 6.5, 9.5, 7.0, 10.0 ] },
								"east": { "texture": "#black", "uv": [ 6.0, 9.5, 9.0, 10.0 ] },
								"south": { "texture": "#black", "uv": [ 8.0, 9.5, 8.5, 10.0 ] },
								"west": { "texture": "#black", "uv": [ 5.0, 9.5, 8.0, 10.0 ] },
								"up": { "texture": "#black", "uv": [ 5.0, 8.5, 5.5, 11.5 ] },
								"down": { "texture": "#black", "uv": [ 7.0, 8.5, 7.5, 11.5 ] }
							}
						},
						{
							"name": "Top Left Pocket Front",
							"from": [ -0.2, 2.1, -0.2 ],
							"to": [ 0.0, 3.1, 3.1 ],
							"uv": [ 4.5, 8.0 ],
							"rotationOrigin": [ -0.2, 2.1, -0.2 ],
							"faces": {
								"north": { "texture": "#black", "uv": [ 5.5, 10.0, 6.0, 11.0 ] },
								"east": { "texture": "#black", "uv": [ 5.0, 9.5, 8.0, 10.5 ] },
								"south": { "texture": "#black", "uv": [ 5.5, 9.0, 6.0, 10.0 ] },
								"west": { "texture": "#black", "uv": [ 4.5, 9.5, 7.5, 10.5 ] },
								"up": { "texture": "#black", "uv": [ 6.0, 8.5, 6.5, 11.5 ] },
								"down": { "texture": "#black", "uv": [ 6.0, 8.0, 6.5, 11.0 ] }
							}
						},
						{
							"name": "Left Top Pocket Buttons",
							"from": [ -0.2, 2.3, 0.1 ],
							"to": [ 0.3, 2.8, 0.2 ],
							"uv": [ 2.0, 3.5 ],
							"rotationOrigin": [ -0.2, 2.3, 0.1 ],
							"rotationY": -89.9802,
							"faces": {
								"north": { "texture": "#tinbronze", "uv": [ 4.0, 4.5, 4.5, 5.0 ] },
								"east": { "texture": "#tinbronze", "uv": [ 3.5, 3.5, 4.0, 4.0 ] },
								"south": { "texture": "#tinbronze", "uv": [ 3.5, 4.5, 4.0, 5.0 ] },
								"west": { "texture": "#tinbronze", "uv": [ 3.5, 4.0, 4.0, 4.5 ] },
								"up": { "texture": "#tinbronze", "uv": [ 3.5, 4.0, 4.0, 4.5 ] },
								"down": { "texture": "#tinbronze", "uv": [ 2.0, 5.0, 5.0, 9.0 ], "autoUv": false }
							},
							"children": [
								{
									"name": "Left Top Pocket Button",
									"from": [ 2.2, 0.0, 8.0E-4 ],
									"to": [ 2.7, 0.5, 0.1008 ],
									"uv": [ 2.0, 3.5 ],
									"rotationOrigin": [ 2.2, 0.0, 8.0E-4 ],
									"faces": {
										"north": { "texture": "#tinbronze", "uv": [ 4.0, 4.5, 4.5, 5.0 ] },
										"east": { "texture": "#tinbronze", "uv": [ 3.5, 3.5, 4.0, 4.0 ] },
										"south": { "texture": "#tinbronze", "uv": [ 3.5, 4.5, 4.0, 5.0 ] },
										"west": { "texture": "#tinbronze", "uv": [ 3.5, 4.0, 4.0, 4.5 ] },
										"up": { "texture": "#tinbronze", "uv": [ 3.5, 4.0, 4.0, 4.5 ] },
										"down": { "texture": "#tinbronze", "uv": [ 2.0, 5.0, 5.0, 9.0 ], "autoUv": false }
									}
								}
							]
						}
					]
				},
				{
					"name": "Top Right Backpack Base",
					"from": [ 8.67, 4.6964, 3.4 ],
					"to": [ 9.27, 7.6964, 6.3 ],
					"uv": [ 0.0, 0.0 ],
					"rotationOrigin": [ 7.6652, 4.6964, 3.4 ],
					"rotationX": 180.0,
					"rotationZ": -180.0,
					"faces": {
						"north": { "texture": "#black", "uv": [ 0.0, 0.0, 0.5, 3.0 ] },
						"east": { "texture": "#black", "uv": [ 0.0, 0.0, 2.5, 3.0 ] },
						"south": { "texture": "#black", "uv": [ 0.0, 0.0, 0.5, 3.0 ] },
						"west": { "texture": "#black", "uv": [ 0.0, 0.0, 2.5, 3.0 ] },
						"up": { "texture": "#black", "uv": [ 0.0, 0.0, 0.5, 2.5 ] },
						"down": { "texture": "#black", "uv": [ 0.0, 0.0, 0.5, 2.5 ] }
					},
					"children": [
						{
							"name": "Top Right Pocket Top",
							"from": [ -0.2, 2.9, -0.2 ],
							"to": [ 0.7, 3.1, 3.1 ],
							"uv": [ 7.0, 7.5 ],
							"rotationOrigin": [ -0.2, 2.9, -0.2 ],
							"rotationZ": 10.3,
							"faces": {
								"north": { "texture": "#black", "uv": [ 7.5, 10.0, 8.0, 10.5 ] },
								"east": { "texture": "#black", "uv": [ 7.0, 10.0, 10.0, 10.5 ] },
								"south": { "texture": "#black", "uv": [ 8.0, 9.5, 8.5, 10.0 ] },
								"west": { "texture": "#black", "uv": [ 7.5, 10.5, 10.5, 11.0 ] },
								"up": { "texture": "#black", "uv": [ 8.0, 9.0, 8.5, 12.0 ] },
								"down": { "texture": "#black", "uv": [ 7.5, 7.5, 8.0, 10.5 ] }
							}
						},
						{
							"name": "Top Right Pocket Front",
							"from": [ -0.2, 2.1, -0.2 ],
							"to": [ 0.0, 3.1, 3.1 ],
							"uv": [ 5.0, 8.5 ],
							"rotationOrigin": [ -0.2, 2.1, -0.2 ],
							"faces": {
								"north": { "texture": "#black", "uv": [ 7.5, 9.5, 8.0, 10.5 ] },
								"east": { "texture": "#black", "uv": [ 5.0, 9.5, 8.0, 10.5 ] },
								"south": { "texture": "#black", "uv": [ 7.0, 9.5, 7.5, 10.5 ] },
								"west": { "texture": "#black", "uv": [ 6.0, 9.5, 9.0, 10.5 ] },
								"up": { "texture": "#black", "uv": [ 6.5, 8.5, 7.0, 11.5 ] },
								"down": { "texture": "#black", "uv": [ 7.0, 8.5, 7.5, 11.5 ] }
							}
						},
						{
							"name": "Right Top Pocket Buttons",
							"from": [ -0.3, 2.3, 2.8 ],
							"to": [ 0.2, 2.8, 2.9 ],
							"uv": [ 2.0, 3.5 ],
							"rotationOrigin": [ -0.3, 2.3, 2.8 ],
							"rotationX": -179.9858,
							"rotationY": 89.9802,
							"rotationZ": 179.9858,
							"faces": {
								"north": { "texture": "#tinbronze", "uv": [ 4.0, 4.5, 4.5, 5.0 ] },
								"east": { "texture": "#tinbronze", "uv": [ 3.5, 3.5, 4.0, 4.0 ] },
								"south": { "texture": "#tinbronze", "uv": [ 3.5, 4.5, 4.0, 5.0 ] },
								"west": { "texture": "#tinbronze", "uv": [ 3.5, 4.0, 4.0, 4.5 ] },
								"up": { "texture": "#tinbronze", "uv": [ 3.5, 4.0, 4.0, 4.5 ] },
								"down": { "texture": "#tinbronze", "uv": [ 2.0, 5.0, 5.0, 9.0 ], "autoUv": false }
							},
							"children": [
								{
									"name": "Right Top Pocket Button",
									"from": [ 2.2, 0.0, 8.0E-4 ],
									"to": [ 2.7, 0.5, 0.1008 ],
									"uv": [ 2.0, 3.5 ],
									"rotationOrigin": [ 2.2, 0.0, 8.0E-4 ],
									"faces": {
										"north": { "texture": "#tinbronze", "uv": [ 4.0, 4.5, 4.5, 5.0 ] },
										"east": { "texture": "#tinbronze", "uv": [ 3.5, 3.5, 4.0, 4.0 ] },
										"south": { "texture": "#tinbronze", "uv": [ 3.5, 4.5, 4.0, 5.0 ] },
										"west": { "texture": "#tinbronze", "uv": [ 3.5, 4.0, 4.0, 4.5 ] },
										"up": { "texture": "#tinbronze", "uv": [ 3.5, 4.0, 4.0, 4.5 ] },
										"down": { "texture": "#tinbronze", "uv": [ 2.0, 5.0, 5.0, 9.0 ], "autoUv": false }
									}
								}
							]
						}
					]
				},
				{
					"name": "Top Pocket Base",
					"from": [ 0.18, 7.9988, 0.0 ],
					"to": [ 5.88, 9.5988, 3.6 ],
					"uv": [ 0.0, 0.0 ],
					"rotationOrigin": [ 0.1818, 7.9988, 0.0 ],
					"faces": {
						"north": { "texture": "#black", "uv": [ 0.0, 0.0, 5.5, 1.5 ] },
						"east": { "texture": "#black", "uv": [ 0.0, 0.0, 3.5, 1.5 ] },
						"south": { "texture": "#black", "uv": [ 0.0, 0.0, 5.5, 1.5 ] },
						"west": { "texture": "#black", "uv": [ 0.0, 0.0, 3.5, 1.5 ] },
						"up": { "texture": "#black", "uv": [ 0.0, 0.0, 5.5, 3.5 ] },
						"down": { "texture": "#black", "uv": [ 0.0, 0.0, 5.5, 3.5 ] }
					},
					"children": [
						{
							"name": "Top Pocket Top",
							"from": [ -0.2, 1.6, 0.0 ],
							"to": [ 5.9, 2.0, 3.5 ],
							"uv": [ 8.5, 0.5 ],
							"rotationOrigin": [ -0.2, 1.6, 0.0 ],
							"faces": {
								"north": { "texture": "#black", "uv": [ 9.0, 2.0, 15.0, 2.5 ] },
								"east": { "texture": "#black", "uv": [ 10.5, 2.0, 14.0, 2.5 ] },
								"south": { "texture": "#black", "uv": [ 8.5, 2.0, 14.5, 2.5 ] },
								"west": { "texture": "#black", "uv": [ 11.0, 1.0, 14.5, 1.5 ] },
								"up": { "texture": "#black", "uv": [ 9.5, 0.5, 15.5, 4.0 ] },
								"down": { "texture": "#black", "uv": [ 8.5, 1.0, 14.5, 4.5 ] }
							}
						},
						{
							"name": "Top Pocket Front",
							"from": [ -0.2, 1.8, 3.2 ],
							"to": [ 5.9, 2.1, 5.3 ],
							"uv": [ 8.5, 0.5 ],
							"rotationOrigin": [ -0.2, 1.8, 3.2 ],
							"rotationX": 66.0,
							"faces": {
								"north": { "texture": "#black", "uv": [ 8.5, 2.0, 14.5, 2.5 ] },
								"east": { "texture": "#black", "uv": [ 13.0, 2.0, 15.0, 2.5 ] },
								"south": { "texture": "#black", "uv": [ 9.5, 1.0, 15.5, 1.5 ] },
								"west": { "texture": "#black", "uv": [ 12.5, 2.0, 14.5, 2.5 ] },
								"up": { "texture": "#black", "uv": [ 9.5, 1.0, 15.5, 3.0 ] },
								"down": { "texture": "#black", "uv": [ 9.0, 0.5, 15.0, 2.5 ] }
							}
						},
						{
							"name": "Main Strap Buckles",
							"from": [ 4.3, -1.5, 3.9 ],
							"to": [ 5.0, -0.8, 4.0 ],
							"uv": [ 3.5, 4.0 ],
							"rotationOrigin": [ 4.3, -1.5, 3.9 ],
							"rotationX": 25.0,
							"faces": {
								"north": { "texture": "#tinbronze", "uv": [ 3.5, 4.0, 4.0, 4.5 ] },
								"east": { "texture": "#tinbronze", "uv": [ 3.5, 4.0, 4.0, 4.5 ] },
								"south": { "texture": "#tinbronze", "uv": [ 3.5, 4.0, 4.0, 4.5 ] },
								"west": { "texture": "#tinbronze", "uv": [ 3.5, 4.0, 4.0, 4.5 ] },
								"up": { "texture": "#tinbronze", "uv": [ 3.5, 4.0, 4.0, 4.5 ] },
								"down": { "texture": "#tinbronze", "uv": [ 3.5, 4.0, 4.0, 4.5 ] }
							},
							"children": [
								{
									"name": "Main Strap Buckles Pin",
									"from": [ 0.3, 0.1, 0.17 ],
									"to": [ 0.4, 0.6, 0.27 ],
									"uv": [ 3.5, 4.0 ],
									"rotationOrigin": [ 0.3, 0.1033, 0.1658 ],
									"rotationX": -12.2,
									"faces": {
										"north": { "texture": "#tinbronze", "uv": [ 3.5, 4.0, 4.0, 4.5 ] },
										"east": { "texture": "#tinbronze", "uv": [ 3.5, 4.0, 4.0, 4.5 ] },
										"south": { "texture": "#tinbronze", "uv": [ 3.5, 4.0, 4.0, 4.5 ] },
										"west": { "texture": "#tinbronze", "uv": [ 3.5, 4.0, 4.0, 4.5 ] },
										"up": { "texture": "#tinbronze", "uv": [ 3.5, 4.0, 4.0, 4.5 ] },
										"down": { "texture": "#tinbronze", "uv": [ 3.5, 4.0, 4.0, 4.5 ] }
									}
								},
								{
									"name": "Main Strap Buckles2",
									"from": [ -3.6, 0.0, 0.0 ],
									"to": [ -2.9, 0.7, 0.1 ],
									"uv": [ 3.5, 4.0 ],
									"rotationOrigin": [ -3.6, 0.0, 0.0 ],
									"faces": {
										"north": { "texture": "#tinbronze", "uv": [ 3.5, 4.0, 4.0, 4.5 ] },
										"east": { "texture": "#tinbronze", "uv": [ 3.5, 4.0, 4.0, 4.5 ] },
										"south": { "texture": "#tinbronze", "uv": [ 3.5, 4.0, 4.0, 4.5 ] },
										"west": { "texture": "#tinbronze", "uv": [ 3.5, 4.0, 4.0, 4.5 ] },
										"up": { "texture": "#tinbronze", "uv": [ 3.5, 4.0, 4.0, 4.5 ] },
										"down": { "texture": "#tinbronze", "uv": [ 3.5, 4.0, 4.0, 4.5 ] }
									}
								},
								{
									"name": "Main Strap Buckles Pin2",
									"from": [ -3.3, 0.1, 0.17 ],
									"to": [ -3.2, 0.6, 0.27 ],
									"uv": [ 3.5, 4.0 ],
									"rotationOrigin": [ -3.3, 0.1033, 0.1658 ],
									"rotationX": -12.2,
									"faces": {
										"north": { "texture": "#tinbronze", "uv": [ 3.5, 4.0, 4.0, 4.5 ] },
										"east": { "texture": "#tinbronze", "uv": [ 3.5, 4.0, 4.0, 4.5 ] },
										"south": { "texture": "#tinbronze", "uv": [ 3.5, 4.0, 4.0, 4.5 ] },
										"west": { "texture": "#tinbronze", "uv": [ 3.5, 4.0, 4.0, 4.5 ] },
										"up": { "texture": "#tinbronze", "uv": [ 3.5, 4.0, 4.0, 4.5 ] },
										"down": { "texture": "#tinbronze", "uv": [ 3.5, 4.0, 4.0, 4.5 ] }
									}
								},
								{
									"name": "Main Strap Buckles Holder",
									"from": [ 0.0, -0.15, 0.08 ],
									"to": [ 0.7, 0.15, 0.28 ],
									"uv": [ 3.5, 4.0 ],
									"rotationOrigin": [ 0.0, -0.1501, 0.0762 ],
									"rotationX": 65.0,
									"faces": {
										"north": { "texture": "#tinbronze", "uv": [ 3.5, 4.0, 4.0, 4.5 ] },
										"east": { "texture": "#tinbronze", "uv": [ 3.5, 4.0, 4.0, 4.5 ] },
										"south": { "texture": "#tinbronze", "uv": [ 3.5, 4.0, 4.0, 4.5 ] },
										"west": { "texture": "#tinbronze", "uv": [ 3.5, 4.0, 4.0, 4.5 ] },
										"up": { "texture": "#tinbronze", "uv": [ 3.5, 4.0, 4.0, 4.5 ] },
										"down": { "texture": "#tinbronze", "uv": [ 3.5, 4.0, 4.0, 4.5 ] }
									}
								},
								{
									"name": "Main Strap Buckles Holder2",
									"from": [ -3.6, -0.15, 0.08 ],
									"to": [ -2.9, 0.15, 0.28 ],
									"uv": [ 3.5, 4.0 ],
									"rotationOrigin": [ -3.6, -0.1501, 0.0762 ],
									"rotationX": 65.0,
									"faces": {
										"north": { "texture": "#tinbronze", "uv": [ 3.5, 4.0, 4.0, 4.5 ] },
										"east": { "texture": "#tinbronze", "uv": [ 3.5, 4.0, 4.0, 4.5 ] },
										"south": { "texture": "#tinbronze", "uv": [ 3.5, 4.0, 4.0, 4.5 ] },
										"west": { "texture": "#tinbronze", "uv": [ 3.5, 4.0, 4.0, 4.5 ] },
										"up": { "texture": "#tinbronze", "uv": [ 3.5, 4.0, 4.0, 4.5 ] },
										"down": { "texture": "#tinbronze", "uv": [ 3.5, 4.0, 4.0, 4.5 ] }
									}
								},
								{
									"name": "Main Strap Buckles Holder3",
									"from": [ -3.5, -2.25, 1.18 ],
									"to": [ -3.0, -2.05, 1.38 ],
									"uv": [ 3.5, 4.0 ],
									"rotationOrigin": [ -3.5, -2.2501, 1.1762 ],
									"rotationX": 65.0,
									"faces": {
										"north": { "texture": "#tinbronze", "uv": [ 3.5, 4.0, 4.0, 4.5 ] },
										"east": { "texture": "#tinbronze", "uv": [ 3.5, 4.0, 4.0, 4.5 ] },
										"south": { "texture": "#tinbronze", "uv": [ 3.5, 4.0, 4.0, 4.5 ] },
										"west": { "texture": "#tinbronze", "uv": [ 3.5, 4.0, 4.0, 4.5 ] },
										"up": { "texture": "#tinbronze", "uv": [ 3.5, 4.0, 4.0, 4.5 ] },
										"down": { "texture": "#tinbronze", "uv": [ 3.5, 4.0, 4.0, 4.5 ] }
									}
								},
								{
									"name": "Main Strap Buckles Holder4",
									"from": [ 0.1, -2.25, 1.18 ],
									"to": [ 0.6, -2.05, 1.38 ],
									"uv": [ 3.5, 4.0 ],
									"rotationOrigin": [ 0.1, -2.2501, 1.1762 ],
									"rotationX": 65.0,
									"faces": {
										"north": { "texture": "#tinbronze", "uv": [ 3.5, 4.0, 4.0, 4.5 ] },
										"east": { "texture": "#tinbronze", "uv": [ 3.5, 4.0, 4.0, 4.5 ] },
										"south": { "texture": "#tinbronze", "uv": [ 3.5, 4.0, 4.0, 4.5 ] },
										"west": { "texture": "#tinbronze", "uv": [ 3.5, 4.0, 4.0, 4.5 ] },
										"up": { "texture": "#tinbronze", "uv": [ 3.5, 4.0, 4.0, 4.5 ] },
										"down": { "texture": "#tinbronze", "uv": [ 3.5, 4.0, 4.0, 4.5 ] }
									}
								}
							]
						}
					]
				},
				{
					"name": "Back Strap Left",
					"from": [ 0.2, 0.31, -0.4 ],
					"to": [ 0.9, 10.31, 0.0 ],
					"uv": [ 0.0, 0.0 ],
					"rotationOrigin": [ 0.2005, 0.3098, -0.4 ],
					"rotationZ": -3.0,
					"faces": {
						"north": { "texture": "#leather", "uv": [ 0.0, 0.0, 0.5, 10.0 ] },
						"east": { "texture": "#leather", "uv": [ 0.0, 0.0, 0.5, 10.0 ] },
						"south": { "texture": "#leather", "uv": [ 0.0, 0.0, 0.5, 10.0 ] },
						"west": { "texture": "#leather", "uv": [ 0.0, 0.0, 0.5, 10.0 ] },
						"up": { "texture": "#leather", "uv": [ 0.0, 0.0, 0.5, 0.5 ] },
						"down": { "texture": "#leather", "uv": [ 0.0, 0.0, 0.5, 0.5 ] }
					}
				},
				{
					"name": "Back Strap Right",
					"from": [ 5.0938, 0.27, -0.4 ],
					"to": [ 5.7938, 10.27, 0.0 ],
					"uv": [ 0.0, 0.0 ],
					"rotationOrigin": [ 5.0938, 0.2663, -0.4 ],
					"rotationZ": 3.0,
					"faces": {
						"north": { "texture": "#leather", "uv": [ 0.0, 0.0, 0.5, 10.0 ] },
						"east": { "texture": "#leather", "uv": [ 0.0, 0.0, 0.5, 10.0 ] },
						"south": { "texture": "#leather", "uv": [ 0.0, 0.0, 0.5, 10.0 ] },
						"west": { "texture": "#leather", "uv": [ 0.0, 0.0, 0.5, 10.0 ] },
						"up": { "texture": "#leather", "uv": [ 0.0, 0.0, 0.5, 0.5 ] },
						"down": { "texture": "#leather", "uv": [ 0.0, 0.0, 0.5, 0.5 ] }
					}
				},
				{
					"name": "Left Back Strap Buckle",
					"from": [ 0.5, 7.0, -0.3 ],
					"to": [ 1.3, 7.8, 0.0 ],
					"uv": [ 0.0, 0.0 ],
					"rotationOrigin": [ 0.5, 7.0, -0.3 ],
					"rotationX": -28.0,
					"rotationZ": -3.0,
					"faces": {
						"north": { "texture": "#tinbronze", "uv": [ 3.5, 4.5, 4.0, 5.0 ] },
						"east": { "texture": "#tinbronze", "uv": [ 3.5, 4.0, 4.0, 4.5 ] },
						"south": { "texture": "#tinbronze", "uv": [ 3.5, 4.0, 4.0, 4.5 ] },
						"west": { "texture": "#tinbronze", "uv": [ 3.5, 3.5, 4.0, 4.0 ] },
						"up": { "texture": "#tinbronze", "uv": [ 3.5, 4.0, 4.0, 4.5 ] },
						"down": { "texture": "#tinbronze", "uv": [ 3.5, 4.0, 4.0, 4.5 ] }
					}
				},
				{
					"name": "Right Back Strap Buckle",
					"from": [ 4.7, 7.0, -0.3 ],
					"to": [ 5.5, 7.8, 0.0 ],
					"uv": [ 0.0, 0.0 ],
					"rotationOrigin": [ 4.7, 7.0, -0.3 ],
					"rotationX": -28.0,
					"rotationZ": 3.0,
					"faces": {
						"north": { "texture": "#tinbronze", "uv": [ 3.5, 4.5, 4.0, 5.0 ] },
						"east": { "texture": "#tinbronze", "uv": [ 3.5, 4.0, 4.0, 4.5 ] },
						"south": { "texture": "#tinbronze", "uv": [ 3.5, 4.0, 4.0, 4.5 ] },
						"west": { "texture": "#tinbronze", "uv": [ 3.5, 3.5, 4.0, 4.0 ] },
						"up": { "texture": "#tinbronze", "uv": [ 3.5, 4.0, 4.0, 4.5 ] },
						"down": { "texture": "#tinbronze", "uv": [ 3.5, 4.0, 4.0, 4.5 ] }
					}
				},
				{
					"name": "Right Back Strap Buckle Pin",
					"from": [ 5.0, 6.7, -0.3 ],
					"to": [ 5.2, 7.5, -0.1 ],
					"uv": [ 0.0, 0.0 ],
					"rotationOrigin": [ 5.0, 6.7, -0.3 ],
					"rotationX": -28.0,
					"rotationZ": 3.0,
					"faces": {
						"north": { "texture": "#tinbronze", "uv": [ 3.5, 4.5, 4.0, 5.0 ] },
						"east": { "texture": "#tinbronze", "uv": [ 3.5, 4.0, 4.0, 4.5 ] },
						"south": { "texture": "#tinbronze", "uv": [ 3.5, 4.0, 4.0, 4.5 ] },
						"west": { "texture": "#tinbronze", "uv": [ 3.5, 3.5, 4.0, 4.0 ] },
						"up": { "texture": "#tinbronze", "uv": [ 3.5, 4.0, 4.0, 4.5 ] },
						"down": { "texture": "#tinbronze", "uv": [ 3.5, 4.0, 4.0, 4.5 ] }
					}
				},
				{
					"name": "Left Back Strap Buckle Pin",
					"from": [ 0.8, 6.7, -0.3 ],
					"to": [ 1.0, 7.5, -0.1 ],
					"uv": [ 0.0, 0.0 ],
					"rotationOrigin": [ 0.8, 6.7, -0.3 ],
					"rotationX": -28.0,
					"rotationZ": -3.0,
					"faces": {
						"north": { "texture": "#tinbronze", "uv": [ 3.5, 4.5, 4.0, 5.0 ] },
						"east": { "texture": "#tinbronze", "uv": [ 3.5, 4.0, 4.0, 4.5 ] },
						"south": { "texture": "#tinbronze", "uv": [ 3.5, 4.0, 4.0, 4.5 ] },
						"west": { "texture": "#tinbronze", "uv": [ 3.5, 3.5, 4.0, 4.0 ] },
						"up": { "texture": "#tinbronze", "uv": [ 3.5, 4.0, 4.0, 4.5 ] },
						"down": { "texture": "#tinbronze", "uv": [ 3.5, 4.0, 4.0, 4.5 ] }
					}
				},
				{
					"name": "Back Strap Left 2",
					"from": [ 0.4, 3.31, -0.9 ],
					"to": [ 1.1, 7.21, -0.5 ],
					"uv": [ 0.0, 0.0 ],
					"rotationOrigin": [ 0.4005, 3.3098, -0.9 ],
					"rotationX": 8.0,
					"rotationZ": -3.0,
					"faces": {
						"north": { "texture": "#leather", "uv": [ 0.0, 0.0, 0.5, 3.5 ] },
						"east": { "texture": "#leather", "uv": [ 0.0, 0.0, 0.5, 3.5 ] },
						"south": { "texture": "#leather", "uv": [ 0.0, 0.0, 0.5, 3.5 ] },
						"west": { "texture": "#leather", "uv": [ 0.0, 0.0, 0.5, 3.5 ] },
						"up": { "texture": "#leather", "uv": [ 0.0, 0.0, 0.5, 0.5 ] },
						"down": { "texture": "#leather", "uv": [ 0.0, 0.0, 0.5, 0.5 ] }
					}
				},
				{
					"name": "Back Strap Right 2",
					"from": [ 4.9, 3.31, -0.9 ],
					"to": [ 5.6, 7.21, -0.5 ],
					"uv": [ 0.0, 0.0 ],
					"rotationOrigin": [ 4.9005, 3.3098, -0.9 ],
					"rotationX": 8.0,
					"rotationZ": 3.0,
					"faces": {
						"north": { "texture": "#leather", "uv": [ 0.0, 0.0, 0.5, 3.5 ] },
						"east": { "texture": "#leather", "uv": [ 0.0, 0.0, 0.5, 3.5 ] },
						"south": { "texture": "#leather", "uv": [ 0.0, 0.0, 0.5, 3.5 ] },
						"west": { "texture": "#leather", "uv": [ 0.0, 0.0, 0.5, 3.5 ] },
						"up": { "texture": "#leather", "uv": [ 0.0, 0.0, 0.5, 0.5 ] },
						"down": { "texture": "#leather", "uv": [ 0.0, 0.0, 0.5, 0.5 ] }
					}
				},
				{
					"name": "Back Strap Left 3",
					"from": [ 0.4, 3.01, -0.9 ],
					"to": [ 1.1, 3.31, -0.5 ],
					"uv": [ 0.0, 0.0 ],
					"rotationOrigin": [ 0.4005, 3.0098, -0.9 ],
					"rotationX": 8.0,
					"rotationZ": -3.0,
					"faces": {
						"north": { "texture": "#tinbronze", "uv": [ 3.5, 4.0, 4.0, 4.5 ] },
						"east": { "texture": "#tinbronze", "uv": [ 3.5, 4.0, 4.0, 4.5 ] },
						"south": { "texture": "#tinbronze", "uv": [ 3.5, 4.0, 4.0, 4.5 ] },
						"west": { "texture": "#tinbronze", "uv": [ 3.5, 4.0, 4.0, 4.5 ] },
						"up": { "texture": "#tinbronze", "uv": [ 3.5, 4.0, 4.0, 4.5 ] },
						"down": { "texture": "#tinbronze", "uv": [ 3.0, 4.0, 3.5, 4.5 ] }
					}
				},
				{
					"name": "Back Strap Right 3",
					"from": [ 4.9, 3.01, -0.9 ],
					"to": [ 5.6, 3.31, -0.5 ],
					"uv": [ 0.0, 0.0 ],
					"rotationOrigin": [ 4.9005, 3.0098, -0.9 ],
					"rotationX": 8.0,
					"rotationZ": 3.0,
					"faces": {
						"north": { "texture": "#tinbronze", "uv": [ 3.5, 4.0, 4.0, 4.5 ] },
						"east": { "texture": "#tinbronze", "uv": [ 3.5, 4.0, 4.0, 4.5 ] },
						"south": { "texture": "#tinbronze", "uv": [ 3.5, 4.0, 4.0, 4.5 ] },
						"west": { "texture": "#tinbronze", "uv": [ 3.5, 4.0, 4.0, 4.5 ] },
						"up": { "texture": "#tinbronze", "uv": [ 3.5, 4.0, 4.0, 4.5 ] },
						"down": { "texture": "#tinbronze", "uv": [ 3.0, 4.0, 3.5, 4.5 ] }
					}
				}
			]
		}
	]}