{
	code: "floor_cushion",
	behaviors: [{name: "UnstableFalling"} ],
	attributes: {
		handbook: {
			groupBy: ["cushion-*"]
		}
	},
	variantgroups: [
		{ code: "type", states: ["plain", "blue", "red", "yellow", "purple", "brown", "green", "orange", "black", "gray", "pink", "white"] },
	],
	drawtype: "json",
	shape: {base: "shapes/block/floorcushion"
	},
	texturesByType: {
		"*": {
		"blue": {base: "game:block/cloth/linen/{type}"},
		"normal1": {base:"game:block/cloth/linen/normal1"}
		}
	},
	heldTpIdleAnimation: "holdunderarm",
	creativeinventoryByType: {
		"*": { "general": ["*"], "decorative": ["*"], "Kevin's Furniture": ["*"] }
	},
	blockmaterial: "Cloth",
	replaceable: 900,
	resistance: 1.5,
	lightAbsorption: 1,
	sidesolid: {
		all: false
	},	
	sideopaque: {
		all: false
	},
	combustibleProps: {
		burnTemperature: 600,
		burnDuration: 30,
	},
	sounds: {
		"place": "game:block/cloth",
		"hit": "game:block/cloth",
		"break": "game:block/cloth",
		"walk": "game:walk/cloth"
	},
	materialDensity: 400,
	selectionbox: { x1: 0.0625, y1: 0, z1: 0.0625, x2: 0.9375, y2: 0.25, z2: 0.9375 },
	collisionbox: { x1: 0.0625, y1: 0, z1: 0.0625, x2: 0.9375, y2: 0.25, z2: 0.9375 }
}