[
	{
	"ingredientPattern": "BTB,WNW,_S_",
	"enabled": true,
	"requiresTrait": "clothier",
	"ingredients": {
		"B": { "type": "item", "code": "wool:cloth-wool-black" },
		"W": { "type": "item", "code": "wool:cloth-wool-white" },
		"S": { "type": "item", "code": "game:sewingkit" },
		"N": { "type": "item", "code": "tailorsdelight:buttons-zinc" },
		"T": { "type": "item", "code": "wool:twine-wool-green", "quantity": 4 }
	},
	"width": 3,
	"height": 3,
	"output": { "type": "item", "code": "game:clothes-lowerbody-tailor-trousers" }
	},

	{
	"ingredientPattern": "BTB,SAS",
	"enabled": true,
	"requiresTrait": "clothier",
	"ingredients": {
		"B": { "type": "item", "code": "wool:cloth-wool-black" },
		"S": { "type": "item", "code": "tailorsdelight:leatherbundle-pelt" },
		"A": { "type": "item", "code": "tailorsdelight:awl-*", "isTool": true },
		"T": { "type": "item", "code": "wool:twine-wool-black", "quantity": 2 }
	},
	"width": 3,
	"height": 2,
	"output": { "type": "item", "code": "game:clothes-lowerbody-malefactor-trousers" }
	},

	{
	"ingredientPattern": "BTB,SAS",
	"enabled": true,
	"requiresTrait": "improviser",
	"ingredients": {
		"B": { "type": "item", "code": "wool:cloth-wool-black" },
		"S": { "type": "item", "code": "tailorsdelight:leatherbundle-pelt" },
		"A": { "type": "item", "code": "tailorsdelight:awl-*", "isTool": true },
		"T": { "type": "item", "code": "wool:twine-wool-black", "quantity": 3 }
	},
	"recipeGroup": 2,
	"width": 3,
	"height": 2,
	"output": { "type": "item", "code": "game:clothes-lowerbody-malefactor-trousers" }
	},

	{
	"ingredientPattern": "BTB,WAW",
	"enabled": true,
	"requiresTrait": "clothier",
	"ingredients": {
		"B": { "type": "item", "code": "tailorsdelight:leatherbundle-gray" },
		"W": { "type": "item", "code": "tailorsdelight:leatherbundle-white" },
		"A": { "type": "item", "code": "tailorsdelight:awl-*", "isTool": true },
		"T": { "type": "item", "code": "wool:twine-wool-plain" }
	},
	"width": 3,
	"height": 2,
	"output": { "type": "item", "code": "game:clothes-lowerbody-alchemist" }
	},
	{
	"ingredientPattern": "BTB,WAW",
	"enabled": true,
	"requiresTrait": "tinkerer",
	"ingredients": {
		"B": { "type": "item", "code": "game:leather-normal-gray", "quantity": 3 },
		"W": { "type": "item", "code": "game:leather-normal-white", "quantity": 3 },
		"A": { "type": "item", "code": "tailorsdelight:awl-*", "isTool": true },
		"T": { "type": "item", "code": "wool:twine-wool-plain", "quantity": 3 }
	},
	"recipeGroup": 2,
	"width": 3,
	"height": 2,
	"output": { "type": "item", "code": "game:clothes-lowerbody-alchemist" }
	},

	{
	"ingredientPattern": "TBT,LAL,G_G",
	"enabled": true,
	"requiresTrait": "clothier",
	"ingredients": {
		"G": { "type": "item", "code": "tailorsdelight:leatherbundle-gray" },
		"B": { "type": "item", "code": "tailorsdelight:buttons-*", "name": "button", "allowedVariants": [ "brass", "zinc" ] },
		"L": { "type": "item", "code": "wool:cloth-wool-blue" },
		"A": { "type": "item", "code": "tailorsdelight:awl-*", "isTool": true },
		"T": { "type": "item", "code": "wool:twine-wool-gray", "quantity": 2 }
	},
	"width": 3,
	"height": 3,
	"output": { "type": "item", "code": "game:clothes-lowerbody-clockmaker-pants" }
	},
	{
	"ingredientPattern": "TBT,LAL,G_G",
	"enabled": true,
	"requiresTrait": "tinkerer",
	"ingredients": {
		"G": { "type": "item", "code": "game:leather-normal-gray", "quantity": 3 },
		"B": { "type": "item", "code": "tailorsdelight:buttons-*", "name": "button", "allowedVariants": [ "brass", "zinc" ] },
		"L": { "type": "item", "code": "wool:cloth-wool-blue" },
		"A": { "type": "item", "code": "tailorsdelight:awl-*", "isTool": true },
		"T": { "type": "item", "code": "wool:twine-wool-gray", "quantity": 3 }
	},
	"recipeGroup": 2,
	"width": 3,
	"height": 3,
	"output": { "type": "item", "code": "game:clothes-lowerbody-clockmaker-pants" }
	},

	{
	"ingredientPattern": "CGC,CSC",
	"enabled": true,
	"requiresTrait": "clothier",
	"ingredients": {
		"C": { "type": "item", "code": "wool:cloth-wool-plain" },
		"S": { "type": "item", "code": "game:sewingkit" },
		"G": { "type": "item", "code": "wool:twine-wool-gray", "quantity": 1 }
	},
	"width": 3,
	"height": 2,
	"output": { "type": "item", "code": "game:clothes-lowerbody-hunter-leggings" }
	},
	{
	"ingredientPattern": "CGC,CNC,T_T",
	"enabled": true,
	"requiresTrait": "bowyer",
	"ingredients": {
		"C": { "type": "item", "code": "wool:cloth-wool-plain" },
		"N": { "type": "item", "code": "tailorsdelight:needle-*" },
		"G": { "type": "item", "code": "tailorsdelight:twine-gray", "quantity": 2 },
		"T": { "type": "item", "code": "wool:twine-wool-plain", "quantity": 2 }
	},
	"recipeGroup": 2,
	"width": 3,
	"height": 3,
	"output": { "type": "item", "code": "game:clothes-lowerbody-hunter-leggings" }
	},

	{
	"ingredientPattern": "LBL,LTL,_N_",
	"enabled": true,
	"requiresTrait": "soldier",
	"ingredients": {
		"L": { "type": "item", "code": "game:leather-normal-plain", "quantity": 3 },
		"B": { "type": "item", "code": "tailorsdelight:buttons-*", "name": "button", "allowedVariants": [ "brass" ] },
		"N": { "type": "item", "code": "tailorsdelight:needle-*" },
		"T": { "type": "item", "code": "wool:twine-wool-plain", "quantity": 5 }
	},
	"recipeGroup": 2,
	"width": 3,
	"height": 3,
	"output": { "type": "item", "code": "game:clothes-lowerbody-blackguard-leggings" }
	}
]
