[
	{
	"ingredientPattern": "LAL,FTF,WLW",
	"enabled": true,
	"requiresTrait": "clothier",
	"ingredients": {
		"T": { "type": "item", "code": "tailorsdelight:leatherbundle-plain" },
		"L": { "type": "item", "code": "tailorsdelight:leatherbundle-pelt" },
		"A": { "type": "item", "code": "tailorsdelight:awl-*", "isTool": true },
		"F": { "type": "item", "code": "wool:twine-wool-gray", "quantity": 2 },
		"W": { "type": "item", "code": "game:fat" }
	},
	"width": 3,
	"height": 3,
	"output": { "type": "item", "code": "game:clothes-shoulder-alchemist" }
	},
	{
	"ingredientPattern": "LAL,FTF,WLW",
	"enabled": true,
	"requiresTrait": "tinkerer",
	"ingredients": {
		"T": { "type": "item", "code": "game:leather-normal-plain", "quantity": 4 },
		"L": { "type": "item", "code": "tailorsdelight:leatherbundle-pelt" },
		"A": { "type": "item", "code": "tailorsdelight:awl-*", "isTool": true },
		"F": { "type": "item", "code": "wool:twine-wool-gray", "quantity": 3 },
		"W": { "type": "item", "code": "game:fat" }
	},
	"recipeGroup": 2,
	"width": 3,
	"height": 3,
	"output": { "type": "item", "code": "game:clothes-shoulder-alchemist" }
	},

	{
	"ingredientPattern": "LAL,FLB",
	"enabled": true,
	"requiresTrait": "clothier",
	"ingredients": {
		"L": { "type": "item", "code": "tailorsdelight:leatherbundle-gray" },
		"A": { "type": "item", "code": "tailorsdelight:awl-*", "isTool": true },
		"F": { "type": "item", "code": "wool:twine-wool-plain" },
		"B": { "type": "item", "code": "wool:twine-wool-darkblue" }
	},
	"width": 3,
	"height": 2,
	"output": { "type": "item", "code": "game:clothes-shoulder-hunter-poncho" }
	},
	{
	"ingredientPattern": "LAL,FLB",
	"enabled": true,
	"requiresTrait": "bowyer",
	"ingredients": {
		"L": { "type": "item", "code": "game:leather-normal-gray", "quantity": 3 },
		"A": { "type": "item", "code": "tailorsdelight:awl-*", "isTool": true },
		"F": { "type": "item", "code": "wool:twine-wool-plain", "quantity": 2 },
		"B": { "type": "item", "code": "wool:twine-wool-darkblue","quantity": 2 }
	},
	"recipeGroup": 2,
	"width": 3,
	"height": 2,
	"output": { "type": "item", "code": "game:clothes-shoulder-hunter-poncho" }
	},

	{
	"ingredientPattern": "LAL,FLF,WLW",
	"enabled": true,
	"requiresTrait": "clothier",
	"ingredients": {
		"L": { "type": "item", "code": "tailorsdelight:leatherbundle-orange" },
		"A": { "type": "item", "code": "tailorsdelight:awl-*", "isTool": true },
		"F": { "type": "item", "code": "wool:twine-wool-brown", "quantity": 2 },
		"W": { "type": "item", "code": "game:fat" }
	},
	"width": 3,
	"height": 3,
	"output": { "type": "item", "code": "game:clothes-shoulder-clockmaker-apron" }
	},
	{
	"ingredientPattern": "LAL,FLF,WLW",
	"enabled": true,
	"requiresTrait": "tinkerer",
	"ingredients": {
		"L": { "type": "item", "code": "game:leather-normal-orange", "quantity": 3 },
		"A": { "type": "item", "code": "tailorsdelight:awl-*", "isTool": true },
		"F": { "type": "item", "code": "wool:twine-wool-brown", "quantity": 3 },
		"W": { "type": "item", "code": "game:fat" }
	},
	"recipeGroup": 2,
	"width": 3,
	"height": 3,
	"output": { "type": "item", "code": "game:clothes-shoulder-clockmaker-apron" }
	},

	{
	"ingredientPattern": "BAB,BLB,_FC",
	"enabled": true,
	"requiresTrait": "clothier",
	"ingredients": {
		"B": { "type": "item", "code": "wool:cloth-wool-darkbrown" },
		"C": { "type": "item", "code": "wool:cloth-wool-darkblue" },
		"L": { "type": "item", "code": "tailorsdelight:leatherbundle-pelt" },
		"A": { "type": "item", "code": "tailorsdelight:awl-*", "isTool": true },
		"F": { "type": "item", "code": "wool:twine-wool-black", "quantity": 2 }
	},
	"width": 3,
	"height": 3,
	"output": { "type": "item", "code": "game:clothes-shoulder-malefactor-cloak" }
	},
	{
	"ingredientPattern": "BAB,BLB,_FC",
	"enabled": true,
	"requiresTrait": "improviser",
	"ingredients": {
		"B": { "type": "item", "code": "wool:cloth-wool-darkbrown" },
		"C": { "type": "item", "code": "wool:cloth-wool-darkblue" },
		"L": { "type": "item", "code": "tailorsdelight:leatherbundle-pelt" },
		"A": { "type": "item", "code": "tailorsdelight:awl-*", "isTool": true },
		"F": { "type": "item", "code": "wool:twine-wool-black", "quantity": 3 }
	},
	"recipeGroup": 2,
	"width": 3,
	"height": 3,
	"output": { "type": "item", "code": "game:clothes-shoulder-malefactor-cloak" }
	}
]
