[
	{
	"ingredientPattern": "YBY,YRY,TAT",
	"enabled": true,
	"requiresTrait": "clothier",
	"ingredients": {
		"B": { "type": "item", "code": "tailorsdelight:leatherbundle-blue" },
		"Y": { "type": "item", "code": "tailorsdelight:leatherbundle-yellow" },
		"R": { "type": "item", "code": "tailorsdelight:buttons-brass" },
		"A": { "type": "item", "code": "tailorsdelight:awl-*", "isTool": true },
		"T": { "type": "item", "code": "wool:twine-wool-white" }
	},
	"width": 3,
	"height": 3,
	"output": { "type": "item", "code": "game:clothes-upperbody-alchemist" }
	},
	{
	"ingredientPattern": "YBY,YRY,TAT",
	"enabled": true,
	"requiresTrait": "tinkerer",
	"ingredients": {
		"B": { "type": "item", "code": "game:leather-normal-blue", "quantity": 3 },
		"Y": { "type": "item", "code": "game:leather-normal-yellow", "quantity": 3 },
		"R": { "type": "item", "code": "tailorsdelight:buttons-brass" },
		"A": { "type": "item", "code": "tailorsdelight:awl-*", "isTool": true, "toolDurabilityCost": 2 },
		"T": { "type": "item", "code": "wool:twine-wool-white", "quantity": 2 }
	},
	"recipeGroup": 2,
	"width": 3,
	"height": 3,
	"output": { "type": "item", "code": "game:clothes-upperbody-alchemist" }
	},

	{
	"ingredientPattern": "GTG,GSG,G_G",
	"enabled": true,
	"requiresTrait": "clothier",
	"ingredients": {
		"G": { "type": "item", "code": "wool:cloth-wool-gray" },
		"S": { "type": "item", "code": "game:sewingkit" },
		"T": { "type": "item", "code": "wool:twine-wool-plain" }
	},
	"width": 3,
	"height": 3,
	"output": { "type": "item", "code": "game:clothes-upperbody-blackguard-shirt" }
	},
	{
	"ingredientPattern": "GTG,GSG,G_G",
	"enabled": true,
	"requiresTrait": "merciless",
	"ingredients": {
		"G": { "type": "item", "code": "wool:cloth-wool-gray" },
		"S": { "type": "item", "code": "tailorsdelight:needle-*" },
		"T": { "type": "item", "code": "wool:twine-wool-plain", "quantity": 2 }
	},
	"recipeGroup": 2,
	"width": 3,
	"height": 3,
	"output": { "type": "item", "code": "game:clothes-upperbody-blackguard-shirt" }
	},

	{
	"ingredientPattern": "CCC,GYG,_S_",
	"enabled": true,
	"requiresTrait": "clothier",
	"ingredients": {
		"C": { "type": "item", "code": "wool:cloth-wool-plain" },
		"Y": { "type": "item", "code": "wool:twine-wool-yellow", "quantity": 2 },
		"S": { "type": "item", "code": "game:sewingkit" },
		"G": { "type": "item", "code": "wool:twine-wool-gray" }
	},
	"width": 3,
	"height": 3,
	"output": { "type": "item", "code": "game:clothes-upperbody-clockmaker-shirt" }
	},
	{
	"ingredientPattern": "CCC,GYG,_S_",
	"enabled": true,
	"requiresTrait": "tinkerer",
	"ingredients": {
		"C": { "type": "item", "code": "wool:cloth-wool-plain", "quantity": 2 },
		"Y": { "type": "item", "code": "wool:twine-wool-yellow", "quantity": 3 },
		"S": { "type": "item", "code": "tailorsdelight:needle-*" },
		"G": { "type": "item", "code": "wool:twine-wool-gray", "quantity": 2 }
	},
	"recipeGroup": 2,
	"width": 3,
	"height": 3,
	"output": { "type": "item", "code": "game:clothes-upperbody-clockmaker-shirt" }
	},

	{
	"ingredientPattern": "GBG,GSG,T_T",
	"enabled": true,
	"requiresTrait": "clothier",
	"ingredients": {
		"G": { "type": "item", "code": "wool:cloth-wool-gray" },
		"S": { "type": "item", "code": "game:sewingkit" },
		"B": { "type": "item", "code": "tailorsdelight:buttons-horn" },
		"T": { "type": "item", "code": "wool:twine-wool-gray" }
	},
	"width": 3,
	"height": 3,
	"output": { "type": "item", "code": "game:clothes-upperbody-malefactor-shirt" }
	},
	{
	"ingredientPattern": "GBG,GSG,T_T",
	"enabled": true,
	"requiresTrait": "improviser",
	"ingredients": {
		"G": { "type": "item", "code": "wool:cloth-wool-gray" },
		"S": { "type": "item", "code": "tailorsdelight:needle-*" },
		"B": { "type": "item", "code": "tailorsdelight:buttons-horn" },
		"T": { "type": "item", "code": "wool:twine-wool-gray", "quantity": 3 }
	},
	"recipeGroup": 2,
	"width": 3,
	"height": 3,
	"output": { "type": "item", "code": "game:clothes-upperbody-malefactor-shirt" }
	},

	{
	"ingredientPattern": "BBB,YBD,_N_",
	"enabled": true,
	"requiresTrait": "bowyer",
	"ingredients": {
		"B": { "type": "item", "code": "wool:cloth-wool-black" },
		"D": { "type": "item", "code": "wool:twine-wool-black", "quantity": 3 },
		"Y": { "type": "item", "code": "wool:twine-wool-blue", "quantity": 3 },
		"N": { "type": "item", "code": "tailorsdelight:needle-*" }
	},
	"width": 3,
	"height": 3,
	"output": { "type": "item", "code": "game:clothes-upperbody-hunter-shirt" }
	},

	{
	"ingredientPattern": "BBB,YBD,_N_",
	"enabled": true,
	"requiresTrait": "clothier",
	"ingredients": {
		"B": { "type": "item", "code": "wool:cloth-wool-black" },
		"D": { "type": "item", "code": "wool:twine-wool-black", "quantity": 2 },
		"Y": { "type": "item", "code": "wool:twine-wool-blue", "quantity": 2 },
		"N": { "type": "item", "code": "tailorsdelight:needle-*" }
	},
	"recipeGroup": 2,
	"width": 3,
	"height": 3,
	"output": { "type": "item", "code": "game:clothes-upperbody-hunter-shirt" }
	},

	{
	"ingredientPattern": "PPP,BGS",
	"enabled": true,
	"requiresTrait": "clothier",
	"ingredients": {
		"P": { "type": "item", "code": "wool:cloth-wool-plain" },
		"B": { "type": "item", "code": "tailorsdelight:buttons-*", "name": "buttons", "allowedVariants": [ "bone", "horn" ] },
		"S": { "type": "item", "code": "game:sewingkit" },
		"G": { "type": "item", "code": "wool:twine-wool-gray", "quantity": 2 }
	},
	"width": 3,
	"height": 2,
	"output": { "type": "item", "code": "game:clothes-upperbody-tailor-blouse" }
	},

	{
	"ingredientPattern": "BBB,YBD,_N_",
	"enabled": true,
	"requiresTrait": "bowyer",
	"ingredients": {
		"B": { "type": "item", "code": "wool:cloth-wool-green" },
		"D": { "type": "item", "code": "wool:twine-wool-darkgreen", "quantity": 3 },
		"Y": { "type": "item", "code": "wool:twine-wool-gray", "quantity": 2 },
		"N": { "type": "item", "code": "tailorsdelight:needle-*" }
	},
	"width": 3,
	"height": 3,
	"output": { "type": "item", "code": "game:clothes-upperbody-hunters-green" }
	},

	{
	"ingredientPattern": "BBB,YBD,_N_",
	"enabled": true,
	"requiresTrait": "clothier",
	"ingredients": {
		"B": { "type": "item", "code": "wool:cloth-wool-green" },
		"D": { "type": "item", "code": "wool:twine-wool-darkgreen", "quantity": 2 },
		"Y": { "type": "item", "code": "wool:twine-wool-gray", "quantity": 1 },
		"N": { "type": "item", "code": "tailorsdelight:needle-*" }
	},
	"recipeGroup": 2,
	"width": 3,
	"height": 3,
	"output": { "type": "item", "code": "game:clothes-upperbody-hunters-green" }
	}
]
