[
{
		ingredientPattern: "_BQ,SMS,OС_",
		ingredients: {
			"B": { type: "item", code: "game:powder-borax"},
			"M": { type: "item", code: "spearexpantion:metalbits_stable"},
			"С": { type: "item", code: "game:powder-charcoal"},
			"S": { type: "item", code: "game:metalbit-steel",quantity: 5 },
			"Q": { type: "item", code: "game:crushed-quartz",quantity: 1 },
			"O": { type: "item", code: "game:crushed-olivine",quantity: 1 }
		},
		width: 3,
		height: 3,
		shapeless: false,
		output: { type: "item", code: "spearexpantion:metalbits_stable_borax", quantity: 1  }
	}
]