[
{
		ingredientPattern: "K__,_H_,__K",
		ingredients: {
			"H": { type: "item", code: "rottingenimals:wolfhead"},
			"K": { type: "item", code: "game:knife-*", "isTool": true, "toolDurabilityCost": 25
				}
		},
		width: 3,
		height: 3,
		shapeless: false,
		output: { type: "item", code: "spearexpantion:metalstringswithpearl", quantity: 1  }
	},
	{
		ingredientPattern: "K__,_H_,__K",
		ingredients: {
			"H": { type: "item", code: "rottingenimals:bearhead"},
			"K": { type: "item", code: "game:knife-*", "isTool": true, "toolDurabilityCost": 25
				}
		},
		width: 3,
		height: 3,
		shapeless: false,
		output: { type: "item", code: "spearexpantion:metalstringswithpearl", quantity: 1  }
	},
	{
		ingredientPattern: "K__,_H_,__K",
		ingredients: {
			"H": { type: "item", code: "rottingenimals:hyenahead"},
			"K": { type: "item", code: "game:knife-*", "isTool": true, "toolDurabilityCost": 25
				}
		},
		width: 3,
		height: 3,
		shapeless: false,
		output: { type: "item", code: "spearexpantion:metalstringswithpearl", quantity: 1  }
	},
	{
		ingredientPattern: "K__,_H_,__K",
		ingredients: {
			"H": { type: "item", code: "rottingenimals:moosehead"},
			"K": { type: "item", code: "game:knife-*", "isTool": true, "toolDurabilityCost": 25
				}
		},
		width: 3,
		height: 3,
		shapeless: false,
		output: { type: "item", code: "spearexpantion:metalstringswithpearl", quantity: 1  }
	},
	{
		ingredientPattern: "K__,_H_,__K",
		ingredients: {
			"H": { type: "item", code: "rottingenimals:squirrelcharm"},
			"K": { type: "item", code: "game:knife-*", "isTool": true, "toolDurabilityCost": 25
				}
		},
		width: 3,
		height: 3,
		shapeless: false,
		output: { type: "item", code: "spearexpantion:metalstringswithpearl", quantity: 1  }
	}
]