{
	"editor": {
		"backDropShape": "game:entity/humanoid/seraph",
		"allAngles": true,
		"entityTextureMode": false
	},
	"textureWidth": 8,
	"textureHeight": 8,
	"textureSizes": {
		"corymbiaaparrerinja": [16,16]
	},
	"textures": {
		"reedrope": "game:block/cloth/ropedcloth",
		"corymbiaaparrerinja": "item/resource/seeds/corymbiaaparrerinja"
	},
	"elements": [
		{
			"name": "hideme",
			"stepParentName": "UpperTorso",
			"from": [ 2.0, 5.0, 3.0 ],
			"to": [ 2.0, 5.0, 3.0 ],
			"rotationOrigin": [ 2.0, 5.0, 3.0 ],
			"faces": {
			},
			"children": [
				{
					"name": "string back",
					"from": [ 2.2, 0.2, -1.4 ],
					"to": [ 2.4, 0.4, 1.6 ],
					"rotationOrigin": [ 2.3, 0.3, 0.1 ],
					"rotationZ": 45.0,
					"faces": {
						"north": { "texture": "#reedrope", "uv": [ 0.0, 0.0, 0.25, 0.25 ] },
						"east": { "texture": "#reedrope", "uv": [ 0.0, 0.0, 3.0, 0.25 ] },
						"south": { "texture": "#reedrope", "uv": [ 0.0, 0.0, 0.25, 0.25 ] },
						"west": { "texture": "#reedrope", "uv": [ 0.0, 0.0, 3.0, 0.25 ] },
						"up": { "texture": "#reedrope", "uv": [ 0.0, 0.0, 0.25, 3.0 ] },
						"down": { "texture": "#reedrope", "uv": [ 0.0, 0.0, 0.25, 3.0 ] }
					}
				},
				{
					"name": "string R2",
					"from": [ -1.0, 0.2, -1.5 ],
					"to": [ 2.3, 0.4, -1.3 ],
					"rotationOrigin": [ 0.4, 0.3, -1.4 ],
					"rotationX": 45.0,
					"faces": {
						"north": { "texture": "#reedrope", "uv": [ 0.0, 0.0, 3.25, 0.25 ] },
						"east": { "texture": "#reedrope", "uv": [ 0.0, 0.0, 0.25, 0.25 ] },
						"south": { "texture": "#reedrope", "uv": [ 0.0, 0.0, 3.25, 0.25 ] },
						"west": { "texture": "#reedrope", "uv": [ 0.0, 0.0, 0.25, 0.25 ] },
						"up": { "texture": "#reedrope", "uv": [ 0.0, 0.0, 3.25, 0.25 ] },
						"down": { "texture": "#reedrope", "uv": [ 0.0, 0.0, 3.25, 0.25 ] }
					}
				},
				{
					"name": "string L2",
					"from": [ -1.0, 0.2, 1.5 ],
					"to": [ 2.3, 0.4, 1.7 ],
					"rotationOrigin": [ 0.4, 0.3, 1.6 ],
					"rotationX": 45.0,
					"faces": {
						"north": { "texture": "#reedrope", "uv": [ 0.0, 0.0, 3.25, 0.25 ] },
						"east": { "texture": "#reedrope", "uv": [ 0.0, 0.0, 0.25, 0.25 ] },
						"south": { "texture": "#reedrope", "uv": [ 0.0, 0.0, 3.25, 0.25 ] },
						"west": { "texture": "#reedrope", "uv": [ 0.0, 0.0, 0.25, 0.25 ] },
						"up": { "texture": "#reedrope", "uv": [ 0.0, 0.0, 3.25, 0.25 ] },
						"down": { "texture": "#reedrope", "uv": [ 0.0, 0.0, 3.25, 0.25 ] }
					}
				},
				{
					"name": "string R3",
					"from": [ -2.3, -0.1, -1.0 ],
					"to": [ -0.8, 0.1, -0.8 ],
					"rotationOrigin": [ -1.8, 0.0, -0.9 ],
					"rotationY": 33.0,
					"rotationZ": 17.0,
					"faces": {
						"north": { "texture": "#reedrope", "uv": [ 0.0, 0.0, 1.5, 0.25 ] },
						"east": { "texture": "#reedrope", "uv": [ 0.0, 0.0, 0.25, 0.25 ] },
						"south": { "texture": "#reedrope", "uv": [ 0.0, 0.0, 1.5, 0.25 ] },
						"west": { "texture": "#reedrope", "uv": [ 0.0, 0.0, 0.25, 0.25 ] },
						"up": { "texture": "#reedrope", "uv": [ 0.0, 0.0, 1.5, 0.25 ] },
						"down": { "texture": "#reedrope", "uv": [ 0.0, 0.0, 1.5, 0.25 ] }
					}
				},
				{
					"name": "string L",
					"from": [ -2.3, -0.1, 1.0 ],
					"to": [ -0.8, 0.1, 1.2 ],
					"rotationOrigin": [ -1.8, 0.0, 1.1 ],
					"rotationY": -33.0,
					"rotationZ": 17.0,
					"faces": {
						"north": { "texture": "#reedrope", "uv": [ 0.0, 0.0, 1.5, 0.25 ] },
						"east": { "texture": "#reedrope", "uv": [ 0.0, 0.0, 0.25, 0.25 ] },
						"south": { "texture": "#reedrope", "uv": [ 0.0, 0.0, 1.5, 0.25 ] },
						"west": { "texture": "#reedrope", "uv": [ 0.0, 0.0, 0.25, 0.25 ] },
						"up": { "texture": "#reedrope", "uv": [ 0.0, 0.0, 1.5, 0.25 ] },
						"down": { "texture": "#reedrope", "uv": [ 0.0, 0.0, 1.5, 0.25 ] }
					}
				},
				{
					"name": "breasts",
					"from": [ -2.0, -2.0, -1.0 ],
					"to": [ -2.0, 0.0, 1.0 ],
					"rotationOrigin": [ -2.0, 0.0, 0.0 ],
					"faces": {
					},
					"children": [
						{
							"name": "seedbase",
							"from": [ -0.8, -1.0, 0.7 ],
							"to": [ 0.0, 0.5, 1.5 ],
							"rotationOrigin": [ -0.4, 0.5, 1.1 ],
							"rotationX": -9.0,
							"rotationY": -45.0,
							"rotationZ": -10.0,
							"faces": {
							},
							"children": [
								{
									"name": "string R1",
									"from": [ 0.2, 1.5, 0.1 ],
									"to": [ 0.4, 3.0, 0.3 ],
									"rotationOrigin": [ 0.3, 1.5, 0.2 ],
									"rotationX": -15.0,
									"rotationZ": 15.0,
									"faces": {
										"north": { "texture": "#reedrope", "uv": [ 0.0, 0.0, 0.25, 1.5 ] },
										"east": { "texture": "#reedrope", "uv": [ 0.0, 0.0, 0.25, 1.5 ] },
										"south": { "texture": "#reedrope", "uv": [ 0.0, 0.0, 0.25, 1.5 ] },
										"west": { "texture": "#reedrope", "uv": [ 0.0, 0.0, 0.25, 1.5 ] }
									}
								},
								{
									"name": "string L1",
									"from": [ 0.5, 1.5, 0.5 ],
									"to": [ 0.7, 3.0, 0.7 ],
									"rotationOrigin": [ 0.6, 1.5, 0.6 ],
									"rotationX": 15.0,
									"rotationZ": -15.0,
									"faces": {
										"north": { "texture": "#reedrope", "uv": [ 0.0, 0.0, 0.25, 1.5 ] },
										"east": { "texture": "#reedrope", "uv": [ 0.0, 0.0, 0.25, 1.5 ] },
										"south": { "texture": "#reedrope", "uv": [ 0.0, 0.0, 0.25, 1.5 ] },
										"west": { "texture": "#reedrope", "uv": [ 0.0, 0.0, 0.25, 1.5 ] }
									}
								},
								{
									"name": "string knot",
									"from": [ 0.2, 1.3, 0.2 ],
									"to": [ 0.6, 1.7, 0.6 ],
									"rotationOrigin": [ 0.3, 1.3, 0.3 ],
									"faces": {
										"north": { "texture": "#reedrope", "uv": [ 0.0, 0.0, 0.5, 0.5 ] },
										"east": { "texture": "#reedrope", "uv": [ 0.0, 0.0, 0.5, 0.5 ] },
										"south": { "texture": "#reedrope", "uv": [ 0.0, 0.0, 0.5, 0.5 ] },
										"west": { "texture": "#reedrope", "uv": [ 0.0, 0.0, 0.5, 0.5 ] },
										"up": { "texture": "#reedrope", "uv": [ 0.0, 0.0, 0.5, 0.5 ], "windMode": [-1,-1,-1,-1] }
									}
								},
								{
									"name": "Cube1",
									"from": [ 0.37, 0.15, -0.23 ],
									"to": [ 0.87, 0.65, 0.27 ],
									"rotationOrigin": [ 0.3, 0.2, -0.15 ],
									"rotationX": 94.0,
									"rotationZ": 50.0,
									"faces": {
										"north": { "texture": "#corymbiaaparrerinja", "uv": [ 11.0, 0.0, 15.0, 4.0 ], "autoUv": false },
										"east": { "texture": "#corymbiaaparrerinja", "uv": [ 11.0, 0.0, 15.0, 4.0 ], "autoUv": false },
										"south": { "texture": "#corymbiaaparrerinja", "uv": [ 11.0, 5.0, 15.0, 9.0 ], "autoUv": false },
										"west": { "texture": "#corymbiaaparrerinja", "uv": [ 11.0, 0.0, 15.0, 4.0 ], "autoUv": false },
										"up": { "texture": "#corymbiaaparrerinja", "uv": [ 11.0, 0.0, 15.0, 4.0 ], "autoUv": false },
										"down": { "texture": "#corymbiaaparrerinja", "uv": [ 11.0, 0.0, 15.0, 4.0 ], "autoUv": false }
									},
									"children": [
										{
											"name": "Cube2",
											"from": [ 0.375, 0.0, 0.5 ],
											"to": [ 0.5, 0.5, 0.625 ],
											"rotationOrigin": [ 0.25, 0.0, 0.5 ],
											"faces": {
												"east": { "texture": "#corymbiaaparrerinja", "uv": [ 11.0, 4.0, 15.0, 5.0 ], "rotation": 90, "autoUv": false },
												"south": { "texture": "#corymbiaaparrerinja", "uv": [ 11.0, 2.0, 15.0, 3.0 ], "rotation": 90, "autoUv": false },
												"west": { "texture": "#corymbiaaparrerinja", "uv": [ 11.0, 4.0, 15.0, 5.0 ], "rotation": 90, "autoUv": false },
												"up": { "texture": "#corymbiaaparrerinja", "uv": [ 14.0, 4.0, 15.0, 5.0 ], "autoUv": false },
												"down": { "texture": "#corymbiaaparrerinja", "uv": [ 14.0, 4.0, 15.0, 5.0 ], "autoUv": false }
											}
										},
										{
											"name": "Cube3",
											"from": [ 0.125, 0.375, 0.5 ],
											"to": [ 0.375, 0.5, 0.625 ],
											"rotationOrigin": [ 0.0, 0.25, 0.5 ],
											"faces": {
												"south": { "texture": "#corymbiaaparrerinja", "uv": [ 12.0, 3.0, 14.0, 4.0 ], "autoUv": false },
												"up": { "texture": "#corymbiaaparrerinja", "uv": [ 12.0, 4.0, 14.0, 5.0 ], "autoUv": false },
												"down": { "texture": "#corymbiaaparrerinja", "uv": [ 12.0, 4.0, 14.0, 5.0 ], "autoUv": false }
											}
										},
										{
											"name": "Cube13",
											"from": [ 0.0, 0.0, 0.5 ],
											"to": [ 0.125, 0.5, 0.625 ],
											"rotationOrigin": [ 0.0, 0.0, 0.5 ],
											"faces": {
												"east": { "texture": "#corymbiaaparrerinja", "uv": [ 11.0, 4.0, 15.0, 5.0 ], "rotation": 90, "autoUv": false },
												"south": { "texture": "#corymbiaaparrerinja", "uv": [ 11.0, 3.0, 15.0, 4.0 ], "rotation": 90, "autoUv": false },
												"west": { "texture": "#corymbiaaparrerinja", "uv": [ 11.0, 4.0, 15.0, 5.0 ], "rotation": 90, "autoUv": false },
												"up": { "texture": "#corymbiaaparrerinja", "uv": [ 14.0, 4.0, 15.0, 5.0 ], "autoUv": false },
												"down": { "texture": "#corymbiaaparrerinja", "uv": [ 14.0, 4.0, 15.0, 5.0 ], "autoUv": false }
											}
										},
										{
											"name": "Cube14",
											"from": [ 0.125, 0.0, 0.5 ],
											"to": [ 0.375, 0.125, 0.625 ],
											"rotationOrigin": [ 0.0, 0.25, 0.5 ],
											"faces": {
												"south": { "texture": "#corymbiaaparrerinja", "uv": [ 12.0, 3.0, 14.0, 4.0 ], "autoUv": false },
												"up": { "texture": "#corymbiaaparrerinja", "uv": [ 12.0, 4.0, 14.0, 5.0 ], "autoUv": false },
												"down": { "texture": "#corymbiaaparrerinja", "uv": [ 12.0, 4.0, 14.0, 5.0 ], "autoUv": false }
											}
										},
										{
											"name": "Cube18",
											"from": [ 0.15, 0.15, -0.75 ],
											"to": [ 0.3, 0.3, 0.0 ],
											"rotationOrigin": [ 0.125, 0.25, 0.0 ],
											"rotationY": -12.0,
											"faces": {
												"north": { "texture": "#corymbiaaparrerinja", "uv": [ 0.0, 1.0, 1.0, 2.0 ], "autoUv": false },
												"east": { "texture": "#corymbiaaparrerinja", "uv": [ 0.0, 0.0, 1.0, 6.0 ], "rotation": 90, "autoUv": false },
												"south": { "texture": "#corymbiaaparrerinja", "uv": [ 0.0, 1.0, 1.0, 2.0 ], "autoUv": false },
												"west": { "texture": "#corymbiaaparrerinja", "uv": [ 2.0, 1.0, 3.0, 7.0 ], "rotation": 90, "autoUv": false },
												"up": { "texture": "#corymbiaaparrerinja", "uv": [ 2.0, 3.0, 3.0, 9.0 ], "autoUv": false },
												"down": { "texture": "#corymbiaaparrerinja", "uv": [ 1.0, 3.0, 2.0, 9.0 ], "autoUv": false }
											},
											"children": [
												{
													"name": "Cube20",
													"from": [ 0.0, 0.0, -0.5 ],
													"to": [ 0.15, 0.15, 0.0 ],
													"rotationOrigin": [ 0.15, 0.0, 0.0 ],
													"rotationX": 11.0,
													"rotationY": 22.5,
													"rotationZ": -2.0,
													"faces": {
														"north": { "texture": "#corymbiaaparrerinja", "uv": [ 1.0, 1.0, 2.0, 2.0 ], "autoUv": false },
														"east": { "texture": "#corymbiaaparrerinja", "uv": [ 0.0, 0.0, 4.0, 1.0 ], "autoUv": false },
														"south": { "texture": "#corymbiaaparrerinja", "uv": [ 1.0, 2.0, 2.0, 3.0 ], "autoUv": false },
														"west": { "texture": "#corymbiaaparrerinja", "uv": [ 0.0, 3.0, 4.0, 4.0 ], "autoUv": false },
														"up": { "texture": "#corymbiaaparrerinja", "uv": [ 1.0, 3.0, 2.0, 7.0 ], "autoUv": false },
														"down": { "texture": "#corymbiaaparrerinja", "uv": [ 2.0, 3.0, 3.0, 7.0 ], "autoUv": false }
													}
												}
											]
										},
										{
											"name": "Cube12",
											"from": [ -0.2934, 0.0521, -0.7886 ],
											"to": [ 0.2066, 0.5521, -0.2886 ],
											"rotationOrigin": [ -0.0434, 0.5521, -0.7136 ],
											"rotationX": -4.1141,
											"rotationY": -22.1399,
											"rotationZ": 28.1948,
											"faces": {
												"north": { "texture": "#corymbiaaparrerinja", "uv": [ 11.0, 0.0, 15.0, 4.0 ], "autoUv": false },
												"east": { "texture": "#corymbiaaparrerinja", "uv": [ 11.0, 0.0, 15.0, 4.0 ], "autoUv": false },
												"south": { "texture": "#corymbiaaparrerinja", "uv": [ 11.0, 5.0, 15.0, 9.0 ], "autoUv": false },
												"west": { "texture": "#corymbiaaparrerinja", "uv": [ 11.0, 0.0, 15.0, 4.0 ], "autoUv": false },
												"up": { "texture": "#corymbiaaparrerinja", "uv": [ 11.0, 0.0, 15.0, 4.0 ], "autoUv": false },
												"down": { "texture": "#corymbiaaparrerinja", "uv": [ 11.0, 0.0, 15.0, 4.0 ], "autoUv": false }
											},
											"children": [
												{
													"name": "Cube17",
													"from": [ 0.375, 0.0, 0.5 ],
													"to": [ 0.5, 0.5, 0.625 ],
													"rotationOrigin": [ 0.25, 0.0, 0.5 ],
													"faces": {
														"east": { "texture": "#corymbiaaparrerinja", "uv": [ 11.0, 4.0, 15.0, 5.0 ], "rotation": 90, "autoUv": false },
														"south": { "texture": "#corymbiaaparrerinja", "uv": [ 11.0, 2.0, 15.0, 3.0 ], "rotation": 90, "autoUv": false },
														"west": { "texture": "#corymbiaaparrerinja", "uv": [ 11.0, 4.0, 15.0, 5.0 ], "rotation": 90, "autoUv": false },
														"up": { "texture": "#corymbiaaparrerinja", "uv": [ 14.0, 4.0, 14.5, 4.5 ], "autoUv": false },
														"down": { "texture": "#corymbiaaparrerinja", "uv": [ 14.0, 4.0, 14.5, 4.5 ], "autoUv": false }
													}
												},
												{
													"name": "Cube17",
													"from": [ 0.125, 0.375, 0.5 ],
													"to": [ 0.375, 0.5, 0.625 ],
													"rotationOrigin": [ 0.0, 0.25, 0.5 ],
													"faces": {
														"south": { "texture": "#corymbiaaparrerinja", "uv": [ 12.0, 3.0, 14.0, 4.0 ], "autoUv": false },
														"up": { "texture": "#corymbiaaparrerinja", "uv": [ 12.0, 4.0, 14.0, 5.0 ], "autoUv": false },
														"down": { "texture": "#corymbiaaparrerinja", "uv": [ 12.0, 4.0, 14.0, 5.0 ], "autoUv": false }
													}
												},
												{
													"name": "Cube17",
													"from": [ 0.0, 0.0, 0.5 ],
													"to": [ 0.125, 0.5, 0.625 ],
													"rotationOrigin": [ 0.0, 0.0, 0.5 ],
													"faces": {
														"east": { "texture": "#corymbiaaparrerinja", "uv": [ 11.0, 4.0, 15.0, 5.0 ], "rotation": 90, "autoUv": false },
														"south": { "texture": "#corymbiaaparrerinja", "uv": [ 11.0, 3.0, 15.0, 4.0 ], "rotation": 90, "autoUv": false },
														"west": { "texture": "#corymbiaaparrerinja", "uv": [ 11.0, 4.0, 15.0, 5.0 ], "rotation": 90, "autoUv": false },
														"up": { "texture": "#corymbiaaparrerinja", "uv": [ 14.0, 4.0, 14.5, 4.5 ], "autoUv": false },
														"down": { "texture": "#corymbiaaparrerinja", "uv": [ 14.0, 4.0, 14.5, 4.5 ], "autoUv": false }
													}
												},
												{
													"name": "Cube17",
													"from": [ 0.125, 0.0, 0.5 ],
													"to": [ 0.375, 0.125, 0.625 ],
													"rotationOrigin": [ 0.0, 0.25, 0.5 ],
													"faces": {
														"south": { "texture": "#corymbiaaparrerinja", "uv": [ 12.0, 3.0, 14.0, 4.0 ], "autoUv": false },
														"up": { "texture": "#corymbiaaparrerinja", "uv": [ 12.0, 4.0, 14.0, 5.0 ], "autoUv": false },
														"down": { "texture": "#corymbiaaparrerinja", "uv": [ 12.0, 4.0, 14.0, 5.0 ], "autoUv": false }
													}
												},
												{
													"name": "Cube21",
													"from": [ 0.1, 0.175, -0.375 ],
													"to": [ 0.25, 0.325, 0.0 ],
													"rotationOrigin": [ 0.15, 0.15, 0.0 ],
													"rotationX": -4.0,
													"rotationY": -13.0,
													"rotationZ": -33.0,
													"faces": {
														"north": { "texture": "#corymbiaaparrerinja", "uv": [ 0.0, 0.0, 1.0, 1.0 ], "autoUv": false },
														"east": { "texture": "#corymbiaaparrerinja", "uv": [ 0.0, 0.0, 1.0, 3.0 ], "rotation": 90, "autoUv": false },
														"south": { "texture": "#corymbiaaparrerinja", "uv": [ 0.0, 0.0, 1.0, 1.0 ], "autoUv": false },
														"west": { "texture": "#corymbiaaparrerinja", "uv": [ 1.0, 3.0, 2.0, 6.0 ], "rotation": 90, "autoUv": false },
														"up": { "texture": "#corymbiaaparrerinja", "uv": [ 1.0, 1.0, 2.0, 4.0 ], "autoUv": false },
														"down": { "texture": "#corymbiaaparrerinja", "uv": [ 2.0, 5.0, 3.0, 8.0 ], "autoUv": false }
													}
												}
											]
										},
										{
											"name": "Cube6",
											"from": [ 0.3799, -0.0802, -0.1163 ],
											"to": [ 0.8799, 0.4198, 0.3837 ],
											"rotationOrigin": [ 0.3799, -0.0302, -0.1163 ],
											"rotationX": -13.5929,
											"rotationY": 33.2601,
											"rotationZ": -3.8314,
											"faces": {
												"north": { "texture": "#corymbiaaparrerinja", "uv": [ 11.0, 1.0, 15.0, 5.0 ], "autoUv": false },
												"east": { "texture": "#corymbiaaparrerinja", "uv": [ 11.0, 1.0, 15.0, 5.0 ], "autoUv": false },
												"south": { "texture": "#corymbiaaparrerinja", "uv": [ 11.0, 5.0, 15.0, 9.0 ], "autoUv": false },
												"west": { "texture": "#corymbiaaparrerinja", "uv": [ 11.0, 1.0, 15.0, 5.0 ], "autoUv": false },
												"up": { "texture": "#corymbiaaparrerinja", "uv": [ 11.0, 1.0, 15.0, 5.0 ], "autoUv": false },
												"down": { "texture": "#corymbiaaparrerinja", "uv": [ 11.0, 1.0, 15.0, 5.0 ], "autoUv": false }
											},
											"children": [
												{
													"name": "Cube7",
													"from": [ 0.375, 0.0, 0.5 ],
													"to": [ 0.5, 0.5, 0.625 ],
													"rotationOrigin": [ 0.25, 0.0, 0.5 ],
													"faces": {
														"east": { "texture": "#corymbiaaparrerinja", "uv": [ 11.0, 0.0, 15.0, 1.0 ], "rotation": 90, "autoUv": false },
														"south": { "texture": "#corymbiaaparrerinja", "uv": [ 11.0, 4.0, 15.0, 5.0 ], "rotation": 90, "autoUv": false },
														"west": { "texture": "#corymbiaaparrerinja", "uv": [ 11.0, 3.0, 15.0, 4.0 ], "rotation": 90, "autoUv": false },
														"up": { "texture": "#corymbiaaparrerinja", "uv": [ 13.0, 2.0, 14.0, 3.0 ], "autoUv": false },
														"down": { "texture": "#corymbiaaparrerinja", "uv": [ 13.0, 3.0, 14.0, 4.0 ], "autoUv": false }
													}
												},
												{
													"name": "Cube9",
													"from": [ 0.125, 0.375, 0.5 ],
													"to": [ 0.375, 0.5, 0.625 ],
													"rotationOrigin": [ 0.25, 0.25, 0.5 ],
													"faces": {
														"south": { "texture": "#corymbiaaparrerinja", "uv": [ 12.0, 2.0, 14.0, 3.0 ], "autoUv": false },
														"up": { "texture": "#corymbiaaparrerinja", "uv": [ 11.0, 3.0, 13.0, 4.0 ], "autoUv": false },
														"down": { "texture": "#corymbiaaparrerinja", "uv": [ 13.0, 4.0, 15.0, 5.0 ], "autoUv": false }
													}
												},
												{
													"name": "Cube15",
													"from": [ 0.0, 0.0, 0.5 ],
													"to": [ 0.125, 0.5, 0.625 ],
													"rotationOrigin": [ 0.25, 0.0, 0.5 ],
													"faces": {
														"east": { "texture": "#corymbiaaparrerinja", "uv": [ 11.0, 0.0, 15.0, 1.0 ], "rotation": 90, "autoUv": false },
														"south": { "texture": "#corymbiaaparrerinja", "uv": [ 11.0, 3.0, 15.0, 4.0 ], "rotation": 90, "autoUv": false },
														"west": { "texture": "#corymbiaaparrerinja", "uv": [ 11.0, 3.0, 15.0, 4.0 ], "rotation": 90, "autoUv": false },
														"up": { "texture": "#corymbiaaparrerinja", "uv": [ 13.0, 2.0, 14.0, 3.0 ], "autoUv": false },
														"down": { "texture": "#corymbiaaparrerinja", "uv": [ 13.0, 3.0, 14.0, 4.0 ], "autoUv": false }
													}
												},
												{
													"name": "Cube16",
													"from": [ 0.125, 0.0, 0.5 ],
													"to": [ 0.375, 0.125, 0.625 ],
													"rotationOrigin": [ 0.25, 0.25, 0.5 ],
													"faces": {
														"south": { "texture": "#corymbiaaparrerinja", "uv": [ 13.0, 2.0, 15.0, 3.0 ], "autoUv": false },
														"up": { "texture": "#corymbiaaparrerinja", "uv": [ 12.0, 3.0, 14.0, 4.0 ], "autoUv": false },
														"down": { "texture": "#corymbiaaparrerinja", "uv": [ 13.0, 4.0, 15.0, 5.0 ], "autoUv": false }
													}
												},
												{
													"name": "Cube19",
													"from": [ 0.15, 0.175, -0.5 ],
													"to": [ 0.3, 0.325, 0.0 ],
													"rotationOrigin": [ 0.15, 0.15, 0.0 ],
													"rotationX": 23.0,
													"rotationY": -3.0,
													"rotationZ": 3.0,
													"faces": {
														"north": { "texture": "#corymbiaaparrerinja", "uv": [ 0.0, 2.0, 1.0, 3.0 ], "autoUv": false },
														"east": { "texture": "#corymbiaaparrerinja", "uv": [ 0.0, 3.0, 4.0, 4.0 ], "autoUv": false },
														"south": { "texture": "#corymbiaaparrerinja", "uv": [ 0.0, 0.0, 1.0, 1.0 ], "autoUv": false },
														"west": { "texture": "#corymbiaaparrerinja", "uv": [ 0.0, 5.0, 4.0, 6.0 ], "autoUv": false },
														"up": { "texture": "#corymbiaaparrerinja", "uv": [ 1.0, 3.0, 2.0, 7.0 ], "autoUv": false },
														"down": { "texture": "#corymbiaaparrerinja", "uv": [ 1.0, 4.0, 2.0, 8.0 ], "autoUv": false }
													}
												}
											]
										}
									]
								}
							]
						}
					]
				}
			]
		}
	]}