[
	{
		"file": "game:entities/humanoid/player.json",
		"op": "replace",
		"path": "/attributes/skinnableParts/8",
		"value": {
			"code": "mustache",
			"type": "shape",
			"shapeTemplate": {
				"base": "expandedhairs:entity/humanoid/seraphskinparts/hair-face/{code}"
			},
			"variants": [
				{
					"code": "none"
				},
				{
					"code": "mst-line01-pencil"
				},
				{
					"code": "mst-line05-seargent"
				},
				{
					"code": "mst-line10-sheriff"
				},
				{
					"code": "mst-line15-eccentric"
				},
				{
					"code": "mst-line20-seagull"
				},
				{
					"code": "mst-u01-horseshoe"
				},
				{
					"code": "mst-u05-stirrups"
				},
				{
					"code": "mst-walrus05-neat"
				},
				{
					"code": "mst-walrus30-fat"
				},
				{
					"code": "mst-whiskbroom"
				},
				{
					"code": "mst-exphairs-1"
				},
				{
					"code": "mst-exphairs-3"
				},
				{
					"code": "mst-exphairs-2"
				},
				{
					"code": "mst-longbar"
				},
				{
					"code": "mst-sage"
				}
			]
		}
	},
	{
		"file": "game:entities/humanoid/player.json",
		"op": "replace",
		"path": "/attributes/skinnableParts/9",
		"value": {
			"code": "beard",
			"type": "shape",
			"shapeTemplate": {
				"base": "expandedhairs:entity/humanoid/seraphskinparts/hair-face/{code}"
			},
			"variants": [
				{
					"code": "none"
				},
				{
					"code": "brd-stubble"
				},
				{
					"code": "brd-box05-anchor"
				},
				{
					"code": "brd-box01-chincurtain"
				},
				{
					"code": "brd-box07-ducktail"
				},
				{
					"code": "brd-box10-short"
				},
				{
					"code": "brd-box20-full"
				},
				{
					"code": "brd-braid05-single"
				},
				{
					"code": "brd-braid10-double"
				},
				{
					"code": "brd-braid15-triple"
				},
				{
					"code": "brd-chin01-mouche"
				},
				{
					"code": "brd-chin05-chinpatch"
				},
				{
					"code": "brd-chin10-chinpuff"
				},
				{
					"code": "brd-chin15-goatee"
				},
				{
					"code": "brd-chin20-goateehorns"
				},
				{
					"code": "brd-full01-trimmedfull"
				},
				{
					"code": "brd-full05-cleanfull"
				},
				{
					"code": "brd-full10-shaggy"
				},
				{
					"code": "brd-mut05-friendly"
				},
				{
					"code": "brd-mut10-muttonchops"
				},
				{
					"code": "brd-mut15-wildchops"
				},
				{
					"code": "brd-side05-sideburns"
				},
				{
					"code": "brd-side15-sidewhiskers"
				},
				{
					"code": "brd-wisp10-wiseman"
				},
				{
					"code": "brd-admiral"
				},
				{
					"code": "brd-braid1"
				},
				{
					"code": "brd-braid2"
				},
				{
					"code": "brd-braid3"
				},
				{
					"code": "brd-conqueror"
				},
				{
					"code": "brd-general"
				},
				{
					"code": "brd-goat"
				},
				{
					"code": "brd-khan"
				},
				{
					"code": "brd-mandarin"
				},
				{
					"code": "brd-steward"
				},
				{
					"code": "brd-vintage"
				}
			]
		}
	},
	{
		"file": "game:entities/humanoid/player.json",
		"op": "replace",
		"path": "/attributes/skinnableParts/5",
		"value": {
			"code": "hairbase",
			"type": "shape",
			"shapeTemplate": {
				"base": "expandedhairs:entity/humanoid/seraphskinparts/hair-base/{code}"
			},
			"variants": [
				{
					"code": "baldforehead"
				},
				{
					"code": "bowlcut"
				},
				{
					"code": "boxbraids"
				},
				{
					"code": "combedflowing"
				},
				{
					"code": "curly"
				},
				{
					"code": "dreadlocksdense"
				},
				{
					"code": "longcurls"
				},
				{
					"code": "mediumcurls"
				},
				{
					"code": "mediumlengthbangs"
				},
				{
					"code": "mediummidparted"
				},
				{
					"code": "mediumshy"
				},
				{
					"code": "messysidepart"
				},
				{
					"code": "page"
				},
				{
					"code": "rows"
				},
				{
					"code": "rowsdense"
				},
				{
					"code": "shortcurls"
				},
				{
					"code": "shortcurls2"
				},
				{
					"code": "shortfrizzy"
				},
				{
					"code": "shortparted"
				},
				{
					"code": "shorttrimmed"
				},
				{
					"code": "undercut"
				},
				{
					"code": "bald"
				},
				{
					"code": "balding"
				},
				{
					"code": "afro"
				},
				{
					"code": "combed"
				},
				{
					"code": "dreadlocks"
				},
				{
					"code": "indigenousbalding"
				},
				{
					"code": "iroquois"
				},
				{
					"code": "kniaz"
				},
				{
					"code": "layered"
				},
				{
					"code": "longflowing"
				},
				{
					"code": "longwithstrands"
				},
				{
					"code": "mediumlength-bangs"
				},
				{
					"code": "messy"
				},
				{
					"code": "messy2"
				},
				{
					"code": "classic"
				},
				{
					"code": "short"
				},
				{
					"code": "short-parted"
				},
				{
					"code": "shortspiky"
				},
				{
					"code": "short-trimmed"
				},
				{
					"code": "tonsure"
				}
			]
		}
	}
]