[
  {
		"enabled": true,
		"ingredientPattern": "LNL,_F_",
		"recipeGroup": 1,
		"ingredients": {
			"N": { "type": "item", "code": "part-oillamp-brass", "quantity": 1 },
			"L": { "type": "item", "code": "game:leather-normal-plain" },
			"F": { "type": "item", "code": "game:fat", "isTool": true, "toolDurabilityCost": 0}
		},
		"width": 3,
		"height": 2,
		"name": "head-oil-lamp",
		"output": { "type": "item", "code": "wearablelight-head-plain-oillamp" }
	},
	{
		"enabled": true,
		"ingredientPattern": "LNL,_F_",
		"recipeGroup": 2,
		"ingredients": {
			"N": {"type": "item", "code": "part-oillamp-{metal}", "quantity": 1 },
			"L": { "type": "item", "code": "game:leather-normal-{leather}" },
			"F": { "type": "item", "code": "game:fat", "isTool": true, "toolDurabilityCost": 0}
		},
		"width": 3,
		"height": 2,
		"name": "head-oil-lamp",
		"output": { "type": "item", "code": "wearablelight-head-plain-oillamp", "attributes": {"types": {"leather": "{leather}", "metal": "{metal}"}} }
	},
	{
		"enabled": true,
		"ingredientPattern": "LNL,PF_",
		"recipeGroup": 2,
		"ingredients": {
			"N": {"type": "item", "code": "part-oillamp-{metal}", "quantity": 1 },
			"L": { "type": "item", "code": "game:leather-normal-{leather}" },
			"P": { "type": "item", "code": "game:metalplate-silver" },
			"F": { "type": "item", "code": "game:fat", "isTool": true, "toolDurabilityCost": 0}
		},
		"width": 3,
		"height": 2,
		"name": "head-oil-lamp",
		"output": { "type": "item", "code": "wearablelight-head-plain-oillamp", "attributes": {"types": {"leather": "{leather}", "metal": "{metal}", "lining": "silver"}} }
	},
	{
		"enabled": true,
		"ingredientPattern": "LNL,PF_",
		"recipeGroup": 2,
		"ingredients": {
			"N": {"type": "item", "code": "part-oillamp-{metal}", "quantity": 1 },
			"L": { "type": "item", "code": "game:leather-normal-{leather}" },
			"P": { "type": "item", "code": "game:metalplate-gold" },
			"F": { "type": "item", "code": "game:fat", "isTool": true, "toolDurabilityCost": 0}
		},
		"width": 3,
		"height": 2,
		"name": "head-oil-lamp",
		"output": { "type": "item", "code": "wearablelight-head-plain-oillamp", "attributes": {"types": {"leather": "{leather}", "metal": "{metal}", "lining": "gold"}} }
	},
	{
		"enabled": true,
		"ingredientPattern": "LP",
		"recipeGroup": 3,
		"ingredients": {
			"L": {"type": "item", "code": "wearablelight-head-plain-oillamp" },
			"P": { "type": "item", "code": "game:metalplate-silver" }
		},
		"width": 2,
		"height": 1,
		"mergeAttributesFrom": [
			"L"
		],
		"name": "head-oil-lamp",
		"output": { "type": "item", "code": "wearablelight-head-plain-oillamp", "attributes": {"types": {"lining": "silver"}}}
	},
	{
		"enabled": true,
		"ingredientPattern": "LP",
		"recipeGroup": 3,
		"ingredients": {
			"L": {"type": "item", "code": "wearablelight-head-plain-oillamp" },
			"P": { "type": "item", "code": "game:metalplate-gold" }
		},
		"width": 2,
		"height": 1,
		"mergeAttributesFrom": [
			"L"
		],
		"name": "head-oil-lamp",
		"output": { "type": "item", "code": "wearablelight-head-plain-oillamp", "attributes": {"types": {"lining": "gold"}}}
	}
]