{
	"textures": { },
	"elements": [
		{
			"name": "brick",
			"from": [ 4.5, 0.0, 6.0 ],
			"to": [ 11.5, 4.0, 10.0 ],
			"rotationOrigin": [ 8.0, 0.0, 8.0 ],
			"faces": {
				"north": { "texture": "#0", "uv": [ 0.0, 12.0, 7.0, 16.0 ] },
				"east": { "texture": "#0", "uv": [ 5.0, 12.0, 9.0, 16.0 ] },
				"south": { "texture": "#0", "uv": [ 7.0, 12.0, 14.0, 16.0 ] },
				"west": { "texture": "#0", "uv": [ 12.0, 12.0, 16.0, 16.0 ] },
				"up": { "texture": "#0", "uv": [ 0.0, 0.0, 7.0, 4.0 ] },
				"down": { "texture": "#0", "uv": [ 7.0, 0.0, 14.0, 4.0 ] }
			}
		}
	]
}
