[
	{
	"name": "nadiyan-blacksmith-gloves",
	"enabled": true,
	"ingredientPattern": "ACS,FLT",
	"requiresTrait": "clothier",
	"ingredients": {
		"C": { "type": "item", "code": "tailorsdelight:leatherbundle-nadiyan" },
		"S": { "type": "item", "code": "game:shears-*", "isTool": true },
		"L": { "type": "item", "code": "tailorsdelight:leatherbundle-sturdy" },
		"A": { "type": "item", "code": "tailorsdelight:awl-*", "isTool": true },
		"T": { "type": "item", "code": "wool:twine-wool-gray", "quantity": 2 },
		"F": { "type": "item", "code": "game:fat" }
	},
	"width": 3,
	"height": 2,
	"output": { "type": "item", "code": "game:clothes-nadiya-hand-blacksmith" }
	},

	{
	"name": "nadiyan-alchemist-gloves",
	"enabled": true,
	"ingredientPattern": "ACS,TFT",
	"requiresTrait": "clothier",
	"ingredients": {
		"C": { "type": "item", "code": "tailorsdelight:leatherbundle-nadiyan" },
		"S": { "type": "item", "code": "game:shears-*", "isTool": true },
		"A": { "type": "item", "code": "tailorsdelight:awl-*", "isTool": true },
		"T": { "type": "item", "code": "wool:twine-wool-black", "quantity": 2 },
		"F": { "type": "item", "code": "game:fat" }
	},
	"width": 3,
	"height": 2,
	"output": { "type": "item", "code": "game:clothes-nadiya-hand-alchemist" }
	},

	{
	"name": "nadiyan-alchemist-gloves",
	"enabled": true,
	"ingredientPattern": "ACS,TFT",
	"requiresTrait": "tinkerer",
	"ingredients": {
		"C": { "type": "item", "code": "tailorsdelight:leather-nadiyan", "quantity": 3 },
		"S": { "type": "item", "code": "game:shears-*", "isTool": true },
		"A": { "type": "item", "code": "tailorsdelight:awl-*", "isTool": true },
		"T": { "type": "item", "code": "wool:twine-wool-black", "quantity": 3 },
		"F": { "type": "item", "code": "game:fat" }
	},
	"width": 3,
	"height": 2,
	"output": { "type": "item", "code": "game:clothes-nadiya-hand-alchemist" }
	},

	{
	"name": "nadiyan-barber-gloves",
	"enabled": true,
	"ingredientPattern": "ACS,FCT",
	"requiresTrait": "clothier",
	"ingredients": {
		"C": { "type": "item", "code": "tailorsdelight:leatherbundle-white" },
		"S": { "type": "item", "code": "game:shears-*", "isTool": true },
		"A": { "type": "item", "code": "tailorsdelight:awl-*", "isTool": true },
		"T": { "type": "item", "code": "wool:twine-wool-gray", "quantity": 2 },
		"F": { "type": "item", "code": "game:fat" }
	},
	"width": 3,
	"height": 2,
	"output": { "type": "item", "code": "game:clothes-nadiya-hand-barber" }
	},

	{
	"name": "nadiyan-beekeper-gloves",
	"enabled": true,
	"ingredientPattern": "ACS,T_T",
	"requiresTrait": "clothier",
	"ingredients": {
		"C": { "type": "item", "code": "tailorsdelight:leatherbundle-nadiyan" },
		"S": { "type": "item", "code": "game:shears-*", "isTool": true },
		"A": { "type": "item", "code": "tailorsdelight:awl-*", "isTool": true },
		"T": { "type": "item", "code": "wool:twine-wool-brown", "quantity": 2 }
	},
	"width": 3,
	"height": 2,
	"output": { "type": "item", "code": "game:clothes-nadiya-hand-beekeeper" }
	},

	{
	"name": "nadiyan-fisher-gloves",
	"enabled": true,
	"ingredientPattern": "ACS,T_T",
	"requiresTrait": "clothier",
	"ingredients": {
		"C": { "type": "item", "code": "tailorsdelight:leatherbundle-nadiyan" },
		"S": { "type": "item", "code": "game:shears-*", "isTool": true },
		"A": { "type": "item", "code": "tailorsdelight:awl-*", "isTool": true },
		"T": { "type": "item", "code": "wool:twine-wool-black", "quantity": 2 }
	},
	"width": 3,
	"height": 2,
	"output": { "type": "item", "code": "game:clothes-nadiya-hand-fisher" }
	},

	{
	"name": "nadiyan-gloves",
	"enabled": true,
	"ingredientPattern": "ACS,TPT",
	"requiresTrait": "clothier",
	"ingredients": {
		"C": { "type": "item", "code": "tailorsdelight:leatherbundle-nadiyan" },
		"S": { "type": "item", "code": "game:shears-*", "isTool": true },
		"A": { "type": "item", "code": "tailorsdelight:awl-*", "isTool": true },
		"T": { "type": "item", "code": "wool:twine-wool-plain" },
		"P": { "type": "item", "code": "wool:cloth-wool-brown" }
	},
	"width": 3,
	"height": 2,
	"output": { "type": "item", "code": "game:clothes-nadiya-hand-gloves" }
	},

	{
	"name": "nadiyan-hunter-gloves",
	"enabled": true,
	"ingredientPattern": "BSB,PTP,GNG",
	"requiresTrait": "clothier",
	"ingredients": {
		"B": { "type": "item", "code": "wool:cloth-wool-darkblue" },
		"S": { "type": "item", "code": "game:shears-*", "isTool": true },
		"P": { "type": "item", "code": "wool:cloth-wool-plain" },
		"N": { "type": "item", "code": "tailorsdelight:needle-*" },
		"T": { "type": "item", "code": "wool:twine-wool-brown" },
		"G": { "type": "item", "code": "wool:twine-wool-gray" }
	},
	"recipeGroup": 5,
	"width": 3,
	"height": 3,
	"output": { "type": "item", "code": "game:clothes-nadiya-hand-hunter" }
	},

	{
	"name": "nadiyan-hunter-gloves",
	"enabled": true,
	"ingredientPattern": "BSB,PTP,GNG",
	"requiresTrait": "bowyer",
	"ingredients": {
		"B": { "type": "item", "code": "wool:cloth-wool-darkblue" },
		"S": { "type": "item", "code": "game:shears-*", "isTool": true },
		"P": { "type": "item", "code": "wool:cloth-wool-plain" },
		"N": { "type": "item", "code": "tailorsdelight:needle-*" },
		"T": { "type": "item", "code": "wool:twine-wool-brown", "quantity": 2 },
		"G": { "type": "item", "code": "wool:twine-wool-gray", "quantity": 2 }
	},
	"recipeGroup": 7,
	"width": 3,
	"height": 3,
	"output": { "type": "item", "code": "game:clothes-nadiya-hand-hunter" }
	},

	{
	"name": "nadiyan-pristine-miner-gloves",
	"enabled": true,
	"ingredientPattern": "BSB,PTP,_N_",
	"requiresTrait": "clothier",
	"ingredients": {
		"B": { "type": "item", "code": "wool:cloth-wool-darkblue" },
		"S": { "type": "item", "code": "game:shears-*", "isTool": true },
		"P": { "type": "item", "code": "tailorsdelight:checkeredcloth-darkbrown" },
		"N": { "type": "item", "code": "tailorsdelight:needle-*" },
		"T": { "type": "item", "code": "wool:twine-wool-gray" }
	},
	"recipeGroup": 5,
	"width": 3,
	"height": 3,
	"output": { "type": "item", "code": "game:clothes-nadiya-hand-miner-clean" }
	},

	{
	"name": "nadiyan-miner-gloves",
	"enabled": true,
	"ingredientPattern": "BSB,PTP,_N_",
	"requiresTrait": "clothier",
	"ingredients": {
		"B": { "type": "item", "code": "wool:cloth-wool-darkblue" },
		"S": { "type": "item", "code": "game:shears-*", "isTool": true },
		"P": { "type": "item", "code": "tailorsdelight:checkeredcloth-darkbrown" },
		"N": { "type": "item", "code": "tailorsdelight:needle-*" },
		"T": { "type": "item", "code": "wool:twine-wool-black", "quantity": 2 }
	},
	"recipeGroup": 5,
	"width": 3,
	"height": 3,
	"output": { "type": "item", "code": "game:clothes-nadiya-hand-miner" }
	},

	{
	"name": "nadiyan-peasant-gloves brown",
	"enabled": true,
	"ingredientPattern": "BSB,PTP,PNP",
	"requiresTrait": "clothier",
	"ingredients": {
		"B": { "type": "item", "code": "wool:twine-wool-brown" },
		"S": { "type": "item", "code": "game:shears-*", "isTool": true },
		"P": { "type": "item", "code": "wool:cloth-wool-brown" },
		"N": { "type": "item", "code": "tailorsdelight:needle-*" },
		"T": { "type": "item", "code": "wool:twine-wool-gray" }
	},
	"recipeGroup": 5,
	"width": 3,
	"height": 3,
	"output": { "type": "item", "code": "game:clothes-nadiya-hand-peasant1" }
	},

	{
	"name": "nadiyan-peasant-gloves beige",
	"enabled": true,
	"ingredientPattern": "BSB,PTG,GNP",
	"requiresTrait": "clothier",
	"ingredients": {
		"B": { "type": "item", "code": "wool:twine-wool-brown" },
		"S": { "type": "item", "code": "game:shears-*", "isTool": true },
		"P": { "type": "item", "code": "wool:cloth-wool-brown" },
		"G": { "type": "item", "code": "wool:cloth-wool-plain" },
		"N": { "type": "item", "code": "tailorsdelight:needle-*" },
		"T": { "type": "item", "code": "wool:twine-wool-gray" }
	},
	"recipeGroup": 5,
	"width": 3,
	"height": 3,
	"output": { "type": "item", "code": "game:clothes-nadiya-hand-peasant2" }
	},

	{
	"name": "nadiyan-shepherd-gloves",
	"enabled": true,
	"ingredientPattern": "ACS,TPT",
	"requiresTrait": "clothier",
	"ingredients": {
		"C": { "type": "item", "code": "wool:twine-wool-gray" },
		"S": { "type": "item", "code": "game:shears-*", "isTool": true },
		"A": { "type": "item", "code": "tailorsdelight:awl-*", "isTool": true },
		"T": { "type": "item", "code": "wool:twine-wool-blue" },
		"P": { "type": "item", "code": "wool:cloth-wool-brown" }
	},
	"recipeGroup": 5,
	"width": 3,
	"height": 2,
	"output": { "type": "item", "code": "game:clothes-nadiya-hand-shepherd" }
	},

	{
	"name": "nadiyan-blue-mittens",
	"enabled": true,
	"ingredientPattern": "BSF,PTG,GNP",
	"requiresTrait": "clothier",
	"ingredients": {
		"B": { "type": "item", "code": "wool:twine-wool-gray" },
		"F": { "type": "item", "code": "game:feather", "quantity": 8 },
		"S": { "type": "item", "code": "game:shears-*", "isTool": true },
		"P": { "type": "item", "code": "wool:cloth-wool-darkbrown" },
		"G": { "type": "item", "code": "wool:cloth-wool-white" },
		"N": { "type": "item", "code": "tailorsdelight:needle-*" },
		"T": { "type": "item", "code": "wool:twine-wool-darkblue" }
	},
	"recipeGroup": 5,
	"width": 3,
	"height": 3,
	"output": { "type": "item", "code": "game:clothes-nadiya-hand-winter2" }
	},

	{
	"name": "nadiyan-brown-mittens",
	"enabled": true,
	"ingredientPattern": "BSF,PTG,GNP",
	"requiresTrait": "clothier",
	"ingredients": {
		"B": { "type": "item", "code": "wool:twine-wool-brown" },
		"F": { "type": "item", "code": "game:feather", "quantity": 8 },
		"S": { "type": "item", "code": "game:shears-*", "isTool": true },
		"P": { "type": "item", "code": "wool:cloth-wool-brown" },
		"G": { "type": "item", "code": "wool:cloth-wool-white" },
		"N": { "type": "item", "code": "tailorsdelight:needle-*" },
		"T": { "type": "item", "code": "wool:twine-wool-darkblue" }
	},
	"recipeGroup": 5,
	"width": 3,
	"height": 3,
	"output": { "type": "item", "code": "game:clothes-nadiya-hand-winter1" }
	}
]
