[
	{
	"name": "nadiyan-brown-peasant-skirt",
	"enabled": true,
	"ingredientPattern": "GDG,BGB,BSB",
	"requiresTrait": "clothier",
	"ingredients": {
		"G": { "type": "item", "code": "wool:cloth-wool-brown" },
		"S": { "type": "item", "code": "game:sewingkit" },
		"D": { "type": "item", "code": "tailorsdelight:twine-darkblue" },
		"B": { "type": "item", "code": "wool:twine-wool-brown" }
	},
	"recipeGroup": 2,
	"width": 3,
	"height": 3,
	"output": { "type": "item", "code": "game:clothes-nadiya-lowerbody-peasant-skirt1" }
	},

	{
	"name": "nadiyan-tan-peasant-skirt",
	"enabled": true,
	"ingredientPattern": "GDG,WCW,BSB",
	"requiresTrait": "clothier",
	"ingredients": {
		"G": { "type": "item", "code": "wool:cloth-wool-orange" },
		"C": { "type": "item", "code": "wool:cloth-wool-brown" },
		"S": { "type": "item", "code": "game:sewingkit" },
		"D": { "type": "item", "code": "tailorsdelight:twine-darkbrown" },
		"B": { "type": "item", "code": "tailorsdelight:twine-darkblue" },
		"W": { "type": "item", "code": "wool:twine-wool-white" }
	},
	"recipeGroup": 2,
	"width": 3,
	"height": 3,
	"output": { "type": "item", "code": "game:clothes-nadiya-lowerbody-peasant-skirt2" }
	},

	{
	"name": "nadiyan-white-peasant-skirt",
	"enabled": true,
	"ingredientPattern": "GDG,TGT,WSW",
	"requiresTrait": "clothier",
	"ingredients": {
		"G": { "type": "item", "code": "wool:cloth-wool-white" },
		"S": { "type": "item", "code": "game:sewingkit" },
		"D": { "type": "item", "code": "tailorsdelight:twine-darkblue", "quantity": 2 },
		"T": { "type": "item", "code": "wool:twine-wool-gray" },
		"W": { "type": "item", "code": "wool:twine-wool-white" }
	},
	"recipeGroup": 2,
	"width": 3,
	"height": 3,
	"output": { "type": "item", "code": "game:clothes-nadiya-lowerbody-peasant-skirt3" }
	}
]
