[
	{
	"name": "nadiyan-coat",
	"enabled": true,
	"ingredientPattern": "BLB,BPB,TST",
	"requiresTrait": "clothier",
	"ingredients": {
		"B": { "type": "item", "code": "wool:cloth-wool-brown" },
		"P": { "type": "item", "code": "wool:cloth-wool-plain" },
		"S": { "type": "item", "code": "game:sewingkit" },
		"T": { "type": "item", "code": "wool:twine-wool-brown" },
		"L": { "type": "item", "code": "tailorsdelight:leatherbundle-nadiyan" }
	},
	"recipeGroup": 5,
	"width": 3,
	"height": 3,
	"output": { "type": "item", "code": "game:clothes-nadiya-upperbodyover-coat-long" }
	}
]
