[
	{
		"ingredientPattern": "LK",
		"ingredients": {
			"K": { "type": "item", "code": "aa-knife-*", "isTool": true },
			"L": { "type": "block", "code": "game:log-*", "allowedVariants": ["placed-birch-ud", "placed-oak-ud", "placed-maple-ud", "placed-pine-ud", "placed-acacia-ud", "placed-kapok-ud", "placed-redwood-ud", "placed-larch-ud", "placed-baldcypress-ud", "placed-walnut-ud"] }
		},
		"width": 2,
		"height": 1,
		"output": { "type": "block", "code": "game:pan-wooden"  }
	},
	{
		"ingredientPattern": "LK",
		"ingredients": {
			"K": { "type": "item", "code": "aa-knife-*", "isTool": true },
			"L": { "type": "block", "code": "game:logsection-placed-*" }
		},
		"width": 2,
		"height": 1,
		"output": { "type": "block", "code": "game:pan-wooden"  }
	}
]