[
{
	"ingredientPattern": "K,H",
	"enabled": true,
	"shapeless": true,
	"ingredients": {
		"K": { "type": "item", "code": "aa-knife-*", "isTool": true },
		"H": { "type": "item", "code": "game:hide-soaked-*", "quantity": 1, "name": "size", "allowedVariants": ["small", "medium", "large", "huge"] }
	},
	"name": "scrapedhide",
	"width": 1,
	"height": 2,
	"output": { "type": "item", "code": "game:hide-scraped-{size}", "quantity": 1 }
},
{
	"ingredientPattern": "K,H",
	"enabled": true,
	"shapeless": true,
	"ingredients": {
		"K": { "type": "item", "code": "aa-knife-*", "isTool": true },
		"H": { "type": "item", "code": "game:hide-soaked-bear-*-complete", "quantity": 1, "name": "species", "allowedVariants": ["polar", "brown"] }
	},
	"recipegroup": 1,
	"name": "scrapedhide",
	"width": 1,
	"height": 2,
	"output": { "type": "item", "code": "game:hide-scraped-huge", "quantity": 3 }
},
{
	"ingredientPattern": "K,H",
	"enabled": true,
	"shapeless": true,
	"ingredients": {
		"K": { "type": "item", "code": "aa-knife-*", "isTool": true },
		"H": { "type": "item", "code": "game:hide-soaked-bear-*-body", "quantity": 1, "name": "species", "allowedVariants": ["polar", "brown"] }
	},
	"recipegroup": 1,
	"name": "scrapedhide",
	"width": 1,
	"height": 2,
	"output": { "type": "item", "code": "game:hide-scraped-huge", "quantity": 3 }
},
{
	"ingredientPattern": "K,H",
	"enabled": true,
	"shapeless": true,
	"ingredients": {
		"K": { "type": "item", "code": "aa-knife-*", "isTool": true },
		"H": { "type": "item", "code": "game:hide-soaked-bear-*-complete", "quantity": 1, "name": "species", "allowedVariants": ["black", "panda", "sun"] }
	},
	"recipegroup": 1,
	"name": "scrapedhide",
	"width": 1,
	"height": 2,
	"output": { "type": "item", "code": "game:hide-scraped-huge", "quantity": 2 }
},
{
	"ingredientPattern": "K,H",
	"enabled": true,
	"shapeless": true,
	"ingredients": {
		"K": { "type": "item", "code": "aa-knife-*", "isTool": true },
		"H": { "type": "item", "code": "game:hide-soaked-bear-*-body", "quantity": 1, "name": "species", "allowedVariants": ["black", "panda", "sun"] }
	},
	"recipegroup": 1,
	"name": "scrapedhide",
	"width": 1,
	"height": 2,
	"output": { "type": "item", "code": "game:hide-scraped-huge", "quantity": 2 }
}
]