{
	"editor": {
		"backDropShape": "entity/humanoid/seraph",
		"allAngles": true,
		"entityTextureMode": true
	},
	"textureWidth": 16,
	"textureHeight": 16,
	"textureSizes": {
		"shoes-hunter-R": [16,16],
		"shoes-hunter-L": [16,16]
	},
	"textures": {
		"shoes-hunter-L": "entity/humanoid/seraphclothes/foot/shoes-hunter-L",
		"shoes-hunter-R": "entity/humanoid/seraphclothes/foot/hunter-boots-r"
	},
	"elements": [
		{
			"name": "shoe R",
			"stepParentName": "LowerFootR",
			"from": [ -0.1, -0.1, -0.1 ],
			"to": [ 4.1, 4.4, 3.1 ],
			"rotationOrigin": [ -0.1, -0.1, -0.1 ],
			"faces": {
				"north": { "texture": "#shoes-hunter-R", "uv": [ 3.0, 9.5, 7.0, 14.0 ] },
				"east": { "texture": "#shoes-hunter-R", "uv": [ 0.0, 9.5, 3.0, 14.0 ] },
				"south": { "texture": "#shoes-hunter-R", "uv": [ 10.0, 9.5, 14.0, 14.0 ] },
				"west": { "texture": "#shoes-hunter-R", "uv": [ 7.0, 9.5, 10.0, 14.0 ] },
				"up": { "texture": "#shoes-hunter-R", "uv": [ 4.0, 0.0, 7.0, 4.0 ], "rotation": 90 },
				"down": { "texture": "#shoes-hunter-R", "uv": [ 0.0, 0.0, 3.0, 4.0 ], "rotation": 90, "windMode": [-1,-1,-1,-1] }
			},
			"children": [
				{
					"name": "hideshoeR",
					"from": [ 0.0, 4.5, 0.0 ],
					"to": [ 1.0, 5.5, 1.0 ],
					"rotationOrigin": [ 0.0, 6.5, 0.0 ],
					"faces": {
					},
					"children": [
						{
							"name": "N fold 1",
							"from": [ 0.0, 0.0, 0.0 ],
							"to": [ 4.2, 1.0, 0.2 ],
							"rotationOrigin": [ 0.0, 0.0, 0.2 ],
							"rotationX": -18.0,
							"faces": {
								"north": { "texture": "#shoes-hunter-R", "uv": [ 3.0, 8.5, 7.0, 9.5 ] },
								"east": { "texture": "#shoes-hunter-R", "uv": [ 3.0, 8.5, 3.5, 9.5 ] },
								"south": { "texture": "#shoes-hunter-R", "uv": [ 9.5, 2.0, 13.5, 3.0 ] },
								"west": { "texture": "#shoes-hunter-R", "uv": [ 6.5, 8.5, 7.0, 9.5 ] },
								"up": { "texture": "#shoes-hunter-R", "uv": [ 3.0, 8.5, 7.0, 9.0 ], "rotation": 180 },
								"down": { "texture": "#shoes-hunter-R", "uv": [ 4.5, 0.0, 8.5, 0.5 ] }
							}
						},
						{
							"name": "S fold 1",
							"from": [ 0.0, 0.0, 3.0 ],
							"to": [ 4.2, 1.0, 3.2 ],
							"rotationOrigin": [ 0.0, 0.0, 3.0 ],
							"rotationX": 18.0,
							"faces": {
								"north": { "texture": "#shoes-hunter-R", "uv": [ 9.5, 2.5, 13.5, 3.5 ] },
								"east": { "texture": "#shoes-hunter-R", "uv": [ 13.5, 8.5, 14.0, 9.5 ] },
								"south": { "texture": "#shoes-hunter-R", "uv": [ 10.0, 8.5, 14.0, 9.5 ] },
								"west": { "texture": "#shoes-hunter-R", "uv": [ 10.0, 8.5, 10.5, 9.5 ] },
								"up": { "texture": "#shoes-hunter-R", "uv": [ 10.0, 8.5, 14.0, 9.0 ] },
								"down": { "texture": "#shoes-hunter-R", "uv": [ 0.0, 0.0, 4.0, 0.5 ] }
							}
						},
						{
							"name": "back fold 1",
							"from": [ 4.0, 0.0, 0.0 ],
							"to": [ 4.2, 1.0, 3.2 ],
							"rotationOrigin": [ 4.0, 0.0, 0.0 ],
							"rotationZ": -18.0,
							"faces": {
								"north": { "texture": "#shoes-hunter-R", "uv": [ 2.5, 8.5, 3.0, 9.5 ] },
								"east": { "texture": "#shoes-hunter-R", "uv": [ 0.0, 8.5, 3.0, 9.5 ] },
								"south": { "texture": "#shoes-hunter-R", "uv": [ 0.0, 8.5, 0.5, 9.5 ] },
								"west": { "texture": "#shoes-hunter-R", "uv": [ 7.5, 0.0, 10.5, 1.0 ] },
								"up": { "texture": "#shoes-hunter-R", "uv": [ 0.0, 8.5, 3.0, 9.0 ], "rotation": 270 },
								"down": { "texture": "#shoes-hunter-R", "uv": [ 0.0, 0.0, 0.5, 3.0 ] }
							}
						},
						{
							"name": "front fold 1",
							"from": [ 0.0, 0.0, 0.0 ],
							"to": [ 0.2, 1.0, 3.2 ],
							"rotationOrigin": [ 0.2, 0.0, 0.0 ],
							"rotationZ": 18.0,
							"faces": {
								"north": { "texture": "#shoes-hunter-R", "uv": [ 7.0, 8.5, 7.5, 9.5 ] },
								"east": { "texture": "#shoes-hunter-R", "uv": [ 7.5, 1.0, 10.5, 2.0 ] },
								"south": { "texture": "#shoes-hunter-R", "uv": [ 10.0, 9.0, 10.5, 10.0 ] },
								"west": { "texture": "#shoes-hunter-R", "uv": [ 7.0, 8.5, 10.0, 9.5 ] },
								"up": { "texture": "#shoes-hunter-R", "uv": [ 7.0, 8.5, 10.0, 9.0 ], "rotation": 90 },
								"down": { "texture": "#shoes-hunter-R", "uv": [ 0.0, 0.0, 0.5, 3.0 ] }
							}
						},
						{
							"name": "N fold 11",
							"from": [ 0.0, 0.0, 0.1 ],
							"to": [ 4.2, 2.5, 0.1 ],
							"rotationOrigin": [ 0.0, 0.0, 0.1 ],
							"rotationX": -8.0,
							"faces": {
								"north": { "texture": "#shoes-hunter-R", "uv": [ 3.0, 7.0, 7.0, 9.5 ] }
							}
						},
						{
							"name": "S fold 12",
							"from": [ 0.0, 0.0, 3.1 ],
							"to": [ 4.2, 2.5, 3.1 ],
							"rotationOrigin": [ 0.0, 0.0, 3.1 ],
							"rotationX": 8.0,
							"faces": {
								"south": { "texture": "#shoes-hunter-R", "uv": [ 10.0, 7.0, 14.0, 9.5 ] }
							}
						},
						{
							"name": "front fold 13",
							"from": [ 0.0, 0.0, 0.0 ],
							"to": [ 0.0, 2.5, 3.2 ],
							"rotationOrigin": [ 0.2, 0.0, 0.0 ],
							"rotationZ": 8.0,
							"faces": {
								"west": { "texture": "#shoes-hunter-R", "uv": [ 7.0, 7.0, 10.0, 9.5 ] }
							}
						},
						{
							"name": "back fold 14",
							"from": [ 4.1, 0.0, 0.0 ],
							"to": [ 4.1, 2.5, 3.2 ],
							"rotationOrigin": [ 4.1, 0.0, 0.0 ],
							"rotationZ": -8.0,
							"faces": {
								"east": { "texture": "#shoes-hunter-R", "uv": [ 0.0, 7.0, 3.0, 9.5 ] }
							}
						}
					]
				},
				{
					"name": "showshoeR",
					"from": [ 0.0, 4.5, 0.0 ],
					"to": [ 4.2, 7.0, 3.2 ],
					"rotationOrigin": [ 0.0, 6.5, 0.0 ],
					"faces": {
						"north": { "texture": "#shoes-hunter-R", "uv": [ 3.0, 4.0, 7.0, 6.5 ] },
						"east": { "texture": "#shoes-hunter-R", "uv": [ 0.0, 4.0, 3.0, 6.5 ] },
						"south": { "texture": "#shoes-hunter-R", "uv": [ 10.0, 4.0, 14.0, 6.5 ] },
						"west": { "texture": "#shoes-hunter-R", "uv": [ 7.0, 4.0, 10.0, 6.5 ] }
					}
				}
			]
		},
		{
			"name": "shoe L",
			"stepParentName": "LowerFootL",
			"from": [ -0.1, -0.1, -0.1 ],
			"to": [ 4.1, 4.4, 3.1 ],
			"rotationOrigin": [ -0.1, -0.1, -0.1 ],
			"faces": {
				"north": { "texture": "#shoes-hunter-L", "uv": [ 0.0, 10.0, 4.0, 14.5 ] },
				"east": { "texture": "#shoes-hunter-L", "uv": [ 4.0, 10.0, 7.0, 14.5 ], "windMode": [-1,-1,-1,-1] },
				"south": { "texture": "#shoes-hunter-L", "uv": [ 7.0, 10.0, 11.0, 14.5 ], "windMode": [-1,-1,-1,-1] },
				"west": { "texture": "#shoes-hunter-L", "uv": [ 11.0, 10.0, 14.0, 14.5 ] },
				"up": { "texture": "#shoes-hunter-L", "uv": [ 0.0, 0.0, 3.0, 4.0 ], "rotation": 90, "windMode": [-1,-1,-1,-1] },
				"down": { "texture": "#shoes-hunter-L", "uv": [ 4.0, 0.0, 7.0, 4.0 ], "rotation": 90, "windMode": [-1,-1,-1,-1] }
			},
			"children": [
				{
					"name": "hideshoeL",
					"from": [ 0.0, 4.5, 0.0 ],
					"to": [ 1.0, 5.5, 1.0 ],
					"rotationOrigin": [ 0.0, 6.5, 0.0 ],
					"faces": {
					},
					"children": [
						{
							"name": "N fold 2",
							"from": [ 0.0, 0.0, 0.0 ],
							"to": [ 4.2, 1.0, 0.2 ],
							"rotationOrigin": [ 0.0, 0.0, 0.2 ],
							"rotationX": -18.0,
							"faces": {
								"north": { "texture": "#shoes-hunter-L", "uv": [ 0.0, 8.5, 4.0, 9.5 ] },
								"east": { "texture": "#shoes-hunter-L", "uv": [ 0.0, 8.5, 0.5, 9.5 ] },
								"south": { "texture": "#shoes-hunter-L", "uv": [ 10.0, 2.0, 14.0, 3.0 ] },
								"west": { "texture": "#shoes-hunter-L", "uv": [ 3.5, 8.5, 4.0, 9.5 ] },
								"up": { "texture": "#shoes-hunter-L", "uv": [ 0.0, 8.5, 4.0, 9.0 ], "rotation": 180 },
								"down": { "texture": "#shoes-hunter-L", "uv": [ 0.0, 0.0, 4.0, 0.5 ] }
							}
						},
						{
							"name": "S fold 2",
							"from": [ 0.0, 0.0, 3.0 ],
							"to": [ 4.2, 1.0, 3.2 ],
							"rotationOrigin": [ 0.0, 0.0, 3.0 ],
							"rotationX": 18.0,
							"faces": {
								"north": { "texture": "#shoes-hunter-L", "uv": [ 9.5, 2.0, 13.5, 3.0 ] },
								"east": { "texture": "#shoes-hunter-L", "uv": [ 10.5, 8.5, 11.0, 9.5 ] },
								"south": { "texture": "#shoes-hunter-L", "uv": [ 7.0, 8.5, 11.0, 9.5 ] },
								"west": { "texture": "#shoes-hunter-L", "uv": [ 7.0, 8.5, 7.5, 9.5 ] },
								"up": { "texture": "#shoes-hunter-L", "uv": [ 7.0, 8.5, 11.0, 9.0 ] },
								"down": { "texture": "#shoes-hunter-L", "uv": [ 0.0, 0.0, 4.0, 0.5 ] }
							}
						},
						{
							"name": "back fold 2",
							"from": [ 4.0, 0.0, 0.0 ],
							"to": [ 4.2, 1.0, 3.2 ],
							"rotationOrigin": [ 4.0, 0.0, 0.0 ],
							"rotationZ": -18.0,
							"faces": {
								"north": { "texture": "#shoes-hunter-L", "uv": [ 13.5, 8.5, 14.0, 9.5 ] },
								"east": { "texture": "#shoes-hunter-L", "uv": [ 11.0, 8.5, 14.0, 9.5 ] },
								"south": { "texture": "#shoes-hunter-L", "uv": [ 11.0, 8.5, 11.5, 9.5 ] },
								"west": { "texture": "#shoes-hunter-L", "uv": [ 8.5, 1.0, 11.5, 2.0 ] },
								"up": { "texture": "#shoes-hunter-L", "uv": [ 11.0, 8.5, 14.0, 9.0 ], "rotation": 270 },
								"down": { "texture": "#shoes-hunter-L", "uv": [ 0.0, 0.0, 0.5, 3.0 ] }
							}
						},
						{
							"name": "front fold 2",
							"from": [ 0.0, 0.0, 0.0 ],
							"to": [ 0.2, 1.0, 3.2 ],
							"rotationOrigin": [ 0.2, 0.0, 0.0 ],
							"rotationZ": 18.0,
							"faces": {
								"north": { "texture": "#shoes-hunter-L", "uv": [ 4.0, 8.5, 4.5, 9.5 ] },
								"east": { "texture": "#shoes-hunter-L", "uv": [ 7.5, 1.0, 10.5, 2.0 ] },
								"south": { "texture": "#shoes-hunter-L", "uv": [ 6.5, 8.5, 7.0, 9.5 ] },
								"west": { "texture": "#shoes-hunter-L", "uv": [ 4.0, 8.5, 7.0, 9.5 ] },
								"up": { "texture": "#shoes-hunter-L", "uv": [ 4.0, 8.5, 7.0, 9.0 ], "rotation": 90 },
								"down": { "texture": "#shoes-hunter-L", "uv": [ 0.0, 0.0, 0.5, 3.0 ] }
							}
						},
						{
							"name": "front fold 15",
							"from": [ 0.0, 0.0, 0.0 ],
							"to": [ 0.0, 2.5, 3.2 ],
							"rotationOrigin": [ 0.2, 0.0, 0.0 ],
							"rotationZ": 8.0,
							"faces": {
								"west": { "texture": "#shoes-hunter-L", "uv": [ 11.0, 7.0, 14.0, 9.5 ] }
							}
						},
						{
							"name": "S fold 16",
							"from": [ 0.0, 0.0, 3.1 ],
							"to": [ 4.2, 2.5, 3.1 ],
							"rotationOrigin": [ 0.0, 0.0, 3.1 ],
							"rotationX": 8.0,
							"faces": {
								"south": { "texture": "#shoes-hunter-L", "uv": [ 7.0, 7.0, 11.0, 9.5 ] }
							}
						},
						{
							"name": "back fold 17",
							"from": [ 4.1, 0.0, 0.0 ],
							"to": [ 4.1, 2.5, 3.2 ],
							"rotationOrigin": [ 4.1, 0.0, 0.0 ],
							"rotationZ": -8.0,
							"faces": {
								"east": { "texture": "#shoes-hunter-L", "uv": [ 4.0, 7.0, 7.0, 9.5 ] }
							}
						},
						{
							"name": "N fold 18",
							"from": [ 0.0, 0.0, 0.1 ],
							"to": [ 4.2, 2.5, 0.1 ],
							"rotationOrigin": [ 0.0, 0.0, 0.3 ],
							"rotationX": -8.0,
							"faces": {
								"north": { "texture": "#shoes-hunter-L", "uv": [ 0.0, 7.0, 4.0, 9.5 ] }
							}
						}
					]
				},
				{
					"name": "showshoeL",
					"from": [ 0.0, 4.5, 0.0 ],
					"to": [ 4.2, 7.0, 3.2 ],
					"rotationOrigin": [ 0.0, 6.5, 0.0 ],
					"faces": {
						"north": { "texture": "#shoes-hunter-L", "uv": [ 0.0, 7.0, 4.0, 9.5 ] },
						"east": { "texture": "#shoes-hunter-L", "uv": [ 4.0, 7.0, 7.0, 9.5 ] },
						"south": { "texture": "#shoes-hunter-L", "uv": [ 7.0, 7.0, 11.0, 9.5 ] },
						"west": { "texture": "#shoes-hunter-L", "uv": [ 11.0, 7.0, 14.0, 9.5 ] }
					}
				}
			]
		}
	]}