{
	"editor": {
		"backDropShape": "C:/Users/Jesus/Documents/VintageMod/MyShapes/CHARmod/dwarf-faceless",
		"collapsedPaths": "Root/shoe R/RighLipMover/LlipSLower2,Root/shoe L/LacesR1,Root/shoe L/LacesL1,Root/shoe L/LeftLipMover/LLipNLower,Root/shoe L/front16,Root/shoe L/LeftLipMover/LlipSLower,Root/shoe R/RighLipMover/LLipNLower2",
		"allAngles": true,
		"entityTextureMode": true
	},
	"textureWidth": 16,
	"textureHeight": 28,
	"textureSizes": {
		"shoes": [16,28]
	},
	"textures": {
	},
	"elements": [
		{
			"name": "shoe R",
			"stepParentName": "LowerFootR",
			"from": [ -0.1, -0.1, -0.1 ],
			"to": [ 4.1, 3.4, 3.1 ],
			"unwrapMode": 4,
			"autoUnwrap": false,
			"uv": [ 1.0, 16.5 ],
			"rotationOrigin": [ -0.1, -0.1, -0.1 ],
			"faces": {
				"north": { "texture": "#shoes", "uv": [ 1.0, 21.5, 5.0, 25.0 ], "windMode": [-1,-1,-1,-1] },
				"east": { "texture": "#shoes", "uv": [ 12.0, 21.5, 15.0, 25.0 ] },
				"south": { "texture": "#shoes", "uv": [ 8.0, 21.5, 12.0, 25.0 ] },
				"west": { "texture": "#shoes", "uv": [ 5.0, 21.5, 8.0, 25.0 ] },
				"up": { "texture": "#shoes", "uv": [ 13.0, 0.0, 16.0, 4.0 ], "rotation": 90 },
				"down": { "texture": "#shoes", "uv": [ 0.0, 4.0, 3.0, 8.0 ], "rotation": 90 }
			},
			"children": [
				{
					"name": "hideshoeR",
					"from": [ 0.0, 3.5, 0.0 ],
					"to": [ 1.0, 4.5, 1.0 ],
					"uv": [ 3.0, 1.5 ],
					"rotationOrigin": [ 0.0, 6.5, 0.0 ],
					"faces": {
					},
					"children": [
						{
							"name": "LlipELower2",
							"from": [ 4.0, 0.0, 0.0 ],
							"to": [ 4.2, 2.0, 3.2 ],
							"unwrapMode": 2,
							"autoUnwrap": false,
							"uv": [ 11.5, 19.0 ],
							"rotationOrigin": [ 4.0, 0.0, 0.0 ],
							"rotationZ": -8.0,
							"faces": {
								"north": { "texture": "#shoes", "uv": [ 15.0, 19.5, 15.5, 21.5 ] },
								"east": { "texture": "#shoes", "uv": [ 12.0, 19.5, 15.0, 21.5 ] },
								"south": { "texture": "#shoes", "uv": [ 11.5, 19.5, 12.0, 21.5 ] },
								"west": { "texture": "#shoes", "uv": [ 3.5, 0.0, 6.5, 2.0 ] },
								"up": { "texture": "#shoes", "uv": [ 12.0, 19.0, 15.0, 19.5 ], "rotation": 270 }
							}
						},
						{
							"name": "LlipSLower2",
							"from": [ 0.0, -0.01, 3.0 ],
							"to": [ 4.2, 1.99, 3.2 ],
							"unwrapMode": 3,
							"autoUnwrap": false,
							"uv": [ 7.5, 19.0 ],
							"rotationOrigin": [ 0.0, 0.0, 3.0 ],
							"rotationX": 8.0,
							"faces": {
								"north": { "texture": "#shoes", "uv": [ 6.0, 2.0, 10.0, 4.0 ] },
								"east": { "texture": "#shoes", "uv": [ 12.0, 19.5, 12.5, 21.5 ] },
								"south": { "texture": "#shoes", "uv": [ 8.0, 19.5, 12.0, 21.5 ] },
								"west": { "texture": "#shoes", "uv": [ 7.5, 19.5, 8.0, 21.5 ] },
								"up": { "texture": "#shoes", "uv": [ 8.0, 19.0, 12.0, 19.5 ] }
							},
							"children": [
								{
									"name": "LlipSMid2",
									"from": [ 0.0, 2.0, 0.0 ],
									"to": [ 1.6, 2.5, 0.2 ],
									"unwrapMode": 3,
									"autoUnwrap": false,
									"uv": [ 7.5, 18.5 ],
									"rotationOrigin": [ 0.0, 2.01, 0.0 ],
									"faces": {
										"north": { "texture": "#shoes", "uv": [ 8.5, 0.0, 10.0, 0.5 ] },
										"east": { "texture": "#shoes", "uv": [ 9.5, 19.0, 10.0, 19.5 ] },
										"south": { "texture": "#shoes", "uv": [ 8.0, 19.0, 9.5, 19.5 ] },
										"west": { "texture": "#shoes", "uv": [ 7.5, 19.0, 8.0, 19.5 ] },
										"up": { "texture": "#shoes", "uv": [ 8.0, 18.5, 9.5, 19.0 ] }
									},
									"children": [
										{
											"name": "LlipSTop2",
											"from": [ 0.0, 0.5, 0.0 ],
											"to": [ 0.55, 1.0, 0.2 ],
											"unwrapMode": 3,
											"autoUnwrap": false,
											"uv": [ 7.5, 18.0 ],
											"renderInEditor": false,
											"rotationOrigin": [ 0.0, 0.51, 0.0 ],
											"faces": {
												"north": { "texture": "#shoes", "uv": [ 5.0, 0.5, 5.5, 1.0 ] },
												"east": { "texture": "#shoes", "uv": [ 8.5, 18.5, 9.0, 19.0 ] },
												"south": { "texture": "#shoes", "uv": [ 8.0, 18.5, 8.5, 19.0 ] },
												"west": { "texture": "#shoes", "uv": [ 7.5, 18.5, 8.0, 19.0 ] },
												"up": { "texture": "#shoes", "uv": [ 8.0, 18.0, 8.5, 18.5 ] }
											}
										}
									]
								}
							]
						},
						{
							"name": "LLipNLower2",
							"from": [ 0.0, 0.0, 0.0 ],
							"to": [ 4.2, 2.0, 0.2 ],
							"unwrapMode": 1,
							"autoUnwrap": false,
							"uv": [ 0.5, 19.0 ],
							"rotationOrigin": [ 0.0, 0.0, 0.2 ],
							"rotationX": -8.0,
							"faces": {
								"north": { "texture": "#shoes", "uv": [ 1.0, 19.5, 5.0, 21.5 ] },
								"east": { "texture": "#shoes", "uv": [ 0.5, 19.5, 1.0, 21.5 ] },
								"south": { "texture": "#shoes", "uv": [ 6.0, 2.0, 10.0, 4.0 ] },
								"west": { "texture": "#shoes", "uv": [ 5.0, 19.5, 5.5, 21.5 ] },
								"up": { "texture": "#shoes", "uv": [ 1.0, 19.0, 5.0, 19.5 ], "rotation": 180 }
							},
							"children": [
								{
									"name": "LLipNMid2",
									"from": [ 0.0, 2.0, 0.0 ],
									"to": [ 1.6, 2.5, 0.2 ],
									"unwrapMode": 1,
									"autoUnwrap": false,
									"uv": [ 3.0, 18.5 ],
									"rotationOrigin": [ 0.0, 2.0, 0.2 ],
									"faces": {
										"north": { "texture": "#shoes", "uv": [ 3.5, 19.0, 5.0, 19.5 ] },
										"east": { "texture": "#shoes", "uv": [ 3.0, 19.0, 3.5, 19.5 ] },
										"south": { "texture": "#shoes", "uv": [ 6.0, 1.5, 7.5, 2.0 ] },
										"west": { "texture": "#shoes", "uv": [ 5.0, 19.0, 5.5, 19.5 ] },
										"up": { "texture": "#shoes", "uv": [ 3.5, 18.5, 5.0, 19.0 ], "rotation": 180 }
									},
									"children": [
										{
											"name": "LLipNTop2",
											"from": [ 0.0, 0.5, 0.0 ],
											"to": [ 0.55, 1.0, 0.2 ],
											"unwrapMode": 1,
											"autoUnwrap": false,
											"uv": [ 4.0, 8.0 ],
											"rotationOrigin": [ 0.0, 0.5, 0.2 ],
											"faces": {
												"north": { "texture": "#shoes", "uv": [ 4.5, 8.5, 5.0, 9.0 ] },
												"east": { "texture": "#shoes", "uv": [ 4.0, 8.5, 4.5, 9.0 ] },
												"south": { "texture": "#shoes", "uv": [ 6.0, 1.0, 6.5, 1.5 ] },
												"west": { "texture": "#shoes", "uv": [ 5.0, 8.5, 5.5, 9.0 ] },
												"up": { "texture": "#shoes", "uv": [ 4.5, 8.0, 5.0, 8.5 ], "rotation": 180 }
											}
										}
									]
								}
							]
						},
						{
							"name": "RLlipWLower",
							"from": [ 0.0, 0.0, 0.0 ],
							"to": [ 0.2, 3.0, 3.2 ],
							"unwrapMode": 4,
							"autoUnwrap": false,
							"uv": [ 4.5, 18.0 ],
							"rotationOrigin": [ 0.2, 0.0, 0.0 ],
							"rotationZ": 8.0,
							"faces": {
								"north": { "texture": "#shoes", "uv": [ 4.5, 18.5, 5.0, 21.5 ] },
								"east": { "texture": "#shoes", "uv": [ 3.0, 1.0, 6.0, 4.0 ] },
								"south": { "texture": "#shoes", "uv": [ 8.0, 18.5, 8.5, 21.5 ] },
								"west": { "texture": "#shoes", "uv": [ 5.0, 18.5, 8.0, 21.5 ] },
								"up": { "texture": "#shoes", "uv": [ 5.0, 18.0, 8.0, 18.5 ], "rotation": 90 }
							}
						}
					]
				},
				{
					"name": "showshoeR",
					"from": [ 0.0, 3.5, 0.0 ],
					"to": [ 4.2, 5.5, 3.2 ],
					"unwrapMode": 4,
					"uv": [ 1.0, 19.5 ],
					"rotationOrigin": [ 0.0, 6.5, 0.0 ],
					"faces": {
						"north": { "texture": "#shoes", "uv": [ 1.0, 19.5, 5.0, 21.5 ] },
						"east": { "texture": "#shoes", "uv": [ 12.0, 19.5, 15.0, 21.5 ] },
						"south": { "texture": "#shoes", "uv": [ 8.0, 19.5, 12.0, 21.5 ] },
						"west": { "texture": "#shoes", "uv": [ 5.0, 19.5, 8.0, 21.5 ] }
					},
					"children": [
						{
							"name": "showshoeR2",
							"from": [ 0.01, 1.9, 0.01 ],
							"to": [ 1.61, 2.4, 3.19 ],
							"unwrapMode": 4,
							"uv": [ 3.5, 19.0 ],
							"rotationOrigin": [ 0.0, 1.9, 0.0 ],
							"rotationZ": 3.0,
							"faces": {
								"north": { "texture": "#shoes", "uv": [ 3.5, 19.0, 5.0, 19.5 ] },
								"south": { "texture": "#shoes", "uv": [ 8.0, 19.0, 9.5, 19.5 ] },
								"west": { "texture": "#shoes", "uv": [ 5.0, 19.0, 8.0, 19.5 ] }
							},
							"children": [
								{
									"name": "showshoeR3",
									"from": [ 0.0, 0.5, -0.03 ],
									"to": [ 0.55, 1.0, 3.23 ],
									"unwrapMode": 4,
									"uv": [ 4.5, 18.5 ],
									"rotationOrigin": [ 0.0, 0.5, 0.0 ],
									"faces": {
										"north": { "texture": "#shoes", "uv": [ 4.5, 18.5, 5.0, 19.0 ] },
										"south": { "texture": "#shoes", "uv": [ 8.0, 18.5, 8.5, 19.0 ] },
										"west": { "texture": "#shoes", "uv": [ 5.0, 18.5, 8.0, 19.0 ] }
									}
								}
							]
						}
					]
				}
			]
		},
		{
			"name": "shoe L",
			"stepParentName": "LowerFootL",
			"from": [ -0.1, -0.1, -0.1 ],
			"to": [ 4.1, 3.4, 3.1 ],
			"unwrapMode": 4,
			"autoUnwrap": false,
			"uv": [ 1.0, 7.0 ],
			"rotationOrigin": [ -0.1, -0.1, -0.1 ],
			"faces": {
				"north": { "texture": "#shoes", "uv": [ 1.0, 11.5, 5.0, 15.0 ] },
				"east": { "texture": "#shoes", "uv": [ 12.0, 11.5, 15.0, 15.0 ] },
				"south": { "texture": "#shoes", "uv": [ 8.0, 11.5, 12.0, 15.0 ] },
				"west": { "texture": "#shoes", "uv": [ 5.0, 11.5, 8.0, 15.0 ] },
				"up": { "texture": "#shoes", "uv": [ 10.0, 0.0, 13.0, 4.0 ], "rotation": 90 },
				"down": { "texture": "#shoes", "uv": [ 4.0, 4.0, 7.0, 8.0 ], "rotation": 90 }
			},
			"children": [
				{
					"name": "hideshoeL",
					"from": [ 0.0, 3.5, 0.0 ],
					"to": [ 1.0, 4.5, 1.0 ],
					"uv": [ 3.0, 1.5 ],
					"rotationOrigin": [ 0.0, 6.5, 0.0 ],
					"faces": {
					},
					"children": [
						{
							"name": "LlipELower",
							"from": [ 4.0, 0.0, 0.0 ],
							"to": [ 4.2, 2.0, 3.2 ],
							"unwrapMode": 2,
							"autoUnwrap": false,
							"uv": [ 11.5, 9.0 ],
							"rotationOrigin": [ 4.0, 0.0, 0.0 ],
							"rotationZ": -8.0,
							"faces": {
								"north": { "texture": "#shoes", "uv": [ 15.0, 9.5, 15.5, 11.5 ] },
								"east": { "texture": "#shoes", "uv": [ 12.0, 9.5, 15.0, 11.5 ] },
								"south": { "texture": "#shoes", "uv": [ 11.5, 9.5, 12.0, 11.5 ] },
								"west": { "texture": "#shoes", "uv": [ 4.0, 2.0, 7.0, 4.0 ] },
								"up": { "texture": "#shoes", "uv": [ 12.0, 9.0, 15.0, 9.5 ], "rotation": 270 }
							}
						},
						{
							"name": "LlipSLower",
							"from": [ 0.0, -0.01, 3.0 ],
							"to": [ 4.2, 1.99, 3.2 ],
							"unwrapMode": 3,
							"autoUnwrap": false,
							"uv": [ 7.5, 9.5 ],
							"rotationOrigin": [ 0.0, 0.0, 3.0 ],
							"rotationX": 8.0,
							"faces": {
								"north": { "texture": "#shoes", "uv": [ 6.0, 0.5, 10.0, 2.5 ] },
								"east": { "texture": "#shoes", "uv": [ 12.0, 9.5, 12.5, 11.5 ] },
								"south": { "texture": "#shoes", "uv": [ 8.0, 9.5, 12.0, 11.5 ] },
								"west": { "texture": "#shoes", "uv": [ 7.5, 9.5, 8.0, 11.5 ] },
								"up": { "texture": "#shoes", "uv": [ 8.0, 9.0, 12.0, 9.5 ], "windMode": [-1,-1,-1,-1] }
							},
							"children": [
								{
									"name": "LlipSMid",
									"from": [ 0.0, 2.0, 0.0 ],
									"to": [ 1.6, 2.5, 0.2 ],
									"unwrapMode": 3,
									"autoUnwrap": false,
									"uv": [ 7.5, 8.5 ],
									"rotationOrigin": [ 0.0, 2.01, 0.0 ],
									"faces": {
										"north": { "texture": "#shoes", "uv": [ 7.5, 3.5, 9.0, 4.0 ] },
										"east": { "texture": "#shoes", "uv": [ 9.5, 9.0, 10.0, 9.5 ] },
										"south": { "texture": "#shoes", "uv": [ 8.0, 9.0, 9.5, 9.5 ] },
										"west": { "texture": "#shoes", "uv": [ 7.5, 9.0, 8.0, 9.5 ] },
										"up": { "texture": "#shoes", "uv": [ 8.0, 8.5, 9.5, 9.0 ] }
									},
									"children": [
										{
											"name": "LlipSTop",
											"from": [ 0.0, 0.5, 0.0 ],
											"to": [ 0.55, 1.0, 0.2 ],
											"unwrapMode": 3,
											"autoUnwrap": false,
											"uv": [ 7.5, 8.0 ],
											"rotationOrigin": [ 0.0, 0.51, 0.0 ],
											"faces": {
												"north": { "texture": "#shoes", "uv": [ 7.0, 3.0, 7.5, 3.5 ] },
												"east": { "texture": "#shoes", "uv": [ 8.5, 8.5, 9.0, 9.0 ] },
												"south": { "texture": "#shoes", "uv": [ 8.0, 8.5, 8.5, 9.0 ] },
												"west": { "texture": "#shoes", "uv": [ 7.5, 8.5, 8.0, 9.0 ] },
												"up": { "texture": "#shoes", "uv": [ 8.0, 8.0, 8.5, 8.5 ] }
											}
										}
									]
								}
							]
						},
						{
							"name": "LLipNLower",
							"from": [ 0.0, 0.0, 0.0 ],
							"to": [ 4.2, 2.0, 0.2 ],
							"unwrapMode": 1,
							"autoUnwrap": false,
							"uv": [ 0.5, 8.0 ],
							"rotationOrigin": [ 0.0, 0.0, 0.2 ],
							"rotationX": -8.0,
							"faces": {
								"north": { "texture": "#shoes", "uv": [ 1.0, 9.5, 5.0, 11.5 ] },
								"east": { "texture": "#shoes", "uv": [ 0.5, 9.5, 1.0, 11.5 ] },
								"south": { "texture": "#shoes", "uv": [ 0.0, 0.0, 4.0, 2.0 ], "windMode": [-1,-1,-1,-1] },
								"west": { "texture": "#shoes", "uv": [ 5.0, 9.5, 5.5, 11.5 ] },
								"up": { "texture": "#shoes", "uv": [ 1.0, 9.0, 5.0, 9.5 ], "windMode": [-1,-1,-1,-1] }
							},
							"children": [
								{
									"name": "LLipNMid",
									"from": [ 0.0, 2.0, 0.0 ],
									"to": [ 1.6, 2.5, 0.2 ],
									"unwrapMode": 1,
									"autoUnwrap": false,
									"uv": [ 3.0, 8.5 ],
									"rotationOrigin": [ 0.0, 2.0, 0.2 ],
									"faces": {
										"north": { "texture": "#shoes", "uv": [ 3.5, 9.0, 5.0, 9.5 ] },
										"east": { "texture": "#shoes", "uv": [ 3.0, 9.0, 3.5, 9.5 ] },
										"south": { "texture": "#shoes", "uv": [ 2.5, 2.0, 4.0, 2.5 ] },
										"west": { "texture": "#shoes", "uv": [ 5.0, 9.0, 5.5, 9.5 ] },
										"up": { "texture": "#shoes", "uv": [ 3.5, 8.5, 5.0, 9.0 ], "rotation": 180 }
									},
									"children": [
										{
											"name": "LLipNTop",
											"from": [ 0.0, 0.5, 0.0 ],
											"to": [ 0.55, 1.0, 0.2 ],
											"unwrapMode": 1,
											"autoUnwrap": false,
											"uv": [ 4.0, 8.0 ],
											"rotationOrigin": [ 0.0, 0.5, 0.2 ],
											"faces": {
												"north": { "texture": "#shoes", "uv": [ 4.5, 8.5, 5.0, 9.0 ] },
												"east": { "texture": "#shoes", "uv": [ 4.0, 8.5, 4.5, 9.0 ] },
												"south": { "texture": "#shoes", "uv": [ 3.5, 2.5, 4.0, 3.0 ] },
												"west": { "texture": "#shoes", "uv": [ 5.0, 8.5, 5.5, 9.0 ] },
												"up": { "texture": "#shoes", "uv": [ 4.5, 8.0, 5.0, 8.5 ], "rotation": 180 }
											}
										}
									]
								}
							]
						},
						{
							"name": "LlipWLower",
							"from": [ 0.0, 0.0, 0.0 ],
							"to": [ 0.2, 3.0, 3.2 ],
							"unwrapMode": 4,
							"autoUnwrap": false,
							"uv": [ 4.5, 8.0 ],
							"rotationOrigin": [ 0.2, 0.0, 0.0 ],
							"rotationZ": 8.0,
							"faces": {
								"north": { "texture": "#shoes", "uv": [ 4.5, 8.5, 5.0, 11.5 ] },
								"east": { "texture": "#shoes", "uv": [ 0.0, 1.0, 3.0, 4.0 ] },
								"south": { "texture": "#shoes", "uv": [ 8.0, 8.5, 8.5, 11.5 ] },
								"west": { "texture": "#shoes", "uv": [ 5.0, 8.5, 8.0, 11.5 ] },
								"up": { "texture": "#shoes", "uv": [ 5.0, 8.0, 8.0, 8.5 ], "rotation": 90, "windMode": [-1,-1,-1,-1] }
							}
						}
					]
				},
				{
					"name": "showshoeL",
					"from": [ 0.0, 3.5, 0.0 ],
					"to": [ 4.2, 5.5, 3.2 ],
					"unwrapMode": 4,
					"uv": [ 1.0, 9.5 ],
					"rotationOrigin": [ 0.0, 6.5, 0.0 ],
					"faces": {
						"north": { "texture": "#shoes", "uv": [ 1.0, 9.5, 5.0, 11.5 ] },
						"east": { "texture": "#shoes", "uv": [ 12.0, 9.5, 15.0, 11.5 ] },
						"south": { "texture": "#shoes", "uv": [ 8.0, 9.5, 12.0, 11.5 ] },
						"west": { "texture": "#shoes", "uv": [ 5.0, 9.5, 8.0, 11.5 ] }
					},
					"children": [
						{
							"name": "showshoeL2",
							"from": [ 0.01, 1.9, 0.01 ],
							"to": [ 1.61, 2.4, 3.19 ],
							"unwrapMode": 4,
							"uv": [ 3.5, 9.0 ],
							"rotationOrigin": [ 0.0, 1.9, 0.0 ],
							"rotationZ": 3.0,
							"faces": {
								"north": { "texture": "#shoes", "uv": [ 3.5, 9.0, 5.0, 9.5 ] },
								"south": { "texture": "#shoes", "uv": [ 8.0, 9.0, 9.5, 9.5 ] },
								"west": { "texture": "#shoes", "uv": [ 5.0, 9.0, 8.0, 9.5 ] }
							},
							"children": [
								{
									"name": "showshoeL3",
									"from": [ 0.0, 0.5, -0.03 ],
									"to": [ 0.55, 1.0, 3.23 ],
									"unwrapMode": 4,
									"uv": [ 4.5, 8.5 ],
									"rotationOrigin": [ 0.0, 0.5, 0.0 ],
									"faces": {
										"north": { "texture": "#shoes", "uv": [ 4.5, 8.5, 5.0, 9.0 ] },
										"south": { "texture": "#shoes", "uv": [ 8.0, 8.5, 8.5, 9.0 ] },
										"west": { "texture": "#shoes", "uv": [ 5.0, 8.5, 8.0, 9.0 ] }
									}
								}
							]
						}
					]
				}
			]
		}
	]}