{
	"editor": {
		"backDropShape": "C:/Users/Jesus/Documents/VintageMod/MyShapes/CHARmod/dwarf-faceless",
		"collapsedPaths": "Root/shoe L/LacesR1,Root/shoe L/LacesL1,Root/shoe L/front16",
		"allAngles": true,
		"entityTextureMode": true
	},
	"textureWidth": 32,
	"textureHeight": 24,
	"textureSizes": {
		"shoes": [32,24]
	},
	"textures": {
	},
	"elements": [
		{
			"name": "shoe R",
			"stepParentName": "LowerFootR",
			"from": [ -0.015, -0.1, -0.015 ],
			"to": [ 4.015, 7.1, 3.015 ],
			"unwrapMode": 4,
			"uv": [ 1.0, 6.0 ],
			"rotationOrigin": [ -0.1, -0.1, -0.1 ],
			"faces": {
				"north": { "texture": "#shoes", "uv": [ 1.0, 10.0, 5.0, 17.0 ] },
				"east": { "texture": "#shoes", "uv": [ 12.0, 10.0, 15.0, 17.0 ] },
				"south": { "texture": "#shoes", "uv": [ 8.0, 10.0, 12.0, 17.0 ] },
				"west": { "texture": "#shoes", "uv": [ 5.0, 10.0, 8.0, 17.0 ] },
				"up": { "texture": "#shoes", "uv": [ 5.0, 6.0, 8.0, 10.0 ], "rotation": 90 },
				"down": { "texture": "#shoes", "uv": [ 5.0, 17.0, 8.0, 21.0 ], "rotation": 90 }
			}
		},
		{
			"name": "shoe L",
			"stepParentName": "LowerFootL",
			"from": [ -0.015, -0.1, -0.015 ],
			"to": [ 4.015, 7.1, 3.015 ],
			"unwrapMode": 4,
			"uv": [ 16.0, 6.0 ],
			"rotationOrigin": [ -0.1, -0.1, -0.1 ],
			"faces": {
				"north": { "texture": "#shoes", "uv": [ 16.0, 10.0, 20.0, 17.0 ] },
				"east": { "texture": "#shoes", "uv": [ 27.0, 10.0, 30.0, 17.0 ] },
				"south": { "texture": "#shoes", "uv": [ 23.0, 10.0, 27.0, 17.0 ] },
				"west": { "texture": "#shoes", "uv": [ 20.0, 10.0, 23.0, 17.0 ] },
				"up": { "texture": "#shoes", "uv": [ 20.0, 6.0, 23.0, 10.0 ], "rotation": 90 },
				"down": { "texture": "#shoes", "uv": [ 20.0, 17.0, 23.0, 21.0 ], "rotation": 90, "windMode": [-1,-1,-1,-1] }
			}
		},
		{
			"name": "UpperFootRight",
			"stepParentName": "UpperFootR",
			"from": [ -0.02, -0.1, -0.02 ],
			"to": [ 4.22, 4.4, 3.22 ],
			"unwrapMode": 4,
			"uv": [ 1.0, 1.5 ],
			"rotationOrigin": [ -0.1, -0.1, -0.1 ],
			"faces": {
				"north": { "texture": "#shoes", "uv": [ 1.0, 1.5, 5.0, 6.0 ] },
				"east": { "texture": "#shoes", "uv": [ 12.0, 1.5, 15.0, 6.0 ] },
				"south": { "texture": "#shoes", "uv": [ 8.0, 1.5, 12.0, 6.0 ] },
				"west": { "texture": "#shoes", "uv": [ 5.0, 1.5, 8.0, 6.0 ] },
				"down": { "texture": "#shoes", "uv": [ 5.0, 6.0, 8.0, 10.0 ], "rotation": 90 }
			},
			"children": [
				{
					"name": "LLinerN2",
					"from": [ -0.004, 0.0, 0.0 ],
					"to": [ 4.236, 4.5, 0.2 ],
					"unwrapMode": 3,
					"uv": [ 16.0, 11.0 ],
					"rotationOrigin": [ -0.004, 0.0, 0.0 ],
					"faces": {
						"south": { "texture": "#shoes", "uv": [ 16.0, 11.5, 20.0, 16.0 ] },
						"up": { "texture": "#shoes", "uv": [ 16.0, 11.0, 20.0, 11.5 ] }
					},
					"children": [
						{
							"name": "LLinerW2",
							"from": [ 0.0, 0.0, 0.2 ],
							"to": [ 0.2, 4.5, 3.2 ],
							"unwrapMode": 2,
							"uv": [ 16.0, 11.0 ],
							"rotationOrigin": [ 0.0, 0.0, 0.2 ],
							"faces": {
								"east": { "texture": "#shoes", "uv": [ 16.0, 11.5, 19.0, 16.0 ] },
								"up": { "texture": "#shoes", "uv": [ 16.0, 11.0, 19.0, 11.5 ], "rotation": 270 }
							}
						},
						{
							"name": "LLinerS2",
							"from": [ 0.0, 0.0, 3.04 ],
							"to": [ 4.24, 4.5, 3.24 ],
							"unwrapMode": 1,
							"uv": [ 16.0, 10.0 ],
							"rotationOrigin": [ 0.0, 0.0, 3.0 ],
							"faces": {
								"north": { "texture": "#shoes", "uv": [ 16.0, 10.5, 20.0, 15.0 ] },
								"up": { "texture": "#shoes", "uv": [ 16.0, 10.0, 20.0, 10.5 ], "rotation": 180 }
							}
						},
						{
							"name": "LLinerE2",
							"from": [ 4.04, 0.0, 0.2 ],
							"to": [ 4.24, 4.5, 3.2 ],
							"unwrapMode": 4,
							"uv": [ 16.0, 11.0 ],
							"rotationOrigin": [ 4.0, 0.0, 0.2 ],
							"faces": {
								"west": { "texture": "#shoes", "uv": [ 16.0, 11.5, 19.0, 16.0 ] },
								"up": { "texture": "#shoes", "uv": [ 16.0, 11.0, 19.0, 11.5 ], "rotation": 90 }
							}
						}
					]
				}
			]
		},
		{
			"name": "UpperFootLeft",
			"stepParentName": "UpperFootL",
			"from": [ -0.02, -0.1, -0.02 ],
			"to": [ 4.22, 4.4, 3.22 ],
			"unwrapMode": 4,
			"uv": [ 16.0, 1.5 ],
			"rotationOrigin": [ -0.1, -0.1, -0.1 ],
			"faces": {
				"north": { "texture": "#shoes", "uv": [ 16.0, 1.5, 20.0, 6.0 ] },
				"east": { "texture": "#shoes", "uv": [ 27.0, 1.5, 30.0, 6.0 ] },
				"south": { "texture": "#shoes", "uv": [ 23.0, 1.5, 27.0, 6.0 ] },
				"west": { "texture": "#shoes", "uv": [ 20.0, 1.5, 23.0, 6.0 ] },
				"down": { "texture": "#shoes", "uv": [ 20.0, 6.0, 23.0, 10.0 ], "rotation": 90 }
			},
			"children": [
				{
					"name": "LLinerN",
					"from": [ 0.0, 0.0, 0.0 ],
					"to": [ 4.35, 4.5, 0.2 ],
					"unwrapMode": 3,
					"uv": [ 16.0, 11.0 ],
					"faces": {
						"south": { "texture": "#shoes", "uv": [ 16.0, 11.5, 20.0, 16.0 ], "windMode": [-1,-1,-1,-1] },
						"up": { "texture": "#shoes", "uv": [ 16.0, 11.0, 20.0, 11.5 ] }
					},
					"children": [
						{
							"name": "LLinerW",
							"from": [ 0.0, -0.001, 0.2 ],
							"to": [ 0.2, 4.499, 3.2 ],
							"unwrapMode": 2,
							"uv": [ 16.0, 11.0 ],
							"rotationOrigin": [ 0.0, 0.0, 0.2 ],
							"faces": {
								"east": { "texture": "#shoes", "uv": [ 16.0, 11.5, 19.0, 16.0 ], "windMode": [-1,-1,-1,-1] },
								"up": { "texture": "#shoes", "uv": [ 16.0, 11.0, 19.0, 11.5 ], "rotation": 270 }
							}
						},
						{
							"name": "LLinerS",
							"from": [ 0.0, 0.0, 3.04 ],
							"to": [ 4.35, 4.5, 3.24 ],
							"unwrapMode": 1,
							"uv": [ 16.0, 10.0 ],
							"rotationOrigin": [ 0.0, 0.0, 3.1 ],
							"faces": {
								"north": { "texture": "#shoes", "uv": [ 16.0, 10.5, 20.0, 15.0 ] },
								"up": { "texture": "#shoes", "uv": [ 16.0, 10.0, 20.0, 10.5 ], "rotation": 180 }
							}
						},
						{
							"name": "LLinerE",
							"from": [ 4.15, 0.0, 0.2 ],
							"to": [ 4.35, 4.5, 3.2 ],
							"unwrapMode": 4,
							"uv": [ 16.0, 11.0 ],
							"rotationOrigin": [ 4.1, 0.0, 0.2 ],
							"faces": {
								"west": { "texture": "#shoes", "uv": [ 16.0, 11.5, 19.0, 16.0 ], "windMode": [-1,-1,-1,-1] },
								"up": { "texture": "#shoes", "uv": [ 16.0, 11.0, 19.0, 11.5 ], "rotation": 90 }
							}
						}
					]
				}
			]
		}
	]}