[
    {
        "file": "vanvar:itemtypes/wood/armorstand.json",
        "op": "addmerge",
        "path": "/enabled",
        "value": false,
        "condition": { "when": "VanillaVariants_ArmorStand_Enabled", "isValue": "false" },
        "side": "server"
    },
    {
        "file": "vanvar:entities/wood/armorstand.json",
        "op": "addmerge",
        "path": "/enabled",
        "value": false,
        "condition": { "when": "VanillaVariants_ArmorStand_Enabled", "isValue": "false" },
        "side": "server"
    },

    {
        "file": "wildcrafttree:itemtypes/wood/armorstand.json",
        "op": "addmerge",
        "path": "/enabled",
        "value": false,
        "condition": { "when": "VanillaVariants_ArmorStand_Enabled", "isValue": "false" },
        "dependsOn": [{ "modid": "wildcrafttree" }],
        "side": "server"
    },
    {
        "file": "wildcrafttree:entities/wood/armorstand.json",
        "op": "addmerge",
        "path": "/enabled",
        "value": false,
        "condition": { "when": "VanillaVariants_ArmorStand_Enabled", "isValue": "false" },
        "dependsOn": [{ "modid": "wildcrafttree" }],
        "side": "server"
    }
]
