[
    {
        "file": "vanvar:blocktypes/wood/chest-trunk.json",
        "op": "addmerge",
        "path": "/enabled",
        "value": false,
        "condition": { "when": "VanillaVariants_Chest_Enabled", "isValue": "false" },
        "side": "server"
    },

    {
        "file": "wildcrafttree:blocktypes/wood/chest-trunk.json",
        "op": "addmerge",
        "path": "/enabled",
        "value": false,
        "condition": { "when": "VanillaVariants_Chest_Enabled", "isValue": "false" },
        "dependsOn": [{ "modid": "wildcrafttree", "invert": true }],
        "side": "server"
    },

    { "file": "vanvar:recipes/grid/chest-trunk.json", "op": "addmerge", "path": "/0/enabled", "value": false, "condition": { "when": "VanillaVariants_Chest_Enabled", "isValue": "false" }, "side": "server" },

    { "file": "vanvar:recipes/grid/chest-trunk.json", "op": "addmerge", "path": "/1/enabled", "value": false, "condition": { "when": "VanillaVariants_Chest_Enabled", "isValue": "false" }, "side": "server" },
    { "file": "vanvar:recipes/grid/chest-trunk.json", "op": "addmerge", "path": "/1/enabled", "value": false, "dependsOn": [{ "modid": "wildcrafttree", "invert": true }], "side": "server" }
]
