[
    {
        "file": "vanvar:blocktypes/wood/mechanics/largegear3m.json",
        "op": "addmerge",
        "path": "/enabled",
        "value": false,
        "condition": { "when": "VanillaVariants_MechanicalLargeGear_Enabled", "isValue": "false" },
        "side": "server"
    },
    {
        "file": "wildcrafttree:blocktypes/wood/mechanics/largegear3m.json",
        "op": "addmerge",
        "path": "/enabled",
        "value": false,
        "condition": { "when": "VanillaVariants_MechanicalLargeGear_Enabled", "isValue": "false" },
        "dependsOn": [{ "modid": "wildcrafttree" }],
        "side": "server"
    }
]
