[
    {
        "file": "vanvar:blocktypes/roofing/sod/*",
        "op": "addmerge",
        "path": "/enabled",
        "value": false,
        "condition": { "when": "VanillaVariants_SodRoofing_Enabled", "isValue": "false" },
        "side": "server"
    },

    {
        "file": "wildcrafttree:blocktypes/roofing/sod/*",
        "op": "addmerge",
        "path": "/enabled",
        "value": false,
        "condition": { "when": "VanillaVariants_SodRoofing_Enabled", "isValue": "false" },
        "dependsOn": [{ "modid": "wildcrafttree" }],
        "side": "server"
    },

    { "file": "vanvar:recipes/grid/roofing.json", "op": "addmerge", "path": "/0/enabled", "value": false, "condition": { "when": "VanillaVariants_SodRoofing_Enabled", "isValue": "false" }, "side": "server" },
    { "file": "vanvar:recipes/grid/roofing.json", "op": "addmerge", "path": "/1/enabled", "value": false, "condition": { "when": "VanillaVariants_SodRoofing_Enabled", "isValue": "false" }, "side": "server" },
    { "file": "vanvar:recipes/grid/roofing.json", "op": "addmerge", "path": "/2/enabled", "value": false, "condition": { "when": "VanillaVariants_SodRoofing_Enabled", "isValue": "false" }, "side": "server" },
    { "file": "vanvar:recipes/grid/roofing.json", "op": "addmerge", "path": "/3/enabled", "value": false, "condition": { "when": "VanillaVariants_SodRoofing_Enabled", "isValue": "false" }, "side": "server" },
    { "file": "vanvar:recipes/grid/roofing.json", "op": "addmerge", "path": "/4/enabled", "value": false, "condition": { "when": "VanillaVariants_SodRoofing_Enabled", "isValue": "false" }, "side": "server" },
    { "file": "vanvar:recipes/grid/roofing.json", "op": "addmerge", "path": "/5/enabled", "value": false, "condition": { "when": "VanillaVariants_SodRoofing_Enabled", "isValue": "false" }, "side": "server" },
    { "file": "vanvar:recipes/grid/roofing.json", "op": "addmerge", "path": "/6/enabled", "value": false, "condition": { "when": "VanillaVariants_SodRoofing_Enabled", "isValue": "false" }, "side": "server" },

    { "file": "vanvar:recipes/grid/roofing-wt.json", "op": "addmerge", "path": "/0/enabled", "value": false, "condition": { "when": "VanillaVariants_SodRoofing_Enabled", "isValue": "false" }, "side": "server" },
    { "file": "vanvar:recipes/grid/roofing-wt.json", "op": "addmerge", "path": "/1/enabled", "value": false, "condition": { "when": "VanillaVariants_SodRoofing_Enabled", "isValue": "false" }, "side": "server" },
    { "file": "vanvar:recipes/grid/roofing-wt.json", "op": "addmerge", "path": "/2/enabled", "value": false, "condition": { "when": "VanillaVariants_SodRoofing_Enabled", "isValue": "false" }, "side": "server" },
    { "file": "vanvar:recipes/grid/roofing-wt.json", "op": "addmerge", "path": "/3/enabled", "value": false, "condition": { "when": "VanillaVariants_SodRoofing_Enabled", "isValue": "false" }, "side": "server" },
    { "file": "vanvar:recipes/grid/roofing-wt.json", "op": "addmerge", "path": "/4/enabled", "value": false, "condition": { "when": "VanillaVariants_SodRoofing_Enabled", "isValue": "false" }, "side": "server" },
    { "file": "vanvar:recipes/grid/roofing-wt.json", "op": "addmerge", "path": "/5/enabled", "value": false, "condition": { "when": "VanillaVariants_SodRoofing_Enabled", "isValue": "false" }, "side": "server" },
    { "file": "vanvar:recipes/grid/roofing-wt.json", "op": "addmerge", "path": "/6/enabled", "value": false, "condition": { "when": "VanillaVariants_SodRoofing_Enabled", "isValue": "false" }, "side": "server" },
    
    { "file": "vanvar:recipes/grid/roofing-wt.json", "op": "addmerge", "path": "/0/enabled", "value": false, "dependsOn": [{ "modid": "wildcrafttree", "invert": true }], "side": "server" },
    { "file": "vanvar:recipes/grid/roofing-wt.json", "op": "addmerge", "path": "/1/enabled", "value": false, "dependsOn": [{ "modid": "wildcrafttree", "invert": true }], "side": "server" },
    { "file": "vanvar:recipes/grid/roofing-wt.json", "op": "addmerge", "path": "/2/enabled", "value": false, "dependsOn": [{ "modid": "wildcrafttree", "invert": true }], "side": "server" },
    { "file": "vanvar:recipes/grid/roofing-wt.json", "op": "addmerge", "path": "/3/enabled", "value": false, "dependsOn": [{ "modid": "wildcrafttree", "invert": true }], "side": "server" },
    { "file": "vanvar:recipes/grid/roofing-wt.json", "op": "addmerge", "path": "/4/enabled", "value": false, "dependsOn": [{ "modid": "wildcrafttree", "invert": true }], "side": "server" },
    { "file": "vanvar:recipes/grid/roofing-wt.json", "op": "addmerge", "path": "/5/enabled", "value": false, "dependsOn": [{ "modid": "wildcrafttree", "invert": true }], "side": "server" },
    { "file": "vanvar:recipes/grid/roofing-wt.json", "op": "addmerge", "path": "/6/enabled", "value": false, "dependsOn": [{ "modid": "wildcrafttree", "invert": true }], "side": "server" }
]
