[
    {
        "file": "vanvar:blocktypes/metal/supportchain.json",
        "op": "addmerge",
        "path": "/enabled",
        "value": false,
        "condition": { "when": "VanillaVariants_SupportChain_Enabled", "isValue": "false" },
        "side": "server"
    },
    {
        "file": "vanvar:blocktypes/metal/supportchain-tarnished.json",
        "op": "addmerge",
        "path": "/enabled",
        "value": false,
        "condition": { "when": "VanillaVariants_SupportChain_Enabled", "isValue": "false" },
        "side": "server"
    }
]
