[
    {
        "file": "vanvar:blocktypes/wood/trough-small.json",
        "op": "addmerge",
        "path": "/enabled",
        "value": false,
        "condition": { "when": "VanillaVariants_TroughSmall_Enabled", "isValue": "false" },
        "side": "server"
    },
    {
        "file": "game:blocktypes/wood/trough-small.json",
        "op": "addmerge",
        "path": "/textures/aged",
        "value": {
            "base": "block/wood/debarked/oak"
        },
        "condition": { "when": "VanillaVariants_TroughSmall_Enabled", "isValue": "true" },
        "side": "server"
    },
    {
        "file": "game:blocktypes/wood/trough-small.json",
        "op": "addmerge",
        "path": "/textures/charred",
        "value": {
            "base": "block/wood/debarked/oak"
        },
        "condition": { "when": "VanillaVariants_TroughSmall_Enabled", "isValue": "true" },
        "side": "server"
    },
    {
        "file": "game:blocktypes/wood/trough-small.json",
        "op": "addmerge",
        "path": "/textures/wood",
        "value": {
            "base": "block/wood/debarked/oak"
        },
        "condition": { "when": "VanillaVariants_TroughSmall_Enabled", "isValue": "true" },
        "side": "server"
    },

    {
        "file": "wildcrafttree:blocktypes/wood/trough-small.json",
        "op": "addmerge",
        "path": "/enabled",
        "value": false,
        "condition": { "when": "VanillaVariants_TroughSmall_Enabled", "isValue": "false" },
        "dependsOn": [{ "modid": "wildcrafttree" }],
        "side": "server"
    }
]
