{
	"editor": {
		"backDropShape": "entity/land/cart1",
		"collapsedPaths": "Root/ORIGIN/LeftBeam",
		"allAngles": false,
		"entityTextureMode": false
	},
	"textureWidth": 16,
	"textureHeight": 16,
	"textureSizes": {
		"oak-h": [16,16],
		"oak": [16,16]
	},
	"textures": {
	},
	"elements": [
		{
			"name": "ORIGIN",
			"from": [ 1.2, 0.0, 0.0 ],
			"to": [ 2.2, 1.0, 1.0 ],
			"rotationOrigin": [ 1.2, 0.0, 0.0 ],
			"faces": {
			},
			"children": [
				{
					"name": "Top5",
					"from": [ 2.0, 0.5, 0.0 ],
					"to": [ 5.0, 1.0, 16.0 ],
					"rotationOrigin": [ 9.0, 1.5, 8.0 ],
					"rotationX": -180.0,
					"faces": {
						"north": { "texture": "#oak", "uv": [ 0.0, 0.0, 3.0, 0.5 ] },
						"east": { "texture": "#oak", "uv": [ 0.0, 0.0, 16.0, 0.5 ] },
						"south": { "texture": "#oak", "uv": [ 0.0, 0.0, 3.0, 0.5 ] },
						"west": { "texture": "#oak", "uv": [ 0.0, 0.0, 16.0, 0.5 ] },
						"up": { "texture": "#oak", "uv": [ 7.5, 0.0, 10.5, 16.0 ] },
						"down": { "texture": "#oak", "uv": [ 6.5, 0.0, 9.5, 16.0 ] }
					},
					"children": [
						{
							"name": "Top4",
							"from": [ 3.1, 0.0, 0.0 ],
							"to": [ 6.1, 0.5, 16.0 ],
							"rotationOrigin": [ 10.1, 1.0, 8.0 ],
							"faces": {
								"north": { "texture": "#oak", "uv": [ 0.0, 0.0, 3.0, 0.5 ] },
								"east": { "texture": "#oak", "uv": [ 0.0, 0.0, 16.0, 0.5 ] },
								"south": { "texture": "#oak", "uv": [ 0.0, 0.0, 3.0, 0.5 ] },
								"west": { "texture": "#oak", "uv": [ 0.0, 0.0, 16.0, 0.5 ] },
								"up": { "texture": "#oak", "uv": [ 1.5, 0.0, 4.5, 16.0 ] },
								"down": { "texture": "#oak", "uv": [ 1.5, 0.0, 4.5, 16.0 ] }
							}
						},
						{
							"name": "Top6",
							"from": [ 6.2, 0.0, 0.0 ],
							"to": [ 9.2, 0.5, 16.0 ],
							"rotationOrigin": [ 13.2, 1.0, 8.0 ],
							"faces": {
								"north": { "texture": "#oak", "uv": [ 0.0, 0.0, 3.0, 0.5 ] },
								"east": { "texture": "#oak", "uv": [ 0.0, 0.0, 16.0, 0.5 ] },
								"south": { "texture": "#oak", "uv": [ 0.0, 0.0, 3.0, 0.5 ] },
								"west": { "texture": "#oak", "uv": [ 0.0, 0.0, 16.0, 0.5 ] },
								"up": { "texture": "#oak", "uv": [ 0.0, 0.0, 3.0, 16.0 ] },
								"down": { "texture": "#oak", "uv": [ 0.0, 0.0, 3.0, 16.0 ] }
							}
						}
					]
				},
				{
					"name": "Beam",
					"from": [ -0.5, 2.0, 15.1 ],
					"to": [ 1.5, 12.8, 16.6 ],
					"rotationOrigin": [ 1.5, 2.0, 15.1 ],
					"rotationX": 180.0,
					"rotationZ": -90.0,
					"faces": {
						"north": { "texture": "#oak-h", "uv": [ 0.0, 0.0, 10.5, 2.0 ], "rotation": 90 },
						"east": { "texture": "#oak-h", "uv": [ 0.0, 0.0, 10.5, 1.5 ], "rotation": 90 },
						"south": { "texture": "#oak-h", "uv": [ 0.0, 0.0, 10.5, 2.0 ], "rotation": 90 },
						"west": { "texture": "#oak-h", "uv": [ 0.0, 0.0, 10.5, 1.5 ], "rotation": 90 },
						"up": { "texture": "#oak-h", "uv": [ 0.0, 0.0, 1.5, 2.0 ], "rotation": 90 },
						"down": { "texture": "#oak-h", "uv": [ 0.0, 0.0, 1.5, 2.0 ], "rotation": 90 }
					},
					"children": [
						{
							"name": "Beam2",
							"from": [ 0.0, 0.0, 12.6 ],
							"to": [ 2.0, 10.8, 14.1 ],
							"rotationOrigin": [ 2.0, 0.0, 12.6 ],
							"faces": {
								"north": { "texture": "#oak-h", "uv": [ 0.0, 0.0, 10.5, 2.0 ], "rotation": 90 },
								"east": { "texture": "#oak-h", "uv": [ 0.0, 0.0, 10.5, 1.5 ], "rotation": 90 },
								"south": { "texture": "#oak-h", "uv": [ 0.0, 0.0, 10.5, 2.0 ], "rotation": 90 },
								"west": { "texture": "#oak-h", "uv": [ 0.0, 0.0, 10.5, 1.5 ], "rotation": 90 },
								"up": { "texture": "#oak-h", "uv": [ 0.0, 0.0, 1.5, 2.0 ], "rotation": 90 },
								"down": { "texture": "#oak-h", "uv": [ 0.0, 0.0, 1.5, 2.0 ], "rotation": 90 }
							}
						}
					]
				}
			]
		}
	]}