{
	"name": "1.18 Hair Colors",
	"description" : "Restores purple, pink etc. hair colors much-loved in version 1.18 and before.  Does not also add the new natural colors of 1.19; only 22 colors total.",
    "modID": "118hair",
	"authors": [
    "T.Read"
  ],
	"version": "0.1.4",
	"gameversions": [ "1.19.8" ],
	"type": "theme",
    "side": "Client",
    "requiredOnClient": true,
    "requiredOnServer": false,
    "dependencies": { 
		"game": "*",
		"survival": "*"
	},
    "contributors": [],
	"textureSize" : 32,
}
