[
    {
        "type": "Replace",
        "conditions": [{ "when": "VanillaVariants_SodRoofing_Enabled", "isValue": "true" }],
        "outputCode": "slantedroofingtip-sod-*",
        "ingredients": [{ "ingredientCode": "plank-*", "AllowedVariants": ["aged"] }]
    },
    {
        "type": "Replace",
        "conditions": [{ "when": "VanillaVariants_SodRoofing_Enabled", "isValue": "true" }],
        "dependsOn": [{ "modid": "wildcrafttree" }],
        "outputCode": "slantedroofingtip-sod-*",
        "ingredients": [{ "ingredientCode": "wildcrafttree:plank-*", "Code": "plank-*", "AllowedVariants": ["aged"] }]
    },
    {
        "type": "Copy",
        "conditions": [{ "when": "VanillaVariants_SodRoofing_Enabled", "isValue": "true" }],
        "outputCode": "slantedroofingtip-sod-*",
        "outputCodeNew": "vanvar:slantedroofingtip-sod-{wood}-free",
        "ingredients": [{ "ingredientCode": "plank-*", "Name": "wood", "SkipVariants": ["aged"] }]
    },
    {
        "type": "Copy",
        "conditions": [{ "when": "VanillaVariants_SodRoofing_Enabled", "isValue": "true" }],
        "dependsOn": [{ "modid": "wildcrafttree" }],
        "outputCode": "slantedroofingtip-sod-*",
        "outputCodeNew": "wildcrafttree:slantedroofingtip-sod-{wood}-free",
        "ingredients": [{ "ingredientCode": "plank-*", "Code": "wildcrafttree:plank-*", "Name": "wood", "SkipVariants": ["aged"] }]
    }
]
