{
    "inheritFrom": "game:itemtypes/part/helvehammer",
    "code": "helvehammer",
    "variantgroups": [
        { "code": "wood", "states": ["aged"], "loadFromProperties": "block/wood" },
        { "code": "metal", "states": ["tinbronze", "bismuthbronze", "blackbronze", "iron", "meteoriciron", "steel"] }
    ],
    "skipVariants": ["*-oak-*"],
    "attributes": {
        "handbook": { "groupBy": ["helvehammer-*"] },
        "groundStorageTransform": {
            "translation": { "x": 0, "y": -0.8, "z": 0.1 },
            "origin": { "x": 0.5, "y": 0.5, "z": 0.5 },
            "rotation": { "x": -80, "y": 0, "z": 0 },
            "scale": 1
        }
    },
    "behaviors": [
        {
            "name": "VanillaVariants.ItemName",
            "properties": {
                "parts": ["item-helvehammer-{metal}", " (", "material-{wood}", ")"]
            }
        },
        {
            "name": "GroundStorable",
            "properties": {
                "layout": "WallHalves",
                "SprintKey": true,
                "WallOffY": 3,
                "selectionBox": { "x1": 0, "y1": 0, "z1": 0, "x2": 1, "y2": 0.25, "z2": 1 },
                "collisionBox": { "x1": 0, "y1": 0, "z1": 0, "x2": 1, "y2": 1, "z2": 1 }
            }
        }
    ],
    "shape": { "base": "game:block/wood/mechanics/helvehammer" },
    "textures": {
        "metal": { "base": "game:block/metal/ingot/{metal}" },
        "oak": { "base": "game:block/wood/debarked/{wood}" },
        "oak1": { "base": "game:block/wood/debarked/{wood}" }
    },
    "creativeinventory": { "general": ["*"], "items": ["*"], "tools": ["*"], "mechanics": ["*"], "vanvar": ["*"] }
}
