{
    "inheritFrom": "game:itemtypes/resource/largegearsection",
    "code": "largegearsection",
    "variantgroups": [{ "code": "wood", "states": ["aged"], "loadFromProperties": "block/wood" }],
    "skipVariants": ["*-oak"],
    "attributes": {
        "handbook": { "groupBy": ["largegearsection-*"] },
        "groundStorageTransform": {
            "translation": { "x": -0.07, "y": 0, "z": 0.12 },
            "origin": { "x": 0.5, "y": 0, "z": 0.5 },
            "scale": 0.7
        }
    },
    "behaviors": [
        {
            "name": "VanillaVariants.ItemName",
            "properties": {
                "parts": ["item-largegearsection-wood", " (", "material-{wood}", ")"]
            }
        },
        {
            "name": "GroundStorable",
            "properties": {
                "layout": "SingleCenter",
                "collisionBox": { "x1": 0, "y1": 0, "z1": 0, "x2": 1, "y2": 0.1, "z2": 1 }
            }
        }
    ],
    "creativeinventory": {
        "general": ["*"],
        "items": ["*"],
        "mechanics": ["*"],
        "vanvar": ["*"]
    },
    "shape": { "base": "game:block/wood/mechanics/largegearsection" },
    "textures": { "wood": { "base": "game:block/wood/debarked/{wood}" } }
}
