[
	{
		"ingredientPattern": "A,L",
		"ingredients": {
			"A": { "type": "item", "code": "aa-knife-*", "isTool": true  },
			"L": { "type": "block", "code": "game:log-*", "allowedVariants": ["placed-birch-ud", "placed-oak-ud", "placed-maple-ud", "placed-pine-ud", "placed-acacia-ud", "placed-kapok-ud", "placed-redwood-ud", "placed-larch-ud", "placed-baldcypress-ud", "placed-walnut-ud", "placed-purpleheart-ud", "placed-ebony-ud"] }
		},
		"width": 1,
		"height": 2,
		"output": { "type": "item", "code": "game:club-generic-wood", "quantity": 1  }
	},
	{
		"ingredientPattern": "A,L",
		"ingredients": {
			"A": { "type": "item", "code": "aa-knife-*", "isTool": true  },
			"L": { "type": "block", "code": "game:logsection-placed-*" }
		},
		"width": 1,
		"height": 2,
		"output": { "type": "item", "code": "game:club-generic-wood", "quantity": 1  }
	}
]
