[
    {
        "ingredientPattern": "T,S",
        "ingredients": {
            "T": { "type": "item", "code": "aa-bladehead-longsword-*", "name": "metal", "allowedVariants": ["iron", "meteoriciron", "steel"] },
            "S": { "type": "item", "code": "game:stick" }
        },
        "width": 1,
        "height": 2,
        "output": { "type": "item", "code": "aa-blade-longsword-{metal}" }
    },
    {
        "ingredientPattern": "T,S",
        "ingredients": {
            "T": { "type": "item", "code": "aa-bladehead-falchion-*", "name": "metal", "allowedVariants": ["iron", "meteoriciron", "steel"] },
            "S": { "type": "item", "code": "game:stick" }
        },
        "width": 1,
        "height": 2,
        "output": { "type": "item", "code": "aa-blade-falchion-{metal}" }
    }
]
