[
  {
    "code": "canopycoloringWoad",
    "sealHours": 10,
    "ingredients": [
      {
        "type": "item",
        "code": "game:dye-woad",
        "litres": 10,
        "consumeLitres": 10
      },
      {
        "type": "item",
        "code": "cartcanopy-basic-*",
        "name": "material",
        "allowedVariants": [ "normal" ],
        "quantity": 1
      }
    ],
    "recipeGroup": 3,
    "output": {
      "type": "item",
      "code": "cartcanopy-basic-blue",
      "stackSize": 1
    }
  },
  {
    "code": "closedcanopycoloringWoad",
    "sealHours": 12,
    "ingredients": [
      {
        "type": "item",
        "code": "game:dye-woad",
        "litres": 12,
        "consumeLitres": 12
      },
      {
        "type": "item",
        "code": "cartcanopy-closed-*",
        "name": "material",
        "allowedVariants": [ "normal" ],
        "quantity": 1
      }
    ],
    "recipeGroup": 3,
    "output": {
      "type": "item",
      "code": "cartcanopy-closed-blue",
      "stackSize": 1
    }
  },
  {
    "code": "ornatecanopycoloringWoad",
    "sealHours": 10,
    "ingredients": [
      {
        "type": "item",
        "code": "game:dye-woad",
        "litres": 10,
        "consumeLitres": 10
      },
      {
        "type": "item",
        "code": "cartcanopy-ornate-*",
        "name": "material",
        "allowedVariants": [ "normal" ],
        "quantity": 1
      }
    ],
    "recipeGroup": 3,
    "output": {
      "type": "item",
      "code": "cartcanopy-ornate-blue",
      "stackSize": 1
    }
  },
  {
    "code": "leathercanopycoloringWoad",
    "sealHours": 12,
    "ingredients": [
      {
        "type": "item",
        "code": "game:dye-woad",
        "litres": 12,
        "consumeLitres": 12
      },
      {
        "type": "item",
        "code": "cartcanopy-leather-*",
        "name": "material",
        "allowedVariants": [ "brown" ],
        "quantity": 1
      }
    ],
    "recipeGroup": 3,
    "output": {
      "type": "item",
      "code": "cartcanopy-leather-blue",
      "stackSize": 1
    }
  },
  {
    "code": "tentcoloringAWoad",
    "sealHours": 5,
    "ingredients": [
      {
        "type": "item",
        "code": "game:dye-woad",
        "litres": 5,
        "consumeLitres": 5
      },
      {
        "type": "item",
        "code": "cartsidetent-cloth-high-*",
        "name": "material",
        "allowedVariants": [ "normal" ],
        "quantity": 1
      }
    ],
    "recipeGroup": 3,
    "output": {
      "type": "item",
      "code": "cartsidetent-cloth-high-blue",
      "stackSize": 1
    }
  },
  {
    "code": "tentcoloringBWoad",
    "sealHours": 5,
    "ingredients": [
      {
        "type": "item",
        "code": "game:dye-woad",
        "litres": 5,
        "consumeLitres": 5
      },
      {
        "type": "item",
        "code": "cartsidetent-cloth-low-*",
        "name": "material",
        "allowedVariants": [ "normal" ],
        "quantity": 1
      }
    ],
    "recipeGroup": 3,
    "output": {
      "type": "item",
      "code": "cartsidetent-cloth-low-blue",
      "stackSize": 1
    }
  },
  {
    "code": "gripcoloringAWoad",
    "sealHours": 2,
    "ingredients": [
      {
        "type": "item",
        "code": "game:dye-woad",
        "litres": 2,
        "consumeLitres": 2
      },
      {
        "type": "item",
        "code": "cartswearable-saddlelong-basic-*",
        "name": "material",
        "allowedVariants": [ "normal" ],
        "quantity": 1
      }
    ],
    "recipeGroup": 3,
    "output": {
      "type": "item",
      "code": "cartswearable-saddlelong-basic-blue",
      "stackSize": 1
    }
  },
  {
    "code": "gripcoloringBWoad",
    "sealHours": 2,
    "ingredients": [
      {
        "type": "item",
        "code": "game:dye-woad",
        "litres": 2,
        "consumeLitres": 2
      },
      {
        "type": "item",
        "code": "cartswearable-saddleshort-basic-*",
        "name": "material",
        "allowedVariants": [ "normal" ],
        "quantity": 1
      }
    ],
    "recipeGroup": 3,
    "output": {
      "type": "item",
      "code": "cartswearable-saddleshort-basic-blue",
      "stackSize": 1
    }
  },
  {
    "code": "gripcoloringCWoad",
    "sealHours": 2,
    "ingredients": [
      {
        "type": "item",
        "code": "game:dye-woad",
        "litres": 2,
        "consumeLitres": 2
      },
      {
        "type": "item",
        "code": "cartswearable-saddlelong-leather-*",
        "name": "material",
        "allowedVariants": [ "brown" ],
        "quantity": 1
      }
    ],
    "recipeGroup": 3,
    "output": {
      "type": "item",
      "code": "cartswearable-saddlelong-leather-blue",
      "stackSize": 1
    }
  },
  {
    "code": "gripcoloringDWoad",
    "sealHours": 2,
    "ingredients": [
      {
        "type": "item",
        "code": "game:dye-woad",
        "litres": 2,
        "consumeLitres": 2
      },
      {
        "type": "item",
        "code": "cartswearable-saddleshort-leather-*",
        "name": "material",
        "allowedVariants": [ "brown" ],
        "quantity": 1
      }
    ],
    "recipeGroup": 3,
    "output": {
      "type": "item",
      "code": "cartswearable-saddleshort-leather-blue",
      "stackSize": 1
    }
  },
  {
    "code": "sidecolorwoad",
    "sealHours": 3,
    "ingredients": [
      {
        "type": "item",
        "code": "game:dye-woad",
        "litres": 3,
        "consumeLitres": 3
      },
      {
        "type": "item",
        "code": "cartsideboard-cloth-*",
        "name": "material",
        "allowedVariants": [ "normal" ],
        "quantity": 1
      }
    ],
    "recipeGroup": 3,
    "output": {
      "type": "item",
      "code": "cartsideboard-cloth-blue",
      "stackSize": 1
    }
  },
  {
    "code": "sidecolorwoadB",
    "sealHours": 3,
    "ingredients": [
      {
        "type": "item",
        "code": "game:dye-woad",
        "litres": 3,
        "consumeLitres": 3
      },
      {
        "type": "item",
        "code": "cartsideboard-leather-*",
        "name": "material",
        "allowedVariants": [ "brown" ],
        "quantity": 1
      }
    ],
    "recipeGroup": 3,
    "output": {
      "type": "item",
      "code": "cartsideboard-leather-blue",
      "stackSize": 1
    }
  }
]
