{
	"editor": {
		"allAngles": false,
		"entityTextureMode": false
	},
	"textureWidth": 16,
	"textureHeight": 16,
	"textureSizes": {},
	"textures": {
		"surface": "game:block/wood/shelf/surface",
		"frame": "game:block/glass/frame",
		"glass": "game:block/glass/plain"
	},
	"elements": [
		{
			"name": "originButterflyPanel",
			"from": [ 0.0, 0.0, 0.0 ],
			"to": [ 0.0, 0.0, 0.0 ],
			"faces": {
			},
			"children": [
				{
					"name": "Frame1",
					"from": [ 0.0, 0.0, 0.0 ],
					"to": [ 16.0, 0.5, 1.25 ],
					"faces": {
						"north": { "texture": "#surface", "uv": [ 0.0, 3.0, 16.0, 3.5 ] },
						"east": { "texture": "#surface", "uv": [ 0.5, 3.0, 1.5, 3.5 ] },
						"south": { "texture": "#surface", "uv": [ 0.0, 3.0, 16.0, 3.5 ] },
						"west": { "texture": "#surface", "uv": [ 0.0, 3.0, 1.0, 3.5 ] },
						"up": { "texture": "#surface", "uv": [ 0.0, 15.0, 16.0, 16.0 ] },
						"down": { "texture": "#surface", "uv": [ 0.0, 15.0, 16.0, 16.0 ] }
					},
					"children": [
						{
							"name": "Frame2",
							"from": [ 0.0, 15.5, 0.0 ],
							"to": [ 16.0, 16.0, 1.25 ],
							"rotationOrigin": [ 0.0, 16.0, 0.0 ],
							"faces": {
								"north": { "texture": "#surface", "uv": [ 0.0, 3.0, 16.0, 3.5 ] },
								"east": { "texture": "#surface", "uv": [ 0.5, 3.0, 1.5, 3.5 ] },
								"south": { "texture": "#surface", "uv": [ 0.0, 3.0, 16.0, 3.5 ] },
								"west": { "texture": "#surface", "uv": [ 0.0, 3.0, 1.0, 3.5 ] },
								"up": { "texture": "#surface", "uv": [ 0.0, 15.0, 16.0, 16.0 ] },
								"down": { "texture": "#surface", "uv": [ 0.0, 15.0, 16.0, 16.0 ] }
							}
						},
						{
							"name": "Frame3",
							"from": [ 0.0, 0.5, 0.0 ],
							"to": [ 0.5, 15.5, 1.25 ],
							"rotationOrigin": [ 0.0, 0.5, 0.0 ],
							"faces": {
								"north": { "texture": "#surface", "uv": [ 0.0, 3.0, 15.0, 3.5 ], "rotation": 90 },
								"east": { "texture": "#surface", "uv": [ 0.5, 15.0, 15.5, 16.0 ], "rotation": 90 },
								"south": { "texture": "#surface", "uv": [ 0.5, 3.0, 15.5, 3.5 ], "rotation": 90 },
								"west": { "texture": "#surface", "uv": [ 0.5, 3.0, 15.5, 4.0 ], "rotation": 90 }
							}
						},
						{
							"name": "Frame4",
							"from": [ 15.5, 0.5, 0.0 ],
							"to": [ 16.0, 15.5, 1.25 ],
							"rotationOrigin": [ 15.5, 0.5, 0.0 ],
							"faces": {
								"north": { "texture": "#surface", "uv": [ 0.0, 3.0, 15.0, 3.5 ], "rotation": 90 },
								"east": { "texture": "#surface", "uv": [ 0.5, 15.0, 15.5, 16.0 ], "rotation": 90 },
								"south": { "texture": "#surface", "uv": [ 0.5, 3.0, 15.5, 3.5 ], "rotation": 90 },
								"west": { "texture": "#surface", "uv": [ 0.5, 3.0, 15.5, 4.0 ], "rotation": 90 }
							}
						}
					]
				},
				{
					"name": "BackPlank",
					"from": [ 0.5, 0.5, 0.0 ],
					"to": [ 15.5, 15.5, 0.5 ],
					"rotationOrigin": [ 0.5, 0.5, 0.0 ],
					"faces": {
						"north": { "texture": "#surface", "uv": [ 0.5, 3.5, 15.5, 15.5 ], "autoUv": false },
						"south": { "texture": "#surface", "uv": [ 0.5, 3.5, 15.5, 15.5 ], "autoUv": false }
					}
				},
				{
					"name": "Divider1",
					"from": [ 7.75, 0.5, 0.5 ],
					"to": [ 8.25, 15.5, 1.25 ],
					"rotationOrigin": [ 7.5, 0.5, 0.5 ],
					"faces": {
						"east": { "texture": "#surface", "uv": [ 0.5, 15.5, 15.5, 16.0 ], "rotation": 90 },
						"south": { "texture": "#surface", "uv": [ 0.5, 3.0, 15.5, 3.5 ], "rotation": 90 },
						"west": { "texture": "#surface", "uv": [ 0.0, 15.5, 15.0, 16.0 ], "rotation": 90 }
					},
					"children": [
						{
							"name": "Divider2",
							"from": [ 0.0, 0.0, 0.0 ],
							"to": [ 0.5, 15.0, 0.74 ],
							"rotationOrigin": [ 0.25, 7.5, 0.0 ],
							"rotationZ": 90.0,
							"faces": {
								"east": { "texture": "#surface", "uv": [ 0.5, 15.5, 15.5, 16.0 ], "rotation": 90 },
								"south": { "texture": "#surface", "uv": [ 0.5, 3.0, 15.5, 3.5 ], "rotation": 90 },
								"west": { "texture": "#surface", "uv": [ 0.5, 15.5, 15.5, 16.0 ], "rotation": 90 }
							}
						}
					]
				},
				{
					"name": "GlassFrame1",
					"from": [ 0.5, 0.5, 1.1 ],
					"to": [ 7.75, 7.75, 1.2 ],
					"renderPass": 1,
					"rotationOrigin": [ 0.5, 0.5, 1.1 ],
					"faces": {
						"south": { "texture": "#frame", "uv": [ 0.0, 0.0, 16.0, 16.0 ], "autoUv": false }
					},
					"children": [
						{
							"name": "GlassFrame2",
							"from": [ 7.75, 0.0, 0.0 ],
							"to": [ 15.0, 7.25, 0.1 ],
							"renderPass": 1,
							"rotationOrigin": [ 8.0, 0.0, 0.0 ],
							"faces": {
								"south": { "texture": "#frame", "uv": [ 0.0, 0.0, 16.0, 16.0 ], "autoUv": false }
							}
						},
						{
							"name": "GlassFrame3",
							"from": [ 7.75, 7.75, 0.0 ],
							"to": [ 15.0, 15.0, 0.1 ],
							"renderPass": 1,
							"rotationOrigin": [ 8.0, 8.0, 0.0 ],
							"faces": {
								"south": { "texture": "#frame", "uv": [ 0.0, 0.0, 16.0, 16.0 ], "autoUv": false }
							}
						},
						{
							"name": "GlassFrame4",
							"from": [ 0.0, 7.75, 0.0 ],
							"to": [ 7.25, 15.0, 0.1 ],
							"renderPass": 1,
							"rotationOrigin": [ 0.0, 8.0, 0.0 ],
							"faces": {
								"south": { "texture": "#frame", "uv": [ 0.0, 0.0, 16.0, 16.0 ], "autoUv": false }
							}
						}
					]
				},
				{
					"name": "Glass",
					"from": [ 0.5, 0.5, 1.0 ],
					"to": [ 15.5, 15.5, 1.15 ],
					"renderPass": 3,
					"rotationOrigin": [ 0.5, 0.5, 1.0 ],
					"faces": {
						"south": { "texture": "#glass", "uv": [ 0.0, 0.0, 16.0, 16.0 ], "autoUv": false }
					}
				}
			]
		}
	]}