{
	"code": "lore",
	"class": "EnchantersManualItem",
	"maxstacksize": 1,
	"behaviors": [
		{
			"name": "GroundStorable",
			"properties": {
				"layout": "Quadrants",
				"collisionBox": {
					"x1": 0,
					"y1": 0,
					"z1": 0,
					"x2": 1,
					"y2": 0.125,
					"z2": 1
				}
			}
		}
	],
	"attributes": {
		"category": "enchantment",
		"displaycaseable": true,
		"bookshelveableByType": {
			"*": true
		},
		"scrollrackableByType": {
			"*": false
		},
		"shelvable": true,
		"readable": true,
		"editable": false,
		"maxPageCount": 1,
		"groundStorageTransformByType": {
			"lore-book-*": {
				"translation": {
					"x": 0.12,
					"y": 0,
					"z": -0.04
				},
				"rotation": {
					"x": 0,
					"y": 35,
					"z": 90
				},
				"origin": {
					"x": 0.5,
					"y": 0.05,
					"z": 0.5
				}
			},
			"*": {
				"rotation": {
					"x": 0,
					"y": 35,
					"z": 0
				}
			}
		}
	},
	"variantgroups": [
		{
			"code": "type",
			"states": [ "book" ]
		},
		{
			"code": "color",
			"states": [
				"normal-orangebrown",
				"normal-orange",
				"normal-darkgreen",
				"normal-darkgray",
				"normal-cherryred",
				"normal-brickred",
				"normal-darkolive",
				"normal-darkbeige",
				"normal-olive",
				"normal-purpleorange",
				"normal-gray"
			]
		}
	],
	"shapeByType": {
		"lore-book-*": { "base": "game:block/clutter/bookshelves/small-normal" },
		"*": { "base": "game:item/lore/{type}" }
	},
	"texturesByType": {
		"lore-book-*": {
			"cover": { "base": "game:item/lore/{color}" }
		},
		"*": {
			"all": { "base": "game:item/lore/{type}" }
		}
	},
	"creativeinventory": {
		"general": [ "*" ],
		"items": [ "*" ]
	},
	"guiTransformByType": {
		"lore-book-*": {
			"translation": {
				"x": 0,
				"y": 0,
				"z": 0
			},
			"rotation": {
				"x": -180,
				"y": 123,
				"z": 33
			},
			"origin": {
				"x": 0.48,
				"y": 0.21,
				"z": 0.5
			},
			"scaleXyz": {
				"x": -3.23,
				"y": 3.23,
				"z": 3.23
			}
		},
		"*": {
			"rotate": true,
			"translation": {
				"x": 0,
				"y": 0,
				"z": 0
			},
			"rotation": {
				"x": 106,
				"y": 168,
				"z": 50
			},
			"origin": {
				"x": 0.6,
				"y": 0.1,
				"z": 0.5
			},
			"scale": 2.86
		}
	},
	"fpHandTransformByType": {
		"lore-book-*": {
			"translation": {
				"x": 0,
				"y": 0.2,
				"z": 0
			},
			"rotation": {
				"x": -14,
				"y": -152,
				"z": 28
			},
			"origin": {
				"x": 0.5,
				"y": 0.1,
				"z": 0.5
			},
			"scale": 2.07
		},
		"*": {
			"rotation": {
				"x": 69,
				"y": 26,
				"z": -17
			},
			"origin": {
				"x": 0.5,
				"y": 0.1,
				"z": 0.5
			},
			"scale": 2.07
		}
	},
	"tpHandTransformByType": {
		"lore-book-*": {
			"translation": {
				"x": -0.79,
				"y": -0.36,
				"z": -0.73
			},
			"rotation": {
				"x": 0,
				"y": -84,
				"z": 7
			},
			"origin": {
				"x": 0.5,
				"y": 0.1,
				"z": 0.5
			},
			"scale": 0.67
		},
		"*": {
			"translation": {
				"x": -0.75,
				"y": -0.16,
				"z": -0.73
			},
			"rotation": {
				"x": 0,
				"y": -84,
				"z": -65
			},
			"origin": {
				"x": 0.5,
				"y": 0.1,
				"z": 0.5
			},
			"scale": 0.67
		}
	},
	"groundTransformByType": {
		"lore-book-*": {
			"translation": {
				"x": 0,
				"y": 0,
				"z": 0
			},
			"rotation": {
				"x": 0,
				"y": 0,
				"z": 90
			},
			"origin": {
				"x": 0.41,
				"y": 0,
				"z": 0.5
			},
			"scale": 3.4
		},
		"*": {
			"translation": {
				"x": 0,
				"y": 0,
				"z": 0
			},
			"rotation": {
				"x": 0,
				"y": 0,
				"z": 0
			},
			"origin": {
				"x": 0.5,
				"y": 0,
				"z": 0.5
			},
			"scale": 3.5
		}
	}
}