[
    {
        "op": "addmerge",
        "path": "/-",
        "value": {
          "comment": "Varied Small patches of Horseradish",
          "blockCodes": [
            "floralzonesmediterraneanregion:crop-armoraciarusticana-4", "floralzonesmediterraneanregion:crop-armoraciarusticana-6", "floralzonesmediterraneanregion:crop-armoraciarusticana-5", "floralzonesmediterraneanregion:crop-armoraciarusticana-3"
          ],
          "minTemp": 6,
          "maxTemp": 12,
		  "minForest": 0,
		  "maxForest": 0.4,
          "minRain": 0.32,
          "maxRain": 0.63,
          "chance": 0.05,
		  "minY": 0,
          "maxY": 0.35,
          "quantity": { "dist": "invexp", "avg": 4, "var": 2 },
          "offsetX": { "avg": 1, "var": 5 },
          "offsetZ": { "avg": 1, "var": 5 }
        },
        "file": "game:worldgen/blockpatches/crop.json",
        "side": "server",
		}
]