{
	"editor": {
		"backDropShape": "C:/Users/Jesus/Documents/VintageMod/MyShapes/CHARmod/dwarf-faceless",
		"allAngles": true,
		"entityTextureMode": true
	},
	"textureWidth": 64,
	"textureHeight": 64,
	"textureSizes": {
		"pants": [32,36],
		"steel": [64,64]
	},
	"textures": {
	},
	"elements": [
		{
			"name": "ArmorUpperLegR",
			"stepParentName": "UpperFootR",
			"from": [ -0.1, -0.5, -0.04 ],
			"to": [ 4.3, 6.31, 3.26 ],
			"uv": [ 16.0, 35.0 ],
			"rotationOrigin": [ -0.2, -0.5, -0.5 ],
			"faces": {
				"north": { "texture": "#leather", "uv": [ 16.0, 38.5, 20.5, 49.0 ], "autoUv": false },
				"east": { "texture": "#leather", "uv": [ 16.0, 38.0, 19.0, 44.5 ] },
				"south": { "texture": "#leather", "uv": [ 19.0, 38.0, 23.0, 44.5 ] },
				"west": { "texture": "#leather", "uv": [ 23.0, 38.0, 26.0, 44.5 ] },
				"up": { "texture": "#leather", "uv": [ 16.0, 35.0, 20.0, 38.0 ] },
				"down": { "texture": "#leather", "uv": [ 20.0, 35.0, 24.0, 38.0 ] }
			}
		},
		{
			"name": "ArmorUpperLegL",
			"stepParentName": "UpperFootL",
			"from": [ -0.1, -0.5, -0.04 ],
			"to": [ 4.3, 6.31, 3.26 ],
			"uv": [ 0.0, 35.0 ],
			"rotationOrigin": [ -0.2, -0.5, -0.5 ],
			"faces": {
				"north": { "texture": "#leather", "uv": [ 0.0, 38.5, 4.5, 49.0 ], "autoUv": false },
				"east": { "texture": "#leather", "uv": [ 0.0, 38.0, 3.0, 44.5 ] },
				"south": { "texture": "#leather", "uv": [ 3.0, 38.0, 7.0, 44.5 ] },
				"west": { "texture": "#leather", "uv": [ 7.0, 38.0, 10.0, 44.5 ] },
				"up": { "texture": "#leather", "uv": [ 0.0, 35.0, 4.0, 38.0 ] },
				"down": { "texture": "#leather", "uv": [ 4.0, 35.0, 8.0, 38.0 ] }
			}
		},
		{
			"name": "ArmorLowerLegR",
			"stepParentName": "LowerFootR",
			"from": [ -0.15, 1.8, -0.12 ],
			"to": [ 4.15, 7.1, 3.13 ],
			"uv": [ 16.0, 49.0 ],
			"rotationOrigin": [ -0.3, 1.8, -0.4 ],
			"faces": {
				"north": { "texture": "#leather", "uv": [ 16.0, 52.5, 20.5, 60.5 ], "autoUv": false },
				"east": { "texture": "#leather", "uv": [ 16.0, 52.0, 19.0, 57.0 ] },
				"south": { "texture": "#leather", "uv": [ 19.0, 52.0, 23.0, 57.0 ] },
				"west": { "texture": "#leather", "uv": [ 23.0, 52.0, 26.0, 57.0 ] },
				"up": { "texture": "#leather", "uv": [ 16.0, 49.0, 20.0, 52.0 ] },
				"down": { "texture": "#leather", "uv": [ 20.0, 49.0, 24.0, 52.0 ] }
			}
		},
		{
			"name": "ArmorLowerLegL",
			"stepParentName": "LowerFootL",
			"from": [ -0.15, 1.8, -0.12 ],
			"to": [ 4.15, 7.1, 3.13 ],
			"uv": [ 0.0, 49.0 ],
			"rotationOrigin": [ -0.3, 1.8, -0.4 ],
			"faces": {
				"north": { "texture": "#leather", "uv": [ 0.0, 52.5, 4.5, 60.5 ], "autoUv": false },
				"east": { "texture": "#leather", "uv": [ 0.0, 52.0, 3.0, 57.0 ] },
				"south": { "texture": "#leather", "uv": [ 3.0, 52.0, 7.0, 57.0 ] },
				"west": { "texture": "#leather", "uv": [ 7.0, 52.0, 10.0, 57.0 ] },
				"up": { "texture": "#leather", "uv": [ 0.0, 49.0, 4.0, 52.0 ] },
				"down": { "texture": "#leather", "uv": [ 4.0, 49.0, 8.0, 52.0 ] }
			}
		}
	]}