﻿[
  {
    "op": "addmerge",
    "path": "/selling/list/-",
    "value": {
                "code": "fromgoldencombs:ceramicbroodpot-red-notop",
                "type": "block",
                "stacksize": 1,
                "stock": {
                    "avg": 6,
                    "var": 1.5
                },
                "price": {
                    "avg": 4,
                    "var": 1
                }
            },
    "file": "config/tradelists/trader-artisan.json",
    "side": "server"
  },
  {
    "op": "addmerge",
    "path": "/selling/list/-",
    "value":  {
                "code": "fromgoldencombs:ceramicbroodpot-copper-notop",
                "type": "block",
                "stacksize": 1,
                "stock": {
                    "avg": 4,
                    "var": 1
                },
                "price": {
                    "avg": 8,
                    "var": 2
                }
            },

    "file": "config/tradelists/trader-artisan.json",
    "side": "server"
  },
  {
    "op": "addmerge",
    "path": "/selling/list/-",
    "value":  {
                "code": "fromgoldencombs:ceramicbroodpot-earthen-notop",
                "type": "block",
                "stacksize": 1,
                "stock": {
                    "avg": 2,
                    "var": 0.5
                },
                "price": {
                    "avg": 8,
                    "var": 2
                }
            },
    "file": "config/tradelists/trader-artisan.json",
    "side": "server"
  },
  {
    "op": "addmerge",
    "path": "/selling/list/-",
    "value":  {
                "code": "fromgoldencombs:ceramicbroodpot-ashforest-notop",
                "type": "block",
                "stacksize": 1,
                "stock": {
                    "avg": 4,
                    "var": 1
                },
                "price": {
                    "avg": 6,
                    "var": 1.5
                }
            },
    "file": "config/tradelists/trader-artisan.json",
    "side": "server"
  },
  {
    "op": "addmerge",
    "path": "/selling/list/-",
    "value":  {
                "code": "fromgoldencombs:ceramicbroodpot-rain-notop",
                "type": "block",
                "stacksize": 1,
                "stock": {
                    "avg": 1,
                    "var": 0.25
                },
                "price": {
                    "avg": 6,
                    "var": 1.5
                }
            },
    "file": "config/tradelists/trader-artisan.json",
    "side": "server"
  },
  {
    "op": "addmerge",
    "path": "/selling/list/-",
    "value":  {
                "code": "fromgoldencombs:ceramicbroodpot-undergrowth-notop",
                "type": "block",
                "stacksize": 1,
                "stock": {
                    "avg": 4,
                    "var": 1
                },
                "price": {
                    "avg": 7,
                    "var": 1.75
                }
            },
    "file": "config/tradelists/trader-artisan.json",
    "side": "server"
  },
  {
    "op": "addmerge",
    "path": "/selling/list/-",
    "value":  {
                "code": "fromgoldencombs:ceramicbroodpot-seasalt-notop",
                "type": "block",
                "stacksize": 1,
                "stock": {
                    "avg": 2,
                    "var": 0.5
                },
                "price": {
                    "avg": 8,
                    "var": 2
                }
            },
    "file": "config/tradelists/trader-artisan.json",
    "side": "server"
  },
  {
    "op": "addmerge",
    "path": "/selling/list/-",
    "value":  {
                "code": "fromgoldencombs:ceramicbroodpot-honeydew-notop",
                "type": "block",
                "stacksize": 1,
                "stock": {
                    "avg": 4,
                    "var": 1
                },
                "price": {
                    "avg": 6,
                    "var": 1.5
                }
            },
    "file": "config/tradelists/trader-artisan.json",
    "side": "server"
  },
  {
    "op": "addmerge",
    "path": "/selling/list/-",
    "value":  {
                "code": "fromgoldencombs:ceramicbroodpot-beehive-notop",
                "type": "block",
                "stacksize": 1,
                "stock": {
                    "avg": 4,
                    "var": 1
                },
                "price": {
                    "avg": 7,
                    "var": 1.75
                }
            },
    "file": "config/tradelists/trader-artisan.json",
    "side": "server"
  },
  {
    "op": "addmerge",
    "path": "/selling/list/-",
    "value":  {
                "code": "fromgoldencombs:ceramicbroodpot-harvest-notop",
                "type": "block",
                "stacksize": 1,
                "stock": {
                    "avg": 1,
                    "var": 0.25
                },
                "price": {
                    "avg": 12,
                    "var": 3
                }
            },
    "file": "config/tradelists/trader-artisan.json",
    "side": "server"
  },
  {
    "op": "addmerge",
    "path": "/selling/list/-",
    "value":  {
                "code": "fromgoldencombs:ceramicbroodpot-springflowers-notop",
                "type": "block",
                "stacksize": 1,
                "stock": {
                    "avg": 1,
                    "var": 0.25
                },
                "price": {
                    "avg": 12,
                    "var": 3
                }
            },
    "file": "config/tradelists/trader-artisan.json",
    "side": "server"
  },
  {
    "op": "addmerge",
    "path": "/selling/list/-",
    "value":  {
                "code": "fromgoldencombs:ceramicbroodpot-springflowers-notop",
                "type": "block",
                "stacksize": 1,
                "stock": {
                    "avg": 1,
                    "var": 0.25
                },
                "price": {
                    "avg": 12,
                    "var": 3
                }
            },
    "file": "config/tradelists/trader-artisan.json",
    "side": "server"
  },
  {
    "op": "addmerge",
    "path": "/selling/list/-",
    "value":  {
                "code": "fromgoldencombs:ceramicbroodpot-volcanic-notop",
                "type": "block",
                "stacksize": 1,
                "stock": {
                    "avg": 1,
                    "var": 0.25
                },
                "price": {
                    "avg": 14,
                    "var": 3.5
                }
            },
    "file": "config/tradelists/trader-artisan.json",
    "side": "server"
  },
  {
    "op": "addmerge",
    "path": "/selling/list/-",
    "value":  {
                "code": "fromgoldencombs:ceramicbroodpot-rutile-notop",
                "type": "block",
                "stacksize": 1,
                "stock": {
                    "avg": 1,
                    "var": 0.25
                },
                "price": {
                    "avg": 9,
                    "var": 2.25
                }
            },
    "file": "config/tradelists/trader-artisan.json",
    "side": "server"
  },
  {
    "op": "addmerge",
    "path": "/selling/list/-",
    "value":  {
                "code": "fromgoldencombs:ceramicbroodpot-cloisonne-notop",
                "type": "block",
                "stacksize": 1,
                "stock": {
                    "avg": 1,
                    "var": 0.25
                },
                "price": {
                    "avg": 11,
                    "var": 2.75
                }
            },
    "file": "config/tradelists/trader-artisan.json",
    "side": "server"
  },
  {
    "op": "addmerge",
    "path": "/selling/list/-",
    "value":   {
                "code": "fromgoldencombs:ceramicbroodpot-cornflower-notop",
                "type": "block",
                "stacksize": 1,
                "stock": {
                    "avg": 1,
                    "var": 0.25
                },
                "price": {
                    "avg": 10,
                    "var": 2.5
                }
            },
    "file": "config/tradelists/trader-artisan.json",
    "side": "server"
  },
  {
    "op": "addmerge",
    "path": "/selling/list/-",
    "value":   
          {
                "code": "fromgoldencombs:ceramicbroodpot-talik-notop",
                "type": "block",
                "stacksize": 1,
                "stock": {
                    "avg": 1,
                    "var": 0.25
                },
                "price": {
                    "avg": 9,
                    "var": 2.25
                }
          },
    "file": "config/tradelists/trader-artisan.json",
    "side": "server"
  },
  {
    "op": "addmerge",
    "path": "/selling/list/-",
    "value": {
                "code": "fromgoldencombs:hivetop-red-fired",
                "type": "block",
                "stacksize": 1,
                "stock": {
                    "avg": 6,
                    "var": 1.5
                },
                "price": {
                    "avg": 4,
                    "var": 1
                }
            },
    "file": "config/tradelists/trader-artisan.json",
    "side": "server"
  },
  {
    "op": "addmerge",
    "path": "/selling/list/-",
    "value":  {
                "code": "fromgoldencombs:hivetop-copper-fired",
                "type": "block",
                "stacksize": 1,
                "stock": {
                    "avg": 4,
                    "var": 1
                },
                "price": {
                    "avg": 8,
                    "var": 2
                }
            },

    "file": "config/tradelists/trader-artisan.json",
    "side": "server"
  },
  {
    "op": "addmerge",
    "path": "/selling/list/-",
    "value":  {
                "code": "fromgoldencombs:hivetop-earthen-fired",
                "type": "block",
                "stacksize": 1,
                "stock": {
                    "avg": 2,
                    "var": 0.5
                },
                "price": {
                    "avg": 8,
                    "var": 2
                }
            },
    "file": "config/tradelists/trader-artisan.json",
    "side": "server"
  },
  {
    "op": "addmerge",
    "path": "/selling/list/-",
    "value":  {
                "code": "fromgoldencombs:hivetop-ashforest-fired",
                "type": "block",
                "stacksize": 1,
                "stock": {
                    "avg": 4,
                    "var": 1
                },
                "price": {
                    "avg": 6,
                    "var": 1.5
                }
            },
    "file": "config/tradelists/trader-artisan.json",
    "side": "server"
  },
  {
    "op": "addmerge",
    "path": "/selling/list/-",
    "value":  {
                "code": "fromgoldencombs:hivetop-rain-fired",
                "type": "block",
                "stacksize": 1,
                "stock": {
                    "avg": 1,
                    "var": 0.25
                },
                "price": {
                    "avg": 6,
                    "var": 1.5
                }
            },
    "file": "config/tradelists/trader-artisan.json",
    "side": "server"
  },
  {
    "op": "addmerge",
    "path": "/selling/list/-",
    "value":  {
                "code": "fromgoldencombs:hivetop-undergrowth-fired",
                "type": "block",
                "stacksize": 1,
                "stock": {
                    "avg": 4,
                    "var": 1
                },
                "price": {
                    "avg": 7,
                    "var": 1.75
                }
            },
    "file": "config/tradelists/trader-artisan.json",
    "side": "server"
  },
  {
    "op": "addmerge",
    "path": "/selling/list/-",
    "value":  {
                "code": "fromgoldencombs:hivetop-seasalt-fired",
                "type": "block",
                "stacksize": 1,
                "stock": {
                    "avg": 2,
                    "var": 0.5
                },
                "price": {
                    "avg": 8,
                    "var": 2
                }
            },
    "file": "config/tradelists/trader-artisan.json",
    "side": "server"
  },
  {
    "op": "addmerge",
    "path": "/selling/list/-",
    "value":  {
                "code": "fromgoldencombs:hivetop-honeydew-fired",
                "type": "block",
                "stacksize": 1,
                "stock": {
                    "avg": 4,
                    "var": 1
                },
                "price": {
                    "avg": 6,
                    "var": 1.5
                }
            },
    "file": "config/tradelists/trader-artisan.json",
    "side": "server"
  },
  {
    "op": "addmerge",
    "path": "/selling/list/-",
    "value":  {
                "code": "fromgoldencombs:hivetop-beehive-fired",
                "type": "block",
                "stacksize": 1,
                "stock": {
                    "avg": 4,
                    "var": 1
                },
                "price": {
                    "avg": 7,
                    "var": 1.75
                }
            },
    "file": "config/tradelists/trader-artisan.json",
    "side": "server"
  },
  {
    "op": "addmerge",
    "path": "/selling/list/-",
    "value":  {
                "code": "fromgoldencombs:hivetop-harvest-fired",
                "type": "block",
                "stacksize": 1,
                "stock": {
                    "avg": 1,
                    "var": 0.25
                },
                "price": {
                    "avg": 12,
                    "var": 3
                }
            },
    "file": "config/tradelists/trader-artisan.json",
    "side": "server"
  },
  {
    "op": "addmerge",
    "path": "/selling/list/-",
    "value":  {
                "code": "fromgoldencombs:hivetop-springflowers-fired",
                "type": "block",
                "stacksize": 1,
                "stock": {
                    "avg": 1,
                    "var": 0.25
                },
                "price": {
                    "avg": 12,
                    "var": 3
                }
            },
    "file": "config/tradelists/trader-artisan.json",
    "side": "server"
  },
  {
    "op": "addmerge",
    "path": "/selling/list/-",
    "value":  {
                "code": "fromgoldencombs:hivetop-springflowers-fired",
                "type": "block",
                "stacksize": 1,
                "stock": {
                    "avg": 1,
                    "var": 0.25
                },
                "price": {
                    "avg": 12,
                    "var": 3
                }
            },
    "file": "config/tradelists/trader-artisan.json",
    "side": "server"
  },
  {
    "op": "addmerge",
    "path": "/selling/list/-",
    "value":  {
                "code": "fromgoldencombs:hivetop-volcanic-fired",
                "type": "block",
                "stacksize": 1,
                "stock": {
                    "avg": 1,
                    "var": 0.25
                },
                "price": {
                    "avg": 14,
                    "var": 3.5
                }
            },
    "file": "config/tradelists/trader-artisan.json",
    "side": "server"
  },
  {
    "op": "addmerge",
    "path": "/selling/list/-",
    "value":  {
                "code": "fromgoldencombs:hivetop-rutile-fired",
                "type": "block",
                "stacksize": 1,
                "stock": {
                    "avg": 1,
                    "var": 0.25
                },
                "price": {
                    "avg": 9,
                    "var": 2.25
                }
            },
    "file": "config/tradelists/trader-artisan.json",
    "side": "server"
  },
  {
    "op": "addmerge",
    "path": "/selling/list/-",
    "value":  {
                "code": "fromgoldencombs:hivetop-cloisonne-fired",
                "type": "block",
                "stacksize": 1,
                "stock": {
                    "avg": 1,
                    "var": 0.25
                },
                "price": {
                    "avg": 11,
                    "var": 2.75
                }
            },
    "file": "config/tradelists/trader-artisan.json",
    "side": "server"
  },
  {
    "op": "addmerge",
    "path": "/selling/list/-",
    "value":   {
                "code": "fromgoldencombs:hivetop-cornflower-fired",
                "type": "block",
                "stacksize": 1,
                "stock": {
                    "avg": 1,
                    "var": 0.25
                },
                "price": {
                    "avg": 10,
                    "var": 2.5
                }
            },
    "file": "config/tradelists/trader-artisan.json",
    "side": "server"
  },
  {
    "op": "addmerge",
    "path": "/selling/list/-",
    "value":   {
                "code": "fromgoldencombs:hivetop-talik-fired",
                "type": "block",
                "stacksize": 1,
                "stock": {
                    "avg": 1,
                    "var": 0.25
                },
                "price": {
                    "avg": 9,
                    "var": 2.25
                }
            },
    "file": "config/tradelists/trader-artisan.json",
    "side": "server"
 }
]

           
            
            
            
            
            
            
            
            
            
            
            
            
            
            
            
            