{
	"editor": {
		"allAngles": true,
		"entityTextureMode": false
	},
	"textureWidth": 8,
	"textureHeight": 12,
	"textureSizes": {
		"leaves": [8,12],
		"flower": [4,8]
	},
	"textures": {
	},
	"elements": [
		{
			"name": "origin",
			"from": [ 8.0, 0.0, 8.0 ],
			"to": [ 8.0, 0.0, 8.0 ],
			"rotationOrigin": [ 8.0, 0.0, 8.0 ],
			"faces": {
			},
			"children": [
				{
					"name": "stemdown",
					"from": [ -4.5, -0.1, -4.5 ],
					"to": [ -3.9, 11.9, -3.9 ],
					"rotationOrigin": [ -4.0, -0.1, -4.0 ],
					"rotationY": -45.0,
					"faces": {
						"north": { "texture": "#leaves", "uv": [ 0.0, 0.0, 0.5, 12.0 ], "windMode": [0,5,5,0] },
						"east": { "texture": "#leaves", "uv": [ 0.5, 0.0, 1.0, 12.0 ], "windMode": [0,5,5,0] },
						"south": { "texture": "#leaves", "uv": [ 0.0, 0.0, 0.5, 12.0 ], "windMode": [0,0,5,5] },
						"west": { "texture": "#leaves", "uv": [ 0.5, 0.0, 1.0, 12.0 ], "windMode": [0,0,5,5] }
					},
					"children": [
						{
							"name": "head",
							"from": [ -1.1, 11.6, -1.2 ],
							"to": [ 1.9, 12.6, 1.8 ],
							"rotationOrigin": [ 0.4, 11.6, 0.3 ],
							"rotationX": 6.0,
							"rotationY": -45.0,
							"faces": {
								"north": { "texture": "#flower", "uv": [ 2.5, 0.0, 3.5, 3.0 ], "rotation": 270, "windMode": [5,5,5,5] },
								"east": { "texture": "#flower", "uv": [ 2.5, 5.0, 3.5, 8.0 ], "rotation": 270, "windMode": [5,5,5,5] },
								"south": { "texture": "#flower", "uv": [ 2.5, 0.0, 3.5, 3.0 ], "rotation": 270, "windMode": [5,5,5,5] },
								"west": { "texture": "#flower", "uv": [ 2.5, 5.0, 3.5, 8.0 ], "rotation": 270, "windMode": [5,5,5,5] },
								"up": { "texture": "#flower", "uv": [ 0.0, 0.0, 3.0, 3.0 ], "windMode": [5,5,5,5] },
								"down": { "texture": "#flower", "uv": [ 0.0, 5.0, 3.0, 8.0 ], "windMode": [5,5,5,5] }
							}
						},
						{
							"name": "leaves1",
							"from": [ 0.3, 0.0, -1.7 ],
							"to": [ 0.3, 12.0, 2.3 ],
							"renderPass": 1,
							"rotationOrigin": [ 0.3, 0.0, 0.3 ],
							"rotationY": 50.0,
							"faces": {
								"east": { "texture": "#leaves", "uv": [ 4.0, 0.0, 8.0, 12.0 ], "windMode": [0,5,5,0] }
							}
						},
						{
							"name": "leaves2",
							"from": [ 0.3, 0.0, -1.7 ],
							"to": [ 0.3, 12.0, 2.3 ],
							"renderPass": 1,
							"rotationOrigin": [ 0.3, 0.0, 0.3 ],
							"faces": {
								"east": { "texture": "#leaves", "uv": [ 4.0, 0.0, 8.0, 12.0 ], "windMode": [0,5,5,0] }
							}
						},
						{
							"name": "leaves3",
							"from": [ -1.7, 0.0, 0.3 ],
							"to": [ 2.3, 12.0, 0.3 ],
							"renderPass": 1,
							"rotationOrigin": [ 0.3, 0.0, 0.3 ],
							"rotationY": 30.0,
							"faces": {
								"south": { "texture": "#leaves", "uv": [ 4.0, 0.0, 8.0, 12.0 ], "windMode": [0,0,5,5] }
							}
						}
					]
				},
				{
					"name": "stemdown2",
					"from": [ -2.5, -0.1, -0.5 ],
					"to": [ -1.9, 11.9, 0.1 ],
					"rotationOrigin": [ -2.0, -0.1, 0.0 ],
					"rotationY": -45.0,
					"faces": {
						"north": { "texture": "#leaves", "uv": [ 0.0, 0.0, 0.5, 12.0 ], "windMode": [0,5,5,0] },
						"east": { "texture": "#leaves", "uv": [ 0.5, 0.0, 1.0, 12.0 ], "windMode": [0,5,5,0] },
						"south": { "texture": "#leaves", "uv": [ 0.0, 0.0, 0.5, 12.0 ], "windMode": [0,0,5,5] },
						"west": { "texture": "#leaves", "uv": [ 0.5, 0.0, 1.0, 12.0 ], "windMode": [0,0,5,5] }
					},
					"children": [
						{
							"name": "head2",
							"from": [ -1.1, 11.6, -1.2 ],
							"to": [ 1.9, 12.6, 1.8 ],
							"rotationOrigin": [ 0.4, 11.6, 0.3 ],
							"rotationX": -6.0,
							"rotationY": -45.0,
							"faces": {
								"north": { "texture": "#flower", "uv": [ 2.5, 0.0, 3.5, 3.0 ], "rotation": 270, "windMode": [5,5,5,5] },
								"east": { "texture": "#flower", "uv": [ 2.5, 5.0, 3.5, 8.0 ], "rotation": 270, "windMode": [5,5,5,5] },
								"south": { "texture": "#flower", "uv": [ 2.5, 0.0, 3.5, 3.0 ], "rotation": 270, "windMode": [5,5,5,5] },
								"west": { "texture": "#flower", "uv": [ 2.5, 5.0, 3.5, 8.0 ], "rotation": 270, "windMode": [5,5,5,5] },
								"up": { "texture": "#flower", "uv": [ 0.0, 0.0, 3.0, 3.0 ], "windMode": [5,5,5,5] },
								"down": { "texture": "#flower", "uv": [ 0.0, 5.0, 3.0, 8.0 ], "windMode": [5,5,5,5] }
							}
						},
						{
							"name": "leaves4",
							"from": [ 0.3, 0.0, -1.7 ],
							"to": [ 0.3, 12.0, 2.3 ],
							"renderPass": 1,
							"rotationOrigin": [ 0.3, 0.0, 0.3 ],
							"rotationY": 50.0,
							"faces": {
								"east": { "texture": "#leaves", "uv": [ 4.0, 0.0, 8.0, 12.0 ], "windMode": [0,5,5,0] }
							}
						},
						{
							"name": "leaves5",
							"from": [ 0.3, 0.0, -1.7 ],
							"to": [ 0.3, 12.0, 2.3 ],
							"renderPass": 1,
							"rotationOrigin": [ 0.3, 0.0, 0.3 ],
							"faces": {
								"east": { "texture": "#leaves", "uv": [ 4.0, 0.0, 8.0, 12.0 ], "windMode": [0,5,5,0] }
							}
						},
						{
							"name": "leaves6",
							"from": [ -1.7, 0.0, 0.3 ],
							"to": [ 2.3, 12.0, 0.3 ],
							"renderPass": 1,
							"rotationOrigin": [ 0.3, 0.0, 0.3 ],
							"rotationY": 30.0,
							"faces": {
								"south": { "texture": "#leaves", "uv": [ 4.0, 0.0, 8.0, 12.0 ], "windMode": [0,0,5,5] }
							}
						}
					]
				},
				{
					"name": "stemdown3",
					"from": [ 3.5, -0.1, -3.5 ],
					"to": [ 4.1, 11.9, -2.9 ],
					"rotationOrigin": [ 4.0, -0.1, -3.0 ],
					"rotationY": -45.0,
					"faces": {
						"north": { "texture": "#leaves", "uv": [ 0.0, 0.0, 0.5, 12.0 ], "windMode": [0,5,5,0] },
						"east": { "texture": "#leaves", "uv": [ 0.5, 0.0, 1.0, 12.0 ], "windMode": [0,5,5,0] },
						"south": { "texture": "#leaves", "uv": [ 0.0, 0.0, 0.5, 12.0 ], "windMode": [0,0,5,5] },
						"west": { "texture": "#leaves", "uv": [ 0.5, 0.0, 1.0, 12.0 ], "windMode": [0,0,5,5] }
					},
					"children": [
						{
							"name": "head3",
							"from": [ -1.1, 11.6, -1.2 ],
							"to": [ 1.9, 12.6, 1.8 ],
							"rotationOrigin": [ 0.4, 11.6, 0.3 ],
							"rotationX": -6.0,
							"rotationY": -45.0,
							"rotationZ": -6.0,
							"faces": {
								"north": { "texture": "#flower", "uv": [ 2.5, 0.0, 3.5, 3.0 ], "rotation": 270, "windMode": [5,5,5,5] },
								"east": { "texture": "#flower", "uv": [ 2.5, 5.0, 3.5, 8.0 ], "rotation": 270, "windMode": [5,5,5,5] },
								"south": { "texture": "#flower", "uv": [ 2.5, 0.0, 3.5, 3.0 ], "rotation": 270, "windMode": [5,5,5,5] },
								"west": { "texture": "#flower", "uv": [ 2.5, 5.0, 3.5, 8.0 ], "rotation": 270, "windMode": [5,5,5,5] },
								"up": { "texture": "#flower", "uv": [ 0.0, 0.0, 3.0, 3.0 ], "windMode": [5,5,5,5] },
								"down": { "texture": "#flower", "uv": [ 0.0, 5.0, 3.0, 8.0 ], "windMode": [5,5,5,5] }
							}
						},
						{
							"name": "leaves7",
							"from": [ 0.3, 0.0, -1.7 ],
							"to": [ 0.3, 12.0, 2.3 ],
							"renderPass": 1,
							"rotationOrigin": [ 0.3, 0.0, 0.3 ],
							"rotationY": 50.0,
							"faces": {
								"east": { "texture": "#leaves", "uv": [ 4.0, 0.0, 8.0, 12.0 ], "windMode": [0,5,5,0] }
							}
						},
						{
							"name": "leaves8",
							"from": [ 0.3, 0.0, -1.7 ],
							"to": [ 0.3, 12.0, 2.3 ],
							"renderPass": 1,
							"rotationOrigin": [ 0.3, 0.0, 0.3 ],
							"faces": {
								"east": { "texture": "#leaves", "uv": [ 4.0, 0.0, 8.0, 12.0 ], "windMode": [0,5,5,0] }
							}
						},
						{
							"name": "leaves9",
							"from": [ -1.7, 0.0, 0.3 ],
							"to": [ 2.3, 12.0, 0.3 ],
							"renderPass": 1,
							"rotationOrigin": [ 0.3, 0.0, 0.3 ],
							"rotationY": 30.0,
							"faces": {
								"south": { "texture": "#leaves", "uv": [ 4.0, 0.0, 8.0, 12.0 ], "windMode": [0,0,5,5] }
							}
						}
					]
				},
				{
					"name": "stemdown4",
					"from": [ 3.5, -0.1, 4.5 ],
					"to": [ 4.1, 11.9, 5.1 ],
					"rotationOrigin": [ 4.0, -0.1, 5.0 ],
					"rotationY": -45.0,
					"faces": {
						"north": { "texture": "#leaves", "uv": [ 0.0, 0.0, 0.5, 12.0 ], "windMode": [0,5,5,0] },
						"east": { "texture": "#leaves", "uv": [ 0.5, 0.0, 1.0, 12.0 ], "windMode": [0,5,5,0] },
						"south": { "texture": "#leaves", "uv": [ 0.0, 0.0, 0.5, 12.0 ], "windMode": [0,0,5,5] },
						"west": { "texture": "#leaves", "uv": [ 0.5, 0.0, 1.0, 12.0 ], "windMode": [0,0,5,5] }
					},
					"children": [
						{
							"name": "head4",
							"from": [ -1.1, 11.6, -1.2 ],
							"to": [ 1.9, 12.6, 1.8 ],
							"rotationOrigin": [ 0.4, 11.6, 0.3 ],
							"rotationX": 2.0,
							"rotationY": -45.0,
							"rotationZ": 2.0,
							"faces": {
								"north": { "texture": "#flower", "uv": [ 2.5, 0.0, 3.5, 3.0 ], "rotation": 270, "windMode": [5,5,5,5] },
								"east": { "texture": "#flower", "uv": [ 2.5, 5.0, 3.5, 8.0 ], "rotation": 270, "windMode": [5,5,5,5] },
								"south": { "texture": "#flower", "uv": [ 2.5, 0.0, 3.5, 3.0 ], "rotation": 270, "windMode": [5,5,5,5] },
								"west": { "texture": "#flower", "uv": [ 2.5, 5.0, 3.5, 8.0 ], "rotation": 270, "windMode": [5,5,5,5] },
								"up": { "texture": "#flower", "uv": [ 0.0, 0.0, 3.0, 3.0 ], "windMode": [5,5,5,5] },
								"down": { "texture": "#flower", "uv": [ 0.0, 5.0, 3.0, 8.0 ], "windMode": [5,5,5,5] }
							}
						},
						{
							"name": "leaves10",
							"from": [ 0.3, 0.0, -1.7 ],
							"to": [ 0.3, 12.0, 2.3 ],
							"renderPass": 1,
							"rotationOrigin": [ 0.3, 0.0, 0.3 ],
							"rotationY": 50.0,
							"faces": {
								"east": { "texture": "#leaves", "uv": [ 4.0, 0.0, 8.0, 12.0 ], "windMode": [0,5,5,0] }
							}
						},
						{
							"name": "leaves11",
							"from": [ 0.3, 0.0, -1.7 ],
							"to": [ 0.3, 12.0, 2.3 ],
							"renderPass": 1,
							"rotationOrigin": [ 0.3, 0.0, 0.3 ],
							"faces": {
								"east": { "texture": "#leaves", "uv": [ 4.0, 0.0, 8.0, 12.0 ], "windMode": [0,5,5,0] }
							}
						},
						{
							"name": "leaves12",
							"from": [ -1.7, 0.0, 0.3 ],
							"to": [ 2.3, 12.0, 0.3 ],
							"renderPass": 1,
							"rotationOrigin": [ 0.3, 0.0, 0.3 ],
							"rotationY": 30.0,
							"faces": {
								"south": { "texture": "#leaves", "uv": [ 4.0, 0.0, 8.0, 12.0 ], "windMode": [0,0,5,5] }
							}
						}
					]
				},
				{
					"name": "stemdown5",
					"from": [ -5.5, -0.1, 3.5 ],
					"to": [ -4.9, 11.9, 4.1 ],
					"rotationOrigin": [ -5.0, -0.1, 4.0 ],
					"rotationY": -45.0,
					"faces": {
						"north": { "texture": "#leaves", "uv": [ 0.0, 0.0, 0.5, 12.0 ], "windMode": [0,5,5,0] },
						"east": { "texture": "#leaves", "uv": [ 0.5, 0.0, 1.0, 12.0 ], "windMode": [0,5,5,0] },
						"south": { "texture": "#leaves", "uv": [ 0.0, 0.0, 0.5, 12.0 ], "windMode": [0,0,5,5] },
						"west": { "texture": "#leaves", "uv": [ 0.5, 0.0, 1.0, 12.0 ], "windMode": [0,0,5,5] }
					},
					"children": [
						{
							"name": "head5",
							"from": [ -1.1, 11.6, -1.2 ],
							"to": [ 1.9, 12.6, 1.8 ],
							"rotationOrigin": [ 0.4, 11.6, 0.3 ],
							"rotationX": -8.0,
							"rotationY": -45.0,
							"rotationZ": 5.0,
							"faces": {
								"north": { "texture": "#flower", "uv": [ 2.5, 0.0, 3.5, 3.0 ], "rotation": 270, "windMode": [5,5,5,5] },
								"east": { "texture": "#flower", "uv": [ 2.5, 5.0, 3.5, 8.0 ], "rotation": 270, "windMode": [5,5,5,5] },
								"south": { "texture": "#flower", "uv": [ 2.5, 0.0, 3.5, 3.0 ], "rotation": 270, "windMode": [5,5,5,5] },
								"west": { "texture": "#flower", "uv": [ 2.5, 5.0, 3.5, 8.0 ], "rotation": 270, "windMode": [5,5,5,5] },
								"up": { "texture": "#flower", "uv": [ 0.0, 0.0, 3.0, 3.0 ], "windMode": [5,5,5,5] },
								"down": { "texture": "#flower", "uv": [ 0.0, 5.0, 3.0, 8.0 ], "windMode": [5,5,5,5] }
							}
						},
						{
							"name": "leaves13",
							"from": [ 0.3, 0.0, -1.7 ],
							"to": [ 0.3, 12.0, 2.3 ],
							"renderPass": 1,
							"rotationOrigin": [ 0.3, 0.0, 0.3 ],
							"rotationY": 50.0,
							"faces": {
								"east": { "texture": "#leaves", "uv": [ 4.0, 0.0, 8.0, 12.0 ], "windMode": [0,5,5,0] }
							}
						},
						{
							"name": "leaves14",
							"from": [ 0.3, 0.0, -1.7 ],
							"to": [ 0.3, 12.0, 2.3 ],
							"renderPass": 1,
							"rotationOrigin": [ 0.3, 0.0, 0.3 ],
							"faces": {
								"east": { "texture": "#leaves", "uv": [ 4.0, 0.0, 8.0, 12.0 ], "windMode": [0,5,5,0] }
							}
						},
						{
							"name": "leaves15",
							"from": [ -1.7, 0.0, 0.3 ],
							"to": [ 2.3, 12.0, 0.3 ],
							"renderPass": 1,
							"rotationOrigin": [ 0.3, 0.0, 0.3 ],
							"rotationY": 30.0,
							"faces": {
								"south": { "texture": "#leaves", "uv": [ 4.0, 0.0, 8.0, 12.0 ], "windMode": [0,0,5,5] }
							}
						}
					]
				},
				{
					"name": "stemdown6",
					"from": [ -1.5, -0.1, 5.5 ],
					"to": [ -0.9, 11.9, 6.1 ],
					"rotationOrigin": [ -1.0, -0.1, 6.0 ],
					"rotationY": -45.0,
					"faces": {
						"north": { "texture": "#leaves", "uv": [ 0.0, 0.0, 0.5, 12.0 ], "windMode": [0,5,5,0] },
						"east": { "texture": "#leaves", "uv": [ 0.5, 0.0, 1.0, 12.0 ], "windMode": [0,5,5,0] },
						"south": { "texture": "#leaves", "uv": [ 0.0, 0.0, 0.5, 12.0 ], "windMode": [0,0,5,5] },
						"west": { "texture": "#leaves", "uv": [ 0.5, 0.0, 1.0, 12.0 ], "windMode": [0,0,5,5] }
					},
					"children": [
						{
							"name": "head6",
							"from": [ -1.1, 11.6, -1.2 ],
							"to": [ 1.9, 12.6, 1.8 ],
							"rotationOrigin": [ 0.4, 11.6, 0.3 ],
							"rotationX": 12.0,
							"rotationY": -45.0,
							"rotationZ": -12.0,
							"faces": {
								"north": { "texture": "#flower", "uv": [ 2.5, 0.0, 3.5, 3.0 ], "rotation": 270, "windMode": [5,5,5,5] },
								"east": { "texture": "#flower", "uv": [ 2.5, 5.0, 3.5, 8.0 ], "rotation": 270, "windMode": [5,5,5,5] },
								"south": { "texture": "#flower", "uv": [ 2.5, 0.0, 3.5, 3.0 ], "rotation": 270, "windMode": [5,5,5,5] },
								"west": { "texture": "#flower", "uv": [ 2.5, 5.0, 3.5, 8.0 ], "rotation": 270, "windMode": [5,5,5,5] },
								"up": { "texture": "#flower", "uv": [ 0.0, 0.0, 3.0, 3.0 ], "windMode": [5,5,5,5] },
								"down": { "texture": "#flower", "uv": [ 0.0, 5.0, 3.0, 8.0 ], "windMode": [5,5,5,5] }
							}
						},
						{
							"name": "leaves16",
							"from": [ 0.3, 0.0, -1.7 ],
							"to": [ 0.3, 12.0, 2.3 ],
							"renderPass": 1,
							"rotationOrigin": [ 0.3, 0.0, 0.3 ],
							"rotationY": 50.0,
							"faces": {
								"east": { "texture": "#leaves", "uv": [ 4.0, 0.0, 8.0, 12.0 ], "windMode": [0,5,5,0] }
							}
						},
						{
							"name": "leaves17",
							"from": [ 0.3, 0.0, -1.7 ],
							"to": [ 0.3, 12.0, 2.3 ],
							"renderPass": 1,
							"rotationOrigin": [ 0.3, 0.0, 0.3 ],
							"faces": {
								"east": { "texture": "#leaves", "uv": [ 4.0, 0.0, 8.0, 12.0 ], "windMode": [0,5,5,0] }
							}
						},
						{
							"name": "leaves18",
							"from": [ -1.7, 0.0, 0.3 ],
							"to": [ 2.3, 12.0, 0.3 ],
							"renderPass": 1,
							"rotationOrigin": [ 0.3, 0.0, 0.3 ],
							"rotationY": 30.0,
							"faces": {
								"south": { "texture": "#leaves", "uv": [ 4.0, 0.0, 8.0, 12.0 ], "windMode": [0,0,5,5] }
							}
						}
					]
				}
			]
		}
	]}