{
	"editor": {
		"allAngles": false,
		"entityTextureMode": false
	},
	"textureWidth": 4,
	"textureHeight": 4,
	"textureSizes": {
		"flower": [4,4]
	},
	"textures": {
	},
	"elements": [
		{
			"name": "Origin",
			"from": [ 3.0, 0.0, 8.0 ],
			"to": [ 3.0, 0.0, 8.0 ],
			"rotationOrigin": [ 3.0, 0.0, 8.0 ],
			"rotationY": 60.0,
			"faces": {
			},
			"children": [
				{
					"name": "Stalk",
					"from": [ 0.0, 0.0, 0.0 ],
					"to": [ 0.1, 3.0, 0.0 ],
					"shade": false,
					"faces": {
						"north": { "texture": "#flower", "uv": [ 0.0, 0.0, 0.5, 3.0 ], "windMode": [0,7,7,0] }
					},
					"children": [
						{
							"name": "Flowerbody",
							"from": [ -0.1, 2.9, 0.0 ],
							"to": [ 0.2, 3.2, 0.2 ],
							"shade": false,
							"rotationOrigin": [ 0.0, 2.9, 0.1 ],
							"rotationX": 5.0,
							"faces": {
								"north": { "texture": "#flower", "uv": [ 0.5, 0.0, 1.0, 0.5 ], "windMode": [7,7,7,7] },
								"east": { "texture": "#flower", "uv": [ 1.0, 1.0, 1.5, 1.5 ], "windMode": [7,7,7,7] },
								"west": { "texture": "#flower", "uv": [ 0.5, 1.0, 1.0, 1.5 ], "windMode": [7,7,7,7] },
								"up": { "texture": "#flower", "uv": [ 1.5, 0.0, 2.0, 0.5 ], "windMode": [7,7,7,7] },
								"down": { "texture": "#flower", "uv": [ 0.5, 1.5, 1.0, 2.0 ], "windMode": [7,7,7,7] }
							},
							"children": [
								{
									"name": "flower tail",
									"from": [ 0.1, 0.2, 0.0 ],
									"to": [ 0.2, 0.4, 0.0 ],
									"shade": false,
									"rotationOrigin": [ 0.1, 0.2, 0.0 ],
									"rotationX": -45.0,
									"faces": {
										"north": { "texture": "#flower", "uv": [ 3.0, 0.5, 3.5, 1.0 ], "windMode": [7,7,7,7] }
									}
								},
								{
									"name": "Flowercap",
									"from": [ 0.0, 0.3, 0.2 ],
									"to": [ 0.3, 0.3, 0.5 ],
									"shade": false,
									"rotationOrigin": [ 0.0, 0.3, 0.2 ],
									"rotationX": 5.0,
									"faces": {
										"up": { "texture": "#flower", "uv": [ 0.5, 1.0, 1.0, 1.5 ], "windMode": [7,7,7,7] }
									},
									"children": [
										{
											"name": "Flowerrwing",
											"from": [ -0.3, 0.0, 0.0 ],
											"to": [ 0.0, 0.0, 0.3 ],
											"shade": false,
											"rotationOrigin": [ 0.0, 0.0, 0.0 ],
											"rotationZ": 25.0,
											"faces": {
												"up": { "texture": "#flower", "uv": [ 0.5, 1.5, 1.0, 2.0 ], "windMode": [7,7,7,7] }
											}
										},
										{
											"name": "Flowerlwing",
											"from": [ 0.3, 0.0, 0.0 ],
											"to": [ 0.6, 0.0, 0.3 ],
											"shade": false,
											"rotationOrigin": [ 0.3, 0.0, 0.0 ],
											"rotationZ": -25.0,
											"faces": {
												"up": { "texture": "#flower", "uv": [ 1.0, 1.0, 1.5, 1.5 ], "windMode": [7,7,7,7] }
											}
										}
									]
								},
								{
									"name": "Flowertongue",
									"from": [ 0.1, 0.0, 0.2 ],
									"to": [ 0.2, 0.0, 0.6 ],
									"shade": false,
									"rotationOrigin": [ 0.1, 0.0, 0.2 ],
									"faces": {
										"up": { "texture": "#flower", "uv": [ 1.0, 1.5, 1.5, 2.0 ], "windMode": [7,7,7,7] }
									}
								}
							]
						}
					]
				},
				{
					"name": "Stalk2",
					"from": [ 1.0, 0.0, 1.0 ],
					"to": [ 1.1, 2.7, 1.0 ],
					"shade": false,
					"rotationOrigin": [ 1.0, 0.0, 1.0 ],
					"rotationY": 15.0,
					"faces": {
						"north": { "texture": "#flower", "uv": [ 0.0, 0.0, 0.5, 2.5 ], "windMode": [0,7,7,0] }
					},
					"children": [
						{
							"name": "Flowerbody2",
							"from": [ -0.1, 2.6, 0.0 ],
							"to": [ 0.2, 2.9, 0.2 ],
							"shade": false,
							"rotationOrigin": [ 0.0, 2.6, 0.1 ],
							"rotationX": 5.0,
							"faces": {
								"north": { "texture": "#flower", "uv": [ 0.5, 0.0, 1.0, 0.5 ], "windMode": [7,7,7,7] },
								"east": { "texture": "#flower", "uv": [ 1.0, 1.0, 1.5, 1.5 ], "windMode": [7,7,7,7] },
								"west": { "texture": "#flower", "uv": [ 0.5, 1.0, 1.0, 1.5 ], "windMode": [7,7,7,7] },
								"up": { "texture": "#flower", "uv": [ 1.5, 0.0, 2.0, 0.5 ], "windMode": [7,7,7,7] },
								"down": { "texture": "#flower", "uv": [ 0.5, 1.5, 1.0, 2.0 ], "windMode": [7,7,7,7] }
							},
							"children": [
								{
									"name": "flower tail2",
									"from": [ 0.1, 0.2, 0.0 ],
									"to": [ 0.2, 0.4, 0.0 ],
									"shade": false,
									"rotationOrigin": [ 0.1, 0.2, 0.0 ],
									"rotationX": -45.0,
									"faces": {
										"north": { "texture": "#flower", "uv": [ 3.0, 0.5, 3.5, 1.0 ], "windMode": [7,7,7,7] }
									}
								},
								{
									"name": "Flowercap2",
									"from": [ 0.0, 0.3, 0.2 ],
									"to": [ 0.3, 0.3, 0.5 ],
									"shade": false,
									"rotationOrigin": [ 0.0, 0.3, 0.2 ],
									"rotationX": 5.0,
									"faces": {
										"up": { "texture": "#flower", "uv": [ 0.5, 1.0, 1.0, 1.5 ], "windMode": [7,7,7,7] }
									},
									"children": [
										{
											"name": "Flowerrwing2",
											"from": [ -0.3, 0.0, 0.0 ],
											"to": [ 0.0, 0.0, 0.3 ],
											"shade": false,
											"rotationOrigin": [ 0.0, 0.0, 0.0 ],
											"rotationZ": 25.0,
											"faces": {
												"up": { "texture": "#flower", "uv": [ 0.5, 1.5, 1.0, 2.0 ], "windMode": [7,7,7,7] }
											}
										},
										{
											"name": "Flowerlwing2",
											"from": [ 0.3, 0.0, 0.0 ],
											"to": [ 0.6, 0.0, 0.3 ],
											"shade": false,
											"rotationOrigin": [ 0.3, 0.0, 0.0 ],
											"rotationZ": -25.0,
											"faces": {
												"up": { "texture": "#flower", "uv": [ 1.0, 1.0, 1.5, 1.5 ], "windMode": [7,7,7,7] }
											}
										}
									]
								},
								{
									"name": "Flowertongue2",
									"from": [ 0.1, 0.0, 0.2 ],
									"to": [ 0.2, 0.0, 0.6 ],
									"shade": false,
									"rotationOrigin": [ 0.1, 0.0, 0.2 ],
									"faces": {
										"up": { "texture": "#flower", "uv": [ 1.0, 1.5, 1.5, 2.0 ], "windMode": [7,7,7,7] }
									}
								}
							]
						}
					]
				},
				{
					"name": "Stalk3",
					"from": [ 1.0, 0.0, -1.0 ],
					"to": [ 1.1, 2.7, -1.0 ],
					"shade": false,
					"rotationOrigin": [ 1.0, 0.0, -1.0 ],
					"rotationY": -115.0,
					"faces": {
						"north": { "texture": "#flower", "uv": [ 0.0, 0.0, 0.5, 2.5 ], "windMode": [0,7,7,0] }
					},
					"children": [
						{
							"name": "Flowerbody3",
							"from": [ -0.1, 2.6, 0.0 ],
							"to": [ 0.2, 2.9, 0.2 ],
							"shade": false,
							"rotationOrigin": [ 0.0, 2.6, 0.1 ],
							"rotationX": 5.0,
							"faces": {
								"north": { "texture": "#flower", "uv": [ 0.5, 0.0, 1.0, 0.5 ], "windMode": [7,7,7,7] },
								"east": { "texture": "#flower", "uv": [ 1.0, 1.0, 1.5, 1.5 ], "windMode": [7,7,7,7] },
								"west": { "texture": "#flower", "uv": [ 0.5, 1.0, 1.0, 1.5 ], "windMode": [7,7,7,7] },
								"up": { "texture": "#flower", "uv": [ 1.5, 0.0, 2.0, 0.5 ], "windMode": [7,7,7,7] },
								"down": { "texture": "#flower", "uv": [ 0.5, 1.5, 1.0, 2.0 ], "windMode": [7,7,7,7] }
							},
							"children": [
								{
									"name": "flower tail3",
									"from": [ 0.1, 0.2, 0.0 ],
									"to": [ 0.2, 0.4, 0.0 ],
									"shade": false,
									"rotationOrigin": [ 0.1, 0.2, 0.0 ],
									"rotationX": -45.0,
									"faces": {
										"north": { "texture": "#flower", "uv": [ 3.0, 0.5, 3.5, 1.0 ], "windMode": [7,7,7,7] }
									}
								},
								{
									"name": "Flowercap3",
									"from": [ 0.0, 0.3, 0.2 ],
									"to": [ 0.3, 0.3, 0.5 ],
									"shade": false,
									"rotationOrigin": [ 0.0, 0.3, 0.2 ],
									"rotationX": 5.0,
									"faces": {
										"up": { "texture": "#flower", "uv": [ 0.5, 1.0, 1.0, 1.5 ], "windMode": [7,7,7,7] }
									},
									"children": [
										{
											"name": "Flowerrwing3",
											"from": [ -0.3, 0.0, 0.0 ],
											"to": [ 0.0, 0.0, 0.3 ],
											"shade": false,
											"rotationOrigin": [ 0.0, 0.0, 0.0 ],
											"rotationZ": 25.0,
											"faces": {
												"up": { "texture": "#flower", "uv": [ 0.5, 1.5, 1.0, 2.0 ], "windMode": [7,7,7,7] }
											}
										},
										{
											"name": "Flowerlwing3",
											"from": [ 0.3, 0.0, 0.0 ],
											"to": [ 0.6, 0.0, 0.3 ],
											"shade": false,
											"rotationOrigin": [ 0.3, 0.0, 0.0 ],
											"rotationZ": -25.0,
											"faces": {
												"up": { "texture": "#flower", "uv": [ 1.0, 1.0, 1.5, 1.5 ], "windMode": [7,7,7,7] }
											}
										}
									]
								},
								{
									"name": "Flowertongue3",
									"from": [ 0.1, 0.0, 0.2 ],
									"to": [ 0.2, 0.0, 0.6 ],
									"shade": false,
									"rotationOrigin": [ 0.1, 0.0, 0.2 ],
									"faces": {
										"up": { "texture": "#flower", "uv": [ 1.0, 1.5, 1.5, 2.0 ], "windMode": [7,7,7,7] }
									}
								}
							]
						}
					]
				},
				{
					"name": "Stalk4",
					"from": [ -1.0, 0.0, 0.0 ],
					"to": [ -0.9, 2.7, 0.0 ],
					"shade": false,
					"rotationOrigin": [ -1.0, 0.0, 0.0 ],
					"rotationY": 145.0,
					"faces": {
						"north": { "texture": "#flower", "uv": [ 0.0, 0.0, 0.5, 2.5 ], "windMode": [0,7,7,0] }
					},
					"children": [
						{
							"name": "Flowerbody4",
							"from": [ -0.1, 2.6, 0.0 ],
							"to": [ 0.2, 2.9, 0.2 ],
							"shade": false,
							"rotationOrigin": [ 0.0, 2.6, 0.1 ],
							"rotationX": 5.0,
							"faces": {
								"north": { "texture": "#flower", "uv": [ 0.5, 0.0, 1.0, 0.5 ], "windMode": [7,7,7,7] },
								"east": { "texture": "#flower", "uv": [ 1.0, 1.0, 1.5, 1.5 ], "windMode": [7,7,7,7] },
								"west": { "texture": "#flower", "uv": [ 0.5, 1.0, 1.0, 1.5 ], "windMode": [7,7,7,7] },
								"up": { "texture": "#flower", "uv": [ 1.5, 0.0, 2.0, 0.5 ], "windMode": [7,7,7,7] },
								"down": { "texture": "#flower", "uv": [ 0.5, 1.5, 1.0, 2.0 ], "windMode": [7,7,7,7] }
							},
							"children": [
								{
									"name": "flower tail4",
									"from": [ 0.1, 0.2, 0.0 ],
									"to": [ 0.2, 0.4, 0.0 ],
									"shade": false,
									"rotationOrigin": [ 0.1, 0.2, 0.0 ],
									"rotationX": -45.0,
									"faces": {
										"north": { "texture": "#flower", "uv": [ 3.0, 0.5, 3.5, 1.0 ], "windMode": [7,7,7,7] }
									}
								},
								{
									"name": "Flowercap4",
									"from": [ 0.0, 0.3, 0.2 ],
									"to": [ 0.3, 0.3, 0.5 ],
									"shade": false,
									"rotationOrigin": [ 0.0, 0.3, 0.2 ],
									"rotationX": 5.0,
									"faces": {
										"up": { "texture": "#flower", "uv": [ 0.5, 1.0, 1.0, 1.5 ], "windMode": [7,7,7,7] }
									},
									"children": [
										{
											"name": "Flowerrwing4",
											"from": [ -0.3, 0.0, 0.0 ],
											"to": [ 0.0, 0.0, 0.3 ],
											"shade": false,
											"rotationOrigin": [ 0.0, 0.0, 0.0 ],
											"rotationZ": 25.0,
											"faces": {
												"up": { "texture": "#flower", "uv": [ 0.5, 1.5, 1.0, 2.0 ], "windMode": [7,7,7,7] }
											}
										},
										{
											"name": "Flowerlwing4",
											"from": [ 0.3, 0.0, 0.0 ],
											"to": [ 0.6, 0.0, 0.3 ],
											"shade": false,
											"rotationOrigin": [ 0.3, 0.0, 0.0 ],
											"rotationZ": -25.0,
											"faces": {
												"up": { "texture": "#flower", "uv": [ 1.0, 1.0, 1.5, 1.5 ], "windMode": [7,7,7,7] }
											}
										}
									]
								},
								{
									"name": "Flowertongue4",
									"from": [ 0.1, 0.0, 0.2 ],
									"to": [ 0.2, 0.0, 0.6 ],
									"shade": false,
									"rotationOrigin": [ 0.1, 0.0, 0.2 ],
									"faces": {
										"up": { "texture": "#flower", "uv": [ 1.0, 1.5, 1.5, 2.0 ], "windMode": [7,7,7,7] }
									}
								}
							]
						}
					]
				},
				{
					"name": "Stalk5",
					"from": [ -1.0, 0.0, 1.0 ],
					"to": [ -0.9, 2.4, 1.0 ],
					"shade": false,
					"rotationOrigin": [ -1.0, 0.0, 1.0 ],
					"rotationY": -45.0,
					"faces": {
						"north": { "texture": "#flower", "uv": [ 0.0, 0.0, 0.5, 2.0 ], "windMode": [0,7,7,0] }
					},
					"children": [
						{
							"name": "Flowerbody5",
							"from": [ -0.1, 2.3, 0.0 ],
							"to": [ 0.2, 2.6, 0.2 ],
							"shade": false,
							"rotationOrigin": [ 0.0, 2.3, 0.1 ],
							"rotationX": 5.0,
							"faces": {
								"north": { "texture": "#flower", "uv": [ 0.5, 0.0, 1.0, 0.5 ], "windMode": [7,7,7,7] },
								"east": { "texture": "#flower", "uv": [ 1.0, 1.0, 1.5, 1.5 ], "windMode": [7,7,7,7] },
								"west": { "texture": "#flower", "uv": [ 0.5, 1.0, 1.0, 1.5 ], "windMode": [7,7,7,7] },
								"up": { "texture": "#flower", "uv": [ 1.5, 0.0, 2.0, 0.5 ], "windMode": [7,7,7,7] },
								"down": { "texture": "#flower", "uv": [ 0.5, 1.5, 1.0, 2.0 ], "windMode": [7,7,7,7] }
							},
							"children": [
								{
									"name": "flower tail5",
									"from": [ 0.1, 0.2, 0.0 ],
									"to": [ 0.2, 0.4, 0.0 ],
									"shade": false,
									"rotationOrigin": [ 0.1, 0.2, 0.0 ],
									"rotationX": -45.0,
									"faces": {
										"north": { "texture": "#flower", "uv": [ 3.0, 0.5, 3.5, 1.0 ], "windMode": [7,7,7,7] }
									}
								},
								{
									"name": "Flowercap5",
									"from": [ 0.0, 0.3, 0.2 ],
									"to": [ 0.3, 0.3, 0.5 ],
									"shade": false,
									"rotationOrigin": [ 0.0, 0.3, 0.2 ],
									"rotationX": 5.0,
									"faces": {
										"up": { "texture": "#flower", "uv": [ 0.5, 1.0, 1.0, 1.5 ], "windMode": [7,7,7,7] }
									},
									"children": [
										{
											"name": "Flowerrwing5",
											"from": [ -0.3, 0.0, 0.0 ],
											"to": [ 0.0, 0.0, 0.3 ],
											"shade": false,
											"rotationOrigin": [ 0.0, 0.0, 0.0 ],
											"rotationZ": 25.0,
											"faces": {
												"up": { "texture": "#flower", "uv": [ 0.5, 1.5, 1.0, 2.0 ], "windMode": [7,7,7,7] }
											}
										},
										{
											"name": "Flowerlwing5",
											"from": [ 0.3, 0.0, 0.0 ],
											"to": [ 0.6, 0.0, 0.3 ],
											"shade": false,
											"rotationOrigin": [ 0.3, 0.0, 0.0 ],
											"rotationZ": -25.0,
											"faces": {
												"up": { "texture": "#flower", "uv": [ 1.0, 1.0, 1.5, 1.5 ], "windMode": [7,7,7,7] }
											}
										}
									]
								},
								{
									"name": "Flowertongue5",
									"from": [ 0.1, 0.0, 0.2 ],
									"to": [ 0.2, 0.0, 0.6 ],
									"shade": false,
									"rotationOrigin": [ 0.1, 0.0, 0.2 ],
									"faces": {
										"up": { "texture": "#flower", "uv": [ 1.0, 1.5, 1.5, 2.0 ], "windMode": [7,7,7,7] }
									}
								}
							]
						}
					]
				}
			]
		},
		{
			"name": "Origin2",
			"from": [ 11.0, 0.0, 12.0 ],
			"to": [ 11.0, 0.0, 12.0 ],
			"rotationOrigin": [ 11.0, 0.0, 12.0 ],
			"rotationY": -45.0,
			"faces": {
			},
			"children": [
				{
					"name": "Stalk6",
					"from": [ 0.0, 0.0, 0.0 ],
					"to": [ 0.1, 3.0, 0.0 ],
					"shade": false,
					"faces": {
						"north": { "texture": "#flower", "uv": [ 0.0, 0.0, 0.5, 3.0 ], "windMode": [0,7,7,0] }
					},
					"children": [
						{
							"name": "Flowerbody6",
							"from": [ -0.1, 2.9, 0.0 ],
							"to": [ 0.2, 3.2, 0.2 ],
							"shade": false,
							"rotationOrigin": [ 0.0, 2.9, 0.1 ],
							"rotationX": 5.0,
							"faces": {
								"north": { "texture": "#flower", "uv": [ 0.5, 0.0, 1.0, 0.5 ], "windMode": [7,7,7,7] },
								"east": { "texture": "#flower", "uv": [ 1.0, 1.0, 1.5, 1.5 ], "windMode": [7,7,7,7] },
								"west": { "texture": "#flower", "uv": [ 0.5, 1.0, 1.0, 1.5 ], "windMode": [7,7,7,7] },
								"up": { "texture": "#flower", "uv": [ 1.5, 0.0, 2.0, 0.5 ], "windMode": [7,7,7,7] },
								"down": { "texture": "#flower", "uv": [ 0.5, 1.5, 1.0, 2.0 ], "windMode": [7,7,7,7] }
							},
							"children": [
								{
									"name": "flower tail6",
									"from": [ 0.1, 0.2, 0.0 ],
									"to": [ 0.2, 0.4, 0.0 ],
									"shade": false,
									"rotationOrigin": [ 0.1, 0.2, 0.0 ],
									"rotationX": -45.0,
									"faces": {
										"north": { "texture": "#flower", "uv": [ 3.0, 0.5, 3.5, 1.0 ], "windMode": [7,7,7,7] }
									}
								},
								{
									"name": "Flowercap6",
									"from": [ 0.0, 0.3, 0.2 ],
									"to": [ 0.3, 0.3, 0.5 ],
									"shade": false,
									"rotationOrigin": [ 0.0, 0.3, 0.2 ],
									"rotationX": 5.0,
									"faces": {
										"up": { "texture": "#flower", "uv": [ 0.5, 1.0, 1.0, 1.5 ], "windMode": [7,7,7,7] }
									},
									"children": [
										{
											"name": "Flowerrwing6",
											"from": [ -0.3, 0.0, 0.0 ],
											"to": [ 0.0, 0.0, 0.3 ],
											"shade": false,
											"rotationOrigin": [ 0.0, 0.0, 0.0 ],
											"rotationZ": 25.0,
											"faces": {
												"up": { "texture": "#flower", "uv": [ 0.5, 1.5, 1.0, 2.0 ], "windMode": [7,7,7,7] }
											}
										},
										{
											"name": "Flowerlwing6",
											"from": [ 0.3, 0.0, 0.0 ],
											"to": [ 0.6, 0.0, 0.3 ],
											"shade": false,
											"rotationOrigin": [ 0.3, 0.0, 0.0 ],
											"rotationZ": -25.0,
											"faces": {
												"up": { "texture": "#flower", "uv": [ 1.0, 1.0, 1.5, 1.5 ], "windMode": [7,7,7,7] }
											}
										}
									]
								},
								{
									"name": "Flowertongue6",
									"from": [ 0.1, 0.0, 0.2 ],
									"to": [ 0.2, 0.0, 0.6 ],
									"shade": false,
									"rotationOrigin": [ 0.1, 0.0, 0.2 ],
									"faces": {
										"up": { "texture": "#flower", "uv": [ 1.0, 1.5, 1.5, 2.0 ], "windMode": [7,7,7,7] }
									}
								}
							]
						}
					]
				},
				{
					"name": "Stalk7",
					"from": [ 1.0, 0.0, 1.0 ],
					"to": [ 1.1, 2.7, 1.0 ],
					"shade": false,
					"rotationOrigin": [ 1.0, 0.0, 1.0 ],
					"rotationY": 15.0,
					"faces": {
						"north": { "texture": "#flower", "uv": [ 0.0, 0.0, 0.5, 2.5 ], "windMode": [0,7,7,0] }
					},
					"children": [
						{
							"name": "Flowerbody7",
							"from": [ -0.1, 2.6, 0.0 ],
							"to": [ 0.2, 2.9, 0.2 ],
							"shade": false,
							"rotationOrigin": [ 0.0, 2.6, 0.1 ],
							"rotationX": 5.0,
							"faces": {
								"north": { "texture": "#flower", "uv": [ 0.5, 0.0, 1.0, 0.5 ], "windMode": [7,7,7,7] },
								"east": { "texture": "#flower", "uv": [ 1.0, 1.0, 1.5, 1.5 ], "windMode": [7,7,7,7] },
								"west": { "texture": "#flower", "uv": [ 0.5, 1.0, 1.0, 1.5 ], "windMode": [7,7,7,7] },
								"up": { "texture": "#flower", "uv": [ 1.5, 0.0, 2.0, 0.5 ], "windMode": [7,7,7,7] },
								"down": { "texture": "#flower", "uv": [ 0.5, 1.5, 1.0, 2.0 ], "windMode": [7,7,7,7] }
							},
							"children": [
								{
									"name": "flower tail7",
									"from": [ 0.1, 0.2, 0.0 ],
									"to": [ 0.2, 0.4, 0.0 ],
									"shade": false,
									"rotationOrigin": [ 0.1, 0.2, 0.0 ],
									"rotationX": -45.0,
									"faces": {
										"north": { "texture": "#flower", "uv": [ 3.0, 0.5, 3.5, 1.0 ], "windMode": [7,7,7,7] }
									}
								},
								{
									"name": "Flowercap7",
									"from": [ 0.0, 0.3, 0.2 ],
									"to": [ 0.3, 0.3, 0.5 ],
									"shade": false,
									"rotationOrigin": [ 0.0, 0.3, 0.2 ],
									"rotationX": 5.0,
									"faces": {
										"up": { "texture": "#flower", "uv": [ 0.5, 1.0, 1.0, 1.5 ], "windMode": [7,7,7,7] }
									},
									"children": [
										{
											"name": "Flowerrwing7",
											"from": [ -0.3, 0.0, 0.0 ],
											"to": [ 0.0, 0.0, 0.3 ],
											"shade": false,
											"rotationOrigin": [ 0.0, 0.0, 0.0 ],
											"rotationZ": 25.0,
											"faces": {
												"up": { "texture": "#flower", "uv": [ 0.5, 1.5, 1.0, 2.0 ], "windMode": [7,7,7,7] }
											}
										},
										{
											"name": "Flowerlwing7",
											"from": [ 0.3, 0.0, 0.0 ],
											"to": [ 0.6, 0.0, 0.3 ],
											"shade": false,
											"rotationOrigin": [ 0.3, 0.0, 0.0 ],
											"rotationZ": -25.0,
											"faces": {
												"up": { "texture": "#flower", "uv": [ 1.0, 1.0, 1.5, 1.5 ], "windMode": [7,7,7,7] }
											}
										}
									]
								},
								{
									"name": "Flowertongue7",
									"from": [ 0.1, 0.0, 0.2 ],
									"to": [ 0.2, 0.0, 0.6 ],
									"shade": false,
									"rotationOrigin": [ 0.1, 0.0, 0.2 ],
									"faces": {
										"up": { "texture": "#flower", "uv": [ 1.0, 1.5, 1.5, 2.0 ], "windMode": [7,7,7,7] }
									}
								}
							]
						}
					]
				},
				{
					"name": "Stalk8",
					"from": [ 1.0, 0.0, -1.0 ],
					"to": [ 1.1, 2.7, -1.0 ],
					"shade": false,
					"rotationOrigin": [ 1.0, 0.0, -1.0 ],
					"rotationY": -115.0,
					"faces": {
						"north": { "texture": "#flower", "uv": [ 0.0, 0.0, 0.5, 2.5 ], "windMode": [0,7,7,0] }
					},
					"children": [
						{
							"name": "Flowerbody8",
							"from": [ -0.1, 2.6, 0.0 ],
							"to": [ 0.2, 2.9, 0.2 ],
							"shade": false,
							"rotationOrigin": [ 0.0, 2.6, 0.1 ],
							"rotationX": 5.0,
							"faces": {
								"north": { "texture": "#flower", "uv": [ 0.5, 0.0, 1.0, 0.5 ], "windMode": [7,7,7,7] },
								"east": { "texture": "#flower", "uv": [ 1.0, 1.0, 1.5, 1.5 ], "windMode": [7,7,7,7] },
								"west": { "texture": "#flower", "uv": [ 0.5, 1.0, 1.0, 1.5 ], "windMode": [7,7,7,7] },
								"up": { "texture": "#flower", "uv": [ 1.5, 0.0, 2.0, 0.5 ], "windMode": [7,7,7,7] },
								"down": { "texture": "#flower", "uv": [ 0.5, 1.5, 1.0, 2.0 ], "windMode": [7,7,7,7] }
							},
							"children": [
								{
									"name": "flower tail8",
									"from": [ 0.1, 0.2, 0.0 ],
									"to": [ 0.2, 0.4, 0.0 ],
									"shade": false,
									"rotationOrigin": [ 0.1, 0.2, 0.0 ],
									"rotationX": -45.0,
									"faces": {
										"north": { "texture": "#flower", "uv": [ 3.0, 0.5, 3.5, 1.0 ], "windMode": [7,7,7,7] }
									}
								},
								{
									"name": "Flowercap8",
									"from": [ 0.0, 0.3, 0.2 ],
									"to": [ 0.3, 0.3, 0.5 ],
									"shade": false,
									"rotationOrigin": [ 0.0, 0.3, 0.2 ],
									"rotationX": 5.0,
									"faces": {
										"up": { "texture": "#flower", "uv": [ 0.5, 1.0, 1.0, 1.5 ], "windMode": [7,7,7,7] }
									},
									"children": [
										{
											"name": "Flowerrwing8",
											"from": [ -0.3, 0.0, 0.0 ],
											"to": [ 0.0, 0.0, 0.3 ],
											"shade": false,
											"rotationOrigin": [ 0.0, 0.0, 0.0 ],
											"rotationZ": 25.0,
											"faces": {
												"up": { "texture": "#flower", "uv": [ 0.5, 1.5, 1.0, 2.0 ], "windMode": [7,7,7,7] }
											}
										},
										{
											"name": "Flowerlwing8",
											"from": [ 0.3, 0.0, 0.0 ],
											"to": [ 0.6, 0.0, 0.3 ],
											"shade": false,
											"rotationOrigin": [ 0.3, 0.0, 0.0 ],
											"rotationZ": -25.0,
											"faces": {
												"up": { "texture": "#flower", "uv": [ 1.0, 1.0, 1.5, 1.5 ], "windMode": [7,7,7,7] }
											}
										}
									]
								},
								{
									"name": "Flowertongue8",
									"from": [ 0.1, 0.0, 0.2 ],
									"to": [ 0.2, 0.0, 0.6 ],
									"shade": false,
									"rotationOrigin": [ 0.1, 0.0, 0.2 ],
									"faces": {
										"up": { "texture": "#flower", "uv": [ 1.0, 1.5, 1.5, 2.0 ], "windMode": [7,7,7,7] }
									}
								}
							]
						}
					]
				},
				{
					"name": "Stalk9",
					"from": [ -1.0, 0.0, 0.0 ],
					"to": [ -0.9, 2.7, 0.0 ],
					"shade": false,
					"rotationOrigin": [ -1.0, 0.0, 0.0 ],
					"rotationY": 145.0,
					"faces": {
						"north": { "texture": "#flower", "uv": [ 0.0, 0.0, 0.5, 2.5 ], "windMode": [0,7,7,0] }
					},
					"children": [
						{
							"name": "Flowerbody9",
							"from": [ -0.1, 2.6, 0.0 ],
							"to": [ 0.2, 2.9, 0.2 ],
							"shade": false,
							"rotationOrigin": [ 0.0, 2.6, 0.1 ],
							"rotationX": 5.0,
							"faces": {
								"north": { "texture": "#flower", "uv": [ 0.5, 0.0, 1.0, 0.5 ], "windMode": [7,7,7,7] },
								"east": { "texture": "#flower", "uv": [ 1.0, 1.0, 1.5, 1.5 ], "windMode": [7,7,7,7] },
								"west": { "texture": "#flower", "uv": [ 0.5, 1.0, 1.0, 1.5 ], "windMode": [7,7,7,7] },
								"up": { "texture": "#flower", "uv": [ 1.5, 0.0, 2.0, 0.5 ], "windMode": [7,7,7,7] },
								"down": { "texture": "#flower", "uv": [ 0.5, 1.5, 1.0, 2.0 ], "windMode": [7,7,7,7] }
							},
							"children": [
								{
									"name": "flower tail9",
									"from": [ 0.1, 0.2, 0.0 ],
									"to": [ 0.2, 0.4, 0.0 ],
									"shade": false,
									"rotationOrigin": [ 0.1, 0.2, 0.0 ],
									"rotationX": -45.0,
									"faces": {
										"north": { "texture": "#flower", "uv": [ 3.0, 0.5, 3.5, 1.0 ], "windMode": [7,7,7,7] }
									}
								},
								{
									"name": "Flowercap9",
									"from": [ 0.0, 0.3, 0.2 ],
									"to": [ 0.3, 0.3, 0.5 ],
									"shade": false,
									"rotationOrigin": [ 0.0, 0.3, 0.2 ],
									"rotationX": 5.0,
									"faces": {
										"up": { "texture": "#flower", "uv": [ 0.5, 1.0, 1.0, 1.5 ], "windMode": [7,7,7,7] }
									},
									"children": [
										{
											"name": "Flowerrwing9",
											"from": [ -0.3, 0.0, 0.0 ],
											"to": [ 0.0, 0.0, 0.3 ],
											"shade": false,
											"rotationOrigin": [ 0.0, 0.0, 0.0 ],
											"rotationZ": 25.0,
											"faces": {
												"up": { "texture": "#flower", "uv": [ 0.5, 1.5, 1.0, 2.0 ], "windMode": [7,7,7,7] }
											}
										},
										{
											"name": "Flowerlwing9",
											"from": [ 0.3, 0.0, 0.0 ],
											"to": [ 0.6, 0.0, 0.3 ],
											"shade": false,
											"rotationOrigin": [ 0.3, 0.0, 0.0 ],
											"rotationZ": -25.0,
											"faces": {
												"up": { "texture": "#flower", "uv": [ 1.0, 1.0, 1.5, 1.5 ], "windMode": [7,7,7,7] }
											}
										}
									]
								},
								{
									"name": "Flowertongue9",
									"from": [ 0.1, 0.0, 0.2 ],
									"to": [ 0.2, 0.0, 0.6 ],
									"shade": false,
									"rotationOrigin": [ 0.1, 0.0, 0.2 ],
									"faces": {
										"up": { "texture": "#flower", "uv": [ 1.0, 1.5, 1.5, 2.0 ], "windMode": [7,7,7,7] }
									}
								}
							]
						}
					]
				},
				{
					"name": "Stalk10",
					"from": [ -1.0, 0.0, 1.0 ],
					"to": [ -0.9, 2.4, 1.0 ],
					"shade": false,
					"rotationOrigin": [ -1.0, 0.0, 1.0 ],
					"rotationY": -45.0,
					"faces": {
						"north": { "texture": "#flower", "uv": [ 0.0, 0.0, 0.5, 2.0 ], "windMode": [0,7,7,0] }
					},
					"children": [
						{
							"name": "Flowerbody10",
							"from": [ -0.1, 2.3, 0.0 ],
							"to": [ 0.2, 2.6, 0.2 ],
							"shade": false,
							"rotationOrigin": [ 0.0, 2.3, 0.1 ],
							"rotationX": 5.0,
							"faces": {
								"north": { "texture": "#flower", "uv": [ 0.5, 0.0, 1.0, 0.5 ], "windMode": [7,7,7,7] },
								"east": { "texture": "#flower", "uv": [ 1.0, 1.0, 1.5, 1.5 ], "windMode": [7,7,7,7] },
								"west": { "texture": "#flower", "uv": [ 0.5, 1.0, 1.0, 1.5 ], "windMode": [7,7,7,7] },
								"up": { "texture": "#flower", "uv": [ 1.5, 0.0, 2.0, 0.5 ], "windMode": [7,7,7,7] },
								"down": { "texture": "#flower", "uv": [ 0.5, 1.5, 1.0, 2.0 ], "windMode": [7,7,7,7] }
							},
							"children": [
								{
									"name": "flower tail10",
									"from": [ 0.1, 0.2, 0.0 ],
									"to": [ 0.2, 0.4, 0.0 ],
									"shade": false,
									"rotationOrigin": [ 0.1, 0.2, 0.0 ],
									"rotationX": -45.0,
									"faces": {
										"north": { "texture": "#flower", "uv": [ 3.0, 0.5, 3.5, 1.0 ], "windMode": [7,7,7,7] }
									}
								},
								{
									"name": "Flowercap10",
									"from": [ 0.0, 0.3, 0.2 ],
									"to": [ 0.3, 0.3, 0.5 ],
									"shade": false,
									"rotationOrigin": [ 0.0, 0.3, 0.2 ],
									"rotationX": 5.0,
									"faces": {
										"up": { "texture": "#flower", "uv": [ 0.5, 1.0, 1.0, 1.5 ], "windMode": [7,7,7,7] }
									},
									"children": [
										{
											"name": "Flowerrwing10",
											"from": [ -0.3, 0.0, 0.0 ],
											"to": [ 0.0, 0.0, 0.3 ],
											"shade": false,
											"rotationOrigin": [ 0.0, 0.0, 0.0 ],
											"rotationZ": 25.0,
											"faces": {
												"up": { "texture": "#flower", "uv": [ 0.5, 1.5, 1.0, 2.0 ], "windMode": [7,7,7,7] }
											}
										},
										{
											"name": "Flowerlwing10",
											"from": [ 0.3, 0.0, 0.0 ],
											"to": [ 0.6, 0.0, 0.3 ],
											"shade": false,
											"rotationOrigin": [ 0.3, 0.0, 0.0 ],
											"rotationZ": -25.0,
											"faces": {
												"up": { "texture": "#flower", "uv": [ 1.0, 1.0, 1.5, 1.5 ], "windMode": [7,7,7,7] }
											}
										}
									]
								},
								{
									"name": "Flowertongue10",
									"from": [ 0.1, 0.0, 0.2 ],
									"to": [ 0.2, 0.0, 0.6 ],
									"shade": false,
									"rotationOrigin": [ 0.1, 0.0, 0.2 ],
									"faces": {
										"up": { "texture": "#flower", "uv": [ 1.0, 1.5, 1.5, 2.0 ], "windMode": [7,7,7,7] }
									}
								}
							]
						}
					]
				}
			]
		},
		{
			"name": "Origin3",
			"from": [ 10.0, 0.0, 4.0 ],
			"to": [ 10.0, 0.0, 4.0 ],
			"rotationOrigin": [ 10.0, 0.0, 4.0 ],
			"rotationY": 145.0,
			"faces": {
			},
			"children": [
				{
					"name": "Stalk11",
					"from": [ 0.0, 0.0, 0.0 ],
					"to": [ 0.1, 3.0, 0.0 ],
					"shade": false,
					"faces": {
						"north": { "texture": "#flower", "uv": [ 0.0, 0.0, 0.5, 3.0 ], "windMode": [0,7,7,0] }
					},
					"children": [
						{
							"name": "Flowerbody11",
							"from": [ -0.1, 2.9, 0.0 ],
							"to": [ 0.2, 3.2, 0.2 ],
							"shade": false,
							"rotationOrigin": [ 0.0, 2.9, 0.1 ],
							"rotationX": 5.0,
							"faces": {
								"north": { "texture": "#flower", "uv": [ 0.5, 0.0, 1.0, 0.5 ], "windMode": [7,7,7,7] },
								"east": { "texture": "#flower", "uv": [ 1.0, 1.0, 1.5, 1.5 ], "windMode": [7,7,7,7] },
								"west": { "texture": "#flower", "uv": [ 0.5, 1.0, 1.0, 1.5 ], "windMode": [7,7,7,7] },
								"up": { "texture": "#flower", "uv": [ 1.5, 0.0, 2.0, 0.5 ], "windMode": [7,7,7,7] },
								"down": { "texture": "#flower", "uv": [ 0.5, 1.5, 1.0, 2.0 ], "windMode": [7,7,7,7] }
							},
							"children": [
								{
									"name": "flower tail11",
									"from": [ 0.1, 0.2, 0.0 ],
									"to": [ 0.2, 0.4, 0.0 ],
									"shade": false,
									"rotationOrigin": [ 0.1, 0.2, 0.0 ],
									"rotationX": -45.0,
									"faces": {
										"north": { "texture": "#flower", "uv": [ 3.0, 0.5, 3.5, 1.0 ], "windMode": [7,7,7,7] }
									}
								},
								{
									"name": "Flowercap11",
									"from": [ 0.0, 0.3, 0.2 ],
									"to": [ 0.3, 0.3, 0.5 ],
									"shade": false,
									"rotationOrigin": [ 0.0, 0.3, 0.2 ],
									"rotationX": 5.0,
									"faces": {
										"up": { "texture": "#flower", "uv": [ 0.5, 1.0, 1.0, 1.5 ], "windMode": [7,7,7,7] }
									},
									"children": [
										{
											"name": "Flowerrwing11",
											"from": [ -0.3, 0.0, 0.0 ],
											"to": [ 0.0, 0.0, 0.3 ],
											"shade": false,
											"rotationOrigin": [ 0.0, 0.0, 0.0 ],
											"rotationZ": 25.0,
											"faces": {
												"up": { "texture": "#flower", "uv": [ 0.5, 1.5, 1.0, 2.0 ], "windMode": [7,7,7,7] }
											}
										},
										{
											"name": "Flowerlwing11",
											"from": [ 0.3, 0.0, 0.0 ],
											"to": [ 0.6, 0.0, 0.3 ],
											"shade": false,
											"rotationOrigin": [ 0.3, 0.0, 0.0 ],
											"rotationZ": -25.0,
											"faces": {
												"up": { "texture": "#flower", "uv": [ 1.0, 1.0, 1.5, 1.5 ], "windMode": [7,7,7,7] }
											}
										}
									]
								},
								{
									"name": "Flowertongue11",
									"from": [ 0.1, 0.0, 0.2 ],
									"to": [ 0.2, 0.0, 0.6 ],
									"shade": false,
									"rotationOrigin": [ 0.1, 0.0, 0.2 ],
									"faces": {
										"up": { "texture": "#flower", "uv": [ 1.0, 1.5, 1.5, 2.0 ], "windMode": [7,7,7,7] }
									}
								}
							]
						}
					]
				},
				{
					"name": "Stalk12",
					"from": [ 1.0, 0.0, 1.0 ],
					"to": [ 1.1, 2.7, 1.0 ],
					"shade": false,
					"rotationOrigin": [ 1.0, 0.0, 1.0 ],
					"rotationY": 15.0,
					"faces": {
						"north": { "texture": "#flower", "uv": [ 0.0, 0.0, 0.5, 2.5 ], "windMode": [0,7,7,0] }
					},
					"children": [
						{
							"name": "Flowerbody12",
							"from": [ -0.1, 2.6, 0.0 ],
							"to": [ 0.2, 2.9, 0.2 ],
							"shade": false,
							"rotationOrigin": [ 0.0, 2.6, 0.1 ],
							"rotationX": 5.0,
							"faces": {
								"north": { "texture": "#flower", "uv": [ 0.5, 0.0, 1.0, 0.5 ], "windMode": [7,7,7,7] },
								"east": { "texture": "#flower", "uv": [ 1.0, 1.0, 1.5, 1.5 ], "windMode": [7,7,7,7] },
								"west": { "texture": "#flower", "uv": [ 0.5, 1.0, 1.0, 1.5 ], "windMode": [7,7,7,7] },
								"up": { "texture": "#flower", "uv": [ 1.5, 0.0, 2.0, 0.5 ], "windMode": [7,7,7,7] },
								"down": { "texture": "#flower", "uv": [ 0.5, 1.5, 1.0, 2.0 ], "windMode": [7,7,7,7] }
							},
							"children": [
								{
									"name": "flower tail12",
									"from": [ 0.1, 0.2, 0.0 ],
									"to": [ 0.2, 0.4, 0.0 ],
									"shade": false,
									"rotationOrigin": [ 0.1, 0.2, 0.0 ],
									"rotationX": -45.0,
									"faces": {
										"north": { "texture": "#flower", "uv": [ 3.0, 0.5, 3.5, 1.0 ], "windMode": [7,7,7,7] }
									}
								},
								{
									"name": "Flowercap12",
									"from": [ 0.0, 0.3, 0.2 ],
									"to": [ 0.3, 0.3, 0.5 ],
									"shade": false,
									"rotationOrigin": [ 0.0, 0.3, 0.2 ],
									"rotationX": 5.0,
									"faces": {
										"up": { "texture": "#flower", "uv": [ 0.5, 1.0, 1.0, 1.5 ], "windMode": [7,7,7,7] }
									},
									"children": [
										{
											"name": "Flowerrwing12",
											"from": [ -0.3, 0.0, 0.0 ],
											"to": [ 0.0, 0.0, 0.3 ],
											"shade": false,
											"rotationOrigin": [ 0.0, 0.0, 0.0 ],
											"rotationZ": 25.0,
											"faces": {
												"up": { "texture": "#flower", "uv": [ 0.5, 1.5, 1.0, 2.0 ], "windMode": [7,7,7,7] }
											}
										},
										{
											"name": "Flowerlwing12",
											"from": [ 0.3, 0.0, 0.0 ],
											"to": [ 0.6, 0.0, 0.3 ],
											"shade": false,
											"rotationOrigin": [ 0.3, 0.0, 0.0 ],
											"rotationZ": -25.0,
											"faces": {
												"up": { "texture": "#flower", "uv": [ 1.0, 1.0, 1.5, 1.5 ], "windMode": [7,7,7,7] }
											}
										}
									]
								},
								{
									"name": "Flowertongue12",
									"from": [ 0.1, 0.0, 0.2 ],
									"to": [ 0.2, 0.0, 0.6 ],
									"shade": false,
									"rotationOrigin": [ 0.1, 0.0, 0.2 ],
									"faces": {
										"up": { "texture": "#flower", "uv": [ 1.0, 1.5, 1.5, 2.0 ], "windMode": [7,7,7,7] }
									}
								}
							]
						}
					]
				},
				{
					"name": "Stalk13",
					"from": [ 1.0, 0.0, -1.0 ],
					"to": [ 1.1, 2.7, -1.0 ],
					"shade": false,
					"rotationOrigin": [ 1.0, 0.0, -1.0 ],
					"rotationY": -115.0,
					"faces": {
						"north": { "texture": "#flower", "uv": [ 0.0, 0.0, 0.5, 2.5 ], "windMode": [0,7,7,0] }
					},
					"children": [
						{
							"name": "Flowerbody13",
							"from": [ -0.1, 2.6, 0.0 ],
							"to": [ 0.2, 2.9, 0.2 ],
							"shade": false,
							"rotationOrigin": [ 0.0, 2.6, 0.1 ],
							"rotationX": 5.0,
							"faces": {
								"north": { "texture": "#flower", "uv": [ 0.5, 0.0, 1.0, 0.5 ], "windMode": [7,7,7,7] },
								"east": { "texture": "#flower", "uv": [ 1.0, 1.0, 1.5, 1.5 ], "windMode": [7,7,7,7] },
								"west": { "texture": "#flower", "uv": [ 0.5, 1.0, 1.0, 1.5 ], "windMode": [7,7,7,7] },
								"up": { "texture": "#flower", "uv": [ 1.5, 0.0, 2.0, 0.5 ], "windMode": [7,7,7,7] },
								"down": { "texture": "#flower", "uv": [ 0.5, 1.5, 1.0, 2.0 ], "windMode": [7,7,7,7] }
							},
							"children": [
								{
									"name": "flower tail13",
									"from": [ 0.1, 0.2, 0.0 ],
									"to": [ 0.2, 0.4, 0.0 ],
									"shade": false,
									"rotationOrigin": [ 0.1, 0.2, 0.0 ],
									"rotationX": -45.0,
									"faces": {
										"north": { "texture": "#flower", "uv": [ 3.0, 0.5, 3.5, 1.0 ], "windMode": [7,7,7,7] }
									}
								},
								{
									"name": "Flowercap13",
									"from": [ 0.0, 0.3, 0.2 ],
									"to": [ 0.3, 0.3, 0.5 ],
									"shade": false,
									"rotationOrigin": [ 0.0, 0.3, 0.2 ],
									"rotationX": 5.0,
									"faces": {
										"up": { "texture": "#flower", "uv": [ 0.5, 1.0, 1.0, 1.5 ], "windMode": [7,7,7,7] }
									},
									"children": [
										{
											"name": "Flowerrwing13",
											"from": [ -0.3, 0.0, 0.0 ],
											"to": [ 0.0, 0.0, 0.3 ],
											"shade": false,
											"rotationOrigin": [ 0.0, 0.0, 0.0 ],
											"rotationZ": 25.0,
											"faces": {
												"up": { "texture": "#flower", "uv": [ 0.5, 1.5, 1.0, 2.0 ], "windMode": [7,7,7,7] }
											}
										},
										{
											"name": "Flowerlwing13",
											"from": [ 0.3, 0.0, 0.0 ],
											"to": [ 0.6, 0.0, 0.3 ],
											"shade": false,
											"rotationOrigin": [ 0.3, 0.0, 0.0 ],
											"rotationZ": -25.0,
											"faces": {
												"up": { "texture": "#flower", "uv": [ 1.0, 1.0, 1.5, 1.5 ], "windMode": [7,7,7,7] }
											}
										}
									]
								},
								{
									"name": "Flowertongue13",
									"from": [ 0.1, 0.0, 0.2 ],
									"to": [ 0.2, 0.0, 0.6 ],
									"shade": false,
									"rotationOrigin": [ 0.1, 0.0, 0.2 ],
									"faces": {
										"up": { "texture": "#flower", "uv": [ 1.0, 1.5, 1.5, 2.0 ], "windMode": [7,7,7,7] }
									}
								}
							]
						}
					]
				},
				{
					"name": "Stalk14",
					"from": [ -1.0, 0.0, 0.0 ],
					"to": [ -0.9, 2.7, 0.0 ],
					"shade": false,
					"rotationOrigin": [ -1.0, 0.0, 0.0 ],
					"rotationY": 145.0,
					"faces": {
						"north": { "texture": "#flower", "uv": [ 0.0, 0.0, 0.5, 2.5 ], "windMode": [0,7,7,0] }
					},
					"children": [
						{
							"name": "Flowerbody14",
							"from": [ -0.1, 2.6, 0.0 ],
							"to": [ 0.2, 2.9, 0.2 ],
							"shade": false,
							"rotationOrigin": [ 0.0, 2.6, 0.1 ],
							"rotationX": 5.0,
							"faces": {
								"north": { "texture": "#flower", "uv": [ 0.5, 0.0, 1.0, 0.5 ], "windMode": [7,7,7,7] },
								"east": { "texture": "#flower", "uv": [ 1.0, 1.0, 1.5, 1.5 ], "windMode": [7,7,7,7] },
								"west": { "texture": "#flower", "uv": [ 0.5, 1.0, 1.0, 1.5 ], "windMode": [7,7,7,7] },
								"up": { "texture": "#flower", "uv": [ 1.5, 0.0, 2.0, 0.5 ], "windMode": [7,7,7,7] },
								"down": { "texture": "#flower", "uv": [ 0.5, 1.5, 1.0, 2.0 ], "windMode": [7,7,7,7] }
							},
							"children": [
								{
									"name": "flower tail14",
									"from": [ 0.1, 0.2, 0.0 ],
									"to": [ 0.2, 0.4, 0.0 ],
									"shade": false,
									"rotationOrigin": [ 0.1, 0.2, 0.0 ],
									"rotationX": -45.0,
									"faces": {
										"north": { "texture": "#flower", "uv": [ 3.0, 0.5, 3.5, 1.0 ], "windMode": [7,7,7,7] }
									}
								},
								{
									"name": "Flowercap14",
									"from": [ 0.0, 0.3, 0.2 ],
									"to": [ 0.3, 0.3, 0.5 ],
									"shade": false,
									"rotationOrigin": [ 0.0, 0.3, 0.2 ],
									"rotationX": 5.0,
									"faces": {
										"up": { "texture": "#flower", "uv": [ 0.5, 1.0, 1.0, 1.5 ], "windMode": [7,7,7,7] }
									},
									"children": [
										{
											"name": "Flowerrwing14",
											"from": [ -0.3, 0.0, 0.0 ],
											"to": [ 0.0, 0.0, 0.3 ],
											"shade": false,
											"rotationOrigin": [ 0.0, 0.0, 0.0 ],
											"rotationZ": 25.0,
											"faces": {
												"up": { "texture": "#flower", "uv": [ 0.5, 1.5, 1.0, 2.0 ], "windMode": [7,7,7,7] }
											}
										},
										{
											"name": "Flowerlwing14",
											"from": [ 0.3, 0.0, 0.0 ],
											"to": [ 0.6, 0.0, 0.3 ],
											"shade": false,
											"rotationOrigin": [ 0.3, 0.0, 0.0 ],
											"rotationZ": -25.0,
											"faces": {
												"up": { "texture": "#flower", "uv": [ 1.0, 1.0, 1.5, 1.5 ], "windMode": [7,7,7,7] }
											}
										}
									]
								},
								{
									"name": "Flowertongue14",
									"from": [ 0.1, 0.0, 0.2 ],
									"to": [ 0.2, 0.0, 0.6 ],
									"shade": false,
									"rotationOrigin": [ 0.1, 0.0, 0.2 ],
									"faces": {
										"up": { "texture": "#flower", "uv": [ 1.0, 1.5, 1.5, 2.0 ], "windMode": [7,7,7,7] }
									}
								}
							]
						}
					]
				},
				{
					"name": "Stalk15",
					"from": [ -1.0, 0.0, 1.0 ],
					"to": [ -0.9, 2.4, 1.0 ],
					"shade": false,
					"rotationOrigin": [ -1.0, 0.0, 1.0 ],
					"rotationY": -45.0,
					"faces": {
						"north": { "texture": "#flower", "uv": [ 0.0, 0.0, 0.5, 2.0 ], "windMode": [0,7,7,0] }
					},
					"children": [
						{
							"name": "Flowerbody15",
							"from": [ -0.1, 2.3, 0.0 ],
							"to": [ 0.2, 2.6, 0.2 ],
							"shade": false,
							"rotationOrigin": [ 0.0, 2.3, 0.1 ],
							"rotationX": 5.0,
							"faces": {
								"north": { "texture": "#flower", "uv": [ 0.5, 0.0, 1.0, 0.5 ], "windMode": [7,7,7,7] },
								"east": { "texture": "#flower", "uv": [ 1.0, 1.0, 1.5, 1.5 ], "windMode": [7,7,7,7] },
								"west": { "texture": "#flower", "uv": [ 0.5, 1.0, 1.0, 1.5 ], "windMode": [7,7,7,7] },
								"up": { "texture": "#flower", "uv": [ 1.5, 0.0, 2.0, 0.5 ], "windMode": [7,7,7,7] },
								"down": { "texture": "#flower", "uv": [ 0.5, 1.5, 1.0, 2.0 ], "windMode": [7,7,7,7] }
							},
							"children": [
								{
									"name": "flower tail15",
									"from": [ 0.1, 0.2, 0.0 ],
									"to": [ 0.2, 0.4, 0.0 ],
									"shade": false,
									"rotationOrigin": [ 0.1, 0.2, 0.0 ],
									"rotationX": -45.0,
									"faces": {
										"north": { "texture": "#flower", "uv": [ 3.0, 0.5, 3.5, 1.0 ], "windMode": [7,7,7,7] }
									}
								},
								{
									"name": "Flowercap15",
									"from": [ 0.0, 0.3, 0.2 ],
									"to": [ 0.3, 0.3, 0.5 ],
									"shade": false,
									"rotationOrigin": [ 0.0, 0.3, 0.2 ],
									"rotationX": 5.0,
									"faces": {
										"up": { "texture": "#flower", "uv": [ 0.5, 1.0, 1.0, 1.5 ], "windMode": [7,7,7,7] }
									},
									"children": [
										{
											"name": "Flowerrwing15",
											"from": [ -0.3, 0.0, 0.0 ],
											"to": [ 0.0, 0.0, 0.3 ],
											"shade": false,
											"rotationOrigin": [ 0.0, 0.0, 0.0 ],
											"rotationZ": 25.0,
											"faces": {
												"up": { "texture": "#flower", "uv": [ 0.5, 1.5, 1.0, 2.0 ], "windMode": [7,7,7,7] }
											}
										},
										{
											"name": "Flowerlwing15",
											"from": [ 0.3, 0.0, 0.0 ],
											"to": [ 0.6, 0.0, 0.3 ],
											"shade": false,
											"rotationOrigin": [ 0.3, 0.0, 0.0 ],
											"rotationZ": -25.0,
											"faces": {
												"up": { "texture": "#flower", "uv": [ 1.0, 1.0, 1.5, 1.5 ], "windMode": [7,7,7,7] }
											}
										}
									]
								},
								{
									"name": "Flowertongue15",
									"from": [ 0.1, 0.0, 0.2 ],
									"to": [ 0.2, 0.0, 0.6 ],
									"shade": false,
									"rotationOrigin": [ 0.1, 0.0, 0.2 ],
									"faces": {
										"up": { "texture": "#flower", "uv": [ 1.0, 1.5, 1.5, 2.0 ], "windMode": [7,7,7,7] }
									}
								}
							]
						}
					]
				}
			]
		}
	]}