{
	"editor": {
		"allAngles": false,
		"entityTextureMode": false
	},
	"textureWidth": 20,
	"textureHeight": 8,
	"textureSizes": {
		"4-top": [12,12],
		"4-side": [20,8],
		"3-side": [16,8],
		"2-side": [16,8]
	},
	"textures": {
		"2-side": "block/plant/crop/ipomoeabatatas/2-side",
		"3-side": "block/plant/crop/ipomoeabatatas/3-side",
		"4-side": "block/plant/crop/ipomoeabatatas/4-side",
		"4-top": "block/plant/crop/ipomoeabatatas/4-top"
	},
	"elements": [
		{
			"name": "Origin",
			"from": [ 8.0, 0.0, 8.0 ],
			"to": [ 8.0, 0.0, 8.0 ],
			"rotationOrigin": [ 8.0, 0.0, 8.0 ],
			"faces": {
			},
			"children": [
				{
					"name": "Side 1",
					"from": [ -10.0, 0.0, 2.0 ],
					"to": [ 10.0, 8.0, 2.0 ],
					"shade": false,
					"renderPass": 1,
					"rotationOrigin": [ 0.0, 0.0, 2.0 ],
					"rotationX": 10.0,
					"faces": {
						"north": { "texture": "#4-side", "uv": [ 0.0, 0.0, 20.0, 8.0 ], "windMode": [0,7,7,0] }
					}
				}
			]
		},
		{
			"name": "Origin2",
			"from": [ 8.0, 0.0, 8.0 ],
			"to": [ 8.0, 0.0, 8.0 ],
			"rotationOrigin": [ 8.0, 0.0, 8.0 ],
			"rotationY": -67.5,
			"faces": {
			},
			"children": [
				{
					"name": "Side 2",
					"from": [ -8.0, 0.0, 2.0 ],
					"to": [ 8.0, 8.0, 2.0 ],
					"shade": false,
					"renderPass": 1,
					"rotationOrigin": [ 0.0, 0.0, 2.0 ],
					"rotationX": 10.0,
					"faces": {
						"north": { "texture": "#3-side", "uv": [ 0.0, 0.0, 16.0, 8.0 ], "windMode": [0,7,7,0] }
					}
				}
			]
		},
		{
			"name": "Origin3",
			"from": [ 8.0, 0.0, 8.0 ],
			"to": [ 8.0, 0.0, 8.0 ],
			"rotationOrigin": [ 8.0, 0.0, 8.0 ],
			"rotationY": -135.0,
			"faces": {
			},
			"children": [
				{
					"name": "Side 3",
					"from": [ -8.0, 0.0, 2.0 ],
					"to": [ 8.0, 8.0, 2.0 ],
					"shade": false,
					"renderPass": 1,
					"rotationOrigin": [ 0.0, 0.0, 2.0 ],
					"rotationX": 10.0,
					"faces": {
						"north": { "texture": "#2-side", "uv": [ 0.0, 0.0, 15.625, 8.0 ], "windMode": [0,7,7,0] }
					}
				},
				{
					"name": "Top 3",
					"from": [ -6.0, 6.0, 1.0 ],
					"to": [ 6.0, 6.0, 13.0 ],
					"shade": false,
					"renderPass": 1,
					"rotationOrigin": [ 0.0, 6.0, 1.0 ],
					"rotationX": 20.0,
					"faces": {
						"up": { "texture": "#4-top", "uv": [ 0.0, 0.0, 12.0, 12.0 ], "windMode": [7,0,0,7] }
					}
				}
			]
		},
		{
			"name": "Origin4",
			"from": [ 8.0, 0.0, 8.0 ],
			"to": [ 8.0, 0.0, 8.0 ],
			"rotationOrigin": [ 8.0, 0.0, 8.0 ],
			"rotationY": -180.0,
			"faces": {
			},
			"children": [
				{
					"name": "Side 4",
					"from": [ -8.0, 0.0, 2.0 ],
					"to": [ 8.0, 8.0, 2.0 ],
					"shade": false,
					"renderPass": 1,
					"rotationOrigin": [ 0.0, 0.0, 2.0 ],
					"rotationX": 10.0,
					"faces": {
						"north": { "texture": "#3-side", "uv": [ 0.0, 0.0, 16.0, 8.0 ], "windMode": [0,7,7,0] }
					}
				}
			]
		},
		{
			"name": "Origin5",
			"from": [ 8.0, 0.0, 8.0 ],
			"to": [ 8.0, 0.0, 8.0 ],
			"rotationOrigin": [ 8.0, 0.0, 8.0 ],
			"rotationY": 67.5,
			"faces": {
			},
			"children": [
				{
					"name": "Side 5",
					"from": [ -10.0, 0.0, 2.0 ],
					"to": [ 10.0, 8.0, 2.0 ],
					"shade": false,
					"renderPass": 1,
					"rotationOrigin": [ 0.0, 0.0, 2.0 ],
					"rotationX": 10.0,
					"faces": {
						"north": { "texture": "#4-side", "uv": [ 0.0, 0.0, 20.0, 8.0 ], "windMode": [0,7,7,0] }
					}
				},
				{
					"name": "Top 5",
					"from": [ -6.0, 6.0, 1.0 ],
					"to": [ 6.0, 6.0, 13.0 ],
					"shade": false,
					"renderPass": 1,
					"rotationOrigin": [ 0.0, 6.0, 1.0 ],
					"rotationX": 20.0,
					"faces": {
						"up": { "texture": "#4-top", "uv": [ 0.0, 0.0, 12.0, 12.0 ], "windMode": [7,0,0,7] }
					}
				}
			]
		},
		{
			"name": "Origin6",
			"from": [ 8.0, 0.0, 8.0 ],
			"to": [ 8.0, 0.0, 8.0 ],
			"rotationOrigin": [ 8.0, 0.0, 8.0 ],
			"rotationY": 135.0,
			"faces": {
			},
			"children": [
				{
					"name": "Side 6",
					"from": [ -8.0, 0.0, 2.0 ],
					"to": [ 8.0, 8.0, 2.0 ],
					"shade": false,
					"renderPass": 1,
					"rotationOrigin": [ 0.0, 0.0, 2.0 ],
					"rotationX": 10.0,
					"faces": {
						"north": { "texture": "#2-side", "uv": [ 0.0, 0.0, 16.0, 8.0 ], "windMode": [0,7,7,0] }
					}
				}
			]
		}
	]}