[
  {
    "op": "addmerge",
    "path": "/attributesByType",
    "value": {
	"flowerpot-raw": {
		"beehivekiln": {
			"0": { "type": "block", "code": "bricklayers:flowerpotcolored-burnt-light" },
			"1": { "type": "block", "code": "game:flowerpot-burnt" },
			"2": { "type": "block", "code": "bricklayers:flowerpotcolored-burnt-darkgrey" },
			"3": { "type": "block", "code": "bricklayers:flowerpotcolored-burnt-black" }
		}
	}
    },
    "file": "game:blocktypes/clay/flowerpot.json",
    "side": "Server"
  }
]
