[
  {
    "op": "addeach",
    "path": "/selling/list/-",
    "value": [
	{ "code": "bricklayers:glazedplanter-burnt-milky-gold-checker", "type": "block", "stacksize": 1, "stock": { "avg": 1, "var": 0 }, "price": { "avg": 35, "var": 4 } },
	{ "code": "bricklayers:glazedplanter-burnt-clear-gold-plain", "type": "block", "stacksize": 1, "stock": { "avg": 1, "var": 0 }, "price": { "avg": 31, "var": 3 } },
	{ "code": "bricklayers:glazedplanter-burnt-clear-blue-lines", "type": "block", "stacksize": 1, "stock": { "avg": 1, "var": 0 }, "price": { "avg": 16, "var": 3 } },
	{ "code": "bricklayers:glazedflowerpot-burnt-clear-white-plain", "type": "block", "stacksize": 1, "stock": { "avg": 3, "var": 1 }, "price": { "avg": 7, "var": 1 } },
	{ "code": "bricklayers:glazedflowerpot-burnt-clear-gold-plain", "type": "block", "stacksize": 1, "stock": { "avg": 3, "var": 1 }, "price": { "avg": 18, "var": 1 } },
	{ "code": "bricklayers:glazedflowerpot-burnt-clear-redbrown-checker", "type": "block", "stacksize": 1, "stock": { "avg": 3, "var": 1 }, "price": { "avg": 6, "var": 1 } },
	{ "code": "bricklayers:glazedflowerpot-burnt-clear-purple-checker", "type": "block", "stacksize": 1, "stock": { "avg": 3, "var": 1 }, "price": { "avg": 9, "var": 1 } },
	{ "code": "bricklayers:glazedflowerpot-burnt-milky-malachite-lines", "type": "block", "stacksize": 1, "stock": { "avg": 3, "var": 1 }, "price": { "avg": 7, "var": 1 } },
	{ "code": "bricklayers:glazedbowl-burnt-milky-blue-plain", "type": "block", "stacksize": 1, "stock": { "avg": 2, "var": 1 }, "price": { "avg": 2, "var": 0.25 } },
	{ "code": "bricklayers:glazedbowl-burnt-milky-red-plain", "type": "block", "stacksize": 1, "stock": { "avg": 2, "var": 1 }, "price": { "avg": 2, "var": 0.25 } },
	{ "code": "bricklayers:glazedbowl-burnt-clear-redbrown-plain", "type": "block", "stacksize": 1, "stock": { "avg": 2, "var": 1 }, "price": { "avg": 2, "var": 0.25 } },
	{ "code": "bricklayers:glasscolored-milky-red", "type": "block", "stacksize": 4, "stock": { "avg": 16, "var": 4 }, "price": { "avg": 2, "var": 0.5 } },
	{ "code": "bricklayers:glasscolored-dark-green", "type": "block", "stacksize": 4, "stock": { "avg": 16, "var": 4 }, "price": { "avg": 2, "var": 0.5 } }
    ],
    "file": "game:config/tradelists/trader-treasurehunter.json",
    "side": "Server"
  }
]
