[
  {
    "op": "addeach",
    "path": "/buying/list/-",
    "value": [
	{ "code": "bricklayers:glazedplanter-burnt-clear-gold-plain", "type": "block", "stacksize": 1, "stock": { "avg": 1, "var": 0 }, "price": { "avg": 28, "var": 3 } },
	{ "code": "bricklayers:glazedplanter-burnt-clear-blue-lines", "type": "block", "stacksize": 1, "stock": { "avg": 1, "var": 0 }, "price": { "avg": 18, "var": 3 } }
    ],
    "file": "game:config/tradelists/trader-treasurehunter.json",
    "side": "Server"
  }
]
