[
  {
    "op": "addeach",
    "path": "/selling/list/-",
    "value": [
	{ "code": "em:powdered-ore-coal", "type": "item", "stacksize": 32, "stock": { "avg": 5, "var": 2 }, "price": { "avg": 2, "var": 0.5 } },
	{ "code": "em:powdered-ore-massicot", "type": "item", "stacksize": 16, "stock": { "avg": 4, "var": 2 }, "price": { "avg": 3, "var": 0.5 } },
	{ "code": "em:powdered-ore-litharge", "type": "item", "stacksize": 16, "stock": { "avg": 4, "var": 2 }, "price": { "avg": 3, "var": 0.5 } },
	{ "code": "em:powdered-ore-quartz", "type": "item", "stacksize": 32, "stock": { "avg": 4, "var": 2 }, "price": { "avg": 2, "var": 0.5 } },
	{ "code": "bricklayers:cookedbones", "type": "item", "stacksize": 24, "stock": { "avg": 6, "var": 2 }, "price": { "avg": 2, "var": 0.5 } },
	{ "code": "em:powdered-ore-boneash", "type": "item", "stacksize": 28, "stock": { "avg": 4, "var": 2 }, "price": { "avg": 3, "var": 0.5 } },
	{ "code": "em:powdered-ore-galena", "type": "item", "stacksize": 24, "stock": { "avg": 3, "var": 2 }, "price": { "avg": 3, "var": 0.5 } },
	{ "code": "em:powdered-metal-copper", "type": "item", "stacksize": 16, "stock": { "avg": 8, "var": 3 }, "price": { "avg": 3, "var": 0.5 } },
	{ "code": "em:crushed-ore-rhodochrosite", "type": "item", "stacksize": 8, "stock": { "avg": 2, "var": 1 }, "price": { "avg": 7, "var": 0.5 } },
	{ "code": "game:ore-corundum", "type": "item", "stacksize": 16, "stock": { "avg": 4, "var": 2 }, "price": { "avg": 4, "var": 0.5 } },
	{ "code": "game:ore-fluorite", "type": "item", "stacksize": 16, "stock": { "avg": 4, "var": 2 }, "price": { "avg": 3, "var": 0.5 } },
	{ "code": "game:ore-kernite", "type": "item", "stacksize": 16, "stock": { "avg": 4, "var": 2 }, "price": { "avg": 3, "var": 0.5 } },
	{ "code": "em:powdered-ore-manganesedioxide", "type": "item", "stacksize": 12, "stock": { "avg": 2, "var": 1 }, "price": { "avg": 6, "var": 1 } }
    ],
    "file": "game:config/tradelists/trader-commodities.json",
    "side": "Server"
  }
]
