{
    code: "egg-ceramic",
    variantgroups: [
        { code: "type", states: [ "raw", "fired" ] },
        { code: "color", states: [ "blue", "fire", "red" ] },
    ],
    behaviors: [
        { name: "GroundStorable", properties: { layout: 'Quadrants', collisionBox: { x1: 0, y1: 0, z1: 0, x2: 1, y2: 0.125, z2: 1 } } }
    ],
    shape: { base: "item/egg" },
    textureByType: {
        "*-raw-*": { base: "item/egg/greenware-{color}" },
        "*-fired-*": { base: "item/egg/ceramic-{color}" },
    },
    creativeinventory: { "general": ["*"], "items": ["*"] },
    attributes: {
        displaycaseable: true,
        shelvable: true,
        bookshelveable: true,
        nestitemByType: {
            "*-fired-*": true,
        },
        eggShelfCheck: true,
    },
    combustiblePropsByType: {
        "*-raw-*": {
            meltingPoint: 600,
            meltingDuration: 45,
            smeltedRatio: 1,
            smeltingType: "fire",
            smeltedStack: { type: "item", code: "egg-ceramic-fired-{color}" },
            requiresContainer: false
        }
    },
    maxstacksize: 128,
    materialDensity: 200,
    guiTransform: {
        translation: { x: 0, y: 0, z: 0 },
        rotation: { x: -110, y: 0, z: 30 },
        origin: { x: 0.49, y: 0.02, z: 0.5 },
        scale: 5.95
    },
    tpHandTransform: {
        translation: { x: -0.8, y: -0.25, z: -0.6 },
        scale: 0.71
    },
    fpHandTransform: {
        translation: { x: 0, y: -0.1, z: 0 },
        rotation: { x: 180, y: 90, z: 22 }
    },
    groundTransform: {
        translation: { x: 0, y: 0, z: 0 },
        rotation: { x: 0, y: 0, z: 0 },
        origin: { x: 0.5, y: 0, z: 0.5 },
        scale: 5
    },
}
