[
{
	//Wine Bottles
	ingredientPattern: "S,P,G",
	ingredients: {
		"S": { type: "item", code: "game:saw-*", isTool: true, toolDurabilityCost: 5},
		"P": { type: "item", code: "game:plank-*" },
		"G": { type: "block", code: "game:glass-*", name: "glassblock", allowedVariants: ["plain", "green", "red", "brown", "smoky", "blue"]},
	},
	width: 1,
	height: 3,
	output: { type: "block", code: "t&g-winebottle-{glassblock}", quantity: 4}
},
{
	//Wine Bottles - glass slabs
	ingredientPattern: "S,P,G",
	ingredients: {
		"S": { type: "item", code: "game:saw-*", isTool: true, toolDurabilityCost: 5},
		"P": { type: "item", code: "game:plank-*" },
		"G": { type: "block", code: "game:glassslab-*-down-free", name: "type", allowedVariants: ["plain", "green", "red", "brown", "smoky", "blue"]},
	},
	width: 1,
	height: 3,
	output: { type: "block", code: "t&g-winebottle-{type}", quantity: 2}
}
]