{
	"editor": {
		"backDropShape": "C:/Users/Jesus/Documents/VintageMod/MyShapes/CHARmod/dwarf-faceless",
		"allAngles": true,
		"entityTextureMode": true
	},
	"textureWidth": 64,
	"textureHeight": 64,
	"textureSizes": {
	},
	"textures": {
	},
	"elements": [
		{
			"name": "ArmorUpperTorso",
			"stepParentName": "UpperTorso",
			"from": [ -0.3, -0.2, -0.3 ],
			"to": [ 5.3, 5.2, 6.5 ],
			"autoUnwrap": false,
			"uv": [ 0.0, 0.0 ],
			"rotationOrigin": [ -0.3, -0.2, -0.3 ],
			"faces": {
				"north": { "texture": "#wood", "uv": [ 12.0, 6.5, 17.5, 11.5 ] },
				"east": { "texture": "#wood", "uv": [ 5.5, 6.5, 12.0, 11.5 ] },
				"south": { "texture": "#wood", "uv": [ 0.0, 6.5, 5.5, 11.5 ] },
				"west": { "texture": "#wood", "uv": [ 17.5, 6.5, 24.0, 11.5 ] },
				"up": { "texture": "#wood", "uv": [ 0.0, 0.0, 5.5, 6.5 ] },
				"down": { "texture": "#wood", "uv": [ 5.5, 0.0, 11.0, 6.5 ] }
			}
		},
		{
			"name": "ArmorLowerTorso",
			"stepParentName": "LowerTorso",
			"from": [ -0.3, -0.5, -0.3 ],
			"to": [ 5.3, 5.1, 6.3 ],
			"autoUnwrap": false,
			"uv": [ 0.0, 11.5 ],
			"rotationOrigin": [ -0.3, -0.5, -0.3 ],
			"faces": {
				"north": { "texture": "#wood", "uv": [ 12.0, 18.0, 17.5, 23.5 ] },
				"east": { "texture": "#wood", "uv": [ 5.5, 18.0, 12.0, 23.5 ] },
				"south": { "texture": "#wood", "uv": [ 0.0, 18.0, 5.5, 23.5 ] },
				"west": { "texture": "#wood", "uv": [ 17.5, 18.0, 24.0, 23.5 ] },
				"up": { "texture": "#wood", "uv": [ 0.0, 11.5, 5.5, 18.0 ] },
				"down": { "texture": "#wood", "uv": [ 5.5, 11.5, 11.0, 18.0 ] }
			}
		},
		{
			"name": "ArmorUpperArmR",
			"stepParentName": "UpperArmR",
			"from": [ -0.2, -0.2, -0.4 ],
			"to": [ 3.1, 6.2, 2.0 ],
			"autoUnwrap": false,
			"uv": [ 36.0, 0.0 ],
			"rotationOrigin": [ -0.2, -0.2, -0.4 ],
			"faces": {
				"north": { "texture": "#wood", "uv": [ 36.0, 2.0, 39.0, 8.0 ] },
				"east": { "texture": "#wood", "uv": [ 44.0, 2.0, 46.0, 8.0 ] },
				"south": { "texture": "#wood", "uv": [ 41.0, 2.0, 44.0, 8.0 ] },
				"west": { "texture": "#wood", "uv": [ 39.0, 2.0, 41.0, 8.0 ] },
				"up": { "texture": "#wood", "uv": [ 36.0, 0.0, 39.0, 2.0 ], "rotation": 180 },
				"down": { "texture": "#wood", "uv": [ 39.0, 0.0, 42.0, 2.0 ] }
			},
			"children": [
				{
					"name": "ArmorShoulderR",
					"from": [ -0.5, 5.8, 0.4 ],
					"to": [ 3.5, 6.8, 1.9 ],
					"unwrapMode": 5,
					"uv": [ 24.0, 17.0 ],
					"rotationOrigin": [ -0.5, 6.8, 0.4 ],
					"faces": {
						"north": { "texture": "#wood", "uv": [ 25.0, 17.0, 29.0, 18.0 ], "rotation": 180 },
						"east": { "texture": "#wood", "uv": [ 29.0, 18.0, 30.0, 19.5 ], "rotation": 90 },
						"south": { "texture": "#wood", "uv": [ 25.0, 19.5, 29.0, 20.5 ] },
						"west": { "texture": "#wood", "uv": [ 24.0, 18.0, 25.0, 19.5 ], "rotation": 270 },
						"up": { "texture": "#wood", "uv": [ 25.0, 18.0, 29.0, 19.5 ] },
						"down": { "texture": "#wood", "uv": [ 30.0, 18.0, 34.0, 19.5 ] }
					}
				}
			]
		},
		{
			"name": "ArmorUpperArmL",
			"stepParentName": "UpperArmL",
			"from": [ -0.2, -0.2, -0.2 ],
			"to": [ 3.1, 6.2, 2.2 ],
			"autoUnwrap": false,
			"uv": [ 26.0, 0.0 ],
			"rotationOrigin": [ -0.2, -0.2, -0.2 ],
			"faces": {
				"north": { "texture": "#wood", "uv": [ 26.0, 2.0, 29.0, 8.0 ] },
				"east": { "texture": "#wood", "uv": [ 34.0, 2.0, 36.0, 8.0 ] },
				"south": { "texture": "#wood", "uv": [ 31.0, 2.0, 34.0, 8.0 ] },
				"west": { "texture": "#wood", "uv": [ 29.0, 2.0, 31.0, 8.0 ] },
				"up": { "texture": "#wood", "uv": [ 26.0, 0.0, 29.0, 2.0 ] },
				"down": { "texture": "#wood", "uv": [ 29.0, 0.0, 32.0, 2.0 ] }
			},
			"children": [
				{
					"name": "ArmorShoulderL",
					"from": [ -0.5, 5.8, 0.2 ],
					"to": [ 3.5, 6.8, 1.7 ],
					"unwrapMode": 5,
					"uv": [ 24.0, 20.5 ],
					"rotationOrigin": [ -0.5, 6.8, 0.2 ],
					"faces": {
						"north": { "texture": "#wood", "uv": [ 25.0, 20.5, 29.0, 21.5 ], "rotation": 180 },
						"east": { "texture": "#wood", "uv": [ 29.0, 21.5, 30.0, 23.0 ], "rotation": 90 },
						"south": { "texture": "#wood", "uv": [ 25.0, 23.0, 29.0, 24.0 ] },
						"west": { "texture": "#wood", "uv": [ 24.0, 21.5, 25.0, 23.0 ], "rotation": 270 },
						"up": { "texture": "#wood", "uv": [ 25.0, 21.5, 29.0, 23.0 ] },
						"down": { "texture": "#wood", "uv": [ 30.0, 21.5, 34.0, 23.0 ] }
					}
				}
			]
		},
		{
			"name": "ArmorLowerArmR",
			"stepParentName": "LowerArmR",
			"from": [ -0.2, 1.8, -0.25 ],
			"to": [ 2.7, 6.2, 2.25 ],
			"uv": [ 36.0, 9.0 ],
			"rotationOrigin": [ -0.2, 1.8, -0.4 ],
			"faces": {
				"north": { "texture": "#wood", "uv": [ 36.0, 11.5, 38.5, 15.5 ] },
				"east": { "texture": "#wood", "uv": [ 38.5, 11.5, 41.0, 15.5 ] },
				"south": { "texture": "#wood", "uv": [ 41.0, 11.5, 43.5, 15.5 ] },
				"west": { "texture": "#wood", "uv": [ 43.5, 11.5, 46.0, 15.5 ] },
				"up": { "texture": "#wood", "uv": [ 36.0, 9.0, 38.5, 11.5 ] },
				"down": { "texture": "#wood", "uv": [ 38.5, 9.0, 41.0, 11.5 ] }
			}
		},
		{
			"name": "ArmorLowerArmL",
			"stepParentName": "LowerArmL",
			"from": [ -0.2, 1.8, -0.25 ],
			"to": [ 2.7, 6.2, 2.25 ],
			"uv": [ 26.0, 9.0 ],
			"rotationOrigin": [ -0.2, 1.8, -0.3 ],
			"faces": {
				"north": { "texture": "#wood", "uv": [ 26.0, 11.5, 28.5, 15.5 ] },
				"east": { "texture": "#wood", "uv": [ 28.5, 11.5, 31.0, 15.5 ] },
				"south": { "texture": "#wood", "uv": [ 31.0, 11.5, 33.5, 15.5 ] },
				"west": { "texture": "#wood", "uv": [ 33.5, 11.5, 36.0, 15.5 ] },
				"up": { "texture": "#wood", "uv": [ 26.0, 9.0, 28.5, 11.5 ] },
				"down": { "texture": "#wood", "uv": [ 28.5, 9.0, 31.0, 11.5 ] }
			}
		},
		{
			"name": "ArmorCoatR",
			"stepParentName": "UpperFootR",
			"from": [ -0.7, -0.8, -0.35 ],
			"to": [ 4.9, 6.2, 3.15 ],
			"autoUnwrap": false,
			"uv": [ 18.0, 24.5 ],
			"rotationOrigin": [ -0.7, -0.8, -0.5 ],
			"faces": {
				"north": { "texture": "#wood", "uv": [ 18.0, 28.0, 23.5, 35.0 ] },
				"east": { "texture": "#wood", "uv": [ 32.5, 28.0, 36.0, 35.0 ] },
				"south": { "texture": "#wood", "uv": [ 27.0, 28.0, 32.5, 35.0 ] },
				"west": { "texture": "#wood", "uv": [ 23.5, 28.0, 27.0, 35.0 ] },
				"up": { "texture": "#wood", "uv": [ 18.0, 24.5, 23.5, 28.0 ] },
				"down": { "texture": "#wood", "uv": [ 23.5, 24.5, 29.0, 28.0 ] }
			}
		},
		{
			"name": "ArmorCoatL",
			"stepParentName": "UpperFootL",
			"from": [ -0.7, -0.8, 0.05 ],
			"to": [ 4.9, 6.2, 3.55 ],
			"autoUnwrap": false,
			"uv": [ 0.0, 24.5 ],
			"rotationOrigin": [ -0.7, -0.8, -0.1 ],
			"faces": {
				"north": { "texture": "#wood", "uv": [ 0.0, 28.0, 5.5, 35.0 ] },
				"east": { "texture": "#wood", "uv": [ 14.5, 28.0, 18.0, 35.0 ] },
				"south": { "texture": "#wood", "uv": [ 9.0, 28.0, 14.5, 35.0 ] },
				"west": { "texture": "#wood", "uv": [ 5.5, 28.0, 9.0, 35.0 ] },
				"up": { "texture": "#wood", "uv": [ 0.0, 24.5, 5.5, 28.0 ] },
				"down": { "texture": "#wood", "uv": [ 5.5, 24.5, 11.0, 28.0 ] }
			}
		},
		{
			"name": "ArmorLowerLegR",
			"stepParentName": "LowerFootR",
			"from": [ -0.3, 1.8, -0.25 ],
			"to": [ 3.1, 7.3, 3.25 ],
			"uv": [ 16.0, 46.0 ],
			"rotationOrigin": [ -0.3, 1.8, -0.4 ],
			"faces": {
				"north": { "texture": "#wood", "uv": [ 16.0, 49.5, 19.0, 55.0 ] },
				"east": { "texture": "#wood", "uv": [ 19.0, 49.5, 22.5, 55.0 ] },
				"south": { "texture": "#wood", "uv": [ 22.5, 49.5, 25.5, 55.0 ] },
				"west": { "texture": "#wood", "uv": [ 25.5, 49.5, 29.0, 55.0 ] },
				"up": { "texture": "#wood", "uv": [ 16.0, 46.0, 19.0, 49.5 ] },
				"down": { "texture": "#wood", "uv": [ 19.0, 46.0, 22.0, 49.5 ] }
			},
			"children": [
				{
					"name": "ArmorLegKneeR",
					"from": [ 0.0, 4.9, 0.1 ],
					"to": [ 0.5, 6.9, 3.4 ],
					"unwrapMode": 4,
					"uv": [ 22.0, 47.0 ],
					"rotationOrigin": [ 0.0, 4.9, 0.1 ],
					"rotationZ": 33.0,
					"faces": {
						"north": { "texture": "#wood", "uv": [ 22.0, 47.5, 22.5, 49.5 ] },
						"east": { "texture": "#wood", "uv": [ 26.0, 47.5, 29.0, 49.5 ] },
						"south": { "texture": "#wood", "uv": [ 25.5, 47.5, 26.0, 49.5 ] },
						"west": { "texture": "#wood", "uv": [ 22.5, 47.5, 25.5, 49.5 ] },
						"up": { "texture": "#wood", "uv": [ 22.5, 47.0, 25.5, 47.5 ], "rotation": 90 }
					}
				},
				{
					"name": "LegStrapR3",
					"from": [ 3.0, 0.5, 0.1 ],
					"to": [ 4.5, 1.5, 3.4 ],
					"unwrapMode": 2,
					"uv": [ 0.0, 59.0 ],
					"rotationOrigin": [ 3.0, 0.5, 0.1 ],
					"faces": {
						"north": { "texture": "#wood", "uv": [ 4.5, 60.5, 6.0, 61.5 ] },
						"east": { "texture": "#wood", "uv": [ 1.5, 60.5, 4.5, 61.5 ] },
						"south": { "texture": "#wood", "uv": [ 0.0, 60.5, 1.5, 61.5 ] },
						"up": { "texture": "#wood", "uv": [ 1.5, 59.0, 4.5, 60.5 ], "rotation": 270 },
						"down": { "texture": "#wood", "uv": [ 1.5, 61.5, 4.5, 63.0 ], "rotation": 270 }
					}
				},
				{
					"name": "LegStrapR1",
					"from": [ 3.0, 4.0, 0.1 ],
					"to": [ 4.5, 5.0, 3.4 ],
					"unwrapMode": 2,
					"uv": [ 0.0, 55.0 ],
					"rotationOrigin": [ 3.0, 4.0, 0.1 ],
					"faces": {
						"north": { "texture": "#wood", "uv": [ 4.5, 56.5, 6.0, 57.5 ] },
						"east": { "texture": "#wood", "uv": [ 1.5, 56.5, 4.5, 57.5 ] },
						"south": { "texture": "#wood", "uv": [ 0.0, 56.5, 1.5, 57.5 ] },
						"up": { "texture": "#wood", "uv": [ 1.5, 55.0, 4.5, 56.5 ], "rotation": 270 },
						"down": { "texture": "#wood", "uv": [ 1.5, 57.5, 4.5, 59.0 ], "rotation": 270 }
					}
				},
				{
					"name": "LegStrapR2",
					"from": [ 3.0, 2.3, 0.1 ],
					"to": [ 4.5, 3.3, 3.4 ],
					"unwrapMode": 2,
					"uv": [ 4.5, 57.0 ],
					"rotationOrigin": [ 3.0, 3.3, 0.1 ],
					"faces": {
						"north": { "texture": "#wood", "uv": [ 9.0, 58.5, 10.5, 59.5 ] },
						"east": { "texture": "#wood", "uv": [ 6.0, 58.5, 9.0, 59.5 ] },
						"south": { "texture": "#wood", "uv": [ 4.5, 58.5, 6.0, 59.5 ] },
						"up": { "texture": "#wood", "uv": [ 6.0, 57.0, 9.0, 58.5 ], "rotation": 270 },
						"down": { "texture": "#wood", "uv": [ 6.0, 59.5, 9.0, 61.0 ], "rotation": 270 }
					}
				}
			]
		},
		{
			"name": "ArmorLowerLegL",
			"stepParentName": "LowerFootL",
			"from": [ -0.3, 1.8, -0.25 ],
			"to": [ 3.1, 7.3, 3.25 ],
			"uv": [ 0.0, 46.0 ],
			"rotationOrigin": [ -0.3, 1.8, -0.4 ],
			"faces": {
				"north": { "texture": "#wood", "uv": [ 0.0, 49.5, 3.0, 55.0 ] },
				"east": { "texture": "#wood", "uv": [ 3.0, 49.5, 6.5, 55.0 ] },
				"south": { "texture": "#wood", "uv": [ 6.5, 49.5, 9.5, 55.0 ] },
				"west": { "texture": "#wood", "uv": [ 9.5, 49.5, 13.0, 55.0 ] },
				"up": { "texture": "#wood", "uv": [ 0.0, 46.0, 3.0, 49.5 ] },
				"down": { "texture": "#wood", "uv": [ 3.0, 46.0, 6.0, 49.5 ] }
			},
			"children": [
				{
					"name": "ArmorLegKneeL",
					"from": [ 0.0, 4.9, 0.1 ],
					"to": [ 0.5, 6.9, 3.4 ],
					"unwrapMode": 4,
					"uv": [ 6.0, 47.0 ],
					"rotationOrigin": [ 0.0, 4.9, 0.1 ],
					"rotationZ": 33.0,
					"faces": {
						"north": { "texture": "#wood", "uv": [ 6.0, 47.5, 6.5, 49.5 ] },
						"east": { "texture": "#wood", "uv": [ 10.0, 47.5, 13.0, 49.5 ] },
						"south": { "texture": "#wood", "uv": [ 9.5, 47.5, 10.0, 49.5 ] },
						"west": { "texture": "#wood", "uv": [ 6.5, 47.5, 9.5, 49.5 ] },
						"up": { "texture": "#wood", "uv": [ 6.5, 47.0, 9.5, 47.5 ], "rotation": 90 }
					}
				},
				{
					"name": "LegStrapL3",
					"from": [ 3.0, 0.5, 0.1 ],
					"to": [ 4.5, 1.5, 3.4 ],
					"unwrapMode": 2,
					"uv": [ 16.0, 59.0 ],
					"rotationOrigin": [ 3.0, 0.9, 0.1 ],
					"faces": {
						"north": { "texture": "#wood", "uv": [ 20.5, 60.5, 22.0, 61.5 ] },
						"east": { "texture": "#wood", "uv": [ 17.5, 60.5, 20.5, 61.5 ] },
						"south": { "texture": "#wood", "uv": [ 16.0, 60.5, 17.5, 61.5 ] },
						"up": { "texture": "#wood", "uv": [ 17.5, 59.0, 20.5, 60.5 ], "rotation": 270 },
						"down": { "texture": "#wood", "uv": [ 17.5, 61.5, 20.5, 63.0 ], "rotation": 270 }
					}
				},
				{
					"name": "LegStrapL1",
					"from": [ 3.0, 4.0, 0.1 ],
					"to": [ 4.5, 5.0, 3.4 ],
					"unwrapMode": 2,
					"uv": [ 16.0, 55.0 ],
					"rotationOrigin": [ 3.0, 4.0, 0.1 ],
					"faces": {
						"north": { "texture": "#wood", "uv": [ 20.5, 56.5, 22.0, 57.5 ] },
						"east": { "texture": "#wood", "uv": [ 17.5, 56.5, 20.5, 57.5 ] },
						"south": { "texture": "#wood", "uv": [ 16.0, 56.5, 17.5, 57.5 ] },
						"up": { "texture": "#wood", "uv": [ 17.5, 55.0, 20.5, 56.5 ], "rotation": 270 },
						"down": { "texture": "#wood", "uv": [ 17.5, 57.5, 20.5, 59.0 ], "rotation": 270 }
					}
				},
				{
					"name": "LegStrapL2",
					"from": [ 3.0, 2.3, 0.1 ],
					"to": [ 4.5, 3.3, 3.4 ],
					"unwrapMode": 2,
					"uv": [ 20.5, 57.0 ],
					"rotationOrigin": [ 3.0, 4.3, 0.1 ],
					"faces": {
						"north": { "texture": "#wood", "uv": [ 25.0, 58.5, 26.5, 59.5 ] },
						"east": { "texture": "#wood", "uv": [ 22.0, 58.5, 25.0, 59.5 ] },
						"south": { "texture": "#wood", "uv": [ 20.5, 58.5, 22.0, 59.5 ] },
						"up": { "texture": "#wood", "uv": [ 22.0, 57.0, 25.0, 58.5 ], "rotation": 270 },
						"down": { "texture": "#wood", "uv": [ 22.0, 59.5, 25.0, 61.0 ], "rotation": 270 }
					}
				}
			]
		}
	]}