[
	{
	"ingredientPattern": "HS,KA",
	"ingredients": {
		"H": { "type": "item", "code": "game:hide-raw-small", "quantity": 3 } ,
		"S": { "type": "item", "code": "game:stick" },
		"K": { "type": "item", "code": "game:knife-generic-*", "isTool": true },
		"A": { "type": "item", "code": "tailorsdelight:awl-*", "isTool": true }
	},
	"width": 2,
	"height": 2,
	"output": { "type": "item", "code": "tailorsdelight:leatherbundle-raw", "quantity": 1 }
	},

	{
	"ingredientPattern": "HS,KA",
	"ingredients": {
		"H": { "type": "item", "code": "game:hide-raw-medium", "quantity": 1 },
		"S": { "type": "item", "code": "game:stick" },
		"A": { "type": "item", "code": "tailorsdelight:awl-*", "isTool": true },
		"K": { "type": "item", "code": "game:knife-generic-*", "isTool": true }
	},
	"width": 2,
	"height": 2,
	"output": { "type": "item", "code": "tailorsdelight:leatherbundle-raw", "quantity": 1 }
	},

	{
	"ingredientPattern": "HS,KA",
	"ingredients": {
		"H": { "type": "item", "code": "game:hide-raw-large" },
		"S": { "type": "item", "code": "game:stick" },
		"A": { "type": "item", "code": "tailorsdelight:awl-*", "isTool": true },
		"K": { "type": "item", "code": "game:knife-generic-*", "isTool": true }
	},
	"width": 2,
	"height": 2,
	"output": { "type": "item", "code": "tailorsdelight:leatherbundle-raw", "quantity": 2 }
	},

	{
	"ingredientPattern": "HS,KA",
	"ingredients": {
		"H": { "type": "item", "code": "game:hide-raw-huge" },
		"S": { "type": "item", "code": "game:stick" },
		"A": { "type": "item", "code": "tailorsdelight:awl-*", "isTool": true },
		"K": { "type": "item", "code": "game:knife-generic-*", "isTool": true }
	},
	"width": 2,
	"height": 2,
	"output": { "type": "item", "code": "tailorsdelight:leatherbundle-raw", "quantity": 3 }
	},


	{
	"ingredientPattern": "HS,KA",
	"ingredients": {
		"H": { "type": "item", "code": "game:hide-pelt-small", "quantity": 3 } ,
		"S": { "type": "item", "code": "game:stick" },
		"K": { "type": "item", "code": "game:knife-generic-*", "isTool": true },
		"A": { "type": "item", "code": "tailorsdelight:awl-*", "isTool": true }
	},
	"width": 2,
	"height": 2,
	"output": { "type": "item", "code": "tailorsdelight:leatherbundle-pelt", "quantity": 1 }
	},

	{
	"ingredientPattern": "HS,KA",
	"ingredients": {
		"H": { "type": "item", "code": "game:hide-pelt-medium", "quantity": 1 },
		"S": { "type": "item", "code": "game:stick" },
		"A": { "type": "item", "code": "tailorsdelight:awl-*", "isTool": true },
		"K": { "type": "item", "code": "game:knife-generic-*", "isTool": true }
	},
	"width": 2,
	"height": 2,
	"output": { "type": "item", "code": "tailorsdelight:leatherbundle-pelt", "quantity": 1 }
	},

	{
	"ingredientPattern": "HS,KA",
	"ingredients": {
		"H": { "type": "item", "code": "game:hide-pelt-large" },
		"S": { "type": "item", "code": "game:stick" },
		"A": { "type": "item", "code": "tailorsdelight:awl-*", "isTool": true },
		"K": { "type": "item", "code": "game:knife-generic-*", "isTool": true }
	},
	"width": 2,
	"height": 2,
	"output": { "type": "item", "code": "tailorsdelight:leatherbundle-pelt", "quantity": 2 }
	},

	{
	"ingredientPattern": "HS,KA",
	"ingredients": {
		"H": { "type": "item", "code": "game:hide-pelt-huge" },
		"S": { "type": "item", "code": "game:stick" },
		"A": { "type": "item", "code": "tailorsdelight:awl-*", "isTool": true },
		"K": { "type": "item", "code": "game:knife-generic-*", "isTool": true }
	},
	"width": 2,
	"height": 2,
	"output": { "type": "item", "code": "tailorsdelight:leatherbundle-pelt", "quantity": 3 }
	},

	{
	"ingredientPattern": "HS,KA",
	"ingredients": {
		"H": { "type": "item", "code": "game:hide-pelt-bear-*-complete", "name": "type", "returnedStack": { "type": "item", "code": "game:hide-pelt-bear-{type}-head" } },
		"S": { "type": "item", "code": "game:stick" },
		"A": { "type": "item", "code": "tailorsdelight:awl-*", "isTool": true },
		"K": { "type": "item", "code": "game:knife-generic-*", "isTool": true }
	},
	"recipeGroup": 7,
	"width": 2,
	"height": 2,
	"output": { "type": "item", "code": "tailorsdelight:leatherbundle-pelt", "quantity": 3 }
	},

	{
	"ingredientPattern": "HS,KA",
	"ingredients": {
		"H": { "type": "item", "code": "game:hide-pelt-bear-*-body" },
		"S": { "type": "item", "code": "game:stick" },
		"A": { "type": "item", "code": "tailorsdelight:awl-*", "isTool": true },
		"K": { "type": "item", "code": "game:knife-generic-*", "isTool": true }
	},
	"recipeGroup": 9,
	"width": 2,
	"height": 2,
	"output": { "type": "item", "code": "tailorsdelight:leatherbundle-pelt", "quantity": 3 }
	}
]
