[
	{
	"ingredientPattern": "LK",
	"ingredients": {
		"L": { "type": "item", "code": "tailorsdelight:leatherbundle-*", "name": "color", "allowedVariants": [ "plain", "black", "blue", "gray", "green", "orange", "pink", "purple", "red", "yellow", "white" ] },
		"K": { "type": "item", "code": "game:knife-generic-*", "isTool": true }
	},
	"width": 2,
	"height": 1,
	"output": { "type": "item", "code": "game:leather-normal-{color}" }
	},

	{
	"ingredientPattern": "RLS",
	"requiresTrait": "clothier",
	"ingredients": {
		"L": { "type": "item", "code": "tailorsdelight:leatherbundle-*", "name": "color", "allowedVariants": [ "plain", "black", "blue", "gray", "green", "orange", "pink", "purple", "red", "yellow", "white" ] },
		"S": { "type": "item", "code": "game:shears-*", "isTool": true },
		"R": { "type": "item", "code": "tailorsdelight:ruler-*", "isTool": true }
	},
	"width": 3,
	"height": 1,
	"recipeGroup": 2,
	"output": { "type": "item", "code": "game:leather-normal-{color}", "quantity": 2 }
	},


	{
	"ingredientPattern": "LK",
	"ingredients": {
		"L": { "type": "item", "code": "tailorsdelight:leatherbundle-sturdy" },
		"K": { "type": "item", "code": "game:knife-generic-*", "isTool": true }
	},
	"width": 2,
	"height": 1,
	"output": { "type": "item", "code": "game:leather-sturdy-plain" }
	},

	{
	"ingredientPattern": "RLS",
	"requiresTrait": "clothier",
	"ingredients": {
		"L": { "type": "item", "code": "tailorsdelight:leatherbundle-sturdy" },
		"S": { "type": "item", "code": "game:shears-*", "isTool": true },
		"R": { "type": "item", "code": "tailorsdelight:ruler-*", "isTool": true }
	},
	"width": 3,
	"height": 1,
	"recipeGroup": 2,
	"output": { "type": "item", "code": "game:leather-sturdy-plain", "quantity": 2 }
	},

	{
	"ingredientPattern": "LK",
	"comment": "allowduplicaterecipe",
	"ingredients": {
		"L": { "type": "item", "code": "tailorsdelight:leatherbundle-*", "name": "color", "allowedVariants": [ "darkblue", "darkbrown", "darkgreen", "darkred" ] },
		"K": { "type": "item", "code": "game:knife-generic-*", "isTool": true }
	},
	"width": 2,
	"height": 1,
	"output": { "type": "item", "code": "tailorsdelight:leather-{color}" }
	},

	{
	"ingredientPattern": "RLS",
	"comment": "allowduplicaterecipe",
	"requiresTrait": "clothier",
	"ingredients": {
		"L": { "type": "item", "code": "tailorsdelight:leatherbundle-*", "name": "color",  "allowedVariants": [ "darkblue", "darkbrown", "darkgreen", "darkred" ] },
		"S": { "type": "item", "code": "game:shears-*", "isTool": true },
		"R": { "type": "item", "code": "tailorsdelight:ruler-*", "isTool": true }
	},
	"width": 3,
	"height": 1,
	"recipeGroup": 2,
	"output": { "type": "item", "code": "tailorsdelight:leather-{color}", "quantity": 2 }
	},


	{
	"ingredientPattern": "LK",
	"ingredients": {
		"L": { "type": "item", "code": "tailorsdelight:leatherbundle-*", "name": "type",  "allowedVariants": [ "raw", "pelt" ] },
		"K": { "type": "item", "code": "game:knife-generic-*", "isTool": true }
	},
	"width": 2,
	"height": 1,
	"output": { "type": "item", "code": "game:hide-{type}-small", "quantity": 2 }
	},

	{
	"ingredientPattern": "RLS",
	"requiresTrait": "clothier",
	"ingredients": {
		"L": { "type": "item", "code": "tailorsdelight:leatherbundle-*", "name": "type",  "allowedVariants": [ "raw", "pelt" ] },
		"S": { "type": "item", "code": "game:shears-*", "isTool": true },
		"R": { "type": "item", "code": "tailorsdelight:ruler-*", "isTool": true }
	},
	"width": 3,
	"height": 1,
	"recipeGroup": 2,
	"output": { "type": "item", "code": "game:hide-{type}-small", "quantity": 3 }
	},

	{
	"ingredientPattern": "_N_,RLS",
	"requiresTrait": "clothier",
	"ingredients": {
		"L": { "type": "item", "code": "tailorsdelight:leatherbundle-*", "name": "type",  "allowedVariants": [ "raw", "pelt" ] },
		"S": { "type": "item", "code": "game:shears-*", "isTool": true },
		"N": { "type": "item", "code": "tailorsdelight:needle-*" },
		"R": { "type": "item", "code": "tailorsdelight:ruler-*", "isTool": true }
	},
	"width": 3,
	"height": 2,
	"recipeGroup": 2,
	"output": { "type": "item", "code": "game:hide-{type}-medium" }
	},

	{
	"ingredientPattern": "_N_,RLS,_L_",
	"requiresTrait": "clothier",
	"ingredients": {
		"L": { "type": "item", "code": "tailorsdelight:leatherbundle-*", "name": "type",  "allowedVariants": [ "raw", "pelt" ] },
		"S": { "type": "item", "code": "game:shears-*", "isTool": true },
		"N": { "type": "item", "code": "tailorsdelight:needle-*" },
		"R": { "type": "item", "code": "tailorsdelight:ruler-*", "isTool": true }
	},
	"width": 3,
	"height": 3,
	"recipeGroup": 2,
	"output": { "type": "item", "code": "game:hide-{type}-large" }
	},

	{
	"ingredientPattern": "NLN,RLS,_L_",
	"requiresTrait": "clothier",
	"ingredients": {
		"L": { "type": "item", "code": "tailorsdelight:leatherbundle-*", "name": "type",  "allowedVariants": [ "raw", "pelt" ] },
		"S": { "type": "item", "code": "game:shears-*", "isTool": true },
		"N": { "type": "item", "code": "tailorsdelight:needle-*" },
		"R": { "type": "item", "code": "tailorsdelight:ruler-*", "isTool": true }
	},
	"width": 3,
	"height": 3,
	"recipeGroup": 2,
	"output": { "type": "item", "code": "game:hide-{type}-huge" }
	}
]
