[
	{
		code: "blueberryliqueur",
		"enabled": true,
		sealHours: 240,
		ingredients: [
			{ type: "item", code: "game:alcoholportion", litres: 10 },
			{ type: "item", code: "game:fruit-blueberry", quantity: 64 }
		],
		output: { type: "item", code: "spearexpantion:liqueurportion-blueberry", litres: 30 }
	},
	{
		code: "cranberryliqueur",
		"enabled": true,
		sealHours: 240,
		ingredients: [
			{ type: "item", code: "game:alcoholportion", litres: 10 },
			{ type: "item", code: "game:fruit-cranberry", quantity: 64 }
		],
		output: { type: "item", code: "spearexpantion:liqueurportion-cranberry", litres: 30 }
	},
	{
		code: "redcurrantliqueur",
		"enabled": true,
		sealHours: 240,
		ingredients: [
			{ type: "item", code: "game:alcoholportion", litres: 10 },
			{ type: "item", code: "game:fruit-redcurrant", quantity: 64 }
		],
		output: { type: "item", code: "spearexpantion:liqueurportion-redcurrant", litres: 30 }
	},
	{
		code: "whitecurrantliqueur",
		"enabled": true,
		sealHours: 240,
		ingredients: [
			{ type: "item", code: "game:alcoholportion", litres: 10 },
			{ type: "item", code: "game:fruit-whitecurrant", quantity: 64 }
		],
		output: { type: "item", code: "spearexpantion:liqueurportion-whitecurrant", litres: 30 }
	},
	{
		code: "blackcurrantliqueur",
		"enabled": true,
		sealHours: 240,
		ingredients: [
			{ type: "item", code: "game:alcoholportion", litres: 10 },
			{ type: "item", code: "game:fruit-blackcurrant", quantity: 64 }
		],
		output: { type: "item", code: "spearexpantion:liqueurportion-blackcurrant", litres: 30 }
	},
	{
		code: "appleliqueur",
		"enabled": true,
		sealHours: 240,
		ingredients: [
			{ type: "item", code: "game:alcoholportion", litres: 10 },
			{ type: "item", code: "game:fruit-redapple", quantity: 64 }
		],
		output: { type: "item", code: "spearexpantion:liqueurportion-apple", litres: 30 }
	},
	{
		code: "appleliqueur",
		"enabled": true,
		sealHours: 240,
		ingredients: [
			{ type: "item", code: "game:alcoholportion", litres: 10 },
			{ type: "item", code: "game:fruit-pinkapple", quantity: 64 }
		],
		output: { type: "item", code: "spearexpantion:liqueurportion-apple", litres: 30 }
	},
	{
		code: "appleliqueur",
		"enabled": true,
		sealHours: 240,
		ingredients: [
			{ type: "item", code: "game:alcoholportion", litres: 10 },
			{ type: "item", code: "game:fruit-yellowapple", quantity: 64 }
		],
		output: { type: "item", code: "spearexpantion:liqueurportion-apple", litres: 30 }
	},
	{
		code: "cherryliqueur",
		"enabled": true,
		sealHours: 240,
		ingredients: [
			{ type: "item", code: "game:alcoholportion", litres: 10 },
			{ type: "item", code: "game:fruit-cherry", quantity: 64 }
		],
		output: { type: "item", code: "spearexpantion:liqueurportion-cherry", litres: 30 }
	},
	{
		code: "peachliqueur",
		"enabled": true,
		sealHours: 240,
		ingredients: [
			{ type: "item", code: "game:alcoholportion", litres: 10 },
			{ type: "item", code: "game:fruit-peach", quantity: 64 }
		],
		output: { type: "item", code: "spearexpantion:liqueurportion-peach", litres: 30 }
	},
	{
		code: "pearliqueur",
		"enabled": true,
		sealHours: 240,
		ingredients: [
			{ type: "item", code: "game:alcoholportion", litres: 10 },
			{ type: "item", code: "game:fruit-pear", quantity: 64 }
		],
		output: { type: "item", code: "spearexpantion:liqueurportion-pear", litres: 30 }
	},
	{
		code: "pomegranateliqueur",
		"enabled": true,
		sealHours: 240,
		ingredients: [
			{ type: "item", code: "game:alcoholportion", litres: 10 },
			{ type: "item", code: "game:fruit-pomegranate", quantity: 64 }
		],
		output: { type: "item", code: "spearexpantion:liqueurportion-pomegranate", litres: 30 }
	},
	{
		code: "pineappleliqueur",
		"enabled": true,
		sealHours: 240,
		ingredients: [
			{ type: "item", code: "game:alcoholportion", litres: 10 },
			{ type: "item", code: "game:fruit-pineapple", quantity: 64 }
		],
		output: { type: "item", code: "spearexpantion:liqueurportion-pineapple", litres: 30 }
	},
	{
		code: "orangeliqueur",
		"enabled": true,
		sealHours: 240,
		ingredients: [
			{ type: "item", code: "game:alcoholportion", litres: 10 },
			{ type: "item", code: "game:fruit-orange", quantity: 64 }
		],
		output: { type: "item", code: "spearexpantion:liqueurportion-orange", litres: 30 }
	},
	{
		code: "lycheeliqueur",
		"enabled": true,
		sealHours: 240,
		ingredients: [
			{ type: "item", code: "game:alcoholportion", litres: 10 },
			{ type: "item", code: "game:fruit-lychee", quantity: 64 }
		],
		output: { type: "item", code: "spearexpantion:liqueurportion-lychee", litres: 30 }
	}
]