{
        "code": "powdered-ore",
	"variantgroups": [
		{ "code": "type", "states": [
			"boneash",
			"cassiterite", "chromite", "chromiumoxide", "coal", "corundum", "cupronickel",
			"electrum",
			"fluorite",
			"galena", "graphite",
			"hematite",
			"ilmenite",
			"kernite",
			"limonite", "litharge", "leadoxide",
			"magnesiumhydroxide", "magnesiumoxide", "magnetite", "malachite", "manganeseoxide", "manganesedioxide", "massicot",
			"olivine",
			"pentlandite", "phosphorite",
			"redphosphorus", "rhodochrosite",
			"quartz", "sphalerite",
			"whitelead", "whitephosphorus",
			"yellowcake", "zincoxide"
		] }
	],
	"attributes": {
		"inContainerTexture": { "base": "em:item/resource/powdered/ore/incontainer/{type}" },
		"displaycaseable": true,
		"shelvable": true,
		"onDisplayTransform": {
			"translation": { "x": 0.05, "y": 0, "z": 0 },
			"origin": { "x": 0.5, "y": 0, "z": 0.5 },
			"scale": 0.65
		},
		"handbook": { "extraSections": [ { "title": "handbook-item-usage", "text": "handbook-item-usage-powdered-ore-{type}" } ] }
	},
	"attributesByType": {
		"powdered-ore-cassiterite": 	{ "pigment": { "name": "Titanium white", "color": { "red": 255, "green": 255, "blue": 250 } } },
		"powdered-ore-chromite": 	{ "pigment": { "name": "Chromite brown", "color": { "red": 45, "green": 23, "blue": 18 } } },
		"powdered-ore-coal": {
			"dissolveInWater": true,  "pigment": { "name": "Coal black", "color": { "red": 30, "green": 29, "blue": 26 } }
		},
		"powdered-ore-corundum": {
			"dissolveInWater": true,  "pigment": { "name": "Pale rust", "color": { "red": 201, "green": 90, "blue": 72 } }
		},
		"powdered-ore-fluorite":	{ "pigment": { "name": "Fluorite white", "color": { "red": 250, "green": 250, "blue": 235 } } },
		"powdered-ore-hematite":	{ "pigment": { "name": "Red ocre", "color": { "red": 142, "green": 47, "blue": 35 } } },
		"powdered-ore-limonite":	{ "pigment": { "name": "Yellow ocre", "color": { "red": 160, "green": 108, "blue": 39 } } },
		"powdered-ore-litharge":	{ "pigment": { "name": "Litharge", "color": { "red": 140, "green": 42, "blue": 44 } } },
		"powdered-ore-magnetite":	{ "pigment": { "name": "Iron black", "color": { "red": 22, "green": 18, "blue": 16 } } },
		"powdered-ore-magnesiumhydroxide":{ "dissolveInWater": true },
		"powdered-ore-manganesedioxide":{ "pigment": { "name": "Magnesia nigra", "color": { "red": 40, "green": 38, "blue": 23 } } },
		"powdered-ore-manganeseoxide":	{ "pigment": { "name": "Manganese green", "color": { "red": 19, "green": 91, "blue": 23 } } },
		"powdered-ore-malachite":	{ "pigment": { "name": "Verdigris", "color": { "red": 112, "green": 154, "blue": 108 } } },
		"powdered-ore-massicot":	{ "pigment": { "name": "Massicot", "color": { "red": 198, "green": 178, "blue": 50 } } },
		"powdered-ore-redphosphorus":	{ "pigment": { "name": "Phosphor red", "color": { "red": 230, "green": 47, "blue": 84 } } },
		"powdered-ore-rhodochrosite":	{ "pigment": { "name": "Pale pink", "color": { "red": 207, "green": 165, "blue": 202 } } },
		"powdered-ore-whitelead":	{ "pigment": { "name": "Lead white", "color": { "red": 255, "green": 255, "blue": 240 } } },
		"powdered-ore-whitephosphorus":	{ "pigment": { "name": "Phosphor white", "color": { "red": 252, "green": 252, "blue": 255 } } },
		"powdered-ore-yellowcake":	{ "pigment": { "name": "Yellowcake", "color": { "red": 198, "green": 209, "blue": 104 } } },
		"powdered-ore-zincoxide":	{ "pigment": { "name": "Zinc white", "color": { "red": 250, "green": 250, "blue": 255 } } },

		"powdered-ore-boneash": 	{ "fertilizerProps": { "n": 0, "p": 42, "k": 0 }, "fertilizerTextureCode": "bonemeal" },

		"powdered-ore-kernite":		{ "dissolveInWater": true },
		"powdered-ore-quartz":		{ "dissolveInWater": true }
	},
	"lightHsvByType": {
		"powdered-ore-fluorite":	[ 11, 1, 3 ],
		"powdered-ore-phosphorite":	[ 10, 1, 3 ],
		"powdered-ore-redphosphorus":	[ 1, 3, 4 ],
		"powdered-ore-whitephosphorus":	[ 47, 1, 4 ],
		"powdered-ore-yellowcake":	[ 14, 4, 4 ]
	},
	"vertexFlagsByType": {
		"powdered-ore-fluorite":	{ "glowLevel": 80 },
		"powdered-ore-phosphorite":	{ "glowLevel": 100 },
		"powdered-ore-redphosphorus":	{ "glowLevel": 220 },
		"powdered-ore-whitephosphorus":	{ "glowLevel": 255 },
		"powdered-ore-yellowcake":	{ "glowLevel": 255 }
	},
	"glowLevelByType": {
		"powdered-ore-fluorite":	 90,
		"powdered-ore-phosphorite":	110,
		"powdered-ore-whitephosphorus": 240,
		"powdered-ore-redphosphorus":	100,
		"powdered-ore-yellowcake":	200
	},
	"texturesByType": {
		"*": { "all": { "base": "em:item/resource/powdered/ore/incontainer/{type}" } }
	},
        "shapeByType": {
		"@^powdered-ore-(fluorite|phosphorite|whitephosphorus|redphosphorus|yellowcake)": { "base": "em:item/resource/powdered_glow" },
		"*": { "base": "em:item/resource/powdered" }
	},
        "creativeinventoryByType": {
		"@^powdered-ore-(fluorite)": { "general": ["*"], "items": ["*"], "glass": ["*"], "luminous": ["*"] },
		"*": { "general": ["*"], "items": ["*"], "ceramics": ["*"] }
	},
	"combustiblePropsByType": {
		"powdered-ore-boneash": {
			"meltingPoint": 1310,
			"meltingDuration": 18,
			"smeltingType": "convert",
			"smeltedStack": { "type": "item", "code": "em:powdered-ore-whitephosphorus" },
			"requiresContainer": false
		},
		"powdered-ore-coal": {
			"burnTemperature": 1100,
			"burnDuration": 18
		},
		"powdered-ore-chromite": {
			"meltingPoint": 1000,
			"meltingDuration": 6,
			"smeltingType": "convert",
			"smeltedStack": { "type": "item", "code": "em:powdered-ore-chromiumoxide" },
			"requiresContainer": false
		},
		"powdered-ore-galena": {
			"meltingPoint": 1000,
			"meltingDuration": 6,
			"smeltingType": "convert",
			"smeltedStack": { "type": "item", "code": "em:powdered-ore-leadoxide" },
			"requiresContainer": false
		},
		"powdered-ore-graphite": {
			"burnTemperature": 1100,
			"burnDuration": 18
		},
		"powdered-ore-leadoxide": {
			"meltingPoint": 600,
			"meltingDuration": 12,
			"smeltingType": "convert",
			"smeltedStack": { "type": "item", "code": "em:powdered-ore-massicot" },
			"requiresContainer": false
		},
		"powdered-ore-magnesiumhydroxide": {
			"meltingPoint": 1310,
			"meltingDuration": 14,
			"smeltingType": "convert",
			"smeltedStack": { "type": "item", "code": "em:powdered-ore-magnesiumoxide" },
			"requiresContainer": false
		},
		"powdered-ore-massicot": {
			"meltingPoint": 488,
			"meltingDuration": 16,
			"smeltingType": "convert",
			"smeltedStack": { "type": "item", "code": "em:powdered-ore-litharge" },
			"requiresContainer": false
		},
		"powdered-ore-litharge": {
			"meltingPoint": 488,
			"meltingDuration": 16,
			"smeltingType": "convert",
			"smeltedStack": { "type": "item", "code": "em:powdered-ore-massicot" },
			"requiresContainer": false
		},
		"powdered-ore-limonite": {
			"meltingPoint": 950,
			"meltingDuration": 18,
			"smeltingType": "convert",
			"smeltedStack": { "type": "item", "code": "em:powdered-ore-hematite" },
			"requiresContainer": false
		},
		"powdered-ore-manganesedioxide": {
			"meltingPoint": 1150,
			"meltingDuration": 18,
			"smeltingType": "convert",
			"smeltedStack": { "type": "item", "code": "em:powdered-ore-manganeseoxide" },
			"requiresContainer": false
		},
		"powdered-ore-pentlandite": {
			"meltingPoint": 950,
			"meltingDuration": 18,
			"smeltingType": "convert",
			"smeltedStack": { "type": "item", "code": "em:powdered-metal-nickel" },
			"requiresContainer": false
		},
		"powdered-ore-phosphorite": {
			"meltingPoint": 1310,
			"meltingDuration": 11,
			"smeltingType": "convert",
			"smeltedStack": { "type": "item", "code": "em:powdered-ore-whitephosphorus" },
			"requiresContainer": false
		},
		"powdered-ore-rhodochrosite": {
			"comment": "Temperature is just a guess",
			"meltingPoint": 750,
			"meltingDuration": 16,
			"smeltingType": "convert",
			"smeltedStack": { "type": "item", "code": "em:powdered-ore-manganeseoxide" },
			"requiresContainer": false
		},
		"powdered-ore-sphalerite": {
			"meltingPoint": 950,
			"meltingDuration": 11,
			"smeltingType": "convert",
			"smeltedStack": { "type": "item", "code": "em:powdered-metal-zinc" },
			"requiresContainer": false
		},
		"powdered-ore-whitephosphorus": {
			"meltingPoint": 300,
			"meltingDuration": 20,
			"smeltingType": "convert",
			"smeltedStack": { "type": "item", "code": "em:powdered-ore-redphosphorus" },
			"requiresContainer": false
		}
        },
        "maxstacksize": 128,
        "materialDensity": 600,
	"heldTpIdleAnimation": "holdbothhands",
	"tpHandTransform": {
		"translation": { "x": -1.67, "y": -1.25, "z": -0.8 },
		"rotation": { "x": 70, "y": 11, "z": -65 },
		"scale": 0.41
        },
	"guiTransform": {
		"translation": { "x": -2, "y": 1, "z": -25 },
                "rotation": { "x": 158, "y": 28, "z": 3 },
		"origin": { "x": 0.29, "y": -0.05, "z": 0.8 },
		"scale": 2.5
        },
	"groundTransform": {
		"translation": { "x": 0, "y": 0.141, "z": 0 },
		"rotation": { "x": 0, "y": 0, "z": 0 },
		"origin": { "x": 0.5, "y": 0.5, "z": 0.5299 },
		"scale": 1.5
	}
}
