{
	"editor": {
		"collapsedPaths": "Root/Band_second,Root/Musket/Band_first,Root/Band_first,Root/Carbine/Band_third,Root/Musket/Bayonet/Band,Root/Stock,Root/Carbine/Flask_origin,Root/Flintlock,Root/Barrel,Root/Band_third,Root/Carbine/Flintlock,Root/Musket/Band_second,Root/Musket/Trigger_assembly,Root/Cube2/Cube3,Root/Musket/Bayonet,Root/Musket/Flintlock,Root/Bayonet/Bayonet_blade_tongue_1,Root/Musket/Stock,Root/Musket/Ramrod,Root/Carbine/Band_first,Root/Musket/Flintlock/Frizzen,Root/Musket/Band_third,Root/Cube2/Cube4/Bayonet,Root/Carbine/Barrel,Root/Carbine/Stock,Root/Carbine/Ramrod_origin,Root/Trigger_assembly,Root/Bayonet,Root/Carbine/Patch,Root/Ramrod,Root/Carbine/Band_second,Root/Musket/Barrel,Root/Carbine/Trigger_assembly",
		"allAngles": false,
		"entityTextureMode": false
	},
	"textureWidth": 16,
	"textureHeight": 16,
	"textureSizes": {
	},
	"textures": {
		"gold": "game:block/metal/plate/gold",
		"steel": "game:block/metal/plate/steel",
		"ebony": "game:block/wood/debarked/ebony",
		"kapok": "game:block/wood/debarked/oak"
	},
	"elements": [
		{
			"name": "Cube2",
			"from": [ 10.0, 7.0, 13.0 ],
			"to": [ 10.0, 7.0, 13.0 ],
			"rotationOrigin": [ 10.0, 7.0, 13.0 ],
			"faces": {
				"north": { "texture": "#gold", "uv": [ 0.0, 0.0, 0.5, 0.5 ] },
				"east": { "texture": "#gold", "uv": [ 0.0, 0.0, 0.5, 0.5 ] },
				"south": { "texture": "#gold", "uv": [ 0.0, 0.0, 0.5, 0.5 ] },
				"west": { "texture": "#gold", "uv": [ 0.0, 0.0, 0.5, 0.5 ] },
				"up": { "texture": "#gold", "uv": [ 0.0, 0.0, 0.5, 0.5 ] },
				"down": { "texture": "#gold", "uv": [ 0.0, 0.0, 0.5, 0.5 ] }
			},
			"children": [
				{
					"name": "Cube3",
					"from": [ -4.0, -1.0, 0.0 ],
					"to": [ -4.0, -1.0, 0.0 ],
					"rotationOrigin": [ -4.0, -1.0, 0.0 ],
					"faces": {
						"north": { "texture": "#gold", "uv": [ 0.0, 0.0, 0.5, 0.5 ] },
						"east": { "texture": "#gold", "uv": [ 0.0, 0.0, 0.5, 0.5 ] },
						"south": { "texture": "#gold", "uv": [ 0.0, 0.0, 0.5, 0.5 ] },
						"west": { "texture": "#gold", "uv": [ 0.0, 0.0, 0.5, 0.5 ] },
						"up": { "texture": "#gold", "uv": [ 0.0, 0.0, 0.5, 0.5 ] },
						"down": { "texture": "#gold", "uv": [ 0.0, 0.0, 0.5, 0.5 ] }
					},
					"children": [
						{
							"name": "Bayonet",
							"from": [ 0.0, 0.0, 0.0 ],
							"to": [ 0.0, 0.0, 0.0 ],
							"rotationOrigin": [ 0.0, 0.0, 0.0 ],
							"rotationZ": -22.5,
							"faces": {
								"north": { "texture": "#null", "uv": [ 0.0, 0.0, 0.5, 0.5 ] },
								"east": { "texture": "#null", "uv": [ 0.0, 0.0, 0.5, 0.5 ] },
								"south": { "texture": "#null", "uv": [ 0.0, 0.0, 0.5, 0.5 ] },
								"west": { "texture": "#null", "uv": [ 0.0, 0.0, 0.5, 0.5 ] },
								"up": { "texture": "#null", "uv": [ 0.0, 0.0, 0.5, 0.5 ] },
								"down": { "texture": "#null", "uv": [ 0.0, 0.0, 0.5, 0.5 ] }
							},
							"children": [
								{
									"name": "Bayonet_blade_tongue_2",
									"from": [ -0.25, -0.25, -2.0 ],
									"to": [ 0.25, 0.25, -1.6 ],
									"rotationOrigin": [ 0.0, 0.0, -2.0 ],
									"rotationZ": 90.0,
									"faces": {
										"north": { "texture": "#steel", "uv": [ 0.0, 0.0, 0.5, 0.5 ] },
										"east": { "texture": "#steel", "uv": [ 10.0, 6.0, 10.5, 6.5 ] },
										"south": { "texture": "#steel", "uv": [ 0.0, 0.0, 0.5, 0.5 ] },
										"west": { "texture": "#steel", "uv": [ 0.0, 0.0, 0.5, 0.5 ] },
										"up": { "texture": "#steel", "uv": [ 0.0, 0.0, 0.5, 0.5 ] },
										"down": { "texture": "#steel", "uv": [ 0.0, 0.0, 0.5, 0.5 ] }
									},
									"children": [
										{
											"name": "Bayonet_blade",
											"from": [ 0.35, 0.15, 0.2 ],
											"to": [ 0.35, 0.15, 0.2 ],
											"rotationOrigin": [ 0.3, 0.25, 0.2 ],
											"faces": {
												"north": { "texture": "#steel", "uv": [ 0.0, 0.0, 0.5, 0.5 ] },
												"east": { "texture": "#steel", "uv": [ 0.0, 0.0, 0.5, 0.5 ] },
												"south": { "texture": "#steel", "uv": [ 0.0, 0.0, 0.5, 0.5 ] },
												"west": { "texture": "#steel", "uv": [ 0.0, 0.0, 0.5, 0.5 ] },
												"up": { "texture": "#steel", "uv": [ 0.0, 0.0, 0.5, 0.5 ] },
												"down": { "texture": "#steel", "uv": [ 0.0, 0.0, 0.5, 0.5 ] }
											},
											"children": [
												{
													"name": "Bayonet_blade_1",
													"from": [ -0.2, -0.1, -9.0 ],
													"to": [ 0.0, 0.5, 0.0 ],
													"rotationOrigin": [ -0.2, -0.1, -9.0 ],
													"rotationX": -2.5,
													"faces": {
														"north": { "texture": "#steel", "uv": [ 0.0, 0.0, 0.5, 0.5 ] },
														"east": { "texture": "#steel", "uv": [ 0.0, 4.0, 9.0, 4.5 ] },
														"south": { "texture": "#steel", "uv": [ 0.0, 0.0, 0.5, 0.5 ] },
														"west": { "texture": "#steel", "uv": [ 0.0, 0.0, 9.0, 0.5 ] },
														"up": { "texture": "#steel", "uv": [ 0.0, 0.0, 0.5, 9.0 ] },
														"down": { "texture": "#steel", "uv": [ 0.0, 0.0, 0.5, 9.0 ] }
													}
												},
												{
													"name": "Bayonet_blade_2",
													"from": [ -0.2, -0.3, -9.0 ],
													"to": [ 0.0, 0.3, 0.0 ],
													"rotationOrigin": [ -0.2, 0.1, -9.0 ],
													"rotationX": 2.5,
													"faces": {
														"north": { "texture": "#steel", "uv": [ 0.0, 0.0, 0.5, 0.5 ] },
														"east": { "texture": "#steel", "uv": [ 0.0, 4.0, 9.0, 4.5 ] },
														"south": { "texture": "#steel", "uv": [ 0.0, 0.0, 0.5, 0.5 ] },
														"west": { "texture": "#steel", "uv": [ 0.0, 0.0, 9.0, 0.5 ] },
														"up": { "texture": "#steel", "uv": [ 0.0, 0.0, 0.5, 9.0 ] },
														"down": { "texture": "#steel", "uv": [ 0.0, 0.0, 0.5, 9.0 ] }
													}
												},
												{
													"name": "Bayonet_blade_tip",
													"from": [ -0.2, -0.21, -9.21 ],
													"to": [ 0.0, 0.36, -8.64 ],
													"rotationOrigin": [ 0.0, 0.0, -9.0 ],
													"rotationX": -45.0,
													"faces": {
														"north": { "texture": "#steel", "uv": [ 0.0, 0.0, 0.5, 0.5 ] },
														"east": { "texture": "#steel", "uv": [ 0.0, 4.0, 0.5, 4.5 ] },
														"south": { "texture": "#steel", "uv": [ 0.0, 0.0, 0.5, 0.5 ] },
														"west": { "texture": "#steel", "uv": [ 0.0, 0.0, 0.5, 0.5 ] },
														"up": { "texture": "#steel", "uv": [ 0.0, 0.0, 0.5, 0.5 ] },
														"down": { "texture": "#steel", "uv": [ 0.0, 0.0, 0.5, 0.5 ] }
													}
												},
												{
													"name": "Bayonet_blade_3",
													"from": [ -0.2, -0.1, -9.0 ],
													"to": [ 0.0, 0.3, 0.0 ],
													"rotationOrigin": [ -0.2, 0.1, -9.0 ],
													"rotationY": 1.0,
													"faces": {
														"north": { "texture": "#steel", "uv": [ 0.0, 0.0, 0.5, 0.5 ] },
														"east": { "texture": "#steel", "uv": [ 3.5, 8.5, 12.5, 9.0 ] },
														"south": { "texture": "#steel", "uv": [ 0.0, 0.0, 0.5, 0.5 ] },
														"west": { "texture": "#steel", "uv": [ 3.0, 8.5, 12.0, 9.0 ] },
														"up": { "texture": "#steel", "uv": [ 0.0, 0.0, 0.5, 9.0 ] },
														"down": { "texture": "#steel", "uv": [ 0.0, 0.0, 0.5, 9.0 ] }
													}
												},
												{
													"name": "Bayonet_blade_4",
													"from": [ -0.2, -0.1, -9.0 ],
													"to": [ 0.0, 0.3, 0.0 ],
													"rotationOrigin": [ -0.2, 0.1, -9.0 ],
													"rotationY": -1.0,
													"faces": {
														"north": { "texture": "#steel", "uv": [ 0.0, 0.0, 0.5, 0.5 ] },
														"east": { "texture": "#steel", "uv": [ 3.5, 8.5, 12.5, 9.0 ] },
														"south": { "texture": "#steel", "uv": [ 0.0, 0.0, 0.5, 0.5 ] },
														"west": { "texture": "#steel", "uv": [ 0.0, 0.0, 9.0, 0.5 ] },
														"up": { "texture": "#steel", "uv": [ 0.0, 0.0, 0.5, 9.0 ] },
														"down": { "texture": "#steel", "uv": [ 0.0, 0.0, 0.5, 9.0 ] }
													}
												}
											]
										}
									]
								},
								{
									"name": "Bayonet_blade_tongue_3",
									"from": [ -0.35, -0.15, -1.6 ],
									"to": [ -0.05, 0.15, 2.4 ],
									"rotationOrigin": [ -0.1, 0.1, -1.6 ],
									"rotationZ": 90.0,
									"faces": {
										"north": { "texture": "#steel", "uv": [ 0.0, 0.0, 0.5, 0.5 ] },
										"east": { "texture": "#steel", "uv": [ 10.0, 6.0, 14.0, 6.5 ] },
										"south": { "texture": "#steel", "uv": [ 0.0, 0.0, 0.5, 0.5 ] },
										"west": { "texture": "#steel", "uv": [ 0.0, 0.0, 4.0, 0.5 ] },
										"up": { "texture": "#steel", "uv": [ 0.0, 0.0, 0.5, 4.0 ] },
										"down": { "texture": "#steel", "uv": [ 0.0, 0.0, 0.5, 4.0 ] }
									}
								}
							]
						},
						{
							"name": "Bayonet",
							"from": [ 0.0, 2.0, 0.0 ],
							"to": [ 0.0, 2.0, 0.0 ],
							"rotationOrigin": [ 0.0, 2.0, 0.0 ],
							"rotationZ": -22.5,
							"faces": {
								"north": { "texture": "#null", "uv": [ 0.0, 0.0, 0.5, 0.5 ] },
								"east": { "texture": "#null", "uv": [ 0.0, 0.0, 0.5, 0.5 ] },
								"south": { "texture": "#null", "uv": [ 0.0, 0.0, 0.5, 0.5 ] },
								"west": { "texture": "#null", "uv": [ 0.0, 0.0, 0.5, 0.5 ] },
								"up": { "texture": "#null", "uv": [ 0.0, 0.0, 0.5, 0.5 ] },
								"down": { "texture": "#null", "uv": [ 0.0, 0.0, 0.5, 0.5 ] }
							},
							"children": [
								{
									"name": "Bayonet_blade_tongue_2",
									"from": [ -0.25, -0.25, -2.0 ],
									"to": [ 0.25, 0.25, -1.6 ],
									"rotationOrigin": [ 0.0, 0.0, -2.0 ],
									"rotationZ": 90.0,
									"faces": {
										"north": { "texture": "#steel", "uv": [ 0.0, 0.0, 0.5, 0.5 ] },
										"east": { "texture": "#steel", "uv": [ 10.0, 6.0, 10.5, 6.5 ] },
										"south": { "texture": "#steel", "uv": [ 0.0, 0.0, 0.5, 0.5 ] },
										"west": { "texture": "#steel", "uv": [ 0.0, 0.0, 0.5, 0.5 ] },
										"up": { "texture": "#steel", "uv": [ 0.0, 0.0, 0.5, 0.5 ] },
										"down": { "texture": "#steel", "uv": [ 0.0, 0.0, 0.5, 0.5 ] }
									},
									"children": [
										{
											"name": "Bayonet_blade",
											"from": [ 0.35, 0.15, 0.2 ],
											"to": [ 0.35, 0.15, 0.2 ],
											"rotationOrigin": [ 0.3, 0.25, 0.2 ],
											"faces": {
												"north": { "texture": "#steel", "uv": [ 0.0, 0.0, 0.5, 0.5 ] },
												"east": { "texture": "#steel", "uv": [ 0.0, 0.0, 0.5, 0.5 ] },
												"south": { "texture": "#steel", "uv": [ 0.0, 0.0, 0.5, 0.5 ] },
												"west": { "texture": "#steel", "uv": [ 0.0, 0.0, 0.5, 0.5 ] },
												"up": { "texture": "#steel", "uv": [ 0.0, 0.0, 0.5, 0.5 ] },
												"down": { "texture": "#steel", "uv": [ 0.0, 0.0, 0.5, 0.5 ] }
											},
											"children": [
												{
													"name": "Bayonet_blade_1",
													"from": [ -0.2, -0.1, -9.0 ],
													"to": [ 0.0, 0.5, 0.0 ],
													"rotationOrigin": [ -0.2, -0.1, -9.0 ],
													"rotationX": -2.5,
													"faces": {
														"north": { "texture": "#steel", "uv": [ 0.0, 0.0, 0.5, 0.5 ] },
														"east": { "texture": "#steel", "uv": [ 0.0, 4.0, 9.0, 4.5 ] },
														"south": { "texture": "#steel", "uv": [ 0.0, 0.0, 0.5, 0.5 ] },
														"west": { "texture": "#steel", "uv": [ 0.0, 0.0, 9.0, 0.5 ] },
														"up": { "texture": "#steel", "uv": [ 0.0, 0.0, 0.5, 9.0 ] },
														"down": { "texture": "#steel", "uv": [ 0.0, 0.0, 0.5, 9.0 ] }
													}
												},
												{
													"name": "Bayonet_blade_2",
													"from": [ -0.2, -0.3, -9.0 ],
													"to": [ 0.0, 0.3, 0.0 ],
													"rotationOrigin": [ -0.2, 0.1, -9.0 ],
													"rotationX": 2.5,
													"faces": {
														"north": { "texture": "#steel", "uv": [ 0.0, 0.0, 0.5, 0.5 ] },
														"east": { "texture": "#steel", "uv": [ 0.0, 4.0, 9.0, 4.5 ] },
														"south": { "texture": "#steel", "uv": [ 0.0, 0.0, 0.5, 0.5 ] },
														"west": { "texture": "#steel", "uv": [ 0.0, 0.0, 9.0, 0.5 ] },
														"up": { "texture": "#steel", "uv": [ 0.0, 0.0, 0.5, 9.0 ] },
														"down": { "texture": "#steel", "uv": [ 0.0, 0.0, 0.5, 9.0 ] }
													}
												},
												{
													"name": "Bayonet_blade_tip",
													"from": [ -0.2, -0.21, -9.21 ],
													"to": [ 0.0, 0.36, -8.64 ],
													"rotationOrigin": [ 0.0, 0.0, -9.0 ],
													"rotationX": -45.0,
													"faces": {
														"north": { "texture": "#steel", "uv": [ 0.0, 0.0, 0.5, 0.5 ] },
														"east": { "texture": "#steel", "uv": [ 0.0, 4.0, 0.5, 4.5 ] },
														"south": { "texture": "#steel", "uv": [ 0.0, 0.0, 0.5, 0.5 ] },
														"west": { "texture": "#steel", "uv": [ 0.0, 0.0, 0.5, 0.5 ] },
														"up": { "texture": "#steel", "uv": [ 0.0, 0.0, 0.5, 0.5 ] },
														"down": { "texture": "#steel", "uv": [ 0.0, 0.0, 0.5, 0.5 ] }
													}
												},
												{
													"name": "Bayonet_blade_3",
													"from": [ -0.2, -0.1, -9.0 ],
													"to": [ 0.0, 0.3, 0.0 ],
													"rotationOrigin": [ -0.2, 0.1, -9.0 ],
													"rotationY": 1.0,
													"faces": {
														"north": { "texture": "#steel", "uv": [ 0.0, 0.0, 0.5, 0.5 ] },
														"east": { "texture": "#steel", "uv": [ 3.5, 8.5, 12.5, 9.0 ] },
														"south": { "texture": "#steel", "uv": [ 0.0, 0.0, 0.5, 0.5 ] },
														"west": { "texture": "#steel", "uv": [ 3.0, 8.5, 12.0, 9.0 ] },
														"up": { "texture": "#steel", "uv": [ 0.0, 0.0, 0.5, 9.0 ] },
														"down": { "texture": "#steel", "uv": [ 0.0, 0.0, 0.5, 9.0 ] }
													}
												},
												{
													"name": "Bayonet_blade_4",
													"from": [ -0.2, -0.1, -9.0 ],
													"to": [ 0.0, 0.3, 0.0 ],
													"rotationOrigin": [ -0.2, 0.1, -9.0 ],
													"rotationY": -1.0,
													"faces": {
														"north": { "texture": "#steel", "uv": [ 0.0, 0.0, 0.5, 0.5 ] },
														"east": { "texture": "#steel", "uv": [ 3.5, 8.5, 12.5, 9.0 ] },
														"south": { "texture": "#steel", "uv": [ 0.0, 0.0, 0.5, 0.5 ] },
														"west": { "texture": "#steel", "uv": [ 0.0, 0.0, 9.0, 0.5 ] },
														"up": { "texture": "#steel", "uv": [ 0.0, 0.0, 0.5, 9.0 ] },
														"down": { "texture": "#steel", "uv": [ 0.0, 0.0, 0.5, 9.0 ] }
													}
												}
											]
										}
									]
								},
								{
									"name": "Bayonet_blade_tongue_3",
									"from": [ -0.35, -0.15, -1.6 ],
									"to": [ -0.05, 0.15, 2.4 ],
									"rotationOrigin": [ -0.1, 0.1, -1.6 ],
									"rotationZ": 90.0,
									"faces": {
										"north": { "texture": "#steel", "uv": [ 0.0, 0.0, 0.5, 0.5 ] },
										"east": { "texture": "#steel", "uv": [ 10.0, 6.0, 14.0, 6.5 ] },
										"south": { "texture": "#steel", "uv": [ 0.0, 0.0, 0.5, 0.5 ] },
										"west": { "texture": "#steel", "uv": [ 0.0, 0.0, 4.0, 0.5 ] },
										"up": { "texture": "#steel", "uv": [ 0.0, 0.0, 0.5, 4.0 ] },
										"down": { "texture": "#steel", "uv": [ 0.0, 0.0, 0.5, 4.0 ] }
									}
								},
								{
									"name": "Bayonet_blade_tongue_4",
									"from": [ -0.15, -0.35, -1.5 ],
									"to": [ 0.55, 0.35, -1.1 ],
									"rotationOrigin": [ 0.1, -0.1, -1.5 ],
									"rotationZ": 90.0,
									"faces": {
										"north": { "texture": "#kapok", "uv": [ 7.5, 7.5, 8.0, 8.0 ] },
										"east": { "texture": "#kapok", "uv": [ 8.5, 7.0, 9.0, 7.5 ] },
										"south": { "texture": "#kapok", "uv": [ 8.0, 6.5, 8.5, 7.0 ] },
										"west": { "texture": "#kapok", "uv": [ 8.0, 6.5, 8.5, 7.0 ] },
										"up": { "texture": "#kapok", "uv": [ 7.5, 7.0, 8.0, 7.5 ] },
										"down": { "texture": "#kapok", "uv": [ 7.0, 6.5, 7.5, 7.0 ] }
									}
								},
								{
									"name": "Bayonet_blade_tongue_5",
									"from": [ -0.2, -0.2, -0.6 ],
									"to": [ 0.2, 0.2, 1.9 ],
									"rotationOrigin": [ 0.0, 0.0, -0.6 ],
									"rotationZ": 90.0,
									"faces": {
										"north": { "texture": "#kapok", "uv": [ 7.5, 7.0, 8.0, 7.5 ] },
										"east": { "texture": "#kapok", "uv": [ 5.5, 6.5, 8.0, 7.0 ] },
										"south": { "texture": "#kapok", "uv": [ 7.0, 7.0, 7.5, 7.5 ] },
										"west": { "texture": "#kapok", "uv": [ 6.0, 7.0, 8.5, 7.5 ] },
										"up": { "texture": "#kapok", "uv": [ 7.0, 6.0, 7.5, 8.5 ] },
										"down": { "texture": "#kapok", "uv": [ 7.5, 6.5, 8.0, 9.0 ] }
									}
								},
								{
									"name": "Bayonet_blade_tongue_6",
									"from": [ -0.25, -0.25, -1.1 ],
									"to": [ 0.25, 0.25, -0.1 ],
									"rotationOrigin": [ 0.0, 0.0, -1.1 ],
									"rotationZ": 90.0,
									"faces": {
										"north": { "texture": "#kapok", "uv": [ 7.5, 7.0, 8.0, 7.5 ] },
										"east": { "texture": "#kapok", "uv": [ 7.0, 6.5, 8.0, 7.0 ] },
										"south": { "texture": "#kapok", "uv": [ 7.0, 6.5, 7.5, 7.0 ] },
										"west": { "texture": "#kapok", "uv": [ 8.0, 6.0, 9.0, 6.5 ] },
										"up": { "texture": "#kapok", "uv": [ 7.5, 6.0, 8.0, 7.0 ] },
										"down": { "texture": "#kapok", "uv": [ 7.5, 6.5, 8.0, 7.5 ] }
									}
								},
								{
									"name": "Bayonet_blade_tongue_7",
									"from": [ -0.2, -0.2, 1.9 ],
									"to": [ 0.2, 0.2, 2.1 ],
									"rotationOrigin": [ 0.0, 0.0, 1.9 ],
									"rotationZ": 90.0,
									"faces": {
										"north": { "texture": "#steel", "uv": [ 7.5, 7.0, 8.0, 7.5 ] },
										"east": { "texture": "#steel", "uv": [ 5.5, 6.5, 6.0, 7.0 ] },
										"south": { "texture": "#steel", "uv": [ 7.0, 7.0, 7.5, 7.5 ] },
										"west": { "texture": "#steel", "uv": [ 6.0, 7.0, 6.5, 7.5 ] },
										"up": { "texture": "#steel", "uv": [ 7.0, 6.0, 7.5, 6.5 ] },
										"down": { "texture": "#steel", "uv": [ 7.5, 6.5, 8.0, 7.0 ] }
									}
								},
								{
									"name": "Bayonet_blade_tongue_8",
									"from": [ -0.15, -0.35, -1.6 ],
									"to": [ 0.55, 0.35, -1.5 ],
									"rotationOrigin": [ 0.1, -0.1, -1.6 ],
									"rotationZ": 90.0,
									"faces": {
										"north": { "texture": "#steel", "uv": [ 9.5, 2.0, 10.0, 2.5 ] },
										"east": { "texture": "#steel", "uv": [ 8.5, 2.0, 9.0, 2.5 ] },
										"south": { "texture": "#steel", "uv": [ 9.0, 2.0, 9.5, 2.5 ] },
										"west": { "texture": "#steel", "uv": [ 8.5, 2.0, 9.0, 2.5 ] },
										"up": { "texture": "#steel", "uv": [ 9.5, 2.0, 10.0, 2.5 ] },
										"down": { "texture": "#steel", "uv": [ 10.0, 2.0, 10.5, 2.5 ] }
									}
								}
							]
						},
						{
							"name": "Bayonet",
							"from": [ 0.0, 4.0, 0.0 ],
							"to": [ 0.0, 4.0, 0.0 ],
							"rotationOrigin": [ 0.0, 4.0, 0.0 ],
							"rotationZ": -22.5,
							"faces": {
								"north": { "texture": "#null", "uv": [ 0.0, 0.0, 0.5, 0.5 ] },
								"east": { "texture": "#null", "uv": [ 0.0, 0.0, 0.5, 0.5 ] },
								"south": { "texture": "#null", "uv": [ 0.0, 0.0, 0.5, 0.5 ] },
								"west": { "texture": "#null", "uv": [ 0.0, 0.0, 0.5, 0.5 ] },
								"up": { "texture": "#null", "uv": [ 0.0, 0.0, 0.5, 0.5 ] },
								"down": { "texture": "#null", "uv": [ 0.0, 0.0, 0.5, 0.5 ] }
							},
							"children": [
								{
									"name": "Bayonet_blade_tongue_2",
									"from": [ -0.25, -0.25, -2.0 ],
									"to": [ 0.25, 0.25, -1.6 ],
									"rotationOrigin": [ 0.0, 0.0, -2.0 ],
									"rotationZ": 90.0,
									"faces": {
										"north": { "texture": "#steel", "uv": [ 0.0, 0.0, 0.5, 0.5 ] },
										"east": { "texture": "#steel", "uv": [ 10.0, 6.0, 10.5, 6.5 ] },
										"south": { "texture": "#steel", "uv": [ 0.0, 0.0, 0.5, 0.5 ] },
										"west": { "texture": "#steel", "uv": [ 0.0, 0.0, 0.5, 0.5 ] },
										"up": { "texture": "#steel", "uv": [ 0.0, 0.0, 0.5, 0.5 ] },
										"down": { "texture": "#steel", "uv": [ 0.0, 0.0, 0.5, 0.5 ] }
									},
									"children": [
										{
											"name": "Bayonet_blade",
											"from": [ 0.35, 0.15, 0.2 ],
											"to": [ 0.35, 0.15, 0.2 ],
											"rotationOrigin": [ 0.3, 0.25, 0.2 ],
											"faces": {
												"north": { "texture": "#steel", "uv": [ 0.0, 0.0, 0.5, 0.5 ] },
												"east": { "texture": "#steel", "uv": [ 0.0, 0.0, 0.5, 0.5 ] },
												"south": { "texture": "#steel", "uv": [ 0.0, 0.0, 0.5, 0.5 ] },
												"west": { "texture": "#steel", "uv": [ 0.0, 0.0, 0.5, 0.5 ] },
												"up": { "texture": "#steel", "uv": [ 0.0, 0.0, 0.5, 0.5 ] },
												"down": { "texture": "#steel", "uv": [ 0.0, 0.0, 0.5, 0.5 ] }
											},
											"children": [
												{
													"name": "Bayonet_blade_1",
													"from": [ -0.2, -0.1, -9.0 ],
													"to": [ 0.0, 0.5, 0.0 ],
													"rotationOrigin": [ -0.2, -0.1, -9.0 ],
													"rotationX": -2.5,
													"faces": {
														"north": { "texture": "#steel", "uv": [ 0.0, 0.0, 0.5, 0.5 ] },
														"east": { "texture": "#steel", "uv": [ 0.0, 4.0, 9.0, 4.5 ] },
														"south": { "texture": "#steel", "uv": [ 0.0, 0.0, 0.5, 0.5 ] },
														"west": { "texture": "#steel", "uv": [ 0.0, 0.0, 9.0, 0.5 ] },
														"up": { "texture": "#steel", "uv": [ 0.0, 0.0, 0.5, 9.0 ] },
														"down": { "texture": "#steel", "uv": [ 0.0, 0.0, 0.5, 9.0 ] }
													}
												},
												{
													"name": "Bayonet_blade_2",
													"from": [ -0.2, -0.3, -9.0 ],
													"to": [ 0.0, 0.3, 0.0 ],
													"rotationOrigin": [ -0.2, 0.1, -9.0 ],
													"rotationX": 2.5,
													"faces": {
														"north": { "texture": "#steel", "uv": [ 0.0, 0.0, 0.5, 0.5 ] },
														"east": { "texture": "#steel", "uv": [ 0.0, 4.0, 9.0, 4.5 ] },
														"south": { "texture": "#steel", "uv": [ 0.0, 0.0, 0.5, 0.5 ] },
														"west": { "texture": "#steel", "uv": [ 0.0, 0.0, 9.0, 0.5 ] },
														"up": { "texture": "#steel", "uv": [ 0.0, 0.0, 0.5, 9.0 ] },
														"down": { "texture": "#steel", "uv": [ 0.0, 0.0, 0.5, 9.0 ] }
													}
												},
												{
													"name": "Bayonet_blade_tip",
													"from": [ -0.2, -0.21, -9.21 ],
													"to": [ 0.0, 0.36, -8.64 ],
													"rotationOrigin": [ 0.0, 0.0, -9.0 ],
													"rotationX": -45.0,
													"faces": {
														"north": { "texture": "#steel", "uv": [ 0.0, 0.0, 0.5, 0.5 ] },
														"east": { "texture": "#steel", "uv": [ 0.0, 4.0, 0.5, 4.5 ] },
														"south": { "texture": "#steel", "uv": [ 0.0, 0.0, 0.5, 0.5 ] },
														"west": { "texture": "#steel", "uv": [ 0.0, 0.0, 0.5, 0.5 ] },
														"up": { "texture": "#steel", "uv": [ 0.0, 0.0, 0.5, 0.5 ] },
														"down": { "texture": "#steel", "uv": [ 0.0, 0.0, 0.5, 0.5 ] }
													}
												},
												{
													"name": "Bayonet_blade_3",
													"from": [ -0.2, -0.1, -9.0 ],
													"to": [ 0.0, 0.3, 0.0 ],
													"rotationOrigin": [ -0.2, 0.1, -9.0 ],
													"rotationY": 1.0,
													"faces": {
														"north": { "texture": "#steel", "uv": [ 0.0, 0.0, 0.5, 0.5 ] },
														"east": { "texture": "#steel", "uv": [ 3.5, 8.5, 12.5, 9.0 ] },
														"south": { "texture": "#steel", "uv": [ 0.0, 0.0, 0.5, 0.5 ] },
														"west": { "texture": "#steel", "uv": [ 3.0, 8.5, 12.0, 9.0 ] },
														"up": { "texture": "#steel", "uv": [ 0.0, 0.0, 0.5, 9.0 ] },
														"down": { "texture": "#steel", "uv": [ 0.0, 0.0, 0.5, 9.0 ] }
													},
													"children": [
														{
															"name": "Bayonet_blade_5",
															"from": [ 0.2, 0.15, 0.4 ],
															"to": [ 0.21, 0.25, 8.4 ],
															"rotationOrigin": [ 0.2, 0.3, 0.4 ],
															"faces": {
																"north": { "texture": "#gold", "uv": [ 0.0, 0.0, 0.5, 0.5 ] },
																"east": { "texture": "#gold", "uv": [ 3.5, 8.5, 11.5, 9.0 ] },
																"south": { "texture": "#gold", "uv": [ 0.0, 0.0, 0.5, 0.5 ] },
																"west": { "texture": "#gold", "uv": [ 3.0, 8.5, 11.0, 9.0 ] },
																"up": { "texture": "#gold", "uv": [ 0.0, 0.0, 0.5, 8.0 ] },
																"down": { "texture": "#gold", "uv": [ 0.0, 0.0, 0.5, 8.0 ] }
															}
														}
													]
												},
												{
													"name": "Bayonet_blade_4",
													"from": [ -0.2, -0.1, -9.0 ],
													"to": [ 0.0, 0.3, 0.0 ],
													"rotationOrigin": [ -0.2, 0.1, -9.0 ],
													"rotationY": -1.0,
													"faces": {
														"north": { "texture": "#steel", "uv": [ 0.0, 0.0, 0.5, 0.5 ] },
														"east": { "texture": "#steel", "uv": [ 3.5, 8.5, 12.5, 9.0 ] },
														"south": { "texture": "#steel", "uv": [ 0.0, 0.0, 0.5, 0.5 ] },
														"west": { "texture": "#steel", "uv": [ 0.0, 0.0, 9.0, 0.5 ] },
														"up": { "texture": "#steel", "uv": [ 0.0, 0.0, 0.5, 9.0 ] },
														"down": { "texture": "#steel", "uv": [ 0.0, 0.0, 0.5, 9.0 ] }
													},
													"children": [
														{
															"name": "Bayonet_blade_6",
															"from": [ -0.01, 0.15, 0.4 ],
															"to": [ 0.0, 0.25, 8.4 ],
															"rotationOrigin": [ -0.0862, 0.3, 0.3928 ],
															"faces": {
																"north": { "texture": "#gold", "uv": [ 0.0, 0.0, 0.5, 0.5 ] },
																"east": { "texture": "#gold", "uv": [ 3.5, 8.5, 11.5, 9.0 ] },
																"south": { "texture": "#gold", "uv": [ 0.0, 0.0, 0.5, 0.5 ] },
																"west": { "texture": "#gold", "uv": [ 3.0, 8.5, 11.0, 9.0 ] },
																"up": { "texture": "#gold", "uv": [ 0.0, 0.0, 0.5, 8.0 ] },
																"down": { "texture": "#gold", "uv": [ 0.0, 0.0, 0.5, 8.0 ] }
															}
														}
													]
												}
											]
										}
									]
								},
								{
									"name": "Bayonet_blade_tongue_3",
									"from": [ -0.35, -0.15, -1.6 ],
									"to": [ -0.05, 0.15, 2.4 ],
									"rotationOrigin": [ -0.1, 0.1, -1.6 ],
									"rotationZ": 90.0,
									"faces": {
										"north": { "texture": "#steel", "uv": [ 0.0, 0.0, 0.5, 0.5 ] },
										"east": { "texture": "#steel", "uv": [ 10.0, 6.0, 14.0, 6.5 ] },
										"south": { "texture": "#steel", "uv": [ 0.0, 0.0, 0.5, 0.5 ] },
										"west": { "texture": "#steel", "uv": [ 0.0, 0.0, 4.0, 0.5 ] },
										"up": { "texture": "#steel", "uv": [ 0.0, 0.0, 0.5, 4.0 ] },
										"down": { "texture": "#steel", "uv": [ 0.0, 0.0, 0.5, 4.0 ] }
									}
								},
								{
									"name": "Bayonet_blade_tongue_4",
									"from": [ -0.15, -0.35, -1.5 ],
									"to": [ 0.55, 0.35, -1.1 ],
									"rotationOrigin": [ 0.1, -0.1, -1.5 ],
									"rotationZ": 90.0,
									"faces": {
										"north": { "texture": "#ebony", "uv": [ 7.5, 7.5, 8.0, 8.0 ] },
										"east": { "texture": "#ebony", "uv": [ 8.5, 7.0, 9.0, 7.5 ] },
										"south": { "texture": "#ebony", "uv": [ 8.0, 6.5, 8.5, 7.0 ] },
										"west": { "texture": "#ebony", "uv": [ 8.0, 6.5, 8.5, 7.0 ] },
										"up": { "texture": "#ebony", "uv": [ 7.5, 7.0, 8.0, 7.5 ] },
										"down": { "texture": "#ebony", "uv": [ 7.0, 6.5, 7.5, 7.0 ] }
									}
								},
								{
									"name": "Bayonet_blade_tongue_5",
									"from": [ -0.2, -0.2, -0.6 ],
									"to": [ 0.2, 0.2, 1.9 ],
									"rotationOrigin": [ 0.0, 0.0, -0.6 ],
									"rotationZ": 90.0,
									"faces": {
										"north": { "texture": "#ebony", "uv": [ 6.5, 5.0, 7.0, 5.5 ] },
										"east": { "texture": "#ebony", "uv": [ 5.5, 5.5, 8.0, 6.0 ] },
										"south": { "texture": "#ebony", "uv": [ 6.5, 5.5, 7.0, 6.0 ] },
										"west": { "texture": "#ebony", "uv": [ 6.0, 5.5, 8.5, 6.0 ] },
										"up": { "texture": "#ebony", "uv": [ 9.5, 4.5, 10.0, 7.0 ] },
										"down": { "texture": "#ebony", "uv": [ 6.5, 4.0, 7.0, 6.5 ] }
									}
								},
								{
									"name": "Bayonet_blade_tongue_6",
									"from": [ -0.25, -0.25, -1.1 ],
									"to": [ 0.25, 0.25, -0.1 ],
									"rotationOrigin": [ 0.0, 0.0, -1.1 ],
									"rotationZ": 90.0,
									"faces": {
										"north": { "texture": "#ebony", "uv": [ 11.0, 7.0, 11.5, 7.5 ] },
										"east": { "texture": "#ebony", "uv": [ 8.0, 7.0, 9.0, 7.5 ] },
										"south": { "texture": "#ebony", "uv": [ 7.0, 6.5, 7.5, 7.0 ] },
										"west": { "texture": "#ebony", "uv": [ 11.0, 6.5, 12.0, 7.0 ] },
										"up": { "texture": "#ebony", "uv": [ 11.5, 7.5, 12.0, 8.5 ] },
										"down": { "texture": "#ebony", "uv": [ 12.0, 6.5, 12.5, 7.5 ] }
									}
								},
								{
									"name": "Bayonet_blade_tongue_7",
									"from": [ -0.2, -0.2, 1.9 ],
									"to": [ 0.2, 0.2, 2.1 ],
									"rotationOrigin": [ 0.0, 0.0, 1.9 ],
									"rotationZ": 90.0,
									"faces": {
										"north": { "texture": "#gold", "uv": [ 7.5, 7.0, 8.0, 7.5 ] },
										"east": { "texture": "#gold", "uv": [ 5.5, 6.5, 6.0, 7.0 ] },
										"south": { "texture": "#gold", "uv": [ 7.0, 7.0, 7.5, 7.5 ] },
										"west": { "texture": "#gold", "uv": [ 6.0, 7.0, 6.5, 7.5 ] },
										"up": { "texture": "#gold", "uv": [ 7.0, 6.0, 7.5, 6.5 ] },
										"down": { "texture": "#gold", "uv": [ 7.5, 6.5, 8.0, 7.0 ] }
									}
								},
								{
									"name": "Bayonet_blade_tongue_8",
									"from": [ -0.15, -0.35, -1.6 ],
									"to": [ 0.55, 0.35, -1.5 ],
									"rotationOrigin": [ 0.1, -0.1, -1.6 ],
									"rotationZ": 90.0,
									"faces": {
										"north": { "texture": "#gold", "uv": [ 9.5, 2.0, 10.0, 2.5 ] },
										"east": { "texture": "#gold", "uv": [ 8.5, 2.0, 9.0, 2.5 ] },
										"south": { "texture": "#gold", "uv": [ 9.0, 2.0, 9.5, 2.5 ] },
										"west": { "texture": "#gold", "uv": [ 8.5, 2.0, 9.0, 2.5 ] },
										"up": { "texture": "#gold", "uv": [ 9.5, 2.0, 10.0, 2.5 ] },
										"down": { "texture": "#gold", "uv": [ 10.0, 2.0, 10.5, 2.5 ] }
									}
								},
								{
									"name": "Bayonet_blade_tongue_9",
									"from": [ -0.18, -0.18, 1.9 ],
									"to": [ 0.18, 0.18, 2.12 ],
									"rotationOrigin": [ 0.0, 0.0, 1.9 ],
									"rotationZ": 90.0,
									"faces": {
										"north": { "texture": "#steel", "uv": [ 7.5, 7.0, 8.0, 7.5 ] },
										"east": { "texture": "#steel", "uv": [ 5.5, 6.5, 6.0, 7.0 ] },
										"south": { "texture": "#steel", "uv": [ 7.0, 7.0, 7.5, 7.5 ] },
										"west": { "texture": "#steel", "uv": [ 6.0, 7.0, 6.5, 7.5 ] },
										"up": { "texture": "#steel", "uv": [ 7.0, 6.0, 7.5, 6.5 ] },
										"down": { "texture": "#steel", "uv": [ 7.5, 6.5, 8.0, 7.0 ] }
									}
								}
							]
						}
					]
				},
				{
					"name": "Cube4",
					"from": [ 0.0, -2.0, 2.6 ],
					"to": [ 0.0, -2.0, 2.6 ],
					"rotationOrigin": [ 0.0, -2.0, 2.6 ],
					"faces": {
						"north": { "texture": "#gold", "uv": [ 0.0, 0.0, 0.5, 0.5 ] },
						"east": { "texture": "#gold", "uv": [ 0.0, 0.0, 0.5, 0.5 ] },
						"south": { "texture": "#gold", "uv": [ 0.0, 0.0, 0.5, 0.5 ] },
						"west": { "texture": "#gold", "uv": [ 0.0, 0.0, 0.5, 0.5 ] },
						"up": { "texture": "#gold", "uv": [ 0.0, 0.0, 0.5, 0.5 ] },
						"down": { "texture": "#gold", "uv": [ 0.0, 0.0, 0.5, 0.5 ] }
					},
					"children": [
						{
							"name": "Bayonet",
							"from": [ 0.0, -4.0, 0.0 ],
							"to": [ 0.0, -4.0, 0.0 ],
							"rotationOrigin": [ 0.0, -4.0, 0.0 ],
							"faces": {
								"north": { "texture": "#null", "uv": [ 0.0, 0.0, 0.5, 0.5 ] },
								"east": { "texture": "#null", "uv": [ 0.0, 0.0, 0.5, 0.5 ] },
								"south": { "texture": "#null", "uv": [ 0.0, 0.0, 0.5, 0.5 ] },
								"west": { "texture": "#null", "uv": [ 0.0, 0.0, 0.5, 0.5 ] },
								"up": { "texture": "#null", "uv": [ 0.0, 0.0, 0.5, 0.5 ] },
								"down": { "texture": "#null", "uv": [ 0.0, 0.0, 0.5, 0.5 ] }
							},
							"children": [
								{
									"name": "Band",
									"from": [ 0.0, 0.0, 0.0 ],
									"to": [ 0.0, 0.0, 0.0 ],
									"faces": {
										"north": { "texture": "#steel", "uv": [ 0.0, 0.0, 0.5, 0.5 ] },
										"east": { "texture": "#steel", "uv": [ 0.0, 0.0, 0.5, 0.5 ] },
										"south": { "texture": "#steel", "uv": [ 0.0, 0.0, 0.5, 0.5 ] },
										"west": { "texture": "#steel", "uv": [ 0.0, 0.0, 0.5, 0.5 ] },
										"up": { "texture": "#steel", "uv": [ 0.0, 0.0, 0.5, 0.5 ] },
										"down": { "texture": "#steel", "uv": [ 0.0, 0.0, 0.5, 0.5 ] }
									},
									"children": [
										{
											"name": "Bayonet_band_1",
											"from": [ -0.6, -0.45, -0.4 ],
											"to": [ -0.3, -0.15, 0.5 ],
											"rotationOrigin": [ -0.6, -0.2, -0.4 ],
											"faces": {
												"north": { "texture": "#steel", "uv": [ 0.0, 0.0, 0.5, 0.5 ] },
												"east": { "texture": "#steel", "uv": [ 10.0, 6.0, 10.5, 6.5 ] },
												"south": { "texture": "#steel", "uv": [ 0.0, 0.0, 0.5, 0.5 ] },
												"west": { "texture": "#steel", "uv": [ 0.0, 0.0, 0.5, 0.5 ] },
												"up": { "texture": "#steel", "uv": [ 0.0, 0.0, 0.5, 0.5 ] },
												"down": { "texture": "#steel", "uv": [ 0.0, 0.0, 0.5, 0.5 ] }
											}
										},
										{
											"name": "Bayonet_band_2",
											"from": [ -0.6, 0.15, -0.7 ],
											"to": [ -0.3, 0.45, 0.5 ],
											"rotationOrigin": [ -0.6, 0.4, -0.7 ],
											"faces": {
												"north": { "texture": "#steel", "uv": [ 0.0, 0.0, 0.5, 0.5 ] },
												"east": { "texture": "#steel", "uv": [ 10.0, 6.0, 11.0, 6.5 ] },
												"south": { "texture": "#steel", "uv": [ 0.0, 0.0, 0.5, 0.5 ] },
												"west": { "texture": "#steel", "uv": [ 9.0, 9.5, 10.0, 10.0 ] },
												"up": { "texture": "#steel", "uv": [ 0.0, 0.0, 0.5, 1.0 ] },
												"down": { "texture": "#steel", "uv": [ 0.0, 0.0, 0.5, 1.0 ] }
											}
										},
										{
											"name": "Bayonet_band_3",
											"from": [ -0.1, -0.65, -0.7 ],
											"to": [ 0.2, -0.35, -0.4 ],
											"rotationOrigin": [ 0.2, -0.6, -0.7 ],
											"rotationZ": -90.0,
											"faces": {
												"north": { "texture": "#steel", "uv": [ 0.0, 0.0, 0.5, 0.5 ] },
												"east": { "texture": "#steel", "uv": [ 0.0, 0.0, 0.5, 0.5 ] },
												"south": { "texture": "#steel", "uv": [ 0.0, 0.0, 0.5, 0.5 ] },
												"west": { "texture": "#steel", "uv": [ 0.0, 0.0, 0.5, 0.5 ] },
												"up": { "texture": "#steel", "uv": [ 0.0, 0.0, 0.5, 0.5 ] },
												"down": { "texture": "#steel", "uv": [ 0.0, 0.0, 0.5, 0.5 ] }
											}
										},
										{
											"name": "Bayonet_band_4",
											"from": [ -0.7, -0.65, -1.6 ],
											"to": [ -0.4, 0.25, -0.7 ],
											"rotationOrigin": [ -0.4, -0.6, -1.6 ],
											"rotationZ": -90.0,
											"faces": {
												"north": { "texture": "#steel", "uv": [ 0.0, 0.0, 0.5, 0.5 ] },
												"east": { "texture": "#steel", "uv": [ 0.0, 0.0, 0.5, 0.5 ] },
												"south": { "texture": "#steel", "uv": [ 0.0, 0.0, 0.5, 0.5 ] },
												"west": { "texture": "#steel", "uv": [ 0.0, 0.0, 0.5, 0.5 ] },
												"up": { "texture": "#steel", "uv": [ 0.0, 0.0, 0.5, 0.5 ] },
												"down": { "texture": "#steel", "uv": [ 0.0, 0.0, 0.5, 0.5 ] }
											}
										},
										{
											"name": "Bayonet_band_5",
											"from": [ -0.6, -0.45, -1.6 ],
											"to": [ -0.3, 0.45, -0.7 ],
											"rotationOrigin": [ -0.6, -0.4, -1.6 ],
											"faces": {
												"north": { "texture": "#steel", "uv": [ 0.0, 0.0, 0.5, 0.5 ] },
												"east": { "texture": "#steel", "uv": [ 10.0, 6.0, 10.5, 6.5 ] },
												"south": { "texture": "#steel", "uv": [ 0.0, 0.0, 0.5, 0.5 ] },
												"west": { "texture": "#steel", "uv": [ 10.0, 9.5, 10.5, 10.0 ] },
												"up": { "texture": "#steel", "uv": [ 0.0, 0.0, 0.5, 0.5 ] },
												"down": { "texture": "#steel", "uv": [ 0.0, 0.0, 0.5, 0.5 ] }
											}
										},
										{
											"name": "Bayonet_band_6",
											"from": [ -0.7, -0.65, -0.4 ],
											"to": [ -0.4, 0.25, 0.5 ],
											"rotationOrigin": [ -0.4, -0.6, -0.4 ],
											"rotationZ": -90.0,
											"faces": {
												"north": { "texture": "#steel", "uv": [ 0.0, 0.0, 0.5, 0.5 ] },
												"east": { "texture": "#steel", "uv": [ 0.0, 0.0, 0.5, 0.5 ] },
												"south": { "texture": "#steel", "uv": [ 0.0, 0.0, 0.5, 0.5 ] },
												"west": { "texture": "#steel", "uv": [ 0.0, 0.0, 0.5, 0.5 ] },
												"up": { "texture": "#steel", "uv": [ 0.0, 0.0, 0.5, 0.5 ] },
												"down": { "texture": "#steel", "uv": [ 0.0, 0.0, 0.5, 0.5 ] }
											}
										},
										{
											"name": "Bayonet_band_7",
											"from": [ -0.7, 0.25, -1.6 ],
											"to": [ -0.4, 1.15, 0.5 ],
											"rotationOrigin": [ -0.4, 0.3, -1.6 ],
											"rotationZ": -90.0,
											"faces": {
												"north": { "texture": "#steel", "uv": [ 0.0, 0.0, 0.5, 0.5 ] },
												"east": { "texture": "#steel", "uv": [ 0.0, 0.0, 2.0, 0.5 ] },
												"south": { "texture": "#steel", "uv": [ 0.0, 0.0, 0.5, 0.5 ] },
												"west": { "texture": "#steel", "uv": [ 0.0, 0.0, 2.0, 0.5 ] },
												"up": { "texture": "#steel", "uv": [ 0.0, 0.0, 0.5, 2.0 ] },
												"down": { "texture": "#steel", "uv": [ 0.0, 0.0, 0.5, 2.0 ] }
											},
											"children": [
												{
													"name": "decoration_0",
													"from": [ -0.01, 0.1, 0.2 ],
													"to": [ 0.0, 0.2, 1.9 ],
													"rotationOrigin": [ 0.0, 0.1, 0.2 ],
													"faces": {
														"north": { "texture": "#gold", "uv": [ 0.0, 0.0, 0.5, 0.5 ] },
														"east": { "texture": "#gold", "uv": [ 0.0, 0.0, 1.5, 0.5 ] },
														"south": { "texture": "#gold", "uv": [ 0.0, 0.0, 0.5, 0.5 ] },
														"west": { "texture": "#gold", "uv": [ 0.0, 0.0, 1.5, 0.5 ] },
														"up": { "texture": "#gold", "uv": [ 0.0, 0.0, 0.5, 1.5 ] },
														"down": { "texture": "#gold", "uv": [ 0.0, 0.0, 0.5, 1.5 ] }
													}
												},
												{
													"name": "decoration_1",
													"from": [ -0.01, 0.2, 1.8 ],
													"to": [ 0.2, 0.91, 1.9 ],
													"rotationOrigin": [ 0.0, 0.2, 1.8 ],
													"faces": {
														"north": { "texture": "#gold", "uv": [ 0.0, 0.0, 0.5, 0.5 ] },
														"east": { "texture": "#gold", "uv": [ 0.0, 0.0, 0.5, 0.5 ] },
														"south": { "texture": "#gold", "uv": [ 0.0, 0.0, 0.5, 0.5 ] },
														"west": { "texture": "#gold", "uv": [ 0.0, 0.0, 0.5, 0.5 ] },
														"up": { "texture": "#gold", "uv": [ 0.0, 0.0, 0.5, 0.5 ] },
														"down": { "texture": "#gold", "uv": [ 0.0, 0.0, 0.5, 0.5 ] }
													}
												},
												{
													"name": "decoration_2",
													"from": [ 0.14, 0.9, 1.8 ],
													"to": [ 1.06, 1.06, 1.9 ],
													"rotationOrigin": [ 0.3, 0.9, 1.8 ],
													"faces": {
														"north": { "texture": "#gold", "uv": [ 0.0, 0.0, 0.5, 0.5 ] },
														"east": { "texture": "#gold", "uv": [ 0.0, 0.0, 0.5, 0.5 ] },
														"south": { "texture": "#gold", "uv": [ 0.0, 0.0, 0.5, 0.5 ] },
														"west": { "texture": "#gold", "uv": [ 0.0, 0.0, 0.5, 0.5 ] },
														"up": { "texture": "#gold", "uv": [ 0.0, 0.0, 0.5, 0.5 ] },
														"down": { "texture": "#gold", "uv": [ 0.0, 0.0, 0.5, 0.5 ] }
													}
												},
												{
													"name": "decoration_3",
													"from": [ 1.05, -0.01, 1.8 ],
													"to": [ 1.21, 0.91, 1.9 ],
													"rotationOrigin": [ 2.2, 0.0, 1.8 ],
													"faces": {
														"north": { "texture": "#gold", "uv": [ 0.0, 0.0, 0.5, 0.5 ] },
														"east": { "texture": "#gold", "uv": [ 0.0, 0.0, 0.5, 0.5 ] },
														"south": { "texture": "#gold", "uv": [ 0.0, 0.0, 0.5, 0.5 ] },
														"west": { "texture": "#gold", "uv": [ 0.0, 0.0, 0.5, 0.5 ] },
														"up": { "texture": "#gold", "uv": [ 0.0, 0.0, 0.5, 0.5 ] },
														"down": { "texture": "#gold", "uv": [ 0.0, 0.0, 0.5, 0.5 ] }
													}
												},
												{
													"name": "decoration_4",
													"from": [ -0.01, 0.2, 0.2 ],
													"to": [ 0.0, 0.5, 0.3 ],
													"rotationOrigin": [ 0.0, 0.2, 0.2 ],
													"faces": {
														"north": { "texture": "#gold", "uv": [ 0.0, 0.0, 0.5, 0.5 ] },
														"east": { "texture": "#gold", "uv": [ 0.0, 0.0, 0.5, 0.5 ] },
														"south": { "texture": "#gold", "uv": [ 0.0, 0.0, 0.5, 0.5 ] },
														"west": { "texture": "#gold", "uv": [ 0.0, 0.0, 0.5, 0.5 ] },
														"up": { "texture": "#gold", "uv": [ 0.0, 0.0, 0.5, 0.5 ] },
														"down": { "texture": "#gold", "uv": [ 0.0, 0.0, 0.5, 0.5 ] }
													}
												},
												{
													"name": "decoration_5",
													"from": [ -0.01, 0.4, 0.3 ],
													"to": [ 0.0, 0.5, 0.5 ],
													"rotationOrigin": [ 0.0, 0.4, 0.3 ],
													"faces": {
														"north": { "texture": "#gold", "uv": [ 0.0, 0.0, 0.5, 0.5 ] },
														"east": { "texture": "#gold", "uv": [ 0.0, 0.0, 0.5, 0.5 ] },
														"south": { "texture": "#gold", "uv": [ 0.0, 0.0, 0.5, 0.5 ] },
														"west": { "texture": "#gold", "uv": [ 0.0, 0.0, 0.5, 0.5 ] },
														"up": { "texture": "#gold", "uv": [ 0.0, 0.0, 0.5, 0.5 ] },
														"down": { "texture": "#gold", "uv": [ 0.0, 0.0, 0.5, 0.5 ] }
													}
												},
												{
													"name": "decoration_6",
													"from": [ -0.01, 0.3, 0.4 ],
													"to": [ 0.0, 0.4, 0.5 ],
													"rotationOrigin": [ 0.0, 0.3, 0.4 ],
													"faces": {
														"north": { "texture": "#gold", "uv": [ 0.0, 0.0, 0.5, 0.5 ] },
														"east": { "texture": "#gold", "uv": [ 0.0, 0.0, 0.5, 0.5 ] },
														"south": { "texture": "#gold", "uv": [ 0.0, 0.0, 0.5, 0.5 ] },
														"west": { "texture": "#gold", "uv": [ 0.0, 0.0, 0.5, 0.5 ] },
														"up": { "texture": "#gold", "uv": [ 0.0, 0.0, 0.5, 0.5 ] },
														"down": { "texture": "#gold", "uv": [ 0.0, 0.0, 0.5, 0.5 ] }
													}
												}
											]
										},
										{
											"name": "Bayonet_band_8",
											"from": [ 0.3, -0.45, -1.6 ],
											"to": [ 0.6, 0.45, 0.5 ],
											"rotationOrigin": [ 0.3, -0.4, -1.6 ],
											"faces": {
												"north": { "texture": "#steel", "uv": [ 0.0, 0.0, 0.5, 0.5 ] },
												"east": { "texture": "#steel", "uv": [ 10.0, 6.0, 12.0, 6.5 ] },
												"south": { "texture": "#steel", "uv": [ 0.0, 0.0, 0.5, 0.5 ] },
												"west": { "texture": "#steel", "uv": [ 0.0, 0.0, 2.0, 0.5 ] },
												"up": { "texture": "#steel", "uv": [ 0.0, 0.0, 0.5, 2.0 ] },
												"down": { "texture": "#steel", "uv": [ 0.0, 0.0, 0.5, 2.0 ] }
											}
										}
									]
								},
								{
									"name": "Bayonet_blade_tongue_1",
									"from": [ -0.9, -0.35, -2.1 ],
									"to": [ -0.6, 0.25, -1.4 ],
									"rotationOrigin": [ -0.6, -0.05, -1.6 ],
									"rotationY": 67.5,
									"faces": {
										"north": { "texture": "#steel", "uv": [ 0.0, 0.0, 0.5, 0.5 ] },
										"east": { "texture": "#steel", "uv": [ 10.0, 6.0, 10.5, 6.5 ] },
										"south": { "texture": "#steel", "uv": [ 0.0, 0.0, 0.5, 0.5 ] },
										"west": { "texture": "#steel", "uv": [ 0.0, 0.0, 0.5, 0.5 ] },
										"up": { "texture": "#steel", "uv": [ 0.0, 0.0, 0.5, 0.5 ] },
										"down": { "texture": "#steel", "uv": [ 0.0, 0.0, 0.5, 0.5 ] }
									},
									"children": [
										{
											"name": "Bayonet_blade_tongue_2",
											"from": [ 0.0, 0.0, -0.4 ],
											"to": [ 0.41, 0.6, 0.0 ],
											"rotationOrigin": [ 0.0, 0.3, 0.0 ],
											"rotationY": -67.5,
											"faces": {
												"north": { "texture": "#steel", "uv": [ 0.0, 0.0, 0.5, 0.5 ] },
												"east": { "texture": "#steel", "uv": [ 10.0, 6.0, 10.5, 6.5 ] },
												"south": { "texture": "#steel", "uv": [ 0.0, 0.0, 0.5, 0.5 ] },
												"west": { "texture": "#steel", "uv": [ 0.0, 0.0, 0.5, 0.5 ] },
												"up": { "texture": "#steel", "uv": [ 0.0, 0.0, 0.5, 0.5 ] },
												"down": { "texture": "#steel", "uv": [ 0.0, 0.0, 0.5, 0.5 ] }
											},
											"children": [
												{
													"name": "Bayonet_blade",
													"from": [ 0.2, 0.2, 0.2 ],
													"to": [ 0.2, 0.2, 0.2 ],
													"rotationOrigin": [ 0.2, 0.2, 0.2 ],
													"faces": {
														"north": { "texture": "#steel", "uv": [ 0.0, 0.0, 0.5, 0.5 ] },
														"east": { "texture": "#steel", "uv": [ 0.0, 0.0, 0.5, 0.5 ] },
														"south": { "texture": "#steel", "uv": [ 0.0, 0.0, 0.5, 0.5 ] },
														"west": { "texture": "#steel", "uv": [ 0.0, 0.0, 0.5, 0.5 ] },
														"up": { "texture": "#steel", "uv": [ 0.0, 0.0, 0.5, 0.5 ] },
														"down": { "texture": "#steel", "uv": [ 0.0, 0.0, 0.5, 0.5 ] }
													},
													"children": [
														{
															"name": "Bayonet_blade_1",
															"from": [ -0.2, 0.0, -12.0 ],
															"to": [ 0.0, 0.4, 0.0 ],
															"rotationOrigin": [ -0.2, 0.0, -12.0 ],
															"rotationX": -1.0,
															"faces": {
																"north": { "texture": "#steel", "uv": [ 0.0, 0.0, 0.5, 0.5 ] },
																"east": { "texture": "#steel", "uv": [ 0.0, 4.0, 12.0, 4.5 ] },
																"south": { "texture": "#steel", "uv": [ 0.0, 0.0, 0.5, 0.5 ] },
																"west": { "texture": "#steel", "uv": [ 0.0, 0.0, 12.0, 0.5 ] },
																"up": { "texture": "#steel", "uv": [ 0.0, 0.0, 0.5, 12.0 ] },
																"down": { "texture": "#steel", "uv": [ 0.0, 0.0, 0.5, 12.0 ] }
															}
														},
														{
															"name": "Bayonet_blade_2",
															"from": [ -0.2, -0.2, -12.0 ],
															"to": [ 0.0, 0.2, 0.0 ],
															"rotationOrigin": [ -0.2, 0.2, -12.0 ],
															"rotationX": 1.0,
															"faces": {
																"north": { "texture": "#steel", "uv": [ 0.0, 0.0, 0.5, 0.5 ] },
																"east": { "texture": "#steel", "uv": [ 0.0, 4.0, 12.0, 4.5 ] },
																"south": { "texture": "#steel", "uv": [ 0.0, 0.0, 0.5, 0.5 ] },
																"west": { "texture": "#steel", "uv": [ 0.0, 0.0, 12.0, 0.5 ] },
																"up": { "texture": "#steel", "uv": [ 0.0, 0.0, 0.5, 12.0 ] },
																"down": { "texture": "#steel", "uv": [ 0.0, 0.0, 0.5, 12.0 ] }
															}
														},
														{
															"name": "Bayonet_blade_tip",
															"from": [ -0.2, -0.11, -12.21 ],
															"to": [ 0.0, 0.31, -11.79 ],
															"rotationOrigin": [ 0.0, 0.1, -12.0 ],
															"rotationX": -45.0,
															"faces": {
																"north": { "texture": "#steel", "uv": [ 0.0, 0.0, 0.5, 0.5 ] },
																"east": { "texture": "#steel", "uv": [ 0.0, 4.0, 0.5, 4.5 ] },
																"south": { "texture": "#steel", "uv": [ 0.0, 0.0, 0.5, 0.5 ] },
																"west": { "texture": "#steel", "uv": [ 0.0, 0.0, 0.5, 0.5 ] },
																"up": { "texture": "#steel", "uv": [ 0.0, 0.0, 0.5, 0.5 ] },
																"down": { "texture": "#steel", "uv": [ 0.0, 0.0, 0.5, 0.5 ] }
															}
														},
														{
															"name": "Bayonet_blade_3",
															"from": [ -0.2, -0.1, -12.0 ],
															"to": [ 0.0, 0.3, 0.0 ],
															"rotationOrigin": [ -0.2, 0.1, -12.0 ],
															"rotationY": 1.0,
															"faces": {
																"north": { "texture": "#steel", "uv": [ 0.0, 0.0, 0.5, 0.5 ] },
																"east": { "texture": "#steel", "uv": [ 3.5, 8.5, 15.5, 9.0 ] },
																"south": { "texture": "#steel", "uv": [ 0.0, 0.0, 0.5, 0.5 ] },
																"west": { "texture": "#steel", "uv": [ 3.0, 8.5, 15.0, 9.0 ] },
																"up": { "texture": "#steel", "uv": [ 0.0, 0.0, 0.5, 12.0 ] },
																"down": { "texture": "#steel", "uv": [ 0.0, 0.0, 0.5, 12.0 ] }
															}
														},
														{
															"name": "Bayonet_blade_4",
															"from": [ -0.2, -0.1, -12.0 ],
															"to": [ 0.0, 0.3, 0.0 ],
															"rotationOrigin": [ -0.2, 0.1, -12.0 ],
															"faces": {
																"north": { "texture": "#steel", "uv": [ 0.0, 0.0, 0.5, 0.5 ] },
																"east": { "texture": "#steel", "uv": [ 3.5, 8.5, 15.5, 9.0 ] },
																"south": { "texture": "#steel", "uv": [ 0.0, 0.0, 0.5, 0.5 ] },
																"west": { "texture": "#steel", "uv": [ 0.0, 0.0, 12.0, 0.5 ] },
																"up": { "texture": "#steel", "uv": [ 0.0, 0.0, 0.5, 12.0 ] },
																"down": { "texture": "#steel", "uv": [ 0.0, 0.0, 0.5, 12.0 ] }
															}
														},
														{
															"name": "Bayonet_blade_6",
															"from": [ 0.0, 0.26, -12.0 ],
															"to": [ 0.04, 0.31, -0.2 ],
															"rotationOrigin": [ 0.0, 0.26, -12.0 ],
															"rotationX": -1.0,
															"faces": {
																"north": { "texture": "#gold", "uv": [ 0.0, 0.0, 0.5, 0.5 ] },
																"east": { "texture": "#gold", "uv": [ 3.5, 8.5, 15.0, 9.0 ] },
																"south": { "texture": "#gold", "uv": [ 0.0, 0.0, 0.5, 0.5 ] },
																"west": { "texture": "#gold", "uv": [ 3.0, 8.5, 14.5, 9.0 ] },
																"up": { "texture": "#gold", "uv": [ 0.0, 0.0, 0.5, 11.5 ] },
																"down": { "texture": "#gold", "uv": [ 0.0, 0.0, 0.5, 11.5 ] }
															}
														},
														{
															"name": "Bayonet_blade_7",
															"from": [ 0.0, -0.14, -12.0 ],
															"to": [ 0.04, -0.09, -0.2 ],
															"rotationOrigin": [ 0.0, -0.14, -12.0 ],
															"rotationX": 1.0,
															"faces": {
																"north": { "texture": "#gold", "uv": [ 0.0, 0.0, 0.5, 0.5 ] },
																"east": { "texture": "#gold", "uv": [ 3.5, 8.5, 15.0, 9.0 ] },
																"south": { "texture": "#gold", "uv": [ 0.0, 0.0, 0.5, 0.5 ] },
																"west": { "texture": "#gold", "uv": [ 3.0, 8.5, 14.5, 9.0 ] },
																"up": { "texture": "#gold", "uv": [ 0.0, 0.0, 0.5, 11.5 ] },
																"down": { "texture": "#gold", "uv": [ 0.0, 0.0, 0.5, 11.5 ] }
															}
														}
													]
												}
											]
										}
									]
								}
							]
						},
						{
							"name": "Bayonet",
							"from": [ -1.0, -2.0, 0.0 ],
							"to": [ -1.0, -2.0, 0.0 ],
							"rotationOrigin": [ -1.0, -2.0, 0.0 ],
							"faces": {
								"north": { "texture": "#null", "uv": [ 0.0, 0.0, 0.5, 0.5 ] },
								"east": { "texture": "#null", "uv": [ 0.0, 0.0, 0.5, 0.5 ] },
								"south": { "texture": "#null", "uv": [ 0.0, 0.0, 0.5, 0.5 ] },
								"west": { "texture": "#null", "uv": [ 0.0, 0.0, 0.5, 0.5 ] },
								"up": { "texture": "#null", "uv": [ 0.0, 0.0, 0.5, 0.5 ] },
								"down": { "texture": "#null", "uv": [ 0.0, 0.0, 0.5, 0.5 ] }
							},
							"children": [
								{
									"name": "Band",
									"from": [ 0.0, 0.0, 0.0 ],
									"to": [ 0.0, 0.0, 0.0 ],
									"faces": {
										"north": { "texture": "#steel", "uv": [ 0.0, 0.0, 0.5, 0.5 ] },
										"east": { "texture": "#steel", "uv": [ 0.0, 0.0, 0.5, 0.5 ] },
										"south": { "texture": "#steel", "uv": [ 0.0, 0.0, 0.5, 0.5 ] },
										"west": { "texture": "#steel", "uv": [ 0.0, 0.0, 0.5, 0.5 ] },
										"up": { "texture": "#steel", "uv": [ 0.0, 0.0, 0.5, 0.5 ] },
										"down": { "texture": "#steel", "uv": [ 0.0, 0.0, 0.5, 0.5 ] }
									},
									"children": [
										{
											"name": "Bayonet_band_1",
											"from": [ -0.6, -0.45, -0.4 ],
											"to": [ -0.3, -0.15, 0.5 ],
											"rotationOrigin": [ -0.6, -0.2, -0.4 ],
											"faces": {
												"north": { "texture": "#steel", "uv": [ 0.0, 0.0, 0.5, 0.5 ] },
												"east": { "texture": "#steel", "uv": [ 10.0, 6.0, 10.5, 6.5 ] },
												"south": { "texture": "#steel", "uv": [ 0.0, 0.0, 0.5, 0.5 ] },
												"west": { "texture": "#steel", "uv": [ 0.0, 0.0, 0.5, 0.5 ] },
												"up": { "texture": "#steel", "uv": [ 0.0, 0.0, 0.5, 0.5 ] },
												"down": { "texture": "#steel", "uv": [ 0.0, 0.0, 0.5, 0.5 ] }
											}
										},
										{
											"name": "Bayonet_band_2",
											"from": [ -0.6, 0.15, -0.7 ],
											"to": [ -0.3, 0.45, 0.5 ],
											"rotationOrigin": [ -0.6, 0.4, -0.7 ],
											"faces": {
												"north": { "texture": "#steel", "uv": [ 0.0, 0.0, 0.5, 0.5 ] },
												"east": { "texture": "#steel", "uv": [ 10.0, 6.0, 11.0, 6.5 ] },
												"south": { "texture": "#steel", "uv": [ 0.0, 0.0, 0.5, 0.5 ] },
												"west": { "texture": "#steel", "uv": [ 9.0, 9.5, 10.0, 10.0 ] },
												"up": { "texture": "#steel", "uv": [ 0.0, 0.0, 0.5, 1.0 ] },
												"down": { "texture": "#steel", "uv": [ 0.0, 0.0, 0.5, 1.0 ] }
											}
										},
										{
											"name": "Bayonet_band_3",
											"from": [ -0.1, -0.65, -0.7 ],
											"to": [ 0.2, -0.35, -0.4 ],
											"rotationOrigin": [ 0.2, -0.6, -0.7 ],
											"rotationZ": -90.0,
											"faces": {
												"north": { "texture": "#steel", "uv": [ 0.0, 0.0, 0.5, 0.5 ] },
												"east": { "texture": "#steel", "uv": [ 0.0, 0.0, 0.5, 0.5 ] },
												"south": { "texture": "#steel", "uv": [ 0.0, 0.0, 0.5, 0.5 ] },
												"west": { "texture": "#steel", "uv": [ 0.0, 0.0, 0.5, 0.5 ] },
												"up": { "texture": "#steel", "uv": [ 0.0, 0.0, 0.5, 0.5 ] },
												"down": { "texture": "#steel", "uv": [ 0.0, 0.0, 0.5, 0.5 ] }
											}
										},
										{
											"name": "Bayonet_band_4",
											"from": [ -0.7, -0.65, -1.6 ],
											"to": [ -0.4, 0.25, -0.7 ],
											"rotationOrigin": [ -0.4, -0.6, -1.6 ],
											"rotationZ": -90.0,
											"faces": {
												"north": { "texture": "#steel", "uv": [ 0.0, 0.0, 0.5, 0.5 ] },
												"east": { "texture": "#steel", "uv": [ 0.0, 0.0, 0.5, 0.5 ] },
												"south": { "texture": "#steel", "uv": [ 0.0, 0.0, 0.5, 0.5 ] },
												"west": { "texture": "#steel", "uv": [ 0.0, 0.0, 0.5, 0.5 ] },
												"up": { "texture": "#steel", "uv": [ 0.0, 0.0, 0.5, 0.5 ] },
												"down": { "texture": "#steel", "uv": [ 0.0, 0.0, 0.5, 0.5 ] }
											}
										},
										{
											"name": "Bayonet_band_5",
											"from": [ -0.6, -0.45, -1.6 ],
											"to": [ -0.3, 0.45, -0.7 ],
											"rotationOrigin": [ -0.6, -0.4, -1.6 ],
											"faces": {
												"north": { "texture": "#steel", "uv": [ 0.0, 0.0, 0.5, 0.5 ] },
												"east": { "texture": "#steel", "uv": [ 10.0, 6.0, 10.5, 6.5 ] },
												"south": { "texture": "#steel", "uv": [ 0.0, 0.0, 0.5, 0.5 ] },
												"west": { "texture": "#steel", "uv": [ 10.0, 9.5, 10.5, 10.0 ] },
												"up": { "texture": "#steel", "uv": [ 0.0, 0.0, 0.5, 0.5 ] },
												"down": { "texture": "#steel", "uv": [ 0.0, 0.0, 0.5, 0.5 ] }
											}
										},
										{
											"name": "Bayonet_band_6",
											"from": [ -0.7, -0.65, -0.4 ],
											"to": [ -0.4, 0.25, 0.5 ],
											"rotationOrigin": [ -0.4, -0.6, -0.4 ],
											"rotationZ": -90.0,
											"faces": {
												"north": { "texture": "#steel", "uv": [ 0.0, 0.0, 0.5, 0.5 ] },
												"east": { "texture": "#steel", "uv": [ 0.0, 0.0, 0.5, 0.5 ] },
												"south": { "texture": "#steel", "uv": [ 0.0, 0.0, 0.5, 0.5 ] },
												"west": { "texture": "#steel", "uv": [ 0.0, 0.0, 0.5, 0.5 ] },
												"up": { "texture": "#steel", "uv": [ 0.0, 0.0, 0.5, 0.5 ] },
												"down": { "texture": "#steel", "uv": [ 0.0, 0.0, 0.5, 0.5 ] }
											}
										},
										{
											"name": "Bayonet_band_7",
											"from": [ -0.7, 0.25, -1.6 ],
											"to": [ -0.4, 1.15, 0.5 ],
											"rotationOrigin": [ -0.4, 0.3, -1.6 ],
											"rotationZ": -90.0,
											"faces": {
												"north": { "texture": "#steel", "uv": [ 0.0, 0.0, 0.5, 0.5 ] },
												"east": { "texture": "#steel", "uv": [ 0.0, 0.0, 2.0, 0.5 ] },
												"south": { "texture": "#steel", "uv": [ 0.0, 0.0, 0.5, 0.5 ] },
												"west": { "texture": "#steel", "uv": [ 0.0, 0.0, 2.0, 0.5 ] },
												"up": { "texture": "#steel", "uv": [ 0.0, 0.0, 0.5, 2.0 ] },
												"down": { "texture": "#steel", "uv": [ 0.0, 0.0, 0.5, 2.0 ] }
											}
										},
										{
											"name": "Bayonet_band_8",
											"from": [ 0.3, -0.45, -1.6 ],
											"to": [ 0.6, 0.45, 0.5 ],
											"rotationOrigin": [ 0.3, -0.4, -1.6 ],
											"faces": {
												"north": { "texture": "#steel", "uv": [ 0.0, 0.0, 0.5, 0.5 ] },
												"east": { "texture": "#steel", "uv": [ 10.0, 6.0, 12.0, 6.5 ] },
												"south": { "texture": "#steel", "uv": [ 0.0, 0.0, 0.5, 0.5 ] },
												"west": { "texture": "#steel", "uv": [ 0.0, 0.0, 2.0, 0.5 ] },
												"up": { "texture": "#steel", "uv": [ 0.0, 0.0, 0.5, 2.0 ] },
												"down": { "texture": "#steel", "uv": [ 0.0, 0.0, 0.5, 2.0 ] }
											}
										}
									]
								},
								{
									"name": "Bayonet_blade_tongue_1",
									"from": [ -0.9, -0.35, -2.1 ],
									"to": [ -0.6, 0.25, -1.4 ],
									"rotationOrigin": [ -0.6, -0.05, -1.6 ],
									"rotationY": 67.5,
									"faces": {
										"north": { "texture": "#steel", "uv": [ 0.0, 0.0, 0.5, 0.5 ] },
										"east": { "texture": "#steel", "uv": [ 10.0, 6.0, 10.5, 6.5 ] },
										"south": { "texture": "#steel", "uv": [ 0.0, 0.0, 0.5, 0.5 ] },
										"west": { "texture": "#steel", "uv": [ 0.0, 0.0, 0.5, 0.5 ] },
										"up": { "texture": "#steel", "uv": [ 0.0, 0.0, 0.5, 0.5 ] },
										"down": { "texture": "#steel", "uv": [ 0.0, 0.0, 0.5, 0.5 ] }
									},
									"children": [
										{
											"name": "Bayonet_blade_tongue_2",
											"from": [ 0.0, 0.0, -0.4 ],
											"to": [ 0.41, 0.6, 0.0 ],
											"rotationOrigin": [ 0.0, 0.3, 0.0 ],
											"rotationY": -67.5,
											"faces": {
												"north": { "texture": "#steel", "uv": [ 0.0, 0.0, 0.5, 0.5 ] },
												"east": { "texture": "#steel", "uv": [ 10.0, 6.0, 10.5, 6.5 ] },
												"south": { "texture": "#steel", "uv": [ 0.0, 0.0, 0.5, 0.5 ] },
												"west": { "texture": "#steel", "uv": [ 0.0, 0.0, 0.5, 0.5 ] },
												"up": { "texture": "#steel", "uv": [ 0.0, 0.0, 0.5, 0.5 ] },
												"down": { "texture": "#steel", "uv": [ 0.0, 0.0, 0.5, 0.5 ] }
											},
											"children": [
												{
													"name": "Bayonet_blade",
													"from": [ 0.2, 0.2, 0.2 ],
													"to": [ 0.2, 0.2, 0.2 ],
													"rotationOrigin": [ 0.2, 0.2, 0.2 ],
													"faces": {
														"north": { "texture": "#steel", "uv": [ 0.0, 0.0, 0.5, 0.5 ] },
														"east": { "texture": "#steel", "uv": [ 0.0, 0.0, 0.5, 0.5 ] },
														"south": { "texture": "#steel", "uv": [ 0.0, 0.0, 0.5, 0.5 ] },
														"west": { "texture": "#steel", "uv": [ 0.0, 0.0, 0.5, 0.5 ] },
														"up": { "texture": "#steel", "uv": [ 0.0, 0.0, 0.5, 0.5 ] },
														"down": { "texture": "#steel", "uv": [ 0.0, 0.0, 0.5, 0.5 ] }
													},
													"children": [
														{
															"name": "Bayonet_blade_1",
															"from": [ -0.2, 0.0, -12.0 ],
															"to": [ 0.0, 0.4, 0.0 ],
															"rotationOrigin": [ -0.2, 0.0, -12.0 ],
															"rotationX": -1.0,
															"faces": {
																"north": { "texture": "#steel", "uv": [ 0.0, 0.0, 0.5, 0.5 ] },
																"east": { "texture": "#steel", "uv": [ 0.0, 4.0, 12.0, 4.5 ] },
																"south": { "texture": "#steel", "uv": [ 0.0, 0.0, 0.5, 0.5 ] },
																"west": { "texture": "#steel", "uv": [ 0.0, 0.0, 12.0, 0.5 ] },
																"up": { "texture": "#steel", "uv": [ 0.0, 0.0, 0.5, 12.0 ] },
																"down": { "texture": "#steel", "uv": [ 0.0, 0.0, 0.5, 12.0 ] }
															}
														},
														{
															"name": "Bayonet_blade_2",
															"from": [ -0.2, -0.2, -12.0 ],
															"to": [ 0.0, 0.2, 0.0 ],
															"rotationOrigin": [ -0.2, 0.2, -12.0 ],
															"rotationX": 1.0,
															"faces": {
																"north": { "texture": "#steel", "uv": [ 0.0, 0.0, 0.5, 0.5 ] },
																"east": { "texture": "#steel", "uv": [ 0.0, 4.0, 12.0, 4.5 ] },
																"south": { "texture": "#steel", "uv": [ 0.0, 0.0, 0.5, 0.5 ] },
																"west": { "texture": "#steel", "uv": [ 0.0, 0.0, 12.0, 0.5 ] },
																"up": { "texture": "#steel", "uv": [ 0.0, 0.0, 0.5, 12.0 ] },
																"down": { "texture": "#steel", "uv": [ 0.0, 0.0, 0.5, 12.0 ] }
															}
														},
														{
															"name": "Bayonet_blade_tip",
															"from": [ -0.2, -0.11, -12.21 ],
															"to": [ 0.0, 0.31, -11.79 ],
															"rotationOrigin": [ 0.0, 0.1, -12.0 ],
															"rotationX": -45.0,
															"faces": {
																"north": { "texture": "#steel", "uv": [ 0.0, 0.0, 0.5, 0.5 ] },
																"east": { "texture": "#steel", "uv": [ 0.0, 4.0, 0.5, 4.5 ] },
																"south": { "texture": "#steel", "uv": [ 0.0, 0.0, 0.5, 0.5 ] },
																"west": { "texture": "#steel", "uv": [ 0.0, 0.0, 0.5, 0.5 ] },
																"up": { "texture": "#steel", "uv": [ 0.0, 0.0, 0.5, 0.5 ] },
																"down": { "texture": "#steel", "uv": [ 0.0, 0.0, 0.5, 0.5 ] }
															}
														},
														{
															"name": "Bayonet_blade_3",
															"from": [ -0.2, -0.1, -12.0 ],
															"to": [ 0.0, 0.3, 0.0 ],
															"rotationOrigin": [ -0.2, 0.1, -12.0 ],
															"rotationY": 1.0,
															"faces": {
																"north": { "texture": "#steel", "uv": [ 0.0, 0.0, 0.5, 0.5 ] },
																"east": { "texture": "#steel", "uv": [ 3.5, 8.5, 15.5, 9.0 ] },
																"south": { "texture": "#steel", "uv": [ 0.0, 0.0, 0.5, 0.5 ] },
																"west": { "texture": "#steel", "uv": [ 3.0, 8.5, 15.0, 9.0 ] },
																"up": { "texture": "#steel", "uv": [ 0.0, 0.0, 0.5, 12.0 ] },
																"down": { "texture": "#steel", "uv": [ 0.0, 0.0, 0.5, 12.0 ] }
															}
														},
														{
															"name": "Bayonet_blade_4",
															"from": [ -0.2, -0.1, -12.0 ],
															"to": [ 0.0, 0.3, 0.0 ],
															"rotationOrigin": [ -0.2, 0.1, -12.0 ],
															"faces": {
																"north": { "texture": "#steel", "uv": [ 0.0, 0.0, 0.5, 0.5 ] },
																"east": { "texture": "#steel", "uv": [ 3.5, 8.5, 15.5, 9.0 ] },
																"south": { "texture": "#steel", "uv": [ 0.0, 0.0, 0.5, 0.5 ] },
																"west": { "texture": "#steel", "uv": [ 0.0, 0.0, 12.0, 0.5 ] },
																"up": { "texture": "#steel", "uv": [ 0.0, 0.0, 0.5, 12.0 ] },
																"down": { "texture": "#steel", "uv": [ 0.0, 0.0, 0.5, 12.0 ] }
															}
														}
													]
												}
											]
										}
									]
								}
							]
						},
						{
							"name": "Bayonet",
							"from": [ -1.0, 0.0, 0.0 ],
							"to": [ -1.0, 0.0, 0.0 ],
							"rotationOrigin": [ -1.0, 0.0, 0.0 ],
							"faces": {
								"north": { "texture": "#null", "uv": [ 0.0, 0.0, 0.5, 0.5 ] },
								"east": { "texture": "#null", "uv": [ 0.0, 0.0, 0.5, 0.5 ] },
								"south": { "texture": "#null", "uv": [ 0.0, 0.0, 0.5, 0.5 ] },
								"west": { "texture": "#null", "uv": [ 0.0, 0.0, 0.5, 0.5 ] },
								"up": { "texture": "#null", "uv": [ 0.0, 0.0, 0.5, 0.5 ] },
								"down": { "texture": "#null", "uv": [ 0.0, 0.0, 0.5, 0.5 ] }
							},
							"children": [
								{
									"name": "Bayonet_blade_tongue_1",
									"from": [ -0.9, -0.35, -2.1 ],
									"to": [ -0.9, -0.35, -2.1 ],
									"rotationOrigin": [ -0.6, -0.05, -1.6 ],
									"rotationY": 67.5,
									"faces": {
										"north": { "texture": "#steel", "uv": [ 0.0, 0.0, 0.5, 0.5 ] },
										"east": { "texture": "#steel", "uv": [ 10.0, 6.0, 10.5, 6.5 ] },
										"south": { "texture": "#steel", "uv": [ 0.0, 0.0, 0.5, 0.5 ] },
										"west": { "texture": "#steel", "uv": [ 0.0, 0.0, 0.5, 0.5 ] },
										"up": { "texture": "#steel", "uv": [ 0.0, 0.0, 0.5, 0.5 ] },
										"down": { "texture": "#steel", "uv": [ 0.0, 0.0, 0.5, 0.5 ] }
									},
									"children": [
										{
											"name": "Bayonet_blade_tongue_2",
											"from": [ 0.0, 0.0, -0.4 ],
											"to": [ 0.41, 0.6, 0.0 ],
											"rotationOrigin": [ 0.0, 0.3, 0.0 ],
											"rotationY": -67.5,
											"faces": {
												"north": { "texture": "#steel", "uv": [ 0.0, 0.0, 0.5, 0.5 ] },
												"east": { "texture": "#steel", "uv": [ 10.0, 6.0, 10.5, 6.5 ] },
												"south": { "texture": "#steel", "uv": [ 0.0, 0.0, 0.5, 0.5 ] },
												"west": { "texture": "#steel", "uv": [ 0.0, 0.0, 0.5, 0.5 ] },
												"up": { "texture": "#steel", "uv": [ 0.0, 0.0, 0.5, 0.5 ] },
												"down": { "texture": "#steel", "uv": [ 0.0, 0.0, 0.5, 0.5 ] }
											},
											"children": [
												{
													"name": "Bayonet_blade",
													"from": [ 0.2, 0.2, 0.2 ],
													"to": [ 0.2, 0.2, 0.2 ],
													"rotationOrigin": [ 0.2, 0.2, 0.2 ],
													"faces": {
														"north": { "texture": "#steel", "uv": [ 0.0, 0.0, 0.5, 0.5 ] },
														"east": { "texture": "#steel", "uv": [ 0.0, 0.0, 0.5, 0.5 ] },
														"south": { "texture": "#steel", "uv": [ 0.0, 0.0, 0.5, 0.5 ] },
														"west": { "texture": "#steel", "uv": [ 0.0, 0.0, 0.5, 0.5 ] },
														"up": { "texture": "#steel", "uv": [ 0.0, 0.0, 0.5, 0.5 ] },
														"down": { "texture": "#steel", "uv": [ 0.0, 0.0, 0.5, 0.5 ] }
													},
													"children": [
														{
															"name": "Bayonet_blade_1",
															"from": [ -0.2, 0.0, -12.0 ],
															"to": [ 0.0, 0.4, 0.0 ],
															"rotationOrigin": [ -0.2, 0.0, -12.0 ],
															"rotationX": -1.0,
															"faces": {
																"north": { "texture": "#steel", "uv": [ 0.0, 0.0, 0.5, 0.5 ] },
																"east": { "texture": "#steel", "uv": [ 0.0, 4.0, 12.0, 4.5 ] },
																"south": { "texture": "#steel", "uv": [ 0.0, 0.0, 0.5, 0.5 ] },
																"west": { "texture": "#steel", "uv": [ 0.0, 0.0, 12.0, 0.5 ] },
																"up": { "texture": "#steel", "uv": [ 0.0, 0.0, 0.5, 12.0 ] },
																"down": { "texture": "#steel", "uv": [ 0.0, 0.0, 0.5, 12.0 ] }
															}
														},
														{
															"name": "Bayonet_blade_2",
															"from": [ -0.2, -0.2, -12.0 ],
															"to": [ 0.0, 0.2, 0.0 ],
															"rotationOrigin": [ -0.2, 0.2, -12.0 ],
															"rotationX": 1.0,
															"faces": {
																"north": { "texture": "#steel", "uv": [ 0.0, 0.0, 0.5, 0.5 ] },
																"east": { "texture": "#steel", "uv": [ 0.0, 4.0, 12.0, 4.5 ] },
																"south": { "texture": "#steel", "uv": [ 0.0, 0.0, 0.5, 0.5 ] },
																"west": { "texture": "#steel", "uv": [ 0.0, 0.0, 12.0, 0.5 ] },
																"up": { "texture": "#steel", "uv": [ 0.0, 0.0, 0.5, 12.0 ] },
																"down": { "texture": "#steel", "uv": [ 0.0, 0.0, 0.5, 12.0 ] }
															}
														},
														{
															"name": "Bayonet_blade_tip",
															"from": [ -0.2, -0.11, -12.21 ],
															"to": [ 0.0, 0.31, -11.79 ],
															"rotationOrigin": [ 0.0, 0.1, -12.0 ],
															"rotationX": -45.0,
															"faces": {
																"north": { "texture": "#steel", "uv": [ 0.0, 0.0, 0.5, 0.5 ] },
																"east": { "texture": "#steel", "uv": [ 0.0, 4.0, 0.5, 4.5 ] },
																"south": { "texture": "#steel", "uv": [ 0.0, 0.0, 0.5, 0.5 ] },
																"west": { "texture": "#steel", "uv": [ 0.0, 0.0, 0.5, 0.5 ] },
																"up": { "texture": "#steel", "uv": [ 0.0, 0.0, 0.5, 0.5 ] },
																"down": { "texture": "#steel", "uv": [ 0.0, 0.0, 0.5, 0.5 ] }
															}
														},
														{
															"name": "Bayonet_blade_3",
															"from": [ -0.2, -0.1, -12.0 ],
															"to": [ 0.0, 0.3, 0.0 ],
															"rotationOrigin": [ -0.2, 0.1, -12.0 ],
															"rotationY": 1.0,
															"faces": {
																"north": { "texture": "#steel", "uv": [ 0.0, 0.0, 0.5, 0.5 ] },
																"east": { "texture": "#steel", "uv": [ 3.5, 8.5, 15.5, 9.0 ] },
																"south": { "texture": "#steel", "uv": [ 0.0, 0.0, 0.5, 0.5 ] },
																"west": { "texture": "#steel", "uv": [ 3.0, 8.5, 15.0, 9.0 ] },
																"up": { "texture": "#steel", "uv": [ 0.0, 0.0, 0.5, 12.0 ] },
																"down": { "texture": "#steel", "uv": [ 0.0, 0.0, 0.5, 12.0 ] }
															}
														},
														{
															"name": "Bayonet_blade_4",
															"from": [ -0.2, -0.1, -12.0 ],
															"to": [ 0.0, 0.3, 0.0 ],
															"rotationOrigin": [ -0.2, 0.1, -12.0 ],
															"faces": {
																"north": { "texture": "#steel", "uv": [ 0.0, 0.0, 0.5, 0.5 ] },
																"east": { "texture": "#steel", "uv": [ 3.5, 8.5, 15.5, 9.0 ] },
																"south": { "texture": "#steel", "uv": [ 0.0, 0.0, 0.5, 0.5 ] },
																"west": { "texture": "#steel", "uv": [ 0.0, 0.0, 12.0, 0.5 ] },
																"up": { "texture": "#steel", "uv": [ 0.0, 0.0, 0.5, 12.0 ] },
																"down": { "texture": "#steel", "uv": [ 0.0, 0.0, 0.5, 12.0 ] }
															}
														}
													]
												}
											]
										},
										{
											"name": "Bayonet_blade_tongue_3",
											"from": [ 0.0, 0.0, 0.2 ],
											"to": [ 0.3, 0.6, 2.2 ],
											"rotationOrigin": [ 0.3039, 0.3, 0.2 ],
											"rotationY": -67.5,
											"faces": {
												"north": { "texture": "#steel", "uv": [ 0.0, 0.0, 0.5, 0.5 ] },
												"east": { "texture": "#steel", "uv": [ 10.0, 6.0, 12.0, 6.5 ] },
												"south": { "texture": "#steel", "uv": [ 0.0, 0.0, 0.5, 0.5 ] },
												"west": { "texture": "#steel", "uv": [ 0.0, 0.0, 2.0, 0.5 ] },
												"up": { "texture": "#steel", "uv": [ 0.0, 0.0, 0.5, 2.0 ] },
												"down": { "texture": "#steel", "uv": [ 0.0, 0.0, 0.5, 2.0 ] }
											}
										}
									]
								}
							]
						}
					]
				}
			]
		}
	],
	"animations": [
		{
			"name": "Load",
			"code": "load",
			"quantityframes": 285,
			"onActivityStopped": "Stop",
			"onAnimationEnd": "Hold",
			"keyframes": [

			]
		},

		{
			"name": "Prime",
			"code": "prime",
			"quantityframes": 60,
			"onActivityStopped": "Stop",
			"onAnimationEnd": "Hold",
			"keyframes": [

			]
		},

		{
			"name": "Fire",
			"code": "fire",
			"quantityframes": 30,
			"onActivityStopped": "Stop",
			"onAnimationEnd": "Hold",
			"keyframes": [

			]
		},

		{
			"name": "Load",
			"code": "load",
			"quantityframes": 285,
			"onActivityStopped": "Stop",
			"onAnimationEnd": "Hold",
			"keyframes": [

			]
		},

		{
			"name": "Prime",
			"code": "prime",
			"quantityframes": 60,
			"onActivityStopped": "Stop",
			"onAnimationEnd": "Hold",
			"keyframes": [

			]
		},

		{
			"name": "Fire",
			"code": "fire",
			"quantityframes": 30,
			"onActivityStopped": "Stop",
			"onAnimationEnd": "Hold",
			"keyframes": [

			]
		},

		{
			"name": "Load",
			"code": "load",
			"quantityframes": 285,
			"onActivityStopped": "Stop",
			"onAnimationEnd": "Hold",
			"keyframes": [

			]
		},

		{
			"name": "Prime",
			"code": "prime",
			"quantityframes": 60,
			"onActivityStopped": "Stop",
			"onAnimationEnd": "Hold",
			"keyframes": [

			]
		},

		{
			"name": "Fire",
			"code": "fire",
			"quantityframes": 30,
			"onActivityStopped": "Stop",
			"onAnimationEnd": "Hold",
			"keyframes": [

			]
		},

		{
			"name": "Load",
			"code": "load",
			"quantityframes": 285,
			"onActivityStopped": "Stop",
			"onAnimationEnd": "Hold",
			"keyframes": [

			]
		},

		{
			"name": "Prime",
			"code": "prime",
			"quantityframes": 60,
			"onActivityStopped": "Stop",
			"onAnimationEnd": "Hold",
			"keyframes": [

			]
		},

		{
			"name": "Fire",
			"code": "fire",
			"quantityframes": 30,
			"onActivityStopped": "Stop",
			"onAnimationEnd": "Hold",
			"keyframes": [

			]
		},

		{
			"name": "Load",
			"code": "load",
			"quantityframes": 285,
			"onActivityStopped": "Stop",
			"onAnimationEnd": "Hold",
			"keyframes": [

			]
		},

		{
			"name": "Prime",
			"code": "prime",
			"quantityframes": 60,
			"onActivityStopped": "Stop",
			"onAnimationEnd": "Hold",
			"keyframes": [

			]
		},

		{
			"name": "Fire",
			"code": "fire",
			"quantityframes": 30,
			"onActivityStopped": "Stop",
			"onAnimationEnd": "Hold",
			"keyframes": [

			]
		},

		{
			"name": "Load",
			"code": "load",
			"quantityframes": 285,
			"onActivityStopped": "Stop",
			"onAnimationEnd": "Hold",
			"keyframes": [

			]
		},

		{
			"name": "Prime",
			"code": "prime",
			"quantityframes": 60,
			"onActivityStopped": "Stop",
			"onAnimationEnd": "Hold",
			"keyframes": [

			]
		},

		{
			"name": "Fire",
			"code": "fire",
			"quantityframes": 30,
			"onActivityStopped": "Stop",
			"onAnimationEnd": "Hold",
			"keyframes": [

			]
		}
	]
}