{
	"code": "fa-hussar-body",
	"class": "ItemWearable",
	"heldTpIdleAnimation": "holdunderarm",
	"variantgroups": [
		{ "code": "metalbody",  "states": ["iron", "meteoriciron", "steel"]},
		{ "code": "type",  "states": ["heavy", "light"]},
		{ "code": "textile",  "states": ["red","green","black","blue","brown","white","purple","pink","orange","yellow","gray","plain","none","bear-black","bear-brown","bear-polar"]}
	],
	"allowedVariants": [
		"*"
	],
	"shapeByType": 
	{
		"*heavy-*bear*": { "base": "entity/armor/hussar/heavy/hussar_heavy_bear_body" },
		"*light-*bear*": { "base": "entity/armor/hussar/light/hussar_light_bear_body" },
		"*heavy*": { "base": "entity/armor/hussar/heavy/hussar_heavy_body" },
		"*light*": { "base": "entity/armor/hussar/light/hussar_light_body" }
	},
	"texturesByType": {
		"fa-hussar-body-*heavy-*bear*": { 
			"seraph": { "base": "game:block/transparent" },
			"hussarbody": { "base": "armor/entity/hussar_{metalbody}" },
			"textile": { "base": "game:entity/humanoid/serapharmor/hide/bear/{textile}" }
				},
		"fa-hussar-body-*heavy*": { 
			"seraph": { "base": "game:block/transparent" },
			"hussarbody": { "base": "armor/entity/hussar_{metalbody}" },
			"textile": { "base": "block/textiles/textile{textile}" }
				},
		"fa-hussar-body-*light-*bear*": { 
			"seraph": { "base": "game:block/transparent" },
			"hussarbody": { "base": "armor/entity/hussar_{metalbody}" },
			"textile": { "base": "game:entity/humanoid/serapharmor/hide/bear/{textile}" }
				},
		"fa-hussar-body-steel-light*": { 
			"seraph": { "base": "game:block/transparent" },
			"hussarbody": { "base": "armor/entity/hussar_{metalbody}" },
			"textile": { "base": "block/textiles/textile{textile}" }
				},
		"fa-hussar-body-meteoriciron-light*": { 
			"seraph": { "base": "game:block/transparent" },
			"hussarbody": { "base": "armor/entity/hussar_{metalbody}" },
			"textile": { "base": "block/textiles/textile{textile}" }
				},		
		"fa-hussar-body-iron-light-none": { 
			"seraph": { "base": "game:block/transparent" },
			"hussarbody": { "base": "armor/entity/hussar_{metalbody}" },
			"textile": { "base": "block/textiles/textile{textile}" }
				},
		"fa-hussar-body-iron-light-*": { 
			"seraph": { "base": "game:block/transparent" },
			"hussarbody": { "base": "armor/entity/hussar_{metalbody}" },
			"textile": { "base": "game:block/cloth/linen/{textile}" }
				}
	},
	"storageFlags": 128,
	"maxstacksize": 4,
	"attributes": {
		"handbook": { 
			"groupBy":["fa-hussar-body-{metalbody}-{type}-*"]
		},
		"visibleDamageEffect": true,
		"wearableAttachment": true,
		"clothescategoryByType": {
			"*": "armorbody",
		},
		"warmthByType": {
			"*-bear-black": 1,
			"*-bear-brown": 1,
			"*-bear-polar": 1.5,
			"*light*": 0.5
		},
		"footStepSoundByType": {
			"*heavy*": "game:wearable/plate*",
			"*light*": "game:wearable/brigandine*"
		},
		"defaultProtLoss": {
			perTierRelativeProtectionLoss: [0.03, 0.15],
			perTierFlatDamageReductionLoss: [0.1, 0.2],
		},
		"protectionModifiersByType": {
			"*-steel-heavy*": {
				relativeProtection: 0.97,
				flatDamageReduction: 3,
				highDamageTierResistant: true,
				protectionTier: 4
			},
			"*-meteoriciron-heavy*": {
				relativeProtection: 0.965,
				flatDamageReduction: 2.9,
				highDamageTierResistant: true,
				protectionTier: 3
			},
			"*-iron-heavy*": {
				relativeProtection: 0.96,
				flatDamageReduction: 2.8,
				highDamageTierResistant: true,
				protectionTier: 3
			},
			"*-steel-light*": {
				relativeProtection: 0.88,
				flatDamageReduction: 3,
				highDamageTierResistant: true,
				protectionTier: 4
			},
			"*-meteoriciron-light*": {
				relativeProtection: 0.87,
				flatDamageReduction: 2.5,
				highDamageTierResistant: true,
				protectionTier: 3
			},
			"*-iron-light*": {
				relativeProtection: 0.865,
				flatDamageReduction: 2,
				highDamageTierResistant: true,
				protectionTier: 3
			}
		},
		"statModifiersByType": {
			"*heavy-*bear*": {
				rangedWeaponsAcc: -0.10,
				rangedWeaponsSpeed: -0.20,
				walkSpeed: -0.09,
				healingeffectivness: -0.26,
				hungerrate: 0.15
			},			
			"*light-*bear*": {
				rangedWeaponsAcc: -0.07,
				rangedWeaponsSpeed: -0.14,
				walkSpeed: -0.08,
				healingeffectivness: -0.17,
				hungerrate: 0.12
			},
			"*heavy*": {
				rangedWeaponsAcc: -0.10,
				rangedWeaponsSpeed: -0.20,
				walkSpeed: -0.07,
				healingeffectivness: -0.26,
				hungerrate: 0.15
			},			
			"*light*": {
				rangedWeaponsAcc: -0.07,
				rangedWeaponsSpeed: -0.14,
				walkSpeed: -0.06,
				healingeffectivness: -0.17,
				hungerrate: 0.12
			}
		}
	},
	"creativeinventory": { "general": ["*"], "items": ["*"], "forgottenarmoryhussar": ["*"] },
	"renderAlphaTest": 0.25,
	"durabilityByType": {
		"*szyszak-iron*": 1900,
		"*szyszak*-meteoriciron*": 2500,
		"*szyszak*-steel*": 5200,
		"*kapalin*-iron*": 1600,
		"*kapalin*-meteoriciron*": 1900,
		"*kapalin*-steel*": 3100
	},
	"fpHandTransformByType": {
		"*": {
			translation: { x: 0.4, y: -1.2, z: -0.5 },
			rotation: { x: 163, y: -111, z: -180 },
			origin: { x: 0.5, y: 1.6, z: 0.5 },
			scale: 2.15
		}
	},
	"tpHandTransformByType": {
		"*": {
			translation: { x: -1, y: -1.9, z: -0.5 },
			rotation: { x: 97, y: -168, z: 94 },
			origin: { x: 0.5, y: 1.5, z: 0.5 },
			scale: 0.67
		}
	},
	"guiTransformByType": {
		"*": {
			translation: { x: 3, y: 0, z: 0 },
			rotation: { x: -26, y: -46, z: -180 },
			origin: { x: 0.5, y: 1.11, z: 0.5 },
			scale: 1.37
		}
	},
	"groundTransformByType": {
		"*": {
			translation: { x: 0, y: 0, z: 0 },
			rotation: { x: 0, y: 0, z: 90 },
			origin: { x: 0.34, y: 1.12, z: 0.5 },
			scale: 3.1
		}
	}
}