{
	"editor": {
		"allAngles": false,
		"entityTextureMode": false
	},
	"textureWidth": 16,
	"textureHeight": 16,
	"textureSizes": {
	},
	"textures": {
		"gray": "game:block/cloth/basic/gray",
		"inner side": "game:block/wood/bucket/inner side"
	},
	"elements": [
		{
			"name": "Spike",
			"from": [ 7.0, 0.0, 7.5 ],
			"to": [ 10.3, 1.0, 8.5 ],
			"rotationOrigin": [ 7.0, 0.0, 7.5 ],
			"faces": {
				"north": { "texture": "#iron", "uv": [ 0.0, 0.0, 3.0, 2.0 ], "autoUv": false },
				"east": { "texture": "#iron", "uv": [ 0.0, 0.0, 1.0, 1.0 ] },
				"south": { "texture": "#iron", "uv": [ 0.0, 0.0, 3.0, 2.0 ], "autoUv": false },
				"west": { "texture": "#iron", "uv": [ 0.0, 0.0, 1.0, 1.0 ] },
				"up": { "texture": "#iron", "uv": [ 0.0, 0.0, 3.0, 2.0 ], "autoUv": false },
				"down": { "texture": "#iron", "uv": [ 0.0, 0.0, 3.0, 2.0 ], "autoUv": false }
			},
			"children": [
				{
					"name": "Center",
					"from": [ -1.9, -0.2, -0.2 ],
					"to": [ 0.2, 1.2, 1.2 ],
					"rotationOrigin": [ -1.9, -0.2, -0.2 ],
					"faces": {
						"north": { "texture": "#iron", "uv": [ 0.0, 0.0, 2.0, 2.0 ], "autoUv": false },
						"east": { "texture": "#iron", "uv": [ 0.0, 0.0, 1.0, 2.0 ], "autoUv": false },
						"south": { "texture": "#iron", "uv": [ 2.5, 0.0, 4.5, 2.0 ], "autoUv": false },
						"west": { "texture": "#iron", "uv": [ 0.5, 0.0, 1.5, 2.0 ], "autoUv": false },
						"up": { "texture": "#iron", "uv": [ 0.0, 0.0, 2.0, 2.0 ], "autoUv": false },
						"down": { "texture": "#iron", "uv": [ 0.5, 0.0, 2.5, 2.0 ], "autoUv": false }
					},
					"children": [
						{
							"name": "Ax",
							"from": [ 0.2, 1.4, 0.0 ],
							"to": [ 1.7, 2.4, 0.8 ],
							"rotationOrigin": [ 0.2, 1.4, 0.0 ],
							"rotationX": 22.5,
							"faces": {
								"north": { "texture": "#iron", "uv": [ 0.0, 0.0, 1.5, 1.0 ] },
								"east": { "texture": "#iron", "uv": [ 0.0, 0.0, 0.5, 1.0 ] },
								"south": { "texture": "#iron", "uv": [ 0.0, 0.0, 1.5, 1.0 ] },
								"west": { "texture": "#iron", "uv": [ 0.0, 0.0, 0.5, 1.0 ] },
								"up": { "texture": "#iron", "uv": [ 0.5, 0.0, 2.0, 0.5 ] },
								"down": { "texture": "#iron", "uv": [ 0.0, 0.0, 1.5, 0.5 ] }
							},
							"children": [
								{
									"name": "Ax2",
									"from": [ -0.01, 0.5358, 0.7934 ],
									"to": [ 1.51, 1.5358, 1.2934 ],
									"rotationOrigin": [ 0.0, 0.5358, 1.2934 ],
									"rotationX": -45.0,
									"faces": {
										"north": { "texture": "#iron", "uv": [ 0.0, 0.0, 1.5, 1.0 ] },
										"east": { "texture": "#iron", "uv": [ 0.0, 0.0, 0.5, 1.0 ] },
										"south": { "texture": "#iron", "uv": [ 0.0, 0.0, 1.5, 1.0 ] },
										"west": { "texture": "#iron", "uv": [ 0.0, 0.0, 0.5, 1.0 ] },
										"up": { "texture": "#iron", "uv": [ 0.0, 0.0, 1.5, 0.5 ] },
										"down": { "texture": "#iron", "uv": [ 0.0, 0.0, 1.5, 0.5 ] }
									},
									"children": [
										{
											"name": "Ax3",
											"from": [ 0.0, 1.0294, -0.156 ],
											"to": [ 1.5, 1.5294, 0.444 ],
											"rotationOrigin": [ 0.01, 1.0294, -0.156 ],
											"rotationX": 22.5,
											"faces": {
												"north": { "texture": "#iron", "uv": [ 0.0, 0.0, 1.5, 0.5 ] },
												"east": { "texture": "#iron", "uv": [ 0.0, 0.0, 0.5, 0.5 ] },
												"south": { "texture": "#iron", "uv": [ 0.0, 0.0, 1.5, 0.5 ] },
												"west": { "texture": "#iron", "uv": [ 0.0, 0.0, 0.5, 0.5 ] },
												"up": { "texture": "#iron", "uv": [ 0.0, 0.0, 1.5, 0.5 ] },
												"down": { "texture": "#iron", "uv": [ 0.0, 0.0, 1.5, 0.5 ] }
											},
											"children": [
												{
													"name": "Blade",
													"from": [ -0.7, 0.7, 0.2 ],
													"to": [ 2.8, 1.4, 0.4 ],
													"rotationOrigin": [ -0.7, 0.7, 0.2 ],
													"rotationZ": 10.0,
													"faces": {
														"north": { "texture": "#iron", "uv": [ 0.5, 2.0, 4.0, 3.5 ], "autoUv": false },
														"east": { "texture": "#iron", "uv": [ 0.0, 0.0, 0.5, 0.5 ] },
														"south": { "texture": "#iron", "uv": [ 0.0, 0.0, 3.5, 1.5 ], "autoUv": false },
														"west": { "texture": "#iron", "uv": [ 0.0, 0.0, 0.5, 0.5 ] },
														"up": { "texture": "#iron", "uv": [ 0.0, 2.0, 3.5, 2.5 ], "autoUv": false },
														"down": { "texture": "#iron", "uv": [ 0.0, 0.0, 3.5, 0.5 ], "autoUv": false }
													}
												},
												{
													"name": "Blade2",
													"from": [ -1.1, -0.1, 0.19 ],
													"to": [ 0.2, 0.6, 0.41 ],
													"rotationOrigin": [ 0.1, -0.1, 0.2 ],
													"rotationZ": -45.0,
													"faces": {
														"north": { "texture": "#iron", "uv": [ 0.0, 2.0, 1.0, 3.5 ], "autoUv": false },
														"east": { "texture": "#iron", "uv": [ 0.0, 0.0, 0.5, 0.5 ] },
														"south": { "texture": "#iron", "uv": [ 0.0, 1.5, 1.0, 3.0 ], "autoUv": false },
														"west": { "texture": "#iron", "uv": [ 0.0, 0.0, 0.5, 0.5 ] },
														"up": { "texture": "#iron", "uv": [ 0.0, 0.0, 1.0, 0.5 ] },
														"down": { "texture": "#iron", "uv": [ 4.0, 0.0, 5.0, 0.5 ] }
													}
												},
												{
													"name": "Blade3",
													"from": [ 2.1, 1.25, 0.19 ],
													"to": [ 2.5, 1.95, 0.41 ],
													"rotationOrigin": [ 2.1, 1.3, 0.2 ],
													"rotationZ": -90.0,
													"faces": {
														"north": { "texture": "#iron", "uv": [ 0.0, 0.0, 0.5, 1.5 ], "autoUv": false },
														"east": { "texture": "#iron", "uv": [ 0.0, 0.0, 0.5, 0.5 ] },
														"south": { "texture": "#iron", "uv": [ 0.0, 0.0, 0.5, 1.5 ], "autoUv": false },
														"west": { "texture": "#iron", "uv": [ 0.0, 0.0, 0.5, 0.5 ] },
														"up": { "texture": "#iron", "uv": [ 0.0, 0.0, 0.5, 0.5 ] },
														"down": { "texture": "#iron", "uv": [ 0.0, 0.0, 0.5, 0.5 ] }
													},
													"children": [
														{
															"name": "Blade4",
															"from": [ -0.1, 0.1, -0.01 ],
															"to": [ 1.6, 0.8, 0.23 ],
															"rotationOrigin": [ 0.0, 0.15, 0.01 ],
															"rotationZ": -45.0,
															"faces": {
																"north": { "texture": "#iron", "uv": [ 0.0, 1.0, 1.5, 2.5 ], "autoUv": false },
																"east": { "texture": "#iron", "uv": [ 0.0, 0.0, 0.5, 0.5 ] },
																"south": { "texture": "#iron", "uv": [ 0.0, 0.0, 1.5, 1.5 ], "autoUv": false },
																"west": { "texture": "#iron", "uv": [ 0.0, 0.0, 0.5, 0.5 ] },
																"up": { "texture": "#iron", "uv": [ 0.0, 0.0, 1.5, 1.5 ], "autoUv": false },
																"down": { "texture": "#iron", "uv": [ 0.0, 0.0, 1.5, 1.5 ], "autoUv": false }
															}
														}
													]
												},
												{
													"name": "Blade5",
													"from": [ 0.1, 0.2, 0.2 ],
													"to": [ 2.2, 0.83, 0.4 ],
													"rotationOrigin": [ 0.1, 0.2, 0.2 ],
													"rotationZ": 10.0,
													"faces": {
														"north": { "texture": "#iron", "uv": [ 0.0, 1.0, 2.0, 2.5 ], "autoUv": false },
														"east": { "texture": "#iron", "uv": [ 0.0, 0.0, 0.5, 0.5 ] },
														"south": { "texture": "#iron", "uv": [ 0.0, 2.0, 2.0, 3.5 ], "autoUv": false },
														"west": { "texture": "#iron", "uv": [ 0.0, 0.0, 0.5, 0.5 ] },
														"up": { "texture": "#iron", "uv": [ 0.0, 0.0, 2.0, 0.5 ] },
														"down": { "texture": "#iron", "uv": [ 0.0, 0.0, 2.0, 0.5 ] }
													}
												},
												{
													"name": "Blade6",
													"from": [ -1.465, 0.27, 0.21 ],
													"to": [ -0.565, 0.67, 0.388 ],
													"rotationOrigin": [ -0.3, 0.27, 0.2 ],
													"rotationZ": -47.0,
													"faces": {
														"north": { "texture": "#iron", "uv": [ 0.0, 0.0, 0.5, 0.5 ] },
														"east": { "texture": "#iron", "uv": [ 0.0, 0.0, 0.5, 0.5 ] },
														"south": { "texture": "#iron", "uv": [ 0.0, 0.0, 0.5, 0.5 ] },
														"west": { "texture": "#iron", "uv": [ 0.0, 0.0, 0.5, 0.5 ] },
														"up": { "texture": "#iron", "uv": [ 0.0, 0.0, 0.5, 0.5 ] },
														"down": { "texture": "#iron", "uv": [ 0.0, 0.0, 0.5, 0.5 ] }
													}
												}
											]
										}
									]
								}
							]
						},
						{
							"name": "pick",
							"from": [ 0.5, -0.9, 0.2 ],
							"to": [ 1.5, 0.1, 1.2 ],
							"rotationOrigin": [ 0.5, -0.9, 0.2 ],
							"faces": {
								"north": { "texture": "#iron", "uv": [ 0.0, 0.0, 1.0, 2.0 ], "autoUv": false },
								"east": { "texture": "#iron", "uv": [ 0.0, 0.0, 1.0, 2.0 ], "autoUv": false },
								"south": { "texture": "#iron", "uv": [ 0.0, 0.0, 1.0, 2.0 ], "autoUv": false },
								"west": { "texture": "#iron", "uv": [ 0.0, 0.0, 1.0, 2.0 ], "autoUv": false },
								"up": { "texture": "#iron", "uv": [ 0.0, 0.0, 1.0, 2.0 ], "autoUv": false },
								"down": { "texture": "#iron", "uv": [ 0.0, 0.0, 1.0, 2.0 ], "autoUv": false }
							}
						},
						{
							"name": "pick2",
							"from": [ 0.6, -1.8, 0.3 ],
							"to": [ 1.3, -0.8, 1.1 ],
							"rotationOrigin": [ 0.6, -1.8, 0.3 ],
							"faces": {
								"north": { "texture": "#iron", "uv": [ 0.0, 0.0, 0.5, 2.0 ], "autoUv": false },
								"east": { "texture": "#iron", "uv": [ 0.0, 0.0, 0.5, 2.0 ], "autoUv": false },
								"south": { "texture": "#iron", "uv": [ 0.0, 0.0, 0.5, 3.0 ], "autoUv": false },
								"west": { "texture": "#iron", "uv": [ 0.0, 0.0, 0.5, 3.0 ], "autoUv": false },
								"up": { "texture": "#iron", "uv": [ 0.0, 0.0, 0.5, 1.5 ], "autoUv": false },
								"down": { "texture": "#iron", "uv": [ 0.0, 0.0, 0.5, 1.5 ], "autoUv": false }
							}
						},
						{
							"name": "pick3",
							"from": [ 0.7, -2.7, 0.45 ],
							"to": [ 1.1, -1.7, 0.95 ],
							"rotationOrigin": [ 0.7, -2.7, 0.4 ],
							"faces": {
								"north": { "texture": "#iron", "uv": [ 0.0, 0.0, 0.5, 2.0 ], "autoUv": false },
								"east": { "texture": "#iron", "uv": [ 0.0, 0.0, 0.5, 2.0 ], "autoUv": false },
								"south": { "texture": "#iron", "uv": [ 0.0, 0.0, 0.5, 2.0 ], "autoUv": false },
								"west": { "texture": "#iron", "uv": [ 0.0, 0.0, 0.5, 2.0 ], "autoUv": false },
								"up": { "texture": "#iron", "uv": [ 0.0, 0.0, 0.5, 1.5 ], "autoUv": false },
								"down": { "texture": "#iron", "uv": [ 0.0, 0.0, 0.5, 1.5 ], "autoUv": false }
							}
						},
						{
							"name": "pick4",
							"from": [ 0.8, -2.9, 0.55 ],
							"to": [ 1.0, -2.6, 0.85 ],
							"rotationOrigin": [ 0.8, -2.9, 0.5 ],
							"faces": {
								"north": { "texture": "#iron", "uv": [ 0.0, 0.0, 0.5, 1.5 ], "autoUv": false },
								"east": { "texture": "#iron", "uv": [ 0.0, 0.0, 0.5, 1.5 ], "autoUv": false },
								"south": { "texture": "#iron", "uv": [ 0.0, 0.0, 0.5, 1.5 ], "autoUv": false },
								"west": { "texture": "#iron", "uv": [ 0.0, 0.0, 0.5, 1.5 ], "autoUv": false },
								"up": { "texture": "#iron", "uv": [ 0.0, 0.0, 0.5, 1.5 ], "autoUv": false },
								"down": { "texture": "#iron", "uv": [ 0.0, 0.0, 0.5, 0.5 ] }
							}
						},
						{
							"name": "handle",
							"from": [ 0.2, 0.2, 1.2 ],
							"to": [ 37.2, 1.2, 2.2 ],
							"rotationOrigin": [ 0.2, 0.2, 1.2 ],
							"rotationY": -180.0,
							"faces": {
								"north": { "texture": "#inner side", "uv": [ 0.5, 4.0, 15.5, 5.0 ], "autoUv": false },
								"east": { "texture": "#inner side", "uv": [ 0.0, 0.0, 1.0, 1.0 ] },
								"south": { "texture": "#inner side", "uv": [ 0.0, 4.0, 16.0, 5.0 ], "autoUv": false },
								"west": { "texture": "#inner side", "uv": [ 0.0, 0.0, 1.0, 1.0 ] },
								"up": { "texture": "#inner side", "uv": [ 0.5, 3.0, 15.5, 4.0 ], "autoUv": false },
								"down": { "texture": "#inner side", "uv": [ 0.0, 5.5, 16.0, 6.5 ], "autoUv": false }
							},
							"children": [
								{
									"name": "wrap",
									"from": [ 31.0, -0.05, -0.05 ],
									"to": [ 32.0, 1.05, 1.05 ],
									"rotationOrigin": [ 31.0, 0.0, 0.0 ],
									"faces": {
										"north": { "texture": "#gray", "uv": [ 0.0, 0.0, 2.0, 2.0 ], "autoUv": false },
										"east": { "texture": "#gray", "uv": [ 0.0, 0.0, 2.0, 2.0 ], "autoUv": false },
										"south": { "texture": "#gray", "uv": [ 0.0, 0.0, 2.0, 2.0 ], "autoUv": false },
										"west": { "texture": "#gray", "uv": [ 0.0, 0.0, 2.0, 2.0 ], "autoUv": false },
										"up": { "texture": "#gray", "uv": [ 0.0, 0.0, 2.0, 2.0 ], "autoUv": false },
										"down": { "texture": "#gray", "uv": [ 0.0, 0.0, 2.0, 2.0 ], "autoUv": false }
									}
								},
								{
									"name": "wrapp",
									"from": [ 31.6, -0.07, -0.07 ],
									"to": [ 32.6, 1.07, 1.07 ],
									"rotationOrigin": [ 31.6, 0.0, 0.0 ],
									"faces": {
										"north": { "texture": "#gray", "uv": [ 0.0, 0.0, 2.0, 2.0 ], "autoUv": false },
										"east": { "texture": "#gray", "uv": [ 0.0, 0.0, 2.0, 2.0 ], "autoUv": false },
										"south": { "texture": "#gray", "uv": [ 0.0, 0.0, 2.0, 2.0 ], "autoUv": false },
										"west": { "texture": "#gray", "uv": [ 0.0, 0.0, 2.0, 2.0 ], "autoUv": false },
										"up": { "texture": "#gray", "uv": [ 0.0, 0.0, 2.0, 2.0 ], "autoUv": false },
										"down": { "texture": "#gray", "uv": [ 0.0, 0.0, 2.0, 2.0 ], "autoUv": false }
									}
								},
								{
									"name": "wrap2",
									"from": [ 32.2, -0.05, -0.05 ],
									"to": [ 33.2, 1.05, 1.05 ],
									"rotationOrigin": [ 32.2, 0.0, 0.0 ],
									"faces": {
										"north": { "texture": "#gray", "uv": [ 0.0, 0.0, 2.0, 2.0 ], "autoUv": false },
										"east": { "texture": "#gray", "uv": [ 0.0, 0.0, 2.0, 2.0 ], "autoUv": false },
										"south": { "texture": "#gray", "uv": [ 0.0, 0.0, 2.0, 2.0 ], "autoUv": false },
										"west": { "texture": "#gray", "uv": [ 0.0, 0.0, 2.0, 2.0 ], "autoUv": false },
										"up": { "texture": "#gray", "uv": [ 0.0, 0.0, 2.0, 2.0 ], "autoUv": false },
										"down": { "texture": "#gray", "uv": [ 0.0, 0.0, 2.0, 2.0 ], "autoUv": false }
									}
								},
								{
									"name": "wrapp2",
									"from": [ 32.8, -0.07, -0.07 ],
									"to": [ 33.8, 1.07, 1.07 ],
									"rotationOrigin": [ 32.8, 0.0, 0.0 ],
									"faces": {
										"north": { "texture": "#gray", "uv": [ 0.0, 0.0, 2.0, 2.0 ], "autoUv": false },
										"east": { "texture": "#gray", "uv": [ 0.0, 0.0, 2.0, 2.0 ], "autoUv": false },
										"south": { "texture": "#gray", "uv": [ 0.0, 0.0, 2.0, 2.0 ], "autoUv": false },
										"west": { "texture": "#gray", "uv": [ 0.0, 0.0, 2.0, 2.0 ], "autoUv": false },
										"up": { "texture": "#gray", "uv": [ 0.0, 0.0, 2.0, 2.0 ], "autoUv": false },
										"down": { "texture": "#gray", "uv": [ 0.0, 0.0, 2.0, 2.0 ], "autoUv": false }
									}
								},
								{
									"name": "wrapp3",
									"from": [ 30.1, -0.07, -0.07 ],
									"to": [ 31.1, 1.07, 1.07 ],
									"rotationOrigin": [ 30.1, 0.0, 0.0 ],
									"faces": {
										"north": { "texture": "#gray", "uv": [ 0.0, 0.0, 2.0, 2.0 ], "autoUv": false },
										"east": { "texture": "#gray", "uv": [ 0.0, 0.0, 2.0, 2.0 ], "autoUv": false },
										"south": { "texture": "#gray", "uv": [ 0.0, 0.0, 2.0, 2.0 ], "autoUv": false },
										"west": { "texture": "#gray", "uv": [ 0.0, 0.0, 2.0, 2.0 ], "autoUv": false },
										"up": { "texture": "#gray", "uv": [ 0.0, 0.0, 2.0, 2.0 ], "autoUv": false },
										"down": { "texture": "#gray", "uv": [ 0.0, 0.0, 2.0, 2.0 ], "autoUv": false }
									}
								},
								{
									"name": "wrap3",
									"from": [ 29.4, -0.05, -0.05 ],
									"to": [ 30.4, 1.05, 1.05 ],
									"rotationOrigin": [ 29.4, 0.0, 0.0 ],
									"faces": {
										"north": { "texture": "#gray", "uv": [ 0.0, 0.0, 2.0, 2.0 ], "autoUv": false },
										"east": { "texture": "#gray", "uv": [ 0.0, 0.0, 2.0, 2.0 ], "autoUv": false },
										"south": { "texture": "#gray", "uv": [ 0.0, 0.0, 2.0, 2.0 ], "autoUv": false },
										"west": { "texture": "#gray", "uv": [ 0.0, 0.0, 2.0, 2.0 ], "autoUv": false },
										"up": { "texture": "#gray", "uv": [ 0.0, 0.0, 2.0, 2.0 ], "autoUv": false },
										"down": { "texture": "#gray", "uv": [ 0.0, 0.0, 2.0, 2.0 ], "autoUv": false }
									}
								},
								{
									"name": "wrap4",
									"from": [ 33.6, -0.05, -0.05 ],
									"to": [ 34.6, 1.05, 1.05 ],
									"rotationOrigin": [ 33.6, 0.0, 0.0 ],
									"faces": {
										"north": { "texture": "#gray", "uv": [ 0.0, 0.0, 2.0, 2.0 ], "autoUv": false },
										"east": { "texture": "#gray", "uv": [ 0.0, 0.0, 2.0, 2.0 ], "autoUv": false },
										"south": { "texture": "#gray", "uv": [ 0.0, 0.0, 2.0, 2.0 ], "autoUv": false },
										"west": { "texture": "#gray", "uv": [ 0.0, 0.0, 2.0, 2.0 ], "autoUv": false },
										"up": { "texture": "#gray", "uv": [ 0.0, 0.0, 2.0, 2.0 ], "autoUv": false },
										"down": { "texture": "#gray", "uv": [ 0.0, 0.0, 2.0, 2.0 ], "autoUv": false }
									}
								},
								{
									"name": "wrap5",
									"from": [ 13.5, -0.05, -0.05 ],
									"to": [ 14.5, 1.05, 1.05 ],
									"rotationOrigin": [ 13.5, 0.0, 0.0 ],
									"faces": {
										"north": { "texture": "#gray", "uv": [ 0.0, 0.0, 2.0, 2.0 ], "autoUv": false },
										"east": { "texture": "#gray", "uv": [ 0.0, 0.0, 2.0, 2.0 ], "autoUv": false },
										"south": { "texture": "#gray", "uv": [ 0.0, 0.0, 2.0, 2.0 ], "autoUv": false },
										"west": { "texture": "#gray", "uv": [ 0.0, 0.0, 2.0, 2.0 ], "autoUv": false },
										"up": { "texture": "#gray", "uv": [ 0.0, 0.0, 2.0, 2.0 ], "autoUv": false },
										"down": { "texture": "#gray", "uv": [ 0.0, 0.0, 2.0, 2.0 ], "autoUv": false }
									}
								},
								{
									"name": "wrapp4",
									"from": [ 14.3, -0.07, -0.07 ],
									"to": [ 15.3, 1.07, 1.07 ],
									"rotationOrigin": [ 14.3, 0.0, 0.0 ],
									"faces": {
										"north": { "texture": "#gray", "uv": [ 1.5, 3.0, 3.5, 5.0 ], "autoUv": false },
										"east": { "texture": "#gray", "uv": [ 1.5, 1.0, 3.5, 3.0 ], "autoUv": false },
										"south": { "texture": "#gray", "uv": [ 3.0, 4.5, 5.0, 6.5 ], "autoUv": false },
										"west": { "texture": "#gray", "uv": [ 3.0, 4.5, 5.0, 6.5 ], "autoUv": false },
										"up": { "texture": "#gray", "uv": [ 2.5, 2.5, 4.5, 4.5 ], "autoUv": false },
										"down": { "texture": "#gray", "uv": [ 4.5, 3.5, 6.5, 5.5 ], "autoUv": false }
									}
								},
								{
									"name": "wrap6",
									"from": [ 15.2, -0.05, -0.05 ],
									"to": [ 16.2, 1.05, 1.05 ],
									"rotationOrigin": [ 15.2, 0.0, 0.0 ],
									"faces": {
										"north": { "texture": "#gray", "uv": [ 0.0, 0.0, 2.0, 2.0 ], "autoUv": false },
										"east": { "texture": "#gray", "uv": [ 0.0, 0.0, 2.0, 2.0 ], "autoUv": false },
										"south": { "texture": "#gray", "uv": [ 0.0, 0.0, 2.0, 2.0 ], "autoUv": false },
										"west": { "texture": "#gray", "uv": [ 0.0, 0.0, 2.0, 2.0 ], "autoUv": false },
										"up": { "texture": "#gray", "uv": [ 0.0, 0.0, 2.0, 2.0 ], "autoUv": false },
										"down": { "texture": "#gray", "uv": [ 0.0, 0.0, 2.0, 2.0 ], "autoUv": false }
									}
								},
								{
									"name": "wrapp5",
									"from": [ 15.5, -0.07, -0.07 ],
									"to": [ 16.5, 1.07, 1.07 ],
									"rotationOrigin": [ 15.5, 0.0, 0.0 ],
									"faces": {
										"north": { "texture": "#gray", "uv": [ 1.5, 3.0, 3.5, 5.0 ], "autoUv": false },
										"east": { "texture": "#gray", "uv": [ 1.5, 1.0, 3.5, 3.0 ], "autoUv": false },
										"south": { "texture": "#gray", "uv": [ 3.0, 4.5, 5.0, 6.5 ], "autoUv": false },
										"west": { "texture": "#gray", "uv": [ 3.0, 4.5, 5.0, 6.5 ], "autoUv": false },
										"up": { "texture": "#gray", "uv": [ 2.5, 2.5, 4.5, 4.5 ], "autoUv": false },
										"down": { "texture": "#gray", "uv": [ 4.5, 3.5, 6.5, 5.5 ], "autoUv": false }
									}
								},
								{
									"name": "wrap7",
									"from": [ 16.2, -0.05, -0.05 ],
									"to": [ 17.2, 1.05, 1.05 ],
									"rotationOrigin": [ 16.2, 0.0, 0.0 ],
									"faces": {
										"north": { "texture": "#gray", "uv": [ 0.0, 0.0, 2.0, 2.0 ], "autoUv": false },
										"east": { "texture": "#gray", "uv": [ 0.0, 0.0, 2.0, 2.0 ], "autoUv": false },
										"south": { "texture": "#gray", "uv": [ 0.0, 0.0, 2.0, 2.0 ], "autoUv": false },
										"west": { "texture": "#gray", "uv": [ 0.0, 0.0, 2.0, 2.0 ], "autoUv": false },
										"up": { "texture": "#gray", "uv": [ 0.0, 0.0, 2.0, 2.0 ], "autoUv": false },
										"down": { "texture": "#gray", "uv": [ 0.0, 0.0, 2.0, 2.0 ], "autoUv": false }
									}
								},
								{
									"name": "wrapp6",
									"from": [ 17.0, -0.07, -0.07 ],
									"to": [ 18.0, 1.07, 1.07 ],
									"rotationOrigin": [ 17.0, 0.0, 0.0 ],
									"faces": {
										"north": { "texture": "#gray", "uv": [ 1.5, 3.0, 3.5, 5.0 ], "autoUv": false },
										"east": { "texture": "#gray", "uv": [ 1.5, 1.0, 3.5, 3.0 ], "autoUv": false },
										"south": { "texture": "#gray", "uv": [ 3.0, 4.5, 5.0, 6.5 ], "autoUv": false },
										"west": { "texture": "#gray", "uv": [ 3.0, 4.5, 5.0, 6.5 ], "autoUv": false },
										"up": { "texture": "#gray", "uv": [ 2.5, 2.5, 4.5, 4.5 ], "autoUv": false },
										"down": { "texture": "#gray", "uv": [ 4.5, 3.5, 6.5, 5.5 ], "autoUv": false }
									}
								},
								{
									"name": "wrap8",
									"from": [ 17.9, -0.05, -0.05 ],
									"to": [ 18.9, 1.05, 1.05 ],
									"rotationOrigin": [ 17.9, 0.0, 0.0 ],
									"faces": {
										"north": { "texture": "#gray", "uv": [ 0.0, 0.0, 2.0, 2.0 ], "autoUv": false },
										"east": { "texture": "#gray", "uv": [ 0.0, 0.0, 2.0, 2.0 ], "autoUv": false },
										"south": { "texture": "#gray", "uv": [ 0.0, 0.0, 2.0, 2.0 ], "autoUv": false },
										"west": { "texture": "#gray", "uv": [ 0.0, 0.0, 2.0, 2.0 ], "autoUv": false },
										"up": { "texture": "#gray", "uv": [ 0.0, 0.0, 2.0, 2.0 ], "autoUv": false },
										"down": { "texture": "#gray", "uv": [ 0.0, 0.0, 2.0, 2.0 ], "autoUv": false }
									}
								},
								{
									"name": "wrapp7",
									"from": [ 18.4, -0.07, -0.07 ],
									"to": [ 19.4, 1.07, 1.07 ],
									"rotationOrigin": [ 18.4, 0.0, 0.0 ],
									"faces": {
										"north": { "texture": "#gray", "uv": [ 1.5, 3.0, 3.5, 5.0 ], "autoUv": false },
										"east": { "texture": "#gray", "uv": [ 1.5, 1.0, 3.5, 3.0 ], "autoUv": false },
										"south": { "texture": "#gray", "uv": [ 3.0, 4.5, 5.0, 6.5 ], "autoUv": false },
										"west": { "texture": "#gray", "uv": [ 3.0, 4.5, 5.0, 6.5 ], "autoUv": false },
										"up": { "texture": "#gray", "uv": [ 2.5, 2.5, 4.5, 4.5 ], "autoUv": false },
										"down": { "texture": "#gray", "uv": [ 4.5, 3.5, 6.5, 5.5 ], "autoUv": false }
									}
								},
								{
									"name": "wrap9",
									"from": [ 19.3, -0.05, -0.05 ],
									"to": [ 20.3, 1.05, 1.05 ],
									"rotationOrigin": [ 19.3, 0.0, 0.0 ],
									"faces": {
										"north": { "texture": "#gray", "uv": [ 0.0, 0.0, 2.0, 2.0 ], "autoUv": false },
										"east": { "texture": "#gray", "uv": [ 0.0, 0.0, 2.0, 2.0 ], "autoUv": false },
										"south": { "texture": "#gray", "uv": [ 0.0, 0.0, 2.0, 2.0 ], "autoUv": false },
										"west": { "texture": "#gray", "uv": [ 0.0, 0.0, 2.0, 2.0 ], "autoUv": false },
										"up": { "texture": "#gray", "uv": [ 0.0, 0.0, 2.0, 2.0 ], "autoUv": false },
										"down": { "texture": "#gray", "uv": [ 0.0, 0.0, 2.0, 2.0 ], "autoUv": false }
									}
								},
								{
									"name": "wrap10",
									"from": [ 26.9, -0.05, -0.05 ],
									"to": [ 27.9, 1.05, 1.05 ],
									"rotationOrigin": [ 26.9, 0.0, 0.0 ],
									"faces": {
										"north": { "texture": "#gray", "uv": [ 0.0, 0.0, 2.0, 2.0 ], "autoUv": false },
										"east": { "texture": "#gray", "uv": [ 0.0, 0.0, 2.0, 2.0 ], "autoUv": false },
										"south": { "texture": "#gray", "uv": [ 0.0, 0.0, 2.0, 2.0 ], "autoUv": false },
										"west": { "texture": "#gray", "uv": [ 0.0, 0.0, 2.0, 2.0 ], "autoUv": false },
										"up": { "texture": "#gray", "uv": [ 0.0, 0.0, 2.0, 2.0 ], "autoUv": false },
										"down": { "texture": "#gray", "uv": [ 0.0, 0.0, 2.0, 2.0 ], "autoUv": false }
									}
								},
								{
									"name": "wrapp8",
									"from": [ 26.5, -0.07, -0.07 ],
									"to": [ 27.5, 1.07, 1.07 ],
									"rotationOrigin": [ 26.5, 0.0, 0.0 ],
									"faces": {
										"north": { "texture": "#gray", "uv": [ 1.5, 3.0, 3.5, 5.0 ], "autoUv": false },
										"east": { "texture": "#gray", "uv": [ 1.5, 1.0, 3.5, 3.0 ], "autoUv": false },
										"south": { "texture": "#gray", "uv": [ 3.0, 4.5, 5.0, 6.5 ], "autoUv": false },
										"west": { "texture": "#gray", "uv": [ 3.0, 4.5, 5.0, 6.5 ], "autoUv": false },
										"up": { "texture": "#gray", "uv": [ 2.5, 2.5, 4.5, 4.5 ], "autoUv": false },
										"down": { "texture": "#gray", "uv": [ 4.5, 3.5, 6.5, 5.5 ], "autoUv": false }
									}
								},
								{
									"name": "wrap11",
									"from": [ 25.8, -0.05, -0.05 ],
									"to": [ 26.8, 1.05, 1.05 ],
									"rotationOrigin": [ 25.8, 0.0, 0.0 ],
									"faces": {
										"north": { "texture": "#gray", "uv": [ 0.0, 0.0, 2.0, 2.0 ], "autoUv": false },
										"east": { "texture": "#gray", "uv": [ 0.0, 0.0, 2.0, 2.0 ], "autoUv": false },
										"south": { "texture": "#gray", "uv": [ 0.0, 0.0, 2.0, 2.0 ], "autoUv": false },
										"west": { "texture": "#gray", "uv": [ 0.0, 0.0, 2.0, 2.0 ], "autoUv": false },
										"up": { "texture": "#gray", "uv": [ 0.0, 0.0, 2.0, 2.0 ], "autoUv": false },
										"down": { "texture": "#gray", "uv": [ 0.0, 0.0, 2.0, 2.0 ], "autoUv": false }
									}
								},
								{
									"name": "wrapp9",
									"from": [ 24.9, -0.07, -0.07 ],
									"to": [ 25.9, 1.07, 1.07 ],
									"rotationOrigin": [ 24.9, 0.0, 0.0 ],
									"faces": {
										"north": { "texture": "#gray", "uv": [ 3.5, 7.0, 5.5, 9.0 ], "autoUv": false },
										"east": { "texture": "#gray", "uv": [ 6.5, 2.5, 8.5, 4.5 ], "autoUv": false },
										"south": { "texture": "#gray", "uv": [ 3.0, 4.5, 5.0, 6.5 ], "autoUv": false },
										"west": { "texture": "#gray", "uv": [ 5.5, 10.0, 7.5, 12.0 ], "autoUv": false },
										"up": { "texture": "#gray", "uv": [ 4.0, 6.0, 6.0, 8.0 ], "autoUv": false },
										"down": { "texture": "#gray", "uv": [ 4.5, 6.5, 6.5, 8.5 ], "autoUv": false }
									}
								},
								{
									"name": "wrap12",
									"from": [ 24.7, -0.05, -0.05 ],
									"to": [ 25.7, 1.05, 1.05 ],
									"rotationOrigin": [ 24.7, 0.0, 0.0 ],
									"faces": {
										"north": { "texture": "#gray", "uv": [ 0.0, 0.0, 2.0, 2.0 ], "autoUv": false },
										"east": { "texture": "#gray", "uv": [ 0.0, 0.0, 2.0, 2.0 ], "autoUv": false },
										"south": { "texture": "#gray", "uv": [ 0.0, 0.0, 2.0, 2.0 ], "autoUv": false },
										"west": { "texture": "#gray", "uv": [ 0.0, 0.0, 2.0, 2.0 ], "autoUv": false },
										"up": { "texture": "#gray", "uv": [ 0.0, 0.0, 2.0, 2.0 ], "autoUv": false },
										"down": { "texture": "#gray", "uv": [ 0.0, 0.0, 2.0, 2.0 ], "autoUv": false }
									}
								},
								{
									"name": "wrapp10",
									"from": [ 23.73, -0.07, -0.07 ],
									"to": [ 24.73, 1.07, 1.07 ],
									"rotationOrigin": [ 23.7, 0.0, 0.0 ],
									"faces": {
										"north": { "texture": "#gray", "uv": [ 6.0, 5.5, 8.0, 7.5 ], "autoUv": false },
										"east": { "texture": "#gray", "uv": [ 8.0, 2.0, 10.0, 4.0 ], "autoUv": false },
										"south": { "texture": "#gray", "uv": [ 1.5, 10.5, 3.5, 12.5 ], "autoUv": false },
										"west": { "texture": "#gray", "uv": [ 9.5, 11.0, 11.5, 13.0 ], "autoUv": false },
										"up": { "texture": "#gray", "uv": [ 2.0, 9.5, 4.0, 11.5 ], "autoUv": false },
										"down": { "texture": "#gray", "uv": [ 10.0, 9.0, 12.0, 11.0 ], "autoUv": false }
									}
								},
								{
									"name": "wrap13",
									"from": [ 23.0, -0.05, -0.05 ],
									"to": [ 24.0, 1.05, 1.05 ],
									"rotationOrigin": [ 23.0, 0.0, 0.0 ],
									"faces": {
										"north": { "texture": "#gray", "uv": [ 0.0, 0.0, 2.0, 2.0 ], "autoUv": false },
										"east": { "texture": "#gray", "uv": [ 0.0, 0.0, 2.0, 2.0 ], "autoUv": false },
										"south": { "texture": "#gray", "uv": [ 0.0, 0.0, 2.0, 2.0 ], "autoUv": false },
										"west": { "texture": "#gray", "uv": [ 0.0, 0.0, 2.0, 2.0 ], "autoUv": false },
										"up": { "texture": "#gray", "uv": [ 0.0, 0.0, 2.0, 2.0 ], "autoUv": false },
										"down": { "texture": "#gray", "uv": [ 0.0, 0.0, 2.0, 2.0 ], "autoUv": false }
									}
								},
								{
									"name": "wrapp11",
									"from": [ 22.43, -0.07, -0.07 ],
									"to": [ 23.43, 1.07, 1.07 ],
									"rotationOrigin": [ 22.4, 0.0, 0.0 ],
									"faces": {
										"north": { "texture": "#gray", "uv": [ 1.5, 3.0, 3.5, 5.0 ], "autoUv": false },
										"east": { "texture": "#gray", "uv": [ 1.5, 1.0, 3.5, 3.0 ], "autoUv": false },
										"south": { "texture": "#gray", "uv": [ 3.0, 4.5, 5.0, 6.5 ], "autoUv": false },
										"west": { "texture": "#gray", "uv": [ 3.0, 4.5, 5.0, 6.5 ], "autoUv": false },
										"up": { "texture": "#gray", "uv": [ 2.5, 2.5, 4.5, 4.5 ], "autoUv": false },
										"down": { "texture": "#gray", "uv": [ 4.5, 3.5, 6.5, 5.5 ], "autoUv": false }
									}
								},
								{
									"name": "wrap14",
									"from": [ 21.9, -0.05, -0.05 ],
									"to": [ 22.9, 1.05, 1.05 ],
									"rotationOrigin": [ 21.9, 0.0, 0.0 ],
									"faces": {
										"north": { "texture": "#gray", "uv": [ 0.0, 0.0, 2.0, 2.0 ], "autoUv": false },
										"east": { "texture": "#gray", "uv": [ 0.0, 0.0, 2.0, 2.0 ], "autoUv": false },
										"south": { "texture": "#gray", "uv": [ 0.0, 0.0, 2.0, 2.0 ], "autoUv": false },
										"west": { "texture": "#gray", "uv": [ 0.0, 0.0, 2.0, 2.0 ], "autoUv": false },
										"up": { "texture": "#gray", "uv": [ 0.0, 0.0, 2.0, 2.0 ], "autoUv": false },
										"down": { "texture": "#gray", "uv": [ 0.0, 0.0, 2.0, 2.0 ], "autoUv": false }
									}
								}
							]
						},
						{
							"name": "connect",
							"from": [ -2.5, 1.1, 0.3 ],
							"to": [ 0.1, 1.3, 1.1 ],
							"rotationOrigin": [ -2.5, 1.1, 0.3 ],
							"faces": {
								"north": { "texture": "#iron", "uv": [ 0.0, 0.0, 2.5, 2.5 ], "autoUv": false },
								"east": { "texture": "#iron", "uv": [ 0.0, 0.0, 0.5, 0.5 ] },
								"south": { "texture": "#iron", "uv": [ 0.0, 0.0, 2.5, 1.5 ], "autoUv": false },
								"west": { "texture": "#iron", "uv": [ 0.0, 0.0, 0.5, 0.5 ] },
								"up": { "texture": "#iron", "uv": [ 0.0, 1.5, 4.5, 0.0 ], "autoUv": false },
								"down": { "texture": "#iron", "uv": [ 0.0, 0.0, 2.5, 0.5 ] }
							}
						},
						{
							"name": "connect2",
							"from": [ -2.5, 0.1, 0.3 ],
							"to": [ 0.1, 0.3, 1.1 ],
							"rotationOrigin": [ -2.5, 0.1, 0.3 ],
							"faces": {
								"north": { "texture": "#iron", "uv": [ 0.0, 0.0, 2.5, 0.5 ] },
								"east": { "texture": "#iron", "uv": [ 0.0, 0.0, 0.5, 0.5 ] },
								"south": { "texture": "#iron", "uv": [ 0.0, 0.0, 2.5, 0.5 ] },
								"west": { "texture": "#iron", "uv": [ 0.0, 0.0, 0.5, 0.5 ] },
								"up": { "texture": "#iron", "uv": [ 0.0, 0.0, 2.5, 0.5 ] },
								"down": { "texture": "#iron", "uv": [ 0.0, 0.0, 2.5, 2.5 ], "autoUv": false }
							}
						}
					]
				},
				{
					"name": "Spike2",
					"from": [ 3.2, 0.15, 0.15 ],
					"to": [ 6.5, 0.85, 0.85 ],
					"rotationOrigin": [ 3.2, 0.1, 0.1 ],
					"faces": {
						"north": { "texture": "#iron", "uv": [ 0.0, 0.0, 3.0, 1.5 ], "autoUv": false },
						"east": { "texture": "#iron", "uv": [ 0.0, 0.0, 0.5, 1.5 ], "autoUv": false },
						"south": { "texture": "#iron", "uv": [ 0.0, 0.0, 3.0, 1.5 ], "autoUv": false },
						"west": { "texture": "#iron", "uv": [ 0.0, 0.0, 0.5, 1.5 ], "autoUv": false },
						"up": { "texture": "#iron", "uv": [ 0.0, 0.0, 3.0, 1.5 ], "autoUv": false },
						"down": { "texture": "#iron", "uv": [ 0.0, 0.0, 3.0, 1.5 ], "autoUv": false }
					},
					"children": [
						{
							"name": "Spike3",
							"from": [ 3.1, 0.15, 0.15 ],
							"to": [ 5.4, 0.55, 0.55 ],
							"rotationOrigin": [ 3.1, 0.05, 0.05 ],
							"faces": {
								"north": { "texture": "#iron", "uv": [ 0.0, 0.0, 2.0, 0.5 ] },
								"east": { "texture": "#iron", "uv": [ 0.0, 0.0, 0.5, 0.5 ] },
								"south": { "texture": "#iron", "uv": [ 0.0, 0.0, 2.0, 0.5 ] },
								"west": { "texture": "#iron", "uv": [ 0.0, 0.0, 0.5, 0.5 ] },
								"up": { "texture": "#iron", "uv": [ 0.0, 0.0, 2.0, 0.5 ] },
								"down": { "texture": "#iron", "uv": [ 0.0, 0.0, 2.0, 0.5 ] }
							},
							"children": [
								{
									"name": "Spike4",
									"from": [ 2.2, 0.1, 0.1 ],
									"to": [ 3.5, 0.3, 0.3 ],
									"rotationOrigin": [ 2.2, 0.0, 0.0 ],
									"faces": {
										"north": { "texture": "#iron", "uv": [ 0.0, 0.0, 1.0, 1.5 ], "autoUv": false },
										"east": { "texture": "#iron", "uv": [ 0.0, 0.0, 0.5, 1.5 ], "autoUv": false },
										"south": { "texture": "#iron", "uv": [ 0.0, 0.0, 1.0, 1.5 ], "autoUv": false },
										"west": { "texture": "#iron", "uv": [ 0.0, 0.0, 0.5, 1.5 ], "autoUv": false },
										"up": { "texture": "#iron", "uv": [ 0.0, 0.0, 1.0, 1.5 ], "autoUv": false },
										"down": { "texture": "#iron", "uv": [ 0.0, 0.0, 1.0, 1.5 ], "autoUv": false }
									}
								}
							]
						}
					]
				}
			]
		}
	]}