{
	"editor": {
		"allAngles": false,
		"entityTextureMode": false
	},
	"textureWidth": 16,
	"textureHeight": 16,
	"textureSizes": {
	},
	"textures": {
		"steel3": "game:block/metal/ingot/steel",
		"handle": "game:item/tool/material/handle",
		"string": "game:item/tool/material/string"
	},
	"elements": [
		{
			"name": "origin",
			"from": [ 14.0, 0.5, 7.7 ],
			"to": [ 14.0, 0.5, 7.7 ],
			"rotationOrigin": [ 8.0, 0.0, 8.0 ],
			"faces": {
				"north": { "texture": "#string", "uv": [ 0.0, 0.0, 0.5, 0.5 ] },
				"east": { "texture": "#string", "uv": [ 0.0, 0.0, 0.5, 0.5 ] },
				"south": { "texture": "#string", "uv": [ 0.0, 0.0, 0.5, 0.5 ] },
				"west": { "texture": "#string", "uv": [ 0.0, 0.0, 0.5, 0.5 ] },
				"up": { "texture": "#string", "uv": [ 0.0, 0.0, 0.5, 0.5 ] },
				"down": { "texture": "#string", "uv": [ 0.0, 0.0, 0.5, 0.5 ] }
			},
			"children": [
				{
					"name": "handle",
					"from": [ -8.0, -0.5, -0.5 ],
					"to": [ 8.0, 1.0, 1.0 ],
					"rotationOrigin": [ -9.5, -8.0, 0.0 ],
					"faces": {
						"north": { "texture": "#handle", "uv": [ 0.0, 5.5, 16.0, 7.0 ] },
						"east": { "texture": "#handle", "uv": [ 7.0, 0.5, 8.5, 2.0 ] },
						"south": { "texture": "#handle", "uv": [ 0.0, 10.5, 16.0, 12.0 ] },
						"west": { "texture": "#handle", "uv": [ 14.0, 10.0, 15.5, 11.5 ] },
						"up": { "texture": "#handle", "uv": [ 0.0, 4.5, 16.0, 6.0 ] },
						"down": { "texture": "#handle", "uv": [ 0.0, 5.0, 16.0, 6.5 ] }
					},
					"children": [
						{
							"name": "Cube24",
							"from": [ 15.8, 0.31, 0.0 ],
							"to": [ 20.6, 1.31, 1.5 ],
							"rotationOrigin": [ 15.8, 0.3, 0.0 ],
							"faces": {
								"north": { "texture": "#steel3", "uv": [ 11.0, 8.0, 15.5, 9.0 ] },
								"east": { "texture": "#steel3", "uv": [ 3.0, 4.0, 4.5, 5.0 ] },
								"south": { "texture": "#steel3", "uv": [ 1.0, 8.0, 5.5, 9.0 ] },
								"west": { "texture": "#steel3", "uv": [ 0.0, 0.0, 1.5, 1.0 ] },
								"up": { "texture": "#steel3", "uv": [ 0.0, 7.5, 4.5, 9.0 ] },
								"down": { "texture": "#steel3", "uv": [ 0.0, 0.0, 4.5, 1.5 ] }
							},
							"children": [
								{
									"name": "Cube3",
									"from": [ 2.7, 0.6, 0.45 ],
									"to": [ 3.7, 3.0, 1.05 ],
									"rotationOrigin": [ 2.7, 0.6, 0.4 ],
									"rotationZ": 95.0,
									"faces": {
										"north": { "texture": "#steel3", "uv": [ 0.0, 0.0, 1.0, 2.0 ] },
										"east": { "texture": "#steel3", "uv": [ 0.0, 0.0, 0.5, 2.0 ] },
										"south": { "texture": "#steel3", "uv": [ 0.0, 0.0, 1.0, 2.0 ] },
										"west": { "texture": "#steel3", "uv": [ 0.0, 0.0, 0.5, 2.0 ] },
										"up": { "texture": "#steel3", "uv": [ 0.0, 0.0, 1.0, 0.5 ] },
										"down": { "texture": "#steel3", "uv": [ 0.0, 0.0, 1.0, 0.5 ] }
									}
								},
								{
									"name": "Cube4",
									"from": [ 2.7, -0.6, 0.5 ],
									"to": [ 3.9, 1.9, 1.0 ],
									"rotationOrigin": [ 2.7, -0.6, 0.5 ],
									"rotationZ": 85.0,
									"faces": {
										"north": { "texture": "#steel3", "uv": [ 7.0, 2.0, 8.0, 4.5 ] },
										"east": { "texture": "#steel3", "uv": [ 3.5, 2.0, 4.0, 4.5 ] },
										"south": { "texture": "#steel3", "uv": [ 5.0, 5.0, 6.0, 7.5 ] },
										"west": { "texture": "#steel3", "uv": [ 0.0, 0.0, 0.5, 2.5 ] },
										"up": { "texture": "#steel3", "uv": [ 0.0, 0.0, 1.0, 0.5 ] },
										"down": { "texture": "#steel3", "uv": [ 0.0, 0.0, 1.0, 0.5 ] }
									}
								}
							]
						},
						{
							"name": "Connection",
							"from": [ 10.5, -0.1, -0.1 ],
							"to": [ 16.1, 1.6, 1.6 ],
							"rotationOrigin": [ 10.5, -0.1, -0.1 ],
							"faces": {
								"north": { "texture": "#steel3", "uv": [ 0.0, 0.0, 5.5, 1.5 ] },
								"east": { "texture": "#steel3", "uv": [ 0.0, 0.0, 1.5, 1.5 ] },
								"south": { "texture": "#steel3", "uv": [ 0.0, 0.0, 5.5, 1.5 ] },
								"west": { "texture": "#steel3", "uv": [ 0.0, 0.0, 1.5, 1.5 ] },
								"up": { "texture": "#steel3", "uv": [ 0.0, 0.0, 5.5, 1.5 ] },
								"down": { "texture": "#steel3", "uv": [ 0.0, 0.0, 5.5, 1.5 ] }
							},
							"children": [
								{
									"name": "Nail",
									"from": [ 0.3, 0.3, -0.1 ],
									"to": [ 0.6, 0.6, 1.8 ],
									"rotationOrigin": [ 0.3, 0.3, -0.1 ],
									"faces": {
										"north": { "texture": "#steel3", "uv": [ 0.0, 0.0, 0.5, 0.5 ] },
										"east": { "texture": "#steel3", "uv": [ 0.0, 0.0, 1.5, 0.5 ] },
										"south": { "texture": "#steel3", "uv": [ 12.5, 0.0, 13.0, 0.5 ] },
										"west": { "texture": "#steel3", "uv": [ 0.0, 0.0, 1.5, 0.5 ] },
										"up": { "texture": "#steel3", "uv": [ 0.0, 0.0, 0.5, 1.5 ] },
										"down": { "texture": "#steel3", "uv": [ 0.0, 0.0, 0.5, 1.5 ] }
									}
								},
								{
									"name": "Nail1",
									"from": [ 1.4, 1.1, -0.1 ],
									"to": [ 1.7, 1.4, 1.8 ],
									"rotationOrigin": [ 1.4, 1.1, -0.1 ],
									"faces": {
										"north": { "texture": "#steel3", "uv": [ 4.5, 0.5, 5.0, 1.0 ] },
										"east": { "texture": "#steel3", "uv": [ 0.0, 0.0, 1.5, 0.5 ] },
										"south": { "texture": "#steel3", "uv": [ 6.5, 8.5, 7.0, 9.0 ] },
										"west": { "texture": "#steel3", "uv": [ 0.0, 0.0, 1.5, 0.5 ] },
										"up": { "texture": "#steel3", "uv": [ 0.0, 0.0, 0.5, 1.5 ] },
										"down": { "texture": "#steel3", "uv": [ 0.0, 0.0, 0.5, 1.5 ] }
									}
								},
								{
									"name": "Nail2",
									"from": [ 2.3, 0.1, -0.1 ],
									"to": [ 2.6, 0.4, 1.8 ],
									"rotationOrigin": [ 2.3, 0.1, -0.1 ],
									"faces": {
										"north": { "texture": "#steel3", "uv": [ 0.0, 0.0, 0.5, 0.5 ] },
										"east": { "texture": "#steel3", "uv": [ 0.0, 0.0, 1.5, 0.5 ] },
										"south": { "texture": "#steel3", "uv": [ 7.0, 9.0, 7.5, 9.5 ] },
										"west": { "texture": "#steel3", "uv": [ 0.0, 0.0, 1.5, 0.5 ] },
										"up": { "texture": "#steel3", "uv": [ 0.0, 0.0, 0.5, 1.5 ] },
										"down": { "texture": "#steel3", "uv": [ 0.0, 0.0, 0.5, 1.5 ] }
									}
								},
								{
									"name": "Nail3",
									"from": [ 3.3, 1.1, -0.1 ],
									"to": [ 3.6, 1.4, 1.8 ],
									"rotationOrigin": [ 3.3, 1.1, -0.1 ],
									"faces": {
										"north": { "texture": "#steel3", "uv": [ 14.0, 8.0, 14.5, 8.5 ] },
										"east": { "texture": "#steel3", "uv": [ 0.0, 0.0, 1.5, 0.5 ] },
										"south": { "texture": "#steel3", "uv": [ 14.0, 8.0, 14.5, 8.5 ] },
										"west": { "texture": "#steel3", "uv": [ 0.0, 0.0, 1.5, 0.5 ] },
										"up": { "texture": "#steel3", "uv": [ 0.0, 0.0, 0.5, 1.5 ] },
										"down": { "texture": "#steel3", "uv": [ 0.0, 0.0, 0.5, 1.5 ] }
									}
								},
								{
									"name": "Nail4",
									"from": [ 4.5, 0.1, -0.1 ],
									"to": [ 4.8, 0.4, 1.8 ],
									"rotationOrigin": [ 4.5, 0.1, -0.1 ],
									"faces": {
										"north": { "texture": "#steel3", "uv": [ 0.0, 0.0, 0.5, 0.5 ] },
										"east": { "texture": "#steel3", "uv": [ 0.0, 0.0, 1.5, 0.5 ] },
										"south": { "texture": "#steel3", "uv": [ 14.0, 8.0, 14.5, 8.5 ] },
										"west": { "texture": "#steel3", "uv": [ 0.0, 0.0, 1.5, 0.5 ] },
										"up": { "texture": "#steel3", "uv": [ 0.0, 0.0, 0.5, 1.5 ] },
										"down": { "texture": "#steel3", "uv": [ 0.0, 0.0, 0.5, 1.5 ] }
									}
								},
								{
									"name": "Nail5",
									"from": [ 4.0, -0.1, 1.0 ],
									"to": [ 4.3, 0.2, 2.9 ],
									"rotationOrigin": [ 4.0, -0.1, 1.0 ],
									"rotationX": -90.0,
									"faces": {
										"north": { "texture": "#steel3", "uv": [ 0.0, 0.0, 0.5, 0.5 ] },
										"east": { "texture": "#steel3", "uv": [ 0.0, 0.0, 1.5, 0.5 ] },
										"south": { "texture": "#steel3", "uv": [ 14.0, 8.0, 14.5, 8.5 ] },
										"west": { "texture": "#steel3", "uv": [ 0.0, 0.0, 1.5, 0.5 ] },
										"up": { "texture": "#steel3", "uv": [ 0.0, 0.0, 0.5, 1.5 ] },
										"down": { "texture": "#steel3", "uv": [ 0.0, 0.0, 0.5, 1.5 ] }
									}
								},
								{
									"name": "Nail6",
									"from": [ 2.8, -0.1, 1.0 ],
									"to": [ 3.1, 0.2, 2.9 ],
									"rotationOrigin": [ 2.8, -0.1, 1.0 ],
									"rotationX": -90.0,
									"faces": {
										"north": { "texture": "#steel3", "uv": [ 0.0, 0.0, 0.5, 0.5 ] },
										"east": { "texture": "#steel3", "uv": [ 0.0, 0.0, 1.5, 0.5 ] },
										"south": { "texture": "#steel3", "uv": [ 14.0, 8.0, 14.5, 8.5 ] },
										"west": { "texture": "#steel3", "uv": [ 0.0, 0.0, 1.5, 0.5 ] },
										"up": { "texture": "#steel3", "uv": [ 0.0, 0.0, 0.5, 1.5 ] },
										"down": { "texture": "#steel3", "uv": [ 0.0, 0.0, 0.5, 1.5 ] }
									}
								},
								{
									"name": "Nail7",
									"from": [ 1.8, -0.1, 1.0 ],
									"to": [ 2.1, 0.2, 2.9 ],
									"rotationOrigin": [ 1.8, -0.1, 1.0 ],
									"rotationX": -90.0,
									"faces": {
										"north": { "texture": "#steel3", "uv": [ 3.5, 1.0, 4.0, 1.5 ] },
										"east": { "texture": "#steel3", "uv": [ 0.0, 0.0, 1.5, 0.5 ] },
										"south": { "texture": "#steel3", "uv": [ 2.5, 10.0, 3.0, 10.5 ] },
										"west": { "texture": "#steel3", "uv": [ 0.0, 0.0, 1.5, 0.5 ] },
										"up": { "texture": "#steel3", "uv": [ 0.0, 0.0, 0.5, 1.5 ] },
										"down": { "texture": "#steel3", "uv": [ 0.0, 0.0, 0.5, 1.5 ] }
									}
								},
								{
									"name": "Nail8",
									"from": [ 0.9, -0.1, 1.0 ],
									"to": [ 1.2, 0.2, 2.9 ],
									"rotationOrigin": [ 0.9, -0.1, 1.0 ],
									"rotationX": -90.0,
									"faces": {
										"north": { "texture": "#steel3", "uv": [ 3.0, 4.0, 3.5, 4.5 ] },
										"east": { "texture": "#steel3", "uv": [ 0.0, 0.0, 1.5, 0.5 ] },
										"south": { "texture": "#steel3", "uv": [ 4.5, 3.0, 5.0, 3.5 ] },
										"west": { "texture": "#steel3", "uv": [ 0.0, 0.0, 1.5, 0.5 ] },
										"up": { "texture": "#steel3", "uv": [ 0.0, 0.0, 0.5, 1.5 ] },
										"down": { "texture": "#steel3", "uv": [ 0.0, 0.0, 0.5, 1.5 ] }
									}
								},
								{
									"name": "Nail9",
									"from": [ 4.8, -2.1, 1.1 ],
									"to": [ 5.4, -1.5, 7.0 ],
									"rotationOrigin": [ 4.8, -2.1, 1.1 ],
									"rotationX": -90.0,
									"faces": {
										"north": { "texture": "#steel3", "uv": [ 0.0, 0.0, 0.5, 0.5 ] },
										"east": { "texture": "#steel3", "uv": [ 0.0, 0.0, 5.5, 0.5 ] },
										"south": { "texture": "#steel3", "uv": [ 14.0, 8.0, 14.5, 8.5 ] },
										"west": { "texture": "#steel3", "uv": [ 0.0, 0.0, 5.5, 0.5 ] },
										"up": { "texture": "#steel3", "uv": [ 0.0, 0.0, 0.5, 5.5 ] },
										"down": { "texture": "#steel3", "uv": [ 0.0, 0.0, 0.5, 5.5 ] }
									}
								}
							]
						},
						{
							"name": "Blade",
							"from": [ 19.8, 0.5, 0.51 ],
							"to": [ 23.8, 1.0, 1.01 ],
							"rotationOrigin": [ 19.8, 0.5, 0.5 ],
							"faces": {
								"north": { "texture": "#steel3", "uv": [ 0.0, 4.0, 4.0, 4.5 ] },
								"east": { "texture": "#steel3", "uv": [ 4.0, 4.0, 4.5, 4.5 ] },
								"south": { "texture": "#steel3", "uv": [ 4.5, 4.0, 8.5, 4.5 ] },
								"west": { "texture": "#steel3", "uv": [ 8.5, 4.0, 9.0, 4.5 ] },
								"up": { "texture": "#steel3", "uv": [ 0.0, 0.0, 0.5, 4.0 ], "rotation": 90 },
								"down": { "texture": "#steel3", "uv": [ 0.5, 0.0, 4.5, 0.5 ] }
							},
							"children": [
								{
									"name": "Blade1",
									"from": [ -1.6, 0.5, 0.09 ],
									"to": [ 3.4, 1.3, 0.39 ],
									"rotationOrigin": [ -1.6, 0.5, 0.09 ],
									"rotationZ": -5.0,
									"faces": {
										"north": { "texture": "#steel3", "uv": [ 0.5, 1.0, 5.5, 1.5 ], "windMode": [-1,-1,-1,-1] },
										"east": { "texture": "#steel3", "uv": [ 5.5, 1.0, 6.0, 1.5 ], "windMode": [-1,-1,-1,-1] },
										"south": { "texture": "#steel3", "uv": [ 5.5, 1.0, 10.5, 1.5 ] },
										"west": { "texture": "#steel3", "uv": [ 10.5, 1.0, 11.0, 1.5 ], "windMode": [-1,-1,-1,-1] },
										"up": { "texture": "#steel3", "uv": [ 0.5, 0.5, 5.5, 1.0 ], "windMode": [-1,-1,-1,-1] },
										"down": { "texture": "#steel3", "uv": [ 5.5, 0.5, 10.5, 1.0 ], "windMode": [-1,-1,-1,-1] }
									}
								},
								{
									"name": "Blade2",
									"from": [ -1.5, -0.8, 0.09 ],
									"to": [ 3.5, 0.0, 0.39 ],
									"rotationOrigin": [ -1.5, -0.8, 0.09 ],
									"rotationZ": 5.0,
									"faces": {
										"north": { "texture": "#steel3", "uv": [ 0.0, 0.0, 5.0, 0.5 ] },
										"east": { "texture": "#steel3", "uv": [ 0.0, 0.0, 0.5, 0.5 ] },
										"south": { "texture": "#steel3", "uv": [ 0.0, 0.0, 5.0, 0.5 ] },
										"west": { "texture": "#steel3", "uv": [ 0.0, 0.0, 0.5, 0.5 ] },
										"up": { "texture": "#steel3", "uv": [ 0.0, 0.0, 5.0, 0.5 ] },
										"down": { "texture": "#steel3", "uv": [ 0.0, 0.0, 5.0, 0.5 ] }
									}
								},
								{
									"name": "Blade1.1",
									"from": [ 3.2999, 0.59, 0.15 ],
									"to": [ 4.4999, 0.89, 0.35 ],
									"rotationOrigin": [ 3.3, 0.6, 0.09 ],
									"rotationZ": -22.5,
									"faces": {
										"north": { "texture": "#steel3", "uv": [ 3.5, 6.5, 4.5, 7.0 ] },
										"east": { "texture": "#steel3", "uv": [ 4.5, 6.5, 5.0, 7.0 ] },
										"south": { "texture": "#steel3", "uv": [ 5.0, 6.5, 6.0, 7.0 ] },
										"west": { "texture": "#steel3", "uv": [ 6.0, 6.5, 6.5, 7.0 ] },
										"up": { "texture": "#steel3", "uv": [ 3.5, 6.0, 4.5, 6.5 ] },
										"down": { "texture": "#steel3", "uv": [ 4.5, 6.0, 5.5, 6.5 ] }
									}
								},
								{
									"name": "Blade2.1",
									"from": [ 3.3, -0.324, 0.142 ],
									"to": [ 4.5, -0.024, 0.345 ],
									"rotationOrigin": [ 3.3, -0.3, 0.09 ],
									"rotationZ": 22.5,
									"faces": {
										"north": { "texture": "#steel3", "uv": [ 0.0, 0.0, 1.0, 0.5 ] },
										"east": { "texture": "#steel3", "uv": [ 0.0, 0.0, 0.5, 0.5 ] },
										"south": { "texture": "#steel3", "uv": [ 0.0, 0.0, 1.0, 0.5 ], "autoUv": false },
										"west": { "texture": "#steel3", "uv": [ 0.0, 0.0, 0.5, 0.5 ] },
										"up": { "texture": "#steel3", "uv": [ 0.5, 0.0, 1.5, 0.5 ] },
										"down": { "texture": "#steel3", "uv": [ 0.0, 0.0, 1.0, 0.5 ] }
									}
								}
							]
						}
					]
				},
				{
					"name": "handle 2",
					"from": [ -24.0, -0.5, -0.5 ],
					"to": [ -8.0, 1.0, 1.0 ],
					"rotationOrigin": [ -25.5, -8.0, 0.0 ],
					"faces": {
						"north": { "texture": "#handle", "uv": [ 0.0, 5.5, 16.0, 7.0 ] },
						"east": { "texture": "#handle", "uv": [ 0.5, 0.5, 2.0, 2.0 ] },
						"south": { "texture": "#handle", "uv": [ 0.0, 10.5, 16.0, 12.0 ] },
						"west": { "texture": "#handle", "uv": [ 14.0, 10.0, 15.5, 11.5 ] },
						"up": { "texture": "#handle", "uv": [ 0.0, 4.5, 16.0, 6.0 ] },
						"down": { "texture": "#handle", "uv": [ 0.0, 5.0, 16.0, 6.5 ] }
					}
				},
				{
					"name": "String",
					"from": [ -14.6, -0.7, -0.8 ],
					"to": [ -14.1, 1.2, 1.3 ],
					"rotationOrigin": [ -14.6, -0.7, 0.7 ],
					"rotationZ": 22.5,
					"faces": {
						"north": { "texture": "#string", "uv": [ 7.5, 1.0, 9.0, 1.5 ], "rotation": 90 },
						"east": { "texture": "#string", "uv": [ 0.0, 2.0, 2.0, 3.5 ] },
						"south": { "texture": "#string", "uv": [ 6.0, 3.5, 7.5, 4.0 ], "rotation": 90 },
						"west": { "texture": "#string", "uv": [ 3.0, 2.5, 5.0, 4.0 ] },
						"up": { "texture": "#string", "uv": [ 6.5, 1.0, 8.5, 1.5 ], "rotation": 90 },
						"down": { "texture": "#string", "uv": [ 7.0, 2.0, 9.0, 2.5 ], "rotation": 90 }
					},
					"children": [
						{
							"name": "String0.1",
							"from": [ -0.5702, 0.4527, 0.1 ],
							"to": [ -0.0702, 2.3527, 2.0 ],
							"rotationOrigin": [ -0.5702, 0.4527, 1.6 ],
							"rotationZ": -45.0,
							"faces": {
								"north": { "texture": "#string", "uv": [ 7.5, 1.0, 9.0, 1.5 ], "rotation": 90 },
								"east": { "texture": "#string", "uv": [ 0.0, 2.0, 1.5, 3.5 ] },
								"south": { "texture": "#string", "uv": [ 6.0, 3.5, 7.5, 4.0 ], "rotation": 90 },
								"west": { "texture": "#string", "uv": [ 3.0, 2.5, 4.5, 4.0 ] },
								"up": { "texture": "#string", "uv": [ 6.5, 1.0, 8.0, 1.5 ], "rotation": 90 },
								"down": { "texture": "#string", "uv": [ 7.0, 2.0, 8.5, 2.5 ], "rotation": 90 }
							}
						}
					]
				},
				{
					"name": "handle 24",
					"from": [ -31.0, -0.5, -0.5 ],
					"to": [ -24.0, 1.0, 1.0 ],
					"rotationOrigin": [ -31.5, 0.0, 0.0 ],
					"faces": {
						"north": { "texture": "#handle", "uv": [ 0.0, 5.5, 7.0, 7.0 ] },
						"east": { "texture": "#handle", "uv": [ 0.5, 0.5, 2.0, 2.0 ] },
						"south": { "texture": "#handle", "uv": [ 0.0, 10.5, 7.0, 12.0 ] },
						"west": { "texture": "#handle", "uv": [ 14.0, 10.0, 15.5, 11.5 ] },
						"up": { "texture": "#handle", "uv": [ 0.0, 4.5, 7.0, 6.0 ] },
						"down": { "texture": "#handle", "uv": [ 0.0, 5.0, 7.0, 6.5 ] }
					}
				},
				{
					"name": "String1",
					"from": [ -13.6, -1.9, -0.8 ],
					"to": [ -13.1, 0.0, 1.3 ],
					"rotationOrigin": [ -16.6, -0.9, 0.7 ],
					"rotationZ": 22.5,
					"faces": {
						"north": { "texture": "#string", "uv": [ 7.5, 1.0, 9.0, 1.5 ], "rotation": 90 },
						"east": { "texture": "#string", "uv": [ 0.0, 2.0, 2.0, 3.5 ] },
						"south": { "texture": "#string", "uv": [ 6.0, 3.5, 7.5, 4.0 ], "rotation": 90 },
						"west": { "texture": "#string", "uv": [ 3.0, 2.5, 5.0, 4.0 ] },
						"up": { "texture": "#string", "uv": [ 6.5, 1.0, 8.5, 1.5 ], "rotation": 90 },
						"down": { "texture": "#string", "uv": [ 7.0, 2.0, 9.0, 2.5 ], "rotation": 90 }
					},
					"children": [
						{
							"name": "String0.2",
							"from": [ -0.5702, 0.4527, 0.1 ],
							"to": [ -0.0702, 2.3527, 2.0 ],
							"rotationOrigin": [ -0.5702, 0.4527, 1.6 ],
							"rotationZ": -45.0,
							"faces": {
								"north": { "texture": "#string", "uv": [ 7.5, 1.0, 9.0, 1.5 ], "rotation": 90 },
								"east": { "texture": "#string", "uv": [ 0.0, 2.0, 1.5, 3.5 ] },
								"south": { "texture": "#string", "uv": [ 6.0, 3.5, 7.5, 4.0 ], "rotation": 90 },
								"west": { "texture": "#string", "uv": [ 3.0, 2.5, 4.5, 4.0 ] },
								"up": { "texture": "#string", "uv": [ 6.5, 1.0, 8.0, 1.5 ], "rotation": 90 },
								"down": { "texture": "#string", "uv": [ 7.0, 2.0, 8.5, 2.5 ], "rotation": 90 }
							}
						}
					]
				},
				{
					"name": "String2",
					"from": [ -12.4, -1.9, -0.8 ],
					"to": [ -11.9, 0.0, 1.3 ],
					"rotationOrigin": [ -15.4, -0.9, 0.7 ],
					"rotationZ": 22.5,
					"faces": {
						"north": { "texture": "#string", "uv": [ 7.5, 1.0, 9.0, 1.5 ], "rotation": 90 },
						"east": { "texture": "#string", "uv": [ 0.0, 2.0, 2.0, 3.5 ] },
						"south": { "texture": "#string", "uv": [ 6.0, 3.5, 7.5, 4.0 ], "rotation": 90 },
						"west": { "texture": "#string", "uv": [ 3.0, 2.5, 5.0, 4.0 ] },
						"up": { "texture": "#string", "uv": [ 6.5, 1.0, 8.5, 1.5 ], "rotation": 90 },
						"down": { "texture": "#string", "uv": [ 7.0, 2.0, 9.0, 2.5 ], "rotation": 90 }
					},
					"children": [
						{
							"name": "String0.3",
							"from": [ -0.5702, 0.4527, 0.1 ],
							"to": [ -0.0702, 2.3527, 2.0 ],
							"rotationOrigin": [ -0.5702, 0.4527, 1.6 ],
							"rotationZ": -45.0,
							"faces": {
								"north": { "texture": "#string", "uv": [ 7.5, 1.0, 9.0, 1.5 ], "rotation": 90 },
								"east": { "texture": "#string", "uv": [ 0.0, 2.0, 1.5, 3.5 ] },
								"south": { "texture": "#string", "uv": [ 6.0, 3.5, 7.5, 4.0 ], "rotation": 90 },
								"west": { "texture": "#string", "uv": [ 3.0, 2.5, 4.5, 4.0 ] },
								"up": { "texture": "#string", "uv": [ 6.5, 1.0, 8.0, 1.5 ], "rotation": 90 },
								"down": { "texture": "#string", "uv": [ 7.0, 2.0, 8.5, 2.5 ], "rotation": 90 }
							}
						}
					]
				},
				{
					"name": "String3",
					"from": [ -11.2, -1.9, -0.8 ],
					"to": [ -10.7, 0.0, 1.3 ],
					"rotationOrigin": [ -14.2, -0.9, 0.7 ],
					"rotationZ": 22.5,
					"faces": {
						"north": { "texture": "#string", "uv": [ 7.5, 1.0, 9.0, 1.5 ], "rotation": 90 },
						"east": { "texture": "#string", "uv": [ 0.0, 2.0, 2.0, 3.5 ] },
						"south": { "texture": "#string", "uv": [ 6.0, 3.5, 7.5, 4.0 ], "rotation": 90 },
						"west": { "texture": "#string", "uv": [ 3.0, 2.5, 5.0, 4.0 ] },
						"up": { "texture": "#string", "uv": [ 6.5, 1.0, 8.5, 1.5 ], "rotation": 90 },
						"down": { "texture": "#string", "uv": [ 7.0, 2.0, 9.0, 2.5 ], "rotation": 90 }
					},
					"children": [
						{
							"name": "String0.4",
							"from": [ -0.5702, 0.4527, 0.1 ],
							"to": [ -0.0702, 2.3527, 2.0 ],
							"rotationOrigin": [ -0.5702, 0.4527, 1.6 ],
							"rotationZ": -45.0,
							"faces": {
								"north": { "texture": "#string", "uv": [ 7.5, 1.0, 9.0, 1.5 ], "rotation": 90 },
								"east": { "texture": "#string", "uv": [ 0.0, 2.0, 1.5, 3.5 ] },
								"south": { "texture": "#string", "uv": [ 6.0, 3.5, 7.5, 4.0 ], "rotation": 90 },
								"west": { "texture": "#string", "uv": [ 3.0, 2.5, 4.5, 4.0 ] },
								"up": { "texture": "#string", "uv": [ 6.5, 1.0, 8.0, 1.5 ], "rotation": 90 },
								"down": { "texture": "#string", "uv": [ 7.0, 2.0, 8.5, 2.5 ], "rotation": 90 }
							}
						}
					]
				},
				{
					"name": "String4",
					"from": [ -15.9, -1.9, -0.8 ],
					"to": [ -15.4, 0.0, 1.3 ],
					"rotationOrigin": [ -18.9, -0.9, 0.7 ],
					"rotationZ": 22.5,
					"faces": {
						"north": { "texture": "#string", "uv": [ 7.5, 1.0, 9.0, 1.5 ], "rotation": 90 },
						"east": { "texture": "#string", "uv": [ 0.0, 2.0, 2.0, 3.5 ] },
						"south": { "texture": "#string", "uv": [ 6.0, 3.5, 7.5, 4.0 ], "rotation": 90 },
						"west": { "texture": "#string", "uv": [ 3.0, 2.5, 5.0, 4.0 ] },
						"up": { "texture": "#string", "uv": [ 6.5, 1.0, 8.5, 1.5 ], "rotation": 90 },
						"down": { "texture": "#string", "uv": [ 7.0, 2.0, 9.0, 2.5 ], "rotation": 90 }
					},
					"children": [
						{
							"name": "String0.5",
							"from": [ -0.5702, 0.4527, 0.1 ],
							"to": [ -0.0702, 2.3527, 2.0 ],
							"rotationOrigin": [ -0.5702, 0.4527, 1.6 ],
							"rotationZ": -45.0,
							"faces": {
								"north": { "texture": "#string", "uv": [ 7.5, 1.0, 9.0, 1.5 ], "rotation": 90 },
								"east": { "texture": "#string", "uv": [ 0.0, 2.0, 1.5, 3.5 ] },
								"south": { "texture": "#string", "uv": [ 6.0, 3.5, 7.5, 4.0 ], "rotation": 90 },
								"west": { "texture": "#string", "uv": [ 3.0, 2.5, 4.5, 4.0 ] },
								"up": { "texture": "#string", "uv": [ 6.5, 1.0, 8.0, 1.5 ], "rotation": 90 },
								"down": { "texture": "#string", "uv": [ 7.0, 2.0, 8.5, 2.5 ], "rotation": 90 }
							}
						}
					]
				}
			]
		}
	]}