{
	"editor": {
		"allAngles": false,
		"entityTextureMode": false
	},
	"textureWidth": 16,
	"textureHeight": 16,
	"textureSizes": {
		"sonneratiacaseolaris": [8,8]
	},
	"textures": {
		"sonneratiacaseolaris": "item/food/fruit/sonneratiacaseolaris"
	},
	"elements": [
		{
			"name": "Body",
			"from": [ 6.0, 0.6, 6.0 ],
			"to": [ 9.0, 2.6, 9.0 ],
			"rotationOrigin": [ 7.5, 0.6, 7.5 ],
			"rotationX": 12.5,
			"rotationY": -22.5,
			"faces": {
				"north": { "texture": "#sonneratiacaseolaris", "uv": [ 2.5, 0.0, 5.5, 2.0 ] },
				"east": { "texture": "#sonneratiacaseolaris", "uv": [ 2.5, 2.0, 5.5, 4.0 ] },
				"south": { "texture": "#sonneratiacaseolaris", "uv": [ 0.5, 5.5, 3.5, 7.5 ] },
				"west": { "texture": "#sonneratiacaseolaris", "uv": [ 2.0, 2.5, 5.0, 4.5 ] },
				"up": { "texture": "#sonneratiacaseolaris", "uv": [ 0.0, 2.5, 3.0, 5.5 ] }
			},
			"children": [
				{
					"name": "Tip",
					"from": [ 1.4, 2.0, 1.4 ],
					"to": [ 1.6, 5.0, 1.6 ],
					"rotationOrigin": [ 1.4, 2.0, 1.4 ],
					"faces": {
						"north": { "texture": "#sonneratiacaseolaris", "uv": [ 6.0, 0.0, 6.5, 3.0 ] },
						"east": { "texture": "#sonneratiacaseolaris", "uv": [ 5.5, 1.0, 6.0, 4.0 ] },
						"south": { "texture": "#sonneratiacaseolaris", "uv": [ 6.0, 0.5, 6.5, 3.5 ] },
						"west": { "texture": "#sonneratiacaseolaris", "uv": [ 6.0, 1.0, 6.5, 4.0 ] },
						"up": { "texture": "#sonneratiacaseolaris", "uv": [ 6.0, 0.0, 6.5, 0.5 ] }
					}
				},
				{
					"name": "Rim",
					"from": [ -0.1, -0.2, -0.1 ],
					"to": [ 3.1, 0.0, 3.1 ],
					"rotationOrigin": [ -0.1, -0.2, -0.1 ],
					"faces": {
						"north": { "texture": "#sonneratiacaseolaris", "uv": [ 3.5, 6.5, 6.5, 7.0 ] },
						"east": { "texture": "#sonneratiacaseolaris", "uv": [ 3.5, 5.5, 6.5, 6.0 ] },
						"south": { "texture": "#sonneratiacaseolaris", "uv": [ 3.5, 5.0, 6.5, 5.5 ] },
						"west": { "texture": "#sonneratiacaseolaris", "uv": [ 3.5, 6.0, 6.5, 6.5 ] },
						"up": { "texture": "#sonneratiacaseolaris", "uv": [ 3.5, 5.0, 6.5, 8.0 ] },
						"down": { "texture": "#sonneratiacaseolaris", "uv": [ 3.5, 5.0, 6.5, 8.0 ] }
					}
				},
				{
					"name": "Petals",
					"from": [ -1.5, -0.3, 0.8 ],
					"to": [ 4.5, -0.3, 2.3 ],
					"rotationOrigin": [ 1.5, -0.3, 1.5 ],
					"faces": {
						"up": { "texture": "#sonneratiacaseolaris", "uv": [ 6.5, 2.0, 8.0, 8.0 ], "rotation": 90, "windMode": [-1,-1,-1,-1] }
					}
				},
				{
					"name": "Petals2",
					"from": [ -1.5, -0.3, 0.8 ],
					"to": [ 4.5, -0.3, 2.3 ],
					"rotationOrigin": [ 1.5, -0.3, 1.5 ],
					"rotationY": 67.5,
					"rotationZ": -1.0,
					"faces": {
						"up": { "texture": "#sonneratiacaseolaris", "uv": [ 6.5, 2.0, 8.0, 8.0 ], "rotation": 270, "windMode": [-1,-1,-1,-1] }
					}
				},
				{
					"name": "Petals3",
					"from": [ -1.5, -0.3, 0.8 ],
					"to": [ 4.5, -0.3, 2.3 ],
					"rotationOrigin": [ 1.5, -0.3, 1.5 ],
					"rotationY": 135.0,
					"rotationZ": 1.0,
					"faces": {
						"up": { "texture": "#sonneratiacaseolaris", "uv": [ 6.5, 2.0, 8.0, 8.0 ], "rotation": 90, "windMode": [-1,-1,-1,-1] }
					}
				}
			]
		}
	]}