{
	"editor": {
		"collapsedPaths": "Root/rootboard",
		"allAngles": true,
		"entityTextureMode": false
	},
	"textureWidth": 16,
	"textureHeight": 16,
	"textureSizes": {
	},
	"textures": {
	},
	"elements": [
		{
			"name": "rootboard",
			"from": [ 4.0, 0.0, 1.0 ],
			"to": [ 44.0, 32.0, 3.0 ],
			"rotationOrigin": [ 0.0, 0.0, 1.0 ],
			"faces": {
				"north": { "texture": "#agedp-h96x64", "uv": [ 0.0, 0.0, 16.0, 16.0 ], "autoUv": false },
				"east": { "texture": "#agedp-h96x64", "uv": [ 0.0, 0.0, 2.0, 16.0 ], "autoUv": false },
				"south": { "texture": "#agedp-h96x64", "uv": [ 0.0, 0.0, 16.0, 16.0 ], "autoUv": false },
				"west": { "texture": "#agedp-h96x64", "uv": [ 0.0, 0.0, 2.0, 16.0 ], "autoUv": false },
				"up": { "texture": "#agedp-h96x64", "uv": [ 0.0, 0.0, 16.0, 2.0 ], "autoUv": false },
				"down": { "texture": "#agedp-h96x64", "uv": [ 0.0, 0.0, 16.0, 2.0 ], "autoUv": false }
			},
			"children": [
				{
					"name": "Cube3",
					"from": [ 0.0, 0.0, 1.5 ],
					"to": [ 40.0, 1.0, 2.5 ],
					"rotationOrigin": [ 0.0, 0.0, 1.5 ],
					"faces": {
						"north": { "texture": "#brass", "uv": [ 0.0, 0.0, 16.0, 1.0 ], "autoUv": false },
						"east": { "texture": "#brass", "uv": [ 0.0, 0.0, 1.0, 1.0 ] },
						"south": { "texture": "#brass", "uv": [ 0.0, 0.0, 16.0, 1.0 ], "autoUv": false },
						"west": { "texture": "#brass", "uv": [ 0.0, 0.0, 1.0, 1.0 ] },
						"up": { "texture": "#brass", "uv": [ 0.0, 0.0, 16.0, 1.0 ], "autoUv": false },
						"down": { "texture": "#brass", "uv": [ 0.0, 0.0, 16.0, 1.0 ], "autoUv": false }
					}
				},
				{
					"name": "woodleg8",
					"from": [ 39.0, 1.0, 1.5 ],
					"to": [ 40.0, 31.0, 2.5 ],
					"rotationOrigin": [ -5.0, 1.0, 1.5 ],
					"faces": {
						"north": { "texture": "#brass", "uv": [ 0.0, 0.0, 1.0, 16.0 ], "autoUv": false },
						"east": { "texture": "#brass", "uv": [ 0.0, 0.0, 1.0, 16.0 ], "autoUv": false },
						"south": { "texture": "#brass", "uv": [ 0.0, 0.0, 1.0, 16.0 ], "autoUv": false },
						"west": { "texture": "#brass", "uv": [ 0.0, 0.0, 1.0, 16.0 ], "autoUv": false },
						"up": { "texture": "#brass", "uv": [ 0.0, 0.0, 1.0, 1.0 ] },
						"down": { "texture": "#brass", "uv": [ 0.0, 0.0, 1.0, 1.0 ] }
					}
				},
				{
					"name": "top",
					"from": [ 0.0, 31.0, 1.5 ],
					"to": [ 40.0, 32.0, 2.5 ],
					"rotationOrigin": [ 0.0, 31.0, 1.5 ],
					"faces": {
						"north": { "texture": "#brass", "uv": [ 0.0, 0.0, 16.0, 1.0 ], "autoUv": false },
						"east": { "texture": "#brass", "uv": [ 0.0, 0.0, 1.0, 1.0 ] },
						"south": { "texture": "#brass", "uv": [ 0.0, 0.0, 16.0, 1.0 ], "autoUv": false },
						"west": { "texture": "#brass", "uv": [ 0.0, 0.0, 1.0, 1.0 ] },
						"up": { "texture": "#brass", "uv": [ 0.0, 0.0, 16.0, 1.0 ], "autoUv": false },
						"down": { "texture": "#brass", "uv": [ 0.0, 0.0, 16.0, 1.0 ], "autoUv": false }
					},
					"children": [
						{
							"name": "Cube5",
							"from": [ -4.0, 1.0, -2.5 ],
							"to": [ 44.0, 3.0, 1.5 ],
							"rotationOrigin": [ -4.0, 1.0, -2.5 ],
							"faces": {
								"north": { "texture": "#aged-h", "uv": [ 0.0, 0.0, 16.0, 2.0 ], "autoUv": false },
								"east": { "texture": "#aged-h", "uv": [ 0.0, 0.0, 4.0, 2.0 ] },
								"south": { "texture": "#aged-h", "uv": [ 0.0, 0.0, 16.0, 2.0 ], "autoUv": false },
								"west": { "texture": "#aged-h", "uv": [ 0.0, 0.0, 4.0, 2.0 ] },
								"up": { "texture": "#aged-h", "uv": [ 0.0, 0.0, 16.0, 4.0 ], "autoUv": false },
								"down": { "texture": "#aged-h", "uv": [ 0.0, 0.0, 16.0, 4.0 ], "autoUv": false }
							}
						},
						{
							"name": "woodleg15",
							"from": [ 40.1, 0.0, -2.2 ],
							"to": [ 43.5, 1.0, 1.2 ],
							"rotationOrigin": [ 40.1, 0.0, -2.2 ],
							"faces": {
								"north": { "texture": "#steel", "uv": [ 0.0, 0.0, 3.0, 1.0 ] },
								"east": { "texture": "#steel", "uv": [ 0.0, 0.0, 3.0, 1.0 ] },
								"south": { "texture": "#steel", "uv": [ 0.0, 0.0, 3.0, 1.0 ] },
								"west": { "texture": "#steel", "uv": [ 0.0, 0.0, 3.0, 1.0 ] },
								"up": { "texture": "#steel", "uv": [ 0.0, 0.0, 3.0, 3.0 ] },
								"down": { "texture": "#steel", "uv": [ 0.0, 0.0, 3.0, 3.0 ] }
							}
						},
						{
							"name": "woodleg16",
							"from": [ -3.5, 0.0, -2.2 ],
							"to": [ -0.1, 1.0, 1.2 ],
							"rotationOrigin": [ -3.5, 0.0, -2.2 ],
							"faces": {
								"north": { "texture": "#steel", "uv": [ 0.0, 0.0, 3.0, 1.0 ] },
								"east": { "texture": "#steel", "uv": [ 0.0, 0.0, 3.0, 1.0 ] },
								"south": { "texture": "#steel", "uv": [ 0.0, 0.0, 3.0, 1.0 ] },
								"west": { "texture": "#steel", "uv": [ 0.0, 0.0, 3.0, 1.0 ] },
								"up": { "texture": "#steel", "uv": [ 0.0, 0.0, 3.0, 3.0 ] },
								"down": { "texture": "#steel", "uv": [ 0.0, 0.0, 3.0, 3.0 ] }
							}
						}
					]
				},
				{
					"name": "woodleg9",
					"from": [ 0.0, 1.0, 1.5 ],
					"to": [ 1.0, 31.0, 2.5 ],
					"rotationOrigin": [ -44.0, 1.0, 1.5 ],
					"faces": {
						"north": { "texture": "#brass", "uv": [ 0.0, 0.0, 1.0, 16.0 ], "autoUv": false },
						"east": { "texture": "#brass", "uv": [ 0.0, 0.0, 1.0, 16.0 ], "autoUv": false },
						"south": { "texture": "#brass", "uv": [ 0.0, 0.0, 1.0, 16.0 ], "autoUv": false },
						"west": { "texture": "#brass", "uv": [ 0.0, 0.0, 1.0, 16.0 ], "autoUv": false },
						"up": { "texture": "#brass", "uv": [ 0.0, 0.0, 1.0, 1.0 ] },
						"down": { "texture": "#brass", "uv": [ 0.0, 0.0, 1.0, 1.0 ] }
					}
				},
				{
					"name": "woodleg7",
					"from": [ 40.0, 0.0, -0.8 ],
					"to": [ 43.0, 32.0, 2.8 ],
					"rotationOrigin": [ -4.0, 0.0, -0.8 ],
					"faces": {
						"north": { "texture": "#agedbark", "uv": [ 0.0, 0.0, 3.0, 16.0 ], "autoUv": false },
						"east": { "texture": "#agedbark", "uv": [ 0.0, 0.0, 3.5, 16.0 ], "autoUv": false },
						"south": { "texture": "#agedbark", "uv": [ 0.0, 0.0, 3.0, 16.0 ], "autoUv": false },
						"west": { "texture": "#agedbark", "uv": [ 0.0, 0.0, 3.5, 16.0 ], "autoUv": false },
						"up": { "texture": "#agedbark", "uv": [ 0.0, 0.0, 3.0, 3.5 ] },
						"down": { "texture": "#agedbark", "uv": [ 0.0, 0.0, 3.0, 3.5 ] }
					}
				},
				{
					"name": "woodleg4",
					"from": [ -3.0, 0.0, -0.8 ],
					"to": [ 0.0, 32.0, 2.8 ],
					"rotationOrigin": [ -3.0, 0.0, -0.8 ],
					"faces": {
						"north": { "texture": "#agedbark", "uv": [ 0.0, 0.0, 3.0, 16.0 ], "autoUv": false },
						"east": { "texture": "#agedbark", "uv": [ 0.0, 0.0, 3.5, 16.0 ], "autoUv": false },
						"south": { "texture": "#agedbark", "uv": [ 0.0, 0.0, 3.5, 16.0 ], "autoUv": false },
						"west": { "texture": "#agedbark", "uv": [ 0.0, 0.0, 3.5, 16.0 ], "autoUv": false },
						"up": { "texture": "#agedbark", "uv": [ 0.0, 0.0, 3.0, 3.5 ] },
						"down": { "texture": "#agedbark", "uv": [ 0.0, 0.0, 3.0, 3.5 ] }
					}
				},
				{
					"name": "woodleg18",
					"from": [ -3.5, 0.0, -0.7 ],
					"to": [ -0.1, 1.0, 2.7 ],
					"rotationOrigin": [ -3.5, 0.0, -0.7 ],
					"faces": {
						"north": { "texture": "#steel", "uv": [ 0.0, 0.0, 3.0, 1.0 ] },
						"east": { "texture": "#steel", "uv": [ 0.0, 0.0, 3.0, 1.0 ] },
						"south": { "texture": "#steel", "uv": [ 0.0, 0.0, 3.0, 1.0 ] },
						"west": { "texture": "#steel", "uv": [ 0.0, 0.0, 3.0, 1.0 ] },
						"up": { "texture": "#steel", "uv": [ 0.0, 0.0, 3.0, 3.0 ] },
						"down": { "texture": "#steel", "uv": [ 0.0, 0.0, 3.0, 3.0 ] }
					}
				},
				{
					"name": "woodleg14",
					"from": [ 40.1, 0.0, -0.7 ],
					"to": [ 43.5, 1.0, 2.7 ],
					"rotationOrigin": [ 40.1, 0.0, -0.7 ],
					"faces": {
						"north": { "texture": "#steel", "uv": [ 0.0, 0.0, 3.0, 1.0 ] },
						"east": { "texture": "#steel", "uv": [ 0.0, 0.0, 3.0, 1.0 ] },
						"south": { "texture": "#steel", "uv": [ 0.0, 0.0, 3.0, 1.0 ] },
						"west": { "texture": "#steel", "uv": [ 0.0, 0.0, 3.0, 1.0 ] },
						"up": { "texture": "#steel", "uv": [ 0.0, 0.0, 3.0, 3.0 ] },
						"down": { "texture": "#steel", "uv": [ 0.0, 0.0, 3.0, 3.0 ] }
					}
				},
				{
					"name": "woodleg19",
					"from": [ -3.0, 0.0, -0.4 ],
					"to": [ -1.0, 54.0, 1.2 ],
					"rotationOrigin": [ -3.0, 0.0, -0.4 ],
					"rotationZ": -52.5,
					"faces": {
						"north": { "texture": "#steel", "uv": [ 0.0, 0.0, 2.0, 16.0 ], "autoUv": false },
						"east": { "texture": "#steel", "uv": [ 0.0, 0.0, 1.5, 16.0 ], "autoUv": false },
						"south": { "texture": "#steel", "uv": [ 0.0, 0.0, 2.0, 16.0 ], "autoUv": false },
						"west": { "texture": "#steel", "uv": [ 0.0, 0.0, 1.5, 16.0 ], "autoUv": false },
						"up": { "texture": "#steel", "uv": [ 0.0, 0.0, 2.0, 1.5 ] },
						"down": { "texture": "#steel", "uv": [ 0.0, 0.0, 2.0, 1.5 ] }
					}
				},
				{
					"name": "woodleg23",
					"from": [ 41.0, 0.0, -0.4 ],
					"to": [ 43.0, 54.0, 1.2 ],
					"rotationOrigin": [ 43.0, 0.0, -0.4 ],
					"rotationZ": 52.5,
					"faces": {
						"north": { "texture": "#steel", "uv": [ 0.0, 0.0, 2.0, 16.0 ], "autoUv": false },
						"east": { "texture": "#steel", "uv": [ 0.0, 0.0, 1.5, 16.0 ], "autoUv": false },
						"south": { "texture": "#steel", "uv": [ 0.0, 0.0, 2.0, 16.0 ], "autoUv": false },
						"west": { "texture": "#steel", "uv": [ 0.0, 0.0, 1.5, 16.0 ], "autoUv": false },
						"up": { "texture": "#steel", "uv": [ 0.0, 0.0, 2.0, 1.5 ] },
						"down": { "texture": "#steel", "uv": [ 0.0, 0.0, 2.0, 1.5 ] }
					}
				},
				{
					"name": "woodleg13",
					"from": [ 18.5, -1.0, -0.5 ],
					"to": [ 21.5, 33.0, 0.5 ],
					"rotationOrigin": [ -3.5, -1.0, -0.5 ],
					"faces": {
						"north": { "texture": "#agedbark", "uv": [ 0.0, 0.0, 3.0, 16.0 ], "autoUv": false },
						"east": { "texture": "#agedbark", "uv": [ 0.0, 0.0, 1.0, 16.0 ], "autoUv": false },
						"south": { "texture": "#agedbark", "uv": [ 0.0, 0.0, 3.0, 16.0 ], "autoUv": false },
						"west": { "texture": "#agedbark", "uv": [ 0.0, 0.0, 1.0, 16.0 ], "autoUv": false },
						"up": { "texture": "#agedbark", "uv": [ 0.0, 0.0, 3.0, 1.0 ] },
						"down": { "texture": "#agedbark", "uv": [ 0.0, 0.0, 3.0, 1.0 ] }
					}
				},
				{
					"name": "Cube2",
					"from": [ -4.0, -2.0, -1.0 ],
					"to": [ 44.0, 0.0, 3.0 ],
					"rotationOrigin": [ -4.0, -2.0, -1.0 ],
					"faces": {
						"north": { "texture": "#aged-h", "uv": [ 0.0, 0.0, 16.0, 2.0 ], "autoUv": false },
						"east": { "texture": "#aged-h", "uv": [ 0.0, 0.0, 4.0, 2.0 ] },
						"south": { "texture": "#aged-h", "uv": [ 0.0, 0.0, 16.0, 2.0 ], "autoUv": false },
						"west": { "texture": "#aged-h", "uv": [ 0.0, 0.0, 4.0, 2.0 ] },
						"up": { "texture": "#aged-h", "uv": [ 0.0, 0.0, 16.0, 4.0 ], "autoUv": false },
						"down": { "texture": "#aged-h", "uv": [ 0.0, 0.0, 16.0, 4.0 ], "autoUv": false }
					}
				},
				{
					"name": "woodleg5",
					"from": [ -2.9, -3.0, -0.9 ],
					"to": [ 0.9, -2.0, 2.9 ],
					"rotationOrigin": [ -2.9, -3.0, -0.9 ],
					"faces": {
						"north": { "texture": "#brass", "uv": [ 0.0, 0.0, 3.5, 1.0 ] },
						"east": { "texture": "#brass", "uv": [ 0.0, 0.0, 3.5, 1.0 ] },
						"south": { "texture": "#brass", "uv": [ 0.0, 0.0, 3.5, 1.0 ] },
						"west": { "texture": "#brass", "uv": [ 0.0, 0.0, 3.5, 1.0 ] },
						"up": { "texture": "#brass", "uv": [ 0.0, 0.0, 3.5, 3.5 ] },
						"down": { "texture": "#brass", "uv": [ 0.0, 0.0, 3.5, 3.5 ] }
					}
				},
				{
					"name": "woodleg6",
					"from": [ 18.1, -3.0, -0.9 ],
					"to": [ 21.9, -2.0, 2.9 ],
					"rotationOrigin": [ 18.1, -3.0, -0.9 ],
					"faces": {
						"north": { "texture": "#brass", "uv": [ 0.0, 0.0, 3.5, 1.0 ] },
						"east": { "texture": "#brass", "uv": [ 0.0, 0.0, 3.5, 1.0 ] },
						"south": { "texture": "#brass", "uv": [ 0.0, 0.0, 3.5, 1.0 ] },
						"west": { "texture": "#brass", "uv": [ 0.0, 0.0, 3.5, 1.0 ] },
						"up": { "texture": "#brass", "uv": [ 0.0, 0.0, 3.5, 3.5 ] },
						"down": { "texture": "#brass", "uv": [ 0.0, 0.0, 3.5, 3.5 ] }
					}
				},
				{
					"name": "woodleg12",
					"from": [ 39.1, -3.0, -0.9 ],
					"to": [ 42.9, -2.0, 2.9 ],
					"rotationOrigin": [ 39.1, -3.0, -0.9 ],
					"faces": {
						"north": { "texture": "#brass", "uv": [ 0.0, 0.0, 3.5, 1.0 ] },
						"east": { "texture": "#brass", "uv": [ 0.0, 0.0, 3.5, 1.0 ] },
						"south": { "texture": "#brass", "uv": [ 0.0, 0.0, 3.5, 1.0 ] },
						"west": { "texture": "#brass", "uv": [ 0.0, 0.0, 3.5, 1.0 ] },
						"up": { "texture": "#brass", "uv": [ 0.0, 0.0, 3.5, 3.5 ] },
						"down": { "texture": "#brass", "uv": [ 0.0, 0.0, 3.5, 3.5 ] }
					}
				}
			]
		}
	]}