{
	"editor": {
		"collapsedPaths": "Root/rootboard",
		"allAngles": true,
		"entityTextureMode": false
	},
	"textureWidth": 16,
	"textureHeight": 16,
	"textureSizes": {
	},
	"textures": {
	},
	"elements": [
		{
			"name": "rootboard",
			"from": [ 4.0, 0.0, 1.0 ],
			"to": [ 44.0, 32.0, 3.0 ],
			"faces": {
				"north": { "texture": "#agedp-h96x64", "uv": [ 0.0, 0.0, 16.0, 16.0 ], "autoUv": false },
				"east": { "texture": "#agedp-h96x64", "uv": [ 0.0, 0.0, 2.0, 16.0 ], "autoUv": false },
				"south": { "texture": "#agedp-h96x64", "uv": [ 0.0, 0.0, 16.0, 16.0 ], "autoUv": false },
				"west": { "texture": "#agedp-h96x64", "uv": [ 0.0, 0.0, 2.0, 16.0 ], "autoUv": false },
				"up": { "texture": "#agedp-h96x64", "uv": [ 0.0, 0.0, 16.0, 2.0 ], "autoUv": false },
				"down": { "texture": "#agedp-h96x64", "uv": [ 0.0, 0.0, 16.0, 2.0 ], "autoUv": false }
			},
			"children": [
				{
					"name": "Cube3",
					"from": [ 0.0, 0.0, 1.5 ],
					"to": [ 40.0, 1.0, 2.5 ],
					"rotationOrigin": [ 0.0, 0.0, 1.5 ],
					"faces": {
						"north": { "texture": "#brass", "uv": [ 0.0, 0.0, 16.0, 1.0 ], "autoUv": false },
						"east": { "texture": "#brass", "uv": [ 0.0, 0.0, 1.0, 1.0 ] },
						"south": { "texture": "#brass", "uv": [ 0.0, 0.0, 16.0, 1.0 ], "autoUv": false },
						"west": { "texture": "#brass", "uv": [ 0.0, 0.0, 1.0, 1.0 ] },
						"up": { "texture": "#brass", "uv": [ 0.0, 0.0, 16.0, 1.0 ], "autoUv": false },
						"down": { "texture": "#brass", "uv": [ 0.0, 0.0, 16.0, 1.0 ], "autoUv": false }
					}
				},
				{
					"name": "woodleg8",
					"from": [ 39.0, 1.0, 1.5 ],
					"to": [ 40.0, 31.0, 2.5 ],
					"rotationOrigin": [ -5.0, 1.0, 1.5 ],
					"faces": {
						"north": { "texture": "#brass", "uv": [ 0.0, 0.0, 1.0, 16.0 ], "autoUv": false },
						"east": { "texture": "#brass", "uv": [ 0.0, 0.0, 1.0, 16.0 ], "autoUv": false },
						"south": { "texture": "#brass", "uv": [ 0.0, 0.0, 1.0, 16.0 ], "autoUv": false },
						"west": { "texture": "#brass", "uv": [ 0.0, 0.0, 1.0, 16.0 ], "autoUv": false },
						"up": { "texture": "#brass", "uv": [ 0.0, 0.0, 1.0, 1.0 ] },
						"down": { "texture": "#brass", "uv": [ 0.0, 0.0, 1.0, 1.0 ] }
					}
				},
				{
					"name": "top",
					"from": [ 0.0, 31.0, 1.5 ],
					"to": [ 40.0, 32.0, 2.5 ],
					"rotationOrigin": [ 0.0, 31.0, 1.5 ],
					"faces": {
						"north": { "texture": "#brass", "uv": [ 0.0, 0.0, 16.0, 1.0 ], "autoUv": false },
						"east": { "texture": "#brass", "uv": [ 0.0, 0.0, 1.0, 1.0 ] },
						"south": { "texture": "#brass", "uv": [ 0.0, 0.0, 16.0, 1.0 ], "autoUv": false },
						"west": { "texture": "#brass", "uv": [ 0.0, 0.0, 1.0, 1.0 ] },
						"up": { "texture": "#brass", "uv": [ 0.0, 0.0, 16.0, 1.0 ], "autoUv": false },
						"down": { "texture": "#brass", "uv": [ 0.0, 0.0, 16.0, 1.0 ], "autoUv": false }
					},
					"children": [
						{
							"name": "Cube5",
							"from": [ -4.0, 1.0, -2.5 ],
							"to": [ 44.0, 3.0, 1.5 ],
							"rotationOrigin": [ -4.0, 1.0, -2.5 ],
							"faces": {
								"north": { "texture": "#aged-h", "uv": [ 0.0, 0.0, 16.0, 2.0 ], "autoUv": false },
								"east": { "texture": "#aged-h", "uv": [ 0.0, 0.0, 4.0, 2.0 ] },
								"south": { "texture": "#aged-h", "uv": [ 0.0, 0.0, 16.0, 2.0 ], "autoUv": false },
								"west": { "texture": "#aged-h", "uv": [ 0.0, 0.0, 4.0, 2.0 ] },
								"up": { "texture": "#aged-h", "uv": [ 0.0, 0.0, 16.0, 4.0 ], "autoUv": false },
								"down": { "texture": "#aged-h", "uv": [ 0.0, 0.0, 16.0, 4.0 ], "autoUv": false }
							}
						},
						{
							"name": "woodleg15",
							"from": [ 40.1, 0.0, -2.2 ],
							"to": [ 43.5, 1.0, 1.2 ],
							"rotationOrigin": [ 40.1, 0.0, -2.2 ],
							"faces": {
								"north": { "texture": "#steel", "uv": [ 0.0, 0.0, 3.0, 1.0 ] },
								"east": { "texture": "#steel", "uv": [ 0.0, 0.0, 3.0, 1.0 ] },
								"south": { "texture": "#steel", "uv": [ 0.0, 0.0, 3.0, 1.0 ] },
								"west": { "texture": "#steel", "uv": [ 0.0, 0.0, 3.0, 1.0 ] },
								"up": { "texture": "#steel", "uv": [ 0.0, 0.0, 3.0, 3.0 ] },
								"down": { "texture": "#steel", "uv": [ 0.0, 0.0, 3.0, 3.0 ] }
							}
						},
						{
							"name": "woodleg16",
							"from": [ -3.5, 0.0, -2.2 ],
							"to": [ -0.1, 1.0, 1.2 ],
							"rotationOrigin": [ -3.5, 0.0, -2.2 ],
							"faces": {
								"north": { "texture": "#steel", "uv": [ 0.0, 0.0, 3.0, 1.0 ] },
								"east": { "texture": "#steel", "uv": [ 0.0, 0.0, 3.0, 1.0 ] },
								"south": { "texture": "#steel", "uv": [ 0.0, 0.0, 3.0, 1.0 ] },
								"west": { "texture": "#steel", "uv": [ 0.0, 0.0, 3.0, 1.0 ] },
								"up": { "texture": "#steel", "uv": [ 0.0, 0.0, 3.0, 3.0 ] },
								"down": { "texture": "#steel", "uv": [ 0.0, 0.0, 3.0, 3.0 ] }
							}
						}
					]
				},
				{
					"name": "woodleg9",
					"from": [ 0.0, 1.0, 1.5 ],
					"to": [ 1.0, 31.0, 2.5 ],
					"rotationOrigin": [ -44.0, 1.0, 1.5 ],
					"faces": {
						"north": { "texture": "#brass", "uv": [ 0.0, 0.0, 1.0, 16.0 ], "autoUv": false },
						"east": { "texture": "#brass", "uv": [ 0.0, 0.0, 1.0, 16.0 ], "autoUv": false },
						"south": { "texture": "#brass", "uv": [ 0.0, 0.0, 1.0, 16.0 ], "autoUv": false },
						"west": { "texture": "#brass", "uv": [ 0.0, 0.0, 1.0, 16.0 ], "autoUv": false },
						"up": { "texture": "#brass", "uv": [ 0.0, 0.0, 1.0, 1.0 ] },
						"down": { "texture": "#brass", "uv": [ 0.0, 0.0, 1.0, 1.0 ] }
					}
				},
				{
					"name": "woodleg7",
					"from": [ 40.0, 0.0, -0.8 ],
					"to": [ 43.0, 32.0, 2.8 ],
					"rotationOrigin": [ -4.0, 0.0, -0.8 ],
					"faces": {
						"north": { "texture": "#agedbark", "uv": [ 0.0, 0.0, 3.0, 16.0 ], "autoUv": false },
						"east": { "texture": "#agedbark", "uv": [ 0.0, 0.0, 3.5, 16.0 ], "autoUv": false },
						"south": { "texture": "#agedbark", "uv": [ 0.0, 0.0, 3.0, 16.0 ], "autoUv": false },
						"west": { "texture": "#agedbark", "uv": [ 0.0, 0.0, 3.5, 16.0 ], "autoUv": false },
						"up": { "texture": "#agedbark", "uv": [ 0.0, 0.0, 3.0, 3.5 ] },
						"down": { "texture": "#agedbark", "uv": [ 0.0, 0.0, 3.0, 3.5 ] }
					},
					"children": [
						{
							"name": "mark1",
							"from": [ 0.6, 7.0, 3.2 ],
							"to": [ 2.6, 9.0, 4.2 ],
							"rotationOrigin": [ 0.6, 7.0, 3.2 ],
							"rotationZ": 14.0,
							"faces": {
								"north": { "texture": "#paperlabel", "uv": [ 7.0, 13.4, 8.0, 14.0 ], "autoUv": false },
								"east": { "texture": "#paperlabel", "uv": [ 7.0, 13.4, 8.0, 14.0 ], "autoUv": false },
								"south": { "texture": "#paperlabel", "uv": [ 7.0, 13.4, 8.0, 14.0 ], "autoUv": false },
								"west": { "texture": "#paperlabel", "uv": [ 7.0, 13.4, 8.0, 14.0 ], "autoUv": false },
								"up": { "texture": "#paperlabel", "uv": [ 7.0, 13.4, 8.0, 14.0 ], "autoUv": false },
								"down": { "texture": "#paperlabel", "uv": [ 7.0, 13.4, 8.0, 14.0 ], "autoUv": false }
							},
							"children": [
								{
									"name": "Cube48",
									"from": [ 1.6, 0.4, 0.2 ],
									"to": [ 3.0, 5.4, 0.5 ],
									"rotationOrigin": [ 1.6, 0.4, 0.2 ],
									"rotationX": -3.0,
									"rotationZ": 180.0,
									"faces": {
										"north": { "texture": "#paperlabelsample", "uv": [ 6.5, 4.25, 7.5, 9.25 ] },
										"east": { "texture": "#paperlabelsample", "uv": [ 7.5, 3.75, 8.0, 8.75 ] },
										"south": { "texture": "#paperlabel2", "uv": [ 1.5, 1.25, 14.5, 12.25 ], "autoUv": false },
										"west": { "texture": "#paperlabelsample", "uv": [ 6.0, 3.75, 6.5, 8.75 ] },
										"up": { "texture": "#paperlabelsample", "uv": [ 5.0, 5.25, 6.0, 5.5 ] },
										"down": { "texture": "#paperlabelsample", "uv": [ 7.5, 6.25, 8.5, 6.5 ] }
									},
									"children": [
										{
											"name": "Cube49",
											"from": [ 0.0, 5.0, 0.0 ],
											"to": [ 0.4, 6.3, 0.3 ],
											"rotationOrigin": [ 0.0, 5.0, 0.0 ],
											"faces": {
												"north": { "texture": "#paperlabelsample", "uv": [ 6.0, 4.0, 6.5, 5.25 ] },
												"east": { "texture": "#paperlabelsample", "uv": [ 4.5, 3.5, 5.0, 4.75 ] },
												"south": { "texture": "#paperlabelsample", "uv": [ 4.5, 2.75, 5.0, 4.0 ] },
												"west": { "texture": "#paperlabelsample", "uv": [ 3.5, 1.25, 4.0, 2.5 ] },
												"up": { "texture": "#paperlabelsample", "uv": [ 3.5, 5.75, 4.0, 6.0 ] },
												"down": { "texture": "#paperlabelsample", "uv": [ 5.0, 3.75, 5.5, 4.0 ] }
											}
										},
										{
											"name": "Cube50",
											"from": [ 1.0, 5.0, 0.0 ],
											"to": [ 1.4, 6.3, 0.3 ],
											"rotationOrigin": [ 1.0, 5.0, 0.0 ],
											"faces": {
												"north": { "texture": "#paperlabelsample", "uv": [ 6.0, 4.0, 6.5, 5.25 ] },
												"east": { "texture": "#paperlabelsample", "uv": [ 5.5, 6.0, 6.0, 7.25 ] },
												"south": { "texture": "#paperlabelsample", "uv": [ 6.0, 5.75, 6.5, 7.0 ] },
												"west": { "texture": "#paperlabelsample", "uv": [ 3.5, 4.25, 4.0, 5.5 ] },
												"up": { "texture": "#paperlabelsample", "uv": [ 5.5, 6.0, 6.0, 6.25 ] },
												"down": { "texture": "#paperlabelsample", "uv": [ 5.5, 6.25, 6.0, 6.5 ] }
											}
										}
									]
								}
							]
						},
						{
							"name": "mark2",
							"from": [ 0.1, 12.0, 3.2 ],
							"to": [ 2.1, 14.0, 4.2 ],
							"rotationOrigin": [ 0.1, 12.0, 3.2 ],
							"rotationZ": -19.0,
							"faces": {
								"north": { "texture": "#paperlabel", "uv": [ 7.0, 13.4, 8.0, 14.0 ], "autoUv": false },
								"east": { "texture": "#paperlabel", "uv": [ 7.0, 13.4, 8.0, 14.0 ], "autoUv": false },
								"south": { "texture": "#paperlabel", "uv": [ 7.0, 13.4, 8.0, 14.0 ], "autoUv": false },
								"west": { "texture": "#paperlabel", "uv": [ 7.0, 13.4, 8.0, 14.0 ], "autoUv": false },
								"up": { "texture": "#paperlabel", "uv": [ 7.0, 13.4, 8.0, 14.0 ], "autoUv": false },
								"down": { "texture": "#paperlabel", "uv": [ 7.0, 13.4, 8.0, 14.0 ], "autoUv": false }
							},
							"children": [
								{
									"name": "Cube51",
									"from": [ 1.6, 0.4, 0.2 ],
									"to": [ 3.0, 5.4, 0.5 ],
									"rotationOrigin": [ 1.6, 0.4, 0.2 ],
									"rotationX": -14.0,
									"rotationZ": 180.0,
									"faces": {
										"north": { "texture": "#paperlabelsample", "uv": [ 6.5, 4.25, 7.5, 9.25 ] },
										"east": { "texture": "#paperlabelsample", "uv": [ 7.5, 3.75, 8.0, 8.75 ] },
										"south": { "texture": "#paperlabel2", "uv": [ 1.5, 1.25, 14.5, 12.25 ], "autoUv": false },
										"west": { "texture": "#paperlabelsample", "uv": [ 6.0, 3.75, 6.5, 8.75 ] },
										"up": { "texture": "#paperlabelsample", "uv": [ 5.0, 5.25, 6.0, 5.5 ] },
										"down": { "texture": "#paperlabelsample", "uv": [ 7.5, 6.25, 8.5, 6.5 ] }
									},
									"children": [
										{
											"name": "Cube52",
											"from": [ 0.0, 5.0, 0.0 ],
											"to": [ 0.4, 6.3, 0.3 ],
											"rotationOrigin": [ 0.0, 5.0, 0.0 ],
											"faces": {
												"north": { "texture": "#paperlabelsample", "uv": [ 6.0, 4.0, 6.5, 5.25 ] },
												"east": { "texture": "#paperlabelsample", "uv": [ 4.5, 3.5, 5.0, 4.75 ] },
												"south": { "texture": "#paperlabelsample", "uv": [ 4.5, 2.75, 5.0, 4.0 ] },
												"west": { "texture": "#paperlabelsample", "uv": [ 3.5, 1.25, 4.0, 2.5 ] },
												"up": { "texture": "#paperlabelsample", "uv": [ 3.5, 5.75, 4.0, 6.0 ] },
												"down": { "texture": "#paperlabelsample", "uv": [ 5.0, 3.75, 5.5, 4.0 ] }
											}
										},
										{
											"name": "Cube53",
											"from": [ 1.0, 5.0, 0.0 ],
											"to": [ 1.4, 6.3, 0.3 ],
											"rotationOrigin": [ 1.0, 5.0, 0.0 ],
											"faces": {
												"north": { "texture": "#paperlabelsample", "uv": [ 6.0, 4.0, 6.5, 5.25 ] },
												"east": { "texture": "#paperlabelsample", "uv": [ 5.5, 6.0, 6.0, 7.25 ] },
												"south": { "texture": "#paperlabelsample", "uv": [ 6.0, 5.75, 6.5, 7.0 ] },
												"west": { "texture": "#paperlabelsample", "uv": [ 3.5, 4.25, 4.0, 5.5 ] },
												"up": { "texture": "#paperlabelsample", "uv": [ 5.5, 6.0, 6.0, 6.25 ] },
												"down": { "texture": "#paperlabelsample", "uv": [ 5.5, 6.25, 6.0, 6.5 ] }
											}
										}
									]
								}
							]
						},
						{
							"name": "mark3",
							"from": [ -42.4, 7.0, 3.2 ],
							"to": [ -40.4, 9.0, 4.2 ],
							"rotationOrigin": [ -42.4, 7.0, 3.2 ],
							"rotationZ": -8.0,
							"faces": {
								"north": { "texture": "#paperlabel", "uv": [ 7.0, 13.4, 8.0, 14.0 ], "autoUv": false },
								"east": { "texture": "#paperlabel", "uv": [ 7.0, 13.4, 8.0, 14.0 ], "autoUv": false },
								"south": { "texture": "#paperlabel", "uv": [ 7.0, 13.4, 8.0, 14.0 ], "autoUv": false },
								"west": { "texture": "#paperlabel", "uv": [ 7.0, 13.4, 8.0, 14.0 ], "autoUv": false },
								"up": { "texture": "#paperlabel", "uv": [ 7.0, 13.4, 8.0, 14.0 ], "autoUv": false },
								"down": { "texture": "#paperlabel", "uv": [ 7.0, 13.4, 8.0, 14.0 ], "autoUv": false }
							},
							"children": [
								{
									"name": "Cube54",
									"from": [ 1.6, 0.4, 0.2 ],
									"to": [ 3.0, 5.4, 0.5 ],
									"rotationOrigin": [ 1.6, 0.4, 0.2 ],
									"rotationX": -3.0,
									"rotationZ": 180.0,
									"faces": {
										"north": { "texture": "#paperlabelsample", "uv": [ 6.5, 4.25, 7.5, 9.25 ] },
										"east": { "texture": "#paperlabelsample", "uv": [ 7.5, 3.75, 8.0, 8.75 ] },
										"south": { "texture": "#paperlabel2", "uv": [ 1.5, 1.25, 14.5, 12.25 ], "autoUv": false },
										"west": { "texture": "#paperlabelsample", "uv": [ 6.0, 3.75, 6.5, 8.75 ] },
										"up": { "texture": "#paperlabelsample", "uv": [ 5.0, 5.25, 6.0, 5.5 ] },
										"down": { "texture": "#paperlabelsample", "uv": [ 7.5, 6.25, 8.5, 6.5 ] }
									},
									"children": [
										{
											"name": "Cube55",
											"from": [ 0.0, 5.0, 0.0 ],
											"to": [ 0.4, 6.3, 0.3 ],
											"rotationOrigin": [ 0.0, 5.0, 0.0 ],
											"faces": {
												"north": { "texture": "#paperlabelsample", "uv": [ 6.0, 4.0, 6.5, 5.25 ] },
												"east": { "texture": "#paperlabelsample", "uv": [ 4.5, 3.5, 5.0, 4.75 ] },
												"south": { "texture": "#paperlabelsample", "uv": [ 4.5, 2.75, 5.0, 4.0 ] },
												"west": { "texture": "#paperlabelsample", "uv": [ 3.5, 1.25, 4.0, 2.5 ] },
												"up": { "texture": "#paperlabelsample", "uv": [ 3.5, 5.75, 4.0, 6.0 ] },
												"down": { "texture": "#paperlabelsample", "uv": [ 5.0, 3.75, 5.5, 4.0 ] }
											}
										},
										{
											"name": "Cube56",
											"from": [ 1.0, 5.0, 0.0 ],
											"to": [ 1.4, 6.3, 0.3 ],
											"rotationOrigin": [ 1.0, 5.0, 0.0 ],
											"faces": {
												"north": { "texture": "#paperlabelsample", "uv": [ 6.0, 4.0, 6.5, 5.25 ] },
												"east": { "texture": "#paperlabelsample", "uv": [ 5.5, 6.0, 6.0, 7.25 ] },
												"south": { "texture": "#paperlabelsample", "uv": [ 6.0, 5.75, 6.5, 7.0 ] },
												"west": { "texture": "#paperlabelsample", "uv": [ 3.5, 4.25, 4.0, 5.5 ] },
												"up": { "texture": "#paperlabelsample", "uv": [ 5.5, 6.0, 6.0, 6.25 ] },
												"down": { "texture": "#paperlabelsample", "uv": [ 5.5, 6.25, 6.0, 6.5 ] }
											}
										}
									]
								}
							]
						},
						{
							"name": "mark4",
							"from": [ -41.9, 28.0, 3.2 ],
							"to": [ -39.9, 30.0, 4.2 ],
							"rotationOrigin": [ -41.9, 28.0, 3.2 ],
							"rotationZ": 28.0,
							"faces": {
								"north": { "texture": "#paperlabel", "uv": [ 7.0, 13.4, 8.0, 14.0 ], "autoUv": false },
								"east": { "texture": "#paperlabel", "uv": [ 7.0, 13.4, 8.0, 14.0 ], "autoUv": false },
								"south": { "texture": "#paperlabel", "uv": [ 7.0, 13.4, 8.0, 14.0 ], "autoUv": false },
								"west": { "texture": "#paperlabel", "uv": [ 7.0, 13.4, 8.0, 14.0 ], "autoUv": false },
								"up": { "texture": "#paperlabel", "uv": [ 7.0, 13.4, 8.0, 14.0 ], "autoUv": false },
								"down": { "texture": "#paperlabel", "uv": [ 7.0, 13.4, 8.0, 14.0 ], "autoUv": false }
							},
							"children": [
								{
									"name": "Cube57",
									"from": [ 1.6, 0.4, 0.2 ],
									"to": [ 3.0, 5.4, 0.5 ],
									"rotationOrigin": [ 1.6, 0.4, 0.2 ],
									"rotationX": -3.0,
									"rotationZ": 180.0,
									"faces": {
										"north": { "texture": "#paperlabelsample", "uv": [ 6.5, 4.25, 7.5, 9.25 ] },
										"east": { "texture": "#paperlabelsample", "uv": [ 7.5, 3.75, 8.0, 8.75 ] },
										"south": { "texture": "#paperlabel2", "uv": [ 1.5, 1.25, 14.5, 12.25 ], "autoUv": false },
										"west": { "texture": "#paperlabelsample", "uv": [ 6.0, 3.75, 6.5, 8.75 ] },
										"up": { "texture": "#paperlabelsample", "uv": [ 5.0, 5.25, 6.0, 5.5 ] },
										"down": { "texture": "#paperlabelsample", "uv": [ 7.5, 6.25, 8.5, 6.5 ] }
									},
									"children": [
										{
											"name": "Cube58",
											"from": [ 0.0, 5.0, 0.0 ],
											"to": [ 0.4, 6.3, 0.3 ],
											"rotationOrigin": [ 0.0, 5.0, 0.0 ],
											"faces": {
												"north": { "texture": "#paperlabelsample", "uv": [ 6.0, 4.0, 6.5, 5.25 ] },
												"east": { "texture": "#paperlabelsample", "uv": [ 4.5, 3.5, 5.0, 4.75 ] },
												"south": { "texture": "#paperlabelsample", "uv": [ 4.5, 2.75, 5.0, 4.0 ] },
												"west": { "texture": "#paperlabelsample", "uv": [ 3.5, 1.25, 4.0, 2.5 ] },
												"up": { "texture": "#paperlabelsample", "uv": [ 3.5, 5.75, 4.0, 6.0 ] },
												"down": { "texture": "#paperlabelsample", "uv": [ 5.0, 3.75, 5.5, 4.0 ] }
											}
										},
										{
											"name": "Cube59",
											"from": [ 1.0, 5.0, 0.0 ],
											"to": [ 1.4, 6.3, 0.3 ],
											"rotationOrigin": [ 1.0, 5.0, 0.0 ],
											"faces": {
												"north": { "texture": "#paperlabelsample", "uv": [ 6.0, 4.0, 6.5, 5.25 ] },
												"east": { "texture": "#paperlabelsample", "uv": [ 5.5, 6.0, 6.0, 7.25 ] },
												"south": { "texture": "#paperlabelsample", "uv": [ 6.0, 5.75, 6.5, 7.0 ] },
												"west": { "texture": "#paperlabelsample", "uv": [ 3.5, 4.25, 4.0, 5.5 ] },
												"up": { "texture": "#paperlabelsample", "uv": [ 5.5, 6.0, 6.0, 6.25 ] },
												"down": { "texture": "#paperlabelsample", "uv": [ 5.5, 6.25, 6.0, 6.5 ] }
											}
										}
									]
								}
							]
						},
						{
							"name": "mark5",
							"from": [ -42.5, 24.0, 3.2 ],
							"to": [ -40.5, 26.0, 4.2 ],
							"rotationOrigin": [ -42.5, 24.0, 3.2 ],
							"rotationZ": 11.0,
							"faces": {
								"north": { "texture": "#paperlabel", "uv": [ 7.0, 13.4, 8.0, 14.0 ], "autoUv": false },
								"east": { "texture": "#paperlabel", "uv": [ 7.0, 13.4, 8.0, 14.0 ], "autoUv": false },
								"south": { "texture": "#paperlabel", "uv": [ 7.0, 13.4, 8.0, 14.0 ], "autoUv": false },
								"west": { "texture": "#paperlabel", "uv": [ 7.0, 13.4, 8.0, 14.0 ], "autoUv": false },
								"up": { "texture": "#paperlabel", "uv": [ 7.0, 13.4, 8.0, 14.0 ], "autoUv": false },
								"down": { "texture": "#paperlabel", "uv": [ 7.0, 13.4, 8.0, 14.0 ], "autoUv": false }
							},
							"children": [
								{
									"name": "Cube60",
									"from": [ 1.6, 0.4, 0.2 ],
									"to": [ 3.0, 5.4, 0.5 ],
									"rotationOrigin": [ 1.6, 0.4, 0.2 ],
									"rotationX": -3.0,
									"rotationZ": 180.0,
									"faces": {
										"north": { "texture": "#paperlabelsample", "uv": [ 6.5, 4.25, 7.5, 9.25 ] },
										"east": { "texture": "#paperlabelsample", "uv": [ 7.5, 3.75, 8.0, 8.75 ] },
										"south": { "texture": "#paperlabel2", "uv": [ 1.5, 1.25, 14.5, 12.25 ], "autoUv": false },
										"west": { "texture": "#paperlabelsample", "uv": [ 6.0, 3.75, 6.5, 8.75 ] },
										"up": { "texture": "#paperlabelsample", "uv": [ 5.0, 5.25, 6.0, 5.5 ] },
										"down": { "texture": "#paperlabelsample", "uv": [ 7.5, 6.25, 8.5, 6.5 ] }
									},
									"children": [
										{
											"name": "Cube61",
											"from": [ 0.0, 5.0, 0.0 ],
											"to": [ 0.4, 6.3, 0.3 ],
											"rotationOrigin": [ 0.0, 5.0, 0.0 ],
											"faces": {
												"north": { "texture": "#paperlabelsample", "uv": [ 6.0, 4.0, 6.5, 5.25 ] },
												"east": { "texture": "#paperlabelsample", "uv": [ 4.5, 3.5, 5.0, 4.75 ] },
												"south": { "texture": "#paperlabelsample", "uv": [ 4.5, 2.75, 5.0, 4.0 ] },
												"west": { "texture": "#paperlabelsample", "uv": [ 3.5, 1.25, 4.0, 2.5 ] },
												"up": { "texture": "#paperlabelsample", "uv": [ 3.5, 5.75, 4.0, 6.0 ] },
												"down": { "texture": "#paperlabelsample", "uv": [ 5.0, 3.75, 5.5, 4.0 ] }
											}
										},
										{
											"name": "Cube62",
											"from": [ 1.0, 5.0, 0.0 ],
											"to": [ 1.4, 6.3, 0.3 ],
											"rotationOrigin": [ 1.0, 5.0, 0.0 ],
											"faces": {
												"north": { "texture": "#paperlabelsample", "uv": [ 6.0, 4.0, 6.5, 5.25 ] },
												"east": { "texture": "#paperlabelsample", "uv": [ 5.5, 6.0, 6.0, 7.25 ] },
												"south": { "texture": "#paperlabelsample", "uv": [ 6.0, 5.75, 6.5, 7.0 ] },
												"west": { "texture": "#paperlabelsample", "uv": [ 3.5, 4.25, 4.0, 5.5 ] },
												"up": { "texture": "#paperlabelsample", "uv": [ 5.5, 6.0, 6.0, 6.25 ] },
												"down": { "texture": "#paperlabelsample", "uv": [ 5.5, 6.25, 6.0, 6.5 ] }
											}
										}
									]
								}
							]
						},
						{
							"name": "mark6",
							"from": [ -0.6, 1.0, 3.2 ],
							"to": [ 1.4, 3.0, 4.2 ],
							"rotationOrigin": [ -0.6, 1.0, 3.2 ],
							"rotationZ": -19.0,
							"faces": {
								"north": { "texture": "#paperlabel", "uv": [ 7.0, 13.4, 8.0, 14.0 ], "autoUv": false },
								"east": { "texture": "#paperlabel", "uv": [ 7.0, 13.4, 8.0, 14.0 ], "autoUv": false },
								"south": { "texture": "#paperlabel", "uv": [ 7.0, 13.4, 8.0, 14.0 ], "autoUv": false },
								"west": { "texture": "#paperlabel", "uv": [ 7.0, 13.4, 8.0, 14.0 ], "autoUv": false },
								"up": { "texture": "#paperlabel", "uv": [ 7.0, 13.4, 8.0, 14.0 ], "autoUv": false },
								"down": { "texture": "#paperlabel", "uv": [ 7.0, 13.4, 8.0, 14.0 ], "autoUv": false }
							},
							"children": [
								{
									"name": "Cube63",
									"from": [ 1.6, 0.4, 0.2 ],
									"to": [ 3.0, 5.4, 0.5 ],
									"rotationOrigin": [ 1.6, 0.4, 0.2 ],
									"rotationX": -11.0,
									"rotationZ": 180.0,
									"faces": {
										"north": { "texture": "#paperlabelsample", "uv": [ 6.5, 4.25, 7.5, 9.25 ] },
										"east": { "texture": "#paperlabelsample", "uv": [ 7.5, 3.75, 8.0, 8.75 ] },
										"south": { "texture": "#paperlabel2", "uv": [ 1.5, 1.25, 14.5, 12.25 ], "autoUv": false },
										"west": { "texture": "#paperlabelsample", "uv": [ 6.0, 3.75, 6.5, 8.75 ] },
										"up": { "texture": "#paperlabelsample", "uv": [ 5.0, 5.25, 6.0, 5.5 ] },
										"down": { "texture": "#paperlabelsample", "uv": [ 7.5, 6.25, 8.5, 6.5 ] }
									},
									"children": [
										{
											"name": "Cube64",
											"from": [ 0.0, 5.0, 0.0 ],
											"to": [ 0.4, 6.3, 0.3 ],
											"rotationOrigin": [ 0.0, 5.0, 0.0 ],
											"faces": {
												"north": { "texture": "#paperlabelsample", "uv": [ 6.0, 4.0, 6.5, 5.25 ] },
												"east": { "texture": "#paperlabelsample", "uv": [ 4.5, 3.5, 5.0, 4.75 ] },
												"south": { "texture": "#paperlabelsample", "uv": [ 4.5, 2.75, 5.0, 4.0 ] },
												"west": { "texture": "#paperlabelsample", "uv": [ 3.5, 1.25, 4.0, 2.5 ] },
												"up": { "texture": "#paperlabelsample", "uv": [ 3.5, 5.75, 4.0, 6.0 ] },
												"down": { "texture": "#paperlabelsample", "uv": [ 5.0, 3.75, 5.5, 4.0 ] }
											}
										},
										{
											"name": "Cube65",
											"from": [ 1.0, 5.0, 0.0 ],
											"to": [ 1.4, 6.3, 0.3 ],
											"rotationOrigin": [ 1.0, 5.0, 0.0 ],
											"faces": {
												"north": { "texture": "#paperlabelsample", "uv": [ 6.0, 4.0, 6.5, 5.25 ] },
												"east": { "texture": "#paperlabelsample", "uv": [ 5.5, 6.0, 6.0, 7.25 ] },
												"south": { "texture": "#paperlabelsample", "uv": [ 6.0, 5.75, 6.5, 7.0 ] },
												"west": { "texture": "#paperlabelsample", "uv": [ 3.5, 4.25, 4.0, 5.5 ] },
												"up": { "texture": "#paperlabelsample", "uv": [ 5.5, 6.0, 6.0, 6.25 ] },
												"down": { "texture": "#paperlabelsample", "uv": [ 5.5, 6.25, 6.0, 6.5 ] }
											}
										}
									]
								}
							]
						}
					]
				},
				{
					"name": "woodleg4",
					"from": [ -3.0, 0.0, -0.8 ],
					"to": [ 0.0, 32.0, 2.8 ],
					"rotationOrigin": [ -3.0, 0.0, -0.8 ],
					"faces": {
						"north": { "texture": "#agedbark", "uv": [ 0.0, 0.0, 3.0, 16.0 ], "autoUv": false },
						"east": { "texture": "#agedbark", "uv": [ 0.0, 0.0, 3.5, 16.0 ], "autoUv": false },
						"south": { "texture": "#agedbark", "uv": [ 0.0, 0.0, 3.5, 16.0 ], "autoUv": false },
						"west": { "texture": "#agedbark", "uv": [ 0.0, 0.0, 3.5, 16.0 ], "autoUv": false },
						"up": { "texture": "#agedbark", "uv": [ 0.0, 0.0, 3.0, 3.5 ] },
						"down": { "texture": "#agedbark", "uv": [ 0.0, 0.0, 3.0, 3.5 ] }
					}
				},
				{
					"name": "woodleg18",
					"from": [ -3.5, 0.0, -0.7 ],
					"to": [ -0.1, 1.0, 2.7 ],
					"rotationOrigin": [ -3.5, 0.0, -0.7 ],
					"faces": {
						"north": { "texture": "#steel", "uv": [ 0.0, 0.0, 3.0, 1.0 ] },
						"east": { "texture": "#steel", "uv": [ 0.0, 0.0, 3.0, 1.0 ] },
						"south": { "texture": "#steel", "uv": [ 0.0, 0.0, 3.0, 1.0 ] },
						"west": { "texture": "#steel", "uv": [ 0.0, 0.0, 3.0, 1.0 ] },
						"up": { "texture": "#steel", "uv": [ 0.0, 0.0, 3.0, 3.0 ] },
						"down": { "texture": "#steel", "uv": [ 0.0, 0.0, 3.0, 3.0 ] }
					}
				},
				{
					"name": "woodleg14",
					"from": [ 40.1, 0.0, -0.7 ],
					"to": [ 43.5, 1.0, 2.7 ],
					"rotationOrigin": [ 40.1, 0.0, -0.7 ],
					"faces": {
						"north": { "texture": "#steel", "uv": [ 0.0, 0.0, 3.0, 1.0 ] },
						"east": { "texture": "#steel", "uv": [ 0.0, 0.0, 3.0, 1.0 ] },
						"south": { "texture": "#steel", "uv": [ 0.0, 0.0, 3.0, 1.0 ] },
						"west": { "texture": "#steel", "uv": [ 0.0, 0.0, 3.0, 1.0 ] },
						"up": { "texture": "#steel", "uv": [ 0.0, 0.0, 3.0, 3.0 ] },
						"down": { "texture": "#steel", "uv": [ 0.0, 0.0, 3.0, 3.0 ] }
					}
				},
				{
					"name": "woodleg19",
					"from": [ -3.0, 0.0, -0.4 ],
					"to": [ -1.0, 54.0, 1.2 ],
					"rotationOrigin": [ -3.0, 0.0, -0.4 ],
					"rotationZ": -52.5,
					"faces": {
						"north": { "texture": "#steel", "uv": [ 0.0, 0.0, 2.0, 16.0 ], "autoUv": false },
						"east": { "texture": "#steel", "uv": [ 0.0, 0.0, 1.5, 16.0 ], "autoUv": false },
						"south": { "texture": "#steel", "uv": [ 0.0, 0.0, 2.0, 16.0 ], "autoUv": false },
						"west": { "texture": "#steel", "uv": [ 0.0, 0.0, 1.5, 16.0 ], "autoUv": false },
						"up": { "texture": "#steel", "uv": [ 0.0, 0.0, 2.0, 1.5 ] },
						"down": { "texture": "#steel", "uv": [ 0.0, 0.0, 2.0, 1.5 ] }
					}
				},
				{
					"name": "woodleg23",
					"from": [ 41.0, 0.0, -0.4 ],
					"to": [ 43.0, 54.0, 1.2 ],
					"rotationOrigin": [ 43.0, 0.0, -0.4 ],
					"rotationZ": 52.5,
					"faces": {
						"north": { "texture": "#steel", "uv": [ 0.0, 0.0, 2.0, 16.0 ], "autoUv": false },
						"east": { "texture": "#steel", "uv": [ 0.0, 0.0, 1.5, 16.0 ], "autoUv": false },
						"south": { "texture": "#steel", "uv": [ 0.0, 0.0, 2.0, 16.0 ], "autoUv": false },
						"west": { "texture": "#steel", "uv": [ 0.0, 0.0, 1.5, 16.0 ], "autoUv": false },
						"up": { "texture": "#steel", "uv": [ 0.0, 0.0, 2.0, 1.5 ] },
						"down": { "texture": "#steel", "uv": [ 0.0, 0.0, 2.0, 1.5 ] }
					}
				},
				{
					"name": "notice1",
					"from": [ 21.0, 28.0, 1.2 ],
					"to": [ 21.5, 28.5, 4.2 ],
					"rotationOrigin": [ 21.0, 28.0, 1.2 ],
					"rotationX": -14.0,
					"rotationZ": 6.0,
					"faces": {
						"north": { "texture": "#iron", "uv": [ 0.0, 0.0, 0.5, 0.5 ] },
						"east": { "texture": "#iron", "uv": [ 0.0, 0.0, 3.0, 0.5 ] },
						"south": { "texture": "#iron", "uv": [ 0.0, 0.0, 0.5, 0.5 ] },
						"west": { "texture": "#iron", "uv": [ 0.0, 0.0, 3.0, 0.5 ] },
						"up": { "texture": "#iron", "uv": [ 0.0, 0.0, 0.5, 3.0 ] },
						"down": { "texture": "#iron", "uv": [ 0.0, 0.0, 0.5, 3.0 ] }
					},
					"children": [
						{
							"name": "Cube23",
							"from": [ -0.25, -0.25, 2.9 ],
							"to": [ 0.75, 0.75, 3.2 ],
							"rotationOrigin": [ -0.2, -0.2, 2.9 ],
							"faces": {
								"north": { "texture": "#iron", "uv": [ 0.0, 0.0, 1.0, 1.0 ] },
								"east": { "texture": "#iron", "uv": [ 0.0, 0.0, 0.5, 1.0 ] },
								"south": { "texture": "#iron", "uv": [ 0.0, 0.0, 1.0, 1.0 ] },
								"west": { "texture": "#iron", "uv": [ 0.0, 0.0, 0.5, 1.0 ] },
								"up": { "texture": "#iron", "uv": [ 0.0, 0.0, 1.0, 0.5 ] },
								"down": { "texture": "#iron", "uv": [ 0.0, 0.0, 1.0, 0.5 ] }
							}
						},
						{
							"name": "Cube24",
							"from": [ 4.4, 1.0, 1.3 ],
							"to": [ 12.4, 6.0, 1.5 ],
							"rotationOrigin": [ 4.4, 1.0, 1.3 ],
							"rotationX": 17.0,
							"rotationZ": -180.0,
							"faces": {
								"north": { "texture": "#paperlabelsample", "uv": [ 0.0, 10.0, 16.0, 16.0 ], "autoUv": false },
								"east": { "texture": "#paperlabelsample", "uv": [ 15.5, 10.0, 16.0, 16.0 ], "autoUv": false },
								"south": { "texture": "#paperlabel", "uv": [ 0.0, 10.0, 16.0, 16.0 ], "autoUv": false },
								"west": { "texture": "#paperlabelsample", "uv": [ 0.0, 10.0, 0.5, 16.0 ], "autoUv": false },
								"up": { "texture": "#paperlabelsample", "uv": [ 0.0, 0.0, 16.0, 0.25 ], "autoUv": false },
								"down": { "texture": "#paperlabelsample", "uv": [ 0.0, 15.75, 16.0, 16.0 ], "autoUv": false }
							},
							"children": [
								{
									"name": "Cube25",
									"from": [ 0.0, 5.0, 0.0 ],
									"to": [ 8.0, 10.0, 0.2 ],
									"rotationOrigin": [ 0.0, 5.0, 0.0 ],
									"rotationX": 8.0,
									"faces": {
										"north": { "texture": "#paperlabelsample", "uv": [ 0.0, 4.0, 16.0, 10.0 ], "autoUv": false },
										"east": { "texture": "#paperlabelsample", "uv": [ 15.5, 4.0, 16.0, 10.0 ], "autoUv": false },
										"south": { "texture": "#paperlabel", "uv": [ 0.0, 4.0, 16.0, 10.0 ], "autoUv": false },
										"west": { "texture": "#paperlabelsample", "uv": [ 0.0, 5.0, 0.5, 10.0 ] },
										"up": { "texture": "#paperlabelsample", "uv": [ 0.0, 0.0, 16.0, 0.25 ], "autoUv": false },
										"down": { "texture": "#paperlabelsample", "uv": [ 0.0, 0.0, 16.0, 0.25 ], "autoUv": false }
									},
									"children": [
										{
											"name": "Cube26",
											"from": [ 0.0, 5.0, 0.0 ],
											"to": [ 8.0, 8.0, 0.2 ],
											"rotationOrigin": [ 0.0, 5.0, 0.0 ],
											"rotationX": 17.0,
											"faces": {
												"north": { "texture": "#paperlabelsample", "uv": [ 0.0, 0.0, 16.0, 4.0 ], "autoUv": false },
												"east": { "texture": "#paperlabelsample", "uv": [ 0.0, 0.0, 0.5, 4.0 ], "autoUv": false },
												"south": { "texture": "#paperlabel", "uv": [ 0.0, 0.0, 16.0, 4.0 ], "autoUv": false },
												"west": { "texture": "#paperlabelsample", "uv": [ 15.5, 0.25, 16.0, 4.25 ], "autoUv": false },
												"up": { "texture": "#paperlabelsample", "uv": [ 0.0, 0.0, 8.0, 0.25 ] },
												"down": { "texture": "#paperlabelsample", "uv": [ 0.0, 0.0, 8.0, 0.25 ] }
											}
										}
									]
								}
							]
						}
					]
				},
				{
					"name": "notice2",
					"from": [ 11.0, 27.0, 0.9 ],
					"to": [ 11.5, 27.5, 3.9 ],
					"rotationOrigin": [ 11.0, 27.0, 0.9 ],
					"rotationX": -14.0,
					"rotationY": 11.0,
					"faces": {
						"north": { "texture": "#iron", "uv": [ 0.0, 0.0, 0.5, 0.5 ] },
						"east": { "texture": "#iron", "uv": [ 0.0, 0.0, 3.0, 0.5 ] },
						"south": { "texture": "#iron", "uv": [ 0.0, 0.0, 0.5, 0.5 ] },
						"west": { "texture": "#iron", "uv": [ 0.0, 0.0, 3.0, 0.5 ] },
						"up": { "texture": "#iron", "uv": [ 0.0, 0.0, 0.5, 3.0 ] },
						"down": { "texture": "#iron", "uv": [ 0.0, 0.0, 0.5, 3.0 ] }
					},
					"children": [
						{
							"name": "Cube28",
							"from": [ -0.25, -0.25, 2.9 ],
							"to": [ 0.75, 0.75, 3.2 ],
							"rotationOrigin": [ -0.2, -0.2, 2.9 ],
							"faces": {
								"north": { "texture": "#iron", "uv": [ 0.0, 0.0, 1.0, 1.0 ] },
								"east": { "texture": "#iron", "uv": [ 0.0, 0.0, 0.5, 1.0 ] },
								"south": { "texture": "#iron", "uv": [ 0.0, 0.0, 1.0, 1.0 ] },
								"west": { "texture": "#iron", "uv": [ 0.0, 0.0, 0.5, 1.0 ] },
								"up": { "texture": "#iron", "uv": [ 0.0, 0.0, 1.0, 0.5 ] },
								"down": { "texture": "#iron", "uv": [ 0.0, 0.0, 1.0, 0.5 ] }
							}
						},
						{
							"name": "Cube29",
							"from": [ 5.0, 0.7, 2.6 ],
							"to": [ 13.0, 5.7, 2.8 ],
							"rotationOrigin": [ 5.0, 0.7, 2.6 ],
							"rotationX": 17.0,
							"rotationY": -11.0,
							"rotationZ": -185.0,
							"faces": {
								"north": { "texture": "#paperlabelsample", "uv": [ 0.0, 10.0, 16.0, 16.0 ], "autoUv": false },
								"east": { "texture": "#paperlabelsample", "uv": [ 15.5, 10.0, 16.0, 16.0 ], "autoUv": false },
								"south": { "texture": "#paperlabel3", "uv": [ 0.0, 10.0, 16.0, 16.0 ], "autoUv": false },
								"west": { "texture": "#paperlabelsample", "uv": [ 0.0, 10.0, 0.5, 16.0 ], "autoUv": false },
								"up": { "texture": "#paperlabelsample", "uv": [ 0.0, 0.0, 16.0, 0.25 ], "autoUv": false },
								"down": { "texture": "#paperlabelsample", "uv": [ 0.0, 15.75, 16.0, 16.0 ], "autoUv": false }
							},
							"children": [
								{
									"name": "Cube30",
									"from": [ 0.0, 5.0, 0.0 ],
									"to": [ 8.0, 10.0, 0.2 ],
									"rotationOrigin": [ 0.0, 5.0, 0.0 ],
									"rotationX": 8.0,
									"faces": {
										"north": { "texture": "#paperlabelsample", "uv": [ 0.0, 4.0, 16.0, 10.0 ], "autoUv": false },
										"east": { "texture": "#paperlabelsample", "uv": [ 15.5, 4.0, 16.0, 10.0 ], "autoUv": false },
										"south": { "texture": "#paperlabel3", "uv": [ 0.0, 4.0, 16.0, 10.0 ], "autoUv": false },
										"west": { "texture": "#paperlabelsample", "uv": [ 0.0, 5.0, 0.5, 10.0 ] },
										"up": { "texture": "#paperlabelsample", "uv": [ 0.0, 0.0, 16.0, 0.25 ], "autoUv": false },
										"down": { "texture": "#paperlabelsample", "uv": [ 0.0, 0.0, 16.0, 0.25 ], "autoUv": false }
									},
									"children": [
										{
											"name": "Cube31",
											"from": [ 0.0, 5.0, 0.0 ],
											"to": [ 8.0, 8.0, 0.2 ],
											"rotationOrigin": [ 0.0, 5.0, 0.0 ],
											"rotationX": 11.0,
											"faces": {
												"north": { "texture": "#paperlabelsample", "uv": [ 0.0, 0.0, 16.0, 4.0 ], "autoUv": false },
												"east": { "texture": "#paperlabelsample", "uv": [ 0.0, 0.0, 0.5, 4.0 ], "autoUv": false },
												"south": { "texture": "#paperlabel3", "uv": [ 0.0, 0.0, 16.0, 4.0 ], "autoUv": false },
												"west": { "texture": "#paperlabelsample", "uv": [ 15.5, 0.25, 16.0, 4.25 ], "autoUv": false },
												"up": { "texture": "#paperlabelsample", "uv": [ 0.0, 0.0, 8.0, 0.25 ] },
												"down": { "texture": "#paperlabelsample", "uv": [ 0.0, 0.0, 8.0, 0.25 ] }
											}
										}
									]
								}
							]
						}
					]
				},
				{
					"name": "notice3",
					"from": [ 30.0, 25.0, 1.2 ],
					"to": [ 30.5, 25.5, 4.2 ],
					"rotationOrigin": [ 30.0, 25.0, 1.2 ],
					"rotationX": -17.0,
					"rotationY": -14.0,
					"faces": {
						"north": { "texture": "#iron", "uv": [ 0.0, 0.0, 0.5, 0.5 ] },
						"east": { "texture": "#iron", "uv": [ 0.0, 0.0, 3.0, 0.5 ] },
						"south": { "texture": "#iron", "uv": [ 0.0, 0.0, 0.5, 0.5 ] },
						"west": { "texture": "#iron", "uv": [ 0.0, 0.0, 3.0, 0.5 ] },
						"up": { "texture": "#iron", "uv": [ 0.0, 0.0, 0.5, 3.0 ] },
						"down": { "texture": "#iron", "uv": [ 0.0, 0.0, 0.5, 3.0 ] }
					},
					"children": [
						{
							"name": "Cube32",
							"from": [ -0.25, -0.25, 2.9 ],
							"to": [ 0.75, 0.75, 3.2 ],
							"rotationOrigin": [ -0.2, -0.2, 2.9 ],
							"faces": {
								"north": { "texture": "#iron", "uv": [ 0.0, 0.0, 1.0, 1.0 ] },
								"east": { "texture": "#iron", "uv": [ 0.0, 0.0, 0.5, 1.0 ] },
								"south": { "texture": "#iron", "uv": [ 0.0, 0.0, 1.0, 1.0 ] },
								"west": { "texture": "#iron", "uv": [ 0.0, 0.0, 0.5, 1.0 ] },
								"up": { "texture": "#iron", "uv": [ 0.0, 0.0, 1.0, 0.5 ] },
								"down": { "texture": "#iron", "uv": [ 0.0, 0.0, 1.0, 0.5 ] }
							}
						},
						{
							"name": "Cube33",
							"from": [ 4.4, 1.6, 0.6 ],
							"to": [ 12.4, 6.6, 0.8 ],
							"rotationOrigin": [ 4.4, 1.6, 0.6 ],
							"rotationX": 17.0,
							"rotationY": 11.0,
							"rotationZ": -177.0,
							"faces": {
								"north": { "texture": "#paperlabelsample", "uv": [ 0.0, 10.0, 16.0, 16.0 ], "autoUv": false },
								"east": { "texture": "#paperlabelsample", "uv": [ 15.5, 10.0, 16.0, 16.0 ], "autoUv": false },
								"south": { "texture": "#paperlabel1", "uv": [ 0.0, 10.0, 16.0, 16.0 ], "autoUv": false },
								"west": { "texture": "#paperlabelsample", "uv": [ 0.0, 10.0, 0.5, 16.0 ], "autoUv": false },
								"up": { "texture": "#paperlabelsample", "uv": [ 0.0, 0.0, 16.0, 0.25 ], "autoUv": false },
								"down": { "texture": "#paperlabelsample", "uv": [ 0.0, 15.75, 16.0, 16.0 ], "autoUv": false }
							},
							"children": [
								{
									"name": "Cube34",
									"from": [ 0.0, 5.0, 0.0 ],
									"to": [ 8.0, 10.0, 0.2 ],
									"rotationOrigin": [ 0.0, 5.0, 0.0 ],
									"rotationX": 8.0,
									"faces": {
										"north": { "texture": "#paperlabelsample", "uv": [ 0.0, 4.0, 16.0, 10.0 ], "autoUv": false },
										"east": { "texture": "#paperlabelsample", "uv": [ 15.5, 4.0, 16.0, 10.0 ], "autoUv": false },
										"south": { "texture": "#paperlabel1", "uv": [ 0.0, 4.0, 16.0, 10.0 ], "autoUv": false },
										"west": { "texture": "#paperlabelsample", "uv": [ 0.0, 5.0, 0.5, 10.0 ] },
										"up": { "texture": "#paperlabelsample", "uv": [ 0.0, 0.0, 16.0, 0.25 ], "autoUv": false },
										"down": { "texture": "#paperlabelsample", "uv": [ 0.0, 0.0, 16.0, 0.25 ], "autoUv": false }
									},
									"children": [
										{
											"name": "Cube35",
											"from": [ 0.0, 5.0, 0.0 ],
											"to": [ 8.0, 8.0, 0.2 ],
											"rotationOrigin": [ 0.0, 5.0, 0.0 ],
											"rotationX": 11.0,
											"faces": {
												"north": { "texture": "#paperlabelsample", "uv": [ 0.0, 0.0, 16.0, 4.0 ], "autoUv": false },
												"east": { "texture": "#paperlabelsample", "uv": [ 0.0, 0.0, 0.5, 4.0 ], "autoUv": false },
												"south": { "texture": "#paperlabel1", "uv": [ 0.0, 0.0, 16.0, 4.0 ], "autoUv": false },
												"west": { "texture": "#paperlabelsample", "uv": [ 15.5, 0.25, 16.0, 4.25 ], "autoUv": false },
												"up": { "texture": "#paperlabelsample", "uv": [ 0.0, 0.0, 8.0, 0.25 ] },
												"down": { "texture": "#paperlabelsample", "uv": [ 0.0, 0.0, 8.0, 0.25 ] }
											}
										}
									]
								}
							]
						}
					]
				},
				{
					"name": "notice4",
					"from": [ 17.0, 17.0, 1.2 ],
					"to": [ 17.5, 17.5, 4.2 ],
					"rotationOrigin": [ 17.0, 17.0, 1.2 ],
					"rotationX": -25.0,
					"rotationY": -8.0,
					"rotationZ": 6.0,
					"faces": {
						"north": { "texture": "#iron", "uv": [ 0.0, 0.0, 0.5, 0.5 ] },
						"east": { "texture": "#iron", "uv": [ 0.0, 0.0, 3.0, 0.5 ] },
						"south": { "texture": "#iron", "uv": [ 0.0, 0.0, 0.5, 0.5 ] },
						"west": { "texture": "#iron", "uv": [ 0.0, 0.0, 3.0, 0.5 ] },
						"up": { "texture": "#iron", "uv": [ 0.0, 0.0, 0.5, 3.0 ] },
						"down": { "texture": "#iron", "uv": [ 0.0, 0.0, 0.5, 3.0 ] }
					},
					"children": [
						{
							"name": "Cube36",
							"from": [ -0.25, -0.25, 2.9 ],
							"to": [ 0.75, 0.75, 3.2 ],
							"rotationOrigin": [ -0.2, -0.2, 2.9 ],
							"faces": {
								"north": { "texture": "#iron", "uv": [ 0.0, 0.0, 1.0, 1.0 ] },
								"east": { "texture": "#iron", "uv": [ 0.0, 0.0, 0.5, 1.0 ] },
								"south": { "texture": "#iron", "uv": [ 0.0, 0.0, 1.0, 1.0 ] },
								"west": { "texture": "#iron", "uv": [ 0.0, 0.0, 0.5, 1.0 ] },
								"up": { "texture": "#iron", "uv": [ 0.0, 0.0, 1.0, 0.5 ] },
								"down": { "texture": "#iron", "uv": [ 0.0, 0.0, 1.0, 0.5 ] }
							}
						},
						{
							"name": "Cube37",
							"from": [ 4.4, 1.0, 1.3 ],
							"to": [ 12.4, 6.0, 1.5 ],
							"rotationOrigin": [ 4.4, 1.0, 1.3 ],
							"rotationX": 28.0,
							"rotationY": 6.0,
							"rotationZ": -180.0,
							"faces": {
								"north": { "texture": "#paperlabelsample", "uv": [ 0.0, 10.0, 16.0, 16.0 ], "autoUv": false },
								"east": { "texture": "#paperlabelsample", "uv": [ 15.5, 10.0, 16.0, 16.0 ], "autoUv": false },
								"south": { "texture": "#paperlabel2", "uv": [ 0.0, 10.0, 16.0, 16.0 ], "autoUv": false },
								"west": { "texture": "#paperlabelsample", "uv": [ 0.0, 10.0, 0.5, 16.0 ], "autoUv": false },
								"up": { "texture": "#paperlabelsample", "uv": [ 0.0, 0.0, 16.0, 0.25 ], "autoUv": false },
								"down": { "texture": "#paperlabelsample", "uv": [ 0.0, 15.75, 16.0, 16.0 ], "autoUv": false }
							},
							"children": [
								{
									"name": "Cube38",
									"from": [ 0.0, 5.0, 0.0 ],
									"to": [ 8.0, 10.0, 0.2 ],
									"rotationOrigin": [ 0.0, 5.0, 0.0 ],
									"rotationX": 8.0,
									"faces": {
										"north": { "texture": "#paperlabelsample", "uv": [ 0.0, 4.0, 16.0, 10.0 ], "autoUv": false },
										"east": { "texture": "#paperlabelsample", "uv": [ 15.5, 4.0, 16.0, 10.0 ], "autoUv": false },
										"south": { "texture": "#paperlabel2", "uv": [ 0.0, 4.0, 16.0, 10.0 ], "autoUv": false },
										"west": { "texture": "#paperlabelsample", "uv": [ 0.0, 5.0, 0.5, 10.0 ] },
										"up": { "texture": "#paperlabelsample", "uv": [ 0.0, 0.0, 16.0, 0.25 ], "autoUv": false },
										"down": { "texture": "#paperlabelsample", "uv": [ 0.0, 0.0, 16.0, 0.25 ], "autoUv": false }
									},
									"children": [
										{
											"name": "Cube39",
											"from": [ 0.0, 5.0, 0.0 ],
											"to": [ 8.0, 8.0, 0.2 ],
											"rotationOrigin": [ 0.0, 5.0, 0.0 ],
											"rotationX": 14.0,
											"faces": {
												"north": { "texture": "#paperlabelsample", "uv": [ 0.0, 0.0, 16.0, 4.0 ], "autoUv": false },
												"east": { "texture": "#paperlabelsample", "uv": [ 0.0, 0.0, 0.5, 4.0 ], "autoUv": false },
												"south": { "texture": "#paperlabel2", "uv": [ 0.0, 0.0, 16.0, 4.0 ], "autoUv": false },
												"west": { "texture": "#paperlabelsample", "uv": [ 15.5, 0.25, 16.0, 4.25 ], "autoUv": false },
												"up": { "texture": "#paperlabelsample", "uv": [ 0.0, 0.0, 8.0, 0.25 ] },
												"down": { "texture": "#paperlabelsample", "uv": [ 0.0, 0.0, 8.0, 0.25 ] }
											}
										}
									]
								}
							]
						}
					]
				},
				{
					"name": "notice5",
					"from": [ 27.0, 15.0, 1.2 ],
					"to": [ 27.5, 15.5, 4.2 ],
					"rotationOrigin": [ 27.0, 15.0, 1.2 ],
					"rotationX": -17.0,
					"rotationY": -14.0,
					"faces": {
						"north": { "texture": "#iron", "uv": [ 0.0, 0.0, 0.5, 0.5 ] },
						"east": { "texture": "#iron", "uv": [ 0.0, 0.0, 3.0, 0.5 ] },
						"south": { "texture": "#iron", "uv": [ 0.0, 0.0, 0.5, 0.5 ] },
						"west": { "texture": "#iron", "uv": [ 0.0, 0.0, 3.0, 0.5 ] },
						"up": { "texture": "#iron", "uv": [ 0.0, 0.0, 0.5, 3.0 ] },
						"down": { "texture": "#iron", "uv": [ 0.0, 0.0, 0.5, 3.0 ] }
					},
					"children": [
						{
							"name": "Cube40",
							"from": [ -0.25, -0.25, 2.9 ],
							"to": [ 0.75, 0.75, 3.2 ],
							"rotationOrigin": [ -0.2, -0.2, 2.9 ],
							"faces": {
								"north": { "texture": "#iron", "uv": [ 0.0, 0.0, 1.0, 1.0 ] },
								"east": { "texture": "#iron", "uv": [ 0.0, 0.0, 0.5, 1.0 ] },
								"south": { "texture": "#iron", "uv": [ 0.0, 0.0, 1.0, 1.0 ] },
								"west": { "texture": "#iron", "uv": [ 0.0, 0.0, 0.5, 1.0 ] },
								"up": { "texture": "#iron", "uv": [ 0.0, 0.0, 1.0, 0.5 ] },
								"down": { "texture": "#iron", "uv": [ 0.0, 0.0, 1.0, 0.5 ] }
							}
						},
						{
							"name": "Cube41",
							"from": [ 5.0, 0.7, 0.6 ],
							"to": [ 13.0, 5.7, 0.8 ],
							"rotationOrigin": [ 5.0, 0.7, 0.6 ],
							"rotationX": 22.0,
							"rotationY": 11.0,
							"rotationZ": -190.0,
							"faces": {
								"north": { "texture": "#paperlabelsample", "uv": [ 0.0, 10.0, 16.0, 16.0 ], "autoUv": false },
								"east": { "texture": "#paperlabelsample", "uv": [ 15.5, 10.0, 16.0, 16.0 ], "autoUv": false },
								"south": { "texture": "#paperlabel4", "uv": [ 0.0, 10.0, 16.0, 16.0 ], "autoUv": false },
								"west": { "texture": "#paperlabelsample", "uv": [ 0.0, 10.0, 0.5, 16.0 ], "autoUv": false },
								"up": { "texture": "#paperlabelsample", "uv": [ 0.0, 0.0, 16.0, 0.25 ], "autoUv": false },
								"down": { "texture": "#paperlabelsample", "uv": [ 0.0, 15.75, 16.0, 16.0 ], "autoUv": false }
							},
							"children": [
								{
									"name": "Cube42",
									"from": [ 0.0, 5.0, 0.0 ],
									"to": [ 8.0, 10.0, 0.2 ],
									"rotationOrigin": [ 0.0, 5.0, 0.0 ],
									"rotationX": 8.0,
									"faces": {
										"north": { "texture": "#paperlabelsample", "uv": [ 0.0, 4.0, 16.0, 10.0 ], "autoUv": false },
										"east": { "texture": "#paperlabelsample", "uv": [ 15.5, 4.0, 16.0, 10.0 ], "autoUv": false },
										"south": { "texture": "#paperlabel4", "uv": [ 0.0, 4.0, 16.0, 10.0 ], "autoUv": false },
										"west": { "texture": "#paperlabelsample", "uv": [ 0.0, 5.0, 0.5, 10.0 ] },
										"up": { "texture": "#paperlabelsample", "uv": [ 0.0, 0.0, 16.0, 0.25 ], "autoUv": false },
										"down": { "texture": "#paperlabelsample", "uv": [ 0.0, 0.0, 16.0, 0.25 ], "autoUv": false }
									},
									"children": [
										{
											"name": "Cube43",
											"from": [ 0.0, 5.0, 0.0 ],
											"to": [ 8.0, 8.0, 0.2 ],
											"rotationOrigin": [ 0.0, 5.0, 0.0 ],
											"rotationX": 6.0,
											"faces": {
												"north": { "texture": "#paperlabelsample", "uv": [ 0.0, 0.0, 16.0, 4.0 ], "autoUv": false },
												"east": { "texture": "#paperlabelsample", "uv": [ 0.0, 0.0, 0.5, 4.0 ], "autoUv": false },
												"south": { "texture": "#paperlabel4", "uv": [ 0.0, 0.0, 16.0, 4.0 ], "autoUv": false },
												"west": { "texture": "#paperlabelsample", "uv": [ 15.5, 0.25, 16.0, 4.25 ], "autoUv": false },
												"up": { "texture": "#paperlabelsample", "uv": [ 0.0, 0.0, 8.0, 0.25 ] },
												"down": { "texture": "#paperlabelsample", "uv": [ 0.0, 0.0, 8.0, 0.25 ] }
											}
										}
									]
								}
							]
						}
					]
				},
				{
					"name": "notice6",
					"from": [ 8.0, 14.0, 1.2 ],
					"to": [ 8.5, 14.5, 4.2 ],
					"rotationOrigin": [ 8.0, 14.0, 1.2 ],
					"rotationX": -17.0,
					"rotationY": -6.0,
					"rotationZ": -6.0,
					"faces": {
						"north": { "texture": "#iron", "uv": [ 0.0, 0.0, 0.5, 0.5 ] },
						"east": { "texture": "#iron", "uv": [ 0.0, 0.0, 3.0, 0.5 ] },
						"south": { "texture": "#iron", "uv": [ 0.0, 0.0, 0.5, 0.5 ] },
						"west": { "texture": "#iron", "uv": [ 0.0, 0.0, 3.0, 0.5 ] },
						"up": { "texture": "#iron", "uv": [ 0.0, 0.0, 0.5, 3.0 ] },
						"down": { "texture": "#iron", "uv": [ 0.0, 0.0, 0.5, 3.0 ] }
					},
					"children": [
						{
							"name": "Cube44",
							"from": [ -0.25, -0.25, 2.9 ],
							"to": [ 0.75, 0.75, 3.2 ],
							"rotationOrigin": [ -0.2, -0.2, 2.9 ],
							"faces": {
								"north": { "texture": "#iron", "uv": [ 0.0, 0.0, 1.0, 1.0 ] },
								"east": { "texture": "#iron", "uv": [ 0.0, 0.0, 0.5, 1.0 ] },
								"south": { "texture": "#iron", "uv": [ 0.0, 0.0, 1.0, 1.0 ] },
								"west": { "texture": "#iron", "uv": [ 0.0, 0.0, 0.5, 1.0 ] },
								"up": { "texture": "#iron", "uv": [ 0.0, 0.0, 1.0, 0.5 ] },
								"down": { "texture": "#iron", "uv": [ 0.0, 0.0, 1.0, 0.5 ] }
							}
						},
						{
							"name": "Cube45",
							"from": [ 4.4, 1.6, 0.6 ],
							"to": [ 12.4, 6.6, 0.8 ],
							"rotationOrigin": [ 4.4, 1.6, 0.6 ],
							"rotationX": 17.0,
							"rotationY": 11.0,
							"rotationZ": -177.0,
							"faces": {
								"north": { "texture": "#paperlabelsample", "uv": [ 0.0, 10.0, 16.0, 16.0 ], "autoUv": false },
								"east": { "texture": "#paperlabelsample", "uv": [ 15.5, 10.0, 16.0, 16.0 ], "autoUv": false },
								"south": { "texture": "#paperlabelsample5", "uv": [ 0.0, 10.0, 16.0, 16.0 ], "autoUv": false },
								"west": { "texture": "#paperlabelsample", "uv": [ 0.0, 10.0, 0.5, 16.0 ], "autoUv": false },
								"up": { "texture": "#paperlabelsample", "uv": [ 0.0, 0.0, 16.0, 0.25 ], "autoUv": false },
								"down": { "texture": "#paperlabelsample", "uv": [ 0.0, 15.75, 16.0, 16.0 ], "autoUv": false }
							},
							"children": [
								{
									"name": "Cube46",
									"from": [ 0.0, 5.0, 0.0 ],
									"to": [ 8.0, 10.0, 0.2 ],
									"rotationOrigin": [ 0.0, 5.0, 0.0 ],
									"rotationX": 8.0,
									"faces": {
										"north": { "texture": "#paperlabelsample", "uv": [ 0.0, 4.0, 16.0, 10.0 ], "autoUv": false },
										"east": { "texture": "#paperlabelsample", "uv": [ 15.5, 4.0, 16.0, 10.0 ], "autoUv": false },
										"south": { "texture": "#paperlabelsample5", "uv": [ 0.0, 4.0, 16.0, 10.0 ], "autoUv": false },
										"west": { "texture": "#paperlabelsample", "uv": [ 0.0, 5.0, 0.5, 10.0 ] },
										"up": { "texture": "#paperlabelsample", "uv": [ 0.0, 0.0, 16.0, 0.25 ], "autoUv": false },
										"down": { "texture": "#paperlabelsample", "uv": [ 0.0, 0.0, 16.0, 0.25 ], "autoUv": false }
									},
									"children": [
										{
											"name": "Cube47",
											"from": [ 0.0, 5.0, 0.0 ],
											"to": [ 8.0, 8.0, 0.2 ],
											"rotationOrigin": [ 0.0, 5.0, 0.0 ],
											"rotationX": 11.0,
											"faces": {
												"north": { "texture": "#paperlabelsample", "uv": [ 0.0, 0.0, 16.0, 4.0 ], "autoUv": false },
												"east": { "texture": "#paperlabelsample", "uv": [ 0.0, 0.0, 0.5, 4.0 ], "autoUv": false },
												"south": { "texture": "#paperlabelsample5", "uv": [ 0.0, 0.0, 16.0, 4.0 ], "autoUv": false },
												"west": { "texture": "#paperlabelsample", "uv": [ 15.5, 0.25, 16.0, 4.25 ], "autoUv": false },
												"up": { "texture": "#paperlabelsample", "uv": [ 0.0, 0.0, 8.0, 0.25 ] },
												"down": { "texture": "#paperlabelsample", "uv": [ 0.0, 0.0, 8.0, 0.25 ] }
											}
										}
									]
								}
							]
						}
					]
				},
				{
					"name": "woodleg13",
					"from": [ 18.5, -1.0, -0.5 ],
					"to": [ 21.5, 33.0, 0.5 ],
					"rotationOrigin": [ -3.5, -1.0, -0.5 ],
					"faces": {
						"north": { "texture": "#agedbark", "uv": [ 0.0, 0.0, 3.0, 16.0 ], "autoUv": false },
						"east": { "texture": "#agedbark", "uv": [ 0.0, 0.0, 1.0, 16.0 ], "autoUv": false },
						"south": { "texture": "#agedbark", "uv": [ 0.0, 0.0, 3.0, 16.0 ], "autoUv": false },
						"west": { "texture": "#agedbark", "uv": [ 0.0, 0.0, 1.0, 16.0 ], "autoUv": false },
						"up": { "texture": "#agedbark", "uv": [ 0.0, 0.0, 3.0, 1.0 ] },
						"down": { "texture": "#agedbark", "uv": [ 0.0, 0.0, 3.0, 1.0 ] }
					}
				},
				{
					"name": "Cube2",
					"from": [ -4.0, -2.0, -1.0 ],
					"to": [ 44.0, 0.0, 3.0 ],
					"rotationOrigin": [ -4.0, -2.0, -1.0 ],
					"faces": {
						"north": { "texture": "#aged-h", "uv": [ 0.0, 0.0, 16.0, 2.0 ], "autoUv": false },
						"east": { "texture": "#aged-h", "uv": [ 0.0, 0.0, 4.0, 2.0 ] },
						"south": { "texture": "#aged-h", "uv": [ 0.0, 0.0, 16.0, 2.0 ], "autoUv": false },
						"west": { "texture": "#aged-h", "uv": [ 0.0, 0.0, 4.0, 2.0 ] },
						"up": { "texture": "#aged-h", "uv": [ 0.0, 0.0, 16.0, 4.0 ], "autoUv": false },
						"down": { "texture": "#aged-h", "uv": [ 0.0, 0.0, 16.0, 4.0 ], "autoUv": false }
					}
				},
				{
					"name": "woodleg5",
					"from": [ -2.9, -3.0, -0.9 ],
					"to": [ 0.9, -2.0, 2.9 ],
					"rotationOrigin": [ -2.9, -3.0, -0.9 ],
					"faces": {
						"north": { "texture": "#brass", "uv": [ 0.0, 0.0, 3.5, 1.0 ] },
						"east": { "texture": "#brass", "uv": [ 0.0, 0.0, 3.5, 1.0 ] },
						"south": { "texture": "#brass", "uv": [ 0.0, 0.0, 3.5, 1.0 ] },
						"west": { "texture": "#brass", "uv": [ 0.0, 0.0, 3.5, 1.0 ] },
						"up": { "texture": "#brass", "uv": [ 0.0, 0.0, 3.5, 3.5 ] },
						"down": { "texture": "#brass", "uv": [ 0.0, 0.0, 3.5, 3.5 ] }
					}
				},
				{
					"name": "woodleg12",
					"from": [ 39.1, -3.0, -0.9 ],
					"to": [ 42.9, -2.0, 2.9 ],
					"rotationOrigin": [ 39.1, -3.0, -0.9 ],
					"faces": {
						"north": { "texture": "#brass", "uv": [ 0.0, 0.0, 3.5, 1.0 ] },
						"east": { "texture": "#brass", "uv": [ 0.0, 0.0, 3.5, 1.0 ] },
						"south": { "texture": "#brass", "uv": [ 0.0, 0.0, 3.5, 1.0 ] },
						"west": { "texture": "#brass", "uv": [ 0.0, 0.0, 3.5, 1.0 ] },
						"up": { "texture": "#brass", "uv": [ 0.0, 0.0, 3.5, 3.5 ] },
						"down": { "texture": "#brass", "uv": [ 0.0, 0.0, 3.5, 3.5 ] }
					}
				},
				{
					"name": "woodleg6",
					"from": [ 18.1, -3.0, -0.9 ],
					"to": [ 21.9, -2.0, 2.9 ],
					"rotationOrigin": [ 18.1, -3.0, -0.9 ],
					"faces": {
						"north": { "texture": "#brass", "uv": [ 0.0, 0.0, 3.5, 1.0 ] },
						"east": { "texture": "#brass", "uv": [ 0.0, 0.0, 3.5, 1.0 ] },
						"south": { "texture": "#brass", "uv": [ 0.0, 0.0, 3.5, 1.0 ] },
						"west": { "texture": "#brass", "uv": [ 0.0, 0.0, 3.5, 1.0 ] },
						"up": { "texture": "#brass", "uv": [ 0.0, 0.0, 3.5, 3.5 ] },
						"down": { "texture": "#brass", "uv": [ 0.0, 0.0, 3.5, 3.5 ] }
					}
				}
			]
		}
	]}