{
	"editor": {
		"collapsedPaths": "Root/originCabinet/cOriginDoor/doorleft,Root/originCabinet/cOriginDoor/doorright/cdRLT,Root/originCabinet/cOriginDoor/sticks,Root/originCabinet/cOriginDoor/doorright/cdRRT,Root/originCabinet/cOriginFrame/cBRFT,Root/originIceBox/ibOriginStone,Root/originCabinet/cOriginShelves/csOriginL,Root/originCabinet/cOriginShelves/csOriginM,Root/originCabinet/cOriginShelves,Root/originInterior/stick1/stick2,Root/originInterior/stick1/stick3,Root/originInterior/stick1/stick4,Root/originInterior/stick1/stick5,Root/originInterior/stick1/stick6,Root/originInterior/stick1/stick7,Root/originCabinet/cOriginShelves/csOriginT,Root/originInterior/stick1/stick8,Root/originInterior/stick1/stick9,Root/originCabinet/cOriginDoor/sticksL2,Root/originCabinet/cOriginDoor,Root/originCabinet/cOriginDoor/sticksR,Root/originCabinet/cOriginDoor/doorleft/cdLLT,Root/originInterior/stick1,Root/originCabinet/cOriginFrame/cTLT,Root/originCabinet/cOriginDoor/doorleft/cdLRT,Root/originCabinet/cOriginFrame,Root/originCabinet/cOriginDoor/sticksL,Root/originCabinet/cOriginFrame/cLFT,Root/originInterior/stick2,Root/originCabinet/cOriginFrame/cRFT,Root/originCabinet/cOriginDoor/doorright,Root/originInterior/hangerStickL,Root/originIceBox/ibOriginWood,Root/originInterior/stick1/stick10,Root/originCabinet/cOriginFrame/cBLFT,Root/originCabinet/cOriginFrame/cTLB,Root/originInterior/shoeSectionL,Root/originInterior/hook1",
		"allAngles": false,
		"entityTextureMode": false
	},
	"textureWidth": 16,
	"textureHeight": 16,
	"textureSizes": {},
	"textures": {
		"surface": "game:block/wood/shelf/surface"
	},
	"elements": [
		{
			"name": "originCabinet",
			"from": [ 0.0, 0.0, 0.0 ],
			"to": [ 0.0, 0.0, 0.0 ],
			"faces": {
			},
			"children": [
				{
					"name": "cOriginDoor",
					"from": [ 0.0, 0.0, 0.0 ],
					"to": [ 0.0, 0.0, 0.0 ],
					"faces": {
					},
					"children": [
						{
							"name": "doorleft",
							"from": [ 0.0, 0.0, 0.0 ],
							"to": [ 0.0, 0.0, 0.0 ],
							"rotationOrigin": [ 1.0, 9.0, 14.0 ],
							"faces": {
							},
							"children": [
								{
									"name": "cdBL",
									"from": [ 1.0, 1.0, 13.0 ],
									"to": [ 16.0, 3.0, 14.0 ],
									"rotationOrigin": [ 1.0, 1.0, 13.0 ],
									"faces": {
										"north": { "texture": "#surface", "uv": [ 0.5, 3.0, 15.5, 5.0 ] },
										"east": { "texture": "#surface", "uv": [ 7.0, 3.0, 8.0, 5.0 ] },
										"south": { "texture": "#surface", "uv": [ 0.5, 3.0, 15.5, 5.0 ] },
										"up": { "texture": "#surface", "uv": [ 0.5, 2.5, 15.5, 3.5 ] },
										"down": { "texture": "#surface", "uv": [ 0.5, 2.5, 15.5, 3.5 ] }
									}
								},
								{
									"name": "cdLLT",
									"from": [ 1.0, 16.0, 13.0 ],
									"to": [ 3.0, 29.0, 14.0 ],
									"rotationOrigin": [ 1.0, 16.0, 13.0 ],
									"faces": {
										"north": { "texture": "#surface", "uv": [ 0.0, 3.0, 13.0, 5.0 ], "rotation": 90 },
										"east": { "texture": "#surface", "uv": [ 0.0, 6.5, 13.0, 7.5 ], "rotation": 90 },
										"south": { "texture": "#surface", "uv": [ 0.0, 14.0, 13.0, 16.0 ], "rotation": 90 }
									},
									"children": [
										{
											"name": "cdLLB",
											"from": [ 0.0, -13.0, 0.0 ],
											"to": [ 2.0, 0.0, 1.0 ],
											"rotationOrigin": [ 0.0, -13.0, 0.0 ],
											"faces": {
												"north": { "texture": "#surface", "uv": [ 3.0, 3.0, 16.0, 5.0 ], "rotation": 90 },
												"east": { "texture": "#surface", "uv": [ 3.0, 6.5, 16.0, 7.5 ], "rotation": 90 },
												"south": { "texture": "#surface", "uv": [ 3.0, 14.0, 16.0, 16.0 ], "rotation": 90 }
											}
										}
									]
								},
								{
									"name": "cdTL",
									"from": [ 1.0, 31.0, 14.0 ],
									"to": [ 16.0, 33.0, 15.0 ],
									"rotationOrigin": [ 1.0, 31.0, 14.0 ],
									"rotationX": -180.0,
									"faces": {
										"north": { "texture": "#surface", "uv": [ 0.5, 3.0, 15.5, 5.0 ] },
										"east": { "texture": "#surface", "uv": [ 7.0, 3.0, 8.0, 5.0 ] },
										"south": { "texture": "#surface", "uv": [ 0.5, 3.0, 15.5, 5.0 ] },
										"up": { "texture": "#surface", "uv": [ 0.5, 2.5, 15.5, 3.5 ] },
										"down": { "texture": "#surface", "uv": [ 0.5, 2.5, 15.5, 3.5 ] }
									}
								},
								{
									"name": "cdLRT",
									"from": [ 16.0, 16.0, 14.0 ],
									"to": [ 18.0, 29.0, 15.0 ],
									"rotationOrigin": [ 16.0, 16.0, 14.0 ],
									"rotationX": -180.0,
									"rotationZ": -180.0,
									"faces": {
										"north": { "texture": "#surface", "uv": [ 0.0, 3.0, 13.0, 5.0 ], "rotation": 90 },
										"east": { "texture": "#surface", "uv": [ 0.0, 6.5, 13.0, 7.5 ], "rotation": 90 },
										"south": { "texture": "#surface", "uv": [ 0.0, 14.0, 13.0, 16.0 ], "rotation": 90 },
										"west": { "texture": "#surface", "uv": [ 0.0, 5.5, 13.0, 6.5 ], "rotation": 90 }
									},
									"children": [
										{
											"name": "cdLRB",
											"from": [ 0.0, -13.0, 0.0 ],
											"to": [ 2.0, 0.0, 1.0 ],
											"rotationOrigin": [ 0.0, -13.0, 0.0 ],
											"faces": {
												"north": { "texture": "#surface", "uv": [ 3.0, 3.0, 16.0, 5.0 ], "rotation": 90 },
												"east": { "texture": "#surface", "uv": [ 3.0, 6.5, 16.0, 7.5 ], "rotation": 90 },
												"south": { "texture": "#surface", "uv": [ 3.0, 14.0, 16.0, 16.0 ], "rotation": 90 },
												"west": { "texture": "#surface", "uv": [ 3.0, 5.5, 16.0, 6.5 ], "rotation": 90 }
											}
										}
									]
								},
								{
									"name": "cdLHandle",
									"from": [ 14.0, 14.0, 14.0 ],
									"to": [ 15.0, 18.0, 15.0 ],
									"rotationOrigin": [ 14.0, 14.0, 14.0 ],
									"faces": {
										"east": { "texture": "#surface", "uv": [ 6.5, 5.5, 7.5, 9.5 ] },
										"south": { "texture": "#surface", "uv": [ 6.0, 5.5, 7.0, 9.5 ] },
										"west": { "texture": "#surface", "uv": [ 4.5, 6.5, 5.5, 10.5 ] },
										"up": { "texture": "#surface", "uv": [ 0.0, 0.0, 1.0, 1.0 ] },
										"down": { "texture": "#surface", "uv": [ 0.0, 0.0, 1.0, 1.0 ] }
									}
								},
								{
									"name": "sticksL",
									"from": [ 0.0, -0.5, 0.0 ],
									"to": [ 0.0, -0.5, 0.0 ],
									"rotationOrigin": [ 0.0, -0.5, 0.0 ],
									"faces": {
									},
									"children": [
										{
											"name": "stickL1",
											"from": [ 3.0, 4.0, 13.2 ],
											"to": [ 14.0, 5.0, 13.8 ],
											"rotationOrigin": [ 3.0, 4.0, 13.2 ],
											"faces": {
												"north": { "texture": "#surface", "uv": [ 2.5, 3.0, 13.5, 4.0 ] },
												"south": { "texture": "#surface", "uv": [ 2.5, 3.0, 13.5, 4.0 ] },
												"up": { "texture": "#surface", "uv": [ 3.0, 3.0, 14.0, 3.5 ] },
												"down": { "texture": "#surface", "uv": [ 3.0, 15.5, 14.0, 16.0 ] }
											}
										},
										{
											"name": "stickL2",
											"from": [ 3.0, 6.0, 13.2 ],
											"to": [ 14.0, 7.0, 13.8 ],
											"rotationOrigin": [ 3.0, 6.0, 13.2 ],
											"faces": {
												"north": { "texture": "#surface", "uv": [ 2.5, 3.0, 13.5, 4.0 ] },
												"south": { "texture": "#surface", "uv": [ 2.5, 3.0, 13.5, 4.0 ] },
												"up": { "texture": "#surface", "uv": [ 3.0, 3.0, 14.0, 3.5 ] },
												"down": { "texture": "#surface", "uv": [ 3.0, 15.5, 14.0, 16.0 ] }
											}
										},
										{
											"name": "stickL3",
											"from": [ 3.0, 8.0, 13.2 ],
											"to": [ 14.0, 9.0, 13.8 ],
											"rotationOrigin": [ 3.0, 8.0, 13.2 ],
											"faces": {
												"north": { "texture": "#surface", "uv": [ 2.5, 3.0, 13.5, 4.0 ] },
												"south": { "texture": "#surface", "uv": [ 2.5, 3.0, 13.5, 4.0 ] },
												"up": { "texture": "#surface", "uv": [ 3.0, 3.0, 14.0, 3.5 ] },
												"down": { "texture": "#surface", "uv": [ 3.0, 15.5, 14.0, 16.0 ] }
											}
										},
										{
											"name": "stickL4",
											"from": [ 3.0, 10.0, 13.2 ],
											"to": [ 14.0, 11.0, 13.8 ],
											"rotationOrigin": [ 3.0, 10.0, 13.2 ],
											"faces": {
												"north": { "texture": "#surface", "uv": [ 2.5, 3.0, 13.5, 4.0 ] },
												"south": { "texture": "#surface", "uv": [ 2.5, 3.0, 13.5, 4.0 ] },
												"up": { "texture": "#surface", "uv": [ 3.0, 3.0, 14.0, 3.5 ] },
												"down": { "texture": "#surface", "uv": [ 3.0, 15.5, 14.0, 16.0 ] }
											}
										},
										{
											"name": "stickL5",
											"from": [ 3.0, 12.0, 13.2 ],
											"to": [ 14.0, 13.0, 13.8 ],
											"rotationOrigin": [ 3.0, 12.0, 13.2 ],
											"faces": {
												"north": { "texture": "#surface", "uv": [ 2.5, 3.0, 13.5, 4.0 ] },
												"south": { "texture": "#surface", "uv": [ 2.5, 3.0, 13.5, 4.0 ] },
												"up": { "texture": "#surface", "uv": [ 3.0, 3.0, 14.0, 3.5 ] },
												"down": { "texture": "#surface", "uv": [ 3.0, 15.5, 14.0, 16.0 ] }
											}
										},
										{
											"name": "stickL6",
											"from": [ 3.0, 14.0, 13.2 ],
											"to": [ 14.0, 15.0, 13.8 ],
											"rotationOrigin": [ 3.0, 14.0, 13.2 ],
											"faces": {
												"north": { "texture": "#surface", "uv": [ 2.5, 3.0, 13.5, 4.0 ] },
												"south": { "texture": "#surface", "uv": [ 2.5, 3.0, 13.5, 4.0 ] },
												"up": { "texture": "#surface", "uv": [ 3.0, 3.0, 14.0, 3.5 ] },
												"down": { "texture": "#surface", "uv": [ 3.0, 15.5, 14.0, 16.0 ] }
											}
										},
										{
											"name": "stickL7",
											"from": [ 3.0, 16.0, 13.2 ],
											"to": [ 14.0, 17.0, 13.8 ],
											"rotationOrigin": [ 3.0, 16.0, 13.2 ],
											"faces": {
												"north": { "texture": "#surface", "uv": [ 2.5, 3.0, 13.5, 4.0 ] },
												"south": { "texture": "#surface", "uv": [ 2.5, 3.0, 13.5, 4.0 ] },
												"up": { "texture": "#surface", "uv": [ 3.0, 3.0, 14.0, 3.5 ] },
												"down": { "texture": "#surface", "uv": [ 3.0, 15.5, 14.0, 16.0 ] }
											}
										},
										{
											"name": "stickL8",
											"from": [ 3.0, 18.0, 13.2 ],
											"to": [ 14.0, 19.0, 13.8 ],
											"rotationOrigin": [ 3.0, 18.0, 13.2 ],
											"faces": {
												"north": { "texture": "#surface", "uv": [ 2.5, 3.0, 13.5, 4.0 ] },
												"south": { "texture": "#surface", "uv": [ 2.5, 3.0, 13.5, 4.0 ] },
												"up": { "texture": "#surface", "uv": [ 3.0, 3.0, 14.0, 3.5 ] },
												"down": { "texture": "#surface", "uv": [ 3.0, 15.5, 14.0, 16.0 ] }
											}
										},
										{
											"name": "stickL9",
											"from": [ 3.0, 20.0, 13.2 ],
											"to": [ 14.0, 21.0, 13.8 ],
											"rotationOrigin": [ 3.0, 20.0, 13.2 ],
											"faces": {
												"north": { "texture": "#surface", "uv": [ 2.5, 3.0, 13.5, 4.0 ] },
												"south": { "texture": "#surface", "uv": [ 2.5, 3.0, 13.5, 4.0 ] },
												"up": { "texture": "#surface", "uv": [ 3.0, 3.0, 14.0, 3.5 ] },
												"down": { "texture": "#surface", "uv": [ 3.0, 15.5, 14.0, 16.0 ] }
											}
										},
										{
											"name": "stickL10",
											"from": [ 3.0, 22.0, 13.2 ],
											"to": [ 14.0, 23.0, 13.8 ],
											"rotationOrigin": [ 3.0, 22.0, 13.2 ],
											"faces": {
												"north": { "texture": "#surface", "uv": [ 2.5, 3.0, 13.5, 4.0 ] },
												"south": { "texture": "#surface", "uv": [ 2.5, 3.0, 13.5, 4.0 ] },
												"up": { "texture": "#surface", "uv": [ 3.0, 3.0, 14.0, 3.5 ] },
												"down": { "texture": "#surface", "uv": [ 3.0, 15.5, 14.0, 16.0 ] }
											}
										},
										{
											"name": "stickL11",
											"from": [ 3.0, 24.0, 13.2 ],
											"to": [ 14.0, 25.0, 13.8 ],
											"rotationOrigin": [ 3.0, 24.0, 13.2 ],
											"faces": {
												"north": { "texture": "#surface", "uv": [ 2.5, 3.0, 13.5, 4.0 ] },
												"south": { "texture": "#surface", "uv": [ 2.5, 3.0, 13.5, 4.0 ] },
												"up": { "texture": "#surface", "uv": [ 3.0, 3.0, 14.0, 3.5 ] },
												"down": { "texture": "#surface", "uv": [ 3.0, 15.5, 14.0, 16.0 ] }
											}
										},
										{
											"name": "stickL12",
											"from": [ 3.0, 26.0, 13.2 ],
											"to": [ 14.0, 27.0, 13.8 ],
											"rotationOrigin": [ 3.0, 26.0, 13.2 ],
											"faces": {
												"north": { "texture": "#surface", "uv": [ 2.5, 3.0, 13.5, 4.0 ] },
												"south": { "texture": "#surface", "uv": [ 2.5, 3.0, 13.5, 4.0 ] },
												"up": { "texture": "#surface", "uv": [ 3.0, 3.0, 14.0, 3.5 ] },
												"down": { "texture": "#surface", "uv": [ 3.0, 15.5, 14.0, 16.0 ] }
											}
										},
										{
											"name": "stickL13",
											"from": [ 3.0, 28.0, 13.2 ],
											"to": [ 14.0, 29.0, 13.8 ],
											"rotationOrigin": [ 3.0, 28.0, 13.2 ],
											"faces": {
												"north": { "texture": "#surface", "uv": [ 2.5, 3.0, 13.5, 4.0 ] },
												"south": { "texture": "#surface", "uv": [ 2.5, 3.0, 13.5, 4.0 ] },
												"up": { "texture": "#surface", "uv": [ 3.0, 3.0, 14.0, 3.5 ] },
												"down": { "texture": "#surface", "uv": [ 3.0, 15.5, 14.0, 16.0 ] }
											}
										}
									]
								}
							]
						},
						{
							"name": "doorright",
							"from": [ 0.0, 0.0, 0.0 ],
							"to": [ 0.0, 0.0, 0.0 ],
							"rotationOrigin": [ 31.0, 9.0, 14.0 ],
							"faces": {
							},
							"children": [
								{
									"name": "cdBR",
									"from": [ 16.0, 1.0, 13.0 ],
									"to": [ 31.0, 3.0, 14.0 ],
									"rotationOrigin": [ 16.0, 1.0, 13.0 ],
									"faces": {
										"north": { "texture": "#surface", "uv": [ 0.5, 3.0, 15.5, 5.0 ] },
										"south": { "texture": "#surface", "uv": [ 0.5, 3.0, 15.5, 5.0 ] },
										"west": { "texture": "#surface", "uv": [ 7.5, 3.0, 8.5, 5.0 ] },
										"up": { "texture": "#surface", "uv": [ 0.5, 2.5, 15.5, 3.5 ] },
										"down": { "texture": "#surface", "uv": [ 0.5, 2.5, 15.5, 3.5 ] }
									}
								},
								{
									"name": "cdTR",
									"from": [ 16.0, 31.0, 14.0 ],
									"to": [ 31.0, 33.0, 15.0 ],
									"rotationOrigin": [ 16.0, 31.0, 14.0 ],
									"rotationX": -180.0,
									"faces": {
										"north": { "texture": "#surface", "uv": [ 0.5, 3.0, 15.5, 5.0 ] },
										"south": { "texture": "#surface", "uv": [ 0.5, 3.0, 15.5, 5.0 ] },
										"west": { "texture": "#surface", "uv": [ 6.5, 3.0, 7.5, 5.0 ] },
										"up": { "texture": "#surface", "uv": [ 0.5, 2.5, 15.5, 3.5 ] },
										"down": { "texture": "#surface", "uv": [ 0.5, 2.5, 15.5, 3.5 ] }
									}
								},
								{
									"name": "cdRRT",
									"from": [ 31.0, 16.0, 14.0 ],
									"to": [ 33.0, 29.0, 15.0 ],
									"rotationOrigin": [ 31.0, 16.0, 14.0 ],
									"rotationX": -180.0,
									"rotationZ": -180.0,
									"faces": {
										"north": { "texture": "#surface", "uv": [ 0.0, 3.0, 13.0, 5.0 ], "rotation": 90 },
										"east": { "texture": "#surface", "uv": [ 0.0, 6.5, 13.0, 7.5 ], "rotation": 90 },
										"south": { "texture": "#surface", "uv": [ 0.0, 14.0, 13.0, 16.0 ], "rotation": 90 }
									},
									"children": [
										{
											"name": "cdRRB",
											"from": [ 0.0, -13.0, 0.0 ],
											"to": [ 2.0, 0.0, 1.0 ],
											"rotationOrigin": [ 0.0, -13.0, 0.0 ],
											"faces": {
												"north": { "texture": "#surface", "uv": [ 3.0, 3.0, 16.0, 5.0 ], "rotation": 90 },
												"east": { "texture": "#surface", "uv": [ 3.0, 6.5, 16.0, 7.5 ], "rotation": 90 },
												"south": { "texture": "#surface", "uv": [ 3.0, 14.0, 16.0, 16.0 ], "rotation": 90 }
											}
										}
									]
								},
								{
									"name": "cdRLT",
									"from": [ 16.0, 16.0, 13.0 ],
									"to": [ 18.0, 29.0, 14.0 ],
									"rotationOrigin": [ 16.0, 16.0, 13.0 ],
									"faces": {
										"north": { "texture": "#surface", "uv": [ 0.0, 3.0, 13.0, 5.0 ], "rotation": 90 },
										"east": { "texture": "#surface", "uv": [ 0.0, 6.5, 13.0, 7.5 ], "rotation": 90 },
										"south": { "texture": "#surface", "uv": [ 0.0, 14.0, 13.0, 16.0 ], "rotation": 90 },
										"west": { "texture": "#surface", "uv": [ 0.0, 7.0, 13.0, 8.0 ], "rotation": 90 }
									},
									"children": [
										{
											"name": "cdRLB",
											"from": [ 0.0, -13.0, 0.0 ],
											"to": [ 2.0, 0.0, 1.0 ],
											"rotationOrigin": [ 0.0, -13.0, 0.0 ],
											"faces": {
												"north": { "texture": "#surface", "uv": [ 3.0, 3.0, 16.0, 5.0 ], "rotation": 90 },
												"east": { "texture": "#surface", "uv": [ 3.0, 6.5, 16.0, 7.5 ], "rotation": 90 },
												"south": { "texture": "#surface", "uv": [ 3.0, 14.0, 16.0, 16.0 ], "rotation": 90 },
												"west": { "texture": "#surface", "uv": [ 3.0, 7.0, 16.0, 8.0 ], "rotation": 90 }
											}
										}
									]
								},
								{
									"name": "cdRHandle",
									"from": [ 17.0, 14.0, 14.0 ],
									"to": [ 18.0, 18.0, 15.0 ],
									"rotationOrigin": [ 17.0, 14.0, 14.0 ],
									"faces": {
										"east": { "texture": "#surface", "uv": [ 6.5, 6.0, 7.5, 10.0 ] },
										"south": { "texture": "#surface", "uv": [ 5.5, 7.0, 6.5, 11.0 ] },
										"west": { "texture": "#surface", "uv": [ 5.0, 6.5, 6.0, 10.5 ] },
										"up": { "texture": "#surface", "uv": [ 0.0, 0.0, 1.0, 1.0 ] },
										"down": { "texture": "#surface", "uv": [ 0.0, 0.0, 1.0, 1.0 ] }
									}
								},
								{
									"name": "sticksR",
									"from": [ 15.0, -0.5, 0.0 ],
									"to": [ 15.0, -0.5, 0.0 ],
									"rotationOrigin": [ 15.0, -0.5, 0.0 ],
									"faces": {
									},
									"children": [
										{
											"name": "stickR1",
											"from": [ 3.0, 4.0, 13.2 ],
											"to": [ 14.0, 5.0, 13.8 ],
											"rotationOrigin": [ 3.0, 4.0, 13.2 ],
											"faces": {
												"north": { "texture": "#surface", "uv": [ 2.5, 3.0, 13.5, 4.0 ] },
												"south": { "texture": "#surface", "uv": [ 2.5, 3.0, 13.5, 4.0 ] },
												"up": { "texture": "#surface", "uv": [ 3.0, 3.0, 14.0, 3.5 ] },
												"down": { "texture": "#surface", "uv": [ 3.0, 15.5, 14.0, 16.0 ] }
											}
										},
										{
											"name": "stickR2",
											"from": [ 3.0, 6.0, 13.2 ],
											"to": [ 14.0, 7.0, 13.8 ],
											"rotationOrigin": [ 3.0, 6.0, 13.2 ],
											"faces": {
												"north": { "texture": "#surface", "uv": [ 2.5, 3.0, 13.5, 4.0 ] },
												"south": { "texture": "#surface", "uv": [ 2.5, 3.0, 13.5, 4.0 ] },
												"up": { "texture": "#surface", "uv": [ 3.0, 3.0, 14.0, 3.5 ] },
												"down": { "texture": "#surface", "uv": [ 3.0, 15.5, 14.0, 16.0 ] }
											}
										},
										{
											"name": "stickR3",
											"from": [ 3.0, 8.0, 13.2 ],
											"to": [ 14.0, 9.0, 13.8 ],
											"rotationOrigin": [ 3.0, 8.0, 13.2 ],
											"faces": {
												"north": { "texture": "#surface", "uv": [ 2.5, 3.0, 13.5, 4.0 ] },
												"south": { "texture": "#surface", "uv": [ 2.5, 3.0, 13.5, 4.0 ] },
												"up": { "texture": "#surface", "uv": [ 3.0, 3.0, 14.0, 3.5 ] },
												"down": { "texture": "#surface", "uv": [ 3.0, 15.5, 14.0, 16.0 ] }
											}
										},
										{
											"name": "stickR4",
											"from": [ 3.0, 10.0, 13.2 ],
											"to": [ 14.0, 11.0, 13.8 ],
											"rotationOrigin": [ 3.0, 10.0, 13.2 ],
											"faces": {
												"north": { "texture": "#surface", "uv": [ 2.5, 3.0, 13.5, 4.0 ] },
												"south": { "texture": "#surface", "uv": [ 2.5, 3.0, 13.5, 4.0 ] },
												"up": { "texture": "#surface", "uv": [ 3.0, 3.0, 14.0, 3.5 ] },
												"down": { "texture": "#surface", "uv": [ 3.0, 15.5, 14.0, 16.0 ] }
											}
										},
										{
											"name": "stickR5",
											"from": [ 3.0, 12.0, 13.2 ],
											"to": [ 14.0, 13.0, 13.8 ],
											"rotationOrigin": [ 3.0, 12.0, 13.2 ],
											"faces": {
												"north": { "texture": "#surface", "uv": [ 2.5, 3.0, 13.5, 4.0 ] },
												"south": { "texture": "#surface", "uv": [ 2.5, 3.0, 13.5, 4.0 ] },
												"up": { "texture": "#surface", "uv": [ 3.0, 3.0, 14.0, 3.5 ] },
												"down": { "texture": "#surface", "uv": [ 3.0, 15.5, 14.0, 16.0 ] }
											}
										},
										{
											"name": "stickR6",
											"from": [ 3.0, 14.0, 13.2 ],
											"to": [ 14.0, 15.0, 13.8 ],
											"rotationOrigin": [ 3.0, 14.0, 13.2 ],
											"faces": {
												"north": { "texture": "#surface", "uv": [ 2.5, 3.0, 13.5, 4.0 ] },
												"south": { "texture": "#surface", "uv": [ 2.5, 3.0, 13.5, 4.0 ] },
												"up": { "texture": "#surface", "uv": [ 3.0, 3.0, 14.0, 3.5 ] },
												"down": { "texture": "#surface", "uv": [ 3.0, 15.5, 14.0, 16.0 ] }
											}
										},
										{
											"name": "stickR7",
											"from": [ 3.0, 16.0, 13.2 ],
											"to": [ 14.0, 17.0, 13.8 ],
											"rotationOrigin": [ 3.0, 16.0, 13.2 ],
											"faces": {
												"north": { "texture": "#surface", "uv": [ 2.5, 3.0, 13.5, 4.0 ] },
												"south": { "texture": "#surface", "uv": [ 2.5, 3.0, 13.5, 4.0 ] },
												"up": { "texture": "#surface", "uv": [ 3.0, 3.0, 14.0, 3.5 ] },
												"down": { "texture": "#surface", "uv": [ 3.0, 15.5, 14.0, 16.0 ] }
											}
										},
										{
											"name": "stickR8",
											"from": [ 3.0, 18.0, 13.2 ],
											"to": [ 14.0, 19.0, 13.8 ],
											"rotationOrigin": [ 3.0, 18.0, 13.2 ],
											"faces": {
												"north": { "texture": "#surface", "uv": [ 2.5, 3.0, 13.5, 4.0 ] },
												"south": { "texture": "#surface", "uv": [ 2.5, 3.0, 13.5, 4.0 ] },
												"up": { "texture": "#surface", "uv": [ 3.0, 3.0, 14.0, 3.5 ] },
												"down": { "texture": "#surface", "uv": [ 3.0, 15.5, 14.0, 16.0 ] }
											}
										},
										{
											"name": "stickR9",
											"from": [ 3.0, 20.0, 13.2 ],
											"to": [ 14.0, 21.0, 13.8 ],
											"rotationOrigin": [ 3.0, 20.0, 13.2 ],
											"faces": {
												"north": { "texture": "#surface", "uv": [ 2.5, 3.0, 13.5, 4.0 ] },
												"south": { "texture": "#surface", "uv": [ 2.5, 3.0, 13.5, 4.0 ] },
												"up": { "texture": "#surface", "uv": [ 3.0, 3.0, 14.0, 3.5 ] },
												"down": { "texture": "#surface", "uv": [ 3.0, 15.5, 14.0, 16.0 ] }
											}
										},
										{
											"name": "stickR10",
											"from": [ 3.0, 22.0, 13.2 ],
											"to": [ 14.0, 23.0, 13.8 ],
											"rotationOrigin": [ 3.0, 22.0, 13.2 ],
											"faces": {
												"north": { "texture": "#surface", "uv": [ 2.5, 3.0, 13.5, 4.0 ] },
												"south": { "texture": "#surface", "uv": [ 2.5, 3.0, 13.5, 4.0 ] },
												"up": { "texture": "#surface", "uv": [ 3.0, 3.0, 14.0, 3.5 ] },
												"down": { "texture": "#surface", "uv": [ 3.0, 15.5, 14.0, 16.0 ] }
											}
										},
										{
											"name": "stickR11",
											"from": [ 3.0, 24.0, 13.2 ],
											"to": [ 14.0, 25.0, 13.8 ],
											"rotationOrigin": [ 3.0, 24.0, 13.2 ],
											"faces": {
												"north": { "texture": "#surface", "uv": [ 2.5, 3.0, 13.5, 4.0 ] },
												"south": { "texture": "#surface", "uv": [ 2.5, 3.0, 13.5, 4.0 ] },
												"up": { "texture": "#surface", "uv": [ 3.0, 3.0, 14.0, 3.5 ] },
												"down": { "texture": "#surface", "uv": [ 3.0, 15.5, 14.0, 16.0 ] }
											}
										},
										{
											"name": "stickR12",
											"from": [ 3.0, 26.0, 13.2 ],
											"to": [ 14.0, 27.0, 13.8 ],
											"rotationOrigin": [ 3.0, 26.0, 13.2 ],
											"faces": {
												"north": { "texture": "#surface", "uv": [ 2.5, 3.0, 13.5, 4.0 ] },
												"south": { "texture": "#surface", "uv": [ 2.5, 3.0, 13.5, 4.0 ] },
												"up": { "texture": "#surface", "uv": [ 3.0, 3.0, 14.0, 3.5 ] },
												"down": { "texture": "#surface", "uv": [ 3.0, 15.5, 14.0, 16.0 ] }
											}
										},
										{
											"name": "stickR13",
											"from": [ 3.0, 28.0, 13.2 ],
											"to": [ 14.0, 29.0, 13.8 ],
											"rotationOrigin": [ 3.0, 28.0, 13.2 ],
											"faces": {
												"north": { "texture": "#surface", "uv": [ 2.5, 3.0, 13.5, 4.0 ] },
												"south": { "texture": "#surface", "uv": [ 2.5, 3.0, 13.5, 4.0 ] },
												"up": { "texture": "#surface", "uv": [ 3.0, 3.0, 14.0, 3.5 ] },
												"down": { "texture": "#surface", "uv": [ 3.0, 15.5, 14.0, 16.0 ] }
											}
										}
									]
								}
							]
						}
					]
				},
				{
					"name": "cOriginFrame",
					"from": [ 0.0, 0.0, 0.0 ],
					"to": [ 0.0, 0.0, 0.0 ],
					"faces": {
					},
					"children": [
						{
							"name": "cLFT",
							"from": [ 0.0, 16.0, 0.0 ],
							"to": [ 1.0, 31.0, 15.0 ],
							"rotationOrigin": [ 0.0, 16.0, 0.0 ],
							"faces": {
								"north": { "texture": "#surface", "uv": [ 0.5, 3.0, 15.5, 4.0 ], "rotation": 90, "autoUv": false },
								"east": { "texture": "#surface", "uv": [ 0.0, 3.0, 16.0, 16.0 ], "autoUv": false },
								"south": { "texture": "#surface", "uv": [ 0.5, 15.0, 15.5, 16.0 ], "rotation": 90, "autoUv": false },
								"west": { "texture": "#surface", "uv": [ 0.0, 3.0, 16.0, 16.0 ], "autoUv": false }
							},
							"children": [
								{
									"name": "cLFB",
									"from": [ 0.0, -15.0, 0.0 ],
									"to": [ 1.0, 0.0, 15.0 ],
									"rotationOrigin": [ 0.0, -15.0, 0.0 ],
									"faces": {
										"north": { "texture": "#surface", "uv": [ 0.5, 3.0, 15.5, 4.0 ], "rotation": 90, "autoUv": false },
										"east": { "texture": "#surface", "uv": [ 0.0, 3.0, 16.0, 16.0 ], "autoUv": false },
										"south": { "texture": "#surface", "uv": [ 0.5, 15.0, 15.5, 16.0 ], "rotation": 90, "autoUv": false },
										"west": { "texture": "#surface", "uv": [ 0.0, 3.0, 16.0, 16.0 ], "autoUv": false }
									}
								}
							]
						},
						{
							"name": "cRFT",
							"from": [ 31.0, 16.0, 0.0 ],
							"to": [ 32.0, 31.0, 15.0 ],
							"rotationOrigin": [ 31.0, 16.0, 0.0 ],
							"faces": {
								"north": { "texture": "#surface", "uv": [ 0.5, 15.0, 15.5, 16.0 ], "rotation": 90, "autoUv": false },
								"east": { "texture": "#surface", "uv": [ 0.0, 3.0, 16.0, 16.0 ], "autoUv": false },
								"south": { "texture": "#surface", "uv": [ 0.5, 3.0, 15.5, 4.0 ], "rotation": 90, "autoUv": false },
								"west": { "texture": "#surface", "uv": [ 0.0, 3.0, 16.0, 16.0 ], "autoUv": false }
							},
							"children": [
								{
									"name": "cRFB",
									"from": [ 0.0, -15.0, 0.0 ],
									"to": [ 1.0, 0.0, 15.0 ],
									"rotationOrigin": [ 0.0, -15.0, 0.0 ],
									"faces": {
										"north": { "texture": "#surface", "uv": [ 0.5, 15.0, 15.5, 16.0 ], "rotation": 90, "autoUv": false },
										"east": { "texture": "#surface", "uv": [ 0.0, 3.0, 16.0, 16.0 ], "autoUv": false },
										"south": { "texture": "#surface", "uv": [ 0.5, 3.0, 15.5, 4.0 ], "rotation": 90, "autoUv": false },
										"west": { "texture": "#surface", "uv": [ 0.0, 3.0, 16.0, 16.0 ], "autoUv": false }
									}
								}
							]
						},
						{
							"name": "cBLFT",
							"from": [ 1.0003, 16.0, 0.9997 ],
							"to": [ 2.0003, 31.0, 15.9997 ],
							"rotationOrigin": [ 1.0, 16.0, 1.0 ],
							"rotationY": 89.9802,
							"faces": {
								"east": { "texture": "#surface", "uv": [ 0.0, 3.0, 16.0, 16.0 ], "autoUv": false },
								"west": { "texture": "#surface", "uv": [ 0.0, 3.0, 16.0, 16.0 ], "autoUv": false }
							},
							"children": [
								{
									"name": "cBLFB",
									"from": [ 0.0, -15.0, 0.0 ],
									"to": [ 1.0, 0.0, 15.0 ],
									"rotationOrigin": [ -3.0E-4, -15.0, 3.0E-4 ],
									"faces": {
										"east": { "texture": "#surface", "uv": [ 0.0, 3.0, 16.0, 16.0 ], "autoUv": false },
										"west": { "texture": "#surface", "uv": [ 0.0, 3.0, 16.0, 16.0 ], "autoUv": false }
									}
								}
							]
						},
						{
							"name": "cBRFT",
							"from": [ 16.0003, 16.0, 0.9945 ],
							"to": [ 17.0003, 31.0, 15.9945 ],
							"rotationOrigin": [ 16.0, 16.0, 1.0 ],
							"rotationY": 89.9802,
							"faces": {
								"east": { "texture": "#surface", "uv": [ 0.0, 3.0, 16.0, 16.0 ], "autoUv": false },
								"west": { "texture": "#surface", "uv": [ 0.0, 3.0, 16.0, 16.0 ], "autoUv": false }
							},
							"children": [
								{
									"name": "cBRFB",
									"from": [ 0.0, -15.0, 0.0 ],
									"to": [ 1.0, 0.0, 15.0 ],
									"rotationOrigin": [ -3.0E-4, -15.0, 0.0055 ],
									"faces": {
										"east": { "texture": "#surface", "uv": [ 0.0, 3.0, 16.0, 16.0 ], "autoUv": false },
										"west": { "texture": "#surface", "uv": [ 0.0, 3.0, 16.0, 16.0 ], "autoUv": false }
									}
								}
							]
						},
						{
							"name": "cTLT",
							"from": [ 0.0, 31.0, 0.0 ],
							"to": [ 16.0, 32.0, 15.0 ],
							"rotationOrigin": [ 0.0, 31.0, 0.0 ],
							"faces": {
								"north": { "texture": "#surface", "uv": [ 0.0, 3.0, 16.0, 4.0 ] },
								"south": { "texture": "#surface", "uv": [ 0.0, 3.0, 16.0, 4.0 ], "autoUv": false },
								"west": { "texture": "#surface", "uv": [ 2.0, 3.0, 15.0, 4.0 ], "autoUv": false },
								"up": { "texture": "#surface", "uv": [ 0.0, 3.0, 16.0, 16.0 ], "autoUv": false },
								"down": { "texture": "#surface", "uv": [ 0.0, 3.0, 16.0, 16.0 ], "autoUv": false }
							},
							"children": [
								{
									"name": "cTRT",
									"from": [ 16.0, 0.0, 0.0 ],
									"to": [ 32.0, 1.0, 15.0 ],
									"rotationOrigin": [ 16.0, 0.0, 0.0 ],
									"faces": {
										"north": { "texture": "#surface", "uv": [ 0.0, 3.0, 16.0, 4.0 ] },
										"east": { "texture": "#surface", "uv": [ 1.5, 3.0, 14.5, 4.0 ], "autoUv": false },
										"south": { "texture": "#surface", "uv": [ 0.0, 3.0, 16.0, 4.0 ] },
										"up": { "texture": "#surface", "uv": [ 0.0, 3.0, 16.0, 16.0 ], "autoUv": false },
										"down": { "texture": "#surface", "uv": [ 0.0, 3.0, 16.0, 16.0 ], "autoUv": false }
									}
								}
							]
						},
						{
							"name": "cTLB",
							"from": [ 0.0, 0.0, 0.0 ],
							"to": [ 16.0, 1.0, 15.0 ],
							"faces": {
								"north": { "texture": "#surface", "uv": [ 0.0, 15.0, 16.0, 16.0 ] },
								"south": { "texture": "#surface", "uv": [ 0.0, 15.0, 16.0, 16.0 ], "autoUv": false },
								"west": { "texture": "#surface", "uv": [ 1.5, 15.0, 14.5, 16.0 ], "autoUv": false },
								"up": { "texture": "#surface", "uv": [ 0.0, 3.0, 16.0, 16.0 ], "autoUv": false },
								"down": { "texture": "#surface", "uv": [ 0.0, 3.0, 16.0, 16.0 ], "autoUv": false }
							},
							"children": [
								{
									"name": "cTRB",
									"from": [ 16.0, 0.0, 0.0 ],
									"to": [ 32.0, 1.0, 15.0 ],
									"rotationOrigin": [ 16.0, 0.0, 0.0 ],
									"faces": {
										"north": { "texture": "#surface", "uv": [ 0.0, 15.0, 16.0, 16.0 ] },
										"east": { "texture": "#surface", "uv": [ 1.5, 15.0, 14.5, 16.0 ], "autoUv": false },
										"south": { "texture": "#surface", "uv": [ 0.0, 15.0, 16.0, 16.0 ] },
										"up": { "texture": "#surface", "uv": [ 0.0, 3.0, 16.0, 16.0 ], "autoUv": false },
										"down": { "texture": "#surface", "uv": [ 0.0, 3.0, 16.0, 16.0 ], "autoUv": false }
									}
								}
							]
						}
					]
				}
			]
		},
		{
			"name": "originInterior",
			"from": [ 0.0, 0.0, 0.0 ],
			"to": [ 0.0, 0.0, 0.0 ],
			"faces": {
			},
			"children": [
				{
					"name": "shoeSectionL",
					"from": [ 1.0, 1.0, 1.0 ],
					"to": [ 16.0, 4.0, 8.0 ],
					"rotationOrigin": [ 1.0, 1.0, 1.0 ],
					"faces": {
						"south": { "texture": "#surface", "uv": [ 0.0, 3.0, 15.0, 6.0 ] },
						"up": { "texture": "#surface", "uv": [ 0.0, 9.0, 15.0, 16.0 ] }
					},
					"children": [
						{
							"name": "shoeSectionR",
							"from": [ 15.0, 0.0, 0.0 ],
							"to": [ 30.0, 3.0, 7.0 ],
							"rotationOrigin": [ 15.0, 0.0, 0.0 ],
							"faces": {
								"south": { "texture": "#surface", "uv": [ 1.0, 3.0, 16.0, 6.0 ] },
								"up": { "texture": "#surface", "uv": [ 1.0, 9.0, 16.0, 16.0 ] }
							}
						}
					]
				},
				{
					"name": "hangerStickL",
					"from": [ 1.0, 28.0, 7.0 ],
					"to": [ 16.0, 29.0, 8.0 ],
					"rotationOrigin": [ 1.0, 28.0, 7.0 ],
					"faces": {
						"south": { "texture": "#surface", "uv": [ 0.5, 3.0, 15.5, 4.0 ] },
						"up": { "texture": "#surface", "uv": [ 0.5, 2.5, 15.5, 3.5 ] },
						"down": { "texture": "#surface", "uv": [ 0.5, 2.5, 15.5, 3.5 ] }
					},
					"children": [
						{
							"name": "hangerStickR",
							"from": [ 15.0, 0.0, 0.0 ],
							"to": [ 30.0, 1.0, 1.0 ],
							"rotationOrigin": [ 15.0, 0.0, 0.0 ],
							"faces": {
								"south": { "texture": "#surface", "uv": [ 0.5, 3.0, 15.5, 4.0 ] },
								"up": { "texture": "#surface", "uv": [ 0.5, 2.5, 15.5, 3.5 ] },
								"down": { "texture": "#surface", "uv": [ 0.5, 2.5, 15.5, 3.5 ] }
							}
						}
					]
				},
				{
					"name": "hook1",
					"from": [ 2.2, 26.3, 7.0 ],
					"to": [ 2.9, 28.0, 7.7 ],
					"rotationOrigin": [ 2.2, 26.3, 7.0 ],
					"faces": {
						"north": { "texture": "#surface", "uv": [ 15.5, 13.0, 16.0, 14.5 ] },
						"east": { "texture": "#surface", "uv": [ 15.5, 7.0, 16.0, 8.5 ] },
						"south": { "texture": "#surface", "uv": [ 0.0, 5.5, 0.5, 7.0 ] },
						"west": { "texture": "#surface", "uv": [ 0.0, 4.0, 0.5, 5.5 ] },
						"down": { "texture": "#surface", "uv": [ 0.0, 3.0, 0.5, 3.5 ] }
					},
					"children": [
						{
							"name": "hook2",
							"from": [ 3.0, 0.0, 0.0 ],
							"to": [ 3.7, 1.7, 0.7 ],
							"rotationOrigin": [ 3.0, 0.0, 0.0 ],
							"faces": {
								"north": { "texture": "#surface", "uv": [ 15.5, 13.0, 16.0, 14.5 ] },
								"east": { "texture": "#surface", "uv": [ 15.5, 7.0, 16.0, 8.5 ] },
								"south": { "texture": "#surface", "uv": [ 0.0, 5.5, 0.5, 7.0 ] },
								"west": { "texture": "#surface", "uv": [ 0.0, 4.0, 0.5, 5.5 ] },
								"down": { "texture": "#surface", "uv": [ 0.0, 3.0, 0.5, 3.5 ] }
							}
						},
						{
							"name": "hook3",
							"from": [ 6.0, 0.0, 0.0 ],
							"to": [ 6.7, 1.7, 0.7 ],
							"rotationOrigin": [ 6.0, 0.0, 0.0 ],
							"faces": {
								"north": { "texture": "#surface", "uv": [ 15.5, 13.0, 16.0, 14.5 ] },
								"east": { "texture": "#surface", "uv": [ 15.5, 7.0, 16.0, 8.5 ] },
								"south": { "texture": "#surface", "uv": [ 0.0, 5.5, 0.5, 7.0 ] },
								"west": { "texture": "#surface", "uv": [ 0.0, 4.0, 0.5, 5.5 ] },
								"down": { "texture": "#surface", "uv": [ 0.0, 3.0, 0.5, 3.5 ] }
							}
						},
						{
							"name": "hook4",
							"from": [ 9.0, 0.0, 0.0 ],
							"to": [ 9.7, 1.7, 0.7 ],
							"rotationOrigin": [ 9.0, 0.0, 0.0 ],
							"faces": {
								"north": { "texture": "#surface", "uv": [ 15.5, 13.0, 16.0, 14.5 ] },
								"east": { "texture": "#surface", "uv": [ 15.5, 7.0, 16.0, 8.5 ] },
								"south": { "texture": "#surface", "uv": [ 0.0, 5.5, 0.5, 7.0 ] },
								"west": { "texture": "#surface", "uv": [ 0.0, 4.0, 0.5, 5.5 ] },
								"down": { "texture": "#surface", "uv": [ 0.0, 3.0, 0.5, 3.5 ] }
							}
						},
						{
							"name": "hook5",
							"from": [ 12.0, 0.0, 0.0 ],
							"to": [ 12.7, 1.7, 0.7 ],
							"rotationOrigin": [ 12.0, 0.0, 0.0 ],
							"faces": {
								"north": { "texture": "#surface", "uv": [ 15.5, 13.0, 16.0, 14.5 ] },
								"east": { "texture": "#surface", "uv": [ 15.5, 7.0, 16.0, 8.5 ] },
								"south": { "texture": "#surface", "uv": [ 0.0, 5.5, 0.5, 7.0 ] },
								"west": { "texture": "#surface", "uv": [ 0.0, 4.0, 0.5, 5.5 ] },
								"down": { "texture": "#surface", "uv": [ 0.0, 3.0, 0.5, 3.5 ] }
							}
						},
						{
							"name": "hook6",
							"from": [ 15.0, 0.0, 0.0 ],
							"to": [ 15.7, 1.7, 0.7 ],
							"rotationOrigin": [ 15.0, 0.0, 0.0 ],
							"faces": {
								"north": { "texture": "#surface", "uv": [ 15.5, 13.0, 16.0, 14.5 ] },
								"east": { "texture": "#surface", "uv": [ 15.5, 7.0, 16.0, 8.5 ] },
								"south": { "texture": "#surface", "uv": [ 0.0, 5.5, 0.5, 7.0 ] },
								"west": { "texture": "#surface", "uv": [ 0.0, 4.0, 0.5, 5.5 ] },
								"down": { "texture": "#surface", "uv": [ 0.0, 3.0, 0.5, 3.5 ] }
							}
						},
						{
							"name": "hook7",
							"from": [ 18.0, 0.0, 0.0 ],
							"to": [ 18.7, 1.7, 0.7 ],
							"rotationOrigin": [ 18.0, 0.0, 0.0 ],
							"faces": {
								"north": { "texture": "#surface", "uv": [ 15.5, 13.0, 16.0, 14.5 ] },
								"east": { "texture": "#surface", "uv": [ 15.5, 7.0, 16.0, 8.5 ] },
								"south": { "texture": "#surface", "uv": [ 0.0, 5.5, 0.5, 7.0 ] },
								"west": { "texture": "#surface", "uv": [ 0.0, 4.0, 0.5, 5.5 ] },
								"down": { "texture": "#surface", "uv": [ 0.0, 3.0, 0.5, 3.5 ] }
							}
						},
						{
							"name": "hook8",
							"from": [ 21.0, 0.0, 0.0 ],
							"to": [ 21.7, 1.7, 0.7 ],
							"rotationOrigin": [ 21.0, 0.0, 0.0 ],
							"faces": {
								"north": { "texture": "#surface", "uv": [ 15.5, 13.0, 16.0, 14.5 ] },
								"east": { "texture": "#surface", "uv": [ 15.5, 7.0, 16.0, 8.5 ] },
								"south": { "texture": "#surface", "uv": [ 0.0, 5.5, 0.5, 7.0 ] },
								"west": { "texture": "#surface", "uv": [ 0.0, 4.0, 0.5, 5.5 ] },
								"down": { "texture": "#surface", "uv": [ 0.0, 3.0, 0.5, 3.5 ] }
							}
						},
						{
							"name": "hook9",
							"from": [ 24.0, 0.0, 0.0 ],
							"to": [ 24.7, 1.7, 0.7 ],
							"rotationOrigin": [ 24.0, 0.0, 0.0 ],
							"faces": {
								"north": { "texture": "#surface", "uv": [ 15.5, 13.0, 16.0, 14.5 ] },
								"east": { "texture": "#surface", "uv": [ 15.5, 7.0, 16.0, 8.5 ] },
								"south": { "texture": "#surface", "uv": [ 0.0, 5.5, 0.5, 7.0 ] },
								"west": { "texture": "#surface", "uv": [ 0.0, 4.0, 0.5, 5.5 ] },
								"down": { "texture": "#surface", "uv": [ 0.0, 3.0, 0.5, 3.5 ] }
							}
						},
						{
							"name": "hook10",
							"from": [ 27.0, 0.0, 0.0 ],
							"to": [ 27.7, 1.7, 0.7 ],
							"rotationOrigin": [ 27.0, 0.0, 0.0 ],
							"faces": {
								"north": { "texture": "#surface", "uv": [ 15.5, 13.0, 16.0, 14.5 ] },
								"east": { "texture": "#surface", "uv": [ 15.5, 7.0, 16.0, 8.5 ] },
								"south": { "texture": "#surface", "uv": [ 0.0, 5.5, 0.5, 7.0 ] },
								"west": { "texture": "#surface", "uv": [ 0.0, 4.0, 0.5, 5.5 ] },
								"down": { "texture": "#surface", "uv": [ 0.0, 3.0, 0.5, 3.5 ] }
							}
						}
					]
				},
				{
					"name": "stick1",
					"from": [ 2.21, 26.3, 7.7 ],
					"to": [ 2.89, 27.0, 10.7 ],
					"rotationOrigin": [ 2.2, 27.0, 7.7 ],
					"rotationX": 30.0,
					"faces": {
						"east": { "texture": "#surface", "uv": [ 10.5, 3.0, 13.5, 3.5 ] },
						"south": { "texture": "#surface", "uv": [ 1.0, 3.0, 1.5, 3.5 ] },
						"west": { "texture": "#surface", "uv": [ 1.5, 3.0, 4.5, 3.5 ] },
						"up": { "texture": "#surface", "uv": [ 0.0, 6.0, 0.5, 9.0 ], "windMode": [-1,-1,-1,-1], "windData": [1,1,1,1] },
						"down": { "texture": "#surface", "uv": [ 0.0, 3.0, 0.5, 6.0 ] }
					},
					"children": [
						{
							"name": "stick2-1",
							"from": [ 0.0, -0.35, -3.61 ],
							"to": [ 0.68, 0.35, -0.61 ],
							"rotationOrigin": [ -0.01, 0.35, -0.6062 ],
							"rotationX": -60.0,
							"faces": {
								"east": { "texture": "#surface", "uv": [ 10.5, 3.0, 13.5, 3.5 ] },
								"south": { "texture": "#surface", "uv": [ 1.0, 3.0, 1.5, 3.5 ] },
								"west": { "texture": "#surface", "uv": [ 1.5, 3.0, 4.5, 3.5 ] },
								"up": { "texture": "#surface", "uv": [ 15.5, 10.0, 16.0, 13.0 ], "windMode": [-1,-1,-1,-1], "windData": [1,1,1,1] },
								"down": { "texture": "#surface", "uv": [ 0.0, 3.0, 0.5, 6.0 ] }
							}
						},
						{
							"name": "stick2",
							"from": [ 3.0, 0.0, 0.0 ],
							"to": [ 3.68, 0.7, 3.0 ],
							"rotationOrigin": [ 2.99, 0.7, 0.0 ],
							"faces": {
								"east": { "texture": "#surface", "uv": [ 10.5, 3.0, 13.5, 3.5 ] },
								"south": { "texture": "#surface", "uv": [ 1.0, 3.0, 1.5, 3.5 ] },
								"west": { "texture": "#surface", "uv": [ 1.5, 3.0, 4.5, 3.5 ] },
								"up": { "texture": "#surface", "uv": [ 0.0, 6.0, 0.5, 9.0 ], "windMode": [-1,-1,-1,-1], "windData": [1,1,1,1] },
								"down": { "texture": "#surface", "uv": [ 0.0, 3.0, 0.5, 6.0 ] }
							},
							"children": [
								{
									"name": "stick2-2",
									"from": [ 0.0, -0.35, -3.61 ],
									"to": [ 0.68, 0.35, -0.61 ],
									"rotationOrigin": [ -0.01, 0.35, -0.6062 ],
									"rotationX": -60.0,
									"faces": {
										"east": { "texture": "#surface", "uv": [ 10.5, 3.0, 13.5, 3.5 ] },
										"south": { "texture": "#surface", "uv": [ 1.0, 3.0, 1.5, 3.5 ] },
										"west": { "texture": "#surface", "uv": [ 1.5, 3.0, 4.5, 3.5 ] },
										"up": { "texture": "#surface", "uv": [ 15.5, 10.0, 16.0, 13.0 ], "windMode": [-1,-1,-1,-1], "windData": [1,1,1,1] },
										"down": { "texture": "#surface", "uv": [ 0.0, 3.0, 0.5, 6.0 ] }
									}
								}
							]
						},
						{
							"name": "stick3",
							"from": [ 6.0, 0.0, 0.0 ],
							"to": [ 6.68, 0.7, 3.0 ],
							"rotationOrigin": [ 5.99, 0.7, 0.0 ],
							"faces": {
								"east": { "texture": "#surface", "uv": [ 10.5, 3.0, 13.5, 3.5 ] },
								"south": { "texture": "#surface", "uv": [ 1.0, 3.0, 1.5, 3.5 ] },
								"west": { "texture": "#surface", "uv": [ 1.5, 3.0, 4.5, 3.5 ] },
								"up": { "texture": "#surface", "uv": [ 0.0, 6.0, 0.5, 9.0 ], "windMode": [-1,-1,-1,-1], "windData": [1,1,1,1] },
								"down": { "texture": "#surface", "uv": [ 0.0, 3.0, 0.5, 6.0 ] }
							},
							"children": [
								{
									"name": "stick2-3",
									"from": [ 0.0, -0.35, -3.61 ],
									"to": [ 0.68, 0.35, -0.61 ],
									"rotationOrigin": [ -0.01, 0.35, -0.6062 ],
									"rotationX": -60.0,
									"faces": {
										"east": { "texture": "#surface", "uv": [ 10.5, 3.0, 13.5, 3.5 ] },
										"south": { "texture": "#surface", "uv": [ 1.0, 3.0, 1.5, 3.5 ] },
										"west": { "texture": "#surface", "uv": [ 1.5, 3.0, 4.5, 3.5 ] },
										"up": { "texture": "#surface", "uv": [ 15.5, 10.0, 16.0, 13.0 ], "windMode": [-1,-1,-1,-1], "windData": [1,1,1,1] },
										"down": { "texture": "#surface", "uv": [ 0.0, 3.0, 0.5, 6.0 ] }
									}
								}
							]
						},
						{
							"name": "stick4",
							"from": [ 9.0, 0.0, 0.0 ],
							"to": [ 9.68, 0.7, 3.0 ],
							"rotationOrigin": [ 8.99, 0.7, 0.0 ],
							"faces": {
								"east": { "texture": "#surface", "uv": [ 10.5, 3.0, 13.5, 3.5 ] },
								"south": { "texture": "#surface", "uv": [ 1.0, 3.0, 1.5, 3.5 ] },
								"west": { "texture": "#surface", "uv": [ 1.5, 3.0, 4.5, 3.5 ] },
								"up": { "texture": "#surface", "uv": [ 0.0, 6.0, 0.5, 9.0 ], "windMode": [-1,-1,-1,-1], "windData": [1,1,1,1] },
								"down": { "texture": "#surface", "uv": [ 0.0, 3.0, 0.5, 6.0 ] }
							},
							"children": [
								{
									"name": "stick2-4",
									"from": [ 0.0, -0.35, -3.61 ],
									"to": [ 0.68, 0.35, -0.61 ],
									"rotationOrigin": [ -0.01, 0.35, -0.6062 ],
									"rotationX": -60.0,
									"faces": {
										"east": { "texture": "#surface", "uv": [ 10.5, 3.0, 13.5, 3.5 ] },
										"south": { "texture": "#surface", "uv": [ 1.0, 3.0, 1.5, 3.5 ] },
										"west": { "texture": "#surface", "uv": [ 1.5, 3.0, 4.5, 3.5 ] },
										"up": { "texture": "#surface", "uv": [ 15.5, 10.0, 16.0, 13.0 ], "windMode": [-1,-1,-1,-1], "windData": [1,1,1,1] },
										"down": { "texture": "#surface", "uv": [ 0.0, 3.0, 0.5, 6.0 ] }
									}
								}
							]
						},
						{
							"name": "stick5",
							"from": [ 12.0, 0.0, 0.0 ],
							"to": [ 12.68, 0.7, 3.0 ],
							"rotationOrigin": [ 11.99, 0.7, 0.0 ],
							"faces": {
								"east": { "texture": "#surface", "uv": [ 10.5, 3.0, 13.5, 3.5 ] },
								"south": { "texture": "#surface", "uv": [ 1.0, 3.0, 1.5, 3.5 ] },
								"west": { "texture": "#surface", "uv": [ 1.5, 3.0, 4.5, 3.5 ] },
								"up": { "texture": "#surface", "uv": [ 0.0, 6.0, 0.5, 9.0 ], "windMode": [-1,-1,-1,-1], "windData": [1,1,1,1] },
								"down": { "texture": "#surface", "uv": [ 0.0, 3.0, 0.5, 6.0 ] }
							},
							"children": [
								{
									"name": "stick2-5",
									"from": [ 0.0, -0.35, -3.61 ],
									"to": [ 0.68, 0.35, -0.61 ],
									"rotationOrigin": [ -0.01, 0.35, -0.6062 ],
									"rotationX": -60.0,
									"faces": {
										"east": { "texture": "#surface", "uv": [ 10.5, 3.0, 13.5, 3.5 ] },
										"south": { "texture": "#surface", "uv": [ 1.0, 3.0, 1.5, 3.5 ] },
										"west": { "texture": "#surface", "uv": [ 1.5, 3.0, 4.5, 3.5 ] },
										"up": { "texture": "#surface", "uv": [ 15.5, 10.0, 16.0, 13.0 ], "windMode": [-1,-1,-1,-1], "windData": [1,1,1,1] },
										"down": { "texture": "#surface", "uv": [ 0.0, 3.0, 0.5, 6.0 ] }
									}
								}
							]
						},
						{
							"name": "stick6",
							"from": [ 15.0, 0.0, 0.0 ],
							"to": [ 15.68, 0.7, 3.0 ],
							"rotationOrigin": [ 14.99, 0.7, 0.0 ],
							"faces": {
								"east": { "texture": "#surface", "uv": [ 10.5, 3.0, 13.5, 3.5 ] },
								"south": { "texture": "#surface", "uv": [ 1.0, 3.0, 1.5, 3.5 ] },
								"west": { "texture": "#surface", "uv": [ 1.5, 3.0, 4.5, 3.5 ] },
								"up": { "texture": "#surface", "uv": [ 0.0, 6.0, 0.5, 9.0 ], "windMode": [-1,-1,-1,-1], "windData": [1,1,1,1] },
								"down": { "texture": "#surface", "uv": [ 0.0, 3.0, 0.5, 6.0 ] }
							},
							"children": [
								{
									"name": "stick2-6",
									"from": [ 0.0, -0.35, -3.61 ],
									"to": [ 0.68, 0.35, -0.61 ],
									"rotationOrigin": [ -0.01, 0.35, -0.6062 ],
									"rotationX": -60.0,
									"faces": {
										"east": { "texture": "#surface", "uv": [ 10.5, 3.0, 13.5, 3.5 ] },
										"south": { "texture": "#surface", "uv": [ 1.0, 3.0, 1.5, 3.5 ] },
										"west": { "texture": "#surface", "uv": [ 1.5, 3.0, 4.5, 3.5 ] },
										"up": { "texture": "#surface", "uv": [ 15.5, 10.0, 16.0, 13.0 ], "windMode": [-1,-1,-1,-1], "windData": [1,1,1,1] },
										"down": { "texture": "#surface", "uv": [ 0.0, 3.0, 0.5, 6.0 ] }
									}
								}
							]
						},
						{
							"name": "stick7",
							"from": [ 18.0, 0.0, 0.0 ],
							"to": [ 18.68, 0.7, 3.0 ],
							"rotationOrigin": [ 17.99, 0.7, 0.0 ],
							"faces": {
								"east": { "texture": "#surface", "uv": [ 10.5, 3.0, 13.5, 3.5 ] },
								"south": { "texture": "#surface", "uv": [ 1.0, 3.0, 1.5, 3.5 ] },
								"west": { "texture": "#surface", "uv": [ 1.5, 3.0, 4.5, 3.5 ] },
								"up": { "texture": "#surface", "uv": [ 0.0, 6.0, 0.5, 9.0 ], "windMode": [-1,-1,-1,-1], "windData": [1,1,1,1] },
								"down": { "texture": "#surface", "uv": [ 0.0, 3.0, 0.5, 6.0 ] }
							},
							"children": [
								{
									"name": "stick2-7",
									"from": [ 0.0, -0.35, -3.61 ],
									"to": [ 0.68, 0.35, -0.61 ],
									"rotationOrigin": [ -0.01, 0.35, -0.6062 ],
									"rotationX": -60.0,
									"faces": {
										"east": { "texture": "#surface", "uv": [ 10.5, 3.0, 13.5, 3.5 ] },
										"south": { "texture": "#surface", "uv": [ 1.0, 3.0, 1.5, 3.5 ] },
										"west": { "texture": "#surface", "uv": [ 1.5, 3.0, 4.5, 3.5 ] },
										"up": { "texture": "#surface", "uv": [ 15.5, 10.0, 16.0, 13.0 ], "windMode": [-1,-1,-1,-1], "windData": [1,1,1,1] },
										"down": { "texture": "#surface", "uv": [ 0.0, 3.0, 0.5, 6.0 ] }
									}
								}
							]
						},
						{
							"name": "stick8",
							"from": [ 21.0, 0.0, 0.0 ],
							"to": [ 21.68, 0.7, 3.0 ],
							"rotationOrigin": [ 20.99, 0.7, 0.0 ],
							"faces": {
								"east": { "texture": "#surface", "uv": [ 10.5, 3.0, 13.5, 3.5 ] },
								"south": { "texture": "#surface", "uv": [ 1.0, 3.0, 1.5, 3.5 ] },
								"west": { "texture": "#surface", "uv": [ 1.5, 3.0, 4.5, 3.5 ] },
								"up": { "texture": "#surface", "uv": [ 0.0, 6.0, 0.5, 9.0 ], "windMode": [-1,-1,-1,-1], "windData": [1,1,1,1] },
								"down": { "texture": "#surface", "uv": [ 0.0, 3.0, 0.5, 6.0 ] }
							},
							"children": [
								{
									"name": "stick2-8",
									"from": [ 0.0, -0.35, -3.61 ],
									"to": [ 0.68, 0.35, -0.61 ],
									"rotationOrigin": [ -0.01, 0.35, -0.6062 ],
									"rotationX": -60.0,
									"faces": {
										"east": { "texture": "#surface", "uv": [ 10.5, 3.0, 13.5, 3.5 ] },
										"south": { "texture": "#surface", "uv": [ 1.0, 3.0, 1.5, 3.5 ] },
										"west": { "texture": "#surface", "uv": [ 1.5, 3.0, 4.5, 3.5 ] },
										"up": { "texture": "#surface", "uv": [ 15.5, 10.0, 16.0, 13.0 ], "windMode": [-1,-1,-1,-1], "windData": [1,1,1,1] },
										"down": { "texture": "#surface", "uv": [ 0.0, 3.0, 0.5, 6.0 ] }
									}
								}
							]
						},
						{
							"name": "stick9",
							"from": [ 24.0, 0.0, 0.0 ],
							"to": [ 24.68, 0.7, 3.0 ],
							"rotationOrigin": [ 23.99, 0.7, 0.0 ],
							"faces": {
								"east": { "texture": "#surface", "uv": [ 10.5, 3.0, 13.5, 3.5 ] },
								"south": { "texture": "#surface", "uv": [ 1.0, 3.0, 1.5, 3.5 ] },
								"west": { "texture": "#surface", "uv": [ 1.5, 3.0, 4.5, 3.5 ] },
								"up": { "texture": "#surface", "uv": [ 0.0, 6.0, 0.5, 9.0 ], "windMode": [-1,-1,-1,-1], "windData": [1,1,1,1] },
								"down": { "texture": "#surface", "uv": [ 0.0, 3.0, 0.5, 6.0 ] }
							},
							"children": [
								{
									"name": "stick2-9",
									"from": [ 0.0, -0.35, -3.61 ],
									"to": [ 0.68, 0.35, -0.61 ],
									"rotationOrigin": [ -0.01, 0.35, -0.6062 ],
									"rotationX": -60.0,
									"faces": {
										"east": { "texture": "#surface", "uv": [ 10.5, 3.0, 13.5, 3.5 ] },
										"south": { "texture": "#surface", "uv": [ 1.0, 3.0, 1.5, 3.5 ] },
										"west": { "texture": "#surface", "uv": [ 1.5, 3.0, 4.5, 3.5 ] },
										"up": { "texture": "#surface", "uv": [ 15.5, 10.0, 16.0, 13.0 ], "windMode": [-1,-1,-1,-1], "windData": [1,1,1,1] },
										"down": { "texture": "#surface", "uv": [ 0.0, 3.0, 0.5, 6.0 ] }
									}
								}
							]
						},
						{
							"name": "stick10",
							"from": [ 27.0, 0.0, 0.0 ],
							"to": [ 27.68, 0.7, 3.0 ],
							"rotationOrigin": [ 26.99, 0.7, 0.0 ],
							"faces": {
								"east": { "texture": "#surface", "uv": [ 10.5, 3.0, 13.5, 3.5 ] },
								"south": { "texture": "#surface", "uv": [ 1.0, 3.0, 1.5, 3.5 ] },
								"west": { "texture": "#surface", "uv": [ 1.5, 3.0, 4.5, 3.5 ] },
								"up": { "texture": "#surface", "uv": [ 0.0, 6.0, 0.5, 9.0 ], "windMode": [-1,-1,-1,-1], "windData": [1,1,1,1] },
								"down": { "texture": "#surface", "uv": [ 0.0, 3.0, 0.5, 6.0 ] }
							},
							"children": [
								{
									"name": "stick2-10",
									"from": [ 0.0, -0.35, -3.61 ],
									"to": [ 0.68, 0.35, -0.61 ],
									"rotationOrigin": [ -0.01, 0.35, -0.6062 ],
									"rotationX": -60.0,
									"faces": {
										"east": { "texture": "#surface", "uv": [ 10.5, 3.0, 13.5, 3.5 ] },
										"south": { "texture": "#surface", "uv": [ 1.0, 3.0, 1.5, 3.5 ] },
										"west": { "texture": "#surface", "uv": [ 1.5, 3.0, 4.5, 3.5 ] },
										"up": { "texture": "#surface", "uv": [ 15.5, 10.0, 16.0, 13.0 ], "windMode": [-1,-1,-1,-1], "windData": [1,1,1,1] },
										"down": { "texture": "#surface", "uv": [ 0.0, 3.0, 0.5, 6.0 ] }
									}
								}
							]
						}
					]
				}
			]
		}
	],
	"animations": [
		{
			"name": "wardrobeOpen",
			"code": "wardrobeopen",
			"quantityframes": 30,
			"onActivityStopped": "Rewind",
			"onAnimationEnd": "Hold",
			"keyframes": [
				{
					"frame": 0,
					"elements": {
						"doorleft": { "rotationX": 0.0, "rotationY": 0.0, "rotationZ": 0.0 },
						"doorright": { "rotationX": 0.0, "rotationY": 0.0, "rotationZ": 0.0 }
					}
				},
				{
					"frame": 29,
					"elements": {
						"doorleft": { "rotationX": 0.0, "rotationY": -90.0, "rotationZ": 0.0 },
						"doorright": { "rotationX": 0.0, "rotationY": 90.0, "rotationZ": 0.0 }
					}
				}
			]
		}
	]
}