﻿[
    // Pantherinae
    {
        "side": "server",
        "file": "pantherinae:entities/animal/mammal/pantherinae-neofelis-adult",
        "op": "add",
        "path": "/server/behaviors/-",
        "value": {
            "code": "EntityBleedingBehavior"
        }
    },
    {
        "side": "server",
        "file":  "pantherinae:entities/animal/mammal/pantherinae-neofelis-adult",
        "op": "add",
        "path": "/client/behaviors/-",
        "value": {
            "code": "EntityBleedingBehaviorParticles"
        }
    },
    {
        "side": "server",
        "file": "pantherinae:entities/animal/mammal/pantherinae-neofelis-baby",
        "op": "add",
        "path": "/server/behaviors/-",
        "value": {
            "code": "EntityBleedingBehavior"
        }
    },
    {
        "side": "server",
        "file":  "pantherinae:entities/animal/mammal/pantherinae-neofelis-baby",
        "op": "add",
        "path": "/client/behaviors/-",
        "value": {
            "code": "EntityBleedingBehaviorParticles"
        }
    },
    {
        "side": "server",
        "file": "pantherinae:entities/animal/mammal/pantherinae-neofelis-carcass",
        "op": "add",
        "path": "/server/behaviors/-",
        "value": {
            "code": "EntityBleedingBehavior"
        }
    },
    {
        "side": "server",
        "file":  "pantherinae:entities/animal/mammal/pantherinae-neofelis-carcass",
        "op": "add",
        "path": "/client/behaviors/-",
        "value": {
            "code": "EntityBleedingBehaviorParticles"
        }
    },
    {
        "side": "server",
        "file": "pantherinae:entities/animal/mammal/pantherinae-panthera-adult",
        "op": "add",
        "path": "/server/behaviors/-",
        "value": {
            "code": "EntityBleedingBehavior"
        }
    },
    {
        "side": "server",
        "file":  "pantherinae:entities/animal/mammal/pantherinae-panthera-adult",
        "op": "add",
        "path": "/client/behaviors/-",
        "value": {
            "code": "EntityBleedingBehaviorParticles"
        }
    },
    {
        "side": "server",
        "file": "pantherinae:entities/animal/mammal/pantherinae-panthera-baby",
        "op": "add",
        "path": "/server/behaviors/-",
        "value": {
            "code": "EntityBleedingBehavior"
        }
    },
    {
        "side": "server",
        "file":  "pantherinae:entities/animal/mammal/pantherinae-panthera-baby",
        "op": "add",
        "path": "/client/behaviors/-",
        "value": {
            "code": "EntityBleedingBehaviorParticles"
        }
    },
    {
        "side": "server",
        "file": "pantherinae:entities/animal/mammal/pantherinae-panthera-carcass",
        "op": "add",
        "path": "/server/behaviors/-",
        "value": {
            "code": "EntityBleedingBehavior"
        }
    },
    {
        "side": "server",
        "file":  "pantherinae:entities/animal/mammal/pantherinae-panthera-carcass",
        "op": "add",
        "path": "/client/behaviors/-",
        "value": {
            "code": "EntityBleedingBehaviorParticles"
        }
    }
]