[
	{
	"ingredientPattern": "_T_,TCT,TTT",
	"ingredients": {
		"C": { "type": "item", "code": "game:clay-*", "quantity": 4 },
		"T": { "type": "block", "code": "bricklayers:claytile-dull-*", "name": "color" }
	},
	"width": 3,
	"height": 3,
	"output": { "type": "block", "code": "bricklayers:claytiles-dull-{color}" }
	},

	{
	"ingredientPattern": "_T_,TCT,TTT",
	"ingredients": {
		"C": { "type": "item", "code": "game:clay-*", "quantity": 4 },
		"T": { "type": "block", "code": "bricklayers:claytile-polished-*", "name": "color" }
	},
	"width": 3,
	"height": 3,
	"output": { "type": "block", "code": "bricklayers:claytiles-polished-{color}" }
	},

	{
	"ingredientPattern": "CTP",
	"ingredients": {
		"C": { "type": "item", "code": "game:chisel-*", "isTool": true, "toolDurabilityCost": 1 },
		"P": { "type": "item", "code": "bricklayers:polishingset-*", "isTool": true, "toolDurabilityCost": 1 },
		"T": { "type": "block", "code": "bricklayers:claytile-dull-*", "name": "color" }
	},
	"width": 3,
	"height": 1,
	"recipeGroup": 2,
	"output": { "type": "block", "code": "bricklayers:claytile-polished-{color}" }
	},

	{
	"ingredientPattern": "CTP",
	"ingredients": {
		"C": { "type": "item", "code": "game:chisel-*", "isTool": true, "toolDurabilityCost": 3 },
		"P": { "type": "item", "code": "bricklayers:polishingset-*", "isTool": true, "toolDurabilityCost": 3 },
		"T": { "type": "block", "code": "bricklayers:claytiles-dull-*", "name": "color" }
	},
	"width": 3,
	"height": 1,
	"recipeGroup": 4,
	"output": { "type": "block", "code": "bricklayers:claytiles-polished-{color}" }
	}
]
