[
	{
	"ingredientPattern": "T,C",
	"ingredients": {
		"T": { "type": "item", "code": "bricklayers:stonerawtile-*", "name": "rock" },
		"C": { "type": "item", "code": "bricklayers:cement-tile", "quantity": 1 }
	},
	"width": 1,
	"height": 2,
	"output": { "type": "block", "code": "bricklayers:stonetile-normal-{rock}", "quantity": 1 }
	},

	{
	"ingredientPattern": "T,C",
	"ingredients": {
		"T": { "type": "item", "code": "bricklayers:stonerawtileshiny-*", "name": "rock" },
		"C": { "type": "item", "code": "bricklayers:cement-tile", "quantity": 1 }
	},
	"width": 1,
	"height": 2,
	"output": { "type": "block", "code": "bricklayers:stonetile-shiny-{rock}", "quantity": 1 }
	}
]
