{
	"editor": {
		"backDropShape": "entity/bovinae/bubalusgrovesi/adult",
		"allAngles": true,
		"entityTextureMode": true
	},
	"textureWidth": 52,
	"textureHeight": 60,
	"textureSizes": {
		"skin": [52,60]
	},
	"textures": {
		"skin": "entity/bovinae/bubalusgrovesi-male"
	},
	"elements": [
		{
			"name": "LHorn1",
			"stepParentName": "AntlerBase",
			"from": [ -0.25, 0.25, 0.25 ],
			"to": [ 0.75, 1.25, 1.25 ],
			"unwrapMode": 2,
			"uv": [ 22.5, 12.5 ],
			"rotationOrigin": [ 0.125, 0.25, 0.75 ],
			"rotationX": 83.0,
			"rotationY": 3.0,
			"rotationZ": -75.0,
			"faces": {
				"north": { "texture": "#skin", "uv": [ 24.5, 13.5, 25.5, 14.5 ] },
				"east": { "texture": "#skin", "uv": [ 23.5, 13.5, 24.5, 14.5 ] },
				"south": { "texture": "#skin", "uv": [ 22.5, 13.5, 23.5, 14.5 ] },
				"west": { "texture": "#skin", "uv": [ 25.5, 13.5, 26.5, 14.5 ] },
				"up": { "texture": "#skin", "uv": [ 23.5, 12.5, 24.5, 13.5 ], "rotation": 270 }
			},
			"children": [
				{
					"name": "LHorn2",
					"from": [ 0.05, 0.9, 0.05 ],
					"to": [ 0.95, 0.9, 0.95 ],
					"unwrapMode": 2,
					"uv": [ 22.5, 12.0 ],
					"rotationOrigin": [ 0.5, 0.9, 0.3 ],
					"rotationX": -1.0,
					"rotationY": 1.0,
					"rotationZ": -1.0,
					"faces": {
					},
					"children": [
						{
							"name": "LHorn3",
							"from": [ 0.05, -0.05, 0.05 ],
							"to": [ 0.85, 0.45, 0.85 ],
							"unwrapMode": 2,
							"uv": [ 22.5, 11.0 ],
							"rotationOrigin": [ 0.45, -0.05, 0.45 ],
							"rotationY": -1.0,
							"rotationZ": -1.0,
							"faces": {
								"north": { "texture": "#skin", "uv": [ 23.5, 11.5, 24.0, 12.0 ] },
								"east": { "texture": "#skin", "uv": [ 23.0, 11.5, 23.5, 12.0 ] },
								"south": { "texture": "#skin", "uv": [ 22.5, 11.5, 23.0, 12.0 ] },
								"west": { "texture": "#skin", "uv": [ 24.0, 11.5, 24.5, 12.0 ] },
								"up": { "texture": "#skin", "uv": [ 23.0, 11.0, 23.5, 11.5 ], "rotation": 270 }
							},
							"children": [
								{
									"name": "LHorn4",
									"from": [ 0.05, 0.4, 0.05 ],
									"to": [ 0.75, 0.4, 0.75 ],
									"unwrapMode": 1,
									"uv": [ 22.5, 10.0 ],
									"rotationOrigin": [ 0.4, 0.4, 0.4 ],
									"rotationY": -1.0,
									"rotationZ": -1.0,
									"faces": {
									},
									"children": [
										{
											"name": "LHorn5",
											"from": [ 0.05, -0.05, 0.05 ],
											"to": [ 0.65, 0.45, 0.65 ],
											"unwrapMode": 3,
											"uv": [ 22.5, 9.0 ],
											"rotationOrigin": [ 0.35, -0.05, 0.35 ],
											"rotationX": -1.0,
											"rotationY": -1.0,
											"rotationZ": -1.0,
											"faces": {
												"north": { "texture": "#skin", "uv": [ 24.0, 9.5, 24.5, 10.0 ] },
												"east": { "texture": "#skin", "uv": [ 23.5, 9.5, 24.0, 10.0 ] },
												"south": { "texture": "#skin", "uv": [ 23.0, 9.5, 23.5, 10.0 ] },
												"west": { "texture": "#skin", "uv": [ 22.5, 9.5, 23.0, 10.0 ] },
												"up": { "texture": "#skin", "uv": [ 23.0, 9.0, 23.5, 9.5 ] }
											},
											"children": [
												{
													"name": "LHorn6",
													"from": [ 0.05, 0.45, 0.05 ],
													"to": [ 0.55, 0.45, 0.55 ],
													"unwrapMode": 3,
													"uv": [ 22.5, 8.0 ],
													"rotationOrigin": [ 0.3, 0.45, 0.3 ],
													"rotationX": -1.0,
													"rotationY": -1.0,
													"rotationZ": -1.0,
													"faces": {
													},
													"children": [
														{
															"name": "LHorn7",
															"from": [ 0.05, -0.05, 0.05 ],
															"to": [ 0.45, 0.45, 0.45 ],
															"unwrapMode": 3,
															"uv": [ 22.5, 7.0 ],
															"rotationOrigin": [ 0.25, -0.05, 0.25 ],
															"rotationX": -1.0,
															"rotationY": -1.0,
															"rotationZ": 1.0,
															"faces": {
																"north": { "texture": "#skin", "uv": [ 24.0, 7.5, 24.5, 8.0 ] },
																"east": { "texture": "#skin", "uv": [ 23.5, 7.5, 24.0, 8.0 ] },
																"south": { "texture": "#skin", "uv": [ 23.0, 7.5, 23.5, 8.0 ] },
																"west": { "texture": "#skin", "uv": [ 22.5, 7.5, 23.0, 8.0 ] },
																"up": { "texture": "#skin", "uv": [ 23.0, 7.0, 23.5, 7.5 ] }
															}
														}
													]
												}
											]
										}
									]
								}
							]
						}
					]
				}
			]
		},
		{
			"name": "RHorn1",
			"stepParentName": "AntlerBase",
			"from": [ -0.25, 0.25, -1.25 ],
			"to": [ 0.75, 1.25, -0.25 ],
			"unwrapMode": 2,
			"uv": [ 25.0, 12.5 ],
			"rotationOrigin": [ 0.125, 0.25, -0.75 ],
			"rotationX": -83.0,
			"rotationY": -3.0,
			"rotationZ": -75.0,
			"faces": {
				"north": { "texture": "#skin", "uv": [ 27.0, 13.5, 28.0, 14.5 ] },
				"east": { "texture": "#skin", "uv": [ 26.0, 13.5, 27.0, 14.5 ] },
				"south": { "texture": "#skin", "uv": [ 25.0, 13.5, 26.0, 14.5 ] },
				"west": { "texture": "#skin", "uv": [ 28.0, 13.5, 29.0, 14.5 ] },
				"up": { "texture": "#skin", "uv": [ 26.0, 12.5, 27.0, 13.5 ], "rotation": 270 }
			},
			"children": [
				{
					"name": "RHorn2",
					"from": [ 0.05, 0.9, 0.05 ],
					"to": [ 0.95, 0.9, 0.95 ],
					"unwrapMode": 2,
					"uv": [ 27.0, 12.0 ],
					"rotationOrigin": [ 0.5, 0.9, 0.5 ],
					"rotationX": 1.0,
					"rotationY": -1.0,
					"rotationZ": -1.0,
					"faces": {
					},
					"children": [
						{
							"name": "RHorn3",
							"from": [ 0.05, -0.05, 0.05 ],
							"to": [ 0.85, 0.45, 0.85 ],
							"unwrapMode": 2,
							"uv": [ 27.0, 11.0 ],
							"rotationOrigin": [ 0.45, -0.05, 0.45 ],
							"rotationY": 1.0,
							"rotationZ": -1.0,
							"faces": {
								"north": { "texture": "#skin", "uv": [ 28.0, 11.5, 28.5, 12.0 ] },
								"east": { "texture": "#skin", "uv": [ 27.5, 11.5, 28.0, 12.0 ] },
								"south": { "texture": "#skin", "uv": [ 27.0, 11.5, 27.5, 12.0 ] },
								"west": { "texture": "#skin", "uv": [ 28.5, 11.5, 29.0, 12.0 ] },
								"up": { "texture": "#skin", "uv": [ 27.5, 11.0, 28.0, 11.5 ], "rotation": 270 }
							},
							"children": [
								{
									"name": "RHorn4",
									"from": [ 0.05, 0.4, 0.05 ],
									"to": [ 0.75, 0.4, 0.75 ],
									"unwrapMode": 3,
									"uv": [ 27.0, 10.0 ],
									"rotationOrigin": [ 0.4, 0.4, 0.4 ],
									"rotationY": 1.0,
									"rotationZ": -1.0,
									"faces": {
									},
									"children": [
										{
											"name": "RHorn5",
											"from": [ 0.05, -0.05, 0.05 ],
											"to": [ 0.65, 0.45, 0.65 ],
											"unwrapMode": 1,
											"uv": [ 27.0, 9.0 ],
											"rotationOrigin": [ 0.35, -0.05, 0.35 ],
											"rotationX": 1.0,
											"rotationY": 1.0,
											"rotationZ": -1.0,
											"faces": {
												"north": { "texture": "#skin", "uv": [ 27.5, 9.5, 28.0, 10.0 ] },
												"east": { "texture": "#skin", "uv": [ 27.0, 9.5, 27.5, 10.0 ] },
												"south": { "texture": "#skin", "uv": [ 28.5, 9.5, 29.0, 10.0 ] },
												"west": { "texture": "#skin", "uv": [ 28.0, 9.5, 28.5, 10.0 ] },
												"up": { "texture": "#skin", "uv": [ 27.5, 9.0, 28.0, 9.5 ], "rotation": 180 }
											},
											"children": [
												{
													"name": "RHorn6",
													"from": [ 0.05, 0.45, 0.05 ],
													"to": [ 0.55, 0.45, 0.55 ],
													"unwrapMode": 1,
													"uv": [ 27.0, 8.0 ],
													"rotationOrigin": [ 0.3, 0.45, 0.3 ],
													"rotationX": 1.0,
													"rotationY": 1.0,
													"rotationZ": -1.0,
													"faces": {
													},
													"children": [
														{
															"name": "RHorn7",
															"from": [ 0.05, -0.05, 0.05 ],
															"to": [ 0.45, 0.45, 0.45 ],
															"unwrapMode": 1,
															"uv": [ 27.0, 7.0 ],
															"rotationOrigin": [ 0.25, -0.05, 0.25 ],
															"rotationX": 1.0,
															"rotationY": 1.0,
															"rotationZ": 1.0,
															"faces": {
																"north": { "texture": "#skin", "uv": [ 27.5, 7.5, 28.0, 8.0 ] },
																"east": { "texture": "#skin", "uv": [ 27.0, 7.5, 27.5, 8.0 ] },
																"south": { "texture": "#skin", "uv": [ 28.5, 7.5, 29.0, 8.0 ] },
																"west": { "texture": "#skin", "uv": [ 28.0, 7.5, 28.5, 8.0 ] },
																"up": { "texture": "#skin", "uv": [ 27.5, 7.0, 28.0, 7.5 ], "rotation": 180 }
															}
														}
													]
												}
											]
										}
									]
								}
							]
						}
					]
				}
			]
		}
	],
	"animations": [
	]
}