{
	"editor": {
		"backDropShape": "D:/VSModding/REPOS/vsWorkbench/Entitybackdrops/ferus-adult",
		"allAngles": true,
		"entityTextureMode": true
	},
	"textureWidth": 16,
	"textureHeight": 16,
	"textureSizes": {
	},
	"textures": {
		"ifugao": "item/bag/hunterbackpack"
	},
	"elements": [
		{
			"name": "base",
			"stepParentName": "Hind",
			"from": [ 8.0, 4.3, 12.8 ],
			"to": [ 9.0, 5.3, 13.8 ],
			"uv": [ 0.0, 0.0 ],
			"rotationOrigin": [ 8.0, 4.3, 12.8 ],
			"rotationX": -90.0,
			"rotationZ": 90.0,
			"faces": {
			},
			"children": [
				{
					"name": "backpack",
					"from": [ 5.6, 0.4, 6.0 ],
					"to": [ 10.4, 4.4, 8.0 ],
					"unwrapMode": 3,
					"uv": [ 0.0, 0.0 ],
					"rotationOrigin": [ 8.1, -0.1, 8.0 ],
					"rotationX": -14.0,
					"faces": {
						"north": { "texture": "#ifugao", "uv": [ 8.5, 2.0, 13.0, 6.0 ] },
						"east": { "texture": "#ifugao", "uv": [ 6.5, 2.0, 8.5, 6.0 ] },
						"south": { "texture": "#ifugao", "uv": [ 2.0, 2.0, 6.5, 6.0 ] },
						"west": { "texture": "#ifugao", "uv": [ 0.0, 2.0, 2.0, 6.0 ] },
						"up": { "texture": "#ifugao", "uv": [ 2.0, 0.0, 6.5, 2.0 ] },
						"down": { "texture": "#ifugao", "uv": [ 2.0, 6.0, 6.5, 8.0 ], "rotation": 180 }
					},
					"children": [
						{
							"name": "L wood",
							"from": [ -0.7, 0.4, -1.1 ],
							"to": [ 0.3, 8.9, -0.1 ],
							"uv": [ 12.0, 6.5 ],
							"rotationOrigin": [ 0.3, 0.5, -1.0 ],
							"rotationX": 17.0,
							"rotationZ": -6.0,
							"faces": {
								"north": { "texture": "#ifugao", "uv": [ 12.0, 7.5, 13.0, 16.0 ] },
								"east": { "texture": "#ifugao", "uv": [ 13.0, 7.5, 14.0, 16.0 ] },
								"south": { "texture": "#ifugao", "uv": [ 14.0, 7.5, 15.0, 16.0 ] },
								"west": { "texture": "#ifugao", "uv": [ 15.0, 7.5, 16.0, 16.0 ] },
								"up": { "texture": "#ifugao", "uv": [ 12.0, 6.5, 13.0, 7.5 ] },
								"down": { "texture": "#ifugao", "uv": [ 13.0, 6.5, 14.0, 7.5 ] }
							}
						},
						{
							"name": "R wood",
							"from": [ 4.5, 0.4, -1.1 ],
							"to": [ 5.5, 8.9, -0.1 ],
							"uv": [ 12.0, 6.5 ],
							"rotationOrigin": [ 4.5, 0.5, -1.0 ],
							"rotationX": 17.0,
							"rotationZ": 6.0,
							"faces": {
								"north": { "texture": "#ifugao", "uv": [ 12.0, 7.5, 13.0, 16.0 ] },
								"east": { "texture": "#ifugao", "uv": [ 13.0, 7.5, 14.0, 16.0 ] },
								"south": { "texture": "#ifugao", "uv": [ 14.0, 7.5, 15.0, 16.0 ] },
								"west": { "texture": "#ifugao", "uv": [ 15.0, 7.5, 16.0, 16.0 ] },
								"up": { "texture": "#ifugao", "uv": [ 12.0, 6.5, 13.0, 7.5 ] },
								"down": { "texture": "#ifugao", "uv": [ 13.0, 6.5, 14.0, 7.5 ] }
							}
						},
						{
							"name": "Cube1",
							"from": [ -0.1, 0.0, 2.0 ],
							"to": [ 4.9, 6.0, 2.5 ],
							"unwrapMode": 3,
							"uv": [ 0.0, 8.0 ],
							"rotationOrigin": [ -0.1, 0.0, 2.0 ],
							"rotationX": -6.0,
							"faces": {
								"north": { "texture": "#ifugao", "uv": [ 6.0, 8.5, 11.0, 14.5 ] },
								"east": { "texture": "#ifugao", "uv": [ 5.5, 8.5, 6.0, 14.5 ] },
								"south": { "texture": "#ifugao", "uv": [ 0.5, 8.5, 5.5, 14.5 ] },
								"west": { "texture": "#ifugao", "uv": [ 0.0, 8.5, 0.5, 14.5 ] },
								"up": { "texture": "#ifugao", "uv": [ 0.5, 8.0, 5.5, 8.5 ] },
								"down": { "texture": "#ifugao", "uv": [ 0.5, 14.5, 5.5, 15.0 ], "rotation": 180 }
							},
							"children": [
								{
									"name": "Cube5",
									"from": [ 0.0, 3.2, -0.4 ],
									"to": [ 2.0, 6.2, 0.6 ],
									"uv": [ 14.0, 0.0 ],
									"rotationOrigin": [ 1.0, 5.7, 0.6 ],
									"rotationX": -8.0,
									"rotationY": -3.0,
									"rotationZ": -22.0,
									"faces": {
										"south": { "texture": "#ifugao", "uv": [ 14.0, 0.0, 16.0, 3.0 ] }
									}
								},
								{
									"name": "Cube6",
									"from": [ 0.0, 1.2, -0.4 ],
									"to": [ 2.0, 4.2, 0.6 ],
									"uv": [ 14.0, 0.0 ],
									"rotationOrigin": [ 1.0, 3.7, 0.6 ],
									"rotationX": -8.0,
									"rotationY": -3.0,
									"rotationZ": -22.0,
									"faces": {
										"south": { "texture": "#ifugao", "uv": [ 14.0, 0.0, 16.0, 3.0 ] }
									}
								},
								{
									"name": "Cube7",
									"from": [ 1.0, 2.2, -0.4 ],
									"to": [ 3.0, 5.2, 0.6 ],
									"uv": [ 14.0, 0.0 ],
									"rotationOrigin": [ 2.0, 4.7, 0.6 ],
									"rotationX": -8.0,
									"rotationY": -3.0,
									"rotationZ": -22.0,
									"faces": {
										"south": { "texture": "#ifugao", "uv": [ 14.0, 0.0, 16.0, 3.0 ] }
									}
								},
								{
									"name": "Cube8",
									"from": [ 2.0, 2.2, -0.4 ],
									"to": [ 4.0, 5.2, 0.6 ],
									"uv": [ 16.0, 0.0 ],
									"rotationOrigin": [ 3.0, 4.7, 0.6 ],
									"rotationX": -8.0,
									"rotationY": -8.0,
									"rotationZ": 14.0,
									"faces": {
										"south": { "texture": "#ifugao", "uv": [ 16.0, 0.0, 14.0, 3.0 ], "autoUv": false }
									}
								},
								{
									"name": "Cube9",
									"from": [ 3.0, 3.2, -0.4 ],
									"to": [ 5.0, 6.2, 0.6 ],
									"uv": [ 0.0, 0.0 ],
									"rotationOrigin": [ 4.0, 5.7, 0.6 ],
									"rotationX": -8.0,
									"rotationY": -3.0,
									"rotationZ": 22.0,
									"faces": {
										"south": { "texture": "#ifugao", "uv": [ 16.0, 0.0, 14.0, 3.0 ], "autoUv": false }
									}
								},
								{
									"name": "Cube10",
									"from": [ 3.0, 1.2, -0.4 ],
									"to": [ 5.0, 4.2, 0.6 ],
									"uv": [ 0.0, 0.0 ],
									"rotationOrigin": [ 4.0, 3.7, 0.6 ],
									"rotationX": -8.0,
									"rotationY": -3.0,
									"rotationZ": 22.0,
									"faces": {
										"south": { "texture": "#ifugao", "uv": [ 16.0, 0.0, 14.0, 3.0 ], "autoUv": false }
									}
								},
								{
									"name": "Cube11",
									"from": [ 1.0, 4.0, -0.5 ],
									"to": [ 2.5, 6.0, 0.5 ],
									"uv": [ 14.5, 3.5 ],
									"rotationOrigin": [ 2.0, 6.0, 0.5 ],
									"rotationX": -28.0,
									"rotationY": 6.0,
									"rotationZ": -11.0,
									"faces": {
										"south": { "texture": "#ifugao", "uv": [ 14.5, 3.5, 16.0, 5.5 ] }
									}
								},
								{
									"name": "Cube12",
									"from": [ 2.0, 4.0, -0.5 ],
									"to": [ 3.5, 6.0, 0.5 ],
									"uv": [ 16.0, 3.5 ],
									"rotationOrigin": [ 3.0, 6.0, 0.5 ],
									"rotationX": -33.0,
									"rotationY": -3.0,
									"rotationZ": 22.0,
									"faces": {
										"south": { "texture": "#ifugao", "uv": [ 16.0, 3.5, 14.5, 5.5 ], "autoUv": false }
									}
								}
							]
						},
						{
							"name": "L wood2",
							"stepParentName": "Belly",
							"from": [ 11.2, 10.3, 5.6 ],
							"to": [ 12.2, 12.8, 6.6 ],
							"uv": [ 12.0, 9.0 ],
							"rotationOrigin": [ 11.2, 10.3, 5.6 ],
							"rotationY": 90.0,
							"rotationZ": -90.0,
							"faces": {
								"north": { "texture": "#ifugao", "uv": [ 12.0, 10.0, 13.0, 12.5 ] },
								"east": { "texture": "#ifugao", "uv": [ 13.0, 10.0, 14.0, 12.5 ] },
								"south": { "texture": "#ifugao", "uv": [ 14.0, 10.0, 15.0, 12.5 ] },
								"west": { "texture": "#ifugao", "uv": [ 15.0, 10.0, 16.0, 12.5 ] },
								"up": { "texture": "#ifugao", "uv": [ 12.0, 9.0, 13.0, 10.0 ] },
								"down": { "texture": "#ifugao", "uv": [ 13.0, 9.0, 14.0, 10.0 ] }
							},
							"children": [
								{
									"name": "L wood3",
									"from": [ 0.0, 0.0, 0.0 ],
									"to": [ 1.0, 4.0, 1.0 ],
									"uv": [ 12.0, 9.0 ],
									"rotationOrigin": [ 0.0, 0.0, 0.0 ],
									"rotationX": 90.0,
									"rotationY": 0.0,
									"rotationZ": 0.0,
									"faces": {
										"north": { "texture": "#ifugao", "uv": [ 12.0, 10.0, 13.0, 14.0 ] },
										"east": { "texture": "#ifugao", "uv": [ 13.0, 10.0, 14.0, 14.0 ] },
										"south": { "texture": "#ifugao", "uv": [ 14.0, 10.0, 15.0, 14.0 ] },
										"west": { "texture": "#ifugao", "uv": [ 15.0, 10.0, 16.0, 14.0 ] },
										"up": { "texture": "#ifugao", "uv": [ 12.0, 9.0, 13.0, 10.0 ] },
										"down": { "texture": "#ifugao", "uv": [ 13.0, 9.0, 14.0, 10.0 ] }
									}
								},
								{
									"name": "L wood4",
									"from": [ 0.0, 3.5, 0.0 ],
									"to": [ 1.0, 7.5, 1.0 ],
									"uv": [ 12.0, 9.0 ],
									"rotationOrigin": [ 0.0, 3.5, 0.0 ],
									"rotationX": 90.0,
									"rotationY": 0.0,
									"rotationZ": 0.0,
									"faces": {
										"north": { "texture": "#ifugao", "uv": [ 12.0, 10.0, 13.0, 14.0 ] },
										"east": { "texture": "#ifugao", "uv": [ 13.0, 10.0, 14.0, 14.0 ] },
										"south": { "texture": "#ifugao", "uv": [ 14.0, 10.0, 15.0, 14.0 ] },
										"west": { "texture": "#ifugao", "uv": [ 15.0, 10.0, 16.0, 14.0 ] },
										"up": { "texture": "#ifugao", "uv": [ 12.0, 9.0, 13.0, 10.0 ] },
										"down": { "texture": "#ifugao", "uv": [ 13.0, 9.0, 14.0, 10.0 ] }
									}
								}
							]
						}
					]
				}
			]
		}
	]}