{
	"code": "crate",
	"class": "BlockCrate",
	"entityclass": "Crate",
	"attributes": {
		"humanoidTraversalCost": 2,
		"reinforcable": true,
		"partialAttachable": true,
		"inventoryClassName": "crate",
		"defaulttype": "wood-corymbiaaparrerinja",
		"handbook": {
			"groupBy": [ "crate" ]
		},
		"labels": {
			"paper-building": {
				"texture": "label-building",
				"shape": { "base": "game:block/wood/crate/label-paper" },
			},
			"paper-decoration": {
				"texture": "label-decoration",
				"shape": { "base": "game:block/wood/crate/label-paper" },
			},
			"paper-defense": {
				"texture": "label-defense",
				"shape": { "base": "game:block/wood/crate/label-paper" },
			},
			"paper-empty": {
				"editableshape": { "base": "game:block/wood/crate/label-paper-item" },
				"texture": "label-empty",
				"shape": { "base": "game:block/wood/crate/label-paper" }
			},
			"paper-ingredients": {
				"texture": "label-ingredients",
				"shape": { "base": "game:block/wood/crate/label-paper" },
			},
			"paper-storage": {
				"texture": "label-storage",
				"shape": { "base": "game:block/wood/crate/label-paper" },
			},
			"paper-tools": {
				"texture": "label-tools",
				"shape": { "base": "game:block/wood/crate/label-paper" },
			},
			"wood": {
				"texture": "game:woodlabel-empty",
				"editable": true,
				"shape": { "base": "game:block/wood/crate/label-wood" }
			}
		},
		"types": ["wood-corymbiaaparrerinja", "wood-eucalyptuscamaldulensis" ],
		"properties": {
			"*": {
				"quantitySlots": 20,
				"rotatatableInterval": "22.5deg",
				"storagetype": 189,
				"retrieveOnly": false,
				"shape": { "base": "game:block/wood/crate/normal-closed", "rotatey": 180 }
			}
		}
	},
	"behaviors": [{"name": "Lockable" }, {"name": "Container"},{"name": "BoatableCrate" }],
	"creativeinventory": { },
 	"creativeinventoryStacks": [
	{
		"tabs": [ "general", "decorative" ],
		"stacks": [
			{ "type": "block", "code": "crate", "attributes": { "lidState": "closed", "type": "wood-corymbiaaparrerinja" } },
			{ "type": "block", "code": "crate", "attributes": { "lidState": "closed", "type": "wood-eucalyptuscamaldulensis" } }
		]
	}],
	"heldTpIdleAnimation": "holdunderarm",
	"shapeInventory": { "base": "game:block/wood/crate/normal-closed", "rotatey": 0 },
	"shapeByType": { "base": "game:block/wood/crate/normal-closed", "rotatey": 0 },
	"textures": {
		"label-building": { "base": "game:block/wood/crate/label-building" },
		"label-decoration": { "base": "game:block/wood/crate/label-decoration" },
		"label-defense": { "base": "game:block/wood/crate/label-defense" },
		"label-empty": { "base": "game:block/wood/crate/label-empty" },
		"label-ingredients": { "base": "game:block/wood/crate/label-ingredients" },
		"label-storage": { "base": "game:block/wood/crate/label-storage" },
		"label-tools": { "base": "game:block/wood/crate/label-tools" },
		"woodlabel-empty": { "base": "game:block/wood/trunk/accessories" },

		"frame-generic": { "base": "game:block/wood/crate/frame-generic" },
		"aged-sides": { "base": "game:block/wood/crate/aged-sides" },
		"aged-inside": { "base": "game:block/wood/crate/aged-inside" },
		"aged1": { "base": "game:block/wood/planks/aged/generic1" },
		"building": { "base": "game:block/wood/crate/label-building" },
		
		"wood-corymbiaaparrerinja-sides": { "base": "floralzonescentralaustralianregion:block/wood/crate/corymbiaaparrerinja-sides" },
		"wood-eucalyptuscamaldulensis-sides": { "base": "floralzonescentralaustralianregion:block/wood/crate/eucalyptuscamaldulensis-sides" }
	},
	"blockmaterial": "Wood",
	"replaceable": 900,
	"resistance": 3,
	"lightAbsorption": 0,
	"sideAo": { "all": false },
	"sidesolid": {
		"all": false
	},
	"sideopaque": {
		"all": false
	},
	"combustiblePropsByType": {
		"*": {
			"burnTemperature": 600,
			"burnDuration": 35
		}
	},
	"sounds": {
		"place": "game:block/planks",
		"hit": "game:block/planks",
		"break": "game:block/planks",
		"walk": "game:walk/wood"
	},
	"materialDensity": 600,
	"tpHandTransform": {
		"translation": { "x": -1.3, "y": -0.5, "z": -0.7 },
		"rotation": { "x": 0, "y": 90, "z": -102 },
		"scale": 0.44
	},
	"guiTransform": {
		"origin": { "x": 0.5, "y": 0.5, "z": 0.5 },
		"scale": 1.16
	},
	"collisionBoxes": [
		{ "x1": 0, "y1": 0, "z1": 0, "x2": 1, "y2": 1, "z2": 0.0625 },
		{ "x1": 0, "y1": 0, "z1": 0.9375, "x2": 1, "y2": 1, "z2": 1 },
		{ "x1": 0, "y1": 0, "z1": 0.0625, "x2": 0.0625, "y2": 1, "z2": 0.9375 },
		{ "x1": 0.9375, "y1": 0, "z1": 0.0625, "x2": 1, "y2": 1, "z2": 0.9375 },
	],
	"selectionBoxes": [
		{ "x1": 0, "y1": 0, "z1": 0, "x2": 1, "y2": 1, "z2": 0.95 },
		{ "x1": 0.25, "y1": 0.3125, "z1": 0.95, "x2": 0.75, "y2": 0.8125, "z2": 1 },
	]
}