{
	"code": "floralzonescentralaustralianregion:supportbeam",
	"class": "BlockSupportBeam",
	"entityclass": "Generic",
	"entitybehaviors": [ { "name": "SupportBeam" } ],
	"variantgroups": [
		{ "code": "wood", "loadFromProperties": "floralzonescentralaustralianregion:block/wood" }
	],
	"creativeinventory": { "general": ["*"], "construction": ["*"] },
	"shape": { "base": "game:block/wood/supportbeam" },
	"blockmaterial": "Wood",
	"drawtype": "json",
	"textures": {
		"wood": { "base": "game:block/wood/debarked/{wood}*"  }
	},
	"faceCullMode": "NeverCull",
	"sideopaque": { "all": false },
	"emitSideAo": { "all": false },
	"lightAbsorption": 0,
	"rainPermeable": true,
	"resistance": 3.5,
	"sounds": {
		"hit": "game:block/planks",
		"break": "game:block/planks",
		"place": "game:block/planks",
		"walk": "game:walk/wood"
	},
	"combustiblePropsByType": {
		"*": {
			"burnTemperature": 800,
			"burnDuration": 20,
		}
	},
	"maxstacksize": 32,
	"materialDensity": 600,
	"heldTpIdleAnimation": "holdbothhandslarge", "heldTpUseAnimation": "twohandplaceblock",
	"tpHandTransform": {
		"translation": { "x": -1.23, "y": -0.91, "z": -0.8 },
		"rotation": { "x": -2, "y": 25, "z": -78 },
		"scale": 0.4
	},
	"drops": []
}