{
	"ingredientPattern": "HLS",
	"enabled": true,
	"ingredients": {
		"H": {
			"type": "item",
			"code": "spearexpantion:bartkahead-*", "name": "metal", "allowedVariants": [ "tinbronze", "bismuthbronze", "blackbronze", "iron", "meteoriciron", "steel", "temporalit" ],
			"quantity": 1
		},
		"L": {
			"type": "item",
			"code": "game:hide-pelt-small",
			"quantity": 1
		},
		"S": {
			"type": "item",
			"code": "game:stick",
			"quantity": 1
			}
	},
	"width": 1,
	"height": 3,
	"shapeless": false,
	"output": {
		"type": "item",
		"code": "spearexpantion:bartka-{metal}",
		"quantity": 1
	}
}