{
	"ingredientPattern": "HF",
	"enabled": true,
	"ingredients": {
		"H": {
			"type": "item",
			"code": "spearexpantion:macehead-common-*", "name": "metal", "allowedVariants": [ "silver", "gold", "blackbronze", "iron", "meteoriciron", "steel", "temporalit" ],
			"quantity": 1
		},
		"F": {
			"type": "item",
			"code": "game:flaxtwine",
			"quantity": 1
			}
	},
	"width": 1,
	"height": 2,
	"shapeless": false,
	"output": {
		"type": "item",
		"code": "spearexpantion:mace-common-{metal}",
		"quantity": 1
	}
}