{
	"ingredientPattern": "_H_,_M_,FWF",
	"enabled": true,
	"ingredients": {
		"H": {
			"type": "item",
			"code": "spearexpantion:odachihead-*", "name": "metal", "allowedVariants": [ "iron", "meteoriciron", "steel", "temporalit" ],
			"quantity": 1
		},
		"W": {
			"type": "item",
			"code": "game:firewood",
			"quantity": 1
			},
		"M": {
			"type": "item",
			"code": "game:metalnailsandstrips-*", "name": "metal", "allowedVariants": [ "iron", "meteoriciron", "steel", "temporalit" ],
			"quantity": 1
		},
		"F": {
			"type": "item",
			"code": "game:flaxtwine",
			"quantity": 1
		}
	},
	"width": 3,
	"height": 3,
	"shapeless": false,
	"output": {
		"type": "item",
		"code": "spearexpantion:odachi-{metal}",
		"quantity": 1
	}
}