{
	"ingredientPattern": "HB_,SMS,LCL",
	"enabled": true,
	"ingredients": {
		"H": {
			"type": "item",
			"code": "game:hammer-*", "isTool": true, "toolDurabilityCost": 20
		},
		"B": {
			"type": "item",
			"code": "spearexpantion:polehammerhead-*", "name": "metal", "allowedVariants": [ "blackbronze", "iron", "meteoriciron", "steel", "temporalit" ],
			"quantity": 1
		},
		"M": {
			"type": "item",
			"code": "game:metalnailsandstrips-*", "name": "metal", "allowedVariants": [ "blackbronze", "iron", "meteoriciron", "steel", "temporalit" ],
			"quantity": 1
		},
		"S": {
			"type": "item",
			"code": "game:stick",
			"quantity": 1
			},
		"C": {
			"type": "item",
			"code": "game:poundercap-*", "name": "metal", "allowedVariants": [ "blackbronze", "iron", "meteoriciron", "steel", "temporalit" ],
			"quantity": 1
		},
		"L": {
			"type": "item",
			"code": "game:cloth-gray",
			"quantity": 1
		}
	},
	"width": 3,
	"height": 3,
	"shapeless": false,
	"output": {
		"type": "item",
		"code": "spearexpantion:polehammer-{metal}",
		"quantity": 1
	}
}