{
	"ingredientPattern": "C__UI_ST_",
	"ingredients": {
		"U": {"type": "item","code": "game:jonasparts-cylinder01"},
		"C": {"type": "item","code": "game:jonasparts-connector01"},
		"S": {"type": "item","code": "game:jonasframes-gearbox02"},
		"T": {"type": "item","code": "game:gear-temporal"},
		"I": {"type": "item","code": "game:solderingiron","istool": true,"toolDurabilityCost": 1}
	},
	"width": 3,
	"height": 3,
	"requiresTrait": "tinkerer",
	"output": {"type": "item","code": "jonasguitar"
	}

}