{
	"ingredientPattern": "MCIEUFTST",
	"ingredients": {
		"U": {
			"type": "item",
			"code": "game:jonasparts-cylinder01"
		},
		"C": {
			"type": "item",
			"code": "game:jonasparts-connector01"
		},
		"S": {
			"type": "item",
			"code": "game:jonasframes-gearbox02"
		},
		"T": {
			"type": "item",
			"code": "game:gear-temporal"
		},
		"I": {
			"type": "item",
			"code": "game:solderingiron",
			"istool": true,
			"toolDurabilityCost": 1
		},
		"M": {
			"type": "block",
			"code": "game:metal-parts",
			"quantity": 2
		},
		"E": {
			"type": "item",
			"code": "game:ingot-electrum"
		},
		"F": {
			"type": "item",
			"code": "game:rod-cupronickel"
		}
	},
	"width": 3,
	"height": 3,
	"requiresTrait": "tinkerer",
	"output": {"type": "item","code": "overdriveguitar"
	}

}