{
	"ingredientPattern": "STSEMEEPE",
	"ingredients": {
		"S": {
			"type": "item",
			"code": "game:ingot-brass",
				"quantity": 3
		},
		"T": {
			"type": "item",
			"code": "game:gear-temporal"
		},
		"M": {
			"type": "block",
			"code": "game:metal-parts",
			"quantity": 6
		},
		"E": {
			"type": "item",
			"code": "game:flaxtwine",
				"quantity": 3
		},
		"P": {
			"type": "item",
			"code": "game:bone",
			"quantity": 32
		}
	},
	"width": 3,
	"height": 3,
	"requiresTrait": "tinkerer",
	"output": {"type": "item","code": "pipeorgan"
	}

}