{
	"editor": {
		"collapsedPaths": "Root/origin/body",
		"allAngles": true,
		"entityTextureMode": false
	},
	"textureWidth": 16,
	"textureHeight": 16,
	"textureSizes": {
	},
	"textures": {
		"string": "game:item/tool/material/string",
		"bundle": "block/plant/bundle"
	},
	"elements": [
		{
			"name": "body",
			"from": [ 4.0, 0.3, 6.5 ],
			"to": [ 12.0, 3.3, 9.5 ],
			"rotationOrigin": [ 8.0, 1.8, 8.0 ],
			"faces": {
				"north": { "texture": "#bundle", "uv": [ 3.0, 4.5, 6.0, 12.5 ], "rotation": 90 },
				"east": { "texture": "#bundle", "uv": [ 0.0, 12.5, 3.0, 15.5 ] },
				"south": { "texture": "#bundle", "uv": [ 2.0, 4.0, 5.0, 12.0 ], "rotation": 90 },
				"west": { "texture": "#bundle", "uv": [ 0.5, 13.0, 3.5, 16.0 ] },
				"up": { "texture": "#bundle", "uv": [ 0.5, 4.5, 3.5, 12.5 ], "rotation": 90 },
				"down": { "texture": "#bundle", "uv": [ 0.0, 4.5, 3.0, 12.5 ], "rotation": 90 }
			},
			"children": [
				{
					"name": "Right4",
					"from": [ 7.6, 1.0, 0.0 ],
					"to": [ 12.6, 3.0, 2.0 ],
					"rotationOrigin": [ 7.6, 3.0, 0.0 ],
					"rotationY": 10.0,
					"rotationZ": 15.0,
					"faces": {
						"north": { "texture": "#bundle", "uv": [ 2.5, 5.5, 4.5, 10.5 ], "rotation": 270 },
						"east": { "texture": "#bundle", "uv": [ 4.0, 6.0, 6.0, 8.0 ], "windMode": [-1,-1,-1,-1] },
						"south": { "texture": "#bundle", "uv": [ 1.5, 4.5, 3.5, 9.5 ], "rotation": 90 },
						"up": { "texture": "#bundle", "uv": [ 0.5, 2.5, 2.5, 7.5 ], "rotation": 90 },
						"down": { "texture": "#bundle", "uv": [ 2.5, 10.0, 4.5, 15.0 ], "rotation": 270 }
					}
				},
				{
					"name": "Right6",
					"from": [ 7.0, 1.0, 1.0 ],
					"to": [ 12.0, 3.0, 3.0 ],
					"rotationOrigin": [ 7.0, 3.0, 3.0 ],
					"rotationY": -10.0,
					"rotationZ": 10.0,
					"faces": {
						"north": { "texture": "#bundle", "uv": [ 1.0, 3.0, 3.0, 8.0 ], "rotation": 270 },
						"east": { "texture": "#bundle", "uv": [ 3.0, 7.5, 5.0, 9.5 ], "windMode": [-1,-1,-1,-1] },
						"south": { "texture": "#bundle", "uv": [ 3.5, 5.5, 5.5, 10.5 ], "rotation": 90 },
						"up": { "texture": "#bundle", "uv": [ 1.0, 7.0, 3.0, 12.0 ], "rotation": 90 },
						"down": { "texture": "#bundle", "uv": [ 1.0, 10.0, 3.0, 15.0 ], "rotation": 270 }
					}
				},
				{
					"name": "Right7",
					"from": [ 6.6, 1.5, 1.0 ],
					"to": [ 11.6, 2.5, 2.0 ],
					"rotationOrigin": [ 6.6, 2.0, 1.5 ],
					"rotationX": 21.0,
					"rotationY": 9.0,
					"rotationZ": 22.0,
					"faces": {
						"north": { "texture": "#bundle", "uv": [ 1.5, 9.0, 2.5, 14.0 ], "rotation": 270 },
						"east": { "texture": "#bundle", "uv": [ 5.5, 4.5, 6.5, 5.5 ], "windMode": [-1,-1,-1,-1] },
						"south": { "texture": "#bundle", "uv": [ 5.0, 5.0, 6.0, 10.0 ], "rotation": 90 },
						"up": { "texture": "#bundle", "uv": [ 3.5, 7.0, 4.5, 12.0 ], "rotation": 90 },
						"down": { "texture": "#bundle", "uv": [ 2.0, 4.0, 3.0, 9.0 ], "rotation": 270 }
					}
				},
				{
					"name": "Right8",
					"from": [ 7.5, 0.0, 1.0 ],
					"to": [ 11.5, 2.0, 3.0 ],
					"rotationOrigin": [ 7.5, 0.0, 3.0 ],
					"rotationY": -13.0,
					"rotationZ": -10.0,
					"faces": {
						"north": { "texture": "#bundle", "uv": [ 2.0, 4.5, 4.0, 8.5 ], "rotation": 270 },
						"east": { "texture": "#bundle", "uv": [ 2.0, 10.5, 4.0, 12.5 ], "windMode": [-1,-1,-1,-1] },
						"south": { "texture": "#bundle", "uv": [ 2.5, 4.0, 4.5, 8.0 ], "rotation": 90 },
						"up": { "texture": "#bundle", "uv": [ 0.5, 7.0, 2.5, 11.0 ], "rotation": 90 },
						"down": { "texture": "#bundle", "uv": [ 3.5, 11.5, 5.5, 15.5 ], "rotation": 270 }
					}
				},
				{
					"name": "Right9",
					"from": [ 7.6, 1.0, 0.0 ],
					"to": [ 12.6, 2.0, 1.0 ],
					"rotationOrigin": [ 7.6, 1.5, 0.5 ],
					"rotationX": 33.0,
					"rotationY": 16.0,
					"rotationZ": -8.0,
					"faces": {
						"north": { "texture": "#bundle", "uv": [ 2.5, 11.0, 3.5, 16.0 ], "rotation": 270 },
						"east": { "texture": "#bundle", "uv": [ 2.0, 7.0, 3.0, 8.0 ], "windMode": [-1,-1,-1,-1] },
						"south": { "texture": "#bundle", "uv": [ 1.5, 4.5, 2.5, 9.5 ], "rotation": 90 },
						"up": { "texture": "#bundle", "uv": [ 1.5, 5.0, 2.5, 10.0 ], "rotation": 90 },
						"down": { "texture": "#bundle", "uv": [ 4.0, 7.0, 5.0, 12.0 ], "rotation": 270 }
					}
				},
				{
					"name": "Right10",
					"from": [ 7.0, 0.9, 1.9 ],
					"to": [ 12.5, 1.9, 2.9 ],
					"rotationOrigin": [ 7.0, 1.9, 2.9 ],
					"rotationX": 28.0,
					"rotationY": -19.0,
					"rotationZ": 11.0,
					"faces": {
						"north": { "texture": "#bundle", "uv": [ 1.5, 3.5, 2.5, 9.0 ], "rotation": 270 },
						"east": { "texture": "#bundle", "uv": [ 4.0, 5.0, 5.0, 6.0 ], "windMode": [-1,-1,-1,-1] },
						"south": { "texture": "#bundle", "uv": [ 4.0, 4.5, 5.0, 10.0 ], "rotation": 90 },
						"up": { "texture": "#bundle", "uv": [ 3.0, 7.0, 4.0, 12.5 ], "rotation": 90 },
						"down": { "texture": "#bundle", "uv": [ 1.5, 10.5, 2.5, 16.0 ], "rotation": 270 }
					}
				},
				{
					"name": "Left",
					"from": [ -3.0, 1.0, 1.8 ],
					"to": [ 1.0, 2.0, 2.8 ],
					"rotationOrigin": [ 1.0, 1.5, 2.3 ],
					"rotationX": 35.0,
					"rotationY": 19.0,
					"rotationZ": -15.0,
					"faces": {
						"north": { "texture": "#bundle", "uv": [ 1.0, 5.5, 2.0, 9.5 ], "rotation": 90 },
						"south": { "texture": "#bundle", "uv": [ 2.5, 4.0, 3.5, 8.0 ], "rotation": 270 },
						"west": { "texture": "#bundle", "uv": [ 2.0, 6.5, 3.0, 7.5 ], "windMode": [-1,-1,-1,-1] },
						"up": { "texture": "#bundle", "uv": [ 1.0, 6.0, 2.0, 10.0 ], "rotation": 270 },
						"down": { "texture": "#bundle", "uv": [ 3.5, 6.0, 4.5, 10.0 ], "rotation": 90 }
					}
				},
				{
					"name": "Left12",
					"from": [ -3.4, 1.0, 0.0 ],
					"to": [ 0.6, 3.0, 2.0 ],
					"rotationOrigin": [ 0.6, 3.0, 0.0 ],
					"rotationY": -10.0,
					"rotationZ": -10.0,
					"faces": {
						"north": { "texture": "#bundle", "uv": [ 3.0, 8.5, 5.0, 12.5 ], "rotation": 90 },
						"south": { "texture": "#bundle", "uv": [ 0.5, 7.5, 2.5, 11.5 ], "rotation": 270 },
						"west": { "texture": "#bundle", "uv": [ 3.0, 8.0, 5.0, 10.0 ], "windMode": [-1,-1,-1,-1] },
						"up": { "texture": "#bundle", "uv": [ 1.5, 5.5, 3.5, 9.5 ], "rotation": 270 },
						"down": { "texture": "#bundle", "uv": [ 2.0, 7.0, 4.0, 11.0 ], "rotation": 90 }
					}
				},
				{
					"name": "Left13",
					"from": [ -3.0, 1.0, 1.0 ],
					"to": [ 1.0, 3.0, 3.0 ],
					"rotationOrigin": [ 1.0, 3.0, 3.0 ],
					"rotationY": 10.0,
					"rotationZ": -10.0,
					"faces": {
						"north": { "texture": "#bundle", "uv": [ 1.5, 5.0, 3.5, 9.0 ], "rotation": 90 },
						"south": { "texture": "#bundle", "uv": [ 3.5, 4.0, 5.5, 8.0 ], "rotation": 270 },
						"west": { "texture": "#bundle", "uv": [ 3.0, 5.0, 5.0, 7.0 ], "windMode": [-1,-1,-1,-1] },
						"up": { "texture": "#bundle", "uv": [ 3.0, 4.5, 5.0, 8.5 ], "rotation": 270 },
						"down": { "texture": "#bundle", "uv": [ 2.0, 4.5, 4.0, 8.5 ], "rotation": 90 }
					}
				},
				{
					"name": "Left15",
					"from": [ -4.4, 0.7, 0.3 ],
					"to": [ 0.6, 2.7, 2.3 ],
					"rotationOrigin": [ 0.6, 1.7, 1.5 ],
					"rotationX": -42.0,
					"rotationY": -3.0,
					"rotationZ": 8.0,
					"faces": {
						"north": { "texture": "#bundle", "uv": [ 1.5, 4.0, 3.5, 9.0 ], "rotation": 90 },
						"south": { "texture": "#bundle", "uv": [ 1.5, 6.0, 3.5, 11.0 ], "rotation": 270 },
						"west": { "texture": "#bundle", "uv": [ 2.0, 5.5, 4.0, 7.5 ], "windMode": [-1,-1,-1,-1] },
						"up": { "texture": "#bundle", "uv": [ 1.0, 5.5, 3.0, 10.5 ], "rotation": 270 },
						"down": { "texture": "#bundle", "uv": [ 2.0, 6.0, 4.0, 11.0 ], "rotation": 90 }
					}
				},
				{
					"name": "Left16",
					"from": [ -3.9, 1.6, 1.2 ],
					"to": [ 0.6, 2.6, 2.2 ],
					"rotationOrigin": [ 1.1, 2.1, 1.7 ],
					"rotationX": -37.0,
					"rotationY": 11.0,
					"rotationZ": -19.0,
					"faces": {
						"north": { "texture": "#bundle", "uv": [ 0.5, 4.0, 1.5, 8.5 ], "rotation": 90 },
						"south": { "texture": "#bundle", "uv": [ 3.0, 4.5, 4.0, 9.0 ], "rotation": 270 },
						"west": { "texture": "#bundle", "uv": [ 2.0, 6.0, 3.0, 7.0 ], "windMode": [-1,-1,-1,-1] },
						"up": { "texture": "#bundle", "uv": [ 4.0, 6.5, 5.0, 11.0 ], "rotation": 270 },
						"down": { "texture": "#bundle", "uv": [ 2.0, 5.0, 3.0, 9.5 ], "rotation": 90 }
					}
				},
				{
					"name": "Left17",
					"from": [ -4.4, 0.9, 0.2 ],
					"to": [ 0.6, 1.9, 1.2 ],
					"rotationOrigin": [ 0.6, 1.4, 0.7 ],
					"rotationY": -18.0,
					"rotationZ": -6.0,
					"faces": {
						"north": { "texture": "#bundle", "uv": [ 4.0, 7.5, 5.0, 12.5 ], "rotation": 90 },
						"south": { "texture": "#bundle", "uv": [ 2.0, 6.0, 3.0, 11.0 ], "rotation": 270 },
						"west": { "texture": "#bundle", "uv": [ 2.5, 6.0, 3.5, 7.0 ], "windMode": [-1,-1,-1,-1] },
						"up": { "texture": "#bundle", "uv": [ 2.5, 4.5, 3.5, 9.5 ], "rotation": 270 },
						"down": { "texture": "#bundle", "uv": [ 1.5, 7.5, 2.5, 12.5 ], "rotation": 90 }
					}
				},
				{
					"name": "tie20",
					"from": [ 4.2, -0.3, -0.3 ],
					"to": [ 4.7, 3.2, 3.3 ],
					"rotationOrigin": [ 4.6, 1.7, 1.7 ],
					"faces": {
						"north": { "texture": "#string", "uv": [ 4.0, 0.0, 4.5, 3.5 ] },
						"east": { "texture": "#string", "uv": [ 0.0, 0.0, 3.5, 3.5 ] },
						"south": { "texture": "#string", "uv": [ 8.0, 0.0, 8.5, 3.5 ] },
						"west": { "texture": "#string", "uv": [ 4.0, 0.0, 7.5, 3.5 ] },
						"up": { "texture": "#string", "uv": [ 12.0, 0.0, 12.5, 3.5 ] },
						"down": { "texture": "#string", "uv": [ 0.0, 0.0, 0.5, 3.5 ] }
					}
				},
				{
					"name": "tie21",
					"from": [ 1.2, -0.3, -0.3 ],
					"to": [ 1.7, 3.2, 3.3 ],
					"rotationOrigin": [ 1.6, 1.5, 1.5 ],
					"rotationY": 14.0,
					"faces": {
						"north": { "texture": "#string", "uv": [ 0.0, 0.0, 0.5, 3.5 ] },
						"east": { "texture": "#string", "uv": [ 0.0, 0.0, 3.5, 3.5 ] },
						"south": { "texture": "#string", "uv": [ 0.0, 0.0, 0.5, 3.5 ] },
						"west": { "texture": "#string", "uv": [ 0.0, 0.0, 3.5, 3.5 ] },
						"up": { "texture": "#string", "uv": [ 0.0, 0.0, 0.5, 3.5 ] },
						"down": { "texture": "#string", "uv": [ 0.0, 0.0, 0.5, 3.5 ] }
					}
				},
				{
					"name": "tie22",
					"from": [ 6.2, -0.3, -0.3 ],
					"to": [ 6.7, 3.2, 3.3 ],
					"rotationOrigin": [ 6.6, 1.7, 1.7 ],
					"rotationY": -17.0,
					"faces": {
						"north": { "texture": "#string", "uv": [ 2.0, 0.0, 2.5, 3.5 ] },
						"east": { "texture": "#string", "uv": [ 5.0, 0.0, 8.5, 3.5 ] },
						"south": { "texture": "#string", "uv": [ 2.0, 0.0, 2.5, 3.5 ] },
						"west": { "texture": "#string", "uv": [ 4.0, 0.0, 7.5, 3.5 ] },
						"up": { "texture": "#string", "uv": [ 12.0, 0.0, 12.5, 3.5 ] },
						"down": { "texture": "#string", "uv": [ 0.0, 0.0, 0.5, 3.5 ] }
					}
				},
				{
					"name": "Left14",
					"from": [ -3.0, 0.0, 1.0 ],
					"to": [ 1.0, 2.0, 3.0 ],
					"rotationOrigin": [ 1.0, 0.0, 3.0 ],
					"rotationX": -3.0,
					"rotationY": 10.0,
					"rotationZ": 10.0,
					"faces": {
						"north": { "texture": "#bundle", "uv": [ 2.5, 8.5, 4.5, 12.5 ], "rotation": 90 },
						"south": { "texture": "#bundle", "uv": [ 2.0, 8.0, 4.0, 12.0 ], "rotation": 270 },
						"west": { "texture": "#bundle", "uv": [ 3.0, 7.0, 5.0, 9.0 ] },
						"up": { "texture": "#bundle", "uv": [ 2.0, 6.5, 4.0, 10.5 ], "rotation": 270 },
						"down": { "texture": "#bundle", "uv": [ 3.0, 7.5, 5.0, 11.5 ], "rotation": 90 }
					}
				},
				{
					"name": "Left18",
					"from": [ -3.0, 0.0, 0.0 ],
					"to": [ 1.0, 2.0, 2.0 ],
					"rotationOrigin": [ 1.0, 0.0, 2.0 ],
					"rotationY": -10.0,
					"rotationZ": 10.0,
					"faces": {
						"north": { "texture": "#bundle", "uv": [ 1.0, 11.0, 3.0, 15.0 ], "rotation": 90 },
						"south": { "texture": "#bundle", "uv": [ 2.5, 12.0, 4.5, 16.0 ], "rotation": 270 },
						"west": { "texture": "#bundle", "uv": [ 3.0, 10.5, 5.0, 12.5 ] },
						"up": { "texture": "#bundle", "uv": [ 1.0, 5.0, 3.0, 9.0 ], "rotation": 270 },
						"down": { "texture": "#bundle", "uv": [ 0.5, 11.5, 2.5, 15.5 ], "rotation": 90 }
					}
				},
				{
					"name": "Right11",
					"from": [ 7.5, 0.0, 0.0 ],
					"to": [ 11.5, 2.0, 2.0 ],
					"rotationOrigin": [ 7.5, 0.0, 0.0 ],
					"rotationY": 11.0,
					"rotationZ": -10.0,
					"faces": {
						"north": { "texture": "#bundle", "uv": [ 2.0, 4.5, 4.0, 8.5 ], "rotation": 270 },
						"east": { "texture": "#bundle", "uv": [ 2.0, 10.5, 4.0, 12.5 ] },
						"south": { "texture": "#bundle", "uv": [ 2.5, 4.0, 4.5, 8.0 ], "rotation": 90 },
						"up": { "texture": "#bundle", "uv": [ 0.5, 7.0, 2.5, 11.0 ], "rotation": 90 },
						"down": { "texture": "#bundle", "uv": [ 3.5, 11.5, 5.5, 15.5 ], "rotation": 270 }
					}
				}
			]
		},
		{
			"name": "body2",
			"from": [ 4.0, 0.3, 11.5 ],
			"to": [ 12.0, 3.3, 14.5 ],
			"rotationOrigin": [ 8.0, 1.8, 13.0 ],
			"rotationX": 90.0,
			"faces": {
				"north": { "texture": "#bundle", "uv": [ 3.0, 4.5, 6.0, 12.5 ], "rotation": 90 },
				"east": { "texture": "#bundle", "uv": [ 0.0, 12.5, 3.0, 15.5 ] },
				"south": { "texture": "#bundle", "uv": [ 2.0, 4.0, 5.0, 12.0 ], "rotation": 90 },
				"west": { "texture": "#bundle", "uv": [ 0.5, 13.0, 3.5, 16.0 ] },
				"up": { "texture": "#bundle", "uv": [ 0.5, 4.5, 3.5, 12.5 ], "rotation": 90 },
				"down": { "texture": "#bundle", "uv": [ 0.0, 4.5, 3.0, 12.5 ], "rotation": 90 }
			},
			"children": [
				{
					"name": "Right5",
					"from": [ 7.6, 1.0, 0.0 ],
					"to": [ 12.6, 3.0, 2.0 ],
					"rotationOrigin": [ 7.6, 3.0, 0.0 ],
					"rotationY": 10.0,
					"rotationZ": 15.0,
					"faces": {
						"north": { "texture": "#bundle", "uv": [ 2.5, 5.5, 4.5, 10.5 ], "rotation": 270 },
						"east": { "texture": "#bundle", "uv": [ 4.0, 6.0, 6.0, 8.0 ], "windMode": [-1,-1,-1,-1] },
						"south": { "texture": "#bundle", "uv": [ 1.5, 4.5, 3.5, 9.5 ], "rotation": 90 },
						"up": { "texture": "#bundle", "uv": [ 0.5, 2.5, 2.5, 7.5 ], "rotation": 90 },
						"down": { "texture": "#bundle", "uv": [ 2.5, 10.0, 4.5, 15.0 ], "rotation": 270 }
					}
				},
				{
					"name": "Right12",
					"from": [ 7.0, 1.0, 1.0 ],
					"to": [ 12.0, 3.0, 3.0 ],
					"rotationOrigin": [ 7.0, 3.0, 3.0 ],
					"rotationY": -10.0,
					"rotationZ": 10.0,
					"faces": {
						"north": { "texture": "#bundle", "uv": [ 1.0, 3.0, 3.0, 8.0 ], "rotation": 270 },
						"east": { "texture": "#bundle", "uv": [ 3.0, 7.5, 5.0, 9.5 ], "windMode": [-1,-1,-1,-1] },
						"south": { "texture": "#bundle", "uv": [ 3.5, 5.5, 5.5, 10.5 ], "rotation": 90 },
						"up": { "texture": "#bundle", "uv": [ 1.0, 7.0, 3.0, 12.0 ], "rotation": 90 },
						"down": { "texture": "#bundle", "uv": [ 1.0, 10.0, 3.0, 15.0 ], "rotation": 270 }
					}
				},
				{
					"name": "Right13",
					"from": [ 6.6, 1.5, 1.0 ],
					"to": [ 11.6, 2.5, 2.0 ],
					"rotationOrigin": [ 6.6, 2.0, 1.5 ],
					"rotationX": 21.0,
					"rotationY": 9.0,
					"rotationZ": 22.0,
					"faces": {
						"north": { "texture": "#bundle", "uv": [ 1.5, 9.0, 2.5, 14.0 ], "rotation": 270 },
						"east": { "texture": "#bundle", "uv": [ 5.5, 4.5, 6.5, 5.5 ], "windMode": [-1,-1,-1,-1] },
						"south": { "texture": "#bundle", "uv": [ 5.0, 5.0, 6.0, 10.0 ], "rotation": 90 },
						"up": { "texture": "#bundle", "uv": [ 3.5, 7.0, 4.5, 12.0 ], "rotation": 90 },
						"down": { "texture": "#bundle", "uv": [ 2.0, 4.0, 3.0, 9.0 ], "rotation": 270 }
					}
				},
				{
					"name": "Right14",
					"from": [ 7.5, 0.0, 1.0 ],
					"to": [ 11.5, 2.0, 3.0 ],
					"rotationOrigin": [ 7.5, 0.0, 3.0 ],
					"rotationY": -13.0,
					"rotationZ": -10.0,
					"faces": {
						"north": { "texture": "#bundle", "uv": [ 2.0, 4.5, 4.0, 8.5 ], "rotation": 270 },
						"east": { "texture": "#bundle", "uv": [ 2.0, 10.5, 4.0, 12.5 ], "windMode": [-1,-1,-1,-1] },
						"south": { "texture": "#bundle", "uv": [ 2.5, 4.0, 4.5, 8.0 ], "rotation": 90 },
						"up": { "texture": "#bundle", "uv": [ 0.5, 7.0, 2.5, 11.0 ], "rotation": 90 },
						"down": { "texture": "#bundle", "uv": [ 3.5, 11.5, 5.5, 15.5 ], "rotation": 270 }
					}
				},
				{
					"name": "Right15",
					"from": [ 7.6, 1.0, 0.0 ],
					"to": [ 12.6, 2.0, 1.0 ],
					"rotationOrigin": [ 7.6, 1.5, 0.5 ],
					"rotationX": 33.0,
					"rotationY": 16.0,
					"rotationZ": -8.0,
					"faces": {
						"north": { "texture": "#bundle", "uv": [ 2.5, 11.0, 3.5, 16.0 ], "rotation": 270 },
						"east": { "texture": "#bundle", "uv": [ 2.0, 7.0, 3.0, 8.0 ], "windMode": [-1,-1,-1,-1] },
						"south": { "texture": "#bundle", "uv": [ 1.5, 4.5, 2.5, 9.5 ], "rotation": 90 },
						"up": { "texture": "#bundle", "uv": [ 1.5, 5.0, 2.5, 10.0 ], "rotation": 90 },
						"down": { "texture": "#bundle", "uv": [ 4.0, 7.0, 5.0, 12.0 ], "rotation": 270 }
					}
				},
				{
					"name": "Right16",
					"from": [ 7.0, 0.9, 1.9 ],
					"to": [ 12.5, 1.9, 2.9 ],
					"rotationOrigin": [ 7.0, 1.9, 2.9 ],
					"rotationX": 28.0,
					"rotationY": -19.0,
					"rotationZ": 11.0,
					"faces": {
						"north": { "texture": "#bundle", "uv": [ 1.5, 3.5, 2.5, 9.0 ], "rotation": 270 },
						"east": { "texture": "#bundle", "uv": [ 4.0, 5.0, 5.0, 6.0 ], "windMode": [-1,-1,-1,-1] },
						"south": { "texture": "#bundle", "uv": [ 4.0, 4.5, 5.0, 10.0 ], "rotation": 90 },
						"up": { "texture": "#bundle", "uv": [ 3.0, 7.0, 4.0, 12.5 ], "rotation": 90 },
						"down": { "texture": "#bundle", "uv": [ 1.5, 10.5, 2.5, 16.0 ], "rotation": 270 }
					}
				},
				{
					"name": "Left2",
					"from": [ -3.0, 1.0, 1.8 ],
					"to": [ 1.0, 2.0, 2.8 ],
					"rotationOrigin": [ 1.0, 1.5, 2.3 ],
					"rotationX": 35.0,
					"rotationY": 19.0,
					"rotationZ": -15.0,
					"faces": {
						"north": { "texture": "#bundle", "uv": [ 1.0, 5.5, 2.0, 9.5 ], "rotation": 90 },
						"south": { "texture": "#bundle", "uv": [ 2.5, 4.0, 3.5, 8.0 ], "rotation": 270 },
						"west": { "texture": "#bundle", "uv": [ 2.0, 6.5, 3.0, 7.5 ], "windMode": [-1,-1,-1,-1] },
						"up": { "texture": "#bundle", "uv": [ 1.0, 6.0, 2.0, 10.0 ], "rotation": 270 },
						"down": { "texture": "#bundle", "uv": [ 3.5, 6.0, 4.5, 10.0 ], "rotation": 90 }
					}
				},
				{
					"name": "Left19",
					"from": [ -3.4, 1.0, 0.0 ],
					"to": [ 0.6, 3.0, 2.0 ],
					"rotationOrigin": [ 0.6, 3.0, 0.0 ],
					"rotationY": -10.0,
					"rotationZ": -10.0,
					"faces": {
						"north": { "texture": "#bundle", "uv": [ 3.0, 8.5, 5.0, 12.5 ], "rotation": 90 },
						"south": { "texture": "#bundle", "uv": [ 0.5, 7.5, 2.5, 11.5 ], "rotation": 270 },
						"west": { "texture": "#bundle", "uv": [ 3.0, 8.0, 5.0, 10.0 ], "windMode": [-1,-1,-1,-1] },
						"up": { "texture": "#bundle", "uv": [ 1.5, 5.5, 3.5, 9.5 ], "rotation": 270 },
						"down": { "texture": "#bundle", "uv": [ 2.0, 7.0, 4.0, 11.0 ], "rotation": 90 }
					}
				},
				{
					"name": "Left20",
					"from": [ -3.0, 1.0, 1.0 ],
					"to": [ 1.0, 3.0, 3.0 ],
					"rotationOrigin": [ 1.0, 3.0, 3.0 ],
					"rotationY": 10.0,
					"rotationZ": -10.0,
					"faces": {
						"north": { "texture": "#bundle", "uv": [ 1.5, 5.0, 3.5, 9.0 ], "rotation": 90 },
						"south": { "texture": "#bundle", "uv": [ 3.5, 4.0, 5.5, 8.0 ], "rotation": 270 },
						"west": { "texture": "#bundle", "uv": [ 3.0, 5.0, 5.0, 7.0 ], "windMode": [-1,-1,-1,-1] },
						"up": { "texture": "#bundle", "uv": [ 3.0, 4.5, 5.0, 8.5 ], "rotation": 270 },
						"down": { "texture": "#bundle", "uv": [ 2.0, 4.5, 4.0, 8.5 ], "rotation": 90 }
					}
				},
				{
					"name": "Left21",
					"from": [ -4.4, 0.7, 0.3 ],
					"to": [ 0.6, 2.7, 2.3 ],
					"rotationOrigin": [ 0.6, 1.7, 1.5 ],
					"rotationX": -42.0,
					"rotationY": -3.0,
					"rotationZ": 8.0,
					"faces": {
						"north": { "texture": "#bundle", "uv": [ 1.5, 4.0, 3.5, 9.0 ], "rotation": 90 },
						"south": { "texture": "#bundle", "uv": [ 1.5, 6.0, 3.5, 11.0 ], "rotation": 270 },
						"west": { "texture": "#bundle", "uv": [ 2.0, 5.5, 4.0, 7.5 ], "windMode": [-1,-1,-1,-1] },
						"up": { "texture": "#bundle", "uv": [ 1.0, 5.5, 3.0, 10.5 ], "rotation": 270 },
						"down": { "texture": "#bundle", "uv": [ 2.0, 6.0, 4.0, 11.0 ], "rotation": 90 }
					}
				},
				{
					"name": "Left22",
					"from": [ -3.9, 1.6, 1.2 ],
					"to": [ 0.6, 2.6, 2.2 ],
					"rotationOrigin": [ 1.1, 2.1, 1.7 ],
					"rotationX": -37.0,
					"rotationY": 11.0,
					"rotationZ": -19.0,
					"faces": {
						"north": { "texture": "#bundle", "uv": [ 0.5, 4.0, 1.5, 8.5 ], "rotation": 90 },
						"south": { "texture": "#bundle", "uv": [ 3.0, 4.5, 4.0, 9.0 ], "rotation": 270 },
						"west": { "texture": "#bundle", "uv": [ 2.0, 6.0, 3.0, 7.0 ], "windMode": [-1,-1,-1,-1] },
						"up": { "texture": "#bundle", "uv": [ 4.0, 6.5, 5.0, 11.0 ], "rotation": 270 },
						"down": { "texture": "#bundle", "uv": [ 2.0, 5.0, 3.0, 9.5 ], "rotation": 90 }
					}
				},
				{
					"name": "Left23",
					"from": [ -4.4, 0.9, 0.2 ],
					"to": [ 0.6, 1.9, 1.2 ],
					"rotationOrigin": [ 0.6, 1.4, 0.7 ],
					"rotationY": -18.0,
					"rotationZ": -6.0,
					"faces": {
						"north": { "texture": "#bundle", "uv": [ 4.0, 7.5, 5.0, 12.5 ], "rotation": 90 },
						"south": { "texture": "#bundle", "uv": [ 2.0, 6.0, 3.0, 11.0 ], "rotation": 270 },
						"west": { "texture": "#bundle", "uv": [ 2.5, 6.0, 3.5, 7.0 ], "windMode": [-1,-1,-1,-1] },
						"up": { "texture": "#bundle", "uv": [ 2.5, 4.5, 3.5, 9.5 ], "rotation": 270 },
						"down": { "texture": "#bundle", "uv": [ 1.5, 7.5, 2.5, 12.5 ], "rotation": 90 }
					}
				},
				{
					"name": "tie23",
					"from": [ 4.2, -0.3, -0.3 ],
					"to": [ 4.7, 3.2, 3.3 ],
					"rotationOrigin": [ 4.6, 1.7, 1.7 ],
					"faces": {
						"north": { "texture": "#string", "uv": [ 4.0, 0.0, 4.5, 3.5 ] },
						"east": { "texture": "#string", "uv": [ 0.0, 0.0, 3.5, 3.5 ] },
						"south": { "texture": "#string", "uv": [ 8.0, 0.0, 8.5, 3.5 ] },
						"west": { "texture": "#string", "uv": [ 4.0, 0.0, 7.5, 3.5 ] },
						"up": { "texture": "#string", "uv": [ 12.0, 0.0, 12.5, 3.5 ] },
						"down": { "texture": "#string", "uv": [ 0.0, 0.0, 0.5, 3.5 ] }
					}
				},
				{
					"name": "tie24",
					"from": [ 1.2, -0.3, -0.3 ],
					"to": [ 1.7, 3.2, 3.3 ],
					"rotationOrigin": [ 1.6, 1.5, 1.5 ],
					"rotationY": 14.0,
					"faces": {
						"north": { "texture": "#string", "uv": [ 0.0, 0.0, 0.5, 3.5 ] },
						"east": { "texture": "#string", "uv": [ 0.0, 0.0, 3.5, 3.5 ] },
						"south": { "texture": "#string", "uv": [ 0.0, 0.0, 0.5, 3.5 ] },
						"west": { "texture": "#string", "uv": [ 0.0, 0.0, 3.5, 3.5 ] },
						"up": { "texture": "#string", "uv": [ 0.0, 0.0, 0.5, 3.5 ] },
						"down": { "texture": "#string", "uv": [ 0.0, 0.0, 0.5, 3.5 ] }
					}
				},
				{
					"name": "tie25",
					"from": [ 6.2, -0.3, -0.3 ],
					"to": [ 6.7, 3.2, 3.3 ],
					"rotationOrigin": [ 6.6, 1.7, 1.7 ],
					"rotationY": -17.0,
					"faces": {
						"north": { "texture": "#string", "uv": [ 2.0, 0.0, 2.5, 3.5 ] },
						"east": { "texture": "#string", "uv": [ 5.0, 0.0, 8.5, 3.5 ] },
						"south": { "texture": "#string", "uv": [ 2.0, 0.0, 2.5, 3.5 ] },
						"west": { "texture": "#string", "uv": [ 4.0, 0.0, 7.5, 3.5 ] },
						"up": { "texture": "#string", "uv": [ 12.0, 0.0, 12.5, 3.5 ] },
						"down": { "texture": "#string", "uv": [ 0.0, 0.0, 0.5, 3.5 ] }
					}
				},
				{
					"name": "Left24",
					"from": [ -3.0, 0.0, 1.0 ],
					"to": [ 1.0, 2.0, 3.0 ],
					"rotationOrigin": [ 1.0, 0.0, 3.0 ],
					"rotationX": -3.0,
					"rotationY": 10.0,
					"rotationZ": 10.0,
					"faces": {
						"north": { "texture": "#bundle", "uv": [ 2.5, 8.5, 4.5, 12.5 ], "rotation": 90 },
						"south": { "texture": "#bundle", "uv": [ 2.0, 8.0, 4.0, 12.0 ], "rotation": 270 },
						"west": { "texture": "#bundle", "uv": [ 3.0, 7.0, 5.0, 9.0 ] },
						"up": { "texture": "#bundle", "uv": [ 2.0, 6.5, 4.0, 10.5 ], "rotation": 270 },
						"down": { "texture": "#bundle", "uv": [ 3.0, 7.5, 5.0, 11.5 ], "rotation": 90 }
					}
				},
				{
					"name": "Left25",
					"from": [ -3.0, 0.0, 0.0 ],
					"to": [ 1.0, 2.0, 2.0 ],
					"rotationOrigin": [ 1.0, 0.0, 2.0 ],
					"rotationY": -10.0,
					"rotationZ": 10.0,
					"faces": {
						"north": { "texture": "#bundle", "uv": [ 1.0, 11.0, 3.0, 15.0 ], "rotation": 90 },
						"south": { "texture": "#bundle", "uv": [ 2.5, 12.0, 4.5, 16.0 ], "rotation": 270 },
						"west": { "texture": "#bundle", "uv": [ 3.0, 10.5, 5.0, 12.5 ] },
						"up": { "texture": "#bundle", "uv": [ 1.0, 5.0, 3.0, 9.0 ], "rotation": 270 },
						"down": { "texture": "#bundle", "uv": [ 0.5, 11.5, 2.5, 15.5 ], "rotation": 90 }
					}
				},
				{
					"name": "Right17",
					"from": [ 7.5, 0.0, 0.0 ],
					"to": [ 11.5, 2.0, 2.0 ],
					"rotationOrigin": [ 7.5, 0.0, 0.0 ],
					"rotationY": 11.0,
					"rotationZ": -10.0,
					"faces": {
						"north": { "texture": "#bundle", "uv": [ 2.0, 4.5, 4.0, 8.5 ], "rotation": 270 },
						"east": { "texture": "#bundle", "uv": [ 2.0, 10.5, 4.0, 12.5 ] },
						"south": { "texture": "#bundle", "uv": [ 2.5, 4.0, 4.5, 8.0 ], "rotation": 90 },
						"up": { "texture": "#bundle", "uv": [ 0.5, 7.0, 2.5, 11.0 ], "rotation": 90 },
						"down": { "texture": "#bundle", "uv": [ 3.5, 11.5, 5.5, 15.5 ], "rotation": 270 }
					}
				}
			]
		},
		{
			"name": "body3",
			"from": [ 4.0, 0.3, 1.5 ],
			"to": [ 12.0, 3.3, 4.5 ],
			"rotationOrigin": [ 8.0, 1.8, 3.0 ],
			"rotationX": -90.0,
			"faces": {
				"north": { "texture": "#bundle", "uv": [ 3.0, 4.5, 6.0, 12.5 ], "rotation": 90 },
				"east": { "texture": "#bundle", "uv": [ 0.0, 12.5, 3.0, 15.5 ] },
				"south": { "texture": "#bundle", "uv": [ 2.0, 4.0, 5.0, 12.0 ], "rotation": 90 },
				"west": { "texture": "#bundle", "uv": [ 0.5, 13.0, 3.5, 16.0 ] },
				"up": { "texture": "#bundle", "uv": [ 0.5, 4.5, 3.5, 12.5 ], "rotation": 90 },
				"down": { "texture": "#bundle", "uv": [ 0.0, 4.5, 3.0, 12.5 ], "rotation": 90 }
			},
			"children": [
				{
					"name": "Right18",
					"from": [ 7.6, 1.0, 0.0 ],
					"to": [ 12.6, 3.0, 2.0 ],
					"rotationOrigin": [ 7.6, 3.0, 0.0 ],
					"rotationY": 10.0,
					"rotationZ": 15.0,
					"faces": {
						"north": { "texture": "#bundle", "uv": [ 2.5, 5.5, 4.5, 10.5 ], "rotation": 270 },
						"east": { "texture": "#bundle", "uv": [ 4.0, 6.0, 6.0, 8.0 ], "windMode": [-1,-1,-1,-1] },
						"south": { "texture": "#bundle", "uv": [ 1.5, 4.5, 3.5, 9.5 ], "rotation": 90 },
						"up": { "texture": "#bundle", "uv": [ 0.5, 2.5, 2.5, 7.5 ], "rotation": 90 },
						"down": { "texture": "#bundle", "uv": [ 2.5, 10.0, 4.5, 15.0 ], "rotation": 270 }
					}
				},
				{
					"name": "Right19",
					"from": [ 7.0, 1.0, 1.0 ],
					"to": [ 12.0, 3.0, 3.0 ],
					"rotationOrigin": [ 7.0, 3.0, 3.0 ],
					"rotationY": -10.0,
					"rotationZ": 10.0,
					"faces": {
						"north": { "texture": "#bundle", "uv": [ 1.0, 3.0, 3.0, 8.0 ], "rotation": 270 },
						"east": { "texture": "#bundle", "uv": [ 3.0, 7.5, 5.0, 9.5 ], "windMode": [-1,-1,-1,-1] },
						"south": { "texture": "#bundle", "uv": [ 3.5, 5.5, 5.5, 10.5 ], "rotation": 90 },
						"up": { "texture": "#bundle", "uv": [ 1.0, 7.0, 3.0, 12.0 ], "rotation": 90 },
						"down": { "texture": "#bundle", "uv": [ 1.0, 10.0, 3.0, 15.0 ], "rotation": 270 }
					}
				},
				{
					"name": "Right20",
					"from": [ 6.6, 1.5, 1.0 ],
					"to": [ 11.6, 2.5, 2.0 ],
					"rotationOrigin": [ 6.6, 2.0, 1.5 ],
					"rotationX": 21.0,
					"rotationY": 9.0,
					"rotationZ": 22.0,
					"faces": {
						"north": { "texture": "#bundle", "uv": [ 1.5, 9.0, 2.5, 14.0 ], "rotation": 270 },
						"east": { "texture": "#bundle", "uv": [ 5.5, 4.5, 6.5, 5.5 ], "windMode": [-1,-1,-1,-1] },
						"south": { "texture": "#bundle", "uv": [ 5.0, 5.0, 6.0, 10.0 ], "rotation": 90 },
						"up": { "texture": "#bundle", "uv": [ 3.5, 7.0, 4.5, 12.0 ], "rotation": 90 },
						"down": { "texture": "#bundle", "uv": [ 2.0, 4.0, 3.0, 9.0 ], "rotation": 270 }
					}
				},
				{
					"name": "Right21",
					"from": [ 7.5, 0.0, 1.0 ],
					"to": [ 11.5, 2.0, 3.0 ],
					"rotationOrigin": [ 7.5, 0.0, 3.0 ],
					"rotationY": -13.0,
					"rotationZ": -10.0,
					"faces": {
						"north": { "texture": "#bundle", "uv": [ 2.0, 4.5, 4.0, 8.5 ], "rotation": 270 },
						"east": { "texture": "#bundle", "uv": [ 2.0, 10.5, 4.0, 12.5 ], "windMode": [-1,-1,-1,-1] },
						"south": { "texture": "#bundle", "uv": [ 2.5, 4.0, 4.5, 8.0 ], "rotation": 90 },
						"up": { "texture": "#bundle", "uv": [ 0.5, 7.0, 2.5, 11.0 ], "rotation": 90 },
						"down": { "texture": "#bundle", "uv": [ 3.5, 11.5, 5.5, 15.5 ], "rotation": 270 }
					}
				},
				{
					"name": "Right22",
					"from": [ 7.6, 1.0, 0.0 ],
					"to": [ 12.6, 2.0, 1.0 ],
					"rotationOrigin": [ 7.6, 1.5, 0.5 ],
					"rotationX": 33.0,
					"rotationY": 16.0,
					"rotationZ": -8.0,
					"faces": {
						"north": { "texture": "#bundle", "uv": [ 2.5, 11.0, 3.5, 16.0 ], "rotation": 270 },
						"east": { "texture": "#bundle", "uv": [ 2.0, 7.0, 3.0, 8.0 ], "windMode": [-1,-1,-1,-1] },
						"south": { "texture": "#bundle", "uv": [ 1.5, 4.5, 2.5, 9.5 ], "rotation": 90 },
						"up": { "texture": "#bundle", "uv": [ 1.5, 5.0, 2.5, 10.0 ], "rotation": 90 },
						"down": { "texture": "#bundle", "uv": [ 4.0, 7.0, 5.0, 12.0 ], "rotation": 270 }
					}
				},
				{
					"name": "Right23",
					"from": [ 7.0, 0.9, 1.9 ],
					"to": [ 12.5, 1.9, 2.9 ],
					"rotationOrigin": [ 7.0, 1.9, 2.9 ],
					"rotationX": 28.0,
					"rotationY": -19.0,
					"rotationZ": 11.0,
					"faces": {
						"north": { "texture": "#bundle", "uv": [ 1.5, 3.5, 2.5, 9.0 ], "rotation": 270 },
						"east": { "texture": "#bundle", "uv": [ 4.0, 5.0, 5.0, 6.0 ], "windMode": [-1,-1,-1,-1] },
						"south": { "texture": "#bundle", "uv": [ 4.0, 4.5, 5.0, 10.0 ], "rotation": 90 },
						"up": { "texture": "#bundle", "uv": [ 3.0, 7.0, 4.0, 12.5 ], "rotation": 90 },
						"down": { "texture": "#bundle", "uv": [ 1.5, 10.5, 2.5, 16.0 ], "rotation": 270 }
					}
				},
				{
					"name": "Left3",
					"from": [ -3.0, 1.0, 1.8 ],
					"to": [ 1.0, 2.0, 2.8 ],
					"rotationOrigin": [ 1.0, 1.5, 2.3 ],
					"rotationX": 35.0,
					"rotationY": 19.0,
					"rotationZ": -15.0,
					"faces": {
						"north": { "texture": "#bundle", "uv": [ 1.0, 5.5, 2.0, 9.5 ], "rotation": 90 },
						"south": { "texture": "#bundle", "uv": [ 2.5, 4.0, 3.5, 8.0 ], "rotation": 270 },
						"west": { "texture": "#bundle", "uv": [ 2.0, 6.5, 3.0, 7.5 ], "windMode": [-1,-1,-1,-1] },
						"up": { "texture": "#bundle", "uv": [ 1.0, 6.0, 2.0, 10.0 ], "rotation": 270 },
						"down": { "texture": "#bundle", "uv": [ 3.5, 6.0, 4.5, 10.0 ], "rotation": 90 }
					}
				},
				{
					"name": "Left26",
					"from": [ -3.4, 1.0, 0.0 ],
					"to": [ 0.6, 3.0, 2.0 ],
					"rotationOrigin": [ 0.6, 3.0, 0.0 ],
					"rotationY": -10.0,
					"rotationZ": -10.0,
					"faces": {
						"north": { "texture": "#bundle", "uv": [ 3.0, 8.5, 5.0, 12.5 ], "rotation": 90 },
						"south": { "texture": "#bundle", "uv": [ 0.5, 7.5, 2.5, 11.5 ], "rotation": 270 },
						"west": { "texture": "#bundle", "uv": [ 3.0, 8.0, 5.0, 10.0 ], "windMode": [-1,-1,-1,-1] },
						"up": { "texture": "#bundle", "uv": [ 1.5, 5.5, 3.5, 9.5 ], "rotation": 270 },
						"down": { "texture": "#bundle", "uv": [ 2.0, 7.0, 4.0, 11.0 ], "rotation": 90 }
					}
				},
				{
					"name": "Left27",
					"from": [ -3.0, 1.0, 1.0 ],
					"to": [ 1.0, 3.0, 3.0 ],
					"rotationOrigin": [ 1.0, 3.0, 3.0 ],
					"rotationY": 10.0,
					"rotationZ": -10.0,
					"faces": {
						"north": { "texture": "#bundle", "uv": [ 1.5, 5.0, 3.5, 9.0 ], "rotation": 90 },
						"south": { "texture": "#bundle", "uv": [ 3.5, 4.0, 5.5, 8.0 ], "rotation": 270 },
						"west": { "texture": "#bundle", "uv": [ 3.0, 5.0, 5.0, 7.0 ], "windMode": [-1,-1,-1,-1] },
						"up": { "texture": "#bundle", "uv": [ 3.0, 4.5, 5.0, 8.5 ], "rotation": 270 },
						"down": { "texture": "#bundle", "uv": [ 2.0, 4.5, 4.0, 8.5 ], "rotation": 90 }
					}
				},
				{
					"name": "Left28",
					"from": [ -4.4, 0.7, 0.3 ],
					"to": [ 0.6, 2.7, 2.3 ],
					"rotationOrigin": [ 0.6, 1.7, 1.5 ],
					"rotationX": -42.0,
					"rotationY": -3.0,
					"rotationZ": 8.0,
					"faces": {
						"north": { "texture": "#bundle", "uv": [ 1.5, 4.0, 3.5, 9.0 ], "rotation": 90 },
						"south": { "texture": "#bundle", "uv": [ 1.5, 6.0, 3.5, 11.0 ], "rotation": 270 },
						"west": { "texture": "#bundle", "uv": [ 2.0, 5.5, 4.0, 7.5 ], "windMode": [-1,-1,-1,-1] },
						"up": { "texture": "#bundle", "uv": [ 1.0, 5.5, 3.0, 10.5 ], "rotation": 270 },
						"down": { "texture": "#bundle", "uv": [ 2.0, 6.0, 4.0, 11.0 ], "rotation": 90 }
					}
				},
				{
					"name": "Left29",
					"from": [ -3.9, 1.6, 1.2 ],
					"to": [ 0.6, 2.6, 2.2 ],
					"rotationOrigin": [ 1.1, 2.1, 1.7 ],
					"rotationX": -37.0,
					"rotationY": 11.0,
					"rotationZ": -19.0,
					"faces": {
						"north": { "texture": "#bundle", "uv": [ 0.5, 4.0, 1.5, 8.5 ], "rotation": 90 },
						"south": { "texture": "#bundle", "uv": [ 3.0, 4.5, 4.0, 9.0 ], "rotation": 270 },
						"west": { "texture": "#bundle", "uv": [ 2.0, 6.0, 3.0, 7.0 ], "windMode": [-1,-1,-1,-1] },
						"up": { "texture": "#bundle", "uv": [ 4.0, 6.5, 5.0, 11.0 ], "rotation": 270 },
						"down": { "texture": "#bundle", "uv": [ 2.0, 5.0, 3.0, 9.5 ], "rotation": 90 }
					}
				},
				{
					"name": "Left30",
					"from": [ -4.4, 0.9, 0.2 ],
					"to": [ 0.6, 1.9, 1.2 ],
					"rotationOrigin": [ 0.6, 1.4, 0.7 ],
					"rotationY": -18.0,
					"rotationZ": -6.0,
					"faces": {
						"north": { "texture": "#bundle", "uv": [ 4.0, 7.5, 5.0, 12.5 ], "rotation": 90 },
						"south": { "texture": "#bundle", "uv": [ 2.0, 6.0, 3.0, 11.0 ], "rotation": 270 },
						"west": { "texture": "#bundle", "uv": [ 2.5, 6.0, 3.5, 7.0 ], "windMode": [-1,-1,-1,-1] },
						"up": { "texture": "#bundle", "uv": [ 2.5, 4.5, 3.5, 9.5 ], "rotation": 270 },
						"down": { "texture": "#bundle", "uv": [ 1.5, 7.5, 2.5, 12.5 ], "rotation": 90 }
					}
				},
				{
					"name": "tie26",
					"from": [ 4.2, -0.3, -0.3 ],
					"to": [ 4.7, 3.2, 3.3 ],
					"rotationOrigin": [ 4.6, 1.7, 1.7 ],
					"faces": {
						"north": { "texture": "#string", "uv": [ 4.0, 0.0, 4.5, 3.5 ] },
						"east": { "texture": "#string", "uv": [ 0.0, 0.0, 3.5, 3.5 ] },
						"south": { "texture": "#string", "uv": [ 8.0, 0.0, 8.5, 3.5 ] },
						"west": { "texture": "#string", "uv": [ 4.0, 0.0, 7.5, 3.5 ] },
						"up": { "texture": "#string", "uv": [ 12.0, 0.0, 12.5, 3.5 ] },
						"down": { "texture": "#string", "uv": [ 0.0, 0.0, 0.5, 3.5 ] }
					}
				},
				{
					"name": "tie27",
					"from": [ 1.2, -0.3, -0.3 ],
					"to": [ 1.7, 3.2, 3.3 ],
					"rotationOrigin": [ 1.6, 1.5, 1.5 ],
					"rotationY": 14.0,
					"faces": {
						"north": { "texture": "#string", "uv": [ 0.0, 0.0, 0.5, 3.5 ] },
						"east": { "texture": "#string", "uv": [ 0.0, 0.0, 3.5, 3.5 ] },
						"south": { "texture": "#string", "uv": [ 0.0, 0.0, 0.5, 3.5 ] },
						"west": { "texture": "#string", "uv": [ 0.0, 0.0, 3.5, 3.5 ] },
						"up": { "texture": "#string", "uv": [ 0.0, 0.0, 0.5, 3.5 ] },
						"down": { "texture": "#string", "uv": [ 0.0, 0.0, 0.5, 3.5 ] }
					}
				},
				{
					"name": "tie28",
					"from": [ 6.2, -0.3, -0.3 ],
					"to": [ 6.7, 3.2, 3.3 ],
					"rotationOrigin": [ 6.6, 1.7, 1.7 ],
					"rotationY": -17.0,
					"faces": {
						"north": { "texture": "#string", "uv": [ 2.0, 0.0, 2.5, 3.5 ] },
						"east": { "texture": "#string", "uv": [ 5.0, 0.0, 8.5, 3.5 ] },
						"south": { "texture": "#string", "uv": [ 2.0, 0.0, 2.5, 3.5 ] },
						"west": { "texture": "#string", "uv": [ 4.0, 0.0, 7.5, 3.5 ] },
						"up": { "texture": "#string", "uv": [ 12.0, 0.0, 12.5, 3.5 ] },
						"down": { "texture": "#string", "uv": [ 0.0, 0.0, 0.5, 3.5 ] }
					}
				},
				{
					"name": "Left31",
					"from": [ -3.0, 0.0, 1.0 ],
					"to": [ 1.0, 2.0, 3.0 ],
					"rotationOrigin": [ 1.0, 0.0, 3.0 ],
					"rotationX": -3.0,
					"rotationY": 10.0,
					"rotationZ": 10.0,
					"faces": {
						"north": { "texture": "#bundle", "uv": [ 2.5, 8.5, 4.5, 12.5 ], "rotation": 90 },
						"south": { "texture": "#bundle", "uv": [ 2.0, 8.0, 4.0, 12.0 ], "rotation": 270 },
						"west": { "texture": "#bundle", "uv": [ 3.0, 7.0, 5.0, 9.0 ] },
						"up": { "texture": "#bundle", "uv": [ 2.0, 6.5, 4.0, 10.5 ], "rotation": 270 },
						"down": { "texture": "#bundle", "uv": [ 3.0, 7.5, 5.0, 11.5 ], "rotation": 90 }
					}
				},
				{
					"name": "Left32",
					"from": [ -3.0, 0.0, 0.0 ],
					"to": [ 1.0, 2.0, 2.0 ],
					"rotationOrigin": [ 1.0, 0.0, 2.0 ],
					"rotationY": -10.0,
					"rotationZ": 10.0,
					"faces": {
						"north": { "texture": "#bundle", "uv": [ 1.0, 11.0, 3.0, 15.0 ], "rotation": 90 },
						"south": { "texture": "#bundle", "uv": [ 2.5, 12.0, 4.5, 16.0 ], "rotation": 270 },
						"west": { "texture": "#bundle", "uv": [ 3.0, 10.5, 5.0, 12.5 ] },
						"up": { "texture": "#bundle", "uv": [ 1.0, 5.0, 3.0, 9.0 ], "rotation": 270 },
						"down": { "texture": "#bundle", "uv": [ 0.5, 11.5, 2.5, 15.5 ], "rotation": 90 }
					}
				},
				{
					"name": "Right24",
					"from": [ 7.5, 0.0, 0.0 ],
					"to": [ 11.5, 2.0, 2.0 ],
					"rotationOrigin": [ 7.5, 0.0, 0.0 ],
					"rotationY": 11.0,
					"rotationZ": -10.0,
					"faces": {
						"north": { "texture": "#bundle", "uv": [ 2.0, 4.5, 4.0, 8.5 ], "rotation": 270 },
						"east": { "texture": "#bundle", "uv": [ 2.0, 10.5, 4.0, 12.5 ] },
						"south": { "texture": "#bundle", "uv": [ 2.5, 4.0, 4.5, 8.0 ], "rotation": 90 },
						"up": { "texture": "#bundle", "uv": [ 0.5, 7.0, 2.5, 11.0 ], "rotation": 90 },
						"down": { "texture": "#bundle", "uv": [ 3.5, 11.5, 5.5, 15.5 ], "rotation": 270 }
					}
				}
			]
		},
		{
			"name": "body4",
			"from": [ 4.0, 3.3, 4.5 ],
			"to": [ 12.0, 6.3, 7.5 ],
			"rotationOrigin": [ 8.0, 4.8, 6.0 ],
			"rotationX": 180.0,
			"faces": {
				"north": { "texture": "#bundle", "uv": [ 3.0, 4.5, 6.0, 12.5 ], "rotation": 90 },
				"east": { "texture": "#bundle", "uv": [ 0.0, 12.5, 3.0, 15.5 ] },
				"south": { "texture": "#bundle", "uv": [ 2.0, 4.0, 5.0, 12.0 ], "rotation": 90 },
				"west": { "texture": "#bundle", "uv": [ 0.5, 13.0, 3.5, 16.0 ] },
				"up": { "texture": "#bundle", "uv": [ 0.5, 4.5, 3.5, 12.5 ], "rotation": 90 },
				"down": { "texture": "#bundle", "uv": [ 0.0, 4.5, 3.0, 12.5 ], "rotation": 90 }
			},
			"children": [
				{
					"name": "Right25",
					"from": [ 7.6, 1.0, 0.0 ],
					"to": [ 12.6, 3.0, 2.0 ],
					"rotationOrigin": [ 7.6, 3.0, 0.0 ],
					"rotationY": 10.0,
					"rotationZ": 15.0,
					"faces": {
						"north": { "texture": "#bundle", "uv": [ 2.5, 5.5, 4.5, 10.5 ], "rotation": 270 },
						"east": { "texture": "#bundle", "uv": [ 4.0, 6.0, 6.0, 8.0 ], "windMode": [-1,-1,-1,-1] },
						"south": { "texture": "#bundle", "uv": [ 1.5, 4.5, 3.5, 9.5 ], "rotation": 90 },
						"up": { "texture": "#bundle", "uv": [ 0.5, 2.5, 2.5, 7.5 ], "rotation": 90 },
						"down": { "texture": "#bundle", "uv": [ 2.5, 10.0, 4.5, 15.0 ], "rotation": 270 }
					}
				},
				{
					"name": "Right26",
					"from": [ 7.0, 1.0, 1.0 ],
					"to": [ 12.0, 3.0, 3.0 ],
					"rotationOrigin": [ 7.0, 3.0, 3.0 ],
					"rotationY": -10.0,
					"rotationZ": 10.0,
					"faces": {
						"north": { "texture": "#bundle", "uv": [ 1.0, 3.0, 3.0, 8.0 ], "rotation": 270 },
						"east": { "texture": "#bundle", "uv": [ 3.0, 7.5, 5.0, 9.5 ], "windMode": [-1,-1,-1,-1] },
						"south": { "texture": "#bundle", "uv": [ 3.5, 5.5, 5.5, 10.5 ], "rotation": 90 },
						"up": { "texture": "#bundle", "uv": [ 1.0, 7.0, 3.0, 12.0 ], "rotation": 90 },
						"down": { "texture": "#bundle", "uv": [ 1.0, 10.0, 3.0, 15.0 ], "rotation": 270 }
					}
				},
				{
					"name": "Right27",
					"from": [ 6.6, 1.5, 1.0 ],
					"to": [ 11.6, 2.5, 2.0 ],
					"rotationOrigin": [ 6.6, 2.0, 1.5 ],
					"rotationX": 21.0,
					"rotationY": 9.0,
					"rotationZ": 22.0,
					"faces": {
						"north": { "texture": "#bundle", "uv": [ 1.5, 9.0, 2.5, 14.0 ], "rotation": 270 },
						"east": { "texture": "#bundle", "uv": [ 5.5, 4.5, 6.5, 5.5 ], "windMode": [-1,-1,-1,-1] },
						"south": { "texture": "#bundle", "uv": [ 5.0, 5.0, 6.0, 10.0 ], "rotation": 90 },
						"up": { "texture": "#bundle", "uv": [ 3.5, 7.0, 4.5, 12.0 ], "rotation": 90 },
						"down": { "texture": "#bundle", "uv": [ 2.0, 4.0, 3.0, 9.0 ], "rotation": 270 }
					}
				},
				{
					"name": "Right28",
					"from": [ 7.5, 0.0, 1.0 ],
					"to": [ 11.5, 2.0, 3.0 ],
					"rotationOrigin": [ 7.5, 0.0, 3.0 ],
					"rotationY": -13.0,
					"rotationZ": -10.0,
					"faces": {
						"north": { "texture": "#bundle", "uv": [ 2.0, 4.5, 4.0, 8.5 ], "rotation": 270 },
						"east": { "texture": "#bundle", "uv": [ 2.0, 10.5, 4.0, 12.5 ], "windMode": [-1,-1,-1,-1] },
						"south": { "texture": "#bundle", "uv": [ 2.5, 4.0, 4.5, 8.0 ], "rotation": 90 },
						"up": { "texture": "#bundle", "uv": [ 0.5, 7.0, 2.5, 11.0 ], "rotation": 90 },
						"down": { "texture": "#bundle", "uv": [ 3.5, 11.5, 5.5, 15.5 ], "rotation": 270 }
					}
				},
				{
					"name": "Right29",
					"from": [ 7.6, 1.0, 0.0 ],
					"to": [ 12.6, 2.0, 1.0 ],
					"rotationOrigin": [ 7.6, 1.5, 0.5 ],
					"rotationX": 33.0,
					"rotationY": 16.0,
					"rotationZ": -8.0,
					"faces": {
						"north": { "texture": "#bundle", "uv": [ 2.5, 11.0, 3.5, 16.0 ], "rotation": 270 },
						"east": { "texture": "#bundle", "uv": [ 2.0, 7.0, 3.0, 8.0 ], "windMode": [-1,-1,-1,-1] },
						"south": { "texture": "#bundle", "uv": [ 1.5, 4.5, 2.5, 9.5 ], "rotation": 90 },
						"up": { "texture": "#bundle", "uv": [ 1.5, 5.0, 2.5, 10.0 ], "rotation": 90 },
						"down": { "texture": "#bundle", "uv": [ 4.0, 7.0, 5.0, 12.0 ], "rotation": 270 }
					}
				},
				{
					"name": "Right30",
					"from": [ 7.0, 0.9, 1.9 ],
					"to": [ 12.5, 1.9, 2.9 ],
					"rotationOrigin": [ 7.0, 1.9, 2.9 ],
					"rotationX": 28.0,
					"rotationY": -19.0,
					"rotationZ": 11.0,
					"faces": {
						"north": { "texture": "#bundle", "uv": [ 1.5, 3.5, 2.5, 9.0 ], "rotation": 270 },
						"east": { "texture": "#bundle", "uv": [ 4.0, 5.0, 5.0, 6.0 ], "windMode": [-1,-1,-1,-1] },
						"south": { "texture": "#bundle", "uv": [ 4.0, 4.5, 5.0, 10.0 ], "rotation": 90 },
						"up": { "texture": "#bundle", "uv": [ 3.0, 7.0, 4.0, 12.5 ], "rotation": 90 },
						"down": { "texture": "#bundle", "uv": [ 1.5, 10.5, 2.5, 16.0 ], "rotation": 270 }
					}
				},
				{
					"name": "Left4",
					"from": [ -3.0, 1.0, 1.8 ],
					"to": [ 1.0, 2.0, 2.8 ],
					"rotationOrigin": [ 1.0, 1.5, 2.3 ],
					"rotationX": 35.0,
					"rotationY": 19.0,
					"rotationZ": -15.0,
					"faces": {
						"north": { "texture": "#bundle", "uv": [ 1.0, 5.5, 2.0, 9.5 ], "rotation": 90 },
						"south": { "texture": "#bundle", "uv": [ 2.5, 4.0, 3.5, 8.0 ], "rotation": 270 },
						"west": { "texture": "#bundle", "uv": [ 2.0, 6.5, 3.0, 7.5 ], "windMode": [-1,-1,-1,-1] },
						"up": { "texture": "#bundle", "uv": [ 1.0, 6.0, 2.0, 10.0 ], "rotation": 270 },
						"down": { "texture": "#bundle", "uv": [ 3.5, 6.0, 4.5, 10.0 ], "rotation": 90 }
					}
				},
				{
					"name": "Left33",
					"from": [ -3.4, 1.0, 0.0 ],
					"to": [ 0.6, 3.0, 2.0 ],
					"rotationOrigin": [ 0.6, 3.0, 0.0 ],
					"rotationY": -10.0,
					"rotationZ": -10.0,
					"faces": {
						"north": { "texture": "#bundle", "uv": [ 3.0, 8.5, 5.0, 12.5 ], "rotation": 90 },
						"south": { "texture": "#bundle", "uv": [ 0.5, 7.5, 2.5, 11.5 ], "rotation": 270 },
						"west": { "texture": "#bundle", "uv": [ 3.0, 8.0, 5.0, 10.0 ], "windMode": [-1,-1,-1,-1] },
						"up": { "texture": "#bundle", "uv": [ 1.5, 5.5, 3.5, 9.5 ], "rotation": 270 },
						"down": { "texture": "#bundle", "uv": [ 2.0, 7.0, 4.0, 11.0 ], "rotation": 90 }
					}
				},
				{
					"name": "Left34",
					"from": [ -3.0, 1.0, 1.0 ],
					"to": [ 1.0, 3.0, 3.0 ],
					"rotationOrigin": [ 1.0, 3.0, 3.0 ],
					"rotationY": 10.0,
					"rotationZ": -10.0,
					"faces": {
						"north": { "texture": "#bundle", "uv": [ 1.5, 5.0, 3.5, 9.0 ], "rotation": 90 },
						"south": { "texture": "#bundle", "uv": [ 3.5, 4.0, 5.5, 8.0 ], "rotation": 270 },
						"west": { "texture": "#bundle", "uv": [ 3.0, 5.0, 5.0, 7.0 ], "windMode": [-1,-1,-1,-1] },
						"up": { "texture": "#bundle", "uv": [ 3.0, 4.5, 5.0, 8.5 ], "rotation": 270 },
						"down": { "texture": "#bundle", "uv": [ 2.0, 4.5, 4.0, 8.5 ], "rotation": 90 }
					}
				},
				{
					"name": "Left35",
					"from": [ -4.4, 0.7, 0.3 ],
					"to": [ 0.6, 2.7, 2.3 ],
					"rotationOrigin": [ 0.6, 1.7, 1.5 ],
					"rotationX": -42.0,
					"rotationY": -3.0,
					"rotationZ": 8.0,
					"faces": {
						"north": { "texture": "#bundle", "uv": [ 1.5, 4.0, 3.5, 9.0 ], "rotation": 90 },
						"south": { "texture": "#bundle", "uv": [ 1.5, 6.0, 3.5, 11.0 ], "rotation": 270 },
						"west": { "texture": "#bundle", "uv": [ 2.0, 5.5, 4.0, 7.5 ], "windMode": [-1,-1,-1,-1] },
						"up": { "texture": "#bundle", "uv": [ 1.0, 5.5, 3.0, 10.5 ], "rotation": 270 },
						"down": { "texture": "#bundle", "uv": [ 2.0, 6.0, 4.0, 11.0 ], "rotation": 90 }
					}
				},
				{
					"name": "Left36",
					"from": [ -3.9, 1.6, 1.2 ],
					"to": [ 0.6, 2.6, 2.2 ],
					"rotationOrigin": [ 1.1, 2.1, 1.7 ],
					"rotationX": -37.0,
					"rotationY": 11.0,
					"rotationZ": -19.0,
					"faces": {
						"north": { "texture": "#bundle", "uv": [ 0.5, 4.0, 1.5, 8.5 ], "rotation": 90 },
						"south": { "texture": "#bundle", "uv": [ 3.0, 4.5, 4.0, 9.0 ], "rotation": 270 },
						"west": { "texture": "#bundle", "uv": [ 2.0, 6.0, 3.0, 7.0 ], "windMode": [-1,-1,-1,-1] },
						"up": { "texture": "#bundle", "uv": [ 4.0, 6.5, 5.0, 11.0 ], "rotation": 270 },
						"down": { "texture": "#bundle", "uv": [ 2.0, 5.0, 3.0, 9.5 ], "rotation": 90 }
					}
				},
				{
					"name": "Left37",
					"from": [ -4.4, 0.9, 0.2 ],
					"to": [ 0.6, 1.9, 1.2 ],
					"rotationOrigin": [ 0.6, 1.4, 0.7 ],
					"rotationY": -18.0,
					"rotationZ": -6.0,
					"faces": {
						"north": { "texture": "#bundle", "uv": [ 4.0, 7.5, 5.0, 12.5 ], "rotation": 90 },
						"south": { "texture": "#bundle", "uv": [ 2.0, 6.0, 3.0, 11.0 ], "rotation": 270 },
						"west": { "texture": "#bundle", "uv": [ 2.5, 6.0, 3.5, 7.0 ], "windMode": [-1,-1,-1,-1] },
						"up": { "texture": "#bundle", "uv": [ 2.5, 4.5, 3.5, 9.5 ], "rotation": 270 },
						"down": { "texture": "#bundle", "uv": [ 1.5, 7.5, 2.5, 12.5 ], "rotation": 90 }
					}
				},
				{
					"name": "tie29",
					"from": [ 4.2, -0.3, -0.3 ],
					"to": [ 4.7, 3.2, 3.3 ],
					"rotationOrigin": [ 4.6, 1.7, 1.7 ],
					"faces": {
						"north": { "texture": "#string", "uv": [ 4.0, 0.0, 4.5, 3.5 ] },
						"east": { "texture": "#string", "uv": [ 0.0, 0.0, 3.5, 3.5 ] },
						"south": { "texture": "#string", "uv": [ 8.0, 0.0, 8.5, 3.5 ] },
						"west": { "texture": "#string", "uv": [ 4.0, 0.0, 7.5, 3.5 ] },
						"up": { "texture": "#string", "uv": [ 12.0, 0.0, 12.5, 3.5 ] },
						"down": { "texture": "#string", "uv": [ 0.0, 0.0, 0.5, 3.5 ] }
					}
				},
				{
					"name": "tie30",
					"from": [ 1.2, -0.3, -0.3 ],
					"to": [ 1.7, 3.2, 3.3 ],
					"rotationOrigin": [ 1.6, 1.5, 1.5 ],
					"rotationY": 14.0,
					"faces": {
						"north": { "texture": "#string", "uv": [ 0.0, 0.0, 0.5, 3.5 ] },
						"east": { "texture": "#string", "uv": [ 0.0, 0.0, 3.5, 3.5 ] },
						"south": { "texture": "#string", "uv": [ 0.0, 0.0, 0.5, 3.5 ] },
						"west": { "texture": "#string", "uv": [ 0.0, 0.0, 3.5, 3.5 ] },
						"up": { "texture": "#string", "uv": [ 0.0, 0.0, 0.5, 3.5 ] },
						"down": { "texture": "#string", "uv": [ 0.0, 0.0, 0.5, 3.5 ] }
					}
				},
				{
					"name": "tie31",
					"from": [ 6.2, -0.3, -0.3 ],
					"to": [ 6.7, 3.2, 3.3 ],
					"rotationOrigin": [ 6.6, 1.7, 1.7 ],
					"rotationY": -17.0,
					"faces": {
						"north": { "texture": "#string", "uv": [ 2.0, 0.0, 2.5, 3.5 ] },
						"east": { "texture": "#string", "uv": [ 5.0, 0.0, 8.5, 3.5 ] },
						"south": { "texture": "#string", "uv": [ 2.0, 0.0, 2.5, 3.5 ] },
						"west": { "texture": "#string", "uv": [ 4.0, 0.0, 7.5, 3.5 ] },
						"up": { "texture": "#string", "uv": [ 12.0, 0.0, 12.5, 3.5 ] },
						"down": { "texture": "#string", "uv": [ 0.0, 0.0, 0.5, 3.5 ] }
					}
				},
				{
					"name": "Left38",
					"from": [ -3.0, 0.0, 1.0 ],
					"to": [ 1.0, 2.0, 3.0 ],
					"rotationOrigin": [ 1.0, 0.0, 3.0 ],
					"rotationX": -3.0,
					"rotationY": 10.0,
					"rotationZ": 10.0,
					"faces": {
						"north": { "texture": "#bundle", "uv": [ 2.5, 8.5, 4.5, 12.5 ], "rotation": 90 },
						"south": { "texture": "#bundle", "uv": [ 2.0, 8.0, 4.0, 12.0 ], "rotation": 270 },
						"west": { "texture": "#bundle", "uv": [ 3.0, 7.0, 5.0, 9.0 ] },
						"up": { "texture": "#bundle", "uv": [ 2.0, 6.5, 4.0, 10.5 ], "rotation": 270 },
						"down": { "texture": "#bundle", "uv": [ 3.0, 7.5, 5.0, 11.5 ], "rotation": 90 }
					}
				},
				{
					"name": "Left39",
					"from": [ -3.0, 0.0, 0.0 ],
					"to": [ 1.0, 2.0, 2.0 ],
					"rotationOrigin": [ 1.0, 0.0, 2.0 ],
					"rotationY": -10.0,
					"rotationZ": 10.0,
					"faces": {
						"north": { "texture": "#bundle", "uv": [ 1.0, 11.0, 3.0, 15.0 ], "rotation": 90 },
						"south": { "texture": "#bundle", "uv": [ 2.5, 12.0, 4.5, 16.0 ], "rotation": 270 },
						"west": { "texture": "#bundle", "uv": [ 3.0, 10.5, 5.0, 12.5 ] },
						"up": { "texture": "#bundle", "uv": [ 1.0, 5.0, 3.0, 9.0 ], "rotation": 270 },
						"down": { "texture": "#bundle", "uv": [ 0.5, 11.5, 2.5, 15.5 ], "rotation": 90 }
					}
				},
				{
					"name": "Right31",
					"from": [ 7.5, 0.0, 0.0 ],
					"to": [ 11.5, 2.0, 2.0 ],
					"rotationOrigin": [ 7.5, 0.0, 0.0 ],
					"rotationY": 11.0,
					"rotationZ": -10.0,
					"faces": {
						"north": { "texture": "#bundle", "uv": [ 2.0, 4.5, 4.0, 8.5 ], "rotation": 270 },
						"east": { "texture": "#bundle", "uv": [ 2.0, 10.5, 4.0, 12.5 ] },
						"south": { "texture": "#bundle", "uv": [ 2.5, 4.0, 4.5, 8.0 ], "rotation": 90 },
						"up": { "texture": "#bundle", "uv": [ 0.5, 7.0, 2.5, 11.0 ], "rotation": 90 },
						"down": { "texture": "#bundle", "uv": [ 3.5, 11.5, 5.5, 15.5 ], "rotation": 270 }
					}
				}
			]
		},
		{
			"name": "body5",
			"from": [ 4.0, 3.3, 8.5 ],
			"to": [ 12.0, 6.3, 11.5 ],
			"rotationOrigin": [ 8.0, 4.8, 10.0 ],
			"rotationX": -90.0,
			"faces": {
				"north": { "texture": "#bundle", "uv": [ 3.0, 4.5, 6.0, 12.5 ], "rotation": 90 },
				"east": { "texture": "#bundle", "uv": [ 0.0, 12.5, 3.0, 15.5 ] },
				"south": { "texture": "#bundle", "uv": [ 2.0, 4.0, 5.0, 12.0 ], "rotation": 90 },
				"west": { "texture": "#bundle", "uv": [ 0.5, 13.0, 3.5, 16.0 ] },
				"up": { "texture": "#bundle", "uv": [ 0.5, 4.5, 3.5, 12.5 ], "rotation": 90 },
				"down": { "texture": "#bundle", "uv": [ 0.0, 4.5, 3.0, 12.5 ], "rotation": 90 }
			},
			"children": [
				{
					"name": "Right32",
					"from": [ 7.6, 1.0, 0.0 ],
					"to": [ 12.6, 3.0, 2.0 ],
					"rotationOrigin": [ 7.6, 3.0, 0.0 ],
					"rotationY": 10.0,
					"rotationZ": 15.0,
					"faces": {
						"north": { "texture": "#bundle", "uv": [ 2.5, 5.5, 4.5, 10.5 ], "rotation": 270 },
						"east": { "texture": "#bundle", "uv": [ 4.0, 6.0, 6.0, 8.0 ], "windMode": [-1,-1,-1,-1] },
						"south": { "texture": "#bundle", "uv": [ 1.5, 4.5, 3.5, 9.5 ], "rotation": 90 },
						"up": { "texture": "#bundle", "uv": [ 0.5, 2.5, 2.5, 7.5 ], "rotation": 90 },
						"down": { "texture": "#bundle", "uv": [ 2.5, 10.0, 4.5, 15.0 ], "rotation": 270 }
					}
				},
				{
					"name": "Right33",
					"from": [ 7.0, 1.0, 1.0 ],
					"to": [ 12.0, 3.0, 3.0 ],
					"rotationOrigin": [ 7.0, 3.0, 3.0 ],
					"rotationY": -10.0,
					"rotationZ": 10.0,
					"faces": {
						"north": { "texture": "#bundle", "uv": [ 1.0, 3.0, 3.0, 8.0 ], "rotation": 270 },
						"east": { "texture": "#bundle", "uv": [ 3.0, 7.5, 5.0, 9.5 ], "windMode": [-1,-1,-1,-1] },
						"south": { "texture": "#bundle", "uv": [ 3.5, 5.5, 5.5, 10.5 ], "rotation": 90 },
						"up": { "texture": "#bundle", "uv": [ 1.0, 7.0, 3.0, 12.0 ], "rotation": 90 },
						"down": { "texture": "#bundle", "uv": [ 1.0, 10.0, 3.0, 15.0 ], "rotation": 270 }
					}
				},
				{
					"name": "Right34",
					"from": [ 6.6, 1.5, 1.0 ],
					"to": [ 11.6, 2.5, 2.0 ],
					"rotationOrigin": [ 6.6, 2.0, 1.5 ],
					"rotationX": 21.0,
					"rotationY": 9.0,
					"rotationZ": 22.0,
					"faces": {
						"north": { "texture": "#bundle", "uv": [ 1.5, 9.0, 2.5, 14.0 ], "rotation": 270 },
						"east": { "texture": "#bundle", "uv": [ 5.5, 4.5, 6.5, 5.5 ], "windMode": [-1,-1,-1,-1] },
						"south": { "texture": "#bundle", "uv": [ 5.0, 5.0, 6.0, 10.0 ], "rotation": 90 },
						"up": { "texture": "#bundle", "uv": [ 3.5, 7.0, 4.5, 12.0 ], "rotation": 90 },
						"down": { "texture": "#bundle", "uv": [ 2.0, 4.0, 3.0, 9.0 ], "rotation": 270 }
					}
				},
				{
					"name": "Right35",
					"from": [ 7.5, 0.0, 1.0 ],
					"to": [ 11.5, 2.0, 3.0 ],
					"rotationOrigin": [ 7.5, 0.0, 3.0 ],
					"rotationY": -13.0,
					"rotationZ": -10.0,
					"faces": {
						"north": { "texture": "#bundle", "uv": [ 2.0, 4.5, 4.0, 8.5 ], "rotation": 270 },
						"east": { "texture": "#bundle", "uv": [ 2.0, 10.5, 4.0, 12.5 ], "windMode": [-1,-1,-1,-1] },
						"south": { "texture": "#bundle", "uv": [ 2.5, 4.0, 4.5, 8.0 ], "rotation": 90 },
						"up": { "texture": "#bundle", "uv": [ 0.5, 7.0, 2.5, 11.0 ], "rotation": 90 },
						"down": { "texture": "#bundle", "uv": [ 3.5, 11.5, 5.5, 15.5 ], "rotation": 270 }
					}
				},
				{
					"name": "Right36",
					"from": [ 7.6, 1.0, 0.0 ],
					"to": [ 12.6, 2.0, 1.0 ],
					"rotationOrigin": [ 7.6, 1.5, 0.5 ],
					"rotationX": 33.0,
					"rotationY": 16.0,
					"rotationZ": -8.0,
					"faces": {
						"north": { "texture": "#bundle", "uv": [ 2.5, 11.0, 3.5, 16.0 ], "rotation": 270 },
						"east": { "texture": "#bundle", "uv": [ 2.0, 7.0, 3.0, 8.0 ], "windMode": [-1,-1,-1,-1] },
						"south": { "texture": "#bundle", "uv": [ 1.5, 4.5, 2.5, 9.5 ], "rotation": 90 },
						"up": { "texture": "#bundle", "uv": [ 1.5, 5.0, 2.5, 10.0 ], "rotation": 90 },
						"down": { "texture": "#bundle", "uv": [ 4.0, 7.0, 5.0, 12.0 ], "rotation": 270 }
					}
				},
				{
					"name": "Right37",
					"from": [ 7.0, 0.9, 1.9 ],
					"to": [ 12.5, 1.9, 2.9 ],
					"rotationOrigin": [ 7.0, 1.9, 2.9 ],
					"rotationX": 28.0,
					"rotationY": -19.0,
					"rotationZ": 11.0,
					"faces": {
						"north": { "texture": "#bundle", "uv": [ 1.5, 3.5, 2.5, 9.0 ], "rotation": 270 },
						"east": { "texture": "#bundle", "uv": [ 4.0, 5.0, 5.0, 6.0 ], "windMode": [-1,-1,-1,-1] },
						"south": { "texture": "#bundle", "uv": [ 4.0, 4.5, 5.0, 10.0 ], "rotation": 90 },
						"up": { "texture": "#bundle", "uv": [ 3.0, 7.0, 4.0, 12.5 ], "rotation": 90 },
						"down": { "texture": "#bundle", "uv": [ 1.5, 10.5, 2.5, 16.0 ], "rotation": 270 }
					}
				},
				{
					"name": "Left5",
					"from": [ -3.0, 1.0, 1.8 ],
					"to": [ 1.0, 2.0, 2.8 ],
					"rotationOrigin": [ 1.0, 1.5, 2.3 ],
					"rotationX": 35.0,
					"rotationY": 19.0,
					"rotationZ": -15.0,
					"faces": {
						"north": { "texture": "#bundle", "uv": [ 1.0, 5.5, 2.0, 9.5 ], "rotation": 90 },
						"south": { "texture": "#bundle", "uv": [ 2.5, 4.0, 3.5, 8.0 ], "rotation": 270 },
						"west": { "texture": "#bundle", "uv": [ 2.0, 6.5, 3.0, 7.5 ], "windMode": [-1,-1,-1,-1] },
						"up": { "texture": "#bundle", "uv": [ 1.0, 6.0, 2.0, 10.0 ], "rotation": 270 },
						"down": { "texture": "#bundle", "uv": [ 3.5, 6.0, 4.5, 10.0 ], "rotation": 90 }
					}
				},
				{
					"name": "Left40",
					"from": [ -3.4, 1.0, 0.0 ],
					"to": [ 0.6, 3.0, 2.0 ],
					"rotationOrigin": [ 0.6, 3.0, 0.0 ],
					"rotationY": -10.0,
					"rotationZ": -10.0,
					"faces": {
						"north": { "texture": "#bundle", "uv": [ 3.0, 8.5, 5.0, 12.5 ], "rotation": 90 },
						"south": { "texture": "#bundle", "uv": [ 0.5, 7.5, 2.5, 11.5 ], "rotation": 270 },
						"west": { "texture": "#bundle", "uv": [ 3.0, 8.0, 5.0, 10.0 ], "windMode": [-1,-1,-1,-1] },
						"up": { "texture": "#bundle", "uv": [ 1.5, 5.5, 3.5, 9.5 ], "rotation": 270 },
						"down": { "texture": "#bundle", "uv": [ 2.0, 7.0, 4.0, 11.0 ], "rotation": 90 }
					}
				},
				{
					"name": "Left41",
					"from": [ -3.0, 1.0, 1.0 ],
					"to": [ 1.0, 3.0, 3.0 ],
					"rotationOrigin": [ 1.0, 3.0, 3.0 ],
					"rotationY": 10.0,
					"rotationZ": -10.0,
					"faces": {
						"north": { "texture": "#bundle", "uv": [ 1.5, 5.0, 3.5, 9.0 ], "rotation": 90 },
						"south": { "texture": "#bundle", "uv": [ 3.5, 4.0, 5.5, 8.0 ], "rotation": 270 },
						"west": { "texture": "#bundle", "uv": [ 3.0, 5.0, 5.0, 7.0 ], "windMode": [-1,-1,-1,-1] },
						"up": { "texture": "#bundle", "uv": [ 3.0, 4.5, 5.0, 8.5 ], "rotation": 270 },
						"down": { "texture": "#bundle", "uv": [ 2.0, 4.5, 4.0, 8.5 ], "rotation": 90 }
					}
				},
				{
					"name": "Left42",
					"from": [ -4.4, 0.7, 0.3 ],
					"to": [ 0.6, 2.7, 2.3 ],
					"rotationOrigin": [ 0.6, 1.7, 1.5 ],
					"rotationX": -42.0,
					"rotationY": -3.0,
					"rotationZ": 8.0,
					"faces": {
						"north": { "texture": "#bundle", "uv": [ 1.5, 4.0, 3.5, 9.0 ], "rotation": 90 },
						"south": { "texture": "#bundle", "uv": [ 1.5, 6.0, 3.5, 11.0 ], "rotation": 270 },
						"west": { "texture": "#bundle", "uv": [ 2.0, 5.5, 4.0, 7.5 ], "windMode": [-1,-1,-1,-1] },
						"up": { "texture": "#bundle", "uv": [ 1.0, 5.5, 3.0, 10.5 ], "rotation": 270 },
						"down": { "texture": "#bundle", "uv": [ 2.0, 6.0, 4.0, 11.0 ], "rotation": 90 }
					}
				},
				{
					"name": "Left43",
					"from": [ -3.9, 1.6, 1.2 ],
					"to": [ 0.6, 2.6, 2.2 ],
					"rotationOrigin": [ 1.1, 2.1, 1.7 ],
					"rotationX": -37.0,
					"rotationY": 11.0,
					"rotationZ": -19.0,
					"faces": {
						"north": { "texture": "#bundle", "uv": [ 0.5, 4.0, 1.5, 8.5 ], "rotation": 90 },
						"south": { "texture": "#bundle", "uv": [ 3.0, 4.5, 4.0, 9.0 ], "rotation": 270 },
						"west": { "texture": "#bundle", "uv": [ 2.0, 6.0, 3.0, 7.0 ], "windMode": [-1,-1,-1,-1] },
						"up": { "texture": "#bundle", "uv": [ 4.0, 6.5, 5.0, 11.0 ], "rotation": 270 },
						"down": { "texture": "#bundle", "uv": [ 2.0, 5.0, 3.0, 9.5 ], "rotation": 90 }
					}
				},
				{
					"name": "Left44",
					"from": [ -4.4, 0.9, 0.2 ],
					"to": [ 0.6, 1.9, 1.2 ],
					"rotationOrigin": [ 0.6, 1.4, 0.7 ],
					"rotationY": -18.0,
					"rotationZ": -6.0,
					"faces": {
						"north": { "texture": "#bundle", "uv": [ 4.0, 7.5, 5.0, 12.5 ], "rotation": 90 },
						"south": { "texture": "#bundle", "uv": [ 2.0, 6.0, 3.0, 11.0 ], "rotation": 270 },
						"west": { "texture": "#bundle", "uv": [ 2.5, 6.0, 3.5, 7.0 ], "windMode": [-1,-1,-1,-1] },
						"up": { "texture": "#bundle", "uv": [ 2.5, 4.5, 3.5, 9.5 ], "rotation": 270 },
						"down": { "texture": "#bundle", "uv": [ 1.5, 7.5, 2.5, 12.5 ], "rotation": 90 }
					}
				},
				{
					"name": "tie32",
					"from": [ 4.2, -0.3, -0.3 ],
					"to": [ 4.7, 3.2, 3.3 ],
					"rotationOrigin": [ 4.6, 1.7, 1.7 ],
					"faces": {
						"north": { "texture": "#string", "uv": [ 4.0, 0.0, 4.5, 3.5 ] },
						"east": { "texture": "#string", "uv": [ 0.0, 0.0, 3.5, 3.5 ] },
						"south": { "texture": "#string", "uv": [ 8.0, 0.0, 8.5, 3.5 ] },
						"west": { "texture": "#string", "uv": [ 4.0, 0.0, 7.5, 3.5 ] },
						"up": { "texture": "#string", "uv": [ 12.0, 0.0, 12.5, 3.5 ] },
						"down": { "texture": "#string", "uv": [ 0.0, 0.0, 0.5, 3.5 ] }
					}
				},
				{
					"name": "tie33",
					"from": [ 1.2, -0.3, -0.3 ],
					"to": [ 1.7, 3.2, 3.3 ],
					"rotationOrigin": [ 1.6, 1.5, 1.5 ],
					"rotationY": 14.0,
					"faces": {
						"north": { "texture": "#string", "uv": [ 0.0, 0.0, 0.5, 3.5 ] },
						"east": { "texture": "#string", "uv": [ 0.0, 0.0, 3.5, 3.5 ] },
						"south": { "texture": "#string", "uv": [ 0.0, 0.0, 0.5, 3.5 ] },
						"west": { "texture": "#string", "uv": [ 0.0, 0.0, 3.5, 3.5 ] },
						"up": { "texture": "#string", "uv": [ 0.0, 0.0, 0.5, 3.5 ] },
						"down": { "texture": "#string", "uv": [ 0.0, 0.0, 0.5, 3.5 ] }
					}
				},
				{
					"name": "tie34",
					"from": [ 6.2, -0.3, -0.3 ],
					"to": [ 6.7, 3.2, 3.3 ],
					"rotationOrigin": [ 6.6, 1.7, 1.7 ],
					"rotationY": -17.0,
					"faces": {
						"north": { "texture": "#string", "uv": [ 2.0, 0.0, 2.5, 3.5 ] },
						"east": { "texture": "#string", "uv": [ 5.0, 0.0, 8.5, 3.5 ] },
						"south": { "texture": "#string", "uv": [ 2.0, 0.0, 2.5, 3.5 ] },
						"west": { "texture": "#string", "uv": [ 4.0, 0.0, 7.5, 3.5 ] },
						"up": { "texture": "#string", "uv": [ 12.0, 0.0, 12.5, 3.5 ] },
						"down": { "texture": "#string", "uv": [ 0.0, 0.0, 0.5, 3.5 ] }
					}
				},
				{
					"name": "Left45",
					"from": [ -3.0, 0.0, 1.0 ],
					"to": [ 1.0, 2.0, 3.0 ],
					"rotationOrigin": [ 1.0, 0.0, 3.0 ],
					"rotationX": -3.0,
					"rotationY": 10.0,
					"rotationZ": 10.0,
					"faces": {
						"north": { "texture": "#bundle", "uv": [ 2.5, 8.5, 4.5, 12.5 ], "rotation": 90 },
						"south": { "texture": "#bundle", "uv": [ 2.0, 8.0, 4.0, 12.0 ], "rotation": 270 },
						"west": { "texture": "#bundle", "uv": [ 3.0, 7.0, 5.0, 9.0 ] },
						"up": { "texture": "#bundle", "uv": [ 2.0, 6.5, 4.0, 10.5 ], "rotation": 270 },
						"down": { "texture": "#bundle", "uv": [ 3.0, 7.5, 5.0, 11.5 ], "rotation": 90 }
					}
				},
				{
					"name": "Left46",
					"from": [ -3.0, 0.0, 0.0 ],
					"to": [ 1.0, 2.0, 2.0 ],
					"rotationOrigin": [ 1.0, 0.0, 2.0 ],
					"rotationY": -10.0,
					"rotationZ": 10.0,
					"faces": {
						"north": { "texture": "#bundle", "uv": [ 1.0, 11.0, 3.0, 15.0 ], "rotation": 90 },
						"south": { "texture": "#bundle", "uv": [ 2.5, 12.0, 4.5, 16.0 ], "rotation": 270 },
						"west": { "texture": "#bundle", "uv": [ 3.0, 10.5, 5.0, 12.5 ] },
						"up": { "texture": "#bundle", "uv": [ 1.0, 5.0, 3.0, 9.0 ], "rotation": 270 },
						"down": { "texture": "#bundle", "uv": [ 0.5, 11.5, 2.5, 15.5 ], "rotation": 90 }
					}
				},
				{
					"name": "Right38",
					"from": [ 7.5, 0.0, 0.0 ],
					"to": [ 11.5, 2.0, 2.0 ],
					"rotationOrigin": [ 7.5, 0.0, 0.0 ],
					"rotationY": 11.0,
					"rotationZ": -10.0,
					"faces": {
						"north": { "texture": "#bundle", "uv": [ 2.0, 4.5, 4.0, 8.5 ], "rotation": 270 },
						"east": { "texture": "#bundle", "uv": [ 2.0, 10.5, 4.0, 12.5 ] },
						"south": { "texture": "#bundle", "uv": [ 2.5, 4.0, 4.5, 8.0 ], "rotation": 90 },
						"up": { "texture": "#bundle", "uv": [ 0.5, 7.0, 2.5, 11.0 ], "rotation": 90 },
						"down": { "texture": "#bundle", "uv": [ 3.5, 11.5, 5.5, 15.5 ], "rotation": 270 }
					}
				}
			]
		},
		{
			"name": "body6",
			"from": [ 4.0, 6.3, 6.5 ],
			"to": [ 12.0, 9.3, 9.5 ],
			"rotationOrigin": [ 8.0, 7.8, 8.0 ],
			"faces": {
				"north": { "texture": "#bundle", "uv": [ 3.0, 4.5, 6.0, 12.5 ], "rotation": 90 },
				"east": { "texture": "#bundle", "uv": [ 0.0, 12.5, 3.0, 15.5 ] },
				"south": { "texture": "#bundle", "uv": [ 2.0, 4.0, 5.0, 12.0 ], "rotation": 90 },
				"west": { "texture": "#bundle", "uv": [ 0.5, 13.0, 3.5, 16.0 ] },
				"up": { "texture": "#bundle", "uv": [ 0.5, 4.5, 3.5, 12.5 ], "rotation": 90 },
				"down": { "texture": "#bundle", "uv": [ 0.0, 4.5, 3.0, 12.5 ], "rotation": 90 }
			},
			"children": [
				{
					"name": "Right39",
					"from": [ 7.6, 1.0, 0.0 ],
					"to": [ 12.6, 3.0, 2.0 ],
					"rotationOrigin": [ 7.6, 3.0, 0.0 ],
					"rotationY": 10.0,
					"rotationZ": 15.0,
					"faces": {
						"north": { "texture": "#bundle", "uv": [ 2.5, 5.5, 4.5, 10.5 ], "rotation": 270 },
						"east": { "texture": "#bundle", "uv": [ 4.0, 6.0, 6.0, 8.0 ], "windMode": [-1,-1,-1,-1] },
						"south": { "texture": "#bundle", "uv": [ 1.5, 4.5, 3.5, 9.5 ], "rotation": 90 },
						"up": { "texture": "#bundle", "uv": [ 0.5, 2.5, 2.5, 7.5 ], "rotation": 90 },
						"down": { "texture": "#bundle", "uv": [ 2.5, 10.0, 4.5, 15.0 ], "rotation": 270 }
					}
				},
				{
					"name": "Right40",
					"from": [ 7.0, 1.0, 1.0 ],
					"to": [ 12.0, 3.0, 3.0 ],
					"rotationOrigin": [ 7.0, 3.0, 3.0 ],
					"rotationY": -10.0,
					"rotationZ": 10.0,
					"faces": {
						"north": { "texture": "#bundle", "uv": [ 1.0, 3.0, 3.0, 8.0 ], "rotation": 270 },
						"east": { "texture": "#bundle", "uv": [ 3.0, 7.5, 5.0, 9.5 ], "windMode": [-1,-1,-1,-1] },
						"south": { "texture": "#bundle", "uv": [ 3.5, 5.5, 5.5, 10.5 ], "rotation": 90 },
						"up": { "texture": "#bundle", "uv": [ 1.0, 7.0, 3.0, 12.0 ], "rotation": 90 },
						"down": { "texture": "#bundle", "uv": [ 1.0, 10.0, 3.0, 15.0 ], "rotation": 270 }
					}
				},
				{
					"name": "Right41",
					"from": [ 6.6, 1.5, 1.0 ],
					"to": [ 11.6, 2.5, 2.0 ],
					"rotationOrigin": [ 6.6, 2.0, 1.5 ],
					"rotationX": 21.0,
					"rotationY": 9.0,
					"rotationZ": 22.0,
					"faces": {
						"north": { "texture": "#bundle", "uv": [ 1.5, 9.0, 2.5, 14.0 ], "rotation": 270 },
						"east": { "texture": "#bundle", "uv": [ 5.5, 4.5, 6.5, 5.5 ], "windMode": [-1,-1,-1,-1] },
						"south": { "texture": "#bundle", "uv": [ 5.0, 5.0, 6.0, 10.0 ], "rotation": 90 },
						"up": { "texture": "#bundle", "uv": [ 3.5, 7.0, 4.5, 12.0 ], "rotation": 90 },
						"down": { "texture": "#bundle", "uv": [ 2.0, 4.0, 3.0, 9.0 ], "rotation": 270 }
					}
				},
				{
					"name": "Right42",
					"from": [ 7.5, 0.0, 1.0 ],
					"to": [ 11.5, 2.0, 3.0 ],
					"rotationOrigin": [ 7.5, 0.0, 3.0 ],
					"rotationY": -13.0,
					"rotationZ": -10.0,
					"faces": {
						"north": { "texture": "#bundle", "uv": [ 2.0, 4.5, 4.0, 8.5 ], "rotation": 270 },
						"east": { "texture": "#bundle", "uv": [ 2.0, 10.5, 4.0, 12.5 ], "windMode": [-1,-1,-1,-1] },
						"south": { "texture": "#bundle", "uv": [ 2.5, 4.0, 4.5, 8.0 ], "rotation": 90 },
						"up": { "texture": "#bundle", "uv": [ 0.5, 7.0, 2.5, 11.0 ], "rotation": 90 },
						"down": { "texture": "#bundle", "uv": [ 3.5, 11.5, 5.5, 15.5 ], "rotation": 270 }
					}
				},
				{
					"name": "Right43",
					"from": [ 7.6, 1.0, 0.0 ],
					"to": [ 12.6, 2.0, 1.0 ],
					"rotationOrigin": [ 7.6, 1.5, 0.5 ],
					"rotationX": 33.0,
					"rotationY": 16.0,
					"rotationZ": -8.0,
					"faces": {
						"north": { "texture": "#bundle", "uv": [ 2.5, 11.0, 3.5, 16.0 ], "rotation": 270 },
						"east": { "texture": "#bundle", "uv": [ 2.0, 7.0, 3.0, 8.0 ], "windMode": [-1,-1,-1,-1] },
						"south": { "texture": "#bundle", "uv": [ 1.5, 4.5, 2.5, 9.5 ], "rotation": 90 },
						"up": { "texture": "#bundle", "uv": [ 1.5, 5.0, 2.5, 10.0 ], "rotation": 90 },
						"down": { "texture": "#bundle", "uv": [ 4.0, 7.0, 5.0, 12.0 ], "rotation": 270 }
					}
				},
				{
					"name": "Right44",
					"from": [ 7.0, 0.9, 1.9 ],
					"to": [ 12.5, 1.9, 2.9 ],
					"rotationOrigin": [ 7.0, 1.9, 2.9 ],
					"rotationX": 28.0,
					"rotationY": -19.0,
					"rotationZ": 11.0,
					"faces": {
						"north": { "texture": "#bundle", "uv": [ 1.5, 3.5, 2.5, 9.0 ], "rotation": 270 },
						"east": { "texture": "#bundle", "uv": [ 4.0, 5.0, 5.0, 6.0 ], "windMode": [-1,-1,-1,-1] },
						"south": { "texture": "#bundle", "uv": [ 4.0, 4.5, 5.0, 10.0 ], "rotation": 90 },
						"up": { "texture": "#bundle", "uv": [ 3.0, 7.0, 4.0, 12.5 ], "rotation": 90 },
						"down": { "texture": "#bundle", "uv": [ 1.5, 10.5, 2.5, 16.0 ], "rotation": 270 }
					}
				},
				{
					"name": "Left6",
					"from": [ -3.0, 1.0, 1.8 ],
					"to": [ 1.0, 2.0, 2.8 ],
					"rotationOrigin": [ 1.0, 1.5, 2.3 ],
					"rotationX": 35.0,
					"rotationY": 19.0,
					"rotationZ": -15.0,
					"faces": {
						"north": { "texture": "#bundle", "uv": [ 1.0, 5.5, 2.0, 9.5 ], "rotation": 90 },
						"south": { "texture": "#bundle", "uv": [ 2.5, 4.0, 3.5, 8.0 ], "rotation": 270 },
						"west": { "texture": "#bundle", "uv": [ 2.0, 6.5, 3.0, 7.5 ], "windMode": [-1,-1,-1,-1] },
						"up": { "texture": "#bundle", "uv": [ 1.0, 6.0, 2.0, 10.0 ], "rotation": 270 },
						"down": { "texture": "#bundle", "uv": [ 3.5, 6.0, 4.5, 10.0 ], "rotation": 90 }
					}
				},
				{
					"name": "Left47",
					"from": [ -3.4, 1.0, 0.0 ],
					"to": [ 0.6, 3.0, 2.0 ],
					"rotationOrigin": [ 0.6, 3.0, 0.0 ],
					"rotationY": -10.0,
					"rotationZ": -10.0,
					"faces": {
						"north": { "texture": "#bundle", "uv": [ 3.0, 8.5, 5.0, 12.5 ], "rotation": 90 },
						"south": { "texture": "#bundle", "uv": [ 0.5, 7.5, 2.5, 11.5 ], "rotation": 270 },
						"west": { "texture": "#bundle", "uv": [ 3.0, 8.0, 5.0, 10.0 ], "windMode": [-1,-1,-1,-1] },
						"up": { "texture": "#bundle", "uv": [ 1.5, 5.5, 3.5, 9.5 ], "rotation": 270 },
						"down": { "texture": "#bundle", "uv": [ 2.0, 7.0, 4.0, 11.0 ], "rotation": 90 }
					}
				},
				{
					"name": "Left48",
					"from": [ -3.0, 1.0, 1.0 ],
					"to": [ 1.0, 3.0, 3.0 ],
					"rotationOrigin": [ 1.0, 3.0, 3.0 ],
					"rotationY": 10.0,
					"rotationZ": -10.0,
					"faces": {
						"north": { "texture": "#bundle", "uv": [ 1.5, 5.0, 3.5, 9.0 ], "rotation": 90 },
						"south": { "texture": "#bundle", "uv": [ 3.5, 4.0, 5.5, 8.0 ], "rotation": 270 },
						"west": { "texture": "#bundle", "uv": [ 3.0, 5.0, 5.0, 7.0 ], "windMode": [-1,-1,-1,-1] },
						"up": { "texture": "#bundle", "uv": [ 3.0, 4.5, 5.0, 8.5 ], "rotation": 270 },
						"down": { "texture": "#bundle", "uv": [ 2.0, 4.5, 4.0, 8.5 ], "rotation": 90 }
					}
				},
				{
					"name": "Left49",
					"from": [ -4.4, 0.7, 0.3 ],
					"to": [ 0.6, 2.7, 2.3 ],
					"rotationOrigin": [ 0.6, 1.7, 1.5 ],
					"rotationX": -42.0,
					"rotationY": -3.0,
					"rotationZ": 8.0,
					"faces": {
						"north": { "texture": "#bundle", "uv": [ 1.5, 4.0, 3.5, 9.0 ], "rotation": 90 },
						"south": { "texture": "#bundle", "uv": [ 1.5, 6.0, 3.5, 11.0 ], "rotation": 270 },
						"west": { "texture": "#bundle", "uv": [ 2.0, 5.5, 4.0, 7.5 ], "windMode": [-1,-1,-1,-1] },
						"up": { "texture": "#bundle", "uv": [ 1.0, 5.5, 3.0, 10.5 ], "rotation": 270 },
						"down": { "texture": "#bundle", "uv": [ 2.0, 6.0, 4.0, 11.0 ], "rotation": 90 }
					}
				},
				{
					"name": "Left50",
					"from": [ -3.9, 1.6, 1.2 ],
					"to": [ 0.6, 2.6, 2.2 ],
					"rotationOrigin": [ 1.1, 2.1, 1.7 ],
					"rotationX": -37.0,
					"rotationY": 11.0,
					"rotationZ": -19.0,
					"faces": {
						"north": { "texture": "#bundle", "uv": [ 0.5, 4.0, 1.5, 8.5 ], "rotation": 90 },
						"south": { "texture": "#bundle", "uv": [ 3.0, 4.5, 4.0, 9.0 ], "rotation": 270 },
						"west": { "texture": "#bundle", "uv": [ 2.0, 6.0, 3.0, 7.0 ], "windMode": [-1,-1,-1,-1] },
						"up": { "texture": "#bundle", "uv": [ 4.0, 6.5, 5.0, 11.0 ], "rotation": 270 },
						"down": { "texture": "#bundle", "uv": [ 2.0, 5.0, 3.0, 9.5 ], "rotation": 90 }
					}
				},
				{
					"name": "Left51",
					"from": [ -4.4, 0.9, 0.2 ],
					"to": [ 0.6, 1.9, 1.2 ],
					"rotationOrigin": [ 0.6, 1.4, 0.7 ],
					"rotationY": -18.0,
					"rotationZ": -6.0,
					"faces": {
						"north": { "texture": "#bundle", "uv": [ 4.0, 7.5, 5.0, 12.5 ], "rotation": 90 },
						"south": { "texture": "#bundle", "uv": [ 2.0, 6.0, 3.0, 11.0 ], "rotation": 270 },
						"west": { "texture": "#bundle", "uv": [ 2.5, 6.0, 3.5, 7.0 ], "windMode": [-1,-1,-1,-1] },
						"up": { "texture": "#bundle", "uv": [ 2.5, 4.5, 3.5, 9.5 ], "rotation": 270 },
						"down": { "texture": "#bundle", "uv": [ 1.5, 7.5, 2.5, 12.5 ], "rotation": 90 }
					}
				},
				{
					"name": "tie35",
					"from": [ 4.2, -0.3, -0.3 ],
					"to": [ 4.7, 3.2, 3.3 ],
					"rotationOrigin": [ 4.6, 1.7, 1.7 ],
					"faces": {
						"north": { "texture": "#string", "uv": [ 4.0, 0.0, 4.5, 3.5 ] },
						"east": { "texture": "#string", "uv": [ 0.0, 0.0, 3.5, 3.5 ] },
						"south": { "texture": "#string", "uv": [ 8.0, 0.0, 8.5, 3.5 ] },
						"west": { "texture": "#string", "uv": [ 4.0, 0.0, 7.5, 3.5 ] },
						"up": { "texture": "#string", "uv": [ 12.0, 0.0, 12.5, 3.5 ] },
						"down": { "texture": "#string", "uv": [ 0.0, 0.0, 0.5, 3.5 ] }
					}
				},
				{
					"name": "tie36",
					"from": [ 1.2, -0.3, -0.3 ],
					"to": [ 1.7, 3.2, 3.3 ],
					"rotationOrigin": [ 1.6, 1.5, 1.5 ],
					"rotationY": 14.0,
					"faces": {
						"north": { "texture": "#string", "uv": [ 0.0, 0.0, 0.5, 3.5 ] },
						"east": { "texture": "#string", "uv": [ 0.0, 0.0, 3.5, 3.5 ] },
						"south": { "texture": "#string", "uv": [ 0.0, 0.0, 0.5, 3.5 ] },
						"west": { "texture": "#string", "uv": [ 0.0, 0.0, 3.5, 3.5 ] },
						"up": { "texture": "#string", "uv": [ 0.0, 0.0, 0.5, 3.5 ] },
						"down": { "texture": "#string", "uv": [ 0.0, 0.0, 0.5, 3.5 ] }
					}
				},
				{
					"name": "tie37",
					"from": [ 6.2, -0.3, -0.3 ],
					"to": [ 6.7, 3.2, 3.3 ],
					"rotationOrigin": [ 6.6, 1.7, 1.7 ],
					"rotationY": -17.0,
					"faces": {
						"north": { "texture": "#string", "uv": [ 2.0, 0.0, 2.5, 3.5 ] },
						"east": { "texture": "#string", "uv": [ 5.0, 0.0, 8.5, 3.5 ] },
						"south": { "texture": "#string", "uv": [ 2.0, 0.0, 2.5, 3.5 ] },
						"west": { "texture": "#string", "uv": [ 4.0, 0.0, 7.5, 3.5 ] },
						"up": { "texture": "#string", "uv": [ 12.0, 0.0, 12.5, 3.5 ] },
						"down": { "texture": "#string", "uv": [ 0.0, 0.0, 0.5, 3.5 ] }
					}
				},
				{
					"name": "Left52",
					"from": [ -3.0, 0.0, 1.0 ],
					"to": [ 1.0, 2.0, 3.0 ],
					"rotationOrigin": [ 1.0, 0.0, 3.0 ],
					"rotationX": -3.0,
					"rotationY": 10.0,
					"rotationZ": 10.0,
					"faces": {
						"north": { "texture": "#bundle", "uv": [ 2.5, 8.5, 4.5, 12.5 ], "rotation": 90 },
						"south": { "texture": "#bundle", "uv": [ 2.0, 8.0, 4.0, 12.0 ], "rotation": 270 },
						"west": { "texture": "#bundle", "uv": [ 3.0, 7.0, 5.0, 9.0 ] },
						"up": { "texture": "#bundle", "uv": [ 2.0, 6.5, 4.0, 10.5 ], "rotation": 270 },
						"down": { "texture": "#bundle", "uv": [ 3.0, 7.5, 5.0, 11.5 ], "rotation": 90 }
					}
				},
				{
					"name": "Left53",
					"from": [ -3.0, 0.0, 0.0 ],
					"to": [ 1.0, 2.0, 2.0 ],
					"rotationOrigin": [ 1.0, 0.0, 2.0 ],
					"rotationY": -10.0,
					"rotationZ": 10.0,
					"faces": {
						"north": { "texture": "#bundle", "uv": [ 1.0, 11.0, 3.0, 15.0 ], "rotation": 90 },
						"south": { "texture": "#bundle", "uv": [ 2.5, 12.0, 4.5, 16.0 ], "rotation": 270 },
						"west": { "texture": "#bundle", "uv": [ 3.0, 10.5, 5.0, 12.5 ] },
						"up": { "texture": "#bundle", "uv": [ 1.0, 5.0, 3.0, 9.0 ], "rotation": 270 },
						"down": { "texture": "#bundle", "uv": [ 0.5, 11.5, 2.5, 15.5 ], "rotation": 90 }
					}
				},
				{
					"name": "Right45",
					"from": [ 7.5, 0.0, 0.0 ],
					"to": [ 11.5, 2.0, 2.0 ],
					"rotationOrigin": [ 7.5, 0.0, 0.0 ],
					"rotationY": 11.0,
					"rotationZ": -10.0,
					"faces": {
						"north": { "texture": "#bundle", "uv": [ 2.0, 4.5, 4.0, 8.5 ], "rotation": 270 },
						"east": { "texture": "#bundle", "uv": [ 2.0, 10.5, 4.0, 12.5 ] },
						"south": { "texture": "#bundle", "uv": [ 2.5, 4.0, 4.5, 8.0 ], "rotation": 90 },
						"up": { "texture": "#bundle", "uv": [ 0.5, 7.0, 2.5, 11.0 ], "rotation": 90 },
						"down": { "texture": "#bundle", "uv": [ 3.5, 11.5, 5.5, 15.5 ], "rotation": 270 }
					}
				}
			]
		}
	]}