[
	{
		"ingredientPattern": "_H_,_C_,RSF",
		"ingredients": {
			"H": { "type": "item", "code": "game:hammer-*", "isTool": true, "toolDurabilityCost": 80 },
			"C": { "type": "item", "code": "game:chisel-*", "isTool": true, "toolDurabilityCost": 50 },
			"R": { "type": "item", "code": "game:resin" },
			"S": { "type": "block", "code": "floralzonesneozeylandicregion:log-placed-*-ud", "name": "wood", "quantity": 2 },
			"F": { "type": "item", "code": "game:fat" }
		},
		"width": 3,
		"height": 3,
		"output": { "type": "block", "code": "game:windmillrotor-north", "quantity": 1 }
	},
	{
		"ingredientPattern": "_H_,_C_,RSF",
		"ingredients": {
			"H": { "type": "item", "code": "game:hammer-*", "isTool": true, "toolDurabilityCost": 80 },
			"C": { "type": "item", "code": "game:chisel-*", "isTool": true, "toolDurabilityCost": 50 },
			"R": { "type": "item", "code": "game:resin" },
			"S": { "type": "block", "code": "floralzonesneozeylandicregion:logsection-placed-*-ne-ud", "name": "wood", "quantity": 2 },
			"F": { "type": "item", "code": "game:fat" }
		},
		"width": 3,
		"height": 3,
		"output": { "type": "block", "code": "game:windmillrotor-north", "quantity": 1 }
	},	
	{
		"ingredientPattern": "H_,C_,SF",
		"ingredients": {
			"H": { "type": "item", "code": "game:hammer-*", "isTool": true, "toolDurabilityCost": 5 },
			"C": { "type": "item", "code": "game:chisel-*", "isTool": true, "toolDurabilityCost": 5 },
			"S": { "type": "block", "code": "floralzonesneozeylandicregion:log-placed-*-ud", "name": "wood" },
			"F": { "type": "item", "code": "game:fat" }
		},
		"width": 2,
		"height": 3,
		"output": { "type": "block", "code": "game:woodenaxle-ud", "quantity": 2 }
	},
	{
		"ingredientPattern": "H_,C_,SF",
		"ingredients": {
			"H": { "type": "item", "code": "game:hammer-*", "isTool": true, "toolDurabilityCost": 5 },
			"C": { "type": "item", "code": "game:chisel-*", "isTool": true, "toolDurabilityCost": 5 },
			"S": { "type": "block", "code": "floralzonesneozeylandicregion:logsection-placed-*-ne-ud", "name": "wood" },
			"F": { "type": "item", "code": "game:fat" }
		},
		"width": 2,
		"height": 3,
		"output": { "type": "block", "code": "game:woodenaxle-ud", "quantity": 2 }
	},	
	{
		"ingredientPattern": "HX_,PCP,RSF",
		"ingredients": {
			"X": { "type": "item", "code": "game:saw-*", "isTool": true, "toolDurabilityCost": 10 },
			"H": { "type": "item", "code": "game:hammer-*", "isTool": true, "toolDurabilityCost": 10 },
			"C": { "type": "item", "code": "game:chisel-*", "isTool": true, "toolDurabilityCost": 10 },
			"S": { "type": "block", "code": "floralzonesneozeylandicregion:log-placed-*-ud", "name": "wood" },
			"R": { "type": "item", "code": "game:resin" },
			"P": { "type": "item", "code": "game:stick" },
			"F": { "type": "item", "code": "game:fat" }
		},
		"width": 3,
		"height": 3,
		"output": { "type": "block", "code": "game:angledgears-s", "quantity": 1 }
	},
	{
		"ingredientPattern": "HX_,PCP,RSF",
		"ingredients": {
			"X": { "type": "item", "code": "game:saw-*", "isTool": true, "toolDurabilityCost": 10 },
			"H": { "type": "item", "code": "game:hammer-*", "isTool": true, "toolDurabilityCost": 10 },
			"C": { "type": "item", "code": "game:chisel-*", "isTool": true, "toolDurabilityCost": 10 },
			"S": { "type": "block", "code": "floralzonesneozeylandicregion:logsection-placed-*-ne-ud", "name": "wood" },
			"R": { "type": "item", "code": "game:resin" },
			"P": { "type": "item", "code": "game:stick" },
			"F": { "type": "item", "code": "game:fat" }
		},
		"width": 3,
		"height": 3,
		"output": { "type": "block", "code": "game:angledgears-s", "quantity": 1 }
	},
	
	{
		"ingredientPattern": "H__,C__,SFR",
		"ingredients": {
			"H": { "type": "item", "code": "game:hammer-*", "isTool": true, "toolDurabilityCost": 60 },
			"C": { "type": "item", "code": "game:chisel-*", "isTool": true, "toolDurabilityCost": 40 },
			"S": { "type": "block", "code": "floralzonesneozeylandicregion:log-placed-*-ud", "name": "wood" },
			"F": { "type": "block", "code": "game:woodenaxle-ud" },
			"R": { "type": "item", "code": "game:resin", "quantity": 2 }
		},
		"width": 3,
		"height": 3,
		"output": { "type": "block", "code": "game:brake-north", "quantity": 1 }
	},
	{
		"ingredientPattern": "H__,C__,SFR",
		"ingredients": {
			"H": { "type": "item", "code": "game:hammer-*", "isTool": true, "toolDurabilityCost": 60 },
			"C": { "type": "item", "code": "game:chisel-*", "isTool": true, "toolDurabilityCost": 40 },
			"S": { "type": "block", "code": "floralzonesneozeylandicregion:logsection-placed-*-ne-ud", "name": "wood" },
			"F": { "type": "block", "code": "game:woodenaxle-ud" },
			"R": { "type": "item", "code": "game:resin", "quantity": 2 }
		},
		"width": 3,
		"height": 3,
		"output": { "type": "block", "code": "game:brake-north", "quantity": 1 }
	},
	
	{
		"ingredientPattern": "H_P,CP_,PR_",
		"ingredients": {
			"H": { "type": "item", "code": "game:hammer-*", "isTool": true, "toolDurabilityCost": 40 },
			"C": { "type": "item", "code": "game:chisel-*", "isTool": true, "toolDurabilityCost": 10 },
			"P": { "type": "item", "code": "floralzonesneozeylandicregion:plank-*", "name": "wood" },
			"R": { "type": "item", "code": "game:resin" }
		},
		"width": 3,
		"height": 3,
		"output": { "type": "block", "code": "game:helvehammerbase-north", "quantity": 1 }
	},
	
	
	{
		"ingredientPattern": "HCR,PAP,_F_",
		"ingredients": {
			"H": { "type": "item", "code": "game:hammer-*", "isTool": true, "toolDurabilityCost": 50 },
			"C": { "type": "item", "code": "game:chisel-*", "isTool": true, "toolDurabilityCost": 20 },
			"R": { "type": "item", "code": "game:resin", "quantity": 4 },
			"P": { "type": "item", "code": "floralzonesneozeylandicregion:plank-*", "name": "wood", "quantity": 4 },
			"F": { "type": "item", "code": "game:fat" },
			"A": { "type": "block", "code": "game:woodenaxle-ud" }
		},
		"width": 3,
		"height": 3,
		"output": { "type": "block", "code": "game:woodentoggle-ns", "quantity": 1 }
	},

	{
		"ingredientPattern": "SPS,PAP,SPS",
		"ingredients": {
			"P": { "type": "item", "code": "floralzonesneozeylandicregion:plank-*", "name": "wood", "quantity": 6 },
			"S": { "type": "item", "code": "game:largegearsection-wood" },
			"A": { "type": "block", "code": "game:woodenaxle-ud" }
		},
		"width": 3,
		"height": 3,
		"output": { "type": "block", "code": "game:largegear3", "quantity": 1 }
	},

	{
		"ingredientPattern": "HCX,PRS,AAA",
		"ingredients": {
			"H": { "type": "item", "code": "game:hammer-*", "isTool": true, "toolDurabilityCost": 10 },
			"C": { "type": "item", "code": "game:chisel-*", "isTool": true, "toolDurabilityCost": 15 },
			"X": { "type": "item", "code": "game:saw-*", "isTool": true, "toolDurabilityCost": 40 },
			"P": { "type": "item", "code": "floralzonesneozeylandicregion:plank-*", "name": "wood", "quantity": 2 },
			"A": { "type": "item", "code": "floralzonesneozeylandicregion:plank-*", "name": "wood", "quantity": 1 },
			"S": { "type": "item", "code": "game:stick", "quantity": 12 },
			"R": { "type": "item", "code": "game:resin", "quantity": 2 }
		},
		"width": 3,
		"height": 3,
		"output": { "type": "item", "code": "game:largegearsection-wood", "quantity": 1 }
	},

	{
		"ingredientPattern": "HCX,PAS,RF_",
		"ingredients": {
			"H": { "type": "item", "code": "game:hammer-*", "isTool": true, "toolDurabilityCost": 30 },
			"C": { "type": "item", "code": "game:chisel-*", "isTool": true, "toolDurabilityCost": 15 },
			"X": { "type": "item", "code": "game:saw-*", "isTool": true, "toolDurabilityCost": 25 },
			"P": { "type": "item", "code": "floralzonesneozeylandicregion:plank-*", "quantity": 8 },
			"A": { "type": "block", "code": "floralzonesneozeylandicregion:log-placed-*-ud" },
			"S": { "type": "item", "code": "game:stick", "quantity": 8 },
			"R": { "type": "item", "code": "game:resin", "quantity": 2 },
			"F": { "type": "item", "code": "game:fat", "quantity": 2 }
		},
		"width": 3,
		"height": 3,
		"output": { "type": "block", "code": "game:clutch-north", "quantity": 1 }
	},
	{
		"ingredientPattern": "HCX,PAS,RF_",
		"ingredients": {
			"H": { "type": "item", "code": "game:hammer-*", "isTool": true, "toolDurabilityCost": 30 },
			"C": { "type": "item", "code": "game:chisel-*", "isTool": true, "toolDurabilityCost": 15 },
			"X": { "type": "item", "code": "game:saw-*", "isTool": true, "toolDurabilityCost": 25 },
			"P": { "type": "item", "code": "floralzonesneozeylandicregion:plank-*", "quantity": 8 },
			"A": { "type": "block", "code": "floralzonesneozeylandicregion:logsection-placed-*-ne-ud" },
			"S": { "type": "item", "code": "game:stick", "quantity": 8 },
			"R": { "type": "item", "code": "game:resin", "quantity": 2 },
			"F": { "type": "item", "code": "game:fat", "quantity": 2 }
		},
		"width": 3,
		"height": 3,
		"output": { "type": "block", "code": "game:clutch-north", "quantity": 1 }
	},

	{
		"ingredientPattern": "HCX,GPG,RF_",
		"ingredients": {
			"H": { "type": "item", "code": "game:hammer-*", "isTool": true, "toolDurabilityCost": 30 },
			"C": { "type": "item", "code": "game:chisel-*", "isTool": true, "toolDurabilityCost": 15 },
			"X": { "type": "item", "code": "game:saw-*", "isTool": true, "toolDurabilityCost": 25 },
			"G": { "type": "block", "code": "game:angledgears-s" },
			"P": { "type": "item", "code": "floralzonesneozeylandicregion:plank-*", "name": "wood", "quantity": 8 },
			"R": { "type": "item", "code": "game:resin", "quantity": 2 },
			"F": { "type": "item", "code": "game:fat" }
		},
		"width": 3,
		"height": 3,
		"output": { "type": "block", "code": "game:transmission-ns", "quantity": 1 }
	}
]