[
	{
		"ingredientPattern": "TLT,TKT",
		"recipeGroup": 1,
		"ingredients": {
			"L": { "type": "block", "code": "linen-*", "quantity": 1 },
			"T": { "type": "item", "code": "flaxtwine", "quantity": 1 },
			"K": { "type": "item", "code": "combatoverhaul:sewingkit-armor-sewing", "quantity": 1 }
		},
		"width": 3,
		"height": 2,
		"name": "gambeson helmet",
		"output": { "type": "item", "code": "armor-head-sewn-linen"  }
	},
	{
		"ingredientPattern": "LKL,MMM,LLL",
		"recipeGroup": 1,
		"ingredients": {
			"L": { "type": "block", "code": "linen-*", "quantity": 1 },
			"M": { "type": "item", "code": "flaxtwine", "quantity": 1 },
			"K": { "type": "item", "code": "combatoverhaul:sewingkit-armor-sewing", "quantity": 1 }
		},
		"width": 3,
		"height": 3,
		"name": "gambeson body armor",
		"output": { "type": "item", "code": "armor-body-sewn-linen"  }
	},
	{
		"ingredientPattern": "LTL,LKL,T_T",
		"recipeGroup": 1,
		"ingredients": {
			"L": { "type": "block", "code": "linen-*", "quantity": 1 },
			"T": { "type": "item", "code": "flaxtwine", "quantity": 1 },
			"K": { "type": "item", "code": "combatoverhaul:sewingkit-armor-sewing", "quantity": 1 }
		},
		"width": 3,
		"height": 3,
		"name": "gambeson leg armor",
		"output": { "type": "item", "code": "armor-legs-sewn-linen"  }
	}
]