{
	"editor": {
		"allAngles": false,
		"entityTextureMode": false
	},
	"textureWidth": 16,
	"textureHeight": 16,
	"textureSizes": {
	},
	"textures": {
		"fire2": "game:block/fire",
		"iron": "game:block/metal/ingot/iron"
	},
	"elements": [
		{
			"name": "Cube1",
			"from": [ 6.0, 2.0, 6.0 ], 
			"to": [ 10.0, 2.4, 10.0 ], 
			"rotationOrigin": [ 8.0, 2.0, 8.0 ],
			"faces": {
				"north": { "texture": "#iron", "uv": [ 0.0, 0.0, 4.0, 0.5 ] },
				"east": { "texture": "#iron", "uv": [ 0.0, 0.0, 4.0, 0.5 ] },
				"south": { "texture": "#iron", "uv": [ 0.0, 0.0, 4.0, 0.5 ] },
				"west": { "texture": "#iron", "uv": [ 0.0, 0.0, 4.0, 0.5 ] },
				"up": { "texture": "#iron", "uv": [ 0.0, 0.0, 4.0, 4.0 ] },
				"down": { "texture": "#iron", "uv": [ 0.0, 0.0, 4.0, 4.0 ] }
			},
			"children": [
				{
					"name": "Cube2",
					"from": [ 0.0, 0.3, 1.5 ], 
					"to": [ 0.2, 1.4, 2.5 ], 
					"rotationOrigin": [ 0.0, 0.3, 1.5 ],
					"rotationZ": 45.0,
					"faces": {
						"north": { "texture": "#iron", "uv": [ 0.0, 0.0, 0.5, 1.0 ] },
						"east": { "texture": "#iron", "uv": [ 0.0, 0.0, 1.0, 1.0 ] },
						"south": { "texture": "#iron", "uv": [ 0.0, 0.0, 0.5, 1.0 ] },
						"west": { "texture": "#iron", "uv": [ 0.0, 0.0, 1.0, 1.0 ] },
						"up": { "texture": "#iron", "uv": [ 0.0, 0.0, 0.5, 1.0 ] },
						"down": { "texture": "#iron", "uv": [ 0.0, 0.0, 0.5, 1.0 ] }
					},
					"children": [
						{
							"name": "Cube3",
							"from": [ 0.0, 1.0, 0.0 ], 
							"to": [ 0.2, 5.1, 1.0 ], 
							"rotationOrigin": [ 0.0, 1.0, 0.0 ],
							"rotationZ": -22.5,
							"faces": {
								"north": { "texture": "#iron", "uv": [ 0.0, 0.0, 0.5, 4.0 ] },
								"east": { "texture": "#iron", "uv": [ 0.0, 0.0, 1.0, 4.0 ] },
								"south": { "texture": "#iron", "uv": [ 0.0, 0.0, 0.5, 4.0 ] },
								"west": { "texture": "#iron", "uv": [ 0.0, 0.0, 1.0, 4.0 ] },
								"up": { "texture": "#iron", "uv": [ 0.0, 0.0, 0.5, 1.0 ] },
								"down": { "texture": "#iron", "uv": [ 0.0, 0.0, 0.5, 1.0 ] }
							},
							"children": [
								{
									"name": "Cube4",
									"from": [ 0.0, 4.0, 0.0 ], 
									"to": [ 0.2, 5.0, 1.0 ], 
									"rotationOrigin": [ 0.0, 4.0, 0.0 ],
									"rotationZ": 22.5,
									"faces": {
										"north": { "texture": "#iron", "uv": [ 0.0, 0.0, 0.5, 1.0 ] },
										"east": { "texture": "#iron", "uv": [ 0.0, 0.0, 1.0, 1.0 ] },
										"south": { "texture": "#iron", "uv": [ 0.0, 0.0, 0.5, 1.0 ] },
										"west": { "texture": "#iron", "uv": [ 0.0, 0.0, 1.0, 1.0 ] },
										"up": { "texture": "#iron", "uv": [ 0.0, 0.0, 0.5, 1.0 ] },
										"down": { "texture": "#iron", "uv": [ 0.0, 0.0, 0.5, 1.0 ] }
									}
								},
								{
									"name": "Cube27",
									"from": [ -0.05, 3.01, -1.2 ], 
									"to": [ 0.25, 3.61, 2.2 ], 
									"rotationOrigin": [ -0.2, 3.0, -1.3 ],
									"faces": {
										"north": { "texture": "#iron", "uv": [ 0.0, 0.0, 0.5, 0.5 ] },
										"east": { "texture": "#iron", "uv": [ 0.0, 0.0, 3.0, 0.5 ] },
										"south": { "texture": "#iron", "uv": [ 0.0, 0.0, 0.5, 0.5 ] },
										"west": { "texture": "#iron", "uv": [ 0.0, 0.0, 3.0, 0.5 ] },
										"up": { "texture": "#iron", "uv": [ 0.0, 0.0, 0.5, 3.0 ] },
										"down": { "texture": "#iron", "uv": [ 0.0, 0.0, 0.5, 3.0 ] }
									}
								}
							]
						}
					]
				},
				{
					"name": "Cube5",
					"from": [ 3.8, 0.4, 1.5 ], 
					"to": [ 4.0, 1.5, 2.5 ], 
					"rotationOrigin": [ 3.8, 0.4, 1.5 ],
					"rotationZ": -45.0,
					"faces": {
						"north": { "texture": "#iron", "uv": [ 0.0, 0.0, 0.5, 1.0 ] },
						"east": { "texture": "#iron", "uv": [ 0.0, 0.0, 1.0, 1.0 ] },
						"south": { "texture": "#iron", "uv": [ 0.0, 0.0, 0.5, 1.0 ] },
						"west": { "texture": "#iron", "uv": [ 0.0, 0.0, 1.0, 1.0 ] },
						"up": { "texture": "#iron", "uv": [ 0.0, 0.0, 0.5, 1.0 ] },
						"down": { "texture": "#iron", "uv": [ 0.0, 0.0, 0.5, 1.0 ] }
					},
					"children": [
						{
							"name": "Cube6",
							"from": [ 0.0, 1.0, 0.0 ], 
							"to": [ 0.2, 5.1, 1.0 ], 
							"rotationOrigin": [ 0.0, 1.0, 0.0 ],
							"rotationZ": 22.5,
							"faces": {
								"north": { "texture": "#iron", "uv": [ 0.0, 0.0, 0.5, 4.0 ] },
								"east": { "texture": "#iron", "uv": [ 0.0, 0.0, 1.0, 4.0 ] },
								"south": { "texture": "#iron", "uv": [ 0.0, 0.0, 0.5, 4.0 ] },
								"west": { "texture": "#iron", "uv": [ 0.0, 0.0, 1.0, 4.0 ] },
								"up": { "texture": "#iron", "uv": [ 0.0, 0.0, 0.5, 1.0 ] },
								"down": { "texture": "#iron", "uv": [ 0.0, 0.0, 0.5, 1.0 ] }
							},
							"children": [
								{
									"name": "Cube7",
									"from": [ 0.0, 4.0, 0.0 ], 
									"to": [ 0.2, 5.0, 1.0 ], 
									"rotationOrigin": [ 0.0, 4.0, 0.0 ],
									"rotationZ": -22.5,
									"faces": {
										"north": { "texture": "#iron", "uv": [ 0.0, 0.0, 0.5, 1.0 ] },
										"east": { "texture": "#iron", "uv": [ 0.0, 0.0, 1.0, 1.0 ] },
										"south": { "texture": "#iron", "uv": [ 0.0, 0.0, 0.5, 1.0 ] },
										"west": { "texture": "#iron", "uv": [ 0.0, 0.0, 1.0, 1.0 ] },
										"up": { "texture": "#iron", "uv": [ 0.0, 0.0, 0.5, 1.0 ] },
										"down": { "texture": "#iron", "uv": [ 0.0, 0.0, 0.5, 1.0 ] }
									}
								},
								{
									"name": "Cube29",
									"from": [ -0.05, 3.01, -1.2 ], 
									"to": [ 0.25, 3.61, 2.2 ], 
									"rotationOrigin": [ -0.1, 3.0, -1.2 ],
									"faces": {
										"north": { "texture": "#iron", "uv": [ 0.0, 0.0, 0.5, 0.5 ] },
										"east": { "texture": "#iron", "uv": [ 0.0, 0.0, 3.0, 0.5 ] },
										"south": { "texture": "#iron", "uv": [ 0.0, 0.0, 0.5, 0.5 ] },
										"west": { "texture": "#iron", "uv": [ 0.0, 0.0, 3.0, 0.5 ] },
										"up": { "texture": "#iron", "uv": [ 0.0, 0.0, 0.5, 3.0 ] },
										"down": { "texture": "#iron", "uv": [ 0.0, 0.0, 0.5, 3.0 ] }
									}
								}
							]
						}
					]
				},
				{
					"name": "Cube8",
					"from": [ 1.5, 0.3, 0.0 ], 
					"to": [ 2.5, 1.4, 0.2 ], 
					"rotationOrigin": [ 1.5, 0.3, 0.0 ],
					"rotationX": -45.0,
					"faces": {
						"north": { "texture": "#iron", "uv": [ 0.0, 0.0, 1.0, 1.0 ] },
						"east": { "texture": "#iron", "uv": [ 0.0, 0.0, 0.5, 1.0 ] },
						"south": { "texture": "#iron", "uv": [ 0.0, 0.0, 1.0, 1.0 ] },
						"west": { "texture": "#iron", "uv": [ 0.0, 0.0, 0.5, 1.0 ] },
						"up": { "texture": "#iron", "uv": [ 0.0, 0.0, 1.0, 0.5 ] },
						"down": { "texture": "#iron", "uv": [ 0.0, 0.0, 1.0, 0.5 ] }
					},
					"children": [
						{
							"name": "Cube9",
							"from": [ 0.0, 1.0, 0.0 ], 
							"to": [ 1.0, 5.1, 0.2 ], 
							"rotationOrigin": [ 0.0, 1.0, 0.0 ],
							"rotationX": 22.5,
							"faces": {
								"north": { "texture": "#iron", "uv": [ 0.0, 0.0, 1.0, 4.0 ] },
								"east": { "texture": "#iron", "uv": [ 0.0, 0.0, 0.5, 4.0 ] },
								"south": { "texture": "#iron", "uv": [ 0.0, 0.0, 1.0, 4.0 ] },
								"west": { "texture": "#iron", "uv": [ 0.0, 0.0, 0.5, 4.0 ] },
								"up": { "texture": "#iron", "uv": [ 0.0, 0.0, 1.0, 0.5 ] },
								"down": { "texture": "#iron", "uv": [ 0.0, 0.0, 1.0, 0.5 ] }
							},
							"children": [
								{
									"name": "Cube10",
									"from": [ 0.0, 4.0, 0.0 ], 
									"to": [ 1.0, 5.0, 0.2 ], 
									"rotationOrigin": [ 0.0, 4.0, 0.0 ],
									"rotationX": -22.5,
									"faces": {
										"north": { "texture": "#iron", "uv": [ 0.0, 0.0, 1.0, 1.0 ] },
										"east": { "texture": "#iron", "uv": [ 0.0, 0.0, 0.5, 1.0 ] },
										"south": { "texture": "#iron", "uv": [ 0.0, 0.0, 1.0, 1.0 ] },
										"west": { "texture": "#iron", "uv": [ 0.0, 0.0, 0.5, 1.0 ] },
										"up": { "texture": "#iron", "uv": [ 0.0, 0.0, 1.0, 0.5 ] },
										"down": { "texture": "#iron", "uv": [ 0.0, 0.0, 1.0, 0.5 ] }
									}
								},
								{
									"name": "Cube30",
									"from": [ -1.2, 3.01, -0.05 ], 
									"to": [ 2.2, 3.61, 0.25 ], 
									"rotationOrigin": [ -0.1, 3.0, -1.0 ],
									"faces": {
										"north": { "texture": "#iron", "uv": [ 0.0, 0.0, 3.0, 0.5 ] },
										"east": { "texture": "#iron", "uv": [ 0.0, 0.0, 0.5, 0.5 ] },
										"south": { "texture": "#iron", "uv": [ 0.0, 0.0, 3.0, 0.5 ] },
										"west": { "texture": "#iron", "uv": [ 0.0, 0.0, 0.5, 0.5 ] },
										"up": { "texture": "#iron", "uv": [ 0.0, 0.0, 3.0, 0.5 ] },
										"down": { "texture": "#iron", "uv": [ 0.0, 0.0, 3.0, 0.5 ] }
									}
								}
							]
						}
					]
				},
				{
					"name": "Cube11",
					"from": [ 1.5, 0.4, 3.8 ], 
					"to": [ 2.5, 1.5, 4.0 ], 
					"rotationOrigin": [ 1.5, 0.4, 3.8 ],
					"rotationX": 45.0,
					"faces": {
						"north": { "texture": "#iron", "uv": [ 0.0, 0.0, 1.0, 1.0 ] },
						"east": { "texture": "#iron", "uv": [ 0.0, 0.0, 0.5, 1.0 ] },
						"south": { "texture": "#iron", "uv": [ 0.0, 0.0, 1.0, 1.0 ] },
						"west": { "texture": "#iron", "uv": [ 0.0, 0.0, 0.5, 1.0 ] },
						"up": { "texture": "#iron", "uv": [ 0.0, 0.0, 1.0, 0.5 ] },
						"down": { "texture": "#iron", "uv": [ 0.0, 0.0, 1.0, 0.5 ] }
					},
					"children": [
						{
							"name": "Cube12",
							"from": [ 0.0, 1.0, 0.0 ], 
							"to": [ 1.0, 5.1, 0.2 ], 
							"rotationOrigin": [ 0.0, 1.0, 0.0 ],
							"rotationX": -22.5,
							"faces": {
								"north": { "texture": "#iron", "uv": [ 0.0, 0.0, 1.0, 4.0 ] },
								"east": { "texture": "#iron", "uv": [ 0.0, 0.0, 0.5, 4.0 ] },
								"south": { "texture": "#iron", "uv": [ 0.0, 0.0, 1.0, 4.0 ] },
								"west": { "texture": "#iron", "uv": [ 0.0, 0.0, 0.5, 4.0 ] },
								"up": { "texture": "#iron", "uv": [ 0.0, 0.0, 1.0, 0.5 ] },
								"down": { "texture": "#iron", "uv": [ 0.0, 0.0, 1.0, 0.5 ] }
							},
							"children": [
								{
									"name": "Cube13",
									"from": [ 0.0, 4.0, 0.0 ], 
									"to": [ 1.0, 5.0, 0.2 ], 
									"rotationOrigin": [ 0.0, 4.0, 0.0 ],
									"rotationX": 22.5,
									"faces": {
										"north": { "texture": "#iron", "uv": [ 0.0, 0.0, 1.0, 1.0 ] },
										"east": { "texture": "#iron", "uv": [ 0.0, 0.0, 0.5, 1.0 ] },
										"south": { "texture": "#iron", "uv": [ 0.0, 0.0, 1.0, 1.0 ] },
										"west": { "texture": "#iron", "uv": [ 0.0, 0.0, 0.5, 1.0 ] },
										"up": { "texture": "#iron", "uv": [ 0.0, 0.0, 1.0, 0.5 ] },
										"down": { "texture": "#iron", "uv": [ 0.0, 0.0, 1.0, 0.5 ] }
									}
								},
								{
									"name": "Cube31",
									"from": [ -1.2, 3.01, -0.05 ], 
									"to": [ 2.2, 3.61, 0.25 ], 
									"rotationOrigin": [ -1.2, 3.0, -1.0 ],
									"faces": {
										"north": { "texture": "#iron", "uv": [ 0.0, 0.0, 3.0, 0.5 ] },
										"east": { "texture": "#iron", "uv": [ 0.0, 0.0, 0.5, 0.5 ] },
										"south": { "texture": "#iron", "uv": [ 0.0, 0.0, 3.0, 0.5 ] },
										"west": { "texture": "#iron", "uv": [ 0.0, 0.0, 0.5, 0.5 ] },
										"up": { "texture": "#iron", "uv": [ 0.0, 0.0, 3.0, 0.5 ] },
										"down": { "texture": "#iron", "uv": [ 0.0, 0.0, 3.0, 0.5 ] }
									}
								}
							]
						}
					]
				},
				{
					"name": "Cube35",
					"from": [ 1.5, 0.0, 0.4 ], 
					"to": [ 2.7, 2.0, 0.8 ], 
					"rotationOrigin": [ 1.5, 0.0, 0.4 ],
					"rotationX": -157.5,
					"faces": {
						"north": { "texture": "#iron", "uv": [ 0.0, 0.0, 1.0, 2.0 ] },
						"east": { "texture": "#iron", "uv": [ 0.0, 0.0, 0.5, 2.0 ] },
						"south": { "texture": "#iron", "uv": [ 0.0, 0.0, 1.0, 2.0 ] },
						"west": { "texture": "#iron", "uv": [ 0.0, 0.0, 0.5, 2.0 ] },
						"up": { "texture": "#iron", "uv": [ 0.0, 0.0, 1.0, 0.5 ] },
						"down": { "texture": "#iron", "uv": [ 0.0, 0.0, 1.0, 0.5 ] }
					},
					"children": [
						{
							"name": "Cube36",
							"from": [ -0.2, 2.2, 0.0 ], 
							"to": [ 1.4, 3.7, 0.4 ], 
							"rotationOrigin": [ -0.2, 2.2, 0.0 ],
							"rotationX": 67.5,
							"faces": {
								"north": { "texture": "#iron", "uv": [ 0.0, 0.0, 1.5, 1.5 ] },
								"east": { "texture": "#iron", "uv": [ 0.0, 0.0, 0.5, 1.5 ] },
								"south": { "texture": "#iron", "uv": [ 0.0, 0.0, 1.5, 1.5 ] },
								"west": { "texture": "#iron", "uv": [ 0.0, 0.0, 0.5, 1.5 ] },
								"up": { "texture": "#iron", "uv": [ 0.0, 0.0, 1.5, 0.5 ] },
								"down": { "texture": "#iron", "uv": [ 0.0, 0.0, 1.5, 0.5 ] }
							}
						}
					]
				},
				{
					"name": "Cube37",
					"from": [ 2.6, 0.0, 3.6 ], 
					"to": [ 3.8, 2.0, 4.0 ], 
					"rotationOrigin": [ 2.6, 0.0, 3.6 ],
					"rotationX": 157.5,
					"rotationY": 180.0,
					"faces": {
						"north": { "texture": "#iron", "uv": [ 0.0, 0.0, 1.0, 2.0 ] },
						"east": { "texture": "#iron", "uv": [ 0.0, 0.0, 0.5, 2.0 ] },
						"south": { "texture": "#iron", "uv": [ 0.0, 0.0, 1.0, 2.0 ] },
						"west": { "texture": "#iron", "uv": [ 0.0, 0.0, 0.5, 2.0 ] },
						"up": { "texture": "#iron", "uv": [ 0.0, 0.0, 1.0, 0.5 ] },
						"down": { "texture": "#iron", "uv": [ 0.0, 0.0, 1.0, 0.5 ] }
					},
					"children": [
						{
							"name": "Cube38",
							"from": [ -0.2, 2.2, 0.0 ], 
							"to": [ 1.4, 3.7, 0.4 ], 
							"rotationOrigin": [ -0.2, 2.2, 0.0 ],
							"rotationX": 67.5,
							"faces": {
								"north": { "texture": "#iron", "uv": [ 0.0, 0.0, 1.5, 1.5 ] },
								"east": { "texture": "#iron", "uv": [ 0.0, 0.0, 0.5, 1.5 ] },
								"south": { "texture": "#iron", "uv": [ 0.0, 0.0, 1.5, 1.5 ] },
								"west": { "texture": "#iron", "uv": [ 0.0, 0.0, 0.5, 1.5 ] },
								"up": { "texture": "#iron", "uv": [ 0.0, 0.0, 1.5, 0.5 ] },
								"down": { "texture": "#iron", "uv": [ 0.0, 0.0, 1.5, 0.5 ] }
							}
						}
					]
				},
				{
					"name": "Cube39",
					"from": [ 0.4, 0.0, 1.5 ], 
					"to": [ 0.8, 2.0, 2.7 ], 
					"rotationOrigin": [ 0.4, 0.0, 1.5 ],
					"rotationZ": 157.5,
					"faces": {
						"north": { "texture": "#iron", "uv": [ 0.0, 0.0, 0.5, 2.0 ] },
						"east": { "texture": "#iron", "uv": [ 0.0, 0.0, 1.0, 2.0 ] },
						"south": { "texture": "#iron", "uv": [ 0.0, 0.0, 0.5, 2.0 ] },
						"west": { "texture": "#iron", "uv": [ 0.0, 0.0, 1.0, 2.0 ] },
						"up": { "texture": "#iron", "uv": [ 0.0, 0.0, 0.5, 1.0 ] },
						"down": { "texture": "#iron", "uv": [ 0.0, 0.0, 0.5, 1.0 ] }
					},
					"children": [
						{
							"name": "Cube40",
							"from": [ 0.0, 2.2, -0.2 ], 
							"to": [ 0.4, 3.7, 1.4 ], 
							"rotationOrigin": [ 0.0, 2.2, -0.2 ],
							"rotationZ": -67.5,
							"faces": {
								"north": { "texture": "#iron", "uv": [ 0.0, 0.0, 0.5, 1.5 ] },
								"east": { "texture": "#iron", "uv": [ 0.0, 0.0, 1.5, 1.5 ] },
								"south": { "texture": "#iron", "uv": [ 0.0, 0.0, 0.5, 1.5 ] },
								"west": { "texture": "#iron", "uv": [ 0.0, 0.0, 1.5, 1.5 ] },
								"up": { "texture": "#iron", "uv": [ 0.0, 0.0, 0.5, 1.5 ] },
								"down": { "texture": "#iron", "uv": [ 0.0, 0.0, 0.5, 1.5 ] }
							}
						}
					]
				},
				{
					"name": "Cube41",
					"from": [ 3.6, 0.0, 2.6 ], 
					"to": [ 4.0, 2.0, 3.8 ], 
					"rotationOrigin": [ 3.6, 0.0, 2.6 ],
					"rotationY": 180.0,
					"rotationZ": 157.5,
					"faces": {
						"north": { "texture": "#iron", "uv": [ 0.0, 0.0, 0.5, 2.0 ] },
						"east": { "texture": "#iron", "uv": [ 0.0, 0.0, 1.0, 2.0 ] },
						"south": { "texture": "#iron", "uv": [ 0.0, 0.0, 0.5, 2.0 ] },
						"west": { "texture": "#iron", "uv": [ 0.0, 0.0, 1.0, 2.0 ] },
						"up": { "texture": "#iron", "uv": [ 0.0, 0.0, 0.5, 1.0 ] },
						"down": { "texture": "#iron", "uv": [ 0.0, 0.0, 0.5, 1.0 ] }
					},
					"children": [
						{
							"name": "Cube42",
							"from": [ 0.0, 2.2, -0.2 ], 
							"to": [ 0.4, 3.7, 1.4 ], 
							"rotationOrigin": [ 0.0, 2.2, -0.2 ],
							"rotationZ": -67.5,
							"faces": {
								"north": { "texture": "#iron", "uv": [ 0.0, 0.0, 0.5, 1.5 ] },
								"east": { "texture": "#iron", "uv": [ 0.0, 0.0, 1.5, 1.5 ] },
								"south": { "texture": "#iron", "uv": [ 0.0, 0.0, 0.5, 1.5 ] },
								"west": { "texture": "#iron", "uv": [ 0.0, 0.0, 1.5, 1.5 ] },
								"up": { "texture": "#iron", "uv": [ 0.0, 0.0, 0.5, 1.5 ] },
								"down": { "texture": "#iron", "uv": [ 0.0, 0.0, 0.5, 1.5 ] }
							}
						}
					]
				},
				{
					"name": "Cube43",
					"from": [ 0.7, 0.5, 0.7 ], 
					"to": [ 3.1, 1.3, 3.3 ], 
					"rotationOrigin": [ 0.7, 0.5, 0.7 ],
					"faces": {
						"north": { "texture": "#fire2", "uv": [ 0.0, 0.0, 2.0, 0.5 ] },
						"east": { "texture": "#fire2", "uv": [ 0.0, 0.0, 2.5, 0.5 ] },
						"south": { "texture": "#fire2", "uv": [ 0.0, 0.0, 2.0, 0.5 ] },
						"west": { "texture": "#fire2", "uv": [ 0.0, 0.0, 2.5, 0.5 ] },
						"up": { "texture": "#fire2", "uv": [ 0.0, 0.0, 2.0, 2.5 ] },
						"down": { "texture": "#null", "uv": [ 0.0, 0.0, 2.0, 2.5 ], "enabled": false }
					},
					"children": [
						{
							"name": "Cube44",
							"from": [ 0.4, 0.8, 0.5 ], 
							"to": [ 2.0, 1.8, 2.0 ], 
							"rotationOrigin": [ 0.4, 0.8, 0.5 ],
							"faces": {
								"north": { "texture": "#fire2", "uv": [ 0.0, 0.0, 1.5, 1.0 ] },
								"east": { "texture": "#fire2", "uv": [ 0.0, 0.0, 1.5, 1.0 ] },
								"south": { "texture": "#fire2", "uv": [ 0.0, 0.0, 1.5, 1.0 ] },
								"west": { "texture": "#fire2", "uv": [ 0.0, 0.0, 1.5, 1.0 ] },
								"up": { "texture": "#fire2", "uv": [ 0.0, 0.0, 1.5, 1.5 ] },
								"down": { "texture": "#null", "uv": [ 0.0, 0.0, 1.5, 1.5 ], "enabled": false }
							}
						},
						{
							"name": "Cube45",
							"from": [ 0.7, 0.8, -1.0 ], 
							"to": [ 1.5, 4.1, -0.2 ], 
							"rotationOrigin": [ 0.7, 0.8, -1.0 ],
							"rotationX": 22.5,
							"rotationY": -22.5,
							"rotationZ": -22.5,
							"faces": {
								"north": { "texture": "#fire2", "uv": [ 0.0, 0.0, 0.5, 3.0 ] },
								"east": { "texture": "#fire2", "uv": [ 0.0, 0.0, 0.5, 3.0 ] },
								"south": { "texture": "#fire2", "uv": [ 0.0, 0.0, 0.5, 3.0 ] },
								"west": { "texture": "#fire2", "uv": [ 0.0, 0.0, 0.5, 3.0 ] },
								"up": { "texture": "#fire2", "uv": [ 0.0, 0.0, 0.5, 0.5 ] },
								"down": { "texture": "#fire2", "uv": [ 0.0, 0.0, 0.5, 0.5 ] }
							}
						},
						{
							"name": "Cube46",
							"from": [ -0.8, 0.6, 1.9 ], 
							"to": [ 0.2, 3.6, 2.9 ], 
							"rotationOrigin": [ -0.8, 0.6, 2.0 ],
							"rotationY": 45.0,
							"rotationZ": -45.0,
							"faces": {
								"north": { "texture": "#fire2", "uv": [ 0.0, 0.0, 1.0, 3.0 ] },
								"east": { "texture": "#fire2", "uv": [ 0.0, 0.0, 1.0, 3.0 ] },
								"south": { "texture": "#fire2", "uv": [ 0.0, 0.0, 1.0, 3.0 ] },
								"west": { "texture": "#fire2", "uv": [ 0.0, 0.0, 1.0, 3.0 ] },
								"up": { "texture": "#fire2", "uv": [ 0.0, 0.0, 1.0, 1.0 ] },
								"down": { "texture": "#fire2", "uv": [ 0.0, 0.0, 1.0, 1.0 ] }
							}
						},
						{
							"name": "Cube47",
							"from": [ 2.7, 0.0, 1.3 ], 
							"to": [ 3.4, 3.0, 2.4 ], 
							"rotationOrigin": [ 2.7, 0.0, 1.3 ],
							"rotationY": -22.5,
							"rotationZ": 22.5,
							"faces": {
								"north": { "texture": "#fire2", "uv": [ 0.0, 0.0, 0.5, 3.0 ] },
								"east": { "texture": "#fire2", "uv": [ 0.0, 0.0, 1.0, 3.0 ] },
								"south": { "texture": "#fire2", "uv": [ 0.0, 0.0, 0.5, 3.0 ] },
								"west": { "texture": "#fire2", "uv": [ 0.0, 0.0, 1.0, 3.0 ] },
								"up": { "texture": "#fire2", "uv": [ 0.0, 0.0, 0.5, 1.0 ] },
								"down": { "texture": "#fire2", "uv": [ 0.0, 0.0, 0.5, 1.0 ] }
							}
						}
					]
				}
			]
		},
		{
			"name": "Cube14",
			"from": [ 6.0, 1.9, 6.0 ], 
			"to": [ 10.0, 2.5, 10.0 ], 
			"rotationOrigin": [ 8.0, 1.9, 8.0 ],
			"rotationY": -45.0,
			"faces": {
				"north": { "texture": "#iron", "uv": [ 0.0, 0.0, 4.0, 0.5 ] },
				"east": { "texture": "#iron", "uv": [ 0.0, 0.0, 4.0, 0.5 ] },
				"south": { "texture": "#iron", "uv": [ 0.0, 0.0, 4.0, 0.5 ] },
				"west": { "texture": "#iron", "uv": [ 0.0, 0.0, 4.0, 0.5 ] },
				"up": { "texture": "#iron", "uv": [ 0.0, 0.0, 4.0, 4.0 ] },
				"down": { "texture": "#iron", "uv": [ 0.0, 0.0, 4.0, 4.0 ] }
			},
			"children": [
				{
					"name": "Cube15",
					"from": [ 0.0, 0.4, 1.5 ], 
					"to": [ 0.2, 1.5, 2.5 ], 
					"rotationOrigin": [ 0.0, 0.4, 1.5 ],
					"rotationZ": 45.0,
					"faces": {
						"north": { "texture": "#iron", "uv": [ 0.0, 0.0, 0.5, 1.0 ] },
						"east": { "texture": "#iron", "uv": [ 0.0, 0.0, 1.0, 1.0 ] },
						"south": { "texture": "#iron", "uv": [ 0.0, 0.0, 0.5, 1.0 ] },
						"west": { "texture": "#iron", "uv": [ 0.0, 0.0, 1.0, 1.0 ] },
						"up": { "texture": "#iron", "uv": [ 0.0, 0.0, 0.5, 1.0 ] },
						"down": { "texture": "#iron", "uv": [ 0.0, 0.0, 0.5, 1.0 ] }
					},
					"children": [
						{
							"name": "Cube16",
							"from": [ 0.0, 1.0, 0.0 ], 
							"to": [ 0.2, 5.1, 1.0 ], 
							"rotationOrigin": [ 0.0, 1.0, 0.0 ],
							"rotationZ": -22.5,
							"faces": {
								"north": { "texture": "#iron", "uv": [ 0.0, 0.0, 0.5, 4.0 ] },
								"east": { "texture": "#iron", "uv": [ 0.0, 0.0, 1.0, 4.0 ] },
								"south": { "texture": "#iron", "uv": [ 0.0, 0.0, 0.5, 4.0 ] },
								"west": { "texture": "#iron", "uv": [ 0.0, 0.0, 1.0, 4.0 ] },
								"up": { "texture": "#iron", "uv": [ 0.0, 0.0, 0.5, 1.0 ] },
								"down": { "texture": "#iron", "uv": [ 0.0, 0.0, 0.5, 1.0 ] }
							},
							"children": [
								{
									"name": "Cube17",
									"from": [ 0.0, 4.0, 0.0 ], 
									"to": [ 0.2, 5.0, 1.0 ], 
									"rotationOrigin": [ 0.0, 4.0, 0.0 ],
									"rotationZ": 22.5,
									"faces": {
										"north": { "texture": "#iron", "uv": [ 0.0, 0.0, 0.5, 1.0 ] },
										"east": { "texture": "#iron", "uv": [ 0.0, 0.0, 1.0, 1.0 ] },
										"south": { "texture": "#iron", "uv": [ 0.0, 0.0, 0.5, 1.0 ] },
										"west": { "texture": "#iron", "uv": [ 0.0, 0.0, 1.0, 1.0 ] },
										"up": { "texture": "#iron", "uv": [ 0.0, 0.0, 0.5, 1.0 ] },
										"down": { "texture": "#iron", "uv": [ 0.0, 0.0, 0.5, 1.0 ] }
									}
								},
								{
									"name": "Cube28",
									"from": [ -0.05, 3.0, -1.2 ], 
									"to": [ 0.25, 3.6, 2.2 ], 
									"rotationOrigin": [ -0.2, 3.0, -1.3 ],
									"faces": {
										"north": { "texture": "#iron", "uv": [ 0.0, 0.0, 0.5, 0.5 ] },
										"east": { "texture": "#iron", "uv": [ 0.0, 0.0, 3.0, 0.5 ] },
										"south": { "texture": "#iron", "uv": [ 0.0, 0.0, 0.5, 0.5 ] },
										"west": { "texture": "#iron", "uv": [ 0.0, 0.0, 3.0, 0.5 ] },
										"up": { "texture": "#iron", "uv": [ 0.0, 0.0, 0.5, 3.0 ] },
										"down": { "texture": "#iron", "uv": [ 0.0, 0.0, 0.5, 3.0 ] }
									}
								}
							]
						}
					]
				},
				{
					"name": "Cube18",
					"from": [ 3.8, 0.5, 1.5 ], 
					"to": [ 4.0, 1.6, 2.5 ], 
					"rotationOrigin": [ 3.8, 0.5, 1.5 ],
					"rotationZ": -45.0,
					"faces": {
						"north": { "texture": "#iron", "uv": [ 0.0, 0.0, 0.5, 1.0 ] },
						"east": { "texture": "#iron", "uv": [ 0.0, 0.0, 1.0, 1.0 ] },
						"south": { "texture": "#iron", "uv": [ 0.0, 0.0, 0.5, 1.0 ] },
						"west": { "texture": "#iron", "uv": [ 0.0, 0.0, 1.0, 1.0 ] },
						"up": { "texture": "#iron", "uv": [ 0.0, 0.0, 0.5, 1.0 ] },
						"down": { "texture": "#iron", "uv": [ 0.0, 0.0, 0.5, 1.0 ] }
					},
					"children": [
						{
							"name": "Cube19",
							"from": [ 0.0, 1.0, 0.0 ], 
							"to": [ 0.2, 5.1, 1.0 ], 
							"rotationOrigin": [ 0.0, 1.0, 0.0 ],
							"rotationZ": 22.5,
							"faces": {
								"north": { "texture": "#iron", "uv": [ 0.0, 0.0, 0.5, 4.0 ] },
								"east": { "texture": "#iron", "uv": [ 0.0, 0.0, 1.0, 4.0 ] },
								"south": { "texture": "#iron", "uv": [ 0.0, 0.0, 0.5, 4.0 ] },
								"west": { "texture": "#iron", "uv": [ 0.0, 0.0, 1.0, 4.0 ] },
								"up": { "texture": "#iron", "uv": [ 0.0, 0.0, 0.5, 1.0 ] },
								"down": { "texture": "#iron", "uv": [ 0.0, 0.0, 0.5, 1.0 ] }
							},
							"children": [
								{
									"name": "Cube20",
									"from": [ 0.0, 4.0, 0.0 ], 
									"to": [ 0.2, 5.0, 1.0 ], 
									"rotationOrigin": [ 0.0, 4.0, 0.0 ],
									"rotationZ": -22.5,
									"faces": {
										"north": { "texture": "#iron", "uv": [ 0.0, 0.0, 0.5, 1.0 ] },
										"east": { "texture": "#iron", "uv": [ 0.0, 0.0, 1.0, 1.0 ] },
										"south": { "texture": "#iron", "uv": [ 0.0, 0.0, 0.5, 1.0 ] },
										"west": { "texture": "#iron", "uv": [ 0.0, 0.0, 1.0, 1.0 ] },
										"up": { "texture": "#iron", "uv": [ 0.0, 0.0, 0.5, 1.0 ] },
										"down": { "texture": "#iron", "uv": [ 0.0, 0.0, 0.5, 1.0 ] }
									}
								},
								{
									"name": "Cube32",
									"from": [ -0.05, 3.0, -1.2 ], 
									"to": [ 0.25, 3.6, 2.2 ], 
									"rotationOrigin": [ -1.0, 3.0, -1.2 ],
									"faces": {
										"north": { "texture": "#iron", "uv": [ 0.0, 0.0, 0.5, 0.5 ] },
										"east": { "texture": "#iron", "uv": [ 0.0, 0.0, 3.0, 0.5 ] },
										"south": { "texture": "#iron", "uv": [ 0.0, 0.0, 0.5, 0.5 ] },
										"west": { "texture": "#iron", "uv": [ 0.0, 0.0, 3.0, 0.5 ] },
										"up": { "texture": "#iron", "uv": [ 0.0, 0.0, 0.5, 3.0 ] },
										"down": { "texture": "#iron", "uv": [ 0.0, 0.0, 0.5, 3.0 ] }
									}
								}
							]
						}
					]
				},
				{
					"name": "Cube21",
					"from": [ 1.5, 0.4, 0.0 ], 
					"to": [ 2.5, 1.5, 0.2 ], 
					"rotationOrigin": [ 1.5, 0.4, 0.0 ],
					"rotationX": -45.0,
					"faces": {
						"north": { "texture": "#iron", "uv": [ 0.0, 0.0, 1.0, 1.0 ] },
						"east": { "texture": "#iron", "uv": [ 0.0, 0.0, 0.5, 1.0 ] },
						"south": { "texture": "#iron", "uv": [ 0.0, 0.0, 1.0, 1.0 ] },
						"west": { "texture": "#iron", "uv": [ 0.0, 0.0, 0.5, 1.0 ] },
						"up": { "texture": "#iron", "uv": [ 0.0, 0.0, 1.0, 0.5 ] },
						"down": { "texture": "#iron", "uv": [ 0.0, 0.0, 1.0, 0.5 ] }
					},
					"children": [
						{
							"name": "Cube22",
							"from": [ 0.0, 1.0, 0.0 ], 
							"to": [ 1.0, 5.1, 0.2 ], 
							"rotationOrigin": [ 0.0, 1.0, 0.0 ],
							"rotationX": 22.5,
							"faces": {
								"north": { "texture": "#iron", "uv": [ 0.0, 0.0, 1.0, 4.0 ] },
								"east": { "texture": "#iron", "uv": [ 0.0, 0.0, 0.5, 4.0 ] },
								"south": { "texture": "#iron", "uv": [ 0.0, 0.0, 1.0, 4.0 ] },
								"west": { "texture": "#iron", "uv": [ 0.0, 0.0, 0.5, 4.0 ] },
								"up": { "texture": "#iron", "uv": [ 0.0, 0.0, 1.0, 0.5 ] },
								"down": { "texture": "#iron", "uv": [ 0.0, 0.0, 1.0, 0.5 ] }
							},
							"children": [
								{
									"name": "Cube23",
									"from": [ 0.0, 4.0, 0.0 ], 
									"to": [ 1.0, 5.0, 0.2 ], 
									"rotationOrigin": [ 0.0, 4.0, 0.0 ],
									"rotationX": -22.5,
									"faces": {
										"north": { "texture": "#iron", "uv": [ 0.0, 0.0, 1.0, 1.0 ] },
										"east": { "texture": "#iron", "uv": [ 0.0, 0.0, 0.5, 1.0 ] },
										"south": { "texture": "#iron", "uv": [ 0.0, 0.0, 1.0, 1.0 ] },
										"west": { "texture": "#iron", "uv": [ 0.0, 0.0, 0.5, 1.0 ] },
										"up": { "texture": "#iron", "uv": [ 0.0, 0.0, 1.0, 0.5 ] },
										"down": { "texture": "#iron", "uv": [ 0.0, 0.0, 1.0, 0.5 ] }
									}
								},
								{
									"name": "Cube33",
									"from": [ -1.2, 3.0, -0.05 ], 
									"to": [ 2.2, 3.6, 0.25 ], 
									"rotationOrigin": [ -1.2, 3.0, 0.0 ],
									"faces": {
										"north": { "texture": "#iron", "uv": [ 0.0, 0.0, 3.0, 0.5 ] },
										"east": { "texture": "#iron", "uv": [ 0.0, 0.0, 0.5, 0.5 ] },
										"south": { "texture": "#iron", "uv": [ 0.0, 0.0, 3.0, 0.5 ] },
										"west": { "texture": "#iron", "uv": [ 0.0, 0.0, 0.5, 0.5 ] },
										"up": { "texture": "#iron", "uv": [ 0.0, 0.0, 3.0, 0.5 ] },
										"down": { "texture": "#iron", "uv": [ 0.0, 0.0, 3.0, 0.5 ] }
									}
								}
							]
						}
					]
				},
				{
					"name": "Cube24",
					"from": [ 1.5, 0.5, 3.9 ], 
					"to": [ 2.5, 1.6, 4.1 ], 
					"rotationOrigin": [ 1.5, 0.6, 3.9 ],
					"rotationX": 45.0,
					"faces": {
						"north": { "texture": "#iron", "uv": [ 0.0, 0.0, 1.0, 1.0 ] },
						"east": { "texture": "#iron", "uv": [ 0.0, 0.0, 0.5, 1.0 ] },
						"south": { "texture": "#iron", "uv": [ 0.0, 0.0, 1.0, 1.0 ] },
						"west": { "texture": "#iron", "uv": [ 0.0, 0.0, 0.5, 1.0 ] },
						"up": { "texture": "#iron", "uv": [ 0.0, 0.0, 1.0, 0.5 ] },
						"down": { "texture": "#iron", "uv": [ 0.0, 0.0, 1.0, 0.5 ] }
					},
					"children": [
						{
							"name": "Cube25",
							"from": [ 0.0, 1.0, 0.0 ], 
							"to": [ 1.0, 5.1, 0.2 ], 
							"rotationOrigin": [ 0.0, 1.0, 0.0 ],
							"rotationX": -22.5,
							"faces": {
								"north": { "texture": "#iron", "uv": [ 0.0, 0.0, 1.0, 4.0 ] },
								"east": { "texture": "#iron", "uv": [ 0.0, 0.0, 0.5, 4.0 ] },
								"south": { "texture": "#iron", "uv": [ 0.0, 0.0, 1.0, 4.0 ] },
								"west": { "texture": "#iron", "uv": [ 0.0, 0.0, 0.5, 4.0 ] },
								"up": { "texture": "#iron", "uv": [ 0.0, 0.0, 1.0, 0.5 ] },
								"down": { "texture": "#iron", "uv": [ 0.0, 0.0, 1.0, 0.5 ] }
							},
							"children": [
								{
									"name": "Cube26",
									"from": [ 0.0, 4.0, 0.0 ], 
									"to": [ 1.0, 5.0, 0.2 ], 
									"rotationOrigin": [ 0.0, 4.0, 0.0 ],
									"rotationX": 22.5,
									"faces": {
										"north": { "texture": "#iron", "uv": [ 0.0, 0.0, 1.0, 1.0 ] },
										"east": { "texture": "#iron", "uv": [ 0.0, 0.0, 0.5, 1.0 ] },
										"south": { "texture": "#iron", "uv": [ 0.0, 0.0, 1.0, 1.0 ] },
										"west": { "texture": "#iron", "uv": [ 0.0, 0.0, 0.5, 1.0 ] },
										"up": { "texture": "#iron", "uv": [ 0.0, 0.0, 1.0, 0.5 ] },
										"down": { "texture": "#iron", "uv": [ 0.0, 0.0, 1.0, 0.5 ] }
									}
								},
								{
									"name": "Cube34",
									"from": [ -1.2, 3.0, -0.05 ], 
									"to": [ 2.2, 3.6, 0.25 ], 
									"rotationOrigin": [ -1.2, 3.0, -0.1 ],
									"faces": {
										"north": { "texture": "#iron", "uv": [ 0.0, 0.0, 3.0, 0.5 ] },
										"east": { "texture": "#iron", "uv": [ 0.0, 0.0, 0.5, 0.5 ] },
										"south": { "texture": "#iron", "uv": [ 0.0, 0.0, 3.0, 0.5 ] },
										"west": { "texture": "#iron", "uv": [ 0.0, 0.0, 0.5, 0.5 ] },
										"up": { "texture": "#iron", "uv": [ 0.0, 0.0, 3.0, 0.5 ] },
										"down": { "texture": "#iron", "uv": [ 0.0, 0.0, 3.0, 0.5 ] }
									}
								}
							]
						}
					]
				}
			]
		}
	]}