{
	"editor": {
		"allAngles": false,
		"entityTextureMode": false
	},
	"textureWidth": 16,
	"textureHeight": 16,
	"textureSizes": {
	},
	"textures": {
		"metal": "game:item/resource/plate/molybdochalkos",
		"ember": "game:block/coal/ember"
	},
	"elements": [
		{
			"name": "Cube1",
			"from": [ 2.0, 2.0, 2.0 ], 
			"to": [ 14.0, 3.0, 14.0 ], 
			"rotationOrigin": [ 2.0, 2.0, 2.0 ],
			"faces": {
				"north": { "texture": "#metal", "uv": [ 0.0, 0.0, 12.0, 1.0 ] },
				"east": { "texture": "#metal", "uv": [ 0.0, 0.0, 12.0, 1.0 ] },
				"south": { "texture": "#metal", "uv": [ 0.0, 0.0, 12.0, 1.0 ] },
				"west": { "texture": "#metal", "uv": [ 0.0, 0.0, 12.0, 1.0 ] },
				"up": { "texture": "#metal", "uv": [ 0.0, 0.0, 12.0, 12.0 ] },
				"down": { "texture": "#metal", "uv": [ 0.0, 0.0, 12.0, 12.0 ] }
			},
			"children": [
				{
					"name": "Cube2",
					"from": [ 0.0, -2.0, 0.0 ], 
					"to": [ 2.0, 0.0, 2.0 ], 
					"rotationOrigin": [ 0.0, -2.0, 0.0 ],
					"faces": {
						"north": { "texture": "#metal", "uv": [ 0.0, 0.0, 2.0, 2.0 ] },
						"east": { "texture": "#metal", "uv": [ 0.0, 0.0, 2.0, 2.0 ] },
						"south": { "texture": "#metal", "uv": [ 0.0, 0.0, 2.0, 2.0 ] },
						"west": { "texture": "#metal", "uv": [ 0.0, 0.0, 2.0, 2.0 ] },
						"up": { "texture": "#null", "uv": [ 0.0, 0.0, 2.0, 2.0 ], "enabled": false },
						"down": { "texture": "#metal", "uv": [ 0.0, 0.0, 2.0, 2.0 ] }
					}
				},
				{
					"name": "Cube3",
					"from": [ 10.0, -2.0, 0.0 ], 
					"to": [ 12.0, 0.0, 2.0 ], 
					"rotationOrigin": [ 10.0, -2.0, 0.0 ],
					"faces": {
						"north": { "texture": "#metal", "uv": [ 0.0, 0.0, 2.0, 2.0 ] },
						"east": { "texture": "#metal", "uv": [ 0.0, 0.0, 2.0, 2.0 ] },
						"south": { "texture": "#metal", "uv": [ 0.0, 0.0, 2.0, 2.0 ] },
						"west": { "texture": "#metal", "uv": [ 0.0, 0.0, 2.0, 2.0 ] },
						"up": { "texture": "#null", "uv": [ 0.0, 0.0, 2.0, 2.0 ], "enabled": false },
						"down": { "texture": "#metal", "uv": [ 0.0, 0.0, 2.0, 2.0 ] }
					}
				},
				{
					"name": "Cube4",
					"from": [ 10.0, -2.0, 10.0 ], 
					"to": [ 12.0, 0.0, 12.0 ], 
					"rotationOrigin": [ 10.0, -2.0, 10.0 ],
					"faces": {
						"north": { "texture": "#metal", "uv": [ 0.0, 0.0, 2.0, 2.0 ] },
						"east": { "texture": "#metal", "uv": [ 0.0, 0.0, 2.0, 2.0 ] },
						"south": { "texture": "#metal", "uv": [ 0.0, 0.0, 2.0, 2.0 ] },
						"west": { "texture": "#metal", "uv": [ 0.0, 0.0, 2.0, 2.0 ] },
						"up": { "texture": "#null", "uv": [ 0.0, 0.0, 2.0, 2.0 ], "enabled": false },
						"down": { "texture": "#metal", "uv": [ 0.0, 0.0, 2.0, 2.0 ] }
					}
				},
				{
					"name": "Cube5",
					"from": [ 0.0, -2.0, 10.0 ], 
					"to": [ 2.0, 0.0, 12.0 ], 
					"rotationOrigin": [ 0.0, -2.0, 10.0 ],
					"faces": {
						"north": { "texture": "#metal", "uv": [ 0.0, 0.0, 2.0, 2.0 ] },
						"east": { "texture": "#metal", "uv": [ 0.0, 0.0, 2.0, 2.0 ] },
						"south": { "texture": "#metal", "uv": [ 0.0, 0.0, 2.0, 2.0 ] },
						"west": { "texture": "#metal", "uv": [ 0.0, 0.0, 2.0, 2.0 ] },
						"up": { "texture": "#null", "uv": [ 0.0, 0.0, 2.0, 2.0 ], "enabled": false },
						"down": { "texture": "#metal", "uv": [ 0.0, 0.0, 2.0, 2.0 ] }
					}
				},
				{
					"name": "Cube6",
					"from": [ 0.0, 1.0, 0.0 ], 
					"to": [ 2.0, 10.0, 1.0 ], 
					"rotationOrigin": [ 0.0, 1.0, 0.0 ],
					"faces": {
						"north": { "texture": "#metal", "uv": [ 0.0, 0.0, 2.0, 9.0 ] },
						"east": { "texture": "#metal", "uv": [ 0.0, 0.0, 1.0, 9.0 ] },
						"south": { "texture": "#metal", "uv": [ 0.0, 0.0, 2.0, 9.0 ] },
						"west": { "texture": "#metal", "uv": [ 0.0, 0.0, 1.0, 9.0 ] },
						"up": { "texture": "#null", "uv": [ 0.0, 0.0, 2.0, 1.0 ], "enabled": false },
						"down": { "texture": "#null", "uv": [ 0.0, 0.0, 2.0, 1.0 ], "enabled": false }
					}
				},
				{
					"name": "Cube7",
					"from": [ 10.0, 1.0, 0.0 ], 
					"to": [ 12.0, 10.0, 1.0 ], 
					"rotationOrigin": [ 10.0, 1.0, 0.0 ],
					"faces": {
						"north": { "texture": "#metal", "uv": [ 0.0, 0.0, 2.0, 9.0 ] },
						"east": { "texture": "#metal", "uv": [ 0.0, 0.0, 1.0, 9.0 ] },
						"south": { "texture": "#metal", "uv": [ 0.0, 0.0, 2.0, 9.0 ] },
						"west": { "texture": "#metal", "uv": [ 0.0, 0.0, 1.0, 9.0 ] },
						"up": { "texture": "#null", "uv": [ 0.0, 0.0, 2.0, 1.0 ], "enabled": false },
						"down": { "texture": "#null", "uv": [ 0.0, 0.0, 2.0, 1.0 ], "enabled": false }
					}
				},
				{
					"name": "Cube8",
					"from": [ 10.0, 1.0, 11.0 ], 
					"to": [ 12.0, 10.0, 12.0 ], 
					"rotationOrigin": [ 10.0, 1.0, 11.0 ],
					"faces": {
						"north": { "texture": "#metal", "uv": [ 0.0, 0.0, 2.0, 9.0 ] },
						"east": { "texture": "#metal", "uv": [ 0.0, 0.0, 1.0, 9.0 ] },
						"south": { "texture": "#metal", "uv": [ 0.0, 0.0, 2.0, 9.0 ] },
						"west": { "texture": "#metal", "uv": [ 0.0, 0.0, 1.0, 9.0 ] },
						"up": { "texture": "#null", "uv": [ 0.0, 0.0, 2.0, 1.0 ], "enabled": false },
						"down": { "texture": "#null", "uv": [ 0.0, 0.0, 2.0, 1.0 ], "enabled": false }
					}
				},
				{
					"name": "Cube9",
					"from": [ 0.0, 1.0, 11.0 ], 
					"to": [ 2.0, 10.0, 12.0 ], 
					"rotationOrigin": [ 0.0, 1.0, 11.0 ],
					"faces": {
						"north": { "texture": "#metal", "uv": [ 0.0, 0.0, 2.0, 9.0 ] },
						"east": { "texture": "#metal", "uv": [ 0.0, 0.0, 1.0, 9.0 ] },
						"south": { "texture": "#metal", "uv": [ 0.0, 0.0, 2.0, 9.0 ] },
						"west": { "texture": "#metal", "uv": [ 0.0, 0.0, 1.0, 9.0 ] },
						"up": { "texture": "#null", "uv": [ 0.0, 0.0, 2.0, 1.0 ], "enabled": false },
						"down": { "texture": "#null", "uv": [ 0.0, 0.0, 2.0, 1.0 ], "enabled": false }
					}
				},
				{
					"name": "Cube10",
					"from": [ 0.0, 1.0, 1.0 ], 
					"to": [ 1.0, 10.0, 2.0 ], 
					"rotationOrigin": [ 0.0, 1.0, 1.0 ],
					"faces": {
						"north": { "texture": "#null", "uv": [ 0.0, 0.0, 1.0, 9.0 ], "enabled": false },
						"east": { "texture": "#metal", "uv": [ 0.0, 0.0, 1.0, 9.0 ] },
						"south": { "texture": "#metal", "uv": [ 0.0, 0.0, 1.0, 9.0 ] },
						"west": { "texture": "#metal", "uv": [ 0.0, 0.0, 1.0, 9.0 ] },
						"up": { "texture": "#null", "uv": [ 0.0, 0.0, 1.0, 1.0 ], "enabled": false },
						"down": { "texture": "#null", "uv": [ 0.0, 0.0, 1.0, 1.0 ], "enabled": false }
					}
				},
				{
					"name": "Cube11",
					"from": [ 11.0, 1.0, 1.0 ], 
					"to": [ 12.0, 10.0, 2.0 ], 
					"rotationOrigin": [ 11.0, 1.0, 1.0 ],
					"faces": {
						"north": { "texture": "#null", "uv": [ 0.0, 0.0, 1.0, 9.0 ], "enabled": false },
						"east": { "texture": "#metal", "uv": [ 0.0, 0.0, 1.0, 9.0 ] },
						"south": { "texture": "#metal", "uv": [ 0.0, 0.0, 1.0, 9.0 ] },
						"west": { "texture": "#metal", "uv": [ 0.0, 0.0, 1.0, 9.0 ] },
						"up": { "texture": "#null", "uv": [ 0.0, 0.0, 1.0, 1.0 ], "enabled": false },
						"down": { "texture": "#null", "uv": [ 0.0, 0.0, 1.0, 1.0 ], "enabled": false }
					}
				},
				{
					"name": "Cube12",
					"from": [ 11.0, 1.0, 10.0 ], 
					"to": [ 12.0, 10.0, 11.0 ], 
					"rotationOrigin": [ 11.0, 1.0, 10.0 ],
					"faces": {
						"north": { "texture": "#metal", "uv": [ 0.0, 0.0, 1.0, 9.0 ] },
						"east": { "texture": "#metal", "uv": [ 0.0, 0.0, 1.0, 9.0 ] },
						"south": { "texture": "#null", "uv": [ 0.0, 0.0, 1.0, 9.0 ], "enabled": false },
						"west": { "texture": "#metal", "uv": [ 0.0, 0.0, 1.0, 9.0 ] },
						"up": { "texture": "#null", "uv": [ 0.0, 0.0, 1.0, 1.0 ], "enabled": false },
						"down": { "texture": "#null", "uv": [ 0.0, 0.0, 1.0, 1.0 ], "enabled": false }
					}
				},
				{
					"name": "Cube13",
					"from": [ 0.0, 1.0, 10.0 ], 
					"to": [ 1.0, 10.0, 11.0 ], 
					"rotationOrigin": [ 0.0, 1.0, 10.0 ],
					"faces": {
						"north": { "texture": "#metal", "uv": [ 0.0, 0.0, 1.0, 9.0 ] },
						"east": { "texture": "#metal", "uv": [ 0.0, 0.0, 1.0, 9.0 ] },
						"south": { "texture": "#null", "uv": [ 0.0, 0.0, 1.0, 9.0 ], "enabled": false },
						"west": { "texture": "#metal", "uv": [ 0.0, 0.0, 1.0, 9.0 ] },
						"up": { "texture": "#null", "uv": [ 0.0, 0.0, 1.0, 1.0 ], "enabled": false },
						"down": { "texture": "#null", "uv": [ 0.0, 0.0, 1.0, 1.0 ], "enabled": false }
					}
				},
				{
					"name": "Cube14",
					"from": [ 0.0, 10.0, 0.0 ], 
					"to": [ 11.0, 11.0, 1.0 ], 
					"rotationOrigin": [ 0.0, 10.0, 0.0 ],
					"faces": {
						"north": { "texture": "#metal", "uv": [ 0.0, 0.0, 11.0, 1.0 ] },
						"east": { "texture": "#null", "uv": [ 0.0, 0.0, 1.0, 1.0 ], "enabled": false },
						"south": { "texture": "#metal", "uv": [ 0.0, 0.0, 11.0, 1.0 ] },
						"west": { "texture": "#metal", "uv": [ 0.0, 0.0, 1.0, 1.0 ] },
						"up": { "texture": "#metal", "uv": [ 0.0, 0.0, 11.0, 1.0 ] },
						"down": { "texture": "#metal", "uv": [ 0.0, 0.0, 11.0, 1.0 ] }
					}
				},
				{
					"name": "Cube15",
					"from": [ 0.0, 10.0, 12.0 ], 
					"to": [ 11.0, 11.0, 13.0 ], 
					"rotationOrigin": [ 0.0, 10.0, 12.0 ],
					"rotationY": 90.0,
					"faces": {
						"north": { "texture": "#metal", "uv": [ 0.0, 0.0, 11.0, 1.0 ] },
						"east": { "texture": "#null", "uv": [ 0.0, 0.0, 1.0, 1.0 ], "enabled": false },
						"south": { "texture": "#metal", "uv": [ 0.0, 0.0, 11.0, 1.0 ] },
						"west": { "texture": "#metal", "uv": [ 0.0, 0.0, 1.0, 1.0 ] },
						"up": { "texture": "#metal", "uv": [ 0.0, 0.0, 11.0, 1.0 ] },
						"down": { "texture": "#metal", "uv": [ 0.0, 0.0, 11.0, 1.0 ] }
					}
				},
				{
					"name": "Cube16",
					"from": [ 12.0, 10.0, 12.0 ], 
					"to": [ 23.0, 11.0, 13.0 ], 
					"rotationOrigin": [ 12.0, 10.0, 12.0 ],
					"rotationY": 180.0,
					"faces": {
						"north": { "texture": "#metal", "uv": [ 0.0, 0.0, 11.0, 1.0 ] },
						"east": { "texture": "#null", "uv": [ 0.0, 0.0, 1.0, 1.0 ], "enabled": false },
						"south": { "texture": "#metal", "uv": [ 0.0, 0.0, 11.0, 1.0 ] },
						"west": { "texture": "#metal", "uv": [ 0.0, 0.0, 1.0, 1.0 ] },
						"up": { "texture": "#metal", "uv": [ 0.0, 0.0, 11.0, 1.0 ] },
						"down": { "texture": "#metal", "uv": [ 0.0, 0.0, 11.0, 1.0 ] }
					}
				},
				{
					"name": "Cube17",
					"from": [ 12.0, 10.0, 0.0 ], 
					"to": [ 23.0, 11.0, 1.0 ], 
					"rotationOrigin": [ 12.0, 10.0, 0.0 ],
					"rotationY": -90.0,
					"faces": {
						"north": { "texture": "#metal", "uv": [ 0.0, 0.0, 11.0, 1.0 ] },
						"east": { "texture": "#null", "uv": [ 0.0, 0.0, 1.0, 1.0 ], "enabled": false },
						"south": { "texture": "#metal", "uv": [ 0.0, 0.0, 11.0, 1.0 ] },
						"west": { "texture": "#metal", "uv": [ 0.0, 0.0, 1.0, 1.0 ] },
						"up": { "texture": "#metal", "uv": [ 0.0, 0.0, 11.0, 1.0 ] },
						"down": { "texture": "#metal", "uv": [ 0.0, 0.0, 11.0, 1.0 ] }
					}
				},
				{
					"name": "Cube18",
					"from": [ 3.1, 1.0, 0.3 ], 
					"to": [ 4.3, 10.0, 0.9 ], 
					"rotationOrigin": [ 3.1, 1.0, 0.3 ],
					"faces": {
						"north": { "texture": "#metal", "uv": [ 0.0, 0.0, 1.0, 9.0 ] },
						"east": { "texture": "#metal", "uv": [ 0.0, 0.0, 0.5, 9.0 ], "windMode": [-1,-1,-1,-1] },
						"south": { "texture": "#metal", "uv": [ 0.0, 0.0, 1.0, 9.0 ] },
						"west": { "texture": "#metal", "uv": [ 0.0, 0.0, 0.5, 9.0 ], "windMode": [-1,-1,-1,-1] },
						"up": { "texture": "#null", "uv": [ 0.0, 0.0, 1.0, 0.5 ], "enabled": false },
						"down": { "texture": "#null", "uv": [ 0.0, 0.0, 1.0, 0.5 ], "enabled": false }
					},
					"children": [
						{
							"name": "Cube19",
							"from": [ 2.3, 0.0, 0.0 ], 
							"to": [ 3.5, 9.0, 0.6 ], 
							"rotationOrigin": [ 2.3, 0.0, 0.0 ],
							"faces": {
								"north": { "texture": "#metal", "uv": [ 0.0, 0.0, 1.0, 9.0 ] },
								"east": { "texture": "#metal", "uv": [ 0.0, 0.0, 0.5, 9.0 ], "windMode": [-1,-1,-1,-1] },
								"south": { "texture": "#metal", "uv": [ 0.0, 0.0, 1.0, 9.0 ] },
								"west": { "texture": "#metal", "uv": [ 0.0, 0.0, 0.5, 9.0 ], "windMode": [-1,-1,-1,-1] },
								"up": { "texture": "#null", "uv": [ 0.0, 0.0, 1.0, 0.5 ], "enabled": false },
								"down": { "texture": "#null", "uv": [ 0.0, 0.0, 1.0, 0.5 ], "enabled": false }
							}
						},
						{
							"name": "Cube20",
							"from": [ 4.6, 0.0, 0.0 ], 
							"to": [ 5.8, 9.0, 0.6 ], 
							"rotationOrigin": [ 4.6, 0.0, 0.0 ],
							"faces": {
								"north": { "texture": "#metal", "uv": [ 0.0, 0.0, 1.0, 9.0 ] },
								"east": { "texture": "#metal", "uv": [ 0.0, 0.0, 0.5, 9.0 ], "windMode": [-1,-1,-1,-1] },
								"south": { "texture": "#metal", "uv": [ 0.0, 0.0, 1.0, 9.0 ] },
								"west": { "texture": "#metal", "uv": [ 0.0, 0.0, 0.5, 9.0 ], "windMode": [-1,-1,-1,-1] },
								"up": { "texture": "#null", "uv": [ 0.0, 0.0, 1.0, 0.5 ], "enabled": false },
								"down": { "texture": "#null", "uv": [ 0.0, 0.0, 1.0, 0.5 ], "enabled": false }
							}
						}
					]
				},
				{
					"name": "Cube21",
					"from": [ 0.2, 1.0, 8.9 ], 
					"to": [ 1.4, 10.0, 9.5 ], 
					"rotationOrigin": [ 0.2, 1.0, 8.9 ],
					"rotationY": 90.0,
					"faces": {
						"north": { "texture": "#metal", "uv": [ 0.0, 0.0, 1.0, 9.0 ] },
						"east": { "texture": "#metal", "uv": [ 0.0, 0.0, 0.5, 9.0 ] },
						"south": { "texture": "#metal", "uv": [ 0.0, 0.0, 1.0, 9.0 ] },
						"west": { "texture": "#metal", "uv": [ 0.0, 0.0, 0.5, 9.0 ] },
						"up": { "texture": "#null", "uv": [ 0.0, 0.0, 1.0, 0.5 ], "enabled": false },
						"down": { "texture": "#null", "uv": [ 0.0, 0.0, 1.0, 0.5 ], "enabled": false }
					},
					"children": [
						{
							"name": "Cube22",
							"from": [ 2.3, 0.0, 0.0 ], 
							"to": [ 3.5, 9.0, 0.6 ], 
							"rotationOrigin": [ 2.3, 0.0, 0.0 ],
							"faces": {
								"north": { "texture": "#metal", "uv": [ 0.0, 0.0, 1.0, 9.0 ] },
								"east": { "texture": "#metal", "uv": [ 0.0, 0.0, 0.5, 9.0 ] },
								"south": { "texture": "#metal", "uv": [ 0.0, 0.0, 1.0, 9.0 ] },
								"west": { "texture": "#metal", "uv": [ 0.0, 0.0, 0.5, 9.0 ] },
								"up": { "texture": "#null", "uv": [ 0.0, 0.0, 1.0, 0.5 ], "enabled": false },
								"down": { "texture": "#null", "uv": [ 0.0, 0.0, 1.0, 0.5 ], "enabled": false }
							}
						},
						{
							"name": "Cube23",
							"from": [ 4.6, 0.0, 0.0 ], 
							"to": [ 5.8, 9.0, 0.6 ], 
							"rotationOrigin": [ 4.6, 0.0, 0.0 ],
							"faces": {
								"north": { "texture": "#metal", "uv": [ 0.0, 0.0, 1.0, 9.0 ] },
								"east": { "texture": "#metal", "uv": [ 0.0, 0.0, 0.5, 9.0 ] },
								"south": { "texture": "#metal", "uv": [ 0.0, 0.0, 1.0, 9.0 ] },
								"west": { "texture": "#metal", "uv": [ 0.0, 0.0, 0.5, 9.0 ] },
								"up": { "texture": "#null", "uv": [ 0.0, 0.0, 1.0, 0.5 ], "enabled": false },
								"down": { "texture": "#null", "uv": [ 0.0, 0.0, 1.0, 0.5 ], "enabled": false }
							}
						}
					]
				},
				{
					"name": "Cube24",
					"from": [ 8.9, 1.0, 11.8 ], 
					"to": [ 10.1, 10.0, 12.4 ], 
					"rotationOrigin": [ 8.9, 1.0, 11.8 ],
					"rotationY": 180.0,
					"faces": {
						"north": { "texture": "#metal", "uv": [ 0.0, 0.0, 1.0, 9.0 ] },
						"east": { "texture": "#metal", "uv": [ 0.0, 0.0, 0.5, 9.0 ] },
						"south": { "texture": "#metal", "uv": [ 0.0, 0.0, 1.0, 9.0 ] },
						"west": { "texture": "#metal", "uv": [ 0.0, 0.0, 0.5, 9.0 ] },
						"up": { "texture": "#null", "uv": [ 0.0, 0.0, 1.0, 0.5 ], "enabled": false },
						"down": { "texture": "#null", "uv": [ 0.0, 0.0, 1.0, 0.5 ], "enabled": false }
					},
					"children": [
						{
							"name": "Cube25",
							"from": [ 2.3, 0.0, 0.0 ], 
							"to": [ 3.5, 9.0, 0.6 ], 
							"rotationOrigin": [ 2.3, 0.0, 0.0 ],
							"faces": {
								"north": { "texture": "#metal", "uv": [ 0.0, 0.0, 1.0, 9.0 ] },
								"east": { "texture": "#metal", "uv": [ 0.0, 0.0, 0.5, 9.0 ] },
								"south": { "texture": "#metal", "uv": [ 0.0, 0.0, 1.0, 9.0 ] },
								"west": { "texture": "#metal", "uv": [ 0.0, 0.0, 0.5, 9.0 ] },
								"up": { "texture": "#null", "uv": [ 0.0, 0.0, 1.0, 0.5 ], "enabled": false },
								"down": { "texture": "#null", "uv": [ 0.0, 0.0, 1.0, 0.5 ], "enabled": false }
							}
						},
						{
							"name": "Cube26",
							"from": [ 4.6, 0.0, 0.0 ], 
							"to": [ 5.8, 9.0, 0.6 ], 
							"rotationOrigin": [ 4.6, 0.0, 0.0 ],
							"faces": {
								"north": { "texture": "#metal", "uv": [ 0.0, 0.0, 1.0, 9.0 ] },
								"east": { "texture": "#metal", "uv": [ 0.0, 0.0, 0.5, 9.0 ] },
								"south": { "texture": "#metal", "uv": [ 0.0, 0.0, 1.0, 9.0 ] },
								"west": { "texture": "#metal", "uv": [ 0.0, 0.0, 0.5, 9.0 ] },
								"up": { "texture": "#null", "uv": [ 0.0, 0.0, 1.0, 0.5 ], "enabled": false },
								"down": { "texture": "#null", "uv": [ 0.0, 0.0, 1.0, 0.5 ], "enabled": false }
							}
						}
					]
				},
				{
					"name": "Cube27",
					"from": [ 11.8, 1.0, 3.1 ], 
					"to": [ 13.0, 10.0, 3.7 ], 
					"rotationOrigin": [ 11.8, 1.0, 3.1 ],
					"rotationY": -90.0,
					"faces": {
						"north": { "texture": "#metal", "uv": [ 0.0, 0.0, 1.0, 9.0 ] },
						"east": { "texture": "#metal", "uv": [ 0.0, 0.0, 0.5, 9.0 ] },
						"south": { "texture": "#metal", "uv": [ 0.0, 0.0, 1.0, 9.0 ] },
						"west": { "texture": "#metal", "uv": [ 0.0, 0.0, 0.5, 9.0 ] },
						"up": { "texture": "#null", "uv": [ 0.0, 0.0, 1.0, 0.5 ], "enabled": false },
						"down": { "texture": "#null", "uv": [ 0.0, 0.0, 1.0, 0.5 ], "enabled": false }
					},
					"children": [
						{
							"name": "Cube28",
							"from": [ 2.3, 0.0, 0.0 ], 
							"to": [ 3.5, 9.0, 0.6 ], 
							"rotationOrigin": [ 2.3, 0.0, 0.0 ],
							"faces": {
								"north": { "texture": "#metal", "uv": [ 0.0, 0.0, 1.0, 9.0 ] },
								"east": { "texture": "#metal", "uv": [ 0.0, 0.0, 0.5, 9.0 ] },
								"south": { "texture": "#metal", "uv": [ 0.0, 0.0, 1.0, 9.0 ] },
								"west": { "texture": "#metal", "uv": [ 0.0, 0.0, 0.5, 9.0 ] },
								"up": { "texture": "#null", "uv": [ 0.0, 0.0, 1.0, 0.5 ], "enabled": false },
								"down": { "texture": "#null", "uv": [ 0.0, 0.0, 1.0, 0.5 ], "enabled": false }
							}
						},
						{
							"name": "Cube29",
							"from": [ 4.6, 0.0, 0.0 ], 
							"to": [ 5.8, 9.0, 0.6 ], 
							"rotationOrigin": [ 4.6, 0.0, 0.0 ],
							"faces": {
								"north": { "texture": "#metal", "uv": [ 0.0, 0.0, 1.0, 9.0 ] },
								"east": { "texture": "#metal", "uv": [ 0.0, 0.0, 0.5, 9.0 ] },
								"south": { "texture": "#metal", "uv": [ 0.0, 0.0, 1.0, 9.0 ] },
								"west": { "texture": "#metal", "uv": [ 0.0, 0.0, 0.5, 9.0 ] },
								"up": { "texture": "#null", "uv": [ 0.0, 0.0, 1.0, 0.5 ], "enabled": false },
								"down": { "texture": "#null", "uv": [ 0.0, 0.0, 1.0, 0.5 ], "enabled": false }
							}
						}
					]
				},
				{
					"name": "Cube30",
					"from": [ 1.0, 1.0, 3.3 ], 
					"to": [ 3.0, 3.0, 11.3 ], 
					"rotationOrigin": [ 1.0, 1.0, 3.3 ],
					"rotationY": 22.5,
					"faces": {
						"north": { "texture": "#ember", "uv": [ 0.0, 0.0, 2.0, 2.0 ] },
						"east": { "texture": "#ember", "uv": [ 1.5, 7.5, 9.5, 9.5 ] },
						"south": { "texture": "#ember", "uv": [ 0.0, 0.0, 2.0, 2.0 ] },
						"west": { "texture": "#ember", "uv": [ 6.0, 8.0, 14.0, 10.0 ] },
						"up": { "texture": "#ember", "uv": [ 9.0, 6.0, 11.0, 14.0 ] },
						"down": { "texture": "#null", "uv": [ 0.0, 0.0, 2.0, 8.0 ], "enabled": false, "windMode": [-1,-1,-1,-1] }
					},
					"children": [
						{
							"name": "Cube31",
							"from": [ 7.5058, 0.0, 2.7843 ], 
							"to": [ 9.5058, 2.0, 10.7843 ], 
							"rotationOrigin": [ 7.5058, 0.0, 2.7843 ],
							"rotationY": -45.0,
							"faces": {
								"north": { "texture": "#ember", "uv": [ 0.0, 0.0, 2.0, 2.0 ] },
								"east": { "texture": "#ember", "uv": [ 1.0, 1.0, 9.0, 3.0 ] },
								"south": { "texture": "#ember", "uv": [ 0.0, 0.0, 2.0, 2.0 ] },
								"west": { "texture": "#ember", "uv": [ 1.0, 0.0, 9.0, 2.0 ] },
								"up": { "texture": "#ember", "uv": [ 7.0, 13.5, 15.0, 15.5 ], "rotation": 90 },
								"down": { "texture": "#null", "uv": [ 0.0, 0.0, 2.0, 8.0 ], "enabled": false }
							}
						},
						{
							"name": "Cube32",
							"from": [ 7.5058, 0.1, 2.7843 ], 
							"to": [ 9.5058, 2.1, 10.7843 ], 
							"rotationOrigin": [ 7.5058, 0.1, 2.7843 ],
							"rotationX": -90.0,
							"rotationY": -75.0,
							"faces": {
								"north": { "texture": "#ember", "uv": [ 0.0, 0.0, 2.0, 2.0 ] },
								"east": { "texture": "#ember", "uv": [ 1.0, 1.0, 9.0, 3.0 ] },
								"south": { "texture": "#ember", "uv": [ 0.0, 0.0, 2.0, 2.0 ] },
								"west": { "texture": "#ember", "uv": [ 1.0, 0.0, 9.0, 2.0 ] },
								"up": { "texture": "#ember", "uv": [ 7.0, 13.5, 15.0, 15.5 ], "rotation": 90 },
								"down": { "texture": "#ember", "uv": [ 0.0, 0.0, 2.0, 8.0 ], "windMode": [-1,-1,-1,-1] }
							}
						},
						{
							"name": "Cube33",
							"from": [ 1.51, 1.6, 2.7843 ], 
							"to": [ 3.51, 3.6, 8.7843 ], 
							"rotationOrigin": [ 1.5058, 1.6, 2.7843 ],
							"rotationY": 45.0,
							"rotationZ": 90.0,
							"faces": {
								"north": { "texture": "#ember", "uv": [ 0.0, 0.0, 2.0, 2.0 ] },
								"east": { "texture": "#ember", "uv": [ 1.0, 1.0, 7.0, 3.0 ] },
								"south": { "texture": "#ember", "uv": [ 0.0, 0.0, 2.0, 2.0 ] },
								"west": { "texture": "#ember", "uv": [ 1.0, 0.0, 7.0, 2.0 ] },
								"up": { "texture": "#ember", "uv": [ 7.0, 13.5, 13.0, 15.5 ], "rotation": 90 },
								"down": { "texture": "#ember", "uv": [ 0.0, 0.0, 2.0, 6.0 ] }
							}
						},
						{
							"name": "Cube34",
							"from": [ 7.5058, 3.0, 2.7843 ], 
							"to": [ 9.5058, 5.0, 6.7843 ], 
							"rotationOrigin": [ 7.5058, 3.0, 2.7843 ],
							"rotationX": -67.5,
							"rotationY": -112.5,
							"rotationZ": -90.0,
							"faces": {
								"north": { "texture": "#ember", "uv": [ 0.0, 0.0, 2.0, 2.0 ] },
								"east": { "texture": "#ember", "uv": [ 1.0, 1.0, 5.0, 3.0 ] },
								"south": { "texture": "#ember", "uv": [ 0.0, 0.0, 2.0, 2.0 ] },
								"west": { "texture": "#ember", "uv": [ 1.0, 0.0, 5.0, 2.0 ] },
								"up": { "texture": "#ember", "uv": [ 7.0, 13.5, 11.0, 15.5 ], "rotation": 90 },
								"down": { "texture": "#null", "uv": [ 0.0, 0.0, 2.0, 4.0 ], "enabled": false }
							}
						}
					]
				}
			]
		}
	]}