{
	"editor": {
		"allAngles": false,
		"entityTextureMode": false
	},
	"textureWidth": 16,
	"textureHeight": 16,
	"textureSizes": {
	},
	"textures": {
		"sacklinen": "game:item/bag/linensack/linen",
		"sacktop": "game:item/bag/linensack/top"
	},
	"elements": [
		{
			"name": "floor",
			"from": [ 2.0, 0.0, 2.0 ],
			"to": [ 6.0, 6.0, 6.0 ],
			"rotationOrigin": [ -4.0, 0.0, -4.0 ],
			"faces": {
				"north": { "texture": "#sacklinen", "uv": [ 8.0, 4.0, 12.0, 10.0 ] },
				"east": { "texture": "#sacklinen", "uv": [ 5.0, 3.0, 9.0, 9.0 ] },
				"south": { "texture": "#sacklinen", "uv": [ 2.0, 6.0, 6.0, 12.0 ] },
				"west": { "texture": "#sacklinen", "uv": [ 6.0, 5.0, 10.0, 11.0 ] },
				"up": { "texture": "#sacklinen", "uv": [ 12.0, 0.0, 16.0, 4.0 ] },
				"down": { "texture": "#sacklinen", "uv": [ 0.0, 0.0, 4.0, 4.0 ] }
			},
			"children": [
				{
					"name": "N",
					"from": [ 0.0, 0.0, -1.0 ],
					"to": [ 4.0, 5.0, 0.0 ],
					"faces": {
						"north": { "texture": "#sacklinen", "uv": [ 6.0, 11.0, 10.0, 16.0 ] },
						"east": { "texture": "#sacklinen", "uv": [ 4.0, 11.0, 5.0, 16.0 ] },
						"west": { "texture": "#sacklinen", "uv": [ 6.0, 11.0, 7.0, 16.0 ] },
						"up": { "texture": "#sacklinen", "uv": [ 4.0, 5.0, 8.0, 6.0 ] },
						"down": { "texture": "#sacklinen", "uv": [ 3.0, 15.0, 7.0, 16.0 ] }
					}
				},
				{
					"name": "S",
					"from": [ 0.0, 0.0, 4.0 ],
					"to": [ 4.0, 5.0, 5.0 ],
					"faces": {
						"east": { "texture": "#sacklinen", "uv": [ 0.0, 11.0, 1.0, 16.0 ] },
						"south": { "texture": "#sacklinen", "uv": [ 2.0, 11.0, 6.0, 16.0 ] },
						"west": { "texture": "#sacklinen", "uv": [ 6.0, 11.0, 7.0, 16.0 ] },
						"up": { "texture": "#sacklinen", "uv": [ 2.0, 6.0, 6.0, 7.0 ] },
						"down": { "texture": "#sacklinen", "uv": [ 3.0, 15.0, 7.0, 16.0 ] }
					}
				},
				{
					"name": "W",
					"from": [ -1.0, 0.0, 0.0 ],
					"to": [ 0.0, 5.0, 4.0 ],
					"faces": {
						"north": { "texture": "#sacklinen", "uv": [ 12.0, 11.0, 13.0, 16.0 ] },
						"south": { "texture": "#sacklinen", "uv": [ 6.0, 11.0, 7.0, 16.0 ] },
						"west": { "texture": "#sacklinen", "uv": [ 3.0, 11.0, 7.0, 16.0 ] },
						"up": { "texture": "#sacklinen", "uv": [ 9.0, 3.0, 10.0, 7.0 ] },
						"down": { "texture": "#sacklinen", "uv": [ 4.0, 15.0, 8.0, 16.0 ], "rotation": 90 }
					}
				},
				{
					"name": "E",
					"from": [ 4.0, 0.0, 0.0 ],
					"to": [ 5.0, 5.0, 4.0 ],
					"faces": {
						"north": { "texture": "#sacklinen", "uv": [ 12.0, 11.0, 13.0, 16.0 ] },
						"east": { "texture": "#sacklinen", "uv": [ 6.0, 11.0, 10.0, 16.0 ] },
						"south": { "texture": "#sacklinen", "uv": [ 8.0, 11.0, 9.0, 16.0 ] },
						"up": { "texture": "#sacklinen", "uv": [ 8.0, 2.0, 9.0, 6.0 ] },
						"down": { "texture": "#sacklinen", "uv": [ 2.0, 15.0, 6.0, 16.0 ], "rotation": 90 }
					}
				},
				{
					"name": "sacktop",
					"from": [ 1.5, 6.0, 1.5 ],
					"to": [ 2.5, 7.0, 2.5 ],
					"faces": {
						"north": { "texture": "#sacklinen", "uv": [ 2.0, 15.0, 3.0, 16.0 ] },
						"east": { "texture": "#sacklinen", "uv": [ 9.0, 15.0, 10.0, 16.0 ] },
						"south": { "texture": "#sacklinen", "uv": [ 9.0, 15.0, 10.0, 16.0 ] },
						"west": { "texture": "#sacklinen", "uv": [ 12.0, 15.0, 13.0, 16.0 ] },
						"up": { "texture": "#sacklinen", "uv": [ 3.0, 15.0, 4.0, 16.0 ] },
						"down": { "texture": "#sacklinen", "uv": [ 5.0, 15.0, 6.0, 16.0 ] }
					},
					"children": [
						{
							"name": "Cube1",
							"from": [ 0.5, -1.0, -2.0 ],
							"to": [ 0.5, 3.0, 3.0 ],
							"rotationOrigin": [ 0.5, 0.0, 0.0 ],
							"rotationZ": -22.5,
							"faces": {
								"west": { "texture": "#sacktop", "uv": [ 5.0, 0.0, 10.0, 4.0 ] }
							}
						},
						{
							"name": "Cube8",
							"from": [ -2.0, -1.0, 0.5 ],
							"to": [ 3.0, 3.0, 0.5 ],
							"rotationOrigin": [ 0.0, 0.0, 0.5 ],
							"rotationX": -22.5,
							"faces": {
								"north": { "texture": "#sacktop", "uv": [ 0.0, 0.0, 5.0, 4.0 ] }
							}
						},
						{
							"name": "Cube9",
							"from": [ 0.5, -1.0, -2.0 ],
							"to": [ 0.5, 3.0, 3.0 ],
							"rotationOrigin": [ 0.5, 0.0, 0.0 ],
							"rotationZ": 22.5,
							"faces": {
								"west": { "texture": "#sacktop", "uv": [ 5.0, 0.0, 10.0, 4.0 ] }
							}
						},
						{
							"name": "Cube10",
							"from": [ -2.0, -1.0, 0.5 ],
							"to": [ 3.0, 3.0, 0.5 ],
							"rotationOrigin": [ 0.0, 0.0, 0.5 ],
							"rotationX": 22.5,
							"faces": {
								"north": { "texture": "#sacktop", "uv": [ 0.0, 0.0, 5.0, 4.0 ] }
							}
						}
					]
				}
			]
		}
	]}