{
	"editor": {
		"collapsedPaths": "",
		"allAngles": false,
		"entityTextureMode": false
	},
	"textureWidth": 16,
	"textureHeight": 16,
	"textureSizes": {
	},
	"textures": {
		"pouchlinen": "game:item/bag/backpack/leather",
		"pouchtop": "game:item/bag/backpack/straps"
	},
	"elements": [
		{
			"name": "floor",
			"from": [ 2.0, 0.0, 2.0 ],
			"to": [ 6.0, 3.0, 6.0 ],
			"rotationOrigin": [ -4.0, 0.0, -4.0 ],
			"faces": {
				"north": { "texture": "#pouchlinen", "uv": [ 8.0, 4.0, 12.0, 7.0 ] },
				"east": { "texture": "#pouchlinen", "uv": [ 5.0, 3.0, 9.0, 6.0 ] },
				"south": { "texture": "#pouchlinen", "uv": [ 2.0, 6.0, 6.0, 9.0 ] },
				"west": { "texture": "#pouchlinen", "uv": [ 6.0, 5.0, 10.0, 8.0 ] },
				"up": { "texture": "#pouchlinen", "uv": [ 12.0, 0.0, 16.0, 4.0 ] },
				"down": { "texture": "#pouchlinen", "uv": [ 0.0, 0.0, 4.0, 4.0 ] }
			},
			"children": [
				{
					"name": "N",
					"from": [ 0.0, 0.0, -1.0 ],
					"to": [ 4.0, 3.0, 0.0 ],
					"faces": {
						"north": { "texture": "#pouchlinen", "uv": [ 5.5, 7.5, 9.5, 10.5 ] },
						"east": { "texture": "#pouchlinen", "uv": [ 4.0, 11.0, 5.0, 14.0 ] },
						"west": { "texture": "#pouchlinen", "uv": [ 6.0, 11.0, 7.0, 14.0 ] },
						"up": { "texture": "#pouchlinen", "uv": [ 4.0, 5.0, 8.0, 6.0 ] },
						"down": { "texture": "#pouchlinen", "uv": [ 3.0, 15.0, 7.0, 16.0 ] }
					}
				},
				{
					"name": "S",
					"from": [ 0.0, 0.0, 4.0 ],
					"to": [ 4.0, 3.0, 5.0 ],
					"faces": {
						"east": { "texture": "#pouchlinen", "uv": [ 0.0, 11.0, 1.0, 14.0 ] },
						"south": { "texture": "#pouchlinen", "uv": [ 5.5, 7.5, 9.5, 10.5 ] },
						"west": { "texture": "#pouchlinen", "uv": [ 6.0, 11.0, 7.0, 14.0 ] },
						"up": { "texture": "#pouchlinen", "uv": [ 2.0, 6.0, 6.0, 7.0 ] },
						"down": { "texture": "#pouchlinen", "uv": [ 3.0, 15.0, 7.0, 16.0 ] }
					}
				},
				{
					"name": "W",
					"from": [ -1.0, 0.0, 0.0 ],
					"to": [ 0.0, 3.0, 4.0 ],
					"faces": {
						"north": { "texture": "#pouchlinen", "uv": [ 12.0, 11.0, 13.0, 14.0 ] },
						"south": { "texture": "#pouchlinen", "uv": [ 6.0, 11.0, 7.0, 14.0 ] },
						"west": { "texture": "#pouchlinen", "uv": [ 5.5, 7.5, 9.5, 10.5 ] },
						"up": { "texture": "#pouchlinen", "uv": [ 9.0, 3.0, 10.0, 7.0 ] },
						"down": { "texture": "#pouchlinen", "uv": [ 4.0, 15.0, 8.0, 16.0 ], "rotation": 90 }
					}
				},
				{
					"name": "E",
					"from": [ 4.0, 0.0, 0.0 ],
					"to": [ 5.0, 3.0, 4.0 ],
					"faces": {
						"north": { "texture": "#pouchlinen", "uv": [ 12.0, 11.0, 13.0, 14.0 ] },
						"east": { "texture": "#pouchlinen", "uv": [ 5.5, 7.5, 9.5, 10.5 ] },
						"south": { "texture": "#pouchlinen", "uv": [ 8.0, 11.0, 9.0, 14.0 ] },
						"up": { "texture": "#pouchlinen", "uv": [ 8.0, 2.0, 9.0, 6.0 ] },
						"down": { "texture": "#pouchlinen", "uv": [ 2.0, 15.0, 6.0, 16.0 ], "rotation": 90 }
					}
				},
				{
					"name": "Cube8",
					"from": [ 0.2, 4.1, 0.6 ],
					"to": [ 0.7, 8.8, 0.7 ],
					"rotationOrigin": [ 0.2, 4.1, 0.6 ],
					"rotationX": 90.0,
					"rotationZ": -45.0,
					"faces": {
						"north": { "texture": "#pouchtop", "uv": [ 0.0, 0.0, 0.5, 4.5 ] },
						"east": { "texture": "#pouchtop", "uv": [ 0.0, 0.0, 0.5, 4.5 ], "windMode": [-1,-1,-1,-1] },
						"south": { "texture": "#pouchtop", "uv": [ 0.0, 0.0, 0.5, 4.5 ], "windMode": [-1,-1,-1,-1] },
						"west": { "texture": "#pouchtop", "uv": [ 0.0, 0.0, 0.5, 4.5 ], "windMode": [-1,-1,-1,-1] },
						"up": { "texture": "#pouchtop", "uv": [ 0.0, 0.0, 0.5, 0.5 ], "windMode": [-1,-1,-1,-1] },
						"down": { "texture": "#pouchtop", "uv": [ 0.0, 0.0, 0.5, 0.5 ], "windMode": [-1,-1,-1,-1] }
					}
				},
				{
					"name": "Cube9",
					"from": [ 3.61, 4.11, 0.001 ],
					"to": [ 4.11, 8.81, 0.121 ],
					"rotationOrigin": [ 3.6, 4.1, 0.0 ],
					"rotationX": 90.0,
					"rotationZ": 45.0,
					"faces": {
						"north": { "texture": "#pouchtop", "uv": [ 0.0, 0.0, 0.5, 4.5 ] },
						"east": { "texture": "#pouchtop", "uv": [ 0.0, 0.0, 0.5, 4.5 ], "windMode": [-1,-1,-1,-1] },
						"south": { "texture": "#pouchtop", "uv": [ 0.0, 0.0, 0.5, 4.5 ], "windMode": [-1,-1,-1,-1] },
						"west": { "texture": "#pouchtop", "uv": [ 0.0, 0.0, 0.5, 4.5 ], "windMode": [-1,-1,-1,-1] },
						"up": { "texture": "#pouchtop", "uv": [ 0.0, 0.0, 0.5, 0.5 ], "windMode": [-1,-1,-1,-1] },
						"down": { "texture": "#pouchtop", "uv": [ 0.0, 0.0, 0.5, 0.5 ], "windMode": [-1,-1,-1,-1] }
					}
				}
			]
		},
		{
			"name": "floor2",
			"from": [ 2.0, 3.0, 2.0 ],
			"to": [ 6.0, 4.0, 6.0 ],
			"rotationOrigin": [ -4.0, 3.0, -4.0 ],
			"faces": {
				"north": { "texture": "#pouchlinen", "uv": [ 8.0, 4.0, 12.0, 5.0 ] },
				"east": { "texture": "#pouchlinen", "uv": [ 5.0, 3.0, 9.0, 4.0 ] },
				"south": { "texture": "#pouchlinen", "uv": [ 2.0, 6.0, 6.0, 7.0 ] },
				"west": { "texture": "#pouchlinen", "uv": [ 6.0, 5.0, 10.0, 6.0 ] },
				"up": { "texture": "#pouchlinen", "uv": [ 5.5, 10.5, 9.5, 14.5 ] },
				"down": { "texture": "#pouchlinen", "uv": [ 0.0, 0.0, 4.0, 4.0 ] }
			},
			"children": [
				{
					"name": "N2",
					"from": [ -0.001, 0.0, -1.0 ],
					"to": [ 3.999, 1.5, 0.0 ],
					"rotationOrigin": [ -0.1, 0.0, -1.0 ],
					"rotationX": 45.0,
					"faces": {
						"north": { "texture": "#pouchlinen", "uv": [ 6.0, 11.0, 10.0, 12.5 ] },
						"east": { "texture": "#pouchlinen", "uv": [ 4.0, 11.0, 5.0, 12.5 ] },
						"west": { "texture": "#pouchlinen", "uv": [ 6.0, 11.0, 7.0, 12.5 ] },
						"up": { "texture": "#pouchlinen", "uv": [ 4.0, 5.0, 8.0, 6.0 ] },
						"down": { "texture": "#pouchlinen", "uv": [ 3.0, 15.0, 7.0, 16.0 ] }
					}
				},
				{
					"name": "S2",
					"from": [ -0.001, 0.0, 4.0 ],
					"to": [ 3.999, 1.5, 5.0 ],
					"rotationOrigin": [ -0.1, 0.0, 5.0 ],
					"rotationX": -45.0,
					"faces": {
						"east": { "texture": "#pouchlinen", "uv": [ 0.0, 11.0, 1.0, 12.5 ] },
						"south": { "texture": "#pouchlinen", "uv": [ 5.5, 6.0, 9.5, 7.5 ] },
						"west": { "texture": "#pouchlinen", "uv": [ 6.0, 11.0, 7.0, 12.5 ] },
						"up": { "texture": "#pouchlinen", "uv": [ 2.0, 6.0, 6.0, 7.0 ] },
						"down": { "texture": "#pouchlinen", "uv": [ 3.0, 15.0, 7.0, 16.0 ] }
					},
					"children": [
						{
							"name": "S3",
							"from": [ 0.0, 1.5, 0.0 ],
							"to": [ 4.0, 5.5, 1.0 ],
							"rotationOrigin": [ 0.0, 1.5, 1.0 ],
							"rotationX": -45.0,
							"faces": {
								"east": { "texture": "#pouchlinen", "uv": [ 0.0, 11.0, 1.0, 15.0 ] },
								"south": { "texture": "#pouchlinen", "uv": [ 5.0, 10.0, 9.0, 14.0 ] },
								"west": { "texture": "#pouchlinen", "uv": [ 6.0, 11.0, 7.0, 15.0 ] },
								"up": { "texture": "#pouchlinen", "uv": [ 2.0, 6.0, 6.0, 7.0 ] },
								"down": { "texture": "#pouchlinen", "uv": [ 3.0, 15.0, 7.0, 16.0 ] }
							}
						}
					]
				},
				{
					"name": "W2",
					"from": [ -1.0, 0.0, -0.001 ],
					"to": [ 0.0, 1.5, 3.999 ],
					"rotationOrigin": [ -1.0, 0.0, -0.1 ],
					"rotationZ": -45.0,
					"faces": {
						"north": { "texture": "#pouchlinen", "uv": [ 12.0, 11.0, 13.0, 12.5 ] },
						"south": { "texture": "#pouchlinen", "uv": [ 6.0, 11.0, 7.0, 12.5 ] },
						"west": { "texture": "#pouchlinen", "uv": [ 3.0, 11.0, 7.0, 12.5 ] },
						"up": { "texture": "#pouchlinen", "uv": [ 9.0, 3.0, 10.0, 7.0 ] },
						"down": { "texture": "#pouchlinen", "uv": [ 4.0, 15.0, 8.0, 16.0 ], "rotation": 90 }
					}
				},
				{
					"name": "E2",
					"from": [ 4.0, 0.0, -0.001 ],
					"to": [ 5.0, 1.5, 3.999 ],
					"rotationOrigin": [ 5.0, 0.0, -0.1 ],
					"rotationZ": 45.0,
					"faces": {
						"north": { "texture": "#pouchlinen", "uv": [ 12.0, 11.0, 13.0, 12.5 ] },
						"east": { "texture": "#pouchlinen", "uv": [ 6.0, 11.0, 10.0, 12.5 ] },
						"south": { "texture": "#pouchlinen", "uv": [ 8.0, 11.0, 9.0, 12.5 ] },
						"up": { "texture": "#pouchlinen", "uv": [ 8.0, 2.0, 9.0, 6.0 ] },
						"down": { "texture": "#pouchlinen", "uv": [ 2.0, 15.0, 6.0, 16.0 ], "rotation": 90 }
					}
				}
			]
		}
	]}