{
	"editor": {
		"allAngles": false,
		"entityTextureMode": false
	},
	"textureWidth": 16,
	"textureHeight": 12,
	"textureSizes": {
		"leaves1": [16,12],
		"leaves2": [16,12]
	},
	"textures": {
	},
	"elements": [
		{
			"name": "origin",
			"from": [ 8.0, 0.0, 8.0 ],
			"to": [ 8.0, 0.0, 8.0 ],
			"rotationOrigin": [ 8.0, 0.0, 8.0 ],
			"faces": {
			},
			"children": [
				{
					"name": "Face 1",
					"from": [ -8.0, 0.0, 0.0 ],
					"to": [ 8.0, 12.0, 0.0 ],
					"shade": false,
					"faces": {
						"north": { "texture": "#leaves1", "uv": [ 0.0, 0.0, 16.0, 12.0 ], "windMode": [-1,-1,-1,-1], "windData": [0,1,1,0] }
					}
				},
				{
					"name": "Face 2",
					"from": [ -8.0, 0.0, 0.0 ],
					"to": [ 8.0, 12.0, 0.0 ],
					"shade": false,
					"rotationOrigin": [ 0.0, 0.0, 0.0 ],
					"rotationY": 67.5,
					"faces": {
						"north": { "texture": "#leaves2", "uv": [ 0.0, 0.0, 16.0, 12.0 ], "windMode": [-1,-1,-1,-1], "windData": [0,1,1,0] }
					}
				},
				{
					"name": "Face 3",
					"from": [ -16.0, 0.0, 0.0 ],
					"to": [ 0.0, 12.0, 0.0 ],
					"shade": false,
					"rotationOrigin": [ 0.0, 0.0, 0.0 ],
					"rotationY": -45.0,
					"faces": {
						"south": { "texture": "#leaves1", "uv": [ 0.0, 0.0, 16.0, 12.0 ], "windMode": [-1,-1,-1,-1], "windData": [0,1,1,0] }
					}
				},
				{
					"name": "Face 4",
					"from": [ -3.0, 0.0, 5.0 ],
					"to": [ 13.0, 12.0, 5.0 ],
					"shade": false,
					"rotationOrigin": [ 5.0, 0.0, 5.0 ],
					"rotationY": 67.5,
					"faces": {
						"south": { "texture": "#leaves2", "uv": [ 0.0, 0.0, 16.0, 12.0 ], "windMode": [-1,-1,-1,-1], "windData": [0,1,1,0] }
					}
				}
			]
		}
	]}