{
    "rsaKeySize": 2048,
    "timeUntilKickUnloggedPlayer": 300000,
    "freezeNonRegisteredPlayer": false,
    "reviveFreezeDelay": 1000,
    "maxAttemptsToBanPlayer": 20,
    "timeToReducePlayerAttempts": 60000,
    "timeToFreezeUnregisteredPlayersAfterJoin": 1000,
    "registerMessage": "Este servidor utiliza autenticação. Considere proteger sua conta: /register senha | This server is powered by authentication, consider protecting your account: /register password",
    "loginMessage": "Para continuar, faça login: /login senha | To continue please login: /login password",
    "successRegisteredMessage": "Conta registrada com sucesso! Na próxima vez que entrar, será necessário usar a senha. | Successfully registered the account, next time you login in you will need the password",
    "successLoggedMessage": "Login realizado com sucesso | Successfully logged",
    "successChangedPasswordMessage": "Senha alterada com sucesso | Successfully changed your password",
    "errorTypePassword": "Por favor, digite uma senha | Please type a password",
    "errorAlreadyRegistered": "Esta conta já está registrada. Use /login senha | This account is already registered use /login password",
    "errorAlreadyLogged": "Você já está logado | You are already logged",
    "errorNotRegistered": "Esta conta ainda não está registrada. Registre-se usando: /register senha | This account is not registered yet, register using: /register password",
    "errorInvalidPassword": "Senha inválida | Invalid password",
    "errorTooManyAttempts": "Muitas tentativas. Tente novamente mais tarde | Too many attempts",
    "errorChangePasswordWithoutLogin": "Você não pode alterar a senha sem estar logado | You cannot change the password without login in",
    "errorRequestLogin": "Você precisa fazer login primeiro | You need to login in first"
}