{
	"editor": {
		"collapsedPaths": "Root/Peridot1,Root/Gem1,Root/Gear1,Root/Gem2,Root/Emerald1",
		"allAngles": false,
		"entityTextureMode": false
	},
	"textureWidth": 16,
	"textureHeight": 16,
	"textureSizes": {
	},
	"textures": {
		"diamond": "game:block/stone/gem/diamond",
		"emerald": "game:block/stone/gem/emerald",
		"olivine": "game:block/stone/gem/olivine",
		"book": "game:item/lore/book",
		"normal-cherryred": "game:item/lore/normal-cherryred",
		"normal-darkgray": "game:item/lore/normal-darkgray",
		"normal-darkolive": "game:item/lore/normal-darkolive",
		"normal-purpleorange": "game:item/lore/normal-purpleorange",
		"scrolls-rotten": "game:item/lore/scrolls-rotten",
		"temporal": "game:item/resource/temporalgear",
		"ebony": "game:item/tool/material/ebony"
	},
	"elements": [
		{
			"name": "Table",
			"from": [ 8.0, 0.0, 8.0 ],
			"to": [ 8.0, 0.0, 8.0 ],
			"rotationOrigin": [ 8.0, 0.0, 8.0 ],
			"faces": {
			},
			"children": [
				{
					"name": "foot1",
					"from": [ -6.5, 1.0, -6.0 ],
					"to": [ -3.5, 14.0, -3.0 ],
					"rotationOrigin": [ -5.5, 1.0, -5.0 ],
					"faces": {
						"north": { "texture": "#ebony", "uv": [ 0.0, 6.5, 13.0, 9.5 ], "rotation": 90 },
						"east": { "texture": "#ebony", "uv": [ 1.0, 5.0, 14.0, 8.0 ], "rotation": 90 },
						"south": { "texture": "#ebony", "uv": [ 1.5, 3.0, 14.5, 6.0 ], "rotation": 90 },
						"west": { "texture": "#ebony", "uv": [ 1.5, 10.5, 14.5, 13.5 ], "rotation": 90 }
					}
				},
				{
					"name": "tabletop L",
					"from": [ -8.0, 14.0, -8.0 ],
					"to": [ 8.0, 14.5, 8.0 ],
					"rotationOrigin": [ -5.0, 14.0, -7.0 ],
					"faces": {
						"north": { "texture": "#ebony", "uv": [ 0.0, 6.5, 16.0, 7.0 ], "windMode": [-1,-1,-1,-1], "windData": [0,1,1,0] },
						"east": { "texture": "#ebony", "uv": [ 0.0, 13.5, 16.0, 14.0 ] },
						"south": { "texture": "#ebony", "uv": [ 0.0, 0.5, 16.0, 1.0 ] },
						"west": { "texture": "#ebony", "uv": [ 0.0, 13.5, 16.0, 14.0 ] },
						"up": { "texture": "#ebony", "uv": [ 0.0, 0.0, 16.0, 16.0 ] },
						"down": { "texture": "#ebony", "uv": [ 0.0, 0.0, 16.0, 16.0 ] }
					}
				},
				{
					"name": "foot2",
					"from": [ 3.5, 1.0, -6.0 ],
					"to": [ 6.5, 14.0, -3.0 ],
					"rotationOrigin": [ 4.5, 1.0, -5.0 ],
					"faces": {
						"north": { "texture": "#ebony", "uv": [ 2.0, 3.5, 15.0, 6.5 ], "rotation": 90 },
						"east": { "texture": "#ebony", "uv": [ 1.5, 8.0, 14.5, 11.0 ], "rotation": 90 },
						"south": { "texture": "#ebony", "uv": [ 1.0, 3.5, 14.0, 6.5 ], "rotation": 90 },
						"west": { "texture": "#ebony", "uv": [ 1.5, 0.0, 14.5, 3.0 ], "rotation": 90 }
					}
				},
				{
					"name": "foot3",
					"from": [ 3.5, 1.0, 3.0 ],
					"to": [ 6.5, 14.0, 6.0 ],
					"rotationOrigin": [ 4.5, 1.0, 4.0 ],
					"faces": {
						"north": { "texture": "#ebony", "uv": [ 1.5, 9.0, 14.5, 12.0 ], "rotation": 90 },
						"east": { "texture": "#ebony", "uv": [ 3.0, 4.0, 16.0, 7.0 ], "rotation": 90 },
						"south": { "texture": "#ebony", "uv": [ 1.0, 11.5, 14.0, 14.5 ], "rotation": 90 },
						"west": { "texture": "#ebony", "uv": [ 0.5, 8.0, 13.5, 11.0 ], "rotation": 90 }
					}
				},
				{
					"name": "foot4",
					"from": [ -6.5, 1.0, 3.0 ],
					"to": [ -3.5, 14.0, 6.0 ],
					"rotationOrigin": [ -5.5, 1.0, 4.0 ],
					"faces": {
						"north": { "texture": "#ebony", "uv": [ 0.0, 9.5, 13.0, 12.5 ], "rotation": 90 },
						"east": { "texture": "#ebony", "uv": [ 2.0, 5.5, 15.0, 8.5 ], "rotation": 90 },
						"south": { "texture": "#ebony", "uv": [ 2.0, 12.0, 15.0, 15.0 ], "rotation": 90 },
						"west": { "texture": "#ebony", "uv": [ 2.0, 7.5, 15.0, 10.5 ], "rotation": 90 }
					}
				},
				{
					"name": "base R4",
					"from": [ -7.0, 0.0, -7.0 ],
					"to": [ 7.0, 1.5, 7.0 ],
					"rotationOrigin": [ -4.0, 0.0, -6.0 ],
					"faces": {
						"north": { "texture": "#ebony", "uv": [ 2.0, 8.0, 16.0, 9.5 ] },
						"east": { "texture": "#ebony", "uv": [ 0.0, 6.0, 14.0, 7.5 ] },
						"south": { "texture": "#ebony", "uv": [ 1.5, 6.0, 15.5, 7.5 ] },
						"west": { "texture": "#ebony", "uv": [ 0.0, 7.0, 14.0, 8.5 ] },
						"up": { "texture": "#ebony", "uv": [ 1.5, 2.0, 15.5, 16.0 ], "rotation": 90 },
						"down": { "texture": "#ebony", "uv": [ 1.0, 1.5, 15.0, 15.5 ], "rotation": 90 }
					}
				},
				{
					"name": "base R5",
					"from": [ -7.0, 12.6, -7.0 ],
					"to": [ 7.0, 14.1, 7.0 ],
					"rotationOrigin": [ -4.0, 12.6, -6.0 ],
					"faces": {
						"north": { "texture": "#ebony", "uv": [ 2.0, 8.0, 16.0, 9.5 ] },
						"east": { "texture": "#ebony", "uv": [ 0.0, 6.0, 14.0, 7.5 ] },
						"south": { "texture": "#ebony", "uv": [ 1.5, 6.0, 15.5, 7.5 ] },
						"west": { "texture": "#ebony", "uv": [ 0.0, 7.0, 14.0, 8.5 ] },
						"up": { "texture": "#ebony", "uv": [ 1.5, 2.0, 16.0, 15.0 ], "rotation": 90, "autoUv": false },
						"down": { "texture": "#ebony", "uv": [ 1.5, 2.0, 15.5, 16.0 ], "rotation": 90 }
					}
				},
				{
					"name": "base R6",
					"from": [ -5.0, 10.0, -3.5 ],
					"to": [ 5.0, 10.5, 4.5 ],
					"rotationOrigin": [ -2.0, 10.0, -2.5 ],
					"faces": {
						"north": { "texture": "#ebony", "uv": [ 2.0, 8.0, 12.0, 8.5 ] },
						"east": { "texture": "#ebony", "uv": [ 0.0, 6.0, 8.0, 6.5 ] },
						"south": { "texture": "#ebony", "uv": [ 1.5, 6.0, 11.5, 6.5 ] },
						"west": { "texture": "#ebony", "uv": [ 0.0, 7.0, 8.0, 7.5 ] },
						"up": { "texture": "#ebony", "uv": [ 1.5, 2.0, 9.5, 12.0 ], "rotation": 90 },
						"down": { "texture": "#ebony", "uv": [ 1.0, 2.0, 9.0, 12.0 ], "rotation": 90 }
					}
				},
				{
					"name": "base R7",
					"from": [ -6.4, 12.0, -4.9 ],
					"to": [ 6.4, 12.5, 6.9 ],
					"rotationOrigin": [ -3.4, 12.0, -3.9 ],
					"rotationX": 90.0,
					"faces": {
						"north": { "texture": "#ebony", "uv": [ 2.0, 8.0, 14.5, 8.5 ] },
						"east": { "texture": "#ebony", "uv": [ 0.0, 6.0, 11.5, 6.5 ] },
						"south": { "texture": "#ebony", "uv": [ 1.5, 6.0, 14.0, 6.5 ] },
						"west": { "texture": "#ebony", "uv": [ 0.0, 7.0, 11.5, 7.5 ] },
						"up": { "texture": "#ebony", "uv": [ 1.5, 2.0, 13.0, 14.5 ], "rotation": 90 },
						"down": { "texture": "#ebony", "uv": [ 1.0, 2.0, 12.5, 14.5 ], "rotation": 90 }
					}
				},
				{
					"name": "base R8",
					"from": [ -6.6, 4.4, -3.5 ],
					"to": [ 2.5, 4.9, 3.5 ],
					"rotationOrigin": [ -3.6, 4.4, -2.5 ],
					"rotationZ": 90.0,
					"faces": {
						"north": { "texture": "#ebony", "uv": [ 2.0, 8.0, 11.0, 8.5 ] },
						"east": { "texture": "#ebony", "uv": [ 0.0, 6.0, 7.0, 6.5 ] },
						"south": { "texture": "#ebony", "uv": [ 1.5, 6.0, 10.5, 6.5 ] },
						"west": { "texture": "#ebony", "uv": [ 0.0, 7.0, 7.0, 7.5 ] },
						"up": { "texture": "#ebony", "uv": [ 1.5, 2.0, 8.5, 11.0 ], "rotation": 90 },
						"down": { "texture": "#ebony", "uv": [ 1.0, 2.0, 8.0, 11.0 ], "rotation": 90 }
					}
				},
				{
					"name": "base R9",
					"from": [ 1.4, 4.4, -3.5 ],
					"to": [ 10.5, 4.9, 3.5 ],
					"rotationOrigin": [ 4.4, 4.4, -2.5 ],
					"rotationZ": 90.0,
					"faces": {
						"north": { "texture": "#ebony", "uv": [ 2.0, 8.0, 11.0, 8.5 ] },
						"east": { "texture": "#ebony", "uv": [ 0.0, 6.0, 7.0, 6.5 ] },
						"south": { "texture": "#ebony", "uv": [ 1.5, 6.0, 10.5, 6.5 ] },
						"west": { "texture": "#ebony", "uv": [ 0.0, 7.0, 7.0, 7.5 ] },
						"up": { "texture": "#ebony", "uv": [ 1.5, 2.0, 8.5, 11.0 ], "rotation": 90 },
						"down": { "texture": "#ebony", "uv": [ 1.0, 2.0, 8.0, 11.0 ], "rotation": 90 }
					}
				},
				{
					"name": "tabletop L2",
					"from": [ -8.0, 14.5, -8.0 ],
					"to": [ -6.0, 16.0, 8.0 ],
					"rotationOrigin": [ -5.0, 14.5, -7.0 ],
					"faces": {
						"north": { "texture": "#ebony", "uv": [ 0.0, 6.5, 2.0, 8.0 ] },
						"east": { "texture": "#ebony", "uv": [ 0.0, 13.5, 16.0, 15.0 ] },
						"south": { "texture": "#ebony", "uv": [ 0.0, 0.5, 2.0, 2.0 ] },
						"west": { "texture": "#ebony", "uv": [ 0.0, 13.5, 16.0, 15.0 ] },
						"up": { "texture": "#ebony", "uv": [ 0.0, 0.0, 2.0, 16.0 ] },
						"down": { "texture": "#ebony", "uv": [ 0.0, 0.0, 2.0, 16.0 ] }
					}
				},
				{
					"name": "tabletop L3",
					"from": [ 6.0, 14.5, -8.0 ],
					"to": [ 8.0, 16.0, 8.0 ],
					"rotationOrigin": [ 9.0, 14.5, -7.0 ],
					"faces": {
						"north": { "texture": "#ebony", "uv": [ 0.0, 6.5, 2.0, 8.0 ] },
						"east": { "texture": "#ebony", "uv": [ 0.0, 13.5, 16.0, 15.0 ] },
						"south": { "texture": "#ebony", "uv": [ 0.0, 0.5, 2.0, 2.0 ] },
						"west": { "texture": "#ebony", "uv": [ 0.0, 13.5, 16.0, 15.0 ] },
						"up": { "texture": "#ebony", "uv": [ 0.0, 0.0, 2.0, 16.0 ] },
						"down": { "texture": "#ebony", "uv": [ 0.0, 0.0, 2.0, 16.0 ] }
					}
				},
				{
					"name": "tabletop L4",
					"from": [ -6.0, 14.5, -8.0 ],
					"to": [ 6.0, 16.0, -6.0 ],
					"rotationOrigin": [ -3.0, 14.5, -7.0 ],
					"faces": {
						"north": { "texture": "#ebony", "uv": [ 0.0, 6.5, 12.0, 8.0 ] },
						"east": { "texture": "#ebony", "uv": [ 0.0, 13.5, 2.0, 15.0 ] },
						"south": { "texture": "#ebony", "uv": [ 0.0, 0.5, 12.0, 2.0 ] },
						"west": { "texture": "#ebony", "uv": [ 0.0, 13.5, 2.0, 15.0 ] },
						"up": { "texture": "#ebony", "uv": [ 0.0, 0.0, 12.0, 2.0 ] },
						"down": { "texture": "#ebony", "uv": [ 0.0, 0.0, 12.0, 2.0 ] }
					}
				},
				{
					"name": "tabletop L5",
					"from": [ -6.0, 14.5, 6.0 ],
					"to": [ 6.0, 15.3, 7.0 ],
					"rotationOrigin": [ -3.0, 14.5, 7.0 ],
					"faces": {
						"north": { "texture": "#ebony", "uv": [ 0.0, 6.5, 12.0, 7.0 ] },
						"east": { "texture": "#ebony", "uv": [ 0.0, 13.5, 1.0, 14.0 ] },
						"south": { "texture": "#ebony", "uv": [ 0.0, 0.5, 12.0, 1.0 ] },
						"west": { "texture": "#ebony", "uv": [ 0.0, 13.5, 1.0, 14.0 ] },
						"up": { "texture": "#ebony", "uv": [ 0.0, 0.0, 12.0, 1.0 ] },
						"down": { "texture": "#ebony", "uv": [ 0.0, 0.0, 12.0, 1.0 ] }
					}
				},
				{
					"name": "tabletop L6",
					"from": [ -0.4, 14.5, -0.4 ],
					"to": [ 0.4, 16.0, 0.4 ],
					"rotationOrigin": [ 2.6, 14.5, 0.6 ],
					"faces": {
						"north": { "texture": "#ebony", "uv": [ 0.0, 6.5, 0.5, 8.0 ] },
						"east": { "texture": "#ebony", "uv": [ 0.0, 13.5, 0.5, 15.0 ] },
						"south": { "texture": "#ebony", "uv": [ 0.0, 0.5, 0.5, 2.0 ] },
						"west": { "texture": "#ebony", "uv": [ 0.0, 13.5, 0.5, 15.0 ] },
						"up": { "texture": "#ebony", "uv": [ 0.0, 0.0, 0.5, 0.5 ] },
						"down": { "texture": "#ebony", "uv": [ 0.0, 0.0, 0.5, 0.5 ] }
					}
				}
			]
		},
		{
			"name": "Gear1",
			"from": [ 6.5, 12.0, 7.5 ],
			"to": [ 7.5, 18.0, 8.7 ],
			"rotationOrigin": [ 8.0, 15.0, 8.0 ],
			"rotationX": -90.0,
			"rotationZ": -22.5,
			"faces": {
				"north": { "texture": "#temporal", "uv": [ 0.0, 0.0, 1.0, 6.0 ] },
				"east": { "texture": "#temporal", "uv": [ 0.0, 0.0, 1.0, 6.0 ] },
				"south": { "texture": "#temporal", "uv": [ 9.0, 9.0, 10.0, 15.0 ] },
				"west": { "texture": "#temporal", "uv": [ 0.0, 0.0, 1.0, 6.0 ] },
				"up": { "texture": "#temporal", "uv": [ 7.0, 6.0, 8.0, 7.0 ] },
				"down": { "texture": "#temporal", "uv": [ 5.0, 5.0, 6.0, 6.0 ] }
			},
			"children": [
				{
					"name": "vertical",
					"from": [ 2.0, 0.0, 0.0 ],
					"to": [ 3.0, 6.0, 1.2 ],
					"faces": {
						"north": { "texture": "#temporal", "uv": [ 6.0, 5.0, 7.0, 11.0 ] },
						"east": { "texture": "#temporal", "uv": [ 5.0, 6.0, 6.0, 12.0 ] },
						"south": { "texture": "#temporal", "uv": [ 13.0, 10.0, 14.0, 16.0 ] },
						"west": { "texture": "#temporal", "uv": [ 0.0, 0.0, 1.0, 6.0 ] },
						"up": { "texture": "#temporal", "uv": [ 3.0, 4.0, 4.0, 5.0 ] },
						"down": { "texture": "#temporal", "uv": [ 0.0, 0.0, 1.0, 1.0 ] }
					},
					"children": [
						{
							"name": "Cube1",
							"from": [ 0.5, 3.5, -0.1 ],
							"to": [ 0.7, 3.7, 1.5 ],
							"rotationOrigin": [ 0.6, 2.5, 0.0 ],
							"faces": {
								"north": { "texture": "#temporal", "uv": [ 0.0, 0.0, 0.5, 0.5 ] },
								"east": { "texture": "#temporal", "uv": [ 0.0, 0.0, 1.5, 0.5 ] },
								"south": { "texture": "#temporal", "uv": [ 0.0, 0.0, 0.5, 0.5 ] },
								"west": { "texture": "#temporal", "uv": [ 0.0, 0.0, 1.5, 0.5 ] },
								"up": { "texture": "#temporal", "uv": [ 0.0, 0.0, 0.5, 1.5 ] },
								"down": { "texture": "#temporal", "uv": [ 0.0, 0.0, 0.5, 1.5 ] }
							}
						},
						{
							"name": "Cube10",
							"from": [ -1.5, 2.4, -0.3 ],
							"to": [ -1.3, 2.6, 1.4 ],
							"rotationOrigin": [ 0.6, 2.5, 0.0 ],
							"faces": {
								"north": { "texture": "#temporal", "uv": [ 0.0, 0.0, 0.5, 0.5 ] },
								"east": { "texture": "#temporal", "uv": [ 0.0, 0.0, 1.5, 0.5 ] },
								"south": { "texture": "#temporal", "uv": [ 0.0, 0.0, 0.5, 0.5 ] },
								"west": { "texture": "#temporal", "uv": [ 0.0, 0.0, 1.5, 0.5 ] },
								"up": { "texture": "#temporal", "uv": [ 0.0, 0.0, 0.5, 1.5 ] },
								"down": { "texture": "#temporal", "uv": [ 0.0, 0.0, 0.5, 1.5 ] }
							}
						},
						{
							"name": "Cube11",
							"from": [ -1.0, 4.0, 0.4 ],
							"to": [ -0.8, 4.2, 1.5 ],
							"rotationOrigin": [ 0.6, 2.5, 0.0 ],
							"faces": {
								"north": { "texture": "#temporal", "uv": [ 0.0, 0.0, 0.5, 0.5 ] },
								"east": { "texture": "#temporal", "uv": [ 0.0, 0.0, 1.0, 0.5 ] },
								"south": { "texture": "#temporal", "uv": [ 0.0, 0.0, 0.5, 0.5 ] },
								"west": { "texture": "#temporal", "uv": [ 0.0, 0.0, 1.0, 0.5 ] },
								"up": { "texture": "#temporal", "uv": [ 0.0, 0.0, 0.5, 1.0 ] },
								"down": { "texture": "#temporal", "uv": [ 0.0, 0.0, 0.5, 1.0 ] }
							}
						},
						{
							"name": "Cube12",
							"from": [ -0.2, 2.0, -0.5 ],
							"to": [ 0.0, 2.2, 1.4 ],
							"rotationOrigin": [ 0.6, 2.5, 0.0 ],
							"faces": {
								"north": { "texture": "#temporal", "uv": [ 0.0, 0.0, 0.5, 0.5 ] },
								"east": { "texture": "#temporal", "uv": [ 0.0, 0.0, 1.5, 0.5 ] },
								"south": { "texture": "#temporal", "uv": [ 0.0, 0.0, 0.5, 0.5 ] },
								"west": { "texture": "#temporal", "uv": [ 0.0, 0.0, 1.5, 0.5 ] },
								"up": { "texture": "#temporal", "uv": [ 0.0, 0.0, 0.5, 1.5 ] },
								"down": { "texture": "#temporal", "uv": [ 0.0, 0.0, 0.5, 1.5 ] }
							}
						}
					]
				},
				{
					"name": "horizontal 1",
					"from": [ -1.5, 3.5, -0.1 ],
					"to": [ 4.5, 4.5, 1.3 ],
					"faces": {
						"north": { "texture": "#temporal", "uv": [ 0.0, 1.0, 6.0, 2.0 ] },
						"east": { "texture": "#temporal", "uv": [ 4.0, 0.0, 5.0, 1.0 ] },
						"south": { "texture": "#temporal", "uv": [ 3.0, 7.0, 9.0, 8.0 ] },
						"west": { "texture": "#temporal", "uv": [ 6.0, 7.0, 7.0, 8.0 ] },
						"up": { "texture": "#temporal", "uv": [ 0.0, 1.0, 6.0, 2.0 ] },
						"down": { "texture": "#temporal", "uv": [ 0.0, 0.0, 6.0, 1.0 ] }
					}
				},
				{
					"name": "horizontal 2",
					"from": [ -1.5, 1.5, -0.1 ],
					"to": [ 4.5, 2.5, 1.3 ],
					"faces": {
						"north": { "texture": "#temporal", "uv": [ 0.0, 0.0, 6.0, 1.0 ] },
						"east": { "texture": "#temporal", "uv": [ 2.0, 11.0, 3.0, 12.0 ] },
						"south": { "texture": "#temporal", "uv": [ 9.0, 6.0, 15.0, 7.0 ] },
						"west": { "texture": "#temporal", "uv": [ 13.0, 12.0, 14.0, 13.0 ] },
						"up": { "texture": "#temporal", "uv": [ 0.0, 0.0, 6.0, 1.0 ] },
						"down": { "texture": "#temporal", "uv": [ 0.0, 0.0, 6.0, 1.0 ] }
					}
				},
				{
					"name": "secondary vertical 1",
					"from": [ -1.0, 0.5, 0.1 ],
					"to": [ 0.0, 5.5, 1.1 ],
					"faces": {
						"north": { "texture": "#temporal", "uv": [ 0.0, 0.0, 1.0, 5.0 ] },
						"east": { "texture": "#temporal", "uv": [ 0.0, 0.0, 1.0, 5.0 ] },
						"south": { "texture": "#temporal", "uv": [ 3.0, 3.0, 4.0, 8.0 ] },
						"west": { "texture": "#temporal", "uv": [ 0.0, 0.0, 1.0, 5.0 ] },
						"up": { "texture": "#temporal", "uv": [ 11.0, 4.0, 12.0, 5.0 ] },
						"down": { "texture": "#temporal", "uv": [ 3.0, 9.0, 4.0, 10.0 ] }
					}
				},
				{
					"name": "secondary vertical 2",
					"from": [ 3.0, 0.5, 0.1 ],
					"to": [ 4.0, 5.5, 1.1 ],
					"faces": {
						"north": { "texture": "#temporal", "uv": [ 0.0, 0.0, 1.0, 5.0 ] },
						"east": { "texture": "#temporal", "uv": [ 0.0, 0.0, 1.0, 5.0 ] },
						"south": { "texture": "#temporal", "uv": [ 6.0, 1.0, 7.0, 6.0 ] },
						"west": { "texture": "#temporal", "uv": [ 5.0, 6.0, 6.0, 11.0 ] },
						"up": { "texture": "#temporal", "uv": [ 5.0, 3.0, 6.0, 4.0 ] },
						"down": { "texture": "#temporal", "uv": [ 1.0, 10.0, 2.0, 11.0 ] }
					}
				},
				{
					"name": "cube up",
					"from": [ 1.0, 4.5, 0.1 ],
					"to": [ 2.0, 5.5, 1.1 ],
					"faces": {
						"north": { "texture": "#temporal", "uv": [ 5.0, 13.0, 6.0, 14.0 ] },
						"east": { "texture": "#temporal", "uv": [ 4.0, 6.0, 5.0, 7.0 ] },
						"south": { "texture": "#temporal", "uv": [ 8.0, 6.0, 9.0, 7.0 ] },
						"west": { "texture": "#temporal", "uv": [ 4.0, 11.0, 5.0, 12.0 ] },
						"up": { "texture": "#temporal", "uv": [ 3.0, 4.0, 4.0, 5.0 ] },
						"down": { "texture": "#temporal", "uv": [ 0.0, 0.0, 1.0, 1.0 ] }
					}
				},
				{
					"name": "Cube16",
					"from": [ 1.0, 0.5, 0.1 ],
					"to": [ 2.0, 1.5, 1.1 ],
					"faces": {
						"north": { "texture": "#temporal", "uv": [ 0.0, 0.0, 1.0, 1.0 ] },
						"east": { "texture": "#temporal", "uv": [ 0.0, 0.0, 1.0, 1.0 ] },
						"south": { "texture": "#temporal", "uv": [ 13.0, 15.0, 14.0, 16.0 ] },
						"west": { "texture": "#temporal", "uv": [ 0.0, 0.0, 1.0, 1.0 ] },
						"up": { "texture": "#temporal", "uv": [ 2.0, 3.0, 3.0, 4.0 ] },
						"down": { "texture": "#temporal", "uv": [ 2.0, 1.0, 3.0, 2.0 ] }
					}
				}
			]
		},
		{
			"name": "Gem1",
			"from": [ 10.8, 14.0, 2.4 ],
			"to": [ 10.8, 14.0, 2.4 ],
			"renderInEditor": false,
			"rotationOrigin": [ 12.0, 14.5, 4.0 ],
			"faces": {
			},
			"children": [
				{
					"name": "Cube1",
					"from": [ 0.2, 0.5, 0.9 ],
					"to": [ 1.8, 1.3, 2.4 ],
					"rotationOrigin": [ 0.0, 0.0, 0.0 ],
					"rotationY": 11.0,
					"faces": {
						"north": { "texture": "#diamond", "uv": [ 7.5, 7.5, 9.0, 8.0 ] },
						"east": { "texture": "#diamond", "uv": [ 8.0, 9.0, 9.5, 9.5 ] },
						"south": { "texture": "#diamond", "uv": [ 7.5, 7.5, 9.0, 8.0 ] },
						"west": { "texture": "#diamond", "uv": [ 7.0, 10.0, 8.5, 10.5 ] },
						"up": { "texture": "#diamond", "uv": [ 7.5, 10.0, 9.0, 11.5 ] },
						"down": { "texture": "#diamond", "uv": [ 6.5, 7.0, 8.0, 8.5 ] }
					}
				},
				{
					"name": "Cube5",
					"from": [ 0.8, 0.8, 1.2 ],
					"to": [ 1.5, 2.3, 1.9 ],
					"rotationOrigin": [ 0.0, 0.0, 0.0 ],
					"rotationY": 19.0,
					"rotationZ": -8.0,
					"faces": {
						"north": { "texture": "#diamond", "uv": [ 8.5, 6.5, 9.0, 8.0 ] },
						"east": { "texture": "#diamond", "uv": [ 14.0, 11.0, 14.5, 12.5 ] },
						"south": { "texture": "#diamond", "uv": [ 7.5, 8.0, 8.0, 9.5 ] },
						"west": { "texture": "#diamond", "uv": [ 8.0, 6.0, 8.5, 7.5 ] },
						"up": { "texture": "#diamond", "uv": [ 4.5, 6.5, 5.0, 7.0 ] },
						"down": { "texture": "#diamond", "uv": [ 3.5, 6.5, 4.0, 7.0 ] }
					}
				},
				{
					"name": "Cube6",
					"from": [ 1.2, 1.5, 0.0 ],
					"to": [ 2.1, 2.5, 0.9 ],
					"rotationOrigin": [ 0.0, 0.0, 0.0 ],
					"rotationX": 8.0,
					"rotationY": -42.0,
					"rotationZ": -17.0,
					"faces": {
						"north": { "texture": "#diamond", "uv": [ 8.5, 11.0, 9.0, 12.0 ] },
						"east": { "texture": "#diamond", "uv": [ 7.5, 7.5, 8.0, 8.5 ] },
						"south": { "texture": "#diamond", "uv": [ 7.0, 10.0, 7.5, 11.0 ] },
						"west": { "texture": "#diamond", "uv": [ 9.5, 8.5, 10.0, 9.5 ] },
						"up": { "texture": "#diamond", "uv": [ 7.0, 12.0, 7.5, 12.5 ] },
						"down": { "texture": "#diamond", "uv": [ 8.5, 8.0, 9.0, 8.5 ] }
					}
				},
				{
					"name": "Cube7",
					"from": [ 0.8, 0.6, 0.1 ],
					"to": [ 1.8, 1.4, 1.0 ],
					"rotationOrigin": [ 0.0, -0.1, -0.1 ],
					"rotationY": -22.0,
					"rotationZ": 8.0,
					"faces": {
						"north": { "texture": "#diamond", "uv": [ 4.0, 9.5, 5.0, 10.0 ] },
						"east": { "texture": "#diamond", "uv": [ 8.0, 7.5, 8.5, 8.0 ] },
						"south": { "texture": "#diamond", "uv": [ 10.0, 7.0, 11.0, 7.5 ] },
						"west": { "texture": "#diamond", "uv": [ 8.0, 7.5, 8.5, 8.0 ] },
						"up": { "texture": "#diamond", "uv": [ 7.5, 9.5, 8.5, 10.0 ] },
						"down": { "texture": "#diamond", "uv": [ 7.0, 5.0, 8.0, 5.5 ] }
					}
				},
				{
					"name": "Cube8",
					"from": [ 0.8, 0.4, 0.8 ],
					"to": [ 1.8, 1.7, 1.8 ],
					"rotationOrigin": [ 0.0, 0.0, 0.0 ],
					"rotationY": -8.0,
					"rotationZ": 11.0,
					"faces": {
						"north": { "texture": "#diamond", "uv": [ 7.0, 6.0, 8.0, 7.0 ] },
						"east": { "texture": "#diamond", "uv": [ 8.5, 7.0, 9.5, 8.0 ] },
						"south": { "texture": "#diamond", "uv": [ 7.5, 5.5, 8.5, 6.5 ] },
						"west": { "texture": "#diamond", "uv": [ 7.0, 4.5, 8.0, 5.5 ] },
						"up": { "texture": "#diamond", "uv": [ 4.0, 9.0, 5.0, 10.0 ] },
						"down": { "texture": "#diamond", "uv": [ 7.0, 7.0, 8.0, 8.0 ] }
					}
				},
				{
					"name": "Cube9",
					"from": [ 0.8, 0.4, 0.9 ],
					"to": [ 1.6, 2.6, 1.6 ],
					"faces": {
						"north": { "texture": "#diamond", "uv": [ 7.5, 5.0, 8.0, 7.0 ] },
						"east": { "texture": "#diamond", "uv": [ 11.0, 4.5, 11.5, 6.5 ] },
						"south": { "texture": "#diamond", "uv": [ 7.5, 7.0, 8.0, 9.0 ] },
						"west": { "texture": "#diamond", "uv": [ 7.5, 4.0, 8.0, 6.0 ] },
						"up": { "texture": "#diamond", "uv": [ 4.5, 6.0, 5.0, 6.5 ] },
						"down": { "texture": "#diamond", "uv": [ 5.0, 5.0, 5.5, 5.5 ] }
					}
				}
			]
		},
		{
			"name": "Book2",
			"from": [ 4.4, 5.7, 8.2 ],
			"to": [ 4.4, 5.7, 8.2 ],
			"rotationOrigin": [ 4.4, 5.7, 8.2 ],
			"rotationX": 90.0,
			"rotationZ": -90.0,
			"faces": {
			},
			"children": [
				{
					"name": "Pages2",
					"from": [ -2.0, 0.4, -4.0 ],
					"to": [ 3.0, 1.4, 4.0 ],
					"rotationOrigin": [ 0.0, 0.4, 0.0 ],
					"faces": {
						"north": { "texture": "#book", "uv": [ 0.0, 0.0, 5.0, 1.0 ] },
						"east": { "texture": "#book", "uv": [ 5.0, 0.0, 13.0, 1.0 ] },
						"south": { "texture": "#book", "uv": [ 0.0, 1.0, 5.0, 2.0 ] }
					},
					"children": [
						{
							"name": "CoverTop2",
							"from": [ 0.0, 1.0, -0.2 ],
							"to": [ 5.2, 1.4, 8.2 ],
							"rotationOrigin": [ 2.7, 1.0, 4.0 ],
							"faces": {
								"north": { "texture": "#normal-darkgray", "uv": [ 7.5, 9.5, 8.0, 14.5 ], "rotation": 90 },
								"east": { "texture": "#normal-darkgray", "uv": [ 5.0, 15.5, 13.0, 16.0 ] },
								"south": { "texture": "#normal-darkgray", "uv": [ 15.0, 0.5, 15.5, 5.5 ], "rotation": 90 },
								"up": { "texture": "#normal-darkgray", "uv": [ 0.0, 7.5, 5.0, 15.5 ] },
								"down": { "texture": "#normal-darkgray", "uv": [ 5.0, 7.5, 10.0, 15.5 ] }
							}
						},
						{
							"name": "CoverBottom2",
							"from": [ 0.0, -0.4, -0.2 ],
							"to": [ 5.2, 0.0, 8.2 ],
							"rotationOrigin": [ 2.7, -0.4, 4.0 ],
							"faces": {
								"north": { "texture": "#normal-darkgray", "uv": [ 7.5, 9.0, 8.0, 14.0 ], "rotation": 90 },
								"east": { "texture": "#normal-darkgray", "uv": [ 5.0, 15.5, 13.0, 16.0 ] },
								"south": { "texture": "#normal-darkgray", "uv": [ 15.0, 0.5, 15.5, 5.5 ], "rotation": 90 },
								"up": { "texture": "#normal-darkgray", "uv": [ 5.0, 7.5, 10.0, 15.5 ] },
								"down": { "texture": "#normal-darkgray", "uv": [ 10.0, 7.5, 15.0, 15.5 ] }
							}
						},
						{
							"name": "Back2",
							"from": [ -0.3, -0.4, -0.2 ],
							"to": [ 0.0, 1.4, 8.2 ],
							"rotationOrigin": [ -0.3, 0.5, 4.0 ],
							"faces": {
								"north": { "texture": "#normal-darkgray", "uv": [ 8.0, 5.0, 8.5, 6.5 ] },
								"east": { "texture": "#normal-darkgray", "uv": [ 0.0, 4.0, 8.0, 5.5 ] },
								"south": { "texture": "#normal-darkgray", "uv": [ 8.5, 5.0, 9.0, 6.5 ] },
								"west": { "texture": "#normal-darkgray", "uv": [ 0.0, 0.0, 4.5, 6.5 ], "autoUv": false },
								"up": { "texture": "#normal-darkgray", "uv": [ 15.5, 8.0, 16.0, 16.0 ] },
								"down": { "texture": "#normal-darkgray", "uv": [ 15.0, 8.0, 15.5, 16.0 ] }
							}
						},
						{
							"name": "Backend2",
							"from": [ -0.6, -0.2, -0.2 ],
							"to": [ -0.3, 1.2, 8.2 ],
							"rotationOrigin": [ -0.6, 0.5, 4.0 ],
							"faces": {
								"north": { "texture": "#normal-darkgray", "uv": [ 7.5, 8.5, 8.0, 9.5 ] },
								"south": { "texture": "#normal-darkgray", "uv": [ 0.0, 0.0, 4.0, 6.5 ], "autoUv": false },
								"west": { "texture": "#normal-darkgray", "uv": [ 0.0, 7.0, 3.5, 16.0 ], "rotation": 90, "autoUv": false },
								"up": { "texture": "#normal-darkgray", "uv": [ 0.0, 0.0, 3.5, 6.0 ], "rotation": 90, "autoUv": false },
								"down": { "texture": "#normal-darkgray", "uv": [ 0.0, 0.0, 3.5, 6.0 ], "rotation": 90, "autoUv": false }
							}
						}
					]
				}
			]
		},
		{
			"name": "Book3",
			"from": [ 6.2, 5.7, 8.2 ],
			"to": [ 6.2, 5.7, 8.2 ],
			"rotationOrigin": [ 6.2, 5.7, 8.2 ],
			"rotationX": 90.0,
			"rotationZ": -90.0,
			"faces": {
			},
			"children": [
				{
					"name": "Pages3",
					"from": [ -2.0, 0.4, -4.0 ],
					"to": [ 3.0, 1.4, 4.0 ],
					"rotationOrigin": [ 0.0, 0.4, 0.0 ],
					"faces": {
						"north": { "texture": "#book", "uv": [ 0.0, 0.0, 5.0, 1.0 ] },
						"east": { "texture": "#book", "uv": [ 5.0, 0.0, 13.0, 1.0 ] },
						"south": { "texture": "#book", "uv": [ 0.0, 1.0, 5.0, 2.0 ] }
					},
					"children": [
						{
							"name": "CoverTop3",
							"from": [ 0.0, 1.0, -0.2 ],
							"to": [ 5.2, 1.4, 8.2 ],
							"rotationOrigin": [ 2.7, 1.0, 4.0 ],
							"faces": {
								"north": { "texture": "#normal-cherryred", "uv": [ 5.5, 12.0, 10.5, 12.5 ] },
								"east": { "texture": "#normal-cherryred", "uv": [ 5.0, 15.5, 13.0, 16.0 ] },
								"south": { "texture": "#normal-cherryred", "uv": [ 15.0, 3.0, 15.5, 8.0 ], "rotation": 90 },
								"up": { "texture": "#normal-cherryred", "uv": [ 0.0, 7.5, 5.0, 15.5 ] },
								"down": { "texture": "#normal-cherryred", "uv": [ 5.0, 7.5, 10.0, 15.5 ] }
							}
						},
						{
							"name": "CoverBottom3",
							"from": [ 0.0, -0.4, -0.2 ],
							"to": [ 5.2, 0.0, 8.2 ],
							"rotationOrigin": [ 2.7, -0.4, 4.0 ],
							"faces": {
								"north": { "texture": "#normal-cherryred", "uv": [ 5.5, 12.0, 10.5, 12.5 ] },
								"east": { "texture": "#normal-cherryred", "uv": [ 5.0, 11.5, 13.0, 12.0 ] },
								"south": { "texture": "#normal-cherryred", "uv": [ 10.0, 0.5, 10.5, 5.5 ], "rotation": 90, "windMode": [-1,-1,-1,-1] },
								"up": { "texture": "#normal-cherryred", "uv": [ 5.5, 7.5, 10.5, 15.5 ] },
								"down": { "texture": "#normal-cherryred", "uv": [ 10.5, 7.5, 15.5, 15.5 ] }
							}
						},
						{
							"name": "Back3",
							"from": [ -0.3, -0.4, -0.2 ],
							"to": [ 0.0, 1.4, 8.2 ],
							"rotationOrigin": [ -0.3, 0.5, 4.0 ],
							"faces": {
								"north": { "texture": "#normal-cherryred", "uv": [ 8.0, 5.0, 8.5, 6.5 ] },
								"east": { "texture": "#normal-cherryred", "uv": [ 0.0, 4.0, 8.0, 5.5 ] },
								"south": { "texture": "#normal-cherryred", "uv": [ 8.5, 5.0, 9.0, 6.5 ] },
								"west": { "texture": "#normal-cherryred", "uv": [ 0.0, 0.0, 4.0, 6.5 ], "autoUv": false },
								"up": { "texture": "#normal-cherryred", "uv": [ 15.5, 8.0, 16.0, 16.0 ] },
								"down": { "texture": "#normal-cherryred", "uv": [ 15.0, 8.0, 15.5, 16.0 ] }
							}
						},
						{
							"name": "Backend3",
							"from": [ -0.6, -0.2, -0.2 ],
							"to": [ -0.3, 1.2, 8.2 ],
							"rotationOrigin": [ -0.6, 0.5, 4.0 ],
							"faces": {
								"north": { "texture": "#normal-cherryred", "uv": [ 0.0, 6.5, 1.0, 7.0 ], "rotation": 90 },
								"south": { "texture": "#normal-cherryred", "uv": [ 0.0, 7.5, 3.5, 16.5 ], "autoUv": false },
								"west": { "texture": "#normal-cherryred", "uv": [ 0.0, 7.0, 3.5, 16.0 ], "rotation": 90, "autoUv": false },
								"up": { "texture": "#normal-cherryred", "uv": [ 0.0, 0.0, 4.0, 6.0 ], "rotation": 90, "autoUv": false },
								"down": { "texture": "#normal-cherryred", "uv": [ 0.0, 0.0, 4.0, 6.0 ], "rotation": 90, "autoUv": false }
							}
						}
					]
				}
			]
		},
		{
			"name": "Book4",
			"from": [ 8.0, 5.7, 8.2 ],
			"to": [ 8.0, 5.7, 8.2 ],
			"rotationOrigin": [ 8.0, 5.7, 8.2 ],
			"rotationX": 90.0,
			"rotationZ": -90.0,
			"faces": {
			},
			"children": [
				{
					"name": "Pages4",
					"from": [ -2.0, 0.4, -4.0 ],
					"to": [ 3.0, 1.4, 4.0 ],
					"rotationOrigin": [ 0.0, 0.4, 0.0 ],
					"faces": {
						"north": { "texture": "#book", "uv": [ 0.0, 0.0, 5.0, 1.0 ] },
						"east": { "texture": "#book", "uv": [ 5.0, 0.0, 13.0, 1.0 ] },
						"south": { "texture": "#book", "uv": [ 0.0, 1.0, 5.0, 2.0 ] }
					},
					"children": [
						{
							"name": "CoverTop4",
							"from": [ 0.0, 1.0, -0.2 ],
							"to": [ 5.2, 1.4, 8.2 ],
							"rotationOrigin": [ 2.7, 1.0, 4.0 ],
							"faces": {
								"north": { "texture": "#normal-darkolive", "uv": [ 8.0, 9.5, 13.0, 10.0 ] },
								"east": { "texture": "#normal-darkolive", "uv": [ 5.0, 15.5, 13.0, 16.0 ] },
								"south": { "texture": "#normal-darkolive", "uv": [ 14.5, 0.5, 15.0, 5.5 ], "rotation": 90 },
								"up": { "texture": "#normal-darkolive", "uv": [ 0.5, 7.5, 5.5, 15.5 ] },
								"down": { "texture": "#normal-darkolive", "uv": [ 6.0, 7.0, 11.0, 15.0 ] }
							}
						},
						{
							"name": "CoverBottom4",
							"from": [ 0.0, -0.4, -0.2 ],
							"to": [ 5.2, 0.0, 8.2 ],
							"rotationOrigin": [ 2.7, -0.4, 4.0 ],
							"faces": {
								"north": { "texture": "#normal-darkolive", "uv": [ 0.0, 15.5, 5.0, 16.0 ] },
								"east": { "texture": "#normal-darkolive", "uv": [ 5.0, 15.5, 13.0, 16.0 ] },
								"south": { "texture": "#normal-darkolive", "uv": [ 15.5, 3.0, 16.0, 8.0 ], "rotation": 90 },
								"up": { "texture": "#normal-darkolive", "uv": [ 5.0, 7.5, 10.0, 15.5 ] },
								"down": { "texture": "#normal-darkolive", "uv": [ 10.0, 7.5, 15.0, 15.5 ] }
							}
						},
						{
							"name": "Back4",
							"from": [ -0.3, -0.4, -0.2 ],
							"to": [ 0.0, 1.4, 8.2 ],
							"rotationOrigin": [ -0.3, 0.5, 4.0 ],
							"faces": {
								"north": { "texture": "#normal-darkolive", "uv": [ 8.0, 5.0, 8.5, 6.5 ] },
								"east": { "texture": "#normal-darkolive", "uv": [ 0.0, 4.0, 8.0, 5.5 ] },
								"south": { "texture": "#normal-darkolive", "uv": [ 8.5, 5.0, 9.0, 6.5 ] },
								"west": { "texture": "#normal-darkolive", "uv": [ 0.0, 0.0, 4.5, 6.0 ], "rotation": 90, "autoUv": false },
								"up": { "texture": "#normal-darkolive", "uv": [ 15.5, 8.0, 16.0, 16.0 ] },
								"down": { "texture": "#normal-darkolive", "uv": [ 15.0, 8.0, 15.5, 16.0 ] }
							}
						},
						{
							"name": "Backend4",
							"from": [ -0.6, -0.2, -0.2 ],
							"to": [ -0.3, 1.2, 8.2 ],
							"rotationOrigin": [ -0.6, 0.5, 4.0 ],
							"faces": {
								"north": { "texture": "#normal-darkolive", "uv": [ 0.0, 6.5, 0.5, 7.5 ] },
								"south": { "texture": "#normal-darkolive", "uv": [ 0.5, 6.5, 1.0, 7.5 ] },
								"west": { "texture": "#normal-darkolive", "uv": [ 0.0, 7.0, 4.0, 16.0 ], "rotation": 90, "autoUv": false },
								"up": { "texture": "#normal-darkolive", "uv": [ 0.0, 0.0, 4.0, 6.0 ], "rotation": 90, "autoUv": false },
								"down": { "texture": "#normal-darkolive", "uv": [ 0.0, 0.0, 3.5, 6.0 ], "rotation": 90, "autoUv": false }
							}
						}
					]
				}
			]
		},
		{
			"name": "Book5",
			"from": [ 9.8, 5.7, 8.2 ],
			"to": [ 9.8, 5.7, 8.2 ],
			"rotationOrigin": [ 9.8, 5.7, 8.2 ],
			"rotationX": 90.0,
			"rotationZ": -90.0,
			"faces": {
			},
			"children": [
				{
					"name": "Pages5",
					"from": [ -2.0, 0.4, -4.0 ],
					"to": [ 3.0, 1.4, 4.0 ],
					"rotationOrigin": [ 0.0, 0.4, 0.0 ],
					"faces": {
						"north": { "texture": "#book", "uv": [ 0.0, 0.0, 5.0, 1.0 ] },
						"east": { "texture": "#book", "uv": [ 5.0, 0.0, 13.0, 1.0 ] },
						"south": { "texture": "#book", "uv": [ 0.0, 1.0, 5.0, 2.0 ] }
					},
					"children": [
						{
							"name": "CoverTop5",
							"from": [ 0.0, 1.0, -0.2 ],
							"to": [ 5.2, 1.4, 8.2 ],
							"rotationOrigin": [ 2.7, 1.0, 4.0 ],
							"faces": {
								"north": { "texture": "#normal-purpleorange", "uv": [ 0.0, 15.5, 5.0, 16.0 ] },
								"east": { "texture": "#normal-purpleorange", "uv": [ 5.0, 15.5, 13.0, 16.0 ] },
								"south": { "texture": "#normal-purpleorange", "uv": [ 15.0, 3.0, 15.5, 8.0 ], "rotation": 90 },
								"up": { "texture": "#normal-purpleorange", "uv": [ 0.0, 7.5, 5.0, 15.5 ] },
								"down": { "texture": "#normal-purpleorange", "uv": [ 5.0, 7.5, 10.0, 15.5 ] }
							}
						},
						{
							"name": "CoverBottom5",
							"from": [ 0.0, -0.4, -0.2 ],
							"to": [ 5.2, 0.0, 8.2 ],
							"rotationOrigin": [ 2.7, -0.4, 4.0 ],
							"faces": {
								"north": { "texture": "#normal-purpleorange", "uv": [ 0.0, 15.5, 5.0, 16.0 ] },
								"east": { "texture": "#normal-purpleorange", "uv": [ 5.0, 15.5, 13.0, 16.0 ] },
								"south": { "texture": "#normal-purpleorange", "uv": [ 15.5, 3.0, 16.0, 8.0 ], "rotation": 90 },
								"up": { "texture": "#normal-purpleorange", "uv": [ 5.0, 7.5, 10.0, 15.5 ] },
								"down": { "texture": "#normal-purpleorange", "uv": [ 10.0, 7.5, 15.0, 15.5 ] }
							}
						},
						{
							"name": "Back5",
							"from": [ -0.3, -0.4, -0.2 ],
							"to": [ 0.0, 1.4, 8.2 ],
							"rotationOrigin": [ -0.3, 0.5, 4.0 ],
							"faces": {
								"north": { "texture": "#normal-purpleorange", "uv": [ 8.0, 5.0, 8.5, 6.5 ] },
								"east": { "texture": "#normal-purpleorange", "uv": [ 0.0, 4.0, 8.0, 5.5 ] },
								"south": { "texture": "#normal-purpleorange", "uv": [ 8.5, 5.0, 9.0, 6.5 ] },
								"west": { "texture": "#normal-purpleorange", "uv": [ 0.0, 0.0, 3.5, 6.0 ], "autoUv": false },
								"up": { "texture": "#normal-purpleorange", "uv": [ 15.5, 8.0, 16.0, 16.0 ] },
								"down": { "texture": "#normal-purpleorange", "uv": [ 15.0, 8.0, 15.5, 16.0 ] }
							}
						},
						{
							"name": "Backend5",
							"from": [ -0.6, -0.2, -0.2 ],
							"to": [ -0.3, 1.2, 8.2 ],
							"rotationOrigin": [ -0.6, 0.5, 4.0 ],
							"faces": {
								"north": { "texture": "#normal-purpleorange", "uv": [ 0.0, 6.5, 0.5, 7.5 ] },
								"south": { "texture": "#normal-purpleorange", "uv": [ 7.5, 8.0, 8.0, 9.0 ] },
								"west": { "texture": "#normal-purpleorange", "uv": [ 0.0, 7.0, 4.0, 16.0 ], "rotation": 90, "autoUv": false },
								"up": { "texture": "#normal-purpleorange", "uv": [ 9.0, 0.0, 11.0, 6.5 ], "rotation": 90, "autoUv": false },
								"down": { "texture": "#normal-purpleorange", "uv": [ 7.0, 0.0, 9.0, 6.5 ], "rotation": 90, "autoUv": false }
							}
						}
					]
				}
			]
		},
		{
			"name": "Gem2",
			"from": [ 8.8, 10.0, 8.4 ],
			"to": [ 8.8, 10.0, 8.4 ],
			"rotationOrigin": [ 10.0, 10.5, 10.0 ],
			"faces": {
			},
			"children": [
				{
					"name": "Cube2",
					"from": [ 0.2, 0.5, 0.9 ],
					"to": [ 1.8, 1.3, 2.4 ],
					"rotationOrigin": [ 0.0, 0.0, 0.0 ],
					"rotationY": 11.0,
					"faces": {
						"north": { "texture": "#diamond", "uv": [ 7.5, 7.5, 9.0, 8.0 ] },
						"east": { "texture": "#diamond", "uv": [ 8.0, 9.0, 9.5, 9.5 ] },
						"south": { "texture": "#diamond", "uv": [ 7.5, 7.5, 9.0, 8.0 ] },
						"west": { "texture": "#diamond", "uv": [ 7.0, 10.0, 8.5, 10.5 ] },
						"up": { "texture": "#diamond", "uv": [ 7.5, 10.0, 9.0, 11.5 ] },
						"down": { "texture": "#diamond", "uv": [ 6.5, 7.0, 8.0, 8.5 ] }
					}
				},
				{
					"name": "Cube13",
					"from": [ 0.8, 0.8, 1.2 ],
					"to": [ 1.5, 2.3, 1.9 ],
					"rotationOrigin": [ 0.0, 0.0, 0.0 ],
					"rotationY": 19.0,
					"rotationZ": -8.0,
					"faces": {
						"north": { "texture": "#diamond", "uv": [ 8.5, 6.5, 9.0, 8.0 ] },
						"east": { "texture": "#diamond", "uv": [ 14.0, 11.0, 14.5, 12.5 ] },
						"south": { "texture": "#diamond", "uv": [ 7.5, 8.0, 8.0, 9.5 ] },
						"west": { "texture": "#diamond", "uv": [ 8.0, 6.0, 8.5, 7.5 ] },
						"up": { "texture": "#diamond", "uv": [ 4.5, 6.5, 5.0, 7.0 ] },
						"down": { "texture": "#diamond", "uv": [ 3.5, 6.5, 4.0, 7.0 ] }
					}
				},
				{
					"name": "Cube14",
					"from": [ 1.2, 1.5, 0.0 ],
					"to": [ 2.1, 2.5, 0.9 ],
					"rotationOrigin": [ 0.0, 0.0, 0.0 ],
					"rotationX": 8.0,
					"rotationY": -42.0,
					"rotationZ": -17.0,
					"faces": {
						"north": { "texture": "#diamond", "uv": [ 8.5, 11.0, 9.0, 12.0 ] },
						"east": { "texture": "#diamond", "uv": [ 7.5, 7.5, 8.0, 8.5 ] },
						"south": { "texture": "#diamond", "uv": [ 7.0, 10.0, 7.5, 11.0 ] },
						"west": { "texture": "#diamond", "uv": [ 9.5, 8.5, 10.0, 9.5 ] },
						"up": { "texture": "#diamond", "uv": [ 7.0, 12.0, 7.5, 12.5 ] },
						"down": { "texture": "#diamond", "uv": [ 8.5, 8.0, 9.0, 8.5 ] }
					}
				},
				{
					"name": "Cube15",
					"from": [ 0.8, 0.6, 0.1 ],
					"to": [ 1.8, 1.4, 1.0 ],
					"rotationOrigin": [ 0.0, -0.1, -0.1 ],
					"rotationY": -22.0,
					"rotationZ": 8.0,
					"faces": {
						"north": { "texture": "#diamond", "uv": [ 4.0, 9.5, 5.0, 10.0 ] },
						"east": { "texture": "#diamond", "uv": [ 8.0, 7.5, 8.5, 8.0 ] },
						"south": { "texture": "#diamond", "uv": [ 10.0, 7.0, 11.0, 7.5 ] },
						"west": { "texture": "#diamond", "uv": [ 8.0, 7.5, 8.5, 8.0 ] },
						"up": { "texture": "#diamond", "uv": [ 7.5, 9.5, 8.5, 10.0 ] },
						"down": { "texture": "#diamond", "uv": [ 7.0, 5.0, 8.0, 5.5 ] }
					}
				},
				{
					"name": "Cube17",
					"from": [ 0.8, 0.4, 0.8 ],
					"to": [ 1.8, 1.7, 1.8 ],
					"rotationOrigin": [ 0.0, 0.0, 0.0 ],
					"rotationY": -8.0,
					"rotationZ": 11.0,
					"faces": {
						"north": { "texture": "#diamond", "uv": [ 7.0, 6.0, 8.0, 7.0 ] },
						"east": { "texture": "#diamond", "uv": [ 8.5, 7.0, 9.5, 8.0 ] },
						"south": { "texture": "#diamond", "uv": [ 7.5, 5.5, 8.5, 6.5 ] },
						"west": { "texture": "#diamond", "uv": [ 7.0, 4.5, 8.0, 5.5 ] },
						"up": { "texture": "#diamond", "uv": [ 4.0, 9.0, 5.0, 10.0 ] },
						"down": { "texture": "#diamond", "uv": [ 7.0, 7.0, 8.0, 8.0 ] }
					}
				},
				{
					"name": "Cube18",
					"from": [ 0.8, 0.4, 0.9 ],
					"to": [ 1.6, 2.6, 1.6 ],
					"faces": {
						"north": { "texture": "#diamond", "uv": [ 7.5, 5.0, 8.0, 7.0 ] },
						"east": { "texture": "#diamond", "uv": [ 11.0, 4.5, 11.5, 6.5 ] },
						"south": { "texture": "#diamond", "uv": [ 7.5, 7.0, 8.0, 9.0 ] },
						"west": { "texture": "#diamond", "uv": [ 7.5, 4.0, 8.0, 6.0 ] },
						"up": { "texture": "#diamond", "uv": [ 4.5, 6.0, 5.0, 6.5 ] },
						"down": { "texture": "#diamond", "uv": [ 5.0, 5.0, 5.5, 5.5 ] }
					}
				}
			]
		},
		{
			"name": "Emerald1",
			"from": [ 3.8, 10.0, 6.4 ],
			"to": [ 3.8, 10.0, 6.4 ],
			"rotationOrigin": [ 5.0, 10.5, 8.0 ],
			"faces": {
			},
			"children": [
				{
					"name": "Cube1",
					"from": [ 0.2, 0.5, 0.9 ],
					"to": [ 1.8, 1.3, 2.4 ],
					"rotationOrigin": [ 0.0, 0.0, 0.0 ],
					"rotationY": 11.0,
					"faces": {
						"north": { "texture": "#emerald", "uv": [ 4.0, 2.5, 5.5, 3.0 ] },
						"east": { "texture": "#emerald", "uv": [ 10.5, 8.5, 12.0, 9.0 ] },
						"south": { "texture": "#emerald", "uv": [ 8.5, 9.0, 10.0, 9.5 ] },
						"west": { "texture": "#emerald", "uv": [ 9.5, 7.5, 11.0, 8.0 ] },
						"up": { "texture": "#emerald", "uv": [ 4.5, 8.5, 6.0, 10.0 ] },
						"down": { "texture": "#emerald", "uv": [ 6.0, 11.5, 7.5, 13.0 ] }
					}
				},
				{
					"name": "Cube5",
					"from": [ 0.8, 0.8, 1.2 ],
					"to": [ 1.5, 2.3, 1.9 ],
					"rotationOrigin": [ 0.0, 0.0, 0.0 ],
					"rotationY": 19.0,
					"rotationZ": -8.0,
					"faces": {
						"north": { "texture": "#emerald", "uv": [ 10.0, 7.0, 10.5, 8.5 ] },
						"east": { "texture": "#emerald", "uv": [ 9.5, 8.0, 10.0, 9.5 ] },
						"south": { "texture": "#emerald", "uv": [ 6.5, 10.0, 7.0, 11.5 ] },
						"west": { "texture": "#emerald", "uv": [ 7.5, 4.0, 8.0, 5.5 ] },
						"up": { "texture": "#emerald", "uv": [ 8.0, 5.0, 8.5, 5.5 ] },
						"down": { "texture": "#emerald", "uv": [ 3.0, 7.0, 3.5, 7.5 ] }
					}
				},
				{
					"name": "Cube6",
					"from": [ 1.2, 1.5, 0.0 ],
					"to": [ 2.1, 2.5, 0.9 ],
					"rotationOrigin": [ 0.0, 0.0, 0.0 ],
					"rotationX": 8.0,
					"rotationY": -42.0,
					"rotationZ": -17.0,
					"faces": {
						"north": { "texture": "#emerald", "uv": [ 7.5, 11.5, 8.0, 12.5 ] },
						"east": { "texture": "#emerald", "uv": [ 5.0, 7.0, 5.5, 8.0 ] },
						"south": { "texture": "#emerald", "uv": [ 6.0, 7.5, 6.5, 8.5 ] },
						"west": { "texture": "#emerald", "uv": [ 10.5, 5.0, 11.0, 6.0 ] },
						"up": { "texture": "#emerald", "uv": [ 7.5, 11.5, 8.0, 12.0 ] },
						"down": { "texture": "#emerald", "uv": [ 5.0, 7.5, 5.5, 8.0 ] }
					}
				},
				{
					"name": "Cube7",
					"from": [ 0.8, 0.6, 0.1 ],
					"to": [ 1.8, 1.4, 1.0 ],
					"rotationOrigin": [ 0.0, -0.1, -0.1 ],
					"rotationY": -22.0,
					"rotationZ": 8.0,
					"faces": {
						"north": { "texture": "#emerald", "uv": [ 7.0, 4.0, 8.0, 4.5 ] },
						"east": { "texture": "#emerald", "uv": [ 7.0, 4.5, 7.5, 5.0 ] },
						"south": { "texture": "#emerald", "uv": [ 6.0, 6.0, 7.0, 6.5 ] },
						"west": { "texture": "#emerald", "uv": [ 7.5, 7.5, 8.0, 8.0 ] },
						"up": { "texture": "#emerald", "uv": [ 6.5, 9.5, 7.5, 10.0 ] },
						"down": { "texture": "#emerald", "uv": [ 5.0, 8.5, 6.0, 9.0 ] }
					}
				},
				{
					"name": "Cube8",
					"from": [ 0.8, 0.4, 0.8 ],
					"to": [ 1.8, 1.7, 1.8 ],
					"rotationOrigin": [ 0.0, 0.0, 0.0 ],
					"rotationY": -8.0,
					"rotationZ": 11.0,
					"faces": {
						"north": { "texture": "#emerald", "uv": [ 8.0, 6.5, 9.0, 7.5 ] },
						"east": { "texture": "#emerald", "uv": [ 6.5, 6.5, 7.5, 7.5 ] },
						"south": { "texture": "#emerald", "uv": [ 5.5, 7.5, 6.5, 8.5 ] },
						"west": { "texture": "#emerald", "uv": [ 3.5, 6.0, 4.5, 7.0 ] },
						"up": { "texture": "#emerald", "uv": [ 5.0, 9.0, 6.0, 10.0 ] },
						"down": { "texture": "#emerald", "uv": [ 5.5, 7.0, 6.5, 8.0 ] }
					}
				},
				{
					"name": "Cube9",
					"from": [ 0.8, 0.4, 0.9 ],
					"to": [ 1.6, 2.6, 1.6 ],
					"faces": {
						"north": { "texture": "#emerald", "uv": [ 7.5, 4.0, 8.0, 6.0 ] },
						"east": { "texture": "#emerald", "uv": [ 9.0, 7.5, 9.5, 9.5 ] },
						"south": { "texture": "#emerald", "uv": [ 6.0, 6.5, 6.5, 8.5 ] },
						"west": { "texture": "#emerald", "uv": [ 9.0, 5.5, 9.5, 7.5 ] },
						"up": { "texture": "#emerald", "uv": [ 5.5, 8.0, 6.0, 8.5 ] },
						"down": { "texture": "#emerald", "uv": [ 5.0, 5.0, 5.5, 5.5 ] }
					}
				}
			]
		},
		{
			"name": "Peridot1",
			"from": [ 6.7, 10.0, 5.0 ],
			"to": [ 6.7, 10.0, 5.0 ],
			"rotationOrigin": [ 8.0, 10.5, 6.5 ],
			"faces": {
			},
			"children": [
				{
					"name": "Cube1",
					"from": [ 0.2, 0.5, 0.9 ],
					"to": [ 1.8, 1.3, 2.4 ],
					"rotationOrigin": [ 0.0, 0.0, 0.0 ],
					"rotationY": 11.0,
					"faces": {
						"north": { "texture": "#olivine", "uv": [ 4.0, 2.5, 5.5, 3.0 ] },
						"east": { "texture": "#olivine", "uv": [ 6.5, 6.5, 8.0, 7.0 ] },
						"south": { "texture": "#olivine", "uv": [ 3.5, 5.5, 5.0, 6.0 ] },
						"west": { "texture": "#olivine", "uv": [ 3.5, 6.0, 5.0, 6.5 ] },
						"up": { "texture": "#olivine", "uv": [ 4.0, 5.5, 5.5, 7.0 ] },
						"down": { "texture": "#olivine", "uv": [ 5.0, 7.5, 6.5, 9.0 ] }
					}
				},
				{
					"name": "Cube5",
					"from": [ 0.8, 0.8, 1.2 ],
					"to": [ 1.5, 2.3, 1.9 ],
					"rotationOrigin": [ 0.0, 0.0, 0.0 ],
					"rotationY": 19.0,
					"rotationZ": -8.0,
					"faces": {
						"north": { "texture": "#olivine", "uv": [ 11.0, 5.5, 11.5, 7.0 ] },
						"east": { "texture": "#olivine", "uv": [ 7.0, 6.0, 7.5, 7.5 ] },
						"south": { "texture": "#olivine", "uv": [ 6.5, 7.0, 7.0, 8.5 ] },
						"west": { "texture": "#olivine", "uv": [ 10.5, 3.0, 11.0, 4.5 ] },
						"up": { "texture": "#olivine", "uv": [ 8.0, 6.0, 8.5, 6.5 ] },
						"down": { "texture": "#olivine", "uv": [ 5.5, 8.0, 6.0, 8.5 ] }
					}
				},
				{
					"name": "Cube6",
					"from": [ 1.2, 1.5, 0.0 ],
					"to": [ 2.1, 2.5, 0.9 ],
					"rotationOrigin": [ 0.0, 0.0, 0.0 ],
					"rotationX": 8.0,
					"rotationY": -42.0,
					"rotationZ": -17.0,
					"faces": {
						"north": { "texture": "#olivine", "uv": [ 7.0, 8.5, 7.5, 9.5 ] },
						"east": { "texture": "#olivine", "uv": [ 5.0, 7.0, 5.5, 8.0 ] },
						"south": { "texture": "#olivine", "uv": [ 5.0, 8.5, 5.5, 9.5 ] },
						"west": { "texture": "#olivine", "uv": [ 6.5, 8.5, 7.0, 9.5 ] },
						"up": { "texture": "#olivine", "uv": [ 5.5, 7.0, 6.0, 7.5 ] },
						"down": { "texture": "#olivine", "uv": [ 5.0, 7.5, 5.5, 8.0 ] }
					}
				},
				{
					"name": "Cube7",
					"from": [ 0.8, 0.6, 0.1 ],
					"to": [ 1.8, 1.4, 1.0 ],
					"rotationOrigin": [ 0.0, -0.1, -0.1 ],
					"rotationY": -22.0,
					"rotationZ": 8.0,
					"faces": {
						"north": { "texture": "#olivine", "uv": [ 0.0, 0.0, 1.0, 0.5 ] },
						"east": { "texture": "#olivine", "uv": [ 7.0, 4.5, 7.5, 5.0 ] },
						"south": { "texture": "#olivine", "uv": [ 6.0, 6.0, 7.0, 6.5 ] },
						"west": { "texture": "#olivine", "uv": [ 6.0, 7.0, 6.5, 7.5 ] },
						"up": { "texture": "#olivine", "uv": [ 5.5, 8.0, 6.5, 8.5 ] },
						"down": { "texture": "#olivine", "uv": [ 5.0, 4.5, 6.0, 5.0 ] }
					}
				},
				{
					"name": "Cube8",
					"from": [ 0.8, 0.4, 0.8 ],
					"to": [ 1.8, 1.7, 1.8 ],
					"rotationOrigin": [ 0.0, 0.0, 0.0 ],
					"rotationY": -8.0,
					"rotationZ": 11.0,
					"faces": {
						"north": { "texture": "#olivine", "uv": [ 4.0, 2.5, 5.0, 3.5 ] },
						"east": { "texture": "#olivine", "uv": [ 6.5, 6.5, 7.5, 7.5 ] },
						"south": { "texture": "#olivine", "uv": [ 3.5, 5.5, 4.5, 6.5 ] },
						"west": { "texture": "#olivine", "uv": [ 3.5, 6.0, 4.5, 7.0 ] },
						"up": { "texture": "#olivine", "uv": [ 4.0, 5.5, 5.0, 6.5 ] },
						"down": { "texture": "#olivine", "uv": [ 5.0, 5.0, 6.0, 6.0 ] }
					}
				},
				{
					"name": "Cube9",
					"from": [ 0.8, 0.4, 0.9 ],
					"to": [ 1.6, 2.6, 1.6 ],
					"faces": {
						"north": { "texture": "#olivine", "uv": [ 4.0, 2.5, 4.5, 4.5 ] },
						"east": { "texture": "#olivine", "uv": [ 9.5, 6.0, 10.0, 8.0 ] },
						"south": { "texture": "#olivine", "uv": [ 3.5, 5.5, 4.0, 7.5 ] },
						"west": { "texture": "#olivine", "uv": [ 3.5, 6.0, 4.0, 8.0 ] },
						"up": { "texture": "#olivine", "uv": [ 4.5, 8.5, 5.0, 9.0 ] },
						"down": { "texture": "#olivine", "uv": [ 5.0, 5.0, 5.5, 5.5 ] }
					}
				}
			]
		},
		{
			"name": "Scroll1",
			"from": [ 3.0, 14.5, 8.0 ],
			"to": [ 3.0, 14.5, 8.0 ],
			"renderInEditor": false,
			"rotationOrigin": [ 3.0, 14.5, 8.0 ],
			"rotationY": 90.0,
			"faces": {
			},
			"children": [
				{
					"name": "mid",
					"from": [ -5.5, 0.5, -0.5 ],
					"to": [ 5.5, 1.5, 0.5 ],
					"rotationOrigin": [ 0.0, 1.0, 0.0 ],
					"faces": {
						"east": { "texture": "#scrolls-rotten", "uv": [ 5.0, 7.0, 6.0, 8.0 ], "windMode": [-1,-1,-1,-1] },
						"west": { "texture": "#scrolls-rotten", "uv": [ 5.5, 10.0, 6.5, 11.0 ] }
					},
					"children": [
						{
							"name": "d",
							"from": [ -0.5, -0.5, 0.0 ],
							"to": [ 11.5, 0.0, 1.5 ],
							"rotationOrigin": [ 5.5, -0.5, 0.5 ],
							"faces": {
								"east": { "texture": "#scrolls-rotten", "uv": [ 9.5, 14.5, 11.0, 15.0 ] },
								"south": { "texture": "#scrolls-rotten", "uv": [ 0.0, 8.0, 12.0, 8.5 ] },
								"west": { "texture": "#scrolls-rotten", "uv": [ 0.0, 7.0, 0.5, 8.5 ], "rotation": 90 },
								"up": { "texture": "#scrolls-rotten", "uv": [ 0.0, 11.0, 12.0, 12.5 ] },
								"down": { "texture": "#scrolls-rotten", "uv": [ 0.0, 13.0, 12.0, 14.5 ] }
							}
						},
						{
							"name": "n",
							"from": [ -0.5, -0.5, -0.5 ],
							"to": [ 11.5, 1.0, 0.0 ],
							"rotationOrigin": [ 5.5, 0.5, 0.6 ],
							"faces": {
								"north": { "texture": "#scrolls-rotten", "uv": [ 0.0, 13.0, 12.0, 14.5 ] },
								"east": { "texture": "#scrolls-rotten", "uv": [ 0.0, 0.0, 0.5, 1.5 ] },
								"south": { "texture": "#scrolls-rotten", "uv": [ 0.0, 14.0, 12.0, 15.5 ] },
								"west": { "texture": "#scrolls-rotten", "uv": [ 1.5, 9.0, 2.0, 10.5 ] },
								"down": { "texture": "#scrolls-rotten", "uv": [ 0.0, 11.0, 12.0, 11.5 ] }
							}
						},
						{
							"name": "u",
							"from": [ -0.5, 1.0, -0.5 ],
							"to": [ 11.5, 1.5, 1.0 ],
							"rotationOrigin": [ 5.5, 1.0, 0.5 ],
							"faces": {
								"north": { "texture": "#scrolls-rotten", "uv": [ 0.0, 7.0, 12.0, 7.5 ], "windMode": [-1,-1,-1,-1] },
								"east": { "texture": "#scrolls-rotten", "uv": [ 10.0, 3.5, 11.5, 4.0 ], "windMode": [-1,-1,-1,-1] },
								"south": { "texture": "#scrolls-rotten", "uv": [ 0.0, 1.0, 12.0, 1.5 ] },
								"west": { "texture": "#scrolls-rotten", "uv": [ 0.0, 14.0, 1.5, 14.5 ], "windMode": [-1,-1,-1,-1] },
								"up": { "texture": "#scrolls-rotten", "uv": [ 0.0, 7.0, 12.0, 8.5 ], "windMode": [-1,-1,-1,-1] },
								"down": { "texture": "#scrolls-rotten", "uv": [ 0.0, 10.0, 12.0, 11.5 ], "windMode": [-1,-1,-1,-1] }
							}
						},
						{
							"name": "s",
							"from": [ -0.5, 0.0, 1.0 ],
							"to": [ 11.5, 1.5, 1.5 ],
							"rotationOrigin": [ 5.5, 0.0, 0.5 ],
							"faces": {
								"north": { "texture": "#scrolls-rotten", "uv": [ 0.0, 11.0, 12.0, 12.5 ] },
								"east": { "texture": "#scrolls-rotten", "uv": [ 11.0, 9.0, 11.5, 10.5 ] },
								"south": { "texture": "#scrolls-rotten", "uv": [ 0.0, 5.0, 12.0, 6.5 ] },
								"west": { "texture": "#scrolls-rotten", "uv": [ 0.0, 0.0, 0.5, 1.5 ] },
								"up": { "texture": "#scrolls-rotten", "uv": [ 0.0, 5.0, 12.0, 5.5 ] }
							}
						},
						{
							"name": "u2",
							"from": [ -0.51, 1.0, -0.4 ],
							"to": [ 11.49, 1.5, 1.6 ],
							"rotationOrigin": [ 5.5, 1.0, -0.4 ],
							"rotationX": -27.0,
							"faces": {
								"north": { "texture": "#scrolls-rotten", "uv": [ 0.0, 7.0, 12.0, 7.5 ] },
								"east": { "texture": "#scrolls-rotten", "uv": [ 10.0, 3.5, 12.0, 4.0 ] },
								"south": { "texture": "#scrolls-rotten", "uv": [ 0.0, 0.0, 12.0, 0.5 ] },
								"west": { "texture": "#scrolls-rotten", "uv": [ 0.0, 14.0, 2.0, 14.5 ] },
								"up": { "texture": "#scrolls-rotten", "uv": [ 0.0, 7.0, 12.0, 9.0 ] },
								"down": { "texture": "#scrolls-rotten", "uv": [ 0.0, 10.0, 12.0, 12.0 ] }
							}
						}
					]
				}
			]
		}
	],
	"animations": [
		{
			"name": "Stamping",
			"code": "stamping",
			"quantityframes": 60,
			"onActivityStopped": "Rewind",
			"onAnimationEnd": "Repeat",
			"keyframes": [

			]
		},

		{
			"name": "Spinning",
			"code": "Spinning",
			"quantityframes": 16,
			"onActivityStopped": "Rewind",
			"onAnimationEnd": "Repeat",
			"keyframes": [
				{
					"frame": 0,
					"elements": {
						"Gear1": { "rotationX": 0.0, "rotationY": 0.0, "rotationZ": 0.0 }
					}
				},
				{
					"frame": 1,
					"elements": {
						"Gear1": { "rotationX": 0.0, "rotationY": 0.0, "rotationZ": 22.5 }
					}
				},
				{
					"frame": 2,
					"elements": {
						"Gear1": { "rotationX": 0.0, "rotationY": 0.0, "rotationZ": 45.0 }
					}
				},
				{
					"frame": 3,
					"elements": {
						"Gear1": { "rotationX": 0.0, "rotationY": 0.0, "rotationZ": 67.5 }
					}
				},
				{
					"frame": 4,
					"elements": {
						"Gear1": { "rotationX": 0.0, "rotationY": 0.0, "rotationZ": 90.0 }
					}
				},
				{
					"frame": 5,
					"elements": {
						"Gear1": { "rotationX": 0.0, "rotationY": 0.0, "rotationZ": 112.5 }
					}
				},
				{
					"frame": 6,
					"elements": {
						"Gear1": { "rotationX": 0.0, "rotationY": 0.0, "rotationZ": 135.0 }
					}
				},
				{
					"frame": 7,
					"elements": {
						"Gear1": { "rotationX": 0.0, "rotationY": 0.0, "rotationZ": 157.5 }
					}
				},
				{
					"frame": 8,
					"elements": {
						"Gear1": { "rotationX": 0.0, "rotationY": 0.0, "rotationZ": 180.0 }
					}
				},
				{
					"frame": 9,
					"elements": {
						"Gear1": { "rotationX": 0.0, "rotationY": 0.0, "rotationZ": -157.5 }
					}
				},
				{
					"frame": 10,
					"elements": {
						"Gear1": { "rotationX": 0.0, "rotationY": 0.0, "rotationZ": -135.0 }
					}
				},
				{
					"frame": 11,
					"elements": {
						"Gear1": { "rotationX": 0.0, "rotationY": 0.0, "rotationZ": -112.5 }
					}
				},
				{
					"frame": 12,
					"elements": {
						"Gear1": { "rotationX": 0.0, "rotationY": 0.0, "rotationZ": -90.0 }
					}
				},
				{
					"frame": 13,
					"elements": {
						"Gear1": { "rotationX": 0.0, "rotationY": 0.0, "rotationZ": -67.5 }
					}
				},
				{
					"frame": 14,
					"elements": {
						"Gear1": { "rotationX": 0.0, "rotationY": 0.0, "rotationZ": -45.0 }
					}
				},
				{
					"frame": 15,
					"elements": {
						"Gear1": { "rotationX": 0.0, "rotationY": 0.0, "rotationZ": -22.5 }
					}
				}
			]
		},

		{
			"name": "Animation 1",
			"code": "animation1",
			"quantityframes": 120,
			"onActivityStopped": "Rewind",
			"onAnimationEnd": "Repeat",
			"keyframes": [

			]
		},

		{
			"name": "Animation 1",
			"code": "animation1",
			"quantityframes": 120,
			"onActivityStopped": "Rewind",
			"onAnimationEnd": "Repeat",
			"keyframes": [

			]
		},

		{
			"name": "Animation 1",
			"code": "animation1",
			"quantityframes": 120,
			"onActivityStopped": "Rewind",
			"onAnimationEnd": "Repeat",
			"keyframes": [

			]
		},

		{
			"name": "Animation 1",
			"code": "animation1",
			"quantityframes": 120,
			"onActivityStopped": "Rewind",
			"onAnimationEnd": "Repeat",
			"keyframes": [

			]
		}
	]
}