{
    "code": "scaffolding",
    "class": "scaffolding:scaffolding",
    "entityClass": "scaffolding:scaffolding",
    "variantgroups": [
        { "code": "type", "states": ["plain", "tb", "top", "bot"] },
        { "code": "orientation", "states": ["ns", "we"] }
    ],
    "creativeinventorybytype": {
        "scaffolding-top-ns": { "general": ["*"] }
    },
    "shapebytype": {
        "*-top-ns": { "base": "block/scaffolding/top*", "rotatey": 0 },
        "*-top-we": { "base": "block/scaffolding/top*", "rotatey": 90 },
        "*-tb-ns": { "base": "block/scaffolding/tb*", "rotatey": 0 },
        "*-tb-we": { "base": "block/scaffolding/tb*", "rotatey": 90 },
        "*-ns": { "base": "block/scaffolding/{type}", "rotatey": 0 },
        "*-we": { "base": "block/scaffolding/{type}", "rotatey": 90 }
    },
    "textures": {
        "wood-generic": { "base":"game:block/wood/planks/generic"},
        "rope": {"base":"game:block/locustnest/stalagmite/rope"}
    },
    "blockmaterial": "Wood",
    "resistance": 0.25,
    "materialdensity": 600,
    "sounds": {
        "place": "game:block/stickplace",
        "walk": "game:walk/wood"
    },
    "climbable": true,
    "collisionbox": null,
	"sideopaque": {
		"all": false
	},
    "sidesolid": {
        "all": false,
        "up": true
    },
    "rainPermeable": true,
    "lightAbsorption": 0,
    "drops": [
		{ "type": "block", "code": "scaffolding-top-ns", "quantity": { "avg": 1 }  }
	],
    "heldTpIdleAnimation": "holdbothhandslarge",
	"heldRightReadyAnimation": "heldblockready",
	"heldTpUseAnimation": "twohandplaceblock",
	"guiTransform": {
		"rotation": { "x": -28, "y": -45.3, "z": 0 }
	},
	"tpHandTransform": {
		"translation": { "x": -1.23, "y": -0.91, "z": -0.8 },
		"rotation": { "x": -2, "y": 25, "z": -78 },
		"scale": 0.4
	},
	"groundTransform": {
		"translation": { "x": 0, "y": 0, "z": 0 },
		"rotation": { "x": 0, "y": -45, "z": 0 },
		"origin": { "x": 0.5, "y": 0, "z": 0.5 },
		"scale": 1.5
	}
}
