{
	"editor": {
		"allAngles": true,
		"entityTextureMode": true
	},
	"textureWidth": 48,
	"textureHeight": 56,
	"textureSizes": {
		"skin": [48,56]
	},
	"textures": {
	},
	"elements": [
		{
			"name": "Origin",
			"from": [ 8.0, 0.0, 8.0 ],
			"to": [ 8.0, 0.0, 8.0 ],
			"uv": [ 0.0, 0.0 ],
			"rotationOrigin": [ 8.0, 0.0, 8.0 ],
			"faces": {
			},
			"children": [
				{
					"name": "Rear",
					"from": [ 3.1567, 0.5154, -2.45 ],
					"to": [ 8.5567, 7.2154, 2.45 ],
					"unwrapMode": 7,
					"unwrapRotation": 1,
					"autoUnwrap": false,
					"uv": [ 2.5, 68.0 ],
					"rotationOrigin": [ 4.8, 11.6, 0.0 ],
					"rotationX": 3.0,
					"rotationY": -11.0,
					"rotationZ": -4.0,
					"faces": {
						"north": { "texture": "#skin", "uv": [ 13.0, 24.5, 19.5, 29.5 ], "rotation": 90 },
						"east": { "texture": "#skin", "uv": [ 8.5, 29.5, 13.0, 36.0 ] },
						"south": { "texture": "#skin", "uv": [ 2.0, 24.5, 8.5, 29.5 ], "rotation": 270 },
						"west": { "texture": "#skin", "uv": [ 3.0, 31.0, 7.5, 37.5 ] },
						"up": { "texture": "#skin", "uv": [ 8.5, 24.5, 13.0, 29.5 ], "rotation": 270 },
						"down": { "texture": "#skin", "uv": [ 19.5, 24.5, 24.0, 29.5 ], "rotation": 90 }
					},
					"children": [
						{
							"name": "L Haunch",
							"from": [ 2.5, 0.3845, 4.0 ],
							"to": [ 5.8, 5.4845, 5.8 ],
							"unwrapMode": 3,
							"uv": [ 26.5, 29.5 ],
							"rotationOrigin": [ 4.0, 4.7, 4.7 ],
							"rotationX": -12.0,
							"rotationY": 1.5,
							"rotationZ": -7.0,
							"faces": {
								"north": { "texture": "#skin", "uv": [ 32.5, 31.0, 35.5, 36.0 ] },
								"east": { "texture": "#skin", "uv": [ 31.0, 31.0, 32.5, 36.0 ] },
								"south": { "texture": "#skin", "uv": [ 28.0, 31.0, 31.0, 36.0 ] },
								"west": { "texture": "#skin", "uv": [ 26.5, 31.0, 28.0, 36.0 ] },
								"up": { "texture": "#skin", "uv": [ 28.0, 29.5, 31.0, 31.0 ], "windMode": [-1,-1,-1,-1], "windData": [0,0,1,1] },
								"down": { "texture": "#skin", "uv": [ 28.0, 36.0, 31.0, 37.5 ], "rotation": 180 }
							},
							"children": [
								{
									"name": "L LegUp",
									"from": [ 0.7389, -2.6238, 0.3 ],
									"to": [ 2.0389, 1.9762, 1.5 ],
									"unwrapMode": 3,
									"uv": [ 27.0, 38.0 ],
									"rotationOrigin": [ 1.3, 0.4, 1.0 ],
									"rotationX": -13.0,
									"rotationZ": 88.0,
									"faces": {
										"north": { "texture": "#skin", "uv": [ 30.0, 39.0, 31.0, 43.5 ] },
										"east": { "texture": "#skin", "uv": [ 29.0, 39.0, 30.0, 43.5 ] },
										"south": { "texture": "#skin", "uv": [ 28.0, 39.0, 29.0, 43.5 ] },
										"west": { "texture": "#skin", "uv": [ 27.0, 39.0, 28.0, 43.5 ] },
										"up": { "texture": "#skin", "uv": [ 28.0, 38.0, 29.0, 39.0 ] },
										"down": { "texture": "#skin", "uv": [ 28.0, 43.5, 29.0, 44.5 ], "rotation": 180 }
									},
									"children": [
										{
											"name": "L LegLow",
											"from": [ 0.9641, -4.1208, 0.2 ],
											"to": [ 2.1641, 0.3792, 1.0 ],
											"unwrapMode": 3,
											"uv": [ 26.0, 44.5 ],
											"rotationOrigin": [ 0.9, 0.2, 0.6 ],
											"rotationX": 2.0,
											"rotationY": -22.0,
											"rotationZ": -166.0,
											"faces": {
												"north": { "texture": "#skin", "uv": [ 28.0, 45.0, 29.0, 49.5 ] },
												"east": { "texture": "#skin", "uv": [ 27.5, 45.0, 28.0, 49.5 ] },
												"south": { "texture": "#skin", "uv": [ 26.5, 45.0, 27.5, 49.5 ] },
												"west": { "texture": "#skin", "uv": [ 26.0, 45.0, 26.5, 49.5 ] },
												"up": { "texture": "#skin", "uv": [ 26.5, 44.5, 27.5, 45.0 ] },
												"down": { "texture": "#skin", "uv": [ 26.5, 49.5, 27.5, 50.0 ], "rotation": 180, "windMode": [-1,-1,-1,-1] }
											},
											"children": [
												{
													"name": "L Hind Pastern",
													"from": [ 0.0, -1.0, -0.1 ],
													"to": [ 1.0, 0.5, 0.9 ],
													"unwrapMode": 3,
													"uv": [ 28.5, 49.0 ],
													"rotationOrigin": [ 0.3, 0.4, 0.4 ],
													"rotationY": 1.0,
													"rotationZ": 16.0,
													"faces": {
														"north": { "texture": "#skin", "uv": [ 31.5, 50.0, 32.5, 51.5 ] },
														"east": { "texture": "#skin", "uv": [ 30.5, 50.0, 31.5, 51.5 ] },
														"south": { "texture": "#skin", "uv": [ 29.5, 50.0, 30.5, 51.5 ] },
														"west": { "texture": "#skin", "uv": [ 28.5, 50.0, 29.5, 51.5 ] },
														"up": { "texture": "#skin", "uv": [ 29.5, 49.0, 30.5, 50.0 ], "windMode": [-1,-1,-1,-1] },
														"down": { "texture": "#skin", "uv": [ 29.5, 51.5, 30.5, 52.5 ], "rotation": 180 }
													},
													"children": [
														{
															"name": "L Hind Hoof",
															"from": [ 0.2, 0.4, 0.4 ],
															"to": [ 0.2, 0.4, 0.4 ],
															"uv": [ 0.0, 0.0 ],
															"rotationOrigin": [ 0.2, 0.4, 0.4 ],
															"rotationY": 1.0,
															"rotationZ": 65.0,
															"faces": {
															},
															"children": [
																{
																	"name": "L Hind Hoof2",
																	"from": [ -0.6, -0.6, -0.4 ],
																	"to": [ 0.4, -0.2, 0.6 ],
																	"unwrapMode": 5,
																	"uv": [ 42.0, 22.0 ],
																	"rotationOrigin": [ 0.2, -0.3, 0.2 ],
																	"faces": {
																		"north": { "texture": "#skin", "uv": [ 42.5, 22.0, 43.5, 22.5 ], "rotation": 180 },
																		"east": { "texture": "#skin", "uv": [ 43.5, 22.5, 44.0, 23.5 ], "rotation": 90 },
																		"south": { "texture": "#skin", "uv": [ 42.5, 23.5, 43.5, 24.0 ] },
																		"west": { "texture": "#skin", "uv": [ 42.0, 22.5, 42.5, 23.5 ], "rotation": 270 },
																		"up": { "texture": "#skin", "uv": [ 42.5, 22.5, 43.5, 23.5 ] },
																		"down": { "texture": "#skin", "uv": [ 44.0, 22.5, 45.0, 23.5 ] }
																	}
																},
																{
																	"name": "L Hind Hoof1",
																	"from": [ -0.6, -0.6, -0.4 ],
																	"to": [ 0.4, -0.2, 0.6 ],
																	"unwrapMode": 5,
																	"uv": [ 42.0, 19.5 ],
																	"rotationOrigin": [ -0.6, -0.6, -0.4 ],
																	"rotationZ": 40.0,
																	"faces": {
																		"north": { "texture": "#skin", "uv": [ 42.5, 19.5, 43.5, 20.0 ], "rotation": 180 },
																		"east": { "texture": "#skin", "uv": [ 43.5, 20.0, 44.0, 21.0 ], "rotation": 90 },
																		"south": { "texture": "#skin", "uv": [ 42.5, 21.0, 43.5, 21.5 ] },
																		"west": { "texture": "#skin", "uv": [ 42.0, 20.0, 42.5, 21.0 ], "rotation": 270 },
																		"up": { "texture": "#skin", "uv": [ 42.5, 20.0, 43.5, 21.0 ] },
																		"down": { "texture": "#skin", "uv": [ 44.0, 20.0, 45.0, 21.0 ] }
																	}
																}
															]
														}
													]
												}
											]
										},
										{
											"name": "L LegUp Taper",
											"from": [ 0.7, 0.0, 0.1 ],
											"to": [ 1.6, 4.2, 1.1 ],
											"unwrapMode": 2,
											"uv": [ 31.5, 39.0 ],
											"rotationOrigin": [ 1.3, 0.0, 0.1 ],
											"rotationZ": -11.0,
											"faces": {
												"north": { "texture": "#skin", "uv": [ 33.0, 39.0, 33.5, 43.0 ] },
												"east": { "texture": "#skin", "uv": [ 32.0, 39.0, 33.0, 43.0 ] },
												"south": { "texture": "#skin", "uv": [ 31.5, 39.0, 32.0, 43.0 ] },
												"down": { "texture": "#skin", "uv": [ 32.0, 43.0, 33.0, 43.5 ], "rotation": 270 }
											}
										}
									]
								}
							]
						},
						{
							"name": "R Haunch",
							"from": [ 2.5, 0.8045, -1.0 ],
							"to": [ 5.8, 5.9045, 0.8 ],
							"unwrapMode": 1,
							"uv": [ 36.5, 29.5 ],
							"rotationOrigin": [ 4.0, 4.7, 0.1 ],
							"rotationX": 7.0,
							"rotationY": -0.5,
							"rotationZ": -29.0,
							"faces": {
								"north": { "texture": "#skin", "uv": [ 38.0, 31.0, 41.0, 36.0 ] },
								"east": { "texture": "#skin", "uv": [ 36.5, 31.0, 38.0, 36.0 ] },
								"south": { "texture": "#skin", "uv": [ 42.5, 31.0, 45.5, 36.0 ] },
								"west": { "texture": "#skin", "uv": [ 41.0, 31.0, 42.5, 36.0 ] },
								"up": { "texture": "#skin", "uv": [ 38.0, 29.5, 41.0, 31.0 ], "rotation": 180 },
								"down": { "texture": "#skin", "uv": [ 38.0, 36.0, 41.0, 37.5 ] }
							},
							"children": [
								{
									"name": "R LegUp",
									"from": [ 1.1433, -3.3, 0.2396 ],
									"to": [ 2.4433, 1.3, 1.4396 ],
									"unwrapMode": 1,
									"uv": [ 37.0, 38.0 ],
									"rotationOrigin": [ 1.3, 0.4, 0.8 ],
									"rotationZ": 79.0,
									"faces": {
										"north": { "texture": "#skin", "uv": [ 38.0, 39.0, 39.0, 43.5 ] },
										"east": { "texture": "#skin", "uv": [ 37.0, 39.0, 38.0, 43.5 ] },
										"south": { "texture": "#skin", "uv": [ 40.0, 39.0, 41.0, 43.5 ] },
										"west": { "texture": "#skin", "uv": [ 39.0, 39.0, 40.0, 43.5 ] },
										"up": { "texture": "#skin", "uv": [ 38.0, 38.0, 39.0, 39.0 ], "rotation": 180 },
										"down": { "texture": "#skin", "uv": [ 38.0, 43.5, 39.0, 44.5 ] }
									},
									"children": [
										{
											"name": "R LegLow",
											"from": [ 0.6019, -4.0, 0.2 ],
											"to": [ 1.8019, 0.5, 1.0 ],
											"unwrapMode": 1,
											"uv": [ 36.0, 44.5 ],
											"rotationOrigin": [ 0.9, 0.2, 0.6 ],
											"rotationX": 16.0,
											"rotationY": -19.0,
											"rotationZ": -133.0,
											"faces": {
												"north": { "texture": "#skin", "uv": [ 36.5, 45.0, 37.5, 49.5 ] },
												"east": { "texture": "#skin", "uv": [ 36.0, 45.0, 36.5, 49.5 ] },
												"south": { "texture": "#skin", "uv": [ 38.0, 45.0, 39.0, 49.5 ] },
												"west": { "texture": "#skin", "uv": [ 37.5, 45.0, 38.0, 49.5 ] },
												"up": { "texture": "#skin", "uv": [ 36.5, 44.5, 37.5, 45.0 ], "rotation": 180 },
												"down": { "texture": "#skin", "uv": [ 36.5, 49.5, 37.5, 50.0 ] }
											},
											"children": [
												{
													"name": "R Hind Pastern",
													"from": [ 0.0, -1.0, -0.1 ],
													"to": [ 1.0, 0.5, 0.9 ],
													"unwrapMode": 1,
													"uv": [ 38.5, 49.0 ],
													"rotationOrigin": [ 0.3, 0.4, 0.4 ],
													"rotationY": -1.0,
													"rotationZ": 22.0,
													"faces": {
														"north": { "texture": "#skin", "uv": [ 39.5, 50.0, 40.5, 51.5 ] },
														"east": { "texture": "#skin", "uv": [ 38.5, 50.0, 39.5, 51.5 ] },
														"south": { "texture": "#skin", "uv": [ 41.5, 50.0, 42.5, 51.5 ] },
														"west": { "texture": "#skin", "uv": [ 40.5, 50.0, 41.5, 51.5 ] },
														"up": { "texture": "#skin", "uv": [ 39.5, 49.0, 40.5, 50.0 ], "rotation": 180, "windMode": [-1,-1,-1,-1] },
														"down": { "texture": "#skin", "uv": [ 39.5, 51.5, 40.5, 52.5 ] }
													},
													"children": [
														{
															"name": "R Hind Hoof",
															"from": [ 0.2, 0.4, 0.4 ],
															"to": [ 0.2, 0.4, 0.4 ],
															"uv": [ 0.0, 0.0 ],
															"rotationOrigin": [ 0.2, 0.4, 0.4 ],
															"rotationY": -1.0,
															"rotationZ": 48.0,
															"faces": {
															},
															"children": [
																{
																	"name": "R Hind Hoof1",
																	"from": [ -0.6, -0.6, -0.4 ],
																	"to": [ 0.4, -0.2, 0.6 ],
																	"unwrapMode": 5,
																	"uv": [ 43.5, 13.0 ],
																	"rotationOrigin": [ -0.6, -0.6, -0.4 ],
																	"rotationZ": 40.0,
																	"faces": {
																		"north": { "texture": "#skin", "uv": [ 44.0, 13.0, 45.0, 13.5 ], "rotation": 180 },
																		"east": { "texture": "#skin", "uv": [ 45.0, 13.5, 45.5, 14.5 ], "rotation": 90 },
																		"south": { "texture": "#skin", "uv": [ 44.0, 14.5, 45.0, 15.0 ] },
																		"west": { "texture": "#skin", "uv": [ 43.5, 13.5, 44.0, 14.5 ], "rotation": 270 },
																		"up": { "texture": "#skin", "uv": [ 44.0, 13.5, 45.0, 14.5 ] },
																		"down": { "texture": "#skin", "uv": [ 45.5, 13.5, 46.5, 14.5 ] }
																	}
																},
																{
																	"name": "R Hind Hoof2",
																	"from": [ -0.6, -0.6, -0.4 ],
																	"to": [ 0.4, -0.2, 0.6 ],
																	"unwrapMode": 5,
																	"uv": [ 43.5, 15.5 ],
																	"rotationOrigin": [ 0.2, -0.3, 0.2 ],
																	"faces": {
																		"north": { "texture": "#skin", "uv": [ 44.0, 15.5, 45.0, 16.0 ], "rotation": 180 },
																		"east": { "texture": "#skin", "uv": [ 45.0, 16.0, 45.5, 17.0 ], "rotation": 90 },
																		"south": { "texture": "#skin", "uv": [ 44.0, 17.0, 45.0, 17.5 ] },
																		"west": { "texture": "#skin", "uv": [ 43.5, 16.0, 44.0, 17.0 ], "rotation": 270 },
																		"up": { "texture": "#skin", "uv": [ 44.0, 16.0, 45.0, 17.0 ] },
																		"down": { "texture": "#skin", "uv": [ 45.5, 16.0, 46.5, 17.0 ] }
																	}
																}
															]
														}
													]
												}
											]
										},
										{
											"name": "R LegUp Taper",
											"from": [ 0.7, 0.0, 0.1 ],
											"to": [ 1.6, 4.2, 1.1 ],
											"unwrapMode": 2,
											"uv": [ 41.5, 39.0 ],
											"rotationOrigin": [ 1.3, 0.0, 0.1 ],
											"rotationZ": -11.0,
											"faces": {
												"north": { "texture": "#skin", "uv": [ 43.0, 39.0, 43.5, 43.0 ] },
												"east": { "texture": "#skin", "uv": [ 42.0, 39.0, 43.0, 43.0 ] },
												"south": { "texture": "#skin", "uv": [ 41.5, 39.0, 42.0, 43.0 ] },
												"down": { "texture": "#skin", "uv": [ 42.0, 43.0, 43.0, 43.5 ], "rotation": 270 }
											}
										}
									]
								}
							]
						},
						{
							"name": "Midsection",
							"from": [ -3.1, -0.4, -0.3 ],
							"to": [ 1.4, 6.8, 5.2 ],
							"unwrapMode": 7,
							"unwrapRotation": 1,
							"autoUnwrap": false,
							"uv": [ 3.0, 57.5 ],
							"rotationOrigin": [ 0.6, 4.8, 2.45 ],
							"rotationZ": 3.0,
							"faces": {
								"north": { "texture": "#skin", "uv": [ 13.5, 19.5, 20.5, 24.0 ], "rotation": 90, "windMode": [-1,-1,-1,-1], "windData": [0,1,1,0] },
								"east": { "texture": "#skin", "uv": [ 20.0, 30.5, 25.5, 37.5 ], "windMode": [-1,-1,-1,-1], "windData": [0,1,1,0] },
								"south": { "texture": "#skin", "uv": [ 1.0, 19.5, 8.0, 24.0 ], "rotation": 270 },
								"west": { "texture": "#skin", "uv": [ 14.0, 30.5, 19.5, 37.5 ], "windMode": [-1,-1,-1,-1], "windData": [0,0,1,1] },
								"up": { "texture": "#skin", "uv": [ 8.0, 19.5, 13.5, 24.0 ], "rotation": 270 },
								"down": { "texture": "#skin", "uv": [ 20.5, 19.5, 26.0, 24.0 ], "rotation": 90 }
							},
							"children": [
								{
									"name": "Chest",
									"from": [ -5.0, -0.1792, 0.7226 ],
									"to": [ 0.8, 7.3208, 5.6226 ],
									"unwrapMode": 7,
									"unwrapRotation": 1,
									"autoUnwrap": false,
									"uv": [ 2.5, 46.0 ],
									"rotationOrigin": [ 0.2, 4.9, 2.75 ],
									"rotationX": -11.0,
									"rotationZ": 2.0,
									"faces": {
										"north": { "texture": "#skin", "uv": [ 13.0, 13.5, 20.5, 19.0 ], "rotation": 90 },
										"east": { "texture": "#skin", "uv": [ 20.0, 38.5, 24.5, 46.0 ] },
										"south": { "texture": "#skin", "uv": [ 1.0, 13.5, 8.5, 19.0 ], "rotation": 270 },
										"west": { "texture": "#skin", "uv": [ 15.0, 38.5, 19.5, 46.0 ] },
										"up": { "texture": "#skin", "uv": [ 8.5, 13.5, 13.0, 19.0 ], "rotation": 270 },
										"down": { "texture": "#skin", "uv": [ 20.5, 13.5, 25.0, 19.0 ], "rotation": 90 }
									},
									"children": [
										{
											"name": "Neck",
											"from": [ -1.8, 7.1, 1.0 ],
											"to": [ 2.7, 12.0, 3.9 ],
											"unwrapMode": 2,
											"autoUnwrap": false,
											"uv": [ 5.5, 5.0 ],
											"rotationOrigin": [ 2.3, 7.1, 2.45 ],
											"rotationX": 12.0,
											"rotationZ": 95.0,
											"faces": {
												"north": { "texture": "#skin", "uv": [ 12.0, 8.5, 16.5, 13.0 ], "windMode": [-1,-1,-1,-1], "windData": [0,0,1,0] },
												"east": { "texture": "#skin", "uv": [ 9.5, 8.5, 12.0, 13.0 ], "windMode": [-1,-1,-1,-1], "windData": [1,0,0,1] },
												"south": { "texture": "#skin", "uv": [ 5.0, 8.5, 9.5, 13.0 ] },
												"west": { "texture": "#skin", "uv": [ 16.5, 8.5, 19.0, 13.0 ] },
												"up": { "texture": "#skin", "uv": [ 2.0, 8.5, 4.5, 13.0 ], "rotation": 90 }
											},
											"children": [
												{
													"name": "Neck2",
													"from": [ 0.6, 3.4, 0.5 ],
													"to": [ 4.4, 7.2, 2.4 ],
													"unwrapMode": 2,
													"uv": [ 6.5, 1.0 ],
													"rotationOrigin": [ 2.9, 3.5, 1.45 ],
													"rotationX": 5.0,
													"rotationY": 8.0,
													"rotationZ": -12.0,
													"faces": {
														"north": { "texture": "#skin", "uv": [ 11.5, 4.5, 15.0, 8.0 ] },
														"east": { "texture": "#skin", "uv": [ 10.0, 4.5, 11.5, 8.0 ] },
														"south": { "texture": "#skin", "uv": [ 6.5, 4.5, 10.0, 8.0 ] },
														"west": { "texture": "#skin", "uv": [ 15.0, 4.5, 16.5, 8.0 ] },
														"up": { "texture": "#skin", "uv": [ 10.0, 1.0, 11.5, 4.5 ], "rotation": 270 }
													},
													"children": [
														{
															"name": "Head",
															"from": [ 2.2, 0.6, -0.6415 ],
															"to": [ 3.9, 4.0, 2.0585 ],
															"unwrapMode": 4,
															"uv": [ 6.0, 38.0 ],
															"rotationOrigin": [ 3.6, 3.9, 0.95 ],
															"rotationX": 8.0,
															"rotationY": 8.0,
															"rotationZ": -61.0,
															"faces": {
																"north": { "texture": "#skin", "uv": [ 6.0, 39.5, 7.5, 42.5 ] },
																"east": { "texture": "#skin", "uv": [ 11.5, 39.5, 14.0, 42.5 ] },
																"south": { "texture": "#skin", "uv": [ 10.0, 39.5, 11.5, 42.5 ] },
																"west": { "texture": "#skin", "uv": [ 7.5, 39.5, 10.0, 42.5 ] },
																"up": { "texture": "#skin", "uv": [ 7.5, 38.0, 10.0, 39.5 ], "rotation": 90 },
																"down": { "texture": "#skin", "uv": [ 7.5, 42.5, 10.0, 44.0 ], "rotation": 90 }
															},
															"children": [
																{
																	"name": "MouthUp",
																	"from": [ -3.1, 1.0, 0.45 ],
																	"to": [ 0.0, 1.7, 2.25 ],
																	"unwrapMode": 5,
																	"unwrapRotation": 1,
																	"uv": [ 10.5, 43.0 ],
																	"rotationOrigin": [ -1.0, 1.6, 1.3 ],
																	"rotationZ": 4.0,
																	"faces": {
																		"north": { "texture": "#skin", "uv": [ 10.5, 43.0, 11.0, 46.0 ], "rotation": 270 },
																		"south": { "texture": "#skin", "uv": [ 12.5, 43.0, 13.0, 46.0 ], "rotation": 90 },
																		"west": { "texture": "#skin", "uv": [ 11.0, 46.0, 12.5, 46.5 ] },
																		"up": { "texture": "#skin", "uv": [ 11.0, 43.0, 12.5, 46.0 ], "rotation": 90, "windMode": [-1,-1,-1,-1], "windData": [1,1,1,1] },
																		"down": { "texture": "#skin", "uv": [ 13.0, 43.0, 14.5, 46.0 ], "rotation": 270 }
																	},
																	"children": [
																		{
																			"name": "Nose",
																			"from": [ 0.6, -0.2, 0.1 ],
																			"to": [ 3.6, 1.2, 1.7 ],
																			"unwrapMode": 5,
																			"unwrapRotation": 1,
																			"uv": [ 14.0, 47.0 ],
																			"rotationOrigin": [ 0.6, 1.2, 0.4 ],
																			"rotationZ": 12.0,
																			"faces": {
																				"north": { "texture": "#skin", "uv": [ 14.0, 47.0, 15.0, 50.0 ], "rotation": 270, "windMode": [-1,-1,-1,-1], "windData": [1,1,1,1] },
																				"south": { "texture": "#skin", "uv": [ 16.5, 47.0, 17.5, 50.0 ], "rotation": 90 },
																				"west": { "texture": "#skin", "uv": [ 15.0, 50.0, 16.5, 51.0 ], "windMode": [-1,-1,-1,-1], "windData": [1,1,1,1] },
																				"up": { "texture": "#skin", "uv": [ 15.0, 47.0, 16.5, 50.0 ], "rotation": 90 }
																			},
																			"children": [
																				{
																					"name": "Snout",
																					"from": [ -1.0, 0.1, -0.05 ],
																					"to": [ 0.1, 1.4, 1.65 ],
																					"unwrapMode": 4,
																					"uv": [ 8.0, 47.5 ],
																					"rotationOrigin": [ 0.0, 1.3, 0.7 ],
																					"rotationZ": -2.0,
																					"faces": {
																						"north": { "texture": "#skin", "uv": [ 8.0, 48.5, 9.0, 49.5 ], "windMode": [-1,-1,-1,-1], "windData": [1,1,1,1] },
																						"east": { "texture": "#skin", "uv": [ 11.5, 48.5, 13.0, 49.5 ], "windMode": [-1,-1,-1,-1], "windData": [1,1,1,1] },
																						"south": { "texture": "#skin", "uv": [ 10.5, 48.5, 11.5, 49.5 ], "windMode": [-1,-1,-1,-1], "windData": [1,1,1,1] },
																						"west": { "texture": "#skin", "uv": [ 9.0, 48.5, 10.5, 49.5 ], "windMode": [-1,-1,-1,-1], "windData": [1,1,1,1] },
																						"up": { "texture": "#skin", "uv": [ 9.0, 47.5, 10.5, 48.5 ], "rotation": 90, "windMode": [-1,-1,-1,-1], "windData": [1,1,1,1] },
																						"down": { "texture": "#skin", "uv": [ 9.0, 49.5, 10.5, 50.5 ], "rotation": 90, "windMode": [-1,-1,-1,-1], "windData": [1,1,1,1] }
																					}
																				},
																				{
																					"name": "NoseBridge",
																					"from": [ 1.9, 0.1, -0.2 ],
																					"to": [ 2.9, 1.4, 1.8 ],
																					"unwrapMode": 7,
																					"unwrapRotation": 1,
																					"uv": [ 4.5, 44.5 ],
																					"rotationOrigin": [ 1.9, 1.5, -0.2 ],
																					"rotationZ": 33.0,
																					"faces": {
																						"north": { "texture": "#skin", "uv": [ 7.5, 45.5, 8.5, 46.5 ], "rotation": 90 },
																						"east": { "texture": "#skin", "uv": [ 5.5, 46.5, 7.5, 47.5 ] },
																						"south": { "texture": "#skin", "uv": [ 4.5, 45.5, 5.5, 46.5 ], "rotation": 270 },
																						"west": { "texture": "#skin", "uv": [ 5.5, 44.5, 7.5, 45.5 ], "rotation": 180 },
																						"up": { "texture": "#skin", "uv": [ 5.5, 45.5, 7.5, 46.5 ], "rotation": 270 }
																					}
																				}
																			]
																		}
																	]
																},
																{
																	"name": "L Ear",
																	"from": [ 1.3, 2.1, 2.1 ],
																	"to": [ 1.5, 3.1, 3.2 ],
																	"unwrapMode": 4,
																	"uv": [ 2.0, 49.5 ],
																	"rotationOrigin": [ 1.3, 2.1, 2.5 ],
																	"rotationX": 90.0,
																	"rotationY": 14.0,
																	"faces": {
																		"north": { "texture": "#skin", "uv": [ 2.0, 50.0, 2.5, 51.0 ], "windMode": [-1,-1,-1,-1], "windData": [1,1,1,1] },
																		"east": { "texture": "#skin", "uv": [ 4.0, 50.0, 5.0, 51.0 ] },
																		"south": { "texture": "#skin", "uv": [ 3.5, 50.0, 4.0, 51.0 ], "windMode": [-1,-1,-1,-1], "windData": [1,1,1,1] },
																		"west": { "texture": "#skin", "uv": [ 2.5, 50.0, 3.5, 51.0 ] },
																		"up": { "texture": "#skin", "uv": [ 2.5, 49.5, 3.5, 50.0 ], "rotation": 90 },
																		"down": { "texture": "#skin", "uv": [ 2.5, 51.0, 3.5, 51.5 ], "rotation": 90 }
																	},
																	"children": [
																		{
																			"name": "L Ear3",
																			"from": [ 0.0, 1.0, 0.0 ],
																			"to": [ 0.2, 2.1, 0.5 ],
																			"unwrapMode": 4,
																			"uv": [ 3.0, 47.0 ],
																			"rotationOrigin": [ 0.2, 1.0, 0.0 ],
																			"rotationX": 8.0,
																			"rotationY": 1.0,
																			"faces": {
																				"north": { "texture": "#skin", "uv": [ 3.0, 47.5, 3.5, 48.5 ] },
																				"east": { "texture": "#skin", "uv": [ 4.5, 47.5, 5.0, 48.5 ] },
																				"south": { "texture": "#skin", "uv": [ 4.0, 47.5, 4.5, 48.5 ] },
																				"west": { "texture": "#skin", "uv": [ 3.5, 47.5, 4.0, 48.5 ] },
																				"up": { "texture": "#skin", "uv": [ 3.5, 47.0, 4.0, 47.5 ], "rotation": 90 },
																				"down": { "texture": "#skin", "uv": [ 3.5, 48.5, 4.0, 49.0 ], "rotation": 90 }
																			}
																		},
																		{
																			"name": "L Ear2",
																			"from": [ 0.0, 1.0, 0.5 ],
																			"to": [ 0.2, 2.1, 1.1 ],
																			"unwrapMode": 4,
																			"uv": [ 0.5, 47.5 ],
																			"rotationOrigin": [ 0.2, 1.0, 1.2 ],
																			"rotationX": -10.0,
																			"rotationY": -1.0,
																			"faces": {
																				"north": { "texture": "#skin", "uv": [ 0.5, 48.0, 1.0, 49.0 ] },
																				"east": { "texture": "#skin", "uv": [ 2.0, 48.0, 2.5, 49.0 ] },
																				"south": { "texture": "#skin", "uv": [ 1.5, 48.0, 2.0, 49.0 ] },
																				"west": { "texture": "#skin", "uv": [ 1.0, 48.0, 1.5, 49.0 ] },
																				"up": { "texture": "#skin", "uv": [ 1.0, 47.5, 1.5, 48.0 ], "rotation": 90 },
																				"down": { "texture": "#skin", "uv": [ 1.0, 49.0, 1.5, 49.5 ], "rotation": 90 }
																			}
																		}
																	]
																},
																{
																	"name": "R Eye",
																	"from": [ -0.01, 2.5, -0.01 ],
																	"to": [ 0.39, 2.7, 0.19 ],
																	"unwrapMode": 5,
																	"uv": [ 0.5, 36.0 ],
																	"rotationOrigin": [ -0.01, 2.7, -0.01 ],
																	"faces": {
																		"north": { "texture": "#skin", "uv": [ 1.0, 36.0, 1.5, 36.5 ], "rotation": 180 },
																		"east": { "texture": "#skin", "uv": [ 1.5, 36.5, 2.0, 37.0 ], "rotation": 90 },
																		"west": { "texture": "#skin", "uv": [ 0.5, 36.5, 1.0, 37.0 ], "rotation": 270 },
																		"up": { "texture": "#skin", "uv": [ 1.0, 36.5, 1.5, 37.0 ] },
																		"down": { "texture": "#skin", "uv": [ 2.0, 36.5, 2.5, 37.0 ] }
																	},
																	"children": [
																		{
																			"name": "R Eye2",
																			"from": [ 0.0, 0.2, 0.0 ],
																			"to": [ 0.4, 0.4, 0.2 ],
																			"unwrapMode": 5,
																			"uv": [ 0.5, 34.0 ],
																			"rotationOrigin": [ 0.0, 0.4, -0.1 ],
																			"faces": {
																				"north": { "texture": "#skin", "uv": [ 1.0, 34.0, 1.5, 34.5 ], "rotation": 180 },
																				"east": { "texture": "#skin", "uv": [ 1.5, 34.5, 2.0, 35.0 ], "rotation": 90 },
																				"west": { "texture": "#skin", "uv": [ 0.5, 34.5, 1.0, 35.0 ], "rotation": 270 },
																				"up": { "texture": "#skin", "uv": [ 1.0, 34.5, 1.5, 35.0 ] },
																				"down": { "texture": "#skin", "uv": [ 2.0, 34.5, 2.5, 35.0 ] }
																			},
																			"children": [
																				{
																					"name": "R Pupil",
																					"from": [ -0.01, -0.1, -0.01 ],
																					"to": [ 0.29, 0.1, 0.19 ],
																					"unwrapMode": 5,
																					"uv": [ 0.5, 38.0 ],
																					"rotationOrigin": [ -0.01, -0.1, -0.01 ],
																					"faces": {
																						"north": { "texture": "#skin", "uv": [ 1.0, 38.0, 1.5, 38.5 ], "rotation": 180, "windMode": [-1,-1,-1,-1], "windData": [1,1,1,1] },
																						"east": { "texture": "#skin", "uv": [ 1.5, 38.5, 2.0, 39.0 ], "rotation": 90 },
																						"west": { "texture": "#skin", "uv": [ 0.5, 38.5, 1.0, 39.0 ], "rotation": 270 },
																						"up": { "texture": "#skin", "uv": [ 1.0, 38.5, 1.5, 39.0 ] },
																						"down": { "texture": "#skin", "uv": [ 2.0, 38.5, 2.5, 39.0 ] }
																					}
																				}
																			]
																		}
																	]
																},
																{
																	"name": "R Ear",
																	"from": [ 1.3, 2.1, -0.6 ],
																	"to": [ 1.5, 3.1, 0.5 ],
																	"unwrapMode": 4,
																	"uv": [ 0.5, 45.0 ],
																	"rotationOrigin": [ 1.3, 2.1, 0.2 ],
																	"rotationX": -90.0,
																	"rotationY": -15.0,
																	"faces": {
																		"north": { "texture": "#skin", "uv": [ 0.5, 45.5, 1.0, 46.5 ] },
																		"east": { "texture": "#skin", "uv": [ 2.5, 45.5, 3.5, 46.5 ] },
																		"south": { "texture": "#skin", "uv": [ 2.0, 45.5, 2.5, 46.5 ], "windMode": [-1,-1,-1,-1], "windData": [1,1,1,1] },
																		"west": { "texture": "#skin", "uv": [ 1.0, 45.5, 2.0, 46.5 ] },
																		"up": { "texture": "#skin", "uv": [ 1.0, 45.0, 2.0, 45.5 ], "rotation": 90 },
																		"down": { "texture": "#skin", "uv": [ 1.0, 46.5, 2.0, 47.0 ], "rotation": 90 }
																	},
																	"children": [
																		{
																			"name": "R Ear2",
																			"from": [ 0.0, 1.0, 0.0 ],
																			"to": [ 0.2, 2.1, 0.6 ],
																			"unwrapMode": 4,
																			"uv": [ 1.0, 42.5 ],
																			"rotationOrigin": [ 0.2, 1.0, 0.0 ],
																			"rotationX": 10.0,
																			"rotationY": 1.0,
																			"faces": {
																				"north": { "texture": "#skin", "uv": [ 1.0, 43.0, 1.5, 44.0 ] },
																				"east": { "texture": "#skin", "uv": [ 2.5, 43.0, 3.0, 44.0 ] },
																				"south": { "texture": "#skin", "uv": [ 2.0, 43.0, 2.5, 44.0 ] },
																				"west": { "texture": "#skin", "uv": [ 1.5, 43.0, 2.0, 44.0 ] },
																				"up": { "texture": "#skin", "uv": [ 1.5, 42.5, 2.0, 43.0 ], "rotation": 90 },
																				"down": { "texture": "#skin", "uv": [ 1.5, 44.0, 2.0, 44.5 ], "rotation": 90 }
																			}
																		},
																		{
																			"name": "R Ear3",
																			"from": [ 0.0, 1.0, 0.6 ],
																			"to": [ 0.2, 2.1, 1.1 ],
																			"unwrapMode": 4,
																			"uv": [ 3.5, 42.5 ],
																			"rotationOrigin": [ 0.2, 1.0, 1.1 ],
																			"rotationX": -8.0,
																			"rotationY": -1.0,
																			"faces": {
																				"north": { "texture": "#skin", "uv": [ 3.5, 43.0, 4.0, 44.0 ] },
																				"east": { "texture": "#skin", "uv": [ 5.0, 43.0, 5.5, 44.0 ] },
																				"south": { "texture": "#skin", "uv": [ 4.5, 43.0, 5.0, 44.0 ] },
																				"west": { "texture": "#skin", "uv": [ 4.0, 43.0, 4.5, 44.0 ] },
																				"up": { "texture": "#skin", "uv": [ 4.0, 42.5, 4.5, 43.0 ], "rotation": 90 },
																				"down": { "texture": "#skin", "uv": [ 4.0, 44.0, 4.5, 44.5 ], "rotation": 90 }
																			}
																		}
																	]
																},
																{
																	"name": "L Eye",
																	"from": [ -0.01, 2.5, 2.51 ],
																	"to": [ 0.39, 2.7, 2.71 ],
																	"unwrapMode": 5,
																	"uv": [ 0.5, 36.5 ],
																	"rotationOrigin": [ -0.01, 2.7, 2.51 ],
																	"faces": {
																		"east": { "texture": "#skin", "uv": [ 1.5, 36.5, 2.0, 37.0 ], "rotation": 90 },
																		"south": { "texture": "#skin", "uv": [ 1.0, 37.0, 1.5, 37.5 ] },
																		"west": { "texture": "#skin", "uv": [ 0.5, 36.5, 1.0, 37.0 ], "rotation": 270 },
																		"up": { "texture": "#skin", "uv": [ 1.0, 36.5, 1.5, 37.0 ] },
																		"down": { "texture": "#skin", "uv": [ 2.0, 36.5, 2.5, 37.0 ] }
																	},
																	"children": [
																		{
																			"name": "L Eye2",
																			"from": [ 0.0, 0.2, 0.0 ],
																			"to": [ 0.4, 0.4, 0.2 ],
																			"unwrapMode": 5,
																			"uv": [ 0.5, 34.5 ],
																			"rotationOrigin": [ 0.0, 0.5, -0.1 ],
																			"faces": {
																				"east": { "texture": "#skin", "uv": [ 1.5, 34.5, 2.0, 35.0 ], "rotation": 90 },
																				"south": { "texture": "#skin", "uv": [ 1.0, 35.0, 1.5, 35.5 ] },
																				"west": { "texture": "#skin", "uv": [ 0.5, 34.5, 1.0, 35.0 ], "rotation": 270 },
																				"up": { "texture": "#skin", "uv": [ 1.0, 34.5, 1.5, 35.0 ] },
																				"down": { "texture": "#skin", "uv": [ 2.0, 34.5, 2.5, 35.0 ] }
																			},
																			"children": [
																				{
																					"name": "L Pupil",
																					"from": [ -0.01, -0.1, 0.01 ],
																					"to": [ 0.29, 0.1, 0.21 ],
																					"unwrapMode": 5,
																					"uv": [ 0.5, 38.5 ],
																					"rotationOrigin": [ -0.01, -0.1, 0.01 ],
																					"faces": {
																						"east": { "texture": "#skin", "uv": [ 1.5, 38.5, 2.0, 39.0 ], "rotation": 90 },
																						"south": { "texture": "#skin", "uv": [ 1.0, 39.0, 1.5, 39.5 ] },
																						"west": { "texture": "#skin", "uv": [ 0.5, 38.5, 1.0, 39.0 ], "rotation": 270 },
																						"up": { "texture": "#skin", "uv": [ 1.0, 38.5, 1.5, 39.0 ] },
																						"down": { "texture": "#skin", "uv": [ 2.0, 38.5, 2.5, 39.0 ] }
																					}
																				}
																			]
																		}
																	]
																},
																{
																	"name": "Jaw",
																	"from": [ -2.2, -0.4, 0.6 ],
																	"to": [ 1.4, 1.1, 2.1 ],
																	"unwrapMode": 5,
																	"unwrapRotation": 1,
																	"uv": [ 18.5, 47.0 ],
																	"rotationOrigin": [ 1.2, 0.5, 1.3 ],
																	"rotationZ": -10.0,
																	"faces": {
																		"north": { "texture": "#skin", "uv": [ 18.5, 47.0, 20.0, 50.5 ], "rotation": 270 },
																		"south": { "texture": "#skin", "uv": [ 21.5, 47.0, 23.0, 50.5 ], "rotation": 90 },
																		"west": { "texture": "#skin", "uv": [ 20.0, 50.5, 21.5, 52.0 ] },
																		"up": { "texture": "#skin", "uv": [ 20.0, 47.0, 21.5, 50.5 ], "rotation": 90 },
																		"down": { "texture": "#skin", "uv": [ 23.0, 47.0, 24.5, 50.5 ], "rotation": 270 }
																	},
																	"children": [
																		{
																			"name": "Jaw2",
																			"from": [ -0.9, 0.1, 0.1 ],
																			"to": [ 0.6, 0.8, 1.4 ],
																			"unwrapMode": 5,
																			"unwrapRotation": 1,
																			"uv": [ 10.5, 37.0 ],
																			"rotationOrigin": [ 0.6, 0.5, 0.75 ],
																			"rotationZ": -4.0,
																			"faces": {
																				"north": { "texture": "#skin", "uv": [ 10.5, 37.0, 11.0, 38.5 ], "rotation": 270 },
																				"south": { "texture": "#skin", "uv": [ 12.0, 37.0, 12.5, 38.5 ], "rotation": 90 },
																				"west": { "texture": "#skin", "uv": [ 11.0, 38.5, 12.0, 39.0 ] },
																				"up": { "texture": "#skin", "uv": [ 11.0, 37.0, 12.0, 38.5 ], "rotation": 90 },
																				"down": { "texture": "#skin", "uv": [ 12.5, 37.0, 13.5, 38.5 ], "rotation": 270 }
																			}
																		},
																		{
																			"name": "Tongue",
																			"from": [ -0.4, 0.6, 0.4 ],
																			"to": [ 0.9, 1.2, 1.1 ],
																			"unwrapMode": 7,
																			"unwrapRotation": 1,
																			"uv": [ 0.5, 40.0 ],
																			"rotationOrigin": [ 0.7, 1.1, 0.8 ],
																			"rotationZ": 20.0,
																			"faces": {
																				"north": { "texture": "#skin", "uv": [ 1.5, 40.5, 2.0, 41.5 ], "rotation": 90 },
																				"south": { "texture": "#skin", "uv": [ 0.5, 40.5, 1.0, 41.5 ], "rotation": 270 },
																				"west": { "texture": "#skin", "uv": [ 1.0, 40.0, 1.5, 40.5 ], "rotation": 180 },
																				"up": { "texture": "#skin", "uv": [ 1.0, 40.5, 1.5, 41.5 ], "rotation": 270 },
																				"down": { "texture": "#skin", "uv": [ 2.0, 40.5, 2.5, 41.5 ], "rotation": 90 }
																			}
																		}
																	]
																},
																{
																	"name": "AntlerBase",
																	"from": [ 0.8, 2.6, 1.35 ],
																	"to": [ 0.8, 2.6, 1.35 ],
																	"uv": [ 0.0, 0.0 ],
																	"rotationOrigin": [ 0.8, 2.6, 1.35 ],
																	"faces": {
																	},
																	"children": [
																		{
																			"name": "LHorn1",
																			"from": [ -0.25, 0.25, 0.25 ],
																			"to": [ 0.75, 1.3, 1.25 ],
																			"unwrapMode": 2,
																			"uv": [ 20.0, 10.5 ],
																			"rotationOrigin": [ 0.125, 0.25, 0.75 ],
																			"rotationX": 83.0,
																			"rotationY": 3.0,
																			"rotationZ": -75.0,
																			"faces": {
																				"north": { "texture": "#skin", "uv": [ 22.0, 11.5, 23.0, 12.5 ] },
																				"east": { "texture": "#skin", "uv": [ 21.0, 11.5, 22.0, 12.5 ] },
																				"south": { "texture": "#skin", "uv": [ 20.0, 11.5, 21.0, 12.5 ] },
																				"west": { "texture": "#skin", "uv": [ 23.0, 11.5, 24.0, 12.5 ] },
																				"up": { "texture": "#skin", "uv": [ 21.0, 10.5, 22.0, 11.5 ], "rotation": 270 }
																			},
																			"children": [
																				{
																					"name": "LHorn2",
																					"from": [ 0.05, 0.9, 0.05 ],
																					"to": [ 0.95, 0.9, 0.95 ],
																					"unwrapMode": 2,
																					"uv": [ 20.0, 10.0 ],
																					"rotationOrigin": [ 0.5, 0.9, 0.3 ],
																					"rotationX": -1.0,
																					"rotationY": 1.0,
																					"rotationZ": -1.0,
																					"faces": {
																					},
																					"children": [
																						{
																							"name": "LHorn3",
																							"from": [ 0.05, 0.0, 0.05 ],
																							"to": [ 0.85, 0.5, 0.85 ],
																							"unwrapMode": 2,
																							"uv": [ 20.0, 9.0 ],
																							"rotationOrigin": [ 0.45, 0.0, 0.45 ],
																							"rotationY": -1.0,
																							"rotationZ": -1.0,
																							"faces": {
																								"north": { "texture": "#skin", "uv": [ 21.0, 9.5, 21.5, 10.0 ] },
																								"east": { "texture": "#skin", "uv": [ 20.5, 9.5, 21.0, 10.0 ] },
																								"south": { "texture": "#skin", "uv": [ 20.0, 9.5, 20.5, 10.0 ] },
																								"west": { "texture": "#skin", "uv": [ 21.5, 9.5, 22.0, 10.0 ] },
																								"up": { "texture": "#skin", "uv": [ 20.5, 9.0, 21.0, 9.5 ], "rotation": 270 }
																							},
																							"children": [
																								{
																									"name": "LHorn4",
																									"from": [ 0.05, 0.4, 0.05 ],
																									"to": [ 0.75, 0.4, 0.75 ],
																									"unwrapMode": 1,
																									"uv": [ 20.0, 8.0 ],
																									"rotationOrigin": [ 0.4, 0.4, 0.4 ],
																									"rotationY": -1.0,
																									"rotationZ": -1.0,
																									"faces": {
																									},
																									"children": [
																										{
																											"name": "LHorn5",
																											"from": [ 0.05, 0.0, 0.05 ],
																											"to": [ 0.65, 0.5, 0.65 ],
																											"unwrapMode": 3,
																											"uv": [ 20.0, 7.0 ],
																											"rotationOrigin": [ 0.35, 0.0, 0.35 ],
																											"rotationX": -1.0,
																											"rotationY": -1.0,
																											"rotationZ": -1.0,
																											"faces": {
																												"north": { "texture": "#skin", "uv": [ 21.5, 7.5, 22.0, 8.0 ] },
																												"east": { "texture": "#skin", "uv": [ 21.0, 7.5, 21.5, 8.0 ] },
																												"south": { "texture": "#skin", "uv": [ 20.5, 7.5, 21.0, 8.0 ] },
																												"west": { "texture": "#skin", "uv": [ 20.0, 7.5, 20.5, 8.0 ] },
																												"up": { "texture": "#skin", "uv": [ 20.5, 7.0, 21.0, 7.5 ] }
																											},
																											"children": [
																												{
																													"name": "LHorn6",
																													"from": [ 0.05, 0.45, 0.05 ],
																													"to": [ 0.55, 0.45, 0.55 ],
																													"unwrapMode": 3,
																													"uv": [ 20.0, 6.0 ],
																													"rotationOrigin": [ 0.3, 0.45, 0.3 ],
																													"rotationX": -1.0,
																													"rotationY": -1.0,
																													"rotationZ": -1.0,
																													"faces": {
																													},
																													"children": [
																														{
																															"name": "LHorn7",
																															"from": [ 0.05, 0.0, 0.05 ],
																															"to": [ 0.45, 0.5, 0.45 ],
																															"unwrapMode": 3,
																															"uv": [ 20.0, 5.0 ],
																															"rotationOrigin": [ 0.25, 0.0, 0.25 ],
																															"rotationX": -1.0,
																															"rotationY": -1.0,
																															"rotationZ": 1.0,
																															"faces": {
																																"north": { "texture": "#skin", "uv": [ 21.5, 5.5, 22.0, 6.0 ] },
																																"east": { "texture": "#skin", "uv": [ 21.0, 5.5, 21.5, 6.0 ] },
																																"south": { "texture": "#skin", "uv": [ 20.5, 5.5, 21.0, 6.0 ] },
																																"west": { "texture": "#skin", "uv": [ 20.0, 5.5, 20.5, 6.0 ] },
																																"up": { "texture": "#skin", "uv": [ 20.5, 5.0, 21.0, 5.5 ] }
																															},
																															"children": [
																																{
																																	"name": "LHorn8",
																																	"from": [ 0.05, 0.4, 0.05 ],
																																	"to": [ 0.35, 0.8, 0.35 ],
																																	"unwrapMode": 3,
																																	"uv": [ 20.0, 4.5 ],
																																	"rotationOrigin": [ 0.4, 0.4, 0.4 ],
																																	"rotationX": -1.0,
																																	"rotationY": -1.0,
																																	"rotationZ": 1.0,
																																	"faces": {
																																		"north": { "texture": "#skin", "uv": [ 21.5, 5.0, 22.0, 5.5 ] },
																																		"east": { "texture": "#skin", "uv": [ 21.0, 5.0, 21.5, 5.5 ] },
																																		"south": { "texture": "#skin", "uv": [ 20.5, 5.0, 21.0, 5.5 ] },
																																		"west": { "texture": "#skin", "uv": [ 20.0, 5.0, 20.5, 5.5 ] },
																																		"up": { "texture": "#skin", "uv": [ 20.5, 4.5, 21.0, 5.0 ] }
																																	}
																																}
																															]
																														}
																													]
																												}
																											]
																										}
																									]
																								}
																							]
																						}
																					]
																				}
																			]
																		},
																		{
																			"name": "RHorn1",
																			"from": [ -0.25, 0.25, -1.25 ],
																			"to": [ 0.75, 1.3, -0.25 ],
																			"unwrapMode": 2,
																			"uv": [ 21.0, 10.5 ],
																			"rotationOrigin": [ 0.125, 0.25, -0.75 ],
																			"rotationX": -83.0,
																			"rotationY": -3.0,
																			"rotationZ": -75.0,
																			"faces": {
																				"north": { "texture": "#skin", "uv": [ 23.0, 11.5, 24.0, 12.5 ] },
																				"east": { "texture": "#skin", "uv": [ 22.0, 11.5, 23.0, 12.5 ] },
																				"south": { "texture": "#skin", "uv": [ 21.0, 11.5, 22.0, 12.5 ] },
																				"west": { "texture": "#skin", "uv": [ 24.0, 11.5, 25.0, 12.5 ] },
																				"up": { "texture": "#skin", "uv": [ 22.0, 10.5, 23.0, 11.5 ], "rotation": 270 }
																			},
																			"children": [
																				{
																					"name": "RHorn2",
																					"from": [ 0.05, 0.9, 0.05 ],
																					"to": [ 0.95, 0.9, 0.95 ],
																					"unwrapMode": 2,
																					"uv": [ 23.0, 10.0 ],
																					"rotationOrigin": [ 0.5, 0.9, 0.5 ],
																					"rotationX": 1.0,
																					"rotationY": -1.0,
																					"rotationZ": -1.0,
																					"faces": {
																					},
																					"children": [
																						{
																							"name": "RHorn3",
																							"from": [ 0.05, 0.0, 0.05 ],
																							"to": [ 0.85, 0.5, 0.85 ],
																							"unwrapMode": 2,
																							"uv": [ 23.0, 9.0 ],
																							"rotationOrigin": [ 0.45, 0.0, 0.45 ],
																							"rotationY": 1.0,
																							"rotationZ": -1.0,
																							"faces": {
																								"north": { "texture": "#skin", "uv": [ 24.0, 9.5, 24.5, 10.0 ] },
																								"east": { "texture": "#skin", "uv": [ 23.5, 9.5, 24.0, 10.0 ] },
																								"south": { "texture": "#skin", "uv": [ 23.0, 9.5, 23.5, 10.0 ] },
																								"west": { "texture": "#skin", "uv": [ 24.5, 9.5, 25.0, 10.0 ] },
																								"up": { "texture": "#skin", "uv": [ 23.5, 9.0, 24.0, 9.5 ], "rotation": 270 }
																							},
																							"children": [
																								{
																									"name": "RHorn4",
																									"from": [ 0.05, 0.4, 0.05 ],
																									"to": [ 0.75, 0.4, 0.75 ],
																									"unwrapMode": 3,
																									"uv": [ 23.0, 8.0 ],
																									"rotationOrigin": [ 0.4, 0.4, 0.4 ],
																									"rotationY": 1.0,
																									"rotationZ": -1.0,
																									"faces": {
																									},
																									"children": [
																										{
																											"name": "RHorn5",
																											"from": [ 0.05, 0.0, 0.05 ],
																											"to": [ 0.65, 0.5, 0.65 ],
																											"unwrapMode": 1,
																											"uv": [ 23.0, 7.0 ],
																											"rotationOrigin": [ 0.35, 0.0, 0.35 ],
																											"rotationX": 1.0,
																											"rotationY": 1.0,
																											"rotationZ": -1.0,
																											"faces": {
																												"north": { "texture": "#skin", "uv": [ 23.5, 7.5, 24.0, 8.0 ] },
																												"east": { "texture": "#skin", "uv": [ 23.0, 7.5, 23.5, 8.0 ] },
																												"south": { "texture": "#skin", "uv": [ 24.5, 7.5, 25.0, 8.0 ] },
																												"west": { "texture": "#skin", "uv": [ 24.0, 7.5, 24.5, 8.0 ] },
																												"up": { "texture": "#skin", "uv": [ 23.5, 7.0, 24.0, 7.5 ], "rotation": 180 }
																											},
																											"children": [
																												{
																													"name": "RHorn6",
																													"from": [ 0.05, 0.45, 0.05 ],
																													"to": [ 0.55, 0.45, 0.55 ],
																													"unwrapMode": 1,
																													"uv": [ 23.0, 6.0 ],
																													"rotationOrigin": [ 0.3, 0.45, 0.3 ],
																													"rotationX": 1.0,
																													"rotationY": 1.0,
																													"rotationZ": -1.0,
																													"faces": {
																													},
																													"children": [
																														{
																															"name": "RHorn7",
																															"from": [ 0.05, 0.0, 0.05 ],
																															"to": [ 0.45, 0.5, 0.45 ],
																															"unwrapMode": 1,
																															"uv": [ 23.0, 5.0 ],
																															"rotationOrigin": [ 0.25, 0.0, 0.25 ],
																															"rotationX": 1.0,
																															"rotationY": 1.0,
																															"rotationZ": 1.0,
																															"faces": {
																																"north": { "texture": "#skin", "uv": [ 23.5, 5.5, 24.0, 6.0 ] },
																																"east": { "texture": "#skin", "uv": [ 23.0, 5.5, 23.5, 6.0 ] },
																																"south": { "texture": "#skin", "uv": [ 24.5, 5.5, 25.0, 6.0 ] },
																																"west": { "texture": "#skin", "uv": [ 24.0, 5.5, 24.5, 6.0 ] },
																																"up": { "texture": "#skin", "uv": [ 23.5, 5.0, 24.0, 5.5 ], "rotation": 180 }
																															},
																															"children": [
																																{
																																	"name": "RHorn8",
																																	"from": [ 0.05, 0.4, 0.05 ],
																																	"to": [ 0.35, 0.8, 0.35 ],
																																	"unwrapMode": 1,
																																	"uv": [ 23.0, 4.5 ],
																																	"rotationOrigin": [ 0.4, 0.4, 0.4 ],
																																	"rotationX": 1.0,
																																	"rotationY": 1.0,
																																	"rotationZ": 1.0,
																																	"faces": {
																																		"north": { "texture": "#skin", "uv": [ 23.5, 5.0, 24.0, 5.5 ] },
																																		"east": { "texture": "#skin", "uv": [ 23.0, 5.0, 23.5, 5.5 ] },
																																		"south": { "texture": "#skin", "uv": [ 24.5, 5.0, 25.0, 5.5 ] },
																																		"west": { "texture": "#skin", "uv": [ 24.0, 5.0, 24.5, 5.5 ] },
																																		"up": { "texture": "#skin", "uv": [ 23.5, 4.5, 24.0, 5.0 ], "rotation": 180 }
																																	}
																																}
																															]
																														}
																													]
																												}
																											]
																										}
																									]
																								}
																							]
																						}
																					]
																				}
																			]
																		}
																	]
																}
															]
														}
													],
													"attachmentpoints": [
														{
															"code": "rope",
															"posX": "0.0","posY": "2.0","posZ": "1.1",
															"rotationX": "0.0","rotationY": "0.0","rotationZ": "0.0"
														}
													]
												}
											]
										},
										{
											"name": "L Shoulder",
											"from": [ -0.3, 1.9036, 4.0 ],
											"to": [ 2.4, 7.5036, 5.3 ],
											"unwrapMode": 3,
											"uv": [ 26.0, 1.0 ],
											"rotationOrigin": [ 0.4, 4.9, 4.4 ],
											"rotationX": 2.0,
											"rotationZ": -16.0,
											"faces": {
												"north": { "texture": "#skin", "uv": [ 30.5, 2.0, 33.0, 7.5 ] },
												"east": { "texture": "#skin", "uv": [ 29.5, 2.0, 30.5, 7.5 ] },
												"south": { "texture": "#skin", "uv": [ 27.0, 2.0, 29.5, 7.5 ] },
												"west": { "texture": "#skin", "uv": [ 26.0, 2.0, 27.0, 7.5 ] },
												"up": { "texture": "#skin", "uv": [ 27.0, 1.0, 29.5, 2.0 ] },
												"down": { "texture": "#skin", "uv": [ 27.0, 7.5, 29.5, 8.5 ], "rotation": 180 }
											},
											"children": [
												{
													"name": "L ArmUp",
													"from": [ 0.8641, 0.2019, 0.1 ],
													"to": [ 4.5641, 2.2019, 1.3 ],
													"unwrapMode": 3,
													"uv": [ 26.0, 9.0 ],
													"rotationOrigin": [ 0.4, 0.4, 0.2 ],
													"rotationY": -0.5,
													"rotationZ": -10.0,
													"faces": {
														"north": { "texture": "#skin", "uv": [ 31.5, 10.0, 35.0, 12.0 ] },
														"east": { "texture": "#skin", "uv": [ 30.5, 10.0, 31.5, 12.0 ] },
														"south": { "texture": "#skin", "uv": [ 27.0, 10.0, 30.5, 12.0 ] },
														"west": { "texture": "#skin", "uv": [ 26.0, 10.0, 27.0, 12.0 ] },
														"up": { "texture": "#skin", "uv": [ 27.0, 9.0, 30.5, 10.0 ], "windMode": [-1,-1,-1,-1] },
														"down": { "texture": "#skin", "uv": [ 27.0, 12.0, 30.5, 13.0 ], "rotation": 180 }
													},
													"children": [
														{
															"name": "L ArmMid",
															"from": [ 2.3208, -3.1415, 0.1 ],
															"to": [ 4.1208, 1.4585, 1.1 ],
															"unwrapMode": 3,
															"uv": [ 27.0, 13.5 ],
															"rotationOrigin": [ 3.1, 1.3, 0.6 ],
															"rotationX": 2.0,
															"rotationY": 2.0,
															"rotationZ": -38.0,
															"faces": {
																"north": { "texture": "#skin", "uv": [ 30.5, 14.5, 32.0, 19.0 ] },
																"east": { "texture": "#skin", "uv": [ 29.5, 14.5, 30.5, 19.0 ] },
																"south": { "texture": "#skin", "uv": [ 28.0, 14.5, 29.5, 19.0 ] },
																"west": { "texture": "#skin", "uv": [ 27.0, 14.5, 28.0, 19.0 ] },
																"up": { "texture": "#skin", "uv": [ 28.0, 13.5, 29.5, 14.5 ] },
																"down": { "texture": "#skin", "uv": [ 28.0, 19.0, 29.5, 20.0 ], "rotation": 180 }
															},
															"children": [
																{
																	"name": "L ArmLow",
																	"from": [ 0.2, -3.1038, 0.1 ],
																	"to": [ 1.4, 0.1962, 0.9 ],
																	"unwrapMode": 3,
																	"uv": [ 27.5, 20.5 ],
																	"rotationOrigin": [ 0.6, 0.2, 0.4 ],
																	"rotationX": 4.0,
																	"rotationZ": 150.0,
																	"faces": {
																		"north": { "texture": "#skin", "uv": [ 29.5, 21.0, 30.5, 24.0 ] },
																		"east": { "texture": "#skin", "uv": [ 29.0, 21.0, 29.5, 24.0 ] },
																		"south": { "texture": "#skin", "uv": [ 28.0, 21.0, 29.0, 24.0 ] },
																		"west": { "texture": "#skin", "uv": [ 27.5, 21.0, 28.0, 24.0 ] },
																		"up": { "texture": "#skin", "uv": [ 28.0, 20.5, 29.0, 21.0 ] },
																		"down": { "texture": "#skin", "uv": [ 28.0, 24.0, 29.0, 24.5 ], "rotation": 180 }
																	},
																	"children": [
																		{
																			"name": "L Front Pastern",
																			"from": [ 0.1, -1.0, -0.1 ],
																			"to": [ 1.1, 0.5, 0.9 ],
																			"unwrapMode": 3,
																			"uv": [ 27.0, 25.0 ],
																			"rotationOrigin": [ 0.3, 0.4, 0.4 ],
																			"rotationX": -1.0,
																			"rotationZ": -10.0,
																			"faces": {
																				"north": { "texture": "#skin", "uv": [ 30.0, 26.0, 31.0, 27.5 ] },
																				"east": { "texture": "#skin", "uv": [ 29.0, 26.0, 30.0, 27.5 ] },
																				"south": { "texture": "#skin", "uv": [ 28.0, 26.0, 29.0, 27.5 ] },
																				"west": { "texture": "#skin", "uv": [ 27.0, 26.0, 28.0, 27.5 ] },
																				"up": { "texture": "#skin", "uv": [ 28.0, 25.0, 29.0, 26.0 ], "windMode": [-1,-1,-1,-1] },
																				"down": { "texture": "#skin", "uv": [ 28.0, 27.5, 29.0, 28.5 ], "rotation": 180 }
																			},
																			"children": [
																				{
																					"name": "L Front Hoof",
																					"from": [ 0.3, 0.4, 0.4 ],
																					"to": [ 0.3, 0.4, 0.4 ],
																					"uv": [ 0.0, 0.0 ],
																					"rotationOrigin": [ 0.3, 0.4, 0.4 ],
																					"rotationY": 1.0,
																					"rotationZ": 35.0,
																					"faces": {
																					},
																					"children": [
																						{
																							"name": "L Front Hoof2",
																							"from": [ -0.6, -0.6, -0.4 ],
																							"to": [ 0.4, -0.2, 0.6 ],
																							"unwrapMode": 5,
																							"uv": [ 30.0, 44.5 ],
																							"rotationOrigin": [ 0.2, -0.4, 0.2 ],
																							"faces": {
																								"north": { "texture": "#skin", "uv": [ 30.5, 44.5, 31.5, 45.0 ], "rotation": 180 },
																								"east": { "texture": "#skin", "uv": [ 31.5, 45.0, 32.0, 46.0 ], "rotation": 90 },
																								"south": { "texture": "#skin", "uv": [ 30.5, 46.0, 31.5, 46.5 ] },
																								"west": { "texture": "#skin", "uv": [ 30.0, 45.0, 30.5, 46.0 ], "rotation": 270 },
																								"up": { "texture": "#skin", "uv": [ 30.5, 45.0, 31.5, 46.0 ] },
																								"down": { "texture": "#skin", "uv": [ 32.0, 45.0, 33.0, 46.0 ] }
																							}
																						},
																						{
																							"name": "L Front Hoof1",
																							"from": [ -0.6, -0.6, -0.4 ],
																							"to": [ 0.6, -0.3, 0.6 ],
																							"unwrapMode": 5,
																							"uv": [ 30.5, 47.0 ],
																							"rotationOrigin": [ -0.6, -0.6, -0.4 ],
																							"rotationZ": 49.0,
																							"faces": {
																								"north": { "texture": "#skin", "uv": [ 31.0, 47.0, 32.0, 47.5 ], "rotation": 180 },
																								"east": { "texture": "#skin", "uv": [ 32.0, 47.5, 32.5, 48.5 ], "rotation": 90 },
																								"south": { "texture": "#skin", "uv": [ 31.0, 48.5, 32.0, 49.0 ] },
																								"west": { "texture": "#skin", "uv": [ 30.5, 47.5, 31.0, 48.5 ], "rotation": 270 },
																								"up": { "texture": "#skin", "uv": [ 31.0, 47.5, 32.0, 48.5 ] },
																								"down": { "texture": "#skin", "uv": [ 32.5, 47.5, 33.5, 48.5 ] }
																							}
																						}
																					]
																				}
																			]
																		}
																	]
																}
															]
														}
													]
												}
											]
										},
										{
											"name": "R Shoulder",
											"from": [ -0.3, 1.9036, -0.4 ],
											"to": [ 2.4, 7.5036, 0.9 ],
											"unwrapMode": 1,
											"uv": [ 36.0, 1.0 ],
											"rotationOrigin": [ 0.4, 4.9, 0.4 ],
											"rotationX": 4.0,
											"rotationZ": -24.0,
											"faces": {
												"north": { "texture": "#skin", "uv": [ 37.0, 2.0, 39.5, 7.5 ] },
												"east": { "texture": "#skin", "uv": [ 36.0, 2.0, 37.0, 7.5 ] },
												"south": { "texture": "#skin", "uv": [ 40.5, 2.0, 43.0, 7.5 ] },
												"west": { "texture": "#skin", "uv": [ 39.5, 2.0, 40.5, 7.5 ] },
												"up": { "texture": "#skin", "uv": [ 37.0, 1.0, 39.5, 2.0 ], "rotation": 180 },
												"down": { "texture": "#skin", "uv": [ 37.0, 7.5, 39.5, 8.5 ] }
											},
											"children": [
												{
													"name": "R ArmUp",
													"from": [ 0.2, -0.1, 0.0 ],
													"to": [ 3.9, 1.9, 1.2 ],
													"unwrapMode": 1,
													"uv": [ 36.0, 9.0 ],
													"rotationOrigin": [ 0.4, 0.4, 1.2 ],
													"rotationY": 0.5,
													"rotationZ": -4.0,
													"faces": {
														"north": { "texture": "#skin", "uv": [ 37.0, 10.0, 40.5, 12.0 ] },
														"east": { "texture": "#skin", "uv": [ 36.0, 10.0, 37.0, 12.0 ] },
														"south": { "texture": "#skin", "uv": [ 41.5, 10.0, 45.0, 12.0 ] },
														"west": { "texture": "#skin", "uv": [ 40.5, 10.0, 41.5, 12.0 ] },
														"up": { "texture": "#skin", "uv": [ 37.0, 9.0, 40.5, 10.0 ], "rotation": 180 },
														"down": { "texture": "#skin", "uv": [ 37.0, 12.0, 40.5, 13.0 ] }
													},
													"children": [
														{
															"name": "R ArmMid",
															"from": [ 2.8036, -2.9, 0.1 ],
															"to": [ 4.6036, 1.7, 1.1 ],
															"unwrapMode": 1,
															"uv": [ 38.0, 13.5 ],
															"rotationOrigin": [ 3.1, 1.3, 0.6 ],
															"rotationX": -2.0,
															"rotationY": -2.0,
															"rotationZ": -60.0,
															"faces": {
																"north": { "texture": "#skin", "uv": [ 39.0, 14.5, 40.5, 19.0 ] },
																"east": { "texture": "#skin", "uv": [ 38.0, 14.5, 39.0, 19.0 ] },
																"south": { "texture": "#skin", "uv": [ 41.5, 14.5, 43.0, 19.0 ] },
																"west": { "texture": "#skin", "uv": [ 40.5, 14.5, 41.5, 19.0 ] },
																"up": { "texture": "#skin", "uv": [ 39.0, 13.5, 40.5, 14.5 ], "rotation": 180 },
																"down": { "texture": "#skin", "uv": [ 39.0, 19.0, 40.5, 20.0 ] }
															},
															"children": [
																{
																	"name": "R ArmLow",
																	"from": [ 0.2, -3.1716, 0.1 ],
																	"to": [ 1.4, 0.1284, 0.9 ],
																	"unwrapMode": 1,
																	"uv": [ 38.5, 20.5 ],
																	"rotationOrigin": [ 0.6, 0.2, 0.4 ],
																	"rotationX": 2.0,
																	"rotationZ": 161.0,
																	"faces": {
																		"north": { "texture": "#skin", "uv": [ 39.0, 21.0, 40.0, 24.0 ] },
																		"east": { "texture": "#skin", "uv": [ 38.5, 21.0, 39.0, 24.0 ] },
																		"south": { "texture": "#skin", "uv": [ 40.5, 21.0, 41.5, 24.0 ] },
																		"west": { "texture": "#skin", "uv": [ 40.0, 21.0, 40.5, 24.0 ] },
																		"up": { "texture": "#skin", "uv": [ 39.0, 20.5, 40.0, 21.0 ], "rotation": 180 },
																		"down": { "texture": "#skin", "uv": [ 39.0, 24.0, 40.0, 24.5 ] }
																	},
																	"children": [
																		{
																			"name": "R Front Pastern",
																			"from": [ 0.1, -1.0, -0.1 ],
																			"to": [ 1.1, 0.5, 0.9 ],
																			"unwrapMode": 1,
																			"uv": [ 38.0, 25.0 ],
																			"rotationOrigin": [ 0.3, 0.4, 0.4 ],
																			"rotationX": 1.0,
																			"rotationZ": 12.0,
																			"faces": {
																				"north": { "texture": "#skin", "uv": [ 39.0, 26.0, 40.0, 27.5 ] },
																				"east": { "texture": "#skin", "uv": [ 38.0, 26.0, 39.0, 27.5 ] },
																				"south": { "texture": "#skin", "uv": [ 41.0, 26.0, 42.0, 27.5 ] },
																				"west": { "texture": "#skin", "uv": [ 40.0, 26.0, 41.0, 27.5 ] },
																				"up": { "texture": "#skin", "uv": [ 39.0, 25.0, 40.0, 26.0 ], "rotation": 180, "windMode": [-1,-1,-1,-1] },
																				"down": { "texture": "#skin", "uv": [ 39.0, 27.5, 40.0, 28.5 ] }
																			},
																			"children": [
																				{
																					"name": "R Front Hoof",
																					"from": [ 0.3, 0.4, 0.4 ],
																					"to": [ 0.3, 0.4, 0.4 ],
																					"uv": [ 0.0, 0.0 ],
																					"rotationOrigin": [ 0.3, 0.4, 0.4 ],
																					"rotationY": -1.0,
																					"rotationZ": 43.0,
																					"faces": {
																					},
																					"children": [
																						{
																							"name": "R Front Hoof2",
																							"from": [ -0.6, -0.6, -0.4 ],
																							"to": [ 0.4, -0.2, 0.6 ],
																							"unwrapMode": 5,
																							"uv": [ 40.0, 44.5 ],
																							"rotationOrigin": [ 0.2, -0.4, 0.2 ],
																							"faces": {
																								"north": { "texture": "#skin", "uv": [ 40.5, 44.5, 41.5, 45.0 ], "rotation": 180 },
																								"east": { "texture": "#skin", "uv": [ 41.5, 45.0, 42.0, 46.0 ], "rotation": 90 },
																								"south": { "texture": "#skin", "uv": [ 40.5, 46.0, 41.5, 46.5 ] },
																								"west": { "texture": "#skin", "uv": [ 40.0, 45.0, 40.5, 46.0 ], "rotation": 270 },
																								"up": { "texture": "#skin", "uv": [ 40.5, 45.0, 41.5, 46.0 ] },
																								"down": { "texture": "#skin", "uv": [ 42.0, 45.0, 43.0, 46.0 ] }
																							}
																						},
																						{
																							"name": "R Front Hoof1",
																							"from": [ -0.6, -0.6, -0.4 ],
																							"to": [ 0.6, -0.3, 0.6 ],
																							"unwrapMode": 5,
																							"uv": [ 40.5, 47.0 ],
																							"rotationOrigin": [ -0.6, -0.6, -0.4 ],
																							"rotationZ": 49.0,
																							"faces": {
																								"north": { "texture": "#skin", "uv": [ 41.0, 47.0, 42.0, 47.5 ], "rotation": 180 },
																								"east": { "texture": "#skin", "uv": [ 42.0, 47.5, 42.5, 48.5 ], "rotation": 90 },
																								"south": { "texture": "#skin", "uv": [ 41.0, 48.5, 42.0, 49.0 ] },
																								"west": { "texture": "#skin", "uv": [ 40.5, 47.5, 41.0, 48.5 ], "rotation": 270 },
																								"up": { "texture": "#skin", "uv": [ 41.0, 47.5, 42.0, 48.5 ] },
																								"down": { "texture": "#skin", "uv": [ 42.5, 47.5, 43.5, 48.5 ] }
																							}
																						}
																					]
																				}
																			]
																		}
																	]
																}
															]
														}
													]
												}
											]
										}
									],
									"attachmentpoints": [
										{
											"code": "Center",
											"posX": "8.0","posY": "0.0","posZ": "3.0",
											"rotationX": "0.0","rotationY": "0.0","rotationZ": "0.0"
										}
									]
								}
							],
							"attachmentpoints": [
								{
									"code": "Rider",
									"posX": "3.0","posY": "11.0","posZ": "3.7",
									"rotationX": "0.0","rotationY": "-180.0","rotationZ": "0.0"
								}
							]
						},
						{
							"name": "Tail0",
							"from": [ 3.0, 4.6, 1.95 ],
							"to": [ 3.6, 6.7, 2.95 ],
							"unwrapMode": 2,
							"uv": [ 33.0, 13.0 ],
							"rotationOrigin": [ 3.6, 6.6, 2.45 ],
							"rotationZ": 80.0,
							"faces": {
								"north": { "texture": "#skin", "uv": [ 34.5, 13.5, 35.0, 15.5 ], "windMode": [-1,-1,-1,-1], "windData": [0,1,1,0] },
								"east": { "texture": "#skin", "uv": [ 33.5, 13.5, 34.5, 15.5 ], "windMode": [-1,-1,-1,-1], "windData": [0,1,1,0] },
								"south": { "texture": "#skin", "uv": [ 33.0, 13.5, 33.5, 15.5 ] },
								"west": { "texture": "#skin", "uv": [ 35.0, 13.5, 36.0, 15.5 ], "windMode": [-1,-1,-1,-1], "windData": [0,0,1,1] },
								"up": { "texture": "#skin", "uv": [ 33.5, 13.0, 34.5, 13.5 ], "rotation": 270, "windMode": [-1,-1,-1,-1], "windData": [1,1,1,1] },
								"down": { "texture": "#skin", "uv": [ 33.5, 15.5, 34.5, 16.0 ], "rotation": 270, "windMode": [-1,-1,-1,-1], "windData": [1,1,1,1] }
							},
							"children": [
								{
									"name": "Tail",
									"from": [ 0.0, -0.8, 0.0 ],
									"to": [ 0.6, 0.2, 1.0 ],
									"unwrapMode": 2,
									"uv": [ 34.5, 16.0 ],
									"rotationOrigin": [ 0.4, 0.1, 0.5 ],
									"rotationZ": -30.0,
									"faces": {
										"north": { "texture": "#skin", "uv": [ 36.0, 16.5, 36.5, 17.5 ], "windMode": [-1,-1,-1,-1], "windData": [0,1,1,0] },
										"east": { "texture": "#skin", "uv": [ 35.0, 16.5, 36.0, 17.5 ], "windMode": [-1,-1,-1,-1], "windData": [0,1,1,0] },
										"south": { "texture": "#skin", "uv": [ 34.5, 16.5, 35.0, 17.5 ] },
										"west": { "texture": "#skin", "uv": [ 36.5, 16.5, 37.5, 17.5 ], "windMode": [-1,-1,-1,-1], "windData": [0,0,1,1] },
										"up": { "texture": "#skin", "uv": [ 35.0, 16.0, 36.0, 16.5 ], "rotation": 270, "windMode": [-1,-1,-1,-1], "windData": [1,1,1,1] },
										"down": { "texture": "#skin", "uv": [ 35.0, 17.5, 36.0, 18.0 ], "rotation": 270, "windMode": [-1,-1,-1,-1], "windData": [1,1,1,1] }
									},
									"children": [
										{
											"name": "Tail2",
											"from": [ -0.2, -0.7, 0.0 ],
											"to": [ 0.4, 0.3, 1.0 ],
											"unwrapMode": 2,
											"uv": [ 33.0, 18.5 ],
											"rotationOrigin": [ 0.2, -0.1, 0.5 ],
											"rotationX": -17.0,
											"rotationY": 6.5,
											"rotationZ": -40.0,
											"faces": {
												"north": { "texture": "#skin", "uv": [ 34.5, 18.5, 35.0, 19.5 ], "windMode": [-1,-1,-1,-1], "windData": [0,1,1,0] },
												"east": { "texture": "#skin", "uv": [ 33.5, 18.5, 34.5, 19.5 ], "windMode": [-1,-1,-1,-1], "windData": [0,1,1,0] },
												"south": { "texture": "#skin", "uv": [ 33.0, 18.5, 33.5, 19.5 ] },
												"west": { "texture": "#skin", "uv": [ 35.0, 18.5, 36.0, 19.5 ], "windMode": [-1,-1,-1,-1], "windData": [0,0,1,1] },
												"down": { "texture": "#skin", "uv": [ 33.5, 19.5, 34.5, 20.0 ], "rotation": 270, "windMode": [-1,-1,-1,-1] }
											},
											"children": [
												{
													"name": "Tail3",
													"from": [ 0.0, -1.3, 0.1 ],
													"to": [ 0.6, 0.2, 0.9 ],
													"unwrapMode": 2,
													"uv": [ 31.5, 20.5 ],
													"rotationOrigin": [ 0.4, 0.0, 0.5 ],
													"rotationX": -14.0,
													"rotationZ": -2.0,
													"faces": {
														"north": { "texture": "#skin", "uv": [ 32.5, 20.5, 33.0, 22.0 ], "windMode": [-1,-1,-1,-1], "windData": [0,1,1,0] },
														"east": { "texture": "#skin", "uv": [ 32.0, 20.5, 32.5, 22.0 ], "windMode": [-1,-1,-1,-1], "windData": [0,1,1,0] },
														"south": { "texture": "#skin", "uv": [ 31.5, 20.5, 32.0, 22.0 ] },
														"west": { "texture": "#skin", "uv": [ 33.0, 20.5, 33.5, 22.0 ], "windMode": [-1,-1,-1,-1], "windData": [0,0,1,1] },
														"down": { "texture": "#skin", "uv": [ 32.0, 22.0, 32.5, 22.5 ], "rotation": 270, "windMode": [-1,-1,-1,-1] }
													},
													"children": [
														{
															"name": "Tail4",
															"from": [ 0.0, -1.4, 0.0 ],
															"to": [ 0.6, 0.1, 0.8 ],
															"unwrapMode": 2,
															"uv": [ 34.0, 21.5 ],
															"rotationOrigin": [ 0.4, -0.1, 0.4 ],
															"rotationX": -6.0,
															"rotationY": -1.0,
															"faces": {
																"north": { "texture": "#skin", "uv": [ 35.0, 21.5, 35.5, 23.0 ], "windMode": [-1,-1,-1,-1], "windData": [0,1,1,0] },
																"east": { "texture": "#skin", "uv": [ 34.5, 21.5, 35.0, 23.0 ], "windMode": [-1,-1,-1,-1], "windData": [0,1,1,0] },
																"south": { "texture": "#skin", "uv": [ 34.0, 21.5, 34.5, 23.0 ] },
																"west": { "texture": "#skin", "uv": [ 35.5, 21.5, 36.0, 23.0 ], "windMode": [-1,-1,-1,-1], "windData": [0,0,1,1] },
																"down": { "texture": "#skin", "uv": [ 34.5, 23.0, 35.0, 23.5 ], "rotation": 270, "windMode": [-1,-1,-1,-1] }
															},
															"children": [
																{
																	"name": "Tail5",
																	"from": [ -0.1, -0.6, -0.1 ],
																	"to": [ 0.7, 0.1, 0.9 ],
																	"unwrapMode": 2,
																	"uv": [ 35.0, 23.5 ],
																	"rotationOrigin": [ 0.3, 0.0, 0.4 ],
																	"rotationX": -33.0,
																	"rotationY": -1.0,
																	"rotationZ": -1.0,
																	"faces": {
																		"north": { "texture": "#skin", "uv": [ 36.5, 24.0, 37.0, 24.5 ], "windMode": [-1,-1,-1,-1], "windData": [0,1,1,0] },
																		"east": { "texture": "#skin", "uv": [ 35.5, 24.0, 36.5, 24.5 ], "windMode": [-1,-1,-1,-1], "windData": [0,1,1,0] },
																		"south": { "texture": "#skin", "uv": [ 35.0, 24.0, 35.5, 24.5 ] },
																		"west": { "texture": "#skin", "uv": [ 37.0, 24.0, 38.0, 24.5 ], "windMode": [-1,-1,-1,-1], "windData": [0,0,1,1] },
																		"up": { "texture": "#skin", "uv": [ 35.5, 23.5, 36.5, 24.0 ], "rotation": 270, "windMode": [-1,-1,-1,-1], "windData": [0,0,0,0] }
																	},
																	"children": [
																		{
																			"name": "Tail6",
																			"from": [ -0.2, -1.1, -0.1 ],
																			"to": [ 0.9, 0.4, 1.1 ],
																			"renderPass": 1,
																			"unwrapMode": 2,
																			"uv": [ 31.5, 24.0 ],
																			"rotationOrigin": [ 0.3, 0.0, 0.4 ],
																			"rotationX": -8.0,
																			"rotationZ": -1.0,
																			"faces": {
																				"north": { "texture": "#skin", "uv": [ 33.5, 25.0, 34.5, 26.5 ], "windMode": [-1,-1,-1,-1], "windData": [0,1,1,0] },
																				"east": { "texture": "#skin", "uv": [ 32.5, 25.0, 33.5, 26.5 ], "windMode": [-1,-1,-1,-1], "windData": [0,1,1,0] },
																				"south": { "texture": "#skin", "uv": [ 31.5, 25.0, 32.5, 26.5 ] },
																				"west": { "texture": "#skin", "uv": [ 34.5, 25.0, 35.5, 26.5 ], "windMode": [-1,-1,-1,-1], "windData": [0,0,1,1] },
																				"up": { "texture": "#skin", "uv": [ 32.5, 24.0, 33.5, 25.0 ], "rotation": 270, "windMode": [-1,-1,-1,-1], "windData": [1,1,1,1] }
																			},
																			"children": [
																				{
																					"name": "Tail7",
																					"from": [ 0.2, -0.6, 0.1 ],
																					"to": [ 0.9, 0.9, 1.1 ],
																					"renderPass": 1,
																					"unwrapMode": 2,
																					"uv": [ 31.5, 27.0 ],
																					"rotationOrigin": [ 0.4, 0.8, 0.6 ],
																					"rotationX": -17.0,
																					"rotationZ": -1.0,
																					"faces": {
																						"north": { "texture": "#skin", "uv": [ 33.0, 27.5, 33.5, 29.0 ], "windMode": [-1,-1,-1,-1], "windData": [0,1,1,0] },
																						"east": { "texture": "#skin", "uv": [ 32.0, 27.5, 33.0, 29.0 ], "windMode": [-1,-1,-1,-1], "windData": [0,1,1,0] },
																						"south": { "texture": "#skin", "uv": [ 31.5, 27.5, 32.0, 29.0 ] },
																						"west": { "texture": "#skin", "uv": [ 33.5, 27.5, 34.5, 29.0 ], "windMode": [-1,-1,-1,-1], "windData": [0,0,1,1] },
																						"up": { "texture": "#skin", "uv": [ 32.0, 27.0, 33.0, 27.5 ], "rotation": 270, "windMode": [-1,-1,-1,-1], "windData": [1,1,1,1] }
																					}
																				}
																			]
																		}
																	]
																}
															]
														}
													]
												}
											]
										}
									]
								}
							]
						}
					]
				}
			]
		}
	]}