{
	"editor": {
		"allAngles": false,
		"entityTextureMode": false
	},
	"textureWidth": 16,
	"textureHeight": 16,
	"textureSizes": {},
	"textures": {
		"rock": "game:block/stone/polishedrock/andesite"
	},
	"elements": [
		{
			"name": "Body",
			"from": [ 3.0, 0.0, 3.0 ],
			"to": [ 13.0, 4.0, 14.0 ],
			"rotationOrigin": [ 6.0, 0.5, 5.0 ],
			"faces": {
				"north": { "texture": "#rock", "uv": [ 2.5, 4.0, 12.5, 8.0 ] },
				"east": { "texture": "#rock", "uv": [ 3.5, 5.5, 14.5, 9.5 ] },
				"south": { "texture": "#rock", "uv": [ 4.5, 7.0, 14.5, 11.0 ] },
				"west": { "texture": "#rock", "uv": [ 2.0, 3.5, 13.0, 7.5 ] },
				"up": { "texture": "#rock", "uv": [ 3.5, 2.5, 13.5, 13.5 ] },
				"down": { "texture": "#rock", "uv": [ 1.5, 3.0, 11.5, 14.0 ] }
			},
			"children": [
				{
					"name": "Nob1",
					"from": [ 2.5, 2.5, -0.8 ],
					"to": [ 9.0, 5.5, 4.7 ],
					"rotationOrigin": [ 5.5, 2.5, 1.2 ],
					"faces": {
						"north": { "texture": "#rock", "uv": [ 9.5, 11.0, 16.0, 14.0 ] },
						"east": { "texture": "#rock", "uv": [ 6.0, 2.5, 11.5, 5.5 ] },
						"south": { "texture": "#rock", "uv": [ 0.0, 7.0, 6.5, 10.0 ] },
						"west": { "texture": "#rock", "uv": [ 0.0, 0.0, 5.5, 3.0 ] },
						"up": { "texture": "#rock", "uv": [ 6.0, 5.0, 12.5, 10.5 ] },
						"down": { "texture": "#rock", "uv": [ 3.0, 0.0, 9.5, 5.5 ] }
					}
				},
				{
					"name": "Nob2",
					"from": [ 3.5, 2.5, 4.5 ],
					"to": [ 6.5, 4.5, 9.5 ],
					"rotationOrigin": [ 6.5, 2.5, 6.5 ],
					"faces": {
						"north": { "texture": "#rock", "uv": [ 10.5, 12.0, 13.5, 14.0 ] },
						"east": { "texture": "#rock", "uv": [ 9.0, 2.5, 14.0, 4.5 ] },
						"south": { "texture": "#rock", "uv": [ 4.0, 7.0, 7.0, 9.0 ] },
						"west": { "texture": "#rock", "uv": [ 9.0, 0.0, 14.0, 2.0 ] },
						"up": { "texture": "#rock", "uv": [ 9.0, 5.0, 12.0, 10.0 ] },
						"down": { "texture": "#rock", "uv": [ 7.0, 7.0, 10.0, 12.0 ] }
					}
				},
				{
					"name": "Nob3",
					"from": [ -0.5, -0.5, -0.5 ],
					"to": [ 3.5, 3.0, 6.5 ],
					"rotationOrigin": [ 2.5, -0.5, 1.5 ],
					"faces": {
						"north": { "texture": "#rock", "uv": [ 11.5, 9.0, 15.5, 12.5 ] },
						"east": { "texture": "#rock", "uv": [ 9.0, 2.5, 16.0, 6.0 ] },
						"south": { "texture": "#rock", "uv": [ 4.0, 7.0, 8.0, 10.5 ] },
						"west": { "texture": "#rock", "uv": [ 9.0, 0.0, 16.0, 3.5 ] },
						"up": { "texture": "#rock", "uv": [ 9.0, 5.0, 13.0, 12.0 ] },
						"down": { "texture": "#rock", "uv": [ 7.0, 7.0, 11.0, 14.0 ] }
					}
				},
				{
					"name": "Nob4south",
					"from": [ -1.5, 0.5, 6.5 ],
					"to": [ 1.5, 3.0, 10.0 ],
					"rotationOrigin": [ 1.5, 0.5, 8.5 ],
					"faces": {
						"north": { "texture": "#rock", "uv": [ 0.0, 0.0, 3.0, 2.5 ], "windMode": [-1,-1,-1,-1] },
						"east": { "texture": "#rock", "uv": [ 10.0, 2.5, 13.5, 5.0 ] },
						"south": { "texture": "#rock", "uv": [ 6.0, 7.0, 9.0, 9.5 ] },
						"west": { "texture": "#rock", "uv": [ 10.0, 1.0, 13.5, 3.5 ], "windMode": [-1,-1,-1,-1] },
						"up": { "texture": "#rock", "uv": [ 9.0, 6.0, 12.0, 9.5 ] },
						"down": { "texture": "#rock", "uv": [ 7.0, 7.0, 10.0, 10.5 ] }
					}
				},
				{
					"name": "Nob5south",
					"from": [ 8.5, 0.5, 4.0 ],
					"to": [ 12.5, 3.5, 9.5 ],
					"rotationOrigin": [ 11.5, 0.5, 6.0 ],
					"faces": {
						"north": { "texture": "#rock", "uv": [ 0.0, 0.0, 4.0, 3.0 ], "windMode": [-1,-1,-1,-1] },
						"east": { "texture": "#rock", "uv": [ 10.0, 2.5, 15.5, 5.5 ] },
						"south": { "texture": "#rock", "uv": [ 10.0, 10.0, 14.0, 13.0 ], "windMode": [-1,-1,-1,-1] },
						"west": { "texture": "#rock", "uv": [ 10.0, 1.0, 15.5, 4.0 ] },
						"up": { "texture": "#rock", "uv": [ 9.0, 6.0, 13.0, 11.5 ] },
						"down": { "texture": "#rock", "uv": [ 7.0, 7.0, 11.0, 12.5 ] }
					}
				},
				{
					"name": "Nob6east",
					"from": [ 1.0, 1.5, 10.5 ],
					"to": [ 6.0, 3.5, 12.5 ],
					"rotationOrigin": [ 4.0, 1.5, 15.5 ],
					"faces": {
						"north": { "texture": "#rock", "uv": [ 11.5, 9.0, 16.5, 11.0 ] },
						"east": { "texture": "#rock", "uv": [ 10.0, 1.5, 12.0, 3.5 ], "windMode": [-1,-1,-1,-1] },
						"south": { "texture": "#rock", "uv": [ 10.0, 10.0, 15.0, 12.0 ] },
						"west": { "texture": "#rock", "uv": [ 0.0, 0.0, 2.0, 2.0 ], "windMode": [-1,-1,-1,-1] },
						"up": { "texture": "#rock", "uv": [ 9.0, 7.0, 14.0, 9.0 ] },
						"down": { "texture": "#rock", "uv": [ 7.0, 7.0, 12.0, 9.0 ] }
					}
				},
				{
					"name": "Nob7up",
					"from": [ 0.2, 4.0, 6.5 ],
					"to": [ 2.7, 4.5, 10.5 ],
					"rotationOrigin": [ 3.2, 4.0, 8.5 ],
					"faces": {
						"north": { "texture": "#rock", "uv": [ 11.5, 9.0, 14.0, 9.5 ] },
						"east": { "texture": "#rock", "uv": [ 10.0, 1.5, 14.0, 2.0 ] },
						"south": { "texture": "#rock", "uv": [ 10.0, 12.0, 12.5, 12.5 ] },
						"west": { "texture": "#rock", "uv": [ 10.0, 1.0, 14.0, 1.5 ] },
						"up": { "texture": "#rock", "uv": [ 8.0, 3.0, 10.5, 7.0 ] }
					}
				},
				{
					"name": "Nob8up",
					"from": [ 0.5, 4.0, 0.5 ],
					"to": [ 1.5, 4.5, 2.0 ],
					"rotationOrigin": [ 3.5, 4.0, 2.5 ],
					"faces": {
						"north": { "texture": "#rock", "uv": [ 11.5, 9.0, 12.5, 9.5 ] },
						"east": { "texture": "#rock", "uv": [ 10.0, 1.5, 11.5, 2.0 ] },
						"south": { "texture": "#rock", "uv": [ 10.0, 10.0, 11.0, 10.5 ] },
						"west": { "texture": "#rock", "uv": [ 10.0, 0.0, 11.5, 0.5 ] },
						"up": { "texture": "#rock", "uv": [ 8.0, 6.0, 9.0, 7.5 ] }
					}
				},
				{
					"name": "Base",
					"from": [ -2.7, 0.0, -2.7 ],
					"to": [ 10.7, 1.0, 10.7 ],
					"rotationOrigin": [ 0.3, 0.5, -0.7 ],
					"faces": {
						"north": { "texture": "#rock", "uv": [ 0.5, 3.5, 13.5, 4.5 ] },
						"east": { "texture": "#rock", "uv": [ 0.5, 5.5, 13.5, 6.5 ] },
						"south": { "texture": "#rock", "uv": [ 0.5, 7.5, 13.5, 8.5 ] },
						"west": { "texture": "#rock", "uv": [ 0.5, 10.0, 13.5, 11.0 ] },
						"up": { "texture": "#rock", "uv": [ 0.5, 0.5, 13.5, 13.5 ] },
						"down": { "texture": "#rock", "uv": [ 0.5, 0.5, 13.5, 13.5 ] }
					}
				},
				{
					"name": "Nob6east2",
					"from": [ 5.9, 0.4, -2.3 ],
					"to": [ 11.9, 2.4, 0.7 ],
					"rotationOrigin": [ 8.9, 0.4, 2.7 ],
					"faces": {
						"north": { "texture": "#rock", "uv": [ 6.0, 7.5, 12.0, 9.5 ] },
						"east": { "texture": "#rock", "uv": [ 10.0, 1.5, 13.0, 3.5 ], "windMode": [-1,-1,-1,-1] },
						"south": { "texture": "#rock", "uv": [ 9.0, 10.0, 15.0, 12.0 ] },
						"west": { "texture": "#rock", "uv": [ 0.0, 0.0, 3.0, 2.0 ], "windMode": [-1,-1,-1,-1] },
						"up": { "texture": "#rock", "uv": [ 9.0, 7.0, 15.0, 10.0 ] },
						"down": { "texture": "#rock", "uv": [ 7.0, 7.0, 13.0, 10.0 ] }
					}
				},
				{
					"name": "Nob4south2",
					"from": [ 3.5, -0.5, -1.5 ],
					"to": [ 8.5, 4.0, 2.0 ],
					"rotationOrigin": [ 6.5, -0.5, 0.5 ],
					"faces": {
						"north": { "texture": "#rock", "uv": [ 0.0, 0.0, 5.0, 4.5 ], "windMode": [-1,-1,-1,-1] },
						"east": { "texture": "#rock", "uv": [ 10.0, 2.5, 13.5, 7.0 ] },
						"south": { "texture": "#rock", "uv": [ 6.0, 7.0, 11.0, 11.5 ] },
						"west": { "texture": "#rock", "uv": [ 10.0, 1.0, 13.5, 5.5 ], "windMode": [-1,-1,-1,-1] },
						"up": { "texture": "#rock", "uv": [ 9.0, 6.0, 14.0, 9.5 ] },
						"down": { "texture": "#rock", "uv": [ 7.0, 7.0, 12.0, 10.5 ] }
					}
				},
				{
					"name": "Nob8up2",
					"from": [ -1.5, 1.0, -2.5 ],
					"to": [ 2.5, 2.5, 2.0 ],
					"rotationOrigin": [ 1.5, 1.0, -0.5 ],
					"faces": {
						"north": { "texture": "#rock", "uv": [ 11.5, 9.0, 15.5, 10.5 ] },
						"east": { "texture": "#rock", "uv": [ 10.0, 1.5, 14.5, 3.0 ] },
						"south": { "texture": "#rock", "uv": [ 10.0, 10.0, 14.0, 11.5 ] },
						"west": { "texture": "#rock", "uv": [ 10.0, 0.0, 14.5, 1.5 ] },
						"up": { "texture": "#rock", "uv": [ 8.0, 6.0, 12.0, 10.5 ] }
					}
				},
				{
					"name": "Base2",
					"from": [ -0.7, 0.0, -0.7 ],
					"to": [ 12.7, 1.5, 11.7 ],
					"rotationOrigin": [ 2.3, 0.5, 1.3 ],
					"faces": {
						"north": { "texture": "#rock", "uv": [ 0.5, 3.5, 13.5, 5.0 ] },
						"east": { "texture": "#rock", "uv": [ 0.5, 5.5, 12.5, 7.0 ] },
						"south": { "texture": "#rock", "uv": [ 0.5, 7.5, 13.5, 9.0 ] },
						"west": { "texture": "#rock", "uv": [ 0.5, 10.0, 12.5, 11.5 ] },
						"up": { "texture": "#rock", "uv": [ 0.5, 0.5, 13.5, 12.5 ] },
						"down": { "texture": "#rock", "uv": [ 0.5, 0.5, 13.5, 12.5 ] }
					}
				}
			]
		}
	]}