{
    "inheritFrom": "game:blocktypes/mechanics/helvehammerbase",
    "code": "helvehammerbase",
    "behaviors": [
        {
            "name": "VanillaVariants.BlockName",
            "properties": {
                "parts": ["block-helvehammerbase-north", " (", "material-{wood}", ")"]
            }
        },
        {
            "name": "VanillaVariants.BlockDescription",
            "properties": {
                "parts": ["blockdesc-helvehammerbase-north"]
            }
        },
        { "name": "HorizontalOrientable" }
    ],
    "creativeinventory": {
        "general": ["*-north"],
        "mechanics": ["*-north"],
        "vanvar": ["*-north"]
    },
    "variantgroups": [
        { "code": "wood", "states": ["aged"], "loadFromProperties": "block/wood" },
        { "code": "side", "loadFromProperties": "abstract/horizontalorientation" }
    ],
    "skipVariants": ["*-oak-*"],
    "shapebytype": {
        "*-north": { "base": "game:block/wood/mechanics/helvehammerbase", "rotateY": 180 },
        "*-east": { "base": "game:block/wood/mechanics/helvehammerbase", "rotateY": 90 },
        "*-south": { "base": "game:block/wood/mechanics/helvehammerbase", "rotateY": 0 },
        "*-west": { "base": "game:block/wood/mechanics/helvehammerbase", "rotateY": 270 }
    },
    "textures": {
        "tinbronze": { "base": "game:block/metal/anvil/tinbronze" },
        "oak": { "base": "game:block/wood/debarked/{wood}" },
        "oak1": { "base": "game:block/wood/debarked/{wood}" }
    },
    "drops": [{ "type": "block", "code": "helvehammerbase-{wood}-north", "quantity": { "avg": 1 } }],
    "sounds": {
        "hit": "game:block/planks",
        "break": "game:block/planks",
        "place": "game:block/planks",
        "walk": "game:walk/wood"
    }
}
