[
  {
    "op": "addmerge",
    "side": "server",
    "file": "millwright:recipes/grid/sailassembly.json",
    "path": "/-",
    "value": {
      "ingredientPattern": "HCP,GRT",
      "enabled": true,
      "shapeless": false,
      "ingredients": {
        "H": {
          "type": "item",
          "code": "game:hammer-*",
          "isTool": true
        },
        "C": {
          "type": "item",
          "code": "game:chisel-*",
          "isTool": true
        },
        "P": {
          "type": "item",
          "code": "game:plank-*",
          "quantity": 24
        },
        "R": {
          "type": "block",
          "code": "game:woodenaxle-ud"
        },
        "T": {
          "type": "item",
          "code": "game:stick",
          "quantity": 6
        },
        "G": {
          "type": "item",
          "code": "game:metalnailsandstrips-*",
          "quantity": 3
        }
      },
      "width": 3,
      "height": 2,
      "output": {
        "type": "item",
        "code": "millwright:sailassembly-three-helicalwood"
      }
    }
  },
  {
    "op": "addmerge",
    "side": "server",
    "file": "millwright:recipes/grid/sailassembly.json",
    "path": "/-",
    "value": {
      "ingredientPattern": "HCP,LRT",
      "enabled": true,
      "shapeless": false,
      "ingredients": {
        "H": {
          "type": "item",
          "code": "game:hammer-*",
          "isTool": true
        },
        "C": {
          "type": "item",
          "code": "game:chisel-*",
          "isTool": true
        },
        "P": {
          "type": "item",
          "code": "game:plank-*",
          "quantity": 12
        },
        "L": {
          "type": "block",
          "code": "game:linen-*",
          "quantity": 4
        },
        "R": {
          "type": "block",
          "code": "game:woodenaxle-ud"
        },
        "T": {
          "type": "item",
          "code": "game:stick",
          "quantity": 6
        }
      },
      "width": 3,
      "height": 2,
      "output": {
        "type": "item",
        "code": "millwright:sailassembly-three-helicalfabric"
      }
    }
  },
  {
    "op": "addmerge",
    "side": "server",
    "file": "millwright:recipes/grid/sailassembly.json",
    "path": "/-",
    "value": {
      "ingredientPattern": "SL",
      "enabled": true,
      "shapeless": false,
      "ingredients": {
        "S": {
          "type": "item",
          "code": "millwright:sailassembly-three-helicalwood"
        },
        "L": {
          "type": "block",
          "code": "game:linen-*",
          "quantity": 4
        }
      },
      "width": 2,
      "height": 1,
      "output": {
        "type": "item",
        "code": "millwright:sailassembly-three-helicalfabric"
      }
    }
  },
  {
    "op": "addmerge",
    "side": "server",
    "file": "millwright:recipes/grid/sailassembly.json",
    "path": "/-",
    "value": {
      "ingredientPattern": "HCP,GRT",
      "enabled": true,
      "shapeless": false,
      "ingredients": {
        "H": {
          "type": "item",
          "code": "game:hammer-*",
          "isTool": true
        },
        "C": {
          "type": "item",
          "code": "game:chisel-*",
          "isTool": true
        },
        "P": {
          "type": "item",
          "code": "game:plank-*",
          "quantity": 12
        },
        "G": {
          "type": "item",
          "code": "game:metalnailsandstrips-*",
          "quantity": 3
        },
        "R": {
          "type": "block",
          "code": "game:woodenaxle-ud"
        },
        "T": {
          "type": "item",
          "code": "game:stick",
          "quantity": 6
        }
      },
      "width": 3,
      "height": 2,
      "output": {
        "type": "item",
        "code": "millwright:sailassembly-three-giromillwood"
      }
    }
  },
  {
    "op": "addmerge",
    "side": "server",
    "file": "millwright:recipes/grid/sailassembly.json",
    "path": "/-",
    "value": {
      "ingredientPattern": "HCP,LRL,TLG",
      "enabled": true,
      "shapeless": false,
      "ingredients": {
        "H": {
          "type": "item",
          "code": "game:hammer-*",
          "isTool": true
        },
        "C": {
          "type": "item",
          "code": "game:chisel-*",
          "isTool": true
        },
        "P": {
          "type": "item",
          "code": "game:plank-*",
          "quantity": 12
        },
        "L": {
          "type": "block",
          "code": "game:pan-wooden"
        },
        "R": {
          "type": "block",
          "code": "game:woodenaxle-ud"
        },
        "T": {
          "type": "item",
          "code": "game:stick",
          "quantity": 4
        },
        "G": {
          "type": "item",
          "code": "game:metalnailsandstrips-*",
          "quantity": 2
        }
      },
      "width": 3,
      "height": 3,
      "output": {
        "type": "item",
        "code": "millwright:sailassembly-two-savoniuswood"
      }
    }
  }
]