[
  {
    "op": "addmerge",
    "side": "server",
    "file": "millwright:recipes/grid/windmillrotorud.json",
    "path": "/-",
    "value": {
      "ingredientpattern": "HR",
      "enabled": true,
      "shapeless": true,
      "ingredients": {
        "H": {
          "type": "item",
          "code": "game:hammer-*",
          "isTool": true
        },
        "R": {
          "type": "block",
          "code": "millwright:windmillrotorud-three-up"
        }
      },
      "width": 2,
      "height": 1,
      "output": {
        "type": "block",
        "code": "millwright:windmillrotorud-two-up",
        "quantity": 1
      }
    }
  },
  {
    "op": "addmerge",
    "side": "server",
    "file": "millwright:recipes/grid/windmillrotorud.json",
    "path": "/-",
    "value": {
      "ingredientpattern": "HR",
      "enabled": true,
      "shapeless": true,
      "ingredients": {
        "H": {
          "type": "item",
          "code": "game:hammer-*",
          "isTool": true
        },
        "R": {
          "type": "block",
          "code": "millwright:windmillrotorud-two-up"
        }
      },
      "width": 2,
      "height": 1,
      "output": {
        "type": "block",
        "code": "millwright:windmillrotorud-three-up"
      }
    }
  }
]