[
  {
    "file": "game:entities/humanoid/player",
    "op": "Add",
    "path": "/client/animations/-",
    "value": {
      "code": "diving",
      "animation": "Diving",
      "blendMode": "AddAverage",
      "animationSpeed": 1,
      "easeInSpeed": 1,
      "easeOutSpeed": 10.0,
      "supressDefaultAnimation": true,
      "weight": 100.0
    },
    "elementWeight": {
      "UpperTorso": 100,
      "LowerTorso": 100,
      "UpperArmR": 100,
      "LowerArmR": 100,
      "UpperArmL": 100,
      "LowerArmL": 100,
      "UpperFootR": 100,
      "LowerFootR": 100,
      "UpperFootL": 100,
      "LowerFootL": 100
    },
    "elementBlendMode": {
      "UpperTorso": "AddAverage",
      "LowerTorso": "AddAverage",
      "UpperArmR": "AddAverage",
      "LowerArmR": "AddAverage",
      "UpperArmL": "AddAverage",
      "LowerArmL": "AddAverage",
      "UpperFootR": "AddAverage",
      "LowerFootR": "AddAverage",
      "UpperFootL": "AddAverage",
      "LowerFootL": "AddAverage"
    }
  },
  {
    "file": "game:shapes/entity/humanoid/seraph-faceless",
    "op": "Add",
    "path": "/animations/-",
    "value": {
      "name": "Diving",
      "code": "diving",
      "quantityframes": 30,
      "onActivityStopped": "EaseOut",
      "onAnimationEnd": "Hold",
      "keyframes": [
        {
          "frame": 0,
          "elements": {
            "LowerTorso": {
              "rotationX": 0.0,
              "rotationY": 0.0,
              "rotationZ": 55.0
            },
            "UpperArmL": {
              "rotationX": 50.0,
              "rotationY": 0.0,
              "rotationZ": -150.0
            },
            "UpperArmR": {
              "rotationX": -50.0,
              "rotationY": 0.0,
              "rotationZ": -150.0
            },
            "UpperFootR": {
              "rotationX": 5.0,
              "rotationY": 0.0,
              "rotationZ": 11.0
            },
            "UpperFootL": {
              "rotationX": -5.0,
              "rotationY": 0.0,
              "rotationZ": 0.0
            },
            "LowerFootR": {
              "rotationX": 0.0,
              "rotationY": 0.0,
              "rotationZ": 15.0
            },
            "LowerFootL": {
              "rotationX": 0.0,
              "rotationY": 0.0,
              "rotationZ": 5.0
            },
            "UpperTorso": {
              "rotationX": 0.0,
              "rotationY": 0.0,
              "rotationZ": 0.0
            }
          }
        },
        {
          "frame": 29,
          "elements": {
            "LowerFootL": {
              "rotationX": 0.0,
              "rotationY": 0.0,
              "rotationZ": 5.0
            },
            "UpperFootL": {
              "rotationX": -5.0,
              "rotationY": 0.0,
              "rotationZ": 14.0
            },
            "LowerTorso": {
              "rotationX": 0.0,
              "rotationY": 0.0,
              "rotationZ": 80.0
            },
            "LowerArmL": {
              "rotationX": 40.0,
              "rotationY": 0.0,
              "rotationZ": 0.0
            },
            "LowerArmR": {
              "rotationX": -40.0,
              "rotationY": 0.0,
              "rotationZ": 0.0
            },
            "UpperFootR": {
              "rotationX": 5.0,
              "rotationY": 0.0,
              "rotationZ": 33.0
            },
            "UpperTorso": {
              "rotationX": 0.0,
              "rotationY": 0.0,
              "rotationZ": -11.0
            }
          }
        }
      ]
    }
  }
]