[
	{
		ingredientPattern: "DBD,_E_,G_H",
		recipeGroup: 1,
		ingredients: {
			"B": { type: "item", code: "game:metalnailsandstrips-steel", quantity: 2
			},
			"D": { type: "item", code: "game:metalplate-steel"
			},
			"E": { type: "item", code: "game:armor-head-chain-steel"
			},
			"G": { type: "item", code: "game:hammer-*", isTool: true, toolDurabilityCost: 100
			},
			"H": { type: "item", code: "fa-templar-schematic", returnedStack: { "type": "item", "code": "fa-templar-schematic" }
			},
		},
		width: 3,
		height: 3,
		name: "templar pothelmlight plain",
		output: { type: "item", code: "fa-templar-head-pothelmlight-steel-plain"
		}
	},
	{
		ingredientPattern: "DBD,_E_,G_H",
		recipeGroup: 1,
		ingredients: {
			"B": { type: "item", code: "game:metalnailsandstrips-meteoriciron", quantity: 2
			},
			"D": { type: "item", code: "game:metalplate-meteoriciron"
			},
			"E": { type: "item", code: "game:armor-head-chain-meteoriciron"
			},
			"G": { type: "item", code: "game:hammer-*", isTool: true, toolDurabilityCost: 100
			},
			"H": { type: "item", code: "fa-templar-schematic", returnedStack: { "type": "item", "code": "fa-templar-schematic" }
			},
		},
		width: 3,
		height: 3,
		name: "templar pothelmlight plain",
		output: { type: "item", code: "fa-templar-head-pothelmlight-meteoriciron-plain"
		}
	},
	{
		ingredientPattern: "DBD,_E_,G_H",
		recipeGroup: 1,
		ingredients: {
			"B": { type: "item", code: "game:metalnailsandstrips-iron", quantity: 2
			},
			"D": { type: "item", code: "game:metalplate-iron"
			},
			"E": { type: "item", code: "game:armor-head-chain-iron"
			},
			"G": { type: "item", code: "game:hammer-*", isTool: true, toolDurabilityCost: 100
			},
			"H": { type: "item", code: "fa-templar-schematic", returnedStack: { "type": "item", "code": "fa-templar-schematic" }
			},
		},
		width: 3,
		height: 3,
		name: "templar pothelmlight plain",
		output: { type: "item", code: "fa-templar-head-pothelmlight-iron-plain"
		}
	},
]