{
	"editor": {
		"allAngles": true,
		"entityTextureMode": true
	},
	"textureWidth": 32,
	"textureHeight": 32,
	"textureSizes": {
	},
	"textures": {
	},
	"elements": [
		{
			"name": "body",
			"from": [ 7.3, 6.0, 2.5 ],
			"to": [ 13.3, 10.0, 6.5 ],
			"uv": [ 0.0, 0.0 ],
			"rotationOrigin": [ 8.5, 5.0, 7.5 ],
			"rotationX": -75.0,
			"rotationY": 3.0,
			"rotationZ": -39.0,
			"faces": {
				"north": { "texture": "#skin", "uv": [ 0.0, 6.0, 4.0, 12.0 ], "rotation": 270 },
				"east": { "texture": "#skin", "uv": [ 4.0, 6.0, 8.0, 10.0 ], "rotation": 180 },
				"south": { "texture": "#skin", "uv": [ 8.0, 6.0, 12.0, 12.0 ], "rotation": 90 },
				"west": { "texture": "#skin", "uv": [ 12.0, 6.0, 16.0, 10.0 ] },
				"up": { "texture": "#skin", "uv": [ 0.0, 0.0, 4.0, 6.0 ], "rotation": 90 },
				"down": { "texture": "#skin", "uv": [ 4.0, 0.0, 8.0, 6.0 ], "rotation": 270 }
			},
			"children": [
				{
					"name": "neck",
					"from": [ -0.2, 1.8, 1.0 ],
					"to": [ 1.8, 4.8, 3.0 ],
					"uv": [ 17.0, 0.0 ],
					"rotationOrigin": [ 0.5, 2.0, 2.0 ],
					"rotationY": -36.0,
					"rotationZ": 101.0,
					"faces": {
						"north": { "texture": "#skin", "uv": [ 17.0, 2.0, 19.0, 5.0 ] },
						"east": { "texture": "#skin", "uv": [ 19.0, 2.0, 21.0, 5.0 ] },
						"south": { "texture": "#skin", "uv": [ 21.0, 2.0, 23.0, 5.0 ] },
						"west": { "texture": "#skin", "uv": [ 23.0, 2.0, 25.0, 5.0 ] },
						"up": { "texture": "#skin", "uv": [ 17.0, 0.0, 19.0, 2.0 ], "rotation": 90 },
						"down": { "texture": "#skin", "uv": [ 19.0, 0.0, 21.0, 2.0 ], "rotation": 90 }
					},
					"children": [
						{
							"name": "head",
							"from": [ -0.3, 2.5, -0.1 ],
							"to": [ 1.7, 4.5, 2.1 ],
							"uv": [ 17.0, 8.0 ],
							"rotationOrigin": [ 0.7, 2.5, 1.0 ],
							"rotationX": -3.0,
							"rotationY": -8.0,
							"rotationZ": -3.0,
							"faces": {
								"north": { "texture": "#skin", "uv": [ 17.0, 10.0, 19.0, 12.0 ] },
								"east": { "texture": "#skin", "uv": [ 23.0, 10.0, 25.0, 12.0 ] },
								"south": { "texture": "#skin", "uv": [ 21.0, 10.0, 23.0, 12.0 ] },
								"west": { "texture": "#skin", "uv": [ 19.0, 10.0, 21.0, 12.0 ] },
								"up": { "texture": "#skin", "uv": [ 19.0, 8.0, 21.0, 10.0 ], "rotation": 90 },
								"down": { "texture": "#skin", "uv": [ 19.0, 12.0, 21.0, 14.0 ], "rotation": 90 }
							},
							"children": [
								{
									"name": "beak",
									"from": [ -0.9, 0.7, 0.8 ],
									"to": [ 0.1, 1.2, 1.4 ],
									"uv": [ 0.0, 0.0 ],
									"rotationOrigin": [ 0.0, 1.0, 1.1 ],
									"rotationZ": 14.0,
									"faces": {
										"north": { "texture": "#skin", "uv": [ 0.0, 1.0, 0.5, 2.0 ], "rotation": 270 },
										"south": { "texture": "#skin", "uv": [ 0.5, 1.0, 1.0, 2.0 ], "rotation": 90 },
										"west": { "texture": "#skin", "uv": [ 1.0, 1.0, 1.5, 1.5 ] },
										"up": { "texture": "#skin", "uv": [ 0.0, 0.0, 0.5, 1.0 ], "rotation": 90 },
										"down": { "texture": "#skin", "uv": [ 0.5, 0.0, 1.0, 1.0 ], "rotation": 270 }
									}
								},
								{
									"name": "R Eye",
									"from": [ 0.5, 1.0, -0.02 ],
									"to": [ 1.0, 1.5, -0.02 ],
									"autoUnwrap": false,
									"uv": [ 27.5, 8.0 ],
									"rotationOrigin": [ 0.5, 1.0, 0.0 ],
									"faces": {
										"north": { "texture": "#skin", "uv": [ 17.5, 8.5, 18.5, 9.5 ], "autoUv": false, "windMode": [-1,-1,-1,-1] },
										"south": { "texture": "#skin", "uv": [ 17.5, 8.5, 18.5, 9.5 ], "autoUv": false, "windMode": [-1,-1,-1,-1] }
									}
								},
								{
									"name": "L Eye",
									"from": [ 0.5, 1.0, 2.23 ],
									"to": [ 1.0, 1.5, 2.23 ],
									"autoUnwrap": false,
									"uv": [ 27.5, 8.0 ],
									"rotationOrigin": [ 0.5, 1.0, 2.0 ],
									"faces": {
										"north": { "texture": "#skin", "uv": [ 21.5, 8.5, 22.5, 9.5 ], "autoUv": false, "windMode": [-1,-1,-1,-1] },
										"south": { "texture": "#skin", "uv": [ 21.5, 8.5, 22.5, 9.5 ], "autoUv": false, "windMode": [-1,-1,-1,-1] }
									}
								},
								{
									"name": "Headfeather",
									"from": [ 0.0, 1.75, 1.0 ],
									"to": [ 2.0, 2.75, 1.0 ],
									"autoUnwrap": false,
									"uv": [ 23.0, 6.0 ],
									"rotationOrigin": [ 1.0, 2.0, 1.0 ],
									"faces": {
										"north": { "texture": "#skin", "uv": [ 30.0, 21.0, 31.0, 23.0 ], "rotation": 90, "autoUv": false, "windMode": [-1,-1,-1,-1] }
									},
									"children": [
										{
											"name": "Headfeather39",
											"from": [ -0.9, 0.05, 0.0 ],
											"to": [ 1.6, 1.05, 0.0 ],
											"autoUnwrap": false,
											"uv": [ 23.0, 6.0 ],
											"rotationOrigin": [ 1.6, 0.05, 0.0 ],
											"rotationX": -180.0,
											"rotationZ": -158.0,
											"faces": {
												"north": { "texture": "#skin", "uv": [ 30.0, 18.5, 31.0, 21.0 ], "rotation": 90, "windMode": [-1,-1,-1,-1] }
											}
										}
									]
								}
							]
						}
					],
					"attachmentpoints": [
						{
							"code": "rope",
							"posX": "1.0","posY": "2.0","posZ": "1.0",
							"rotationX": "0.0","rotationY": "0.0","rotationZ": "0.0"
						}
					]
				},
				{
					"name": "R leg",
					"from": [ 2.3, -0.6, 0.7 ],
					"to": [ 3.5, 1.9, 1.9 ],
					"uv": [ 0.0, 22.0 ],
					"rotationOrigin": [ 2.9, 1.0, 1.2 ],
					"rotationX": 19.0,
					"rotationY": 22.0,
					"rotationZ": -9.0,
					"faces": {
						"north": { "texture": "#skin", "uv": [ 0.0, 23.0, 1.0, 25.5 ] },
						"east": { "texture": "#skin", "uv": [ 3.0, 23.0, 4.0, 25.5 ] },
						"south": { "texture": "#skin", "uv": [ 2.0, 23.0, 3.0, 25.5 ] },
						"west": { "texture": "#skin", "uv": [ 1.0, 23.0, 2.0, 25.5 ] },
						"up": { "texture": "#skin", "uv": [ 1.0, 22.0, 2.0, 23.0 ], "rotation": 90 },
						"down": { "texture": "#skin", "uv": [ 1.0, 25.5, 2.0, 26.5 ], "rotation": 90 }
					},
					"children": [
						{
							"name": "R feet",
							"from": [ 0.1, -2.5, 0.1 ],
							"to": [ 1.1, 0.5, 1.1 ],
							"uv": [ 0.0, 27.0 ],
							"rotationOrigin": [ 0.6, 0.5, 0.6 ],
							"rotationY": -25.0,
							"rotationZ": 42.0,
							"faces": {
								"north": { "texture": "#skin", "uv": [ 0.0, 28.0, 1.0, 31.0 ] },
								"east": { "texture": "#skin", "uv": [ 3.0, 28.0, 4.0, 31.0 ] },
								"south": { "texture": "#skin", "uv": [ 2.0, 28.0, 3.0, 31.0 ] },
								"west": { "texture": "#skin", "uv": [ 1.0, 28.0, 2.0, 31.0 ] },
								"up": { "texture": "#skin", "uv": [ 1.0, 27.0, 2.0, 28.0 ], "rotation": 90 },
								"down": { "texture": "#skin", "uv": [ 1.0, 31.0, 2.0, 32.0 ], "rotation": 90 }
							},
							"children": [
								{
									"name": "R toes",
									"from": [ -1.0, 0.0, -1.0 ],
									"to": [ 1.0, 0.0, 1.0 ],
									"uv": [ 10.0, 12.0 ],
									"faces": {
										"up": { "texture": "#skin", "uv": [ 10.0, 12.0, 12.0, 14.0 ] }
									}
								}
							]
						}
					]
				},
				{
					"name": "L leg",
					"from": [ 2.3, -0.6, 2.3 ],
					"to": [ 3.5, 1.9, 3.5 ],
					"uv": [ 4.0, 22.0 ],
					"rotationOrigin": [ 2.9, 1.0, 2.8 ],
					"rotationX": 6.0,
					"rotationY": -11.0,
					"rotationZ": 13.0,
					"faces": {
						"north": { "texture": "#skin", "uv": [ 4.0, 23.0, 5.0, 25.5 ] },
						"east": { "texture": "#skin", "uv": [ 7.0, 23.0, 8.0, 25.5 ] },
						"south": { "texture": "#skin", "uv": [ 6.0, 23.0, 7.0, 25.5 ] },
						"west": { "texture": "#skin", "uv": [ 5.0, 23.0, 6.0, 25.5 ] },
						"up": { "texture": "#skin", "uv": [ 5.0, 22.0, 6.0, 23.0 ], "rotation": 90 },
						"down": { "texture": "#skin", "uv": [ 5.0, 25.5, 6.0, 26.5 ], "rotation": 90 }
					},
					"children": [
						{
							"name": "L feet",
							"from": [ 0.1, -2.5, 0.1 ],
							"to": [ 1.1, 0.5, 1.1 ],
							"uv": [ 4.0, 27.0 ],
							"rotationOrigin": [ 0.6, 0.5, 0.6 ],
							"rotationX": 3.0,
							"rotationY": -33.0,
							"rotationZ": -30.0,
							"faces": {
								"north": { "texture": "#skin", "uv": [ 4.0, 28.0, 5.0, 31.0 ] },
								"east": { "texture": "#skin", "uv": [ 7.0, 28.0, 8.0, 31.0 ] },
								"south": { "texture": "#skin", "uv": [ 6.0, 28.0, 7.0, 31.0 ] },
								"west": { "texture": "#skin", "uv": [ 5.0, 28.0, 6.0, 31.0 ] },
								"up": { "texture": "#skin", "uv": [ 5.0, 27.0, 6.0, 28.0 ], "rotation": 90 },
								"down": { "texture": "#skin", "uv": [ 5.0, 31.0, 6.0, 32.0 ], "rotation": 90 }
							},
							"children": [
								{
									"name": "L toes",
									"from": [ -1.0, 0.0, 0.0 ],
									"to": [ 1.0, 0.0, 2.0 ],
									"uv": [ 12.0, 12.0 ],
									"rotationOrigin": [ 0.0, 0.0, 1.0 ],
									"faces": {
										"up": { "texture": "#skin", "uv": [ 12.0, 12.0, 14.0, 14.0 ] }
									}
								}
							]
						}
					]
				},
				{
					"name": "R wing",
					"from": [ 0.3, 1.0, -0.5 ],
					"to": [ 4.3, 4.0, 0.0 ],
					"autoUnwrap": false,
					"uv": [ 3.0, 16.0 ],
					"rotationOrigin": [ 1.0, 3.5, 0.0 ],
					"rotationY": 17.0,
					"rotationZ": 33.0,
					"faces": {
						"north": { "texture": "#skin", "uv": [ 3.0, 16.5, 7.0, 19.5 ] },
						"east": { "texture": "#skin", "uv": [ 7.0, 16.5, 7.5, 19.5 ] },
						"south": { "texture": "#skin", "uv": [ 6.0, 16.5, 10.0, 19.5 ] },
						"west": { "texture": "#skin", "uv": [ 6.5, 16.0, 7.0, 19.0 ] },
						"up": { "texture": "#skin", "uv": [ 3.0, 16.0, 7.0, 16.5 ], "rotation": 180 },
						"down": { "texture": "#skin", "uv": [ 6.0, 19.0, 10.0, 19.5 ] }
					},
					"children": [
						{
							"name": "R wing tip",
							"from": [ 4.0, 0.5, 0.0 ],
							"to": [ 7.0, 3.0, 0.5 ],
							"uv": [ 0.0, 16.0 ],
							"rotationOrigin": [ 4.0, 3.0, 0.5 ],
							"faces": {
								"north": { "texture": "#skin", "uv": [ 0.0, 16.5, 3.0, 19.0 ] },
								"up": { "texture": "#skin", "uv": [ 0.0, 16.0, 3.0, 16.5 ], "rotation": 180 }
							}
						}
					]
				},
				{
					"name": "L wing",
					"from": [ 0.3, 1.0, 4.0 ],
					"to": [ 4.3, 4.0, 4.5 ],
					"autoUnwrap": false,
					"uv": [ 15.0, 16.0 ],
					"rotationOrigin": [ 1.0, 3.5, 4.0 ],
					"rotationY": -8.0,
					"rotationZ": -39.0,
					"faces": {
						"north": { "texture": "#skin", "uv": [ 12.0, 16.5, 15.0, 19.5 ], "autoUv": false },
						"east": { "texture": "#skin", "uv": [ 18.5, 16.5, 19.0, 19.5 ] },
						"south": { "texture": "#skin", "uv": [ 15.0, 16.5, 19.0, 19.5 ] },
						"west": { "texture": "#skin", "uv": [ 15.0, 16.0, 15.5, 19.0 ] },
						"up": { "texture": "#skin", "uv": [ 15.5, 16.0, 19.5, 16.5 ] },
						"down": { "texture": "#skin", "uv": [ 12.0, 19.0, 16.0, 19.5 ], "rotation": 180 }
					},
					"children": [
						{
							"name": "L wing tip",
							"from": [ 4.0, 0.5, 0.0 ],
							"to": [ 7.0, 3.0, 0.5 ],
							"uv": [ 19.0, 16.0 ],
							"rotationOrigin": [ 4.0, 2.9, -0.1 ],
							"faces": {
								"south": { "texture": "#skin", "uv": [ 19.0, 16.5, 22.0, 19.0 ] },
								"up": { "texture": "#skin", "uv": [ 19.0, 16.0, 22.0, 16.5 ] }
							}
						}
					]
				},
				{
					"name": "feather 1",
					"from": [ 5.7, 4.1, 2.6 ],
					"to": [ 7.2, 8.1, 2.6 ],
					"uv": [ 22.0, 28.0 ],
					"rotationOrigin": [ 5.7, 4.1, 2.6 ],
					"rotationX": -47.0,
					"rotationY": -2.0,
					"rotationZ": -71.0,
					"faces": {
						"north": { "texture": "#skin", "uv": [ 22.0, 28.0, 23.5, 32.0 ] }
					}
				},
				{
					"name": "feather 2",
					"from": [ 5.1, 3.6, 3.6 ],
					"to": [ 6.6, 7.6, 3.6 ],
					"uv": [ 22.0, 28.0 ],
					"rotationOrigin": [ 5.1, 3.6, 3.6 ],
					"rotationX": -34.0,
					"rotationZ": -60.0,
					"faces": {
						"north": { "texture": "#skin", "uv": [ 22.0, 28.0, 23.5, 32.0 ] }
					}
				},
				{
					"name": "feather 3",
					"from": [ 5.5, 3.9, 2.7 ],
					"to": [ 6.5, 10.9, 2.7 ],
					"uv": [ 31.0, 18.0 ],
					"rotationOrigin": [ 5.5, 3.9, 2.7 ],
					"rotationX": -46.0,
					"rotationY": -2.0,
					"rotationZ": -81.0,
					"faces": {
						"north": { "texture": "#skin", "uv": [ 31.0, 18.0, 32.0, 25.0 ] }
					}
				},
				{
					"name": "feather 4",
					"from": [ 5.5, 3.6, 2.6 ],
					"to": [ 7.0, 6.6, 2.6 ],
					"uv": [ 25.0, 29.0 ],
					"rotationOrigin": [ 5.5, 3.6, 2.6 ],
					"rotationX": -20.0,
					"rotationZ": -80.0,
					"faces": {
						"north": { "texture": "#skin", "uv": [ 25.0, 29.0, 26.5, 32.0 ] }
					}
				},
				{
					"name": "feather 5",
					"from": [ 5.1, 3.9, 0.4 ],
					"to": [ 6.6, 6.9, 0.4 ],
					"uv": [ 20.5, 29.0 ],
					"rotationOrigin": [ 5.1, 3.9, 0.4 ],
					"rotationX": 34.0,
					"rotationY": -6.0,
					"rotationZ": -60.0,
					"faces": {
						"north": { "texture": "#skin", "uv": [ 20.5, 29.0, 22.0, 32.0 ] }
					}
				},
				{
					"name": "feather 6",
					"from": [ 5.1, 3.6, 1.3 ],
					"to": [ 6.1, 10.6, 1.3 ],
					"uv": [ 31.0, 18.0 ],
					"rotationOrigin": [ 5.1, 3.6, 1.3 ],
					"rotationX": 46.0,
					"rotationY": 2.0,
					"rotationZ": -81.0,
					"faces": {
						"north": { "texture": "#skin", "uv": [ 31.0, 18.0, 32.0, 25.0 ] }
					}
				},
				{
					"name": "feather 7",
					"from": [ 5.5, 3.9, 1.2 ],
					"to": [ 7.0, 7.9, 1.2 ],
					"uv": [ 23.5, 28.0 ],
					"rotationOrigin": [ 5.5, 3.9, 1.2 ],
					"rotationX": 45.0,
					"rotationZ": -71.0,
					"faces": {
						"north": { "texture": "#skin", "uv": [ 23.5, 28.0, 25.0, 32.0 ] }
					}
				},
				{
					"name": "feather 8",
					"from": [ 5.5, 3.6, 1.1 ],
					"to": [ 7.0, 6.6, 1.1 ],
					"uv": [ 25.0, 29.0 ],
					"rotationOrigin": [ 5.5, 3.6, 1.1 ],
					"rotationX": 20.0,
					"rotationZ": -80.0,
					"faces": {
						"north": { "texture": "#skin", "uv": [ 25.0, 29.0, 26.5, 32.0 ] }
					}
				},
				{
					"name": "Cube32",
					"from": [ 6.1, 3.29, 1.91 ],
					"to": [ 9.1, 4.29, 1.91 ],
					"uv": [ 31.0, 25.0 ],
					"rotationOrigin": [ 6.0961, 3.9, 1.9089 ],
					"rotationX": 65.0,
					"faces": {
						"north": { "texture": "#skin", "uv": [ 31.0, 25.0, 32.0, 28.0 ], "rotation": 270 }
					},
					"children": [
						{
							"name": "Cube32",
							"from": [ 3.0, 1.0, -0.007 ],
							"to": [ 4.0, 5.0, -0.007 ],
							"uv": [ 31.0, 21.0 ],
							"rotationOrigin": [ 3.0, 1.0, -0.007 ],
							"rotationZ": -90.0,
							"faces": {
								"north": { "texture": "#skin", "uv": [ 31.0, 21.0, 32.0, 25.0 ], "rotation": 180 }
							},
							"children": [
								{
									"name": "Cube32",
									"from": [ 1.0, 0.9, 0.082 ],
									"to": [ 2.0, 3.9, 0.082 ],
									"uv": [ 31.0, 18.0 ],
									"rotationOrigin": [ 1.0, 3.9, 0.082 ],
									"rotationZ": 180.0,
									"faces": {
										"north": { "texture": "#skin", "uv": [ 31.0, 18.0, 32.0, 21.0 ], "rotation": 180 }
									}
								}
							]
						}
					]
				},
				{
					"name": "Cube29",
					"from": [ 6.1, 3.29, 1.31 ],
					"to": [ 9.1, 4.29, 1.31 ],
					"uv": [ 31.0, 25.0 ],
					"rotationOrigin": [ 6.0961, 3.8928, 1.3089 ],
					"rotationX": 47.0,
					"rotationY": -4.0,
					"rotationZ": 3.895,
					"faces": {
						"north": { "texture": "#skin", "uv": [ 31.0, 25.0, 32.0, 28.0 ], "rotation": 270 }
					},
					"children": [
						{
							"name": "Cube30",
							"from": [ 3.0, 1.0, -0.007 ],
							"to": [ 4.0, 5.0, -0.007 ],
							"uv": [ 31.0, 21.0 ],
							"rotationOrigin": [ 3.0, 1.0, -0.007 ],
							"rotationZ": -90.0,
							"faces": {
								"north": { "texture": "#skin", "uv": [ 31.0, 21.0, 32.0, 25.0 ], "rotation": 180 }
							},
							"children": [
								{
									"name": "Cube31",
									"from": [ 1.0, 0.9, 0.082 ],
									"to": [ 2.0, 3.9, 0.082 ],
									"uv": [ 31.0, 18.0 ],
									"rotationOrigin": [ 1.0, 3.9, 0.082 ],
									"rotationZ": 180.0,
									"faces": {
										"north": { "texture": "#skin", "uv": [ 31.0, 18.0, 32.0, 21.0 ], "rotation": 180 }
									}
								}
							]
						}
					]
				},
				{
					"name": "Cube33",
					"from": [ 6.1, 2.99, 2.51 ],
					"to": [ 9.1, 3.99, 2.51 ],
					"uv": [ 31.0, 25.0 ],
					"rotationOrigin": [ 6.0961, 3.5928, 2.5089 ],
					"rotationX": -50.0,
					"rotationY": -2.0,
					"rotationZ": 3.89,
					"faces": {
						"north": { "texture": "#skin", "uv": [ 31.0, 25.0, 32.0, 28.0 ], "rotation": 270 }
					},
					"children": [
						{
							"name": "Cube33",
							"from": [ 3.0, 1.0, -0.007 ],
							"to": [ 4.0, 5.0, -0.007 ],
							"uv": [ 31.0, 21.0 ],
							"rotationOrigin": [ 3.0, 1.0, -0.007 ],
							"rotationZ": -90.0,
							"faces": {
								"north": { "texture": "#skin", "uv": [ 31.0, 21.0, 32.0, 25.0 ], "rotation": 180 }
							},
							"children": [
								{
									"name": "Cube33",
									"from": [ 1.0, 0.9, 0.082 ],
									"to": [ 2.0, 3.9, 0.082 ],
									"uv": [ 31.0, 18.0 ],
									"rotationOrigin": [ 1.0, 3.9, 0.082 ],
									"rotationZ": 180.0,
									"faces": {
										"north": { "texture": "#skin", "uv": [ 31.0, 18.0, 32.0, 21.0 ], "rotation": 180 }
									}
								}
							]
						}
					]
				}
			],
			"attachmentpoints": [
				{
					"code": "Center",
					"posX": "3.0","posY": "2.0","posZ": "2.0",
					"rotationX": "0.0","rotationY": "0.0","rotationZ": "0.0"
				}
			]
		}
	]}