{
	"code": "gear-preptempgear",
	"maxstacksize": 64,
	"shape": {
		"base": "item/resource/preptempgear"
	},
	"creativeinventory": {
		"general": ["*"],
		"items": ["*"]
	},
	"attributes": {
		"displaycaseable": true,
		"shelvable": true,
		"onDisplayTransform": {
			"translation": {
				"x": 0.1,
				"y": 0,
				"z": 0
			},
			"rotation": {
				"x": 0,
				"y": 0,
				"z": 2
			},
			"origin": {
				"x": 0.5,
				"y": 0,
				"z": 0.5
			},
			"scale": 0.85
		}
	},
	"materialDensity": 700,
	"guiTransform": {
		"translation": {
			"x": 0,
			"y": 0,
			"z": 0
		},
		"rotation": {
			"x": 145,
			"y": -12,
			"z": 0
		},
		"origin": {
			"x": 0.45,
			"y": 0.1,
			"z": 0.5
		},
		"scale": 2.5
	},
	"fpHandTransform": {
		"translation": {
			"x": 0,
			"y": 0.2,
			"z": 0
		},
		"rotation": {
			"x": 15,
			"y": 0,
			"z": 0
		},
		"origin": {
			"x": 0.5,
			"y": 0,
			"z": 0.5
		},
		"scale": 1.8
	},
	"tpHandTransform": {
		"translation": {
			"x": -0.45,
			"y": -0.35,
			"z": -0.55
		},
		"rotation": {
			"x": 0,
			"y": -89,
			"z": -83
		},
		"origin": {
			"x": 0.5,
			"y": 0.0625,
			"z": 0.5
		},
		"scale": 0.97
	},
	"groundTransform": {
		"translation": {
			"x": 0,
			"y": 0,
			"z": 0
		},
		"rotation": {
			"x": 0,
			"y": 0,
			"z": 0
		},
		"origin": {
			"x": 0.39,
			"y": 0,
			"z": 0.47
		},
		"scale": 3.76
	}
}