{
	"code": "cloth-forlorn",
	"behaviors": [
		{
			"name": "GroundStorable",
			"properties": {
				"layout": 'SingleCenter'
			}
		}
	],
	"shape": {
		"base": "item/resource/temporalcloth"
	},
	"attributes": {
		"clothingRepairStrength": 0.5,
		"displaycaseable": true,
		"shelvable": true,
		"onDisplayTransform": {
			"translation": {
				"x": 0.05,
				"y": 0,
				"z": 0
			},
			"rotation": {
				"x": 0,
				"y": -45,
				"z": 0
			},
			"origin": {
				"x": 0.5,
				"y": 0,
				"z": 0.5
			},
			"scale": 0.8
		}
	},
	"creativeinventory": {
		"general": [
			"*"
		],
		"items": [
			"*"
		]
	},
	"maxstacksize": 32,
	"materialDensity": 210,
	"guiTransform": {
		"rotation": {
			"x": -166,
			"y": 78,
			"z": -45
		},
		"origin": {
			"x": 0.5,
			"y": 0.1,
			"z": 0.58
		},
		"scale": 2.5
	},
	"fpHandTransform": {
		"translation": {
			"x": 0.25,
			"y": 0,
			"z": 0
		},
		"rotation": {
			"x": 152,
			"y": 71,
			"z": -87
		},
		"origin": {
			"x": 0.6,
			"y": 0.3,
			"z": 0.5
		},
		"scale": 1.82
	},
	"tpHandTransform": {
		"translation": {
			"x": -1,
			"y": -0.9,
			"z": -1.35
		},
		"rotation": {
			"x": 99,
			"y": -180,
			"z": 180
		},
		"scale": 0.49
	},
	"groundTransform": {
		"translation": {
			"x": 0,
			"y": 0.25,
			"z": 0
		},
		"rotation": {
			"x": 0,
			"y": 0,
			"z": 0
		},
		"origin": {
			"x": 0.5,
			"y": 0.31,
			"z": 0.5299
		},
		"scale": 4
	}
}