{
	"code": "manure",
	"attributes": {
		"handbook": {
			"include": true,
			"extraSections": [
				{
					"title": "manure-handbook-help-title",
					"text": "manure-handbook-help-text"
				}
			]
		}
	},
	"behaviors": [
		{
			"name": "natfert.manurestack",
			"properties": {
				"layout": "Stacking",
				"placeRemoveSound": "sounds/walk/sludge1",
        "randomizeSoundPitch": true,
				"stackingModel": "item/manure/manure-pile",
        "randomizeCenterRotation": true,
				"upSolid": false,
				"modelItemsToStackSizeRatio": 17,
				"maxStackHeight": 32,
				"stackingCapacity": 32,
				"transferQuantity": 1,
				"bulkTransferQuantity": 4,
				"collisionBox": {
					"x1": 0,
					"y1": 0,
					"z1": 0,
					"x2": 1,
					"y2": 0.2,
					"z2": 1
				},
				"cbScaleYByLayer": 0.12
			}
		}
	],
	"shape": { "base": "naturalfertilizer:item/manure/manure" },
	"textures": {
		"fertlow": {
			"base": "game:block/soil/fertcompost",
			"alternates": [
				{ "base": "game:block/soil/ferthigh" },
				{ "base": "game:block/soil/peat" },
				{ "base": "game:block/soil/farmland/fertcompost-moist" }
			]
		}
	},
	"creativeinventory": {
		"general": [ "*" ],
		"items": [ "*" ]
	},
	"maxstacksize": 64,
	"materialDensity": 500,
	"heldTpHitAnimation": "breaktool",
	"fpHandTransform": {
		"translation": {
			"x": 0,
			"y": 0,
			"z": 0
		},
		"rotation": {
			"x": 1,
			"y": 90,
			"z": 0
		},
		"scale": 2
	},
	"guiTransform": {
		"translation": {
			"x": 0,
			"y": 0,
			"z": 0
		},
		"rotation": {
			"x": -152,
			"y": 23,
			"z": 7
		},
		"origin": {
			"x": 0.5,
			"y": 0.15,
			"z": 0.5
		},
		"scale": 2.04
	},
	"tpHandTransform": {
		"translation": {
			"x": -0.55,
			"y": -0.1,
			"z": -0.47
		},
		"rotation": {
			"x": 25,
			"y": -174,
			"z": 95
		},
		"origin": {
			"x": 0.5,
			"y": 0.12,
			"z": 0.5
		},
		"scale": 1
	},
	"groundTransform": {
		"translation": {
			"x": 0,
			"y": 0,
			"z": 0
		},
		"rotation": {
			"x": 0,
			"y": 0,
			"z": 0
		},
		"origin": {
			"x": 0.5,
			"y": 0,
			"z": 0.54
		},
		"scale": 5
	}
}