{
	"editor": {
		"allAngles": true,
		"entityTextureMode": false
	},
	"textureWidth": 16,
	"textureHeight": 8,
	"textureSizes": {
		"fern0": [16,8],
		"fern1": [16,8],
		"fern2": [16,8],
		"fern3": [16,8]
	},
	"textures": {
	},
	"elements": [
		{
			"name": "Origin",
			"from": [ 8.0, 0.0, 8.0 ],
			"to": [ 8.0, 0.0, 8.0 ],
			"rotationOrigin": [ 8.0, 0.0, 8.0 ],
			"faces": {
			},
			"children": [
				{
					"name": "Center frond",
					"from": [ -1.5, 0.0, 0.0 ],
					"to": [ 1.5, 8.0, 0.0 ],
					"shade": false,
					"renderPass": 1,
					"faces": {
						"north": { "texture": "#fern3", "uv": [ 0.0, 0.0, 3.0, 8.0 ], "windMode": [0,9,9,0] }
					}
				},
				{
					"name": "Lower frond a",
					"from": [ -1.5, 0.0, 0.0 ],
					"to": [ 1.5, 0.0, 8.0 ],
					"shade": false,
					"renderPass": 1,
					"rotationOrigin": [ 0.0, 0.0, 0.0 ],
					"rotationX": -20.0,
					"faces": {
						"up": { "texture": "#fern0", "uv": [ 0.0, 0.0, 3.0, 8.0 ], "rotation": 180, "windMode": [0,0,0,0] }
					}
				},
				{
					"name": "Lower frond b",
					"from": [ -1.5, 0.0, 0.0 ],
					"to": [ 1.5, 0.0, 8.0 ],
					"shade": false,
					"renderPass": 1,
					"rotationOrigin": [ 0.0, 0.0, 0.0 ],
					"rotationX": -32.1965,
					"rotationY": -40.2388,
					"rotationZ": -22.1334,
					"faces": {
						"up": { "texture": "#fern0", "uv": [ 6.5, 0.0, 9.5, 8.0 ], "rotation": 180, "windMode": [0,9,9,0] }
					}
				},
				{
					"name": "Lower frond c",
					"from": [ -1.5, 0.0, 0.0 ],
					"to": [ 1.5, 0.0, 8.0 ],
					"shade": false,
					"renderPass": 1,
					"rotationOrigin": [ 0.0, 0.0, 0.0 ],
					"rotationX": -130.6797,
					"rotationY": -57.5656,
					"rotationZ": -135.5218,
					"faces": {
						"up": { "texture": "#fern0", "uv": [ 9.0, 0.0, 12.0, 8.0 ], "rotation": 180, "windMode": [0,9,9,0] }
					}
				},
				{
					"name": "Lower frond d",
					"from": [ -2.0, 0.0, 0.0 ],
					"to": [ 1.0, 0.0, 8.0 ],
					"shade": false,
					"renderPass": 1,
					"rotationOrigin": [ 0.0, 0.0, 0.0 ],
					"rotationX": -155.6028,
					"rotationY": 10.0387,
					"rotationZ": 175.4795,
					"faces": {
						"up": { "texture": "#fern0", "uv": [ 12.0, 0.0, 15.0, 8.0 ], "rotation": 180, "windMode": [0,9,9,0] }
					}
				},
				{
					"name": "Lower frond e",
					"from": [ -1.0, 0.0, 0.0 ],
					"to": [ 2.0, 0.0, 8.0 ],
					"shade": false,
					"renderPass": 1,
					"rotationOrigin": [ 0.0, 0.0, 0.0 ],
					"rotationX": -37.8198,
					"rotationY": 48.4461,
					"rotationZ": 30.1514,
					"faces": {
						"up": { "texture": "#fern0", "uv": [ 3.0, 0.0, 6.0, 8.0 ], "rotation": 180, "windMode": [0,9,9,0] }
					}
				},
				{
					"name": "Upper frond a",
					"from": [ -1.5, 0.0, 0.0 ],
					"to": [ 1.5, 8.0, 0.0 ],
					"shade": false,
					"renderPass": 1,
					"rotationOrigin": [ 0.0, 0.0, 0.0 ],
					"rotationX": 27.2363,
					"rotationY": -41.6411,
					"rotationZ": 18.8817,
					"faces": {
						"south": { "texture": "#fern1", "uv": [ 0.0, 0.0, 3.0, 8.0 ], "windMode": [0,0,9,9] }
					}
				},
				{
					"name": "Upper frond b",
					"from": [ -1.5, 0.0, 0.0 ],
					"to": [ 1.5, 8.0, 0.0 ],
					"shade": false,
					"renderPass": 1,
					"rotationOrigin": [ 0.0, 0.0, 0.0 ],
					"rotationX": 138.6535,
					"rotationY": -50.2277,
					"rotationZ": 145.9283,
					"faces": {
						"south": { "texture": "#fern1", "uv": [ 3.0, 0.0, 6.0, 8.0 ], "windMode": [0,0,9,9] }
					}
				},
				{
					"name": "Upper frond c",
					"from": [ -2.0, 0.0, 0.0 ],
					"to": [ 1.0, 8.0, 0.0 ],
					"shade": false,
					"renderPass": 1,
					"rotationOrigin": [ 0.0, 0.0, 0.0 ],
					"rotationX": 49.9793,
					"rotationY": 49.2393,
					"rotationZ": -42.0512,
					"faces": {
						"south": { "texture": "#fern1", "uv": [ 6.5, 0.0, 9.5, 8.0 ], "windMode": [0,0,9,9] }
					}
				},
				{
					"name": "Upper frond d",
					"from": [ -1.0, 0.0, 0.0 ],
					"to": [ 2.0, 8.0, 0.0 ],
					"shade": false,
					"renderPass": 1,
					"rotationOrigin": [ 0.0, 0.0, 0.0 ],
					"rotationX": 130.0207,
					"rotationY": 49.2393,
					"rotationZ": -137.9488,
					"faces": {
						"south": { "texture": "#fern1", "uv": [ 9.0, 0.0, 12.0, 8.0 ], "windMode": [0,0,9,9] }
					}
				},
				{
					"name": "Upper frond e",
					"from": [ -1.0, 0.0, 0.0 ],
					"to": [ 2.0, 8.0, 0.0 ],
					"shade": false,
					"renderPass": 1,
					"rotationOrigin": [ 0.0, 0.0, 0.0 ],
					"rotationX": 150.0,
					"rotationY": 0.0,
					"rotationZ": 180.0,
					"faces": {
						"south": { "texture": "#fern1", "uv": [ 12.0, 0.0, 15.0, 8.0 ], "windMode": [0,0,9,9] }
					}
				}
			]
		},
		{
			"name": "Origin2",
			"from": [ 3.0, 0.0, 13.0 ],
			"to": [ 3.0, 0.0, 13.0 ],
			"rotationOrigin": [ 3.0, 0.0, 13.0 ],
			"rotationY": 17.0,
			"faces": {
			},
			"children": [
				{
					"name": "Center frond2",
					"from": [ -1.5, 0.0, 0.0 ],
					"to": [ 1.5, 8.0, 0.0 ],
					"shade": false,
					"renderPass": 1,
					"faces": {
						"north": { "texture": "#fern3", "uv": [ 3.0, 0.0, 6.0, 8.0 ], "windMode": [0,9,9,0] }
					}
				},
				{
					"name": "Lower frond a2",
					"from": [ -1.5, 0.0, 0.0 ],
					"to": [ 1.5, 0.0, 8.0 ],
					"shade": false,
					"renderPass": 1,
					"rotationOrigin": [ 0.0, 0.0, 0.0 ],
					"rotationX": -20.0,
					"faces": {
						"up": { "texture": "#fern0", "uv": [ 0.0, 0.0, 3.0, 8.0 ], "rotation": 180, "windMode": [0,0,0,0] }
					}
				},
				{
					"name": "Lower frond b2",
					"from": [ -1.5, 0.0, 0.0 ],
					"to": [ 1.5, 0.0, 8.0 ],
					"shade": false,
					"renderPass": 1,
					"rotationOrigin": [ 0.0, 0.0, 0.0 ],
					"rotationX": -32.1965,
					"rotationY": -40.2388,
					"rotationZ": -22.1334,
					"faces": {
						"up": { "texture": "#fern0", "uv": [ 6.5, 0.0, 9.5, 8.0 ], "rotation": 180, "windMode": [0,9,9,0] }
					}
				},
				{
					"name": "Lower frond c2",
					"from": [ -1.5, 0.0, 0.0 ],
					"to": [ 1.5, 0.0, 8.0 ],
					"shade": false,
					"renderPass": 1,
					"rotationOrigin": [ 0.0, 0.0, 0.0 ],
					"rotationX": -130.6797,
					"rotationY": -57.5656,
					"rotationZ": -135.5218,
					"faces": {
						"up": { "texture": "#fern0", "uv": [ 9.0, 0.0, 12.0, 8.0 ], "rotation": 180, "windMode": [0,9,9,0] }
					}
				},
				{
					"name": "Lower frond d2",
					"from": [ -2.0, 0.0, 0.0 ],
					"to": [ 1.0, 0.0, 8.0 ],
					"shade": false,
					"renderPass": 1,
					"rotationOrigin": [ 0.0, 0.0, 0.0 ],
					"rotationX": -155.6028,
					"rotationY": 10.0387,
					"rotationZ": 175.4795,
					"faces": {
						"up": { "texture": "#fern0", "uv": [ 12.0, 0.0, 15.0, 8.0 ], "rotation": 180, "windMode": [0,9,9,0] }
					}
				},
				{
					"name": "Lower frond e2",
					"from": [ -1.0, 0.0, 0.0 ],
					"to": [ 2.0, 0.0, 8.0 ],
					"shade": false,
					"renderPass": 1,
					"rotationOrigin": [ 0.0, 0.0, 0.0 ],
					"rotationX": -37.8198,
					"rotationY": 48.4461,
					"rotationZ": 30.1514,
					"faces": {
						"up": { "texture": "#fern0", "uv": [ 3.0, 0.0, 6.0, 8.0 ], "rotation": 180, "windMode": [0,9,9,0] }
					}
				},
				{
					"name": "Upper frond a2",
					"from": [ -1.5, 0.0, 0.0 ],
					"to": [ 1.5, 8.0, 0.0 ],
					"shade": false,
					"renderPass": 1,
					"rotationOrigin": [ 0.0, 0.0, 0.0 ],
					"rotationX": 27.2363,
					"rotationY": -41.6411,
					"rotationZ": 18.8817,
					"faces": {
						"south": { "texture": "#fern1", "uv": [ 0.0, 0.0, 3.0, 8.0 ], "windMode": [0,0,9,9] }
					}
				},
				{
					"name": "Upper frond b2",
					"from": [ -1.5, 0.0, 0.0 ],
					"to": [ 1.5, 8.0, 0.0 ],
					"shade": false,
					"renderPass": 1,
					"rotationOrigin": [ 0.0, 0.0, 0.0 ],
					"rotationX": 138.6535,
					"rotationY": -50.2277,
					"rotationZ": 145.9283,
					"faces": {
						"south": { "texture": "#fern1", "uv": [ 3.0, 0.0, 6.0, 8.0 ], "windMode": [0,0,9,9] }
					}
				},
				{
					"name": "Upper frond c2",
					"from": [ -2.0, 0.0, 0.0 ],
					"to": [ 1.0, 8.0, 0.0 ],
					"shade": false,
					"renderPass": 1,
					"rotationOrigin": [ 0.0, 0.0, 0.0 ],
					"rotationX": 49.9793,
					"rotationY": 49.2393,
					"rotationZ": -42.0512,
					"faces": {
						"south": { "texture": "#fern1", "uv": [ 6.5, 0.0, 9.5, 8.0 ], "windMode": [0,0,9,9] }
					}
				},
				{
					"name": "Upper frond d2",
					"from": [ -1.0, 0.0, 0.0 ],
					"to": [ 2.0, 8.0, 0.0 ],
					"shade": false,
					"renderPass": 1,
					"rotationOrigin": [ 0.0, 0.0, 0.0 ],
					"rotationX": 130.0207,
					"rotationY": 49.2393,
					"rotationZ": -137.9488,
					"faces": {
						"south": { "texture": "#fern1", "uv": [ 9.0, 0.0, 12.0, 8.0 ], "windMode": [0,0,9,9] }
					}
				},
				{
					"name": "Upper frond e2",
					"from": [ -1.0, 0.0, 0.0 ],
					"to": [ 2.0, 8.0, 0.0 ],
					"shade": false,
					"renderPass": 1,
					"rotationOrigin": [ 0.0, 0.0, 0.0 ],
					"rotationX": 150.0,
					"rotationY": 0.0,
					"rotationZ": 180.0,
					"faces": {
						"south": { "texture": "#fern1", "uv": [ 12.0, 0.0, 15.0, 8.0 ], "windMode": [0,0,9,9] }
					}
				}
			]
		},
		{
			"name": "Origin3",
			"from": [ 3.0, 0.0, 4.0 ],
			"to": [ 3.0, 0.0, 4.0 ],
			"rotationOrigin": [ 3.0, 0.0, 4.0 ],
			"rotationY": -72.0,
			"faces": {
			},
			"children": [
				{
					"name": "Center frond3",
					"from": [ -1.5, 0.0, 0.0 ],
					"to": [ 1.5, 8.0, 0.0 ],
					"shade": false,
					"renderPass": 1,
					"faces": {
						"north": { "texture": "#fern3", "uv": [ 6.5, 0.0, 9.5, 8.0 ], "windMode": [0,9,9,0] }
					}
				},
				{
					"name": "Lower frond a3",
					"from": [ -1.5, 0.0, 0.0 ],
					"to": [ 1.5, 0.0, 8.0 ],
					"shade": false,
					"renderPass": 1,
					"rotationOrigin": [ 0.0, 0.0, 0.0 ],
					"rotationX": -20.0,
					"faces": {
						"up": { "texture": "#fern0", "uv": [ 0.0, 0.0, 3.0, 8.0 ], "rotation": 180, "windMode": [0,0,0,0] }
					}
				},
				{
					"name": "Lower frond b3",
					"from": [ -1.5, 0.0, 0.0 ],
					"to": [ 1.5, 0.0, 8.0 ],
					"shade": false,
					"renderPass": 1,
					"rotationOrigin": [ 0.0, 0.0, 0.0 ],
					"rotationX": -32.1965,
					"rotationY": -40.2388,
					"rotationZ": -22.1334,
					"faces": {
						"up": { "texture": "#fern0", "uv": [ 6.5, 0.0, 9.5, 8.0 ], "rotation": 180, "windMode": [0,9,9,0] }
					}
				},
				{
					"name": "Lower frond c3",
					"from": [ -1.5, 0.0, 0.0 ],
					"to": [ 1.5, 0.0, 8.0 ],
					"shade": false,
					"renderPass": 1,
					"rotationOrigin": [ 0.0, 0.0, 0.0 ],
					"rotationX": -130.6797,
					"rotationY": -57.5656,
					"rotationZ": -135.5218,
					"faces": {
						"up": { "texture": "#fern0", "uv": [ 9.0, 0.0, 12.0, 8.0 ], "rotation": 180, "windMode": [0,9,9,0] }
					}
				},
				{
					"name": "Lower frond d3",
					"from": [ -2.0, 0.0, 0.0 ],
					"to": [ 1.0, 0.0, 8.0 ],
					"shade": false,
					"renderPass": 1,
					"rotationOrigin": [ 0.0, 0.0, 0.0 ],
					"rotationX": -155.6028,
					"rotationY": 10.0387,
					"rotationZ": 175.4795,
					"faces": {
						"up": { "texture": "#fern0", "uv": [ 12.0, 0.0, 15.0, 8.0 ], "rotation": 180, "windMode": [0,9,9,0] }
					}
				},
				{
					"name": "Lower frond e3",
					"from": [ -1.0, 0.0, 0.0 ],
					"to": [ 2.0, 0.0, 8.0 ],
					"shade": false,
					"renderPass": 1,
					"rotationOrigin": [ 0.0, 0.0, 0.0 ],
					"rotationX": -37.8198,
					"rotationY": 48.4461,
					"rotationZ": 30.1514,
					"faces": {
						"up": { "texture": "#fern0", "uv": [ 3.0, 0.0, 6.0, 8.0 ], "rotation": 180, "windMode": [0,9,9,0] }
					}
				},
				{
					"name": "Upper frond a3",
					"from": [ -1.5, 0.0, 0.0 ],
					"to": [ 1.5, 8.0, 0.0 ],
					"shade": false,
					"renderPass": 1,
					"rotationOrigin": [ 0.0, 0.0, 0.0 ],
					"rotationX": 27.2363,
					"rotationY": -41.6411,
					"rotationZ": 18.8817,
					"faces": {
						"south": { "texture": "#fern1", "uv": [ 0.0, 0.0, 3.0, 8.0 ], "windMode": [0,0,9,9] }
					}
				},
				{
					"name": "Upper frond b3",
					"from": [ -1.5, 0.0, 0.0 ],
					"to": [ 1.5, 8.0, 0.0 ],
					"shade": false,
					"renderPass": 1,
					"rotationOrigin": [ 0.0, 0.0, 0.0 ],
					"rotationX": 138.6535,
					"rotationY": -50.2277,
					"rotationZ": 145.9283,
					"faces": {
						"south": { "texture": "#fern1", "uv": [ 3.0, 0.0, 6.0, 8.0 ], "windMode": [0,0,9,9] }
					}
				},
				{
					"name": "Upper frond c3",
					"from": [ -2.0, 0.0, 0.0 ],
					"to": [ 1.0, 8.0, 0.0 ],
					"shade": false,
					"renderPass": 1,
					"rotationOrigin": [ 0.0, 0.0, 0.0 ],
					"rotationX": 49.9793,
					"rotationY": 49.2393,
					"rotationZ": -42.0512,
					"faces": {
						"south": { "texture": "#fern1", "uv": [ 6.5, 0.0, 9.5, 8.0 ], "windMode": [0,0,9,9] }
					}
				},
				{
					"name": "Upper frond d3",
					"from": [ -1.0, 0.0, 0.0 ],
					"to": [ 2.0, 8.0, 0.0 ],
					"shade": false,
					"renderPass": 1,
					"rotationOrigin": [ 0.0, 0.0, 0.0 ],
					"rotationX": 130.0207,
					"rotationY": 49.2393,
					"rotationZ": -137.9488,
					"faces": {
						"south": { "texture": "#fern1", "uv": [ 9.0, 0.0, 12.0, 8.0 ], "windMode": [0,0,9,9] }
					}
				},
				{
					"name": "Upper frond e3",
					"from": [ -1.0, 0.0, 0.0 ],
					"to": [ 2.0, 8.0, 0.0 ],
					"shade": false,
					"renderPass": 1,
					"rotationOrigin": [ 0.0, 0.0, 0.0 ],
					"rotationX": 150.0,
					"rotationY": 0.0,
					"rotationZ": 180.0,
					"faces": {
						"south": { "texture": "#fern1", "uv": [ 12.0, 0.0, 15.0, 8.0 ], "windMode": [0,0,9,9] }
					}
				}
			]
		},
		{
			"name": "Origin4",
			"from": [ 12.0, 0.0, 4.0 ],
			"to": [ 12.0, 0.0, 4.0 ],
			"rotationOrigin": [ 12.0, 0.0, 4.0 ],
			"rotationY": 8.0,
			"faces": {
			},
			"children": [
				{
					"name": "Center frond4",
					"from": [ -1.5, 0.0, 0.0 ],
					"to": [ 1.5, 8.0, 0.0 ],
					"shade": false,
					"renderPass": 1,
					"faces": {
						"north": { "texture": "#fern3", "uv": [ 9.0, 0.0, 12.0, 8.0 ], "windMode": [0,9,9,0] }
					}
				},
				{
					"name": "Lower frond a4",
					"from": [ -1.5, 0.0, 0.0 ],
					"to": [ 1.5, 0.0, 8.0 ],
					"shade": false,
					"renderPass": 1,
					"rotationOrigin": [ 0.0, 0.0, 0.0 ],
					"rotationX": -20.0,
					"faces": {
						"up": { "texture": "#fern0", "uv": [ 0.0, 0.0, 3.0, 8.0 ], "rotation": 180, "windMode": [0,0,0,0] }
					}
				},
				{
					"name": "Lower frond b4",
					"from": [ -1.5, 0.0, 0.0 ],
					"to": [ 1.5, 0.0, 8.0 ],
					"shade": false,
					"renderPass": 1,
					"rotationOrigin": [ 0.0, 0.0, 0.0 ],
					"rotationX": -32.1965,
					"rotationY": -40.2388,
					"rotationZ": -22.1334,
					"faces": {
						"up": { "texture": "#fern0", "uv": [ 6.5, 0.0, 9.5, 8.0 ], "rotation": 180, "windMode": [0,9,9,0] }
					}
				},
				{
					"name": "Lower frond c4",
					"from": [ -1.5, 0.0, 0.0 ],
					"to": [ 1.5, 0.0, 8.0 ],
					"shade": false,
					"renderPass": 1,
					"rotationOrigin": [ 0.0, 0.0, 0.0 ],
					"rotationX": -130.6797,
					"rotationY": -57.5656,
					"rotationZ": -135.5218,
					"faces": {
						"up": { "texture": "#fern0", "uv": [ 9.0, 0.0, 12.0, 8.0 ], "rotation": 180, "windMode": [0,9,9,0] }
					}
				},
				{
					"name": "Lower frond d4",
					"from": [ -2.0, 0.0, 0.0 ],
					"to": [ 1.0, 0.0, 8.0 ],
					"shade": false,
					"renderPass": 1,
					"rotationOrigin": [ 0.0, 0.0, 0.0 ],
					"rotationX": -155.6028,
					"rotationY": 10.0387,
					"rotationZ": 175.4795,
					"faces": {
						"up": { "texture": "#fern0", "uv": [ 12.0, 0.0, 15.0, 8.0 ], "rotation": 180, "windMode": [0,9,9,0] }
					}
				},
				{
					"name": "Lower frond e4",
					"from": [ -1.0, 0.0, 0.0 ],
					"to": [ 2.0, 0.0, 8.0 ],
					"shade": false,
					"renderPass": 1,
					"rotationOrigin": [ 0.0, 0.0, 0.0 ],
					"rotationX": -37.8198,
					"rotationY": 48.4461,
					"rotationZ": 30.1514,
					"faces": {
						"up": { "texture": "#fern0", "uv": [ 3.0, 0.0, 6.0, 8.0 ], "rotation": 180, "windMode": [0,9,9,0] }
					}
				},
				{
					"name": "Upper frond a4",
					"from": [ -1.5, 0.0, 0.0 ],
					"to": [ 1.5, 8.0, 0.0 ],
					"shade": false,
					"renderPass": 1,
					"rotationOrigin": [ 0.0, 0.0, 0.0 ],
					"rotationX": 27.2363,
					"rotationY": -41.6411,
					"rotationZ": 18.8817,
					"faces": {
						"south": { "texture": "#fern1", "uv": [ 0.0, 0.0, 3.0, 8.0 ], "windMode": [0,0,9,9] }
					}
				},
				{
					"name": "Upper frond b4",
					"from": [ -1.5, 0.0, 0.0 ],
					"to": [ 1.5, 8.0, 0.0 ],
					"shade": false,
					"renderPass": 1,
					"rotationOrigin": [ 0.0, 0.0, 0.0 ],
					"rotationX": 138.6535,
					"rotationY": -50.2277,
					"rotationZ": 145.9283,
					"faces": {
						"south": { "texture": "#fern1", "uv": [ 3.0, 0.0, 6.0, 8.0 ], "windMode": [0,0,9,9] }
					}
				},
				{
					"name": "Upper frond c4",
					"from": [ -2.0, 0.0, 0.0 ],
					"to": [ 1.0, 8.0, 0.0 ],
					"shade": false,
					"renderPass": 1,
					"rotationOrigin": [ 0.0, 0.0, 0.0 ],
					"rotationX": 49.9793,
					"rotationY": 49.2393,
					"rotationZ": -42.0512,
					"faces": {
						"south": { "texture": "#fern1", "uv": [ 6.5, 0.0, 9.5, 8.0 ], "windMode": [0,0,9,9] }
					}
				},
				{
					"name": "Upper frond d4",
					"from": [ -1.0, 0.0, 0.0 ],
					"to": [ 2.0, 8.0, 0.0 ],
					"shade": false,
					"renderPass": 1,
					"rotationOrigin": [ 0.0, 0.0, 0.0 ],
					"rotationX": 130.0207,
					"rotationY": 49.2393,
					"rotationZ": -137.9488,
					"faces": {
						"south": { "texture": "#fern1", "uv": [ 9.0, 0.0, 12.0, 8.0 ], "windMode": [0,0,9,9] }
					}
				},
				{
					"name": "Upper frond e4",
					"from": [ -1.0, 0.0, 0.0 ],
					"to": [ 2.0, 8.0, 0.0 ],
					"shade": false,
					"renderPass": 1,
					"rotationOrigin": [ 0.0, 0.0, 0.0 ],
					"rotationX": 150.0,
					"rotationY": 0.0,
					"rotationZ": 180.0,
					"faces": {
						"south": { "texture": "#fern1", "uv": [ 12.0, 0.0, 15.0, 8.0 ], "windMode": [0,0,9,9] }
					}
				}
			]
		},
		{
			"name": "Origin5",
			"from": [ 12.0, 0.0, 13.0 ],
			"to": [ 12.0, 0.0, 13.0 ],
			"rotationOrigin": [ 12.0, 0.0, 13.0 ],
			"rotationY": 83.0,
			"faces": {
			},
			"children": [
				{
					"name": "Center frond5",
					"from": [ -1.5, 0.0, 0.0 ],
					"to": [ 1.5, 8.0, 0.0 ],
					"shade": false,
					"renderPass": 1,
					"faces": {
						"north": { "texture": "#fern3", "uv": [ 12.0, 0.0, 15.0, 8.0 ], "windMode": [0,9,9,0] }
					}
				},
				{
					"name": "Lower frond a5",
					"from": [ -1.5, 0.0, 0.0 ],
					"to": [ 1.5, 0.0, 8.0 ],
					"shade": false,
					"renderPass": 1,
					"rotationOrigin": [ 0.0, 0.0, 0.0 ],
					"rotationX": -20.0,
					"faces": {
						"up": { "texture": "#fern0", "uv": [ 0.0, 0.0, 3.0, 8.0 ], "rotation": 180, "windMode": [0,0,0,0] }
					}
				},
				{
					"name": "Lower frond b5",
					"from": [ -1.5, 0.0, 0.0 ],
					"to": [ 1.5, 0.0, 8.0 ],
					"shade": false,
					"renderPass": 1,
					"rotationOrigin": [ 0.0, 0.0, 0.0 ],
					"rotationX": -32.1965,
					"rotationY": -40.2388,
					"rotationZ": -22.1334,
					"faces": {
						"up": { "texture": "#fern0", "uv": [ 6.5, 0.0, 9.5, 8.0 ], "rotation": 180, "windMode": [0,9,9,0] }
					}
				},
				{
					"name": "Lower frond c5",
					"from": [ -1.5, 0.0, 0.0 ],
					"to": [ 1.5, 0.0, 8.0 ],
					"shade": false,
					"renderPass": 1,
					"rotationOrigin": [ 0.0, 0.0, 0.0 ],
					"rotationX": -130.6797,
					"rotationY": -57.5656,
					"rotationZ": -135.5218,
					"faces": {
						"up": { "texture": "#fern0", "uv": [ 9.0, 0.0, 12.0, 8.0 ], "rotation": 180, "windMode": [0,9,9,0] }
					}
				},
				{
					"name": "Lower frond d5",
					"from": [ -2.0, 0.0, 0.0 ],
					"to": [ 1.0, 0.0, 8.0 ],
					"shade": false,
					"renderPass": 1,
					"rotationOrigin": [ 0.0, 0.0, 0.0 ],
					"rotationX": -155.6028,
					"rotationY": 10.0387,
					"rotationZ": 175.4795,
					"faces": {
						"up": { "texture": "#fern0", "uv": [ 12.0, 0.0, 15.0, 8.0 ], "rotation": 180, "windMode": [0,9,9,0] }
					}
				},
				{
					"name": "Lower frond e5",
					"from": [ -1.0, 0.0, 0.0 ],
					"to": [ 2.0, 0.0, 8.0 ],
					"shade": false,
					"renderPass": 1,
					"rotationOrigin": [ 0.0, 0.0, 0.0 ],
					"rotationX": -37.8198,
					"rotationY": 48.4461,
					"rotationZ": 30.1514,
					"faces": {
						"up": { "texture": "#fern0", "uv": [ 3.0, 0.0, 6.0, 8.0 ], "rotation": 180, "windMode": [0,9,9,0] }
					}
				},
				{
					"name": "Upper frond a5",
					"from": [ -1.5, 0.0, 0.0 ],
					"to": [ 1.5, 8.0, 0.0 ],
					"shade": false,
					"renderPass": 1,
					"rotationOrigin": [ 0.0, 0.0, 0.0 ],
					"rotationX": 27.2363,
					"rotationY": -41.6411,
					"rotationZ": 18.8817,
					"faces": {
						"south": { "texture": "#fern1", "uv": [ 0.0, 0.0, 3.0, 8.0 ], "windMode": [0,0,9,9] }
					}
				},
				{
					"name": "Upper frond b5",
					"from": [ -1.5, 0.0, 0.0 ],
					"to": [ 1.5, 8.0, 0.0 ],
					"shade": false,
					"renderPass": 1,
					"rotationOrigin": [ 0.0, 0.0, 0.0 ],
					"rotationX": 138.6535,
					"rotationY": -50.2277,
					"rotationZ": 145.9283,
					"faces": {
						"south": { "texture": "#fern1", "uv": [ 3.0, 0.0, 6.0, 8.0 ], "windMode": [0,0,9,9] }
					}
				},
				{
					"name": "Upper frond c5",
					"from": [ -2.0, 0.0, 0.0 ],
					"to": [ 1.0, 8.0, 0.0 ],
					"shade": false,
					"renderPass": 1,
					"rotationOrigin": [ 0.0, 0.0, 0.0 ],
					"rotationX": 49.9793,
					"rotationY": 49.2393,
					"rotationZ": -42.0512,
					"faces": {
						"south": { "texture": "#fern1", "uv": [ 6.5, 0.0, 9.5, 8.0 ], "windMode": [0,0,9,9] }
					}
				},
				{
					"name": "Upper frond d5",
					"from": [ -1.0, 0.0, 0.0 ],
					"to": [ 2.0, 8.0, 0.0 ],
					"shade": false,
					"renderPass": 1,
					"rotationOrigin": [ 0.0, 0.0, 0.0 ],
					"rotationX": 130.0207,
					"rotationY": 49.2393,
					"rotationZ": -137.9488,
					"faces": {
						"south": { "texture": "#fern1", "uv": [ 9.0, 0.0, 12.0, 8.0 ], "windMode": [0,0,9,9] }
					}
				},
				{
					"name": "Upper frond e5",
					"from": [ -1.0, 0.0, 0.0 ],
					"to": [ 2.0, 8.0, 0.0 ],
					"shade": false,
					"renderPass": 1,
					"rotationOrigin": [ 0.0, 0.0, 0.0 ],
					"rotationX": 150.0,
					"rotationY": 0.0,
					"rotationZ": 180.0,
					"faces": {
						"south": { "texture": "#fern1", "uv": [ 12.0, 0.0, 15.0, 8.0 ], "windMode": [0,0,9,9] }
					}
				}
			]
		}
	]}