{
	"editor": {
		"collapsedPaths": "Root/Stake 3/cross pole 1/banner top,Root/Stake 3/cross pole 1/cross pole 2,Root/Stake 3,Root/Stake 3/cross pole 1,Root/Stake 1",
		"allAngles": true,
		"entityTextureMode": false
	},
	"textureWidth": 16,
	"textureHeight": 16,
	"textureSizes": {
	},
	"textures": {
		"white": "block/cloth/banner/magnolia",
		"lead": "block/metal/plate/lead",
		"aged": "block/wood/bark/aged",
		"oak2": "block/wood/debarked/oak"
	},
	"elements": [
		{
			"name": "cross pole 1",
			"from": [ 9.3, 8.0, 0.0 ],
			"to": [ 25.3, 10.5, 2.5 ],
			"rotationOrigin": [ 9.3, 8.0, 0.0 ],
			"rotationY": -90.0,
			"rotationZ": 18.0,
			"faces": {
				"north": { "texture": "#aged", "uv": [ 2.5, 0.0, 5.0, 16.0 ], "rotation": 90 },
				"east": { "texture": "#aged", "uv": [ 3.5, 2.5, 6.0, 5.0 ] },
				"south": { "texture": "#aged", "uv": [ 6.5, 0.0, 9.0, 16.0 ], "rotation": 90 },
				"west": { "texture": "#oak2", "uv": [ 5.5, 5.0, 8.0, 7.5 ] },
				"up": { "texture": "#aged", "uv": [ 11.0, 0.0, 13.5, 16.0 ], "rotation": 90 },
				"down": { "texture": "#aged", "uv": [ 9.0, 0.0, 11.5, 16.0 ], "rotation": 90 }
			},
			"children": [
				{
					"name": "cross pole 2",
					"from": [ 16.0, 0.0, 0.0 ],
					"to": [ 28.0, 2.0, 2.0 ],
					"rotationOrigin": [ 16.0, 0.0, 0.0 ],
					"faces": {
						"north": { "texture": "#aged", "uv": [ 6.0, 4.0, 8.0, 16.0 ], "rotation": 90 },
						"east": { "texture": "#oak2", "uv": [ 4.5, 4.5, 6.5, 6.5 ] },
						"south": { "texture": "#aged", "uv": [ 6.0, 2.5, 8.0, 14.5 ], "rotation": 90 },
						"up": { "texture": "#aged", "uv": [ 9.0, 2.0, 11.0, 14.0 ], "rotation": 90 },
						"down": { "texture": "#aged", "uv": [ 5.0, 1.5, 7.0, 13.5 ], "rotation": 90 }
					},
					"children": [
						{
							"name": "string1",
							"from": [ 6.8, -0.6, -0.1 ],
							"to": [ 7.3, 2.4, 2.1 ],
							"rotationOrigin": [ 6.8, 2.0, -0.1 ],
							"rotationZ": -42.0,
							"faces": {
								"north": { "texture": "#white", "uv": [ 8.0, 8.0, 8.5, 11.0 ] },
								"east": { "texture": "#white", "uv": [ 3.5, 1.0, 5.5, 4.0 ] },
								"south": { "texture": "#white", "uv": [ 15.0, 12.5, 15.5, 15.5 ] },
								"west": { "texture": "#white", "uv": [ 4.5, 10.0, 6.5, 13.0 ] },
								"up": { "texture": "#white", "uv": [ 0.0, 9.0, 0.5, 11.0 ] },
								"down": { "texture": "#white", "uv": [ 12.5, 4.5, 13.0, 6.5 ] }
							}
						},
						{
							"name": "string2",
							"from": [ 5.6, -0.4, -0.1 ],
							"to": [ 6.1, 2.2, 2.1 ],
							"rotationOrigin": [ 5.6, 2.2, -0.1 ],
							"rotationX": 0.2,
							"rotationZ": 21.0,
							"faces": {
								"north": { "texture": "#white", "uv": [ 3.5, 3.0, 4.0, 5.5 ] },
								"east": { "texture": "#white", "uv": [ 7.5, 10.5, 9.5, 13.0 ] },
								"south": { "texture": "#white", "uv": [ 6.0, 6.5, 6.5, 9.0 ] },
								"west": { "texture": "#white", "uv": [ 4.0, 9.5, 6.0, 12.0 ] },
								"up": { "texture": "#white", "uv": [ 0.5, 7.5, 1.0, 9.5 ] },
								"down": { "texture": "#white", "uv": [ 10.5, 12.0, 11.0, 14.0 ] }
							}
						},
						{
							"name": "rod1",
							"from": [ 3.7, -10.0, 0.5 ],
							"to": [ 4.7, 4.0, 1.5 ],
							"rotationOrigin": [ 3.7, -5.0, 0.5 ],
							"rotationZ": -18.0,
							"faces": {
								"north": { "texture": "#lead", "uv": [ 14.5, 1.5, 15.5, 15.5 ] },
								"east": { "texture": "#lead", "uv": [ 4.5, 0.0, 5.5, 14.0 ] },
								"south": { "texture": "#lead", "uv": [ 0.5, 0.0, 1.5, 14.0 ] },
								"west": { "texture": "#lead", "uv": [ 12.0, 0.5, 13.0, 14.5 ] },
								"up": { "texture": "#lead", "uv": [ 11.5, 0.0, 12.5, 1.0 ] }
							}
						}
					]
				},
				{
					"name": "rod2",
					"from": [ 9.0, -5.6, 0.5 ],
					"to": [ 10.0, 4.4, 1.5 ],
					"rotationOrigin": [ 9.0, -0.6, 0.5 ],
					"rotationZ": -18.0,
					"faces": {
						"north": { "texture": "#lead", "uv": [ 4.0, 4.5, 5.0, 14.5 ] },
						"east": { "texture": "#lead", "uv": [ 0.5, 0.0, 1.5, 10.0 ] },
						"south": { "texture": "#lead", "uv": [ 8.5, 5.0, 9.5, 15.0 ] },
						"west": { "texture": "#lead", "uv": [ 13.5, 0.5, 14.5, 10.5 ] },
						"up": { "texture": "#lead", "uv": [ 8.0, 13.5, 9.0, 14.5 ] }
					}
				},
				{
					"name": "string3",
					"from": [ 10.6, -0.5, -0.2 ],
					"to": [ 11.1, 3.0, 2.8 ],
					"rotationOrigin": [ 10.6, 2.1, -0.2 ],
					"rotationZ": -42.0,
					"faces": {
						"north": { "texture": "#white", "uv": [ 6.5, 5.5, 7.0, 9.0 ] },
						"east": { "texture": "#white", "uv": [ 4.0, 6.5, 7.0, 10.0 ] },
						"south": { "texture": "#white", "uv": [ 9.5, 4.5, 10.0, 8.0 ] },
						"west": { "texture": "#white", "uv": [ 1.5, 9.5, 4.5, 13.0 ] },
						"up": { "texture": "#white", "uv": [ 1.5, 11.0, 2.0, 14.0 ] },
						"down": { "texture": "#white", "uv": [ 14.0, 5.5, 14.5, 8.5 ] }
					}
				},
				{
					"name": "string4",
					"from": [ 9.6, -0.5, -0.2 ],
					"to": [ 10.1, 2.5, 2.8 ],
					"rotationOrigin": [ 9.6, 2.1, -0.2 ],
					"rotationZ": 23.0,
					"faces": {
						"north": { "texture": "#white", "uv": [ 6.5, 5.5, 7.0, 8.5 ] },
						"east": { "texture": "#white", "uv": [ 4.0, 6.5, 7.0, 9.5 ] },
						"south": { "texture": "#white", "uv": [ 9.5, 4.5, 10.0, 7.5 ] },
						"west": { "texture": "#white", "uv": [ 1.5, 9.5, 4.5, 12.5 ] },
						"up": { "texture": "#white", "uv": [ 1.5, 11.0, 2.0, 14.0 ] },
						"down": { "texture": "#white", "uv": [ 14.0, 5.5, 14.5, 8.5 ] }
					}
				},
				{
					"name": "cloth wrap 1",
					"from": [ 5.3, -6.3, 0.4 ],
					"to": [ 21.3, -4.8, 1.9 ],
					"rotationOrigin": [ 5.3, -6.3, 0.4 ],
					"rotationZ": -18.0,
					"faces": {
						"north": { "texture": "#white", "uv": [ 0.0, 1.0, 16.0, 2.5 ] },
						"south": { "texture": "#white", "uv": [ 0.0, 2.5, 16.0, 4.0 ] },
						"up": { "texture": "#white", "uv": [ 0.0, 8.0, 16.0, 9.5 ] },
						"down": { "texture": "#white", "uv": [ 0.0, 0.0, 16.0, 1.5 ] }
					},
					"children": [
						{
							"name": "metal cap 4",
							"from": [ -1.0, -0.5, -0.5 ],
							"to": [ 0.0, 2.0, 2.0 ],
							"rotationOrigin": [ -1.0, -0.5, -0.5 ],
							"faces": {
								"north": { "texture": "#lead", "uv": [ 8.0, 8.5, 9.0, 11.0 ] },
								"east": { "texture": "#lead", "uv": [ 1.0, 12.5, 3.5, 15.0 ] },
								"south": { "texture": "#lead", "uv": [ 12.5, 11.5, 13.5, 14.0 ] },
								"west": { "texture": "#lead", "uv": [ 3.0, 7.0, 5.5, 9.5 ] },
								"up": { "texture": "#lead", "uv": [ 1.5, 12.5, 2.5, 15.0 ] },
								"down": { "texture": "#lead", "uv": [ 7.5, 7.5, 8.5, 10.0 ] }
							}
						},
						{
							"name": "metal cap 7",
							"from": [ 16.0, -0.5, -0.5 ],
							"to": [ 17.0, 2.0, 2.0 ],
							"rotationOrigin": [ 16.0, -0.5, -0.5 ],
							"faces": {
								"north": { "texture": "#lead", "uv": [ 3.5, 8.0, 4.5, 10.5 ] },
								"east": { "texture": "#lead", "uv": [ 13.0, 10.0, 15.5, 12.5 ] },
								"south": { "texture": "#lead", "uv": [ 5.0, 13.0, 6.0, 15.5 ] },
								"west": { "texture": "#lead", "uv": [ 6.0, 10.0, 8.5, 12.5 ] },
								"up": { "texture": "#lead", "uv": [ 6.5, 2.0, 7.5, 4.5 ] },
								"down": { "texture": "#lead", "uv": [ 7.5, 12.0, 8.5, 14.5 ] }
							}
						},
						{
							"name": "metal cap 5",
							"from": [ 1.5, -0.5, -0.5 ],
							"to": [ 3.0, 2.0, 2.0 ],
							"rotationOrigin": [ 1.5, -0.5, -0.5 ],
							"faces": {
								"north": { "texture": "#lead", "uv": [ 12.5, 4.0, 14.0, 6.5 ] },
								"east": { "texture": "#lead", "uv": [ 4.0, 9.0, 6.5, 11.5 ] },
								"south": { "texture": "#lead", "uv": [ 7.0, 0.0, 8.5, 2.5 ] },
								"west": { "texture": "#lead", "uv": [ 3.5, 7.0, 6.0, 9.5 ] },
								"up": { "texture": "#lead", "uv": [ 4.5, 7.0, 6.0, 9.5 ] },
								"down": { "texture": "#lead", "uv": [ 12.5, 10.5, 14.0, 13.0 ] }
							}
						},
						{
							"name": "metal cap 6",
							"from": [ 13.0, -0.5, -0.5 ],
							"to": [ 14.5, 2.0, 2.0 ],
							"rotationOrigin": [ 13.0, -0.5, -0.5 ],
							"faces": {
								"north": { "texture": "#lead", "uv": [ 12.5, 7.5, 14.0, 10.0 ] },
								"east": { "texture": "#lead", "uv": [ 7.5, 6.0, 10.0, 8.5 ] },
								"south": { "texture": "#lead", "uv": [ 13.0, 10.5, 14.5, 13.0 ] },
								"west": { "texture": "#lead", "uv": [ 10.5, 4.0, 13.0, 6.5 ] },
								"up": { "texture": "#lead", "uv": [ 13.5, 6.5, 15.0, 9.0 ] },
								"down": { "texture": "#lead", "uv": [ 0.0, 12.5, 1.5, 15.0 ] }
							}
						}
					]
				}
			]
		}
	]}