{
	"editor": {
		"allAngles": true,
		"entityTextureMode": false
	},
	"textureWidth": 16,
	"textureHeight": 16,
	"textureSizes": {
	},
	"textures": {
		"white": "block/cloth/banner/magnolia",
		"lead": "block/metal/plate/lead"
	},
	"elements": [
		{
			"name": "origin flag",
			"from": [ 8.0, -22.0, 0.0 ],
			"to": [ 8.0, -22.0, 0.0 ],
			"rotationOrigin": [ 8.0, 10.0, 0.0 ],
			"faces": {
			},
			"children": [
				{
					"name": "cloth wrap 1",
					"from": [ -8.0, 36.0, 0.0 ],
					"to": [ 8.0, 37.5, 1.5 ],
					"rotationOrigin": [ 0.0, 36.3, 0.0 ],
					"faces": {
						"north": { "texture": "#white", "uv": [ 0.0, 1.0, 16.0, 2.5 ] },
						"south": { "texture": "#white", "uv": [ 0.0, 2.5, 16.0, 4.0 ] },
						"up": { "texture": "#white", "uv": [ 0.0, 8.0, 16.0, 9.5 ] },
						"down": { "texture": "#white", "uv": [ 0.0, 0.0, 16.0, 1.5 ] }
					},
					"children": [
						{
							"name": "metal cap 4",
							"from": [ -1.0, -0.5, -0.5 ],
							"to": [ 0.0, 2.0, 2.0 ],
							"rotationOrigin": [ -1.0, -0.5, -0.5 ],
							"faces": {
								"north": { "texture": "#lead", "uv": [ 8.0, 8.5, 9.0, 11.0 ] },
								"east": { "texture": "#lead", "uv": [ 1.0, 12.5, 3.5, 15.0 ] },
								"south": { "texture": "#lead", "uv": [ 12.5, 11.5, 13.5, 14.0 ] },
								"west": { "texture": "#lead", "uv": [ 3.0, 7.0, 5.5, 9.5 ] },
								"up": { "texture": "#lead", "uv": [ 1.5, 12.5, 2.5, 15.0 ] },
								"down": { "texture": "#lead", "uv": [ 7.5, 7.5, 8.5, 10.0 ] }
							}
						},
						{
							"name": "metal cap 7",
							"from": [ 16.0, -0.5, -0.5 ],
							"to": [ 17.0, 2.0, 2.0 ],
							"rotationOrigin": [ 16.0, -0.5, -0.5 ],
							"faces": {
								"north": { "texture": "#lead", "uv": [ 3.5, 8.0, 4.5, 10.5 ] },
								"east": { "texture": "#lead", "uv": [ 13.0, 10.0, 15.5, 12.5 ] },
								"south": { "texture": "#lead", "uv": [ 5.0, 13.0, 6.0, 15.5 ] },
								"west": { "texture": "#lead", "uv": [ 6.0, 10.0, 8.5, 12.5 ] },
								"up": { "texture": "#lead", "uv": [ 6.5, 2.0, 7.5, 4.5 ] },
								"down": { "texture": "#lead", "uv": [ 7.5, 12.0, 8.5, 14.5 ] }
							}
						},
						{
							"name": "metal cap 5",
							"from": [ 1.5, -0.5, -0.5 ],
							"to": [ 3.0, 2.0, 2.0 ],
							"rotationOrigin": [ 1.5, -0.5, -0.5 ],
							"faces": {
								"north": { "texture": "#lead", "uv": [ 12.5, 4.0, 14.0, 6.5 ] },
								"east": { "texture": "#lead", "uv": [ 4.0, 9.0, 6.5, 11.5 ] },
								"south": { "texture": "#lead", "uv": [ 7.0, 0.0, 8.5, 2.5 ] },
								"west": { "texture": "#lead", "uv": [ 3.5, 7.0, 6.0, 9.5 ] },
								"up": { "texture": "#lead", "uv": [ 4.5, 7.0, 6.0, 9.5 ] },
								"down": { "texture": "#lead", "uv": [ 12.5, 10.5, 14.0, 13.0 ] }
							}
						},
						{
							"name": "metal cap 6",
							"from": [ 13.0, -0.5, -0.5 ],
							"to": [ 14.5, 2.0, 2.0 ],
							"rotationOrigin": [ 13.0, -0.5, -0.5 ],
							"faces": {
								"north": { "texture": "#lead", "uv": [ 12.5, 7.5, 14.0, 10.0 ] },
								"east": { "texture": "#lead", "uv": [ 7.5, 6.0, 10.0, 8.5 ] },
								"south": { "texture": "#lead", "uv": [ 13.0, 10.5, 14.5, 13.0 ] },
								"west": { "texture": "#lead", "uv": [ 10.5, 4.0, 13.0, 6.5 ] },
								"up": { "texture": "#lead", "uv": [ 13.5, 6.5, 15.0, 9.0 ] },
								"down": { "texture": "#lead", "uv": [ 0.0, 12.5, 1.5, 15.0 ] }
							}
						}
					]
				}
			]
		}
	]}