{
	"editor": {
		"allAngles": false,
		"entityTextureMode": false
	},
	"textureWidth": 16,
	"textureHeight": 16,
	"textureSizes": {
	},
	"textures": {
		"plain": "game:block/cloth/linen/plain",
		"material": "game:block/metal/ingot/copper",
		"feather1": "game:item/tool/material/feather1",
		"wood": "game:item/tool/material/handle"
	},
	"elements": [
		{
			"name": "Shaft",
			"from": [ -8.5, 0.0, 7.7 ],
			"to": [ 7.5, 1.0, 8.7 ],
			"rotationOrigin": [ -1.5, 0.5, 8.0 ],
			"faces": {
				"north": { "texture": "#wood", "uv": [ 0.0, 14.5, 16.0, 15.5 ], "windMode": [-1,-1,-1,-1] },
				"east": { "texture": "#wood", "uv": [ 8.0, 7.0, 9.0, 8.0 ] },
				"south": { "texture": "#wood", "uv": [ 0.0, 7.5, 16.0, 8.5 ] },
				"west": { "texture": "#wood", "uv": [ 0.0, 0.0, 1.0, 1.0 ], "windMode": [-1,-1,-1,-1] },
				"up": { "texture": "#wood", "uv": [ 0.0, 6.5, 16.0, 7.5 ] },
				"down": { "texture": "#wood", "uv": [ 0.0, 0.5, 16.0, 1.5 ], "windMode": [-1,-1,-1,-1] }
			},
			"children": [
				{
					"name": "Head",
					"from": [ 17.5, 0.4, 0.0 ],
					"to": [ 17.5, 0.4, 0.0 ],
					"rotationOrigin": [ 17.5, 0.4, 0.0 ],
					"faces": {
						"north": { "texture": "#material", "uv": [ 4.0, 14.0, 4.5, 14.5 ] },
						"east": { "texture": "#material", "uv": [ 11.0, 12.5, 11.5, 13.0 ] },
						"south": { "texture": "#material", "uv": [ 7.5, 13.5, 8.0, 14.0 ] },
						"west": { "texture": "#material", "uv": [ 9.5, 12.0, 10.0, 12.5 ] },
						"up": { "texture": "#material", "uv": [ 12.0, 9.5, 12.5, 10.0 ] },
						"down": { "texture": "#material", "uv": [ 10.0, 12.0, 10.5, 12.5 ] }
					},
					"children": [
						{
							"name": "Cube5",
							"from": [ 2.1, 0.01, 0.3 ],
							"to": [ 3.6, 0.21, 1.0 ],
							"rotationOrigin": [ 3.6, 0.0, 0.3 ],
							"rotationY": -31.0,
							"faces": {
								"north": { "texture": "#material", "uv": [ 4.0, 14.0, 5.5, 14.5 ] },
								"east": { "texture": "#material", "uv": [ 11.0, 12.5, 11.5, 13.0 ] },
								"south": { "texture": "#material", "uv": [ 7.5, 13.5, 9.0, 14.0 ] },
								"west": { "texture": "#material", "uv": [ 9.5, 12.0, 10.0, 12.5 ] },
								"up": { "texture": "#material", "uv": [ 6.0, 10.5, 7.5, 11.0 ] },
								"down": { "texture": "#material", "uv": [ 10.0, 12.0, 11.5, 12.5 ] }
							},
							"children": [
								{
									"name": "Cube6",
									"from": [ -2.0, 0.0, 0.0 ],
									"to": [ 0.0, 0.2, 1.0 ],
									"rotationOrigin": [ 0.5, 0.0, 0.0 ],
									"faces": {
										"north": { "texture": "#material", "uv": [ 4.0, 14.0, 6.0, 14.5 ] },
										"east": { "texture": "#material", "uv": [ 11.0, 12.5, 12.0, 13.0 ] },
										"south": { "texture": "#material", "uv": [ 7.5, 13.5, 9.5, 14.0 ] },
										"west": { "texture": "#material", "uv": [ 9.5, 12.0, 10.5, 12.5 ] },
										"up": { "texture": "#material", "uv": [ 6.0, 10.5, 8.0, 11.5 ] },
										"down": { "texture": "#material", "uv": [ 10.0, 12.0, 12.0, 13.0 ] }
									}
								}
							]
						},
						{
							"name": "Cube9",
							"from": [ 1.7, -0.1, 0.3 ],
							"to": [ 3.8, 0.3, 0.7 ],
							"rotationOrigin": [ 1.7, -0.1, 0.3 ],
							"faces": {
								"north": { "texture": "#material", "uv": [ 4.0, 14.0, 6.0, 14.5 ] },
								"east": { "texture": "#material", "uv": [ 11.0, 12.5, 11.5, 13.0 ] },
								"south": { "texture": "#material", "uv": [ 7.5, 13.5, 9.5, 14.0 ] },
								"west": { "texture": "#material", "uv": [ 9.5, 12.0, 10.0, 12.5 ] },
								"up": { "texture": "#material", "uv": [ 3.5, 5.0, 5.5, 5.5 ] },
								"down": { "texture": "#material", "uv": [ 10.0, 12.0, 12.0, 12.5 ] }
							}
						},
						{
							"name": "Cube10",
							"from": [ 0.0, -0.3, 0.1 ],
							"to": [ 2.2, 0.5, 0.9 ],
							"rotationOrigin": [ 0.0, -0.3, 0.1 ],
							"faces": {
								"north": { "texture": "#material", "uv": [ 0.0, 0.0, 2.0, 1.0 ], "autoUv": false },
								"east": { "texture": "#material", "uv": [ 0.0, 0.0, 0.5, 0.5 ] },
								"south": { "texture": "#material", "uv": [ 0.0, 0.0, 2.0, 1.0 ], "autoUv": false },
								"west": { "texture": "#material", "uv": [ 0.0, 0.0, 0.5, 0.5 ] },
								"up": { "texture": "#material", "uv": [ 0.0, 0.0, 2.0, 1.0 ], "autoUv": false },
								"down": { "texture": "#material", "uv": [ 0.0, 0.0, 2.0, 1.0 ], "autoUv": false }
							}
						},
						{
							"name": "Cube7",
							"from": [ 2.1, 0.2, 0.7 ],
							"to": [ 3.6, 0.4, 1.4 ],
							"rotationOrigin": [ 3.6, 0.2, 0.7 ],
							"rotationX": -180.0,
							"rotationY": -31.0,
							"faces": {
								"north": { "texture": "#material", "uv": [ 4.0, 14.0, 5.5, 14.5 ] },
								"east": { "texture": "#material", "uv": [ 11.0, 12.5, 11.5, 13.0 ] },
								"south": { "texture": "#material", "uv": [ 7.5, 13.5, 9.0, 14.0 ] },
								"west": { "texture": "#material", "uv": [ 9.5, 12.0, 10.0, 12.5 ] },
								"up": { "texture": "#material", "uv": [ 6.0, 10.5, 7.5, 11.0 ] },
								"down": { "texture": "#material", "uv": [ 10.0, 12.0, 11.5, 12.5 ] }
							},
							"children": [
								{
									"name": "Cube8",
									"from": [ -2.0, 0.0, 0.0 ],
									"to": [ 0.0, 0.2, 1.0 ],
									"rotationOrigin": [ 0.5, 0.0, 0.0 ],
									"faces": {
										"north": { "texture": "#material", "uv": [ 4.0, 14.0, 6.0, 14.5 ] },
										"east": { "texture": "#material", "uv": [ 11.0, 12.5, 12.0, 13.0 ] },
										"south": { "texture": "#material", "uv": [ 7.5, 13.5, 9.5, 14.0 ] },
										"west": { "texture": "#material", "uv": [ 9.5, 12.0, 10.5, 12.5 ] },
										"up": { "texture": "#material", "uv": [ 6.0, 10.5, 8.0, 11.5 ] },
										"down": { "texture": "#material", "uv": [ 10.0, 12.0, 12.0, 13.0 ] }
									}
								}
							]
						}
					]
				},
				{
					"name": "Fletching_1",
					"from": [ 0.0, -1.3, 0.5 ],
					"to": [ 5.5, 2.7, 0.5 ],
					"shade": false,
					"rotationOrigin": [ 5.5, 0.6, 0.6 ],
					"rotationX": -45.0,
					"rotationY": -1.0,
					"faces": {
						"south": { "texture": "#feather1", "uv": [ 6.0, 10.0, 10.0, 15.5 ], "rotation": 270 }
					}
				},
				{
					"name": "Fletching_2",
					"from": [ 0.0, -1.5, 0.5 ],
					"to": [ 5.5, 2.5, 0.5 ],
					"shade": false,
					"rotationOrigin": [ 5.5, 0.4, 0.6 ],
					"rotationX": 45.0,
					"rotationY": -1.0,
					"faces": {
						"south": { "texture": "#feather1", "uv": [ 6.0, 10.0, 10.0, 15.5 ], "rotation": 270 }
					}
				},
				{
					"name": "Cube2",
					"from": [ 0.5, -0.1, -0.1 ],
					"to": [ 1.0, 1.1, 1.1 ],
					"rotationOrigin": [ 0.5, -0.1, -0.1 ],
					"faces": {
						"north": { "texture": "#plain", "uv": [ 0.0, 0.0, 0.5, 1.0 ] },
						"east": { "texture": "#plain", "uv": [ 0.0, 0.0, 1.0, 1.0 ] },
						"south": { "texture": "#plain", "uv": [ 0.0, 0.0, 0.5, 1.0 ] },
						"west": { "texture": "#plain", "uv": [ 0.0, 0.0, 1.0, 1.0 ] },
						"up": { "texture": "#plain", "uv": [ 0.0, 0.0, 0.5, 1.0 ] },
						"down": { "texture": "#plain", "uv": [ 0.0, 0.0, 0.5, 1.0 ] }
					}
				},
				{
					"name": "Cube3",
					"from": [ 5.5, -0.1, -0.1 ],
					"to": [ 6.5, 1.1, 1.1 ],
					"rotationOrigin": [ 5.5, -0.1, -0.1 ],
					"faces": {
						"north": { "texture": "#plain", "uv": [ 0.0, 0.0, 1.0, 1.0 ] },
						"east": { "texture": "#plain", "uv": [ 0.0, 0.0, 1.0, 1.0 ] },
						"south": { "texture": "#plain", "uv": [ 0.0, 0.0, 1.0, 1.0 ] },
						"west": { "texture": "#plain", "uv": [ 0.0, 0.0, 1.0, 1.0 ] },
						"up": { "texture": "#plain", "uv": [ 0.0, 0.0, 1.0, 1.0 ] },
						"down": { "texture": "#plain", "uv": [ 0.0, 0.0, 1.0, 1.0 ] }
					}
				},
				{
					"name": "Cube4",
					"from": [ 15.5, -0.1, -0.1 ],
					"to": [ 17.0, 1.1, 1.1 ],
					"rotationOrigin": [ 15.5, -0.1, -0.1 ],
					"faces": {
						"north": { "texture": "#plain", "uv": [ 0.0, 0.0, 1.5, 1.0 ] },
						"east": { "texture": "#plain", "uv": [ 0.0, 0.0, 1.0, 1.0 ] },
						"south": { "texture": "#plain", "uv": [ 0.0, 0.0, 1.5, 1.0 ] },
						"west": { "texture": "#plain", "uv": [ 0.0, 0.0, 1.0, 1.0 ] },
						"up": { "texture": "#plain", "uv": [ 0.0, 0.0, 1.5, 1.0 ] },
						"down": { "texture": "#plain", "uv": [ 0.0, 0.0, 1.5, 1.0 ] }
					}
				},
				{
					"name": "Shaft2",
					"from": [ 16.0, 0.0, 0.0 ],
					"to": [ 17.5, 1.0, 1.0 ],
					"rotationOrigin": [ 23.0, 0.5, 0.3 ],
					"faces": {
						"north": { "texture": "#wood", "uv": [ 0.0, 14.5, 1.5, 15.5 ] },
						"east": { "texture": "#wood", "uv": [ 8.0, 7.0, 9.0, 8.0 ] },
						"south": { "texture": "#wood", "uv": [ 0.0, 7.5, 1.5, 8.5 ] },
						"west": { "texture": "#wood", "uv": [ 0.0, 0.0, 1.0, 1.0 ] },
						"up": { "texture": "#wood", "uv": [ 0.0, 6.5, 1.5, 7.5 ] },
						"down": { "texture": "#wood", "uv": [ 0.0, 0.5, 1.5, 1.5 ] }
					}
				}
			]
		}
	]}