{
	"editor": {
		"allAngles": false,
		"entityTextureMode": false
	},
	"textureWidth": 16,
	"textureHeight": 16,
	"textureSizes": {
	},
	"textures": {
		"stem": "block/plant/bamboo/phyllostachysnigra",
		"leaves": "game:block/plant/bamboo/foliage-planter"
	},
	"elements": [
		{
			"name": "bamboo-stem1",
			"from": [ 7.5, 0.0, 7.5 ],
			"to": [ 8.5, 14.0, 8.5 ],
			"rotationOrigin": [ 8.5, 0.0, 8.5 ],
			"faces": {
				"north": { "texture": "#stem", "uv": [ 2.0, 0.0, 3.0, 14.0 ] },
				"east": { "texture": "#stem", "uv": [ 2.0, 0.0, 3.0, 14.0 ] },
				"south": { "texture": "#stem", "uv": [ 2.0, 0.0, 3.0, 14.0 ] },
				"west": { "texture": "#stem", "uv": [ 2.0, 0.0, 3.0, 14.0 ] }
			},
			"children": [
				{
					"name": "bamboo-band1",
					"from": [ -0.2, 6.0, -0.2 ],
					"to": [ 1.2, 7.0, 1.2 ],
					"rotationOrigin": [ -0.2, 6.0, -0.2 ],
					"faces": {
						"north": { "texture": "#stem", "uv": [ 3.5, 7.5, 4.5, 8.5 ] },
						"east": { "texture": "#stem", "uv": [ 5.0, 7.5, 6.0, 8.5 ] },
						"south": { "texture": "#stem", "uv": [ 1.0, 7.5, 2.0, 8.5 ] },
						"west": { "texture": "#stem", "uv": [ 1.0, 7.5, 2.0, 8.5 ] },
						"up": { "texture": "#stem", "uv": [ 2.0, 14.0, 3.0, 15.0 ] },
						"down": { "texture": "#stem", "uv": [ 2.0, 14.0, 3.0, 15.0 ] }
					}
				},
				{
					"name": "bamboo-band2",
					"from": [ -0.2, 13.0, -0.2 ],
					"to": [ 1.2, 14.0, 1.2 ],
					"rotationOrigin": [ -0.2, 13.0, -0.2 ],
					"faces": {
						"north": { "texture": "#stem", "uv": [ 5.5, 7.5, 6.5, 8.5 ] },
						"east": { "texture": "#stem", "uv": [ 3.5, 7.5, 4.5, 8.5 ] },
						"south": { "texture": "#stem", "uv": [ 1.0, 7.5, 2.0, 8.5 ] },
						"west": { "texture": "#stem", "uv": [ 5.5, 7.5, 6.5, 8.5 ] },
						"up": { "texture": "#stem", "uv": [ 2.5, 14.5, 3.5, 15.5 ] },
						"down": { "texture": "#stem", "uv": [ 2.0, 14.0, 3.0, 15.0 ] }
					}
				},
				{
					"name": "bamboo-leafW",
					"from": [ -7.5, 4.5, 0.5 ],
					"to": [ 8.5, 20.5, 0.5 ],
					"shade": false,					"gradientShade": true,
					"climateColorMap": "climatePlantTint", "seasonColorMap": "tropicalKapok",
					"renderPass": 1,
					"rotationOrigin": [ 0.3, 10.5, 0.5 ],
					"faces": {
						"north": { "texture": "#leaves", "uv": [ 0.0, 0.0, 16.0, 16.0 ], "windMode": [1,0,1,0], "windData": [0,1,1,0] }
					}
				},
				{
					"name": "bamboo-leafN",
					"from": [ 0.5, 4.5, -7.5 ],
					"to": [ 0.5, 20.5, 8.5 ],
					"shade": false,					"gradientShade": true,
					"climateColorMap": "climatePlantTint", "seasonColorMap": "tropicalKapok",
					"renderPass": 1,
					"rotationOrigin": [ 0.5, 10.5, 0.0 ],
					"faces": {
						"west": { "texture": "#leaves", "uv": [ 0.0, 0.0, 16.0, 16.0 ], "windMode": [0,1,0,1], "windData": [0,0,1,1] }
					}
				},
				{
					"name": "bamboo-leafNE",
					"from": [ 0.5, 5.0, -7.5 ],
					"to": [ 0.5, 21.0, 8.5 ],
					"shade": false,					"gradientShade": true,
					"climateColorMap": "climatePlantTint", "seasonColorMap": "tropicalKapok",
					"renderPass": 1,
					"rotationOrigin": [ 0.5, 11.0, 0.5 ],
					"rotationY": 45.0,
					"faces": {
						"east": { "texture": "#leaves", "uv": [ 0.0, 0.0, 16.0, 16.0 ], "windMode": [1,0,1,0], "windData": [0,1,1,0] }
					}
				},
				{
					"name": "bamboo-leafSW",
					"from": [ -7.5, 5.0, 0.5 ],
					"to": [ 8.5, 21.0, 0.5 ],
					"shade": false,					"gradientShade": true,
					"climateColorMap": "climatePlantTint", "seasonColorMap": "tropicalKapok",
					"renderPass": 1,
					"rotationOrigin": [ 0.5, 11.0, 0.5 ],
					"rotationY": 45.0,
					"faces": {
						"south": { "texture": "#leaves", "uv": [ 0.0, 0.0, 16.0, 16.0 ], "windMode": [0,1,0,1], "windData": [0,0,1,1] }
					}
				}
			]
		}
	]}