{
	"editor": {
		"allAngles": false,
		"entityTextureMode": false
	},
	"textureWidth": 16,
	"textureHeight": 16,
	"textureSizes": {
	},
	"textures": {
		"metal": "game:block/metal/sheet-plain/iron5"
	},
	"elements": [
		{
			"name": "Cube2",
			"from": [ 3.0, 0.0, 7.0 ],
			"to": [ 13.0, 2.0, 9.0 ],
			"rotationOrigin": [ 3.0, 0.0, 7.0 ],
			"faces": {
				"north": { "texture": "#metal", "uv": [ 5.0, 8.5, 15.0, 10.5 ] },
				"east": { "texture": "#metal", "uv": [ 9.5, 1.0, 11.5, 3.0 ] },
				"south": { "texture": "#metal", "uv": [ 2.5, 1.5, 12.5, 3.5 ] },
				"west": { "texture": "#metal", "uv": [ 1.0, 0.5, 3.0, 2.5 ] },
				"up": { "texture": "#metal", "uv": [ 3.0, 8.5, 13.0, 10.5 ] },
				"down": { "texture": "#metal", "uv": [ 2.5, 1.5, 12.5, 3.5 ] }
			}
		},
		{
			"name": "Cube3",
			"from": [ 3.0, 2.0, 5.0 ],
			"to": [ 13.0, 4.0, 7.0 ],
			"rotationOrigin": [ 8.0, 2.0, 6.0 ],
			"rotationY": -22.5,
			"faces": {
				"north": { "texture": "#metal", "uv": [ 5.0, 8.5, 15.0, 10.5 ] },
				"east": { "texture": "#metal", "uv": [ 9.5, 1.0, 11.5, 3.0 ] },
				"south": { "texture": "#metal", "uv": [ 2.5, 1.5, 12.5, 3.5 ] },
				"west": { "texture": "#metal", "uv": [ 1.0, 0.5, 3.0, 2.5 ] },
				"up": { "texture": "#metal", "uv": [ 3.0, 8.5, 13.0, 10.5 ] },
				"down": { "texture": "#metal", "uv": [ 2.5, 1.5, 12.5, 3.5 ] }
			}
		},
		{
			"name": "Cube4",
			"from": [ 3.0, 0.0, 10.0 ],
			"to": [ 13.0, 2.0, 12.0 ],
			"rotationOrigin": [ 3.0, 0.0, 10.0 ],
			"faces": {
				"north": { "texture": "#metal", "uv": [ 5.0, 8.5, 15.0, 10.5 ] },
				"east": { "texture": "#metal", "uv": [ 9.5, 1.0, 11.5, 3.0 ] },
				"south": { "texture": "#metal", "uv": [ 2.5, 1.5, 12.5, 3.5 ] },
				"west": { "texture": "#metal", "uv": [ 1.0, 0.5, 3.0, 2.5 ] },
				"up": { "texture": "#metal", "uv": [ 3.0, 8.5, 13.0, 10.5 ] },
				"down": { "texture": "#metal", "uv": [ 2.5, 1.5, 12.5, 3.5 ] }
			}
		},
		{
			"name": "Cube5",
			"from": [ 3.0, 0.0, 4.0 ],
			"to": [ 13.0, 2.0, 6.0 ],
			"rotationOrigin": [ 3.0, 0.0, 4.0 ],
			"faces": {
				"north": { "texture": "#metal", "uv": [ 5.0, 8.5, 15.0, 10.5 ] },
				"east": { "texture": "#metal", "uv": [ 9.5, 1.0, 11.5, 3.0 ] },
				"south": { "texture": "#metal", "uv": [ 2.5, 1.5, 12.5, 3.5 ] },
				"west": { "texture": "#metal", "uv": [ 1.0, 0.5, 3.0, 2.5 ] },
				"up": { "texture": "#metal", "uv": [ 3.0, 8.5, 13.0, 10.5 ] },
				"down": { "texture": "#metal", "uv": [ 2.5, 1.5, 12.5, 3.5 ] }
			}
		},
		{
			"name": "Cube6",
			"from": [ 3.0, 2.0, 9.0 ],
			"to": [ 13.0, 4.0, 11.0 ],
			"rotationOrigin": [ 8.0, 2.0, 10.0 ],
			"rotationY": -5.0,
			"faces": {
				"north": { "texture": "#metal", "uv": [ 5.0, 8.5, 15.0, 10.5 ] },
				"east": { "texture": "#metal", "uv": [ 9.5, 1.0, 11.5, 3.0 ] },
				"south": { "texture": "#metal", "uv": [ 2.5, 1.5, 12.5, 3.5 ] },
				"west": { "texture": "#metal", "uv": [ 1.0, 0.5, 3.0, 2.5 ] },
				"up": { "texture": "#metal", "uv": [ 3.0, 8.5, 13.0, 10.5 ] },
				"down": { "texture": "#metal", "uv": [ 2.5, 1.5, 12.5, 3.5 ] }
			}
		}
	]}
