[
    {
        "type": "Replace",
        "conditions": [{ "when": "VanillaVariants_Bed_Enabled", "isValue": "true" }],
        "outputCode": "bed-wood-head-north",
        "ingredients": [{ "ingredientCode": "plank-*", "AllowedVariants": ["oak"] }]
    },
    {
        "type": "Replace",
        "conditions": [{ "when": "VanillaVariants_Bed_Enabled", "isValue": "true" }],
        "dependsOn": [{ "modid": "wildcrafttree" }],
        "outputCode": "bed-wood-head-north",
        "ingredients": [{ "ingredientCode": "wildcrafttree:plank-*", "Code": "plank-*", "AllowedVariants": ["oak"] }]
    },
    {
        "type": "Copy",
        "conditions": [{ "when": "VanillaVariants_Bed_Enabled", "isValue": "true" }],
        "outputCode": "bed-wood-head-north",
        "outputCodeNew": "vanvar:bed-{wood}-head-north",
        "ingredients": [{ "ingredientCode": "plank-*", "Name": "wood", "SkipVariants": ["oak"] }]
    },
    {
        "type": "Copy",
        "conditions": [{ "when": "VanillaVariants_Bed_Enabled", "isValue": "true" }],
        "dependsOn": [{ "modid": "wildcrafttree" }],
        "outputCode": "bed-wood-head-north",
        "outputCodeNew": "wildcrafttree:bed-{wood}-head-north",
        "ingredients": [{ "ingredientCode": "plank-*", "Code": "wildcrafttree:plank-*", "Name": "wood", "SkipVariants": ["oak"] }]
    }
]
