[
    {
        "type": "Replace",
        "conditions": [{ "when": "VanillaVariants_Forge_Enabled", "isValue": "true" }],
        "outputCode": "forge",
        "ingredients": [{ "ingredientCode": "cobblestone-*", "AllowedVariants": ["granite"] }]
    },
    {
        "type": "Copy",
        "conditions": [{ "when": "VanillaVariants_Forge_Enabled", "isValue": "true" }],
        "outputCode": "forge",
        "ingredients": [{ "ingredientCode": "cobblestone-*", "Name": "stone", "SkipVariants": ["granite"] }],
        "outputCodeNew": "vanvar:forge-{stone}"
    }
]
