[
    {
        "type": "Replace",
        "conditions": [{ "when": "VanillaVariants_Henbox_Enabled", "isValue": "true" }],
        "outputCode": "henbox",
        "ingredients": [{ "ingredientCode": "plank-*", "AllowedVariants": ["oak"] }]
    },
    {
        "type": "Replace",
        "conditions": [{ "when": "VanillaVariants_Henbox_Enabled", "isValue": "true" }],
        "dependsOn": [{ "modid": "wildcrafttree" }],
        "outputCode": "henbox",
        "ingredients": [{ "ingredientCode": "wildcrafttree:plank-*", "Code": "plank-*", "AllowedVariants": ["oak"] }]
    },
    {
        "type": "Copy",
        "conditions": [{ "when": "VanillaVariants_Henbox_Enabled", "isValue": "true" }],
        "outputCode": "henbox",
        "outputCodeNew": "vanvar:henbox-{wood}",
        "ingredients": [{ "ingredientCode": "plank-*", "Name": "wood", "SkipVariants": ["oak"] }]
    },
    {
        "type": "Copy",
        "conditions": [{ "when": "VanillaVariants_Henbox_Enabled", "isValue": "true" }],
        "dependsOn": [{ "modid": "wildcrafttree" }],
        "outputCode": "henbox",
        "outputCodeNew": "wildcrafttree:henbox-{wood}",
        "ingredients": [{ "ingredientCode": "plank-*", "Code": "wildcrafttree:plank-*", "Name": "wood", "SkipVariants": ["oak"] }]
    }
]
