[
    {
        "type": "Replace",
        "conditions": [{ "when": "VanillaVariants_Moldrack_Enabled", "isValue": "true" }],
        "outputCode": "moldrack-normal-east",
        "ingredients": [{ "ingredientCode": "plank-*", "AllowedVariants": ["oak"] }]
    },
    {
        "type": "Replace",
        "conditions": [{ "when": "VanillaVariants_Moldrack_Enabled", "isValue": "true" }],
        "dependsOn": [{ "modid": "wildcrafttree" }],
        "outputCode": "moldrack-normal-east",
        "ingredients": [{ "ingredientCode": "wildcrafttree:plank-*", "Code": "plank-*", "AllowedVariants": ["oak"] }]
    },
    {
        "type": "Copy",
        "conditions": [{ "when": "VanillaVariants_Moldrack_Enabled", "isValue": "true" }],
        "outputCode": "moldrack-normal-east",
        "outputCodeNew": "vanvar:moldrack-{wood}-east",
        "ingredients": [{ "ingredientCode": "plank-*", "Name": "wood", "SkipVariants": ["oak"] }]
    },
    {
        "type": "Copy",
        "conditions": [{ "when": "VanillaVariants_Moldrack_Enabled", "isValue": "true" }],
        "dependsOn": [{ "modid": "wildcrafttree" }],
        "outputCode": "moldrack-normal-east",
        "outputCodeNew": "wildcrafttree:moldrack-{wood}-east",
        "ingredients": [{ "ingredientCode": "plank-*", "Code": "wildcrafttree:plank-*", "Name": "wood", "SkipVariants": ["oak"] }]
    }
]
