[
    {
        "type": "Replace",
        "conditions": [{ "when": "VanillaVariants_StonePath_Enabled", "isValue": "true" }],
        "outputCode": "stonepath-free",
        "ingredients": [{ "ingredientCode": "stone-*", "AllowedVariants": ["granite"] }]
    },
    {
        "type": "Copy",
        "conditions": [{ "when": "VanillaVariants_StonePath_Enabled", "isValue": "true" }],
        "outputCode": "stonepath-free",
        "ingredients": [{ "ingredientCode": "stone-*", "Name": "rock", "SkipVariants": ["granite", "meteorite-iron"] }],
        "outputCodeNew": "vanvar:stonepath-{rock}-free"
    },

    {
        "type": "Replace",
        "conditions": [{ "when": "VanillaVariants_StonePath_Enabled", "isValue": "true" }],
        "outputCode": "stonepathslab-free",
        "ingredients": [{ "ingredientCode": "stone-*", "AllowedVariants": ["granite"] }]
    },
    {
        "type": "Copy",
        "conditions": [{ "when": "VanillaVariants_StonePath_Enabled", "isValue": "true" }],
        "outputCode": "stonepathslab-free",
        "ingredients": [{ "ingredientCode": "stone-*", "Name": "rock", "SkipVariants": ["granite", "meteorite-iron"] }],
        "outputCodeNew": "vanvar:stonepathslab-{rock}-free"
    },

    {
        "type": "Replace",
        "conditions": [{ "when": "VanillaVariants_StonePath_Enabled", "isValue": "true" }],
        "outputCode": "stonepathstairs-up-north-free",
        "ingredients": [{ "ingredientCode": "stone-*", "AllowedVariants": ["granite"] }]
    },
    {
        "type": "Copy",
        "conditions": [{ "when": "VanillaVariants_StonePath_Enabled", "isValue": "true" }],
        "outputCode": "stonepathstairs-up-north-free",
        "ingredients": [{ "ingredientCode": "stone-*", "Name": "rock", "SkipVariants": ["granite", "meteorite-iron"] }],
        "outputCodeNew": "vanvar:stonepathstairs-{rock}-up-north-free"
    }
]
