{
	"editor": {
		"collapsedPaths": ",Root/NBottom/TestNBottomSlope,Root/BroodPotBase3/TestNBottomSlope9,Root/BroodPotBase/TestNBottomSlope,Root/BroodPotBase2,Root/BroodPotBase/Cube4,Root/BroodPotBase/Cube2,Root/BroodPotBase/TestNBottomSlope9,Root/Cube5,Root/BroodPotBase/Cube5,Root/BroodPotBase/TestNBottomSlope5/Cube24,Root/BroodPotBase/TestNBottomSlope5/Cube12,Root/BroodPotBase/TestNBottomSlope5/Cube22,Root/BroodPotBase/TestNBottomSlope5/Cube20",
		"allAngles": false,
		"entityTextureMode": false
	},
	"textureWidth": 16,
	"textureHeight": 16,
	"textureSizes": {
	},
	"textures": {
		"clay": "game:block/clay/hardened/blue"
	},
	"elements": [
		{
			"name": "BroodPotBase",
			"from": [ 4.0, 0.0, 4.0 ],
			"to": [ 12.0, 1.0, 12.0 ],
			"rotationOrigin": [ 4.0, 0.0, 4.0 ],
			"faces": {
				"north": { "texture": "#clay", "uv": [ 1.5, 6.5, 11.0, 8.0 ], "autoUv": false },
				"east": { "texture": "#clay", "uv": [ 1.5, 6.5, 16.0, 8.0 ], "autoUv": false },
				"south": { "texture": "#clay", "uv": [ 1.5, 6.5, 16.0, 8.0 ], "autoUv": false },
				"west": { "texture": "#clay", "uv": [ 1.5, 6.5, 16.0, 8.0 ], "autoUv": false },
				"up": { "texture": "#clay", "uv": [ 0.0, 0.0, 8.5, 8.0 ], "autoUv": false },
				"down": { "texture": "#clay", "uv": [ 0.0, 0.5, 8.0, 8.0 ], "autoUv": false }
			},
			"children": [
				{
					"name": "NBottom",
					"from": [ 0.0, 1.0, -1.0 ],
					"to": [ 8.0, 2.0, 0.0 ],
					"rotationOrigin": [ 0.0, 1.0, -1.0 ],
					"faces": {
						"north": { "texture": "#clay", "uv": [ 0.0, 15.0, 8.0, 16.0 ], "autoUv": false },
						"east": { "texture": "#clay", "uv": [ 0.0, 6.0, 1.0, 7.0 ] },
						"south": { "texture": "#clay", "uv": [ 0.0, 15.0, 8.0, 16.0 ] },
						"west": { "texture": "#clay", "uv": [ 0.0, 6.0, 1.0, 7.0 ] },
						"up": { "texture": "#clay", "uv": [ 0.0, 15.0, 8.0, 16.0 ], "autoUv": false },
						"down": { "texture": "#clay", "uv": [ 0.0, 15.0, 8.0, 16.0 ] }
					},
					"children": [
						{
							"name": "SBottom",
							"from": [ 0.0, 0.0, 9.0 ],
							"to": [ 8.0, 1.0, 10.0 ],
							"rotationOrigin": [ 0.0, 0.0, 9.0 ],
							"faces": {
								"north": { "texture": "#clay", "uv": [ 0.0, 15.0, 8.0, 16.0 ], "autoUv": false },
								"east": { "texture": "#clay", "uv": [ 0.0, 15.0, 1.0, 16.0 ], "autoUv": false },
								"south": { "texture": "#clay", "uv": [ 0.0, 15.0, 8.0, 16.0 ], "autoUv": false },
								"west": { "texture": "#clay", "uv": [ 0.0, 15.0, 1.0, 16.0 ] },
								"up": { "texture": "#clay", "uv": [ 0.0, 15.0, 8.0, 16.0 ], "autoUv": false },
								"down": { "texture": "#clay", "uv": [ 0.0, 15.0, 8.0, 16.0 ], "autoUv": false }
							}
						},
						{
							"name": "WBottom",
							"from": [ -1.0, 0.0, 1.0 ],
							"to": [ 0.0, 1.0, 9.0 ],
							"rotationOrigin": [ -1.0, 0.0, 1.0 ],
							"faces": {
								"north": { "texture": "#clay", "uv": [ 1.5, 1.5, 9.5, 2.5 ], "autoUv": false },
								"east": { "texture": "#clay", "uv": [ 1.0, 1.5, 9.0, 2.5 ] },
								"south": { "texture": "#clay", "uv": [ 1.5, 2.0, 2.5, 3.0 ] },
								"west": { "texture": "#clay", "uv": [ 0.5, 2.0, 8.5, 3.0 ], "autoUv": false },
								"up": { "texture": "#clay", "uv": [ 1.0, 1.5, 9.0, 2.5 ], "rotation": 90, "autoUv": false },
								"down": { "texture": "#clay", "uv": [ 0.5, 2.5, 8.5, 3.5 ], "rotation": 90, "autoUv": false }
							}
						},
						{
							"name": "NWBottomCorner",
							"from": [ -1.0, 0.0, 0.0 ],
							"to": [ 0.0, 1.0, 1.0 ],
							"rotationOrigin": [ -1.0, 0.0, 0.0 ],
							"faces": {
								"north": { "texture": "#clay", "uv": [ 0.0, 15.0, 1.0, 16.0 ], "autoUv": false },
								"east": { "texture": "#clay", "uv": [ 0.0, 15.0, 1.0, 16.0 ], "autoUv": false },
								"south": { "texture": "#clay", "uv": [ 0.0, 15.0, 1.0, 16.0 ], "autoUv": false },
								"west": { "texture": "#clay", "uv": [ 0.0, 15.0, 1.0, 16.0 ] },
								"up": { "texture": "#clay", "uv": [ 0.0, 15.0, 1.0, 16.0 ], "autoUv": false },
								"down": { "texture": "#clay", "uv": [ 0.0, 15.0, 1.0, 16.0 ] }
							}
						},
						{
							"name": "NEBottomCorner",
							"from": [ 8.0, 0.0, 0.0 ],
							"to": [ 9.0, 1.0, 1.0 ],
							"rotationOrigin": [ 8.0, 0.0, 0.0 ],
							"faces": {
								"north": { "texture": "#clay", "uv": [ 0.0, 15.0, 1.0, 16.0 ], "autoUv": false },
								"east": { "texture": "#clay", "uv": [ 0.0, 15.0, 1.0, 16.0 ] },
								"south": { "texture": "#clay", "uv": [ 0.0, 15.0, 1.0, 16.0 ] },
								"west": { "texture": "#clay", "uv": [ 0.0, 15.0, 1.0, 16.0 ] },
								"up": { "texture": "#clay", "uv": [ 0.0, 15.0, 1.0, 16.0 ], "autoUv": false },
								"down": { "texture": "#clay", "uv": [ 0.0, 15.0, 1.0, 16.0 ] }
							}
						},
						{
							"name": "SEBottomCorner",
							"from": [ 8.0, 0.0, 9.0 ],
							"to": [ 9.0, 1.0, 10.0 ],
							"rotationOrigin": [ 8.0, 0.0, 9.0 ],
							"faces": {
								"north": { "texture": "#clay", "uv": [ 0.0, 15.0, 1.0, 16.0 ], "autoUv": false },
								"east": { "texture": "#clay", "uv": [ 0.0, 15.0, 1.0, 16.0 ] },
								"south": { "texture": "#clay", "uv": [ 0.0, 15.0, 1.0, 16.0 ] },
								"west": { "texture": "#clay", "uv": [ 0.0, 15.0, 1.0, 16.0 ] },
								"up": { "texture": "#clay", "uv": [ 0.0, 15.0, 1.0, 16.0 ], "autoUv": false },
								"down": { "texture": "#clay", "uv": [ 0.0, 15.0, 1.0, 16.0 ] }
							}
						},
						{
							"name": "SEBottomCorner2",
							"from": [ -1.0, 0.0, 9.0 ],
							"to": [ 0.0, 1.0, 10.0 ],
							"rotationOrigin": [ -1.0, 0.0, 9.0 ],
							"faces": {
								"north": { "texture": "#clay", "uv": [ 0.0, 15.0, 1.0, 16.0 ], "autoUv": false },
								"east": { "texture": "#clay", "uv": [ 0.0, 15.0, 1.0, 16.0 ] },
								"south": { "texture": "#clay", "uv": [ 0.0, 15.0, 1.0, 16.0 ] },
								"west": { "texture": "#clay", "uv": [ 0.0, 15.0, 1.0, 16.0 ] },
								"up": { "texture": "#clay", "uv": [ 0.0, 15.0, 1.0, 16.0 ], "autoUv": false },
								"down": { "texture": "#clay", "uv": [ 0.0, 15.0, 1.0, 16.0 ] }
							}
						},
						{
							"name": "TestNBottomSlope",
							"from": [ -1.0, 0.9, 1.0 ],
							"to": [ 0.0, 1.9, 9.0 ],
							"rotationOrigin": [ -1.1, 0.9, 1.0 ],
							"rotationZ": 22.5,
							"faces": {
								"north": { "texture": "#clay", "uv": [ 0.0, 6.0, 1.0, 7.0 ], "autoUv": false },
								"east": { "texture": "#clay", "uv": [ 0.0, 6.0, 8.0, 7.0 ] },
								"south": { "texture": "#clay", "uv": [ 0.0, 6.0, 1.0, 7.0 ] },
								"west": { "texture": "#clay", "uv": [ 0.0, 13.0, 8.0, 14.5 ], "autoUv": false },
								"up": { "texture": "#clay", "uv": [ 0.0, 6.0, 1.0, 7.0 ], "autoUv": false },
								"down": { "texture": "#clay", "uv": [ 0.0, 5.5, 1.0, 12.5 ], "autoUv": false }
							},
							"children": [
								{
									"name": "TestNBottomSlope2",
									"from": [ 11.224, 3.2687, 0.0 ],
									"to": [ 12.224, 4.2687, 8.0 ],
									"rotationOrigin": [ 2.224, 3.2587, 0.0 ],
									"rotationZ": -45.0,
									"faces": {
										"north": { "texture": "#clay", "uv": [ 0.0, 6.0, 1.0, 7.0 ], "autoUv": false },
										"east": { "texture": "#clay", "uv": [ 0.0, 13.0, 8.0, 14.5 ], "autoUv": false },
										"south": { "texture": "#clay", "uv": [ 0.0, 6.0, 1.0, 7.0 ] },
										"west": { "texture": "#clay", "uv": [ 0.0, 6.0, 8.0, 7.0 ], "rotation": 180 },
										"up": { "texture": "#clay", "uv": [ 0.0, 6.0, 1.0, 7.0 ], "autoUv": false },
										"down": { "texture": "#clay", "uv": [ 0.0, 6.0, 1.0, 14.0 ] }
									}
								},
								{
									"name": "TestNBottomSlope3",
									"from": [ 11.3787, 3.1922, 8.2 ],
									"to": [ 12.3787, 4.1922, 16.2 ],
									"rotationOrigin": [ 2.4087, 3.1822, 8.2 ],
									"rotationX": 90.0,
									"rotationY": 67.5,
									"rotationZ": -112.5,
									"faces": {
										"north": { "texture": "#clay", "uv": [ 0.0, 6.0, 1.0, 7.0 ], "autoUv": false },
										"east": { "texture": "#clay", "uv": [ 0.0, 13.0, 8.0, 14.5 ], "autoUv": false },
										"south": { "texture": "#clay", "uv": [ 0.0, 6.0, 1.0, 7.0 ] },
										"west": { "texture": "#clay", "uv": [ 0.0, 6.0, 8.0, 7.0 ], "rotation": 180 },
										"up": { "texture": "#clay", "uv": [ 0.0, 6.0, 1.0, 7.0 ], "autoUv": false },
										"down": { "texture": "#clay", "uv": [ 0.0, 6.0, 1.0, 14.0 ] }
									}
								},
								{
									"name": "TestNBottomSlope4",
									"from": [ 18.7698, 0.1307, -0.2 ],
									"to": [ 19.7698, 1.1307, 7.8 ],
									"rotationOrigin": [ 9.7998, 0.1207, -0.2 ],
									"rotationX": -90.0,
									"rotationY": -67.5,
									"rotationZ": -112.5,
									"faces": {
										"north": { "texture": "#clay", "uv": [ 0.0, 15.0, 1.0, 16.0 ], "autoUv": false },
										"east": { "texture": "#clay", "uv": [ 0.0, 13.0, 8.0, 14.5 ], "autoUv": false },
										"south": { "texture": "#clay", "uv": [ 0.0, 6.0, 1.0, 7.0 ] },
										"west": { "texture": "#clay", "uv": [ 0.0, 6.0, 8.0, 7.0 ], "rotation": 180 },
										"up": { "texture": "#clay", "uv": [ 0.0, 6.0, 1.0, 7.0 ], "autoUv": false },
										"down": { "texture": "#clay", "uv": [ 0.0, 6.0, 1.0, 11.5 ], "autoUv": false }
									}
								},
								{
									"name": "Cube2",
									"from": [ 0.0188, -0.0355, 7.0 ],
									"to": [ 1.5188, 1.0745, 8.5 ],
									"rotationOrigin": [ 0.0288, 0.0495, 7.4987 ],
									"faces": {
										"north": { "texture": "#clay", "uv": [ 0.0, 15.0, 1.0, 16.0 ], "autoUv": false },
										"east": { "texture": "#clay", "uv": [ 0.0, 15.0, 1.0, 16.0 ], "autoUv": false },
										"south": { "texture": "#clay", "uv": [ 0.0, 15.0, 1.0, 16.0 ], "autoUv": false },
										"west": { "texture": "#clay", "uv": [ 0.0, 15.0, 1.0, 16.0 ], "autoUv": false },
										"up": { "texture": "#clay", "uv": [ 0.0, 15.0, 1.0, 16.0 ], "autoUv": false },
										"down": { "texture": "#clay", "uv": [ 0.0, 15.0, 1.0, 16.0 ], "autoUv": false }
									},
									"children": [
										{
											"name": "Cube3",
											"from": [ -0.0965, -0.0448, 1.91 ],
											"to": [ 1.4035, 1.1552, 3.41 ],
											"rotationOrigin": [ -0.0665, -0.0997, 1.8987 ],
											"rotationX": 90.0,
											"rotationY": 67.5,
											"rotationZ": -67.5,
											"faces": {
												"north": { "texture": "#clay", "uv": [ 0.0, 15.0, 1.0, 16.0 ], "autoUv": false },
												"east": { "texture": "#clay", "uv": [ 0.0, 15.0, 1.0, 16.0 ], "autoUv": false },
												"south": { "texture": "#clay", "uv": [ 0.0, 15.0, 1.0, 16.0 ], "autoUv": false },
												"west": { "texture": "#clay", "uv": [ 0.0, 15.0, 1.0, 16.0 ], "autoUv": false },
												"up": { "texture": "#clay", "uv": [ 0.0, 15.0, 1.0, 16.0 ], "autoUv": false },
												"down": { "texture": "#clay", "uv": [ 0.0, 15.0, 1.0, 16.0 ], "autoUv": false }
											}
										}
									]
								},
								{
									"name": "Cube14",
									"from": [ 9.2576, -3.8623, 0.0 ],
									"to": [ 10.7576, -2.7523, 1.5 ],
									"rotationOrigin": [ 9.2676, -3.7773, 0.4987 ],
									"rotationX": -180.0,
									"rotationZ": -135.0,
									"faces": {
										"north": { "texture": "#clay", "uv": [ 0.0, 15.0, 1.0, 16.0 ], "autoUv": false },
										"east": { "texture": "#clay", "uv": [ 0.0, 15.0, 1.0, 16.0 ], "autoUv": false },
										"south": { "texture": "#clay", "uv": [ 0.0, 15.0, 1.0, 16.0 ], "autoUv": false },
										"west": { "texture": "#clay", "uv": [ 0.0, 15.0, 1.0, 16.0 ], "autoUv": false },
										"up": { "texture": "#clay", "uv": [ 0.0, 15.0, 1.0, 16.0 ], "autoUv": false },
										"down": { "texture": "#clay", "uv": [ 0.0, 15.0, 1.0, 16.0 ], "autoUv": false }
									},
									"children": [
										{
											"name": "Cube15",
											"from": [ -0.0965, -0.0448, 1.9 ],
											"to": [ 1.4035, 1.1552, 3.4 ],
											"rotationOrigin": [ -0.0665, -0.0997, 1.8987 ],
											"rotationX": 90.0,
											"rotationY": 67.5,
											"rotationZ": -67.5,
											"faces": {
												"north": { "texture": "#clay", "uv": [ 0.0, 15.0, 1.0, 16.0 ], "autoUv": false },
												"east": { "texture": "#clay", "uv": [ 0.0, 15.0, 1.0, 16.0 ], "autoUv": false },
												"south": { "texture": "#clay", "uv": [ 0.0, 15.0, 1.0, 16.0 ], "autoUv": false },
												"west": { "texture": "#clay", "uv": [ 0.0, 15.0, 1.0, 16.0 ], "autoUv": false },
												"up": { "texture": "#clay", "uv": [ 0.0, 15.0, 1.0, 16.0 ], "autoUv": false },
												"down": { "texture": "#clay", "uv": [ 0.0, 15.0, 1.0, 16.0 ], "autoUv": false }
											}
										}
									]
								},
								{
									"name": "Cube16",
									"from": [ 1.4046, -0.6095, -1.508 ],
									"to": [ 2.9046, 0.4905, -0.008 ],
									"rotationOrigin": [ 1.4146, -0.5245, -1.0013 ],
									"rotationX": -90.0,
									"rotationY": -67.5,
									"rotationZ": -67.5,
									"faces": {
										"north": { "texture": "#clay", "uv": [ 0.0, 1.5, 1.5, 3.0 ], "autoUv": false },
										"east": { "texture": "#clay", "uv": [ 0.0, 2.0, 1.5, 3.5 ], "autoUv": false },
										"south": { "texture": "#clay", "uv": [ 0.0, 1.5, 1.5, 3.0 ], "autoUv": false },
										"west": { "texture": "#clay", "uv": [ 0.0, 2.0, 1.5, 3.5 ], "autoUv": false },
										"up": { "texture": "#clay", "uv": [ 0.0, 1.5, 1.5, 3.0 ] },
										"down": { "texture": "#clay", "uv": [ 0.0, 1.0, 1.5, 2.5 ] }
									},
									"children": [
										{
											"name": "Cube17",
											"from": [ -0.0965, -0.0448, 1.91 ],
											"to": [ 1.4035, 1.1552, 3.41 ],
											"rotationOrigin": [ -0.0665, -0.0997, 1.8987 ],
											"rotationX": 90.0,
											"rotationY": 67.5,
											"rotationZ": -67.5,
											"faces": {
												"north": { "texture": "#clay", "uv": [ 0.0, 15.0, 1.0, 16.0 ], "autoUv": false },
												"east": { "texture": "#clay", "uv": [ 0.0, 15.0, 1.0, 16.0 ], "autoUv": false },
												"south": { "texture": "#clay", "uv": [ 0.0, 15.0, 1.0, 16.0 ], "autoUv": false },
												"west": { "texture": "#clay", "uv": [ 0.0, 15.0, 1.0, 16.0 ], "autoUv": false },
												"up": { "texture": "#clay", "uv": [ 0.0, 15.0, 1.0, 16.0 ], "autoUv": false },
												"down": { "texture": "#clay", "uv": [ 0.0, 15.0, 1.0, 16.0 ], "autoUv": false }
											}
										}
									]
								},
								{
									"name": "Cube18",
									"from": [ 7.8717, -3.2433, 8.499 ],
									"to": [ 9.3717, -2.1733, 9.999 ],
									"rotationOrigin": [ 7.8817, -3.2033, 8.9987 ],
									"rotationX": 90.0,
									"rotationY": 67.5,
									"rotationZ": -67.5,
									"faces": {
										"north": { "texture": "#clay", "uv": [ 0.0, 15.0, 1.0, 16.0 ], "autoUv": false },
										"east": { "texture": "#clay", "uv": [ 0.0, 15.0, 1.0, 16.0 ], "autoUv": false },
										"south": { "texture": "#clay", "uv": [ 0.0, 15.0, 1.0, 16.0 ], "autoUv": false },
										"west": { "texture": "#clay", "uv": [ 0.0, 15.0, 1.0, 16.0 ], "autoUv": false },
										"up": { "texture": "#clay", "uv": [ 0.0, 15.0, 1.0, 16.0 ], "autoUv": false },
										"down": { "texture": "#clay", "uv": [ 0.0, 15.0, 1.0, 16.0 ], "autoUv": false }
									},
									"children": [
										{
											"name": "Cube19",
											"from": [ -0.143, -0.05, 1.92 ],
											"to": [ 1.357, 1.13, 3.42 ],
											"rotationOrigin": [ -0.0665, -0.0997, 1.8987 ],
											"rotationX": 90.0,
											"rotationY": 67.5,
											"rotationZ": -67.5,
											"faces": {
												"north": { "texture": "#clay", "uv": [ 0.0, 15.0, 1.0, 16.0 ], "autoUv": false },
												"east": { "texture": "#clay", "uv": [ 0.0, 15.0, 1.0, 16.0 ], "autoUv": false },
												"south": { "texture": "#clay", "uv": [ 0.0, 15.0, 1.0, 16.0 ], "autoUv": false },
												"west": { "texture": "#clay", "uv": [ 0.0, 15.0, 1.0, 16.0 ], "autoUv": false },
												"up": { "texture": "#clay", "uv": [ 0.0, 15.0, 1.0, 16.0 ], "autoUv": false },
												"down": { "texture": "#clay", "uv": [ 0.0, 15.0, 1.0, 16.0 ], "autoUv": false }
											}
										}
									]
								}
							]
						},
						{
							"name": "TestNBottomSlope9",
							"from": [ -1.01, 7.4, 8.98 ],
							"to": [ -0.01, 8.4, 16.98 ],
							"rotationOrigin": [ -1.11, 7.4, 8.98 ],
							"rotationX": -180.0,
							"rotationZ": 22.5,
							"faces": {
								"north": { "texture": "#clay", "uv": [ 0.0, 13.0, 8.0, 14.5 ], "autoUv": false },
								"east": { "texture": "#clay", "uv": [ 0.0, 13.0, 8.0, 14.5 ], "autoUv": false },
								"south": { "texture": "#clay", "uv": [ 0.0, 13.0, 8.0, 15.0 ], "autoUv": false },
								"west": { "texture": "#clay", "uv": [ 0.0, 13.0, 8.0, 14.5 ], "rotation": 180, "autoUv": false },
								"up": { "texture": "#clay", "uv": [ 0.0, 13.0, 8.0, 14.5 ], "autoUv": false },
								"down": { "texture": "#clay", "uv": [ 0.0, 13.0, 8.0, 14.5 ], "autoUv": false }
							},
							"children": [
								{
									"name": "TestNBottomSlope10",
									"from": [ 11.224, 3.27, 0.0 ],
									"to": [ 12.224, 4.27, 8.0 ],
									"rotationOrigin": [ 2.224, 3.2587, 0.0 ],
									"rotationZ": -45.0,
									"faces": {
										"north": { "texture": "#clay", "uv": [ 0.0, 13.0, 8.0, 14.5 ], "autoUv": false },
										"east": { "texture": "#clay", "uv": [ 0.0, 13.0, 8.0, 14.5 ], "autoUv": false },
										"south": { "texture": "#clay", "uv": [ 0.0, 13.0, 8.0, 14.5 ], "autoUv": false },
										"west": { "texture": "#clay", "uv": [ 0.0, 13.0, 8.0, 14.5 ], "rotation": 180, "autoUv": false },
										"up": { "texture": "#clay", "uv": [ 0.0, 13.0, 8.0, 14.5 ], "autoUv": false },
										"down": { "texture": "#clay", "uv": [ 0.0, 13.0, 8.0, 14.5 ], "autoUv": false }
									},
									"children": [
										{
											"name": "BroodPotBase2",
											"from": [ -5.1979, -3.4141, 7.98 ],
											"to": [ -1.1979, -2.4141, 9.98 ],
											"rotationOrigin": [ -5.1979, -3.4141, 7.98 ],
											"rotationX": -180.0,
											"rotationY": 0.0,
											"rotationZ": -22.5,
											"faces": {
												"north": { "texture": "#clay", "uv": [ 1.5, 6.5, 6.0, 8.0 ], "autoUv": false },
												"east": { "texture": "#clay", "uv": [ 1.5, 6.5, 6.0, 8.0 ], "autoUv": false },
												"south": { "texture": "#clay", "uv": [ 1.5, 6.5, 6.0, 8.0 ], "autoUv": false },
												"west": { "texture": "#clay", "uv": [ 1.5, 6.5, 6.0, 8.0 ], "autoUv": false },
												"up": { "texture": "#clay", "uv": [ 0.0, 15.0, 4.0, 16.0 ], "autoUv": false },
												"down": { "texture": "#clay", "uv": [ 0.0, 15.0, 4.0, 16.0 ], "autoUv": false }
											},
											"children": [
												{
													"name": "BroodPotBase3",
													"from": [ 0.0, 0.0, 6.0 ],
													"to": [ 4.0, 1.0, 8.0 ],
													"rotationOrigin": [ 0.0, 0.0, 6.0 ],
													"faces": {
														"north": { "texture": "#clay", "uv": [ 1.5, 6.5, 6.0, 8.0 ], "autoUv": false },
														"east": { "texture": "#clay", "uv": [ 1.5, 6.5, 6.0, 8.0 ], "autoUv": false },
														"south": { "texture": "#clay", "uv": [ 1.5, 6.5, 6.0, 8.0 ], "autoUv": false },
														"west": { "texture": "#clay", "uv": [ 1.5, 6.5, 6.0, 8.0 ], "autoUv": false },
														"up": { "texture": "#clay", "uv": [ 0.0, 15.0, 4.0, 16.0 ], "autoUv": false },
														"down": { "texture": "#clay", "uv": [ 0.0, 15.0, 4.0, 16.0 ], "autoUv": false }
													}
												},
												{
													"name": "BroodPotBase4",
													"from": [ 4.0, 0.0, 2.0 ],
													"to": [ 6.0, 1.0, 6.0 ],
													"rotationOrigin": [ 4.0, 0.0, 2.0 ],
													"faces": {
														"north": { "texture": "#clay", "uv": [ 1.5, 6.5, 6.0, 8.0 ], "autoUv": false },
														"east": { "texture": "#clay", "uv": [ 1.5, 6.5, 6.0, 8.0 ], "autoUv": false },
														"south": { "texture": "#clay", "uv": [ 1.5, 6.5, 6.0, 8.0 ], "autoUv": false },
														"west": { "texture": "#clay", "uv": [ 1.5, 6.5, 6.0, 8.0 ], "autoUv": false },
														"up": { "texture": "#clay", "uv": [ 0.0, 15.0, 4.0, 16.0 ], "rotation": 90, "autoUv": false },
														"down": { "texture": "#clay", "uv": [ 0.0, 0.5, 8.0, 8.0 ], "autoUv": false }
													}
												},
												{
													"name": "BroodPotBase5",
													"from": [ -2.0, 0.0, 2.0 ],
													"to": [ 0.0, 1.0, 6.0 ],
													"rotationOrigin": [ -2.0, 0.0, 2.0 ],
													"faces": {
														"north": { "texture": "#clay", "uv": [ 1.5, 6.5, 6.0, 8.0 ], "autoUv": false },
														"east": { "texture": "#clay", "uv": [ 1.5, 6.5, 6.0, 8.0 ], "autoUv": false },
														"south": { "texture": "#clay", "uv": [ 1.5, 6.5, 6.0, 8.0 ], "autoUv": false },
														"west": { "texture": "#clay", "uv": [ 1.5, 6.5, 6.0, 8.0 ], "autoUv": false },
														"up": { "texture": "#clay", "uv": [ 0.0, 15.0, 4.0, 16.0 ], "autoUv": false },
														"down": { "texture": "#clay", "uv": [ 0.0, 15.0, 4.0, 16.0 ], "autoUv": false }
													}
												},
												{
													"name": "BroodPotBase6",
													"from": [ -2.0, 0.0, 6.0 ],
													"to": [ 0.0, 1.0, 8.0 ],
													"rotationOrigin": [ -2.0, 0.0, 6.0 ],
													"faces": {
														"north": { "texture": "#clay", "uv": [ 1.5, 6.5, 4.0, 8.0 ], "autoUv": false },
														"east": { "texture": "#clay", "uv": [ 1.5, 6.5, 4.0, 8.0 ], "autoUv": false },
														"south": { "texture": "#clay", "uv": [ 1.5, 6.5, 4.0, 8.0 ], "autoUv": false },
														"west": { "texture": "#clay", "uv": [ 1.5, 6.5, 4.0, 8.0 ], "autoUv": false },
														"up": { "texture": "#clay", "uv": [ 0.0, 15.0, 2.0, 16.0 ], "autoUv": false },
														"down": { "texture": "#clay", "uv": [ 0.0, 15.0, 2.0, 16.0 ], "autoUv": false }
													}
												},
												{
													"name": "BroodPotBase7",
													"from": [ 4.0, 0.0, 6.0 ],
													"to": [ 6.0, 1.0, 8.0 ],
													"rotationOrigin": [ 4.0, 0.0, 6.0 ],
													"faces": {
														"north": { "texture": "#clay", "uv": [ 1.5, 6.5, 4.0, 8.0 ], "autoUv": false },
														"east": { "texture": "#clay", "uv": [ 1.5, 6.5, 4.0, 8.0 ], "autoUv": false },
														"south": { "texture": "#clay", "uv": [ 1.5, 6.5, 4.0, 8.0 ], "autoUv": false },
														"west": { "texture": "#clay", "uv": [ 1.5, 6.5, 4.0, 8.0 ], "autoUv": false },
														"up": { "texture": "#clay", "uv": [ 0.0, 15.0, 2.0, 16.0 ], "autoUv": false },
														"down": { "texture": "#clay", "uv": [ 0.0, 15.0, 2.0, 16.0 ], "autoUv": false }
													}
												},
												{
													"name": "BroodPotBase8",
													"from": [ 4.0, 0.0, 0.0 ],
													"to": [ 6.0, 1.0, 2.0 ],
													"rotationOrigin": [ 4.0, 0.0, 0.0 ],
													"faces": {
														"north": { "texture": "#clay", "uv": [ 1.5, 6.5, 4.0, 8.0 ], "autoUv": false },
														"east": { "texture": "#clay", "uv": [ 1.5, 6.5, 4.0, 8.0 ], "autoUv": false },
														"south": { "texture": "#clay", "uv": [ 1.5, 6.5, 4.0, 8.0 ], "autoUv": false },
														"west": { "texture": "#clay", "uv": [ 1.5, 6.5, 4.0, 8.0 ], "autoUv": false },
														"up": { "texture": "#clay", "uv": [ 0.0, 15.0, 2.0, 16.0 ], "autoUv": false },
														"down": { "texture": "#clay", "uv": [ 0.0, 15.0, 2.0, 16.0 ], "autoUv": false }
													}
												},
												{
													"name": "BroodPotBase9",
													"from": [ -2.0, 0.0, 0.0 ],
													"to": [ 0.0, 1.0, 2.0 ],
													"rotationOrigin": [ -2.0, 0.0, 0.0 ],
													"faces": {
														"north": { "texture": "#clay", "uv": [ 1.5, 6.5, 4.0, 8.0 ], "autoUv": false },
														"east": { "texture": "#clay", "uv": [ 1.5, 6.5, 4.0, 8.0 ], "autoUv": false },
														"south": { "texture": "#clay", "uv": [ 1.5, 6.5, 4.0, 8.0 ], "autoUv": false },
														"west": { "texture": "#clay", "uv": [ 1.5, 6.5, 4.0, 8.0 ], "autoUv": false },
														"up": { "texture": "#clay", "uv": [ 0.0, 15.0, 2.0, 16.0 ], "autoUv": false },
														"down": { "texture": "#clay", "uv": [ 0.0, 15.0, 2.0, 16.0 ], "autoUv": false }
													}
												},
												{
													"name": "BroodPotBase10",
													"from": [ 0.0, 0.0, 3.0 ],
													"to": [ 4.0, 1.0, 5.0 ],
													"rotationOrigin": [ 0.0, 0.0, 3.0 ],
													"faces": {
														"north": { "texture": "#clay", "uv": [ 0.0, 15.0, 4.0, 16.0 ], "autoUv": false },
														"east": { "texture": "#clay", "uv": [ 0.0, 15.0, 4.0, 16.0 ], "autoUv": false },
														"south": { "texture": "#clay", "uv": [ 0.0, 15.0, 4.0, 16.0 ], "autoUv": false },
														"west": { "texture": "#clay", "uv": [ 0.0, 15.0, 4.0, 16.0 ], "autoUv": false },
														"up": { "texture": "#clay", "uv": [ 0.0, 15.0, 4.0, 16.0 ], "autoUv": false },
														"down": { "texture": "#clay", "uv": [ 0.0, 15.0, 4.0, 16.0 ], "autoUv": false }
													}
												},
												{
													"name": "BroodPotBase12",
													"from": [ 1.0, 0.0, 2.0 ],
													"to": [ 3.0, 1.0, 3.0 ],
													"rotationOrigin": [ 1.0, 0.0, 2.0 ],
													"faces": {
														"north": { "texture": "#clay", "uv": [ 0.0, 15.0, 2.0, 16.0 ], "autoUv": false },
														"east": { "texture": "#clay", "uv": [ 0.0, 15.0, 2.0, 16.0 ], "autoUv": false },
														"south": { "texture": "#clay", "uv": [ 0.0, 15.0, 2.0, 16.0 ], "autoUv": false },
														"west": { "texture": "#clay", "uv": [ 0.0, 15.0, 2.0, 16.0 ], "autoUv": false },
														"up": { "texture": "#clay", "uv": [ 0.0, 15.0, 2.0, 16.0 ], "autoUv": false },
														"down": { "texture": "#clay", "uv": [ 0.0, 15.0, 2.0, 16.0 ], "autoUv": false }
													}
												},
												{
													"name": "BroodPotBase13",
													"from": [ 1.0, 0.0, 5.0 ],
													"to": [ 3.0, 1.0, 6.0 ],
													"rotationOrigin": [ 1.0, 0.0, 5.0 ],
													"faces": {
														"north": { "texture": "#clay", "uv": [ 0.0, 15.0, 2.0, 16.0 ], "autoUv": false },
														"east": { "texture": "#clay", "uv": [ 0.0, 15.0, 2.0, 16.0 ], "autoUv": false },
														"south": { "texture": "#clay", "uv": [ 0.0, 15.0, 2.0, 16.0 ], "autoUv": false },
														"west": { "texture": "#clay", "uv": [ 0.0, 15.0, 2.0, 16.0 ], "autoUv": false },
														"up": { "texture": "#clay", "uv": [ 0.0, 15.0, 2.0, 16.0 ], "autoUv": false },
														"down": { "texture": "#clay", "uv": [ 0.0, 15.0, 2.0, 16.0 ], "autoUv": false }
													}
												}
											]
										},
										{
											"name": "EBottom3",
											"from": [ 0.3361, -1.1219, 0.0 ],
											"to": [ 1.3361, -0.1219, 8.0 ],
											"rotationOrigin": [ 0.3361, -1.1219, 0.0 ],
											"rotationX": 0.0,
											"rotationY": 0.0,
											"rotationZ": 22.5,
											"faces": {
												"north": { "texture": "#clay", "uv": [ 0.0, 15.0, 8.0, 16.0 ], "autoUv": false },
												"east": { "texture": "#clay", "uv": [ 0.0, 15.0, 8.0, 16.0 ] },
												"south": { "texture": "#clay", "uv": [ 0.0, 15.0, 1.0, 16.0 ] },
												"west": { "texture": "#clay", "uv": [ 0.0, 15.0, 8.0, 16.0 ] },
												"up": { "texture": "#clay", "uv": [ 0.0, 15.0, 8.0, 16.0 ], "rotation": 90, "autoUv": false },
												"down": { "texture": "#clay", "uv": [ 0.0, 15.0, 8.0, 16.0 ], "rotation": 90, "autoUv": false }
											}
										},
										{
											"name": "NEBottomCorner3",
											"from": [ 0.3361, -1.1219, -1.0 ],
											"to": [ 1.3361, -0.1219, 0.0 ],
											"rotationOrigin": [ 0.3361, -1.1219, -1.0 ],
											"rotationX": 0.0,
											"rotationY": 0.0,
											"rotationZ": 22.5,
											"faces": {
												"north": { "texture": "#clay", "uv": [ 0.0, 15.0, 1.0, 16.0 ], "autoUv": false },
												"east": { "texture": "#clay", "uv": [ 0.0, 15.0, 1.0, 16.0 ], "autoUv": false },
												"south": { "texture": "#clay", "uv": [ 0.0, 15.0, 1.0, 16.0 ] },
												"west": { "texture": "#clay", "uv": [ 0.0, 15.0, 1.0, 16.0 ] },
												"up": { "texture": "#clay", "uv": [ 0.0, 15.0, 1.0, 16.0 ], "autoUv": false },
												"down": { "texture": "#clay", "uv": [ 0.0, 15.0, 1.0, 16.0 ] }
											}
										},
										{
											"name": "SEBottomCorner5",
											"from": [ 0.3361, -1.1219, 8.0 ],
											"to": [ 1.3361, -0.1219, 9.0 ],
											"rotationOrigin": [ 0.3361, -1.1219, 8.0 ],
											"rotationX": 0.0,
											"rotationY": 0.0,
											"rotationZ": 22.5,
											"faces": {
												"north": { "texture": "#clay", "uv": [ 0.0, 15.0, 1.0, 16.0 ], "autoUv": false },
												"east": { "texture": "#clay", "uv": [ 0.0, 15.0, 1.0, 16.0 ], "autoUv": false },
												"south": { "texture": "#clay", "uv": [ 0.0, 15.0, 1.0, 16.0 ] },
												"west": { "texture": "#clay", "uv": [ 0.0, 15.0, 1.0, 16.0 ] },
												"up": { "texture": "#clay", "uv": [ 0.0, 15.0, 1.0, 16.0 ], "autoUv": false },
												"down": { "texture": "#clay", "uv": [ 0.0, 15.0, 1.0, 16.0 ] }
											}
										},
										{
											"name": "NWBottomCorner3",
											"from": [ -7.9788, -4.566, -1.0 ],
											"to": [ -6.9788, -3.566, 0.0 ],
											"rotationOrigin": [ -7.9788, -4.566, -1.0 ],
											"rotationX": 0.0,
											"rotationY": 0.0,
											"rotationZ": 22.5,
											"faces": {
												"north": { "texture": "#clay", "uv": [ 5.5, 1.0, 7.0, 2.5 ], "autoUv": false },
												"east": { "texture": "#clay", "uv": [ 0.0, 1.5, 1.0, 2.5 ] },
												"south": { "texture": "#clay", "uv": [ 0.0, 1.5, 1.0, 2.5 ] },
												"west": { "texture": "#clay", "uv": [ 0.0, 1.5, 1.0, 2.5 ] },
												"up": { "texture": "#clay", "uv": [ 0.0, 0.5, 1.5, 1.5 ], "autoUv": false },
												"down": { "texture": "#clay", "uv": [ 0.0, 2.5, 1.0, 3.5 ] }
											}
										},
										{
											"name": "WBottom3",
											"from": [ -7.9788, -4.566, 0.0 ],
											"to": [ -6.9788, -3.566, 8.0 ],
											"rotationOrigin": [ -7.9788, -4.566, 0.0 ],
											"rotationX": 0.0,
											"rotationY": 0.0,
											"rotationZ": 22.5,
											"faces": {
												"north": { "texture": "#clay", "uv": [ 0.0, 15.0, 1.0, 16.0 ], "autoUv": false },
												"east": { "texture": "#clay", "uv": [ 0.0, 15.0, 1.0, 16.0 ], "autoUv": false },
												"south": { "texture": "#clay", "uv": [ 0.0, 15.0, 1.0, 16.0 ] },
												"west": { "texture": "#clay", "uv": [ 0.0, 15.0, 8.0, 16.0 ] },
												"up": { "texture": "#clay", "uv": [ 0.0, 15.0, 8.0, 16.0 ], "rotation": 90, "autoUv": false },
												"down": { "texture": "#clay", "uv": [ 0.0, 15.0, 8.0, 16.0 ], "rotation": 90, "autoUv": false }
											}
										},
										{
											"name": "SEBottomCorner6",
											"from": [ -7.9788, -4.566, 8.0 ],
											"to": [ -6.9788, -3.566, 9.0 ],
											"rotationOrigin": [ -7.9788, -4.566, 8.0 ],
											"rotationX": 0.0,
											"rotationY": 0.0,
											"rotationZ": 22.5,
											"faces": {
												"north": { "texture": "#clay", "uv": [ 0.0, 1.5, 1.0, 2.5 ], "autoUv": false },
												"east": { "texture": "#clay", "uv": [ 0.0, 1.5, 1.0, 2.5 ] },
												"south": { "texture": "#clay", "uv": [ 0.0, 1.5, 1.0, 2.5 ] },
												"west": { "texture": "#clay", "uv": [ 0.0, 1.5, 1.0, 2.5 ] },
												"up": { "texture": "#clay", "uv": [ 0.0, 1.0, 1.0, 2.0 ], "autoUv": false },
												"down": { "texture": "#clay", "uv": [ 0.0, 1.5, 1.0, 2.5 ] }
											}
										}
									]
								},
								{
									"name": "TestNBottomSlope11",
									"from": [ 11.3787, 3.1922, 8.2 ],
									"to": [ 12.3787, 4.1922, 16.2 ],
									"rotationOrigin": [ 2.4087, 3.1822, 8.2 ],
									"rotationX": 90.0,
									"rotationY": 67.5,
									"rotationZ": -112.5,
									"faces": {
										"north": { "texture": "#clay", "uv": [ 0.0, 13.0, 8.0, 14.5 ], "autoUv": false },
										"east": { "texture": "#clay", "uv": [ 0.0, 13.0, 8.0, 14.5 ], "autoUv": false },
										"south": { "texture": "#clay", "uv": [ 0.0, 13.0, 8.5, 14.5 ], "autoUv": false },
										"west": { "texture": "#clay", "uv": [ 0.0, 13.0, 8.0, 14.5 ], "rotation": 180, "autoUv": false },
										"up": { "texture": "#clay", "uv": [ 0.0, 13.0, 8.0, 14.5 ], "autoUv": false },
										"down": { "texture": "#clay", "uv": [ 0.0, 13.0, 8.0, 14.5 ], "autoUv": false }
									}
								},
								{
									"name": "TestNBottomSlope12",
									"from": [ 18.7698, 0.1307, -0.2 ],
									"to": [ 19.7698, 1.1307, 7.8 ],
									"rotationOrigin": [ 9.7998, 0.1207, -0.2 ],
									"rotationX": -90.0,
									"rotationY": -67.5,
									"rotationZ": -112.5,
									"faces": {
										"north": { "texture": "#clay", "uv": [ 0.0, 15.0, 8.0, 16.0 ], "autoUv": false },
										"east": { "texture": "#clay", "uv": [ 0.0, 13.0, 8.0, 14.5 ], "autoUv": false },
										"south": { "texture": "#clay", "uv": [ 0.0, 13.0, 8.0, 14.5 ], "autoUv": false },
										"west": { "texture": "#clay", "uv": [ 0.0, 13.0, 8.0, 14.5 ], "rotation": 180, "autoUv": false },
										"up": { "texture": "#clay", "uv": [ 0.0, 13.0, 8.0, 14.5 ], "autoUv": false },
										"down": { "texture": "#clay", "uv": [ 0.0, 13.0, 8.0, 14.5 ], "autoUv": false }
									}
								},
								{
									"name": "Cube26",
									"from": [ 0.0188, -0.0355, 7.0 ],
									"to": [ 1.5188, 1.0745, 8.5 ],
									"rotationOrigin": [ 0.0288, 0.0495, 7.4987 ],
									"faces": {
										"north": { "texture": "#clay", "uv": [ 0.0, 15.0, 1.5, 16.0 ], "autoUv": false },
										"east": { "texture": "#clay", "uv": [ 0.0, 15.0, 1.5, 16.0 ], "autoUv": false },
										"south": { "texture": "#clay", "uv": [ 0.0, 15.0, 1.5, 16.0 ], "autoUv": false },
										"west": { "texture": "#clay", "uv": [ 0.0, 15.0, 1.5, 16.0 ], "autoUv": false },
										"up": { "texture": "#clay", "uv": [ 0.0, 15.0, 1.5, 16.0 ], "autoUv": false },
										"down": { "texture": "#clay", "uv": [ 0.0, 15.0, 1.5, 16.0 ], "autoUv": false }
									},
									"children": [
										{
											"name": "Cube27",
											"from": [ -0.0965, -0.0448, 1.91 ],
											"to": [ 1.4035, 1.1552, 2.91 ],
											"rotationOrigin": [ -0.0665, -0.0997, 1.8987 ],
											"rotationX": 90.0,
											"rotationY": 67.5,
											"rotationZ": -67.5,
											"faces": {
												"north": { "texture": "#clay", "uv": [ 0.0, 15.0, 1.5, 16.0 ], "autoUv": false },
												"east": { "texture": "#clay", "uv": [ 0.0, 15.0, 1.5, 16.0 ], "autoUv": false },
												"south": { "texture": "#clay", "uv": [ 0.0, 15.0, 1.5, 16.0 ], "autoUv": false },
												"west": { "texture": "#clay", "uv": [ 0.0, 15.0, 1.5, 16.0 ], "autoUv": false },
												"up": { "texture": "#clay", "uv": [ 0.0, 15.0, 1.5, 16.0 ], "autoUv": false },
												"down": { "texture": "#clay", "uv": [ 0.0, 15.0, 1.5, 16.0 ], "autoUv": false }
											}
										}
									]
								},
								{
									"name": "Cube28",
									"from": [ 9.2576, -3.8623, 0.0 ],
									"to": [ 10.7576, -2.7523, 1.5 ],
									"rotationOrigin": [ 9.2676, -3.7773, 0.4987 ],
									"rotationX": -180.0,
									"rotationZ": -135.0,
									"faces": {
										"north": { "texture": "#clay", "uv": [ 0.0, 15.0, 1.5, 16.0 ], "autoUv": false },
										"east": { "texture": "#clay", "uv": [ 0.0, 15.0, 1.5, 16.0 ], "autoUv": false },
										"south": { "texture": "#clay", "uv": [ 0.0, 15.0, 1.5, 16.0 ], "autoUv": false },
										"west": { "texture": "#clay", "uv": [ 0.0, 15.0, 1.5, 16.0 ], "autoUv": false },
										"up": { "texture": "#clay", "uv": [ 0.0, 14.5, 1.5, 16.0 ] },
										"down": { "texture": "#clay", "uv": [ 0.0, 15.0, 1.5, 16.0 ], "autoUv": false }
									},
									"children": [
										{
											"name": "Cube29",
											"from": [ -0.0965, -0.0448, 1.9 ],
											"to": [ 1.4035, 1.1552, 2.9 ],
											"rotationOrigin": [ -0.0665, -0.0997, 1.8987 ],
											"rotationX": 90.0,
											"rotationY": 67.5,
											"rotationZ": -67.5,
											"faces": {
												"north": { "texture": "#clay", "uv": [ 0.0, 15.0, 1.5, 16.0 ], "autoUv": false },
												"east": { "texture": "#clay", "uv": [ 0.0, 15.0, 1.5, 16.0 ], "autoUv": false },
												"south": { "texture": "#clay", "uv": [ 0.0, 15.0, 1.5, 16.0 ], "autoUv": false },
												"west": { "texture": "#clay", "uv": [ 0.0, 15.0, 1.0, 16.0 ], "autoUv": false },
												"up": { "texture": "#clay", "uv": [ 0.0, 15.0, 1.5, 16.0 ], "autoUv": false },
												"down": { "texture": "#clay", "uv": [ 0.0, 15.0, 1.5, 16.0 ] }
											}
										}
									]
								},
								{
									"name": "Cube30",
									"from": [ 1.4046, -0.6095, -1.508 ],
									"to": [ 2.9046, 0.4905, -0.008 ],
									"rotationOrigin": [ 1.4146, -0.5245, -1.0013 ],
									"rotationX": -90.0,
									"rotationY": -67.5,
									"rotationZ": -67.5,
									"faces": {
										"north": { "texture": "#clay", "uv": [ 0.0, 15.0, 1.0, 16.0 ], "autoUv": false },
										"east": { "texture": "#clay", "uv": [ 0.0, 15.0, 1.0, 16.0 ], "autoUv": false },
										"south": { "texture": "#clay", "uv": [ 0.0, 15.0, 1.0, 16.0 ], "autoUv": false },
										"west": { "texture": "#clay", "uv": [ 0.0, 15.0, 1.0, 16.0 ], "autoUv": false },
										"up": { "texture": "#clay", "uv": [ 0.0, 15.0, 1.0, 16.0 ], "autoUv": false },
										"down": { "texture": "#clay", "uv": [ 0.0, 15.0, 1.0, 16.0 ], "autoUv": false }
									},
									"children": [
										{
											"name": "Cube31",
											"from": [ -0.0965, -0.0448, 1.91 ],
											"to": [ 1.4035, 1.1552, 2.91 ],
											"rotationOrigin": [ -0.0665, -0.0997, 1.8987 ],
											"rotationX": 90.0,
											"rotationY": 67.5,
											"rotationZ": -67.5,
											"faces": {
												"north": { "texture": "#clay", "uv": [ 0.0, 15.0, 1.5, 16.0 ], "autoUv": false },
												"east": { "texture": "#clay", "uv": [ 0.0, 15.0, 1.5, 16.0 ], "autoUv": false },
												"south": { "texture": "#clay", "uv": [ 0.0, 15.0, 1.5, 16.0 ], "autoUv": false },
												"west": { "texture": "#clay", "uv": [ 0.0, 15.0, 1.5, 16.0 ], "autoUv": false },
												"up": { "texture": "#clay", "uv": [ 0.0, 15.0, 1.0, 16.0 ], "autoUv": false },
												"down": { "texture": "#clay", "uv": [ 0.0, 15.0, 1.5, 16.0 ], "autoUv": false }
											}
										}
									]
								},
								{
									"name": "Cube32",
									"from": [ 7.8717, -3.2433, 8.499 ],
									"to": [ 9.3717, -2.1733, 9.999 ],
									"rotationOrigin": [ 7.8817, -3.2033, 8.9987 ],
									"rotationX": 90.0,
									"rotationY": 67.5,
									"rotationZ": -67.5,
									"faces": {
										"north": { "texture": "#clay", "uv": [ 0.0, 15.0, 1.5, 16.0 ], "autoUv": false },
										"east": { "texture": "#clay", "uv": [ 0.0, 15.0, 1.5, 16.0 ], "autoUv": false },
										"south": { "texture": "#clay", "uv": [ 0.0, 15.0, 1.5, 16.0 ], "autoUv": false },
										"west": { "texture": "#clay", "uv": [ 0.0, 15.0, 1.5, 16.0 ], "autoUv": false },
										"up": { "texture": "#clay", "uv": [ 0.0, 15.0, 1.5, 16.0 ], "autoUv": false },
										"down": { "texture": "#clay", "uv": [ 0.0, 15.0, 1.5, 16.0 ], "autoUv": false }
									},
									"children": [
										{
											"name": "Cube33",
											"from": [ -0.143, -0.05, 1.92 ],
											"to": [ 1.357, 1.13, 2.92 ],
											"rotationOrigin": [ -0.0665, -0.0997, 1.8987 ],
											"rotationX": 90.0,
											"rotationY": 67.5,
											"rotationZ": -67.5,
											"faces": {
												"north": { "texture": "#clay", "uv": [ 0.0, 15.0, 1.5, 16.0 ], "autoUv": false },
												"east": { "texture": "#clay", "uv": [ 0.0, 15.0, 1.5, 16.0 ], "autoUv": false },
												"south": { "texture": "#clay", "uv": [ 0.0, 15.0, 1.5, 16.0 ], "autoUv": false },
												"west": { "texture": "#clay", "uv": [ 0.0, 15.0, 1.5, 16.0 ], "autoUv": false },
												"up": { "texture": "#clay", "uv": [ 0.0, 15.0, 1.5, 16.0 ], "autoUv": false },
												"down": { "texture": "#clay", "uv": [ 0.0, 15.0, 1.5, 16.0 ], "autoUv": false }
											}
										}
									]
								},
								{
									"name": "SBottom3",
									"from": [ 0.5719, -1.2524, 8.0 ],
									"to": [ 8.5719, -0.2524, 9.0 ],
									"rotationOrigin": [ 0.5719, -1.2524, 8.0 ],
									"rotationZ": -22.5,
									"faces": {
										"north": { "texture": "#clay", "uv": [ 0.0, 15.0, 8.0, 16.0 ], "autoUv": false },
										"east": { "texture": "#clay", "uv": [ 0.0, 15.0, 1.0, 16.0 ] },
										"south": { "texture": "#clay", "uv": [ 0.0, 15.0, 8.0, 16.0 ] },
										"west": { "texture": "#clay", "uv": [ 0.0, 15.0, 1.0, 16.0 ] },
										"up": { "texture": "#clay", "uv": [ 0.0, 15.0, 8.0, 16.0 ], "autoUv": false },
										"down": { "texture": "#clay", "uv": [ 0.0, 15.0, 8.0, 16.0 ], "autoUv": false }
									}
								},
								{
									"name": "NBottom3",
									"from": [ 0.6484, -1.0677, -1.0 ],
									"to": [ 8.6484, -0.0677, 0.0 ],
									"rotationOrigin": [ 0.6484, -1.0677, -1.0 ],
									"rotationZ": -22.5,
									"faces": {
										"north": { "texture": "#clay", "uv": [ 0.0, 15.0, 8.0, 16.0 ], "autoUv": false },
										"east": { "texture": "#clay", "uv": [ 0.0, 15.0, 1.0, 16.0 ] },
										"south": { "texture": "#clay", "uv": [ 0.0, 15.0, 8.0, 16.0 ] },
										"west": { "texture": "#clay", "uv": [ 0.0, 15.0, 1.0, 16.0 ] },
										"up": { "texture": "#clay", "uv": [ 0.0, 15.0, 8.0, 16.0 ], "autoUv": false },
										"down": { "texture": "#clay", "uv": [ 0.0, 15.0, 8.0, 16.0 ] }
									}
								}
							]
						},
						{
							"name": "Cube5",
							"from": [ -1.2473, 1.9, 9.0004 ],
							"to": [ 6.7527, 6.4, 10.0004 ],
							"rotationOrigin": [ -1.3, 1.9, 9.1 ],
							"rotationY": 89.9802,
							"faces": {
								"north": { "texture": "#clay", "uv": [ 0.0, 2.5, 8.0, 7.0 ], "autoUv": false },
								"east": { "texture": "#clay", "uv": [ 8.0, 0.0, 9.0, 4.5 ] },
								"south": { "texture": "#clay", "uv": [ 0.0, 0.0, 8.0, 4.0 ], "autoUv": false },
								"west": { "texture": "#clay", "uv": [ 8.0, 0.0, 9.0, 4.0 ], "autoUv": false },
								"up": { "texture": "#clay", "uv": [ 0.0, 15.0, 8.0, 16.0 ], "autoUv": false },
								"down": { "texture": "#clay", "uv": [ 0.0, 15.0, 8.0, 16.0 ], "autoUv": false }
							},
							"children": [
								{
									"name": "Cube7",
									"from": [ -0.05, 0.0, 9.85 ],
									"to": [ 7.95, 4.5, 10.85 ],
									"rotationOrigin": [ -0.05, 0.0, 9.9 ],
									"faces": {
										"north": { "texture": "#clay", "uv": [ 0.0, 2.5, 8.0, 7.0 ] },
										"east": { "texture": "#clay", "uv": [ 0.0, 0.0, 1.0, 4.5 ] },
										"south": { "texture": "#clay", "uv": [ 0.0, 2.5, 8.0, 7.0 ], "autoUv": false },
										"west": { "texture": "#clay", "uv": [ 0.0, 0.0, 1.0, 4.5 ] },
										"up": { "texture": "#clay", "uv": [ 0.0, 15.0, 8.0, 16.0 ] },
										"down": { "texture": "#clay", "uv": [ 0.0, 15.0, 8.0, 16.0 ] }
									}
								},
								{
									"name": "Cube6",
									"from": [ 9.6505, 0.0, 0.9901 ],
									"to": [ 17.6505, 4.5, 1.9901 ],
									"rotationOrigin": [ 9.35, 0.0, 1.1 ],
									"rotationY": -89.9802,
									"faces": {
										"north": { "texture": "#clay", "uv": [ 0.0, 2.5, 8.0, 7.0 ], "autoUv": false },
										"east": { "texture": "#clay", "uv": [ 0.0, 0.0, 1.0, 4.5 ] },
										"south": { "texture": "#clay", "uv": [ 0.0, 0.0, 8.0, 4.5 ] },
										"west": { "texture": "#clay", "uv": [ 0.0, 0.0, 1.0, 4.5 ] },
										"up": { "texture": "#clay", "uv": [ 0.0, 15.0, 8.0, 16.0 ] },
										"down": { "texture": "#clay", "uv": [ 0.0, 15.0, 8.0, 16.0 ] }
									}
								},
								{
									"name": "Cube4",
									"from": [ -0.4, 0.0, 1.31 ],
									"to": [ 7.6, 4.5, 2.31 ],
									"rotationOrigin": [ -0.45, 0.0, 1.4 ],
									"rotationY": -89.9802,
									"faces": {
										"north": { "texture": "#clay", "uv": [ 0.0, 0.0, 8.5, 4.0 ], "autoUv": false },
										"east": { "texture": "#clay", "uv": [ 0.0, 0.0, 1.0, 4.5 ] },
										"south": { "texture": "#clay", "uv": [ 0.0, 2.5, 8.0, 7.0 ], "autoUv": false },
										"west": { "texture": "#clay", "uv": [ 0.0, 0.0, 1.0, 4.5 ] },
										"up": { "texture": "#clay", "uv": [ 0.0, 15.0, 8.0, 16.0 ], "autoUv": false },
										"down": { "texture": "#clay", "uv": [ 0.0, 15.0, 8.0, 16.0 ] }
									}
								},
								{
									"name": "Cube8",
									"from": [ 0.1496, 0.0, -0.4511 ],
									"to": [ 1.6496, 4.5, 1.0489 ],
									"rotationOrigin": [ -0.0604, 0.0, -0.2501 ],
									"rotationY": -89.9802,
									"faces": {
										"north": { "texture": "#clay", "uv": [ 0.0, 0.0, 1.5, 4.5 ] },
										"east": { "texture": "#clay", "uv": [ 0.0, 0.0, 1.5, 4.5 ] },
										"south": { "texture": "#clay", "uv": [ 0.0, 6.0, 2.0, 10.5 ], "autoUv": false },
										"west": { "texture": "#clay", "uv": [ 0.0, 6.0, 2.0, 10.5 ], "autoUv": false },
										"up": { "texture": "#clay", "uv": [ 0.0, 15.0, 2.0, 16.0 ], "autoUv": false },
										"down": { "texture": "#clay", "uv": [ 0.0, 15.0, 2.0, 16.0 ], "autoUv": false }
									}
								},
								{
									"name": "Cube9",
									"from": [ 9.4896, 0.0, -0.4633 ],
									"to": [ 10.9896, 4.5, 1.0367 ],
									"rotationOrigin": [ 9.2396, 0.0, -0.2533 ],
									"rotationY": -89.9802,
									"faces": {
										"north": { "texture": "#clay", "uv": [ 0.0, 6.0, 2.0, 10.0 ], "autoUv": false },
										"east": { "texture": "#clay", "uv": [ 0.0, 6.0, 2.0, 10.5 ], "autoUv": false },
										"south": { "texture": "#clay", "uv": [ 0.0, 6.0, 2.0, 10.5 ], "autoUv": false },
										"west": { "texture": "#clay", "uv": [ 0.0, 6.0, 2.0, 10.0 ], "autoUv": false },
										"up": { "texture": "#clay", "uv": [ 0.0, 7.0, 1.5, 8.5 ] },
										"down": { "texture": "#clay", "uv": [ 0.0, 6.0, 1.5, 7.5 ] }
									}
								},
								{
									"name": "Cube10",
									"from": [ 9.4529, 0.0, 8.9267 ],
									"to": [ 10.9529, 4.5, 10.4267 ],
									"rotationOrigin": [ 9.2429, 0.0, 9.1467 ],
									"rotationY": -89.9802,
									"faces": {
										"north": { "texture": "#clay", "uv": [ 0.0, 6.0, 2.0, 10.5 ], "autoUv": false },
										"east": { "texture": "#clay", "uv": [ 0.0, 6.0, 2.0, 10.0 ], "autoUv": false },
										"south": { "texture": "#clay", "uv": [ 0.0, 6.0, 2.0, 10.5 ], "autoUv": false },
										"west": { "texture": "#clay", "uv": [ 0.0, 6.0, 2.0, 10.0 ], "autoUv": false },
										"up": { "texture": "#clay", "uv": [ 0.0, 7.0, 1.5, 8.5 ] },
										"down": { "texture": "#clay", "uv": [ 0.5, 6.5, 2.0, 8.0 ] }
									}
								},
								{
									"name": "Cube11",
									"from": [ 0.1529, 0.0, 8.9399 ],
									"to": [ 1.6529, 4.5, 10.4399 ],
									"rotationOrigin": [ -0.0571, 0.0, 9.1499 ],
									"rotationY": -89.9802,
									"faces": {
										"north": { "texture": "#clay", "uv": [ 0.0, 6.0, 2.0, 10.5 ], "autoUv": false },
										"east": { "texture": "#clay", "uv": [ 0.0, 6.0, 2.0, 10.5 ], "autoUv": false },
										"south": { "texture": "#clay", "uv": [ 0.0, 6.0, 2.0, 10.5 ], "autoUv": false },
										"west": { "texture": "#clay", "uv": [ 0.0, 6.0, 2.0, 10.5 ], "autoUv": false },
										"up": { "texture": "#clay", "uv": [ 0.0, 15.0, 2.0, 16.0 ], "autoUv": false },
										"down": { "texture": "#clay", "uv": [ 0.0, 15.0, 2.0, 16.0 ], "autoUv": false }
									}
								}
							]
						},
						{
							"name": "EBottom",
							"from": [ 8.0, 0.0, 1.0 ],
							"to": [ 9.0, 1.0, 9.0 ],
							"rotationOrigin": [ 8.0, 0.0, 1.0 ],
							"faces": {
								"north": { "texture": "#clay", "uv": [ 0.0, 1.5, 8.0, 3.0 ], "autoUv": false },
								"east": { "texture": "#clay", "uv": [ 0.0, 2.5, 8.0, 3.5 ], "autoUv": false },
								"south": { "texture": "#clay", "uv": [ 1.5, 1.5, 2.5, 2.5 ] },
								"west": { "texture": "#clay", "uv": [ 0.0, 1.0, 8.0, 2.0 ] },
								"up": { "texture": "#clay", "uv": [ 0.0, 15.0, 8.0, 16.0 ], "rotation": 90, "autoUv": false },
								"down": { "texture": "#clay", "uv": [ 0.0, 15.0, 8.0, 16.0 ], "rotation": 90 }
							}
						}
					]
				}
			]
		}
	]}