{
	"editor": {
		"collapsedPaths": ",Root/Cube8/Cube12",
		"allAngles": false,
		"entityTextureMode": false
	},
	"textureWidth": 16,
	"textureHeight": 16,
	"textureSizes": {
	},
	"textures": {
		"clay": "game:block/clay/hardened/blue"
	},
	"elements": [
		{
			"name": "Cube8",
			"from": [ 4.9, 5.0, 5.0 ],
			"to": [ 10.9, 6.0, 11.0 ],
			"rotationOrigin": [ 7.9, 3.0, 8.0 ],
			"rotationZ": 179.9999,
			"faces": {
				"north": { "texture": "#clay", "uv": [ 0.0, 15.0, 6.0, 16.0 ] },
				"east": { "texture": "#clay", "uv": [ 0.0, 15.0, 6.0, 16.0 ] },
				"south": { "texture": "#clay", "uv": [ 0.0, 15.0, 6.0, 16.0 ] },
				"west": { "texture": "#clay", "uv": [ 0.0, 15.0, 6.0, 16.0 ] },
				"up": { "texture": "#clay", "uv": [ 0.0, 7.0, 2.0, 11.0 ], "autoUv": false },
				"down": { "texture": "#clay", "uv": [ 0.0, 6.0, 2.0, 11.0 ], "autoUv": false }
			},
			"children": [
				{
					"name": "Cube2",
					"from": [ 0.7, 0.3, 0.02 ],
					"to": [ 1.7, 1.3, 6.01 ],
					"rotationOrigin": [ 0.7, 0.3, 0.0 ],
					"rotationZ": 135.0001,
					"faces": {
						"north": { "texture": "#clay", "uv": [ 0.0, 15.0, 1.0, 16.0 ], "autoUv": false },
						"east": { "texture": "#clay", "uv": [ 0.0, 15.0, 6.0, 16.0 ], "autoUv": false },
						"south": { "texture": "#clay", "uv": [ 0.0, 15.0, 1.0, 16.0 ] },
						"west": { "texture": "#clay", "uv": [ 0.0, 15.0, 6.0, 16.0 ], "autoUv": false },
						"up": { "texture": "#clay", "uv": [ 0.0, 15.0, 6.0, 16.0 ], "autoUv": false },
						"down": { "texture": "#clay", "uv": [ 0.0, 15.0, 6.0, 16.0 ], "autoUv": false }
					}
				},
				{
					"name": "Cube6",
					"from": [ 0.02, -5.0, 0.02 ],
					"to": [ 1.02, -4.0, 6.01 ],
					"rotationOrigin": [ 0.0, -5.0, 0.0 ],
					"rotationZ": 45.0001,
					"faces": {
						"north": { "texture": "#clay", "uv": [ 0.0, 15.0, 6.0, 16.0 ], "autoUv": false },
						"east": { "texture": "#clay", "uv": [ 0.0, 15.0, 6.0, 16.0 ], "autoUv": false },
						"south": { "texture": "#clay", "uv": [ 0.0, 15.0, 1.0, 16.0 ] },
						"west": { "texture": "#clay", "uv": [ 0.0, 15.0, 6.0, 16.0 ], "autoUv": false },
						"up": { "texture": "#clay", "uv": [ 0.0, 15.0, 1.0, 16.0 ], "autoUv": false },
						"down": { "texture": "#clay", "uv": [ 0.0, 15.0, 6.0, 16.0 ], "autoUv": false }
					}
				},
				{
					"name": "Cube12",
					"from": [ 6.01, 0.3, -0.7 ],
					"to": [ 12.03, 4.9, 0.3 ],
					"rotationOrigin": [ 6.0, 0.3, -0.7 ],
					"rotationZ": -179.9999,
					"faces": {
						"north": { "texture": "#clay", "uv": [ 2.5, 6.5, 8.0, 11.0 ], "autoUv": false },
						"east": { "texture": "#clay", "uv": [ 0.0, 15.0, 4.0, 16.0 ], "rotation": 90, "autoUv": false },
						"south": { "texture": "#clay", "uv": [ 2.5, 6.5, 8.0, 11.0 ], "autoUv": false },
						"west": { "texture": "#clay", "uv": [ 0.0, 15.0, 4.0, 16.0 ], "autoUv": false },
						"up": { "texture": "#clay", "uv": [ 0.0, 15.0, 4.0, 16.0 ], "autoUv": false },
						"down": { "texture": "#clay", "uv": [ 0.0, 15.0, 4.0, 16.0 ], "autoUv": false }
					},
					"children": [
						{
							"name": "Cube13",
							"from": [ 0.01, 0.0, 6.4 ],
							"to": [ 6.03, 4.6, 7.4 ],
							"rotationOrigin": [ 0.0, 0.0, 6.4 ],
							"faces": {
								"north": { "texture": "#clay", "uv": [ 2.5, 6.5, 8.5, 11.0 ] },
								"east": { "texture": "#clay", "uv": [ 0.0, 15.0, 6.0, 16.0 ], "rotation": 90, "autoUv": false },
								"south": { "texture": "#clay", "uv": [ 2.5, 6.5, 8.0, 11.0 ], "autoUv": false },
								"west": { "texture": "#clay", "uv": [ 0.0, 15.0, 6.0, 16.0 ], "rotation": 90, "autoUv": false },
								"up": { "texture": "#clay", "uv": [ 0.0, 15.0, 6.0, 16.0 ] },
								"down": { "texture": "#clay", "uv": [ 0.0, 15.0, 6.0, 16.0 ], "rotation": 90, "autoUv": false }
							}
						},
						{
							"name": "Cube14",
							"from": [ -0.85, 0.0, 0.69 ],
							"to": [ 0.15, 4.6, 6.71 ],
							"rotationOrigin": [ -0.8, 0.0, 0.7 ],
							"faces": {
								"north": { "texture": "#clay", "uv": [ 0.0, 15.0, 4.0, 16.0 ], "autoUv": false },
								"east": { "texture": "#clay", "uv": [ 2.5, 6.5, 8.0, 11.5 ], "autoUv": false },
								"south": { "texture": "#clay", "uv": [ 0.0, 15.0, 4.0, 16.0 ], "autoUv": false },
								"west": { "texture": "#clay", "uv": [ 2.5, 6.5, 8.0, 11.5 ], "autoUv": false },
								"up": { "texture": "#clay", "uv": [ 0.0, 15.0, 4.0, 16.0 ], "autoUv": false },
								"down": { "texture": "#clay", "uv": [ 0.0, 15.0, 4.0, 16.0 ], "autoUv": false }
							}
						},
						{
							"name": "Cube15",
							"from": [ 5.7, 0.0, 0.71 ],
							"to": [ 6.7, 4.6, 6.73 ],
							"rotationOrigin": [ 5.7, 0.0, 0.7 ],
							"faces": {
								"north": { "texture": "#clay", "uv": [ 0.0, 15.0, 4.0, 16.0 ], "autoUv": false },
								"east": { "texture": "#clay", "uv": [ 2.5, 6.5, 8.0, 11.0 ], "autoUv": false },
								"south": { "texture": "#clay", "uv": [ 0.0, 15.0, 4.0, 16.0 ], "autoUv": false },
								"west": { "texture": "#clay", "uv": [ 2.5, 6.5, 8.0, 11.0 ], "autoUv": false },
								"up": { "texture": "#clay", "uv": [ 0.0, 15.0, 4.0, 16.0 ], "autoUv": false },
								"down": { "texture": "#clay", "uv": [ 0.0, 15.0, 4.0, 16.0 ], "autoUv": false }
							}
						}
					]
				},
				{
					"name": "Cube7",
					"from": [ 0.0, -5.0, 5.0 ],
					"to": [ 5.97, -4.0, 6.0 ],
					"rotationOrigin": [ 0.0, -5.0, 6.0 ],
					"rotationX": 45.0,
					"rotationY": 1.0E-4,
					"rotationZ": 1.0E-4,
					"faces": {
						"north": { "texture": "#clay", "uv": [ 0.0, 15.0, 6.0, 16.0 ], "autoUv": false },
						"east": { "texture": "#clay", "uv": [ 0.0, 15.0, 1.0, 16.0 ] },
						"south": { "texture": "#clay", "uv": [ 0.0, 15.0, 6.0, 16.0 ], "autoUv": false },
						"west": { "texture": "#clay", "uv": [ 0.0, 15.0, 1.0, 16.0 ] },
						"up": { "texture": "#clay", "uv": [ 0.0, 15.0, 6.0, 16.0 ], "autoUv": false },
						"down": { "texture": "#clay", "uv": [ 0.0, 15.0, 6.0, 16.0 ], "autoUv": false }
					}
				},
				{
					"name": "Cube10",
					"from": [ 5.4, -4.2959, 0.0 ],
					"to": [ 6.4, -3.2959, 6.04 ],
					"rotationOrigin": [ 5.4, -4.3, 0.0 ],
					"rotationZ": -44.9998,
					"faces": {
						"north": { "texture": "#clay", "uv": [ 0.0, 15.0, 1.0, 16.0 ] },
						"east": { "texture": "#clay", "uv": [ 0.0, 15.0, 6.0, 16.0 ] },
						"south": { "texture": "#clay", "uv": [ 0.0, 15.0, 1.0, 16.0 ] },
						"west": { "texture": "#clay", "uv": [ 0.0, 15.0, 6.0, 16.0 ] },
						"up": { "texture": "#clay", "uv": [ 0.0, 15.0, 6.0, 16.0 ], "autoUv": false },
						"down": { "texture": "#clay", "uv": [ 0.0, 15.0, 6.0, 16.0 ], "autoUv": false }
					}
				},
				{
					"name": "Cube11",
					"from": [ -0.01, -4.9993, -0.01 ],
					"to": [ 5.98, -3.9993, 0.99 ],
					"rotationOrigin": [ 0.0, -5.0, 0.0 ],
					"rotationX": -45.0,
					"rotationY": -1.0E-4,
					"rotationZ": 1.0E-4,
					"faces": {
						"north": { "texture": "#clay", "uv": [ 0.0, 15.0, 6.0, 16.0 ], "autoUv": false },
						"east": { "texture": "#clay", "uv": [ 0.0, 15.0, 1.0, 16.0 ] },
						"south": { "texture": "#clay", "uv": [ 0.0, 15.0, 6.0, 16.0 ], "autoUv": false },
						"west": { "texture": "#clay", "uv": [ 0.0, 15.0, 1.0, 16.0 ] },
						"up": { "texture": "#clay", "uv": [ 0.0, 15.0, 6.0, 16.0 ], "autoUv": false },
						"down": { "texture": "#clay", "uv": [ 0.0, 15.0, 6.0, 16.0 ], "autoUv": false }
					}
				},
				{
					"name": "Cube3",
					"from": [ 6.1, 1.0, 0.0 ],
					"to": [ 7.1, 2.0, 6.0 ],
					"rotationOrigin": [ 6.1, 1.0, 0.0 ],
					"rotationZ": -135.0,
					"faces": {
						"north": { "texture": "#clay", "uv": [ 0.0, 15.0, 1.0, 16.0 ] },
						"east": { "texture": "#clay", "uv": [ 0.0, 15.0, 6.0, 16.0 ] },
						"south": { "texture": "#clay", "uv": [ 0.0, 15.0, 1.0, 16.0 ] },
						"west": { "texture": "#clay", "uv": [ 0.0, 15.0, 6.0, 16.0 ] },
						"up": { "texture": "#clay", "uv": [ 0.0, 15.0, 6.0, 16.0 ], "autoUv": false },
						"down": { "texture": "#clay", "uv": [ 0.0, 15.0, 1.0, 16.0 ], "autoUv": false }
					}
				},
				{
					"name": "Cube4",
					"from": [ 6.0, 1.0, 0.0 ],
					"to": [ 12.0, 2.0, 1.0 ],
					"rotationOrigin": [ 6.0, 1.0, 0.0 ],
					"rotationX": 45.0,
					"rotationZ": -179.9999,
					"faces": {
						"north": { "texture": "#clay", "uv": [ 0.0, 15.0, 6.0, 16.0 ] },
						"east": { "texture": "#clay", "uv": [ 0.0, 15.0, 6.0, 16.0 ], "autoUv": false },
						"south": { "texture": "#clay", "uv": [ 0.0, 15.0, 6.0, 16.0 ] },
						"west": { "texture": "#clay", "uv": [ 0.0, 15.0, 6.0, 16.0 ], "autoUv": false },
						"up": { "texture": "#clay", "uv": [ 0.0, 15.0, 6.0, 16.0 ] },
						"down": { "texture": "#clay", "uv": [ 0.0, 15.0, 6.0, 16.0 ] }
					}
				},
				{
					"name": "Cube5",
					"from": [ 6.0227, 1.0, 5.0 ],
					"to": [ 12.0127, 2.0, 6.0 ],
					"rotationOrigin": [ 6.0, 1.0, 6.0 ],
					"rotationX": -45.0,
					"rotationZ": -179.9999,
					"faces": {
						"north": { "texture": "#clay", "uv": [ 0.0, 15.0, 6.0, 16.0 ], "autoUv": false },
						"east": { "texture": "#clay", "uv": [ 0.0, 15.0, 1.0, 16.0 ] },
						"south": { "texture": "#clay", "uv": [ 0.0, 15.0, 6.0, 16.0 ], "autoUv": false },
						"west": { "texture": "#clay", "uv": [ 0.0, 15.0, 1.0, 16.0 ] },
						"up": { "texture": "#clay", "uv": [ 0.0, 15.0, 6.0, 16.0 ], "autoUv": false },
						"down": { "texture": "#clay", "uv": [ 0.0, 15.0, 6.0, 16.0 ], "autoUv": false }
					}
				}
			]
		},
		{
			"name": "Cube17",
			"from": [ 5.2, 5.5, 10.5 ],
			"to": [ 6.2, 7.51, 14.5 ],
			"rotationOrigin": [ 5.8, 5.5, 10.5 ],
			"rotationY": 90.0,
			"faces": {
				"north": { "texture": "#clay", "uv": [ 0.0, 15.0, 1.0, 16.0 ], "autoUv": false },
				"east": { "texture": "#clay", "uv": [ 0.0, 15.0, 4.0, 16.0 ], "autoUv": false },
				"south": { "texture": "#clay", "uv": [ 0.0, 15.0, 1.0, 16.0 ], "autoUv": false },
				"west": { "texture": "#clay", "uv": [ 0.0, 15.0, 4.0, 16.0 ], "autoUv": false },
				"up": { "texture": "#clay", "uv": [ 0.0, 15.0, 1.0, 16.0 ], "autoUv": false },
				"down": { "texture": "#clay", "uv": [ 0.0, 15.0, 1.0, 16.0 ], "autoUv": false }
			},
			"children": [
				{
					"name": "Cube21",
					"from": [ -0.52, 0.0, -1.25 ],
					"to": [ 1.08, 2.0, -0.25 ],
					"rotationOrigin": [ 1.1, 0.0, -1.2 ],
					"rotationY": 48.0,
					"faces": {
						"north": { "texture": "#clay", "uv": [ 0.0, 15.0, 1.0, 16.0 ], "autoUv": false },
						"east": { "texture": "#clay", "uv": [ 0.0, 15.0, 1.0, 16.0 ], "autoUv": false },
						"south": { "texture": "#clay", "uv": [ 0.0, 15.0, 1.0, 16.0 ], "autoUv": false },
						"west": { "texture": "#clay", "uv": [ 0.0, 15.0, 1.0, 16.0 ], "autoUv": false },
						"up": { "texture": "#clay", "uv": [ 0.0, 15.0, 1.0, 16.0 ], "autoUv": false },
						"down": { "texture": "#clay", "uv": [ 0.0, 15.0, 1.0, 16.0 ], "autoUv": false }
					}
				}
			]
		},
		{
			"name": "Cube22",
			"from": [ 9.7, 5.5, 10.1 ],
			"to": [ 10.7, 7.51, 14.1 ],
			"rotationOrigin": [ 10.3, 5.5, 10.1 ],
			"rotationY": -180.0,
			"faces": {
				"north": { "texture": "#clay", "uv": [ 0.0, 15.0, 1.0, 16.0 ], "autoUv": false },
				"east": { "texture": "#clay", "uv": [ 0.0, 15.0, 4.0, 16.0 ], "autoUv": false },
				"south": { "texture": "#clay", "uv": [ 0.0, 15.0, 1.0, 16.0 ], "autoUv": false },
				"west": { "texture": "#clay", "uv": [ 0.0, 15.0, 4.0, 16.0 ], "autoUv": false },
				"up": { "texture": "#clay", "uv": [ 0.0, 15.0, 1.0, 16.0 ], "autoUv": false },
				"down": { "texture": "#clay", "uv": [ 0.0, 15.0, 1.0, 16.0 ], "autoUv": false }
			},
			"children": [
				{
					"name": "Cube23",
					"from": [ 0.05, 0.0, 0.1 ],
					"to": [ 1.55, 2.0, 1.1 ],
					"rotationOrigin": [ 0.0, 0.0, 0.1 ],
					"rotationY": 45.0,
					"faces": {
						"north": { "texture": "#clay", "uv": [ 0.0, 15.0, 1.0, 16.0 ], "autoUv": false },
						"east": { "texture": "#clay", "uv": [ 0.0, 15.0, 1.0, 16.0 ], "autoUv": false },
						"south": { "texture": "#clay", "uv": [ 0.0, 15.0, 1.0, 16.0 ], "autoUv": false },
						"west": { "texture": "#clay", "uv": [ 0.0, 15.0, 1.0, 16.0 ], "autoUv": false },
						"up": { "texture": "#clay", "uv": [ 0.0, 15.0, 1.0, 16.0 ], "autoUv": false },
						"down": { "texture": "#clay", "uv": [ 0.0, 15.0, 1.0, 16.0 ], "autoUv": false }
					}
				},
				{
					"name": "Cube18",
					"from": [ 0.94, 0.01, 5.04 ],
					"to": [ 1.94, 2.03, 9.14 ],
					"rotationOrigin": [ 0.9414, 0.0, 5.0414 ],
					"rotationY": 89.972,
					"faces": {
						"north": { "texture": "#clay", "uv": [ 0.0, 15.0, 1.0, 16.0 ], "autoUv": false },
						"east": { "texture": "#clay", "uv": [ 0.0, 15.0, 2.0, 16.0 ], "autoUv": false },
						"south": { "texture": "#clay", "uv": [ 0.0, 15.0, 1.0, 16.0 ], "autoUv": false },
						"west": { "texture": "#clay", "uv": [ 0.0, 15.0, 1.0, 16.0 ], "autoUv": false },
						"up": { "texture": "#clay", "uv": [ 0.0, 15.0, 1.0, 16.0 ], "autoUv": false },
						"down": { "texture": "#clay", "uv": [ 0.0, 15.0, 1.0, 16.0 ], "autoUv": false }
					}
				}
			]
		},
		{
			"name": "Cube24",
			"from": [ 9.45, 5.5, 6.1 ],
			"to": [ 10.95, 7.5, 7.1 ],
			"rotationOrigin": [ 10.9, 5.5, 6.1 ],
			"rotationY": -47.0,
			"faces": {
				"north": { "texture": "#clay", "uv": [ 0.0, 15.0, 1.0, 16.0 ], "autoUv": false },
				"east": { "texture": "#clay", "uv": [ 0.0, 15.0, 1.0, 16.0 ], "autoUv": false },
				"south": { "texture": "#clay", "uv": [ 0.0, 15.0, 1.0, 16.0 ], "autoUv": false },
				"west": { "texture": "#clay", "uv": [ 0.0, 15.0, 1.0, 16.0 ], "autoUv": false },
				"up": { "texture": "#clay", "uv": [ 0.0, 15.0, 1.0, 16.0 ], "autoUv": false },
				"down": { "texture": "#clay", "uv": [ 0.0, 15.0, 1.0, 16.0 ], "autoUv": false }
			}
		},
		{
			"name": "Cube20",
			"from": [ 4.6, 5.5, 5.9 ],
			"to": [ 6.1, 7.5, 6.9 ],
			"rotationOrigin": [ 4.7, 5.5, 5.9 ],
			"rotationY": 35.5,
			"faces": {
				"north": { "texture": "#clay", "uv": [ 0.0, 15.0, 1.0, 16.0 ], "autoUv": false },
				"east": { "texture": "#clay", "uv": [ 0.0, 15.0, 1.0, 16.0 ], "autoUv": false },
				"south": { "texture": "#clay", "uv": [ 0.0, 15.0, 1.0, 16.0 ], "autoUv": false },
				"west": { "texture": "#clay", "uv": [ 0.0, 15.0, 1.0, 16.0 ], "autoUv": false },
				"up": { "texture": "#clay", "uv": [ 0.0, 15.0, 1.0, 16.0 ], "autoUv": false },
				"down": { "texture": "#clay", "uv": [ 0.0, 15.0, 1.0, 16.0 ], "autoUv": false }
			}
		},
		{
			"name": "Cube9",
			"from": [ 4.6, 5.5, 6.0 ],
			"to": [ 5.6, 7.51, 10.0 ],
			"rotationOrigin": [ 4.6, 5.5, 6.0 ],
			"faces": {
				"north": { "texture": "#clay", "uv": [ 0.0, 15.0, 1.0, 16.0 ], "autoUv": false },
				"east": { "texture": "#clay", "uv": [ 0.0, 15.0, 4.0, 16.0 ], "autoUv": false },
				"south": { "texture": "#clay", "uv": [ 0.0, 15.0, 1.0, 16.0 ], "autoUv": false },
				"west": { "texture": "#clay", "uv": [ 0.0, 15.0, 4.0, 16.0 ], "autoUv": false },
				"up": { "texture": "#clay", "uv": [ 0.0, 15.0, 1.0, 16.0 ], "autoUv": false },
				"down": { "texture": "#clay", "uv": [ 0.0, 15.0, 1.0, 16.0 ], "autoUv": false }
			}
		},
		{
			"name": "Cube19",
			"from": [ 10.8646, 5.0, 5.04 ],
			"to": [ 11.8646, 6.0, 6.04 ],
			"rotationOrigin": [ 10.8646, 5.1, 5.0354 ],
			"rotationX": -180.0,
			"rotationY": -89.9802,
			"rotationZ": -180.0,
			"faces": {
				"north": { "texture": "#clay", "uv": [ 0.0, 15.0, 1.0, 16.0 ], "autoUv": false },
				"east": { "texture": "#clay", "uv": [ 0.0, 15.0, 1.0, 16.0 ] },
				"south": { "texture": "#clay", "uv": [ 0.0, 15.0, 1.0, 16.0 ] },
				"west": { "texture": "#clay", "uv": [ 0.0, 15.0, 1.0, 16.0 ] },
				"up": { "texture": "#clay", "uv": [ 0.0, 15.0, 1.0, 16.0 ] },
				"down": { "texture": "#clay", "uv": [ 0.0, 15.0, 1.0, 16.0 ] }
			}
		},
		{
			"name": "Cube16",
			"from": [ 10.8658, 5.0, 10.035 ],
			"to": [ 11.8658, 6.0, 11.035 ],
			"rotationOrigin": [ 10.8646, 5.1, 10.0354 ],
			"rotationX": -132.5635,
			"rotationY": -89.9802,
			"rotationZ": -132.5635,
			"faces": {
				"north": { "texture": "#clay", "uv": [ 0.0, 15.0, 1.0, 16.0 ], "autoUv": false },
				"east": { "texture": "#clay", "uv": [ 0.0, 15.0, 1.0, 16.0 ] },
				"south": { "texture": "#clay", "uv": [ 0.0, 15.0, 1.0, 16.0 ] },
				"west": { "texture": "#clay", "uv": [ 0.0, 15.0, 1.0, 16.0 ] },
				"up": { "texture": "#clay", "uv": [ 0.0, 15.0, 1.0, 16.0 ] },
				"down": { "texture": "#clay", "uv": [ 0.0, 15.0, 1.0, 16.0 ] }
			}
		},
		{
			"name": "Cube25",
			"from": [ 5.85, 5.0, 4.98 ],
			"to": [ 6.85, 6.0, 5.98 ],
			"rotationOrigin": [ 5.8646, 5.1, 4.9354 ],
			"rotationX": -180.0,
			"rotationY": -89.9802,
			"rotationZ": -180.0,
			"faces": {
				"north": { "texture": "#clay", "uv": [ 0.0, 15.0, 1.0, 16.0 ], "autoUv": false },
				"east": { "texture": "#clay", "uv": [ 0.0, 15.0, 1.0, 16.0 ] },
				"south": { "texture": "#clay", "uv": [ 0.0, 15.0, 1.0, 16.0 ] },
				"west": { "texture": "#clay", "uv": [ 0.0, 15.0, 1.0, 16.0 ] },
				"up": { "texture": "#clay", "uv": [ 0.0, 15.0, 1.0, 16.0 ] },
				"down": { "texture": "#clay", "uv": [ 0.0, 15.0, 1.0, 16.0 ] }
			}
		},
		{
			"name": "Cube26",
			"from": [ 5.86, 5.0, 9.94 ],
			"to": [ 6.96, 6.0, 11.04 ],
			"rotationOrigin": [ 5.8646, 5.1, 9.9354 ],
			"rotationX": -180.0,
			"rotationY": -89.9802,
			"rotationZ": -180.0,
			"faces": {
				"north": { "texture": "#clay", "uv": [ 0.0, 15.0, 1.0, 16.0 ], "autoUv": false },
				"east": { "texture": "#clay", "uv": [ 0.0, 15.0, 1.0, 16.0 ] },
				"south": { "texture": "#clay", "uv": [ 0.0, 15.0, 1.0, 16.0 ] },
				"west": { "texture": "#clay", "uv": [ 0.0, 15.0, 1.0, 16.0 ] },
				"up": { "texture": "#clay", "uv": [ 0.0, 15.0, 1.0, 16.0 ] },
				"down": { "texture": "#clay", "uv": [ 0.0, 15.0, 1.0, 16.0 ] }
			}
		}
	]}