{
    "inheritFrom": "game:blocktypes/metal/chute-straight",
    "code": "chute",
    "behaviors": [
        { "name": "VanillaVariants.BlockName",
            "properties": {
                "partsByType": {
                    "@.*-(uranium|platinum).*": ["block-chute-straight-*", " (", "ore-{metal}", ")"],
                    "*": ["block-chute-straight-*", " (", "material-{metal}", ")"] } } },
        { "name": "VanillaVariants.ItemFlowDescription" },
        { "name": "Lockable" },
        { "name": "WrenchOrientable", "properties": { "baseCode": "chute-{metal}-{type}" } }
    ],
    "attributes": {
        "handbook": {
            "groupBy": ["chute-*-{type}-*"]
            // "extraSections": [{ "title": "game:block-handbooktitle-chute-*", "text": "game:block-handbooktext-chute-*" }]
        },
        "configurableChute": true,
        "configurableName": "chute",
        "configurableType": "metal",
        "pullFacesByType": {
            "*-ud": ["up"]
        },
        "pushFacesByType": {
            "*-ud": ["down"],
            "*-ns": ["north", "south"],
            "*-we": ["west", "east"]
        },
        "acceptFromFacesByType": {
            "*-ns": ["north", "south"],
            "*-we": ["west", "east"]
        },
        "item-flowrate": 1,
        "inventoryClassName": "chute",
        "quantitySlots": 1
    },
    "variantgroups": [
        { "code": "metal", "loadFromProperties": "block/metal" },
        { "code": "type", "states": ["straight"] },
        { "code": "side", "states": ["ns", "we", "ud"] }
    ],
    "skipVariants": ["*-copper-*"],
    "creativeinventory": {
        "general": ["*-ns"],
        "mechanics": ["*-ns"],
        "vanvar": ["*-ns"]
    },
    "shapeinventory": { "base": "game:block/metal/chute/{type}", "rotateY": 90 },
    "shapebytype": {
        "*-ud": { "base": "game:block/metal/chute/{type}", "rotateZ": 90 },
        "*-ns": { "base": "game:block/metal/chute/{type}", "rotateY": 90 },
        "*-we": { "base": "game:block/metal/chute/{type}", "rotateY": 0 }
    },
    "textures": { "all": { "base": "game:block/metal/sheet/{metal}1" } },
    "sounds": {
        "place": "game:block/chute",
        "break": "game:block/chute",
        "hit": "game:block/chute",
        "walk": "game:game:walk/stone"
    }
}
