{
    "inheritFrom": "game:blocktypes/metal/chute-t",
    "code": "chute",
    "behaviors": [
        { "name": "VanillaVariants.BlockName",
            "properties": {
                "partsByType": {
                    "@.*-(uranium|platinum).*": ["block-chute-t-*", " (", "ore-{metal}", ")"],
                    "*": ["block-chute-t-*", " (", "material-{metal}", ")"] } } },
        { "name": "VanillaVariants.ItemFlowDescription" },
        { "name": "Lockable" },
        { "name": "WrenchOrientable", "properties": { "baseCode": "chute-{metal}-{type}" } }
    ],
    "attributes": {
        "handbook": {
            "groupBy": ["chute-*-{type}-*"]
            // "extraSections": [{ "title": "game:block-handbooktitle-chute-*", "text": "game:block-handbooktext-chute-*" }]
        },
        "configurableChute": true,
        "configurableName": "chute",
        "configurableType": "metal",
        "pullFacesByType": {
            "*-t-ns": ["up"],
            "*-t-we": ["up"],
            "*-t-ud-n": ["up", "south"],
            "*-t-ud-e": ["up", "west"],
            "*-t-ud-s": ["up", "north"],
            "*-t-ud-w": ["up", "east"]
        },
        "acceptFromFacesByType": {
            "*-t-ns": ["north", "south"],
            "*-t-we": ["west", "east"]
        },
        "pushFacesByType": {
            "*-t-ns": ["north", "south"],
            "*-t-we": ["west", "east"],
            "*-t-ud-*": ["down"]
        },
        "item-flowrate": 1,
        "inventoryClassName": "chute",
        "quantitySlots": 1
    },
    "variantgroups": [
        { "code": "metal", "loadFromProperties": "block/metal" },
        { "code": "type", "states": ["t"] },
        { "code": "side", "states": ["ns", "we", "ud-n", "ud-e", "ud-s", "ud-w"] }
    ],
    "skipVariants": ["*-copper-*"],
    "creativeinventory": {
        "general": ["*-ns"],
        "mechanics": ["*-ns"],
        "vanvar": ["*-ns"]
    },
    "shapeinventory": { "base": "game:block/metal/chute/{type}", "rotateY": 90 },
    "shapebytype": {
        "*-ud-n": { "base": "game:block/metal/chute/{type}", "rotateZ": 90, "rotateY": 90 },
        "*-ud-e": { "base": "game:block/metal/chute/{type}", "rotateZ": 90, "rotateY": 0 },
        "*-ud-s": { "base": "game:block/metal/chute/{type}", "rotateZ": 90, "rotateY": 270 },
        "*-ud-w": { "base": "game:block/metal/chute/{type}", "rotateZ": 90, "rotateY": 180 },
        "*-ns": { "base": "game:block/metal/chute/{type}", "rotateY": 90 },
        "*-we": { "base": "game:block/metal/chute/{type}", "rotateY": 0 }
    },
    "textures": { "all": { "base": "game:block/metal/sheet/{metal}1" } },
    "sounds": {
        "place": "game:block/chute",
        "break": "game:block/chute",
        "hit": "game:block/chute",
        "walk": "game:walk/stone"
    }
}
