{
    "inheritFrom": "game:blocktypes/metal/hopper",
    "code": "hopper",
    "behaviors": [
        { "name": "VanillaVariants.BlockName",
            "properties": {
                "partsByType": {
                    "@.*-(uranium|platinum).*": ["block-hopper", " (", "ore-{metal}", ")"],
                    "*": ["block-hopper", " (", "material-{metal}", ")"] } } },
        { "name": "VanillaVariants.ItemFlowDescription" },
        { "name": "Lockable" },
        { "name": "Container" }
    ],
    "attributes": {
        "handbook": { "groupBy": ["hopper-*"] },
        "configurableChute": true,
        "configurableName": "hopper",
        "configurableType": "metal",
        "pullFaces": [],
        "acceptFromFaces": ["up"],
        "pushFaces": ["down"]
    },
    "variantgroups": [{ "code": "metal", "loadFromProperties": "block/metal" }],
    "skipVariants": ["*-copper"],
    "creativeinventory": {
        "general": ["*"],
        "mechanics": ["*"],
        "vanvar": ["*"]
    },
    "shape": { "base": "game:block/metal/hopperh" },
    "textures": { "all": { "base": "game:block/metal/sheet/{metal}1" } },
    "sounds": {
        "place": "game:block/chute",
        "break": "game:block/chute",
        "hit": "game:block/chute",
        "walk": "game:walk/stone"
    }
}
