{
    "inheritFrom": "game:blocktypes/metal/suppportbeam",
    "code": "supportbeam",
    "behaviors": [
        { "name": "VanillaVariants.BlockName",
            "properties": {
                "partsByType": {
                    "@.*-(uranium|platinum)": ["vanvar:block-supportbeam", " (", "ore-{metal}", ")"],
                    "*": ["vanvar:block-supportbeam", " (", "material-{metal}", ")"] } } }
    ],
    "variantgroups": [{ "code": "metal", "loadFromProperties": "block/metal" }],
    "creativeinventory": {
        "general": ["*"],
        "construction": ["*"],
        "vanvar": ["*"]
    },
    "shape": { "base": "game:block/metal/beams/supportbeam/16" },
    "textures": {
        "material": {
            "baseByType": {
                "*-copper": "game:block/metal/ingot/{metal}",
                "*": "game:block/metal/ingot/{metal}"
            }
        }
    },
    "attributes": {
        "handbook": { "groupBy": ["supportbeam-*"] },
        "unstableRockStabilization": 3,
		"partialEnds": true
    },
    "blockmaterial": "Metal",
    "vertexFlags": {
        "reflective": true,
        "windData": 1
    },
    "combustibleProps": null,
    "sounds": {
        "place": "game:block/anvil",
        "break": "game:block/anvil",
        "hit": "game:block/anvil",
        "walk": "game:walk/stone1"
    }
}
