[
{
    "file": "ancientarmory:itemtypes/extraswords.json",
    "op": "remove",
    "path": "/heldTpHitAnimationByType",
    "side": "Server",
    "dependsOn": [
			{"modid": "ancientarmory"},  
			{"modid": "combatoverhaul"},
      {"modid": "armory",
       "invert": true
      }
		]
  },
  {
    "file": "ancientarmory:itemtypes/extraswords.json",
    "op": "remove",
    "path": "/heldTpIdleAnimationByType",
    "side": "Server",
    "dependsOn": [
			{"modid": "ancientarmory"},  
			{"modid": "combatoverhaul"},
      {"modid": "armory",
       "invert": true
      }
		]
  },
  {
    "file": "ancientarmory:itemtypes/extraswords.json",
    "op": "remove",
    "path": "/behaviors/1",
    "side": "Server",
    "dependsOn": [
			{"modid": "ancientarmory"},  
			{"modid": "combatoverhaul"},
      {"modid": "armory",
       "invert": true
      }
		]
  },
  {
    "file": "ancientarmory:itemtypes/extraswords.json",
    "op": "remove",
    "path": "/fpHandTransformByType",
    "side": "Server",
    "dependsOn": [
			{"modid": "ancientarmory"},  
			{"modid": "combatoverhaul"},
      {"modid": "armory",
       "invert": true
      }
		]
  },
  {
    "file": "ancientarmory:itemtypes/extraswords.json",
    "op": "remove",
    "path": "/attackRangeByType",
    "side": "Server",
    "dependsOn": [
			{"modid": "ancientarmory"},  
			{"modid": "combatoverhaul"},
      {"modid": "armory",
       "invert": true
      }
		]
  },
  {
    "file": "ancientarmory:itemtypes/extraswords.json",
    "op": "remove",
    "path": "/toolTierByType",
    "side": "Server",
    "dependsOn": [
			{"modid": "ancientarmory"},  
			{"modid": "combatoverhaul"},
      {"modid": "armory",
       "invert": true
      }
		]
  },
  {
    "file": "ancientarmory:itemtypes/extraswords.json",
    "op": "remove",
    "path": "/attackPowerByType",
    "side": "Server",
    "dependsOn": [
			{"modid": "ancientarmory"},  
			{"modid": "combatoverhaul"},
      {"modid": "armory",
       "invert": true
      }
		]
  },
  {
    "file": "ancientarmory:itemtypes/extraswords.json",
    "op": "replace",
    "path": "/tpHandTransformByType",
    "value": {     
        "*-longsword-*": {
            "translation": { "x": -0.72, "y": 0.15, "z": -0.85 },
            "rotation": { "x": 85, "y": 0, "z": 2 },
            "origin": { "x": 0.46, "y": -0.11, "z": 0.43 },
            "scale": 0.57
        },
        "*-falchion-*": {
            "translation": { "x": -0.72, "y": 0.15, "z": -0.85 },
            "rotation": { "x": 85, "y": 0, "z": 2 },
            "origin": { "x": 0.46, "y": -0.11, "z": 0.43 },
            "scale": 0.57
        }
      },
    "side": "Server",
    "dependsOn": [
			{"modid": "ancientarmory"},  
			{"modid": "combatoverhaul"},
      {"modid": "armory",
       "invert": true
      }
		]
  },
  {
  	"file": "ancientarmory:itemtypes/extraswords.json",
  	"op": "add",
  	"path": "/class",
  	"value": "CombatOverhaul:MeleeWeapon",
  	"side": "Server",
    "dependsOn": [
			{"modid": "ancientarmory"},  
			{"modid": "combatoverhaul"},
      {"modid": "armory",
       "invert": true
      }
		]
  },
  {
    "file": "ancientarmory:itemtypes/extraswords.json",
    "op": "addmerge",
    "path": "/attributes",
    "value": {
      "ProficiencyStatByType": {
        "*-longsword-*": "twoHandedSwordsProficiency",
        "*-falchion-*": "oneHandedSwordsProficiency"
      },
      "RenderingOffset": false,
    "TwoHandedStanceByType": {
        "*-longsword-*": {
        "CanAttack": true,
        "CanParry": true,
        "CanBlock": false,
        "CanSprint": true,
        "Attack": {
          "StopOnTerrainHit": true,
          "StopOnEntityHit": true,
          "CollideWithTerrain": true,
          "MaxReach": 9,
          "DamageTypesByType": {
            "*-*bronze": [{ "Damage": { "DamageType": "SlashingAttack", "Tier": 3, "Damage": 5.5 }, "Knockback": 1, "DurabilityDamage": 1, "Collider": [0.5, 0, 0.5, 2.8, 0, 0.5] }],
            "*-iron": [{ "Damage": { "DamageType": "SlashingAttack", "Tier": 4, "Damage": 6 }, "Knockback": 1, "DurabilityDamage": 1, "Collider": [0.5, -0.05, 0.5, 3, -0.05, 0.5] }],
            "*-meteoriciron": [{ "Damage": { "DamageType": "SlashingAttack", "Tier": 5, "Damage": 6 }, "Knockback": 1, "DurabilityDamage": 1, "Collider": [0.5, -0.05, 0.5, 3, -0.05, 0.5] }],
            "*-steel": [{ "Damage": { "DamageType": "SlashingAttack", "Tier": 6, "Damage": 6.5 }, "Knockback": 1, "DurabilityDamage": 1, "Collider": [0.5, 0, 0.5, 3.1, 0, 0.5] }]
          }
        },
        "AttackHitSound": "game:sounds/thud",
        "AttackDirectionsType": "Square",
        "AttackAnimation": {
            "Top": ["combatoverhaul:sword-long-slash-2h-top"],
            "Left": ["combatoverhaul:sword-long-slash-2h-left"],
            "Right": ["combatoverhaul:sword-long-slash-2h-right"],
            "Bottom": ["combatoverhaul:sword-long-thrust-2h"]
        },
        "TpAttackAnimation": {
          "Top": "combatoverhaul-falx-slash",
          "Left": "combatoverhaul-falx-slash",
          "Right": "combatoverhaul-falx-slash",
          "Bottom": "combatoverhaul-falx-slash"
        },
        "SpeedPenalty": 0,
        "BlockSpeedPenalty": 0,
        "Parry": {
          "Zones": ["Head", "Face", "Neck", "Torso", "LeftArm", "RightArm", "LeftHand", "RightHand", "LeftLeg", "RightLeg", "LeftFoot", "RightFoot"],
          "Directions": [90, 90, 90, 90],
          "Sound": "game:sounds/held/shieldblock-metal-heavy",
          "BlockTier": {
            "BluntAttack": 9,
            "SlashingAttack": 9,
            "PiercingAttack": 9
          },
          "CanBlockProjectiles": false
        },
        "BlockCooldownMs": 300,
        "BlockAnimation": "combatoverhaul:sword-long-parry-2h",
        "ReadyAnimation": "combatoverhaul:sword-long-ready",
        "IdleAnimation": "combatoverhaul:sword-great-idle-1h",
        "AttackTpAnimation": "falx"
        }
    },
    "OneHandedStanceByType": {
        "*-longsword-*": {
        "CanAttack": true,
        "CanParry": true,
        "CanBlock": false,
        "CanSprint": true,
        "Attack": {
          "StopOnTerrainHit": true,
          "StopOnEntityHit": true,
          "CollideWithTerrain": true,
          "MaxReach": 8,
          "DamageTypesByType": {
            "*-*bronze": [{ "Damage": { "DamageType": "SlashingAttack", "Tier": 3, "Damage": 4.5 }, "Knockback": 1, "DurabilityDamage": 1, "Collider": [0.5, 0, 0.5, 2.8, 0, 0.5] }],
            "*-iron": [{ "Damage": { "DamageType": "SlashingAttack", "Tier": 4, "Damage": 5 }, "Knockback": 1, "DurabilityDamage": 1, "Collider": [0.5, -0.05, 0.5, 3, -0.05, 0.5] }],
            "*-meteoriciron": [{ "Damage": { "DamageType": "SlashingAttack", "Tier": 5, "Damage": 5 }, "Knockback": 1, "DurabilityDamage": 1, "Collider": [0.5, -0.05, 0.5, 3, -0.05, 0.5] }],
            "*-steel": [{ "Damage": { "DamageType": "SlashingAttack", "Tier": 6, "Damage": 5.5 }, "Knockback": 1, "DurabilityDamage": 1, "Collider": [0.5, 0, 0.5, 3.1, 0, 0.5] }]
          }
        },
        "AttackHitSound": "game:sounds/thud",
        "AttackDirectionsType": "Square",
        "AttackAnimation": {
            "Top": ["combatoverhaul:sword-great-slash-2h-top"],
            "Left": ["combatoverhaul:sword-great-slash-2h-left"],
            "Right": ["combatoverhaul:sword-great-slash-2h-right"],
            "Bottom": ["combatoverhaul:sword-long-thrust-2h"]
        },
        "TpAttackAnimation": {
          "Top": "combatoverhaul-falx-slash",
          "Left": "combatoverhaul-falx-slash",
          "Right": "combatoverhaul-falx-slash",
          "Bottom": "combatoverhaul-falx-slash"
        },
        "SpeedPenalty": 0,
        "BlockSpeedPenalty": 0,
        "Parry": {
          "Zones": ["Head", "Face", "Neck", "Torso", "LeftArm", "RightArm", "LeftHand", "RightHand", "LeftLeg", "RightLeg", "LeftFoot", "RightFoot"],
          "Directions": [90, 90, 90, 90],
          "Sound": "game:sounds/held/shieldblock-metal-heavy",
          "BlockTier": {
            "BluntAttack": 9,
            "SlashingAttack": 9,
            "PiercingAttack": 9
          },
          "CanBlockProjectiles": false
        },
        "BlockCooldownMs": 300,
        "BlockAnimation": "combatoverhaul:sword-short-parry",
        "ReadyAnimation": "combatoverhaul:sword-ready-idle",
        "IdleAnimation": "combatoverhaul:aa-sword-long-idle-1h"
      },
      "*-falchion-*": {
        "CanAttack": true,
        "CanParry": true,
        "CanBlock": false,
        "CanSprint": true,
        "Attack": {
          "StopOnTerrainHit": true,
          "StopOnEntityHit": true,
          "CollideWithTerrain": true,
          "MaxReach": 8,
          "DamageTypesByType": {
            "*-*bronze": [{ "Damage": { "DamageType": "SlashingAttack", "Tier": 3, "Damage": 5 }, "Knockback": 1, "DurabilityDamage": 1, "Collider": [0.5, 0, 0.5, 2.8, 0, 0.5] }],
            "*-iron": [{ "Damage": { "DamageType": "SlashingAttack", "Tier": 4, "Damage": 5.5 }, "Knockback": 1, "DurabilityDamage": 1, "Collider": [0.5, -0.05, 0.5, 3, -0.05, 0.5] }],
            "*-meteoriciron": [{ "Damage": { "DamageType": "SlashingAttack", "Tier": 5, "Damage": 5.5 }, "Knockback": 1, "DurabilityDamage": 1, "Collider": [0.5, -0.05, 0.5, 3, -0.05, 0.5] }],
            "*-steel": [{ "Damage": { "DamageType": "SlashingAttack", "Tier": 6, "Damage": 6 }, "Knockback": 1, "DurabilityDamage": 1, "Collider": [0.5, 0, 0.5, 3.1, 0, 0.5] }]
          }
        },
        "AttackHitSound": "game:sounds/thud",
        "AttackDirectionsType": "Square",
        "AttackAnimation": {
            "Top": ["combatoverhaul:sword-long-slash-1h-top"],
            "Left": ["combatoverhaul:sword-long-slash-1h-left"],
            "Right": ["combatoverhaul:sword-long-slash-1h-right"],
            "Bottom": ["combatoverhaul:sword-long-thrust-1h-low-lefth"]
        },
        "TpAttackAnimation": {
          "Top": "combatoverhaul-falx-slash",
          "Left": "combatoverhaul-falx-slash",
          "Right": "combatoverhaul-falx-slash",
          "Bottom": "combatoverhaul-falx-slash"
        },
        "SpeedPenalty": 0,
        "BlockSpeedPenalty": 0,
        "Parry": {
          "Zones": ["Head", "Face", "Neck", "Torso", "LeftArm", "RightArm", "LeftHand", "RightHand", "LeftLeg", "RightLeg", "LeftFoot", "RightFoot"],
          "Directions": [90, 90, 90, 90],
          "Sound": "game:sounds/held/shieldblock-metal-heavy",
          "BlockTier": {
            "BluntAttack": 9,
            "SlashingAttack": 9,
            "PiercingAttack": 9
          },
          "CanBlockProjectiles": false
        },
        "BlockCooldownMs": 300,
        "BlockAnimation": "combatoverhaul:sword-short-parry",
        "ReadyAnimation": "combatoverhaul:sword-ready-idle",
        "IdleAnimation": "combatoverhaul:aa-sword-long-idle-1h"
      }
    }
    },
    "side": "Server",
    "dependsOn": [
			{"modid": "ancientarmory"},  
			{"modid": "combatoverhaul"},
      {"modid": "armory",
       "invert": true
      }
		]
  }
]