[
      {
      "file": "combatoverhaul:config/animations/melee/long-sword.json",
      "op": "replace",
      "path": "/sword-long-ready",
      "value": {
    "Hold": true,
    "PlayerKeyFrames": [
      {
        "EasingTime": 300,
        "EasingFunction": "Sin",
        "DetachedAnchor": false,
        "SwitchArms": false,
        "PitchFollow": false,
        "FOVMultiplier": 1,
        "BobbingAmplitude": 0.8,
        "Elements": {
          "ItemAnchor": [0, 0, 0, 0, 0, 14],
          "LowerArmR": [0, 0, 0, 0, 0, -53],
          "UpperArmR": [0, 0, 0, -26, 0, -59],
          "ItemAnchorL": [0, 0, 0, 0, 0, 0],
          "LowerArmL": [0, 0, 0, 0, 0, -19],
          "UpperArmL": [0, 0, 0, -21, -24, -73]
        }
      },
      {
        "EasingTime": 1500,
        "EasingFunction": "Sin",
        "DetachedAnchor": false,
        "SwitchArms": false,
        "PitchFollow": false,
        "FOVMultiplier": 1,
        "BobbingAmplitude": 0.8,
        "Elements": {
          "ItemAnchor": [0, 0, 0, 0, 0, 14],
          "LowerArmR": [0, 0, 0, 0, 0, -53],
          "UpperArmR": [0, 0, 0, -26, 0, -59],
          "ItemAnchorL": [0, 0, 0, 0, 0, 0],
          "LowerArmL": [0, 0, 0, 0, 0, -19],
          "UpperArmL": [0, 0, 0, -21, -24, -73]
        }
      }
    ],
    "ItemKeyFrames": [],
    "SoundFrames": [],
    "ParticlesFrames": [],
    "CallbackFrames": [],
    "ItemAnimationStart": 0,
    "ItemAnimationEnd": 0
      },
      "dependsOn": [
        {"modid": "ancientarmory"},  
        {"modid": "combatoverhaul"},
        {"modid": "armory",
        "invert": true
        }
      ]
    },
      {
      "file": "combatoverhaul:config/animations/melee/long-sword.json",
      "op": "add",
      "path": "/sword-ready-idle",
      "value": {
    "Hold": true,
    "PlayerKeyFrames": [
      {
        "EasingTime": 400,
        "EasingFunction": "Sin",
        "DetachedAnchor": false,
        "SwitchArms": false,
        "PitchFollow": false,
        "FOVMultiplier": 1,
        "BobbingAmplitude": 1,
        "Elements": {"ItemAnchor": [0, 0, 0, 0, 0, 14], "LowerArmR": [0, 0, 0, -8, -8, -70], "UpperArmR": [0, 0, 0, 0, -5, -30]}
      },
      {
        "EasingTime": 2000,
        "EasingFunction": "Sin",
        "DetachedAnchor": false,
        "SwitchArms": false,
        "PitchFollow": false,
        "FOVMultiplier": 1,
        "BobbingAmplitude": 1,
        "Elements": {"ItemAnchor": [0, 0, 0, 0, 0, 14], "LowerArmR": [0, 0, 0, -8, -8, -70], "UpperArmR": [0, 0, 0, 0, -5, -30]}
      }
    ],
    "ItemKeyFrames": [],
    "SoundFrames": [],
    "ParticlesFrames": [],
    "CallbackFrames": [],
    "ItemAnimationStart": 0,
    "ItemAnimationEnd": 0
      },
      "dependsOn": [
        {"modid": "ancientarmory"},  
        {"modid": "combatoverhaul"},
        {"modid": "armory",
        "invert": true
        }
      ]
    },
    {
    "file": "combatoverhaul:config/animations/melee/long-sword.json",
    "op": "add",
    "path": "/aa-sword-long-idle-1h",
    "value": {
    "Hold": false,
    "PlayerKeyFrames": [
      {
        "EasingTime": 400,
        "EasingFunction": "Sin",
        "DetachedAnchor": false,
        "SwitchArms": false,
        "PitchFollow": false,
        "FOVMultiplier": 1,
        "BobbingAmplitude": 1,
        "Elements": {"ItemAnchor": [0, 0, 0, 0, 0, 14], "LowerArmR": [0, 0, 0, -8, -8, -70], "UpperArmR": [0, 0, 0, 0, -5, -30]}
      },
      {
        "EasingTime": 3000,
        "EasingFunction": "Sin",
        "DetachedAnchor": false,
        "SwitchArms": false,
        "PitchFollow": false,
        "FOVMultiplier": 1,
        "BobbingAmplitude": 1,
        "Elements": {"ItemAnchor": [0, 0, 0, 0, 0, 14], "LowerArmR": [0, 0, 0, -8, -8, -70], "UpperArmR": [0, 0, 0, 0, -5, -30]}
      },
      {
        "EasingTime": 3400,
        "EasingFunction": "Sin",
        "DetachedAnchor": false,
        "SwitchArms": false,
        "PitchFollow": false,
        "FOVMultiplier": 1,
        "BobbingAmplitude": 1,
        "Elements": {"ItemAnchor": [0, 0, 0, 0, 0, 8], "LowerArmR": [0, 0, 0, -8, -18, -55], "UpperArmR": [0, 0, 0, 2, 0, -20]}
      }
    ],
    "ItemKeyFrames": [],
    "SoundFrames": [],
    "ParticlesFrames": [],
    "CallbackFrames": [],
    "ItemAnimationStart": 0,
    "ItemAnimationEnd": 0
    },
    "dependsOn": [
			{"modid": "ancientarmory"},  
			{"modid": "combatoverhaul"},
      {"modid": "armory",
       "invert": true
      }
		]
  },
      {
    "file": "combatoverhaul:config/animations/melee/long-sword.json",
    "op": "add",
    "path": "/aa-axe-idle-1h",
    "value": {
    "Hold": false,
    "PlayerKeyFrames": [
      {
        "EasingTime": 300,
        "EasingFunction": "Sin",
        "DetachedAnchor": false,
        "SwitchArms": false,
        "PitchFollow": false,
        "FOVMultiplier": 1,
        "BobbingAmplitude": 0.8,
        "Elements": {
          "ItemAnchor": [0, 0, 0, 0, 0, 14],
          "LowerArmR": [0, 0, 0, 0, 0, -53],
          "UpperArmR": [0, 0, 0, -26, 0, -59],
          "ItemAnchorL": [0, 0, 0, 0, 0, 0],
          "LowerArmL": [0, 0, 0, 0, 0, -19],
          "UpperArmL": [0, 0, 0, -21, -24, -73]
        }
      },
      {
        "EasingTime": 3000,
        "EasingFunction": "Sin",
        "DetachedAnchor": false,
        "SwitchArms": false,
        "PitchFollow": false,
        "FOVMultiplier": 1,
        "BobbingAmplitude": 0.8,
        "Elements": {
          "ItemAnchor": [0, 0, 0, 0, 0, 14],
          "LowerArmR": [0, 0, 0, 0, 0, -53],
          "UpperArmR": [0, 0, 0, -26, 0, -59],
          "ItemAnchorL": [0, 0, 0, 0, 0, 0],
          "LowerArmL": [0, 0, 0, 0, 0, -19],
          "UpperArmL": [0, 0, 0, -21, -24, -73]
        }
      },
      {
        "EasingTime": 3400,
        "EasingFunction": "Sin",
        "DetachedAnchor": false,
        "SwitchArms": false,
        "PitchFollow": false,
        "FOVMultiplier": 1,
        "BobbingAmplitude": 1,
        "Elements": {"ItemAnchor": [0, 0, 0, 29, -37, -37], "LowerArmR": [0, 0, 0, 0, 0, -70], "UpperArmR": [0, 0, 0, 0, 0, -23]}
      }
    ],
    "ItemKeyFrames": [],
    "SoundFrames": [],
    "ParticlesFrames": [],
    "CallbackFrames": [],
    "ItemAnimationStart": 0,
    "ItemAnimationEnd": 0
    },
    "dependsOn": [
			{"modid": "ancientarmory"},  
			{"modid": "combatoverhaul"},
      {"modid": "armory",
       "invert": true
      }
		]
  },
  {
    "file": "combatoverhaul:config/animations/melee/long-sword.json",
    "op": "add",
    "path": "/sword-long-slash-1h-left",
    "value": {
    "Hold": false,
    "PlayerKeyFrames": [
      {
        "EasingTime": 100,
        "EasingFunction": "Sin",
        "DetachedAnchor": false,
        "SwitchArms": false,
        "PitchFollow": true,
        "PitchDontFollow": false,
        "FOVMultiplier": 1,
        "BobbingAmplitude": 1,
        "Elements": {
          "ItemAnchor": [0, 0, 0, 7, 10, 31],
          "LowerArmR": [0, 0, 0, 20, 24, -39],
          "UpperArmR": [1.6, 0, 1.6, 43, 28, -95.2],
          "ItemAnchorL": [0, 0, 0, 0, 0, 14], 
          "LowerArmL": [0, 0, 0, -8, -8, -45], 
          "UpperArmL": [0, 0, 0, 0, -5, -20]
        }
      },
      {
        "EasingTime": 400,
        "EasingFunction": "Quintic",
        "DetachedAnchor": false,
        "SwitchArms": false,
        "PitchFollow": true,
        "PitchDontFollow": false,
        "FOVMultiplier": 1,
        "BobbingAmplitude": 1,
        "Elements": {
          "ItemAnchor": [0, 0, 0, 21, 9, 31],
          "LowerArmR": [0, 0, 0, 24, 0, 0],
          "UpperArmR": [1.6, 0, 0, 63, 8, -57.2],
          "ItemAnchorL": [0, 0, 0, 0, 0, 14], 
          "LowerArmL": [0, 0, 0, -8, -8, -25], 
          "UpperArmL": [0, 0, 0, 0, -5, -10]
        }
      },
      {
        "EasingTime": 600,
        "EasingFunction": "Sin",
        "DetachedAnchor": false,
        "SwitchArms": false,
        "PitchFollow": true,
        "PitchDontFollow": false,
        "FOVMultiplier": 1,
        "BobbingAmplitude": 1,
        "Elements": {
          "ItemAnchor": [0, 0, 0, 0, 0, 81],
          "LowerArmR": [0, 0, 0, 33, 0, 12],
          "UpperArmR": [1.6, 0, 0, 63, 11, -55.2],
          "ItemAnchorL": [0, 0, 0, 0, 0, 14], 
          "LowerArmL": [0, 0, 0, -8, -8, -25], 
          "UpperArmL": [0, 0, 0, 0, -5, -10]
        }
      },
      {
        "EasingTime": 900,
        "EasingFunction": "Sin",
        "DetachedAnchor": false,
        "SwitchArms": false,
        "PitchFollow": true,
        "PitchDontFollow": false,
        "FOVMultiplier": 1,
        "BobbingAmplitude": 1,
        "Elements": {
          "ItemAnchor": [0, 0, 0, -9, -11, 8],
          "LowerArmR": [0, 0, 0, 0, 0, -34],
          "UpperArmR": [0, 0, 0, -16, -23, -41],
          "ItemAnchorL": [0, 0, 0, 0, 0, 14], 
          "LowerArmL": [0, 0, 0, -8, -8, -15], 
          "UpperArmL": [0, 0, 0, 0, -5, -5]
        }
      }
    ],
    "ItemKeyFrames": [],
    "SoundFrames": [
      {
        "Code": ["game:sounds/player/strike1", "game:sounds/player/strike2"],
        "DurationFraction": 0.083333336,
        "RandomizePitch": true,
        "Range": 16,
        "Volume": 0.5,
        "Synchronize": true
      }
    ],
    "ParticlesFrames": [],
    "CallbackFrames": [{"Code": "start", "DurationFraction": 0.11111111}, {"Code": "stop", "DurationFraction": 0.6666667}, {"Code": "ready", "DurationFraction": 0.8333333}],
    "ItemAnimationStart": 0,
    "ItemAnimationEnd": 0
    },
    "dependsOn": [
			{"modid": "ancientarmory"},  
			{"modid": "combatoverhaul"},
      {"modid": "armory",
       "invert": true
      }
		]
  },
    {
    "file": "combatoverhaul:config/animations/melee/long-sword.json",
    "op": "add",
    "path": "/sword-long-slash-1h-right",
    "value": {
    "Hold": false,
    "PlayerKeyFrames": [
      {
        "EasingTime": 100,
        "EasingFunction": "Sin",
        "DetachedAnchor": false,
        "SwitchArms": false,
        "PitchFollow": true,
        "PitchDontFollow": false,
        "FOVMultiplier": 1,
        "BobbingAmplitude": 1,
        "Elements": {
          "ItemAnchor": [0, 0, 0, 0, -30, 6],
          "LowerArmR": [0, 0, 0, -28, -40, -30],
          "UpperArmR": [1.6, 0, 0, -11, -32, -84.2],
          "ItemAnchorL": [0, 0, 0, 0, 0, 14], 
          "LowerArmL": [0, 0, 0, -8, -8, -45], 
          "UpperArmL": [0, 0, 0, 0, -5, -20]
        }
      },
      {
        "EasingTime": 300,
        "EasingFunction": "Quintic",
        "DetachedAnchor": false,
        "SwitchArms": false,
        "PitchFollow": true,
        "PitchDontFollow": false,
        "FOVMultiplier": 1,
        "BobbingAmplitude": 1,
        "Elements": {
          "ItemAnchor": [0, 0, 0, 0, -30, 53],
          "LowerArmR": [0, 0, 0, -28, -40, -20],
          "UpperArmR": [1.6, 0, 0, -5, 17, -80.2],
          "ItemAnchorL": [0, 0, 0, 0, 0, 14], 
          "LowerArmL": [0, 0, 0, -8, -8, -25], 
          "UpperArmL": [0, 0, 0, 0, -5, -10]
        }
      },
      {
        "EasingTime": 600,
        "EasingFunction": "Sin",
        "DetachedAnchor": false,
        "SwitchArms": false,
        "PitchFollow": true,
        "PitchDontFollow": false,
        "FOVMultiplier": 1,
        "BobbingAmplitude": 1,
        "Elements": {
          "ItemAnchor": [0, 0, 0, 0, -30, 81],
          "LowerArmR": [0, 0, 0, -28, -40, -24],
          "UpperArmR": [1.6, 0, 0, -5, 47, -79.2],
          "ItemAnchorL": [0, 0, 0, 0, 0, 14], 
          "LowerArmL": [0, 0, 0, -8, -8, -25], 
          "UpperArmL": [0, 0, 0, 0, -5, -10]
        }
      },
      {
        "EasingTime": 900,
        "EasingFunction": "Sin",
        "DetachedAnchor": false,
        "SwitchArms": false,
        "PitchFollow": true,
        "PitchDontFollow": false,
        "FOVMultiplier": 1,
        "BobbingAmplitude": 1,
        "Elements": {
          "ItemAnchor": [0, 0, 0, -9, -11, 8],
          "LowerArmR": [0, 0, 0, 0, 0, -34],
          "UpperArmR": [0, 0, 0, -16, -23, -41],
          "ItemAnchorL": [0, 0, 0, 0, 0, 14], 
          "LowerArmL": [0, 0, 0, -8, -8, -15], 
          "UpperArmL": [0, 0, 0, 0, -5, -5]
        }
      }
    ],
    "ItemKeyFrames": [],
    "SoundFrames": [
      {
        "Code": ["game:sounds/player/strike1", "game:sounds/player/strike2"],
        "DurationFraction": 0.083333336,
        "RandomizePitch": true,
        "Range": 16,
        "Volume": 0.5,
        "Synchronize": true
      }
    ],
    "ParticlesFrames": [],
    "CallbackFrames": [{"Code": "start", "DurationFraction": 0.11111111}, {"Code": "stop", "DurationFraction": 0.6666667}, {"Code": "ready", "DurationFraction": 0.8333333}],
    "ItemAnimationStart": 0,
    "ItemAnimationEnd": 0
    },
    "dependsOn": [
			{"modid": "ancientarmory"},  
			{"modid": "combatoverhaul"},
      {"modid": "armory",
       "invert": true
      }
		]
  },
  {
    "file": "combatoverhaul:config/animations/melee/long-sword.json",
    "op": "add",
    "path": "/sword-long-slash-1h-top",
    "value": {
    "Hold": false,
    "PlayerKeyFrames": [
      {
        "EasingTime": 100,
        "EasingFunction": "Sin",
        "DetachedAnchor": false,
        "SwitchArms": false,
        "PitchFollow": true,
        "PitchDontFollow": false,
        "FOVMultiplier": 1,
        "BobbingAmplitude": 1,
        "Elements": {
          "ItemAnchor": [0, 0, 0, 0, -6, 5],
          "LowerArmR": [0, 0, 0, 0, 0, -70],
          "UpperArmR": [1.6, 0, 0, -8, 0, -57.2],
          "ItemAnchorL": [0, 0, 0, 0, 0, 14], 
          "LowerArmL": [0, 0, 0, -8, -8, -45], 
          "UpperArmL": [0, 0, 0, 0, -5, -20]
        }
      },
      {
        "EasingTime": 300,
        "EasingFunction": "Quintic",
        "DetachedAnchor": false,
        "SwitchArms": false,
        "PitchFollow": true,
        "PitchDontFollow": false,
        "FOVMultiplier": 1,
        "BobbingAmplitude": 1,
        "Elements": {
          "ItemAnchor": [0, 0, 0, 0, 0, 67],
          "LowerArmR": [0, 0, 0, 0, 0, -3],
          "UpperArmR": [0, -1.6, 0, -34.4, -1.1, -75.1],
          "ItemAnchorL": [0, 0, 0, 0, 0, 14], 
          "LowerArmL": [0, 0, 0, -8, -8, -25], 
          "UpperArmL": [0, 0, 0, 0, -5, -10]
        }
      },
      {
        "EasingTime": 600,
        "EasingFunction": "Sin",
        "DetachedAnchor": false,
        "SwitchArms": false,
        "PitchFollow": true,
        "PitchDontFollow": false,
        "FOVMultiplier": 1,
        "BobbingAmplitude": 1,
        "Elements": {
          "ItemAnchor": [0, 0, 0, 0, 0, 92],
          "LowerArmR": [0, 0, 0, 1, 0, 3],
          "UpperArmR": [0, 0, 0, -19, 5.2, -40.2],
          "ItemAnchorL": [0, 0, 0, 0, 0, 14], 
          "LowerArmL": [0, 0, 0, -8, -8, -25], 
          "UpperArmL": [0, 0, 0, 0, -5, -10]
        }
      },
      {
        "EasingTime": 900,
        "EasingFunction": "Sin",
        "DetachedAnchor": false,
        "SwitchArms": false,
        "PitchFollow": true,
        "PitchDontFollow": false,
        "FOVMultiplier": 1,
        "BobbingAmplitude": 1,
        "Elements": {
          "ItemAnchor": [0, 0, 0, -9, -11, 8],
          "LowerArmR": [0, 0, 0, 0, 0, -34],
          "UpperArmR": [0, 0, 0, -16, -23, -41],
          "ItemAnchorL": [0, 0, 0, 0, 0, 14], 
          "LowerArmL": [0, 0, 0, -8, -8, -15], 
          "UpperArmL": [0, 0, 0, 0, -5, -5]
        }
      }
    ],
    "ItemKeyFrames": [],
    "SoundFrames": [
      {
        "Code": ["game:sounds/player/strike1", "game:sounds/player/strike2"],
        "DurationFraction": 0.083333336,
        "RandomizePitch": true,
        "Range": 16,
        "Volume": 0.5,
        "Synchronize": true
      }
    ],
    "ParticlesFrames": [],
    "CallbackFrames": [{"Code": "start", "DurationFraction": 0.11111111}, {"Code": "stop", "DurationFraction": 0.6666667}, {"Code": "ready", "DurationFraction": 0.8333333}],
    "ItemAnimationStart": 0,
    "ItemAnimationEnd": 0
    },
    "dependsOn": [
			{"modid": "ancientarmory"},  
			{"modid": "combatoverhaul"},
      {"modid": "armory",
       "invert": true
      }
		]
  },
      {
    "file": "combatoverhaul:config/animations/melee/long-sword.json",
    "op": "add",
    "path": "/sword-long-thrust-1h-low-lefth",
    "value": {
    "Hold": false,
    "PlayerKeyFrames": [
      {
        "EasingTime": 150,
        "EasingFunction": "Sin",
        "DetachedAnchor": false,
        "SwitchArms": false,
        "PitchFollow": true,
        "FOVMultiplier": 1,
        "BobbingAmplitude": 1,
        "Elements": {
        "ItemAnchor": [0, 0, 0, 0, 0, 75], 
        "LowerArmR": [0, 0, 0, 0, 0, -55], 
        "UpperArmR": [1.6, 0, 0, 45, -0.8, -38.2],
        "ItemAnchorL": [0, 0, 0, 0, 0, 14], 
        "LowerArmL": [0, 0, 0, -8, -8, -45], 
        "UpperArmL": [0, 0, 0, 0, -5, -20]
      }
      },
      {
        "EasingTime": 400,
        "EasingFunction": "Quintic",
        "DetachedAnchor": false,
        "SwitchArms": false,
        "PitchFollow": true,
        "FOVMultiplier": 1,
        "BobbingAmplitude": 1,
        "Elements": {
          "ItemAnchor": [0, 0, 0, 0, 0, 73], 
          "LowerArmR": [0, 0, 0, 0, 0, -3], 
          "UpperArmR": [0, -1.6, 0, 5.6, -2.4, -81],
          "ItemAnchorL": [0, 0, 0, 0, 0, 14], 
          "LowerArmL": [0, 0, 0, -8, -8, -25], 
          "UpperArmL": [0, 0, 0, 0, -5, -10]
        }
      },
      {
        "EasingTime": 600,
        "EasingFunction": "Linear",
        "DetachedAnchor": false,
        "SwitchArms": false,
        "PitchFollow": true,
        "FOVMultiplier": 1,
        "BobbingAmplitude": 1,
        "Elements": {
          "ItemAnchor": [0, 0, 0, 0, 0, 73], 
          "LowerArmR": [0, 0, 0, 0, 0, -3], 
          "UpperArmR": [0, 0, 0, 13, -1.8, -82.2],
          "ItemAnchorL": [0, 0, 0, 0, 0, 14], 
          "LowerArmL": [0, 0, 0, -8, -8, -25], 
          "UpperArmL": [0, 0, 0, 0, -5, -10]
        }
      },
      {
        "EasingTime": 900,
        "EasingFunction": "CosShifted",
        "DetachedAnchor": false,
        "SwitchArms": false,
        "PitchFollow": true,
        "FOVMultiplier": 1,
        "BobbingAmplitude": 1,
        "Elements": {
          "ItemAnchor": [0, 0, 0, 0, 0, 59],
          "LowerArmR": [0, 0, 0, 0, 0, -68], 
          "UpperArmR": [0, -1.6, 0, 13, -1.8, -18.2],
          "ItemAnchorL": [0, 0, 0, 0, 0, 14], 
          "LowerArmL": [0, 0, 0, -8, -8, -15], 
          "UpperArmL": [0, 0, 0, 0, -5, -5]
        }
      }
    ],
    "ItemKeyFrames": [],
    "SoundFrames": [
      {
        "Code": ["game:sounds/player/strike1", "game:sounds/player/strike2"],
        "DurationFraction": 0.083333336,
        "RandomizePitch": true,
        "Range": 16,
        "Volume": 0.5,
        "Synchronize": true
      }
    ],
    "ParticlesFrames": [],
    "CallbackFrames": [{"Code": "start", "DurationFraction": 0.083333336}, {"Code": "stop", "DurationFraction": 0.5}],
    "ItemAnimationStart": 0,
    "ItemAnimationEnd": 0
    },
    "dependsOn": [
			{"modid": "ancientarmory"},  
			{"modid": "combatoverhaul"},
      {"modid": "armory",
       "invert": true
      }
		]
  },
  {
    "file": "combatoverhaul:config/animations/melee/long-sword.json",
    "op": "add",
    "path": "/sword-long-slash-2h-left",
    "value": {
    "Hold": false,
    "PlayerKeyFrames": [
      {
        "EasingTime": 100,
        "EasingFunction": "Sin",
        "DetachedAnchor": false,
        "SwitchArms": false,
        "PitchFollow": true,
        "PitchDontFollow": false,
        "FOVMultiplier": 1,
        "BobbingAmplitude": 1,
        "Elements": {
          "ItemAnchor": [0, 0, 0, 7, 10, 31],
          "LowerArmR": [0, 0, 0, 20, 24, -39],
          "UpperArmR": [1.6, 0, 1.6, 43, 28, -95.2],
          "ItemAnchorL": [0, 0, 0, 0, 0, 0],
          "LowerArmL": [0, 0, 0, 0, 0, -45],
          "UpperArmL": [0, 0, 0, 34, 0, -45]
        }
      },
      {
        "EasingTime": 400,
        "EasingFunction": "Quintic",
        "DetachedAnchor": false,
        "SwitchArms": false,
        "PitchFollow": true,
        "PitchDontFollow": false,
        "FOVMultiplier": 1,
        "BobbingAmplitude": 1,
        "Elements": {
          "ItemAnchor": [0, 0, 0, 21, 9, 31],
          "LowerArmR": [0, 0, 0, 24, 0, 0],
          "UpperArmR": [1.6, 0, 0, 63, 8, -57.2],
          "ItemAnchorL": [0, 0, 0, 0, 0, 0],
          "LowerArmL": [0, 0, 0, 0, 0, -4],
          "UpperArmL": [0, -1.6, 0, 37, -59, -60]
        }
      },
      {
        "EasingTime": 600,
        "EasingFunction": "Sin",
        "DetachedAnchor": false,
        "SwitchArms": false,
        "PitchFollow": true,
        "PitchDontFollow": false,
        "FOVMultiplier": 1,
        "BobbingAmplitude": 1,
        "Elements": {
          "ItemAnchor": [0, 0, 0, 0, 0, 81],
          "LowerArmR": [0, 0, 0, 33, 0, 12],
          "UpperArmR": [1.6, 0, 0, 63, 11, -55.2],
          "ItemAnchorL": [0, 0, 0, 0, 0, 0],
          "LowerArmL": [0, 0, 0, 0, 0, -4],
          "UpperArmL": [0, -1.6, 0, 37, -59, -60]
        }
      },
      {
        "EasingTime": 900,
        "EasingFunction": "Sin",
        "DetachedAnchor": false,
        "SwitchArms": false,
        "PitchFollow": true,
        "PitchDontFollow": false,
        "FOVMultiplier": 1,
        "BobbingAmplitude": 1,
        "Elements": {
          "ItemAnchor": [0, 0, 0, -9, -11, 8],
          "LowerArmR": [0, 0, 0, 0, 0, -34],
          "UpperArmR": [0, 0, 0, -16, -23, -41],
          "ItemAnchorL": [0, 0, 0, 0, 0, 0],
          "LowerArmL": [0, 0, 0, 0, 0, 0],
          "UpperArmL": [0, 0, 0, 0, -45, -58]
        }
      }
    ],
    "ItemKeyFrames": [],
    "SoundFrames": [
      {
        "Code": ["game:sounds/player/strike1", "game:sounds/player/strike2"],
        "DurationFraction": 0.083333336,
        "RandomizePitch": true,
        "Range": 16,
        "Volume": 0.5,
        "Synchronize": true
      }
    ],
    "ParticlesFrames": [],
    "CallbackFrames": [{"Code": "start", "DurationFraction": 0.11111111}, {"Code": "stop", "DurationFraction": 0.6666667}, {"Code": "ready", "DurationFraction": 0.8333333}],
    "ItemAnimationStart": 0,
    "ItemAnimationEnd": 0
    },
    "dependsOn": [
			{"modid": "ancientarmory"},  
			{"modid": "combatoverhaul"},
      {"modid": "armory",
       "invert": true
      }
		]
  },
  {
    "file": "combatoverhaul:config/animations/melee/long-sword.json",
    "op": "add",
    "path": "/sword-long-slash-2h-right",
    "value": {
    "Hold": false,
    "PlayerKeyFrames": [
      {
        "EasingTime": 100,
        "EasingFunction": "Sin",
        "DetachedAnchor": false,
        "SwitchArms": false,
        "PitchFollow": true,
        "PitchDontFollow": false,
        "FOVMultiplier": 1,
        "BobbingAmplitude": 1,
        "Elements": {
          "ItemAnchor": [0, 0, 0, 0, -30, 6],
          "LowerArmR": [0, 0, 0, -28, -40, -30],
          "UpperArmR": [1.6, 0, 0, -11, -32, -84.2],
          "ItemAnchorL": [0, 0, 0, 0, 0, 0],
          "LowerArmL": [0, 0, 0, 0, 0, -7],
          "UpperArmL": [0, 0, -1, -39, -27, -109]
        }
      },
      {
        "EasingTime": 300,
        "EasingFunction": "Quintic",
        "DetachedAnchor": false,
        "SwitchArms": false,
        "PitchFollow": true,
        "PitchDontFollow": false,
        "FOVMultiplier": 1,
        "BobbingAmplitude": 1,
        "Elements": {
          "ItemAnchor": [0, 0, 0, 0, -30, 53],
          "LowerArmR": [0, 0, 0, -28, -40, -20],
          "UpperArmR": [1.6, 0, 0, -5, 17, -80.2],
          "ItemAnchorL": [0, 0, 0, 0, 0, 0],
          "LowerArmL": [0, 0, 0, 0, 0, -83],
          "UpperArmL": [0, 0, -1, -36, -20, -30]
        }
      },
      {
        "EasingTime": 600,
        "EasingFunction": "Sin",
        "DetachedAnchor": false,
        "SwitchArms": false,
        "PitchFollow": true,
        "PitchDontFollow": false,
        "FOVMultiplier": 1,
        "BobbingAmplitude": 1,
        "Elements": {
          "ItemAnchor": [0, 0, 0, 0, -30, 81],
          "LowerArmR": [0, 0, 0, -28, -40, -24],
          "UpperArmR": [1.6, 0, 0, -5, 47, -79.2],
          "ItemAnchorL": [0, 0, 0, 0, 0, 0],
          "LowerArmL": [0, 0, 0, 0, 0, -99],
          "UpperArmL": [0, 0, -1, -36, -20, -4]
        }
      },
      {
        "EasingTime": 900,
        "EasingFunction": "Sin",
        "DetachedAnchor": false,
        "SwitchArms": false,
        "PitchFollow": true,
        "PitchDontFollow": false,
        "FOVMultiplier": 1,
        "BobbingAmplitude": 1,
        "Elements": {
          "ItemAnchor": [0, 0, 0, -9, -11, 8],
          "LowerArmR": [0, 0, 0, 0, 0, -34],
          "UpperArmR": [0, 0, 0, -16, -23, -41],
          "ItemAnchorL": [0, 0, 0, 0, 0, 0],
          "LowerArmL": [0, 0, 0, 0, 0, 0],
          "UpperArmL": [0, 0, 0, 0, -44, -57]
        }
      }
    ],
    "ItemKeyFrames": [],
    "SoundFrames": [
      {
        "Code": ["game:sounds/player/strike1", "game:sounds/player/strike2"],
        "DurationFraction": 0.083333336,
        "RandomizePitch": true,
        "Range": 16,
        "Volume": 0.5,
        "Synchronize": true
      }
    ],
    "ParticlesFrames": [],
    "CallbackFrames": [{"Code": "start", "DurationFraction": 0.11111111}, {"Code": "stop", "DurationFraction": 0.6666667}, {"Code": "ready", "DurationFraction": 0.8333333}],
    "ItemAnimationStart": 0,
    "ItemAnimationEnd": 0
    },
    "dependsOn": [
			{"modid": "ancientarmory"},  
			{"modid": "combatoverhaul"},
      {"modid": "armory",
       "invert": true
      }
		]
  },
  {
    "file": "combatoverhaul:config/animations/melee/long-sword.json",
    "op": "add",
    "path": "/sword-long-slash-2h-top",
    "value": {
    "Hold": false,
    "PlayerKeyFrames": [
      {
        "EasingTime": 100,
        "EasingFunction": "Sin",
        "DetachedAnchor": false,
        "SwitchArms": false,
        "PitchFollow": true,
        "PitchDontFollow": false,
        "FOVMultiplier": 1,
        "BobbingAmplitude": 1,
        "Elements": {
          "ItemAnchor": [0, 0, 0, 0, -6, 5],
          "LowerArmR": [0, 0, 0, 0, 0, -70],
          "UpperArmR": [1.6, 0, 0, -8, 0, -57.2],
          "ItemAnchorL": [0, 0, 0, 0, 0, 0],
          "LowerArmL": [0, 0, 0, 0, 0, -50],
          "UpperArmL": [0, 0, 0, -16, -30, -60]
        }
      },
      {
        "EasingTime": 300,
        "EasingFunction": "Quintic",
        "DetachedAnchor": false,
        "SwitchArms": false,
        "PitchFollow": true,
        "PitchDontFollow": false,
        "FOVMultiplier": 1,
        "BobbingAmplitude": 1,
        "Elements": {
          "ItemAnchor": [0, 0, 0, 0, 0, 67],
          "LowerArmR": [0, 0, 0, 0, 0, -3],
          "UpperArmR": [0, -1.6, 0, -34.4, -1.1, -75.1],
          "ItemAnchorL": [0, 0, 0, 0, 0, 0],
          "LowerArmL": [0, 0, 0, 0, 0, -59],
          "UpperArmL": [0, 0, 0, -11, -28, -41]
        }
      },
      {
        "EasingTime": 600,
        "EasingFunction": "Sin",
        "DetachedAnchor": false,
        "SwitchArms": false,
        "PitchFollow": true,
        "PitchDontFollow": false,
        "FOVMultiplier": 1,
        "BobbingAmplitude": 1,
        "Elements": {
          "ItemAnchor": [0, 0, 0, 0, 0, 92],
          "LowerArmR": [0, 0, 0, 1, 0, 3],
          "UpperArmR": [0, 0, 0, -19, 5.2, -40.2],
          "ItemAnchorL": [0, 0, 0, 0, 0, 0],
          "LowerArmL": [0, 0, 0, 0, 0, -47],
          "UpperArmL": [0, 0, 0, -11, -53, -17]
        }
      },
      {
        "EasingTime": 900,
        "EasingFunction": "Sin",
        "DetachedAnchor": false,
        "SwitchArms": false,
        "PitchFollow": true,
        "PitchDontFollow": false,
        "FOVMultiplier": 1,
        "BobbingAmplitude": 1,
        "Elements": {
          "ItemAnchor": [0, 0, 0, -9, -11, 8],
          "LowerArmR": [0, 0, 0, 0, 0, -34],
          "UpperArmR": [0, 0, 0, -16, -23, -41],
          "ItemAnchorL": [0, 0, 0, 0, 0, 0],
          "LowerArmL": [0, 0, 0, 0, 0, -12],
          "UpperArmL": [0, 0, 0, 0, -42, -53]
        }
      }
    ],
    "ItemKeyFrames": [],
    "SoundFrames": [
      {
        "Code": ["game:sounds/player/strike1", "game:sounds/player/strike2"],
        "DurationFraction": 0.083333336,
        "RandomizePitch": true,
        "Range": 16,
        "Volume": 0.5,
        "Synchronize": true
      }
    ],
    "ParticlesFrames": [],
    "CallbackFrames": [{"Code": "start", "DurationFraction": 0.11111111}, {"Code": "stop", "DurationFraction": 0.6666667}, {"Code": "ready", "DurationFraction": 0.8333333}],
    "ItemAnimationStart": 0,
    "ItemAnimationEnd": 0
    },
    "dependsOn": [
			{"modid": "ancientarmory"},  
			{"modid": "combatoverhaul"},
      {"modid": "armory",
       "invert": true
      }
		]
  },
  {
    "file": "combatoverhaul:config/animations/melee/long-sword.json",
    "op": "add",
    "path": "/sword-long-parry-2h",
    "value": {
    "Hold": false,
    "PlayerKeyFrames": [
      {
        "EasingTime": 200,
        "EasingFunction": "Quadratic",
        "DetachedAnchor": false,
        "SwitchArms": false,
        "PitchFollow": false,
        "PitchDontFollow": false,
        "FOVMultiplier": 1,
        "BobbingAmplitude": 1,
        "Elements": {
          "ItemAnchor": [0, 0, 0, 0, 14, 43],
          "LowerArmR": [0, 0, 0, 0, 31, -29],
          "UpperArmR": [1.6, 0, 0, 0, 19, -81],
          "ItemAnchorL": [0, 0, 0, 0, 0, 0],
          "LowerArmL": [0, 0, 0, 0, 0, -49],
          "UpperArmL": [1.6, 0, 0, 0, -16, -53]
        }
      },
      {
        "EasingTime": 500,
        "EasingFunction": "Sin",
        "DetachedAnchor": false,
        "SwitchArms": false,
        "PitchFollow": false,
        "PitchDontFollow": false,
        "FOVMultiplier": 1,
        "BobbingAmplitude": 1,
        "Elements": {
          "ItemAnchor": [0, 0, 0, 0, -26, 53],
          "LowerArmR": [0, 0, 0, 0, 0, 0],
          "UpperArmR": [1.6, 0, 0, -25, -29, -92],
          "ItemAnchorL": [0, 0, 0, 0, 0, 0],
          "LowerArmL": [0, 0, 0, 0, 0, 0],
          "UpperArmL": [1.6, 0, 0, 0, -41, -88]
        }
      }
    ],
    "ItemKeyFrames": [],
    "SoundFrames": [
      {"Code": ["game:sounds/player/strike1", "game:sounds/player/strike2"], "DurationFraction": 0.1, "RandomizePitch": true, "Range": 16, "Volume": 0.5, "Synchronize": true}
    ],
    "ParticlesFrames": [],
    "CallbackFrames": [{"Code": "startParry", "DurationFraction": 0.2}, {"Code": "stopParry", "DurationFraction": 1}],
    "ItemAnimationStart": 0,
    "ItemAnimationEnd": 0
    },
    "dependsOn": [
			{"modid": "ancientarmory"},  
			{"modid": "combatoverhaul"},
      {"modid": "armory",
       "invert": true
      }
		]
  }
]