[
  {
    "file": "ancientarmory:itemtypes/axe.json",
    "op": "remove",
    "path": "/heldTpHitAnimationByType",
    "side": "Server",
    "dependsOn": [
			{"modid": "ancientarmory"},  
			{"modid": "combatoverhaul"},
      {"modid": "armory"}
		]
  },
  {
    "file": "ancientarmory:itemtypes/axe.json",
    "op": "remove",
    "path": "/behaviors/1",
    "side": "Server",
    "dependsOn": [
			{"modid": "ancientarmory"},  
			{"modid": "combatoverhaul"},
      {"modid": "armory"}
		]
  },
  {
    "file": "ancientarmory:itemtypes/axe.json",
    "op": "remove",
    "path": "/fpHandTransformByType",
    "side": "Server",
    "dependsOn": [
			{"modid": "ancientarmory"},  
			{"modid": "combatoverhaul"},
      {"modid": "armory"}
		]
  },
  {
    "file": "ancientarmory:itemtypes/axe.json",
    "op": "remove",
    "path": "/attackRangeByType",
    "side": "Server",
    "dependsOn": [
			{"modid": "ancientarmory"},  
			{"modid": "combatoverhaul"},
      {"modid": "armory"}
		]
  },
  {
    "file": "ancientarmory:itemtypes/axe.json",
    "op": "remove",
    "path": "/toolTierByType",
    "side": "Server",
    "dependsOn": [
			{"modid": "ancientarmory"},  
			{"modid": "combatoverhaul"},
      {"modid": "armory"}
		]
  },
  {
    "file": "ancientarmory:itemtypes/axe.json",
    "op": "remove",
    "path": "/attackPowerByType",
    "side": "Server",
    "dependsOn": [
			{"modid": "ancientarmory"},  
			{"modid": "combatoverhaul"},
      {"modid": "armory"}
		]
  },
  {
    "file": "ancientarmory:itemtypes/axe.json",
    "op": "remove",
    "path": "/miningSpeedByType",
    "side": "Server",
    "dependsOn": [
			{"modid": "ancientarmory"},  
			{"modid": "combatoverhaul"},
      {"modid": "armory"}
		]
  },
  {
    "file": "ancientarmory:itemtypes/axe.json",
    "op": "replace",
    "path": "/tpHandTransformByType",
    "value": {     
        "*-bardiche-*": {
            "translation": { "x": -1.55, "y": 0.12, "z": -0.77 },
            "rotation": { "x": 85, "y": 4, "z": 0 },
            "origin": { "x": 0.45, "y": -0.1, "z": 0.47 },
            "scale": 0.75
        },
        "*-battle-*": {
            "translation": { "x": -1.2, "y": 0.1, "z": -0.75 },
            "rotation": { "x": 85, "y": 0, "z": 4 },
            "origin": { "x": 0.6, "y": 0.05, "z": 0.62 },
            "scale": 0.8
        },
        "*-bearded-*": {
            "translation": { "x": -1.4, "y": 0.11, "z": -0.72 },
            "rotation": { "x": 85, "y": 3, "z": 1 },
            "origin": { "x": 0.6, "y": 0.05, "z": 0.62 },
            "scale": 0.85
        },
        "*": {
            "translation": { "x": -1.08, "y": 0.055, "z": -0.78 },
            "rotation": { "x": 85, "y": 0, "z": 2 },
            "origin": { "x": 0.5, "y": 0.05, "z": 0.62 },
            "scale": 0.8
        }
      },
    "side": "Server",
    "dependsOn": [
			{"modid": "ancientarmory"},  
			{"modid": "combatoverhaul"},
      {"modid": "armory"}
		]
  },
  {
  	"file": "ancientarmory:itemtypes/axe.json",
  	"op": "add",
  	"path": "/class",
  	"value": "CombatOverhaul:MeleeWeapon",
  	"side": "Server",
    "dependsOn": [
			{"modid": "ancientarmory"},  
			{"modid": "combatoverhaul"},
      {"modid": "armory"}
		]
  },
  {
    "file": "ancientarmory:itemtypes/axe.json",
    "op": "addmerge",
    "path": "/attributes",
    "value": {
      "ProficiencyStatByType": {
        "*": "axesProficiency"
      },
      "RenderingOffset": false,
      "OneHandedStanceByType": {
        "*-battle-*": {
            "CanAttack": true,
            "CanParry": false,
            "CanBlock": false,
            "CanSprint": true,
            "Attack": {
              "StopOnTerrainHit": true,
              "StopOnEntityHit": true,
              "CollideWithTerrain": true,
              "MaxReach": 6,
              "DamageTypesByType": {
                "*-*bronze": [{"Damage": {"DamageType": "SlashingAttack", "Tier": 3, "Damage": 4.5}, "Knockback": 0, "DurabilityDamage": 1, "Collider": [0.6, 0, 0.5, 2.6, 0, 0.5]}],
                "*-iron": [{"Damage": {"DamageType": "SlashingAttack", "Tier": 4, "Damage": 5}, "Knockback": 0, "DurabilityDamage": 1, "Collider": [0.6, 0, 0.5, 2.6, 0, 0.5]}],
                "*-meteoriciron": [
                  {"Damage": {"DamageType": "SlashingAttack", "Tier": 5, "Damage": 5.5}, "Knockback": 0, "DurabilityDamage": 1, "Collider": [0.6, 0, 0.5, 2.6, 0, 0.5]}
                ],
                "*-steel": [{"Damage": {"DamageType": "SlashingAttack", "Tier": 6, "Damage": 6}, "Knockback": 0, "DurabilityDamage": 1, "Collider": [0.6, 0, 0.5, 2.6, 0, 0.5]}],
                "*": [{"Damage": {"DamageType": "SlashingAttack", "Tier": 1, "Damage": 4}, "Knockback": 0, "DurabilityDamage": 1, "Collider": [0.6, 0, 0.5, 2.6, 0, 0.5]}]
              }
            },
            "AttackHitSound": "game:sounds/thud",
            "AttackAnimation": {"Main": ["armory:mace-strike-1h-1", "armory:mace-strike-1h-2"]},
            "TpAttackAnimation": {"Main": "combatoverhaul-falx-slash"},
            "ReadyAnimation": "armory:mace-ready-1h",
            "IdleAnimation": "armory:mace-idle-1h",
            "AttackTpAnimation": "falx"
      },
        "*-bearded-*": {
            "CanAttack": true,
            "CanParry": false,
            "CanBlock": false,
            "CanSprint": true,
            "Attack": {
              "StopOnTerrainHit": true,
              "StopOnEntityHit": true,
              "CollideWithTerrain": true,
              "MaxReach": 6,
              "DamageTypesByType": {
                "*-*bronze": [{"Damage": {"DamageType": "SlashingAttack", "Tier": 3, "Damage": 4}, "Knockback": 0, "DurabilityDamage": 1, "Collider": [0.6, 0, 0.5, 2.6, 0, 0.5]}],
                "*-iron": [{"Damage": {"DamageType": "SlashingAttack", "Tier": 4, "Damage": 4.5}, "Knockback": 0, "DurabilityDamage": 1, "Collider": [0.6, 0, 0.5, 2.6, 0, 0.5]}],
                "*-meteoriciron": [
                  {"Damage": {"DamageType": "SlashingAttack", "Tier": 5, "Damage": 5}, "Knockback": 0, "DurabilityDamage": 1, "Collider": [0.6, 0, 0.5, 2.6, 0, 0.5]}
                ],
                "*-steel": [{"Damage": {"DamageType": "SlashingAttack", "Tier": 6, "Damage": 5.5}, "Knockback": 0, "DurabilityDamage": 1, "Collider": [0.6, 0, 0.5, 2.6, 0, 0.5]}],
                "*": [{"Damage": {"DamageType": "SlashingAttack", "Tier": 1, "Damage": 3.5}, "Knockback": 0, "DurabilityDamage": 1, "Collider": [0.6, 0, 0.5, 2.6, 0, 0.5]}]
              }
            },
            "AttackHitSound": "game:sounds/thud",
            "AttackAnimation": {"Main": ["armory:mace-strike-1h-1", "armory:mace-strike-1h-2"]},
            "TpAttackAnimation": {"Main": "combatoverhaul-falx-slash"},
            "ReadyAnimation": "armory:mace-ready-1h",
            "IdleAnimation": "armory:mace-idle-1h",
            "AttackTpAnimation": "falx"
    },
        "*-bardiche-*": {
            "CanAttack": true,
            "CanParry": false,
            "CanBlock": false,
            "CanSprint": true,
            "Attack": {
              "StopOnTerrainHit": true,
              "StopOnEntityHit": true,
              "CollideWithTerrain": true,
              "MaxReach": 6,
              "DamageTypesByType": {
                "*-*bronze": [{"Damage": {"DamageType": "SlashingAttack", "Tier": 3, "Damage": 4}, "Knockback": 0, "DurabilityDamage": 1, "Collider": [0.6, 0, 0.5, 2.6, 0, 0.5]}],
                "*-iron": [{"Damage": {"DamageType": "SlashingAttack", "Tier": 4, "Damage": 4.5}, "Knockback": 0, "DurabilityDamage": 1, "Collider": [0.6, 0, 0.5, 2.6, 0, 0.5]}],
                "*-meteoriciron": [
                  {"Damage": {"DamageType": "SlashingAttack", "Tier": 5, "Damage": 5}, "Knockback": 0, "DurabilityDamage": 1, "Collider": [0.6, 0, 0.5, 2.6, 0, 0.5]}
                ],
                "*-steel": [{"Damage": {"DamageType": "SlashingAttack", "Tier": 6, "Damage": 5.5}, "Knockback": 0, "DurabilityDamage": 1, "Collider": [0.6, 0, 0.5, 2.6, 0, 0.5]}],
                "*": [{"Damage": {"DamageType": "SlashingAttack", "Tier": 1, "Damage": 3.5}, "Knockback": 0, "DurabilityDamage": 1, "Collider": [0.6, 0, 0.5, 2.6, 0, 0.5]}]
              }
            },
            "AttackHitSound": "game:sounds/thud",
            "AttackAnimation": {"Main": ["armory:mace-strike-1h-1", "armory:mace-strike-1h-2"]},
            "TpAttackAnimation": {"Main": "combatoverhaul-falx-slash"},
            "ReadyAnimation": "armory:mace-ready-1h",
            "IdleAnimation": "armory:mace-idle-1h",
            "AttackTpAnimation": "falx"
    }
	},
    "TwoHandedStanceByType": {
      "*-bardiche-*": {
        "CanAttack": true,
        "CanParry": false,
        "CanBlock": false,
        "CanSprint": true,
        "Attack": {
          "StopOnTerrainHit": true,
          "StopOnEntityHit": true,
          "CollideWithTerrain": true,
          "MaxReach": 7,
          "DamageTypesByType": {
                "*-*bronze": [{"Damage": {"DamageType": "SlashingAttack", "Tier": 3, "Damage": 5}, "Knockback": 0, "DurabilityDamage": 1, "Collider": [0.6, 0, 0.5, 2.6, 0, 0.5]}],
                "*-iron": [{"Damage": {"DamageType": "SlashingAttack", "Tier": 4, "Damage": 5.5}, "Knockback": 0, "DurabilityDamage": 1, "Collider": [0.6, 0, 0.5, 2.6, 0, 0.5]}],
                "*-meteoriciron": [
                  {"Damage": {"DamageType": "SlashingAttack", "Tier": 5, "Damage": 6}, "Knockback": 0, "DurabilityDamage": 1, "Collider": [0.6, 0, 0.5, 2.6, 0, 0.5]}
                ],
                "*-steel": [{"Damage": {"DamageType": "SlashingAttack", "Tier": 6, "Damage": 6.5}, "Knockback": 0, "DurabilityDamage": 1, "Collider": [0.6, 0, 0.5, 2.6, 0, 0.5]}],
                "*": [{"Damage": {"DamageType": "SlashingAttack", "Tier": 1, "Damage": 4.5}, "Knockback": 0, "DurabilityDamage": 1, "Collider": [0.6, 0, 0.5, 2.6, 0, 0.5]}]
          }
        },
        "AttackHitSound": "game:sounds/thud",
        "AttackDirectionsType": "None",
        "AttackAnimation": {"Main": ["armory:long-axe-strike-2h-3", "armory:long-axe-strike-2h-2"]},
        "ReadyAnimation": "armory:long-axe-ready-2h",
        "IdleAnimation": "armory:long-axe-idle-2h"
      },
      "*-bearded-*": {
        "CanAttack": true,
        "CanParry": false,
        "CanBlock": false,
        "CanSprint": true,
        "Attack": {
          "StopOnTerrainHit": true,
          "StopOnEntityHit": true,
          "CollideWithTerrain": true,
          "MaxReach": 7,
          "DamageTypesByType": {
                "*-*bronze": [{"Damage": {"DamageType": "SlashingAttack", "Tier": 3, "Damage": 5}, "Knockback": 0, "DurabilityDamage": 1, "Collider": [0.6, 0, 0.5, 2.6, 0, 0.5]}],
                "*-iron": [{"Damage": {"DamageType": "SlashingAttack", "Tier": 4, "Damage": 5.5}, "Knockback": 0, "DurabilityDamage": 1, "Collider": [0.6, 0, 0.5, 2.6, 0, 0.5]}],
                "*-meteoriciron": [
                  {"Damage": {"DamageType": "SlashingAttack", "Tier": 5, "Damage": 6}, "Knockback": 0, "DurabilityDamage": 1, "Collider": [0.6, 0, 0.5, 2.6, 0, 0.5]}
                ],
                "*-steel": [{"Damage": {"DamageType": "SlashingAttack", "Tier": 6, "Damage": 6.5}, "Knockback": 0, "DurabilityDamage": 1, "Collider": [0.6, 0, 0.5, 2.6, 0, 0.5]}],
                "*": [{"Damage": {"DamageType": "SlashingAttack", "Tier": 1, "Damage": 4.5}, "Knockback": 0, "DurabilityDamage": 1, "Collider": [0.6, 0, 0.5, 2.6, 0, 0.5]}]
          }
        },
        "AttackHitSound": "game:sounds/thud",
        "AttackDirectionsType": "None",
        "AttackAnimation": {"Main": ["armory:long-axe-strike-2h-3", "armory:long-axe-strike-2h-2"]},
        "ReadyAnimation": "armory:long-axe-ready-2h",
        "IdleAnimation": "armory:long-axe-idle-2h"
	  }
    }
	},
  "side": "Server",
    "dependsOn": [
			{"modid": "ancientarmory"},  
			{"modid": "combatoverhaul"},
      {"modid": "armory"}
		]
  }
]