[
  {
    "file": "ancientarmory:itemtypes/spear.json",
    "op": "remove",
    "path": "/heldTpHitAnimationByType",
    "side": "Server",
    "dependsOn": [
			{"modid": "ancientarmory"},  
			{"modid": "combatoverhaul"},
      {"modid": "armory"}
		]
  },
  {
    "file": "ancientarmory:itemtypes/spear.json",
    "op": "remove",
    "path": "/heldTpIdleAnimation",
    "side": "Server",
    "dependsOn": [
			{"modid": "ancientarmory"},  
			{"modid": "combatoverhaul"},
      {"modid": "armory"}
		]
  },
  {
    "file": "ancientarmory:itemtypes/spear.json",
    "op": "remove",
    "path": "/behaviors/1",
    "side": "Server",
    "dependsOn": [
			{"modid": "ancientarmory"},  
			{"modid": "combatoverhaul"},
      {"modid": "armory"}
		]
  },
  {
    "file": "ancientarmory:itemtypes/spear.json",
    "op": "remove",
    "path": "/fpHandTransformByType",
    "side": "Server",
    "dependsOn": [
			{"modid": "ancientarmory"},  
			{"modid": "combatoverhaul"},
      {"modid": "armory"}
		]
  },
  {
    "file": "ancientarmory:itemtypes/spear.json",
    "op": "remove",
    "path": "/attackRangeByType",
    "side": "Server",
    "dependsOn": [
			{"modid": "ancientarmory"},  
			{"modid": "combatoverhaul"},
      {"modid": "armory"}
		]
  },
  {
    "file": "ancientarmory:itemtypes/spear.json",
    "op": "remove",
    "path": "/toolTierByType",
    "side": "Server",
    "dependsOn": [
			{"modid": "ancientarmory"},  
			{"modid": "combatoverhaul"},
      {"modid": "armory"}
		]
  },
  {
    "file": "ancientarmory:itemtypes/spear.json",
    "op": "remove",
    "path": "/attackPowerByType",
    "side": "Server",
    "dependsOn": [
			{"modid": "ancientarmory"},  
			{"modid": "combatoverhaul"},
      {"modid": "armory"}
		]
  },
  {
    "file": "ancientarmory:itemtypes/spear.json",
    "op": "remove",
    "path": "/shape",
    "side": "Server",
    "dependsOn": [
			{"modid": "ancientarmory"},  
			{"modid": "combatoverhaul"},
      {"modid": "armory"}
		]
  },
  {
    "file": "ancientarmory:itemtypes/spear.json",
    "op": "add",
    "path": "/shapeByType",
    "value": {
      "*-voulge-*": {
        "base": "coavoulge"
      },
      "*": {
        "base": "game:item/tool/spear/{type}"
      }
    },
    "side": "Server",
    "dependsOn": [
			{"modid": "ancientarmory"},  
			{"modid": "combatoverhaul"},
      {"modid": "armory"}
		]
  },
  {
    "file": "ancientarmory:itemtypes/spear.json",
    "op": "replace",
    "path": "/durabilityByType",
    "value": {
        "*-gold": 400,
        "*-silver": 400,
        "*-tinbronze": 450,
        "*-bismuthbronze": 530,
        "*-blackbronze": 600,
        "*-iron": 850,
        "*-meteoriciron": 1100,
        "*-steel": 2125
    },
    "side": "Server",
    "dependsOn": [
			{"modid": "ancientarmory"},  
			{"modid": "combatoverhaul"},
      {"modid": "armory"}
		]
  },
  {
  "file": "ancientarmory:itemtypes/spear.json",
  "op": "replace",
  "path": "/guiTransformByType/*-voulge-*",
  "value": {
      "translation": { "x": -25, "y": -27, "z": 56 },
      "rotation": { "x": -180, "y": 140, "z": 44 },
      "origin": { "x": 1.29, "y": 0, "z": 0.5 },
      "scale": 2
  },
    "side": "Server",
    "dependsOn": [
			{"modid": "ancientarmory"},  
			{"modid": "combatoverhaul"},
      {"modid": "armory"}
		]
  },
  {
  "file": "ancientarmory:itemtypes/spear.json",
  "op": "replace",
  "path": "/attributes/groundStorageTransformByType/*-voulge-*",
  "value": {
      "translation": { "x": -0.39, "y": 1.18, "z": 0.34 },
      "rotation": { "x": 16, "y": -10, "z": 90 },
      "scale": 0.75
  },
    "side": "Server",
    "dependsOn": [
			{"modid": "ancientarmory"},  
			{"modid": "combatoverhaul"},
      {"modid": "armory"}
		]
  },
  {
    "file": "ancientarmory:itemtypes/spear.json",
    "op": "replace",
    "path": "/tpHandTransformByType",
    "value": {     
        "*-voulge-*": {
            "translation": { "x": -1.85, "y": 0.06, "z": 0.5 },
            "rotation": { "x": 0, "y": 0, "z": 0 },
            "origin": { "x": 0, "y": 0, "z": 0 },
            "scale": 0.8
        },
        "*-ranseur-*": {
            "translation": { "x": -1.77, "y": 0.07, "z": 0.5 },
            "rotation": { "x": 0, "y": 0, "z": 0 },
            "origin": { "x": 0, "y": 0, "z": 0 },
            "scale": 0.8
        },
        "*": {
            "translation": { "x": -1.57, "y": 0.07, "z": 0.5 },
            "rotation": { "x": 0, "y": 0, "z": 0 },
            "origin": { "x": 0, "y": 0, "z": 0 },
            "scale": 0.8
        }
      },
    "side": "Server",
    "dependsOn": [
			{"modid": "ancientarmory"},  
			{"modid": "combatoverhaul"},
      {"modid": "armory"}
		]
  },
  {
  	"file": "ancientarmory:itemtypes/spear.json",
  	"op": "add",
  	"path": "/class",
  	"value": "CombatOverhaul:MeleeWeapon",
  	"side": "Server",
    "dependsOn": [
			{"modid": "ancientarmory"},  
			{"modid": "combatoverhaul"},
      {"modid": "armory"}
		]
  },
  {
    "file": "ancientarmory:itemtypes/spear.json",
    "op": "addmerge",
    "path": "/attributes",
    "value": {
      "ProficiencyStatByType": {
        "*-voulge-*": "halberdsProficiency",
        "*": "spearsProficiency"
      },
      "RenderingOffset": false,
      "OneHandedStanceByType": {
        "*-voulge-*": {
          "CanAttack": false,
          "CanParry": false,
          "CanBlock": false,
          "CanSprint": true,
          "CanThrow": false,
          "SpeedPenalty": 0,
          "ReadyAnimation": "armory:halberd-idle-1h",
          "IdleAnimation": "armory:halberd-idle-1h"
        },
        "*-boar-*": {
          "CanAttack": false,
          "CanParry": false,
          "CanBlock": false,
          "CanSprint": true,
          "CanThrow": false,
          "SpeedPenalty": 0,
          "ReadyAnimation": "armory:pike-idle-1h",
          "IdleAnimation": "armory:pike-idle-1h"
      },
        "*-fork-*": {
          "CanAttack": false,
          "CanParry": false,
          "CanBlock": false,
          "CanSprint": true,
          "CanThrow": false,
          "SpeedPenalty": 0,
          "ReadyAnimation": "armory:pike-idle-1h",
          "IdleAnimation": "armory:pike-idle-1h"
      },
        "*-ranseur-*": {
          "CanAttack": false,
          "CanParry": false,
          "CanBlock": false,
          "CanSprint": true,
          "CanThrow": false,
          "SpeedPenalty": 0,
          "ReadyAnimation": "armory:pike-idle-1h",
          "IdleAnimation": "armory:pike-idle-1h"
      }
      },
      "TwoHandedStanceByType": {
      "*-voulge-*": {
      "CanAttack": true,
      "CanParry": false,
      "CanBlock": false,
      "CanSprint": true,
      "CanThrow": false,
      "SpeedPenalty": 0,
      "BlockCooldownMs": 750,
      "GripLengthFactor": 4,
      "GripMinLength": 0,
      "GripMaxLength": 20,
      "DirectionalAttacks": {
        "Top": {
          "StopOnTerrainHit": false,
          "StopOnEntityHit": false,
          "CollideWithTerrain": false,
          "HitOnlyOneEntity": false,
          "MaxReach": 12,
          "DamageTypes": [
            {
              "DamageByType": {
                "*-gold": {"DamageType": "SlashingAttack", "Tier": 2, "Damage": 4},
                "*-silver": {"DamageType": "SlashingAttack", "Tier": 2, "Damage": 4},
                "*-*bronze": {"DamageType": "SlashingAttack", "Tier": 3, "Damage": 5},
                "*-iron": {"DamageType": "SlashingAttack", "Tier": 4, "Damage": 6.5},
                "*-meteoriciron": {"DamageType": "SlashingAttack", "Tier": 5, "Damage": 6.5},
                "*-steel": {"DamageType": "SlashingAttack", "Tier": 6, "Damage": 7}
              },
              "Knockback": 0.5,
              "DurabilityDamage": 1,
              "Collider": [-0.7, -0.27, 0.5, 1.2, -0.37, 0.5]
            },
            {
              "DamageByType": {
                "*-gold": {"DamageType": "SlashingAttack", "Tier": 2, "Damage": 4},
                "*-silver": {"DamageType": "SlashingAttack", "Tier": 2, "Damage": 4},
                "*-*bronze": {"DamageType": "SlashingAttack", "Tier": 3, "Damage": 5},
                "*-iron": {"DamageType": "SlashingAttack", "Tier": 4, "Damage": 6.5},
                "*-meteoriciron": {"DamageType": "SlashingAttack", "Tier": 5, "Damage": 6.5},
                "*-steel": {"DamageType": "SlashingAttack", "Tier": 6, "Damage": 7}
              },
              "Knockback": 0.5,
              "DurabilityDamage": 1,
              "Collider": [0, 0, 0.5, 0.3, 0, 0.3]
            }
          ]
        },
        "Left": {
          "StopOnTerrainHit": true,
          "StopOnEntityHit": false,
          "CollideWithTerrain": true,
          "HitOnlyOneEntity": false,
          "MaxReach": 12,
          "DamageTypes": [
            {
              "DamageByType": {
                "*-gold": {"DamageType": "SlashingAttack", "Tier": 2, "Damage": 4},
                "*-silver": {"DamageType": "SlashingAttack", "Tier": 2, "Damage": 4},
                "*-*bronze": {"DamageType": "SlashingAttack", "Tier": 3, "Damage": 5},
                "*-iron": {"DamageType": "SlashingAttack", "Tier": 4, "Damage": 6.5},
                "*-meteoriciron": {"DamageType": "SlashingAttack", "Tier": 5, "Damage": 6.5},
                "*-steel": {"DamageType": "SlashingAttack", "Tier": 6, "Damage": 7}
              },
              "Knockback": 0.5,
              "DurabilityDamage": 1,
              "Collider": [-0.4, -0.27, 0.5, 0.70000005, -0.37, 0.5]
            },
            {
              "DamageByType": {
                "*-gold": {"DamageType": "SlashingAttack", "Tier": 2, "Damage": 4},
                "*-silver": {"DamageType": "SlashingAttack", "Tier": 2, "Damage": 4},
                "*-*bronze": {"DamageType": "SlashingAttack", "Tier": 3, "Damage": 5},
                "*-iron": {"DamageType": "SlashingAttack", "Tier": 4, "Damage": 6.5},
                "*-meteoriciron": {"DamageType": "SlashingAttack", "Tier": 5, "Damage": 6.5},
                "*-steel": {"DamageType": "SlashingAttack", "Tier": 6, "Damage": 7}
              },
              "Knockback": 0.5,
              "DurabilityDamage": 1,
              "Collider": [0, 0, 0.5, 1.3, 0, 0.5]
            }
          ]
        },
        "Right": {
          "StopOnTerrainHit": true,
          "StopOnEntityHit": false,
          "CollideWithTerrain": true,
          "HitOnlyOneEntity": false,
          "MaxReach": 12,
          "DamageTypes": [
            {
              "DamageByType": {
                "*-gold": {"DamageType": "SlashingAttack", "Tier": 2, "Damage": 4},
                "*-silver": {"DamageType": "SlashingAttack", "Tier": 2, "Damage": 4},
                "*-*bronze": {"DamageType": "SlashingAttack", "Tier": 3, "Damage": 5},
                "*-iron": {"DamageType": "SlashingAttack", "Tier": 4, "Damage": 6.5},
                "*-meteoriciron": {"DamageType": "SlashingAttack", "Tier": 5, "Damage": 6.5},
                "*-steel": {"DamageType": "SlashingAttack", "Tier": 6, "Damage": 7}
              },
              "Knockback": 0.5,
              "DurabilityDamage": 1,
              "Collider": [-0.4, -0.27, 0.5, 0.70000005, -0.37, 0.5]
            },
            {
              "DamageByType": {
                "*-gold": {"DamageType": "SlashingAttack", "Tier": 2, "Damage": 4},
                "*-silver": {"DamageType": "SlashingAttack", "Tier": 2, "Damage": 4},
                "*-*bronze": {"DamageType": "SlashingAttack", "Tier": 3, "Damage": 5},
                "*-iron": {"DamageType": "SlashingAttack", "Tier": 4, "Damage": 6.5},
                "*-meteoriciron": {"DamageType": "SlashingAttack", "Tier": 5, "Damage": 6.5},
                "*-steel": {"DamageType": "SlashingAttack", "Tier": 6, "Damage": 7}
              },
              "Knockback": 0.5,
              "DurabilityDamage": 1,
              "Collider": [0, 0, 0.5, 1.3, 0, 0.5]
            }
          ]
        },
        "Bottom": {
          "StopOnTerrainHit": true,
          "StopOnEntityHit": false,
          "CollideWithTerrain": true,
          "HitOnlyOneEntity": true,
          "MaxReach": 12,
          "DamageTypes": [
            {
              "DamageByType": {
                "*-gold": {"DamageType": "PiercingAttack", "Tier": 2, "Damage": 4},
                "*-silver": {"DamageType": "PiercingAttack", "Tier": 2, "Damage": 4},
                "*-*bronze": {"DamageType": "PiercingAttack", "Tier": 3, "Damage": 5},
                "*-iron": {"DamageType": "PiercingAttack", "Tier": 4, "Damage": 6.5},
                "*-meteoriciron": {"DamageType": "PiercingAttack", "Tier": 5, "Damage": 6.5},
                "*-steel": {"DamageType": "PiercingAttack", "Tier": 6, "Damage": 7}
              },
              "Knockback": 1,
              "DurabilityDamage": 1,
              "Collider": [0, 0, 0.5, 1.3, 0, 0.5]
            },
            {
              "DamageByType": {
                "*-gold": {"DamageType": "PiercingAttack", "Tier": 2, "Damage": 4},
                "*-silver": {"DamageType": "PiercingAttack", "Tier": 2, "Damage": 4},
                "*-*bronze": {"DamageType": "PiercingAttack", "Tier": 3, "Damage": 5},
                "*-iron": {"DamageType": "PiercingAttack", "Tier": 4, "Damage": 6.5},
                "*-meteoriciron": {"DamageType": "PiercingAttack", "Tier": 5, "Damage": 6.5},
                "*-steel": {"DamageType": "PiercingAttack", "Tier": 6, "Damage": 7}
              },
              "Knockback": 2,
              "DurabilityDamage": 1,
              "Collider": [0, 0, 0.5, 0, 0, 0.5]
            }
          ]
        }
      },
      "HandleAttack": {
        "StopOnTerrainHit": true,
        "StopOnEntityHit": false,
        "CollideWithTerrain": true,
        "MaxReach": 9,
        "DamageTypes": [{"Damage": {"DamageType": "BluntAttack", "Tier": 0, "Damage": 0}, "Knockback": 0, "DurabilityDamage": 0, "Collider": [-2.4, 0.1, 0.5, -0.5, 0.1, 0.5]}]
      },
      "HandleHitSound": "game:sounds/thud",
      "AttackDirectionsType": "Square",
      "AttackAnimation": {
        "Top": ["armory:halberd-slash-2h-top"],
        "Left": ["armory:halberd-slash-2h-left"],
        "Right": ["armory:halberd-slash-2h-right"],
        "Bottom": ["armory:halberd-thrust-2h-bottom"]
      },
      "TpAttackAnimation": {"Top": "combatoverhaul-falx-slash", "Left": "combatoverhaul-falx-slash", "Right": "combatoverhaul-falx-slash", "Bottom": "combatoverhaul-spear-hit"},
      "ReadyAnimation": "armory:halberd-ready-2h",
      "IdleAnimation": "armory:halberd-idle-1h",
      "AttackTpAnimation": "spearhit"
      },
      "*-boar-*": {
          "CanAttack": true,
          "CanParry": false,
          "CanBlock": false,
          "CanSprint": true,
          "CanThrow": false,
          "SpeedPenalty": 0,
          "AttackCooldownMs": 500,
          "BlockCooldownMs": 750,
          "GripLengthFactor": 4,
          "GripMinLength": 0,
          "GripMaxLength": 40,
          "Attack": {
            "StopOnTerrainHit": true,
            "StopOnEntityHit": false,
            "CollideWithTerrain": true,
            "HitOnlyOneEntity": true,
            "MaxReach": 12,
            "DamageTypesByType": {
              "*-gold": [{"Damage": {"DamageType": "PiercingAttack", "Tier": 2, "Damage": 4}, "Knockback": 2, "DurabilityDamage": 1, "Collider": [0, 0, 0.5, 1.2, 0, 0.5]}],
              "*-silver": [{"Damage": {"DamageType": "PiercingAttack", "Tier": 2, "Damage": 4}, "Knockback": 2, "DurabilityDamage": 1, "Collider": [0, 0, 0.5, 1.2, 0, 0.5]}],
              "*-*bronze": [{"Damage": {"DamageType": "PiercingAttack", "Tier": 3, "Damage": 5}, "Knockback": 2, "DurabilityDamage": 1, "Collider": [0, 0, 0.5, 1.2, 0, 0.5]}],
              "*-iron": [{"Damage": {"DamageType": "PiercingAttack", "Tier": 4, "Damage": 5.5}, "Knockback": 2, "DurabilityDamage": 1, "Collider": [0, 0, 0.5, 1.2, 0, 0.5]}],
              "*-meteoriciron": [{"Damage": {"DamageType": "PiercingAttack", "Tier": 5, "Damage": 5.5}, "Knockback": 2, "DurabilityDamage": 1, "Collider": [0, 0, 0.5, 1.2, 0, 0.5]}],
              "*-steel": [{"Damage": {"DamageType": "PiercingAttack", "Tier": 6, "Damage": 6}, "Knockback": 2, "DurabilityDamage": 1, "Collider": [0, 0, 0.5, 1.2, 0, 0.5]}]
            }
          },
          "HandleAttack": {
            "StopOnTerrainHit": true,
            "StopOnEntityHit": false,
            "CollideWithTerrain": true,
            "MaxReach": 9,
            "DamageTypes": [{"Damage": {"DamageType": "BluntAttack", "Tier": 0, "Damage": 0}, "Knockback": 0, "DurabilityDamage": 0, "Collider": [0, 0, 0.6, -4.2, 0, 0.6]}]
          },
          "HandleHitSound": "game:sounds/thud",
          "AttackDirectionsType": "TopBottom",
          "AttackAnimation": {"Top": ["armory:pike-thrust-2h-top"], "Bottom": ["armory:pike-thrust-2h-bottom"]},
          "TpAttackAnimation": {"Top": "combatoverhaul-spear-hit", "Bottom": "combatoverhaul-spear-hit"},
          "ReadyAnimation": "armory:pike-ready-2h",
          "IdleAnimation": "armory:pike-idle-1h",
          "AttackTpAnimation": "spearhit"
      },
        "*-fork-*": {
          "CanAttack": true,
          "CanParry": false,
          "CanBlock": false,
          "CanSprint": true,
          "CanThrow": false,
          "SpeedPenalty": 0,
          "AttackCooldownMs": 500,
          "BlockCooldownMs": 750,
          "GripLengthFactor": 4,
          "GripMinLength": 0,
          "GripMaxLength": 40,
          "Attack": {
            "StopOnTerrainHit": true,
            "StopOnEntityHit": false,
            "CollideWithTerrain": true,
            "HitOnlyOneEntity": true,
            "MaxReach": 12,
            "DamageTypesByType": {
              "*-gold": [{"Damage": {"DamageType": "PiercingAttack", "Tier": 2, "Damage": 4}, "Knockback": 2, "DurabilityDamage": 1, "Collider": [0, 0, 0.5, 1.2, 0, 0.5]}],
              "*-silver": [{"Damage": {"DamageType": "PiercingAttack", "Tier": 2, "Damage": 4}, "Knockback": 2, "DurabilityDamage": 1, "Collider": [0, 0, 0.5, 1.2, 0, 0.5]}],
              "*-*bronze": [{"Damage": {"DamageType": "PiercingAttack", "Tier": 3, "Damage": 5}, "Knockback": 2, "DurabilityDamage": 1, "Collider": [0, 0, 0.5, 1.2, 0, 0.5]}],
              "*-iron": [{"Damage": {"DamageType": "PiercingAttack", "Tier": 4, "Damage": 5.5}, "Knockback": 2, "DurabilityDamage": 1, "Collider": [0, 0, 0.5, 1.2, 0, 0.5]}],
              "*-meteoriciron": [{"Damage": {"DamageType": "PiercingAttack", "Tier": 5, "Damage": 5.5}, "Knockback": 2, "DurabilityDamage": 1, "Collider": [0, 0, 0.5, 1.2, 0, 0.5]}],
              "*-steel": [{"Damage": {"DamageType": "PiercingAttack", "Tier": 6, "Damage": 6}, "Knockback": 2, "DurabilityDamage": 1, "Collider": [0, 0, 0.5, 1.2, 0, 0.5]}]
            }
          },
          "HandleAttack": {
            "StopOnTerrainHit": true,
            "StopOnEntityHit": false,
            "CollideWithTerrain": true,
            "MaxReach": 9,
            "DamageTypes": [{"Damage": {"DamageType": "BluntAttack", "Tier": 0, "Damage": 0}, "Knockback": 0, "DurabilityDamage": 0, "Collider": [0, 0, 0.6, -4.2, 0, 0.6]}]
          },
          "HandleHitSound": "game:sounds/thud",
          "AttackDirectionsType": "TopBottom",
          "AttackAnimation": {"Top": ["armory:pike-thrust-2h-top"], "Bottom": ["armory:pike-thrust-2h-bottom"]},
          "TpAttackAnimation": {"Top": "combatoverhaul-spear-hit", "Bottom": "combatoverhaul-spear-hit"},
          "ReadyAnimation": "armory:pike-ready-2h",
          "IdleAnimation": "armory:pike-idle-1h",
          "AttackTpAnimation": "spearhit"
      },
        "*-ranseur-*": {
          "CanAttack": true,
          "CanParry": false,
          "CanBlock": false,
          "CanSprint": true,
          "CanThrow": false,
          "SpeedPenalty": 0,
          "AttackCooldownMs": 500,
          "BlockCooldownMs": 750,
          "GripLengthFactor": 4,
          "GripMinLength": 0,
          "GripMaxLength": 40,
          "Attack": {
            "StopOnTerrainHit": true,
            "StopOnEntityHit": false,
            "CollideWithTerrain": true,
            "HitOnlyOneEntity": true,
            "MaxReach": 12,
            "DamageTypesByType": {
              "*-gold": [{"Damage": {"DamageType": "PiercingAttack", "Tier": 2, "Damage": 4}, "Knockback": 2, "DurabilityDamage": 1, "Collider": [0, 0, 0.5, 1.2, 0, 0.5]}],
              "*-silver": [{"Damage": {"DamageType": "PiercingAttack", "Tier": 2, "Damage": 4}, "Knockback": 2, "DurabilityDamage": 1, "Collider": [0, 0, 0.5, 1.2, 0, 0.5]}],
              "*-*bronze": [{"Damage": {"DamageType": "PiercingAttack", "Tier": 3, "Damage": 5}, "Knockback": 2, "DurabilityDamage": 1, "Collider": [0, 0, 0.5, 1.2, 0, 0.5]}],
              "*-iron": [{"Damage": {"DamageType": "PiercingAttack", "Tier": 4, "Damage": 5.5}, "Knockback": 2, "DurabilityDamage": 1, "Collider": [0, 0, 0.5, 1.2, 0, 0.5]}],
              "*-meteoriciron": [{"Damage": {"DamageType": "PiercingAttack", "Tier": 5, "Damage": 5.5}, "Knockback": 2, "DurabilityDamage": 1, "Collider": [0, 0, 0.5, 1.2, 0, 0.5]}],
              "*-steel": [{"Damage": {"DamageType": "PiercingAttack", "Tier": 6, "Damage": 6}, "Knockback": 2, "DurabilityDamage": 1, "Collider": [0, 0, 0.5, 1.2, 0, 0.5]}]
            }
          },
          "HandleAttack": {
            "StopOnTerrainHit": true,
            "StopOnEntityHit": false,
            "CollideWithTerrain": true,
            "MaxReach": 9,
            "DamageTypes": [{"Damage": {"DamageType": "BluntAttack", "Tier": 0, "Damage": 0}, "Knockback": 0, "DurabilityDamage": 0, "Collider": [0, 0, 0.6, -4.2, 0, 0.6]}]
          },
          "HandleHitSound": "game:sounds/thud",
          "AttackDirectionsType": "TopBottom",
          "AttackAnimation": {"Top": ["armory:pike-thrust-2h-top"], "Bottom": ["armory:pike-thrust-2h-bottom"]},
          "TpAttackAnimation": {"Top": "combatoverhaul-spear-hit", "Bottom": "combatoverhaul-spear-hit"},
          "ReadyAnimation": "armory:pike-ready-2h",
          "IdleAnimation": "armory:pike-idle-1h",
          "AttackTpAnimation": "spearhit"
      }
      }
    },
    "side": "Server",
    "dependsOn": [
			{"modid": "ancientarmory"},  
			{"modid": "combatoverhaul"},
      {"modid": "armory"}
		]
  }
]