[
	{
		ingredientPattern: "DBD,FEF,IGI",
		recipeGroup: 1,
		ingredients: {
			"B": { type: "item", code: "fa-hussar-schematic", returnedStack: { "type": "item", "code": "fa-hussar-schematic" }
			},
			"D": { type: "item", code: "game:metalplate-steel", quantity: 1
			},
			"E": { type: "item", code: "game:armor-legs-plate-steel"
			},
			"F": { type: "item", code: "game:metalnailsandstrips-gold", quantity: 4
			},
			"G": { type: "item", code: "game:hammer-*", isTool: true, toolDurabilityCost: 100
			},
			"I": { type: "item", code: "game:leather-sturdy-plain", quantity: 4
			}
		},
		width: 3,
		height: 3,
		name: "hussar steel plate legs",
		output: { type: "item", code: "fa-hussar-legs-steel-heavy-none"
		}
	},
	{
		ingredientPattern: "DBD,FEF,IGI",
		recipeGroup: 1,
		ingredients: {
			"B": { type: "item", code: "fa-hussar-schematic", returnedStack: { "type": "item", "code": "fa-hussar-schematic" }
			},
			"D": { type: "item", code: "game:metalplate-meteoriciron", quantity: 1
			},
			"E": { type: "item", code: "game:armor-legs-plate-meteoriciron"
			},
			"F": { type: "item", code: "game:metalnailsandstrips-cupronickel", quantity: 4
			},
			"G": { type: "item", code: "game:hammer-*", isTool: true, toolDurabilityCost: 100
			},
			"I": { type: "item", code: "game:leather-normal-plain", quantity: 4
			}
		},
		width: 3,
		height: 3,
		name: "hussar meteoriciron plate legs",
		output: { type: "item", code: "fa-hussar-legs-meteoriciron-heavy-none"
		}
	},
	{
		ingredientPattern: "DBD,FEF,IGI",
		recipeGroup: 1,
		ingredients: {
			"B": { type: "item", code: "fa-hussar-schematic", returnedStack: { "type": "item", "code": "fa-hussar-schematic" }
			},
			"D": { type: "item", code: "game:metalplate-iron", quantity: 1
			},
			"E": { type: "item", code: "game:armor-legs-plate-iron"
			},
			"F": { type: "item", code: "game:metalnailsandstrips-blackbronze", quantity: 4
			},
			"G": { type: "item", code: "game:hammer-*", isTool: true, toolDurabilityCost: 100
			},
			"I": { type: "item", code: "game:leather-normal-plain", quantity: 4
			}
		},
		width: 3,
		height: 3,
		name: "hussar iron plate legs",
		output: { type: "item", code: "fa-hussar-legs-iron-heavy-none"
		}
	},
	{
		ingredientPattern: "_I_,DBD,FGF",
		recipeGroup: 1,
		ingredients: {
			"B": { type: "item", code: "fa-hussar-legs-*-heavy-none",
						name: "metal", allowedVariants: [
					"steel",
					"meteoriciron",
					"iron"
				]
			},
			"D": { type: "item", code: "game:cloth-*", name: "color", 
					allowedVariants: [
					"plain",
					"blue",
					"red",
					"yellow",
					"green",
					"purple",
					"pink",
					"orange",
					"brown",
					"gray",
					"black",
					"white"
				], quantity: 6
			},
			"F": { type: "item", code: "game:metalnailsandstrips-*",
						name: "metal", allowedVariants: [
					"steel",
					"meteoriciron",
					"iron"
				], quantity: 2
			},
			"G": { type: "item", code: "game:hammer-*", isTool: true, toolDurabilityCost: 100
			},
			"I": { type: "item", code: "game:shears-*", isTool: true, toolDurabilityCost: 100
			},
		},
		width: 3,
		height: 3,
		name: "hussar iron plate legs",
		output: { type: "item", code: "fa-hussar-legs-{metal}-heavy-{color}"
		}
	},
	{
		ingredientPattern: "AE,BG",
		recipeGroup: 1,
		ingredients: {
			"A": { type: "item", 
					code: "game:armor-legs-hide-bear-*",
					name: "bear",
					allowedVariants: [
					"black",
					"brown",
					"polar"
				]
			},
			"E": { type: "item", 
					code: "fa-hussar-legs-*-heavy-none",
					name: "metal",
					allowedVariants: [
					"iron",
					"meteoriciron",
					"steel"
				]
			},
			"G": { type: "item", code: "game:shears-*", isTool: true, toolDurabilityCost: 100
			},
			"B": { type: "item", code: "game:hammer-*", isTool: true, toolDurabilityCost: 100
			}
		},
		width: 2,
		height: 2,
		name: "gothi plate legs",
		output: { type: "item", code: "fa-hussar-legs-{metal}-heavy-bear-{bear}"
		}
	},
	{
		ingredientPattern: "BCD,_A_",
		recipeGroup: 1,
		ingredients: {
			"A": { type: "item", code: "fa-hussar-legs-steel-*heavy*"
			},
			"B": { type: "item", code: "game:wrench-*", isTool: true, toolDurabilityCost: 100
			},
			"C": { type: "item", code: "game:saw-*", isTool: true, toolDurabilityCost: 100
			},
			"D": { type: "item", code: "game:shears-*", isTool: true, toolDurabilityCost: 100
			},
		},
		width: 3,
		height: 2,
		name: "hussar steel plate legs deplume",
		output: { type: "item", code: "fa-hussar-legs-steel-heavy-none"
		}
	},
	{
		ingredientPattern: "BCD,_A_",
		recipeGroup: 1,
		ingredients: {
			"A": { type: "item", code: "fa-hussar-legs-meteoriciron-*heavy*"
			},
			"B": { type: "item", code: "game:wrench-*", isTool: true, toolDurabilityCost: 100
			},
			"C": { type: "item", code: "game:saw-*", isTool: true, toolDurabilityCost: 100
			},
			"D": { type: "item", code: "game:shears-*", isTool: true, toolDurabilityCost: 100
			},
		},
		width: 3,
		height: 2,
		name: "hussar steel plate legs deplume",
		output: { type: "item", code: "fa-hussar-legs-meteoriciron-heavy-none"
		}
	},
	{
		ingredientPattern: "BCD,_A_",
		recipeGroup: 1,
		ingredients: {
			"A": { type: "item", code: "fa-hussar-legs-iron-*heavy*"
			},
			"B": { type: "item", code: "game:wrench-*", isTool: true, toolDurabilityCost: 100
			},
			"C": { type: "item", code: "game:saw-*", isTool: true, toolDurabilityCost: 100
			},
			"D": { type: "item", code: "game:shears-*", isTool: true, toolDurabilityCost: 100
			},
		},
		width: 3,
		height: 2,
		name: "hussar steel plate legs deplume",
		output: { type: "item", code: "fa-hussar-legs-iron-heavy-none"
		}
	}
]