[
		{
			"op": "add",
			"path": "/treegens/-",
			"value": {
				"Generator": "araucariaheterophylla",
				"MinSize": 0.8,
				"MaxSize": 1,
				"Weight": 100,
				"SuitabilitySizeBonus": 0.2,
				"MinTemp": 18,
				"MaxTemp": 20,
				"MinRain": 165,
				"MaxRain": 181,
				"MinFert": 0,
				"MaxFert": 178,
				"MinForest": 0,
				"MaxForest": 255,
				"MinHeight": 0,
				"MaxHeight": 0.4
			},
			"file": "game:worldgen/treengenproperties.json",
			"side": "server",
		},
		{
			"op": "add",
			"path": "/treegens/-",
			"value": {
				"Generator": "araucariaheterophyllalarge",
				"MinSize": 0.8,
				"MaxSize": 1,
				"Weight": 10,
				"SuitabilitySizeBonus": 0.2,
				"MinTemp": 18,
				"MaxTemp": 20,
				"MinRain": 165,
				"MaxRain": 181,
				"MinFert": 0,
				"MaxFert": 153,
				"MinForest": 0,
				"MaxForest": 255,
				"MinHeight": 0,
				"MaxHeight": 0.4
			},
			"file": "game:worldgen/treengenproperties.json",
			"side": "server",
		},
		{
			"op": "add",
			"path": "/treegens/-",
			"value": {
				"Generator": "alsophilatricolor",
				"MinSize": 0.1,
				"MaxSize": 0.8,
				"Weight": 60,
				"SuitabilitySizeBonus": 0.5,
				"MinTemp": 6,
				"MaxTemp": 16,
				"MinRain": 66,
				"MaxRain": 138,
				"MinFert": 102,
				"MaxFert": 255,
				"MinForest": 0,
				"MaxForest": 255,
				"MinHeight": 0,
				"MaxHeight": 0.6
			},
			"file": "game:worldgen/treengenproperties.json",
			"side": "server",
		},
		{
			"op": "add",
			"path": "/treegens/-",
			"value": {
				"Generator": "dacrydiumcupressinum",
				"MinSize": 0.3,
				"MaxSize": 1,
				"Weight": 1,
				"SuitabilitySizeBonus": 0.2,
				"MinTemp": 8,
				"MaxTemp": 16,
				"MinRain": 66,
				"MaxRain": 255,
				"MinFert": 0,
				"MaxFert": 255,
				"MinForest": 128,
				"MaxForest": 255,
				"MinHeight": 0,
				"MaxHeight": 0.45
			},
			"file": "game:worldgen/treengenproperties.json",
			"side": "server",
		},
		{
			"op": "add",
			"path": "/treegens/-",
			"value": {
				"Generator": "dacrydiumcupressinumsmall",
				"MinSize": 0.4,
				"MaxSize": 0.5,
				"Weight": 5,
				"SuitabilitySizeBonus": 0.2,
				"MinTemp": 12,
				"MaxTemp": 16,
				"MinRain": 66,
				"MaxRain": 255,
				"MinFert": 0,
				"MaxFert": 255,
				"MinForest": 128,
				"MaxForest": 255,
				"MinHeight": 0,
				"MaxHeight": 0.45
			},
			"file": "game:worldgen/treengenproperties.json",
			"side": "server",
		},
		{
			"op": "add",
			"path": "/treegens/-",
			"value": {
				"Generator": "dacrydiumcupressinummedium",
				"MinSize": 0.25,
				"MaxSize": 1,
				"Weight": 10,
				"SuitabilitySizeBonus": 0.4,
				"MinTemp": 8,
				"MaxTemp": 16,
				"MinRain": 66,
				"MaxRain": 255,
				"MinFert": 0,
				"MaxFert": 255,
				"MinForest": 128,
				"MaxForest": 255,
				"MinHeight": 0,
				"MaxHeight": 0.45
			},
			"file": "game:worldgen/treengenproperties.json",
			"side": "server",
		},
		{
			"op": "add",
			"path": "/treegens/-",
			"value": {
				"Generator": "enteleaarborescens",
				"MinSize": 0.75,
				"MaxSize": 1,
				"Weight": 80,
				"SuitabilitySizeBonus": 0.0,
				"MinTemp": 12,
				"MaxTemp": 16,
				"MinRain": 66,
				"MaxRain": 191,
				"MinFert": 0,
				"MaxFert": 179,
				"MinForest": 0,
				"MaxForest": 165,
				"MinHeight": 0,
				"MaxHeight": 0.4
			},
			"file": "game:worldgen/treengenproperties.json",
			"side": "server",
		},
		{
			"op": "add",
			"path": "/shrubgens/-",
			"value": {
				"Generator": "halocarpusbidwillii",
				"MinSize": 0.7,
				"MaxSize": 1,
				"Weight": 100,
				"SuitabilitySizeBonus": 0.6,
				"MinTemp": 4,
				"MaxTemp": 12,
				"MinRain": 181,
				"MaxRain": 255,
				"MinFert": 0,
				"MaxFert": 255,
				"MinForest": 76,
				"MaxForest": 154,
				"MinHeight": 0,
				"MaxHeight": 0.5
			},
			"file": "game:worldgen/treengenproperties.json",
			"side": "server",
		},
		{
			"op": "add",
			"path": "/treegens/-",
			"value": {
				"Generator": "nothofagusmenziesii",
				"MinSize": 0.3,
				"MaxSize": 0.6,
				"Weight": 20,
				"SuitabilitySizeBonus": 0.2,
				"MinTemp": 6,
				"MaxTemp": 14,
				"MinRain": 66,
				"MaxRain": 255,
				"MinFert": 0,
				"MaxFert": 255,
				"MinForest": 102,
				"MaxForest": 255,
				"MinHeight": 0,
				"MaxHeight": 0.65
			},
			"file": "game:worldgen/treengenproperties.json",
			"side": "server",
		},
		{
			"op": "add",
			"path": "/treegens/-",
			"value": {
				"Generator": "nothofagusmenziesiilarge",
				"MinSize": 0.5,
				"MaxSize": 0.8,
				"Weight": 5,
				"SuitabilitySizeBonus": 0.6,
				"MinTemp": 6,
				"MaxTemp": 14,
				"MinRain": 66,
				"MaxRain": 255,
				"MinFert": 0,
				"MaxFert": 255,
				"MinForest": 102,
				"MaxForest": 255,
				"MinHeight": 0,
				"MaxHeight": 0.65
			},
			"file": "game:worldgen/treengenproperties.json",
			"side": "server",
		},
		{
			"op": "add",
			"path": "/shrubgens/-",
			"value": {
				"Generator": "podocarpusnivalis",
				"MinSize": 0.5,
				"MaxSize": 1,
				"Weight": 50,
				"SuitabilitySizeBonus": 0.2,
				"MinTemp": 4,
				"MaxTemp": 12,
				"MinRain": 173,
				"MaxRain": 255,
				"MinFert": 0,
				"MaxFert": 255,
				"MinForest": 0,
				"MaxForest": 102,
				"MinHeight": 0.06,
				"MaxHeight": 0.5
			},
			"file": "game:worldgen/treengenproperties.json",
			"side": "server",
		},
		{
			"op": "add",
			"path": "/treegens/-",
			"value": {
				"Generator": "podocarpustotara",
				"MinSize": 0.8,
				"MaxSize": 1,
				"Weight": 10,
				"SuitabilitySizeBonus": 0.6,
				"MinTemp": 6,
				"MaxTemp": 16,
				"MinRain": 66,
				"MaxRain": 255,
				"MinFert": 0,
				"MaxFert": 255,
				"MinForest": 0,
				"MaxForest": 255,
				"MinHeight": 0,
				"MaxHeight": 0.67
			},
			"file": "game:worldgen/treengenproperties.json",
			"side": "server",
		},
		{
			"op": "add",
			"path": "/treegens/-",
			"value": {
				"Generator": "podocarpustotaralarge",
				"MinSize": 0.8,
				"MaxSize": 1,
				"Weight": 30,
				"SuitabilitySizeBonus": 0.6,
				"MinTemp": 6,
				"MaxTemp": 16,
				"MinRain": 66,
				"MaxRain": 255,
				"MinFert": 0,
				"MaxFert": 255,
				"MinForest": 0,
				"MaxForest": 255,
				"MinHeight": 0,
				"MaxHeight": 0.67
			},
			"file": "game:worldgen/treengenproperties.json",
			"side": "server",
		},
		{
			"op": "add",
			"path": "/treegens/-",
			"value": {
				"Generator": "psuedopanaxcrassifolius",
				"MinSize": 0.8,
				"MaxSize": 1,
				"Weight": 50,
				"SuitabilitySizeBonus": 0.2,
				"MinTemp": 6,
				"MaxTemp": 16,
				"MinRain": 66,
				"MaxRain": 255,
				"MinFert": 0,
				"MaxFert": 179,
				"MinForest": 77,
				"MaxForest": 255,
				"MinHeight": 0,
				"MaxHeight": 0.4
			},
			"file": "game:worldgen/treengenproperties.json",
			"side": "server",
		},
		{
			"op": "add",
			"path": "/treegens/-",
			"value": {
				"Generator": "psuedopanaxcrassifoliusyoung",
				"MinSize": 0.5,
				"MaxSize": 0.8,
				"Weight": 50,
				"SuitabilitySizeBonus": 0.2,
				"MinTemp": 6,
				"MaxTemp": 16,
				"MinRain": 66,
				"MaxRain": 255,
				"MinFert": 0,
				"MaxFert": 179,
				"MinForest": 77,
				"MaxForest": 255,
				"MinHeight": 0,
				"MaxHeight": 0.4
			},
			"file": "game:worldgen/treengenproperties.json",
			"side": "server",
		},
		{
			"op": "add",
			"path": "/treegens/-",
			"value": {
				"Generator": "rhopalostylissapida",
				"MinSize": 0.7,
				"MaxSize": 1,
				"Weight": 60,
				"SuitabilitySizeBonus": 0.2,
				"MinTemp": 12,
				"MaxTemp": 16,
				"MinRain": 66,
				"MaxRain": 184,
				"MinFert": 127,
				"MaxFert": 255,
				"MinForest": 0,
				"MaxForest": 218,
				"MinHeight": 0,
				"MaxHeight": 0.4
			},
			"file": "game:worldgen/treengenproperties.json",
			"side": "server",
		}
]