[
    {
        "op": "addmerge",
        "path": "/creativeinventory/tabletopgames",
        "value": ["*"],
        "file": "wildcrafttree:itemtypes/resource/plank.json",
        "dependsOn": [{ "modid": "wildcrafttree" }],
        "side": "Server"
    },

    {
        "op": "addeach",
        "path": "/creativeinventoryStacks/0/stacks/-",
        "value": [
            { "type": "item", "code": "tabletopgames:gameboard", "attributes": { "types": { "type": "generic", "wood": "cedar" } } },
            { "type": "item", "code": "tabletopgames:gameboard", "attributes": { "types": { "type": "generic", "wood": "fir" } } },
            { "type": "item", "code": "tabletopgames:gameboard", "attributes": { "types": { "type": "generic", "wood": "spruce" } } },
            { "type": "item", "code": "tabletopgames:gameboard", "attributes": { "types": { "type": "generic", "wood": "douglasfir" } } },
            { "type": "item", "code": "tabletopgames:gameboard", "attributes": { "types": { "type": "generic", "wood": "tuja" } } },
            { "type": "item", "code": "tabletopgames:gameboard", "attributes": { "types": { "type": "generic", "wood": "redcedar" } } },
            { "type": "item", "code": "tabletopgames:gameboard", "attributes": { "types": { "type": "generic", "wood": "yew" } } },
            { "type": "item", "code": "tabletopgames:gameboard", "attributes": { "types": { "type": "generic", "wood": "kauri" } } },
            { "type": "item", "code": "tabletopgames:gameboard", "attributes": { "types": { "type": "generic", "wood": "ginkgo" } } },
            { "type": "item", "code": "tabletopgames:gameboard", "attributes": { "types": { "type": "generic", "wood": "sycamore" } } },
            { "type": "item", "code": "tabletopgames:gameboard", "attributes": { "types": { "type": "generic", "wood": "honeylocust" } } },
            { "type": "item", "code": "tabletopgames:gameboard", "attributes": { "types": { "type": "generic", "wood": "dalbergia" } } },
            { "type": "item", "code": "tabletopgames:gameboard", "attributes": { "types": { "type": "generic", "wood": "umnini" } } },
            { "type": "item", "code": "tabletopgames:gameboard", "attributes": { "types": { "type": "generic", "wood": "banyan" } } },
            { "type": "item", "code": "tabletopgames:gameboard", "attributes": { "types": { "type": "generic", "wood": "elm" } } },
            { "type": "item", "code": "tabletopgames:gameboard", "attributes": { "types": { "type": "generic", "wood": "beech" } } },
            { "type": "item", "code": "tabletopgames:gameboard", "attributes": { "types": { "type": "generic", "wood": "bearnut" } } },
            { "type": "item", "code": "tabletopgames:gameboard", "attributes": { "types": { "type": "generic", "wood": "willow" } } },
            { "type": "item", "code": "tabletopgames:gameboard", "attributes": { "types": { "type": "generic", "wood": "poplar" } } },
            { "type": "item", "code": "tabletopgames:gameboard", "attributes": { "types": { "type": "generic", "wood": "tamanu" } } },
            { "type": "item", "code": "tabletopgames:gameboard", "attributes": { "types": { "type": "generic", "wood": "spurgetree" } } },
            { "type": "item", "code": "tabletopgames:gameboard", "attributes": { "types": { "type": "generic", "wood": "azobe" } } },
            { "type": "item", "code": "tabletopgames:gameboard", "attributes": { "types": { "type": "generic", "wood": "guajacum" } } },
            { "type": "item", "code": "tabletopgames:gameboard", "attributes": { "types": { "type": "generic", "wood": "eucalyptus" } } },
            { "type": "item", "code": "tabletopgames:gameboard", "attributes": { "types": { "type": "generic", "wood": "ghostgum" } } },
            { "type": "item", "code": "tabletopgames:gameboard", "attributes": { "types": { "type": "generic", "wood": "ohia" } } },
            { "type": "item", "code": "tabletopgames:gameboard", "attributes": { "types": { "type": "generic", "wood": "satinash" } } },
            { "type": "item", "code": "tabletopgames:gameboard", "attributes": { "types": { "type": "generic", "wood": "leadwood" } } },
            { "type": "item", "code": "tabletopgames:gameboard", "attributes": { "types": { "type": "generic", "wood": "bluemahoe" } } },
            { "type": "item", "code": "tabletopgames:gameboard", "attributes": { "types": { "type": "generic", "wood": "linden" } } },
            { "type": "item", "code": "tabletopgames:gameboard", "attributes": { "types": { "type": "generic", "wood": "sal" } } },
            { "type": "item", "code": "tabletopgames:gameboard", "attributes": { "types": { "type": "generic", "wood": "horsechestnut" } } },
            { "type": "item", "code": "tabletopgames:gameboard", "attributes": { "types": { "type": "generic", "wood": "tigerwood" } } },
            { "type": "item", "code": "tabletopgames:gameboard", "attributes": { "types": { "type": "generic", "wood": "mahogany" } } },
            { "type": "item", "code": "tabletopgames:gameboard", "attributes": { "types": { "type": "generic", "wood": "sapele" } } },
            { "type": "item", "code": "tabletopgames:gameboard", "attributes": { "types": { "type": "generic", "wood": "saxaul" } } },
            { "type": "item", "code": "tabletopgames:gameboard", "attributes": { "types": { "type": "generic", "wood": "ash" } } },
            { "type": "item", "code": "tabletopgames:gameboard", "attributes": { "types": { "type": "generic", "wood": "catalpa" } } },
            { "type": "item", "code": "tabletopgames:gameboard", "attributes": { "types": { "type": "generic", "wood": "jacaranda" } } },
            { "type": "item", "code": "tabletopgames:gameboard", "attributes": { "types": { "type": "generic", "wood": "mangrove" } } },
            { "type": "item", "code": "tabletopgames:gameboard", "attributes": { "types": { "type": "generic", "wood": "empresstree" } } },
            { "type": "item", "code": "tabletopgames:gameboard", "attributes": { "types": { "type": "generic", "wood": "charred" } } },
            { "type": "item", "code": "tabletopgames:gameboard", "attributes": { "types": { "type": "generic", "wood": "chlorociboria" } } },
            { "type": "item", "code": "tabletopgames:gameboard", "attributes": { "types": { "type": "generic", "wood": "petrified" } } }
        ],
        "file": "tabletopgames:itemtypes/gameboard.json",
        "dependsOn": [{ "modid": "wildcrafttree" }],
        "side": "Server"
    }
]
