{
	code: "slantedroofingridgehalfleft",
	behaviors: [{name: "HorizontalOrientable", properties: {  dropBlockFace: "east", drop: { type: "block", code: "slantedroofingridgehalfleft-{material}-east-free" }  }}],
	"variantgroups": [
		{ "code": "material", "loadFromProperties": "floralzonesneozeylandicregion:block/wood" },
		{ loadFromProperties: "abstract/horizontalorientation" },
		{ "code": "cover", states: ["free", "snow"] }
	],
	attributes: {
		mapColorCode: "settlement",
	},
	heldTpIdleAnimation: "holdbothhandslarge",
	heldRightReadyAnimation: "heldblockready",
	heldTpUseAnimation: "twohandplaceblock",
	shapeByType: {
		"*-north-*": { base: "game:block/roofing/ridge-half/left/wood-{cover}", rotateY: 90 },
		"*-west-*": { base: "game:block/roofing/ridge-half/left/wood-{cover}", rotateY: 180 },
		"*-south-*": { base: "game:block/roofing/ridge-half/left/wood-{cover}", rotateY: 270 },
		"*-east-*": { base: "game:block/roofing/ridge-half/left/wood-{cover}", rotateY: 0 },
	},
	texturesByType: {
		"*": {
			"acacia1": { base: "floralzonesneozeylandicregion:block/wood/planks/{material}1" },
			"acacia-top": { base: "floralzonesneozeylandicregion:block/wood/shingles/{material}-top" },
			"acacia-side": { base: "floralzonesneozeylandicregion:block/wood/shingles/{material}-side" },
		},
	},
	drawtype: "json",
	faceCullMode: "NeverCull",
	renderpass: "OpaqueNoCull",
	sidesolidByType: {
		"*-north-*": {"north": true, "south": false, "east": false, "west": false, "up": false, "down": true },
		"*-south-*": {"north": false, "south": true, "east": false, "west": false, "up": false, "down": true },
		"*-east-*": {"north": false, "south": false, "east": true, "west": false, "up": false, "down": true },
		"*-west-*": {"north": false, "south": false, "east": false, "west": true, "up": false, "down": true }
	},
	sideopaque: { all: false },
	blockmaterialByType: {
		"*-agedthatch-*": "Plant",
		"*-thatch-*": "Plant",
		"*-sod-*": "Plant",
		"*-bamboo-*": "Wood",
		"*-copper-*": "Metal",
		"*-fireclay-*": "Ceramic",
		"*-blueclay-*": "Ceramic",
		"*-redclay-*": "Ceramic",
		"*-brownclay-*": "Ceramic",
		"*-slate-*": "Stone",
		"*": "Wood",
	},
	creativeinventory: { "general": ["*-east-free"], "decorative": ["*-east-free"] },
	replaceable: 300,
	resistance: 2,
	lightAbsorption: 99,
	emitSideAo: {
		all: true
	},
	sideAoByType: { "*-sod-*": { all: false } },
	collisionSelectionBoxesByType: {
		"*-north-*": [ { x1: 0, y1: 0, z1: 0, x2: 0.5, y2: 0.375, z2: 1, rotateY: 90 }, { x1: 0.25, y1: 0.375, z1: 0, x2: 0.5, y2: 0.5625, z2: 1, rotateY: 90 }],
		"*-west-*": [ { x1: 0, y1: 0, z1: 0, x2: 0.5, y2: 0.375, z2: 1, rotateY: 180 }, { x1: 0.25, y1: 0.375, z1: 0, x2: 0.5, y2: 0.5625, z2: 1, rotateY: 180 }],
		"*-south-*": [ { x1: 0, y1: 0, z1: 0, x2: 0.5, y2: 0.375, z2: 1, rotateY: 270 }, { x1: 0.25, y1: 0.375, z1: 0, x2: 0.5, y2: 0.5625, z2: 1, rotateY: 270 }],
		"*-east-*": [ { x1: 0, y1: 0, z1: 0, x2: 0.5, y2: 0.375, z2: 1, }, { x1: 0.25, y1: 0.375, z1: 0, x2: 0.5, y2: 0.5625, z2: 1 }],
	},
	soundsByType: {
		"*-agedthatch-*": {
			place: "block/plant",
			break: "block/plant",
			hit: "block/plant",
		},
		"*-thatch-*": {
			place: "block/plant",
			break: "block/plant",
			hit: "block/plant",
		},
		"*-bamboo-*": {
			place: "block/planks",
			break: "block/planks",
			hit: "block/planks",
		},
		"*-copper-*": {
			"place": "block/chute",
			"break": "block/chute",
			"hit": "block/chute",
			"walk": "walk/stone"
		},
		"*-slate-*": {
			walk: "walk/stone",
			place: "block/ceramicplace"
		},
		"*-fireclay-*": {
			walk: "walk/stone",
			place: "block/ceramicplace"
		},
		"*-blueclay-*": {
			walk: "walk/stone",
			place: "block/ceramicplace"
		},
		"*-redclay-*": {
			walk: "walk/stone",
			place: "block/ceramicplace"
		},
		"*-brownclay-*": {
			walk: "walk/stone",
			place: "block/ceramicplace"
		},
		"*-sod-*": {
			"hit": "block/planks",
			"break": "block/planks",
			"place": "block/planks",
			"walk": "walk/grass*"
		},
		"*": {
			place: "block/planks",
			break: "block/planks",
			hit: "block/planks",
		},
	},
	guiTransform: {
		rotation: { x: -22.6, y: -40, z: 0 },
		origin: { x: 0.1299, y: 0.25, z: 0.56 },
		scale: 0.96
	},
	tpHandTransform: {
		translation: { x: -1.7, y: -1, z: 0 },
		rotation: { x: 98, y: -180, z: 76 },
		scale: 0.43
	},
	groundTransform: {
		translation: { x: 0, y: 0, z: 0 },
		rotation: { x: 0, y: -45, z: 0 },
		origin: { x: 0.5, y: 0, z: 0.5 },
		scale: 2.2
	}
}
