{
    "code": "heraldryworkbench",
    "class": "Heraldry.BlockHeraldryWorkbench",
    "entityClass": "Heraldry.BEHeraldryWorkbench",
    "attributes": {
        "reinforcable": true,
        "valuesByMultiblockOffset": {
            "collisionSelectionBoxesByType": {
                "*-north": {
                    // PART with papers
                    "0,-1,0": [{ "x1": 0.125, "y1": 0, "z1": 0.1875, "x2": 0.875, "y2": 0.25, "z2": 0.875 }],
                    // PART with cloth pile
                    "-1,-1,0": [{ "x1": 0, "y1": 0, "z1": 0.0625, "x2": 0.9375, "y2": 0.0625, "z2": 0.9375 }],
                    // PART right bottom
                    "-1,0,0": [{ "x1": 0, "y1": 0, "z1": 0.0625, "x2": 0.9375, "y2": 1, "z2": 0.9375 }]
                },
                "*-east": {
                    // PART with papers
                    "0,-1,0": [{ "x1": 0.125, "y1": 0, "z1": 0.1875, "x2": 0.875, "y2": 0.25, "z2": 0.875, "rotateYByType": { "*-north": 0, "*-east": 270, "*-south": 180, "*-west": 90 } }],
                    // PART with cloth pile
                    "0,-1,-1": [{ "x1": 0, "y1": 0, "z1": 0.0625, "x2": 0.9375, "y2": 0.0625, "z2": 0.9375, "rotateYByType": { "*-north": 0, "*-east": 270, "*-south": 180, "*-west": 90 } }],
                    // PART right bottom
                    "0,0,-1": [{ "x1": 0, "y1": 0, "z1": 0.0625, "x2": 0.9375, "y2": 1, "z2": 0.9375, "rotateYByType": { "*-north": 0, "*-east": 270, "*-south": 180, "*-west": 90 } }]
                },
                "*-south": {
                    // PART with papers
                    "0,-1,0": [{ "x1": 0.125, "y1": 0, "z1": 0.1875, "x2": 0.875, "y2": 0.25, "z2": 0.875, "rotateYByType": { "*-north": 0, "*-east": 270, "*-south": 180, "*-west": 90 } }],
                    // PART with cloth pile
                    "1,-1,0": [{ "x1": 0, "y1": 0, "z1": 0.0625, "x2": 0.9375, "y2": 0.0625, "z2": 0.9375, "rotateYByType": { "*-north": 0, "*-east": 270, "*-south": 180, "*-west": 90 } }],
                    // PART right bottom
                    "1,0,0": [{ "x1": 0, "y1": 0, "z1": 0.0625, "x2": 0.9375, "y2": 1, "z2": 0.9375, "rotateYByType": { "*-north": 0, "*-east": 270, "*-south": 180, "*-west": 90 } }]
                },
                "*-west": {
                    // PART with papers
                    "0,-1,0": [{ "x1": 0.125, "y1": 0, "z1": 0.1875, "x2": 0.875, "y2": 0.25, "z2": 0.875, "rotateYByType": { "*-north": 0, "*-east": 270, "*-south": 180, "*-west": 90 } }],
                    // PART with cloth pile
                    "0,-1,1": [{ "x1": 0, "y1": 0, "z1": 0.0625, "x2": 0.9375, "y2": 0.0625, "z2": 0.9375, "rotateYByType": { "*-north": 0, "*-east": 270, "*-south": 180, "*-west": 90 } }],
                    // PART right bottom
                    "0,0,1": [{ "x1": 0, "y1": 0, "z1": 0.0625, "x2": 0.9375, "y2": 1, "z2": 0.9375, "rotateYByType": { "*-north": 0, "*-east": 270, "*-south": 180, "*-west": 90 } }]
                }
            }
        }
    },
    "behaviors": [
        // to handle drops properly, call HorizontalOrientable before BlockShapeTexturesFromAttributes
        { "name": "AttributeRenderingLibrary.HorizontalOrientable", "properties": { "dropBlockFace": "east" } },
        {
            "name": "AttributeRenderingLibrary.BlockShapeTexturesFromAttributes",
            "properties": {
                "name": {
                    "*": ["heraldry:block-heraldryworkbench-{side}", " (", "material-{wood}", ")"]
                },
                "textures": {
                    "wood-*": {
                        "oak": { "base": "game:block/wood/debarked/{wood}" },
                        "oak1": { "base": "game:block/wood/planks/{wood}1" }
                    },
                    "*": {
                        "oak": { "base": "game:block/wood/debarked/oak" },
                        "oak1": { "base": "game:block/wood/planks/oak1" }
                    }
                }
            }
        },
        {
            "name": "Multiblock",
            "propertiesByType": {
                "*-north": { "sizex": 2, "sizey": 2, "sizez": 1, "cposition": { "x": 0, "y": 0, "z": 0 } },
                "*-east": { "sizex": 1, "sizey": 2, "sizez": 2, "cposition": { "x": 0, "y": 0, "z": 0 } },
                "*-south": { "sizex": 2, "sizey": 2, "sizez": 1, "cposition": { "x": 1, "y": 0, "z": 0 } },
                "*-west": { "sizex": 1, "sizey": 2, "sizez": 2, "cposition": { "x": 0, "y": 0, "z": 1 } }
            }
        },
        { "name": "Lockable" },
        { "name": "Container" }
    ],
    "entityBehaviors": [{ "name": "AttributeRenderingLibrary.ShapeTexturesFromAttributes" }],
    "variantgroups": [{ "code": "side", "loadFromProperties": "abstract/horizontalorientation" }],
    "creativeInventoryStacksByType": {
        "*-east": [
            {
                "tabs": ["general", "decorative", "heraldry"],
                "stacks": [
                    { "type": "block", "code": "heraldryworkbench-east", "attributes": { "types": { "wood": "birch" } } },
                    { "type": "block", "code": "heraldryworkbench-east", "attributes": { "types": { "wood": "oak" } } },
                    { "type": "block", "code": "heraldryworkbench-east", "attributes": { "types": { "wood": "maple" } } },
                    { "type": "block", "code": "heraldryworkbench-east", "attributes": { "types": { "wood": "pine" } } },
                    { "type": "block", "code": "heraldryworkbench-east", "attributes": { "types": { "wood": "acacia" } } },
                    { "type": "block", "code": "heraldryworkbench-east", "attributes": { "types": { "wood": "kapok" } } },
                    { "type": "block", "code": "heraldryworkbench-east", "attributes": { "types": { "wood": "baldcypress" } } },
                    { "type": "block", "code": "heraldryworkbench-east", "attributes": { "types": { "wood": "larch" } } },
                    { "type": "block", "code": "heraldryworkbench-east", "attributes": { "types": { "wood": "redwood" } } },
                    { "type": "block", "code": "heraldryworkbench-east", "attributes": { "types": { "wood": "ebony" } } },
                    { "type": "block", "code": "heraldryworkbench-east", "attributes": { "types": { "wood": "walnut" } } },
                    { "type": "block", "code": "heraldryworkbench-east", "attributes": { "types": { "wood": "purpleheart" } } }
                ]
            }
        ]
    },
    "shapeByType": {
        "*-north": { "base": "heraldry:block/heraldryworkbench", "rotateY": 0 },
        "*-east": { "base": "heraldry:block/heraldryworkbench", "rotateY": 270 },
        "*-west": { "base": "heraldry:block/heraldryworkbench", "rotateY": 90 },
        "*-south": { "base": "heraldry:block/heraldryworkbench", "rotateY": 180 }
    },
    "textures": {
        "color_blue": { "base": "game:block/cloth/linen/blue" },
        "color_green": { "base": "game:block/cloth/linen/green" },
        "color": { "base": "game:block/cloth/linen/normal1" },
        "color_plain": { "base": "game:block/cloth/linen/normal1" },
        "color_red": { "base": "game:block/cloth/linen/red" },
        "color_yellow": { "base": "game:block/cloth/linen/yellow" },
        "white": { "base": "game:block/liquid/dye/white" },
        "copper": { "base": "game:block/metal/ingot/copper" },
        "birch": { "base": "game:block/wood/debarked/birch" },
        "examplepaper1": { "base": "heraldry:block/heraldryworkbench/examplepattern-1" },
        "examplepaper2": { "base": "heraldry:block/heraldryworkbench/examplepattern-2" },
        "examplepaper3": { "base": "heraldry:block/heraldryworkbench/examplepattern-3" },
        "examplepaper4": { "base": "game:item/lore/item-paper" },
        "rope": { "base": "game:item/resource/rope" }
    },
    "maxStackSize": 1,
    "blockmaterial": "Wood",
    "replaceable": 900,
    "resistance": 3,
    "lightAbsorption": 0,
    "sideAo": { "all": false },
    "sidesolid": { "all": false },
    "sideopaque": { "all": false },
    "combustibleProps": {
        "burnTemperature": 600,
        "burnDuration": 35
    },
    "sounds": {
        "place": "game:block/planks",
        "hit": "game:block/planks",
        "break": "game:block/planks",
        "walk": "game:walk/wood"
    },
    "guiTransform": {
        "rotation": { "x": -22.6, "y": 145, "z": 0 },
        "origin": { "x": 1, "y": 0.7, "z": 0.5 },
        "scaleXyz": { "x": -0.8, "y": 0.8, "z": 0.8 }
    },
    // left bottom
    "collisionSelectionBoxes": [
        {
            "x1": 0.0625,
            "y1": 0,
            "z1": 0.0625,
            "x2": 1,
            "y2": 1,
            "z2": 0.9375,
            "rotateYByType": {
                "*-north": 0,
                "*-east": 270,
                "*-south": 180,
                "*-west": 90
            }
        }
    ]
}
