{
    "code": "falchionblade",
    "creativeinventory": {
        "general": [ "*" ],
        "mosins": [ "*" ]
    },
    "variantgroups": [
        {
            "code": "material",
            "states": [ "tinbronze", "bismuthbronze", "blackbronze", "iron", "meteoriciron", "steel" ]
        }
    ],
    "shape": {
        "base": "mosin:falchionblade"
    },
    "textures": {
        "iron": { "base": "mosin:tools/{material}" },
        "silver": { "base": "mosin:guard/{material}" }
    },
    "guiTransform": {
        "translation": {
            "x": 2,
            "y": 21,
            "z": 0
        },
        "scale": 1.76
    }

}