{
    "code": "rapierblade",
    "creativeinventory": {
        "general": [ "*" ],
        "mosins":  ["*"]
    },
    "variantgroups": [
        {
            "code": "material",
            "states": [ "tinbronze", "bismuthbronze", "blackbronze", "iron", "meteoriciron", "steel" ]
        }
    ],
    "shape": {
        "base": "mosin:rapierblade"
    },
    "textures": {
        "iron": { "base": "mosin:tools/{material}" }
    },
    "guiTransform": {
        "translation": {
            "x": -7,
            "y": -5,
            "z": 0
        },
        "rotation": {
            "x": -60,
            "y": 26,
            "z": 0
        },
        "scale": 1.76
    }

}