{
	"editor": {
		"collapsedPaths": "",
		"allAngles": true,
		"entityTextureMode": true
	},
	"textureWidth": 68,
	"textureHeight": 76,
	"textureSizes": {
		"skin": [68,76]
	},
	"textures": {
	},
	"elements": [
		{
			"name": "Rotation Point",
			"from": [ 0.0, 0.0, 0.0 ],
			"to": [ 0.0, 0.0, 0.0 ],
			"uv": [ 0.0, 0.0 ],
			"faces": {
			},
			"children": [
				{
					"name": "Base",
					"from": [ 0.0, 0.0, 8.0 ],
					"to": [ 0.0, 0.0, 8.0 ],
					"autoUnwrap": false,
					"uv": [ 0.0, 0.0 ],
					"rotationOrigin": [ 0.0, 0.0, 8.0 ],
					"rotationX": -1.0,
					"faces": {
					},
					"children": [
						{
							"name": "PeltBody",
							"from": [ 0.0, 0.0, -3.85 ],
							"to": [ 8.0, 0.462, 4.05 ],
							"unwrapMode": 7,
							"unwrapRotation": 1,
							"autoUnwrap": false,
							"uv": [ 12.0, 63.5 ],
							"rotationOrigin": [ 0.0, 0.0, -3.85 ],
							"faces": {
								"north": { "texture": "#skin", "uv": [ 20.0, 22.5, 20.5, 30.5 ], "rotation": 90, "windMode": [-1,-1,-1,-1] },
								"east": { "texture": "#skin", "uv": [ 28.5, 58.5, 36.0, 59.0 ], "windMode": [-1,-1,-1,-1] },
								"south": { "texture": "#skin", "uv": [ 12.0, 22.5, 12.5, 30.5 ], "rotation": 270, "windMode": [-1,-1,-1,-1] },
								"west": { "texture": "#skin", "uv": [ 20.5, 58.5, 28.0, 59.0 ], "rotation": 180, "windMode": [-1,-1,-1,-1] },
								"up": { "texture": "#skin", "uv": [ 12.5, 22.5, 20.0, 30.5 ], "rotation": 270, "windMode": [-1,-1,-1,-1] },
								"down": { "texture": "#skin", "uv": [ 31.5, 22.5, 39.0, 30.5 ], "rotation": 90, "windMode": [-1,-1,-1,-1] }
							},
							"children": [
								{
									"name": "LBody",
									"from": [ 0.0, 0.011, 7.4 ],
									"to": [ 8.0, 0.451, 18.9 ],
									"unwrapMode": 7,
									"unwrapRotation": 1,
									"autoUnwrap": false,
									"uv": [ 4.5, 63.5 ],
									"rotationOrigin": [ 0.0, -0.011, 7.4 ],
									"rotationY": -3.0,
									"faces": {
										"east": { "texture": "#skin", "uv": [ 1.0, 30.0, 12.5, 30.5 ], "windMode": [-1,-1,-1,-1] },
										"south": { "texture": "#skin", "uv": [ 1.0, 22.5, 1.5, 30.5 ], "rotation": 270, "windMode": [-1,-1,-1,-1] },
										"west": { "texture": "#skin", "uv": [ 20.5, 58.5, 21.0, 70.0 ], "rotation": 90, "windMode": [-1,-1,-1,-1] },
										"up": { "texture": "#skin", "uv": [ 1.0, 22.5, 12.5, 30.5 ], "rotation": 270, "windMode": [-1,-1,-1,-1] },
										"down": { "texture": "#skin", "uv": [ 27.5, 22.5, 39.0, 30.5 ], "rotation": 90, "windMode": [-1,-1,-1,-1] }
									},
									"children": [
										{
											"name": "LArm",
											"from": [ 0.0, 0.011, 9.6 ],
											"to": [ 2.2, 0.429, 16.2 ],
											"unwrapMode": 5,
											"uv": [ 40.5, 18.5 ],
											"rotationOrigin": [ 0.0, 0.011, 9.6 ],
											"rotationY": -20.0,
											"faces": {
												"east": { "texture": "#skin", "uv": [ 43.0, 18.5, 43.5, 25.0 ], "rotation": 90 },
												"south": { "texture": "#skin", "uv": [ 41.0, 25.0, 43.0, 25.5 ], "windMode": [-1,-1,-1,-1] },
												"west": { "texture": "#skin", "uv": [ 40.5, 18.5, 41.0, 25.0 ], "rotation": 270, "windMode": [-1,-1,-1,-1] },
												"up": { "texture": "#skin", "uv": [ 41.0, 18.5, 43.0, 25.0 ], "windMode": [-1,-1,-1,-1] },
												"down": { "texture": "#skin", "uv": [ 43.5, 18.5, 45.5, 25.0 ], "windMode": [-1,-1,-1,-1] }
											},
											"children": [
												{
													"name": "LArmLower",
													"from": [ 1.0, 0.01, -0.02 ],
													"to": [ 3.2, 0.406, 6.58 ],
													"unwrapMode": 5,
													"uv": [ 41.0, 18.5 ],
													"rotationOrigin": [ 3.2, 0.011, -0.02 ],
													"rotationY": -5.0,
													"faces": {
														"east": { "texture": "#skin", "uv": [ 43.0, 18.5, 43.5, 25.0 ], "rotation": 90 },
														"south": { "texture": "#skin", "uv": [ 41.0, 25.0, 43.0, 25.5 ], "windMode": [-1,-1,-1,-1] },
														"up": { "texture": "#skin", "uv": [ 41.0, 18.5, 43.0, 25.0 ], "windMode": [-1,-1,-1,-1] },
														"down": { "texture": "#skin", "uv": [ 43.5, 18.5, 45.5, 25.0 ], "windMode": [-1,-1,-1,-1] }
													}
												}
											]
										}
									]
								},
								{
									"name": "RBody",
									"from": [ 0.0, -0.45, 0.5 ],
									"to": [ 8.0, -0.01, 12.0 ],
									"unwrapMode": 7,
									"unwrapRotation": 1,
									"autoUnwrap": false,
									"uv": [ 25.0, 75.0 ],
									"rotationOrigin": [ 0.0, 0.0, 0.5 ],
									"rotationX": 180.0,
									"rotationY": -3.0,
									"faces": {
										"east": { "texture": "#skin", "uv": [ 20.0, 30.0, 31.5, 30.5 ], "rotation": 180 },
										"south": { "texture": "#skin", "uv": [ 31.0, 22.5, 31.5, 30.5 ], "rotation": 270, "windMode": [-1,-1,-1,-1] },
										"west": { "texture": "#skin", "uv": [ 27.5, 58.5, 28.0, 70.0 ], "rotation": 90, "windMode": [-1,-1,-1,-1] },
										"up": { "texture": "#skin", "uv": [ 27.5, 22.5, 39.0, 30.5 ], "rotation": 270, "windMode": [-1,-1,-1,-1] },
										"down": { "texture": "#skin", "uv": [ 20.0, 22.5, 31.5, 30.5 ], "rotation": 90, "windMode": [-1,-1,-1,-1] }
									},
									"children": [
										{
											"name": "RArm",
											"from": [ 0.0, 0.011, 9.6 ],
											"to": [ 2.2, 0.429, 16.2 ],
											"unwrapMode": 6,
											"uv": [ 53.0, 18.5 ],
											"rotationOrigin": [ 0.0, 0.429, 9.6 ],
											"rotationY": -20.0,
											"faces": {
												"east": { "texture": "#skin", "uv": [ 53.0, 18.5, 53.5, 25.0 ], "rotation": 90 },
												"south": { "texture": "#skin", "uv": [ 53.5, 25.0, 55.5, 25.5 ], "rotation": 180, "windMode": [-1,-1,-1,-1] },
												"west": { "texture": "#skin", "uv": [ 55.5, 18.5, 56.0, 25.0 ], "rotation": 270, "windMode": [-1,-1,-1,-1] },
												"up": { "texture": "#skin", "uv": [ 56.0, 18.5, 58.0, 25.0 ], "windMode": [-1,-1,-1,-1] },
												"down": { "texture": "#skin", "uv": [ 53.5, 18.5, 55.5, 25.0 ], "windMode": [-1,-1,-1,-1] }
											},
											"children": [
												{
													"name": "RArmLower",
													"from": [ 1.0, 0.011, -0.02 ],
													"to": [ 3.2, 0.407, 6.58 ],
													"unwrapMode": 5,
													"uv": [ 53.5, 18.5 ],
													"rotationOrigin": [ 3.2, 0.407, -0.02 ],
													"rotationY": -5.0,
													"faces": {
														"east": { "texture": "#skin", "uv": [ 55.5, 18.5, 56.0, 25.0 ], "rotation": 90, "windMode": [-1,-1,-1,-1] },
														"south": { "texture": "#skin", "uv": [ 53.5, 25.0, 55.5, 25.5 ], "windMode": [-1,-1,-1,-1] },
														"up": { "texture": "#skin", "uv": [ 53.5, 18.5, 55.5, 25.0 ], "windMode": [-1,-1,-1,-1] },
														"down": { "texture": "#skin", "uv": [ 56.0, 18.5, 58.0, 25.0 ], "windMode": [-1,-1,-1,-1] }
													}
												}
											]
										}
									]
								},
								{
									"name": "PeltMidSection",
									"from": [ 7.9, 0.011, 0.05 ],
									"to": [ 15.9, 0.451, 7.85 ],
									"unwrapMode": 7,
									"unwrapRotation": 1,
									"autoUnwrap": false,
									"uv": [ 10.5, 27.5 ],
									"rotationOrigin": [ 7.9, 0.011, -0.4 ],
									"faces": {
										"north": { "texture": "#skin", "uv": [ 20.0, 31.0, 20.5, 39.0 ], "rotation": 90, "windMode": [-1,-1,-1,-1] },
										"east": { "texture": "#skin", "uv": [ 20.5, 47.5, 28.0, 48.0 ], "windMode": [-1,-1,-1,-1] },
										"south": { "texture": "#skin", "uv": [ 12.0, 31.0, 12.5, 39.0 ], "rotation": 270, "windMode": [-1,-1,-1,-1] },
										"up": { "texture": "#skin", "uv": [ 12.5, 31.0, 20.0, 39.0 ], "rotation": 270, "windMode": [-1,-1,-1,-1] },
										"down": { "texture": "#skin", "uv": [ 30.0, 31.0, 37.5, 39.0 ], "rotation": 90, "windMode": [-1,-1,-1,-1] }
									},
									"children": [
										{
											"name": "LMidSection",
											"from": [ 0.0, 0.011, 7.3 ],
											"to": [ 8.0, 0.429, 17.4 ],
											"unwrapMode": 7,
											"unwrapRotation": 1,
											"autoUnwrap": false,
											"uv": [ 2.5, 35.0 ],
											"rotationOrigin": [ 0.0, 0.011, 7.3 ],
											"rotationY": -3.0,
											"faces": {
												"east": { "texture": "#skin", "uv": [ 2.5, 38.5, 12.5, 39.0 ] },
												"south": { "texture": "#skin", "uv": [ 2.5, 31.0, 3.0, 39.0 ], "rotation": 270, "windMode": [-1,-1,-1,-1] },
												"west": { "texture": "#skin", "uv": [ 2.5, 31.0, 12.5, 31.5 ], "rotation": 180, "windMode": [-1,-1,-1,-1] },
												"up": { "texture": "#skin", "uv": [ 2.5, 31.0, 12.5, 39.0 ], "rotation": 270, "windMode": [-1,-1,-1,-1] },
												"down": { "texture": "#skin", "uv": [ 27.5, 31.0, 37.5, 39.0 ], "rotation": 270, "windMode": [-1,-1,-1,-1] }
											}
										},
										{
											"name": "RMidSection",
											"from": [ 0.0, -0.407, 0.5 ],
											"to": [ 8.0, 0.011, 10.6 ],
											"unwrapMode": 7,
											"unwrapRotation": 1,
											"autoUnwrap": false,
											"uv": [ 17.0, 34.0 ],
											"rotationOrigin": [ 0.0, 0.011, 0.5 ],
											"rotationX": 180.0,
											"rotationY": -3.0,
											"faces": {
												"east": { "texture": "#skin", "uv": [ 20.0, 38.5, 30.0, 39.0 ] },
												"south": { "texture": "#skin", "uv": [ 29.5, 31.0, 30.0, 39.0 ], "rotation": 270, "windMode": [-1,-1,-1,-1] },
												"west": { "texture": "#skin", "uv": [ 20.0, 31.0, 30.0, 31.5 ], "rotation": 180, "windMode": [-1,-1,-1,-1] },
												"up": { "texture": "#skin", "uv": [ 27.5, 31.0, 37.5, 39.0 ], "rotation": 270, "windMode": [-1,-1,-1,-1] },
												"down": { "texture": "#skin", "uv": [ 20.0, 31.0, 30.0, 39.0 ], "rotation": 90, "windMode": [-1,-1,-1,-1] }
											}
										},
										{
											"name": "PeltRear",
											"from": [ 7.9, 0.011, 0.6 ],
											"to": [ 14.9, 0.451, 7.2 ],
											"unwrapMode": 7,
											"unwrapRotation": 1,
											"autoUnwrap": false,
											"uv": [ 10.0, 33.0 ],
											"rotationOrigin": [ 7.9, 0.011, 0.6 ],
											"faces": {
												"north": { "texture": "#skin", "uv": [ 19.5, 39.5, 20.0, 46.5 ], "rotation": 90, "windMode": [-1,-1,-1,-1] },
												"east": { "texture": "#skin", "uv": [ 13.0, 46.5, 19.5, 47.0 ], "windMode": [-1,-1,-1,-1] },
												"south": { "texture": "#skin", "uv": [ 12.5, 39.5, 13.0, 46.5 ], "rotation": 270, "windMode": [-1,-1,-1,-1] },
												"up": { "texture": "#skin", "uv": [ 13.0, 39.5, 19.5, 46.5 ], "rotation": 270, "windMode": [-1,-1,-1,-1] },
												"down": { "texture": "#skin", "uv": [ 29.0, 39.5, 35.5, 46.5 ], "rotation": 90, "windMode": [-1,-1,-1,-1] }
											},
											"children": [
												{
													"name": "LRear",
													"from": [ 0.0, 0.011, 6.1 ],
													"to": [ 7.0, 0.429, 15.6 ],
													"unwrapMode": 7,
													"unwrapRotation": 1,
													"autoUnwrap": false,
													"uv": [ 3.5, 42.5 ],
													"rotationOrigin": [ 0.0, 0.011, 6.1 ],
													"rotationY": -3.0,
													"faces": {
														"east": { "texture": "#skin", "uv": [ 3.5, 46.0, 13.0, 46.5 ] },
														"south": { "texture": "#skin", "uv": [ 3.5, 39.5, 4.0, 46.5 ], "rotation": 270, "windMode": [-1,-1,-1,-1] },
														"west": { "texture": "#skin", "uv": [ 3.5, 39.5, 13.0, 40.0 ], "rotation": 180, "windMode": [-1,-1,-1,-1] },
														"up": { "texture": "#skin", "uv": [ 3.5, 39.5, 13.0, 46.5 ], "rotation": 270, "windMode": [-1,-1,-1,-1] },
														"down": { "texture": "#skin", "uv": [ 26.0, 39.5, 35.5, 46.5 ], "rotation": 90, "windMode": [-1,-1,-1,-1] }
													},
													"children": [
														{
															"name": "LLeg",
															"from": [ 4.0, 0.011, 9.5 ],
															"to": [ 8.8, 0.407, 16.9 ],
															"unwrapMode": 5,
															"uv": [ 39.0, 41.5 ],
															"rotationOrigin": [ 4.0, 0.011, 9.5 ],
															"rotationY": 72.0,
															"faces": {
																"east": { "texture": "#skin", "uv": [ 44.0, 41.5, 44.5, 48.5 ], "rotation": 90, "windMode": [-1,-1,-1,-1] },
																"south": { "texture": "#skin", "uv": [ 39.5, 48.5, 44.0, 49.0 ], "windMode": [-1,-1,-1,-1] },
																"west": { "texture": "#skin", "uv": [ 39.0, 41.5, 39.5, 48.5 ], "rotation": 270, "windMode": [-1,-1,-1,-1] },
																"up": { "texture": "#skin", "uv": [ 39.5, 41.5, 44.0, 48.5 ], "windMode": [-1,-1,-1,-1] },
																"down": { "texture": "#skin", "uv": [ 44.5, 41.5, 49.0, 48.5 ], "windMode": [-1,-1,-1,-1] }
															}
														}
													]
												},
												{
													"name": "RRear",
													"from": [ 0.0, -0.407, 0.5 ],
													"to": [ 7.0, 0.011, 10.0 ],
													"unwrapMode": 7,
													"unwrapRotation": 1,
													"autoUnwrap": false,
													"uv": [ 11.0, 43.5 ],
													"rotationOrigin": [ 0.0, 0.011, 0.5 ],
													"rotationX": 180.0,
													"rotationY": -3.0,
													"faces": {
														"east": { "texture": "#skin", "uv": [ 19.5, 46.0, 29.0, 46.5 ] },
														"south": { "texture": "#skin", "uv": [ 28.5, 39.5, 29.0, 46.5 ], "rotation": 270, "windMode": [-1,-1,-1,-1] },
														"west": { "texture": "#skin", "uv": [ 19.5, 39.5, 29.0, 40.0 ], "rotation": 180, "windMode": [-1,-1,-1,-1] },
														"up": { "texture": "#skin", "uv": [ 26.0, 39.5, 35.5, 46.5 ], "rotation": 270, "windMode": [-1,-1,-1,-1] },
														"down": { "texture": "#skin", "uv": [ 19.5, 39.5, 29.0, 46.5 ], "rotation": 90, "windMode": [-1,-1,-1,-1] }
													},
													"children": [
														{
															"name": "RLeg",
															"from": [ 4.0, 0.011, 9.5 ],
															"to": [ 8.8, 0.407, 16.9 ],
															"unwrapMode": 6,
															"uv": [ 54.0, 41.5 ],
															"rotationOrigin": [ 4.0, 0.407, 9.5 ],
															"rotationY": 72.0,
															"faces": {
																"east": { "texture": "#skin", "uv": [ 54.0, 41.5, 54.5, 48.5 ], "rotation": 90 },
																"south": { "texture": "#skin", "uv": [ 54.5, 48.5, 59.0, 49.0 ], "rotation": 180, "windMode": [-1,-1,-1,-1] },
																"west": { "texture": "#skin", "uv": [ 59.0, 41.5, 59.5, 48.5 ], "rotation": 270, "windMode": [-1,-1,-1,-1] },
																"up": { "texture": "#skin", "uv": [ 59.5, 41.5, 64.0, 48.5 ], "windMode": [-1,-1,-1,-1] },
																"down": { "texture": "#skin", "uv": [ 54.5, 41.5, 59.0, 48.5 ], "windMode": [-1,-1,-1,-1] }
															}
														}
													]
												},
												{
													"name": "PeltTail",
													"from": [ 7.0, 0.011, 2.6 ],
													"to": [ 9.2, 0.429, 3.9 ],
													"unwrapMode": 7,
													"unwrapRotation": 1,
													"uv": [ 47.0, 17.0 ],
													"rotationOrigin": [ 7.0, 0.011, 3.25 ],
													"faces": {
														"north": { "texture": "#skin", "uv": [ 48.5, 17.5, 49.0, 19.5 ], "rotation": 90 },
														"east": { "texture": "#skin", "uv": [ 47.5, 19.5, 48.5, 20.0 ], "windMode": [-1,-1,-1,-1] },
														"south": { "texture": "#skin", "uv": [ 47.0, 17.5, 47.5, 19.5 ], "rotation": 270, "windMode": [-1,-1,-1,-1] },
														"west": { "texture": "#skin", "uv": [ 47.5, 17.0, 48.5, 17.5 ], "rotation": 180, "windMode": [-1,-1,-1,-1] },
														"up": { "texture": "#skin", "uv": [ 47.5, 17.5, 48.5, 19.5 ], "rotation": 270, "windMode": [-1,-1,-1,-1] },
														"down": { "texture": "#skin", "uv": [ 49.0, 17.5, 50.0, 19.5 ], "rotation": 90, "windMode": [-1,-1,-1,-1] }
													},
													"children": [
														{
															"name": "PeltTail2",
															"from": [ 1.9, 0.01, -0.05 ],
															"to": [ 3.1, 0.428, 1.35 ],
															"unwrapMode": 7,
															"unwrapRotation": 1,
															"uv": [ 48.5, 21.0 ],
															"rotationOrigin": [ 1.9, 0.0, 0.55 ],
															"faces": {
																"north": { "texture": "#skin", "uv": [ 50.0, 21.0, 50.5, 22.0 ], "rotation": 90 },
																"east": { "texture": "#skin", "uv": [ 49.0, 22.0, 50.0, 22.5 ], "windMode": [-1,-1,-1,-1] },
																"south": { "texture": "#skin", "uv": [ 48.5, 21.0, 49.0, 22.0 ], "rotation": 270, "windMode": [-1,-1,-1,-1] },
																"up": { "texture": "#skin", "uv": [ 49.0, 21.0, 50.0, 22.0 ], "rotation": 270, "windMode": [-1,-1,-1,-1] },
																"down": { "texture": "#skin", "uv": [ 50.5, 21.0, 51.5, 22.0 ], "rotation": 90, "windMode": [-1,-1,-1,-1] }
															},
															"children": [
																{
																	"name": "PeltTail3",
																	"from": [ 1.0, -0.01, -0.05 ],
																	"to": [ 2.5, 0.408, 1.45 ],
																	"unwrapMode": 7,
																	"unwrapRotation": 1,
																	"uv": [ 47.5, 23.5 ],
																	"rotationOrigin": [ 1.0, 0.0, 0.7 ],
																	"faces": {
																		"north": { "texture": "#skin", "uv": [ 49.5, 23.5, 50.0, 25.0 ], "rotation": 90 },
																		"east": { "texture": "#skin", "uv": [ 48.0, 25.0, 49.5, 25.5 ], "windMode": [-1,-1,-1,-1] },
																		"south": { "texture": "#skin", "uv": [ 47.5, 23.5, 48.0, 25.0 ], "rotation": 270, "windMode": [-1,-1,-1,-1] },
																		"up": { "texture": "#skin", "uv": [ 48.0, 23.5, 49.5, 25.0 ], "rotation": 270, "windMode": [-1,-1,-1,-1] },
																		"down": { "texture": "#skin", "uv": [ 50.0, 23.5, 51.5, 25.0 ], "rotation": 90, "windMode": [-1,-1,-1,-1] }
																	},
																	"children": [
																		{
																			"name": "PeltTail4",
																			"from": [ 1.4, 0.01, 0.0 ],
																			"to": [ 2.9, 0.428, 1.5 ],
																			"unwrapMode": 7,
																			"unwrapRotation": 1,
																			"uv": [ 46.5, 27.0 ],
																			"rotationOrigin": [ 1.4, 0.0, 0.75 ],
																			"faces": {
																				"north": { "texture": "#skin", "uv": [ 48.5, 27.5, 49.0, 29.0 ], "rotation": 90 },
																				"south": { "texture": "#skin", "uv": [ 46.5, 27.5, 47.0, 29.0 ], "rotation": 270, "windMode": [-1,-1,-1,-1] },
																				"west": { "texture": "#skin", "uv": [ 47.0, 27.0, 48.5, 27.5 ], "rotation": 180, "windMode": [-1,-1,-1,-1] },
																				"up": { "texture": "#skin", "uv": [ 47.0, 27.5, 48.5, 29.0 ], "rotation": 270, "windMode": [-1,-1,-1,-1] },
																				"down": { "texture": "#skin", "uv": [ 49.0, 27.5, 50.5, 29.0 ], "rotation": 90, "windMode": [-1,-1,-1,-1] }
																			},
																			"children": [
																				{
																					"name": "PeltTail5",
																					"from": [ 1.4, -0.01, -0.1 ],
																					"to": [ 3.9, 0.408, 1.6 ],
																					"unwrapMode": 7,
																					"unwrapRotation": 1,
																					"uv": [ 46.5, 30.0 ],
																					"rotationOrigin": [ 1.4, 0.0, 0.7 ],
																					"faces": {
																						"north": { "texture": "#skin", "uv": [ 48.5, 30.5, 49.0, 33.0 ], "rotation": 90 },
																						"south": { "texture": "#skin", "uv": [ 46.5, 30.5, 47.0, 33.0 ], "rotation": 270, "windMode": [-1,-1,-1,-1] },
																						"west": { "texture": "#skin", "uv": [ 47.0, 30.0, 48.5, 30.5 ], "rotation": 180, "windMode": [-1,-1,-1,-1] },
																						"up": { "texture": "#skin", "uv": [ 47.0, 30.5, 48.5, 33.0 ], "rotation": 270, "windMode": [-1,-1,-1,-1] },
																						"down": { "texture": "#skin", "uv": [ 49.0, 30.5, 50.5, 33.0 ], "rotation": 90, "windMode": [-1,-1,-1,-1] }
																					},
																					"children": [
																						{
																							"name": "PeltTail6",
																							"from": [ 0.7, -0.01, 0.2 ],
																							"to": [ 3.2, 0.408, 1.5 ],
																							"unwrapMode": 7,
																							"unwrapRotation": 1,
																							"uv": [ 44.5, 35.0 ],
																							"rotationOrigin": [ 0.7, 0.0, 0.8 ],
																							"faces": {
																								"north": { "texture": "#skin", "uv": [ 46.0, 35.5, 46.5, 38.0 ], "rotation": 90 },
																								"south": { "texture": "#skin", "uv": [ 44.5, 35.5, 45.0, 38.0 ], "rotation": 270, "windMode": [-1,-1,-1,-1] },
																								"west": { "texture": "#skin", "uv": [ 45.0, 35.0, 46.0, 35.5 ], "rotation": 180, "windMode": [-1,-1,-1,-1] },
																								"up": { "texture": "#skin", "uv": [ 45.0, 35.5, 46.0, 38.0 ], "rotation": 270, "windMode": [-1,-1,-1,-1] },
																								"down": { "texture": "#skin", "uv": [ 46.5, 35.5, 47.5, 38.0 ], "rotation": 90, "windMode": [-1,-1,-1,-1] }
																							}
																						}
																					]
																				}
																			]
																		}
																	]
																}
															]
														}
													]
												}
											]
										}
									]
								},
								{
									"name": "LNeck",
									"from": [ -7.5, 0.022, 3.85 ],
									"to": [ 0.0, 0.44, 10.35 ],
									"unwrapMode": 7,
									"unwrapRotation": 1,
									"autoUnwrap": false,
									"uv": [ 17.5, 36.5 ],
									"rotationOrigin": [ 0.0, 0.022, 3.85 ],
									"rotationY": 22.0,
									"faces": {
										"north": { "texture": "#skin", "uv": [ 11.5, 14.5, 12.0, 22.0 ], "rotation": 90 },
										"south": { "texture": "#skin", "uv": [ 5.0, 14.5, 5.5, 22.0 ], "rotation": 270, "windMode": [-1,-1,-1,-1] },
										"west": { "texture": "#skin", "uv": [ 5.0, 14.5, 11.5, 15.0 ], "rotation": 180, "windMode": [-1,-1,-1,-1] },
										"up": { "texture": "#skin", "uv": [ 5.0, 14.5, 11.5, 22.0 ], "rotation": 270, "windMode": [-1,-1,-1,-1] },
										"down": { "texture": "#skin", "uv": [ 27.5, 14.5, 34.0, 22.0 ], "rotation": 90, "windMode": [-1,-1,-1,-1] }
									}
								},
								{
									"name": "RNeck",
									"from": [ -7.5, -0.396, 3.85 ],
									"to": [ 0.0, 0.022, 10.35 ],
									"unwrapMode": 7,
									"unwrapRotation": 1,
									"autoUnwrap": false,
									"uv": [ 25.0, 45.5 ],
									"rotationOrigin": [ 0.0, 0.022, 3.85 ],
									"rotationX": 180.0,
									"rotationY": 22.0,
									"faces": {
										"north": { "texture": "#skin", "uv": [ 20.5, 14.5, 21.0, 22.0 ], "rotation": 90 },
										"south": { "texture": "#skin", "uv": [ 27.0, 14.5, 27.5, 22.0 ], "rotation": 270, "windMode": [-1,-1,-1,-1] },
										"west": { "texture": "#skin", "uv": [ 21.0, 14.5, 27.5, 15.0 ], "rotation": 180, "windMode": [-1,-1,-1,-1] },
										"up": { "texture": "#skin", "uv": [ 27.5, 14.5, 34.0, 22.0 ], "rotation": 270, "windMode": [-1,-1,-1,-1] },
										"down": { "texture": "#skin", "uv": [ 21.0, 14.5, 27.5, 22.0 ], "rotation": 90, "windMode": [-1,-1,-1,-1] }
									}
								}
							]
						}
					]
				}
			]
		}
	]}