{
	code: "bartka",
	damagedby: ["blockbreaking", "attacking"],
	tool: "axe",
	class: "ItemAxe",
	attributes: {
		antlerMountable: true,
		onAntlerMountTransform: {
			translation: { x: -0.09, y: 0, z: -0.1 },
			rotation: { x: -141, y: 0, z: -90 }
		},
		heldItemPitchFollow: 0.9,
		handbook: {
			groupBy: ["bartka-*"]
		},
		toolrackTransform: {
			translation: { x: -0.35, y: 0.4, z: 0 },
			rotation: { x: 0, y: 1, z: -1 },
			scale: 1.25
		},
		groundStorageTransform: {
			translation: { x: -0, y: 0.05, z: 0.05 },
			rotation: { x: 26, y: 88, z: -87 },
			scale: 0.88
		}
	},
	behaviors: [{
		name: "GroundStorable",
		properties: {
			layout: 'WallHalves',
			wallOffY: 2,
			},
			sprintKey: true,
			selectionBox: { x1: 0, y1: 0, z1: 0, x2: 1, y2: 0.1, z2: 1 },
			collisionBox: { x1: 0, y1: 0, z1: 0, x2: 0, y2: 0, z2: 0 },
		},
	{ name: "AnimationAuthoritative", properties: { onlyOnEntity: true } }],
	variantgroups: [
		{ code: "metal", states: [ "tinbronze", "bismuthbronze", "blackbronze", "iron", "meteoriciron", "steel", "temporalit" ] }
		],
	shape: { base: "spearexpantion:shapes/item/tool/bartka" },
	heldRightReadyAnimation: "axeready",
	heldTpHitAnimation: "falx",
	textures: { "iron": { "base": "game:block/metal/ingot/{metal}" } },
	attackRange: 2,
	tooltierbytype: {
		"*-bismuthbronze": 3,
		"*-tinbronze": 3,
		"*-blackbronze": 3,
		"*-iron": 4,
		"*-meteoriciron": 4,
		"*-steel": 5,
		"*-temporalit": 6
	},
	miningspeedbytype: {
		"bartka-bismuthbronze": {
			"wood": 5,
			"plant": 4.5,
			"leaves": 3.6
		},
		"bartka-tinbronze": {
			"wood": 5.5,
			"plant": 4.8,
			"leaves": 4
		},
		"bartka-blackbronze": {
			"wood": 6,
			"plant": 5,
			"leaves": 4.5
		},
		"bartka-iron": {
			"wood": 7.5,
			"plant": 6,
			"leaves": 4.5
		},
		"bartka-meteoriciron": {
			"wood": 9,
			"plant": 7,
			"leaves": 5
		},
		"bartka-steel": {
			"wood": 10,
			"plant": 7.5,
			"leaves": 5.5
		},
		"bartka-steel": {
			"wood": 11.3,
			"plant": 8.5,
			"leaves": 6.5
		}
	},
	durabilitybytype: {
		"bartka-blackbronze": 650,
		"bartka-bismuthbronze": 550,
		"bartka-tinbronze": 450,
		"bartka-iron": 950,
		"bartka-meteoriciron": 1250,
		"bartka-steel": 1850,
		"bartka-temporalit": 2050
	},
	attackpowerbytype: {
		"bartka-bismuthbronze": 4,
		"bartka-tinbronze": 3.7,
		"bartka-blackbronze": 4.5,
		"bartka-iron": 5,
		"bartka-meteoriciron": 5.3,
		"bartka-steel": 5.8,
		"bartka-temporalit": 5.8
	},
	creativeinventory: { "general": ["*"], "items": ["*"], "tools": ["*"], "expantion": ["*"] },
	fpHandTransform: {
		translation: { x: -0.3, y: -0.5, z: 0.3 },
		rotation: { x: -29, y: 1, z: 88 },
		origin: { x: 0.2, y: 0.5, z: 0.5 },
		scale: 2.5
	},
	guiTransform: {
			translation: { x: 0, y: 0, z: 0 },
			rotation: { x: -63, y: -123, z: -180 },
			origin: { x: 0.61, y: 0, z: 0.47 },
			scale: 1.58
	},
	groundTransform: {
		translation: { x: 0, y: -0.12, z: 0 },
		rotation: { x: 0, y: 0, z: 0 },
		origin: { x: 0.5, y: 0, z: 0.5 },
		scale: 3.6
	},
	tpHandTransform: {
		translation: { x: -0.63, y: -0.49, z: -0.25 },
		rotation: { x: 90, y: 0, z: 0 },
		origin: { x: 0.4, y: 0.5, z: 0.5 },
		scale: 0.95
	}
}