{
	code: "halberd",
	damagedby: ["blockbreaking", "attacking"],
	tool: "pickaxe",
	class: "ItemAxe",
	attributes: {
		heldItemPitchFollow: 1,
		handbook: {
			groupBy: ["halberd-*"]
		},
		toolrackTransform: {
			translation: { x: 1.22, y: 0.1, z: 0.5 },
			rotation: { x: 90, y: 0, z: 0 },
			scale: 1.28
		},
		groundStorageTransform: {
			translation: { x: 0.4, y: 1.95, z: 0.45 },
			rotation: { x: -177, y: -3, z: -90 },
			scale: 0.93
		}
	},
	behaviors: [{
		name: "GroundStorable",
		properties: {
			layout: 'WallHalves',
			wallOffY: 1,
			},
			sprintKey: true,
			selectionBox: { x1: 0, y1: 0, z1: 0, x2: 1, y2: 0.1, z2: 1 },
			collisionBox: { x1: 0, y1: 0, z1: 0, x2: 0, y2: 0, z2: 0 },
		},
	{ name: "AnimationAuthoritative", properties: { onlyOnEntity: true } }],
		heldTpHitAnimation: "spearhit",
	variantgroups: [
		{ code: "metal", states: [ "blackbronze", "iron", "meteoriciron", "steel", "temporalit" ] }
		],
	shape: { base: "spearexpantion:shapes/item/tool/halberd" },
	textures: { "iron": { "base": "game:block/metal/ingot/{metal}" } },
	attackRange: 4.5,
	tooltierbytype: {
		"*-blackbronze": 3,
		"*-iron": 4,
		"*-meteoriciron": 4,
		"*-steel": 5,
		"*-temporalit": 6
	},
	durabilitybytype: {
		"*-blackbronze": 800,
		"*-iron": 1000,
		"*-meteoriciron": 1100,
		"*-steel": 1300,
		"*-temporalit": 2000
	},
	attackpowerbytype: {
		"*-blackbronze": 5.5,
		"*-iron": 6,
		"*-meteoriciron": 6.5,
		"*-steel": 7,
		"*-temporalit": 8
	},
	miningspeed: {
		"ceramic": 1,
		"stone": 0.45,
		"metal": 0.25,
		"ice": 1,
		"wood": 1,
		"plant": 3,
		"leaves": 3
	},
	creativeinventory: { "general": ["*"], "items": ["*"], "tools": ["*"], "expantion": ["*"] },
	guiTransform: {
		translation: { x: 22, y: -16.3, z: 0 },
		rotation: { x: 38, y: 180, z: -124 },
		origin: { x: 0.81, y: 0, z: 0.57 },
		scale: 1.92
	},
	groundTransform: {
		translation: { x: 0, y: 0.03, z: 0 },
		rotation: { x: -95, y: 0, z: 0 },
		origin: { x: 0.5, y: 0, z: 0.5 },
		scale: 4.77
	},
	tpHandTransform: {
		translation: { x: -2.18, y: 0.07, z: -0.5 },
		rotation: { x: -52, y: -180, z: -180 },
		origin: { x: 0.5, y: 0, z: 0.5 },
		scale: 1.05
	}
}