{
	code: "spear",
	class: "ItemSpear",
	damagedby: ["attacking"],
	tool: "spear",
	behaviors: [{ 
		name: "GroundStorable",
		properties: {
			layout: 'WallHalves',
			wallOffY: 2,
			sprintKey: true,
			selectionBox: { x1: 0, y1: 0, z1: 0, x2: 1, y2: 0.1, z2: 1 },
			collisionBox: { x1: 0, y1: 0, z1: 0, x2: 0, y2: 0, z2: 0 }
		}
		}, { name: "AnimationAuthoritative" }],
	variantgroups: [
		{ code: "material", "states": ["iron", "meteoriciron","steel","temporalit"] }
	],
	shape: { "base":"spearexpantion:shapes/item/tool/spear/spear-iron" },
	heldTpIdleAnimation: "spearidle",
	heldRightReadyAnimation: "spearidle",
	heldTpHitAnimation: "spearhit",
	texturesByType: {
		
		"*-iron": {
			"iron": {"base" : "game:item/tool/material/{material}" },
		},
		"*-meteoriciron": {
			"iron": {"base" : "game:item/tool/shield/metal/{material}" },
		},
		"*-steel": {
			"iron": {"base" : "game:item/tool/shield/metal/{material}" }
		},
		"*-temporalit": {
			"iron": {"base" : "game:block/metal/ingot/temporalit" }
		}
	},
	"maxstacksize": 1 ,
	attackRange: 3.7,
	attackpowerbytype: {
		"*-steel": 5.5,
		"*-iron": 4.50,
		"*-meteoriciron": 5,
		"*-temporalit": 6
		},
		tooltierbytype: {
		"*-steel": 5,
		"*-iron": 4,
		"*-meteoriciron": 4,
		"*-temporalit": 6
	},
	damageTypeByType: {
		"*": "PiercingAttack",
	},
	attributes: {
		heldItemPitchFollow: 1,
		groundStorageTransformByType: {
			"spear-steel": {
				translation: { x: -0.39, y: 0.78, z: 0.235 },
				rotation: { x: 16, y: 1, z: 90 },
				scale: 0.85
				},
			"spear-iron": {
				translation: { x: -0.39, y: 0.78, z: 0.235 },
				rotation: { x: 16, y: 1, z: 90 },
				scale: 0.85
			},
			"spear-meteoriciron": {
			translation: { x: -0.39, y: 0.78, z: 0.235 },
				rotation: { x: 16, y: 1, z: 90 },
				scale: 0.85
			},
			"spear-temporalit": {
			translation: { x: -0.39, y: 0.78, z: 0.235 },
				rotation: { x: 16, y: 1, z: 90 },
				scale: 0.85
			}
		},
	"__comment": "Thrown damage",
		damageByType: {
			"*-steel": 10,
			"*-iron": 8.50,
			"*-meteoriciron": 9,
			"*-temporalit": 11.5
		},
		spearEntityCode: "spearexpantion:spear-{material}",
		handbook: {
			groupBy: ["spear-*"]
		},
		toolrackTransformByType: {
			"spear-steel": {
				translation: { x: -0.14, y: 0.05, z: 0.5 },
				rotation: { x: 89, y: 1, z: -1 }
			},
			"spear-iron": {
				translation: { x: -0.14, y: 0.05, z: 0.5 },
				rotation: { x: 89, y: 1, z: -1 }
			},
			"spear-meteoriciron": {
				translation: { x: -0.35, y: 0.05, z: 0.5 },
				rotation: { x: 89, y: 1, z: -1 }
			},
			"spear-temporalit": {
				translation: { x: -0.35, y: 0.05, z: 0.5 },
				rotation: { x: 89, y: 1, z: -1 }
			}
		}
	},
	durabilitybytype: {
		"*-steel": 570,
		"*-iron": 420,
		"*-meteoriciron": 470,
		"*-temporalit": 670
	},
	creativeinventory: { "general": ["*"], "items": ["*"], "tools": ["*"] , "expantion": ["*"] },
	guiTransformByType: {
		"*-steel": {
			translation: { x: 0, y: 0, z: 0 },
			rotation: { x: -180, y: 128, z: 38 },
			origin: { x: 1.29, y: 0, z: 0.5 },
			scale: 2.26
		},
		"*-iron": {
			translation: { x: 0, y: 0, z: 0 },
			rotation: { x: -180, y: 128, z: 38 },
			origin: { x: 1.29, y: 0, z: 0.5 },
			scale: 2.26
		},
		"*-meteoriciron": {
			translation: { x: 0, y: 0, z: 0 },
			rotation: { x: -175, y: 140, z: 38 },
			origin: { x: 1.19, y: 0, z: 0.6 },
			scale: 2.26
		},
		"*-temporalit": {
			translation: { x: 0, y: 0, z: 0 },
			rotation: { x: -175, y: 140, z: 38 },
			origin: { x: 1.19, y: 0, z: 0.6 },
			scale: 2.26
		}
	},
	groundTransformByType: {
		"*-steel":
		{
			translation: { x: 0, y: 0.05, z: 0 },
			rotation: { x: 0, y: 0, z: 0 },
			origin: { x: 0.5, y: 0, z: 0.5 },
			scale: 3.4
		},
		"*-iron":
		{
			translation: { x: 0, y: 0.05, z: 0 },
			rotation: { x: 0, y: 0, z: 0 },
			origin: { x: 0.5, y: 0, z: 0.5 },
			scale: 3.4
		},
		"*-meteoriciron": {
			translation: { x: 0, y: 0.05, z: 0 },
			rotation: { x: 68, y: 0, z: 0 },
			origin: { x: 0.5, y: 0, z: 0.5 },
			scale: 3.4
		},
		"*-temporalit": {
			translation: { x: 0, y: 0.05, z: 0 },
			rotation: { x: 68, y: 0, z: 0 },
			origin: { x: 0.5, y: 0, z: 0.5 },
			scale: 3.4
		}
	},
		fpHandTransformByType: {
		"*-steel": {
		translation: { x: 0.35, y: 0, z: 0 },
		rotation: { x: 180, y: 79, z: -160 },
		scale: 2.07
		},
		"*-iron": {
		translation: { x: 0.35, y: 0, z: 0 },
		rotation: { x: 180, y: 79, z: -160 },
		scale: 2.07
		},
		"*-meteoriciron": {
		translation: { x: 0.35, y: 0, z: 0 },
		rotation: { x: 180, y: 79, z: -160 },
		scale: 2.07
		},
		"*-temporalit": {
		translation: { x: 0.35, y: 0, z: 0 },
		rotation: { x: 180, y: 79, z: -160 },
		scale: 2.07
		}
	},
	tpHandTransformByType: {
		"*-steel": {
			translation: { x: -1.14, y: 0.01, z: -0.6 },
			rotation: { x: -90, y: 0, z: 0 },
			origin: { x: 0.6, y: 0, z: 0.5 },
			scale: 0.8
		},
		"*-iron": {
			translation: { x: -1.14, y: 0.01, z: -0.6 },
			rotation: { x: -90, y: 0, z: 0 },
			origin: { x: 0.6, y: 0, z: 0.5 },
			scale: 0.8
		},
		"*-meteoriciron": {
			translation: { x: -1.29, y: 0.03, z: -0.57 },
			rotation: { x: -90, y: 0, z: 0 },
			origin: { x: 0.6, y: 0, z: 0.5 },
			scale: 0.8
		},
		"*-temporalit": {
			translation: { x: -1.29, y: 0.03, z: -0.57 },
			rotation: { x: -90, y: 0, z: 0 },
			origin: { x: 0.6, y: 0, z: 0.5 },
			scale: 0.8
		}
	}
}