{
	code: "khopesh",
	damagedby: ["blockbreaking", "attacking"],
	tool: "sword",
	class:"Item",
	attributes: {
	antlerMountable: true,
		onAntlerMountTransform: {
			translation: { x: 0.1, y: 0.2, z: 0.1 },
			rotation: { x: 53, y: 0, z: -90 }
		},
		heldItemPitchFollow: 0.9,
		handbook: {
			groupBy: ["khopesh-*"]
		},
		toolrackTransform: {
			translation: { x: -0.08, y: 0.6, z: 0 },
			rotation: { x: 0, y: -180, z: -1 },
			scale: 1.25
		},
		groundStorageTransform: {
			translation: { x: 0, y: 0.39, z: -0.15 },
			rotation: { x: 26, y: 88, z: -87 },
			scale: 0.88
		}
	},
	behaviors: [{
		name: "GroundStorable",
		properties: {
			layout: 'WallHalves',
			wallOffY: 2,
			},
			sprintKey: true,
			selectionBox: { x1: 0, y1: 0, z1: 0, x2: 1, y2: 0.1, z2: 1 },
			collisionBox: { x1: 0, y1: 0, z1: 0, x2: 0, y2: 0, z2: 0 },
		},
	{ name: "AnimationAuthoritative", properties: { onlyOnEntity: true } }],
	variantgroups: [
		{ code: "metal", states: [ "tinbronze", "bismuthbronze", "blackbronze", "iron", "meteoriciron", "steel", "temporalit" ] }
		],
	shape: { base: "spearexpantion:shapes/item/tool/khopesh" },
	heldTpHitAnimation: "falx",
	textures: { "iron": { "base": "game:block/metal/ingot/{metal}" } },
	attackRange: 2.5,
	tooltierbytype: {
		"*-bismuthbronze": 3,
		"*-tinbronze": 3,
		"*-blackbronze": 3,
		"*-iron": 4,
		"*-meteoriciron": 5,
		"*-steel": 6,
		"*-temporalit": 7
	},
	durabilitybytype: {
		"*-blackbronze": 650,
		"*-bismuthbronze": 550,
		"*-tinbronze": 450,
		"*-iron": 900,
		"*-meteoriciron": 1150,
		"*-steel": 2150,
		"*-temporalit": 2400
	},
	attackpowerbytype: {
		"*-bismuthbronze": 4.25,
		"*-tinbronze": 4.5,
		"*-blackbronze": 4.75,
		"*-iron": 5,
		"*-meteoriciron": 5.25,
		"*-steel": 5.27,
		"*-temporalit": 6.3
	},
	creativeinventory: { "general": ["*"], "items": ["*"], "tools": ["*"], "expantion": ["*"] },
	guiTransform: {
		translation: { x: 0, y: 0, z: 0 },
		rotation: { x: -63, y: -50, z: -180 },
		origin: { x: 0.81, y: 0, z: 0.57 },
		scale: 1.58
	},
	groundTransform: {
		translation: { x: 0, y: 0, z: 0 },
		rotation: { x: 0, y: 0, z: 0 },
		origin: { x: 0.5, y: 0, z: 0.5 },
		scale: 3.8
	},
	tpHandTransform: {
		translation: { x: -0.98, y: 0.095, z: -0.56 },
		rotation: { x: 87, y: -180, z: -180 },
		origin: { x: 0.5, y: 0, z: 0.5 },
		scale: 0.8
	}
}