{
	code: "odachi",
	damagedby: ["attacking"],
	tool: "sword",
	class: "Item",
	attributes: {
		heldItemPitchFollow: 0.9,
		handbook: { groupBy: ["odachi-*"] },
		toolrackTransform: {
			translation: { x: 0, y: 0.7, z: 0 },
			rotation: { x: 0, y: -180, z: 0 },
			scale: 1.5
		},
		groundStorageTransform: {
			translation: { x: 0, y: 0.22, z: -0.12 },
			rotation: { x: -75, y: -90, z: 0 },
			scale: 0.95
		}
	},
	behaviors: [{ 
		name: "GroundStorable",
		properties: {
			layout: 'WallHalves',
			wallOffY: 1,
			sprintKey: true,
			selectionBox: { x1: 0, y1: 0, z1: 0, x2: 1, y2: 0.1, z2: 1 },
			collisionBox: { x1: 0, y1: 0, z1: 0, x2: 0, y2: 0, z2: 0 },
		}
	}, { name: "AnimationAuthoritative" }],
	variantgroups: [
		{ code: "metal", states: ["iron", "meteoriciron", "steel", "temporalit"] },
	],
	shape: { base: "spearexpantion:shapes/item/tool/odachi" },
	heldTpHitAnimation: "axehit",
	heldRightReadyAnimation: "axeready",
	heldTpUseAnimation: "interactstatic",
	textures: { "iron": { "base": "game:block/metal/ingot/{metal}" } },
	attackRange: 2.8,
	tooltierbytype: {
		"*-iron": 4,
		"*-meteoriciron": 4,
		"*-steel": 5,
		"*-temporalit": 6
	},
	attackpowerbytype: {
		"*-iron": 5.5,
		"*-meteoriciron": 5.8,
		"*-steel": 6.1,
		"*-temporalit": 7.1
	},
	durabilitybytype: {
		"*-iron": 1100,
		"*-meteoriciron": 1170,
		"*-steel": 2200,
		"*-temporalit": 2950
	},
	damageTypeByType: {
		"*": "SlashingAttack",
	},
	creativeinventory: { "general": ["*"], "items": ["*"], "tools": ["*"], "expantion": ["*"] },
	attributes: {
		toolrackTransform: {
			translation: { x: 0.55, y: 0.97, z: -0.2 },
			rotation: { x: 0, y: 180, z: 0 },
			origin: { x: 0.5, y: -1.6, z: 0.5 },
			scale: 0.68
		},
	groundStorageTransform: {
			translation: { x: 0, y: 1.62, z: 0.28 },
			rotation: { x: -74, y: 91, z: 0 },
			origin: { x: 0.5, y: 0.4, z: 0.5 },
			scale: 0.53
		}
	},
	guiTransform: {
		translation: { x: 17, y: 3, z: 3 },
		rotation: { x: 90, y: -136, z: 0 },
		origin: { x: 1.6, y: 0.6, z: 0 },
		scale: 0.61
	},
	tpHandTransform: {
		translation: { x: -0.8, y: -0.76, z: -1.34 },
		rotation: { x: -90, y: 0, z: 0 },
		origin: { x: 0.6, y: 0.5, z: 0.5 },
		scale: 0.57
	},
	tpHandTransform: {
		translation: { x: -0.8, y: -0.76, z: -1.34 },
		rotation: { x: -90, y: 0, z: 0 },
		origin: { x: 0.6, y: 0.5, z: 0.5 },
		scale: 0.57
	},
	groundTransform: {
		translation: { x: 0, y: 0.34, z: 0 },
		rotation: { x: 0, y: 0, z: 0 },
		origin: { x: 0.81, y: 0.45, z: 0.42 },
		scale: 2.43
	},
}