{
	code: "rapier",
	damagedby: ["blockbreaking", "attacking"],
	tool: "sword",
	class: "Item",
	attributes: {
		heldItemPitchFollow: 0.9,
		onAntlerMountTransform: {
			translation: { x: -0.09, y: 0, z: -0.1 },
			rotation: { x: -141, y: 0, z: -90 }
		},
		handbook: { groupBy: ["rapier-*"] },
		toolrackTransform: {
			translation: { x: 0, y: 0.7, z: 0 },
			rotation: { x: 0, y: -180, z: 0 },
			scale: 1.5
		},
		groundStorageTransform: {
			translation: { x: 0, y: 0.79, z: -0.12 },
			rotation: { x: -72, y: 91, z: 0 },
			origin: { x: 0.5, y: 0.3, z: 0.5 },
			scale: 0.95
		}
	},
	behaviors: [{ 
		name: "GroundStorable",
		properties: {
			layout: 'WallHalves',
			wallOffY: 1,
			sprintKey: true,
			selectionBox: { x1: 0, y1: 0, z1: 0, x2: 1, y2: 0.1, z2: 1 },
			collisionBox: { x1: 0, y1: 0, z1: 0, x2: 0, y2: 0, z2: 0 },
		}
	}, { name: "AnimationAuthoritative" }],
	variantgroups: [
		{ code: "metal", states: ["iron", "meteoriciron", "steel", "temporalit"] },
	],
	shape: { base: "spearexpantion:shapes/item/tool/rapier" },
	heldTpHitAnimation: "spearhit",
	heldTpUseAnimation: "interactstatic",
	textures: { "iron": { "base": "game:block/metal/ingot/{metal}" } },
	attackRange: 3,
	tooltierbytype: {
		"*-iron": 4,
		"*-meteoriciron": 4,
		"*-steel": 5,
		"*-temporalit": 6
	},
	attackpowerbytype: {
		"*-iron": 5.5,
		"*-meteoriciron": 5.8,
		"*-steel": 6.2,
		"*-temporalit": 7.2
	},
	durabilitybytype: {
		"*-iron": 1100,
		"*-meteoriciron": 1350,
		"*-steel": 2300,
		"*-temporalit": 30750
	},
	damageTypeByType: {
		"*": "SlashingAttack",
	},
	creativeinventory: { "general": ["*"], "items": ["*"], "tools": ["*"], "expantion": ["*"] },
	attributes: {
	toolrackTransform: {
		translation: { x: -0.4, y: 0, z: 0 },
		rotation: { x: 0, y: 180, z: 0 },
		origin: { x: 0.5, y: -1.6, z: 0.5 },
		scale: 1.33
		},
	groundStorageTransform: {
		translation: { x: 0, y: 0.82, z: -0.12 },
		rotation: { x: -74, y: 90, z: 0 },
		origin: { x: 0.5, y: 0.4, z: 0.5 },
		scale: 0.95
		}
	},
	guiTransform: {
		translation: { x: 13, y: -8, z: 0 },
		rotation: { x: 90, y: -136, z: 0 },
		scale: 0.82
		},
	fpHandTransform: {
		translation: { x: 0, y: 0, z: 0 },
		rotation: { x: 5, y: 10, z: 90 },
		origin: { x: 0.2, y: 0.5, z: 0.6 },
		scale: 4
		},
	tpHandTransform: {
		translation: { x: -1.3, y: -0.56, z: -1.07 },
		rotation: { x: -90, y: 1, z: 0 },
		scale: 0.86
		},
	groundTransform: {
		translation: { x: 0, y: 0.35, z: 0 },
		rotation: { x: 0, y: 0, z: -6 },
		origin: { x: 0.81, y: 0.45, z: 0.42 },
		scale: 3.5
	}
}