[
	{
		"ingredientPattern": "HC_,G__,___",
		"requiresTrait": "temporaltransmutation",
		"ingredients": {
			"G": {
				"type": "item",
				"code": "game:gear-temporal"
			},
			"C": {
				"type": "item",
				"code": "game:chisel-*",
				"isTool": true,
				"toolDurabilityCost": 4
			},
			"H": {
				"type": "item",
				"code": "game:hammer-*",
				"isTool": true,
				"toolDurabilityCost": 4
			}
		},
		"width": 3,
		"height": 3,
		"shapeless": true,
		"output": {
			"type": "item",
			"code": "gloomeclasses:primamateria",
			"quantity": 4
		}
	},
	{
		"ingredientPattern": "CCC,CFC,CCC",
		"requiresTrait": "temporaltransmutation",
		"ingredients": {
			"F": {
				"type": "item",
				"code": "game:quicklime"
			},
			"C": {
				"type": "item",
				"code": "game:compost"
			}
		},
		"width": 3,
		"height": 3,
		"shapeless": false,
		"output": {
			"type": "item",
			"code": "gloomeclasses:calciumrichsoil",
			"quantity": 8
		}
	}
]