[
	{
		"ingredientPattern": "_Y_,YTY,_Y_",
		"requiresTrait": "artisan",
		"ingredients": {
			"Y": {
				"type": "item",
				"code": "game:paper-parchment"
			},
			"T": {
				"type": "item",
				"code": "game:cloth-blue"
			}
		},
		"width": 3,
		"height": 3,
		"shapeless": false,
		"output": {
			"type": "block",
			"code": "game:wallpaper-blue4",
			"quantity": 64
		}
	},
	{
		"ingredientPattern": "_Y_,YTY,_Y_",
		"requiresTrait": "artisan",
		"ingredients": {
			"Y": {
				"type": "item",
				"code": "game:paper-parchment"
			},
			"T": {
				"type": "item",
				"code": "game:cloth-green"
			}
		},
		"width": 3,
		"height": 3,
		"shapeless": false,
		"output": {
			"type": "block",
			"code": "game:wallpaper-green1",
			"quantity": 64
		}
	},
	{
		"ingredientPattern": "_Y_,YTY,_Y_",
		"requiresTrait": "artisan",
		"ingredients": {
			"Y": {
				"type": "item",
				"code": "game:paper-parchment"
			},
			"T": {
				"type": "item",
				"code": "game:cloth-gray"
			}
		},
		"width": 3,
		"height": 3,
		"shapeless": false,
		"output": {
			"type": "block",
			"code": "game:wallpaper-grey1",
			"quantity": 64
		}
	},
	{
		"ingredientPattern": "_Y_,YTY,_Y_",
		"requiresTrait": "artisan",
		"ingredients": {
			"Y": {
				"type": "item",
				"code": "game:paper-parchment"
			},
			"T": {
				"type": "item",
				"code": "game:cloth-brown"
			}
		},
		"width": 3,
		"height": 3,
		"shapeless": false,
		"output": {
			"type": "block",
			"code": "game:wallpaper-brown",
			"quantity": 64
		}
	},
	{
		"ingredientPattern": "_Y_,YTY,_Y_",
		"requiresTrait": "artisan",
		"ingredients": {
			"Y": {
				"type": "item",
				"code": "game:paper-parchment"
			},
			"T": {
				"type": "item",
				"code": "game:cloth-orange"
			}
		},
		"width": 3,
		"height": 3,
		"shapeless": false,
		"output": {
			"type": "block",
			"code": "game:wallpaper-walnut",
			"quantity": 64
		}
	},
	{
		"ingredientPattern": "_Y_,YTY,_Y_",
		"requiresTrait": "artisan",
		"ingredients": {
			"Y": {
				"type": "item",
				"code": "game:paper-parchment"
			},
			"T": {
				"type": "item",
				"code": "game:cloth-purple"
			}
		},
		"width": 3,
		"height": 3,
		"shapeless": false,
		"output": {
			"type": "block",
			"code": "game:wallpaper-darkpurple",
			"quantity": 64
		}
	},
	{
		"ingredientPattern": "_Y_,YTY,_Y_",
		"requiresTrait": "artisan",
		"ingredients": {
			"Y": {
				"type": "item",
				"code": "game:paper-parchment"
			},
			"T": {
				"type": "item",
				"code": "game:cloth-yellow"
			}
		},
		"width": 3,
		"height": 3,
		"shapeless": false,
		"output": {
			"type": "block",
			"code": "game:wallpaper-yellow",
			"quantity": 64
		}
	},
	{
		"ingredientPattern": "_Y_,YTY,_Y_",
		"requiresTrait": "artisan",
		"ingredients": {
			"Y": {
				"type": "item",
				"code": "game:paper-parchment"
			},
			"T": {
				"type": "item",
				"code": "game:cloth-pink"
			}
		},
		"width": 3,
		"height": 3,
		"shapeless": false,
		"output": {
			"type": "block",
			"code": "game:wallpaper-pink",
			"quantity": 64
		}
	},
	{
		"ingredientPattern": "Y",
		"requiresTrait": "artisan",
		"ingredients": {
			"Y": {
				"type": "block",
				"code": "game:wallpaper-green1"
			}
		},
		"width": 1,
		"height": 1,
		"shapeless": true,
		"output": {
			"type": "block",
			"code": "game:wallpaper-lightgreen",
			"quantity": 1
		}
	},
	{
		"ingredientPattern": "Y",
		"requiresTrait": "artisan",
		"ingredients": {
			"Y": {
				"type": "block",
				"code": "game:wallpaper-lightgreen"
			}
		},
		"width": 1,
		"height": 1,
		"shapeless": true,
		"output": {
			"type": "block",
			"code": "game:wallpaper-green1",
			"quantity": 1
		}
	},
	{
		"ingredientPattern": "SW",
		"requiresTrait": "artisan",
		"ingredients": {
			"S": {
				"type": "block",
				"code": "game:sand-andesite",
				"quantity": 8
			},
			"W": {
				"type": "block",
				"code": "game:woodbucket"
			}
		},
		"width": 2,
		"height": 1,
		"attributes": {
			"liquidContainerProps": {
				"requiresContent": {
					"type": "item",
					"code": "waterportion"
				},
				"requiresLitres": 1
			}
		},
		"shapeless": true,
		"output": {
			"type": "item",
			"code": "game:clay-blue",
			"quantity": 8
		}
	},
	{
		"ingredientPattern": "SQW",
		"requiresTrait": "artisan",
		"ingredients": {
			"S": {
				"type": "block",
				"code": "game:sand-shale",
				"quantity": 4
			},
			"Q": {
				"type": "item",
				"code": "game:crushed-quartz",
				"quantity": 4
			},
			"W": {
				"type": "block",
				"code": "game:woodbucket"
			}
		},
		"width": 3,
		"height": 1,
		"attributes": {
			"liquidContainerProps": {
				"requiresContent": {
					"type": "item",
					"code": "waterportion"
				},
				"requiresLitres": 1
			}
		},
		"shapeless": true,
		"output": {
			"type": "item",
			"code": "game:clay-blue",
			"quantity": 8
		}
	},
	{
		"ingredientPattern": "SQW",
		"requiresTrait": "artisan",
		"ingredients": {
			"S": {
				"type": "block",
				"code": "game:sand-basalt",
				"quantity": 4
			},
			"Q": {
				"type": "item",
				"code": "game:crushed-quartz",
				"quantity": 4
			},
			"W": {
				"type": "block",
				"code": "game:woodbucket"
			}
		},
		"width": 3,
		"height": 1,
		"attributes": {
			"liquidContainerProps": {
				"requiresContent": {
					"type": "item",
					"code": "waterportion"
				},
				"requiresLitres": 1
			}
		},
		"shapeless": true,
		"output": {
			"type": "item",
			"code": "game:clay-blue",
			"quantity": 8
		}
	},
	{
		"ingredientPattern": "SQW",
		"requiresTrait": "artisan",
		"ingredients": {
			"S": {
				"type": "block",
				"code": "game:sand-slate",
				"quantity": 6
			},
			"Q": {
				"type": "item",
				"code": "game:powder-iron-oxide",
				"quantity": 2
			},
			"W": {
				"type": "block",
				"code": "game:woodbucket"
			}
		},
		"width": 3,
		"height": 1,
		"attributes": {
			"liquidContainerProps": {
				"requiresContent": {
					"type": "item",
					"code": "waterportion"
				},
				"requiresLitres": 1
			}
		},
		"shapeless": true,
		"output": {
			"type": "item",
			"code": "game:clay-red",
			"quantity": 8
		}
	},
	{
		"ingredientPattern": "SW",
		"requiresTrait": "artisan",
		"ingredients": {
			"S": {
				"type": "block",
				"code": "game:sand-chert",
				"quantity": 8
			},
			"W": {
				"type": "block",
				"code": "game:woodbucket"
			}
		},
		"width": 2,
		"height": 1,
		"attributes": {
			"liquidContainerProps": {
				"requiresContent": {
					"type": "item",
					"code": "waterportion"
				},
				"requiresLitres": 1
			}
		},
		"shapeless": true,
		"output": {
			"type": "item",
			"code": "game:clay-red",
			"quantity": 8
		}
	},
	{
		"ingredientPattern": "SQW,C__",
		"requiresTrait": "artisan",
		"ingredients": {
			"S": {
				"type": "block",
				"code": "game:sand-bauxite",
				"quantity": 5
			},
			"Q": {
				"type": "item",
				"code": "game:powder-flint",
				"quantity": 1
			},
			"C": {
				"type": "item",
				"code": "game:clay-red",
				"quantity": 4
			},
			"W": {
				"type": "block",
				"code": "game:woodbucket"
			}
		},
		"width": 3,
		"height": 2,
		"attributes": {
			"liquidContainerProps": {
				"requiresContent": {
					"type": "item",
					"code": "waterportion"
				},
				"requiresLitres": 1
			}
		},
		"shapeless": true,
		"output": {
			"type": "item",
			"code": "game:clay-fire",
			"quantity": 9
		}
	},
	{
		"ingredientPattern": "KC",
		"requiresTrait": "artisan",
		"ingredients": {
			"K": {
				"type": "item",
				"code": "game:knife-*",
				"isTool": true,
				"toolDurabilityCost": 5
			},
			"C": {
				"type": "block",
				"code": "game:crock-*-fired"
			}
		},
		"width": 2,
		"height": 1,
		"shapeless": true,
		"output": {
			"type": "block",
			"code": "gloomeclasses:refurbishedcrock-east",
			"quantity": 1
		}
	}
]