[
	{
		"ingredientPattern": "QDQ,BTB,HCH",
		"requiresTrait": "mystic",
		"ingredients": {
			"C": {
				"type": "item",
				"code": "game:clay-*",
				"quantity": 2
			},
			"Q": {
				"type": "item",
				"code": "game:crushed-quartz",
				"quantity": 8
			},
			"H": {
				"type": "item",
				"code": "game:crushed-chromite",
				"quantity": 4
			},
			"B": {
				"type": "item",
				"code": "game:bonemeal",
				"quantity": 6
			},
			"D": {
				"type": "item",
				"code": "game:gem-diamond-rough",
				"quantity": 1
			},
			"T": {
				"type": "item",
				"code": "gloomeclasses:primamateria",
				"quantity": 12
			},
		},
		"width": 3,
		"height": 3,
		"recipeGroup": 2,
		"shapeless": false,
		"output": {
			"type": "item",
			"code": "game:clutter-skull/human-crystal",
			"quantity": 1
		}
	},
	{
		"ingredientPattern": "HC_,G__,___",
		"requiresTrait": "mystic",
		"ingredients": {
			"G": {
				"type": "item",
				"code": "game:gear-temporal"
			},
			"C": {
				"type": "item",
				"code": "game:chisel-*",
				"isTool": true,
				"toolDurabilityCost": 4
			},
			"H": {
				"type": "item",
				"code": "game:hammer-*",
				"isTool": true,
				"toolDurabilityCost": 4
			}
		},
		"width": 3,
		"height": 3,
		"shapeless": true,
		"output": {
			"type": "item",
			"code": "gloomeclasses:primamateria",
			"quantity": 4
		}
	},
	{
		"ingredientPattern": "H__,G__,___",
		"requiresTrait": "mystic",
		"ingredients": {
			"G": {
				"type": "item",
				"code": "game:book-aged-*"
			},
			"H": {
				"type": "item",
				"code": "game:shears-*",
				"isTool": true,
				"toolDurabilityCost": 20
			}
		},
		"width": 3,
		"height": 3,
		"shapeless": false,
		"output": {
			"type": "item",
			"code": "game:paper-parchment",
			"quantity": 4
		}
	},
	{
		"ingredientPattern": "H__,G__,___",
		"requiresTrait": "mystic",
		"ingredients": {
			"G": {
				"type": "item",
				"code": "game:book-rotten-*"
			},
			"H": {
				"type": "item",
				"code": "game:shears-*",
				"isTool": true,
				"toolDurabilityCost": 20
			}
		},
		"width": 3,
		"height": 3,
		"shapeless": false,
		"output": {
			"type": "item",
			"code": "game:pulp-linen",
			"quantity": 4
		}
	},
	{
		"ingredientPattern": "H__,G__,___",
		"requiresTrait": "mystic",
		"ingredients": {
			"G": {
				"type": "item",
				"code": "game:lore-book-aged-*"
			},
			"H": {
				"type": "item",
				"code": "game:shears-*",
				"isTool": true,
				"toolDurabilityCost": 20
			}
		},
		"width": 3,
		"height": 3,
		"shapeless": false,
		"output": {
			"type": "item",
			"code": "game:paper-parchment",
			"quantity": 4
		}
	},
	{
		"ingredientPattern": "H__,G__,___",
		"requiresTrait": "mystic",
		"ingredients": {
			"G": {
				"type": "item",
				"code": "game:lore-book-rotten-*"
			},
			"H": {
				"type": "item",
				"code": "game:shears-*",
				"isTool": true,
				"toolDurabilityCost": 20
			}
		},
		"width": 3,
		"height": 3,
		"shapeless": false,
		"output": {
			"type": "item",
			"code": "game:pulp-linen",
			"quantity": 4
		}
	},
	{
		"ingredientPattern": "H__,G__,___",
		"requiresTrait": "mystic",
		"ingredients": {
			"G": {
				"type": "item",
				"code": "game:lore-scroll"
			},
			"H": {
				"type": "item",
				"code": "game:shears-*",
				"isTool": true,
				"toolDurabilityCost": 20
			}
		},
		"width": 3,
		"height": 3,
		"shapeless": false,
		"output": {
			"type": "item",
			"code": "game:paper-parchment",
			"quantity": 2
		}
	},
	{
		"ingredientPattern": "H__,G__,___",
		"requiresTrait": "mystic",
		"ingredients": {
			"G": {
				"type": "item",
				"code": "game:lore-paper"
			},
			"H": {
				"type": "item",
				"code": "game:shears-*",
				"isTool": true,
				"toolDurabilityCost": 20
			}
		},
		"width": 3,
		"height": 3,
		"shapeless": false,
		"output": {
			"type": "item",
			"code": "game:paper-parchment",
			"quantity": 1
		}
	}
]