[
	{
		"ingredientPattern": "HS,LK",
		"requiresTrait": "smith",
		"ingredients": {
			"H": {
				"type": "item",
				"code": "game:hammerhead-copper",
				"quantity": 1
			},
			"S": {
				"type": "item",
				"code": "game:stick",
				"quantity": 2
			},
			"L": {
				"type": "block",
				"code": "game:log-placed-*-ud",
				"quantity": 1
			},
			"K": {
				"type": "item",
				"code": "game:knifeblade-copper",
				"quantity": 1
			}
		},
		"width": 2,
		"height": 2,
		"recipeGroup": 3,
		"shapeless": true,
		"output": {
			"type": "item",
			"code": "tools-basic",
			"quantity": 1
		}
	},
	{
		"ingredientPattern": "HS,LK",
		"requiresTrait": "smith",
		"ingredients": {
			"H": {
				"type": "item",
				"code": "game:hammerhead-bismuthbronze",
				"quantity": 1
			},
			"S": {
				"type": "item",
				"code": "game:stick",
				"quantity": 2
			},
			"L": {
				"type": "item",
				"code": "game:plank-*",
				"quantity": 4
			},
			"K": {
				"type": "item",
				"code": "game:knifeblade-bismuthbronze",
				"quantity": 1
			}
		},
		"width": 2,
		"height": 2,
		"recipeGroup": 3,
		"shapeless": true,
		"output": {
			"type": "item",
			"code": "tools-simple",
			"quantity": 1
		}
	},
	{
		"ingredientPattern": "HS,LK",
		"requiresTrait": "smith",
		"ingredients": {
			"H": {
				"type": "item",
				"code": "game:hammerhead-tinbronze",
				"quantity": 1
			},
			"S": {
				"type": "item",
				"code": "game:stick",
				"quantity": 2
			},
			"L": {
				"type": "item",
				"code": "game:plank-*",
				"quantity": 4
			},
			"K": {
				"type": "item",
				"code": "game:knifeblade-tinbronze",
				"quantity": 1
			}
		},
		"width": 2,
		"height": 2,
		"recipeGroup": 3,
		"shapeless": true,
		"output": {
			"type": "item",
			"code": "tools-simple",
			"quantity": 1
		}
	},
	{
		"ingredientPattern": "HS,LK",
		"requiresTrait": "smith",
		"ingredients": {
			"H": {
				"type": "item",
				"code": "game:hammerhead-blackbronze",
				"quantity": 1
			},
			"S": {
				"type": "item",
				"code": "game:stick",
				"quantity": 2
			},
			"L": {
				"type": "item",
				"code": "game:plank-*",
				"quantity": 4
			},
			"K": {
				"type": "item",
				"code": "game:knifeblade-blackbronze",
				"quantity": 1
			}
		},
		"width": 2,
		"height": 2,
		"recipeGroup": 3,
		"shapeless": true,
		"output": {
			"type": "item",
			"code": "tools-simple",
			"quantity": 1
		}
	},
	{
		"ingredientPattern": "HS,LK",
		"requiresTrait": "smith",
		"ingredients": {
			"H": {
				"type": "item",
				"code": "game:hammerhead-iron",
				"quantity": 1
			},
			"S": {
				"type": "item",
				"code": "game:stick",
				"quantity": 2
			},
			"L": {
				"type": "item",
				"code": "game:plank-*",
				"quantity": 4
			},
			"K": {
				"type": "item",
				"code": "game:knifeblade-iron",
				"quantity": 1
			}
		},
		"width": 2,
		"height": 2,
		"recipeGroup": 3,
		"shapeless": true,
		"output": {
			"type": "item",
			"code": "tools-standard",
			"quantity": 1
		}
	},
	{
		"ingredientPattern": "HS,LK",
		"requiresTrait": "smith",
		"ingredients": {
			"H": {
				"type": "item",
				"code": "game:hammerhead-meteoriciron",
				"quantity": 1
			},
			"S": {
				"type": "item",
				"code": "game:stick",
				"quantity": 2
			},
			"L": {
				"type": "item",
				"code": "game:plank-*",
				"quantity": 4
			},
			"K": {
				"type": "item",
				"code": "game:knifeblade-meteoriciron",
				"quantity": 1
			}
		},
		"width": 2,
		"height": 2,
		"recipeGroup": 3,
		"shapeless": true,
		"output": {
			"type": "item",
			"code": "tools-standard",
			"quantity": 1
		}
	},
	{
		"ingredientPattern": "HS,LK",
		"requiresTrait": "smith",
		"ingredients": {
			"H": {
				"type": "item",
				"code": "game:hammerhead-steel",
				"quantity": 1
			},
			"S": {
				"type": "item",
				"code": "game:stick",
				"quantity": 2
			},
			"L": {
				"type": "item",
				"code": "game:plank-*",
				"quantity": 4
			},
			"K": {
				"type": "item",
				"code": "game:knifeblade-steel",
				"quantity": 1
			}
		},
		"width": 2,
		"height": 2,
		"recipeGroup": 3,
		"shapeless": true,
		"output": {
			"type": "item",
			"code": "tools-advanced",
			"quantity": 1
		}
	},
	{
		"ingredientPattern": "H,G",
		"requiresTrait": "recycler",
		"ingredients": {
			"G": {
				"type": "item",
				"code": "game:gear-rusty"
			},
			"H": {
				"type": "item",
				"code": "game:hammer-*",
				"isTool": true,
				"toolDurabilityCost": 4
			}
		},
		"width": 1,
		"height": 2,
		"shapeless": true,
		"output": {
			"type": "item",
			"code": "game:powder-iron-oxide",
			"quantity": 1
		}
	},
	{
		"ingredientPattern": "H,G",
		"requiresTrait": "recycler",
		"ingredients": {
			"G": {
				"type": "block",
				"code": "game:metal-scraps"
			},
			"H": {
				"type": "item",
				"code": "game:hammer-*",
				"isTool": true,
				"toolDurabilityCost": 4
			}
		},
		"width": 1,
		"height": 2,
		"shapeless": true,
		"output": {
			"type": "item",
			"code": "game:powder-iron-oxide",
			"quantity": 2
		}
	},
	{
		"ingredientPattern": "H,G",
		"requiresTrait": "recycler",
		"ingredients": {
			"G": {
				"type": "block",
				"code": "game:metal-parts"
			},
			"H": {
				"type": "item",
				"code": "game:hammer-*",
				"isTool": true,
				"toolDurabilityCost": 4
			}
		},
		"width": 1,
		"height": 2,
		"shapeless": true,
		"output": {
			"type": "item",
			"code": "game:metalbit-cupronickel",
			"quantity": 5
		}
	},
	{
		"ingredientPattern": "SNR,CLP,QIB",
		"requiresTrait": "smith",
		"ingredients": {
			"S": {
				"type": "item",
				"code": "game:metalbit-steel",
				"quantity": 52
			},
			"N": {
				"type": "item",
				"code": "game:metalbit-nickel",
				"quantity": 28
			},
			"R": {
				"type": "item",
				"code": "game:nugget-rhodochrosite",
				"quantity": 2
			},
			"C": {
				"type": "item",
				"code": "game:metalbit-copper",
				"quantity": 2
			},
			"L": {
				"type": "item",
				"code": "game:saltpeter",
				"quantity": 1
			},
			"P": {
				"type": "item",
				"code": "game:powder-sulfur",
				"quantity": 1
			},
			"Q": {
				"type": "item",
				"code": "game:crushed-quartz",
				"quantity": 1
			},
			"I": {
				"type": "item",
				"code": "game:crushed-chromite",
				"quantity": 22
			},
			"B": {
				"type": "item",
				"code": "game:powder-borax",
				"quantity": 11
			}
		},
		"width": 3,
		"height": 3,
		"recipeGroup": 3,
		"shapeless": false,
		"output": {
			"type": "item",
			"code": "stainless-steel-mix",
			"quantity": 120
		}
	},
	{
		"ingredientPattern": "RIR,ISI,RIR",
		"requiresTrait": "smith",
		"ingredients": {
			"R": {
				"type": "item",
				"code": "game:rod-iron"
			},
			"I": {
				"type": "item",
				"code": "game:metalplate-iron",
				"quantity": 2
			},
			"S": {
				"type": "item",
				"code": "game:metalplate-stainlesssteel",
				"quantity": 2
			}
		},
		"width": 3,
		"height": 3,
		"shapeless": false,
		"output": {
			"type": "block",
			"code": "gloomeclasses:metalbarrel-stainlesssteel",
			"quantity": 1
		}
	},
	{
		"ingredientPattern": "RIR,ITI,RIR",
		"requiresTrait": "smith",
		"ingredients": {
			"R": {
				"type": "item",
				"code": "game:rod-iron"
			},
			"I": {
				"type": "item",
				"code": "game:metalplate-iron",
				"quantity": 2
			},
			"T": {
				"type": "item",
				"code": "game:metalplate-tin",
				"quantity": 2
			}
		},
		"width": 3,
		"height": 3,
		"shapeless": false,
		"output": {
			"type": "block",
			"code": "gloomeclasses:metalbarrel-tin",
			"quantity": 1
		}
	},
	{
		"ingredientPattern": "RSR,IQI,RIR",
		"requiresTrait": "smith",
		"ingredients": {
			"R": {
				"type": "item",
				"code": "game:rod-iron"
			},
			"I": {
				"type": "item",
				"code": "game:metalplate-iron",
				"quantity": 2
			},
			"S": {
				"type": "item",
				"code": "game:metalplate-steel",
				"quantity": 2
			},
			"Q": {
				"type": "item",
				"code": "game:clearquartz",
				"quantity": 1
			}
		},
		"width": 3,
		"height": 3,
		"shapeless": false,
		"output": {
			"type": "block",
			"code": "gloomeclasses:gassifier-closed-north",
			"quantity": 1
		}
	}
]