{
	"ingredientPattern": "_H_,_T_,_S_",
	"enabled": true,
	"ingredients": {
		"T": {
			"type": "item",
			"code": "game:flaxfibers",
			"quantity": 3
		},
		"H": {
			"type": "item",
			"code": "spearexpantion:pitcforkhead-*", "name": "metal", "allowedVariants": [ "copper", "tinbronze", "bismuthbronze", "blackbronze", "iron", "meteoriciron", "steel", "temporalit" ],
			"quantity": 1
		},
		"S": {
			"type": "item",
			"code": "game:stick",
			"quantity": 1
		},
	},
	"width": 3,
	"height": 3,
	"shapeless": false,
	"averageDurability": false,
	"output": {
		"type": "item",
		"code": "spearexpantion:pitchforkk-{metal}",
		"quantity": 1
	}
}