{
	"ingredientPattern": "_H_,_C_,_S_",
	"enabled": true,
	"ingredients": {
		"C": {
			"type": "item",
			"code": "game:scythe-*", "name": "metal", "allowedVariants": [ "copper", "tinbronze", "bismuthbronze", "blackbronze", "iron", "meteoriciron","steel", "temporalit" ],
			"quantity": 1
		},
		"H": {
			"type": "item",
			"code": "game:hammer-*", "isTool": true, "toolDurabilityCost": 30
		},
		"S": {
			"type": "item",
			"code": "game:saw-*", "isTool": true, "toolDurabilityCost": 30
		},
	},
	"width": 3,
	"height": 3,
	"shapeless": false,
	"averageDurability": false,
	"output": {
		"type": "item",
		"code": "spearexpantion:scythespear-{metal}",
		"quantity": 1
	}
}