[
	{ "op": "addmerge", "path": "/storageFlags", "value": 33, "file": "floralzonescaribbeanregion:itemtypes/food/fruit", "side": "server"},
	{ "op": "addmerge", "path": "/storageFlags", "value": 33, "file": "floralzonescaribbeanregion:itemtypes/food/vegetable", "side": "server"},
	{ "op": "addmerge", "path": "/storageFlags", "value": 33, "file": "floralzonescaribbeanregion:itemtypes/food/rawvegetable", "side": "server"},
	{ "op": "addmerge", "path": "/storageFlags", "value": 33, "file": "floralzonescaribbeanregion:itemtypes/food/vegetable-nopalm", "side": "server"},
	{ "op": "addmerge", "path": "/storageFlags", "value": 33, "file": "floralzonescaribbeanregion:itemtypes/resource/cotton", "side": "server"},
	{ "op": "addmerge", "path": "/storageFlags", "value": 33, "file": "floralzonescaribbeanregion:itemtypes/resource/gianthorsetail", "side": "server"},	
	{ "op": "addmerge", "path": "/storageFlags", "value": 33, "file": "floralzonescaribbeanregion:itemtypes/resource/palmleaf", "side": "server"},	
	{ "op": "addmerge", "path": "/storageFlags", "value": 33, "file": "floralzonescaribbeanregion:itemtypes/resource/seeds", "side": "server"},
	{ "op": "addmerge", "path": "/storageFlags", "value": 33, "file": "floralzonescaribbeanregion:itemtypes/resource/treeseed", "side": "server"},		
]
