[
  {
    "ingredient": {"type": "item", "code": "game:ingot-brass"},
    "pattern": [
      [
        "####___#__",
        "####__###_",
        "####_#####",
        "####__###_",
        "_______#__",
        "####______",
        "####______",
        "####______",
        "####______"
      ],
      [
        "####______",
        "#__#______",
        "#__#______",
        "####______",
        "__________",
        "__________",
        "_##_______",
        "_##_______",
        "__________"
      ],
      [
        "####______",
        "#__#______",
        "#__#______",
        "####______",
        "__________",
        "__________",
        "_##_______",
        "_##_______",
        "__________"
      ]
    ],
    "name": "head-oil-lamp",
    "output": {"type": "item", "code": "part-oillamp-brass"}
  }
]