{
	"code": "sherds",
	"comment": "Broken pieces of old ceramics.",
	"attributes": {
		"inContainerTexture": { "base": "bricklayers:item/resource/clay/crushed/{type}" },
		"displaycaseable": true,
		"shelvable": true,
		"dissolveInWater": true,
		"onDisplayTransform": {
			"translation": { "x": 0.05, "y": 0, "z": 0 },
			"origin": { "x": 0.5, "y": 0, "z": 0.5 },
			"scale": 0.65
		}
	},
	"variantgroups": [
		{ "code": "type", "states": [ "light" ] }
	],
	"attributesByType": {
		"*": { "handbook": { "extraSections": [ { "title": "handbook-item-usage", "text": "handbook-item-usage-sherds" } ] } }
	},
	"textures": { "aged-ceramic1": { "base": "bricklayers:item/resource/clay/crushed/{type}" } },
        "shape": { "base": "game:block/clutter/pile-pottery3" },
	"creativeinventory": { "general": [ "*" ], "items": [ "*" ], "ceramics": [ "*" ] },
	"crushingProps": { "crushedStack": { "type": "item", "code": "bricklayers:crushed-ceramic-{type}", "quantity": 2 } },
	"maxstacksize": 32,
	"materialDensity": 900,
	"heldTpIdleAnimation": "holdbothhands",
	"guiTransform": {
		"translation": { "x": 0, "y": 3, "z": 0 },
		"rotation": { "x": 158, "y": 22, "z": 3 },
		"origin": { "x": 0.34, "y": -0.1, "z": 0.8 },
		"scale": 1.8
	},
	"tpHandTransform": {
		"translation": { "x": -1.67, "y": -1.25, "z": -0.8 },
		"rotation": { "x": 70, "y": 11, "z": -65 },
		"scale": 0.41
	},
	"groundTransform": {
		"translation": { "x": 0, "y": 0.2, "z": 0 },
		"rotation": { "x": -4, "y": 8, "z": 0 },
		"origin": { "x": 0.5, "y": 0.5, "z": 0.5299 },
		"scale": 1.92
	}
}
