[
    {
        "ingredientPattern": "Q,S",
        "ingredients": {
            "Q": { "type": "block", "code": "stonepathquarter-*" },
            "S": { "type": "block", "code": "game:stonepathstairs-*" }
        },
        "width": 1,
        "height": 2,
        "output": { "type": "block", "code": "game:stonepath-free", "quantity": 1 }
    },
    {
        "ingredientPattern": "SS,SS",
        "ingredients": {
            "S": { "type": "block", "code": "game:stonepathstairs-*" }
        },
        "width": 2,
        "height": 2,
        "output": { "type": "block", "code": "game:stonepath-free", "quantity": 3 }
    },
    {
        "ingredientPattern": "QQ,QQ",
        "ingredients": {
            "Q": { "type": "block", "code": "stonepathquarter-*" }
        },
        "width": 2,
        "height": 2,
        "output": { "type": "block", "code": "game:stonepath-free", "quantity": 1 }
    }
]