[
    {
        "ingredientPattern": "_S,P_",
        "ingredients": {
            "P": { 
                "type": "block", "code": "game:stonepath-*", 
                "returnedStack": { "type": "block", "code": "stonepathquarter-up-north-free" } 
            },
            "S": {
                "type": "item", "code": "game:shovel-*", "isTool": true
            }
        },
        "width": 2,
        "height": 2,
        "output": { "type": "block", "code": "game:stonepathstairs-up-north-free", "quantity": 1 }
    },
    {
        "ingredientPattern": "Q_,QQ",
        "ingredients": {
            "Q": { "type": "block", "code": "stonepathquarter-*" }
        },
        "width": 2,
        "height": 2,
        "output": { "type": "block", "code": "game:stonepathstairs-up-north-free", "quantity": 1 }
    },
    {
        "ingredientPattern": "Q,S",
        "ingredients": {
            "Q": { "type": "block", "code": "stonepathquarter-*" },
            "S": { "type": "block", "code": "game:stonepathslab-*" }
        },
        "width": 1,
        "height": 2,
        "output": { "type": "block", "code": "game:stonepathstairs-up-north-free", "quantity": 1 }
    }
]