{
	"code": "macehead",
	"creativeinventory": { "general": ["*"], "items": ["*"] , "expantion": ["*"] },
	variantgroups: [
		{ code: "type", states: ["common", "flanged", "warpick"] },
		{ code: "metal", states: ["blackbronze", "gold", "silver", "iron", "meteoriciron", "steel", "temporalit" ] }
	],
	maxstacksize: 5,
		shapeByType: {
		"macehead-common-*": { "base": "spearexpantion:item/tool/maces/mace" },
		"macehead-flanged-*": { "base": "spearexpantion:item/tool/maces/mace-flanged" },
		"macehead-warpick-*": { "base": "spearexpantion:item/tool/maces/warpick" }
	},
		texturesByType: {
			"*-common-blackbronze": {
		"iron": { "base": "game:block/metal/ingot/blackbronze" },
		"normal": { "base": "game:block/transparent" },
		},
			"*-common-iron": {
		"iron": { "base": "game:block/metal/ingot/iron" },
		"normal": { "base": "game:block/transparent" },
		},
			"*-common-meteoriciron": {
		"iron": { "base": "game:block/metal/ingot/meteoriciron" },
		"normal": { "base": "game:game:block/transparent" },
		},
			"*-common-steel": {
		"iron": { "base": "game:block/metal/ingot/steel" },
		"normal": { "base": "game:game:block/transparent" },
		},
		"*-common-silver": {
		"iron": { "base": "game:block/metal/ingot/silver" },
		"normal": { "base": "game:game:block/transparent" },
		},
			"*-common-gold": {
		"iron": { "base": "game:block/metal/ingot/gold" },
		"normal": { "base": "game:game:block/transparent" },
		},
		"*-common-temporalit": {
		"iron": { "base": "game:block/metal/ingot/temporalit" },
		"normal": { "base": "game:game:block/transparent" },
		},
			"*-flanged-blackbronze": {
		"iron": { "base": "game:block/metal/ingot/blackbronze" },
		"offset1": { "base": "game:game:block/transparent" },
		},
			"*-flanged-iron": {
		"iron": { "base": "game:block/metal/ingot/iron" },
		"offset1": { "base": "game:game:block/transparent" },
		},
			"*-flanged-meteoriciron": {
		"iron": { "base": "game:block/metal/ingot/meteoriciron" },
		"offset1": { "base": "game:game:block/transparent" },
		},
			"*-flanged-steel": {
		"iron": { "base": "game:block/metal/ingot/steel" },
		"offset1": { "base": "game:game:block/transparent" },
		},
			"*-flanged-silver": {
		"iron": { "base": "game:block/metal/ingot/silver" },
		"offset1": { "base": "game:game:block/transparent" },
		},
		"*-flanged-temporalit": {
		"iron": { "base": "game:block/metal/ingot/temporalit" },
		"offset1": { "base": "game:game:block/transparent" },
		},
			"*-flanged-gold": {
		"iron": { "base": "game:block/metal/ingot/gold" },
		"offset1": { "base": "game:game:block/transparent" },
		},
			"*-warpick-blackbronze": {
		"iron": { "base": "game:block/metal/ingot/blackbronze" },
		"offset1": { "base": "game:block/transparent" },
		},
			"*-warpick-iron": {
		"iron": { "base": "game:block/metal/ingot/iron" },
		"offset1": { "base": "game:block/transparent" },
		},
			"*-warpick-meteoriciron": {
		"iron": { "base": "game:block/metal/ingot/meteoriciron" },
		"offset1": { "base": "game:game:block/transparent" },
		},
			"*-warpick-steel": {
		"iron": { "base": "game:block/metal/ingot/steel" },
		"offset1": { "base": "game:game:block/transparent" },
		},
		"*-warpick-silver": {
		"iron": { "base": "game:block/metal/ingot/silver" },
		"offset1": { "base": "game:game:block/transparent" },
		},
			"*-warpick-gold": {
		"iron": { "base": "game:block/metal/ingot/gold" },
		"offset1": { "base": "game:game:block/transparent" },
		},
			"*-warpick-temporalit": {
		"iron": { "base": "game:block/metal/ingot/temporalit" },
		"offset1": { "base": "game:game:block/transparent" },
		}
	},
	"attributes": {
		onTongTransformByType: {
			"macehead-common-*": {
				translation: { x: -0.6, y: -0.7, z: -0.8 }
			},
			"macehead-flanged-*": {
				translation: { x: -1.4, y: -1.1, z: -1.2 },
				rotation: { x: 24, y: 94, z: 34 },
				scale: 0.5
			},
			"macehead-warpick-*": {
			translation: { x: -1.33, y: -1.6, z: -1.6 },
			rotation: { x: 9, y: -2, z: 7 },
			scale: 0.44
			}
		},
	},
	guiTransformByType: {
		"macehead-common-*": {
			translation: { x: -7.3, y: -1.9, z: 77 },
			rotation: { x: -33, y: -171, z: -129 },
			scale: 1.78
		},
		"macehead-flanged-*": {
			translation: { x: -2, y: -7, z: 29 },
			rotation: { x: -33, y: -171, z: -129 },
			scale: 1.19
		},
		"macehead-warpick-*": {
			translation: { x: -2, y: -7, z: 29 },
			rotation: { x: -33, y: -171, z: -129 },
			scale: 1.19
		}
	},
	groundTransformByType: {
		"macehead-common-*": {
			translation: { x: 0, y: 0, z: 0 },
			rotation: { x: -20, y: 0, z: 3 },
			origin: { x: 0.5, y: 0, z: 0.5 },
			scale: 3.96
		},
		"macehead-flanged-*": {
			translation: { x: 0, y: 0.1, z: 0 },
			rotation: { x: 90, y: 0, z: 3 },
			origin: { x: 0.5, y: 0.5, z: 0.5299 },
			scale: 2.78
		},
		"macehead-warpick-*": {
			translation: { x: 0, y: 0.1, z: 0 },
			rotation: { x: 90, y: 0, z: 3 },
			origin: { x: 0.5, y: 0.5, z: 0.5299 },
			scale: 2.78
		}
	},
	tpHandTransformByType: {
		"macehead-common-*": {
			translation: { x: -0.98, y: 0.095, z: -0.56 },
			rotation: { x: 87, y: -180, z: -180 },
			origin: { x: 0.5, y: 0, z: 0.5 },
			scale: 0.8
		},
		"macehead-flanged-*": {
			translation: { x: -1.48, y: 0.095, z: -0.8 },
			rotation: { x: 87, y: -180, z: -180 },
			origin: { x: 0.5, y: 0, z: 0.5 },
			scale: 0.59
		},
		"macehead-warpick-*": {
			translation: { x: -1.48, y: 0.095, z: -0.8 },
			rotation: { x: 87, y: -180, z: -180 },
			origin: { x: 0.5, y: 0, z: 0.5 },
			scale: 0.59
		}
	}
}