{
	"code": "polehammerhead",
	"creativeinventory": { "general": ["*"], "items": ["*"] , "expantion": ["*"] },
	"variantgroups": [
		{ "code": "material", "states": [ "blackbronze","iron", "meteoriciron","steel", "temporalit" ] }
	],
	maxstacksize: 3,
		shape: { base: "spearexpantion:shapes/item/tool/polehammer" },
		texturesByType: {
			"*-blackbronze": {
		"iron": {"base": "game:block/metal/ingot/blackbronze" },
		"inner side": { base: "game:block/transparent" },
		"gray": { base: "game:block/transparent" },
		},
			"*-iron": {
		"iron": {"base": "game:block/metal/ingot/iron" },
		"inner side": { base: "game:block/transparent" },
		"gray": { base: "game:block/transparent" },
		},
			"*-meteoriciron": {
		"iron": {"base": "game:block/metal/ingot/meteoriciron" },
		"inner side": { base: "game:block/transparent" },
		"gray": { base: "game:block/transparent" },
		},
			"*-steel": {
		"iron": {"base": "game:block/metal/ingot/steel" },
		"inner side": { base: "game:block/transparent" },
		"gray": { base: "game:block/transparent" },
		},
			"*-temporalit": {
		"iron": {"base": "game:block/metal/ingot/temporalit" },
		"inner side": { base: "game:block/transparent" },
		"gray": { base: "game:block/transparent" },
		}
	},
	"attributes": {
		onTongTransform: {
			translation: { x: -0.1, y: -0.7, z: -0.8 },
			rotation: { x: 1, y: -4, z: -4 },
			origin: { x: 0.1, y: 0.6, z: 0.5 }
		}
	},
	guiTransform: {
		translation: { x: 19, y: -10, z: 0 },
		rotation: { x: -25, y: -26, z: -137 },
		origin: { x: 0.81, y: 0, z: 0.57 },
		scaleXyz: { x: -2.16, y: 2.16, z: 2.16 }
	},
	groundTransform: {
		translation: { x: 0, y: 0.02, z: 0 },
		rotation: { x: 87, y: 0, z: 0 },
		origin: { x: 0.5, y: 0, z: 0.5 },
		scale: 5.44
	},
	tpHandTransform: {
		translation: { x: -0.9, y: -0.99, z: -0.64 },
		rotation: { x: 180, y: 12, z: 7 },
		origin: { x: 0.55, y: 0.5, z: 0.5 },
		scale: 0.88
	}
}