{
	"code": "rapierhead",
	"creativeinventory": { "general": ["*"], "items": ["*"] , "expantion": ["*"] },
	"variantgroups": [
		{ "code": "material", "states": ["iron", "meteoriciron", "steel", "temporalit"] }
	],
maxstacksize: 4,
		shape: { "base": "spearexpantion:shapes/item/tool/rapier" },
		texturesByType: {
			"*-iron": {
			"iron": { "base": "game:block/metal/ingot/iron" },
		"normal": { "base": "game:block/transparent" },
		},
			"*-meteoriciron": {
			"iron": { "base": "game:block/metal/ingot/meteoriciron" },
		"normal": { "base": "game:block/transparent" },
		},
			"*-steel": {
			"iron": { "base": "game:block/metal/ingot/steel" },
		"normal": { "base": "game:block/transparent" },
		},
			"*-temporalit": {
			"iron": { "base": "game:block/metal/ingot/temporalit" },
		"normal": { "base": "game:block/transparent" },
		}
	},
	"attributes": {
		onTongTransform: {
			translation: { x: -0.46, y: -0.6, z: -0.77 },
			rotation: { x: 0, y: -180, z: 0 }
		}
	},
	guiTransform: {
		translation: { x: 11.7, y: -7.2, z: 0 },
		rotation: { x: 90, y: -151, z: 0 },
		scale: 0.82
	},
	fpHandTransform: {
		translation: { x: -0.5, y: -0.2, z: 0 },
		rotation: { x: 26, y: 15, z: 90 },
		origin: { x: 1, y: 0.4, z: 0.5 },
		scale: 3.4
	},
	groundTransform: {
		translation: { x: 0, y: 0.34, z: 0 },
		rotation: { x: 0, y: 0, z: 0 },
		origin: { x: 0.81, y: 0.45, z: 0.42 },
		scale: 3.5
	},
	tpHandTransform: {
		translation: { x: -1.06, y: -0.06, z: -0.6 },
		rotation: { x: 0, y: 1, z: -1 },
		scale: 0.83
	}
}