{
	"code": "seaxhead",
	"creativeinventory": { "general": ["*"], "items": ["*"] , "expantion": ["*"] },
	"variantgroups": [
		{ "code": "material", "states": ["tinbronze", "bismuthbronze", "blackbronze","iron", "meteoriciron", "steel", "temporalit"] }
	],
	maxstacksize: 4,
		shape: { base: "spearexpantion:shapes/item/toolhead/seaxhead" },
		texturesByType: {
				"*-tinbronze": {
			"iron": {"base": "game:block/metal/ingot/tinbronze" },
		"pine1": { base: "game:block/transparent" },
		},
			"*-bismuthbronze": {
			"iron": {"base": "game:block/metal/ingot/bismuthbronze" },
		"pine1": { base: "game:block/transparent" },
		},
			"*-blackbronze": {
			"iron": {"base": "game:block/metal/ingot/blackbronze" },
		"pine1": { base: "game:block/transparent" },
		},
			"*-iron": {
			"iron": {"base": "game:block/metal/ingot/iron" },
		"pine1": { base: "game:block/transparent" },
		},
			"*-meteoriciron": {
			"iron": {"base": "game:block/metal/ingot/meteoriciron" },
		"pine1": { base: "game:block/transparent" },
		},
			"*-steel": {
			"iron": {"base": "game:block/metal/ingot/steel" },
		"pine1": { base: "game:block/transparent" },
		},
			"*-temporalit": {
			"iron": {"base": "game:block/metal/ingot/temporalit" },
		"pine1": { base: "game:block/transparent" },
		}
	},
	"attributes": {
		onTongTransform: {
			translation: { x: -2.59, y: -2.4, z: -2.05 },
			rotation: { x: 0, y: 180, z: 0 },
			scale: 0.39
		}
	},
	guiTransform: {
		translation: { x: -4, y: 1.8, z: 2.8 },
		rotation: { x: -80, y: 49, z: -8 },
		origin: { x: 1.08, y: -0.1, z: 0.3 },
		scale: 0.95
	},
	groundTransform: {
		translation: { x: 0, y: -0.21, z: -0 },
		rotation: { x: -180, y: 0, z: 0 },
		origin: { x: 0.5, y: 0.5, z: 0.45 },
		scale: 2.7
	},
	tpHandTransform: {
		translation: { x: -1.34, y: -1.01, z: -0.68 },
		rotation: { x: -90, y: -180, z: -180 },
		origin: { x: 0.6, y: 0.5, z: 0.5 },
		scale: 0.43
	}
}