{
  "code": "meatfreezer",
  "class": "FoodShelves.BlockMeatFreezer",
  "entityclass": "FoodShelves.BEMeatFreezer",
  "variantgroups": [
    { "code": "type", "states": ["normal"] },
    { "code": "side", "loadFromProperties": "abstract/horizontalorientation" }
  ],
  "attributes": {
    "materials": { "loadFromProperties": "block/wood" },
    "variantTextures": {
      "surface": [ "game:block/wood/debarked/{wood}", "foodshelves:variants/wood/{wood}" ],
      "glass": [ "game:block/glass/{glass}" ],
      "rock": [ "game:block/stone/polishedrock/{rock}" ]
    },
    "handbook": {
      "groupBy": [ "meatfreezer-*" ],
      "extraSections": [
        {
          "title": "foodshelves:blockdesc-canhold-title",
          "text": "foodshelves:blockdesc-meatfreezer-text"
        }
      ]
    },
    "worldInteractionAttributeCheck": "fsMeatFreezer"
  },
  "behaviors": [
    { "name": "HorizontalOrientable", "properties": { "dropBlockFace": "east" } },
    { "name": "Multiblock",
      "propertiesByType": {
        "*-north": { "sizex": 2, "sizey": 2, "sizez": 1, "cposition": { "x": 0, "y": 0, "z": 0 } },
        "*-east": { "sizex": 1, "sizey": 2, "sizez": 2, "cposition": { "x": 0, "y": 0, "z": 0 } },
        "*-south": { "sizex": 2, "sizey": 2, "sizez": 1, "cposition": { "x": 1, "y": 0, "z": 0 } },
        "*-west": { "sizex": 1, "sizey": 2, "sizez": 2, "cposition": { "x": 0, "y": 0, "z": 1 } }
      }
    }
  ],
  "shape": {
    "base": "block/glassware/meatfreezer",
    "rotateYByType": { "*-north": 0, "*-east": 270, "*-west": 90, "*-south": 180 }
  },
  "heldTpIdleAnimation": "holdbothhandslarge",
  "heldRightReadyAnimation": "heldblockready", 
  "heldTpUseAnimation": "twohandplaceblock",
  "blockmaterial": "Wood",
  "lightAbsorption": 2,
  "maxStackSize": 8,
  "replaceable": 900,
  "resistance": 1.5,
  "materialDensity": 400,
  "faceCullMode": "NeverCull",
  "emitSideAo": { "all": false },
  "sidesolid": { "all": false },
  "sideopaque": { "all": false },
  "guiTransform": {
		"origin": { "x": 0.5, "y": 1, "z": 1 },
    "translation": { "x": 0, "y": -5, "z": 0 },
		"scale": 0.67
	},
  "tpHandTransform": {
	  "translation": { "x": -1.4, "y": -1.98, "z": -1.11 },
	  "rotation": { "x": 99, "y": -15, "z": -76 },
	  "scale": 0.35
  },
  "sounds": {
    "place": "game:block/planks",
    "hit": "game:block/planks",
    "break": "game:block/planks"
  },
  "collisionbox": { "x1": 0, "y1": 0, "z1": 0, "x2": 1, "y2": 0.3, "z2": 1, "rotateYByType": { "*-north": 0, "*-east": 270, "*-west": 90, "*-south": 180 } },
  "selectionBoxes": [
    { "x1": 0.125, "y1": 0, "z1": 0.125, "x2": 0.53, "y2": 1.0625, "z2": 0.875, "rotateYByType": { "*-north": 0, "*-east": 270, "*-west": 90, "*-south": 180 } },
    { "x1": 0.53, "y1": 0, "z1": 0.125, "x2": 0.9675, "y2": 1.0625, "z2": 0.875, "rotateYByType": { "*-north": 0, "*-east": 270, "*-west": 90, "*-south": 180 } },
    { "x1": 0.9675, "y1": 0, "z1": 0.125, "x2": 1.405, "y2": 1.0625, "z2": 0.875, "rotateYByType": { "*-north": 0, "*-east": 270, "*-west": 90, "*-south": 180 } },
    { "x1": 1.405, "y1": 0, "z1": 0.125, "x2": 1.875, "y2": 1.0625, "z2": 0.875, "rotateYByType": { "*-north": 0, "*-east": 270, "*-west": 90, "*-south": 180 } },
    { "x1": 0.0625, "y1": 1, "z1": 0.0625, "x2": 1.9375, "y2": 1.3125, "z2": 1, "rotateYByType": { "*-north": 0, "*-east": 270, "*-west": 90, "*-south": 180 } },
    { "x1": 1.375, "y1": 0.0625, "z1": 0.125, "x2": 1.94, "y2": 0.4375, "z2": 1, "rotateYByType": { "*-north": 0, "*-east": 270, "*-west": 90, "*-south": 180 } },
    { "x1": 0, "y1": 0, "z1": 0, "x2": 2, "y2": 1, "z2": 1, "rotateYByType": { "*-north": 0, "*-east": 270, "*-west": 90, "*-south": 180 } }
  ]
}
