[
  {
    "op": "addeach",
    "path": "/variantgroups/0/states/-",
    "value": ["afrocarpusfalcatus", "searsialancea", "ocoteabullata"],
    "file": "ancienttools:itemtypes/resources/bark",
    "dependsOn": [{ "modid": "ancienttools" }],
    "side": "Server"
  },
  {
    "op": "addmerge",
    "path": "/attributesByType",
    "value": {        
      "@bark-(afrocarpusfalcatus|searsialancea|ocoteabullata)": {
        handbook: {
          groupBy: ["bark-*"],
          createdBy: "ancienttools:handbook-barkstripping-craftinfo" },
        },
      },
    "file": "ancienttools:itemtypes/resources/bark",
    "dependsOn": [{ "modid": "ancienttools" }],
    "side": "Server"
  },
  {
    "op": "addmerge",
    "path": "/behaviorsByType",
    "value": {
      "@bark-(afrocarpusfalcatus|searsialancea|ocoteabullata)": [{ "name": "GroundStorable", "properties": { "layout": "Quadrants" } }]
      },
    "file": "ancienttools:itemtypes/resources/bark",
    "dependsOn": [{ "modid": "ancienttools" }],
    "side": "Server"
  },
  {
    "op": "addmerge",
    "path": "/texturesByType/@bark-(afrocarpusfalcatus|searsialancea|ocoteabullata)",
    "value": {
        bark: { base: "floralzonescaperegion:block/wood/bark/{bark}" },
    },
    "file": "ancienttools:itemtypes/resources/bark",
    "dependsOn": [{ "modid": "ancienttools" }],
    "side": "Server"
  },
  {
    "op": "move",
    "frompath": "/texturesByType/*",
    "path": "/temp",
    "file": "ancienttools:itemtypes/resources/bark.json",
    "dependsOn": [{ "modid": "ancienttools" }],
    "side": "Server"
  },
  {
    "op": "move",
    "frompath": "/temp",
    "path": "/texturesByType/*",
    "file": "ancienttools:itemtypes/resources/bark.json",
    "dependsOn": [{ "modid": "ancienttools" }],
    "side": "Server"
  }
]