[
	{
		"op": "addeach",
		"path": "/variantgroups/0/states/-",
		"value": ["afrocarpusfalcatus", "searsialancea", "ocoteabullata"],
		"file": "ancienttools:blocktypes/logbarrel",
		"dependsOn": [{ "modid": "ancienttools" }],
		"side": "Server"
	},
	{
		"op": "addeach",
		"path": "/allowedVariants/-",
		"value": ["logbarrel-afrocarpusfalcatus-*", "logbarrel-searsialancea-*", "logbarrel-ocoteabullata-*"],
		"file": "ancienttools:blocktypes/logbarrel",
		"dependsOn": [{ "modid": "ancienttools" }],
		"side": "Server"
	}
]