[
	{
	"ingredientPattern": "LA,FF",
	"comment": "Remove when koalin or light clay is available.",
	"ingredients": {
		"L": { "type": "item", "code": "game:lime" },
		"A": { "type": "item", "code": "em:powdered-ore-boneash" },
		"F": { "type": "item", "code": "game:clay-fire", "quantity": 2 }
	},
	"recipeGroup": 2,
	"width": 2,
	"height": 2,
	"output": { "type": "item", "code": "bricklayers:crushed-ceramic-light", "quantity": 3 }
	},

	{
	"ingredientPattern": "LA,FF",
	"comment": "Remove when koalin or light clay is available.",
	"ingredients": {
		"L": { "type": "item", "code": "game:lime" },
		"A": { "type": "item", "code": "em:powdered-ore-zincoxide" },
		"F": { "type": "item", "code": "game:clay-fire", "quantity": 2 }
	},
	"recipeGroup": 2,
	"width": 2,
	"height": 2,
	"output": { "type": "item", "code": "bricklayers:crushed-ceramic-light", "quantity": 3 }
	},

	{
	"ingredientPattern": "LA,FF",
	"comment": "Remove when koalin or light clay is available.",
	"ingredients": {
		"L": { "type": "item", "code": "game:lime" },
		"A": { "type": "item", "code": "em:powdered-ore-whitelead" },
		"F": { "type": "item", "code": "game:clay-fire", "quantity": 2 }
	},
	"recipeGroup": 2,
	"width": 2,
	"height": 2,
	"output": { "type": "item", "code": "bricklayers:crushed-ceramic-light", "quantity": 3 }
	}
]
