{
	"editor": {
		"allAngles": false,
		"entityTextureMode": false
	},
	"textureWidth": 16,
	"textureHeight": 16,
	"textureSizes": {
	},
	"textures": {
	},
	"elements": [
		{
			"name": "LD",
			"from": [ 2.0, 2.0, 14.5 ],
			"to": [ 8.0, 13.0, 15.0 ],
			"rotationOrigin": [ 2.0, 2.0, 14.5 ],
			"faces": {
				"north": { "texture": "#pine", "uv": [ 0.0, 0.0, 11.0, 6.0 ], "rotation": 90 },
				"east": { "texture": "#pine", "uv": [ 0.0, 0.0, 0.5, 11.0 ] },
				"south": { "texture": "#pine", "uv": [ 0.0, 0.0, 11.0, 6.0 ], "rotation": 90 },
				"west": { "texture": "#pine", "uv": [ 0.0, 0.0, 0.5, 11.0 ] },
				"up": { "texture": "#pine", "uv": [ 0.0, 0.0, 6.0, 0.5 ] },
				"down": { "texture": "#pine", "uv": [ 0.0, 0.0, 6.0, 0.5 ] }
			}
		},
		{
			"name": "RD",
			"from": [ 8.0, 2.0, 14.5 ],
			"to": [ 14.0, 13.0, 15.0 ],
			"rotationOrigin": [ 8.0, 2.0, 14.5 ],
			"faces": {
				"north": { "texture": "#pine", "uv": [ 0.0, 0.0, 11.0, 6.0 ], "rotation": 90 },
				"east": { "texture": "#pine", "uv": [ 0.0, 0.0, 0.5, 11.0 ] },
				"south": { "texture": "#pine", "uv": [ 0.0, 0.0, 11.0, 6.0 ], "rotation": 90 },
				"west": { "texture": "#pine", "uv": [ 0.0, 0.0, 0.5, 11.0 ] },
				"up": { "texture": "#pine", "uv": [ 0.0, 0.0, 6.0, 0.5 ] },
				"down": { "texture": "#pine", "uv": [ 0.0, 0.0, 6.0, 0.5 ] }
			}
		},
		{
			"name": "LHandle",
			"from": [ 6.5, 11.0, 15.0 ],
			"to": [ 7.0, 11.5, 15.5 ],
			"rotationOrigin": [ 6.5, 11.0, 15.0 ],
			"faces": {
				"north": { "texture": "#stainlesssteel", "uv": [ 0.0, 0.0, 0.5, 0.5 ], "autoUv": false },
				"east": { "texture": "#stainlesssteel", "uv": [ 0.0, 0.0, 0.5, 0.5 ], "autoUv": false },
				"south": { "texture": "#stainlesssteel", "uv": [ 0.0, 0.0, 0.5, 0.5 ] },
				"west": { "texture": "#stainlesssteel", "uv": [ 0.0, 0.0, 0.5, 0.5 ] },
				"up": { "texture": "#stainlesssteel", "uv": [ 0.0, 0.0, 0.5, 0.5 ] },
				"down": { "texture": "#stainlesssteel", "uv": [ 0.0, 0.0, 0.5, 0.5 ] }
			},
			"children": [
				{
					"name": "Cube6",
					"from": [ -0.2, -0.2, 0.3 ],
					"to": [ 0.7, 0.7, 0.7 ],
					"rotationOrigin": [ -0.2, -0.2, 0.3 ],
					"faces": {
						"north": { "texture": "#stainlesssteel", "uv": [ 0.0, 0.0, 4.5, 3.5 ], "autoUv": false },
						"east": { "texture": "#stainlesssteel", "uv": [ 0.0, 0.0, 2.5, 7.5 ], "autoUv": false },
						"south": { "texture": "#stainlesssteel", "uv": [ 0.0, 0.0, 6.5, 6.5 ], "autoUv": false },
						"west": { "texture": "#stainlesssteel", "uv": [ 0.0, 0.0, 6.5, 4.5 ], "autoUv": false },
						"up": { "texture": "#stainlesssteel", "uv": [ 0.0, 0.0, 5.5, 8.5 ], "autoUv": false },
						"down": { "texture": "#stainlesssteel", "uv": [ 0.0, 0.0, 9.5, 9.5 ], "autoUv": false }
					}
				}
			]
		},
		{
			"name": "RHandle",
			"from": [ 9.5, 11.0, 15.0 ],
			"to": [ 10.0, 11.5, 15.5 ],
			"rotationOrigin": [ 9.5, 11.0, 15.0 ],
			"faces": {
				"north": { "texture": "#chromium", "uv": [ 0.0, 0.0, 0.5, 0.5 ] },
				"east": { "texture": "#chromium", "uv": [ 0.0, 0.0, 0.5, 0.5 ] },
				"south": { "texture": "#chromium", "uv": [ 0.0, 0.0, 0.5, 0.5 ] },
				"west": { "texture": "#chromium", "uv": [ 0.0, 0.0, 0.5, 0.5 ] },
				"up": { "texture": "#chromium", "uv": [ 0.0, 0.0, 0.5, 0.5 ] },
				"down": { "texture": "#chromium", "uv": [ 0.0, 0.0, 0.5, 0.5 ] }
			},
			"children": [
				{
					"name": "Cube7",
					"from": [ -0.2, -0.2, 0.3 ],
					"to": [ 0.7, 0.7, 0.7 ],
					"rotationOrigin": [ -0.2, -0.2, 0.3 ],
					"faces": {
						"north": { "texture": "#chromium", "uv": [ 0.0, 0.0, 6.5, 7.5 ], "autoUv": false },
						"east": { "texture": "#chromium", "uv": [ 0.0, 0.0, 6.5, 6.5 ], "autoUv": false },
						"south": { "texture": "#chromium", "uv": [ 0.0, 0.0, 7.5, 7.5 ], "autoUv": false },
						"west": { "texture": "#chromium", "uv": [ 0.0, 0.0, 7.5, 7.5 ], "autoUv": false },
						"up": { "texture": "#chromium", "uv": [ 0.0, 0.0, 7.5, 6.5 ], "autoUv": false },
						"down": { "texture": "#chromium", "uv": [ 0.0, 0.0, 5.5, 5.5 ], "autoUv": false }
					}
				}
			]
		},
		{
			"name": "RHB",
			"from": [ 14.0, 3.0, 14.5 ],
			"to": [ 14.3, 4.0, 14.8 ],
			"rotationOrigin": [ 14.0, 3.0, 14.5 ],
			"faces": {
				"north": { "texture": "#chromium", "uv": [ 0.0, 0.0, 0.5, 1.0 ] },
				"east": { "texture": "#chromium", "uv": [ 0.0, 0.0, 0.5, 1.0 ] },
				"south": { "texture": "#chromium", "uv": [ 0.0, 0.0, 0.5, 1.0 ] },
				"west": { "texture": "#chromium", "uv": [ 0.0, 0.0, 0.5, 1.0 ] },
				"up": { "texture": "#chromium", "uv": [ 0.0, 0.0, 0.5, 0.5 ] },
				"down": { "texture": "#chromium", "uv": [ 0.0, 0.0, 0.5, 0.5 ] }
			},
			"children": [
				{
					"name": "RHT",
					"from": [ 0.0, 8.0, 0.0 ],
					"to": [ 0.3, 9.0, 0.3 ],
					"rotationOrigin": [ 0.0, 8.0, 0.0 ],
					"faces": {
						"north": { "texture": "#chromium", "uv": [ 0.0, 0.0, 0.5, 1.0 ] },
						"east": { "texture": "#chromium", "uv": [ 0.0, 0.0, 0.5, 1.0 ] },
						"south": { "texture": "#chromium", "uv": [ 0.0, 0.0, 0.5, 1.0 ] },
						"west": { "texture": "#chromium", "uv": [ 0.0, 0.0, 0.5, 1.0 ] },
						"up": { "texture": "#chromium", "uv": [ 0.0, 0.0, 0.5, 0.5 ] },
						"down": { "texture": "#chromium", "uv": [ 0.0, 0.0, 0.5, 0.5 ] }
					}
				}
			]
		},
		{
			"name": "LHB",
			"from": [ 1.7, 3.0, 14.5 ],
			"to": [ 2.0, 4.0, 14.8 ],
			"rotationOrigin": [ 1.7, 3.0, 14.5 ],
			"faces": {
				"north": { "texture": "#chromium", "uv": [ 0.0, 0.0, 0.5, 1.0 ] },
				"east": { "texture": "#chromium", "uv": [ 0.0, 0.0, 0.5, 1.0 ] },
				"south": { "texture": "#chromium", "uv": [ 0.0, 0.0, 0.5, 1.0 ] },
				"west": { "texture": "#chromium", "uv": [ 0.0, 0.0, 0.5, 1.0 ] },
				"up": { "texture": "#chromium", "uv": [ 0.0, 0.0, 0.5, 0.5 ] },
				"down": { "texture": "#chromium", "uv": [ 0.0, 0.0, 0.5, 0.5 ] }
			},
			"children": [
				{
					"name": "LHT",
					"from": [ 0.0, 8.0, 0.0 ],
					"to": [ 0.3, 9.0, 0.3 ],
					"rotationOrigin": [ 0.0, 8.0, 0.0 ],
					"faces": {
						"north": { "texture": "#chromium", "uv": [ 0.0, 0.0, 0.5, 1.0 ] },
						"east": { "texture": "#chromium", "uv": [ 0.0, 0.0, 0.5, 1.0 ] },
						"south": { "texture": "#chromium", "uv": [ 0.0, 0.0, 0.5, 1.0 ] },
						"west": { "texture": "#chromium", "uv": [ 0.0, 0.0, 0.5, 1.0 ] },
						"up": { "texture": "#chromium", "uv": [ 0.0, 0.0, 0.5, 0.5 ] },
						"down": { "texture": "#chromium", "uv": [ 0.0, 0.0, 0.5, 0.5 ] }
					}
				}
			]
		}
	]}