{
	"editor": {
		"allAngles": true,
		"entityTextureMode": false
	},
	"textureWidth": 16,
	"textureHeight": 16,
	"textureSizes": {
	},
	"textures": {
		
	},
	"elements": [
		{
			"name": "head",
			"from": [ 29.0, 0.0, 0.0 ],
			"to": [ 30.0, 1.0, 1.0 ],
			"rotationOrigin": [ 29.0, 0.0, 0.0 ],
			"faces": {
				"north": { "texture": "#ebony_celtic_knot", "uv": [ 0.0, 0.0, 1.0, 1.0 ] },
				"east": { "texture": "#ebony_celtic_knot", "uv": [ 0.0, 0.0, 1.0, 1.0 ] },
				"south": { "texture": "#ebony_celtic_knot", "uv": [ 0.0, 0.0, 1.0, 1.0 ] },
				"west": { "texture": "#ebony_celtic_knot", "uv": [ 0.0, 0.0, 1.0, 1.0 ] },
				"up": { "texture": "#ebony_celtic_knot", "uv": [ 0.0, 0.0, 1.0, 1.0 ] },
				"down": { "texture": "#ebony_celtic_knot", "uv": [ 0.0, 0.0, 1.0, 1.0 ] }
			},
			"children": [
				{
					"name": "backleft_leg",
					"from": [ -29.0, 0.0, 0.0 ],
					"to": [ -26.0, 16.0, 3.0 ],
					"rotationOrigin": [ -29.0, 0.0, 0.0 ],
					"faces": {
						"north": { "texture": "#aged", "uv": [ 0.0, 0.0, 3.0, 16.0 ] },
						"east": { "texture": "#aged", "uv": [ 0.0, 0.0, 3.0, 16.0 ] },
						"south": { "texture": "#aged", "uv": [ 0.0, 0.0, 3.0, 16.0 ] },
						"west": { "texture": "#aged", "uv": [ 0.0, 0.0, 3.0, 16.0 ] },
						"down": { "texture": "#aged", "uv": [ 0.0, 0.0, 3.0, 3.0 ] }
					},
					"children": [
						{
							"name": "legtop",
							"from": [ 0.0, 16.0, 0.0 ],
							"to": [ 3.0, 24.0, 3.0 ],
							"rotationOrigin": [ 0.0, 16.0, 0.0 ],
							"faces": {
								"north": { "texture": "#aged", "uv": [ 0.0, 0.0, 3.0, 8.0 ] },
								"east": { "texture": "#aged", "uv": [ 0.0, 0.0, 3.0, 8.0 ] },
								"south": { "texture": "#aged", "uv": [ 0.0, 0.0, 3.0, 8.0 ] },
								"west": { "texture": "#aged", "uv": [ 0.0, 0.0, 3.0, 8.0 ] },
								"up": { "texture": "#aged", "uv": [ 0.0, 0.0, 3.0, 3.0 ] }
							}
						}
					]
				},
				{
					"name": "backright_leg2",
					"from": [ 0.0, 0.0, 0.0 ],
					"to": [ 3.0, 16.0, 3.0 ],
					"faces": {
						"north": { "texture": "#aged", "uv": [ 0.0, 0.0, 3.0, 16.0 ] },
						"east": { "texture": "#aged", "uv": [ 0.0, 0.0, 3.0, 16.0 ] },
						"south": { "texture": "#aged", "uv": [ 0.0, 0.0, 3.0, 16.0 ] },
						"west": { "texture": "#aged", "uv": [ 0.0, 0.0, 3.0, 16.0 ] },
						"down": { "texture": "#aged", "uv": [ 0.0, 0.0, 3.0, 3.0 ] }
					},
					"children": [
						{
							"name": "legtop2",
							"from": [ 0.0, 16.0, 0.0 ],
							"to": [ 3.0, 24.0, 3.0 ],
							"rotationOrigin": [ 0.0, 16.0, 0.0 ],
							"faces": {
								"north": { "texture": "#aged", "uv": [ 0.0, 0.0, 3.0, 8.0 ] },
								"east": { "texture": "#aged", "uv": [ 0.0, 0.0, 3.0, 8.0 ] },
								"south": { "texture": "#aged", "uv": [ 0.0, 0.0, 3.0, 8.0 ] },
								"west": { "texture": "#aged", "uv": [ 0.0, 0.0, 3.0, 8.0 ] },
								"up": { "texture": "#aged", "uv": [ 0.0, 0.0, 3.0, 3.0 ] }
							}
						}
					]
				},
				{
					"name": "backboard_Left",
					"from": [ -27.0, 6.0, 1.0 ],
					"to": [ -13.0, 22.0, 2.0 ],
					"rotationOrigin": [ -27.0, 6.0, 1.0 ],
					"faces": {
						"north": { "texture": "#ebony_celtic_knot", "uv": [ 0.0, 0.0, 14.0, 16.0 ] },
						"south": { "texture": "#ebony_celtic_knot", "uv": [ 1.5, 0.0, 15.5, 16.0 ] },
						"up": { "texture": "#ebony_celtic_knot", "uv": [ 0.0, 0.0, 14.0, 1.0 ] },
						"down": { "texture": "#ebony_celtic_knot", "uv": [ 0.0, 0.0, 14.0, 1.0 ] }
					},
					"children": [
						{
							"name": "backboard_right",
							"from": [ 14.0, 0.0, 0.0 ],
							"to": [ 28.0, 16.0, 1.0 ],
							"rotationOrigin": [ 14.0, 0.0, 0.0 ],
							"faces": {
								"north": { "texture": "#ebony_celtic_knot", "uv": [ 1.0, 0.0, 15.0, 16.0 ] },
								"south": { "texture": "#ebony_celtic_knot", "uv": [ 0.5, 0.0, 14.5, 16.0 ] },
								"up": { "texture": "#ebony_celtic_knot", "uv": [ 0.0, 0.0, 14.0, 1.0 ] },
								"down": { "texture": "#ebony_celtic_knot", "uv": [ 0.0, 0.0, 14.0, 1.0 ] }
							}
						}
					]
				}
			]
		},
		{
			"name": "feet",
			"from": [ 29.0, 0.0, 29.0 ],
			"to": [ 30.0, 1.0, 30.0 ],
			"rotationOrigin": [ 29.0, 0.0, 29.0 ],
			"faces": {
				"north": { "texture": "#ebony_celtic_knot", "uv": [ 0.0, 0.0, 1.0, 1.0 ] },
				"east": { "texture": "#ebony_celtic_knot", "uv": [ 0.0, 0.0, 1.0, 1.0 ] },
				"south": { "texture": "#ebony_celtic_knot", "uv": [ 0.0, 0.0, 1.0, 1.0 ] },
				"west": { "texture": "#ebony_celtic_knot", "uv": [ 0.0, 0.0, 1.0, 1.0 ] },
				"up": { "texture": "#ebony_celtic_knot", "uv": [ 0.0, 0.0, 1.0, 1.0 ] },
				"down": { "texture": "#ebony_celtic_knot", "uv": [ 0.0, 0.0, 1.0, 1.0 ] }
			},
			"children": [
				{
					"name": "frontleft_leg2",
					"from": [ -29.0, 0.0, 0.0 ],
					"to": [ -26.0, 16.0, 3.0 ],
					"rotationOrigin": [ -29.0, 0.0, 0.0 ],
					"faces": {
						"north": { "texture": "#aged", "uv": [ 0.0, 0.0, 3.0, 16.0 ] },
						"east": { "texture": "#aged", "uv": [ 0.0, 0.0, 3.0, 16.0 ] },
						"south": { "texture": "#aged", "uv": [ 0.0, 0.0, 3.0, 16.0 ] },
						"west": { "texture": "#aged", "uv": [ 0.0, 0.0, 3.0, 16.0 ] },
						"up": { "texture": "#aged", "uv": [ 0.0, 0.0, 3.0, 3.0 ], "autoUv": false },
						"down": { "texture": "#aged", "uv": [ 0.0, 0.0, 3.0, 3.0 ] }
					}
				},
				{
					"name": "frontright_leg3",
					"from": [ 0.0, 0.0, 0.0 ],
					"to": [ 3.0, 16.0, 3.0 ],
					"faces": {
						"north": { "texture": "#aged", "uv": [ 0.0, 0.0, 3.0, 16.0 ] },
						"east": { "texture": "#aged", "uv": [ 0.0, 0.0, 3.0, 16.0 ] },
						"south": { "texture": "#aged", "uv": [ 0.0, 0.0, 3.0, 16.0 ] },
						"west": { "texture": "#aged", "uv": [ 0.0, 0.0, 3.0, 16.0 ] },
						"up": { "texture": "#aged", "uv": [ 0.0, 0.0, 4.0, 5.0 ], "autoUv": false },
						"down": { "texture": "#aged", "uv": [ 0.0, 0.0, 3.0, 3.0 ] }
					}
				},
				{
					"name": "frontboard_Left2",
					"from": [ -27.0, 3.0, 1.0 ],
					"to": [ -13.0, 15.0, 2.0 ],
					"rotationOrigin": [ -27.0, 3.0, 1.0 ],
					"faces": {
						"north": { "texture": "#ebony_celtic_knot", "uv": [ 0.0, 0.0, 14.0, 12.0 ] },
						"south": { "texture": "#ebony_celtic_knot", "uv": [ 1.5, 0.0, 15.5, 12.0 ] },
						"up": { "texture": "#ebony_celtic_knot", "uv": [ 0.0, 0.0, 14.0, 1.0 ] },
						"down": { "texture": "#ebony_celtic_knot", "uv": [ 0.0, 0.0, 14.0, 1.0 ] }
					},
					"children": [
						{
							"name": "frontboard_right2",
							"from": [ 14.0, 0.0, 0.0 ],
							"to": [ 28.0, 12.0, 1.0 ],
							"rotationOrigin": [ 14.0, 0.0, 0.0 ],
							"faces": {
								"north": { "texture": "#ebony_celtic_knot", "uv": [ 1.0, 0.0, 15.0, 12.0 ] },
								"south": { "texture": "#ebony_celtic_knot", "uv": [ 0.5, 0.0, 14.5, 12.0 ] },
								"up": { "texture": "#ebony_celtic_knot", "uv": [ 0.0, 0.0, 14.0, 1.0 ] },
								"down": { "texture": "#ebony_celtic_knot", "uv": [ 0.0, 0.0, 14.0, 1.0 ] }
							}
						}
					]
				}
			]
		},
		{
			"name": "head_sideframe_L",
			"from": [ 1.0, 4.0, 2.0 ],
			"to": [ 4.0, 7.0, 16.0 ],
			"rotationOrigin": [ 1.0, 4.0, 2.0 ],
			"faces": {
				"north": { "texture": "#aged-h", "uv": [ 0.0, 0.0, 3.0, 3.0 ] },
				"east": { "texture": "#aged-h", "uv": [ 0.0, 0.0, 14.0, 3.0 ] },
				"west": { "texture": "#aged-h", "uv": [ 0.0, 0.0, 14.0, 3.0 ] },
				"up": { "texture": "#aged-h", "uv": [ 0.0, 0.0, 3.0, 14.0 ] },
				"down": { "texture": "#aged-h", "uv": [ 0.0, 0.0, 3.0, 14.0 ] }
			}
		},
		{
			"name": "head_sideFrame_R",
			"from": [ 28.0, 4.0, 2.0 ],
			"to": [ 31.0, 7.0, 16.0 ],
			"rotationOrigin": [ 28.0, 4.0, 2.0 ],
			"faces": {
				"north": { "texture": "#aged-h", "uv": [ 0.0, 0.0, 3.0, 3.0 ] },
				"east": { "texture": "#aged-h", "uv": [ 0.0, 0.0, 14.0, 3.0 ] },
				"west": { "texture": "#aged-h", "uv": [ 0.0, 0.0, 14.0, 3.0 ] },
				"up": { "texture": "#aged-h", "uv": [ 0.0, 0.0, 3.0, 14.0 ] },
				"down": { "texture": "#aged-h", "uv": [ 0.0, 0.0, 3.0, 14.0 ] }
			}
		},
		{
			"name": "feet_sideFrame_L",
			"from": [ 1.0, 4.0, 16.0 ],
			"to": [ 4.0, 7.0, 30.0 ],
			"rotationOrigin": [ 1.0, 4.0, 16.0 ],
			"faces": {
				"east": { "texture": "#aged-h", "uv": [ 0.0, 0.0, 14.0, 3.0 ] },
				"south": { "texture": "#aged-h", "uv": [ 0.0, 0.0, 3.0, 3.0 ], "windMode": [-1,-1,-1,-1] },
				"west": { "texture": "#aged-h", "uv": [ 0.0, 0.0, 14.0, 3.0 ] },
				"up": { "texture": "#aged-h", "uv": [ 0.0, 0.0, 3.0, 14.0 ] },
				"down": { "texture": "#aged-h", "uv": [ 0.0, 0.0, 3.0, 14.0 ] }
			}
		},
		{
			"name": "feet_sideFrame_R",
			"from": [ 28.0, 4.0, 16.0 ],
			"to": [ 31.0, 7.0, 30.0 ],
			"rotationOrigin": [ 28.0, 4.0, 16.0 ],
			"faces": {
				"east": { "texture": "#aged-h", "uv": [ 0.0, 0.0, 14.0, 3.0 ] },
				"south": { "texture": "#aged-h", "uv": [ 0.0, 0.0, 3.0, 3.0 ] },
				"west": { "texture": "#aged-h", "uv": [ 0.0, 0.0, 14.0, 3.0 ] },
				"up": { "texture": "#aged-h", "uv": [ 0.0, 0.0, 3.0, 14.0 ] },
				"down": { "texture": "#aged-h", "uv": [ 0.0, 0.0, 3.0, 14.0 ] }
			}
		},
		{
			"name": "mattress",
			"from": [ 2.0, 7.0, 2.0 ],
			"to": [ 16.0, 11.0, 16.0 ],
			"rotationOrigin": [ 2.0, 7.0, 2.0 ],
			"faces": {
				"north": { "texture": "#mattress-normal", "uv": [ 0.0, 0.0, 14.0, 4.0 ] },
				"west": { "texture": "#mattress-normal", "uv": [ 1.0, 3.5, 15.0, 7.5 ] },
				"up": { "texture": "#mattress-normal", "uv": [ 0.0, 0.0, 14.0, 14.0 ] },
				"down": { "texture": "#mattress-normal", "uv": [ 0.0, 0.0, 14.0, 14.0 ] }
			}
		},
		{
			"name": "mattress2",
			"from": [ 2.0, 7.0, 16.0 ],
			"to": [ 16.0, 11.0, 30.0 ],
			"rotationOrigin": [ 2.0, 7.0, 16.0 ],
			"faces": {
				"south": { "texture": "#mattress-normal", "uv": [ 0.0, 0.0, 14.0, 4.0 ] },
				"west": { "texture": "#mattress-normal", "uv": [ 1.0, 3.0, 15.0, 7.0 ] },
				"up": { "texture": "#mattress-normal", "uv": [ 1.0, 2.0, 15.0, 16.0 ] },
				"down": { "texture": "#mattress-normal", "uv": [ 0.0, 0.0, 14.0, 14.0 ] }
			}
		},
		{
			"name": "mattress3",
			"from": [ 16.0, 7.0, 16.0 ],
			"to": [ 30.0, 11.0, 30.0 ],
			"rotationOrigin": [ 16.0, 7.0, 16.0 ],
			"faces": {
				"east": { "texture": "#mattress-normal", "uv": [ 0.5, 2.5, 14.5, 6.5 ] },
				"south": { "texture": "#mattress-normal", "uv": [ 0.5, 3.5, 14.5, 7.5 ] },
				"up": { "texture": "#mattress-normal", "uv": [ 0.5, 1.5, 14.5, 15.5 ] },
				"down": { "texture": "#mattress-normal", "uv": [ 2.0, 1.0, 16.0, 15.0 ] }
			}
		},
		{
			"name": "mattress4",
			"from": [ 16.0, 7.0, 2.0 ],
			"to": [ 30.0, 11.0, 16.0 ],
			"rotationOrigin": [ 16.0, 7.0, 2.0 ],
			"faces": {
				"north": { "texture": "#mattress-normal", "uv": [ 1.0, 3.0, 15.0, 7.0 ] },
				"east": { "texture": "#mattress-normal", "uv": [ 1.0, 4.5, 15.0, 8.5 ] },
				"up": { "texture": "#mattress-normal", "uv": [ 2.0, 1.5, 16.0, 15.5 ] },
				"down": { "texture": "#mattress-normal", "uv": [ 1.5, 1.5, 15.5, 15.5 ] }
			}
		},
		{
			"name": "back1",
			"from": [ 1.0, 4.0, 2.1 ],
			"to": [ 16.0, 7.0, 3.1 ],
			"rotationOrigin": [ 1.0, 4.0, 2.1 ],
			"faces": {
				"north": { "texture": "#aged-h", "uv": [ 0.0, 0.0, 15.0, 3.0 ] },
				"east": { "texture": "#aged-h", "uv": [ 0.0, 0.0, 1.0, 3.0 ] },
				"south": { "texture": "#aged-h", "uv": [ 0.0, 0.0, 15.0, 3.0 ] },
				"west": { "texture": "#aged-h", "uv": [ 0.0, 0.0, 1.0, 3.0 ] },
				"up": { "texture": "#aged-h", "uv": [ 0.0, 0.0, 15.0, 1.0 ] },
				"down": { "texture": "#aged-h", "uv": [ 0.0, 0.0, 15.0, 1.0 ] }
			}
		},
		{
			"name": "back2",
			"from": [ 16.0, 4.0, 2.1 ],
			"to": [ 31.0, 7.0, 3.1 ],
			"rotationOrigin": [ 16.0, 4.0, 2.1 ],
			"faces": {
				"north": { "texture": "#aged-h", "uv": [ 0.0, 0.0, 15.0, 3.0 ] },
				"east": { "texture": "#aged-h", "uv": [ 0.0, 0.0, 1.0, 3.0 ] },
				"south": { "texture": "#aged-h", "uv": [ 0.0, 0.0, 15.0, 3.0 ] },
				"west": { "texture": "#aged-h", "uv": [ 0.0, 0.0, 1.0, 3.0 ] },
				"up": { "texture": "#aged-h", "uv": [ 0.0, 0.0, 15.0, 1.0 ] },
				"down": { "texture": "#aged-h", "uv": [ 0.0, 0.0, 15.0, 1.0 ] }
			}
		},
		{
			"name": "face1",
			"from": [ 1.9, 11.01, 5.0 ],
			"to": [ 16.0, 11.01, 16.0 ],
			"rotationOrigin": [ 1.9, 11.0, 5.0 ],
			"faces": {
				"up": { "texture": "#top", "uv": [ 1.5, 4.0, 15.5, 15.0 ] }
			}
		},
		{
			"name": "face2",
			"from": [ 16.0, 11.01, 5.0 ],
			"to": [ 30.1, 11.01, 16.0 ],
			"rotationOrigin": [ 16.0, 11.0, 5.0 ],
			"faces": {
				"up": { "texture": "#top", "uv": [ 2.0, 0.0, 16.0, 11.0 ] }
			}
		},
		{
			"name": "face3",
			"from": [ 16.0, 11.01, 16.0 ],
			"to": [ 30.1, 11.01, 29.0 ],
			"rotationOrigin": [ 16.0, 11.0, 16.0 ],
			"faces": {
				"up": { "texture": "#top", "uv": [ 2.0, 3.0, 16.0, 16.0 ] }
			}
		},
		{
			"name": "face4",
			"from": [ 1.9, 11.01, 16.0 ],
			"to": [ 16.0, 11.01, 29.0 ],
			"rotationOrigin": [ 1.9, 11.0, 16.0 ],
			"faces": {
				"up": { "texture": "#top", "uv": [ 2.0, 0.0, 16.0, 13.0 ] }
			}
		},
		{
			"name": "side_face",
			"from": [ 1.9, 7.0, 5.0 ],
			"to": [ 1.9, 11.0, 16.0 ],
			"rotationOrigin": [ 1.9, 7.0, 5.0 ],
			"faces": {
				"west": { "texture": "#edge-left", "uv": [ 0.0, 1.5, 11.0, 5.5 ], "autoUv": false, "windMode": [-1,-1,-1,-1] }
			}
		},
		{
			"name": "side_face2",
			"from": [ 1.9, 7.0, 16.0 ],
			"to": [ 1.9, 11.0, 29.0 ],
			"rotationOrigin": [ 1.9, 7.0, 16.0 ],
			"faces": {
				"west": { "texture": "#edge-right", "uv": [ 3.0, 1.5, 16.0, 5.5 ], "windMode": [-1,-1,-1,-1] }
			}
		},
		{
			"name": "side_face3",
			"from": [ 30.1, 7.0, 5.0 ],
			"to": [ 30.1, 11.0, 16.0 ],
			"rotationOrigin": [ 30.1, 7.0, 5.0 ],
			"faces": {
				"east": { "texture": "#edge-right", "uv": [ 5.0, 1.5, 16.0, 5.5 ] }
			}
		},
		{
			"name": "side_face4",
			"from": [ 30.1, 7.0, 16.0 ],
			"to": [ 30.1, 11.0, 29.0 ],
			"rotationOrigin": [ 30.1, 7.0, 16.0 ],
			"faces": {
				"east": { "texture": "#edge-left", "uv": [ 0.5, 1.5, 13.5, 5.5 ] }
			}
		},
		{
			"name": "pillow2",
			"from": [ 18.0, 11.0, 4.0 ],
			"to": [ 27.7, 12.0, 9.8 ],
			"rotationOrigin": [ 18.0, 11.0, 4.0 ],
			"rotationY": -3.0,
			"faces": {
				"north": { "texture": "#pillow-normal", "uv": [ 0.0, 0.0, 9.5, 1.0 ] },
				"east": { "texture": "#pillow-normal", "uv": [ 0.0, 0.0, 5.5, 1.0 ] },
				"south": { "texture": "#pillow-normal", "uv": [ 4.0, 1.0, 13.5, 2.0 ] },
				"west": { "texture": "#pillow-normal", "uv": [ 5.0, 6.0, 10.5, 7.0 ] },
				"up": { "texture": "#pillow-normal", "uv": [ 0.0, 0.0, 16.0, 10.0 ], "autoUv": false }
			}
		},
		{
			"name": "pillow3",
			"from": [ 5.0, 11.0, 4.0 ],
			"to": [ 14.7, 12.0, 9.8 ],
			"rotationOrigin": [ 5.0, 11.0, 4.0 ],
			"rotationY": 3.0,
			"faces": {
				"north": { "texture": "#pillow-normal", "uv": [ 0.0, 0.0, 9.5, 1.0 ] },
				"east": { "texture": "#pillow-normal", "uv": [ 0.0, 0.0, 5.5, 1.0 ] },
				"south": { "texture": "#pillow-normal", "uv": [ 4.0, 1.0, 13.5, 2.0 ] },
				"west": { "texture": "#pillow-normal", "uv": [ 5.0, 6.0, 10.5, 7.0 ] },
				"up": { "texture": "#pillow-normal", "uv": [ 0.0, 0.0, 16.0, 10.0 ], "autoUv": false }
			}
		}
	]}