{
	"editor": {
		"allAngles": false,
		"entityTextureMode": true
	},
	"textureWidth": 16,
	"textureHeight": 16,
	"textureSizes": {
	},
	"textures": {
		"black": "game:block/leather/black",
		"poor": "game:block/leather/poor"
	},
	"elements": [
		{
			"name": "origin2",
			"from": [ 0.0, 0.0, 16.0 ],
			"to": [ 0.0, 0.0, 16.0 ],
			"uv": [ 0.5, 3.5 ],
			"rotationOrigin": [ 0.0, 0.0, 16.0 ],
			"faces": {
				"north": { "texture": "#black", "uv": [ 9.5, 4.5, 10.0, 5.0 ] },
				"east": { "texture": "#black", "uv": [ 7.0, 14.5, 7.5, 15.0 ] },
				"south": { "texture": "#black", "uv": [ 2.5, 3.5, 3.0, 4.0 ] },
				"west": { "texture": "#black", "uv": [ 7.0, 3.5, 7.5, 4.0 ] },
				"up": { "texture": "#black", "uv": [ 0.5, 8.5, 1.0, 9.0 ] },
				"down": { "texture": "#black", "uv": [ 14.5, 14.5, 15.0, 15.0 ] }
			},
			"children": [
				{
					"name": "Cube14",
					"from": [ 0.0, 4.0, -13.0 ],
					"to": [ 9.0, 5.0, -3.0 ],
					"uv": [ 0.0, 1.5 ],
					"rotationOrigin": [ 0.0, 4.0, -3.0 ],
					"faces": {
						"north": { "texture": "#black", "uv": [ 1.0, 4.5, 11.0, 5.5 ] },
						"east": { "texture": "#black", "uv": [ 0.5, 11.0, 9.5, 12.0 ] },
						"south": { "texture": "#black", "uv": [ 1.0, 4.0, 11.0, 5.0 ] },
						"west": { "texture": "#black", "uv": [ 0.0, 9.5, 9.0, 10.5 ] },
						"up": { "texture": "#black", "uv": [ 4.0, 4.0, 14.0, 13.0 ] },
						"down": { "texture": "#black", "uv": [ 0.0, 1.5, 10.0, 10.5 ] }
					},
					"children": [
						{
							"name": "Cube15",
							"from": [ 9.0, 0.0, 1.0 ],
							"to": [ 11.0, 1.0, 8.0 ],
							"uv": [ 1.0, 2.5 ],
							"rotationOrigin": [ 9.0, 0.0, 8.0 ],
							"faces": {
								"north": { "texture": "#black", "uv": [ 7.0, 4.5, 9.0, 5.5 ] },
								"east": { "texture": "#black", "uv": [ 5.5, 4.0, 12.5, 5.0 ] },
								"south": { "texture": "#black", "uv": [ 1.0, 5.0, 3.0, 6.0 ] },
								"west": { "texture": "#black", "uv": [ 2.0, 7.5, 9.0, 8.5 ] },
								"up": { "texture": "#black", "uv": [ 5.0, 7.0, 7.0, 14.0 ] },
								"down": { "texture": "#black", "uv": [ 8.0, 2.5, 10.0, 9.5 ] }
							}
						},
						{
							"name": "Cube16",
							"from": [ 11.0, 0.0, 3.0 ],
							"to": [ 13.0, 1.0, 7.0 ],
							"uv": [ 4.5, 5.5 ],
							"rotationOrigin": [ 11.0, 0.0, 7.0 ],
							"faces": {
								"north": { "texture": "#black", "uv": [ 5.0, 10.0, 7.0, 11.0 ] },
								"east": { "texture": "#black", "uv": [ 10.5, 11.5, 14.5, 12.5 ] },
								"south": { "texture": "#black", "uv": [ 4.5, 14.0, 6.5, 15.0 ] },
								"west": { "texture": "#black", "uv": [ 9.5, 12.0, 13.5, 13.0 ] },
								"up": { "texture": "#black", "uv": [ 7.5, 5.5, 9.5, 9.5 ] },
								"down": { "texture": "#black", "uv": [ 8.5, 6.0, 10.5, 10.0 ] }
							}
						},
						{
							"name": "Cube17",
							"from": [ 13.0, 0.0, 4.5 ],
							"to": [ 13.9, 1.0, 5.5 ],
							"uv": [ 0.0, 0.5 ],
							"rotationOrigin": [ 13.0, 0.0, 5.5 ],
							"faces": {
								"north": { "texture": "#black", "uv": [ 4.5, 11.5, 5.0, 12.5 ] },
								"east": { "texture": "#black", "uv": [ 3.0, 4.0, 4.0, 5.0 ] },
								"south": { "texture": "#black", "uv": [ 4.5, 8.0, 5.0, 9.0 ] },
								"west": { "texture": "#black", "uv": [ 0.0, 0.5, 1.0, 1.5 ] },
								"up": { "texture": "#black", "uv": [ 6.0, 6.0, 6.5, 7.0 ] },
								"down": { "texture": "#black", "uv": [ 3.0, 11.5, 3.5, 12.5 ] }
							}
						}
					]
				},
				{
					"name": "Cube10",
					"from": [ 0.0, 3.0, -14.0 ],
					"to": [ 10.0, 4.0, -2.0 ],
					"uv": [ 1.0, 0.5 ],
					"rotationOrigin": [ 0.0, 3.0, -2.0 ],
					"faces": {
						"north": { "texture": "#black", "uv": [ 1.0, 5.5, 11.0, 6.5 ] },
						"east": { "texture": "#black", "uv": [ 3.0, 0.5, 15.0, 1.5 ] },
						"south": { "texture": "#black", "uv": [ 3.0, 5.5, 13.0, 6.5 ] },
						"west": { "texture": "#black", "uv": [ 1.5, 2.0, 13.5, 3.0 ] },
						"up": { "texture": "#black", "uv": [ 3.5, 2.0, 13.5, 14.0 ] },
						"down": { "texture": "#black", "uv": [ 2.0, 1.0, 12.0, 13.0 ] }
					},
					"children": [
						{
							"name": "Cube11",
							"from": [ 10.0, 0.0, 1.0 ],
							"to": [ 12.0, 1.0, 10.0 ],
							"uv": [ 2.5, 2.0 ],
							"rotationOrigin": [ 10.0, 0.0, 10.0 ],
							"faces": {
								"north": { "texture": "#black", "uv": [ 3.0, 5.0, 5.0, 6.0 ] },
								"east": { "texture": "#black", "uv": [ 2.5, 6.5, 11.5, 7.5 ] },
								"south": { "texture": "#black", "uv": [ 6.0, 6.0, 8.0, 7.0 ] },
								"west": { "texture": "#black", "uv": [ 5.0, 4.5, 14.0, 5.5 ] },
								"up": { "texture": "#black", "uv": [ 8.0, 2.0, 10.0, 11.0 ] },
								"down": { "texture": "#black", "uv": [ 4.0, 5.0, 6.0, 14.0 ] }
							}
						},
						{
							"name": "Cube12",
							"from": [ 12.0, 0.0, 3.0 ],
							"to": [ 14.0, 1.0, 9.0 ],
							"uv": [ 2.5, 1.5 ],
							"rotationOrigin": [ 12.0, 0.0, 9.0 ],
							"faces": {
								"north": { "texture": "#black", "uv": [ 2.5, 1.5, 4.5, 2.5 ] },
								"east": { "texture": "#black", "uv": [ 8.5, 5.0, 14.5, 6.0 ] },
								"south": { "texture": "#black", "uv": [ 7.5, 14.5, 9.5, 15.5 ] },
								"west": { "texture": "#black", "uv": [ 4.5, 6.0, 10.5, 7.0 ] },
								"up": { "texture": "#black", "uv": [ 9.0, 6.5, 11.0, 12.5 ] },
								"down": { "texture": "#black", "uv": [ 6.0, 3.5, 8.0, 9.5 ] }
							}
						},
						{
							"name": "Cube13",
							"from": [ 14.0, 0.0, 5.0 ],
							"to": [ 15.0, 1.0, 7.0 ],
							"uv": [ 0.5, 0.5 ],
							"rotationOrigin": [ 14.0, 0.0, 7.0 ],
							"faces": {
								"north": { "texture": "#black", "uv": [ 13.5, 3.0, 14.5, 4.0 ] },
								"east": { "texture": "#black", "uv": [ 10.5, 6.0, 12.5, 7.0 ] },
								"south": { "texture": "#black", "uv": [ 9.0, 8.0, 10.0, 9.0 ] },
								"west": { "texture": "#black", "uv": [ 6.5, 12.5, 8.5, 13.5 ] },
								"up": { "texture": "#black", "uv": [ 13.5, 1.0, 14.5, 3.0 ] },
								"down": { "texture": "#black", "uv": [ 0.5, 0.5, 1.5, 2.5 ] }
							}
						}
					]
				},
				{
					"name": "Cube6",
					"from": [ 0.0, 1.0, -15.0 ],
					"to": [ 11.0, 3.0, -1.0 ],
					"uv": [ 1.0, 0.5 ],
					"rotationOrigin": [ 0.0, 1.0, -1.0 ],
					"faces": {
						"north": { "texture": "#black", "uv": [ 2.0, 6.5, 13.0, 8.5 ] },
						"east": { "texture": "#black", "uv": [ 1.0, 6.5, 15.0, 8.5 ] },
						"south": { "texture": "#black", "uv": [ 1.0, 8.5, 12.0, 10.5 ] },
						"west": { "texture": "#black", "uv": [ 1.0, 2.5, 15.0, 4.5 ] },
						"up": { "texture": "#black", "uv": [ 3.0, 0.5, 14.0, 14.5 ] },
						"down": { "texture": "#black", "uv": [ 3.0, 1.0, 14.0, 15.0 ] }
					},
					"children": [
						{
							"name": "Cube7",
							"from": [ 11.0, 0.0, 1.0 ],
							"to": [ 13.0, 2.0, 12.0 ],
							"uv": [ 0.0, 1.5 ],
							"rotationOrigin": [ 11.0, 0.0, 12.0 ],
							"faces": {
								"north": { "texture": "#black", "uv": [ 0.0, 13.5, 2.0, 15.5 ] },
								"east": { "texture": "#black", "uv": [ 2.5, 6.5, 13.5, 8.5 ] },
								"south": { "texture": "#black", "uv": [ 4.0, 1.5, 6.0, 3.5 ] },
								"west": { "texture": "#black", "uv": [ 3.0, 3.5, 14.0, 5.5 ] },
								"up": { "texture": "#black", "uv": [ 7.5, 2.0, 9.5, 13.0 ] },
								"down": { "texture": "#black", "uv": [ 7.0, 3.0, 9.0, 14.0 ] }
							}
						},
						{
							"name": "Cube8",
							"from": [ 13.0, 0.0, 3.0 ],
							"to": [ 15.0, 2.0, 11.0 ],
							"uv": [ 0.0, 2.0 ],
							"rotationOrigin": [ 13.0, 0.0, 11.0 ],
							"faces": {
								"north": { "texture": "#black", "uv": [ 1.5, 9.0, 3.5, 11.0 ] },
								"east": { "texture": "#black", "uv": [ 5.5, 2.5, 13.5, 4.5 ] },
								"south": { "texture": "#black", "uv": [ 0.0, 10.0, 2.0, 12.0 ] },
								"west": { "texture": "#black", "uv": [ 4.5, 5.0, 12.5, 7.0 ] },
								"up": { "texture": "#black", "uv": [ 6.0, 2.0, 8.0, 10.0 ] },
								"down": { "texture": "#black", "uv": [ 7.5, 4.0, 9.5, 12.0 ] }
							}
						},
						{
							"name": "Cube9",
							"from": [ 15.0, 0.0, 5.0 ],
							"to": [ 16.0, 2.0, 9.0 ],
							"uv": [ 1.5, 0.5 ],
							"rotationOrigin": [ 15.0, 0.0, 9.0 ],
							"faces": {
								"north": { "texture": "#black", "uv": [ 5.0, 0.5, 6.0, 2.5 ] },
								"east": { "texture": "#black", "uv": [ 9.5, 3.5, 13.5, 5.5 ] },
								"south": { "texture": "#black", "uv": [ 10.0, 5.5, 11.0, 7.5 ] },
								"west": { "texture": "#black", "uv": [ 6.0, 7.5, 10.0, 9.5 ] },
								"up": { "texture": "#black", "uv": [ 1.5, 9.5, 2.5, 13.5 ] },
								"down": { "texture": "#black", "uv": [ 4.0, 4.0, 5.0, 8.0 ] }
							}
						}
					]
				},
				{
					"name": "Cube2",
					"from": [ 0.0, 0.0, -14.0 ],
					"to": [ 10.0, 1.0, -2.0 ],
					"uv": [ 1.0, 2.0 ],
					"rotationOrigin": [ 0.0, 0.0, -2.0 ],
					"faces": {
						"north": { "texture": "#black", "uv": [ 2.5, 2.5, 12.5, 3.5 ] },
						"east": { "texture": "#black", "uv": [ 2.5, 9.0, 14.5, 10.0 ] },
						"south": { "texture": "#black", "uv": [ 1.5, 6.5, 11.5, 7.5 ] },
						"west": { "texture": "#black", "uv": [ 1.0, 9.0, 13.0, 10.0 ] },
						"up": { "texture": "#black", "uv": [ 3.0, 2.5, 13.0, 14.5 ] },
						"down": { "texture": "#black", "uv": [ 3.0, 2.0, 13.0, 14.0 ] }
					},
					"children": [
						{
							"name": "Cube3",
							"from": [ 10.0, 0.0, 1.0 ],
							"to": [ 12.0, 1.0, 10.0 ],
							"uv": [ 0.5, 1.0 ],
							"rotationOrigin": [ 10.0, 0.0, 10.0 ],
							"faces": {
								"north": { "texture": "#black", "uv": [ 1.5, 11.0, 3.5, 12.0 ] },
								"east": { "texture": "#black", "uv": [ 4.0, 7.0, 13.0, 8.0 ] },
								"south": { "texture": "#black", "uv": [ 0.5, 1.0, 2.5, 2.0 ] },
								"west": { "texture": "#black", "uv": [ 1.0, 13.0, 10.0, 14.0 ] },
								"up": { "texture": "#black", "uv": [ 3.0, 5.5, 5.0, 14.5 ] },
								"down": { "texture": "#black", "uv": [ 8.0, 4.0, 10.0, 13.0 ] }
							}
						},
						{
							"name": "Cube4",
							"from": [ 12.0, 0.0, 3.0 ],
							"to": [ 14.0, 1.0, 9.0 ],
							"uv": [ 0.5, 2.5 ],
							"rotationOrigin": [ 12.0, 0.0, 9.0 ],
							"faces": {
								"north": { "texture": "#black", "uv": [ 2.5, 8.0, 4.5, 9.0 ] },
								"east": { "texture": "#black", "uv": [ 4.0, 2.5, 10.0, 3.5 ] },
								"south": { "texture": "#black", "uv": [ 0.5, 2.5, 2.5, 3.5 ] },
								"west": { "texture": "#black", "uv": [ 5.5, 10.5, 11.5, 11.5 ] },
								"up": { "texture": "#black", "uv": [ 6.5, 5.0, 8.5, 11.0 ] },
								"down": { "texture": "#black", "uv": [ 8.0, 8.0, 10.0, 14.0 ] }
							}
						},
						{
							"name": "Cube5",
							"from": [ 14.0, 0.0, 5.0 ],
							"to": [ 15.0, 1.0, 7.0 ],
							"uv": [ 2.5, 1.5 ],
							"rotationOrigin": [ 14.0, 0.0, 7.0 ],
							"faces": {
								"north": { "texture": "#black", "uv": [ 8.0, 1.5, 9.0, 2.5 ] },
								"east": { "texture": "#black", "uv": [ 3.0, 1.5, 5.0, 2.5 ] },
								"south": { "texture": "#black", "uv": [ 2.5, 11.5, 3.5, 12.5 ] },
								"west": { "texture": "#black", "uv": [ 9.0, 9.5, 11.0, 10.5 ] },
								"up": { "texture": "#black", "uv": [ 6.5, 11.0, 7.5, 13.0 ] },
								"down": { "texture": "#black", "uv": [ 3.5, 8.5, 4.5, 10.5 ] }
							}
						}
					]
				}
			]
		}
	]}