{
	"editor": {
		"allAngles": true,
		"entityTextureMode": false
	},
	"textureWidth": 16,
	"textureHeight": 16,
	"textureSizes": {
	},
	"textures": {
		"net": "/Users/user/AppData/Roaming/Vintagestory/assets/survival/textures/block/cloth/linen/net",
		"plain": "/Users/user/AppData/Roaming/Vintagestory/assets/survival/textures/block/cloth/linen/plain",
		"ropedcloth": "/Users/user/AppData/Roaming/Vintagestory/assets/survival/textures/block/cloth/ropedcloth"
	},
	"elements": [
		{
			"name": "Cube26",
			"from": [ 8.0, 13.0, 17.0 ],
			"to": [ 8.0, 13.0, 17.0 ],
			"rotationOrigin": [ 8.0, 13.0, 17.0 ],
			"faces": {
				"north": { "texture": "#net", "uv": [ 0.0, 0.0, 0.5, 0.5 ] },
				"east": { "texture": "#net", "uv": [ 0.0, 0.0, 0.5, 0.5 ] },
				"south": { "texture": "#net", "uv": [ 0.0, 0.0, 0.5, 0.5 ] },
				"west": { "texture": "#net", "uv": [ 0.0, 0.0, 0.5, 0.5 ] },
				"up": { "texture": "#net", "uv": [ 0.0, 0.0, 0.5, 0.5 ] },
				"down": { "texture": "#net", "uv": [ 0.0, 0.0, 0.5, 0.5 ] }
			},
			"children": [
				{
					"name": "Cube2",
					"from": [ -0.2, -4.0, -4.0 ],
					"to": [ 0.3, -3.5, 2.0 ],
					"rotationOrigin": [ -0.2, -4.0, -4.0 ],
					"rotationX": -45.0,
					"faces": {
						"north": { "texture": "#ropedcloth", "uv": [ 0.0, 0.0, 0.5, 0.5 ] },
						"east": { "texture": "#ropedcloth", "uv": [ 0.0, 0.0, 6.0, 0.5 ] },
						"south": { "texture": "#ropedcloth", "uv": [ 0.0, 0.0, 0.5, 0.5 ] },
						"west": { "texture": "#ropedcloth", "uv": [ 0.0, 0.0, 6.0, 0.5 ] },
						"up": { "texture": "#ropedcloth", "uv": [ 0.0, 0.0, 0.5, 6.0 ] },
						"down": { "texture": "#ropedcloth", "uv": [ 0.0, 0.0, 0.5, 6.0 ] }
					}
				},
				{
					"name": "Cube3",
					"from": [ 2.8, -3.6, -4.4 ],
					"to": [ 3.3, -3.1, 1.6 ],
					"rotationOrigin": [ 2.8, -3.5, -4.4 ],
					"rotationX": -39.0,
					"rotationY": -30.0,
					"rotationZ": 3.0,
					"faces": {
						"north": { "texture": "#ropedcloth", "uv": [ 0.0, 0.0, 0.5, 0.5 ] },
						"east": { "texture": "#ropedcloth", "uv": [ 0.0, 0.0, 6.0, 0.5 ] },
						"south": { "texture": "#ropedcloth", "uv": [ 0.0, 0.0, 0.5, 0.5 ] },
						"west": { "texture": "#ropedcloth", "uv": [ 0.0, 0.0, 6.0, 0.5 ] },
						"up": { "texture": "#ropedcloth", "uv": [ 0.0, 0.0, 0.5, 6.0 ] },
						"down": { "texture": "#ropedcloth", "uv": [ 0.0, 0.0, 0.5, 6.0 ] }
					}
				},
				{
					"name": "Cube4",
					"from": [ -3.2, -3.6, -4.4 ],
					"to": [ -2.7, -3.1, 1.6 ],
					"rotationOrigin": [ -3.2, -3.5, -4.4 ],
					"rotationX": -39.0,
					"rotationY": 30.0,
					"rotationZ": 3.0,
					"faces": {
						"north": { "texture": "#ropedcloth", "uv": [ 0.0, 0.0, 0.5, 0.5 ] },
						"east": { "texture": "#ropedcloth", "uv": [ 0.0, 0.0, 6.0, 0.5 ] },
						"south": { "texture": "#ropedcloth", "uv": [ 0.0, 0.0, 0.5, 0.5 ] },
						"west": { "texture": "#ropedcloth", "uv": [ 0.0, 0.0, 6.0, 0.5 ] },
						"up": { "texture": "#ropedcloth", "uv": [ 0.0, 0.0, 0.5, 6.0 ] },
						"down": { "texture": "#ropedcloth", "uv": [ 0.0, 0.0, 0.5, 6.0 ] }
					}
				},
				{
					"name": "Cube6",
					"from": [ -1.7, -5.6, -17.0 ],
					"to": [ 1.8, -5.2, -12.7 ],
					"rotationOrigin": [ -1.7, -5.6, -17.0 ],
					"faces": {
						"north": { "texture": "#plain", "uv": [ 0.0, 0.0, 3.5, 0.5 ] },
						"east": { "texture": "#plain", "uv": [ 0.0, 0.0, 4.0, 0.5 ] },
						"south": { "texture": "#plain", "uv": [ 0.0, 0.0, 3.5, 0.5 ] },
						"west": { "texture": "#plain", "uv": [ 0.0, 0.0, 4.0, 0.5 ] },
						"up": { "texture": "#plain", "uv": [ 0.0, 0.0, 3.5, 4.0 ] },
						"down": { "texture": "#plain", "uv": [ 0.0, 0.0, 3.5, 4.0 ] }
					}
				},
				{
					"name": "Cube7",
					"from": [ 1.8, -5.6, -17.0 ],
					"to": [ 4.3, -5.2, -12.7 ],
					"rotationOrigin": [ 1.8, -5.6, -17.0 ],
					"rotationZ": 11.0,
					"faces": {
						"north": { "texture": "#plain", "uv": [ 0.0, 0.0, 2.5, 0.5 ] },
						"east": { "texture": "#plain", "uv": [ 0.0, 0.0, 4.0, 0.5 ] },
						"south": { "texture": "#plain", "uv": [ 0.0, 0.0, 2.5, 0.5 ] },
						"west": { "texture": "#plain", "uv": [ 0.0, 0.0, 4.0, 0.5 ] },
						"up": { "texture": "#plain", "uv": [ 0.0, 0.0, 2.5, 4.0 ] },
						"down": { "texture": "#plain", "uv": [ 0.0, 0.0, 2.5, 4.0 ] }
					}
				},
				{
					"name": "Cube8",
					"from": [ -4.2, -5.6, -17.0 ],
					"to": [ -1.7, -5.2, -12.7 ],
					"rotationOrigin": [ -1.7, -5.6, -17.0 ],
					"rotationZ": -11.0,
					"faces": {
						"north": { "texture": "#plain", "uv": [ 0.0, 0.0, 2.5, 0.5 ] },
						"east": { "texture": "#plain", "uv": [ 0.0, 0.0, 4.0, 0.5 ] },
						"south": { "texture": "#plain", "uv": [ 0.0, 0.0, 2.5, 0.5 ] },
						"west": { "texture": "#plain", "uv": [ 0.0, 0.0, 4.0, 0.5 ] },
						"up": { "texture": "#plain", "uv": [ 0.0, 0.0, 2.5, 4.0 ] },
						"down": { "texture": "#plain", "uv": [ 0.0, 0.0, 2.5, 4.0 ] }
					}
				},
				{
					"name": "Cube9",
					"from": [ 1.8, -5.6, -12.7 ],
					"to": [ 4.2, -5.2, -8.7 ],
					"rotationOrigin": [ 1.8, -5.6, -12.7 ],
					"rotationX": -11.0,
					"rotationZ": 12.0,
					"faces": {
						"north": { "texture": "#plain", "uv": [ 0.0, 0.0, 2.0, 0.5 ] },
						"east": { "texture": "#plain", "uv": [ 0.0, 0.0, 4.0, 0.5 ] },
						"south": { "texture": "#plain", "uv": [ 0.0, 0.0, 2.0, 0.5 ] },
						"west": { "texture": "#plain", "uv": [ 0.0, 0.0, 4.0, 0.5 ] },
						"up": { "texture": "#plain", "uv": [ 0.0, 0.0, 2.0, 4.0 ] },
						"down": { "texture": "#plain", "uv": [ 0.0, 0.0, 2.0, 4.0 ] }
					}
				},
				{
					"name": "Cube10",
					"from": [ -4.1, -5.6, -12.7 ],
					"to": [ -1.7, -5.2, -8.7 ],
					"rotationOrigin": [ -1.7, -5.6, -12.7 ],
					"rotationX": -11.0,
					"rotationZ": -12.0,
					"faces": {
						"north": { "texture": "#plain", "uv": [ 0.0, 0.0, 2.0, 0.5 ] },
						"east": { "texture": "#plain", "uv": [ 0.0, 0.0, 4.0, 0.5 ] },
						"south": { "texture": "#plain", "uv": [ 0.0, 0.0, 2.0, 0.5 ] },
						"west": { "texture": "#plain", "uv": [ 0.0, 0.0, 4.0, 0.5 ] },
						"up": { "texture": "#plain", "uv": [ 0.0, 0.0, 2.0, 4.0 ] },
						"down": { "texture": "#plain", "uv": [ 0.0, 0.0, 2.0, 4.0 ] }
					}
				},
				{
					"name": "Cube11",
					"from": [ 1.9, -5.0, -9.5 ],
					"to": [ 4.1, -4.6, -4.2 ],
					"rotationOrigin": [ 1.9, -4.8, -9.5 ],
					"rotationX": -11.0,
					"rotationY": -8.0,
					"rotationZ": 14.0,
					"faces": {
						"north": { "texture": "#plain", "uv": [ 0.0, 0.0, 2.0, 0.5 ] },
						"east": { "texture": "#plain", "uv": [ 0.0, 0.0, 5.0, 0.5 ] },
						"south": { "texture": "#plain", "uv": [ 0.0, 0.0, 2.0, 0.5 ] },
						"west": { "texture": "#plain", "uv": [ 0.0, 0.0, 5.0, 0.5 ] },
						"up": { "texture": "#plain", "uv": [ 0.0, 0.0, 2.0, 5.0 ] },
						"down": { "texture": "#plain", "uv": [ 0.0, 0.0, 2.0, 5.0 ] }
					}
				},
				{
					"name": "Cube12",
					"from": [ -3.8, -4.5, -9.5 ],
					"to": [ -1.6, -4.1, -4.2 ],
					"rotationOrigin": [ -3.8, -4.3, -9.5 ],
					"rotationX": -11.0,
					"rotationY": 6.0,
					"rotationZ": -14.0,
					"faces": {
						"north": { "texture": "#plain", "uv": [ 0.0, 0.0, 2.0, 0.5 ] },
						"east": { "texture": "#plain", "uv": [ 0.0, 0.0, 5.0, 0.5 ] },
						"south": { "texture": "#plain", "uv": [ 0.0, 0.0, 2.0, 0.5 ] },
						"west": { "texture": "#plain", "uv": [ 0.0, 0.0, 5.0, 0.5 ] },
						"up": { "texture": "#plain", "uv": [ 0.0, 0.0, 2.0, 5.0 ] },
						"down": { "texture": "#plain", "uv": [ 0.0, 0.0, 2.0, 5.0 ] }
					}
				},
				{
					"name": "Cube15",
					"from": [ -0.2, -4.0, -36.0 ],
					"to": [ 0.3, -3.5, -30.0 ],
					"rotationOrigin": [ 0.3, -4.0, -30.0 ],
					"rotationX": 45.0,
					"rotationY": 0.0,
					"rotationZ": 0.0,
					"faces": {
						"south": { "texture": "#ropedcloth", "uv": [ 0.0, 0.0, 0.5, 0.5 ] },
						"west": { "texture": "#ropedcloth", "uv": [ 0.0, 0.0, 6.0, 0.5 ] },
						"north": { "texture": "#ropedcloth", "uv": [ 0.0, 0.0, 0.5, 0.5 ] },
						"east": { "texture": "#ropedcloth", "uv": [ 0.0, 0.0, 6.0, 0.5 ] },
						"up": { "texture": "#ropedcloth", "uv": [ 0.0, 0.0, 0.5, 6.0 ] },
						"down": { "texture": "#ropedcloth", "uv": [ 0.0, 0.0, 0.5, 6.0 ] }
					}
				},
				{
					"name": "Cube16",
					"from": [ -3.2, -3.6, -35.6 ],
					"to": [ -2.7, -3.1, -29.6 ],
					"rotationOrigin": [ -2.7, -3.5, -29.6 ],
					"rotationX": 39.0,
					"rotationY": -30.0,
					"rotationZ": -3.0,
					"faces": {
						"south": { "texture": "#ropedcloth", "uv": [ 0.0, 0.0, 0.5, 0.5 ] },
						"west": { "texture": "#ropedcloth", "uv": [ 0.0, 0.0, 6.0, 0.5 ] },
						"north": { "texture": "#ropedcloth", "uv": [ 0.0, 0.0, 0.5, 0.5 ] },
						"east": { "texture": "#ropedcloth", "uv": [ 0.0, 0.0, 6.0, 0.5 ] },
						"up": { "texture": "#ropedcloth", "uv": [ 0.0, 0.0, 0.5, 6.0 ] },
						"down": { "texture": "#ropedcloth", "uv": [ 0.0, 0.0, 0.5, 6.0 ] }
					}
				},
				{
					"name": "Cube17",
					"from": [ 2.8, -3.6, -35.6 ],
					"to": [ 3.3, -3.1, -29.6 ],
					"rotationOrigin": [ 3.3, -3.5, -29.6 ],
					"rotationX": 39.0,
					"rotationY": 30.0,
					"rotationZ": -3.0,
					"faces": {
						"south": { "texture": "#ropedcloth", "uv": [ 0.0, 0.0, 0.5, 0.5 ] },
						"west": { "texture": "#ropedcloth", "uv": [ 0.0, 0.0, 6.0, 0.5 ] },
						"north": { "texture": "#ropedcloth", "uv": [ 0.0, 0.0, 0.5, 0.5 ] },
						"east": { "texture": "#ropedcloth", "uv": [ 0.0, 0.0, 6.0, 0.5 ] },
						"up": { "texture": "#ropedcloth", "uv": [ 0.0, 0.0, 0.5, 6.0 ] },
						"down": { "texture": "#ropedcloth", "uv": [ 0.0, 0.0, 0.5, 6.0 ] }
					}
				},
				{
					"name": "Cube18",
					"from": [ -1.7, -5.6, -30.3 ],
					"to": [ 1.8, -5.2, -21.3 ],
					"rotationOrigin": [ 1.8, -5.6, -21.3 ],
					"rotationX": 11.0,
					"rotationY": 0.0,
					"rotationZ": 0.0,
					"faces": {
						"south": { "texture": "#plain", "uv": [ 0.0, 0.0, 3.5, 0.5 ] },
						"west": { "texture": "#plain", "uv": [ 0.0, 0.0, 9.0, 0.5 ] },
						"north": { "texture": "#plain", "uv": [ 0.0, 0.0, 3.5, 0.5 ] },
						"east": { "texture": "#plain", "uv": [ 0.0, 0.0, 9.0, 0.5 ] },
						"up": { "texture": "#plain", "uv": [ 0.0, 0.0, 3.5, 9.0 ] },
						"down": { "texture": "#plain", "uv": [ 0.0, 0.0, 3.5, 9.0 ] }
					}
				},
				{
					"name": "Cube19",
					"from": [ -1.7, -5.6, -21.3 ],
					"to": [ 1.8, -5.2, -17.0 ],
					"rotationOrigin": [ 1.8, -5.6, -17.0 ],
					"faces": {
						"south": { "texture": "#plain", "uv": [ 0.0, 0.0, 3.5, 0.5 ] },
						"west": { "texture": "#plain", "uv": [ 0.0, 0.0, 4.0, 0.5 ] },
						"north": { "texture": "#plain", "uv": [ 0.0, 0.0, 3.5, 0.5 ] },
						"east": { "texture": "#plain", "uv": [ 0.0, 0.0, 4.0, 0.5 ] },
						"up": { "texture": "#plain", "uv": [ 0.0, 0.0, 3.5, 4.0 ] },
						"down": { "texture": "#plain", "uv": [ 0.0, 0.0, 3.5, 4.0 ] }
					}
				},
				{
					"name": "Cube20",
					"from": [ -4.2, -5.6, -21.3 ],
					"to": [ -1.7, -5.2, -17.0 ],
					"rotationOrigin": [ -1.7, -5.6, -17.0 ],
					"rotationX": 0.0,
					"rotationY": 0.0,
					"rotationZ": -11.0,
					"faces": {
						"south": { "texture": "#plain", "uv": [ 0.0, 0.0, 2.5, 0.5 ] },
						"west": { "texture": "#plain", "uv": [ 0.0, 0.0, 4.0, 0.5 ] },
						"north": { "texture": "#plain", "uv": [ 0.0, 0.0, 2.5, 0.5 ] },
						"east": { "texture": "#plain", "uv": [ 0.0, 0.0, 4.0, 0.5 ] },
						"up": { "texture": "#plain", "uv": [ 0.0, 0.0, 2.5, 4.0 ] },
						"down": { "texture": "#plain", "uv": [ 0.0, 0.0, 2.5, 4.0 ] }
					}
				},
				{
					"name": "Cube21",
					"from": [ 1.8, -5.6, -21.3 ],
					"to": [ 4.3, -5.2, -17.0 ],
					"rotationOrigin": [ 1.8, -5.6, -17.0 ],
					"rotationX": 0.0,
					"rotationY": 0.0,
					"rotationZ": 11.0,
					"faces": {
						"south": { "texture": "#plain", "uv": [ 0.0, 0.0, 2.5, 0.5 ] },
						"west": { "texture": "#plain", "uv": [ 0.0, 0.0, 4.0, 0.5 ] },
						"north": { "texture": "#plain", "uv": [ 0.0, 0.0, 2.5, 0.5 ] },
						"east": { "texture": "#plain", "uv": [ 0.0, 0.0, 4.0, 0.5 ] },
						"up": { "texture": "#plain", "uv": [ 0.0, 0.0, 2.5, 4.0 ] },
						"down": { "texture": "#plain", "uv": [ 0.0, 0.0, 2.5, 4.0 ] }
					}
				},
				{
					"name": "Cube22",
					"from": [ -4.1, -5.6, -25.3 ],
					"to": [ -1.7, -5.2, -21.3 ],
					"rotationOrigin": [ -1.7, -5.6, -21.3 ],
					"rotationX": 11.0,
					"rotationY": 0.0,
					"rotationZ": -12.0,
					"faces": {
						"south": { "texture": "#plain", "uv": [ 0.0, 0.0, 2.0, 0.5 ] },
						"west": { "texture": "#plain", "uv": [ 0.0, 0.0, 4.0, 0.5 ] },
						"north": { "texture": "#plain", "uv": [ 0.0, 0.0, 2.0, 0.5 ] },
						"east": { "texture": "#plain", "uv": [ 0.0, 0.0, 4.0, 0.5 ] },
						"up": { "texture": "#plain", "uv": [ 0.0, 0.0, 2.0, 4.0 ] },
						"down": { "texture": "#plain", "uv": [ 0.0, 0.0, 2.0, 4.0 ] }
					}
				},
				{
					"name": "Cube23",
					"from": [ 1.8, -5.6, -25.3 ],
					"to": [ 4.2, -5.2, -21.3 ],
					"rotationOrigin": [ 1.8, -5.6, -21.3 ],
					"rotationX": 11.0,
					"rotationY": 0.0,
					"rotationZ": 12.0,
					"faces": {
						"south": { "texture": "#plain", "uv": [ 0.0, 0.0, 2.0, 0.5 ] },
						"west": { "texture": "#plain", "uv": [ 0.0, 0.0, 4.0, 0.5 ] },
						"north": { "texture": "#plain", "uv": [ 0.0, 0.0, 2.0, 0.5 ] },
						"east": { "texture": "#plain", "uv": [ 0.0, 0.0, 4.0, 0.5 ] },
						"up": { "texture": "#plain", "uv": [ 0.0, 0.0, 2.0, 4.0 ] },
						"down": { "texture": "#plain", "uv": [ 0.0, 0.0, 2.0, 4.0 ] }
					}
				},
				{
					"name": "Cube24",
					"from": [ -4.0, -5.0, -29.8 ],
					"to": [ -1.8, -4.6, -24.5 ],
					"rotationOrigin": [ -1.8, -4.8, -24.5 ],
					"rotationX": 11.0,
					"rotationY": -8.0,
					"rotationZ": -14.0,
					"faces": {
						"south": { "texture": "#plain", "uv": [ 0.0, 0.0, 2.0, 0.5 ] },
						"west": { "texture": "#plain", "uv": [ 0.0, 0.0, 5.0, 0.5 ] },
						"north": { "texture": "#plain", "uv": [ 0.0, 0.0, 2.0, 0.5 ] },
						"east": { "texture": "#plain", "uv": [ 0.0, 0.0, 5.0, 0.5 ] },
						"up": { "texture": "#plain", "uv": [ 0.0, 0.0, 2.0, 5.0 ] },
						"down": { "texture": "#plain", "uv": [ 0.0, 0.0, 2.0, 5.0 ] }
					}
				},
				{
					"name": "Cube25",
					"from": [ 1.7, -4.5, -29.8 ],
					"to": [ 3.9, -4.1, -24.5 ],
					"rotationOrigin": [ 3.9, -4.3, -24.5 ],
					"rotationX": 11.0,
					"rotationY": 6.0,
					"rotationZ": 14.0,
					"faces": {
						"south": { "texture": "#plain", "uv": [ 0.0, 0.0, 2.0, 0.5 ] },
						"west": { "texture": "#plain", "uv": [ 0.0, 0.0, 5.0, 0.5 ] },
						"north": { "texture": "#plain", "uv": [ 0.0, 0.0, 2.0, 0.5 ] },
						"east": { "texture": "#plain", "uv": [ 0.0, 0.0, 5.0, 0.5 ] },
						"up": { "texture": "#plain", "uv": [ 0.0, 0.0, 2.0, 5.0 ] },
						"down": { "texture": "#plain", "uv": [ 0.0, 0.0, 2.0, 5.0 ] }
					}
				},
				{
					"name": "Cube5",
					"from": [ -1.7, -5.6, -12.7 ],
					"to": [ 1.8, -5.2, -3.7 ],
					"rotationOrigin": [ -1.7, -5.6, -12.7 ],
					"rotationX": -11.0,
					"faces": {
						"north": { "texture": "#plain", "uv": [ 0.0, 0.0, 3.5, 0.5 ] },
						"east": { "texture": "#plain", "uv": [ 0.0, 0.0, 9.0, 0.5 ] },
						"south": { "texture": "#plain", "uv": [ 0.0, 0.0, 3.5, 0.5 ] },
						"west": { "texture": "#plain", "uv": [ 0.0, 0.0, 9.0, 0.5 ] },
						"up": { "texture": "#plain", "uv": [ 0.0, 0.0, 3.5, 9.0 ] },
						"down": { "texture": "#plain", "uv": [ 0.0, 0.0, 3.5, 9.0 ] }
					}
				}
			]
		}
	],
	"animations": [
		{
			"name": "Animation 1",
			"code": "animation1",
			"quantityframes": 20,
			"onActivityStopped": "PlayTillEnd",
			"onAnimationEnd": "EaseOut",
			"keyframes": [
				{
					"frame": 0,
					"elements": {
						"Cube26": { "rotationX": 0.0, "rotationY": 0.0, "rotationZ": 0.0 }
					}
				},
				{
					"frame": 5,
					"elements": {
						"Cube26": { "rotationX": 0.0, "rotationY": 0.0, "rotationZ": -11.0 }
					}
				},
				{
					"frame": 10,
					"elements": {
						"Cube26": { "rotationX": 0.0, "rotationY": 0.0, "rotationZ": 0.0 }
					}
				},
				{
					"frame": 15,
					"elements": {
						"Cube26": { "rotationX": 0.0, "rotationY": 0.0, "rotationZ": 11.0 }
					}
				},
				{
					"frame": 20,
					"elements": {
						"Cube26": { "rotationX": 0.0, "rotationY": 0.0, "rotationZ": 0.0 }
					}
				}
			]
		}
	]
}