{
	"editor": {
		"collapsedPaths": "Root/Cube2,Root/Cube2/tie,Root/Cube17/tie2,Root/Cube17",
		"allAngles": true,
		"entityTextureMode": false
	},
	"textureWidth": 16,
	"textureHeight": 16,
	"textureSizes": {
	},
	"textures": {
		"pelt": "game:item/resource/hide/pelt",
		"scraped": "game:item/resource/hide/scraped"
	},
	"elements": [
		{
			"name": "Cube2",
			"from": [ 0.0, 0.0, 7.0 ],
			"to": [ 2.0, 9.0, 10.0 ],
			"rotationOrigin": [ 0.0, 0.0, 7.0 ],
			"faces": {
				"north": { "texture": "#pelt", "uv": [ 0.0, 0.0, 2.0, 9.0 ] },
				"east": { "texture": "#pelt", "uv": [ 0.0, 0.0, 3.0, 9.0 ] },
				"south": { "texture": "#pelt", "uv": [ 0.0, 0.0, 2.0, 9.0 ] },
				"west": { "texture": "#pelt", "uv": [ 0.0, 0.0, 3.0, 9.0 ] },
				"up": { "texture": "#pelt", "uv": [ 0.0, 0.0, 2.0, 3.0 ] },
				"down": { "texture": "#pelt", "uv": [ 0.0, 0.0, 2.0, 3.0 ] }
			},
			"children": [
				{
					"name": "Cube3",
					"from": [ 0.0, 9.0, 0.6 ],
					"to": [ 1.0, 16.0, 2.2 ],
					"rotationOrigin": [ 0.0, 9.0, 0.6 ],
					"faces": {
						"north": { "texture": "#pelt", "uv": [ 0.0, 0.0, 1.0, 7.0 ] },
						"east": { "texture": "#pelt", "uv": [ 0.0, 0.0, 1.5, 7.0 ] },
						"south": { "texture": "#pelt", "uv": [ 0.0, 0.0, 1.0, 7.0 ] },
						"west": { "texture": "#pelt", "uv": [ 0.0, 0.0, 1.5, 7.0 ] },
						"up": { "texture": "#pelt", "uv": [ 0.0, 0.0, 1.0, 1.5 ] },
						"down": { "texture": "#pelt", "uv": [ 0.0, 0.0, 1.0, 1.5 ] }
					}
				},
				{
					"name": "Cube4",
					"from": [ 1.0, 8.7, 0.6 ],
					"to": [ 2.0, 12.8, 2.2 ],
					"rotationOrigin": [ 1.0, 8.7, 0.6 ],
					"rotationZ": 11.0,
					"faces": {
						"north": { "texture": "#pelt", "uv": [ 0.0, 0.0, 1.0, 4.0 ] },
						"east": { "texture": "#pelt", "uv": [ 0.0, 0.0, 1.5, 4.0 ] },
						"south": { "texture": "#pelt", "uv": [ 0.0, 0.0, 1.0, 4.0 ] },
						"west": { "texture": "#pelt", "uv": [ 0.0, 0.0, 1.5, 4.0 ] },
						"up": { "texture": "#pelt", "uv": [ 0.0, 0.0, 1.0, 1.5 ] },
						"down": { "texture": "#pelt", "uv": [ 0.0, 0.0, 1.0, 1.5 ] }
					}
				},
				{
					"name": "Cube5",
					"from": [ 2.1, 0.3, 1.2 ],
					"to": [ 2.7, 8.3, 3.1 ],
					"rotationOrigin": [ 2.1, 0.3, 1.2 ],
					"rotationX": -6.0,
					"rotationY": -8.0,
					"rotationZ": 3.0,
					"faces": {
						"north": { "texture": "#pelt", "uv": [ 0.0, 0.0, 0.5, 8.0 ] },
						"east": { "texture": "#pelt", "uv": [ 0.0, 0.0, 1.5, 8.0 ] },
						"south": { "texture": "#pelt", "uv": [ 0.0, 0.0, 0.5, 8.0 ] },
						"west": { "texture": "#pelt", "uv": [ 0.0, 0.0, 1.5, 8.0 ] },
						"up": { "texture": "#pelt", "uv": [ 0.0, 0.0, 0.5, 1.5 ] },
						"down": { "texture": "#pelt", "uv": [ 0.0, 0.0, 0.5, 1.5 ] }
					}
				},
				{
					"name": "Cube6",
					"from": [ 2.4, 1.3, 1.9 ],
					"to": [ 3.2, 9.3, 2.5 ],
					"rotationOrigin": [ 2.4, 1.3, 1.9 ],
					"rotationX": -6.0,
					"rotationY": -8.0,
					"rotationZ": 3.0,
					"faces": {
						"north": { "texture": "#pelt", "uv": [ 0.0, 0.0, 0.5, 8.0 ] },
						"east": { "texture": "#pelt", "uv": [ 0.0, 0.0, 0.5, 8.0 ] },
						"south": { "texture": "#pelt", "uv": [ 0.0, 0.0, 0.5, 8.0 ] },
						"west": { "texture": "#pelt", "uv": [ 0.0, 0.0, 0.5, 8.0 ] },
						"up": { "texture": "#pelt", "uv": [ 0.0, 0.0, 0.5, 0.5 ] },
						"down": { "texture": "#pelt", "uv": [ 0.0, 0.0, 0.5, 0.5 ] }
					}
				},
				{
					"name": "Cube7",
					"from": [ 0.0, 16.0, 1.0 ],
					"to": [ 1.3, 32.0, 2.5 ],
					"rotationOrigin": [ 0.0, 16.0, 1.0 ],
					"faces": {
						"north": { "texture": "#pelt", "uv": [ 0.0, 0.0, 1.0, 16.0 ] },
						"east": { "texture": "#pelt", "uv": [ 0.0, 0.0, 1.5, 16.0 ] },
						"south": { "texture": "#pelt", "uv": [ 0.0, 0.0, 1.0, 16.0 ] },
						"west": { "texture": "#pelt", "uv": [ 0.0, 0.0, 1.5, 16.0 ] },
						"up": { "texture": "#pelt", "uv": [ 0.0, 0.0, 1.0, 1.5 ] },
						"down": { "texture": "#pelt", "uv": [ 0.0, 0.0, 1.0, 1.5 ] }
					}
				},
				{
					"name": "Cube8",
					"from": [ 0.0, 16.0, 1.0 ],
					"to": [ 1.6, 23.0, 2.6 ],
					"rotationOrigin": [ 0.0, 16.0, 1.0 ],
					"rotationZ": -25.0,
					"faces": {
						"north": { "texture": "#pelt", "uv": [ 0.0, 0.0, 1.5, 7.0 ] },
						"east": { "texture": "#pelt", "uv": [ 0.0, 0.0, 1.5, 7.0 ] },
						"south": { "texture": "#pelt", "uv": [ 0.0, 0.0, 1.5, 7.0 ] },
						"west": { "texture": "#pelt", "uv": [ 0.0, 0.0, 1.5, 7.0 ] },
						"up": { "texture": "#pelt", "uv": [ 0.0, 0.0, 1.5, 1.5 ] },
						"down": { "texture": "#pelt", "uv": [ 0.0, 0.0, 1.5, 1.5 ] }
					}
				},
				{
					"name": "Cube9",
					"from": [ 3.0, 22.0, 0.4 ],
					"to": [ 5.1, 29.0, 2.6 ],
					"rotationOrigin": [ 3.0, 22.0, 0.4 ],
					"rotationZ": -8.0,
					"faces": {
						"north": { "texture": "#pelt", "uv": [ 0.0, 0.0, 2.0, 7.0 ] },
						"east": { "texture": "#pelt", "uv": [ 0.0, 0.0, 2.0, 7.0 ] },
						"south": { "texture": "#pelt", "uv": [ 0.0, 0.0, 2.0, 7.0 ] },
						"west": { "texture": "#pelt", "uv": [ 0.0, 0.0, 2.0, 7.0 ] },
						"up": { "texture": "#pelt", "uv": [ 0.0, 0.0, 2.0, 2.0 ] },
						"down": { "texture": "#pelt", "uv": [ 0.0, 0.0, 2.0, 2.0 ] }
					}
				},
				{
					"name": "Cube10",
					"from": [ 3.5, 28.0, 0.3 ],
					"to": [ 6.0, 32.1, 3.1 ],
					"rotationOrigin": [ 3.5, 27.0, 0.3 ],
					"rotationZ": 3.0,
					"faces": {
						"north": { "texture": "#pelt", "uv": [ 0.0, 0.0, 2.5, 4.0 ] },
						"east": { "texture": "#pelt", "uv": [ 0.0, 0.0, 2.5, 4.0 ] },
						"south": { "texture": "#pelt", "uv": [ 0.0, 0.0, 2.5, 4.0 ] },
						"west": { "texture": "#pelt", "uv": [ 0.0, 0.0, 2.5, 4.0 ] },
						"up": { "texture": "#pelt", "uv": [ 0.0, 0.0, 2.5, 2.5 ] },
						"down": { "texture": "#pelt", "uv": [ 0.0, 0.0, 2.5, 2.5 ] }
					}
				},
				{
					"name": "Cube11",
					"from": [ 1.1, 25.0, 1.6 ],
					"to": [ 4.1, 32.0, 3.3 ],
					"rotationOrigin": [ 1.1, 24.0, 1.6 ],
					"rotationX": -8.0,
					"rotationY": -11.0,
					"rotationZ": 3.0,
					"faces": {
						"north": { "texture": "#pelt", "uv": [ 0.0, 0.0, 3.0, 7.0 ] },
						"east": { "texture": "#pelt", "uv": [ 0.0, 0.0, 1.5, 7.0 ] },
						"south": { "texture": "#pelt", "uv": [ 0.0, 0.0, 3.0, 7.0 ] },
						"west": { "texture": "#pelt", "uv": [ 0.0, 0.0, 1.5, 7.0 ] },
						"up": { "texture": "#pelt", "uv": [ 0.0, 0.0, 3.0, 1.5 ] },
						"down": { "texture": "#pelt", "uv": [ 0.0, 0.0, 3.0, 1.5 ] }
					}
				},
				{
					"name": "Cube12",
					"from": [ 1.8, 25.0, 0.8 ],
					"to": [ 5.5, 31.8, 2.1 ],
					"rotationOrigin": [ 2.8, 24.0, 0.8 ],
					"rotationX": -172.0,
					"rotationY": 0.0,
					"rotationZ": -177.0,
					"faces": {
						"north": { "texture": "#pelt", "uv": [ 0.0, 0.0, 3.5, 6.5 ] },
						"east": { "texture": "#pelt", "uv": [ 0.0, 0.0, 1.0, 6.5 ] },
						"south": { "texture": "#pelt", "uv": [ 0.0, 0.0, 3.5, 6.5 ] },
						"west": { "texture": "#pelt", "uv": [ 0.0, 0.0, 1.0, 6.5 ] },
						"up": { "texture": "#pelt", "uv": [ 0.0, 0.0, 3.5, 1.0 ] },
						"down": { "texture": "#pelt", "uv": [ 0.0, 0.0, 3.5, 1.0 ] }
					}
				},
				{
					"name": "Cube13",
					"from": [ 0.5, 17.0, 2.1 ],
					"to": [ 3.4, 26.0, 2.9 ],
					"rotationOrigin": [ 1.5, 21.0, 2.1 ],
					"rotationX": 6.0,
					"rotationY": -3.0,
					"rotationZ": -8.0,
					"faces": {
						"north": { "texture": "#pelt", "uv": [ 0.0, 0.0, 2.5, 9.0 ] },
						"east": { "texture": "#pelt", "uv": [ 0.0, 0.0, 0.5, 9.0 ] },
						"south": { "texture": "#pelt", "uv": [ 0.0, 0.0, 2.5, 9.0 ] },
						"west": { "texture": "#pelt", "uv": [ 0.0, 0.0, 0.5, 9.0 ] },
						"up": { "texture": "#pelt", "uv": [ 0.0, 0.0, 2.5, 0.5 ] },
						"down": { "texture": "#pelt", "uv": [ 0.0, 0.0, 2.5, 0.5 ] }
					}
				},
				{
					"name": "Cube15",
					"from": [ 2.7, 20.3, 0.1 ],
					"to": [ 3.9, 25.2, 0.7 ],
					"rotationOrigin": [ 3.7, 24.3, 0.1 ],
					"rotationX": -6.0,
					"rotationY": -22.0,
					"rotationZ": -6.0,
					"faces": {
						"north": { "texture": "#pelt", "uv": [ 0.0, 0.0, 1.0, 4.5 ] },
						"east": { "texture": "#pelt", "uv": [ 0.0, 0.0, 0.5, 4.5 ] },
						"south": { "texture": "#pelt", "uv": [ 0.0, 0.0, 1.0, 4.5 ] },
						"west": { "texture": "#pelt", "uv": [ 0.0, 0.0, 0.5, 4.5 ] },
						"up": { "texture": "#pelt", "uv": [ 0.0, 0.0, 1.0, 0.5 ] },
						"down": { "texture": "#pelt", "uv": [ 0.0, 0.0, 1.0, 0.5 ] }
					}
				},
				{
					"name": "Cube16",
					"from": [ 0.29, 8.89, 0.38 ],
					"to": [ 1.79, 16.59, 1.08 ],
					"rotationOrigin": [ 1.29, 8.8923, 0.3786 ],
					"rotationX": 8.0,
					"rotationY": -11.0,
					"rotationZ": 3.0,
					"faces": {
						"north": { "texture": "#pelt", "uv": [ 0.0, 0.0, 1.5, 7.5 ] },
						"east": { "texture": "#pelt", "uv": [ 0.0, 0.0, 0.5, 7.5 ] },
						"south": { "texture": "#pelt", "uv": [ 0.0, 0.0, 1.5, 7.5 ] },
						"west": { "texture": "#pelt", "uv": [ 0.0, 0.0, 0.5, 7.5 ] },
						"up": { "texture": "#pelt", "uv": [ 0.0, 0.0, 1.5, 0.5 ] },
						"down": { "texture": "#pelt", "uv": [ 0.0, 0.0, 1.5, 0.5 ] }
					}
				},
				{
					"name": "Cube14",
					"from": [ 0.5, 18.0, 0.1 ],
					"to": [ 2.7, 25.9, 0.9 ],
					"rotationOrigin": [ 1.5, 22.0, 0.1 ],
					"rotationX": -6.0,
					"rotationY": 6.0,
					"rotationZ": -6.0,
					"faces": {
						"north": { "texture": "#pelt", "uv": [ 0.0, 0.0, 2.0, 7.5 ] },
						"east": { "texture": "#pelt", "uv": [ 0.0, 0.0, 0.5, 7.5 ] },
						"south": { "texture": "#pelt", "uv": [ 0.0, 0.0, 2.0, 7.5 ] },
						"west": { "texture": "#pelt", "uv": [ 0.0, 0.0, 0.5, 7.5 ] },
						"up": { "texture": "#pelt", "uv": [ 0.0, 0.0, 2.0, 0.5 ] },
						"down": { "texture": "#pelt", "uv": [ 0.0, 0.0, 2.0, 0.5 ] }
					}
				}
			]
		},
		{
			"name": "Cube17",
			"from": [ 16.0, 0.0, 10.0 ],
			"to": [ 18.0, 9.0, 13.0 ],
			"rotationOrigin": [ 16.0, 0.0, 10.0 ],
			"rotationY": -180.0,
			"faces": {
				"north": { "texture": "#pelt", "uv": [ 0.0, 0.0, 2.0, 9.0 ] },
				"east": { "texture": "#pelt", "uv": [ 0.0, 0.0, 3.0, 9.0 ] },
				"south": { "texture": "#pelt", "uv": [ 0.0, 0.0, 2.0, 9.0 ] },
				"west": { "texture": "#pelt", "uv": [ 0.0, 0.0, 3.0, 9.0 ] },
				"up": { "texture": "#pelt", "uv": [ 0.0, 0.0, 2.0, 3.0 ] },
				"down": { "texture": "#pelt", "uv": [ 0.0, 0.0, 2.0, 3.0 ] }
			},
			"children": [
				{
					"name": "Cube27",
					"from": [ 0.0, 9.0, 0.6 ],
					"to": [ 1.0, 16.0, 2.2 ],
					"rotationOrigin": [ 0.0, 9.0, 0.6 ],
					"faces": {
						"north": { "texture": "#pelt", "uv": [ 0.0, 0.0, 1.0, 7.0 ] },
						"east": { "texture": "#pelt", "uv": [ 0.0, 0.0, 1.5, 7.0 ] },
						"south": { "texture": "#pelt", "uv": [ 0.0, 0.0, 1.0, 7.0 ] },
						"west": { "texture": "#pelt", "uv": [ 0.0, 0.0, 1.5, 7.0 ] },
						"up": { "texture": "#pelt", "uv": [ 0.0, 0.0, 1.0, 1.5 ] },
						"down": { "texture": "#pelt", "uv": [ 0.0, 0.0, 1.0, 1.5 ] }
					}
				},
				{
					"name": "Cube28",
					"from": [ 1.0, 8.7, 0.6 ],
					"to": [ 2.0, 12.8, 2.2 ],
					"rotationOrigin": [ 1.0, 8.7, 0.6 ],
					"rotationZ": 11.0,
					"faces": {
						"north": { "texture": "#pelt", "uv": [ 0.0, 0.0, 1.0, 4.0 ] },
						"east": { "texture": "#pelt", "uv": [ 0.0, 0.0, 1.5, 4.0 ] },
						"south": { "texture": "#pelt", "uv": [ 0.0, 0.0, 1.0, 4.0 ] },
						"west": { "texture": "#pelt", "uv": [ 0.0, 0.0, 1.5, 4.0 ] },
						"up": { "texture": "#pelt", "uv": [ 0.0, 0.0, 1.0, 1.5 ] },
						"down": { "texture": "#pelt", "uv": [ 0.0, 0.0, 1.0, 1.5 ] }
					}
				},
				{
					"name": "Cube29",
					"from": [ 2.1, 0.3, 1.2 ],
					"to": [ 2.7, 8.3, 3.1 ],
					"rotationOrigin": [ 2.1, 0.3, 1.2 ],
					"rotationX": -6.0,
					"rotationY": -8.0,
					"rotationZ": 3.0,
					"faces": {
						"north": { "texture": "#pelt", "uv": [ 0.0, 0.0, 0.5, 8.0 ] },
						"east": { "texture": "#pelt", "uv": [ 0.0, 0.0, 1.5, 8.0 ] },
						"south": { "texture": "#pelt", "uv": [ 0.0, 0.0, 0.5, 8.0 ] },
						"west": { "texture": "#pelt", "uv": [ 0.0, 0.0, 1.5, 8.0 ] },
						"up": { "texture": "#pelt", "uv": [ 0.0, 0.0, 0.5, 1.5 ] },
						"down": { "texture": "#pelt", "uv": [ 0.0, 0.0, 0.5, 1.5 ] }
					}
				},
				{
					"name": "Cube30",
					"from": [ 2.4, 1.3, 1.9 ],
					"to": [ 3.2, 9.3, 2.5 ],
					"rotationOrigin": [ 2.4, 1.3, 1.9 ],
					"rotationX": -6.0,
					"rotationY": -8.0,
					"rotationZ": 3.0,
					"faces": {
						"north": { "texture": "#pelt", "uv": [ 0.0, 0.0, 0.5, 8.0 ] },
						"east": { "texture": "#pelt", "uv": [ 0.0, 0.0, 0.5, 8.0 ] },
						"south": { "texture": "#pelt", "uv": [ 0.0, 0.0, 0.5, 8.0 ] },
						"west": { "texture": "#pelt", "uv": [ 0.0, 0.0, 0.5, 8.0 ] },
						"up": { "texture": "#pelt", "uv": [ 0.0, 0.0, 0.5, 0.5 ] },
						"down": { "texture": "#pelt", "uv": [ 0.0, 0.0, 0.5, 0.5 ] }
					}
				},
				{
					"name": "Cube31",
					"from": [ 0.0, 16.0, 1.0 ],
					"to": [ 1.3, 32.0, 2.5 ],
					"rotationOrigin": [ 0.0, 16.0, 1.0 ],
					"faces": {
						"north": { "texture": "#pelt", "uv": [ 0.0, 0.0, 1.0, 16.0 ] },
						"east": { "texture": "#pelt", "uv": [ 0.0, 0.0, 1.5, 16.0 ] },
						"south": { "texture": "#pelt", "uv": [ 0.0, 0.0, 1.0, 16.0 ] },
						"west": { "texture": "#pelt", "uv": [ 0.0, 0.0, 1.5, 16.0 ] },
						"up": { "texture": "#pelt", "uv": [ 0.0, 0.0, 1.0, 1.5 ] },
						"down": { "texture": "#pelt", "uv": [ 0.0, 0.0, 1.0, 1.5 ] }
					}
				},
				{
					"name": "Cube32",
					"from": [ 0.0, 16.0, 1.0 ],
					"to": [ 1.0, 23.0, 2.6 ],
					"rotationOrigin": [ 0.0, 16.0, 1.0 ],
					"rotationZ": -25.0,
					"faces": {
						"north": { "texture": "#pelt", "uv": [ 0.0, 0.0, 1.0, 7.0 ] },
						"east": { "texture": "#pelt", "uv": [ 0.0, 0.0, 1.5, 7.0 ] },
						"south": { "texture": "#pelt", "uv": [ 0.0, 0.0, 1.0, 7.0 ] },
						"west": { "texture": "#pelt", "uv": [ 0.0, 0.0, 1.5, 7.0 ] },
						"up": { "texture": "#pelt", "uv": [ 0.0, 0.0, 1.0, 1.5 ] },
						"down": { "texture": "#pelt", "uv": [ 0.0, 0.0, 1.0, 1.5 ] }
					}
				},
				{
					"name": "Cube33",
					"from": [ 1.6, 22.0, 0.4 ],
					"to": [ 3.7, 29.0, 2.6 ],
					"rotationOrigin": [ 1.6, 22.0, 0.4 ],
					"rotationZ": -8.0,
					"faces": {
						"north": { "texture": "#pelt", "uv": [ 0.0, 0.0, 2.0, 7.0 ] },
						"east": { "texture": "#pelt", "uv": [ 0.0, 0.0, 2.0, 7.0 ] },
						"south": { "texture": "#pelt", "uv": [ 0.0, 0.0, 2.0, 7.0 ] },
						"west": { "texture": "#pelt", "uv": [ 0.0, 0.0, 2.0, 7.0 ] },
						"up": { "texture": "#pelt", "uv": [ 0.0, 0.0, 2.0, 2.0 ] },
						"down": { "texture": "#pelt", "uv": [ 0.0, 0.0, 2.0, 2.0 ] }
					}
				},
				{
					"name": "Cube34",
					"from": [ 2.1, 28.0, 0.3 ],
					"to": [ 4.6, 32.1, 3.1 ],
					"rotationOrigin": [ 2.1, 27.0, 0.3 ],
					"rotationZ": 3.0,
					"faces": {
						"north": { "texture": "#pelt", "uv": [ 0.0, 0.0, 2.5, 4.0 ] },
						"east": { "texture": "#pelt", "uv": [ 0.0, 0.0, 2.5, 4.0 ] },
						"south": { "texture": "#pelt", "uv": [ 0.0, 0.0, 2.5, 4.0 ] },
						"west": { "texture": "#pelt", "uv": [ 0.0, 0.0, 2.5, 4.0 ] },
						"up": { "texture": "#pelt", "uv": [ 0.0, 0.0, 2.5, 2.5 ] },
						"down": { "texture": "#pelt", "uv": [ 0.0, 0.0, 2.5, 2.5 ] }
					}
				},
				{
					"name": "Cube35",
					"from": [ 1.1, 25.0, 1.6 ],
					"to": [ 4.1, 32.0, 3.3 ],
					"rotationOrigin": [ 1.1, 24.0, 1.6 ],
					"rotationX": -8.0,
					"rotationY": -11.0,
					"rotationZ": 3.0,
					"faces": {
						"north": { "texture": "#pelt", "uv": [ 0.0, 0.0, 3.0, 7.0 ] },
						"east": { "texture": "#pelt", "uv": [ 0.0, 0.0, 1.5, 7.0 ] },
						"south": { "texture": "#pelt", "uv": [ 0.0, 0.0, 3.0, 7.0 ] },
						"west": { "texture": "#pelt", "uv": [ 0.0, 0.0, 1.5, 7.0 ] },
						"up": { "texture": "#pelt", "uv": [ 0.0, 0.0, 3.0, 1.5 ] },
						"down": { "texture": "#pelt", "uv": [ 0.0, 0.0, 3.0, 1.5 ] }
					}
				},
				{
					"name": "Cube36",
					"from": [ 1.8, 25.0, 0.8 ],
					"to": [ 5.5, 31.8, 2.1 ],
					"rotationOrigin": [ 2.8, 24.0, 0.8 ],
					"rotationX": -172.0,
					"rotationY": 0.0,
					"rotationZ": -177.0,
					"faces": {
						"north": { "texture": "#pelt", "uv": [ 0.0, 0.0, 3.5, 6.5 ] },
						"east": { "texture": "#pelt", "uv": [ 0.0, 0.0, 1.0, 6.5 ] },
						"south": { "texture": "#pelt", "uv": [ 0.0, 0.0, 3.5, 6.5 ] },
						"west": { "texture": "#pelt", "uv": [ 0.0, 0.0, 1.0, 6.5 ] },
						"up": { "texture": "#pelt", "uv": [ 0.0, 0.0, 3.5, 1.0 ] },
						"down": { "texture": "#pelt", "uv": [ 0.0, 0.0, 3.5, 1.0 ] }
					}
				},
				{
					"name": "Cube37",
					"from": [ 0.5, 17.0, 2.1 ],
					"to": [ 2.7, 26.0, 2.9 ],
					"rotationOrigin": [ 1.5, 21.0, 2.1 ],
					"rotationX": 6.0,
					"rotationY": -3.0,
					"rotationZ": -8.0,
					"faces": {
						"north": { "texture": "#pelt", "uv": [ 0.0, 0.0, 2.0, 9.0 ] },
						"east": { "texture": "#pelt", "uv": [ 0.0, 0.0, 0.5, 9.0 ] },
						"south": { "texture": "#pelt", "uv": [ 0.0, 0.0, 2.0, 9.0 ] },
						"west": { "texture": "#pelt", "uv": [ 0.0, 0.0, 0.5, 9.0 ] },
						"up": { "texture": "#pelt", "uv": [ 0.0, 0.0, 2.0, 0.5 ] },
						"down": { "texture": "#pelt", "uv": [ 0.0, 0.0, 2.0, 0.5 ] }
					}
				},
				{
					"name": "Cube38",
					"from": [ 2.7, 20.3, 0.1 ],
					"to": [ 3.9, 25.2, 0.7 ],
					"rotationOrigin": [ 3.7, 24.3, 0.1 ],
					"rotationX": -6.0,
					"rotationY": -22.0,
					"rotationZ": -6.0,
					"faces": {
						"north": { "texture": "#pelt", "uv": [ 0.0, 0.0, 1.0, 4.5 ] },
						"east": { "texture": "#pelt", "uv": [ 0.0, 0.0, 0.5, 4.5 ] },
						"south": { "texture": "#pelt", "uv": [ 0.0, 0.0, 1.0, 4.5 ] },
						"west": { "texture": "#pelt", "uv": [ 0.0, 0.0, 0.5, 4.5 ] },
						"up": { "texture": "#pelt", "uv": [ 0.0, 0.0, 1.0, 0.5 ] },
						"down": { "texture": "#pelt", "uv": [ 0.0, 0.0, 1.0, 0.5 ] }
					}
				},
				{
					"name": "Cube39",
					"from": [ 0.29, 8.89, 0.38 ],
					"to": [ 1.79, 16.59, 1.08 ],
					"rotationOrigin": [ 1.29, 8.8923, 0.3786 ],
					"rotationX": 8.0,
					"rotationY": -11.0,
					"rotationZ": 3.0,
					"faces": {
						"north": { "texture": "#pelt", "uv": [ 0.0, 0.0, 1.5, 7.5 ] },
						"east": { "texture": "#pelt", "uv": [ 0.0, 0.0, 0.5, 7.5 ] },
						"south": { "texture": "#pelt", "uv": [ 0.0, 0.0, 1.5, 7.5 ] },
						"west": { "texture": "#pelt", "uv": [ 0.0, 0.0, 0.5, 7.5 ] },
						"up": { "texture": "#pelt", "uv": [ 0.0, 0.0, 1.5, 0.5 ] },
						"down": { "texture": "#pelt", "uv": [ 0.0, 0.0, 1.5, 0.5 ] }
					}
				},
				{
					"name": "Cube40",
					"from": [ 0.5, 18.0, 0.1 ],
					"to": [ 2.7, 25.9, 0.9 ],
					"rotationOrigin": [ 1.5, 22.0, 0.1 ],
					"rotationX": -6.0,
					"rotationY": 6.0,
					"rotationZ": -6.0,
					"faces": {
						"north": { "texture": "#pelt", "uv": [ 0.0, 0.0, 2.0, 7.5 ] },
						"east": { "texture": "#pelt", "uv": [ 0.0, 0.0, 0.5, 7.5 ] },
						"south": { "texture": "#pelt", "uv": [ 0.0, 0.0, 2.0, 7.5 ] },
						"west": { "texture": "#pelt", "uv": [ 0.0, 0.0, 0.5, 7.5 ] },
						"up": { "texture": "#pelt", "uv": [ 0.0, 0.0, 2.0, 0.5 ] },
						"down": { "texture": "#pelt", "uv": [ 0.0, 0.0, 2.0, 0.5 ] }
					}
				}
			]
		},
		{
			"name": "tie",
			"from": [ 1.4, 14.7, 7.2 ],
			"to": [ 2.3, 15.0, 7.5 ],
			"rotationOrigin": [ 1.4, 14.7, 7.2 ],
			"rotationX": -75.0,
			"rotationY": -8.0,
			"rotationZ": -80.0,
			"faces": {
				"north": { "texture": "#scraped", "uv": [ 0.0, 0.0, 0.5, 0.5 ] },
				"east": { "texture": "#scraped", "uv": [ 0.0, 0.0, 0.5, 0.5 ] },
				"south": { "texture": "#scraped", "uv": [ 0.0, 0.0, 0.5, 0.5 ] },
				"west": { "texture": "#scraped", "uv": [ 0.0, 0.0, 0.5, 0.5 ] },
				"up": { "texture": "#scraped", "uv": [ 0.0, 0.0, 0.5, 0.5 ] },
				"down": { "texture": "#scraped", "uv": [ 0.0, 0.0, 0.5, 0.5 ] }
			},
			"children": [
				{
					"name": "Cube18",
					"from": [ 0.0, 0.0, 0.3 ],
					"to": [ 0.3, 0.3, 0.9 ],
					"rotationOrigin": [ 0.0, 0.0, 0.3 ],
					"rotationY": 19.0,
					"faces": {
						"north": { "texture": "#scraped", "uv": [ 0.0, 0.0, 0.5, 0.5 ] },
						"east": { "texture": "#scraped", "uv": [ 0.0, 0.0, 0.5, 0.5 ] },
						"south": { "texture": "#scraped", "uv": [ 0.0, 0.0, 0.5, 0.5 ] },
						"west": { "texture": "#scraped", "uv": [ 0.0, 0.0, 0.5, 0.5 ] },
						"up": { "texture": "#scraped", "uv": [ 0.0, 0.0, 0.5, 0.5 ] },
						"down": { "texture": "#scraped", "uv": [ 0.0, 0.0, 0.5, 0.5 ] }
					}
				},
				{
					"name": "Cube19",
					"from": [ 0.7, 0.0, 0.1 ],
					"to": [ 1.0, 0.3, 1.2 ],
					"rotationOrigin": [ 0.7, 0.0, 0.1 ],
					"rotationY": 19.0,
					"faces": {
						"north": { "texture": "#scraped", "uv": [ 0.0, 0.0, 0.5, 0.5 ] },
						"east": { "texture": "#scraped", "uv": [ 0.0, 0.0, 1.0, 0.5 ] },
						"south": { "texture": "#scraped", "uv": [ 0.0, 0.0, 0.5, 0.5 ] },
						"west": { "texture": "#scraped", "uv": [ 0.0, 0.0, 1.0, 0.5 ] },
						"up": { "texture": "#scraped", "uv": [ 0.0, 0.0, 0.5, 1.0 ] },
						"down": { "texture": "#scraped", "uv": [ 0.0, 0.0, 0.5, 1.0 ] }
					}
				},
				{
					"name": "Cube20",
					"from": [ 0.3, 0.0, 0.9 ],
					"to": [ 0.6, 0.3, 1.7 ],
					"rotationOrigin": [ 0.3, 0.0, 0.9 ],
					"rotationY": 64.0,
					"faces": {
						"north": { "texture": "#scraped", "uv": [ 0.0, 0.0, 0.5, 0.5 ] },
						"east": { "texture": "#scraped", "uv": [ 0.0, 0.0, 0.5, 0.5 ] },
						"south": { "texture": "#scraped", "uv": [ 0.0, 0.0, 0.5, 0.5 ] },
						"west": { "texture": "#scraped", "uv": [ 0.0, 0.0, 0.5, 0.5 ] },
						"up": { "texture": "#scraped", "uv": [ 0.0, 0.0, 0.5, 0.5 ] },
						"down": { "texture": "#scraped", "uv": [ 0.0, 0.0, 0.5, 0.5 ] }
					}
				},
				{
					"name": "Cube21",
					"from": [ 2.6, -0.2, 0.2 ],
					"to": [ 3.5, 0.1, 0.5 ],
					"rotationOrigin": [ 2.6, -0.2, 0.2 ],
					"rotationX": 177.0,
					"rotationY": -78.0,
					"rotationZ": 180.0,
					"faces": {
						"north": { "texture": "#scraped", "uv": [ 0.0, 0.0, 0.5, 0.5 ] },
						"east": { "texture": "#scraped", "uv": [ 0.0, 0.0, 0.5, 0.5 ] },
						"south": { "texture": "#scraped", "uv": [ 0.0, 0.0, 0.5, 0.5 ] },
						"west": { "texture": "#scraped", "uv": [ 0.0, 0.0, 0.5, 0.5 ] },
						"up": { "texture": "#scraped", "uv": [ 0.0, 0.0, 0.5, 0.5 ] },
						"down": { "texture": "#scraped", "uv": [ 0.0, 0.0, 0.5, 0.5 ] }
					},
					"children": [
						{
							"name": "Cube22",
							"from": [ 0.0, 0.1, 0.3 ],
							"to": [ 0.3, 0.4, 0.9 ],
							"rotationOrigin": [ 0.0, 0.1, 0.3 ],
							"rotationY": 19.0,
							"faces": {
								"north": { "texture": "#scraped", "uv": [ 0.0, 0.0, 0.5, 0.5 ] },
								"east": { "texture": "#scraped", "uv": [ 0.0, 0.0, 0.5, 0.5 ] },
								"south": { "texture": "#scraped", "uv": [ 0.0, 0.0, 0.5, 0.5 ] },
								"west": { "texture": "#scraped", "uv": [ 0.0, 0.0, 0.5, 0.5 ] },
								"up": { "texture": "#scraped", "uv": [ 0.0, 0.0, 0.5, 0.5 ] },
								"down": { "texture": "#scraped", "uv": [ 0.0, 0.0, 0.5, 0.5 ] }
							}
						},
						{
							"name": "Cube23",
							"from": [ 0.7, 0.0, 0.1 ],
							"to": [ 1.0, 0.3, 1.2 ],
							"rotationOrigin": [ 0.7, 0.0, 0.1 ],
							"rotationY": 19.0,
							"faces": {
								"north": { "texture": "#scraped", "uv": [ 0.0, 0.0, 0.5, 0.5 ] },
								"east": { "texture": "#scraped", "uv": [ 0.0, 0.0, 1.0, 0.5 ] },
								"south": { "texture": "#scraped", "uv": [ 0.0, 0.0, 0.5, 0.5 ] },
								"west": { "texture": "#scraped", "uv": [ 0.0, 0.0, 1.0, 0.5 ] },
								"up": { "texture": "#scraped", "uv": [ 0.0, 0.0, 0.5, 1.0 ] },
								"down": { "texture": "#scraped", "uv": [ 0.0, 0.0, 0.5, 1.0 ] }
							}
						},
						{
							"name": "Cube24",
							"from": [ 0.3, 0.0, 0.9 ],
							"to": [ 0.6, 0.3, 1.7 ],
							"rotationOrigin": [ 0.3, 0.0, 0.9 ],
							"rotationX": 3.0,
							"rotationY": 64.0,
							"faces": {
								"north": { "texture": "#scraped", "uv": [ 0.0, 0.0, 0.5, 0.5 ] },
								"east": { "texture": "#scraped", "uv": [ 0.0, 0.0, 0.5, 0.5 ] },
								"south": { "texture": "#scraped", "uv": [ 0.0, 0.0, 0.5, 0.5 ] },
								"west": { "texture": "#scraped", "uv": [ 0.0, 0.0, 0.5, 0.5 ] },
								"up": { "texture": "#scraped", "uv": [ 0.0, 0.0, 0.5, 0.5 ] },
								"down": { "texture": "#scraped", "uv": [ 0.0, 0.0, 0.5, 0.5 ] }
							}
						},
						{
							"name": "Cube25",
							"from": [ -0.919, 0.6567, 0.8087 ],
							"to": [ 1.481, 0.9567, 1.1087 ],
							"rotationOrigin": [ -0.919, 0.6567, 0.8087 ],
							"rotationX": -3.485,
							"rotationY": 0.509,
							"rotationZ": -16.618,
							"faces": {
								"north": { "texture": "#scraped", "uv": [ 0.0, 0.0, 2.0, 0.5 ] },
								"east": { "texture": "#scraped", "uv": [ 0.0, 0.0, 0.5, 0.5 ] },
								"south": { "texture": "#scraped", "uv": [ 0.0, 0.0, 2.0, 0.5 ] },
								"west": { "texture": "#scraped", "uv": [ 0.0, 0.0, 0.5, 0.5 ] },
								"up": { "texture": "#scraped", "uv": [ 0.0, 0.0, 2.0, 0.5 ] },
								"down": { "texture": "#scraped", "uv": [ 0.0, 0.0, 2.0, 0.5 ] }
							}
						},
						{
							"name": "Cube26",
							"from": [ -0.5716, 0.9552, 2.1662 ],
							"to": [ 1.8284, 1.2552, 2.4662 ],
							"rotationOrigin": [ -0.5716, 1.7552, 2.1662 ],
							"rotationY": 32.706,
							"rotationZ": -21.477,
							"faces": {
								"north": { "texture": "#scraped", "uv": [ 0.0, 0.0, 2.0, 0.5 ] },
								"east": { "texture": "#scraped", "uv": [ 0.0, 0.0, 0.5, 0.5 ] },
								"south": { "texture": "#scraped", "uv": [ 0.0, 0.0, 2.0, 0.5 ] },
								"west": { "texture": "#scraped", "uv": [ 0.0, 0.0, 0.5, 0.5 ] },
								"up": { "texture": "#scraped", "uv": [ 0.0, 0.0, 2.0, 0.5 ] },
								"down": { "texture": "#scraped", "uv": [ 0.0, 0.0, 2.0, 0.5 ] }
							}
						}
					]
				}
			]
		},
		{
			"name": "tie2",
			"from": [ 14.2, 16.2, 9.8 ],
			"to": [ 15.1, 16.5, 10.1 ],
			"rotationOrigin": [ 14.2, 16.2, 9.8 ],
			"rotationX": -108.0,
			"rotationY": -8.0,
			"rotationZ": 78.0,
			"faces": {
				"north": { "texture": "#scraped", "uv": [ 0.0, 0.0, 0.5, 0.5 ] },
				"east": { "texture": "#scraped", "uv": [ 0.0, 0.0, 0.5, 0.5 ] },
				"south": { "texture": "#scraped", "uv": [ 0.0, 0.0, 0.5, 0.5 ] },
				"west": { "texture": "#scraped", "uv": [ 0.0, 0.0, 0.5, 0.5 ] },
				"up": { "texture": "#scraped", "uv": [ 0.0, 0.0, 0.5, 0.5 ] },
				"down": { "texture": "#scraped", "uv": [ 0.0, 0.0, 0.5, 0.5 ] }
			},
			"children": [
				{
					"name": "Cube41",
					"from": [ 0.0, 0.0, 0.3 ],
					"to": [ 0.3, 0.3, 0.9 ],
					"rotationOrigin": [ 0.0, 0.0, 0.3 ],
					"rotationY": 19.0,
					"faces": {
						"north": { "texture": "#scraped", "uv": [ 0.0, 0.0, 0.5, 0.5 ] },
						"east": { "texture": "#scraped", "uv": [ 0.0, 0.0, 0.5, 0.5 ] },
						"south": { "texture": "#scraped", "uv": [ 0.0, 0.0, 0.5, 0.5 ] },
						"west": { "texture": "#scraped", "uv": [ 0.0, 0.0, 0.5, 0.5 ] },
						"up": { "texture": "#scraped", "uv": [ 0.0, 0.0, 0.5, 0.5 ] },
						"down": { "texture": "#scraped", "uv": [ 0.0, 0.0, 0.5, 0.5 ] }
					}
				},
				{
					"name": "Cube42",
					"from": [ 0.7, 0.0, 0.1 ],
					"to": [ 1.0, 0.3, 1.2 ],
					"rotationOrigin": [ 0.7, 0.0, 0.1 ],
					"rotationY": 19.0,
					"faces": {
						"north": { "texture": "#scraped", "uv": [ 0.0, 0.0, 0.5, 0.5 ] },
						"east": { "texture": "#scraped", "uv": [ 0.0, 0.0, 1.0, 0.5 ] },
						"south": { "texture": "#scraped", "uv": [ 0.0, 0.0, 0.5, 0.5 ] },
						"west": { "texture": "#scraped", "uv": [ 0.0, 0.0, 1.0, 0.5 ] },
						"up": { "texture": "#scraped", "uv": [ 0.0, 0.0, 0.5, 1.0 ] },
						"down": { "texture": "#scraped", "uv": [ 0.0, 0.0, 0.5, 1.0 ] }
					}
				},
				{
					"name": "Cube43",
					"from": [ 0.3, 0.0, 0.9 ],
					"to": [ 0.6, 0.3, 1.7 ],
					"rotationOrigin": [ 0.3, 0.0, 0.9 ],
					"rotationY": 64.0,
					"faces": {
						"north": { "texture": "#scraped", "uv": [ 0.0, 0.0, 0.5, 0.5 ] },
						"east": { "texture": "#scraped", "uv": [ 0.0, 0.0, 0.5, 0.5 ] },
						"south": { "texture": "#scraped", "uv": [ 0.0, 0.0, 0.5, 0.5 ] },
						"west": { "texture": "#scraped", "uv": [ 0.0, 0.0, 0.5, 0.5 ] },
						"up": { "texture": "#scraped", "uv": [ 0.0, 0.0, 0.5, 0.5 ] },
						"down": { "texture": "#scraped", "uv": [ 0.0, 0.0, 0.5, 0.5 ] }
					}
				},
				{
					"name": "Cube44",
					"from": [ 2.6, -0.2, 0.2 ],
					"to": [ 3.5, 0.1, 0.5 ],
					"rotationOrigin": [ 2.6, -0.2, 0.2 ],
					"rotationX": 177.0,
					"rotationY": -78.0,
					"rotationZ": 180.0,
					"faces": {
						"north": { "texture": "#scraped", "uv": [ 0.0, 0.0, 0.5, 0.5 ] },
						"east": { "texture": "#scraped", "uv": [ 0.0, 0.0, 0.5, 0.5 ] },
						"south": { "texture": "#scraped", "uv": [ 0.0, 0.0, 0.5, 0.5 ] },
						"west": { "texture": "#scraped", "uv": [ 0.0, 0.0, 0.5, 0.5 ] },
						"up": { "texture": "#scraped", "uv": [ 0.0, 0.0, 0.5, 0.5 ] },
						"down": { "texture": "#scraped", "uv": [ 0.0, 0.0, 0.5, 0.5 ] }
					},
					"children": [
						{
							"name": "Cube45",
							"from": [ 0.0, 0.1, 0.3 ],
							"to": [ 0.3, 0.4, 0.9 ],
							"rotationOrigin": [ 0.0, 0.1, 0.3 ],
							"rotationY": 19.0,
							"faces": {
								"north": { "texture": "#scraped", "uv": [ 0.0, 0.0, 0.5, 0.5 ] },
								"east": { "texture": "#scraped", "uv": [ 0.0, 0.0, 0.5, 0.5 ] },
								"south": { "texture": "#scraped", "uv": [ 0.0, 0.0, 0.5, 0.5 ] },
								"west": { "texture": "#scraped", "uv": [ 0.0, 0.0, 0.5, 0.5 ] },
								"up": { "texture": "#scraped", "uv": [ 0.0, 0.0, 0.5, 0.5 ] },
								"down": { "texture": "#scraped", "uv": [ 0.0, 0.0, 0.5, 0.5 ] }
							}
						},
						{
							"name": "Cube46",
							"from": [ 0.7, 0.0, 0.1 ],
							"to": [ 1.0, 0.3, 1.2 ],
							"rotationOrigin": [ 0.7, 0.0, 0.1 ],
							"rotationY": 19.0,
							"faces": {
								"north": { "texture": "#scraped", "uv": [ 0.0, 0.0, 0.5, 0.5 ] },
								"east": { "texture": "#scraped", "uv": [ 0.0, 0.0, 1.0, 0.5 ] },
								"south": { "texture": "#scraped", "uv": [ 0.0, 0.0, 0.5, 0.5 ] },
								"west": { "texture": "#scraped", "uv": [ 0.0, 0.0, 1.0, 0.5 ] },
								"up": { "texture": "#scraped", "uv": [ 0.0, 0.0, 0.5, 1.0 ] },
								"down": { "texture": "#scraped", "uv": [ 0.0, 0.0, 0.5, 1.0 ] }
							}
						},
						{
							"name": "Cube47",
							"from": [ 0.3, 0.0, 0.9 ],
							"to": [ 0.6, 0.3, 1.7 ],
							"rotationOrigin": [ 0.3, 0.0, 0.9 ],
							"rotationX": 3.0,
							"rotationY": 64.0,
							"faces": {
								"north": { "texture": "#scraped", "uv": [ 0.0, 0.0, 0.5, 0.5 ] },
								"east": { "texture": "#scraped", "uv": [ 0.0, 0.0, 0.5, 0.5 ] },
								"south": { "texture": "#scraped", "uv": [ 0.0, 0.0, 0.5, 0.5 ] },
								"west": { "texture": "#scraped", "uv": [ 0.0, 0.0, 0.5, 0.5 ] },
								"up": { "texture": "#scraped", "uv": [ 0.0, 0.0, 0.5, 0.5 ] },
								"down": { "texture": "#scraped", "uv": [ 0.0, 0.0, 0.5, 0.5 ] }
							}
						},
						{
							"name": "Cube48",
							"from": [ -0.919, 0.6567, 0.8087 ],
							"to": [ 1.481, 0.9567, 1.1087 ],
							"rotationOrigin": [ -0.919, 0.6567, 0.8087 ],
							"rotationX": -3.485,
							"rotationY": 0.509,
							"rotationZ": -16.618,
							"faces": {
								"north": { "texture": "#scraped", "uv": [ 0.0, 0.0, 2.0, 0.5 ] },
								"east": { "texture": "#scraped", "uv": [ 0.0, 0.0, 0.5, 0.5 ] },
								"south": { "texture": "#scraped", "uv": [ 0.0, 0.0, 2.0, 0.5 ] },
								"west": { "texture": "#scraped", "uv": [ 0.0, 0.0, 0.5, 0.5 ] },
								"up": { "texture": "#scraped", "uv": [ 0.0, 0.0, 2.0, 0.5 ] },
								"down": { "texture": "#scraped", "uv": [ 0.0, 0.0, 2.0, 0.5 ] }
							}
						},
						{
							"name": "Cube49",
							"from": [ -0.5716, 0.9552, 2.1662 ],
							"to": [ 1.8284, 1.2552, 2.4662 ],
							"rotationOrigin": [ -0.5716, 1.7552, 2.1662 ],
							"rotationY": 32.706,
							"rotationZ": -21.477,
							"faces": {
								"north": { "texture": "#scraped", "uv": [ 0.0, 0.0, 2.0, 0.5 ] },
								"east": { "texture": "#scraped", "uv": [ 0.0, 0.0, 0.5, 0.5 ] },
								"south": { "texture": "#scraped", "uv": [ 0.0, 0.0, 2.0, 0.5 ] },
								"west": { "texture": "#scraped", "uv": [ 0.0, 0.0, 0.5, 0.5 ] },
								"up": { "texture": "#scraped", "uv": [ 0.0, 0.0, 2.0, 0.5 ] },
								"down": { "texture": "#scraped", "uv": [ 0.0, 0.0, 2.0, 0.5 ] }
							}
						}
					]
				}
			]
		}
	]}