{
	"editor": {
		"allAngles": false,
		"entityTextureMode": false
	},
	"textureWidth": 16,
	"textureHeight": 16,
	"textureSizes": {
	},
	"textures": {
		"maple": "game:block/wood/planks/maple1",
		"ebony": "game:block/wood/planks/ebony1",
		"steel": "game:block/metal/ingot/stainlesssteel"
	},
	"elements": [
		{
			"name": "Origin",
			"from": [ 0.0, 0.0, 0.0 ],
			"to": [ 0.0, 0.0, 0.0 ],
			"rotationOrigin": [ 8.0, 0.0, 8.0 ],
			"rotationY": 90.0,
			"faces": {
				"north": { "texture": "#maple", "uv": [ 0.0, 0.0, 0.5, 0.5 ] },
				"east": { "texture": "#maple", "uv": [ 0.0, 0.0, 0.5, 0.5 ] },
				"south": { "texture": "#maple", "uv": [ 0.0, 0.0, 0.5, 0.5 ] },
				"west": { "texture": "#maple", "uv": [ 0.0, 0.0, 0.5, 0.5 ] },
				"up": { "texture": "#maple", "uv": [ 0.0, 0.0, 0.5, 0.5 ] },
				"down": { "texture": "#maple", "uv": [ 0.0, 0.0, 0.5, 0.5 ] }
			},
			"children": [
				{
					"name": "main",
					"from": [ 4.0, 3.0, 2.0 ],
					"to": [ 14.0, 14.0, 14.0 ],
					"faces": {
						"north": { "texture": "#maple", "uv": [ 4.5, 4.0, 14.5, 15.0 ] },
						"east": { "texture": "#maple", "uv": [ 4.0, 0.5, 16.0, 11.5 ] },
						"south": { "texture": "#maple", "uv": [ 1.5, 4.0, 11.5, 15.0 ] },
						"west": { "texture": "#maple", "uv": [ 4.0, 0.5, 16.0, 11.5 ] },
						"up": { "texture": "#maple", "uv": [ 4.5, 2.0, 16.5, 12.0 ], "rotation": 270 },
						"down": { "texture": "#maple", "uv": [ 2.5, 0.5, 12.5, 12.5 ], "windMode": [-1,-1,-1,-1] }
					}
				},
				{
					"name": "drawerfacetop",
					"from": [ 3.6, 9.0, 3.0 ],
					"to": [ 4.0, 13.0, 13.0 ],
					"rotationOrigin": [ 7.6, 9.0, 3.0 ],
					"faces": {
						"north": { "texture": "#ebony", "uv": [ 0.0, 0.0, 0.5, 4.0 ] },
						"east": { "texture": "#ebony", "uv": [ 0.0, 0.0, 4.0, 10.0 ], "rotation": 270 },
						"south": { "texture": "#ebony", "uv": [ 0.0, 0.0, 0.5, 4.0 ] },
						"west": { "texture": "#ebony", "uv": [ 10.5, 2.5, 14.5, 12.5 ], "rotation": 90 },
						"up": { "texture": "#ebony", "uv": [ 0.0, 0.0, 0.5, 10.0 ] },
						"down": { "texture": "#ebony", "uv": [ 0.0, 0.0, 0.5, 10.0 ] }
					},
					"children": [
						{
							"name": "handletop",
							"from": [ -0.4, -3.8, 4.2 ],
							"to": [ 0.0, -2.2, 5.8 ],
							"rotationOrigin": [ -0.4, -3.8, 4.2 ],
							"faces": {
								"north": { "texture": "#steel", "uv": [ 0.0, 0.0, 4.5, 1.5 ], "autoUv": false },
								"east": { "texture": "#steel", "uv": [ 2.5, 2.5, 4.0, 4.0 ] },
								"south": { "texture": "#steel", "uv": [ 0.0, 0.0, 0.5, 1.5 ] },
								"west": { "texture": "#steel", "uv": [ 3.5, 4.0, 11.0, 14.5 ], "autoUv": false },
								"up": { "texture": "#steel", "uv": [ 0.0, 0.0, 0.5, 1.5 ] },
								"down": { "texture": "#steel", "uv": [ 0.0, 0.0, 0.5, 1.5 ] }
							}
						}
					]
				},
				{
					"name": "drawerfacebot",
					"from": [ 3.6, 4.0, 3.0 ],
					"to": [ 4.0, 8.0, 13.0 ],
					"rotationOrigin": [ 7.6, 4.0, 3.0 ],
					"faces": {
						"north": { "texture": "#ebony", "uv": [ 0.0, 0.0, 0.5, 4.0 ] },
						"east": { "texture": "#ebony", "uv": [ 0.5, 8.0, 10.5, 12.0 ] },
						"south": { "texture": "#ebony", "uv": [ 0.0, 0.0, 0.5, 4.0 ] },
						"west": { "texture": "#ebony", "uv": [ 3.5, 2.5, 7.5, 13.5 ], "rotation": 270, "autoUv": false },
						"up": { "texture": "#ebony", "uv": [ 0.0, 0.0, 0.5, 10.0 ] },
						"down": { "texture": "#ebony", "uv": [ 0.0, 0.0, 0.5, 10.0 ] }
					},
					"children": [
						{
							"name": "handlebot",
							"from": [ -0.4, 6.2, 4.2 ],
							"to": [ 0.0, 7.8, 5.8 ],
							"rotationOrigin": [ -0.4, 2.2, 4.2 ],
							"faces": {
								"north": { "texture": "#steel", "uv": [ 7.5, 3.5, 5.0, 9.0 ], "autoUv": false },
								"east": { "texture": "#steel", "uv": [ 0.0, 0.0, 1.5, 1.5 ] },
								"south": { "texture": "#steel", "uv": [ 0.0, 0.0, 0.5, 1.5 ] },
								"west": { "texture": "#steel", "uv": [ 2.0, 14.5, 8.5, 3.0 ], "autoUv": false },
								"up": { "texture": "#steel", "uv": [ 0.0, 0.0, 0.5, 1.5 ] },
								"down": { "texture": "#steel", "uv": [ 0.0, 0.0, 0.5, 1.5 ] }
							}
						}
					]
				},
				{
					"name": "lefFL",
					"from": [ 4.3, 0.0, 2.3 ],
					"to": [ 6.0, 3.0, 4.0 ],
					"rotationOrigin": [ 5.3, 0.0, 2.3 ],
					"faces": {
						"north": { "texture": "#ebony", "uv": [ 4.5, 4.0, 6.0, 7.0 ] },
						"east": { "texture": "#ebony", "uv": [ 10.5, 1.5, 12.0, 4.5 ] },
						"south": { "texture": "#ebony", "uv": [ 7.0, 6.5, 8.5, 9.5 ] },
						"west": { "texture": "#ebony", "uv": [ 13.0, 5.5, 14.5, 8.5 ] },
						"up": { "texture": "#ebony", "uv": [ 8.0, 6.0, 9.5, 7.5 ] },
						"down": { "texture": "#ebony", "uv": [ 12.0, 6.5, 13.5, 8.0 ] }
					},
					"children": [
						{
							"name": "LefFR",
							"from": [ 0.0, 0.0, 9.7 ],
							"to": [ 1.7, 3.0, 11.4 ],
							"rotationOrigin": [ 1.0, 0.0, 9.7 ],
							"faces": {
								"north": { "texture": "#ebony", "uv": [ 13.0, 4.0, 14.5, 7.0 ] },
								"east": { "texture": "#ebony", "uv": [ 12.5, 2.0, 14.0, 5.0 ] },
								"south": { "texture": "#ebony", "uv": [ 7.5, 7.0, 9.0, 10.0 ] },
								"west": { "texture": "#ebony", "uv": [ 4.0, 2.0, 5.5, 5.0 ] },
								"up": { "texture": "#ebony", "uv": [ 9.0, 13.5, 10.5, 15.0 ] },
								"down": { "texture": "#ebony", "uv": [ 7.0, 3.5, 8.5, 5.0 ] }
							}
						},
						{
							"name": "LegBL",
							"from": [ 8.0, 0.0, 0.0 ],
							"to": [ 9.7, 3.0, 1.7 ],
							"rotationOrigin": [ 9.0, 0.0, 0.0 ],
							"faces": {
								"north": { "texture": "#ebony", "uv": [ 0.0, 0.0, 1.5, 3.0 ] },
								"east": { "texture": "#ebony", "uv": [ 11.0, 5.0, 12.5, 8.0 ] },
								"south": { "texture": "#ebony", "uv": [ 4.5, 6.5, 6.0, 9.5 ] },
								"west": { "texture": "#ebony", "uv": [ 4.0, 4.0, 5.5, 7.0 ] },
								"up": { "texture": "#ebony", "uv": [ 7.0, 7.0, 8.5, 8.5 ] },
								"down": { "texture": "#ebony", "uv": [ 0.0, 0.0, 1.5, 1.5 ] }
							}
						},
						{
							"name": "LEGBR",
							"from": [ 8.0, 0.0, 9.7 ],
							"to": [ 9.7, 3.0, 11.4 ],
							"rotationOrigin": [ 13.0, 0.0, 9.7 ],
							"faces": {
								"north": { "texture": "#ebony", "uv": [ 12.5, 0.0, 14.0, 3.0 ] },
								"east": { "texture": "#ebony", "uv": [ 4.5, 4.5, 6.0, 7.5 ] },
								"south": { "texture": "#ebony", "uv": [ 0.0, 0.0, 1.5, 3.0 ] },
								"west": { "texture": "#ebony", "uv": [ 8.0, 1.5, 9.5, 4.5 ] },
								"up": { "texture": "#ebony", "uv": [ 0.0, 0.0, 1.5, 1.5 ] },
								"down": { "texture": "#ebony", "uv": [ 0.0, 0.0, 1.5, 1.5 ] }
							}
						}
					]
				},
				{
					"name": "top",
					"from": [ 2.0, 15.0, 0.0 ],
					"to": [ 14.0, 16.0, 16.0 ],
					"rotationOrigin": [ 2.0, 15.0, 0.0 ],
					"faces": {
						"north": { "texture": "#maple", "uv": [ 2.5, 0.0, 14.5, 1.0 ] },
						"east": { "texture": "#maple", "uv": [ 0.0, 5.5, 16.0, 6.5 ] },
						"south": { "texture": "#maple", "uv": [ 2.5, 5.5, 14.5, 6.5 ] },
						"west": { "texture": "#maple", "uv": [ 0.0, 0.0, 16.0, 1.0 ] },
						"up": { "texture": "#maple", "uv": [ 0.18, 0.18, 15.99, 15.98 ], "rotation": 180, "autoUv": false },
						"down": { "texture": "#maple", "uv": [ 0.5, 0.0, 12.5, 16.0 ] }
					},
					"children": [
						{
							"name": "bevel",
							"from": [ 1.0, -1.0, 1.0 ],
							"to": [ 12.0, 0.0, 15.0 ],
							"rotationOrigin": [ 2.0, -1.0, 1.0 ],
							"faces": {
								"north": { "texture": "#maple", "uv": [ 0.0, 0.0, 11.0, 1.0 ] },
								"east": { "texture": "#maple", "uv": [ 0.0, 0.0, 14.0, 1.0 ] },
								"south": { "texture": "#maple", "uv": [ 1.0, 5.0, 12.0, 6.0 ] },
								"west": { "texture": "#maple", "uv": [ 0.0, 0.0, 14.0, 1.0 ] },
								"up": { "texture": "#maple", "uv": [ 0.0, 0.0, 11.0, 14.0 ] },
								"down": { "texture": "#maple", "uv": [ 0.0, 0.0, 9.0, 14.0 ], "autoUv": false }
							}
						}
					]
				}
			]
		}
	]}