{
	"editor": {
		"allAngles": false,
		"entityTextureMode": false
	},
	"textureWidth": 16,
	"textureHeight": 16,
	"textureSizes": {
	},
	"textures": {
	},
	"elements": [
		{
			"name": "Cube51",
			"from": [ 0.0, 0.0, 14.0 ],
			"to": [ 0.0, 0.0, 14.0 ],
			"rotationOrigin": [ 0.0, 0.5, 14.3 ],
			"rotationX": 67.5,
			"faces": {
			},
			"children": [
				{
					"name": "Cube8",
					"from": [ 0.0, 0.0, 0.0 ],
					"to": [ 2.0, 14.5, 0.5 ],
					"faces": {
						"north": { "texture": "#blackbronze", "uv": [ 1.0, 0.5, 3.0, 15.0 ] },
						"east": { "texture": "#blackbronze", "uv": [ 13.0, 0.5, 13.5, 15.0 ] },
						"south": { "texture": "#blackbronze", "uv": [ 0.5, 0.0, 2.5, 14.5 ] },
						"west": { "texture": "#blackbronze", "uv": [ 3.5, 1.0, 4.0, 15.5 ] },
						"up": { "texture": "#blackbronze", "uv": [ 6.5, 10.5, 8.5, 11.0 ] },
						"down": { "texture": "#blackbronze", "uv": [ 11.0, 12.0, 13.0, 12.5 ] }
					},
					"children": [
						{
							"name": "Cube44",
							"from": [ 14.0, 0.0, 0.0 ],
							"to": [ 16.0, 14.5, 0.5 ],
							"rotationOrigin": [ 14.0, 0.0, 0.0 ],
							"faces": {
								"north": { "texture": "#blackbronze", "uv": [ 13.5, 0.0, 15.5, 14.5 ] },
								"east": { "texture": "#blackbronze", "uv": [ 0.0, 0.0, 0.5, 14.5 ] },
								"south": { "texture": "#blackbronze", "uv": [ 2.0, 0.0, 4.0, 14.5 ] },
								"west": { "texture": "#blackbronze", "uv": [ 5.5, 0.5, 6.0, 15.0 ] },
								"up": { "texture": "#blackbronze", "uv": [ 4.0, 2.5, 6.0, 3.0 ] },
								"down": { "texture": "#blackbronze", "uv": [ 11.5, 3.5, 13.5, 4.0 ] }
							}
						},
						{
							"name": "Cube45",
							"from": [ 2.0, 0.0, 0.0 ],
							"to": [ 14.0, 2.0, 0.5 ],
							"rotationOrigin": [ 2.0, 0.0, 0.0 ],
							"faces": {
								"north": { "texture": "#blackbronze", "uv": [ 0.0, 10.0, 12.0, 12.0 ] },
								"east": { "texture": "#blackbronze", "uv": [ 7.0, 8.0, 7.5, 10.0 ] },
								"south": { "texture": "#blackbronze", "uv": [ 3.5, 12.0, 15.5, 14.0 ] },
								"west": { "texture": "#blackbronze", "uv": [ 14.5, 5.0, 15.0, 7.0 ] },
								"up": { "texture": "#blackbronze", "uv": [ 2.0, 6.0, 14.0, 6.5 ] },
								"down": { "texture": "#blackbronze", "uv": [ 2.5, 14.0, 14.5, 14.5 ] }
							}
						},
						{
							"name": "Cube46",
							"from": [ 2.0, 12.0, 0.0 ],
							"to": [ 14.0, 14.5, 0.5 ],
							"rotationOrigin": [ 2.0, 12.0, 0.0 ],
							"faces": {
								"north": { "texture": "#blackbronze", "uv": [ 3.0, 12.5, 15.0, 15.0 ] },
								"east": { "texture": "#blackbronze", "uv": [ 8.0, 6.0, 8.5, 8.5 ] },
								"south": { "texture": "#blackbronze", "uv": [ 1.5, 3.0, 13.5, 5.5 ] },
								"west": { "texture": "#blackbronze", "uv": [ 14.0, 7.5, 14.5, 10.0 ] },
								"up": { "texture": "#blackbronze", "uv": [ 2.5, 11.5, 14.5, 12.0 ] },
								"down": { "texture": "#blackbronze", "uv": [ 2.5, 11.0, 14.5, 11.5 ] }
							}
						},
						{
							"name": "Cube47",
							"from": [ 1.0, 1.0, 0.1 ],
							"to": [ 15.0, 13.0, 0.3 ],
							"renderPass": 3,
							"rotationOrigin": [ 1.0, 1.0, 0.1 ],
							"faces": {
								"north": { "texture": "#smoky", "uv": [ 1.0, 1.0, 15.0, 13.0 ] },
								"south": { "texture": "#smoky", "uv": [ 0.5, 1.5, 14.5, 13.5 ] }
							}
						},
						{
							"name": "Cube48",
							"from": [ 5.5, 13.0, 0.5 ],
							"to": [ 6.4, 14.0, 1.0 ],
							"rotationOrigin": [ 5.5, 13.0, 0.5 ],
							"faces": {
								"east": { "texture": "#molybdochalkos", "uv": [ 8.5, 13.0, 9.0, 14.0 ] },
								"west": { "texture": "#molybdochalkos", "uv": [ 8.0, 4.0, 8.5, 5.0 ] },
								"up": { "texture": "#molybdochalkos", "uv": [ 2.0, 2.0, 2.5, 2.5 ] },
								"down": { "texture": "#molybdochalkos", "uv": [ 6.0, 12.5, 6.5, 13.0 ] }
							}
						},
						{
							"name": "Cube49",
							"from": [ 9.5, 13.0, 0.5 ],
							"to": [ 10.4, 14.0, 1.0 ],
							"rotationOrigin": [ 9.5, 13.0, 0.5 ],
							"faces": {
								"east": { "texture": "#molybdochalkos", "uv": [ 4.5, 14.0, 5.0, 15.0 ] },
								"west": { "texture": "#molybdochalkos", "uv": [ 4.5, 5.0, 5.0, 6.0 ] },
								"up": { "texture": "#molybdochalkos", "uv": [ 4.0, 2.0, 4.5, 2.5 ] },
								"down": { "texture": "#molybdochalkos", "uv": [ 9.0, 1.0, 9.5, 1.5 ] }
							}
						},
						{
							"name": "Cube50",
							"from": [ 5.5, 13.0, 1.0 ],
							"to": [ 10.4, 14.0, 1.5 ],
							"rotationOrigin": [ 5.5, 13.0, 1.0 ],
							"faces": {
								"north": { "texture": "#molybdochalkos", "uv": [ 5.0, 5.5, 9.5, 6.5 ] },
								"east": { "texture": "#molybdochalkos", "uv": [ 11.0, 5.5, 11.5, 6.5 ] },
								"south": { "texture": "#molybdochalkos", "uv": [ 2.5, 2.0, 7.0, 3.0 ] },
								"west": { "texture": "#molybdochalkos", "uv": [ 12.5, 14.5, 13.0, 15.5 ] },
								"up": { "texture": "#molybdochalkos", "uv": [ 8.0, 11.0, 12.5, 11.5 ] },
								"down": { "texture": "#molybdochalkos", "uv": [ 8.0, 2.5, 12.5, 3.0 ] }
							}
						}
					]
				}
			]
		}
	],
	"animations": [
		{
			"name": "Door-open",
			"code": "Door-open",
			"quantityframes": 30,
			"onActivityStopped": "Rewind",
			"onAnimationEnd": "Hold",
			"keyframes": [
				{
					"frame": 0,
					"elements": {
						"Cube51": { "rotationX": 0.0, "rotationY": 0.0, "rotationZ": 0.0 }
					}
				},
				{
					"frame": 29,
					"elements": {
						"Cube51": { "rotationX": 67.5, "rotationY": 0.0, "rotationZ": 0.0 }
					}
				}
			]
		}
	]
}