{
	"editor": {
		"allAngles": false,
		"entityTextureMode": false
	},
	"textureWidth": 16,
	"textureHeight": 16,
	"textureSizes": {
	},
	"textures": {
	},
	"elements": [
		{
			"name": "Cube2",
			"from": [ 0.0, 0.0, 0.0 ],
			"to": [ 16.0, 16.0, 1.0 ],
			"faces": {
				"north": { "texture": "#molybdochalkos4", "uv": [ 0.0, 0.0, 16.0, 16.0 ] },
				"east": { "texture": "#molybdochalkos4", "uv": [ 0.0, 0.0, 1.0, 16.0 ] },
				"south": { "texture": "#molybdochalkos4", "uv": [ 0.0, 0.0, 16.0, 16.0 ] },
				"west": { "texture": "#molybdochalkos4", "uv": [ 0.0, 0.0, 1.0, 16.0 ] },
				"down": { "texture": "#molybdochalkos4", "uv": [ 0.0, 0.0, 16.0, 1.0 ] }
			},
			"children": [
				{
					"name": "Cube3",
					"from": [ 0.0, 16.0, 0.0 ],
					"to": [ 16.0, 18.0, 1.0 ],
					"rotationOrigin": [ 0.0, 16.0, 0.0 ],
					"faces": {
						"north": { "texture": "#molybdochalkos4", "uv": [ 0.0, 0.0, 16.0, 2.0 ] },
						"east": { "texture": "#molybdochalkos4", "uv": [ 0.0, 0.0, 1.0, 2.0 ] },
						"south": { "texture": "#molybdochalkos4", "uv": [ 0.0, 0.0, 16.0, 2.0 ] },
						"west": { "texture": "#molybdochalkos4", "uv": [ 0.0, 0.0, 1.0, 2.0 ] },
						"up": { "texture": "#molybdochalkos4", "uv": [ 0.0, 0.0, 16.0, 1.0 ] }
					}
				}
			]
		},
		{
			"name": "Cube4",
			"from": [ 0.0, 0.0, 1.0 ],
			"to": [ 1.0, 14.5, 14.0 ],
			"rotationOrigin": [ 0.0, 0.0, 1.0 ],
			"faces": {
				"east": { "texture": "#molybdochalkos4", "uv": [ 0.0, 0.0, 13.0, 14.5 ] },
				"south": { "texture": "#molybdochalkos4", "uv": [ 0.0, 0.0, 1.0, 14.5 ] },
				"west": { "texture": "#molybdochalkos4", "uv": [ 0.0, 0.0, 16.0, 16.0 ], "autoUv": false },
				"up": { "texture": "#molybdochalkos4", "uv": [ 0.0, 0.0, 1.0, 13.0 ] },
				"down": { "texture": "#molybdochalkos4", "uv": [ 0.0, 0.0, 1.0, 13.0 ] }
			},
			"children": [
				{
					"name": "Cube5",
					"from": [ 15.0, 0.0, 0.0 ],
					"to": [ 16.0, 14.5, 13.0 ],
					"rotationOrigin": [ 15.0, 0.0, 0.0 ],
					"faces": {
						"east": { "texture": "#molybdochalkos4", "uv": [ 0.0, 0.0, 15.5, 16.0 ], "autoUv": false },
						"south": { "texture": "#molybdochalkos4", "uv": [ 0.0, 0.0, 1.0, 14.5 ] },
						"west": { "texture": "#molybdochalkos4", "uv": [ 0.0, 0.0, 13.0, 14.5 ] },
						"down": { "texture": "#molybdochalkos4", "uv": [ 0.0, 0.0, 1.0, 13.0 ] }
					}
				}
			]
		},
		{
			"name": "Cube6",
			"from": [ 0.0, 14.5, 1.0 ],
			"to": [ 16.0, 15.5, 3.0 ],
			"rotationOrigin": [ 0.0, 14.5, 1.0 ],
			"faces": {
				"east": { "texture": "#blackbronze", "uv": [ 13.0, 9.5, 15.0, 10.5 ] },
				"south": { "texture": "#blackbronze", "uv": [ 0.0, 5.5, 16.0, 6.5 ] },
				"west": { "texture": "#blackbronze", "uv": [ 8.0, 14.0, 10.0, 15.0 ] },
				"up": { "texture": "#blackbronze", "uv": [ 0.0, 13.5, 16.0, 15.5 ] },
				"down": { "texture": "#blackbronze", "uv": [ 0.0, 1.5, 16.0, 3.5 ] }
			},
			"children": [
				{
					"name": "Cube38",
					"from": [ 0.0, 0.0, 12.0 ],
					"to": [ 16.0, 1.0, 14.0 ],
					"rotationOrigin": [ 0.0, 0.0, 12.0 ],
					"faces": {
						"north": { "texture": "#blackbronze", "uv": [ 0.0, 8.5, 16.0, 9.5 ] },
						"east": { "texture": "#blackbronze", "uv": [ 7.0, 0.0, 9.0, 1.0 ] },
						"south": { "texture": "#blackbronze", "uv": [ 0.0, 0.0, 16.0, 1.0 ] },
						"west": { "texture": "#blackbronze", "uv": [ 0.0, 3.0, 2.0, 4.0 ] },
						"up": { "texture": "#blackbronze", "uv": [ 0.0, 8.5, 16.0, 10.5 ] },
						"down": { "texture": "#blackbronze", "uv": [ 0.0, 4.5, 16.0, 6.5 ] }
					}
				},
				{
					"name": "Cube39",
					"from": [ 0.0, 0.0, 2.0 ],
					"to": [ 2.5, 1.0, 12.0 ],
					"rotationOrigin": [ 0.0, 0.0, 2.0 ],
					"faces": {
						"east": { "texture": "#blackbronze", "uv": [ 4.5, 0.0, 14.5, 1.0 ] },
						"west": { "texture": "#blackbronze", "uv": [ 4.5, 9.0, 14.5, 10.0 ] },
						"up": { "texture": "#blackbronze", "uv": [ 2.5, 4.0, 5.0, 14.0 ] },
						"down": { "texture": "#blackbronze", "uv": [ 9.0, 5.5, 11.5, 15.5 ] }
					}
				},
				{
					"name": "Cube40",
					"from": [ 13.5, 0.0, 2.0 ],
					"to": [ 16.0, 1.0, 12.0 ],
					"rotationOrigin": [ 13.5, 0.0, 2.0 ],
					"faces": {
						"east": { "texture": "#blackbronze", "uv": [ 2.5, 8.0, 12.5, 9.0 ] },
						"west": { "texture": "#blackbronze", "uv": [ 1.0, 5.0, 11.0, 6.0 ] },
						"up": { "texture": "#blackbronze", "uv": [ 12.5, 3.0, 15.0, 13.0 ] },
						"down": { "texture": "#blackbronze", "uv": [ 6.5, 0.0, 9.0, 10.0 ] }
					}
				},
				{
					"name": "Cube41",
					"from": [ 5.5, 0.0, 2.0 ],
					"to": [ 10.5, 1.0, 12.0 ],
					"rotationOrigin": [ 5.5, 0.0, 2.0 ],
					"faces": {
						"east": { "texture": "#blackbronze", "uv": [ 4.5, 14.0, 14.5, 15.0 ] },
						"west": { "texture": "#blackbronze", "uv": [ 5.5, 12.5, 15.5, 13.5 ] },
						"up": { "texture": "#blackbronze", "uv": [ 1.0, 5.0, 6.0, 15.0 ] },
						"down": { "texture": "#blackbronze", "uv": [ 9.5, 1.5, 14.5, 11.5 ] }
					}
				},
				{
					"name": "Cube42",
					"from": [ 2.5, 0.0, 4.8 ],
					"to": [ 5.5, 1.0, 9.2 ],
					"rotationOrigin": [ 2.5, 0.0, 4.8 ],
					"faces": {
						"north": { "texture": "#blackbronze", "uv": [ 9.5, 13.0, 12.5, 14.0 ] },
						"south": { "texture": "#blackbronze", "uv": [ 12.0, 1.5, 15.0, 2.5 ] },
						"up": { "texture": "#blackbronze", "uv": [ 3.0, 2.0, 6.0, 6.0 ] },
						"down": { "texture": "#blackbronze", "uv": [ 11.0, 3.0, 14.0, 7.0 ] }
					}
				},
				{
					"name": "Cube43",
					"from": [ 10.5, 0.0, 4.8 ],
					"to": [ 13.5, 1.0, 9.2 ],
					"rotationOrigin": [ 10.5, 0.0, 4.8 ],
					"faces": {
						"north": { "texture": "#blackbronze", "uv": [ 8.5, 11.0, 11.5, 12.0 ] },
						"south": { "texture": "#blackbronze", "uv": [ 4.5, 6.0, 7.5, 7.0 ] },
						"up": { "texture": "#blackbronze", "uv": [ 8.5, 6.5, 11.5, 10.5 ] },
						"down": { "texture": "#blackbronze", "uv": [ 10.5, 10.0, 13.5, 14.0 ] }
					}
				}
			]
		},
		{
			"name": "Cube7",
			"from": [ 1.0, 0.0, 1.0 ],
			"to": [ 15.0, 1.0, 14.0 ],
			"rotationOrigin": [ 1.0, 0.0, 1.0 ],
			"faces": {
				"south": { "texture": "#molybdochalkos4", "uv": [ 0.0, 0.0, 14.0, 1.0 ] },
				"up": { "texture": "#molybdochalkos4", "uv": [ 1.0, 2.0, 15.0, 15.0 ] },
				"down": { "texture": "#molybdochalkos4", "uv": [ 1.0, 2.0, 15.0, 15.0 ] }
			}
		},
		{
			"name": "Cube9",
			"from": [ 0.0, 0.5, -1.0 ],
			"to": [ 0.0, 0.5, -1.0 ],
			"rotationOrigin": [ 0.0, 0.5, -1.0 ],
			"faces": {
			},
			"children": [
				{
					"name": "burner1",
					"from": [ 5.0, 15.0, 5.0 ],
					"to": [ 6.5, 15.5, 5.6 ],
					"rotationOrigin": [ 4.0, 15.0, 5.3 ],
					"faces": {
						"north": { "texture": "#molybdochalkos6", "uv": [ 12.5, 6.5, 14.0, 7.0 ] },
						"east": { "texture": "#molybdochalkos6", "uv": [ 6.0, 12.0, 6.5, 12.5 ] },
						"south": { "texture": "#molybdochalkos6", "uv": [ 11.5, 5.0, 13.0, 5.5 ] },
						"west": { "texture": "#molybdochalkos6", "uv": [ 6.5, 6.0, 7.0, 6.5 ] },
						"up": { "texture": "#molybdochalkos6", "uv": [ 2.5, 8.0, 4.0, 8.5 ] },
						"down": { "texture": "#molybdochalkos6", "uv": [ 9.5, 12.5, 11.0, 13.0 ] }
					},
					"children": [
						{
							"name": "Cube10",
							"from": [ 0.0, 0.0, 0.0 ],
							"to": [ 1.5, 0.5, 0.6 ],
							"rotationOrigin": [ -1.0, 0.0, 0.3 ],
							"rotationY": 45.0,
							"faces": {
								"north": { "texture": "#molybdochalkos6", "uv": [ 4.0, 10.5, 5.5, 11.0 ] },
								"east": { "texture": "#molybdochalkos6", "uv": [ 9.5, 3.0, 10.0, 3.5 ] },
								"south": { "texture": "#molybdochalkos6", "uv": [ 11.0, 8.0, 12.5, 8.5 ] },
								"west": { "texture": "#molybdochalkos6", "uv": [ 11.0, 0.5, 11.5, 1.0 ] },
								"up": { "texture": "#molybdochalkos6", "uv": [ 13.0, 1.5, 14.5, 2.0 ] },
								"down": { "texture": "#molybdochalkos6", "uv": [ 8.5, 10.0, 10.0, 10.5 ] }
							}
						},
						{
							"name": "Cube11",
							"from": [ 0.0023, 0.0, -0.0024 ],
							"to": [ 1.5023, 0.5, 0.5976 ],
							"rotationOrigin": [ -1.0, 0.0, 0.3 ],
							"rotationY": 89.98,
							"faces": {
								"north": { "texture": "#molybdochalkos6", "uv": [ 10.5, 12.0, 12.0, 12.5 ] },
								"east": { "texture": "#molybdochalkos6", "uv": [ 7.5, 11.0, 8.0, 11.5 ] },
								"south": { "texture": "#molybdochalkos6", "uv": [ 8.0, 7.5, 9.5, 8.0 ] },
								"west": { "texture": "#molybdochalkos6", "uv": [ 8.5, 6.0, 9.0, 6.5 ] },
								"up": { "texture": "#molybdochalkos6", "uv": [ 13.5, 5.0, 15.0, 5.5 ] },
								"down": { "texture": "#molybdochalkos6", "uv": [ 5.5, 1.0, 7.0, 1.5 ] }
							}
						},
						{
							"name": "Cube12",
							"from": [ 0.0, 0.0, 0.0 ],
							"to": [ 1.5, 0.5, 0.6 ],
							"rotationOrigin": [ -1.0, 0.0, 0.3 ],
							"rotationX": -180.0,
							"rotationY": 45.0,
							"rotationZ": -180.0,
							"faces": {
								"north": { "texture": "#molybdochalkos6", "uv": [ 9.0, 3.0, 10.5, 3.5 ] },
								"east": { "texture": "#molybdochalkos6", "uv": [ 2.5, 9.0, 3.0, 9.5 ] },
								"south": { "texture": "#molybdochalkos6", "uv": [ 8.5, 15.0, 10.0, 15.5 ] },
								"west": { "texture": "#molybdochalkos6", "uv": [ 1.5, 3.0, 2.0, 3.5 ] },
								"up": { "texture": "#molybdochalkos6", "uv": [ 12.0, 9.0, 13.5, 9.5 ] },
								"down": { "texture": "#molybdochalkos6", "uv": [ 4.0, 14.5, 5.5, 15.0 ] }
							}
						},
						{
							"name": "Cube13",
							"from": [ 0.0, 0.0, 0.0 ],
							"to": [ 1.5, 0.5, 0.6 ],
							"rotationOrigin": [ -1.0, 0.0, 0.3 ],
							"rotationX": -180.0,
							"rotationZ": -180.0,
							"faces": {
								"north": { "texture": "#molybdochalkos6", "uv": [ 13.5, 4.0, 15.0, 4.5 ] },
								"east": { "texture": "#molybdochalkos6", "uv": [ 10.5, 7.0, 11.0, 7.5 ] },
								"south": { "texture": "#molybdochalkos6", "uv": [ 14.0, 10.5, 15.5, 11.0 ] },
								"west": { "texture": "#molybdochalkos6", "uv": [ 11.0, 10.0, 11.5, 10.5 ] },
								"up": { "texture": "#molybdochalkos6", "uv": [ 1.0, 14.0, 2.5, 14.5 ] },
								"down": { "texture": "#molybdochalkos6", "uv": [ 4.5, 0.0, 6.0, 0.5 ] }
							}
						},
						{
							"name": "Cube14",
							"from": [ 0.0, 0.0, 0.0 ],
							"to": [ 1.5, 0.5, 0.6 ],
							"rotationOrigin": [ -1.0, 0.0, 0.3 ],
							"rotationY": -45.0,
							"faces": {
								"north": { "texture": "#molybdochalkos6", "uv": [ 5.0, 3.5, 6.5, 4.0 ] },
								"east": { "texture": "#molybdochalkos6", "uv": [ 15.0, 6.5, 15.5, 7.0 ] },
								"south": { "texture": "#molybdochalkos6", "uv": [ 8.0, 10.5, 9.5, 11.0 ] },
								"west": { "texture": "#molybdochalkos6", "uv": [ 11.5, 8.5, 12.0, 9.0 ] },
								"up": { "texture": "#molybdochalkos6", "uv": [ 7.0, 1.0, 8.5, 1.5 ] },
								"down": { "texture": "#molybdochalkos6", "uv": [ 8.5, 10.5, 10.0, 11.0 ] }
							}
						},
						{
							"name": "Cube15",
							"from": [ -0.0023, 0.0, 0.0024 ],
							"to": [ 1.4977, 0.5, 0.6024 ],
							"rotationOrigin": [ -1.0, 0.0, 0.3 ],
							"rotationY": -89.98,
							"faces": {
								"north": { "texture": "#molybdochalkos6", "uv": [ 14.0, 6.5, 15.5, 7.0 ] },
								"east": { "texture": "#molybdochalkos6", "uv": [ 4.0, 15.0, 4.5, 15.5 ] },
								"south": { "texture": "#molybdochalkos6", "uv": [ 9.0, 14.5, 10.5, 15.0 ] },
								"west": { "texture": "#molybdochalkos6", "uv": [ 15.0, 7.0, 15.5, 7.5 ] },
								"up": { "texture": "#molybdochalkos6", "uv": [ 11.0, 11.5, 12.5, 12.0 ] },
								"down": { "texture": "#molybdochalkos6", "uv": [ 1.5, 6.5, 3.0, 7.0 ] }
							}
						},
						{
							"name": "Cube16",
							"from": [ 0.0, 0.0, 0.0 ],
							"to": [ 1.5, 0.5, 0.6 ],
							"rotationOrigin": [ -1.0, 0.0, 0.3 ],
							"rotationX": -180.0,
							"rotationY": -45.0,
							"rotationZ": -180.0,
							"faces": {
								"north": { "texture": "#molybdochalkos6", "uv": [ 8.5, 3.5, 10.0, 4.0 ] },
								"east": { "texture": "#molybdochalkos6", "uv": [ 1.5, 4.0, 2.0, 4.5 ] },
								"south": { "texture": "#molybdochalkos6", "uv": [ 13.0, 6.5, 14.5, 7.0 ] },
								"west": { "texture": "#molybdochalkos6", "uv": [ 8.5, 3.5, 9.0, 4.0 ] },
								"up": { "texture": "#molybdochalkos6", "uv": [ 12.0, 9.0, 13.5, 9.5 ] },
								"down": { "texture": "#molybdochalkos6", "uv": [ 11.0, 6.5, 12.5, 7.0 ] }
							}
						}
					]
				},
				{
					"name": "burner2",
					"from": [ 13.0, 15.0, 5.0 ],
					"to": [ 14.5, 15.5, 5.6 ],
					"rotationOrigin": [ 12.0, 15.0, 5.3 ],
					"faces": {
						"north": { "texture": "#molybdochalkos6", "uv": [ 6.0, 9.0, 7.5, 9.5 ] },
						"east": { "texture": "#molybdochalkos6", "uv": [ 6.0, 1.5, 6.5, 2.0 ] },
						"south": { "texture": "#molybdochalkos6", "uv": [ 3.5, 5.5, 5.0, 6.0 ] },
						"west": { "texture": "#molybdochalkos6", "uv": [ 8.5, 2.5, 9.0, 3.0 ] },
						"up": { "texture": "#molybdochalkos6", "uv": [ 4.0, 13.5, 5.5, 14.0 ] },
						"down": { "texture": "#molybdochalkos6", "uv": [ 0.0, 4.5, 1.5, 5.0 ] }
					},
					"children": [
						{
							"name": "Cube17",
							"from": [ 0.0, 0.0, 0.0 ],
							"to": [ 1.5, 0.5, 0.6 ],
							"rotationOrigin": [ -1.0, 0.0, 0.3 ],
							"rotationY": 45.0,
							"faces": {
								"north": { "texture": "#molybdochalkos6", "uv": [ 7.5, 11.0, 9.0, 11.5 ] },
								"east": { "texture": "#molybdochalkos6", "uv": [ 15.0, 11.0, 15.5, 11.5 ] },
								"south": { "texture": "#molybdochalkos6", "uv": [ 11.0, 10.5, 12.5, 11.0 ] },
								"west": { "texture": "#molybdochalkos6", "uv": [ 11.5, 8.5, 12.0, 9.0 ] },
								"up": { "texture": "#molybdochalkos6", "uv": [ 10.5, 8.0, 12.0, 8.5 ] },
								"down": { "texture": "#molybdochalkos6", "uv": [ 5.5, 2.0, 7.0, 2.5 ] }
							}
						},
						{
							"name": "Cube18",
							"from": [ 0.0023, 0.0, -0.0024 ],
							"to": [ 1.5023, 0.5, 0.5976 ],
							"rotationOrigin": [ -1.0, 0.0, 0.3 ],
							"rotationY": 89.98,
							"faces": {
								"north": { "texture": "#molybdochalkos6", "uv": [ 7.0, 0.0, 8.5, 0.5 ] },
								"east": { "texture": "#molybdochalkos6", "uv": [ 1.5, 1.0, 2.0, 1.5 ] },
								"south": { "texture": "#molybdochalkos6", "uv": [ 1.5, 3.5, 3.0, 4.0 ] },
								"west": { "texture": "#molybdochalkos6", "uv": [ 10.5, 4.5, 11.0, 5.0 ] },
								"up": { "texture": "#molybdochalkos6", "uv": [ 7.0, 3.5, 8.5, 4.0 ] },
								"down": { "texture": "#molybdochalkos6", "uv": [ 0.0, 12.5, 1.5, 13.0 ] }
							}
						},
						{
							"name": "Cube19",
							"from": [ 0.0, 0.0, 0.0 ],
							"to": [ 1.5, 0.5, 0.6 ],
							"rotationOrigin": [ -1.0, 0.0, 0.3 ],
							"rotationX": -180.0,
							"rotationY": 45.0,
							"rotationZ": -180.0,
							"faces": {
								"north": { "texture": "#molybdochalkos6", "uv": [ 3.5, 9.5, 5.0, 10.0 ] },
								"east": { "texture": "#molybdochalkos6", "uv": [ 13.0, 3.5, 13.5, 4.0 ] },
								"south": { "texture": "#molybdochalkos6", "uv": [ 4.5, 6.0, 6.0, 6.5 ] },
								"west": { "texture": "#molybdochalkos6", "uv": [ 12.5, 8.0, 13.0, 8.5 ] },
								"up": { "texture": "#molybdochalkos6", "uv": [ 5.0, 11.0, 6.5, 11.5 ] },
								"down": { "texture": "#molybdochalkos6", "uv": [ 6.0, 12.0, 7.5, 12.5 ] }
							}
						},
						{
							"name": "Cube20",
							"from": [ 0.0, 0.0, 0.0 ],
							"to": [ 1.5, 0.5, 0.6 ],
							"rotationOrigin": [ -1.0, 0.0, 0.3 ],
							"rotationX": -180.0,
							"rotationZ": -180.0,
							"faces": {
								"north": { "texture": "#molybdochalkos6", "uv": [ 6.5, 6.5, 8.0, 7.0 ] },
								"east": { "texture": "#molybdochalkos6", "uv": [ 14.0, 1.0, 14.5, 1.5 ] },
								"south": { "texture": "#molybdochalkos6", "uv": [ 8.5, 0.0, 10.0, 0.5 ] },
								"west": { "texture": "#molybdochalkos6", "uv": [ 0.0, 14.0, 0.5, 14.5 ] },
								"up": { "texture": "#molybdochalkos6", "uv": [ 0.5, 2.0, 2.0, 2.5 ] },
								"down": { "texture": "#molybdochalkos6", "uv": [ 2.5, 3.0, 4.0, 3.5 ] }
							}
						},
						{
							"name": "Cube21",
							"from": [ 0.0, 0.0, 0.0 ],
							"to": [ 1.5, 0.5, 0.6 ],
							"rotationOrigin": [ -1.0, 0.0, 0.3 ],
							"rotationY": -45.0,
							"faces": {
								"north": { "texture": "#molybdochalkos6", "uv": [ 13.5, 0.0, 15.0, 0.5 ] },
								"east": { "texture": "#molybdochalkos6", "uv": [ 6.0, 1.0, 6.5, 1.5 ] },
								"south": { "texture": "#molybdochalkos6", "uv": [ 12.5, 5.0, 14.0, 5.5 ] },
								"west": { "texture": "#molybdochalkos6", "uv": [ 5.5, 5.5, 6.0, 6.0 ] },
								"up": { "texture": "#molybdochalkos6", "uv": [ 13.0, 4.5, 14.5, 5.0 ] },
								"down": { "texture": "#molybdochalkos6", "uv": [ 0.0, 14.5, 1.5, 15.0 ] }
							}
						},
						{
							"name": "Cube22",
							"from": [ -0.0023, 0.0, 0.0024 ],
							"to": [ 1.4977, 0.5, 0.6024 ],
							"rotationOrigin": [ -1.0, 0.0, 0.3 ],
							"rotationY": -89.98,
							"faces": {
								"north": { "texture": "#molybdochalkos6", "uv": [ 12.5, 0.0, 14.0, 0.5 ] },
								"east": { "texture": "#molybdochalkos6", "uv": [ 10.5, 12.0, 11.0, 12.5 ] },
								"south": { "texture": "#molybdochalkos6", "uv": [ 7.5, 10.5, 9.0, 11.0 ] },
								"west": { "texture": "#molybdochalkos6", "uv": [ 1.0, 2.5, 1.5, 3.0 ] },
								"up": { "texture": "#molybdochalkos6", "uv": [ 4.5, 3.5, 6.0, 4.0 ] },
								"down": { "texture": "#molybdochalkos6", "uv": [ 3.5, 5.0, 5.0, 5.5 ] }
							}
						},
						{
							"name": "Cube23",
							"from": [ 0.0, 0.0, 0.0 ],
							"to": [ 1.5, 0.5, 0.6 ],
							"rotationOrigin": [ -1.0, 0.0, 0.3 ],
							"rotationX": -180.0,
							"rotationY": -45.0,
							"rotationZ": -180.0,
							"faces": {
								"north": { "texture": "#molybdochalkos6", "uv": [ 8.0, 7.0, 9.5, 7.5 ] },
								"east": { "texture": "#molybdochalkos6", "uv": [ 1.0, 3.0, 1.5, 3.5 ] },
								"south": { "texture": "#molybdochalkos6", "uv": [ 5.5, 3.0, 7.0, 3.5 ] },
								"west": { "texture": "#molybdochalkos6", "uv": [ 7.5, 14.0, 8.0, 14.5 ] },
								"up": { "texture": "#molybdochalkos6", "uv": [ 4.5, 3.0, 6.0, 3.5 ] },
								"down": { "texture": "#molybdochalkos6", "uv": [ 8.5, 6.0, 10.0, 6.5 ] }
							}
						}
					]
				},
				{
					"name": "burner3",
					"from": [ 5.0, 15.0, 12.4 ],
					"to": [ 6.5, 15.5, 13.0 ],
					"rotationOrigin": [ 4.0, 15.0, 12.7 ],
					"faces": {
						"north": { "texture": "#molybdochalkos6", "uv": [ 7.5, 8.5, 9.0, 9.0 ] },
						"east": { "texture": "#molybdochalkos6", "uv": [ 11.0, 11.0, 11.5, 11.5 ] },
						"south": { "texture": "#molybdochalkos6", "uv": [ 11.5, 12.5, 13.0, 13.0 ] },
						"west": { "texture": "#molybdochalkos6", "uv": [ 7.5, 2.5, 8.0, 3.0 ] },
						"up": { "texture": "#molybdochalkos6", "uv": [ 13.5, 7.0, 15.0, 7.5 ] },
						"down": { "texture": "#molybdochalkos6", "uv": [ 3.5, 9.5, 5.0, 10.0 ] }
					},
					"children": [
						{
							"name": "Cube24",
							"from": [ 0.0, 0.0, 0.0 ],
							"to": [ 1.5, 0.5, 0.6 ],
							"rotationOrigin": [ -1.0, 0.0, 0.3 ],
							"rotationY": 45.0,
							"faces": {
								"north": { "texture": "#molybdochalkos6", "uv": [ 9.5, 0.0, 11.0, 0.5 ] },
								"east": { "texture": "#molybdochalkos6", "uv": [ 13.5, 4.5, 14.0, 5.0 ] },
								"south": { "texture": "#molybdochalkos6", "uv": [ 8.5, 10.0, 10.0, 10.5 ] },
								"west": { "texture": "#molybdochalkos6", "uv": [ 1.0, 5.5, 1.5, 6.0 ] },
								"up": { "texture": "#molybdochalkos6", "uv": [ 14.0, 9.0, 15.5, 9.5 ] },
								"down": { "texture": "#molybdochalkos6", "uv": [ 5.0, 1.5, 6.5, 2.0 ] }
							}
						},
						{
							"name": "Cube25",
							"from": [ 0.0023, 0.0, -0.0024 ],
							"to": [ 1.5023, 0.5, 0.5976 ],
							"rotationOrigin": [ -1.0, 0.0, 0.3 ],
							"rotationY": 89.98,
							"faces": {
								"north": { "texture": "#molybdochalkos6", "uv": [ 11.0, 5.0, 12.5, 5.5 ] },
								"east": { "texture": "#molybdochalkos6", "uv": [ 5.5, 6.5, 6.0, 7.0 ] },
								"south": { "texture": "#molybdochalkos6", "uv": [ 6.0, 4.0, 7.5, 4.5 ] },
								"west": { "texture": "#molybdochalkos6", "uv": [ 5.5, 0.5, 6.0, 1.0 ] },
								"up": { "texture": "#molybdochalkos6", "uv": [ 7.0, 13.5, 8.5, 14.0 ] },
								"down": { "texture": "#molybdochalkos6", "uv": [ 14.0, 13.5, 15.5, 14.0 ] }
							}
						},
						{
							"name": "Cube26",
							"from": [ 0.0, 0.0, 0.0 ],
							"to": [ 1.5, 0.5, 0.6 ],
							"rotationOrigin": [ -1.0, 0.0, 0.3 ],
							"rotationX": -180.0,
							"rotationY": 45.0,
							"rotationZ": -180.0,
							"faces": {
								"north": { "texture": "#molybdochalkos6", "uv": [ 5.0, 10.0, 6.5, 10.5 ] },
								"east": { "texture": "#molybdochalkos6", "uv": [ 7.0, 10.0, 7.5, 10.5 ] },
								"south": { "texture": "#molybdochalkos6", "uv": [ 2.5, 1.5, 4.0, 2.0 ] },
								"west": { "texture": "#molybdochalkos6", "uv": [ 8.5, 5.5, 9.0, 6.0 ] },
								"up": { "texture": "#molybdochalkos6", "uv": [ 13.0, 9.5, 14.5, 10.0 ] },
								"down": { "texture": "#molybdochalkos6", "uv": [ 1.5, 1.0, 3.0, 1.5 ] }
							}
						},
						{
							"name": "Cube27",
							"from": [ 0.0, 0.0, 0.0 ],
							"to": [ 1.5, 0.5, 0.6 ],
							"rotationOrigin": [ -1.0, 0.0, 0.3 ],
							"rotationX": -180.0,
							"rotationZ": -180.0,
							"faces": {
								"north": { "texture": "#molybdochalkos6", "uv": [ 9.5, 2.0, 11.0, 2.5 ] },
								"east": { "texture": "#molybdochalkos6", "uv": [ 5.0, 7.0, 5.5, 7.5 ] },
								"south": { "texture": "#molybdochalkos6", "uv": [ 7.0, 11.0, 8.5, 11.5 ] },
								"west": { "texture": "#molybdochalkos6", "uv": [ 11.0, 6.5, 11.5, 7.0 ] },
								"up": { "texture": "#molybdochalkos6", "uv": [ 2.0, 3.5, 3.5, 4.0 ] },
								"down": { "texture": "#molybdochalkos6", "uv": [ 6.5, 9.5, 8.0, 10.0 ] }
							}
						},
						{
							"name": "Cube28",
							"from": [ 0.0, 0.0, 0.0 ],
							"to": [ 1.5, 0.5, 0.6 ],
							"rotationOrigin": [ -1.0, 0.0, 0.3 ],
							"rotationY": -45.0,
							"faces": {
								"north": { "texture": "#molybdochalkos6", "uv": [ 0.0, 7.0, 1.5, 7.5 ] },
								"east": { "texture": "#molybdochalkos6", "uv": [ 13.5, 0.0, 14.0, 0.5 ] },
								"south": { "texture": "#molybdochalkos6", "uv": [ 7.0, 11.5, 8.5, 12.0 ] },
								"west": { "texture": "#molybdochalkos6", "uv": [ 14.0, 1.5, 14.5, 2.0 ] },
								"up": { "texture": "#molybdochalkos6", "uv": [ 3.5, 11.5, 5.0, 12.0 ] },
								"down": { "texture": "#molybdochalkos6", "uv": [ 0.0, 1.5, 1.5, 2.0 ] }
							}
						},
						{
							"name": "Cube29",
							"from": [ -0.0023, 0.0, 0.0024 ],
							"to": [ 1.4977, 0.5, 0.6024 ],
							"rotationOrigin": [ -1.0, 0.0, 0.3 ],
							"rotationY": -89.98,
							"faces": {
								"north": { "texture": "#molybdochalkos6", "uv": [ 7.0, 13.5, 8.5, 14.0 ] },
								"east": { "texture": "#molybdochalkos6", "uv": [ 3.0, 2.5, 3.5, 3.0 ] },
								"south": { "texture": "#molybdochalkos6", "uv": [ 9.5, 6.5, 11.0, 7.0 ] },
								"west": { "texture": "#molybdochalkos6", "uv": [ 2.5, 12.5, 3.0, 13.0 ] },
								"up": { "texture": "#molybdochalkos6", "uv": [ 5.5, 13.0, 7.0, 13.5 ] },
								"down": { "texture": "#molybdochalkos6", "uv": [ 2.5, 9.5, 4.0, 10.0 ] }
							}
						},
						{
							"name": "Cube30",
							"from": [ 0.0, 0.0, 0.0 ],
							"to": [ 1.5, 0.5, 0.6 ],
							"rotationOrigin": [ -1.0, 0.0, 0.3 ],
							"rotationX": -180.0,
							"rotationY": -45.0,
							"rotationZ": -180.0,
							"faces": {
								"north": { "texture": "#molybdochalkos6", "uv": [ 9.5, 7.0, 11.0, 7.5 ] },
								"east": { "texture": "#molybdochalkos6", "uv": [ 6.5, 2.0, 7.0, 2.5 ] },
								"south": { "texture": "#molybdochalkos6", "uv": [ 13.0, 10.0, 14.5, 10.5 ] },
								"west": { "texture": "#molybdochalkos6", "uv": [ 6.5, 8.0, 7.0, 8.5 ] },
								"up": { "texture": "#molybdochalkos6", "uv": [ 3.0, 10.5, 4.5, 11.0 ] },
								"down": { "texture": "#molybdochalkos6", "uv": [ 6.0, 10.5, 7.5, 11.0 ] }
							}
						}
					]
				},
				{
					"name": "burner4",
					"from": [ 13.0, 15.0, 12.4 ],
					"to": [ 14.5, 15.5, 13.0 ],
					"rotationOrigin": [ 12.0, 15.0, 12.7 ],
					"faces": {
						"north": { "texture": "#molybdochalkos6", "uv": [ 1.5, 4.5, 3.0, 5.0 ] },
						"east": { "texture": "#molybdochalkos6", "uv": [ 1.5, 15.0, 2.0, 15.5 ] },
						"south": { "texture": "#molybdochalkos6", "uv": [ 13.5, 7.0, 15.0, 7.5 ] },
						"west": { "texture": "#molybdochalkos6", "uv": [ 12.0, 5.0, 12.5, 5.5 ] },
						"up": { "texture": "#molybdochalkos6", "uv": [ 11.0, 4.5, 12.5, 5.0 ] },
						"down": { "texture": "#molybdochalkos6", "uv": [ 4.5, 1.5, 6.0, 2.0 ] }
					},
					"children": [
						{
							"name": "Cube31",
							"from": [ 0.0, 0.0, 0.0 ],
							"to": [ 1.5, 0.5, 0.6 ],
							"rotationOrigin": [ -1.0, 0.0, 0.3 ],
							"rotationY": 45.0,
							"faces": {
								"north": { "texture": "#molybdochalkos6", "uv": [ 5.0, 14.0, 6.5, 14.5 ] },
								"east": { "texture": "#molybdochalkos6", "uv": [ 9.5, 15.0, 10.0, 15.5 ] },
								"south": { "texture": "#molybdochalkos6", "uv": [ 12.5, 8.0, 14.0, 8.5 ] },
								"west": { "texture": "#molybdochalkos6", "uv": [ 8.0, 14.5, 8.5, 15.0 ] },
								"up": { "texture": "#molybdochalkos6", "uv": [ 13.5, 2.0, 15.0, 2.5 ] },
								"down": { "texture": "#molybdochalkos6", "uv": [ 14.0, 0.5, 15.5, 1.0 ] }
							}
						},
						{
							"name": "Cube32",
							"from": [ 0.0023, 0.0, -0.0024 ],
							"to": [ 1.5023, 0.5, 0.5976 ],
							"rotationOrigin": [ -1.0, 0.0, 0.3 ],
							"rotationY": 89.98,
							"faces": {
								"north": { "texture": "#molybdochalkos6", "uv": [ 14.0, 9.5, 15.5, 10.0 ] },
								"east": { "texture": "#molybdochalkos6", "uv": [ 4.5, 4.0, 5.0, 4.5 ] },
								"south": { "texture": "#molybdochalkos6", "uv": [ 12.0, 7.0, 13.5, 7.5 ] },
								"west": { "texture": "#molybdochalkos6", "uv": [ 14.0, 2.0, 14.5, 2.5 ] },
								"up": { "texture": "#molybdochalkos6", "uv": [ 7.0, 8.5, 8.5, 9.0 ] },
								"down": { "texture": "#molybdochalkos6", "uv": [ 1.5, 0.5, 3.0, 1.0 ] }
							}
						},
						{
							"name": "Cube33",
							"from": [ 0.0, 0.0, 0.0 ],
							"to": [ 1.5, 0.5, 0.6 ],
							"rotationOrigin": [ -1.0, 0.0, 0.3 ],
							"rotationX": -180.0,
							"rotationY": 45.0,
							"rotationZ": -180.0,
							"faces": {
								"north": { "texture": "#molybdochalkos6", "uv": [ 6.0, 1.5, 7.5, 2.0 ] },
								"east": { "texture": "#molybdochalkos6", "uv": [ 2.0, 2.0, 2.5, 2.5 ] },
								"south": { "texture": "#molybdochalkos6", "uv": [ 6.0, 5.5, 7.5, 6.0 ] },
								"west": { "texture": "#molybdochalkos6", "uv": [ 11.0, 1.0, 11.5, 1.5 ] },
								"up": { "texture": "#molybdochalkos6", "uv": [ 9.0, 4.0, 10.5, 4.5 ] },
								"down": { "texture": "#molybdochalkos6", "uv": [ 5.5, 7.5, 7.0, 8.0 ] }
							}
						},
						{
							"name": "Cube34",
							"from": [ 0.0, 0.0, 0.0 ],
							"to": [ 1.5, 0.5, 0.6 ],
							"rotationOrigin": [ -1.0, 0.0, 0.3 ],
							"rotationX": -180.0,
							"rotationZ": -180.0,
							"faces": {
								"north": { "texture": "#molybdochalkos6", "uv": [ 6.5, 10.5, 8.0, 11.0 ] },
								"east": { "texture": "#molybdochalkos6", "uv": [ 13.0, 1.0, 13.5, 1.5 ] },
								"south": { "texture": "#molybdochalkos6", "uv": [ 10.5, 10.0, 12.0, 10.5 ] },
								"west": { "texture": "#molybdochalkos6", "uv": [ 0.0, 8.0, 0.5, 8.5 ] },
								"up": { "texture": "#molybdochalkos6", "uv": [ 1.5, 12.5, 3.0, 13.0 ] },
								"down": { "texture": "#molybdochalkos6", "uv": [ 7.5, 10.5, 9.0, 11.0 ] }
							}
						},
						{
							"name": "Cube35",
							"from": [ 0.0, 0.0, 0.0 ],
							"to": [ 1.5, 0.5, 0.6 ],
							"rotationOrigin": [ -1.0, 0.0, 0.3 ],
							"rotationY": -45.0,
							"faces": {
								"north": { "texture": "#molybdochalkos6", "uv": [ 13.5, 0.0, 15.0, 0.5 ] },
								"east": { "texture": "#molybdochalkos6", "uv": [ 9.0, 11.0, 9.5, 11.5 ] },
								"south": { "texture": "#molybdochalkos6", "uv": [ 5.5, 3.0, 7.0, 3.5 ] },
								"west": { "texture": "#molybdochalkos6", "uv": [ 0.5, 4.5, 1.0, 5.0 ] },
								"up": { "texture": "#molybdochalkos6", "uv": [ 11.5, 7.0, 13.0, 7.5 ] },
								"down": { "texture": "#molybdochalkos6", "uv": [ 10.5, 12.5, 12.0, 13.0 ] }
							}
						},
						{
							"name": "Cube36",
							"from": [ -0.0023, 0.0, 0.0024 ],
							"to": [ 1.4977, 0.5, 0.6024 ],
							"rotationOrigin": [ -1.0, 0.0, 0.3 ],
							"rotationY": -89.98,
							"faces": {
								"north": { "texture": "#molybdochalkos6", "uv": [ 9.5, 13.0, 11.0, 13.5 ] },
								"east": { "texture": "#molybdochalkos6", "uv": [ 13.5, 6.5, 14.0, 7.0 ] },
								"south": { "texture": "#molybdochalkos6", "uv": [ 5.0, 11.0, 6.5, 11.5 ] },
								"west": { "texture": "#molybdochalkos6", "uv": [ 1.0, 9.5, 1.5, 10.0 ] },
								"up": { "texture": "#molybdochalkos6", "uv": [ 0.0, 14.5, 1.5, 15.0 ] },
								"down": { "texture": "#molybdochalkos6", "uv": [ 12.0, 7.0, 13.5, 7.5 ] }
							}
						},
						{
							"name": "Cube37",
							"from": [ 0.0, 0.0, 0.0 ],
							"to": [ 1.5, 0.5, 0.6 ],
							"rotationOrigin": [ -1.0, 0.0, 0.3 ],
							"rotationX": -180.0,
							"rotationY": -45.0,
							"rotationZ": -180.0,
							"faces": {
								"north": { "texture": "#molybdochalkos6", "uv": [ 2.5, 14.5, 4.0, 15.0 ] },
								"east": { "texture": "#molybdochalkos6", "uv": [ 7.0, 15.0, 7.5, 15.5 ] },
								"south": { "texture": "#molybdochalkos6", "uv": [ 12.0, 3.0, 13.5, 3.5 ] },
								"west": { "texture": "#molybdochalkos6", "uv": [ 1.5, 7.5, 2.0, 8.0 ] },
								"up": { "texture": "#molybdochalkos6", "uv": [ 2.0, 3.0, 3.5, 3.5 ] },
								"down": { "texture": "#molybdochalkos6", "uv": [ 2.5, 2.0, 4.0, 2.5 ] }
							}
						}
					]
				}
			]
		}
	]
}