{
	"editor": {
		"collapsedPaths": "Root/legsbottom,Root/Cube25,Root/frame",
		"allAngles": false,
		"entityTextureMode": false
	},
	"textureWidth": 16,
	"textureHeight": 16,
	"textureSizes": {
	},
	"textures": {
	},
	"elements": [
		{
			"name": "frame",
			"from": [ 0.0, 5.96, 0.3 ],
			"to": [ 1.0, 6.96, 1.3 ],
			"rotationOrigin": [ 8.0, 14.0, 8.0 ],
			"faces": {
			},
			"children": [
				{
					"name": "Cube1",
					"from": [ -0.4, 0.0, -0.1 ],
					"to": [ 6.1, 1.0, 0.9 ],
					"rotationOrigin": [ -0.4, 0.0, -0.4 ],
					"rotationX": 5.0,
					"rotationY": -2.0,
					"faces": {
						"north": { "texture": "#side", "uv": [ 0.0, 0.0, 6.5, 1.0 ] },
						"south": { "texture": "#side", "uv": [ 0.0, 0.0, 6.5, 1.0 ] },
						"west": { "texture": "#side", "uv": [ 0.5, 14.0, 1.5, 15.0 ] },
						"up": { "texture": "#side", "uv": [ 0.0, 0.0, 6.5, 1.0 ] },
						"down": { "texture": "#side", "uv": [ 0.0, 0.0, 6.5, 1.0 ] }
					}
				},
				{
					"name": "Cube2",
					"from": [ -0.2, 0.0, 1.8 ],
					"to": [ 5.0, 1.1, 2.8 ],
					"rotationOrigin": [ -0.2, 0.0, 1.8 ],
					"rotationX": 12.0,
					"rotationY": 2.0,
					"faces": {
						"north": { "texture": "#side", "uv": [ 0.0, 2.0, 5.0, 3.0 ] },
						"south": { "texture": "#side", "uv": [ 0.0, 2.0, 5.0, 3.0 ] },
						"west": { "texture": "#side", "uv": [ 1.0, 14.0, 2.0, 15.0 ] },
						"up": { "texture": "#side", "uv": [ 0.0, 2.0, 5.0, 3.0 ] },
						"down": { "texture": "#side", "uv": [ 0.0, 2.0, 5.0, 3.0 ] }
					}
				},
				{
					"name": "Cube3",
					"from": [ -0.5, 0.0, 3.8 ],
					"to": [ 5.55, 1.0, 4.8 ],
					"rotationOrigin": [ -0.5, 0.0, 3.8 ],
					"rotationX": -2.0,
					"rotationY": -3.0,
					"faces": {
						"north": { "texture": "#side", "uv": [ 0.0, 4.0, 6.0, 5.0 ] },
						"south": { "texture": "#side", "uv": [ 0.0, 4.0, 6.0, 5.0 ] },
						"west": { "texture": "#side", "uv": [ 0.5, 14.5, 1.5, 15.5 ] },
						"up": { "texture": "#side", "uv": [ 0.0, 4.0, 6.0, 5.0 ] },
						"down": { "texture": "#side", "uv": [ 0.0, 4.0, 6.0, 5.0 ] }
					}
				},
				{
					"name": "Cube4",
					"from": [ -0.3, 0.0, 5.7 ],
					"to": [ 6.7, 1.0, 6.74 ],
					"rotationOrigin": [ -0.3, 0.0, 5.7 ],
					"rotationX": 14.0,
					"rotationY": 2.0,
					"faces": {
						"north": { "texture": "#side", "uv": [ 0.0, 6.0, 7.0, 7.0 ] },
						"south": { "texture": "#side", "uv": [ 0.0, 6.0, 7.0, 7.0 ] },
						"west": { "texture": "#side", "uv": [ 0.0, 14.0, 1.0, 15.0 ] },
						"up": { "texture": "#side", "uv": [ 0.0, 6.0, 7.0, 7.0 ] },
						"down": { "texture": "#side", "uv": [ 1.0, 4.0, 8.0, 5.0 ] }
					}
				},
				{
					"name": "Cube5",
					"from": [ -0.7, 0.0, 7.9 ],
					"to": [ 5.4, 1.0, 8.4 ],
					"rotationOrigin": [ -0.7, 0.0, 7.9 ],
					"rotationX": 3.0,
					"rotationY": 4.0,
					"faces": {
						"north": { "texture": "#side", "uv": [ 0.0, 8.0, 6.0, 9.0 ] },
						"south": { "texture": "#side", "uv": [ 0.0, 8.0, 6.0, 9.0 ] },
						"west": { "texture": "#side", "uv": [ 1.0, 15.0, 1.5, 16.0 ] },
						"up": { "texture": "#side", "uv": [ 0.0, 8.0, 6.0, 8.5 ] },
						"down": { "texture": "#side", "uv": [ 0.0, 8.0, 6.0, 8.5 ] }
					}
				},
				{
					"name": "Cube6",
					"from": [ -0.3, 0.0, 9.1 ],
					"to": [ 5.0, 1.0, 10.1 ],
					"rotationOrigin": [ -0.3, 0.0, 9.5 ],
					"rotationX": 18.0,
					"rotationY": -1.0,
					"faces": {
						"north": { "texture": "#side", "uv": [ 0.0, 10.0, 5.0, 11.0 ] },
						"south": { "texture": "#side", "uv": [ 0.0, 10.0, 5.0, 11.0 ] },
						"west": { "texture": "#side", "uv": [ 0.0, 15.0, 1.0, 16.0 ] },
						"up": { "texture": "#side", "uv": [ 0.0, 10.0, 5.0, 11.0 ] },
						"down": { "texture": "#side", "uv": [ 0.0, 10.0, 5.0, 11.0 ] }
					}
				},
				{
					"name": "Cube7",
					"from": [ -0.5, 0.0, 11.4 ],
					"to": [ 7.0, 1.0, 12.4 ],
					"rotationOrigin": [ -0.5, 0.0, 11.4 ],
					"rotationX": -6.0,
					"rotationY": 2.0,
					"faces": {
						"north": { "texture": "#side", "uv": [ 0.0, 12.0, 7.5, 13.0 ] },
						"south": { "texture": "#side", "uv": [ 0.0, 12.0, 7.5, 13.0 ] },
						"west": { "texture": "#side", "uv": [ 0.5, 15.0, 1.5, 16.0 ] },
						"up": { "texture": "#side", "uv": [ 0.0, 12.0, 7.5, 13.0 ] },
						"down": { "texture": "#side", "uv": [ 0.0, 12.0, 7.5, 13.0 ] }
					}
				},
				{
					"name": "Cube8",
					"from": [ -0.2, 0.0, 14.1 ],
					"to": [ 6.0, 1.0, 15.1 ],
					"rotationOrigin": [ -0.2, 0.0, 14.1 ],
					"rotationX": 6.0,
					"rotationY": 1.0,
					"faces": {
						"north": { "texture": "#side", "uv": [ 2.5, 12.5, 8.5, 13.5 ] },
						"east": { "texture": "#side", "uv": [ 0.0, 14.0, 1.0, 15.0 ] },
						"south": { "texture": "#side", "uv": [ 4.0, 13.0, 10.0, 14.0 ] },
						"west": { "texture": "#side", "uv": [ 0.0, 14.0, 1.0, 15.0 ] },
						"up": { "texture": "#side", "uv": [ 3.5, 9.5, 9.5, 10.5 ] },
						"down": { "texture": "#side", "uv": [ 5.5, 8.5, 11.5, 9.5 ] }
					}
				},
				{
					"name": "Cube9",
					"from": [ 5.9, 0.0, 0.25 ],
					"to": [ 11.92, 1.0, 1.25 ],
					"rotationOrigin": [ 6.0, 0.0, 0.0 ],
					"rotationX": 4.0,
					"rotationY": 3.0,
					"faces": {
						"north": { "texture": "#side", "uv": [ 6.0, 0.0, 12.0, 1.0 ] },
						"south": { "texture": "#side", "uv": [ 6.0, 0.0, 12.0, 1.0 ] },
						"up": { "texture": "#side", "uv": [ 6.0, 0.0, 12.0, 1.0 ] },
						"down": { "texture": "#side", "uv": [ 6.0, 0.0, 12.0, 1.0 ] }
					}
				},
				{
					"name": "Cube10",
					"from": [ 4.97, -0.1, 1.8 ],
					"to": [ 10.97, 1.0, 2.8 ],
					"rotationOrigin": [ 5.0, 0.0, 1.8 ],
					"rotationX": -3.0,
					"rotationY": -2.0,
					"faces": {
						"north": { "texture": "#side", "uv": [ 5.0, 2.0, 11.0, 3.0 ] },
						"south": { "texture": "#side", "uv": [ 5.0, 2.0, 11.0, 3.0 ] },
						"up": { "texture": "#side", "uv": [ 5.0, 2.0, 11.0, 3.0 ] },
						"down": { "texture": "#side", "uv": [ 5.0, 2.0, 11.0, 3.0 ] }
					}
				},
				{
					"name": "Cube11",
					"from": [ 5.4, -0.1, 4.15 ],
					"to": [ 11.4, 0.9, 5.15 ],
					"rotationOrigin": [ 5.0, 0.0, 3.8 ],
					"rotationX": -9.0,
					"rotationY": 3.0,
					"faces": {
						"north": { "texture": "#side", "uv": [ 5.0, 4.0, 11.0, 5.0 ] },
						"south": { "texture": "#side", "uv": [ 5.0, 4.0, 11.0, 5.0 ] },
						"up": { "texture": "#side", "uv": [ 4.5, 5.0, 10.5, 6.0 ] },
						"down": { "texture": "#side", "uv": [ 5.0, 4.0, 11.0, 5.0 ] }
					}
				},
				{
					"name": "Cube12",
					"from": [ 6.6, 0.0, 5.5 ],
					"to": [ 12.6, 1.0, 6.54 ],
					"rotationOrigin": [ 7.0, 0.0, 5.7 ],
					"rotationX": 12.0,
					"faces": {
						"north": { "texture": "#side", "uv": [ 6.5, 6.0, 12.5, 7.0 ] },
						"south": { "texture": "#side", "uv": [ 6.5, 6.0, 12.5, 7.0 ] },
						"up": { "texture": "#side", "uv": [ 6.5, 6.0, 12.5, 7.0 ] },
						"down": { "texture": "#side", "uv": [ 2.5, 6.0, 8.5, 7.0 ] }
					}
				},
				{
					"name": "Cube13",
					"from": [ 5.4, 0.0, 7.5 ],
					"to": [ 9.4, 1.0, 8.1 ],
					"rotationOrigin": [ 6.0, 0.0, 7.9 ],
					"rotationX": 6.0,
					"faces": {
						"north": { "texture": "#side", "uv": [ 6.0, 8.0, 10.0, 9.0 ] },
						"south": { "texture": "#side", "uv": [ 6.0, 8.0, 10.0, 9.0 ] },
						"up": { "texture": "#side", "uv": [ 4.0, 6.0, 8.0, 6.5 ] },
						"down": { "texture": "#side", "uv": [ 6.0, 8.0, 10.0, 8.5 ] }
					}
				},
				{
					"name": "Cube14",
					"from": [ 4.96, -0.1, 9.4 ],
					"to": [ 11.0, 0.9, 10.44 ],
					"rotationOrigin": [ 5.0, 0.0, 9.5 ],
					"rotationX": -4.0,
					"faces": {
						"north": { "texture": "#side", "uv": [ 5.0, 10.0, 11.0, 11.0 ] },
						"south": { "texture": "#side", "uv": [ 5.0, 10.0, 11.0, 11.0 ] },
						"up": { "texture": "#side", "uv": [ 5.0, 10.0, 11.0, 11.0 ] },
						"down": { "texture": "#side", "uv": [ 5.0, 10.0, 11.0, 11.0 ] }
					}
				},
				{
					"name": "Cube15",
					"from": [ 7.0, 0.0, 11.1 ],
					"to": [ 13.0, 1.0, 12.1 ],
					"rotationOrigin": [ 7.0, 0.0, 11.4 ],
					"rotationX": 8.0,
					"faces": {
						"north": { "texture": "#side", "uv": [ 7.5, 12.0, 13.5, 13.0 ] },
						"south": { "texture": "#side", "uv": [ 7.5, 12.0, 13.5, 13.0 ] },
						"up": { "texture": "#side", "uv": [ 7.5, 12.0, 13.5, 13.0 ] },
						"down": { "texture": "#side", "uv": [ 7.5, 12.0, 13.5, 13.0 ] }
					}
				},
				{
					"name": "Cube16",
					"from": [ 6.0, -0.08, 14.1 ],
					"to": [ 12.0, 0.92, 15.1 ],
					"rotationOrigin": [ 6.0, 0.0, 14.1 ],
					"rotationX": -3.0,
					"faces": {
						"north": { "texture": "#side", "uv": [ 6.0, 14.0, 12.0, 15.0 ] },
						"south": { "texture": "#side", "uv": [ 6.0, 14.0, 12.0, 15.0 ] },
						"up": { "texture": "#side", "uv": [ 7.5, 13.0, 13.5, 14.0 ] },
						"down": { "texture": "#side", "uv": [ 6.0, 14.0, 12.0, 15.0 ] }
					}
				},
				{
					"name": "Cube17",
					"from": [ 11.9, 0.0, -0.1 ],
					"to": [ 16.4, 1.0, 0.9 ],
					"rotationOrigin": [ 11.9, 0.0, 0.0 ],
					"rotationX": 2.0,
					"rotationY": 1.0,
					"faces": {
						"north": { "texture": "#side", "uv": [ 6.0, 2.0, 10.5, 3.0 ] },
						"east": { "texture": "#side", "uv": [ 0.5, 14.5, 1.5, 15.5 ] },
						"south": { "texture": "#side", "uv": [ 7.0, 3.0, 11.5, 4.0 ] },
						"up": { "texture": "#side", "uv": [ 4.0, 3.0, 8.5, 4.0 ] },
						"down": { "texture": "#side", "uv": [ 6.0, 0.5, 10.5, 1.5 ] }
					}
				},
				{
					"name": "Cube18",
					"from": [ 10.9, 0.0, 1.9 ],
					"to": [ 16.1, 1.1, 2.9 ],
					"rotationOrigin": [ 10.9, 0.0, 1.9 ],
					"rotationX": 5.0,
					"rotationY": 2.0,
					"faces": {
						"north": { "texture": "#side", "uv": [ 0.0, 2.0, 5.0, 3.0 ] },
						"east": { "texture": "#side", "uv": [ 0.5, 14.0, 1.5, 15.0 ] },
						"south": { "texture": "#side", "uv": [ 0.0, 2.0, 5.0, 3.0 ] },
						"up": { "texture": "#side", "uv": [ 0.0, 2.0, 5.0, 3.0 ] },
						"down": { "texture": "#side", "uv": [ 0.0, 2.0, 5.0, 3.0 ] }
					}
				},
				{
					"name": "Cube19",
					"from": [ 11.4, 0.0, 3.7 ],
					"to": [ 17.0, 1.0, 4.7 ],
					"rotationOrigin": [ 12.0, 0.0, 3.7 ],
					"rotationX": 12.0,
					"rotationY": -1.0,
					"faces": {
						"north": { "texture": "#side", "uv": [ 0.0, 4.0, 5.5, 5.0 ] },
						"east": { "texture": "#side", "uv": [ 1.0, 14.5, 2.0, 15.5 ] },
						"south": { "texture": "#side", "uv": [ 0.0, 4.0, 5.5, 5.0 ] },
						"up": { "texture": "#side", "uv": [ 0.0, 4.0, 5.5, 5.0 ] },
						"down": { "texture": "#side", "uv": [ 0.0, 4.0, 5.5, 5.0 ] }
					}
				},
				{
					"name": "Cube20",
					"from": [ 12.6, 0.0, 5.6 ],
					"to": [ 16.22, 1.0, 6.64 ],
					"rotationOrigin": [ 13.0, 0.0, 5.6 ],
					"rotationX": 2.0,
					"rotationY": -2.0,
					"faces": {
						"north": { "texture": "#side", "uv": [ 2.0, 12.5, 5.5, 13.5 ] },
						"east": { "texture": "#side", "uv": [ 0.0, 14.0, 1.0, 15.0 ] },
						"south": { "texture": "#side", "uv": [ 2.5, 12.0, 6.0, 13.0 ] },
						"up": { "texture": "#side", "uv": [ 2.5, 8.5, 6.0, 9.5 ] },
						"down": { "texture": "#side", "uv": [ 5.5, 12.5, 9.0, 13.5 ] }
					}
				},
				{
					"name": "Cube21",
					"from": [ 9.3, 0.0, 7.6 ],
					"to": [ 16.8, 1.0, 8.1 ],
					"rotationOrigin": [ 9.3, 0.0, 7.6 ],
					"rotationX": -2.0,
					"rotationY": -2.0,
					"faces": {
						"north": { "texture": "#side", "uv": [ 0.0, 8.0, 7.5, 9.0 ] },
						"east": { "texture": "#side", "uv": [ 1.0, 15.0, 1.5, 16.0 ] },
						"south": { "texture": "#side", "uv": [ 0.0, 8.0, 7.5, 9.0 ] },
						"up": { "texture": "#side", "uv": [ 0.0, 8.0, 7.5, 8.5 ] },
						"down": { "texture": "#side", "uv": [ 0.0, 8.0, 7.5, 8.5 ] }
					}
				},
				{
					"name": "Cube22",
					"from": [ 10.97, -0.1, 9.4 ],
					"to": [ 16.5, 0.9, 10.43 ],
					"rotationOrigin": [ 11.0, -0.1, 9.8 ],
					"rotationX": -4.0,
					"rotationY": 2.0,
					"faces": {
						"north": { "texture": "#side", "uv": [ 0.0, 10.0, 5.5, 11.0 ] },
						"east": { "texture": "#side", "uv": [ 0.5, 15.0, 1.5, 16.0 ] },
						"south": { "texture": "#side", "uv": [ 0.0, 10.0, 5.5, 11.0 ] },
						"up": { "texture": "#side", "uv": [ 0.0, 10.0, 5.5, 11.0 ] },
						"down": { "texture": "#side", "uv": [ 0.0, 10.0, 5.5, 11.0 ] }
					}
				},
				{
					"name": "Cube23",
					"from": [ 13.0, -0.05, 11.15 ],
					"to": [ 17.0, 0.95, 12.15 ],
					"rotationOrigin": [ 13.0, -0.1, 11.1 ],
					"rotationX": 3.0,
					"rotationY": -3.0,
					"faces": {
						"north": { "texture": "#side", "uv": [ 0.0, 12.0, 4.0, 13.0 ] },
						"east": { "texture": "#side", "uv": [ 0.0, 14.5, 1.0, 15.5 ] },
						"south": { "texture": "#side", "uv": [ 0.0, 12.0, 4.0, 13.0 ] },
						"up": { "texture": "#side", "uv": [ 0.0, 12.0, 4.0, 13.0 ] },
						"down": { "texture": "#side", "uv": [ 0.0, 12.0, 4.0, 13.0 ] }
					}
				},
				{
					"name": "Cube24",
					"from": [ 11.95, 0.0, 14.1 ],
					"to": [ 16.4, 1.0, 15.1 ],
					"rotationOrigin": [ 12.0, 0.0, 14.1 ],
					"rotationX": 3.0,
					"rotationY": 1.0,
					"faces": {
						"north": { "texture": "#side", "uv": [ 0.0, 0.0, 4.0, 1.0 ] },
						"east": { "texture": "#side", "uv": [ 0.0, 14.5, 1.0, 15.5 ] },
						"south": { "texture": "#side", "uv": [ 0.0, 0.0, 4.0, 1.0 ] },
						"west": { "texture": "#side", "uv": [ 0.0, 0.0, 1.0, 1.0 ] },
						"up": { "texture": "#side", "uv": [ 1.5, 0.0, 5.5, 1.0 ] },
						"down": { "texture": "#side", "uv": [ 0.0, 0.0, 4.0, 1.0 ] }
					}
				},
				{
					"name": "Cube26",
					"from": [ -0.5, 0.0, 12.8 ],
					"to": [ 6.0, 0.67, 13.4 ],
					"rotationOrigin": [ -0.5, 0.0, 12.7 ],
					"rotationX": -1.0,
					"rotationY": 2.0,
					"faces": {
						"north": { "texture": "#side", "uv": [ 0.0, 12.0, 6.5, 12.5 ] },
						"south": { "texture": "#side", "uv": [ 0.0, 12.0, 6.5, 12.5 ] },
						"west": { "texture": "#side", "uv": [ 0.5, 15.0, 1.0, 15.5 ] },
						"up": { "texture": "#side", "uv": [ 0.0, 12.0, 6.5, 12.5 ] },
						"down": { "texture": "#side", "uv": [ 0.0, 12.0, 6.5, 12.5 ] }
					}
				},
				{
					"name": "Cube27",
					"from": [ 5.9, 0.0, 12.54 ],
					"to": [ 12.4, 0.67, 13.14 ],
					"rotationOrigin": [ 5.7, 0.0, 12.7 ],
					"rotationX": 3.0,
					"rotationY": -2.0,
					"faces": {
						"north": { "texture": "#side", "uv": [ 0.0, 12.0, 6.5, 12.5 ] },
						"south": { "texture": "#side", "uv": [ 0.0, 12.0, 6.5, 12.5 ] },
						"up": { "texture": "#side", "uv": [ 0.0, 12.0, 6.5, 12.5 ] },
						"down": { "texture": "#side", "uv": [ 0.0, 12.0, 6.5, 12.5 ] }
					}
				},
				{
					"name": "Cube28",
					"from": [ 12.32, 0.0, 12.8 ],
					"to": [ 17.32, 0.67, 13.4 ],
					"rotationOrigin": [ 12.2, 0.0, 12.9 ],
					"rotationX": 3.0,
					"rotationY": 2.0,
					"faces": {
						"north": { "texture": "#side", "uv": [ 0.0, 12.0, 5.0, 12.5 ] },
						"east": { "texture": "#side", "uv": [ 0.0, 14.5, 0.5, 15.0 ] },
						"south": { "texture": "#side", "uv": [ 0.0, 12.0, 5.0, 12.5 ] },
						"up": { "texture": "#side", "uv": [ 0.0, 12.0, 5.0, 12.5 ] },
						"down": { "texture": "#side", "uv": [ 0.0, 12.0, 5.0, 12.5 ] }
					}
				}
			]
		},
		{
			"name": "legsbottom",
			"from": [ 0.0, 0.0, 0.0 ],
			"to": [ 2.0, 16.0, 2.0 ],
			"faces": {
				"north": { "texture": "#legs", "uv": [ 0.0, 0.0, 2.0, 16.0 ] },
				"east": { "texture": "#legs", "uv": [ 0.0, 0.0, 2.0, 16.0 ] },
				"south": { "texture": "#legs", "uv": [ 0.0, 0.0, 2.0, 16.0 ] },
				"west": { "texture": "#legs", "uv": [ 0.0, 0.0, 2.0, 16.0 ] },
				"up": { "texture": "#legs", "uv": [ 0.0, 0.0, 2.0, 2.0 ] },
				"down": { "texture": "#legs", "uv": [ 0.0, 0.0, 2.0, 2.0 ] }
			},
			"children": [
				{
					"name": "Cube29",
					"from": [ 14.0, 0.0, 14.0 ],
					"to": [ 16.0, 16.0, 16.0 ],
					"rotationOrigin": [ 15.0, 0.0, 14.0 ],
					"faces": {
						"north": { "texture": "#legs", "uv": [ 0.0, 0.0, 2.0, 16.0 ] },
						"east": { "texture": "#legs", "uv": [ 0.0, 0.0, 2.0, 16.0 ] },
						"south": { "texture": "#legs", "uv": [ 0.0, 0.0, 2.0, 16.0 ] },
						"west": { "texture": "#legs", "uv": [ 0.0, 0.0, 2.0, 16.0 ] },
						"up": { "texture": "#legs", "uv": [ 0.0, 0.0, 2.0, 2.0 ] },
						"down": { "texture": "#legs", "uv": [ 0.0, 0.0, 2.0, 2.0 ] }
					}
				},
				{
					"name": "Cube30",
					"from": [ 0.0, 0.0, 14.0 ],
					"to": [ 2.0, 16.0, 16.0 ],
					"rotationOrigin": [ 0.0, 0.0, 14.0 ],
					"faces": {
						"north": { "texture": "#legs", "uv": [ 0.0, 0.0, 2.0, 16.0 ] },
						"east": { "texture": "#legs", "uv": [ 0.0, 0.0, 2.0, 16.0 ] },
						"south": { "texture": "#legs", "uv": [ 0.0, 0.0, 2.0, 16.0 ] },
						"west": { "texture": "#legs", "uv": [ 0.0, 0.0, 2.0, 16.0 ] },
						"up": { "texture": "#legs", "uv": [ 0.0, 0.0, 2.0, 2.0 ] },
						"down": { "texture": "#legs", "uv": [ 0.0, 0.0, 2.0, 2.0 ] }
					}
				},
				{
					"name": "Cube31",
					"from": [ 14.0, 0.0, 0.0 ],
					"to": [ 16.0, 16.0, 2.0 ],
					"rotationOrigin": [ 14.0, 0.0, 0.0 ],
					"faces": {
						"north": { "texture": "#legs", "uv": [ 0.0, 0.0, 2.0, 16.0 ] },
						"east": { "texture": "#legs", "uv": [ 0.0, 0.0, 2.0, 16.0 ] },
						"south": { "texture": "#legs", "uv": [ 0.0, 0.0, 2.0, 16.0 ] },
						"west": { "texture": "#legs", "uv": [ 0.0, 0.0, 2.0, 16.0 ] },
						"up": { "texture": "#legs", "uv": [ 0.0, 0.0, 2.0, 2.0 ] },
						"down": { "texture": "#legs", "uv": [ 0.0, 0.0, 2.0, 2.0 ] }
					}
				}
			]
		},
		{
			"name": "Cube25",
			"from": [ 1.4, 5.0, -0.4997 ],
			"to": [ 18.4, 6.0, 0.5003 ],
			"rotationOrigin": [ 1.4, 1.0, -0.5 ],
			"rotationY": -89.98,
			"faces": {
				"north": { "texture": "#legs", "uv": [ 0.0, 0.0, 16.0, 1.0 ], "autoUv": false },
				"east": { "texture": "#legs", "uv": [ 0.0, 0.0, 1.0, 1.0 ] },
				"south": { "texture": "#legs", "uv": [ 0.0, 0.0, 16.0, 1.0 ], "autoUv": false },
				"west": { "texture": "#legs", "uv": [ 0.0, 0.0, 1.0, 1.0 ] },
				"up": { "texture": "#legs", "uv": [ 0.0, 0.0, 16.0, 1.0 ], "autoUv": false },
				"down": { "texture": "#legs", "uv": [ 0.0, 0.0, 16.0, 1.0 ], "autoUv": false }
			},
			"children": [
				{
					"name": "Cube32",
					"from": [ 0.0049, 0.0, -14.1 ],
					"to": [ 17.0049, 1.0, -13.1 ],
					"rotationOrigin": [ 0.0049, 0.0, -14.1003 ],
					"faces": {
						"north": { "texture": "#legs", "uv": [ 0.0, 0.0, 16.0, 1.0 ], "autoUv": false },
						"east": { "texture": "#legs", "uv": [ 0.0, 0.0, 1.0, 1.0 ] },
						"south": { "texture": "#legs", "uv": [ 0.0, 0.0, 16.0, 1.0 ], "autoUv": false },
						"west": { "texture": "#legs", "uv": [ 0.0, 0.0, 1.0, 1.0 ] },
						"up": { "texture": "#legs", "uv": [ 0.0, 0.0, 16.0, 1.0 ], "autoUv": false },
						"down": { "texture": "#legs", "uv": [ 0.0, 0.0, 16.0, 1.0 ], "autoUv": false }
					}
				}
			]
		},
		{
			"name": "legstop",
			"from": [ 0.0, 16.0, 0.0 ],
			"to": [ 2.0, 27.0, 2.0 ],
			"rotationOrigin": [ 0.0, 21.0, 0.0 ],
			"faces": {
				"north": { "texture": "#legs", "uv": [ 0.0, 0.0, 2.0, 11.0 ] },
				"east": { "texture": "#legs", "uv": [ 0.0, 0.0, 2.0, 11.0 ] },
				"south": { "texture": "#legs", "uv": [ 0.0, 0.0, 2.0, 11.0 ] },
				"west": { "texture": "#legs", "uv": [ 0.0, 0.0, 2.0, 11.0 ] },
				"up": { "texture": "#legs", "uv": [ 0.0, 0.0, 2.0, 2.0 ] },
				"down": { "texture": "#legs", "uv": [ 0.0, 0.0, 2.0, 2.0 ] }
			},
			"children": [
				{
					"name": "Cube33",
					"from": [ 14.0, 0.0, 14.0 ],
					"to": [ 16.0, 11.0, 16.0 ],
					"rotationOrigin": [ 15.0, 0.0, 14.0 ],
					"faces": {
						"north": { "texture": "#legs", "uv": [ 0.0, 0.0, 2.0, 11.0 ] },
						"east": { "texture": "#legs", "uv": [ 0.0, 0.0, 2.0, 11.0 ] },
						"south": { "texture": "#legs", "uv": [ 0.0, 0.0, 2.0, 11.0 ] },
						"west": { "texture": "#legs", "uv": [ 0.0, 0.0, 2.0, 11.0 ] },
						"up": { "texture": "#legs", "uv": [ 0.0, 0.0, 2.0, 2.0 ] },
						"down": { "texture": "#legs", "uv": [ 0.0, 0.0, 2.0, 2.0 ] }
					}
				},
				{
					"name": "Cube34",
					"from": [ 0.0, 0.0, 14.0 ],
					"to": [ 2.0, 11.0, 16.0 ],
					"rotationOrigin": [ 0.0, 0.0, 14.0 ],
					"faces": {
						"north": { "texture": "#legs", "uv": [ 0.0, 0.0, 2.0, 11.0 ] },
						"east": { "texture": "#legs", "uv": [ 0.0, 0.0, 2.0, 11.0 ] },
						"south": { "texture": "#legs", "uv": [ 0.0, 0.0, 2.0, 11.0 ] },
						"west": { "texture": "#legs", "uv": [ 0.0, 0.0, 2.0, 11.0 ] },
						"up": { "texture": "#legs", "uv": [ 0.0, 0.0, 2.0, 2.0 ] },
						"down": { "texture": "#legs", "uv": [ 0.0, 0.0, 2.0, 2.0 ] }
					}
				},
				{
					"name": "Cube35",
					"from": [ 14.0, 0.0, 0.0 ],
					"to": [ 16.0, 11.0, 2.0 ],
					"rotationOrigin": [ 14.0, 0.0, 0.0 ],
					"faces": {
						"north": { "texture": "#legs", "uv": [ 0.0, 0.0, 2.0, 11.0 ] },
						"east": { "texture": "#legs", "uv": [ 0.0, 0.0, 2.0, 11.0 ] },
						"south": { "texture": "#legs", "uv": [ 0.0, 0.0, 2.0, 11.0 ] },
						"west": { "texture": "#legs", "uv": [ 0.0, 0.0, 2.0, 11.0 ] },
						"up": { "texture": "#legs", "uv": [ 0.0, 0.0, 2.0, 2.0 ] },
						"down": { "texture": "#legs", "uv": [ 0.0, 0.0, 2.0, 2.0 ] }
					}
				}
			]
		},
		{
			"name": "shelfbot",
			"from": [ 1.0, 16.0, 1.0 ],
			"to": [ 15.0, 18.0, 15.0 ],
			"rotationOrigin": [ 1.0, 16.0, 1.0 ],
			"faces": {
				"north": { "texture": "#surface", "uv": [ 0.0, 0.0, 14.0, 2.0 ] },
				"east": { "texture": "#surface", "uv": [ 0.0, 0.0, 14.0, 2.0 ] },
				"south": { "texture": "#surface", "uv": [ 0.0, 0.0, 14.0, 2.0 ] },
				"west": { "texture": "#surface", "uv": [ 0.0, 0.0, 14.0, 2.0 ] },
				"up": { "texture": "#surface", "uv": [ 0.0, 0.0, 14.0, 14.0 ] },
				"down": { "texture": "#surface", "uv": [ 0.0, 0.0, 14.0, 14.0 ] }
			}
		},
		{
			"name": "shelftop",
			"from": [ 1.0, 24.0, 1.0 ],
			"to": [ 15.0, 26.0, 15.0 ],
			"rotationOrigin": [ 1.0, 24.0, 1.0 ],
			"faces": {
				"north": { "texture": "#surface", "uv": [ 0.0, 0.0, 14.0, 2.0 ] },
				"east": { "texture": "#surface", "uv": [ 0.0, 0.0, 14.0, 2.0 ] },
				"south": { "texture": "#surface", "uv": [ 0.0, 0.0, 14.0, 2.0 ] },
				"west": { "texture": "#surface", "uv": [ 0.0, 0.0, 14.0, 2.0 ] },
				"up": { "texture": "#surface", "uv": [ 0.0, 0.0, 14.0, 14.0 ] },
				"down": { "texture": "#surface", "uv": [ 0.0, 0.0, 14.0, 14.0 ] }
			}
		},
		{
			"name": "floor",
			"from": [ 9.0, 6.7, 3.0 ],
			"to": [ 13.0, 12.7, 7.0 ],
			"rotationOrigin": [ 3.0, 6.7, -3.0 ],
			"faces": {
				"north": { "texture": "#square1", "uv": [ 8.0, 4.0, 12.0, 10.0 ] },
				"east": { "texture": "#square1", "uv": [ 5.0, 3.0, 9.0, 9.0 ] },
				"south": { "texture": "#square1", "uv": [ 2.0, 6.0, 6.0, 12.0 ] },
				"west": { "texture": "#square1", "uv": [ 6.0, 5.0, 10.0, 11.0 ] },
				"up": { "texture": "#square1", "uv": [ 12.0, 0.0, 16.0, 4.0 ] },
				"down": { "texture": "#square1", "uv": [ 0.0, 0.0, 4.0, 4.0 ] }
			},
			"children": [
				{
					"name": "N",
					"from": [ 0.0, 0.0, -1.0 ],
					"to": [ 4.0, 5.0, 0.0 ],
					"faces": {
						"north": { "texture": "#square1", "uv": [ 6.0, 11.0, 10.0, 16.0 ] },
						"east": { "texture": "#square1", "uv": [ 4.0, 11.0, 5.0, 16.0 ] },
						"west": { "texture": "#square1", "uv": [ 6.0, 11.0, 7.0, 16.0 ] },
						"up": { "texture": "#square1", "uv": [ 4.0, 5.0, 8.0, 6.0 ] },
						"down": { "texture": "#square1", "uv": [ 3.0, 15.0, 7.0, 16.0 ] }
					}
				},
				{
					"name": "S",
					"from": [ 0.0, 0.0, 4.0 ],
					"to": [ 4.0, 5.0, 5.0 ],
					"faces": {
						"east": { "texture": "#square1", "uv": [ 0.0, 11.0, 1.0, 16.0 ] },
						"south": { "texture": "#square1", "uv": [ 2.0, 11.0, 6.0, 16.0 ] },
						"west": { "texture": "#square1", "uv": [ 6.0, 11.0, 7.0, 16.0 ] },
						"up": { "texture": "#square1", "uv": [ 2.0, 6.0, 6.0, 7.0 ] },
						"down": { "texture": "#square1", "uv": [ 3.0, 15.0, 7.0, 16.0 ] }
					}
				},
				{
					"name": "W",
					"from": [ -1.0, 0.0, 0.0 ],
					"to": [ 0.0, 5.0, 4.0 ],
					"faces": {
						"north": { "texture": "#square1", "uv": [ 12.0, 11.0, 13.0, 16.0 ] },
						"south": { "texture": "#square1", "uv": [ 6.0, 11.0, 7.0, 16.0 ] },
						"west": { "texture": "#square1", "uv": [ 3.0, 11.0, 7.0, 16.0 ] },
						"up": { "texture": "#square1", "uv": [ 9.0, 3.0, 10.0, 7.0 ] },
						"down": { "texture": "#square1", "uv": [ 4.0, 15.0, 8.0, 16.0 ], "rotation": 90 }
					}
				},
				{
					"name": "E",
					"from": [ 4.0, 0.0, 0.0 ],
					"to": [ 5.0, 5.0, 4.0 ],
					"faces": {
						"north": { "texture": "#square1", "uv": [ 12.0, 11.0, 13.0, 16.0 ] },
						"east": { "texture": "#square1", "uv": [ 6.0, 11.0, 10.0, 16.0 ] },
						"south": { "texture": "#square1", "uv": [ 8.0, 11.0, 9.0, 16.0 ] },
						"up": { "texture": "#square1", "uv": [ 8.0, 2.0, 9.0, 6.0 ] },
						"down": { "texture": "#square1", "uv": [ 2.0, 15.0, 6.0, 16.0 ], "rotation": 90 }
					}
				},
				{
					"name": "top",
					"from": [ 1.5, 6.0, 1.5 ],
					"to": [ 2.5, 7.0, 2.5 ],
					"faces": {
						"north": { "texture": "#square1", "uv": [ 2.0, 15.0, 3.0, 16.0 ] },
						"east": { "texture": "#square1", "uv": [ 9.0, 15.0, 10.0, 16.0 ] },
						"south": { "texture": "#square1", "uv": [ 9.0, 15.0, 10.0, 16.0 ] },
						"west": { "texture": "#square1", "uv": [ 12.0, 15.0, 13.0, 16.0 ] },
						"up": { "texture": "#square1", "uv": [ 3.0, 15.0, 4.0, 16.0 ] },
						"down": { "texture": "#square1", "uv": [ 5.0, 15.0, 6.0, 16.0 ] }
					},
					"children": [
						{
							"name": "Cube1",
							"from": [ 0.5, -1.0, -2.0 ],
							"to": [ 0.5, 3.0, 3.0 ],
							"rotationOrigin": [ 0.5, 0.0, 0.0 ],
							"rotationZ": -22.5,
							"faces": {
								"west": { "texture": "#square1", "uv": [ 5.0, 0.0, 10.0, 4.0 ] }
							}
						},
						{
							"name": "Cube8",
							"from": [ -2.0, -1.0, 0.5 ],
							"to": [ 3.0, 3.0, 0.5 ],
							"rotationOrigin": [ 0.0, 0.0, 0.5 ],
							"rotationX": -22.5,
							"faces": {
								"north": { "texture": "#square1", "uv": [ 0.0, 0.0, 5.0, 4.0 ] }
							}
						},
						{
							"name": "Cube9",
							"from": [ 0.5, -1.0, -2.0 ],
							"to": [ 0.5, 3.0, 3.0 ],
							"rotationOrigin": [ 0.5, 0.0, 0.0 ],
							"rotationZ": 22.5,
							"faces": {
								"west": { "texture": "#square1", "uv": [ 5.0, 0.0, 10.0, 4.0 ] }
							}
						}
					]
				}
			]
		},
		{
			"name": "W",
			"from": [ 5.0, 6.8, 11.0 ],
			"to": [ 6.0, 11.8, 17.0 ],
			"rotationOrigin": [ 12.0, 3.8, 6.0 ],
			"rotationY": -45.0,
			"faces": {
				"east": { "texture": "#normal-westeast", "uv": [ 4.5, 2.0, 10.5, 7.0 ] },
				"west": { "texture": "#normal-westeast", "uv": [ 5.0, 10.0, 11.0, 15.0 ] },
				"up": { "texture": "#normal-westeast", "uv": [ 0.0, 0.0, 6.0, 1.0 ], "rotation": 270 },
				"down": { "texture": "#normal-westeast", "uv": [ 2.0, 2.5, 8.0, 3.5 ], "rotation": 90 }
			},
			"children": [
				{
					"name": "handle W",
					"from": [ 0.5, 1.0, 2.5 ],
					"to": [ 1.5, 8.0, 3.5 ],
					"faces": {
						"north": { "texture": "#normal-westeast", "uv": [ 4.0, 5.0, 5.0, 12.0 ] },
						"east": { "texture": "#normal-westeast", "uv": [ 4.0, 6.0, 5.0, 13.0 ] },
						"south": { "texture": "#normal-westeast", "uv": [ 4.0, 9.0, 5.0, 16.0 ] },
						"west": { "texture": "#normal-westeast", "uv": [ 4.0, 9.0, 5.0, 16.0 ] },
						"up": { "texture": "#normal-westeast", "uv": [ 4.0, 5.0, 5.0, 6.0 ] }
					}
				},
				{
					"name": "handle E",
					"from": [ 6.5, 1.0, 2.5 ],
					"to": [ 7.5, 8.0, 3.5 ],
					"faces": {
						"north": { "texture": "#normal-westeast", "uv": [ 4.0, 5.0, 5.0, 12.0 ] },
						"east": { "texture": "#normal-westeast", "uv": [ 4.0, 6.0, 5.0, 13.0 ] },
						"south": { "texture": "#normal-westeast", "uv": [ 4.0, 9.0, 5.0, 16.0 ] },
						"west": { "texture": "#normal-westeast", "uv": [ 4.0, 9.0, 5.0, 16.0 ] },
						"up": { "texture": "#normal-westeast", "uv": [ 4.0, 5.0, 5.0, 6.0 ] }
					}
				},
				{
					"name": "handle up",
					"from": [ 1.5, 7.5, 2.5 ],
					"to": [ 6.5, 8.5, 3.5 ],
					"faces": {
						"north": { "texture": "#normal-westeast", "uv": [ 4.0, 5.0, 9.0, 6.0 ] },
						"east": { "texture": "#normal-westeast", "uv": [ 4.0, 6.0, 5.0, 7.0 ] },
						"south": { "texture": "#normal-westeast", "uv": [ 4.0, 9.0, 9.0, 10.0 ] },
						"west": { "texture": "#normal-westeast", "uv": [ 4.0, 9.0, 5.0, 10.0 ] },
						"up": { "texture": "#normal-westeast", "uv": [ 4.0, 5.0, 9.0, 6.0 ] },
						"down": { "texture": "#normal-westeast", "uv": [ 0.0, 0.0, 5.0, 1.0 ] }
					}
				},
				{
					"name": "N",
					"from": [ 0.0, 0.0, -1.0 ],
					"to": [ 8.0, 5.0, 0.0 ],
					"rotationOrigin": [ -4.0, 0.0, -5.0 ],
					"faces": {
						"north": { "texture": "#normal-westeast", "uv": [ 3.5, 7.0, 11.5, 12.0 ] },
						"east": { "texture": "#normal-westeast", "uv": [ 11.0, 5.0, 12.0, 10.0 ] },
						"south": { "texture": "#normal-westeast", "uv": [ 4.0, 3.0, 12.0, 8.0 ] },
						"west": { "texture": "#normal-westeast", "uv": [ 3.0, 4.0, 4.0, 9.0 ] },
						"up": { "texture": "#normal-westeast", "uv": [ 2.0, 0.0, 10.0, 1.0 ] },
						"down": { "texture": "#normal-westeast", "uv": [ 1.0, 2.5, 9.0, 3.5 ] }
					}
				},
				{
					"name": "S",
					"from": [ 0.0, 0.0, 6.0 ],
					"to": [ 8.0, 5.0, 7.0 ],
					"rotationOrigin": [ -4.0, 0.0, -5.0 ],
					"faces": {
						"north": { "texture": "#normal-westeast", "uv": [ 4.0, 3.0, 12.0, 8.0 ] },
						"east": { "texture": "#normal-westeast", "uv": [ 12.0, 11.0, 13.0, 16.0 ] },
						"south": { "texture": "#normal-westeast", "uv": [ 4.0, 4.0, 12.0, 9.0 ] },
						"west": { "texture": "#normal-westeast", "uv": [ 3.5, 2.0, 4.5, 7.0 ] },
						"up": { "texture": "#normal-westeast", "uv": [ 2.0, 0.0, 10.0, 1.0 ], "rotation": 180 },
						"down": { "texture": "#normal-westeast", "uv": [ 1.0, 2.0, 9.0, 3.0 ] }
					}
				},
				{
					"name": "E",
					"from": [ 7.0, 0.0, 0.0 ],
					"to": [ 8.0, 5.0, 6.0 ],
					"rotationOrigin": [ -4.0, 0.0, -5.0 ],
					"faces": {
						"east": { "texture": "#normal-westeast", "uv": [ 5.0, 5.0, 11.0, 10.0 ] },
						"west": { "texture": "#normal-westeast", "uv": [ 5.0, 2.0, 11.0, 7.0 ] },
						"up": { "texture": "#normal-westeast", "uv": [ 9.0, 0.0, 15.0, 1.0 ], "rotation": 90 },
						"down": { "texture": "#normal-westeast", "uv": [ 5.0, 2.5, 11.0, 3.5 ], "rotation": 90 }
					}
				},
				{
					"name": "floor",
					"from": [ 1.0, 0.0, 0.0 ],
					"to": [ 7.0, 1.0, 6.0 ],
					"rotationOrigin": [ -4.0, 0.0, -5.0 ],
					"faces": {
						"up": { "texture": "#normal-westeast", "uv": [ 5.0, 5.0, 11.0, 11.0 ] },
						"down": { "texture": "#normal-westeast", "uv": [ 5.0, 10.0, 11.0, 16.0 ] }
					}
				}
			]
		}
	]}