{
	"editor": {
		"collapsedPaths": "Root/Cube2/Cube3,Root/Cube2/Cube23",
		"allAngles": false,
		"entityTextureMode": false
	},
	"textureWidth": 16,
	"textureHeight": 16,
	"textureSizes": {
	},
	"textures": {
	},
	"elements": [
		{
			"name": "Cube2",
			"from": [ 0.0, 13.0, 7.5 ],
			"to": [ 16.0, 14.0, 8.5 ],
			"rotationOrigin": [ 0.0, 13.0, 7.5 ],
			"faces": {
				"north": { "texture": "#oak", "uv": [ 0.0, 0.0, 16.0, 1.0 ] },
				"south": { "texture": "#oak", "uv": [ 0.0, 0.0, 16.0, 1.0 ] },
				"up": { "texture": "#oak", "uv": [ 0.0, 0.0, 16.0, 1.0 ] },
				"down": { "texture": "#oak", "uv": [ 0.0, 0.0, 16.0, 1.0 ] }
			},
			"children": [
				{
					"name": "Cube3",
					"from": [ 2.7, 0.6, -0.8 ],
					"to": [ 3.3, 2.1, -0.3 ],
					"rotationOrigin": [ 2.7, 0.6, -0.6 ],
					"rotationX": 45.0,
					"faces": {
						"north": { "texture": "#molybdochalkos", "uv": [ 0.0, 0.0, 0.5, 1.5 ] },
						"east": { "texture": "#molybdochalkos", "uv": [ 0.0, 0.0, 0.5, 1.5 ] },
						"south": { "texture": "#molybdochalkos", "uv": [ 0.0, 0.0, 0.5, 1.5 ] },
						"west": { "texture": "#molybdochalkos", "uv": [ 0.0, 0.0, 0.5, 1.5 ] },
						"up": { "texture": "#molybdochalkos", "uv": [ 0.0, 0.0, 0.5, 0.5 ] },
						"down": { "texture": "#molybdochalkos", "uv": [ 0.0, 0.0, 0.5, 0.5 ] }
					},
					"children": [
						{
							"name": "Cube5",
							"from": [ 0.08, -0.99, 2.1799 ],
							"to": [ 0.53, 1.21, 2.7799 ],
							"rotationOrigin": [ 0.1, -0.99, 2.1799 ],
							"rotationX": -22.5,
							"faces": {
								"north": { "texture": "#molybdochalkos", "uv": [ 0.0, 0.0, 0.5, 2.0 ] },
								"east": { "texture": "#molybdochalkos", "uv": [ 0.0, 0.0, 0.5, 2.0 ] },
								"south": { "texture": "#molybdochalkos", "uv": [ 0.0, 0.0, 0.5, 2.0 ] },
								"west": { "texture": "#molybdochalkos", "uv": [ 0.0, 0.0, 0.5, 2.0 ] },
								"up": { "texture": "#molybdochalkos", "uv": [ 0.0, 0.0, 0.5, 0.5 ] },
								"down": { "texture": "#molybdochalkos", "uv": [ 0.0, 0.0, 0.5, 0.5 ] }
							}
						},
						{
							"name": "Cube4",
							"from": [ 0.0, 1.2142, 1.3556 ],
							"to": [ 0.6, 2.7142, 1.8556 ],
							"rotationOrigin": [ 0.0, 1.4142, 1.7556 ],
							"rotationX": -90.0,
							"faces": {
								"north": { "texture": "#molybdochalkos", "uv": [ 0.0, 0.0, 0.5, 1.5 ] },
								"east": { "texture": "#molybdochalkos", "uv": [ 0.0, 0.0, 0.5, 1.5 ] },
								"south": { "texture": "#molybdochalkos", "uv": [ 0.0, 0.0, 0.5, 1.5 ] },
								"west": { "texture": "#molybdochalkos", "uv": [ 0.0, 0.0, 0.5, 1.5 ] },
								"up": { "texture": "#molybdochalkos", "uv": [ 0.0, 0.0, 0.5, 0.5 ] },
								"down": { "texture": "#molybdochalkos", "uv": [ 0.0, 0.0, 0.5, 0.5 ] }
							}
						},
						{
							"name": "Cube6",
							"from": [ 0.1, -2.687, 1.0485 ],
							"to": [ 0.5, -0.187, 1.6485 ],
							"rotationOrigin": [ 0.1, -2.687, 1.0485 ],
							"rotationX": 22.5,
							"faces": {
								"north": { "texture": "#molybdochalkos", "uv": [ 0.0, 0.0, 0.5, 2.5 ] },
								"east": { "texture": "#molybdochalkos", "uv": [ 0.0, 0.0, 0.5, 2.5 ] },
								"south": { "texture": "#molybdochalkos", "uv": [ 0.0, 0.0, 0.5, 2.5 ] },
								"west": { "texture": "#molybdochalkos", "uv": [ 0.0, 0.0, 0.5, 2.5 ] },
								"up": { "texture": "#molybdochalkos", "uv": [ 0.0, 0.0, 0.5, 0.5 ] },
								"down": { "texture": "#molybdochalkos", "uv": [ 0.0, 0.0, 0.5, 0.5 ] }
							}
						},
						{
							"name": "Cube7",
							"from": [ 0.1, 0.0707, 4.5134 ],
							"to": [ 0.5, 2.2707, 5.1134 ],
							"rotationOrigin": [ 0.1, 0.0707, 4.5133 ],
							"rotationX": -112.5,
							"faces": {
								"north": { "texture": "#molybdochalkos", "uv": [ 0.0, 0.0, 0.5, 2.0 ] },
								"east": { "texture": "#molybdochalkos", "uv": [ 0.0, 0.0, 0.5, 2.0 ] },
								"south": { "texture": "#molybdochalkos", "uv": [ 0.0, 0.0, 0.5, 2.0 ] },
								"west": { "texture": "#molybdochalkos", "uv": [ 0.0, 0.0, 0.5, 2.0 ] },
								"up": { "texture": "#molybdochalkos", "uv": [ 0.0, 0.0, 0.5, 0.5 ] },
								"down": { "texture": "#molybdochalkos", "uv": [ 0.0, 0.0, 0.5, 0.5 ] }
							}
						}
					]
				},
				{
					"name": "Cube23",
					"from": [ 12.7, 0.6, -0.8 ],
					"to": [ 13.3, 2.1, -0.3 ],
					"rotationOrigin": [ 12.7, 0.6, -0.6 ],
					"rotationX": 45.0,
					"faces": {
						"north": { "texture": "#molybdochalkos", "uv": [ 0.0, 0.0, 0.5, 1.5 ] },
						"east": { "texture": "#molybdochalkos", "uv": [ 0.0, 0.0, 0.5, 1.5 ] },
						"south": { "texture": "#molybdochalkos", "uv": [ 0.0, 0.0, 0.5, 1.5 ] },
						"west": { "texture": "#molybdochalkos", "uv": [ 0.0, 0.0, 0.5, 1.5 ] },
						"up": { "texture": "#molybdochalkos", "uv": [ 0.0, 0.0, 0.5, 0.5 ] },
						"down": { "texture": "#molybdochalkos", "uv": [ 0.0, 0.0, 0.5, 0.5 ] }
					},
					"children": [
						{
							"name": "Cube24",
							"from": [ 0.08, -0.99, 2.1799 ],
							"to": [ 0.53, 1.21, 2.7799 ],
							"rotationOrigin": [ 0.1, -0.99, 2.1799 ],
							"rotationX": -22.5,
							"faces": {
								"north": { "texture": "#molybdochalkos", "uv": [ 0.0, 0.0, 0.5, 2.0 ] },
								"east": { "texture": "#molybdochalkos", "uv": [ 0.0, 0.0, 0.5, 2.0 ] },
								"south": { "texture": "#molybdochalkos", "uv": [ 0.0, 0.0, 0.5, 2.0 ] },
								"west": { "texture": "#molybdochalkos", "uv": [ 0.0, 0.0, 0.5, 2.0 ] },
								"up": { "texture": "#molybdochalkos", "uv": [ 0.0, 0.0, 0.5, 0.5 ] },
								"down": { "texture": "#molybdochalkos", "uv": [ 0.0, 0.0, 0.5, 0.5 ] }
							}
						},
						{
							"name": "Cube25",
							"from": [ 0.0, 1.2142, 1.3556 ],
							"to": [ 0.6, 2.7142, 1.8556 ],
							"rotationOrigin": [ 0.0, 1.4142, 1.7556 ],
							"rotationX": -90.0,
							"faces": {
								"north": { "texture": "#molybdochalkos", "uv": [ 0.0, 0.0, 0.5, 1.5 ] },
								"east": { "texture": "#molybdochalkos", "uv": [ 0.0, 0.0, 0.5, 1.5 ] },
								"south": { "texture": "#molybdochalkos", "uv": [ 0.0, 0.0, 0.5, 1.5 ] },
								"west": { "texture": "#molybdochalkos", "uv": [ 0.0, 0.0, 0.5, 1.5 ] },
								"up": { "texture": "#molybdochalkos", "uv": [ 0.0, 0.0, 0.5, 0.5 ] },
								"down": { "texture": "#molybdochalkos", "uv": [ 0.0, 0.0, 0.5, 0.5 ] }
							}
						},
						{
							"name": "Cube26",
							"from": [ 0.1, -2.687, 1.0485 ],
							"to": [ 0.5, -0.187, 1.6485 ],
							"rotationOrigin": [ 0.1, -2.687, 1.0485 ],
							"rotationX": 22.5,
							"faces": {
								"north": { "texture": "#molybdochalkos", "uv": [ 0.0, 0.0, 0.5, 2.5 ] },
								"east": { "texture": "#molybdochalkos", "uv": [ 0.0, 0.0, 0.5, 2.5 ] },
								"south": { "texture": "#molybdochalkos", "uv": [ 0.0, 0.0, 0.5, 2.5 ] },
								"west": { "texture": "#molybdochalkos", "uv": [ 0.0, 0.0, 0.5, 2.5 ] },
								"up": { "texture": "#molybdochalkos", "uv": [ 0.0, 0.0, 0.5, 0.5 ] },
								"down": { "texture": "#molybdochalkos", "uv": [ 0.0, 0.0, 0.5, 0.5 ] }
							}
						},
						{
							"name": "Cube27",
							"from": [ 0.1, 0.0707, 4.5134 ],
							"to": [ 0.5, 2.2707, 5.1134 ],
							"rotationOrigin": [ 0.1, 0.0707, 4.5133 ],
							"rotationX": -112.5,
							"faces": {
								"north": { "texture": "#molybdochalkos", "uv": [ 0.0, 0.0, 0.5, 2.0 ] },
								"east": { "texture": "#molybdochalkos", "uv": [ 0.0, 0.0, 0.5, 2.0 ] },
								"south": { "texture": "#molybdochalkos", "uv": [ 0.0, 0.0, 0.5, 2.0 ] },
								"west": { "texture": "#molybdochalkos", "uv": [ 0.0, 0.0, 0.5, 2.0 ] },
								"up": { "texture": "#molybdochalkos", "uv": [ 0.0, 0.0, 0.5, 0.5 ] },
								"down": { "texture": "#molybdochalkos", "uv": [ 0.0, 0.0, 0.5, 0.5 ] }
							}
						}
					]
				},
				{
					"name": "Cube28",
					"from": [ 6.0, 0.6, -0.8 ],
					"to": [ 6.6, 2.1, -0.3 ],
					"rotationOrigin": [ 6.0, 0.6, -0.6 ],
					"rotationX": 45.0,
					"faces": {
						"north": { "texture": "#molybdochalkos", "uv": [ 0.0, 0.0, 0.5, 1.5 ] },
						"east": { "texture": "#molybdochalkos", "uv": [ 0.0, 0.0, 0.5, 1.5 ] },
						"south": { "texture": "#molybdochalkos", "uv": [ 0.0, 0.0, 0.5, 1.5 ] },
						"west": { "texture": "#molybdochalkos", "uv": [ 0.0, 0.0, 0.5, 1.5 ] },
						"up": { "texture": "#molybdochalkos", "uv": [ 0.0, 0.0, 0.5, 0.5 ] },
						"down": { "texture": "#molybdochalkos", "uv": [ 0.0, 0.0, 0.5, 0.5 ] }
					},
					"children": [
						{
							"name": "Cube29",
							"from": [ 0.08, -0.99, 2.1799 ],
							"to": [ 0.53, 1.21, 2.7799 ],
							"rotationOrigin": [ 0.0, -0.99, 2.1799 ],
							"rotationX": -22.5,
							"faces": {
								"north": { "texture": "#molybdochalkos", "uv": [ 0.0, 0.0, 0.5, 2.0 ] },
								"east": { "texture": "#molybdochalkos", "uv": [ 0.0, 0.0, 0.5, 2.0 ] },
								"south": { "texture": "#molybdochalkos", "uv": [ 0.0, 0.0, 0.5, 2.0 ] },
								"west": { "texture": "#molybdochalkos", "uv": [ 0.0, 0.0, 0.5, 2.0 ] },
								"up": { "texture": "#molybdochalkos", "uv": [ 0.0, 0.0, 0.5, 0.5 ] },
								"down": { "texture": "#molybdochalkos", "uv": [ 0.0, 0.0, 0.5, 0.5 ] }
							}
						},
						{
							"name": "Cube30",
							"from": [ 0.0, 1.2142, 1.3556 ],
							"to": [ 0.6, 2.7142, 1.8556 ],
							"rotationOrigin": [ 0.0, 1.4142, 1.7556 ],
							"rotationX": -90.0,
							"faces": {
								"north": { "texture": "#molybdochalkos", "uv": [ 0.0, 0.0, 0.5, 1.5 ] },
								"east": { "texture": "#molybdochalkos", "uv": [ 0.0, 0.0, 0.5, 1.5 ] },
								"south": { "texture": "#molybdochalkos", "uv": [ 0.0, 0.0, 0.5, 1.5 ] },
								"west": { "texture": "#molybdochalkos", "uv": [ 0.0, 0.0, 0.5, 1.5 ] },
								"up": { "texture": "#molybdochalkos", "uv": [ 0.0, 0.0, 0.5, 0.5 ] },
								"down": { "texture": "#molybdochalkos", "uv": [ 0.0, 0.0, 0.5, 0.5 ] }
							}
						},
						{
							"name": "Cube31",
							"from": [ 0.1, -2.687, 1.0485 ],
							"to": [ 0.5, -0.187, 1.6485 ],
							"rotationOrigin": [ 0.1, -2.687, 1.0485 ],
							"rotationX": 22.5,
							"faces": {
								"north": { "texture": "#molybdochalkos", "uv": [ 0.0, 0.0, 0.5, 2.5 ] },
								"east": { "texture": "#molybdochalkos", "uv": [ 0.0, 0.0, 0.5, 2.5 ] },
								"south": { "texture": "#molybdochalkos", "uv": [ 0.0, 0.0, 0.5, 2.5 ] },
								"west": { "texture": "#molybdochalkos", "uv": [ 0.0, 0.0, 0.5, 2.5 ] },
								"up": { "texture": "#molybdochalkos", "uv": [ 0.0, 0.0, 0.5, 0.5 ] },
								"down": { "texture": "#molybdochalkos", "uv": [ 0.0, 0.0, 0.5, 0.5 ] }
							}
						},
						{
							"name": "Cube32",
							"from": [ 0.1, 0.0707, 4.5134 ],
							"to": [ 0.5, 2.2707, 5.1134 ],
							"rotationOrigin": [ 0.1, 0.0707, 4.5133 ],
							"rotationX": -112.5,
							"faces": {
								"north": { "texture": "#molybdochalkos", "uv": [ 0.0, 0.0, 0.5, 2.0 ] },
								"east": { "texture": "#molybdochalkos", "uv": [ 0.0, 0.0, 0.5, 2.0 ] },
								"south": { "texture": "#molybdochalkos", "uv": [ 0.0, 0.0, 0.5, 2.0 ] },
								"west": { "texture": "#molybdochalkos", "uv": [ 0.0, 0.0, 0.5, 2.0 ] },
								"up": { "texture": "#molybdochalkos", "uv": [ 0.0, 0.0, 0.5, 0.5 ] },
								"down": { "texture": "#molybdochalkos", "uv": [ 0.0, 0.0, 0.5, 0.5 ] }
							}
						}
					]
				},
				{
					"name": "Cube33",
					"from": [ 9.5, 0.6, -0.8 ],
					"to": [ 10.1, 2.1, -0.3 ],
					"rotationOrigin": [ 9.5, 0.6, -0.6 ],
					"rotationX": 45.0,
					"faces": {
						"north": { "texture": "#molybdochalkos", "uv": [ 0.0, 0.0, 0.5, 1.5 ] },
						"east": { "texture": "#molybdochalkos", "uv": [ 0.0, 0.0, 0.5, 1.5 ] },
						"south": { "texture": "#molybdochalkos", "uv": [ 0.0, 0.0, 0.5, 1.5 ] },
						"west": { "texture": "#molybdochalkos", "uv": [ 0.0, 0.0, 0.5, 1.5 ] },
						"up": { "texture": "#molybdochalkos", "uv": [ 0.0, 0.0, 0.5, 0.5 ] },
						"down": { "texture": "#molybdochalkos", "uv": [ 0.0, 0.0, 0.5, 0.5 ] }
					},
					"children": [
						{
							"name": "Cube34",
							"from": [ 0.08, -0.99, 2.1799 ],
							"to": [ 0.53, 1.21, 2.7799 ],
							"rotationOrigin": [ 0.0, -0.99, 2.1799 ],
							"rotationX": -22.5,
							"faces": {
								"north": { "texture": "#molybdochalkos", "uv": [ 0.0, 0.0, 0.5, 2.0 ] },
								"east": { "texture": "#molybdochalkos", "uv": [ 0.0, 0.0, 0.5, 2.0 ] },
								"south": { "texture": "#molybdochalkos", "uv": [ 0.0, 0.0, 0.5, 2.0 ] },
								"west": { "texture": "#molybdochalkos", "uv": [ 0.0, 0.0, 0.5, 2.0 ] },
								"up": { "texture": "#molybdochalkos", "uv": [ 0.0, 0.0, 0.5, 0.5 ] },
								"down": { "texture": "#molybdochalkos", "uv": [ 0.0, 0.0, 0.5, 0.5 ] }
							}
						},
						{
							"name": "Cube35",
							"from": [ 0.0, 1.2142, 1.3556 ],
							"to": [ 0.6, 2.7142, 1.8556 ],
							"rotationOrigin": [ 0.0, 1.4142, 1.7556 ],
							"rotationX": -90.0,
							"faces": {
								"north": { "texture": "#molybdochalkos", "uv": [ 0.0, 0.0, 0.5, 1.5 ] },
								"east": { "texture": "#molybdochalkos", "uv": [ 0.0, 0.0, 0.5, 1.5 ] },
								"south": { "texture": "#molybdochalkos", "uv": [ 0.0, 0.0, 0.5, 1.5 ] },
								"west": { "texture": "#molybdochalkos", "uv": [ 0.0, 0.0, 0.5, 1.5 ] },
								"up": { "texture": "#molybdochalkos", "uv": [ 0.0, 0.0, 0.5, 0.5 ] },
								"down": { "texture": "#molybdochalkos", "uv": [ 0.0, 0.0, 0.5, 0.5 ] }
							}
						},
						{
							"name": "Cube36",
							"from": [ 0.1, -2.687, 1.0485 ],
							"to": [ 0.5, -0.187, 1.6485 ],
							"rotationOrigin": [ 0.1, -2.687, 1.0485 ],
							"rotationX": 22.5,
							"faces": {
								"north": { "texture": "#molybdochalkos", "uv": [ 0.0, 0.0, 0.5, 2.5 ] },
								"east": { "texture": "#molybdochalkos", "uv": [ 0.0, 0.0, 0.5, 2.5 ] },
								"south": { "texture": "#molybdochalkos", "uv": [ 0.0, 0.0, 0.5, 2.5 ] },
								"west": { "texture": "#molybdochalkos", "uv": [ 0.0, 0.0, 0.5, 2.5 ] },
								"up": { "texture": "#molybdochalkos", "uv": [ 0.0, 0.0, 0.5, 0.5 ] },
								"down": { "texture": "#molybdochalkos", "uv": [ 0.0, 0.0, 0.5, 0.5 ] }
							}
						},
						{
							"name": "Cube37",
							"from": [ 0.1, 0.0707, 4.5134 ],
							"to": [ 0.5, 2.2707, 5.1134 ],
							"rotationOrigin": [ 0.1, 0.0707, 4.5133 ],
							"rotationX": -112.5,
							"faces": {
								"north": { "texture": "#molybdochalkos", "uv": [ 0.0, 0.0, 0.5, 2.0 ] },
								"east": { "texture": "#molybdochalkos", "uv": [ 0.0, 0.0, 0.5, 2.0 ] },
								"south": { "texture": "#molybdochalkos", "uv": [ 0.0, 0.0, 0.5, 2.0 ] },
								"west": { "texture": "#molybdochalkos", "uv": [ 0.0, 0.0, 0.5, 2.0 ] },
								"up": { "texture": "#molybdochalkos", "uv": [ 0.0, 0.0, 0.5, 0.5 ] },
								"down": { "texture": "#molybdochalkos", "uv": [ 0.0, 0.0, 0.5, 0.5 ] }
							}
						}
					]
				}
			]
		},
		{
			"name": "Cube8",
			"from": [ 0.7, 0.0, 0.0 ],
			"to": [ 15.3, 15.3, 1.0 ],
			"rotationOrigin": [ 0.7, 0.0, 0.0 ],
			"faces": {
				"north": { "texture": "#null", "uv": [ 0.0, 0.0, 14.5, 15.0 ] },
				"east": { "texture": "#null", "uv": [ 0.0, 0.0, 1.0, 15.0 ] },
				"south": { "texture": "#null", "uv": [ 0.0, 0.0, 14.5, 15.0 ] },
				"west": { "texture": "#null", "uv": [ 0.0, 0.0, 1.0, 15.0 ] },
				"up": { "texture": "#null", "uv": [ 0.0, 0.0, 14.5, 1.0 ] },
				"down": { "texture": "#null", "uv": [ 0.0, 0.0, 14.5, 1.0 ] }
			},
			"children": [
				{
					"name": "Cube9",
					"from": [ -0.7, 0.0, 0.0 ],
					"to": [ 0.0, 16.0, 15.0 ],
					"rotationOrigin": [ -0.7, 0.0, 0.0 ],
					"faces": {
						"north": { "texture": "#null", "uv": [ 0.0, 0.0, 0.5, 16.0 ] },
						"east": { "texture": "#null", "uv": [ 0.0, 0.0, 15.0, 16.0 ] },
						"south": { "texture": "#null", "uv": [ 0.0, 0.0, 0.5, 16.0 ] },
						"west": { "texture": "#null", "uv": [ 0.0, 0.0, 15.0, 16.0 ] },
						"up": { "texture": "#null", "uv": [ 0.0, 0.0, 0.5, 15.0 ] },
						"down": { "texture": "#null", "uv": [ 0.0, 0.0, 0.5, 15.0 ] }
					}
				},
				{
					"name": "Cube10",
					"from": [ 14.6, 0.0, 0.0 ],
					"to": [ 15.3, 16.0, 15.0 ],
					"rotationOrigin": [ 14.6, 0.0, 0.0 ],
					"faces": {
						"north": { "texture": "#null", "uv": [ 0.0, 0.0, 0.5, 16.0 ] },
						"east": { "texture": "#null", "uv": [ 0.0, 0.0, 15.0, 16.0 ] },
						"south": { "texture": "#null", "uv": [ 0.0, 0.0, 0.5, 16.0 ] },
						"west": { "texture": "#null", "uv": [ 0.0, 0.0, 15.0, 16.0 ] },
						"up": { "texture": "#null", "uv": [ 0.0, 0.0, 0.5, 15.0 ] },
						"down": { "texture": "#null", "uv": [ 0.0, 0.0, 0.5, 15.0 ] }
					}
				},
				{
					"name": "Cube11",
					"from": [ 0.0, 15.3, 0.0 ],
					"to": [ 14.6, 16.0, 15.0 ],
					"rotationOrigin": [ 0.0, 15.3, 0.0 ],
					"faces": {
						"north": { "texture": "#null", "uv": [ 0.0, 0.0, 14.5, 0.5 ] },
						"east": { "texture": "#null", "uv": [ 0.0, 0.0, 15.0, 0.5 ] },
						"south": { "texture": "#null", "uv": [ 0.0, 0.0, 14.5, 0.5 ] },
						"west": { "texture": "#null", "uv": [ 0.0, 0.0, 15.0, 0.5 ] },
						"up": { "texture": "#null", "uv": [ 0.0, 0.0, 14.5, 15.0 ] },
						"down": { "texture": "#null", "uv": [ 0.0, 0.0, 14.5, 15.0 ] }
					}
				},
				{
					"name": "Cube12",
					"from": [ 0.0, 0.0, 14.3 ],
					"to": [ 1.2, 15.3, 15.0 ],
					"rotationOrigin": [ 0.0, 0.0, 14.3 ],
					"faces": {
						"north": { "texture": "#null", "uv": [ 0.0, 0.0, 1.0, 15.0 ] },
						"east": { "texture": "#null", "uv": [ 0.0, 0.0, 0.5, 15.0 ] },
						"south": { "texture": "#null", "uv": [ 0.0, 0.0, 1.0, 15.0 ] },
						"west": { "texture": "#null", "uv": [ 0.0, 0.0, 0.5, 15.0 ] },
						"up": { "texture": "#null", "uv": [ 0.0, 0.0, 1.0, 0.5 ] },
						"down": { "texture": "#null", "uv": [ 0.0, 0.0, 1.0, 0.5 ] }
					},
					"children": [
						{
							"name": "Cube14",
							"from": [ 1.2, 14.3, 0.0 ],
							"to": [ 13.4, 15.3, 0.7 ],
							"rotationOrigin": [ 1.2, 14.3, 0.0 ],
							"faces": {
								"north": { "texture": "#null", "uv": [ 0.0, 0.0, 12.0, 1.0 ] },
								"east": { "texture": "#null", "uv": [ 0.0, 0.0, 0.5, 1.0 ] },
								"south": { "texture": "#null", "uv": [ 0.0, 0.0, 12.0, 1.0 ] },
								"west": { "texture": "#null", "uv": [ 0.0, 0.0, 0.5, 1.0 ] },
								"up": { "texture": "#null", "uv": [ 0.0, 0.0, 12.0, 0.5 ] },
								"down": { "texture": "#null", "uv": [ 0.0, 0.0, 12.0, 0.5 ] }
							}
						}
					]
				},
				{
					"name": "Cube13",
					"from": [ 13.4, 0.0, 14.3 ],
					"to": [ 14.6, 15.3, 15.0 ],
					"rotationOrigin": [ 13.4, 0.0, 14.3 ],
					"faces": {
						"north": { "texture": "#null", "uv": [ 0.0, 0.0, 1.0, 15.0 ] },
						"east": { "texture": "#null", "uv": [ 0.0, 0.0, 0.5, 15.0 ] },
						"south": { "texture": "#null", "uv": [ 0.0, 0.0, 1.0, 15.0 ] },
						"west": { "texture": "#null", "uv": [ 0.0, 0.0, 0.5, 15.0 ] },
						"up": { "texture": "#null", "uv": [ 0.0, 0.0, 1.0, 0.5 ] },
						"down": { "texture": "#null", "uv": [ 0.0, 0.0, 1.0, 0.5 ] }
					}
				}
			]
		},
		{
			"name": "Cube15",
			"from": [ 15.3, 0.0, 0.0 ],
			"to": [ 29.9, 15.3, 1.0 ],
			"rotationOrigin": [ 15.3, 0.0, 0.0 ],
			"rotationZ": 180.0,
			"faces": {
				"north": { "texture": "#null", "uv": [ 0.0, 0.0, 14.5, 15.0 ] },
				"east": { "texture": "#null", "uv": [ 0.0, 0.0, 1.0, 15.0 ] },
				"south": { "texture": "#null", "uv": [ 0.0, 0.0, 14.5, 15.0 ] },
				"west": { "texture": "#null", "uv": [ 0.0, 0.0, 1.0, 15.0 ] },
				"up": { "texture": "#null", "uv": [ 0.0, 0.0, 14.5, 1.0 ] },
				"down": { "texture": "#null", "uv": [ 0.0, 0.0, 14.5, 1.0 ] }
			},
			"children": [
				{
					"name": "Cube16",
					"from": [ -0.7, 0.0, 0.0 ],
					"to": [ 0.0, 16.0, 15.0 ],
					"rotationOrigin": [ -0.7, 0.0, 0.0 ],
					"faces": {
						"north": { "texture": "#null", "uv": [ 0.0, 0.0, 0.5, 16.0 ] },
						"east": { "texture": "#null", "uv": [ 0.0, 0.0, 15.0, 16.0 ] },
						"south": { "texture": "#null", "uv": [ 0.0, 0.0, 0.5, 16.0 ] },
						"west": { "texture": "#null", "uv": [ 0.0, 0.0, 15.0, 16.0 ] },
						"up": { "texture": "#null", "uv": [ 0.0, 0.0, 0.5, 15.0 ] },
						"down": { "texture": "#null", "uv": [ 0.0, 0.0, 0.5, 15.0 ] }
					}
				},
				{
					"name": "Cube17",
					"from": [ 14.6, 0.0, 0.0 ],
					"to": [ 15.3, 16.0, 15.0 ],
					"rotationOrigin": [ 14.6, 0.0, 0.0 ],
					"faces": {
						"north": { "texture": "#null", "uv": [ 0.0, 0.0, 0.5, 16.0 ] },
						"east": { "texture": "#null", "uv": [ 0.0, 0.0, 15.0, 16.0 ] },
						"south": { "texture": "#null", "uv": [ 0.0, 0.0, 0.5, 16.0 ] },
						"west": { "texture": "#null", "uv": [ 0.0, 0.0, 15.0, 16.0 ] },
						"up": { "texture": "#null", "uv": [ 0.0, 0.0, 0.5, 15.0 ] },
						"down": { "texture": "#null", "uv": [ 0.0, 0.0, 0.5, 15.0 ] }
					}
				},
				{
					"name": "Cube18",
					"from": [ 0.0, 15.3, 0.0 ],
					"to": [ 14.6, 16.0, 15.0 ],
					"rotationOrigin": [ 0.0, 15.3, 0.0 ],
					"faces": {
						"north": { "texture": "#null", "uv": [ 0.0, 0.0, 14.5, 0.5 ] },
						"east": { "texture": "#null", "uv": [ 0.0, 0.0, 15.0, 0.5 ] },
						"south": { "texture": "#null", "uv": [ 0.0, 0.0, 14.5, 0.5 ] },
						"west": { "texture": "#null", "uv": [ 0.0, 0.0, 15.0, 0.5 ] },
						"up": { "texture": "#null", "uv": [ 0.0, 0.0, 14.5, 15.0 ] },
						"down": { "texture": "#null", "uv": [ 0.0, 0.0, 14.5, 15.0 ] }
					}
				},
				{
					"name": "Cube19",
					"from": [ 0.0, 0.0, 14.3 ],
					"to": [ 1.2, 15.3, 15.0 ],
					"rotationOrigin": [ 0.0, 0.0, 14.3 ],
					"faces": {
						"north": { "texture": "#null", "uv": [ 0.0, 0.0, 1.0, 15.0 ] },
						"east": { "texture": "#null", "uv": [ 0.0, 0.0, 0.5, 15.0 ] },
						"south": { "texture": "#null", "uv": [ 0.0, 0.0, 1.0, 15.0 ] },
						"west": { "texture": "#null", "uv": [ 0.0, 0.0, 0.5, 15.0 ] },
						"up": { "texture": "#null", "uv": [ 0.0, 0.0, 1.0, 0.5 ] },
						"down": { "texture": "#null", "uv": [ 0.0, 0.0, 1.0, 0.5 ] }
					},
					"children": [
						{
							"name": "Cube20",
							"from": [ 1.2, 14.3, 0.0 ],
							"to": [ 13.4, 15.3, 0.7 ],
							"rotationOrigin": [ 1.2, 14.3, 0.0 ],
							"faces": {
								"north": { "texture": "#null", "uv": [ 0.0, 0.0, 12.0, 1.0 ] },
								"east": { "texture": "#null", "uv": [ 0.0, 0.0, 0.5, 1.0 ] },
								"south": { "texture": "#null", "uv": [ 0.0, 0.0, 12.0, 1.0 ] },
								"west": { "texture": "#null", "uv": [ 0.0, 0.0, 0.5, 1.0 ] },
								"up": { "texture": "#null", "uv": [ 0.0, 0.0, 12.0, 0.5 ] },
								"down": { "texture": "#null", "uv": [ 0.0, 0.0, 12.0, 0.5 ] }
							}
						}
					]
				},
				{
					"name": "Cube21",
					"from": [ 13.4, 0.0, 14.3 ],
					"to": [ 14.6, 15.3, 15.0 ],
					"rotationOrigin": [ 13.4, 0.0, 14.3 ],
					"faces": {
						"north": { "texture": "#null", "uv": [ 0.0, 0.0, 1.0, 15.0 ] },
						"east": { "texture": "#null", "uv": [ 0.0, 0.0, 0.5, 15.0 ] },
						"south": { "texture": "#null", "uv": [ 0.0, 0.0, 1.0, 15.0 ] },
						"west": { "texture": "#null", "uv": [ 0.0, 0.0, 0.5, 15.0 ] },
						"up": { "texture": "#null", "uv": [ 0.0, 0.0, 1.0, 0.5 ] },
						"down": { "texture": "#null", "uv": [ 0.0, 0.0, 1.0, 0.5 ] }
					}
				}
			]
		}
	]}