{
	"editor": {
		"allAngles": false,
		"entityTextureMode": false
	},
	"textureWidth": 16,
	"textureHeight": 16,
	"textureSizes": {
	},
	"textures": {
	},
	"elements": [
		{
			"name": "Cube2",
			"from": [ 0.0, 13.0, 7.5 ],
			"to": [ 16.0, 14.0, 8.5 ],
			"rotationOrigin": [ 0.0, 13.0, 7.5 ],
			"faces": {
				"north": { "texture": "#oak", "uv": [ 0.0, 0.0, 16.0, 1.0 ] },
				"east": { "texture": "#oak", "uv": [ 0.0, 0.0, 1.0, 1.0 ] },
				"south": { "texture": "#oak", "uv": [ 0.0, 0.0, 16.0, 1.0 ] },
				"west": { "texture": "#oak", "uv": [ 0.0, 0.0, 1.0, 1.0 ] },
				"up": { "texture": "#oak", "uv": [ 0.0, 0.0, 16.0, 1.0 ] },
				"down": { "texture": "#oak", "uv": [ 0.0, 0.0, 16.0, 1.0 ] }
			}
		},
		{
			"name": "Cube3",
			"from": [ 2.7, 13.6, 6.7 ],
			"to": [ 3.3, 15.1, 7.2 ],
			"rotationOrigin": [ 2.7, 13.6, 6.9 ],
			"rotationX": 45.0,
			"faces": {
				"north": { "texture": "#molybdochalkos", "uv": [ 0.0, 0.0, 0.5, 1.5 ] },
				"east": { "texture": "#molybdochalkos", "uv": [ 0.0, 0.0, 0.5, 1.5 ] },
				"south": { "texture": "#molybdochalkos", "uv": [ 0.0, 0.0, 0.5, 1.5 ] },
				"west": { "texture": "#molybdochalkos", "uv": [ 0.0, 0.0, 0.5, 1.5 ] },
				"up": { "texture": "#molybdochalkos", "uv": [ 0.0, 0.0, 0.5, 0.5 ] },
				"down": { "texture": "#molybdochalkos", "uv": [ 0.0, 0.0, 0.5, 0.5 ] }
			},
			"children": [
				{
					"name": "Cube5",
					"from": [ 0.08, -0.99, 2.1799 ],
					"to": [ 0.53, 1.21, 2.7799 ],
					"rotationOrigin": [ 0.1, -0.99, 2.1799 ],
					"rotationX": -22.5,
					"faces": {
						"north": { "texture": "#molybdochalkos", "uv": [ 0.0, 0.0, 0.5, 2.0 ] },
						"east": { "texture": "#molybdochalkos", "uv": [ 0.0, 0.0, 0.5, 2.0 ] },
						"south": { "texture": "#molybdochalkos", "uv": [ 0.0, 0.0, 0.5, 2.0 ] },
						"west": { "texture": "#molybdochalkos", "uv": [ 0.0, 0.0, 0.5, 2.0 ] },
						"up": { "texture": "#molybdochalkos", "uv": [ 0.0, 0.0, 0.5, 0.5 ] },
						"down": { "texture": "#molybdochalkos", "uv": [ 0.0, 0.0, 0.5, 0.5 ] }
					}
				},
				{
					"name": "Cube4",
					"from": [ 0.0, 1.2142, 1.3556 ],
					"to": [ 0.6, 2.7142, 1.8556 ],
					"rotationOrigin": [ 0.0, 1.4142, 1.7556 ],
					"rotationX": -90.0,
					"faces": {
						"north": { "texture": "#molybdochalkos", "uv": [ 0.0, 0.0, 0.5, 1.5 ] },
						"east": { "texture": "#molybdochalkos", "uv": [ 0.0, 0.0, 0.5, 1.5 ] },
						"south": { "texture": "#molybdochalkos", "uv": [ 0.0, 0.0, 0.5, 1.5 ] },
						"west": { "texture": "#molybdochalkos", "uv": [ 0.0, 0.0, 0.5, 1.5 ] },
						"up": { "texture": "#molybdochalkos", "uv": [ 0.0, 0.0, 0.5, 0.5 ] },
						"down": { "texture": "#molybdochalkos", "uv": [ 0.0, 0.0, 0.5, 0.5 ] }
					}
				},
				{
					"name": "Cube6",
					"from": [ 0.1, -2.687, 1.0485 ],
					"to": [ 0.5, -0.187, 1.6485 ],
					"rotationOrigin": [ 0.1, -2.687, 1.0485 ],
					"rotationX": 22.5,
					"faces": {
						"north": { "texture": "#molybdochalkos", "uv": [ 0.0, 0.0, 0.5, 2.5 ] },
						"east": { "texture": "#molybdochalkos", "uv": [ 0.0, 0.0, 0.5, 2.5 ] },
						"south": { "texture": "#molybdochalkos", "uv": [ 0.0, 0.0, 0.5, 2.5 ] },
						"west": { "texture": "#molybdochalkos", "uv": [ 0.0, 0.0, 0.5, 2.5 ] },
						"up": { "texture": "#molybdochalkos", "uv": [ 0.0, 0.0, 0.5, 0.5 ] },
						"down": { "texture": "#molybdochalkos", "uv": [ 0.0, 0.0, 0.5, 0.5 ] }
					}
				},
				{
					"name": "Cube7",
					"from": [ 0.1, 0.0707, 4.5134 ],
					"to": [ 0.5, 2.2707, 5.1134 ],
					"rotationOrigin": [ 0.1, 0.0707, 4.5133 ],
					"rotationX": -112.5,
					"faces": {
						"north": { "texture": "#molybdochalkos", "uv": [ 0.0, 0.0, 0.5, 2.0 ] },
						"east": { "texture": "#molybdochalkos", "uv": [ 0.0, 0.0, 0.5, 2.0 ] },
						"south": { "texture": "#molybdochalkos", "uv": [ 0.0, 0.0, 0.5, 2.0 ] },
						"west": { "texture": "#molybdochalkos", "uv": [ 0.0, 0.0, 0.5, 2.0 ] },
						"up": { "texture": "#molybdochalkos", "uv": [ 0.0, 0.0, 0.5, 0.5 ] },
						"down": { "texture": "#molybdochalkos", "uv": [ 0.0, 0.0, 0.5, 0.5 ] }
					}
				}
			]
		},
		{
			"name": "Cube23",
			"from": [ 12.7, 13.6, 6.7 ],
			"to": [ 13.3, 15.1, 7.2 ],
			"rotationOrigin": [ 12.7, 13.6, 6.9 ],
			"rotationX": 45.0,
			"faces": {
				"north": { "texture": "#molybdochalkos", "uv": [ 0.0, 0.0, 0.5, 1.5 ] },
				"east": { "texture": "#molybdochalkos", "uv": [ 0.0, 0.0, 0.5, 1.5 ] },
				"south": { "texture": "#molybdochalkos", "uv": [ 0.0, 0.0, 0.5, 1.5 ] },
				"west": { "texture": "#molybdochalkos", "uv": [ 0.0, 0.0, 0.5, 1.5 ] },
				"up": { "texture": "#molybdochalkos", "uv": [ 0.0, 0.0, 0.5, 0.5 ] },
				"down": { "texture": "#molybdochalkos", "uv": [ 0.0, 0.0, 0.5, 0.5 ] }
			},
			"children": [
				{
					"name": "Cube24",
					"from": [ 0.08, -0.99, 2.1799 ],
					"to": [ 0.53, 1.21, 2.7799 ],
					"rotationOrigin": [ 0.1, -0.99, 2.1799 ],
					"rotationX": -22.5,
					"faces": {
						"north": { "texture": "#molybdochalkos", "uv": [ 0.0, 0.0, 0.5, 2.0 ] },
						"east": { "texture": "#molybdochalkos", "uv": [ 0.0, 0.0, 0.5, 2.0 ] },
						"south": { "texture": "#molybdochalkos", "uv": [ 0.0, 0.0, 0.5, 2.0 ] },
						"west": { "texture": "#molybdochalkos", "uv": [ 0.0, 0.0, 0.5, 2.0 ] },
						"up": { "texture": "#molybdochalkos", "uv": [ 0.0, 0.0, 0.5, 0.5 ] },
						"down": { "texture": "#molybdochalkos", "uv": [ 0.0, 0.0, 0.5, 0.5 ] }
					}
				},
				{
					"name": "Cube25",
					"from": [ 0.0, 1.2142, 1.3556 ],
					"to": [ 0.6, 2.7142, 1.8556 ],
					"rotationOrigin": [ 0.0, 1.4142, 1.7556 ],
					"rotationX": -90.0,
					"faces": {
						"north": { "texture": "#molybdochalkos", "uv": [ 0.0, 0.0, 0.5, 1.5 ] },
						"east": { "texture": "#molybdochalkos", "uv": [ 0.0, 0.0, 0.5, 1.5 ] },
						"south": { "texture": "#molybdochalkos", "uv": [ 0.0, 0.0, 0.5, 1.5 ] },
						"west": { "texture": "#molybdochalkos", "uv": [ 0.0, 0.0, 0.5, 1.5 ] },
						"up": { "texture": "#molybdochalkos", "uv": [ 0.0, 0.0, 0.5, 0.5 ] },
						"down": { "texture": "#molybdochalkos", "uv": [ 0.0, 0.0, 0.5, 0.5 ] }
					}
				},
				{
					"name": "Cube26",
					"from": [ 0.1, -2.687, 1.0485 ],
					"to": [ 0.5, -0.187, 1.6485 ],
					"rotationOrigin": [ 0.1, -2.687, 1.0485 ],
					"rotationX": 22.5,
					"faces": {
						"north": { "texture": "#molybdochalkos", "uv": [ 0.0, 0.0, 0.5, 2.5 ] },
						"east": { "texture": "#molybdochalkos", "uv": [ 0.0, 0.0, 0.5, 2.5 ] },
						"south": { "texture": "#molybdochalkos", "uv": [ 0.0, 0.0, 0.5, 2.5 ] },
						"west": { "texture": "#molybdochalkos", "uv": [ 0.0, 0.0, 0.5, 2.5 ] },
						"up": { "texture": "#molybdochalkos", "uv": [ 0.0, 0.0, 0.5, 0.5 ] },
						"down": { "texture": "#molybdochalkos", "uv": [ 0.0, 0.0, 0.5, 0.5 ] }
					}
				},
				{
					"name": "Cube27",
					"from": [ 0.1, 0.0707, 4.5134 ],
					"to": [ 0.5, 2.2707, 5.1134 ],
					"rotationOrigin": [ 0.1, 0.0707, 4.5133 ],
					"rotationX": -112.5,
					"faces": {
						"north": { "texture": "#molybdochalkos", "uv": [ 0.0, 0.0, 0.5, 2.0 ] },
						"east": { "texture": "#molybdochalkos", "uv": [ 0.0, 0.0, 0.5, 2.0 ] },
						"south": { "texture": "#molybdochalkos", "uv": [ 0.0, 0.0, 0.5, 2.0 ] },
						"west": { "texture": "#molybdochalkos", "uv": [ 0.0, 0.0, 0.5, 2.0 ] },
						"up": { "texture": "#molybdochalkos", "uv": [ 0.0, 0.0, 0.5, 0.5 ] },
						"down": { "texture": "#molybdochalkos", "uv": [ 0.0, 0.0, 0.5, 0.5 ] }
					}
				}
			]
		},
		{
			"name": "Cube28",
			"from": [ 6.0, 13.6, 6.7 ],
			"to": [ 6.6, 15.1, 7.2 ],
			"rotationOrigin": [ 6.0, 13.6, 6.9 ],
			"rotationX": 45.0,
			"faces": {
				"north": { "texture": "#molybdochalkos", "uv": [ 0.0, 0.0, 0.5, 1.5 ] },
				"east": { "texture": "#molybdochalkos", "uv": [ 0.0, 0.0, 0.5, 1.5 ] },
				"south": { "texture": "#molybdochalkos", "uv": [ 0.0, 0.0, 0.5, 1.5 ] },
				"west": { "texture": "#molybdochalkos", "uv": [ 0.0, 0.0, 0.5, 1.5 ] },
				"up": { "texture": "#molybdochalkos", "uv": [ 0.0, 0.0, 0.5, 0.5 ] },
				"down": { "texture": "#molybdochalkos", "uv": [ 0.0, 0.0, 0.5, 0.5 ] }
			},
			"children": [
				{
					"name": "Cube29",
					"from": [ 0.08, -0.99, 2.1799 ],
					"to": [ 0.53, 1.21, 2.7799 ],
					"rotationOrigin": [ 0.0, -0.99, 2.1799 ],
					"rotationX": -22.5,
					"faces": {
						"north": { "texture": "#molybdochalkos", "uv": [ 0.0, 0.0, 0.5, 2.0 ] },
						"east": { "texture": "#molybdochalkos", "uv": [ 0.0, 0.0, 0.5, 2.0 ] },
						"south": { "texture": "#molybdochalkos", "uv": [ 0.0, 0.0, 0.5, 2.0 ] },
						"west": { "texture": "#molybdochalkos", "uv": [ 0.0, 0.0, 0.5, 2.0 ] },
						"up": { "texture": "#molybdochalkos", "uv": [ 0.0, 0.0, 0.5, 0.5 ] },
						"down": { "texture": "#molybdochalkos", "uv": [ 0.0, 0.0, 0.5, 0.5 ] }
					}
				},
				{
					"name": "Cube30",
					"from": [ 0.0, 1.2142, 1.3556 ],
					"to": [ 0.6, 2.7142, 1.8556 ],
					"rotationOrigin": [ 0.0, 1.4142, 1.7556 ],
					"rotationX": -90.0,
					"faces": {
						"north": { "texture": "#molybdochalkos", "uv": [ 0.0, 0.0, 0.5, 1.5 ] },
						"east": { "texture": "#molybdochalkos", "uv": [ 0.0, 0.0, 0.5, 1.5 ] },
						"south": { "texture": "#molybdochalkos", "uv": [ 0.0, 0.0, 0.5, 1.5 ] },
						"west": { "texture": "#molybdochalkos", "uv": [ 0.0, 0.0, 0.5, 1.5 ] },
						"up": { "texture": "#molybdochalkos", "uv": [ 0.0, 0.0, 0.5, 0.5 ] },
						"down": { "texture": "#molybdochalkos", "uv": [ 0.0, 0.0, 0.5, 0.5 ] }
					}
				},
				{
					"name": "Cube31",
					"from": [ 0.1, -2.687, 1.0485 ],
					"to": [ 0.5, -0.187, 1.6485 ],
					"rotationOrigin": [ 0.1, -2.687, 1.0485 ],
					"rotationX": 22.5,
					"faces": {
						"north": { "texture": "#molybdochalkos", "uv": [ 0.0, 0.0, 0.5, 2.5 ] },
						"east": { "texture": "#molybdochalkos", "uv": [ 0.0, 0.0, 0.5, 2.5 ] },
						"south": { "texture": "#molybdochalkos", "uv": [ 0.0, 0.0, 0.5, 2.5 ] },
						"west": { "texture": "#molybdochalkos", "uv": [ 0.0, 0.0, 0.5, 2.5 ] },
						"up": { "texture": "#molybdochalkos", "uv": [ 0.0, 0.0, 0.5, 0.5 ] },
						"down": { "texture": "#molybdochalkos", "uv": [ 0.0, 0.0, 0.5, 0.5 ] }
					}
				},
				{
					"name": "Cube32",
					"from": [ 0.1, 0.0707, 4.5134 ],
					"to": [ 0.5, 2.2707, 5.1134 ],
					"rotationOrigin": [ 0.1, 0.0707, 4.5133 ],
					"rotationX": -112.5,
					"faces": {
						"north": { "texture": "#molybdochalkos", "uv": [ 0.0, 0.0, 0.5, 2.0 ] },
						"east": { "texture": "#molybdochalkos", "uv": [ 0.0, 0.0, 0.5, 2.0 ] },
						"south": { "texture": "#molybdochalkos", "uv": [ 0.0, 0.0, 0.5, 2.0 ] },
						"west": { "texture": "#molybdochalkos", "uv": [ 0.0, 0.0, 0.5, 2.0 ] },
						"up": { "texture": "#molybdochalkos", "uv": [ 0.0, 0.0, 0.5, 0.5 ] },
						"down": { "texture": "#molybdochalkos", "uv": [ 0.0, 0.0, 0.5, 0.5 ] }
					}
				}
			]
		},
		{
			"name": "Cube33",
			"from": [ 9.5, 13.6, 6.7 ],
			"to": [ 10.1, 15.1, 7.2 ],
			"rotationOrigin": [ 9.5, 13.6, 6.9 ],
			"rotationX": 45.0,
			"faces": {
				"north": { "texture": "#molybdochalkos", "uv": [ 0.0, 0.0, 0.5, 1.5 ] },
				"east": { "texture": "#molybdochalkos", "uv": [ 0.0, 0.0, 0.5, 1.5 ] },
				"south": { "texture": "#molybdochalkos", "uv": [ 0.0, 0.0, 0.5, 1.5 ] },
				"west": { "texture": "#molybdochalkos", "uv": [ 0.0, 0.0, 0.5, 1.5 ] },
				"up": { "texture": "#molybdochalkos", "uv": [ 0.0, 0.0, 0.5, 0.5 ] },
				"down": { "texture": "#molybdochalkos", "uv": [ 0.0, 0.0, 0.5, 0.5 ] }
			},
			"children": [
				{
					"name": "Cube34",
					"from": [ 0.08, -0.99, 2.1799 ],
					"to": [ 0.53, 1.21, 2.7799 ],
					"rotationOrigin": [ 0.0, -0.99, 2.1799 ],
					"rotationX": -22.5,
					"faces": {
						"north": { "texture": "#molybdochalkos", "uv": [ 0.0, 0.0, 0.5, 2.0 ] },
						"east": { "texture": "#molybdochalkos", "uv": [ 0.0, 0.0, 0.5, 2.0 ] },
						"south": { "texture": "#molybdochalkos", "uv": [ 0.0, 0.0, 0.5, 2.0 ] },
						"west": { "texture": "#molybdochalkos", "uv": [ 0.0, 0.0, 0.5, 2.0 ] },
						"up": { "texture": "#molybdochalkos", "uv": [ 0.0, 0.0, 0.5, 0.5 ] },
						"down": { "texture": "#molybdochalkos", "uv": [ 0.0, 0.0, 0.5, 0.5 ] }
					}
				},
				{
					"name": "Cube35",
					"from": [ 0.0, 1.2142, 1.3556 ],
					"to": [ 0.6, 2.7142, 1.8556 ],
					"rotationOrigin": [ 0.0, 1.4142, 1.7556 ],
					"rotationX": -90.0,
					"faces": {
						"north": { "texture": "#molybdochalkos", "uv": [ 0.0, 0.0, 0.5, 1.5 ] },
						"east": { "texture": "#molybdochalkos", "uv": [ 0.0, 0.0, 0.5, 1.5 ] },
						"south": { "texture": "#molybdochalkos", "uv": [ 0.0, 0.0, 0.5, 1.5 ] },
						"west": { "texture": "#molybdochalkos", "uv": [ 0.0, 0.0, 0.5, 1.5 ] },
						"up": { "texture": "#molybdochalkos", "uv": [ 0.0, 0.0, 0.5, 0.5 ] },
						"down": { "texture": "#molybdochalkos", "uv": [ 0.0, 0.0, 0.5, 0.5 ] }
					}
				},
				{
					"name": "Cube36",
					"from": [ 0.1, -2.687, 1.0485 ],
					"to": [ 0.5, -0.187, 1.6485 ],
					"rotationOrigin": [ 0.1, -2.687, 1.0485 ],
					"rotationX": 22.5,
					"faces": {
						"north": { "texture": "#molybdochalkos", "uv": [ 0.0, 0.0, 0.5, 2.5 ] },
						"east": { "texture": "#molybdochalkos", "uv": [ 0.0, 0.0, 0.5, 2.5 ] },
						"south": { "texture": "#molybdochalkos", "uv": [ 0.0, 0.0, 0.5, 2.5 ] },
						"west": { "texture": "#molybdochalkos", "uv": [ 0.0, 0.0, 0.5, 2.5 ] },
						"up": { "texture": "#molybdochalkos", "uv": [ 0.0, 0.0, 0.5, 0.5 ] },
						"down": { "texture": "#molybdochalkos", "uv": [ 0.0, 0.0, 0.5, 0.5 ] }
					}
				},
				{
					"name": "Cube37",
					"from": [ 0.1, 0.0707, 4.5134 ],
					"to": [ 0.5, 2.2707, 5.1134 ],
					"rotationOrigin": [ 0.1, 0.0707, 4.5133 ],
					"rotationX": -112.5,
					"faces": {
						"north": { "texture": "#molybdochalkos", "uv": [ 0.0, 0.0, 0.5, 2.0 ] },
						"east": { "texture": "#molybdochalkos", "uv": [ 0.0, 0.0, 0.5, 2.0 ] },
						"south": { "texture": "#molybdochalkos", "uv": [ 0.0, 0.0, 0.5, 2.0 ] },
						"west": { "texture": "#molybdochalkos", "uv": [ 0.0, 0.0, 0.5, 2.0 ] },
						"up": { "texture": "#molybdochalkos", "uv": [ 0.0, 0.0, 0.5, 0.5 ] },
						"down": { "texture": "#molybdochalkos", "uv": [ 0.0, 0.0, 0.5, 0.5 ] }
					}
				}
			]
		}
	]}