{
	"editor": {
		"allAngles": false,
		"entityTextureMode": false
	},
	"textureWidth": 16,
	"textureHeight": 16,
	"textureSizes": {
	},
	"textures": {
	},
	"elements": [
		{
			"name": "Cube2",
			"from": [ 0.0, 1.0, 6.5 ],
			"to": [ 1.0, 16.0, 9.5 ],
			"rotationOrigin": [ 0.0, 1.0, 6.5 ],
			"faces": {
				"north": { "texture": "#acacia1", "uv": [ 0.0, 0.0, 1.0, 15.0 ] },
				"east": { "texture": "#acacia1", "uv": [ 0.0, 0.0, 3.0, 15.0 ] },
				"south": { "texture": "#acacia1", "uv": [ 0.0, 0.0, 1.0, 15.0 ] },
				"west": { "texture": "#acacia1", "uv": [ 0.0, 0.0, 3.0, 15.0 ] },
				"up": { "texture": "#acacia1", "uv": [ 0.0, 0.0, 1.0, 3.0 ] },
				"down": { "texture": "#acacia1", "uv": [ 0.0, 0.0, 1.0, 3.0 ] }
			}
		},
		{
			"name": "Cube3",
			"from": [ 15.0, 1.0, 6.5 ],
			"to": [ 16.0, 16.0, 9.5 ],
			"rotationOrigin": [ 15.0, 1.0, 6.5 ],
			"faces": {
				"north": { "texture": "#acacia1", "uv": [ 0.0, 0.0, 1.0, 15.0 ] },
				"east": { "texture": "#acacia1", "uv": [ 0.0, 0.0, 3.0, 15.0 ] },
				"south": { "texture": "#acacia1", "uv": [ 0.0, 0.0, 1.0, 15.0 ] },
				"west": { "texture": "#acacia1", "uv": [ 0.0, 0.0, 3.0, 15.0 ] },
				"up": { "texture": "#acacia1", "uv": [ 0.0, 0.0, 1.0, 3.0 ] },
				"down": { "texture": "#acacia1", "uv": [ 0.0, 0.0, 1.0, 3.0 ] }
			}
		},
		{
			"name": "Cube5",
			"from": [ 2.0, 15.0, 7.0 ],
			"to": [ 14.0, 16.0, 8.0 ],
			"rotationOrigin": [ 1.0, 15.0, 7.0 ],
			"rotationY": 45.0,
			"faces": {
				"north": { "texture": "#lead1", "uv": [ 0.0, 0.0, 12.0, 1.0 ] },
				"east": { "texture": "#lead1", "uv": [ 0.0, 0.0, 1.0, 1.0 ] },
				"south": { "texture": "#lead1", "uv": [ 0.0, 0.0, 12.0, 1.0 ] },
				"west": { "texture": "#lead1", "uv": [ 0.0, 0.0, 1.0, 1.0 ] },
				"up": { "texture": "#lead1", "uv": [ 0.0, 0.0, 12.0, 1.0 ] },
				"down": { "texture": "#lead1", "uv": [ 0.0, 0.0, 12.0, 1.0 ] }
			},
			"children": [
				{
					"name": "Cube4",
					"from": [ -1.0, -14.0, 0.0 ],
					"to": [ 13.0, -13.0, 1.0 ],
					"rotationOrigin": [ -1.0, -14.0, 0.0 ],
					"faces": {
						"north": { "texture": "#lead1", "uv": [ 0.0, 0.0, 14.0, 1.0 ] },
						"east": { "texture": "#lead1", "uv": [ 0.0, 0.0, 1.0, 1.0 ] },
						"south": { "texture": "#lead1", "uv": [ 0.0, 0.0, 14.0, 1.0 ] },
						"west": { "texture": "#lead1", "uv": [ 0.0, 0.0, 1.0, 1.0 ] },
						"up": { "texture": "#lead1", "uv": [ 0.0, 0.0, 14.0, 1.0 ] },
						"down": { "texture": "#lead1", "uv": [ 0.0, 0.0, 14.0, 1.0 ] }
					}
				},
				{
					"name": "Face2",
					"from": [ -1.0, -13.0, 0.5 ],
					"to": [ 13.0, 0.0, 0.5 ],
					"renderPass": 3,
					"rotationOrigin": [ -1.0, -13.0, 0.5 ],
					"faces": {
						"south": { "texture": "#leaded", "uv": [ 0.0, 0.0, 14.0, 13.0 ] }
					}
				},
				{
					"name": "Face3",
					"from": [ -1.0, 0.0, 0.5 ],
					"to": [ 13.0, 15.0, 0.5 ],
					"renderPass": 3,
					"rotationOrigin": [ -1.0, 0.0, 0.5 ],
					"faces": {
						"south": { "texture": "#leaded", "uv": [ 0.0, 0.0, 14.0, 15.0 ] }
					}
				},
				{
					"name": "Cube7",
					"from": [ -1.0, 15.0, 0.0 ],
					"to": [ 13.0, 16.0, 1.0 ],
					"rotationOrigin": [ -1.0, 15.0, 0.0 ],
					"faces": {
						"north": { "texture": "#lead1", "uv": [ 0.0, 0.0, 14.0, 1.0 ] },
						"east": { "texture": "#lead1", "uv": [ 0.0, 0.0, 1.0, 1.0 ] },
						"south": { "texture": "#lead1", "uv": [ 0.0, 0.0, 14.0, 1.0 ] },
						"west": { "texture": "#lead1", "uv": [ 0.0, 0.0, 1.0, 1.0 ] },
						"up": { "texture": "#lead1", "uv": [ 0.0, 0.0, 14.0, 1.0 ] },
						"down": { "texture": "#lead1", "uv": [ 0.0, 0.0, 14.0, 1.0 ] }
					}
				},
				{
					"name": "Cube6",
					"from": [ -1.0, -13.0, 0.0 ],
					"to": [ 0.0, 1.0, 1.0 ],
					"rotationOrigin": [ -1.0, -13.0, 0.0 ],
					"faces": {
						"north": { "texture": "#lead1", "uv": [ 0.0, 0.0, 1.0, 14.0 ] },
						"east": { "texture": "#lead1", "uv": [ 0.0, 0.0, 1.0, 14.0 ] },
						"south": { "texture": "#lead1", "uv": [ 0.0, 0.0, 1.0, 14.0 ] },
						"west": { "texture": "#lead1", "uv": [ 0.0, 0.0, 1.0, 14.0 ] },
						"up": { "texture": "#lead1", "uv": [ 0.0, 0.0, 1.0, 1.0 ] },
						"down": { "texture": "#lead1", "uv": [ 0.0, 0.0, 1.0, 1.0 ] }
					}
				},
				{
					"name": "Cube13",
					"from": [ -1.0, 1.0, 0.0 ],
					"to": [ 0.0, 15.0, 1.0 ],
					"rotationOrigin": [ -1.0, 1.0, 0.0 ],
					"faces": {
						"north": { "texture": "#lead1", "uv": [ 0.0, 0.0, 1.0, 14.0 ] },
						"east": { "texture": "#lead1", "uv": [ 0.0, 0.0, 1.0, 14.0 ] },
						"south": { "texture": "#lead1", "uv": [ 0.0, 0.0, 1.0, 14.0 ] },
						"west": { "texture": "#lead1", "uv": [ 0.0, 0.0, 1.0, 14.0 ] },
						"up": { "texture": "#lead1", "uv": [ 0.0, 0.0, 1.0, 1.0 ] },
						"down": { "texture": "#lead1", "uv": [ 0.0, 0.0, 1.0, 1.0 ] }
					}
				},
				{
					"name": "Cube14",
					"from": [ 12.0, 1.0, 0.0 ],
					"to": [ 13.0, 15.0, 1.0 ],
					"rotationOrigin": [ 12.0, 1.0, 0.0 ],
					"faces": {
						"north": { "texture": "#lead1", "uv": [ 0.0, 0.0, 1.0, 14.0 ] },
						"east": { "texture": "#lead1", "uv": [ 0.0, 0.0, 1.0, 14.0 ] },
						"south": { "texture": "#lead1", "uv": [ 0.0, 0.0, 1.0, 14.0 ] },
						"west": { "texture": "#lead1", "uv": [ 0.0, 0.0, 1.0, 14.0 ] },
						"up": { "texture": "#lead1", "uv": [ 0.0, 0.0, 1.0, 1.0 ] },
						"down": { "texture": "#lead1", "uv": [ 0.0, 0.0, 1.0, 1.0 ] }
					}
				},
				{
					"name": "Cube12",
					"from": [ 12.0, -13.0, 0.0 ],
					"to": [ 13.0, 1.0, 1.0 ],
					"rotationOrigin": [ 12.0, -13.0, 0.0 ],
					"faces": {
						"north": { "texture": "#lead1", "uv": [ 0.0, 0.0, 1.0, 14.0 ] },
						"east": { "texture": "#lead1", "uv": [ 0.0, 0.0, 1.0, 14.0 ] },
						"south": { "texture": "#lead1", "uv": [ 0.0, 0.0, 1.0, 14.0 ] },
						"west": { "texture": "#lead1", "uv": [ 0.0, 0.0, 1.0, 14.0 ] },
						"up": { "texture": "#lead1", "uv": [ 0.0, 0.0, 1.0, 1.0 ] },
						"down": { "texture": "#lead1", "uv": [ 0.0, 0.0, 1.0, 1.0 ] }
					}
				},
				{
					"name": "Cube15",
					"from": [ 9.0, 0.25, 1.0 ],
					"to": [ 9.6, 0.75, 1.7 ],
					"rotationOrigin": [ 9.0, 0.3, 1.0 ],
					"faces": {
						"north": { "texture": "#acacia1", "uv": [ 0.0, 0.0, 0.5, 0.5 ] },
						"east": { "texture": "#acacia1", "uv": [ 0.0, 0.0, 0.5, 0.5 ] },
						"south": { "texture": "#acacia1", "uv": [ 0.0, 0.0, 0.5, 0.5 ] },
						"west": { "texture": "#acacia1", "uv": [ 0.0, 0.0, 0.5, 0.5 ] },
						"up": { "texture": "#acacia1", "uv": [ 0.0, 0.0, 0.5, 0.5 ] },
						"down": { "texture": "#acacia1", "uv": [ 0.0, 0.0, 0.5, 0.5 ] }
					}
				},
				{
					"name": "Cube16",
					"from": [ 12.0, 0.25, 1.0 ],
					"to": [ 12.6, 0.75, 1.7 ],
					"rotationOrigin": [ 12.0, 0.3, 1.0 ],
					"faces": {
						"north": { "texture": "#acacia1", "uv": [ 0.0, 0.0, 0.5, 0.5 ] },
						"east": { "texture": "#acacia1", "uv": [ 0.0, 0.0, 0.5, 0.5 ] },
						"south": { "texture": "#acacia1", "uv": [ 0.0, 0.0, 0.5, 0.5 ] },
						"west": { "texture": "#acacia1", "uv": [ 0.0, 0.0, 0.5, 0.5 ] },
						"up": { "texture": "#acacia1", "uv": [ 0.0, 0.0, 0.5, 0.5 ] },
						"down": { "texture": "#acacia1", "uv": [ 0.0, 0.0, 0.5, 0.5 ] }
					}
				},
				{
					"name": "Cube17",
					"from": [ 9.6, 0.25, 1.5 ],
					"to": [ 12.0, 0.75, 1.7 ],
					"rotationOrigin": [ 9.6, 0.3, 1.5 ],
					"faces": {
						"north": { "texture": "#acacia1", "uv": [ 0.0, 0.0, 2.0, 0.5 ] },
						"east": { "texture": "#acacia1", "uv": [ 0.0, 0.0, 0.5, 0.5 ] },
						"south": { "texture": "#acacia1", "uv": [ 0.0, 0.0, 2.0, 0.5 ] },
						"west": { "texture": "#acacia1", "uv": [ 0.0, 0.0, 0.5, 0.5 ] },
						"up": { "texture": "#acacia1", "uv": [ 0.0, 0.0, 2.0, 0.5 ] },
						"down": { "texture": "#acacia1", "uv": [ 0.0, 0.0, 2.0, 0.5 ] }
					}
				}
			]
		},
		{
			"name": "Cube8",
			"from": [ 0.0, 0.0, 5.0 ],
			"to": [ 16.0, 1.0, 11.0 ],
			"rotationOrigin": [ 0.0, 0.0, 5.0 ],
			"faces": {
				"north": { "texture": "#acacia1", "uv": [ 0.0, 0.0, 16.0, 1.0 ] },
				"east": { "texture": "#acacia1", "uv": [ 0.0, 0.0, 6.0, 1.0 ] },
				"south": { "texture": "#acacia1", "uv": [ 0.0, 0.0, 16.0, 1.0 ] },
				"west": { "texture": "#acacia1", "uv": [ 0.0, 0.0, 6.0, 1.0 ] },
				"up": { "texture": "#acacia1", "uv": [ 0.0, 0.0, 16.0, 6.0 ] },
				"down": { "texture": "#acacia1", "uv": [ 0.0, 0.0, 16.0, 6.0 ] }
			}
		},
		{
			"name": "Cube10",
			"from": [ 15.0, 16.0, 6.5 ],
			"to": [ 16.0, 31.0, 9.5 ],
			"rotationOrigin": [ 15.0, 16.0, 6.5 ],
			"faces": {
				"north": { "texture": "#acacia1", "uv": [ 0.0, 0.0, 1.0, 15.0 ] },
				"east": { "texture": "#acacia1", "uv": [ 0.0, 0.0, 3.0, 15.0 ] },
				"south": { "texture": "#acacia1", "uv": [ 0.0, 0.0, 1.0, 15.0 ] },
				"west": { "texture": "#acacia1", "uv": [ 0.0, 0.0, 3.0, 15.0 ] },
				"up": { "texture": "#acacia1", "uv": [ 0.0, 0.0, 1.0, 3.0 ] },
				"down": { "texture": "#acacia1", "uv": [ 0.0, 0.0, 1.0, 3.0 ] }
			}
		},
		{
			"name": "Cube11",
			"from": [ 0.0, 16.0, 6.5 ],
			"to": [ 1.0, 31.0, 9.5 ],
			"rotationOrigin": [ 0.0, 16.0, 6.5 ],
			"faces": {
				"north": { "texture": "#acacia1", "uv": [ 0.0, 0.0, 1.0, 15.0 ] },
				"east": { "texture": "#acacia1", "uv": [ 0.0, 0.0, 3.0, 15.0 ] },
				"south": { "texture": "#acacia1", "uv": [ 0.0, 0.0, 1.0, 15.0 ] },
				"west": { "texture": "#acacia1", "uv": [ 0.0, 0.0, 3.0, 15.0 ] },
				"up": { "texture": "#acacia1", "uv": [ 0.0, 0.0, 1.0, 3.0 ] },
				"down": { "texture": "#acacia1", "uv": [ 0.0, 0.0, 1.0, 3.0 ] }
			}
		},
		{
			"name": "Cube9",
			"from": [ 0.0, 31.0, 5.0 ],
			"to": [ 16.0, 32.0, 11.0 ],
			"rotationOrigin": [ 0.0, 31.0, 5.0 ],
			"faces": {
				"north": { "texture": "#acacia1", "uv": [ 0.0, 0.0, 16.0, 1.0 ] },
				"east": { "texture": "#acacia1", "uv": [ 0.0, 0.0, 6.0, 1.0 ] },
				"south": { "texture": "#acacia1", "uv": [ 0.0, 0.0, 16.0, 1.0 ] },
				"west": { "texture": "#acacia1", "uv": [ 0.0, 0.0, 6.0, 1.0 ] },
				"up": { "texture": "#acacia1", "uv": [ 0.0, 0.0, 16.0, 6.0 ] },
				"down": { "texture": "#acacia1", "uv": [ 0.0, 0.0, 16.0, 6.0 ] }
			}
		},
		{
			"name": "Cube18",
			"from": [ 7.5, 1.0, 6.9 ],
			"to": [ 7.9, 1.2, 9.4 ],
			"rotationOrigin": [ 7.5, 1.0, 6.9 ],
			"rotationY": -112.5,
			"faces": {
				"north": { "texture": "#lead1", "uv": [ 0.0, 0.0, 0.5, 0.5 ] },
				"east": { "texture": "#lead1", "uv": [ 0.0, 0.0, 2.5, 0.5 ] },
				"south": { "texture": "#lead1", "uv": [ 0.0, 0.0, 0.5, 0.5 ] },
				"west": { "texture": "#lead1", "uv": [ 0.0, 0.0, 2.5, 0.5 ] },
				"up": { "texture": "#lead1", "uv": [ 0.0, 0.0, 0.5, 2.5 ] },
				"down": { "texture": "#lead1", "uv": [ 0.0, 0.0, 0.5, 2.5 ] }
			},
			"children": [
				{
					"name": "Cube19",
					"from": [ -0.0048, 0.2, 2.1004 ],
					"to": [ 0.3952, 0.4, 4.6004 ],
					"rotationOrigin": [ 0.1952, 0.2, 2.3004 ],
					"rotationY": -67.5,
					"faces": {
						"north": { "texture": "#lead1", "uv": [ 0.0, 0.0, 0.5, 0.5 ] },
						"east": { "texture": "#lead1", "uv": [ 0.0, 0.0, 2.5, 0.5 ] },
						"south": { "texture": "#lead1", "uv": [ 0.0, 0.0, 0.5, 0.5 ] },
						"west": { "texture": "#lead1", "uv": [ 0.0, 0.0, 2.5, 0.5 ] },
						"up": { "texture": "#lead1", "uv": [ 0.0, 0.0, 0.5, 2.5 ] },
						"down": { "texture": "#lead1", "uv": [ 0.0, 0.0, 0.5, 2.5 ] }
					}
				}
			]
		},
		{
			"name": "Cube20",
			"from": [ 7.5, 30.8, 6.9 ],
			"to": [ 7.9, 31.0, 9.4 ],
			"rotationOrigin": [ 7.5, 30.8, 6.9 ],
			"rotationY": -112.5,
			"faces": {
				"north": { "texture": "#lead1", "uv": [ 0.0, 0.0, 0.5, 0.5 ] },
				"east": { "texture": "#lead1", "uv": [ 0.0, 0.0, 2.5, 0.5 ] },
				"south": { "texture": "#lead1", "uv": [ 0.0, 0.0, 0.5, 0.5 ] },
				"west": { "texture": "#lead1", "uv": [ 0.0, 0.0, 2.5, 0.5 ] },
				"up": { "texture": "#lead1", "uv": [ 0.0, 0.0, 0.5, 2.5 ] },
				"down": { "texture": "#lead1", "uv": [ 0.0, 0.0, 0.5, 2.5 ] }
			},
			"children": [
				{
					"name": "Cube21",
					"from": [ -0.0048, -0.2, 2.1004 ],
					"to": [ 0.3952, 0.0, 4.6004 ],
					"rotationOrigin": [ 0.1952, -0.2, 2.3004 ],
					"rotationY": -67.5,
					"faces": {
						"north": { "texture": "#lead1", "uv": [ 0.0, 0.0, 0.5, 0.5 ] },
						"east": { "texture": "#lead1", "uv": [ 0.0, 0.0, 2.5, 0.5 ] },
						"south": { "texture": "#lead1", "uv": [ 0.0, 0.0, 0.5, 0.5 ] },
						"west": { "texture": "#lead1", "uv": [ 0.0, 0.0, 2.5, 0.5 ] },
						"up": { "texture": "#lead1", "uv": [ 0.0, 0.0, 0.5, 2.5 ] },
						"down": { "texture": "#lead1", "uv": [ 0.0, 0.0, 0.5, 2.5 ] }
					}
				}
			]
		}
	]}