{
	"editor": {
		"allAngles": false,
		"entityTextureMode": false
	},
	"textureWidth": 16,
	"textureHeight": 16,
	"textureSizes": {
	},
	"textures": {
	},
	"elements": [
		{
			"name": "rotation origin",
			"from": [ 1.0, 1.0, 8.0 ],
			"to": [ 1.0, 1.0, 8.0 ],
			"rotationOrigin": [ 8.0, 16.0, 8.5 ],
			"faces": {
				"north": { "texture": "#acacia1", "uv": [ 0.0, 0.0, 0.5, 0.5 ] },
				"east": { "texture": "#acacia1", "uv": [ 0.0, 0.0, 0.5, 0.5 ] },
				"south": { "texture": "#acacia1", "uv": [ 0.0, 0.0, 0.5, 0.5 ] },
				"west": { "texture": "#acacia1", "uv": [ 0.0, 0.0, 0.5, 0.5 ] },
				"up": { "texture": "#acacia1", "uv": [ 0.0, 0.0, 0.5, 0.5 ] },
				"down": { "texture": "#acacia1", "uv": [ 0.0, 0.0, 0.5, 0.5 ] }
			},
			"children": [
				{
					"name": "bot",
					"from": [ -1.0, -1.0, -0.5 ],
					"to": [ 15.0, 0.0, 0.5 ],
					"rotationOrigin": [ -1.0, -1.0, -0.5 ],
					"faces": {
						"north": { "texture": "#acacia1", "uv": [ 0.0, 0.0, 16.0, 1.0 ] },
						"east": { "texture": "#acacia1", "uv": [ 0.0, 0.0, 1.0, 1.0 ] },
						"south": { "texture": "#acacia1", "uv": [ 0.0, 0.0, 16.0, 1.0 ] },
						"west": { "texture": "#acacia1", "uv": [ 0.0, 0.0, 1.0, 1.0 ] },
						"up": { "texture": "#acacia1", "uv": [ 0.0, 0.0, 16.0, 1.0 ] },
						"down": { "texture": "#acacia1", "uv": [ 0.0, 0.0, 16.0, 1.0 ] }
					}
				},
				{
					"name": "Cube2",
					"from": [ -1.0, 0.0, -0.5 ],
					"to": [ 0.0, 14.0, 0.5 ],
					"rotationOrigin": [ -1.0, 0.0, -0.5 ],
					"faces": {
						"north": { "texture": "#acacia1", "uv": [ 0.0, 0.0, 1.0, 14.0 ] },
						"east": { "texture": "#acacia1", "uv": [ 0.0, 0.0, 1.0, 14.0 ] },
						"south": { "texture": "#acacia1", "uv": [ 0.0, 0.0, 1.0, 14.0 ] },
						"west": { "texture": "#acacia1", "uv": [ 0.0, 0.0, 1.0, 14.0 ] },
						"up": { "texture": "#acacia1", "uv": [ 0.0, 0.0, 1.0, 1.0 ] },
						"down": { "texture": "#acacia1", "uv": [ 0.0, 0.0, 1.0, 1.0 ] }
					}
				},
				{
					"name": "Cube3",
					"from": [ 14.0, 0.0, -0.5 ],
					"to": [ 15.0, 14.0, 0.5 ],
					"rotationOrigin": [ 14.0, 0.0, -0.5 ],
					"faces": {
						"north": { "texture": "#acacia1", "uv": [ 0.0, 0.0, 1.0, 14.0 ] },
						"east": { "texture": "#acacia1", "uv": [ 0.0, 0.0, 1.0, 14.0 ] },
						"south": { "texture": "#acacia1", "uv": [ 0.0, 0.0, 1.0, 14.0 ] },
						"west": { "texture": "#acacia1", "uv": [ 0.0, 0.0, 1.0, 14.0 ] },
						"up": { "texture": "#acacia1", "uv": [ 0.0, 0.0, 1.0, 1.0 ] },
						"down": { "texture": "#acacia1", "uv": [ 0.0, 0.0, 1.0, 1.0 ] }
					}
				},
				{
					"name": "Cube4",
					"from": [ 0.1, 0.1, 0.0 ],
					"to": [ 13.9, 13.9, 0.1 ],
					"renderPass": 3,
					"rotationOrigin": [ 0.1, 0.1, 0.0 ],
					"faces": {
						"north": { "texture": "#leaded", "uv": [ 0.0, 0.0, 16.0, 16.0 ], "autoUv": false },
						"east": { "texture": "#leaded", "uv": [ 0.0, 0.0, 0.5, 13.5 ] },
						"south": { "texture": "#leaded", "uv": [ 0.0, 0.0, 16.0, 16.0 ], "autoUv": false },
						"west": { "texture": "#leaded", "uv": [ 0.0, 0.0, 0.5, 13.5 ] },
						"up": { "texture": "#leaded", "uv": [ 0.0, 0.0, 13.5, 0.5 ] },
						"down": { "texture": "#leaded", "uv": [ 0.0, 0.0, 13.5, 0.5 ] }
					}
				},
				{
					"name": "top",
					"from": [ -1.0, 14.0, -0.5 ],
					"to": [ 15.0, 15.0, 0.5 ],
					"rotationOrigin": [ -1.0, 14.0, -0.5 ],
					"faces": {
						"north": { "texture": "#acacia1", "uv": [ 0.0, 0.0, 16.0, 1.0 ] },
						"east": { "texture": "#acacia1", "uv": [ 0.0, 0.0, 1.0, 1.0 ] },
						"south": { "texture": "#acacia1", "uv": [ 0.0, 0.0, 16.0, 1.0 ] },
						"west": { "texture": "#acacia1", "uv": [ 0.0, 0.0, 1.0, 1.0 ] },
						"up": { "texture": "#acacia1", "uv": [ 0.0, 0.0, 16.0, 1.0 ] },
						"down": { "texture": "#acacia1", "uv": [ 0.0, 0.0, 16.0, 1.0 ] }
					}
				}
			]
		}
	]}