{
	"editor": {
		"allAngles": false,
		"entityTextureMode": false
	},
	"textureWidth": 16,
	"textureHeight": 16,
	"textureSizes": {
	},
	"textures": {
		"leaded": "/Users/user/AppData/Roaming/Vintagestory/assets/survival/textures/block/glass/leaded",
		"acacia1": "/Users/user/AppData/Roaming/Vintagestory/assets/survival/textures/block/wood/planks/acacia1"
	},
	"elements": [
		{
			"name": "Cube2",
			"from": [ 0.0, 0.0, 6.5 ],
			"to": [ 1.0, 15.0, 9.5 ],
			"rotationOrigin": [ 0.0, 0.0, 6.5 ],
			"faces": {
				"north": { "texture": "#acacia1", "uv": [ 0.0, 0.0, 1.0, 15.0 ] },
				"east": { "texture": "#acacia1", "uv": [ 0.0, 0.0, 3.0, 15.0 ] },
				"south": { "texture": "#acacia1", "uv": [ 0.0, 0.0, 1.0, 15.0 ] },
				"west": { "texture": "#acacia1", "uv": [ 0.0, 0.0, 3.0, 15.0 ] },
				"up": { "texture": "#acacia1", "uv": [ 0.0, 0.0, 1.0, 3.0 ] },
				"down": { "texture": "#acacia1", "uv": [ 0.0, 0.0, 1.0, 3.0 ] }
			}
		},
		{
			"name": "Cube3",
			"from": [ 15.0, 0.0, 6.5 ],
			"to": [ 16.0, 15.0, 9.5 ],
			"rotationOrigin": [ 15.0, 0.0, 6.5 ],
			"faces": {
				"north": { "texture": "#acacia1", "uv": [ 0.0, 0.0, 1.0, 15.0 ] },
				"east": { "texture": "#acacia1", "uv": [ 0.0, 0.0, 3.0, 15.0 ] },
				"south": { "texture": "#acacia1", "uv": [ 0.0, 0.0, 1.0, 15.0 ] },
				"west": { "texture": "#acacia1", "uv": [ 0.0, 0.0, 3.0, 15.0 ] },
				"up": { "texture": "#acacia1", "uv": [ 0.0, 0.0, 1.0, 3.0 ] },
				"down": { "texture": "#acacia1", "uv": [ 0.0, 0.0, 1.0, 3.0 ] }
			}
		},
		{
			"name": "Cube5",
			"from": [ 1.5, 14.5, 7.0 ],
			"to": [ 7.5, 15.0, 8.0 ],
			"rotationOrigin": [ 1.0, 14.5, 7.0 ],
			"rotationY": 67.5,
			"faces": {
				"north": { "texture": "#lead1", "uv": [ 0.0, 0.0, 6.0, 0.5 ] },
				"east": { "texture": "#lead1", "uv": [ 0.0, 0.0, 1.0, 0.5 ] },
				"south": { "texture": "#lead1", "uv": [ 0.0, 0.0, 6.0, 0.5 ] },
				"west": { "texture": "#lead1", "uv": [ 0.0, 0.0, 1.0, 0.5 ] },
				"up": { "texture": "#lead1", "uv": [ 0.0, 0.0, 6.0, 1.0 ] },
				"down": { "texture": "#lead1", "uv": [ 0.0, 0.0, 6.0, 1.0 ] }
			},
			"children": [
				{
					"name": "Cube4",
					"from": [ 0.0, -13.5, 0.0 ],
					"to": [ 6.0, -13.0, 1.0 ],
					"rotationOrigin": [ 0.0, -13.5, 0.0 ],
					"faces": {
						"north": { "texture": "#lead1", "uv": [ 0.0, 0.0, 6.0, 0.5 ] },
						"east": { "texture": "#lead1", "uv": [ 0.0, 0.0, 1.0, 0.5 ] },
						"south": { "texture": "#lead1", "uv": [ 0.0, 0.0, 6.0, 0.5 ] },
						"west": { "texture": "#lead1", "uv": [ 0.0, 0.0, 1.0, 0.5 ] },
						"up": { "texture": "#lead1", "uv": [ 0.0, 0.0, 6.0, 1.0 ] },
						"down": { "texture": "#lead1", "uv": [ 0.0, 0.0, 6.0, 1.0 ] }
					}
				},
				{
					"name": "Face2",
					"from": [ 0.0, -13.0, 0.5 ],
					"to": [ 6.0, 0.0, 0.5 ],
					"renderPass": 3,
					"rotationOrigin": [ 0.0, -13.0, 0.5 ],
					"faces": {
						"south": { "texture": "#leaded", "uv": [ 5.0, 1.5, 11.0, 14.5 ] }
					}
				},
				{
					"name": "Cube6",
					"from": [ -0.5, -13.5, 0.0 ],
					"to": [ 0.0, 0.5, 1.0 ],
					"rotationOrigin": [ -0.5, -13.5, 0.0 ],
					"faces": {
						"north": { "texture": "#lead1", "uv": [ 0.0, 0.0, 0.5, 14.0 ] },
						"east": { "texture": "#lead1", "uv": [ 0.0, 0.0, 1.0, 14.0 ] },
						"south": { "texture": "#lead1", "uv": [ 0.0, 0.0, 0.5, 14.0 ] },
						"west": { "texture": "#lead1", "uv": [ 0.0, 0.0, 1.0, 14.0 ] },
						"up": { "texture": "#lead1", "uv": [ 0.0, 0.0, 0.5, 1.0 ] },
						"down": { "texture": "#lead1", "uv": [ 0.0, 0.0, 0.5, 1.0 ] }
					}
				},
				{
					"name": "Cube7",
					"from": [ 6.0, -13.5, 0.0 ],
					"to": [ 6.5, 0.5, 1.0 ],
					"rotationOrigin": [ 6.0, -13.5, 0.0 ],
					"faces": {
						"north": { "texture": "#lead1", "uv": [ 0.0, 0.0, 0.5, 14.0 ] },
						"east": { "texture": "#lead1", "uv": [ 0.0, 0.0, 1.0, 14.0 ] },
						"south": { "texture": "#lead1", "uv": [ 0.0, 0.0, 0.5, 14.0 ] },
						"west": { "texture": "#lead1", "uv": [ 0.0, 0.0, 1.0, 14.0 ] },
						"up": { "texture": "#lead1", "uv": [ 0.0, 0.0, 0.5, 1.0 ] },
						"down": { "texture": "#lead1", "uv": [ 0.0, 0.0, 0.5, 1.0 ] }
					}
				},
				{
					"name": "Cube14",
					"from": [ 6.1, -7.5, 1.0 ],
					"to": [ 6.4, -6.8, 1.4 ],
					"rotationOrigin": [ 6.1, -7.5, 1.0 ],
					"faces": {
						"north": { "texture": "#acacia1", "uv": [ 0.0, 0.0, 0.5, 0.5 ] },
						"east": { "texture": "#acacia1", "uv": [ 0.0, 0.0, 0.5, 0.5 ] },
						"south": { "texture": "#acacia1", "uv": [ 0.0, 0.0, 0.5, 0.5 ] },
						"west": { "texture": "#acacia1", "uv": [ 0.0, 0.0, 0.5, 0.5 ] },
						"up": { "texture": "#acacia1", "uv": [ 0.0, 0.0, 0.5, 0.5 ] },
						"down": { "texture": "#acacia1", "uv": [ 0.0, 0.0, 0.5, 0.5 ] }
					}
				},
				{
					"name": "Cube16",
					"from": [ 5.8, -7.5, 1.2 ],
					"to": [ 6.1, -6.8, 1.4 ],
					"rotationOrigin": [ 5.8, -7.5, 1.2 ],
					"faces": {
						"north": { "texture": "#acacia1", "uv": [ 0.0, 0.0, 0.5, 0.5 ] },
						"east": { "texture": "#acacia1", "uv": [ 0.0, 0.0, 0.5, 0.5 ] },
						"south": { "texture": "#acacia1", "uv": [ 0.0, 0.0, 0.5, 0.5 ] },
						"west": { "texture": "#acacia1", "uv": [ 0.0, 0.0, 0.5, 0.5 ] },
						"up": { "texture": "#acacia1", "uv": [ 0.0, 0.0, 0.5, 0.5 ] },
						"down": { "texture": "#acacia1", "uv": [ 0.0, 0.0, 0.5, 0.5 ] }
					}
				}
			]
		},
		{
			"name": "Cube8",
			"from": [ 0.0, 0.0, 5.0 ],
			"to": [ 16.0, 1.0, 11.0 ],
			"rotationOrigin": [ 0.0, 0.0, 5.0 ],
			"faces": {
				"north": { "texture": "#acacia1", "uv": [ 0.0, 0.0, 16.0, 1.0 ] },
				"east": { "texture": "#acacia1", "uv": [ 0.0, 0.0, 6.0, 1.0 ] },
				"south": { "texture": "#acacia1", "uv": [ 0.0, 0.0, 16.0, 1.0 ] },
				"west": { "texture": "#acacia1", "uv": [ 0.0, 0.0, 6.0, 1.0 ] },
				"up": { "texture": "#acacia1", "uv": [ 0.0, 0.0, 16.0, 6.0 ] },
				"down": { "texture": "#acacia1", "uv": [ 0.0, 0.0, 16.0, 6.0 ] }
			}
		},
		{
			"name": "Cube9",
			"from": [ 0.0, 15.0, 5.0 ],
			"to": [ 16.0, 16.0, 11.0 ],
			"rotationOrigin": [ 0.0, 15.0, 5.0 ],
			"faces": {
				"north": { "texture": "#acacia1", "uv": [ 0.0, 0.0, 16.0, 1.0 ] },
				"east": { "texture": "#acacia1", "uv": [ 0.0, 0.0, 6.0, 1.0 ] },
				"south": { "texture": "#acacia1", "uv": [ 0.0, 0.0, 16.0, 1.0 ] },
				"west": { "texture": "#acacia1", "uv": [ 0.0, 0.0, 6.0, 1.0 ] },
				"up": { "texture": "#acacia1", "uv": [ 0.0, 0.0, 16.0, 6.0 ] },
				"down": { "texture": "#acacia1", "uv": [ 0.0, 0.0, 16.0, 6.0 ] }
			}
		},
		{
			"name": "Cube10",
			"from": [ 8.5, 14.5, 7.0 ],
			"to": [ 14.5, 15.0, 8.0 ],
			"rotationOrigin": [ 15.0, 14.5, 7.0 ],
			"rotationY": -67.5,
			"faces": {
				"north": { "texture": "#lead1", "uv": [ 0.0, 0.0, 6.0, 0.5 ] },
				"east": { "texture": "#lead1", "uv": [ 0.0, 0.0, 1.0, 0.5 ] },
				"south": { "texture": "#lead1", "uv": [ 0.0, 0.0, 6.0, 0.5 ] },
				"west": { "texture": "#lead1", "uv": [ 0.0, 0.0, 1.0, 0.5 ] },
				"up": { "texture": "#lead1", "uv": [ 0.0, 0.0, 6.0, 1.0 ] },
				"down": { "texture": "#lead1", "uv": [ 0.0, 0.0, 6.0, 1.0 ] }
			},
			"children": [
				{
					"name": "Cube11",
					"from": [ 0.0, -13.5, 0.0 ],
					"to": [ 6.0, -13.0, 1.0 ],
					"rotationOrigin": [ 0.0, -13.5, 0.0 ],
					"faces": {
						"north": { "texture": "#lead1", "uv": [ 0.0, 0.0, 6.0, 0.5 ] },
						"east": { "texture": "#lead1", "uv": [ 0.0, 0.0, 1.0, 0.5 ] },
						"south": { "texture": "#lead1", "uv": [ 0.0, 0.0, 6.0, 0.5 ] },
						"west": { "texture": "#lead1", "uv": [ 0.0, 0.0, 1.0, 0.5 ] },
						"up": { "texture": "#lead1", "uv": [ 0.0, 0.0, 6.0, 1.0 ] },
						"down": { "texture": "#lead1", "uv": [ 0.0, 0.0, 6.0, 1.0 ] }
					}
				},
				{
					"name": "Face3",
					"from": [ 0.0, -13.0, 0.5 ],
					"to": [ 6.0, 0.0, 0.5 ],
					"renderPass": 3,
					"rotationOrigin": [ 0.0, -13.0, 0.5 ],
					"faces": {
						"south": { "texture": "#leaded", "uv": [ 5.0, 1.5, 11.0, 14.5 ] }
					}
				},
				{
					"name": "Cube12",
					"from": [ -0.5, -13.5, 0.0 ],
					"to": [ 0.0, 0.5, 1.0 ],
					"rotationOrigin": [ -0.5, -13.5, 0.0 ],
					"faces": {
						"north": { "texture": "#lead1", "uv": [ 0.0, 0.0, 0.5, 14.0 ] },
						"east": { "texture": "#lead1", "uv": [ 0.0, 0.0, 1.0, 14.0 ] },
						"south": { "texture": "#lead1", "uv": [ 0.0, 0.0, 0.5, 14.0 ] },
						"west": { "texture": "#lead1", "uv": [ 0.0, 0.0, 1.0, 14.0 ] },
						"up": { "texture": "#lead1", "uv": [ 0.0, 0.0, 0.5, 1.0 ] },
						"down": { "texture": "#lead1", "uv": [ 0.0, 0.0, 0.5, 1.0 ] }
					}
				},
				{
					"name": "Cube13",
					"from": [ 6.0, -13.5, 0.0 ],
					"to": [ 6.5, 0.5, 1.0 ],
					"rotationOrigin": [ 6.0, -13.5, 0.0 ],
					"faces": {
						"north": { "texture": "#lead1", "uv": [ 0.0, 0.0, 0.5, 14.0 ] },
						"east": { "texture": "#lead1", "uv": [ 0.0, 0.0, 1.0, 14.0 ] },
						"south": { "texture": "#lead1", "uv": [ 0.0, 0.0, 0.5, 14.0 ] },
						"west": { "texture": "#lead1", "uv": [ 0.0, 0.0, 1.0, 14.0 ] },
						"up": { "texture": "#lead1", "uv": [ 0.0, 0.0, 0.5, 1.0 ] },
						"down": { "texture": "#lead1", "uv": [ 0.0, 0.0, 0.5, 1.0 ] }
					}
				},
				{
					"name": "Cube15",
					"from": [ -0.4, -7.5, 1.0 ],
					"to": [ -0.1, -6.8, 1.4 ],
					"rotationOrigin": [ -0.4, -7.5, 1.0 ],
					"faces": {
						"north": { "texture": "#acacia1", "uv": [ 0.0, 0.0, 0.5, 0.5 ] },
						"east": { "texture": "#acacia1", "uv": [ 0.0, 0.0, 0.5, 0.5 ] },
						"south": { "texture": "#acacia1", "uv": [ 0.0, 0.0, 0.5, 0.5 ] },
						"west": { "texture": "#acacia1", "uv": [ 0.0, 0.0, 0.5, 0.5 ] },
						"up": { "texture": "#acacia1", "uv": [ 0.0, 0.0, 0.5, 0.5 ] },
						"down": { "texture": "#acacia1", "uv": [ 0.0, 0.0, 0.5, 0.5 ] }
					}
				},
				{
					"name": "Cube17",
					"from": [ -0.1, -7.5, 1.2 ],
					"to": [ 0.2, -6.8, 1.4 ],
					"rotationOrigin": [ -0.1, -7.5, 1.2 ],
					"faces": {
						"north": { "texture": "#acacia1", "uv": [ 0.0, 0.0, 0.5, 0.5 ] },
						"east": { "texture": "#acacia1", "uv": [ 0.0, 0.0, 0.5, 0.5 ] },
						"south": { "texture": "#acacia1", "uv": [ 0.0, 0.0, 0.5, 0.5 ] },
						"west": { "texture": "#acacia1", "uv": [ 0.0, 0.0, 0.5, 0.5 ] },
						"up": { "texture": "#acacia1", "uv": [ 0.0, 0.0, 0.5, 0.5 ] },
						"down": { "texture": "#acacia1", "uv": [ 0.0, 0.0, 0.5, 0.5 ] }
					}
				}
			]
		}
	]}