{
	"editor": {
		"collapsedPaths": "",
		"allAngles": false,
		"entityTextureMode": false
	},
	"textureWidth": 16,
	"textureHeight": 16,
	"textureSizes": {
	},
	"textures": {
	},
	"elements": [
		{
			"name": "origin2",
			"from": [ -2.0, 0.0, 8.0 ],
			"to": [ -2.0, 0.0, 8.0 ],
			"shade": false,
			"rotationOrigin": [ 16.0, 0.0, 16.0 ],
			"rotationY": -25.5,
			"faces": {
				"north": { "texture": "#acacia1", "uv": [ 0.0, 0.0, 0.5, 0.5 ] },
				"east": { "texture": "#acacia1", "uv": [ 0.0, 0.0, 0.5, 0.5 ] },
				"south": { "texture": "#acacia1", "uv": [ 0.0, 0.0, 0.5, 0.5 ] },
				"west": { "texture": "#acacia1", "uv": [ 0.0, 0.0, 0.5, 0.5 ] },
				"up": { "texture": "#acacia1", "uv": [ 0.0, 0.0, 0.5, 0.5 ] },
				"down": { "texture": "#acacia1", "uv": [ 0.0, 0.0, 0.5, 0.5 ] }
			},
			"children": [
				{
					"name": "Cube18",
					"from": [ 0.0, 1.0, 6.5 ],
					"to": [ 1.0, 16.0, 9.5 ],
					"rotationOrigin": [ 0.0, 1.0, 6.5 ],
					"faces": {
						"north": { "texture": "#acacia1", "uv": [ 0.0, 0.0, 1.0, 15.0 ] },
						"east": { "texture": "#acacia1", "uv": [ 0.0, 0.0, 3.0, 15.0 ] },
						"south": { "texture": "#acacia1", "uv": [ 0.0, 0.0, 1.0, 15.0 ] },
						"west": { "texture": "#acacia1", "uv": [ 0.0, 0.0, 3.0, 15.0 ] },
						"up": { "texture": "#acacia1", "uv": [ 0.0, 0.0, 1.0, 3.0 ] },
						"down": { "texture": "#acacia1", "uv": [ 0.0, 0.0, 1.0, 3.0 ] }
					}
				},
				{
					"name": "Cube19",
					"from": [ 17.0, 1.0, 6.5 ],
					"to": [ 18.0, 16.0, 9.5 ],
					"rotationOrigin": [ 17.0, 1.0, 6.5 ],
					"faces": {
						"north": { "texture": "#acacia1", "uv": [ 0.0, 0.0, 1.0, 15.0 ] },
						"east": { "texture": "#acacia1", "uv": [ 0.0, 0.0, 3.0, 15.0 ] },
						"south": { "texture": "#acacia1", "uv": [ 0.0, 0.0, 1.0, 15.0 ] },
						"west": { "texture": "#acacia1", "uv": [ 0.0, 0.0, 3.0, 15.0 ] },
						"up": { "texture": "#acacia1", "uv": [ 0.0, 0.0, 1.0, 3.0 ] },
						"down": { "texture": "#acacia1", "uv": [ 0.0, 0.0, 1.0, 3.0 ] }
					}
				},
				{
					"name": "Cube20",
					"from": [ 2.0, 15.0, 7.0 ],
					"to": [ 16.0, 16.0, 8.0 ],
					"rotationOrigin": [ 2.0, 15.0, 7.0 ],
					"faces": {
						"north": { "texture": "#lead1", "uv": [ 0.0, 0.0, 14.0, 1.0 ] },
						"east": { "texture": "#lead1", "uv": [ 0.0, 0.0, 1.0, 1.0 ] },
						"south": { "texture": "#lead1", "uv": [ 0.0, 0.0, 14.0, 1.0 ] },
						"west": { "texture": "#lead1", "uv": [ 0.0, 0.0, 1.0, 1.0 ] },
						"up": { "texture": "#lead1", "uv": [ 0.0, 0.0, 14.0, 1.0 ] },
						"down": { "texture": "#lead1", "uv": [ 0.0, 0.0, 14.0, 1.0 ] }
					},
					"children": [
						{
							"name": "Cube21",
							"from": [ -1.0, -14.0, 0.0 ],
							"to": [ 15.0, -13.0, 1.0 ],
							"rotationOrigin": [ -1.0, -14.0, 0.0 ],
							"faces": {
								"north": { "texture": "#lead1", "uv": [ 0.0, 0.0, 16.0, 1.0 ] },
								"east": { "texture": "#lead1", "uv": [ 0.0, 0.0, 1.0, 1.0 ] },
								"south": { "texture": "#lead1", "uv": [ 0.0, 0.0, 16.0, 1.0 ] },
								"west": { "texture": "#lead1", "uv": [ 0.0, 0.0, 1.0, 1.0 ] },
								"up": { "texture": "#lead1", "uv": [ 0.0, 0.0, 16.0, 1.0 ] },
								"down": { "texture": "#lead1", "uv": [ 0.0, 0.0, 16.0, 1.0 ] }
							}
						},
						{
							"name": "Face4",
							"from": [ -1.0, -13.0, 0.5 ],
							"to": [ 15.0, 0.0, 0.5 ],
							"renderPass": 3,
							"rotationOrigin": [ -1.0, -13.0, 0.5 ],
							"faces": {
								"south": { "texture": "#leaded", "uv": [ 0.0, 0.0, 16.0, 13.0 ] }
							}
						},
						{
							"name": "Face5",
							"from": [ -1.0, 0.0, 0.5 ],
							"to": [ 15.0, 15.0, 0.5 ],
							"renderPass": 3,
							"rotationOrigin": [ -1.0, 0.0, 0.5 ],
							"faces": {
								"south": { "texture": "#leaded", "uv": [ 0.0, 0.0, 16.0, 15.0 ] }
							}
						},
						{
							"name": "Cube22",
							"from": [ -1.0, 15.0, 0.0 ],
							"to": [ 15.0, 16.0, 1.0 ],
							"rotationOrigin": [ -1.0, 15.0, 0.0 ],
							"faces": {
								"north": { "texture": "#lead1", "uv": [ 0.0, 0.0, 16.0, 1.0 ] },
								"east": { "texture": "#lead1", "uv": [ 0.0, 0.0, 1.0, 1.0 ] },
								"south": { "texture": "#lead1", "uv": [ 0.0, 0.0, 16.0, 1.0 ] },
								"west": { "texture": "#lead1", "uv": [ 0.0, 0.0, 1.0, 1.0 ] },
								"up": { "texture": "#lead1", "uv": [ 0.0, 0.0, 16.0, 1.0 ] },
								"down": { "texture": "#lead1", "uv": [ 0.0, 0.0, 16.0, 1.0 ] }
							}
						},
						{
							"name": "Cube23",
							"from": [ -1.0, -13.0, 0.0 ],
							"to": [ 0.0, 1.0, 1.0 ],
							"rotationOrigin": [ -1.0, -13.0, 0.0 ],
							"faces": {
								"north": { "texture": "#lead1", "uv": [ 0.0, 0.0, 1.0, 14.0 ] },
								"east": { "texture": "#lead1", "uv": [ 0.0, 0.0, 1.0, 14.0 ] },
								"south": { "texture": "#lead1", "uv": [ 0.0, 0.0, 1.0, 14.0 ] },
								"west": { "texture": "#lead1", "uv": [ 0.0, 0.0, 1.0, 14.0 ] },
								"up": { "texture": "#lead1", "uv": [ 0.0, 0.0, 1.0, 1.0 ] },
								"down": { "texture": "#lead1", "uv": [ 0.0, 0.0, 1.0, 1.0 ] }
							}
						},
						{
							"name": "Cube24",
							"from": [ -1.0, 1.0, 0.0 ],
							"to": [ 0.0, 15.0, 1.0 ],
							"rotationOrigin": [ -1.0, 1.0, 0.0 ],
							"faces": {
								"north": { "texture": "#lead1", "uv": [ 0.0, 0.0, 1.0, 14.0 ] },
								"east": { "texture": "#lead1", "uv": [ 0.0, 0.0, 1.0, 14.0 ] },
								"south": { "texture": "#lead1", "uv": [ 0.0, 0.0, 1.0, 14.0 ] },
								"west": { "texture": "#lead1", "uv": [ 0.0, 0.0, 1.0, 14.0 ] },
								"up": { "texture": "#lead1", "uv": [ 0.0, 0.0, 1.0, 1.0 ] },
								"down": { "texture": "#lead1", "uv": [ 0.0, 0.0, 1.0, 1.0 ] }
							}
						},
						{
							"name": "Cube25",
							"from": [ 14.0, 1.0, 0.0 ],
							"to": [ 15.0, 15.0, 1.0 ],
							"rotationOrigin": [ 14.0, 1.0, 0.0 ],
							"faces": {
								"north": { "texture": "#lead1", "uv": [ 0.0, 0.0, 1.0, 14.0 ] },
								"east": { "texture": "#lead1", "uv": [ 0.0, 0.0, 1.0, 14.0 ] },
								"south": { "texture": "#lead1", "uv": [ 0.0, 0.0, 1.0, 14.0 ] },
								"west": { "texture": "#lead1", "uv": [ 0.0, 0.0, 1.0, 14.0 ] },
								"up": { "texture": "#lead1", "uv": [ 0.0, 0.0, 1.0, 1.0 ] },
								"down": { "texture": "#lead1", "uv": [ 0.0, 0.0, 1.0, 1.0 ] }
							}
						},
						{
							"name": "Cube26",
							"from": [ 14.0, -13.0, 0.0 ],
							"to": [ 15.0, 1.0, 1.0 ],
							"rotationOrigin": [ 14.0, -13.0, 0.0 ],
							"faces": {
								"north": { "texture": "#lead1", "uv": [ 0.0, 0.0, 1.0, 14.0 ] },
								"east": { "texture": "#lead1", "uv": [ 0.0, 0.0, 1.0, 14.0 ] },
								"south": { "texture": "#lead1", "uv": [ 0.0, 0.0, 1.0, 14.0 ] },
								"west": { "texture": "#lead1", "uv": [ 0.0, 0.0, 1.0, 14.0 ] },
								"up": { "texture": "#lead1", "uv": [ 0.0, 0.0, 1.0, 1.0 ] },
								"down": { "texture": "#lead1", "uv": [ 0.0, 0.0, 1.0, 1.0 ] }
							}
						},
						{
							"name": "Cube27",
							"from": [ 1.4, 0.25, 1.0 ],
							"to": [ 2.0, 0.75, 1.7 ],
							"rotationOrigin": [ 1.4, 0.3, 1.0 ],
							"faces": {
								"north": { "texture": "#acacia1", "uv": [ 0.0, 0.0, 0.5, 0.5 ] },
								"east": { "texture": "#acacia1", "uv": [ 0.0, 0.0, 0.5, 0.5 ] },
								"south": { "texture": "#acacia1", "uv": [ 0.0, 0.0, 0.5, 0.5 ] },
								"west": { "texture": "#acacia1", "uv": [ 0.0, 0.0, 0.5, 0.5 ] },
								"up": { "texture": "#acacia1", "uv": [ 0.0, 0.0, 0.5, 0.5 ] },
								"down": { "texture": "#acacia1", "uv": [ 0.0, 0.0, 0.5, 0.5 ] }
							},
							"children": [
								{
									"name": "Cube28",
									"from": [ 3.0, 0.0, 0.0 ],
									"to": [ 3.6, 0.5, 0.7 ],
									"rotationOrigin": [ 3.0, 0.05, 0.0 ],
									"faces": {
										"north": { "texture": "#acacia1", "uv": [ 0.0, 0.0, 0.5, 0.5 ] },
										"east": { "texture": "#acacia1", "uv": [ 0.0, 0.0, 0.5, 0.5 ] },
										"south": { "texture": "#acacia1", "uv": [ 0.0, 0.0, 0.5, 0.5 ] },
										"west": { "texture": "#acacia1", "uv": [ 0.0, 0.0, 0.5, 0.5 ] },
										"up": { "texture": "#acacia1", "uv": [ 0.0, 0.0, 0.5, 0.5 ] },
										"down": { "texture": "#acacia1", "uv": [ 0.0, 0.0, 0.5, 0.5 ] }
									}
								},
								{
									"name": "Cube29",
									"from": [ 0.6, 0.0, 0.5 ],
									"to": [ 3.0, 0.5, 0.7 ],
									"rotationOrigin": [ 0.6, 0.05, 0.5 ],
									"faces": {
										"north": { "texture": "#acacia1", "uv": [ 0.0, 0.0, 2.0, 0.5 ] },
										"east": { "texture": "#acacia1", "uv": [ 0.0, 0.0, 0.5, 0.5 ] },
										"south": { "texture": "#acacia1", "uv": [ 0.0, 0.0, 2.0, 0.5 ] },
										"west": { "texture": "#acacia1", "uv": [ 0.0, 0.0, 0.5, 0.5 ] },
										"up": { "texture": "#acacia1", "uv": [ 0.0, 0.0, 2.0, 0.5 ] },
										"down": { "texture": "#acacia1", "uv": [ 0.0, 0.0, 2.0, 0.5 ] }
									}
								}
							]
						}
					]
				},
				{
					"name": "Cube30",
					"from": [ -1.2, 0.0, 5.0 ],
					"to": [ 8.4, 1.01, 11.0 ],
					"rotationOrigin": [ -1.2, 0.0, 5.0 ],
					"faces": {
						"north": { "texture": "#acacia1", "uv": [ 0.0, 0.0, 9.5, 1.0 ] },
						"east": { "texture": "#acacia1", "uv": [ 0.0, 0.0, 6.0, 1.0 ] },
						"south": { "texture": "#acacia1", "uv": [ 0.0, 0.0, 9.5, 1.0 ] },
						"west": { "texture": "#acacia1", "uv": [ 0.0, 0.0, 6.0, 1.0 ] },
						"up": { "texture": "#acacia1", "uv": [ 0.0, 0.0, 9.5, 6.0 ] },
						"down": { "texture": "#acacia1", "uv": [ 0.0, 0.0, 9.5, 6.0 ] }
					},
					"children": [
						{
							"name": "Cube34",
							"from": [ 9.6, 0.0, 0.0 ],
							"to": [ 19.2, 1.01, 6.0 ],
							"rotationOrigin": [ 9.6, 0.0, 0.0 ],
							"faces": {
								"north": { "texture": "#acacia1", "uv": [ 0.0, 0.0, 9.5, 1.0 ] },
								"east": { "texture": "#acacia1", "uv": [ 0.0, 0.0, 6.0, 1.0 ] },
								"south": { "texture": "#acacia1", "uv": [ 0.0, 0.0, 9.5, 1.0 ] },
								"west": { "texture": "#acacia1", "uv": [ 0.0, 0.0, 6.0, 1.0 ] },
								"up": { "texture": "#acacia1", "uv": [ 0.0, 0.0, 9.5, 6.0 ] },
								"down": { "texture": "#acacia1", "uv": [ 0.0, 0.0, 9.5, 6.0 ] }
							}
						}
					]
				},
				{
					"name": "Cube31",
					"from": [ 17.0, 16.0, 6.5 ],
					"to": [ 18.0, 31.0, 9.5 ],
					"rotationOrigin": [ 17.0, 16.0, 6.5 ],
					"faces": {
						"north": { "texture": "#acacia1", "uv": [ 0.0, 0.0, 1.0, 15.0 ] },
						"east": { "texture": "#acacia1", "uv": [ 0.0, 0.0, 3.0, 15.0 ] },
						"south": { "texture": "#acacia1", "uv": [ 0.0, 0.0, 1.0, 15.0 ] },
						"west": { "texture": "#acacia1", "uv": [ 0.0, 0.0, 3.0, 15.0 ] },
						"up": { "texture": "#acacia1", "uv": [ 0.0, 0.0, 1.0, 3.0 ] },
						"down": { "texture": "#acacia1", "uv": [ 0.0, 0.0, 1.0, 3.0 ] }
					}
				},
				{
					"name": "Cube32",
					"from": [ 0.0, 16.0, 6.5 ],
					"to": [ 1.0, 31.0, 9.5 ],
					"rotationOrigin": [ 0.0, 16.0, 6.5 ],
					"faces": {
						"north": { "texture": "#acacia1", "uv": [ 0.0, 0.0, 1.0, 15.0 ] },
						"east": { "texture": "#acacia1", "uv": [ 0.0, 0.0, 3.0, 15.0 ] },
						"south": { "texture": "#acacia1", "uv": [ 0.0, 0.0, 1.0, 15.0 ] },
						"west": { "texture": "#acacia1", "uv": [ 0.0, 0.0, 3.0, 15.0 ] },
						"up": { "texture": "#acacia1", "uv": [ 0.0, 0.0, 1.0, 3.0 ] },
						"down": { "texture": "#acacia1", "uv": [ 0.0, 0.0, 1.0, 3.0 ] }
					}
				},
				{
					"name": "Cube33",
					"from": [ -1.2, 30.99, 5.0 ],
					"to": [ 8.4, 32.0, 11.0 ],
					"rotationOrigin": [ -1.2, 22.0, 5.0 ],
					"faces": {
						"north": { "texture": "#acacia1", "uv": [ 0.0, 0.0, 9.5, 1.0 ] },
						"east": { "texture": "#acacia1", "uv": [ 0.0, 0.0, 6.0, 1.0 ] },
						"south": { "texture": "#acacia1", "uv": [ 0.0, 0.0, 9.5, 1.0 ] },
						"west": { "texture": "#acacia1", "uv": [ 0.0, 0.0, 6.0, 1.0 ] },
						"up": { "texture": "#acacia1", "uv": [ 0.0, 0.0, 9.5, 6.0 ] },
						"down": { "texture": "#acacia1", "uv": [ 0.0, 0.0, 9.5, 6.0 ] }
					},
					"children": [
						{
							"name": "Cube35",
							"from": [ 9.6, 0.0, 0.0 ],
							"to": [ 19.2, 1.01, 6.0 ],
							"rotationOrigin": [ 9.6, 0.0, 0.0 ],
							"faces": {
								"north": { "texture": "#acacia1", "uv": [ 0.0, 0.0, 9.5, 1.0 ] },
								"east": { "texture": "#acacia1", "uv": [ 0.0, 0.0, 6.0, 1.0 ] },
								"south": { "texture": "#acacia1", "uv": [ 0.0, 0.0, 9.5, 1.0 ] },
								"west": { "texture": "#acacia1", "uv": [ 0.0, 0.0, 6.0, 1.0 ] },
								"up": { "texture": "#acacia1", "uv": [ 0.0, 0.0, 9.5, 6.0 ] },
								"down": { "texture": "#acacia1", "uv": [ 0.0, 0.0, 9.5, 6.0 ] }
							}
						}
					]
				}
			]
		}
	]}