{
	"editor": {
		"collapsedPaths": "",
		"allAngles": false,
		"entityTextureMode": false
	},
	"textureWidth": 16,
	"textureHeight": 16,
	"textureSizes": {
	},
	"textures": {
	},
	"elements": [
		{
			"name": "base",
			"from": [ 16.0, 0.0, 0.0 ],
			"to": [ 16.0, 0.0, 0.0 ],
			"rotationOrigin": [ 16.0, 0.0, 0.0 ],
			"rotationZ": 90.0,
			"faces": {
				"north": { "texture": "#null", "uv": [ 0.0, 0.0, 0.5, 0.5 ], "enabled": false },
				"east": { "texture": "#null", "uv": [ 0.0, 0.0, 0.5, 0.5 ], "enabled": false },
				"south": { "texture": "#null", "uv": [ 0.0, 0.0, 0.5, 0.5 ], "enabled": false },
				"west": { "texture": "#null", "uv": [ 0.0, 0.0, 0.5, 0.5 ], "enabled": false },
				"up": { "texture": "#null", "uv": [ 0.0, 0.0, 0.5, 0.5 ], "enabled": false },
				"down": { "texture": "#null", "uv": [ 0.0, 0.0, 0.5, 0.5 ], "enabled": false }
			},
			"children": [
				{
					"name": "blades",
					"from": [ -6.0, 0.0, 0.0 ],
					"to": [ -6.0, 0.0, 0.0 ],
					"faces": {
						"north": { "texture": "#cloth", "uv": [ 0.0, 0.0, 0.5, 0.5 ], "enabled": false },
						"east": { "texture": "#cloth", "uv": [ 0.0, 0.0, 0.5, 0.5 ], "enabled": false },
						"south": { "texture": "#cloth", "uv": [ 0.0, 0.0, 0.5, 0.5 ], "enabled": false },
						"west": { "texture": "#cloth", "uv": [ 0.0, 0.0, 0.5, 0.5 ], "enabled": false },
						"up": { "texture": "#cloth", "uv": [ 0.0, 0.0, 0.5, 0.5 ], "enabled": false },
						"down": { "texture": "#cloth", "uv": [ 0.0, 0.0, 0.5, 0.5 ], "enabled": false }
					},
					"children": [
						{
							"name": "blade_origin1",
							"from": [ 14.0, 0.0, 0.0 ],
							"to": [ 14.0, 0.0, 0.0 ],
							"rotationOrigin": [ 15.0, 8.0, 8.0 ],
							"faces": {
								"north": { "texture": "#null", "uv": [ 0.0, 11.5, 0.5, 12.0 ], "rotation": 90, "enabled": false },
								"east": { "texture": "#null", "uv": [ 0.0, 8.0, 0.5, 8.5 ], "rotation": 90, "windMode": [-1,-1,-1,-1], "enabled": false },
								"south": { "texture": "#null", "uv": [ 0.0, 7.5, 0.5, 8.0 ], "rotation": 90, "windMode": [-1,-1,-1,-1], "enabled": false },
								"west": { "texture": "#null", "uv": [ 0.0, 9.5, 0.5, 10.0 ], "rotation": 90, "windMode": [-1,-1,-1,-1], "enabled": false },
								"up": { "texture": "#null", "uv": [ 0.0, 0.0, 0.5, 0.5 ], "enabled": false },
								"down": { "texture": "#null", "uv": [ 6.5, 1.0, 7.0, 1.5 ], "enabled": false }
							},
							"children": [
								{
									"name": "support_1",
									"from": [ 0.0, -7.0, 7.0 ],
									"to": [ 2.0, 9.0, 9.0 ],
									"rotationOrigin": [ 1.0, 9.0, 8.0 ],
									"faces": {
										"north": { "texture": "#wood", "uv": [ 0.0, 11.5, 16.0, 13.5 ], "rotation": 90 },
										"east": { "texture": "#wood", "uv": [ 0.0, 8.0, 16.0, 10.0 ], "rotation": 90, "windMode": [-1,-1,-1,-1] },
										"south": { "texture": "#wood", "uv": [ 0.0, 7.5, 16.0, 9.5 ], "rotation": 90, "windMode": [-1,-1,-1,-1] },
										"west": { "texture": "#wood", "uv": [ 0.0, 9.5, 16.0, 11.5 ], "rotation": 90, "windMode": [-1,-1,-1,-1] },
										"up": { "texture": "#null", "uv": [ 0.0, 0.0, 2.0, 2.0 ], "enabled": false },
										"down": { "texture": "#wood", "uv": [ 6.5, 1.0, 8.5, 3.0 ] }
									},
									"children": [
										{
											"name": "support_extension_1",
											"from": [ 0.0, -13.5, 0.0 ],
											"to": [ 2.0, 0.0, 2.0 ],
											"rotationOrigin": [ 1.0, 15.5, 1.0 ],
											"faces": {
												"north": { "texture": "#wood", "uv": [ 0.0, 11.5, 13.5, 13.5 ], "rotation": 90 },
												"east": { "texture": "#wood", "uv": [ 0.0, 8.0, 13.5, 10.0 ], "rotation": 90, "windMode": [-1,-1,-1,-1] },
												"south": { "texture": "#wood", "uv": [ 0.0, 7.5, 13.5, 9.5 ], "rotation": 90, "windMode": [-1,-1,-1,-1] },
												"west": { "texture": "#wood", "uv": [ 0.0, 9.5, 13.5, 11.5 ], "rotation": 90, "windMode": [-1,-1,-1,-1] },
												"up": { "texture": "#null", "uv": [ 0.0, 0.0, 2.0, 2.0 ], "enabled": false },
												"down": { "texture": "#wood", "uv": [ 6.5, 1.0, 8.5, 3.0 ] }
											}
										}
									]
								},
								{
									"name": "support_2",
									"from": [ 29.0, -7.0, 7.0 ],
									"to": [ 31.0, 9.0, 9.0 ],
									"rotationOrigin": [ 30.0, 9.0, 8.0 ],
									"faces": {
										"north": { "texture": "#wood", "uv": [ 0.0, 11.5, 16.0, 13.5 ], "rotation": 90 },
										"east": { "texture": "#wood", "uv": [ 0.0, 8.0, 16.0, 10.0 ], "rotation": 90, "windMode": [-1,-1,-1,-1] },
										"south": { "texture": "#wood", "uv": [ 0.0, 7.5, 16.0, 9.5 ], "rotation": 90, "windMode": [-1,-1,-1,-1] },
										"west": { "texture": "#wood", "uv": [ 0.0, 9.5, 16.0, 11.5 ], "rotation": 90, "windMode": [-1,-1,-1,-1] },
										"up": { "texture": "#null", "uv": [ 0.0, 0.0, 2.0, 2.0 ], "enabled": false },
										"down": { "texture": "#wood", "uv": [ 6.5, 1.0, 8.5, 3.0 ] }
									},
									"children": [
										{
											"name": "support_extension_2",
											"from": [ 0.0, -13.5, 0.0 ],
											"to": [ 2.0, 0.0, 2.0 ],
											"rotationOrigin": [ 1.0, 15.5, 1.0 ],
											"faces": {
												"north": { "texture": "#wood", "uv": [ 0.0, 11.5, 13.5, 13.5 ], "rotation": 90 },
												"east": { "texture": "#wood", "uv": [ 0.0, 8.0, 13.5, 10.0 ], "rotation": 90, "windMode": [-1,-1,-1,-1] },
												"south": { "texture": "#wood", "uv": [ 0.0, 7.5, 13.5, 9.5 ], "rotation": 90, "windMode": [-1,-1,-1,-1] },
												"west": { "texture": "#wood", "uv": [ 0.0, 9.5, 13.5, 11.5 ], "rotation": 90, "windMode": [-1,-1,-1,-1] },
												"up": { "texture": "#null", "uv": [ 0.0, 0.0, 2.0, 2.0 ], "enabled": false },
												"down": { "texture": "#wood", "uv": [ 6.5, 1.0, 8.5, 3.0 ] }
											}
										}
									]
								},
								{
									"name": "blade_base_1",
									"from": [ -1.999, -23.5, 9.501 ],
									"to": [ 1.001, -20.5, 25.501 ],
									"rotationOrigin": [ -1.0, -23.5, 9.0 ],
									"rotationY": 90.0,
									"faces": {
										"north": { "texture": "#wood", "uv": [ 0.0, 0.0, 3.0, 3.0 ] },
										"east": { "texture": "#wood", "uv": [ 0.0, 0.0, 16.0, 3.0 ] },
										"south": { "texture": "#wood", "uv": [ 0.0, 0.0, 3.0, 3.0 ] },
										"west": { "texture": "#wood", "uv": [ 0.0, 0.0, 16.0, 3.0 ] },
										"up": { "texture": "#wood", "uv": [ 0.0, 0.0, 3.0, 16.0 ] },
										"down": { "texture": "#wood", "uv": [ 0.0, 0.0, 3.0, 16.0 ] }
									},
									"children": [
										{
											"name": "blunt_blade1",
											"from": [ -2.0, 2.0, 0.1 ],
											"to": [ 0.0, 3.0, 15.9 ],
											"rotationOrigin": [ 0.0, 3.0, 0.1 ],
											"rotationZ": 45.0,
											"faces": {
												"north": { "texture": "#wood", "uv": [ 0.0, 0.0, 2.0, 1.0 ], "windMode": [-1,-1,-1,-1] },
												"east": { "texture": "#wood", "uv": [ 0.0, 0.0, 15.5, 1.0 ], "windMode": [-1,-1,-1,-1], "windData": [0,0,1,1], "enabled": false },
												"south": { "texture": "#wood", "uv": [ 0.0, 0.0, 2.0, 1.0 ], "windMode": [-1,-1,-1,-1], "windData": [1,1,1,1] },
												"west": { "texture": "#wood", "uv": [ 0.0, 0.0, 15.5, 1.0 ], "windMode": [-1,-1,-1,-1], "windData": [0,1,1,0] },
												"up": { "texture": "#wood", "uv": [ 0.0, 0.0, 2.0, 15.5 ], "windMode": [-1,-1,-1,-1], "windData": [0,1,1,0] },
												"down": { "texture": "#wood", "uv": [ 0.0, 0.0, 2.0, 15.5 ], "windMode": [-1,-1,-1,-1], "windData": [0,0,1,1], "enabled": false }
											}
										},
										{
											"name": "blunt_blade2",
											"from": [ -2.0, 0.0, 0.09 ],
											"to": [ 0.0, 2.0, 15.91 ],
											"rotationOrigin": [ 0.0, 0.0, 0.1 ],
											"rotationZ": -45.0,
											"faces": {
												"north": { "texture": "#wood", "uv": [ 0.0, 0.0, 2.0, 2.0 ] },
												"east": { "texture": "#wood", "uv": [ 0.0, 0.0, 15.5, 2.0 ], "windMode": [-1,-1,-1,-1], "windData": [0,0,1,1], "enabled": false },
												"south": { "texture": "#wood", "uv": [ 0.0, 0.0, 2.0, 2.0 ] },
												"west": { "texture": "#wood", "uv": [ 0.0, 0.0, 15.5, 2.0 ], "windMode": [-1,-1,-1,-1], "windData": [0,1,1,0] },
												"up": { "texture": "#wood", "uv": [ 0.0, 0.0, 2.0, 15.5 ], "windMode": [-1,-1,-1,-1], "windData": [0,1,1,0], "enabled": false },
												"down": { "texture": "#wood", "uv": [ 0.0, 0.0, 2.0, 15.5 ], "windMode": [-1,-1,-1,-1], "windData": [0,0,1,1] }
											}
										},
										{
											"name": "sharp_blade1",
											"from": [ 3.0, 2.0, 0.1 ],
											"to": [ 9.0, 3.0, 15.9 ],
											"rotationOrigin": [ 3.0, 3.0, 0.1 ],
											"rotationZ": -10.0,
											"faces": {
												"north": { "texture": "#wood", "uv": [ 0.0, 0.0, 6.0, 1.0 ] },
												"east": { "texture": "#wood", "uv": [ 0.0, 0.0, 15.5, 1.0 ], "windMode": [-1,-1,-1,-1], "windData": [0,0,1,1] },
												"south": { "texture": "#wood", "uv": [ 0.0, 0.0, 6.0, 1.0 ], "windMode": [-1,-1,-1,-1], "windData": [1,1,1,1] },
												"west": { "texture": "#wood", "uv": [ 0.0, 0.0, 15.5, 1.0 ], "windMode": [-1,-1,-1,-1], "windData": [0,1,1,0], "enabled": false },
												"up": { "texture": "#wood", "uv": [ 0.0, 0.0, 6.0, 15.5 ], "windMode": [-1,-1,-1,-1], "windData": [0,1,1,0] },
												"down": { "texture": "#wood", "uv": [ 0.0, 0.0, 6.0, 15.5 ], "windMode": [-1,-1,-1,-1], "windData": [0,0,1,1], "enabled": false }
											}
										},
										{
											"name": "sharp_blade2",
											"from": [ 3.0, 0.0, 0.09 ],
											"to": [ 9.0, 1.0, 15.91 ],
											"rotationOrigin": [ 3.0, 0.0, 0.1 ],
											"rotationZ": 9.6,
											"faces": {
												"north": { "texture": "#wood", "uv": [ 0.0, 0.0, 6.0, 1.0 ] },
												"east": { "texture": "#wood", "uv": [ 0.0, 0.0, 15.5, 1.0 ], "windMode": [-1,-1,-1,-1], "windData": [0,0,1,1] },
												"south": { "texture": "#wood", "uv": [ 0.0, 0.0, 6.0, 1.0 ] },
												"west": { "texture": "#wood", "uv": [ 0.0, 0.0, 15.5, 1.0 ], "windMode": [-1,-1,-1,-1], "windData": [0,1,1,0], "enabled": false },
												"up": { "texture": "#wood", "uv": [ 0.0, 0.0, 6.0, 15.5 ], "windMode": [-1,-1,-1,-1], "windData": [0,1,1,0], "enabled": false },
												"down": { "texture": "#wood", "uv": [ 0.0, 0.0, 6.0, 15.5 ], "windMode": [-1,-1,-1,-1], "windData": [0,0,1,1] }
											}
										},
										{
											"name": "sharp_filler1",
											"from": [ 3.0, 1.0, 0.0 ],
											"to": [ 6.0, 2.0, 16.0 ],
											"rotationOrigin": [ 3.0, 1.0, 0.0 ],
											"faces": {
												"north": { "texture": "#wood", "uv": [ 0.0, 0.0, 3.0, 1.0 ] },
												"east": { "texture": "#wood", "uv": [ 0.0, 0.0, 16.0, 1.0 ], "windMode": [-1,-1,-1,-1], "windData": [0,0,1,1] },
												"south": { "texture": "#wood", "uv": [ 0.0, 0.0, 3.0, 1.0 ] },
												"west": { "texture": "#wood", "uv": [ 0.0, 0.0, 16.0, 1.0 ], "windMode": [-1,-1,-1,-1], "windData": [0,1,1,0], "enabled": false },
												"up": { "texture": "#wood", "uv": [ 0.0, 0.0, 3.0, 16.0 ] },
												"down": { "texture": "#wood", "uv": [ 0.0, 0.0, 3.0, 16.0 ] }
											}
										}
									]
								},
								{
									"name": "blade_base_2",
									"from": [ 14.0, -23.5, 9.5 ],
									"to": [ 17.0, -20.5, 25.5 ],
									"rotationOrigin": [ 15.0, -23.5, 9.0 ],
									"rotationY": 90.0,
									"faces": {
										"north": { "texture": "#wood", "uv": [ 0.0, 0.0, 3.0, 3.0 ] },
										"east": { "texture": "#wood", "uv": [ 0.0, 0.0, 16.0, 3.0 ] },
										"south": { "texture": "#wood", "uv": [ 0.0, 0.0, 3.0, 3.0 ] },
										"west": { "texture": "#wood", "uv": [ 0.0, 0.0, 16.0, 3.0 ] },
										"up": { "texture": "#wood", "uv": [ 0.0, 0.0, 3.0, 16.0 ] },
										"down": { "texture": "#wood", "uv": [ 0.0, 0.0, 3.0, 16.0 ] }
									},
									"children": [
										{
											"name": "blunt_blade3",
											"from": [ -2.0, 2.0, -0.1 ],
											"to": [ 0.0, 3.0, 15.9 ],
											"rotationOrigin": [ 0.0, 3.0, -0.1 ],
											"rotationZ": 45.0,
											"faces": {
												"north": { "texture": "#wood", "uv": [ 0.0, 0.0, 2.0, 1.0 ], "windMode": [-1,-1,-1,-1] },
												"east": { "texture": "#wood", "uv": [ 0.0, 0.0, 16.0, 1.0 ], "windMode": [-1,-1,-1,-1], "windData": [0,0,1,1], "enabled": false },
												"south": { "texture": "#wood", "uv": [ 0.0, 0.0, 2.0, 1.0 ], "windMode": [-1,-1,-1,-1], "windData": [1,1,1,1] },
												"west": { "texture": "#wood", "uv": [ 0.0, 0.0, 16.0, 1.0 ], "windMode": [-1,-1,-1,-1], "windData": [0,1,1,0] },
												"up": { "texture": "#wood", "uv": [ 0.0, 0.0, 2.0, 16.0 ], "windMode": [-1,-1,-1,-1], "windData": [0,1,1,0] },
												"down": { "texture": "#wood", "uv": [ 0.0, 0.0, 2.0, 16.0 ], "windMode": [-1,-1,-1,-1], "windData": [0,0,1,1], "enabled": false }
											}
										},
										{
											"name": "blunt_blade4",
											"from": [ -2.0, 0.0, -0.11 ],
											"to": [ 0.0, 2.0, 15.91 ],
											"rotationOrigin": [ 0.0, 0.0, -0.1 ],
											"rotationZ": -45.0,
											"faces": {
												"north": { "texture": "#wood", "uv": [ 0.0, 0.0, 2.0, 2.0 ] },
												"east": { "texture": "#wood", "uv": [ 0.0, 0.0, 16.0, 2.0 ], "windMode": [-1,-1,-1,-1], "windData": [0,0,1,1], "enabled": false },
												"south": { "texture": "#wood", "uv": [ 0.0, 0.0, 2.0, 2.0 ] },
												"west": { "texture": "#wood", "uv": [ 0.0, 0.0, 16.0, 2.0 ], "windMode": [-1,-1,-1,-1], "windData": [0,1,1,0] },
												"up": { "texture": "#wood", "uv": [ 0.0, 0.0, 2.0, 16.0 ], "windMode": [-1,-1,-1,-1], "windData": [0,1,1,0], "enabled": false },
												"down": { "texture": "#wood", "uv": [ 0.0, 0.0, 2.0, 16.0 ], "windMode": [-1,-1,-1,-1], "windData": [0,0,1,1] }
											}
										},
										{
											"name": "sharp_blade3",
											"from": [ 3.0, 2.0, -0.1 ],
											"to": [ 9.0, 3.0, 15.9 ],
											"rotationOrigin": [ 3.0, 3.0, -0.1 ],
											"rotationZ": -10.0,
											"faces": {
												"north": { "texture": "#wood", "uv": [ 0.0, 0.0, 6.0, 1.0 ] },
												"east": { "texture": "#wood", "uv": [ 0.0, 0.0, 16.0, 1.0 ], "windMode": [-1,-1,-1,-1], "windData": [0,0,1,1] },
												"south": { "texture": "#wood", "uv": [ 0.0, 0.0, 6.0, 1.0 ], "windMode": [-1,-1,-1,-1], "windData": [1,1,1,1] },
												"west": { "texture": "#wood", "uv": [ 0.0, 0.0, 16.0, 1.0 ], "windMode": [-1,-1,-1,-1], "windData": [0,1,1,0], "enabled": false },
												"up": { "texture": "#wood", "uv": [ 0.0, 0.0, 6.0, 16.0 ], "windMode": [-1,-1,-1,-1], "windData": [0,1,1,0] },
												"down": { "texture": "#wood", "uv": [ 0.0, 0.0, 6.0, 16.0 ], "windMode": [-1,-1,-1,-1], "windData": [0,0,1,1], "enabled": false }
											}
										},
										{
											"name": "sharp_blade4",
											"from": [ 3.0, 0.0, -0.09 ],
											"to": [ 9.0, 1.0, 15.93 ],
											"rotationOrigin": [ 3.0, 0.0, 0.0 ],
											"rotationZ": 9.6,
											"faces": {
												"north": { "texture": "#wood", "uv": [ 0.0, 0.0, 6.0, 1.0 ] },
												"east": { "texture": "#wood", "uv": [ 0.0, 0.0, 16.0, 1.0 ], "windMode": [-1,-1,-1,-1], "windData": [0,0,1,1] },
												"south": { "texture": "#wood", "uv": [ 0.0, 0.0, 6.0, 1.0 ] },
												"west": { "texture": "#wood", "uv": [ 0.0, 0.0, 16.0, 1.0 ], "windMode": [-1,-1,-1,-1], "windData": [0,1,1,0], "enabled": false },
												"up": { "texture": "#wood", "uv": [ 0.0, 0.0, 6.0, 16.0 ], "windMode": [-1,-1,-1,-1], "windData": [0,1,1,0], "enabled": false },
												"down": { "texture": "#wood", "uv": [ 0.0, 0.0, 6.0, 16.0 ], "windMode": [-1,-1,-1,-1], "windData": [0,0,1,1] }
											}
										},
										{
											"name": "sharp_filler2",
											"from": [ 3.0, 1.0, 0.0 ],
											"to": [ 6.0, 2.0, 16.0 ],
											"rotationOrigin": [ 3.0, 1.0, 0.0 ],
											"faces": {
												"north": { "texture": "#wood", "uv": [ 0.0, 0.0, 3.0, 1.0 ], "windMode": [-1,-1,-1,-1], "windData": [1,1,1,1], "enabled": false },
												"east": { "texture": "#wood", "uv": [ 0.0, 0.0, 16.0, 1.0 ], "windMode": [-1,-1,-1,-1], "windData": [0,0,1,1] },
												"south": { "texture": "#wood", "uv": [ 0.0, 0.0, 3.0, 1.0 ], "windMode": [-1,-1,-1,-1], "windData": [2,2,2,2] },
												"west": { "texture": "#wood", "uv": [ 0.0, 0.0, 16.0, 1.0 ], "windMode": [-1,-1,-1,-1], "windData": [0,1,1,0], "enabled": false },
												"up": { "texture": "#wood", "uv": [ 0.0, 0.0, 3.0, 16.0 ] },
												"down": { "texture": "#wood", "uv": [ 0.0, 0.0, 3.0, 16.0 ] }
											}
										}
									]
								}
							]
						},
						{
							"name": "blade_origin2",
							"from": [ 14.0, 0.0, 0.0 ],
							"to": [ 14.0, 0.0, 0.0 ],
							"rotationOrigin": [ 15.0, 8.0, 8.0 ],
							"rotationX": 120.0,
							"faces": {
								"north": { "texture": "#null", "uv": [ 0.0, 11.5, 0.5, 12.0 ], "rotation": 90, "enabled": false },
								"east": { "texture": "#null", "uv": [ 0.0, 8.0, 0.5, 8.5 ], "rotation": 90, "windMode": [-1,-1,-1,-1], "enabled": false },
								"south": { "texture": "#null", "uv": [ 0.0, 7.5, 0.5, 8.0 ], "rotation": 90, "windMode": [-1,-1,-1,-1], "enabled": false },
								"west": { "texture": "#null", "uv": [ 0.0, 9.5, 0.5, 10.0 ], "rotation": 90, "windMode": [-1,-1,-1,-1], "enabled": false },
								"up": { "texture": "#null", "uv": [ 0.0, 0.0, 0.5, 0.5 ], "enabled": false },
								"down": { "texture": "#null", "uv": [ 6.5, 1.0, 7.0, 1.5 ], "enabled": false }
							},
							"children": [
								{
									"name": "support_3",
									"from": [ 0.0, -7.0, 7.0 ],
									"to": [ 2.0, 9.0, 9.0 ],
									"rotationOrigin": [ 1.0, 9.0, 8.0 ],
									"faces": {
										"north": { "texture": "#wood", "uv": [ 0.0, 11.5, 16.0, 13.5 ], "rotation": 90 },
										"east": { "texture": "#wood", "uv": [ 0.0, 8.0, 16.0, 10.0 ], "rotation": 90, "windMode": [-1,-1,-1,-1] },
										"south": { "texture": "#wood", "uv": [ 0.0, 7.5, 16.0, 9.5 ], "rotation": 90, "windMode": [-1,-1,-1,-1] },
										"west": { "texture": "#wood", "uv": [ 0.0, 9.5, 16.0, 11.5 ], "rotation": 90, "windMode": [-1,-1,-1,-1] },
										"up": { "texture": "#null", "uv": [ 0.0, 0.0, 2.0, 2.0 ], "enabled": false },
										"down": { "texture": "#wood", "uv": [ 6.5, 1.0, 8.5, 3.0 ] }
									},
									"children": [
										{
											"name": "support_extension_3",
											"from": [ 0.0, -13.5, 0.0 ],
											"to": [ 2.0, 0.0, 2.0 ],
											"rotationOrigin": [ 1.0, 15.5, 1.0 ],
											"faces": {
												"north": { "texture": "#wood", "uv": [ 0.0, 11.5, 13.5, 13.5 ], "rotation": 90 },
												"east": { "texture": "#wood", "uv": [ 0.0, 8.0, 13.5, 10.0 ], "rotation": 90, "windMode": [-1,-1,-1,-1] },
												"south": { "texture": "#wood", "uv": [ 0.0, 7.5, 13.5, 9.5 ], "rotation": 90, "windMode": [-1,-1,-1,-1] },
												"west": { "texture": "#wood", "uv": [ 0.0, 9.5, 13.5, 11.5 ], "rotation": 90, "windMode": [-1,-1,-1,-1] },
												"up": { "texture": "#null", "uv": [ 0.0, 0.0, 2.0, 2.0 ], "enabled": false },
												"down": { "texture": "#wood", "uv": [ 6.5, 1.0, 8.5, 3.0 ] }
											}
										}
									]
								},
								{
									"name": "support_4",
									"from": [ 29.0, -7.0, 7.0 ],
									"to": [ 31.0, 9.0, 9.0 ],
									"rotationOrigin": [ 30.0, 9.0, 8.0 ],
									"faces": {
										"north": { "texture": "#wood", "uv": [ 0.0, 11.5, 16.0, 13.5 ], "rotation": 90 },
										"east": { "texture": "#wood", "uv": [ 0.0, 8.0, 16.0, 10.0 ], "rotation": 90, "windMode": [-1,-1,-1,-1] },
										"south": { "texture": "#wood", "uv": [ 0.0, 7.5, 16.0, 9.5 ], "rotation": 90, "windMode": [-1,-1,-1,-1] },
										"west": { "texture": "#wood", "uv": [ 0.0, 9.5, 16.0, 11.5 ], "rotation": 90, "windMode": [-1,-1,-1,-1] },
										"up": { "texture": "#null", "uv": [ 0.0, 0.0, 2.0, 2.0 ], "enabled": false },
										"down": { "texture": "#wood", "uv": [ 6.5, 1.0, 8.5, 3.0 ] }
									},
									"children": [
										{
											"name": "support_extension_4",
											"from": [ 0.0, -13.5, 0.0 ],
											"to": [ 2.0, 0.0, 2.0 ],
											"rotationOrigin": [ 1.0, 15.5, 1.0 ],
											"faces": {
												"north": { "texture": "#wood", "uv": [ 0.0, 11.5, 13.5, 13.5 ], "rotation": 90 },
												"east": { "texture": "#wood", "uv": [ 0.0, 8.0, 13.5, 10.0 ], "rotation": 90, "windMode": [-1,-1,-1,-1] },
												"south": { "texture": "#wood", "uv": [ 0.0, 7.5, 13.5, 9.5 ], "rotation": 90, "windMode": [-1,-1,-1,-1] },
												"west": { "texture": "#wood", "uv": [ 0.0, 9.5, 13.5, 11.5 ], "rotation": 90, "windMode": [-1,-1,-1,-1] },
												"up": { "texture": "#null", "uv": [ 0.0, 0.0, 2.0, 2.0 ], "enabled": false },
												"down": { "texture": "#wood", "uv": [ 6.5, 1.0, 8.5, 3.0 ] }
											}
										}
									]
								},
								{
									"name": "blade_base_9",
									"from": [ -1.999, -23.5, 9.501 ],
									"to": [ 1.001, -20.5, 25.501 ],
									"rotationOrigin": [ -1.0, -23.5, 9.0 ],
									"rotationY": 90.0,
									"faces": {
										"north": { "texture": "#wood", "uv": [ 0.0, 0.0, 3.0, 3.0 ] },
										"east": { "texture": "#wood", "uv": [ 0.0, 0.0, 16.0, 3.0 ] },
										"south": { "texture": "#wood", "uv": [ 0.0, 0.0, 3.0, 3.0 ] },
										"west": { "texture": "#wood", "uv": [ 0.0, 0.0, 16.0, 3.0 ] },
										"up": { "texture": "#wood", "uv": [ 0.0, 0.0, 3.0, 16.0 ] },
										"down": { "texture": "#wood", "uv": [ 0.0, 0.0, 3.0, 16.0 ] }
									},
									"children": [
										{
											"name": "blunt_blade17",
											"from": [ -2.0, 2.0, 0.1 ],
											"to": [ 0.0, 3.0, 15.9 ],
											"rotationOrigin": [ 0.0, 3.0, 0.1 ],
											"rotationZ": 45.0,
											"faces": {
												"north": { "texture": "#wood", "uv": [ 0.0, 0.0, 2.0, 1.0 ], "windMode": [-1,-1,-1,-1] },
												"east": { "texture": "#wood", "uv": [ 0.0, 0.0, 15.5, 1.0 ], "windMode": [-1,-1,-1,-1], "windData": [0,0,1,1], "enabled": false },
												"south": { "texture": "#wood", "uv": [ 0.0, 0.0, 2.0, 1.0 ], "windMode": [-1,-1,-1,-1], "windData": [1,1,1,1] },
												"west": { "texture": "#wood", "uv": [ 0.0, 0.0, 15.5, 1.0 ], "windMode": [-1,-1,-1,-1], "windData": [0,1,1,0] },
												"up": { "texture": "#wood", "uv": [ 0.0, 0.0, 2.0, 15.5 ], "windMode": [-1,-1,-1,-1], "windData": [0,1,1,0] },
												"down": { "texture": "#wood", "uv": [ 0.0, 0.0, 2.0, 15.5 ], "windMode": [-1,-1,-1,-1], "windData": [0,0,1,1], "enabled": false }
											}
										},
										{
											"name": "blunt_blade18",
											"from": [ -2.0, 0.0, 0.09 ],
											"to": [ 0.0, 2.0, 15.91 ],
											"rotationOrigin": [ 0.0, 0.0, 0.1 ],
											"rotationZ": -45.0,
											"faces": {
												"north": { "texture": "#wood", "uv": [ 0.0, 0.0, 2.0, 2.0 ] },
												"east": { "texture": "#wood", "uv": [ 0.0, 0.0, 15.5, 2.0 ], "windMode": [-1,-1,-1,-1], "windData": [0,0,1,1], "enabled": false },
												"south": { "texture": "#wood", "uv": [ 0.0, 0.0, 2.0, 2.0 ] },
												"west": { "texture": "#wood", "uv": [ 0.0, 0.0, 15.5, 2.0 ], "windMode": [-1,-1,-1,-1], "windData": [0,1,1,0] },
												"up": { "texture": "#wood", "uv": [ 0.0, 0.0, 2.0, 15.5 ], "windMode": [-1,-1,-1,-1], "windData": [0,1,1,0], "enabled": false },
												"down": { "texture": "#wood", "uv": [ 0.0, 0.0, 2.0, 15.5 ], "windMode": [-1,-1,-1,-1], "windData": [0,0,1,1] }
											}
										},
										{
											"name": "sharp_blade17",
											"from": [ 3.0, 2.0, 0.1 ],
											"to": [ 9.0, 3.0, 15.9 ],
											"rotationOrigin": [ 3.0, 3.0, 0.1 ],
											"rotationZ": -10.0,
											"faces": {
												"north": { "texture": "#wood", "uv": [ 0.0, 0.0, 6.0, 1.0 ] },
												"east": { "texture": "#wood", "uv": [ 0.0, 0.0, 15.5, 1.0 ], "windMode": [-1,-1,-1,-1], "windData": [0,0,1,1] },
												"south": { "texture": "#wood", "uv": [ 0.0, 0.0, 6.0, 1.0 ], "windMode": [-1,-1,-1,-1], "windData": [1,1,1,1] },
												"west": { "texture": "#wood", "uv": [ 0.0, 0.0, 15.5, 1.0 ], "windMode": [-1,-1,-1,-1], "windData": [0,1,1,0], "enabled": false },
												"up": { "texture": "#wood", "uv": [ 0.0, 0.0, 6.0, 15.5 ], "windMode": [-1,-1,-1,-1], "windData": [0,1,1,0] },
												"down": { "texture": "#wood", "uv": [ 0.0, 0.0, 6.0, 15.5 ], "windMode": [-1,-1,-1,-1], "windData": [0,0,1,1], "enabled": false }
											}
										},
										{
											"name": "sharp_blade18",
											"from": [ 3.0, 0.0, 0.09 ],
											"to": [ 9.0, 1.0, 15.91 ],
											"rotationOrigin": [ 3.0, 0.0, 0.1 ],
											"rotationZ": 9.6,
											"faces": {
												"north": { "texture": "#wood", "uv": [ 0.0, 0.0, 6.0, 1.0 ] },
												"east": { "texture": "#wood", "uv": [ 0.0, 0.0, 15.5, 1.0 ], "windMode": [-1,-1,-1,-1], "windData": [0,0,1,1] },
												"south": { "texture": "#wood", "uv": [ 0.0, 0.0, 6.0, 1.0 ] },
												"west": { "texture": "#wood", "uv": [ 0.0, 0.0, 15.5, 1.0 ], "windMode": [-1,-1,-1,-1], "windData": [0,1,1,0], "enabled": false },
												"up": { "texture": "#wood", "uv": [ 0.0, 0.0, 6.0, 15.5 ], "windMode": [-1,-1,-1,-1], "windData": [0,1,1,0], "enabled": false },
												"down": { "texture": "#wood", "uv": [ 0.0, 0.0, 6.0, 15.5 ], "windMode": [-1,-1,-1,-1], "windData": [0,0,1,1] }
											}
										},
										{
											"name": "sharp_filler9",
											"from": [ 3.0, 1.0, 0.0 ],
											"to": [ 6.0, 2.0, 16.0 ],
											"rotationOrigin": [ 3.0, 1.0, 0.0 ],
											"faces": {
												"north": { "texture": "#wood", "uv": [ 0.0, 0.0, 3.0, 1.0 ] },
												"east": { "texture": "#wood", "uv": [ 0.0, 0.0, 16.0, 1.0 ], "windMode": [-1,-1,-1,-1], "windData": [0,0,1,1] },
												"south": { "texture": "#wood", "uv": [ 0.0, 0.0, 3.0, 1.0 ] },
												"west": { "texture": "#wood", "uv": [ 0.0, 0.0, 16.0, 1.0 ], "windMode": [-1,-1,-1,-1], "windData": [0,1,1,0], "enabled": false },
												"up": { "texture": "#wood", "uv": [ 0.0, 0.0, 3.0, 16.0 ] },
												"down": { "texture": "#wood", "uv": [ 0.0, 0.0, 3.0, 16.0 ] }
											}
										}
									]
								},
								{
									"name": "blade_base_10",
									"from": [ 14.0, -23.5, 9.5 ],
									"to": [ 17.0, -20.5, 25.5 ],
									"rotationOrigin": [ 15.0, -23.5, 9.0 ],
									"rotationY": 90.0,
									"faces": {
										"north": { "texture": "#wood", "uv": [ 0.0, 0.0, 3.0, 3.0 ] },
										"east": { "texture": "#wood", "uv": [ 0.0, 0.0, 16.0, 3.0 ] },
										"south": { "texture": "#wood", "uv": [ 0.0, 0.0, 3.0, 3.0 ] },
										"west": { "texture": "#wood", "uv": [ 0.0, 0.0, 16.0, 3.0 ] },
										"up": { "texture": "#wood", "uv": [ 0.0, 0.0, 3.0, 16.0 ] },
										"down": { "texture": "#wood", "uv": [ 0.0, 0.0, 3.0, 16.0 ] }
									},
									"children": [
										{
											"name": "blunt_blade19",
											"from": [ -2.0, 2.0, -0.1 ],
											"to": [ 0.0, 3.0, 15.9 ],
											"rotationOrigin": [ 0.0, 3.0, -0.1 ],
											"rotationZ": 45.0,
											"faces": {
												"north": { "texture": "#wood", "uv": [ 0.0, 0.0, 2.0, 1.0 ], "windMode": [-1,-1,-1,-1] },
												"east": { "texture": "#wood", "uv": [ 0.0, 0.0, 16.0, 1.0 ], "windMode": [-1,-1,-1,-1], "windData": [0,0,1,1], "enabled": false },
												"south": { "texture": "#wood", "uv": [ 0.0, 0.0, 2.0, 1.0 ], "windMode": [-1,-1,-1,-1], "windData": [1,1,1,1] },
												"west": { "texture": "#wood", "uv": [ 0.0, 0.0, 16.0, 1.0 ], "windMode": [-1,-1,-1,-1], "windData": [0,1,1,0] },
												"up": { "texture": "#wood", "uv": [ 0.0, 0.0, 2.0, 16.0 ], "windMode": [-1,-1,-1,-1], "windData": [0,1,1,0] },
												"down": { "texture": "#wood", "uv": [ 0.0, 0.0, 2.0, 16.0 ], "windMode": [-1,-1,-1,-1], "windData": [0,0,1,1], "enabled": false }
											}
										},
										{
											"name": "blunt_blade20",
											"from": [ -2.0, 0.0, -0.11 ],
											"to": [ 0.0, 2.0, 15.91 ],
											"rotationOrigin": [ 0.0, 0.0, -0.1 ],
											"rotationZ": -45.0,
											"faces": {
												"north": { "texture": "#wood", "uv": [ 0.0, 0.0, 2.0, 2.0 ] },
												"east": { "texture": "#wood", "uv": [ 0.0, 0.0, 16.0, 2.0 ], "windMode": [-1,-1,-1,-1], "windData": [0,0,1,1], "enabled": false },
												"south": { "texture": "#wood", "uv": [ 0.0, 0.0, 2.0, 2.0 ] },
												"west": { "texture": "#wood", "uv": [ 0.0, 0.0, 16.0, 2.0 ], "windMode": [-1,-1,-1,-1], "windData": [0,1,1,0] },
												"up": { "texture": "#wood", "uv": [ 0.0, 0.0, 2.0, 16.0 ], "windMode": [-1,-1,-1,-1], "windData": [0,1,1,0], "enabled": false },
												"down": { "texture": "#wood", "uv": [ 0.0, 0.0, 2.0, 16.0 ], "windMode": [-1,-1,-1,-1], "windData": [0,0,1,1] }
											}
										},
										{
											"name": "sharp_blade19",
											"from": [ 3.0, 2.0, -0.1 ],
											"to": [ 9.0, 3.0, 15.9 ],
											"rotationOrigin": [ 3.0, 3.0, -0.1 ],
											"rotationZ": -10.0,
											"faces": {
												"north": { "texture": "#wood", "uv": [ 0.0, 0.0, 6.0, 1.0 ] },
												"east": { "texture": "#wood", "uv": [ 0.0, 0.0, 16.0, 1.0 ], "windMode": [-1,-1,-1,-1], "windData": [0,0,1,1] },
												"south": { "texture": "#wood", "uv": [ 0.0, 0.0, 6.0, 1.0 ], "windMode": [-1,-1,-1,-1], "windData": [1,1,1,1] },
												"west": { "texture": "#wood", "uv": [ 0.0, 0.0, 16.0, 1.0 ], "windMode": [-1,-1,-1,-1], "windData": [0,1,1,0], "enabled": false },
												"up": { "texture": "#wood", "uv": [ 0.0, 0.0, 6.0, 16.0 ], "windMode": [-1,-1,-1,-1], "windData": [0,1,1,0] },
												"down": { "texture": "#wood", "uv": [ 0.0, 0.0, 6.0, 16.0 ], "windMode": [-1,-1,-1,-1], "windData": [0,0,1,1], "enabled": false }
											}
										},
										{
											"name": "sharp_blade20",
											"from": [ 3.0, 0.0, -0.09 ],
											"to": [ 9.0, 1.0, 15.93 ],
											"rotationOrigin": [ 3.0, 0.0, 0.0 ],
											"rotationZ": 9.6,
											"faces": {
												"north": { "texture": "#wood", "uv": [ 0.0, 0.0, 6.0, 1.0 ] },
												"east": { "texture": "#wood", "uv": [ 0.0, 0.0, 16.0, 1.0 ], "windMode": [-1,-1,-1,-1], "windData": [0,0,1,1] },
												"south": { "texture": "#wood", "uv": [ 0.0, 0.0, 6.0, 1.0 ] },
												"west": { "texture": "#wood", "uv": [ 0.0, 0.0, 16.0, 1.0 ], "windMode": [-1,-1,-1,-1], "windData": [0,1,1,0], "enabled": false },
												"up": { "texture": "#wood", "uv": [ 0.0, 0.0, 6.0, 16.0 ], "windMode": [-1,-1,-1,-1], "windData": [0,1,1,0], "enabled": false },
												"down": { "texture": "#wood", "uv": [ 0.0, 0.0, 6.0, 16.0 ], "windMode": [-1,-1,-1,-1], "windData": [0,0,1,1] }
											}
										},
										{
											"name": "sharp_filler10",
											"from": [ 3.0, 1.0, 0.0 ],
											"to": [ 6.0, 2.0, 16.0 ],
											"rotationOrigin": [ 3.0, 1.0, 0.0 ],
											"faces": {
												"north": { "texture": "#wood", "uv": [ 0.0, 0.0, 3.0, 1.0 ], "windMode": [-1,-1,-1,-1], "windData": [1,1,1,1], "enabled": false },
												"east": { "texture": "#wood", "uv": [ 0.0, 0.0, 16.0, 1.0 ], "windMode": [-1,-1,-1,-1], "windData": [0,0,1,1] },
												"south": { "texture": "#wood", "uv": [ 0.0, 0.0, 3.0, 1.0 ], "windMode": [-1,-1,-1,-1], "windData": [2,2,2,2] },
												"west": { "texture": "#wood", "uv": [ 0.0, 0.0, 16.0, 1.0 ], "windMode": [-1,-1,-1,-1], "windData": [0,1,1,0], "enabled": false },
												"up": { "texture": "#wood", "uv": [ 0.0, 0.0, 3.0, 16.0 ] },
												"down": { "texture": "#wood", "uv": [ 0.0, 0.0, 3.0, 16.0 ] }
											}
										}
									]
								}
							]
						},
						{
							"name": "blade_origin3",
							"from": [ 14.0, 0.0, 0.0 ],
							"to": [ 14.0, 0.0, 0.0 ],
							"rotationOrigin": [ 15.0, 8.0, 8.0 ],
							"rotationX": 240.0,
							"faces": {
								"north": { "texture": "#null", "uv": [ 0.0, 11.5, 0.5, 12.0 ], "rotation": 90, "enabled": false },
								"east": { "texture": "#null", "uv": [ 0.0, 8.0, 0.5, 8.5 ], "rotation": 90, "windMode": [-1,-1,-1,-1], "enabled": false },
								"south": { "texture": "#null", "uv": [ 0.0, 7.5, 0.5, 8.0 ], "rotation": 90, "windMode": [-1,-1,-1,-1], "enabled": false },
								"west": { "texture": "#null", "uv": [ 0.0, 9.5, 0.5, 10.0 ], "rotation": 90, "windMode": [-1,-1,-1,-1], "enabled": false },
								"up": { "texture": "#null", "uv": [ 0.0, 0.0, 0.5, 0.5 ], "enabled": false },
								"down": { "texture": "#null", "uv": [ 6.5, 1.0, 7.0, 1.5 ], "enabled": false }
							},
							"children": [
								{
									"name": "support_5",
									"from": [ 0.0, -7.0, 7.0 ],
									"to": [ 2.0, 9.0, 9.0 ],
									"rotationOrigin": [ 1.0, 9.0, 8.0 ],
									"faces": {
										"north": { "texture": "#wood", "uv": [ 0.0, 11.5, 16.0, 13.5 ], "rotation": 90 },
										"east": { "texture": "#wood", "uv": [ 0.0, 8.0, 16.0, 10.0 ], "rotation": 90, "windMode": [-1,-1,-1,-1] },
										"south": { "texture": "#wood", "uv": [ 0.0, 7.5, 16.0, 9.5 ], "rotation": 90, "windMode": [-1,-1,-1,-1] },
										"west": { "texture": "#wood", "uv": [ 0.0, 9.5, 16.0, 11.5 ], "rotation": 90, "windMode": [-1,-1,-1,-1] },
										"up": { "texture": "#null", "uv": [ 0.0, 0.0, 2.0, 2.0 ], "enabled": false },
										"down": { "texture": "#wood", "uv": [ 6.5, 1.0, 8.5, 3.0 ] }
									},
									"children": [
										{
											"name": "support_extension_5",
											"from": [ 0.0, -13.5, 0.0 ],
											"to": [ 2.0, 0.0, 2.0 ],
											"rotationOrigin": [ 1.0, 15.5, 1.0 ],
											"faces": {
												"north": { "texture": "#wood", "uv": [ 0.0, 11.5, 13.5, 13.5 ], "rotation": 90 },
												"east": { "texture": "#wood", "uv": [ 0.0, 8.0, 13.5, 10.0 ], "rotation": 90, "windMode": [-1,-1,-1,-1] },
												"south": { "texture": "#wood", "uv": [ 0.0, 7.5, 13.5, 9.5 ], "rotation": 90, "windMode": [-1,-1,-1,-1] },
												"west": { "texture": "#wood", "uv": [ 0.0, 9.5, 13.5, 11.5 ], "rotation": 90, "windMode": [-1,-1,-1,-1] },
												"up": { "texture": "#null", "uv": [ 0.0, 0.0, 2.0, 2.0 ], "enabled": false },
												"down": { "texture": "#wood", "uv": [ 6.5, 1.0, 8.5, 3.0 ] }
											}
										}
									]
								},
								{
									"name": "support_6",
									"from": [ 29.0, -7.0, 7.0 ],
									"to": [ 31.0, 9.0, 9.0 ],
									"rotationOrigin": [ 30.0, 9.0, 8.0 ],
									"faces": {
										"north": { "texture": "#wood", "uv": [ 0.0, 11.5, 16.0, 13.5 ], "rotation": 90 },
										"east": { "texture": "#wood", "uv": [ 0.0, 8.0, 16.0, 10.0 ], "rotation": 90, "windMode": [-1,-1,-1,-1] },
										"south": { "texture": "#wood", "uv": [ 0.0, 7.5, 16.0, 9.5 ], "rotation": 90, "windMode": [-1,-1,-1,-1] },
										"west": { "texture": "#wood", "uv": [ 0.0, 9.5, 16.0, 11.5 ], "rotation": 90, "windMode": [-1,-1,-1,-1] },
										"up": { "texture": "#null", "uv": [ 0.0, 0.0, 2.0, 2.0 ], "enabled": false },
										"down": { "texture": "#wood", "uv": [ 6.5, 1.0, 8.5, 3.0 ] }
									},
									"children": [
										{
											"name": "support_extension_6",
											"from": [ 0.0, -13.5, 0.0 ],
											"to": [ 2.0, 0.0, 2.0 ],
											"rotationOrigin": [ 1.0, 15.5, 1.0 ],
											"faces": {
												"north": { "texture": "#wood", "uv": [ 0.0, 11.5, 13.5, 13.5 ], "rotation": 90 },
												"east": { "texture": "#wood", "uv": [ 0.0, 8.0, 13.5, 10.0 ], "rotation": 90, "windMode": [-1,-1,-1,-1] },
												"south": { "texture": "#wood", "uv": [ 0.0, 7.5, 13.5, 9.5 ], "rotation": 90, "windMode": [-1,-1,-1,-1] },
												"west": { "texture": "#wood", "uv": [ 0.0, 9.5, 13.5, 11.5 ], "rotation": 90, "windMode": [-1,-1,-1,-1] },
												"up": { "texture": "#null", "uv": [ 0.0, 0.0, 2.0, 2.0 ], "enabled": false },
												"down": { "texture": "#wood", "uv": [ 6.5, 1.0, 8.5, 3.0 ] }
											}
										}
									]
								},
								{
									"name": "blade_base_17",
									"from": [ -1.999, -23.5, 9.501 ],
									"to": [ 1.001, -20.5, 25.501 ],
									"rotationOrigin": [ -1.0, -23.5, 9.0 ],
									"rotationY": 90.0,
									"faces": {
										"north": { "texture": "#wood", "uv": [ 0.0, 0.0, 3.0, 3.0 ] },
										"east": { "texture": "#wood", "uv": [ 0.0, 0.0, 16.0, 3.0 ] },
										"south": { "texture": "#wood", "uv": [ 0.0, 0.0, 3.0, 3.0 ] },
										"west": { "texture": "#wood", "uv": [ 0.0, 0.0, 16.0, 3.0 ] },
										"up": { "texture": "#wood", "uv": [ 0.0, 0.0, 3.0, 16.0 ] },
										"down": { "texture": "#wood", "uv": [ 0.0, 0.0, 3.0, 16.0 ] }
									},
									"children": [
										{
											"name": "blunt_blade33",
											"from": [ -2.0, 2.0, 0.1 ],
											"to": [ 0.0, 3.0, 15.9 ],
											"rotationOrigin": [ 0.0, 3.0, 0.1 ],
											"rotationZ": 45.0,
											"faces": {
												"north": { "texture": "#wood", "uv": [ 0.0, 0.0, 2.0, 1.0 ], "windMode": [-1,-1,-1,-1] },
												"east": { "texture": "#wood", "uv": [ 0.0, 0.0, 15.5, 1.0 ], "windMode": [-1,-1,-1,-1], "windData": [0,0,1,1], "enabled": false },
												"south": { "texture": "#wood", "uv": [ 0.0, 0.0, 2.0, 1.0 ], "windMode": [-1,-1,-1,-1], "windData": [1,1,1,1] },
												"west": { "texture": "#wood", "uv": [ 0.0, 0.0, 15.5, 1.0 ], "windMode": [-1,-1,-1,-1], "windData": [0,1,1,0] },
												"up": { "texture": "#wood", "uv": [ 0.0, 0.0, 2.0, 15.5 ], "windMode": [-1,-1,-1,-1], "windData": [0,1,1,0] },
												"down": { "texture": "#wood", "uv": [ 0.0, 0.0, 2.0, 15.5 ], "windMode": [-1,-1,-1,-1], "windData": [0,0,1,1], "enabled": false }
											}
										},
										{
											"name": "blunt_blade34",
											"from": [ -2.0, 0.0, 0.09 ],
											"to": [ 0.0, 2.0, 15.91 ],
											"rotationOrigin": [ 0.0, 0.0, 0.1 ],
											"rotationZ": -45.0,
											"faces": {
												"north": { "texture": "#wood", "uv": [ 0.0, 0.0, 2.0, 2.0 ] },
												"east": { "texture": "#wood", "uv": [ 0.0, 0.0, 15.5, 2.0 ], "windMode": [-1,-1,-1,-1], "windData": [0,0,1,1], "enabled": false },
												"south": { "texture": "#wood", "uv": [ 0.0, 0.0, 2.0, 2.0 ] },
												"west": { "texture": "#wood", "uv": [ 0.0, 0.0, 15.5, 2.0 ], "windMode": [-1,-1,-1,-1], "windData": [0,1,1,0] },
												"up": { "texture": "#wood", "uv": [ 0.0, 0.0, 2.0, 15.5 ], "windMode": [-1,-1,-1,-1], "windData": [0,1,1,0], "enabled": false },
												"down": { "texture": "#wood", "uv": [ 0.0, 0.0, 2.0, 15.5 ], "windMode": [-1,-1,-1,-1], "windData": [0,0,1,1] }
											}
										},
										{
											"name": "sharp_blade33",
											"from": [ 3.0, 2.0, 0.1 ],
											"to": [ 9.0, 3.0, 15.9 ],
											"rotationOrigin": [ 3.0, 3.0, 0.1 ],
											"rotationZ": -10.0,
											"faces": {
												"north": { "texture": "#wood", "uv": [ 0.0, 0.0, 6.0, 1.0 ] },
												"east": { "texture": "#wood", "uv": [ 0.0, 0.0, 15.5, 1.0 ], "windMode": [-1,-1,-1,-1], "windData": [0,0,1,1] },
												"south": { "texture": "#wood", "uv": [ 0.0, 0.0, 6.0, 1.0 ], "windMode": [-1,-1,-1,-1], "windData": [1,1,1,1] },
												"west": { "texture": "#wood", "uv": [ 0.0, 0.0, 15.5, 1.0 ], "windMode": [-1,-1,-1,-1], "windData": [0,1,1,0], "enabled": false },
												"up": { "texture": "#wood", "uv": [ 0.0, 0.0, 6.0, 15.5 ], "windMode": [-1,-1,-1,-1], "windData": [0,1,1,0] },
												"down": { "texture": "#wood", "uv": [ 0.0, 0.0, 6.0, 15.5 ], "windMode": [-1,-1,-1,-1], "windData": [0,0,1,1], "enabled": false }
											}
										},
										{
											"name": "sharp_blade34",
											"from": [ 3.0, 0.0, 0.09 ],
											"to": [ 9.0, 1.0, 15.91 ],
											"rotationOrigin": [ 3.0, 0.0, 0.1 ],
											"rotationZ": 9.6,
											"faces": {
												"north": { "texture": "#wood", "uv": [ 0.0, 0.0, 6.0, 1.0 ] },
												"east": { "texture": "#wood", "uv": [ 0.0, 0.0, 15.5, 1.0 ], "windMode": [-1,-1,-1,-1], "windData": [0,0,1,1] },
												"south": { "texture": "#wood", "uv": [ 0.0, 0.0, 6.0, 1.0 ] },
												"west": { "texture": "#wood", "uv": [ 0.0, 0.0, 15.5, 1.0 ], "windMode": [-1,-1,-1,-1], "windData": [0,1,1,0], "enabled": false },
												"up": { "texture": "#wood", "uv": [ 0.0, 0.0, 6.0, 15.5 ], "windMode": [-1,-1,-1,-1], "windData": [0,1,1,0], "enabled": false },
												"down": { "texture": "#wood", "uv": [ 0.0, 0.0, 6.0, 15.5 ], "windMode": [-1,-1,-1,-1], "windData": [0,0,1,1] }
											}
										},
										{
											"name": "sharp_filler17",
											"from": [ 3.0, 1.0, 0.0 ],
											"to": [ 6.0, 2.0, 16.0 ],
											"rotationOrigin": [ 3.0, 1.0, 0.0 ],
											"faces": {
												"north": { "texture": "#wood", "uv": [ 0.0, 0.0, 3.0, 1.0 ] },
												"east": { "texture": "#wood", "uv": [ 0.0, 0.0, 16.0, 1.0 ], "windMode": [-1,-1,-1,-1], "windData": [0,0,1,1] },
												"south": { "texture": "#wood", "uv": [ 0.0, 0.0, 3.0, 1.0 ] },
												"west": { "texture": "#wood", "uv": [ 0.0, 0.0, 16.0, 1.0 ], "windMode": [-1,-1,-1,-1], "windData": [0,1,1,0], "enabled": false },
												"up": { "texture": "#wood", "uv": [ 0.0, 0.0, 3.0, 16.0 ] },
												"down": { "texture": "#wood", "uv": [ 0.0, 0.0, 3.0, 16.0 ] }
											}
										}
									]
								},
								{
									"name": "blade_base_18",
									"from": [ 14.0, -23.5, 9.5 ],
									"to": [ 17.0, -20.5, 25.5 ],
									"rotationOrigin": [ 15.0, -23.5, 9.0 ],
									"rotationY": 90.0,
									"faces": {
										"north": { "texture": "#wood", "uv": [ 0.0, 0.0, 3.0, 3.0 ] },
										"east": { "texture": "#wood", "uv": [ 0.0, 0.0, 16.0, 3.0 ] },
										"south": { "texture": "#wood", "uv": [ 0.0, 0.0, 3.0, 3.0 ] },
										"west": { "texture": "#wood", "uv": [ 0.0, 0.0, 16.0, 3.0 ] },
										"up": { "texture": "#wood", "uv": [ 0.0, 0.0, 3.0, 16.0 ] },
										"down": { "texture": "#wood", "uv": [ 0.0, 0.0, 3.0, 16.0 ] }
									},
									"children": [
										{
											"name": "blunt_blade35",
											"from": [ -2.0, 2.0, -0.1 ],
											"to": [ 0.0, 3.0, 15.9 ],
											"rotationOrigin": [ 0.0, 3.0, -0.1 ],
											"rotationZ": 45.0,
											"faces": {
												"north": { "texture": "#wood", "uv": [ 0.0, 0.0, 2.0, 1.0 ], "windMode": [-1,-1,-1,-1] },
												"east": { "texture": "#wood", "uv": [ 0.0, 0.0, 16.0, 1.0 ], "windMode": [-1,-1,-1,-1], "windData": [0,0,1,1], "enabled": false },
												"south": { "texture": "#wood", "uv": [ 0.0, 0.0, 2.0, 1.0 ], "windMode": [-1,-1,-1,-1], "windData": [1,1,1,1] },
												"west": { "texture": "#wood", "uv": [ 0.0, 0.0, 16.0, 1.0 ], "windMode": [-1,-1,-1,-1], "windData": [0,1,1,0] },
												"up": { "texture": "#wood", "uv": [ 0.0, 0.0, 2.0, 16.0 ], "windMode": [-1,-1,-1,-1], "windData": [0,1,1,0] },
												"down": { "texture": "#wood", "uv": [ 0.0, 0.0, 2.0, 16.0 ], "windMode": [-1,-1,-1,-1], "windData": [0,0,1,1], "enabled": false }
											}
										},
										{
											"name": "blunt_blade36",
											"from": [ -2.0, 0.0, -0.11 ],
											"to": [ 0.0, 2.0, 15.91 ],
											"rotationOrigin": [ 0.0, 0.0, -0.1 ],
											"rotationZ": -45.0,
											"faces": {
												"north": { "texture": "#wood", "uv": [ 0.0, 0.0, 2.0, 2.0 ] },
												"east": { "texture": "#wood", "uv": [ 0.0, 0.0, 16.0, 2.0 ], "windMode": [-1,-1,-1,-1], "windData": [0,0,1,1], "enabled": false },
												"south": { "texture": "#wood", "uv": [ 0.0, 0.0, 2.0, 2.0 ] },
												"west": { "texture": "#wood", "uv": [ 0.0, 0.0, 16.0, 2.0 ], "windMode": [-1,-1,-1,-1], "windData": [0,1,1,0] },
												"up": { "texture": "#wood", "uv": [ 0.0, 0.0, 2.0, 16.0 ], "windMode": [-1,-1,-1,-1], "windData": [0,1,1,0], "enabled": false },
												"down": { "texture": "#wood", "uv": [ 0.0, 0.0, 2.0, 16.0 ], "windMode": [-1,-1,-1,-1], "windData": [0,0,1,1] }
											}
										},
										{
											"name": "sharp_blade35",
											"from": [ 3.0, 2.0, -0.1 ],
											"to": [ 9.0, 3.0, 15.9 ],
											"rotationOrigin": [ 3.0, 3.0, -0.1 ],
											"rotationZ": -10.0,
											"faces": {
												"north": { "texture": "#wood", "uv": [ 0.0, 0.0, 6.0, 1.0 ] },
												"east": { "texture": "#wood", "uv": [ 0.0, 0.0, 16.0, 1.0 ], "windMode": [-1,-1,-1,-1], "windData": [0,0,1,1] },
												"south": { "texture": "#wood", "uv": [ 0.0, 0.0, 6.0, 1.0 ], "windMode": [-1,-1,-1,-1], "windData": [1,1,1,1] },
												"west": { "texture": "#wood", "uv": [ 0.0, 0.0, 16.0, 1.0 ], "windMode": [-1,-1,-1,-1], "windData": [0,1,1,0], "enabled": false },
												"up": { "texture": "#wood", "uv": [ 0.0, 0.0, 6.0, 16.0 ], "windMode": [-1,-1,-1,-1], "windData": [0,1,1,0] },
												"down": { "texture": "#wood", "uv": [ 0.0, 0.0, 6.0, 16.0 ], "windMode": [-1,-1,-1,-1], "windData": [0,0,1,1], "enabled": false }
											}
										},
										{
											"name": "sharp_blade36",
											"from": [ 3.0, 0.0, -0.09 ],
											"to": [ 9.0, 1.0, 15.93 ],
											"rotationOrigin": [ 3.0, 0.0, 0.0 ],
											"rotationZ": 9.6,
											"faces": {
												"north": { "texture": "#wood", "uv": [ 0.0, 0.0, 6.0, 1.0 ] },
												"east": { "texture": "#wood", "uv": [ 0.0, 0.0, 16.0, 1.0 ], "windMode": [-1,-1,-1,-1], "windData": [0,0,1,1] },
												"south": { "texture": "#wood", "uv": [ 0.0, 0.0, 6.0, 1.0 ] },
												"west": { "texture": "#wood", "uv": [ 0.0, 0.0, 16.0, 1.0 ], "windMode": [-1,-1,-1,-1], "windData": [0,1,1,0], "enabled": false },
												"up": { "texture": "#wood", "uv": [ 0.0, 0.0, 6.0, 16.0 ], "windMode": [-1,-1,-1,-1], "windData": [0,1,1,0], "enabled": false },
												"down": { "texture": "#wood", "uv": [ 0.0, 0.0, 6.0, 16.0 ], "windMode": [-1,-1,-1,-1], "windData": [0,0,1,1] }
											}
										},
										{
											"name": "sharp_filler18",
											"from": [ 3.0, 1.0, 0.0 ],
											"to": [ 6.0, 2.0, 16.0 ],
											"rotationOrigin": [ 3.0, 1.0, 0.0 ],
											"faces": {
												"north": { "texture": "#wood", "uv": [ 0.0, 0.0, 3.0, 1.0 ], "windMode": [-1,-1,-1,-1], "windData": [1,1,1,1], "enabled": false },
												"east": { "texture": "#wood", "uv": [ 0.0, 0.0, 16.0, 1.0 ], "windMode": [-1,-1,-1,-1], "windData": [0,0,1,1] },
												"south": { "texture": "#wood", "uv": [ 0.0, 0.0, 3.0, 1.0 ], "windMode": [-1,-1,-1,-1], "windData": [2,2,2,2] },
												"west": { "texture": "#wood", "uv": [ 0.0, 0.0, 16.0, 1.0 ], "windMode": [-1,-1,-1,-1], "windData": [0,1,1,0], "enabled": false },
												"up": { "texture": "#wood", "uv": [ 0.0, 0.0, 3.0, 16.0 ] },
												"down": { "texture": "#wood", "uv": [ 0.0, 0.0, 3.0, 16.0 ] }
											}
										}
									]
								}
							]
						}
					]
				},
				{
					"name": "axles",
					"from": [ 0.0, 0.0, 0.0 ],
					"to": [ 0.0, 0.0, 0.0 ],
					"faces": {
						"north": { "texture": "#cloth", "uv": [ 0.0, 0.0, 0.5, 0.5 ], "enabled": false },
						"east": { "texture": "#cloth", "uv": [ 0.0, 0.0, 0.5, 0.5 ], "enabled": false },
						"south": { "texture": "#cloth", "uv": [ 0.0, 0.0, 0.5, 0.5 ], "enabled": false },
						"west": { "texture": "#cloth", "uv": [ 0.0, 0.0, 0.5, 0.5 ], "enabled": false },
						"up": { "texture": "#cloth", "uv": [ 0.0, 0.0, 0.5, 0.5 ], "enabled": false },
						"down": { "texture": "#cloth", "uv": [ 0.0, 0.0, 0.5, 0.5 ], "enabled": false }
					},
					"children": [
						{
							"name": "axle_1",
							"from": [ 0.0, 0.0, 0.0 ],
							"to": [ 0.0, 0.0, 0.0 ],
							"faces": {
								"north": { "texture": "#cloth", "uv": [ 0.0, 0.0, 0.5, 0.5 ], "enabled": false },
								"east": { "texture": "#cloth", "uv": [ 0.0, 0.0, 0.5, 0.5 ], "enabled": false },
								"south": { "texture": "#cloth", "uv": [ 0.0, 0.0, 0.5, 0.5 ], "enabled": false },
								"west": { "texture": "#cloth", "uv": [ 0.0, 0.0, 0.5, 0.5 ], "enabled": false },
								"up": { "texture": "#cloth", "uv": [ 0.0, 0.0, 0.5, 0.5 ], "enabled": false },
								"down": { "texture": "#cloth", "uv": [ 0.0, 0.0, 0.5, 0.5 ], "enabled": false }
							},
							"children": [
								{
									"name": "hori",
									"from": [ 0.01, 6.5, 5.01 ],
									"to": [ 12.0, 9.5, 6.51 ],
									"faces": {
										"north": { "texture": "#wood", "uv": [ 2.5, 4.0, 14.5, 7.0 ], "autoUv": false },
										"east": { "texture": "#wood", "uv": [ 8.0, 10.5, 9.5, 13.5 ] },
										"south": { "texture": "#null", "uv": [ 0.0, 0.0, 11.5, 3.0 ], "enabled": false },
										"west": { "texture": "#wood", "uv": [ 9.5, 4.0, 11.0, 7.0 ] },
										"up": { "texture": "#wood", "uv": [ 2.0, 0.0, 14.0, 1.5 ], "autoUv": false },
										"down": { "texture": "#wood", "uv": [ 2.5, 1.5, 14.5, 3.0 ], "autoUv": false }
									}
								},
								{
									"name": "verti",
									"from": [ 0.0, 5.0, 6.5 ],
									"to": [ 12.01, 11.0, 9.5 ],
									"faces": {
										"north": { "texture": "#wood", "uv": [ 2.0, 2.0, 14.0, 8.0 ] },
										"east": { "texture": "#wood", "uv": [ 2.0, 3.0, 5.0, 9.0 ] },
										"south": { "texture": "#wood", "uv": [ 0.0, 2.5, 12.0, 8.5 ] },
										"west": { "texture": "#wood", "uv": [ 7.5, 3.5, 10.5, 9.5 ] },
										"up": { "texture": "#wood", "uv": [ 2.0, 6.0, 14.0, 9.0 ] },
										"down": { "texture": "#wood", "uv": [ 1.5, 6.0, 13.5, 9.0 ] }
									}
								},
								{
									"name": "hori-r",
									"from": [ 0.01, 6.5, 9.49 ],
									"to": [ 12.0, 9.5, 10.99 ],
									"rotationOrigin": [ 0.0, 0.0, 5.0 ],
									"faces": {
										"north": { "texture": "#null", "uv": [ 0.0, 0.0, 11.5, 3.0 ], "enabled": false },
										"east": { "texture": "#wood", "uv": [ 4.5, 4.0, 6.0, 7.0 ] },
										"south": { "texture": "#wood", "uv": [ 2.0, 6.5, 14.0, 9.5 ], "autoUv": false },
										"west": { "texture": "#wood", "uv": [ 13.5, 3.5, 15.0, 6.5 ] },
										"up": { "texture": "#wood", "uv": [ 1.5, 8.0, 13.5, 9.5 ], "autoUv": false },
										"down": { "texture": "#wood", "uv": [ 0.0, 7.0, 12.0, 8.5 ], "autoUv": false }
									}
								},
								{
									"name": "reinforce1",
									"from": [ 4.0, 4.5, 6.0 ],
									"to": [ 11.01, 11.5, 10.0 ],
									"rotationOrigin": [ 4.0, -0.5, -0.5 ],
									"faces": {
										"north": { "texture": "#iron", "uv": [ 9.0, 1.5, 16.0, 8.5 ] },
										"east": { "texture": "#iron", "uv": [ 1.5, 2.5, 5.5, 9.5 ] },
										"south": { "texture": "#iron", "uv": [ 11.0, 2.5, 18.0, 9.5 ] },
										"west": { "texture": "#iron", "uv": [ 0.5, 3.5, 4.5, 10.5 ] },
										"up": { "texture": "#iron", "uv": [ 0.5, 8.0, 7.5, 12.0 ] },
										"down": { "texture": "#iron", "uv": [ 4.5, 10.5, 11.5, 14.5 ] }
									}
								},
								{
									"name": "reinforce2",
									"from": [ 4.01, 6.0, 9.98 ],
									"to": [ 11.0, 10.0, 11.48 ],
									"rotationOrigin": [ 4.0, -0.5, 5.5 ],
									"faces": {
										"north": { "texture": "#null", "uv": [ 0.0, 0.0, 6.5, 4.0 ], "enabled": false },
										"east": { "texture": "#iron", "uv": [ 8.5, 5.5, 10.0, 9.5 ] },
										"south": { "texture": "#iron", "uv": [ 3.5, 4.5, 6.5, 7.5 ], "autoUv": false },
										"west": { "texture": "#iron", "uv": [ 10.5, 6.5, 12.0, 10.5 ] },
										"up": { "texture": "#iron", "uv": [ 1.5, 2.5, 4.5, 4.0 ], "autoUv": false },
										"down": { "texture": "#iron", "uv": [ 0.5, 4.0, 3.5, 5.5 ], "autoUv": false }
									}
								},
								{
									"name": "reinforce3",
									"from": [ 4.01, 6.0, 4.5 ],
									"to": [ 11.0, 10.0, 6.0 ],
									"rotationOrigin": [ 4.0, -0.5, 0.0 ],
									"faces": {
										"north": { "texture": "#iron", "uv": [ 3.0, 6.0, 6.0, 9.0 ], "autoUv": false },
										"east": { "texture": "#iron", "uv": [ 8.5, 9.0, 10.0, 13.0 ] },
										"south": { "texture": "#null", "uv": [ 0.0, 0.0, 6.5, 4.0 ], "enabled": false },
										"west": { "texture": "#iron", "uv": [ 9.0, 1.5, 10.5, 5.5 ] },
										"up": { "texture": "#iron", "uv": [ 1.5, 7.0, 5.0, 8.5 ], "autoUv": false },
										"down": { "texture": "#iron", "uv": [ 3.0, 10.5, 7.0, 12.0 ], "autoUv": false }
									}
								}
							]
						},
						{
							"name": "axle_2",
							"from": [ 0.0, 0.0, 0.0 ],
							"to": [ 0.0, 0.0, 0.0 ],
							"rotationOrigin": [ 0.0, 0.0, 0.0 ],
							"faces": {
								"north": { "texture": "#cloth", "uv": [ 0.0, 0.0, 0.5, 0.5 ], "enabled": false },
								"east": { "texture": "#cloth", "uv": [ 0.0, 0.0, 0.5, 0.5 ], "enabled": false },
								"south": { "texture": "#cloth", "uv": [ 0.0, 0.0, 0.5, 0.5 ], "enabled": false },
								"west": { "texture": "#cloth", "uv": [ 0.0, 0.0, 0.5, 0.5 ], "enabled": false },
								"up": { "texture": "#cloth", "uv": [ 0.0, 0.0, 0.5, 0.5 ], "enabled": false },
								"down": { "texture": "#cloth", "uv": [ 0.0, 0.0, 0.5, 0.5 ], "enabled": false }
							},
							"children": [
								{
									"name": "hori9",
									"from": [ 12.01, 6.5, 5.01 ],
									"to": [ 28.0, 9.5, 6.51 ],
									"rotationOrigin": [ 12.0, 0.0, 0.0 ],
									"faces": {
										"north": { "texture": "#wood", "uv": [ 2.5, 4.0, 14.5, 7.0 ], "autoUv": false },
										"east": { "texture": "#wood", "uv": [ 8.0, 10.5, 9.5, 13.5 ] },
										"south": { "texture": "#null", "uv": [ 0.0, 0.0, 15.5, 3.0 ], "enabled": false },
										"west": { "texture": "#wood", "uv": [ 9.5, 4.0, 11.0, 7.0 ] },
										"up": { "texture": "#wood", "uv": [ 2.0, 0.0, 14.0, 1.5 ], "autoUv": false },
										"down": { "texture": "#wood", "uv": [ 2.5, 1.5, 14.5, 3.0 ], "autoUv": false }
									}
								},
								{
									"name": "verti9",
									"from": [ 12.0, 5.0, 6.5 ],
									"to": [ 28.01, 11.0, 9.5 ],
									"rotationOrigin": [ 12.0, 0.0, 0.0 ],
									"faces": {
										"north": { "texture": "#wood", "uv": [ 2.0, 2.0, 18.0, 8.0 ] },
										"east": { "texture": "#wood", "uv": [ 2.0, 3.0, 5.0, 9.0 ] },
										"south": { "texture": "#wood", "uv": [ 0.0, 2.5, 16.0, 8.5 ] },
										"west": { "texture": "#wood", "uv": [ 7.5, 3.5, 10.5, 9.5 ] },
										"up": { "texture": "#wood", "uv": [ 2.0, 6.0, 18.0, 9.0 ] },
										"down": { "texture": "#wood", "uv": [ 1.5, 6.0, 17.5, 9.0 ] }
									}
								},
								{
									"name": "hori-r9",
									"from": [ 12.01, 6.5, 9.49 ],
									"to": [ 28.0, 9.5, 10.99 ],
									"rotationOrigin": [ 12.0, 0.0, 5.0 ],
									"faces": {
										"north": { "texture": "#null", "uv": [ 0.0, 0.0, 15.5, 3.0 ], "enabled": false },
										"east": { "texture": "#wood", "uv": [ 4.5, 4.0, 6.0, 7.0 ] },
										"south": { "texture": "#wood", "uv": [ 2.0, 6.5, 14.0, 9.5 ], "autoUv": false },
										"west": { "texture": "#wood", "uv": [ 13.5, 3.5, 15.0, 6.5 ] },
										"up": { "texture": "#wood", "uv": [ 1.5, 8.0, 13.5, 9.5 ], "autoUv": false },
										"down": { "texture": "#wood", "uv": [ 0.0, 7.0, 12.0, 8.5 ], "autoUv": false }
									}
								}
							]
						},
						{
							"name": "axle_9",
							"from": [ 16.0, 0.0, 0.0 ],
							"to": [ 16.0, 0.0, 0.0 ],
							"rotationOrigin": [ 16.0, 0.0, 0.0 ],
							"rotationZ": 0.0,
							"faces": {
								"north": { "texture": "#cloth", "uv": [ 0.0, 0.0, 0.5, 0.5 ], "enabled": false },
								"east": { "texture": "#cloth", "uv": [ 0.0, 0.0, 0.5, 0.5 ], "enabled": false },
								"south": { "texture": "#cloth", "uv": [ 0.0, 0.0, 0.5, 0.5 ], "enabled": false },
								"west": { "texture": "#cloth", "uv": [ 0.0, 0.0, 0.5, 0.5 ], "enabled": false },
								"up": { "texture": "#cloth", "uv": [ 0.0, 0.0, 0.5, 0.5 ], "enabled": false },
								"down": { "texture": "#cloth", "uv": [ 0.0, 0.0, 0.5, 0.5 ], "enabled": false }
							},
							"children": [
								{
									"name": "hori8",
									"from": [ 12.01, 6.5, 5.01 ],
									"to": [ 28.0, 9.5, 6.51 ],
									"rotationOrigin": [ 12.0, 0.0, 0.0 ],
									"faces": {
										"north": { "texture": "#wood", "uv": [ 2.5, 4.0, 14.5, 7.0 ], "autoUv": false },
										"east": { "texture": "#wood", "uv": [ 8.0, 10.5, 9.5, 13.5 ] },
										"south": { "texture": "#null", "uv": [ 0.0, 0.0, 15.5, 3.0 ], "enabled": false },
										"west": { "texture": "#wood", "uv": [ 9.5, 4.0, 11.0, 7.0 ] },
										"up": { "texture": "#wood", "uv": [ 2.0, 0.0, 14.0, 1.5 ], "autoUv": false },
										"down": { "texture": "#wood", "uv": [ 2.5, 1.5, 14.5, 3.0 ], "autoUv": false }
									}
								},
								{
									"name": "verti8",
									"from": [ 12.0, 5.0, 6.5 ],
									"to": [ 28.01, 11.0, 9.5 ],
									"rotationOrigin": [ 12.0, 0.0, 0.0 ],
									"faces": {
										"north": { "texture": "#wood", "uv": [ 2.0, 2.0, 18.0, 8.0 ] },
										"east": { "texture": "#wood", "uv": [ 2.0, 3.0, 5.0, 9.0 ] },
										"south": { "texture": "#wood", "uv": [ 0.0, 2.5, 16.0, 8.5 ] },
										"west": { "texture": "#wood", "uv": [ 7.5, 3.5, 10.5, 9.5 ] },
										"up": { "texture": "#wood", "uv": [ 2.0, 6.0, 18.0, 9.0 ] },
										"down": { "texture": "#wood", "uv": [ 1.5, 6.0, 17.5, 9.0 ] }
									}
								},
								{
									"name": "hori-r8",
									"from": [ 12.01, 6.5, 9.49 ],
									"to": [ 28.0, 9.5, 10.99 ],
									"rotationOrigin": [ 12.0, 0.0, 5.0 ],
									"faces": {
										"north": { "texture": "#null", "uv": [ 0.0, 0.0, 15.5, 3.0 ], "enabled": false },
										"east": { "texture": "#wood", "uv": [ 4.5, 4.0, 6.0, 7.0 ] },
										"south": { "texture": "#wood", "uv": [ 2.0, 6.5, 14.0, 9.5 ], "autoUv": false },
										"west": { "texture": "#wood", "uv": [ 13.5, 3.5, 15.0, 6.5 ] },
										"up": { "texture": "#wood", "uv": [ 1.5, 8.0, 13.5, 9.5 ], "autoUv": false },
										"down": { "texture": "#wood", "uv": [ 0.0, 7.0, 12.0, 8.5 ], "autoUv": false }
									}
								},
								{
									"name": "reinforcements8",
									"from": [ -3.0, 0.0, 0.0 ],
									"to": [ -3.0, 0.0, 0.0 ],
									"rotationOrigin": [ -3.0, 0.0, 0.0 ],
									"faces": {
										"north": { "texture": "#cloth", "uv": [ 0.0, 0.0, 0.5, 0.5 ], "enabled": false },
										"east": { "texture": "#cloth", "uv": [ 0.0, 0.0, 0.5, 0.5 ], "enabled": false },
										"south": { "texture": "#cloth", "uv": [ 0.0, 0.0, 0.5, 0.5 ], "enabled": false },
										"west": { "texture": "#cloth", "uv": [ 0.0, 0.0, 0.5, 0.5 ], "enabled": false },
										"up": { "texture": "#cloth", "uv": [ 0.0, 0.0, 0.5, 0.5 ], "enabled": false },
										"down": { "texture": "#cloth", "uv": [ 0.0, 0.0, 0.5, 0.5 ], "enabled": false }
									},
									"children": [
										{
											"name": "reinforce24",
											"from": [ 23.0, 4.5, 6.0 ],
											"to": [ 27.01, 11.5, 10.0 ],
											"rotationOrigin": [ 23.0, -0.5, -0.5 ],
											"faces": {
												"north": { "texture": "#iron", "uv": [ 9.0, 1.5, 13.0, 8.5 ] },
												"east": { "texture": "#iron", "uv": [ 1.5, 2.5, 5.5, 9.5 ] },
												"south": { "texture": "#iron", "uv": [ 11.0, 2.5, 15.0, 9.5 ] },
												"west": { "texture": "#iron", "uv": [ 0.5, 3.5, 4.5, 10.5 ] },
												"up": { "texture": "#iron", "uv": [ 0.5, 8.0, 4.5, 12.0 ] },
												"down": { "texture": "#iron", "uv": [ 4.5, 10.5, 8.5, 14.5 ] }
											}
										},
										{
											"name": "reinforce25",
											"from": [ 23.01, 6.0, 9.98 ],
											"to": [ 27.0, 10.0, 11.48 ],
											"rotationOrigin": [ 23.0, -0.5, 5.5 ],
											"faces": {
												"north": { "texture": "#null", "uv": [ 0.0, 0.0, 3.5, 4.0 ], "enabled": false },
												"east": { "texture": "#iron", "uv": [ 8.5, 5.5, 10.0, 9.5 ] },
												"south": { "texture": "#iron", "uv": [ 3.5, 4.5, 6.5, 7.5 ], "autoUv": false },
												"west": { "texture": "#iron", "uv": [ 10.5, 6.5, 12.0, 10.5 ] },
												"up": { "texture": "#iron", "uv": [ 1.5, 2.5, 4.5, 4.0 ], "autoUv": false },
												"down": { "texture": "#iron", "uv": [ 0.5, 4.0, 3.5, 5.5 ], "autoUv": false }
											}
										},
										{
											"name": "reinforce26",
											"from": [ 23.01, 6.0, 4.5 ],
											"to": [ 27.0, 10.0, 6.0 ],
											"rotationOrigin": [ 23.0, -0.5, 0.0 ],
											"faces": {
												"north": { "texture": "#iron", "uv": [ 3.0, 6.0, 6.0, 9.0 ], "autoUv": false },
												"east": { "texture": "#iron", "uv": [ 8.5, 9.0, 10.0, 13.0 ] },
												"south": { "texture": "#null", "uv": [ 0.0, 0.0, 3.5, 4.0 ], "enabled": false },
												"west": { "texture": "#iron", "uv": [ 9.0, 1.5, 10.5, 5.5 ] },
												"up": { "texture": "#iron", "uv": [ 1.5, 7.0, 5.0, 8.5 ], "autoUv": false },
												"down": { "texture": "#iron", "uv": [ 3.0, 10.5, 7.0, 12.0 ], "autoUv": false }
											}
										}
									]
								}
							]
						}
					]
				}
			]
		}
	]}