{
	"editor": {
		"allAngles": false,
		"entityTextureMode": false
	},
	"textureWidth": 16,
	"textureHeight": 16,
	"textureSizes": {
		"normal-northsouth": [16,16],
		"tin": [16,16]
	},
	"textures": {
		"tin": "game:block/metal/ingot/tin"
	},
	"elements": [
		{
			"name": "Cube2",
			"from": [ 4.0, 0.0, 5.0 ],
			"to": [ 11.0, 1.0, 11.0 ],
			"rotationOrigin": [ 4.0, 0.0, 5.0 ],
			"faces": {
				"north": { "texture": "#tin", "uv": [ 0.0, 0.0, 7.0, 1.0 ] },
				"east": { "texture": "#tin", "uv": [ 0.0, 0.0, 6.0, 1.0 ] },
				"south": { "texture": "#tin", "uv": [ 0.0, 0.0, 7.0, 1.0 ] },
				"west": { "texture": "#tin", "uv": [ 0.0, 0.0, 6.0, 1.0 ] },
				"up": { "texture": "#tin", "uv": [ 0.0, 0.0, 7.0, 6.0 ] },
				"down": { "texture": "#tin", "uv": [ 0.0, 0.0, 7.0, 6.0 ] }
			},
			"children": [
				{
					"name": "Cube3",
					"from": [ 0.0, 0.0, 0.0 ],
					"to": [ 0.5, 8.0, 6.0 ],
					"faces": {
						"north": { "texture": "#tin", "uv": [ 0.0, 0.0, 0.5, 8.0 ] },
						"east": { "texture": "#tin", "uv": [ 0.0, 0.0, 6.0, 8.0 ] },
						"south": { "texture": "#tin", "uv": [ 0.0, 0.0, 0.5, 8.0 ] },
						"west": { "texture": "#tin", "uv": [ 0.0, 0.0, 6.0, 8.0 ] },
						"up": { "texture": "#tin", "uv": [ 0.0, 0.0, 0.5, 6.0 ] },
						"down": { "texture": "#tin", "uv": [ 0.0, 0.0, 0.5, 6.0 ] }
					},
					"children": [
						{
							"name": "Cube4",
							"from": [ 0.0, 1.0, 0.0 ],
							"to": [ 7.0, 8.0, 0.5 ],
							"rotationOrigin": [ 0.0, 1.0, 0.0 ],
							"faces": {
								"north": { "texture": "#tin", "uv": [ 0.0, 0.0, 7.0, 7.0 ] },
								"east": { "texture": "#tin", "uv": [ 0.0, 0.0, 0.5, 7.0 ] },
								"south": { "texture": "#tin", "uv": [ 0.0, 0.0, 7.0, 7.0 ] },
								"west": { "texture": "#tin", "uv": [ 0.0, 0.0, 0.5, 7.0 ] },
								"up": { "texture": "#tin", "uv": [ 0.0, 0.0, 7.0, 0.5 ] },
								"down": { "texture": "#tin", "uv": [ 0.0, 0.0, 7.0, 0.5 ] }
							},
							"children": [
								{
									"name": "Cube5",
									"from": [ 0.0, 0.0, 5.5 ],
									"to": [ 7.0, 7.0, 6.0 ],
									"rotationOrigin": [ 0.0, 0.0, 5.0 ],
									"faces": {
										"north": { "texture": "#tin", "uv": [ 0.0, 0.0, 7.0, 7.0 ] },
										"east": { "texture": "#tin", "uv": [ 0.0, 0.0, 0.5, 7.0 ] },
										"south": { "texture": "#tin", "uv": [ 0.0, 0.0, 7.0, 7.0 ] },
										"west": { "texture": "#tin", "uv": [ 0.0, 0.0, 0.5, 7.0 ] },
										"up": { "texture": "#tin", "uv": [ 0.0, 0.0, 7.0, 0.5 ] },
										"down": { "texture": "#tin", "uv": [ 0.0, 0.0, 7.0, 0.5 ] }
									},
									"children": [
										{
											"name": "Cube6",
											"from": [ 6.5, 0.0, -5.0 ],
											"to": [ 7.0, 7.0, 0.0 ],
											"rotationOrigin": [ 6.0, 0.0, -5.0 ],
											"faces": {
												"north": { "texture": "#tin", "uv": [ 0.0, 0.0, 0.5, 7.0 ] },
												"east": { "texture": "#tin", "uv": [ 0.0, 0.0, 5.0, 7.0 ] },
												"south": { "texture": "#tin", "uv": [ 0.0, 0.0, 0.5, 7.0 ] },
												"west": { "texture": "#tin", "uv": [ 0.0, 0.0, 5.0, 7.0 ] },
												"up": { "texture": "#tin", "uv": [ 0.0, 0.0, 0.5, 5.0 ] },
												"down": { "texture": "#tin", "uv": [ 0.0, 0.0, 0.5, 5.0 ] }
											}
										}
									]
								}
							]
						}
					]
				}
			]
		}
	]}