{
	"editor": {
		"allAngles": false,
		"entityTextureMode": false
	},
	"textureWidth": 16,
	"textureHeight": 16,
	"textureSizes": {
	},
	"textures": {
		"acacia": "game:block/wood/debarked/acacia",
		"baldcypress": "game:block/wood/debarked/baldcypress",
		"linen": "game:item/tool/material/linen"
	},
	"elements": [
		{
			"name": "Cube2",
			"from": [ 1.0, 0.6, 5.0 ],
			"to": [ 15.0, 1.0, 12.0 ],
			"rotationOrigin": [ 1.0, 0.6, 5.0 ],
			"faces": {
				"north": { "texture": "#acacia", "uv": [ 0.0, 0.0, 14.0, 0.5 ] },
				"east": { "texture": "#acacia", "uv": [ 0.0, 0.0, 7.0, 0.5 ] },
				"south": { "texture": "#acacia", "uv": [ 0.0, 0.0, 14.0, 0.5 ] },
				"west": { "texture": "#acacia", "uv": [ 0.0, 0.0, 7.0, 0.5 ] },
				"up": { "texture": "#acacia", "uv": [ 0.0, 0.0, 14.0, 7.0 ] },
				"down": { "texture": "#acacia", "uv": [ 0.0, 0.0, 14.0, 7.0 ] }
			},
			"children": [
				{
					"name": "Cube3",
					"from": [ 0.0, -0.5, 0.0 ],
					"to": [ 0.6, 0.2, 0.4 ],
					"rotationOrigin": [ 0.0, -0.5, 0.0 ],
					"faces": {
						"north": { "texture": "#acacia", "uv": [ 0.0, 0.0, 0.5, 0.5 ] },
						"east": { "texture": "#acacia", "uv": [ 0.0, 0.0, 0.5, 0.5 ] },
						"south": { "texture": "#acacia", "uv": [ 0.0, 0.0, 0.5, 0.5 ] },
						"west": { "texture": "#acacia", "uv": [ 0.0, 0.0, 0.5, 0.5 ] },
						"up": { "texture": "#acacia", "uv": [ 0.0, 0.0, 0.5, 0.5 ] },
						"down": { "texture": "#acacia", "uv": [ 0.0, 0.0, 0.5, 0.5 ] }
					}
				},
				{
					"name": "Cube4",
					"from": [ 0.0, -0.5, 6.6 ],
					"to": [ 0.6, 0.2, 7.0 ],
					"rotationOrigin": [ 0.0, -0.5, 6.6 ],
					"faces": {
						"north": { "texture": "#acacia", "uv": [ 0.0, 0.0, 0.5, 0.5 ] },
						"east": { "texture": "#acacia", "uv": [ 0.0, 0.0, 0.5, 0.5 ] },
						"south": { "texture": "#acacia", "uv": [ 0.0, 0.0, 0.5, 0.5 ] },
						"west": { "texture": "#acacia", "uv": [ 0.0, 0.0, 0.5, 0.5 ] },
						"up": { "texture": "#acacia", "uv": [ 1.0, -0.5, 1.5, 0.0 ] },
						"down": { "texture": "#acacia", "uv": [ 0.0, 0.0, 0.5, 0.5 ] }
					}
				},
				{
					"name": "Cube5",
					"from": [ 13.4, -0.5, 6.6 ],
					"to": [ 14.0, 0.2, 7.0 ],
					"rotationOrigin": [ 13.4, -0.5, 6.6 ],
					"faces": {
						"north": { "texture": "#acacia", "uv": [ 0.0, 0.0, 0.5, 0.5 ] },
						"east": { "texture": "#acacia", "uv": [ 0.0, 0.0, 0.5, 0.5 ] },
						"south": { "texture": "#acacia", "uv": [ 0.0, 0.0, 0.5, 0.5 ] },
						"west": { "texture": "#acacia", "uv": [ 0.0, 0.0, 0.5, 0.5 ] },
						"up": { "texture": "#acacia", "uv": [ 0.0, 0.0, 0.5, 0.5 ] },
						"down": { "texture": "#acacia", "uv": [ 0.0, 0.0, 0.5, 0.5 ] }
					}
				},
				{
					"name": "Cube6",
					"from": [ 13.4, -0.5, 0.0 ],
					"to": [ 14.0, 0.2, 0.4 ],
					"rotationOrigin": [ 13.4, -0.5, 0.0 ],
					"faces": {
						"north": { "texture": "#acacia", "uv": [ 0.0, 0.0, 0.5, 0.5 ] },
						"east": { "texture": "#acacia", "uv": [ 0.0, 0.0, 0.5, 0.5 ] },
						"south": { "texture": "#acacia", "uv": [ 0.0, 0.0, 0.5, 0.5 ] },
						"west": { "texture": "#acacia", "uv": [ 0.0, 0.0, 0.5, 0.5 ] },
						"up": { "texture": "#acacia", "uv": [ 0.0, 0.0, 0.5, 0.5 ] },
						"down": { "texture": "#acacia", "uv": [ 0.0, 0.0, 0.5, 0.5 ] }
					}
				},
				{
					"name": "Cube7",
					"from": [ 0.0, 0.3, 1.0 ],
					"to": [ 14.0, 0.7, 6.0 ],
					"rotationOrigin": [ 0.0, 0.3, 1.0 ],
					"faces": {
						"north": { "texture": "#acacia", "uv": [ 0.0, 0.0, 14.0, 0.5 ] },
						"east": { "texture": "#acacia", "uv": [ 0.0, 0.0, 5.0, 0.5 ] },
						"south": { "texture": "#acacia", "uv": [ 0.0, 0.0, 14.0, 0.5 ] },
						"west": { "texture": "#acacia", "uv": [ 0.0, 0.0, 5.0, 0.5 ] },
						"up": { "texture": "#acacia", "uv": [ 0.0, 0.0, 14.0, 5.0 ] },
						"down": { "texture": "#acacia", "uv": [ 0.0, 0.0, 14.0, 5.0 ] }
					}
				},
				{
					"name": "Cube8",
					"from": [ 0.0, 0.5, 1.5 ],
					"to": [ 14.0, 0.9, 5.5 ],
					"rotationOrigin": [ 0.0, 0.5, 1.5 ],
					"faces": {
						"north": { "texture": "#acacia", "uv": [ 0.0, 0.0, 14.0, 0.5 ] },
						"east": { "texture": "#acacia", "uv": [ 0.0, 0.0, 4.0, 0.5 ] },
						"south": { "texture": "#acacia", "uv": [ 0.0, 0.0, 14.0, 0.5 ] },
						"west": { "texture": "#acacia", "uv": [ 0.0, 0.0, 4.0, 0.5 ] },
						"up": { "texture": "#acacia", "uv": [ 0.0, 0.0, 14.0, 4.0 ] },
						"down": { "texture": "#acacia", "uv": [ 0.0, 0.0, 14.0, 4.0 ] }
					}
				},
				{
					"name": "Cube9",
					"from": [ 0.0, 0.15, 0.3 ],
					"to": [ 14.0, 0.55, 6.8 ],
					"rotationOrigin": [ 0.0, 0.1, 0.3 ],
					"faces": {
						"north": { "texture": "#acacia", "uv": [ 0.0, 0.0, 14.0, 0.5 ] },
						"east": { "texture": "#acacia", "uv": [ 0.0, 0.0, 6.5, 0.5 ] },
						"south": { "texture": "#acacia", "uv": [ 0.0, 0.0, 14.0, 0.5 ] },
						"west": { "texture": "#acacia", "uv": [ 0.0, 0.0, 6.5, 0.5 ] },
						"up": { "texture": "#acacia", "uv": [ 0.0, 0.0, 14.0, 6.5 ] },
						"down": { "texture": "#acacia", "uv": [ 0.0, 0.0, 14.0, 6.5 ] }
					}
				},
				{
					"name": "Cube10",
					"from": [ 0.0, 0.7, 2.0 ],
					"to": [ 14.0, 1.1, 5.0 ],
					"rotationOrigin": [ 0.0, 0.7, 2.0 ],
					"faces": {
						"north": { "texture": "#acacia", "uv": [ 0.0, 0.0, 14.0, 0.5 ] },
						"east": { "texture": "#acacia", "uv": [ 0.0, 0.0, 3.0, 0.5 ] },
						"south": { "texture": "#acacia", "uv": [ 0.0, 0.0, 14.0, 0.5 ] },
						"west": { "texture": "#acacia", "uv": [ 0.0, 0.0, 3.0, 0.5 ] },
						"up": { "texture": "#acacia", "uv": [ 0.0, 0.0, 14.0, 3.0 ] },
						"down": { "texture": "#acacia", "uv": [ 0.0, 0.0, 14.0, 3.0 ] }
					},
					"children": [
						{
							"name": "Cube11",
							"from": [ 3.0, -0.1, -0.9 ],
							"to": [ 3.4, 0.3, -0.5 ],
							"rotationOrigin": [ 3.0, -0.1, -0.9 ],
							"faces": {
								"north": { "texture": "#baldcypress", "uv": [ 4.5, 6.0, 5.0, 6.5 ] },
								"east": { "texture": "#baldcypress", "uv": [ 7.0, 5.5, 7.5, 6.0 ] },
								"south": { "texture": "#baldcypress", "uv": [ 0.0, 0.0, 0.5, 0.5 ] },
								"west": { "texture": "#baldcypress", "uv": [ 0.0, 0.0, 0.5, 0.5 ] },
								"up": { "texture": "#baldcypress", "uv": [ 6.0, 5.0, 6.5, 5.5 ] },
								"down": { "texture": "#baldcypress", "uv": [ 0.0, 0.0, 0.5, 0.5 ] }
							}
						},
						{
							"name": "Cube12",
							"from": [ 4.0, 0.0, -0.4 ],
							"to": [ 4.4, 0.4, 0.0 ],
							"rotationOrigin": [ 4.0, 0.0, -0.4 ],
							"faces": {
								"north": { "texture": "#baldcypress", "uv": [ 0.0, 0.0, 0.5, 0.5 ] },
								"east": { "texture": "#baldcypress", "uv": [ 0.0, 0.0, 0.5, 0.5 ] },
								"south": { "texture": "#baldcypress", "uv": [ 0.0, 0.0, 0.5, 0.5 ] },
								"west": { "texture": "#baldcypress", "uv": [ 0.0, 0.0, 0.5, 0.5 ] },
								"up": { "texture": "#baldcypress", "uv": [ 0.0, 0.0, 0.5, 0.5 ] },
								"down": { "texture": "#baldcypress", "uv": [ 0.0, 0.0, 0.5, 0.5 ] }
							}
						},
						{
							"name": "Cube13",
							"from": [ 5.0, 0.2, 0.3 ],
							"to": [ 5.4, 0.6, 0.7 ],
							"rotationOrigin": [ 5.0, 0.2, 0.3 ],
							"faces": {
								"north": { "texture": "#baldcypress", "uv": [ 0.0, 0.0, 0.5, 0.5 ] },
								"east": { "texture": "#baldcypress", "uv": [ 0.0, 0.0, 0.5, 0.5 ] },
								"south": { "texture": "#baldcypress", "uv": [ 0.0, 0.0, 0.5, 0.5 ] },
								"west": { "texture": "#baldcypress", "uv": [ 0.0, 0.0, 0.5, 0.5 ] },
								"up": { "texture": "#baldcypress", "uv": [ 0.0, 0.0, 0.5, 0.5 ] },
								"down": { "texture": "#baldcypress", "uv": [ 0.0, 0.0, 0.5, 0.5 ] }
							}
						},
						{
							"name": "Cube14",
							"from": [ 5.7, 0.2, 0.9 ],
							"to": [ 6.1, 0.6, 1.3 ],
							"rotationOrigin": [ 5.7, 0.2, 0.9 ],
							"faces": {
								"north": { "texture": "#baldcypress", "uv": [ 0.0, 0.0, 0.5, 0.5 ] },
								"east": { "texture": "#baldcypress", "uv": [ 0.0, 0.0, 0.5, 0.5 ] },
								"south": { "texture": "#baldcypress", "uv": [ 0.0, 0.0, 0.5, 0.5 ] },
								"west": { "texture": "#baldcypress", "uv": [ 0.0, 0.0, 0.5, 0.5 ] },
								"up": { "texture": "#baldcypress", "uv": [ 0.0, 0.0, 0.5, 0.5 ] },
								"down": { "texture": "#baldcypress", "uv": [ 0.0, 0.0, 0.5, 0.5 ] }
							}
						},
						{
							"name": "Cube15",
							"from": [ 6.2, 0.2, 1.4 ],
							"to": [ 6.6, 0.6, 1.8 ],
							"rotationOrigin": [ 6.2, 0.2, 1.4 ],
							"faces": {
								"north": { "texture": "#baldcypress", "uv": [ 0.0, 0.0, 0.5, 0.5 ] },
								"east": { "texture": "#baldcypress", "uv": [ 0.0, 0.0, 0.5, 0.5 ] },
								"south": { "texture": "#baldcypress", "uv": [ 0.0, 0.0, 0.5, 0.5 ] },
								"west": { "texture": "#baldcypress", "uv": [ 0.0, 0.0, 0.5, 0.5 ] },
								"up": { "texture": "#baldcypress", "uv": [ 0.0, 0.0, 0.5, 0.5 ] },
								"down": { "texture": "#baldcypress", "uv": [ 0.0, 0.0, 0.5, 0.5 ] }
							}
						},
						{
							"name": "Cube16",
							"from": [ 6.7, 0.2, 1.9 ],
							"to": [ 7.1, 0.6, 2.3 ],
							"rotationOrigin": [ 6.7, 0.2, 1.9 ],
							"faces": {
								"north": { "texture": "#baldcypress", "uv": [ 0.0, 0.0, 0.5, 0.5 ] },
								"east": { "texture": "#baldcypress", "uv": [ 0.0, 0.0, 0.5, 0.5 ] },
								"south": { "texture": "#baldcypress", "uv": [ 0.0, 0.0, 0.5, 0.5 ] },
								"west": { "texture": "#baldcypress", "uv": [ 0.0, 0.0, 0.5, 0.5 ] },
								"up": { "texture": "#baldcypress", "uv": [ 0.0, 0.0, 0.5, 0.5 ] },
								"down": { "texture": "#baldcypress", "uv": [ 0.0, 0.0, 0.5, 0.5 ] }
							}
						},
						{
							"name": "Cube17",
							"from": [ 7.4, 0.2, 2.5 ],
							"to": [ 7.8, 0.6, 2.9 ],
							"rotationOrigin": [ 7.4, 0.2, 2.5 ],
							"faces": {
								"north": { "texture": "#baldcypress", "uv": [ 0.0, 0.0, 0.5, 0.5 ] },
								"east": { "texture": "#baldcypress", "uv": [ 0.0, 0.0, 0.5, 0.5 ] },
								"south": { "texture": "#baldcypress", "uv": [ 0.0, 0.0, 0.5, 0.5 ] },
								"west": { "texture": "#baldcypress", "uv": [ 0.0, 0.0, 0.5, 0.5 ] },
								"up": { "texture": "#baldcypress", "uv": [ 0.0, 0.0, 0.5, 0.5 ] },
								"down": { "texture": "#baldcypress", "uv": [ 0.0, 0.0, 0.5, 0.5 ] }
							}
						},
						{
							"name": "Cube18",
							"from": [ 7.8, 0.0, 3.1 ],
							"to": [ 8.2, 0.4, 3.4 ],
							"rotationOrigin": [ 7.8, 0.0, 4.1 ],
							"faces": {
								"north": { "texture": "#baldcypress", "uv": [ 0.0, 0.0, 0.5, 0.5 ] },
								"east": { "texture": "#baldcypress", "uv": [ 0.0, 0.0, 0.5, 0.5 ] },
								"south": { "texture": "#baldcypress", "uv": [ 0.0, 0.0, 0.5, 0.5 ] },
								"west": { "texture": "#baldcypress", "uv": [ 0.0, 0.0, 0.5, 0.5 ] },
								"up": { "texture": "#baldcypress", "uv": [ 0.0, 0.0, 0.5, 0.5 ] },
								"down": { "texture": "#baldcypress", "uv": [ 0.0, 0.0, 0.5, 0.5 ] }
							}
						},
						{
							"name": "Cube19",
							"from": [ 8.6, -0.2, 3.5 ],
							"to": [ 9.0, 0.2, 3.9 ],
							"rotationOrigin": [ 8.6, -0.2, 3.5 ],
							"faces": {
								"north": { "texture": "#baldcypress", "uv": [ 0.0, 0.0, 0.5, 0.5 ] },
								"east": { "texture": "#baldcypress", "uv": [ 0.0, 0.0, 0.5, 0.5 ] },
								"south": { "texture": "#baldcypress", "uv": [ 0.0, 0.0, 0.5, 0.5 ] },
								"west": { "texture": "#baldcypress", "uv": [ 0.0, 0.0, 0.5, 0.5 ] },
								"up": { "texture": "#baldcypress", "uv": [ 0.0, 0.0, 0.5, 0.5 ] },
								"down": { "texture": "#baldcypress", "uv": [ 0.0, 0.0, 0.5, 0.5 ] }
							}
						},
						{
							"name": "Cube20",
							"from": [ 9.4, -0.4, 4.0 ],
							"to": [ 9.8, 0.0, 4.4 ],
							"rotationOrigin": [ 9.4, -0.4, 4.0 ],
							"faces": {
								"north": { "texture": "#baldcypress", "uv": [ 0.0, 0.0, 0.5, 0.5 ] },
								"east": { "texture": "#baldcypress", "uv": [ 0.0, 0.0, 0.5, 0.5 ] },
								"south": { "texture": "#baldcypress", "uv": [ 0.0, 0.0, 0.5, 0.5 ] },
								"west": { "texture": "#baldcypress", "uv": [ 0.0, 0.0, 0.5, 0.5 ] },
								"up": { "texture": "#baldcypress", "uv": [ 0.0, 0.0, 0.5, 0.5 ] },
								"down": { "texture": "#baldcypress", "uv": [ 0.0, 0.0, 0.5, 0.5 ] }
							}
						},
						{
							"name": "Cube21",
							"from": [ 2.6, -0.4, -1.4 ],
							"to": [ 3.0, 0.0, -1.0 ],
							"rotationOrigin": [ 2.6, -0.4, -1.4 ],
							"faces": {
								"north": { "texture": "#baldcypress", "uv": [ 0.0, 0.0, 0.5, 0.5 ] },
								"east": { "texture": "#baldcypress", "uv": [ 0.0, 0.0, 0.5, 0.5 ] },
								"south": { "texture": "#baldcypress", "uv": [ 0.0, 0.0, 0.5, 0.5 ] },
								"west": { "texture": "#baldcypress", "uv": [ 0.0, 0.0, 0.5, 0.5 ] },
								"up": { "texture": "#baldcypress", "uv": [ 0.5, 0.0, 1.0, 0.5 ] },
								"down": { "texture": "#baldcypress", "uv": [ 0.0, 0.0, 0.5, 0.5 ] }
							}
						}
					]
				},
				{
					"name": "Cube22",
					"from": [ 0.1, 0.5, 0.7 ],
					"to": [ 2.9, 0.6, 0.8 ],
					"rotationOrigin": [ 0.1, 0.5, 0.7 ],
					"rotationZ": 3.0,
					"faces": {
						"north": { "texture": "#linen", "uv": [ 0.0, 0.0, 2.5, 0.5 ] },
						"east": { "texture": "#linen", "uv": [ 0.0, 0.0, 0.25, 0.5 ] },
						"south": { "texture": "#linen", "uv": [ 0.0, 0.0, 2.75, 0.5 ] },
						"west": { "texture": "#linen", "uv": [ 0.0, 0.0, 0.25, 0.5 ] },
						"up": { "texture": "#linen", "uv": [ 0.0, 0.0, 2.75, 0.5 ] },
						"down": { "texture": "#linen", "uv": [ 2.5, -1.0, 5.25, -0.5 ] }
					},
					"children": [
						{
							"name": "Cube29",
							"from": [ 0.0157, 0.2996, 0.6 ],
							"to": [ 3.2157, 0.3996, 0.7 ],
							"rotationOrigin": [ 0.0157, 0.2996, 1.0 ],
							"faces": {
								"north": { "texture": "#linen", "uv": [ 0.0, 0.0, 3.0, 0.5 ] },
								"east": { "texture": "#linen", "uv": [ 0.0, 0.0, 0.25, 0.5 ] },
								"south": { "texture": "#linen", "uv": [ 0.0, 0.0, 3.0, 0.5 ] },
								"west": { "texture": "#linen", "uv": [ 0.0, 0.0, 0.25, 0.5 ] },
								"up": { "texture": "#linen", "uv": [ 0.0, 0.0, 3.0, 0.5 ] },
								"down": { "texture": "#linen", "uv": [ 0.5, 0.0, 3.5, 0.5 ] }
							}
						},
						{
							"name": "Cube30",
							"from": [ 0.12, 0.4, 1.1 ],
							"to": [ 4.12, 0.5, 1.2 ],
							"rotationOrigin": [ 0.1157, 0.3996, 1.5 ],
							"faces": {
								"north": { "texture": "#linen", "uv": [ 0.0, 0.0, 4.0, 0.5 ] },
								"east": { "texture": "#linen", "uv": [ 0.0, 0.0, 0.25, 0.5 ] },
								"south": { "texture": "#linen", "uv": [ 0.0, 0.0, 4.0, 0.5 ] },
								"west": { "texture": "#linen", "uv": [ 0.0, 0.0, 0.25, 0.5 ] },
								"up": { "texture": "#linen", "uv": [ 0.0, 0.0, 4.0, 0.5 ] },
								"down": { "texture": "#linen", "uv": [ 0.0, 0.0, 4.0, 0.5 ] }
							}
						},
						{
							"name": "Cube31",
							"from": [ 0.12, 0.5, 1.8 ],
							"to": [ 5.22, 0.6, 1.9 ],
							"rotationOrigin": [ 0.1157, 0.4996, 2.2 ],
							"faces": {
								"north": { "texture": "#linen", "uv": [ 0.0, 0.0, 5.0, 0.5 ] },
								"east": { "texture": "#linen", "uv": [ 0.0, 0.0, 0.25, 0.5 ] },
								"south": { "texture": "#linen", "uv": [ 0.0, 0.0, 5.0, 0.5 ] },
								"west": { "texture": "#linen", "uv": [ 0.0, 0.0, 0.25, 0.5 ] },
								"up": { "texture": "#linen", "uv": [ 0.0, 0.0, 5.0, 0.5 ] },
								"down": { "texture": "#linen", "uv": [ 0.0, 0.0, 5.0, 0.5 ] }
							}
						},
						{
							"name": "Cube32",
							"from": [ 0.12, 0.5, 2.35 ],
							"to": [ 5.82, 0.6, 2.45 ],
							"rotationOrigin": [ 0.1157, 0.4996, 2.7 ],
							"faces": {
								"north": { "texture": "#linen", "uv": [ 0.0, 0.0, 5.5, 0.5 ] },
								"east": { "texture": "#linen", "uv": [ 0.0, 0.0, 0.25, 0.5 ] },
								"south": { "texture": "#linen", "uv": [ 0.0, 0.0, 5.5, 0.5 ] },
								"west": { "texture": "#linen", "uv": [ 0.0, 0.0, 0.25, 0.5 ] },
								"up": { "texture": "#linen", "uv": [ 0.0, 0.0, 5.5, 0.5 ] },
								"down": { "texture": "#linen", "uv": [ 0.0, 0.0, 5.5, 0.5 ] }
							}
						},
						{
							"name": "Cube33",
							"from": [ 0.12, 0.5, 2.85 ],
							"to": [ 6.42, 0.6, 2.95 ],
							"rotationOrigin": [ 0.1157, 0.4996, 3.2 ],
							"rotationZ": -0.5,
							"faces": {
								"north": { "texture": "#linen", "uv": [ 0.0, 0.0, 6.25, 0.5 ] },
								"east": { "texture": "#linen", "uv": [ 0.0, 0.0, 0.25, 0.5 ] },
								"south": { "texture": "#linen", "uv": [ 0.0, 0.0, 6.25, 0.5 ] },
								"west": { "texture": "#linen", "uv": [ 0.0, 0.0, 0.25, 0.5 ] },
								"up": { "texture": "#linen", "uv": [ 0.0, 0.0, 6.25, 0.5 ] },
								"down": { "texture": "#linen", "uv": [ 0.0, 0.0, 6.0, 0.5 ] }
							}
						},
						{
							"name": "Cube34",
							"from": [ 0.12, 0.5, 3.35 ],
							"to": [ 6.82, 0.6, 3.45 ],
							"rotationOrigin": [ 0.1157, 0.4996, 3.7 ],
							"rotationZ": -1.0,
							"faces": {
								"north": { "texture": "#linen", "uv": [ 0.0, 0.0, 6.5, 0.5 ] },
								"east": { "texture": "#linen", "uv": [ 0.0, 0.0, 0.25, 0.5 ] },
								"south": { "texture": "#linen", "uv": [ 0.0, 0.0, 6.5, 0.5 ] },
								"west": { "texture": "#linen", "uv": [ 0.0, 0.0, 0.25, 0.5 ] },
								"up": { "texture": "#linen", "uv": [ 0.0, 0.0, 6.5, 0.5 ] },
								"down": { "texture": "#linen", "uv": [ 0.0, 0.0, 6.5, 0.5 ] }
							}
						},
						{
							"name": "Cube35",
							"from": [ 0.12, 0.5, 3.95 ],
							"to": [ 7.52, 0.6, 4.05 ],
							"rotationOrigin": [ 0.1157, 0.4996, 4.3 ],
							"rotationZ": -1.0,
							"faces": {
								"north": { "texture": "#linen", "uv": [ 0.0, 0.0, 7.25, 0.5 ] },
								"east": { "texture": "#linen", "uv": [ 0.0, 0.0, 0.25, 0.5 ] },
								"south": { "texture": "#linen", "uv": [ 0.0, 0.0, 7.25, 0.5 ] },
								"west": { "texture": "#linen", "uv": [ 0.0, 0.0, 0.25, 0.5 ] },
								"up": { "texture": "#linen", "uv": [ 0.0, 0.0, 7.25, 0.5 ] },
								"down": { "texture": "#linen", "uv": [ 0.0, 0.0, 7.0, 0.5 ] }
							}
						},
						{
							"name": "Cube36",
							"from": [ 0.12, 0.3, 4.55 ],
							"to": [ 7.92, 0.4, 4.65 ],
							"rotationOrigin": [ 0.1157, 0.2996, 4.9 ],
							"rotationZ": -1.0,
							"faces": {
								"north": { "texture": "#linen", "uv": [ 0.0, 0.0, 7.75, 0.5 ] },
								"east": { "texture": "#linen", "uv": [ 0.0, 0.0, 0.25, 0.5 ] },
								"south": { "texture": "#linen", "uv": [ 0.0, 0.0, 7.5, 0.5 ] },
								"west": { "texture": "#linen", "uv": [ 0.0, 0.0, 0.25, 0.5 ] },
								"up": { "texture": "#linen", "uv": [ 0.0, 0.0, 7.75, 0.5 ] },
								"down": { "texture": "#linen", "uv": [ 0.0, 0.0, 7.75, 0.5 ] }
							}
						},
						{
							"name": "Cube37",
							"from": [ 0.12, 0.1, 4.95 ],
							"to": [ 8.72, 0.2, 5.05 ],
							"rotationOrigin": [ 0.1157, 0.0996, 5.3 ],
							"rotationZ": -1.0,
							"faces": {
								"north": { "texture": "#linen", "uv": [ 0.0, 0.0, 8.5, 0.5 ] },
								"east": { "texture": "#linen", "uv": [ 0.0, 0.0, 0.25, 0.5 ] },
								"south": { "texture": "#linen", "uv": [ 0.0, 0.0, 8.5, 0.5 ] },
								"west": { "texture": "#linen", "uv": [ 0.0, 0.0, 0.25, 0.5 ] },
								"up": { "texture": "#linen", "uv": [ 0.0, 0.0, 8.5, 0.5 ] },
								"down": { "texture": "#linen", "uv": [ 0.0, 0.0, 8.5, 0.5 ] }
							}
						},
						{
							"name": "Cube38",
							"from": [ 0.12, 0.0, 5.45 ],
							"to": [ 9.52, 0.1, 5.55 ],
							"rotationOrigin": [ 0.1157, -4.0E-4, 5.8 ],
							"rotationZ": -1.99,
							"faces": {
								"north": { "texture": "#linen", "uv": [ 0.0, 0.0, 9.25, 0.5 ] },
								"east": { "texture": "#linen", "uv": [ 0.0, 0.0, 0.5, 0.5 ] },
								"south": { "texture": "#linen", "uv": [ 0.0, 0.0, 9.25, 0.5 ] },
								"west": { "texture": "#linen", "uv": [ 0.0, 0.0, 0.25, 0.5 ] },
								"up": { "texture": "#linen", "uv": [ 0.0, 0.0, 9.25, 0.5 ] },
								"down": { "texture": "#linen", "uv": [ 0.0, 0.0, 9.25, 0.5 ] }
							}
						}
					]
				},
				{
					"name": "Cube23",
					"from": [ 0.0, 0.5, 0.7 ],
					"to": [ 0.2, 0.8, 6.8 ],
					"rotationOrigin": [ 0.0, 0.5, 0.7 ],
					"faces": {
						"north": { "texture": "#acacia", "uv": [ 0.0, 0.0, 0.5, 0.5 ] },
						"east": { "texture": "#acacia", "uv": [ 0.0, 0.0, 6.0, 0.5 ] },
						"south": { "texture": "#acacia", "uv": [ 0.0, 0.0, 0.5, 0.5 ] },
						"west": { "texture": "#acacia", "uv": [ 0.0, 0.0, 6.0, 0.5 ] },
						"up": { "texture": "#acacia", "uv": [ 0.0, 0.0, 0.5, 6.0 ] },
						"down": { "texture": "#acacia", "uv": [ 0.0, 0.0, 0.5, 6.0 ] }
					},
					"children": [
						{
							"name": "Cube24",
							"from": [ 0.0, 0.2, 0.3 ],
							"to": [ 0.2, 0.5, 5.4 ],
							"rotationOrigin": [ 0.0, 0.2, 0.3 ],
							"faces": {
								"north": { "texture": "#acacia", "uv": [ 0.0, 0.0, 0.5, 0.5 ] },
								"east": { "texture": "#acacia", "uv": [ 0.0, 0.0, 5.0, 0.5 ] },
								"south": { "texture": "#acacia", "uv": [ 0.0, 0.0, 0.5, 0.5 ] },
								"west": { "texture": "#acacia", "uv": [ 0.0, 0.0, 5.0, 0.5 ] },
								"up": { "texture": "#acacia", "uv": [ 0.0, 0.0, 0.5, 5.0 ] },
								"down": { "texture": "#acacia", "uv": [ 0.0, 0.0, 0.5, 5.0 ] }
							}
						},
						{
							"name": "Cube25",
							"from": [ 0.0, 0.4, 0.8 ],
							"to": [ 0.2, 0.7, 5.0 ],
							"rotationOrigin": [ 0.0, 0.4, 0.8 ],
							"faces": {
								"north": { "texture": "#acacia", "uv": [ 0.0, 0.0, 0.5, 0.5 ] },
								"east": { "texture": "#acacia", "uv": [ 0.0, 0.0, 4.0, 0.5 ] },
								"south": { "texture": "#acacia", "uv": [ 0.0, 0.0, 0.5, 0.5 ] },
								"west": { "texture": "#acacia", "uv": [ 0.0, 0.0, 4.0, 0.5 ] },
								"up": { "texture": "#acacia", "uv": [ 0.0, 0.0, 0.5, 4.0 ] },
								"down": { "texture": "#acacia", "uv": [ 0.0, 0.0, 0.5, 4.0 ] }
							}
						}
					]
				},
				{
					"name": "Cube26",
					"from": [ 14.0, 0.5, 0.6 ],
					"to": [ 14.2, 0.8, 6.8 ],
					"rotationOrigin": [ 14.0, 0.5, 0.6 ],
					"faces": {
						"north": { "texture": "#acacia", "uv": [ 0.0, 0.0, 0.5, 0.5 ] },
						"east": { "texture": "#acacia", "uv": [ 0.0, 0.0, 6.0, 0.5 ] },
						"south": { "texture": "#acacia", "uv": [ 0.0, 0.0, 0.5, 0.5 ] },
						"west": { "texture": "#acacia", "uv": [ 0.0, 0.0, 6.0, 0.5 ] },
						"up": { "texture": "#acacia", "uv": [ 0.0, 0.0, 0.5, 6.0 ] },
						"down": { "texture": "#acacia", "uv": [ 0.0, 0.0, 0.5, 6.0 ] }
					},
					"children": [
						{
							"name": "Cube27",
							"from": [ 0.0, 0.2, 0.3 ],
							"to": [ 0.2, 0.5, 5.4 ],
							"rotationOrigin": [ 0.0, 0.2, 0.3 ],
							"faces": {
								"north": { "texture": "#acacia", "uv": [ 0.0, 0.0, 0.5, 0.5 ] },
								"east": { "texture": "#acacia", "uv": [ 0.0, 0.0, 5.0, 0.5 ] },
								"south": { "texture": "#acacia", "uv": [ 0.0, 0.0, 0.5, 0.5 ] },
								"west": { "texture": "#acacia", "uv": [ 0.0, 0.0, 5.0, 0.5 ] },
								"up": { "texture": "#acacia", "uv": [ 0.0, 0.0, 0.5, 5.0 ] },
								"down": { "texture": "#acacia", "uv": [ 0.0, 0.0, 0.5, 5.0 ] }
							}
						},
						{
							"name": "Cube28",
							"from": [ 0.0, 0.4, 0.8 ],
							"to": [ 0.2, 0.7, 5.0 ],
							"rotationOrigin": [ 0.0, 0.4, 0.8 ],
							"faces": {
								"north": { "texture": "#acacia", "uv": [ 0.0, 0.0, 0.5, 0.5 ] },
								"east": { "texture": "#acacia", "uv": [ 0.0, 0.0, 4.0, 0.5 ] },
								"south": { "texture": "#acacia", "uv": [ 0.0, 0.0, 0.5, 0.5 ] },
								"west": { "texture": "#acacia", "uv": [ 0.0, 0.0, 4.0, 0.5 ] },
								"up": { "texture": "#acacia", "uv": [ 0.0, 0.0, 0.5, 4.0 ] },
								"down": { "texture": "#acacia", "uv": [ 0.0, 0.0, 0.5, 4.0 ] }
							}
						}
					]
				},
				{
					"name": "Cube39",
					"from": [ 14.1, 0.5, 6.45 ],
					"to": [ 18.6, 0.6, 6.55 ],
					"rotationOrigin": [ 14.1, 0.5, 6.35 ],
					"rotationY": -180.0,
					"rotationZ": 2.0,
					"faces": {
						"north": { "texture": "#linen", "uv": [ 0.0, 0.0, 4.5, 0.5 ] },
						"east": { "texture": "#linen", "uv": [ 0.0, 0.0, 0.25, 0.5 ] },
						"south": { "texture": "#linen", "uv": [ 0.0, 0.0, 4.5, 0.5 ] },
						"west": { "texture": "#linen", "uv": [ 0.0, 0.0, 0.25, 0.5 ] },
						"up": { "texture": "#linen", "uv": [ 0.0, 0.0, 4.5, 0.5 ] },
						"down": { "texture": "#linen", "uv": [ 0.0, 0.0, 4.5, 0.5 ] }
					},
					"children": [
						{
							"name": "Cube40",
							"from": [ 0.0157, 0.2996, 0.5 ],
							"to": [ 5.3157, 0.3996, 0.6 ],
							"rotationOrigin": [ 0.0157, 0.2996, 0.9 ],
							"rotationZ": -1.0,
							"faces": {
								"north": { "texture": "#linen", "uv": [ 0.0, 0.0, 5.25, 0.5 ] },
								"east": { "texture": "#linen", "uv": [ 0.0, 0.0, 0.25, 0.5 ] },
								"south": { "texture": "#linen", "uv": [ 0.5, 0.0, 5.75, 0.5 ] },
								"west": { "texture": "#linen", "uv": [ 0.0, 0.0, 0.25, 0.5 ] },
								"up": { "texture": "#linen", "uv": [ 0.0, 0.0, 5.25, 0.5 ] },
								"down": { "texture": "#linen", "uv": [ 0.0, 0.0, 5.0, 0.5 ] }
							}
						},
						{
							"name": "Cube41",
							"from": [ 0.12, 0.4, 0.9 ],
							"to": [ 6.12, 0.5, 1.0 ],
							"rotationOrigin": [ 0.1157, 0.3996, 1.3 ],
							"rotationZ": -0.5,
							"faces": {
								"north": { "texture": "#linen", "uv": [ 0.0, 0.0, 6.0, 0.5 ] },
								"east": { "texture": "#linen", "uv": [ 0.0, 0.0, 0.25, 0.5 ] },
								"south": { "texture": "#linen", "uv": [ 0.0, 0.0, 6.0, 0.5 ] },
								"west": { "texture": "#linen", "uv": [ 0.0, 0.0, 0.25, 0.5 ] },
								"up": { "texture": "#linen", "uv": [ 0.0, 0.0, 6.0, 0.5 ] },
								"down": { "texture": "#linen", "uv": [ 0.0, 0.0, 6.0, 0.5 ] }
							}
						},
						{
							"name": "Cube42",
							"from": [ 0.12, 0.5, 1.5 ],
							"to": [ 7.22, 0.6, 1.6 ],
							"rotationOrigin": [ 0.1157, 0.4996, 1.9 ],
							"faces": {
								"north": { "texture": "#linen", "uv": [ 0.0, 0.0, 7.0, 0.5 ] },
								"east": { "texture": "#linen", "uv": [ 0.0, 0.0, 0.25, 0.5 ] },
								"south": { "texture": "#linen", "uv": [ 0.0, 0.0, 7.0, 0.5 ] },
								"west": { "texture": "#linen", "uv": [ 0.0, 0.0, 0.25, 0.5 ] },
								"up": { "texture": "#linen", "uv": [ 0.0, 0.0, 7.0, 0.5 ] },
								"down": { "texture": "#linen", "uv": [ 0.0, 0.0, 7.0, 0.5 ] }
							}
						},
						{
							"name": "Cube43",
							"from": [ 0.12, 0.5, 2.1 ],
							"to": [ 7.52, 0.6, 2.2 ],
							"rotationOrigin": [ 0.1157, 0.4996, 2.5 ],
							"rotationZ": -0.2,
							"faces": {
								"north": { "texture": "#linen", "uv": [ 0.0, 0.0, 7.0, 0.5 ] },
								"east": { "texture": "#linen", "uv": [ 0.0, 0.0, 0.25, 0.5 ] },
								"south": { "texture": "#linen", "uv": [ 0.0, 0.0, 7.25, 0.5 ] },
								"west": { "texture": "#linen", "uv": [ 0.0, 0.0, 0.25, 0.5 ] },
								"up": { "texture": "#linen", "uv": [ 0.0, 0.0, 7.25, 0.5 ] },
								"down": { "texture": "#linen", "uv": [ 0.0, 0.0, 7.25, 0.5 ] }
							}
						},
						{
							"name": "Cube44",
							"from": [ 0.12, 0.5, 2.6 ],
							"to": [ 7.72, 0.6, 2.7 ],
							"rotationOrigin": [ 0.1157, 0.4996, 2.8 ],
							"faces": {
								"north": { "texture": "#linen", "uv": [ 0.0, 0.0, 7.5, 0.5 ] },
								"east": { "texture": "#linen", "uv": [ 0.0, 0.0, 0.25, 0.5 ] },
								"south": { "texture": "#linen", "uv": [ 0.0, 0.0, 7.5, 0.5 ] },
								"west": { "texture": "#linen", "uv": [ 0.0, 0.0, 0.25, 0.5 ] },
								"up": { "texture": "#linen", "uv": [ 0.0, 0.0, 7.5, 0.5 ] },
								"down": { "texture": "#linen", "uv": [ 0.0, 0.0, 7.5, 0.5 ] }
							}
						},
						{
							"name": "Cube45",
							"from": [ 0.12, 0.5, 3.1 ],
							"to": [ 8.32, 0.6, 3.2 ],
							"rotationOrigin": [ 0.1157, 0.4996, 3.5 ],
							"faces": {
								"north": { "texture": "#linen", "uv": [ 0.0, 0.0, 8.0, 0.5 ] },
								"east": { "texture": "#linen", "uv": [ 0.0, 0.0, 0.25, 0.5 ] },
								"south": { "texture": "#linen", "uv": [ 0.0, 0.0, 8.0, 0.5 ] },
								"west": { "texture": "#linen", "uv": [ 0.0, 0.0, 0.25, 0.5 ] },
								"up": { "texture": "#linen", "uv": [ 0.0, 0.0, 8.0, 0.5 ] },
								"down": { "texture": "#linen", "uv": [ 0.0, 0.0, 8.0, 0.5 ] }
							}
						},
						{
							"name": "Cube46",
							"from": [ 0.12, 0.5, 3.65 ],
							"to": [ 8.92, 0.6, 3.75 ],
							"rotationOrigin": [ 0.1157, 0.4996, 4.0 ],
							"rotationZ": -0.1,
							"faces": {
								"north": { "texture": "#linen", "uv": [ 0.0, 0.0, 8.75, 0.5 ] },
								"east": { "texture": "#linen", "uv": [ 0.0, 0.0, 0.25, 0.5 ] },
								"south": { "texture": "#linen", "uv": [ 0.0, 0.0, 8.75, 0.5 ] },
								"west": { "texture": "#linen", "uv": [ 0.0, 0.0, 0.25, 0.5 ] },
								"up": { "texture": "#linen", "uv": [ 0.0, 0.0, 8.75, 0.5 ] },
								"down": { "texture": "#linen", "uv": [ 0.0, 0.0, 8.5, 0.5 ] }
							}
						},
						{
							"name": "Cube47",
							"from": [ 0.12, 0.3, 4.35 ],
							"to": [ 10.02, 0.4, 4.45 ],
							"rotationOrigin": [ 0.1157, 0.2996, 4.7 ],
							"rotationZ": -0.2,
							"faces": {
								"north": { "texture": "#linen", "uv": [ 0.0, 0.0, 9.75, 0.5 ] },
								"east": { "texture": "#linen", "uv": [ 0.0, 0.0, 0.25, 0.5 ] },
								"south": { "texture": "#linen", "uv": [ 0.0, 0.0, 9.75, 0.5 ] },
								"west": { "texture": "#linen", "uv": [ 0.0, 0.0, 0.25, 0.5 ] },
								"up": { "texture": "#linen", "uv": [ 0.0, 0.0, 9.75, 0.5 ] },
								"down": { "texture": "#linen", "uv": [ 0.0, 0.0, 9.5, 0.5 ] }
							}
						},
						{
							"name": "Cube48",
							"from": [ 0.12, 0.1, 4.85 ],
							"to": [ 11.02, 0.2, 4.95 ],
							"rotationOrigin": [ 0.1157, 0.0996, 5.2 ],
							"rotationZ": -0.2,
							"faces": {
								"north": { "texture": "#linen", "uv": [ 0.0, 0.0, 10.75, 0.5 ] },
								"east": { "texture": "#linen", "uv": [ 0.0, 0.0, 0.25, 0.5 ] },
								"south": { "texture": "#linen", "uv": [ 0.0, 0.0, 10.75, 0.5 ] },
								"west": { "texture": "#linen", "uv": [ 0.0, 0.0, 0.25, 0.5 ] },
								"up": { "texture": "#linen", "uv": [ 0.0, 0.0, 10.75, 0.5 ] },
								"down": { "texture": "#linen", "uv": [ 0.0, 0.0, 10.5, 0.5 ] }
							}
						},
						{
							"name": "Cube49",
							"from": [ 0.12, 0.0, 5.45 ],
							"to": [ 11.52, 0.1, 5.55 ],
							"rotationOrigin": [ 0.1157, -4.0E-4, 5.8 ],
							"rotationZ": -1.3,
							"faces": {
								"north": { "texture": "#linen", "uv": [ 0.0, 0.0, 11.25, 0.5 ] },
								"east": { "texture": "#linen", "uv": [ 0.0, 0.0, 0.25, 0.5 ] },
								"south": { "texture": "#linen", "uv": [ 0.0, 0.0, 11.25, 0.5 ] },
								"west": { "texture": "#linen", "uv": [ 0.0, 0.0, 0.25, 0.5 ] },
								"up": { "texture": "#linen", "uv": [ 0.0, 0.0, 11.25, 0.5 ] },
								"down": { "texture": "#linen", "uv": [ 0.0, 0.0, 11.0, 0.5 ] }
							}
						}
					]
				}
			]
		}
	]}