{
	"editor": {
		"backDropShape": "entity/humanoid/seraph",
		"allAngles": true,
		"entityTextureMode": false
	},
	"textureWidth": 16,
	"textureHeight": 16,
	"textureSizes": {
	},
	"textures": {
		"chromium1": "game:block/metal/sheet/chromium1",
		"redwood": "game:block/wood/debarked/redwood"
	},
	"elements": [
		{
			"name": "bottom",
			"from": [ 5.0, 0.0, 6.0 ],
			"to": [ 12.0, 5.0, 11.0 ],
			"rotationOrigin": [ 5.0, 0.0, 6.0 ],
			"faces": {
				"north": { "texture": "#redwood", "uv": [ 1.0, 5.0, 8.0, 10.0 ] },
				"east": { "texture": "#redwood", "uv": [ 4.5, 2.5, 9.5, 7.5 ] },
				"south": { "texture": "#redwood", "uv": [ 4.0, 6.0, 11.0, 11.0 ] },
				"west": { "texture": "#redwood", "uv": [ 1.0, 2.0, 6.0, 7.0 ] },
				"up": { "texture": "#redwood", "uv": [ 4.5, 6.5, 11.5, 11.5 ] },
				"down": { "texture": "#redwood", "uv": [ 6.0, 5.5, 13.0, 10.5 ] }
			},
			"children": [
				{
					"name": "middle",
					"from": [ 2.0, 5.0, 0.0 ],
					"to": [ 5.0, 6.0, 5.0 ],
					"rotationOrigin": [ 2.0, 5.0, 0.0 ],
					"faces": {
						"north": { "texture": "#redwood", "uv": [ 0.0, 0.0, 3.0, 1.0 ] },
						"east": { "texture": "#redwood", "uv": [ 0.0, 0.0, 5.0, 1.0 ] },
						"south": { "texture": "#redwood", "uv": [ 0.0, 0.0, 3.0, 1.0 ] },
						"west": { "texture": "#redwood", "uv": [ 0.0, 0.0, 5.0, 1.0 ] },
						"up": { "texture": "#redwood", "uv": [ 0.0, 0.0, 3.0, 5.0 ] },
						"down": { "texture": "#redwood", "uv": [ 0.0, 0.0, 3.0, 5.0 ] }
					}
				},
				{
					"name": "top",
					"from": [ 1.0, 6.0, 0.0 ],
					"to": [ 6.0, 9.0, 5.0 ],
					"rotationOrigin": [ 1.0, 6.0, 0.0 ],
					"faces": {
						"north": { "texture": "#redwood", "uv": [ 10.0, 3.5, 15.0, 6.5 ] },
						"east": { "texture": "#redwood", "uv": [ 11.0, 2.5, 16.0, 5.5 ] },
						"south": { "texture": "#redwood", "uv": [ 7.5, 7.0, 12.5, 10.0 ] },
						"west": { "texture": "#redwood", "uv": [ 1.0, 4.5, 6.0, 7.5 ] },
						"up": { "texture": "#redwood", "uv": [ 4.0, 0.0, 9.0, 5.0 ] },
						"down": { "texture": "#redwood", "uv": [ 3.0, 1.5, 8.0, 6.5 ] }
					}
				},
				{
					"name": "neck",
					"from": [ 2.0, 9.0, 3.0 ],
					"to": [ 5.0, 13.0, 5.0 ],
					"rotationOrigin": [ 2.0, 9.0, 3.0 ],
					"faces": {
						"north": { "texture": "#redwood", "uv": [ 0.0, 0.0, 3.0, 4.0 ] },
						"east": { "texture": "#redwood", "uv": [ 1.5, 0.5, 3.5, 4.5 ] },
						"south": { "texture": "#redwood", "uv": [ 2.5, 1.5, 5.5, 5.5 ] },
						"west": { "texture": "#redwood", "uv": [ 8.0, 1.5, 10.0, 5.5 ] },
						"up": { "texture": "#redwood", "uv": [ 4.5, 1.0, 7.5, 3.0 ] },
						"down": { "texture": "#redwood", "uv": [ 0.0, 0.0, 3.0, 2.0 ] }
					},
					"children": [
						{
							"name": "Cube1",
							"from": [ -1.0, 4.0, 0.0 ],
							"to": [ 4.0, 6.0, 2.0 ],
							"rotationOrigin": [ -1.0, 4.0, 0.0 ],
							"faces": {
								"north": { "texture": "#redwood", "uv": [ 0.0, 0.0, 5.0, 2.0 ] },
								"east": { "texture": "#redwood", "uv": [ 0.0, 0.0, 2.0, 2.0 ] },
								"south": { "texture": "#redwood", "uv": [ 0.0, 0.0, 5.0, 2.0 ] },
								"west": { "texture": "#redwood", "uv": [ 0.0, 0.0, 2.0, 2.0 ] },
								"up": { "texture": "#redwood", "uv": [ 0.0, 0.0, 5.0, 2.0 ] },
								"down": { "texture": "#redwood", "uv": [ 0.0, 0.0, 5.0, 2.0 ] }
							}
						}
					]
				},
				{
					"name": "Cube6",
					"from": [ 3.0, 2.0, 5.0 ],
					"to": [ 4.0, 14.0, 6.0 ],
					"rotationOrigin": [ 3.0, 2.0, 5.0 ],
					"faces": {
						"north": { "texture": "#chromium1", "uv": [ 0.0, 0.0, 1.0, 12.0 ] },
						"east": { "texture": "#chromium1", "uv": [ 0.0, 0.0, 1.0, 12.0 ] },
						"south": { "texture": "#chromium1", "uv": [ 0.0, 0.0, 1.0, 12.0 ] },
						"west": { "texture": "#chromium1", "uv": [ 0.0, 0.0, 1.0, 12.0 ] },
						"up": { "texture": "#chromium1", "uv": [ 0.0, 0.0, 1.0, 1.0 ] },
						"down": { "texture": "#chromium1", "uv": [ 0.0, 0.0, 1.0, 1.0 ] }
					}
				}
			]
		}
	]}