{
	"editor": {
		"collapsedPaths": "Root/BoxBody,Root/MOVER-PILE-1,Root/Gear1p6x30a,Root/MOVER/TemporalCore",
		"allAngles": false,
		"entityTextureMode": false
	},
	"textureWidth": 16,
	"textureHeight": 16,
	"textureSizes": {
		"metal": [8,8],
		"chain": [8,4],
		"gem": [4,4],
		"irontarnished": [8,4],
		"rottenking": [8,4],
		"gold": [16,16],
		"rustyglow": [16,16],
		"silver": [16,8]
	},
	"textures": {
		"bituminous": "game:block/coal/bituminous",
		"blue": "game:block/glass/blue",
		"rustyglow": "game:block/machine/statictranslocator/rustyglow",
		"cupronickel1": "game:block/metal/sheet/cupronickel1",
		"electrum1": "game:block/metal/sheet/electrum1",
		"gold1": "game:block/metal/sheet/gold1",
		"steel1": "game:block/metal/sheet/steel1",
		"lead": "game:block/metal/tarnished/lead"
	},
	"elements": [
		{
			"name": "GEARBOXMOVER",
			"from": [ 7.0, 10.0, 7.0 ],
			"to": [ 9.0, 12.0, 9.0 ],
			"rotationOrigin": [ 8.0, 10.0, 8.0 ],
			"rotationZ": -90.0,
			"faces": {
			},
			"children": [
				{
					"name": "GearboxBottom",
					"from": [ -1.0, -1.5, -1.5 ],
					"to": [ 7.0, -1.0, 3.5 ],
					"rotationOrigin": [ -1.0, -1.5, -1.5 ],
					"faces": {
						"north": { "texture": "#cupronickel1", "uv": [ 6.5, 2.5, 14.5, 3.0 ] },
						"south": { "texture": "#cupronickel1", "uv": [ 5.5, 9.0, 13.5, 9.5 ] },
						"up": { "texture": "#cupronickel1", "uv": [ 4.0, 9.0, 12.0, 14.0 ] },
						"down": { "texture": "#cupronickel1", "uv": [ 4.0, 4.0, 12.0, 9.0 ] }
					},
					"children": [
						{
							"name": "Black",
							"from": [ 0.0, 0.5, 1.5 ],
							"to": [ 8.0, 2.0, 3.5 ],
							"rotationOrigin": [ 0.0, 0.5, 1.5 ],
							"faces": {
								"north": { "texture": "#bituminous", "uv": [ 6.5, 1.0, 14.5, 2.5 ] },
								"east": { "texture": "#bituminous", "uv": [ 2.5, 11.0, 4.5, 12.5 ] },
								"south": { "texture": "#bituminous", "uv": [ 6.0, 10.0, 14.0, 11.5 ] },
								"west": { "texture": "#bituminous", "uv": [ 7.5, 11.5, 9.5, 13.0 ] }
							}
						}
					]
				},
				{
					"name": "GearboxTop",
					"from": [ -1.0, 0.5, -1.5 ],
					"to": [ 7.0, 1.0, 3.5 ],
					"rotationOrigin": [ -1.0, 0.5, -1.5 ],
					"faces": {
						"north": { "texture": "#cupronickel1", "uv": [ 6.5, 3.0, 14.5, 3.5 ] },
						"south": { "texture": "#cupronickel1", "uv": [ 3.5, 10.0, 11.5, 10.5 ] },
						"up": { "texture": "#cupronickel1", "uv": [ 3.5, 2.0, 11.5, 7.0 ] },
						"down": { "texture": "#cupronickel1", "uv": [ 6.5, 3.5, 14.5, 8.5 ] }
					}
				},
				{
					"name": "GearboxWest",
					"from": [ -1.5, -1.5, -1.5 ],
					"to": [ -1.0, 1.0, 3.5 ],
					"rotationOrigin": [ -1.5, -1.5, -1.5 ],
					"faces": {
						"north": { "texture": "#cupronickel1", "uv": [ 2.5, 4.5, 3.0, 7.0 ] },
						"east": { "texture": "#cupronickel1", "uv": [ 7.0, 9.5, 12.0, 12.0 ] },
						"south": { "texture": "#cupronickel1", "uv": [ 2.5, 7.0, 3.0, 9.5 ] },
						"west": { "texture": "#cupronickel1", "uv": [ 6.5, 10.0, 11.5, 12.5 ] },
						"up": { "texture": "#cupronickel1", "uv": [ 1.5, 4.5, 2.0, 9.5 ] },
						"down": { "texture": "#cupronickel1", "uv": [ 14.0, 5.5, 14.5, 10.5 ] }
					},
					"children": [
						{
							"name": "RidgeW",
							"from": [ -0.51, 0.5, -0.5 ],
							"to": [ 0.49, 2.0, 5.5 ],
							"rotationOrigin": [ -0.5, 0.5, -0.5 ],
							"faces": {
								"north": { "texture": "#cupronickel1", "uv": [ 5.0, 13.0, 6.0, 14.5 ] },
								"east": { "texture": "#cupronickel1", "uv": [ 2.5, 9.5, 8.5, 11.0 ] },
								"south": { "texture": "#cupronickel1", "uv": [ 4.5, 8.0, 5.5, 9.5 ] },
								"west": { "texture": "#cupronickel1", "uv": [ 0.5, 13.5, 6.5, 15.0 ] },
								"up": { "texture": "#cupronickel1", "uv": [ 2.5, 0.5, 3.5, 6.5 ] },
								"down": { "texture": "#cupronickel1", "uv": [ 10.0, 2.5, 11.0, 8.5 ] }
							},
							"children": [
								{
									"name": "Rib1",
									"from": [ -0.5, 0.5, 1.5 ],
									"to": [ 2.5, 2.5, 2.0 ],
									"rotationOrigin": [ -0.5, 0.5, 1.5 ],
									"faces": {
										"north": { "texture": "#cupronickel1", "uv": [ 0.0, 0.0, 3.0, 2.0 ] },
										"east": { "texture": "#cupronickel1", "uv": [ 0.0, 0.0, 0.5, 2.0 ] },
										"south": { "texture": "#cupronickel1", "uv": [ 0.0, 0.0, 3.0, 2.0 ] },
										"west": { "texture": "#cupronickel1", "uv": [ 0.0, 0.0, 0.5, 2.0 ] },
										"up": { "texture": "#cupronickel1", "uv": [ 0.0, 0.0, 3.0, 0.5 ] },
										"down": { "texture": "#cupronickel1", "uv": [ 0.0, 0.0, 3.0, 0.5 ], "windMode": [-1,-1,-1,-1] }
									}
								},
								{
									"name": "Rib2",
									"from": [ -0.5, 0.5, 4.0 ],
									"to": [ 2.5, 2.5, 4.5 ],
									"rotationOrigin": [ -0.5, 0.5, 4.0 ],
									"faces": {
										"north": { "texture": "#cupronickel1", "uv": [ 0.0, 0.0, 3.0, 2.0 ] },
										"east": { "texture": "#cupronickel1", "uv": [ 0.0, 0.0, 0.5, 2.0 ] },
										"south": { "texture": "#cupronickel1", "uv": [ 0.0, 0.0, 3.0, 2.0 ] },
										"west": { "texture": "#cupronickel1", "uv": [ 0.0, 0.0, 0.5, 2.0 ] },
										"up": { "texture": "#cupronickel1", "uv": [ 0.0, 0.0, 3.0, 0.5 ] },
										"down": { "texture": "#cupronickel1", "uv": [ 0.0, 0.0, 3.0, 0.5 ] }
									}
								},
								{
									"name": "Rib3",
									"from": [ -4.5, 1.92, 2.0 ],
									"to": [ 8.5, 2.02, 4.0 ],
									"rotationOrigin": [ -4.5, 0.9, 2.0 ],
									"faces": {
										"north": { "texture": "#cupronickel1", "uv": [ 0.0, 0.0, 13.0, 0.5 ] },
										"east": { "texture": "#cupronickel1", "uv": [ 0.0, 0.0, 2.0, 0.5 ] },
										"south": { "texture": "#cupronickel1", "uv": [ 0.0, 0.0, 13.0, 0.5 ] },
										"west": { "texture": "#cupronickel1", "uv": [ 0.0, 0.0, 2.0, 0.5 ] },
										"up": { "texture": "#electrum1", "uv": [ 0.0, 0.0, 13.0, 2.0 ] },
										"down": { "texture": "#cupronickel1", "uv": [ 0.0, 0.0, 13.0, 2.0 ], "windMode": [-1,-1,-1,-1] }
									}
								}
							]
						}
					]
				},
				{
					"name": "GearboxBottom1",
					"from": [ -1.0, -0.5, -2.0 ],
					"to": [ 7.0, 0.0, 4.0 ],
					"rotationOrigin": [ -1.0, -0.5, -2.0 ],
					"faces": {
						"north": { "texture": "#cupronickel1", "uv": [ 3.5, 14.0, 11.5, 14.5 ] },
						"south": { "texture": "#cupronickel1", "uv": [ 7.5, 11.5, 15.5, 12.0 ] },
						"up": { "texture": "#cupronickel1", "uv": [ 0.0, 5.0, 8.0, 11.0 ] },
						"down": { "texture": "#cupronickel1", "uv": [ 1.0, 6.5, 9.0, 12.5 ] }
					}
				},
				{
					"name": "GearboxWest1",
					"from": [ 7.0, -1.5, -1.5 ],
					"to": [ 7.5, 1.0, 3.5 ],
					"rotationOrigin": [ 7.0, -1.5, -1.5 ],
					"faces": {
						"north": { "texture": "#cupronickel1", "uv": [ 6.5, 12.5, 7.0, 15.0 ] },
						"east": { "texture": "#cupronickel1", "uv": [ 8.0, 11.0, 13.0, 13.5 ] },
						"south": { "texture": "#cupronickel1", "uv": [ 1.5, 10.0, 2.0, 12.5 ] },
						"west": { "texture": "#cupronickel1", "uv": [ 2.5, 9.0, 7.5, 11.5 ] },
						"up": { "texture": "#cupronickel1", "uv": [ 1.0, 3.5, 1.5, 8.5 ] },
						"down": { "texture": "#cupronickel1", "uv": [ 6.0, 7.5, 6.5, 12.5 ] }
					},
					"children": [
						{
							"name": "RidgeE",
							"from": [ -0.01, 0.5, 0.0 ],
							"to": [ 0.99, 2.0, 5.5 ],
							"rotationOrigin": [ 0.0, 0.5, 0.0 ],
							"faces": {
								"north": { "texture": "#cupronickel1", "uv": [ 10.0, 0.0, 11.0, 1.5 ] },
								"east": { "texture": "#cupronickel1", "uv": [ 3.0, 7.5, 8.5, 9.0 ] },
								"south": { "texture": "#cupronickel1", "uv": [ 6.0, 5.5, 7.0, 7.0 ] },
								"west": { "texture": "#cupronickel1", "uv": [ 9.5, 14.0, 15.0, 15.5 ] },
								"up": { "texture": "#cupronickel1", "uv": [ 9.0, 0.5, 10.0, 6.0 ] },
								"down": { "texture": "#cupronickel1", "uv": [ 2.5, 1.5, 3.5, 7.0 ] }
							},
							"children": [
								{
									"name": "Filler",
									"from": [ -1.5, 1.0, 4.0 ],
									"to": [ 0.0, 1.5, 5.0 ],
									"rotationOrigin": [ -1.5, 1.0, 4.0 ],
									"faces": {
										"south": { "texture": "#cupronickel1", "uv": [ 2.5, 7.0, 4.0, 7.5 ] },
										"west": { "texture": "#cupronickel1", "uv": [ 12.5, 14.5, 13.5, 15.0 ] }
									}
								}
							]
						}
					]
				},
				{
					"name": "Gear2x22p5",
					"from": [ -0.2, 0.0, -1.5 ],
					"to": [ 1.8, 0.5, 0.5 ],
					"rotationOrigin": [ 0.8, 0.0, -0.5 ],
					"faces": {
						"north": { "texture": "#steel1", "uv": [ 11.5, 15.0, 13.5, 15.5 ] },
						"east": { "texture": "#steel1", "uv": [ 8.0, 0.5, 10.0, 1.0 ] },
						"south": { "texture": "#steel1", "uv": [ 5.0, 15.0, 7.0, 15.5 ] },
						"west": { "texture": "#steel1", "uv": [ 7.5, 7.5, 9.5, 8.0 ] },
						"up": { "texture": "#steel1", "uv": [ 3.5, 5.0, 5.5, 7.0 ] },
						"down": { "texture": "#steel1", "uv": [ 1.5, 11.5, 3.5, 13.5 ] }
					},
					"children": [
						{
							"name": "Gear2a",
							"from": [ 0.0, 0.01, 0.0 ],
							"to": [ 2.0, 0.51, 2.0 ],
							"rotationOrigin": [ 1.0, 0.0, 1.0 ],
							"rotationY": 22.5,
							"faces": {
								"north": { "texture": "#steel1", "uv": [ 4.5, 1.5, 6.5, 2.0 ] },
								"east": { "texture": "#steel1", "uv": [ 6.5, 12.5, 8.5, 13.0 ] },
								"south": { "texture": "#steel1", "uv": [ 13.5, 6.0, 15.5, 6.5 ] },
								"west": { "texture": "#steel1", "uv": [ 2.5, 2.0, 4.5, 2.5 ] },
								"up": { "texture": "#steel1", "uv": [ 7.0, 7.0, 9.0, 9.0 ] },
								"down": { "texture": "#steel1", "uv": [ 11.5, 6.5, 13.5, 8.5 ] }
							}
						},
						{
							"name": "Gear2a2",
							"from": [ 0.0, 0.02, 0.0 ],
							"to": [ 2.0, 0.52, 2.0 ],
							"rotationOrigin": [ 1.0, 0.0, 1.0 ],
							"rotationY": 45.0,
							"faces": {
								"north": { "texture": "#steel1", "uv": [ 12.0, 14.5, 14.0, 15.0 ] },
								"east": { "texture": "#steel1", "uv": [ 9.5, 4.5, 11.5, 5.0 ] },
								"south": { "texture": "#steel1", "uv": [ 9.0, 8.0, 11.0, 8.5 ] },
								"west": { "texture": "#steel1", "uv": [ 10.0, 11.5, 12.0, 12.0 ] },
								"up": { "texture": "#steel1", "uv": [ 0.0, 6.0, 2.0, 8.0 ] },
								"down": { "texture": "#steel1", "uv": [ 3.5, 11.0, 5.5, 13.0 ] }
							}
						},
						{
							"name": "Gear2a3",
							"from": [ 0.0, 0.03, 0.0 ],
							"to": [ 2.0, 0.53, 2.0 ],
							"rotationOrigin": [ 1.0, 0.0, 1.0 ],
							"rotationY": 67.5,
							"faces": {
								"north": { "texture": "#steel1", "uv": [ 4.5, 10.0, 6.5, 10.5 ] },
								"east": { "texture": "#steel1", "uv": [ 8.0, 6.5, 10.0, 7.0 ] },
								"south": { "texture": "#steel1", "uv": [ 12.0, 4.5, 14.0, 5.0 ] },
								"west": { "texture": "#steel1", "uv": [ 12.0, 14.5, 14.0, 15.0 ] },
								"up": { "texture": "#steel1", "uv": [ 13.5, 12.5, 15.5, 14.5 ] },
								"down": { "texture": "#steel1", "uv": [ 13.5, 0.0, 15.5, 2.0 ] }
							}
						}
					]
				},
				{
					"name": "Gear1p6x30a",
					"from": [ 3.2, -1.0, -1.2 ],
					"to": [ 4.8, -0.5, 0.4 ],
					"rotationOrigin": [ 4.0, -1.0, -0.4 ],
					"faces": {
						"north": { "texture": "#steel1", "uv": [ 13.0, 2.5, 14.5, 3.0 ] },
						"east": { "texture": "#steel1", "uv": [ 14.0, 11.5, 15.5, 12.0 ] },
						"south": { "texture": "#steel1", "uv": [ 5.0, 14.5, 6.5, 15.0 ] },
						"west": { "texture": "#steel1", "uv": [ 8.5, 9.5, 10.0, 10.0 ] }
					},
					"children": [
						{
							"name": "Gear1p6x30a1",
							"from": [ 0.0, 0.01, 0.0 ],
							"to": [ 1.6, 0.51, 1.6 ],
							"rotationOrigin": [ 0.8, 0.0, 0.8 ],
							"rotationY": 30.0,
							"faces": {
								"north": { "texture": "#steel1", "uv": [ 0.0, 7.0, 1.5, 7.5 ] },
								"east": { "texture": "#steel1", "uv": [ 4.0, 1.5, 5.5, 2.0 ] },
								"south": { "texture": "#steel1", "uv": [ 2.5, 10.0, 4.0, 10.5 ] },
								"west": { "texture": "#steel1", "uv": [ 11.5, 8.0, 13.0, 8.5 ] }
							}
						},
						{
							"name": "Gear1p6x30a2",
							"from": [ 0.0, 0.02, 0.0 ],
							"to": [ 1.6, 0.52, 1.6 ],
							"rotationOrigin": [ 0.8, 0.0, 0.8 ],
							"rotationY": 60.0,
							"faces": {
								"north": { "texture": "#steel1", "uv": [ 13.5, 3.0, 15.0, 3.5 ] },
								"east": { "texture": "#steel1", "uv": [ 4.0, 0.5, 5.5, 1.0 ] },
								"south": { "texture": "#steel1", "uv": [ 1.5, 5.0, 3.0, 5.5 ] },
								"west": { "texture": "#steel1", "uv": [ 12.5, 10.5, 14.0, 11.0 ] }
							}
						}
					]
				},
				{
					"name": "Gear2p6x18d",
					"from": [ -0.4, -1.0, -1.9 ],
					"to": [ 2.2, -0.5, 0.7 ],
					"rotationOrigin": [ 0.9, -1.0, -0.6 ],
					"faces": {
						"north": { "texture": "#steel1", "uv": [ 0.0, 10.5, 2.5, 11.0 ] },
						"east": { "texture": "#steel1", "uv": [ 10.0, 1.0, 12.5, 1.5 ] },
						"south": { "texture": "#steel1", "uv": [ 7.0, 11.0, 9.5, 11.5 ] },
						"west": { "texture": "#steel1", "uv": [ 0.5, 15.0, 3.0, 15.5 ] },
						"up": { "texture": "#steel1", "uv": [ 7.5, 6.0, 10.0, 8.5 ] },
						"down": { "texture": "#steel1", "uv": [ 5.0, 4.5, 7.5, 7.0 ] }
					},
					"children": [
						{
							"name": "Gear2p6x18d1",
							"from": [ 0.0, 0.01, 0.0 ],
							"to": [ 2.6, 0.51, 2.6 ],
							"rotationOrigin": [ 1.3, 0.0, 1.3 ],
							"rotationY": 18.0,
							"faces": {
								"north": { "texture": "#steel1", "uv": [ 13.0, 11.5, 15.5, 12.0 ] },
								"east": { "texture": "#steel1", "uv": [ 4.5, 6.0, 7.0, 6.5 ] },
								"south": { "texture": "#steel1", "uv": [ 3.0, 4.0, 5.5, 4.5 ] },
								"west": { "texture": "#steel1", "uv": [ 4.0, 10.0, 6.5, 10.5 ] },
								"up": { "texture": "#steel1", "uv": [ 11.0, 10.0, 13.5, 12.5 ] },
								"down": { "texture": "#steel1", "uv": [ 9.0, 4.5, 11.5, 7.0 ] }
							}
						},
						{
							"name": "Gear2p6x18d2",
							"from": [ 0.0, 0.02, 0.0 ],
							"to": [ 2.6, 0.52, 2.6 ],
							"rotationOrigin": [ 1.3, 0.0, 1.3 ],
							"rotationY": 36.0,
							"faces": {
								"north": { "texture": "#steel1", "uv": [ 3.5, 6.5, 6.0, 7.0 ] },
								"east": { "texture": "#steel1", "uv": [ 3.5, 14.0, 6.0, 14.5 ] },
								"south": { "texture": "#steel1", "uv": [ 2.0, 1.5, 4.5, 2.0 ] },
								"west": { "texture": "#steel1", "uv": [ 7.5, 7.5, 10.0, 8.0 ] },
								"up": { "texture": "#steel1", "uv": [ 5.0, 8.0, 7.5, 10.5 ] },
								"down": { "texture": "#steel1", "uv": [ 12.5, 12.0, 15.0, 14.5 ] }
							}
						},
						{
							"name": "Gear2p6x18d3",
							"from": [ 0.0, 0.03, 0.0 ],
							"to": [ 2.6, 0.53, 2.6 ],
							"rotationOrigin": [ 1.3, 0.0, 1.3 ],
							"rotationY": 54.0,
							"faces": {
								"north": { "texture": "#steel1", "uv": [ 4.0, 10.5, 6.5, 11.0 ] },
								"east": { "texture": "#steel1", "uv": [ 9.5, 11.0, 12.0, 11.5 ] },
								"south": { "texture": "#steel1", "uv": [ 0.0, 4.0, 2.5, 4.5 ] },
								"west": { "texture": "#steel1", "uv": [ 12.5, 5.5, 15.0, 6.0 ] },
								"up": { "texture": "#steel1", "uv": [ 0.0, 1.5, 2.5, 4.0 ] },
								"down": { "texture": "#steel1", "uv": [ 12.0, 6.0, 14.5, 8.5 ] }
							}
						},
						{
							"name": "Gear2p6x18d4",
							"from": [ 0.0, 0.04, 0.0 ],
							"to": [ 2.6, 0.54, 2.6 ],
							"rotationOrigin": [ 1.3, 0.0, 1.3 ],
							"rotationY": 72.0,
							"faces": {
								"north": { "texture": "#steel1", "uv": [ 1.5, 4.5, 4.0, 5.0 ] },
								"east": { "texture": "#steel1", "uv": [ 8.5, 13.0, 11.0, 13.5 ] },
								"south": { "texture": "#steel1", "uv": [ 10.0, 13.5, 12.5, 14.0 ] },
								"west": { "texture": "#steel1", "uv": [ 5.0, 11.5, 7.5, 12.0 ] },
								"up": { "texture": "#steel1", "uv": [ 3.0, 9.0, 5.5, 11.5 ] },
								"down": { "texture": "#steel1", "uv": [ 7.0, 10.5, 9.5, 13.0 ] }
							}
						}
					]
				},
				{
					"name": "Gear1p6x30a3",
					"from": [ 0.0, -1.0, 1.6 ],
					"to": [ 1.6, -0.5, 3.2 ],
					"rotationOrigin": [ 0.8, -1.0, 2.4 ],
					"faces": {
						"north": { "texture": "#steel1", "uv": [ 10.0, 3.0, 11.5, 3.5 ] },
						"east": { "texture": "#steel1", "uv": [ 9.0, 13.0, 10.5, 13.5 ] },
						"south": { "texture": "#steel1", "uv": [ 1.5, 4.5, 3.0, 5.0 ] },
						"west": { "texture": "#steel1", "uv": [ 5.5, 8.5, 7.0, 9.0 ] }
					},
					"children": [
						{
							"name": "Gear1p6x30a4",
							"from": [ 0.0, 0.01, 0.0 ],
							"to": [ 1.6, 0.51, 1.6 ],
							"rotationOrigin": [ 0.8, 0.0, 0.8 ],
							"rotationY": 30.0,
							"faces": {
								"north": { "texture": "#steel1", "uv": [ 13.5, 12.0, 15.0, 12.5 ] },
								"east": { "texture": "#steel1", "uv": [ 2.5, 0.5, 4.0, 1.0 ] },
								"south": { "texture": "#steel1", "uv": [ 10.0, 2.5, 11.5, 3.0 ] },
								"west": { "texture": "#steel1", "uv": [ 0.5, 5.0, 2.0, 5.5 ] }
							}
						},
						{
							"name": "Gear1p6x30a5",
							"from": [ 0.0, 0.02, 0.0 ],
							"to": [ 1.6, 0.52, 1.6 ],
							"rotationOrigin": [ 0.8, 0.0, 0.8 ],
							"rotationY": 60.0,
							"faces": {
								"north": { "texture": "#steel1", "uv": [ 5.5, 5.5, 7.0, 6.0 ] },
								"east": { "texture": "#steel1", "uv": [ 11.0, 6.0, 12.5, 6.5 ] },
								"south": { "texture": "#steel1", "uv": [ 3.0, 10.5, 4.5, 11.0 ] },
								"west": { "texture": "#steel1", "uv": [ 7.0, 11.5, 8.5, 12.0 ] }
							}
						}
					]
				},
				{
					"name": "Gear1p6x30a6",
					"from": [ 3.3, 0.0, 1.6 ],
					"to": [ 4.9, 0.5, 3.2 ],
					"rotationOrigin": [ 4.1, 0.0, 2.4 ],
					"faces": {
						"north": { "texture": "#steel1", "uv": [ 8.0, 14.5, 9.5, 15.0 ] },
						"east": { "texture": "#steel1", "uv": [ 7.5, 15.0, 9.0, 15.5 ] },
						"south": { "texture": "#steel1", "uv": [ 6.0, 12.0, 7.5, 12.5 ] },
						"west": { "texture": "#steel1", "uv": [ 0.5, 4.0, 2.0, 4.5 ] }
					},
					"children": [
						{
							"name": "Gear1p6x30a7",
							"from": [ 0.0, 0.01, 0.0 ],
							"to": [ 1.6, 0.51, 1.6 ],
							"rotationOrigin": [ 0.8, 0.0, 0.8 ],
							"rotationY": 30.0,
							"faces": {
								"north": { "texture": "#steel1", "uv": [ 5.0, 6.0, 6.5, 6.5 ] },
								"east": { "texture": "#steel1", "uv": [ 12.5, 2.5, 14.0, 3.0 ] },
								"south": { "texture": "#steel1", "uv": [ 9.5, 7.5, 11.0, 8.0 ] },
								"west": { "texture": "#steel1", "uv": [ 2.5, 1.5, 4.0, 2.0 ] }
							}
						},
						{
							"name": "Gear1p6x30a8",
							"from": [ 0.0, 0.02, 0.0 ],
							"to": [ 1.6, 0.52, 1.6 ],
							"rotationOrigin": [ 0.8, 0.0, 0.8 ],
							"rotationY": 60.0,
							"faces": {
								"north": { "texture": "#steel1", "uv": [ 3.5, 2.5, 5.0, 3.0 ] },
								"east": { "texture": "#steel1", "uv": [ 4.5, 9.0, 6.0, 9.5 ] },
								"south": { "texture": "#steel1", "uv": [ 5.0, 12.0, 6.5, 12.5 ] },
								"west": { "texture": "#steel1", "uv": [ 2.5, 5.5, 4.0, 6.0 ] }
							}
						}
					]
				},
				{
					"name": "Gear3x22p5a2",
					"from": [ 2.6, -1.0, 1.0 ],
					"to": [ 5.6, -0.5, 4.0 ],
					"rotationOrigin": [ 4.1, -1.0, 2.5 ],
					"faces": {
						"north": { "texture": "#steel1", "uv": [ 12.5, 8.0, 15.5, 8.5 ] },
						"east": { "texture": "#steel1", "uv": [ 8.5, 6.0, 11.5, 6.5 ] },
						"south": { "texture": "#steel1", "uv": [ 4.5, 1.5, 7.5, 2.0 ] },
						"west": { "texture": "#steel1", "uv": [ 10.5, 0.5, 13.5, 1.0 ] },
						"up": { "texture": "#steel1", "uv": [ 4.0, 0.5, 7.0, 3.5 ] },
						"down": { "texture": "#steel1", "uv": [ 10.5, 8.0, 13.5, 11.0 ] }
					},
					"children": [
						{
							"name": "Gear3a6",
							"from": [ 0.0, 0.01, 0.0 ],
							"to": [ 3.0, 0.51, 3.0 ],
							"rotationOrigin": [ 1.5, 0.0, 1.5 ],
							"rotationY": 22.5,
							"faces": {
								"north": { "texture": "#steel1", "uv": [ 4.5, 3.0, 7.5, 3.5 ] },
								"east": { "texture": "#steel1", "uv": [ 4.5, 11.5, 7.5, 12.0 ] },
								"south": { "texture": "#steel1", "uv": [ 4.0, 1.0, 7.0, 1.5 ] },
								"west": { "texture": "#steel1", "uv": [ 7.5, 10.0, 10.5, 10.5 ] },
								"up": { "texture": "#steel1", "uv": [ 11.0, 2.0, 14.0, 5.0 ] },
								"down": { "texture": "#steel1", "uv": [ 0.0, 11.5, 3.0, 14.5 ] }
							}
						},
						{
							"name": "Gear3a7",
							"from": [ 0.0, 0.02, 0.0 ],
							"to": [ 3.0, 0.52, 3.0 ],
							"rotationOrigin": [ 1.5, 0.0, 1.5 ],
							"rotationY": 45.0,
							"faces": {
								"north": { "texture": "#steel1", "uv": [ 4.0, 1.0, 7.0, 1.5 ] },
								"east": { "texture": "#steel1", "uv": [ 7.5, 8.5, 10.5, 9.0 ] },
								"south": { "texture": "#steel1", "uv": [ 9.0, 3.5, 12.0, 4.0 ] },
								"west": { "texture": "#steel1", "uv": [ 2.0, 12.0, 5.0, 12.5 ] },
								"up": { "texture": "#steel1", "uv": [ 8.0, 12.5, 11.0, 15.5 ] },
								"down": { "texture": "#steel1", "uv": [ 3.0, 12.0, 6.0, 15.0 ] }
							}
						},
						{
							"name": "Gear3a8",
							"from": [ 0.0, 0.03, 0.0 ],
							"to": [ 3.0, 0.53, 3.0 ],
							"rotationOrigin": [ 1.5, 0.0, 1.5 ],
							"rotationY": 67.5,
							"faces": {
								"north": { "texture": "#steel1", "uv": [ 9.5, 5.0, 12.5, 5.5 ] },
								"east": { "texture": "#steel1", "uv": [ 4.5, 1.5, 7.5, 2.0 ] },
								"south": { "texture": "#steel1", "uv": [ 4.0, 13.0, 7.0, 13.5 ] },
								"west": { "texture": "#steel1", "uv": [ 12.5, 3.0, 15.5, 3.5 ] },
								"up": { "texture": "#steel1", "uv": [ 3.0, 3.5, 6.0, 6.5 ] },
								"down": { "texture": "#steel1", "uv": [ 10.5, 3.5, 13.5, 6.5 ] }
							}
						}
					]
				},
				{
					"name": "Gear2p6x18d5",
					"from": [ -0.4, 0.0, 1.4 ],
					"to": [ 2.2, 0.5, 4.0 ],
					"rotationOrigin": [ 0.9, 0.0, 2.7 ],
					"faces": {
						"north": { "texture": "#steel1", "uv": [ 4.5, 8.5, 7.0, 9.0 ] },
						"east": { "texture": "#steel1", "uv": [ 6.5, 14.5, 9.0, 15.0 ] },
						"south": { "texture": "#steel1", "uv": [ 4.0, 11.5, 6.5, 12.0 ] },
						"west": { "texture": "#steel1", "uv": [ 1.5, 2.0, 4.0, 2.5 ] },
						"up": { "texture": "#steel1", "uv": [ 3.0, 5.5, 5.5, 8.0 ] },
						"down": { "texture": "#steel1", "uv": [ 3.0, 1.5, 5.5, 4.0 ] }
					},
					"children": [
						{
							"name": "Gear2p6x18d6",
							"from": [ 0.0, 0.01, 0.0 ],
							"to": [ 2.6, 0.51, 2.6 ],
							"rotationOrigin": [ 1.3, 0.0, 1.3 ],
							"rotationY": 18.0,
							"faces": {
								"north": { "texture": "#steel1", "uv": [ 6.0, 9.5, 8.5, 10.0 ] },
								"east": { "texture": "#steel1", "uv": [ 7.0, 14.0, 9.5, 14.5 ] },
								"south": { "texture": "#steel1", "uv": [ 9.0, 3.0, 11.5, 3.5 ] },
								"west": { "texture": "#steel1", "uv": [ 7.0, 7.5, 9.5, 8.0 ] },
								"up": { "texture": "#steel1", "uv": [ 6.0, 8.0, 8.5, 10.5 ] },
								"down": { "texture": "#steel1", "uv": [ 9.0, 11.0, 11.5, 13.5 ] }
							}
						},
						{
							"name": "Gear2p6x18d7",
							"from": [ 0.0, 0.02, 0.0 ],
							"to": [ 2.6, 0.52, 2.6 ],
							"rotationOrigin": [ 1.3, 0.0, 1.3 ],
							"rotationY": 36.0,
							"faces": {
								"north": { "texture": "#steel1", "uv": [ 4.0, 5.5, 6.5, 6.0 ] },
								"east": { "texture": "#steel1", "uv": [ 13.0, 5.5, 15.5, 6.0 ] },
								"south": { "texture": "#steel1", "uv": [ 4.5, 9.5, 7.0, 10.0 ] },
								"west": { "texture": "#steel1", "uv": [ 10.0, 4.0, 12.5, 4.5 ] },
								"up": { "texture": "#steel1", "uv": [ 7.5, 2.0, 10.0, 4.5 ] },
								"down": { "texture": "#steel1", "uv": [ 7.0, 7.0, 9.5, 9.5 ] }
							}
						},
						{
							"name": "Gear2p6x18d8",
							"from": [ 0.0, 0.03, 0.0 ],
							"to": [ 2.6, 0.53, 2.6 ],
							"rotationOrigin": [ 1.3, 0.0, 1.3 ],
							"rotationY": 54.0,
							"faces": {
								"north": { "texture": "#steel1", "uv": [ 2.0, 10.5, 4.5, 11.0 ] },
								"east": { "texture": "#steel1", "uv": [ 10.5, 5.0, 13.0, 5.5 ] },
								"south": { "texture": "#steel1", "uv": [ 2.0, 7.5, 4.5, 8.0 ] },
								"west": { "texture": "#steel1", "uv": [ 6.0, 13.0, 8.5, 13.5 ] },
								"up": { "texture": "#steel1", "uv": [ 9.5, 2.0, 12.0, 4.5 ] },
								"down": { "texture": "#steel1", "uv": [ 1.5, 6.0, 4.0, 8.5 ] }
							}
						},
						{
							"name": "Gear2p6x18d9",
							"from": [ 0.0, 0.04, 0.0 ],
							"to": [ 2.6, 0.54, 2.6 ],
							"rotationOrigin": [ 1.3, 0.0, 1.3 ],
							"rotationY": 72.0,
							"faces": {
								"north": { "texture": "#steel1", "uv": [ 11.0, 5.0, 13.5, 5.5 ] },
								"east": { "texture": "#steel1", "uv": [ 10.0, 10.0, 12.5, 10.5 ] },
								"south": { "texture": "#steel1", "uv": [ 6.0, 15.0, 8.5, 15.5 ] },
								"west": { "texture": "#steel1", "uv": [ 2.0, 10.5, 4.5, 11.0 ] },
								"up": { "texture": "#steel1", "uv": [ 11.5, 8.5, 14.0, 11.0 ] },
								"down": { "texture": "#steel1", "uv": [ 7.0, 4.0, 9.5, 6.5 ] }
							}
						}
					]
				},
				{
					"name": "Gear2p6x18d10",
					"from": [ 2.8, 0.0, -1.9 ],
					"to": [ 5.4, 0.5, 0.7 ],
					"rotationOrigin": [ 4.1, 0.0, -0.6 ],
					"faces": {
						"north": { "texture": "#steel1", "uv": [ 8.5, 1.5, 11.0, 2.0 ] },
						"east": { "texture": "#steel1", "uv": [ 8.5, 5.5, 11.0, 6.0 ] },
						"south": { "texture": "#steel1", "uv": [ 0.0, 5.0, 2.5, 5.5 ] },
						"west": { "texture": "#steel1", "uv": [ 1.5, 10.0, 4.0, 10.5 ] },
						"up": { "texture": "#steel1", "uv": [ 1.0, 10.5, 3.5, 13.0 ] },
						"down": { "texture": "#steel1", "uv": [ 11.0, 3.5, 13.5, 6.0 ] }
					},
					"children": [
						{
							"name": "Gear2p6x18d11",
							"from": [ 0.0, 0.01, 0.0 ],
							"to": [ 2.6, 0.51, 2.6 ],
							"rotationOrigin": [ 1.3, 0.0, 1.3 ],
							"rotationY": 18.0,
							"faces": {
								"north": { "texture": "#steel1", "uv": [ 8.0, 0.5, 10.5, 1.0 ] },
								"east": { "texture": "#steel1", "uv": [ 8.0, 3.5, 10.5, 4.0 ] },
								"south": { "texture": "#steel1", "uv": [ 8.0, 1.5, 10.5, 2.0 ] },
								"west": { "texture": "#steel1", "uv": [ 7.0, 7.5, 9.5, 8.0 ] },
								"up": { "texture": "#steel1", "uv": [ 6.0, 0.0, 8.5, 2.5 ] },
								"down": { "texture": "#steel1", "uv": [ 1.0, 2.0, 3.5, 4.5 ] }
							}
						},
						{
							"name": "Gear2p6x18d12",
							"from": [ 0.0, 0.02, 0.0 ],
							"to": [ 2.6, 0.52, 2.6 ],
							"rotationOrigin": [ 1.3, 0.0, 1.3 ],
							"rotationY": 36.0,
							"faces": {
								"north": { "texture": "#steel1", "uv": [ 12.5, 2.5, 15.0, 3.0 ] },
								"east": { "texture": "#steel1", "uv": [ 8.0, 13.0, 10.5, 13.5 ] },
								"south": { "texture": "#steel1", "uv": [ 5.5, 14.0, 8.0, 14.5 ] },
								"west": { "texture": "#steel1", "uv": [ 5.5, 5.0, 8.0, 5.5 ] },
								"up": { "texture": "#steel1", "uv": [ 6.5, 12.0, 9.0, 14.5 ] },
								"down": { "texture": "#steel1", "uv": [ 2.5, 12.0, 5.0, 14.5 ] }
							}
						},
						{
							"name": "Gear2p6x18d13",
							"from": [ 0.0, 0.03, 0.0 ],
							"to": [ 2.6, 0.53, 2.6 ],
							"rotationOrigin": [ 1.3, 0.0, 1.3 ],
							"rotationY": 54.0,
							"faces": {
								"north": { "texture": "#steel1", "uv": [ 2.0, 6.0, 4.5, 6.5 ] },
								"east": { "texture": "#steel1", "uv": [ 1.0, 6.0, 3.5, 6.5 ] },
								"south": { "texture": "#steel1", "uv": [ 3.5, 4.0, 6.0, 4.5 ] },
								"west": { "texture": "#steel1", "uv": [ 7.5, 7.5, 10.0, 8.0 ] },
								"up": { "texture": "#steel1", "uv": [ 4.5, 4.0, 7.0, 6.5 ] },
								"down": { "texture": "#steel1", "uv": [ 2.5, 11.0, 5.0, 13.5 ] }
							}
						},
						{
							"name": "Gear2p6x18d14",
							"from": [ 0.0, 0.04, 0.0 ],
							"to": [ 2.6, 0.54, 2.6 ],
							"rotationOrigin": [ 1.3, 0.0, 1.3 ],
							"rotationY": 72.0,
							"faces": {
								"north": { "texture": "#steel1", "uv": [ 3.5, 11.0, 6.0, 11.5 ] },
								"east": { "texture": "#steel1", "uv": [ 11.5, 11.0, 14.0, 11.5 ] },
								"south": { "texture": "#steel1", "uv": [ 2.5, 10.0, 5.0, 10.5 ] },
								"west": { "texture": "#steel1", "uv": [ 1.0, 11.0, 3.5, 11.5 ] },
								"up": { "texture": "#steel1", "uv": [ 2.5, 6.0, 5.0, 8.5 ] },
								"down": { "texture": "#steel1", "uv": [ 7.5, 3.5, 10.0, 6.0 ] }
							}
						},
						{
							"name": "Cube4",
							"from": [ 3.0, 0.8, 1.4 ],
							"to": [ 4.0, 1.4, 4.4 ],
							"rotationOrigin": [ 3.0, 0.8, 1.4 ],
							"faces": {
								"north": { "texture": "#cupronickel1", "uv": [ 9.0, 5.5, 10.0, 6.0 ] },
								"east": { "texture": "#cupronickel1", "uv": [ 0.0, 0.0, 3.0, 0.5 ] },
								"south": { "texture": "#cupronickel1", "uv": [ 9.0, 10.0, 10.0, 10.5 ] },
								"west": { "texture": "#cupronickel1", "uv": [ 11.0, 8.5, 14.0, 9.0 ] },
								"up": { "texture": "#cupronickel1", "uv": [ 12.0, 5.0, 13.0, 8.0 ] },
								"down": { "texture": "#cupronickel1", "uv": [ 8.0, 1.0, 9.0, 4.0 ] }
							}
						},
						{
							"name": "Cube5",
							"from": [ -10.9, 0.0, 2.4 ],
							"to": [ 3.3, 0.2, 2.6 ],
							"rotationOrigin": [ -10.9, 1.0, 2.4 ],
							"faces": {
								"north": { "texture": "#electrum1", "uv": [ 0.0, 0.0, 14.0, 0.5 ] },
								"east": { "texture": "#electrum1", "uv": [ 0.0, 0.0, 0.5, 0.5 ] },
								"south": { "texture": "#electrum1", "uv": [ 0.0, 0.0, 14.0, 0.5 ] },
								"west": { "texture": "#electrum1", "uv": [ 0.0, 0.0, 0.5, 0.5 ] },
								"up": { "texture": "#electrum1", "uv": [ 0.0, 0.0, 14.0, 0.5 ] },
								"down": { "texture": "#electrum1", "uv": [ 0.0, 0.0, 14.0, 0.5 ] }
							}
						},
						{
							"name": "Cube6",
							"from": [ -10.9, 1.0, 2.7 ],
							"to": [ 3.3, 1.2, 2.9 ],
							"rotationOrigin": [ -10.9, 1.0, 2.7 ],
							"faces": {
								"north": { "texture": "#rustyglow", "uv": [ 0.0, 0.0, 14.0, 0.5 ] },
								"east": { "texture": "#rustyglow", "uv": [ 0.0, 0.0, 0.5, 0.5 ] },
								"south": { "texture": "#rustyglow", "uv": [ 0.0, 0.0, 14.0, 0.5 ] },
								"west": { "texture": "#rustyglow", "uv": [ 0.0, 0.0, 0.5, 0.5 ] },
								"up": { "texture": "#rustyglow", "uv": [ 0.0, 0.0, 14.0, 0.5 ] },
								"down": { "texture": "#rustyglow", "uv": [ 0.0, 0.0, 14.0, 0.5 ] }
							}
						},
						{
							"name": "Cube7",
							"from": [ -10.9, 1.0, 3.0 ],
							"to": [ 3.3, 1.2, 3.2 ],
							"rotationOrigin": [ -10.9, 1.0, 3.0 ],
							"faces": {
								"north": { "texture": "#rustyglow", "uv": [ 0.0, 0.0, 14.0, 0.5 ] },
								"east": { "texture": "#rustyglow", "uv": [ 1.5, 0.0, 2.0, 0.5 ] },
								"south": { "texture": "#rustyglow", "uv": [ 1.0, 7.0, 15.0, 7.5 ] },
								"west": { "texture": "#rustyglow", "uv": [ 0.0, 0.0, 0.5, 0.5 ] },
								"up": { "texture": "#rustyglow", "uv": [ 1.5, 5.0, 15.5, 5.5 ] },
								"down": { "texture": "#rustyglow", "uv": [ 1.0, 7.5, 15.0, 8.0 ] }
							}
						},
						{
							"name": "Cube8",
							"from": [ -10.9, 1.0, 3.3 ],
							"to": [ 3.3, 1.2, 3.5 ],
							"rotationOrigin": [ -10.9, 1.0, 3.3 ],
							"faces": {
								"north": { "texture": "#rustyglow", "uv": [ 0.0, 0.0, 14.0, 0.5 ] },
								"east": { "texture": "#rustyglow", "uv": [ 0.0, 0.0, 0.5, 0.5 ] },
								"south": { "texture": "#rustyglow", "uv": [ 2.5, 7.0, 16.5, 7.5 ] },
								"west": { "texture": "#rustyglow", "uv": [ 4.5, 5.0, 5.0, 5.5 ] },
								"up": { "texture": "#rustyglow", "uv": [ 2.0, 7.5, 16.0, 8.0 ] },
								"down": { "texture": "#rustyglow", "uv": [ 1.5, 4.5, 15.5, 5.0 ] }
							}
						},
						{
							"name": "Cube9",
							"from": [ -10.9, 1.0, 3.6 ],
							"to": [ 3.3, 1.2, 3.8 ],
							"rotationOrigin": [ -10.9, 1.0, 3.6 ],
							"faces": {
								"north": { "texture": "#rustyglow", "uv": [ 0.0, 0.0, 14.0, 0.5 ] },
								"east": { "texture": "#rustyglow", "uv": [ 0.0, 0.0, 0.5, 0.5 ] },
								"south": { "texture": "#rustyglow", "uv": [ 1.5, 13.0, 15.0, 3.5 ], "autoUv": false },
								"west": { "texture": "#rustyglow", "uv": [ 0.0, 0.0, 0.5, 0.5 ] },
								"up": { "texture": "#rustyglow", "uv": [ 0.0, 4.0, 14.0, 4.5 ] },
								"down": { "texture": "#rustyglow", "uv": [ 0.0, 4.0, 14.0, 4.5 ] }
							}
						},
						{
							"name": "Cube10",
							"from": [ -10.9, 1.0, 2.1 ],
							"to": [ 3.3, 1.2, 2.3 ],
							"rotationOrigin": [ -10.9, 1.0, 2.1 ],
							"faces": {
								"north": { "texture": "#rustyglow", "uv": [ 0.5, 3.0, 14.5, 3.5 ] },
								"east": { "texture": "#rustyglow", "uv": [ 0.0, 0.0, 0.5, 0.5 ] },
								"south": { "texture": "#rustyglow", "uv": [ 1.5, 2.5, 15.5, 3.0 ] },
								"west": { "texture": "#rustyglow", "uv": [ 0.0, 0.0, 0.5, 0.5 ] },
								"up": { "texture": "#rustyglow", "uv": [ 0.0, 2.5, 14.0, 3.0 ] },
								"down": { "texture": "#rustyglow", "uv": [ 0.0, 0.0, 14.0, 0.5 ] }
							}
						},
						{
							"name": "Cube11",
							"from": [ -10.9, 1.0, 2.4 ],
							"to": [ 3.3, 1.2, 2.6 ],
							"rotationOrigin": [ -10.9, 1.0, 2.4 ],
							"faces": {
								"north": { "texture": "#rustyglow", "uv": [ 0.0, 0.0, 14.0, 0.5 ] },
								"east": { "texture": "#rustyglow", "uv": [ 0.0, 0.0, 0.5, 0.5 ] },
								"south": { "texture": "#rustyglow", "uv": [ 0.0, 0.0, 14.0, 0.5 ] },
								"west": { "texture": "#rustyglow", "uv": [ 0.0, 0.0, 0.5, 0.5 ] },
								"up": { "texture": "#rustyglow", "uv": [ 0.0, 0.0, 14.0, 0.5 ] },
								"down": { "texture": "#rustyglow", "uv": [ 0.0, 0.0, 14.0, 0.5 ] }
							}
						},
						{
							"name": "Cube13",
							"from": [ 2.6, 1.5, 1.9 ],
							"to": [ 3.0, 1.8, 3.1 ],
							"rotationOrigin": [ 2.6, 1.5, 2.7 ],
							"faces": {
								"north": { "texture": "#steel1", "uv": [ 9.0, 5.5, 9.5, 6.0 ] },
								"east": { "texture": "#steel1", "uv": [ 9.5, 7.5, 10.5, 8.0 ] },
								"south": { "texture": "#steel1", "uv": [ 9.0, 10.0, 9.5, 10.5 ] },
								"west": { "texture": "#steel1", "uv": [ 11.0, 8.5, 12.0, 9.0 ] },
								"up": { "texture": "#steel1", "uv": [ 12.0, 5.0, 12.5, 6.0 ], "autoUv": false },
								"down": { "texture": "#steel1", "uv": [ 8.0, 1.0, 8.5, 2.0 ] }
							}
						}
					]
				},
				{
					"name": "GearboxBottom2",
					"from": [ 4.3, -0.6, 1.1 ],
					"to": [ 11.3, 0.1, 4.1 ],
					"rotationOrigin": [ 4.3, -0.5, 1.1 ],
					"rotationY": -16.0,
					"faces": {
						"north": { "texture": "#cupronickel1", "uv": [ 3.5, 14.0, 10.5, 14.5 ] },
						"south": { "texture": "#cupronickel1", "uv": [ 7.5, 11.5, 14.5, 12.0 ] },
						"up": { "texture": "#cupronickel1", "uv": [ 1.5, 5.5, 8.5, 8.5 ], "windMode": [-1,-1,-1,-1] },
						"down": { "texture": "#cupronickel1", "uv": [ 1.0, 6.5, 8.0, 9.5 ] }
					}
				},
				{
					"name": "GearboxBottom4",
					"from": [ 6.2, -0.5, 3.6 ],
					"to": [ 9.4, 0.0, 7.2 ],
					"rotationOrigin": [ 6.2, -0.4, 3.6 ],
					"rotationY": 55.0,
					"faces": {
						"north": { "texture": "#cupronickel1", "uv": [ 3.5, 14.0, 6.5, 14.5 ] },
						"south": { "texture": "#cupronickel1", "uv": [ 7.5, 11.5, 10.5, 12.0 ] },
						"up": { "texture": "#cupronickel1", "uv": [ 1.5, 5.5, 4.5, 9.0 ], "windMode": [-1,-1,-1,-1] },
						"down": { "texture": "#cupronickel1", "uv": [ 1.0, 6.5, 4.0, 10.0 ] }
					}
				},
				{
					"name": "GearboxBottom5",
					"from": [ 6.2, -0.2, -1.6 ],
					"to": [ 9.4, 0.3, 2.0 ],
					"rotationOrigin": [ 6.2, -0.1, -1.6 ],
					"rotationX": -180.0,
					"rotationY": 55.0,
					"faces": {
						"north": { "texture": "#cupronickel1", "uv": [ 3.5, 14.0, 6.5, 14.5 ] },
						"south": { "texture": "#cupronickel1", "uv": [ 7.5, 11.5, 10.5, 12.0 ] },
						"up": { "texture": "#cupronickel1", "uv": [ 1.5, 5.5, 4.5, 9.0 ], "windMode": [-1,-1,-1,-1] },
						"down": { "texture": "#cupronickel1", "uv": [ 1.0, 6.5, 4.0, 10.0 ] }
					}
				},
				{
					"name": "GearboxBottom6",
					"from": [ 2.1, -0.45, 1.1 ],
					"to": [ 8.1, 0.05, 4.1 ],
					"rotationOrigin": [ 2.1, -1.5, 1.2 ],
					"rotationY": -10.0,
					"faces": {
						"north": { "texture": "#cupronickel1", "uv": [ 3.5, 14.0, 9.5, 14.5 ] },
						"south": { "texture": "#cupronickel1", "uv": [ 7.5, 11.5, 13.5, 12.0 ] },
						"up": { "texture": "#cupronickel1", "uv": [ 1.5, 5.5, 7.5, 8.5 ], "windMode": [-1,-1,-1,-1] },
						"down": { "texture": "#cupronickel1", "uv": [ 1.0, 6.5, 7.0, 9.5 ] }
					}
				},
				{
					"name": "GearboxBottom3",
					"from": [ 4.3, -1.1, 0.9 ],
					"to": [ 11.3, -0.4, 3.9 ],
					"rotationOrigin": [ 4.3, -0.5, 0.9 ],
					"rotationX": 180.0,
					"rotationY": -16.0,
					"faces": {
						"north": { "texture": "#cupronickel1", "uv": [ 3.5, 14.0, 10.5, 14.5 ] },
						"south": { "texture": "#cupronickel1", "uv": [ 7.5, 11.5, 14.5, 12.0 ] },
						"up": { "texture": "#cupronickel1", "uv": [ 1.5, 5.5, 8.5, 8.5 ], "windMode": [-1,-1,-1,-1] },
						"down": { "texture": "#cupronickel1", "uv": [ 1.0, 6.5, 8.0, 9.5 ] }
					}
				},
				{
					"name": "GearboxBottom7",
					"from": [ 1.3, -3.0, 0.8 ],
					"to": [ 9.3, -2.5, 3.8 ],
					"rotationOrigin": [ 1.3, -1.5, 0.9 ],
					"rotationX": 180.0,
					"rotationY": -10.0,
					"faces": {
						"north": { "texture": "#cupronickel1", "uv": [ 3.5, 14.0, 11.5, 14.5 ] },
						"south": { "texture": "#cupronickel1", "uv": [ 7.5, 11.5, 15.5, 12.0 ] },
						"up": { "texture": "#cupronickel1", "uv": [ 1.5, 5.5, 9.5, 8.5 ], "windMode": [-1,-1,-1,-1] },
						"down": { "texture": "#cupronickel1", "uv": [ 1.0, 6.5, 9.0, 9.5 ] }
					}
				},
				{
					"name": "Cube3",
					"from": [ 2.8, 2.0, -1.5 ],
					"to": [ 3.2, 3.6, -1.0 ],
					"rotationOrigin": [ 4.6, 1.0, -3.5 ],
					"rotationY": 67.5,
					"rotationZ": 45.0,
					"faces": {
						"north": { "texture": "#steel1", "uv": [ 0.0, 0.0, 0.5, 1.5 ] },
						"east": { "texture": "#steel1", "uv": [ 0.0, 0.0, 0.5, 1.5 ] },
						"south": { "texture": "#steel1", "uv": [ 0.0, 0.0, 0.5, 1.5 ] },
						"west": { "texture": "#steel1", "uv": [ 0.0, 0.0, 0.5, 1.5 ] },
						"up": { "texture": "#steel1", "uv": [ 0.0, 0.0, 0.5, 0.5 ] },
						"down": { "texture": "#steel1", "uv": [ 0.0, 0.0, 0.5, 0.5 ] }
					}
				}
			]
		},
		{
			"name": "MOVER",
			"from": [ 8.0, 17.0, 7.2 ],
			"to": [ 10.0, 19.0, 9.2 ],
			"rotationOrigin": [ 9.0, 17.0, 8.2 ],
			"rotationZ": 90.0,
			"faces": {
			},
			"children": [
				{
					"name": "TemporalCore",
					"from": [ -2.0, 0.5, 0.0 ],
					"to": [ 4.0, 2.0, 1.5 ],
					"rotationOrigin": [ -2.0, 0.5, 0.0 ],
					"faces": {
						"north": { "texture": "#rustyglow", "uv": [ 0.0, 0.0, 6.0, 1.5 ] },
						"east": { "texture": "#rustyglow", "uv": [ 0.0, 0.0, 1.5, 1.5 ] },
						"south": { "texture": "#rustyglow", "uv": [ 0.0, 0.0, 6.0, 1.5 ] },
						"up": { "texture": "#rustyglow", "uv": [ 0.0, 0.0, 6.0, 1.5 ] },
						"down": { "texture": "#rustyglow", "uv": [ 0.5, 0.5, 6.5, 2.0 ] }
					},
					"children": [
						{
							"name": "Cylinder",
							"from": [ 1.0, -0.25, -0.25 ],
							"to": [ 5.0, 1.75, 1.75 ],
							"rotationOrigin": [ 1.0, -0.25, -0.25 ],
							"faces": {
								"north": { "texture": "#cupronickel1", "uv": [ 3.5, 8.5, 7.5, 10.5 ] },
								"east": { "texture": "#cupronickel1", "uv": [ 9.5, 0.5, 11.5, 2.5 ] },
								"south": { "texture": "#cupronickel1", "uv": [ 0.5, 2.0, 4.5, 4.0 ] },
								"west": { "texture": "#cupronickel1", "uv": [ 6.5, 10.5, 8.5, 12.5 ] },
								"up": { "texture": "#cupronickel1", "uv": [ 9.5, 5.5, 13.5, 7.5 ] },
								"down": { "texture": "#cupronickel1", "uv": [ 0.0, 11.5, 4.0, 13.5 ] }
							},
							"children": [
								{
									"name": "DomeFrame1",
									"from": [ 4.0, 0.0, 0.75 ],
									"to": [ 5.2, 2.0, 1.25 ],
									"rotationOrigin": [ 4.0, 0.0, 0.7 ],
									"faces": {
										"north": { "texture": "#cupronickel1", "uv": [ 0.0, 0.0, 1.0, 2.0 ] },
										"east": { "texture": "#cupronickel1", "uv": [ 0.0, 0.0, 0.5, 2.0 ] },
										"south": { "texture": "#cupronickel1", "uv": [ 0.0, 0.0, 1.0, 2.0 ] },
										"up": { "texture": "#cupronickel1", "uv": [ 0.0, 0.0, 1.0, 0.5 ] },
										"down": { "texture": "#cupronickel1", "uv": [ 0.0, 0.0, 1.0, 0.5 ] }
									},
									"children": [
										{
											"name": "Cube2",
											"from": [ 1.2, 0.75, 0.0 ],
											"to": [ 1.5, 1.25, 0.5 ],
											"rotationOrigin": [ 1.2, 0.7, 0.0 ],
											"faces": {
												"north": { "texture": "#cupronickel1", "uv": [ 0.0, 0.0, 0.5, 0.5 ] },
												"east": { "texture": "#cupronickel1", "uv": [ 0.0, 0.0, 0.5, 0.5 ] },
												"south": { "texture": "#cupronickel1", "uv": [ 0.0, 0.0, 0.5, 0.5 ] },
												"up": { "texture": "#cupronickel1", "uv": [ 0.0, 0.0, 0.5, 0.5 ] },
												"down": { "texture": "#cupronickel1", "uv": [ 0.0, 0.0, 0.5, 0.5 ] }
											}
										}
									]
								},
								{
									"name": "DomeFrame2",
									"from": [ 4.0, 0.75, 0.0 ],
									"to": [ 5.2, 1.25, 2.0 ],
									"rotationOrigin": [ 4.0, 0.7, 0.0 ],
									"faces": {
										"north": { "texture": "#cupronickel1", "uv": [ 0.0, 0.0, 1.0, 0.5 ] },
										"east": { "texture": "#cupronickel1", "uv": [ 0.0, 0.0, 2.0, 0.5 ] },
										"south": { "texture": "#cupronickel1", "uv": [ 0.0, 0.0, 1.0, 0.5 ] },
										"up": { "texture": "#cupronickel1", "uv": [ 0.0, 0.0, 1.0, 2.0 ] },
										"down": { "texture": "#cupronickel1", "uv": [ 0.0, 0.0, 1.0, 2.0 ] }
									}
								},
								{
									"name": "Base1",
									"from": [ -1.5, 0.0, 0.0 ],
									"to": [ -0.5, 2.0, 2.0 ],
									"rotationOrigin": [ -1.5, 0.0, 0.0 ],
									"faces": {
										"north": { "texture": "#cupronickel1", "uv": [ 0.0, 0.0, 1.0, 2.0 ] },
										"east": { "texture": "#cupronickel1", "uv": [ 0.0, 0.0, 2.0, 2.0 ] },
										"south": { "texture": "#cupronickel1", "uv": [ 0.0, 0.0, 1.0, 2.0 ] },
										"up": { "texture": "#cupronickel1", "uv": [ 0.0, 0.0, 1.0, 2.0 ] },
										"down": { "texture": "#cupronickel1", "uv": [ 0.0, 0.0, 1.0, 2.0 ] }
									},
									"children": [
										{
											"name": "RibUD",
											"from": [ 0.0, -0.2, 0.7 ],
											"to": [ 3.0, 2.2, 1.3 ],
											"rotationOrigin": [ 0.0, -0.2, 0.7 ],
											"faces": {
												"north": { "texture": "#cupronickel1", "uv": [ 0.0, 0.0, 3.0, 2.0 ] },
												"east": { "texture": "#cupronickel1", "uv": [ 0.0, 0.0, 0.5, 2.0 ] },
												"south": { "texture": "#cupronickel1", "uv": [ 0.0, 0.0, 3.0, 2.0 ] },
												"up": { "texture": "#cupronickel1", "uv": [ 0.0, 0.0, 3.0, 0.5 ] },
												"down": { "texture": "#cupronickel1", "uv": [ 0.0, 0.0, 3.0, 0.5 ] }
											}
										},
										{
											"name": "RibNS",
											"from": [ 0.0, 0.7, -0.2 ],
											"to": [ 3.0, 1.3, 2.2 ],
											"rotationOrigin": [ 0.0, 0.7, -0.2 ],
											"faces": {
												"north": { "texture": "#cupronickel1", "uv": [ 0.0, 0.0, 3.0, 0.5 ] },
												"east": { "texture": "#cupronickel1", "uv": [ 0.0, 0.0, 2.0, 0.5 ] },
												"south": { "texture": "#cupronickel1", "uv": [ 0.0, 0.0, 3.0, 0.5 ] },
												"up": { "texture": "#cupronickel1", "uv": [ 0.0, 0.0, 3.0, 2.0 ] },
												"down": { "texture": "#cupronickel1", "uv": [ 0.0, 0.0, 3.0, 2.0 ] }
											}
										}
									]
								},
								{
									"name": "Base2",
									"from": [ -2.0, -0.3, -0.3 ],
									"to": [ -1.5, 2.3, 2.3 ],
									"rotationOrigin": [ -2.0, -0.3, -0.3 ],
									"faces": {
										"north": { "texture": "#cupronickel1", "uv": [ 0.0, 0.0, 0.5, 2.5 ] },
										"east": { "texture": "#cupronickel1", "uv": [ 0.0, 0.0, 2.5, 2.5 ] },
										"south": { "texture": "#cupronickel1", "uv": [ 0.0, 0.0, 0.5, 2.5 ] },
										"west": { "texture": "#cupronickel1", "uv": [ 0.0, 0.0, 2.5, 2.5 ] },
										"up": { "texture": "#cupronickel1", "uv": [ 0.0, 0.0, 0.5, 2.5 ] },
										"down": { "texture": "#cupronickel1", "uv": [ 0.0, 0.0, 0.5, 2.5 ] }
									}
								}
							]
						}
					]
				}
			]
		},
		{
			"name": "MOVER-PILE-1",
			"from": [ 7.0, 20.7, 7.0 ],
			"to": [ 9.0, 22.7, 9.0 ],
			"rotationOrigin": [ 8.0, 21.7, 8.0 ],
			"faces": {
			},
			"children": [
				{
					"name": "PileTop",
					"from": [ -0.5, 3.3, -0.5 ],
					"to": [ 2.5, 4.3, 2.5 ],
					"rotationOrigin": [ -0.5, 3.3, -0.4 ],
					"faces": {
						"north": { "texture": "#cupronickel1", "uv": [ 3.0, 9.0, 6.0, 10.0 ] },
						"east": { "texture": "#cupronickel1", "uv": [ 8.0, 7.5, 11.0, 8.5 ] },
						"south": { "texture": "#cupronickel1", "uv": [ 1.5, 8.0, 4.5, 9.0 ] },
						"west": { "texture": "#cupronickel1", "uv": [ 1.5, 3.5, 4.5, 4.5 ] },
						"up": { "texture": "#cupronickel1", "uv": [ 10.0, 5.0, 13.0, 8.0 ] },
						"down": { "texture": "#cupronickel1", "uv": [ 10.0, 8.5, 13.0, 11.5 ] }
					},
					"children": [
						{
							"name": "HeadEarNW",
							"from": [ 1.0, 0.0, 0.0 ],
							"to": [ 2.0, 1.0, 1.5 ],
							"rotationOrigin": [ 1.0, 0.0, 0.0 ],
							"rotationX": -30.0,
							"faces": {
								"north": { "texture": "#cupronickel1", "uv": [ 5.0, 13.5, 6.0, 14.5 ] },
								"east": { "texture": "#cupronickel1", "uv": [ 9.0, 2.0, 10.5, 3.0 ] },
								"south": { "texture": "#cupronickel1", "uv": [ 3.5, 11.5, 4.5, 12.5 ] },
								"west": { "texture": "#cupronickel1", "uv": [ 0.5, 2.5, 2.0, 3.5 ] },
								"up": { "texture": "#cupronickel1", "uv": [ 8.0, 6.0, 9.0, 7.5 ] }
							},
							"children": [
								{
									"name": "HeadEarNW2",
									"from": [ 0.0, 1.0, 0.0 ],
									"to": [ 1.0, 1.5, 0.5 ],
									"rotationOrigin": [ 0.0, 1.0, 0.0 ],
									"faces": {
										"north": { "texture": "#cupronickel1", "uv": [ 6.5, 0.0, 7.5, 0.5 ] },
										"east": { "texture": "#cupronickel1", "uv": [ 11.5, 11.5, 12.0, 12.0 ] },
										"south": { "texture": "#cupronickel1", "uv": [ 1.5, 1.5, 2.5, 2.0 ] },
										"west": { "texture": "#cupronickel1", "uv": [ 3.5, 13.5, 4.0, 14.0 ] }
									}
								},
								{
									"name": "HeadEarNW3",
									"from": [ 0.0, 1.0, 1.0 ],
									"to": [ 1.0, 1.5, 1.5 ],
									"rotationOrigin": [ 0.0, 1.0, 1.0 ],
									"faces": {
										"north": { "texture": "#cupronickel1", "uv": [ 3.0, 8.0, 4.0, 8.5 ] },
										"east": { "texture": "#cupronickel1", "uv": [ 4.5, 1.0, 5.0, 1.5 ] },
										"south": { "texture": "#cupronickel1", "uv": [ 7.0, 8.5, 8.0, 9.0 ] },
										"west": { "texture": "#cupronickel1", "uv": [ 7.5, 1.0, 8.0, 1.5 ] }
									}
								},
								{
									"name": "HeadEarNW4",
									"from": [ 0.0, 1.5, 0.0 ],
									"to": [ 1.0, 2.0, 1.5 ],
									"rotationOrigin": [ 0.0, 1.5, 0.0 ],
									"faces": {
										"north": { "texture": "#cupronickel1", "uv": [ 7.5, 1.5, 8.5, 2.0 ] },
										"east": { "texture": "#cupronickel1", "uv": [ 4.5, 8.0, 6.0, 8.5 ] },
										"south": { "texture": "#cupronickel1", "uv": [ 14.5, 0.5, 15.5, 1.0 ] },
										"west": { "texture": "#cupronickel1", "uv": [ 0.5, 14.0, 2.0, 14.5 ] },
										"up": { "texture": "#cupronickel1", "uv": [ 11.5, 10.5, 12.5, 12.0 ], "windMode": [-1,-1,-1,-1] },
										"down": { "texture": "#cupronickel1", "uv": [ 4.5, 14.0, 5.5, 15.5 ] }
									}
								}
							]
						},
						{
							"name": "HeadEarNW5",
							"from": [ 1.0, 0.0, 1.5 ],
							"to": [ 2.0, 1.0, 3.0 ],
							"rotationOrigin": [ 1.0, 0.0, 3.0 ],
							"rotationX": 30.0,
							"faces": {
								"north": { "texture": "#cupronickel1", "uv": [ 13.0, 14.5, 14.0, 15.5 ] },
								"east": { "texture": "#cupronickel1", "uv": [ 7.0, 7.0, 8.5, 8.0 ] },
								"south": { "texture": "#cupronickel1", "uv": [ 8.0, 4.5, 9.0, 5.5 ] },
								"west": { "texture": "#cupronickel1", "uv": [ 7.0, 10.5, 8.5, 11.5 ] },
								"up": { "texture": "#cupronickel1", "uv": [ 9.0, 7.0, 10.0, 8.5 ] }
							},
							"children": [
								{
									"name": "HeadEarNW6",
									"from": [ 0.0, 1.0, 0.0 ],
									"to": [ 1.0, 1.5, 0.5 ],
									"rotationOrigin": [ 0.0, 1.0, 0.0 ],
									"faces": {
										"north": { "texture": "#cupronickel1", "uv": [ 0.5, 10.5, 1.5, 11.0 ] },
										"east": { "texture": "#cupronickel1", "uv": [ 14.5, 7.5, 15.0, 8.0 ] },
										"south": { "texture": "#cupronickel1", "uv": [ 4.0, 9.5, 5.0, 10.0 ] },
										"west": { "texture": "#cupronickel1", "uv": [ 13.5, 7.5, 14.0, 8.0 ] }
									}
								},
								{
									"name": "HeadEarNW7",
									"from": [ 0.0, 1.0, 1.0 ],
									"to": [ 1.0, 1.5, 1.5 ],
									"rotationOrigin": [ 0.0, 1.0, 1.0 ],
									"faces": {
										"north": { "texture": "#cupronickel1", "uv": [ 13.0, 9.5, 14.0, 10.0 ] },
										"east": { "texture": "#cupronickel1", "uv": [ 6.5, 12.5, 7.0, 13.0 ] },
										"south": { "texture": "#cupronickel1", "uv": [ 5.5, 5.5, 6.5, 6.0 ] },
										"west": { "texture": "#cupronickel1", "uv": [ 1.0, 2.5, 1.5, 3.0 ] }
									}
								},
								{
									"name": "HeadEarNW8",
									"from": [ 0.0, 1.5, 0.0 ],
									"to": [ 1.0, 2.0, 1.5 ],
									"rotationOrigin": [ 0.0, 1.5, 0.0 ],
									"faces": {
										"north": { "texture": "#cupronickel1", "uv": [ 12.0, 1.5, 13.0, 2.0 ] },
										"east": { "texture": "#cupronickel1", "uv": [ 4.5, 15.0, 6.0, 15.5 ] },
										"south": { "texture": "#cupronickel1", "uv": [ 8.0, 4.0, 9.0, 4.5 ] },
										"west": { "texture": "#cupronickel1", "uv": [ 1.5, 14.5, 3.0, 15.0 ] },
										"up": { "texture": "#cupronickel1", "uv": [ 13.0, 11.0, 14.0, 12.5 ] },
										"down": { "texture": "#cupronickel1", "uv": [ 4.0, 2.5, 5.0, 4.0 ] }
									}
								}
							]
						}
					]
				},
				{
					"name": "PileNeckU",
					"from": [ 0.0, 2.8, 0.0 ],
					"to": [ 2.0, 3.3, 2.0 ],
					"rotationOrigin": [ 0.0, 2.8, 0.1 ],
					"faces": {
						"north": { "texture": "#lead", "uv": [ 11.5, 7.0, 13.5, 7.5 ] },
						"east": { "texture": "#lead", "uv": [ 4.0, 15.0, 6.0, 15.5 ] },
						"south": { "texture": "#lead", "uv": [ 9.0, 14.5, 11.0, 15.0 ] },
						"west": { "texture": "#lead", "uv": [ 10.0, 10.5, 12.0, 11.0 ] },
						"down": { "texture": "#lead", "uv": [ 13.0, 11.0, 15.0, 13.0 ] }
					},
					"children": [
						{
							"name": "ForkB4",
							"from": [ 1.2, -2.0, 1.5 ],
							"to": [ 1.5, 0.0, 1.8 ],
							"rotationOrigin": [ 1.2, -2.0, 1.5 ],
							"faces": {
								"north": { "texture": "#gold1", "uv": [ 15.0, 10.5, 15.5, 12.5 ] },
								"east": { "texture": "#gold1", "uv": [ 10.5, 11.0, 11.0, 13.0 ] },
								"south": { "texture": "#gold1", "uv": [ 13.0, 5.5, 13.5, 7.5 ] },
								"west": { "texture": "#gold1", "uv": [ 9.0, 6.0, 9.5, 8.0 ] },
								"up": { "texture": "#gold1", "uv": [ 2.5, 11.5, 3.0, 12.0 ] },
								"down": { "texture": "#gold1", "uv": [ 12.5, 7.0, 13.0, 7.5 ] }
							},
							"children": [
								{
									"name": "ForkB5",
									"from": [ 0.3, 0.5, 0.0 ],
									"to": [ 0.9, 0.8, 0.3 ],
									"rotationOrigin": [ 0.3, 0.5, 0.0 ],
									"faces": {
										"north": { "texture": "#gold1", "uv": [ 9.5, 14.5, 10.0, 15.0 ] },
										"east": { "texture": "#gold1", "uv": [ 13.0, 2.5, 13.5, 3.0 ] },
										"south": { "texture": "#gold1", "uv": [ 8.0, 3.5, 8.5, 4.0 ] },
										"up": { "texture": "#gold1", "uv": [ 0.0, 11.5, 0.5, 12.0 ] },
										"down": { "texture": "#gold1", "uv": [ 9.5, 15.0, 10.0, 15.5 ] }
									},
									"children": [
										{
											"name": "ForkB6",
											"from": [ 0.3, 0.0, -1.4 ],
											"to": [ 0.6, 0.3, 0.0 ],
											"rotationOrigin": [ 0.3, 0.0, -1.4 ],
											"faces": {
												"north": { "texture": "#gold1", "uv": [ 4.0, 10.0, 4.5, 10.5 ] },
												"east": { "texture": "#gold1", "uv": [ 8.0, 2.0, 9.0, 2.5 ] },
												"west": { "texture": "#gold1", "uv": [ 1.5, 14.5, 2.5, 15.0 ] },
												"up": { "texture": "#gold1", "uv": [ 10.5, 3.0, 11.0, 4.0 ] },
												"down": { "texture": "#gold1", "uv": [ 0.0, 2.0, 0.5, 3.0 ] }
											}
										}
									]
								},
								{
									"name": "PlateB2",
									"from": [ -0.2, -0.3, -1.0 ],
									"to": [ 1.0, 0.0, 0.5 ],
									"rotationOrigin": [ -0.2, -0.3, -1.0 ],
									"faces": {
										"north": { "texture": "#gold1", "uv": [ 11.5, 3.0, 12.5, 3.5 ] },
										"east": { "texture": "#gold1", "uv": [ 0.0, 5.0, 1.5, 5.5 ] },
										"south": { "texture": "#gold1", "uv": [ 8.0, 13.0, 9.0, 13.5 ] },
										"west": { "texture": "#gold1", "uv": [ 8.5, 7.5, 10.0, 8.0 ] },
										"up": { "texture": "#gold1", "uv": [ 8.5, 8.5, 9.5, 10.0 ] },
										"down": { "texture": "#gold1", "uv": [ 0.0, 13.0, 1.0, 14.5 ] }
									}
								}
							]
						}
					]
				},
				{
					"name": "PileBase",
					"from": [ -0.5, -1.7, -0.5 ],
					"to": [ 2.5, -0.7, 2.5 ],
					"rotationOrigin": [ -0.5, -1.7, -0.4 ],
					"faces": {
						"north": { "texture": "#cupronickel1", "uv": [ 5.5, 9.0, 8.5, 10.0 ] },
						"east": { "texture": "#cupronickel1", "uv": [ 0.5, 7.5, 3.5, 8.5 ] },
						"south": { "texture": "#cupronickel1", "uv": [ 5.5, 6.0, 8.5, 7.0 ] },
						"west": { "texture": "#cupronickel1", "uv": [ 3.5, 9.0, 6.5, 10.0 ] },
						"up": { "texture": "#cupronickel1", "uv": [ 3.5, 9.5, 6.5, 12.5 ] },
						"down": { "texture": "#cupronickel1", "uv": [ 6.0, 1.0, 9.0, 4.0 ] }
					},
					"children": [
						{
							"name": "PileNeckD",
							"from": [ 0.5, 1.0, 0.5 ],
							"to": [ 2.5, 1.5, 2.5 ],
							"rotationOrigin": [ 0.5, 1.0, 0.6 ],
							"faces": {
								"north": { "texture": "#lead", "uv": [ 13.5, 15.0, 15.5, 15.5 ] },
								"east": { "texture": "#lead", "uv": [ 12.5, 7.5, 14.5, 8.0 ] },
								"south": { "texture": "#lead", "uv": [ 10.5, 13.0, 12.5, 13.5 ] },
								"west": { "texture": "#lead", "uv": [ 9.0, 1.0, 11.0, 1.5 ] },
								"up": { "texture": "#lead", "uv": [ 2.5, 2.5, 4.5, 4.5 ] }
							},
							"children": [
								{
									"name": "ForkB1",
									"from": [ 0.5, 0.5, 0.1 ],
									"to": [ 0.8, 2.5, 0.4 ],
									"rotationOrigin": [ 0.5, 0.5, 0.1 ],
									"faces": {
										"north": { "texture": "#cupronickel1", "uv": [ 3.5, 0.5, 4.0, 2.5 ] },
										"east": { "texture": "#cupronickel1", "uv": [ 1.5, 3.5, 2.0, 5.5 ] },
										"south": { "texture": "#cupronickel1", "uv": [ 0.0, 5.0, 0.5, 7.0 ] },
										"west": { "texture": "#cupronickel1", "uv": [ 13.0, 3.0, 13.5, 5.0 ] },
										"up": { "texture": "#cupronickel1", "uv": [ 3.5, 0.5, 4.0, 1.0 ] },
										"down": { "texture": "#cupronickel1", "uv": [ 9.5, 2.0, 10.0, 2.5 ] }
									},
									"children": [
										{
											"name": "ForkB2",
											"from": [ -0.6, 1.1, 0.0 ],
											"to": [ 0.0, 1.4, 0.3 ],
											"rotationOrigin": [ -0.6, 1.1, 0.0 ],
											"faces": {
												"north": { "texture": "#cupronickel1", "uv": [ 3.0, 7.0, 3.5, 7.5 ] },
												"south": { "texture": "#cupronickel1", "uv": [ 4.0, 15.0, 4.5, 15.5 ] },
												"west": { "texture": "#cupronickel1", "uv": [ 1.5, 12.0, 2.0, 12.5 ] },
												"up": { "texture": "#cupronickel1", "uv": [ 7.5, 3.0, 8.0, 3.5 ] },
												"down": { "texture": "#cupronickel1", "uv": [ 2.0, 10.0, 2.5, 10.5 ] }
											},
											"children": [
												{
													"name": "ForkB3",
													"from": [ 0.0, 0.0, 0.3 ],
													"to": [ 0.3, 0.3, 1.7 ],
													"rotationOrigin": [ 0.0, 0.0, 0.3 ],
													"faces": {
														"east": { "texture": "#cupronickel1", "uv": [ 10.5, 13.0, 11.5, 13.5 ] },
														"south": { "texture": "#cupronickel1", "uv": [ 4.0, 3.5, 4.5, 4.0 ] },
														"west": { "texture": "#cupronickel1", "uv": [ 1.5, 2.0, 2.5, 2.5 ] },
														"up": { "texture": "#cupronickel1", "uv": [ 11.5, 11.5, 12.0, 12.5 ] },
														"down": { "texture": "#cupronickel1", "uv": [ 6.0, 2.5, 6.5, 3.5 ] }
													}
												}
											]
										},
										{
											"name": "PlateB",
											"from": [ -0.6, 2.0, -0.1 ],
											"to": [ 0.6, 2.3, 1.4 ],
											"rotationOrigin": [ -0.6, 2.0, -0.1 ],
											"faces": {
												"north": { "texture": "#cupronickel1", "uv": [ 8.0, 7.0, 9.0, 7.5 ] },
												"east": { "texture": "#cupronickel1", "uv": [ 0.0, 11.0, 1.5, 11.5 ] },
												"south": { "texture": "#cupronickel1", "uv": [ 10.0, 2.5, 11.0, 3.0 ] },
												"west": { "texture": "#cupronickel1", "uv": [ 5.5, 7.5, 7.0, 8.0 ] },
												"up": { "texture": "#cupronickel1", "uv": [ 14.5, 9.5, 15.5, 11.0 ] },
												"down": { "texture": "#cupronickel1", "uv": [ 0.5, 14.0, 1.5, 15.5 ] }
											}
										}
									]
								}
							]
						},
						{
							"name": "HeadEarDN",
							"from": [ 1.0, 1.0, 3.0 ],
							"to": [ 2.0, 2.0, 4.5 ],
							"rotationOrigin": [ 1.0, 1.0, 3.0 ],
							"rotationX": 150.0,
							"faces": {
								"north": { "texture": "#cupronickel1", "uv": [ 0.5, 4.5, 1.5, 5.5 ] },
								"east": { "texture": "#cupronickel1", "uv": [ 6.0, 10.5, 7.5, 11.5 ] },
								"south": { "texture": "#cupronickel1", "uv": [ 3.5, 3.5, 4.5, 4.5 ] },
								"west": { "texture": "#cupronickel1", "uv": [ 2.0, 6.5, 3.5, 7.5 ] },
								"up": { "texture": "#cupronickel1", "uv": [ 9.5, 3.0, 10.5, 4.5 ] }
							},
							"children": [
								{
									"name": "HeadEarNW10",
									"from": [ 0.0, 1.0, 0.0 ],
									"to": [ 1.0, 1.5, 0.5 ],
									"rotationOrigin": [ 0.0, 1.0, 0.0 ],
									"faces": {
										"north": { "texture": "#cupronickel1", "uv": [ 8.0, 10.0, 9.0, 10.5 ] },
										"east": { "texture": "#cupronickel1", "uv": [ 1.5, 10.0, 2.0, 10.5 ] },
										"south": { "texture": "#cupronickel1", "uv": [ 8.5, 1.0, 9.5, 1.5 ] },
										"west": { "texture": "#cupronickel1", "uv": [ 10.5, 1.5, 11.0, 2.0 ] }
									}
								},
								{
									"name": "HeadEarNW11",
									"from": [ 0.0, 1.0, 1.0 ],
									"to": [ 1.0, 1.5, 1.5 ],
									"rotationOrigin": [ 0.0, 1.0, 1.0 ],
									"faces": {
										"north": { "texture": "#cupronickel1", "uv": [ 10.5, 6.0, 11.5, 6.5 ] },
										"east": { "texture": "#cupronickel1", "uv": [ 7.0, 13.0, 7.5, 13.5 ] },
										"south": { "texture": "#cupronickel1", "uv": [ 1.0, 0.5, 2.0, 1.0 ] },
										"west": { "texture": "#cupronickel1", "uv": [ 13.0, 1.5, 13.5, 2.0 ] }
									}
								},
								{
									"name": "HeadEarNW12",
									"from": [ 0.0, 1.5, 0.0 ],
									"to": [ 1.0, 2.0, 1.5 ],
									"rotationOrigin": [ 0.0, 1.5, 0.0 ],
									"faces": {
										"north": { "texture": "#cupronickel1", "uv": [ 6.5, 13.5, 7.5, 14.0 ] },
										"east": { "texture": "#cupronickel1", "uv": [ 7.0, 12.0, 8.5, 12.5 ] },
										"south": { "texture": "#cupronickel1", "uv": [ 0.5, 12.0, 1.5, 12.5 ] },
										"west": { "texture": "#cupronickel1", "uv": [ 4.0, 1.0, 5.5, 1.5 ] },
										"up": { "texture": "#cupronickel1", "uv": [ 13.5, 1.5, 14.5, 3.0 ] },
										"down": { "texture": "#cupronickel1", "uv": [ 11.5, 2.0, 12.5, 3.5 ] }
									}
								}
							]
						},
						{
							"name": "HeadEarDN2",
							"from": [ 1.0, 1.0, -1.5 ],
							"to": [ 2.0, 2.0, 0.0 ],
							"rotationOrigin": [ 1.0, 1.0, 0.0 ],
							"rotationX": -150.0,
							"faces": {
								"north": { "texture": "#cupronickel1", "uv": [ 3.5, 9.5, 4.5, 10.5 ] },
								"east": { "texture": "#cupronickel1", "uv": [ 4.5, 6.5, 6.0, 7.5 ] },
								"south": { "texture": "#cupronickel1", "uv": [ 3.5, 7.5, 4.5, 8.5 ] },
								"west": { "texture": "#cupronickel1", "uv": [ 12.5, 14.0, 14.0, 15.0 ] },
								"up": { "texture": "#cupronickel1", "uv": [ 1.0, 1.5, 2.0, 3.0 ] }
							},
							"children": [
								{
									"name": "HeadEarNW13",
									"from": [ 0.0, 1.0, 0.0 ],
									"to": [ 1.0, 1.5, 0.5 ],
									"rotationOrigin": [ 0.0, 1.0, 0.0 ],
									"faces": {
										"north": { "texture": "#cupronickel1", "uv": [ 10.5, 8.0, 11.5, 8.5 ] },
										"east": { "texture": "#cupronickel1", "uv": [ 8.5, 9.0, 9.0, 9.5 ] },
										"south": { "texture": "#cupronickel1", "uv": [ 5.0, 13.0, 6.0, 13.5 ] },
										"west": { "texture": "#cupronickel1", "uv": [ 13.5, 4.0, 14.0, 4.5 ] }
									}
								},
								{
									"name": "HeadEarNW14",
									"from": [ 0.0, 1.0, 1.0 ],
									"to": [ 1.0, 1.5, 1.5 ],
									"rotationOrigin": [ 0.0, 1.0, 1.0 ],
									"faces": {
										"north": { "texture": "#cupronickel1", "uv": [ 12.5, 1.0, 13.5, 1.5 ] },
										"east": { "texture": "#cupronickel1", "uv": [ 3.0, 9.5, 3.5, 10.0 ] },
										"south": { "texture": "#cupronickel1", "uv": [ 13.0, 4.5, 14.0, 5.0 ] },
										"west": { "texture": "#cupronickel1", "uv": [ 11.5, 6.5, 12.0, 7.0 ] }
									}
								},
								{
									"name": "HeadEarNW15",
									"from": [ 0.0, 1.5, 0.0 ],
									"to": [ 1.0, 2.0, 1.5 ],
									"rotationOrigin": [ 0.0, 1.5, 0.0 ],
									"faces": {
										"north": { "texture": "#cupronickel1", "uv": [ 14.5, 1.0, 15.5, 1.5 ] },
										"east": { "texture": "#cupronickel1", "uv": [ 12.0, 2.5, 13.5, 3.0 ] },
										"south": { "texture": "#cupronickel1", "uv": [ 9.5, 3.5, 10.5, 4.0 ] },
										"west": { "texture": "#cupronickel1", "uv": [ 1.0, 14.5, 2.5, 15.0 ] },
										"up": { "texture": "#cupronickel1", "uv": [ 0.0, 4.5, 1.0, 6.0 ] },
										"down": { "texture": "#cupronickel1", "uv": [ 6.0, 4.0, 7.0, 5.5 ] }
									}
								}
							]
						}
					]
				},
				{
					"name": "PileGlass",
					"from": [ -0.5, -0.2, -0.5 ],
					"to": [ 2.5, 2.8, 2.5 ],
					"renderPass": 3,
					"rotationOrigin": [ -0.5, -0.2, -0.4 ],
					"faces": {
						"north": { "texture": "#blue", "uv": [ 10.0, 10.0, 13.0, 13.0 ] },
						"east": { "texture": "#blue", "uv": [ 4.5, 5.0, 7.5, 8.0 ] },
						"south": { "texture": "#blue", "uv": [ 1.5, 10.5, 4.5, 13.5 ] },
						"west": { "texture": "#blue", "uv": [ 2.0, 6.0, 5.0, 9.0 ] },
						"up": { "texture": "#blue", "uv": [ 0.0, 12.5, 3.0, 15.5 ] },
						"down": { "texture": "#blue", "uv": [ 4.0, 4.0, 7.0, 7.0 ] }
					}
				},
				{
					"name": "Cube12",
					"from": [ 0.0, 0.0, 0.0 ],
					"to": [ 1.0, 1.0, 1.0 ],
					"faces": {
						"north": { "texture": "#electrum1", "uv": [ 0.0, 0.0, 1.0, 1.0 ] },
						"east": { "texture": "#electrum1", "uv": [ 0.0, 0.0, 1.0, 1.0 ] },
						"south": { "texture": "#electrum1", "uv": [ 0.0, 0.0, 1.0, 1.0 ] },
						"west": { "texture": "#electrum1", "uv": [ 0.0, 0.0, 1.0, 1.0 ] },
						"up": { "texture": "#electrum1", "uv": [ 0.0, 0.0, 1.0, 1.0 ] },
						"down": { "texture": "#electrum1", "uv": [ 0.0, 0.0, 1.0, 1.0 ] }
					}
				}
			]
		},
		{
			"name": "hideme",
			"stepParentName": "UpperTorso",
			"from": [ 2.9, 6.7, 10.7 ],
			"to": [ 2.9, 6.7, 10.7 ],
			"rotationOrigin": [ 8.7, 2.2, 10.7 ],
			"rotationY": -90.0,
			"rotationZ": 135.0,
			"faces": {
			},
			"children": [
				{
					"name": "gem-MID",
					"from": [ 5.8, -4.55, 0.4 ],
					"to": [ 5.8, -4.55, 0.4 ],
					"rotationOrigin": [ 5.8651, -4.5, 0.4 ],
					"rotationY": -90.0,
					"faces": {
					},
					"children": [
						{
							"name": "barH1",
							"from": [ 0.0, 0.5, -1.0 ],
							"to": [ 0.5, 1.0, 1.0 ],
							"rotationOrigin": [ 0.0, 0.5, 0.0 ],
							"faces": {
								"north": { "texture": "#rustyglow", "uv": [ 10.0, 10.0, 10.5, 10.5 ], "glow": 5 },
								"east": { "texture": "#rustyglow", "uv": [ 11.5, 10.5, 13.5, 11.0 ], "glow": 5 },
								"south": { "texture": "#rustyglow", "uv": [ 2.5, 11.5, 3.0, 12.0 ], "glow": 5 },
								"west": { "texture": "#rustyglow", "uv": [ 1.5, 6.0, 3.5, 6.5 ], "glow": 5 },
								"up": { "texture": "#rustyglow", "uv": [ 12.5, 12.0, 13.0, 14.0 ], "glow": 5 },
								"down": { "texture": "#rustyglow", "uv": [ 6.0, 9.5, 6.5, 11.5 ], "glow": 5 }
							}
						},
						{
							"name": "barH2",
							"from": [ 0.0, -1.0, -1.0 ],
							"to": [ 0.5, -0.5, 1.0 ],
							"rotationOrigin": [ 0.0, -0.5, 0.0 ],
							"faces": {
								"north": { "texture": "#rustyglow", "uv": [ 12.5, 6.5, 13.0, 7.0 ], "glow": 5 },
								"east": { "texture": "#rustyglow", "uv": [ 1.0, 11.5, 3.0, 12.0 ], "glow": 5 },
								"south": { "texture": "#rustyglow", "uv": [ 0.0, 8.0, 0.5, 8.5 ], "glow": 5 },
								"west": { "texture": "#rustyglow", "uv": [ 5.5, 3.5, 7.5, 4.0 ], "glow": 5 },
								"up": { "texture": "#rustyglow", "uv": [ 13.0, 9.0, 13.5, 11.0 ], "glow": 5 },
								"down": { "texture": "#rustyglow", "uv": [ 8.5, 12.5, 9.0, 14.5 ], "glow": 5 }
							},
							"children": [
								{
									"name": "barV1",
									"from": [ 0.0, 0.5, 0.0 ],
									"to": [ 0.5, 1.5, 0.5 ],
									"rotationOrigin": [ 0.0, 0.5, 0.0 ],
									"faces": {
										"north": { "texture": "#rustyglow", "uv": [ 0.0, 1.0, 0.5, 2.0 ], "glow": 5 },
										"east": { "texture": "#rustyglow", "uv": [ 8.5, 3.5, 9.0, 4.5 ], "glow": 5 },
										"south": { "texture": "#rustyglow", "uv": [ 5.5, 4.5, 6.0, 5.5 ], "glow": 5 },
										"west": { "texture": "#rustyglow", "uv": [ 1.5, 14.0, 2.0, 15.0 ], "glow": 5 }
									}
								},
								{
									"name": "barV2",
									"from": [ 0.0, 0.5, 1.5 ],
									"to": [ 0.5, 1.5, 2.0 ],
									"rotationOrigin": [ 0.0, 0.5, 2.0 ],
									"faces": {
										"north": { "texture": "#rustyglow", "uv": [ 3.5, 2.5, 4.0, 3.5 ], "glow": 5 },
										"east": { "texture": "#rustyglow", "uv": [ 13.0, 1.0, 13.5, 2.0 ], "glow": 5 },
										"south": { "texture": "#rustyglow", "uv": [ 13.0, 3.5, 13.5, 4.5 ], "glow": 5 },
										"west": { "texture": "#rustyglow", "uv": [ 9.5, 10.5, 10.0, 11.5 ], "glow": 5 }
									}
								}
							]
						},
						{
							"name": "teethV1",
							"from": [ -0.05, -1.3, -0.75 ],
							"to": [ 0.55, 1.3, -0.25 ],
							"rotationOrigin": [ 0.0, 0.0, -0.5 ],
							"faces": {
								"north": { "texture": "#rustyglow", "uv": [ 8.5, 5.0, 9.0, 7.5 ], "glow": 5 },
								"east": { "texture": "#rustyglow", "uv": [ 15.0, 4.0, 15.5, 6.5 ], "glow": 5 },
								"south": { "texture": "#rustyglow", "uv": [ 10.5, 1.5, 11.0, 4.0 ], "glow": 5 },
								"west": { "texture": "#rustyglow", "uv": [ 4.0, 4.5, 4.5, 7.0 ], "glow": 5 },
								"up": { "texture": "#rustyglow", "uv": [ 10.0, 2.0, 10.5, 2.5 ], "glow": 5 },
								"down": { "texture": "#rustyglow", "uv": [ 9.0, 9.0, 9.5, 9.5 ], "glow": 5 }
							}
						},
						{
							"name": "teethV2",
							"from": [ -0.05, -1.3, 0.25 ],
							"to": [ 0.55, 1.3, 0.75 ],
							"rotationOrigin": [ 0.0, 0.0, 0.5 ],
							"faces": {
								"north": { "texture": "#rustyglow", "uv": [ 5.0, 5.0, 5.5, 7.5 ], "glow": 5 },
								"east": { "texture": "#rustyglow", "uv": [ 0.0, 4.0, 0.5, 6.5 ], "glow": 5 },
								"south": { "texture": "#rustyglow", "uv": [ 11.5, 4.5, 12.0, 7.0 ], "glow": 5 },
								"west": { "texture": "#rustyglow", "uv": [ 10.0, 2.5, 10.5, 5.0 ], "glow": 5 },
								"up": { "texture": "#rustyglow", "uv": [ 7.5, 13.0, 8.0, 13.5 ], "glow": 5 },
								"down": { "texture": "#rustyglow", "uv": [ 7.0, 12.5, 7.5, 13.0 ], "glow": 5 }
							}
						},
						{
							"name": "teethH1",
							"from": [ -0.06, 0.2, -1.3 ],
							"to": [ 0.54, 0.7, 1.3 ],
							"rotationOrigin": [ 0.0, 0.45, 0.0 ],
							"faces": {
								"north": { "texture": "#rustyglow", "uv": [ 14.0, 8.5, 14.5, 9.0 ] },
								"east": { "texture": "#rustyglow", "uv": [ 1.5, 3.5, 4.0, 4.0 ] },
								"south": { "texture": "#rustyglow", "uv": [ 8.0, 8.0, 8.5, 8.5 ] },
								"west": { "texture": "#rustyglow", "uv": [ 2.0, 9.5, 4.5, 10.0 ] },
								"up": { "texture": "#rustyglow", "uv": [ 4.0, 6.5, 4.5, 9.0 ] },
								"down": { "texture": "#rustyglow", "uv": [ 0.0, 2.5, 0.5, 5.0 ] }
							}
						},
						{
							"name": "teethH2",
							"from": [ -0.06, -0.75, -1.3 ],
							"to": [ 0.54, -0.25, 1.3 ],
							"rotationOrigin": [ 0.0, 0.45, 0.0 ],
							"faces": {
								"north": { "texture": "#rustyglow", "uv": [ 14.0, 8.5, 14.5, 9.0 ] },
								"east": { "texture": "#rustyglow", "uv": [ 1.5, 3.5, 4.0, 4.0 ] },
								"south": { "texture": "#rustyglow", "uv": [ 8.0, 8.0, 8.5, 8.5 ] },
								"west": { "texture": "#rustyglow", "uv": [ 2.0, 9.5, 4.5, 10.0 ] },
								"up": { "texture": "#rustyglow", "uv": [ 4.0, 6.5, 4.5, 9.0 ] },
								"down": { "texture": "#rustyglow", "uv": [ 0.0, 2.5, 0.5, 5.0 ] }
							}
						}
					]
				}
			]
		},
		{
			"name": "hideme2",
			"from": [ 2.9, 6.7, 5.1 ],
			"to": [ 2.9, 6.7, 5.1 ],
			"rotationOrigin": [ 8.7, 2.2, 5.1 ],
			"rotationY": -90.0,
			"rotationZ": -157.5,
			"faces": {
			},
			"children": [
				{
					"name": "gem-MID2",
					"from": [ 5.8, -4.55, 0.4 ],
					"to": [ 5.8, -4.55, 0.4 ],
					"rotationOrigin": [ 5.8651, -4.5, 0.4 ],
					"rotationY": -90.0,
					"faces": {
					},
					"children": [
						{
							"name": "barH3",
							"from": [ 0.0, 0.5, -1.0 ],
							"to": [ 0.5, 1.0, 1.0 ],
							"rotationOrigin": [ 0.0, 0.5, 0.0 ],
							"faces": {
								"north": { "texture": "#rustyglow", "uv": [ 10.0, 10.0, 10.5, 10.5 ], "glow": 5 },
								"east": { "texture": "#rustyglow", "uv": [ 11.5, 10.5, 13.5, 11.0 ], "glow": 5 },
								"south": { "texture": "#rustyglow", "uv": [ 2.5, 11.5, 3.0, 12.0 ], "glow": 5 },
								"west": { "texture": "#rustyglow", "uv": [ 1.5, 6.0, 3.5, 6.5 ], "glow": 5 },
								"up": { "texture": "#rustyglow", "uv": [ 12.5, 12.0, 13.0, 14.0 ], "glow": 5 },
								"down": { "texture": "#rustyglow", "uv": [ 6.0, 9.5, 6.5, 11.5 ], "glow": 5 }
							}
						},
						{
							"name": "barH4",
							"from": [ 0.0, -1.0, -1.0 ],
							"to": [ 0.5, -0.5, 1.0 ],
							"rotationOrigin": [ 0.0, -0.5, 0.0 ],
							"faces": {
								"north": { "texture": "#rustyglow", "uv": [ 12.5, 6.5, 13.0, 7.0 ], "glow": 5 },
								"east": { "texture": "#rustyglow", "uv": [ 1.0, 11.5, 3.0, 12.0 ], "glow": 5 },
								"south": { "texture": "#rustyglow", "uv": [ 0.0, 8.0, 0.5, 8.5 ], "glow": 5 },
								"west": { "texture": "#rustyglow", "uv": [ 5.5, 3.5, 7.5, 4.0 ], "glow": 5 },
								"up": { "texture": "#rustyglow", "uv": [ 13.0, 9.0, 13.5, 11.0 ], "glow": 5 },
								"down": { "texture": "#rustyglow", "uv": [ 8.5, 12.5, 9.0, 14.5 ], "glow": 5 }
							},
							"children": [
								{
									"name": "barV3",
									"from": [ 0.0, 0.5, 0.0 ],
									"to": [ 0.5, 1.5, 0.5 ],
									"rotationOrigin": [ 0.0, 0.5, 0.0 ],
									"faces": {
										"north": { "texture": "#rustyglow", "uv": [ 0.0, 1.0, 0.5, 2.0 ], "glow": 5 },
										"east": { "texture": "#rustyglow", "uv": [ 8.5, 3.5, 9.0, 4.5 ], "glow": 5 },
										"south": { "texture": "#rustyglow", "uv": [ 5.5, 4.5, 6.0, 5.5 ], "glow": 5 },
										"west": { "texture": "#rustyglow", "uv": [ 1.5, 14.0, 2.0, 15.0 ], "glow": 5 }
									}
								},
								{
									"name": "barV4",
									"from": [ 0.0, 0.5, 1.5 ],
									"to": [ 0.5, 1.5, 2.0 ],
									"rotationOrigin": [ 0.0, 0.5, 2.0 ],
									"faces": {
										"north": { "texture": "#rustyglow", "uv": [ 3.5, 2.5, 4.0, 3.5 ], "glow": 5 },
										"east": { "texture": "#rustyglow", "uv": [ 13.0, 1.0, 13.5, 2.0 ], "glow": 5 },
										"south": { "texture": "#rustyglow", "uv": [ 13.0, 3.5, 13.5, 4.5 ], "glow": 5 },
										"west": { "texture": "#rustyglow", "uv": [ 9.5, 10.5, 10.0, 11.5 ], "glow": 5 }
									}
								}
							]
						},
						{
							"name": "teethV3",
							"from": [ -0.05, -1.3, -0.75 ],
							"to": [ 0.55, 1.3, -0.25 ],
							"rotationOrigin": [ 0.0, 0.0, -0.5 ],
							"faces": {
								"north": { "texture": "#rustyglow", "uv": [ 8.5, 5.0, 9.0, 7.5 ], "glow": 5 },
								"east": { "texture": "#rustyglow", "uv": [ 15.0, 4.0, 15.5, 6.5 ], "glow": 5 },
								"south": { "texture": "#rustyglow", "uv": [ 10.5, 1.5, 11.0, 4.0 ], "glow": 5 },
								"west": { "texture": "#rustyglow", "uv": [ 4.0, 4.5, 4.5, 7.0 ], "glow": 5 },
								"up": { "texture": "#rustyglow", "uv": [ 10.0, 2.0, 10.5, 2.5 ], "glow": 5 },
								"down": { "texture": "#rustyglow", "uv": [ 9.0, 9.0, 9.5, 9.5 ], "glow": 5 }
							}
						},
						{
							"name": "teethV4",
							"from": [ -0.05, -1.3, 0.25 ],
							"to": [ 0.55, 1.3, 0.75 ],
							"rotationOrigin": [ 0.0, 0.0, 0.5 ],
							"faces": {
								"north": { "texture": "#rustyglow", "uv": [ 5.0, 5.0, 5.5, 7.5 ], "glow": 5 },
								"east": { "texture": "#rustyglow", "uv": [ 0.0, 4.0, 0.5, 6.5 ], "glow": 5 },
								"south": { "texture": "#rustyglow", "uv": [ 11.5, 4.5, 12.0, 7.0 ], "glow": 5 },
								"west": { "texture": "#rustyglow", "uv": [ 10.0, 2.5, 10.5, 5.0 ], "glow": 5 },
								"up": { "texture": "#rustyglow", "uv": [ 7.5, 13.0, 8.0, 13.5 ], "glow": 5 },
								"down": { "texture": "#rustyglow", "uv": [ 7.0, 12.5, 7.5, 13.0 ], "glow": 5 }
							}
						},
						{
							"name": "teethH3",
							"from": [ -0.06, 0.2, -1.3 ],
							"to": [ 0.54, 0.7, 1.3 ],
							"rotationOrigin": [ 0.0, 0.45, 0.0 ],
							"faces": {
								"north": { "texture": "#rustyglow", "uv": [ 14.0, 8.5, 14.5, 9.0 ] },
								"east": { "texture": "#rustyglow", "uv": [ 1.5, 3.5, 4.0, 4.0 ] },
								"south": { "texture": "#rustyglow", "uv": [ 8.0, 8.0, 8.5, 8.5 ] },
								"west": { "texture": "#rustyglow", "uv": [ 2.0, 9.5, 4.5, 10.0 ] },
								"up": { "texture": "#rustyglow", "uv": [ 4.0, 6.5, 4.5, 9.0 ] },
								"down": { "texture": "#rustyglow", "uv": [ 0.0, 2.5, 0.5, 5.0 ] }
							}
						},
						{
							"name": "teethH4",
							"from": [ -0.06, 0.2, -1.3 ],
							"to": [ 0.54, 0.7, 1.3 ],
							"rotationOrigin": [ 0.0, 0.45, 0.0 ],
							"faces": {
								"north": { "texture": "#rustyglow", "uv": [ 14.0, 8.5, 14.5, 9.0 ] },
								"east": { "texture": "#rustyglow", "uv": [ 1.5, 3.5, 4.0, 4.0 ] },
								"south": { "texture": "#rustyglow", "uv": [ 8.0, 8.0, 8.5, 8.5 ] },
								"west": { "texture": "#rustyglow", "uv": [ 2.0, 9.5, 4.5, 10.0 ] },
								"up": { "texture": "#rustyglow", "uv": [ 4.0, 6.5, 4.5, 9.0 ] },
								"down": { "texture": "#rustyglow", "uv": [ 0.0, 2.5, 0.5, 5.0 ] }
							}
						},
						{
							"name": "teethH5",
							"from": [ -0.06, -0.7, -1.3 ],
							"to": [ 0.54, -0.2, 1.3 ],
							"rotationOrigin": [ 0.0, -0.45, 0.0 ],
							"faces": {
								"north": { "texture": "#rustyglow", "uv": [ 14.0, 8.5, 14.5, 9.0 ] },
								"east": { "texture": "#rustyglow", "uv": [ 1.5, 3.5, 4.0, 4.0 ] },
								"south": { "texture": "#rustyglow", "uv": [ 8.0, 8.0, 8.5, 8.5 ] },
								"west": { "texture": "#rustyglow", "uv": [ 2.0, 9.5, 4.5, 10.0 ] },
								"up": { "texture": "#rustyglow", "uv": [ 4.0, 6.5, 4.5, 9.0 ] },
								"down": { "texture": "#rustyglow", "uv": [ 0.0, 2.5, 0.5, 5.0 ] }
							}
						}
					]
				}
			]
		}
	],
	"animations": [
		{
			"name": "on-spin",
			"code": "animation1",
			"quantityframes": 30,
			"onActivityStopped": "PlayTillEnd",
			"onAnimationEnd": "Repeat",
			"keyframes": [
				{
					"frame": 0,
					"elements": {
						"gem-MID": { "rotationX": 0.0, "rotationY": 0.0, "rotationZ": 0.0 },
						"hideme": { "rotationX": 0.0, "rotationY": 0.0, "rotationZ": 180.0 }
					}
				},
				{
					"frame": 26,
					"elements": {
						"hideme": { "rotationX": 0.0, "rotationY": 0.0, "rotationZ": 0.0 }
					}
				},
				{
					"frame": 29,
					"elements": {
						"hideme": { "rotationX": 0.0, "rotationY": 0.0, "rotationZ": -180.0 }
					}
				}
			]
		},

		{
			"name": "Animation 30",
			"code": "guitarcog",
			"quantityframes": 60,
			"onActivityStopped": "EaseOut",
			"onAnimationEnd": "Repeat",
			"keyframes": [
				{
					"frame": 0,
					"elements": {
						"hideme": { "rotationX": 0.0, "rotationY": 0.0, "rotationZ": 180.0 }
					}
				},
				{
					"frame": 59,
					"elements": {
						"hideme": { "rotationX": 0.0, "rotationY": 0.0, "rotationZ": -180.0 }
					}
				}
			]
		}
	]
}