{
	"editor": {
		"backDropShape": "seraph-hairless",
		"collapsedPaths": "Root/Horn Attachment/HornL01,Root/Body/abdomen,Root/Body/Left Shoulder,Root/Body/Right Shoulder,Root/Horn Attachment/HornR01",
		"allAngles": true,
		"entityTextureMode": true
	},
	"textureWidth": 44,
	"textureHeight": 56,
	"textureSizes": {
		"ibexnub-adult": [44,56]
	},
	"textures": {
		"ibexnub-adult": "game:entity/animal/mammal/hooved/goat/ibexnub-adult"
	},
	"elements": [
		{
			"name": "Horn Attachment",
			"stepParentName": "Head",
			"from": [ 0.1, 3.6, 1.26 ],
			"to": [ 1.1, 4.6, 2.26 ],
			"unwrapMode": 4,
			"uv": [ 1.0, 19.5 ],
			"rotationOrigin": [ 0.1, 3.6, -2.74 ],
			"rotationZ": -16.0,
			"faces": {
			},
			"children": [
				{
					"name": "HornL01",
					"from": [ -0.2, 1.5, 2.15 ],
					"to": [ 0.8, 3.0, 3.15 ],
					"unwrapMode": 4,
					"uv": [ 29.0, 53.0 ],
					"rotationOrigin": [ -0.2, 1.5, 2.1 ],
					"rotationX": 15.0,
					"rotationY": -13.0,
					"rotationZ": 5.0,
					"faces": {
						"north": { "texture": "#ibexnub-adult", "uv": [ 29.0, 54.0, 30.0, 55.5 ] },
						"east": { "texture": "#ibexnub-adult", "uv": [ 32.0, 54.0, 33.0, 55.5 ] },
						"south": { "texture": "#ibexnub-adult", "uv": [ 31.0, 54.0, 32.0, 55.5 ] },
						"west": { "texture": "#ibexnub-adult", "uv": [ 30.0, 54.0, 31.0, 55.5 ] },
						"up": { "texture": "#ibexnub-adult", "uv": [ 30.0, 53.0, 31.0, 54.0 ], "rotation": 90 }
					},
					"children": [
						{
							"name": "HornL02",
							"from": [ 0.0, 1.5, 0.0 ],
							"to": [ 1.0, 3.0, 1.0 ],
							"unwrapMode": 4,
							"uv": [ 29.0, 51.5 ],
							"rotationOrigin": [ 0.0, 1.5, 1.0 ],
							"rotationX": -1.0,
							"rotationY": -2.0,
							"rotationZ": -12.0,
							"faces": {
								"north": { "texture": "#ibexnub-adult", "uv": [ 29.0, 52.5, 30.0, 54.0 ] },
								"east": { "texture": "#ibexnub-adult", "uv": [ 32.0, 52.5, 33.0, 54.0 ] },
								"south": { "texture": "#ibexnub-adult", "uv": [ 31.0, 52.5, 32.0, 54.0 ] },
								"west": { "texture": "#ibexnub-adult", "uv": [ 30.0, 52.5, 31.0, 54.0 ] },
								"up": { "texture": "#ibexnub-adult", "uv": [ 30.0, 51.5, 31.0, 52.5 ], "rotation": 90 }
							},
							"children": [
								{
									"name": "HornL03",
									"from": [ 0.0, 1.5, 0.0 ],
									"to": [ 1.0, 3.0, 1.0 ],
									"unwrapMode": 4,
									"uv": [ 29.0, 50.0 ],
									"rotationOrigin": [ 0.0, 1.5, 1.0 ],
									"rotationX": -1.0,
									"rotationY": -2.0,
									"rotationZ": -13.0,
									"faces": {
										"north": { "texture": "#ibexnub-adult", "uv": [ 29.0, 51.0, 30.0, 52.5 ] },
										"east": { "texture": "#ibexnub-adult", "uv": [ 32.0, 51.0, 33.0, 52.5 ] },
										"south": { "texture": "#ibexnub-adult", "uv": [ 31.0, 51.0, 32.0, 52.5 ] },
										"west": { "texture": "#ibexnub-adult", "uv": [ 30.0, 51.0, 31.0, 52.5 ] },
										"up": { "texture": "#ibexnub-adult", "uv": [ 30.0, 50.0, 31.0, 51.0 ], "rotation": 90 }
									},
									"children": [
										{
											"name": "HornL04",
											"from": [ 0.0, 1.5, 0.0 ],
											"to": [ 1.0, 3.0, 1.0 ],
											"unwrapMode": 4,
											"uv": [ 29.0, 48.5 ],
											"rotationOrigin": [ 0.0, 1.5, 1.0 ],
											"rotationX": -1.0,
											"rotationY": -2.0,
											"rotationZ": -14.0,
											"faces": {
												"north": { "texture": "#ibexnub-adult", "uv": [ 29.0, 49.5, 30.0, 51.0 ] },
												"east": { "texture": "#ibexnub-adult", "uv": [ 32.0, 49.5, 33.0, 51.0 ] },
												"south": { "texture": "#ibexnub-adult", "uv": [ 31.0, 49.5, 32.0, 51.0 ] },
												"west": { "texture": "#ibexnub-adult", "uv": [ 30.0, 49.5, 31.0, 51.0 ] },
												"up": { "texture": "#ibexnub-adult", "uv": [ 30.0, 48.5, 31.0, 49.5 ], "rotation": 90 }
											},
											"children": [
												{
													"name": "HornL05",
													"from": [ 0.0, 1.5, 0.0 ],
													"to": [ 1.0, 3.0, 1.0 ],
													"unwrapMode": 4,
													"uv": [ 29.0, 47.0 ],
													"rotationOrigin": [ 0.0, 1.5, 1.0 ],
													"rotationX": -1.0,
													"rotationY": -2.0,
													"rotationZ": -15.0,
													"faces": {
														"north": { "texture": "#ibexnub-adult", "uv": [ 29.0, 48.0, 30.0, 49.5 ] },
														"east": { "texture": "#ibexnub-adult", "uv": [ 32.0, 48.0, 33.0, 49.5 ] },
														"south": { "texture": "#ibexnub-adult", "uv": [ 31.0, 48.0, 32.0, 49.5 ] },
														"west": { "texture": "#ibexnub-adult", "uv": [ 30.0, 48.0, 31.0, 49.5 ] },
														"up": { "texture": "#ibexnub-adult", "uv": [ 30.0, 47.0, 31.0, 48.0 ], "rotation": 90 }
													},
													"children": [
														{
															"name": "HornL06",
															"from": [ 0.0, 1.5, 0.0 ],
															"to": [ 1.0, 3.0, 1.0 ],
															"unwrapMode": 4,
															"uv": [ 29.0, 45.5 ],
															"rotationOrigin": [ 0.0, 1.5, 1.0 ],
															"rotationY": -2.0,
															"rotationZ": -16.0,
															"faces": {
																"north": { "texture": "#ibexnub-adult", "uv": [ 29.0, 46.5, 30.0, 48.0 ] },
																"east": { "texture": "#ibexnub-adult", "uv": [ 32.0, 46.5, 33.0, 48.0 ] },
																"south": { "texture": "#ibexnub-adult", "uv": [ 31.0, 46.5, 32.0, 48.0 ] },
																"west": { "texture": "#ibexnub-adult", "uv": [ 30.0, 46.5, 31.0, 48.0 ] },
																"up": { "texture": "#ibexnub-adult", "uv": [ 30.0, 45.5, 31.0, 46.5 ], "rotation": 90 }
															},
															"children": [
																{
																	"name": "HornL07",
																	"from": [ 0.05, 1.5, 0.05 ],
																	"to": [ 0.95, 3.0, 0.95 ],
																	"unwrapMode": 4,
																	"uv": [ 29.0, 44.5 ],
																	"rotationOrigin": [ 0.05, 1.5, 0.95 ],
																	"rotationY": -2.0,
																	"rotationZ": -17.0,
																	"faces": {
																		"north": { "texture": "#ibexnub-adult", "uv": [ 29.0, 45.0, 29.5, 46.5 ] },
																		"east": { "texture": "#ibexnub-adult", "uv": [ 30.5, 45.0, 31.0, 46.5 ] },
																		"south": { "texture": "#ibexnub-adult", "uv": [ 30.0, 45.0, 30.5, 46.5 ] },
																		"west": { "texture": "#ibexnub-adult", "uv": [ 29.5, 45.0, 30.0, 46.5 ] },
																		"up": { "texture": "#ibexnub-adult", "uv": [ 29.5, 44.5, 30.0, 45.0 ], "rotation": 90 }
																	},
																	"children": [
																		{
																			"name": "HornL08",
																			"from": [ 0.0, 1.5, 0.0 ],
																			"to": [ 0.9, 3.0, 0.9 ],
																			"unwrapMode": 4,
																			"uv": [ 29.0, 43.0 ],
																			"rotationOrigin": [ 0.0, 1.5, 0.9 ],
																			"rotationY": -2.0,
																			"rotationZ": -18.0,
																			"faces": {
																				"north": { "texture": "#ibexnub-adult", "uv": [ 29.0, 43.5, 29.5, 45.0 ] },
																				"east": { "texture": "#ibexnub-adult", "uv": [ 30.5, 43.5, 31.0, 45.0 ] },
																				"south": { "texture": "#ibexnub-adult", "uv": [ 30.0, 43.5, 30.5, 45.0 ] },
																				"west": { "texture": "#ibexnub-adult", "uv": [ 29.5, 43.5, 30.0, 45.0 ] },
																				"up": { "texture": "#ibexnub-adult", "uv": [ 29.5, 43.0, 30.0, 43.5 ], "rotation": 90 }
																			},
																			"children": [
																				{
																					"name": "HornL09",
																					"from": [ 0.05, 1.5, 0.05 ],
																					"to": [ 0.85, 3.0, 0.85 ],
																					"unwrapMode": 4,
																					"uv": [ 29.0, 41.5 ],
																					"rotationOrigin": [ 0.05, 1.5, 0.85 ],
																					"rotationY": -2.0,
																					"rotationZ": -19.0,
																					"faces": {
																						"north": { "texture": "#ibexnub-adult", "uv": [ 29.0, 42.0, 29.5, 43.5 ] },
																						"east": { "texture": "#ibexnub-adult", "uv": [ 30.5, 42.0, 31.0, 43.5 ] },
																						"south": { "texture": "#ibexnub-adult", "uv": [ 30.0, 42.0, 30.5, 43.5 ] },
																						"west": { "texture": "#ibexnub-adult", "uv": [ 29.5, 42.0, 30.0, 43.5 ] },
																						"up": { "texture": "#ibexnub-adult", "uv": [ 29.5, 41.5, 30.0, 42.0 ], "rotation": 90 }
																					},
																					"children": [
																						{
																							"name": "HornL10",
																							"from": [ 0.0, 1.5, 0.0 ],
																							"to": [ 0.8, 3.0, 0.8 ],
																							"unwrapMode": 4,
																							"uv": [ 29.0, 40.0 ],
																							"rotationOrigin": [ 0.0, 1.5, 0.8 ],
																							"rotationY": -2.0,
																							"rotationZ": -20.0,
																							"faces": {
																								"north": { "texture": "#ibexnub-adult", "uv": [ 29.0, 40.5, 29.5, 42.0 ] },
																								"east": { "texture": "#ibexnub-adult", "uv": [ 30.5, 40.5, 31.0, 42.0 ] },
																								"south": { "texture": "#ibexnub-adult", "uv": [ 30.0, 40.5, 30.5, 42.0 ] },
																								"west": { "texture": "#ibexnub-adult", "uv": [ 29.5, 40.5, 30.0, 42.0 ] },
																								"up": { "texture": "#ibexnub-adult", "uv": [ 29.5, 40.0, 30.0, 40.5 ], "rotation": 90 }
																							},
																							"children": [
																								{
																									"name": "HornL11",
																									"from": [ 0.05, 1.5, 0.05 ],
																									"to": [ 0.75, 3.0, 0.75 ],
																									"unwrapMode": 4,
																									"uv": [ 30.5, 38.5 ],
																									"rotationOrigin": [ 0.05, 1.5, 0.75 ],
																									"rotationY": -2.0,
																									"rotationZ": -21.0,
																									"faces": {
																										"north": { "texture": "#ibexnub-adult", "uv": [ 30.5, 39.0, 31.0, 40.5 ] },
																										"east": { "texture": "#ibexnub-adult", "uv": [ 32.0, 39.0, 32.5, 40.5 ] },
																										"south": { "texture": "#ibexnub-adult", "uv": [ 31.5, 39.0, 32.0, 40.5 ] },
																										"west": { "texture": "#ibexnub-adult", "uv": [ 31.0, 39.0, 31.5, 40.5 ] },
																										"up": { "texture": "#ibexnub-adult", "uv": [ 31.0, 38.5, 31.5, 39.0 ], "rotation": 90 }
																									},
																									"children": [
																										{
																											"name": "HornL12",
																											"from": [ 0.0, 1.5, 0.0 ],
																											"to": [ 0.7, 2.5, 0.7 ],
																											"unwrapMode": 4,
																											"uv": [ 30.5, 36.5 ],
																											"rotationOrigin": [ 0.0, 1.5, 0.7 ],
																											"rotationY": -2.0,
																											"rotationZ": -22.0,
																											"faces": {
																												"north": { "texture": "#ibexnub-adult", "uv": [ 30.5, 37.0, 31.0, 38.0 ] },
																												"east": { "texture": "#ibexnub-adult", "uv": [ 32.0, 37.0, 32.5, 38.0 ] },
																												"south": { "texture": "#ibexnub-adult", "uv": [ 31.5, 37.0, 32.0, 38.0 ] },
																												"west": { "texture": "#ibexnub-adult", "uv": [ 31.0, 37.0, 31.5, 38.0 ] },
																												"up": { "texture": "#ibexnub-adult", "uv": [ 31.0, 36.5, 31.5, 37.0 ], "rotation": 90 }
																											},
																											"children": [
																												{
																													"name": "HornL13",
																													"from": [ 0.0, 1.0, 0.0 ],
																													"to": [ 0.6, 2.0, 0.6 ],
																													"unwrapMode": 4,
																													"uv": [ 30.5, 35.5 ],
																													"rotationOrigin": [ 0.0, 1.0, 0.6 ],
																													"rotationY": -2.0,
																													"rotationZ": -23.0,
																													"faces": {
																														"north": { "texture": "#ibexnub-adult", "uv": [ 30.5, 36.0, 31.0, 37.0 ] },
																														"east": { "texture": "#ibexnub-adult", "uv": [ 32.0, 36.0, 32.5, 37.0 ] },
																														"south": { "texture": "#ibexnub-adult", "uv": [ 31.5, 36.0, 32.0, 37.0 ] },
																														"west": { "texture": "#ibexnub-adult", "uv": [ 31.0, 36.0, 31.5, 37.0 ] },
																														"up": { "texture": "#ibexnub-adult", "uv": [ 31.0, 35.5, 31.5, 36.0 ], "rotation": 90 }
																													},
																													"children": [
																														{
																															"name": "HornL14",
																															"from": [ 0.0, 1.0, 0.0 ],
																															"to": [ 0.6, 2.0, 0.6 ],
																															"unwrapMode": 4,
																															"uv": [ 30.5, 34.5 ],
																															"rotationOrigin": [ 0.0, 1.0, 0.6 ],
																															"rotationY": -2.0,
																															"rotationZ": -24.0,
																															"faces": {
																																"north": { "texture": "#ibexnub-adult", "uv": [ 30.5, 35.0, 31.0, 36.0 ] },
																																"east": { "texture": "#ibexnub-adult", "uv": [ 32.0, 35.0, 32.5, 36.0 ] },
																																"south": { "texture": "#ibexnub-adult", "uv": [ 31.5, 35.0, 32.0, 36.0 ] },
																																"west": { "texture": "#ibexnub-adult", "uv": [ 31.0, 35.0, 31.5, 36.0 ] },
																																"up": { "texture": "#ibexnub-adult", "uv": [ 31.0, 34.5, 31.5, 35.0 ], "rotation": 90 }
																															},
																															"children": [
																																{
																																	"name": "HornL15",
																																	"from": [ 0.0, 1.0, 0.0 ],
																																	"to": [ 0.5, 2.0, 0.5 ],
																																	"unwrapMode": 4,
																																	"uv": [ 30.5, 33.5 ],
																																	"rotationOrigin": [ 0.0, 1.0, 0.5 ],
																																	"rotationY": -2.0,
																																	"rotationZ": -25.0,
																																	"faces": {
																																		"north": { "texture": "#ibexnub-adult", "uv": [ 30.5, 34.0, 31.0, 35.0 ] },
																																		"east": { "texture": "#ibexnub-adult", "uv": [ 32.0, 34.0, 32.5, 35.0 ] },
																																		"south": { "texture": "#ibexnub-adult", "uv": [ 31.5, 34.0, 32.0, 35.0 ] },
																																		"west": { "texture": "#ibexnub-adult", "uv": [ 31.0, 34.0, 31.5, 35.0 ] },
																																		"up": { "texture": "#ibexnub-adult", "uv": [ 31.0, 33.5, 31.5, 34.0 ], "rotation": 90, "windMode": [-1,-1,-1,-1] }
																																	},
																																	"children": [
																																		{
																																			"name": "HornL16",
																																			"from": [ 0.0, 1.0, 0.0 ],
																																			"to": [ 0.5, 2.0, 0.5 ],
																																			"unwrapMode": 4,
																																			"uv": [ 30.5, 32.5 ],
																																			"rotationOrigin": [ 0.0, 1.0, 0.5 ],
																																			"rotationY": -2.0,
																																			"rotationZ": -26.0,
																																			"faces": {
																																				"north": { "texture": "#ibexnub-adult", "uv": [ 30.5, 33.0, 31.0, 34.0 ] },
																																				"east": { "texture": "#ibexnub-adult", "uv": [ 32.0, 33.0, 32.5, 34.0 ] },
																																				"south": { "texture": "#ibexnub-adult", "uv": [ 31.5, 33.0, 32.0, 34.0 ] },
																																				"west": { "texture": "#ibexnub-adult", "uv": [ 31.0, 33.0, 31.5, 34.0 ] },
																																				"up": { "texture": "#ibexnub-adult", "uv": [ 31.0, 32.5, 31.5, 33.0 ], "rotation": 90 }
																																			},
																																			"children": [
																																				{
																																					"name": "HornL17",
																																					"from": [ 0.0, 1.0, 0.05 ],
																																					"to": [ 0.4, 2.0, 0.45 ],
																																					"unwrapMode": 4,
																																					"uv": [ 30.5, 31.5 ],
																																					"rotationOrigin": [ 0.0, 1.0, 0.45 ],
																																					"rotationY": -2.0,
																																					"rotationZ": -27.0,
																																					"faces": {
																																						"north": { "texture": "#ibexnub-adult", "uv": [ 30.5, 32.0, 31.0, 33.0 ] },
																																						"east": { "texture": "#ibexnub-adult", "uv": [ 32.0, 32.0, 32.5, 33.0 ] },
																																						"south": { "texture": "#ibexnub-adult", "uv": [ 31.5, 32.0, 32.0, 33.0 ] },
																																						"west": { "texture": "#ibexnub-adult", "uv": [ 31.0, 32.0, 31.5, 33.0 ] },
																																						"up": { "texture": "#ibexnub-adult", "uv": [ 31.0, 31.5, 31.5, 32.0 ], "rotation": 90 }
																																					},
																																					"children": [
																																						{
																																							"name": "HornL18",
																																							"from": [ 0.0, 1.0, 0.05 ],
																																							"to": [ 0.3, 2.0, 0.35 ],
																																							"unwrapMode": 4,
																																							"uv": [ 30.5, 30.5 ],
																																							"rotationOrigin": [ 0.0, 1.0, 0.35 ],
																																							"rotationY": -2.0,
																																							"rotationZ": -28.0,
																																							"faces": {
																																								"north": { "texture": "#ibexnub-adult", "uv": [ 30.5, 31.0, 31.0, 32.0 ] },
																																								"east": { "texture": "#ibexnub-adult", "uv": [ 32.0, 31.0, 32.5, 32.0 ] },
																																								"south": { "texture": "#ibexnub-adult", "uv": [ 31.5, 31.0, 32.0, 32.0 ] },
																																								"west": { "texture": "#ibexnub-adult", "uv": [ 31.0, 31.0, 31.5, 32.0 ] },
																																								"up": { "texture": "#ibexnub-adult", "uv": [ 31.0, 30.5, 31.5, 31.0 ], "rotation": 90 }
																																							}
																																						}
																																					]
																																				}
																																			]
																																		}
																																	]
																																}
																															]
																														}
																													]
																												}
																											]
																										},
																										{
																											"name": "Lridge11A",
																											"from": [ -0.05, 0.0, -0.05 ],
																											"to": [ 0.45, 0.4, 0.8 ],
																											"unwrapMode": 4,
																											"uv": [ 20.5, 43.5 ],
																											"rotationOrigin": [ -0.05, 0.0, -0.05 ],
																											"faces": {
																												"north": { "texture": "#ibexnub-adult", "uv": [ 20.5, 44.0, 21.0, 44.5 ] },
																												"east": { "texture": "#ibexnub-adult", "uv": [ 22.0, 44.0, 22.5, 44.5 ] },
																												"south": { "texture": "#ibexnub-adult", "uv": [ 21.5, 44.0, 22.0, 44.5 ] },
																												"west": { "texture": "#ibexnub-adult", "uv": [ 21.0, 44.0, 21.5, 44.5 ] },
																												"up": { "texture": "#ibexnub-adult", "uv": [ 21.0, 43.5, 21.5, 44.0 ], "rotation": 90 },
																												"down": { "texture": "#ibexnub-adult", "uv": [ 21.0, 44.5, 21.5, 45.0 ], "rotation": 90 }
																											}
																										},
																										{
																											"name": "Lridge11B",
																											"from": [ -0.05, 1.0, -0.05 ],
																											"to": [ 0.45, 1.4, 0.8 ],
																											"unwrapMode": 4,
																											"uv": [ 20.5, 43.5 ],
																											"rotationOrigin": [ -0.05, 1.0, -0.05 ],
																											"faces": {
																												"north": { "texture": "#ibexnub-adult", "uv": [ 20.5, 44.0, 21.0, 44.5 ] },
																												"east": { "texture": "#ibexnub-adult", "uv": [ 22.0, 44.0, 22.5, 44.5 ] },
																												"south": { "texture": "#ibexnub-adult", "uv": [ 21.5, 44.0, 22.0, 44.5 ] },
																												"west": { "texture": "#ibexnub-adult", "uv": [ 21.0, 44.0, 21.5, 44.5 ] },
																												"up": { "texture": "#ibexnub-adult", "uv": [ 21.0, 43.5, 21.5, 44.0 ], "rotation": 90 },
																												"down": { "texture": "#ibexnub-adult", "uv": [ 21.0, 44.5, 21.5, 45.0 ], "rotation": 90 }
																											}
																										}
																									]
																								},
																								{
																									"name": "Lridge10",
																									"from": [ -0.05, 0.5, -0.05 ],
																									"to": [ 0.55, 1.0, 0.85 ],
																									"unwrapMode": 4,
																									"uv": [ 21.5, 45.5 ],
																									"rotationOrigin": [ -0.05, 0.5, -0.05 ],
																									"faces": {
																										"north": { "texture": "#ibexnub-adult", "uv": [ 21.5, 46.0, 22.0, 46.5 ] },
																										"east": { "texture": "#ibexnub-adult", "uv": [ 23.0, 46.0, 23.5, 46.5 ] },
																										"south": { "texture": "#ibexnub-adult", "uv": [ 22.5, 46.0, 23.0, 46.5 ] },
																										"west": { "texture": "#ibexnub-adult", "uv": [ 22.0, 46.0, 22.5, 46.5 ] },
																										"up": { "texture": "#ibexnub-adult", "uv": [ 22.0, 45.5, 22.5, 46.0 ], "rotation": 90 },
																										"down": { "texture": "#ibexnub-adult", "uv": [ 22.0, 46.5, 22.5, 47.0 ], "rotation": 90 }
																									}
																								}
																							]
																						},
																						{
																							"name": "Lridge09A",
																							"from": [ -0.1, 0.0, -0.05 ],
																							"to": [ 0.5, 0.5, 0.85 ],
																							"unwrapMode": 4,
																							"uv": [ 21.5, 44.5 ],
																							"rotationOrigin": [ -0.1, 0.0, -0.05 ],
																							"faces": {
																								"north": { "texture": "#ibexnub-adult", "uv": [ 21.5, 45.0, 22.0, 45.5 ] },
																								"east": { "texture": "#ibexnub-adult", "uv": [ 23.0, 45.0, 23.5, 45.5 ] },
																								"south": { "texture": "#ibexnub-adult", "uv": [ 22.5, 45.0, 23.0, 45.5 ] },
																								"west": { "texture": "#ibexnub-adult", "uv": [ 22.0, 45.0, 22.5, 45.5 ] },
																								"up": { "texture": "#ibexnub-adult", "uv": [ 22.0, 44.5, 22.5, 45.0 ], "rotation": 90 },
																								"down": { "texture": "#ibexnub-adult", "uv": [ 22.0, 45.5, 22.5, 46.0 ], "rotation": 90 }
																							}
																						},
																						{
																							"name": "Lridge09B",
																							"from": [ -0.1, 1.1, -0.05 ],
																							"to": [ 0.5, 1.5, 0.85 ],
																							"unwrapMode": 4,
																							"uv": [ 21.5, 45.0 ],
																							"rotationOrigin": [ -0.1, 1.1, -0.05 ],
																							"rotationZ": -5.0,
																							"faces": {
																								"north": { "texture": "#ibexnub-adult", "uv": [ 21.5, 45.5, 22.0, 46.0 ] },
																								"east": { "texture": "#ibexnub-adult", "uv": [ 23.0, 45.5, 23.5, 46.0 ] },
																								"south": { "texture": "#ibexnub-adult", "uv": [ 22.5, 45.5, 23.0, 46.0 ] },
																								"west": { "texture": "#ibexnub-adult", "uv": [ 22.0, 45.5, 22.5, 46.0 ] },
																								"up": { "texture": "#ibexnub-adult", "uv": [ 22.0, 45.0, 22.5, 45.5 ], "rotation": 90 },
																								"down": { "texture": "#ibexnub-adult", "uv": [ 22.0, 46.0, 22.5, 46.5 ], "rotation": 90 }
																							}
																						}
																					]
																				},
																				{
																					"name": "Lridge08",
																					"from": [ -0.1, 0.5, -0.1 ],
																					"to": [ 0.5, 1.0, 1.0 ],
																					"unwrapMode": 4,
																					"uv": [ 20.5, 42.5 ],
																					"rotationOrigin": [ -0.1, 0.5, -0.1 ],
																					"faces": {
																						"north": { "texture": "#ibexnub-adult", "uv": [ 20.5, 43.0, 21.0, 43.5 ] },
																						"east": { "texture": "#ibexnub-adult", "uv": [ 22.5, 43.0, 23.5, 43.5 ] },
																						"south": { "texture": "#ibexnub-adult", "uv": [ 22.0, 43.0, 22.5, 43.5 ] },
																						"west": { "texture": "#ibexnub-adult", "uv": [ 21.0, 43.0, 22.0, 43.5 ] },
																						"up": { "texture": "#ibexnub-adult", "uv": [ 21.0, 42.5, 22.0, 43.0 ], "rotation": 90 },
																						"down": { "texture": "#ibexnub-adult", "uv": [ 21.0, 43.5, 22.0, 44.0 ], "rotation": 90 }
																					}
																				}
																			]
																		},
																		{
																			"name": "Lridge07A",
																			"from": [ -0.1, 0.0, -0.1 ],
																			"to": [ 0.5, 0.5, 1.0 ],
																			"unwrapMode": 4,
																			"uv": [ 17.5, 41.5 ],
																			"rotationOrigin": [ -0.1, 0.0, -0.1 ],
																			"faces": {
																				"north": { "texture": "#ibexnub-adult", "uv": [ 17.5, 42.0, 18.0, 42.5 ] },
																				"east": { "texture": "#ibexnub-adult", "uv": [ 19.5, 42.0, 20.5, 42.5 ] },
																				"south": { "texture": "#ibexnub-adult", "uv": [ 19.0, 42.0, 19.5, 42.5 ] },
																				"west": { "texture": "#ibexnub-adult", "uv": [ 18.0, 42.0, 19.0, 42.5 ] },
																				"up": { "texture": "#ibexnub-adult", "uv": [ 18.0, 41.5, 19.0, 42.0 ], "rotation": 90 },
																				"down": { "texture": "#ibexnub-adult", "uv": [ 18.0, 42.5, 19.0, 43.0 ], "rotation": 90 }
																			}
																		},
																		{
																			"name": "Lridge07B",
																			"from": [ -0.1, 1.0, -0.1 ],
																			"to": [ 0.5, 1.5, 1.0 ],
																			"unwrapMode": 4,
																			"uv": [ 20.5, 41.5 ],
																			"rotationOrigin": [ -0.1, 1.0, -0.1 ],
																			"faces": {
																				"north": { "texture": "#ibexnub-adult", "uv": [ 20.5, 42.0, 21.0, 42.5 ] },
																				"east": { "texture": "#ibexnub-adult", "uv": [ 22.5, 42.0, 23.5, 42.5 ] },
																				"south": { "texture": "#ibexnub-adult", "uv": [ 22.0, 42.0, 22.5, 42.5 ] },
																				"west": { "texture": "#ibexnub-adult", "uv": [ 21.0, 42.0, 22.0, 42.5 ] },
																				"up": { "texture": "#ibexnub-adult", "uv": [ 21.0, 41.5, 22.0, 42.0 ], "rotation": 90 },
																				"down": { "texture": "#ibexnub-adult", "uv": [ 21.0, 42.5, 22.0, 43.0 ], "rotation": 90 }
																			}
																		}
																	]
																},
																{
																	"name": "Lridge06",
																	"from": [ -0.1, 0.5, -0.1 ],
																	"to": [ 0.6, 1.0, 1.1 ],
																	"unwrapMode": 4,
																	"uv": [ 17.5, 42.0 ],
																	"rotationOrigin": [ -0.1, 0.5, -0.1 ],
																	"faces": {
																		"north": { "texture": "#ibexnub-adult", "uv": [ 17.5, 42.5, 18.0, 43.0 ] },
																		"east": { "texture": "#ibexnub-adult", "uv": [ 19.5, 42.5, 20.5, 43.0 ] },
																		"south": { "texture": "#ibexnub-adult", "uv": [ 19.0, 42.5, 19.5, 43.0 ] },
																		"west": { "texture": "#ibexnub-adult", "uv": [ 18.0, 42.5, 19.0, 43.0 ] },
																		"up": { "texture": "#ibexnub-adult", "uv": [ 18.0, 42.0, 19.0, 42.5 ], "rotation": 90 },
																		"down": { "texture": "#ibexnub-adult", "uv": [ 18.0, 43.0, 19.0, 43.5 ], "rotation": 90 }
																	}
																}
															]
														},
														{
															"name": "Lridge05A",
															"from": [ -0.1, 0.0, -0.1 ],
															"to": [ 0.6, 0.5, 1.1 ],
															"unwrapMode": 4,
															"uv": [ 17.5, 43.0 ],
															"rotationOrigin": [ -0.1, 0.0, -0.1 ],
															"faces": {
																"north": { "texture": "#ibexnub-adult", "uv": [ 17.5, 43.5, 18.0, 44.0 ] },
																"east": { "texture": "#ibexnub-adult", "uv": [ 19.5, 43.5, 20.5, 44.0 ], "windMode": [-1,-1,-1,-1], "windData": [1,1,1,1] },
																"south": { "texture": "#ibexnub-adult", "uv": [ 19.0, 43.5, 19.5, 44.0 ] },
																"west": { "texture": "#ibexnub-adult", "uv": [ 18.0, 43.5, 19.0, 44.0 ] },
																"up": { "texture": "#ibexnub-adult", "uv": [ 18.0, 43.0, 19.0, 43.5 ], "rotation": 90 },
																"down": { "texture": "#ibexnub-adult", "uv": [ 18.0, 44.0, 19.0, 44.5 ], "rotation": 90, "windMode": [-1,-1,-1,-1], "windData": [1,1,1,1] }
															}
														},
														{
															"name": "Lridge05B",
															"from": [ -0.1, 1.0, -0.1 ],
															"to": [ 0.6, 1.5, 1.1 ],
															"unwrapMode": 4,
															"uv": [ 17.5, 42.5 ],
															"rotationOrigin": [ -0.1, 1.0, -0.1 ],
															"faces": {
																"north": { "texture": "#ibexnub-adult", "uv": [ 17.5, 43.0, 18.0, 43.5 ] },
																"south": { "texture": "#ibexnub-adult", "uv": [ 19.0, 43.0, 19.5, 43.5 ] },
																"west": { "texture": "#ibexnub-adult", "uv": [ 18.0, 43.0, 19.0, 43.5 ] },
																"up": { "texture": "#ibexnub-adult", "uv": [ 18.0, 42.5, 19.0, 43.0 ], "rotation": 90 },
																"down": { "texture": "#ibexnub-adult", "uv": [ 18.0, 43.5, 19.0, 44.0 ], "rotation": 90, "windMode": [-1,-1,-1,-1], "windData": [1,1,1,1] }
															}
														}
													]
												},
												{
													"name": "Lridge04",
													"from": [ -0.1, 0.5, -0.1 ],
													"to": [ 0.6, 1.0, 1.1 ],
													"unwrapMode": 4,
													"uv": [ 17.5, 43.5 ],
													"rotationOrigin": [ -0.1, 0.5, -0.1 ],
													"faces": {
														"north": { "texture": "#ibexnub-adult", "uv": [ 17.5, 44.0, 18.0, 44.5 ] },
														"east": { "texture": "#ibexnub-adult", "uv": [ 19.5, 44.0, 20.5, 44.5 ], "windMode": [-1,-1,-1,-1], "windData": [1,1,1,1] },
														"south": { "texture": "#ibexnub-adult", "uv": [ 19.0, 44.0, 19.5, 44.5 ] },
														"west": { "texture": "#ibexnub-adult", "uv": [ 18.0, 44.0, 19.0, 44.5 ] },
														"up": { "texture": "#ibexnub-adult", "uv": [ 18.0, 43.5, 19.0, 44.0 ], "rotation": 90 },
														"down": { "texture": "#ibexnub-adult", "uv": [ 18.0, 44.5, 19.0, 45.0 ], "rotation": 90, "windMode": [-1,-1,-1,-1], "windData": [1,1,1,1] }
													}
												}
											]
										},
										{
											"name": "Lridge03A",
											"from": [ -0.1, 0.0, -0.1 ],
											"to": [ 0.6, 0.5, 1.1 ],
											"unwrapMode": 4,
											"uv": [ 17.5, 44.5 ],
											"rotationOrigin": [ -0.1, 0.0, -0.1 ],
											"faces": {
												"north": { "texture": "#ibexnub-adult", "uv": [ 17.5, 45.0, 18.0, 45.5 ] },
												"east": { "texture": "#ibexnub-adult", "uv": [ 19.5, 45.0, 20.5, 45.5 ], "windMode": [-1,-1,-1,-1], "windData": [1,1,1,1] },
												"south": { "texture": "#ibexnub-adult", "uv": [ 19.0, 45.0, 19.5, 45.5 ] },
												"west": { "texture": "#ibexnub-adult", "uv": [ 18.0, 45.0, 19.0, 45.5 ] },
												"up": { "texture": "#ibexnub-adult", "uv": [ 18.0, 44.5, 19.0, 45.0 ], "rotation": 90 },
												"down": { "texture": "#ibexnub-adult", "uv": [ 18.0, 45.5, 19.0, 46.0 ], "rotation": 90, "windMode": [-1,-1,-1,-1], "windData": [1,1,1,1] }
											}
										},
										{
											"name": "Lridge03B",
											"from": [ -0.1, 1.0, -0.1 ],
											"to": [ 0.6, 1.5, 1.1 ],
											"unwrapMode": 4,
											"uv": [ 17.5, 44.0 ],
											"rotationOrigin": [ -0.1, 1.0, -0.1 ],
											"faces": {
												"north": { "texture": "#ibexnub-adult", "uv": [ 17.5, 44.5, 18.0, 45.0 ] },
												"east": { "texture": "#ibexnub-adult", "uv": [ 19.5, 44.5, 20.5, 45.0 ], "windMode": [-1,-1,-1,-1], "windData": [1,1,1,1] },
												"south": { "texture": "#ibexnub-adult", "uv": [ 19.0, 44.5, 19.5, 45.0 ] },
												"west": { "texture": "#ibexnub-adult", "uv": [ 18.0, 44.5, 19.0, 45.0 ] },
												"up": { "texture": "#ibexnub-adult", "uv": [ 18.0, 44.0, 19.0, 44.5 ], "rotation": 90 },
												"down": { "texture": "#ibexnub-adult", "uv": [ 18.0, 45.0, 19.0, 45.5 ], "rotation": 90, "windMode": [-1,-1,-1,-1], "windData": [1,1,1,1] }
											}
										}
									]
								},
								{
									"name": "Lridge02",
									"from": [ -0.1, 0.5, -0.1 ],
									"to": [ 0.6, 1.0, 1.1 ],
									"unwrapMode": 4,
									"uv": [ 17.5, 45.0 ],
									"rotationOrigin": [ -0.1, 0.5, -0.1 ],
									"faces": {
										"north": { "texture": "#ibexnub-adult", "uv": [ 17.5, 45.5, 18.0, 46.0 ] },
										"east": { "texture": "#ibexnub-adult", "uv": [ 19.5, 45.5, 20.5, 46.0 ], "windMode": [-1,-1,-1,-1], "windData": [1,1,1,1] },
										"south": { "texture": "#ibexnub-adult", "uv": [ 19.0, 45.5, 19.5, 46.0 ] },
										"west": { "texture": "#ibexnub-adult", "uv": [ 18.0, 45.5, 19.0, 46.0 ] },
										"up": { "texture": "#ibexnub-adult", "uv": [ 18.0, 45.0, 19.0, 45.5 ], "rotation": 90 },
										"down": { "texture": "#ibexnub-adult", "uv": [ 18.0, 46.0, 19.0, 46.5 ], "rotation": 90, "windMode": [-1,-1,-1,-1], "windData": [1,1,1,1] }
									}
								}
							]
						},
						{
							"name": "Lridge01",
							"from": [ -0.1, 1.0, -0.1 ],
							"to": [ 0.6, 1.5, 1.1 ],
							"unwrapMode": 4,
							"uv": [ 17.5, 45.5 ],
							"rotationOrigin": [ -0.1, 1.0, -0.1 ],
							"faces": {
								"north": { "texture": "#ibexnub-adult", "uv": [ 17.5, 46.0, 18.0, 46.5 ], "windMode": [-1,-1,-1,-1] },
								"east": { "texture": "#ibexnub-adult", "uv": [ 19.5, 46.0, 20.5, 46.5 ], "windMode": [-1,-1,-1,-1], "windData": [1,1,1,1] },
								"south": { "texture": "#ibexnub-adult", "uv": [ 19.0, 46.0, 19.5, 46.5 ], "windMode": [-1,-1,-1,-1] },
								"west": { "texture": "#ibexnub-adult", "uv": [ 18.0, 46.0, 19.0, 46.5 ] },
								"up": { "texture": "#ibexnub-adult", "uv": [ 18.0, 45.5, 19.0, 46.0 ], "rotation": 90, "windMode": [-1,-1,-1,-1] },
								"down": { "texture": "#ibexnub-adult", "uv": [ 18.0, 46.5, 19.0, 47.0 ], "rotation": 90, "windMode": [-1,-1,-1,-1], "windData": [1,1,1,1] }
							}
						}
					]
				},
				{
					"name": "HornR01",
					"from": [ -0.2, 1.5, -0.75 ],
					"to": [ 0.8, 3.0, 0.25 ],
					"unwrapMode": 4,
					"uv": [ 30.5, 53.0 ],
					"rotationOrigin": [ -0.2, 1.5, 0.25 ],
					"rotationX": -15.0,
					"rotationY": 13.0,
					"rotationZ": 5.0,
					"faces": {
						"north": { "texture": "#ibexnub-adult", "uv": [ 30.5, 54.0, 31.5, 55.5 ] },
						"east": { "texture": "#ibexnub-adult", "uv": [ 33.5, 54.0, 34.5, 55.5 ] },
						"south": { "texture": "#ibexnub-adult", "uv": [ 32.5, 54.0, 33.5, 55.5 ] },
						"west": { "texture": "#ibexnub-adult", "uv": [ 31.5, 54.0, 32.5, 55.5 ] },
						"up": { "texture": "#ibexnub-adult", "uv": [ 31.5, 53.0, 32.5, 54.0 ], "rotation": 90 }
					},
					"children": [
						{
							"name": "HornR02",
							"from": [ 0.0, 1.5, 0.0 ],
							"to": [ 1.0, 3.0, 1.0 ],
							"unwrapMode": 4,
							"uv": [ 30.5, 51.5 ],
							"rotationOrigin": [ 0.0, 1.5, 0.0 ],
							"rotationX": 1.0,
							"rotationY": 2.0,
							"rotationZ": -12.0,
							"faces": {
								"north": { "texture": "#ibexnub-adult", "uv": [ 30.5, 52.5, 31.5, 54.0 ] },
								"east": { "texture": "#ibexnub-adult", "uv": [ 33.5, 52.5, 34.5, 54.0 ] },
								"south": { "texture": "#ibexnub-adult", "uv": [ 32.5, 52.5, 33.5, 54.0 ] },
								"west": { "texture": "#ibexnub-adult", "uv": [ 31.5, 52.5, 32.5, 54.0 ] },
								"up": { "texture": "#ibexnub-adult", "uv": [ 31.5, 51.5, 32.5, 52.5 ], "rotation": 90 }
							},
							"children": [
								{
									"name": "HornR03",
									"from": [ 0.0, 1.5, 0.0 ],
									"to": [ 1.0, 3.0, 1.0 ],
									"unwrapMode": 4,
									"uv": [ 30.5, 50.0 ],
									"rotationOrigin": [ 0.0, 1.5, 0.0 ],
									"rotationX": 1.0,
									"rotationY": 2.0,
									"rotationZ": -13.0,
									"faces": {
										"north": { "texture": "#ibexnub-adult", "uv": [ 30.5, 51.0, 31.5, 52.5 ] },
										"east": { "texture": "#ibexnub-adult", "uv": [ 33.5, 51.0, 34.5, 52.5 ] },
										"south": { "texture": "#ibexnub-adult", "uv": [ 32.5, 51.0, 33.5, 52.5 ] },
										"west": { "texture": "#ibexnub-adult", "uv": [ 31.5, 51.0, 32.5, 52.5 ] },
										"up": { "texture": "#ibexnub-adult", "uv": [ 31.5, 50.0, 32.5, 51.0 ], "rotation": 90 }
									},
									"children": [
										{
											"name": "HornR04",
											"from": [ 0.0, 1.5, 0.0 ],
											"to": [ 1.0, 3.0, 1.0 ],
											"unwrapMode": 4,
											"uv": [ 30.5, 48.5 ],
											"rotationOrigin": [ 0.0, 1.5, 0.0 ],
											"rotationX": 1.0,
											"rotationY": 2.0,
											"rotationZ": -14.0,
											"faces": {
												"north": { "texture": "#ibexnub-adult", "uv": [ 30.5, 49.5, 31.5, 51.0 ] },
												"east": { "texture": "#ibexnub-adult", "uv": [ 33.5, 49.5, 34.5, 51.0 ] },
												"south": { "texture": "#ibexnub-adult", "uv": [ 32.5, 49.5, 33.5, 51.0 ] },
												"west": { "texture": "#ibexnub-adult", "uv": [ 31.5, 49.5, 32.5, 51.0 ] },
												"up": { "texture": "#ibexnub-adult", "uv": [ 31.5, 48.5, 32.5, 49.5 ], "rotation": 90 }
											},
											"children": [
												{
													"name": "HornR05",
													"from": [ 0.0, 1.5, 0.0 ],
													"to": [ 1.0, 3.0, 1.0 ],
													"unwrapMode": 4,
													"uv": [ 30.5, 47.0 ],
													"rotationOrigin": [ 0.0, 1.5, 0.0 ],
													"rotationX": 1.0,
													"rotationY": 2.0,
													"rotationZ": -15.0,
													"faces": {
														"north": { "texture": "#ibexnub-adult", "uv": [ 30.5, 48.0, 31.5, 49.5 ] },
														"east": { "texture": "#ibexnub-adult", "uv": [ 33.5, 48.0, 34.5, 49.5 ] },
														"south": { "texture": "#ibexnub-adult", "uv": [ 32.5, 48.0, 33.5, 49.5 ] },
														"west": { "texture": "#ibexnub-adult", "uv": [ 31.5, 48.0, 32.5, 49.5 ] },
														"up": { "texture": "#ibexnub-adult", "uv": [ 31.5, 47.0, 32.5, 48.0 ], "rotation": 90 }
													},
													"children": [
														{
															"name": "HornR06",
															"from": [ 0.0, 1.5, 0.0 ],
															"to": [ 1.0, 3.0, 1.0 ],
															"unwrapMode": 4,
															"uv": [ 30.5, 45.5 ],
															"rotationOrigin": [ 0.0, 1.5, 0.0 ],
															"rotationX": 1.0,
															"rotationY": 2.0,
															"rotationZ": -16.0,
															"faces": {
																"north": { "texture": "#ibexnub-adult", "uv": [ 30.5, 46.5, 31.5, 48.0 ] },
																"east": { "texture": "#ibexnub-adult", "uv": [ 33.5, 46.5, 34.5, 48.0 ] },
																"south": { "texture": "#ibexnub-adult", "uv": [ 32.5, 46.5, 33.5, 48.0 ] },
																"west": { "texture": "#ibexnub-adult", "uv": [ 31.5, 46.5, 32.5, 48.0 ] },
																"up": { "texture": "#ibexnub-adult", "uv": [ 31.5, 45.5, 32.5, 46.5 ], "rotation": 90 }
															},
															"children": [
																{
																	"name": "HornR07",
																	"from": [ 0.0, 1.5, 0.0 ],
																	"to": [ 0.9, 3.0, 0.9 ],
																	"unwrapMode": 4,
																	"uv": [ 32.5, 44.5 ],
																	"rotationOrigin": [ 0.0, 1.5, 0.0 ],
																	"rotationX": 1.0,
																	"rotationY": 2.0,
																	"rotationZ": -17.0,
																	"faces": {
																		"north": { "texture": "#ibexnub-adult", "uv": [ 32.5, 45.0, 33.0, 46.5 ] },
																		"east": { "texture": "#ibexnub-adult", "uv": [ 34.0, 45.0, 34.5, 46.5 ] },
																		"south": { "texture": "#ibexnub-adult", "uv": [ 33.5, 45.0, 34.0, 46.5 ] },
																		"west": { "texture": "#ibexnub-adult", "uv": [ 33.0, 45.0, 33.5, 46.5 ] },
																		"up": { "texture": "#ibexnub-adult", "uv": [ 33.0, 44.5, 33.5, 45.0 ], "rotation": 90 }
																	},
																	"children": [
																		{
																			"name": "HornR08",
																			"from": [ 0.0, 1.5, 0.0 ],
																			"to": [ 0.9, 3.0, 0.9 ],
																			"unwrapMode": 4,
																			"uv": [ 32.5, 43.0 ],
																			"rotationOrigin": [ 0.0, 1.5, 0.0 ],
																			"rotationX": 1.0,
																			"rotationY": 2.0,
																			"rotationZ": -18.0,
																			"faces": {
																				"north": { "texture": "#ibexnub-adult", "uv": [ 32.5, 43.5, 33.0, 45.0 ] },
																				"east": { "texture": "#ibexnub-adult", "uv": [ 34.0, 43.5, 34.5, 45.0 ] },
																				"south": { "texture": "#ibexnub-adult", "uv": [ 33.5, 43.5, 34.0, 45.0 ] },
																				"west": { "texture": "#ibexnub-adult", "uv": [ 33.0, 43.5, 33.5, 45.0 ] },
																				"up": { "texture": "#ibexnub-adult", "uv": [ 33.0, 43.0, 33.5, 43.5 ], "rotation": 90 }
																			},
																			"children": [
																				{
																					"name": "HornR09",
																					"from": [ 0.0, 1.5, 0.0 ],
																					"to": [ 0.8, 3.0, 0.8 ],
																					"unwrapMode": 4,
																					"uv": [ 32.5, 41.5 ],
																					"rotationOrigin": [ 0.0, 1.5, 0.0 ],
																					"rotationX": 1.0,
																					"rotationY": 2.0,
																					"rotationZ": -19.0,
																					"faces": {
																						"north": { "texture": "#ibexnub-adult", "uv": [ 32.5, 42.0, 33.0, 43.5 ] },
																						"east": { "texture": "#ibexnub-adult", "uv": [ 34.0, 42.0, 34.5, 43.5 ] },
																						"south": { "texture": "#ibexnub-adult", "uv": [ 33.5, 42.0, 34.0, 43.5 ] },
																						"west": { "texture": "#ibexnub-adult", "uv": [ 33.0, 42.0, 33.5, 43.5 ] },
																						"up": { "texture": "#ibexnub-adult", "uv": [ 33.0, 41.5, 33.5, 42.0 ], "rotation": 90 }
																					},
																					"children": [
																						{
																							"name": "HornR10",
																							"from": [ 0.0, 1.5, 0.0 ],
																							"to": [ 0.8, 3.0, 0.8 ],
																							"unwrapMode": 4,
																							"uv": [ 32.5, 40.0 ],
																							"rotationOrigin": [ 0.0, 1.5, 0.0 ],
																							"rotationX": 1.0,
																							"rotationY": 2.0,
																							"rotationZ": -20.0,
																							"faces": {
																								"north": { "texture": "#ibexnub-adult", "uv": [ 32.5, 40.5, 33.0, 42.0 ] },
																								"east": { "texture": "#ibexnub-adult", "uv": [ 34.0, 40.5, 34.5, 42.0 ] },
																								"south": { "texture": "#ibexnub-adult", "uv": [ 33.5, 40.5, 34.0, 42.0 ] },
																								"west": { "texture": "#ibexnub-adult", "uv": [ 33.0, 40.5, 33.5, 42.0 ] },
																								"up": { "texture": "#ibexnub-adult", "uv": [ 33.0, 40.0, 33.5, 40.5 ], "rotation": 90 }
																							},
																							"children": [
																								{
																									"name": "HornR11",
																									"from": [ 0.0, 1.5, 0.1 ],
																									"to": [ 0.7, 3.0, 0.8 ],
																									"unwrapMode": 4,
																									"uv": [ 32.5, 38.5 ],
																									"rotationOrigin": [ 0.0, 1.5, 0.1 ],
																									"rotationX": 1.0,
																									"rotationY": 2.0,
																									"rotationZ": -21.0,
																									"faces": {
																										"north": { "texture": "#ibexnub-adult", "uv": [ 32.5, 39.0, 33.0, 40.5 ] },
																										"east": { "texture": "#ibexnub-adult", "uv": [ 34.0, 39.0, 34.5, 40.5 ] },
																										"south": { "texture": "#ibexnub-adult", "uv": [ 33.5, 39.0, 34.0, 40.5 ] },
																										"west": { "texture": "#ibexnub-adult", "uv": [ 33.0, 39.0, 33.5, 40.5 ] },
																										"up": { "texture": "#ibexnub-adult", "uv": [ 33.0, 38.5, 33.5, 39.0 ], "rotation": 90 }
																									},
																									"children": [
																										{
																											"name": "HornR12",
																											"from": [ 0.0, 1.5, 0.1 ],
																											"to": [ 0.7, 2.5, 0.8 ],
																											"unwrapMode": 4,
																											"uv": [ 32.5, 36.5 ],
																											"rotationOrigin": [ 0.0, 1.5, 0.1 ],
																											"rotationX": 1.0,
																											"rotationY": 2.0,
																											"rotationZ": -22.0,
																											"faces": {
																												"north": { "texture": "#ibexnub-adult", "uv": [ 32.5, 37.0, 33.0, 38.0 ] },
																												"east": { "texture": "#ibexnub-adult", "uv": [ 34.0, 37.0, 34.5, 38.0 ] },
																												"south": { "texture": "#ibexnub-adult", "uv": [ 33.5, 37.0, 34.0, 38.0 ] },
																												"west": { "texture": "#ibexnub-adult", "uv": [ 33.0, 37.0, 33.5, 38.0 ] },
																												"up": { "texture": "#ibexnub-adult", "uv": [ 33.0, 36.5, 33.5, 37.0 ], "rotation": 90 }
																											},
																											"children": [
																												{
																													"name": "HornR13",
																													"from": [ 0.0, 1.0, 0.0 ],
																													"to": [ 0.6, 2.0, 0.6 ],
																													"unwrapMode": 4,
																													"uv": [ 32.5, 35.5 ],
																													"rotationOrigin": [ 0.0, 1.0, 0.0 ],
																													"rotationX": 1.0,
																													"rotationY": 2.0,
																													"rotationZ": -23.0,
																													"faces": {
																														"north": { "texture": "#ibexnub-adult", "uv": [ 32.5, 36.0, 33.0, 37.0 ] },
																														"east": { "texture": "#ibexnub-adult", "uv": [ 34.0, 36.0, 34.5, 37.0 ] },
																														"south": { "texture": "#ibexnub-adult", "uv": [ 33.5, 36.0, 34.0, 37.0 ] },
																														"west": { "texture": "#ibexnub-adult", "uv": [ 33.0, 36.0, 33.5, 37.0 ] },
																														"up": { "texture": "#ibexnub-adult", "uv": [ 33.0, 35.5, 33.5, 36.0 ], "rotation": 90 }
																													},
																													"children": [
																														{
																															"name": "HornR14",
																															"from": [ 0.0, 1.0, 0.0 ],
																															"to": [ 0.6, 2.0, 0.6 ],
																															"unwrapMode": 4,
																															"uv": [ 32.5, 34.5 ],
																															"rotationOrigin": [ 0.0, 1.0, 0.0 ],
																															"rotationX": 1.0,
																															"rotationY": 2.0,
																															"rotationZ": -24.0,
																															"faces": {
																																"north": { "texture": "#ibexnub-adult", "uv": [ 32.5, 35.0, 33.0, 36.0 ] },
																																"east": { "texture": "#ibexnub-adult", "uv": [ 34.0, 35.0, 34.5, 36.0 ] },
																																"south": { "texture": "#ibexnub-adult", "uv": [ 33.5, 35.0, 34.0, 36.0 ] },
																																"west": { "texture": "#ibexnub-adult", "uv": [ 33.0, 35.0, 33.5, 36.0 ] },
																																"up": { "texture": "#ibexnub-adult", "uv": [ 33.0, 34.5, 33.5, 35.0 ], "rotation": 90 }
																															},
																															"children": [
																																{
																																	"name": "HornR15",
																																	"from": [ 0.0, 1.0, 0.0 ],
																																	"to": [ 0.5, 2.0, 0.5 ],
																																	"unwrapMode": 4,
																																	"uv": [ 32.5, 33.5 ],
																																	"rotationOrigin": [ 0.0, 1.0, 0.0 ],
																																	"rotationX": 1.0,
																																	"rotationY": 2.0,
																																	"rotationZ": -25.0,
																																	"faces": {
																																		"north": { "texture": "#ibexnub-adult", "uv": [ 32.5, 34.0, 33.0, 35.0 ] },
																																		"east": { "texture": "#ibexnub-adult", "uv": [ 34.0, 34.0, 34.5, 35.0 ] },
																																		"south": { "texture": "#ibexnub-adult", "uv": [ 33.5, 34.0, 34.0, 35.0 ] },
																																		"west": { "texture": "#ibexnub-adult", "uv": [ 33.0, 34.0, 33.5, 35.0 ] },
																																		"up": { "texture": "#ibexnub-adult", "uv": [ 33.0, 33.5, 33.5, 34.0 ], "rotation": 90 }
																																	},
																																	"children": [
																																		{
																																			"name": "HornR16",
																																			"from": [ 0.0, 1.0, 0.0 ],
																																			"to": [ 0.5, 2.0, 0.5 ],
																																			"unwrapMode": 4,
																																			"uv": [ 32.5, 32.5 ],
																																			"rotationOrigin": [ 0.0, 1.0, 0.0 ],
																																			"rotationX": 1.0,
																																			"rotationY": 2.0,
																																			"rotationZ": -26.0,
																																			"faces": {
																																				"north": { "texture": "#ibexnub-adult", "uv": [ 32.5, 33.0, 33.0, 34.0 ] },
																																				"east": { "texture": "#ibexnub-adult", "uv": [ 34.0, 33.0, 34.5, 34.0 ] },
																																				"south": { "texture": "#ibexnub-adult", "uv": [ 33.5, 33.0, 34.0, 34.0 ] },
																																				"west": { "texture": "#ibexnub-adult", "uv": [ 33.0, 33.0, 33.5, 34.0 ] },
																																				"up": { "texture": "#ibexnub-adult", "uv": [ 33.0, 32.5, 33.5, 33.0 ], "rotation": 90 }
																																			},
																																			"children": [
																																				{
																																					"name": "HornR17",
																																					"from": [ 0.0, 1.0, 0.05 ],
																																					"to": [ 0.4, 2.0, 0.45 ],
																																					"unwrapMode": 4,
																																					"uv": [ 32.5, 31.5 ],
																																					"rotationOrigin": [ 0.0, 1.0, 0.05 ],
																																					"rotationX": 1.0,
																																					"rotationY": 2.0,
																																					"rotationZ": -27.0,
																																					"faces": {
																																						"north": { "texture": "#ibexnub-adult", "uv": [ 32.5, 32.0, 33.0, 33.0 ] },
																																						"east": { "texture": "#ibexnub-adult", "uv": [ 34.0, 32.0, 34.5, 33.0 ] },
																																						"south": { "texture": "#ibexnub-adult", "uv": [ 33.5, 32.0, 34.0, 33.0 ] },
																																						"west": { "texture": "#ibexnub-adult", "uv": [ 33.0, 32.0, 33.5, 33.0 ] },
																																						"up": { "texture": "#ibexnub-adult", "uv": [ 33.0, 31.5, 33.5, 32.0 ], "rotation": 90 }
																																					},
																																					"children": [
																																						{
																																							"name": "HornR18",
																																							"from": [ 0.0, 1.0, 0.05 ],
																																							"to": [ 0.3, 2.0, 0.35 ],
																																							"unwrapMode": 4,
																																							"uv": [ 32.5, 30.5 ],
																																							"rotationOrigin": [ 0.0, 1.0, 0.05 ],
																																							"rotationX": 1.0,
																																							"rotationY": 2.0,
																																							"rotationZ": -28.0,
																																							"faces": {
																																								"north": { "texture": "#ibexnub-adult", "uv": [ 32.5, 31.0, 33.0, 32.0 ] },
																																								"east": { "texture": "#ibexnub-adult", "uv": [ 34.0, 31.0, 34.5, 32.0 ] },
																																								"south": { "texture": "#ibexnub-adult", "uv": [ 33.5, 31.0, 34.0, 32.0 ] },
																																								"west": { "texture": "#ibexnub-adult", "uv": [ 33.0, 31.0, 33.5, 32.0 ] },
																																								"up": { "texture": "#ibexnub-adult", "uv": [ 33.0, 30.5, 33.5, 31.0 ], "rotation": 90 }
																																							}
																																						}
																																					]
																																				}
																																			]
																																		}
																																	]
																																}
																															]
																														}
																													]
																												}
																											]
																										},
																										{
																											"name": "Rridge11A",
																											"from": [ -0.05, 0.0, -0.1 ],
																											"to": [ 0.45, 0.4, 0.75 ],
																											"unwrapMode": 6,
																											"uv": [ 41.0, 14.0 ],
																											"rotationOrigin": [ -0.05, 0.0, -0.1 ],
																											"faces": {
																												"north": { "texture": "#ibexnub-adult", "uv": [ 41.5, 14.0, 42.0, 14.5 ] },
																												"east": { "texture": "#ibexnub-adult", "uv": [ 41.0, 14.5, 41.5, 15.0 ], "rotation": 90 },
																												"south": { "texture": "#ibexnub-adult", "uv": [ 41.5, 15.0, 42.0, 15.5 ], "rotation": 180 },
																												"west": { "texture": "#ibexnub-adult", "uv": [ 42.0, 14.5, 42.5, 15.0 ], "rotation": 270 },
																												"up": { "texture": "#ibexnub-adult", "uv": [ 42.5, 14.5, 43.0, 15.0 ] },
																												"down": { "texture": "#ibexnub-adult", "uv": [ 41.5, 14.5, 42.0, 15.0 ] }
																											}
																										},
																										{
																											"name": "Rridge11B",
																											"from": [ -0.05, 1.0, -0.05 ],
																											"to": [ 0.45, 1.4, 0.75 ],
																											"unwrapMode": 6,
																											"uv": [ 41.0, 13.0 ],
																											"rotationOrigin": [ -0.05, 1.0, -0.05 ],
																											"faces": {
																												"north": { "texture": "#ibexnub-adult", "uv": [ 41.5, 13.0, 42.0, 13.5 ] },
																												"east": { "texture": "#ibexnub-adult", "uv": [ 41.0, 13.5, 41.5, 14.0 ], "rotation": 90 },
																												"south": { "texture": "#ibexnub-adult", "uv": [ 41.5, 14.0, 42.0, 14.5 ], "rotation": 180 },
																												"west": { "texture": "#ibexnub-adult", "uv": [ 42.0, 13.5, 42.5, 14.0 ], "rotation": 270 },
																												"up": { "texture": "#ibexnub-adult", "uv": [ 42.5, 13.5, 43.0, 14.0 ] },
																												"down": { "texture": "#ibexnub-adult", "uv": [ 41.5, 13.5, 42.0, 14.0 ] }
																											}
																										}
																									]
																								},
																								{
																									"name": "Rridge10",
																									"from": [ -0.05, 0.55, -0.05 ],
																									"to": [ 0.55, 0.95, 0.85 ],
																									"unwrapMode": 4,
																									"uv": [ 41.0, 15.0 ],
																									"rotationOrigin": [ -0.05, 0.55, -0.05 ],
																									"faces": {
																										"north": { "texture": "#ibexnub-adult", "uv": [ 41.0, 15.5, 41.5, 16.0 ] },
																										"east": { "texture": "#ibexnub-adult", "uv": [ 42.5, 15.5, 43.0, 16.0 ] },
																										"south": { "texture": "#ibexnub-adult", "uv": [ 42.0, 15.5, 42.5, 16.0 ] },
																										"west": { "texture": "#ibexnub-adult", "uv": [ 41.5, 15.5, 42.0, 16.0 ] },
																										"up": { "texture": "#ibexnub-adult", "uv": [ 41.5, 15.0, 42.0, 15.5 ], "rotation": 90 },
																										"down": { "texture": "#ibexnub-adult", "uv": [ 41.5, 16.0, 42.0, 16.5 ], "rotation": 90 }
																									}
																								}
																							]
																						},
																						{
																							"name": "Rridge09A",
																							"from": [ -0.1, 0.0, -0.05 ],
																							"to": [ 0.5, 0.5, 0.85 ],
																							"unwrapMode": 4,
																							"uv": [ 41.0, 16.0 ],
																							"rotationOrigin": [ -0.1, 0.0, -0.05 ],
																							"rotationZ": 2.0,
																							"faces": {
																								"north": { "texture": "#ibexnub-adult", "uv": [ 41.0, 16.5, 41.5, 17.0 ] },
																								"east": { "texture": "#ibexnub-adult", "uv": [ 42.5, 16.5, 43.0, 17.0 ] },
																								"south": { "texture": "#ibexnub-adult", "uv": [ 42.0, 16.5, 42.5, 17.0 ] },
																								"west": { "texture": "#ibexnub-adult", "uv": [ 41.5, 16.5, 42.0, 17.0 ] },
																								"up": { "texture": "#ibexnub-adult", "uv": [ 41.5, 16.0, 42.0, 16.5 ], "rotation": 90 },
																								"down": { "texture": "#ibexnub-adult", "uv": [ 41.5, 17.0, 42.0, 17.5 ], "rotation": 90 }
																							}
																						},
																						{
																							"name": "Rridge09B",
																							"from": [ -0.1, 1.1, -0.05 ],
																							"to": [ 0.5, 1.5, 0.85 ],
																							"unwrapMode": 4,
																							"uv": [ 41.0, 17.0 ],
																							"rotationOrigin": [ -0.1, 1.1, -0.05 ],
																							"rotationZ": -5.0,
																							"faces": {
																								"north": { "texture": "#ibexnub-adult", "uv": [ 41.0, 17.5, 41.5, 18.0 ] },
																								"east": { "texture": "#ibexnub-adult", "uv": [ 42.5, 17.5, 43.0, 18.0 ] },
																								"south": { "texture": "#ibexnub-adult", "uv": [ 42.0, 17.5, 42.5, 18.0 ] },
																								"west": { "texture": "#ibexnub-adult", "uv": [ 41.5, 17.5, 42.0, 18.0 ] },
																								"up": { "texture": "#ibexnub-adult", "uv": [ 41.5, 17.0, 42.0, 17.5 ], "rotation": 90 },
																								"down": { "texture": "#ibexnub-adult", "uv": [ 41.5, 18.0, 42.0, 18.5 ], "rotation": 90 }
																							}
																						}
																					]
																				},
																				{
																					"name": "Rridge08",
																					"from": [ -0.1, 0.5, -0.1 ],
																					"to": [ 0.5, 1.0, 1.0 ],
																					"unwrapMode": 4,
																					"uv": [ 41.0, 17.5 ],
																					"rotationOrigin": [ -0.1, 0.5, -0.1 ],
																					"faces": {
																						"north": { "texture": "#ibexnub-adult", "uv": [ 41.0, 18.0, 41.5, 18.5 ] },
																						"east": { "texture": "#ibexnub-adult", "uv": [ 43.0, 18.0, 44.0, 18.5 ] },
																						"south": { "texture": "#ibexnub-adult", "uv": [ 42.5, 18.0, 43.0, 18.5 ] },
																						"west": { "texture": "#ibexnub-adult", "uv": [ 41.5, 18.0, 42.5, 18.5 ] },
																						"up": { "texture": "#ibexnub-adult", "uv": [ 41.5, 17.5, 42.5, 18.0 ], "rotation": 90 },
																						"down": { "texture": "#ibexnub-adult", "uv": [ 41.5, 18.5, 42.5, 19.0 ], "rotation": 90 }
																					}
																				}
																			]
																		},
																		{
																			"name": "Rridge07A",
																			"from": [ -0.1, 0.0, -0.1 ],
																			"to": [ 0.5, 0.5, 1.0 ],
																			"unwrapMode": 4,
																			"uv": [ 41.0, 18.5 ],
																			"rotationOrigin": [ -0.1, 0.0, -0.1 ],
																			"faces": {
																				"north": { "texture": "#ibexnub-adult", "uv": [ 41.0, 19.0, 41.5, 19.5 ] },
																				"east": { "texture": "#ibexnub-adult", "uv": [ 43.0, 19.0, 44.0, 19.5 ] },
																				"south": { "texture": "#ibexnub-adult", "uv": [ 42.5, 19.0, 43.0, 19.5 ] },
																				"west": { "texture": "#ibexnub-adult", "uv": [ 41.5, 19.0, 42.5, 19.5 ] },
																				"up": { "texture": "#ibexnub-adult", "uv": [ 41.5, 18.5, 42.5, 19.0 ], "rotation": 90 },
																				"down": { "texture": "#ibexnub-adult", "uv": [ 41.5, 19.5, 42.5, 20.0 ], "rotation": 90 }
																			}
																		},
																		{
																			"name": "Rridge07B",
																			"from": [ -0.1, 1.0, -0.1 ],
																			"to": [ 0.6, 1.5, 1.0 ],
																			"unwrapMode": 4,
																			"uv": [ 41.0, 18.0 ],
																			"rotationOrigin": [ -0.1, 1.0, -0.1 ],
																			"rotationZ": -7.0,
																			"faces": {
																				"north": { "texture": "#ibexnub-adult", "uv": [ 41.0, 18.5, 41.5, 19.0 ] },
																				"east": { "texture": "#ibexnub-adult", "uv": [ 43.0, 18.5, 44.0, 19.0 ] },
																				"south": { "texture": "#ibexnub-adult", "uv": [ 42.5, 18.5, 43.0, 19.0 ] },
																				"west": { "texture": "#ibexnub-adult", "uv": [ 41.5, 18.5, 42.5, 19.0 ] },
																				"up": { "texture": "#ibexnub-adult", "uv": [ 41.5, 18.0, 42.5, 18.5 ], "rotation": 90 },
																				"down": { "texture": "#ibexnub-adult", "uv": [ 41.5, 19.0, 42.5, 19.5 ], "rotation": 90 }
																			}
																		}
																	]
																},
																{
																	"name": "Rridge06",
																	"from": [ -0.1, 0.5, -0.1 ],
																	"to": [ 0.6, 1.0, 1.1 ],
																	"unwrapMode": 4,
																	"uv": [ 41.0, 19.0 ],
																	"rotationOrigin": [ -0.1, 0.5, -0.1 ],
																	"faces": {
																		"north": { "texture": "#ibexnub-adult", "uv": [ 41.0, 19.5, 41.5, 20.0 ] },
																		"east": { "texture": "#ibexnub-adult", "uv": [ 43.0, 19.5, 44.0, 20.0 ], "windMode": [-1,-1,-1,-1] },
																		"south": { "texture": "#ibexnub-adult", "uv": [ 42.5, 19.5, 43.0, 20.0 ] },
																		"west": { "texture": "#ibexnub-adult", "uv": [ 41.5, 19.5, 42.5, 20.0 ] },
																		"up": { "texture": "#ibexnub-adult", "uv": [ 41.5, 19.0, 42.5, 19.5 ], "rotation": 90 },
																		"down": { "texture": "#ibexnub-adult", "uv": [ 41.5, 20.0, 42.5, 20.5 ], "rotation": 90 }
																	}
																}
															]
														},
														{
															"name": "Rridge05A",
															"from": [ -0.1, 0.0, -0.1 ],
															"to": [ 0.6, 0.5, 1.1 ],
															"unwrapMode": 4,
															"uv": [ 41.0, 20.0 ],
															"rotationOrigin": [ -0.1, 0.0, -0.1 ],
															"faces": {
																"north": { "texture": "#ibexnub-adult", "uv": [ 41.0, 20.5, 41.5, 21.0 ] },
																"east": { "texture": "#ibexnub-adult", "uv": [ 43.0, 20.5, 44.0, 21.0 ], "windMode": [-1,-1,-1,-1] },
																"south": { "texture": "#ibexnub-adult", "uv": [ 42.5, 20.5, 43.0, 21.0 ] },
																"west": { "texture": "#ibexnub-adult", "uv": [ 41.5, 20.5, 42.5, 21.0 ] },
																"up": { "texture": "#ibexnub-adult", "uv": [ 41.5, 20.0, 42.5, 20.5 ], "rotation": 90 },
																"down": { "texture": "#ibexnub-adult", "uv": [ 41.5, 21.0, 42.5, 21.5 ], "rotation": 90 }
															}
														},
														{
															"name": "Rridge05B",
															"from": [ -0.1, 1.0, -0.1 ],
															"to": [ 0.6, 1.5, 1.1 ],
															"unwrapMode": 4,
															"uv": [ 41.0, 19.5 ],
															"rotationOrigin": [ -0.1, 1.0, -0.1 ],
															"faces": {
																"north": { "texture": "#ibexnub-adult", "uv": [ 41.0, 20.0, 41.5, 20.5 ] },
																"east": { "texture": "#ibexnub-adult", "uv": [ 43.0, 20.0, 44.0, 20.5 ], "windMode": [-1,-1,-1,-1] },
																"south": { "texture": "#ibexnub-adult", "uv": [ 42.5, 20.0, 43.0, 20.5 ] },
																"west": { "texture": "#ibexnub-adult", "uv": [ 41.5, 20.0, 42.5, 20.5 ] },
																"up": { "texture": "#ibexnub-adult", "uv": [ 41.5, 19.5, 42.5, 20.0 ], "rotation": 90 },
																"down": { "texture": "#ibexnub-adult", "uv": [ 41.5, 20.5, 42.5, 21.0 ], "rotation": 90 }
															}
														}
													]
												},
												{
													"name": "Rridge04",
													"from": [ -0.1, 0.5, -0.1 ],
													"to": [ 0.6, 1.0, 1.1 ],
													"unwrapMode": 4,
													"uv": [ 41.0, 20.5 ],
													"rotationOrigin": [ -0.1, 0.5, -0.1 ],
													"faces": {
														"north": { "texture": "#ibexnub-adult", "uv": [ 41.0, 21.0, 41.5, 21.5 ], "windMode": [-1,-1,-1,-1] },
														"east": { "texture": "#ibexnub-adult", "uv": [ 43.0, 21.0, 44.0, 21.5 ], "windMode": [-1,-1,-1,-1] },
														"south": { "texture": "#ibexnub-adult", "uv": [ 42.5, 21.0, 43.0, 21.5 ] },
														"west": { "texture": "#ibexnub-adult", "uv": [ 41.5, 21.0, 42.5, 21.5 ] },
														"up": { "texture": "#ibexnub-adult", "uv": [ 41.5, 20.5, 42.5, 21.0 ], "rotation": 90 },
														"down": { "texture": "#ibexnub-adult", "uv": [ 41.5, 21.5, 42.5, 22.0 ], "rotation": 90 }
													}
												}
											]
										},
										{
											"name": "Rridge03A",
											"from": [ -0.1, 0.0, -0.1 ],
											"to": [ 0.6, 0.5, 1.1 ],
											"unwrapMode": 4,
											"uv": [ 41.0, 21.5 ],
											"rotationOrigin": [ -0.1, 0.0, -0.1 ],
											"faces": {
												"north": { "texture": "#ibexnub-adult", "uv": [ 41.0, 22.0, 41.5, 22.5 ] },
												"east": { "texture": "#ibexnub-adult", "uv": [ 43.0, 22.0, 44.0, 22.5 ], "windMode": [-1,-1,-1,-1] },
												"south": { "texture": "#ibexnub-adult", "uv": [ 42.5, 22.0, 43.0, 22.5 ] },
												"west": { "texture": "#ibexnub-adult", "uv": [ 41.5, 22.0, 42.5, 22.5 ] },
												"up": { "texture": "#ibexnub-adult", "uv": [ 41.5, 21.5, 42.5, 22.0 ], "rotation": 90 },
												"down": { "texture": "#ibexnub-adult", "uv": [ 41.5, 22.5, 42.5, 23.0 ], "rotation": 90 }
											}
										},
										{
											"name": "Rridge03B",
											"from": [ -0.1, 1.0, -0.1 ],
											"to": [ 0.6, 1.5, 1.1 ],
											"unwrapMode": 4,
											"uv": [ 41.0, 21.0 ],
											"rotationOrigin": [ -0.1, 1.0, -0.1 ],
											"faces": {
												"north": { "texture": "#ibexnub-adult", "uv": [ 41.0, 21.5, 41.5, 22.0 ] },
												"east": { "texture": "#ibexnub-adult", "uv": [ 43.0, 21.5, 44.0, 22.0 ], "windMode": [-1,-1,-1,-1] },
												"south": { "texture": "#ibexnub-adult", "uv": [ 42.5, 21.5, 43.0, 22.0 ] },
												"west": { "texture": "#ibexnub-adult", "uv": [ 41.5, 21.5, 42.5, 22.0 ] },
												"up": { "texture": "#ibexnub-adult", "uv": [ 41.5, 21.0, 42.5, 21.5 ], "rotation": 90 },
												"down": { "texture": "#ibexnub-adult", "uv": [ 41.5, 22.0, 42.5, 22.5 ], "rotation": 90, "windMode": [-1,-1,-1,-1] }
											}
										}
									]
								},
								{
									"name": "Rridge02",
									"from": [ -0.1, 0.5, -0.1 ],
									"to": [ 0.6, 1.0, 1.1 ],
									"unwrapMode": 4,
									"uv": [ 41.0, 22.0 ],
									"rotationOrigin": [ -0.1, 0.5, -0.1 ],
									"faces": {
										"north": { "texture": "#ibexnub-adult", "uv": [ 41.0, 22.5, 41.5, 23.0 ] },
										"east": { "texture": "#ibexnub-adult", "uv": [ 43.0, 22.5, 44.0, 23.0 ], "windMode": [-1,-1,-1,-1] },
										"south": { "texture": "#ibexnub-adult", "uv": [ 42.5, 22.5, 43.0, 23.0 ] },
										"west": { "texture": "#ibexnub-adult", "uv": [ 41.5, 22.5, 42.5, 23.0 ] },
										"up": { "texture": "#ibexnub-adult", "uv": [ 41.5, 22.0, 42.5, 22.5 ], "rotation": 90 },
										"down": { "texture": "#ibexnub-adult", "uv": [ 41.5, 23.0, 42.5, 23.5 ], "rotation": 90 }
									}
								}
							]
						},
						{
							"name": "Rridge01",
							"from": [ -0.1, 1.0, -0.1 ],
							"to": [ 0.6, 1.5, 1.1 ],
							"unwrapMode": 4,
							"uv": [ 41.0, 22.5 ],
							"rotationOrigin": [ -0.1, 1.0, -0.1 ],
							"faces": {
								"north": { "texture": "#ibexnub-adult", "uv": [ 41.0, 23.0, 41.5, 23.5 ] },
								"east": { "texture": "#ibexnub-adult", "uv": [ 43.0, 23.0, 44.0, 23.5 ], "windMode": [-1,-1,-1,-1] },
								"south": { "texture": "#ibexnub-adult", "uv": [ 42.5, 23.0, 43.0, 23.5 ] },
								"west": { "texture": "#ibexnub-adult", "uv": [ 41.5, 23.0, 42.5, 23.5 ] },
								"up": { "texture": "#ibexnub-adult", "uv": [ 41.5, 22.5, 42.5, 23.0 ], "rotation": 90 },
								"down": { "texture": "#ibexnub-adult", "uv": [ 41.5, 23.5, 42.5, 24.0 ], "rotation": 90 }
							}
						}
					]
				}
			]
		}
	]}