{
	"editor": {
		"backDropShape": "seraph-hairless",
		"collapsedPaths": "Root/Body/neck/neck2/head/Horn Attachment/LHornBase/Lhorn1A/Lhorn2A/Lhorn3A,Root/Body/abdomen,Root/Body/neck/neck2/head/Horn Attachment/HornRBase/HornRrotator/Rhorn1A/Rhorn2A/Rhorn3A,Root/Body/neck/neck2/head/Horn Attachment/RHornRotator/Rhorn1A,Root/Horn Attachment/LHornBase,Root/Body/Left Shoulder,Root/Body/Right Shoulder,Root/Horn Attachment/RHornBase",
		"allAngles": true,
		"entityTextureMode": true
	},
	"textureWidth": 52,
	"textureHeight": 60,
	"textureSizes": {
		"markhor-adult": [52,60]
	},
	"textures": {
		"markhor-adult": "game:entity/animal/mammal/hooved/goat/markhor-adult"
	},
	"elements": [
		{
			"name": "Horn Attachment",
			"stepParentName": "Head",
			"from": [ 0.5, 3.5, 1.3 ],
			"to": [ 1.5, 4.5, 2.3 ],
			"unwrapMode": 4,
			"uv": [ 1.0, 19.5 ],
			"rotationOrigin": [ 0.5, 3.5, 1.3 ],
			"faces": {
			},
			"children": [
				{
					"name": "LHornBase",
					"from": [ -0.2, 1.5, 2.05 ],
					"to": [ 0.2, 2.0, 3.05 ],
					"unwrapMode": 4,
					"uv": [ 34.0, 59.0 ],
					"rotationOrigin": [ -0.2, 1.5, 2.05 ],
					"rotationX": 15.0,
					"rotationZ": -25.0,
					"faces": {
						"north": { "texture": "#markhor-adult", "uv": [ 34.0, 59.5, 34.5, 60.0 ] },
						"east": { "texture": "#markhor-adult", "uv": [ 36.0, 59.5, 37.0, 60.0 ] },
						"south": { "texture": "#markhor-adult", "uv": [ 35.5, 59.5, 36.0, 60.0 ] },
						"west": { "texture": "#markhor-adult", "uv": [ 34.5, 59.5, 35.5, 60.0 ], "windMode": [-1,-1,-1,-1], "windData": [1,1,1,1] },
						"up": { "texture": "#markhor-adult", "uv": [ 34.5, 59.0, 35.5, 59.5 ], "rotation": 90 }
					},
					"children": [
						{
							"name": "RHornRotator",
							"from": [ 0.0, 0.0, 0.0 ],
							"to": [ 1.0, 0.5, 1.0 ],
							"unwrapMode": 5,
							"uv": [ 0.0, 0.0 ],
							"rotationOrigin": [ 0.5, 0.0, 0.5 ],
							"faces": {
							},
							"children": [
								{
									"name": "Rhorn1A",
									"from": [ 0.05, -0.3, 0.0 ],
									"to": [ 0.55, 0.7, 2.0 ],
									"unwrapMode": 4,
									"unwrapRotation": 1,
									"uv": [ 38.0, 57.0 ],
									"rotationOrigin": [ 0.05, 0.5, 0.0 ],
									"rotationX": -54.0,
									"rotationY": -17.0,
									"faces": {
										"north": { "texture": "#markhor-adult", "uv": [ 38.5, 59.5, 39.5, 60.0 ], "rotation": 90 },
										"east": { "texture": "#markhor-adult", "uv": [ 40.0, 57.5, 41.0, 59.5 ], "rotation": 270 },
										"south": { "texture": "#markhor-adult", "uv": [ 38.5, 57.0, 39.5, 57.5 ], "rotation": 90 },
										"west": { "texture": "#markhor-adult", "uv": [ 38.5, 57.5, 39.5, 59.5 ], "rotation": 90 },
										"up": { "texture": "#markhor-adult", "uv": [ 38.0, 57.5, 38.5, 59.5 ], "rotation": 180 },
										"down": { "texture": "#markhor-adult", "uv": [ 39.5, 57.5, 40.0, 59.5 ], "rotation": 180 }
									},
									"children": [
										{
											"name": "Rhorn2A",
											"from": [ 1.4, 0.7, 1.0 ],
											"to": [ 1.9, 2.7, 2.0 ],
											"unwrapMode": 4,
											"uv": [ 36.5, 53.5 ],
											"rotationOrigin": [ 1.9, 0.7, 2.0 ],
											"rotationX": 8.0,
											"faces": {
												"north": { "texture": "#markhor-adult", "uv": [ 36.5, 54.0, 37.0, 56.0 ] },
												"east": { "texture": "#markhor-adult", "uv": [ 38.5, 54.0, 39.5, 56.0 ], "windMode": [-1,-1,-1,-1], "windData": [1,1,1,1] },
												"south": { "texture": "#markhor-adult", "uv": [ 38.0, 54.0, 38.5, 56.0 ] },
												"west": { "texture": "#markhor-adult", "uv": [ 37.0, 54.0, 38.0, 56.0 ], "windMode": [-1,-1,-1,-1], "windData": [1,1,1,1] },
												"up": { "texture": "#markhor-adult", "uv": [ 37.0, 53.5, 38.0, 54.0 ], "rotation": 90, "windMode": [-1,-1,-1,-1], "windData": [1,1,1,1] },
												"down": { "texture": "#markhor-adult", "uv": [ 37.0, 56.0, 38.0, 56.5 ], "rotation": 90, "windMode": [-1,-1,-1,-1], "windData": [1,1,1,1] }
											},
											"children": [
												{
													"name": "Rhorn3A",
													"from": [ -1.2, 1.0, 0.5 ],
													"to": [ -0.7, 2.0, 2.5 ],
													"unwrapMode": 4,
													"unwrapRotation": 1,
													"uv": [ 38.0, 50.5 ],
													"rotationOrigin": [ -1.2, 2.0, 0.5 ],
													"rotationX": -8.0,
													"faces": {
														"north": { "texture": "#markhor-adult", "uv": [ 38.5, 53.0, 39.5, 53.5 ], "rotation": 90 },
														"east": { "texture": "#markhor-adult", "uv": [ 40.0, 51.0, 41.0, 53.0 ], "rotation": 270 },
														"south": { "texture": "#markhor-adult", "uv": [ 38.5, 50.5, 39.5, 51.0 ], "rotation": 90 },
														"west": { "texture": "#markhor-adult", "uv": [ 38.5, 51.0, 39.5, 53.0 ], "rotation": 90 },
														"up": { "texture": "#markhor-adult", "uv": [ 38.0, 51.0, 38.5, 53.0 ], "rotation": 180 },
														"down": { "texture": "#markhor-adult", "uv": [ 39.5, 51.0, 40.0, 53.0 ], "rotation": 180, "windMode": [-1,-1,-1,-1], "windData": [1,1,1,1] }
													},
													"children": [
														{
															"name": "Rhorn4A",
															"from": [ 1.0, 0.5, 1.2 ],
															"to": [ 1.5, 2.5, 2.0 ],
															"unwrapMode": 4,
															"uv": [ 39.0, 47.5 ],
															"rotationOrigin": [ 1.5, 0.5, 2.1 ],
															"rotationX": 8.0,
															"faces": {
																"north": { "texture": "#markhor-adult", "uv": [ 39.0, 48.0, 39.5, 50.0 ] },
																"east": { "texture": "#markhor-adult", "uv": [ 40.5, 48.0, 41.0, 50.0 ] },
																"south": { "texture": "#markhor-adult", "uv": [ 40.0, 48.0, 40.5, 50.0 ] },
																"west": { "texture": "#markhor-adult", "uv": [ 39.5, 48.0, 40.0, 50.0 ] },
																"up": { "texture": "#markhor-adult", "uv": [ 39.5, 47.5, 40.0, 48.0 ], "rotation": 90 },
																"down": { "texture": "#markhor-adult", "uv": [ 39.5, 50.0, 40.0, 50.5 ], "rotation": 90 }
															},
															"children": [
																{
																	"name": "Rhorn5A",
																	"from": [ -1.0, 1.3, 0.5 ],
																	"to": [ -0.5, 2.0, 2.3 ],
																	"unwrapMode": 4,
																	"unwrapRotation": 1,
																	"uv": [ 38.5, 44.5 ],
																	"rotationOrigin": [ -1.0, 2.1, 0.5 ],
																	"rotationX": -8.0,
																	"faces": {
																		"north": { "texture": "#markhor-adult", "uv": [ 39.0, 46.5, 39.5, 47.0 ], "rotation": 90 },
																		"east": { "texture": "#markhor-adult", "uv": [ 40.0, 45.0, 40.5, 46.5 ], "rotation": 270 },
																		"south": { "texture": "#markhor-adult", "uv": [ 39.0, 44.5, 39.5, 45.0 ], "rotation": 90 },
																		"west": { "texture": "#markhor-adult", "uv": [ 39.0, 45.0, 39.5, 46.5 ], "rotation": 90 },
																		"up": { "texture": "#markhor-adult", "uv": [ 38.5, 45.0, 39.0, 46.5 ], "rotation": 180 },
																		"down": { "texture": "#markhor-adult", "uv": [ 39.5, 45.0, 40.0, 46.5 ], "rotation": 180 }
																	},
																	"children": [
																		{
																			"name": "Rhorn6A",
																			"from": [ 1.0, 0.3, 1.2 ],
																			"to": [ 1.4, 2.1, 1.8 ],
																			"unwrapMode": 4,
																			"uv": [ 39.0, 42.0 ],
																			"rotationOrigin": [ 1.4, 0.3, 1.9 ],
																			"rotationX": 13.0,
																			"faces": {
																				"north": { "texture": "#markhor-adult", "uv": [ 39.0, 42.5, 39.5, 44.0 ] },
																				"east": { "texture": "#markhor-adult", "uv": [ 40.5, 42.5, 41.0, 44.0 ] },
																				"south": { "texture": "#markhor-adult", "uv": [ 40.0, 42.5, 40.5, 44.0 ] },
																				"west": { "texture": "#markhor-adult", "uv": [ 39.5, 42.5, 40.0, 44.0 ] },
																				"up": { "texture": "#markhor-adult", "uv": [ 39.5, 42.0, 40.0, 42.5 ], "rotation": 90 },
																				"down": { "texture": "#markhor-adult", "uv": [ 39.5, 44.0, 40.0, 44.5 ], "rotation": 90 }
																			},
																			"children": [
																				{
																					"name": "Rhorn7",
																					"from": [ -0.7, 1.3, 0.2 ],
																					"to": [ -0.4, 1.8, 1.8 ],
																					"unwrapMode": 4,
																					"unwrapRotation": 1,
																					"uv": [ 38.5, 39.5 ],
																					"rotationOrigin": [ -0.7, 1.9, 0.2 ],
																					"rotationX": -13.0,
																					"faces": {
																						"north": { "texture": "#markhor-adult", "uv": [ 39.0, 41.5, 39.5, 42.0 ], "rotation": 90 },
																						"east": { "texture": "#markhor-adult", "uv": [ 40.0, 40.0, 40.5, 41.5 ], "rotation": 270 },
																						"south": { "texture": "#markhor-adult", "uv": [ 39.0, 39.5, 39.5, 40.0 ], "rotation": 90 },
																						"west": { "texture": "#markhor-adult", "uv": [ 39.0, 40.0, 39.5, 41.5 ], "rotation": 90 },
																						"up": { "texture": "#markhor-adult", "uv": [ 38.5, 40.0, 39.0, 41.5 ], "rotation": 180 },
																						"down": { "texture": "#markhor-adult", "uv": [ 39.5, 40.0, 40.0, 41.5 ], "rotation": 180 }
																					},
																					"children": [
																						{
																							"name": "Rhorn8",
																							"from": [ 0.6, 0.2, 1.2 ],
																							"to": [ 0.9, 1.6, 1.6 ],
																							"unwrapMode": 4,
																							"uv": [ 39.0, 37.5 ],
																							"rotationOrigin": [ 0.9, 0.2, 1.7 ],
																							"rotationX": 13.0,
																							"faces": {
																								"north": { "texture": "#markhor-adult", "uv": [ 39.0, 38.0, 39.5, 39.0 ], "windMode": [-1,-1,-1,-1], "windData": [1,1,1,1] },
																								"east": { "texture": "#markhor-adult", "uv": [ 40.5, 38.0, 41.0, 39.0 ], "windMode": [-1,-1,-1,-1], "windData": [1,1,1,1] },
																								"south": { "texture": "#markhor-adult", "uv": [ 40.0, 38.0, 40.5, 39.0 ], "windMode": [-1,-1,-1,-1], "windData": [1,1,1,1] },
																								"west": { "texture": "#markhor-adult", "uv": [ 39.5, 38.0, 40.0, 39.0 ], "windMode": [-1,-1,-1,-1], "windData": [1,1,1,1] },
																								"up": { "texture": "#markhor-adult", "uv": [ 39.5, 37.5, 40.0, 38.0 ], "rotation": 90, "windMode": [-1,-1,-1,-1], "windData": [1,1,1,1] },
																								"down": { "texture": "#markhor-adult", "uv": [ 39.5, 39.0, 40.0, 39.5 ], "rotation": 90, "windMode": [-1,-1,-1,-1], "windData": [1,1,1,1] }
																							},
																							"children": [
																								{
																									"name": "Rhorn8B",
																									"from": [ 0.0, 1.1, 0.4 ],
																									"to": [ 0.3, 1.4, 1.4 ],
																									"unwrapMode": 4,
																									"uv": [ 39.0, 37.0 ],
																									"rotationOrigin": [ 0.3, 1.1, 0.4 ],
																									"rotationX": -13.0,
																									"rotationZ": 1.0,
																									"faces": {
																										"north": { "texture": "#markhor-adult", "uv": [ 39.0, 37.5, 39.5, 38.0 ] },
																										"east": { "texture": "#markhor-adult", "uv": [ 41.0, 37.5, 42.0, 38.0 ] },
																										"south": { "texture": "#markhor-adult", "uv": [ 40.5, 37.5, 41.0, 38.0 ] },
																										"west": { "texture": "#markhor-adult", "uv": [ 39.5, 37.5, 40.5, 38.0 ] },
																										"up": { "texture": "#markhor-adult", "uv": [ 39.5, 37.0, 40.5, 37.5 ], "rotation": 90 },
																										"down": { "texture": "#markhor-adult", "uv": [ 39.5, 38.0, 40.5, 38.5 ], "rotation": 90 }
																									}
																								}
																							]
																						},
																						{
																							"name": "Rhorn7B",
																							"from": [ 0.3, 0.0, 1.3 ],
																							"to": [ 0.9, 0.5, 1.6 ],
																							"unwrapMode": 5,
																							"uv": [ 38.0, 39.0 ],
																							"rotationOrigin": [ 0.3, 0.0, 1.3 ],
																							"rotationX": -1.0,
																							"rotationZ": 20.0,
																							"faces": {
																								"north": { "texture": "#markhor-adult", "uv": [ 38.5, 39.0, 39.0, 39.5 ], "rotation": 180 },
																								"east": { "texture": "#markhor-adult", "uv": [ 39.0, 39.5, 39.5, 40.0 ], "rotation": 90, "windMode": [-1,-1,-1,-1], "windData": [1,1,1,1] },
																								"south": { "texture": "#markhor-adult", "uv": [ 38.5, 40.0, 39.0, 40.5 ] },
																								"west": { "texture": "#markhor-adult", "uv": [ 38.0, 39.5, 38.5, 40.0 ], "rotation": 270, "windMode": [-1,-1,-1,-1], "windData": [1,1,1,1] },
																								"up": { "texture": "#markhor-adult", "uv": [ 38.5, 39.5, 39.0, 40.0 ] },
																								"down": { "texture": "#markhor-adult", "uv": [ 39.5, 39.5, 40.0, 40.0 ] }
																							}
																						}
																					]
																				},
																				{
																					"name": "Rhorn6B",
																					"from": [ -0.7, 1.4, 0.0 ],
																					"to": [ 0.0, 1.8, 0.6 ],
																					"unwrapMode": 3,
																					"unwrapRotation": 1,
																					"uv": [ 39.0, 42.0 ],
																					"rotationOrigin": [ 0.0, 1.4, 0.0 ],
																					"rotationX": -1.0,
																					"rotationY": 20.0,
																					"faces": {
																						"north": { "texture": "#markhor-adult", "uv": [ 40.5, 42.0, 41.0, 42.5 ], "rotation": 270, "windMode": [-1,-1,-1,-1], "windData": [1,1,1,1] },
																						"south": { "texture": "#markhor-adult", "uv": [ 39.5, 42.0, 40.0, 42.5 ], "rotation": 90, "windMode": [-1,-1,-1,-1], "windData": [1,1,1,1] },
																						"up": { "texture": "#markhor-adult", "uv": [ 39.0, 42.0, 39.5, 42.5 ], "rotation": 90, "windMode": [-1,-1,-1,-1], "windData": [1,1,1,1] },
																						"down": { "texture": "#markhor-adult", "uv": [ 40.0, 42.0, 40.5, 42.5 ], "rotation": 270 }
																					}
																				}
																			]
																		},
																		{
																			"name": "Rhorn5B",
																			"from": [ 0.5, 0.0, 1.4 ],
																			"to": [ 1.4, 0.7, 1.8 ],
																			"unwrapMode": 3,
																			"unwrapRotation": 1,
																			"uv": [ 38.5, 44.5 ],
																			"rotationOrigin": [ 0.5, 0.0, 1.7 ],
																			"rotationX": -1.0,
																			"rotationZ": 22.0,
																			"faces": {
																				"north": { "texture": "#markhor-adult", "uv": [ 40.0, 44.5, 40.5, 45.0 ], "rotation": 270 },
																				"south": { "texture": "#markhor-adult", "uv": [ 39.0, 44.5, 39.5, 45.0 ], "rotation": 90 },
																				"up": { "texture": "#markhor-adult", "uv": [ 38.5, 44.5, 39.0, 45.0 ], "rotation": 90 },
																				"down": { "texture": "#markhor-adult", "uv": [ 39.5, 44.5, 40.0, 45.0 ], "rotation": 270 }
																			}
																		}
																	]
																},
																{
																	"name": "Rhorn4B",
																	"from": [ -1.1, 1.5, 0.0 ],
																	"to": [ 0.0, 2.0, 0.9 ],
																	"unwrapMode": 3,
																	"unwrapRotation": 1,
																	"uv": [ 39.0, 47.0 ],
																	"rotationOrigin": [ 0.0, 2.0, 0.0 ],
																	"rotationX": -1.0,
																	"rotationY": 30.0,
																	"faces": {
																		"north": { "texture": "#markhor-adult", "uv": [ 40.5, 47.0, 41.0, 48.0 ], "rotation": 270, "windMode": [-1,-1,-1,-1], "windData": [1,1,1,1] },
																		"south": { "texture": "#markhor-adult", "uv": [ 39.5, 47.0, 40.0, 48.0 ], "rotation": 90, "windMode": [-1,-1,-1,-1], "windData": [1,1,1,1] },
																		"up": { "texture": "#markhor-adult", "uv": [ 39.0, 47.0, 39.5, 48.0 ], "rotation": 90 },
																		"down": { "texture": "#markhor-adult", "uv": [ 40.0, 47.0, 40.5, 48.0 ], "rotation": 270, "windMode": [-1,-1,-1,-1], "windData": [1,1,1,1] }
																	}
																}
															]
														},
														{
															"name": "Rhorn3B",
															"from": [ 0.5, 0.0, 1.5 ],
															"to": [ 1.6, 1.0, 2.0 ],
															"unwrapMode": 3,
															"unwrapRotation": 1,
															"uv": [ 38.0, 50.0 ],
															"rotationOrigin": [ 0.5, 0.0, 2.0 ],
															"rotationX": -1.0,
															"rotationZ": 28.0,
															"faces": {
																"north": { "texture": "#markhor-adult", "uv": [ 40.0, 50.0, 41.0, 51.0 ], "rotation": 270, "windMode": [-1,-1,-1,-1], "windData": [1,1,1,1] },
																"south": { "texture": "#markhor-adult", "uv": [ 38.5, 50.0, 39.5, 51.0 ], "rotation": 90, "windMode": [-1,-1,-1,-1], "windData": [1,1,1,1] },
																"up": { "texture": "#markhor-adult", "uv": [ 38.0, 50.0, 38.5, 51.0 ], "rotation": 90 },
																"down": { "texture": "#markhor-adult", "uv": [ 39.5, 50.0, 40.0, 51.0 ], "rotation": 270 }
															}
														}
													]
												},
												{
													"name": "Rhorn2B",
													"from": [ -1.3, 1.5, 0.0 ],
													"to": [ 0.0, 2.0, 0.9 ],
													"unwrapMode": 3,
													"unwrapRotation": 1,
													"uv": [ 39.0, 53.0 ],
													"rotationOrigin": [ 0.0, 2.0, 0.0 ],
													"rotationX": -1.0,
													"rotationY": 30.0,
													"faces": {
														"north": { "texture": "#markhor-adult", "uv": [ 40.5, 53.0, 41.0, 54.0 ], "rotation": 270 },
														"south": { "texture": "#markhor-adult", "uv": [ 39.5, 53.0, 40.0, 54.0 ], "rotation": 90 },
														"up": { "texture": "#markhor-adult", "uv": [ 39.0, 53.0, 39.5, 54.0 ], "rotation": 90 },
														"down": { "texture": "#markhor-adult", "uv": [ 40.0, 53.0, 40.5, 54.0 ], "rotation": 270 }
													}
												}
											]
										},
										{
											"name": "Rhorn1B",
											"from": [ 0.5, 0.0, 1.5 ],
											"to": [ 2.1, 1.0, 2.0 ],
											"unwrapMode": 3,
											"unwrapRotation": 1,
											"uv": [ 38.0, 56.0 ],
											"rotationOrigin": [ 0.5, 0.0, 2.0 ],
											"rotationX": -1.0,
											"rotationZ": 30.0,
											"faces": {
												"north": { "texture": "#markhor-adult", "uv": [ 40.0, 56.0, 41.0, 57.5 ], "rotation": 270, "windMode": [-1,-1,-1,-1], "windData": [1,1,1,1] },
												"south": { "texture": "#markhor-adult", "uv": [ 38.5, 56.0, 39.5, 57.5 ], "rotation": 90, "windMode": [-1,-1,-1,-1], "windData": [1,1,1,1] },
												"up": { "texture": "#markhor-adult", "uv": [ 38.0, 56.0, 38.5, 57.5 ], "rotation": 90 },
												"down": { "texture": "#markhor-adult", "uv": [ 39.5, 56.0, 40.0, 57.5 ], "rotation": 270, "windMode": [-1,-1,-1,-1], "windData": [1,1,1,1] }
											}
										}
									]
								}
							]
						}
					]
				},
				{
					"name": "RHornBase",
					"from": [ -0.2, 1.5, -0.65 ],
					"to": [ 0.2, 2.0, 0.35 ],
					"unwrapMode": 4,
					"uv": [ 38.0, 59.0 ],
					"rotationOrigin": [ -0.2, 1.5, 0.35 ],
					"rotationX": -15.0,
					"rotationZ": -25.0,
					"faces": {
						"north": { "texture": "#markhor-adult", "uv": [ 38.0, 59.5, 38.5, 60.0 ] },
						"east": { "texture": "#markhor-adult", "uv": [ 40.0, 59.5, 41.0, 60.0 ] },
						"south": { "texture": "#markhor-adult", "uv": [ 39.5, 59.5, 40.0, 60.0 ] },
						"west": { "texture": "#markhor-adult", "uv": [ 38.5, 59.5, 39.5, 60.0 ] },
						"up": { "texture": "#markhor-adult", "uv": [ 38.5, 59.0, 39.5, 59.5 ], "rotation": 90 }
					},
					"children": [
						{
							"name": "RhornRotator",
							"from": [ 0.0, 0.0, 0.0 ],
							"to": [ 1.0, 0.5, 1.0 ],
							"uv": [ 3.0, 2.5 ],
							"rotationOrigin": [ 0.5, 0.0, 0.5 ],
							"faces": {
							},
							"children": [
								{
									"name": "Lhorn1A",
									"from": [ 0.05, -0.3, -1.0 ],
									"to": [ 0.55, 0.7, 1.0 ],
									"unwrapMode": 4,
									"unwrapRotation": 1,
									"uv": [ 34.0, 57.0 ],
									"rotationOrigin": [ 0.05, 0.5, 1.0 ],
									"rotationX": 54.0,
									"rotationY": 17.0,
									"faces": {
										"north": { "texture": "#markhor-adult", "uv": [ 34.5, 59.5, 35.5, 60.0 ], "rotation": 90 },
										"east": { "texture": "#markhor-adult", "uv": [ 36.0, 57.5, 37.0, 59.5 ], "rotation": 270 },
										"south": { "texture": "#markhor-adult", "uv": [ 34.5, 57.0, 35.5, 57.5 ], "rotation": 90 },
										"west": { "texture": "#markhor-adult", "uv": [ 34.5, 57.5, 35.5, 59.5 ], "rotation": 90 },
										"up": { "texture": "#markhor-adult", "uv": [ 34.0, 57.5, 34.5, 59.5 ], "rotation": 180 },
										"down": { "texture": "#markhor-adult", "uv": [ 35.5, 57.5, 36.0, 59.5 ], "rotation": 180, "windMode": [-1,-1,-1,-1], "windData": [1,1,1,1] }
									},
									"children": [
										{
											"name": "Lhorn2A",
											"from": [ 1.4, 0.7, 0.0 ],
											"to": [ 1.9, 2.7, 1.0 ],
											"unwrapMode": 4,
											"uv": [ 36.0, 53.5 ],
											"rotationOrigin": [ 1.4, 0.7, 0.0 ],
											"rotationX": -8.0,
											"faces": {
												"north": { "texture": "#markhor-adult", "uv": [ 36.0, 54.0, 36.5, 56.0 ] },
												"east": { "texture": "#markhor-adult", "uv": [ 38.0, 54.0, 39.0, 56.0 ] },
												"south": { "texture": "#markhor-adult", "uv": [ 37.5, 54.0, 38.0, 56.0 ] },
												"west": { "texture": "#markhor-adult", "uv": [ 36.5, 54.0, 37.5, 56.0 ] },
												"up": { "texture": "#markhor-adult", "uv": [ 36.5, 53.5, 37.5, 54.0 ], "rotation": 90 },
												"down": { "texture": "#markhor-adult", "uv": [ 36.5, 56.0, 37.5, 56.5 ], "rotation": 90, "windMode": [-1,-1,-1,-1], "windData": [1,1,1,1] }
											},
											"children": [
												{
													"name": "Lhorn3A",
													"from": [ -1.2, 1.0, -1.5 ],
													"to": [ -0.7, 2.0, 0.5 ],
													"unwrapMode": 4,
													"unwrapRotation": 1,
													"uv": [ 34.0, 50.5 ],
													"rotationOrigin": [ -0.9, 2.0, 0.5 ],
													"rotationX": 8.0,
													"faces": {
														"north": { "texture": "#markhor-adult", "uv": [ 34.5, 53.0, 35.5, 53.5 ], "rotation": 90, "windMode": [-1,-1,-1,-1], "windData": [1,1,1,1] },
														"east": { "texture": "#markhor-adult", "uv": [ 36.0, 51.0, 37.0, 53.0 ], "rotation": 270 },
														"south": { "texture": "#markhor-adult", "uv": [ 34.5, 50.5, 35.5, 51.0 ], "rotation": 90 },
														"west": { "texture": "#markhor-adult", "uv": [ 34.5, 51.0, 35.5, 53.0 ], "rotation": 90 },
														"up": { "texture": "#markhor-adult", "uv": [ 34.0, 51.0, 34.5, 53.0 ], "rotation": 180 },
														"down": { "texture": "#markhor-adult", "uv": [ 35.5, 51.0, 36.0, 53.0 ], "rotation": 180, "windMode": [-1,-1,-1,-1], "windData": [1,1,1,1] }
													},
													"children": [
														{
															"name": "Lhorn4A",
															"from": [ 1.0, 0.5, 0.0 ],
															"to": [ 1.5, 2.5, 0.8 ],
															"unwrapMode": 4,
															"uv": [ 34.5, 47.5 ],
															"rotationOrigin": [ 1.5, 0.5, 0.0 ],
															"rotationX": -8.0,
															"faces": {
																"north": { "texture": "#markhor-adult", "uv": [ 34.5, 48.0, 35.0, 50.0 ], "windMode": [-1,-1,-1,-1], "windData": [1,1,1,1] },
																"east": { "texture": "#markhor-adult", "uv": [ 36.0, 48.0, 36.5, 50.0 ] },
																"south": { "texture": "#markhor-adult", "uv": [ 35.5, 48.0, 36.0, 50.0 ] },
																"west": { "texture": "#markhor-adult", "uv": [ 35.0, 48.0, 35.5, 50.0 ] },
																"up": { "texture": "#markhor-adult", "uv": [ 35.0, 47.5, 35.5, 48.0 ], "rotation": 90 },
																"down": { "texture": "#markhor-adult", "uv": [ 35.0, 50.0, 35.5, 50.5 ], "rotation": 90, "windMode": [-1,-1,-1,-1], "windData": [1,1,1,1] }
															},
															"children": [
																{
																	"name": "Lhorn5a",
																	"from": [ -1.0, 1.3, -1.3 ],
																	"to": [ -0.5, 2.0, 0.5 ],
																	"unwrapMode": 4,
																	"unwrapRotation": 1,
																	"uv": [ 34.5, 44.5 ],
																	"rotationOrigin": [ -1.0, 2.1, 0.5 ],
																	"rotationX": 8.0,
																	"faces": {
																		"north": { "texture": "#markhor-adult", "uv": [ 35.0, 46.5, 35.5, 47.0 ], "rotation": 90, "windMode": [-1,-1,-1,-1], "windData": [1,1,1,1] },
																		"east": { "texture": "#markhor-adult", "uv": [ 36.0, 45.0, 36.5, 46.5 ], "rotation": 270 },
																		"south": { "texture": "#markhor-adult", "uv": [ 35.0, 44.5, 35.5, 45.0 ], "rotation": 90, "windMode": [-1,-1,-1,-1], "windData": [1,1,1,1] },
																		"west": { "texture": "#markhor-adult", "uv": [ 35.0, 45.0, 35.5, 46.5 ], "rotation": 90 },
																		"up": { "texture": "#markhor-adult", "uv": [ 34.5, 45.0, 35.0, 46.5 ], "rotation": 180 },
																		"down": { "texture": "#markhor-adult", "uv": [ 35.5, 45.0, 36.0, 46.5 ], "rotation": 180, "windMode": [-1,-1,-1,-1], "windData": [1,1,1,1] }
																	},
																	"children": [
																		{
																			"name": "Lhorn6A",
																			"from": [ 1.0, 0.3, 0.0 ],
																			"to": [ 1.4, 2.1, 0.6 ],
																			"unwrapMode": 4,
																			"uv": [ 34.5, 42.0 ],
																			"rotationOrigin": [ 1.4, 0.3, 0.0 ],
																			"rotationX": -13.0,
																			"faces": {
																				"north": { "texture": "#markhor-adult", "uv": [ 34.5, 42.5, 35.0, 44.0 ] },
																				"east": { "texture": "#markhor-adult", "uv": [ 36.0, 42.5, 36.5, 44.0 ] },
																				"south": { "texture": "#markhor-adult", "uv": [ 35.5, 42.5, 36.0, 44.0 ] },
																				"west": { "texture": "#markhor-adult", "uv": [ 35.0, 42.5, 35.5, 44.0 ] },
																				"up": { "texture": "#markhor-adult", "uv": [ 35.0, 42.0, 35.5, 42.5 ], "rotation": 90 },
																				"down": { "texture": "#markhor-adult", "uv": [ 35.0, 44.0, 35.5, 44.5 ], "rotation": 90, "windMode": [-1,-1,-1,-1], "windData": [1,1,1,1] }
																			},
																			"children": [
																				{
																					"name": "Lhorn7",
																					"from": [ -0.7, 1.2, -1.2 ],
																					"to": [ -0.4, 1.7, 0.4 ],
																					"unwrapMode": 4,
																					"unwrapRotation": 1,
																					"uv": [ 34.5, 39.5 ],
																					"rotationOrigin": [ -0.4, 1.8, 0.4 ],
																					"rotationX": 13.0,
																					"faces": {
																						"north": { "texture": "#markhor-adult", "uv": [ 35.0, 41.5, 35.5, 42.0 ], "rotation": 90, "windMode": [-1,-1,-1,-1], "windData": [1,1,1,1] },
																						"east": { "texture": "#markhor-adult", "uv": [ 36.0, 40.0, 36.5, 41.5 ], "rotation": 270 },
																						"south": { "texture": "#markhor-adult", "uv": [ 35.0, 39.5, 35.5, 40.0 ], "rotation": 90, "windMode": [-1,-1,-1,-1], "windData": [1,1,1,1] },
																						"west": { "texture": "#markhor-adult", "uv": [ 35.0, 40.0, 35.5, 41.5 ], "rotation": 90, "windMode": [-1,-1,-1,-1], "windData": [1,1,1,1] },
																						"up": { "texture": "#markhor-adult", "uv": [ 34.5, 40.0, 35.0, 41.5 ], "rotation": 180, "windMode": [-1,-1,-1,-1], "windData": [1,1,1,1] },
																						"down": { "texture": "#markhor-adult", "uv": [ 35.5, 40.0, 36.0, 41.5 ], "rotation": 180, "windMode": [-1,-1,-1,-1], "windData": [1,1,1,1] }
																					},
																					"children": [
																						{
																							"name": "Lhorn8",
																							"from": [ 0.6, 0.2, 0.0 ],
																							"to": [ 0.9, 1.6, 0.4 ],
																							"unwrapMode": 4,
																							"uv": [ 34.5, 37.5 ],
																							"rotationOrigin": [ 0.9, 0.2, 0.0 ],
																							"rotationX": -13.0,
																							"faces": {
																								"north": { "texture": "#markhor-adult", "uv": [ 34.5, 38.0, 35.0, 39.0 ] },
																								"east": { "texture": "#markhor-adult", "uv": [ 36.0, 38.0, 36.5, 39.0 ] },
																								"south": { "texture": "#markhor-adult", "uv": [ 35.5, 38.0, 36.0, 39.0 ] },
																								"west": { "texture": "#markhor-adult", "uv": [ 35.0, 38.0, 35.5, 39.0 ] },
																								"up": { "texture": "#markhor-adult", "uv": [ 35.0, 37.5, 35.5, 38.0 ], "rotation": 90 },
																								"down": { "texture": "#markhor-adult", "uv": [ 35.0, 39.0, 35.5, 39.5 ], "rotation": 90, "windMode": [-1,-1,-1,-1], "windData": [1,1,1,1] }
																							},
																							"children": [
																								{
																									"name": "Lhorn8B",
																									"from": [ 0.0, 1.1, -1.0 ],
																									"to": [ 0.3, 1.4, 0.0 ],
																									"unwrapMode": 1,
																									"uv": [ 35.0, 37.0 ],
																									"rotationOrigin": [ 0.3, 1.1, 0.0 ],
																									"rotationX": 13.0,
																									"rotationZ": 1.0,
																									"faces": {
																										"north": { "texture": "#markhor-adult", "uv": [ 36.0, 38.0, 36.5, 38.5 ] },
																										"east": { "texture": "#markhor-adult", "uv": [ 35.0, 38.0, 36.0, 38.5 ], "windMode": [-1,-1,-1,-1], "windData": [1,1,1,1] },
																										"south": { "texture": "#markhor-adult", "uv": [ 36.5, 38.0, 37.0, 38.5 ] },
																										"west": { "texture": "#markhor-adult", "uv": [ 35.5, 38.0, 36.5, 38.5 ], "windMode": [-1,-1,-1,-1], "windData": [1,1,1,1] },
																										"up": { "texture": "#markhor-adult", "uv": [ 36.0, 37.0, 36.5, 38.0 ], "rotation": 180 },
																										"down": { "texture": "#markhor-adult", "uv": [ 36.0, 38.5, 36.5, 39.5 ] }
																									}
																								}
																							]
																						},
																						{
																							"name": "Lhorn7B",
																							"from": [ 0.3, 0.0, 0.0 ],
																							"to": [ 0.9, 0.5, 0.3 ],
																							"unwrapMode": 1,
																							"uv": [ 34.0, 39.0 ],
																							"rotationOrigin": [ 0.3, 0.0, 0.0 ],
																							"rotationX": 1.0,
																							"rotationZ": 20.0,
																							"faces": {
																								"north": { "texture": "#markhor-adult", "uv": [ 34.5, 39.5, 35.0, 40.0 ] },
																								"east": { "texture": "#markhor-adult", "uv": [ 34.0, 39.5, 34.5, 40.0 ] },
																								"south": { "texture": "#markhor-adult", "uv": [ 35.5, 39.5, 36.0, 40.0 ] },
																								"west": { "texture": "#markhor-adult", "uv": [ 35.0, 39.5, 35.5, 40.0 ] },
																								"up": { "texture": "#markhor-adult", "uv": [ 34.5, 39.0, 35.0, 39.5 ], "rotation": 180 },
																								"down": { "texture": "#markhor-adult", "uv": [ 34.5, 40.0, 35.0, 40.5 ] }
																							}
																						}
																					]
																				},
																				{
																					"name": "Lhorn6B",
																					"from": [ -0.7, 1.4, 0.0 ],
																					"to": [ 0.0, 1.8, 0.6 ],
																					"unwrapMode": 1,
																					"unwrapRotation": 1,
																					"uv": [ 35.0, 42.0 ],
																					"rotationOrigin": [ 0.0, 1.4, 0.7 ],
																					"rotationX": 1.0,
																					"rotationY": -20.0,
																					"faces": {
																						"north": { "texture": "#markhor-adult", "uv": [ 35.5, 42.0, 36.0, 42.5 ], "rotation": 90 },
																						"south": { "texture": "#markhor-adult", "uv": [ 36.5, 42.0, 37.0, 42.5 ], "rotation": 270 },
																						"up": { "texture": "#markhor-adult", "uv": [ 35.0, 42.0, 35.5, 42.5 ], "rotation": 270 },
																						"down": { "texture": "#markhor-adult", "uv": [ 36.0, 42.0, 36.5, 42.5 ], "rotation": 90 }
																					}
																				}
																			]
																		},
																		{
																			"name": "Lhorn5B",
																			"from": [ 0.5, 0.0, 0.0 ],
																			"to": [ 1.4, 0.8, 0.4 ],
																			"unwrapMode": 1,
																			"unwrapRotation": 1,
																			"uv": [ 34.5, 44.5 ],
																			"rotationOrigin": [ 0.5, 0.0, 0.0 ],
																			"rotationX": 1.0,
																			"rotationZ": 22.0,
																			"faces": {
																				"north": { "texture": "#markhor-adult", "uv": [ 35.0, 44.5, 35.5, 45.0 ], "rotation": 90 },
																				"south": { "texture": "#markhor-adult", "uv": [ 36.0, 44.5, 36.5, 45.0 ], "rotation": 270 },
																				"up": { "texture": "#markhor-adult", "uv": [ 34.5, 44.5, 35.0, 45.0 ], "rotation": 270 },
																				"down": { "texture": "#markhor-adult", "uv": [ 35.5, 44.5, 36.0, 45.0 ], "rotation": 90 }
																			}
																		}
																	]
																},
																{
																	"name": "Lhorn4B",
																	"from": [ -1.1, 1.5, -0.1 ],
																	"to": [ 0.0, 2.0, 0.8 ],
																	"unwrapMode": 1,
																	"unwrapRotation": 1,
																	"uv": [ 35.0, 47.0 ],
																	"rotationOrigin": [ 0.0, 1.5, 0.8 ],
																	"rotationX": 1.0,
																	"rotationY": -30.0,
																	"faces": {
																		"north": { "texture": "#markhor-adult", "uv": [ 35.5, 47.0, 36.0, 48.0 ], "rotation": 90 },
																		"south": { "texture": "#markhor-adult", "uv": [ 36.5, 47.0, 37.0, 48.0 ], "rotation": 270 },
																		"up": { "texture": "#markhor-adult", "uv": [ 35.0, 47.0, 35.5, 48.0 ], "rotation": 270 },
																		"down": { "texture": "#markhor-adult", "uv": [ 36.0, 47.0, 36.5, 48.0 ], "rotation": 90 }
																	}
																}
															]
														},
														{
															"name": "Lhorn3B",
															"from": [ 0.5, 0.0, 0.0 ],
															"to": [ 1.6, 1.0, 0.5 ],
															"unwrapMode": 1,
															"unwrapRotation": 1,
															"uv": [ 34.0, 50.0 ],
															"rotationOrigin": [ 0.5, 0.0, 0.0 ],
															"rotationX": 1.0,
															"rotationZ": 28.0,
															"faces": {
																"north": { "texture": "#markhor-adult", "uv": [ 34.5, 50.0, 35.5, 51.0 ], "rotation": 90 },
																"south": { "texture": "#markhor-adult", "uv": [ 36.0, 50.0, 37.0, 51.0 ], "rotation": 270 },
																"up": { "texture": "#markhor-adult", "uv": [ 34.0, 50.0, 34.5, 51.0 ], "rotation": 270 },
																"down": { "texture": "#markhor-adult", "uv": [ 35.5, 50.0, 36.0, 51.0 ], "rotation": 90 }
															}
														}
													]
												},
												{
													"name": "Lhorn2B",
													"from": [ -1.3, 1.5, 0.1 ],
													"to": [ 0.0, 2.0, 1.0 ],
													"unwrapMode": 5,
													"unwrapRotation": 1,
													"uv": [ 35.0, 53.0 ],
													"rotationOrigin": [ 0.0, 1.5, 1.0 ],
													"rotationX": 1.0,
													"rotationY": -30.0,
													"faces": {
														"north": { "texture": "#markhor-adult", "uv": [ 35.0, 53.0, 35.5, 54.0 ], "rotation": 270 },
														"south": { "texture": "#markhor-adult", "uv": [ 36.0, 53.0, 36.5, 54.0 ], "rotation": 90 },
														"up": { "texture": "#markhor-adult", "uv": [ 35.5, 53.0, 36.0, 54.0 ], "rotation": 90 },
														"down": { "texture": "#markhor-adult", "uv": [ 36.5, 53.0, 37.0, 54.0 ], "rotation": 270 }
													}
												}
											]
										},
										{
											"name": "Lhorn1B",
											"from": [ 0.5, 0.0, 0.0 ],
											"to": [ 2.1, 1.0, 0.5 ],
											"unwrapMode": 1,
											"unwrapRotation": 1,
											"uv": [ 34.0, 56.0 ],
											"rotationOrigin": [ 0.5, 0.0, 0.0 ],
											"rotationX": 1.0,
											"rotationZ": 30.0,
											"faces": {
												"north": { "texture": "#markhor-adult", "uv": [ 34.5, 56.0, 35.5, 57.5 ], "rotation": 90 },
												"south": { "texture": "#markhor-adult", "uv": [ 36.0, 56.0, 37.0, 57.5 ], "rotation": 270 },
												"up": { "texture": "#markhor-adult", "uv": [ 34.0, 56.0, 34.5, 57.5 ], "rotation": 270 },
												"down": { "texture": "#markhor-adult", "uv": [ 35.5, 56.0, 36.0, 57.5 ], "rotation": 90 }
											}
										}
									]
								}
							]
						}
					]
				}
			]
		}
	]}