{
	"editor": {
		"backDropShape": "seraph-hairless",
		"collapsedPaths": "Root/Body/neck/neck2/head/Horn Attachment/LHornBase/Lhorn1A/Lhorn2A/Lhorn3A,Root/Body/neck/neck2/head/nose bridge/jaw,Root/AntlerOrigin/LHorn0,Root/AntlerOrigin/nubs,Root/Body/neck/neck2/head/AntlerOrigin/nubs/RHorn1,Root/Body/neck/neck2/head/nose bridge,Root/Body/abdomen,Root/Body/neck/neck2/head/Horn Attachment/HornRBase/HornRrotator/Rhorn1A/Rhorn2A/Rhorn3A,Root/Body/neck/neck2/head/Horn Attachment/RHornRotator/Rhorn1A,Root/Body/neck/neck2/head/AntlerOrigin2/nubs/LHorn1,Root/Body/Left Shoulder,Root/Body/Right Shoulder,Root/AntlerOrigin/RHorn0,Root/Body/neck/neck2/head/AntlerOrigin2",
		"allAngles": true,
		"entityTextureMode": true
	},
	"textureWidth": 72,
	"textureHeight": 124,
	"textureSizes": {
		"muskox-adult": [72,124]
	},
	"textures": {
		"muskox-adult": "game:entity/animal/mammal/hooved/goat/muskox-adult"
	},
	"elements": [
		{
			"name": "AntlerOrigin",
			"stepParentName": "Head",
			"from": [ 0.2, 5.0, 0.2 ],
			"to": [ 0.2, 5.0, 0.2 ],
			"uv": [ 0.0, 0.0 ],
			"rotationOrigin": [ 0.2, 5.0, 0.2 ],
			"rotationZ": 12.0,
			"faces": {
			},
			"children": [
				{
					"name": "LHorn0",
					"from": [ -0.2, -0.5, 4.4 ],
					"to": [ 1.7, 0.5, 5.6 ],
					"unwrapMode": 5,
					"uv": [ 47.5, 78.0 ],
					"rotationOrigin": [ -0.2, -0.5, 5.6 ],
					"rotationX": -20.0,
					"rotationZ": -20.0,
					"faces": {
						"north": { "texture": "#muskox-adult", "uv": [ 48.5, 78.0, 50.0, 79.0 ], "rotation": 180 },
						"east": { "texture": "#muskox-adult", "uv": [ 50.0, 79.0, 51.0, 80.0 ], "rotation": 90 },
						"south": { "texture": "#muskox-adult", "uv": [ 48.5, 80.0, 50.0, 81.0 ] },
						"west": { "texture": "#muskox-adult", "uv": [ 47.5, 79.0, 48.5, 80.0 ], "rotation": 270 },
						"up": { "texture": "#muskox-adult", "uv": [ 48.5, 79.0, 50.0, 80.0 ] }
					},
					"children": [
						{
							"name": "LHorn1",
							"from": [ 0.1, 0.9, 1.2 ],
							"to": [ 1.8, 1.9, 2.2 ],
							"unwrapMode": 4,
							"uv": [ 47.5, 76.5 ],
							"rotationOrigin": [ 1.8, 0.9, 1.2 ],
							"rotationX": 130.0,
							"faces": {
								"north": { "texture": "#muskox-adult", "uv": [ 47.5, 78.0, 49.0, 79.0 ] },
								"east": { "texture": "#muskox-adult", "uv": [ 51.5, 78.0, 52.5, 79.0 ] },
								"south": { "texture": "#muskox-adult", "uv": [ 50.0, 78.0, 51.5, 79.0 ] },
								"west": { "texture": "#muskox-adult", "uv": [ 49.0, 78.0, 50.0, 79.0 ] },
								"up": { "texture": "#muskox-adult", "uv": [ 49.0, 76.5, 50.0, 78.0 ], "rotation": 90 }
							},
							"children": [
								{
									"name": "LHorn2",
									"from": [ 0.1, 1.0, 0.1 ],
									"to": [ 1.6, 2.5, 1.1 ],
									"unwrapMode": 4,
									"uv": [ 47.5, 75.0 ],
									"rotationOrigin": [ 0.1, 1.0, 0.1 ],
									"rotationX": 37.0,
									"rotationY": -3.0,
									"rotationZ": -5.0,
									"faces": {
										"north": { "texture": "#muskox-adult", "uv": [ 47.5, 76.5, 49.0, 78.0 ] },
										"east": { "texture": "#muskox-adult", "uv": [ 51.5, 76.5, 52.5, 78.0 ] },
										"south": { "texture": "#muskox-adult", "uv": [ 50.0, 76.5, 51.5, 78.0 ] },
										"west": { "texture": "#muskox-adult", "uv": [ 49.0, 76.5, 50.0, 78.0 ] },
										"up": { "texture": "#muskox-adult", "uv": [ 49.0, 75.0, 50.0, 76.5 ], "rotation": 90 }
									},
									"children": [
										{
											"name": "LHorn3",
											"from": [ 0.1, 1.5, 0.1 ],
											"to": [ 1.4, 3.5, 0.9 ],
											"unwrapMode": 4,
											"uv": [ 50.5, 73.5 ],
											"rotationOrigin": [ 1.4, 1.5, 0.1 ],
											"rotationX": 20.0,
											"rotationZ": 10.0,
											"faces": {
												"north": { "texture": "#muskox-adult", "uv": [ 50.5, 74.5, 51.5, 76.5 ] },
												"east": { "texture": "#muskox-adult", "uv": [ 53.0, 74.5, 53.5, 76.5 ] },
												"south": { "texture": "#muskox-adult", "uv": [ 52.0, 74.5, 53.0, 76.5 ] },
												"west": { "texture": "#muskox-adult", "uv": [ 51.5, 74.5, 52.0, 76.5 ] },
												"up": { "texture": "#muskox-adult", "uv": [ 51.5, 73.5, 52.0, 74.5 ], "rotation": 90 }
											},
											"children": [
												{
													"name": "LHorn4",
													"from": [ 0.2, 2.0, 0.2 ],
													"to": [ 1.3, 3.5, 0.8 ],
													"unwrapMode": 4,
													"uv": [ 51.5, 71.0 ],
													"rotationOrigin": [ 0.2, 2.0, 0.8 ],
													"rotationX": -45.0,
													"rotationY": 5.0,
													"rotationZ": 6.0,
													"faces": {
														"north": { "texture": "#muskox-adult", "uv": [ 51.5, 72.0, 52.5, 73.5 ] },
														"east": { "texture": "#muskox-adult", "uv": [ 54.0, 72.0, 54.5, 73.5 ] },
														"south": { "texture": "#muskox-adult", "uv": [ 53.0, 72.0, 54.0, 73.5 ] },
														"west": { "texture": "#muskox-adult", "uv": [ 52.5, 72.0, 53.0, 73.5 ] },
														"up": { "texture": "#muskox-adult", "uv": [ 52.5, 71.0, 53.0, 72.0 ], "rotation": 90 }
													},
													"children": [
														{
															"name": "LHorn5",
															"from": [ 0.1, 1.5, 0.1 ],
															"to": [ 1.0, 2.5, 0.6 ],
															"unwrapMode": 4,
															"uv": [ 51.5, 69.5 ],
															"rotationOrigin": [ 0.1, 1.5, 0.6 ],
															"rotationX": -30.0,
															"rotationY": 5.0,
															"faces": {
																"north": { "texture": "#muskox-adult", "uv": [ 51.5, 70.0, 52.0, 71.0 ] },
																"east": { "texture": "#muskox-adult", "uv": [ 53.0, 70.0, 53.5, 71.0 ] },
																"south": { "texture": "#muskox-adult", "uv": [ 52.5, 70.0, 53.0, 71.0 ] },
																"west": { "texture": "#muskox-adult", "uv": [ 52.0, 70.0, 52.5, 71.0 ] },
																"up": { "texture": "#muskox-adult", "uv": [ 52.0, 69.5, 52.5, 70.0 ], "rotation": 90 }
															},
															"children": [
																{
																	"name": "LHorn6",
																	"from": [ 0.1, 1.0, 0.1 ],
																	"to": [ 0.8, 2.0, 0.5 ],
																	"unwrapMode": 1,
																	"uv": [ 51.5, 67.0 ],
																	"rotationOrigin": [ 0.1, 1.0, 0.5 ],
																	"rotationX": -35.0,
																	"rotationY": 5.0,
																	"faces": {
																		"north": { "texture": "#muskox-adult", "uv": [ 52.0, 67.5, 52.5, 68.5 ] },
																		"east": { "texture": "#muskox-adult", "uv": [ 51.5, 67.5, 52.0, 68.5 ] },
																		"south": { "texture": "#muskox-adult", "uv": [ 53.0, 67.5, 53.5, 68.5 ] },
																		"west": { "texture": "#muskox-adult", "uv": [ 52.5, 67.5, 53.0, 68.5 ] },
																		"up": { "texture": "#muskox-adult", "uv": [ 52.0, 67.0, 52.5, 67.5 ], "rotation": 180 }
																	},
																	"children": [
																		{
																			"name": "LHorn7",
																			"from": [ 0.1, 1.0, 0.1 ],
																			"to": [ 0.6, 2.0, 0.4 ],
																			"unwrapMode": 1,
																			"uv": [ 51.5, 64.5 ],
																			"rotationOrigin": [ 0.1, 1.0, 0.4 ],
																			"rotationX": -35.0,
																			"rotationY": 5.0,
																			"faces": {
																				"north": { "texture": "#muskox-adult", "uv": [ 52.0, 65.0, 52.5, 66.0 ] },
																				"east": { "texture": "#muskox-adult", "uv": [ 51.5, 65.0, 52.0, 66.0 ] },
																				"south": { "texture": "#muskox-adult", "uv": [ 53.0, 65.0, 53.5, 66.0 ] },
																				"west": { "texture": "#muskox-adult", "uv": [ 52.5, 65.0, 53.0, 66.0 ] },
																				"up": { "texture": "#muskox-adult", "uv": [ 52.0, 64.5, 52.5, 65.0 ], "rotation": 180 }
																			},
																			"children": [
																				{
																					"name": "LHorn8",
																					"from": [ 0.1, 1.0, 0.1 ],
																					"to": [ 0.4, 2.0, 0.3 ],
																					"unwrapMode": 1,
																					"uv": [ 51.5, 62.5 ],
																					"rotationOrigin": [ 0.1, 1.0, 0.3 ],
																					"rotationX": -35.0,
																					"rotationY": 5.0,
																					"faces": {
																						"north": { "texture": "#muskox-adult", "uv": [ 52.0, 63.0, 52.5, 64.0 ] },
																						"east": { "texture": "#muskox-adult", "uv": [ 51.5, 63.0, 52.0, 64.0 ] },
																						"south": { "texture": "#muskox-adult", "uv": [ 53.0, 63.0, 53.5, 64.0 ] },
																						"west": { "texture": "#muskox-adult", "uv": [ 52.5, 63.0, 53.0, 64.0 ] },
																						"up": { "texture": "#muskox-adult", "uv": [ 52.0, 62.5, 52.5, 63.0 ], "rotation": 180 }
																					}
																				}
																			]
																		}
																	]
																}
															]
														}
													]
												}
											]
										}
									]
								}
							]
						}
					]
				},
				{
					"name": "RHorn0",
					"from": [ -0.2, -0.5, -1.0 ],
					"to": [ 1.7, 0.5, 0.2 ],
					"unwrapMode": 5,
					"uv": [ 55.0, 78.0 ],
					"rotationOrigin": [ -0.2, -0.5, -1.0 ],
					"rotationX": 20.0,
					"rotationZ": -20.0,
					"faces": {
						"north": { "texture": "#muskox-adult", "uv": [ 56.0, 78.0, 57.5, 79.0 ], "rotation": 180 },
						"east": { "texture": "#muskox-adult", "uv": [ 57.5, 79.0, 58.5, 80.0 ], "rotation": 90 },
						"south": { "texture": "#muskox-adult", "uv": [ 56.0, 80.0, 57.5, 81.0 ] },
						"west": { "texture": "#muskox-adult", "uv": [ 55.0, 79.0, 56.0, 80.0 ], "rotation": 270 },
						"up": { "texture": "#muskox-adult", "uv": [ 56.0, 79.0, 57.5, 80.0 ] }
					},
					"children": [
						{
							"name": "RHorn1",
							"from": [ 0.1, 0.9, -1.0 ],
							"to": [ 1.8, 1.9, 0.0 ],
							"unwrapMode": 4,
							"uv": [ 54.0, 76.5 ],
							"rotationOrigin": [ 1.8, 0.9, 0.0 ],
							"rotationX": -130.0,
							"faces": {
								"north": { "texture": "#muskox-adult", "uv": [ 54.0, 78.0, 55.5, 79.0 ] },
								"east": { "texture": "#muskox-adult", "uv": [ 58.0, 78.0, 59.0, 79.0 ] },
								"south": { "texture": "#muskox-adult", "uv": [ 56.5, 78.0, 58.0, 79.0 ] },
								"west": { "texture": "#muskox-adult", "uv": [ 55.5, 78.0, 56.5, 79.0 ] },
								"up": { "texture": "#muskox-adult", "uv": [ 55.5, 76.5, 56.5, 78.0 ], "rotation": 90 }
							},
							"children": [
								{
									"name": "RHorn2",
									"from": [ 0.1, 1.0, 0.0 ],
									"to": [ 1.6, 2.5, 1.0 ],
									"unwrapMode": 4,
									"uv": [ 54.0, 75.0 ],
									"rotationOrigin": [ 0.1, 1.0, 1.0 ],
									"rotationX": -37.0,
									"rotationY": 3.0,
									"rotationZ": -5.0,
									"faces": {
										"north": { "texture": "#muskox-adult", "uv": [ 54.0, 76.5, 55.5, 78.0 ] },
										"east": { "texture": "#muskox-adult", "uv": [ 58.0, 76.5, 59.0, 78.0 ] },
										"south": { "texture": "#muskox-adult", "uv": [ 56.5, 76.5, 58.0, 78.0 ] },
										"west": { "texture": "#muskox-adult", "uv": [ 55.5, 76.5, 56.5, 78.0 ] },
										"up": { "texture": "#muskox-adult", "uv": [ 55.5, 75.0, 56.5, 76.5 ], "rotation": 90 }
									},
									"children": [
										{
											"name": "RHorn3",
											"from": [ 0.1, 1.5, 0.1 ],
											"to": [ 1.4, 3.5, 0.9 ],
											"unwrapMode": 4,
											"uv": [ 56.0, 73.5 ],
											"rotationOrigin": [ 1.4, 1.5, 0.9 ],
											"rotationX": -20.0,
											"rotationZ": 10.0,
											"faces": {
												"north": { "texture": "#muskox-adult", "uv": [ 56.0, 74.5, 57.0, 76.5 ] },
												"east": { "texture": "#muskox-adult", "uv": [ 58.5, 74.5, 59.0, 76.5 ] },
												"south": { "texture": "#muskox-adult", "uv": [ 57.5, 74.5, 58.5, 76.5 ] },
												"west": { "texture": "#muskox-adult", "uv": [ 57.0, 74.5, 57.5, 76.5 ] },
												"up": { "texture": "#muskox-adult", "uv": [ 57.0, 73.5, 57.5, 74.5 ], "rotation": 90 }
											},
											"children": [
												{
													"name": "RHorn4",
													"from": [ 0.2, 2.0, 0.2 ],
													"to": [ 1.3, 3.5, 0.8 ],
													"unwrapMode": 4,
													"uv": [ 54.5, 71.0 ],
													"rotationOrigin": [ 0.2, 2.0, 0.2 ],
													"rotationX": 45.0,
													"rotationY": -5.0,
													"rotationZ": 6.0,
													"faces": {
														"north": { "texture": "#muskox-adult", "uv": [ 54.5, 72.0, 55.5, 73.5 ] },
														"east": { "texture": "#muskox-adult", "uv": [ 57.0, 72.0, 57.5, 73.5 ] },
														"south": { "texture": "#muskox-adult", "uv": [ 56.0, 72.0, 57.0, 73.5 ] },
														"west": { "texture": "#muskox-adult", "uv": [ 55.5, 72.0, 56.0, 73.5 ] },
														"up": { "texture": "#muskox-adult", "uv": [ 55.5, 71.0, 56.0, 72.0 ], "rotation": 90 }
													},
													"children": [
														{
															"name": "RHorn5",
															"from": [ 0.1, 1.5, 0.0 ],
															"to": [ 1.0, 2.5, 0.5 ],
															"unwrapMode": 4,
															"uv": [ 55.5, 69.5 ],
															"rotationOrigin": [ 0.1, 1.5, 0.0 ],
															"rotationX": 30.0,
															"rotationY": -5.0,
															"faces": {
																"north": { "texture": "#muskox-adult", "uv": [ 55.5, 70.0, 56.0, 71.0 ] },
																"east": { "texture": "#muskox-adult", "uv": [ 57.0, 70.0, 57.5, 71.0 ] },
																"south": { "texture": "#muskox-adult", "uv": [ 56.5, 70.0, 57.0, 71.0 ] },
																"west": { "texture": "#muskox-adult", "uv": [ 56.0, 70.0, 56.5, 71.0 ] },
																"up": { "texture": "#muskox-adult", "uv": [ 56.0, 69.5, 56.5, 70.0 ], "rotation": 90 }
															},
															"children": [
																{
																	"name": "RHorn6",
																	"from": [ 0.1, 1.0, 0.0 ],
																	"to": [ 0.8, 2.0, 0.4 ],
																	"unwrapMode": 3,
																	"uv": [ 55.5, 67.0 ],
																	"rotationOrigin": [ 0.1, 1.0, 0.0 ],
																	"rotationX": 35.0,
																	"rotationY": -5.0,
																	"faces": {
																		"north": { "texture": "#muskox-adult", "uv": [ 57.0, 67.5, 57.5, 68.5 ] },
																		"east": { "texture": "#muskox-adult", "uv": [ 56.5, 67.5, 57.0, 68.5 ] },
																		"south": { "texture": "#muskox-adult", "uv": [ 56.0, 67.5, 56.5, 68.5 ] },
																		"west": { "texture": "#muskox-adult", "uv": [ 55.5, 67.5, 56.0, 68.5 ] },
																		"up": { "texture": "#muskox-adult", "uv": [ 56.0, 67.0, 56.5, 67.5 ] }
																	},
																	"children": [
																		{
																			"name": "RHorn7",
																			"from": [ 0.1, 1.0, 0.1 ],
																			"to": [ 0.6, 2.0, 0.4 ],
																			"unwrapMode": 3,
																			"uv": [ 55.5, 64.5 ],
																			"rotationOrigin": [ 0.1, 1.0, 0.1 ],
																			"rotationX": 35.0,
																			"rotationY": -5.0,
																			"faces": {
																				"north": { "texture": "#muskox-adult", "uv": [ 57.0, 65.0, 57.5, 66.0 ] },
																				"east": { "texture": "#muskox-adult", "uv": [ 56.5, 65.0, 57.0, 66.0 ] },
																				"south": { "texture": "#muskox-adult", "uv": [ 56.0, 65.0, 56.5, 66.0 ] },
																				"west": { "texture": "#muskox-adult", "uv": [ 55.5, 65.0, 56.0, 66.0 ] },
																				"up": { "texture": "#muskox-adult", "uv": [ 56.0, 64.5, 56.5, 65.0 ] }
																			},
																			"children": [
																				{
																					"name": "RHorn8",
																					"from": [ 0.1, 1.0, 0.0 ],
																					"to": [ 0.4, 2.0, 0.2 ],
																					"unwrapMode": 3,
																					"uv": [ 55.5, 62.5 ],
																					"rotationOrigin": [ 0.1, 1.0, 0.0 ],
																					"rotationX": 35.0,
																					"rotationY": -5.0,
																					"faces": {
																						"north": { "texture": "#muskox-adult", "uv": [ 57.0, 63.0, 57.5, 64.0 ] },
																						"east": { "texture": "#muskox-adult", "uv": [ 56.5, 63.0, 57.0, 64.0 ] },
																						"south": { "texture": "#muskox-adult", "uv": [ 56.0, 63.0, 56.5, 64.0 ] },
																						"west": { "texture": "#muskox-adult", "uv": [ 55.5, 63.0, 56.0, 64.0 ] },
																						"up": { "texture": "#muskox-adult", "uv": [ 56.0, 62.5, 56.5, 63.0 ] }
																					}
																				}
																			]
																		}
																	]
																}
															]
														}
													]
												}
											]
										}
									]
								}
							]
						}
					]
				}
			]
		}
	]}