{
	"editor": {
		"backDropShape": "seraph-hairless",
		"collapsedPaths": "Root/Body/abdomen,Root/Horn Attachment/HornL01,Root/Body/R front Thigh,Root/Body/Left Shoulder,Root/Body/Right Shoulder,Root/Horn Attachment/HornR01",
		"allAngles": true,
		"entityTextureMode": true
	},
	"textureWidth": 44,
	"textureHeight": 80,
	"textureSizes": {
		"valais-adult": [44,80]
	},
	"textures": {
		"valais-adult": "game:entity/animal/mammal/hooved/goat/valais-adult"
	},
	"elements": [
		{
			"name": "Horn Attachment",
			"stepParentName": "Head",
			"from": [ 0.4, 3.7, 1.35 ],
			"to": [ 1.4, 4.7, 2.35 ],
			"unwrapMode": 4,
			"uv": [ 1.0, 19.5 ],
			"rotationOrigin": [ 0.4, 3.7, 1.3 ],
			"faces": {
			},
			"children": [
				{
					"name": "HornL01",
					"from": [ 0.1, 0.9, 1.8 ],
					"to": [ 1.4, 3.4, 2.6 ],
					"unwrapMode": 4,
					"uv": [ 29.0, 50.0 ],
					"rotationOrigin": [ 0.1, 0.9, 1.8 ],
					"rotationX": 10.0,
					"rotationY": -40.0,
					"rotationZ": -10.0,
					"faces": {
						"north": { "texture": "#valais-adult", "uv": [ 29.0, 51.0, 30.0, 53.5 ] },
						"east": { "texture": "#valais-adult", "uv": [ 31.5, 51.0, 32.0, 53.5 ] },
						"south": { "texture": "#valais-adult", "uv": [ 30.5, 51.0, 31.5, 53.5 ] },
						"west": { "texture": "#valais-adult", "uv": [ 30.0, 51.0, 30.5, 53.5 ] },
						"up": { "texture": "#valais-adult", "uv": [ 30.0, 50.0, 30.5, 51.0 ], "rotation": 90 }
					},
					"children": [
						{
							"name": "HornL02",
							"from": [ 0.05, 2.5, 0.0 ],
							"to": [ 1.25, 4.5, 0.7 ],
							"unwrapMode": 4,
							"uv": [ 29.0, 47.0 ],
							"rotationOrigin": [ 0.05, 2.5, 0.0 ],
							"rotationX": 15.0,
							"rotationY": -4.0,
							"rotationZ": -20.0,
							"faces": {
								"north": { "texture": "#valais-adult", "uv": [ 29.0, 48.0, 30.0, 50.0 ] },
								"east": { "texture": "#valais-adult", "uv": [ 31.5, 48.0, 32.0, 50.0 ] },
								"south": { "texture": "#valais-adult", "uv": [ 30.5, 48.0, 31.5, 50.0 ] },
								"west": { "texture": "#valais-adult", "uv": [ 30.0, 48.0, 30.5, 50.0 ] },
								"up": { "texture": "#valais-adult", "uv": [ 30.0, 47.0, 30.5, 48.0 ], "rotation": 90 }
							},
							"children": [
								{
									"name": "HornL03",
									"from": [ 0.05, 2.0, 0.0 ],
									"to": [ 1.15, 3.5, 0.6 ],
									"unwrapMode": 4,
									"uv": [ 29.0, 44.0 ],
									"rotationOrigin": [ 0.05, 2.0, 0.0 ],
									"rotationX": 15.0,
									"rotationY": -5.0,
									"rotationZ": -20.0,
									"faces": {
										"north": { "texture": "#valais-adult", "uv": [ 29.0, 45.0, 30.0, 46.5 ] },
										"east": { "texture": "#valais-adult", "uv": [ 31.5, 45.0, 32.0, 46.5 ] },
										"south": { "texture": "#valais-adult", "uv": [ 30.5, 45.0, 31.5, 46.5 ] },
										"west": { "texture": "#valais-adult", "uv": [ 30.0, 45.0, 30.5, 46.5 ] },
										"up": { "texture": "#valais-adult", "uv": [ 30.0, 44.0, 30.5, 45.0 ], "rotation": 90 }
									},
									"children": [
										{
											"name": "HornL04",
											"from": [ 0.05, 1.5, 0.0 ],
											"to": [ 1.05, 3.0, 0.5 ],
											"unwrapMode": 4,
											"uv": [ 29.0, 41.0 ],
											"rotationOrigin": [ 0.05, 1.5, 0.0 ],
											"rotationX": 15.0,
											"rotationY": -6.0,
											"rotationZ": -20.0,
											"faces": {
												"north": { "texture": "#valais-adult", "uv": [ 29.0, 42.0, 30.0, 43.5 ] },
												"east": { "texture": "#valais-adult", "uv": [ 31.5, 42.0, 32.0, 43.5 ] },
												"south": { "texture": "#valais-adult", "uv": [ 30.5, 42.0, 31.5, 43.5 ] },
												"west": { "texture": "#valais-adult", "uv": [ 30.0, 42.0, 30.5, 43.5 ] },
												"up": { "texture": "#valais-adult", "uv": [ 30.0, 41.0, 30.5, 42.0 ], "rotation": 90 }
											},
											"children": [
												{
													"name": "HornL5",
													"from": [ 0.1, 1.5, 0.1 ],
													"to": [ 1.0, 3.0, 0.5 ],
													"unwrapMode": 4,
													"uv": [ 30.5, 38.0 ],
													"rotationOrigin": [ 1.0, 1.5, 0.1 ],
													"rotationX": 8.0,
													"rotationY": -5.0,
													"rotationZ": 15.0,
													"faces": {
														"north": { "texture": "#valais-adult", "uv": [ 30.5, 38.5, 31.0, 40.0 ] },
														"east": { "texture": "#valais-adult", "uv": [ 32.0, 38.5, 32.5, 40.0 ] },
														"south": { "texture": "#valais-adult", "uv": [ 31.5, 38.5, 32.0, 40.0 ] },
														"west": { "texture": "#valais-adult", "uv": [ 31.0, 38.5, 31.5, 40.0 ] },
														"up": { "texture": "#valais-adult", "uv": [ 31.0, 38.0, 31.5, 38.5 ], "rotation": 90 }
													},
													"children": [
														{
															"name": "HornL6",
															"from": [ 0.1, 1.5, 0.1 ],
															"to": [ 0.9, 2.5, 0.4 ],
															"unwrapMode": 4,
															"uv": [ 30.5, 36.0 ],
															"rotationOrigin": [ 0.9, 1.5, 0.1 ],
															"rotationX": -8.0,
															"rotationY": -5.0,
															"rotationZ": 15.0,
															"faces": {
																"north": { "texture": "#valais-adult", "uv": [ 30.5, 36.5, 31.0, 37.5 ] },
																"east": { "texture": "#valais-adult", "uv": [ 32.0, 36.5, 32.5, 37.5 ] },
																"south": { "texture": "#valais-adult", "uv": [ 31.5, 36.5, 32.0, 37.5 ] },
																"west": { "texture": "#valais-adult", "uv": [ 31.0, 36.5, 31.5, 37.5 ] },
																"up": { "texture": "#valais-adult", "uv": [ 31.0, 36.0, 31.5, 36.5 ], "rotation": 90 }
															},
															"children": [
																{
																	"name": "HornL7",
																	"from": [ 0.1, 1.0, 0.0 ],
																	"to": [ 0.7, 2.0, 0.3 ],
																	"unwrapMode": 4,
																	"uv": [ 30.5, 34.0 ],
																	"rotationOrigin": [ 0.7, 1.0, 0.0 ],
																	"rotationX": -8.0,
																	"rotationY": -5.0,
																	"rotationZ": 15.0,
																	"faces": {
																		"north": { "texture": "#valais-adult", "uv": [ 30.5, 34.5, 31.0, 35.5 ] },
																		"east": { "texture": "#valais-adult", "uv": [ 32.0, 34.5, 32.5, 35.5 ] },
																		"south": { "texture": "#valais-adult", "uv": [ 31.5, 34.5, 32.0, 35.5 ] },
																		"west": { "texture": "#valais-adult", "uv": [ 31.0, 34.5, 31.5, 35.5 ] },
																		"up": { "texture": "#valais-adult", "uv": [ 31.0, 34.0, 31.5, 34.5 ], "rotation": 90 }
																	},
																	"children": [
																		{
																			"name": "HornL8",
																			"from": [ 0.1, 1.0, 0.1 ],
																			"to": [ 0.5, 2.0, 0.3 ],
																			"unwrapMode": 4,
																			"uv": [ 30.5, 32.0 ],
																			"rotationOrigin": [ 0.5, 1.0, 0.1 ],
																			"rotationX": -8.0,
																			"rotationY": -12.0,
																			"rotationZ": 15.0,
																			"faces": {
																				"north": { "texture": "#valais-adult", "uv": [ 30.5, 32.5, 31.0, 33.5 ] },
																				"east": { "texture": "#valais-adult", "uv": [ 32.0, 32.5, 32.5, 33.5 ] },
																				"south": { "texture": "#valais-adult", "uv": [ 31.5, 32.5, 32.0, 33.5 ] },
																				"west": { "texture": "#valais-adult", "uv": [ 31.0, 32.5, 31.5, 33.5 ] },
																				"up": { "texture": "#valais-adult", "uv": [ 31.0, 32.0, 31.5, 32.5 ], "rotation": 90 }
																			}
																		}
																	]
																}
															]
														}
													]
												}
											]
										}
									]
								}
							]
						}
					]
				},
				{
					"name": "HornR01",
					"from": [ 0.1, 0.9, -0.3 ],
					"to": [ 1.4, 3.4, 0.5 ],
					"unwrapMode": 4,
					"uv": [ 31.5, 50.0 ],
					"rotationOrigin": [ 0.1, 0.9, 0.5 ],
					"rotationX": -10.0,
					"rotationY": 40.0,
					"rotationZ": -10.0,
					"faces": {
						"north": { "texture": "#valais-adult", "uv": [ 31.5, 51.0, 32.5, 53.5 ] },
						"east": { "texture": "#valais-adult", "uv": [ 34.0, 51.0, 34.5, 53.5 ] },
						"south": { "texture": "#valais-adult", "uv": [ 33.0, 51.0, 34.0, 53.5 ] },
						"west": { "texture": "#valais-adult", "uv": [ 32.5, 51.0, 33.0, 53.5 ] },
						"up": { "texture": "#valais-adult", "uv": [ 32.5, 50.0, 33.0, 51.0 ], "rotation": 90 }
					},
					"children": [
						{
							"name": "HornR02",
							"from": [ 0.05, 2.5, 0.0 ],
							"to": [ 1.25, 4.5, 0.7 ],
							"unwrapMode": 4,
							"uv": [ 31.5, 47.0 ],
							"rotationOrigin": [ 0.05, 2.5, 0.7 ],
							"rotationX": -15.0,
							"rotationY": 4.0,
							"rotationZ": -20.0,
							"faces": {
								"north": { "texture": "#valais-adult", "uv": [ 31.5, 48.0, 32.5, 50.0 ] },
								"east": { "texture": "#valais-adult", "uv": [ 34.0, 48.0, 34.5, 50.0 ] },
								"south": { "texture": "#valais-adult", "uv": [ 33.0, 48.0, 34.0, 50.0 ] },
								"west": { "texture": "#valais-adult", "uv": [ 32.5, 48.0, 33.0, 50.0 ] },
								"up": { "texture": "#valais-adult", "uv": [ 32.5, 47.0, 33.0, 48.0 ], "rotation": 90 }
							},
							"children": [
								{
									"name": "HornR03",
									"from": [ 0.05, 2.0, 0.1 ],
									"to": [ 1.15, 3.5, 0.7 ],
									"unwrapMode": 4,
									"uv": [ 31.5, 44.0 ],
									"rotationOrigin": [ 0.05, 2.0, 0.7 ],
									"rotationX": -15.0,
									"rotationY": 5.0,
									"rotationZ": -20.0,
									"faces": {
										"north": { "texture": "#valais-adult", "uv": [ 31.5, 45.0, 32.5, 46.5 ] },
										"east": { "texture": "#valais-adult", "uv": [ 34.0, 45.0, 34.5, 46.5 ] },
										"south": { "texture": "#valais-adult", "uv": [ 33.0, 45.0, 34.0, 46.5 ] },
										"west": { "texture": "#valais-adult", "uv": [ 32.5, 45.0, 33.0, 46.5 ] },
										"up": { "texture": "#valais-adult", "uv": [ 32.5, 44.0, 33.0, 45.0 ], "rotation": 90 }
									},
									"children": [
										{
											"name": "HornR04",
											"from": [ 0.05, 1.5, 0.1 ],
											"to": [ 1.05, 3.0, 0.6 ],
											"unwrapMode": 4,
											"uv": [ 31.5, 41.0 ],
											"rotationOrigin": [ 0.05, 1.5, 0.6 ],
											"rotationX": -15.0,
											"rotationY": 6.0,
											"rotationZ": -20.0,
											"faces": {
												"north": { "texture": "#valais-adult", "uv": [ 31.5, 42.0, 32.5, 43.5 ] },
												"east": { "texture": "#valais-adult", "uv": [ 34.0, 42.0, 34.5, 43.5 ] },
												"south": { "texture": "#valais-adult", "uv": [ 33.0, 42.0, 34.0, 43.5 ] },
												"west": { "texture": "#valais-adult", "uv": [ 32.5, 42.0, 33.0, 43.5 ] },
												"up": { "texture": "#valais-adult", "uv": [ 32.5, 41.0, 33.0, 42.0 ], "rotation": 90 }
											},
											"children": [
												{
													"name": "HornR5",
													"from": [ 0.1, 1.5, 0.0 ],
													"to": [ 1.0, 3.0, 0.4 ],
													"unwrapMode": 4,
													"uv": [ 32.5, 38.0 ],
													"rotationOrigin": [ 1.0, 1.5, 0.4 ],
													"rotationX": -8.0,
													"rotationY": 5.0,
													"rotationZ": 15.0,
													"faces": {
														"north": { "texture": "#valais-adult", "uv": [ 32.5, 38.5, 33.0, 40.0 ] },
														"east": { "texture": "#valais-adult", "uv": [ 34.0, 38.5, 34.5, 40.0 ] },
														"south": { "texture": "#valais-adult", "uv": [ 33.5, 38.5, 34.0, 40.0 ] },
														"west": { "texture": "#valais-adult", "uv": [ 33.0, 38.5, 33.5, 40.0 ] },
														"up": { "texture": "#valais-adult", "uv": [ 33.0, 38.0, 33.5, 38.5 ], "rotation": 90 }
													},
													"children": [
														{
															"name": "HornR6",
															"from": [ 0.1, 1.5, 0.0 ],
															"to": [ 0.9, 2.5, 0.3 ],
															"unwrapMode": 4,
															"uv": [ 32.5, 36.0 ],
															"rotationOrigin": [ 0.9, 1.5, 0.3 ],
															"rotationX": 8.0,
															"rotationY": 5.0,
															"rotationZ": 15.0,
															"faces": {
																"north": { "texture": "#valais-adult", "uv": [ 32.5, 36.5, 33.0, 37.5 ] },
																"east": { "texture": "#valais-adult", "uv": [ 34.0, 36.5, 34.5, 37.5 ] },
																"south": { "texture": "#valais-adult", "uv": [ 33.5, 36.5, 34.0, 37.5 ] },
																"west": { "texture": "#valais-adult", "uv": [ 33.0, 36.5, 33.5, 37.5 ] },
																"up": { "texture": "#valais-adult", "uv": [ 33.0, 36.0, 33.5, 36.5 ], "rotation": 90 }
															},
															"children": [
																{
																	"name": "HornR7",
																	"from": [ 0.1, 1.0, 0.0 ],
																	"to": [ 0.7, 2.0, 0.3 ],
																	"unwrapMode": 4,
																	"uv": [ 32.5, 34.0 ],
																	"rotationOrigin": [ 0.7, 1.0, 0.3 ],
																	"rotationX": 8.0,
																	"rotationY": 5.0,
																	"rotationZ": 15.0,
																	"faces": {
																		"north": { "texture": "#valais-adult", "uv": [ 32.5, 34.5, 33.0, 35.5 ] },
																		"east": { "texture": "#valais-adult", "uv": [ 34.0, 34.5, 34.5, 35.5 ] },
																		"south": { "texture": "#valais-adult", "uv": [ 33.5, 34.5, 34.0, 35.5 ] },
																		"west": { "texture": "#valais-adult", "uv": [ 33.0, 34.5, 33.5, 35.5 ] },
																		"up": { "texture": "#valais-adult", "uv": [ 33.0, 34.0, 33.5, 34.5 ], "rotation": 90 }
																	},
																	"children": [
																		{
																			"name": "HornR8",
																			"from": [ 0.1, 1.0, 0.0 ],
																			"to": [ 0.5, 2.0, 0.2 ],
																			"unwrapMode": 4,
																			"uv": [ 32.5, 32.0 ],
																			"rotationOrigin": [ 0.5, 1.0, 0.2 ],
																			"rotationX": 8.0,
																			"rotationY": 12.0,
																			"rotationZ": 15.0,
																			"faces": {
																				"north": { "texture": "#valais-adult", "uv": [ 32.5, 32.5, 33.0, 33.5 ] },
																				"east": { "texture": "#valais-adult", "uv": [ 34.0, 32.5, 34.5, 33.5 ] },
																				"south": { "texture": "#valais-adult", "uv": [ 33.5, 32.5, 34.0, 33.5 ] },
																				"west": { "texture": "#valais-adult", "uv": [ 33.0, 32.5, 33.5, 33.5 ] },
																				"up": { "texture": "#valais-adult", "uv": [ 33.0, 32.0, 33.5, 32.5 ], "rotation": 90 }
																			}
																		}
																	]
																}
															]
														}
													]
												}
											]
										}
									]
								}
							]
						}
					]
				}
			]
		}
	]}