{
	"editor": {
		"backDropShape": "seraph-hairless",
		"collapsedPaths": "Root/Body/abdomen,Root/Body/Left Shoulder,Root/Body/Right Shoulder",
		"allAngles": true,
		"entityTextureMode": true
	},
	"textureWidth": 60,
	"textureHeight": 76,
	"textureSizes": {
		"whitetail-adult": [60,76]
	},
	"textures": {
		"whitetail-adult": "game:entity/animal/mammal/hooved/deer/whitetail-adult"
	},
	"elements": [
		{
			"name": "Horn attachment",
			"stepParentName": "Head",
			"from": [ -0.5, 4.5, 1.8 ],
			"to": [ 0.5, 5.5, 2.8 ],
			"uv": [ 0.0, 0.0 ],
			"rotationOrigin": [ -0.5, 4.5, 1.8 ],
			"rotationZ": -11.0,
			"faces": {
			},
			"children": [
				{
					"name": "R antler base",
					"from": [ 0.5, 0.7, -1.5 ],
					"to": [ 1.6, 2.0, -0.4 ],
					"unwrapMode": 4,
					"uv": [ 43.0, 73.0 ],
					"rotationOrigin": [ 0.5, 0.7, -0.4 ],
					"rotationX": -30.0,
					"rotationZ": -25.0,
					"faces": {
						"north": { "texture": "#whitetail-adult", "uv": [ 43.0, 74.0, 44.0, 75.0 ] },
						"east": { "texture": "#whitetail-adult", "uv": [ 46.0, 74.0, 47.0, 75.0 ] },
						"south": { "texture": "#whitetail-adult", "uv": [ 45.0, 74.0, 46.0, 75.0 ] },
						"west": { "texture": "#whitetail-adult", "uv": [ 44.0, 74.0, 45.0, 75.0 ], "windMode": [-1,-1,-1,-1], "windData": [0,1,1,1] },
						"up": { "texture": "#whitetail-adult", "uv": [ 44.0, 73.0, 45.0, 74.0 ], "rotation": 90 },
						"down": { "texture": "#whitetail-adult", "uv": [ 44.0, 75.0, 45.0, 76.0 ], "rotation": 90 }
					},
					"children": [
						{
							"name": "R antler base 2",
							"from": [ 0.1, 1.2, 0.0 ],
							"to": [ 1.1, 4.2, 1.0 ],
							"unwrapMode": 4,
							"uv": [ 43.0, 71.0 ],
							"rotationOrigin": [ 0.1, 1.2, 1.0 ],
							"rotationX": -11.0,
							"rotationZ": -10.0,
							"faces": {
								"north": { "texture": "#whitetail-adult", "uv": [ 43.0, 72.0, 44.0, 75.0 ] },
								"east": { "texture": "#whitetail-adult", "uv": [ 46.0, 72.0, 47.0, 75.0 ] },
								"south": { "texture": "#whitetail-adult", "uv": [ 45.0, 72.0, 46.0, 75.0 ] },
								"west": { "texture": "#whitetail-adult", "uv": [ 44.0, 72.0, 45.0, 75.0 ] },
								"up": { "texture": "#whitetail-adult", "uv": [ 44.0, 71.0, 45.0, 72.0 ], "rotation": 90 },
								"down": { "texture": "#whitetail-adult", "uv": [ 44.0, 75.0, 45.0, 76.0 ], "rotation": 90 }
							},
							"children": [
								{
									"name": "R antler base 3",
									"from": [ 0.3, 2.6, 0.2 ],
									"to": [ 1.2, 4.6, 1.1 ],
									"unwrapMode": 2,
									"uv": [ 45.0, 69.0 ],
									"rotationOrigin": [ 0.2, 2.6, 1.1 ],
									"rotationX": -28.0,
									"rotationZ": 38.0,
									"faces": {
										"north": { "texture": "#whitetail-adult", "uv": [ 46.0, 69.5, 46.5, 71.5 ] },
										"east": { "texture": "#whitetail-adult", "uv": [ 45.5, 69.5, 46.0, 71.5 ] },
										"south": { "texture": "#whitetail-adult", "uv": [ 45.0, 69.5, 45.5, 71.5 ] },
										"west": { "texture": "#whitetail-adult", "uv": [ 46.5, 69.5, 47.0, 71.5 ] },
										"up": { "texture": "#whitetail-adult", "uv": [ 45.5, 69.0, 46.0, 69.5 ], "rotation": 270 },
										"down": { "texture": "#whitetail-adult", "uv": [ 45.5, 71.5, 46.0, 72.0 ], "rotation": 270 }
									},
									"children": [
										{
											"name": "R antler base 4",
											"from": [ 0.1, 1.4, 0.0 ],
											"to": [ 0.9, 3.4, 0.8 ],
											"unwrapMode": 3,
											"uv": [ 44.0, 66.5 ],
											"rotationOrigin": [ 0.1, 1.4, 0.8 ],
											"rotationX": -20.0,
											"rotationY": -20.0,
											"rotationZ": 45.0,
											"faces": {
												"north": { "texture": "#whitetail-adult", "uv": [ 45.5, 67.0, 46.0, 69.0 ] },
												"east": { "texture": "#whitetail-adult", "uv": [ 45.0, 67.0, 45.5, 69.0 ] },
												"south": { "texture": "#whitetail-adult", "uv": [ 44.5, 67.0, 45.0, 69.0 ] },
												"west": { "texture": "#whitetail-adult", "uv": [ 44.0, 67.0, 44.5, 69.0 ] },
												"up": { "texture": "#whitetail-adult", "uv": [ 44.5, 66.5, 45.0, 67.0 ] },
												"down": { "texture": "#whitetail-adult", "uv": [ 44.5, 69.0, 45.0, 69.5 ], "rotation": 180 }
											},
											"children": [
												{
													"name": "R antler base 5",
													"from": [ 0.2, 1.4, 0.0 ],
													"to": [ 1.0, 4.4, 0.8 ],
													"unwrapMode": 3,
													"uv": [ 44.0, 63.5 ],
													"rotationOrigin": [ 0.2, 1.4, 0.8 ],
													"rotationZ": 45.0,
													"faces": {
														"north": { "texture": "#whitetail-adult", "uv": [ 45.5, 64.0, 46.0, 67.0 ] },
														"east": { "texture": "#whitetail-adult", "uv": [ 45.0, 64.0, 45.5, 67.0 ] },
														"south": { "texture": "#whitetail-adult", "uv": [ 44.5, 64.0, 45.0, 67.0 ] },
														"west": { "texture": "#whitetail-adult", "uv": [ 44.0, 64.0, 44.5, 67.0 ] },
														"up": { "texture": "#whitetail-adult", "uv": [ 44.5, 63.5, 45.0, 64.0 ] },
														"down": { "texture": "#whitetail-adult", "uv": [ 44.5, 67.0, 45.0, 67.5 ], "rotation": 180 }
													},
													"children": [
														{
															"name": "R antler base 6",
															"from": [ 0.3, 2.8, 0.1 ],
															"to": [ 0.8, 5.8, 0.6 ],
															"unwrapMode": 3,
															"uv": [ 44.0, 60.5 ],
															"rotationOrigin": [ 0.3, 2.8, 0.7 ],
															"rotationZ": 25.0,
															"faces": {
																"north": { "texture": "#whitetail-adult", "uv": [ 45.5, 61.0, 46.0, 64.0 ] },
																"east": { "texture": "#whitetail-adult", "uv": [ 45.0, 61.0, 45.5, 64.0 ] },
																"south": { "texture": "#whitetail-adult", "uv": [ 44.5, 61.0, 45.0, 64.0 ] },
																"west": { "texture": "#whitetail-adult", "uv": [ 44.0, 61.0, 44.5, 64.0 ] },
																"up": { "texture": "#whitetail-adult", "uv": [ 44.5, 60.5, 45.0, 61.0 ] },
																"down": { "texture": "#whitetail-adult", "uv": [ 44.5, 64.0, 45.0, 64.5 ], "rotation": 180 }
															},
															"children": [
																{
																	"name": "R antler point 4",
																	"from": [ 0.0, 0.4, 0.3 ],
																	"to": [ 0.5, 1.9, 0.8 ],
																	"unwrapMode": 2,
																	"uv": [ 44.0, 47.0 ],
																	"rotationOrigin": [ 0.0, 0.4, 0.3 ],
																	"rotationX": 75.0,
																	"rotationY": -1.0,
																	"faces": {
																		"north": { "texture": "#whitetail-adult", "uv": [ 45.0, 47.5, 45.5, 49.0 ] },
																		"east": { "texture": "#whitetail-adult", "uv": [ 44.5, 47.5, 45.0, 49.0 ] },
																		"south": { "texture": "#whitetail-adult", "uv": [ 44.0, 47.5, 44.5, 49.0 ] },
																		"west": { "texture": "#whitetail-adult", "uv": [ 45.5, 47.5, 46.0, 49.0 ] },
																		"up": { "texture": "#whitetail-adult", "uv": [ 44.5, 47.0, 45.0, 47.5 ], "rotation": 270 },
																		"down": { "texture": "#whitetail-adult", "uv": [ 44.5, 49.0, 45.0, 49.5 ], "rotation": 270 }
																	}
																}
															]
														},
														{
															"name": "R antler point 3",
															"from": [ 0.2, 0.8, 0.5 ],
															"to": [ 0.7, 3.3, 1.0 ],
															"unwrapMode": 2,
															"uv": [ 44.0, 54.5 ],
															"rotationOrigin": [ 0.2, 0.8, 0.5 ],
															"rotationX": 75.0,
															"faces": {
																"north": { "texture": "#whitetail-adult", "uv": [ 45.0, 55.0, 45.5, 57.5 ] },
																"east": { "texture": "#whitetail-adult", "uv": [ 44.5, 55.0, 45.0, 57.5 ] },
																"south": { "texture": "#whitetail-adult", "uv": [ 44.0, 55.0, 44.5, 57.5 ] },
																"west": { "texture": "#whitetail-adult", "uv": [ 45.5, 55.0, 46.0, 57.5 ] },
																"up": { "texture": "#whitetail-adult", "uv": [ 44.5, 54.5, 45.0, 55.0 ], "rotation": 270 },
																"down": { "texture": "#whitetail-adult", "uv": [ 44.5, 57.5, 45.0, 58.0 ], "rotation": 270 }
															}
														}
													]
												},
												{
													"name": "R antler point 2",
													"from": [ 0.0, 0.5, 0.6 ],
													"to": [ 0.5, 3.5, 1.1 ],
													"unwrapMode": 2,
													"uv": [ 44.0, 50.5 ],
													"rotationOrigin": [ 0.0, 0.5, 0.6 ],
													"rotationX": 90.0,
													"faces": {
														"north": { "texture": "#whitetail-adult", "uv": [ 45.0, 51.0, 45.5, 54.0 ] },
														"east": { "texture": "#whitetail-adult", "uv": [ 44.5, 51.0, 45.0, 54.0 ] },
														"south": { "texture": "#whitetail-adult", "uv": [ 44.0, 51.0, 44.5, 54.0 ] },
														"west": { "texture": "#whitetail-adult", "uv": [ 45.5, 51.0, 46.0, 54.0 ] },
														"up": { "texture": "#whitetail-adult", "uv": [ 44.5, 50.5, 45.0, 51.0 ], "rotation": 270 },
														"down": { "texture": "#whitetail-adult", "uv": [ 44.5, 54.0, 45.0, 54.5 ], "rotation": 270 }
													}
												}
											]
										},
										{
											"name": "R antler point 1",
											"from": [ 0.0, -0.2, 0.5 ],
											"to": [ 0.5, 1.8, 1.0 ],
											"unwrapMode": 1,
											"uv": [ 44.0, 58.5 ],
											"rotationOrigin": [ 0.0, -0.2, 0.5 ],
											"rotationX": 80.0,
											"rotationY": 1.0,
											"faces": {
												"north": { "texture": "#whitetail-adult", "uv": [ 44.5, 59.0, 45.0, 61.0 ] },
												"east": { "texture": "#whitetail-adult", "uv": [ 44.0, 59.0, 44.5, 61.0 ] },
												"south": { "texture": "#whitetail-adult", "uv": [ 45.5, 59.0, 46.0, 61.0 ] },
												"west": { "texture": "#whitetail-adult", "uv": [ 45.0, 59.0, 45.5, 61.0 ] },
												"up": { "texture": "#whitetail-adult", "uv": [ 44.5, 58.5, 45.0, 59.0 ], "rotation": 180 },
												"down": { "texture": "#whitetail-adult", "uv": [ 44.5, 61.0, 45.0, 61.5 ] }
											}
										}
									]
								}
							]
						}
					]
				},
				{
					"name": "L antler base",
					"from": [ 0.5, 0.7, 1.7 ],
					"to": [ 1.6, 2.0, 2.8 ],
					"unwrapMode": 4,
					"uv": [ 39.0, 73.0 ],
					"rotationOrigin": [ 0.5, 0.7, 1.7 ],
					"rotationX": 30.0,
					"rotationZ": -25.0,
					"faces": {
						"north": { "texture": "#whitetail-adult", "uv": [ 39.0, 74.0, 40.0, 75.0 ] },
						"east": { "texture": "#whitetail-adult", "uv": [ 42.0, 74.0, 43.0, 75.0 ] },
						"south": { "texture": "#whitetail-adult", "uv": [ 41.0, 74.0, 42.0, 75.0 ] },
						"west": { "texture": "#whitetail-adult", "uv": [ 40.0, 74.0, 41.0, 75.0 ], "windMode": [-1,-1,-1,-1], "windData": [0,0,1,1] },
						"up": { "texture": "#whitetail-adult", "uv": [ 40.0, 73.0, 41.0, 74.0 ], "rotation": 90 },
						"down": { "texture": "#whitetail-adult", "uv": [ 40.0, 75.0, 41.0, 76.0 ], "rotation": 90 }
					},
					"children": [
						{
							"name": "L antler base 2",
							"from": [ 0.1, 1.2, 0.1 ],
							"to": [ 1.1, 4.2, 1.1 ],
							"unwrapMode": 4,
							"uv": [ 39.0, 71.0 ],
							"rotationOrigin": [ 0.1, 1.2, 0.1 ],
							"rotationX": 11.0,
							"rotationZ": -10.0,
							"faces": {
								"north": { "texture": "#whitetail-adult", "uv": [ 39.0, 72.0, 40.0, 75.0 ] },
								"east": { "texture": "#whitetail-adult", "uv": [ 42.0, 72.0, 43.0, 75.0 ] },
								"south": { "texture": "#whitetail-adult", "uv": [ 41.0, 72.0, 42.0, 75.0 ] },
								"west": { "texture": "#whitetail-adult", "uv": [ 40.0, 72.0, 41.0, 75.0 ] },
								"up": { "texture": "#whitetail-adult", "uv": [ 40.0, 71.0, 41.0, 72.0 ], "rotation": 90 },
								"down": { "texture": "#whitetail-adult", "uv": [ 40.0, 75.0, 41.0, 76.0 ], "rotation": 90 }
							},
							"children": [
								{
									"name": "L antler base 3",
									"from": [ 0.2, 2.6, -0.1 ],
									"to": [ 1.1, 4.6, 0.8 ],
									"unwrapMode": 1,
									"uv": [ 39.0, 69.5 ],
									"rotationOrigin": [ 0.2, 2.6, -0.1 ],
									"rotationX": 28.0,
									"rotationZ": 38.0,
									"faces": {
										"north": { "texture": "#whitetail-adult", "uv": [ 39.5, 70.0, 40.0, 72.0 ] },
										"east": { "texture": "#whitetail-adult", "uv": [ 39.0, 70.0, 39.5, 72.0 ] },
										"south": { "texture": "#whitetail-adult", "uv": [ 40.5, 70.0, 41.0, 72.0 ] },
										"west": { "texture": "#whitetail-adult", "uv": [ 40.0, 70.0, 40.5, 72.0 ] },
										"up": { "texture": "#whitetail-adult", "uv": [ 39.5, 69.5, 40.0, 70.0 ], "rotation": 180 },
										"down": { "texture": "#whitetail-adult", "uv": [ 39.5, 72.0, 40.0, 72.5 ] }
									},
									"children": [
										{
											"name": "L antler base 4",
											"from": [ 0.1, 1.4, 0.0 ],
											"to": [ 0.9, 3.4, 0.8 ],
											"unwrapMode": 1,
											"uv": [ 41.0, 66.5 ],
											"rotationOrigin": [ 0.1, 1.4, 0.0 ],
											"rotationX": 20.0,
											"rotationY": 20.0,
											"rotationZ": 45.0,
											"faces": {
												"north": { "texture": "#whitetail-adult", "uv": [ 41.5, 67.0, 42.0, 69.0 ] },
												"east": { "texture": "#whitetail-adult", "uv": [ 41.0, 67.0, 41.5, 69.0 ] },
												"south": { "texture": "#whitetail-adult", "uv": [ 42.5, 67.0, 43.0, 69.0 ] },
												"west": { "texture": "#whitetail-adult", "uv": [ 42.0, 67.0, 42.5, 69.0 ] },
												"up": { "texture": "#whitetail-adult", "uv": [ 41.5, 66.5, 42.0, 67.0 ], "rotation": 180 },
												"down": { "texture": "#whitetail-adult", "uv": [ 41.5, 69.0, 42.0, 69.5 ] }
											},
											"children": [
												{
													"name": "L antler base 5",
													"from": [ 0.2, 1.4, 0.0 ],
													"to": [ 1.0, 4.4, 0.8 ],
													"unwrapMode": 1,
													"uv": [ 41.0, 63.5 ],
													"rotationOrigin": [ 0.2, 1.4, 0.0 ],
													"rotationZ": 45.0,
													"faces": {
														"north": { "texture": "#whitetail-adult", "uv": [ 41.5, 64.0, 42.0, 67.0 ] },
														"east": { "texture": "#whitetail-adult", "uv": [ 41.0, 64.0, 41.5, 67.0 ] },
														"south": { "texture": "#whitetail-adult", "uv": [ 42.5, 64.0, 43.0, 67.0 ] },
														"west": { "texture": "#whitetail-adult", "uv": [ 42.0, 64.0, 42.5, 67.0 ] },
														"up": { "texture": "#whitetail-adult", "uv": [ 41.5, 63.5, 42.0, 64.0 ], "rotation": 180 },
														"down": { "texture": "#whitetail-adult", "uv": [ 41.5, 67.0, 42.0, 67.5 ] }
													},
													"children": [
														{
															"name": "L antler base 6",
															"from": [ 0.2, 2.8, 0.2 ],
															"to": [ 0.7, 5.8, 0.7 ],
															"unwrapMode": 1,
															"uv": [ 41.0, 60.5 ],
															"rotationOrigin": [ 0.2, 2.8, 0.2 ],
															"rotationZ": 25.0,
															"faces": {
																"north": { "texture": "#whitetail-adult", "uv": [ 41.5, 61.0, 42.0, 64.0 ] },
																"east": { "texture": "#whitetail-adult", "uv": [ 41.0, 61.0, 41.5, 64.0 ] },
																"south": { "texture": "#whitetail-adult", "uv": [ 42.5, 61.0, 43.0, 64.0 ] },
																"west": { "texture": "#whitetail-adult", "uv": [ 42.0, 61.0, 42.5, 64.0 ] },
																"up": { "texture": "#whitetail-adult", "uv": [ 41.5, 60.5, 42.0, 61.0 ], "rotation": 180 },
																"down": { "texture": "#whitetail-adult", "uv": [ 41.5, 64.0, 42.0, 64.5 ] }
															},
															"children": [
																{
																	"name": "L antler point 4",
																	"from": [ 0.0, 0.0, 0.0 ],
																	"to": [ 0.5, 1.5, 0.5 ],
																	"unwrapMode": 2,
																	"uv": [ 41.0, 47.0 ],
																	"rotationOrigin": [ 0.0, 0.0, 0.0 ],
																	"rotationX": -75.0,
																	"rotationY": 1.0,
																	"faces": {
																		"north": { "texture": "#whitetail-adult", "uv": [ 42.0, 47.5, 42.5, 49.0 ] },
																		"east": { "texture": "#whitetail-adult", "uv": [ 41.5, 47.5, 42.0, 49.0 ] },
																		"south": { "texture": "#whitetail-adult", "uv": [ 41.0, 47.5, 41.5, 49.0 ] },
																		"west": { "texture": "#whitetail-adult", "uv": [ 42.5, 47.5, 43.0, 49.0 ] },
																		"up": { "texture": "#whitetail-adult", "uv": [ 41.5, 47.0, 42.0, 47.5 ], "rotation": 270 },
																		"down": { "texture": "#whitetail-adult", "uv": [ 41.5, 49.0, 42.0, 49.5 ], "rotation": 270 }
																	}
																}
															]
														},
														{
															"name": "L antler point 3",
															"from": [ 0.2, 0.0, 0.3 ],
															"to": [ 0.7, 2.5, 0.8 ],
															"unwrapMode": 2,
															"uv": [ 41.0, 50.5 ],
															"rotationOrigin": [ 0.2, 0.0, 0.3 ],
															"rotationX": -75.0,
															"faces": {
																"north": { "texture": "#whitetail-adult", "uv": [ 42.0, 51.0, 42.5, 53.5 ] },
																"east": { "texture": "#whitetail-adult", "uv": [ 41.5, 51.0, 42.0, 53.5 ] },
																"south": { "texture": "#whitetail-adult", "uv": [ 41.0, 51.0, 41.5, 53.5 ] },
																"west": { "texture": "#whitetail-adult", "uv": [ 42.5, 51.0, 43.0, 53.5 ] },
																"up": { "texture": "#whitetail-adult", "uv": [ 41.5, 50.5, 42.0, 51.0 ], "rotation": 270 },
																"down": { "texture": "#whitetail-adult", "uv": [ 41.5, 53.5, 42.0, 54.0 ], "rotation": 270 }
															}
														}
													]
												},
												{
													"name": "L antler point 2",
													"from": [ 0.0, 0.0, 0.2 ],
													"to": [ 0.5, 3.0, 0.7 ],
													"unwrapMode": 2,
													"uv": [ 41.0, 54.0 ],
													"rotationOrigin": [ 0.0, 0.0, 0.2 ],
													"rotationX": -90.0,
													"faces": {
														"north": { "texture": "#whitetail-adult", "uv": [ 42.0, 54.5, 42.5, 57.5 ] },
														"east": { "texture": "#whitetail-adult", "uv": [ 41.5, 54.5, 42.0, 57.5 ] },
														"south": { "texture": "#whitetail-adult", "uv": [ 41.0, 54.5, 41.5, 57.5 ] },
														"west": { "texture": "#whitetail-adult", "uv": [ 42.5, 54.5, 43.0, 57.5 ] },
														"up": { "texture": "#whitetail-adult", "uv": [ 41.5, 54.0, 42.0, 54.5 ], "rotation": 270 },
														"down": { "texture": "#whitetail-adult", "uv": [ 41.5, 57.5, 42.0, 58.0 ], "rotation": 270 }
													}
												}
											]
										},
										{
											"name": "L antler point 1",
											"from": [ 0.0, -0.6, 0.2 ],
											"to": [ 0.5, 1.4, 0.7 ],
											"unwrapMode": 3,
											"uv": [ 41.0, 58.5 ],
											"rotationOrigin": [ 0.0, -0.6, 0.2 ],
											"rotationX": -80.0,
											"faces": {
												"north": { "texture": "#whitetail-adult", "uv": [ 42.5, 59.0, 43.0, 61.0 ] },
												"east": { "texture": "#whitetail-adult", "uv": [ 42.0, 59.0, 42.5, 61.0 ] },
												"south": { "texture": "#whitetail-adult", "uv": [ 41.5, 59.0, 42.0, 61.0 ] },
												"west": { "texture": "#whitetail-adult", "uv": [ 41.0, 59.0, 41.5, 61.0 ] },
												"up": { "texture": "#whitetail-adult", "uv": [ 41.5, 58.5, 42.0, 59.0 ] },
												"down": { "texture": "#whitetail-adult", "uv": [ 41.5, 61.0, 42.0, 61.5 ], "rotation": 180 }
											}
										}
									]
								}
							]
						}
					]
				}
			]
		}
	]}