[{
	ingredientPattern: "WWW,WSW,WNW",
	ingredients: {
		"W": { type: "item", code: "game:plank-*",name: "type", skipVariants: ["aged"] },
		"N": { type: "item", code: "game:metalnailsandstrips-*" },
        "S": { type: "block", code: "game:shelf-normal-*" }
	},
	width: 3,
	height: 3,
	output: { 
        type: "block", 
        code: "cabinet-east-{type}"
        }
},
{
	ingredientPattern: "WWW,WNW,WSW",
	ingredients: {
		"W": { type: "item", code: "game:plank-*",name: "type", skipVariants: ["aged"] },
		"N": { type: "item", code: "game:metalnailsandstrips-*" },
        "S": { type: "block", code: "game:shelf-normal-*" }
	},
	width: 3,
	height: 3,
	output: { 
        type: "block", 
        code: "DoorlessCabinet-east-{type}"
        }
}]
