[{
	ingredientPattern: "_G_,_W_,_F_",
	ingredients: {
		"G": { type: "item", code: "game:drygrass"},
		"W": { type: "item", code: "game:firewood" },
        "F": { type: "item", code: "game:firestarter" }
	},
	width: 3,
	height: 3,
	output: { 
        type: "block", 
        code: "stove-east"
        }
},
{
	ingredientPattern: "CCC,CFC,CCC",
	ingredients: {
		"C": { type: "item", code: "game:metalplate-copper"},
        "F": { type: "item", code: "game:firestarter" }
	},
	width: 3,
	height: 3,
	output: { 
        type: "block", 
        code: "stove-east"
        }
}
]
