{
	"editor": {
		"allAngles": false,
		"entityTextureMode": false
	},
	"textureWidth": 16,
	"textureHeight": 16,
	"textureSizes": {
	},
	"textures": {
	},
	"elements": [
		{
			"name": "Cube2",
			"from": [ 3.0, 0.0, 3.0 ],
			"to": [ 13.0, 3.0, 13.0 ],
			"rotationOrigin": [ 3.0, 0.0, 3.0 ],
			"faces": {
				"north": { "texture": "#null", "uv": [ 0.0, 0.0, 10.0, 3.0 ] },
				"east": { "texture": "#null", "uv": [ 0.0, 0.0, 10.0, 3.0 ] },
				"south": { "texture": "#null", "uv": [ 0.0, 0.0, 10.0, 3.0 ] },
				"west": { "texture": "#null", "uv": [ 0.0, 0.0, 10.0, 3.0 ] },
				"up": { "texture": "#null", "uv": [ 0.0, 0.0, 10.0, 10.0 ] },
				"down": { "texture": "#null", "uv": [ 0.0, 0.0, 10.0, 10.0 ] }
			},
			"attachmentpoints": [
				{
					"code": "Part",
					"posX": "5.0","posY": "3.0","posZ": "5.0",
					"rotationX": "0.0","rotationY": "0.0","rotationZ": "0.0"
				}
			]
		}
	]}