﻿[
    // Stegosauria
    {
        "side": "server",
        "file": "stegosauria:entities/land/stegosauria",
        "op": "add",
        "path": "/server/behaviors/-",
        "value": {
            "code": "EntityBleedingBehavior"
        }
    },
    {
        "side": "server",
        "file":  "stegosauria:entities/land/stegosauria",
        "op": "add",
        "path": "/client/behaviors/-",
        "value": {
            "code": "EntityBleedingBehaviorParticles"
        }
    }
]