[
	{	
		"ingredientPattern": "PPP,PSP,PRP",
		"ingredients": {
			"S": { "type": "item", "code": "game:saw-*", "isTool": true, "toolDurabilityCost": 60 },
			"P": { "type": "item", "code": "floralzonescaperegion:plank-*", "quantity": 6 },
			"R": { "type": "block", "code": "game:rock-*", "name": "rock", "allowedVariants": ["andesite", "granite", "basalt", "peridotite"]  }
		},
		"width": 3,
		"height": 3,
		"output": { "type": "block", "code": "game:pulverizerframe-north", "quantity": 1 }
	},
	{
		"ingredientPattern": "HL_,CL_,_L_",
		"ingredients": {
			"H": { "type": "item", "code": "game:hammer-*", "isTool": true, "toolDurabilityCost": 10 },
			"C": { "type": "item", "code": "game:chisel-*", "isTool": true, "toolDurabilityCost": 10 },
			"L": { "type": "block", "code": "floralzonescaperegion:log-placed-*-ud", "name": "wood" }
		},
		"width": 3,
		"height": 3,
		"output": { "type": "item", "code": "game:pounder-oak", "quantity": 1 }
	}
]