{
    "inheritFrom": "game:blocktypes/roofing/slantedroofingridge",
    "code": "slantedroofingridge",
    "behaviors": [
        {
            "name": "VanillaVariants.BlockName",
            "properties": {
                "parts": ["block-slantedroofingridge-sod-*", " (", "material-{material}", ")"]
            }
        },
        { "name": "NWOrientable" }
    ],
    "variantgroups": [
        { "code": "type", "states": ["sod"] },
        { "code": "material", "loadFromProperties": "block/wood" },
        { "code": "orientation", "states": ["ns", "we"] },
        { "code": "cover", "states": ["free", "snow"] }
    ],
    "attributes": {
        "handbook": { "groupBy": ["slantedroofingridge-sod-*"] }
    },
    "shapeByType": {
        "*-ns-*": { "base": "game:block/roofing/ridge/sod-{cover}" },
        "*-we-*": { "base": "game:block/roofing/ridge/sod-{cover}", "rotateY": 90 }
    },
    "textures": {
        "aged-top": { "base": "game:block/wood/planks/{material}1" },
        "aged1": { "base": "game:block/wood/planks/{material}1" },
        "aged-side": { "base": "game:block/wood/planks/{material}1" }
    },
    "creativeinventory": { "general": ["*-ns-free"], "decorative": ["*-ns-free"], "vanvar": ["*-ns-free"] },
    "soundsByType": {
        "*-sod-*": {
            "hit": "game:block/planks",
            "break": "game:block/planks",
            "place": "game:block/planks",
            "walk": "game:walk/grass*"
        }
    }
}
