[
  {
    "file": "bovinae:entities/animal/mammal/hooved/bovinae-carcass.json",
    "op": "addmerge",
    "path": "/attributesByType",
    "side": "Server",
    "value": {
      "*": {
        "biorealm": [
         "pacific nearctic",
         "atlantic nearctic",
         "atlantic palearctic",
         "central palearctic",
         "eastern palearctic",
         "pacific palearctic",
         "eastern afrotropic",
         "atlantic afrotropic"
        ]
      }
    },
    "dependsOn": [
      {
        "modid": "biomes"
      }
    ]
  },
  {
    "file": "bovinae:entities/animal/mammal/hooved/bovinae-adult.json",
    "op": "addmerge",
    "path": "/attributesByType",
    "side": "Server",
    "value": {
      "*-bisonantiquus": {
        "biorealm": [
         "pacific nearctic",
         "atlantic nearctic"
        ]
      },
      "*-bisonbison": {
        "biorealm": [
         "pacific nearctic",
         "atlantic nearctic"
        ]
      },
      "*-bisonpbonasus": {
        "biorealm": [
         "atlantic palearctic",
         "central palearctic"
        ]
      },
      "*-bisonoccidentalis": {
        "biorealm": [
         "pacific nearctic",
         "eastern palearctic",
         "pacific palearctic"
        ]
      },
      "*-bisonpriscus": {
        "biorealm": [
         "pacific nearctic",
         "atlantic palearctic",
         "central palearctic",
         "eastern palearctic"
        ]
      },
      "*-bosgaurus": {
        "biorealm": [
         "central palearctic",
         "eastern palearctic"
        ]
      },
      "*-bosjavanicus": {
        "biorealm": [
         "eastern palearctic",
         "pacific palearctic"
        ]
      },
      "*-bosmutus": {
        "biorealm": [
         "eastern palearctic"
        ]
      },
      "*-bosprimigeniusmauritanicus": {
        "biorealm": [
         "atlantic palearctic"
        ]
      },
      "*-bosprimigeniusnamadicus": {
        "biorealm": [
         "central palearctic"
        ]
      },
      "*-bosprimigeniusprimigenius": {
        "biorealm": [
         "atlantic palearctic",
         "central palearctic",
         "eastern palearctic"
        ]
      },
      "*-bossauveli": {
        "biorealm": [
         "eastern palearctic"
        ]
      },
      "*-boselaphustragocamelus": {
        "biorealm": [
         "central palearctic"
        ]
      },
      "*-bubalusarnee": {
        "biorealm": [
         "central palearctic",
         "eastern palearctic"
        ]
      },
      "*-bubalusbrevicornis": {
        "biorealm": [
         "eastern palearctic"
        ]
      },
      "*-bubaluscebuensis": {
        "biorealm": [
         "pacific palearctic"
        ]
      },
      "*-bubalusdepressicornis": {
        "biorealm": [
         "pacific palearctic"
        ]
      },
      "*-bubalusgrovesi": {
        "biorealm": [
         "pacific palearctic"
        ]
      },
      "*-bubalusmephistopheles": {
        "biorealm": [
         "eastern palearctic"
        ]
      },
      "*-bubalusmindorensis": {
        "biorealm": [
         "pacific palearctic"
        ]
      },
      "*-bubalusmurrensis": {
        "biorealm": [
         "atlantic palearctic"
        ]
      },
      "*-bubalusquarlesi": {
        "biorealm": [
         "pacific palearctic"
        ]
      },
      "*-pseudoryxnghetinhensis": {
        "biorealm": [
         "eastern palearctic"
        ]
      },
      "*-syncerusantiquus": {
        "biorealm": [
         "atlantic palearctic",
         "eastern afrotropic",
         "atlantic afrotropic"
        ]
      },
      "*-synceruscaffer": {
        "biorealm": [
         "atlantic palearctic",
         "eastern afrotropic",
         "atlantic afrotropic"
        ]
      },
      "*-syncerusnanus": {
        "biorealm": [
         "atlantic palearctic",
         "atlantic afrotropic"
        ]
      },
      "*-taurotragusderbianus": {
        "biorealm": [
         "atlantic palearctic"
        ]
      },
      "*-taurotragusoryx": {
        "biorealm": [
         "eastern afrotropic",
         "atlantic afrotropic"
        ]
      },
      "*-tetracerusquadricornis": {
        "biorealm": [
         "central palearctic"
        ]
      },
      "*-tragelaphusangasii": {
        "biorealm": [
         "eastern afrotropic"
        ]
      },
      "*-tragelaphusbuxtoni": {
        "biorealm": [
         "eastern afrotropic"
        ]
      },
      "*-tragelaphuseurycerus": {
        "biorealm": [
         "atlantic palearctic",
         "eastern afrotropic",
         "atlantic afrotropic"
        ]
      },
      "*-tragelaphusimberbis": {
        "biorealm": [
         "eastern afrotropic"
        ]
      },
      "*-tragelaphusscriptus": {
        "biorealm": [
         "atlantic palearctic",
         "eastern afrotropic"
        ]
      },
      "*-tragelaphusspekii": {
        "biorealm": [
         "atlantic palearctic",
         "atlantic afrotropic"
        ]
      },
      "*-tragelaphusstrepsiceros": {
        "biorealm": [
         "atlantic palearctic",
         "eastern afrotropic",
         "atlantic afrotropic"
        ]
      },
      "*-tragelaphussylvaticus": {
        "biorealm": [
         "eastern afrotropic",
         "atlantic afrotropic"
        ]
      }
    },
    "dependsOn": [
      {
        "modid": "biomes"
      }
    ]
  },
  {
    "file": "bovinae:entities/animal/mammal/hooved/bovinae-baby.json",
    "op": "addmerge",
    "path": "/attributesByType",
    "side": "Server",
    "value": {
      "*-bisonantiquus": {
        "biorealm": [
         "pacific nearctic",
         "atlantic nearctic"
        ]
      },
      "*-bisonbison": {
        "biorealm": [
         "pacific nearctic",
         "atlantic nearctic"
        ]
      },
      "*-bisonpbonasus": {
        "biorealm": [
         "atlantic palearctic",
         "central palearctic"
        ]
      },
      "*-bisonoccidentalis": {
        "biorealm": [
         "pacific nearctic",
         "eastern palearctic",
         "pacific palearctic"
        ]
      },
      "*-bisonpriscus": {
        "biorealm": [
         "pacific nearctic",
         "atlantic palearctic",
         "central palearctic",
         "eastern palearctic"
        ]
      },
      "*-bosgaurus": {
        "biorealm": [
         "central palearctic",
         "eastern palearctic"
        ]
      },
      "*-bosjavanicus": {
        "biorealm": [
         "eastern palearctic",
         "pacific palearctic"
        ]
      },
      "*-bosmutus": {
        "biorealm": [
         "eastern palearctic"
        ]
      },
      "*-bosprimigeniusmauritanicus": {
        "biorealm": [
         "atlantic palearctic"
        ]
      },
      "*-bosprimigeniusnamadicus": {
        "biorealm": [
         "central palearctic"
        ]
      },
      "*-bosprimigeniusprimigenius": {
        "biorealm": [
         "atlantic palearctic",
         "central palearctic",
         "eastern palearctic"
        ]
      },
      "*-bossauveli": {
        "biorealm": [
         "eastern palearctic"
        ]
      },
      "*-boselaphustragocamelus": {
        "biorealm": [
         "central palearctic"
        ]
      },
      "*-bubalusarnee": {
        "biorealm": [
         "central palearctic",
         "eastern palearctic"
        ]
      },
      "*-bubalusbrevicornis": {
        "biorealm": [
         "eastern palearctic"
        ]
      },
      "*-bubaluscebuensis": {
        "biorealm": [
         "pacific palearctic"
        ]
      },
      "*-bubalusdepressicornis": {
        "biorealm": [
         "pacific palearctic"
        ]
      },
      "*-bubalusgrovesi": {
        "biorealm": [
         "pacific palearctic"
        ]
      },
      "*-bubalusmephistopheles": {
        "biorealm": [
         "eastern palearctic"
        ]
      },
      "*-bubalusmindorensis": {
        "biorealm": [
         "pacific palearctic"
        ]
      },
      "*-bubalusmurrensis": {
        "biorealm": [
         "atlantic palearctic"
        ]
      },
      "*-bubalusquarlesi": {
        "biorealm": [
         "pacific palearctic"
        ]
      },
      "*-pseudoryxnghetinhensis": {
        "biorealm": [
         "eastern palearctic"
        ]
      },
      "*-syncerusantiquus": {
        "biorealm": [
         "atlantic palearctic",
         "eastern afrotropic",
         "atlantic afrotropic"
        ]
      },
      "*-synceruscaffer": {
        "biorealm": [
         "atlantic palearctic",
         "eastern afrotropic",
         "atlantic afrotropic"
        ]
      },
      "*-syncerusnanus": {
        "biorealm": [
         "atlantic palearctic",
         "atlantic afrotropic"
        ]
      },
      "*-taurotragusderbianus": {
        "biorealm": [
         "atlantic palearctic"
        ]
      },
      "*-taurotragusoryx": {
        "biorealm": [
         "eastern afrotropic",
         "atlantic afrotropic"
        ]
      },
      "*-tetracerusquadricornis": {
        "biorealm": [
         "central palearctic"
        ]
      },
      "*-tragelaphusangasii": {
        "biorealm": [
         "eastern afrotropic"
        ]
      },
      "*-tragelaphusbuxtoni": {
        "biorealm": [
         "eastern afrotropic"
        ]
      },
      "*-tragelaphuseurycerus": {
        "biorealm": [
         "atlantic palearctic",
         "eastern afrotropic",
         "atlantic afrotropic"
        ]
      },
      "*-tragelaphusimberbis": {
        "biorealm": [
         "eastern afrotropic"
        ]
      },
      "*-tragelaphusscriptus": {
        "biorealm": [
         "atlantic palearctic",
         "eastern afrotropic"
        ]
      },
      "*-tragelaphusspekii": {
        "biorealm": [
         "atlantic palearctic",
         "atlantic afrotropic"
        ]
      },
      "*-tragelaphusstrepsiceros": {
        "biorealm": [
         "atlantic palearctic",
         "eastern afrotropic",
         "atlantic afrotropic"
        ]
      },
      "*-tragelaphussylvaticus": {
        "biorealm": [
         "eastern afrotropic",
         "atlantic afrotropic"
        ]
      }
    },
    "dependsOn": [
      {
        "modid": "biomes"
      }
    ]
  }
]