{
	"editor": {
		"backDropShape": "entity/humanoid/seraph-hairless",
		"allAngles": true,
		"entityTextureMode": true
	},
	"textureWidth": 48,
	"textureHeight": 48,
	"textureSizes": {
		"hair": [48,48],
		"birch": [16,16]
	},
	"textures": {
	},
	"elements": [
		{
			"name": "hair",
			"stepParentName": "Head",
			"from": [ 0.0, 0.0, 0.0 ],
			"to": [ 1.0, 1.0, 1.0 ],
			"uv": [ 0.0, 0.0 ],
			"faces": {
			},
			"children": [
				{
					"name": "Afro",
					"from": [ 0.09, 1.0, -0.5 ],
					"to": [ 5.79, 5.5, 5.5 ],
					"autoUnwrap": false,
					"uv": [ 1.0, 5.0 ],
					"rotationOrigin": [ 3.1, 1.0, 3.1 ],
					"faces": {
						"north": { "texture": "#hair", "uv": [ 32.5, 31.5, 38.0, 36.0 ] },
						"east": { "texture": "#hair", "uv": [ 33.5, 35.0, 39.5, 39.5 ] },
						"south": { "texture": "#hair", "uv": [ 28.0, 31.0, 33.5, 35.5 ] },
						"west": { "texture": "#hair", "uv": [ 28.0, 34.0, 34.0, 38.5 ] },
						"up": { "texture": "#hair", "uv": [ 30.5, 32.0, 36.0, 38.0 ] },
						"down": { "texture": "#hair", "uv": [ 33.0, 31.0, 38.5, 37.0 ] }
					},
					"children": [
						{
							"name": "AfroFront",
							"from": [ -0.5, 3.0, 0.0 ],
							"to": [ 0.0, 4.5, 6.0 ],
							"autoUnwrap": false,
							"uv": [ 17.5, 16.5 ],
							"rotationOrigin": [ -0.5, 3.0, 0.0 ],
							"faces": {
								"north": { "texture": "#hair", "uv": [ 28.5, 36.5, 29.0, 38.0 ] },
								"south": { "texture": "#hair", "uv": [ 31.0, 38.5, 31.5, 40.0 ] },
								"west": { "texture": "#hair", "uv": [ 28.0, 32.0, 34.0, 33.5 ] },
								"up": { "texture": "#hair", "uv": [ 39.0, 33.0, 39.5, 39.0 ] },
								"down": { "texture": "#hair", "uv": [ 29.5, 34.0, 30.0, 40.0 ] }
							}
						}
					]
				},
				{
					"name": "ponytailhigh",
					"from": [ -0.7, 0.0, 0.0 ],
					"to": [ 0.3, 1.0, 1.0 ],
					"uv": [ 0.0, 0.0 ],
					"faces": {
					},
					"children": [
						{
							"name": "AfroBack",
							"from": [ 6.6, 1.5, 0.0 ],
							"to": [ 7.1, 5.0, 5.0 ],
							"autoUnwrap": false,
							"uv": [ 31.0, 27.0 ],
							"rotationOrigin": [ 6.6, 1.5, 0.0 ],
							"faces": {
								"north": { "texture": "#hair", "uv": [ 31.0, 32.0, 31.5, 35.5 ] },
								"east": { "texture": "#hair", "uv": [ 31.5, 32.0, 36.5, 35.5 ] },
								"south": { "texture": "#hair", "uv": [ 36.5, 32.0, 37.0, 35.5 ] },
								"up": { "texture": "#hair", "uv": [ 33.0, 31.5, 33.5, 36.5 ] },
								"down": { "texture": "#hair", "uv": [ 35.0, 31.5, 35.5, 36.5 ] }
							}
						},
						{
							"name": "v19",
							"from": [ 5.1, 1.0, 2.5 ],
							"to": [ 8.1, 6.0, 2.5 ],
							"autoUnwrap": false,
							"uv": [ 14.5, 0.5 ],
							"rotationOrigin": [ 5.1, 4.0, 2.5 ],
							"rotationY": -36.0,
							"faces": {
								"north": { "texture": "#hair", "uv": [ 20.0, 10.0, 25.0, 13.0 ], "rotation": 90 }
							}
						},
						{
							"name": "v1",
							"from": [ 4.6, 1.0, 2.5 ],
							"to": [ 7.6, 6.0, 2.5 ],
							"autoUnwrap": false,
							"uv": [ 14.5, 0.5 ],
							"rotationOrigin": [ 5.1, 4.0, 2.5 ],
							"faces": {
								"north": { "texture": "#hair", "uv": [ 20.0, 10.0, 25.0, 13.0 ], "rotation": 90 }
							}
						},
						{
							"name": "v18",
							"from": [ 5.1, 1.0, 2.5 ],
							"to": [ 8.1, 6.0, 2.5 ],
							"autoUnwrap": false,
							"uv": [ 14.5, 0.5 ],
							"rotationOrigin": [ 5.1, 4.0, 2.5 ],
							"rotationY": 36.0,
							"faces": {
								"north": { "texture": "#hair", "uv": [ 20.0, 10.0, 25.0, 13.0 ], "rotation": 90 }
							}
						}
					]
				},
				{
					"name": "hair-uncovered",
					"from": [ 0.0, 0.0, 0.0 ],
					"to": [ 1.0, 1.0, 1.0 ],
					"uv": [ 0.0, 0.0 ],
					"faces": {
					},
					"children": [
						{
							"name": "AfroSide",
							"from": [ 0.6, 2.0, -1.0 ],
							"to": [ 5.6, 5.0, 6.0 ],
							"autoUnwrap": false,
							"uv": [ 7.5, 9.0 ],
							"rotationOrigin": [ 3.1, 4.0, 2.0 ],
							"faces": {
								"north": { "texture": "#hair", "uv": [ 31.0, 31.5, 36.0, 34.5 ] },
								"east": { "texture": "#hair", "uv": [ 28.5, 31.5, 35.5, 34.5 ] },
								"south": { "texture": "#hair", "uv": [ 34.5, 31.5, 39.5, 34.5 ] },
								"west": { "texture": "#hair", "uv": [ 29.5, 31.5, 36.5, 34.5 ] },
								"up": { "texture": "#hair", "uv": [ 31.5, 32.0, 36.5, 39.0 ] },
								"down": { "texture": "#hair", "uv": [ 34.5, 32.0, 39.5, 39.0 ] }
							}
						},
						{
							"name": "v2",
							"from": [ 3.601, 1.0, 2.4986 ],
							"to": [ 7.601, 6.0, 2.4986 ],
							"autoUnwrap": false,
							"uv": [ 14.5, 0.5 ],
							"rotationOrigin": [ 3.1, 4.0, 2.5 ],
							"rotationY": 89.98,
							"faces": {
								"north": { "texture": "#hair", "uv": [ 20.5, 9.0, 25.5, 13.0 ], "rotation": 90 }
							}
						},
						{
							"name": "v3",
							"from": [ 3.599, 1.0, 2.5014 ],
							"to": [ 7.599, 6.0, 2.5014 ],
							"autoUnwrap": false,
							"uv": [ 14.5, 0.5 ],
							"rotationOrigin": [ 3.1, 4.0, 2.5 ],
							"rotationY": -89.98,
							"faces": {
								"north": { "texture": "#hair", "uv": [ 20.5, 9.0, 25.5, 13.0 ], "rotation": 90 }
							}
						},
						{
							"name": "v4",
							"from": [ 4.6, 1.0, 1.0 ],
							"to": [ 7.6, 6.0, 1.0 ],
							"autoUnwrap": false,
							"uv": [ 14.5, 0.5 ],
							"rotationOrigin": [ 4.1, 4.0, 1.0 ],
							"rotationY": 45.0,
							"faces": {
								"north": { "texture": "#hair", "uv": [ 21.0, 10.5, 26.0, 13.5 ], "rotation": 90 }
							}
						},
						{
							"name": "v5",
							"from": [ 3.6, 1.0, 4.0 ],
							"to": [ 7.6, 6.0, 4.0 ],
							"autoUnwrap": false,
							"uv": [ 14.5, 0.5 ],
							"rotationOrigin": [ 4.1, 4.0, 4.0 ],
							"rotationY": -45.0,
							"faces": {
								"north": { "texture": "#hair", "uv": [ 20.5, 9.5, 25.5, 13.5 ], "rotation": 90 }
							}
						},
						{
							"name": "v6",
							"from": [ 2.6, 1.0, 1.5 ],
							"to": [ 5.6, 6.0, 1.5 ],
							"autoUnwrap": false,
							"uv": [ 14.5, 0.5 ],
							"rotationOrigin": [ 2.1, 4.0, 1.5 ],
							"rotationX": -180.0,
							"rotationY": 45.0,
							"rotationZ": -180.0,
							"faces": {
								"north": { "texture": "#hair", "uv": [ 20.5, 10.0, 25.5, 13.0 ], "rotation": 90 }
							}
						},
						{
							"name": "v7",
							"from": [ 3.6, 1.0, 3.5 ],
							"to": [ 5.6, 6.0, 3.5 ],
							"autoUnwrap": false,
							"uv": [ 14.5, 0.5 ],
							"rotationOrigin": [ 2.1, 4.0, 3.5 ],
							"rotationX": -180.0,
							"rotationY": -45.0,
							"rotationZ": -180.0,
							"faces": {
								"north": { "texture": "#hair", "uv": [ 20.0, 11.0, 25.0, 13.0 ], "rotation": 90 }
							}
						},
						{
							"name": "h1",
							"from": [ 0.1, 5.5, 3.0 ],
							"to": [ 6.1, 5.5, 5.0 ],
							"uv": [ 19.5, 11.0 ],
							"rotationOrigin": [ 3.6, 5.5, 3.0 ],
							"rotationX": -36.0,
							"faces": {
								"up": { "texture": "#hair", "uv": [ 19.5, 11.0, 25.5, 13.0 ] }
							}
						},
						{
							"name": "h2",
							"from": [ 0.1, 5.5, 2.0 ],
							"to": [ 6.1, 5.5, 4.0 ],
							"autoUnwrap": false,
							"uv": [ 33.5, 25.5 ],
							"rotationOrigin": [ 3.6, 5.5, 2.0 ],
							"rotationX": -135.0,
							"faces": {
								"down": { "texture": "#hair", "uv": [ 18.5, 10.5, 25.0, 13.5 ], "autoUv": false, "windMode": [-1,-1,-1,-1] }
							}
						},
						{
							"name": "h3",
							"from": [ 0.6, 5.5, -0.4 ],
							"to": [ 2.6, 5.5, 5.6 ],
							"autoUnwrap": false,
							"uv": [ 19.5, 10.5 ],
							"rotationOrigin": [ 2.6, 5.5, 2.6 ],
							"rotationZ": -36.0,
							"faces": {
								"up": { "texture": "#hair", "uv": [ 20.0, 11.0, 26.0, 13.0 ], "rotation": 90 }
							}
						},
						{
							"name": "h4",
							"from": [ 2.1, 5.5, -0.4 ],
							"to": [ 4.1, 5.5, 5.6 ],
							"autoUnwrap": false,
							"uv": [ 19.5, 10.5 ],
							"rotationOrigin": [ 4.1, 5.5, 2.6 ],
							"rotationZ": -135.0,
							"faces": {
								"down": { "texture": "#hair", "uv": [ 19.0, 11.0, 25.0, 13.0 ], "rotation": 270, "windMode": [-1,-1,-1,-1] }
							}
						},
						{
							"name": "v17",
							"from": [ 4.6, 1.0, 1.0 ],
							"to": [ 7.6, 6.0, 1.0 ],
							"autoUnwrap": false,
							"uv": [ 14.5, 0.5 ],
							"rotationOrigin": [ 4.1, 4.0, 1.0 ],
							"rotationY": 78.0,
							"faces": {
								"north": { "texture": "#hair", "uv": [ 21.0, 10.5, 26.0, 13.5 ], "rotation": 90 }
							}
						},
						{
							"name": "v20",
							"from": [ 3.6, 1.0, 4.0 ],
							"to": [ 7.6, 6.0, 4.0 ],
							"autoUnwrap": false,
							"uv": [ 14.5, 0.5 ],
							"rotationOrigin": [ 4.1, 4.0, 4.0 ],
							"rotationY": -66.0,
							"faces": {
								"north": { "texture": "#hair", "uv": [ 20.5, 9.5, 25.5, 13.5 ], "rotation": 90 }
							}
						},
						{
							"name": "v21",
							"from": [ 3.6, 1.0, 2.5 ],
							"to": [ 7.6, 6.0, 2.5 ],
							"autoUnwrap": false,
							"uv": [ 14.5, 0.5 ],
							"rotationOrigin": [ 3.1, 4.0, 2.5 ],
							"rotationX": -180.0,
							"rotationY": -72.0,
							"rotationZ": -180.0,
							"faces": {
								"north": { "texture": "#hair", "uv": [ 20.5, 9.0, 25.5, 13.0 ], "rotation": 90 }
							}
						},
						{
							"name": "AfroTop",
							"from": [ 0.1, 5.5, -0.1 ],
							"to": [ 6.1, 6.0, 5.0 ],
							"autoUnwrap": false,
							"uv": [ 19.0, 25.0 ],
							"rotationOrigin": [ 0.1, 5.5, -0.1 ],
							"faces": {
								"north": { "texture": "#hair", "uv": [ 29.0, 31.0, 35.0, 31.5 ] },
								"east": { "texture": "#hair", "uv": [ 29.5, 33.0, 34.5, 33.5 ] },
								"south": { "texture": "#hair", "uv": [ 31.0, 34.0, 37.0, 34.5 ] },
								"west": { "texture": "#hair", "uv": [ 33.5, 38.0, 38.5, 38.5 ] },
								"up": { "texture": "#hair", "uv": [ 31.5, 32.5, 37.5, 37.5 ] }
							}
						}
					]
				}
			]
		}
	]}