{
	"editor": {
		"backDropShape": "entity/humanoid/seraph-hairless",
		"allAngles": false,
		"entityTextureMode": true
	},
	"textureWidth": 48,
	"textureHeight": 48,
	"textureSizes": {
		"hair": [48,48]
	},
	"textures": {
		"hair": "entity/humanoid/seraphskinparts/hair/lightgray"
	},
	"elements": [
		{
			"name": "Hair-Base",
			"stepParentName": "Head",
			"from": [ 0.2, -3.3, -0.2 ],
			"to": [ 5.7, 5.2, 5.3 ],
			"renderPass": 1,
			"autoUnwrap": false,
			"uv": [ 0.0, 0.0 ],
			"rotationOrigin": [ 2.5, 2.9, 2.6 ],
			"faces": {
				"north": { "texture": "#hair", "uv": [ 2.5, 2.0, 8.0, 10.5 ], "windMode": [-1,-1,-1,-1], "windData": [1,1,1,1] },
				"east": { "texture": "#hair", "uv": [ 0.0, 10.5, 5.5, 19.0 ], "windMode": [-1,-1,-1,-1], "windData": [1,1,1,1] },
				"south": { "texture": "#hair", "uv": [ 9.0, 2.0, 14.5, 10.5 ], "windMode": [-1,-1,-1,-1], "windData": [1,1,1,1] },
				"west": { "texture": "#hair", "uv": [ 16.5, 5.5, 22.0, 14.0 ], "enabled": false },
				"up": { "texture": "#hair", "uv": [ 13.5, 1.5, 19.0, 7.0 ], "rotation": 90 },
				"down": { "texture": "#hair", "uv": [ 5.5, 0.0, 11.0, 5.5 ], "enabled": false }
			},
			"children": [
				{
					"name": "Hair-Upper",
					"from": [ -0.3, 2.0, -0.3 ],
					"to": [ 5.7, 8.6, 5.7 ],
					"renderPass": 1,
					"autoUnwrap": false,
					"uv": [ 5.0, 16.0 ],
					"rotationOrigin": [ 2.9, 3.0, 2.7 ],
					"faces": {
						"north": { "texture": "#hair", "uv": [ 3.0, 12.5, 9.0, 19.0 ], "windMode": [-1,-1,-1,-1], "windData": [1,1,1,1] },
						"east": { "texture": "#hair", "uv": [ 19.0, 22.5, 25.0, 29.0 ] },
						"south": { "texture": "#hair", "uv": [ 9.5, 12.5, 15.5, 19.0 ] },
						"west": { "texture": "#hair", "uv": [ 18.0, 6.0, 24.0, 12.5 ], "enabled": false },
						"up": { "texture": "#hair", "uv": [ 33.0, 39.0, 39.0, 45.0 ], "rotation": 90, "windMode": [-1,-1,-1,-1], "windData": [1,1,1,1] },
						"down": { "texture": "#hair", "uv": [ 6.0, 0.0, 12.0, 6.0 ], "enabled": false }
					}
				},
				{
					"name": "hairun-covered",
					"from": [ 3.0, 6.0, 2.8 ],
					"to": [ 3.0, 6.0, 2.8 ],
					"uv": [ 0.0, 0.0 ],
					"rotationOrigin": [ 3.5, 6.0, 2.6 ],
					"faces": {
						"north": { "texture": "#hair", "uv": [ 0.0, 0.5, 0.5, 1.0 ], "enabled": false },
						"east": { "texture": "#hair", "uv": [ 0.5, 0.5, 1.0, 1.0 ], "enabled": false },
						"south": { "texture": "#hair", "uv": [ 1.0, 0.5, 1.5, 1.0 ], "enabled": false },
						"west": { "texture": "#hair", "uv": [ 1.5, 0.5, 2.0, 1.0 ], "enabled": false },
						"up": { "texture": "#hair", "uv": [ 0.0, 0.0, 0.5, 0.5 ], "enabled": false },
						"down": { "texture": "#hair", "uv": [ 0.5, 0.0, 1.0, 0.5 ], "enabled": false }
					},
					"children": [
						{
							"name": "Hair1",
							"from": [ 2.5, -2.0, -2.5 ],
							"to": [ 2.5, 1.0, 2.5 ],
							"renderPass": 1,
							"uv": [ 0.0, 3.0 ],
							"rotationOrigin": [ 2.5, 1.0, 0.0 ],
							"rotationZ": 15.0,
							"faces": {
								"north": { "texture": "#hair", "uv": [ 0.0, 8.0, 0.5, 11.0 ], "enabled": false },
								"east": { "texture": "#hair", "uv": [ 0.0, 3.0, 5.0, 6.0 ], "windMode": [-1,-1,-1,-1], "windData": [1,1,1,1] },
								"south": { "texture": "#hair", "uv": [ 5.5, 8.0, 6.0, 11.0 ], "enabled": false },
								"west": { "texture": "#hair", "uv": [ 6.0, 8.0, 11.0, 11.0 ], "enabled": false },
								"up": { "texture": "#hair", "uv": [ 0.0, 3.0, 0.5, 8.0 ], "enabled": false },
								"down": { "texture": "#hair", "uv": [ 0.5, 3.0, 1.0, 8.0 ], "enabled": false }
							}
						},
						{
							"name": "Hair2",
							"from": [ 2.5, -5.7, -3.0 ],
							"to": [ 2.5, -0.7, 2.5 ],
							"renderPass": 1,
							"uv": [ 37.0, 17.5 ],
							"rotationOrigin": [ 2.5, -0.7, 0.0 ],
							"rotationZ": 5.0,
							"faces": {
								"north": { "texture": "#hair", "uv": [ 37.0, 23.0, 37.5, 28.0 ], "enabled": false },
								"east": { "texture": "#hair", "uv": [ 37.0, 17.5, 42.5, 22.5 ], "windMode": [-1,-1,-1,-1], "windData": [1,1,1,1] },
								"south": { "texture": "#hair", "uv": [ 43.0, 23.0, 43.5, 28.0 ], "enabled": false },
								"west": { "texture": "#hair", "uv": [ 43.5, 23.0, 49.0, 28.0 ], "enabled": false },
								"up": { "texture": "#hair", "uv": [ 37.0, 17.5, 37.5, 23.0 ], "enabled": false },
								"down": { "texture": "#hair", "uv": [ 37.5, 17.5, 38.0, 23.0 ], "enabled": false }
							}
						},
						{
							"name": "Hair3",
							"from": [ 2.7, 0.0, -2.5 ],
							"to": [ 2.7, 2.0, 2.5 ],
							"renderPass": 1,
							"uv": [ 6.0, 0.0 ],
							"rotationOrigin": [ 2.7, 2.0, 0.0 ],
							"rotationZ": 15.0,
							"faces": {
								"north": { "texture": "#hair", "uv": [ 6.0, 5.0, 6.5, 7.0 ], "enabled": false },
								"east": { "texture": "#hair", "uv": [ 6.0, 0.0, 11.0, 2.0 ], "windMode": [-1,-1,-1,-1], "windData": [1,1,1,1] },
								"south": { "texture": "#hair", "uv": [ 11.5, 5.0, 12.0, 7.0 ], "enabled": false },
								"west": { "texture": "#hair", "uv": [ 12.0, 5.0, 17.0, 7.0 ], "enabled": false },
								"up": { "texture": "#hair", "uv": [ 6.0, 0.0, 6.5, 5.0 ], "enabled": false },
								"down": { "texture": "#hair", "uv": [ 6.5, 0.0, 7.0, 5.0 ], "enabled": false }
							}
						},
						{
							"name": "HairL1",
							"from": [ 0.0, -3.0, 2.7 ],
							"to": [ 2.5, 0.0, 2.7 ],
							"renderPass": 1,
							"uv": [ 17.5, 24.5 ],
							"rotationOrigin": [ 0.0, 0.0, 2.7 ],
							"rotationX": -10.0,
							"faces": {
								"north": { "texture": "#hair", "uv": [ 17.5, 25.0, 20.0, 28.0 ], "enabled": false },
								"east": { "texture": "#hair", "uv": [ 20.0, 25.0, 20.5, 28.0 ], "enabled": false },
								"south": { "texture": "#hair", "uv": [ 17.5, 24.5, 20.0, 27.5 ], "windMode": [-1,-1,-1,-1], "windData": [1,1,1,1] },
								"west": { "texture": "#hair", "uv": [ 23.0, 25.0, 23.5, 28.0 ], "enabled": false },
								"up": { "texture": "#hair", "uv": [ 17.5, 24.5, 20.0, 25.0 ], "enabled": false },
								"down": { "texture": "#hair", "uv": [ 20.0, 24.5, 22.5, 25.0 ], "enabled": false }
							}
						},
						{
							"name": "HairR1",
							"from": [ 0.0, -3.0, -2.9 ],
							"to": [ 2.5, 0.0, -2.9 ],
							"renderPass": 1,
							"uv": [ 25.0, 24.5 ],
							"rotationOrigin": [ 0.0, 0.0, -2.9 ],
							"rotationX": 10.0,
							"faces": {
								"north": { "texture": "#hair", "uv": [ 25.0, 24.5, 27.5, 27.5 ], "windMode": [-1,-1,-1,-1], "windData": [1,1,1,1] },
								"east": { "texture": "#hair", "uv": [ 27.5, 25.0, 28.0, 28.0 ], "enabled": false },
								"south": { "texture": "#hair", "uv": [ 28.0, 25.0, 30.5, 28.0 ], "enabled": false },
								"west": { "texture": "#hair", "uv": [ 30.5, 25.0, 31.0, 28.0 ], "enabled": false },
								"up": { "texture": "#hair", "uv": [ 25.0, 24.5, 27.5, 25.0 ], "enabled": false },
								"down": { "texture": "#hair", "uv": [ 27.5, 24.5, 30.0, 25.0 ], "enabled": false }
							}
						},
						{
							"name": "StrandL1",
							"from": [ 2.3, -3.0, 2.0 ],
							"to": [ 2.3, 0.0, 3.0 ],
							"renderPass": 1,
							"uv": [ 21.5, 3.0 ],
							"rotationOrigin": [ 2.3, 0.0, 2.5 ],
							"rotationY": -45.0,
							"rotationZ": 22.5,
							"faces": {
								"north": { "texture": "#hair", "uv": [ 21.5, 4.0, 22.0, 7.0 ], "enabled": false },
								"east": { "texture": "#hair", "uv": [ 21.5, 3.0, 22.5, 6.0 ], "windMode": [-1,-1,-1,-1], "windData": [1,1,1,1] },
								"south": { "texture": "#hair", "uv": [ 23.0, 4.0, 23.5, 7.0 ], "enabled": false },
								"west": { "texture": "#hair", "uv": [ 23.5, 4.0, 24.5, 7.0 ], "enabled": false },
								"up": { "texture": "#hair", "uv": [ 21.5, 3.0, 22.0, 4.0 ], "enabled": false },
								"down": { "texture": "#hair", "uv": [ 22.0, 3.0, 22.5, 4.0 ], "enabled": false }
							}
						},
						{
							"name": "StrandR1",
							"from": [ 2.3, -3.0, -3.4 ],
							"to": [ 2.3, 0.0, -2.4 ],
							"renderPass": 1,
							"uv": [ 22.5, 3.0 ],
							"rotationOrigin": [ 2.3, 0.0, -2.9 ],
							"rotationY": 45.0,
							"rotationZ": 22.5,
							"faces": {
								"north": { "texture": "#hair", "uv": [ 22.5, 4.0, 23.0, 7.0 ], "enabled": false },
								"east": { "texture": "#hair", "uv": [ 22.5, 3.0, 23.5, 6.0 ], "windMode": [-1,-1,-1,-1], "windData": [1,1,1,1] },
								"south": { "texture": "#hair", "uv": [ 24.0, 4.0, 24.5, 7.0 ], "enabled": false },
								"west": { "texture": "#hair", "uv": [ 24.5, 4.0, 25.5, 7.0 ], "enabled": false },
								"up": { "texture": "#hair", "uv": [ 22.5, 3.0, 23.0, 4.0 ], "enabled": false },
								"down": { "texture": "#hair", "uv": [ 23.0, 3.0, 23.5, 4.0 ], "enabled": false }
							}
						},
						{
							"name": "StrandR2",
							"from": [ 2.3, -5.0, -3.4 ],
							"to": [ 2.3, -2.0, -1.4 ],
							"renderPass": 1,
							"uv": [ 16.5, 11.5 ],
							"rotationOrigin": [ 2.3, -2.0, -2.9 ],
							"rotationY": 22.5,
							"rotationZ": 22.5,
							"faces": {
								"north": { "texture": "#hair", "uv": [ 16.5, 13.5, 17.0, 16.5 ], "enabled": false },
								"east": { "texture": "#hair", "uv": [ 16.5, 11.5, 18.5, 14.5 ], "windMode": [-1,-1,-1,-1], "windData": [1,1,1,1] },
								"south": { "texture": "#hair", "uv": [ 19.0, 13.5, 19.5, 16.5 ], "enabled": false },
								"west": { "texture": "#hair", "uv": [ 19.5, 13.5, 21.5, 16.5 ], "enabled": false },
								"up": { "texture": "#hair", "uv": [ 16.5, 11.5, 17.0, 13.5 ], "enabled": false },
								"down": { "texture": "#hair", "uv": [ 17.0, 11.5, 17.5, 13.5 ], "enabled": false }
							}
						},
						{
							"name": "StrandL2",
							"from": [ 2.3, -5.0, 1.0 ],
							"to": [ 2.3, -2.0, 3.0 ],
							"renderPass": 1,
							"uv": [ 19.0, 3.0 ],
							"rotationOrigin": [ 2.3, -2.0, 2.5 ],
							"rotationY": -22.5,
							"rotationZ": 22.5,
							"faces": {
								"north": { "texture": "#hair", "uv": [ 19.0, 5.0, 19.5, 8.0 ], "enabled": false },
								"east": { "texture": "#hair", "uv": [ 19.0, 3.0, 21.0, 6.0 ], "windMode": [-1,-1,-1,-1], "windData": [1,1,1,1] },
								"south": { "texture": "#hair", "uv": [ 21.5, 5.0, 22.0, 8.0 ], "enabled": false },
								"west": { "texture": "#hair", "uv": [ 22.0, 5.0, 24.0, 8.0 ], "enabled": false },
								"up": { "texture": "#hair", "uv": [ 19.0, 3.0, 19.5, 5.0 ], "enabled": false },
								"down": { "texture": "#hair", "uv": [ 19.5, 3.0, 20.0, 5.0 ], "enabled": false }
							}
						},
						{
							"name": "StrandR3",
							"from": [ -0.5, -3.5, -2.7 ],
							"to": [ 0.5, 0.5, -2.7 ],
							"renderPass": 1,
							"uv": [ 25.0, 24.0 ],
							"rotationOrigin": [ 0.0, 0.5, -2.7 ],
							"rotationX": 22.5,
							"rotationY": 22.5,
							"faces": {
								"north": { "texture": "#hair", "uv": [ 25.0, 24.0, 26.0, 28.0 ] },
								"east": { "texture": "#hair", "uv": [ 26.0, 24.5, 26.5, 28.5 ], "enabled": false },
								"south": { "texture": "#hair", "uv": [ 26.5, 24.5, 27.5, 28.5 ], "enabled": false },
								"west": { "texture": "#hair", "uv": [ 27.5, 24.5, 28.0, 28.5 ], "enabled": false },
								"up": { "texture": "#hair", "uv": [ 25.0, 24.0, 26.0, 24.5 ], "enabled": false },
								"down": { "texture": "#hair", "uv": [ 26.0, 24.0, 27.0, 24.5 ], "enabled": false }
							}
						},
						{
							"name": "StrandL3",
							"from": [ 0.3, -3.5, 2.5 ],
							"to": [ 1.3, 0.5, 2.5 ],
							"renderPass": 1,
							"uv": [ 26.0, 22.5 ],
							"rotationOrigin": [ 0.8, 0.5, 2.4 ],
							"rotationX": -22.5,
							"rotationY": -22.5,
							"faces": {
								"north": { "texture": "#hair", "uv": [ 26.0, 23.0, 27.0, 27.0 ], "enabled": false },
								"east": { "texture": "#hair", "uv": [ 27.0, 23.0, 27.5, 27.0 ], "enabled": false },
								"south": { "texture": "#hair", "uv": [ 26.0, 22.5, 27.0, 26.5 ], "windMode": [-1,-1,-1,-1], "windData": [1,1,1,1] },
								"west": { "texture": "#hair", "uv": [ 28.5, 23.0, 29.0, 27.0 ], "enabled": false },
								"up": { "texture": "#hair", "uv": [ 26.0, 22.5, 27.0, 23.0 ], "enabled": false },
								"down": { "texture": "#hair", "uv": [ 27.0, 22.5, 28.0, 23.0 ], "enabled": false }
							}
						},
						{
							"name": "StrandR4",
							"from": [ 0.5, -2.5, -2.7 ],
							"to": [ 1.5, 1.5, -2.7 ],
							"renderPass": 1,
							"uv": [ 25.0, 24.0 ],
							"rotationOrigin": [ 1.0, 1.5, -2.7 ],
							"rotationX": 15.0,
							"faces": {
								"north": { "texture": "#hair", "uv": [ 25.0, 24.0, 26.0, 28.0 ] },
								"east": { "texture": "#hair", "uv": [ 26.0, 24.5, 26.5, 28.5 ], "enabled": false },
								"south": { "texture": "#hair", "uv": [ 26.5, 24.5, 27.5, 28.5 ], "enabled": false },
								"west": { "texture": "#hair", "uv": [ 27.5, 24.5, 28.0, 28.5 ], "enabled": false },
								"up": { "texture": "#hair", "uv": [ 25.0, 24.0, 26.0, 24.5 ], "enabled": false },
								"down": { "texture": "#hair", "uv": [ 26.0, 24.0, 27.0, 24.5 ], "enabled": false }
							}
						},
						{
							"name": "StrandL4",
							"from": [ 1.3, -2.5, 2.5 ],
							"to": [ 2.3, 1.5, 2.5 ],
							"renderPass": 1,
							"uv": [ 26.0, 22.5 ],
							"rotationOrigin": [ 1.8, 1.5, 2.4 ],
							"rotationX": -15.0,
							"faces": {
								"north": { "texture": "#hair", "uv": [ 26.0, 23.0, 27.0, 27.0 ], "enabled": false },
								"east": { "texture": "#hair", "uv": [ 27.0, 23.0, 27.5, 27.0 ], "enabled": false },
								"south": { "texture": "#hair", "uv": [ 26.0, 22.5, 27.0, 26.5 ], "windMode": [-1,-1,-1,-1], "windData": [1,1,1,1] },
								"west": { "texture": "#hair", "uv": [ 28.5, 23.0, 29.0, 27.0 ], "enabled": false },
								"up": { "texture": "#hair", "uv": [ 26.0, 22.5, 27.0, 23.0 ], "enabled": false },
								"down": { "texture": "#hair", "uv": [ 27.0, 22.5, 28.0, 23.0 ], "enabled": false }
							}
						}
					]
				}
			]
		}
	]}