{
	"editor": {
		"backDropShape": "entity/humanoid/seraph-hairless",
		"allAngles": false,
		"entityTextureMode": true
	},
	"textureWidth": 48,
	"textureHeight": 48,
	"textureSizes": {
		"hair": [48,48]
	},
	"textures": {
		"hair": "entity/humanoid/seraphskinparts/hair/lightgray"
	},
	"elements": [
		{
			"name": "Hair",
			"stepParentName": "Head",
			"from": [ -0.2, -3.1, -0.25 ],
			"to": [ 5.8, 5.4, 5.25 ],
			"autoUnwrap": false,
			"uv": [ 2.0, 2.5 ],
			"rotationOrigin": [ 3.0, 2.0, 2.5 ],
			"faces": {
				"north": { "texture": "#hair", "uv": [ 1.5, 0.0, 7.5, 8.5 ] },
				"east": { "texture": "#hair", "uv": [ 36.5, 13.5, 42.0, 22.0 ] },
				"south": { "texture": "#hair", "uv": [ 10.5, 0.0, 16.5, 8.5 ] },
				"west": { "texture": "#hair", "uv": [ 6.5, 0.0, 12.0, 8.5 ] },
				"up": { "texture": "#hair", "uv": [ 24.0, 0.0, 29.5, 6.0 ], "rotation": 90 }
			},
			"children": [
				{
					"name": "hair-uncovered",
					"from": [ 0.0, 0.0, 0.0 ],
					"to": [ 1.0, 1.0, 1.0 ],
					"uv": [ 0.0, 0.0 ],
					"faces": {
					},
					"children": [
						{
							"name": "Dread13",
							"from": [ 0.0, 5.5, 4.5 ],
							"to": [ 1.0, 7.5, 5.5 ],
							"uv": [ 35.0, 31.5 ],
							"rotationOrigin": [ 0.5, 7.5, 5.0 ],
							"rotationX": -15.0,
							"rotationY": 0.0,
							"rotationZ": -11.0,
							"faces": {
								"north": { "texture": "#hair", "uv": [ 35.0, 32.5, 36.0, 34.5 ] },
								"east": { "texture": "#hair", "uv": [ 36.0, 32.5, 37.0, 34.5 ] },
								"south": { "texture": "#hair", "uv": [ 37.0, 32.5, 38.0, 34.5 ] },
								"west": { "texture": "#hair", "uv": [ 38.0, 32.5, 39.0, 34.5 ] },
								"down": { "texture": "#hair", "uv": [ 35.0, 31.5, 36.0, 32.5 ] }
							},
							"children": [
								{
									"name": "Cube1",
									"from": [ 0.2, -2.7, 0.2 ],
									"to": [ 0.8, 0.3, 0.8 ],
									"uv": [ 33.5, 35.0 ],
									"rotationOrigin": [ 0.5, 0.3, 0.5 ],
									"rotationX": 19.0,
									"rotationZ": 6.0,
									"faces": {
										"north": { "texture": "#hair", "uv": [ 33.5, 35.5, 34.0, 38.5 ] },
										"south": { "texture": "#hair", "uv": [ 34.5, 35.5, 35.0, 38.5 ] },
										"west": { "texture": "#hair", "uv": [ 35.0, 35.5, 35.5, 38.5 ] },
										"down": { "texture": "#hair", "uv": [ 33.5, 35.0, 34.0, 35.5 ] }
									}
								}
							]
						},
						{
							"name": "Dread12",
							"from": [ 1.6, 4.0, 4.7 ],
							"to": [ 2.6, 7.5, 5.7 ],
							"uv": [ 35.0, 31.5 ],
							"rotationOrigin": [ 2.1, 7.5, 5.2 ],
							"rotationX": -15.0,
							"rotationZ": -3.0,
							"faces": {
								"east": { "texture": "#hair", "uv": [ 35.0, 32.5, 36.0, 36.0 ] },
								"south": { "texture": "#hair", "uv": [ 36.0, 32.5, 37.0, 36.0 ] },
								"west": { "texture": "#hair", "uv": [ 37.0, 32.5, 38.0, 36.0 ] },
								"down": { "texture": "#hair", "uv": [ 35.0, 31.5, 36.0, 32.5 ] }
							}
						},
						{
							"name": "Dread11",
							"from": [ 3.6, 2.5, 4.7 ],
							"to": [ 4.6, 5.5, 5.7 ],
							"uv": [ 35.0, 31.5 ],
							"rotationOrigin": [ 4.1, 5.5, 5.2 ],
							"rotationX": -30.0,
							"rotationZ": -17.0,
							"faces": {
								"east": { "texture": "#hair", "uv": [ 36.0, 32.5, 37.0, 35.5 ] },
								"south": { "texture": "#hair", "uv": [ 37.0, 32.5, 38.0, 35.5 ] },
								"west": { "texture": "#hair", "uv": [ 38.0, 32.5, 39.0, 35.5 ] },
								"down": { "texture": "#hair", "uv": [ 35.0, 31.5, 36.0, 32.5 ] }
							},
							"children": [
								{
									"name": "Cube23",
									"from": [ 0.3, -1.8, 0.2 ],
									"to": [ 0.9, 0.2, 0.8 ],
									"uv": [ 34.0, 34.0 ],
									"rotationOrigin": [ 0.6, 0.2, 0.5 ],
									"rotationX": -10.0,
									"rotationZ": -42.0,
									"faces": {
										"north": { "texture": "#hair", "uv": [ 34.0, 34.5, 34.5, 36.5 ] },
										"east": { "texture": "#hair", "uv": [ 34.5, 34.5, 35.0, 36.5 ] },
										"south": { "texture": "#hair", "uv": [ 35.0, 34.5, 35.5, 36.5 ] },
										"west": { "texture": "#hair", "uv": [ 35.5, 34.5, 36.0, 36.5 ] },
										"down": { "texture": "#hair", "uv": [ 34.0, 34.0, 34.5, 34.5 ] }
									}
								}
							]
						},
						{
							"name": "Dread10",
							"from": [ 5.1, 4.5, 4.7 ],
							"to": [ 6.1, 7.5, 5.7 ],
							"uv": [ 28.5, 34.0 ],
							"rotationOrigin": [ 5.6, 7.5, 5.2 ],
							"rotationX": -30.0,
							"rotationZ": 10.0,
							"faces": {
								"north": { "texture": "#hair", "uv": [ 28.5, 35.0, 29.5, 38.0 ] },
								"east": { "texture": "#hair", "uv": [ 29.5, 35.0, 30.5, 38.0 ] },
								"south": { "texture": "#hair", "uv": [ 30.5, 35.0, 31.5, 38.0 ] },
								"west": { "texture": "#hair", "uv": [ 31.5, 35.0, 32.5, 38.0 ] },
								"down": { "texture": "#hair", "uv": [ 28.5, 34.0, 29.5, 35.0 ] }
							},
							"children": [
								{
									"name": "Cube22",
									"from": [ 0.2, -1.8, 0.2 ],
									"to": [ 0.8, 0.2, 0.8 ],
									"uv": [ 33.5, 34.0 ],
									"rotationOrigin": [ 0.5, 0.2, 0.5 ],
									"rotationX": 22.0,
									"rotationZ": -28.0,
									"faces": {
										"north": { "texture": "#hair", "uv": [ 33.5, 34.5, 34.0, 36.5 ] },
										"east": { "texture": "#hair", "uv": [ 34.0, 34.5, 34.5, 36.5 ] },
										"south": { "texture": "#hair", "uv": [ 34.5, 34.5, 35.0, 36.5 ] },
										"west": { "texture": "#hair", "uv": [ 35.0, 34.5, 35.5, 36.5 ] },
										"down": { "texture": "#hair", "uv": [ 33.5, 34.0, 34.0, 34.5 ] }
									}
								}
							]
						},
						{
							"name": "Dread9",
							"from": [ 5.3, 2.5, 4.2 ],
							"to": [ 6.3, 5.5, 5.2 ],
							"uv": [ 31.0, 31.5 ],
							"rotationOrigin": [ 5.8, 5.5, 4.7 ],
							"rotationX": -11.0,
							"rotationZ": 8.0,
							"faces": {
								"north": { "texture": "#hair", "uv": [ 31.0, 32.5, 32.0, 35.5 ] },
								"east": { "texture": "#hair", "uv": [ 32.0, 32.5, 33.0, 35.5 ] },
								"south": { "texture": "#hair", "uv": [ 33.0, 32.5, 34.0, 35.5 ] },
								"west": { "texture": "#hair", "uv": [ 34.0, 32.5, 35.0, 35.5 ] },
								"down": { "texture": "#hair", "uv": [ 31.0, 31.5, 32.0, 32.5 ] }
							},
							"children": [
								{
									"name": "Cube21",
									"from": [ 0.2, -1.7, 0.2 ],
									"to": [ 0.8, 0.3, 0.8 ],
									"uv": [ 35.5, 32.0 ],
									"rotationOrigin": [ 0.5, 0.3, 0.5 ],
									"rotationX": 33.0,
									"rotationZ": -6.0,
									"faces": {
										"north": { "texture": "#hair", "uv": [ 35.5, 32.5, 36.0, 34.5 ] },
										"east": { "texture": "#hair", "uv": [ 36.0, 32.5, 36.5, 34.5 ] },
										"south": { "texture": "#hair", "uv": [ 36.5, 32.5, 37.0, 34.5 ] },
										"west": { "texture": "#hair", "uv": [ 37.0, 32.5, 37.5, 34.5 ] },
										"down": { "texture": "#hair", "uv": [ 35.5, 32.0, 36.0, 32.5 ] }
									}
								}
							]
						},
						{
							"name": "Dread8",
							"from": [ 5.3, 0.3, 2.2 ],
							"to": [ 6.3, 4.3, 3.2 ],
							"uv": [ 36.0, 33.0 ],
							"rotationOrigin": [ 5.8, 4.3, 2.7 ],
							"rotationX": 4.0,
							"rotationZ": 14.0,
							"faces": {
								"north": { "texture": "#hair", "uv": [ 36.0, 34.0, 37.0, 38.0 ] },
								"east": { "texture": "#hair", "uv": [ 37.0, 34.0, 38.0, 38.0 ] },
								"south": { "texture": "#hair", "uv": [ 38.0, 34.0, 39.0, 38.0 ], "windMode": [-1,-1,-1,-1], "windData": [1,1,1,1] },
								"down": { "texture": "#hair", "uv": [ 36.0, 33.0, 37.0, 34.0 ] }
							}
						},
						{
							"name": "Dread7",
							"from": [ 5.3, 5.0, 2.8 ],
							"to": [ 6.3, 8.0, 3.8 ],
							"uv": [ 29.0, 34.0 ],
							"rotationOrigin": [ 5.8, 8.0, 3.3 ],
							"rotationZ": 22.0,
							"faces": {
								"north": { "texture": "#hair", "uv": [ 29.0, 35.0, 30.0, 38.0 ] },
								"east": { "texture": "#hair", "uv": [ 30.0, 35.0, 31.0, 38.0 ] },
								"south": { "texture": "#hair", "uv": [ 31.0, 35.0, 32.0, 38.0 ] },
								"down": { "texture": "#hair", "uv": [ 29.0, 34.0, 30.0, 35.0 ] }
							},
							"children": [
								{
									"name": "Cube20",
									"from": [ 0.2, -1.7, 0.2 ],
									"to": [ 0.8, 0.3, 0.8 ],
									"uv": [ 36.5, 32.5 ],
									"rotationOrigin": [ 0.5, 0.3, 0.5 ],
									"rotationX": -15.0,
									"rotationY": 5.0,
									"rotationZ": -5.0,
									"faces": {
										"north": { "texture": "#hair", "uv": [ 36.5, 33.0, 37.0, 35.0 ] },
										"east": { "texture": "#hair", "uv": [ 37.0, 33.0, 37.5, 35.0 ] },
										"south": { "texture": "#hair", "uv": [ 37.5, 33.0, 38.0, 35.0 ] },
										"west": { "texture": "#hair", "uv": [ 38.0, 33.0, 38.5, 35.0 ] },
										"down": { "texture": "#hair", "uv": [ 36.5, 32.5, 37.0, 33.0 ] }
									}
								}
							]
						},
						{
							"name": "Dread6",
							"from": [ 5.3, 3.0, 0.8 ],
							"to": [ 6.3, 6.0, 1.8 ],
							"uv": [ 34.5, 34.5 ],
							"rotationOrigin": [ 5.8, 6.0, 1.3 ],
							"rotationX": 14.0,
							"rotationZ": 14.0,
							"faces": {
								"north": { "texture": "#hair", "uv": [ 34.5, 35.5, 35.5, 38.5 ] },
								"east": { "texture": "#hair", "uv": [ 35.5, 35.5, 36.5, 38.5 ] },
								"south": { "texture": "#hair", "uv": [ 36.5, 35.5, 37.5, 38.5 ] },
								"down": { "texture": "#hair", "uv": [ 34.5, 34.5, 35.5, 35.5 ] }
							},
							"children": [
								{
									"name": "Cube18",
									"from": [ 0.2, -1.8, 0.2 ],
									"to": [ 0.8, 0.2, 0.8 ],
									"uv": [ 35.5, 37.0 ],
									"rotationOrigin": [ 0.5, 0.2, 0.5 ],
									"rotationZ": -22.0,
									"faces": {
										"north": { "texture": "#hair", "uv": [ 35.5, 37.5, 36.0, 39.5 ] },
										"east": { "texture": "#hair", "uv": [ 36.0, 37.5, 36.5, 39.5 ] },
										"south": { "texture": "#hair", "uv": [ 36.5, 37.5, 37.0, 39.5 ] },
										"west": { "texture": "#hair", "uv": [ 37.0, 37.5, 37.5, 39.5 ] },
										"down": { "texture": "#hair", "uv": [ 35.5, 37.0, 36.0, 37.5 ] }
									}
								}
							]
						},
						{
							"name": "Dread5",
							"from": [ 4.3, 4.7, -0.2 ],
							"to": [ 5.3, 7.7, 0.8 ],
							"uv": [ 28.5, 31.0 ],
							"rotationOrigin": [ 4.8, 7.7, 0.3 ],
							"rotationX": 22.0,
							"rotationZ": 28.0,
							"faces": {
								"north": { "texture": "#hair", "uv": [ 28.5, 32.0, 29.5, 35.0 ] },
								"east": { "texture": "#hair", "uv": [ 29.5, 32.0, 30.5, 35.0 ] },
								"west": { "texture": "#hair", "uv": [ 31.5, 32.0, 32.5, 35.0 ] },
								"down": { "texture": "#hair", "uv": [ 28.5, 31.0, 29.5, 32.0 ] }
							},
							"children": [
								{
									"name": "Cube17",
									"from": [ 0.2, -1.7, 0.2 ],
									"to": [ 0.8, 0.3, 0.8 ],
									"uv": [ 36.5, 32.0 ],
									"rotationOrigin": [ 0.5, 0.3, 0.5 ],
									"rotationX": -25.0,
									"rotationZ": -33.0,
									"faces": {
										"north": { "texture": "#hair", "uv": [ 36.5, 32.5, 37.0, 34.5 ] },
										"east": { "texture": "#hair", "uv": [ 37.0, 32.5, 37.5, 34.5 ] },
										"south": { "texture": "#hair", "uv": [ 37.5, 32.5, 38.0, 34.5 ] },
										"west": { "texture": "#hair", "uv": [ 38.0, 32.5, 38.5, 34.5 ] },
										"down": { "texture": "#hair", "uv": [ 36.5, 32.0, 37.0, 32.5 ] }
									}
								}
							]
						},
						{
							"name": "Dread4",
							"from": [ 4.0, 3.0, -0.2 ],
							"to": [ 5.0, 6.0, 0.8 ],
							"uv": [ 28.0, 33.0 ],
							"rotationOrigin": [ 4.5, 6.0, 0.3 ],
							"rotationX": 22.0,
							"rotationZ": -33.0,
							"faces": {
								"north": { "texture": "#hair", "uv": [ 28.0, 34.0, 29.0, 37.0 ] },
								"east": { "texture": "#hair", "uv": [ 29.0, 34.0, 30.0, 37.0 ] },
								"west": { "texture": "#hair", "uv": [ 31.0, 34.0, 32.0, 37.0 ] },
								"down": { "texture": "#hair", "uv": [ 28.0, 33.0, 29.0, 34.0 ] }
							},
							"children": [
								{
									"name": "Cube16",
									"from": [ 0.2, -1.9, 0.2 ],
									"to": [ 0.8, 0.1, 0.8 ],
									"uv": [ 31.0, 35.0 ],
									"rotationOrigin": [ 0.5, 0.1, 0.5 ],
									"rotationX": 22.0,
									"rotationZ": 17.0,
									"faces": {
										"north": { "texture": "#hair", "uv": [ 31.0, 35.5, 31.5, 37.5 ] },
										"east": { "texture": "#hair", "uv": [ 31.5, 35.5, 32.0, 37.5 ] },
										"south": { "texture": "#hair", "uv": [ 32.0, 35.5, 32.5, 37.5 ] },
										"west": { "texture": "#hair", "uv": [ 32.5, 35.5, 33.0, 37.5 ] },
										"down": { "texture": "#hair", "uv": [ 31.0, 35.0, 31.5, 35.5 ] }
									}
								}
							]
						},
						{
							"name": "Dread1",
							"from": [ 1.0, 5.0, -0.2 ],
							"to": [ 2.0, 8.0, 0.8 ],
							"uv": [ 30.5, 31.0 ],
							"rotationOrigin": [ 1.5, 8.0, 0.3 ],
							"rotationX": 22.0,
							"rotationZ": 14.0,
							"faces": {
								"north": { "texture": "#hair", "uv": [ 30.5, 32.0, 31.5, 35.0 ] },
								"east": { "texture": "#hair", "uv": [ 31.5, 32.0, 32.5, 35.0 ] },
								"west": { "texture": "#hair", "uv": [ 32.5, 32.0, 33.5, 35.0 ] },
								"down": { "texture": "#hair", "uv": [ 30.5, 31.0, 31.5, 32.0 ] }
							},
							"children": [
								{
									"name": "Cube15",
									"from": [ 0.2, -1.7, 0.2 ],
									"to": [ 0.8, 0.3, 0.8 ],
									"uv": [ 31.0, 33.0 ],
									"rotationOrigin": [ 0.5, 0.3, 0.5 ],
									"rotationX": -22.0,
									"rotationZ": -33.0,
									"faces": {
										"north": { "texture": "#hair", "uv": [ 31.0, 33.5, 31.5, 35.5 ] },
										"east": { "texture": "#hair", "uv": [ 31.5, 33.5, 32.0, 35.5 ] },
										"south": { "texture": "#hair", "uv": [ 32.0, 33.5, 32.5, 35.5 ] },
										"west": { "texture": "#hair", "uv": [ 32.5, 33.5, 33.0, 35.5 ] },
										"down": { "texture": "#hair", "uv": [ 31.0, 33.0, 31.5, 33.5 ] }
									}
								}
							]
						},
						{
							"name": "Dread14",
							"from": [ 2.6, 4.2, 4.7 ],
							"to": [ 3.6, 8.2, 5.7 ],
							"uv": [ 29.5, 35.0 ],
							"rotationOrigin": [ 3.1, 8.2, 5.2 ],
							"rotationX": -25.0,
							"rotationZ": 6.0,
							"faces": {
								"east": { "texture": "#hair", "uv": [ 29.5, 36.0, 30.5, 40.0 ] },
								"south": { "texture": "#hair", "uv": [ 30.5, 36.0, 31.5, 40.0 ] },
								"west": { "texture": "#hair", "uv": [ 31.5, 36.0, 32.5, 40.0 ] },
								"down": { "texture": "#hair", "uv": [ 29.5, 35.0, 30.5, 36.0 ] }
							}
						},
						{
							"name": "Dread25",
							"from": [ -0.2, 5.0, 0.5 ],
							"to": [ 0.8, 7.5, 1.5 ],
							"uv": [ 35.0, 31.5 ],
							"rotationOrigin": [ 0.3, 7.5, 1.0 ],
							"rotationX": 25.0,
							"rotationY": 0.0,
							"rotationZ": -17.0,
							"faces": {
								"north": { "texture": "#hair", "uv": [ 35.0, 32.5, 36.0, 35.0 ] },
								"south": { "texture": "#hair", "uv": [ 36.0, 32.5, 37.0, 35.0 ] },
								"west": { "texture": "#hair", "uv": [ 37.0, 32.5, 38.0, 35.0 ] },
								"down": { "texture": "#hair", "uv": [ 35.0, 31.5, 36.0, 32.5 ] }
							},
							"children": [
								{
									"name": "Cube26",
									"from": [ 0.1, -2.7, 0.2 ],
									"to": [ 0.7, 0.3, 0.8 ],
									"uv": [ 33.5, 35.0 ],
									"rotationOrigin": [ 0.4, 0.3, 0.5 ],
									"rotationX": -19.0,
									"rotationZ": 8.0,
									"faces": {
										"north": { "texture": "#hair", "uv": [ 33.5, 35.5, 34.0, 38.5 ] },
										"east": { "texture": "#hair", "uv": [ 34.0, 35.5, 34.5, 38.5 ] },
										"south": { "texture": "#hair", "uv": [ 34.5, 35.5, 35.0, 38.5 ] },
										"west": { "texture": "#hair", "uv": [ 35.0, 35.5, 35.5, 38.5 ] },
										"down": { "texture": "#hair", "uv": [ 33.5, 35.0, 34.0, 35.5 ] }
									}
								}
							]
						},
						{
							"name": "Dread15",
							"from": [ 4.2, 3.2, 4.7 ],
							"to": [ 5.2, 7.2, 5.7 ],
							"uv": [ 22.5, 0.0 ],
							"rotationOrigin": [ 4.7, 7.2, 5.2 ],
							"rotationX": -17.0,
							"faces": {
								"east": { "texture": "#hair", "uv": [ 22.5, 1.0, 23.5, 5.0 ] },
								"south": { "texture": "#hair", "uv": [ 23.5, 1.0, 24.5, 5.0 ] },
								"west": { "texture": "#hair", "uv": [ 24.5, 1.0, 25.5, 5.0 ] },
								"down": { "texture": "#hair", "uv": [ 22.5, 0.0, 23.5, 1.0 ] }
							}
						},
						{
							"name": "Dread16",
							"from": [ 5.3, 3.5, 4.2 ],
							"to": [ 6.3, 7.5, 5.2 ],
							"uv": [ 42.5, 9.0 ],
							"rotationOrigin": [ 5.8, 7.5, 4.7 ],
							"rotationX": -17.0,
							"rotationZ": 17.0,
							"faces": {
								"north": { "texture": "#hair", "uv": [ 42.5, 10.0, 43.5, 14.0 ] },
								"east": { "texture": "#hair", "uv": [ 43.5, 10.0, 44.5, 14.0 ] },
								"south": { "texture": "#hair", "uv": [ 44.5, 10.0, 45.5, 14.0 ] },
								"down": { "texture": "#hair", "uv": [ 42.5, 9.0, 43.5, 10.0 ] }
							}
						},
						{
							"name": "Dread17",
							"from": [ 5.3, 4.1, 1.7 ],
							"to": [ 6.3, 7.6, 2.7 ],
							"uv": [ 42.5, 9.0 ],
							"rotationOrigin": [ 5.8, 7.5, 2.2 ],
							"rotationX": 3.0,
							"rotationZ": 28.0,
							"faces": {
								"north": { "texture": "#hair", "uv": [ 42.5, 10.0, 43.5, 13.5 ] },
								"east": { "texture": "#hair", "uv": [ 43.5, 10.0, 44.5, 13.5 ] },
								"south": { "texture": "#hair", "uv": [ 44.5, 10.0, 45.5, 13.5 ] },
								"down": { "texture": "#hair", "uv": [ 42.5, 9.0, 43.5, 10.0 ] }
							}
						},
						{
							"name": "Dread18",
							"from": [ 5.3, 4.1, 0.7 ],
							"to": [ 6.3, 8.1, 1.7 ],
							"uv": [ 44.0, 10.5 ],
							"rotationOrigin": [ 5.8, 8.1, 1.2 ],
							"rotationX": 22.0,
							"rotationZ": 19.0,
							"faces": {
								"north": { "texture": "#hair", "uv": [ 44.0, 11.5, 45.0, 15.5 ] },
								"east": { "texture": "#hair", "uv": [ 45.0, 11.5, 46.0, 15.5 ] },
								"south": { "texture": "#hair", "uv": [ 46.0, 11.5, 47.0, 15.5 ] },
								"down": { "texture": "#hair", "uv": [ 44.0, 10.5, 45.0, 11.5 ] }
							}
						},
						{
							"name": "Dread19",
							"from": [ 0.65, 3.2, 4.95 ],
							"to": [ 1.35, 8.2, 5.65 ],
							"uv": [ 25.5, 0.0 ],
							"rotationOrigin": [ 1.0, 8.3, 5.2 ],
							"rotationX": -14.0,
							"rotationZ": -3.0,
							"faces": {
								"east": { "texture": "#hair", "uv": [ 25.5, 0.5, 26.0, 5.5 ] },
								"south": { "texture": "#hair", "uv": [ 26.0, 0.5, 26.5, 5.5 ] },
								"west": { "texture": "#hair", "uv": [ 26.5, 0.5, 27.0, 5.5 ] },
								"down": { "texture": "#hair", "uv": [ 25.5, 0.0, 26.0, 0.5 ] }
							}
						},
						{
							"name": "Dread20",
							"from": [ 3.0, 3.0, -0.2 ],
							"to": [ 4.0, 8.0, 0.8 ],
							"uv": [ 28.0, 33.0 ],
							"rotationOrigin": [ 3.5, 8.0, 0.3 ],
							"rotationX": 17.0,
							"rotationZ": 19.0,
							"faces": {
								"north": { "texture": "#hair", "uv": [ 28.0, 34.0, 29.0, 39.0 ] },
								"east": { "texture": "#hair", "uv": [ 29.0, 34.0, 30.0, 39.0 ] },
								"west": { "texture": "#hair", "uv": [ 31.0, 34.0, 32.0, 39.0 ] },
								"down": { "texture": "#hair", "uv": [ 28.0, 33.0, 29.0, 34.0 ] }
							}
						},
						{
							"name": "Dread21",
							"from": [ 0.2, 4.0, -0.2 ],
							"to": [ 1.2, 8.0, 0.8 ],
							"uv": [ 28.0, 33.0 ],
							"rotationOrigin": [ 0.7, 8.0, 0.3 ],
							"rotationX": 11.0,
							"rotationZ": -8.0,
							"faces": {
								"north": { "texture": "#hair", "uv": [ 28.0, 34.0, 29.0, 38.0 ] },
								"east": { "texture": "#hair", "uv": [ 29.0, 34.0, 30.0, 38.0 ] },
								"west": { "texture": "#hair", "uv": [ 30.0, 34.0, 31.0, 38.0 ] },
								"down": { "texture": "#hair", "uv": [ 28.0, 33.0, 29.0, 34.0 ] }
							}
						},
						{
							"name": "Dread22",
							"from": [ -0.2, 5.2, 3.7 ],
							"to": [ 0.4, 8.2, 4.3 ],
							"uv": [ 35.0, 31.5 ],
							"rotationOrigin": [ 0.1, 8.2, 4.0 ],
							"rotationX": -3.0,
							"rotationY": 0.0,
							"rotationZ": -17.0,
							"faces": {
								"north": { "texture": "#hair", "uv": [ 35.0, 32.0, 35.5, 35.0 ] },
								"east": { "texture": "#hair", "uv": [ 35.5, 32.0, 36.0, 35.0 ] },
								"south": { "texture": "#hair", "uv": [ 36.0, 32.0, 36.5, 35.0 ] },
								"west": { "texture": "#hair", "uv": [ 36.5, 32.0, 37.0, 35.0 ] },
								"down": { "texture": "#hair", "uv": [ 35.0, 31.5, 35.5, 32.0 ] }
							}
						},
						{
							"name": "Dread23",
							"from": [ -0.2, 5.2, 1.7 ],
							"to": [ 0.4, 8.2, 2.3 ],
							"uv": [ 35.0, 31.5 ],
							"rotationOrigin": [ 0.1, 8.2, 2.0 ],
							"rotationX": 19.0,
							"rotationY": 0.0,
							"rotationZ": -8.0,
							"faces": {
								"north": { "texture": "#hair", "uv": [ 35.0, 32.0, 35.5, 35.0 ] },
								"south": { "texture": "#hair", "uv": [ 36.0, 32.0, 36.5, 35.0 ] },
								"west": { "texture": "#hair", "uv": [ 36.5, 32.0, 37.0, 35.0 ] },
								"down": { "texture": "#hair", "uv": [ 35.0, 31.5, 35.5, 32.0 ] }
							}
						}
					]
				}
			]
		},
		{
			"name": "Hair tile upper part",
			"stepParentName": "Head",
			"from": [ -0.4, -2.0, -0.5 ],
			"to": [ 6.1, 5.5, 5.5 ],
			"autoUnwrap": false,
			"uv": [ 3.0, 9.0 ],
			"rotationOrigin": [ 3.1, 5.5, 2.5 ],
			"faces": {
				"north": { "texture": "#hair", "uv": [ 0.0, 10.5, 6.5, 18.0 ] },
				"east": { "texture": "#hair", "uv": [ 33.5, 36.0, 39.5, 43.5 ] },
				"south": { "texture": "#hair", "uv": [ 12.0, 10.5, 18.5, 18.0 ] },
				"west": { "texture": "#hair", "uv": [ 6.5, 10.5, 12.5, 18.0 ] },
				"up": { "texture": "#hair", "uv": [ 26.5, 10.5, 32.5, 17.0 ], "rotation": 90 }
			}
		}
	]}