{
	"editor": {
		"backDropShape": "entity/humanoid/seraph-hairless",
		"allAngles": true,
		"entityTextureMode": true
	},
	"textureWidth": 48,
	"textureHeight": 48,
	"textureSizes": {
		"hair": [48,48],
		"birch": [16,16]
	},
	"textures": {
	},
	"elements": [
		{
			"name": "Hair",
			"stepParentName": "Head",
			"from": [ -0.25, -3.1, -0.25 ],
			"to": [ 5.75, 5.4, 5.25 ],
			"autoUnwrap": false,
			"uv": [ 1.5, 10.5 ],
			"rotationOrigin": [ -0.25, -3.1, -0.2 ],
			"faces": {
				"north": { "texture": "#hair", "uv": [ 1.0, 0.0, 7.0, 8.5 ] },
				"east": { "texture": "#hair", "uv": [ 16.0, 0.0, 21.5, 8.5 ] },
				"south": { "texture": "#hair", "uv": [ 11.0, 0.0, 17.0, 8.5 ] },
				"west": { "texture": "#hair", "uv": [ 6.5, 0.0, 12.0, 8.5 ] },
				"up": { "texture": "#hair", "uv": [ 24.0, 0.0, 29.5, 6.0 ], "rotation": 90 }
			},
			"children": [
				{
					"name": "Hair-uncovered",
					"from": [ -0.25, 1.1, -0.25 ],
					"to": [ 6.25, 8.6, 5.75 ],
					"autoUnwrap": false,
					"uv": [ 32.5, 22.0 ],
					"rotationOrigin": [ 3.25, 8.6, 2.8 ],
					"faces": {
						"north": { "texture": "#hair", "uv": [ 12.5, 1.0, 19.0, 8.5 ] },
						"east": { "texture": "#hair", "uv": [ 15.5, 0.5, 21.5, 8.0 ] },
						"south": { "texture": "#hair", "uv": [ 16.0, 1.0, 22.5, 8.5 ] },
						"west": { "texture": "#hair", "uv": [ 5.5, 0.0, 11.5, 7.5 ] },
						"up": { "texture": "#hair", "uv": [ 26.5, 10.5, 32.5, 17.0 ], "rotation": 90 }
					},
					"children": [
						{
							"name": "HairLeftUp",
							"from": [ 0.0, 3.5, 6.0 ],
							"to": [ 6.5, 7.5, 6.0 ],
							"uv": [ 14.0, 11.5 ],
							"rotationOrigin": [ 3.0, 7.5, 6.0 ],
							"rotationX": -22.0,
							"faces": {
								"south": { "texture": "#hair", "uv": [ 14.0, 11.5, 20.5, 15.5 ] }
							}
						},
						{
							"name": "HairRightUp",
							"from": [ 0.0, 3.5, 0.0 ],
							"to": [ 6.5, 7.5, 0.0 ],
							"uv": [ 15.0, 11.5 ],
							"rotationOrigin": [ 3.0, 7.5, 0.0 ],
							"rotationX": 22.0,
							"faces": {
								"north": { "texture": "#hair", "uv": [ 15.0, 11.5, 21.5, 15.5 ] }
							}
						},
						{
							"name": "HairBackUp",
							"from": [ 6.5, 4.5, 0.2 ],
							"to": [ 6.5, 7.5, 5.7 ],
							"uv": [ 34.5, 39.0 ],
							"rotationOrigin": [ 6.5, 7.5, 2.9 ],
							"rotationZ": 22.0,
							"faces": {
								"east": { "texture": "#hair", "uv": [ 34.5, 39.0, 40.0, 42.0 ] }
							}
						},
						{
							"name": "HairBack",
							"from": [ 6.5, 2.7, 0.0 ],
							"to": [ 6.5, 5.7, 6.0 ],
							"uv": [ 20.5, 11.0 ],
							"rotationOrigin": [ 6.5, 5.7, 2.7 ],
							"rotationZ": 19.0,
							"faces": {
								"east": { "texture": "#hair", "uv": [ 20.5, 11.0, 26.5, 14.0 ] }
							}
						},
						{
							"name": "HairLeft",
							"from": [ 0.3, 2.0, 6.0 ],
							"to": [ 6.3, 6.0, 6.0 ],
							"uv": [ 16.0, 3.0 ],
							"rotationOrigin": [ 3.3, 6.0, 6.0 ],
							"rotationX": -22.0,
							"faces": {
								"south": { "texture": "#hair", "uv": [ 16.0, 3.0, 22.0, 7.0 ] }
							}
						},
						{
							"name": "HairRight",
							"from": [ 0.5, 2.0, 0.0 ],
							"to": [ 6.5, 6.0, 0.0 ],
							"uv": [ 14.5, 3.0 ],
							"rotationOrigin": [ 3.5, 6.0, 0.0 ],
							"rotationX": 22.0,
							"faces": {
								"north": { "texture": "#hair", "uv": [ 14.5, 3.0, 20.5, 7.0 ] }
							}
						},
						{
							"name": "bangs",
							"from": [ 0.0, 5.5, 0.0 ],
							"to": [ 0.0, 7.5, 6.0 ],
							"uv": [ 7.0, 11.0 ],
							"rotationOrigin": [ 0.0, 7.5, 2.7 ],
							"rotationZ": -19.0,
							"faces": {
								"west": { "texture": "#hair", "uv": [ 7.0, 11.0, 13.0, 13.0 ] }
							}
						}
					]
				}
			]
		}
	]}