{
	"editor": {
		"backDropShape": "entity/humanoid/seraph-hairless",
		"allAngles": false,
		"entityTextureMode": true
	},
	"textureWidth": 48,
	"textureHeight": 48,
	"textureSizes": {
		"hair": [48,48]
	},
	"textures": {
		"hair": "entity/humanoid/seraphskinparts/hair/lightgray"
	},
	"elements": [
		{
			"name": "Hair-Base",
			"stepParentName": "Head",
			"from": [ -0.3, -1.2, -0.3 ],
			"to": [ 5.7, 5.3, 5.2 ],
			"renderPass": 1,
			"autoUnwrap": false,
			"uv": [ 0.0, 0.0 ],
			"rotationOrigin": [ 2.5, 3.0, 2.5 ],
			"faces": {
				"north": { "texture": "#hair", "uv": [ 0.5, 1.0, 6.5, 7.5 ], "windMode": [-1,-1,-1,-1], "windData": [1,1,1,1] },
				"east": { "texture": "#hair", "uv": [ 17.5, 1.0, 23.0, 7.5 ], "windMode": [-1,-1,-1,-1], "windData": [1,1,1,1] },
				"south": { "texture": "#hair", "uv": [ 12.0, 1.0, 18.0, 7.5 ], "windMode": [-1,-1,-1,-1], "windData": [1,1,1,1] },
				"west": { "texture": "#hair", "uv": [ 42.5, 15.0, 48.0, 21.5 ], "windMode": [-1,-1,-1,-1], "windData": [1,1,1,1] },
				"up": { "texture": "#hair", "uv": [ 24.0, 0.0, 29.5, 6.0 ], "rotation": 90 },
				"down": { "texture": "#null", "uv": [ 6.0, 0.0, 12.0, 5.5 ], "enabled": false }
			},
			"children": [
				{
					"name": "Hair-Upper",
					"from": [ -0.3, 0.0, -0.3 ],
					"to": [ 6.2, 6.6, 5.7 ],
					"renderPass": 1,
					"autoUnwrap": false,
					"uv": [ 5.0, 16.0 ],
					"rotationOrigin": [ 2.9, 1.0, 2.7 ],
					"faces": {
						"north": { "texture": "#hair", "uv": [ 1.0, 12.0, 7.5, 18.5 ] },
						"east": { "texture": "#hair", "uv": [ 20.0, 11.0, 26.0, 17.5 ] },
						"south": { "texture": "#hair", "uv": [ 13.0, 11.5, 19.5, 18.0 ] },
						"west": { "texture": "#hair", "uv": [ 7.0, 11.0, 13.0, 17.5 ] },
						"up": { "texture": "#hair", "uv": [ 26.5, 11.0, 32.5, 17.5 ], "rotation": 90 },
						"down": { "texture": "#null", "uv": [ 6.5, 0.0, 13.0, 6.0 ], "enabled": false }
					}
				},
				{
					"name": "hair-uncovered",
					"from": [ 3.0, 6.0, 2.8 ],
					"to": [ 3.0, 6.0, 2.8 ],
					"uv": [ 0.0, 0.0 ],
					"rotationOrigin": [ 3.0, 6.0, 2.8 ],
					"faces": {
						"north": { "texture": "#null", "uv": [ 0.0, 0.5, 0.5, 1.0 ], "enabled": false },
						"east": { "texture": "#null", "uv": [ 0.5, 0.5, 1.0, 1.0 ], "enabled": false },
						"south": { "texture": "#null", "uv": [ 1.0, 0.5, 1.5, 1.0 ], "enabled": false },
						"west": { "texture": "#null", "uv": [ 1.5, 0.5, 2.0, 1.0 ], "enabled": false },
						"up": { "texture": "#null", "uv": [ 0.0, 0.0, 0.5, 0.5 ], "enabled": false },
						"down": { "texture": "#null", "uv": [ 0.5, 0.0, 1.0, 0.5 ], "enabled": false }
					},
					"children": [
						{
							"name": "fringe1",
							"from": [ -3.0, -2.0, -3.0 ],
							"to": [ -3.0, 0.0, -1.5 ],
							"renderPass": 1,
							"uv": [ 21.0, 21.0 ],
							"rotationOrigin": [ -3.0, 0.0, -2.0 ],
							"rotationY": -22.5,
							"rotationZ": -15.0,
							"faces": {
								"north": { "texture": "#null", "uv": [ 21.0, 22.5, 21.5, 24.5 ], "enabled": false },
								"east": { "texture": "#null", "uv": [ 21.5, 22.5, 23.0, 24.5 ], "enabled": false },
								"south": { "texture": "#null", "uv": [ 23.0, 22.5, 23.5, 24.5 ], "enabled": false },
								"west": { "texture": "#hair", "uv": [ 21.0, 21.0, 22.5, 23.0 ], "windMode": [-1,-1,-1,-1], "windData": [1,1,1,1] },
								"up": { "texture": "#null", "uv": [ 21.0, 21.0, 21.5, 22.5 ], "enabled": false },
								"down": { "texture": "#null", "uv": [ 21.5, 21.0, 22.0, 22.5 ], "enabled": false }
							},
							"children": [
								{
									"name": "fringe2",
									"from": [ 0.0, -3.0, 0.0 ],
									"to": [ 0.0, 0.0, 1.5 ],
									"renderPass": 1,
									"uv": [ 22.0, 26.0 ],
									"rotationOrigin": [ 0.0, 0.0, 0.0 ],
									"rotationZ": 22.5,
									"faces": {
										"north": { "texture": "#null", "uv": [ 22.0, 27.5, 22.5, 30.5 ], "enabled": false },
										"east": { "texture": "#null", "uv": [ 22.5, 27.5, 24.0, 30.5 ], "enabled": false },
										"south": { "texture": "#null", "uv": [ 24.0, 27.5, 24.5, 30.5 ], "enabled": false },
										"west": { "texture": "#hair", "uv": [ 22.0, 26.0, 23.5, 29.0 ], "windMode": [-1,-1,-1,-1], "windData": [1,1,1,1] },
										"up": { "texture": "#null", "uv": [ 22.0, 26.0, 22.5, 27.5 ], "enabled": false },
										"down": { "texture": "#null", "uv": [ 22.5, 26.0, 23.0, 27.5 ], "enabled": false }
									}
								}
							]
						},
						{
							"name": "strand1",
							"from": [ -2.4, -2.0, -3.0 ],
							"to": [ -0.4, 0.0, -3.0 ],
							"renderPass": 1,
							"uv": [ 23.5, 23.5 ],
							"rotationOrigin": [ -1.4, 0.0, -3.0 ],
							"rotationX": 15.0,
							"faces": {
								"north": { "texture": "#hair", "uv": [ 23.5, 23.5, 25.5, 25.5 ] },
								"east": { "texture": "#null", "uv": [ 25.5, 24.0, 26.0, 26.0 ], "enabled": false },
								"south": { "texture": "#null", "uv": [ 26.0, 24.0, 28.0, 26.0 ], "enabled": false },
								"west": { "texture": "#null", "uv": [ 28.0, 24.0, 28.5, 26.0 ], "enabled": false },
								"up": { "texture": "#null", "uv": [ 23.5, 23.5, 25.5, 24.0 ], "enabled": false },
								"down": { "texture": "#null", "uv": [ 25.5, 23.5, 27.5, 24.0 ], "enabled": false }
							},
							"children": [
								{
									"name": "strand2",
									"from": [ 0.0, -3.0, 0.0 ],
									"to": [ 2.0, 0.0, 0.0 ],
									"renderPass": 1,
									"uv": [ 3.0, 3.0 ],
									"rotationOrigin": [ 0.0, 0.0, 0.0 ],
									"rotationX": -22.5,
									"faces": {
										"north": { "texture": "#hair", "uv": [ 3.0, 3.0, 5.0, 6.0 ] },
										"east": { "texture": "#null", "uv": [ 5.0, 3.5, 5.5, 6.5 ], "enabled": false },
										"south": { "texture": "#null", "uv": [ 5.5, 3.5, 7.5, 6.5 ], "enabled": false },
										"west": { "texture": "#null", "uv": [ 7.5, 3.5, 8.0, 6.5 ], "enabled": false },
										"up": { "texture": "#null", "uv": [ 3.0, 3.0, 5.0, 3.5 ], "enabled": false },
										"down": { "texture": "#null", "uv": [ 5.0, 3.0, 7.0, 3.5 ], "enabled": false }
									}
								}
							]
						},
						{
							"name": "strand3",
							"from": [ -0.4, -3.0, -3.0 ],
							"to": [ 1.6, 0.0, -3.0 ],
							"renderPass": 1,
							"uv": [ 23.5, 23.5 ],
							"rotationOrigin": [ 0.6, 0.0, -3.0 ],
							"rotationX": 5.0,
							"faces": {
								"north": { "texture": "#hair", "uv": [ 23.5, 23.5, 25.5, 26.5 ] },
								"east": { "texture": "#null", "uv": [ 25.5, 24.0, 26.0, 27.0 ], "enabled": false },
								"south": { "texture": "#null", "uv": [ 26.0, 24.0, 28.0, 27.0 ], "enabled": false },
								"west": { "texture": "#null", "uv": [ 28.0, 24.0, 28.5, 27.0 ], "enabled": false },
								"up": { "texture": "#null", "uv": [ 23.5, 23.5, 25.5, 24.0 ], "enabled": false },
								"down": { "texture": "#null", "uv": [ 25.5, 23.5, 27.5, 24.0 ], "enabled": false }
							},
							"children": [
								{
									"name": "strand4",
									"from": [ 0.0, -3.0, 0.0 ],
									"to": [ 2.0, 0.0, 0.0 ],
									"renderPass": 1,
									"uv": [ 14.0, 3.0 ],
									"rotationOrigin": [ 0.0, 0.0, 0.0 ],
									"rotationX": -22.5,
									"faces": {
										"north": { "texture": "#hair", "uv": [ 14.0, 3.0, 16.0, 6.0 ] },
										"east": { "texture": "#null", "uv": [ 16.0, 3.5, 16.5, 6.5 ], "enabled": false },
										"south": { "texture": "#null", "uv": [ 16.5, 3.5, 18.5, 6.5 ], "enabled": false },
										"west": { "texture": "#null", "uv": [ 18.5, 3.5, 19.0, 6.5 ], "enabled": false },
										"up": { "texture": "#null", "uv": [ 14.0, 3.0, 16.0, 3.5 ], "enabled": false },
										"down": { "texture": "#null", "uv": [ 16.0, 3.0, 18.0, 3.5 ], "enabled": false }
									}
								}
							]
						},
						{
							"name": "fringe3",
							"from": [ -2.8, -3.0, -3.1 ],
							"to": [ -2.8, 0.0, -2.1 ],
							"renderPass": 1,
							"uv": [ 22.0, 22.5 ],
							"rotationOrigin": [ -2.8, 0.0, -2.6 ],
							"rotationY": -45.0,
							"rotationZ": -15.0,
							"faces": {
								"north": { "texture": "#null", "uv": [ 22.0, 23.5, 22.5, 26.5 ], "enabled": false },
								"east": { "texture": "#null", "uv": [ 22.5, 23.5, 23.5, 26.5 ], "enabled": false },
								"south": { "texture": "#null", "uv": [ 23.5, 23.5, 24.0, 26.5 ], "enabled": false },
								"west": { "texture": "#hair", "uv": [ 22.0, 22.5, 23.0, 25.5 ], "windMode": [-1,-1,-1,-1], "windData": [1,1,1,1] },
								"up": { "texture": "#null", "uv": [ 22.0, 22.5, 22.5, 23.5 ], "enabled": false },
								"down": { "texture": "#null", "uv": [ 22.5, 22.5, 23.0, 23.5 ], "enabled": false }
							},
							"children": [
								{
									"name": "fringe4",
									"from": [ 0.0, -3.0, 0.0 ],
									"to": [ 0.0, 0.0, 1.0 ],
									"renderPass": 1,
									"uv": [ 21.0, 26.0 ],
									"rotationOrigin": [ 0.0, 0.0, 0.0 ],
									"rotationZ": 22.5,
									"faces": {
										"north": { "texture": "#null", "uv": [ 21.0, 27.0, 21.5, 30.0 ], "enabled": false },
										"east": { "texture": "#null", "uv": [ 21.5, 27.0, 22.5, 30.0 ], "enabled": false },
										"south": { "texture": "#null", "uv": [ 22.5, 27.0, 23.0, 30.0 ], "enabled": false },
										"west": { "texture": "#hair", "uv": [ 21.0, 26.0, 22.0, 29.0 ], "windMode": [-1,-1,-1,-1], "windData": [1,1,1,1] },
										"up": { "texture": "#null", "uv": [ 21.0, 26.0, 21.5, 27.0 ], "enabled": false },
										"down": { "texture": "#null", "uv": [ 21.5, 26.0, 22.0, 27.0 ], "enabled": false }
									}
								}
							]
						},
						{
							"name": "strand5",
							"from": [ 2.3, -2.0, -3.0 ],
							"to": [ 3.3, 0.0, -3.0 ],
							"renderPass": 1,
							"uv": [ 23.5, 23.5 ],
							"rotationOrigin": [ 2.8, 0.0, -3.0 ],
							"rotationX": 10.0,
							"rotationY": -22.5,
							"faces": {
								"north": { "texture": "#hair", "uv": [ 23.5, 23.5, 24.5, 25.5 ] },
								"east": { "texture": "#null", "uv": [ 24.5, 24.0, 25.0, 26.0 ], "enabled": false },
								"south": { "texture": "#null", "uv": [ 25.0, 24.0, 26.0, 26.0 ], "enabled": false },
								"west": { "texture": "#null", "uv": [ 26.0, 24.0, 26.5, 26.0 ], "enabled": false },
								"up": { "texture": "#null", "uv": [ 23.5, 23.5, 24.5, 24.0 ], "enabled": false },
								"down": { "texture": "#null", "uv": [ 24.5, 23.5, 25.5, 24.0 ], "enabled": false }
							},
							"children": [
								{
									"name": "strand6",
									"from": [ 0.0, -3.0, 0.0 ],
									"to": [ 1.0, 0.0, 0.0 ],
									"renderPass": 1,
									"uv": [ 13.0, 3.0 ],
									"rotationOrigin": [ 0.0, 0.0, 0.0 ],
									"rotationX": -22.5,
									"faces": {
										"north": { "texture": "#hair", "uv": [ 13.0, 3.0, 14.0, 6.0 ] },
										"east": { "texture": "#null", "uv": [ 14.0, 3.5, 14.5, 6.5 ], "enabled": false },
										"south": { "texture": "#null", "uv": [ 14.5, 3.5, 15.5, 6.5 ], "enabled": false },
										"west": { "texture": "#null", "uv": [ 15.5, 3.5, 16.0, 6.5 ], "enabled": false },
										"up": { "texture": "#null", "uv": [ 13.0, 3.0, 14.0, 3.5 ], "enabled": false },
										"down": { "texture": "#null", "uv": [ 14.0, 3.0, 15.0, 3.5 ], "enabled": false }
									}
								}
							]
						},
						{
							"name": "strand7",
							"from": [ 3.1, -2.5, -0.5 ],
							"to": [ 3.1, 0.5, 0.5 ],
							"renderPass": 1,
							"uv": [ 40.0, 0.5 ],
							"rotationOrigin": [ 3.1, 0.5, 0.0 ],
							"rotationZ": 10.0,
							"faces": {
								"north": { "texture": "#null", "uv": [ 40.0, 1.5, 40.5, 4.5 ], "enabled": false },
								"east": { "texture": "#hair", "uv": [ 40.0, 0.5, 41.0, 3.5 ], "windMode": [-1,-1,-1,-1], "windData": [1,1,1,1] },
								"south": { "texture": "#null", "uv": [ 41.5, 1.5, 42.0, 4.5 ], "enabled": false },
								"west": { "texture": "#null", "uv": [ 42.0, 1.5, 43.0, 4.5 ], "enabled": false },
								"up": { "texture": "#null", "uv": [ 40.0, 0.5, 40.5, 1.5 ], "enabled": false },
								"down": { "texture": "#null", "uv": [ 40.5, 0.5, 41.0, 1.5 ], "enabled": false }
							},
							"children": [
								{
									"name": "strand8",
									"from": [ 0.0, -3.0, 0.0 ],
									"to": [ 0.0, 0.0, 1.0 ],
									"renderPass": 1,
									"uv": [ 31.5, 40.5 ],
									"rotationOrigin": [ 0.0, 0.0, 0.5 ],
									"rotationZ": -22.5,
									"faces": {
										"north": { "texture": "#null", "uv": [ 31.5, 41.5, 32.0, 44.5 ], "enabled": false },
										"east": { "texture": "#hair", "uv": [ 31.5, 40.5, 32.5, 43.5 ] },
										"south": { "texture": "#null", "uv": [ 33.0, 41.5, 33.5, 44.5 ], "enabled": false },
										"west": { "texture": "#null", "uv": [ 33.5, 41.5, 34.5, 44.5 ], "enabled": false },
										"up": { "texture": "#null", "uv": [ 31.5, 40.5, 32.0, 41.5 ], "enabled": false },
										"down": { "texture": "#null", "uv": [ 32.0, 40.5, 32.5, 41.5 ], "enabled": false }
									}
								}
							]
						},
						{
							"name": "strand9",
							"from": [ 3.0, -2.5, -3.0 ],
							"to": [ 3.0, 0.5, -1.0 ],
							"renderPass": 1,
							"uv": [ 40.0, 0.5 ],
							"rotationOrigin": [ 3.0, 0.5, -2.0 ],
							"rotationY": 10.0,
							"rotationZ": 5.0,
							"faces": {
								"north": { "texture": "#null", "uv": [ 40.0, 2.5, 40.5, 5.5 ], "enabled": false },
								"east": { "texture": "#hair", "uv": [ 40.0, 0.5, 42.0, 3.5 ], "windMode": [-1,-1,-1,-1], "windData": [1,1,1,1] },
								"south": { "texture": "#null", "uv": [ 42.5, 2.5, 43.0, 5.5 ], "enabled": false },
								"west": { "texture": "#null", "uv": [ 43.0, 2.5, 45.0, 5.5 ], "enabled": false },
								"up": { "texture": "#null", "uv": [ 40.0, 0.5, 40.5, 2.5 ], "enabled": false },
								"down": { "texture": "#null", "uv": [ 40.5, 0.5, 41.0, 2.5 ], "enabled": false }
							},
							"children": [
								{
									"name": "strand10",
									"from": [ 0.0, -3.0, 0.0 ],
									"to": [ 0.0, 0.0, 2.0 ],
									"renderPass": 1,
									"uv": [ 29.5, 40.5 ],
									"rotationOrigin": [ 0.0, 0.0, 1.0 ],
									"rotationZ": -15.0,
									"faces": {
										"north": { "texture": "#null", "uv": [ 29.5, 42.5, 30.0, 45.5 ], "enabled": false },
										"east": { "texture": "#hair", "uv": [ 29.5, 40.5, 31.5, 43.5 ] },
										"south": { "texture": "#null", "uv": [ 32.0, 42.5, 32.5, 45.5 ], "enabled": false },
										"west": { "texture": "#null", "uv": [ 32.5, 42.5, 34.5, 45.5 ], "enabled": false },
										"up": { "texture": "#null", "uv": [ 29.5, 40.5, 30.0, 42.5 ], "enabled": false },
										"down": { "texture": "#null", "uv": [ 30.0, 40.5, 30.5, 42.5 ], "enabled": false }
									}
								}
							]
						},
						{
							"name": "strand11",
							"from": [ 3.1, -2.5, 0.5 ],
							"to": [ 3.1, 0.5, 2.5 ],
							"renderPass": 1,
							"uv": [ 37.0, 0.5 ],
							"rotationOrigin": [ 3.1, 0.5, 1.5 ],
							"rotationY": -10.0,
							"rotationZ": 10.0,
							"faces": {
								"north": { "texture": "#null", "uv": [ 37.0, 2.5, 37.5, 5.5 ], "enabled": false },
								"east": { "texture": "#hair", "uv": [ 37.0, 0.5, 39.0, 3.5 ], "windMode": [-1,-1,-1,-1], "windData": [1,1,1,1] },
								"south": { "texture": "#null", "uv": [ 39.5, 2.5, 40.0, 5.5 ], "enabled": false },
								"west": { "texture": "#null", "uv": [ 40.0, 2.5, 42.0, 5.5 ], "enabled": false },
								"up": { "texture": "#null", "uv": [ 37.0, 0.5, 37.5, 2.5 ], "enabled": false },
								"down": { "texture": "#null", "uv": [ 37.5, 0.5, 38.0, 2.5 ], "enabled": false }
							},
							"children": [
								{
									"name": "strand12",
									"from": [ 0.0, -3.0, 0.0 ],
									"to": [ 0.0, 0.0, 2.0 ],
									"renderPass": 1,
									"uv": [ 28.5, 40.5 ],
									"rotationOrigin": [ 0.0, 0.0, 1.0 ],
									"rotationZ": -20.0,
									"faces": {
										"north": { "texture": "#null", "uv": [ 28.5, 42.5, 29.0, 45.5 ], "enabled": false },
										"east": { "texture": "#hair", "uv": [ 28.5, 40.5, 30.5, 43.5 ] },
										"south": { "texture": "#null", "uv": [ 31.0, 42.5, 31.5, 45.5 ], "enabled": false },
										"west": { "texture": "#null", "uv": [ 31.5, 42.5, 33.5, 45.5 ], "enabled": false },
										"up": { "texture": "#null", "uv": [ 28.5, 40.5, 29.0, 42.5 ], "enabled": false },
										"down": { "texture": "#null", "uv": [ 29.0, 40.5, 29.5, 42.5 ], "enabled": false }
									}
								}
							]
						},
						{
							"name": "fringe5",
							"from": [ -3.0, -2.0, 1.5 ],
							"to": [ -3.0, 0.0, 3.0 ],
							"renderPass": 1,
							"uv": [ 21.0, 21.0 ],
							"rotationOrigin": [ -3.0, 0.0, 2.0 ],
							"rotationY": 22.5,
							"rotationZ": -15.0,
							"faces": {
								"north": { "texture": "#null", "uv": [ 21.0, 22.5, 21.5, 24.5 ], "enabled": false },
								"east": { "texture": "#null", "uv": [ 21.5, 22.5, 23.0, 24.5 ], "enabled": false },
								"south": { "texture": "#null", "uv": [ 23.0, 22.5, 23.5, 24.5 ], "enabled": false },
								"west": { "texture": "#hair", "uv": [ 21.0, 21.0, 22.5, 23.0 ], "windMode": [-1,-1,-1,-1], "windData": [1,1,1,1] },
								"up": { "texture": "#null", "uv": [ 21.0, 21.0, 21.5, 22.5 ], "enabled": false },
								"down": { "texture": "#null", "uv": [ 21.5, 21.0, 22.0, 22.5 ], "enabled": false }
							},
							"children": [
								{
									"name": "fringe6",
									"from": [ 0.0, -3.0, 0.0 ],
									"to": [ 0.0, 0.0, 1.5 ],
									"renderPass": 1,
									"uv": [ 20.0, 26.0 ],
									"rotationOrigin": [ 0.0, 0.0, 0.0 ],
									"rotationZ": 22.5,
									"faces": {
										"north": { "texture": "#null", "uv": [ 20.0, 27.5, 20.5, 30.5 ], "enabled": false },
										"east": { "texture": "#null", "uv": [ 20.5, 27.5, 22.0, 30.5 ], "enabled": false },
										"south": { "texture": "#null", "uv": [ 22.0, 27.5, 22.5, 30.5 ], "enabled": false },
										"west": { "texture": "#hair", "uv": [ 20.0, 26.0, 21.5, 29.0 ], "windMode": [-1,-1,-1,-1], "windData": [1,1,1,1] },
										"up": { "texture": "#null", "uv": [ 20.0, 26.0, 20.5, 27.5 ], "enabled": false },
										"down": { "texture": "#null", "uv": [ 20.5, 26.0, 21.0, 27.5 ], "enabled": false }
									}
								}
							]
						},
						{
							"name": "strand13",
							"from": [ -0.5, -2.0, 2.8 ],
							"to": [ 0.5, 0.0, 2.8 ],
							"renderPass": 1,
							"uv": [ 4.0, 0.0 ],
							"rotationOrigin": [ 0.0, 0.0, 2.8 ],
							"rotationX": -10.0,
							"faces": {
								"north": { "texture": "#null", "uv": [ 4.0, 0.5, 5.0, 2.5 ], "enabled": false },
								"east": { "texture": "#null", "uv": [ 5.0, 0.5, 5.5, 2.5 ], "enabled": false },
								"south": { "texture": "#hair", "uv": [ 4.0, 0.0, 5.0, 2.0 ], "windMode": [-1,-1,-1,-1], "windData": [1,1,1,1] },
								"west": { "texture": "#null", "uv": [ 6.5, 0.5, 7.0, 2.5 ], "enabled": false },
								"up": { "texture": "#null", "uv": [ 4.0, 0.0, 5.0, 0.5 ], "enabled": false },
								"down": { "texture": "#null", "uv": [ 5.0, 0.0, 6.0, 0.5 ], "enabled": false }
							},
							"children": [
								{
									"name": "strand14",
									"from": [ 0.0, -3.0, 0.0 ],
									"to": [ 1.0, 0.0, 0.0 ],
									"renderPass": 1,
									"uv": [ 2.5, 3.0 ],
									"rotationOrigin": [ 0.5, 0.0, 0.0 ],
									"rotationX": 15.0,
									"faces": {
										"north": { "texture": "#null", "uv": [ 2.5, 3.5, 3.5, 6.5 ], "enabled": false },
										"east": { "texture": "#null", "uv": [ 3.5, 3.5, 4.0, 6.5 ], "enabled": false },
										"south": { "texture": "#hair", "uv": [ 2.5, 3.0, 3.5, 6.0 ], "windMode": [-1,-1,-1,-1], "windData": [1,1,1,1] },
										"west": { "texture": "#null", "uv": [ 5.0, 3.5, 5.5, 6.5 ], "enabled": false },
										"up": { "texture": "#null", "uv": [ 2.5, 3.0, 3.5, 3.5 ], "enabled": false },
										"down": { "texture": "#null", "uv": [ 3.5, 3.0, 4.5, 3.5 ], "enabled": false }
									}
								}
							]
						},
						{
							"name": "strand15",
							"from": [ 1.1, -2.0, 2.8 ],
							"to": [ 3.1, 0.0, 2.8 ],
							"renderPass": 1,
							"uv": [ 4.0, 0.0 ],
							"rotationOrigin": [ 2.1, 0.0, 2.8 ],
							"rotationX": -15.0,
							"rotationY": 15.0,
							"faces": {
								"north": { "texture": "#null", "uv": [ 4.0, 0.5, 6.0, 2.5 ], "enabled": false },
								"east": { "texture": "#null", "uv": [ 6.0, 0.5, 6.5, 2.5 ], "enabled": false },
								"south": { "texture": "#hair", "uv": [ 4.0, 0.0, 6.0, 2.0 ], "windMode": [-1,-1,-1,-1], "windData": [1,1,1,1] },
								"west": { "texture": "#null", "uv": [ 8.5, 0.5, 9.0, 2.5 ], "enabled": false },
								"up": { "texture": "#null", "uv": [ 4.0, 0.0, 6.0, 0.5 ], "enabled": false },
								"down": { "texture": "#null", "uv": [ 6.0, 0.0, 8.0, 0.5 ], "enabled": false }
							},
							"children": [
								{
									"name": "strand16",
									"from": [ 0.0, -3.0, 0.0 ],
									"to": [ 2.0, 0.0, 0.0 ],
									"renderPass": 1,
									"uv": [ 23.5, 25.5 ],
									"rotationOrigin": [ 1.0, 0.0, 0.0 ],
									"rotationX": 15.0,
									"faces": {
										"north": { "texture": "#null", "uv": [ 23.5, 26.0, 25.5, 29.0 ], "enabled": false },
										"east": { "texture": "#null", "uv": [ 25.5, 26.0, 26.0, 29.0 ], "enabled": false },
										"south": { "texture": "#hair", "uv": [ 23.5, 25.5, 25.5, 28.5 ], "windMode": [-1,-1,-1,-1], "windData": [1,1,1,1] },
										"west": { "texture": "#null", "uv": [ 28.0, 26.0, 28.5, 29.0 ], "enabled": false },
										"up": { "texture": "#null", "uv": [ 23.5, 25.5, 25.5, 26.0 ], "enabled": false },
										"down": { "texture": "#null", "uv": [ 25.5, 25.5, 27.5, 26.0 ], "enabled": false }
									}
								}
							]
						},
						{
							"name": "strand17",
							"from": [ -2.4, -2.7, 2.8 ],
							"to": [ -0.4, 0.3, 2.8 ],
							"renderPass": 1,
							"uv": [ 20.5, 0.5 ],
							"rotationOrigin": [ -1.4, 0.3, 2.8 ],
							"rotationX": -15.0,
							"faces": {
								"north": { "texture": "#null", "uv": [ 20.5, 1.0, 22.5, 4.0 ], "enabled": false },
								"east": { "texture": "#null", "uv": [ 22.5, 1.0, 23.0, 4.0 ], "enabled": false },
								"south": { "texture": "#hair", "uv": [ 20.5, 0.5, 22.5, 3.5 ], "windMode": [-1,-1,-1,-1], "windData": [1,1,1,1] },
								"west": { "texture": "#null", "uv": [ 25.0, 1.0, 25.5, 4.0 ], "enabled": false },
								"up": { "texture": "#null", "uv": [ 20.5, 0.5, 22.5, 1.0 ], "enabled": false },
								"down": { "texture": "#null", "uv": [ 22.5, 0.5, 24.5, 1.0 ], "enabled": false }
							},
							"children": [
								{
									"name": "strand18",
									"from": [ 0.0, -3.0, 0.0 ],
									"to": [ 2.0, 0.0, 0.0 ],
									"renderPass": 1,
									"uv": [ 18.0, 3.0 ],
									"rotationOrigin": [ 1.0, 0.0, 0.0 ],
									"rotationX": 20.0,
									"faces": {
										"north": { "texture": "#null", "uv": [ 18.0, 3.5, 20.0, 6.5 ], "enabled": false },
										"east": { "texture": "#null", "uv": [ 20.0, 3.5, 20.5, 6.5 ], "enabled": false },
										"south": { "texture": "#hair", "uv": [ 18.0, 3.0, 20.0, 6.0 ], "windMode": [-1,-1,-1,-1], "windData": [1,1,1,1] },
										"west": { "texture": "#null", "uv": [ 22.5, 3.5, 23.0, 6.5 ], "enabled": false },
										"up": { "texture": "#null", "uv": [ 18.0, 3.0, 20.0, 3.5 ], "enabled": false },
										"down": { "texture": "#null", "uv": [ 20.0, 3.0, 22.0, 3.5 ], "enabled": false }
									}
								}
							]
						},
						{
							"name": "fringe7",
							"from": [ -2.8, -3.0, 2.2 ],
							"to": [ -2.8, 0.0, 3.2 ],
							"renderPass": 1,
							"uv": [ 22.0, 22.5 ],
							"rotationOrigin": [ -2.8, 0.0, 2.7 ],
							"rotationY": 45.0,
							"rotationZ": -15.0,
							"faces": {
								"north": { "texture": "#null", "uv": [ 22.0, 23.5, 22.5, 26.5 ], "enabled": false },
								"east": { "texture": "#null", "uv": [ 22.5, 23.5, 23.5, 26.5 ], "enabled": false },
								"south": { "texture": "#null", "uv": [ 23.5, 23.5, 24.0, 26.5 ], "enabled": false },
								"west": { "texture": "#hair", "uv": [ 22.0, 22.5, 23.0, 25.5 ], "windMode": [-1,-1,-1,-1], "windData": [1,1,1,1] },
								"up": { "texture": "#null", "uv": [ 22.0, 22.5, 22.5, 23.5 ], "enabled": false },
								"down": { "texture": "#null", "uv": [ 22.5, 22.5, 23.0, 23.5 ], "enabled": false }
							},
							"children": [
								{
									"name": "fringe8",
									"from": [ 0.0, -3.0, 0.0 ],
									"to": [ 0.0, 0.0, 1.0 ],
									"renderPass": 1,
									"uv": [ 21.0, 26.0 ],
									"rotationOrigin": [ 0.0, 0.0, 0.0 ],
									"rotationZ": 22.5,
									"faces": {
										"north": { "texture": "#null", "uv": [ 21.0, 27.0, 21.5, 30.0 ], "enabled": false },
										"east": { "texture": "#null", "uv": [ 21.5, 27.0, 22.5, 30.0 ], "enabled": false },
										"south": { "texture": "#null", "uv": [ 22.5, 27.0, 23.0, 30.0 ], "enabled": false },
										"west": { "texture": "#hair", "uv": [ 21.0, 26.0, 22.0, 29.0 ], "windMode": [-1,-1,-1,-1], "windData": [1,1,1,1] },
										"up": { "texture": "#null", "uv": [ 21.0, 26.0, 21.5, 27.0 ], "enabled": false },
										"down": { "texture": "#null", "uv": [ 21.5, 26.0, 22.0, 27.0 ], "enabled": false }
									}
								}
							]
						}
					]
				}
			]
		}
	]}