{
	"editor": {
		"backDropShape": "entity/humanoid/seraph-hairless",
		"allAngles": false,
		"entityTextureMode": true
	},
	"textureWidth": 48,
	"textureHeight": 48,
	"textureSizes": {
		"hair": [48,48]
	},
	"textures": {
		"hair": "entity/humanoid/seraphskinparts/hair/lightgray"
	},
	"elements": [
		{
			"name": "Hair-Base",
			"stepParentName": "Head",
			"from": [ -0.3, -3.2, -0.3 ],
			"to": [ 5.7, 5.3, 5.2 ],
			"renderPass": 1,
			"autoUnwrap": false,
			"uv": [ 0.0, 0.0 ],
			"rotationOrigin": [ 2.5, 3.0, 2.5 ],
			"faces": {
				"north": { "texture": "#hair", "uv": [ 7.0, 36.0, 13.0, 44.5 ], "enabled": false },
				"east": { "texture": "#hair", "uv": [ 1.0, 37.0, 6.5, 45.5 ], "enabled": false },
				"south": { "texture": "#hair", "uv": [ 17.0, 36.0, 23.0, 44.5 ], "enabled": false },
				"west": { "texture": "#hair", "uv": [ 12.0, 36.0, 17.5, 44.5 ], "enabled": false },
				"up": { "texture": "#hair", "uv": [ 24.0, 0.5, 30.0, 6.0 ], "enabled": false },
				"down": { "texture": "#hair", "uv": [ 5.5, 0.0, 11.5, 5.5 ], "enabled": false }
			},
			"children": [
				{
					"name": "hair-uncovered",
					"from": [ 3.0, 6.0, 2.8 ],
					"to": [ 3.0, 6.0, 2.8 ],
					"uv": [ 0.0, 0.0 ],
					"rotationOrigin": [ 3.0, 6.0, 2.8 ],
					"faces": {
						"north": { "texture": "#null", "uv": [ 0.0, 0.5, 0.5, 1.0 ], "enabled": false },
						"east": { "texture": "#null", "uv": [ 0.5, 0.5, 1.0, 1.0 ], "enabled": false },
						"south": { "texture": "#null", "uv": [ 1.0, 0.5, 1.5, 1.0 ], "enabled": false },
						"west": { "texture": "#null", "uv": [ 1.5, 0.5, 2.0, 1.0 ], "enabled": false },
						"up": { "texture": "#null", "uv": [ 0.0, 0.0, 0.5, 0.5 ], "enabled": false },
						"down": { "texture": "#null", "uv": [ 0.5, 0.0, 1.0, 0.5 ], "enabled": false }
					},
					"children": [
						{
							"name": "row1",
							"from": [ 0.0, 2.0, 0.0 ],
							"to": [ 0.0, 2.0, 0.0 ],
							"uv": [ 0.0, 0.0 ],
							"rotationOrigin": [ 0.0, 2.25, 0.0 ],
							"faces": {
								"north": { "texture": "#null", "uv": [ 0.0, 0.5, 0.5, 1.0 ], "enabled": false },
								"east": { "texture": "#null", "uv": [ 0.5, 0.5, 1.0, 1.0 ], "enabled": false },
								"south": { "texture": "#null", "uv": [ 1.0, 0.5, 1.5, 1.0 ], "enabled": false },
								"west": { "texture": "#null", "uv": [ 1.5, 0.5, 2.0, 1.0 ], "enabled": false },
								"up": { "texture": "#null", "uv": [ 0.0, 0.0, 0.5, 0.5 ], "enabled": false },
								"down": { "texture": "#null", "uv": [ 0.5, 0.0, 1.0, 0.5 ], "enabled": false }
							},
							"children": [
								{
									"name": "row-top1",
									"from": [ -2.8, -0.05, -0.25 ],
									"to": [ 2.9, 0.45, 0.25 ],
									"uv": [ 16.0, 32.5 ],
									"rotationOrigin": [ 0.0, 0.2, 0.0 ],
									"rotationX": -45.0,
									"faces": {
										"north": { "texture": "#hair", "uv": [ 16.0, 33.0, 21.5, 33.5 ] },
										"east": { "texture": "#hair", "uv": [ 21.5, 33.0, 22.0, 33.5 ] },
										"south": { "texture": "#hair", "uv": [ 22.0, 33.0, 27.5, 33.5 ] },
										"west": { "texture": "#hair", "uv": [ 27.5, 33.0, 28.0, 33.5 ] },
										"up": { "texture": "#hair", "uv": [ 16.0, 32.5, 21.5, 33.0 ] },
										"down": { "texture": "#hair", "uv": [ 21.5, 32.5, 27.0, 33.0 ] }
									}
								},
								{
									"name": "row-front1",
									"from": [ -2.95, -0.8, -0.25 ],
									"to": [ -2.45, 0.2, 0.25 ],
									"uv": [ 25.5, 34.5 ],
									"rotationOrigin": [ -2.7, 0.2, 0.0 ],
									"rotationY": -45.0,
									"faces": {
										"north": { "texture": "#null", "uv": [ 25.5, 35.0, 26.0, 36.0 ], "enabled": false },
										"east": { "texture": "#null", "uv": [ 26.0, 35.0, 26.5, 36.0 ], "enabled": false },
										"south": { "texture": "#hair", "uv": [ 25.5, 35.0, 26.0, 36.0 ] },
										"west": { "texture": "#hair", "uv": [ 26.0, 35.0, 26.5, 36.0 ] },
										"up": { "texture": "#hair", "uv": [ 25.5, 34.5, 26.0, 35.0 ] },
										"down": { "texture": "#hair", "uv": [ 26.0, 34.5, 26.5, 35.0 ] }
									}
								},
								{
									"name": "row-back1",
									"from": [ 2.65, -4.3, -0.25 ],
									"to": [ 3.15, 0.2, 0.25 ],
									"uv": [ 22.5, 35.0 ],
									"rotationOrigin": [ 2.9, 0.2, 0.0 ],
									"rotationY": -45.0,
									"faces": {
										"north": { "texture": "#hair", "uv": [ 22.5, 35.5, 23.0, 40.0 ], "windMode": [-1,-1,-1,-1], "windData": [1,1,1,1] },
										"east": { "texture": "#hair", "uv": [ 23.0, 35.5, 23.5, 40.0 ] },
										"south": { "texture": "#null", "uv": [ 23.5, 35.5, 24.0, 40.0 ], "enabled": false },
										"west": { "texture": "#null", "uv": [ 24.0, 35.5, 24.5, 40.0 ], "enabled": false },
										"up": { "texture": "#hair", "uv": [ 22.5, 35.0, 23.0, 35.5 ] },
										"down": { "texture": "#hair", "uv": [ 23.0, 35.0, 23.5, 35.5 ] }
									}
								},
								{
									"name": "row-tip1",
									"from": [ 2.8, -4.35, -0.25 ],
									"to": [ 4.8, -3.85, 0.25 ],
									"uv": [ 17.5, 35.5 ],
									"rotationOrigin": [ 2.8, -4.1, 0.0 ],
									"rotationZ": -67.5,
									"faces": {
										"north": { "texture": "#hair", "uv": [ 17.5, 36.0, 19.5, 36.5 ] },
										"east": { "texture": "#hair", "uv": [ 19.5, 36.0, 20.0, 36.5 ] },
										"south": { "texture": "#hair", "uv": [ 20.0, 36.0, 22.0, 36.5 ] },
										"west": { "texture": "#null", "uv": [ 22.0, 36.0, 22.5, 36.5 ], "enabled": false },
										"up": { "texture": "#hair", "uv": [ 17.5, 35.5, 19.5, 36.0 ] },
										"down": { "texture": "#hair", "uv": [ 19.5, 35.5, 21.5, 36.0 ] }
									}
								}
							]
						},
						{
							"name": "row2",
							"from": [ 0.0, 2.0, 1.0 ],
							"to": [ 0.0, 2.0, 1.0 ],
							"uv": [ 0.0, 0.0 ],
							"rotationOrigin": [ 0.0, 2.25, 1.0 ],
							"faces": {
								"north": { "texture": "#null", "uv": [ 0.0, 0.5, 0.5, 1.0 ], "enabled": false },
								"east": { "texture": "#null", "uv": [ 0.5, 0.5, 1.0, 1.0 ], "enabled": false },
								"south": { "texture": "#null", "uv": [ 1.0, 0.5, 1.5, 1.0 ], "enabled": false },
								"west": { "texture": "#null", "uv": [ 1.5, 0.5, 2.0, 1.0 ], "enabled": false },
								"up": { "texture": "#null", "uv": [ 0.0, 0.0, 0.5, 0.5 ], "enabled": false },
								"down": { "texture": "#null", "uv": [ 0.5, 0.0, 1.0, 0.5 ], "enabled": false }
							},
							"children": [
								{
									"name": "row-top2",
									"from": [ -2.8, -0.05, -0.25 ],
									"to": [ 2.9, 0.45, 0.25 ],
									"uv": [ 16.0, 31.5 ],
									"rotationOrigin": [ 0.0, 0.2, 0.0 ],
									"rotationX": -45.0,
									"faces": {
										"north": { "texture": "#hair", "uv": [ 16.0, 32.0, 21.5, 32.5 ] },
										"east": { "texture": "#hair", "uv": [ 21.5, 32.0, 22.0, 32.5 ] },
										"south": { "texture": "#hair", "uv": [ 22.0, 32.0, 27.5, 32.5 ] },
										"west": { "texture": "#hair", "uv": [ 27.5, 32.0, 28.0, 32.5 ] },
										"up": { "texture": "#hair", "uv": [ 16.0, 31.5, 21.5, 32.0 ] },
										"down": { "texture": "#hair", "uv": [ 21.5, 31.5, 27.0, 32.0 ] }
									}
								},
								{
									"name": "row-front2",
									"from": [ -2.95, -1.0, -0.25 ],
									"to": [ -2.45, 0.2, 0.25 ],
									"uv": [ 23.5, 34.5 ],
									"rotationOrigin": [ -2.7, 0.2, 0.0 ],
									"rotationY": -45.0,
									"faces": {
										"north": { "texture": "#null", "uv": [ 23.5, 35.0, 24.0, 36.0 ], "enabled": false },
										"east": { "texture": "#null", "uv": [ 24.0, 35.0, 24.5, 36.0 ], "enabled": false },
										"south": { "texture": "#hair", "uv": [ 23.5, 35.0, 24.0, 36.0 ] },
										"west": { "texture": "#hair", "uv": [ 24.0, 35.0, 24.5, 36.0 ] },
										"up": { "texture": "#hair", "uv": [ 23.5, 34.5, 24.0, 35.0 ] },
										"down": { "texture": "#hair", "uv": [ 24.0, 34.5, 24.5, 35.0 ] }
									}
								},
								{
									"name": "row-back2",
									"from": [ 2.55, -3.8, -0.25 ],
									"to": [ 3.05, 0.2, 0.25 ],
									"uv": [ 22.5, 34.0 ],
									"rotationOrigin": [ 2.8, 0.2, 0.0 ],
									"rotationY": -45.0,
									"faces": {
										"north": { "texture": "#hair", "uv": [ 22.5, 34.5, 23.0, 38.5 ], "windMode": [-1,-1,-1,-1], "windData": [1,1,1,1] },
										"east": { "texture": "#hair", "uv": [ 23.0, 34.5, 23.5, 38.5 ] },
										"south": { "texture": "#null", "uv": [ 23.5, 34.5, 24.0, 38.5 ], "enabled": false },
										"west": { "texture": "#null", "uv": [ 24.0, 34.5, 24.5, 38.5 ], "enabled": false },
										"up": { "texture": "#hair", "uv": [ 22.5, 34.0, 23.0, 34.5 ] },
										"down": { "texture": "#hair", "uv": [ 23.0, 34.0, 23.5, 34.5 ] }
									}
								},
								{
									"name": "row-tip2",
									"from": [ 2.9, -3.85, -0.25 ],
									"to": [ 4.9, -3.35, 0.25 ],
									"uv": [ 16.5, 35.5 ],
									"rotationOrigin": [ 2.9, -3.6, 0.0 ],
									"rotationZ": -50.0,
									"faces": {
										"north": { "texture": "#hair", "uv": [ 16.5, 36.0, 18.5, 36.5 ] },
										"east": { "texture": "#hair", "uv": [ 18.5, 36.0, 19.0, 36.5 ] },
										"south": { "texture": "#hair", "uv": [ 19.0, 36.0, 21.0, 36.5 ] },
										"west": { "texture": "#null", "uv": [ 21.0, 36.0, 21.5, 36.5 ], "enabled": false },
										"up": { "texture": "#hair", "uv": [ 16.5, 35.5, 18.5, 36.0 ] },
										"down": { "texture": "#hair", "uv": [ 18.5, 35.5, 20.5, 36.0 ] }
									}
								}
							]
						},
						{
							"name": "row3",
							"from": [ 0.0, 2.0, -1.0 ],
							"to": [ 0.0, 2.0, -1.0 ],
							"uv": [ 0.0, 0.0 ],
							"rotationOrigin": [ 0.0, 2.25, -1.0 ],
							"faces": {
								"north": { "texture": "#null", "uv": [ 0.0, 0.5, 0.5, 1.0 ], "enabled": false },
								"east": { "texture": "#null", "uv": [ 0.5, 0.5, 1.0, 1.0 ], "enabled": false },
								"south": { "texture": "#null", "uv": [ 1.0, 0.5, 1.5, 1.0 ], "enabled": false },
								"west": { "texture": "#null", "uv": [ 1.5, 0.5, 2.0, 1.0 ], "enabled": false },
								"up": { "texture": "#null", "uv": [ 0.0, 0.0, 0.5, 0.5 ], "enabled": false },
								"down": { "texture": "#null", "uv": [ 0.5, 0.0, 1.0, 0.5 ], "enabled": false }
							},
							"children": [
								{
									"name": "row-top3",
									"from": [ -2.8, -0.05, -0.25 ],
									"to": [ 2.9, 0.45, 0.25 ],
									"uv": [ 16.0, 31.5 ],
									"rotationOrigin": [ 0.0, 0.2, 0.0 ],
									"rotationX": -45.0,
									"faces": {
										"north": { "texture": "#hair", "uv": [ 16.0, 32.0, 21.5, 32.5 ] },
										"east": { "texture": "#hair", "uv": [ 21.5, 32.0, 22.0, 32.5 ] },
										"south": { "texture": "#hair", "uv": [ 22.0, 32.0, 27.5, 32.5 ] },
										"west": { "texture": "#hair", "uv": [ 27.5, 32.0, 28.0, 32.5 ] },
										"up": { "texture": "#hair", "uv": [ 16.0, 31.5, 21.5, 32.0 ] },
										"down": { "texture": "#hair", "uv": [ 21.5, 31.5, 27.0, 32.0 ] }
									}
								},
								{
									"name": "row-front3",
									"from": [ -2.95, -1.0, -0.25 ],
									"to": [ -2.45, 0.2, 0.25 ],
									"uv": [ 23.5, 34.5 ],
									"rotationOrigin": [ -2.7, 0.2, 0.0 ],
									"rotationY": -45.0,
									"faces": {
										"north": { "texture": "#null", "uv": [ 23.5, 35.0, 24.0, 36.0 ], "enabled": false },
										"east": { "texture": "#null", "uv": [ 24.0, 35.0, 24.5, 36.0 ], "enabled": false },
										"south": { "texture": "#hair", "uv": [ 23.5, 35.0, 24.0, 36.0 ] },
										"west": { "texture": "#hair", "uv": [ 24.0, 35.0, 24.5, 36.0 ] },
										"up": { "texture": "#hair", "uv": [ 23.5, 34.5, 24.0, 35.0 ] },
										"down": { "texture": "#hair", "uv": [ 24.0, 34.5, 24.5, 35.0 ] }
									}
								},
								{
									"name": "row-back3",
									"from": [ 2.55, -3.8, -0.25 ],
									"to": [ 3.05, 0.2, 0.25 ],
									"uv": [ 22.5, 34.0 ],
									"rotationOrigin": [ 2.8, 0.2, 0.0 ],
									"rotationY": -45.0,
									"faces": {
										"north": { "texture": "#hair", "uv": [ 22.5, 34.5, 23.0, 38.5 ], "windMode": [-1,-1,-1,-1], "windData": [1,1,1,1] },
										"east": { "texture": "#hair", "uv": [ 23.0, 34.5, 23.5, 38.5 ] },
										"south": { "texture": "#null", "uv": [ 23.5, 34.5, 24.0, 38.5 ], "enabled": false },
										"west": { "texture": "#null", "uv": [ 24.0, 34.5, 24.5, 38.5 ], "enabled": false },
										"up": { "texture": "#hair", "uv": [ 22.5, 34.0, 23.0, 34.5 ] },
										"down": { "texture": "#hair", "uv": [ 23.0, 34.0, 23.5, 34.5 ] }
									}
								},
								{
									"name": "row-tip3",
									"from": [ 2.8, -3.85, -0.25 ],
									"to": [ 4.8, -3.35, 0.25 ],
									"uv": [ 16.5, 35.5 ],
									"rotationOrigin": [ 2.8, -3.6, 0.0 ],
									"rotationZ": -50.0,
									"faces": {
										"north": { "texture": "#hair", "uv": [ 16.5, 36.0, 18.5, 36.5 ] },
										"east": { "texture": "#hair", "uv": [ 18.5, 36.0, 19.0, 36.5 ] },
										"south": { "texture": "#hair", "uv": [ 19.0, 36.0, 21.0, 36.5 ] },
										"west": { "texture": "#null", "uv": [ 21.0, 36.0, 21.5, 36.5 ], "enabled": false },
										"up": { "texture": "#hair", "uv": [ 16.5, 35.5, 18.5, 36.0 ] },
										"down": { "texture": "#hair", "uv": [ 18.5, 35.5, 20.5, 36.0 ] }
									}
								}
							]
						},
						{
							"name": "row4",
							"from": [ 0.0, 2.0, 2.0 ],
							"to": [ 0.0, 2.0, 2.0 ],
							"uv": [ 0.0, 0.0 ],
							"rotationOrigin": [ 0.0, 2.25, 2.0 ],
							"faces": {
								"north": { "texture": "#null", "uv": [ 0.0, 0.5, 0.5, 1.0 ], "enabled": false },
								"east": { "texture": "#null", "uv": [ 0.5, 0.5, 1.0, 1.0 ], "enabled": false },
								"south": { "texture": "#null", "uv": [ 1.0, 0.5, 1.5, 1.0 ], "enabled": false },
								"west": { "texture": "#null", "uv": [ 1.5, 0.5, 2.0, 1.0 ], "enabled": false },
								"up": { "texture": "#null", "uv": [ 0.0, 0.0, 0.5, 0.5 ], "enabled": false },
								"down": { "texture": "#null", "uv": [ 0.5, 0.0, 1.0, 0.5 ], "enabled": false }
							},
							"children": [
								{
									"name": "row-top4",
									"from": [ -2.8, -0.05, -0.25 ],
									"to": [ 2.9, 0.45, 0.25 ],
									"uv": [ 16.0, 33.5 ],
									"rotationOrigin": [ 0.0, 0.2, 0.0 ],
									"rotationX": -45.0,
									"faces": {
										"north": { "texture": "#hair", "uv": [ 16.0, 34.0, 21.5, 34.5 ] },
										"east": { "texture": "#hair", "uv": [ 21.5, 34.0, 22.0, 34.5 ] },
										"south": { "texture": "#hair", "uv": [ 22.0, 34.0, 27.5, 34.5 ] },
										"west": { "texture": "#hair", "uv": [ 27.5, 34.0, 28.0, 34.5 ] },
										"up": { "texture": "#hair", "uv": [ 16.0, 33.5, 21.5, 34.0 ] },
										"down": { "texture": "#hair", "uv": [ 21.5, 33.5, 27.0, 34.0 ] }
									}
								},
								{
									"name": "row-front4",
									"from": [ -2.95, -1.3, -0.25 ],
									"to": [ -2.45, 0.2, 0.25 ],
									"uv": [ 23.5, 34.5 ],
									"rotationOrigin": [ -2.7, 0.2, 0.0 ],
									"rotationY": -45.0,
									"faces": {
										"north": { "texture": "#null", "uv": [ 23.5, 35.0, 24.0, 36.5 ], "enabled": false },
										"east": { "texture": "#null", "uv": [ 24.0, 35.0, 24.5, 36.5 ], "enabled": false },
										"south": { "texture": "#hair", "uv": [ 23.5, 35.0, 24.0, 36.5 ] },
										"west": { "texture": "#hair", "uv": [ 24.0, 35.0, 24.5, 36.5 ] },
										"up": { "texture": "#hair", "uv": [ 23.5, 34.5, 24.0, 35.0 ] },
										"down": { "texture": "#hair", "uv": [ 24.0, 34.5, 24.5, 35.0 ] }
									}
								},
								{
									"name": "row-back4",
									"from": [ 2.55, -3.3, -0.25 ],
									"to": [ 3.05, 0.2, 0.25 ],
									"uv": [ 20.5, 34.0 ],
									"rotationOrigin": [ 2.8, 0.2, 0.0 ],
									"rotationY": -45.0,
									"faces": {
										"north": { "texture": "#hair", "uv": [ 20.5, 34.5, 21.0, 38.0 ], "windMode": [-1,-1,-1,-1], "windData": [1,1,1,1] },
										"east": { "texture": "#hair", "uv": [ 21.0, 34.5, 21.5, 38.0 ] },
										"south": { "texture": "#null", "uv": [ 21.5, 34.5, 22.0, 38.0 ], "enabled": false },
										"west": { "texture": "#null", "uv": [ 22.0, 34.5, 22.5, 38.0 ], "enabled": false },
										"up": { "texture": "#hair", "uv": [ 20.5, 34.0, 21.0, 34.5 ] },
										"down": { "texture": "#hair", "uv": [ 21.0, 34.0, 21.5, 34.5 ] }
									}
								},
								{
									"name": "row-tip4",
									"from": [ 2.8, -3.35, -0.25 ],
									"to": [ 4.8, -2.85, 0.25 ],
									"uv": [ 20.5, 35.5 ],
									"rotationOrigin": [ 2.8, -3.1, 0.0 ],
									"rotationZ": -45.0,
									"faces": {
										"north": { "texture": "#hair", "uv": [ 20.5, 36.0, 22.5, 36.5 ] },
										"east": { "texture": "#hair", "uv": [ 22.5, 36.0, 23.0, 36.5 ] },
										"south": { "texture": "#hair", "uv": [ 23.0, 36.0, 25.0, 36.5 ] },
										"west": { "texture": "#null", "uv": [ 25.0, 36.0, 25.5, 36.5 ], "enabled": false },
										"up": { "texture": "#hair", "uv": [ 20.5, 35.5, 22.5, 36.0 ] },
										"down": { "texture": "#hair", "uv": [ 22.5, 35.5, 24.5, 36.0 ] }
									}
								}
							]
						},
						{
							"name": "row5",
							"from": [ 0.0, 2.0, -2.0 ],
							"to": [ 0.0, 2.0, -2.0 ],
							"uv": [ 0.0, 0.0 ],
							"rotationOrigin": [ 0.0, 2.25, -2.0 ],
							"faces": {
								"north": { "texture": "#null", "uv": [ 0.0, 0.5, 0.5, 1.0 ], "enabled": false },
								"east": { "texture": "#null", "uv": [ 0.5, 0.5, 1.0, 1.0 ], "enabled": false },
								"south": { "texture": "#null", "uv": [ 1.0, 0.5, 1.5, 1.0 ], "enabled": false },
								"west": { "texture": "#null", "uv": [ 1.5, 0.5, 2.0, 1.0 ], "enabled": false },
								"up": { "texture": "#null", "uv": [ 0.0, 0.0, 0.5, 0.5 ], "enabled": false },
								"down": { "texture": "#null", "uv": [ 0.5, 0.0, 1.0, 0.5 ], "enabled": false }
							},
							"children": [
								{
									"name": "row-top5",
									"from": [ -2.8, -0.05, -0.25 ],
									"to": [ 2.9, 0.45, 0.25 ],
									"uv": [ 16.0, 33.5 ],
									"rotationOrigin": [ 0.0, 0.2, 0.0 ],
									"rotationX": -45.0,
									"faces": {
										"north": { "texture": "#hair", "uv": [ 16.0, 34.0, 21.5, 34.5 ] },
										"east": { "texture": "#hair", "uv": [ 21.5, 34.0, 22.0, 34.5 ] },
										"south": { "texture": "#hair", "uv": [ 22.0, 34.0, 27.5, 34.5 ] },
										"west": { "texture": "#hair", "uv": [ 27.5, 34.0, 28.0, 34.5 ] },
										"up": { "texture": "#hair", "uv": [ 16.0, 33.5, 21.5, 34.0 ] },
										"down": { "texture": "#hair", "uv": [ 21.5, 33.5, 27.0, 34.0 ] }
									}
								},
								{
									"name": "row-front5",
									"from": [ -2.95, -1.3, -0.25 ],
									"to": [ -2.45, 0.2, 0.25 ],
									"uv": [ 23.5, 34.5 ],
									"rotationOrigin": [ -2.7, 0.2, 0.0 ],
									"rotationY": -45.0,
									"faces": {
										"north": { "texture": "#null", "uv": [ 23.5, 35.0, 24.0, 36.5 ], "enabled": false },
										"east": { "texture": "#null", "uv": [ 24.0, 35.0, 24.5, 36.5 ], "enabled": false },
										"south": { "texture": "#hair", "uv": [ 23.5, 35.0, 24.0, 36.5 ] },
										"west": { "texture": "#hair", "uv": [ 24.0, 35.0, 24.5, 36.5 ] },
										"up": { "texture": "#hair", "uv": [ 23.5, 34.5, 24.0, 35.0 ] },
										"down": { "texture": "#hair", "uv": [ 24.0, 34.5, 24.5, 35.0 ] }
									}
								},
								{
									"name": "row-back5",
									"from": [ 2.55, -3.3, -0.25 ],
									"to": [ 3.05, 0.2, 0.25 ],
									"uv": [ 20.5, 34.0 ],
									"rotationOrigin": [ 2.8, 0.2, 0.0 ],
									"rotationY": -45.0,
									"faces": {
										"north": { "texture": "#hair", "uv": [ 20.5, 34.5, 21.0, 38.0 ], "windMode": [-1,-1,-1,-1], "windData": [1,1,1,1] },
										"east": { "texture": "#hair", "uv": [ 21.0, 34.5, 21.5, 38.0 ] },
										"south": { "texture": "#null", "uv": [ 21.5, 34.5, 22.0, 38.0 ], "enabled": false },
										"west": { "texture": "#null", "uv": [ 22.0, 34.5, 22.5, 38.0 ], "enabled": false },
										"up": { "texture": "#hair", "uv": [ 20.5, 34.0, 21.0, 34.5 ] },
										"down": { "texture": "#hair", "uv": [ 21.0, 34.0, 21.5, 34.5 ] }
									}
								},
								{
									"name": "row-tip5",
									"from": [ 2.8, -3.35, -0.25 ],
									"to": [ 4.8, -2.85, 0.25 ],
									"uv": [ 20.5, 35.5 ],
									"rotationOrigin": [ 2.8, -3.1, 0.0 ],
									"rotationZ": -45.0,
									"faces": {
										"north": { "texture": "#hair", "uv": [ 20.5, 36.0, 22.5, 36.5 ] },
										"east": { "texture": "#hair", "uv": [ 22.5, 36.0, 23.0, 36.5 ] },
										"south": { "texture": "#hair", "uv": [ 23.0, 36.0, 25.0, 36.5 ] },
										"west": { "texture": "#null", "uv": [ 25.0, 36.0, 25.5, 36.5 ], "enabled": false },
										"up": { "texture": "#hair", "uv": [ 20.5, 35.5, 22.5, 36.0 ] },
										"down": { "texture": "#hair", "uv": [ 22.5, 35.5, 24.5, 36.0 ] }
									}
								}
							]
						}
					]
				}
			]
		}
	]}