{
	"editor": {
		"backDropShape": "entity/humanoid/seraph-hairless",
		"allAngles": true,
		"entityTextureMode": true
	},
	"textureWidth": 48,
	"textureHeight": 48,
	"textureSizes": {
		"hair": [48,48],
		"birch": [16,16],
		"lightgray": [48,48]
	},
	"textures": {
		"hair": "entity/humanoid/seraphskinparts/hair/lightgray"
	},
	"elements": [
		{
			"name": "Hair",
			"stepParentName": "Head",
			"from": [ -0.2, -3.1, -0.3 ],
			"to": [ 5.8, 5.4, 5.2 ],
			"autoUnwrap": false,
			"uv": [ 2.0, 2.5 ],
			"rotationOrigin": [ 3.0, 2.0, 2.5 ],
			"faces": {
				"north": { "texture": "#hair", "uv": [ 0.0, 1.0, 6.0, 9.5 ] },
				"east": { "texture": "#hair", "uv": [ 18.0, 1.0, 23.5, 9.5 ] },
				"south": { "texture": "#hair", "uv": [ 11.0, 1.0, 17.0, 9.5 ] },
				"west": { "texture": "#hair", "uv": [ 27.5, 21.5, 33.0, 30.0 ] },
				"up": { "texture": "#hair", "uv": [ 24.0, 0.0, 29.5, 6.0 ], "rotation": 90 }
			},
			"children": [
				{
					"name": "hair-uncovered",
					"from": [ 0.0, 0.0, 0.0 ],
					"to": [ 0.0, 0.0, 0.0 ],
					"uv": [ 0.0, 0.0 ],
					"rotationOrigin": [ 0.0, 8.0, 2.8 ],
					"faces": {
					},
					"children": [
						{
							"name": "curl1",
							"from": [ 2.5, 4.5, -0.2 ],
							"to": [ 4.5, 5.5, 0.8 ],
							"uv": [ 39.5, 25.5 ],
							"rotationOrigin": [ 3.0, 5.0, 0.3 ],
							"rotationX": 8.0,
							"rotationY": 30.0,
							"rotationZ": -55.0,
							"faces": {
								"north": { "texture": "#hair", "uv": [ 39.5, 26.5, 41.5, 27.5 ], "windMode": [-1,-1,-1,-1], "windData": [1,1,1,1] },
								"south": { "texture": "#hair", "uv": [ 41.5, 26.5, 43.5, 27.5 ] },
								"up": { "texture": "#hair", "uv": [ 39.5, 25.5, 41.5, 26.5 ] },
								"down": { "texture": "#hair", "uv": [ 41.5, 25.5, 43.5, 26.5 ] }
							}
						},
						{
							"name": "curl2",
							"from": [ 3.5, 5.5, -0.1 ],
							"to": [ 5.5, 6.5, 0.9 ],
							"uv": [ 40.0, 29.0 ],
							"rotationOrigin": [ 4.0, 6.0, 0.4 ],
							"rotationX": -3.0,
							"rotationY": 33.0,
							"rotationZ": -28.0,
							"faces": {
								"north": { "texture": "#hair", "uv": [ 40.0, 30.0, 42.0, 31.0 ], "windMode": [-1,-1,-1,-1], "windData": [1,1,1,1] },
								"up": { "texture": "#hair", "uv": [ 40.0, 29.0, 42.0, 30.0 ] },
								"down": { "texture": "#hair", "uv": [ 42.0, 29.0, 44.0, 30.0 ] }
							}
						},
						{
							"name": "curl3",
							"from": [ 4.5, 6.1, 0.0 ],
							"to": [ 7.5, 7.1, 1.0 ],
							"uv": [ 42.0, 29.0 ],
							"rotationOrigin": [ 5.0, 6.6, 0.5 ],
							"rotationX": -3.0,
							"rotationY": 28.0,
							"rotationZ": -39.0,
							"faces": {
								"north": { "texture": "#hair", "uv": [ 42.0, 30.0, 45.0, 31.0 ], "windMode": [-1,-1,-1,-1], "windData": [1,1,1,1] },
								"south": { "texture": "#hair", "uv": [ 45.0, 30.0, 48.0, 31.0 ] },
								"up": { "texture": "#hair", "uv": [ 42.0, 29.0, 45.0, 30.0 ] }
							}
						},
						{
							"name": "curl4",
							"from": [ 1.5, 6.5, -0.2 ],
							"to": [ 3.5, 7.5, 0.8 ],
							"uv": [ 41.0, 26.0 ],
							"rotationOrigin": [ 2.0, 7.0, 0.3 ],
							"rotationX": 28.0,
							"rotationY": 30.0,
							"rotationZ": -97.0,
							"faces": {
								"north": { "texture": "#hair", "uv": [ 41.0, 27.0, 43.0, 28.0 ], "windMode": [-1,-1,-1,-1], "windData": [1,1,1,1] },
								"up": { "texture": "#hair", "uv": [ 41.0, 26.0, 43.0, 27.0 ] }
							}
						},
						{
							"name": "curl5",
							"from": [ 4.5, 4.0, -0.2 ],
							"to": [ 6.5, 5.0, 0.8 ],
							"uv": [ 42.0, 25.0 ],
							"rotationOrigin": [ 5.0, 4.5, 0.3 ],
							"rotationX": 8.0,
							"rotationY": 30.0,
							"rotationZ": -55.0,
							"faces": {
								"north": { "texture": "#hair", "uv": [ 42.0, 26.0, 44.0, 27.0 ], "windMode": [-1,-1,-1,-1], "windData": [1,1,1,1] },
								"south": { "texture": "#hair", "uv": [ 44.0, 26.0, 46.0, 27.0 ] },
								"up": { "texture": "#hair", "uv": [ 42.0, 25.0, 44.0, 26.0 ] }
							}
						},
						{
							"name": "curl6",
							"from": [ 0.5, 7.0, -0.2 ],
							"to": [ 2.5, 8.0, 0.8 ],
							"uv": [ 42.0, 28.0 ],
							"rotationOrigin": [ 1.0, 7.5, 0.3 ],
							"rotationX": 42.0,
							"rotationY": 36.0,
							"rotationZ": -94.0,
							"faces": {
								"north": { "texture": "#hair", "uv": [ 42.0, 29.0, 44.0, 30.0 ], "windMode": [-1,-1,-1,-1], "windData": [1,1,1,1] },
								"south": { "texture": "#hair", "uv": [ 44.0, 29.0, 46.0, 30.0 ] },
								"up": { "texture": "#hair", "uv": [ 42.0, 28.0, 44.0, 29.0 ] },
								"down": { "texture": "#hair", "uv": [ 44.0, 28.0, 46.0, 29.0 ] }
							}
						},
						{
							"name": "curl7",
							"from": [ 1.5, 5.0, -0.2 ],
							"to": [ 3.5, 6.0, 0.8 ],
							"uv": [ 42.0, 28.0 ],
							"rotationOrigin": [ 2.0, 5.5, 0.3 ],
							"rotationX": 42.0,
							"rotationY": 39.0,
							"rotationZ": -122.0,
							"faces": {
								"north": { "texture": "#hair", "uv": [ 42.0, 29.0, 44.0, 30.0 ], "windMode": [-1,-1,-1,-1], "windData": [1,1,1,1] },
								"south": { "texture": "#hair", "uv": [ 44.0, 29.0, 46.0, 30.0 ] },
								"up": { "texture": "#hair", "uv": [ 42.0, 28.0, 44.0, 29.0 ] },
								"down": { "texture": "#hair", "uv": [ 44.0, 28.0, 46.0, 29.0 ] }
							}
						},
						{
							"name": "curl8",
							"from": [ 4.1, 7.0, -0.2 ],
							"to": [ 6.1, 8.0, 0.8 ],
							"uv": [ 42.0, 28.0 ],
							"rotationOrigin": [ 4.6, 7.5, 0.3 ],
							"rotationX": -3.0,
							"rotationY": 83.0,
							"rotationZ": -50.0,
							"faces": {
								"north": { "texture": "#hair", "uv": [ 42.0, 29.0, 44.0, 30.0 ], "windMode": [-1,-1,-1,-1], "windData": [1,1,1,1] },
								"south": { "texture": "#hair", "uv": [ 44.0, 29.0, 46.0, 30.0 ] },
								"up": { "texture": "#hair", "uv": [ 42.0, 28.0, 44.0, 29.0 ] }
							}
						},
						{
							"name": "curl9",
							"from": [ 2.5, 7.2, -0.2 ],
							"to": [ 4.5, 8.2, 0.8 ],
							"uv": [ 33.0, 27.0 ],
							"rotationOrigin": [ 3.0, 7.7, 0.3 ],
							"rotationX": 11.0,
							"rotationY": 47.0,
							"rotationZ": -58.0,
							"faces": {
								"north": { "texture": "#hair", "uv": [ 33.0, 28.0, 35.0, 29.0 ], "windMode": [-1,-1,-1,-1], "windData": [1,1,1,1] },
								"up": { "texture": "#hair", "uv": [ 33.0, 27.0, 35.0, 28.0 ] },
								"down": { "texture": "#hair", "uv": [ 35.0, 27.0, 37.0, 28.0 ] }
							}
						},
						{
							"name": "curl10",
							"from": [ 5.2, 3.9, 0.9 ],
							"to": [ 7.2, 4.9, 1.9 ],
							"uv": [ 42.0, 29.0 ],
							"rotationOrigin": [ 5.7, 4.4, 1.4 ],
							"rotationX": 8.0,
							"rotationY": -6.0,
							"rotationZ": -55.0,
							"faces": {
								"north": { "texture": "#hair", "uv": [ 42.0, 30.0, 44.0, 31.0 ], "windMode": [-1,-1,-1,-1], "windData": [1,1,1,1] },
								"south": { "texture": "#hair", "uv": [ 44.0, 30.0, 46.0, 31.0 ] },
								"up": { "texture": "#hair", "uv": [ 42.0, 29.0, 44.0, 30.0 ] }
							}
						},
						{
							"name": "curl11",
							"from": [ 5.2, 4.3, 1.8 ],
							"to": [ 7.2, 5.3, 2.8 ],
							"uv": [ 38.0, 27.0 ],
							"rotationOrigin": [ 5.7, 4.8, 2.3 ],
							"rotationX": -6.0,
							"rotationY": -6.0,
							"rotationZ": -55.0,
							"faces": {
								"north": { "texture": "#hair", "uv": [ 38.0, 28.0, 40.0, 29.0 ], "windMode": [-1,-1,-1,-1], "windData": [1,1,1,1] },
								"south": { "texture": "#hair", "uv": [ 40.0, 28.0, 42.0, 29.0 ] },
								"up": { "texture": "#hair", "uv": [ 38.0, 27.0, 40.0, 28.0 ] },
								"down": { "texture": "#hair", "uv": [ 40.0, 27.0, 42.0, 28.0 ] }
							}
						},
						{
							"name": "curl12",
							"from": [ 5.2, 5.1, 3.8 ],
							"to": [ 7.2, 6.1, 4.8 ],
							"uv": [ 37.0, 28.0 ],
							"rotationOrigin": [ 5.7, 5.6, 4.3 ],
							"rotationX": -6.0,
							"rotationY": -6.0,
							"rotationZ": -66.0,
							"faces": {
								"north": { "texture": "#hair", "uv": [ 37.0, 29.0, 39.0, 30.0 ], "windMode": [-1,-1,-1,-1], "windData": [1,1,1,1] },
								"south": { "texture": "#hair", "uv": [ 39.0, 29.0, 41.0, 30.0 ] },
								"up": { "texture": "#hair", "uv": [ 37.0, 28.0, 39.0, 29.0 ] },
								"down": { "texture": "#hair", "uv": [ 39.0, 28.0, 41.0, 29.0 ], "windMode": [-1,-1,-1,-1], "windData": [1,1,1,1] }
							}
						},
						{
							"name": "curl13",
							"from": [ 5.2, 4.1, 3.1 ],
							"to": [ 7.2, 5.1, 4.1 ],
							"uv": [ 33.5, 26.5 ],
							"rotationOrigin": [ 5.7, 4.6, 3.6 ],
							"rotationX": 25.0,
							"rotationY": -6.0,
							"rotationZ": -42.0,
							"faces": {
								"north": { "texture": "#hair", "uv": [ 33.5, 27.5, 35.5, 28.5 ], "windMode": [-1,-1,-1,-1], "windData": [1,1,1,1] },
								"south": { "texture": "#hair", "uv": [ 35.5, 27.5, 37.5, 28.5 ] },
								"up": { "texture": "#hair", "uv": [ 33.5, 26.5, 35.5, 27.5 ] }
							}
						},
						{
							"name": "curl14",
							"from": [ 3.9, 7.1, 4.9 ],
							"to": [ 5.9, 8.1, 5.9 ],
							"uv": [ 42.0, 26.5 ],
							"rotationOrigin": [ 4.4, 7.6, 5.4 ],
							"rotationX": -50.0,
							"rotationY": -6.0,
							"rotationZ": -72.0,
							"faces": {
								"south": { "texture": "#hair", "uv": [ 44.0, 27.5, 46.0, 28.5 ] },
								"up": { "texture": "#hair", "uv": [ 42.0, 26.5, 44.0, 27.5 ] }
							}
						},
						{
							"name": "curl15",
							"from": [ 5.2, 6.1, 4.6 ],
							"to": [ 7.2, 7.1, 5.6 ],
							"uv": [ 38.5, 29.0 ],
							"rotationOrigin": [ 5.7, 6.6, 5.1 ],
							"rotationX": -30.0,
							"rotationY": -8.0,
							"rotationZ": -53.0,
							"faces": {
								"north": { "texture": "#hair", "uv": [ 38.5, 30.0, 40.5, 31.0 ], "windMode": [-1,-1,-1,-1], "windData": [1,1,1,1] },
								"south": { "texture": "#hair", "uv": [ 40.5, 30.0, 42.5, 31.0 ] },
								"up": { "texture": "#hair", "uv": [ 38.5, 29.0, 40.5, 30.0 ] },
								"down": { "texture": "#hair", "uv": [ 40.5, 29.0, 42.5, 30.0 ] }
							}
						},
						{
							"name": "curl16",
							"from": [ 5.2, 6.1, 3.1 ],
							"to": [ 7.2, 7.1, 4.1 ],
							"uv": [ 33.0, 26.5 ],
							"rotationOrigin": [ 5.7, 6.6, 3.6 ],
							"rotationX": -17.0,
							"rotationY": -11.0,
							"rotationZ": -58.0,
							"faces": {
								"north": { "texture": "#hair", "uv": [ 33.0, 27.5, 35.0, 28.5 ], "windMode": [-1,-1,-1,-1], "windData": [1,1,1,1] },
								"south": { "texture": "#hair", "uv": [ 35.0, 27.5, 37.0, 28.5 ] },
								"up": { "texture": "#hair", "uv": [ 33.0, 26.5, 35.0, 27.5 ] }
							}
						},
						{
							"name": "curl17",
							"from": [ 5.2, 5.1, 2.1 ],
							"to": [ 7.2, 6.1, 3.1 ],
							"uv": [ 37.0, 25.0 ],
							"rotationOrigin": [ 5.7, 5.6, 2.6 ],
							"rotationX": -6.0,
							"rotationY": 8.0,
							"rotationZ": -39.0,
							"faces": {
								"north": { "texture": "#hair", "uv": [ 37.0, 26.0, 39.0, 27.0 ], "windMode": [-1,-1,-1,-1], "windData": [1,1,1,1] },
								"south": { "texture": "#hair", "uv": [ 39.0, 26.0, 41.0, 27.0 ] },
								"up": { "texture": "#hair", "uv": [ 37.0, 25.0, 39.0, 26.0 ] }
							}
						},
						{
							"name": "curl18",
							"from": [ 5.2, 5.1, 1.1 ],
							"to": [ 7.2, 6.1, 2.1 ],
							"uv": [ 38.5, 27.5 ],
							"rotationOrigin": [ 5.7, 5.6, 1.6 ],
							"rotationX": 25.0,
							"rotationY": 8.0,
							"rotationZ": -50.0,
							"faces": {
								"north": { "texture": "#hair", "uv": [ 38.5, 28.5, 40.5, 29.5 ], "windMode": [-1,-1,-1,-1], "windData": [1,1,1,1] },
								"south": { "texture": "#hair", "uv": [ 40.5, 28.5, 42.5, 29.5 ] },
								"up": { "texture": "#hair", "uv": [ 38.5, 27.5, 40.5, 28.5 ] }
							}
						},
						{
							"name": "curl19",
							"from": [ 5.2, 6.8, 2.1 ],
							"to": [ 7.2, 7.8, 3.1 ],
							"uv": [ 33.0, 25.0 ],
							"rotationOrigin": [ 5.7, 7.3, 2.6 ],
							"rotationX": 25.0,
							"rotationY": -3.0,
							"rotationZ": -42.0,
							"faces": {
								"north": { "texture": "#hair", "uv": [ 33.0, 26.0, 35.0, 27.0 ], "windMode": [-1,-1,-1,-1], "windData": [1,1,1,1] },
								"south": { "texture": "#hair", "uv": [ 35.0, 26.0, 37.0, 27.0 ] },
								"up": { "texture": "#hair", "uv": [ 33.0, 25.0, 35.0, 26.0 ] },
								"down": { "texture": "#hair", "uv": [ 35.0, 25.0, 37.0, 26.0 ] }
							}
						},
						{
							"name": "curl20",
							"from": [ 5.2, 7.1, 3.8 ],
							"to": [ 7.2, 8.1, 4.8 ],
							"uv": [ 33.0, 25.0 ],
							"rotationOrigin": [ 5.7, 7.6, 4.3 ],
							"rotationX": 8.0,
							"rotationY": -3.0,
							"rotationZ": -58.0,
							"faces": {
								"north": { "texture": "#hair", "uv": [ 33.0, 26.0, 35.0, 27.0 ], "windMode": [-1,-1,-1,-1], "windData": [1,1,1,1] },
								"south": { "texture": "#hair", "uv": [ 35.0, 26.0, 37.0, 27.0 ] },
								"up": { "texture": "#hair", "uv": [ 33.0, 25.0, 35.0, 26.0 ] }
							}
						},
						{
							"name": "curl21",
							"from": [ 5.2, 4.5, 4.7 ],
							"to": [ 7.2, 5.5, 5.7 ],
							"uv": [ 33.0, 25.0 ],
							"rotationOrigin": [ 5.7, 5.0, 5.2 ],
							"rotationX": -39.0,
							"rotationY": 6.0,
							"rotationZ": -42.0,
							"faces": {
								"north": { "texture": "#hair", "uv": [ 33.0, 26.0, 35.0, 27.0 ], "windMode": [-1,-1,-1,-1], "windData": [1,1,1,1] },
								"south": { "texture": "#hair", "uv": [ 35.0, 26.0, 37.0, 27.0 ] },
								"up": { "texture": "#hair", "uv": [ 33.0, 25.0, 35.0, 26.0 ] },
								"down": { "texture": "#hair", "uv": [ 35.0, 25.0, 37.0, 26.0 ] }
							}
						},
						{
							"name": "curl22",
							"from": [ 5.3, 7.1, 0.6 ],
							"to": [ 7.3, 8.1, 1.6 ],
							"uv": [ 42.0, 28.0 ],
							"rotationOrigin": [ 5.8, 7.6, 1.1 ],
							"rotationX": 3.0,
							"rotationY": 11.0,
							"rotationZ": -58.0,
							"faces": {
								"north": { "texture": "#hair", "uv": [ 42.0, 29.0, 44.0, 30.0 ], "windMode": [-1,-1,-1,-1], "windData": [1,1,1,1] },
								"south": { "texture": "#hair", "uv": [ 44.0, 29.0, 46.0, 30.0 ] },
								"up": { "texture": "#hair", "uv": [ 42.0, 28.0, 44.0, 29.0 ] }
							}
						},
						{
							"name": "curl23",
							"from": [ 0.0, 7.2, 0.8 ],
							"to": [ 2.0, 8.2, 1.8 ],
							"uv": [ 42.0, 28.0 ],
							"rotationOrigin": [ 0.5, 7.7, 1.3 ],
							"rotationX": 39.0,
							"rotationY": 11.0,
							"rotationZ": -111.0,
							"faces": {
								"north": { "texture": "#hair", "uv": [ 42.0, 29.0, 44.0, 30.0 ], "windMode": [-1,-1,-1,-1], "windData": [1,1,1,1] },
								"south": { "texture": "#hair", "uv": [ 44.0, 29.0, 46.0, 30.0 ] },
								"down": { "texture": "#hair", "uv": [ 42.0, 28.0, 44.0, 29.0 ] }
							}
						},
						{
							"name": "curl24",
							"from": [ 0.0, 7.2, 4.0 ],
							"to": [ 1.5, 8.2, 5.0 ],
							"uv": [ 42.0, 28.0 ],
							"rotationOrigin": [ 0.5, 7.7, 4.5 ],
							"rotationX": -22.0,
							"rotationY": -14.0,
							"rotationZ": -111.0,
							"faces": {
								"north": { "texture": "#hair", "uv": [ 42.0, 29.0, 43.5, 30.0 ], "windMode": [-1,-1,-1,-1], "windData": [1,1,1,1] },
								"south": { "texture": "#hair", "uv": [ 43.5, 29.0, 45.0, 30.0 ] },
								"down": { "texture": "#hair", "uv": [ 42.0, 28.0, 43.5, 29.0 ] }
							}
						},
						{
							"name": "curl25",
							"from": [ 1.2, 4.1, 4.6 ],
							"to": [ 3.2, 5.1, 5.6 ],
							"uv": [ 42.0, 25.0 ],
							"rotationOrigin": [ 1.7, 4.6, 5.1 ],
							"rotationX": -30.0,
							"rotationY": -8.0,
							"rotationZ": -105.0,
							"faces": {
								"north": { "texture": "#hair", "uv": [ 42.0, 26.0, 44.0, 27.0 ], "windMode": [-1,-1,-1,-1], "windData": [1,1,1,1] },
								"south": { "texture": "#hair", "uv": [ 44.0, 26.0, 46.0, 27.0 ] },
								"up": { "texture": "#hair", "uv": [ 42.0, 25.0, 44.0, 26.0 ] },
								"down": { "texture": "#hair", "uv": [ 44.0, 25.0, 46.0, 26.0 ] }
							}
						},
						{
							"name": "curl26",
							"from": [ 0.2, 6.1, 4.6 ],
							"to": [ 2.2, 7.1, 5.6 ],
							"uv": [ 36.5, 25.0 ],
							"rotationOrigin": [ 0.7, 6.6, 5.1 ],
							"rotationX": -30.0,
							"rotationY": -8.0,
							"rotationZ": -108.0,
							"faces": {
								"north": { "texture": "#hair", "uv": [ 36.5, 26.0, 38.5, 27.0 ], "windMode": [-1,-1,-1,-1], "windData": [1,1,1,1] },
								"south": { "texture": "#hair", "uv": [ 38.5, 26.0, 40.5, 27.0 ] },
								"up": { "texture": "#hair", "uv": [ 36.5, 25.0, 38.5, 26.0 ] },
								"down": { "texture": "#hair", "uv": [ 38.5, 25.0, 40.5, 26.0 ] }
							}
						},
						{
							"name": "curl27",
							"from": [ 2.2, 3.7, 4.6 ],
							"to": [ 4.2, 4.7, 5.6 ],
							"uv": [ 38.0, 29.0 ],
							"rotationOrigin": [ 2.7, 4.2, 5.1 ],
							"rotationX": -33.0,
							"rotationY": -8.0,
							"rotationZ": -64.0,
							"faces": {
								"north": { "texture": "#hair", "uv": [ 38.0, 30.0, 40.0, 31.0 ], "windMode": [-1,-1,-1,-1], "windData": [1,1,1,1] },
								"south": { "texture": "#hair", "uv": [ 40.0, 30.0, 42.0, 31.0 ] },
								"up": { "texture": "#hair", "uv": [ 38.0, 29.0, 40.0, 30.0 ] },
								"down": { "texture": "#hair", "uv": [ 40.0, 29.0, 42.0, 30.0 ] }
							}
						},
						{
							"name": "curl28",
							"from": [ 3.8, 4.2, 4.6 ],
							"to": [ 5.8, 5.2, 5.6 ],
							"uv": [ 42.0, 25.0 ],
							"rotationOrigin": [ 4.3, 4.7, 5.1 ],
							"rotationX": -42.0,
							"rotationY": -8.0,
							"rotationZ": -80.0,
							"faces": {
								"north": { "texture": "#hair", "uv": [ 42.0, 26.0, 44.0, 27.0 ], "windMode": [-1,-1,-1,-1], "windData": [1,1,1,1] },
								"south": { "texture": "#hair", "uv": [ 44.0, 26.0, 46.0, 27.0 ] },
								"up": { "texture": "#hair", "uv": [ 42.0, 25.0, 44.0, 26.0 ] },
								"down": { "texture": "#hair", "uv": [ 44.0, 25.0, 46.0, 26.0 ] }
							}
						},
						{
							"name": "curl29",
							"from": [ 2.8, 5.2, 4.6 ],
							"to": [ 4.8, 6.2, 5.6 ],
							"uv": [ 34.5, 25.0 ],
							"rotationOrigin": [ 3.3, 5.7, 5.1 ],
							"rotationX": -55.0,
							"rotationY": -8.0,
							"rotationZ": -100.0,
							"faces": {
								"south": { "texture": "#hair", "uv": [ 34.5, 26.0, 36.5, 27.0 ] },
								"up": { "texture": "#hair", "uv": [ 34.5, 25.0, 36.5, 26.0 ] },
								"down": { "texture": "#hair", "uv": [ 36.5, 25.0, 38.5, 26.0 ] }
							}
						},
						{
							"name": "curl30",
							"from": [ 1.5, 5.8, 4.6 ],
							"to": [ 3.5, 6.8, 5.6 ],
							"uv": [ 37.5, 26.5 ],
							"rotationOrigin": [ 2.0, 6.3, 5.1 ],
							"rotationX": -42.0,
							"rotationY": -8.0,
							"rotationZ": -102.0,
							"faces": {
								"south": { "texture": "#hair", "uv": [ 37.5, 27.5, 39.5, 28.5 ] },
								"up": { "texture": "#hair", "uv": [ 37.5, 26.5, 39.5, 27.5 ] },
								"down": { "texture": "#hair", "uv": [ 39.5, 26.5, 41.5, 27.5 ] }
							}
						},
						{
							"name": "curl31",
							"from": [ 0.5, 7.2, 4.6 ],
							"to": [ 2.5, 8.2, 5.6 ],
							"uv": [ 34.5, 26.0 ],
							"rotationOrigin": [ 1.0, 7.7, 5.1 ],
							"rotationX": -47.0,
							"rotationY": -3.0,
							"rotationZ": -102.0,
							"faces": {
								"south": { "texture": "#hair", "uv": [ 34.5, 27.0, 36.5, 28.0 ] },
								"up": { "texture": "#hair", "uv": [ 34.5, 26.0, 36.5, 27.0 ] },
								"down": { "texture": "#hair", "uv": [ 36.5, 26.0, 38.5, 27.0 ] }
							}
						},
						{
							"name": "curl32",
							"from": [ 4.5, 5.2, 4.6 ],
							"to": [ 6.5, 6.2, 5.6 ],
							"uv": [ 33.0, 29.0 ],
							"rotationOrigin": [ 5.0, 5.7, 5.1 ],
							"rotationX": -50.0,
							"rotationY": -8.0,
							"rotationZ": -72.0,
							"faces": {
								"south": { "texture": "#hair", "uv": [ 33.0, 30.0, 35.0, 31.0 ] },
								"up": { "texture": "#hair", "uv": [ 33.0, 29.0, 35.0, 30.0 ] },
								"down": { "texture": "#hair", "uv": [ 35.0, 29.0, 37.0, 30.0 ] }
							}
						},
						{
							"name": "curl33",
							"from": [ 3.1, 6.5, 4.6 ],
							"to": [ 5.1, 7.5, 5.6 ],
							"uv": [ 33.0, 29.0 ],
							"rotationOrigin": [ 3.6, 7.0, 5.1 ],
							"rotationX": -47.0,
							"rotationY": -8.0,
							"rotationZ": -86.0,
							"faces": {
								"south": { "texture": "#hair", "uv": [ 33.0, 30.0, 35.0, 31.0 ] },
								"up": { "texture": "#hair", "uv": [ 33.0, 29.0, 35.0, 30.0 ] },
								"down": { "texture": "#hair", "uv": [ 35.0, 29.0, 37.0, 30.0 ] }
							}
						},
						{
							"name": "curl34",
							"from": [ 2.1, 6.9, 4.6 ],
							"to": [ 4.1, 7.9, 5.6 ],
							"uv": [ 33.0, 29.0 ],
							"rotationOrigin": [ 2.6, 7.4, 5.1 ],
							"rotationX": -42.0,
							"rotationY": -8.0,
							"rotationZ": -58.0,
							"faces": {
								"south": { "texture": "#hair", "uv": [ 33.0, 30.0, 35.0, 31.0 ] },
								"up": { "texture": "#hair", "uv": [ 33.0, 29.0, 35.0, 30.0 ] },
								"down": { "texture": "#hair", "uv": [ 35.0, 29.0, 37.0, 30.0 ] }
							}
						}
					]
				}
			]
		},
		{
			"name": "Hair tile upper part",
			"stepParentName": "Head",
			"from": [ -0.4, -2.0, -0.5 ],
			"to": [ 6.1, 5.5, 5.5 ],
			"autoUnwrap": false,
			"uv": [ 3.0, 9.0 ],
			"renderInEditor": false,
			"rotationOrigin": [ 3.1, 5.5, 2.5 ],
			"faces": {
			}
		}
	]}