{
	"editor": {
		"backDropShape": "entity/humanoid/seraph-hairless",
		"allAngles": true,
		"entityTextureMode": true
	},
	"textureWidth": 48,
	"textureHeight": 48,
	"textureSizes": {
		"hair": [48,48],
		"birch": [16,16]
	},
	"textures": {
	},
	"elements": [
		{
			"name": "Hair",
			"stepParentName": "Head",
			"from": [ -0.2, -3.1, -0.25 ],
			"to": [ 5.8, 5.4, 5.25 ],
			"autoUnwrap": false,
			"uv": [ 2.0, 2.5 ],
			"rotationOrigin": [ 3.0, 2.0, 2.5 ],
			"faces": {
				"north": { "texture": "#hair", "uv": [ 0.0, 1.0, 6.0, 9.5 ] },
				"east": { "texture": "#hair", "uv": [ 18.0, 1.0, 23.5, 9.5 ] },
				"south": { "texture": "#hair", "uv": [ 11.0, 1.0, 17.0, 9.5 ] },
				"west": { "texture": "#hair", "uv": [ 6.0, 0.5, 11.5, 9.0 ] },
				"up": { "texture": "#hair", "uv": [ 24.0, 0.0, 29.5, 6.0 ], "rotation": 90 }
			}
		},
		{
			"name": "Hair tile upper part",
			"stepParentName": "Head",
			"from": [ -0.4, -2.0, -0.5 ],
			"to": [ 6.1, 5.5, 5.5 ],
			"autoUnwrap": false,
			"uv": [ 3.0, 9.0 ],
			"rotationOrigin": [ 3.1, 5.5, 2.5 ],
			"faces": {
			}
		}
	]}