{
	"editor": {
		"backDropShape": "entity/humanoid/seraph-hairless",
		"allAngles": true,
		"entityTextureMode": true
	},
	"textureWidth": 48,
	"textureHeight": 48,
	"textureSizes": {
		"hair": [48,48],
		"birch": [16,16]
	},
	"textures": {
		"hair": "entity/humanoid/seraphskinparts/hair/lightgray"
	},
	"elements": [
		{
			"name": "HairOver",
			"stepParentName": "Head",
			"from": [ -0.3, -3.3, -0.2 ],
			"to": [ 6.2, 5.2, 5.2 ],
			"autoUnwrap": false,
			"uv": [ 32.5, 22.0 ],
			"rotationOrigin": [ 2.7, 2.7, 2.5 ],
			"faces": {
			},
			"children": [
				{
					"name": "hair-uncovered",
					"from": [ 0.3, 3.3, 0.2 ],
					"to": [ 0.3, 3.3, 0.2 ],
					"uv": [ 0.0, 0.0 ],
					"rotationOrigin": [ 0.3, 3.3, 0.2 ],
					"faces": {
					},
					"children": [
						{
							"name": "HairBase",
							"stepParentName": "Head",
							"from": [ -0.2, -0.4, -0.1 ],
							"to": [ 5.6, 5.1, 5.1 ],
							"autoUnwrap": false,
							"uv": [ 1.5, 10.5 ],
							"rotationOrigin": [ 2.8, 2.6, 2.5 ],
							"faces": {
								"north": { "texture": "#hair", "uv": [ 3.5, 27.0, 9.0, 32.5 ] },
								"east": { "texture": "#hair", "uv": [ 5.0, 27.0, 10.0, 32.5 ] },
								"south": { "texture": "#hair", "uv": [ 6.0, 27.0, 11.5, 32.5 ] },
								"west": { "texture": "#hair", "uv": [ 5.0, 27.5, 10.0, 33.0 ] }
							},
							"children": [
								{
									"name": "TonsureFront",
									"from": [ -0.3, 3.6, 0.0 ],
									"to": [ -0.3, 5.6, 5.2 ],
									"uv": [ 18.0, 4.5 ],
									"rotationOrigin": [ -0.3, 4.6, 2.6 ],
									"rotationZ": -36.0,
									"faces": {
										"west": { "texture": "#hair", "uv": [ 18.0, 4.5, 23.0, 6.5 ] }
									}
								},
								{
									"name": "TonsureRight",
									"from": [ 0.0, 3.1, -0.3 ],
									"to": [ 5.8, 5.1, -0.3 ],
									"uv": [ 14.5, 4.5 ],
									"rotationOrigin": [ 3.1, 4.1, -0.3 ],
									"rotationX": 36.0,
									"faces": {
										"north": { "texture": "#hair", "uv": [ 14.5, 4.5, 20.0, 6.5 ] }
									}
								},
								{
									"name": "TonsureLeft",
									"from": [ 0.0, 3.1, 5.5 ],
									"to": [ 5.9, 5.1, 5.5 ],
									"uv": [ 16.0, 4.5 ],
									"rotationOrigin": [ 3.1, 4.1, 5.5 ],
									"rotationX": -36.0,
									"faces": {
										"south": { "texture": "#hair", "uv": [ 16.0, 4.5, 21.5, 6.5 ] }
									}
								},
								{
									"name": "TonsureBack",
									"from": [ 6.2, 2.9, 0.0 ],
									"to": [ 6.2, 4.9, 5.2 ],
									"uv": [ 16.0, 4.5 ],
									"rotationOrigin": [ 6.2, 3.9, 2.8 ],
									"rotationZ": 28.0,
									"faces": {
										"east": { "texture": "#hair", "uv": [ 16.0, 4.5, 21.0, 6.5 ] }
									}
								}
							]
						}
					]
				}
			]
		}
	]}