{
	"editor": {
		"allAngles": false,
		"entityTextureMode": false
	},
	"textureWidth": 16,
	"textureHeight": 16,
	"textureSizes": {
	},
	"textures": {
		"stem": "block/plant/bamboo/phyllostachysedulis"
	},
	"elements": [
		{
			"name": "StalkSingular",
			"from": [ 8.0, 0.0, 5.0 ],
			"to": [ 11.0, 16.0, 8.0 ],
			"faces": {
				"north": { "texture": "#stem", "uv": [ 0.0, 0.0, 3.0, 16.0 ], "windMode": [5,5,5,5] },
				"east": { "texture": "#stem", "uv": [ 2.0, 0.0, 5.0, 16.0 ], "windMode": [5,5,5,5] },
				"south": { "texture": "#stem", "uv": [ 0.0, 0.0, 3.0, 16.0 ], "windMode": [5,5,5,5] },
				"west": { "texture": "#stem", "uv": [ 3.0, 0.0, 6.0, 16.0 ], "windMode": [5,5,5,5] },
				"up": { "texture": "#stem", "uv": [ 8.5, 7.5, 11.5, 10.5 ], "windMode": [5,5,5,5] },
				"down": { "texture": "#stem", "uv": [ 8.5, 7.5, 11.5, 10.5 ], "windMode": [5,5,5,5] }
			},
			"children": [
				{
					"name": "Ring",
					"from": [ -0.1, 0.1, -0.1 ],
					"to": [ 3.1, 0.6, 3.1 ],
					"faces": {
						"north": { "texture": "#stem", "uv": [ 0.0, 15.5, 3.0, 16.0 ], "windMode": [5,5,5,5] },
						"east": { "texture": "#stem", "uv": [ 1.5, 15.5, 4.5, 16.0 ], "windMode": [5,5,5,5]},
						"south": { "texture": "#stem", "uv": [ 0.0, 15.5, 3.0, 16.0 ], "windMode": [5,5,5,5] },
						"west": { "texture": "#stem", "uv": [ 1.5, 15.5, 4.5, 16.0 ], "windMode": [5,5,5,5] },
						"up": { "texture": "#stem", "uv": [ 8.0, 7.0, 12.0, 11.0 ], "windMode": [5,5,5,5], "autoUv": false },
						"down": { "texture": "#stem", "uv": [ 8.0, 7.0, 12.0, 11.0 ], "windMode": [5,5,5,5], "autoUv": false }
					}
				},
				{
					"name": "Ring2",
					"from": [ -0.1, 7.6, -0.1 ],
					"to": [ 3.1, 8.1, 3.1 ],
					"faces": {
						"north": { "texture": "#stem", "uv": [ 0.0, 15.5, 3.0, 16.0 ], "windMode": [5,5,5,5] },
						"east": { "texture": "#stem", "uv": [ 1.0, 15.5, 4.0, 16.0 ], "windMode": [5,5,5,5] },
						"south": { "texture": "#stem", "uv": [ 0.0, 15.5, 3.0, 16.0 ], "windMode": [5,5,5,5] },
						"west": { "texture": "#stem", "uv": [ 2.0, 15.5, 5.0, 16.0 ], "windMode": [5,5,5,5] },
						"up": { "texture": "#stem", "uv": [ 8.0, 7.0, 12.0, 11.0 ], "windMode": [5,5,5,5], "autoUv": false },
						"down": { "texture": "#stem", "uv": [ 8.0, 7.0, 12.0, 11.0 ], "windMode": [5,5,5,5], "autoUv": false}
					}
				}
			]
		}
	]}