{
	"textureWidth": 16,
	"textureHeight": 16,
	"textures": {
		"stem": "game:block/plant/bamboo/stem-brown"
	},
	"elements": [
		{
			"name": "FoliageNW",
			"from": [ 1.0, 4.0, 0.0 ], 
			"to": [ 7.0, 10.0, 6.0 ], 
			"climateColorMap": "climatePlantTint", "seasonColorMap": "tropicalKapok",
			"renderPass": 1,
			"windMode": 5,
			"faces": {
				"north": { "windMode": [3,3,3,3], "texture": "#stem", "uv": [ 8.0, 0.0, 14.0, 6.0 ] },
				"east": { "windMode": [3,3,3,3], "texture": "#stem", "uv": [ 8.0, 0.0, 14.0, 6.0 ] },
				"south": { "windMode": [3,3,3,3], "texture": "#stem", "uv": [ 8.0, 0.0, 14.0, 6.0 ] },
				"west": { "windMode": [3,3,3,3], "texture": "#stem", "uv": [ 8.0, 0.0, 14.0, 6.0 ] },
				"up": { "windMode": [3,3,3,3], "texture": "#stem", "uv": [ 8.0, 0.0, 14.0, 6.0 ] },
				"down": { "windMode": [3,3,3,3], "texture": "#stem", "uv": [ 8.0, 0.0, 14.0, 6.0 ], "enabled": false }
			}
		},
		{
			"name": "FoliageSW",
			"from": [ 2.0, 0.1, 9.0 ], 
			"to": [ 8.0, 6.1, 15.0 ], 
			"climateColorMap": "climatePlantTint", "seasonColorMap": "tropicalKapok",
			"renderPass": 1,
			"windMode": 5,
			"faces": {
				"north": { "windMode": [3,3,3,3], "texture": "#stem", "uv": [ 8.0, 0.0, 14.0, 6.0 ] },
				"east": { "windMode": [3,3,3,3], "texture": "#stem", "uv": [ 8.0, 0.0, 14.0, 6.0 ] },
				"south": { "windMode": [3,3,3,3], "texture": "#stem", "uv": [ 8.0, 0.0, 14.0, 6.0 ] },
				"west": { "windMode": [3,3,3,3], "texture": "#stem", "uv": [ 8.0, 0.0, 14.0, 6.0 ] },
				"up": { "windMode": [3,3,3,3], "texture": "#stem", "uv": [ 8.0, 0.0, 14.0, 6.0 ] },
				"down": { "windMode": [3,3,3,3], "texture": "#stem", "uv": [ 8.0, 0.0, 14.0, 6.0 ], "enabled": false }
			}
		},
		{
			"name": "FoliageSE",
			"from": [ 10.0, 8.0, 10.0 ], 
			"to": [ 16.0, 14.0, 16.0 ], 
			"climateColorMap": "climatePlantTint", "seasonColorMap": "tropicalKapok",
			"renderPass": 1,
			"windMode": 5,
			"faces": {
				"north": { "windMode": [3,3,3,3], "texture": "#stem", "uv": [ 8.0, 0.0, 14.0, 6.0 ] },
				"east": { "windMode": [3,3,3,3], "texture": "#stem", "uv": [ 8.0, 0.0, 14.0, 6.0 ] },
				"south": { "windMode": [3,3,3,3], "texture": "#stem", "uv": [ 8.0, 0.0, 14.0, 6.0 ] },
				"west": { "windMode": [3,3,3,3], "texture": "#stem", "uv": [ 8.0, 0.0, 14.0, 6.0 ] },
				"up": { "windMode": [3,3,3,3], "texture": "#stem", "uv": [ 8.0, 0.0, 14.0, 6.0 ] },
				"down": { "windMode": [3,3,3,3], "texture": "#stem", "uv": [ 8.0, 0.0, 14.0, 6.0 ], "enabled": false }
			}
		},
		{
			"name": "FoliageNE",
			"from": [ 8.0, 6.0, 2.0 ], 
			"to": [ 14.0, 12.0, 8.0 ], 
			"climateColorMap": "climatePlantTint", "seasonColorMap": "tropicalKapok",
			"renderPass": 1,
			"windMode": 5,
			"faces": {
				"north": { "windMode": [3,3,3,3], "texture": "#stem", "uv": [ 8.0, 0.0, 14.0, 6.0 ] },
				"east": { "windMode": [3,3,3,3], "texture": "#stem", "uv": [ 8.0, 0.0, 14.0, 6.0 ] },
				"south": { "windMode": [3,3,3,3], "texture": "#stem", "uv": [ 8.0, 0.0, 14.0, 6.0 ] },
				"west": { "windMode": [3,3,3,3], "texture": "#stem", "uv": [ 8.0, 0.0, 14.0, 6.0 ] },
				"up": { "windMode": [3,3,3,3], "texture": "#stem", "uv": [ 8.0, 0.0, 14.0, 6.0 ] },
				"down": { "windMode": [3,3,3,3], "texture": "#stem", "uv": [ 8.0, 0.0, 14.0, 6.0 ], "enabled": false }
			}
		},
		{
			"name": "FoliageSW top",
			"from": [ 2.0, 9.0, 9.0 ], 
			"to": [ 8.0, 15.0, 15.0 ], 
			"climateColorMap": "climatePlantTint", "seasonColorMap": "tropicalKapok",
			"renderPass": 1,
			"windMode": 5,
			"faces": {
				"north": { "windMode": [3,3,3,3], "texture": "#stem", "uv": [ 8.0, 0.0, 14.0, 6.0 ] },
				"east": { "windMode": [3,3,3,3], "texture": "#stem", "uv": [ 8.0, 0.0, 14.0, 6.0 ] },
				"south": { "windMode": [3,3,3,3], "texture": "#stem", "uv": [ 8.0, 0.0, 14.0, 6.0 ] },
				"west": { "windMode": [3,3,3,3], "texture": "#stem", "uv": [ 8.0, 0.0, 14.0, 6.0 ] },
				"up": { "windMode": [3,3,3,3], "texture": "#stem", "uv": [ 8.0, 0.0, 14.0, 6.0 ] },
				"down": { "windMode": [3,3,3,3], "texture": "#stem", "uv": [ 8.0, 0.0, 14.0, 6.0 ], "enabled": false }
			}
		}
	]}