{
	"editor": {
		"backDropShape": "E:/Programs/VSModelCreator/thin",
		"collapsedPaths": "Root/Waist-Quiver/Belt,Root/Bow,Root/Waist-Quiver/Quiver,Root/Sowrd/Handle,Root/Waist-Quiver/Saydak,Root/Waist-Quiver/Sheath/sheath_0,Root/Waist-Quiver/Sheath/sheath_0/Sowrd/Handle2,Root/Waist-Quiver/Quiver/arrow_3,Root/Sword,Root/Waist-Quiver/Quiver/arrow_2,Root/Waist-Quiver/Quiver/arrow_1,Root/Waist-Quiver/Bow,Root/Waist-Belt/Sheath/sheath_0/Sword,Root/Waist/buckle-bottom,Root/Waist-Quiver/Quiver/arrow_0,Root/Waist-Belt/Sheath/sheath_0/Handle2/Guard_2,Root/Waist-Quiver/Sheath/sheath_0/Handle2/Guard_2,Root/Sowrd/Metal",
		"allAngles": true,
		"entityTextureMode": false
	},
	"textureWidth": 16,
	"textureHeight": 16,
	"textureSizes": {
	},
	"textures": {
		"belt-waist-plain-material": "game:block/leather/plain",
		"belt-waist-plain-right-metal": "game:block/metal/plate/steel",
		"belt-waist-plain-metal": "game:block/metal/plate/iron",
		"belt-waist-plain-right-leather": "game:block/leather/plain"
	},
	"elements": [
		{
			"name": "Waist-Belt",
			"stepParentName": "LowerTorso",
			"from": [ -0.5, 1.0, -0.5 ],
			"to": [ 5.6, 2.1, 6.7 ],
			"rotationOrigin": [ 2.5, 1.0, 2.7 ],
			"faces": {
			},
			"children": [
				{
					"name": "Sheath",
					"from": [ 0.0, -0.2, 6.9 ],
					"to": [ 0.0, -0.2, 6.9 ],
					"rotationOrigin": [ 0.0, -0.2, 6.9 ],
					"faces": {
						"north": { "texture": "#belt-waist-plain-material", "uv": [ 0.0, 0.0, 0.5, 0.5 ], "autoUv": false },
						"east": { "texture": "#belt-waist-plain-material", "uv": [ 0.0, 0.0, 0.5, 0.5 ], "autoUv": false },
						"south": { "texture": "#belt-waist-plain-material", "uv": [ 0.0, 0.0, 0.5, 0.5 ], "autoUv": false },
						"west": { "texture": "#belt-waist-plain-material", "uv": [ 0.0, 0.0, 0.5, 0.5 ], "autoUv": false },
						"up": { "texture": "#belt-waist-plain-material", "uv": [ 0.0, 0.0, 0.5, 0.5 ], "autoUv": false },
						"down": { "texture": "#belt-waist-plain-material", "uv": [ 0.0, 0.0, 0.5, 0.5 ], "autoUv": false }
					},
					"children": [
						{
							"name": "sheath_0",
							"from": [ -1.2, -1.2, 1.2 ],
							"to": [ -1.2, -1.2, 1.2 ],
							"rotationOrigin": [ -1.2, -1.2, 1.2 ],
							"rotationX": -13.0,
							"rotationY": 4.0,
							"rotationZ": 63.0,
							"faces": {
								"north": { "texture": "#belt-waist-plain-material", "uv": [ 0.0, 0.0, 0.5, 0.5 ], "autoUv": false },
								"east": { "texture": "#belt-waist-plain-material", "uv": [ 0.0, 0.0, 0.5, 0.5 ], "autoUv": false },
								"south": { "texture": "#belt-waist-plain-material", "uv": [ 0.0, 0.0, 0.5, 0.5 ], "autoUv": false },
								"west": { "texture": "#belt-waist-plain-material", "uv": [ 0.0, 0.0, 0.5, 0.5 ], "autoUv": false },
								"up": { "texture": "#belt-waist-plain-material", "uv": [ 0.0, 0.0, 0.5, 0.5 ], "autoUv": false },
								"down": { "texture": "#belt-waist-plain-material", "uv": [ 0.0, 0.0, 0.5, 0.5 ], "autoUv": false }
							},
							"children": [
								{
									"name": "sheath_1",
									"from": [ 0.2, -20.0, -0.36 ],
									"to": [ 1.0, 0.1, 0.36 ],
									"rotationOrigin": [ 0.2, -20.0, -0.36 ],
									"faces": {
										"north": { "texture": "#belt-waist-plain-material", "uv": [ 0.0, 0.0, 1.0, 16.0 ], "autoUv": false },
										"east": { "texture": "#belt-waist-plain-material", "uv": [ 0.0, 0.0, 0.5, 12.0 ], "autoUv": false },
										"south": { "texture": "#belt-waist-plain-material", "uv": [ 0.0, 0.0, 1.0, 16.0 ], "autoUv": false },
										"west": { "texture": "#belt-waist-plain-material", "uv": [ 0.0, 0.0, 0.5, 12.0 ], "autoUv": false },
										"up": { "texture": "#belt-waist-plain-material", "uv": [ 0.0, 0.0, 1.0, 0.5 ], "autoUv": false },
										"down": { "texture": "#belt-waist-plain-material", "uv": [ 0.0, 0.0, 1.0, 0.5 ], "autoUv": false }
									}
								},
								{
									"name": "sheath_2",
									"from": [ 0.2, -19.9, -0.24 ],
									"to": [ 1.0, -11.9, 0.24 ],
									"rotationOrigin": [ 0.2, -19.9, -0.24 ],
									"rotationZ": 2.0,
									"faces": {
										"north": { "texture": "#belt-waist-plain-material", "uv": [ 6.0, 0.0, 6.5, 8.0 ] },
										"east": { "texture": "#belt-waist-plain-material", "uv": [ 3.5, 0.0, 4.0, 8.0 ] },
										"south": { "texture": "#belt-waist-plain-material", "uv": [ 4.0, 0.0, 4.5, 8.0 ] },
										"west": { "texture": "#belt-waist-plain-material", "uv": [ 4.0, 0.0, 4.5, 8.0 ] },
										"up": { "texture": "#belt-waist-plain-material", "uv": [ 0.0, 0.0, 0.5, 0.5 ] },
										"down": { "texture": "#belt-waist-plain-material", "uv": [ 0.0, 0.0, 0.5, 0.5 ] }
									},
									"children": [
										{
											"name": "sheath_8",
											"from": [ 0.0, 8.0, 0.0 ],
											"to": [ 1.0, 19.8, 0.48 ],
											"rotationOrigin": [ 0.0, 8.0, 0.0 ],
											"rotationZ": -1.0,
											"faces": {
												"north": { "texture": "#belt-waist-plain-material", "uv": [ 6.0, 0.0, 7.0, 11.5 ] },
												"east": { "texture": "#belt-waist-plain-material", "uv": [ 3.5, 0.0, 4.0, 11.5 ] },
												"south": { "texture": "#belt-waist-plain-material", "uv": [ 4.0, 0.0, 5.0, 11.5 ] },
												"west": { "texture": "#belt-waist-plain-material", "uv": [ 4.0, 0.0, 4.5, 11.5 ] },
												"up": { "texture": "#belt-waist-plain-material", "uv": [ 0.0, 0.0, 1.0, 0.5 ] },
												"down": { "texture": "#belt-waist-plain-material", "uv": [ 0.0, 0.0, 1.0, 0.5 ] }
											}
										}
									]
								},
								{
									"name": "Handle2",
									"from": [ 0.6, 1.2, 0.0 ],
									"to": [ 0.6, 1.2, 0.6 ],
									"rotationOrigin": [ 0.6, 1.2, 0.0 ],
									"rotationX": -90.0,
									"faces": {
										"north": { "texture": "#belt-waist-plain-metal", "uv": [ 0.0, 0.0, 0.5, 0.5 ], "autoUv": false },
										"east": { "texture": "#belt-waist-plain-metal", "uv": [ 0.0, 0.0, 1.0, 0.5 ], "autoUv": false },
										"south": { "texture": "#belt-waist-plain-metal", "uv": [ 0.0, 0.0, 0.5, 0.5 ], "autoUv": false },
										"west": { "texture": "#belt-waist-plain-metal", "uv": [ 0.0, 0.0, 1.0, 0.5 ], "autoUv": false },
										"up": { "texture": "#belt-waist-plain-metal", "uv": [ 0.0, 0.0, 0.5, 1.0 ], "autoUv": false },
										"down": { "texture": "#belt-waist-plain-metal", "uv": [ 0.0, 0.0, 0.5, 1.0 ], "autoUv": false }
									},
									"children": [
										{
											"name": "Guard2_",
											"from": [ -0.5, -0.4, -1.48 ],
											"to": [ 0.5, 0.4, -0.96 ],
											"rotationOrigin": [ -0.5, -0.4, -1.48 ],
											"faces": {
												"north": { "texture": "#belt-waist-plain-metal", "uv": [ 13.0, 6.0, 14.0, 6.5 ] },
												"east": { "texture": "#belt-waist-plain-metal", "uv": [ 12.5, 6.0, 13.0, 6.5 ] },
												"south": { "texture": "#belt-waist-plain-metal", "uv": [ 13.5, 5.5, 14.5, 6.0 ] },
												"west": { "texture": "#belt-waist-plain-metal", "uv": [ 12.5, 6.0, 13.0, 6.5 ] },
												"up": { "texture": "#belt-waist-plain-metal", "uv": [ 8.5, 3.5, 9.5, 4.0 ] },
												"down": { "texture": "#belt-waist-plain-metal", "uv": [ 10.5, 3.5, 11.5, 4.0 ] }
											},
											"children": [
												{
													"name": "guard_6_",
													"from": [ 1.0, 0.25, 0.01 ],
													"to": [ 1.5, 0.55, 0.51 ],
													"rotationOrigin": [ 1.0, 0.35, 0.0 ],
													"faces": {
														"north": { "texture": "#belt-waist-plain-metal", "uv": [ 0.0, 0.0, 0.5, 0.5 ] },
														"east": { "texture": "#belt-waist-plain-metal", "uv": [ 10.5, 6.5, 11.0, 7.0 ] },
														"south": { "texture": "#belt-waist-plain-metal", "uv": [ 13.5, 7.5, 14.0, 8.0 ] },
														"west": { "texture": "#belt-waist-plain-metal", "uv": [ 13.0, 5.5, 13.5, 6.0 ] },
														"up": { "texture": "#belt-waist-plain-metal", "uv": [ 14.0, 5.0, 14.5, 5.5 ] },
														"down": { "texture": "#belt-waist-plain-metal", "uv": [ 14.5, 6.0, 15.0, 6.5 ] }
													},
													"children": [
														{
															"name": "guard_7_",
															"from": [ 0.0, 0.3, -0.005 ],
															"to": [ 0.55, 0.55, 0.505 ],
															"rotationOrigin": [ 0.0, 0.55, 0.0 ],
															"rotationZ": -11.0,
															"faces": {
																"north": { "texture": "#belt-waist-plain-metal", "uv": [ 0.0, 0.0, 0.5, 0.5 ] },
																"east": { "texture": "#belt-waist-plain-metal", "uv": [ 0.0, 0.0, 0.5, 0.5 ] },
																"south": { "texture": "#belt-waist-plain-metal", "uv": [ 13.5, 6.5, 14.0, 7.0 ] },
																"west": { "texture": "#belt-waist-plain-metal", "uv": [ 0.0, 0.0, 0.5, 0.5 ] },
																"up": { "texture": "#belt-waist-plain-metal", "uv": [ 13.0, 3.5, 13.5, 4.0 ] },
																"down": { "texture": "#belt-waist-plain-metal", "uv": [ 12.0, 3.5, 12.5, 4.0 ] }
															}
														},
														{
															"name": "guard_8_",
															"from": [ 0.0, -0.25, -0.005 ],
															"to": [ 0.55, 0.0, 0.505 ],
															"rotationOrigin": [ 0.0, -0.25, 0.0 ],
															"rotationZ": 11.0,
															"faces": {
																"north": { "texture": "#belt-waist-plain-metal", "uv": [ 0.0, 0.0, 0.5, 0.5 ] },
																"east": { "texture": "#belt-waist-plain-metal", "uv": [ 0.0, 0.0, 0.5, 0.5 ] },
																"south": { "texture": "#belt-waist-plain-metal", "uv": [ 13.0, 7.0, 13.5, 7.5 ] },
																"west": { "texture": "#belt-waist-plain-metal", "uv": [ 0.0, 0.0, 0.5, 0.5 ] },
																"up": { "texture": "#belt-waist-plain-metal", "uv": [ 10.5, 3.5, 11.0, 4.0 ] },
																"down": { "texture": "#belt-waist-plain-metal", "uv": [ 11.5, 3.5, 12.0, 4.0 ] }
															}
														}
													]
												},
												{
													"name": "guard_9_",
													"from": [ 0.0, 0.35, 0.01 ],
													"to": [ 0.5, 0.65, 0.51 ],
													"rotationOrigin": [ 0.0, 0.45, 0.0 ],
													"rotationZ": 180.0,
													"faces": {
														"north": { "texture": "#belt-waist-plain-metal", "uv": [ 12.5, 6.0, 13.0, 6.5 ] },
														"east": { "texture": "#belt-waist-plain-metal", "uv": [ 11.0, 5.5, 11.5, 6.0 ] },
														"south": { "texture": "#belt-waist-plain-metal", "uv": [ 13.5, 5.5, 14.0, 6.0 ] },
														"west": { "texture": "#belt-waist-plain-metal", "uv": [ 14.0, 6.0, 14.5, 6.5 ] },
														"up": { "texture": "#belt-waist-plain-metal", "uv": [ 14.5, 6.0, 15.0, 6.5 ] },
														"down": { "texture": "#belt-waist-plain-metal", "uv": [ 14.0, 6.0, 14.5, 6.5 ] }
													},
													"children": [
														{
															"name": "guard_10_",
															"from": [ 0.0, 0.3, -0.005 ],
															"to": [ 0.55, 0.55, 0.505 ],
															"rotationOrigin": [ 0.0, 0.55, 0.0 ],
															"rotationZ": -11.0,
															"faces": {
																"north": { "texture": "#belt-waist-plain-metal", "uv": [ 0.0, 0.0, 0.5, 0.5 ] },
																"east": { "texture": "#belt-waist-plain-metal", "uv": [ 0.0, 0.0, 0.5, 0.5 ] },
																"south": { "texture": "#belt-waist-plain-metal", "uv": [ 13.0, 6.0, 13.5, 6.5 ] },
																"west": { "texture": "#belt-waist-plain-metal", "uv": [ 0.0, 0.0, 0.5, 0.5 ] },
																"up": { "texture": "#belt-waist-plain-metal", "uv": [ 13.0, 3.5, 13.5, 4.0 ] },
																"down": { "texture": "#belt-waist-plain-metal", "uv": [ 12.5, 3.5, 13.0, 4.0 ] }
															}
														},
														{
															"name": "guard_11_",
															"from": [ 0.0, -0.25, -0.005 ],
															"to": [ 0.55, 0.0, 0.505 ],
															"rotationOrigin": [ 0.0, -0.25, 0.0 ],
															"rotationZ": 11.0,
															"faces": {
																"north": { "texture": "#belt-waist-plain-metal", "uv": [ 0.0, 0.0, 0.5, 0.5 ] },
																"east": { "texture": "#belt-waist-plain-metal", "uv": [ 0.0, 0.0, 0.5, 0.5 ] },
																"south": { "texture": "#belt-waist-plain-metal", "uv": [ 13.0, 6.0, 13.5, 6.5 ] },
																"west": { "texture": "#belt-waist-plain-metal", "uv": [ -0.5, 0.0, 0.0, 0.5 ] },
																"up": { "texture": "#belt-waist-plain-metal", "uv": [ 11.5, 3.5, 12.0, 4.0 ] },
																"down": { "texture": "#belt-waist-plain-metal", "uv": [ 12.5, 3.5, 13.0, 4.0 ] }
															}
														}
													]
												}
											]
										}
									]
								},
								{
									"name": "sheath_4",
									"from": [ 1.1, -2.4, -0.36 ],
									"to": [ 1.74, -1.8, 0.36 ],
									"rotationOrigin": [ 2.3, -2.4, -0.36 ],
									"rotationZ": -2.0,
									"faces": {
										"north": { "texture": "#belt-waist-plain-metal", "uv": [ 5.5, 0.0, 6.0, 0.5 ], "autoUv": false },
										"east": { "texture": "#belt-waist-plain-metal", "uv": [ 7.0, 0.0, 7.5, 0.5 ], "autoUv": false },
										"south": { "texture": "#belt-waist-plain-metal", "uv": [ 7.0, 0.0, 7.5, 0.5 ], "autoUv": false },
										"west": { "texture": "#belt-waist-plain-metal", "uv": [ 5.5, 0.0, 6.0, 0.5 ], "autoUv": false },
										"up": { "texture": "#belt-waist-plain-metal", "uv": [ 0.0, 0.0, 0.5, 0.5 ], "autoUv": false },
										"down": { "texture": "#belt-waist-plain-metal", "uv": [ 0.0, 0.0, 0.5, 0.5 ], "autoUv": false }
									},
									"children": [
										{
											"name": "sheath_6",
											"from": [ 0.64, 0.0, 0.24 ],
											"to": [ 3.82, 0.6, 0.6 ],
											"rotationOrigin": [ 0.64, 0.0, 0.6 ],
											"rotationY": 12.0,
											"rotationZ": 3.0,
											"faces": {
												"north": { "texture": "#belt-waist-plain-material", "uv": [ 5.5, 0.0, 7.5, 0.5 ], "autoUv": false },
												"east": { "texture": "#belt-waist-plain-material", "uv": [ 7.0, 0.0, 7.5, 0.5 ], "autoUv": false },
												"south": { "texture": "#belt-waist-plain-material", "uv": [ 7.0, 0.0, 9.0, 0.5 ], "autoUv": false },
												"west": { "texture": "#belt-waist-plain-material", "uv": [ 5.5, 0.0, 6.0, 0.5 ], "autoUv": false },
												"up": { "texture": "#belt-waist-plain-material", "uv": [ 0.0, 0.0, 2.0, 0.5 ], "autoUv": false },
												"down": { "texture": "#belt-waist-plain-material", "uv": [ 0.0, 0.0, 2.0, 0.5 ], "autoUv": false }
											}
										}
									]
								},
								{
									"name": "sheath_5",
									"from": [ 1.1, -7.2, -0.36 ],
									"to": [ 1.7, -6.6, 0.36 ],
									"rotationOrigin": [ 2.3, -7.2, -0.36 ],
									"rotationZ": -2.0,
									"faces": {
										"north": { "texture": "#belt-waist-plain-metal", "uv": [ 5.5, 0.0, 6.0, 0.5 ], "autoUv": false },
										"east": { "texture": "#belt-waist-plain-metal", "uv": [ 7.0, 0.0, 7.5, 0.5 ], "autoUv": false },
										"south": { "texture": "#belt-waist-plain-metal", "uv": [ 7.0, 0.0, 7.5, 0.5 ], "autoUv": false },
										"west": { "texture": "#belt-waist-plain-metal", "uv": [ 5.5, 0.0, 6.0, 0.5 ], "autoUv": false },
										"up": { "texture": "#belt-waist-plain-metal", "uv": [ 0.0, 0.0, 0.5, 0.5 ], "autoUv": false },
										"down": { "texture": "#belt-waist-plain-metal", "uv": [ 0.0, 0.0, 0.5, 0.5 ], "autoUv": false }
									},
									"children": [
										{
											"name": "sheath_7",
											"from": [ 0.6, 0.0, 0.12 ],
											"to": [ 5.78, 0.6, 0.48 ],
											"rotationOrigin": [ 0.6, -0.0029, 0.48 ],
											"rotationY": 6.0,
											"rotationZ": 34.0,
											"faces": {
												"north": { "texture": "#belt-waist-plain-material", "uv": [ 5.5, 0.0, 10.5, 0.5 ], "autoUv": false },
												"east": { "texture": "#belt-waist-plain-material", "uv": [ 7.0, 0.0, 7.5, 0.5 ], "autoUv": false },
												"south": { "texture": "#belt-waist-plain-material", "uv": [ 7.0, 0.0, 12.0, 0.5 ], "autoUv": false },
												"west": { "texture": "#belt-waist-plain-material", "uv": [ 5.5, 0.0, 6.0, 0.5 ], "autoUv": false },
												"up": { "texture": "#belt-waist-plain-material", "uv": [ 0.0, 0.0, 5.0, 0.5 ], "autoUv": false },
												"down": { "texture": "#belt-waist-plain-material", "uv": [ 0.0, 0.0, 5.0, 0.5 ], "autoUv": false }
											}
										}
									]
								},
								{
									"name": "sheath_3",
									"from": [ 0.2, -19.9, -0.24 ],
									"to": [ 1.0, -11.9, 0.24 ],
									"rotationOrigin": [ 1.0, -19.9, -0.24 ],
									"rotationZ": -2.0,
									"faces": {
										"north": { "texture": "#belt-waist-plain-material", "uv": [ 6.0, 0.0, 6.5, 8.0 ] },
										"east": { "texture": "#belt-waist-plain-material", "uv": [ 3.5, 0.0, 4.0, 8.0 ] },
										"south": { "texture": "#belt-waist-plain-material", "uv": [ 4.0, 0.0, 4.5, 8.0 ] },
										"west": { "texture": "#belt-waist-plain-material", "uv": [ 4.0, 0.0, 4.5, 8.0 ] },
										"up": { "texture": "#belt-waist-plain-material", "uv": [ 0.0, 0.0, 0.5, 0.5 ] },
										"down": { "texture": "#belt-waist-plain-material", "uv": [ 0.0, 0.0, 0.5, 0.5 ] }
									},
									"children": [
										{
											"name": "sheath_9",
											"from": [ -0.2, 8.0, 0.0 ],
											"to": [ 0.8, 19.8, 0.48 ],
											"rotationOrigin": [ 0.8, 8.0, 0.0 ],
											"rotationZ": 1.0,
											"faces": {
												"north": { "texture": "#belt-waist-plain-material", "uv": [ 6.0, 0.0, 7.0, 11.5 ] },
												"east": { "texture": "#belt-waist-plain-material", "uv": [ 3.5, 0.0, 4.0, 11.5 ] },
												"south": { "texture": "#belt-waist-plain-material", "uv": [ 4.0, 0.0, 5.0, 11.5 ] },
												"west": { "texture": "#belt-waist-plain-material", "uv": [ 4.0, 0.0, 4.5, 11.5 ] },
												"up": { "texture": "#belt-waist-plain-material", "uv": [ 0.0, 0.0, 1.0, 0.5 ] },
												"down": { "texture": "#belt-waist-plain-material", "uv": [ 0.0, 0.0, 1.0, 0.5 ] }
											}
										}
									]
								}
							]
						}
					]
				}
			]
		}
	]}