{
	"editor": {
		"backDropShape": "E:/Programs/VSModelCreator/thin",
		"collapsedPaths": "Root/Waist-Quiver/Belt,Root/Bow,Root/Waist-Quiver/Quiver,Root/Sowrd/Handle,Root/Waist-Quiver/Saydak,Root/Waist-Quiver/Sheath/sheath_0,Root/Waist-Quiver/Sheath/sheath_0/Sowrd/Handle2,Root/Waist-Quiver/Quiver/arrow_3,Root/Waist-Quiver/Quiver/arrow_2,Root/Waist-Quiver/Quiver/arrow_1,Root/Waist-Quiver/Bow,Root/Waist/buckle-bottom,Root/Waist-Quiver/Quiver/arrow_0,Root/Waist-Quiver/Sheath/sheath_0/Handle2/Guard_2,Root/Sowrd/Metal",
		"allAngles": true,
		"entityTextureMode": false
	},
	"textureWidth": 16,
	"textureHeight": 16,
	"textureSizes": {
	},
	"textures": {
		"belt-waist-plain-material": "game:block/leather/plain"
	},
	"elements": [
		{
			"name": "Waist-Belt",
			"stepParentName": "LowerTorso",
			"from": [ -0.5, 1.0, -0.5 ],
			"to": [ 5.6, 2.1, 6.7 ],
			"rotationOrigin": [ 2.5, 1.0, 2.7 ],
			"faces": {
			},
			"children": [
				{
					"name": "sheath_0",
					"from": [ 0.5, 1.0, 0.4 ],
					"to": [ 0.6, 1.9, 0.5 ],
					"rotationOrigin": [ 0.5, 1.0, 0.4 ],
					"faces": {
						"north": { "texture": "#belt-waist-plain-material", "uv": [ 5.5, 6.5, 6.0, 7.0 ] },
						"east": { "texture": "#belt-waist-plain-material", "uv": [ 5.0, 3.5, 5.5, 4.0 ] },
						"south": { "texture": "#belt-waist-plain-material", "uv": [ 4.5, 4.0, 5.0, 4.5 ] },
						"west": { "texture": "#belt-waist-plain-material", "uv": [ 3.0, 3.0, 3.5, 3.5 ] },
						"up": { "texture": "#belt-waist-plain-material", "uv": [ 10.0, 8.5, 10.5, 9.0 ] },
						"down": { "texture": "#belt-waist-plain-material", "uv": [ 1.5, 5.0, 2.0, 5.5 ] }
					}
				}
			]
		}
	]}