{
	"editor": {
		"backDropShape": "E:/Programs/VSModelCreator/thin",
		"collapsedPaths": "Root/Waist-Belt/Pouch_0,Root/Waist-Quiver/Sheath_0,Root/Waist-Quiver/Belt,Root/Bow,Root/Pistol/Ramrod,Root/Waist-Quiver/Quiver,Root/Sowrd/Handle,Root/Waist-Quiver/Saydak,Root/Waist-Quiver/Sheath/sheath_0,Root/Pistol,Root/Waist-Quiver/Sheath/sheath_0/Sowrd/Handle2,Root/Waist-Quiver/Quiver/arrow_3,Root/Waist-Quiver/Quiver/arrow_2,Root/Waist-Quiver/Quiver/arrow_1,Root/Waist-Quiver/Bow,Root/Waist/buckle-bottom,Root/Waist-Quiver/Quiver/arrow_0,Root/Waist-Quiver/Pouch_1,Root/Waist-Quiver/Sheath/sheath_0/Handle2/Guard_2,Root/Waist-Quiver/Pouch_0,Root/Sowrd/Metal,Root/Waist-Belt/Sheath",
		"allAngles": true,
		"entityTextureMode": false
	},
	"textureWidth": 16,
	"textureHeight": 16,
	"textureSizes": {
	},
	"textures": {
		"belt-waist-plain-material": "game:block/leather/plain",
		"belt-waist-plain-metal": "game:block/metal/plate/brass"
	},
	"elements": [
		{
			"name": "Waist-Belt",
			"stepParentName": "LowerTorso",
			"from": [ -0.1, 1.9, -0.2 ],
			"to": [ 5.1, 3.0, 6.2 ],
			"rotationOrigin": [ 2.9, 1.9, 3.0 ],
			"faces": {
			},
			"children": [
				{
					"name": "Sheath_0",
					"from": [ 1.9, -0.4, -2.7 ],
					"to": [ 1.9, -0.4, -2.7 ],
					"rotationOrigin": [ 2.9, 0.1, -0.5 ],
					"rotationX": 4.0,
					"rotationY": -1.0,
					"faces": {
						"north": { "texture": "#belt-waist-plain-material", "uv": [ 0.0, 0.0, 0.5, 0.5 ] },
						"east": { "texture": "#belt-waist-plain-material", "uv": [ 0.0, 0.0, 0.5, 0.5 ] },
						"south": { "texture": "#belt-waist-plain-material", "uv": [ 0.0, 0.0, 0.5, 0.5 ] },
						"west": { "texture": "#belt-waist-plain-material", "uv": [ 0.0, 0.0, 0.5, 0.5 ] },
						"up": { "texture": "#belt-waist-plain-material", "uv": [ 0.0, 0.0, 0.5, 0.5 ] },
						"down": { "texture": "#belt-waist-plain-material", "uv": [ 0.0, 0.0, 0.5, 0.5 ] }
					},
					"children": [
						{
							"name": "Sheath_1",
							"from": [ -1.1, -5.0, 0.8 ],
							"to": [ 1.5, -2.0, 2.2 ],
							"rotationOrigin": [ -1.1, -5.0, 0.8 ],
							"faces": {
								"north": { "texture": "#belt-waist-plain-material", "uv": [ 0.0, 0.0, 2.5, 3.0 ] },
								"east": { "texture": "#belt-waist-plain-material", "uv": [ 0.0, 0.0, 1.0, 3.0 ] },
								"south": { "texture": "#belt-waist-plain-material", "uv": [ 0.0, 0.0, 2.5, 3.0 ] },
								"west": { "texture": "#belt-waist-plain-material", "uv": [ 0.0, 0.0, 1.0, 3.0 ] },
								"up": { "texture": "#belt-waist-plain-material", "uv": [ 0.0, 0.0, 2.5, 1.0 ] },
								"down": { "texture": "#belt-waist-plain-material", "uv": [ 0.0, 0.0, 2.5, 1.0 ] }
							}
						},
						{
							"name": "Sheath_2",
							"from": [ -1.0, -11.0, 1.0 ],
							"to": [ 0.0, -5.0, 2.0 ],
							"rotationOrigin": [ -1.0, -11.0, 1.0 ],
							"faces": {
								"north": { "texture": "#belt-waist-plain-material", "uv": [ 0.0, 0.0, 1.0, 6.0 ] },
								"east": { "texture": "#belt-waist-plain-material", "uv": [ 0.0, 0.0, 1.0, 6.0 ] },
								"south": { "texture": "#belt-waist-plain-material", "uv": [ 0.0, 0.0, 1.0, 6.0 ] },
								"west": { "texture": "#belt-waist-plain-material", "uv": [ 0.0, 0.0, 1.0, 6.0 ] },
								"up": { "texture": "#belt-waist-plain-material", "uv": [ 0.0, 0.0, 1.0, 1.0 ] },
								"down": { "texture": "#belt-waist-plain-material", "uv": [ 0.0, 0.0, 1.0, 1.0 ] }
							}
						},
						{
							"name": "Sheath_3",
							"from": [ -0.5, -11.0, 1.1 ],
							"to": [ 0.0, -4.9, 1.9 ],
							"rotationOrigin": [ 0.0, -11.0, 1.1 ],
							"rotationZ": -5.0,
							"faces": {
								"north": { "texture": "#belt-waist-plain-material", "uv": [ 0.0, 0.0, 0.5, 6.0 ] },
								"east": { "texture": "#belt-waist-plain-material", "uv": [ 0.0, 0.0, 0.5, 6.0 ] },
								"south": { "texture": "#belt-waist-plain-material", "uv": [ 0.0, 0.0, 0.5, 6.0 ] },
								"west": { "texture": "#belt-waist-plain-material", "uv": [ 0.0, 0.0, 0.5, 6.0 ] },
								"up": { "texture": "#belt-waist-plain-material", "uv": [ 0.0, 0.0, 0.5, 0.5 ] },
								"down": { "texture": "#belt-waist-plain-material", "uv": [ 0.0, 0.0, 0.5, 0.5 ] }
							}
						},
						{
							"name": "Sheath_4",
							"from": [ -1.1, -2.0, 2.0 ],
							"to": [ 1.9, 0.5, 2.2 ],
							"rotationOrigin": [ -1.1, -2.0, 2.0 ],
							"faces": {
								"north": { "texture": "#belt-waist-plain-material", "uv": [ 0.0, 0.0, 3.0, 2.5 ] },
								"east": { "texture": "#belt-waist-plain-material", "uv": [ 0.0, 0.0, 0.5, 2.5 ] },
								"south": { "texture": "#belt-waist-plain-material", "uv": [ 0.0, 0.0, 3.0, 2.5 ] },
								"west": { "texture": "#belt-waist-plain-material", "uv": [ 0.0, 0.0, 0.5, 2.5 ] },
								"up": { "texture": "#belt-waist-plain-material", "uv": [ 0.0, 0.0, 3.0, 0.5 ] },
								"down": { "texture": "#belt-waist-plain-material", "uv": [ 0.0, 0.0, 3.0, 0.5 ] }
							},
							"children": [
								{
									"name": "Sheath_7",
									"from": [ 0.4, 1.0, 0.0 ],
									"to": [ 0.8, 3.5, 0.2 ],
									"rotationOrigin": [ 0.4, 1.0, 0.0 ],
									"rotationX": 16.0,
									"faces": {
										"north": { "texture": "#belt-waist-plain-material", "uv": [ 0.0, 0.0, 0.5, 2.5 ] },
										"east": { "texture": "#belt-waist-plain-material", "uv": [ 0.0, 0.0, 0.5, 2.5 ] },
										"south": { "texture": "#belt-waist-plain-material", "uv": [ 0.0, 0.0, 0.5, 2.5 ] },
										"west": { "texture": "#belt-waist-plain-material", "uv": [ 0.0, 0.0, 0.5, 2.5 ] },
										"up": { "texture": "#belt-waist-plain-material", "uv": [ 0.0, 0.0, 0.5, 0.5 ] },
										"down": { "texture": "#belt-waist-plain-material", "uv": [ 0.0, 0.0, 0.5, 0.5 ] }
									}
								},
								{
									"name": "Sheath_8",
									"from": [ 2.4, 1.0, 0.0 ],
									"to": [ 2.8, 3.5, 0.2 ],
									"rotationOrigin": [ 2.4, 1.0, 0.0 ],
									"rotationX": 15.0,
									"faces": {
										"north": { "texture": "#belt-waist-plain-material", "uv": [ 0.0, 0.0, 0.5, 2.5 ] },
										"east": { "texture": "#belt-waist-plain-material", "uv": [ 0.0, 0.0, 0.5, 2.5 ] },
										"south": { "texture": "#belt-waist-plain-material", "uv": [ 0.0, 0.0, 0.5, 2.5 ] },
										"west": { "texture": "#belt-waist-plain-material", "uv": [ 0.0, 0.0, 0.5, 2.5 ] },
										"up": { "texture": "#belt-waist-plain-material", "uv": [ 0.0, 0.0, 0.5, 0.5 ] },
										"down": { "texture": "#belt-waist-plain-material", "uv": [ 0.0, 0.0, 0.5, 0.5 ] }
									}
								}
							]
						},
						{
							"name": "Sheath_5",
							"from": [ -1.2, -2.5, 0.7 ],
							"to": [ 1.6, -2.2, 2.3 ],
							"rotationOrigin": [ -1.2, -2.5, 0.7 ],
							"faces": {
								"north": { "texture": "#belt-waist-plain-metal", "uv": [ 0.0, 0.0, 2.5, 0.5 ] },
								"east": { "texture": "#belt-waist-plain-metal", "uv": [ 0.0, 0.0, 1.5, 0.5 ] },
								"south": { "texture": "#belt-waist-plain-metal", "uv": [ 0.0, 0.0, 2.5, 0.5 ] },
								"west": { "texture": "#belt-waist-plain-metal", "uv": [ 0.0, 0.0, 1.5, 0.5 ] },
								"up": { "texture": "#belt-waist-plain-metal", "uv": [ 0.0, 0.0, 2.5, 1.5 ] },
								"down": { "texture": "#belt-waist-plain-metal", "uv": [ 0.0, 0.0, 2.5, 1.5 ] }
							}
						},
						{
							"name": "Sheath_6",
							"from": [ -1.2, -5.3, 0.7 ],
							"to": [ 0.6, -5.0, 2.3 ],
							"rotationOrigin": [ -1.2, -5.3, 0.7 ],
							"faces": {
								"north": { "texture": "#belt-waist-plain-metal", "uv": [ 0.0, 0.0, 1.5, 0.5 ] },
								"east": { "texture": "#belt-waist-plain-metal", "uv": [ 0.0, 0.0, 1.5, 0.5 ] },
								"south": { "texture": "#belt-waist-plain-metal", "uv": [ 0.0, 0.0, 1.5, 0.5 ] },
								"west": { "texture": "#belt-waist-plain-metal", "uv": [ 0.0, 0.0, 1.5, 0.5 ] },
								"up": { "texture": "#belt-waist-plain-metal", "uv": [ 0.0, 0.0, 1.5, 1.5 ] },
								"down": { "texture": "#belt-waist-plain-metal", "uv": [ 0.0, 0.0, 1.5, 1.5 ] }
							}
						}
					]
				}
			]
		}
	],
	"animations": [
	]
}