{
  "enabled": true,
  "code": "rodmold",
  "variantgroups": [
    { "code": "materialtype", "states": ["burned", "raw"] }
  ],
  "classByType": {
    "*-burned": "BlockToolMold",
	"*-raw": "Block"
  },
  "behaviorsByType": {
    "*-raw": [
      {
        "name": "GroundStorable",
        "properties": { "layout": "SingleCenter" }
      },
	  {
        "name": "Unplaceable",
	  },
      {
        "name": "RightClickPickup"
      },
      {
        "name": "UnstableFalling"
      }
    ],
    "*": [{ "name": "UnstableFalling" }]
  },
  "attributesByType": {
    "*-burned": {
      "requiredUnits": 400,
      "moldrackable": false,
      "fillHeight": 1,
      "fillQuadsByLevel": [
        { "x1": 2, "z1": 2, "x2": 14, "z2": 14 },
      ],
      "drop": { "type": "item", "code": "game:rod-{metal}", "quantity": 4 }
    }
  },
  "entityClassByType": {
    "*-burned": "ToolMold"
  },
  "combustiblePropsByType": {
    "*-raw": {
      "meltingPoint": 650,
      "meltingDuration": 45,
      "smeltedRatio": 1,
      "smeltingType": "fire",
      "smeltedStack": { "type": "block", "code": "molds:rodmold-burned" },
      "requiresContainer": false
    }
  },
  "blockmaterial": "Ceramic",
  "creativeinventory": { "general": ["*"], "Molds": ["*"] },
  "replaceable": 700,
  "resistance": 2,
  "maxStackSize": 1,
  "lightAbsorption": 0,
  "shapeByType": {
    "*-raw": {
      "base": "molds:block/clay/mold/rod-raw",
    },
	"*-burned": {
      "base": "molds:block/clay/mold/rod-burned",
      "rotateY": 90
    }
  },
  "sounds": {
    "break": "game:block/chandelier-break",
    "hit": "game:block/chandelier-hit"
  },
  "collisionboxByType": {
    "*": { "x1": 0, "y1": 0, "z1": 0, "x2": 1, "y2": 0.1875, "z2": 1 },
  },
  "selectionboxByType": {
    "*": { "x1": 0.09, "y1": 0, "z1": 0.09, "x2": 0.9, "y2": 0.11, "z2": 0.9 }
  },
  "sideopaque": {
    "all": false
  },
  "sidesolid": {
    "all": false
  },
  "heldTpIdleAnimationByType": {
    "*": "holdbothhands"
  },
  "heldTpUseAnimationByType": {
    "*": "twohandplaceblock"
  },
  "guiTransformByType": {
    "*": {
      "translation": { "x": 0, "y": 3, "z": 0 },
      "origin": { "x": 0.5, "y": 0.1, "z": 0.5 },
      "scale": 1.33
    }
  },
  "tpHandTransformByType": {
    "*": {
      "translation": { "x": -0.97, "y": -0.1, "z": -0.65 },
      "rotation": { "x": -51, "y": 23, "z": -114 },
      "origin": { "x": 0.5, "y": 0.125, "z": 0.5 },
      "scale": 0.56
    }
  },
  "fpHandTransformByType": {
    "*": {
      "translation": { "x": -0.3, "y": 0, "z": 0.5 },
      "rotation": { "x": 16, "y": -50, "z": 1 },
      "origin": { "x": 0.5, "y": 0.125, "z": 0.5 }
    }
  },
  "groundTransform": {
    "translation": { "x": 0, "y": 0, "z": 0 },
    "rotation": { "x": 0, "y": -45, "z": 0 },
    "origin": { "x": 0.5, "y": 0, "z": 0.5 },
    "scale": 2.2
  }
}
