{
    "inheritFrom": "vanvar:blocktypes/roofing/sod/slantedroofingcorner-inner",
    "code": "slantedroofingcornerinner",
    "variantgroups": [
        //
        { "code": "type", "states": ["sod"] },
        { "code": "material", "loadFromProperties": "wildcrafttree:block/wood" },
        { "loadFromProperties": "abstract/horizontalorientation" },
        { "code": "cover", "states": ["free", "snow"] }
    ],
    "attributes": { "fromVanVarMod": true },
    "textures": {
        "aged-top": { "base": "wildcrafttree:block/wood/planks/{material}1" },
        "aged1": { "base": "wildcrafttree:block/wood/planks/{material}1" },
        "aged-side": { "base": "wildcrafttree:block/wood/planks/{material}1" }
    }
}
