{
    "inheritFrom": "vanvar:blocktypes/roofing/sod/slantedroofingridge",
    "code": "slantedroofingridge",
    "variantgroups": [
        { "code": "type", "states": ["sod"] },
        { "code": "material", "loadFromProperties": "wildcrafttree:block/wood" },
        { "code": "orientation", "states": ["ns", "we"] },
        { "code": "cover", "states": ["free", "snow"] }
    ],
    "attributes": { "fromVanVarMod": true },
    "textures": {
        "aged-top": { "base": "wildcrafttree:block/wood/planks/{material}1" },
        "aged1": { "base": "wildcrafttree:block/wood/planks/{material}1" },
        "aged-side": { "base": "wildcrafttree:block/wood/planks/{material}1" }
    }
}
