{
	"editor": {
		"backDropShape": "E:/Programs/VSModelCreator/seraph-hairless",
		"collapsedPaths": "Root/Head-Light/head_light_4/head_light_6/head_light_9,Root/Waist-Quiver/Belt,Root/Head-Light/head_light_4/head_light_6/head_light_31,Root/Head-Light/head_light_4/head_light_6/head_light_7,Root/Waist-Quiver/Quiver/arrow_3,Root/Waist-Quiver/Quiver/arrow_2,Root/Waist-Quiver/Quiver/arrow_1,Root/Waist/buckle-bottom,Root/Waist-Quiver/Quiver/arrow_0,Root/Head-Light/head_light_4/head_light_6/head_light_11,Root/Head-Light/head_light_4/head_light_6/head_light_13,Root/Head-Light/head_light_4/head_light_6/head_light_23,Root/Head-Light/head_light_4/head_light_6/head_light_15",
		"allAngles": false,
		"entityTextureMode": false
	},
	"textureWidth": 16,
	"textureHeight": 16,
	"textureSizes": {
	},
	"textures": {
		"wearablelight-head-plain-oillamp-clay": "game:block/clay/hardened/blue",
		"wearablelight-head-plain-oillamp-rope": "game:block/cloth/reedrope",
		"wearablelight-head-plain-oillamp-fire": "game:block/fire"
	},
	"elements": [
		{
			"name": "Head-Light",
			"stepParentName": "Head",
			"from": [ 2.5, 4.0, 2.5 ],
			"to": [ 2.5, 4.0, 2.5 ],
			"rotationOrigin": [ 2.5, 4.0, 2.5 ],
			"faces": {
				"north": { "texture": "#wearablelight-head-plain-oillamp-rope", "uv": [ 0.0, 0.0, 0.5, 0.5 ] },
				"east": { "texture": "#wearablelight-head-plain-oillamp-rope", "uv": [ 0.0, 0.0, 0.5, 0.5 ] },
				"south": { "texture": "#wearablelight-head-plain-oillamp-rope", "uv": [ 0.0, 0.0, 0.5, 0.5 ] },
				"west": { "texture": "#wearablelight-head-plain-oillamp-rope", "uv": [ 0.0, 0.0, 0.5, 0.5 ] },
				"up": { "texture": "#wearablelight-head-plain-oillamp-rope", "uv": [ 0.0, 0.0, 0.5, 0.5 ] },
				"down": { "texture": "#wearablelight-head-plain-oillamp-rope", "uv": [ 0.0, 0.0, 0.5, 0.5 ] }
			},
			"children": [
				{
					"name": "head_light_0",
					"from": [ -3.0, -0.5, -3.0 ],
					"to": [ -2.5, 0.5, 3.0 ],
					"rotationOrigin": [ -3.0, -0.5, -3.0 ],
					"faces": {
						"north": { "texture": "#wearablelight-head-plain-oillamp-rope", "uv": [ 1.0, 0.0, 1.5, 1.0 ] },
						"east": { "texture": "#wearablelight-head-plain-oillamp-rope", "uv": [ 0.0, 0.0, 6.0, 1.0 ] },
						"south": { "texture": "#wearablelight-head-plain-oillamp-rope", "uv": [ 1.0, 0.0, 1.5, 1.0 ] },
						"west": { "texture": "#wearablelight-head-plain-oillamp-rope", "uv": [ 0.0, 0.0, 6.0, 1.0 ] },
						"up": { "texture": "#wearablelight-head-plain-oillamp-rope", "uv": [ 0.0, 0.0, 0.5, 6.0 ] },
						"down": { "texture": "#wearablelight-head-plain-oillamp-rope", "uv": [ 0.0, 0.0, 0.5, 6.0 ] }
					}
				},
				{
					"name": "head_light_1",
					"from": [ 3.0, -0.5, -3.0 ],
					"to": [ 3.5, 0.5, 3.0 ],
					"rotationOrigin": [ 3.0, -0.5, -3.0 ],
					"faces": {
						"north": { "texture": "#wearablelight-head-plain-oillamp-rope", "uv": [ 1.0, 0.0, 1.5, 1.0 ] },
						"east": { "texture": "#wearablelight-head-plain-oillamp-rope", "uv": [ 0.0, 0.0, 6.0, 1.0 ] },
						"south": { "texture": "#wearablelight-head-plain-oillamp-rope", "uv": [ 1.0, 0.0, 1.5, 1.0 ] },
						"west": { "texture": "#wearablelight-head-plain-oillamp-rope", "uv": [ 0.0, 0.0, 6.0, 1.0 ] },
						"up": { "texture": "#wearablelight-head-plain-oillamp-rope", "uv": [ 0.0, 0.0, 0.5, 6.0 ] },
						"down": { "texture": "#wearablelight-head-plain-oillamp-rope", "uv": [ 0.0, 0.0, 0.5, 6.0 ] }
					}
				},
				{
					"name": "head_light_2",
					"from": [ -2.5, -0.5, -3.0 ],
					"to": [ 3.0, 0.5, -2.5 ],
					"rotationOrigin": [ -2.5, -0.5, -3.0 ],
					"faces": {
						"north": { "texture": "#wearablelight-head-plain-oillamp-rope", "uv": [ 0.0, 0.0, 5.5, 1.0 ] },
						"east": { "texture": "#wearablelight-head-plain-oillamp-rope", "uv": [ 0.0, 0.0, 0.5, 1.0 ] },
						"south": { "texture": "#wearablelight-head-plain-oillamp-rope", "uv": [ 0.0, 0.0, 5.5, 1.0 ] },
						"west": { "texture": "#wearablelight-head-plain-oillamp-rope", "uv": [ 0.0, 0.0, 0.5, 1.0 ] },
						"up": { "texture": "#wearablelight-head-plain-oillamp-rope", "uv": [ 0.0, 0.0, 5.5, 0.5 ] },
						"down": { "texture": "#wearablelight-head-plain-oillamp-rope", "uv": [ 0.0, 0.0, 5.5, 0.5 ] }
					}
				},
				{
					"name": "head_light_3",
					"from": [ -2.5, -0.5, 2.5 ],
					"to": [ 3.0, 0.5, 3.0 ],
					"rotationOrigin": [ -2.5, -0.5, 2.5 ],
					"faces": {
						"north": { "texture": "#wearablelight-head-plain-oillamp-rope", "uv": [ 0.0, 0.0, 5.5, 1.0 ] },
						"east": { "texture": "#wearablelight-head-plain-oillamp-rope", "uv": [ 0.0, 0.0, 0.5, 1.0 ] },
						"south": { "texture": "#wearablelight-head-plain-oillamp-rope", "uv": [ 0.0, 0.0, 5.5, 1.0 ] },
						"west": { "texture": "#wearablelight-head-plain-oillamp-rope", "uv": [ 0.0, 0.0, 0.5, 1.0 ] },
						"up": { "texture": "#wearablelight-head-plain-oillamp-rope", "uv": [ 0.0, 0.0, 5.5, 0.5 ] },
						"down": { "texture": "#wearablelight-head-plain-oillamp-rope", "uv": [ 0.0, 0.0, 5.5, 0.5 ] }
					}
				},
				{
					"name": "head_light_5",
					"from": [ -4.2, -0.8, -0.5 ],
					"to": [ -3.2, 0.7, 0.5 ],
					"rotationOrigin": [ -4.2, -0.8, -0.5 ],
					"faces": {
						"north": { "texture": "#wearablelight-head-plain-oillamp-clay", "uv": [ 0.0, 0.0, 1.0, 1.5 ] },
						"east": { "texture": "#wearablelight-head-plain-oillamp-clay", "uv": [ 0.0, 0.0, 1.0, 1.5 ] },
						"south": { "texture": "#wearablelight-head-plain-oillamp-clay", "uv": [ 0.0, 0.0, 1.0, 1.5 ] },
						"west": { "texture": "#wearablelight-head-plain-oillamp-clay", "uv": [ 0.0, 0.0, 1.0, 1.5 ] },
						"up": { "texture": "#wearablelight-head-plain-oillamp-clay", "uv": [ 0.0, 0.0, 1.0, 1.0 ] },
						"down": { "texture": "#wearablelight-head-plain-oillamp-clay", "uv": [ 0.0, 0.0, 1.0, 1.0 ] }
					},
					"children": [
						{
							"name": "head_light_39",
							"from": [ 0.0, 0.0, 0.3 ],
							"to": [ 0.4, 0.8, 0.7 ],
							"rotationOrigin": [ 0.0, 0.0, 0.3 ],
							"rotationZ": 45.0,
							"faces": {
								"north": { "texture": "#wearablelight-head-plain-oillamp-clay", "uv": [ 0.0, 0.0, 0.5, 0.5 ] },
								"east": { "texture": "#wearablelight-head-plain-oillamp-clay", "uv": [ 0.0, 0.0, 0.5, 0.5 ] },
								"south": { "texture": "#wearablelight-head-plain-oillamp-clay", "uv": [ 0.0, 0.0, 0.5, 0.5 ] },
								"west": { "texture": "#wearablelight-head-plain-oillamp-clay", "uv": [ 0.0, 0.0, 0.5, 0.5 ] },
								"up": { "texture": "#wearablelight-head-plain-oillamp-clay", "uv": [ 0.0, 0.0, 0.5, 0.5 ], "glow": 150 },
								"down": { "texture": "#wearablelight-head-plain-oillamp-clay", "uv": [ 0.0, 0.0, 0.5, 0.5 ] }
							},
							"children": [
								{
									"name": "head_light_41",
									"from": [ 0.0, 0.8, 0.0 ],
									"to": [ 0.4, 1.6, 0.4 ],
									"rotationOrigin": [ 0.0, 0.8, 0.0 ],
									"rotationZ": -45.0,
									"faces": {
										"north": { "texture": "#wearablelight-head-plain-oillamp-clay", "uv": [ 0.0, 0.0, 0.5, 0.5 ] },
										"east": { "texture": "#wearablelight-head-plain-oillamp-clay", "uv": [ 0.0, 0.0, 0.5, 0.5 ] },
										"south": { "texture": "#wearablelight-head-plain-oillamp-clay", "uv": [ 0.0, 0.0, 0.5, 0.5 ] },
										"west": { "texture": "#wearablelight-head-plain-oillamp-clay", "uv": [ 0.0, 0.0, 0.5, 0.5 ] },
										"up": { "texture": "#wearablelight-head-plain-oillamp-clay", "uv": [ 0.0, 0.0, 0.5, 0.5 ], "glow": 150 },
										"down": { "texture": "#wearablelight-head-plain-oillamp-clay", "uv": [ 0.0, 0.0, 0.5, 0.5 ] }
									},
									"children": [
										{
											"name": "head_light_42",
											"from": [ 0.1, 0.6, 0.1 ],
											"to": [ 0.3, 1.0, 0.3 ],
											"rotationOrigin": [ 0.1, 0.6, 0.1 ],
											"faces": {
												"north": { "texture": "#wearablelight-head-plain-oillamp-fire", "uv": [ 0.0, 0.0, 1.0, 2.0 ], "glow": 255, "autoUv": false },
												"east": { "texture": "#wearablelight-head-plain-oillamp-fire", "uv": [ 0.0, 0.0, 0.5, 0.5 ] },
												"south": { "texture": "#wearablelight-head-plain-oillamp-fire", "uv": [ 0.0, 0.0, 1.0, 2.0 ], "glow": 255, "autoUv": false },
												"west": { "texture": "#wearablelight-head-plain-oillamp-fire", "uv": [ 0.0, 0.0, 1.0, 2.0 ], "glow": 255, "autoUv": false },
												"up": { "texture": "#wearablelight-head-plain-oillamp-fire", "uv": [ 0.0, 0.0, 1.0, 1.0 ], "glow": 255, "autoUv": false },
												"down": { "texture": "#wearablelight-head-plain-oillamp-fire", "uv": [ 0.0, 0.0, 0.5, 0.5 ] }
											}
										}
									]
								}
							]
						},
						{
							"name": "head_light_6",
							"from": [ -0.1, 1.5, -0.1 ],
							"to": [ 1.1, 1.7, 1.1 ],
							"rotationOrigin": [ -0.1, 1.5, -0.1 ],
							"faces": {
								"north": { "texture": "#wearablelight-head-plain-oillamp-clay", "uv": [ 0.0, 0.0, 1.0, 0.5 ] },
								"east": { "texture": "#wearablelight-head-plain-oillamp-clay", "uv": [ 0.0, 0.0, 1.0, 0.5 ] },
								"south": { "texture": "#wearablelight-head-plain-oillamp-clay", "uv": [ 0.0, 0.0, 1.0, 0.5 ] },
								"west": { "texture": "#wearablelight-head-plain-oillamp-clay", "uv": [ 0.0, 0.0, 1.0, 0.5 ], "glow": 100 },
								"up": { "texture": "#wearablelight-head-plain-oillamp-clay", "uv": [ 0.0, 0.0, 1.0, 1.0 ] },
								"down": { "texture": "#wearablelight-head-plain-oillamp-clay", "uv": [ 0.0, 0.0, 1.0, 1.0 ] }
							}
						},
						{
							"name": "head_light_7",
							"from": [ 0.3, 1.7, 0.3 ],
							"to": [ 0.7, 2.1, 0.7 ],
							"rotationOrigin": [ 0.3, 1.7, 0.3 ],
							"faces": {
								"north": { "texture": "#wearablelight-head-plain-oillamp-clay", "uv": [ 0.0, 0.0, 0.5, 0.5 ] },
								"east": { "texture": "#wearablelight-head-plain-oillamp-clay", "uv": [ 0.0, 0.0, 0.5, 0.5 ] },
								"south": { "texture": "#wearablelight-head-plain-oillamp-clay", "uv": [ 0.0, 0.0, 0.5, 0.5 ] },
								"west": { "texture": "#wearablelight-head-plain-oillamp-clay", "uv": [ 0.0, 0.0, 0.5, 0.5 ], "glow": 20 },
								"up": { "texture": "#wearablelight-head-plain-oillamp-clay", "uv": [ 0.0, 0.0, 0.5, 0.5 ] },
								"down": { "texture": "#wearablelight-head-plain-oillamp-clay", "uv": [ 0.0, 0.0, 0.5, 0.5 ] }
							}
						},
						{
							"name": "head_light_4",
							"from": [ -0.1, 0.8, -0.2 ],
							"to": [ 1.2, 1.3, 1.2 ],
							"rotationOrigin": [ -0.1, 0.8, -0.2 ],
							"faces": {
								"north": { "texture": "#wearablelight-head-plain-oillamp-rope", "uv": [ 0.0, 0.0, 1.0, 0.5 ] },
								"east": { "texture": "#wearablelight-head-plain-oillamp-rope", "uv": [ 0.0, 0.0, 1.0, 0.5 ] },
								"south": { "texture": "#wearablelight-head-plain-oillamp-rope", "uv": [ 0.0, 0.0, 1.0, 0.5 ] },
								"west": { "texture": "#wearablelight-head-plain-oillamp-rope", "uv": [ 0.0, 0.0, 1.0, 0.5 ] },
								"up": { "texture": "#wearablelight-head-plain-oillamp-rope", "uv": [ 0.0, 0.0, 1.0, 1.0 ] },
								"down": { "texture": "#wearablelight-head-plain-oillamp-rope", "uv": [ 0.0, 0.0, 1.0, 1.0 ] }
							}
						},
						{
							"name": "head_light_11",
							"from": [ 0.1, 0.8, -0.19 ],
							"to": [ 1.4, 1.3, 1.19 ],
							"rotationOrigin": [ 0.1, 0.8, -0.2 ],
							"rotationZ": -22.0,
							"faces": {
								"north": { "texture": "#wearablelight-head-plain-oillamp-rope", "uv": [ 5.0, 4.5, 6.0, 5.0 ] },
								"east": { "texture": "#wearablelight-head-plain-oillamp-rope", "uv": [ 4.5, 2.5, 5.5, 3.0 ] },
								"south": { "texture": "#wearablelight-head-plain-oillamp-rope", "uv": [ 4.5, 4.5, 5.5, 5.0 ] },
								"west": { "texture": "#wearablelight-head-plain-oillamp-rope", "uv": [ 5.0, 2.0, 6.0, 2.5 ] },
								"up": { "texture": "#wearablelight-head-plain-oillamp-rope", "uv": [ 4.0, 2.0, 5.0, 3.0 ] },
								"down": { "texture": "#wearablelight-head-plain-oillamp-rope", "uv": [ 7.5, 3.5, 8.5, 4.5 ] }
							}
						}
					]
				},
				{
					"name": "head_light_8",
					"from": [ -2.5, 1.0, -0.5 ],
					"to": [ 3.0, 1.5, 0.5 ],
					"rotationOrigin": [ -2.5, 1.0, -0.5 ],
					"faces": {
						"north": { "texture": "#wearablelight-head-plain-oillamp-rope", "uv": [ 0.0, 0.0, 5.5, 0.5 ] },
						"east": { "texture": "#wearablelight-head-plain-oillamp-rope", "uv": [ 0.0, 0.0, 1.0, 0.5 ] },
						"south": { "texture": "#wearablelight-head-plain-oillamp-rope", "uv": [ 0.0, 0.0, 5.5, 0.5 ] },
						"west": { "texture": "#wearablelight-head-plain-oillamp-rope", "uv": [ 0.0, 0.0, 1.0, 0.5 ] },
						"up": { "texture": "#wearablelight-head-plain-oillamp-rope", "uv": [ 0.0, 0.0, 5.5, 1.0 ] },
						"down": { "texture": "#wearablelight-head-plain-oillamp-rope", "uv": [ 0.0, 0.0, 5.5, 1.0 ] }
					}
				},
				{
					"name": "head_light_9",
					"from": [ 3.0, 0.5, -0.5 ],
					"to": [ 3.5, 1.5, 0.5 ],
					"rotationOrigin": [ 3.0, 0.5, -0.5 ],
					"faces": {
						"north": { "texture": "#wearablelight-head-plain-oillamp-rope", "uv": [ 0.0, 0.0, 0.5, 1.0 ] },
						"east": { "texture": "#wearablelight-head-plain-oillamp-rope", "uv": [ 0.0, 0.0, 1.0, 1.0 ] },
						"south": { "texture": "#wearablelight-head-plain-oillamp-rope", "uv": [ 0.0, 0.0, 0.5, 1.0 ] },
						"west": { "texture": "#wearablelight-head-plain-oillamp-rope", "uv": [ 0.0, 0.0, 1.0, 1.0 ] },
						"up": { "texture": "#wearablelight-head-plain-oillamp-rope", "uv": [ 1.0, 0.0, 1.5, 1.0 ] },
						"down": { "texture": "#wearablelight-head-plain-oillamp-rope", "uv": [ 0.0, 0.0, 0.5, 1.0 ] }
					}
				},
				{
					"name": "head_light_10",
					"from": [ -3.0, 0.5, -0.5 ],
					"to": [ -2.5, 1.5, 0.5 ],
					"rotationOrigin": [ -3.0, 0.5, -0.5 ],
					"faces": {
						"north": { "texture": "#wearablelight-head-plain-oillamp-rope", "uv": [ 0.0, 0.0, 0.5, 1.0 ] },
						"east": { "texture": "#wearablelight-head-plain-oillamp-rope", "uv": [ 0.0, 0.0, 1.0, 1.0 ] },
						"south": { "texture": "#wearablelight-head-plain-oillamp-rope", "uv": [ 0.0, 0.0, 0.5, 1.0 ] },
						"west": { "texture": "#wearablelight-head-plain-oillamp-rope", "uv": [ 0.0, 0.0, 1.0, 1.0 ] },
						"up": { "texture": "#wearablelight-head-plain-oillamp-rope", "uv": [ 1.0, 0.0, 1.5, 1.0 ] },
						"down": { "texture": "#wearablelight-head-plain-oillamp-rope", "uv": [ 0.0, 0.0, 0.5, 1.0 ] }
					}
				}
			]
		}
	]}