{
	"editor": {
		"backDropShape": "E:/Programs/VSModelCreator/seraph-hairless",
		"collapsedPaths": "Root/Head-Light/head_light_4/head_light_6/head_light_9,Root/Head-Light/head_light_4/head_light_6,Root/Waist-Quiver/Belt,Root/Waist-Quiver/Quiver/arrow_3,Root/Waist-Quiver/Quiver/arrow_2,Root/Waist-Quiver/Quiver/arrow_1,Root/Waist/buckle-bottom,Root/Waist-Quiver/Quiver/arrow_0,Root/Head-Light/head_light_4/head_light_6/head_light_11,Root/Head-Light/head_light_4/head_light_6/head_light_13",
		"allAngles": false,
		"entityTextureMode": false
	},
	"textureWidth": 16,
	"textureHeight": 16,
	"textureSizes": {
	},
	"textures": {
		"wearablelight-head-plain-oillamp-candle": "game:block/candle",
		"wearablelight-head-plain-oillamp-leather": "game:block/leather/plain",
		"wearablelight-head-plain-oillamp-metal": "game:block/metal/plate/brass",
		"wearablelight-head-plain-oillamp-lining": "game:block/metal/plate/brass"
	},
	"elements": [
		{
			"name": "Head-Light",
			"stepParentName": "Head",
			"from": [ 2.5, 4.2, 2.5 ],
			"to": [ 2.5, 4.2, 2.5 ],
			"rotationOrigin": [ 2.5, 4.2, 2.5 ],
			"faces": {
				"north": { "texture": "#wearablelight-head-plain-oillamp-leather", "uv": [ 0.0, 0.0, 0.5, 0.5 ] },
				"east": { "texture": "#wearablelight-head-plain-oillamp-leather", "uv": [ 0.0, 0.0, 0.5, 0.5 ] },
				"south": { "texture": "#wearablelight-head-plain-oillamp-leather", "uv": [ 0.0, 0.0, 0.5, 0.5 ] },
				"west": { "texture": "#wearablelight-head-plain-oillamp-leather", "uv": [ 0.0, 0.0, 0.5, 0.5 ] },
				"up": { "texture": "#wearablelight-head-plain-oillamp-leather", "uv": [ 0.0, 0.0, 0.5, 0.5 ] },
				"down": { "texture": "#wearablelight-head-plain-oillamp-leather", "uv": [ 0.0, 0.0, 0.5, 0.5 ] }
			},
			"children": [
				{
					"name": "head_light_0",
					"from": [ -3.0, -0.5, -3.0 ],
					"to": [ -2.5, 0.5, 3.0 ],
					"rotationOrigin": [ -3.0, -0.5, -3.0 ],
					"faces": {
						"north": { "texture": "#wearablelight-head-plain-oillamp-leather", "uv": [ 0.0, 0.0, 0.5, 1.0 ] },
						"east": { "texture": "#wearablelight-head-plain-oillamp-leather", "uv": [ 0.0, 0.0, 6.0, 1.0 ] },
						"south": { "texture": "#wearablelight-head-plain-oillamp-leather", "uv": [ 0.0, 0.0, 0.5, 1.0 ] },
						"west": { "texture": "#wearablelight-head-plain-oillamp-leather", "uv": [ 0.0, 0.0, 6.0, 1.0 ] },
						"up": { "texture": "#wearablelight-head-plain-oillamp-leather", "uv": [ 0.0, 0.0, 0.5, 6.0 ] },
						"down": { "texture": "#wearablelight-head-plain-oillamp-leather", "uv": [ 0.0, 0.0, 0.5, 6.0 ] }
					}
				},
				{
					"name": "head_light_1",
					"from": [ 3.0, -0.5, -3.0 ],
					"to": [ 3.5, 0.5, 3.0 ],
					"rotationOrigin": [ 3.0, -0.5, -3.0 ],
					"faces": {
						"north": { "texture": "#wearablelight-head-plain-oillamp-leather", "uv": [ 0.0, 0.0, 0.5, 1.0 ] },
						"east": { "texture": "#wearablelight-head-plain-oillamp-leather", "uv": [ 0.0, 0.0, 6.0, 1.0 ] },
						"south": { "texture": "#wearablelight-head-plain-oillamp-leather", "uv": [ 0.0, 0.0, 0.5, 1.0 ] },
						"west": { "texture": "#wearablelight-head-plain-oillamp-leather", "uv": [ 0.0, 0.0, 6.0, 1.0 ] },
						"up": { "texture": "#wearablelight-head-plain-oillamp-leather", "uv": [ 0.0, 0.0, 0.5, 6.0 ] },
						"down": { "texture": "#wearablelight-head-plain-oillamp-leather", "uv": [ 0.0, 0.0, 0.5, 6.0 ] }
					}
				},
				{
					"name": "head_light_2",
					"from": [ -2.5, -0.5, -3.0 ],
					"to": [ 3.0, 0.5, -2.5 ],
					"rotationOrigin": [ -2.5, -0.5, -3.0 ],
					"faces": {
						"north": { "texture": "#wearablelight-head-plain-oillamp-leather", "uv": [ 0.0, 0.0, 5.5, 1.0 ] },
						"east": { "texture": "#wearablelight-head-plain-oillamp-leather", "uv": [ 0.0, 0.0, 0.5, 1.0 ] },
						"south": { "texture": "#wearablelight-head-plain-oillamp-leather", "uv": [ 0.0, 0.0, 5.5, 1.0 ] },
						"west": { "texture": "#wearablelight-head-plain-oillamp-leather", "uv": [ 0.0, 0.0, 0.5, 1.0 ] },
						"up": { "texture": "#wearablelight-head-plain-oillamp-leather", "uv": [ 0.0, 0.0, 5.5, 0.5 ] },
						"down": { "texture": "#wearablelight-head-plain-oillamp-leather", "uv": [ 0.0, 0.0, 5.5, 0.5 ] }
					}
				},
				{
					"name": "head_light_3",
					"from": [ -2.5, -0.5, 2.5 ],
					"to": [ 3.0, 0.5, 3.0 ],
					"rotationOrigin": [ -2.5, -0.5, 2.5 ],
					"faces": {
						"north": { "texture": "#wearablelight-head-plain-oillamp-leather", "uv": [ 0.0, 0.0, 5.5, 1.0 ] },
						"east": { "texture": "#wearablelight-head-plain-oillamp-leather", "uv": [ 0.0, 0.0, 0.5, 1.0 ] },
						"south": { "texture": "#wearablelight-head-plain-oillamp-leather", "uv": [ 0.0, 0.0, 5.5, 1.0 ] },
						"west": { "texture": "#wearablelight-head-plain-oillamp-leather", "uv": [ 0.0, 0.0, 0.5, 1.0 ] },
						"up": { "texture": "#wearablelight-head-plain-oillamp-leather", "uv": [ 0.0, 0.0, 5.5, 0.5 ] },
						"down": { "texture": "#wearablelight-head-plain-oillamp-leather", "uv": [ 0.0, 0.0, 5.5, 0.5 ] }
					}
				},
				{
					"name": "head_light_4",
					"from": [ -3.1, -0.6, -0.5 ],
					"to": [ -2.4, 0.6, 0.5 ],
					"rotationOrigin": [ -3.1, -0.6, -0.5 ],
					"faces": {
						"north": { "texture": "#wearablelight-head-plain-oillamp-metal", "uv": [ 0.0, 0.0, 0.5, 1.0 ] },
						"east": { "texture": "#wearablelight-head-plain-oillamp-metal", "uv": [ 0.0, 0.0, 1.0, 1.0 ] },
						"south": { "texture": "#wearablelight-head-plain-oillamp-metal", "uv": [ 0.0, 0.0, 0.5, 1.0 ] },
						"west": { "texture": "#wearablelight-head-plain-oillamp-metal", "uv": [ 0.0, 0.0, 1.0, 1.0 ] },
						"up": { "texture": "#wearablelight-head-plain-oillamp-metal", "uv": [ 0.0, 0.0, 0.5, 1.0 ] },
						"down": { "texture": "#wearablelight-head-plain-oillamp-metal", "uv": [ 0.0, 0.0, 0.5, 1.0 ] }
					},
					"children": [
						{
							"name": "head_light_5",
							"from": [ -1.5, -0.2, -0.3 ],
							"to": [ 0.0, 0.1, 1.3 ],
							"rotationOrigin": [ -1.5, -0.2, -0.3 ],
							"faces": {
								"north": { "texture": "#wearablelight-head-plain-oillamp-metal", "uv": [ 0.0, 0.0, 1.5, 0.5 ] },
								"east": { "texture": "#wearablelight-head-plain-oillamp-metal", "uv": [ 0.0, 0.0, 1.5, 0.5 ] },
								"south": { "texture": "#wearablelight-head-plain-oillamp-metal", "uv": [ 0.0, 0.0, 1.5, 0.5 ] },
								"west": { "texture": "#wearablelight-head-plain-oillamp-metal", "uv": [ 0.0, 0.0, 1.5, 0.5 ] },
								"up": { "texture": "#wearablelight-head-plain-oillamp-metal", "uv": [ 0.0, 0.0, 1.5, 1.5 ] },
								"down": { "texture": "#wearablelight-head-plain-oillamp-metal", "uv": [ 0.0, 0.0, 1.5, 1.5 ] }
							}
						},
						{
							"name": "head_light_0_0",
							"from": [ 0.0, 0.1, 0.5 ],
							"to": [ 0.0, 0.1, 0.5 ],
							"rotationOrigin": [ 0.0, 0.1, 0.5 ],
							"rotationZ": 9.0,
							"faces": {
								"north": { "texture": "#wearablelight-head-plain-oillamp-metal", "uv": [ 0.0, 0.0, 0.5, 0.5 ] },
								"east": { "texture": "#wearablelight-head-plain-oillamp-metal", "uv": [ 0.0, 0.0, 0.5, 0.5 ] },
								"south": { "texture": "#wearablelight-head-plain-oillamp-metal", "uv": [ 0.0, 0.0, 0.5, 0.5 ] },
								"west": { "texture": "#wearablelight-head-plain-oillamp-metal", "uv": [ 0.0, 0.0, 0.5, 0.5 ] },
								"up": { "texture": "#wearablelight-head-plain-oillamp-metal", "uv": [ 0.0, 0.0, 0.5, 0.5 ] },
								"down": { "texture": "#wearablelight-head-plain-oillamp-metal", "uv": [ 0.0, 0.0, 0.5, 0.5 ] }
							},
							"children": [
								{
									"name": "head_light_0_1",
									"from": [ 0.0, 0.0, 0.0 ],
									"to": [ 0.1, 2.0, 0.5 ],
									"rotationOrigin": [ 0.1, 0.0, 0.0 ],
									"rotationY": -12.0,
									"faces": {
										"north": { "texture": "#wearablelight-head-plain-oillamp-metal", "uv": [ 0.0, 0.0, 0.5, 2.0 ] },
										"east": { "texture": "#wearablelight-head-plain-oillamp-metal", "uv": [ 0.0, 0.0, 0.5, 2.0 ] },
										"south": { "texture": "#wearablelight-head-plain-oillamp-metal", "uv": [ 0.0, 0.0, 0.5, 2.0 ] },
										"west": { "texture": "#wearablelight-head-plain-oillamp-lining", "uv": [ 0.0, 0.0, 0.5, 2.0 ] },
										"up": { "texture": "#wearablelight-head-plain-oillamp-metal", "uv": [ 0.0, 0.0, 0.5, 0.5 ] },
										"down": { "texture": "#wearablelight-head-plain-oillamp-metal", "uv": [ 0.0, 0.0, 0.5, 0.5 ] }
									},
									"children": [
										{
											"name": "head_light_0_2",
											"from": [ 0.0, 0.0, 0.5 ],
											"to": [ 0.1, 2.0, 1.0 ],
											"rotationOrigin": [ 0.1, 0.0, 0.5 ],
											"rotationY": -25.0,
											"faces": {
												"north": { "texture": "#wearablelight-head-plain-oillamp-metal", "uv": [ 0.0, 0.0, 0.5, 2.0 ] },
												"east": { "texture": "#wearablelight-head-plain-oillamp-metal", "uv": [ 0.0, 0.0, 0.5, 2.0 ] },
												"south": { "texture": "#wearablelight-head-plain-oillamp-metal", "uv": [ 0.0, 0.0, 0.5, 2.0 ] },
												"west": { "texture": "#wearablelight-head-plain-oillamp-lining", "uv": [ 0.5, 0.0, 1.0, 2.0 ] },
												"up": { "texture": "#wearablelight-head-plain-oillamp-metal", "uv": [ 0.0, 0.0, 0.5, 0.5 ] },
												"down": { "texture": "#wearablelight-head-plain-oillamp-metal", "uv": [ 0.0, 0.0, 0.5, 0.5 ] }
											},
											"children": [
												{
													"name": "head_light_0_3",
													"from": [ 0.0, 0.0, 0.5 ],
													"to": [ 0.1, 2.0, 1.0 ],
													"rotationOrigin": [ 0.1, 0.0, 0.5 ],
													"rotationY": -25.0,
													"faces": {
														"north": { "texture": "#wearablelight-head-plain-oillamp-metal", "uv": [ 0.0, 0.0, 0.5, 2.0 ] },
														"east": { "texture": "#wearablelight-head-plain-oillamp-metal", "uv": [ 0.0, 0.0, 0.5, 2.0 ] },
														"south": { "texture": "#wearablelight-head-plain-oillamp-metal", "uv": [ 0.0, 0.0, 0.5, 2.0 ] },
														"west": { "texture": "#wearablelight-head-plain-oillamp-lining", "uv": [ 1.0, 0.0, 1.5, 2.0 ] },
														"up": { "texture": "#wearablelight-head-plain-oillamp-metal", "uv": [ 0.0, 0.0, 0.5, 0.5 ] },
														"down": { "texture": "#wearablelight-head-plain-oillamp-metal", "uv": [ 0.0, 0.0, 0.5, 0.5 ] }
													}
												}
											]
										}
									]
								},
								{
									"name": "head_light_0_4",
									"from": [ 0.0, 0.0, -0.5 ],
									"to": [ 0.1, 2.0, 0.0 ],
									"rotationOrigin": [ 0.1, 0.0, 0.0 ],
									"rotationY": 12.0,
									"faces": {
										"north": { "texture": "#wearablelight-head-plain-oillamp-metal", "uv": [ 0.0, 0.0, 0.5, 2.0 ] },
										"east": { "texture": "#wearablelight-head-plain-oillamp-metal", "uv": [ 0.0, 0.0, 0.5, 2.0 ] },
										"south": { "texture": "#wearablelight-head-plain-oillamp-metal", "uv": [ 0.0, 0.0, 0.5, 2.0 ] },
										"west": { "texture": "#wearablelight-head-plain-oillamp-lining", "uv": [ 0.0, 0.0, 0.5, 2.0 ] },
										"up": { "texture": "#wearablelight-head-plain-oillamp-metal", "uv": [ 0.0, 0.0, 0.5, 0.5 ] },
										"down": { "texture": "#wearablelight-head-plain-oillamp-metal", "uv": [ 0.0, 0.0, 0.5, 0.5 ] }
									},
									"children": [
										{
											"name": "head_light_0_5",
											"from": [ 0.0, 0.0, -0.5 ],
											"to": [ 0.1, 2.0, 0.0 ],
											"rotationOrigin": [ 0.1, 0.0, 0.0 ],
											"rotationY": 25.0,
											"faces": {
												"north": { "texture": "#wearablelight-head-plain-oillamp-metal", "uv": [ 0.0, 0.0, 0.5, 2.0 ] },
												"east": { "texture": "#wearablelight-head-plain-oillamp-metal", "uv": [ 0.0, 0.0, 0.5, 2.0 ] },
												"south": { "texture": "#wearablelight-head-plain-oillamp-metal", "uv": [ 0.0, 0.0, 0.5, 2.0 ] },
												"west": { "texture": "#wearablelight-head-plain-oillamp-lining", "uv": [ 0.5, 0.0, 1.0, 2.0 ] },
												"up": { "texture": "#wearablelight-head-plain-oillamp-metal", "uv": [ 0.0, 0.0, 0.5, 0.5 ] },
												"down": { "texture": "#wearablelight-head-plain-oillamp-metal", "uv": [ 0.0, 0.0, 0.5, 0.5 ] }
											},
											"children": [
												{
													"name": "head_light_0_6",
													"from": [ 0.0, 0.0, -0.5 ],
													"to": [ 0.1, 2.0, 0.0 ],
													"rotationOrigin": [ 0.1, 0.0, 0.0 ],
													"rotationY": 25.0,
													"faces": {
														"north": { "texture": "#wearablelight-head-plain-oillamp-metal", "uv": [ 0.0, 0.0, 0.5, 2.0 ] },
														"east": { "texture": "#wearablelight-head-plain-oillamp-metal", "uv": [ 0.0, 0.0, 0.5, 2.0 ] },
														"south": { "texture": "#wearablelight-head-plain-oillamp-metal", "uv": [ 0.0, 0.0, 0.5, 2.0 ] },
														"west": { "texture": "#wearablelight-head-plain-oillamp-lining", "uv": [ 1.0, 0.0, 1.5, 2.0 ] },
														"up": { "texture": "#wearablelight-head-plain-oillamp-metal", "uv": [ 0.0, 0.0, 0.5, 0.5 ] },
														"down": { "texture": "#wearablelight-head-plain-oillamp-metal", "uv": [ 0.0, 0.0, 0.5, 0.5 ] }
													}
												}
											]
										}
									]
								}
							]
						}
					]
				},
				{
					"name": "wearablelight-head-plain-oillamp-candle",
					"from": [ -4.3, -0.5, -0.4 ],
					"to": [ -3.5, 0.5, 0.4 ],
					"rotationOrigin": [ -4.3, -0.5, -0.4 ],
					"faces": {
						"north": { "texture": "#wearablelight-head-plain-oillamp-candle", "uv": [ 0.0, 13.0, 1.0, 14.5 ], "autoUv": false },
						"east": { "texture": "#wearablelight-head-plain-oillamp-candle", "uv": [ 4.0, 13.0, 5.0, 15.0 ], "autoUv": false },
						"south": { "texture": "#wearablelight-head-plain-oillamp-candle", "uv": [ 9.0, 13.0, 10.0, 14.5 ], "autoUv": false },
						"west": { "texture": "#wearablelight-head-plain-oillamp-candle", "uv": [ 11.0, 13.0, 12.0, 14.5 ], "autoUv": false },
						"up": { "texture": "#wearablelight-head-plain-oillamp-candle", "uv": [ 12.0, 2.0, 14.0, 4.0 ], "autoUv": false },
						"down": { "texture": "#wearablelight-head-plain-oillamp-candle", "uv": [ 12.0, 14.0, 14.0, 16.0 ], "autoUv": false }
					},
					"children": [
						{
							"name": "top",
							"from": [ 0.3, 1.0, 0.3 ],
							"to": [ 0.5, 1.25, 0.5 ],
							"rotationOrigin": [ -0.1, -0.5, -0.1 ],
							"faces": {
								"north": { "texture": "#wearablelight-head-plain-oillamp-candle", "uv": [ 0.0, 15.5, 0.5, 16.0 ], "autoUv": false },
								"east": { "texture": "#wearablelight-head-plain-oillamp-candle", "uv": [ 0.0, 15.5, 0.5, 16.0 ], "autoUv": false },
								"south": { "texture": "#wearablelight-head-plain-oillamp-candle", "uv": [ 0.0, 15.5, 0.5, 16.0 ], "autoUv": false },
								"west": { "texture": "#wearablelight-head-plain-oillamp-candle", "uv": [ 0.0, 15.5, 0.5, 16.0 ], "autoUv": false },
								"up": { "texture": "#wearablelight-head-plain-oillamp-candle", "uv": [ 0.0, 15.5, 0.5, 16.0 ], "autoUv": false },
								"down": { "texture": "#wearablelight-head-plain-oillamp-candle", "uv": [ 0.0, 15.5, 0.5, 16.0 ] }
							}
						},
						{
							"name": "wearablelight-head-plain-oillamp-candle2",
							"from": [ -0.1, 0.0, -0.1 ],
							"to": [ 0.7, 0.3, 0.7 ],
							"rotationOrigin": [ -0.1, 0.0, -0.1 ],
							"faces": {
								"north": { "texture": "#wearablelight-head-plain-oillamp-candle", "uv": [ 6.5, 14.5, 7.0, 15.0 ], "autoUv": false },
								"east": { "texture": "#wearablelight-head-plain-oillamp-candle", "uv": [ 7.5, 14.5, 8.0, 15.0 ] },
								"south": { "texture": "#wearablelight-head-plain-oillamp-candle", "uv": [ 8.0, 15.0, 8.5, 15.5 ] },
								"west": { "texture": "#wearablelight-head-plain-oillamp-candle", "uv": [ 7.0, 14.0, 8.0, 14.5 ], "autoUv": false },
								"up": { "texture": "#wearablelight-head-plain-oillamp-candle", "uv": [ 7.0, 14.5, 7.5, 15.0 ] },
								"down": { "texture": "#wearablelight-head-plain-oillamp-candle", "uv": [ 10.5, 14.5, 11.0, 15.0 ] }
							}
						},
						{
							"name": "wearablelight-head-plain-oillamp-candle3",
							"from": [ -0.2, 0.0, 0.6 ],
							"to": [ 0.1, 0.2, 0.9 ],
							"rotationOrigin": [ -0.2, 0.0, 0.6 ],
							"faces": {
								"north": { "texture": "#wearablelight-head-plain-oillamp-candle", "uv": [ 4.0, 14.0, 4.5, 14.5 ] },
								"east": { "texture": "#wearablelight-head-plain-oillamp-candle", "uv": [ 7.0, 14.5, 7.5, 15.0 ] },
								"south": { "texture": "#wearablelight-head-plain-oillamp-candle", "uv": [ 9.5, 14.0, 10.0, 14.5 ] },
								"west": { "texture": "#wearablelight-head-plain-oillamp-candle", "uv": [ 11.0, 14.0, 11.5, 14.5 ] },
								"up": { "texture": "#wearablelight-head-plain-oillamp-candle", "uv": [ 9.5, 14.5, 10.0, 15.0 ] },
								"down": { "texture": "#wearablelight-head-plain-oillamp-candle", "uv": [ 11.5, 14.5, 12.0, 15.0 ] }
							}
						},
						{
							"name": "wearablelight-head-plain-oillamp-candle4",
							"from": [ 0.1, 0.0, -0.3 ],
							"to": [ 0.4, 0.2, 0.0 ],
							"rotationOrigin": [ 0.1, 0.0, -0.3 ],
							"faces": {
								"north": { "texture": "#wearablelight-head-plain-oillamp-candle", "uv": [ 4.5, 15.0, 5.0, 15.5 ] },
								"east": { "texture": "#wearablelight-head-plain-oillamp-candle", "uv": [ 4.5, 15.0, 5.0, 15.5 ] },
								"south": { "texture": "#wearablelight-head-plain-oillamp-candle", "uv": [ 8.0, 14.5, 8.5, 15.0 ] },
								"west": { "texture": "#wearablelight-head-plain-oillamp-candle", "uv": [ 9.5, 14.0, 10.0, 14.5 ] },
								"up": { "texture": "#wearablelight-head-plain-oillamp-candle", "uv": [ 8.5, 14.5, 9.0, 15.0 ] },
								"down": { "texture": "#wearablelight-head-plain-oillamp-candle", "uv": [ 10.0, 15.0, 10.5, 15.5 ] }
							}
						}
					]
				}
			]
		}
	]}