{
  "code": "pigmentstick-purple",
  "maxstacksize": 256,
  "attributes": {
    "displayInsideCrate": true,
    "displaycaseable": true,
    "handbook": {
      "exclude": false,
      "extraSections": [
        {
          "title": "handbook-drawing",
          "text": "navarliocustoms:handbook-pigmentstick-drawing"
        }
      ]
    },
    "onDisplayTransform": {
      "translation": {
        "x": 0,
        "y": -0.11,
        "z": 0
      },
      "rotation": {
        "x": 0,
        "y": 45,
        "z": 0
      },
      "scale": 0.75
    },
    "pigment": {
      "name": "Dark Amethyst",
      "color": { "red": 148, "green": 0, "blue": 211 }
    }
  },
  "behaviors": [
    {
      "name": "ArtPigment",
      "properties": {
        "decorBlockCodes": ["game:caveart-darkamethyst-1-*"],
        "paintableOnBlockMaterials": [
          "Stone",
          "Wood",
          "Brick",
          "Ceramic",
          "Metal",
          "Meta"
        ]
      }
    }
  ],

  "vertexFlags": {
    "glowLevel": 255
  },

  "lightHsv": [7, 7, 6],

  "textures": {
    "all": { "base": "chalk/purple" }
  },
  "heldRightTpIdleAnimation": "holdinglanternrighthand",
  "heldLeftTpIdleAnimation": "holdinglanternlefthand",
  "fpHandTransform": {
    "translation": {
      "x": 0.25,
      "y": -0.1,
      "z": 0
    },
    "rotation": {
      "x": 19,
      "y": -129,
      "z": -17
    }
  },

  "shape": { "base": "shapes/pigmentbar" },
  "creativeinventory": {
    "general": ["*"],
    "items": ["*"],
    "tools": ["*"]
  },
  "guiTransform": {
    "translation": { "x": 2, "y": 0, "z": 0 },
    "rotation": { "x": 149, "y": -36, "z": 0 },
    "origin": { "x": 0.5, "y": 0.1, "z": 0.5 },
    "scale": 3.5
  },
  "tpHandTransform": {
    "translation": { "x": -2.1, "y": -1.1, "z": -1.4 },
    "rotation": { "x": 8, "y": -85, "z": 12 },
    "origin": { "x": 0.53, "y": 0.5, "z": 0.5 }
  },
  "groundTransform": {
    "translation": {
      "x": 0,
      "y": 0.2,
      "z": 0
    },
    "rotation": {
      "x": 0,
      "y": 0,
      "z": 0
    },
    "origin": {
      "x": 0.5,
      "y": 0.5,
      "z": 0.5299
    },
    "scale": 1.5
  }
}
