{
	"editor": {
		"backDropShape": "game:entity/humanoid/seraph",
		"collapsedPaths": "",
		"allAngles": true,
		"entityTextureMode": false
	},
	"textureWidth": 8,
	"textureHeight": 8,
	"textureSizes": {
		"abieskoreana": [4,8]
	},
	"textures": {
		"reedrope": "game:block/cloth/ropedcloth",
		"abieskoreana": "item/resource/seeds/abieskoreana"
	},
	"elements": [
		{
			"name": "hideme",
			"stepParentName": "UpperTorso",
			"from": [ 2.0, 5.0, 3.0 ],
			"to": [ 2.0, 5.0, 3.0 ],
			"rotationOrigin": [ 2.0, 5.0, 3.0 ],
			"faces": {
			},
			"children": [
				{
					"name": "string back",
					"from": [ 2.2, 0.2, -1.4 ],
					"to": [ 2.4, 0.4, 1.6 ],
					"rotationOrigin": [ 2.3, 0.3, 0.1 ],
					"rotationZ": 45.0,
					"faces": {
						"north": { "texture": "#reedrope", "uv": [ 0.0, 0.0, 0.25, 0.25 ] },
						"east": { "texture": "#reedrope", "uv": [ 0.0, 0.0, 3.0, 0.25 ] },
						"south": { "texture": "#reedrope", "uv": [ 0.0, 0.0, 0.25, 0.25 ] },
						"west": { "texture": "#reedrope", "uv": [ 0.0, 0.0, 3.0, 0.25 ] },
						"up": { "texture": "#reedrope", "uv": [ 0.0, 0.0, 0.25, 3.0 ] },
						"down": { "texture": "#reedrope", "uv": [ 0.0, 0.0, 0.25, 3.0 ] }
					}
				},
				{
					"name": "string R2",
					"from": [ -1.0, 0.2, -1.5 ],
					"to": [ 2.3, 0.4, -1.3 ],
					"rotationOrigin": [ 0.4, 0.3, -1.4 ],
					"rotationX": 45.0,
					"faces": {
						"north": { "texture": "#reedrope", "uv": [ 0.0, 0.0, 3.25, 0.25 ] },
						"east": { "texture": "#reedrope", "uv": [ 0.0, 0.0, 0.25, 0.25 ] },
						"south": { "texture": "#reedrope", "uv": [ 0.0, 0.0, 3.25, 0.25 ] },
						"west": { "texture": "#reedrope", "uv": [ 0.0, 0.0, 0.25, 0.25 ] },
						"up": { "texture": "#reedrope", "uv": [ 0.0, 0.0, 3.25, 0.25 ] },
						"down": { "texture": "#reedrope", "uv": [ 0.0, 0.0, 3.25, 0.25 ] }
					}
				},
				{
					"name": "string L2",
					"from": [ -1.0, 0.2, 1.5 ],
					"to": [ 2.3, 0.4, 1.7 ],
					"rotationOrigin": [ 0.4, 0.3, 1.6 ],
					"rotationX": 45.0,
					"faces": {
						"north": { "texture": "#reedrope", "uv": [ 0.0, 0.0, 3.25, 0.25 ] },
						"east": { "texture": "#reedrope", "uv": [ 0.0, 0.0, 0.25, 0.25 ] },
						"south": { "texture": "#reedrope", "uv": [ 0.0, 0.0, 3.25, 0.25 ] },
						"west": { "texture": "#reedrope", "uv": [ 0.0, 0.0, 0.25, 0.25 ] },
						"up": { "texture": "#reedrope", "uv": [ 0.0, 0.0, 3.25, 0.25 ] },
						"down": { "texture": "#reedrope", "uv": [ 0.0, 0.0, 3.25, 0.25 ] }
					}
				},
				{
					"name": "string R3",
					"from": [ -2.3, -0.1, -1.0 ],
					"to": [ -0.8, 0.1, -0.8 ],
					"rotationOrigin": [ -1.8, 0.0, -0.9 ],
					"rotationY": 33.0,
					"rotationZ": 17.0,
					"faces": {
						"north": { "texture": "#reedrope", "uv": [ 0.0, 0.0, 1.5, 0.25 ] },
						"east": { "texture": "#reedrope", "uv": [ 0.0, 0.0, 0.25, 0.25 ] },
						"south": { "texture": "#reedrope", "uv": [ 0.0, 0.0, 1.5, 0.25 ] },
						"west": { "texture": "#reedrope", "uv": [ 0.0, 0.0, 0.25, 0.25 ] },
						"up": { "texture": "#reedrope", "uv": [ 0.0, 0.0, 1.5, 0.25 ] },
						"down": { "texture": "#reedrope", "uv": [ 0.0, 0.0, 1.5, 0.25 ] }
					}
				},
				{
					"name": "string L",
					"from": [ -2.3, -0.1, 1.0 ],
					"to": [ -0.8, 0.1, 1.2 ],
					"rotationOrigin": [ -1.8, 0.0, 1.1 ],
					"rotationY": -33.0,
					"rotationZ": 17.0,
					"faces": {
						"north": { "texture": "#reedrope", "uv": [ 0.0, 0.0, 1.5, 0.25 ] },
						"east": { "texture": "#reedrope", "uv": [ 0.0, 0.0, 0.25, 0.25 ] },
						"south": { "texture": "#reedrope", "uv": [ 0.0, 0.0, 1.5, 0.25 ] },
						"west": { "texture": "#reedrope", "uv": [ 0.0, 0.0, 0.25, 0.25 ] },
						"up": { "texture": "#reedrope", "uv": [ 0.0, 0.0, 1.5, 0.25 ] },
						"down": { "texture": "#reedrope", "uv": [ 0.0, 0.0, 1.5, 0.25 ] }
					}
				},
				{
					"name": "breasts",
					"from": [ -2.0, -2.0, -1.0 ],
					"to": [ -2.0, 0.0, 1.0 ],
					"rotationOrigin": [ -2.0, 0.0, 0.0 ],
					"faces": {
					},
					"children": [
						{
							"name": "seedbase",
							"from": [ -0.8, -1.0, 0.7 ],
							"to": [ 0.0, 0.5, 1.5 ],
							"rotationOrigin": [ -0.4, 0.5, 1.1 ],
							"rotationX": -9.0,
							"rotationY": -45.0,
							"rotationZ": -10.0,
							"faces": {
							},
							"children": [
								{
									"name": "string R1",
									"from": [ 0.2, 1.5, 0.1 ],
									"to": [ 0.4, 3.0, 0.3 ],
									"rotationOrigin": [ 0.3, 1.5, 0.2 ],
									"rotationX": -15.0,
									"rotationZ": 15.0,
									"faces": {
										"north": { "texture": "#reedrope", "uv": [ 0.0, 0.0, 0.25, 1.5 ] },
										"east": { "texture": "#reedrope", "uv": [ 0.0, 0.0, 0.25, 1.5 ] },
										"south": { "texture": "#reedrope", "uv": [ 0.0, 0.0, 0.25, 1.5 ] },
										"west": { "texture": "#reedrope", "uv": [ 0.0, 0.0, 0.25, 1.5 ] }
									}
								},
								{
									"name": "string L1",
									"from": [ 0.5, 1.5, 0.5 ],
									"to": [ 0.7, 3.0, 0.7 ],
									"rotationOrigin": [ 0.6, 1.5, 0.6 ],
									"rotationX": 15.0,
									"rotationZ": -15.0,
									"faces": {
										"north": { "texture": "#reedrope", "uv": [ 0.0, 0.0, 0.25, 1.5 ] },
										"east": { "texture": "#reedrope", "uv": [ 0.0, 0.0, 0.25, 1.5 ] },
										"south": { "texture": "#reedrope", "uv": [ 0.0, 0.0, 0.25, 1.5 ] },
										"west": { "texture": "#reedrope", "uv": [ 0.0, 0.0, 0.25, 1.5 ] }
									}
								},
								{
									"name": "string knot",
									"from": [ 0.2, 1.3, 0.2 ],
									"to": [ 0.6, 1.7, 0.6 ],
									"rotationOrigin": [ 0.3, 1.3, 0.3 ],
									"faces": {
										"north": { "texture": "#reedrope", "uv": [ 0.0, 0.0, 0.5, 0.5 ] },
										"east": { "texture": "#reedrope", "uv": [ 0.0, 0.0, 0.5, 0.5 ] },
										"south": { "texture": "#reedrope", "uv": [ 0.0, 0.0, 0.5, 0.5 ] },
										"west": { "texture": "#reedrope", "uv": [ 0.0, 0.0, 0.5, 0.5 ] },
										"up": { "texture": "#reedrope", "uv": [ 0.0, 0.0, 0.5, 0.5 ], "windMode": [-1,-1,-1,-1] }
									}
								},
								{
									"name": "origin",
									"from": [ 0.4, -0.77, 0.5 ],
									"to": [ 0.4, -0.77, 0.5 ],
									"rotationOrigin": [ 0.4, -0.775, 0.5 ],
									"faces": {
									},
									"children": [
										{
											"name": "pinecone",
											"from": [ -0.5625, 0.2625, -0.5625 ],
											"to": [ 0.5625, 1.3875, 0.5625 ],
											"rotationOrigin": [ 0.0, 0.6375, 0.0 ],
											"faces": {
												"north": { "texture": "#abieskoreana", "uv": [ 0.5, 0.0, 3.5, 3.0 ], "autoUv": false },
												"east": { "texture": "#abieskoreana", "uv": [ 0.5, 0.5, 3.5, 3.5 ], "autoUv": false, "windMode": [-1,-1,-1,-1] },
												"south": { "texture": "#abieskoreana", "uv": [ 0.5, 0.5, 3.5, 3.5 ], "autoUv": false, "windMode": [-1,-1,-1,-1] },
												"west": { "texture": "#abieskoreana", "uv": [ 0.0, 0.0, 3.0, 3.0 ], "autoUv": false, "windMode": [-1,-1,-1,-1] },
												"up": { "texture": "#abieskoreana", "uv": [ 0.5, 4.5, 3.5, 7.5 ], "autoUv": false, "windMode": [-1,-1,-1,-1] },
												"down": { "texture": "#abieskoreana", "uv": [ 0.5, 4.5, 3.5, 7.5 ], "autoUv": false, "windMode": [-1,-1,-1,-1] }
											},
											"children": [
												{
													"name": "bottom",
													"from": [ 0.1875, -0.375, 0.1875 ],
													"to": [ 0.9375, 0.0, 0.9375 ],
													"rotationOrigin": [ 0.5625, -0.375, 0.5625 ],
													"faces": {
														"north": { "texture": "#abieskoreana", "uv": [ 1.5, 1.0, 3.5, 2.0 ], "autoUv": false },
														"east": { "texture": "#abieskoreana", "uv": [ 0.5, 1.5, 2.5, 2.5 ], "autoUv": false },
														"south": { "texture": "#abieskoreana", "uv": [ 1.0, 1.5, 3.0, 2.5 ], "autoUv": false, "windMode": [-1,-1,-1,-1] },
														"west": { "texture": "#abieskoreana", "uv": [ 1.5, 3.0, 3.5, 4.0 ], "autoUv": false, "windMode": [-1,-1,-1,-1] },
														"down": { "texture": "#abieskoreana", "uv": [ 1.0, 5.0, 3.0, 7.0 ], "autoUv": false, "windMode": [-1,-1,-1,-1] }
													}
												},
												{
													"name": "body1",
													"from": [ 0.1125, 1.125, 0.1125 ],
													"to": [ 1.0125, 1.6875, 1.0125 ],
													"rotationOrigin": [ 0.5625, 1.125, 0.5625 ],
													"faces": {
														"north": { "texture": "#abieskoreana", "uv": [ 0.5, 3.0, 2.5, 4.5 ], "autoUv": false },
														"east": { "texture": "#abieskoreana", "uv": [ 2.0, 1.0, 4.0, 2.5 ], "autoUv": false },
														"south": { "texture": "#abieskoreana", "uv": [ 0.5, 1.5, 2.5, 3.0 ], "autoUv": false, "windMode": [-1,-1,-1,-1] },
														"west": { "texture": "#abieskoreana", "uv": [ 1.5, 2.5, 3.5, 4.0 ], "autoUv": false, "windMode": [-1,-1,-1,-1] },
														"up": { "texture": "#abieskoreana", "uv": [ 1.0, 5.0, 3.0, 7.0 ], "autoUv": false, "windMode": [-1,-1,-1,-1] }
													}
												},
												{
													"name": "body2",
													"from": [ 0.2625, 1.6875, 0.2625 ],
													"to": [ 0.825, 2.0625, 0.825 ],
													"rotationOrigin": [ 0.5625, 1.6875, 0.5625 ],
													"faces": {
														"north": { "texture": "#abieskoreana", "uv": [ 1.0, 1.5, 2.5, 2.5 ], "autoUv": false },
														"east": { "texture": "#abieskoreana", "uv": [ 2.0, 1.0, 3.5, 2.0 ], "autoUv": false },
														"south": { "texture": "#abieskoreana", "uv": [ 0.5, 2.0, 2.0, 3.0 ], "autoUv": false, "windMode": [-1,-1,-1,-1] },
														"west": { "texture": "#abieskoreana", "uv": [ 1.0, 2.0, 2.5, 3.0 ], "autoUv": false, "windMode": [-1,-1,-1,-1] },
														"up": { "texture": "#abieskoreana", "uv": [ 2.0, 2.5, 3.5, 4.0 ], "autoUv": false, "windMode": [-1,-1,-1,-1] }
													}
												}
											]
										}
									]
								}
							]
						}
					]
				}
			]
		}
	]}