[
  {
    "file": "game:recipes/cooking/jam",
    "side": "server",
    "op": "add",
    "path": "/ingredients/1/validStacks/-",
    "value": {
      "type": "item",
      "code": "floralzonescosmopolitanregion:fruit-empetrumnigrum",
      "shapeElement": "bowl/fruit"
    }
  },
  {
    "file": "game:recipes/cooking/meatystew",
    "side": "server",
    "op": "add",
    "path": "/ingredients/7/validStacks/-",
    "value": {
      "type": "item",
      "code": "floralzonescosmopolitanregion:fruit-empetrumnigrum",
      "shapeElement": "bowl/fruit 1/*"
    }
  },
  {
    "file": "game:recipes/cooking/porridge",
    "side": "server",
    "op": "add",
    "path": "/ingredients/1/validStacks/-",
    "value": {
      "type": "item",
      "code": "floralzonescosmopolitanregion:fruit-empetrumnigrum",
      "shapeElement": "bowl/fruit 1/*"
    }
  },
  {
    "file": "game:recipes/cooking/porridge",
    "side": "server",
    "op": "add",
    "path": "/ingredients/2/validStacks/-",
    "value": {
      "type": "item",
      "code": "floralzonescosmopolitanregion:fruit-empetrumnigrum",
      "shapeElement": "bowl/fruit 2/*"
    }
  },
  {
    "file": "game:blocktypes/clay/fired/pot",
    "side": "server",
    "op": "add",
    "path": "/attributesByType/claypot-blue-cooked/textureMapping/fruit-empetrumnigrum",
    "value": [ "fruit", "group5" ]
  }
]
