[
	{
		ingredientPattern: "FBF,DED,IGI",
		recipeGroup: 1,
		ingredients: {
			"B": { type: "item", code: "fa-templar-schematic", returnedStack: { "type": "item", "code": "fa-templar-schematic" }
			},
			"D": { type: "item", code: "game:metalplate-steel", quantity: 3
			},
			"E": { type: "item", code: "game:armor-body-plate-steel"
			},
			"F": { type: "item", code: "game:metalnailsandstrips-steel", quantity: 6
			},
			"G": { type: "item", code: "game:hammer-*", isTool: true, toolDurabilityCost: 100
			},
			"I": { type: "item", code: "game:leather-sturdy-plain", quantity: 6
			}
		},
		width: 3,
		height: 3,
		name: "templar steel plate body",
		output: { type: "item", code: "fa-templar-body-heavy-steel-plain"
		}
	},
	{
		ingredientPattern: "FBF,DED,IGI",
		recipeGroup: 1,
		ingredients: {
			"B": { type: "item", code: "fa-templar-schematic", returnedStack: { "type": "item", "code": "fa-templar-schematic" }
			},
			"D": { type: "item", code: "game:metalplate-meteoriciron", quantity: 3
			},
			"E": { type: "item", code: "game:armor-body-plate-meteoriciron"
			},
			"F": { type: "item", code: "game:metalnailsandstrips-meteoriciron", quantity: 6
			},
			"G": { type: "item", code: "game:hammer-*", isTool: true, toolDurabilityCost: 100
			},
			"I": { type: "item", code: "game:leather-normal-plain", quantity: 6
			}
		},
		width: 3,
		height: 3,
		name: "templar meteoriciron plate body",
		output: { type: "item", code: "fa-templar-body-heavy-meteoriciron-plain"
		}
	},
	{
		ingredientPattern: "FBF,DED,IGI",
		recipeGroup: 1,
		ingredients: {
			"B": { type: "item", code: "fa-templar-schematic", returnedStack: { "type": "item", "code": "fa-templar-schematic" }
			},
			"D": { type: "item", code: "game:metalplate-iron", quantity: 3
			},
			"E": { type: "item", code: "game:armor-body-plate-iron"
			},
			"F": { type: "item", code: "game:metalnailsandstrips-iron", quantity: 6
			},
			"G": { type: "item", code: "game:hammer-*", isTool: true, toolDurabilityCost: 100
			},
			"I": { type: "item", code: "game:leather-normal-plain", quantity: 6
			}
		},
		width: 3,
		height: 3,
		name: "templar iron plate body",
		output: { type: "item", code: "fa-templar-body-heavy-iron-plain"
		}
	},
]