[
    {
        "ingredientPattern": "PPP,SRS,AFB",
        "ingredients": {
            "F": { "type": "item", "code": "game:cloth-plain" },
            "P": { "type": "item", "code": "game:plank-*", "name": "wood", "quantity": 4 },
            "S": { "type": "item", "code": "game:stick", "quantity": 4 },
            "R": { "type": "item", "code": "game:resin", "quantity": 2 },
            "A": { "type": "item", "code": "game:hammer-*", "isTool": true, "toolDurabilityCost": 20 },
            "B": { "type": "item", "code": "game:chisel-*", "isTool": true, "toolDurabilityCost": 50 }
        },
        "width": 3,
        "height": 3,
        "output": { "type": "block", "code": "heraldry:heraldryworkbench-east", "attributes": { "types": { "wood": "{wood}" } } }
    }
]
