{
  "code": "claypotionflask",
  "class": "BlockPotionFlask",
  "entityClass": "BlockEntityPotionFlask",
  "variantgroups": [
    {
      "code": "color",
      "states": [ "blue", "fire", "black", "brown", "cream", "gray", "orange", "red", "tan" ]
    },
    {
      "code": "state",
      "states": [ "fired" ]
    }
  ],
  "shape": {
    "base": "alchemy:block/clay/clayflask"
  },
  "textures": { "ceramic": { "base": "game:block/clay/hardened/{color}" } },
  "behaviors": [
    {
      "name": "GroundStorable",
      "properties": {
        "layout": "Quadrants",
        "collisionBox": {
          "x1": 0,
          "y1": 0,
          "z1": 0,
          "x2": 1,
          "y2": 0.4375,
          "z2": 1
        }
      }
    },
    { "name": "Unplaceable" }, // The ground storable obsoletes this being a block. Should be an item, but is kept a block for backwards compatibility
    { "name": "RightClickPickup" },
    {
      "name": "SneakPlacing"
    }
  ],
  "attributes": {
    "groundStorageTransform": {
      "origin": {
        "x": 0.5,
        "y": 0,
        "z": 0.5
      },
      "scale": 0.75
    },
    "onDisplayTransform": {
      "origin": {
        "x": 0.5,
        "y": 0,
        "z": 0.5
      },
      "scale": 0.75
    },
    "onTongTransform": {
      "translation": {
        "x": -1.61,
        "y": -0.87,
        "z": -1.11
      },
      "rotation": {
        "x": -108,
        "y": 71,
        "z": -83
      },
      "scale": 0.6
    },
    "shelvable": true,
    "displaycaseable": true,
    "liquidContainerPropsByType": {
      "*-fired": {
        "capacityLitres": 0.25,
        "transferSizeLitres": 0.25,
        "emptyShapeLoc": "alchemy:shapes/block/clay/clayflask",
        "opaqueContentShapeLoc": "game:shapes/block/basic/nothing",
        "liquidContentShapeLoc": "game:shapes/block/basic/nothing"
      }
    },
    "handbook": {
      "groupBy": [ "claypotionflask-*-{state}" ]
    }
  },
  "doNotRenderAtLod2": true,
  "creativeinventory": {
    "general": [
      "*-blue-fired"
    ],
    "decorative": [
      "*"
    ],
    "alchemy": [
      "*"
    ]
  },
  "blockmaterial": "Ceramic",
  "replaceable": 900,
  "resistance": 1.5,
  "liquidSelectable": 1,
  "lightAbsorption": 1,
  "maxStackSize": 16,
  "sidesolid": {
    "all": false
  },
  "sideopaque": {
    "all": false
  },
  "emitsideao": {
    "all": false
  },
  "collisionbox": {
    "x1": 0.375,
    "y1": 0,
    "z1": 0.375,
    "x2": 0.625,
    "y2": 0.275,
    "z2": 0.625
  },
  "selectionbox": {
    "x1": 0.375,
    "y1": 0,
    "z1": 0.375,
    "x2": 0.625,
    "y2": 0.275,
    "z2": 0.625
  },
  "guiTransform": {
    "translation": {
      "x": 0,
      "y": 3,
      "z": 0
    },
    "origin": {
      "x": 0.5,
      "y": 0.175,
      "z": 0.5
    },
    "scale": 1.75
  },
  "groundTransform": {
    "scale": 2
  },
  "fpHandTransform": {
    "translation": {
      "x": 0,
      "y": 0.4,
      "z": 0
    },
    "rotation": {
      "x": 0,
      "y": -14,
      "z": 0
    },
    "scale": 1
  },
  "tpHandTransform": {
    "translation": {
      "x": -0.7,
      "y": 0,
      "z": 0.15
    },
    "rotation": {
      "x": 0,
      "y": 0,
      "z": -90
    },
    "origin": {
      "x": 0.2,
      "y": 0.1,
      "z": 0.1
    },
    "scale": 0.40
  }
}