﻿{
  "code": "part",
  "class": "Item",
  "variantgroups": [{"code": "type", "states": ["oillamp"]}, {"code": "material", "states": ["brass"]}],
  "shape": {"base": "part-{type}"},
  "textures": {"metal": {"base": "game:block/metal/plate/{material}"}},
  "attributes": {"groundStorageTransform": {"translation": {"x": 0.5, "y": 0, "z": 0.5}, "origin": {"x": 0, "y": 0, "z": 0}, "scale": 1.4}},
  "behaviors": [
    {
      "name": "GroundStorable",
      "properties": {"layout": "Quadrants", "placeRemoveSound": "sounds/player/build", "collisionBox": {"x1": 0, "y1": 0, "z1": 0, "x2": 1, "y2": 0.1, "z2": 1}}
    }
  ],
  "creativeinventory": {"general": ["*"], "fueledwearablelights": ["*"]},
  "tpHandTransform": {"translation": {"x": 0.01, "y": 0.1, "z": 0}, "rotation": {"x": 0, "y": 6, "z": -91}, "origin": {"x": -0.1, "y": 0, "z": 0}, "scale": 1},
  "guiTransform": {"translation": {"x": 0, "y": 0, "z": 0}, "rotation": {"x": 147, "y": 110, "z": 0}, "origin": {"x": 0, "y": 0.08, "z": 0}, "scale": 5.17},
  "groundTransform": {"translation": {"x": 0, "y": 0, "z": 0}, "rotation": {"x": -2, "y": 0, "z": 0}, "origin": {"x": 0, "y": 0, "z": 0}, "scale": 6}
}