{
	"editor": {
		"allAngles": false,
		"entityTextureMode": false
	},
	"textureWidth": 16,
	"textureHeight": 16,
	"textureSizes": {},
	"textures": {
		"ebony": "game:block/wood/debarked/ebony",
		"fire-yellow": "game:block/fire-yellow",
		"ceramic-dark": "game:block/clay/ceramic-dark",
		"bone": "game:block/creature/bone"
	},
	"elements": [
		{
			"name": "Cube1",
			"from": [
				6.0,
				0.0,
				6.0
			],
			"to": [
				11.0,
				2.0,
				11.0
			],
			"rotationOrigin": [
				6.0,
				0.0,
				6.0
			],
			"faces": {
				"north": {
					"texture": "#ebony",
					"uv": [
						0.0,
						0.0,
						5.0,
						2.0
					]
				},
				"east": {
					"texture": "#ebony",
					"uv": [
						0.0,
						0.0,
						5.0,
						2.0
					]
				},
				"south": {
					"texture": "#ebony",
					"uv": [
						0.0,
						0.0,
						5.0,
						2.0
					]
				},
				"west": {
					"texture": "#ebony",
					"uv": [
						0.0,
						0.0,
						5.0,
						2.0
					]
				},
				"up": {
					"texture": "#ebony",
					"uv": [
						0.0,
						0.0,
						5.0,
						5.0
					]
				},
				"down": {
					"texture": "#ebony",
					"uv": [
						0.0,
						0.0,
						5.0,
						5.0
					]
				}
			}
		},
		{
			"name": "Cube2",
			"from": [
				6.5,
				2.0,
				6.5
			],
			"to": [
				10.5,
				6.0,
				10.5
			],
			"rotationOrigin": [
				6.5,
				2.0,
				6.5
			],
			"faces": {
				"north": {
					"texture": "#ceramic-dark",
					"uv": [
						0.0,
						0.0,
						4.0,
						4.0
					]
				},
				"east": {
					"texture": "#ceramic-dark",
					"uv": [
						0.0,
						0.0,
						4.0,
						4.0
					]
				},
				"south": {
					"texture": "#ceramic-dark",
					"uv": [
						0.0,
						0.0,
						4.0,
						4.0
					]
				},
				"west": {
					"texture": "#ceramic-dark",
					"uv": [
						0.0,
						0.0,
						4.0,
						4.0
					]
				},
				"up": {
					"texture": "#ceramic-dark",
					"uv": [
						0.0,
						0.0,
						4.0,
						4.0
					]
				},
				"down": {
					"texture": "#ceramic-dark",
					"uv": [
						0.0,
						0.0,
						4.0,
						4.0
					]
				}
			}
		},
		{
			"name": "Cube3",
			"from": [
				6.0,
				6.0,
				6.0
			],
			"to": [
				11.0,
				7.0,
				11.0
			],
			"rotationOrigin": [
				6.0,
				6.0,
				6.0
			],
			"faces": {
				"north": {
					"texture": "#ebony",
					"uv": [
						0.0,
						0.0,
						5.0,
						1.0
					]
				},
				"east": {
					"texture": "#ebony",
					"uv": [
						0.0,
						0.0,
						5.0,
						1.0
					]
				},
				"south": {
					"texture": "#ebony",
					"uv": [
						0.0,
						0.0,
						5.0,
						1.0
					]
				},
				"west": {
					"texture": "#ebony",
					"uv": [
						0.0,
						0.0,
						5.0,
						1.0
					]
				},
				"up": {
					"texture": "#ebony",
					"uv": [
						0.0,
						0.0,
						5.0,
						5.0
					]
				},
				"down": {
					"texture": "#ebony",
					"uv": [
						0.0,
						0.0,
						5.0,
						5.0
					]
				}
			}
		},
		{
			"name": "Cube4",
			"from": [
				8.0,
				4.6,
				4.2
			],
			"to": [
				9.0,
				5.6,
				7.6
			],
			"rotationOrigin": [
				8.0,
				4.6,
				4.2
			],
			"rotationX": 45.0,
			"faces": {
				"north": {
					"texture": "#ceramic-dark",
					"uv": [
						0.0,
						0.0,
						1.0,
						1.0
					]
				},
				"east": {
					"texture": "#ceramic-dark",
					"uv": [
						0.0,
						0.0,
						3.0,
						1.0
					]
				},
				"south": {
					"texture": "#ceramic-dark",
					"uv": [
						0.0,
						0.0,
						1.0,
						1.0
					]
				},
				"west": {
					"texture": "#ceramic-dark",
					"uv": [
						0.0,
						0.0,
						3.0,
						1.0
					]
				},
				"up": {
					"texture": "#ceramic-dark",
					"uv": [
						0.0,
						0.0,
						1.0,
						3.0
					]
				},
				"down": {
					"texture": "#ceramic-dark",
					"uv": [
						0.0,
						0.0,
						1.0,
						3.0
					]
				}
			},
			"children": [
				{
					"name": "Cube14",
					"from": [
						0.2,
						0.2,
						-0.4
					],
					"to": [
						0.8,
						0.8,
						0.0
					],
					"rotationOrigin": [
						8.4,
						3.9,
						4.6
					],
					"faces": {
						"north": {
							"texture": "#fire-yellow",
							"uv": [
								0.0,
								0.0,
								0.5,
								0.5
							],
							"glow": 255
						},
						"east": {
							"texture": "#fire-yellow",
							"uv": [
								0.0,
								0.0,
								0.5,
								0.5
							]
						},
						"south": {
							"texture": "#fire-yellow",
							"uv": [
								0.0,
								0.0,
								0.5,
								0.5
							]
						},
						"west": {
							"texture": "#fire-yellow",
							"uv": [
								0.0,
								0.0,
								0.5,
								0.5
							]
						},
						"up": {
							"texture": "#fire-yellow",
							"uv": [
								0.0,
								0.0,
								0.5,
								0.5
							]
						},
						"down": {
							"texture": "#fire-yellow",
							"uv": [
								0.0,
								0.0,
								0.5,
								0.5
							]
						}
					}
				}
			]
		},
		{
			"name": "Cube10",
			"from": [
				7.0,
				7.0,
				7.0
			],
			"to": [
				10.0,
				7.5,
				10.0
			],
			"rotationOrigin": [
				7.0,
				7.0,
				7.0
			],
			"faces": {
				"north": {
					"texture": "#ebony",
					"uv": [
						0.0,
						0.0,
						3.0,
						0.5
					]
				},
				"east": {
					"texture": "#ebony",
					"uv": [
						0.0,
						0.0,
						3.0,
						0.5
					]
				},
				"south": {
					"texture": "#ebony",
					"uv": [
						0.0,
						0.0,
						3.0,
						0.5
					]
				},
				"west": {
					"texture": "#ebony",
					"uv": [
						0.0,
						0.0,
						3.0,
						0.5
					]
				},
				"up": {
					"texture": "#ebony",
					"uv": [
						0.0,
						0.0,
						3.0,
						3.0
					]
				},
				"down": {
					"texture": "#ebony",
					"uv": [
						0.0,
						0.0,
						3.0,
						3.0
					]
				}
			}
		},
		{
			"name": "Cube11",
			"from": [
				6.3,
				7.0,
				8.25
			],
			"to": [
				6.8,
				10.2,
				8.75
			],
			"rotationOrigin": [
				6.3,
				7.0,
				8.3
			],
			"faces": {
				"north": {
					"texture": "#bone",
					"uv": [
						0.0,
						0.0,
						0.5,
						3.0
					]
				},
				"east": {
					"texture": "#bone",
					"uv": [
						0.0,
						0.0,
						0.5,
						3.0
					]
				},
				"south": {
					"texture": "#bone",
					"uv": [
						0.0,
						0.0,
						0.5,
						3.0
					]
				},
				"west": {
					"texture": "#bone",
					"uv": [
						0.0,
						0.0,
						0.5,
						3.0
					]
				},
				"up": {
					"texture": "#bone",
					"uv": [
						0.0,
						0.0,
						0.5,
						0.5
					]
				},
				"down": {
					"texture": "#bone",
					"uv": [
						0.0,
						0.0,
						0.5,
						0.5
					]
				}
			}
		},
		{
			"name": "Cube12",
			"from": [
				10.3,
				7.0,
				8.25
			],
			"to": [
				10.8,
				10.2,
				8.75
			],
			"rotationOrigin": [
				10.3,
				7.0,
				8.3
			],
			"faces": {
				"north": {
					"texture": "#bone",
					"uv": [
						0.0,
						0.0,
						0.5,
						3.0
					]
				},
				"east": {
					"texture": "#bone",
					"uv": [
						0.0,
						0.0,
						0.5,
						3.0
					]
				},
				"south": {
					"texture": "#bone",
					"uv": [
						0.0,
						0.0,
						0.5,
						3.0
					]
				},
				"west": {
					"texture": "#bone",
					"uv": [
						0.0,
						0.0,
						0.5,
						3.0
					]
				},
				"up": {
					"texture": "#bone",
					"uv": [
						0.0,
						0.0,
						0.5,
						0.5
					]
				},
				"down": {
					"texture": "#bone",
					"uv": [
						0.0,
						0.0,
						0.5,
						0.5
					]
				}
			}
		},
		{
			"name": "Cube13",
			"from": [
				6.0,
				10.0,
				8.15
			],
			"to": [
				6.5,
				15.0,
				8.85
			],
			"rotationOrigin": [
				6.0,
				10.0,
				8.2
			],
			"rotationZ": -90.0,
			"faces": {
				"north": {
					"texture": "#bone",
					"uv": [
						0.0,
						0.0,
						0.5,
						5.0
					]
				},
				"east": {
					"texture": "#bone",
					"uv": [
						0.0,
						0.0,
						0.5,
						5.0
					]
				},
				"south": {
					"texture": "#bone",
					"uv": [
						0.0,
						0.0,
						0.5,
						5.0
					]
				},
				"west": {
					"texture": "#bone",
					"uv": [
						0.0,
						0.0,
						0.5,
						5.0
					]
				},
				"up": {
					"texture": "#bone",
					"uv": [
						0.0,
						0.0,
						0.5,
						0.5
					]
				},
				"down": {
					"texture": "#bone",
					"uv": [
						0.0,
						0.0,
						0.5,
						0.5
					]
				}
			}
		},
		{
			"name": "Cube15",
			"from": [
				5.65,
				10.1,
				8.1
			],
			"to": [
				6.25,
				10.6,
				8.9
			],
			"rotationOrigin": [
				5.6,
				10.1,
				8.1
			],
			"rotationZ": -90.0,
			"faces": {
				"north": {
					"texture": "#bone",
					"uv": [
						0.0,
						0.0,
						0.5,
						0.5
					]
				},
				"east": {
					"texture": "#bone",
					"uv": [
						0.0,
						0.0,
						0.5,
						0.5
					]
				},
				"south": {
					"texture": "#bone",
					"uv": [
						0.0,
						0.0,
						0.5,
						0.5
					]
				},
				"west": {
					"texture": "#bone",
					"uv": [
						0.0,
						0.0,
						0.5,
						0.5
					]
				},
				"up": {
					"texture": "#bone",
					"uv": [
						0.0,
						0.0,
						0.5,
						0.5
					]
				},
				"down": {
					"texture": "#bone",
					"uv": [
						0.0,
						0.0,
						0.5,
						0.5
					]
				}
			}
		},
		{
			"name": "Cube16",
			"from": [
				11.05,
				10.1,
				8.1
			],
			"to": [
				11.65,
				10.6,
				8.9
			],
			"rotationOrigin": [
				11.0,
				10.1,
				8.1
			],
			"rotationZ": -90.0,
			"faces": {
				"north": {
					"texture": "#bone",
					"uv": [
						0.0,
						0.0,
						0.5,
						0.5
					]
				},
				"east": {
					"texture": "#bone",
					"uv": [
						0.0,
						0.0,
						0.5,
						0.5
					]
				},
				"south": {
					"texture": "#bone",
					"uv": [
						0.0,
						0.0,
						0.5,
						0.5
					]
				},
				"west": {
					"texture": "#bone",
					"uv": [
						0.0,
						0.0,
						0.5,
						0.5
					]
				},
				"up": {
					"texture": "#bone",
					"uv": [
						0.0,
						0.0,
						0.5,
						0.5
					]
				},
				"down": {
					"texture": "#bone",
					"uv": [
						0.0,
						0.0,
						0.5,
						0.5
					]
				}
			}
		}
	]
}