{
	"code": "bovinae",
	"class": "EntityAgent",
	"tags": ["animal", "huntable","habitat-land"],
	"fallDamageMultiplierByType": { "*-bos*" :1,"*-bubalusarnee" :1,"*-bubalusbubalis" :0.75,"*-bubalusmephistopheles" :0.75,"*-bubalusmurrensis" :0.75,"*-bubalus*" :0.5,"*-pseudoryx*" :0.5,"*-syncerus*" :1,"*-taurotragus*" :1,"*-tetracerus*" :0.25,"*-tragelaphus*" :0.5},
	"variantgroups": [
		{"code": "age","states": ["baby" ]},
		{"code": "gender","states": [ "female","male"]},
		{"code": "type","states": [ "bosprimigeniusprimigenius","boselaphustragocamelus","bubalusarnee","bubalusbrevicornis","bubalusbubalis","bubaluscebuensis","bubalusdepressicornis","bubalusgrovesi","bubalusmephistopheles","bubalusmindorensis","bubalusmurrensis","bubalusquarlesi","pseudoryxnghetinhensis","syncerusantiquus","synceruscaffer","syncerusnanus","taurotragusderbianus","taurotragusoryx","tetracerusquadricornis","tragelaphusangasii","tragelaphusbuxtoni","tragelaphuseurycerus","tragelaphusimberbis","tragelaphusscriptus","tragelaphusspekii","tragelaphusstrepsiceros","tragelaphussylvaticus"]}
	],
	"hitBoxSizeByType": {
		"*-baby-*-bosprimigeniusprimigenius": {	"x": 0.5,"y": 0.7},
		"*-baby-*-boselaphustragocamelus": {	"x": 0.5,"y": 0.6},
		"*-baby-*-bubalusarnee": {	"x": 0.5,"y": 0.7},
		"*-baby-*-bubalusbrevicornis": {	"x": 0.5,"y": 0.7},
		"*-baby-*-bubalusbubalis": {	"x": 0.5,"y": 0.7},
		"*-baby-*-bubaluscebuensis": {	"x": 0.3,"y": 0.3},
		"*-baby-*-bubalusdepressicornis": {	"x": 0.4,"y": 0.5},
		"*-baby-*-bubalusgrovesi": {	"x": 0.4,"y": 0.5},
		"*-baby-*-bubalusmephistopheles": {	"x": 0.5,"y": 0.7},
		"*-baby-*-bubalusmindorensis": {	"x": 0.4,"y": 0.5},
		"*-baby-*-bubalusmurrensis": {	"x": 0.5,"y": 0.7},
		"*-baby-*-bubalusquarlesi": {	"x": 0.3,"y": 0.3},
		"*-baby-*-pseudoryxnghetinhensis": {	"x": 0.4,"y": 0.5},
		"*-baby-*-syncerusantiquus": {	"x": 0.5,"y": 0.7},
		"*-baby-*-synceruscaffer": {	"x": 0.5,"y": 0.7},
		"*-baby-*-syncerusnanus": {	"x": 0.4,"y": 0.5},
		"*-baby-*-taurotragusderbianus": {	"x": 0.5,"y": 0.6},
		"*-baby-*-taurotragusoryx": {	"x": 0.5,"y": 0.6},
		"*-baby-*-tetracerusquadricornis": {	"x": 0.3,"y": 0.3},
		"*-baby-*-tragelaphusangasii": {	"x": 0.4,"y": 0.5},
		"*-baby-*-tragelaphusbuxtoni": {	"x": 0.4,"y": 0.5},
		"*-baby-*-tragelaphuseurycerus": {	"x": 0.5,"y": 0.6},
		"*-baby-*-tragelaphusimberbis": {	"x": 0.4,"y": 0.5},
		"*-baby-*-tragelaphusscriptus": {	"x": 0.4,"y": 0.5},
		"*-baby-*-tragelaphusspekii": {	"x": 0.4,"y": 0.5},
		"*-baby-*-tragelaphusstrepsiceros": {	"x": 0.5,"y": 0.6},
		"*-baby-*-tragelaphussylvaticus": {	"x": 0.4,"y": 0.5}
	},
	"deadhitBoxSizeByType": {
		"*-baby-*-bosprimigeniusprimigenius": {	"x": 0.5,"y": 0.35},
		"*-baby-*-boselaphustragocamelus": {	"x": 0.5,"y": 0.3},
		"*-baby-*-bubalusarnee": {	"x": 0.5,"y": 0.35},
		"*-baby-*-bubalusbrevicornis": {	"x": 0.5,"y": 0.35},
		"*-baby-*-bubalusbubalis": {	"x": 0.5,"y": 0.35},
		"*-baby-*-bubaluscebuensis": {	"x": 0.3,"y": 0.15},
		"*-baby-*-bubalusdepressicornis": {	"x": 0.4,"y": 0.25},
		"*-baby-*-bubalusgrovesi": {	"x": 0.4,"y": 0.25},
		"*-baby-*-bubalusmephistopheles": {	"x": 0.5,"y": 0.35},
		"*-baby-*-bubalusmindorensis": {	"x": 0.4,"y": 0.25},
		"*-baby-*-bubalusmurrensis": {	"x": 0.5,"y": 0.35},
		"*-baby-*-bubalusquarlesi": {	"x": 0.3,"y": 0.15},
		"*-baby-*-pseudoryxnghetinhensis": {	"x": 0.4,"y": 0.3},
		"*-baby-*-syncerusantiquus": {	"x": 0.5,"y": 0.35},
		"*-baby-*-synceruscaffer": {	"x": 0.5,"y": 0.35},
		"*-baby-*-syncerusnanus": {	"x": 0.4,"y": 0.25},
		"*-baby-*-taurotragusderbianus": {	"x": 0.5,"y": 0.3},
		"*-baby-*-taurotragusoryx": {	"x": 0.5,"y": 0.3},
		"*-baby-*-tetracerusquadricornis": {	"x": 0.3,"y": 0.15},
		"*-baby-*-tragelaphusangasii": {	"x": 0.4,"y": 0.3},
		"*-baby-*-tragelaphusbuxtoni": {	"x": 0.4,"y": 0.3},
		"*-baby-*-tragelaphuseurycerus": {	"x": 0.5,"y": 0.3},
		"*-baby-*-tragelaphusimberbis": {	"x": 0.4,"y": 0.3},
		"*-baby-*-tragelaphusscriptus": {	"x": 0.4,"y": 0.3},
		"*-baby-*-tragelaphusspekii": {	"x": 0.4,"y": 0.3},
		"*-baby-*-tragelaphusstrepsiceros": {	"x": 0.5,"y": 0.3},
		"*-baby-*-tragelaphussylvaticus": {	"x": 0.4,"y": 0.3}
	},
	"eyeHeightByType": {
		"*-baby-*-bosprimigeniusprimigenius": 0.7,
		"*-baby-*-boselaphustragocamelus": 0.6,
		"*-baby-*-bubalusarnee": 0.7,
		"*-baby-*-bubalusbrevicornis": 0.7,
		"*-baby-*-bubalusbubalis": 0.7,
		"*-baby-*-bubaluscebuensis": 0.25,
		"*-baby-*-bubalusdepressicornis": 0.7,
		"*-baby-*-bubalusgrovesi": 0.7,
		"*-baby-*-bubalusmephistopheles": 0.7,
		"*-baby-*-bubalusmindorensis": 0.5,
		"*-baby-*-bubalusmurrensis": 0.7,
		"*-baby-*-bubalusquarlesi": 0.25,
		"*-baby-*-pseudoryxnghetinhensis": 0.5,
		"*-baby-*-syncerusantiquus": 0.7,
		"*-baby-*-synceruscaffer": 0.7,
		"*-baby-*-syncerusnanus": 0.5,
		"*-baby-*-taurotragusderbianus": 0.6,
		"*-baby-*-taurotragusoryx": 0.6,
		"*-baby-*-tetracerusquadricornis": 0.25,
		"*-baby-*-tragelaphusangasii": 0.5,
		"*-baby-*-tragelaphusbuxtoni": 0.5,
		"*-baby-*-tragelaphuseurycerus": 0.6,
		"*-baby-*-tragelaphusimberbis": 0.5,
		"*-baby-*-tragelaphusscriptus": 0.5,
		"*-baby-*-tragelaphusspekii": 0.5,
		"*-baby-*-tragelaphusstrepsiceros": 0.6,
		"*-baby-*-tragelaphussylvaticus": 0.5
	},
	"weightByType": {
		"*-baby-*-bosprimigeniusprimigenius": 40,
		"*-baby-*-boselaphustragocamelus": 30,
		"*-baby-*-bubalusarnee": 40,
		"*-baby-*-bubalusbrevicornis": 30,
		"*-baby-*-bubalusbubalis": 40,
		"*-baby-*-bubaluscebuensis": 15,
		"*-baby-*-bubalusdepressicornis": 30,
		"*-baby-*-bubalusgrovesi": 30,
		"*-baby-*-bubalusmephistopheles": 40,
		"*-baby-*-bubalusmindorensis": 30,
		"*-baby-*-bubalusmurrensis": 40,
		"*-baby-*-bubalusquarlesi": 10,
		"*-baby-*-pseudoryxnghetinhensis": 10,
		"*-baby-*-syncerusantiquus": 50,
		"*-baby-*-synceruscaffer": 50,
		"*-baby-*-syncerusnanus": 30,
		"*-baby-*-taurotragusderbianus": 50,
		"*-baby-*-taurotragusoryx": 50,
		"*-baby-*-tetracerusquadricornis": 4,
		"*-baby-*-tragelaphusangasii": 15,
		"*-baby-*-tragelaphusbuxtoni": 30,
		"*-baby-*-tragelaphuseurycerus": 30,
		"*-baby-*-tragelaphusimberbis": 15,
		"*-baby-*-tragelaphusscriptus": 10,
		"*-baby-*-tragelaphusspekii": 10,
		"*-baby-*-tragelaphusstrepsiceros": 30,
		"*-baby-*-tragelaphussylvaticus": 10
	},	
	"knockbackResistanceByType": {
		"*-baby-*": 0.5
	},	
	"attributes": {
		"killedByInfoText": "deadcreature-killed",
		"trappableByType": {
			"*-baby-*": {
				"small": { "trapChance": 0.0,	"trapDestroyChance": 0.2 },
				"large": { "trapChance": 0.94,	"trapDestroyChance": 0 }
			}
		},
		"creatureDiet": {
			"foodCategoriesByType": {"@.*-(taurotragusderbianus|taurotragusoryx|tetracerusquadricornis|tragelaphusangasii|tragelaphusbuxtoni|tragelaphuseurycerus|tragelaphusimberbis|tragelaphusspekii|tragelaphusstrepsiceros)":["Fruit","Grain","Vegetable"],"*":["Grain","Vegetable"]},
			"foodTagsByType": {"@.*-(taurotragusderbianus|taurotragusoryx|tetracerusquadricornis|tragelaphusangasii|tragelaphusbuxtoni|tragelaphuseurycerus|tragelaphusimberbis|tragelaphusspekii|tragelaphusstrepsiceros)":["fruitmash","grass","nibblecrop","sweetBerryBush"],"*-tragelaphussylvaticus":["nibblecrop"],"*":["grass","nibblecrop"]}
		},
		"handbook": {
			"groupcode": "creaturegroup-bovinae"
		}
	},
	"drops": [],
	"client": {
		"renderer": "Shape",
		"shapeByType": {
			"*-baby-*-bubalusarnee": { "base": "entity/bovinae/bubalusbubalis/baby" },
			"*-baby-*-bubalusbrevicornis": { "base": "entity/bovinae/bubalusbubalis/baby" },
			"*-baby-*-bubaluscebuensis": { "base": "entity/bovinae/bubalusquarlesi/baby" },
			"*-baby-*-bubalusdepressicornis": { "base": "entity/bovinae/bubalusgrovesi/baby" },
			"*-baby-*-bubalusmephistopheles": { "base": "entity/bovinae/bubalusbubalis/baby" },
			"*-baby-*-bubalusmurrensis": { "base": "entity/bovinae/bubalusbubalis/baby" },
			"*-baby-*-syncerusantiquus": { "base": "entity/bovinae/synceruscaffer/baby" },
			"*-baby-*-taurotragusderbianus": { "base": "entity/bovinae/taurotragusoryx/baby" },
			"*-baby-*-tragelaphusangasii": { "base": "entity/bovinae/tragelaphusbuxtoni/baby" },
			"*-baby-*-tragelaphuseurycerus": { "base": "entity/bovinae/tragelaphusstrepsiceros/baby" },
			"*-baby-*-tragelaphusimberbis": { "base": "entity/bovinae/tragelaphusstrepsiceros/baby" },
			"*-baby-*-tragelaphusscriptus": { "base": "entity/bovinae/tragelaphussylvaticus/baby" },
			"*-baby-*": { "base": "entity/bovinae/{type}/baby" }
		},
		"textureByType": {
			"*-baby-*": { "base": "entity/bovinae/{type}-baby" }
		},
		"sizeByType": {
			"*-baby-*-bubalusarnee": 1.05,
			"*-baby-*-bubalusbrevicornis": 0.95,
			"*-baby-*-bubaluscebuensis": 1.05,
			"*-baby-*-bubalusdepressicornis": 0.95,
			"*-baby-*-syncerusantiquus": 1.05,
			"*-baby-*-tragelaphusangasii": 0.95,
			"*-baby-*-tragelaphusimberbis": 0.95,
			"*-baby-*-tragelaphusscriptus": 0.9,
			"*-baby-*-tragelaphussylvaticus": 0.9
		},
		"behaviors": [
			{"code": "repulseagents" },
			{"code": "controlledphysics","stepHeight": 2.1251},
			{"code": "floatupwhenstuck","onlyWhenDead": true},
			{"code": "interpolateposition" },
			{"code": "harvestable","quantitySlots": 8},
			{"code": "despawn","minPlayerDistance": 8,"belowLightLevel": 8,"minSeconds": 300},
			{"code": "ropetieable","minGeneration": 2}
		],
		"animations": [
			{"code": "attack","animation": "Attack","animationSpeed": 2.2,"weight": 10,"blendMode": "AddAverage"},
			{"code": "charge","animation": "Charge","animationSpeed": 2.2,"weight": 10,"blendMode": "Average"},
			{"code": "die","animation": "Die","animationSpeed": 1.25,"weight": 10,"blendMode": "Average","triggeredBy": { "onControls": [ "dead" ] }},
			{"code": "eat","animation": "Eat","easeInSpeed": 4,"easeOutSpeed": 4,"blendMode": "Average"},
			{"code": "hurt","animation": "Hurt","animationSpeed": 2.2,"weight": 10,"blendMode": "AddAverage"},
			{"code": "idle","animation": "Idle","blendMode": "AddAverage","easeOutSpeed": 4,"triggeredBy": { "defaultAnim": true }},
			{"code": "roar","animation": "Roar","animationSpeed": 2.2,"weight": 10,"blendMode": "AddAverage"},
			{"code": "sit","animation": "Sit","easeInSpeed": 4,"easeOutSpeed": 4,"blendMode": "Average"},
			{"code": "sleep","animation": "Sleep","easeInSpeed": 4,"easeOutSpeed": 4,"blendMode": "Average"},
			{"code": "swim","animation": "Swim","supressDefaultAnimation": true,"blendMode": "Average"},
			{"code": "walk","animation": "Walk","supressDefaultAnimation": true,"blendMode": "Average"},
			{"code": "trot","animation": "Trot","supressDefaultAnimation": true,"blendMode": "Average"},
			{"code": "canter","animation": "Canter","supressDefaultAnimation": true,"blendMode": "Average"},
			{"code": "run","animation": "Run","supressDefaultAnimation": true,"blendMode": "Average"}
		]
	},
	"server": {
		"attributes": {
			"pathfinder": {
				"minTurnAnglePerSec": 90,
				"maxTurnAnglePerSec": 180
			}
		},
		"behaviors": [
			{ "code": "repulseagents" },
			{"code": "controlledphysics","stepHeight": 2.1251},
			{"code": "despawn","minPlayerDistance": 8,"belowLightLevel": 8,"minSeconds": 300},
			{"code": "health",
				"maxhealthByType": {
					"*-baby-*-bosprimigeniusprimigenius": 10,
					"*-baby-*-boselaphustragocamelus": 9,
					"*-baby-*-bubalusarnee": 10,
					"*-baby-*-bubalusbrevicornis": 9,
					"*-baby-*-bubalusbubalis": 10,
					"*-baby-*-bubaluscebuensis": 5,
					"*-baby-*-bubalusdepressicornis": 9,
					"*-baby-*-bubalusgrovesi": 9,
					"*-baby-*-bubalusmephistopheles": 10,
					"*-baby-*-bubalusmindorensis": 9,
					"*-baby-*-bubalusmurrensis": 10,
					"*-baby-*-bubalusquarlesi": 5,
					"*-baby-*-pseudoryxnghetinhensis": 5,
					"*-baby-*-syncerusantiquus": 12,
					"*-baby-*-synceruscaffer": 12,
					"*-baby-*-syncerusnanus": 9,
					"*-baby-*-taurotragusderbianus": 12,
					"*-baby-*-taurotragusoryx": 12,
					"*-baby-*-tetracerusquadricornis": 3,
					"*-baby-*-tragelaphusangasii": 5,
					"*-baby-*-tragelaphusbuxtoni": 9,
					"*-baby-*-tragelaphuseurycerus": 9,
					"*-baby-*-tragelaphusimberbis": 5,
					"*-baby-*-tragelaphusscriptus": 5,
					"*-baby-*-tragelaphusspekii": 5,
					"*-baby-*-tragelaphusstrepsiceros": 9,
					"*-baby-*-tragelaphussylvaticus": 5
				}
			},
			{"code": "deaddecay",
				"hoursToDecay": 96,
				"decayedBlockByType": {
				"*-baby-*-tetracerusquadricornis": "carcass-tiny",
				"*-baby-*": "carcass-small"
				}
			},
			{"code": "floatupwhenstuck","onlyWhenDead": true},
			{"code": "harvestable",
				"quantitySlots": 8,
				"drops": [
					{
						"type": "item",
						"code": "game:redmeat-raw",
						"quantityByType": {
							"*-baby-*-bosprimigeniusprimigenius": {"avg": 5,"var": 1},
							"*-baby-*-boselaphustragocamelus": {"avg": 4,"var": 1},
							"*-baby-*-bubalusarnee": {"avg": 5,"var": 1},
							"*-baby-*-bubalusbrevicornis": {"avg": 4,"var": 1},
							"*-baby-*-bubalusbubalis": {"avg": 5,"var": 1},
							"*-baby-*-bubaluscebuensis": {"avg": 1.5,"var": 0.5},
							"*-baby-*-bubalusdepressicornis": {"avg": 4,"var": 1},
							"*-baby-*-bubalusgrovesi": {"avg": 4,"var": 1},
							"*-baby-*-bubalusmephistopheles": {"avg": 5,"var": 1},
							"*-baby-*-bubalusmindorensis": {"avg": 4,"var": 1},
							"*-baby-*-bubalusmurrensis": {"avg": 5,"var": 1},
							"*-baby-*-bubalusquarlesi": {"avg": 1.5,"var": 0.5},
							"*-baby-*-pseudoryxnghetinhensis": {"avg": 1.5,"var": 0.5},
							"*-baby-*-syncerusantiquus": {"avg": 6,"var": 1},
							"*-baby-*-synceruscaffer": {"avg": 6,"var": 1},
							"*-baby-*-syncerusnanus": {"avg": 4,"var": 1},
							"*-baby-*-taurotragusderbianus": {"avg": 6,"var": 1},
							"*-baby-*-taurotragusoryx": {"avg": 6,"var": 1},
							"*-baby-*-tetracerusquadricornis": {"avg": 0.5,"var": 0.5},
							"*-baby-*-tragelaphusangasii": {"avg": 1.5,"var": 0.5},
							"*-baby-*-tragelaphusbuxtoni": {"avg": 4,"var": 1},
							"*-baby-*-tragelaphuseurycerus": {"avg": 4,"var": 1},
							"*-baby-*-tragelaphusimberbis": {"avg": 1.5,"var": 0.5},
							"*-baby-*-tragelaphusscriptus": {"avg": 1.5,"var": 0.5},
							"*-baby-*-tragelaphusspekii": {"avg": 1.5,"var": 0.5},
							"*-baby-*-tragelaphusstrepsiceros": {"avg": 4,"var": 1},
							"*-baby-*-tragelaphussylvaticus": {"avg": 1.5,"var": 0.5}
						}
					},
					{
						"type": "item",
						"code": "game:fat",
						"quantityByType": {
							"*-baby-*-bosprimigeniusprimigenius": {"avg": 2,"var": 1},
							"*-baby-*-boselaphustragocamelus": {"avg": 1,"var": 0.2},
							"*-baby-*-bubalusarnee": {"avg": 2,"var": 1},
							"*-baby-*-bubalusbrevicornis": {"avg": 1,"var": 0.2},
							"*-baby-*-bubalusbubalis": {"avg": 2,"var": 1},
							"*-baby-*-bubaluscebuensis": {"avg": 1,"var": 0.2},
							"*-baby-*-bubalusdepressicornis": {"avg": 1,"var": 0.2},
							"*-baby-*-bubalusgrovesi": {"avg": 1,"var": 0.2},
							"*-baby-*-bubalusmephistopheles": {"avg": 2,"var": 1},
							"*-baby-*-bubalusmindorensis": {"avg": 1,"var": 0.2},
							"*-baby-*-bubalusmurrensis": {"avg": 2,"var": 1},
							"*-baby-*-bubalusquarlesi": {"avg": 1,"var": 0.2},
							"*-baby-*-pseudoryxnghetinhensis": {"avg": 1,"var": 0.2},
							"*-baby-*-syncerusantiquus": {"avg": 2,"var": 1},
							"*-baby-*-synceruscaffer": {"avg": 2,"var": 1},
							"*-baby-*-syncerusnanus": {"avg": 1,"var": 0.2},
							"*-baby-*-taurotragusderbianus": {"avg": 2,"var": 0.2},
							"*-baby-*-taurotragusoryx": {"avg": 2,"var": 0.2},
							"*-baby-*-tetracerusquadricornis": {"avg": 0,"var": 0.2},
							"*-baby-*-tragelaphusangasii": {"avg": 1,"var": 0.2},
							"*-baby-*-tragelaphusbuxtoni": {"avg": 1,"var": 0.2},
							"*-baby-*-tragelaphuseurycerus": {"avg": 1,"var": 0.2},
							"*-baby-*-tragelaphusimberbis": {"avg": 1,"var": 0.2},
							"*-baby-*-tragelaphusscriptus": {"avg": 1,"var": 0.2},
							"*-baby-*-tragelaphusspekii": {"avg": 1,"var": 0.2},
							"*-baby-*-tragelaphusstrepsiceros": {"avg": 1,"var": 0.2},
							"*-baby-*-tragelaphussylvaticus": {"avg": 1,"var": 0.2}
						}
					},
					{
						"type": "item",
						"code": "bovinae:pelt-baby-{type}",
						"quantityByType": {
							"*-baby-*": {"avg": 1.0,"var": 0.0},
							"*": {"avg": 0.0,"var": 0.0}
						}
					}
				]
			},
			{"code": "breathe" },
			{"code": "grow",
				"hoursToGrowByType": {"*-pseudoryxnghetinhensis": 160,"*-syncerus*": 700,"*-tragelaphusangasii": 160,"*-tragelaphusimberbis": 262,"*-tragelaphusscriptus": 160,"*-tragelaphusspekii": 175,"*-tragelaphusstrepsiceros": 175,"*-tragelaphussylvaticus": 160,"*": 350},
				"orPortionsEatenForGrowingByType": {"*-bosprimigeniusprimigenius": 30,"*-bubalusarnee": 30,"*-bubalusbubalis": 23},
				"fedAdultEntityCodesByType": {
					"*-bosprimigeniusprimigenius": ["bovinae:bovinae-adult-{gender}-{type}-semitamed"],
					"*-bubalusarnee": ["bovinae:bovinae-adult-{gender}-{type}-semitamed"],
					"*-bubalusbubalis": ["bovinae:bovinae-adult-{gender}-{type}-semitamed"]
				},
				"adultEntityCodesByType": {
					"*-baby-*-bubalusbubalis": ["bovinae:bovinae-adult-{gender}-{type}-semitamed"],
					"*-baby-*": ["bovinae:bovinae-adult-{gender}-{type}"]
				}
			},
			{"code": "emotionstates",
				"states": [
					{"code": "fleeondamage","duration": 60,"chance": 1,"slot": 2,"priority": 4,"accumType": "max","whenHealthRelBelow": 0.6},
					{"code": "fleeondamage","duration": 60,"slot": 2,"chance": 1,"priority": 1,"accumType": "max"},
					{"code": "alarmherdondamage","chance": 1,"slot": 1,"priority": 1.5,"accumType": "max"},
					{"code": "saturated","duration": 1200,"chance": 1,"slot": 0,"priority": 1,"accumType": "sum"}
				]
			},
			{
				"code": "taskai",
				"aiCreatureType": "LandCreature",
				"aitasks": [
					{
						"code": "fleeentity",
						"animation": "Run",
						"entityCodesByType": {
							"*":["player","bear-*","hyena-male","hyena-female","wolf-male","wolf-female","caninae-canina-adult-*","felinae-adult-*","machairodontinae-adult-*","pantherinae-panthera-adult-*","thylacoleonidae-adult-*"]
						},
						"priority": 1.8,
						"movespeedByType": {
							"*-baby-*-bosprimigeniusprimigenius": 0.048,
							"*-baby-*-boselaphustragocamelus": 0.06,
							"*-baby-*-bubalusarnee": 0.048,
							"*-baby-*-bubalusbrevicornis": 0.048,
							"*-baby-*-bubalusbubalis": 0.048,
							"*-baby-*-bubaluscebuensis": 0.02,
							"*-baby-*-bubalusdepressicornis": 0.04,
							"*-baby-*-bubalusgrovesi": 0.04,
							"*-baby-*-bubalusmephistopheles": 0.048,
							"*-baby-*-bubalusmindorensis": 0.04,
							"*-baby-*-bubalusmurrensis": 0.048,
							"*-baby-*-bubalusquarlesi": 0.02,
							"*-baby-*-pseudoryxnghetinhensis": 0.04,
							"*-baby-*-syncerusantiquus": 0.048,
							"*-baby-*-synceruscaffer": 0.048,
							"*-baby-*-syncerusnanus": 0.04,
							"*-baby-*-taurotragusderbianus": 0.06,
							"*-baby-*-taurotragusoryx": 0.06,
							"*-baby-*-tetracerusquadricornis": 0.02,
							"*-baby-*-tragelaphusangasii": 0.04,
							"*-baby-*-tragelaphusbuxtoni": 0.04,
							"*-baby-*-tragelaphuseurycerus": 0.048,
							"*-baby-*-tragelaphusimberbis": 0.06,
							"*-baby-*-tragelaphusscriptus": 0.04,
							"*-baby-*-tragelaphusspekii": 0.04,
							"*-baby-*-tragelaphusstrepsiceros": 0.06,
							"*-baby-*-tragelaphussylvaticus": 0.04
						},
						"animationSpeedByType": {
							"*": 4
						},
						"seekingRangeByType": {"*-baby-*":3},
						"whenNotInEmotionState": "fleeondamage"
					},
					{
						"code": "fleeentity",
						"animation": "Trot",
						"entityCodesByType": {
							"*": ["player","bell-*","bowtorn-*","drifter-*","shiver-*","elephantidae-adult-*","rhinocerotidae-adult-*"]
						},
						"priority": 1.75,
						"movespeedByType": {
							"*-baby-*-bosprimigeniusprimigenius": 0.006,
							"*-baby-*-boselaphustragocamelus": 0.0075,
							"*-baby-*-bubalusarnee": 0.006,
							"*-baby-*-bubalusbrevicornis": 0.006,
							"*-baby-*-bubalusbubalis": 0.006,
							"*-baby-*-bubaluscebuensis": 0.0025,
							"*-baby-*-bubalusdepressicornis": 0.005,
							"*-baby-*-bubalusgrovesi": 0.005,
							"*-baby-*-bubalusmephistopheles": 0.006,
							"*-baby-*-bubalusmindorensis": 0.005,
							"*-baby-*-bubalusmurrensis": 0.006,
							"*-baby-*-bubalusquarlesi": 0.0025,
							"*-baby-*-pseudoryxnghetinhensis": 0.005,
							"*-baby-*-syncerusantiquus": 0.006,
							"*-baby-*-synceruscaffer": 0.006,
							"*-baby-*-syncerusnanus": 0.005,
							"*-baby-*-taurotragusderbianus": 0.06,
							"*-baby-*-taurotragusoryx": 0.06,
							"*-baby-*-tetracerusquadricornis": 0.0025,
							"*-baby-*-tragelaphusangasii": 0.005,
							"*-baby-*-tragelaphusbuxtoni": 0.005,
							"*-baby-*-tragelaphuseurycerus": 0.006,
							"*-baby-*-tragelaphusimberbis": 0.0075,
							"*-baby-*-tragelaphusscriptus": 0.005,
							"*-baby-*-tragelaphusspekii": 0.005,
							"*-baby-*-tragelaphusstrepsiceros": 0.0075,
							"*-baby-*-tragelaphussylvaticus": 0.005
						},
						"animationSpeedByType": {
							"*": 1
						},
						"seekingRange": 5,
						"whenNotInEmotionState": "aggressiveondamage|fleeondamage"
					},
					{
						"code": "fleeentity",
						"animation": "Run",
						"entityCodesByType": {
							"*": [ "player","bear-*","hyena-*", "wolf-*", "caninae-canina-adult-*", "felinae-adult-*", "machairodontinae-adult-*", "pantherinae-*","thylacoleonidae-*" ]
						},
						"priority": 2.1,
						"movespeedByType": {
							"*-baby-*-bosprimigeniusprimigenius": 0.048,
							"*-baby-*-boselaphustragocamelus": 0.06,
							"*-baby-*-bubalusarnee": 0.048,
							"*-baby-*-bubalusbrevicornis": 0.048,
							"*-baby-*-bubalusbubalis": 0.048,
							"*-baby-*-bubaluscebuensis": 0.02,
							"*-baby-*-bubalusdepressicornis": 0.04,
							"*-baby-*-bubalusgrovesi": 0.04,
							"*-baby-*-bubalusmephistopheles": 0.048,
							"*-baby-*-bubalusmindorensis": 0.04,
							"*-baby-*-bubalusmurrensis": 0.048,
							"*-baby-*-bubalusquarlesi": 0.02,
							"*-baby-*-pseudoryxnghetinhensis": 0.04,
							"*-baby-*-syncerusantiquus": 0.048,
							"*-baby-*-synceruscaffer": 0.048,
							"*-baby-*-syncerusnanus": 0.04,
							"*-baby-*-taurotragusderbianus": 0.06,
							"*-baby-*-taurotragusoryx": 0.06,
							"*-baby-*-tetracerusquadricornis": 0.02,
							"*-baby-*-tragelaphusangasii": 0.04,
							"*-baby-*-tragelaphusbuxtoni": 0.04,
							"*-baby-*-tragelaphuseurycerus": 0.048,
							"*-baby-*-tragelaphusimberbis": 0.06,
							"*-baby-*-tragelaphusscriptus": 0.04,
							"*-baby-*-tragelaphusspekii": 0.04,
							"*-baby-*-tragelaphusstrepsiceros": 0.06,
							"*-baby-*-tragelaphussylvaticus": 0.04
						},
						"animationSpeedByType": {
							"*": 4
						},
						"seekingRange": 25,
						"soundByType": {
							"*-bosprimigeniusprimigenius": "creature/bos/moo*",
							"@.*-(bubalusarnee|bubalusbrevicornis|bubalusbubalis|bubaluscebuensis|bubalusmephistopheles|bubalusmindorensis|bubalusmurrensis)": "creature/bubalus/buffalo-idle*",
							"*-pseudoryxnghetinhensis": "creature/pseudoryx/bleat*",
							"@.*-(tragelaphusbuxtoni|tragelaphuseurycerus|tragelaphusimberbis|tragelaphusstrepsiceros)": "creature/tragelaphus/strepsiceros-bark*",
							"@.*-(tragelaphusangasii|tragelaphusscriptus|tragelaphusspekii|tragelaphussylvaticus)": "creature/tragelaphus/sylvaticus-bark*",
							"*":"game:creature/hooved/generic/sniff*"},
						"whenInEmotionState": "fleeondamage"
					},
					{
						"code": "getoutofwater",
						"animation": "Swim",
						"priority": 1.4,
						"movespeedByType": {
							"*-baby-*": 0.025},
						"animationSpeed": 1.5
					},
					{
						"code": "stayclosetoentity",
						"animation": "Canter",
						"priority": 1.39,
						"entityCode": "bovinae-adult-female-{type}",
						"movespeedByType": {
							"*-baby-*-bosprimigeniusprimigenius": 0.024,
							"*-baby-*-boselaphustragocamelus": 0.03,
							"*-baby-*-bubalusarnee": 0.024,
							"*-baby-*-bubalusbrevicornis": 0.024,
							"*-baby-*-bubalusbubalis": 0.024,
							"*-baby-*-bubaluscebuensis": 0.01,
							"*-baby-*-bubalusdepressicornis": 0.02,
							"*-baby-*-bubalusgrovesi": 0.02,
							"*-baby-*-bubalusmephistopheles": 0.024,
							"*-baby-*-bubalusmindorensis": 0.02,
							"*-baby-*-bubalusmurrensis": 0.024,
							"*-baby-*-bubalusquarlesi": 0.01,
							"*-baby-*-pseudoryxnghetinhensis": 0.02,
							"*-baby-*-syncerusantiquus": 0.024,
							"*-baby-*-synceruscaffer": 0.024,
							"*-baby-*-syncerusnanus": 0.02,
							"*-baby-*-taurotragusderbianus": 0.03,
							"*-baby-*-taurotragusoryx": 0.03,
							"*-baby-*-tetracerusquadricornis": 0.01,
							"*-baby-*-tragelaphusangasii": 0.02,
							"*-baby-*-tragelaphusbuxtoni": 0.02,
							"*-baby-*-tragelaphuseurycerus": 0.024,
							"*-baby-*-tragelaphusimberbis": 0.03,
							"*-baby-*-tragelaphusscriptus": 0.02,
							"*-baby-*-tragelaphusspekii": 0.02,
							"*-baby-*-tragelaphusstrepsiceros": 0.03,
							"*-baby-*-tragelaphussylvaticus": 0.02
							},
						"maxDistanceByType": {"*-baby-*": 6},
						"searchRange": 25,
						"animationSpeedByType": {
							"*": 2
						},
						"soundByType": {
							"*-bosprimigeniusprimigenius": "creature/bos/moo*",
							"@.*-(bubalusarnee|bubalusbrevicornis|bubalusbubalis|bubaluscebuensis|bubalusmephistopheles|bubalusmindorensis|bubalusmurrensis)": "creature/bubalus/buffalo-idle*",
							"*-pseudoryxnghetinhensis": "creature/pseudoryx/bleat*",
							"*": "game:creature/hooved/generic/sniff*"
						}
					},
					{
						"code": "idle",
						"animation": "Sleep",
						"priority": 1.3,
						"priorityForCancel": 1.35,
						"minduration": 200000,
						"maxduration": 800000,
						"mincooldown": 10000,
						"maxcooldown": 30000,
						"animationSpeed": 0.3,
						"whenNotInEmotionState": "fleeondamage",
						"duringDayTimeFramesByType": {
							"@.*-(tragelaphusbuxtoni|tragelaphuseurycerus|tragelaphusimberbis|tragelaphusscriptus|tragelaphusspekii|tragelaphussylvaticus)":[{"fromHour": 8,"toHour": 16},{"fromHour": 0,"toHour": 1}],
							"*":[{"fromHour": 20,"toHour": 24},{"fromHour": 0,"toHour": 6}]},
						"stopOnNearbyEntityCodes": [ "player" ],
						"stopRange": 2,
						"stopOnHurt": true
					},
					{
						"code": "seekfoodandeat",
						"animation": "Walk",
						"eatAnimation": "Eat",
						"movespeedByType": {
							"*-baby-*-bosprimigeniusprimigenius": 0.00225,
							"*-baby-*-boselaphustragocamelus": 0.0025,
							"*-baby-*-bubalusarnee": 0.00225,
							"*-baby-*-bubalusbrevicornis": 0.00225,
							"*-baby-*-bubalusbubalis": 0.00225,
							"*-baby-*-bubaluscebuensis": 0.000925,
							"*-baby-*-bubalusdepressicornis": 0.00185,
							"*-baby-*-bubalusgrovesi": 0.00185,
							"*-baby-*-bubalusmephistopheles": 0.00225,
							"*-baby-*-bubalusmindorensis": 0.00185,
							"*-baby-*-bubalusmurrensis": 0.00225,
							"*-baby-*-bubalusquarlesi": 0.000925,
							"*-baby-*-pseudoryxnghetinhensis": 0.00185,
							"*-baby-*-syncerusantiquus": 0.00225,
							"*-baby-*-synceruscaffer": 0.00225,
							"*-baby-*-syncerusnanus": 0.00185,
							"*-baby-*-taurotragusderbianus": 0.0025,
							"*-baby-*-taurotragusoryx": 0.0025,
							"*-baby-*-tetracerusquadricornis": 0.000925,
							"*-baby-*-tragelaphusangasii": 0.00185,
							"*-baby-*-tragelaphusbuxtoni": 0.00185,
							"*-baby-*-tragelaphuseurycerus": 0.00225,
							"*-baby-*-tragelaphusimberbis": 0.0025,
							"*-baby-*-tragelaphusscriptus": 0.00185,
							"*-baby-*-tragelaphusspekii": 0.00185,
							"*-baby-*-tragelaphusstrepsiceros": 0.0025,
							"*-baby-*-tragelaphussylvaticus": 0.00185
						},
						"priority": 1.34,
						"eatSoundByType": {
							"*":"game:creature/animal-eat-small"},
						"eatTime": 1.5,
						"eatLooseItems": true,
						"animationSpeed": 1.0,
						"mincooldownHours": 1,
						"maxcooldownHours": 4,
						"whenNotInEmotionState": "fleeondamage"
					},
					{
						"code": "idle",
						"animation": "Eat",
						"priority": 1.2,
						"priorityForCancel": 1.35,
						"minduration": 3000,
						"maxduration": 12000,
						"mincooldown": 6000,
						"maxcooldown": 20000,
						"animationSpeed": 1,
						"eatSoundByType": {
							"*":"game:creature/animal-eat-small"},
						"whenNotInEmotionState": "fleeondamage"
					},
					{
						"code": "idle",
						"animation": "Idle",
						"priority": 1.2,
						"priorityForCancel": 1.35,
						"minduration": 3000,
						"maxduration": 12000,
						"mincooldown": 6000,
						"maxcooldown": 20000,
						"animationSpeed": 1.0,
						"eatSoundByType": {
							"*":"game:creature/animal-eat-small"},
						"whenNotInEmotionState": "fleeondamage"
					},
					{
						"code": "idle",
						"animation": "Chew",
						"priority": 1.2,
						"priorityForCancel": 1.35,
						"minduration": 3000,
						"maxduration": 12000,
						"mincooldown": 6000,
						"maxcooldown": 20000,
						"animationSpeed": 1.0,
						"eatSoundByType": {
							"*":"game:creature/animal-eat-small"},
						"whenNotInEmotionState": "fleeondamage"
					},
					{
						"code": "idle",
						"animation": "Roar",
						"priority": 1.0,
						"priorityForCancel": 1.35,
						"minduration": 4667,
						"maxduration": 4667,
						"chance": 0.005,
						"mincooldown": 8000,
						"maxcooldown": 50000,
						"animationSpeedByType": {"*-pseudoryxnghetinhensis*":2.5,"*-syncerus*":2.5,"*-taurotragus*":2.5,"*-tetracerus*":2.5,"*-tragelaphus*":2.5,"*":1.5},
						"soundByType": {
							"*-bosprimigeniusprimigenius": "creature/bos/moo*",
							"@.*-(bubalusarnee|bubalusbrevicornis|bubalusbubalis|bubaluscebuensis|bubalusmephistopheles|bubalusmindorensis|bubalusmurrensis)": "creature/bubalus/buffalo-idle*",
							"*-pseudoryxnghetinhensis": "creature/pseudoryx/bleat*",
							"@.*-(tragelaphusbuxtoni|tragelaphuseurycerus|tragelaphusimberbis|tragelaphusstrepsiceros)": "creature/tragelaphus/strepsiceros-bark*",
							"@.*-(tragelaphusangasii|tragelaphusscriptus|tragelaphusspekii|tragelaphussylvaticus)": "creature/tragelaphus/sylvaticus-bark*",
							"*": "game:creature/hooved/generic/sniff*"
						},
						"soundRangeByType": {
							"*": 30
						},
						"whenNotInEmotionState": "fleeondamage"
					},
					{
						"code": "wander",
						"animation": "Walk",
						"priority": 1.0,
						"priorityForCancel": 1.35,
						"movespeedByType": {
							"*-baby-*-bosprimigeniusprimigenius": 0.00225,
							"*-baby-*-boselaphustragocamelus": 0.0025,
							"*-baby-*-bubalusarnee": 0.00225,
							"*-baby-*-bubalusbrevicornis": 0.00225,
							"*-baby-*-bubalusbubalis": 0.00225,
							"*-baby-*-bubaluscebuensis": 0.000925,
							"*-baby-*-bubalusdepressicornis": 0.00185,
							"*-baby-*-bubalusgrovesi": 0.00185,
							"*-baby-*-bubalusmephistopheles": 0.00225,
							"*-baby-*-bubalusmindorensis": 0.00185,
							"*-baby-*-bubalusmurrensis": 0.00225,
							"*-baby-*-bubalusquarlesi": 0.000925,
							"*-baby-*-pseudoryxnghetinhensis": 0.00185,
							"*-baby-*-syncerusantiquus": 0.00225,
							"*-baby-*-synceruscaffer": 0.00225,
							"*-baby-*-syncerusnanus": 0.00185,
							"*-baby-*-taurotragusderbianus": 0.0025,
							"*-baby-*-taurotragusoryx": 0.0025,
							"*-baby-*-tetracerusquadricornis": 0.000925,
							"*-baby-*-tragelaphusangasii": 0.00185,
							"*-baby-*-tragelaphusbuxtoni": 0.00185,
							"*-baby-*-tragelaphuseurycerus": 0.00225,
							"*-baby-*-tragelaphusimberbis": 0.0025,
							"*-baby-*-tragelaphusscriptus": 0.00185,
							"*-baby-*-tragelaphusspekii": 0.00185,
							"*-baby-*-tragelaphusstrepsiceros": 0.0025,
							"*-baby-*-tragelaphussylvaticus": 0.00185
						},
						"animationSpeedByType": {
							"*": 1
						},
						"preferredLightLevel": 24,
						"whenNotInEmotionState": "fleeondamage"
					},
					{
						"code": "wander",
						"animation": "Trot",
						"priority": 1.01,
						"priorityForCancel": 1.35,
						"wanderChance": 0.001,
						"movespeedByType": {
							"*-baby-*-bosprimigeniusprimigenius": 0.006,
							"*-baby-*-boselaphustragocamelus": 0.0075,
							"*-baby-*-bubalusarnee": 0.006,
							"*-baby-*-bubalusbrevicornis": 0.006,
							"*-baby-*-bubalusbubalis": 0.006,
							"*-baby-*-bubaluscebuensis": 0.0025,
							"*-baby-*-bubalusdepressicornis": 0.005,
							"*-baby-*-bubalusgrovesi": 0.005,
							"*-baby-*-bubalusmephistopheles": 0.006,
							"*-baby-*-bubalusmindorensis": 0.005,
							"*-baby-*-bubalusmurrensis": 0.006,
							"*-baby-*-bubalusquarlesi": 0.0025,
							"*-baby-*-pseudoryxnghetinhensis": 0.005,
							"*-baby-*-syncerusantiquus": 0.006,
							"*-baby-*-synceruscaffer": 0.006,
							"*-baby-*-syncerusnanus": 0.005,
							"*-baby-*-taurotragusderbianus": 0.0075,
							"*-baby-*-taurotragusoryx": 0.0075,
							"*-baby-*-tetracerusquadricornis": 0.0025,
							"*-baby-*-tragelaphusangasii": 0.005,
							"*-baby-*-tragelaphusbuxtoni": 0.005,
							"*-baby-*-tragelaphuseurycerus": 0.006,
							"*-baby-*-tragelaphusimberbis": 0.0075,
							"*-baby-*-tragelaphusscriptus": 0.005,
							"*-baby-*-tragelaphusspekii": 0.005,
							"*-baby-*-tragelaphusstrepsiceros": 0.0075,
							"*-baby-*-tragelaphussylvaticus": 0.005
						},
						"animationSpeedByType": {
							"*": 1
						},
						"preferredLightLevel": 24,
						"wanderRangeMaxByType": {"*-baby-*":20},
						"whenNotInEmotionState": "fleeondamage"
					},
					{
						"code": "idle",
						"animation": "Sit",
						"priority": 0.9,
						"minduration": 6000,
						"maxduration": 45000,
						"mincooldown": 6000,
						"maxcooldown": 120000,
						"priorityForCancel": 1.28,
						"stopOnNearbyEntityCodes": [ "player", "wolf-male", "wolf-female", "hyena-male", "hyena-female", "bear-*" ],
						"stopRange": 10,
						"stopOnHurt": true,
						"whenNotInEmotionState": "fleeondamage"
					},
					{
						"code": "lookaround",
						"priority": 0.5
					}
				]
			},
			{"code": "ropetieable","minGeneration": 2},
			{"code": "pettable","minGeneration": 1}
		]},
	"soundsByType": {
"*-bosprimigeniusprimigenius":{"hurt": "creature/bos/hurt*","death": "creature/bos/roar*","idle": "creature/bos/moo*"},
		"*-baby-*": {"hurt": "game:creature/hooved/generic/sniff*","death": "game:creature/hooved/generic/sniff*","idle": "game:creature/sheep/idle"}},
	"idleSoundChance": 0.01
}