{
	"editor": {
		"collapsedPaths": "",
		"allAngles": true,
		"entityTextureMode": true
	},
	"textureWidth": 40,
	"textureHeight": 44,
	"textureSizes": {
		"skin": [40,44]
	},
	"textures": {
	},
	"elements": [
		{
			"name": "Neck",
			"from": [ 13.2, 10.0, 7.05 ],
			"to": [ 17.1, 13.8, 8.95 ],
			"unwrapMode": 2,
			"autoUnwrap": false,
			"uv": [ 5.5, 5.0 ],
			"rotationOrigin": [ 16.8, 10.0, 8.0 ],
			"rotationZ": 100.0,
			"faces": {
				"north": { "texture": "#skin", "uv": [ 10.0, 7.5, 13.5, 11.0 ], "windMode": [-1,-1,-1,-1], "windData": [0,0,1,0] },
				"east": { "texture": "#skin", "uv": [ 8.5, 7.5, 10.0, 11.0 ], "windMode": [-1,-1,-1,-1], "windData": [1,0,0,1] },
				"south": { "texture": "#skin", "uv": [ 5.0, 7.5, 8.5, 11.0 ] },
				"west": { "texture": "#skin", "uv": [ 13.5, 7.5, 15.0, 11.0 ] },
				"up": { "texture": "#skin", "uv": [ 2.5, 7.5, 4.0, 11.0 ], "rotation": 90 }
			},
			"children": [
				{
					"name": "Neck2",
					"from": [ 0.4, 2.7, 0.15 ],
					"to": [ 3.8, 5.7, 1.75 ],
					"unwrapMode": 2,
					"uv": [ 5.5, 1.0 ],
					"rotationOrigin": [ 2.5, 2.7, 0.95 ],
					"rotationZ": -8.0,
					"faces": {
						"north": { "texture": "#skin", "uv": [ 10.0, 4.0, 13.0, 7.0 ] },
						"east": { "texture": "#skin", "uv": [ 8.5, 4.0, 10.0, 7.0 ] },
						"south": { "texture": "#skin", "uv": [ 5.5, 4.0, 8.5, 7.0 ] },
						"west": { "texture": "#skin", "uv": [ 13.0, 4.0, 14.5, 7.0 ] },
						"up": { "texture": "#skin", "uv": [ 8.5, 1.0, 10.0, 4.0 ], "rotation": 270 }
					},
					"children": [
						{
							"name": "Head",
							"from": [ 1.7392, 0.5, -0.2 ],
							"to": [ 3.1392, 3.5, 1.9 ],
							"unwrapMode": 4,
							"uv": [ 5.5, 30.0 ],
							"rotationOrigin": [ 3.0, 3.0, 0.8 ],
							"rotationZ": -59.0,
							"faces": {
								"north": { "texture": "#skin", "uv": [ 5.5, 31.0, 6.5, 34.0 ] },
								"east": { "texture": "#skin", "uv": [ 9.5, 31.0, 11.5, 34.0 ] },
								"south": { "texture": "#skin", "uv": [ 8.5, 31.0, 9.5, 34.0 ] },
								"west": { "texture": "#skin", "uv": [ 6.5, 31.0, 8.5, 34.0 ] },
								"up": { "texture": "#skin", "uv": [ 6.5, 30.0, 8.5, 31.0 ], "rotation": 90 },
								"down": { "texture": "#skin", "uv": [ 6.5, 34.0, 8.5, 35.0 ], "rotation": 90 }
							},
							"children": [
								{
									"name": "MouthUp",
									"from": [ -2.5, 0.9, 0.25 ],
									"to": [ 0.1, 1.5, 1.85 ],
									"unwrapMode": 5,
									"unwrapRotation": 1,
									"uv": [ 6.0, 37.0 ],
									"rotationOrigin": [ -0.8, 1.4, 1.0 ],
									"rotationZ": 4.0,
									"faces": {
										"north": { "texture": "#skin", "uv": [ 6.0, 37.0, 6.5, 39.5 ], "rotation": 270 },
										"south": { "texture": "#skin", "uv": [ 8.0, 37.0, 8.5, 39.5 ], "rotation": 90 },
										"west": { "texture": "#skin", "uv": [ 6.5, 39.5, 8.0, 40.0 ] },
										"up": { "texture": "#skin", "uv": [ 6.5, 37.0, 8.0, 39.5 ], "rotation": 90, "windMode": [-1,-1,-1,-1], "windData": [1,1,1,1] },
										"down": { "texture": "#skin", "uv": [ 8.5, 37.0, 10.0, 39.5 ], "rotation": 270 }
									},
									"children": [
										{
											"name": "Nose",
											"from": [ 0.5, -0.1, 0.15 ],
											"to": [ 2.8, 1.1, 1.45 ],
											"unwrapMode": 5,
											"unwrapRotation": 1,
											"uv": [ 11.0, 38.0 ],
											"rotationOrigin": [ 0.5, 1.0, 0.3 ],
											"rotationZ": 16.0,
											"faces": {
												"north": { "texture": "#skin", "uv": [ 11.0, 38.0, 12.0, 40.0 ], "rotation": 270, "windMode": [-1,-1,-1,-1], "windData": [1,1,1,1] },
												"south": { "texture": "#skin", "uv": [ 13.0, 38.0, 14.0, 40.0 ], "rotation": 90 },
												"west": { "texture": "#skin", "uv": [ 12.0, 40.0, 13.0, 41.0 ], "windMode": [-1,-1,-1,-1], "windData": [1,1,1,1] },
												"up": { "texture": "#skin", "uv": [ 12.0, 38.0, 13.0, 40.0 ], "rotation": 90 }
											},
											"children": [
												{
													"name": "Snout",
													"from": [ -0.8, 0.2, -0.1 ],
													"to": [ 0.2, 1.2, 1.4 ],
													"unwrapMode": 4,
													"uv": [ 3.0, 34.5 ],
													"rotationOrigin": [ 0.0, 1.1, 0.5 ],
													"rotationZ": -9.0,
													"faces": {
														"north": { "texture": "#skin", "uv": [ 3.0, 35.5, 4.0, 36.5 ], "windMode": [-1,-1,-1,-1], "windData": [1,1,1,1] },
														"east": { "texture": "#skin", "uv": [ 6.5, 35.5, 8.0, 36.5 ], "windMode": [-1,-1,-1,-1], "windData": [1,1,1,1] },
														"south": { "texture": "#skin", "uv": [ 5.5, 35.5, 6.5, 36.5 ], "windMode": [-1,-1,-1,-1], "windData": [1,1,1,1] },
														"west": { "texture": "#skin", "uv": [ 4.0, 35.5, 5.5, 36.5 ], "windMode": [-1,-1,-1,-1], "windData": [1,1,1,1] },
														"up": { "texture": "#skin", "uv": [ 4.0, 34.5, 5.5, 35.5 ], "rotation": 90, "windMode": [-1,-1,-1,-1], "windData": [1,1,1,1] },
														"down": { "texture": "#skin", "uv": [ 4.0, 36.5, 5.5, 37.5 ], "rotation": 90, "windMode": [-1,-1,-1,-1], "windData": [1,1,1,1] }
													}
												},
												{
													"name": "NoseBridge",
													"from": [ 1.37, 0.0, -0.1 ],
													"to": [ 2.37, 1.2, 1.4 ],
													"unwrapMode": 7,
													"unwrapRotation": 1,
													"uv": [ 1.0, 31.5 ],
													"rotationOrigin": [ 1.37, 1.2, -0.1 ],
													"rotationZ": 18.0,
													"faces": {
														"north": { "texture": "#skin", "uv": [ 3.5, 32.5, 4.5, 33.5 ], "rotation": 90 },
														"east": { "texture": "#skin", "uv": [ 2.0, 33.5, 3.5, 34.5 ] },
														"south": { "texture": "#skin", "uv": [ 1.0, 32.5, 2.0, 33.5 ], "rotation": 270 },
														"west": { "texture": "#skin", "uv": [ 2.0, 31.5, 3.5, 32.5 ], "rotation": 180 },
														"up": { "texture": "#skin", "uv": [ 2.0, 32.5, 3.5, 33.5 ], "rotation": 270 }
													}
												}
											]
										}
									]
								},
								{
									"name": "L Ear",
									"from": [ 0.8, 1.8, 1.6 ],
									"to": [ 0.9, 2.5, 2.4 ],
									"unwrapMode": 4,
									"uv": [ 16.0, 5.5 ],
									"rotationOrigin": [ 0.9, 1.8, 2.0 ],
									"rotationX": 90.0,
									"rotationY": 14.0,
									"faces": {
										"north": { "texture": "#skin", "uv": [ 16.0, 6.0, 16.5, 6.5 ], "windMode": [-1,-1,-1,-1], "windData": [1,1,1,1] },
										"east": { "texture": "#skin", "uv": [ 17.5, 6.0, 18.0, 6.5 ] },
										"south": { "texture": "#skin", "uv": [ 17.0, 6.0, 17.5, 6.5 ], "windMode": [-1,-1,-1,-1], "windData": [1,1,1,1] },
										"west": { "texture": "#skin", "uv": [ 16.5, 6.0, 17.0, 6.5 ] },
										"up": { "texture": "#skin", "uv": [ 16.5, 5.5, 17.0, 6.0 ], "rotation": 90 },
										"down": { "texture": "#skin", "uv": [ 16.5, 6.5, 17.0, 7.0 ], "rotation": 90 }
									},
									"children": [
										{
											"name": "L Ear3",
											"from": [ 0.0, 0.7, 0.0 ],
											"to": [ 0.1, 1.7, 0.3 ],
											"unwrapMode": 4,
											"uv": [ 17.5, 3.5 ],
											"rotationOrigin": [ 0.1, 0.7, 0.0 ],
											"rotationX": 8.0,
											"rotationY": 1.0,
											"faces": {
												"north": { "texture": "#skin", "uv": [ 17.5, 4.0, 18.0, 5.0 ] },
												"east": { "texture": "#skin", "uv": [ 19.0, 4.0, 19.5, 5.0 ] },
												"south": { "texture": "#skin", "uv": [ 18.5, 4.0, 19.0, 5.0 ] },
												"west": { "texture": "#skin", "uv": [ 18.0, 4.0, 18.5, 5.0 ] },
												"up": { "texture": "#skin", "uv": [ 18.0, 3.5, 18.5, 4.0 ], "rotation": 90 },
												"down": { "texture": "#skin", "uv": [ 18.0, 5.0, 18.5, 5.5 ], "rotation": 90 }
											}
										},
										{
											"name": "L Ear2",
											"from": [ 0.0, 0.7, 0.3 ],
											"to": [ 0.1, 1.7, 0.8 ],
											"unwrapMode": 4,
											"uv": [ 15.0, 3.5 ],
											"rotationOrigin": [ 0.1, 0.7, 0.8 ],
											"rotationX": -10.0,
											"rotationY": -1.0,
											"faces": {
												"north": { "texture": "#skin", "uv": [ 15.0, 4.0, 15.5, 5.0 ] },
												"east": { "texture": "#skin", "uv": [ 16.5, 4.0, 17.0, 5.0 ] },
												"south": { "texture": "#skin", "uv": [ 16.0, 4.0, 16.5, 5.0 ] },
												"west": { "texture": "#skin", "uv": [ 15.5, 4.0, 16.0, 5.0 ] },
												"up": { "texture": "#skin", "uv": [ 15.5, 3.5, 16.0, 4.0 ], "rotation": 90 },
												"down": { "texture": "#skin", "uv": [ 15.5, 5.0, 16.0, 5.5 ], "rotation": 90 }
											}
										}
									]
								},
								{
									"name": "R Eye",
									"from": [ -0.01, 2.05, -0.01 ],
									"to": [ 0.49, 2.25, 0.09 ],
									"unwrapMode": 5,
									"uv": [ 15.5, 9.5 ],
									"rotationOrigin": [ -0.01, 2.2, -0.01 ],
									"faces": {
										"north": { "texture": "#skin", "uv": [ 16.0, 9.5, 16.5, 10.0 ], "rotation": 180 },
										"east": { "texture": "#skin", "uv": [ 16.5, 10.0, 17.0, 10.5 ], "rotation": 90 },
										"west": { "texture": "#skin", "uv": [ 15.5, 10.0, 16.0, 10.5 ], "rotation": 270 },
										"up": { "texture": "#skin", "uv": [ 16.0, 10.0, 16.5, 10.5 ] },
										"down": { "texture": "#skin", "uv": [ 17.0, 10.0, 17.5, 10.5 ] }
									},
									"children": [
										{
											"name": "R Eye2",
											"from": [ 0.0, 0.2, 0.0 ],
											"to": [ 0.5, 0.4, 0.1 ],
											"unwrapMode": 5,
											"uv": [ 15.5, 7.5 ],
											"rotationOrigin": [ 0.0, 0.4, -0.1 ],
											"faces": {
												"north": { "texture": "#skin", "uv": [ 16.0, 7.5, 16.5, 8.0 ], "rotation": 180 },
												"east": { "texture": "#skin", "uv": [ 16.5, 8.0, 17.0, 8.5 ], "rotation": 90 },
												"west": { "texture": "#skin", "uv": [ 15.5, 8.0, 16.0, 8.5 ], "rotation": 270 },
												"up": { "texture": "#skin", "uv": [ 16.0, 8.0, 16.5, 8.5 ] },
												"down": { "texture": "#skin", "uv": [ 17.0, 8.0, 17.5, 8.5 ] }
											},
											"children": [
												{
													"name": "R Pupil",
													"from": [ -0.01, -0.1, -0.01 ],
													"to": [ 0.29, 0.1, 0.09 ],
													"unwrapMode": 5,
													"uv": [ 17.5, 8.5 ],
													"rotationOrigin": [ -0.01, -0.1, -0.01 ],
													"faces": {
														"north": { "texture": "#skin", "uv": [ 18.0, 8.5, 18.5, 9.0 ], "rotation": 180, "windMode": [-1,-1,-1,-1], "windData": [1,1,1,1] },
														"east": { "texture": "#skin", "uv": [ 18.5, 9.0, 19.0, 9.5 ], "rotation": 90 },
														"west": { "texture": "#skin", "uv": [ 17.5, 9.0, 18.0, 9.5 ], "rotation": 270 },
														"up": { "texture": "#skin", "uv": [ 18.0, 9.0, 18.5, 9.5 ] },
														"down": { "texture": "#skin", "uv": [ 19.0, 9.0, 19.5, 9.5 ] }
													}
												}
											]
										}
									]
								},
								{
									"name": "R Ear",
									"from": [ 0.8, 1.8, -0.5 ],
									"to": [ 0.9, 2.5, 0.3 ],
									"unwrapMode": 4,
									"uv": [ 1.5, 5.5 ],
									"rotationOrigin": [ 0.9, 1.8, 0.1 ],
									"rotationX": -90.0,
									"rotationY": -15.0,
									"faces": {
										"north": { "texture": "#skin", "uv": [ 1.5, 6.0, 2.0, 6.5 ] },
										"east": { "texture": "#skin", "uv": [ 3.0, 6.0, 3.5, 6.5 ] },
										"south": { "texture": "#skin", "uv": [ 2.5, 6.0, 3.0, 6.5 ], "windMode": [-1,-1,-1,-1], "windData": [1,1,1,1] },
										"west": { "texture": "#skin", "uv": [ 2.0, 6.0, 2.5, 6.5 ] },
										"up": { "texture": "#skin", "uv": [ 2.0, 5.5, 2.5, 6.0 ], "rotation": 90 },
										"down": { "texture": "#skin", "uv": [ 2.0, 6.5, 2.5, 7.0 ], "rotation": 90 }
									},
									"children": [
										{
											"name": "R Ear2",
											"from": [ 0.0, 0.7, 0.0 ],
											"to": [ 0.1, 1.7, 0.5 ],
											"unwrapMode": 4,
											"uv": [ 0.5, 3.5 ],
											"rotationOrigin": [ 0.1, 0.7, 0.0 ],
											"rotationX": 10.0,
											"rotationY": 1.0,
											"faces": {
												"north": { "texture": "#skin", "uv": [ 0.5, 4.0, 1.0, 5.0 ] },
												"east": { "texture": "#skin", "uv": [ 2.0, 4.0, 2.5, 5.0 ] },
												"south": { "texture": "#skin", "uv": [ 1.5, 4.0, 2.0, 5.0 ] },
												"west": { "texture": "#skin", "uv": [ 1.0, 4.0, 1.5, 5.0 ] },
												"up": { "texture": "#skin", "uv": [ 1.0, 3.5, 1.5, 4.0 ], "rotation": 90 },
												"down": { "texture": "#skin", "uv": [ 1.0, 5.0, 1.5, 5.5 ], "rotation": 90 }
											}
										},
										{
											"name": "R Ear3",
											"from": [ 0.0, 0.7, 0.5 ],
											"to": [ 0.1, 1.7, 0.8 ],
											"unwrapMode": 4,
											"uv": [ 3.0, 3.5 ],
											"rotationOrigin": [ 0.1, 0.7, 0.8 ],
											"rotationX": -8.0,
											"rotationY": -1.0,
											"faces": {
												"north": { "texture": "#skin", "uv": [ 3.0, 4.0, 3.5, 5.0 ] },
												"east": { "texture": "#skin", "uv": [ 4.5, 4.0, 5.0, 5.0 ] },
												"south": { "texture": "#skin", "uv": [ 4.0, 4.0, 4.5, 5.0 ] },
												"west": { "texture": "#skin", "uv": [ 3.5, 4.0, 4.0, 5.0 ] },
												"up": { "texture": "#skin", "uv": [ 3.5, 3.5, 4.0, 4.0 ], "rotation": 90 },
												"down": { "texture": "#skin", "uv": [ 3.5, 5.0, 4.0, 5.5 ], "rotation": 90 }
											}
										}
									]
								},
								{
									"name": "L Eye",
									"from": [ -0.01, 2.05, 2.01 ],
									"to": [ 0.49, 2.25, 2.11 ],
									"unwrapMode": 5,
									"uv": [ 15.5, 10.0 ],
									"rotationOrigin": [ -0.01, 2.1, 2.01 ],
									"faces": {
										"east": { "texture": "#skin", "uv": [ 16.5, 10.0, 17.0, 10.5 ], "rotation": 90 },
										"south": { "texture": "#skin", "uv": [ 16.0, 10.5, 16.5, 11.0 ] },
										"west": { "texture": "#skin", "uv": [ 15.5, 10.0, 16.0, 10.5 ], "rotation": 270 },
										"up": { "texture": "#skin", "uv": [ 16.0, 10.0, 16.5, 10.5 ] },
										"down": { "texture": "#skin", "uv": [ 17.0, 10.0, 17.5, 10.5 ] }
									},
									"children": [
										{
											"name": "L Eye2",
											"from": [ 0.0, 0.2, 0.0 ],
											"to": [ 0.5, 0.4, 0.1 ],
											"unwrapMode": 5,
											"uv": [ 15.5, 8.0 ],
											"rotationOrigin": [ 0.0, 0.5, -0.1 ],
											"faces": {
												"east": { "texture": "#skin", "uv": [ 16.5, 8.0, 17.0, 8.5 ], "rotation": 90 },
												"south": { "texture": "#skin", "uv": [ 16.0, 8.5, 16.5, 9.0 ] },
												"west": { "texture": "#skin", "uv": [ 15.5, 8.0, 16.0, 8.5 ], "rotation": 270 },
												"up": { "texture": "#skin", "uv": [ 16.0, 8.0, 16.5, 8.5 ] },
												"down": { "texture": "#skin", "uv": [ 17.0, 8.0, 17.5, 8.5 ] }
											},
											"children": [
												{
													"name": "L Pupil",
													"from": [ -0.01, -0.1, 0.01 ],
													"to": [ 0.29, 0.1, 0.11 ],
													"unwrapMode": 5,
													"uv": [ 17.5, 9.0 ],
													"rotationOrigin": [ -0.01, -0.1, 0.01 ],
													"faces": {
														"east": { "texture": "#skin", "uv": [ 18.5, 9.0, 19.0, 9.5 ], "rotation": 90 },
														"south": { "texture": "#skin", "uv": [ 18.0, 9.5, 18.5, 10.0 ] },
														"west": { "texture": "#skin", "uv": [ 17.5, 9.0, 18.0, 9.5 ], "rotation": 270 },
														"up": { "texture": "#skin", "uv": [ 18.0, 9.0, 18.5, 9.5 ] },
														"down": { "texture": "#skin", "uv": [ 19.0, 9.0, 19.5, 9.5 ] }
													}
												}
											]
										}
									]
								},
								{
									"name": "Jaw",
									"from": [ -1.8, -0.4, 0.45 ],
									"to": [ 0.9, 1.0, 1.65 ],
									"unwrapMode": 5,
									"unwrapRotation": 1,
									"uv": [ 14.5, 38.0 ],
									"rotationOrigin": [ 0.9, 0.4, 1.0 ],
									"rotationZ": -12.0,
									"faces": {
										"north": { "texture": "#skin", "uv": [ 14.5, 38.0, 15.5, 40.5 ], "rotation": 270 },
										"south": { "texture": "#skin", "uv": [ 16.5, 38.0, 17.5, 40.5 ], "rotation": 90 },
										"west": { "texture": "#skin", "uv": [ 15.5, 40.5, 16.5, 41.5 ] },
										"up": { "texture": "#skin", "uv": [ 15.5, 38.0, 16.5, 40.5 ], "rotation": 90 },
										"down": { "texture": "#skin", "uv": [ 17.5, 38.0, 18.5, 40.5 ], "rotation": 270 }
									},
									"children": [
										{
											"name": "Jaw2",
											"from": [ -0.7, 0.1, 0.05 ],
											"to": [ 0.5, 0.7, 1.15 ],
											"unwrapMode": 5,
											"unwrapRotation": 1,
											"uv": [ 9.0, 34.5 ],
											"rotationOrigin": [ 0.5, 0.4, 0.6 ],
											"rotationZ": -4.0,
											"faces": {
												"north": { "texture": "#skin", "uv": [ 9.0, 34.5, 9.5, 35.5 ], "rotation": 270 },
												"south": { "texture": "#skin", "uv": [ 10.5, 34.5, 11.0, 35.5 ], "rotation": 90 },
												"west": { "texture": "#skin", "uv": [ 9.5, 35.5, 10.5, 36.0 ] },
												"up": { "texture": "#skin", "uv": [ 9.5, 34.5, 10.5, 35.5 ], "rotation": 90 },
												"down": { "texture": "#skin", "uv": [ 11.0, 34.5, 12.0, 35.5 ], "rotation": 270 }
											}
										},
										{
											"name": "Tongue",
											"from": [ -0.3, 0.5, 0.3 ],
											"to": [ 0.7, 1.0, 0.9 ],
											"unwrapMode": 7,
											"unwrapRotation": 1,
											"uv": [ 18.5, 6.5 ],
											"rotationOrigin": [ 0.6, 0.8, 0.6 ],
											"rotationZ": 20.0,
											"faces": {
												"north": { "texture": "#skin", "uv": [ 19.5, 7.0, 20.0, 8.0 ], "rotation": 90 },
												"south": { "texture": "#skin", "uv": [ 18.5, 7.0, 19.0, 8.0 ], "rotation": 270 },
												"west": { "texture": "#skin", "uv": [ 19.0, 6.5, 19.5, 7.0 ], "rotation": 180 },
												"up": { "texture": "#skin", "uv": [ 19.0, 7.0, 19.5, 8.0 ], "rotation": 270 },
												"down": { "texture": "#skin", "uv": [ 20.0, 7.0, 20.5, 8.0 ], "rotation": 90 }
											}
										}
									]
								},
								{
									"name": "AntlerBase",
									"from": [ 0.5, 2.3, 1.0 ],
									"to": [ 0.5, 2.3, 1.0 ],
									"uv": [ 0.0, 0.0 ],
									"rotationOrigin": [ 0.5, 2.3, 1.0 ],
									"faces": {
									}
								}
							]
						}
					],
					"attachmentpoints": [
						{
							"code": "rope",
							"posX": "0.0","posY": "2.0","posZ": "0.8",
							"rotationX": "0.0","rotationY": "0.0","rotationZ": "0.0"
						}
					]
				}
			]
		}
	]}