{
	"editor": {
		"collapsedPaths": "Root/Bow_holder_1,Root/Bow_holder_4,Root/Bow_right_limb_7,Root/Bow_right_limb_1,Root/Cube12,Root/lever_1,Root/Bow/Bow_right_limb_13,Root/Bow/Bow_String/Bpw_String_left,Root/Stock/Stock_front_1,Root/Bow/String_3,Root/Bow/Bow_right_limb_7,Root/Cube2,Root/Cube3,Root/Wheel",
		"allAngles": false,
		"entityTextureMode": false
	},
	"textureWidth": 16,
	"textureHeight": 16,
	"textureSizes": {
	},
	"textures": {
		"wrapping": "game:block/cloth/linen/normal1",
		"plain": "game:block/leather/plain",
		"blackbronze": "game:block/metal/ingot/blackbronze",
		"aged": "game:block/wood/debarked/aged",
		"kapok": "game:block/wood/debarked/kapok",
		"wood": "game:block/wood/debarked/larch",
		"feather": "game:item/tool/material/feather"
	},
	"elements": [
		{
			"name": "Bow",
			"from": [ -0.5, -0.8, 7.5 ],
			"to": [ -0.5, -0.8, 7.5 ],
			"rotationOrigin": [ 8.0, 0.0, 8.0 ],
			"faces": {
				"north": { "texture": "#wood", "uv": [ 0.0, 0.0, 0.5, 0.5 ] },
				"east": { "texture": "#wood", "uv": [ 0.0, 0.0, 0.5, 0.5 ] },
				"south": { "texture": "#wood", "uv": [ 0.0, 0.0, 0.5, 0.5 ] },
				"west": { "texture": "#wood", "uv": [ 0.0, 0.0, 0.5, 0.5 ] },
				"up": { "texture": "#wood", "uv": [ 0.0, 0.0, 0.5, 0.5 ] },
				"down": { "texture": "#wood", "uv": [ 0.0, 0.0, 0.5, 0.5 ] }
			},
			"children": [
				{
					"name": "Bow_limbs",
					"from": [ 7.5, 0.3, 0.0 ],
					"to": [ 9.5, 1.3, 1.0 ],
					"rotationOrigin": [ 8.5, 0.7, 0.5 ],
					"faces": {
						"north": { "texture": "#wood", "uv": [ 0.0, 0.0, 2.0, 1.0 ] },
						"east": { "texture": "#wood", "uv": [ 0.0, 0.0, 1.0, 1.0 ] },
						"south": { "texture": "#wood", "uv": [ 0.0, 0.0, 2.0, 1.0 ] },
						"west": { "texture": "#wood", "uv": [ 0.0, 0.0, 1.0, 1.0 ] },
						"up": { "texture": "#wood", "uv": [ 0.0, 0.0, 2.0, 1.0 ] },
						"down": { "texture": "#wood", "uv": [ 0.0, 0.0, 2.0, 1.0 ] }
					},
					"children": [
						{
							"name": "Bow_right_limb",
							"from": [ 2.0, 0.0, 0.0 ],
							"to": [ 5.0, 1.0, 1.2 ],
							"rotationOrigin": [ 2.0, 0.5, 0.5 ],
							"faces": {
								"north": { "texture": "#kapok", "uv": [ 2.7, 11.0, 7.0, 12.5 ], "autoUv": false },
								"east": { "texture": "#kapok", "uv": [ 1.0, 0.0, 2.0, 1.0 ] },
								"south": { "texture": "#kapok", "uv": [ 8.2, 4.0, 12.5, 5.5 ], "autoUv": false },
								"west": { "texture": "#kapok", "uv": [ 1.5, 0.0, 2.5, 1.0 ] },
								"up": { "texture": "#kapok", "uv": [ 8.2, 2.5, 12.5, 4.2 ], "autoUv": false },
								"down": { "texture": "#kapok", "uv": [ 8.0, 2.5, 12.3, 4.2 ], "autoUv": false }
							},
							"children": [
								{
									"name": "Bow_right_limb_14",
									"from": [ 3.0, 0.01, 0.0 ],
									"to": [ 6.0, 0.99, 1.1 ],
									"rotationOrigin": [ 3.0, 0.0, 0.0 ],
									"rotationY": -3.0,
									"faces": {
										"north": { "texture": "#kapok", "uv": [ 6.9, 9.5, 11.5, 11.0 ], "autoUv": false },
										"east": { "texture": "#kapok", "uv": [ 3.5, 0.0, 4.5, 0.5 ] },
										"south": { "texture": "#kapok", "uv": [ 6.9, 4.0, 11.5, 5.5 ], "autoUv": false },
										"west": { "texture": "#kapok", "uv": [ 3.0, 0.0, 4.0, 0.5 ] },
										"up": { "texture": "#kapok", "uv": [ 6.9, 2.5, 11.5, 4.1 ], "autoUv": false },
										"down": { "texture": "#kapok", "uv": [ 7.0, 2.5, 11.6, 4.1 ], "autoUv": false }
									},
									"children": [
										{
											"name": "Bow_right_limb_15",
											"from": [ 3.0, 0.01, 0.0 ],
											"to": [ 6.0, 0.97, 1.0 ],
											"rotationOrigin": [ 3.0, 0.0, 0.0 ],
											"rotationY": -4.0,
											"faces": {
												"north": { "texture": "#kapok", "uv": [ 7.4, 9.5, 12.0, 11.0 ], "autoUv": false, "windMode": [-1,-1,-1,-1] },
												"east": { "texture": "#kapok", "uv": [ 0.0, 0.0, 0.5, 1.0 ], "autoUv": false, "windMode": [-1,-1,-1,-1] },
												"south": { "texture": "#kapok", "uv": [ 7.4, 3.5, 12.0, 5.0 ], "autoUv": false, "windMode": [-1,-1,-1,-1] },
												"west": { "texture": "#kapok", "uv": [ 0.0, 0.0, 0.5, 1.0 ], "autoUv": false, "windMode": [-1,-1,-1,-1] },
												"up": { "texture": "#kapok", "uv": [ 7.4, 2.5, 12.0, 4.0 ], "autoUv": false, "windMode": [-1,-1,-1,-1] },
												"down": { "texture": "#kapok", "uv": [ 7.4, 2.5, 13.0, 4.0 ], "autoUv": false, "windMode": [-1,-1,-1,-1] }
											},
											"children": [
												{
													"name": "Bow_right_limb_16",
													"from": [ 3.0, 0.01, 0.0 ],
													"to": [ 6.0, 0.95, 0.9 ],
													"rotationOrigin": [ 3.0, 0.0, 0.0 ],
													"rotationY": -6.0,
													"faces": {
														"north": { "texture": "#kapok", "uv": [ 8.9, 10.0, 13.5, 11.5 ], "autoUv": false, "windMode": [-1,-1,-1,-1] },
														"east": { "texture": "#kapok", "uv": [ 0.0, 0.0, 0.5, 1.0 ], "autoUv": false, "windMode": [-1,-1,-1,-1] },
														"south": { "texture": "#kapok", "uv": [ 8.9, 3.5, 13.5, 5.0 ], "autoUv": false, "windMode": [-1,-1,-1,-1] },
														"west": { "texture": "#kapok", "uv": [ 0.0, 0.0, 0.5, 1.0 ], "autoUv": false, "windMode": [-1,-1,-1,-1] },
														"up": { "texture": "#kapok", "uv": [ 8.9, 2.5, 13.5, 3.9 ], "autoUv": false, "windMode": [-1,-1,-1,-1] },
														"down": { "texture": "#kapok", "uv": [ 8.9, 2.5, 13.5, 3.9 ], "autoUv": false, "windMode": [-1,-1,-1,-1] }
													},
													"children": [
														{
															"name": "Bow_right_limb_17",
															"from": [ 3.0, 0.01, 0.0 ],
															"to": [ 5.5, 0.93, 0.8 ],
															"rotationOrigin": [ 3.0, 0.0, 0.0 ],
															"rotationY": -7.0,
															"faces": {
																"north": { "texture": "#kapok", "uv": [ 12.0, 10.5, 16.0, 12.0 ], "autoUv": false, "windMode": [-1,-1,-1,-1] },
																"east": { "texture": "#kapok", "uv": [ 0.0, 0.0, 1.0, 1.0 ], "autoUv": false, "windMode": [-1,-1,-1,-1] },
																"south": { "texture": "#kapok", "uv": [ 12.0, 3.5, 16.0, 5.0 ], "autoUv": false, "windMode": [-1,-1,-1,-1] },
																"west": { "texture": "#kapok", "uv": [ 0.0, 0.0, 0.5, 1.0 ], "autoUv": false, "windMode": [-1,-1,-1,-1] },
																"up": { "texture": "#kapok", "uv": [ 12.0, 2.5, 16.0, 3.8 ], "autoUv": false, "windMode": [-1,-1,-1,-1] },
																"down": { "texture": "#kapok", "uv": [ 12.0, 2.5, 16.0, 3.8 ], "autoUv": false, "windMode": [-1,-1,-1,-1] }
															},
															"children": [
																{
																	"name": "Bow_right_limb_18",
																	"from": [ 2.5, 0.15, 0.1 ],
																	"to": [ 3.8, 0.75, 0.8 ],
																	"rotationOrigin": [ 2.5, 0.1, 0.8 ],
																	"rotationY": 12.0,
																	"faces": {
																		"north": { "texture": "#kapok", "uv": [ 0.0, 0.0, 1.5, 1.0 ], "autoUv": false, "windMode": [-1,-1,-1,-1] },
																		"east": { "texture": "#kapok", "uv": [ 4.0, 15.0, 5.5, 16.0 ], "autoUv": false, "windMode": [-1,-1,-1,-1] },
																		"south": { "texture": "#kapok", "uv": [ 3.5, 15.0, 6.0, 16.0 ], "autoUv": false, "windMode": [-1,-1,-1,-1] },
																		"west": { "texture": "#kapok", "uv": [ 4.5, 15.5, 5.5, 16.5 ], "autoUv": false, "windMode": [-1,-1,-1,-1] },
																		"up": { "texture": "#kapok", "uv": [ 3.5, 14.5, 6.0, 16.0 ], "autoUv": false, "windMode": [-1,-1,-1,-1] },
																		"down": { "texture": "#kapok", "uv": [ 4.0, 14.5, 5.5, 15.5 ], "autoUv": false, "windMode": [-1,-1,-1,-1] }
																	}
																}
															]
														}
													]
												}
											]
										}
									]
								}
							]
						},
						{
							"name": "Bow_left_limb",
							"from": [ 0.0, 0.0, 0.0 ],
							"to": [ 3.0, 1.0, 1.2 ],
							"rotationOrigin": [ 0.0, 0.5, 0.5 ],
							"rotationZ": 180.0,
							"faces": {
								"north": { "texture": "#kapok", "uv": [ 2.7, 11.0, 7.0, 12.5 ], "autoUv": false },
								"east": { "texture": "#kapok", "uv": [ 1.0, 0.0, 2.0, 1.0 ] },
								"south": { "texture": "#kapok", "uv": [ 8.2, 4.0, 12.5, 5.5 ], "autoUv": false },
								"west": { "texture": "#kapok", "uv": [ 1.5, 0.0, 2.5, 1.0 ] },
								"up": { "texture": "#kapok", "uv": [ 8.2, 2.5, 12.5, 4.2 ], "autoUv": false },
								"down": { "texture": "#kapok", "uv": [ 8.0, 2.5, 12.3, 4.2 ], "autoUv": false }
							},
							"children": [
								{
									"name": "Bow_right_limb_19",
									"from": [ 3.0, 0.01, 0.0 ],
									"to": [ 6.0, 0.99, 1.1 ],
									"rotationOrigin": [ 3.0, 0.0, 0.0 ],
									"rotationY": -3.0,
									"faces": {
										"north": { "texture": "#kapok", "uv": [ 6.9, 9.5, 11.5, 11.0 ], "autoUv": false },
										"east": { "texture": "#kapok", "uv": [ 3.5, 0.0, 4.5, 0.5 ] },
										"south": { "texture": "#kapok", "uv": [ 6.9, 4.0, 11.5, 5.5 ], "autoUv": false },
										"west": { "texture": "#kapok", "uv": [ 3.0, 0.0, 4.0, 0.5 ] },
										"up": { "texture": "#kapok", "uv": [ 6.9, 2.5, 11.5, 4.1 ], "autoUv": false },
										"down": { "texture": "#kapok", "uv": [ 7.0, 2.5, 11.6, 4.1 ], "autoUv": false }
									},
									"children": [
										{
											"name": "Bow_right_limb_20",
											"from": [ 3.0, 0.01, 0.0 ],
											"to": [ 6.0, 0.97, 1.0 ],
											"rotationOrigin": [ 3.0, 0.0, 0.0 ],
											"rotationY": -4.0,
											"faces": {
												"north": { "texture": "#kapok", "uv": [ 7.4, 9.5, 12.0, 11.0 ], "autoUv": false },
												"east": { "texture": "#kapok", "uv": [ 0.0, 0.0, 0.5, 1.0 ], "autoUv": false },
												"south": { "texture": "#kapok", "uv": [ 7.4, 3.5, 12.0, 5.0 ], "autoUv": false },
												"west": { "texture": "#kapok", "uv": [ 0.0, 0.0, 0.5, 1.0 ], "autoUv": false },
												"up": { "texture": "#kapok", "uv": [ 7.4, 2.5, 12.0, 4.0 ], "autoUv": false },
												"down": { "texture": "#kapok", "uv": [ 7.4, 2.5, 13.0, 4.0 ], "autoUv": false }
											},
											"children": [
												{
													"name": "Bow_right_limb_21",
													"from": [ 3.0, 0.01, 0.0 ],
													"to": [ 6.0, 0.95, 0.9 ],
													"rotationOrigin": [ 3.0, 0.0, 0.0 ],
													"rotationY": -6.0,
													"faces": {
														"north": { "texture": "#kapok", "uv": [ 8.9, 10.0, 13.5, 11.5 ], "autoUv": false },
														"east": { "texture": "#kapok", "uv": [ 0.0, 0.0, 0.5, 1.0 ], "autoUv": false },
														"south": { "texture": "#kapok", "uv": [ 8.9, 3.5, 13.5, 5.0 ], "autoUv": false },
														"west": { "texture": "#kapok", "uv": [ 0.0, 0.0, 0.5, 1.0 ], "autoUv": false },
														"up": { "texture": "#kapok", "uv": [ 8.9, 2.5, 13.5, 3.9 ], "autoUv": false },
														"down": { "texture": "#kapok", "uv": [ 8.9, 2.5, 13.5, 3.9 ], "autoUv": false }
													},
													"children": [
														{
															"name": "Bow_right_limb_22",
															"from": [ 3.0, 0.01, 0.0 ],
															"to": [ 5.5, 0.93, 0.8 ],
															"rotationOrigin": [ 3.0, 0.0, 0.0 ],
															"rotationY": -7.0,
															"faces": {
																"north": { "texture": "#kapok", "uv": [ 12.0, 10.5, 16.0, 12.0 ], "autoUv": false },
																"east": { "texture": "#kapok", "uv": [ 0.0, 0.0, 1.0, 1.0 ], "autoUv": false },
																"south": { "texture": "#kapok", "uv": [ 12.0, 3.5, 16.0, 5.0 ], "autoUv": false },
																"west": { "texture": "#kapok", "uv": [ 0.0, 0.0, 0.5, 1.0 ], "autoUv": false },
																"up": { "texture": "#kapok", "uv": [ 12.0, 2.5, 16.0, 3.8 ], "autoUv": false },
																"down": { "texture": "#kapok", "uv": [ 12.0, 2.5, 16.0, 3.8 ], "autoUv": false }
															},
															"children": [
																{
																	"name": "Bow_right_limb_23",
																	"from": [ 2.5, 0.15, 0.1 ],
																	"to": [ 3.8, 0.75, 0.8 ],
																	"rotationOrigin": [ 2.5, 0.1, 0.8 ],
																	"rotationY": 12.0,
																	"faces": {
																		"north": { "texture": "#kapok", "uv": [ 0.0, 0.0, 1.5, 1.0 ], "autoUv": false },
																		"east": { "texture": "#kapok", "uv": [ 4.0, 15.0, 5.5, 16.0 ], "autoUv": false },
																		"south": { "texture": "#kapok", "uv": [ 3.5, 15.0, 6.0, 16.0 ], "autoUv": false },
																		"west": { "texture": "#kapok", "uv": [ 4.5, 15.5, 5.5, 16.5 ], "autoUv": false },
																		"up": { "texture": "#kapok", "uv": [ 3.5, 14.5, 6.0, 16.0 ], "autoUv": false },
																		"down": { "texture": "#kapok", "uv": [ 4.0, 14.5, 5.5, 15.5 ], "autoUv": false }
																	}
																}
															]
														}
													]
												}
											]
										}
									]
								}
							]
						}
					]
				},
				{
					"name": "Bow_String",
					"from": [ 7.0, 0.4, 2.8 ],
					"to": [ 10.0, 1.1, 3.5 ],
					"rotationOrigin": [ 8.5, 0.8, 3.2 ],
					"faces": {
					},
					"children": [
						{
							"name": "Bpw_String_right",
							"from": [ 0.0, -0.3, 0.0 ],
							"to": [ 1.5, 0.21, 0.5 ],
							"rotationOrigin": [ 1.5, 0.2, 0.5 ],
							"rotationZ": -180.0,
							"faces": {
								"north": { "texture": "#plain", "uv": [ 12.0, 4.5, 14.0, 5.0 ], "rotation": 180, "autoUv": false },
								"east": { "texture": "#plain", "uv": [ 10.0, 2.5, 10.5, 3.0 ] },
								"south": { "texture": "#plain", "uv": [ 12.0, 3.5, 14.0, 4.0 ], "autoUv": false },
								"west": { "texture": "#plain", "uv": [ 12.5, 4.0, 13.0, 4.5 ] },
								"up": { "texture": "#plain", "uv": [ 12.0, 4.5, 14.0, 5.0 ], "autoUv": false },
								"down": { "texture": "#plain", "uv": [ 12.5, 4.5, 14.5, 5.0 ], "rotation": 180, "autoUv": false }
							},
							"children": [
								{
									"name": "String_8",
									"from": [ 0.0, -0.2, 0.1 ],
									"to": [ 14.0, 0.1, 0.4 ],
									"rotationOrigin": [ 0.0, 0.1, 0.4 ],
									"rotationZ": -180.0,
									"faces": {
										"north": { "texture": "#wrapping", "uv": [ 0.0, 1.0, 16.0, 1.5 ], "autoUv": false },
										"east": { "texture": "#wrapping", "uv": [ 0.0, 0.0, 0.5, 0.5 ] },
										"south": { "texture": "#wrapping", "uv": [ 0.0, 1.5, 16.0, 2.0 ], "autoUv": false },
										"west": { "texture": "#wrapping", "uv": [ 0.0, 0.0, 0.5, 0.5 ] },
										"up": { "texture": "#wrapping", "uv": [ 0.0, 1.5, 16.0, 2.0 ], "autoUv": false },
										"down": { "texture": "#wrapping", "uv": [ 0.0, 2.5, 16.0, 3.0 ], "autoUv": false }
									},
									"children": [
										{
											"name": "String_7",
											"from": [ 13.9, -0.3, -0.1 ],
											"to": [ 15.1, 0.5, 0.4 ],
											"rotationOrigin": [ 13.9, 0.5, 0.3 ],
											"rotationY": 71.0,
											"faces": {
												"north": { "texture": "#wrapping", "uv": [ 12.5, 2.5, 13.5, 4.0 ], "autoUv": false },
												"east": { "texture": "#wrapping", "uv": [ 12.5, 3.0, 13.4, 4.5 ], "autoUv": false },
												"south": { "texture": "#wrapping", "uv": [ 11.5, 3.0, 13.5, 4.5 ], "autoUv": false },
												"west": { "texture": "#wrapping", "uv": [ 11.5, 3.5, 12.5, 5.0 ], "autoUv": false },
												"up": { "texture": "#wrapping", "uv": [ 12.0, 4.5, 14.0, 5.5 ], "autoUv": false },
												"down": { "texture": "#wrapping", "uv": [ 13.0, 4.5, 15.0, 5.5 ], "autoUv": false }
											}
										}
									]
								}
							]
						},
						{
							"name": "Bpw_String_left",
							"from": [ 0.0, 0.2, 0.0 ],
							"to": [ 1.5, 0.71, 0.5 ],
							"rotationOrigin": [ 1.5, 0.7, 0.5 ],
							"faces": {
								"north": { "texture": "#plain", "uv": [ 12.0, 4.5, 14.0, 5.0 ], "rotation": 180, "autoUv": false },
								"east": { "texture": "#plain", "uv": [ 10.0, 2.5, 10.5, 3.0 ] },
								"south": { "texture": "#plain", "uv": [ 12.0, 3.5, 14.0, 4.0 ], "autoUv": false },
								"west": { "texture": "#plain", "uv": [ 12.5, 4.0, 13.0, 4.5 ] },
								"up": { "texture": "#plain", "uv": [ 12.0, 4.5, 14.0, 5.0 ], "autoUv": false },
								"down": { "texture": "#plain", "uv": [ 12.5, 4.5, 14.5, 5.0 ], "rotation": 180, "autoUv": false }
							},
							"children": [
								{
									"name": "String_9",
									"from": [ 0.0, -0.2, 0.1 ],
									"to": [ 14.0, 0.1, 0.4 ],
									"rotationOrigin": [ 0.0, 0.1, 0.4 ],
									"rotationZ": -180.0,
									"faces": {
										"north": { "texture": "#wrapping", "uv": [ 0.0, 1.0, 16.0, 1.5 ], "autoUv": false },
										"east": { "texture": "#wrapping", "uv": [ 0.0, 0.0, 0.5, 0.5 ] },
										"south": { "texture": "#wrapping", "uv": [ 0.0, 1.5, 16.0, 2.0 ], "autoUv": false },
										"west": { "texture": "#wrapping", "uv": [ 0.0, 0.0, 0.5, 0.5 ] },
										"up": { "texture": "#wrapping", "uv": [ 0.0, 1.5, 16.0, 2.0 ], "autoUv": false },
										"down": { "texture": "#wrapping", "uv": [ 0.0, 2.5, 16.0, 3.0 ], "autoUv": false }
									},
									"children": [
										{
											"name": "String_10",
											"from": [ 13.9, -0.2, -0.1 ],
											"to": [ 15.1, 0.6, 0.4 ],
											"rotationOrigin": [ 13.9, 0.6, 0.3 ],
											"rotationY": 71.0,
											"faces": {
												"north": { "texture": "#wrapping", "uv": [ 12.5, 2.5, 13.5, 4.0 ], "autoUv": false },
												"east": { "texture": "#wrapping", "uv": [ 12.5, 3.0, 13.4, 4.5 ], "autoUv": false },
												"south": { "texture": "#wrapping", "uv": [ 11.5, 3.0, 13.5, 4.5 ], "autoUv": false },
												"west": { "texture": "#wrapping", "uv": [ 11.5, 3.5, 12.5, 5.0 ], "autoUv": false },
												"up": { "texture": "#wrapping", "uv": [ 12.0, 4.5, 14.0, 5.5 ], "autoUv": false },
												"down": { "texture": "#wrapping", "uv": [ 13.0, 4.5, 15.0, 5.5 ], "autoUv": false }
											}
										}
									]
								}
							]
						}
					]
				},
				{
					"name": "Bow_handle",
					"from": [ 6.5, 0.2, -0.1 ],
					"to": [ 10.5, 1.4, 1.3 ],
					"rotationOrigin": [ 6.5, 1.1, 0.9 ],
					"faces": {
						"north": { "texture": "#plain", "uv": [ 3.5, 11.0, 8.5, 12.5 ], "autoUv": false },
						"east": { "texture": "#plain", "uv": [ 0.0, 0.0, 1.5, 1.4 ], "autoUv": false },
						"south": { "texture": "#plain", "uv": [ 8.0, 4.0, 13.0, 5.5 ], "autoUv": false },
						"west": { "texture": "#plain", "uv": [ 0.0, 0.0, 1.5, 1.5 ], "autoUv": false },
						"up": { "texture": "#plain", "uv": [ 5.0, 6.5, 10.0, 8.0 ], "autoUv": false },
						"down": { "texture": "#plain", "uv": [ 6.5, 6.0, 11.5, 7.5 ], "autoUv": false }
					}
				}
			]
		}
	]}