{
	"code": "bigberrybush",
	"class": "BlockBerryBush",
	"attributes": {
		"foodTags": ["sweetBerryBush"],
		"butterflyFeedByType": {
			"*-flowering": true
		},
		"beeFeedByType": {
			"*-flowering": true
		},
		"forageStatAffected": true,
		"reinforcable": true,
		"revertBlockBelowTemperatureByType": {"*lagunculariaracemosa*": 10,"*sonneratiacaseolaris*": 12},
		"resetBelowTemperatureByType": {"*lagunculariaracemosa*": 12,"*sonneratiacaseolaris*": 14},
		"stopBelowTemperatureByType": {"*lagunculariaracemosa*": 14,"*sonneratiacaseolaris*": 16},
		
		"revertBlockAboveTemperatureByType": {"*lagunculariaracemosa*": 60,"*sonneratiacaseolaris*": 60},
		"resetAboveTemperatureByType": {"*lagunculariaracemosa*": 56,"*sonneratiacaseolaris*": 56},
		"stopAboveTemperatureByType": {"*lagunculariaracemosa*": 52,"*sonneratiacaseolaris*": 52},
		"overrideRandomDrawOffset": 14,

		"nextStageMonthsByType": {
		"*-lagunculariaracemosa-empty": { "avg": 2.25, "var": 0.09 },"*-lagunculariaracemosa-flowering": { "avg": 2.98, "var": 0.09 },"*-lagunculariaracemosa-ripe": { "avg": 1.0, "var": 0.09 },
		"*-sonneratiacaseolaris-empty": { "avg": 0.25, "var": 0.02 },"*-sonneratiacaseolaris-flowering": { "avg": 0.25, "var": 0.02 },"*-sonneratiacaseolaris-ripe": { "avg": 0.07, "var": 0.01 }},
"stackable": true
	},
	"entityclass": "BerryBush",
	"behaviorsByType": {
		"*-ripe": [ {"name": "Harvestable", "properties": { 
			"harvestTime": 1.0, 
			"harvestedStack": { "type": "item", "code": "floralzonescosmopolitanregion:fruit-{type}", "quantity": { "avg": 2.6 }  },
			"harvestedBlockCode": "floralzonescosmopolitanregion:bigberrybush-{type}-empty"
		}} ],
		"*": [{"name": "PushEventOnBlockBroken",	"properties": {"eventName": "testForDecay"}}, { "name": "RainDrip" }]
	},
	"variantgroups": [
		{ "code": "type", "states": ["lagunculariaracemosa","sonneratiacaseolaris"] },
		{ "code": "state", "states": ["empty","flowering","ripe"] }
	],
	"creativeinventory": { "general": ["*"], "flora": ["*"] },
	"renderpass": "OpaqueNoCull",
	"renderAlphaTest": 0.4,
	"shapeByType": {
		"*": { "base": "block/plant/mangroves/{type}/foliage*"}
	},
	"texturesByType": {
		"*": {
			"empty": { "base": "block/plant/mangroves/{type}/{state}" }
		}
	},
	"randomizeRotations": true,
	"blockmaterial": "Plant",
	"sideopaque": {
		"all": false
	},
	"sidesolid": {
		"all": false
	},
	"replaceable": 3000,
	"lightAbsorption": 0,
	"resistance": 5,
	"collisionbox": { "x1": 0.1875, "y1": 0, "z1": 0.1875, "x2": 0.8125, "y2": 1, "z2": 0.8125 },
	"sounds": {
		"place": "game:block/plant",
		"break": "game:block/plant",
		"hit": "game:block/plant"
	},
	"rainPermeable": false,
	"dropsByType": {
		"*-ripe": [{ "type": "item", "code": "game:firewood", "quantity": { "avg": 1 }   },
			{ "type": "item", "code": "floralzonescosmopolitanregion:fruit-{type}", "quantity": { "avg": 1.6 }   },
			{ "type": "item", "code": "game:stick", "quantity": { "avg": 1.1 }},
			{ "type": "item", "code": "floralzonescosmopolitanregion:treeseed-{type}", "quantity": { "avg": 1.1 } }
		],
		"*": [{ "type": "item", "code": "game:firewood", "quantity": { "avg": 1 }   },{ "type": "item", "code": "floralzonescosmopolitanregion:treeseed-{type}", "quantity": { "avg": 1.1 }}]
	},
	"materialDensity": 400,
	"vertexFlags": {
		"zOffset": 2
	},
	"combustibleProps": {
		"burnTemperature": 600,
		"burnDuration": 10,
	},
	"frostable": true,
}