{
	"code": "sapling",
	"class": "BlockPlant",
	"entityclassByType": {
		"*": "Sapling"
	},
	"attributes": {
		"treeGenByType": {
			"*-caricapapaya-*": "{wood}empty",
			"*-cocosnucifera-*": "{wood}empty",
			"*-lagunculariaracemosa-*": "{wood}empty",
			"*-sonneratiacaseolaris-*": "{wood}empty",
			"*": "{wood}"
		},
		"reinforcable": true,
		"sproutDays": { "avg": 1.5, "var": 0.5 },
		"matureDaysByType": {
			"*": { "avg": 14, "var": 4 }
		},
		"plantContainable": {
			"largeContainerByType": { 
		"*-alnusalnobetula-*": {"shape": {"base": "block/plant/sapling/plaintree/{wood}"},"textures": {"alnusalnobetula": { "base": "block/plant/leaves/large/alnusalnobetula"}}},
				"*-caricapapaya-*": {"shape": {"base": "block/plant/sapling/plaintree/{wood}"},"textures": {"sapling": { "base": "block/plant/berrybush/caricapapayasapling"}}},			
				"*-cocosnucifera-*": {"shape": {"base": "block/plant/sapling/plaintree/{wood}"},"textures": {"cocosnuciferasapling": { "base": "block/plant/berrybush/cocosnuciferasapling"},"cocosnucifera2": { "base": "item/food/fruit/cocosnucifera2"}}},												
				"*-lagunculariaracemosa-*": {"shape": {"base": "block/plant/sapling/plaintree/{wood}"},"textures": {"sapling": { "base": "block/plant/mangroves/lagunculariaracemosa/sapling"}}},				
				"*-rhizophoramangle-*": {"shape": {"base": "block/plant/sapling/plaintree/{wood}"},"textures": {"bigleaves2": { "base": "block/plant/mangroves/rhizophoramangle/bigleaves2"},"rhizophoramangle": { "base": "item/resource/seeds/rhizophoramangle"}}},
				"*-sonneratiacaseolaris-*": {"shape": {"base": "block/plant/sapling/plaintree/{wood}"},"textures": {"sapling": { "base": "block/plant/mangroves/sonneratiacaseolaris/sapling"}}}									
			}
		}
	},
	"variantgroups": [
		{ "code": "wood", "states": ["alnusalnobetula","caricapapaya","cocosnucifera","lagunculariaracemosa","rhizophoramangle","sonneratiacaseolaris"]},
		{ "code": "cover", "states": ["free", "snow"] }
	],
	"creativeinventory": { "general": ["*-free"], "flora": ["*-free"] },
	"storageFlags": 33,
	"renderpass": "OpaqueNoCull",
	"drawtypeByType": {
		"*-free": "JSON",
		"*-snow": "JSONAndSnowLayer"
	},
	"randomDrawOffset": true,
	"randomizeRotations": true,
	"vertexFlags": {
        "zOffset": 1
    },
	"shapeByType": {
		"*": { "base": "floralzonescosmopolitanregion:block/plant/sapling/plaintree/{wood}" }
	},
	"drops": [
		{ "type": "block", "code": "floralzonescosmopolitanregion:sapling-{wood}-free", "quantity": { "avg": 1, "var": 0 }  }
	],
	"blockmaterial": "Plant",
	"sideopaqueByType": {
		"*-snow": { "all": false, "down": true },
		"*": { "all": false }
	},
	"sidesolid": {
		"all": false
	},
	"textures": {
	"largeleavesByType": {
	    "*-alnusalnobetula-*": { "base": "floralzonescosmopolitanregion:block/plant/leaves/large/{wood}*" }
	  },
   "smallleavesByType": {
      "*-alnusalnobetula-*": { "base": "floralzonescosmopolitanregion:block/plant/leaves/small/{wood}*" }
    },
		"fertlow": { "base": "game:block/soil/fertlow" }
	},
	"replaceable": 5200,
	"lightAbsorption": 0,
	"resistance": 1,
	"collisionbox": null,
	"selectionbox": {
		"x1": 0.3, "y1": 0, "z1": 0.2,
		"x2": 0.7, "y2": 0.5, "z2": 0.7
	},
	"sounds": {
		"place": "game:block/plant",
		"break": "game:block/plant",
		"hit": "game:block/plant"
	},
	"rainPermeable": true,
	"materialDensity": 200,
	"combustibleProps": {
		"burnTemperature": 600,
		"burnDuration": 10
	},
	"guiTransformByType": {
		"*": {
			"rotation": { "x": -22, "y": -44, "z": 0 },
			"origin": { "x": 0.5, "y": 0.28, "z": 0.5 },
			"scale": 2.6
		}
	},
	"tpHandTransform": {
		"translation": { "x": -1.3, "y": -1, "z": -1 },
		"rotation": { "x": 2, "y": -12, "z": -105 },
		"scale": 0.5
	},
	"groundTransform": {
		"translation": { "x": 0, "y": 0, "z": 0 },
		"rotation": { "x": 0, "y": -45, "z": 0 },
		"origin": { "x": 0.5, "y": 0, "z": 0.5 },
		"scale": 3
	},
	"frostable": true
}