{
	"code": "smallberrybush",
	"class": "BlockBerryBush",
	"attributes": {
		"butterflyFeedByType": {
			"*-flowering": true
		},
		"beeFeedByType": {
			"*-flowering": true
		},
		"forageStatAffected": true,
		"reinforcable": true,
		"revertBlockBelowTemperature": 13,
		"resetBelowTemperature": 15,
		"stopBelowTemperature": 17,
		
		"revertBlockAboveTemperature": 59,
		"resetAboveTemperature": 55,
		"stopAboveTemperature": 51,
		"overrideRandomDrawOffset": 14,

		"nextStageMonthsByType": {
		"*-empty": { "avg": 0.25, "var": 0.09 },
		"*-flowering": { "avg": 3.04, "var": 0.09 },
		"*-ripe": { "avg": 1.98, "var": 0.09 }},
	},
	"entityclass": "BerryBush",
	"behaviorsByType": {
		"*-ripe": [ {"name": "Harvestable", "properties": { 
			"harvestTime": 0.6, 
			"harvestedStack": { "type": "item", "code": "floralzonescosmopolitanregion:fruit-{type}", "quantity": { "avg": 2.4 }  },
			"harvestedBlockCode": "floralzonescosmopolitanregion:smallberrybush-{type}-empty"
		}} ]
	},
	"variantgroups": [
		{ "code": "type", "states": ["vanillaplanifolia"] },
		{ "code": "state", "states": ["empty", "flowering", "ripe"] }
	],
	"creativeinventory": { "general": ["*"], "flora": ["*"] },
	"renderpass": "OpaqueNoCull",
	"randomDrawOffset": true,
	"shapeByType": {
		"*-vanillaplanifolia-*": { "base": "block/plant/berrybush/vanillaplanifolia-{state}"}
	},
	"randomizeRotations": true,
	"blockmaterial": "Plant",
	"texturesByType": {
		"*-vanillaplanifolia-*": {"vanillaplanifolia": { "base": "block/plant/berrybush/vanillaplanifolia" }}
	},
	"sideopaque": {
		"all": false
	},
	"sidesolid": {
		"all": false
	},
	"replaceable": 3000,
	"lightAbsorption": 0,
	"resistance": 0.5,
	"collisionbox": null,
	"selectionbox": {
		"x1": 0.125, "y1": 0, "z1": 0.125,
		"x2": 0.875, "y2": 0.25, "z2": 0.875
	},
	"sounds": {
		"place": "game:block/plant",
		"break": "game:block/plant",
		"hit": "game:block/plant"
	},
	"rainPermeable": false,
	"dropsByType": {
		"*-ripe": [
			{ "type": "item", "code": "floralzonescosmopolitanregion:fruit-{type}", "quantity": { "avg": 2.4 }  },
			{ "type": "block", "code": "floralzonescosmopolitanregion:smallberrybush-{type}-empty", "quantity": { "avg": 1 }  },
		],
		"*": [			{ "type": "block", "code": "floralzonescosmopolitanregion:smallberrybush-{type}-empty", "quantity": { "avg": 1 }  },]
	},
	"materialDensity": 200,
	"vertexFlags": {
		"zOffset": 2
	},
	"frostable": true,
	"combustibleProps": {
		"burnTemperature": 600,
		"burnDuration": 10
	}
}