{
	code: "slantedroofingtip",
	"variantgroups": [
		{ "code": "material", "loadFromProperties": "floralzonescaribbeanregion:block/wood" },
		{ "code": "cover", states: ["free", "snow"] }
	],
	attributes: {
		mapColorCode: "settlement",
	},
	shapeByType: { 

		"*": { base: "game:block/roofing/tip/wood-{cover}" }
	},
	texturesByType: {
		"*": {
			"acacia1": { base: "floralzonescaribbeanregion:block/wood/planks/{material}1" },
			"acacia-top": { base: "floralzonescaribbeanregion:block/wood/shingles/{material}-top" },
			"acacia-side": { base: "floralzonescaribbeanregion:block/wood/shingles/{material}-side" },
		},
	},
	drawtype: "json",
	faceCullMode: "NeverCull",
	renderpass: "OpaqueNoCull",
	sidesolid: { all: false, down: true },
	sideopaque: { all: false },
	blockmaterialByType: {
		"*-agedthatch-*": "Plant",
		"*-thatch-*": "Plant",
		"*-sod-*": "Plant",
		"*-bamboo-*": "Wood",
		"*-copper-*": "Metal",
		"*-fireclay-*": "Ceramic",
		"*-blueclay-*": "Ceramic",
		"*-redclay-*": "Ceramic",
		"*-brownclay-*": "Ceramic",
		"*-slate-*": "Stone",
		"*": "Wood",
	},
	creativeinventory: { "general": ["*-free"], "decorative": ["*-free"] },
	replaceable: 300,
	resistance: 2,
	lightAbsorption: 99,
	emitSideAo: {
		all: true
	},
	sideAoByType: { "*-sod-*": { all: false } },
	collisionSelectionBoxesByType: {
		"*": [ { x1: 0, y1: 0, z1: 0, x2: 1, y2: 0.5625, z2: 1 } ]
	},
	soundsByType: {
		"*": {
			place: "game:block/planks",
			break: "game:block/planks",
			hit: "game:block/planks",
		},
	},
	guiTransformByType: {
		"*-thatch-*": {
			rotation: { x: -22.6, y: -40, z: 0 },
			origin: { x: 0.29, y: 0.4, z: 0.44 },
			scale: 0.85
		},
		"*-agedthatch-*": {
			rotation: { x: -22.6, y: -40, z: 0 },
			origin: { x: 0.29, y: 0.4, z: 0.44 },
			scale: 0.85
		},
		"*-copper-*": {
			rotation: { x: -22.6, y: -40, z: 0 },
			origin: { x: 0.53, y: 0.25, z: 0.46 },
			scale: 0.85
		},
		"*-slate-*": {
			rotation: { x: -22.6, y: -40, z: 0 },
			origin: { x: 0.53, y: 0.2, z: 0.46 },
			scale: 0.85
		},
		"*": {
			rotation: { x: -22.6, y: -40, z: 0 },
			origin: { x: 0.53, y: 0.4, z: 0.46 },
			scale: 0.85
		}
	}
}