{
	"editor": {
		"allAngles": false,
		"entityTextureMode": false
	},
	"textureWidth": 16,
	"textureHeight": 8,
	"textureSizes": {
		"leaves": [16,8],
		"leaves2": [16,8],
		"flower": [8,8]
	},
	"textures": {
	},
	"elements": [
		{
			"name": "origin",
			"from": [ 8.0, 0.0, 8.0 ],
			"to": [ 8.0, 0.0, 8.0 ],
			"rotationOrigin": [ 8.0, 0.0, 8.0 ],
			"faces": {
			},
			"children": [
				{
					"name": "Grass 1",
					"from": [ 0.0, 0.0, -8.0 ],
					"to": [ 0.0, 8.0, 8.0 ],
					"shade": false,
					"renderPass": 1,
					"faces": {
						"east": { "texture": "#leaves", "uv": [ 0.0, 0.0, 16.0, 8.0 ], "windMode": [0,1,1,0] }
					},
					"children": [
						{
							"name": "Grass side 1",
							"from": [ -8.0, 0.0, 8.0 ],
							"to": [ 8.0, 8.0, 8.0 ],
							"shade": false,
							"renderPass": 1,
							"rotationOrigin": [ 0.0, 0.0, 8.0 ],
							"rotationY": 30.0,
							"faces": {
								"south": { "texture": "#leaves2", "uv": [ 0.0, 0.0, 16.0, 8.0 ], "windMode": [0,0,1,1] }
							}
						},
						{
							"name": "Grass side 2 1",
							"from": [ -8.0, 0.0, 8.0 ],
							"to": [ 8.0, 8.0, 8.0 ],
							"shade": false,
							"renderPass": 1,
							"rotationOrigin": [ 0.0, 0.0, 8.0 ],
							"rotationY": -30.0,
							"faces": {
								"south": { "texture": "#leaves", "uv": [ 0.0, 0.0, 16.0, 8.0 ], "windMode": [0,0,1,1] }
							}
						}
					]
				},
				{
					"name": "Grass 2",
					"from": [ 4.0, 0.0, -8.0 ],
					"to": [ 4.0, 8.0, 8.0 ],
					"shade": false,
					"renderPass": 1,
					"rotationOrigin": [ 4.0, 0.0, 0.0 ],
					"rotationY": -5.0,
					"faces": {
						"east": { "texture": "#leaves2", "uv": [ 0.0, 0.0, 16.0, 8.0 ], "windMode": [0,1,1,0] }
					},
					"children": [
						{
							"name": "Grass side 2",
							"from": [ -8.0, 0.0, 8.0 ],
							"to": [ 8.0, 8.0, 8.0 ],
							"shade": false,
							"renderPass": 1,
							"rotationOrigin": [ 0.0, 0.0, 8.0 ],
							"rotationY": 30.0,
							"faces": {
								"south": { "texture": "#leaves", "uv": [ 0.0, 0.0, 16.0, 8.0 ], "windMode": [0,0,1,1] }
							}
						},
						{
							"name": "Grass side 2 2",
							"from": [ -8.0, 0.0, 8.0 ],
							"to": [ 8.0, 8.0, 8.0 ],
							"shade": false,
							"renderPass": 1,
							"rotationOrigin": [ 0.0, 0.0, 8.0 ],
							"rotationY": -30.0,
							"faces": {
								"south": { "texture": "#leaves2", "uv": [ 0.0, 0.0, 16.0, 8.0 ], "windMode": [0,0,1,1] }
							}
						},
						{
							"name": "Stalk2",
							"from": [ -0.3, 0.0, 8.0 ],
							"to": [ 0.3, 7.0, 8.6 ],
							"rotationOrigin": [ -0.3, 0.0, 8.0 ],
							"faces": {
								"north": { "texture": "#flower", "uv": [ 0.0, 0.0, 1.0, 8.0 ], "autoUv": false, "windMode": [0,1,1,0] },
								"east": { "texture": "#flower", "uv": [ 0.0, 0.0, 1.0, 8.0 ], "autoUv": false, "windMode": [0,1,1,0] },
								"south": { "texture": "#flower", "uv": [ 0.0, 0.0, 1.0, 8.0 ], "autoUv": false, "windMode": [0,0,1,1] },
								"west": { "texture": "#flower", "uv": [ 0.0, 0.0, 1.0, 8.0 ], "autoUv": false, "windMode": [0,0,1,1] }
							},
							"children": [
								{
									"name": "Flower 2",
									"from": [ -0.4, 7.0, -0.4 ],
									"to": [ 1.1, 10.0, 1.1 ],
									"rotationOrigin": [ -0.4, 7.0, -0.4 ],
									"faces": {
										"north": { "texture": "#flower", "uv": [ 4.5, 2.5, 6.5, 6.5 ], "autoUv": false, "windMode": [1,1,1,1] },
										"east": { "texture": "#flower", "uv": [ 5.5, 2.0, 7.5, 6.0 ], "autoUv": false, "windMode": [1,1,1,1] },
										"south": { "texture": "#flower", "uv": [ 6.0, 2.0, 8.0, 6.0 ], "autoUv": false, "windMode": [1,1,1,1] },
										"west": { "texture": "#flower", "uv": [ 5.5, 2.0, 7.5, 6.0 ], "autoUv": false, "windMode": [1,1,1,1] },
										"up": { "texture": "#flower", "uv": [ 6.0, 0.0, 8.0, 2.0 ], "autoUv": false, "windMode": [1,1,1,1] },
										"down": { "texture": "#flower", "uv": [ 4.5, 6.0, 6.5, 8.0 ], "autoUv": false, "windMode": [1,1,1,1] }
									}
								}
							]
						}
					]
				},
				{
					"name": "Grass 3",
					"from": [ -4.0, 0.0, -8.0 ],
					"to": [ -4.0, 8.0, 8.0 ],
					"shade": false,
					"renderPass": 1,
					"rotationOrigin": [ -4.0, 0.0, 0.0 ],
					"rotationY": 5.0,
					"faces": {
						"east": { "texture": "#leaves", "uv": [ 0.0, 0.0, 16.0, 8.0 ], "windMode": [0,1,1,0] }
					},
					"children": [
						{
							"name": "Grass side 3",
							"from": [ -8.0, 0.0, 8.0 ],
							"to": [ 8.0, 8.0, 8.0 ],
							"shade": false,
							"renderPass": 1,
							"rotationOrigin": [ 0.0, 0.0, 8.0 ],
							"rotationY": 30.0,
							"faces": {
								"south": { "texture": "#leaves2", "uv": [ 0.0, 0.0, 16.0, 8.0 ], "windMode": [0,0,1,1] }
							}
						},
						{
							"name": "Grass side 2 3",
							"from": [ -8.0, 0.0, 8.0 ],
							"to": [ 8.0, 8.0, 8.0 ],
							"shade": false,
							"renderPass": 1,
							"rotationOrigin": [ 0.0, 0.0, 8.0 ],
							"rotationY": -30.0,
							"faces": {
								"south": { "texture": "#leaves", "uv": [ 0.0, 0.0, 16.0, 8.0 ], "windMode": [0,0,1,1] }
							}
						}
					]
				},
				{
					"name": "Grass 4",
					"from": [ 0.0, 0.0, -12.0 ],
					"to": [ 0.0, 8.0, 4.0 ],
					"shade": false,
					"renderPass": 1,
					"rotationOrigin": [ 0.0, 0.0, -4.0 ],
					"rotationY": 5.0,
					"faces": {
						"east": { "texture": "#leaves2", "uv": [ 0.0, 0.0, 16.0, 8.0 ], "windMode": [0,1,1,0] }
					},
					"children": [
						{
							"name": "Grass side 4",
							"from": [ -8.0, 0.0, 8.0 ],
							"to": [ 8.0, 8.0, 8.0 ],
							"shade": false,
							"renderPass": 1,
							"rotationOrigin": [ 0.0, 0.0, 8.0 ],
							"rotationY": 30.0,
							"faces": {
								"south": { "texture": "#leaves", "uv": [ 0.0, 0.0, 16.0, 8.0 ], "windMode": [0,0,1,1] }
							}
						},
						{
							"name": "Grass side 2 4",
							"from": [ -8.0, 0.0, 8.0 ],
							"to": [ 8.0, 8.0, 8.0 ],
							"shade": false,
							"renderPass": 1,
							"rotationOrigin": [ 0.0, 0.0, 8.0 ],
							"rotationY": -30.0,
							"faces": {
								"south": { "texture": "#leaves2", "uv": [ 0.0, 0.0, 16.0, 8.0 ], "windMode": [0,0,1,1] }
							}
						},
						{
							"name": "Stalk4",
							"from": [ -0.3, 0.0, 8.0 ],
							"to": [ 0.3, 6.0, 8.6 ],
							"rotationOrigin": [ -0.3, 0.0, 8.0 ],
							"faces": {
								"north": { "texture": "#flower", "uv": [ 0.0, 0.0, 1.0, 8.0 ], "autoUv": false, "windMode": [0,1,1,0] },
								"east": { "texture": "#flower", "uv": [ 0.0, 0.0, 1.0, 8.0 ], "autoUv": false, "windMode": [0,1,1,0] },
								"south": { "texture": "#flower", "uv": [ 0.0, 0.0, 1.0, 8.0 ], "autoUv": false, "windMode": [0,0,1,1] },
								"west": { "texture": "#flower", "uv": [ 0.0, 0.0, 1.0, 8.0 ], "autoUv": false, "windMode": [0,0,1,1] }
							},
							"children": [
								{
									"name": "Flower 4",
									"from": [ -0.4, 6.0, -0.4 ],
									"to": [ 1.1, 9.5, 1.1 ],
									"rotationOrigin": [ -0.4, 6.0, -0.4 ],
									"faces": {
										"north": { "texture": "#flower", "uv": [ 4.5, 2.0, 6.5, 6.5 ], "autoUv": false, "windMode": [1,1,1,1] },
										"east": { "texture": "#flower", "uv": [ 6.0, 2.0, 8.0, 6.5 ], "autoUv": false, "windMode": [1,1,1,1] },
										"south": { "texture": "#flower", "uv": [ 4.5, 2.0, 6.5, 6.5 ], "autoUv": false, "windMode": [1,1,1,1] },
										"west": { "texture": "#flower", "uv": [ 6.0, 2.0, 8.0, 6.5 ], "autoUv": false, "windMode": [1,1,1,1] },
										"up": { "texture": "#flower", "uv": [ 5.5, 0.0, 7.5, 2.0 ], "autoUv": false, "windMode": [1,1,1,1] },
										"down": { "texture": "#flower", "uv": [ 5.0, 6.0, 7.0, 8.0 ], "autoUv": false, "windMode": [1,1,1,1] }
									}
								}
							]
						}
					]
				},
				{
					"name": "Grass 5",
					"from": [ 0.0, 0.0, -4.0 ],
					"to": [ 0.0, 8.0, 12.0 ],
					"shade": false,
					"renderPass": 1,
					"rotationOrigin": [ 0.0, 0.0, 4.0 ],
					"rotationY": -5.0,
					"faces": {
						"east": { "texture": "#leaves", "uv": [ 0.0, 0.0, 16.0, 8.0 ], "windMode": [0,1,1,0] }
					},
					"children": [
						{
							"name": "Grass side 5",
							"from": [ -8.0, 0.0, 8.0 ],
							"to": [ 8.0, 8.0, 8.0 ],
							"shade": false,
							"renderPass": 1,
							"rotationOrigin": [ 0.0, 0.0, 8.0 ],
							"rotationY": 30.0,
							"faces": {
								"south": { "texture": "#leaves2", "uv": [ 0.0, 0.0, 16.0, 8.0 ], "windMode": [0,0,1,1] }
							}
						},
						{
							"name": "Grass side 2 5",
							"from": [ -8.0, 0.0, 8.0 ],
							"to": [ 8.0, 8.0, 8.0 ],
							"shade": false,
							"renderPass": 1,
							"rotationOrigin": [ 0.0, 0.0, 8.0 ],
							"rotationY": -30.0,
							"faces": {
								"south": { "texture": "#leaves", "uv": [ 0.0, 0.0, 16.0, 8.0 ], "windMode": [0,0,1,1] }
							}
						},
						{
							"name": "Stalk5",
							"from": [ -0.3, 0.0, 8.0 ],
							"to": [ 0.3, 8.0, 8.6 ],
							"rotationOrigin": [ -0.3, 0.0, 8.0 ],
							"faces": {
								"north": { "texture": "#flower", "uv": [ 0.0, 0.0, 1.0, 8.0 ], "autoUv": false, "windMode": [0,1,1,0] },
								"east": { "texture": "#flower", "uv": [ 0.0, 0.0, 1.0, 8.0 ], "autoUv": false, "windMode": [0,1,1,0] },
								"south": { "texture": "#flower", "uv": [ 0.0, 0.0, 1.0, 8.0 ], "autoUv": false, "windMode": [0,0,1,1] },
								"west": { "texture": "#flower", "uv": [ 0.0, 0.0, 1.0, 8.0 ], "autoUv": false, "windMode": [0,0,1,1] }
							},
							"children": [
								{
									"name": "Flower 5",
									"from": [ -0.4, 8.0, -0.4 ],
									"to": [ 1.1, 11.0, 1.1 ],
									"rotationOrigin": [ -0.4, 8.0, -0.4 ],
									"faces": {
										"north": { "texture": "#flower", "uv": [ 1.0, 1.5, 3.0, 5.5 ], "autoUv": false, "windMode": [1,1,1,1] },
										"east": { "texture": "#flower", "uv": [ 2.5, 1.5, 4.5, 5.5 ], "autoUv": false, "windMode": [1,1,1,1] },
										"south": { "texture": "#flower", "uv": [ 2.5, 1.5, 4.5, 5.5 ], "autoUv": false, "windMode": [1,1,1,1] },
										"west": { "texture": "#flower", "uv": [ 2.5, 1.5, 4.5, 5.5 ], "autoUv": false, "windMode": [1,1,1,1] },
										"up": { "texture": "#flower", "uv": [ 1.5, 0.0, 3.5, 2.0 ], "autoUv": false, "windMode": [1,1,1,1] },
										"down": { "texture": "#flower", "uv": [ 1.5, 5.5, 3.5, 7.5 ], "autoUv": false, "windMode": [1,1,1,1] }
									}
								}
							]
						}
					]
				}
			]
		}
	]}