{
	"editor": {
		"allAngles": false,
		"entityTextureMode": false
	},
	"textureWidth": 24,
	"textureHeight": 24,
	"textureSizes": {
		"leaves": [24,24],
		"leaves2": [24,24],
		"flower": [12,12]
	},
	"textures": {
	},
	"elements": [
		{
			"name": "origin",
			"from": [ 8.0, 0.0, 8.0 ],
			"to": [ 8.0, 0.0, 8.0 ],
			"rotationOrigin": [ 8.0, 0.0, 8.0 ],
			"faces": {
			},
			"children": [
				{
					"name": "leaves1",
					"from": [ -12.0, 0.0, 0.0 ],
					"to": [ 4.0, 16.0, 0.0 ],
					"shade": false,
					"renderPass": 1,
					"rotationOrigin": [ 0.0, 0.0, 0.0 ],
					"rotationX": 2.0,
					"faces": {
						"north": { "texture": "#leaves", "uv": [ 0.0, 0.0, 24.0, 24.0 ], "autoUv": false, "windMode": [0,1,1,0] }
					}
				},
				{
					"name": "leaves2",
					"from": [ -12.0, 0.0, 0.0 ],
					"to": [ 4.0, 16.0, 0.0 ],
					"shade": false,
					"renderPass": 1,
					"rotationOrigin": [ 0.0, 0.0, 0.0 ],
					"rotationX": 2.0,
					"rotationY": 120.0,
					"faces": {
						"north": { "texture": "#leaves", "uv": [ 0.0, 0.0, 24.0, 24.0 ], "autoUv": false, "windMode": [0,1,1,0], "windData": [0,0,1,0] }
					}
				},
				{
					"name": "leaves3",
					"from": [ -12.0, 0.0, 0.0 ],
					"to": [ 4.0, 16.0, 0.0 ],
					"shade": false,
					"renderPass": 1,
					"rotationOrigin": [ 0.0, 0.0, 0.0 ],
					"rotationX": 2.0,
					"rotationY": -120.0,
					"faces": {
						"north": { "texture": "#leaves", "uv": [ 0.0, 0.0, 24.0, 24.0 ], "autoUv": false, "windMode": [0,1,1,0], "windData": [0,1,0,0] }
					}
				},
				{
					"name": "leaves4",
					"from": [ -12.0, 0.0, 0.0 ],
					"to": [ 4.0, 16.0, 0.0 ],
					"shade": false,
					"renderPass": 1,
					"rotationOrigin": [ 0.0, 0.0, 0.0 ],
					"rotationY": -67.5,
					"faces": {
						"north": { "texture": "#leaves2", "uv": [ 0.0, 0.0, 24.0, 24.0 ], "autoUv": false, "windMode": [0,1,1,0], "windData": [0,1,1,0] }
					}
				},
				{
					"name": "leaves5",
					"from": [ -12.0, 0.0, 0.0 ],
					"to": [ 4.0, 16.0, 0.0 ],
					"shade": false,
					"renderPass": 1,
					"rotationOrigin": [ 0.0, 0.0, 0.0 ],
					"rotationX": 2.0,
					"rotationY": 45.0,
					"faces": {
						"north": { "texture": "#leaves2", "uv": [ 0.0, 0.0, 24.0, 24.0 ], "autoUv": false, "windMode": [0,1,1,0], "windData": [0,0,1,0] }
					}
				},
				{
					"name": "leaves6",
					"from": [ -12.0, 0.0, 0.0 ],
					"to": [ 4.0, 16.0, 0.0 ],
					"shade": false,
					"renderPass": 1,
					"rotationOrigin": [ 0.0, 0.0, 0.0 ],
					"rotationX": 2.0,
					"rotationY": 175.0,
					"faces": {
						"north": { "texture": "#leaves2", "uv": [ 0.0, 0.0, 24.0, 24.0 ], "autoUv": false, "windMode": [0,1,1,0], "windData": [0,0,1,0] }
					}
				}
			]
		}
	]}