{
	"editor": {
		"allAngles": false,
		"entityTextureMode": false
	},
	"textureWidth": 12,
	"textureHeight": 12,
	"textureSizes": {
		"leavesside": [12,12],
		"leavestop": [12,12]
	},
	"textures": {
	},
	"elements": [
		{
			"name": "Dead plants",
			"from": [ 1.0, 0.2, 1.0 ],
			"to": [ 13.0, 0.2, 13.0 ],
			"renderPass": 1,
			"rotationOrigin": [ 1.0, 0.2, 1.0 ],
			"rotationX": -1.0,
			"rotationZ": 1.0,
			"faces": {
				"up": { "texture": "#leavesside", "uv": [ 0.0, 0.0, 12.0, 12.0 ], "windMode": [-1,-1,-1,-1] }
			}
		},
		{
			"name": "Living plants",
			"from": [ 3.0, 0.4, 3.0 ],
			"to": [ 15.0, 0.4, 15.0 ],
			"renderPass": 1,
			"rotationOrigin": [ 3.0, 0.4, 3.0 ],
			"rotationX": -1.0,
			"rotationZ": 1.0,
			"faces": {
				"up": { "texture": "#leavestop", "uv": [ 0.0, 0.0, 12.0, 12.0 ] }
			}
		},
		{
			"name": "Origin",
			"from": [ 8.5, 0.0, 8.5 ],
			"to": [ 8.5, 0.0, 8.5 ],
			"rotationOrigin": [ 8.5, 0.0, 8.5 ],
			"faces": {
			},
			"children": [
				{
					"name": "Upper fronds",
					"from": [ -6.0, 0.0, 0.0 ],
					"to": [ 6.0, 6.0, 0.0 ],
					"shade": false,
					"renderPass": 1,
					"faces": {
						"north": { "texture": "#leavestop", "uv": [ 0.0, 6.0, 12.0, 12.0 ], "rotation": 180, "windMode": [0,7,7,0] }
					}
				},
				{
					"name": "Upper fronds2",
					"from": [ -7.0, 0.0, 1.0 ],
					"to": [ 5.0, 6.0, 1.0 ],
					"shade": false,
					"renderPass": 1,
					"rotationOrigin": [ -1.0, 0.0, 1.0 ],
					"rotationY": 60.0,
					"faces": {
						"north": { "texture": "#leavestop", "uv": [ 0.0, 6.0, 12.0, 12.0 ], "rotation": 180, "windMode": [0,7,7,0] }
					}
				},
				{
					"name": "Upper fronds3",
					"from": [ -4.0, 0.0, 0.0 ],
					"to": [ 8.0, 6.0, 0.0 ],
					"shade": false,
					"renderPass": 1,
					"rotationOrigin": [ 2.0, 0.0, 0.0 ],
					"rotationY": -60.0,
					"faces": {
						"north": { "texture": "#leavestop", "uv": [ 0.0, 6.0, 12.0, 12.0 ], "rotation": 180, "windMode": [0,7,7,0] }
					}
				},
				{
					"name": "Upper fronds4",
					"from": [ -9.0, 0.0, -1.0 ],
					"to": [ 3.0, 6.0, -1.0 ],
					"shade": false,
					"renderPass": 1,
					"rotationOrigin": [ -3.0, 0.0, -1.0 ],
					"rotationX": -15.0,
					"rotationY": 30.0,
					"rotationZ": 7.0,
					"faces": {
						"north": { "texture": "#leavestop", "uv": [ 0.0, 0.0, 12.0, 6.0 ], "windMode": [0,7,7,0] }
					}
				},
				{
					"name": "Upper fronds5",
					"from": [ -5.0, 0.0, 2.0 ],
					"to": [ 7.0, 6.0, 2.0 ],
					"shade": false,
					"renderPass": 1,
					"rotationOrigin": [ 1.0, 0.0, 2.0 ],
					"rotationY": -90.0,
					"rotationZ": -5.0,
					"faces": {
						"north": { "texture": "#leavestop", "uv": [ 0.0, 0.0, 12.0, 6.0 ], "windMode": [0,7,7,0] }
					}
				}
			]
		}
	]}