{
  "ingredient": {
      "type": "item",
      "code": "game:clay-*",
      "name": "color",
      "allowedVariants": ["blue", "fire", "red"]
  },
	"pattern": [
		[
			"_______________",
			"_###_______###_",
			"_###_______###_",
			"_###_______###_",
			"_______________",
			"_______________",
			"______###______",
			"______###______",
			"______###______",
			"_______________",
			"_______________",
			"_###_______###_",
			"_###_______###_",
			"_###_______###_",
			"_______________"
		],
		[
			"#####_____#####",
			"#___#_____#___#",
			"#___#_____#___#",
			"#___#_____#___#",
			"#####_____#####",
			"_____#####_____",
			"_____#___#_____",
			"_____#___#_____",
			"_____#___#_____",
			"_____#####_____",
			"#####_____#####",
			"#___#_____#___#",
			"#___#_____#___#",
			"#___#_____#___#",
			"#####_____#####"
		],
		[
			"#####_____#####",
			"#___#_____#___#",
			"#___#_____#___#",
			"#___#_____#___#",
			"#####_____#####",
			"_____#####_____",
			"_____#___#_____",
			"_____#___#_____",
			"_____#___#_____",
			"_____#####_____",
			"#####_____#####",
			"#___#_____#___#",
			"#___#_____#___#",
			"#___#_____#___#",
			"#####_____#####"
		],
		[
			"#####_____#####",
			"#___#_____#___#",
			"#___#_____#___#",
			"#___#_____#___#",
			"#####_____#####",
			"_____#####_____",
			"_____#___#_____",
			"_____#___#_____",
			"_____#___#_____",
			"_____#####_____",
			"#####_____#####",
			"#___#_____#___#",
			"#___#_____#___#",
			"#___#_____#___#",
			"#####_____#####"
		],
		[
			"#####_____#####",
			"#___#_____#___#",
			"#___#_____#___#",
			"#___#_____#___#",
			"#####_____#####",
			"_____#####_____",
			"_____#___#_____",
			"_____#___#_____",
			"_____#___#_____",
			"_____#####_____",
			"#####_____#####",
			"#___#_____#___#",
			"#___#_____#___#",
			"#___#_____#___#",
			"#####_____#####"
		],
		[
			"#####_____#####",
			"#####_____#####",
			"#####_____#####",
			"#####_____#####",
			"#####_____#####",
			"_____#####_____",
			"_____#####_____",
			"_____#####_____",
			"_____#####_____",
			"_____#####_____",
			"#####_____#####",
			"#####_____#####",
			"#####_____#####",
			"#####_____#####",
			"#####_____#####"
		],
		[
			"_______________",
			"_______________",
			"__#_________#__",
			"_______________",
			"_______________",
			"_______________",
			"_______________",
			"_______#_______",
			"_______________",
			"_______________",
			"_______________",
			"_______________",
			"__#_________#__",
			"_______________",
			"_______________"
		]
	],
	"name": "5x Crock",
	"output": {
		"type": "block",
		"code": "game:crock-{color}-raw",
		"stacksize": 5
	}
}