{
	"code": "glazedtile",
	"behaviors": [ { "name": "Decor", "properties": { "sides": [ "north", "east", "south", "west", "up", "down" ], "thickness": 0.0312, "removable": true } } ],
	"attributes": {
		"handbook": { "groupBy": [ "glazedtile-clear-dull-*", "glazedtile-clear-polished-*" ] },
		"*-clear-dull-*": { "handbook": { "extraSections": [ { "title": "game:handbook-item-usage", "text": "handbook-item-usage-glazedtile-burnt-dull" } ] } },
		"*-clear-polished-*": { "handbook": { "extraSections": [ { "title": "game:handbook-item-usage", "text": "handbook-item-usage-glazedtile-burnt-polished" } ] } },
		"canChisel": true
	},
	"variantgroups": [
		{ "code": "type", "states": [ "clear" ] },
		{ "code": "edge", "states": [ "dull", "polished" ] },
		{ "code": "color", "states": [ "black", "blue", "brown", "green", "greenblue", "lapislazuli", "malachite", "orange", "purple", "red", "redbrown", "yellow", "white" ] }
	],
	"shape": { "base": "bricklayers:block/basic/layers/05voxel" },
	"sidesolid": { "all": false, "down": true },
	"sideopaque": { "all": false, "down": true },
	"blockmaterial": "Ceramic",
	"creativeinventory": { "general": ["*"], "decorative": ["*"], "ceramics": ["*"] },
	"replaceable": 900,
	"resistance": 1,
	"lightAbsorption": 1,
	"emitSideAo": { "all": false },
	"texturesByType": {
		"glazedtile-clear-dull-*": {
			"all": { "base": "bricklayers:block/ceramic/glazed/burnt/tile/{color}" }
		},
		"*": { "all": { "base": "bricklayers:block/ceramic/glazed/burnt/tile/{color}", "overlays": [ "bricklayers:block/ceramic/overlay_tile" ] } }
	},
	"vertexFlags": { "zOffset": 1 },
	"selectionbox": { "x1": 0, "y1": 0, "z1": 0, "x2": 1, "y2": 0.0312, "z2": 1 },
	"collisionbox": { "x1": 0, "y1": 0, "z1": 0, "x2": 1, "y2": 0.0312, "z2": 1 },
	"sounds": {
		"place": "game:block/ceramicplace",
		"break": "game:block/rock-break-pickaxe",
		"hit": "game:block/rock-hit-pickaxe",
		"walk": "game:walk/stone"
	},
	"materialDensity": 6000,
	"guiTransform": {
		"translation": { "x": 0, "y": 3, "z": 0 },
		"origin": { "x": 0.5, "y": 0.0312, "z": 0.5 }
	},
	"tpHandTransform": {
		"translation": { "x": -2, "y": -0.9, "z": -1.5 },
		"rotation": { "x": 60, "y": 66, "z": -37 },
		"scale": 0.37
	}
}
