[
  {
    "code": "framestall1",
    "ingredientPattern": "OWR,WSW,RWO",
    "ingredients": {
      "W": {
        "type": "block",
        "code": "game:supportbeam-*",
        "name": "wood",
        "allowedVariants": [ "acacia", "birch", "ebony", "kapok", "larch", "maple", "oak", "pine", "purpleheart", "redwood", "walnut", "baldcypress"  ],
        "quantity": 8
      },
      "S": {
        "type": "item",
        "code": "cartschematics-carts",
        "returnedStack": {
          "type": "item",
          "code": "cartschematics-carts"
        }
      },
      "R": {
        "type": "item",
        "code": "game:resin",
        "quantity": 4
      },
      "O": {
        "type": "item",
        "code": "game:rope",
        "quantity": 4
      }
    },
    "width": 3,
    "height": 3,
    "recipeGroup": 1,
    "shapeless": false,
    "output": {
      "type": "item",
      "code": "cartconstruction-frame-classicstall-{wood}"
    }
  },
  {
    "code": "unfinishedstall1",
    "ingredientPattern": "WRW,RFR,WRW",
    "ingredients": {
      "W": {
        "type": "item",
        "code": "game:plank-*",
        "name": "wood",
        "allowedVariants": [ "acacia", "birch", "ebony", "kapok", "larch", "maple", "oak", "pine", "purpleheart", "redwood", "walnut", "baldcypress"  ],
        "quantity": 8
      },
      "F": {
        "type": "item",
        "code": "cartconstruction-frame-classicstall-*",
        "name": "wood",
        "allowedVariants": [ "acacia", "birch", "ebony", "kapok", "larch", "maple", "oak", "pine", "purpleheart", "redwood", "walnut", "baldcypress"  ],
        "quantity": 1
      },
      "R": {
        "type": "item",
        "code": "game:metalnailsandstrips-*",
        "name": "metal",
        "allowedVariants": [ "tinbronze", "blackbronze", "bismuthbronze", "iron", "steel", "meteoriciron" ],
        "quantity": 2
      }
    },
    "width": 3,
    "height": 3,
    "recipeGroup": 1,
    "shapeless": false,
    "output": {
      "type": "item",
      "code": "cartconstruction-unfinished-classicstall-{wood}"
    }
  },
  {
    "code": "finishedstall1",
    "ingredientPattern": "ORO,RUR,WRW",
    "ingredients": {
      "W": {
        "type": "item",
        "code": "cartsmisc-wheelsmall"
      },
      "U": {
        "type": "item",
        "code": "cartconstruction-unfinished-classicstall-*",
        "name": "wood",
        "allowedVariants": [ "acacia", "birch", "ebony", "kapok", "larch", "maple", "oak", "pine", "purpleheart", "redwood", "walnut", "baldcypress"  ],
        "quantity": 1
      },
      "R": {
        "type": "item",
        "code": "game:metalnailsandstrips-*",
        "name": "metal",
        "allowedVariants": [ "tinbronze", "blackbronze", "bismuthbronze", "iron", "steel", "meteoriciron" ],
        "quantity": 2
      },
      "O": {
        "type": "item",
        "code": "game:rope",
        "quantity": 4
      }
    },
    "width": 3,
    "height": 3,
    "recipeGroup": 2,
    "shapeless": false,
    "output": {
      "type": "item",
      "code": "marketstall-marketstall-smallstall-classic-{wood}"
    }
  },
  {
    "code": "framestall2",
    "ingredientPattern": "RWO,WSW,OWR",
    "ingredients": {
      "W": {
        "type": "block",
        "code": "game:supportbeam-*",
        "name": "wood",
        "allowedVariants": [ "acacia", "birch", "ebony", "kapok", "larch", "maple", "oak", "pine", "purpleheart", "redwood", "walnut", "baldcypress"  ],
        "quantity": 8
      },
      "S": {
        "type": "item",
        "code": "cartschematics-carts",
        "returnedStack": {
          "type": "item",
          "code": "cartschematics-carts"
        }
      },
      "R": {
        "type": "item",
        "code": "game:resin",
        "quantity": 4
      },
      "O": {
        "type": "item",
        "code": "game:rope",
        "quantity": 4
      }
    },
    "width": 3,
    "height": 3,
    "recipeGroup": 1,
    "shapeless": false,
    "output": {
      "type": "item",
      "code": "cartconstruction-frame-slantedstall-{wood}"
    }
  },
  {
    "code": "unfinishedstall2",
    "ingredientPattern": "WRW,RFR,WRW",
    "ingredients": {
      "W": {
        "type": "item",
        "code": "game:plank-*",
        "name": "wood",
        "allowedVariants": [ "acacia", "birch", "ebony", "kapok", "larch", "maple", "oak", "pine", "purpleheart", "redwood", "walnut", "baldcypress"  ],
        "quantity": 8
      },
      "F": {
        "type": "item",
        "code": "cartconstruction-frame-slantedstall-*",
        "name": "wood",
        "allowedVariants": [ "acacia", "birch", "ebony", "kapok", "larch", "maple", "oak", "pine", "purpleheart", "redwood", "walnut", "baldcypress"  ],
        "quantity": 1
      },
      "R": {
        "type": "item",
        "code": "game:metalnailsandstrips-*",
        "name": "metal",
        "allowedVariants": [ "tinbronze", "blackbronze", "bismuthbronze",  "iron", "steel", "meteoriciron" ],
        "quantity": 2
      }
    },
    "width": 3,
    "height": 3,
    "recipeGroup": 1,
    "shapeless": false,
    "output": {
      "type": "item",
      "code": "cartconstruction-unfinished-slantedstall-{wood}"
    }
  },
  {
    "code": "finishedstall2",
    "ingredientPattern": "ORO,RUR,WRW",
    "ingredients": {
      "W": {
        "type": "item",
        "code": "cartsmisc-wheelsmall"
      },
      "U": {
        "type": "item",
        "code": "cartconstruction-unfinished-slantedstall-*",
        "name": "wood",
        "allowedVariants": [ "acacia", "birch", "ebony", "kapok", "larch", "maple", "oak", "pine", "purpleheart", "redwood", "walnut", "baldcypress"  ],
        "quantity": 1
      },
      "R": {
        "type": "item",
        "code": "game:metalnailsandstrips-*",
        "name": "metal",
        "allowedVariants": [ "tinbronze", "blackbronze", "bismuthbronze", "iron", "steel", "meteoriciron" ],
        "quantity": 2
      },
      "O": {
        "type": "item",
        "code": "game:rope",
        "quantity": 4
      }
    },
    "width": 3,
    "height": 3,
    "recipeGroup": 1,
    "shapeless": false,
    "output": {
      "type": "item",
      "code": "marketstall-marketstall-smallstall-slanted-{wood}"
    }
  },
  {
    "code": "framestall3",
    "ingredientPattern": "ORO,WSW,WRW",
    "ingredients": {
      "W": {
        "type": "block",
        "code": "game:supportbeam-*",
        "name": "wood",
        "allowedVariants": [ "acacia", "birch", "ebony", "kapok", "larch", "maple", "oak", "pine", "purpleheart", "redwood", "walnut", "baldcypress"  ],
        "quantity": 8
      },
      "S": {
        "type": "item",
        "code": "cartschematics-carts",
        "returnedStack": {
          "type": "item",
          "code": "cartschematics-carts"
        }
      },
      "R": {
        "type": "item",
        "code": "game:resin",
        "quantity": 4
      },
      "O": {
        "type": "item",
        "code": "game:rope",
        "quantity": 4
      }
    },
    "width": 3,
    "height": 3,
    "recipeGroup": 1,
    "shapeless": false,
    "output": {
      "type": "item",
      "code": "cartconstruction-frame-openstall-{wood}"
    }
  },
  {
    "code": "unfinishedstall3",
    "ingredientPattern": "WRW,RFR,WRW",
    "ingredients": {
      "W": {
        "type": "item",
        "code": "game:plank-*",
        "name": "wood",
        "allowedVariants": [ "acacia", "birch", "ebony", "kapok", "larch", "maple", "oak", "pine", "purpleheart", "redwood", "walnut", "baldcypress"  ],
        "quantity": 8
      },
      "F": {
        "type": "item",
        "code": "cartconstruction-frame-openstall-*",
        "name": "wood",
        "allowedVariants": [ "acacia", "birch", "ebony", "kapok", "larch", "maple", "oak", "pine", "purpleheart", "redwood", "walnut", "baldcypress"  ],
        "quantity": 1
      },
      "R": {
        "type": "item",
        "code": "game:metalnailsandstrips-*",
        "name": "metal",
        "allowedVariants": [ "iron", "steel", "meteoriciron" ],
        "quantity": 2
      }
    },
    "width": 3,
    "height": 3,
    "recipeGroup": 1,
    "shapeless": false,
    "output": {
      "type": "item",
      "code": "cartconstruction-unfinished-openstall-{wood}"
    }
  },
  {
    "code": "finishedstall3",
    "ingredientPattern": "ORO,RUR,WRW",
    "ingredients": {
      "W": {
        "type": "item",
        "code": "cartsmisc-wheelsolid"
      },
      "U": {
        "type": "item",
        "code": "cartconstruction-unfinished-openstall-*",
        "name": "wood",
        "allowedVariants": [ "acacia", "birch", "ebony", "kapok", "larch", "maple", "oak", "pine", "purpleheart", "redwood", "walnut", "baldcypress"  ],
        "quantity": 1
      },
      "R": {
        "type": "item",
        "code": "game:metalnailsandstrips-*",
        "name": "metal",
        "allowedVariants": [ "tinbronze", "blackbronze", "bismuthbronze", "iron", "steel", "meteoriciron" ],
        "quantity": 2
      },
      "O": {
        "type": "item",
        "code": "game:rope",
        "quantity": 4
      }
    },
    "width": 3,
    "height": 3,
    "recipeGroup": 1,
    "shapeless": false,
    "output": {
      "type": "item",
      "code": "marketstall-marketstall-smallstall-open-{wood}"
    }
  }
]