[
  {
    "code": "signglasswood",
    "ingredientPattern": "SC",
    "ingredients": {
      "S": {
        "type": "item",
        "code": "cartsign-single-oak-glass-*",
        "name": "overlay"
      },
      "C": {
        "type": "block",
        "code": "game:planks-*-ud"
      }
    },
    "width": 1,
    "height": 2,
    "recipeGroup": 1,
    "shapeless": true,
    "output": {
      "type": "item",
      "code": "cartsign-single-oak-wood-{overlay}"
    }
  },
  {
    "code": "signgwoodcloth",
    "ingredientPattern": "SC",
    "ingredients": {
      "S": {
        "type": "item",
        "code": "cartsign-single-oak-wood-*",
        "name": "overlay"
      },
      "C": {
        "type": "block",
        "code": "game:linen-normal-down"
      }
    },
    "width": 1,
    "height": 2,
    "recipeGroup": 1,
    "shapeless": true,
    "output": {
      "type": "item",
      "code": "cartsign-single-oak-cloth-{overlay}"
    }
  },
  {
    "code": "signclothglass",
    "ingredientPattern": "SC",
    "ingredients": {
      "S": {
        "type": "item",
        "code": "cartsign-single-oak-cloth-*",
        "name": "overlay"
      },
      "C": {
        "type": "block",
        "code": "game:glass-quartz*"
      }
    },
    "width": 1,
    "height": 2,
    "recipeGroup": 1,
    "shapeless": true,
    "output": {
      "type": "item",
      "code": "cartsign-single-oak-glass-{overlay}"
    }
  },
  {
    "code": "signgclothwood",
    "ingredientPattern": "SC",
    "ingredients": {
      "S": {
        "type": "item",
        "code": "cartsign-single-oak-cloth-*",
        "name": "overlay"
      },
      "C": {
        "type": "block",
        "code": "game:planks-*-ud"
      }
    },
    "width": 1,
    "height": 2,
    "recipeGroup": 2,
    "shapeless": true,
    "output": {
      "type": "item",
      "code": "cartsign-single-oak-wood-{overlay}"
    }
  },
  {
    "code": "signgglasscloth",
    "ingredientPattern": "SC",
    "ingredients": {
      "S": {
        "type": "item",
        "code": "cartsign-single-oak-glass-*",
        "name": "overlay"
      },
      "C": {
        "type": "block",
        "code": "game:linen-normal-down"
      }
    },
    "width": 1,
    "height": 2,
    "recipeGroup": 2,
    "shapeless": true,
    "output": {
      "type": "item",
      "code": "cartsign-single-oak-cloth-{overlay}"
    }
  },
  {
    "code": "signwoodglass",
    "ingredientPattern": "SC",
    "ingredients": {
      "S": {
        "type": "item",
        "code": "cartsign-single-oak-wood-*",
        "name": "overlay"
      },
      "C": {
        "type": "block",
        "code": "game:glass-quartz*"
      }
    },
    "width": 1,
    "height": 2,
    "recipeGroup": 2,
    "shapeless": true,
    "output": {
      "type": "item",
      "code": "cartsign-single-oak-glass-{overlay}"
    }
  }
]