[
  {
    "code": "barrelchest",
    "ingredientPattern": "BC",
    "ingredients": {
      "B": {
        "type": "block",
        "code": "game:barrel"
      },
      "C": {
        "type": "block",
        "code": "game:chest-*",
        "quantity": 1
      }
    },
    "width": 2,
    "height": 1,
    "recipeGroup": 1,
    "shapeless": true,
    "output": {
      "type": "item",
      "code": "cartsstorage-barrel-oak"
    }
  },
  {
    "code": "cratechest",
    "ingredientPattern": "AC",
    "ingredients": {
      "A": {
        "type": "block",
        "code": "game:crate*"
      },
      "C": {
        "type": "block",
        "code": "game:chest-*",
        "quantity": 1
      }
    },
    "width": 2,
    "height": 1,
    "recipeGroup": 2,
    "shapeless": true,
    "output": {
      "type": "item",
      "code": "cartsstorage-crate-oak"
    }
  },
  {
    "code": "smallbasket",
    "ingredientPattern": "SC",
    "ingredients": {
      "S": {
        "type": "item",
        "code": "cartschematics-carts",
        "returnedStack": {
          "type": "item",
          "code": "cartschematics-carts"
        }
      },
      "C": {
        "type": "block",
        "code": "game:stationarybasket-east",
        "quantity": 1
      }
    },
    "width": 2,
    "height": 1,
    "recipeGroup": 1,
    "shapeless": true,
    "output": {
      "type": "item",
      "code": "cartsstorage-smallbasket-oak",
      "quantity": 2
    }
  },
  {
    "code": "smallpouch",
    "ingredientPattern": "SC",
    "ingredients": {
      "S": {
        "type": "item",
        "code": "cartschematics-carts",
        "returnedStack": {
          "type": "item",
          "code": "cartschematics-carts"
        }
      },
      "C": {
        "type": "item",
        "code": "game:leather-normal-plain",
        "quantity": 1
      }
    },
    "width": 2,
    "height": 1,
    "recipeGroup": 1,
    "shapeless": true,
    "output": {
      "type": "item",
      "code": "cartsstorage-smallpouch-oak",
      "quantity": 1
    }
  },
  {
    "code": "smallsack",
    "ingredientPattern": "SC",
    "ingredients": {
      "S": {
        "type": "item",
        "code": "cartschematics-carts",
        "returnedStack": {
          "type": "item",
          "code": "cartschematics-carts"
        }
      },
      "C": {
        "type": "block",
        "code": "game:linen-normal-down",
        "quantity": 1
      }
    },
    "width": 2,
    "height": 1,
    "recipeGroup": 1,
    "shapeless": true,
    "output": {
      "type": "item",
      "code": "cartsstorage-smallsack-oak",
      "quantity": 1
    }
  },
  {
    "code": "smallchest",
    "ingredientPattern": "SC",
    "ingredients": {
      "S": {
        "type": "item",
        "code": "cartschematics-carts",
        "returnedStack": {
          "type": "item",
          "code": "cartschematics-carts"
        }
      },
      "C": {
        "type": "block",
        "code": "game:chest-*",
        "quantity": 1
      }
    },
    "width": 2,
    "height": 1,
    "recipeGroup": 1,
    "shapeless": true,
    "output": {
      "type": "item",
      "code": "cartsstorage-smallchest-oak",
      "quantity": 4
    }
  }
]