[
	{
		"ingredientPattern": "LLL	LLL	LCL",
		"ingredients": {
			"L": { "type": "item", "code": "palmleaf-palmetto", "quantity": 1 },
			"C": { "type": "item", "code": "game:clay-*", "quantity": 2 }
		},
		"name": "skep",
		"width": 3,
		"height": 3,
		"output": { "type": "block", "code": "skep-palm-empty-east"  }
	},
	{
		"ingredientPattern": "LLL	LLL	LCL",
		"ingredients": {
			"L": { "type": "item", "code": "palmleaf-roystonearegia", "quantity": 1 },
			"C": { "type": "item", "code": "game:clay-*", "quantity": 2 }
		},
		"name": "skep",
		"width": 3,
		"height": 3,
		"output": { "type": "block", "code": "skep-palm-empty-east"  }
	}
]