{
	"editor": {
		"backDropShape": "E:/Programs/VSModelCreator/seraph-faceless",
		"allAngles": true,
		"entityTextureMode": true
	},
	"textureWidth": 64,
	"textureHeight": 64,
	"textureSizes": {
	},
	"textures": {
		"material": "entity/humanoid/serapharmor/lamellar/bismuthbronze"
	},
	"elements": [
		{
			"name": "ArmorUpperArmR",
			"stepParentName": "UpperArmR",
			"from": [ -0.2, -0.2, -0.3 ],
			"to": [ 3.1, 7.2, 2.1 ],
			"autoUnwrap": false,
			"uv": [ 36.0, 0.0 ],
			"rotationOrigin": [ -0.2, -0.2, -0.3 ],
			"faces": {
				"north": { "texture": "#material", "uv": [ 36.0, 2.0, 39.0, 9.0 ] },
				"east": { "texture": "#material", "uv": [ 44.0, 2.0, 46.0, 9.0 ] },
				"south": { "texture": "#material", "uv": [ 41.0, 2.0, 44.0, 9.0 ] },
				"west": { "texture": "#material", "uv": [ 39.0, 2.0, 41.0, 9.0 ] },
				"up": { "texture": "#material", "uv": [ 36.0, 0.0, 39.0, 2.0 ], "rotation": 180 },
				"down": { "texture": "#material", "uv": [ 39.0, 0.0, 42.0, 2.0 ] }
			},
			"children": [
				{
					"name": "ArmorShoulderR",
					"from": [ -0.5, 6.8, 0.4 ],
					"to": [ 3.5, 7.8, 1.9 ],
					"unwrapMode": 5,
					"uv": [ 24.0, 17.0 ],
					"rotationOrigin": [ -0.5, 6.8, 0.4 ],
					"faces": {
						"north": { "texture": "#material", "uv": [ 25.0, 17.0, 29.0, 18.0 ], "rotation": 180 },
						"east": { "texture": "#material", "uv": [ 29.0, 18.0, 30.0, 19.5 ], "rotation": 90 },
						"south": { "texture": "#material", "uv": [ 25.0, 19.5, 29.0, 20.5 ] },
						"west": { "texture": "#material", "uv": [ 24.0, 18.0, 25.0, 19.5 ], "rotation": 270 },
						"up": { "texture": "#material", "uv": [ 25.0, 18.0, 29.0, 19.5 ] },
						"down": { "texture": "#material", "uv": [ 30.0, 18.0, 34.0, 19.5 ] }
					}
				}
			]
		},
		{
			"name": "ArmorUpperArmL",
			"stepParentName": "UpperArmL",
			"from": [ -0.2, -0.2, -0.2 ],
			"to": [ 3.1, 7.2, 2.2 ],
			"autoUnwrap": false,
			"uv": [ 26.0, 0.0 ],
			"rotationOrigin": [ -0.2, -0.2, -0.2 ],
			"faces": {
				"north": { "texture": "#material", "uv": [ 26.0, 2.0, 29.0, 9.0 ] },
				"east": { "texture": "#material", "uv": [ 34.0, 2.0, 36.0, 9.0 ] },
				"south": { "texture": "#material", "uv": [ 31.0, 2.0, 34.0, 9.0 ] },
				"west": { "texture": "#material", "uv": [ 29.0, 2.0, 31.0, 9.0 ] },
				"up": { "texture": "#material", "uv": [ 26.0, 0.0, 29.0, 2.0 ] },
				"down": { "texture": "#material", "uv": [ 29.0, 0.0, 32.0, 2.0 ] }
			},
			"children": [
				{
					"name": "ArmorShoulderL",
					"from": [ -0.5, 6.8, 0.2 ],
					"to": [ 3.5, 7.8, 1.7 ],
					"unwrapMode": 5,
					"uv": [ 24.0, 20.5 ],
					"rotationOrigin": [ -0.5, 6.8, 0.2 ],
					"faces": {
						"north": { "texture": "#material", "uv": [ 25.0, 20.5, 29.0, 21.5 ], "rotation": 180 },
						"east": { "texture": "#material", "uv": [ 29.0, 21.5, 30.0, 23.0 ], "rotation": 90 },
						"south": { "texture": "#material", "uv": [ 25.0, 23.0, 29.0, 24.0 ] },
						"west": { "texture": "#material", "uv": [ 24.0, 21.5, 25.0, 23.0 ], "rotation": 270 },
						"up": { "texture": "#material", "uv": [ 25.0, 21.5, 29.0, 23.0 ] },
						"down": { "texture": "#material", "uv": [ 30.0, 21.5, 34.0, 23.0 ] }
					}
				}
			]
		},
		{
			"name": "ArmorLowerArmR",
			"stepParentName": "LowerArmR",
			"from": [ -0.2, 1.8, -0.25 ],
			"to": [ 2.7, 6.2, 2.25 ],
			"uv": [ 36.0, 9.0 ],
			"rotationOrigin": [ -0.2, 1.8, -0.4 ],
			"faces": {
				"north": { "texture": "#material", "uv": [ 36.0, 11.5, 38.5, 15.5 ] },
				"east": { "texture": "#material", "uv": [ 38.5, 11.5, 41.0, 15.5 ] },
				"south": { "texture": "#material", "uv": [ 41.0, 11.5, 43.5, 15.5 ] },
				"west": { "texture": "#material", "uv": [ 43.5, 11.5, 46.0, 15.5 ] },
				"up": { "texture": "#material", "uv": [ 36.0, 9.0, 38.5, 11.5 ] },
				"down": { "texture": "#material", "uv": [ 38.5, 9.0, 41.0, 11.5 ] }
			}
		},
		{
			"name": "ArmorLowerArmL",
			"stepParentName": "LowerArmL",
			"from": [ -0.2, 1.8, -0.25 ],
			"to": [ 2.7, 6.2, 2.25 ],
			"uv": [ 26.0, 9.0 ],
			"rotationOrigin": [ -0.2, 1.8, -0.3 ],
			"faces": {
				"north": { "texture": "#material", "uv": [ 26.0, 11.5, 28.5, 15.5 ] },
				"east": { "texture": "#material", "uv": [ 28.5, 11.5, 31.0, 15.5 ] },
				"south": { "texture": "#material", "uv": [ 31.0, 11.5, 33.5, 15.5 ] },
				"west": { "texture": "#material", "uv": [ 33.5, 11.5, 36.0, 15.5 ] },
				"up": { "texture": "#material", "uv": [ 26.0, 9.0, 28.5, 11.5 ] },
				"down": { "texture": "#material", "uv": [ 28.5, 9.0, 31.0, 11.5 ] }
			}
		}
	]}