{
	"editor": {
		"collapsedPaths": "Root/Waist-Belt/Pouch_1,Root/Waist-Quiver/Sheath_0,Root/Waist-Quiver/Belt,Root/Bow,Root/Waist-Quiver/Quiver,Root/Sowrd/Handle,Root/Waist-Quiver/Saydak,Root/Waist-Belt/quiver_0,Root/Waist-Quiver/Sheath/sheath_0,Root/Waist-Quiver/Sheath/sheath_0/Sowrd/Handle2,Root/Waist-Quiver/Quiver/arrow_3,Root/Waist-Quiver/Quiver/arrow_2,Root/Waist-Quiver/Quiver/arrow_1,Root/Waist-Quiver/Bow,Root/Waist/buckle-bottom,Root/Waist-Quiver/Quiver/arrow_0,Root/Waist-Quiver/Pouch_1,Root/Waist-Quiver/Sheath/sheath_0/Handle2/Guard_2,Root/Waist-Quiver/Pouch_0,Root/Sowrd/Metal,Root/Waist-Belt/Sheath",
		"allAngles": true,
		"entityTextureMode": false
	},
	"textureWidth": 16,
	"textureHeight": 16,
	"textureSizes": {
	},
	"textures": {
		"quiverbolts-black": "game:block/leather/black",
		"belt-waist-plain-material": "game:block/leather/plain",
		"belt-waist-plain-metal": "game:block/metal/plate/brass"
	},
	"elements": [
		{
			"name": "root",
			"from": [ 0.0, 0.0, 0.0 ],
			"to": [ 0.0, 0.0, 0.0 ],
			"rotationOrigin": [ 0.0, 0.0, 0.0 ],
			"rotationX": 90.0,
			"faces": {
			},
			"children": [
				{
					"name": "Quiver",
					"from": [ -1.5, 0.0, 2.5 ],
					"to": [ 1.5, 4.5, 4.5 ],
					"rotationOrigin": [ -1.5, 0.0, 2.5 ],
					"rotationX": -90.0,
					"faces": {
						"north": { "texture": "#belt-waist-plain-material", "uv": [ 0.0, 0.0, 3.0, 4.5 ] },
						"east": { "texture": "#belt-waist-plain-material", "uv": [ 0.0, 0.0, 2.0, 4.5 ] },
						"south": { "texture": "#belt-waist-plain-material", "uv": [ 0.0, 0.0, 3.0, 4.5 ] },
						"west": { "texture": "#belt-waist-plain-material", "uv": [ 0.0, 0.0, 2.0, 4.5 ] },
						"down": { "texture": "#belt-waist-plain-material", "uv": [ 0.0, 0.0, 3.0, 2.0 ] }
					},
					"children": [
						{
							"name": "quiver_0",
							"from": [ -0.1, 0.5, -0.1 ],
							"to": [ 3.1, 1.0, 2.1 ],
							"rotationOrigin": [ -0.1, 0.5, -0.1 ],
							"faces": {
								"north": { "texture": "#belt-waist-plain-metal", "uv": [ 0.0, 0.0, 3.0, 0.5 ] },
								"east": { "texture": "#belt-waist-plain-metal", "uv": [ 0.0, 0.0, 2.0, 0.5 ] },
								"south": { "texture": "#belt-waist-plain-metal", "uv": [ 0.0, 0.0, 3.0, 0.5 ] },
								"west": { "texture": "#belt-waist-plain-metal", "uv": [ 0.0, 0.0, 2.0, 0.5 ] },
								"up": { "texture": "#belt-waist-plain-metal", "uv": [ 0.0, 0.0, 3.0, 2.0 ] },
								"down": { "texture": "#belt-waist-plain-metal", "uv": [ 0.0, 0.0, 3.0, 2.0 ] }
							}
						},
						{
							"name": "quiver_1",
							"from": [ -0.1, 4.0, -0.1 ],
							"to": [ 3.1, 4.5, 2.1 ],
							"rotationOrigin": [ -0.1, 4.0, -0.1 ],
							"faces": {
								"north": { "texture": "#belt-waist-plain-metal", "uv": [ 0.0, 0.0, 3.0, 0.5 ] },
								"east": { "texture": "#belt-waist-plain-metal", "uv": [ 0.0, 0.0, 2.0, 0.5 ] },
								"south": { "texture": "#belt-waist-plain-metal", "uv": [ 0.0, 0.0, 3.0, 0.5 ] },
								"west": { "texture": "#belt-waist-plain-metal", "uv": [ 0.0, 0.0, 2.0, 0.5 ] },
								"up": { "texture": "#belt-waist-plain-metal", "uv": [ 0.0, 0.0, 3.0, 2.0 ] },
								"down": { "texture": "#belt-waist-plain-metal", "uv": [ 0.0, 0.0, 3.0, 2.0 ] }
							}
						},
						{
							"name": "quiver_4",
							"from": [ 0.0, 4.5, 0.0 ],
							"to": [ 3.0, 5.0, 0.3 ],
							"rotationOrigin": [ 0.0, 4.5, 0.3 ],
							"rotationX": -30.0,
							"faces": {
								"north": { "texture": "#belt-waist-plain-material", "uv": [ 0.0, 0.0, 3.0, 0.5 ] },
								"east": { "texture": "#belt-waist-plain-material", "uv": [ 0.0, 0.0, 0.5, 0.5 ] },
								"south": { "texture": "#belt-waist-plain-material", "uv": [ 0.0, 0.0, 3.0, 0.5 ] },
								"west": { "texture": "#belt-waist-plain-material", "uv": [ 0.0, 0.0, 0.5, 0.5 ] },
								"up": { "texture": "#belt-waist-plain-material", "uv": [ 0.0, 0.0, 3.0, 0.5 ] },
								"down": { "texture": "#belt-waist-plain-material", "uv": [ 0.0, 0.0, 3.0, 0.5 ] }
							}
						},
						{
							"name": "quiver_5",
							"from": [ 0.0, 4.5, 1.7 ],
							"to": [ 3.0, 5.0, 2.0 ],
							"rotationOrigin": [ 0.0, 4.5, 1.7 ],
							"rotationX": 30.0,
							"faces": {
								"north": { "texture": "#belt-waist-plain-material", "uv": [ 0.0, 0.0, 3.0, 0.5 ] },
								"east": { "texture": "#belt-waist-plain-material", "uv": [ 0.0, 0.0, 0.5, 0.5 ] },
								"south": { "texture": "#belt-waist-plain-material", "uv": [ 0.0, 0.0, 3.0, 0.5 ] },
								"west": { "texture": "#belt-waist-plain-material", "uv": [ 0.0, 0.0, 0.5, 0.5 ] },
								"up": { "texture": "#belt-waist-plain-material", "uv": [ 0.0, 0.0, 3.0, 0.5 ] },
								"down": { "texture": "#belt-waist-plain-material", "uv": [ 0.0, 0.0, 3.0, 0.5 ] }
							}
						},
						{
							"name": "quiver_6",
							"from": [ 0.0, 4.5, 0.0 ],
							"to": [ 0.3, 5.0, 2.0 ],
							"rotationOrigin": [ 0.3, 4.5, 0.0 ],
							"rotationZ": 30.0,
							"faces": {
								"north": { "texture": "#belt-waist-plain-material", "uv": [ 0.0, 0.0, 0.5, 0.5 ] },
								"east": { "texture": "#belt-waist-plain-material", "uv": [ 0.0, 0.0, 2.0, 0.5 ] },
								"south": { "texture": "#belt-waist-plain-material", "uv": [ 0.0, 0.0, 0.5, 0.5 ] },
								"west": { "texture": "#belt-waist-plain-material", "uv": [ 12.5, 3.0, 14.5, 3.5 ] },
								"up": { "texture": "#belt-waist-plain-material", "uv": [ 0.0, 0.0, 0.5, 2.0 ] },
								"down": { "texture": "#belt-waist-plain-material", "uv": [ 0.0, 0.0, 0.5, 2.0 ] }
							}
						},
						{
							"name": "quiver_7",
							"from": [ 2.7, 4.5, 0.0 ],
							"to": [ 3.0, 5.0, 2.0 ],
							"rotationOrigin": [ 2.7, 4.5, 0.0 ],
							"rotationZ": -30.0,
							"faces": {
								"north": { "texture": "#belt-waist-plain-material", "uv": [ 0.0, 0.0, 0.5, 0.5 ] },
								"east": { "texture": "#belt-waist-plain-material", "uv": [ 12.0, 6.0, 14.0, 6.5 ] },
								"south": { "texture": "#belt-waist-plain-material", "uv": [ 0.0, 0.0, 0.5, 0.5 ] },
								"west": { "texture": "#belt-waist-plain-material", "uv": [ 7.5, 3.0, 9.5, 3.5 ] },
								"up": { "texture": "#belt-waist-plain-material", "uv": [ 0.0, 0.0, 0.5, 2.0 ] },
								"down": { "texture": "#belt-waist-plain-material", "uv": [ 0.0, 0.0, 0.5, 2.0 ] }
							}
						},
						{
							"name": "quiver_8",
							"from": [ 0.2, 4.51, 0.2 ],
							"to": [ 2.8, 4.51, 1.8 ],
							"rotationOrigin": [ 0.2, 4.5, 0.2 ],
							"faces": {
								"up": { "texture": "#quiverbolts-black", "uv": [ 7.0, 9.5, 9.5, 11.0 ] }
							}
						}
					]
				},
				{
					"name": "quiver_0_0",
					"from": [ -2.2, 0.2, -0.1 ],
					"to": [ -2.2, 0.2, -0.1 ],
					"rotationOrigin": [ -2.2, 0.2, -0.1 ],
					"rotationX": 90.0,
					"rotationY": 58.0,
					"faces": {
						"north": { "texture": "#belt-waist-plain-metal", "uv": [ 0.0, 0.0, 0.5, 0.5 ] },
						"east": { "texture": "#belt-waist-plain-metal", "uv": [ 0.0, 0.0, 0.5, 0.5 ] },
						"south": { "texture": "#belt-waist-plain-metal", "uv": [ 0.0, 0.0, 0.5, 0.5 ] },
						"west": { "texture": "#belt-waist-plain-metal", "uv": [ 0.0, 0.0, 0.5, 0.5 ] },
						"up": { "texture": "#belt-waist-plain-metal", "uv": [ 0.0, 0.0, 0.5, 0.5 ] },
						"down": { "texture": "#belt-waist-plain-metal", "uv": [ 0.0, 0.0, 0.5, 0.5 ] }
					},
					"children": [
						{
							"name": "quiver_1_0",
							"from": [ -0.5, -0.4, -0.7 ],
							"to": [ 0.8, 1.4, -0.3 ],
							"rotationOrigin": [ -0.5, -0.4, -0.7 ],
							"faces": {
								"north": { "texture": "#belt-waist-plain-metal", "uv": [ 0.0, 0.0, 1.0, 1.5 ] },
								"east": { "texture": "#belt-waist-plain-metal", "uv": [ 0.0, 0.0, 0.5, 1.5 ] },
								"south": { "texture": "#belt-waist-plain-metal", "uv": [ 0.0, 0.0, 1.0, 1.5 ] },
								"west": { "texture": "#belt-waist-plain-metal", "uv": [ 0.0, 0.0, 0.5, 1.5 ] },
								"up": { "texture": "#belt-waist-plain-metal", "uv": [ 0.0, 0.0, 1.0, 0.5 ] },
								"down": { "texture": "#belt-waist-plain-metal", "uv": [ 0.0, 0.0, 1.0, 0.5 ] }
							}
						},
						{
							"name": "quiver_2_0",
							"from": [ 0.7, -0.4, -0.71 ],
							"to": [ 1.2, 0.0, -0.31 ],
							"rotationOrigin": [ 0.7, 0.1, -0.7 ],
							"rotationZ": -19.0,
							"faces": {
								"north": { "texture": "#belt-waist-plain-metal", "uv": [ 0.0, 0.0, 0.5, 0.5 ] },
								"east": { "texture": "#belt-waist-plain-metal", "uv": [ 0.0, 0.0, 0.5, 0.5 ] },
								"south": { "texture": "#belt-waist-plain-metal", "uv": [ 0.0, 0.0, 0.5, 0.5 ] },
								"west": { "texture": "#belt-waist-plain-metal", "uv": [ 0.0, 0.0, 0.5, 0.5 ] },
								"up": { "texture": "#belt-waist-plain-metal", "uv": [ 0.0, 0.0, 0.5, 0.5 ] },
								"down": { "texture": "#belt-waist-plain-metal", "uv": [ 0.0, 0.0, 0.5, 0.5 ] }
							},
							"children": [
								{
									"name": "quiver_3_0",
									"from": [ 0.5, 0.0, 0.0 ],
									"to": [ 0.9, 1.5, 0.4 ],
									"rotationOrigin": [ 0.5, 0.0, 0.0 ],
									"faces": {
										"north": { "texture": "#belt-waist-plain-metal", "uv": [ 0.0, 0.0, 0.5, 1.5 ] },
										"east": { "texture": "#belt-waist-plain-metal", "uv": [ 0.0, 0.0, 0.5, 1.5 ] },
										"south": { "texture": "#belt-waist-plain-metal", "uv": [ 0.0, 0.0, 0.5, 1.5 ] },
										"west": { "texture": "#belt-waist-plain-metal", "uv": [ 0.0, 0.0, 0.5, 1.5 ] },
										"up": { "texture": "#belt-waist-plain-metal", "uv": [ 0.0, 0.0, 0.5, 0.5 ] },
										"down": { "texture": "#belt-waist-plain-metal", "uv": [ 0.0, 0.0, 0.5, 0.5 ] }
									}
								}
							]
						}
					]
				}
			]
		}
	]}