[
  {
    "op": "replace",
    "file": "game:itemtypes/tool/axe-stone.json",
    "path": "/heldTpHitAnimation",
    "value": "axechopnew",
    "side": "Server"
  },

  {
    "op": "replace",
    "file": "game:itemtypes/tool/axe-metal.json",
    "path": "/heldTpHitAnimationByType/axe-felling-*",
    "value": "axechopnew",
    "side": "Server"
  },
  {
    "op": "replace",
    "file": "game:itemtypes/tool/axe-metal.json",
    "path": "/heldTpHitAnimationByType/axe-double-*",
    "value": "axechopnew",
    "side": "Server"
  },
  {
    "op": "replace",
    "file": "game:itemtypes/tool/axe-metal.json",
    "path": "/heldTpHitAnimationByType/axe-bardiche-*",
    "value": "axechopnew",
    "side": "Server"
  },
  {
    "op": "replace",
    "file": "game:itemtypes/tool/axe-metal.json",
    "path": "/heldTpHitAnimationByType/*",
    "value": "axechopnew",
    "side": "Server"
  }
]
