[
	{
		ingredientPattern: "FFF,FEF,GAI",
		recipeGroup: 1,
		ingredients: {
			"A": { type: "item", code: "fa-dynasties-schematic", returnedStack: { "type": "item", "code": "fa-dynasties-schematic" }
			},
			"E": { type: "item", code: "game:armor-body-chain-*",
					name: "metal",
					allowedVariants: [
					"iron",
					"meteoriciron",
					"steel"
				]
			},
			"F": { type: "item", code: "game:metalnailsandstrips-*",
					name: "metal",
					allowedVariants: [
					"iron",
					"meteoriciron",
					"steel"
				], quantity: 16
			}, 
			"G": { type: "item", code: "game:hammer-*", isTool: true, toolDurabilityCost: 100
			},
			"I": { type: "item", code: "game:leather-normal-plain", quantity: 8
			}
		},
		width: 3,
		height: 3,
		name: "song armor",
		output: { type: "item", code: "fa-dynasties-body-{metal}-song-none"
		}
	},
	{
		ingredientPattern: "A_A,AEA,_G_",
		recipeGroup: 1,
		ingredients: {
			"A": { type: "item", 
					code: "game:cloth-*", 
					name: "color", 
					allowedVariants: [
					"plain",
					"blue",
					"red",
					"yellow",
					"green",
					"purple",
					"pink",
					"orange",
					"brown",
					"gray",
					"black",
					"white"
				], quantity: 3
			},
			"E": { type: "item", code: "fa-dynasties-body-*-song-none",
					name: "metal",
					allowedVariants: [
					"iron",
					"meteoriciron",
					"steel"
				]
			},
			"G": { type: "item", code: "game:shears-*", isTool: true, toolDurabilityCost: 100
			},
		},
		width: 3,
		height: 3,
		name: "song armor colored",
		output: { type: "item", code: "fa-dynasties-body-{metal}-song-{color}"
		}
	},
	{
		ingredientPattern: "AE,BG",
		recipeGroup: 1,
		ingredients: {
			"A": { type: "item", 
					code: "game:armor-body-hide-bear-*",
					name: "bear",
					allowedVariants: [
					"black",
					"brown",
					"polar"
				]
			},
			"E": { type: "item", 
					code: "fa-dynasties-body-*-song-none",
					name: "metal",
					allowedVariants: [
					"iron",
					"meteoriciron",
					"steel"
				]
			},
			"G": { type: "item", code: "game:shears-*", isTool: true, toolDurabilityCost: 100
			},
			"B": { type: "item", code: "game:hammer-*", isTool: true, toolDurabilityCost: 100
			}
		},
		width: 2,
		height: 2,
		name: "gothi plate sallet",
		output: { type: "item", code: "fa-dynasties-body-{metal}-song-bear-{bear}"
		}
	},
	{
		ingredientPattern: "BCD,_A_",
		recipeGroup: 1,
		ingredients: {
			"A": { type: "item", code: "fa-dynasties-body-steel-song*"
			},
			"B": { type: "item", code: "game:wrench-*", isTool: true, toolDurabilityCost: 100
			},
			"C": { type: "item", code: "game:saw-*", isTool: true, toolDurabilityCost: 100
			},
			"D": { type: "item", code: "game:shears-*", isTool: true, toolDurabilityCost: 100
			},
		},
		width: 3,
		height: 2,
		name: "Dynasties body deplume",
		output: { type: "item", code: "fa-dynasties-body-steel-song-none"
		}
	},
	{
		ingredientPattern: "BCD,_A_",
		recipeGroup: 1,
		ingredients: {
			"A": { type: "item", code: "fa-dynasties-body-meteoriciron-song*"
			},
			"B": { type: "item", code: "game:wrench-*", isTool: true, toolDurabilityCost: 100
			},
			"C": { type: "item", code: "game:saw-*", isTool: true, toolDurabilityCost: 100
			},
			"D": { type: "item", code: "game:shears-*", isTool: true, toolDurabilityCost: 100
			},
		},
		width: 3,
		height: 2,
		name: "Dynasties body deplume",
		output: { type: "item", code: "fa-dynasties-body-meteoriciron-song-none"
		}
	},
	{
		ingredientPattern: "BCD,_A_",
		recipeGroup: 1,
		ingredients: {
			"A": { type: "item", code: "fa-dynasties-body-iron-song*"
			},
			"B": { type: "item", code: "game:wrench-*", isTool: true, toolDurabilityCost: 100
			},
			"C": { type: "item", code: "game:saw-*", isTool: true, toolDurabilityCost: 100
			},
			"D": { type: "item", code: "game:shears-*", isTool: true, toolDurabilityCost: 100
			},
		},
		width: 3,
		height: 2,
		name: "Dynasties body deplume",
		output: { type: "item", code: "fa-dynasties-body-iron-song-none"
		}
	}
]