{
	treeWorldPropertyCode: "pinusdensiflora",
	sizeMultiplier: 1.7  ,
	trunks: [{
		widthloss: 0.06,
		dieAt: { avg: 0.001 },
		branchStart: { dist: "gaussian", avg: 0.2, var: 0.3 },
		branchSpacing: { dist: "gaussian", avg: 0.2, var: 0.1 },
		branchVerticalAngle:  { avg: 0.8, var: 0.1 },
		branchHorizontalAngle: { avg: 0, var: 3.1415 },
		branchWidthMultiplier: { avg: 0.15, var: 0 },
		branchWidthMultiplierEvolve: { transform: "linear", factor: 1.5 },
		branchQuantity: { avg: 5, var: 0 },
		branchWidthLossMul: 0.98,
	}],
	branches: [{
		widthLoss: 0.06,
		gravityDrag: 0.1,
		dieAt: { avg: 0.001 },

		branchStart:  { avg: 0.1, var: 0.01 },
		branchSpacing: { avg: 0.1, var: 0 },
		branchVerticalAngle: { dist: "inversegaussian", avg: 0.5, var: 0.2 },
		branchHorizontalAngle: { avg: 0, var: 3.1415 },

		branchQuantity: { avg: 1, var: 0 },
		branchWidthMultiplier: { avg: 0.6, var: 0 }
	}],
	"treeBlocks": {
		"logBlockCode": "log-grown-pine-ud",
		"otherLogBlockCode": "log-resin-pine-ud",
		"leavesBlockCode": "leaves-grown-pine",
		"leavesBranchyBlockCode": "leavesbranchy-grown-pine",
		"mossDecorCode": "attachingplant-spottymoss"
	}
}
