{
    "code": "woodenfence",
    "class": "BlockDiagonalFence",
    "behaviors": [{ "name": "CanAttach", "properties": { "sides": ["up", "down"] } }],
    "attributes": {
        "isFence": true,
        "handbook": { "groupBy": ["diagonalfences:woodenfence-*"] },
        "name": "game:block-woodenfence-{wood}-ew-*",
        "defaultCardinal": "game:woodenfence-{wood}-empty-free",
        "defaultDrop": "diagonalfences:woodenfence-{wood}-ne_sw-free"
    },
    "variantgroups": [
        { "code": "wood", "states": ["aged"], "loadFromProperties": "game:block/wood" },
        {
            "code": "type",
            "states": [
                "ne",
                "es",
                "sw",
                "nw",
                "n_ne",
                "n_es",
                "n_sw",
                "n_nw",
                "ne_e",
                "ne_es",
                "ne_s",
                "ne_sw",
                "ne_w",
                "ne_nw",
                "e_es",
                "e_sw",
                "e_nw",
                "es_s",
                "es_sw",
                "es_w",
                "es_nw",
                "s_sw",
                "s_nw",
                "sw_w",
                "sw_nw",
                "w_nw",
                "n_ne_e",
                "n_ne_es",
                "n_ne_s",
                "n_ne_sw",
                "n_ne_w",
                "n_ne_nw",
                "n_e_es",
                "n_e_sw",
                "n_e_nw",
                "n_es_s",
                "n_es_sw",
                "n_es_w",
                "n_es_nw",
                "n_s_sw",
                "n_s_nw",
                "n_sw_w",
                "n_sw_nw",
                "n_w_nw",
                "ne_e_es",
                "ne_e_s",
                "ne_e_sw",
                "ne_e_w",
                "ne_e_nw",
                "ne_es_s",
                "ne_es_sw",
                "ne_es_w",
                "ne_es_nw",
                "ne_s_sw",
                "ne_s_w",
                "ne_s_nw",
                "ne_sw_w",
                "ne_sw_nw",
                "ne_w_nw",
                "e_es_s",
                "e_es_sw",
                "e_es_w",
                "e_es_nw",
                "e_s_sw",
                "e_s_nw",
                "e_sw_w",
                "e_sw_nw",
                "e_w_nw",
                "es_s_sw",
                "es_s_w",
                "es_s_nw",
                "es_sw_w",
                "es_sw_nw",
                "es_w_nw",
                "s_sw_w",
                "s_sw_nw",
                "s_w_nw",
                "sw_w_nw",
                "n_ne_e_es",
                "n_ne_e_s",
                "n_ne_e_sw",
                "n_ne_e_w",
                "n_ne_e_nw",
                "n_ne_es_s",
                "n_ne_es_sw",
                "n_ne_es_w",
                "n_ne_es_nw",
                "n_ne_s_sw",
                "n_ne_s_w",
                "n_ne_s_nw",
                "n_ne_sw_w",
                "n_ne_sw_nw",
                "n_ne_w_nw",
                "n_e_es_s",
                "n_e_es_sw",
                "n_e_es_w",
                "n_e_es_nw",
                "n_e_s_sw",
                "n_e_s_nw",
                "n_e_sw_w",
                "n_e_sw_nw",
                "n_e_w_nw",
                "n_es_s_sw",
                "n_es_s_w",
                "n_es_s_nw",
                "n_es_sw_w",
                "n_es_sw_nw",
                "n_es_w_nw",
                "n_s_sw_w",
                "n_s_sw_nw",
                "n_s_w_nw",
                "n_sw_w_nw",
                "ne_e_es_s",
                "ne_e_es_sw",
                "ne_e_es_w",
                "ne_e_es_nw",
                "ne_e_s_sw",
                "ne_e_s_w",
                "ne_e_s_nw",
                "ne_e_sw_w",
                "ne_e_sw_nw",
                "ne_e_w_nw",
                "ne_es_s_sw",
                "ne_es_s_w",
                "ne_es_s_nw",
                "ne_es_sw_w",
                "ne_es_sw_nw",
                "ne_es_w_nw",
                "ne_s_sw_w",
                "ne_s_sw_nw",
                "ne_s_w_nw",
                "ne_sw_w_nw",
                "e_es_s_sw",
                "e_es_s_w",
                "e_es_s_nw",
                "e_es_sw_w",
                "e_es_sw_nw",
                "e_es_w_nw",
                "e_s_sw_w",
                "e_s_sw_nw",
                "e_s_w_nw",
                "e_sw_w_nw",
                "es_s_sw_w",
                "es_s_sw_nw",
                "es_s_w_nw",
                "es_sw_w_nw",
                "s_sw_w_nw",
                "n_ne_e_es_s",
                "n_ne_e_es_sw",
                "n_ne_e_es_w",
                "n_ne_e_es_nw",
                "n_ne_e_s_sw",
                "n_ne_e_s_w",
                "n_ne_e_s_nw",
                "n_ne_e_sw_w",
                "n_ne_e_sw_nw",
                "n_ne_e_w_nw",
                "n_ne_es_s_sw",
                "n_ne_es_s_w",
                "n_ne_es_s_nw",
                "n_ne_es_sw_w",
                "n_ne_es_sw_nw",
                "n_ne_es_w_nw",
                "n_ne_s_sw_w",
                "n_ne_s_sw_nw",
                "n_ne_s_w_nw",
                "n_ne_sw_w_nw",
                "n_e_es_s_sw",
                "n_e_es_s_w",
                "n_e_es_s_nw",
                "n_e_es_sw_w",
                "n_e_es_sw_nw",
                "n_e_es_w_nw",
                "n_e_s_sw_w",
                "n_e_s_sw_nw",
                "n_e_s_w_nw",
                "n_e_sw_w_nw",
                "n_es_s_sw_w",
                "n_es_s_sw_nw",
                "n_es_s_w_nw",
                "n_es_sw_w_nw",
                "n_s_sw_w_nw",
                "ne_e_es_s_sw",
                "ne_e_es_s_w",
                "ne_e_es_s_nw",
                "ne_e_es_sw_w",
                "ne_e_es_sw_nw",
                "ne_e_es_w_nw",
                "ne_e_s_sw_w",
                "ne_e_s_sw_nw",
                "ne_e_s_w_nw",
                "ne_e_sw_w_nw",
                "ne_es_s_sw_w",
                "ne_es_s_sw_nw",
                "ne_es_s_w_nw",
                "ne_es_sw_w_nw",
                "ne_s_sw_w_nw",
                "e_es_s_sw_w",
                "e_es_s_sw_nw",
                "e_es_s_w_nw",
                "e_es_sw_w_nw",
                "e_s_sw_w_nw",
                "es_s_sw_w_nw",
                "n_ne_e_es_s_sw",
                "n_ne_e_es_s_w",
                "n_ne_e_es_s_nw",
                "n_ne_e_es_sw_w",
                "n_ne_e_es_sw_nw",
                "n_ne_e_es_w_nw",
                "n_ne_e_s_sw_w",
                "n_ne_e_s_sw_nw",
                "n_ne_e_s_w_nw",
                "n_ne_e_sw_w_nw",
                "n_ne_es_s_sw_w",
                "n_ne_es_s_sw_nw",
                "n_ne_es_s_w_nw",
                "n_ne_es_sw_w_nw",
                "n_ne_s_sw_w_nw",
                "n_e_es_s_sw_w",
                "n_e_es_s_sw_nw",
                "n_e_es_s_w_nw",
                "n_e_es_sw_w_nw",
                "n_e_s_sw_w_nw",
                "n_es_s_sw_w_nw",
                "ne_e_es_s_sw_w",
                "ne_e_es_s_sw_nw",
                "ne_e_es_s_w_nw",
                "ne_e_es_sw_w_nw",
                "ne_e_s_sw_w_nw",
                "ne_es_s_sw_w_nw",
                "e_es_s_sw_w_nw",
                "n_ne_e_es_s_sw_w",
                "n_ne_e_es_s_sw_nw",
                "n_ne_e_es_s_w_nw",
                "n_ne_e_es_sw_w_nw",
                "n_ne_e_s_sw_w_nw",
                "n_ne_es_s_sw_w_nw",
                "n_e_es_s_sw_w_nw",
                "ne_e_es_s_sw_w_nw",
                "n_ne_e_es_s_sw_w_nw"
            ]
        },
        { "code": "cover", "states": ["free"] }
    ],
    "creativeinventory": { "woodenfence": ["woodenfence-*-ne_sw-free"] },
    "shape": {
        "base": "block/wood/fence/diagonal",
        "selectiveElementsByType": {
            "*-ne-*": ["Center/NE/*"],
            "*-es-*": ["Center/ES/*"],
            "*-sw-*": ["Center/SW/*"],
            "*-nw-*": ["Center/NW/*"],
            "*-n_ne-*": ["Center/N/*", "Center/NE/*"],
            "*-n_es-*": ["Center/N/*", "Center/ES/*"],
            "*-n_sw-*": ["Center/N/*", "Center/SW/*"],
            "*-n_nw-*": ["Center/N/*", "Center/NW/*"],
            "*-ne_e-*": ["Center/NE/*", "Center/E/*"],
            "*-ne_es-*": ["Center/NE/*", "Center/ES/*"],
            "*-ne_s-*": ["Center/NE/*", "Center/S/*"],
            "*-ne_sw-*": ["Center/NE/*", "Center/SW/*"],
            "*-ne_w-*": ["Center/NE/*", "Center/W/*"],
            "*-ne_nw-*": ["Center/NE/*", "Center/NW/*"],
            "*-e_es-*": ["Center/E/*", "Center/ES/*"],
            "*-e_sw-*": ["Center/E/*", "Center/SW/*"],
            "*-e_nw-*": ["Center/E/*", "Center/NW/*"],
            "*-es_s-*": ["Center/ES/*", "Center/S/*"],
            "*-es_sw-*": ["Center/ES/*", "Center/SW/*"],
            "*-es_w-*": ["Center/ES/*", "Center/W/*"],
            "*-es_nw-*": ["Center/ES/*", "Center/NW/*"],
            "*-s_sw-*": ["Center/S/*", "Center/SW/*"],
            "*-s_nw-*": ["Center/S/*", "Center/NW/*"],
            "*-sw_w-*": ["Center/SW/*", "Center/W/*"],
            "*-sw_nw-*": ["Center/SW/*", "Center/NW/*"],
            "*-w_nw-*": ["Center/W/*", "Center/NW/*"],
            "*-n_ne_e-*": ["Center/N/*", "Center/NE/*", "Center/E/*"],
            "*-n_ne_es-*": ["Center/N/*", "Center/NE/*", "Center/ES/*"],
            "*-n_ne_s-*": ["Center/N/*", "Center/NE/*", "Center/S/*"],
            "*-n_ne_sw-*": ["Center/N/*", "Center/NE/*", "Center/SW/*"],
            "*-n_ne_w-*": ["Center/N/*", "Center/NE/*", "Center/W/*"],
            "*-n_ne_nw-*": ["Center/N/*", "Center/NE/*", "Center/NW/*"],
            "*-n_e_es-*": ["Center/N/*", "Center/E/*", "Center/ES/*"],
            "*-n_e_sw-*": ["Center/N/*", "Center/E/*", "Center/SW/*"],
            "*-n_e_nw-*": ["Center/N/*", "Center/E/*", "Center/NW/*"],
            "*-n_es_s-*": ["Center/N/*", "Center/ES/*", "Center/S/*"],
            "*-n_es_sw-*": ["Center/N/*", "Center/ES/*", "Center/SW/*"],
            "*-n_es_w-*": ["Center/N/*", "Center/ES/*", "Center/W/*"],
            "*-n_es_nw-*": ["Center/N/*", "Center/ES/*", "Center/NW/*"],
            "*-n_s_sw-*": ["Center/N/*", "Center/S/*", "Center/SW/*"],
            "*-n_s_nw-*": ["Center/N/*", "Center/S/*", "Center/NW/*"],
            "*-n_sw_w-*": ["Center/N/*", "Center/SW/*", "Center/W/*"],
            "*-n_sw_nw-*": ["Center/N/*", "Center/SW/*", "Center/NW/*"],
            "*-n_w_nw-*": ["Center/N/*", "Center/W/*", "Center/NW/*"],
            "*-ne_e_es-*": ["Center/NE/*", "Center/E/*", "Center/ES/*"],
            "*-ne_e_s-*": ["Center/NE/*", "Center/E/*", "Center/S/*"],
            "*-ne_e_sw-*": ["Center/NE/*", "Center/E/*", "Center/SW/*"],
            "*-ne_e_w-*": ["Center/NE/*", "Center/E/*", "Center/W/*"],
            "*-ne_e_nw-*": ["Center/NE/*", "Center/E/*", "Center/NW/*"],
            "*-ne_es_s-*": ["Center/NE/*", "Center/ES/*", "Center/S/*"],
            "*-ne_es_sw-*": ["Center/NE/*", "Center/ES/*", "Center/SW/*"],
            "*-ne_es_w-*": ["Center/NE/*", "Center/ES/*", "Center/W/*"],
            "*-ne_es_nw-*": ["Center/NE/*", "Center/ES/*", "Center/NW/*"],
            "*-ne_s_sw-*": ["Center/NE/*", "Center/S/*", "Center/SW/*"],
            "*-ne_s_w-*": ["Center/NE/*", "Center/S/*", "Center/W/*"],
            "*-ne_s_nw-*": ["Center/NE/*", "Center/S/*", "Center/NW/*"],
            "*-ne_sw_w-*": ["Center/NE/*", "Center/SW/*", "Center/W/*"],
            "*-ne_sw_nw-*": ["Center/NE/*", "Center/SW/*", "Center/NW/*"],
            "*-ne_w_nw-*": ["Center/NE/*", "Center/W/*", "Center/NW/*"],
            "*-e_es_s-*": ["Center/E/*", "Center/ES/*", "Center/S/*"],
            "*-e_es_sw-*": ["Center/E/*", "Center/ES/*", "Center/SW/*"],
            "*-e_es_w-*": ["Center/E/*", "Center/ES/*", "Center/W/*"],
            "*-e_es_nw-*": ["Center/E/*", "Center/ES/*", "Center/NW/*"],
            "*-e_s_sw-*": ["Center/E/*", "Center/S/*", "Center/SW/*"],
            "*-e_s_nw-*": ["Center/E/*", "Center/S/*", "Center/NW/*"],
            "*-e_sw_w-*": ["Center/E/*", "Center/SW/*", "Center/W/*"],
            "*-e_sw_nw-*": ["Center/E/*", "Center/SW/*", "Center/NW/*"],
            "*-e_w_nw-*": ["Center/E/*", "Center/W/*", "Center/NW/*"],
            "*-es_s_sw-*": ["Center/ES/*", "Center/S/*", "Center/SW/*"],
            "*-es_s_w-*": ["Center/ES/*", "Center/S/*", "Center/W/*"],
            "*-es_s_nw-*": ["Center/ES/*", "Center/S/*", "Center/NW/*"],
            "*-es_sw_w-*": ["Center/ES/*", "Center/SW/*", "Center/W/*"],
            "*-es_sw_nw-*": ["Center/ES/*", "Center/SW/*", "Center/NW/*"],
            "*-es_w_nw-*": ["Center/ES/*", "Center/W/*", "Center/NW/*"],
            "*-s_sw_w-*": ["Center/S/*", "Center/SW/*", "Center/W/*"],
            "*-s_sw_nw-*": ["Center/S/*", "Center/SW/*", "Center/NW/*"],
            "*-s_w_nw-*": ["Center/S/*", "Center/W/*", "Center/NW/*"],
            "*-sw_w_nw-*": ["Center/SW/*", "Center/W/*", "Center/NW/*"],
            "*-n_ne_e_es-*": ["Center/N/*", "Center/NE/*", "Center/E/*", "Center/ES/*"],
            "*-n_ne_e_s-*": ["Center/N/*", "Center/NE/*", "Center/E/*", "Center/S/*"],
            "*-n_ne_e_sw-*": ["Center/N/*", "Center/NE/*", "Center/E/*", "Center/SW/*"],
            "*-n_ne_e_w-*": ["Center/N/*", "Center/NE/*", "Center/E/*", "Center/W/*"],
            "*-n_ne_e_nw-*": ["Center/N/*", "Center/NE/*", "Center/E/*", "Center/NW/*"],
            "*-n_ne_es_s-*": ["Center/N/*", "Center/NE/*", "Center/ES/*", "Center/S/*"],
            "*-n_ne_es_sw-*": ["Center/N/*", "Center/NE/*", "Center/ES/*", "Center/SW/*"],
            "*-n_ne_es_w-*": ["Center/N/*", "Center/NE/*", "Center/ES/*", "Center/W/*"],
            "*-n_ne_es_nw-*": ["Center/N/*", "Center/NE/*", "Center/ES/*", "Center/NW/*"],
            "*-n_ne_s_sw-*": ["Center/N/*", "Center/NE/*", "Center/S/*", "Center/SW/*"],
            "*-n_ne_s_w-*": ["Center/N/*", "Center/NE/*", "Center/S/*", "Center/W/*"],
            "*-n_ne_s_nw-*": ["Center/N/*", "Center/NE/*", "Center/S/*", "Center/NW/*"],
            "*-n_ne_sw_w-*": ["Center/N/*", "Center/NE/*", "Center/SW/*", "Center/W/*"],
            "*-n_ne_sw_nw-*": ["Center/N/*", "Center/NE/*", "Center/SW/*", "Center/NW/*"],
            "*-n_ne_w_nw-*": ["Center/N/*", "Center/NE/*", "Center/W/*", "Center/NW/*"],
            "*-n_e_es_s-*": ["Center/N/*", "Center/E/*", "Center/ES/*", "Center/S/*"],
            "*-n_e_es_sw-*": ["Center/N/*", "Center/E/*", "Center/ES/*", "Center/SW/*"],
            "*-n_e_es_w-*": ["Center/N/*", "Center/E/*", "Center/ES/*", "Center/W/*"],
            "*-n_e_es_nw-*": ["Center/N/*", "Center/E/*", "Center/ES/*", "Center/NW/*"],
            "*-n_e_s_sw-*": ["Center/N/*", "Center/E/*", "Center/S/*", "Center/SW/*"],
            "*-n_e_s_nw-*": ["Center/N/*", "Center/E/*", "Center/S/*", "Center/NW/*"],
            "*-n_e_sw_w-*": ["Center/N/*", "Center/E/*", "Center/SW/*", "Center/W/*"],
            "*-n_e_sw_nw-*": ["Center/N/*", "Center/E/*", "Center/SW/*", "Center/NW/*"],
            "*-n_e_w_nw-*": ["Center/N/*", "Center/E/*", "Center/W/*", "Center/NW/*"],
            "*-n_es_s_sw-*": ["Center/N/*", "Center/ES/*", "Center/S/*", "Center/SW/*"],
            "*-n_es_s_w-*": ["Center/N/*", "Center/ES/*", "Center/S/*", "Center/W/*"],
            "*-n_es_s_nw-*": ["Center/N/*", "Center/ES/*", "Center/S/*", "Center/NW/*"],
            "*-n_es_sw_w-*": ["Center/N/*", "Center/ES/*", "Center/SW/*", "Center/W/*"],
            "*-n_es_sw_nw-*": ["Center/N/*", "Center/ES/*", "Center/SW/*", "Center/NW/*"],
            "*-n_es_w_nw-*": ["Center/N/*", "Center/ES/*", "Center/W/*", "Center/NW/*"],
            "*-n_s_sw_w-*": ["Center/N/*", "Center/S/*", "Center/SW/*", "Center/W/*"],
            "*-n_s_sw_nw-*": ["Center/N/*", "Center/S/*", "Center/SW/*", "Center/NW/*"],
            "*-n_s_w_nw-*": ["Center/N/*", "Center/S/*", "Center/W/*", "Center/NW/*"],
            "*-n_sw_w_nw-*": ["Center/N/*", "Center/SW/*", "Center/W/*", "Center/NW/*"],
            "*-ne_e_es_s-*": ["Center/NE/*", "Center/E/*", "Center/ES/*", "Center/S/*"],
            "*-ne_e_es_sw-*": ["Center/NE/*", "Center/E/*", "Center/ES/*", "Center/SW/*"],
            "*-ne_e_es_w-*": ["Center/NE/*", "Center/E/*", "Center/ES/*", "Center/W/*"],
            "*-ne_e_es_nw-*": ["Center/NE/*", "Center/E/*", "Center/ES/*", "Center/NW/*"],
            "*-ne_e_s_sw-*": ["Center/NE/*", "Center/E/*", "Center/S/*", "Center/SW/*"],
            "*-ne_e_s_w-*": ["Center/NE/*", "Center/E/*", "Center/S/*", "Center/W/*"],
            "*-ne_e_s_nw-*": ["Center/NE/*", "Center/E/*", "Center/S/*", "Center/NW/*"],
            "*-ne_e_sw_w-*": ["Center/NE/*", "Center/E/*", "Center/SW/*", "Center/W/*"],
            "*-ne_e_sw_nw-*": ["Center/NE/*", "Center/E/*", "Center/SW/*", "Center/NW/*"],
            "*-ne_e_w_nw-*": ["Center/NE/*", "Center/E/*", "Center/W/*", "Center/NW/*"],
            "*-ne_es_s_sw-*": ["Center/NE/*", "Center/ES/*", "Center/S/*", "Center/SW/*"],
            "*-ne_es_s_w-*": ["Center/NE/*", "Center/ES/*", "Center/S/*", "Center/W/*"],
            "*-ne_es_s_nw-*": ["Center/NE/*", "Center/ES/*", "Center/S/*", "Center/NW/*"],
            "*-ne_es_sw_w-*": ["Center/NE/*", "Center/ES/*", "Center/SW/*", "Center/W/*"],
            "*-ne_es_sw_nw-*": ["Center/NE/*", "Center/ES/*", "Center/SW/*", "Center/NW/*"],
            "*-ne_es_w_nw-*": ["Center/NE/*", "Center/ES/*", "Center/W/*", "Center/NW/*"],
            "*-ne_s_sw_w-*": ["Center/NE/*", "Center/S/*", "Center/SW/*", "Center/W/*"],
            "*-ne_s_sw_nw-*": ["Center/NE/*", "Center/S/*", "Center/SW/*", "Center/NW/*"],
            "*-ne_s_w_nw-*": ["Center/NE/*", "Center/S/*", "Center/W/*", "Center/NW/*"],
            "*-ne_sw_w_nw-*": ["Center/NE/*", "Center/SW/*", "Center/W/*", "Center/NW/*"],
            "*-e_es_s_sw-*": ["Center/E/*", "Center/ES/*", "Center/S/*", "Center/SW/*"],
            "*-e_es_s_w-*": ["Center/E/*", "Center/ES/*", "Center/S/*", "Center/W/*"],
            "*-e_es_s_nw-*": ["Center/E/*", "Center/ES/*", "Center/S/*", "Center/NW/*"],
            "*-e_es_sw_w-*": ["Center/E/*", "Center/ES/*", "Center/SW/*", "Center/W/*"],
            "*-e_es_sw_nw-*": ["Center/E/*", "Center/ES/*", "Center/SW/*", "Center/NW/*"],
            "*-e_es_w_nw-*": ["Center/E/*", "Center/ES/*", "Center/W/*", "Center/NW/*"],
            "*-e_s_sw_w-*": ["Center/E/*", "Center/S/*", "Center/SW/*", "Center/W/*"],
            "*-e_s_sw_nw-*": ["Center/E/*", "Center/S/*", "Center/SW/*", "Center/NW/*"],
            "*-e_s_w_nw-*": ["Center/E/*", "Center/S/*", "Center/W/*", "Center/NW/*"],
            "*-e_sw_w_nw-*": ["Center/E/*", "Center/SW/*", "Center/W/*", "Center/NW/*"],
            "*-es_s_sw_w-*": ["Center/ES/*", "Center/S/*", "Center/SW/*", "Center/W/*"],
            "*-es_s_sw_nw-*": ["Center/ES/*", "Center/S/*", "Center/SW/*", "Center/NW/*"],
            "*-es_s_w_nw-*": ["Center/ES/*", "Center/S/*", "Center/W/*", "Center/NW/*"],
            "*-es_sw_w_nw-*": ["Center/ES/*", "Center/SW/*", "Center/W/*", "Center/NW/*"],
            "*-n_ne_e_es_s-*": ["Center/N/*", "Center/NE/*", "Center/E/*", "Center/ES/*", "Center/S/*"],
            "*-n_ne_e_es_sw-*": ["Center/N/*", "Center/NE/*", "Center/E/*", "Center/ES/*", "Center/SW/*"],
            "*-n_ne_e_es_w-*": ["Center/N/*", "Center/NE/*", "Center/E/*", "Center/ES/*", "Center/W/*"],
            "*-n_ne_e_es_nw-*": ["Center/N/*", "Center/NE/*", "Center/E/*", "Center/ES/*", "Center/NW/*"],
            "*-n_ne_e_s_sw-*": ["Center/N/*", "Center/NE/*", "Center/E/*", "Center/S/*", "Center/SW/*"],
            "*-n_ne_e_s_w-*": ["Center/N/*", "Center/NE/*", "Center/E/*", "Center/S/*", "Center/W/*"],
            "*-n_ne_e_s_nw-*": ["Center/N/*", "Center/NE/*", "Center/E/*", "Center/S/*", "Center/NW/*"],
            "*-n_ne_e_sw_w-*": ["Center/N/*", "Center/NE/*", "Center/E/*", "Center/SW/*", "Center/W/*"],
            "*-n_ne_e_sw_nw-*": ["Center/N/*", "Center/NE/*", "Center/E/*", "Center/SW/*", "Center/NW/*"],
            "*-n_ne_e_w_nw-*": ["Center/N/*", "Center/NE/*", "Center/E/*", "Center/W/*", "Center/NW/*"],
            "*-n_ne_es_s_sw-*": ["Center/N/*", "Center/NE/*", "Center/ES/*", "Center/S/*", "Center/SW/*"],
            "*-n_ne_es_s_w-*": ["Center/N/*", "Center/NE/*", "Center/ES/*", "Center/S/*", "Center/W/*"],
            "*-n_ne_es_s_nw-*": ["Center/N/*", "Center/NE/*", "Center/ES/*", "Center/S/*", "Center/NW/*"],
            "*-n_ne_es_sw_w-*": ["Center/N/*", "Center/NE/*", "Center/ES/*", "Center/SW/*", "Center/W/*"],
            "*-n_ne_es_sw_nw-*": ["Center/N/*", "Center/NE/*", "Center/ES/*", "Center/SW/*", "Center/NW/*"],
            "*-n_ne_es_w_nw-*": ["Center/N/*", "Center/NE/*", "Center/ES/*", "Center/W/*", "Center/NW/*"],
            "*-n_ne_s_sw_w-*": ["Center/N/*", "Center/NE/*", "Center/S/*", "Center/SW/*", "Center/W/*"],
            "*-n_ne_s_sw_nw-*": ["Center/N/*", "Center/NE/*", "Center/S/*", "Center/SW/*", "Center/NW/*"],
            "*-n_ne_s_w_nw-*": ["Center/N/*", "Center/NE/*", "Center/S/*", "Center/W/*", "Center/NW/*"],
            "*-n_ne_sw_w_nw-*": ["Center/N/*", "Center/NE/*", "Center/SW/*", "Center/W/*", "Center/NW/*"],
            "*-n_e_es_s_sw-*": ["Center/N/*", "Center/E/*", "Center/ES/*", "Center/S/*", "Center/SW/*"],
            "*-n_e_es_s_w-*": ["Center/N/*", "Center/E/*", "Center/ES/*", "Center/S/*", "Center/W/*"],
            "*-n_e_es_s_nw-*": ["Center/N/*", "Center/E/*", "Center/ES/*", "Center/S/*", "Center/NW/*"],
            "*-n_e_es_sw_w-*": ["Center/N/*", "Center/E/*", "Center/ES/*", "Center/SW/*", "Center/W/*"],
            "*-n_e_es_sw_nw-*": ["Center/N/*", "Center/E/*", "Center/ES/*", "Center/SW/*", "Center/NW/*"],
            "*-n_e_es_w_nw-*": ["Center/N/*", "Center/E/*", "Center/ES/*", "Center/W/*", "Center/NW/*"],
            "*-n_e_s_sw_w-*": ["Center/N/*", "Center/E/*", "Center/S/*", "Center/SW/*", "Center/W/*"],
            "*-n_e_s_sw_nw-*": ["Center/N/*", "Center/E/*", "Center/S/*", "Center/SW/*", "Center/NW/*"],
            "*-n_e_s_w_nw-*": ["Center/N/*", "Center/E/*", "Center/S/*", "Center/W/*", "Center/NW/*"],
            "*-n_e_sw_w_nw-*": ["Center/N/*", "Center/E/*", "Center/SW/*", "Center/W/*", "Center/NW/*"],
            "*-n_es_s_sw_w-*": ["Center/N/*", "Center/ES/*", "Center/S/*", "Center/SW/*", "Center/W/*"],
            "*-n_es_s_sw_nw-*": ["Center/N/*", "Center/ES/*", "Center/S/*", "Center/SW/*", "Center/NW/*"],
            "*-n_es_s_w_nw-*": ["Center/N/*", "Center/ES/*", "Center/S/*", "Center/W/*", "Center/NW/*"],
            "*-n_es_sw_w_nw-*": ["Center/N/*", "Center/ES/*", "Center/SW/*", "Center/W/*", "Center/NW/*"],
            "*-ne_e_es_s_sw-*": ["Center/NE/*", "Center/E/*", "Center/ES/*", "Center/S/*", "Center/SW/*"],
            "*-ne_e_es_s_w-*": ["Center/NE/*", "Center/E/*", "Center/ES/*", "Center/S/*", "Center/W/*"],
            "*-ne_e_es_s_nw-*": ["Center/NE/*", "Center/E/*", "Center/ES/*", "Center/S/*", "Center/NW/*"],
            "*-ne_e_es_sw_w-*": ["Center/NE/*", "Center/E/*", "Center/ES/*", "Center/SW/*", "Center/W/*"],
            "*-ne_e_es_sw_nw-*": ["Center/NE/*", "Center/E/*", "Center/ES/*", "Center/SW/*", "Center/NW/*"],
            "*-ne_e_es_w_nw-*": ["Center/NE/*", "Center/E/*", "Center/ES/*", "Center/W/*", "Center/NW/*"],
            "*-ne_e_s_sw_w-*": ["Center/NE/*", "Center/E/*", "Center/S/*", "Center/SW/*", "Center/W/*"],
            "*-ne_e_s_sw_nw-*": ["Center/NE/*", "Center/E/*", "Center/S/*", "Center/SW/*", "Center/NW/*"],
            "*-ne_e_s_w_nw-*": ["Center/NE/*", "Center/E/*", "Center/S/*", "Center/W/*", "Center/NW/*"],
            "*-ne_e_sw_w_nw-*": ["Center/NE/*", "Center/E/*", "Center/SW/*", "Center/W/*", "Center/NW/*"],
            "*-ne_es_s_sw_w-*": ["Center/NE/*", "Center/ES/*", "Center/S/*", "Center/SW/*", "Center/W/*"],
            "*-ne_es_s_sw_nw-*": ["Center/NE/*", "Center/ES/*", "Center/S/*", "Center/SW/*", "Center/NW/*"],
            "*-ne_es_s_w_nw-*": ["Center/NE/*", "Center/ES/*", "Center/S/*", "Center/W/*", "Center/NW/*"],
            "*-ne_es_sw_w_nw-*": ["Center/NE/*", "Center/ES/*", "Center/SW/*", "Center/W/*", "Center/NW/*"],
            "*-ne_s_sw_w_nw-*": ["Center/NE/*", "Center/S/*", "Center/SW/*", "Center/W/*", "Center/NW/*"],
            "*-e_es_s_sw_w-*": ["Center/E/*", "Center/ES/*", "Center/S/*", "Center/SW/*", "Center/W/*"],
            "*-e_es_s_sw_nw-*": ["Center/E/*", "Center/ES/*", "Center/S/*", "Center/SW/*", "Center/NW/*"],
            "*-e_es_s_w_nw-*": ["Center/E/*", "Center/ES/*", "Center/S/*", "Center/W/*", "Center/NW/*"],
            "*-e_es_sw_w_nw-*": ["Center/E/*", "Center/ES/*", "Center/SW/*", "Center/W/*", "Center/NW/*"],
            "*-e_s_sw_w_nw-*": ["Center/E/*", "Center/S/*", "Center/SW/*", "Center/W/*", "Center/NW/*"],
            "*-es_s_sw_w_nw-*": ["Center/ES/*", "Center/S/*", "Center/SW/*", "Center/W/*", "Center/NW/*"],
            "*-n_ne_e_es_s_sw-*": ["Center/N/*", "Center/NE/*", "Center/E/*", "Center/ES/*", "Center/S/*", "Center/SW/*"],
            "*-n_ne_e_es_s_w-*": ["Center/N/*", "Center/NE/*", "Center/E/*", "Center/ES/*", "Center/S/*", "Center/W/*"],
            "*-n_ne_e_es_s_nw-*": ["Center/N/*", "Center/NE/*", "Center/E/*", "Center/ES/*", "Center/S/*", "Center/NW/*"],
            "*-n_ne_e_es_sw_w-*": ["Center/N/*", "Center/NE/*", "Center/E/*", "Center/ES/*", "Center/SW/*", "Center/W/*"],
            "*-n_ne_e_es_sw_nw-*": ["Center/N/*", "Center/NE/*", "Center/E/*", "Center/ES/*", "Center/SW/*", "Center/NW/*"],
            "*-n_ne_e_es_w_nw-*": ["Center/N/*", "Center/NE/*", "Center/E/*", "Center/ES/*", "Center/W/*", "Center/NW/*"],
            "*-n_ne_e_s_sw_w-*": ["Center/N/*", "Center/NE/*", "Center/E/*", "Center/S/*", "Center/SW/*", "Center/W/*"],
            "*-n_ne_e_s_sw_nw-*": ["Center/N/*", "Center/NE/*", "Center/E/*", "Center/S/*", "Center/SW/*", "Center/NW/*"],
            "*-n_ne_e_s_w_nw-*": ["Center/N/*", "Center/NE/*", "Center/E/*", "Center/S/*", "Center/W/*", "Center/NW/*"],
            "*-n_ne_e_sw_w_nw-*": ["Center/N/*", "Center/NE/*", "Center/E/*", "Center/SW/*", "Center/W/*", "Center/NW/*"],
            "*-n_ne_es_s_sw_w-*": ["Center/N/*", "Center/NE/*", "Center/ES/*", "Center/S/*", "Center/SW/*", "Center/W/*"],
            "*-n_ne_es_s_sw_nw-*": ["Center/N/*", "Center/NE/*", "Center/ES/*", "Center/S/*", "Center/SW/*", "Center/NW/*"],
            "*-n_ne_es_s_w_nw-*": ["Center/N/*", "Center/NE/*", "Center/ES/*", "Center/S/*", "Center/W/*", "Center/NW/*"],
            "*-n_ne_es_sw_w_nw-*": ["Center/N/*", "Center/NE/*", "Center/ES/*", "Center/SW/*", "Center/W/*", "Center/NW/*"],
            "*-n_ne_s_sw_w_nw-*": ["Center/N/*", "Center/NE/*", "Center/S/*", "Center/SW/*", "Center/W/*", "Center/NW/*"],
            "*-n_e_es_s_sw_w-*": ["Center/N/*", "Center/E/*", "Center/ES/*", "Center/S/*", "Center/SW/*", "Center/W/*"],
            "*-n_e_es_s_sw_nw-*": ["Center/N/*", "Center/E/*", "Center/ES/*", "Center/S/*", "Center/SW/*", "Center/NW/*"],
            "*-n_e_es_s_w_nw-*": ["Center/N/*", "Center/E/*", "Center/ES/*", "Center/S/*", "Center/W/*", "Center/NW/*"],
            "*-n_e_es_sw_w_nw-*": ["Center/N/*", "Center/E/*", "Center/ES/*", "Center/SW/*", "Center/W/*", "Center/NW/*"],
            "*-n_e_s_sw_w_nw-*": ["Center/N/*", "Center/E/*", "Center/S/*", "Center/SW/*", "Center/W/*", "Center/NW/*"],
            "*-n_es_s_sw_w_nw-*": ["Center/N/*", "Center/ES/*", "Center/S/*", "Center/SW/*", "Center/W/*", "Center/NW/*"],
            "*-ne_e_es_s_sw_w-*": ["Center/NE/*", "Center/E/*", "Center/ES/*", "Center/S/*", "Center/SW/*", "Center/W/*"],
            "*-ne_e_es_s_sw_nw-*": ["Center/NE/*", "Center/E/*", "Center/ES/*", "Center/S/*", "Center/SW/*", "Center/NW/*"],
            "*-ne_e_es_s_w_nw-*": ["Center/NE/*", "Center/E/*", "Center/ES/*", "Center/S/*", "Center/W/*", "Center/NW/*"],
            "*-ne_e_es_sw_w_nw-*": ["Center/NE/*", "Center/E/*", "Center/ES/*", "Center/SW/*", "Center/W/*", "Center/NW/*"],
            "*-ne_e_s_sw_w_nw-*": ["Center/NE/*", "Center/E/*", "Center/S/*", "Center/SW/*", "Center/W/*", "Center/NW/*"],
            "*-ne_es_s_sw_w_nw-*": ["Center/NE/*", "Center/ES/*", "Center/S/*", "Center/SW/*", "Center/W/*", "Center/NW/*"],
            "*-e_es_s_sw_w_nw-*": ["Center/E/*", "Center/ES/*", "Center/S/*", "Center/SW/*", "Center/W/*", "Center/NW/*"],
            "*-n_ne_e_es_s_sw_nw-*": ["Center/N/*", "Center/NE/*", "Center/E/*", "Center/ES/*", "Center/S/*", "Center/SW/*", "Center/NW/*"],
            "*-n_ne_e_es_s_w_nw-*": ["Center/N/*", "Center/NE/*", "Center/E/*", "Center/ES/*", "Center/S/*", "Center/W/*", "Center/NW/*"],
            "*-n_ne_e_es_sw_w_nw-*": ["Center/N/*", "Center/NE/*", "Center/E/*", "Center/ES/*", "Center/SW/*", "Center/W/*", "Center/NW/*"],
            "*-n_ne_e_s_sw_w_nw-*": ["Center/N/*", "Center/NE/*", "Center/E/*", "Center/S/*", "Center/SW/*", "Center/W/*", "Center/NW/*"],
            "*-n_ne_es_s_sw_w_nw-*": ["Center/N/*", "Center/NE/*", "Center/ES/*", "Center/S/*", "Center/SW/*", "Center/W/*", "Center/NW/*"],
            "*-n_e_es_s_sw_w_nw-*": ["Center/N/*", "Center/E/*", "Center/ES/*", "Center/S/*", "Center/SW/*", "Center/W/*", "Center/NW/*"],
            "*-ne_e_es_s_sw_w_nw-*": ["Center/NE/*", "Center/E/*", "Center/ES/*", "Center/S/*", "Center/SW/*", "Center/W/*", "Center/NW/*"],
            "*-n_ne_e_es_s_sw_w_nw-*": ["Center/N/*", "Center/NE/*", "Center/E/*", "Center/ES/*", "Center/S/*", "Center/SW/*", "Center/W/*", "Center/NW/*"]
        }
    },
    "drawtypeByType": {
        "*-free": "JSON",
        "*-snow": "JSONAndSnowLayer"
    },
    "blockmaterial": "Wood",
    "textures": {
        "horizontal": {
            "baseByType": {
                "woodenfence-aged-*": "game:block/wood/debarked/veryaged",
                "*": "game:block/wood/debarked/{wood}"
            },
            "overlays": ["game:block/slightlydarker"]
        },
        "vertical": {
            "baseByType": {
                "woodenfence-aged-*": "game:block/wood/debarked/veryaged",
                "*": "game:block/wood/debarked/{wood}"
            },
            "rotation": 90
        }
    },
    "sidesolid": { "all": false },
    "sideopaque": { "all": false },
    "resistance": 3,
    "lightAbsorption": 0,
    "sounds": {
        "place": "game:block/planks",
        "hit": "game:block/planks",
        "break": "game:block/planks",
        "walk": "game:walk/wood"
    },
    "selectionBoxes": [
        { "x1": 0.3125, "y1": 0, "z1": 0.3125, "x2": 0.6875, "y2": 1.0625, "z2": 0.6875 },

        {
            "x1ByType": { "@(.*)((_|-)n(_|-))(.*)": 0.3125, "*": 0 },
            "y1ByType": { "@(.*)((_|-)n(_|-))(.*)": 0, "*": 0 },
            "z1ByType": { "@(.*)((_|-)n(_|-))(.*)": 0, "*": 0 },
            "x2ByType": { "@(.*)((_|-)n(_|-))(.*)": 0.6875, "*": 0 },
            "y2ByType": { "@(.*)((_|-)n(_|-))(.*)": 1.0625, "*": 0 },
            "z2ByType": { "@(.*)((_|-)n(_|-))(.*)": 0.3125, "*": 0 }
        },

        {
            "x1ByType": { "@(.*)((_|-)e(_|-))(.*)": 0.6875, "*": 0 },
            "y1ByType": { "@(.*)((_|-)e(_|-))(.*)": 0, "*": 0 },
            "z1ByType": { "@(.*)((_|-)e(_|-))(.*)": 0.3125, "*": 0 },
            "x2ByType": { "@(.*)((_|-)e(_|-))(.*)": 1, "*": 0 },
            "y2ByType": { "@(.*)((_|-)e(_|-))(.*)": 1.0625, "*": 0 },
            "z2ByType": { "@(.*)((_|-)e(_|-))(.*)": 0.6875, "*": 0 }
        },

        {
            "x1ByType": { "@(.*)((_|-)w(_|-))(.*)": 0, "*": 0 },
            "y1ByType": { "@(.*)((_|-)w(_|-))(.*)": 0, "*": 0 },
            "z1ByType": { "@(.*)((_|-)w(_|-))(.*)": 0.3125, "*": 0 },
            "x2ByType": { "@(.*)((_|-)w(_|-))(.*)": 0.3125, "*": 0 },
            "y2ByType": { "@(.*)((_|-)w(_|-))(.*)": 1.0625, "*": 0 },
            "z2ByType": { "@(.*)((_|-)w(_|-))(.*)": 0.6875, "*": 0 }
        },

        {
            "x1ByType": { "@(.*)((_|-)s(_|-))(.*)": 0.3125, "*": 0 },
            "y1ByType": { "@(.*)((_|-)s(_|-))(.*)": 0, "*": 0 },
            "z1ByType": { "@(.*)((_|-)s(_|-))(.*)": 0.6875, "*": 0 },
            "x2ByType": { "@(.*)((_|-)s(_|-))(.*)": 0.6875, "*": 0 },
            "y2ByType": { "@(.*)((_|-)s(_|-))(.*)": 1.0625, "*": 0 },
            "z2ByType": { "@(.*)((_|-)s(_|-))(.*)": 1, "*": 0 }
        },

        {
            "x1ByType": { "@(.*)((_|-)sw(_|-))(.*)": 0, "*": 0 },
            "y1ByType": { "@(.*)((_|-)sw(_|-))(.*)": 0, "*": 0 },
            "z1ByType": { "@(.*)((_|-)sw(_|-))(.*)": 0.6875, "*": 0 },
            "x2ByType": { "@(.*)((_|-)sw(_|-))(.*)": 0.3125, "*": 0 },
            "y2ByType": { "@(.*)((_|-)sw(_|-))(.*)": 1.0625, "*": 0 },
            "z2ByType": { "@(.*)((_|-)sw(_|-))(.*)": 1, "*": 0 }
        },

        {
            "x1ByType": { "@(.*)((_|-)es(_|-))(.*)": 0.6875, "*": 0 },
            "y1ByType": { "@(.*)((_|-)es(_|-))(.*)": 0, "*": 0 },
            "z1ByType": { "@(.*)((_|-)es(_|-))(.*)": 0.6875, "*": 0 },
            "x2ByType": { "@(.*)((_|-)es(_|-))(.*)": 1, "*": 0 },
            "y2ByType": { "@(.*)((_|-)es(_|-))(.*)": 1.0625, "*": 0 },
            "z2ByType": { "@(.*)((_|-)es(_|-))(.*)": 1, "*": 0 }
        },

        {
            "x1ByType": { "@(.*)((_|-)ne(_|-))(.*)": 0.6875, "*": 0 },
            "y1ByType": { "@(.*)((_|-)ne(_|-))(.*)": 0, "*": 0 },
            "z1ByType": { "@(.*)((_|-)ne(_|-))(.*)": 0, "*": 0 },
            "x2ByType": { "@(.*)((_|-)ne(_|-))(.*)": 1, "*": 0 },
            "y2ByType": { "@(.*)((_|-)ne(_|-))(.*)": 1.0625, "*": 0 },
            "z2ByType": { "@(.*)((_|-)ne(_|-))(.*)": 0.3125, "*": 0 }
        },

        {
            "x1ByType": { "@(.*)((_|-)nw(_|-))(.*)": 0, "*": 0 },
            "y1ByType": { "@(.*)((_|-)nw(_|-))(.*)": 0, "*": 0 },
            "z1ByType": { "@(.*)((_|-)nw(_|-))(.*)": 0, "*": 0 },
            "x2ByType": { "@(.*)((_|-)nw(_|-))(.*)": 0.3125, "*": 0 },
            "y2ByType": { "@(.*)((_|-)nw(_|-))(.*)": 1.0625, "*": 0 },
            "z2ByType": { "@(.*)((_|-)nw(_|-))(.*)": 0.3125, "*": 0 }
        }
    ],
    "collisionBoxes": [
        { "x1": 0.3125, "y1": 0, "z1": 0.3125, "x2": 0.6875, "y2": 1.0625, "z2": 0.6875 },

        {
            "x1ByType": { "@(.*)((_|-)n(_|-))(.*)": 0.375, "*": 0 },
            "y1ByType": { "@(.*)((_|-)n(_|-))(.*)": 0, "*": 0 },
            "z1ByType": { "@(.*)((_|-)n(_|-))(.*)": 0, "*": 0 },
            "x2ByType": { "@(.*)((_|-)n(_|-))(.*)": 0.625, "*": 0 },
            "y2ByType": { "@(.*)((_|-)n(_|-))(.*)": 1.3125, "*": 0 },
            "z2ByType": { "@(.*)((_|-)n(_|-))(.*)": 0.3125, "*": 0 }
        },

        {
            "x1ByType": { "@(.*)((_|-)e(_|-))(.*)": 0.6875, "*": 0 },
            "y1ByType": { "@(.*)((_|-)e(_|-))(.*)": 0, "*": 0 },
            "z1ByType": { "@(.*)((_|-)e(_|-))(.*)": 0.375, "*": 0 },
            "x2ByType": { "@(.*)((_|-)e(_|-))(.*)": 1, "*": 0 },
            "y2ByType": { "@(.*)((_|-)e(_|-))(.*)": 1.3125, "*": 0 },
            "z2ByType": { "@(.*)((_|-)e(_|-))(.*)": 0.625, "*": 0 }
        },

        {
            "x1ByType": { "@(.*)((_|-)w(_|-))(.*)": 0, "*": 0 },
            "y1ByType": { "@(.*)((_|-)w(_|-))(.*)": 0, "*": 0 },
            "z1ByType": { "@(.*)((_|-)w(_|-))(.*)": 0.375, "*": 0 },
            "x2ByType": { "@(.*)((_|-)w(_|-))(.*)": 0.3125, "*": 0 },
            "y2ByType": { "@(.*)((_|-)w(_|-))(.*)": 1.3125, "*": 0 },
            "z2ByType": { "@(.*)((_|-)w(_|-))(.*)": 0.625, "*": 0 }
        },

        {
            "x1ByType": { "@(.*)((_|-)s(_|-))(.*)": 0.375, "*": 0 },
            "y1ByType": { "@(.*)((_|-)s(_|-))(.*)": 0, "*": 0 },
            "z1ByType": { "@(.*)((_|-)s(_|-))(.*)": 0.6875, "*": 0 },
            "x2ByType": { "@(.*)((_|-)s(_|-))(.*)": 0.625, "*": 0 },
            "y2ByType": { "@(.*)((_|-)s(_|-))(.*)": 1.3125, "*": 0 },
            "z2ByType": { "@(.*)((_|-)s(_|-))(.*)": 1, "*": 0 }
        },

        {
            "x1ByType": { "@(.*)((_|-)sw(_|-))(.*)": 0, "*": 0 },
            "y1ByType": { "@(.*)((_|-)sw(_|-))(.*)": 0, "*": 0 },
            "z1ByType": { "@(.*)((_|-)sw(_|-))(.*)": 0.6875, "*": 0 },
            "x2ByType": { "@(.*)((_|-)sw(_|-))(.*)": 0.3125, "*": 0 },
            "y2ByType": { "@(.*)((_|-)sw(_|-))(.*)": 1.3125, "*": 0 },
            "z2ByType": { "@(.*)((_|-)sw(_|-))(.*)": 1, "*": 0 }
        },

        {
            "x1ByType": { "@(.*)((_|-)es(_|-))(.*)": 0.6875, "*": 0 },
            "y1ByType": { "@(.*)((_|-)es(_|-))(.*)": 0, "*": 0 },
            "z1ByType": { "@(.*)((_|-)es(_|-))(.*)": 0.6875, "*": 0 },
            "x2ByType": { "@(.*)((_|-)es(_|-))(.*)": 1, "*": 0 },
            "y2ByType": { "@(.*)((_|-)es(_|-))(.*)": 1.3125, "*": 0 },
            "z2ByType": { "@(.*)((_|-)es(_|-))(.*)": 1, "*": 0 }
        },

        {
            "x1ByType": { "@(.*)((_|-)ne(_|-))(.*)": 0.6875, "*": 0 },
            "y1ByType": { "@(.*)((_|-)ne(_|-))(.*)": 0, "*": 0 },
            "z1ByType": { "@(.*)((_|-)ne(_|-))(.*)": 0, "*": 0 },
            "x2ByType": { "@(.*)((_|-)ne(_|-))(.*)": 1, "*": 0 },
            "y2ByType": { "@(.*)((_|-)ne(_|-))(.*)": 1.3125, "*": 0 },
            "z2ByType": { "@(.*)((_|-)ne(_|-))(.*)": 0.3125, "*": 0 }
        },

        {
            "x1ByType": { "@(.*)((_|-)nw(_|-))(.*)": 0, "*": 0 },
            "y1ByType": { "@(.*)((_|-)nw(_|-))(.*)": 0, "*": 0 },
            "z1ByType": { "@(.*)((_|-)nw(_|-))(.*)": 0, "*": 0 },
            "x2ByType": { "@(.*)((_|-)nw(_|-))(.*)": 0.3125, "*": 0 },
            "y2ByType": { "@(.*)((_|-)nw(_|-))(.*)": 1.3125, "*": 0 },
            "z2ByType": { "@(.*)((_|-)nw(_|-))(.*)": 0.3125, "*": 0 }
        }
    ],
    "combustibleProps": {
        "burnTemperature": 600,
        "burnDuration": 10
    },
    "materialDensity": 600,
    "tpHandTransform": {
        "translation": { "x": -1.5, "y": -1, "z": -1.2 },
        "rotation": { "x": 5, "y": -3, "z": -96 },
        "scale": 0.37
    },
    "groundTransform": {
        "translation": { "x": 0, "y": 0.05, "z": 0 },
        "rotation": { "x": 90, "y": -45, "z": 0 },
        "origin": { "x": 0.5, "y": 0, "z": 0.5 },
        "scale": 2.07
    }
}
