{
	"code": "woodenfence",
	"class": "BlockFence",
	"behaviors": [ {"name": "CanAttach", "properties": { "sides": ["up", "down"] } }, { "name": "RopeTieable" } ],
	"attributes": {
		"isFence": true,
		"handbook": {
			"groupBy": ["woodenfence-*"]
		}
	},
	"variantgroups": [
		{ "code": "wood", "loadFromProperties": "floralzonesneozeylandicregion:block/wood" },
		{ "code": "type", "states": ["empty", "n", "e", "s", "w", "ne", "ns", "nw", "es", "ew", "sw", "nes", "new", "nsw", "esw", "nesw"] },
		{ "code": "cover", "states": ["free"] }
	],
	"creativeinventory": { "general": ["woodenfence-*-ew-free"], "decorative": ["woodenfence-*-ew-free"]},	
	"shapeByType": {
		"*-empty-free": { "base": "game:block/wood/fence/empty" },
		"*-n-free": { "base": "game:block/wood/fence/w", "rotatey": 270 },
		"*-e-free": { "base": "game:block/wood/fence/w", "rotatey": 180 },
		"*-s-free": { "base": "game:block/wood/fence/w", "rotatey": 90 },
		"*-w-free": { "base": "game:block/wood/fence/w", "rotatey": 0 },

		"*-ns-free": { "base": "game:block/wood/fence/ew", "rotatey": 90 },
		"*-ew-free": { "base": "game:block/wood/fence/ew", "rotatey": 0 },
		
		"*-ne-free": { "base": "game:block/wood/fence/sw", "rotatey": 180 },
		"*-nw-free": { "base": "game:block/wood/fence/sw", "rotatey": 270 },
		"*-es-free": { "base": "game:block/wood/fence/sw", "rotatey": 90 },
		"*-sw-free": { "base": "game:block/wood/fence/sw", "rotatey": 0 },
		
		"*-nes-free": { "base": "game:block/wood/fence/nsw", "rotatey": 180 },
		"*-new-free": { "base": "game:block/wood/fence/nsw", "rotatey": 270 },
		"*-nsw-free": { "base": "game:block/wood/fence/nsw", "rotatey": 0 },
		"*-esw-free": { "base": "game:block/wood/fence/nsw", "rotatey": 90 },
		
		"*-nesw-free": { "base": "game:block/wood/fence/nesw", "rotatey": 0 }
	},
	"drawtypeByType": {
		"*-free": "JSON",
		"*-snow": "JSONAndSnowLayer"
	},
	"blockmaterial": "Wood",
	"textures": {
		"horizontal": { 
			"baseByType": {
				"*": "floralzonesneozeylandicregion:block/wood/debarked/{wood}"
			},
			"overlays": ["block/slightlydarker"]
		},
		"vertical": { 
			"baseByType": {
				"*": "floralzonesneozeylandicregion:block/wood/debarked/{wood}"
			},
			"rotation": 90
		}
	},
	"sidesolid": {
		"all": false
	},
	"sideopaque": { "all": false },
	"resistance": 3,
	"lightAbsorption": 0,
	"sounds": {
		"place": "game:block/planks",
		"hit": "game:block/planks",
		"break": "game:block/planks",
		"walk": "game:walk/wood"
	},
	"selectionboxbytype": {
		"*-empty-*": { "x1": 0.375, "y1": 0, "z1": 0.375, "x2": 0.625, "y2": 1.0625, "z2": 0.625 },
		"*-n-*": { "x1": 0, "y1": 0, "z1": 0.375, "x2": 0.625, "y2": 1.0625, "z2":  0.625, "rotatey": 270},
		"*-e-*": { "x1": 0, "y1": 0, "z1": 0.375, "x2": 0.625, "y2": 1.0625, "z2":  0.625, "rotatey": 180},
		"*-s-*": { "x1": 0, "y1": 0, "z1": 0.375, "x2": 0.625, "y2": 1.0625, "z2":  0.625, "rotatey": 90},
		"*-w-*": { "x1": 0, "y1": 0, "z1": 0.375, "x2": 0.625, "y2": 1.0625, "z2":  0.625},
		
		"*-ns-*": { "x1": 0, "y1": 0, "z1": 0.375, "x2": 1, "y2": 1.0625, "z2":  0.625, "rotatey": 90},
		"*-gns-*": { "x1": 0, "y1": 0, "z1": 0.375, "x2": 1, "y2": 1.0625, "z2":  0.625, "rotatey": 90},
		"*-ngs-*": { "x1": 0, "y1": 0, "z1": 0.375, "x2": 1, "y2": 1.0625, "z2":  0.625, "rotatey": 90},
		"*-ew-*": { "x1": 0, "y1": 0, "z1": 0.375, "x2": 1, "y2": 1.0625, "z2":  0.625},
		"*-egw-*": { "x1": 0, "y1": 0, "z1": 0.375, "x2": 1, "y2": 1.0625, "z2":  0.625},
		"*-gew-*": { "x1": 0, "y1": 0, "z1": 0.375, "x2": 1, "y2": 1.0625, "z2":  0.625},
	},
	"selectionboxesbytype": {
		"*-sw-*": [ { "x1": 0.375, "y1": 0, "z1": 0.375, "x2": 0.625, "y2": 1.0625, "z2": 1 }, { "x1": 0, "y1": 0, "z1": 0.375, "x2": 0.375, "y2": 1.0625, "z2": 0.625, "rotatey": 0 } ],
		"*-ne-*": [ { "x1": 0.375, "y1": 0, "z1": 0.375, "x2": 0.625, "y2": 1.0625, "z2": 1, "rotatey": 180 }, { "x1": 0, "y1": 0, "z1": 0.375, "x2": 0.375, "y2": 1.0625, "z2": 0.625, "rotatey": 180 } ] ,
		"*-nw-*": [ { "x1": 0.375, "y1": 0, "z1": 0.375, "x2": 0.625, "y2": 1.0625, "z2": 1, "rotatey": 270 }, { "x1": 0, "y1": 0, "z1": 0.375, "x2": 0.375, "y2": 1.0625, "z2": 0.625, "rotatey": 270 } ],
		"*-es-*": [ { "x1": 0.375, "y1": 0, "z1": 0.375, "x2": 0.625, "y2": 1.0625, "z2": 1, "rotatey": 90 }, { "x1": 0, "y1": 0, "z1": 0.375, "x2": 0.375, "y2": 1.0625, "z2": 0.625, "rotatey": 90 } ],
		
		"*-nes-*": [ { "x1": 0.375, "y1": 0, "z1": 0, "x2": 0.625, "y2": 1.0625, "z2": 1, "rotatey": 180 }, { "x1": 0, "y1": 0, "z1": 0.375, "x2": 0.375, "y2": 1.0625, "z2": 0.625, "rotatey": 180 } ],
		"*-new-*": [ { "x1": 0.375, "y1": 0, "z1": 0, "x2": 0.625, "y2": 1.0625, "z2": 1, "rotatey": 270 }, { "x1": 0, "y1": 0, "z1": 0.375, "x2": 0.375, "y2": 1.0625, "z2": 0.625, "rotatey": 270 } ],
		"*-nsw-*": [ { "x1": 0.375, "y1": 0, "z1": 0, "x2": 0.625, "y2": 1.0625, "z2": 1, "rotatey": 0 }, { "x1": 0, "y1": 0, "z1": 0.375, "x2": 0.375, "y2": 1.0625, "z2": 0.625, "rotatey": 0 } ],
		"*-esw-*": [ { "x1": 0.375, "y1": 0, "z1": 0, "x2": 0.625, "y2": 1.0625, "z2": 1, "rotatey": 90 }, { "x1": 0, "y1": 0, "z1": 0.375, "x2": 0.375, "y2": 1.0625, "z2": 0.625, "rotatey": 90 } ],
		
		"*-nesw-*": [ { "x1": 0.375, "y1": 0, "z1": 0, "x2": 0.625, "y2": 1.0625, "z2": 1 }, { "x1": 0, "y1": 0, "z1": 0.375, "x2": 1, "y2": 1.0625, "z2": 0.625 } ]
	},
	
	"collisionboxbytype": {
		"*-empty-*": { "x1": 0.375, "y1": 0, "z1": 0.375, "x2": 0.625, "y2": 1.3125, "z2": 0.625 },
		"*-n-*": { "x1": 0, "y1": 0, "z1": 0.375, "x2": 0.625, "y2": 1.3125, "z2": 0.625, "rotatey": 270},
		"*-e-*": { "x1": 0, "y1": 0, "z1": 0.375, "x2": 0.625, "y2": 1.3125, "z2": 0.625, "rotatey": 180},
		"*-s-*": { "x1": 0, "y1": 0, "z1": 0.375, "x2": 0.625, "y2": 1.3125, "z2": 0.625, "rotatey": 90},
		"*-w-*": { "x1": 0, "y1": 0, "z1": 0.375, "x2": 0.625, "y2": 1.3125, "z2": 0.625},
		
		"*-ns-*": { "x1": 0, "y1": 0, "z1": 0.375, "x2": 1, "y2": 1.3125, "z2": 0.625, "rotatey": 90},
		"*-gns-*": { "x1": 0, "y1": 0, "z1": 0.375, "x2": 1, "y2": 1.3125, "z2": 0.625, "rotatey": 90},
		"*-ngs-*": { "x1": 0, "y1": 0, "z1": 0.375, "x2": 1, "y2": 1.3125, "z2": 0.625, "rotatey": 90},
		"*-ew-*": { "x1": 0, "y1": 0, "z1": 0.375, "x2": 1, "y2": 1.3125, "z2": 0.625},
		"*-egw-*": { "x1": 0, "y1": 0, "z1": 0.375, "x2": 1, "y2": 1.3125, "z2": 0.625},
		"*-gew-*": { "x1": 0, "y1": 0, "z1": 0.375, "x2": 1, "y2": 1.3125, "z2": 0.625}
	},
	"collisionboxesbytype": {
		"*-sw-*": [ { "x1": 0.375, "y1": 0, "z1": 0.375, "x2": 0.625, "y2": 1.3125, "z2": 1 }, { "x1": 0, "y1": 0, "z1": 0.375, "x2": 0.375, "y2": 1.3125, "z2": 0.625, "rotatey": 0 } ],
		"*-ne-*": [ { "x1": 0.375, "y1": 0, "z1": 0.375, "x2": 0.625, "y2": 1.3125, "z2": 1, "rotatey": 180 }, { "x1": 0, "y1": 0, "z1": 0.375, "x2": 0.375, "y2": 1.3125, "z2": 0.625, "rotatey": 180 } ] ,
		"*-nw-*": [ { "x1": 0.375, "y1": 0, "z1": 0.375, "x2": 0.625, "y2": 1.3125, "z2": 1, "rotatey": 270 }, { "x1": 0, "y1": 0, "z1": 0.375, "x2": 0.375, "y2": 1.3125, "z2": 0.625, "rotatey": 270 } ],
		"*-es-*": [ { "x1": 0.375, "y1": 0, "z1": 0.375, "x2": 0.625, "y2": 1.3125, "z2": 1, "rotatey": 90 }, { "x1": 0, "y1": 0, "z1": 0.375, "x2": 0.375, "y2": 1.3125, "z2": 0.625, "rotatey": 90 } ],
		
		"*-nes-*": [ { "x1": 0.375, "y1": 0, "z1": 0, "x2": 0.625, "y2": 1.3125, "z2": 1, "rotatey": 180 }, { "x1": 0, "y1": 0, "z1": 0.375, "x2": 0.375, "y2": 1.3125, "z2": 0.625, "rotatey": 180 } ],
		"*-new-*": [ { "x1": 0.375, "y1": 0, "z1": 0, "x2": 0.625, "y2": 1.3125, "z2": 1, "rotatey": 270 }, { "x1": 0, "y1": 0, "z1": 0.375, "x2": 0.375, "y2": 1.3125, "z2": 0.625, "rotatey": 270 } ],
		"*-nsw-*": [ { "x1": 0.375, "y1": 0, "z1": 0, "x2": 0.625, "y2": 1.3125, "z2": 1, "rotatey": 0 }, { "x1": 0, "y1": 0, "z1": 0.375, "x2": 0.375, "y2": 1.3125, "z2": 0.625, "rotatey": 0 } ],
		"*-esw-*": [ { "x1": 0.375, "y1": 0, "z1": 0, "x2": 0.625, "y2": 1.3125, "z2": 1, "rotatey": 90 }, { "x1": 0, "y1": 0, "z1": 0.375, "x2": 0.375, "y2": 1.3125, "z2": 0.625, "rotatey": 90 } ],
		
		"*-nesw-*": [ { "x1": 0.375, "y1": 0, "z1": 0, "x2": 0.625, "y2": 1.3125, "z2": 1 }, { "x1": 0, "y1": 0, "z1": 0.375, "x2": 1, "y2": 1.3125, "z2": 0.625 } ]
	},
	"combustiblePropsByType": {
		"*": {
			"burnTemperature": 600,
			"burnDuration": 10,
		}
	},
	"materialDensity": 600,
	"tpHandTransform": {
		"translation": { "x": -1.5, "y": -1, "z": -1.2 },
		"rotation": { "x": 5, "y": -3, "z": -96 },
		"scale": 0.37
	},
	"groundTransform": {
		"translation": { "x": 0, "y": 0.05, "z": 0 },
		"rotation": { "x": 90, "y": -45, "z": 0 },
		"origin": { "x": 0.5, "y": 0, "z": 0.5 },
		"scale": 2.07
	}
}