{
	"code": "log",
	"__comment": "BlockLog contains only contains code for OnPickBlock",
	"entityclassByType": {
		"log-resinharvested-*": "Transient"
	},
	"behaviorsByType": {
		"log-resinharvested-*": [ { "name": "PushEventOnBlockBroken", "properties": {"eventname": "testForDecay"} } ],
		"*": [
			{ "name": "PushEventOnBlockBroken", "properties": {"eventname": "testForDecay"} },
			{ "name": "Harvestable", "properties": {
				"harvestTime": 1, 
				"harvestedStack": { "type": "item", "code": "game:resin", "quantity": { "avg": 1 }  },
				"harvestedBlockcode": "floralzonesneozeylandicregion:log-resinharvested-{wood}-ud"
			} }
		],
	},
	"attributesByType": {
		"log-resinharvested-*": {
			"transientProps": {
				"convertFrom": "floralzonesneozeylandicregion:log-resinharvested-{wood}-ud", 
				"convertTo": "floralzonesneozeylandicregion:log-resin-{wood}-ud", 
				"inGameHours": "168"
			},
			"preventsDecay": true,
			"treeFellingGroupcode": "{wood}",
			"treeFellingGroupSpreadIndex": 3
		},
		"*": {
			"preventsDecay": true,
			"forageStatAffected": true,
			"treeFellingGroupcode": "{wood}",
			"treeFellingGroupSpreadIndex": 3
		}
	},
	"variantgroups": [
		{ "code": "type", "states": ["resin", "resinharvested"] },
		{ "code": "wood", "states": ["dacrydiumcupressinum"] },
		{ "code": "rotation", "states": ["ud"] }
	],
	"creativeinventory": { "general": ["*"], "flora": ["*"], "construction": ["*"] },
	"drawtype": "json",
	"blockmaterial": "Wood",
	"requiredMiningTier": 1,
	"shapeByType": { 
		"log-resinharvested-*": {
			"base": "game:block/wood/log/noresin1",
			"alternates": [
				{ "base": "game:block/wood/log/noresin1", "rotatey": 90 },
				{ "base": "game:block/wood/log/noresin1", "rotatey": 180 },
				{ "base": "game:block/wood/log/noresin1", "rotatey": 270 },
				{ "base": "game:block/wood/log/noresin2", "rotatey": 0 },
				{ "base": "game:block/wood/log/noresin2", "rotatey": 90 },
				{ "base": "game:block/wood/log/noresin2", "rotatey": 180 },
				{ "base": "game:block/wood/log/noresin2", "rotatey": 270 }
			]
		},
		"*": {
			"base": "game:block/wood/log/withresin1",
			"alternates": [
				{ "base": "game:block/wood/log/withresin1", "rotatey": 90 },
				{ "base": "game:block/wood/log/withresin1", "rotatey": 180 },
				{ "base": "game:block/wood/log/withresin1", "rotatey": 270 },
				{ "base": "game:block/wood/log/withresin2", "rotatey": 0 },
				{ "base": "game:block/wood/log/withresin2", "rotatey": 90 },
				{ "base": "game:block/wood/log/withresin2", "rotatey": 180 },
				{ "base": "game:block/wood/log/withresin2", "rotatey": 270 }
			]
		}
	},
	"textures": {
		"bark": { "base": "floralzonesneozeylandicregion:block/wood/bark/{wood}" },
		"trunk": { "base": "floralzonesneozeylandicregion:block/wood/treetrunk/{wood}" },
		"resinbark1": { "base": "floralzonesneozeylandicregion:block/wood/bark/{wood}", "overlays": ["game:block/wood/bark/resin1"] },
		"resinbark2": { "base": "floralzonesneozeylandicregion:block/wood/bark/{wood}", "overlays": ["game:block/wood/bark/resin2"] }
	},
	"replaceable": 500,
	"resistance": 4.5,
	"sounds": {
		"place": "game:block/planks",
		"walk": "game:walk/wood",
		"hit": "game:block/planks",
		"break": "game:block/planks",
		"byTool": {
			"Axe": { "hit": "game:block/chop", "break": "game:block/planks" }
		}
	},
	"drops": [
		{ "type": "block", "code": "floralzonesneozeylandicregion:log-placed-{wood}-ud", "quantity": { "avg": 1 }  }
	],
	"combustibleProps": {
		"burnTemperature": 800,
		"burnDuration": 60,
	},
	"maxstacksize": 16,
	"materialDensity": 700,
	"heldTpIdleAnimation": "holdbothhandslarge", "heldTpUseAnimation": "twohandplaceblock",
	"guiTransform": {
		"rotation": { "x": -22.6, "y": 135, "z": 0 }
	},
	"fpHandTransform": {
		"rotation": { "x": 0, "y": -77, "z": 0 }
	},
	"tpHandTransform": {
		"translation": { "x": -1.23, "y": -0.91, "z": -0.8 },
		"rotation": { "x": -2, "y": 25, "z": -78 },
		"scale": 0.4
	}
}
