[
    {
    	ingredientPattern: "FWF,SLS,HS_",
    	ingredients: {
    		"H": { type: "item", code: "game:hammer-*", isTool: true, toolDurabilityCost: 20  },
    		"W": { type: "item", code: "game:charcoal", quantity: 32},
    		"S": { type: "block", code: "game:metal-scraps", quantity: 3},
    		"F": { type: "item", code: "game:fat", quantity: 2 },
    		"L": { type: "block", code: "game:oillamp-*-up" },
    	},
    	width: 3,
    	height: 3,
    	output: { type: "block", code: "hqzlights:firecage-scrap" }
    },
    {
    	ingredientPattern: "FWF,SLS,HS_",
    	ingredients: {
    		"H": { type: "item", code: "game:hammer-*", isTool: true, toolDurabilityCost: 20 },
    		"W": { type: "item", code: "game:charcoal", quantity: 32},
    		"S": { type: "item", code: "game:metalnailsandstrips-*", name: "metal", allowedVariants: ["copper", "blackbronze", "iron", "meteoriciron", "steel"], quantity: 4},
    		"F": { type: "item", code: "game:fat", quantity: 2 },
    		"L": { type: "block", code: "game:oillamp-*-up" },
    	},
    	width: 3,
    	height: 3,
    	output: { type: "block", code: "hqzlights:firecage-{metal}" }
    }
]