{
	"code": "offal",
	"maxstacksize": 32,
	"materialDensity": 620,
	"attributes": {
		"inContainerTexture": { "base": "game:block/wood/barrel/raw-redmeat" },
		"nutritionPropsWhenInMeal": {
			"satiety": 200,
			"foodcategory": "Protein"
		},
		"inPiePropertiesByType": {
			"*-clean": {
				"texture": "game:block/food/pie/fill-mixedmeat",
				"partType": "Filling"
			}
		}
	},
	"variantgroups": [
		{
			"code": "prepared",
			"states": [ "bloody", "clean" ]
		}
	],
	"shape": { "base": "items/resources/offal" },
	"texturesByType": {
		"offal-bloody": {
			"offal": { "base": "item/resource/offal-bloody" },
			"intestine": { "base": "item/resource/intestine-bloody" }
		},
		"offal-clean": {
			"offal": { "base": "item/resource/offal-clean" },
			"intestine": { "base": "item/resource/intestine-clean" }
		}
	},
	"creativeinventory": {
		"general": [ "*" ],
		"items": [ "*" ],
		"butchering": [ "*" ]
	},
	"transitionablePropsByType": {
		"offal-bloody": [
			{
				"type": "Perish",
				"freshHours": { "avg": 44 },
				"spoilHours": { "avg": 12 },
				"transitionedStack": {
					"type": "item",
					"code": "game:rot"
				},
				"transitionRatio": 1
			}
		],
		"offal-clean": [
			{
				"type": "Perish",
				"freshHours": { "avg": 88 },
				"spoilHours": { "avg": 12 },
				"transitionedStack": {
					"type": "item",
					"code": "game:rot"
				},
				"transitionRatio": 1
			}
		]
	},
	"guiTransform": {
		"translation": {
			"x": 4,
			"y": 2.7,
			"z": -9
		},
		"rotation": {
			"x": 154,
			"y": 163,
			"z": 0
		},
		"origin": {
			"x": 0.45,
			"y": -0.02,
			"z": 0.3
		},
		"scale": 4.5
	},
	"tpHandTransform": {
		"translation": {
			"x": 0.18,
			"y": 0.1,
			"z": -0.1
		},
		"rotation": {
			"x": 5,
			"y": 55,
			"z": -17
		},
		"origin": {
			"x": 0.23,
			"y": 0,
			"z": 0.13
		},
		"scale": 1.5
	},
	"groundTransform": {
		"translation": {
			"x": 0,
			"y": 0,
			"z": 0
		},
		"rotation": {
			"x": 180,
			"y": 33,
			"z": -180
		},
		"origin": {
			"x": 0.5,
			"y": 0,
			"z": 0.5
		},
		"scale": 6
	}
}
