[
	{
		"file": "game:itemtypes/tool/scythe.json",
		"op": "addmerge",
		"path": "0/attributes/codePrefixes/-",
		"value": "tallplant-bolboschoenusmaritimus-water-normal"
	},
	{
		"file": "game:itemtypes/tool/scythe.json",
		"op": "addmerge",
		"path": "0/attributes/codePrefixes/-",
		"value": "tallplant-bolboschoenusmaritimus-land-normal"
	},
	{
		"file": "game:itemtypes/tool/scythe.json",
		"op": "addmerge",
		"path": "0/attributes/codePrefixes/-",
		"value": "tallplant-phragmitesaustralis-water-normal"
	},
	{
		"file": "game:itemtypes/tool/scythe.json",
		"op": "addmerge",
		"path": "0/attributes/codePrefixes/-",
		"value": "tallplant-phragmitesaustralis-land-normal"
	}
]