[
    {
        "ingredientPattern": "OP",
        "ingredients": {
            "O": { "type": "block", "code": "vanvar:omoktabletop-*" },
            "P": { "type": "item", "code": "game:plank-larch" }
        },
        "shapeless": true,
        "width": 1,
        "height": 2,
        "output": { "type": "block", "code": "game:omoktabletop" },
        "recipeGroup": 1
    },
    {
        "ingredientPattern": "OP",
        "ingredients": {
            "O": { "type": "block", "code": "game:omoktabletop" },
            "P": { "type": "item", "code": "game:plank-*", "name": "wood", "skipVariants": ["larch"] }
        },
        "shapeless": true,
        "width": 1,
        "height": 2,
        "output": { "type": "block", "code": "vanvar:omoktabletop-{wood}" },
        "recipeGroup": 2
    },
    {
        "ingredientPattern": "OP",
        "ingredients": {
            "O": { "type": "block", "code": "vanvar:omoktabletop-*" },
            "P": { "type": "item", "code": "game:plank-*", "name": "wood", "skipVariants": ["larch"] }
        },
        "shapeless": true,
        "width": 1,
        "height": 2,
        "output": { "type": "block", "code": "vanvar:omoktabletop-{wood}" },
        "recipeGroup": 3
    }
]
