[
    {
        "ingredientPattern": "___,___,_H_",
        "ingredients": {
            "H": { "type": "block", "code": "wildcrafttree:slantedroofing-sod-*-east-free", "name": "wood" }
        },
        "width": 3,
        "height": 3,
        "output": { "type": "block", "code": "wildcrafttree:slantedroofingbottom-sod-{wood}-east-free" }
    },
    {
        "ingredientPattern": "_H_,___,___",
        "ingredients": {
            "H": { "type": "block", "code": "wildcrafttree:slantedroofing-sod-*-east-free", "name": "wood" }
        },
        "width": 3,
        "height": 3,
        "output": { "type": "block", "code": "wildcrafttree:slantedroofingtop-sod-{wood}-east-free" }
    },
    {
        "ingredientPattern": "___,H__,___",
        "ingredients": {
            "H": { "type": "block", "code": "wildcrafttree:slantedroofing-sod-*-east-free", "name": "wood" }
        },
        "width": 3,
        "height": 3,
        "output": { "type": "block", "code": "wildcrafttree:slantedroofinghalfleft-sod-{wood}-east-free" }
    },
    {
        "ingredientPattern": "___,__H,___",
        "ingredients": {
            "H": { "type": "block", "code": "wildcrafttree:slantedroofing-sod-*-east-free", "name": "wood" }
        },
        "width": 3,
        "height": 3,
        "output": { "type": "block", "code": "wildcrafttree:slantedroofinghalfright-sod-{wood}-east-free" }
    },
    {
        "ingredientPattern": "___,_H_,___",
        "ingredients": {
            "H": { "type": "block", "code": "wildcrafttree:slantedroofingridge-sod-*-ns-free", "name": "wood" }
        },
        "width": 3,
        "height": 3,
        "output": { "type": "block", "code": "wildcrafttree:slantedroofingridgeend-sod-{wood}-east-free" }
    },
    {
        "ingredientPattern": "___,H__,___",
        "ingredients": {
            "H": { "type": "block", "code": "wildcrafttree:slantedroofingridge-sod-*-ns-free", "name": "wood" }
        },
        "width": 3,
        "height": 3,
        "output": { "type": "block", "code": "wildcrafttree:slantedroofingridgehalfleft-sod-{wood}-east-free" }
    },
    {
        "ingredientPattern": "___,__H,___",
        "ingredients": {
            "H": { "type": "block", "code": "wildcrafttree:slantedroofingridge-sod-*-ns-free", "name": "wood" }
        },
        "width": 3,
        "height": 3,
        "output": { "type": "block", "code": "wildcrafttree:slantedroofingridgehalfright-sod-{wood}-east-free" }
    }
]
