[
    {
        "ingredientPattern": "P,_,P",
        "ingredients": {
            "P": { "type": "item", "code": "game:plank-oak" }
        },
        "width": 1,
        "height": 3,
        "output": { "type": "block", "code": "game:toolrack-north" },
        "recipeGroup": 1
    },
    {
        "ingredientPattern": "S,_,S",
        "ingredients": {
            "S": { "type": "item", "code": "game:plank-*", "name": "wood", "skipVariants": ["oak"] }
        },
        "width": 1,
        "height": 3,
        "output": { "type": "block", "code": "toolrack-{wood}-north" }
    },
    {
        "ingredientPattern": "S,_,S",
        "ingredients": {
            "S": { "type": "item", "code": "wildcrafttree:plank-*", "name": "wood" }
        },
        "width": 1,
        "height": 3,
        "output": { "type": "block", "code": "wildcrafttree:toolrack-{wood}-north" }
    }
]
