{
    "inheritFrom": "game:blocktypes/stone/generic/stonepath",
    "code": "stonepath",
    "shape": { "base": "game:block/basic/cube-lowered-{cover}" },
    "creativeinventory": {
        "general": ["*-free"],
        "decorative": ["*-free"],
        "vanvar": ["*-free"]
    },
    "variantgroups": [
        { "code": "rock", "loadFromProperties": "block/rockwithdeposit" },
        { "code": "cover", "states": ["free", "snow"] }
    ],
    "attributes": {
        "handbook": { "groupBy": ["stonepath-*"] },
        "mapColorCode": "road",
        "liquidBarrierOnSides": [1.0, 1.0, 1.0, 1.0]
    },
    "behaviorsByType": {
        "*-snow": [
            { "name": "VanillaVariants.BlockName",
                "properties": {
                    "parts": ["block-stonepath-*", " (", "rock-{rock}", ")"] } },
            { "name": "BreakSnowFirst" }
        ],
        "*": [
            { "name": "VanillaVariants.BlockName",
                "properties": {
                    "parts": ["block-stonepath-*", " (", "rock-{rock}", ")"] } }
        ]
    },
    "textures": {
        "sides": {
            "base": "game:block/stone/path/normal1",
            "alternates": [
                { "base": "game:block/stone/path/normal2", "blendedOverlays": [{ "base": "game:block/stone/rock/{rock}1", "blendMode": "Overlay" }] },
                { "base": "game:block/stone/path/normal3", "blendedOverlays": [{ "base": "game:block/stone/rock/{rock}1", "blendMode": "Overlay" }] },
                { "base": "game:block/stone/path/normal4", "blendedOverlays": [{ "base": "game:block/stone/rock/{rock}1", "blendMode": "Overlay" }] },
                { "base": "game:block/stone/path/normal5", "blendedOverlays": [{ "base": "game:block/stone/rock/{rock}1", "blendMode": "Overlay" }] },
                { "base": "game:block/stone/path/normal6", "blendedOverlays": [{ "base": "game:block/stone/rock/{rock}1", "blendMode": "Overlay" }] }
            ],
            "blendedOverlays": [{ "base": "game:block/stone/rock/{rock}1", "blendMode": "Overlay" }]
        }
    },
    "drops": [{ "type": "block", "code": "stonepath-{rock}-free" }],
    "sounds": {
        "place": "game:block/gravel",
        "breakByType": {
            "*-snow": "game:block/snow",
            "*-free": "game:block/gravel"
        },
        "hitByType": {
            "*-snow": "game:block/snow",
            "*-free": "game:block/gravel"
        },
        "walk": "game:walk/gravel"
    }
}
