{
    "inheritFrom": "game:blocktypes/stone/generic/stonepathstairs",
    "code": "stonepathstairs",
    "attributes": {
        "handbook": { "groupBy": ["stonepathstairs-*"] },
        "mapColorCode": "road",
        "noDownVariant": true,
        "liquidBarrierOnSidesByType": {
            "*-up-north-*": [1.0, 0.5, 0.5, 0.5],
            "*-up-south-*": [0.5, 0.5, 1.0, 0.5],
            "*-up-west-*": [0.5, 0.5, 0.5, 1.0],
            "*-up-east-*": [0.5, 1.0, 0.5, 0.5]
        }
    },
    "behaviors": [
        { "name": "VanillaVariants.BlockName",
            "properties": {
                "parts": ["block-stonepathstairs-up-*", " (", "rock-{rock}", ")"] } },
        { "name": "WrenchOrientable", "properties": { "baseCode": "stonepathstairs-{rock}-up-*-{cover}" } }
    ],
    "variantgroups": [
        { "code": "rock", "loadFromProperties": "block/rockwithdeposit" },
        { "code": "updown", "states": ["up"] },
        { "loadFromProperties": "abstract/horizontalorientation" },
        { "code": "cover", "states": ["free", "snow"] }
    ],
    "creativeinventory": { "general": ["*-up-north-free"], "construction": ["*-up-north-free"], "vanvar": ["*-up-north-free"] },
    "shapebytype": {
        "*-up-north-free": { "base": "game:block/basic/stairs/normal", "rotateY": 0 },
        "*-up-west-free": { "base": "game:block/basic/stairs/normal", "rotateY": 90 },
        "*-up-south-free": { "base": "game:block/basic/stairs/normal", "rotateY": 180 },
        "*-up-east-free": { "base": "game:block/basic/stairs/normal", "rotateY": 270 },
        "*-up-north-snow": { "base": "game:block/basic/stairs/snow-normal", "rotateY": 0 },
        "*-up-west-snow": { "base": "game:block/basic/stairs/snow-normal", "rotateY": 90 },
        "*-up-south-snow": { "base": "game:block/basic/stairs/snow-normal", "rotateY": 180 },
        "*-up-east-snow": { "base": "game:block/basic/stairs/snow-normal", "rotateY": 270 }
    },
    "textures": {
        "sides": {
            "base": "game:block/stone/path/normal1",
            "alternates": [
                { "base": "game:block/stone/path/normal2", "blendedOverlays": [{ "base": "game:block/stone/rock/{rock}1", "blendMode": "Overlay" }] },
                { "base": "game:block/stone/path/normal3", "blendedOverlays": [{ "base": "game:block/stone/rock/{rock}1", "blendMode": "Overlay" }] },
                { "base": "game:block/stone/path/normal4", "blendedOverlays": [{ "base": "game:block/stone/rock/{rock}1", "blendMode": "Overlay" }] },
                { "base": "game:block/stone/path/normal5", "blendedOverlays": [{ "base": "game:block/stone/rock/{rock}1", "blendMode": "Overlay" }] },
                { "base": "game:block/stone/path/normal6", "blendedOverlays": [{ "base": "game:block/stone/rock/{rock}1", "blendMode": "Overlay" }] }
            ],
            "blendedOverlays": [{ "base": "game:block/stone/rock/{rock}1", "blendMode": "Overlay" }]
        }
    },
    "sounds": {
        "place": "game:block/gravel",
        "break": "game:block/gravel",
        "hit": "game:block/gravel",
        "walk": "game:walk/gravel"
    }
}
