{
	"editor": {
		"allAngles": false,
		"entityTextureMode": false
	},
	"textureWidth": 16,
	"textureHeight": 16,
	"textureSizes": {
		"bark": [4,16],
		"flower": [16,16]
	},
	"textures": {
	},
	"elements": [
		{
			"name": "pine",
			"from": [ 6.0, 0.0, 6.0 ],
			"to": [ 10.0, 16.0, 10.0 ],
			"faces": {
				"north": { "texture": "#bark", "uv": [ 0.0, 0.0, 4.0, 16.0 ], "windMode": [-1,-1,-1,-1], "windData": [0,1,1,0] },
				"east": { "texture": "#bark", "uv": [ 0.0, 0.0, 4.0, 16.0 ], "windMode": [-1,-1,-1,-1], "windData": [0,1,1,0] },
				"south": { "texture": "#bark", "uv": [ 0.0, 0.0, 4.0, 16.0 ], "windMode": [-1,-1,-1,-1], "windData": [0,0,1,1] },
				"west": { "texture": "#bark", "uv": [ 0.0, 0.0, 4.0, 16.0 ], "windMode": [-1,-1,-1,-1], "windData": [0,0,1,1] },
				"up": { "texture": "#bark", "uv": [ 0.0, 0.0, 4.0, 4.0 ], "windMode": [-1,-1,-1,-1], "windData": [1,1,1,1] },
				"down": { "texture": "#bark", "uv": [ 0.0, 0.0, 4.0, 4.0 ], "windMode": [-1,-1,-1,-1] }
			},
			"children": [
				{
					"name": "Flower1",
					"from": [ -6.0, 0.0, 0.0 ],
					"to": [ 10.0, 16.0, 0.0 ],
					"shade": false,
					"renderPass": 1,
					"rotationOrigin": [ 2.0, 16.0, 0.0 ],
					"rotationX": 45.0,
					"faces": {
						"north": { "texture": "#flower", "uv": [ 0.0, 0.0, 16.0, 16.0 ], "windMode": [7,0,0,7], "windData": [0,1,1,0] }
					},
					"children": [
						{
							"name": "Flower2",
							"from": [ 0.0, 0.0, 0.0 ],
							"to": [ 16.0, 16.0, 0.0 ],
							"shade": false,
							"renderPass": 1,
							"rotationOrigin": [ 8.0, 16.0, 0.0 ],
							"rotationY": 60.0,
							"faces": {
								"north": { "texture": "#flower", "uv": [ 0.0, 0.0, 16.0, 16.0 ], "windMode": [7,0,0,7], "windData": [0,0,1,0] }
							}
						},
						{
							"name": "Flower3",
							"from": [ 0.0, 0.0, 0.0 ],
							"to": [ 16.0, 16.0, 0.0 ],
							"shade": false,
							"renderPass": 1,
							"rotationOrigin": [ 8.0, 16.0, 0.0 ],
							"rotationY": -45.0,
							"faces": {
								"north": { "texture": "#flower", "uv": [ 0.0, 0.0, 16.0, 16.0 ], "windMode": [7,0,0,7], "windData": [0,1,0,0] }
							}
						}
					]
				},
				{
					"name": "Flower4",
					"from": [ -6.0, 0.0, 4.0 ],
					"to": [ 10.0, 16.0, 4.0 ],
					"shade": false,
					"renderPass": 1,
					"rotationOrigin": [ 2.0, 16.0, 4.0 ],
					"rotationX": -45.0,
					"faces": {
						"north": { "texture": "#flower", "uv": [ 0.0, 0.0, 16.0, 16.0 ], "windMode": [7,0,0,7], "windData": [0,1,1,0] }
					},
					"children": [
						{
							"name": "Flower5",
							"from": [ 0.0, 0.0, 0.0 ],
							"to": [ 16.0, 16.0, 0.0 ],
							"shade": false,
							"renderPass": 1,
							"rotationOrigin": [ 8.0, 16.0, 0.0 ],
							"rotationY": 60.0,
							"faces": {
								"north": { "texture": "#flower", "uv": [ 0.0, 0.0, 16.0, 16.0 ], "windMode": [7,0,0,7], "windData": [0,1,0,0] }
							}
						},
						{
							"name": "Flower6",
							"from": [ 0.0, 0.0, 0.0 ],
							"to": [ 16.0, 16.0, 0.0 ],
							"shade": false,
							"renderPass": 1,
							"rotationOrigin": [ 8.0, 16.0, 0.0 ],
							"rotationY": -45.0,
							"faces": {
								"north": { "texture": "#flower", "uv": [ 0.0, 0.0, 16.0, 16.0 ], "windMode": [7,0,0,7], "windData": [0,0,1,0] }
							}
						}
					]
				}
			]
		}
	]}