{
    "inheritFrom": "vanvar:blocktypes/wood/palisadewall",
    "code": "palisadewall",
    "variantgroups": [
        { "code": "material", "loadFromProperties": "wildcrafttree:block/wood" },
        { "code": "logs", "states": ["four", "three"] },
        { "code": "type", "states": ["top", "lower", "halftop"] },
        { "code": "layout", "states": ["wall", "cornerin", "cornerout"] },
        { "code": "side", "loadFromProperties": "abstract/horizontalorientation" }
    ],
    "attributes": { "fromVanVarMod": true },
    "textures": {
        "aged": { "base": "wildcrafttree:block/wood/bark/{material}" },
        "oak2": { "base": "game:block/wood/debarked/{material}" }
    }
}
