{
    "inheritFrom": "vanvar:blocktypes/wood/palisadestakes",
    "code": "palisadestakes",
    "variantgroups": [
        { "code": "material", "loadFromProperties": "wildcrafttree:block/wood" },
        { "code": "side", "loadFromProperties": "abstract/horizontalorientation" }
    ],
    "attributes": { "fromVanVarMod": true },
    "textures": {
        "aged": { "base": "wildcrafttree:block/wood/bark/{material}" },
        "oak3": { "base": "wildcrafttree:block/wood/treetrunk/{material}" },
        "oak2": { "base": "game:block/wood/debarked/{material}" }
    }
}
