{
	"code": "woodenpath",
	"behaviors": [{"name": "Unstable"}, {"name": "NWOrientable"}],
	"variantgroups": [
		{ "code": "wood",	"loadFromProperties": "floralzonescaperegion:block/wood" },
		{"code": "orientation", "states": [ "ns", "we" ] }
	],
	"shapeByType": {
		"*-ns": { "base": "game:block/wood/path*", 
			"alternates": [
				{ "base": "game:block/wood/path*", "rotateY": 180 }, 
			]
		},
		"*-we": { "base": "game:block/wood/path*", "rotateY": 90, 
			"alternates": [
				{ "base": "game:block/wood/path*", "rotateY": 270 }, 
			]
		}
	},
	"lod2shapeByType": {
		"*-ns": { "base": "game:block/basic/flat" },
		"*-we": { "base": "game:block/basic/flat", "rotateY": 90 },
	},
	"textures": {
		"wood": { "base": "block/wood/path/{wood}*" },
		"-1": { "base": "game:block/wood/path/lod2*" }
	},
	"attributes": {
		"handbook": {
			"groupBy": ["woodenpath-*"]
		},
	},
	"creativeinventory": { "general": ["*-ns"], "decorative": ["*-ns"] },
	"renderpass": "BlendNoCull",
	"blockmaterial": "Wood",
	"renderPass": 2,
	"resistance": 0.4,
	"walkspeedmultiplier": 1.12,
	"sounds": {
		"place": "game:block/planks",
		"hit": "game:block/planks",
		"break": "game:block/planks",
		"walk": "game:walk/wood"
	},
	"sidesolid": { "all": false },
	"sideopaque": { "all": false },
	"lightAbsorption": 0,
    "collisionbox": null,
	"selectionbox": { "x1": 0, "y1": 0, "z1":0, "x2": 1, "y2": 0.0625, "z2": 1 },
	"materialDensity": 600,
	"guiTransform": {
		"translation": { "x": 0, "y": 2, "z": 0 },
		"rotation": { "x": -22.6, "y": -45, "z": 0 },
		"origin": { "x": 0.5, "y": 0, "z": 0.5 },
		"scale": 1.3
	},
	"groundTransform": {
		"translation": { "x": 0, "y": 0.02, "z": 0 },
		"origin": { "x": 0.5, "y": 0, "z": 0.5 },
		"scale": 1.5
	},
	"tpHandTransform": {
		"translation": { "x": -1.6, "y": 0, "z": -1.15 },
		"rotation": { "x": -83, "y": 0, "z": 0 },
		"origin": { "x": 0.5, "y": 0, "z": 0.5 },
		"scale": 0.38
	}
}
