{
	code: "pitchforkk",
	class: "EntityProjectile",
	hitboxSize: { x: 0.137, y: 0.137 },
	variantgroups: [
		{ code: "material", states: ["copper", "tinbronze", "bismuthbronze", "blackbronze","iron", "meteoriciron", "steel", "temporalit"] }
	],
	client: {
		renderer: "Shape",
		shape: { "base": "spearexpantion:item/tool/villagers/pitchfork", offsetX: -1 },
	texturesByType: {
		"*-copper": {
			"metal": { "base": "game:block/metal/ingot/copper" }
		},
		"*-tinbronze": {
			"metal": { "base": "game:block/metal/ingot/tinbronze" }
		},
		"*-bismuthbronze": {
			"metal": { "base": "game:block/metal/ingot/bismuthbronze" }
		},
		"*-blackbronze": {
			"metal": { "base": "game:block/metal/ingot/blackbronze" }
		},
		"*-iron": {
			"metal": { "base": "game:item/tool/material/iron" }
		},
		"*-meteoriciron": {
			"metal": { "base": "game:item/tool/shield/metal/meteoriciron" }
		},
		"*-steel": {
			"metal": { "base": "game:item/tool/shield/metal/steel" }
		},
		"*-temporalit": {
			"metal": { "base": "game:block/metal/ingot/temporalit" }
		}
	},
		behaviors: [
			{ 
				code: "passivephysics", 
				groundDragFactor: 2,
				airDragFactor: 0.7,
				gravityFactor: 2
			}, 
			{ code: "interpolateposition" }
		],
	},
	server: {
		behaviors: [
			{ 
				code: "passivephysics", 
				groundDragFactor: 1,
				airDragFactor: 0.7,
				gravityFactor: 0.95
			}, 
			{ code: "despawn", minSeconds: 1000 }
		]
	},
	sounds: {
	},
}