{
    "inheritFrom": "game:entities/nonliving/armorstand",
    "code": "armorstand",
    "class": "VV_EntityWoodArmorStand",
    "variantgroups": [{ "code": "wood", "states": ["aged"], "loadFromProperties": "block/wood" }],
    "skipVariants": ["*-oak"],
    "client": {
        "renderer": "Shape",
        "shape": { "base": "game:entity/nonliving/armorstand" },
        "textures": { "oak": { "base": "game:block/wood/debarked/{wood}" } },
        "behaviors": [
            //
            { "code": "repulseagents" },
            { "code": "controlledphysics", "stepHeight": 1.0001 },
            { "code": "armorstandinventory" },
            { "code": "interpolateposition" }
        ]
    },
    "server": {
        "behaviors": [
            //
            { "code": "repulseagents" },
            { "code": "controlledphysics", "stepHeight": 1.1251 },
            { "code": "armorstandinventory" }
        ]
    },
    "sounds": { "hurt": "game:player/slap" }
}
