[
  {
    "enabled": false,
    "op": "replace",
    "path": "/behaviorConfigs/jaunt:gait/gaits/0/sound",
    "value": "cartwrightscaravan:hooved/trot",
    "file": "equus:entities/wildhorse.json",
    "side": "Server"
  },
  {
    "enabled": false,
    "op": "replace",
    "path": "/behaviorConfigs/jaunt:gait/gaits/2/sound",
    "value": "cartwrightscaravan:hooved/trot",
    "file": "equus:entities/wildhorse.json",
    "side": "Server"
  },
  {
    "enabled": false,
    "op": "replace",
    "path": "/behaviorConfigs/jaunt:gait/gaits/3/sound",
    "value": "cartwrightscaravan:hooved/trot",
    "file": "equus:entities/wildhorse.json",
    "side": "Server"
  },
  {
    "enabled": false,
    "op": "replace",
    "path": "/behaviorConfigs/jaunt:gait/gaits/4/sound",
    "value": "cartwrightscaravan:hooved/trot",
    "file": "equus:entities/wildhorse.json",
    "side": "Server"
  },
  {
    "enabled": false,
    "op": "replace",
    "path": "/behaviorConfigs/jaunt:gait/gaits/5/sound",
    "value": "cartwrightscaravan:hooved/gallop",
    "file": "equus:entities/wildhorse.json",
    "side": "Server"
  },
  {
    "enabled": false,
    "op": "replace",
    "path": "/behaviorConfigs/jaunt:gait/gaits/6/sound",
    "value": "cartwrightscaravan:hooved/trot",
    "file": "equus:entities/wildhorse.json",
    "side": "Server"
  }
]
