[
  {
    "op": "addmerge",
    "path": "/attributes/attachableToEntity",
    "value": { 
      "categoryCode": "flowerpot" , 
      "texturePrefixCode": "flowerpot-{color}-{state}"
    
    },
    "file": "game:blocktypes/clay/fired/flowerpot.json",
    "side": "Server"
  },
  {
    "op": "addmerge",
    "path": "/attributes/attachableToEntity/attachedShapeBySlotCode",
    "value": { "Smallitem*": { "base": "cartwrightscaravan:item/vanilla/flowerpot-classic" }},
    "file": "game:blocktypes/clay/fired/flowerpot.json",
    "side": "Server"
  },  
  {
    "op": "addmerge",
    "path": "/attributes/attachableToEntity",
    "value": { 
      "categoryCode": "flowerpot" , 
      "texturePrefixCode": "flowerpot-{type}"
    
    },
    "file": "game:blocktypes/clay/flowerpot-fancy.json",
    "side": "Server"
  },
  {
    "op": "addmerge",
    "path": "/attributes/attachableToEntity/attachedShapeBySlotCode",
    "value": { "Smallitem*": { "base": "cartwrightscaravan:item/vanilla/flowerpot-fancy" }},
    "file": "game:blocktypes/clay/flowerpot-fancy.json",
    "side": "Server"
  }
]
