[
  {
    "enabled": true,
    "op": "addmerge",
    "path": "/attributes/attachableToEntity/attachedShapeBySlotCode/Lightl*",
    "value": { "base": "cartwrightscaravan:item/vanilla/cookpotl-stall" },
    "file": "game:blocktypes/clay/fired/pot.json",
    "side": "Server"
  },
  {
    "enabled": true,
    "op": "addmerge",
    "path": "/attributes/attachableToEntity/attachedShapeBySlotCode/Lightr*",
    "value": { "base": "cartwrightscaravan:item/vanilla/cookpotr-stall" },
    "file": "game:blocktypes/clay/fired/pot.json",
    "side": "Server"
  },
  {
    "enabled": true,
    "op": "addmerge",
    "path": "/attributes/attachableToEntity/attachedShapeBySlotCode/Lightb*",
    "value": { "base": "cartwrightscaravan:item/vanilla/cookpotb-stall" },
    "file": "game:blocktypes/clay/fired/pot.json",
    "side": "Server"
  },
  {
    "enabled": true,
    "op": "addmerge",
    "path": "/attributes/attachableToEntity/attachedShapeBySlotCode/Smallitem*",
    "value": { "base": "cartwrightscaravan:item/vanilla/pot-closed-centered" },
    "file": "game:blocktypes/clay/fired/pot.json",
    "side": "Server"
  }
]
