{
  "code": "megaphone",
  "class": "voiceamplifieritem",
  "enabled": true,
  "maxStackSize": 1,
  "creativeinventory": {
    "general": [ "*" ],
    "items": [ "*" ],
    "tools": [ "*" ],
    "rpvoicechat": [ "*" ]
  },
  "attributes": {
    "voiceRangeBlocks": 125,
    "applySoundEffect": "cheapmic",
    "handbook": {
      "extraSections": [
        {
          "title": "rpvoicechat:Handbook.Usage.item-megaphone.Title",
          "text": "rpvoicechat:Handbook.Usage.item-megaphone.Text"
        }
      ]
    }
  },
  "drawtype": "json",
  "shape": {
    "base": "item/megaphone"
  },
  "textures": {
    "blue": {
      "base": "game:block/glass/blue"
    },
    "copper": {
      "base": "game:block/metal/sheet/copper1"
    },
    "gold1": {
      "base": "game:block/metal/sheet/gold1"
    },
    "cupronickel1": {
      "base": "game:block/metal/sheet/cupronickel1"
    }
  },
  "guiTransform": {
    "translation": {
      "x": -2,
      "y": -15,
      "z": 0
    },
    "rotation": {
      "x": -77,
      "y": 1,
      "z": 44
    },
    "scale": 1.51
  },
  "tpHandTransform": {
    "translation": {
      "x": -1,
      "y": -0.2,
      "z": -0.8
    },
    "rotation": {
      "x": -20,
      "y": -113,
      "z": 23
    },
    "origin": {
      "x": 0.5,
      "y": -0.5,
      "z": 0.5
    },
    "scale": 0.7
  }
}
