{
	"editor": {
		"backDropShape": "game:entity/humanoid/seraph",
		"allAngles": true,
		"entityTextureMode": false
	},
	"textureWidth": 8,
	"textureHeight": 8,
	"textureSizes": {
	},
	"textures": {
		"reedrope": "game:block/cloth/ropedcloth",
		"afrocarpusfalcatus": "item/resource/seeds/afrocarpusfalcatus"
	},
	"elements": [
		{
			"name": "hideme",
			"stepParentName": "UpperTorso",
			"from": [ 2.0, 5.0, 3.0 ],
			"to": [ 2.0, 5.0, 3.0 ],
			"rotationOrigin": [ 2.0, 5.0, 3.0 ],
			"faces": {
			},
			"children": [
				{
					"name": "string back",
					"from": [ 2.2, 0.2, -1.4 ],
					"to": [ 2.4, 0.4, 1.6 ],
					"rotationOrigin": [ 2.3, 0.3, 0.1 ],
					"rotationZ": 45.0,
					"faces": {
						"north": { "texture": "#reedrope", "uv": [ 0.0, 0.0, 0.25, 0.25 ] },
						"east": { "texture": "#reedrope", "uv": [ 0.0, 0.0, 3.0, 0.25 ] },
						"south": { "texture": "#reedrope", "uv": [ 0.0, 0.0, 0.25, 0.25 ] },
						"west": { "texture": "#reedrope", "uv": [ 0.0, 0.0, 3.0, 0.25 ] },
						"up": { "texture": "#reedrope", "uv": [ 0.0, 0.0, 0.25, 3.0 ] },
						"down": { "texture": "#reedrope", "uv": [ 0.0, 0.0, 0.25, 3.0 ] }
					}
				},
				{
					"name": "string R2",
					"from": [ -1.0, 0.2, -1.5 ],
					"to": [ 2.3, 0.4, -1.3 ],
					"rotationOrigin": [ 0.4, 0.3, -1.4 ],
					"rotationX": 45.0,
					"faces": {
						"north": { "texture": "#reedrope", "uv": [ 0.0, 0.0, 3.25, 0.25 ] },
						"east": { "texture": "#reedrope", "uv": [ 0.0, 0.0, 0.25, 0.25 ] },
						"south": { "texture": "#reedrope", "uv": [ 0.0, 0.0, 3.25, 0.25 ] },
						"west": { "texture": "#reedrope", "uv": [ 0.0, 0.0, 0.25, 0.25 ] },
						"up": { "texture": "#reedrope", "uv": [ 0.0, 0.0, 3.25, 0.25 ] },
						"down": { "texture": "#reedrope", "uv": [ 0.0, 0.0, 3.25, 0.25 ] }
					}
				},
				{
					"name": "string L2",
					"from": [ -1.0, 0.2, 1.5 ],
					"to": [ 2.3, 0.4, 1.7 ],
					"rotationOrigin": [ 0.4, 0.3, 1.6 ],
					"rotationX": 45.0,
					"faces": {
						"north": { "texture": "#reedrope", "uv": [ 0.0, 0.0, 3.25, 0.25 ] },
						"east": { "texture": "#reedrope", "uv": [ 0.0, 0.0, 0.25, 0.25 ] },
						"south": { "texture": "#reedrope", "uv": [ 0.0, 0.0, 3.25, 0.25 ] },
						"west": { "texture": "#reedrope", "uv": [ 0.0, 0.0, 0.25, 0.25 ] },
						"up": { "texture": "#reedrope", "uv": [ 0.0, 0.0, 3.25, 0.25 ] },
						"down": { "texture": "#reedrope", "uv": [ 0.0, 0.0, 3.25, 0.25 ] }
					}
				},
				{
					"name": "string R3",
					"from": [ -2.3, -0.1, -1.0 ],
					"to": [ -0.8, 0.1, -0.8 ],
					"rotationOrigin": [ -1.8, 0.0, -0.9 ],
					"rotationY": 33.0,
					"rotationZ": 17.0,
					"faces": {
						"north": { "texture": "#reedrope", "uv": [ 0.0, 0.0, 1.5, 0.25 ] },
						"east": { "texture": "#reedrope", "uv": [ 0.0, 0.0, 0.25, 0.25 ] },
						"south": { "texture": "#reedrope", "uv": [ 0.0, 0.0, 1.5, 0.25 ] },
						"west": { "texture": "#reedrope", "uv": [ 0.0, 0.0, 0.25, 0.25 ] },
						"up": { "texture": "#reedrope", "uv": [ 0.0, 0.0, 1.5, 0.25 ] },
						"down": { "texture": "#reedrope", "uv": [ 0.0, 0.0, 1.5, 0.25 ] }
					}
				},
				{
					"name": "string L",
					"from": [ -2.3, -0.1, 1.0 ],
					"to": [ -0.8, 0.1, 1.2 ],
					"rotationOrigin": [ -1.8, 0.0, 1.1 ],
					"rotationY": -33.0,
					"rotationZ": 17.0,
					"faces": {
						"north": { "texture": "#reedrope", "uv": [ 0.0, 0.0, 1.5, 0.25 ] },
						"east": { "texture": "#reedrope", "uv": [ 0.0, 0.0, 0.25, 0.25 ] },
						"south": { "texture": "#reedrope", "uv": [ 0.0, 0.0, 1.5, 0.25 ] },
						"west": { "texture": "#reedrope", "uv": [ 0.0, 0.0, 0.25, 0.25 ] },
						"up": { "texture": "#reedrope", "uv": [ 0.0, 0.0, 1.5, 0.25 ] },
						"down": { "texture": "#reedrope", "uv": [ 0.0, 0.0, 1.5, 0.25 ] }
					}
				},
				{
					"name": "breasts",
					"from": [ -2.0, -2.0, -1.0 ],
					"to": [ -2.0, 0.0, 1.0 ],
					"rotationOrigin": [ -2.0, 0.0, 0.0 ],
					"faces": {
					},
					"children": [
						{
							"name": "seedbase",
							"from": [ -0.8, -1.0, 0.7 ],
							"to": [ 0.0, 0.5, 1.5 ],
							"rotationOrigin": [ -0.4, 0.5, 1.1 ],
							"rotationX": -9.0,
							"rotationY": -45.0,
							"rotationZ": -10.0,
							"faces": {
							},
							"children": [
								{
									"name": "string R1",
									"from": [ 0.2, 1.5, 0.1 ],
									"to": [ 0.4, 3.0, 0.3 ],
									"rotationOrigin": [ 0.3, 1.5, 0.2 ],
									"rotationX": -15.0,
									"rotationZ": 15.0,
									"faces": {
										"north": { "texture": "#reedrope", "uv": [ 0.0, 0.0, 0.25, 1.5 ] },
										"east": { "texture": "#reedrope", "uv": [ 0.0, 0.0, 0.25, 1.5 ] },
										"south": { "texture": "#reedrope", "uv": [ 0.0, 0.0, 0.25, 1.5 ] },
										"west": { "texture": "#reedrope", "uv": [ 0.0, 0.0, 0.25, 1.5 ] }
									}
								},
								{
									"name": "string L1",
									"from": [ 0.5, 1.5, 0.5 ],
									"to": [ 0.7, 3.0, 0.7 ],
									"rotationOrigin": [ 0.6, 1.5, 0.6 ],
									"rotationX": 15.0,
									"rotationZ": -15.0,
									"faces": {
										"north": { "texture": "#reedrope", "uv": [ 0.0, 0.0, 0.25, 1.5 ] },
										"east": { "texture": "#reedrope", "uv": [ 0.0, 0.0, 0.25, 1.5 ] },
										"south": { "texture": "#reedrope", "uv": [ 0.0, 0.0, 0.25, 1.5 ] },
										"west": { "texture": "#reedrope", "uv": [ 0.0, 0.0, 0.25, 1.5 ] }
									}
								}
							]
						},
						{
							"name": "seed1",
							"from": [ -1.5, -1.3, 0.1 ],
							"to": [ 0.5, 0.7, 2.1 ],
							"rotationOrigin": [ -0.5, -1.3, 1.1 ],
							"rotationY": 45.0,
							"faces": {
								"north": { "texture": "#afrocarpusfalcatus", "uv": [ 5.5, 2.5, 7.5, 4.5 ] },
								"east": { "texture": "#afrocarpusfalcatus", "uv": [ 6.0, 2.5, 8.0, 4.5 ] },
								"south": { "texture": "#afrocarpusfalcatus", "uv": [ 6.0, 3.0, 8.0, 5.0 ] },
								"west": { "texture": "#afrocarpusfalcatus", "uv": [ 5.5, 2.5, 7.5, 4.5 ] },
								"up": { "texture": "#afrocarpusfalcatus", "uv": [ 5.5, 3.0, 7.5, 5.0 ] },
								"down": { "texture": "#afrocarpusfalcatus", "uv": [ 6.0, 2.5, 8.0, 4.5 ] }
							},
							"children": [
								{
									"name": "topS",
									"from": [ 0.0, 2.0, 1.0 ],
									"to": [ 2.0, 2.0, 2.0 ],
									"rotationOrigin": [ 1.0, 2.0, 1.0 ],
									"rotationX": -22.5,
									"faces": {
										"up": { "texture": "#afrocarpusfalcatus", "uv": [ 2.0, 2.5, 4.0, 3.5 ], "rotation": 180 }
									}
								},
								{
									"name": "topN",
									"from": [ 0.0, 2.0, 0.0 ],
									"to": [ 2.0, 2.0, 1.0 ],
									"rotationOrigin": [ 1.0, 2.0, 1.0 ],
									"rotationX": 22.5,
									"faces": {
										"up": { "texture": "#afrocarpusfalcatus", "uv": [ 2.0, 2.5, 4.0, 3.5 ] }
									}
								},
								{
									"name": "topW",
									"from": [ 0.0, 2.0, 0.0 ],
									"to": [ 1.0, 2.0, 2.0 ],
									"rotationOrigin": [ 1.0, 2.0, 1.0 ],
									"rotationZ": -22.5,
									"faces": {
										"up": { "texture": "#afrocarpusfalcatus", "uv": [ 2.0, 2.5, 4.0, 3.5 ], "rotation": 270 }
									}
								},
								{
									"name": "topE",
									"from": [ 1.0, 2.0, 0.0 ],
									"to": [ 2.0, 2.0, 2.0 ],
									"rotationOrigin": [ 1.0, 2.0, 1.0 ],
									"rotationZ": 22.5,
									"faces": {
										"up": { "texture": "#afrocarpusfalcatus", "uv": [ 2.0, 2.5, 4.0, 3.5 ], "rotation": 90 }
									}
								}
							]
						}
					]
				}
			]
		}
	]}