{
	"editor": {
		"backDropShape": "entity/humanoid/seraph-hairless",
		"allAngles": true,
		"entityTextureMode": true
	},
	"textureWidth": 48,
	"textureHeight": 48,
	"textureSizes": {
		"hair": [48,48]
	},
	"textures": {
	},
	"elements": [
		{
			"name": "hidefacialhair",
			"stepParentName": "Head",
			"from": [ -0.15, -0.5, 2.2 ], 
			"to": [ 0.45, 0.5, 2.8 ], 
			"unwrapMode": 2,
			"uv": [ 21.5, 1.0 ],
			"rotationOrigin": [ 0.0, -0.1, 2.2 ],
			"faces": {
				"north": { "texture": "#hair", "uv": [ 22.5, 1.5, 23.0, 2.5 ] },
				"east": { "texture": "#hair", "uv": [ 22.0, 1.5, 22.5, 2.5 ] },
				"south": { "texture": "#hair", "uv": [ 21.5, 1.5, 22.0, 2.5 ] },
				"west": { "texture": "#hair", "uv": [ 23.0, 1.5, 23.5, 2.5 ] },
				"up": { "texture": "#hair", "uv": [ 22.0, 1.0, 22.5, 1.5 ], "rotation": 270 },
				"down": { "texture": "#hair", "uv": [ 22.0, 2.5, 22.5, 3.0 ], "rotation": 270 }
			}
		}
	]}