{
	"editor": {
		"backDropShape": "entity/humanoid/villager-male",
		"allAngles": true,
		"entityTextureMode": true
	},
	"textureWidth": 48,
	"textureHeight": 48,
	"textureSizes": {
		"hair": [48,48],
		"bands": [16,16]
	},
	"textures": {
		"hair": "entity/humanoid/seraphskinparts/hair/eerieblack"
	},
	"elements": [
		{
			"name": "hidefacialhair",
			"stepParentName": "Head",
			"from": [ 0.0, 0.0, 2.0 ],
			"to": [ 1.0, 1.0, 3.0 ],
			"uv": [ 24.0, 2.0 ],
			"rotationOrigin": [ 0.5, 0.5, 2.5 ],
			"rotationZ": -1.0,
			"faces": {
			},
			"children": [
				{
					"name": "JawL",
					"from": [ -0.1, -1.3, 2.0 ],
					"to": [ 2.9, 0.7, 3.0 ],
					"renderPass": 1,
					"unwrapMode": 3,
					"autoUnwrap": false,
					"uv": [ 9.5, 4.0 ],
					"rotationOrigin": [ -0.1, 0.7, 3.0 ],
					"rotationX": -15.0,
					"rotationZ": -5.0,
					"faces": {
						"south": { "texture": "#hair", "uv": [ 5.0, 0.5, 8.0, 2.5 ], "windMode": [-1,-1,-1,-1], "windData": [1,1,1,1] },
						"west": { "texture": "#hair", "uv": [ 8.0, 0.0, 9.0, 2.0 ], "windMode": [-1,-1,-1,-1], "windData": [1,1,1,1] }
					}
				},
				{
					"name": "JawR",
					"from": [ -0.1, -1.3, -2.0 ],
					"to": [ 2.9, 0.7, -1.0 ],
					"renderPass": 1,
					"unwrapMode": 1,
					"autoUnwrap": false,
					"uv": [ 17.5, 25.5 ],
					"rotationOrigin": [ 0.0, 0.7, -2.0 ],
					"rotationX": 15.0,
					"rotationZ": -5.0,
					"faces": {
						"north": { "texture": "#hair", "uv": [ 9.5, 0.5, 12.5, 2.5 ] },
						"west": { "texture": "#hair", "uv": [ 21.0, 27.0, 22.0, 29.0 ], "windMode": [-1,-1,-1,-1], "windData": [1,1,1,1] }
					}
				},
				{
					"name": "donthideme",
					"from": [ 0.0, 0.0, 0.5 ],
					"to": [ 0.0, 0.0, 0.5 ],
					"uv": [ 0.0, 0.0 ],
					"rotationOrigin": [ 0.0, 0.0, 0.5 ],
					"faces": {
					},
					"children": [
						{
							"name": "Chin",
							"from": [ -0.2, -1.0, -0.5 ],
							"to": [ 0.3, 0.5, 0.5 ],
							"uv": [ 17.0, 1.0 ],
							"rotationOrigin": [ 0.0, 0.5, 0.0 ],
							"rotationZ": -10.0,
							"faces": {
								"north": { "texture": "#hair", "uv": [ 17.0, 2.0, 17.5, 3.5 ] },
								"south": { "texture": "#hair", "uv": [ 17.5, 2.0, 18.0, 3.5 ] },
								"west": { "texture": "#hair", "uv": [ 18.0, 2.0, 19.0, 3.5 ] },
								"up": { "texture": "#hair", "uv": [ 17.0, 1.0, 17.5, 2.0 ], "windMode": [-1,-1,-1,-1], "windData": [1,1,1,1] },
								"down": { "texture": "#hair", "uv": [ 17.5, 1.0, 18.0, 2.0 ] }
							},
							"children": [
								{
									"name": "Brd1",
									"from": [ 0.0, -2.9, 0.0 ],
									"to": [ 1.0, 0.1, 1.0 ],
									"renderPass": 1,
									"uv": [ 24.5, 37.5 ],
									"rotationOrigin": [ 0.5, 0.1, 0.5 ],
									"rotationY": 1.0,
									"rotationZ": 5.0,
									"faces": {
										"north": { "texture": "#hair", "uv": [ 24.5, 37.5, 25.5, 40.5 ], "windMode": [-1,-1,-1,-1], "windData": [1,1,1,1] },
										"south": { "texture": "#hair", "uv": [ 25.5, 37.5, 26.5, 40.5 ], "windMode": [-1,-1,-1,-1], "windData": [1,1,1,1] },
										"west": { "texture": "#hair", "uv": [ 26.5, 37.5, 27.5, 40.5 ], "windMode": [-1,-1,-1,-1], "windData": [1,1,1,1] }
									}
								}
							]
						}
					]
				}
			]
		}
	],
	"animations": [
		{
			"name": "Jump",
			"code": "jump",
			"quantityframes": 20,
			"onActivityStopped": "Rewind",
			"onAnimationEnd": "Repeat",
			"keyframes": [

			]
		}
	]
}