{
	"editor": {
		"backDropShape": "entity/humanoid/villager-male",
		"allAngles": true,
		"entityTextureMode": true
	},
	"textureWidth": 48,
	"textureHeight": 48,
	"textureSizes": {
		"hair": [48,48],
		"bands": [16,16]
	},
	"textures": {
		"hair": "entity/humanoid/seraphskinparts/hair/eerieblack"
	},
	"elements": [
		{
			"name": "hidefacialhair",
			"stepParentName": "Head",
			"from": [ 0.0, 0.0, 2.0 ],
			"to": [ 1.0, 1.0, 3.0 ],
			"uv": [ 24.0, 2.0 ],
			"rotationOrigin": [ 0.5, 0.5, 2.5 ],
			"rotationZ": -1.0,
			"faces": {
			},
			"children": [
				{
					"name": "JawL",
					"from": [ -0.2, -1.3, 3.0 ],
					"to": [ 2.8, 0.7, 3.0 ],
					"renderPass": 1,
					"unwrapMode": 3,
					"uv": [ 24.0, 25.5 ],
					"rotationOrigin": [ -0.2, 0.7, 3.0 ],
					"rotationX": -15.0,
					"faces": {
						"south": { "texture": "#hair", "uv": [ 24.0, 25.5, 27.0, 27.5 ] }
					}
				},
				{
					"name": "JawR",
					"from": [ -0.2, -1.3, -2.0 ],
					"to": [ 2.8, 0.7, -2.0 ],
					"renderPass": 1,
					"unwrapMode": 1,
					"uv": [ 17.5, 25.0 ],
					"rotationOrigin": [ -0.1, 0.7, -2.0 ],
					"rotationX": 15.0,
					"faces": {
						"north": { "texture": "#hair", "uv": [ 17.5, 25.0, 20.5, 27.0 ] }
					}
				},
				{
					"name": "donthideme",
					"from": [ 0.0, 0.0, 0.5 ],
					"to": [ 0.0, 0.0, 0.5 ],
					"uv": [ 0.0, 0.0 ],
					"rotationOrigin": [ 0.0, 0.0, 0.5 ],
					"faces": {
					},
					"children": [
						{
							"name": "BrdL1",
							"from": [ -0.2, -1.0, 0.0 ],
							"to": [ 0.8, 0.3, 2.7 ],
							"uv": [ 21.0, 0.5 ],
							"rotationOrigin": [ 0.0, 0.0, 0.0 ],
							"rotationX": -15.0,
							"faces": {
								"north": { "texture": "#hair", "uv": [ 21.0, 3.0, 22.0, 4.0 ] },
								"east": { "texture": "#hair", "uv": [ 22.0, 3.0, 24.5, 4.0 ] },
								"south": { "texture": "#hair", "uv": [ 24.5, 3.0, 25.5, 4.0 ] },
								"west": { "texture": "#hair", "uv": [ 25.5, 3.0, 28.0, 4.0 ] },
								"up": { "texture": "#hair", "uv": [ 21.0, 0.5, 22.0, 3.0 ] },
								"down": { "texture": "#hair", "uv": [ 22.0, 0.5, 23.0, 3.0 ] }
							},
							"children": [
								{
									"name": "BrdL2",
									"from": [ 0.0, -3.0, 0.2 ],
									"to": [ 0.0, 0.0, 2.7 ],
									"renderPass": 1,
									"uv": [ 23.0, 26.0 ],
									"rotationOrigin": [ 0.0, 0.0, 2.7 ],
									"faces": {
										"west": { "texture": "#hair", "uv": [ 23.0, 26.0, 25.5, 29.0 ], "windMode": [-1,-1,-1,-1], "windData": [1,1,1,1] }
									}
								},
								{
									"name": "BrdL3",
									"from": [ 0.0, -1.5, 0.2 ],
									"to": [ 0.0, 0.5, 2.7 ],
									"renderPass": 1,
									"uv": [ 23.5, 26.5 ],
									"rotationOrigin": [ 0.0, 0.5, 2.7 ],
									"rotationX": 15.0,
									"rotationZ": -10.0,
									"faces": {
										"west": { "texture": "#hair", "uv": [ 23.5, 26.5, 26.0, 28.5 ], "windMode": [-1,-1,-1,-1], "windData": [1,1,1,1] }
									}
								}
							]
						},
						{
							"name": "BrdR1",
							"from": [ -0.2, -1.0, -2.7 ],
							"to": [ 0.8, 0.3, 0.0 ],
							"uv": [ 21.0, 0.5 ],
							"rotationOrigin": [ 0.0, 0.0, 0.0 ],
							"rotationX": 15.0,
							"faces": {
								"north": { "texture": "#hair", "uv": [ 21.0, 3.0, 22.0, 4.0 ] },
								"east": { "texture": "#hair", "uv": [ 22.0, 3.0, 24.5, 4.0 ] },
								"south": { "texture": "#hair", "uv": [ 24.5, 3.0, 25.5, 4.0 ] },
								"west": { "texture": "#hair", "uv": [ 25.5, 3.0, 28.0, 4.0 ] },
								"up": { "texture": "#hair", "uv": [ 21.0, 0.5, 22.0, 3.0 ] },
								"down": { "texture": "#hair", "uv": [ 22.0, 0.5, 23.0, 3.0 ] }
							},
							"children": [
								{
									"name": "BrdR2",
									"from": [ 0.0, -3.0, 0.0 ],
									"to": [ 0.0, 0.0, 2.5 ],
									"renderPass": 1,
									"uv": [ 19.5, 26.0 ],
									"faces": {
										"west": { "texture": "#hair", "uv": [ 19.5, 26.0, 22.0, 29.0 ], "windMode": [-1,-1,-1,-1], "windData": [1,1,1,1] }
									}
								},
								{
									"name": "BrdR3",
									"from": [ 0.0, -2.0, 0.0 ],
									"to": [ 0.0, 0.0, 2.5 ],
									"renderPass": 1,
									"uv": [ 18.5, 26.0 ],
									"rotationOrigin": [ 0.0, 0.0, 0.0 ],
									"rotationX": -15.0,
									"rotationZ": -10.0,
									"faces": {
										"west": { "texture": "#hair", "uv": [ 18.5, 26.0, 21.0, 28.0 ], "windMode": [-1,-1,-1,-1], "windData": [1,1,1,1] }
									}
								}
							]
						},
						{
							"name": "Chin",
							"from": [ -0.2, -2.0, -1.5 ],
							"to": [ 0.3, 0.5, 1.5 ],
							"autoUnwrap": false,
							"uv": [ 28.5, 32.0 ],
							"rotationOrigin": [ 0.0, 0.5, 0.0 ],
							"rotationZ": -15.0,
							"faces": {
								"north": { "texture": "#hair", "uv": [ 28.5, 34.0, 29.0, 36.5 ] },
								"south": { "texture": "#hair", "uv": [ 29.0, 34.0, 29.5, 36.5 ] },
								"west": { "texture": "#hair", "uv": [ 27.0, 34.0, 29.5, 37.0 ], "rotation": 270 },
								"up": { "texture": "#hair", "uv": [ 28.5, 32.0, 29.0, 35.0 ], "windMode": [-1,-1,-1,-1], "windData": [1,1,1,1] },
								"down": { "texture": "#hair", "uv": [ 29.0, 32.0, 29.5, 35.0 ] }
							},
							"children": [
								{
									"name": "Brd1",
									"from": [ 0.3, -2.9, 0.0 ],
									"to": [ 0.3, 0.1, 2.0 ],
									"renderPass": 1,
									"uv": [ 21.5, 26.0 ],
									"rotationOrigin": [ 0.3, 0.1, 1.0 ],
									"rotationZ": 10.0,
									"faces": {
										"west": { "texture": "#hair", "uv": [ 21.5, 26.0, 23.5, 29.0 ], "windMode": [-1,-1,-1,-1], "windData": [1,1,1,1] }
									}
								},
								{
									"name": "Braid1",
									"from": [ 0.0, -3.0, 0.5 ],
									"to": [ 1.0, 0.0, 2.5 ],
									"uv": [ 20.0, 31.5 ],
									"rotationOrigin": [ 0.0, 0.0, 1.5 ],
									"rotationZ": 5.0,
									"faces": {
										"north": { "texture": "#hair", "uv": [ 20.0, 33.5, 21.0, 36.5 ] },
										"south": { "texture": "#hair", "uv": [ 21.0, 33.5, 22.0, 36.5 ] },
										"west": { "texture": "#hair", "uv": [ 22.0, 33.5, 24.0, 36.5 ] },
										"down": { "texture": "#hair", "uv": [ 20.0, 31.5, 21.0, 33.5 ] }
									},
									"children": [
										{
											"name": "Braid2",
											"from": [ 0.0, -3.0, 0.5 ],
											"to": [ 1.0, 0.0, 1.5 ],
											"renderPass": 1,
											"uv": [ 24.5, 36.5 ],
											"rotationOrigin": [ 0.0, 0.0, 1.0 ],
											"rotationZ": 5.0,
											"faces": {
												"north": { "texture": "#hair", "uv": [ 24.5, 37.5, 25.5, 40.5 ] },
												"south": { "texture": "#hair", "uv": [ 25.5, 37.5, 26.5, 40.5 ] },
												"west": { "texture": "#hair", "uv": [ 26.5, 37.5, 27.5, 40.5 ] }
											}
										}
									]
								}
							]
						}
					]
				}
			]
		}
	],
	"animations": [
		{
			"name": "Jump",
			"code": "jump",
			"quantityframes": 20,
			"onActivityStopped": "Rewind",
			"onAnimationEnd": "Repeat",
			"keyframes": [

			]
		}
	]
}