{
	"editor": {
		"backDropShape": "entity/humanoid/seraph-hairless",
		"allAngles": true,
		"entityTextureMode": true
	},
	"textureWidth": 48,
	"textureHeight": 48,
	"textureSizes": {
		"hair": [48,48],
		"bands": [16,16]
	},
	"textures": {
		"hair": "entity/humanoid/seraphskinparts/hair/eerieblack",
		"bands": "block/leather/plain"
	},
	"elements": [
		{
			"name": "hidefacialhair",
			"stepParentName": "Head",
			"from": [ 0.0, 0.0, 2.0 ],
			"to": [ 1.0, 1.0, 3.0 ],
			"uv": [ 24.0, 2.0 ],
			"rotationOrigin": [ 0.5, 0.5, 2.5 ],
			"rotationZ": -1.0,
			"faces": {
			},
			"children": [
				{
					"name": "JawL",
					"from": [ -0.2, -1.3, 3.0 ],
					"to": [ 2.8, 0.7, 3.0 ],
					"renderPass": 1,
					"unwrapMode": 3,
					"uv": [ 24.0, 25.5 ],
					"rotationOrigin": [ -0.2, 0.7, 3.0 ],
					"rotationX": -15.0,
					"faces": {
						"south": { "texture": "#hair", "uv": [ 24.0, 25.5, 27.0, 27.5 ] }
					}
				},
				{
					"name": "JawR",
					"from": [ -0.2, -1.3, -2.0 ],
					"to": [ 2.8, 0.7, -2.0 ],
					"renderPass": 1,
					"unwrapMode": 1,
					"uv": [ 17.5, 25.0 ],
					"rotationOrigin": [ -0.1, 0.7, -2.0 ],
					"rotationX": 15.0,
					"faces": {
						"north": { "texture": "#hair", "uv": [ 17.5, 25.0, 20.5, 27.0 ] }
					}
				},
				{
					"name": "donthideme",
					"from": [ 0.0, 0.0, 0.5 ],
					"to": [ 0.0, 0.0, 0.5 ],
					"uv": [ 0.0, 0.0 ],
					"rotationOrigin": [ 0.0, 0.0, 0.5 ],
					"faces": {
					},
					"children": [
						{
							"name": "BrdL1",
							"from": [ -0.2, -1.0, 0.0 ],
							"to": [ 0.8, 0.3, 2.7 ],
							"uv": [ 21.0, 0.5 ],
							"rotationOrigin": [ 0.0, 0.0, 0.0 ],
							"rotationX": -15.0,
							"faces": {
								"north": { "texture": "#hair", "uv": [ 21.0, 3.0, 22.0, 4.0 ] },
								"east": { "texture": "#hair", "uv": [ 22.0, 3.0, 24.5, 4.0 ] },
								"south": { "texture": "#hair", "uv": [ 24.5, 3.0, 25.5, 4.0 ] },
								"west": { "texture": "#hair", "uv": [ 25.5, 3.0, 28.0, 4.0 ] },
								"up": { "texture": "#hair", "uv": [ 21.0, 0.5, 22.0, 3.0 ] },
								"down": { "texture": "#hair", "uv": [ 22.0, 0.5, 23.0, 3.0 ] }
							},
							"children": [
								{
									"name": "BrdL2",
									"from": [ 0.0, -3.0, 0.2 ],
									"to": [ 0.0, 0.0, 2.7 ],
									"renderPass": 1,
									"uv": [ 23.5, 26.0 ],
									"rotationOrigin": [ 0.0, 0.0, 0.2 ],
									"faces": {
										"west": { "texture": "#hair", "uv": [ 23.5, 26.0, 26.0, 29.0 ], "windMode": [-1,-1,-1,-1], "windData": [1,1,1,1] }
									}
								},
								{
									"name": "BrdL3",
									"from": [ 0.0, -1.5, 0.2 ],
									"to": [ 0.0, 0.5, 2.7 ],
									"renderPass": 1,
									"uv": [ 23.5, 26.5 ],
									"rotationOrigin": [ 0.0, 0.5, 0.2 ],
									"rotationZ": -10.0,
									"faces": {
										"west": { "texture": "#hair", "uv": [ 23.5, 26.5, 26.0, 28.5 ], "windMode": [-1,-1,-1,-1], "windData": [1,1,1,1] }
									}
								}
							]
						},
						{
							"name": "BrdR1",
							"from": [ -0.2, -1.0, -2.7 ],
							"to": [ 0.8, 0.3, 0.0 ],
							"uv": [ 21.0, 0.5 ],
							"rotationOrigin": [ 0.0, 0.0, 0.0 ],
							"rotationX": 15.0,
							"faces": {
								"north": { "texture": "#hair", "uv": [ 21.0, 3.0, 22.0, 4.0 ] },
								"east": { "texture": "#hair", "uv": [ 22.0, 3.0, 24.5, 4.0 ] },
								"south": { "texture": "#hair", "uv": [ 24.5, 3.0, 25.5, 4.0 ] },
								"west": { "texture": "#hair", "uv": [ 25.5, 3.0, 28.0, 4.0 ] },
								"up": { "texture": "#hair", "uv": [ 21.0, 0.5, 22.0, 3.0 ] },
								"down": { "texture": "#hair", "uv": [ 22.0, 0.5, 23.0, 3.0 ] }
							},
							"children": [
								{
									"name": "BrdR2",
									"from": [ 0.0, -3.0, 0.0 ],
									"to": [ 0.0, 0.0, 2.5 ],
									"renderPass": 1,
									"uv": [ 19.5, 26.0 ],
									"faces": {
										"west": { "texture": "#hair", "uv": [ 19.5, 26.0, 22.0, 29.0 ], "windMode": [-1,-1,-1,-1], "windData": [1,1,1,1] }
									}
								},
								{
									"name": "BrdR3",
									"from": [ 0.0, -2.0, 0.0 ],
									"to": [ 0.0, 0.0, 2.5 ],
									"renderPass": 1,
									"uv": [ 18.5, 26.0 ],
									"rotationOrigin": [ 0.0, 0.0, 0.0 ],
									"rotationZ": -10.0,
									"faces": {
										"west": { "texture": "#hair", "uv": [ 18.5, 26.0, 21.0, 28.0 ], "windMode": [-1,-1,-1,-1], "windData": [1,1,1,1] }
									}
								}
							]
						},
						{
							"name": "Chin",
							"from": [ -0.2, -1.0, -0.5 ],
							"to": [ 0.3, 0.5, 0.5 ],
							"uv": [ 17.0, 1.0 ],
							"rotationOrigin": [ 0.0, 0.5, 0.0 ],
							"rotationZ": -10.0,
							"faces": {
								"north": { "texture": "#hair", "uv": [ 17.0, 2.0, 17.5, 3.5 ] },
								"south": { "texture": "#hair", "uv": [ 17.5, 2.0, 18.0, 3.5 ] },
								"west": { "texture": "#hair", "uv": [ 18.0, 2.0, 19.0, 3.5 ] },
								"up": { "texture": "#hair", "uv": [ 17.0, 1.0, 17.5, 2.0 ], "windMode": [-1,-1,-1,-1], "windData": [1,1,1,1] },
								"down": { "texture": "#hair", "uv": [ 17.5, 1.0, 18.0, 2.0 ] }
							},
							"children": [
								{
									"name": "Brd1",
									"from": [ 0.3, -2.9, -0.5 ],
									"to": [ 0.3, 0.1, 1.5 ],
									"renderPass": 1,
									"uv": [ 21.5, 26.0 ],
									"rotationOrigin": [ 0.3, 0.1, 0.5 ],
									"rotationZ": 10.0,
									"faces": {
										"west": { "texture": "#hair", "uv": [ 21.5, 26.0, 23.5, 29.0 ], "windMode": [-1,-1,-1,-1], "windData": [1,1,1,1] }
									}
								},
								{
									"name": "Brd2",
									"from": [ 0.3, -0.9, -1.0 ],
									"to": [ 0.3, 1.1, 2.0 ],
									"renderPass": 1,
									"uv": [ 21.5, 11.0 ],
									"rotationOrigin": [ 0.3, 1.1, 0.5 ],
									"rotationZ": -15.0,
									"faces": {
										"west": { "texture": "#hair", "uv": [ 21.5, 11.0, 24.5, 13.0 ], "windMode": [-1,-1,-1,-1], "windData": [1,1,1,1] }
									},
									"children": [
										{
											"name": "Brd3",
											"from": [ 0.0, -1.0, 0.0 ],
											"to": [ 0.0, 1.0, 3.0 ],
											"renderPass": 1,
											"uv": [ 2.0, 13.0 ],
											"rotationOrigin": [ 0.0, 1.0, 1.5 ],
											"rotationZ": 20.0,
											"faces": {
												"west": { "texture": "#hair", "uv": [ 2.0, 13.0, 5.0, 15.0 ], "windMode": [-1,-1,-1,-1], "windData": [1,1,1,1] }
											}
										}
									]
								}
							]
						}
					]
				}
			]
		}
	],
	"animations": [
		{
			"name": "Jump",
			"code": "jump",
			"quantityframes": 20,
			"onActivityStopped": "Rewind",
			"onAnimationEnd": "Repeat",
			"keyframes": [

			]
		}
	]
}