{
	"editor": {
		"backDropShape": "entity/humanoid/seraph-hairless",
		"allAngles": true,
		"entityTextureMode": true
	},
	"textureWidth": 48,
	"textureHeight": 48,
	"textureSizes": {
		"hair": [48,48],
		"bands": [16,16]
	},
	"textures": {
		"hair": "entity/humanoid/seraphskinparts/hair/eerieblack"
	},
	"elements": [
		{
			"name": "hidefacialhair",
			"stepParentName": "Head",
			"from": [ 0.0, 0.0, 2.0 ],
			"to": [ 1.0, 1.0, 3.0 ],
			"uv": [ 24.0, 2.0 ],
			"rotationOrigin": [ 0.5, 0.5, 2.5 ],
			"rotationZ": -1.0,
			"faces": {
			},
			"children": [
				{
					"name": "JawL",
					"from": [ -0.2, -1.3, 3.0 ],
					"to": [ 2.8, 0.7, 3.0 ],
					"renderPass": 1,
					"unwrapMode": 3,
					"uv": [ 24.0, 25.5 ],
					"rotationOrigin": [ -0.2, 0.7, 3.0 ],
					"rotationX": -15.0,
					"faces": {
						"south": { "texture": "#hair", "uv": [ 24.0, 25.5, 27.0, 27.5 ] }
					}
				},
				{
					"name": "JawR",
					"from": [ -0.2, -1.3, -2.0 ],
					"to": [ 2.8, 0.7, -2.0 ],
					"renderPass": 1,
					"unwrapMode": 1,
					"uv": [ 17.5, 25.0 ],
					"rotationOrigin": [ -0.1, 0.7, -2.0 ],
					"rotationX": 15.0,
					"faces": {
						"north": { "texture": "#hair", "uv": [ 17.5, 25.0, 20.5, 27.0 ] }
					}
				},
				{
					"name": "donthideme",
					"from": [ 0.0, 0.0, 0.5 ],
					"to": [ 0.0, 0.0, 0.5 ],
					"uv": [ 0.0, 0.0 ],
					"rotationOrigin": [ 0.0, 0.0, 0.5 ],
					"faces": {
					},
					"children": [
						{
							"name": "BrdL1",
							"from": [ -0.2, -1.0, 0.7 ],
							"to": [ 0.8, 0.3, 2.7 ],
							"uv": [ 22.5, 1.0 ],
							"rotationOrigin": [ 0.0, 0.0, 0.7 ],
							"rotationX": -15.0,
							"faces": {
								"north": { "texture": "#hair", "uv": [ 22.5, 3.0, 23.5, 4.0 ] },
								"east": { "texture": "#hair", "uv": [ 23.5, 3.0, 25.5, 4.0 ] },
								"south": { "texture": "#hair", "uv": [ 25.5, 3.0, 26.5, 4.0 ] },
								"west": { "texture": "#hair", "uv": [ 26.5, 3.0, 28.5, 4.0 ] },
								"up": { "texture": "#hair", "uv": [ 22.5, 1.0, 23.5, 3.0 ] },
								"down": { "texture": "#hair", "uv": [ 23.5, 1.0, 24.5, 3.0 ] }
							},
							"children": [
								{
									"name": "BraidL1",
									"from": [ 0.1, -2.0, -0.05 ],
									"to": [ 1.1, 0.0, 0.95 ],
									"renderPass": 1,
									"uv": [ 24.5, 38.5 ],
									"rotationOrigin": [ 0.65, 0.0, 0.5 ],
									"rotationX": 10.0,
									"rotationZ": -20.0,
									"faces": {
										"north": { "texture": "#hair", "uv": [ 24.5, 38.5, 25.5, 40.5 ] },
										"south": { "texture": "#hair", "uv": [ 25.5, 38.5, 26.5, 40.5 ] },
										"west": { "texture": "#hair", "uv": [ 26.5, 38.5, 27.5, 40.5 ] }
									}
								},
								{
									"name": "BraidL2",
									"from": [ 0.1, -2.0, 0.95 ],
									"to": [ 1.1, 0.0, 1.95 ],
									"renderPass": 1,
									"autoUnwrap": false,
									"uv": [ 24.5, 38.5 ],
									"rotationOrigin": [ 0.65, 0.0, 1.5 ],
									"rotationX": -10.0,
									"rotationZ": -15.0,
									"faces": {
										"north": { "texture": "#hair", "uv": [ 24.5, 38.5, 25.5, 40.5 ] },
										"east": { "texture": "#hair", "uv": [ 25.5, 39.0, 26.5, 41.0 ], "windMode": [-1,-1,-1,-1], "windData": [1,1,1,1] },
										"south": { "texture": "#hair", "uv": [ 26.5, 39.0, 27.5, 41.0 ] },
										"west": { "texture": "#hair", "uv": [ 24.5, 38.5, 25.5, 40.5 ] }
									}
								}
							]
						},
						{
							"name": "BrdR1",
							"from": [ -0.2, -1.0, -2.7 ],
							"to": [ 0.8, 0.3, -0.7 ],
							"uv": [ 22.0, 0.0 ],
							"rotationOrigin": [ 0.0, 0.0, -0.7 ],
							"rotationX": 15.0,
							"faces": {
								"north": { "texture": "#hair", "uv": [ 22.0, 2.0, 23.0, 3.0 ] },
								"east": { "texture": "#hair", "uv": [ 23.0, 2.0, 25.0, 3.0 ] },
								"south": { "texture": "#hair", "uv": [ 25.0, 2.0, 26.0, 3.0 ] },
								"west": { "texture": "#hair", "uv": [ 26.0, 2.0, 28.0, 3.0 ] },
								"up": { "texture": "#hair", "uv": [ 22.0, 0.0, 23.0, 2.0 ] },
								"down": { "texture": "#hair", "uv": [ 23.0, 0.0, 24.0, 2.0 ] }
							},
							"children": [
								{
									"name": "BraidR1",
									"from": [ 0.1, -2.0, 0.95 ],
									"to": [ 1.1, 0.0, 1.95 ],
									"renderPass": 1,
									"uv": [ 25.0, 38.0 ],
									"rotationOrigin": [ 0.55, 0.0, 1.4 ],
									"rotationX": -10.0,
									"rotationZ": -20.0,
									"faces": {
										"north": { "texture": "#hair", "uv": [ 25.0, 38.0, 26.0, 40.0 ] },
										"south": { "texture": "#hair", "uv": [ 26.0, 38.0, 27.0, 40.0 ] },
										"west": { "texture": "#hair", "uv": [ 27.0, 38.0, 28.0, 40.0 ] }
									}
								},
								{
									"name": "BraidR2",
									"from": [ 0.1, -2.0, 0.05 ],
									"to": [ 1.1, 0.0, 1.05 ],
									"renderPass": 1,
									"uv": [ 24.5, 38.5 ],
									"rotationOrigin": [ 0.55, 0.0, 0.5 ],
									"rotationX": 10.0,
									"rotationZ": -15.0,
									"faces": {
										"north": { "texture": "#hair", "uv": [ 24.5, 38.5, 25.5, 40.5 ] },
										"east": { "texture": "#hair", "uv": [ 25.5, 38.5, 26.5, 40.5 ], "windMode": [-1,-1,-1,-1], "windData": [1,1,1,1] },
										"south": { "texture": "#hair", "uv": [ 26.5, 38.5, 27.5, 40.5 ] },
										"west": { "texture": "#hair", "uv": [ 27.5, 38.5, 28.5, 40.5 ] }
									}
								}
							]
						}
					]
				}
			]
		}
	],
	"animations": [
		{
			"name": "Jump",
			"code": "jump",
			"quantityframes": 20,
			"onActivityStopped": "Rewind",
			"onAnimationEnd": "Repeat",
			"keyframes": [

			]
		}
	]
}