{
	"editor": {
		"backDropShape": "entity/humanoid/villager-male",
		"allAngles": true,
		"entityTextureMode": true
	},
	"textureWidth": 48,
	"textureHeight": 48,
	"textureSizes": {
		"hair": [48,48],
		"bands": [16,16]
	},
	"textures": {
		"hair": "entity/humanoid/seraphskinparts/hair/eerieblack"
	},
	"elements": [
		{
			"name": "hidefacialhair",
			"stepParentName": "Head",
			"from": [ 0.0, 0.0, 2.0 ],
			"to": [ 1.0, 1.0, 3.0 ],
			"uv": [ 24.0, 2.0 ],
			"rotationOrigin": [ 0.5, 0.5, 2.5 ],
			"rotationZ": -1.0,
			"faces": {
			},
			"children": [
				{
					"name": "JawL",
					"from": [ -0.2, -1.3, 2.0 ],
					"to": [ 2.8, 1.2, 3.0 ],
					"renderPass": 1,
					"unwrapMode": 3,
					"autoUnwrap": false,
					"uv": [ 23.5, 26.5 ],
					"rotationOrigin": [ -0.2, 0.7, 3.0 ],
					"rotationX": -15.0,
					"rotationZ": -1.0,
					"faces": {
						"south": { "texture": "#hair", "uv": [ 24.5, 26.0, 27.5, 28.5 ] },
						"west": { "texture": "#hair", "uv": [ 23.5, 26.5, 24.5, 29.0 ], "windMode": [-1,-1,-1,-1], "windData": [1,1,1,1] }
					},
					"children": [
						{
							"name": "StacheL3",
							"from": [ -0.007, 1.9714, -0.6606 ],
							"to": [ -0.007, 2.9714, 1.3394 ],
							"renderPass": 1,
							"uv": [ 8.5, 0.5 ],
							"rotationOrigin": [ -0.017, 2.9714, -0.6606 ],
							"rotationX": 39.9957,
							"rotationY": 0.6428,
							"rotationZ": 0.7661,
							"faces": {
								"west": { "texture": "#hair", "uv": [ 8.5, 0.5, 10.5, 1.5 ], "windMode": [-1,-1,-1,-1], "windData": [1,1,1,1] }
							}
						}
					]
				},
				{
					"name": "JawR",
					"from": [ -0.2, -1.3, -2.0 ],
					"to": [ 2.8, 1.2, -1.0 ],
					"renderPass": 1,
					"unwrapMode": 1,
					"autoUnwrap": false,
					"uv": [ 17.5, 25.0 ],
					"rotationOrigin": [ -0.1, 0.7, -2.0 ],
					"rotationX": 15.0,
					"rotationZ": -1.0,
					"faces": {
						"north": { "texture": "#hair", "uv": [ 17.5, 25.5, 20.5, 28.0 ] },
						"west": { "texture": "#hair", "uv": [ 21.0, 26.5, 22.0, 29.0 ], "windMode": [-1,-1,-1,-1], "windData": [1,1,1,1] }
					},
					"children": [
						{
							"name": "StacheR3",
							"from": [ 0.0062, 1.9884, -0.2548 ],
							"to": [ 0.0062, 2.9884, 1.7452 ],
							"renderPass": 1,
							"uv": [ 19.0, 12.0 ],
							"rotationOrigin": [ -0.0138, 2.7884, 1.7452 ],
							"rotationX": -39.9957,
							"rotationY": -0.6428,
							"rotationZ": 0.7661,
							"faces": {
								"west": { "texture": "#hair", "uv": [ 19.0, 12.0, 21.0, 13.0 ], "windMode": [-1,-1,-1,-1], "windData": [1,1,1,1] }
							}
						}
					]
				}
			]
		}
	],
	"animations": [
	]
}