{
	"editor": {
		"backDropShape": "entity/humanoid/seraph-hairless",
		"allAngles": true,
		"entityTextureMode": true
	},
	"textureWidth": 48,
	"textureHeight": 48,
	"textureSizes": {
		"hair": [48,48]
	},
	"textures": {
		"hair": "entity/humanoid/seraphskinparts/hair/lightgray"
	},
	"elements": [
		{
			"name": "hidefacialhair",
			"stepParentName": "Head",
			"from": [ -0.15, 1.0, 2.2 ],
			"to": [ 0.05, 1.45, 2.8 ],
			"unwrapMode": 2,
			"uv": [ 21.5, 1.0 ],
			"rotationOrigin": [ 0.0, 0.9, 2.2 ],
			"faces": {
				"north": { "texture": "#hair", "uv": [ 22.5, 1.5, 23.0, 2.0 ] },
				"east": { "texture": "#hair", "uv": [ 22.0, 1.5, 22.5, 2.0 ] },
				"south": { "texture": "#hair", "uv": [ 21.5, 1.5, 22.0, 2.0 ] },
				"west": { "texture": "#hair", "uv": [ 23.0, 1.5, 23.5, 2.0 ] },
				"up": { "texture": "#hair", "uv": [ 22.0, 1.0, 22.5, 1.5 ], "rotation": 270 },
				"down": { "texture": "#hair", "uv": [ 22.0, 2.0, 22.5, 2.5 ], "rotation": 270 }
			},
			"children": [
				{
					"name": "FaceL",
					"from": [ 0.0, 0.05, 0.58 ],
					"to": [ 0.2, 0.45, 1.18 ],
					"unwrapMode": 2,
					"uv": [ 12.5, 2.0 ],
					"rotationOrigin": [ 0.0, 0.0, 0.0 ],
					"rotationX": 4.0,
					"faces": {
						"north": { "texture": "#hair", "uv": [ 13.5, 2.5, 14.0, 3.0 ] },
						"east": { "texture": "#hair", "uv": [ 13.0, 2.5, 13.5, 3.0 ] },
						"south": { "texture": "#hair", "uv": [ 12.5, 2.5, 13.0, 3.0 ] },
						"west": { "texture": "#hair", "uv": [ 14.0, 2.5, 14.5, 3.0 ] },
						"up": { "texture": "#hair", "uv": [ 13.0, 2.0, 13.5, 2.5 ], "rotation": 270 },
						"down": { "texture": "#hair", "uv": [ 13.0, 3.0, 13.5, 3.5 ], "rotation": 270 }
					},
					"children": [
						{
							"name": "FaceL2",
							"from": [ 0.0, 0.07, 0.57 ],
							"to": [ 0.2, 0.37, 0.87 ],
							"unwrapMode": 2,
							"uv": [ 19.5, 4.0 ],
							"rotationOrigin": [ 0.0, -0.05, -0.58 ],
							"rotationX": 3.0,
							"faces": {
								"north": { "texture": "#hair", "uv": [ 20.5, 4.5, 21.0, 5.0 ] },
								"east": { "texture": "#hair", "uv": [ 20.0, 4.5, 20.5, 5.0 ] },
								"south": { "texture": "#hair", "uv": [ 19.5, 4.5, 20.0, 5.0 ] },
								"west": { "texture": "#hair", "uv": [ 21.0, 4.5, 21.5, 5.0 ] },
								"up": { "texture": "#hair", "uv": [ 20.0, 4.0, 20.5, 4.5 ], "rotation": 270 },
								"down": { "texture": "#hair", "uv": [ 20.0, 5.0, 20.5, 5.5 ], "rotation": 270 }
							}
						}
					]
				},
				{
					"name": "FaceR",
					"from": [ 0.0, 0.0, -0.58 ],
					"to": [ 0.2, 0.4, 0.02 ],
					"unwrapMode": 2,
					"uv": [ 12.5, 2.0 ],
					"rotationOrigin": [ 0.0, 0.0, 0.0 ],
					"rotationX": -4.0,
					"faces": {
						"north": { "texture": "#hair", "uv": [ 13.5, 2.5, 14.0, 3.0 ] },
						"east": { "texture": "#hair", "uv": [ 13.0, 2.5, 13.5, 3.0 ] },
						"south": { "texture": "#hair", "uv": [ 12.5, 2.5, 13.0, 3.0 ] },
						"west": { "texture": "#hair", "uv": [ 14.0, 2.5, 14.5, 3.0 ] },
						"up": { "texture": "#hair", "uv": [ 13.0, 2.0, 13.5, 2.5 ], "rotation": 270 },
						"down": { "texture": "#hair", "uv": [ 13.0, 3.0, 13.5, 3.5 ], "rotation": 270 }
					},
					"children": [
						{
							"name": "FaceR2",
							"from": [ 0.0, 0.0, -0.3 ],
							"to": [ 0.2, 0.3, 0.0 ],
							"unwrapMode": 2,
							"uv": [ 19.5, 4.0 ],
							"rotationOrigin": [ 0.0, 0.0, 0.0 ],
							"rotationX": -3.0,
							"faces": {
								"north": { "texture": "#hair", "uv": [ 20.5, 4.5, 21.0, 5.0 ] },
								"east": { "texture": "#hair", "uv": [ 20.0, 4.5, 20.5, 5.0 ] },
								"south": { "texture": "#hair", "uv": [ 19.5, 4.5, 20.0, 5.0 ] },
								"west": { "texture": "#hair", "uv": [ 21.0, 4.5, 21.5, 5.0 ] },
								"up": { "texture": "#hair", "uv": [ 20.0, 4.0, 20.5, 4.5 ], "rotation": 270 },
								"down": { "texture": "#hair", "uv": [ 20.0, 5.0, 20.5, 5.5 ], "rotation": 270 }
							}
						}
					]
				}
			]
		}
	]}