{
	"editor": {
		"backDropShape": "entity/humanoid/seraph-hairless",
		"allAngles": true,
		"entityTextureMode": true
	},
	"textureWidth": 48,
	"textureHeight": 48,
	"textureSizes": {
		"hair": [48,48],
		"bands": [16,16]
	},
	"textures": {
		"hair": "entity/humanoid/seraphskinparts/hair/eerieblack"
	},
	"elements": [
		{
			"name": "hidefacialhair",
			"stepParentName": "Head",
			"from": [ 0.0, 0.0, 2.0 ],
			"to": [ 1.0, 1.0, 3.0 ],
			"uv": [ 24.0, 2.0 ],
			"rotationOrigin": [ 0.5, 0.5, 2.5 ],
			"rotationZ": -1.0,
			"faces": {
			},
			"children": [
				{
					"name": "donthideme",
					"from": [ 0.0, 0.0, 0.5 ],
					"to": [ 0.0, 0.0, 0.5 ],
					"uv": [ 0.0, 0.0 ],
					"rotationOrigin": [ 0.0, 0.0, 0.5 ],
					"faces": {
					},
					"children": [
						{
							"name": "StacheL1",
							"from": [ -0.2, -1.1, 0.8 ],
							"to": [ 0.3, 1.4, 1.3 ],
							"renderPass": 1,
							"uv": [ 34.0, 33.0 ],
							"rotationOrigin": [ 0.1, 1.4, 1.0 ],
							"rotationX": -5.0,
							"rotationZ": -5.0,
							"faces": {
								"north": { "texture": "#hair", "uv": [ 34.0, 33.5, 34.5, 36.0 ] },
								"south": { "texture": "#hair", "uv": [ 34.5, 33.5, 35.0, 36.0 ] },
								"west": { "texture": "#hair", "uv": [ 35.0, 33.5, 35.5, 36.0 ] },
								"up": { "texture": "#hair", "uv": [ 34.0, 33.0, 34.5, 33.5 ] },
								"down": { "texture": "#hair", "uv": [ 34.5, 33.0, 35.0, 33.5 ] }
							},
							"children": [
								{
									"name": "StacheL2",
									"from": [ 0.05, -1.9, 0.0 ],
									"to": [ 0.55, 0.1, 0.5 ],
									"renderPass": 1,
									"uv": [ 20.5, 11.0 ],
									"rotationOrigin": [ 0.1, 0.1, 0.25 ],
									"rotationX": 5.0,
									"rotationZ": -5.0,
									"faces": {
										"north": { "texture": "#hair", "uv": [ 20.5, 11.0, 21.0, 13.0 ] },
										"south": { "texture": "#hair", "uv": [ 21.0, 11.0, 21.5, 13.0 ] },
										"west": { "texture": "#hair", "uv": [ 21.5, 11.0, 22.0, 13.0 ] }
									}
								}
							]
						},
						{
							"name": "StachMid",
							"from": [ -0.2, 1.0, -1.25 ],
							"to": [ 0.3, 1.5, 1.25 ],
							"uv": [ 34.0, 31.0 ],
							"rotationOrigin": [ -0.2, 1.5, 0.0 ],
							"rotationZ": -10.0,
							"faces": {
								"north": { "texture": "#hair", "uv": [ 34.0, 33.5, 34.5, 34.0 ] },
								"south": { "texture": "#hair", "uv": [ 34.5, 33.5, 35.0, 34.0 ] },
								"west": { "texture": "#hair", "uv": [ 35.0, 33.5, 37.5, 34.0 ] },
								"up": { "texture": "#hair", "uv": [ 34.0, 31.0, 34.5, 33.5 ] },
								"down": { "texture": "#hair", "uv": [ 34.5, 31.0, 35.0, 33.5 ] }
							}
						},
						{
							"name": "StacheR1",
							"from": [ -0.2, -1.1, -1.3 ],
							"to": [ 0.3, 1.4, -0.8 ],
							"renderPass": 1,
							"uv": [ 34.0, 33.0 ],
							"rotationOrigin": [ 0.1, 1.4, -1.0 ],
							"rotationX": 5.0,
							"rotationZ": -5.0,
							"faces": {
								"north": { "texture": "#hair", "uv": [ 34.0, 33.5, 34.5, 36.0 ] },
								"south": { "texture": "#hair", "uv": [ 34.5, 33.5, 35.0, 36.0 ] },
								"west": { "texture": "#hair", "uv": [ 35.0, 33.5, 35.5, 36.0 ] },
								"up": { "texture": "#hair", "uv": [ 34.0, 33.0, 34.5, 33.5 ] },
								"down": { "texture": "#hair", "uv": [ 34.5, 33.0, 35.0, 33.5 ] }
							},
							"children": [
								{
									"name": "StacheR2",
									"from": [ 0.05, -1.9, 0.0 ],
									"to": [ 0.55, 0.1, 0.5 ],
									"renderPass": 1,
									"uv": [ 20.5, 11.0 ],
									"rotationOrigin": [ 0.1, 0.1, 0.25 ],
									"rotationX": -5.0,
									"rotationZ": -5.0,
									"faces": {
										"north": { "texture": "#hair", "uv": [ 20.5, 11.0, 21.0, 13.0 ] },
										"south": { "texture": "#hair", "uv": [ 21.0, 11.0, 21.5, 13.0 ] },
										"west": { "texture": "#hair", "uv": [ 21.5, 11.0, 22.0, 13.0 ] }
									}
								}
							]
						}
					]
				}
			]
		}
	],
	"animations": [
		{
			"name": "Jump",
			"code": "jump",
			"quantityframes": 20,
			"onActivityStopped": "Rewind",
			"onAnimationEnd": "Repeat",
			"keyframes": [

			]
		}
	]
}