{
	"editor": {
		"backDropShape": "entity/land/smallstall-classic",
		"collapsedPaths": "Root/ORIGIN/CanopyTop/CanopyTopRidge,Root/ORIGIN/CanopyTop17,Root/ORIGIN/RightBeam1,Root/ORIGIN/CanopyTop/CanopyTopRidge5,Root/ORIGIN/TopBeam,Root/ORIGIN/CanopyTop/CanopyTop5,Root/ORIGIN/CanopyTop41,Root/ORIGIN/CanopyTop/CanopyTop9,Root/ORIGIN/CanopyTop/CanopyTopRidge10,Root/ORIGIN/LeftBeam13",
		"allAngles": false,
		"entityTextureMode": false
	},
	"textureWidth": 16,
	"textureHeight": 16,
	"textureSizes": {
		"oak-h": [16,16],
		"iron": [16,16],
		"clothbase": [32,32],
		"signoverlay": [16,16],
		"mordant": [16,16]
	},
	"textures": {
	},
	"elements": [
		{
			"name": "ORIGIN",
			"from": [ 7.0, 1.5, 0.0 ],
			"to": [ 8.0, 2.5, 1.0 ],
			"rotationOrigin": [ 8.0, 0.2, 0.0 ],
			"faces": {
			},
			"children": [
				{
					"name": "LeftBeam",
					"from": [ -6.75, 2.0, 1.95 ],
					"to": [ -5.05, 14.0, 3.95 ],
					"rotationOrigin": [ -6.8, 2.0, 1.9 ],
					"rotationX": -3.0,
					"faces": {
						"north": { "texture": "#oak-h", "uv": [ 3.5, 0.0, 15.5, 1.5 ], "rotation": 90 },
						"east": { "texture": "#oak-h", "uv": [ 3.0, 0.0, 15.0, 2.0 ], "rotation": 90 },
						"south": { "texture": "#oak-h", "uv": [ 3.5, 0.0, 15.5, 1.5 ], "rotation": 90 },
						"west": { "texture": "#oak-h", "uv": [ 4.0, 0.0, 16.0, 2.0 ], "rotation": 90 },
						"up": { "texture": "#oak-h", "uv": [ 0.0, 0.0, 2.0, 1.5 ], "rotation": 90 },
						"down": { "texture": "#oak-h", "uv": [ 0.0, 0.0, 2.0, 1.5 ], "rotation": 90 }
					},
					"children": [
						{
							"name": "LeftBeam2",
							"from": [ 0.0, 12.0, 0.0 ],
							"to": [ 1.7, 22.0, 2.0 ],
							"rotationOrigin": [ -0.05, 0.0, -0.05 ],
							"faces": {
								"north": { "texture": "#oak-h", "uv": [ 3.5, 0.0, 13.5, 1.5 ], "rotation": 90 },
								"east": { "texture": "#oak-h", "uv": [ 3.0, 0.0, 13.0, 2.0 ], "rotation": 90 },
								"south": { "texture": "#oak-h", "uv": [ 3.5, 0.0, 13.5, 1.5 ], "rotation": 90 },
								"west": { "texture": "#oak-h", "uv": [ 4.0, 0.0, 14.0, 2.0 ], "rotation": 90 },
								"up": { "texture": "#oak-h", "uv": [ 0.0, 0.0, 2.0, 1.5 ], "rotation": 90 },
								"down": { "texture": "#oak-h", "uv": [ 0.0, 0.0, 2.0, 1.5 ], "rotation": 90 }
							},
							"children": [
								{
									"name": "LeftBeam3",
									"from": [ 0.0, 10.0, 0.0 ],
									"to": [ 1.7, 16.0, 2.0 ],
									"rotationOrigin": [ -0.05, 10.0, -0.05 ],
									"faces": {
										"north": { "texture": "#oak-h", "uv": [ 3.5, 0.0, 9.5, 1.5 ], "rotation": 90 },
										"east": { "texture": "#oak-h", "uv": [ 3.0, 0.0, 9.0, 2.0 ], "rotation": 90 },
										"south": { "texture": "#oak-h", "uv": [ 3.5, 0.0, 9.5, 1.5 ], "rotation": 90 },
										"west": { "texture": "#oak-h", "uv": [ 4.0, 0.0, 10.0, 2.0 ], "rotation": 90 },
										"up": { "texture": "#oak-h", "uv": [ 0.0, 0.0, 2.0, 1.5 ], "rotation": 90 },
										"down": { "texture": "#oak-h", "uv": [ 0.0, 0.0, 2.0, 1.5 ], "rotation": 90 }
									}
								}
							]
						},
						{
							"name": "Connector3",
							"from": [ -0.3, 4.2, -0.4 ],
							"to": [ 2.0, 4.7, 2.6 ],
							"rotationOrigin": [ -0.3, 4.2, -0.4 ],
							"rotationX": 36.0,
							"faces": {
								"north": { "texture": "#mordant", "uv": [ 0.0, 0.0, 2.0, 0.5 ] },
								"east": { "texture": "#mordant", "uv": [ 0.0, 0.0, 3.0, 0.5 ] },
								"south": { "texture": "#mordant", "uv": [ 0.0, 0.0, 2.0, 0.5 ] },
								"west": { "texture": "#mordant", "uv": [ 0.0, 0.0, 3.0, 0.5 ] },
								"up": { "texture": "#mordant", "uv": [ 0.0, 0.0, 2.0, 3.0 ] },
								"down": { "texture": "#mordant", "uv": [ 0.0, 0.0, 2.0, 3.0 ] }
							}
						},
						{
							"name": "LeftBeam4",
							"from": [ -0.005, 26.9787, 0.1135 ],
							"to": [ 1.695, 36.9787, 1.3135 ],
							"rotationOrigin": [ -0.05, 26.9787, 1.0635 ],
							"rotationX": -87.0,
							"faces": {
								"north": { "texture": "#oak-h", "uv": [ 3.5, 0.0, 13.5, 1.5 ], "rotation": 90 },
								"east": { "texture": "#oak-h", "uv": [ 3.0, 0.0, 13.0, 1.0 ], "rotation": 90 },
								"south": { "texture": "#oak-h", "uv": [ 3.5, 0.0, 13.5, 1.5 ], "rotation": 90 },
								"west": { "texture": "#oak-h", "uv": [ 4.0, 0.0, 14.0, 1.0 ], "rotation": 90 },
								"up": { "texture": "#oak-h", "uv": [ 0.0, 0.0, 1.0, 1.5 ], "rotation": 90 },
								"down": { "texture": "#oak-h", "uv": [ 0.0, 0.0, 1.0, 1.5 ], "rotation": 90 }
							},
							"children": [
								{
									"name": "LeftBeam5",
									"from": [ 0.0, 10.0, 0.0 ],
									"to": [ 1.7, 22.0, 1.2 ],
									"rotationOrigin": [ -0.05, 10.0, -0.05 ],
									"faces": {
										"north": { "texture": "#oak-h", "uv": [ 3.5, 0.0, 15.5, 1.5 ], "rotation": 90 },
										"east": { "texture": "#oak-h", "uv": [ 3.0, 0.0, 15.0, 1.0 ], "rotation": 90 },
										"south": { "texture": "#oak-h", "uv": [ 3.5, 0.0, 15.5, 1.5 ], "rotation": 90 },
										"west": { "texture": "#oak-h", "uv": [ 4.0, 0.0, 16.0, 1.0 ], "rotation": 90 },
										"up": { "texture": "#oak-h", "uv": [ 0.0, 0.0, 1.0, 1.5 ], "rotation": 90 },
										"down": { "texture": "#oak-h", "uv": [ 0.0, 0.0, 1.0, 1.5 ], "rotation": 90 }
									},
									"children": [
										{
											"name": "Connector1",
											"from": [ 0.6, 8.0, -2.0 ],
											"to": [ 1.1, 8.5, 0.0 ],
											"rotationOrigin": [ 0.6, 8.0, -2.0 ],
											"faces": {
												"north": { "texture": "#iron", "uv": [ 0.0, 0.0, 0.5, 0.5 ] },
												"east": { "texture": "#iron", "uv": [ 0.0, 0.0, 2.0, 0.5 ] },
												"south": { "texture": "#iron", "uv": [ 0.0, 0.0, 0.5, 0.5 ] },
												"west": { "texture": "#iron", "uv": [ 0.0, 0.0, 2.0, 0.5 ] },
												"up": { "texture": "#iron", "uv": [ 0.0, 0.0, 0.5, 2.0 ] },
												"down": { "texture": "#iron", "uv": [ 0.0, 0.0, 0.5, 2.0 ] }
											},
											"children": [
												{
													"name": "Connector2",
													"from": [ 0.0, -5.0, 0.0 ],
													"to": [ 0.5, -4.5, 2.0 ],
													"rotationOrigin": [ 0.0, -5.0, 0.0 ],
													"faces": {
														"north": { "texture": "#iron", "uv": [ 0.0, 0.0, 0.5, 0.5 ] },
														"east": { "texture": "#iron", "uv": [ 0.0, 0.0, 2.0, 0.5 ] },
														"south": { "texture": "#iron", "uv": [ 0.0, 0.0, 0.5, 0.5 ] },
														"west": { "texture": "#iron", "uv": [ 0.0, 0.0, 2.0, 0.5 ] },
														"up": { "texture": "#iron", "uv": [ 0.0, 0.0, 0.5, 2.0 ] },
														"down": { "texture": "#iron", "uv": [ 0.0, 0.0, 0.5, 2.0 ] }
													}
												}
											]
										}
									]
								},
								{
									"name": "LeftBeam6",
									"from": [ -0.01, 9.7, 0.0 ],
									"to": [ 1.69, 20.7, 1.3 ],
									"rotationOrigin": [ -0.15, 8.7, 0.95 ],
									"rotationX": -135.0,
									"faces": {
										"north": { "texture": "#oak-h", "uv": [ 3.5, 0.0, 14.5, 1.5 ], "rotation": 90 },
										"east": { "texture": "#oak-h", "uv": [ 3.0, 0.0, 14.0, 1.0 ], "rotation": 90 },
										"south": { "texture": "#oak-h", "uv": [ 3.5, 0.0, 14.5, 1.5 ], "rotation": 90 },
										"west": { "texture": "#oak-h", "uv": [ 4.0, 0.0, 15.0, 1.0 ], "rotation": 90 },
										"up": { "texture": "#oak-h", "uv": [ 0.0, 0.0, 1.0, 1.5 ], "rotation": 90 },
										"down": { "texture": "#oak-h", "uv": [ 0.0, 0.0, 1.0, 1.5 ], "rotation": 90 }
									}
								},
								{
									"name": "Border",
									"from": [ 0.455, 11.3, -11.05 ],
									"to": [ 1.455, 19.3, -10.05 ],
									"rotationOrigin": [ 0.455, 11.3, -11.05 ],
									"rotationX": 90.0,
									"faces": {
										"north": { "texture": "#oak-h", "uv": [ 3.5, 0.0, 11.5, 1.0 ], "rotation": 90 },
										"east": { "texture": "#oak-h", "uv": [ 3.0, 0.0, 11.0, 1.0 ], "rotation": 90 },
										"south": { "texture": "#oak-h", "uv": [ 3.5, 0.0, 11.5, 1.0 ], "rotation": 90 },
										"west": { "texture": "#oak-h", "uv": [ 4.0, 0.0, 12.0, 1.0 ], "rotation": 90 },
										"up": { "texture": "#oak-h", "uv": [ 0.0, 0.0, 1.0, 1.0 ], "rotation": 90 },
										"down": { "texture": "#oak-h", "uv": [ 0.0, 0.0, 1.0, 1.0 ], "rotation": 90 }
									},
									"children": [
										{
											"name": "Border2",
											"from": [ 0.001, 8.0, 0.0 ],
											"to": [ 1.001, 10.0, 1.0 ],
											"rotationOrigin": [ 0.0, 8.0, 1.0 ],
											"rotationX": -45.0,
											"faces": {
												"north": { "texture": "#oak-h", "uv": [ 3.5, 0.0, 5.5, 1.0 ], "rotation": 90 },
												"east": { "texture": "#oak-h", "uv": [ 3.0, 0.0, 5.0, 1.0 ], "rotation": 90 },
												"south": { "texture": "#oak-h", "uv": [ 3.5, 0.0, 5.5, 1.0 ], "rotation": 90 },
												"west": { "texture": "#oak-h", "uv": [ 4.0, 0.0, 6.0, 1.0 ], "rotation": 90 },
												"up": { "texture": "#oak-h", "uv": [ 0.0, 0.0, 1.0, 1.0 ], "rotation": 90 },
												"down": { "texture": "#oak-h", "uv": [ 0.0, 0.0, 1.0, 1.0 ], "rotation": 90 }
											},
											"children": [
												{
													"name": "Border3",
													"from": [ 0.001, 2.0, 0.0 ],
													"to": [ 1.001, 10.0, 1.0 ],
													"rotationOrigin": [ 0.0, 2.0, 1.0 ],
													"rotationX": -45.0,
													"faces": {
														"north": { "texture": "#oak-h", "uv": [ 3.5, 0.0, 11.5, 1.0 ], "rotation": 90 },
														"east": { "texture": "#oak-h", "uv": [ 3.0, 0.0, 11.0, 1.0 ], "rotation": 90 },
														"south": { "texture": "#oak-h", "uv": [ 3.5, 0.0, 11.5, 1.0 ], "rotation": 90 },
														"west": { "texture": "#oak-h", "uv": [ 4.0, 0.0, 12.0, 1.0 ], "rotation": 90 },
														"up": { "texture": "#oak-h", "uv": [ 0.0, 0.0, 1.0, 1.0 ], "rotation": 90 },
														"down": { "texture": "#oak-h", "uv": [ 0.0, 0.0, 1.0, 1.0 ], "rotation": 90 }
													},
													"children": [
														{
															"name": "Border4",
															"from": [ 0.001, 8.0, 0.0 ],
															"to": [ 1.001, 10.0, 1.0 ],
															"rotationOrigin": [ 0.0, 8.0, 1.0 ],
															"rotationX": -45.0,
															"faces": {
																"north": { "texture": "#oak-h", "uv": [ 3.5, 0.0, 5.5, 1.0 ], "rotation": 90 },
																"east": { "texture": "#oak-h", "uv": [ 3.0, 0.0, 5.0, 1.0 ], "rotation": 90 },
																"south": { "texture": "#oak-h", "uv": [ 3.5, 0.0, 5.5, 1.0 ], "rotation": 90 },
																"west": { "texture": "#oak-h", "uv": [ 4.0, 0.0, 6.0, 1.0 ], "rotation": 90 },
																"up": { "texture": "#oak-h", "uv": [ 0.0, 0.0, 1.0, 1.0 ], "rotation": 90 },
																"down": { "texture": "#oak-h", "uv": [ 0.0, 0.0, 1.0, 1.0 ], "rotation": 90 }
															},
															"children": [
																{
																	"name": "Border5",
																	"from": [ 0.001, 2.0, 0.0 ],
																	"to": [ 1.001, 10.0, 1.0 ],
																	"rotationOrigin": [ 0.0, 2.0, 1.0 ],
																	"rotationX": -45.0,
																	"faces": {
																		"north": { "texture": "#oak-h", "uv": [ 3.5, 0.0, 11.5, 1.0 ], "rotation": 90 },
																		"east": { "texture": "#oak-h", "uv": [ 3.0, 0.0, 11.0, 1.0 ], "rotation": 90 },
																		"south": { "texture": "#oak-h", "uv": [ 3.5, 0.0, 11.5, 1.0 ], "rotation": 90 },
																		"west": { "texture": "#oak-h", "uv": [ 4.0, 0.0, 12.0, 1.0 ], "rotation": 90 },
																		"up": { "texture": "#oak-h", "uv": [ 0.0, 0.0, 1.0, 1.0 ], "rotation": 90 },
																		"down": { "texture": "#oak-h", "uv": [ 0.0, 0.0, 1.0, 1.0 ], "rotation": 90 }
																	},
																	"children": [
																		{
																			"name": "Border6",
																			"from": [ 0.001, 8.0, 0.0 ],
																			"to": [ 1.001, 10.0, 1.0 ],
																			"rotationOrigin": [ 0.0, 8.0, 1.0 ],
																			"rotationX": -45.0,
																			"faces": {
																				"north": { "texture": "#oak-h", "uv": [ 3.5, 0.0, 5.5, 1.0 ], "rotation": 90 },
																				"east": { "texture": "#oak-h", "uv": [ 3.0, 0.0, 5.0, 1.0 ], "rotation": 90 },
																				"south": { "texture": "#oak-h", "uv": [ 3.5, 0.0, 5.5, 1.0 ], "rotation": 90 },
																				"west": { "texture": "#oak-h", "uv": [ 4.0, 0.0, 6.0, 1.0 ], "rotation": 90 },
																				"up": { "texture": "#oak-h", "uv": [ 0.0, 0.0, 1.0, 1.0 ], "rotation": 90 },
																				"down": { "texture": "#oak-h", "uv": [ 0.0, 0.0, 1.0, 1.0 ], "rotation": 90 }
																			},
																			"children": [
																				{
																					"name": "Border7",
																					"from": [ 0.001, 2.0, 0.0 ],
																					"to": [ 1.001, 10.0, 1.0 ],
																					"rotationOrigin": [ 0.0, 2.0, 1.0 ],
																					"rotationX": -45.0,
																					"faces": {
																						"north": { "texture": "#oak-h", "uv": [ 3.5, 0.0, 11.5, 1.0 ], "rotation": 90 },
																						"east": { "texture": "#oak-h", "uv": [ 3.0, 0.0, 11.0, 1.0 ], "rotation": 90 },
																						"south": { "texture": "#oak-h", "uv": [ 3.5, 0.0, 11.5, 1.0 ], "rotation": 90 },
																						"west": { "texture": "#oak-h", "uv": [ 4.0, 0.0, 12.0, 1.0 ], "rotation": 90 },
																						"up": { "texture": "#oak-h", "uv": [ 0.0, 0.0, 1.0, 1.0 ], "rotation": 90 },
																						"down": { "texture": "#oak-h", "uv": [ 0.0, 0.0, 1.0, 1.0 ], "rotation": 90 }
																					},
																					"children": [
																						{
																							"name": "Border8",
																							"from": [ 0.001, 8.0, 0.0 ],
																							"to": [ 1.001, 10.0, 1.0 ],
																							"rotationOrigin": [ 0.0, 8.0, 1.0 ],
																							"rotationX": -45.0,
																							"faces": {
																								"north": { "texture": "#oak-h", "uv": [ 3.5, 0.0, 5.5, 1.0 ], "rotation": 90 },
																								"east": { "texture": "#oak-h", "uv": [ 3.0, 0.0, 5.0, 1.0 ], "rotation": 90 },
																								"south": { "texture": "#oak-h", "uv": [ 3.5, 0.0, 5.5, 1.0 ], "rotation": 90 },
																								"west": { "texture": "#oak-h", "uv": [ 4.0, 0.0, 6.0, 1.0 ], "rotation": 90 },
																								"up": { "texture": "#oak-h", "uv": [ 0.0, 0.0, 1.0, 1.0 ], "rotation": 90 },
																								"down": { "texture": "#oak-h", "uv": [ 0.0, 0.0, 1.0, 1.0 ], "rotation": 90 }
																							}
																						}
																					]
																				}
																			]
																		}
																	]
																}
															]
														}
													]
												}
											]
										},
										{
											"name": "SignBackGround",
											"from": [ 0.4, -0.6, -9.0 ],
											"to": [ 0.6, 8.6, 0.2 ],
											"rotationOrigin": [ 0.4, -0.6, -9.0 ],
											"faces": {
												"north": { "texture": "#clothbase", "uv": [ 0.0, 0.0, 0.5, 9.0 ] },
												"east": { "texture": "#clothbase", "uv": [ 0.0, 0.0, 16.0, 16.0 ], "autoUv": false, "windMode": [-1,-1,-1,-1], "windData": [1,1,1,1] },
												"south": { "texture": "#clothbase", "uv": [ 0.0, 0.0, 0.5, 9.0 ] },
												"west": { "texture": "#clothbase", "uv": [ 0.0, 0.0, 16.0, 16.0 ], "autoUv": false, "windMode": [-1,-1,-1,-1], "windData": [1,1,1,1] },
												"up": { "texture": "#clothbase", "uv": [ 0.0, 0.0, 0.5, 9.0 ] },
												"down": { "texture": "#clothbase", "uv": [ 0.0, 0.0, 0.5, 9.0 ] }
											}
										},
										{
											"name": "SignOverlay",
											"from": [ 0.39, 0.0, -8.4 ],
											"to": [ 0.61, 8.1, -0.3 ],
											"rotationOrigin": [ 0.4, 0.0, -8.4 ],
											"faces": {
												"east": { "texture": "#signoverlay", "uv": [ 0.0, 0.0, 16.0, 16.0 ], "autoUv": false, "windMode": [-1,-1,-1,-1], "windData": [1,1,1,1] },
												"west": { "texture": "#signoverlay", "uv": [ 0.0, 0.0, 16.0, 16.0 ], "autoUv": false, "windMode": [-1,-1,-1,-1], "windData": [1,1,1,1] }
											}
										}
									]
								}
							]
						},
						{
							"name": "LeftBeam7",
							"from": [ 0.0, -4.0, -0.01 ],
							"to": [ 0.9, 0.0, 1.99 ],
							"rotationOrigin": [ 0.0, 0.0, 0.0 ],
							"rotationZ": 5.0,
							"faces": {
								"north": { "texture": "#oak-h", "uv": [ 3.5, 0.0, 7.5, 0.5 ], "rotation": 90 },
								"east": { "texture": "#oak-h", "uv": [ 3.0, 0.0, 7.0, 2.0 ], "rotation": 90 },
								"south": { "texture": "#oak-h", "uv": [ 3.5, 0.0, 7.5, 0.5 ], "rotation": 90 },
								"west": { "texture": "#oak-h", "uv": [ 4.0, 0.0, 8.0, 2.0 ], "rotation": 90 },
								"up": { "texture": "#oak-h", "uv": [ 0.0, 0.0, 2.0, 0.5 ], "rotation": 90 },
								"down": { "texture": "#oak-h", "uv": [ 0.0, 0.0, 2.0, 0.5 ], "rotation": 90 }
							}
						},
						{
							"name": "LeftBeam8",
							"from": [ 0.8, -4.0, 0.01 ],
							"to": [ 1.7, 0.0, 2.01 ],
							"rotationOrigin": [ 1.7, 0.0, 0.0 ],
							"rotationZ": -5.0,
							"faces": {
								"north": { "texture": "#oak-h", "uv": [ 3.5, 0.0, 7.5, 0.5 ], "rotation": 90 },
								"east": { "texture": "#oak-h", "uv": [ 3.0, 0.0, 7.0, 2.0 ], "rotation": 90 },
								"south": { "texture": "#oak-h", "uv": [ 3.5, 0.0, 7.5, 0.5 ], "rotation": 90 },
								"west": { "texture": "#oak-h", "uv": [ 4.0, 0.0, 8.0, 2.0 ], "rotation": 90 },
								"up": { "texture": "#oak-h", "uv": [ 0.0, 0.0, 2.0, 0.5 ], "rotation": 90 },
								"down": { "texture": "#oak-h", "uv": [ 0.0, 0.0, 2.0, 0.5 ], "rotation": 90 }
							}
						},
						{
							"name": "Connector4",
							"from": [ -0.3, 1.372, -0.3494 ],
							"to": [ 1.9, 2.372, 2.2506 ],
							"rotationOrigin": [ -0.3, 1.372, -0.3494 ],
							"rotationX": -3.0,
							"faces": {
								"north": { "texture": "#mordant", "uv": [ 0.0, 0.0, 2.0, 1.0 ] },
								"east": { "texture": "#mordant", "uv": [ 0.0, 0.0, 2.5, 1.0 ] },
								"south": { "texture": "#mordant", "uv": [ 0.0, 0.0, 2.0, 1.0 ] },
								"west": { "texture": "#mordant", "uv": [ 0.0, 0.0, 2.5, 1.0 ] },
								"up": { "texture": "#mordant", "uv": [ 0.0, 0.0, 2.0, 2.5 ] },
								"down": { "texture": "#mordant", "uv": [ 0.0, 0.0, 2.0, 2.5 ] }
							}
						}
					]
				}
			]
		}
	]}