{
	"editor": {
		"backDropShape": "entity/bovinae/taurotragusoryx/male",
		"collapsedPaths": "",
		"allAngles": true,
		"entityTextureMode": true
	},
	"textureWidth": 88,
	"textureHeight": 88,
	"textureSizes": {
		"horn": [88,88]
	},
	"textures": {
		"horn": "entity/bovinae/taurotragusoryx-male"
	},
	"elements": [
		{
			"name": "L Antler01",
			"stepParentName": "AntlerBase",
			"from": [ 0.5, -0.8, 0.3 ],
			"to": [ 2.0, 0.4, 1.5 ],
			"unwrapMode": 5,
			"unwrapRotation": 1,
			"uv": [ 81.0, 62.0 ],
			"rotationOrigin": [ 0.5, -0.3, 0.9 ],
			"rotationY": -10.0,
			"rotationZ": 8.0,
			"faces": {
				"north": { "texture": "#horn", "uv": [ 81.0, 63.0, 82.0, 64.5 ], "rotation": 270 },
				"east": { "texture": "#horn", "uv": [ 82.0, 62.0, 83.0, 63.0 ], "rotation": 180 },
				"south": { "texture": "#horn", "uv": [ 83.0, 63.0, 84.0, 64.5 ], "rotation": 90 },
				"up": { "texture": "#horn", "uv": [ 82.0, 63.0, 83.0, 64.5 ], "rotation": 90 },
				"down": { "texture": "#horn", "uv": [ 84.0, 63.0, 85.0, 64.5 ], "rotation": 270, "windMode": [-1,-1,-1,-1], "windData": [1,1,1,1] }
			},
			"children": [
				{
					"name": "L Antler02",
					"from": [ 1.4, 0.0, 0.1 ],
					"to": [ 1.9, 1.2, 1.1 ],
					"unwrapMode": 5,
					"unwrapRotation": 1,
					"uv": [ 77.0, 47.0 ],
					"rotationOrigin": [ 1.4, 0.5, 0.6 ],
					"rotationX": 15.0,
					"rotationY": -10.0,
					"rotationZ": 2.0,
					"faces": {
						"north": { "texture": "#horn", "uv": [ 77.0, 48.0, 78.0, 48.5 ], "rotation": 270 },
						"east": { "texture": "#horn", "uv": [ 78.0, 47.0, 79.0, 48.0 ], "rotation": 180 },
						"south": { "texture": "#horn", "uv": [ 79.0, 48.0, 80.0, 48.5 ], "rotation": 90 },
						"up": { "texture": "#horn", "uv": [ 78.0, 48.0, 79.0, 48.5 ], "rotation": 90 },
						"down": { "texture": "#horn", "uv": [ 80.0, 48.0, 81.0, 48.5 ], "rotation": 270, "windMode": [-1,-1,-1,-1], "windData": [1,1,1,1] }
					},
					"children": [
						{
							"name": "L Antler03",
							"from": [ 0.3, 0.05, 0.05 ],
							"to": [ 0.8, 1.15, 0.95 ],
							"unwrapMode": 5,
							"unwrapRotation": 1,
							"uv": [ 77.0, 45.5 ],
							"rotationOrigin": [ 0.3, 0.55, 0.55 ],
							"rotationX": 15.0,
							"rotationZ": -2.0,
							"faces": {
								"north": { "texture": "#horn", "uv": [ 77.0, 46.5, 78.0, 47.0 ], "rotation": 270 },
								"east": { "texture": "#horn", "uv": [ 78.0, 45.5, 78.5, 46.5 ], "rotation": 180 },
								"south": { "texture": "#horn", "uv": [ 78.5, 46.5, 79.5, 47.0 ], "rotation": 90 },
								"up": { "texture": "#horn", "uv": [ 78.0, 46.5, 78.5, 47.0 ], "rotation": 90 },
								"down": { "texture": "#horn", "uv": [ 79.5, 46.5, 80.0, 47.0 ], "rotation": 270, "windMode": [-1,-1,-1,-1], "windData": [1,1,1,1] }
							},
							"children": [
								{
									"name": "L Antler04",
									"from": [ 0.3, 0.05, 0.05 ],
									"to": [ 0.8, 1.05, 0.85 ],
									"unwrapMode": 5,
									"unwrapRotation": 1,
									"uv": [ 77.0, 44.0 ],
									"rotationOrigin": [ 0.3, 0.5, 0.5 ],
									"rotationX": 5.0,
									"rotationY": -5.0,
									"rotationZ": 2.0,
									"faces": {
										"north": { "texture": "#horn", "uv": [ 77.0, 45.0, 78.0, 45.5 ], "rotation": 270 },
										"east": { "texture": "#horn", "uv": [ 78.0, 44.0, 78.5, 45.0 ], "rotation": 180 },
										"south": { "texture": "#horn", "uv": [ 78.5, 45.0, 79.5, 45.5 ], "rotation": 90 },
										"up": { "texture": "#horn", "uv": [ 78.0, 45.0, 78.5, 45.5 ], "rotation": 90 },
										"down": { "texture": "#horn", "uv": [ 79.5, 45.0, 80.0, 45.5 ], "rotation": 270, "windMode": [-1,-1,-1,-1], "windData": [1,1,1,1] }
									},
									"children": [
										{
											"name": "L Antler05",
											"from": [ 0.3, 0.05, 0.05 ],
											"to": [ 0.8, 0.95, 0.75 ],
											"unwrapMode": 5,
											"unwrapRotation": 1,
											"uv": [ 77.0, 43.0 ],
											"rotationOrigin": [ 0.3, 0.45, 0.45 ],
											"rotationX": 5.0,
											"rotationY": -5.0,
											"rotationZ": -2.0,
											"faces": {
												"north": { "texture": "#horn", "uv": [ 77.0, 43.5, 77.5, 44.0 ], "rotation": 270 },
												"east": { "texture": "#horn", "uv": [ 77.5, 43.0, 78.0, 43.5 ], "rotation": 180 },
												"south": { "texture": "#horn", "uv": [ 78.0, 43.5, 78.5, 44.0 ], "rotation": 90 },
												"up": { "texture": "#horn", "uv": [ 77.5, 43.5, 78.0, 44.0 ], "rotation": 90 },
												"down": { "texture": "#horn", "uv": [ 78.5, 43.5, 79.0, 44.0 ], "rotation": 270, "windMode": [-1,-1,-1,-1], "windData": [1,1,1,1] }
											},
											"children": [
												{
													"name": "L Antler06",
													"from": [ 0.3, 0.05, 0.05 ],
													"to": [ 1.3, 0.75, 0.65 ],
													"unwrapMode": 5,
													"unwrapRotation": 1,
													"uv": [ 77.0, 41.0 ],
													"rotationOrigin": [ 0.3, 0.45, 0.4 ],
													"rotationX": 5.0,
													"rotationY": -5.0,
													"rotationZ": -4.0,
													"faces": {
														"north": { "texture": "#horn", "uv": [ 77.0, 41.5, 77.5, 42.5 ], "rotation": 270 },
														"east": { "texture": "#horn", "uv": [ 77.5, 41.0, 78.0, 41.5 ], "rotation": 180 },
														"south": { "texture": "#horn", "uv": [ 78.0, 41.5, 78.5, 42.5 ], "rotation": 90 },
														"up": { "texture": "#horn", "uv": [ 77.5, 41.5, 78.0, 42.5 ], "rotation": 90 },
														"down": { "texture": "#horn", "uv": [ 78.5, 41.5, 79.0, 42.5 ], "rotation": 270, "windMode": [-1,-1,-1,-1], "windData": [1,1,1,1] }
													},
													"children": [
														{
															"name": "L Antler07",
															"from": [ 0.8, 0.05, 0.05 ],
															"to": [ 1.8, 0.65, 0.55 ],
															"unwrapMode": 5,
															"unwrapRotation": 1,
															"uv": [ 77.0, 40.0 ],
															"rotationOrigin": [ 0.8, 0.4, 0.35 ],
															"rotationX": 15.0,
															"rotationY": 5.0,
															"rotationZ": -20.0,
															"faces": {
																"north": { "texture": "#horn", "uv": [ 77.0, 40.5, 77.5, 41.5 ], "rotation": 270 },
																"east": { "texture": "#horn", "uv": [ 77.5, 40.0, 78.0, 40.5 ], "rotation": 180 },
																"south": { "texture": "#horn", "uv": [ 78.0, 40.5, 78.5, 41.5 ], "rotation": 90 },
																"up": { "texture": "#horn", "uv": [ 77.5, 40.5, 78.0, 41.5 ], "rotation": 90 },
																"down": { "texture": "#horn", "uv": [ 78.5, 40.5, 79.0, 41.5 ], "rotation": 270, "windMode": [-1,-1,-1,-1], "windData": [1,1,1,1] }
															},
															"children": [
																{
																	"name": "L Antler08",
																	"from": [ 0.8, 0.05, 0.05 ],
																	"to": [ 1.8, 0.55, 0.45 ],
																	"unwrapMode": 5,
																	"unwrapRotation": 1,
																	"uv": [ 77.0, 39.0 ],
																	"rotationOrigin": [ 0.8, 0.3, 0.25 ],
																	"rotationX": 15.0,
																	"rotationY": 5.0,
																	"rotationZ": -12.0,
																	"faces": {
																		"north": { "texture": "#horn", "uv": [ 77.0, 39.5, 77.5, 40.5 ], "rotation": 270 },
																		"east": { "texture": "#horn", "uv": [ 77.5, 39.0, 78.0, 39.5 ], "rotation": 180 },
																		"south": { "texture": "#horn", "uv": [ 78.0, 39.5, 78.5, 40.5 ], "rotation": 90 },
																		"up": { "texture": "#horn", "uv": [ 77.5, 39.5, 78.0, 40.5 ], "rotation": 90 },
																		"down": { "texture": "#horn", "uv": [ 78.5, 39.5, 79.0, 40.5 ], "rotation": 270, "windMode": [-1,-1,-1,-1], "windData": [1,1,1,1] }
																	},
																	"children": [
																		{
																			"name": "L Antler09",
																			"from": [ 0.8, 0.1, 0.05 ],
																			"to": [ 1.3, 0.5, 0.35 ],
																			"unwrapMode": 5,
																			"unwrapRotation": 1,
																			"uv": [ 77.0, 38.5 ],
																			"rotationOrigin": [ 0.8, 0.25, 0.2 ],
																			"rotationX": 15.0,
																			"rotationY": 5.0,
																			"rotationZ": -5.0,
																			"faces": {
																				"north": { "texture": "#horn", "uv": [ 77.0, 39.0, 77.5, 39.5 ], "rotation": 270 },
																				"east": { "texture": "#horn", "uv": [ 77.5, 38.5, 78.0, 39.0 ], "rotation": 180 },
																				"south": { "texture": "#horn", "uv": [ 78.0, 39.0, 78.5, 39.5 ], "rotation": 90 },
																				"up": { "texture": "#horn", "uv": [ 77.5, 39.0, 78.0, 39.5 ], "rotation": 90 },
																				"down": { "texture": "#horn", "uv": [ 78.5, 39.0, 79.0, 39.5 ], "rotation": 270, "windMode": [-1,-1,-1,-1], "windData": [1,1,1,1] }
																			}
																		}
																	]
																}
															]
														}
													]
												}
											]
										}
									]
								}
							]
						}
					]
				}
			]
		},
		{
			"name": "R Antler01",
			"stepParentName": "AntlerBase",
			"from": [ 0.5, -0.8, -1.5 ],
			"to": [ 2.0, 0.4, -0.3 ],
			"unwrapMode": 5,
			"unwrapRotation": 1,
			"uv": [ 76.5, 62.0 ],
			"rotationOrigin": [ 0.5, -0.3, -0.9 ],
			"rotationY": 10.0,
			"rotationZ": 8.0,
			"faces": {
				"north": { "texture": "#horn", "uv": [ 76.5, 63.0, 77.5, 64.5 ], "rotation": 270 },
				"east": { "texture": "#horn", "uv": [ 77.5, 62.0, 78.5, 63.0 ], "rotation": 180 },
				"south": { "texture": "#horn", "uv": [ 78.5, 63.0, 79.5, 64.5 ], "rotation": 90 },
				"up": { "texture": "#horn", "uv": [ 77.5, 63.0, 78.5, 64.5 ], "rotation": 90 },
				"down": { "texture": "#horn", "uv": [ 79.5, 63.0, 80.5, 64.5 ], "rotation": 270, "windMode": [-1,-1,-1,-1], "windData": [1,1,1,1] }
			},
			"children": [
				{
					"name": "R Antler02",
					"from": [ 1.4, 0.0, 0.1 ],
					"to": [ 1.9, 1.2, 1.1 ],
					"unwrapMode": 5,
					"unwrapRotation": 1,
					"uv": [ 79.0, 47.0 ],
					"rotationOrigin": [ 1.4, 0.5, 0.6 ],
					"rotationX": -15.0,
					"rotationY": 10.0,
					"rotationZ": 2.0,
					"faces": {
						"north": { "texture": "#horn", "uv": [ 79.0, 48.0, 80.0, 48.5 ], "rotation": 270 },
						"east": { "texture": "#horn", "uv": [ 80.0, 47.0, 81.0, 48.0 ], "rotation": 180 },
						"south": { "texture": "#horn", "uv": [ 81.0, 48.0, 82.0, 48.5 ], "rotation": 90 },
						"up": { "texture": "#horn", "uv": [ 80.0, 48.0, 81.0, 48.5 ], "rotation": 90 },
						"down": { "texture": "#horn", "uv": [ 82.0, 48.0, 83.0, 48.5 ], "rotation": 270, "windMode": [-1,-1,-1,-1], "windData": [1,1,1,1] }
					},
					"children": [
						{
							"name": "R Antler03",
							"from": [ 0.3, 0.05, 0.05 ],
							"to": [ 0.8, 1.15, 0.95 ],
							"unwrapMode": 5,
							"unwrapRotation": 1,
							"uv": [ 80.0, 45.5 ],
							"rotationOrigin": [ 0.3, 0.55, 0.55 ],
							"rotationX": -15.0,
							"rotationZ": -2.0,
							"faces": {
								"north": { "texture": "#horn", "uv": [ 80.0, 46.5, 81.0, 47.0 ], "rotation": 270 },
								"east": { "texture": "#horn", "uv": [ 81.0, 45.5, 81.5, 46.5 ], "rotation": 180 },
								"south": { "texture": "#horn", "uv": [ 81.5, 46.5, 82.5, 47.0 ], "rotation": 90 },
								"up": { "texture": "#horn", "uv": [ 81.0, 46.5, 81.5, 47.0 ], "rotation": 90 },
								"down": { "texture": "#horn", "uv": [ 82.5, 46.5, 83.0, 47.0 ], "rotation": 270, "windMode": [-1,-1,-1,-1], "windData": [1,1,1,1] }
							},
							"children": [
								{
									"name": "R Antler04",
									"from": [ 0.3, 0.05, 0.05 ],
									"to": [ 0.8, 1.05, 0.85 ],
									"unwrapMode": 5,
									"unwrapRotation": 1,
									"uv": [ 80.0, 44.0 ],
									"rotationOrigin": [ 0.8, 0.5, 0.5 ],
									"rotationX": -5.0,
									"rotationY": 5.0,
									"rotationZ": 2.0,
									"faces": {
										"north": { "texture": "#horn", "uv": [ 80.0, 45.0, 81.0, 45.5 ], "rotation": 270 },
										"east": { "texture": "#horn", "uv": [ 81.0, 44.0, 81.5, 45.0 ], "rotation": 180 },
										"south": { "texture": "#horn", "uv": [ 81.5, 45.0, 82.5, 45.5 ], "rotation": 90 },
										"up": { "texture": "#horn", "uv": [ 81.0, 45.0, 81.5, 45.5 ], "rotation": 90 },
										"down": { "texture": "#horn", "uv": [ 82.5, 45.0, 83.0, 45.5 ], "rotation": 270, "windMode": [-1,-1,-1,-1], "windData": [1,1,1,1] }
									},
									"children": [
										{
											"name": "R Antler05",
											"from": [ 0.3, 0.05, 0.05 ],
											"to": [ 0.8, 0.95, 0.75 ],
											"unwrapMode": 3,
											"unwrapRotation": 1,
											"uv": [ 81.0, 43.0 ],
											"rotationOrigin": [ 0.3, 0.45, 0.45 ],
											"rotationX": -5.0,
											"rotationY": 5.0,
											"rotationZ": -2.0,
											"faces": {
												"north": { "texture": "#horn", "uv": [ 82.5, 43.5, 83.0, 44.0 ], "rotation": 270 },
												"east": { "texture": "#horn", "uv": [ 81.5, 43.0, 82.0, 43.5 ], "rotation": 90 },
												"south": { "texture": "#horn", "uv": [ 81.5, 43.5, 82.0, 44.0 ], "rotation": 90 },
												"up": { "texture": "#horn", "uv": [ 81.0, 43.5, 81.5, 44.0 ], "rotation": 90 },
												"down": { "texture": "#horn", "uv": [ 82.0, 43.5, 82.5, 44.0 ], "rotation": 270, "windMode": [-1,-1,-1,-1], "windData": [1,1,1,1] }
											},
											"children": [
												{
													"name": "R Antler06",
													"from": [ 0.3, 0.05, 0.05 ],
													"to": [ 1.3, 0.75, 0.65 ],
													"unwrapMode": 3,
													"unwrapRotation": 1,
													"uv": [ 81.0, 41.0 ],
													"rotationOrigin": [ 0.3, 0.45, 0.4 ],
													"rotationX": -5.0,
													"rotationY": 5.0,
													"rotationZ": -4.0,
													"faces": {
														"north": { "texture": "#horn", "uv": [ 82.5, 41.5, 83.0, 42.5 ], "rotation": 270 },
														"east": { "texture": "#horn", "uv": [ 81.5, 41.0, 82.0, 41.5 ], "rotation": 90 },
														"south": { "texture": "#horn", "uv": [ 81.5, 41.5, 82.0, 42.5 ], "rotation": 90 },
														"up": { "texture": "#horn", "uv": [ 81.0, 41.5, 81.5, 42.5 ], "rotation": 90 },
														"down": { "texture": "#horn", "uv": [ 82.0, 41.5, 82.5, 42.5 ], "rotation": 270, "windMode": [-1,-1,-1,-1], "windData": [1,1,1,1] }
													},
													"children": [
														{
															"name": "R Antler07",
															"from": [ 0.8, 0.05, 0.05 ],
															"to": [ 1.8, 0.65, 0.55 ],
															"unwrapMode": 3,
															"unwrapRotation": 1,
															"uv": [ 81.0, 40.0 ],
															"rotationOrigin": [ 0.8, 0.4, 0.35 ],
															"rotationX": -15.0,
															"rotationY": -5.0,
															"rotationZ": -20.0,
															"faces": {
																"north": { "texture": "#horn", "uv": [ 82.5, 40.5, 83.0, 41.5 ], "rotation": 270 },
																"east": { "texture": "#horn", "uv": [ 81.5, 40.0, 82.0, 40.5 ], "rotation": 90 },
																"south": { "texture": "#horn", "uv": [ 81.5, 40.5, 82.0, 41.5 ], "rotation": 90 },
																"up": { "texture": "#horn", "uv": [ 81.0, 40.5, 81.5, 41.5 ], "rotation": 90 },
																"down": { "texture": "#horn", "uv": [ 82.0, 40.5, 82.5, 41.5 ], "rotation": 270, "windMode": [-1,-1,-1,-1], "windData": [1,1,1,1] }
															},
															"children": [
																{
																	"name": "R Antler08",
																	"from": [ 0.8, 0.05, 0.05 ],
																	"to": [ 1.8, 0.55, 0.45 ],
																	"unwrapMode": 3,
																	"unwrapRotation": 1,
																	"uv": [ 81.0, 39.0 ],
																	"rotationOrigin": [ 0.8, 0.3, 0.25 ],
																	"rotationX": -15.0,
																	"rotationY": -5.0,
																	"rotationZ": -12.0,
																	"faces": {
																		"north": { "texture": "#horn", "uv": [ 82.5, 39.5, 83.0, 40.5 ], "rotation": 270 },
																		"east": { "texture": "#horn", "uv": [ 81.5, 39.0, 82.0, 39.5 ], "rotation": 90 },
																		"south": { "texture": "#horn", "uv": [ 81.5, 39.5, 82.0, 40.5 ], "rotation": 90 },
																		"up": { "texture": "#horn", "uv": [ 81.0, 39.5, 81.5, 40.5 ], "rotation": 90 },
																		"down": { "texture": "#horn", "uv": [ 82.0, 39.5, 82.5, 40.5 ], "rotation": 270, "windMode": [-1,-1,-1,-1], "windData": [1,1,1,1] }
																	},
																	"children": [
																		{
																			"name": "R Antler09",
																			"from": [ 0.8, 0.1, 0.05 ],
																			"to": [ 1.3, 0.5, 0.35 ],
																			"unwrapMode": 3,
																			"unwrapRotation": 1,
																			"uv": [ 81.0, 38.5 ],
																			"rotationOrigin": [ 0.8, 0.25, 0.2 ],
																			"rotationX": -15.0,
																			"rotationY": -5.0,
																			"rotationZ": -5.0,
																			"faces": {
																				"north": { "texture": "#horn", "uv": [ 82.5, 39.0, 83.0, 39.5 ], "rotation": 270 },
																				"east": { "texture": "#horn", "uv": [ 81.5, 38.5, 82.0, 39.0 ], "rotation": 90 },
																				"south": { "texture": "#horn", "uv": [ 81.5, 39.0, 82.0, 39.5 ], "rotation": 90 },
																				"up": { "texture": "#horn", "uv": [ 81.0, 39.0, 81.5, 39.5 ], "rotation": 90 },
																				"down": { "texture": "#horn", "uv": [ 82.0, 39.0, 82.5, 39.5 ], "rotation": 270, "windMode": [-1,-1,-1,-1], "windData": [1,1,1,1] }
																			}
																		}
																	]
																}
															]
														}
													]
												}
											]
										}
									]
								}
							]
						}
					]
				}
			]
		}
	],
	"animations": [
	]
}