[
    {
        "file": "game:config/tradelists/trader-artisan.json", 
        "op": "replace",
        "path": "/money/avg",
        "value": 125
    },
    {
        "file": "game:config/tradelists/trader-artisan.json", 
        "op": "replace",
        "path": "/selling/list",
        "value":[
            {
                "code": "creature-humanoid-trader-artisan",
                "type": "item",
                "stacksize": 1,
                "stock": {
                    "avg": 1,
                    "var": 0.25
                },
                "price": {
                    "avg": 800,
                    "var": 0.1
                }
            },
            {
                "code": "creature-humanoid-trader-painter",
                "type": "item",
                "stacksize": 1,
                "stock": {
                    "avg": 1,
                    "var": 0.25
                },
                "price": {
                    "avg": 800,
                    "var": 0.1
                }
            },
            {
                "code": "clay-fire",
                "type": "item",
                "stacksize": 16,
                "stock": {
                    "avg": 5,
                    "var": 1.25
                },
                "price": {
                    "avg": 4,
                    "var": 0.5
                }
            },
            {
                "code": "clay-red",
                "type": "item",
                "stacksize": 16,
                "stock": {
                    "avg": 5,
                    "var": 1.25
                },
                "price": {
                    "avg": 4,
                    "var": 0.5
                }
            },
            {
                "code": "clay-blue",
                "type": "item",
                "stacksize": 16,
                "stock": {
                    "avg": 5,
                    "var": 1.25
                },
                "price": {
                    "avg": 4,
                    "var": 0.5
                }
            },
            {
                "code": "storagevessel-burned",
                "type": "block",
                "stacksize": 1,
                "stock": {
                    "avg": 4,
                    "var": 1
                },
                "price": {
                    "avg": 5,
                    "var": 1
                },
                "attributes": {
                    "type": "normal"
                }
            },
            {
                "code": "storagevessel-copper",
                "type": "block",
                "stacksize": 1,
                "stock": {
                    "avg": 4,
                    "var": 1
                },
                "price": {
                    "avg": 8,
                    "var": 2
                },
                "attributes": {
                    "type": "normal"
                }
            },
            {
                "code": "storagevessel-earthen",
                "type": "block",
                "stacksize": 1,
                "stock": {
                    "avg": 2,
                    "var": 0.5
                },
                "price": {
                    "avg": 8,
                    "var": 2
                },
                "attributes": {
                    "type": "normal"
                }
            },
            {
                "code": "storagevessel-ashforest",
                "type": "block",
                "stacksize": 1,
                "stock": {
                    "avg": 4,
                    "var": 1
                },
                "price": {
                    "avg": 6,
                    "var": 1.5
                },
                "attributes": {
                    "type": "normal"
                }
            },
            {
                "code": "storagevessel-rain",
                "type": "block",
                "stacksize": 1,
                "stock": {
                    "avg": 1,
                    "var": 0.25
                },
                "price": {
                    "avg": 6,
                    "var": 1.5
                },
                "attributes": {
                    "type": "normal"
                }
            },
            {
                "code": "storagevessel-rime",
                "type": "block",
                "stacksize": 1,
                "stock": {
                    "avg": 6,
                    "var": 1.5
                },
                "price": {
                    "avg": 7,
                    "var": 1.75
                },
                "attributes": {
                    "type": "normal"
                }
            },
            {
                "code": "storagevessel-undergrowth",
                "type": "block",
                "stacksize": 1,
                "stock": {
                    "avg": 4,
                    "var": 1
                },
                "price": {
                    "avg": 7,
                    "var": 1.75
                },
                "attributes": {
                    "type": "normal"
                }
            },
            {
                "code": "storagevessel-oxblood",
                "type": "block",
                "stacksize": 1,
                "stock": {
                    "avg": 2,
                    "var": 0.5
                },
                "price": {
                    "avg": 8,
                    "var": 2
                },
                "attributes": {
                    "type": "normal"
                }
            },
            {
                "code": "storagevessel-cowrie",
                "type": "block",
                "stacksize": 1,
                "stock": {
                    "avg": 1,
                    "var": 0.25
                },
                "price": {
                    "avg": 11,
                    "var": 2.75
                },
                "attributes": {
                    "type": "normal"
                }
            },
            {
                "code": "storagevessel-seasalt",
                "type": "block",
                "stacksize": 1,
                "stock": {
                    "avg": 2,
                    "var": 0.5
                },
                "price": {
                    "avg": 8,
                    "var": 2
                },
                "attributes": {
                    "type": "normal"
                }
            },
            {
                "code": "storagevessel-honeydew",
                "type": "block",
                "stacksize": 1,
                "stock": {
                    "avg": 4,
                    "var": 1
                },
                "price": {
                    "avg": 6,
                    "var": 1.5
                },
                "attributes": {
                    "type": "normal"
                }
            },
            {
                "code": "storagevessel-beehive",
                "type": "block",
                "stacksize": 1,
                "stock": {
                    "avg": 4,
                    "var": 1
                },
                "price": {
                    "avg": 7,
                    "var": 1.75
                },
                "attributes": {
                    "type": "normal"
                }
            },
            {
                "code": "storagevessel-harvest",
                "type": "block",
                "stacksize": 1,
                "stock": {
                    "avg": 1,
                    "var": 0.25
                },
                "price": {
                    "avg": 12,
                    "var": 3
                },
                "attributes": {
                    "type": "normal"
                }
            },
            {
                "code": "storagevessel-springflowers",
                "type": "block",
                "stacksize": 1,
                "stock": {
                    "avg": 1,
                    "var": 0.25
                },
                "price": {
                    "avg": 12,
                    "var": 3
                },
                "attributes": {
                    "type": "normal"
                }
            },
            {
                "code": "storagevessel-volcanic",
                "type": "block",
                "stacksize": 1,
                "stock": {
                    "avg": 1,
                    "var": 0.25
                },
                "price": {
                    "avg": 14,
                    "var": 3.5
                },
                "attributes": {
                    "type": "normal"
                }
            },
            {
                "code": "storagevessel-rutile",
                "type": "block",
                "stacksize": 1,
                "stock": {
                    "avg": 1,
                    "var": 0.25
                },
                "price": {
                    "avg": 9,
                    "var": 2.25
                },
                "attributes": {
                    "type": "normal"
                }
            },
            {
                "code": "storagevessel-cloisonne",
                "type": "block",
                "stacksize": 1,
                "stock": {
                    "avg": 1,
                    "var": 0.25
                },
                "price": {
                    "avg": 11,
                    "var": 2.75
                },
                "attributes": {
                    "type": "normal"
                }
            },
            {
                "code": "storagevessel-cornflower",
                "type": "block",
                "stacksize": 1,
                "stock": {
                    "avg": 1,
                    "var": 0.25
                },
                "price": {
                    "avg": 10,
                    "var": 2.5
                },
                "attributes": {
                    "type": "normal"
                }
            },
            {
                "code": "storagevessel-talik",
                "type": "block",
                "stacksize": 1,
                "stock": {
                    "avg": 1,
                    "var": 0.25
                },
                "price": {
                    "avg": 9,
                    "var": 2.25
                },
                "attributes": {
                    "type": "normal"
                }
            },
            {
                "code": "storagevessel-caveaurora",
                "type": "block",
                "stacksize": 1,
                "stock": {
                    "avg": 1,
                    "var": 0.25
                },
                "price": {
                    "avg": 10,
                    "var": 2.5
                },
                "attributes": {
                    "type": "normal"
                }
            },
            {
                "code": "storagevessel-collonade",
                "type": "block",
                "stacksize": 1,
                "stock": {
                    "avg": 1,
                    "var": 0.25
                },
                "price": {
                    "avg": 10,
                    "var": 2.5
                },
                "attributes": {
                    "type": "normal"
                }
            },
            {
                "code": "storagevessel-rattlesnake",
                "type": "block",
                "stacksize": 1,
                "stock": {
                    "avg": 1,
                    "var": 0.25
                },
                "price": {
                    "avg": 10,
                    "var": 2.5
                },
                "attributes": {
                    "type": "normal"
                }
            },
            {
                "code": "storagevessel-waves",
                "type": "block",
                "stacksize": 1,
                "stock": {
                    "avg": 1,
                    "var": 0.25
                },
                "price": {
                    "avg": 10,
                    "var": 2.5
                },
                "attributes": {
                    "type": "normal"
                }
            },
            {
                "code": "storagevessel-wintersea",
                "type": "block",
                "stacksize": 1,
                "stock": {
                    "avg": 1,
                    "var": 0.25
                },
                "price": {
                    "avg": 10,
                    "var": 2.5
                },
                "attributes": {
                    "type": "normal"
                }
            },
            {
                "code": "crock-burned-east",
                "type": "block",
                "stacksize": 4,
                "stock": {
                    "avg": 8,
                    "var": 2
                },
                "price": {
                    "avg": 10,
                    "var": 2.5
                }
            },
            {
                "code": "crock-burned-east",
                "type": "block",
                "stacksize": 1,
                "stock": {
                    "avg": 8,
                    "var": 2
                },
                "price": {
                    "avg": 3,
                    "var": 0.75
                }
            },
            {
                "code": "flowerpot-burnt",
                "type": "block",
                "stacksize": 1,
                "stock": {
                    "avg": 10,
                    "var": 2.5
                },
                "price": {
                    "avg": 2,
                    "var": 0.5
                }
            },
            {
                "code": "flowerpot-amber",
                "type": "block",
                "stacksize": 1,
                "stock": {
                    "avg": 6,
                    "var": 1.5
                },
                "price": {
                    "avg": 4,
                    "var": 1
                }
            },
            {
                "code": "flowerpot-boneash",
                "type": "block",
                "stacksize": 1,
                "stock": {
                    "avg": 5,
                    "var": 1.25
                },
                "price": {
                    "avg": 3,
                    "var": 0.75
                }
            },
            {
                "code": "flowerpot-celadon",
                "type": "block",
                "stacksize": 1,
                "stock": {
                    "avg": 6,
                    "var": 1.5
                },
                "price": {
                    "avg": 3,
                    "var": 0.75
                }
            },
            {
                "code": "flowerpot-copper",
                "type": "block",
                "stacksize": 1,
                "stock": {
                    "avg": 4,
                    "var": 1
                },
                "price": {
                    "avg": 6,
                    "var": 1.5
                }
            },
            {
                "code": "flowerpot-earthern",
                "type": "block",
                "stacksize": 1,
                "stock": {
                    "avg": 4,
                    "var": 1
                },
                "price": {
                    "avg": 6,
                    "var": 1.5
                }
            },
            {
                "code": "flowerpot-moss",
                "type": "block",
                "stacksize": 1,
                "stock": {
                    "avg": 7,
                    "var": 1.75
                },
                "price": {
                    "avg": 5,
                    "var": 1.25
                }
            },
            {
                "code": "flowerpot-ochre",
                "type": "block",
                "stacksize": 1,
                "stock": {
                    "avg": 7,
                    "var": 1.75
                },
                "price": {
                    "avg": 5,
                    "var": 1.25
                }
            },
            {
                "code": "flowerpot-rutile",
                "type": "block",
                "stacksize": 1,
                "stock": {
                    "avg": 5,
                    "var": 1.25
                },
                "price": {
                    "avg": 5,
                    "var": 1.25
                }
            },
            {
                "code": "flowerpot-seasalt",
                "type": "block",
                "stacksize": 1,
                "stock": {
                    "avg": 2,
                    "var": 0.5
                },
                "price": {
                    "avg": 7,
                    "var": 1.75
                }
            },
            {
                "code": "flowerpot-tenmoku",
                "type": "block",
                "stacksize": 1,
                "stock": {
                    "avg": 5,
                    "var": 1.25
                },
                "price": {
                    "avg": 5,
                    "var": 1.25
                }
            },
            {
                "code": "clayplanter-burnt",
                "type": "block",
                "stacksize": 1,
                "stock": {
                    "avg": 8,
                    "var": 2
                },
                "price": {
                    "avg": 3,
                    "var": 0.75
                }
            },
            {
                "code": "clayplanter-amber",
                "type": "block",
                "stacksize": 1,
                "stock": {
                    "avg": 6,
                    "var": 1.5
                },
                "price": {
                    "avg": 5,
                    "var": 1.25
                }
            },
            {
                "code": "clayplanter-ashforest",
                "type": "block",
                "stacksize": 1,
                "stock": {
                    "avg": 5,
                    "var": 1.25
                },
                "price": {
                    "avg": 5,
                    "var": 1.25
                }
            },
            {
                "code": "clayplanter-copper",
                "type": "block",
                "stacksize": 1,
                "stock": {
                    "avg": 4,
                    "var": 1
                },
                "price": {
                    "avg": 7,
                    "var": 1.75
                }
            },
            {
                "code": "clayplanter-earthern",
                "type": "block",
                "stacksize": 1,
                "stock": {
                    "avg": 4,
                    "var": 1
                },
                "price": {
                    "avg": 7,
                    "var": 1.75
                }
            },
            {
                "code": "clayplanter-ochre",
                "type": "block",
                "stacksize": 1,
                "stock": {
                    "avg": 7,
                    "var": 1.75
                },
                "price": {
                    "avg": 6,
                    "var": 1.5
                }
            },
            {
                "code": "clayplanter-rime",
                "type": "block",
                "stacksize": 1,
                "stock": {
                    "avg": 5,
                    "var": 1.25
                },
                "price": {
                    "avg": 6,
                    "var": 1.5
                }
            },
            {
                "code": "clayplanter-seasalt",
                "type": "block",
                "stacksize": 1,
                "stock": {
                    "avg": 2,
                    "var": 0.5
                },
                "price": {
                    "avg": 9,
                    "var": 2.25
                }
            },
            {
                "code": "clayplanter-tenmoku",
                "type": "block",
                "stacksize": 1,
                "stock": {
                    "avg": 5,
                    "var": 1.25
                },
                "price": {
                    "avg": 6,
                    "var": 1.5
                }
            },
            {
                "code": "clayplanter-undergrowth",
                "type": "block",
                "stacksize": 1,
                "stock": {
                    "avg": 5,
                    "var": 1.25
                },
                "price": {
                    "avg": 6,
                    "var": 1.5
                }
            }
        ]
    },
    {
        "file": "game:config/tradelists/trader-artisan.json", 
        "op": "replace",
        "path": "/buying/list",
        "value":[
            {
                "code": "clay-blue",
                "type": "item",
                "stacksize": 64,
                "stock": {
                    "avg": 3,
                    "var": 0.75
                },
                "price": {
                    "avg": 1,
                    "var": 0.25
                }
            },
            {
                "code": "clay-red",
                "type": "item",
                "stacksize": 64,
                "stock": {
                    "avg": 3,
                    "var": 0.75
                },
                "price": {
                    "avg": 1,
                    "var": 0.25
                }
            },
            {
                "code": "clay-fire",
                "type": "item",
                "stacksize": 32,
                "stock": {
                    "avg": 1,
                    "var": 0.25
                },
                "price": {
                    "avg": 1,
                    "var": 0.25
                }
            },
            {
                "code": "fat",
                "type": "item",
                "stacksize": 8,
                "stock": {
                    "avg": 2,
                    "var": 0.5
                },
                "price": {
                    "avg": 1,
                    "var": 0.25
                }
            },
            {
                "code": "beeswax",
                "type": "item",
                "stacksize": 6,
                "stock": {
                    "avg": 2,
                    "var": 0.5
                },
                "price": {
                    "avg": 1,
                    "var": 0.25
                }
            },
            {
                "code": "ore-lapislazuli",
                "type": "item",
                "stacksize": 10,
                "stock": {
                    "avg": 4,
                    "var": 1
                },
                "price": {
                    "avg": 1,
                    "var": 0.25
                }
            },
            {
                "code": "ore-cinnabar",
                "type": "item",
                "stacksize": 10,
                "stock": {
                    "avg": 4,
                    "var": 1
                },
                "price": {
                    "avg": 1,
                    "var": 0.25
                }
            },
            {
                "code": "flower-heather-free",
                "type": "block",
                "stacksize": 10,
                "stock": {
                    "avg": 4,
                    "var": 1
                },
                "price": {
                    "avg": 1,
                    "var": 0.25
                }
            },
            {
                "code": "vegetable-onion",
                "type": "item",
                "stacksize": 10,
                "stock": {
                    "avg": 4,
                    "var": 1
                },
                "price": {
                    "avg": 1,
                    "var": 0.25
                }
            },
            {
                "code": "fruit-blueberry",
                "type": "item",
                "stacksize": 16,
                "stock": {
                    "avg": 4,
                    "var": 1
                },
                "price": {
                    "avg": 1,
                    "var": 0.25
                }
            },
            {
                "code": "fruit-blackcurrant",
                "type": "item",
                "stacksize": 16,
                "stock": {
                    "avg": 4,
                    "var": 1
                },
                "price": {
                    "avg": 1,
                    "var": 0.25
                }
            },
            {
                "code": "flower-woad-free",
                "type": "block",
                "stacksize": 10,
                "stock": {
                    "avg": 4,
                    "var": 1
                },
                "price": {
                    "avg": 1,
                    "var": 0.25
                }
            },
            {
                "code": "flower-lilyofthevalley-free",
                "type": "block",
                "stacksize": 10,
                "stock": {
                    "avg": 4,
                    "var": 1
                },
                "price": {
                    "avg": 1,
                    "var": 0.25
                }
            },
            {
                "code": "drygrass",
                "type": "block",
                "stacksize": 64,
                "stock": {
                    "avg": 4,
                    "var": 1
                },
                "price": {
                    "avg": 1,
                    "var": 0.25
                }
            },
            {
                "code": "fruit-cranberry",
                "type": "item",
                "stacksize": 16,
                "stock": {
                    "avg": 4,
                    "var": 1
                },
                "price": {
                    "avg": 1,
                    "var": 0.25
                }
            },
            {
                "code": "log-placed-oak-ud",
                "type": "block",
                "stacksize": 10,
                "stock": {
                    "avg": 4,
                    "var": 1
                },
                "price": {
                    "avg": 1,
                    "var": 0.25
                }
            },
            {
                "code": "peatbrick",
                "type": "block",
                "stacksize": 12,
                "stock": {
                    "avg": 2,
                    "var": 0.5
                },
                "price": {
                    "avg": 1,
                    "var": 0.25
                }
            },
            {
                "code": "charcoal",
                "type": "item",
                "stacksize": 12,
                "stock": {
                    "avg": 4,
                    "var": 1
                },
                "price": {
                    "avg": 1,
                    "var": 0.25
                }
            },
            {
                "code": "storagevessel-burned",
                "type": "block",
                "stacksize": 1,
                "stock": {
                    "avg": 6,
                    "var": 1.5
                },
                "price": {
                    "avg": 2,
                    "var": 1
                },
                "attributes": {
                    "type": "normal"
                }
            },
            {
                "code": "clayplanter-burnt",
                "type": "block",
                "stacksize": 1,
                "stock": {
                    "avg": 4,
                    "var": 1
                },
                "price": {
                    "avg": 2,
                    "var": 1.75
                }
            },
            {
                "code": "flowerpot-burnt",
                "type": "block",
                "stacksize": 1,
                "stock": {
                    "avg": 10,
                    "var": 2.5
                },
                "price": {
                    "avg": 2,
                    "var": 0.5
                }
            }
        ]
    }
]