[
    {
        "file": "game:config/tradelists/trader-treasurehunter.json", 
        "op": "replace",
        "path": "/money/avg",
        "value": 125
    },
    {
        "file": "game:config/tradelists/trader-treasurehunter.json", 
        "op": "replace",
        "path": "/selling/list",
        "value":[
            {
                "code": "lootvessel-seed",
                "type": "block",
                "stacksize": 1,
                "stock": {
                    "avg": 4,
                    "var": 1
                },
                "price": {
                    "avg": 8,
                    "var": 2
                }
            },
            {
                "code": "creature-humanoid-trader-treasurehunter",
                "type": "item",
                "stacksize": 1,
                "stock": {
                    "avg": 1,
                    "var": 0.25
                },
                "price": {
                    "avg": 800,
                    "var": 0.1
                }
            },
            {
                "code": "lootvessel-food",
                "type": "block",
                "stacksize": 1,
                "stock": {
                    "avg": 4,
                    "var": 1
                },
                "price": {
                    "avg": 6,
                    "var": 1.5
                }
            },
            {
                "code": "lootvessel-forage",
                "type": "block",
                "stacksize": 1,
                "stock": {
                    "avg": 4,
                    "var": 1
                },
                "price": {
                    "avg": 6,
                    "var": 1.5
                }
            },
            {
                "code": "lootvessel-ore",
                "type": "block",
                "stacksize": 1,
                "stock": {
                    "avg": 4,
                    "var": 1
                },
                "price": {
                    "avg": 6,
                    "var": 1.5
                }
            },
            {
                "code": "lootvessel-tool",
                "type": "block",
                "stacksize": 1,
                "stock": {
                    "avg": 4,
                    "var": 1
                },
                "price": {
                    "avg": 6,
                    "var": 1.5
                }
            },
            {
                "code": "lootvessel-farming",
                "type": "block",
                "stacksize": 1,
                "stock": {
                    "avg": 4,
                    "var": 1
                },
                "price": {
                    "avg": 6,
                    "var": 1.5
                }
            },
            {
                "code": "lore-scroll",
                "type": "item",
                "stacksize": 1,
                "stock": {
                    "avg": 4,
                    "var": 1
                },
                "price": {
                    "avg": 4,
                    "var": 1
                },
                "attributes": {
                    "category": "villager"
                }
            },
            {
                "code": "gem-emerald-rough",
                "type": "item",
                "stacksize": 1,
                "stock": {
                    "avg": 1,
                    "var": 0.25
                },
                "price": {
                    "avg": 12,
                    "var": 3
                },
                "attributes": {
                    "potential": "high"
                }
            },
            {
                "code": "ore-lapislazuli",
                "type": "item",
                "stacksize": 6,
                "stock": {
                    "avg": 4,
                    "var": 1
                },
                "price": {
                    "avg": 1,
                    "var": 0.25
                }
            },
            {
                "code": "omoktabletop",
                "type": "block",
                "stacksize": 1,
                "stock": {
                    "avg": 1,
                    "var": 0.25
                },
                "price": {
                    "avg": 10,
                    "var": 2.5
                }
            },
            {
                "code": "gear-temporal",
                "type": "item",
                "stacksize": 1,
                "stock": {
                    "avg": 1,
                    "var": 0.25
                },
                "price": {
                    "avg": 5,
                    "var": 1.25
                }
            },
            {
                "code": "clothes-foot-lackey-shoes",
                "type": "item",
                "stacksize": 1,
                "stock": {
                    "avg": 2,
                    "var": 0.5
                },
                "price": {
                    "avg": 2,
                    "var": 0.5
                }
            },
            {
                "code": "clothes-hand-lackey-gloves",
                "type": "item",
                "stacksize": 1,
                "stock": {
                    "avg": 2,
                    "var": 0.5
                },
                "price": {
                    "avg": 2,
                    "var": 0.5
                }
            },
            {
                "code": "clothes-head-lackey-hat",
                "type": "item",
                "stacksize": 1,
                "stock": {
                    "avg": 2,
                    "var": 0.5
                },
                "price": {
                    "avg": 2,
                    "var": 0.5
                }
            },
            {
                "code": "clothes-lowerbody-lackey-breeches",
                "type": "item",
                "stacksize": 1,
                "stock": {
                    "avg": 2,
                    "var": 0.5
                },
                "price": {
                    "avg": 3,
                    "var": 0.75
                }
            },
            {
                "code": "clothes-upperbody-lackey-shirt",
                "type": "item",
                "stacksize": 1,
                "stock": {
                    "avg": 2,
                    "var": 0.5
                },
                "price": {
                    "avg": 3,
                    "var": 0.75
                }
            },
            {
                "code": "hoovedwearables-blanket-lackey",
                "type": "item",
                "stacksize": 1,
                "stock": {
                    "avg": 1,
                    "var": 0.25
                },
                "price": {
                    "avg": 3,
                    "var": 0.75
                }
            },
            {
                "code": "clothes-arm-squire-bracers",
                "type": "item",
                "stacksize": 1,
                "stock": {
                    "avg": 1,
                    "var": 0.25
                },
                "price": {
                    "avg": 2,
                    "var": 0.5
                }
            },
            {
                "code": "clothes-foot-squire-boots",
                "type": "item",
                "stacksize": 1,
                "stock": {
                    "avg": 1,
                    "var": 0.25
                },
                "price": {
                    "avg": 2,
                    "var": 0.5
                }
            },
            {
                "code": "clothes-head-squire-hood",
                "type": "item",
                "stacksize": 1,
                "stock": {
                    "avg": 1,
                    "var": 0.25
                },
                "price": {
                    "avg": 2,
                    "var": 0.5
                }
            },
            {
                "code": "clothes-lowerbody-squire-pants",
                "type": "item",
                "stacksize": 1,
                "stock": {
                    "avg": 1,
                    "var": 0.25
                },
                "price": {
                    "avg": 3,
                    "var": 0.75
                }
            },
            {
                "code": "clothes-upperbody-squire-shirt",
                "type": "item",
                "stacksize": 1,
                "stock": {
                    "avg": 1,
                    "var": 0.25
                },
                "price": {
                    "avg": 3,
                    "var": 0.75
                }
            },
            {
                "code": "clothes-shoulder-squire-tunic",
                "type": "item",
                "stacksize": 1,
                "stock": {
                    "avg": 1,
                    "var": 0.25
                },
                "price": {
                    "avg": 3,
                    "var": 0.75
                }
            },
            {
                "code": "clothes-waist-squire-belt",
                "type": "item",
                "stacksize": 1,
                "stock": {
                    "avg": 1,
                    "var": 0.25
                },
                "price": {
                    "avg": 2,
                    "var": 0.5
                }
            },
            {
                "code": "hoovedwearables-blanket-squire",
                "type": "item",
                "stacksize": 1,
                "stock": {
                    "avg": 1,
                    "var": 0.25
                },
                "price": {
                    "avg": 2,
                    "var": 0.5
                }
            },
            {
                "code": "clothes-foot-messenger-shoes",
                "type": "item",
                "stacksize": 1,
                "stock": {
                    "avg": 1,
                    "var": 0.25
                },
                "price": {
                    "avg": 2,
                    "var": 0.5
                }
            },
            {
                "code": "clothes-head-messengers-hat",
                "type": "item",
                "stacksize": 1,
                "stock": {
                    "avg": 1,
                    "var": 0.25
                },
                "price": {
                    "avg": 2,
                    "var": 0.5
                }
            },
            {
                "code": "clothes-lowerbody-messenger-trousers",
                "type": "item",
                "stacksize": 1,
                "stock": {
                    "avg": 1,
                    "var": 0.25
                },
                "price": {
                    "avg": 3,
                    "var": 0.75
                }
            },
            {
                "code": "clothes-upperbody-messenger-shirt",
                "type": "item",
                "stacksize": 1,
                "stock": {
                    "avg": 1,
                    "var": 0.25
                },
                "price": {
                    "avg": 3,
                    "var": 0.75
                }
            },
            {
                "code": "clothes-waist-messenger-belt",
                "type": "item",
                "stacksize": 1,
                "stock": {
                    "avg": 1,
                    "var": 0.25
                },
                "price": {
                    "avg": 2,
                    "var": 0.5
                }
            },
            {
                "code": "hoovedwearables-blanket-messenger",
                "type": "item",
                "stacksize": 1,
                "stock": {
                    "avg": 1,
                    "var": 0.25
                },
                "price": {
                    "avg": 3,
                    "var": 0.75
                }
            },
            {
                "code": "metal-parts",
                "type": "block",
                "stacksize": 4,
                "stock": {
                    "avg": 2,
                    "var": 0.5
                },
                "price": {
                    "avg": 2,
                    "var": 0.5
                }
            },
            {
                "code": "gem-diamond-rough",
                "type": "item",
                "stacksize": 1,
                "stock": {
                    "avg": 1,
                    "var": 0.25
                },
                "price": {
                    "avg": 10,
                    "var": 2.5
                },
                "attributes": {
                    "potential": "high"
                }
            },
            {
                "code": "gem-olivine_peridot-rough",
                "type": "item",
                "stacksize": 1,
                "stock": {
                    "avg": 1,
                    "var": 0.25
                },
                "price": {
                    "avg": 10,
                    "var": 2.5
                },
                "attributes": {
                    "potential": "high"
                }
            },
            {
                "code": "armor-head-antique-blackguard-broken",
                "type": "item",
                "stacksize": 1,
                "stock": {
                    "avg": 1,
                    "var": 0.25
                },
                "price": {
                    "avg": 26,
                    "var": 6.5
                }
            },
            {
                "code": "armor-body-antique-blackguard-broken",
                "type": "item",
                "stacksize": 1,
                "stock": {
                    "avg": 1,
                    "var": 0.25
                },
                "price": {
                    "avg": 46,
                    "var": 11.5
                }
            },
            {
                "code": "armor-legs-antique-blackguard-broken",
                "type": "item",
                "stacksize": 1,
                "stock": {
                    "avg": 1,
                    "var": 0.25
                },
                "price": {
                    "avg": 34,
                    "var": 8.5
                }
            },
            {
                "code": "hoovedwearables-blanket-blackguard",
                "type": "item",
                "stacksize": 1,
                "stock": {
                    "avg": 1,
                    "var": 0.25
                },
                "price": {
                    "avg": 20,
                    "var": 5
                }
            },
            {
                "code": "locatormap-treasures",
                "type": "item",
                "stacksize": 1,
                "stock": {
                    "avg": 1,
                    "var": 0.25
                },
                "price": {
                    "avg": 12,
                    "var": 3
                }
            }
        ]
    },
    {
        "file": "game:config/tradelists/trader-treasurehunter.json", 
        "op": "replace",
        "path": "/buying/list",
        "value":[
            {
                "code": "bomb-ore",
                "type": "block",
                "stacksize": 6,
                "stock": {
                    "avg": 5,
                    "var": 1.25
                },
                "price": {
                    "avg": 2,
                    "var": 0.5
                }
            },
            {
                "code": "blade-falx-tinbronze",
                "type": "item",
                "stacksize": 1,
                "stock": {
                    "avg": 1,
                    "var": 0.25
                },
                "price": {
                    "avg": 4,
                    "var": 1
                }
            },
            {
                "code": "blade-falx-bismuthbronze",
                "type": "item",
                "stacksize": 1,
                "stock": {
                    "avg": 1,
                    "var": 0.25
                },
                "price": {
                    "avg": 5,
                    "var": 1.25
                }
            },
            {
                "code": "blade-falx-blackbronze",
                "type": "item",
                "stacksize": 1,
                "stock": {
                    "avg": 1,
                    "var": 0.25
                },
                "price": {
                    "avg": 6,
                    "var": 1.5
                }
            },
            {
                "code": "pickaxe-tinbronze",
                "type": "item",
                "stacksize": 1,
                "stock": {
                    "avg": 1,
                    "var": 0.25
                },
                "price": {
                    "avg": 4,
                    "var": 1
                }
            },
            {
                "code": "pickaxe-bismuthbronze",
                "type": "item",
                "stacksize": 1,
                "stock": {
                    "avg": 1,
                    "var": 0.25
                },
                "price": {
                    "avg": 5,
                    "var": 1.25
                }
            },
            {
                "code": "pickaxe-blackbronze",
                "type": "item",
                "stacksize": 1,
                "stock": {
                    "avg": 1,
                    "var": 0.25
                },
                "price": {
                    "avg": 6,
                    "var": 1.5
                }
            },
            {
                "code": "shovel-tinbronze",
                "type": "item",
                "stacksize": 1,
                "stock": {
                    "avg": 1,
                    "var": 0.25
                },
                "price": {
                    "avg": 4,
                    "var": 1
                }
            },
            {
                "code": "shovel-bismuthbronze",
                "type": "item",
                "stacksize": 1,
                "stock": {
                    "avg": 1,
                    "var": 0.25
                },
                "price": {
                    "avg": 5,
                    "var": 1.25
                }
            },
            {
                "code": "shovel-blackbronze",
                "type": "item",
                "stacksize": 1,
                "stock": {
                    "avg": 1,
                    "var": 0.25
                },
                "price": {
                    "avg": 6,
                    "var": 1.5
                }
            },
            {
                "code": "backpack-normal",
                "type": "item",
                "stacksize": 1,
                "stock": {
                    "avg": 1,
                    "var": 0.25
                },
                "price": {
                    "avg": 5,
                    "var": 1.25
                }
            },
            {
                "code": "linensack",
                "type": "item",
                "stacksize": 1,
                "stock": {
                    "avg": 2,
                    "var": 0.5
                },
                "price": {
                    "avg": 1,
                    "var": 0.25
                }
            },
            {
                "code": "candle",
                "type": "item",
                "stacksize": 2,
                "stock": {
                    "avg": 4,
                    "var": 1
                },
                "price": {
                    "avg": 1,
                    "var": 0.25
                }
            },
            {
                "code": "creature-wolf-pup",
                "type": "item",
                "stacksize": 1,
                "stock": {
                    "avg": 1,
                    "var": 0.25
                },
                "price": {
                    "avg": 14,
                    "var": 3.5
                }
            },
            {
                "code": "redmeat-cooked",
                "type": "item",
                "stacksize": 8,
                "stock": {
                    "avg": 2,
                    "var": 0.5
                },
                "price": {
                    "avg": 1,
                    "var": 0.25
                }
            },
            {
                "code": "bread-spelt-perfect",
                "type": "item",
                "stacksize": 8,
                "stock": {
                    "avg": 4,
                    "var": 1
                },
                "price": {
                    "avg": 1,
                    "var": 0.25
                }
            },
            {
                "code": "bread-rye-perfect",
                "type": "item",
                "stacksize": 8,
                "stock": {
                    "avg": 4,
                    "var": 1
                },
                "price": {
                    "avg": 1,
                    "var": 0.25
                }
            },
            {
                "code": "bread-flax-perfect",
                "type": "item",
                "stacksize": 8,
                "stock": {
                    "avg": 4,
                    "var": 1
                },
                "price": {
                    "avg": 1,
                    "var": 0.25
                }
            },
            {
                "code": "bread-rice-perfect",
                "type": "item",
                "stacksize": 8,
                "stock": {
                    "avg": 4,
                    "var": 1
                },
                "price": {
                    "avg": 1,
                    "var": 0.25
                }
            },
            {
                "code": "sewingkit",
                "type": "item",
                "stacksize": 1,
                "stock": {
                    "avg": 4,
                    "var": 1
                },
                "price": {
                    "avg": 1,
                    "var": 0.25
                }
            },
            {
                "code": "clothes-shoulder-stained-leather-poncho",
                "type": "item",
                "stacksize": 1,
                "stock": {
                    "avg": 1,
                    "var": 0.25
                },
                "price": {
                    "avg": 6,
                    "var": 1.5
                }
            },
            {
                "code": "bow-long",
                "type": "item",
                "stacksize": 1,
                "stock": {
                    "avg": 1,
                    "var": 0.25
                },
                "price": {
                    "avg": 5,
                    "var": 1.25
                }
            },
            {
                "code": "bow-recurve",
                "type": "item",
                "stacksize": 1,
                "stock": {
                    "avg": 1,
                    "var": 0.25
                },
                "price": {
                    "avg": 6,
                    "var": 1.5
                }
            },
            {
                "code": "clothes-foot-high-leather-boots",
                "type": "item",
                "stacksize": 1,
                "stock": {
                    "avg": 1,
                    "var": 0.25
                },
                "price": {
                    "avg": 8,
                    "var": 2
                }
            },
            {
                "code": "shield-woodmetalleather",
                "type": "item",
                "stacksize": 1,
                "stock": {
                    "avg": 1,
                    "var": 0.25
                },
                "price": {
                    "avg": 10,
                    "var": 2.5
                },
                "attributes": {
                    "wood": "generic",
                    "metal": "iron",
                    "color": "brown",
                    "deco": "none"
                }
            }
        ]
    }
]