[
    {
        "file": "game:config/tradelists/trader-clothing.json", 
        "op": "replace",
        "path": "/money/avg",
        "value": 125
    },
    {
        "file": "game:config/tradelists/trader-clothing.json", 
        "op": "replace",
        "path": "/selling/list",
        "value":[
            {
                "code": "clothes-foot-shepherd-sandals",
                "type": "item",
                "stacksize": 1,
                "stock": {
                    "avg": 2,
                    "var": 0.5
                },
                "price": {
                    "avg": 4,
                    "var": 0.5
                }
            },
            {
                "code": "creature-humanoid-trader-clothing",
                "type": "item",
                "stacksize": 1,
                "stock": {
                    "avg": 1,
                    "var": 0.25
                },
                "price": {
                    "avg": 800,
                    "var": 0.1
                }
            },
            {
                "code": "clothes-head-shepherds-cowl",
                "type": "item",
                "stacksize": 1,
                "stock": {
                    "avg": 2,
                    "var": 0.5
                },
                "price": {
                    "avg": 4,
                    "var": 0.5
                }
            },
            {
                "code": "clothes-lowerbody-shepherd-pants",
                "type": "item",
                "stacksize": 1,
                "stock": {
                    "avg": 2,
                    "var": 0.5
                },
                "price": {
                    "avg": 6,
                    "var": 0.75
                }
            },
            {
                "code": "clothes-upperbody-shepherd-tunic",
                "type": "item",
                "stacksize": 1,
                "stock": {
                    "avg": 2,
                    "var": 0.5
                },
                "price": {
                    "avg": 6,
                    "var": 0.75
                }
            },
            {
                "code": "clothes-upperbodyover-huntsmans-tunic",
                "type": "item",
                "stacksize": 1,
                "stock": {
                    "avg": 1,
                    "var": 0.25
                },
                "price": {
                    "avg": 10,
                    "var": 1.25
                }
            },
            {
                "code": "clothes-waist-sturdy-leather-belt",
                "type": "item",
                "stacksize": 1,
                "stock": {
                    "avg": 2,
                    "var": 0.5
                },
                "price": {
                    "avg": 6,
                    "var": 0.75
                }
            },
            {
                "code": "clothes-foot-wool-lined-knee-high-boots",
                "type": "item",
                "stacksize": 1,
                "stock": {
                    "avg": 1,
                    "var": 0.25
                },
                "price": {
                    "avg": 6,
                    "var": 0.75
                }
            },
            {
                "code": "clothes-lowerbody-woolen-leggings",
                "type": "item",
                "stacksize": 1,
                "stock": {
                    "avg": 1,
                    "var": 0.25
                },
                "price": {
                    "avg": 6,
                    "var": 0.75
                }
            },
            {
                "code": "clothes-shoulder-woolen-scarf",
                "type": "item",
                "stacksize": 1,
                "stock": {
                    "avg": 2,
                    "var": 0.5
                },
                "price": {
                    "avg": 6,
                    "var": 0.75
                }
            },
            {
                "code": "clothes-upperbody-woolen-shirt",
                "type": "item",
                "stacksize": 1,
                "stock": {
                    "avg": 2,
                    "var": 0.5
                },
                "price": {
                    "avg": 6,
                    "var": 0.75
                }
            },
            {
                "code": "hoovedwearables-blanket-wool",
                "type": "item",
                "stacksize": 1,
                "stock": {
                    "avg": 1,
                    "var": 0.25
                },
                "price": {
                    "avg": 6,
                    "var": 0.75
                }
            },
            {
                "code": "clothes-waist-heavy-tool-belt",
                "type": "item",
                "stacksize": 1,
                "stock": {
                    "avg": 1,
                    "var": 0.25
                },
                "price": {
                    "avg": 8,
                    "var": 1
                }
            },
            {
                "code": "linen-normal-down",
                "type": "block",
                "stacksize": 2,
                "stock": {
                    "avg": 8,
                    "var": 2
                },
                "price": {
                    "avg": 12,
                    "var": 1.5
                }
            },
            {
                "code": "clothes-arm-merchant-bracelet",
                "type": "item",
                "stacksize": 1,
                "stock": {
                    "avg": 1,
                    "var": 0.25
                },
                "price": {
                    "avg": 4,
                    "var": 0.5
                }
            },
            {
                "code": "clothes-foot-merchant-shoes",
                "type": "item",
                "stacksize": 1,
                "stock": {
                    "avg": 1,
                    "var": 0.25
                },
                "price": {
                    "avg": 6,
                    "var": 0.75
                }
            },
            {
                "code": "clothes-head-merchant-hat",
                "type": "item",
                "stacksize": 1,
                "stock": {
                    "avg": 1,
                    "var": 0.25
                },
                "price": {
                    "avg": 6,
                    "var": 0.75
                }
            },
            {
                "code": "clothes-lowerbody-merchant-pants",
                "type": "item",
                "stacksize": 1,
                "stock": {
                    "avg": 1,
                    "var": 0.25
                },
                "price": {
                    "avg": 8,
                    "var": 1
                }
            },
            {
                "code": "clothes-neck-merchant-amulet",
                "type": "item",
                "stacksize": 1,
                "stock": {
                    "avg": 2,
                    "var": 0.5
                },
                "price": {
                    "avg": 6,
                    "var": 0.75
                }
            },
            {
                "code": "clothes-upperbody-merchant-shirt",
                "type": "item",
                "stacksize": 1,
                "stock": {
                    "avg": 1,
                    "var": 0.25
                },
                "price": {
                    "avg": 8,
                    "var": 1
                }
            },
            {
                "code": "clothes-waist-merchant-belt",
                "type": "item",
                "stacksize": 1,
                "stock": {
                    "avg": 1,
                    "var": 0.25
                },
                "price": {
                    "avg": 6,
                    "var": 0.75
                }
            },
            {
                "code": "hoovedwearables-blanket-merchant",
                "type": "item",
                "stacksize": 1,
                "stock": {
                    "avg": 1,
                    "var": 0.25
                },
                "price": {
                    "avg": 4,
                    "var": 0.5
                }
            },
            {
                "code": "clothes-foot-minstrel-boots",
                "type": "item",
                "stacksize": 1,
                "stock": {
                    "avg": 1,
                    "var": 0.25
                },
                "price": {
                    "avg": 8,
                    "var": 1
                }
            },
            {
                "code": "clothes-hand-minstrel-gloves",
                "type": "item",
                "stacksize": 1,
                "stock": {
                    "avg": 1,
                    "var": 0.25
                },
                "price": {
                    "avg": 8,
                    "var": 1
                }
            },
            {
                "code": "clothes-head-minstrel-hat",
                "type": "item",
                "stacksize": 1,
                "stock": {
                    "avg": 1,
                    "var": 0.25
                },
                "price": {
                    "avg": 12,
                    "var": 1.5
                }
            },
            {
                "code": "clothes-lowerbody-minstrel-pants",
                "type": "item",
                "stacksize": 1,
                "stock": {
                    "avg": 1,
                    "var": 0.25
                },
                "price": {
                    "avg": 10,
                    "var": 1.25
                }
            },
            {
                "code": "clothes-shoulder-minstrel-coat",
                "type": "item",
                "stacksize": 1,
                "stock": {
                    "avg": 1,
                    "var": 0.25
                },
                "price": {
                    "avg": 12,
                    "var": 1.5
                }
            },
            {
                "code": "clothes-upperbody-minstrel-shirt",
                "type": "item",
                "stacksize": 1,
                "stock": {
                    "avg": 1,
                    "var": 0.25
                },
                "price": {
                    "avg": 10,
                    "var": 1.25
                }
            },
            {
                "code": "clothes-upperbodyover-warm-robe",
                "type": "item",
                "stacksize": 1,
                "stock": {
                    "avg": 1,
                    "var": 0.25
                },
                "price": {
                    "avg": 12,
                    "var": 1.5
                }
            },
            {
                "code": "clothes-shoulder-embroidered-collar",
                "type": "item",
                "stacksize": 1,
                "stock": {
                    "avg": 1,
                    "var": 0.25
                },
                "price": {
                    "avg": 4,
                    "var": 0.5
                }
            },
            {
                "code": "clothes-shoulder-jord-robe",
                "type": "item",
                "stacksize": 1,
                "stock": {
                    "avg": 1,
                    "var": 0.25
                },
                "price": {
                    "avg": 12,
                    "var": 1.5
                }
            },
            {
                "code": "clothes-upperbodyover-travelers-earthrobe",
                "type": "item",
                "stacksize": 1,
                "stock": {
                    "avg": 1,
                    "var": 0.25
                },
                "price": {
                    "avg": 12,
                    "var": 1.5
                }
            },
            {
                "code": "clothes-waist-moss-embroidered-belt",
                "type": "item",
                "stacksize": 1,
                "stock": {
                    "avg": 1,
                    "var": 0.25
                },
                "price": {
                    "avg": 8,
                    "var": 1
                }
            },
            {
                "code": "clothes-arm-copper-bracelet",
                "type": "item",
                "stacksize": 1,
                "stock": {
                    "avg": 1,
                    "var": 0.25
                },
                "price": {
                    "avg": 4,
                    "var": 0.5
                }
            },
            {
                "code": "clothes-arm-leather-bracers",
                "type": "item",
                "stacksize": 1,
                "stock": {
                    "avg": 1,
                    "var": 0.25
                },
                "price": {
                    "avg": 4,
                    "var": 0.5
                }
            },
            {
                "code": "armor-head-sewn-linen",
                "type": "item",
                "stacksize": 1,
                "stock": {
                    "avg": 1,
                    "var": 0.25
                },
                "price": {
                    "avg": 16,
                    "var": 2
                }
            },
            {
                "code": "armor-body-sewn-linen",
                "type": "item",
                "stacksize": 1,
                "stock": {
                    "avg": 1,
                    "var": 0.25
                },
                "price": {
                    "avg": 24,
                    "var": 8.5
                }
            },
            {
                "code": "armor-legs-sewn-linen",
                "type": "item",
                "stacksize": 1,
                "stock": {
                    "avg": 1,
                    "var": 0.25
                },
                "price": {
                    "avg": 16,
                    "var": 3.5
                }
            },
            {
                "code": "clothes-upperbody-reindeer-herder-collared-shirt",
                "type": "item",
                "stacksize": 1,
                "stock": {
                    "avg": 1,
                    "var": 0.25
                },
                "price": {
                    "avg": 20,
                    "var": 3
                }
            },
            {
                "code": "clothes-upperbodyover-reindeer-herder-fur-coat",
                "type": "item",
                "stacksize": 1,
                "stock": {
                    "avg": 1,
                    "var": 0.25
                },
                "price": {
                    "avg": 28,
                    "var": 3.5
                }
            },
            {
                "code": "hoovedwearables-blanket-herder",
                "type": "item",
                "stacksize": 1,
                "stock": {
                    "avg": 1,
                    "var": 0.25
                },
                "price": {
                    "avg": 16,
                    "var": 2.5
                }
            },
            {
                "code": "hoovedwearables-face-face12",
                "type": "item",
                "stacksize": 1,
                "stock": {
                    "avg": 1,
                    "var": 0.25
                },
                "price": {
                    "avg": 12,
                    "var": 2
                }
            }
        ]
    },
    {
        "file": "game:config/tradelists/trader-clothing.json", 
        "op": "replace",
        "path": "/buying/list",
        "value":[
            {
                "code": "flaxtwine",
                "type": "item",
                "stacksize": 6,
                "stock": {
                    "avg": 5,
                    "var": 1.25
                },
                "price": {
                    "avg": 1,
                    "var": 0.25
                }
            },
            {
                "code": "leather-normal-plain",
                "type": "item",
                "stacksize": 2,
                "stock": {
                    "avg": 4,
                    "var": 1
                },
                "price": {
                    "avg": 1,
                    "var": 0.25
                }
            },
            {
                "code": "ingot-copper",
                "type": "item",
                "stacksize": 1,
                "stock": {
                    "avg": 4,
                    "var": 1
                },
                "price": {
                    "avg": 1,
                    "var": 0.25
                }
            },
            {
                "code": "linen-normal-down",
                "type": "block",
                "stacksize": 2,
                "stock": {
                    "avg": 5,
                    "var": 1.25
                },
                "price": {
                    "avg": 1,
                    "var": 0.25
                }
            },
            {
                "code": "clothes-foot-tigh-high-boots",
                "type": "item",
                "stacksize": 1,
                "stock": {
                    "avg": 1,
                    "var": 0.25
                },
                "price": {
                    "avg": 8,
                    "var": 2
                }
            },
            {
                "code": "clothes-foot-aristocrat-shoes",
                "type": "item",
                "stacksize": 1,
                "stock": {
                    "avg": 1,
                    "var": 0.25
                },
                "price": {
                    "avg": 7,
                    "var": 1.75
                }
            },
            {
                "code": "clothes-lowerbody-aristocrat-leggings",
                "type": "item",
                "stacksize": 1,
                "stock": {
                    "avg": 1,
                    "var": 0.25
                },
                "price": {
                    "avg": 10,
                    "var": 2.5
                }
            },
            {
                "code": "clothes-shoulder-aristocrat-mantle",
                "type": "item",
                "stacksize": 1,
                "stock": {
                    "avg": 1,
                    "var": 0.25
                },
                "price": {
                    "avg": 14,
                    "var": 3.5
                }
            },
            {
                "code": "clothes-upperbody-aristocrat-shirt",
                "type": "item",
                "stacksize": 1,
                "stock": {
                    "avg": 1,
                    "var": 0.25
                },
                "price": {
                    "avg": 10,
                    "var": 2.5
                }
            },
            {
                "code": "clothes-waist-aristocrat-belt",
                "type": "item",
                "stacksize": 1,
                "stock": {
                    "avg": 1,
                    "var": 0.25
                },
                "price": {
                    "avg": 7,
                    "var": 1.75
                }
            },
            {
                "code": "clothes-foot-lackey-shoes",
                "type": "item",
                "stacksize": 1,
                "stock": {
                    "avg": 2,
                    "var": 0.5
                },
                "price": {
                    "avg": 2,
                    "var": 0.5
                }
            },
            {
                "code": "clothes-hand-lackey-gloves",
                "type": "item",
                "stacksize": 1,
                "stock": {
                    "avg": 2,
                    "var": 0.5
                },
                "price": {
                    "avg": 2,
                    "var": 0.5
                }
            },
            {
                "code": "clothes-head-lackey-hat",
                "type": "item",
                "stacksize": 1,
                "stock": {
                    "avg": 2,
                    "var": 0.5
                },
                "price": {
                    "avg": 2,
                    "var": 0.5
                }
            },
            {
                "code": "clothes-lowerbody-lackey-breeches",
                "type": "item",
                "stacksize": 1,
                "stock": {
                    "avg": 2,
                    "var": 0.5
                },
                "price": {
                    "avg": 3,
                    "var": 0.75
                }
            },
            {
                "code": "clothes-upperbody-lackey-shirt",
                "type": "item",
                "stacksize": 1,
                "stock": {
                    "avg": 2,
                    "var": 0.5
                },
                "price": {
                    "avg": 3,
                    "var": 0.75
                }
            },
            {
                "code": "hoovedwearables-blanket-lackey",
                "type": "item",
                "stacksize": 1,
                "stock": {
                    "avg": 1,
                    "var": 0.25
                },
                "price": {
                    "avg": 2,
                    "var": 0.5
                }
            },
            {
                "code": "clothes-arm-squire-bracers",
                "type": "item",
                "stacksize": 1,
                "stock": {
                    "avg": 2,
                    "var": 0.5
                },
                "price": {
                    "avg": 2,
                    "var": 0.5
                }
            },
            {
                "code": "clothes-foot-squire-boots",
                "type": "item",
                "stacksize": 1,
                "stock": {
                    "avg": 2,
                    "var": 0.5
                },
                "price": {
                    "avg": 2,
                    "var": 0.5
                }
            },
            {
                "code": "clothes-head-squire-hood",
                "type": "item",
                "stacksize": 1,
                "stock": {
                    "avg": 2,
                    "var": 0.5
                },
                "price": {
                    "avg": 2,
                    "var": 0.5
                }
            },
            {
                "code": "clothes-lowerbody-squire-pants",
                "type": "item",
                "stacksize": 1,
                "stock": {
                    "avg": 2,
                    "var": 0.5
                },
                "price": {
                    "avg": 3,
                    "var": 0.75
                }
            },
            {
                "code": "clothes-shoulder-squire-tunic",
                "type": "item",
                "stacksize": 1,
                "stock": {
                    "avg": 2,
                    "var": 0.5
                },
                "price": {
                    "avg": 3,
                    "var": 0.75
                }
            },
            {
                "code": "clothes-upperbody-squire-shirt",
                "type": "item",
                "stacksize": 1,
                "stock": {
                    "avg": 2,
                    "var": 0.5
                },
                "price": {
                    "avg": 3,
                    "var": 0.75
                }
            },
            {
                "code": "clothes-waist-squire-belt",
                "type": "item",
                "stacksize": 1,
                "stock": {
                    "avg": 2,
                    "var": 0.5
                },
                "price": {
                    "avg": 2,
                    "var": 0.5
                }
            },
            {
                "code": "hoovedwearables-blanket-squire",
                "type": "item",
                "stacksize": 1,
                "stock": {
                    "avg": 1,
                    "var": 0.25
                },
                "price": {
                    "avg": 2,
                    "var": 0.5
                }
            },
            {
                "code": "chest-east",
                "type": "block",
                "stacksize": 1,
                "stock": {
                    "avg": 2,
                    "var": 0.5
                },
                "price": {
                    "avg": 10,
                    "var": 2.5
                },
                "attributes": {
                    "type": "owl"
                }
            },
            {
                "code": "clothes-shoulder-hooded-cape",
                "type": "item",
                "stacksize": 1,
                "stock": {
                    "avg": 2,
                    "var": 0.5
                },
                "price": {
                    "avg": 3,
                    "var": 0.75
                }
            },
            {
                "code": "clothes-upperbodyover-spice-merchants-coat",
                "type": "item",
                "stacksize": 1,
                "stock": {
                    "avg": 2,
                    "var": 0.5
                },
                "price": {
                    "avg": 4,
                    "var": 1
                }
            },
            {
                "code": "clothes-foot-nomad-boots",
                "type": "item",
                "stacksize": 1,
                "stock": {
                    "avg": 2,
                    "var": 0.5
                },
                "price": {
                    "avg": 2,
                    "var": 0.5
                }
            },
            {
                "code": "clothes-lowerbody-nomad-trousers",
                "type": "item",
                "stacksize": 1,
                "stock": {
                    "avg": 2,
                    "var": 0.5
                },
                "price": {
                    "avg": 2,
                    "var": 0.5
                }
            },
            {
                "code": "clothes-upperbodyover-nomad-mantle",
                "type": "item",
                "stacksize": 1,
                "stock": {
                    "avg": 2,
                    "var": 0.5
                },
                "price": {
                    "avg": 2,
                    "var": 0.5
                }
            },
            {
                "code": "clothes-foot-noble-shoes",
                "type": "item",
                "stacksize": 1,
                "stock": {
                    "avg": 1,
                    "var": 0.25
                },
                "price": {
                    "avg": 6,
                    "var": 1.5
                }
            },
            {
                "code": "clothes-hand-noble-riding-gloves",
                "type": "item",
                "stacksize": 1,
                "stock": {
                    "avg": 1,
                    "var": 0.25
                },
                "price": {
                    "avg": 6,
                    "var": 1.5
                }
            },
            {
                "code": "clothes-head-noble-fillet",
                "type": "item",
                "stacksize": 1,
                "stock": {
                    "avg": 1,
                    "var": 0.25
                },
                "price": {
                    "avg": 7,
                    "var": 1.75
                }
            },
            {
                "code": "clothes-lowerbody-noble-pants",
                "type": "item",
                "stacksize": 1,
                "stock": {
                    "avg": 1,
                    "var": 0.25
                },
                "price": {
                    "avg": 7,
                    "var": 1.75
                }
            },
            {
                "code": "clothes-neck-noble-necklace",
                "type": "item",
                "stacksize": 1,
                "stock": {
                    "avg": 1,
                    "var": 0.25
                },
                "price": {
                    "avg": 6,
                    "var": 1.5
                }
            },
            {
                "code": "clothes-shoulder-noble-fur-collar",
                "type": "item",
                "stacksize": 1,
                "stock": {
                    "avg": 1,
                    "var": 0.25
                },
                "price": {
                    "avg": 6,
                    "var": 1.5
                }
            },
            {
                "code": "clothes-upperbody-noble-shirt",
                "type": "item",
                "stacksize": 1,
                "stock": {
                    "avg": 1,
                    "var": 0.25
                },
                "price": {
                    "avg": 7,
                    "var": 1.75
                }
            },
            {
                "code": "clothes-waist-noble-sash",
                "type": "item",
                "stacksize": 1,
                "stock": {
                    "avg": 1,
                    "var": 0.25
                },
                "price": {
                    "avg": 7,
                    "var": 1.75
                }
            }
        ]
    }
]