{
    "inheritFrom": "game:blocktypes/wood/fruitpress",
    "code": "fruitpress",
    "creativeinventory": {
        "general": ["*-ns"],
        "vanvar": ["*-ns"]
    },
    "attributes": {
        "textureCodeForBlockColor": "oak",
        "handbook": { "groupBy": ["fruitpress-*"] }
    },
    "variantgroups": [
        { "code": "metal", "states": ["copper", "tinbronze", "bismuthbronze", "blackbronze", "iron", "meteoriciron", "steel"] },
        { "code": "wood", "states": ["aged"], "loadFromProperties": "block/wood" },
        { "code": "orientation", "states": ["ns", "we"] }
    ],
    "skipVariants": ["*-copper-oak-*"],
    "behaviors": [
        {
            "name": "VanillaVariants.BlockName",
            "properties": {
                "parts": ["block-fruitpress-*", " (", "material-{metal}", ")", " (", "material-{wood}", ")"]
            }
        },
        { "name": "NWOrientable" }
    ],
    "shapeInventory": { "base": "game:block/wood/fruitpress/inventory" },
    "shapebytype": {
        "*-ns": { "base": "game:block/wood/fruitpress/part-static", "rotateY": 0 },
        "*-we": { "base": "game:block/wood/fruitpress/part-static", "rotateY": 90 }
    },
    "textures": {
        "oak": { "base": "game:block/wood/debarked/{wood}" },
        "iron2": { "base": "game:block/metal/sheet/{metal}2" }
    },
    "sounds": {
        "place": "game:block/planks",
        "break": "game:block/planks",
        "hit": "game:block/planks"
    }
}
