{
    "inheritFrom": "game:blocktypes/wood/henbox",
    "code": "henbox",
    "behaviors": [
        {
            "name": "VanillaVariants.BlockName",
            "properties": {
                "parts": ["block-henbox", " (", "material-{wood}", ")"]
            }
        }
    ],
    "variantgroups": [{ "code": "wood", "states": ["aged"], "loadFromProperties": "block/wood" }],
    "skipVariants": ["*-oak"],
    "creativeinventory": { "general": ["*"], "vanvar": ["*"] },
    "shape": { "base": "game:block/wood/henbox/henbox-empty" },
    "textures": {
        "hay-egg": { "base": "game:block/wood/henbox/hay-egg" },
        "singlehay2": { "base": "game:block/wood/trough/large/singlehay2" },
        "sides": { "base": "game:block/wood/debarked/{wood}", "blendedOverlays": [{ "base": "vanvar:block/henbox/sides" }] },
        "wood": { "base": "game:block/wood/debarked/{wood}" }
    },
    "sounds": {
        "place": "game:block/planks",
        "hit": "game:block/planks",
        "break": "game:block/planks",
        "walk": "game:walk/wood"
    }
}
