{
    "inheritFrom": "game:blocktypes/wood/moldrack",
    "code": "moldrack",
    "variantgroups": [
        { "code": "type", "states": ["aged"], "loadFromProperties": "block/wood" },
        { "code": "side", "loadFromProperties": "abstract/horizontalorientation" }
    ],
    "skipVariants": ["*-oak-*"],
    "behaviors": [
        {
            "name": "VanillaVariants.BlockName",
            "properties": {
                "parts": ["block-moldrack-*", " (", "material-{type}", ")"]
            }
        },
        { "name": "HorizontalAttachable", "properties": { "dropBlockFace": "east" } }
    ],
    "attributes": {
        "handbook": {
            "groupBy": ["moldrack-*"]
            // "extraSections": [{ "title": "", "text": "game:block-handbooktext-moldrack-*" }]
        }
    },
    "shapeByType": {
        "*-north": { "base": "game:block/wood/moldrack", "rotateY": 0 },
        "*-east": { "base": "game:block/wood/moldrack", "rotateY": 270 },
        "*-west": { "base": "game:block/wood/moldrack", "rotateY": 90 },
        "*-south": { "base": "game:block/wood/moldrack", "rotateY": 180 }
    },
    "textures": { "all": { "base": "game:block/wood/debarked/{type}" } },
    "creativeinventory": {
        "general": ["*-east"],
        "decorative": ["*-east"],
        "vanvar": ["*-east"]
    },
    "sounds": {
        "place": "game:block/planks",
        "hit": "game:block/planks",
        "break": "game:block/planks",
        "walk": "game:walk/wood"
    }
}
