{
    "inheritFrom": "game:blocktypes/wood/pan",
    "code": "pan",
    "behaviors": [
        { "name": "SneakPlacing" },
        { "name": "UnstableFalling", "properties": { "attachmentArea": { "x1": 5, "y1": 0, "z1": 5, "x2": 10, "y2": 0, "z2": 10 } } },
        { "name": "RightClickPickup" },
        {
            "name": "VanillaVariants.BlockName",
            "properties": {
                "parts": ["block-pan-wooden", " (", "material-{type}", ")"]
            }
        }
    ],
    "attributes": {
        "handbook": {
            "groupBy": ["pan-*"],
            "extraSections": [{ "title": "game:block-handbooktitle-pan-wooden", "text": "game:block-handbooktext-pan-wooden" }]
        }
    },
    "variantgroups": [{ "code": "type", "states": ["aged"], "loadFromProperties": "block/wood" }],
    "skipVariants": ["*-oak"],
    "shape": { "base": "game:block/wood/pan/empty" },
    "textures": {
        "all": { "base": "game:block/wood/debarked/{type}" },
        "wood-generic": { "base": "game:block/wood/debarked/{type}" }
    },
    "creativeinventory": {
        "general": ["*"],
        "items": ["*"],
        "tools": ["*"],
        "vanvar": ["*"]
    },
    "sounds": {
        "place": "game:block/planks",
        "hit": "game:block/planks",
        "break": "game:block/planks",
        "walk": "game:walk/wood"
    }
}
