{
    "inheritFrom": "game:blocktypes/wood/sign",
    "code": "sign",
    "creativeinventory": { "general": ["*-ground-north"], "decorative": ["*-ground-north"], "vanvar": ["*-ground-north"] },
    "behaviors": [
        {
            "name": "VanillaVariants.BlockName",
            "properties": {
                "parts": ["block-sign-ground-*", " (", "material-{type}", ")"]
            }
        }
    ],
    "attributes": {
        "handbook": { "groupBy": ["sign-*"] }
    },
    "variantgroups": [
        { "code": "type", "states": ["aged"], "loadFromProperties": "block/wood" },
        { "code": "attachment", "states": ["ground", "wall"] },
        { "code": "side", "loadFromProperties": "abstract/horizontalorientation" }
    ],
    "skipVariants": ["*-oak-*"],
    "shapebytype": {
        "*-ground-north": { "base": "game:block/wood/sign", "rotateY": 0 },
        "*-ground-east": { "base": "game:block/wood/sign", "rotateY": 270 },
        "*-ground-south": { "base": "game:block/wood/sign", "rotateY": 180 },
        "*-ground-west": { "base": "game:block/wood/sign", "rotateY": 90 },
        "*-wall-north": { "base": "game:block/wood/signwall", "rotateY": 0 },
        "*-wall-east": { "base": "game:block/wood/signwall", "rotateY": 270 },
        "*-wall-south": { "base": "game:block/wood/signwall", "rotateY": 180 },
        "*-wall-west": { "base": "game:block/wood/signwall", "rotateY": 90 }
    },
    "textures": { "all": { "base": "game:block/wood/debarked/{type}" } },
    "sounds": {
        "place": "game:block/planks",
        "hit": "game:block/planks",
        "break": "game:block/planks",
        "walk": "game:walk/wood"
    }
}
