{
    "inheritFrom": "game:blocktypes/wood/table",
    "code": "table",
    "creativeinventoryByType": { "*": { "general": ["*"], "decorative": ["*"], "vanvar": ["*"] } },
    "behaviors": [
        {
            "name": "VanillaVariants.BlockName",
            "properties": {
                "parts": ["block-table-{type}", " (", "material-{material}", ")"]
            }
        },
        { "name": "UnstableFalling" }
    ],
    "variantgroups": [
        { "code": "material", "states": ["aged"], "loadFromProperties": "block/wood" },
        { "code": "type", "states": ["normal", "whitemarble", "redmarble", "greenmarble"] }
    ],
    "skipVariants": ["*-oak-*"],
    "attributes": {
        "handbook": { "groupBy": ["table-*-{type}"] }
    },
    "shape": { "base": "game:block/wood/table" },
    "sounds": {
        "place": "game:block/planks",
        "hit": "game:block/planks",
        "break": "game:block/planks",
        "walk": "game:walk/wood"
    },
    "texturesByType": {
        "*-whitemarble": {
            "sides": { "base": "game:block/wood/debarked/{material}", "blendedOverlays": [{ "base": "vanvar:block/table/sides-{type}" }] },
            "top": { "base": "game:block/stone/polishedrock/{type}-inside" },
            "bottom": { "base": "game:block/wood/debarked/{material}" },
            "legs": { "base": "game:block/wood/debarked/{material}", "rotation": 90 },
            "oak": { "base": "game:block/wood/debarked/{material}" }
        },
        "*-redmarble": {
            "sides": { "base": "game:block/wood/debarked/{material}", "blendedOverlays": [{ "base": "vanvar:block/table/sides-{type}" }] },
            "top": { "base": "game:block/stone/polishedrock/{type}-inside" },
            "bottom": { "base": "game:block/wood/debarked/{material}" },
            "legs": { "base": "game:block/wood/debarked/{material}", "rotation": 90 },
            "oak": { "base": "game:block/wood/debarked/{material}" }
        },
        "*-greenmarble": {
            "sides": { "base": "game:block/wood/debarked/{material}", "blendedOverlays": [{ "base": "vanvar:block/table/sides-{type}" }] },
            "top": { "base": "game:block/stone/polishedrock/{type}-inside" },
            "bottom": { "base": "game:block/wood/debarked/{material}" },
            "legs": { "base": "game:block/wood/debarked/{material}", "rotation": 90 },
            "oak": { "base": "game:block/wood/debarked/{material}" }
        },
        "*": {
            "sides": { "base": "game:block/wood/debarked/{material}" },
            "top": { "base": "game:block/wood/debarked/{material}" },
            "bottom": { "base": "game:block/wood/debarked/{material}" },
            "legs": { "base": "game:block/wood/debarked/{material}", "rotation": 90 },
            "oak": { "base": "game:block/wood/debarked/{material}" }
        }
    }
}
