[
    {
        file: "game:entities/animal/mammal/hooved/deer-adult.json",
        op: "replace",
        path: "/server/behaviors/12/enabledByType",
        value: {
            "*-adult-male": true,
            "deer-caribou-adult-female": true,
            "*": false
        },
        side: "server"
    },
    {
        file: "game:entities/animal/mammal/hooved/deer-adult.json",
        op: "replace",
        path: "/client/behaviors/6/enabledByType",
        value: {
            "*-adult-male": true,
            "deer-caribou-adult-female": true,
            "*": false
        },
        side: "server"
    },
    {
        file: "game:entities/animal/mammal/hooved/deer-adult.json",
        op: "add",
        path: "/server/behaviors/12/variantsByType/deer-caribou-adult-female",
        value: ["01", "02", "03", "04", "05", "06", "07"],
        side: "server"
    },
    {
        file: "game:entities/animal/mammal/hooved/deer-adult.json",
        op: "remove",
        path: "/server/behaviors/12/beginGrowMonth",
        side: "server"
    },
    {
        file: "game:entities/animal/mammal/hooved/deer-adult.json",
        op: "addmerge",
        path: "/server/behaviors/12/beginGrowMonthByType",
        value: { "deer-caribou-male-*": 6, "*": 7 },
        side: "server"
    },
    {
        file: "game:entities/animal/mammal/hooved/deer-adult.json",
        op: "remove",
        path: "/server/behaviors/12/growDurationMonths",
        side: "server"
    },
    {
        file: "game:entities/animal/mammal/hooved/deer-adult.json",
        op: "addmerge",
        path: "/server/behaviors/12/growDurationMonthsByType",
        value: { "deer-caribou-*": 4, "*": 3, },
        side: "server"
    },
    {
        file: "game:entities/animal/mammal/hooved/deer-adult.json",
        op: "replace",
        path: "/server/behaviors/12/grownDurationMonths",
        value: 4,
        side: "server"
    },
    {
        file: "game:entities/animal/mammal/hooved/deer-adult.json",
        op: "replace",
        path: "/server/behaviors/12/shedDurationMonths",
        value: 0.9,
        side: "server"
    },

    {
        file: "game:entities/animal/mammal/hooved/deer-adult.json",
        op: "add",
        path: "/server/behaviors/-",
        value: {
            code: "agegradually",
            monthsToGrow: 24.0,
            startAgeMonths: 12.0,
            initialWeight: 0.7,
        },
        side: "server"
    },
    {
        file: "game:entities/animal/mammal/hooved/deer-adult.json",
        op: "add",
        path: "/client/behaviors/-",
        value: { code: "agegradually" },
        side: "server"
    },

    {
        file: "game:entities/animal/mammal/hooved/deer-adult.json",
        op: "replace",
        path: "/server/behaviors/7/drops/0/quantityByType",
        value: {
            "deer-caribou-*": { avg: 25, var: 0 },
            "deer-chital-*": { avg: 12, var: 0 },
            "deer-elk-*": { avg: 53, var: 0 },
            "deer-fallow-*": { avg: 11, var: 0 },
            "deer-guemal-*": { avg: 13, var: 0 },
            "deer-marsh-*": { avg: 18, var: 0 },
            "deer-pampas-*": { avg: 5.1, var: 0 },
            "deer-pudu-*": { avg: 1.8, var: 0 },
            "deer-redbrocket-*": { avg: 4.2, var: 0 },
            "deer-taruca-*": { avg: 11, var: 0 },
            "deer-water-*": { avg: 3.8, var: 0 },
            "deer-whitetail-*": { avg: 11, var: 0 },
        },
        side: "server"
    },
    {
        file: "game:entities/animal/mammal/hooved/deer-adult.json",
        op: "replace",
        path: "/server/behaviors/7/drops/1/quantity/avgByType",
        value: {
            "deer-chital-*": 1.4,
            "deer-fallow-*": 1.3,
            "deer-guemal-*": 1.5,
            "deer-taruca-*": 1.2,
            "deer-whitetail-*": 1.2,
            "*": 0,
        },
        side: "server"
    },
    {
        file: "game:entities/animal/mammal/hooved/deer-adult.json",
        op: "replace",
        path: "/server/behaviors/7/drops/2/quantityByType",
        value: {
            "deer-pampas-*": { avg: 1.1, var: 0.1 },
            "deer-redbrocket-*": { avg: 0.94, var: 0.1 },
            "deer-water-*": { avg: 0.92, var: 0.1 },
            "*": { avg: 0, var: 0 }
        },
        side: "server"
    },
    {
        file: "game:entities/animal/mammal/hooved/deer-adult.json",
        op: "replace",
        path: "/server/behaviors/7/drops/3/quantity/avgByType",
        value: {
            "deer-pudu-*": 0.94,
            "*": 0,
        },
        side: "server"
    },
    {
        file: "game:entities/animal/mammal/hooved/deer-adult.json",
        op: "replace",
        path: "/server/behaviors/7/drops/4/quantityByType",
        value: {
            "deer-caribou-*": { avg: 4.2, var: 0.1 },
            "deer-chital-*": { avg: 2, var: 0.1 },
            "deer-elk-*": { avg: 8.9, var: 0.2 },
            "deer-fallow-*": { avg: 1.9, var: 0 },
            "deer-guemal-*": { avg: 2.3, var: 0 },
            "deer-marsh-*": { avg: 3, var: 0 },
            "deer-pampas-*": { avg: 0.9, var: 0 },
            "deer-pudu-*": { avg: 0.2, var: 0 },
            "deer-redbrocket-*": { avg: 0.7, var: 0 },
            "deer-taruca-*": { avg: 1.7, var: 0 },
            "deer-water-*": { avg: 0.6, var: 0 },
            "deer-whitetail-*": { avg: 1.8, var: 0 },
        },
        side: "server"
    },
    {
        file: "game:entities/animal/mammal/hooved/deer-adult.json",
        op: "add",
        path: "/server/behaviors/7/drops/-",
        value: {
            type: "item",
            code: "game:hide-raw-huge",
            category: "pelt",
            quantityByType: {
                "deer-caribou-*": { avg: 1.3, var: 0.1 },
                "deer-elk-*": { avg: 2.2, var: 0.1 },
                "deer-marsh-*": { avg: 1, var: 0.1 },
                "*": { avg: 0, var: 0 }
            }
        },
        side: "server"
    },
    {
        file: "game:entities/animal/mammal/hooved/deer-adult.json",
        op: "add",
        path: "/attributes/adultWeightKgByType",
        value: {
            "deer-caribou-*": 135,
            "deer-chital-*": 65,
            "deer-elk-*": 285,
            "deer-fallow-*": 60,
            "deer-guemal-*": 72.5,
            "deer-marsh-*": 95,
            "deer-pampas-*": 27.25,
            "deer-pudu-*": 7.25,
            "deer-redbrocket-*": 22.25,
            "deer-taruca-*": 55,
            "deer-water-*": 20,
            "deer-whitetail-*": 56.5,
        },
        side: "server"
    },
    {
        file: "game:entities/animal/mammal/hooved/deer-adult.json",
        op: "add",
        path: "/attributes/weightDimorphismByType",
        value: {
            "deer-caribou-*": 0.12,
            "deer-chital-*": 0.23,
            "deer-elk-*": 0.19,
            "deer-fallow-*": 0.33,
            "deer-guemal-*": 0.1,
            "deer-marsh-*": 0.05,
            "deer-pampas-*": 0.06,
            "deer-pudu-*": 0.05,
            "deer-redbrocket-*": 0.06,
            "deer-taruca-*": 0.09,
            "deer-water-*": 0.05,
            "deer-whitetail-*": 0.02,
        },
        side: "server"
    },
    {
        file: "game:entities/animal/mammal/hooved/deer-adult.json",
        op: "replace",
        path: "/client/sizeByType",
        value: {
            "*": 1,
        },
        side: "server"
    },


    {
        file: "game:entities/animal/mammal/hooved/deer-adult.json",
        op: "add",
        path: "/client/behaviors/-",
        value: { code: "reproduce", enabledByType: { "*-adult-female": true, "*": false } },
        side: "server"
    },
    {
        file: "game:entities/animal/mammal/hooved/deer-adult.json",
        op: "add",
        path: "/server/behaviors/-",
        value: {
            code: "reproduce",
            enabledByType: { "*-adult-female": true, "*": false },
            mateTaskPriority: 1.37,
            sireCodesByType: {
                "*-elk-*": ["game:deer-{type}-adult-male", "game:tamedeer-{type}-adult-male", "game:tamedeer-albino{type}-adult-male"],
                "*": ["game:deer-{type}-adult-male"],
            },
            spawnEntityCodes: [{"code": "game:deer-{type}-baby-male"}, {"code": "game:deer-{type}-baby-female"}],
            pregnancyMonthsByType: {
                "deer-caribou-*": 7.56,
                "deer-chital-*": 7.17,
                "deer-elk-*": 8.05,
                "deer-fallow-*": 8.05,
                "deer-guemal-*": 7,
                "deer-marsh-*": 8.22,
                "deer-pampas-*": 7.2,
                "deer-pudu-*": 7,
                "deer-redbrocket-*": 7.23,
                "deer-taruca-*": 7.23,
                "deer-water-*": 6.25,
                "deer-whitetail-*": 6.58,
            },
            pregnancyDaysByType: {
                "deer-caribou-*": 68,
                "deer-chital-*": 64.5,
                "deer-elk-*": 72.5,
                "deer-fallow-*": 63,
                "deer-guemal-*": 74,
                "deer-marsh-*": 65,
                "deer-pampas-*": 65,
                "deer-pudu-*": 63,
                "deer-redbrocket-*": 65,
                "deer-taruca-*": 65,
                "deer-water-*": 56,
                "deer-whitetail-*": 59,
            },
            multiplyCooldownMonthsMin: 8.8,
            multiplyCooldownMonthsMax: 9.2,
            lactationMonths: 6,
            estrousCycleMonths: 0.6,
            daysInHeat: 2.0,
            breedingPeakMonth: 9.0,
            breedingMonthsBefore: 0.5,
            breedingMonthsAfter: 0.5,
            spawnQuantityMin: 1,
            spawnQuantityMax: 3,
            litterAddChanceByType: {
                "deer-caribou-*": 0.004,
                "deer-elk-*": 0.004,
                "*": 0.02
            },
        },
        side: "server"
    },


    {
        file: "game:entities/animal/mammal/hooved/deer-adult.json",
        op: "add",
        path: "/attributes/creatureDiet/foodCategories/-",
        value: "Fruit",
        side: "server"
    },
    {
        file: "game:entities/animal/mammal/hooved/deer-adult.json",
        op: "addeach",
        path: "/attributes/creatureDiet/weightedFoodTags/-",
        value: [{ weight:0.6, code:"foliage"}, { weight:0.4, code:"hay"}, { weight:0.3, code:"toughstem"}, { weight:0.2, code:"acorn"}, { weight:0.3, code:"soybean"}],
        side: "server"
    },
    {
        file: "game:entities/animal/mammal/hooved/deer-adult.json",
        op: "replace",
        path: "/attributes/creatureDiet/skipFoodTags",
        value: [ "riceCrop", "parsnipCrop", "onion", "cassava" ],
        side: "server"
    },
    {
        file: "game:entities/animal/mammal/hooved/deer-adult.json",
        op: "addmerge",
        path: "/behaviorConfigs/animalhunger",
        value: {
            monthsUntilWeaned: 4,
            fiber: 0.5,
            sugar: 0.15,
            fat: 0.04,
            fatMax: 0.2,
            starch: 0.15,
            protein: 0.14,
            water: 1.0,
            minerals: 0.02,
            mineralsMax: 0.1,
            avoidFoodTags: [ "sour" ],
            specialties: [ "toughplant" ],
            fiberDigestion: 1.0,
            grazeMethods: ["nibblegraze"],
            eatRateByType: {
                "deer-pudu-*": 0.16,
            },
        },
        side: "server"
    },
    {
        file: "game:entities/animal/mammal/hooved/deer-adult.json",
        op: "replace",
        path: "/server/behaviors/10/aitasks/12/code",
        value: "forage",
        side: "server"
    },
    {
        file: "game:entities/animal/mammal/hooved/deer-adult.json",
        op: "add",
        path: "/server/behaviors/10/aitasks/12/nurseFromEntities",
        value: ["game:deer-{type}-adult-female"],
        side: "server"
    },
    {
        file: "game:entities/animal/mammal/hooved/deer-adult.json",
        op: "replace",
        path: "/server/behaviors/10/aitasks/12/mincooldownHours",
        value: 0.0,
        side: "server"
    },
    {
        file: "game:entities/animal/mammal/hooved/deer-adult.json",
        op: "replace",
        path: "/server/behaviors/10/aitasks/12/maxcooldownHours",
        value: 0.05,
        side: "server"
    },
    {
        file: "game:entities/animal/mammal/hooved/deer-adult.json",
        op: "replace",
        path: "/server/behaviors/10/aitasks/12/priority",
        value: 1.39,
        side: "server"
    },
    {
        file: "game:entities/animal/mammal/hooved/deer-adult.json",
        op: "add",
        path: "/server/behaviors/10/aitasks/10/enabled",
        value: false,
        side: "server"
    },
]
