[
    {
        file: "game:entities/animal/mammal/hooved/goat-baby.json",
        op: "add",
        path: "/attributes/adultWeightKgByType",
        value: {
            "goat-ibexalp-*": 58.25,
            "goat-takingold-*": 215,
            "goat-markhor-*": 65,
            "goat-mountain-*": 88,
            "goat-muskox-*": 285,
            "goat-ibexnub-*": 50,
            "goat-turdag-*": 65,
            "goat-angora-*": 60,
            "goat-nubian-*": 60,
            "goat-sirohi-*": 60,
            "goat-valais-*": 60,
        },
        side: "server"
    },
    {
        file: "game:entities/animal/mammal/hooved/goat-baby.json",
        op: "add",
        path: "/attributes/weightDimorphismByType",
        value: {
            "goat-ibexalp-*": 0.58,
            "goat-takingold-*": 0.12,
            "goat-markhor-*": 0.08,
            "goat-mountain-*": 0.14,
            "goat-muskox-*": 0.08,
            "goat-ibexnub-*": 0.2,
            "goat-turdag-*": 0.05,
            "goat-angora-*": 0.12,
            "goat-nubian-*": 0.12,
            "goat-sirohi-*": 0.12,
            "goat-valais-*": 0.12,
        },
        side: "server"
    },
    {
        file: "game:entities/animal/mammal/hooved/goat-baby.json",
        op: "add",
        path: "/client/sizeByType",
        value: {
            "goat-ibexalp-*": 2,
            "goat-takingold-*": 2.5,
            "goat-markhor-*": 1.9,
            "goat-mountain-*": 2,
            "goat-muskox-*": 2.9,
            "goat-ibexnub-*": 1.5,
            "goat-turdag-*": 2,
            "goat-angora-*": 1.8,
            "goat-nubian-*": 1.6,
            "goat-sirohi-*": 1.8,
            "goat-valais-*": 1.7,
        },
        side: "server"
    },
    {
        file: "game:entities/animal/mammal/hooved/goat-baby.json",
        op: "add",
        path: "/client/behaviors/-",
        value: { code: "agegradually" },
        side: "server"
    },
    {
        file: "game:entities/animal/mammal/hooved/goat-baby.json",
        op: "replace",
        path: "/server/behaviors/9",
        value: {
            code: "agegradually",
            adultEntityCodesByType: {
                "*-male": ["goat-{type}-adult-male"],
                "*-female": ["goat-{type}-adult-female"]
            },
            monthsToGrow: 10.0,
            initialWeightByType: {
                "goat-mountain-*": 0.02,
                "*": 0.04,
            },
        },
        side: "server"
    },
    {
        file: "game:entities/animal/mammal/hooved/goat-baby.json",
        op: "replace",
        path: "/server/behaviors/7/drops/0/quantity/var",
        value: 0,
        side: "server"
    },
    {
        file: "game:entities/animal/mammal/hooved/goat-baby.json",
        op: "remove",
        path: "/server/behaviors/7/drops/0/quantity/avg",
        side: "server"
    },
    {
        file: "game:entities/animal/mammal/hooved/goat-baby.json",
        op: "add",
        path: "/server/behaviors/7/drops/0/quantity/avgByType",
        value: {
            "goat-ibexalp-*": 11,
            "goat-takingold-*": 41,
            "goat-markhor-*": 12,
            "goat-mountain-*": 17,
            "goat-muskox-*": 53,
            "goat-ibexnub-*": 9.4,
            "goat-turdag-*": 12,
            "goat-angora-*": 11,
            "goat-nubian-*": 11,
            "goat-sirohi-*": 11,
            "goat-valais-*": 11,
        },
        side: "server"
    },
    {
        file: "game:entities/animal/mammal/hooved/goat-baby.json",
        op: "replace",
        path: "/server/behaviors/7/drops/1/quantity/var",
        value: 0,
        side: "server"
    },
    {
        file: "game:entities/animal/mammal/hooved/goat-baby.json",
        op: "remove",
        path: "/server/behaviors/7/drops/1/quantity/avg",
        side: "server"
    },
    {
        file: "game:entities/animal/mammal/hooved/goat-baby.json",
        op: "add",
        path: "/server/behaviors/7/drops/1/quantity/avgByType",
        value: {
            "goat-ibexalp-*": 3.7,
            "goat-markhor-*": 4,
            "goat-ibexnub-*": 3.4,
            "goat-angora-*": 3.8,
            "goat-nubian-*": 3.8,
            "goat-sirohi-*": 3.8,
            "goat-valais-*": 3.8,
            "*": 0,
        },
        side: "server"
    },
    {
        file: "game:entities/animal/mammal/hooved/goat-baby.json",
        op: "add",
        path: "/server/behaviors/7/drops/-",
        value: {
            "type": "item",
            "code": "game:hide-raw-medium",
            quantity: { var: 0, avgByType: {
                "goat-mountain-*": 2.4,
                "goat-turdag-*": 2,
                "*": 0,
            }},
        },
        side: "server"
    },
    {
        file: "game:entities/animal/mammal/hooved/goat-baby.json",
        op: "add",
        path: "/server/behaviors/7/drops/-",
        value: {
            "type": "item",
            "code": "game:fat",
            quantity: { var: 0, avgByType: {
                "goat-ibexalp-*": 1.8,
                "goat-takingold-*": 6.7,
                "goat-markhor-*": 2,
                "goat-mountain-*": 2.7,
                "goat-muskox-*": 8.9,
                "goat-ibexnub-*": 1.6,
                "goat-turdag-*": 2,
                "goat-angora-*": 2.2,
                "goat-nubian-*": 2.2,
                "goat-sirohi-*": 2.2,
                "goat-valais-*": 2.2,
            }},
        },
        side: "server"
    },
    {
        file: "game:entities/animal/mammal/hooved/goat-baby.json",
        op: "add",
        path: "/server/behaviors/7/drops/-",
        value: {
            "type": "item",
            "code": "game:hide-raw-large",
            category: "pelt",
            quantity: { var: 0, avgByType: {
                "goat-takingold-*": 3,
                "goat-muskox-*": 3.6,
                "*": 0,
            }},
        },
        side: "server"
    },


    {
        file: "game:entities/animal/mammal/hooved/goat-baby.json",
        op: "add",
        path: "/server/behaviors/-",
        value: {
            code: "genelib.genetics",
            genomeType: "detailedanimals:goat",
            initializersByType: {
                "goat-nubian-*": ["nubian"],
                "goat-sirohi-*": ["sirohi"],
                "*": ["wildtype"],
            },
            enabledByType: {
                "goat-muskox-*": false,
                "goat-mountain-*": false,
                "goat-takingold-*": false,
            }
        },
        side: "server"
    },

    {
        file: "game:entities/animal/mammal/hooved/goat-baby.json",
        op: "addmerge",
        path: "/behaviorConfigs",
        value: { },
        side: "server"
    },
    {
        file: "game:entities/animal/mammal/hooved/goat-baby.json",
        op: "addmerge",
        path: "/behaviorConfigs/animalhunger",
        value: { 
            monthsUntilWeaned: 3.5,
            fiber: 0.5,
            sugar: 0.15,
            fat: 0.04,
            fatMax: 0.2,
            starch: 0.15,
            protein: 0.14,
            proteinMax: 0.25,
            water: 1.0,
            minerals: 0.02,
            mineralsMax: 0.1,
            avoidFoodTags: [ "sour" ],
            specialties: [ "toughplant" ],
            fiberDigestion: 1.0,
            grazeMethodsByType: {
                "goat-muskox-*": ["graze"],
                "*": ["nibblegraze"],
            }
        },
        side: "server"
    },
    {
        file: "game:entities/animal/mammal/hooved/goat-baby.json",
        op: "replace",
        path: "/attributes/creatureDiet/skipFoodTags",
        value: [ "riceCrop", "parsnipCrop", "onion", "cassava" ],
        side: "server"
    },
    {
        file: "game:entities/animal/mammal/hooved/goat-baby.json",
        op: "addeach",
        path: "/attributes/creatureDiet/foodCategories/-",
        value: ["Fruit", "Dairy"],
        side: "server"
    },
    {
        file: "game:entities/animal/mammal/hooved/goat-baby.json",
        op: "addeach",
        path: "/attributes/creatureDiet/weightedFoodTags/-",
        value: [{ weight:0.6, code:"foliage"}, { weight:0.4, code:"hay"}, { weight:0.3, code:"toughstem"}, { weight:0.2, code:"acorn"}, { weight:0.3, code:"peanut"}],
        side: "server"
    },
    {
        file: "game:entities/animal/mammal/hooved/goat-baby.json",
        op: "replace",
        path: "/server/behaviors/11/aitasks/10/code",
        value: "forage",
        side: "server"
    },
    {
        file: "game:entities/animal/mammal/hooved/goat-baby.json",
        op: "replace",
        path: "/server/behaviors/11/aitasks/10/priority",
        value: 1.38,
        side: "server"
    },
    {
        file: "game:entities/animal/mammal/hooved/goat-baby.json",
        op: "add",
        path: "/server/behaviors/11/aitasks/10/nurseFromEntities",
        value: ["game:goat-{type}-adult-female"],
        side: "server"
    },
    {
        file: "game:entities/animal/mammal/hooved/goat-baby.json",
        op: "replace",
        path: "/server/behaviors/11/aitasks/10/mincooldownHours",
        value: 0.0,
        side: "server"
    },
    {
        file: "game:entities/animal/mammal/hooved/goat-baby.json",
        op: "replace",
        path: "/server/behaviors/11/aitasks/10/maxcooldownHours",
        value: 0.05,
        side: "server"
    },
    {
        file: "game:entities/animal/mammal/hooved/goat-baby.json",
        op: "add",
        path: "/server/behaviors/11/aitasks/8/enabled",
        value: false,
        side: "server"
    },
]
