[
    {
        file: "game:entities/animal/mammal/hare-adult.json",
        op: "addmerge",
        path: "/attributes",
        value: { adultWeightKg: 4, weightDimorphism: 0.05 },
        side: "server"
    },
    {
        file: "game:entities/animal/mammal/hare-baby.json",
        op: "addmerge",
        path: "/attributes",
        value: { adultWeightKg: 4, weightDimorphism: 0.05 },
        side: "server"
    },
    {
        file: "game:entities/animal/mammal/hare-adult.json",
        op: "add",
        path: "/server/behaviors/-",
        value: {
            code: "agegradually",
            monthsToGrow: 6.0,
            startAgeMonths: 6.0,
            initialWeight: 0.7,
            finalWeight: 1.0,
        },
        side: "server"
    },
    {
        file: "game:entities/animal/mammal/hare-baby.json",
        op: "replace",
        path: "/server/behaviors/8",
        value: {
            code: "agegradually",
            adultEntityCodesByType: {
                "*-female-baby": ["game:hare-european-adult-female"],
                "*-male-baby": ["game:hare-european-adult-male"],
                "*": ["game:hare-{type}-adult-{gender}"]
            },
            monthsToGrow: 6.0,
            initialWeight: 0.03,
        },
        side: "server"
    },
    {
        file: "game:entities/animal/mammal/hare-adult.json",
        op: "add",
        path: "/client/behaviors/-",
        value: { code: "agegradually" },
        side: "server"
    },
    {
        file: "game:entities/animal/mammal/hare-baby.json",
        op: "add",
        path: "/client/behaviors/-",
        value: { code: "agegradually" },
        side: "server"
    },
    {
        file: "game:entities/animal/mammal/hare-baby.json",
        op: "add",
        path: "/client/size",
        value: 2,
        side: "server"
    },


    {
        file: "game:entities/animal/mammal/hare-baby.json",
        op: "replace",
        path: "/server/behaviors/6/drops",
        value: [
                {
                    type: "item", 
                    code: "game:redmeat-raw", 
                    category: "meat",
                    quantity: { avg: 1, var: 0 } 
                },
                {
                    type: "item",
                    code: "game:hide-raw-small",
                    category: "pelt",
                    quantity: { avg: 0.6, var: 0 } 
                }
            ],
        side: "server"
    },
    {
        file: "game:entities/animal/mammal/hare-baby.json",
        op: "replace",
        path: "/server/behaviors/6/drops/1/code",
        value: "hideandfabric:hide-small-hare-gold",
        dependsOn: [ { modid: "hideandfabric" } ],
        side: "server"
    },
    {
        file: "game:entities/animal/mammal/hare-adult.json",
        op: "replace",
        path: "/server/behaviors/7/drops/0/quantity",
        value: { avg: 1, var: 0 },
        side: "server"
    },
    {
        file: "game:entities/animal/mammal/hare-adult.json",
        op: "replace",
        path: "/server/behaviors/7/drops/1/quantity",
        value: { avg: 0.6, var: 0 },
        side: "server"
    },



    {
        file: "game:entities/animal/mammal/hare-adult.json",
        op: "replace",
        path: "/client/behaviors/4",
        value: { code: "reproduce", enabledByType: { "*-male": false }, },
        side: "server"
    },
    {
        file: "game:entities/animal/mammal/hare-adult.json",
        op: "replace",
        path: "/server/behaviors/9",
        value: {
            code: "reproduce",
            enabledByType: { "*-male": false },
            mateTaskPriority: 1.38,
            sireCodes: ["game:hare-*-adult-male"],
            spawnEntityCodes: [{"code": "game:hare-{type}-baby-male"}, {"code": "game:hare-{type}-baby-female"}],
            litterAddChance: 0.5,
            litterAddAttempts: 7,
            pregnancyMonths: 1.35,
            multiplyCooldownMonthsMin: 0.9,
            multiplyCooldownMonthsMax: 1.1,
            lactationMonths: 1.5,
            inducedOvulation: true,
            breedingPeakMonth: 2.0,
            breedingMonthsBefore: 1.5,
            breedingMonthsAfter: 5.5,
        },
        side: "server"
    },



    {
        file: "game:entities/animal/mammal/hare-adult.json",
        op: "addeach",
        path: "/attributes/creatureDiet/foodCategories/-",
        value: ["Fruit", "Grain"],
        side: "server"
    },
    {
        file: "game:entities/animal/mammal/hare-baby.json",
        op: "addeach",
        path: "/attributes/creatureDiet/foodCategories/-",
        value: ["Fruit", "Grain"],
        side: "server"
    },
    {
        file: "game:entities/animal/mammal/hare-adult.json",
        op: "addeach",
        path: "/attributes/creatureDiet/weightedFoodTags/-",
        value: [{ weight:0.4, code:"foliage"}, { weight:0.4, code:"hay"}, { weight:0.4, code:"fruitmash"}, { weight:0.3, code:"toughstem"}, { weight:0.2, code:"acorn"}, { weight:0.3, code:"peanut"}, { weight:0.3, code:"soybean"}],
        side: "server"
    },
    {
        file: "game:entities/animal/mammal/hare-baby.json",
        op: "addeach",
        path: "/attributes/creatureDiet/weightedFoodTags/-",
        value: [{ weight:0.4, code:"foliage"}, { weight:0.4, code:"hay"}, { weight:0.4, code:"fruitmash"}, { weight:0.3, code:"toughstem"}, { weight:0.2, code:"acorn"}, { weight:0.3, code:"peanut"}, { weight:0.3, code:"soybean"}],
        side: "server"
    },
    {
        file: "game:entities/animal/mammal/hare-adult.json",
        op: "add",
        path: "/attributes/creatureDiet/skipFoodTags",
        value: [ "riceCrop", "parsnipCrop", "onion", "cassava" ],
        side: "server"
    },
    {
        file: "game:entities/animal/mammal/hare-baby.json",
        op: "add",
        path: "/attributes/creatureDiet/skipFoodTags",
        value: [ "riceCrop", "parsnipCrop", "onion", "cassava" ],
        side: "server"
    },
    {
        file: "game:entities/animal/mammal/hare-adult.json",
        op: "addmerge",
        path: "/behaviorConfigs",
        value: { },
        side: "server"
    },
    {
        file: "game:entities/animal/mammal/hare-baby.json",
        op: "addmerge",
        path: "/behaviorConfigs",
        value: { },
        side: "server"
    },
    {
        file: "game:entities/animal/mammal/hare-adult.json",
        op: "addmerge",
        path: "/behaviorConfigs/animalhunger",
        value: { 
            monthsUntilWeaned: 1.25,
            fiber: 0.5,
            sugar: 0.15,
            fat: 0.04,
            starch: 0.15,
            protein: 0.14,
            water: 1.0,
            minerals: 0.02,
            mineralsMax: 0.1,
            avoidFoodTags: [ "sour" ],
            specialties: [ "toughplant" ],
            fiberDigestion: 1.0,
            grazeMethods: ["nibblegraze"],
            eatRate: 0.08,
            saturationPerKgPerDay: 40,
            daysUntilHungry: 2,
        },
        side: "server"
    },
    {
        file: "game:entities/animal/mammal/hare-baby.json",
        op: "addmerge",
        path: "/behaviorConfigs/animalhunger",
        value: { 
            monthsUntilWeaned: 1.25,
            fiber: 0.5,
            sugar: 0.15,
            fat: 0.04,
            starch: 0.15,
            protein: 0.14,
            water: 1.0,
            minerals: 0.02,
            mineralsMax: 0.1,
            avoidFoodTags: [ "sour" ],
            specialties: [ "toughplant" ],
            fiberDigestion: 1.0,
            grazeMethods: ["nibblegraze"],
            eatRate: 0.08,
            saturationPerKgPerDay: 40,
            daysUntilHungry: 2,
        },
        side: "server"
    },
    {
        file: "game:entities/animal/mammal/hare-adult.json",
        op: "replace",
        path: "/server/behaviors/11/aitasks/5/code",
        value: "forage",
        side: "server"
    },
    {
        file: "game:entities/animal/mammal/hare-adult.json",
        op: "add",
        path: "/server/behaviors/11/aitasks/5/nurseFromEntities",
        value: ["game:hare-arctic-adult-female", "game:hare-cape-adult-female", "game:hare-european-adult-female", "game:hare-indian-adult-female", "game:hare-jackblack-adult-female", "game:hare-scrub-adult-female"],
        side: "server"
    },
    {
        file: "game:entities/animal/mammal/hare-adult.json",
        op: "replace",
        path: "/server/behaviors/11/aitasks/5/mincooldownHours",
        value: 0.0,
        side: "server"
    },
    {
        file: "game:entities/animal/mammal/hare-adult.json",
        op: "replace",
        path: "/server/behaviors/11/aitasks/5/maxcooldownHours",
        value: 0.05,
        side: "server"
    },
    {
        file: "game:entities/animal/mammal/hare-adult.json",
        op: "replace",
        path: "/server/behaviors/11/aitasks/5/priority",
        value: 1.39,
        side: "server"
    },

    {
        file: "game:entities/animal/mammal/hare-baby.json",
        op: "replace",
        path: "/server/behaviors/9/aitasks/4",
        value: {
            code: "forage",
            nurseFromEntities: ["game:hare-arctic-adult-female", "game:hare-cape-adult-female", "game:hare-european-adult-female", "game:hare-indian-adult-female", "game:hare-jackblack-adult-female", "game:hare-scrub-adult-female"],
            mincooldownHours: 0.0,
            maxcooldownHours: 0.05,
            priority: 1.39,
        },
        side: "server"
    },
]
