[
    {
        file: "game:entities/animal/mammal/hooved/pig-baby.json",
        op: "replace",
        path: "/client/texture/base",
        value: "game:entity/animal/mammal/hooved/pig/eurasian-baby",
        side: "server"
    },
    {
        file: "game:entities/animal/mammal/hooved/pig-baby.json",
        op: "replace",
        path: "/server/behaviors/6/drops",
        value: [
            {
                type: "item", 
                code: "game:redmeat-raw", 
                category: "meat",
                quantity: { avg: 14, var: 0 } 
            },
            {
                type: "item", 
                code: "game:hide-raw-small", 
                category: "pelt",
                quantity: { avg: 2, var: 0 } 
            },
            {
                type: "item", 
                code: "game:fat", 
                category: "fat",
                quantity: { avg: 5, var: 0 } 
            }
        ],
        side: "server"
    },
    {
        file: "game:entities/animal/mammal/hooved/pig-adult.json",
        op: "replace",
        path: "/server/behaviors/6/drops/0/quantity",
        value: { avg: 14, var: 0 },
        side: "server"
    },
    {
        file: "game:entities/animal/mammal/hooved/pig-adult.json",
        op: "replace",
        path: "/server/behaviors/6/drops/1/quantity",
        value: { avg: 1.2, var: 0 },
        side: "server"
    },
    {
        file: "game:entities/animal/mammal/hooved/pig-adult.json",
        op: "replace",
        path: "/server/behaviors/6/drops/2/quantity",
        value: { avg: 5.6, var: 0 },
        side: "server"
    },



    {
        file: "game:entities/animal/mammal/hooved/pig-baby.json",
        op: "replace",
        path: "/server/behaviors/9",
        value: { 
            code: "agegradually",
            monthsToGrow: 9.0,
            adultEntityCodesByType: {
                "*-male-*": ["game:pig-eurasian-adult-male"],
                "*-female-*": ["game:pig-eurasian-adult-female"],
                "*": ["pig-{type}-adult-{gender}"],
            },
            initialWeight: 0.005
        },
        side: "server"
    },
    {
        file: "game:entities/animal/mammal/hooved/pig-adult.json",
        op: "add",
        path: "/server/behaviors/-",
        value: { 
            code: "agegradually",
            monthsToGrow: 51.0,
            startAgeMonths: 9.0,
            initialWeight: 0.36,
            finalWeight: 1.0
        },
        side: "server"
    },
    {
        file: "game:entities/animal/mammal/hooved/pig-baby.json",
        op: "add",
        path: "/client/behaviors/-",
        value: { code: "agegradually" },
        side: "server"
    },
    {
        file: "game:entities/animal/mammal/hooved/pig-adult.json",
        op: "add",
        path: "/client/behaviors/-",
        value: { code: "agegradually" },
        side: "server"
    },
    {
        file: "game:entities/animal/mammal/hooved/pig-baby.json",
        op: "addmerge",
        path: "/attributes",
        value: { adultWeightKg: 112, weightDimorphism: 0.12 },
        side: "server"
    },
    {
        file: "game:entities/animal/mammal/hooved/pig-adult.json",
        op: "addmerge",
        path: "/attributes",
        value: { adultWeightKg: 112, weightDimorphism: 0.12 },
        side: "server"
    },
    {
        file: "game:entities/animal/mammal/hooved/pig-baby.json",
        op: "replace",
        path: "/client/size",
        value: 2.9,
        side: "server"
    },
    {
        file: "game:entities/animal/mammal/hooved/pig-adult.json",
        op: "add",
        path: "/client/size",
        value: 1.17,
        side: "server"
    },


    {
        file: "game:entities/animal/mammal/hooved/pig-adult.json",
        op: "replace",
        path: "/client/behaviors/4",
        value: { code: "reproduce", enabledByType: { "*-male": false }, },
        side: "server"
    },
    {
        file: "game:entities/animal/mammal/hooved/pig-adult.json",
        op: "replace",
        path: "/server/behaviors/8",
        value: {
            code: "reproduce",
            enabledByType: { "*-male": false },
            mateTaskPriority: 1.37,
            sireCodes: ["pig-{type}-adult-male"],
            spawnEntityCodes: [{"code": "game:pig-eurasian-baby-male"}, {"code": "game:pig-eurasian-baby-female"}],
            litterAddChance: 0.45,
            litterAddAttempts: 8,
            pregnancyMonths: 3.8,
            multiplyCooldownMonthsMin: 3.9,
            multiplyCooldownMonthsMax: 4.1,
            lactationMonths: 3.5,
            estrousCycleMonths: 0.65,
            daysInHeat: 2.0,
            breedingPeakMonth: 11.5,
            breedingMonthsBefore: 1.0,
            breedingMonthsAfter: 1.0,
        },
        side: "server"
    },



    {
        file: "game:entities/animal/mammal/hooved/pig-adult.json",
        op: "add",
        path: "/attributes/creatureDiet/foodCategories/-",
        value: "Dairy",
        side: "server"
    },
    {
        file: "game:entities/animal/mammal/hooved/pig-baby.json",
        op: "add",
        path: "/attributes/creatureDiet/foodCategories/-",
        value: "Dairy",
        side: "server"
    },
    {
        file: "game:entities/animal/mammal/hooved/pig-adult.json",
        op: "addmerge",
        path: "/behaviorConfigs",
        value: { },
        side: "server"
    },
    {
        file: "game:entities/animal/mammal/hooved/pig-baby.json",
        op: "addmerge",
        path: "/behaviorConfigs",
        value: { },
        side: "server"
    },
    {
        file: "game:entities/animal/mammal/hooved/pig-adult.json",
        op: "addmerge",
        path: "/behaviorConfigs/animalhunger",
        value: { 
            monthsUntilWeaned: 2.5,
            fiber: 0.18,
            sugar: 0.12,
            sugarMax: 0.4,
            fat: 0.1,
            fatMax: 0.4,
            starch: 0.46,
            protein: 0.16,
            water: 1.0,
            minerals: 0.02,
            mineralsMax: 0.1,
            fiberDigestion: 0.3,
            grazeMethods: ["root"],
        },
        side: "server"
    },
    {
        file: "game:entities/animal/mammal/hooved/pig-baby.json",
        op: "addmerge",
        path: "/behaviorConfigs/animalhunger",
        value: { 
            monthsUntilWeaned: 2.5,
            fiber: 0.18,
            sugar: 0.12,
            sugarMax: 0.4,
            fat: 0.1,
            fatMax: 0.4,
            starch: 0.42,
            protein: 0.16,
            water: 1.0,
            minerals: 0.02,
            mineralsMax: 0.1,
            fiberDigestion: 0.3,
            grazeMethods: ["nibblegraze"],
        },
        side: "server"
    },
    {
        file: "game:entities/animal/mammal/hooved/pig-baby.json",
        op: "replace",
        path: "/attributes/creatureDiet/skipFoodTags",
        value: [ "riceCrop", "parsnipCrop", "onion", "cassava", "rawegg" ],
        side: "server"
    },
    {
        file: "game:entities/animal/mammal/hooved/pig-adult.json",
        op: "replace",
        path: "/attributes/creatureDiet/skipFoodTags",
        value: [ "riceCrop", "parsnipCrop", "onion", "cassava", "rawegg" ],
        side: "server"
    },
    {
        file: "game:entities/animal/mammal/hooved/pig-baby.json",
        op: "addeach",
        path: "/attributes/creatureDiet/weightedFoodTags/-",
        value: [{ weight:0.2, code:"foliage"}, { weight:0.2, code:"grass"}, { weight:0.8, code:"meat"}, { weight:0.8, code:"egg"}, { weight:0.2, code:"acorn"}, { weight:2.0, code:"peanut"}, { weight:1.5, code:"soybean"}, { weight:0.8, code:"tastyvegetable"}],
        side: "server"
    },
    {
        file: "game:entities/animal/mammal/hooved/pig-adult.json",
        op: "addeach",
        path: "/attributes/creatureDiet/weightedFoodTags/-",
        value: [{ weight:0.2, code:"foliage"}, { weight:0.2, code:"grass"}, { weight:0.8, code:"meat"}, { weight:0.8, code:"egg"}, { weight:0.2, code:"acorn"}, { weight:2.0, code:"peanut"}, { weight:1.5, code:"soybean"}, { weight:0.8, code:"tastyvegetable"}],
        side: "server"
    },
    {
        file: "game:entities/animal/mammal/hooved/pig-adult.json",
        op: "replace",
        path: "/server/behaviors/10/aitasks/7",
        value: {
                code: "forage",
                movespeed: 0.004,
                priority: 1.38,
                animationSpeed: 2,
                animation: "Walk",
                eatAnimation: "Eat",
                eatSound: "creature/animal-eat2",
                digAnimation: "Dig",
                digAnimationSpeed: 1.5,
                eatTime: 2,
                mincooldownHours: 0.05,
                maxcooldownHours: 1,
            },
        side: "server"
    },
    {
        file: "game:entities/animal/mammal/hooved/pig-baby.json",
        op: "replace",
        path: "/server/behaviors/10/aitasks/2/code",
        value: "forage",
        side: "server"
    },
    {
        file: "game:entities/animal/mammal/hooved/pig-baby.json",
        op: "add",
        path: "/server/behaviors/10/aitasks/2/nurseFromEntities",
        value: ["game:pig-wild-female"],
        side: "server"
    },
    {
        file: "game:entities/animal/mammal/hooved/pig-baby.json",
        op: "replace",
        path: "/server/behaviors/10/aitasks/2/mincooldownHours",
        value: 0.05,
        side: "server"
    },
    {
        file: "game:entities/animal/mammal/hooved/pig-baby.json",
        op: "replace",
        path: "/server/behaviors/10/aitasks/2/maxcooldownHours",
        value: 1,
        side: "server"
    },
    {
        file: "game:entities/animal/mammal/hooved/pig-adult.json",
        op: "add",
        path: "/server/behaviors/10/aitasks/8/enabled",
        value: false,
        side: "server"
    },
]
