{
	"editor": {
		"backDropShape": "entity/bovinae/boselaphustragocamelus/male",
		"collapsedPaths": "",
		"allAngles": true,
		"entityTextureMode": true
	},
	"textureWidth": 68,
	"textureHeight": 76,
	"textureSizes": {
		"skin": [68,76]
	},
	"textures": {
		"skin": "entity/bovinae/boselaphustragocamelus-male"
	},
	"elements": [
		{
			"name": "L Antler01",
			"stepParentName": "AntlerBase",
			"from": [ 0.5, -0.8, 0.3 ],
			"to": [ 1.5, 0.4, 1.5 ],
			"unwrapMode": 5,
			"unwrapRotation": 1,
			"uv": [ 61.5, 36.0 ],
			"rotationOrigin": [ 0.5, -0.3, 0.9 ],
			"rotationY": -20.0,
			"rotationZ": 8.0,
			"faces": {
				"north": { "texture": "#skin", "uv": [ 61.5, 37.0, 62.5, 38.0 ], "rotation": 270 },
				"east": { "texture": "#skin", "uv": [ 62.5, 36.0, 63.5, 37.0 ], "rotation": 180 },
				"south": { "texture": "#skin", "uv": [ 63.5, 37.0, 64.5, 38.0 ], "rotation": 90 },
				"up": { "texture": "#skin", "uv": [ 62.5, 37.0, 63.5, 38.0 ], "rotation": 90 },
				"down": { "texture": "#skin", "uv": [ 64.5, 37.0, 65.5, 38.0 ], "rotation": 270, "windMode": [-1,-1,-1,-1], "windData": [1,1,1,1] }
			},
			"children": [
				{
					"name": "L Antler02",
					"from": [ 0.9, 0.1, 0.1 ],
					"to": [ 1.4, 1.1, 1.1 ],
					"unwrapMode": 5,
					"unwrapRotation": 1,
					"uv": [ 57.5, 35.0 ],
					"rotationOrigin": [ 0.9, 0.6, 0.6 ],
					"rotationX": 15.0,
					"rotationY": -3.0,
					"rotationZ": 6.0,
					"faces": {
						"north": { "texture": "#skin", "uv": [ 57.5, 36.0, 58.5, 36.5 ], "rotation": 270 },
						"east": { "texture": "#skin", "uv": [ 58.5, 35.0, 59.5, 36.0 ], "rotation": 180 },
						"south": { "texture": "#skin", "uv": [ 59.5, 36.0, 60.5, 36.5 ], "rotation": 90 },
						"up": { "texture": "#skin", "uv": [ 58.5, 36.0, 59.5, 36.5 ], "rotation": 90 },
						"down": { "texture": "#skin", "uv": [ 60.5, 36.0, 61.5, 36.5 ], "rotation": 270, "windMode": [-1,-1,-1,-1], "windData": [1,1,1,1] }
					},
					"children": [
						{
							"name": "L Antler03",
							"from": [ 0.4, 0.1, 0.1 ],
							"to": [ 0.9, 0.9, 0.9 ],
							"unwrapMode": 5,
							"unwrapRotation": 1,
							"uv": [ 59.5, 34.5 ],
							"rotationOrigin": [ 0.4, 0.5, 0.5 ],
							"rotationX": 15.0,
							"rotationY": 10.0,
							"rotationZ": -3.0,
							"faces": {
								"north": { "texture": "#skin", "uv": [ 59.5, 35.0, 60.0, 35.5 ], "rotation": 270 },
								"east": { "texture": "#skin", "uv": [ 60.0, 34.5, 60.5, 35.0 ], "rotation": 180 },
								"south": { "texture": "#skin", "uv": [ 60.5, 35.0, 61.0, 35.5 ], "rotation": 90 },
								"up": { "texture": "#skin", "uv": [ 60.0, 35.0, 60.5, 35.5 ], "rotation": 90 },
								"down": { "texture": "#skin", "uv": [ 61.0, 35.0, 61.5, 35.5 ], "rotation": 270, "windMode": [-1,-1,-1,-1], "windData": [1,1,1,1] }
							},
							"children": [
								{
									"name": "L Antler04",
									"from": [ 0.4, 0.1, 0.1 ],
									"to": [ 0.9, 0.7, 0.7 ],
									"unwrapMode": 5,
									"unwrapRotation": 1,
									"uv": [ 59.5, 33.5 ],
									"rotationOrigin": [ 0.4, 0.4, 0.4 ],
									"rotationX": 15.0,
									"rotationY": 10.0,
									"rotationZ": -8.0,
									"faces": {
										"north": { "texture": "#skin", "uv": [ 59.5, 34.0, 60.0, 34.5 ], "rotation": 270 },
										"east": { "texture": "#skin", "uv": [ 60.0, 33.5, 60.5, 34.0 ], "rotation": 180 },
										"south": { "texture": "#skin", "uv": [ 60.5, 34.0, 61.0, 34.5 ], "rotation": 90 },
										"up": { "texture": "#skin", "uv": [ 60.0, 34.0, 60.5, 34.5 ], "rotation": 90 },
										"down": { "texture": "#skin", "uv": [ 61.0, 34.0, 61.5, 34.5 ], "rotation": 270, "windMode": [-1,-1,-1,-1], "windData": [1,1,1,1] }
									},
									"children": [
										{
											"name": "L Antler05",
											"from": [ 0.4, 0.05, 0.05 ],
											"to": [ 0.9, 0.55, 0.55 ],
											"unwrapMode": 5,
											"unwrapRotation": 1,
											"uv": [ 59.5, 33.0 ],
											"rotationOrigin": [ 0.4, 0.3, 0.3 ],
											"rotationX": 10.0,
											"rotationY": 5.0,
											"rotationZ": -5.0,
											"faces": {
												"north": { "texture": "#skin", "uv": [ 59.5, 33.5, 60.0, 34.0 ], "rotation": 270 },
												"east": { "texture": "#skin", "uv": [ 60.0, 33.0, 60.5, 33.5 ], "rotation": 180 },
												"south": { "texture": "#skin", "uv": [ 60.5, 33.5, 61.0, 34.0 ], "rotation": 90 },
												"up": { "texture": "#skin", "uv": [ 60.0, 33.5, 60.5, 34.0 ], "rotation": 90 },
												"down": { "texture": "#skin", "uv": [ 61.0, 33.5, 61.5, 34.0 ], "rotation": 270, "windMode": [-1,-1,-1,-1], "windData": [1,1,1,1] }
											},
											"children": [
												{
													"name": "L Antler06",
													"from": [ 0.4, 0.05, 0.05 ],
													"to": [ 0.9, 0.45, 0.45 ],
													"unwrapMode": 5,
													"unwrapRotation": 1,
													"uv": [ 59.5, 32.5 ],
													"rotationOrigin": [ 0.4, 0.25, 0.25 ],
													"rotationX": 5.0,
													"rotationY": 5.0,
													"rotationZ": -2.0,
													"faces": {
														"north": { "texture": "#skin", "uv": [ 59.5, 33.0, 60.0, 33.5 ], "rotation": 270 },
														"east": { "texture": "#skin", "uv": [ 60.0, 32.5, 60.5, 33.0 ], "rotation": 180 },
														"south": { "texture": "#skin", "uv": [ 60.5, 33.0, 61.0, 33.5 ], "rotation": 90 },
														"up": { "texture": "#skin", "uv": [ 60.0, 33.0, 60.5, 33.5 ], "rotation": 90 },
														"down": { "texture": "#skin", "uv": [ 61.0, 33.0, 61.5, 33.5 ], "rotation": 270, "windMode": [-1,-1,-1,-1], "windData": [1,1,1,1] }
													},
													"children": [
														{
															"name": "L Antler07",
															"from": [ 0.4, 0.05, 0.05 ],
															"to": [ 0.9, 0.35, 0.35 ],
															"unwrapMode": 5,
															"unwrapRotation": 1,
															"uv": [ 59.5, 32.0 ],
															"rotationOrigin": [ 0.4, 0.2, 0.2 ],
															"rotationX": 15.0,
															"rotationY": 5.0,
															"rotationZ": -5.0,
															"faces": {
																"north": { "texture": "#skin", "uv": [ 59.5, 32.5, 60.0, 33.0 ], "rotation": 270 },
																"east": { "texture": "#skin", "uv": [ 60.0, 32.0, 60.5, 32.5 ], "rotation": 180 },
																"south": { "texture": "#skin", "uv": [ 60.5, 32.5, 61.0, 33.0 ], "rotation": 90 },
																"up": { "texture": "#skin", "uv": [ 60.0, 32.5, 60.5, 33.0 ], "rotation": 90 },
																"down": { "texture": "#skin", "uv": [ 61.0, 32.5, 61.5, 33.0 ], "rotation": 270, "windMode": [-1,-1,-1,-1], "windData": [1,1,1,1] }
															}
														}
													]
												}
											]
										}
									]
								}
							]
						}
					]
				}
			]
		},
		{
			"name": "R Antler01",
			"stepParentName": "AntlerBase",
			"from": [ 0.5, -0.8, -1.5 ],
			"to": [ 1.5, 0.4, -0.3 ],
			"unwrapMode": 5,
			"unwrapRotation": 1,
			"uv": [ 57.5, 36.0 ],
			"rotationOrigin": [ 0.5, -0.3, -0.9 ],
			"rotationY": 20.0,
			"rotationZ": 8.0,
			"faces": {
				"north": { "texture": "#skin", "uv": [ 57.5, 37.0, 58.5, 38.0 ], "rotation": 270 },
				"east": { "texture": "#skin", "uv": [ 58.5, 36.0, 59.5, 37.0 ], "rotation": 180 },
				"south": { "texture": "#skin", "uv": [ 59.5, 37.0, 60.5, 38.0 ], "rotation": 90 },
				"up": { "texture": "#skin", "uv": [ 58.5, 37.0, 59.5, 38.0 ], "rotation": 90 },
				"down": { "texture": "#skin", "uv": [ 60.5, 37.0, 61.5, 38.0 ], "rotation": 270, "windMode": [-1,-1,-1,-1], "windData": [1,1,1,1] }
			},
			"children": [
				{
					"name": "R Antler02",
					"from": [ 0.9, 0.1, 0.1 ],
					"to": [ 1.4, 1.1, 1.1 ],
					"unwrapMode": 5,
					"unwrapRotation": 1,
					"uv": [ 61.5, 35.0 ],
					"rotationOrigin": [ 0.9, 0.6, 0.6 ],
					"rotationX": -15.0,
					"rotationY": 3.0,
					"rotationZ": 3.0,
					"faces": {
						"north": { "texture": "#skin", "uv": [ 61.5, 36.0, 62.5, 36.5 ], "rotation": 270 },
						"east": { "texture": "#skin", "uv": [ 62.5, 35.0, 63.5, 36.0 ], "rotation": 180 },
						"south": { "texture": "#skin", "uv": [ 63.5, 36.0, 64.5, 36.5 ], "rotation": 90 },
						"up": { "texture": "#skin", "uv": [ 62.5, 36.0, 63.5, 36.5 ], "rotation": 90 },
						"down": { "texture": "#skin", "uv": [ 64.5, 36.0, 65.5, 36.5 ], "rotation": 270, "windMode": [-1,-1,-1,-1], "windData": [1,1,1,1] }
					},
					"children": [
						{
							"name": "R Antler03",
							"from": [ 0.4, 0.1, 0.1 ],
							"to": [ 0.9, 0.9, 0.9 ],
							"unwrapMode": 3,
							"unwrapRotation": 1,
							"uv": [ 63.5, 34.5 ],
							"rotationOrigin": [ 0.4, 0.5, 0.5 ],
							"rotationX": -15.0,
							"rotationY": -10.0,
							"rotationZ": -3.0,
							"faces": {
								"north": { "texture": "#skin", "uv": [ 65.0, 35.0, 65.5, 35.5 ], "rotation": 270 },
								"east": { "texture": "#skin", "uv": [ 64.0, 34.5, 64.5, 35.0 ], "rotation": 90 },
								"south": { "texture": "#skin", "uv": [ 64.0, 35.0, 64.5, 35.5 ], "rotation": 90 },
								"up": { "texture": "#skin", "uv": [ 63.5, 35.0, 64.0, 35.5 ], "rotation": 90 },
								"down": { "texture": "#skin", "uv": [ 64.5, 35.0, 65.0, 35.5 ], "rotation": 270, "windMode": [-1,-1,-1,-1], "windData": [1,1,1,1] }
							},
							"children": [
								{
									"name": "R Antler04",
									"from": [ 0.4, 0.1, 0.1 ],
									"to": [ 0.9, 0.7, 0.7 ],
									"unwrapMode": 3,
									"unwrapRotation": 1,
									"uv": [ 63.5, 33.5 ],
									"rotationOrigin": [ 0.4, 0.4, 0.4 ],
									"rotationX": -15.0,
									"rotationY": -10.0,
									"rotationZ": -3.0,
									"faces": {
										"north": { "texture": "#skin", "uv": [ 65.0, 34.0, 65.5, 34.5 ], "rotation": 270 },
										"east": { "texture": "#skin", "uv": [ 64.0, 33.5, 64.5, 34.0 ], "rotation": 90 },
										"south": { "texture": "#skin", "uv": [ 64.0, 34.0, 64.5, 34.5 ], "rotation": 90 },
										"up": { "texture": "#skin", "uv": [ 63.5, 34.0, 64.0, 34.5 ], "rotation": 90 },
										"down": { "texture": "#skin", "uv": [ 64.5, 34.0, 65.0, 34.5 ], "rotation": 270, "windMode": [-1,-1,-1,-1], "windData": [1,1,1,1] }
									},
									"children": [
										{
											"name": "R Antler05",
											"from": [ 0.4, 0.05, 0.05 ],
											"to": [ 0.9, 0.55, 0.55 ],
											"unwrapMode": 3,
											"unwrapRotation": 1,
											"uv": [ 63.5, 33.0 ],
											"rotationOrigin": [ 0.4, 0.3, 0.3 ],
											"rotationX": -10.0,
											"rotationY": -5.0,
											"rotationZ": -5.0,
											"faces": {
												"north": { "texture": "#skin", "uv": [ 65.0, 33.5, 65.5, 34.0 ], "rotation": 270 },
												"east": { "texture": "#skin", "uv": [ 64.0, 33.0, 64.5, 33.5 ], "rotation": 90 },
												"south": { "texture": "#skin", "uv": [ 64.0, 33.5, 64.5, 34.0 ], "rotation": 90 },
												"up": { "texture": "#skin", "uv": [ 63.5, 33.5, 64.0, 34.0 ], "rotation": 90 },
												"down": { "texture": "#skin", "uv": [ 64.5, 33.5, 65.0, 34.0 ], "rotation": 270, "windMode": [-1,-1,-1,-1], "windData": [1,1,1,1] }
											},
											"children": [
												{
													"name": "R Antler06",
													"from": [ 0.4, 0.05, 0.05 ],
													"to": [ 0.9, 0.45, 0.45 ],
													"unwrapMode": 3,
													"unwrapRotation": 1,
													"uv": [ 63.5, 32.5 ],
													"rotationOrigin": [ 0.4, 0.25, 0.25 ],
													"rotationX": -5.0,
													"rotationY": -5.0,
													"rotationZ": -2.0,
													"faces": {
														"north": { "texture": "#skin", "uv": [ 65.0, 33.0, 65.5, 33.5 ], "rotation": 270 },
														"east": { "texture": "#skin", "uv": [ 64.0, 32.5, 64.5, 33.0 ], "rotation": 90 },
														"south": { "texture": "#skin", "uv": [ 64.0, 33.0, 64.5, 33.5 ], "rotation": 90 },
														"up": { "texture": "#skin", "uv": [ 63.5, 33.0, 64.0, 33.5 ], "rotation": 90 },
														"down": { "texture": "#skin", "uv": [ 64.5, 33.0, 65.0, 33.5 ], "rotation": 270, "windMode": [-1,-1,-1,-1], "windData": [1,1,1,1] }
													},
													"children": [
														{
															"name": "R Antler07",
															"from": [ 0.4, 0.05, 0.05 ],
															"to": [ 0.9, 0.35, 0.35 ],
															"unwrapMode": 3,
															"unwrapRotation": 1,
															"uv": [ 63.5, 32.0 ],
															"rotationOrigin": [ 0.4, 0.2, 0.2 ],
															"rotationX": -15.0,
															"rotationY": -5.0,
															"rotationZ": -5.0,
															"faces": {
																"north": { "texture": "#skin", "uv": [ 65.0, 32.5, 65.5, 33.0 ], "rotation": 270 },
																"east": { "texture": "#skin", "uv": [ 64.0, 32.0, 64.5, 32.5 ], "rotation": 90 },
																"south": { "texture": "#skin", "uv": [ 64.0, 32.5, 64.5, 33.0 ], "rotation": 90 },
																"up": { "texture": "#skin", "uv": [ 63.5, 32.5, 64.0, 33.0 ], "rotation": 90 },
																"down": { "texture": "#skin", "uv": [ 64.5, 32.5, 65.0, 33.0 ], "rotation": 270, "windMode": [-1,-1,-1,-1], "windData": [1,1,1,1] }
															}
														}
													]
												}
											]
										}
									]
								}
							]
						}
					]
				}
			]
		}
	]}