{
	"editor": {
		"backDropShape": "E:/Programs/VSModelCreator/thin",
		"collapsedPaths": "Root/Waist-Belt/Pouch_1,Root/Waist-Quiver/Sheath_0,Root/Waist-Quiver/Belt,Root/Bow,Root/Waist-Quiver/Quiver,Root/Sowrd/Handle,Root/Waist-Quiver/Saydak,Root/Waist-Quiver/Sheath/sheath_0,Root/Waist-Quiver/Sheath/sheath_0/Sowrd/Handle2,Root/Waist-Quiver/Quiver/arrow_3,Root/Waist-Quiver/Quiver/arrow_2,Root/Waist-Quiver/Quiver/arrow_1,Root/Waist-Quiver/Bow,Root/Waist/buckle-bottom,Root/Waist-Quiver/Quiver/arrow_0,Root/Waist-Quiver/Pouch_1,Root/Waist-Quiver/Sheath/sheath_0/Handle2/Guard_2,Root/Waist-Quiver/Pouch_0,Root/Sowrd/Metal,Root/Waist-Belt/Sheath",
		"allAngles": true,
		"entityTextureMode": false
	},
	"textureWidth": 16,
	"textureHeight": 16,
	"textureSizes": {
	},
	"textures": {
		"quiverbolts-black": "game:block/leather/black",
		"belt-waist-plain-material": "game:block/leather/plain",
		"belt-waist-plain-metal": "game:block/metal/plate/brass",
		"belt-waist-plain-content-wood": "game:block/wood/debarked/oak"
	},
	"elements": [
		{
			"name": "Waist-Belt",
			"stepParentName": "LowerTorso",
			"from": [ -0.1, 1.9, -0.2 ],
			"to": [ 5.1, 3.0, 6.2 ],
			"rotationOrigin": [ 2.9, 1.9, 3.0 ],
			"faces": {
			},
			"children": [
				{
					"name": "Quiver",
					"from": [ 3.6, -6.0, -3.2 ],
					"to": [ 6.6, -1.5, -1.2 ],
					"rotationOrigin": [ 4.6, 0.0, -1.2 ],
					"rotationY": -45.0,
					"rotationZ": 5.5,
					"faces": {
						"north": { "texture": "#belt-waist-plain-material", "uv": [ 0.0, 0.0, 3.0, 4.5 ] },
						"east": { "texture": "#belt-waist-plain-material", "uv": [ 0.0, 0.0, 2.0, 4.5 ] },
						"south": { "texture": "#belt-waist-plain-material", "uv": [ 0.0, 0.0, 3.0, 4.5 ] },
						"west": { "texture": "#belt-waist-plain-material", "uv": [ 0.0, 0.0, 2.0, 4.5 ] },
						"down": { "texture": "#belt-waist-plain-material", "uv": [ 0.0, 0.0, 3.0, 2.0 ] }
					},
					"children": [
						{
							"name": "quiver_0",
							"from": [ -0.1, 0.5, -0.1 ],
							"to": [ 3.1, 1.0, 2.1 ],
							"rotationOrigin": [ -0.1, 0.5, -0.1 ],
							"faces": {
								"north": { "texture": "#belt-waist-plain-metal", "uv": [ 0.0, 0.0, 3.0, 0.5 ] },
								"east": { "texture": "#belt-waist-plain-metal", "uv": [ 0.0, 0.0, 2.0, 0.5 ] },
								"south": { "texture": "#belt-waist-plain-metal", "uv": [ 0.0, 0.0, 3.0, 0.5 ] },
								"west": { "texture": "#belt-waist-plain-metal", "uv": [ 0.0, 0.0, 2.0, 0.5 ] },
								"up": { "texture": "#belt-waist-plain-metal", "uv": [ 0.0, 0.0, 3.0, 2.0 ] },
								"down": { "texture": "#belt-waist-plain-metal", "uv": [ 0.0, 0.0, 3.0, 2.0 ] }
							}
						},
						{
							"name": "quiver_1",
							"from": [ -0.1, 4.0, -0.1 ],
							"to": [ 3.1, 4.5, 2.1 ],
							"rotationOrigin": [ -0.1, 4.0, -0.1 ],
							"faces": {
								"north": { "texture": "#belt-waist-plain-metal", "uv": [ 0.0, 0.0, 3.0, 0.5 ] },
								"east": { "texture": "#belt-waist-plain-metal", "uv": [ 0.0, 0.0, 2.0, 0.5 ] },
								"south": { "texture": "#belt-waist-plain-metal", "uv": [ 0.0, 0.0, 3.0, 0.5 ] },
								"west": { "texture": "#belt-waist-plain-metal", "uv": [ 0.0, 0.0, 2.0, 0.5 ] },
								"up": { "texture": "#belt-waist-plain-metal", "uv": [ 0.0, 0.0, 3.0, 2.0 ] },
								"down": { "texture": "#belt-waist-plain-metal", "uv": [ 0.0, 0.0, 3.0, 2.0 ] }
							}
						},
						{
							"name": "arrow_0",
							"from": [ 2.2, 4.0, 1.2 ],
							"to": [ 2.6, 8.0, 1.6 ],
							"rotationOrigin": [ 2.2, 4.0, 1.6 ],
							"rotationX": -6.0,
							"faces": {
								"north": { "texture": "#belt-waist-plain-content-wood", "uv": [ 0.0, 0.0, 0.5, 4.0 ] },
								"east": { "texture": "#belt-waist-plain-content-wood", "uv": [ 0.0, 0.0, 0.5, 4.0 ] },
								"south": { "texture": "#belt-waist-plain-content-wood", "uv": [ 0.0, 0.0, 0.5, 4.0 ] },
								"west": { "texture": "#belt-waist-plain-content-wood", "uv": [ 0.0, 0.0, 0.5, 4.0 ] },
								"up": { "texture": "#belt-waist-plain-content-wood", "uv": [ 0.0, 0.0, 0.5, 0.5 ] },
								"down": { "texture": "#belt-waist-plain-content-wood", "uv": [ 0.0, 0.0, 0.5, 0.5 ] }
							},
							"children": [
								{
									"name": "Cube2",
									"from": [ -0.3, 2.2, 0.1 ],
									"to": [ 0.7, 3.9, 0.3 ],
									"rotationOrigin": [ -0.3, 2.2, 0.1 ],
									"faces": {
										"north": { "texture": "#belt-waist-plain-content-wood", "uv": [ 0.0, 0.0, 1.0, 1.5 ] },
										"east": { "texture": "#belt-waist-plain-content-wood", "uv": [ 0.0, 0.0, 0.5, 1.5 ] },
										"south": { "texture": "#belt-waist-plain-content-wood", "uv": [ 0.0, 0.0, 1.0, 1.5 ] },
										"west": { "texture": "#belt-waist-plain-content-wood", "uv": [ 0.0, 0.0, 0.5, 1.5 ] },
										"up": { "texture": "#belt-waist-plain-content-wood", "uv": [ 0.0, 0.0, 1.0, 0.5 ] },
										"down": { "texture": "#belt-waist-plain-content-wood", "uv": [ 0.0, 0.0, 1.0, 0.5 ] }
									}
								}
							]
						},
						{
							"name": "quiver_2",
							"from": [ 2.3, 3.6, 1.8 ],
							"to": [ 2.9, 6.8, 2.0 ],
							"rotationOrigin": [ 2.9, 3.6, 2.0 ],
							"rotationX": 23.5,
							"rotationY": -23.0,
							"faces": {
								"north": { "texture": "#belt-waist-plain-material", "uv": [ 0.0, 0.0, 0.5, 3.0 ] },
								"east": { "texture": "#belt-waist-plain-material", "uv": [ 0.0, 0.0, 0.5, 3.0 ] },
								"south": { "texture": "#belt-waist-plain-material", "uv": [ 0.0, 0.0, 0.5, 3.0 ] },
								"west": { "texture": "#belt-waist-plain-material", "uv": [ 0.0, 0.0, 0.5, 3.0 ] },
								"up": { "texture": "#belt-waist-plain-material", "uv": [ 0.0, 0.0, 0.5, 0.5 ] },
								"down": { "texture": "#belt-waist-plain-material", "uv": [ 0.0, 0.0, 0.5, 0.5 ] }
							}
						},
						{
							"name": "quiver_3",
							"from": [ 0.2, 3.5, 1.8 ],
							"to": [ 0.8, 7.6, 2.0 ],
							"rotationOrigin": [ 0.2, 3.5, 2.0 ],
							"rotationX": 38.0,
							"rotationZ": -3.5,
							"faces": {
								"north": { "texture": "#belt-waist-plain-material", "uv": [ 0.0, 0.0, 0.5, 4.0 ] },
								"east": { "texture": "#belt-waist-plain-material", "uv": [ 0.0, 0.0, 0.5, 4.0 ] },
								"south": { "texture": "#belt-waist-plain-material", "uv": [ 0.0, 0.0, 0.5, 4.0 ] },
								"west": { "texture": "#belt-waist-plain-material", "uv": [ 0.0, 0.0, 0.5, 4.0 ] },
								"up": { "texture": "#belt-waist-plain-material", "uv": [ 0.0, 0.0, 0.5, 0.5 ] },
								"down": { "texture": "#belt-waist-plain-material", "uv": [ 0.0, 0.0, 0.5, 0.5 ] }
							}
						},
						{
							"name": "arrow_1",
							"from": [ 1.4, 4.0, 1.2 ],
							"to": [ 1.8, 8.0, 1.6 ],
							"rotationOrigin": [ 1.4, 4.0, 1.6 ],
							"rotationY": -22.5,
							"faces": {
								"north": { "texture": "#belt-waist-plain-content-wood", "uv": [ 0.0, 0.0, 0.5, 4.0 ] },
								"east": { "texture": "#belt-waist-plain-content-wood", "uv": [ 0.0, 0.0, 0.5, 4.0 ] },
								"south": { "texture": "#belt-waist-plain-content-wood", "uv": [ 0.0, 0.0, 0.5, 4.0 ] },
								"west": { "texture": "#belt-waist-plain-content-wood", "uv": [ 0.0, 0.0, 0.5, 4.0 ] },
								"up": { "texture": "#belt-waist-plain-content-wood", "uv": [ 0.0, 0.0, 0.5, 0.5 ] },
								"down": { "texture": "#belt-waist-plain-content-wood", "uv": [ 0.0, 0.0, 0.5, 0.5 ] }
							},
							"children": [
								{
									"name": "Cube3",
									"from": [ -0.3, 2.2, 0.1 ],
									"to": [ 0.7, 3.9, 0.3 ],
									"rotationOrigin": [ -0.3, 2.2, 0.1 ],
									"faces": {
										"north": { "texture": "#belt-waist-plain-content-wood", "uv": [ 0.0, 0.0, 1.0, 1.5 ] },
										"east": { "texture": "#belt-waist-plain-content-wood", "uv": [ 0.0, 0.0, 0.5, 1.5 ] },
										"south": { "texture": "#belt-waist-plain-content-wood", "uv": [ 0.0, 0.0, 1.0, 1.5 ] },
										"west": { "texture": "#belt-waist-plain-content-wood", "uv": [ 0.0, 0.0, 0.5, 1.5 ] },
										"up": { "texture": "#belt-waist-plain-content-wood", "uv": [ 0.0, 0.0, 1.0, 0.5 ] },
										"down": { "texture": "#belt-waist-plain-content-wood", "uv": [ 0.0, 0.0, 1.0, 0.5 ] }
									}
								}
							]
						},
						{
							"name": "arrow_2",
							"from": [ 0.9, 4.0, 1.1 ],
							"to": [ 1.3, 8.0, 1.5 ],
							"rotationOrigin": [ 0.9, 4.0, 1.1 ],
							"rotationX": 4.0,
							"rotationY": -45.0,
							"faces": {
								"north": { "texture": "#belt-waist-plain-content-wood", "uv": [ 0.0, 0.0, 0.5, 4.0 ] },
								"east": { "texture": "#belt-waist-plain-content-wood", "uv": [ 0.0, 0.0, 0.5, 4.0 ] },
								"south": { "texture": "#belt-waist-plain-content-wood", "uv": [ 0.0, 0.0, 0.5, 4.0 ] },
								"west": { "texture": "#belt-waist-plain-content-wood", "uv": [ 0.0, 0.0, 0.5, 4.0 ] },
								"up": { "texture": "#belt-waist-plain-content-wood", "uv": [ 0.0, 0.0, 0.5, 0.5 ] },
								"down": { "texture": "#belt-waist-plain-content-wood", "uv": [ 0.0, 0.0, 0.5, 0.5 ] }
							},
							"children": [
								{
									"name": "Cube4",
									"from": [ -0.3, 2.2, 0.1 ],
									"to": [ 0.7, 3.9, 0.3 ],
									"rotationOrigin": [ -0.3, 2.2, 0.1 ],
									"faces": {
										"north": { "texture": "#belt-waist-plain-content-wood", "uv": [ 0.0, 0.0, 1.0, 1.5 ] },
										"east": { "texture": "#belt-waist-plain-content-wood", "uv": [ 0.0, 0.0, 0.5, 1.5 ] },
										"south": { "texture": "#belt-waist-plain-content-wood", "uv": [ 0.0, 0.0, 1.0, 1.5 ] },
										"west": { "texture": "#belt-waist-plain-content-wood", "uv": [ 0.0, 0.0, 0.5, 1.5 ] },
										"up": { "texture": "#belt-waist-plain-content-wood", "uv": [ 0.0, 0.0, 1.0, 0.5 ] },
										"down": { "texture": "#belt-waist-plain-content-wood", "uv": [ 0.0, 0.0, 1.0, 0.5 ] }
									}
								}
							]
						},
						{
							"name": "arrow_3",
							"from": [ 2.1, 4.0, 0.4 ],
							"to": [ 2.5, 8.0, 0.8 ],
							"rotationOrigin": [ 2.1, 4.0, 0.8 ],
							"rotationX": -6.0,
							"rotationY": -12.0,
							"rotationZ": 3.0,
							"faces": {
								"north": { "texture": "#belt-waist-plain-content-wood", "uv": [ 0.0, 0.0, 0.5, 4.0 ] },
								"east": { "texture": "#belt-waist-plain-content-wood", "uv": [ 0.0, 0.0, 0.5, 4.0 ] },
								"south": { "texture": "#belt-waist-plain-content-wood", "uv": [ 0.0, 0.0, 0.5, 4.0 ] },
								"west": { "texture": "#belt-waist-plain-content-wood", "uv": [ 0.0, 0.0, 0.5, 4.0 ] },
								"up": { "texture": "#belt-waist-plain-content-wood", "uv": [ 0.0, 0.0, 0.5, 0.5 ] },
								"down": { "texture": "#belt-waist-plain-content-wood", "uv": [ 0.0, 0.0, 0.5, 0.5 ] }
							},
							"children": [
								{
									"name": "Cube5",
									"from": [ -0.3, 1.2, 0.1 ],
									"to": [ 0.7, 3.9, 0.3 ],
									"rotationOrigin": [ -0.3, 1.2, 0.1 ],
									"faces": {
										"north": { "texture": "#belt-waist-plain-content-wood", "uv": [ 0.0, 0.0, 1.0, 2.5 ] },
										"east": { "texture": "#belt-waist-plain-content-wood", "uv": [ 0.0, 0.0, 0.5, 2.5 ] },
										"south": { "texture": "#belt-waist-plain-content-wood", "uv": [ 0.0, 0.0, 1.0, 2.5 ] },
										"west": { "texture": "#belt-waist-plain-content-wood", "uv": [ 0.0, 0.0, 0.5, 2.5 ] },
										"up": { "texture": "#belt-waist-plain-content-wood", "uv": [ 0.0, 0.0, 1.0, 0.5 ] },
										"down": { "texture": "#belt-waist-plain-content-wood", "uv": [ 0.0, 0.0, 1.0, 0.5 ] }
									}
								}
							]
						},
						{
							"name": "arrow_4",
							"from": [ 1.3, 4.0, 0.4 ],
							"to": [ 1.7, 8.0, 0.8 ],
							"rotationOrigin": [ 1.3, 4.0, 0.8 ],
							"rotationX": -6.0,
							"rotationY": -24.0,
							"rotationZ": 3.0,
							"faces": {
								"north": { "texture": "#belt-waist-plain-content-wood", "uv": [ 0.0, 0.0, 0.5, 4.0 ] },
								"east": { "texture": "#belt-waist-plain-content-wood", "uv": [ 0.0, 0.0, 0.5, 4.0 ] },
								"south": { "texture": "#belt-waist-plain-content-wood", "uv": [ 0.0, 0.0, 0.5, 4.0 ] },
								"west": { "texture": "#belt-waist-plain-content-wood", "uv": [ 0.0, 0.0, 0.5, 4.0 ] },
								"up": { "texture": "#belt-waist-plain-content-wood", "uv": [ 0.0, 0.0, 0.5, 0.5 ] },
								"down": { "texture": "#belt-waist-plain-content-wood", "uv": [ 0.0, 0.0, 0.5, 0.5 ] }
							},
							"children": [
								{
									"name": "Cube6",
									"from": [ -0.3, 1.2, 0.1 ],
									"to": [ 0.7, 3.9, 0.3 ],
									"rotationOrigin": [ -0.3, 1.2, 0.1 ],
									"faces": {
										"north": { "texture": "#belt-waist-plain-content-wood", "uv": [ 0.0, 0.0, 1.0, 2.5 ] },
										"east": { "texture": "#belt-waist-plain-content-wood", "uv": [ 0.0, 0.0, 0.5, 2.5 ] },
										"south": { "texture": "#belt-waist-plain-content-wood", "uv": [ 0.0, 0.0, 1.0, 2.5 ] },
										"west": { "texture": "#belt-waist-plain-content-wood", "uv": [ 0.0, 0.0, 0.5, 2.5 ] },
										"up": { "texture": "#belt-waist-plain-content-wood", "uv": [ 0.0, 0.0, 1.0, 0.5 ] },
										"down": { "texture": "#belt-waist-plain-content-wood", "uv": [ 0.0, 0.0, 1.0, 0.5 ] }
									}
								}
							]
						},
						{
							"name": "arrow_5",
							"from": [ 0.8, 5.0, 0.6 ],
							"to": [ 1.2, 8.0, 1.0 ],
							"rotationOrigin": [ 0.8, 5.0, 1.0 ],
							"rotationX": -6.0,
							"rotationY": -45.0,
							"rotationZ": 3.0,
							"faces": {
								"north": { "texture": "#belt-waist-plain-content-wood", "uv": [ 0.0, 0.0, 0.5, 3.0 ] },
								"east": { "texture": "#belt-waist-plain-content-wood", "uv": [ 0.0, 0.0, 0.5, 3.0 ] },
								"south": { "texture": "#belt-waist-plain-content-wood", "uv": [ 0.0, 0.0, 0.5, 3.0 ] },
								"west": { "texture": "#belt-waist-plain-content-wood", "uv": [ 0.0, 0.0, 0.5, 3.0 ] },
								"up": { "texture": "#belt-waist-plain-content-wood", "uv": [ 0.0, 0.0, 0.5, 0.5 ] },
								"down": { "texture": "#belt-waist-plain-content-wood", "uv": [ 0.0, 0.0, 0.5, 0.5 ] }
							},
							"children": [
								{
									"name": "Cube7",
									"from": [ -0.3, 1.2, 0.1 ],
									"to": [ 0.7, 2.9, 0.3 ],
									"rotationOrigin": [ -0.3, 1.2, 0.1 ],
									"faces": {
										"north": { "texture": "#belt-waist-plain-content-wood", "uv": [ 0.0, 0.0, 1.0, 1.5 ] },
										"east": { "texture": "#belt-waist-plain-content-wood", "uv": [ 0.0, 0.0, 0.5, 1.5 ] },
										"south": { "texture": "#belt-waist-plain-content-wood", "uv": [ 0.0, 0.0, 1.0, 1.5 ] },
										"west": { "texture": "#belt-waist-plain-content-wood", "uv": [ 0.0, 0.0, 0.5, 1.5 ] },
										"up": { "texture": "#belt-waist-plain-content-wood", "uv": [ 0.0, 0.0, 1.0, 0.5 ] },
										"down": { "texture": "#belt-waist-plain-content-wood", "uv": [ 0.0, 0.0, 1.0, 0.5 ] }
									}
								}
							]
						},
						{
							"name": "arrow_6",
							"from": [ 0.5, 4.0, 0.5 ],
							"to": [ 0.9, 8.0, 0.9 ],
							"rotationOrigin": [ 0.5, 4.0, 0.9 ],
							"rotationX": -6.0,
							"rotationY": 22.5,
							"rotationZ": 3.0,
							"faces": {
								"north": { "texture": "#belt-waist-plain-content-wood", "uv": [ 0.0, 0.0, 0.5, 4.0 ] },
								"east": { "texture": "#belt-waist-plain-content-wood", "uv": [ 0.0, 0.0, 0.5, 4.0 ] },
								"south": { "texture": "#belt-waist-plain-content-wood", "uv": [ 0.0, 0.0, 0.5, 4.0 ] },
								"west": { "texture": "#belt-waist-plain-content-wood", "uv": [ 0.0, 0.0, 0.5, 4.0 ] },
								"up": { "texture": "#belt-waist-plain-content-wood", "uv": [ 0.0, 0.0, 0.5, 0.5 ] },
								"down": { "texture": "#belt-waist-plain-content-wood", "uv": [ 0.0, 0.0, 0.5, 0.5 ] }
							},
							"children": [
								{
									"name": "Cube8",
									"from": [ -0.3, 2.2, 0.1 ],
									"to": [ 0.7, 3.9, 0.3 ],
									"rotationOrigin": [ -0.3, 2.2, 0.1 ],
									"faces": {
										"north": { "texture": "#belt-waist-plain-content-wood", "uv": [ 0.0, 0.0, 1.0, 1.5 ] },
										"east": { "texture": "#belt-waist-plain-content-wood", "uv": [ 0.0, 0.0, 0.5, 1.5 ] },
										"south": { "texture": "#belt-waist-plain-content-wood", "uv": [ 0.0, 0.0, 1.0, 1.5 ] },
										"west": { "texture": "#belt-waist-plain-content-wood", "uv": [ 0.0, 0.0, 0.5, 1.5 ] },
										"up": { "texture": "#belt-waist-plain-content-wood", "uv": [ 0.0, 0.0, 1.0, 0.5 ] },
										"down": { "texture": "#belt-waist-plain-content-wood", "uv": [ 0.0, 0.0, 1.0, 0.5 ] }
									}
								}
							]
						},
						{
							"name": "arrow_7",
							"from": [ 0.7, 4.0, 1.0 ],
							"to": [ 1.1, 8.0, 1.4 ],
							"rotationOrigin": [ 0.7, 4.0, 1.4 ],
							"rotationX": -6.0,
							"rotationY": 90.0,
							"rotationZ": 3.0,
							"faces": {
								"north": { "texture": "#belt-waist-plain-content-wood", "uv": [ 0.0, 0.0, 0.5, 4.0 ] },
								"east": { "texture": "#belt-waist-plain-content-wood", "uv": [ 0.0, 0.0, 0.5, 4.0 ] },
								"south": { "texture": "#belt-waist-plain-content-wood", "uv": [ 0.0, 0.0, 0.5, 4.0 ] },
								"west": { "texture": "#belt-waist-plain-content-wood", "uv": [ 0.0, 0.0, 0.5, 4.0 ] },
								"up": { "texture": "#belt-waist-plain-content-wood", "uv": [ 0.0, 0.0, 0.5, 0.5 ] },
								"down": { "texture": "#belt-waist-plain-content-wood", "uv": [ 0.0, 0.0, 0.5, 0.5 ] }
							},
							"children": [
								{
									"name": "Cube9",
									"from": [ -0.3, 1.2, 0.1 ],
									"to": [ 0.7, 3.9, 0.3 ],
									"rotationOrigin": [ -0.3, 1.2, 0.1 ],
									"faces": {
										"north": { "texture": "#belt-waist-plain-content-wood", "uv": [ 0.0, 0.0, 1.0, 2.5 ] },
										"east": { "texture": "#belt-waist-plain-content-wood", "uv": [ 0.0, 0.0, 0.5, 2.5 ] },
										"south": { "texture": "#belt-waist-plain-content-wood", "uv": [ 0.0, 0.0, 1.0, 2.5 ] },
										"west": { "texture": "#belt-waist-plain-content-wood", "uv": [ 0.0, 0.0, 0.5, 2.5 ] },
										"up": { "texture": "#belt-waist-plain-content-wood", "uv": [ 0.0, 0.0, 1.0, 0.5 ] },
										"down": { "texture": "#belt-waist-plain-content-wood", "uv": [ 0.0, 0.0, 1.0, 0.5 ] }
									}
								}
							]
						},
						{
							"name": "quiver_4",
							"from": [ 0.0, 4.5, 0.0 ],
							"to": [ 3.0, 5.0, 0.3 ],
							"rotationOrigin": [ 0.0, 4.5, 0.3 ],
							"rotationX": -30.0,
							"faces": {
								"north": { "texture": "#belt-waist-plain-material", "uv": [ 0.0, 0.0, 3.0, 0.5 ] },
								"east": { "texture": "#belt-waist-plain-material", "uv": [ 0.0, 0.0, 0.5, 0.5 ] },
								"south": { "texture": "#belt-waist-plain-material", "uv": [ 0.0, 0.0, 3.0, 0.5 ] },
								"west": { "texture": "#belt-waist-plain-material", "uv": [ 0.0, 0.0, 0.5, 0.5 ] },
								"up": { "texture": "#belt-waist-plain-material", "uv": [ 0.0, 0.0, 3.0, 0.5 ] },
								"down": { "texture": "#belt-waist-plain-material", "uv": [ 0.0, 0.0, 3.0, 0.5 ] }
							}
						},
						{
							"name": "quiver_5",
							"from": [ 0.0, 4.5, 1.7 ],
							"to": [ 3.0, 5.0, 2.0 ],
							"rotationOrigin": [ 0.0, 4.5, 1.7 ],
							"rotationX": 30.0,
							"faces": {
								"north": { "texture": "#belt-waist-plain-material", "uv": [ 0.0, 0.0, 3.0, 0.5 ] },
								"east": { "texture": "#belt-waist-plain-material", "uv": [ 0.0, 0.0, 0.5, 0.5 ] },
								"south": { "texture": "#belt-waist-plain-material", "uv": [ 0.0, 0.0, 3.0, 0.5 ] },
								"west": { "texture": "#belt-waist-plain-material", "uv": [ 0.0, 0.0, 0.5, 0.5 ] },
								"up": { "texture": "#belt-waist-plain-material", "uv": [ 0.0, 0.0, 3.0, 0.5 ] },
								"down": { "texture": "#belt-waist-plain-material", "uv": [ 0.0, 0.0, 3.0, 0.5 ] }
							}
						},
						{
							"name": "quiver_6",
							"from": [ 0.0, 4.5, 0.0 ],
							"to": [ 0.3, 5.0, 2.0 ],
							"rotationOrigin": [ 0.3, 4.5, 0.0 ],
							"rotationZ": 30.0,
							"faces": {
								"north": { "texture": "#belt-waist-plain-material", "uv": [ 0.0, 0.0, 0.5, 0.5 ] },
								"east": { "texture": "#belt-waist-plain-material", "uv": [ 0.0, 0.0, 2.0, 0.5 ] },
								"south": { "texture": "#belt-waist-plain-material", "uv": [ 0.0, 0.0, 0.5, 0.5 ] },
								"west": { "texture": "#belt-waist-plain-material", "uv": [ 12.5, 3.0, 14.5, 3.5 ] },
								"up": { "texture": "#belt-waist-plain-material", "uv": [ 0.0, 0.0, 0.5, 2.0 ] },
								"down": { "texture": "#belt-waist-plain-material", "uv": [ 0.0, 0.0, 0.5, 2.0 ] }
							}
						},
						{
							"name": "quiver_7",
							"from": [ 2.7, 4.5, 0.0 ],
							"to": [ 3.0, 5.0, 2.0 ],
							"rotationOrigin": [ 2.7, 4.5, 0.0 ],
							"rotationZ": -30.0,
							"faces": {
								"north": { "texture": "#belt-waist-plain-material", "uv": [ 0.0, 0.0, 0.5, 0.5 ] },
								"east": { "texture": "#belt-waist-plain-material", "uv": [ 12.0, 6.0, 14.0, 6.5 ] },
								"south": { "texture": "#belt-waist-plain-material", "uv": [ 0.0, 0.0, 0.5, 0.5 ] },
								"west": { "texture": "#belt-waist-plain-material", "uv": [ 7.5, 3.0, 9.5, 3.5 ] },
								"up": { "texture": "#belt-waist-plain-material", "uv": [ 0.0, 0.0, 0.5, 2.0 ] },
								"down": { "texture": "#belt-waist-plain-material", "uv": [ 0.0, 0.0, 0.5, 2.0 ] }
							}
						},
						{
							"name": "quiver_8",
							"from": [ 0.2, 4.51, 0.2 ],
							"to": [ 2.8, 4.51, 1.8 ],
							"rotationOrigin": [ 0.2, 4.5, 0.2 ],
							"faces": {
								"up": { "texture": "#quiverbolts-black", "uv": [ 7.0, 9.5, 9.5, 11.0 ] }
							}
						}
					]
				}
			]
		}
	]}