{
	"editor": {
		"backDropShape": "E:/Programs/VSModelCreator/thin",
		"collapsedPaths": "Root/Bow,Root/Waist-Quiver/Quiver,Root/Sowrd/Handle,Root/Waist/buckle-bottom,Root/Waist-Quiver/Pouch_1,Root/Waist-Quiver/Pouch_0,Root/Sowrd/Metal,Root/Waist-Belt/Sheath,Root/Waist-Belt/Pouch_1,Root/Waist-Quiver/Sheath_0,Root/Waist-Quiver/Belt,Root/Waist-Quiver/Saydak,Root/Waist-Quiver/Sheath/sheath_0,Root/Waist-Quiver/Sheath/sheath_0/Sowrd/Handle2,Root/Waist-Belt/Quiver/arrow_7,Root/Waist-Belt/Quiver/arrow_6,Root/Waist-Belt/Quiver/arrow_5,Root/Waist-Quiver/Quiver/arrow_3,Root/Waist-Quiver/Quiver/arrow_2,Root/Waist-Quiver/Quiver/arrow_1,Root/Waist-Quiver/Bow,Root/Waist-Quiver/Quiver/arrow_0,Root/Waist-Quiver/Sheath/sheath_0/Handle2/Guard_2,Root/Waist-Belt/Quiver/arrow_4",
		"allAngles": true,
		"entityTextureMode": false
	},
	"textureWidth": 16,
	"textureHeight": 16,
	"textureSizes": {
	},
	"textures": {
		"quiverbolts-black": "game:block/leather/black",
		"belt-waist-plain-material": "game:block/leather/plain",
		"belt-waist-plain-metal": "game:block/metal/plate/brass",
		"belt-waist-plain-content-wood": "game:block/wood/debarked/oak",
		"quiverarrows-feather": "game:item/tool/material/feather1"
	},
	"elements": [
		{
			"name": "Waist-Belt",
			"stepParentName": "LowerTorso",
			"from": [ -0.1, 1.9, -0.2 ],
			"to": [ 5.1, 3.0, 6.2 ],
			"rotationOrigin": [ 2.9, 1.9, 3.0 ],
			"faces": {
			},
			"children": [
				{
					"name": "Quiver",
					"from": [ 3.7, -8.0, -2.4 ],
					"to": [ 5.2, -1.5, -1.4 ],
					"rotationOrigin": [ 4.7, -2.0, -0.4 ],
					"rotationY": -35.0,
					"rotationZ": 5.5,
					"faces": {
						"north": { "texture": "#belt-waist-plain-material", "uv": [ 0.0, 0.0, 1.5, 6.5 ] },
						"east": { "texture": "#belt-waist-plain-material", "uv": [ 0.0, 0.0, 1.0, 6.5 ] },
						"south": { "texture": "#belt-waist-plain-material", "uv": [ 0.0, 0.0, 1.5, 6.5 ] },
						"west": { "texture": "#belt-waist-plain-material", "uv": [ 0.0, 0.0, 1.0, 6.5 ] },
						"down": { "texture": "#belt-waist-plain-material", "uv": [ 0.0, 0.0, 1.5, 1.0 ] }
					},
					"children": [
						{
							"name": "quiver_0",
							"from": [ -0.2, 0.5, -0.1 ],
							"to": [ 1.7, 1.0, 1.1 ],
							"rotationOrigin": [ -0.2, 0.5, -0.1 ],
							"rotationZ": -14.0,
							"faces": {
								"north": { "texture": "#belt-waist-plain-metal", "uv": [ 0.0, 0.0, 1.5, 0.5 ] },
								"east": { "texture": "#belt-waist-plain-metal", "uv": [ 0.0, 0.0, 1.0, 0.5 ] },
								"south": { "texture": "#belt-waist-plain-metal", "uv": [ 0.0, 0.0, 1.5, 0.5 ] },
								"west": { "texture": "#belt-waist-plain-metal", "uv": [ 0.0, 0.0, 1.0, 0.5 ] },
								"up": { "texture": "#belt-waist-plain-metal", "uv": [ 0.0, 0.0, 1.5, 1.0 ] },
								"down": { "texture": "#belt-waist-plain-metal", "uv": [ 0.0, 0.0, 1.5, 1.0 ] }
							}
						},
						{
							"name": "quiver_1",
							"from": [ -0.1, 6.0, -0.1 ],
							"to": [ 3.1, 6.5, 1.1 ],
							"rotationOrigin": [ -0.1, 6.0, -0.1 ],
							"faces": {
								"north": { "texture": "#belt-waist-plain-metal", "uv": [ 0.0, 0.0, 3.0, 0.5 ] },
								"east": { "texture": "#belt-waist-plain-metal", "uv": [ 0.0, 0.0, 1.0, 0.5 ] },
								"south": { "texture": "#belt-waist-plain-metal", "uv": [ 0.0, 0.0, 3.0, 0.5 ] },
								"west": { "texture": "#belt-waist-plain-metal", "uv": [ 0.0, 0.0, 1.0, 0.5 ] },
								"up": { "texture": "#belt-waist-plain-metal", "uv": [ 0.0, 0.0, 3.0, 1.0 ] },
								"down": { "texture": "#belt-waist-plain-metal", "uv": [ 0.0, 0.0, 3.0, 1.0 ] }
							},
							"children": [
								{
									"name": "quiver_5",
									"from": [ 0.1, 0.5, 0.9 ],
									"to": [ 3.1, 1.0, 1.2 ],
									"rotationOrigin": [ 0.1, 0.5, 0.9 ],
									"rotationX": 30.0,
									"faces": {
										"north": { "texture": "#belt-waist-plain-material", "uv": [ 0.0, 0.0, 3.0, 0.5 ] },
										"east": { "texture": "#belt-waist-plain-material", "uv": [ 0.0, 0.0, 0.5, 0.5 ] },
										"south": { "texture": "#belt-waist-plain-material", "uv": [ 0.0, 0.0, 3.0, 0.5 ] },
										"west": { "texture": "#belt-waist-plain-material", "uv": [ 0.0, 0.0, 0.5, 0.5 ] },
										"up": { "texture": "#belt-waist-plain-material", "uv": [ 0.0, 0.0, 3.0, 0.5 ] },
										"down": { "texture": "#belt-waist-plain-material", "uv": [ 0.0, 0.0, 3.0, 0.5 ] }
									}
								},
								{
									"name": "quiver_6",
									"from": [ 0.1, 0.5, 0.1 ],
									"to": [ 0.4, 1.0, 1.2 ],
									"rotationOrigin": [ 0.4, 0.5, 0.1 ],
									"rotationZ": 30.0,
									"faces": {
										"north": { "texture": "#belt-waist-plain-material", "uv": [ 0.0, 0.0, 0.5, 0.5 ] },
										"east": { "texture": "#belt-waist-plain-material", "uv": [ 0.0, 0.0, 1.0, 0.5 ] },
										"south": { "texture": "#belt-waist-plain-material", "uv": [ 0.0, 0.0, 0.5, 0.5 ] },
										"west": { "texture": "#belt-waist-plain-material", "uv": [ 12.5, 3.0, 13.5, 3.5 ] },
										"up": { "texture": "#belt-waist-plain-material", "uv": [ 0.0, 0.0, 0.5, 1.0 ] },
										"down": { "texture": "#belt-waist-plain-material", "uv": [ 0.0, 0.0, 0.5, 1.0 ] }
									}
								},
								{
									"name": "quiver_4",
									"from": [ 0.1, 0.5, 0.1 ],
									"to": [ 3.1, 1.0, 0.4 ],
									"rotationOrigin": [ 0.1, 0.5, 0.4 ],
									"rotationX": -30.0,
									"faces": {
										"north": { "texture": "#belt-waist-plain-material", "uv": [ 0.0, 0.0, 3.0, 0.5 ] },
										"east": { "texture": "#belt-waist-plain-material", "uv": [ 0.0, 0.0, 0.5, 0.5 ] },
										"south": { "texture": "#belt-waist-plain-material", "uv": [ 0.0, 0.0, 3.0, 0.5 ] },
										"west": { "texture": "#belt-waist-plain-material", "uv": [ 0.0, 0.0, 0.5, 0.5 ] },
										"up": { "texture": "#belt-waist-plain-material", "uv": [ 0.0, 0.0, 3.0, 0.5 ] },
										"down": { "texture": "#belt-waist-plain-material", "uv": [ 0.0, 0.0, 3.0, 0.5 ] }
									}
								},
								{
									"name": "quiver_7",
									"from": [ 2.8, 0.5, 0.1 ],
									"to": [ 3.1, 1.0, 1.2 ],
									"rotationOrigin": [ 2.8, 0.5, 0.1 ],
									"rotationZ": -30.0,
									"faces": {
										"north": { "texture": "#belt-waist-plain-material", "uv": [ 0.0, 0.0, 0.5, 0.5 ] },
										"east": { "texture": "#belt-waist-plain-material", "uv": [ 12.0, 6.0, 13.0, 6.5 ] },
										"south": { "texture": "#belt-waist-plain-material", "uv": [ 0.0, 0.0, 0.5, 0.5 ] },
										"west": { "texture": "#belt-waist-plain-material", "uv": [ 7.5, 3.0, 8.5, 3.5 ] },
										"up": { "texture": "#belt-waist-plain-material", "uv": [ 0.0, 0.0, 0.5, 1.0 ] },
										"down": { "texture": "#belt-waist-plain-material", "uv": [ 0.0, 0.0, 0.5, 1.0 ] }
									}
								},
								{
									"name": "quiver_8",
									"from": [ 0.3, 0.51, 0.3 ],
									"to": [ 2.9, 0.51, 1.0 ],
									"rotationOrigin": [ 0.3, 0.5, 0.3 ],
									"faces": {
										"up": { "texture": "#quiverbolts-black", "uv": [ 7.0, 9.5, 9.5, 10.0 ] }
									}
								}
							]
						},
						{
							"name": "quiver_2",
							"from": [ 2.1, 5.3, 0.8 ],
							"to": [ 2.7, 9.4, 1.0 ],
							"rotationOrigin": [ 2.7, 5.3, 1.0 ],
							"rotationX": 32.5,
							"rotationY": -12.0,
							"rotationZ": 4.0,
							"faces": {
								"north": { "texture": "#belt-waist-plain-material", "uv": [ 0.0, 0.0, 0.5, 4.0 ] },
								"east": { "texture": "#belt-waist-plain-material", "uv": [ 0.0, 0.0, 0.5, 4.0 ] },
								"south": { "texture": "#belt-waist-plain-material", "uv": [ 0.0, 0.0, 0.5, 4.0 ] },
								"west": { "texture": "#belt-waist-plain-material", "uv": [ 0.0, 0.0, 0.5, 4.0 ] },
								"up": { "texture": "#belt-waist-plain-material", "uv": [ 0.0, 0.0, 0.5, 0.5 ] },
								"down": { "texture": "#belt-waist-plain-material", "uv": [ 0.0, 0.0, 0.5, 0.5 ] }
							}
						},
						{
							"name": "quiver_3",
							"from": [ 0.2, 5.5, 0.8 ],
							"to": [ 0.8, 9.9, 1.0 ],
							"rotationOrigin": [ 0.2, 5.5, 1.0 ],
							"rotationX": 44.0,
							"rotationZ": 11.5,
							"faces": {
								"north": { "texture": "#belt-waist-plain-material", "uv": [ 0.0, 0.0, 0.5, 4.0 ] },
								"east": { "texture": "#belt-waist-plain-material", "uv": [ 0.0, 0.0, 0.5, 4.0 ] },
								"south": { "texture": "#belt-waist-plain-material", "uv": [ 0.0, 0.0, 0.5, 4.0 ] },
								"west": { "texture": "#belt-waist-plain-material", "uv": [ 0.0, 0.0, 0.5, 4.0 ] },
								"up": { "texture": "#belt-waist-plain-material", "uv": [ 0.0, 0.0, 0.5, 0.5 ] },
								"down": { "texture": "#belt-waist-plain-material", "uv": [ 0.0, 0.0, 0.5, 0.5 ] }
							}
						},
						{
							"name": "arrow_0",
							"from": [ 2.14, 6.02, 0.15 ],
							"to": [ 2.54, 11.02, 0.55 ],
							"rotationOrigin": [ 2.1379, 6.016, 0.1536 ],
							"rotationZ": -15.0,
							"faces": {
								"north": { "texture": "#belt-waist-plain-content-wood", "uv": [ 15.5, 11.0, 16.0, 16.0 ] },
								"east": { "texture": "#belt-waist-plain-content-wood", "uv": [ 15.5, 11.0, 16.0, 16.0 ] },
								"south": { "texture": "#belt-waist-plain-content-wood", "uv": [ 15.5, 11.0, 16.0, 16.0 ] },
								"west": { "texture": "#belt-waist-plain-content-wood", "uv": [ 15.5, 11.0, 16.0, 16.0 ] },
								"up": { "texture": "#belt-waist-plain-content-wood", "uv": [ 0.0, 0.0, 0.5, 0.5 ] },
								"down": { "texture": "#belt-waist-plain-content-wood", "uv": [ 0.0, 0.0, 0.5, 0.5 ] }
							},
							"children": [
								{
									"name": "fletching_0",
									"from": [ -0.6, 2.6, 0.3 ],
									"to": [ 1.0, 5.2, 0.3 ],
									"rotationOrigin": [ 0.2, 2.6, 0.3 ],
									"faces": {
										"north": { "texture": "#quiverarrows-feather", "uv": [ 6.0, 10.5, 10.0, 16.0 ], "autoUv": false }
									}
								},
								{
									"name": "fletching_4",
									"from": [ -0.6, 2.6, 0.2 ],
									"to": [ 1.0, 5.2, 0.2 ],
									"rotationOrigin": [ 0.2, 2.6, 0.2 ],
									"rotationY": 90.0,
									"faces": {
										"north": { "texture": "#quiverarrows-feather", "uv": [ 6.0, 10.5, 10.0, 16.0 ], "autoUv": false }
									}
								}
							]
						},
						{
							"name": "arrow_1",
							"from": [ 1.44, 6.02, 0.35 ],
							"to": [ 1.84, 11.02, 0.75 ],
							"rotationOrigin": [ 1.4379, 6.016, 0.3536 ],
							"rotationX": 0.0,
							"rotationY": 9.0,
							"rotationZ": -11.0,
							"faces": {
								"north": { "texture": "#belt-waist-plain-content-wood", "uv": [ 15.5, 0.0, 16.0, 5.0 ] },
								"east": { "texture": "#belt-waist-plain-content-wood", "uv": [ 15.5, 0.0, 16.0, 5.0 ] },
								"south": { "texture": "#belt-waist-plain-content-wood", "uv": [ 15.5, 0.0, 16.0, 5.0 ] },
								"west": { "texture": "#belt-waist-plain-content-wood", "uv": [ 15.5, 0.0, 16.0, 5.0 ] },
								"up": { "texture": "#belt-waist-plain-content-wood", "uv": [ 0.0, 0.0, 0.5, 0.5 ] },
								"down": { "texture": "#belt-waist-plain-content-wood", "uv": [ 0.0, 0.0, 0.5, 0.5 ] }
							},
							"children": [
								{
									"name": "fletching_1",
									"from": [ -0.6, 2.6, 0.3 ],
									"to": [ 1.0, 5.2, 0.3 ],
									"rotationOrigin": [ 0.2, 2.6, 0.3 ],
									"faces": {
										"north": { "texture": "#quiverarrows-feather", "uv": [ 6.0, 10.5, 10.0, 16.0 ], "autoUv": false }
									}
								},
								{
									"name": "fletching_5",
									"from": [ -0.6, 2.6, 0.2 ],
									"to": [ 1.0, 5.2, 0.2 ],
									"rotationOrigin": [ 0.2, 2.6, 0.2 ],
									"rotationY": 90.0,
									"faces": {
										"north": { "texture": "#quiverarrows-feather", "uv": [ 6.0, 10.5, 10.0, 16.0 ], "autoUv": false }
									}
								}
							]
						},
						{
							"name": "arrow_2",
							"from": [ 0.94, 6.02, 0.25 ],
							"to": [ 1.34, 11.02, 0.65 ],
							"rotationOrigin": [ 1.3379, 6.016, 0.2536 ],
							"rotationX": 0.0,
							"rotationY": -8.0,
							"rotationZ": -2.0,
							"faces": {
								"north": { "texture": "#belt-waist-plain-content-wood", "uv": [ 0.0, 11.0, 0.5, 16.0 ] },
								"east": { "texture": "#belt-waist-plain-content-wood", "uv": [ 0.0, 11.0, 0.5, 16.0 ] },
								"south": { "texture": "#belt-waist-plain-content-wood", "uv": [ 0.0, 11.0, 0.5, 16.0 ] },
								"west": { "texture": "#belt-waist-plain-content-wood", "uv": [ 0.0, 11.0, 0.5, 16.0 ] },
								"up": { "texture": "#belt-waist-plain-content-wood", "uv": [ 0.0, 0.0, 0.5, 0.5 ] },
								"down": { "texture": "#belt-waist-plain-content-wood", "uv": [ 0.0, 0.0, 0.5, 0.5 ] }
							},
							"children": [
								{
									"name": "fletching_2",
									"from": [ -0.6, 2.6, 0.3 ],
									"to": [ 1.0, 5.2, 0.3 ],
									"rotationOrigin": [ 0.2, 2.6, 0.3 ],
									"faces": {
										"north": { "texture": "#quiverarrows-feather", "uv": [ 6.0, 10.5, 10.0, 16.0 ], "autoUv": false }
									}
								},
								{
									"name": "fletching_6",
									"from": [ -0.6, 2.6, 0.2 ],
									"to": [ 1.0, 5.2, 0.2 ],
									"rotationOrigin": [ 0.2, 2.6, 0.2 ],
									"rotationY": 90.0,
									"faces": {
										"north": { "texture": "#quiverarrows-feather", "uv": [ 6.0, 10.5, 10.0, 16.0 ], "autoUv": false }
									}
								}
							]
						},
						{
							"name": "arrow_3",
							"from": [ 0.34, 6.02, 0.35 ],
							"to": [ 0.74, 11.02, 0.75 ],
							"rotationOrigin": [ 0.7379, 6.016, 0.3536 ],
							"rotationX": 0.0,
							"rotationY": 4.0,
							"rotationZ": 4.0,
							"faces": {
								"north": { "texture": "#belt-waist-plain-content-wood", "uv": [ 0.0, 0.0, 0.5, 5.0 ] },
								"east": { "texture": "#belt-waist-plain-content-wood", "uv": [ 0.0, 0.0, 0.5, 5.0 ] },
								"south": { "texture": "#belt-waist-plain-content-wood", "uv": [ 0.0, 0.0, 0.5, 5.0 ] },
								"west": { "texture": "#belt-waist-plain-content-wood", "uv": [ 0.0, 0.0, 0.5, 5.0 ] },
								"up": { "texture": "#belt-waist-plain-content-wood", "uv": [ 0.0, 0.0, 0.5, 0.5 ] },
								"down": { "texture": "#belt-waist-plain-content-wood", "uv": [ 0.0, 0.0, 0.5, 0.5 ] }
							},
							"children": [
								{
									"name": "fletching_3",
									"from": [ -0.6, 2.6, 0.3 ],
									"to": [ 1.0, 5.2, 0.3 ],
									"rotationOrigin": [ 0.2, 2.6, 0.3 ],
									"faces": {
										"north": { "texture": "#quiverarrows-feather", "uv": [ 6.0, 10.5, 10.0, 16.0 ], "autoUv": false }
									}
								},
								{
									"name": "fletching_7",
									"from": [ -0.6, 2.6, 0.2 ],
									"to": [ 1.0, 5.2, 0.2 ],
									"rotationOrigin": [ 0.2, 2.6, 0.2 ],
									"rotationY": 90.0,
									"faces": {
										"north": { "texture": "#quiverarrows-feather", "uv": [ 6.0, 10.5, 10.0, 16.0 ], "autoUv": false }
									}
								}
							]
						},
						{
							"name": "Quiver2",
							"from": [ 0.0, 0.0, 0.01 ],
							"to": [ 1.6, 6.2, 0.99 ],
							"rotationOrigin": [ 1.6, 0.0, 0.0 ],
							"rotationZ": -13.0,
							"faces": {
								"north": { "texture": "#belt-waist-plain-material", "uv": [ 0.0, 0.0, 1.5, 6.0 ] },
								"east": { "texture": "#belt-waist-plain-material", "uv": [ 0.0, 0.0, 0.5, 6.0 ] },
								"south": { "texture": "#belt-waist-plain-material", "uv": [ 0.0, 0.0, 1.5, 6.0 ] },
								"west": { "texture": "#belt-waist-plain-material", "uv": [ 0.0, 0.0, 0.5, 6.0 ] },
								"down": { "texture": "#belt-waist-plain-material", "uv": [ 0.0, 0.0, 1.5, 0.5 ] }
							}
						}
					]
				}
			]
		}
	]}