{
	"editor": {
		"backDropShape": "E:/Programs/VSModelCreator/thin",
		"collapsedPaths": "Root/windlass,Root/Goatfoot,Root/Bow,Root/Waist-Belt/quiver_0/windlass/Cube11/String_7,Root/Waist-Belt/quiver_0/windlass,Root/Waist-Quiver/Quiver,Root/Sowrd/Handle,Root/windlass/Cube11,Root/Waist/buckle-bottom,Root/Waist-Quiver/Pouch_1,Root/Waist-Quiver/Pouch_0,Root/Sowrd/Metal,Root/Waist-Belt/Sheath,Root/Waist-Belt/Pouch_1,Root/Waist-Quiver/Sheath_0,Root/Waist-Quiver/Belt,Root/Waist-Quiver/Saydak,Root/Waist-Quiver/Sheath/sheath_0,Root/Waist-Quiver/Sheath/sheath_0/Sowrd/Handle2,Root/Waist-Quiver/Quiver/arrow_3,Root/Waist-Quiver/Quiver/arrow_2,Root/Goatleg,Root/Waist-Quiver/Quiver/arrow_1,Root/Waist-Quiver/Bow,Root/Waist-Quiver/Quiver/arrow_0,Root/Waist-Belt/quiver_0/quiver_2,Root/Waist-Quiver/Sheath/sheath_0/Handle2/Guard_2",
		"allAngles": true,
		"entityTextureMode": false
	},
	"textureWidth": 16,
	"textureHeight": 16,
	"textureSizes": {
	},
	"textures": {
		"windlass-linen": "game:block/cloth/linen/normal1",
		"belt-waist-plain-material": "game:block/leather/plain",
		"windlass-iron": "game:block/metal/ingot/iron",
		"belt-waist-plain-metal": "game:block/metal/plate/brass",
		"windlass-steel": "game:block/metal/plate/steel",
		"windlass-wood": "game:block/wood/debarked/oak"
	},
	"elements": [
		{
			"name": "Waist-Belt",
			"stepParentName": "LowerTorso",
			"from": [ -0.1, 1.9, -0.2 ],
			"to": [ 5.1, 3.0, 6.2 ],
			"rotationOrigin": [ 2.9, 1.9, 3.0 ],
			"faces": {
			},
			"children": [
				{
					"name": "quiver_0",
					"from": [ 5.2, 0.0, 5.0 ],
					"to": [ 5.2, 0.0, 5.0 ],
					"rotationOrigin": [ 5.2, 0.0, 5.0 ],
					"faces": {
						"north": { "texture": "#belt-waist-plain-metal", "uv": [ 0.0, 0.0, 0.5, 0.5 ] },
						"east": { "texture": "#belt-waist-plain-metal", "uv": [ 0.0, 0.0, 0.5, 0.5 ] },
						"south": { "texture": "#belt-waist-plain-metal", "uv": [ 0.0, 0.0, 0.5, 0.5 ] },
						"west": { "texture": "#belt-waist-plain-metal", "uv": [ 0.0, 0.0, 0.5, 0.5 ] },
						"up": { "texture": "#belt-waist-plain-metal", "uv": [ 0.0, 0.0, 0.5, 0.5 ] },
						"down": { "texture": "#belt-waist-plain-metal", "uv": [ 0.0, 0.0, 0.5, 0.5 ] }
					},
					"children": [
						{
							"name": "quiver_1",
							"from": [ -0.5, -0.4, -0.7 ],
							"to": [ 0.8, 1.4, -0.3 ],
							"rotationOrigin": [ -0.5, -0.4, -0.7 ],
							"faces": {
								"north": { "texture": "#belt-waist-plain-metal", "uv": [ 0.0, 0.0, 1.0, 1.5 ] },
								"east": { "texture": "#belt-waist-plain-metal", "uv": [ 0.0, 0.0, 0.5, 1.5 ] },
								"south": { "texture": "#belt-waist-plain-metal", "uv": [ 0.0, 0.0, 1.0, 1.5 ] },
								"west": { "texture": "#belt-waist-plain-metal", "uv": [ 0.0, 0.0, 0.5, 1.5 ] },
								"up": { "texture": "#belt-waist-plain-metal", "uv": [ 0.0, 0.0, 1.0, 0.5 ] },
								"down": { "texture": "#belt-waist-plain-metal", "uv": [ 0.0, 0.0, 1.0, 0.5 ] }
							}
						},
						{
							"name": "quiver_2",
							"from": [ 0.7, -0.4, -0.71 ],
							"to": [ 1.2, 0.0, -0.31 ],
							"rotationOrigin": [ 0.7, 0.1, -0.7 ],
							"rotationZ": -19.0,
							"faces": {
								"north": { "texture": "#belt-waist-plain-metal", "uv": [ 0.0, 0.0, 0.5, 0.5 ] },
								"east": { "texture": "#belt-waist-plain-metal", "uv": [ 0.0, 0.0, 0.5, 0.5 ] },
								"south": { "texture": "#belt-waist-plain-metal", "uv": [ 0.0, 0.0, 0.5, 0.5 ] },
								"west": { "texture": "#belt-waist-plain-metal", "uv": [ 0.0, 0.0, 0.5, 0.5 ] },
								"up": { "texture": "#belt-waist-plain-metal", "uv": [ 0.0, 0.0, 0.5, 0.5 ] },
								"down": { "texture": "#belt-waist-plain-metal", "uv": [ 0.0, 0.0, 0.5, 0.5 ] }
							},
							"children": [
								{
									"name": "quiver_3",
									"from": [ 0.5, 0.0, 0.0 ],
									"to": [ 0.9, 1.5, 0.4 ],
									"rotationOrigin": [ 0.5, 0.0, 0.0 ],
									"faces": {
										"north": { "texture": "#belt-waist-plain-metal", "uv": [ 0.0, 0.0, 0.5, 1.5 ] },
										"east": { "texture": "#belt-waist-plain-metal", "uv": [ 0.0, 0.0, 0.5, 1.5 ] },
										"south": { "texture": "#belt-waist-plain-metal", "uv": [ 0.0, 0.0, 0.5, 1.5 ] },
										"west": { "texture": "#belt-waist-plain-metal", "uv": [ 0.0, 0.0, 0.5, 1.5 ] },
										"up": { "texture": "#belt-waist-plain-metal", "uv": [ 0.0, 0.0, 0.5, 0.5 ] },
										"down": { "texture": "#belt-waist-plain-metal", "uv": [ 0.0, 0.0, 0.5, 0.5 ] }
									}
								}
							]
						},
						{
							"name": "quiver_4",
							"from": [ -0.3, 0.2, -1.8 ],
							"to": [ 0.0, 0.9, -0.4 ],
							"rotationOrigin": [ 0.0, 0.2, -1.8 ],
							"rotationY": 32.0,
							"faces": {
								"north": { "texture": "#belt-waist-plain-material", "uv": [ 0.0, 0.0, 0.5, 0.5 ] },
								"east": { "texture": "#belt-waist-plain-material", "uv": [ 11.5, 4.0, 12.5, 4.5 ] },
								"south": { "texture": "#belt-waist-plain-material", "uv": [ 3.0, 1.5, 3.5, 2.0 ] },
								"west": { "texture": "#belt-waist-plain-material", "uv": [ 11.5, 4.5, 12.5, 5.0 ] },
								"up": { "texture": "#belt-waist-plain-material", "uv": [ 0.0, 0.0, 0.5, 1.0 ] },
								"down": { "texture": "#belt-waist-plain-material", "uv": [ 0.0, 0.0, 0.5, 1.0 ] }
							}
						},
						{
							"name": "quiver_5",
							"from": [ 0.0, 0.2, 0.9 ],
							"to": [ 0.3, 0.9, 2.3 ],
							"rotationOrigin": [ 0.0, 0.2, 0.9 ],
							"rotationY": 151.0,
							"faces": {
								"north": { "texture": "#belt-waist-plain-material", "uv": [ 0.0, 0.0, 0.5, 0.5 ] },
								"east": { "texture": "#belt-waist-plain-material", "uv": [ 6.0, 4.5, 7.0, 5.0 ] },
								"south": { "texture": "#belt-waist-plain-material", "uv": [ 0.0, 0.0, 0.5, 0.5 ] },
								"west": { "texture": "#belt-waist-plain-material", "uv": [ 8.5, 5.5, 9.5, 6.0 ] },
								"up": { "texture": "#belt-waist-plain-material", "uv": [ 0.0, 0.0, 0.5, 1.0 ] },
								"down": { "texture": "#belt-waist-plain-material", "uv": [ 0.0, 0.0, 0.5, 1.0 ] }
							}
						},
						{
							"name": "windlass",
							"from": [ 0.85, 0.2, -6.0 ],
							"to": [ 0.85, 0.2, -6.0 ],
							"rotationOrigin": [ 0.8499, 0.2, -0.75 ],
							"rotationX": -90.0,
							"rotationY": -9.0,
							"rotationZ": 90.0,
							"faces": {
								"north": { "texture": "#windlass-steel", "uv": [ 0.0, 0.0, 0.5, 0.5 ], "autoUv": false },
								"east": { "texture": "#windlass-steel", "uv": [ 0.0, 0.0, 0.5, 0.5 ], "autoUv": false },
								"south": { "texture": "#windlass-steel", "uv": [ 0.0, 0.0, 0.5, 0.5 ], "autoUv": false },
								"west": { "texture": "#windlass-steel", "uv": [ 0.0, 0.0, 0.5, 0.5 ], "autoUv": false },
								"up": { "texture": "#windlass-steel", "uv": [ 0.0, 0.0, 0.5, 0.5 ], "autoUv": false },
								"down": { "texture": "#windlass-steel", "uv": [ 0.0, 0.0, 0.5, 0.5 ], "autoUv": false }
							},
							"children": [
								{
									"name": "Cube11",
									"from": [ 2.1689, -1.4399, 6.6957 ],
									"to": [ 5.6788, -0.54, 7.1457 ],
									"rotationOrigin": [ 2.1689, -2.0374, 6.7001 ],
									"rotationX": -180.0,
									"rotationY": -22.5,
									"rotationZ": -90.0,
									"faces": {
										"north": { "texture": "#windlass-steel", "uv": [ 0.0, 0.0, 3.5, 1.0 ], "autoUv": false },
										"east": { "texture": "#windlass-steel", "uv": [ 0.0, 0.0, 0.5, 1.0 ], "autoUv": false },
										"south": { "texture": "#windlass-steel", "uv": [ 0.0, 0.0, 3.5, 1.0 ], "autoUv": false },
										"west": { "texture": "#windlass-steel", "uv": [ 0.0, 0.0, 0.5, 1.0 ], "autoUv": false },
										"up": { "texture": "#windlass-steel", "uv": [ 0.0, 0.0, 3.5, 0.5 ], "autoUv": false },
										"down": { "texture": "#windlass-steel", "uv": [ 0.0, 0.0, 3.5, 0.5 ], "autoUv": false }
									},
									"children": [
										{
											"name": "Windlass_wheel_4",
											"from": [ 0.27, -0.18, 0.81 ],
											"to": [ 0.9, 1.17, 2.1599 ],
											"rotationOrigin": [ 0.27, -0.18, 0.81 ],
											"faces": {
												"north": { "texture": "#windlass-iron", "uv": [ 0.0, 0.0, 0.5, 1.5 ], "autoUv": false },
												"east": { "texture": "#windlass-iron", "uv": [ 0.0, 0.0, 1.5, 1.5 ], "autoUv": false },
												"south": { "texture": "#windlass-iron", "uv": [ 0.0, 0.0, 0.5, 1.5 ], "autoUv": false },
												"west": { "texture": "#windlass-iron", "uv": [ 0.0, 0.0, 1.5, 1.5 ], "autoUv": false },
												"up": { "texture": "#windlass-iron", "uv": [ 0.0, 0.0, 0.5, 1.5 ], "autoUv": false },
												"down": { "texture": "#windlass-iron", "uv": [ 0.0, 0.0, 0.5, 1.5 ], "autoUv": false }
											}
										},
										{
											"name": "Windlass_wheel_5",
											"from": [ 2.6099, 0.0, 2.5199 ],
											"to": [ 3.2399, 0.9, 3.4199 ],
											"rotationOrigin": [ 2.6099, 0.0, 2.5199 ],
											"faces": {
												"north": { "texture": "#windlass-iron", "uv": [ 0.0, 0.0, 0.5, 1.0 ], "autoUv": false },
												"east": { "texture": "#windlass-iron", "uv": [ 0.0, 0.0, 1.0, 1.0 ], "autoUv": false },
												"south": { "texture": "#windlass-iron", "uv": [ 0.0, 0.0, 0.5, 1.0 ], "autoUv": false },
												"west": { "texture": "#windlass-iron", "uv": [ 0.0, 0.0, 1.0, 1.0 ], "autoUv": false },
												"up": { "texture": "#windlass-iron", "uv": [ 0.0, 0.0, 0.5, 1.0 ], "autoUv": false },
												"down": { "texture": "#windlass-iron", "uv": [ 0.0, 0.0, 0.5, 1.0 ], "autoUv": false }
											}
										},
										{
											"name": "Windlass_wheel_6",
											"from": [ 0.27, 0.0, 2.5199 ],
											"to": [ 0.9, 0.9, 3.4199 ],
											"rotationOrigin": [ 0.27, 0.0, 2.5199 ],
											"faces": {
												"north": { "texture": "#windlass-iron", "uv": [ 0.0, 0.0, 0.5, 1.0 ], "autoUv": false },
												"east": { "texture": "#windlass-iron", "uv": [ 0.0, 0.0, 1.0, 1.0 ], "autoUv": false },
												"south": { "texture": "#windlass-iron", "uv": [ 0.0, 0.0, 0.5, 1.0 ], "autoUv": false },
												"west": { "texture": "#windlass-iron", "uv": [ 0.0, 0.0, 1.0, 1.0 ], "autoUv": false },
												"up": { "texture": "#windlass-iron", "uv": [ 0.0, 0.0, 0.5, 1.0 ], "autoUv": false },
												"down": { "texture": "#windlass-iron", "uv": [ 0.0, 0.0, 0.5, 1.0 ], "autoUv": false }
											}
										},
										{
											"name": "Windlass_wheel_7",
											"from": [ 2.6099, -0.18, 0.81 ],
											"to": [ 3.2399, 1.17, 2.1599 ],
											"rotationOrigin": [ 2.6099, -0.18, 0.81 ],
											"faces": {
												"north": { "texture": "#windlass-iron", "uv": [ 0.0, 0.0, 0.5, 1.5 ], "autoUv": false },
												"east": { "texture": "#windlass-iron", "uv": [ 0.0, 0.0, 1.5, 1.5 ], "autoUv": false },
												"south": { "texture": "#windlass-iron", "uv": [ 0.0, 0.0, 0.5, 1.5 ], "autoUv": false },
												"west": { "texture": "#windlass-iron", "uv": [ 0.0, 0.0, 1.5, 1.5 ], "autoUv": false },
												"up": { "texture": "#windlass-iron", "uv": [ 0.0, 0.0, 0.5, 1.5 ], "autoUv": false },
												"down": { "texture": "#windlass-iron", "uv": [ 0.0, 0.0, 0.5, 1.5 ], "autoUv": false }
											}
										},
										{
											"name": "Cube19",
											"from": [ 0.0, 0.27, 0.45 ],
											"to": [ 0.27, 0.72, 3.1499 ],
											"rotationOrigin": [ 0.0, 0.27, 0.45 ],
											"faces": {
												"north": { "texture": "#windlass-steel", "uv": [ 0.0, 0.0, 0.5, 0.5 ], "autoUv": false },
												"east": { "texture": "#windlass-steel", "uv": [ 0.0, 0.0, 3.0, 0.5 ], "autoUv": false },
												"south": { "texture": "#windlass-steel", "uv": [ 0.0, 0.0, 0.5, 0.5 ], "autoUv": false },
												"west": { "texture": "#windlass-steel", "uv": [ 0.0, 0.0, 3.0, 0.5 ], "autoUv": false },
												"up": { "texture": "#windlass-steel", "uv": [ 0.0, 0.0, 0.5, 3.0 ], "autoUv": false },
												"down": { "texture": "#windlass-steel", "uv": [ 0.0, 0.0, 0.5, 3.0 ], "autoUv": false }
											}
										},
										{
											"name": "Cube20",
											"from": [ 3.2399, 0.27, 0.45 ],
											"to": [ 3.5099, 0.72, 3.1499 ],
											"rotationOrigin": [ 3.2399, 0.27, 0.45 ],
											"faces": {
												"north": { "texture": "#windlass-steel", "uv": [ 0.0, 0.0, 0.5, 0.5 ], "autoUv": false },
												"east": { "texture": "#windlass-steel", "uv": [ 0.0, 0.0, 3.0, 0.5 ], "autoUv": false },
												"south": { "texture": "#windlass-steel", "uv": [ 0.0, 0.0, 0.5, 0.5 ], "autoUv": false },
												"west": { "texture": "#windlass-steel", "uv": [ 0.0, 0.0, 3.0, 0.5 ], "autoUv": false },
												"up": { "texture": "#windlass-steel", "uv": [ 0.0, 0.0, 0.5, 3.0 ], "autoUv": false },
												"down": { "texture": "#windlass-steel", "uv": [ 0.0, 0.0, 0.5, 3.0 ], "autoUv": false }
											}
										},
										{
											"name": "Cube25",
											"from": [ 0.0, 0.54, -0.9 ],
											"to": [ 0.36, 0.9, 0.0 ],
											"rotationOrigin": [ 0.0, 0.54, -0.9 ],
											"faces": {
												"north": { "texture": "#windlass-steel", "uv": [ 0.0, 0.0, 0.5, 0.5 ], "autoUv": false },
												"east": { "texture": "#windlass-steel", "uv": [ 0.0, 0.0, 1.0, 0.5 ], "autoUv": false },
												"south": { "texture": "#windlass-steel", "uv": [ 0.0, 0.0, 0.5, 0.5 ], "autoUv": false },
												"west": { "texture": "#windlass-steel", "uv": [ 0.0, 0.0, 1.0, 0.5 ], "autoUv": false },
												"up": { "texture": "#windlass-steel", "uv": [ 0.0, 0.0, 0.5, 1.0 ], "autoUv": false },
												"down": { "texture": "#windlass-steel", "uv": [ 0.0, 0.0, 0.5, 1.0 ], "autoUv": false }
											},
											"children": [
												{
													"name": "Cube27",
													"from": [ 0.0, -0.36, 0.0 ],
													"to": [ 0.36, 0.0, 0.36 ],
													"rotationOrigin": [ 0.0, -0.36, 0.0 ],
													"faces": {
														"north": { "texture": "#windlass-steel", "uv": [ 0.0, 0.0, 0.5, 0.5 ], "autoUv": false },
														"east": { "texture": "#windlass-steel", "uv": [ 0.0, 0.0, 0.5, 0.5 ], "autoUv": false },
														"south": { "texture": "#windlass-steel", "uv": [ 0.0, 0.0, 0.5, 0.5 ], "autoUv": false },
														"west": { "texture": "#windlass-steel", "uv": [ 0.0, 0.0, 0.5, 0.5 ], "autoUv": false },
														"up": { "texture": "#windlass-steel", "uv": [ 0.0, 0.0, 0.5, 0.5 ], "autoUv": false },
														"down": { "texture": "#windlass-steel", "uv": [ 0.0, 0.0, 0.5, 0.5 ], "autoUv": false }
													}
												}
											]
										},
										{
											"name": "Cube26",
											"from": [ 3.1499, 0.54, -0.9 ],
											"to": [ 3.5099, 0.9, 0.0 ],
											"rotationOrigin": [ 3.1499, 0.54, -0.9 ],
											"faces": {
												"north": { "texture": "#windlass-steel", "uv": [ 0.0, 0.0, 0.5, 0.5 ], "autoUv": false },
												"east": { "texture": "#windlass-steel", "uv": [ 0.0, 0.0, 1.0, 0.5 ], "autoUv": false },
												"south": { "texture": "#windlass-steel", "uv": [ 0.0, 0.0, 0.5, 0.5 ], "autoUv": false },
												"west": { "texture": "#windlass-steel", "uv": [ 0.0, 0.0, 1.0, 0.5 ], "autoUv": false },
												"up": { "texture": "#windlass-steel", "uv": [ 0.0, 0.0, 0.5, 1.0 ], "autoUv": false },
												"down": { "texture": "#windlass-steel", "uv": [ 0.0, 0.0, 0.5, 1.0 ], "autoUv": false }
											},
											"children": [
												{
													"name": "Cube28",
													"from": [ 0.0, -0.36, 0.0 ],
													"to": [ 0.36, 0.0, 0.36 ],
													"rotationOrigin": [ 0.0, -0.36, 0.0 ],
													"faces": {
														"north": { "texture": "#windlass-steel", "uv": [ 0.0, 0.0, 0.5, 0.5 ], "autoUv": false },
														"east": { "texture": "#windlass-steel", "uv": [ 0.0, 0.0, 0.5, 0.5 ], "autoUv": false },
														"south": { "texture": "#windlass-steel", "uv": [ 0.0, 0.0, 0.5, 0.5 ], "autoUv": false },
														"west": { "texture": "#windlass-steel", "uv": [ 0.0, 0.0, 0.5, 0.5 ], "autoUv": false },
														"up": { "texture": "#windlass-steel", "uv": [ 0.0, 0.0, 0.5, 0.5 ], "autoUv": false },
														"down": { "texture": "#windlass-steel", "uv": [ 0.0, 0.0, 0.5, 0.5 ], "autoUv": false }
													}
												}
											]
										},
										{
											"name": "String_7",
											"from": [ 0.36, -0.54, 0.36 ],
											"to": [ 0.81, 1.6199, 0.81 ],
											"rotationOrigin": [ 0.36, -0.54, 0.36 ],
											"faces": {
												"north": { "texture": "#windlass-linen", "uv": [ 0.0, 0.0, 0.5, 2.0 ], "autoUv": false },
												"east": { "texture": "#windlass-linen", "uv": [ 0.0, 0.0, 0.5, 2.0 ], "autoUv": false },
												"south": { "texture": "#windlass-linen", "uv": [ 0.0, 0.0, 0.5, 2.0 ], "autoUv": false },
												"west": { "texture": "#windlass-linen", "uv": [ 0.0, 0.0, 0.5, 2.0 ], "autoUv": false },
												"up": { "texture": "#windlass-linen", "uv": [ 0.0, 0.0, 0.5, 0.5 ], "autoUv": false },
												"down": { "texture": "#windlass-linen", "uv": [ 0.0, 0.0, 0.5, 0.5 ], "autoUv": false }
											},
											"children": [
												{
													"name": "String_6",
													"from": [ 0.0, 1.7099, 0.36 ],
													"to": [ 0.45, 2.1599, 8.4597 ],
													"rotationOrigin": [ 0.0, 1.7099, 0.36 ],
													"rotationX": 0.6,
													"rotationY": 5.0,
													"faces": {
														"north": { "texture": "#windlass-linen", "uv": [ 0.0, 0.0, 0.5, 0.5 ], "autoUv": false },
														"east": { "texture": "#windlass-linen", "uv": [ 0.0, 0.0, 9.0, 0.5 ], "autoUv": false },
														"south": { "texture": "#windlass-linen", "uv": [ 0.0, 0.0, 0.5, 0.5 ], "autoUv": false },
														"west": { "texture": "#windlass-linen", "uv": [ 0.0, 0.0, 9.0, 0.5 ], "autoUv": false },
														"up": { "texture": "#windlass-linen", "uv": [ 0.0, 0.0, 0.5, 9.0 ], "autoUv": false },
														"down": { "texture": "#windlass-linen", "uv": [ 0.0, 0.0, 0.5, 9.0 ], "autoUv": false }
													}
												},
												{
													"name": "String_9",
													"from": [ 0.0, -0.09, 0.45 ],
													"to": [ 0.45, 0.36, 8.5497 ],
													"rotationOrigin": [ 0.0, -0.09, 0.45 ],
													"rotationX": -0.6,
													"rotationY": 4.0,
													"faces": {
														"north": { "texture": "#windlass-linen", "uv": [ 0.0, 0.0, 0.5, 0.5 ], "autoUv": false },
														"east": { "texture": "#windlass-linen", "uv": [ 0.0, 0.0, 9.0, 0.5 ], "autoUv": false },
														"south": { "texture": "#windlass-linen", "uv": [ 0.0, 0.0, 0.5, 0.5 ], "autoUv": false },
														"west": { "texture": "#windlass-linen", "uv": [ 0.0, 0.0, 9.0, 0.5 ], "autoUv": false },
														"up": { "texture": "#windlass-linen", "uv": [ 0.0, 0.0, 0.5, 9.0 ], "autoUv": false },
														"down": { "texture": "#windlass-linen", "uv": [ 0.0, 0.0, 0.5, 9.0 ], "autoUv": false }
													}
												},
												{
													"name": "String_11",
													"from": [ 0.0, 1.3499, 1.7999 ],
													"to": [ 0.45, 1.3499, 8.0997 ],
													"rotationOrigin": [ 0.0, 1.3499, 1.7999 ],
													"rotationX": -0.3,
													"rotationY": 3.3,
													"faces": {
														"north": { "texture": "#windlass-linen", "uv": [ 0.0, 0.0, 0.5, 0.5 ], "autoUv": false },
														"east": { "texture": "#windlass-linen", "uv": [ 0.0, 0.0, 7.0, 0.5 ], "autoUv": false },
														"south": { "texture": "#windlass-linen", "uv": [ 0.0, 0.0, 0.5, 0.5 ], "autoUv": false },
														"west": { "texture": "#windlass-linen", "uv": [ 0.0, 0.0, 7.0, 0.5 ], "autoUv": false },
														"up": { "texture": "#windlass-linen", "uv": [ 0.0, 0.0, 0.5, 7.0 ], "autoUv": false },
														"down": { "texture": "#windlass-linen", "uv": [ 0.0, 0.0, 0.5, 7.0 ], "autoUv": false }
													},
													"children": [
														{
															"name": "String_28",
															"from": [ 0.0, -0.81, 0.0 ],
															"to": [ 0.45, 0.0, 0.45 ],
															"rotationOrigin": [ 0.0, -0.81, 0.0 ],
															"faces": {
																"north": { "texture": "#windlass-linen", "uv": [ 0.0, 0.0, 0.5, 0.5 ], "autoUv": false },
																"east": { "texture": "#windlass-linen", "uv": [ 0.0, 0.0, 0.5, 0.5 ], "autoUv": false },
																"south": { "texture": "#windlass-linen", "uv": [ 0.0, 0.0, 0.5, 0.5 ], "autoUv": false },
																"west": { "texture": "#windlass-linen", "uv": [ 0.0, 0.0, 0.5, 0.5 ], "autoUv": false },
																"up": { "texture": "#windlass-linen", "uv": [ 0.0, 0.0, 0.5, 0.5 ], "autoUv": false },
																"down": { "texture": "#windlass-linen", "uv": [ 0.0, 0.0, 0.5, 0.5 ], "autoUv": false }
															}
														}
													]
												},
												{
													"name": "String_13",
													"from": [ 0.0, 0.09, 1.7999 ],
													"to": [ 0.45, 0.54, 8.0997 ],
													"rotationOrigin": [ 0.0, 0.09, 1.7999 ],
													"rotationX": -2.3,
													"rotationY": 4.3,
													"faces": {
														"north": { "texture": "#windlass-linen", "uv": [ 0.0, 0.0, 0.5, 0.5 ], "autoUv": false },
														"east": { "texture": "#windlass-linen", "uv": [ 0.0, 0.0, 7.0, 0.5 ], "autoUv": false },
														"south": { "texture": "#windlass-linen", "uv": [ 0.0, 0.0, 0.5, 0.5 ], "autoUv": false },
														"west": { "texture": "#windlass-linen", "uv": [ 0.0, 0.0, 7.0, 0.5 ], "autoUv": false },
														"up": { "texture": "#windlass-linen", "uv": [ 0.0, 0.0, 0.5, 7.0 ], "autoUv": false },
														"down": { "texture": "#windlass-linen", "uv": [ 0.0, 0.0, 0.5, 7.0 ], "autoUv": false }
													}
												}
											]
										},
										{
											"name": "String_17",
											"from": [ 2.6999, -0.54, 0.36 ],
											"to": [ 3.1499, 1.6199, 0.81 ],
											"rotationOrigin": [ 2.6999, -0.54, 0.36 ],
											"faces": {
												"north": { "texture": "#windlass-linen", "uv": [ 0.0, 0.0, 0.5, 2.0 ], "autoUv": false },
												"east": { "texture": "#windlass-linen", "uv": [ 0.0, 0.0, 0.5, 2.0 ], "autoUv": false },
												"south": { "texture": "#windlass-linen", "uv": [ 0.0, 0.0, 0.5, 2.0 ], "autoUv": false },
												"west": { "texture": "#windlass-linen", "uv": [ 0.0, 0.0, 0.5, 2.0 ], "autoUv": false },
												"up": { "texture": "#windlass-linen", "uv": [ 0.0, 0.0, 0.5, 0.5 ], "autoUv": false },
												"down": { "texture": "#windlass-linen", "uv": [ 0.0, 0.0, 0.5, 0.5 ], "autoUv": false }
											},
											"children": [
												{
													"name": "String_18",
													"from": [ 0.0, 1.7099, 0.36 ],
													"to": [ 0.45, 2.1599, 6.6597 ],
													"rotationOrigin": [ 0.0, 1.7099, 0.36 ],
													"rotationX": 0.6,
													"rotationY": 1.2,
													"faces": {
														"north": { "texture": "#windlass-linen", "uv": [ 0.0, 0.0, 0.5, 0.5 ], "autoUv": false },
														"east": { "texture": "#windlass-linen", "uv": [ 0.0, 0.0, 7.0, 0.5 ], "autoUv": false },
														"south": { "texture": "#windlass-linen", "uv": [ 0.0, 0.0, 0.5, 0.5 ], "autoUv": false },
														"west": { "texture": "#windlass-linen", "uv": [ 0.0, 0.0, 7.0, 0.5 ], "autoUv": false },
														"up": { "texture": "#windlass-linen", "uv": [ 0.0, 0.0, 0.5, 7.0 ], "autoUv": false },
														"down": { "texture": "#windlass-linen", "uv": [ 0.0, 0.0, 0.5, 7.0 ], "autoUv": false }
													}
												},
												{
													"name": "String_20",
													"from": [ 0.0, -0.09, 0.45 ],
													"to": [ 0.45, 0.36, 6.7497 ],
													"rotationOrigin": [ 0.0, -0.09, 0.45 ],
													"rotationX": -0.6,
													"faces": {
														"north": { "texture": "#windlass-linen", "uv": [ 0.0, 0.0, 0.5, 0.5 ], "autoUv": false },
														"east": { "texture": "#windlass-linen", "uv": [ 0.0, 0.0, 7.0, 0.5 ], "autoUv": false },
														"south": { "texture": "#windlass-linen", "uv": [ 0.0, 0.0, 0.5, 0.5 ], "autoUv": false },
														"west": { "texture": "#windlass-linen", "uv": [ 0.0, 0.0, 7.0, 0.5 ], "autoUv": false },
														"up": { "texture": "#windlass-linen", "uv": [ 0.0, 0.0, 0.5, 7.0 ], "autoUv": false },
														"down": { "texture": "#windlass-linen", "uv": [ 0.0, 0.0, 0.5, 7.0 ], "autoUv": false }
													}
												},
												{
													"name": "String_22",
													"from": [ 0.0, 1.3499, 1.7999 ],
													"to": [ 0.45, 1.7999, 7.1997 ],
													"rotationOrigin": [ 0.0, 1.3499, 1.7999 ],
													"rotationX": -0.3,
													"rotationY": -0.3,
													"faces": {
														"north": { "texture": "#windlass-linen", "uv": [ 0.0, 0.0, 0.5, 0.5 ], "autoUv": false },
														"east": { "texture": "#windlass-linen", "uv": [ 0.0, 0.0, 6.0, 0.5 ], "autoUv": false },
														"south": { "texture": "#windlass-linen", "uv": [ 0.0, 0.0, 0.5, 0.5 ], "autoUv": false },
														"west": { "texture": "#windlass-linen", "uv": [ 0.0, 0.0, 6.0, 0.5 ], "autoUv": false },
														"up": { "texture": "#windlass-linen", "uv": [ 0.0, 0.0, 0.5, 6.0 ], "autoUv": false },
														"down": { "texture": "#windlass-linen", "uv": [ 0.0, 0.0, 0.5, 6.0 ], "autoUv": false }
													},
													"children": [
														{
															"name": "String_29",
															"from": [ 0.0, -0.81, 0.0123 ],
															"to": [ 0.45, 0.0, 0.4623 ],
															"rotationOrigin": [ 0.0, -0.81, 0.0123 ],
															"rotationY": 0.6,
															"faces": {
																"north": { "texture": "#windlass-linen", "uv": [ 0.0, 0.0, 0.5, 0.5 ], "autoUv": false },
																"east": { "texture": "#windlass-linen", "uv": [ 0.0, 0.0, 0.5, 0.5 ], "autoUv": false },
																"south": { "texture": "#windlass-linen", "uv": [ 0.0, 0.0, 0.5, 0.5 ], "autoUv": false },
																"west": { "texture": "#windlass-linen", "uv": [ 0.0, 0.0, 0.5, 0.5 ], "autoUv": false },
																"up": { "texture": "#windlass-linen", "uv": [ 0.0, 0.0, 0.5, 0.5 ], "autoUv": false },
																"down": { "texture": "#windlass-linen", "uv": [ 0.0, 0.0, 0.5, 0.5 ], "autoUv": false }
															}
														}
													]
												},
												{
													"name": "String_25",
													"from": [ 0.0, 0.09, 1.7999 ],
													"to": [ 0.45, 0.54, 8.0997 ],
													"rotationOrigin": [ 0.0, 0.09, 1.7999 ],
													"rotationX": -2.3,
													"rotationY": -0.3,
													"faces": {
														"north": { "texture": "#windlass-linen", "uv": [ 0.0, 0.0, 0.5, 0.5 ], "autoUv": false },
														"east": { "texture": "#windlass-linen", "uv": [ 0.0, 0.0, 7.0, 0.5 ], "autoUv": false },
														"south": { "texture": "#windlass-linen", "uv": [ 0.0, 0.0, 0.5, 0.5 ], "autoUv": false },
														"west": { "texture": "#windlass-linen", "uv": [ 0.0, 0.0, 7.0, 0.5 ], "autoUv": false },
														"up": { "texture": "#windlass-linen", "uv": [ 0.0, 0.0, 0.5, 7.0 ], "autoUv": false },
														"down": { "texture": "#windlass-linen", "uv": [ 0.0, 0.0, 0.5, 7.0 ], "autoUv": false }
													}
												}
											]
										},
										{
											"name": "WIndlass_3",
											"from": [ 1.3969, -0.4891, 5.6494 ],
											"to": [ 1.5769, 0.5908, 7.8993 ],
											"rotationOrigin": [ 1.3699, -0.4906, 5.648 ],
											"rotationX": 157.5,
											"rotationY": -5.0,
											"rotationZ": -90.0,
											"faces": {
												"north": { "texture": "#windlass-steel", "uv": [ 0.0, 0.0, 0.5, 1.0 ], "autoUv": false },
												"east": { "texture": "#windlass-steel", "uv": [ 0.0, 0.0, 2.5, 1.0 ], "autoUv": false },
												"south": { "texture": "#windlass-steel", "uv": [ 0.0, 0.0, 0.5, 1.0 ], "autoUv": false },
												"west": { "texture": "#windlass-steel", "uv": [ 0.0, 0.0, 2.5, 1.0 ], "autoUv": false },
												"up": { "texture": "#windlass-steel", "uv": [ 0.0, 0.0, 0.5, 2.5 ], "autoUv": false },
												"down": { "texture": "#windlass-steel", "uv": [ 0.0, 0.0, 0.5, 2.5 ], "autoUv": false }
											}
										},
										{
											"name": "WIndlass_2",
											"from": [ 1.3699, -1.9042, 6.2348 ],
											"to": [ 1.5499, -0.8242, 8.4847 ],
											"rotationOrigin": [ 1.3699, -1.9042, 6.2335 ],
											"rotationX": 157.5,
											"rotationY": -5.0,
											"rotationZ": -90.0,
											"faces": {
												"north": { "texture": "#windlass-steel", "uv": [ 0.0, 0.0, 0.5, 1.0 ], "autoUv": false },
												"east": { "texture": "#windlass-steel", "uv": [ 0.0, 0.0, 2.5, 1.0 ], "autoUv": false },
												"south": { "texture": "#windlass-steel", "uv": [ 0.0, 0.0, 0.5, 1.0 ], "autoUv": false },
												"west": { "texture": "#windlass-steel", "uv": [ 0.0, 0.0, 2.5, 1.0 ], "autoUv": false },
												"up": { "texture": "#windlass-steel", "uv": [ 0.0, 0.0, 0.5, 2.5 ], "autoUv": false },
												"down": { "texture": "#windlass-steel", "uv": [ 0.0, 0.0, 0.5, 2.5 ], "autoUv": false }
											}
										},
										{
											"name": "WIndlass_1",
											"from": [ 2.2609, -1.8937, 6.2335 ],
											"to": [ 3.9708, -1.7137, 8.5734 ],
											"rotationOrigin": [ 2.2699, -1.9042, 6.2335 ],
											"rotationX": 157.5,
											"rotationY": -5.0,
											"rotationZ": -90.0,
											"faces": {
												"north": { "texture": "#windlass-steel", "uv": [ 0.0, 0.0, 1.5, 0.5 ], "autoUv": false },
												"east": { "texture": "#windlass-steel", "uv": [ 0.0, 0.0, 2.5, 0.5 ], "autoUv": false },
												"south": { "texture": "#windlass-steel", "uv": [ 0.0, 0.0, 1.5, 0.5 ], "autoUv": false },
												"west": { "texture": "#windlass-steel", "uv": [ 0.0, 0.0, 2.5, 0.5 ], "autoUv": false },
												"up": { "texture": "#windlass-steel", "uv": [ 0.0, 0.0, 1.5, 2.5 ], "autoUv": false },
												"down": { "texture": "#windlass-steel", "uv": [ 0.0, 0.0, 1.5, 2.5 ], "autoUv": false }
											}
										},
										{
											"name": "String_54",
											"from": [ 0.5974, -1.1455, 9.97 ],
											"to": [ 4.6473, -0.2455, 13.2098 ],
											"rotationOrigin": [ 0.5974, -1.1455, 9.9701 ],
											"rotationX": 157.5,
											"rotationZ": -90.0,
											"faces": {
												"north": { "texture": "#windlass-linen", "uv": [ 0.0, 0.0, 4.5, 1.0 ], "autoUv": false },
												"east": { "texture": "#windlass-linen", "uv": [ 0.0, 0.0, 3.5, 1.0 ], "autoUv": false },
												"south": { "texture": "#windlass-linen", "uv": [ 0.0, 0.0, 4.5, 1.0 ], "autoUv": false },
												"west": { "texture": "#windlass-linen", "uv": [ 0.0, 0.0, 3.5, 1.0 ], "autoUv": false },
												"up": { "texture": "#windlass-linen", "uv": [ 0.0, 0.0, 4.5, 3.5 ], "autoUv": false },
												"down": { "texture": "#windlass-linen", "uv": [ 0.0, 0.0, 4.5, 3.5 ], "autoUv": false }
											},
											"children": [
												{
													"name": "String_55",
													"from": [ 0.36, 0.9, -0.45 ],
													"to": [ 4.4098, 1.7999, 2.7899 ],
													"rotationOrigin": [ 0.36, 0.9, -0.45 ],
													"faces": {
														"north": { "texture": "#windlass-linen", "uv": [ 0.0, 0.0, 4.5, 1.0 ], "autoUv": false },
														"east": { "texture": "#windlass-linen", "uv": [ 0.0, 0.0, 3.5, 1.0 ], "autoUv": false },
														"south": { "texture": "#windlass-linen", "uv": [ 0.0, 0.0, 4.5, 1.0 ], "autoUv": false },
														"west": { "texture": "#windlass-linen", "uv": [ 0.0, 0.0, 3.5, 1.0 ], "autoUv": false },
														"up": { "texture": "#windlass-linen", "uv": [ 0.0, 0.0, 4.5, 3.5 ], "autoUv": false },
														"down": { "texture": "#windlass-linen", "uv": [ 0.0, 0.0, 4.5, 3.5 ], "autoUv": false }
													}
												},
												{
													"name": "String_56",
													"from": [ 0.0, 1.7999, 0.0 ],
													"to": [ 4.0498, 2.6999, 3.2399 ],
													"rotationOrigin": [ 0.0, 1.7999, 0.0 ],
													"faces": {
														"north": { "texture": "#windlass-linen", "uv": [ 0.0, 0.0, 4.5, 1.0 ], "autoUv": false },
														"east": { "texture": "#windlass-linen", "uv": [ 0.0, 0.0, 3.5, 1.0 ], "autoUv": false },
														"south": { "texture": "#windlass-linen", "uv": [ 0.0, 0.0, 4.5, 1.0 ], "autoUv": false },
														"west": { "texture": "#windlass-linen", "uv": [ 0.0, 0.0, 3.5, 1.0 ], "autoUv": false },
														"up": { "texture": "#windlass-linen", "uv": [ 0.0, 0.0, 4.5, 3.5 ], "autoUv": false },
														"down": { "texture": "#windlass-linen", "uv": [ 0.0, 0.0, 4.5, 3.5 ], "autoUv": false }
													}
												}
											]
										},
										{
											"name": "WIndlass_0",
											"from": [ 1.3699, -1.9042, 6.2335 ],
											"to": [ 3.0798, -1.7242, 8.4834 ],
											"rotationOrigin": [ 1.3699, -1.9042, 6.2335 ],
											"rotationX": 157.5,
											"rotationY": -5.0,
											"rotationZ": -90.0,
											"faces": {
												"north": { "texture": "#windlass-steel", "uv": [ 0.0, 0.0, 1.5, 0.5 ], "autoUv": false },
												"east": { "texture": "#windlass-steel", "uv": [ 0.0, 0.0, 2.5, 0.5 ], "autoUv": false },
												"south": { "texture": "#windlass-steel", "uv": [ 0.0, 0.0, 1.5, 0.5 ], "autoUv": false },
												"west": { "texture": "#windlass-steel", "uv": [ 0.0, 0.0, 2.5, 0.5 ], "autoUv": false },
												"up": { "texture": "#windlass-steel", "uv": [ 0.0, 0.0, 1.5, 2.5 ], "autoUv": false },
												"down": { "texture": "#windlass-steel", "uv": [ 0.0, 0.0, 1.5, 2.5 ], "autoUv": false }
											},
											"children": [
												{
													"name": "Cube10",
													"from": [ -0.9, 0.09, 2.2499 ],
													"to": [ 2.6999, 0.99, 2.6999 ],
													"rotationOrigin": [ -0.9, 0.09, 2.2499 ],
													"faces": {
														"north": { "texture": "#windlass-steel", "uv": [ 0.0, 0.0, 4.0, 1.0 ], "autoUv": false },
														"east": { "texture": "#windlass-steel", "uv": [ 0.0, 0.0, 0.5, 1.0 ], "autoUv": false },
														"south": { "texture": "#windlass-steel", "uv": [ 0.0, 0.0, 4.0, 1.0 ], "autoUv": false },
														"west": { "texture": "#windlass-steel", "uv": [ 0.0, 0.0, 0.5, 1.0 ], "autoUv": false },
														"up": { "texture": "#windlass-steel", "uv": [ 0.0, 0.0, 4.0, 0.5 ], "autoUv": false },
														"down": { "texture": "#windlass-steel", "uv": [ 0.0, 0.0, 4.0, 0.5 ], "autoUv": false }
													},
													"children": [
														{
															"name": "Cube17",
															"from": [ -0.45, 0.0, 0.0 ],
															"to": [ 0.0, 0.9, 1.7999 ],
															"rotationOrigin": [ -0.45, 0.0, 0.0 ],
															"faces": {
																"north": { "texture": "#windlass-steel", "uv": [ 0.0, 0.0, 0.5, 1.0 ], "autoUv": false },
																"east": { "texture": "#windlass-steel", "uv": [ 0.0, 0.0, 2.0, 1.0 ], "autoUv": false },
																"south": { "texture": "#windlass-steel", "uv": [ 0.0, 0.0, 0.5, 1.0 ], "autoUv": false },
																"west": { "texture": "#windlass-steel", "uv": [ 0.0, 0.0, 2.0, 1.0 ], "autoUv": false },
																"up": { "texture": "#windlass-steel", "uv": [ 0.0, 0.0, 0.5, 2.0 ], "autoUv": false },
																"down": { "texture": "#windlass-steel", "uv": [ 0.0, 0.0, 0.5, 2.0 ], "autoUv": false }
															}
														},
														{
															"name": "Cube18",
															"from": [ 3.5999, 0.0, 0.0 ],
															"to": [ 4.0498, 0.9, 1.7999 ],
															"rotationOrigin": [ 3.5999, 0.0, 0.0 ],
															"faces": {
																"north": { "texture": "#windlass-steel", "uv": [ 0.0, 0.0, 0.5, 1.0 ], "autoUv": false },
																"east": { "texture": "#windlass-steel", "uv": [ 0.0, 0.0, 2.0, 1.0 ], "autoUv": false },
																"south": { "texture": "#windlass-steel", "uv": [ 0.0, 0.0, 0.5, 1.0 ], "autoUv": false },
																"west": { "texture": "#windlass-steel", "uv": [ 0.0, 0.0, 2.0, 1.0 ], "autoUv": false },
																"up": { "texture": "#windlass-steel", "uv": [ 0.0, 0.0, 0.5, 2.0 ], "autoUv": false },
																"down": { "texture": "#windlass-steel", "uv": [ 0.0, 0.0, 0.5, 2.0 ], "autoUv": false }
															}
														},
														{
															"name": "Windlass_handles",
															"from": [ 0.0, 0.45, 1.3499 ],
															"to": [ 3.5999, 0.9, 1.7999 ],
															"rotationOrigin": [ 0.09, 0.675, 1.5749 ],
															"rotationX": 191.5,
															"faces": {
																"north": { "texture": "#windlass-steel", "uv": [ 0.0, 0.0, 4.0, 0.5 ], "autoUv": false },
																"east": { "texture": "#windlass-steel", "uv": [ 0.0, 0.0, 0.5, 0.5 ], "autoUv": false },
																"south": { "texture": "#windlass-steel", "uv": [ 0.0, 0.0, 4.0, 0.5 ], "autoUv": false },
																"west": { "texture": "#windlass-steel", "uv": [ 0.0, 0.0, 0.5, 0.5 ], "autoUv": false },
																"up": { "texture": "#windlass-steel", "uv": [ 0.0, 0.0, 4.0, 0.5 ], "autoUv": false },
																"down": { "texture": "#windlass-steel", "uv": [ 0.0, 0.0, 4.0, 0.5 ], "autoUv": false }
															},
															"children": [
																{
																	"name": "Cube21",
																	"from": [ -0.9, 0.0, 0.0 ],
																	"to": [ -0.45, 0.45, 4.4998 ],
																	"rotationOrigin": [ -0.9, 0.0, 0.0 ],
																	"faces": {
																		"north": { "texture": "#windlass-steel", "uv": [ 0.0, 0.0, 0.5, 0.5 ], "autoUv": false },
																		"east": { "texture": "#windlass-steel", "uv": [ 0.0, 0.0, 5.0, 0.5 ], "autoUv": false },
																		"south": { "texture": "#windlass-steel", "uv": [ 0.0, 0.0, 0.5, 0.5 ], "autoUv": false },
																		"west": { "texture": "#windlass-steel", "uv": [ 0.0, 0.0, 5.0, 0.5 ], "autoUv": false },
																		"up": { "texture": "#windlass-steel", "uv": [ 0.0, 0.0, 0.5, 5.0 ], "autoUv": false },
																		"down": { "texture": "#windlass-steel", "uv": [ 0.0, 0.0, 0.5, 5.0 ], "autoUv": false }
																	},
																	"children": [
																		{
																			"name": "Cube22",
																			"from": [ -3.5999, -0.18, 3.8698 ],
																			"to": [ 0.0, 0.72, 4.7698 ],
																			"rotationOrigin": [ -3.5999, -0.18, 3.8698 ],
																			"faces": {
																				"north": { "texture": "#windlass-wood", "uv": [ 0.0, 0.0, 4.0, 1.0 ], "autoUv": false },
																				"east": { "texture": "#windlass-wood", "uv": [ 0.0, 0.0, 1.0, 1.0 ], "autoUv": false },
																				"south": { "texture": "#windlass-wood", "uv": [ 0.0, 0.0, 4.0, 1.0 ], "autoUv": false },
																				"west": { "texture": "#windlass-wood", "uv": [ 0.0, 0.0, 1.0, 1.0 ], "autoUv": false },
																				"up": { "texture": "#windlass-wood", "uv": [ 0.0, 0.0, 4.0, 1.0 ], "autoUv": false },
																				"down": { "texture": "#windlass-wood", "uv": [ 0.0, 0.0, 4.0, 1.0 ], "autoUv": false }
																			}
																		}
																	]
																},
																{
																	"name": "Cube23",
																	"from": [ 4.4998, 0.0, 0.45 ],
																	"to": [ 4.9498, 0.45, 4.9498 ],
																	"rotationOrigin": [ 4.4998, 0.0, 0.45 ],
																	"rotationX": 180.0,
																	"rotationZ": -180.0,
																	"faces": {
																		"north": { "texture": "#windlass-steel", "uv": [ 0.0, 0.0, 0.5, 0.5 ], "autoUv": false },
																		"east": { "texture": "#windlass-steel", "uv": [ 0.0, 0.0, 5.0, 0.5 ], "autoUv": false },
																		"south": { "texture": "#windlass-steel", "uv": [ 0.0, 0.0, 0.5, 0.5 ], "autoUv": false },
																		"west": { "texture": "#windlass-steel", "uv": [ 0.0, 0.0, 5.0, 0.5 ], "autoUv": false },
																		"up": { "texture": "#windlass-steel", "uv": [ 0.0, 0.0, 0.5, 5.0 ], "autoUv": false },
																		"down": { "texture": "#windlass-steel", "uv": [ 0.0, 0.0, 0.5, 5.0 ], "autoUv": false }
																	},
																	"children": [
																		{
																			"name": "Cube24",
																			"from": [ -3.5999, -0.18, 3.8698 ],
																			"to": [ 0.0, 0.72, 4.7698 ],
																			"rotationOrigin": [ -3.5999, -0.18, 3.8698 ],
																			"faces": {
																				"north": { "texture": "#windlass-wood", "uv": [ 0.0, 0.0, 4.0, 1.0 ], "autoUv": false },
																				"east": { "texture": "#windlass-wood", "uv": [ 0.0, 0.0, 1.0, 1.0 ], "autoUv": false },
																				"south": { "texture": "#windlass-wood", "uv": [ 0.0, 0.0, 4.0, 1.0 ], "autoUv": false },
																				"west": { "texture": "#windlass-wood", "uv": [ 0.0, 0.0, 1.0, 1.0 ], "autoUv": false },
																				"up": { "texture": "#windlass-wood", "uv": [ 0.0, 0.0, 4.0, 1.0 ], "autoUv": false },
																				"down": { "texture": "#windlass-wood", "uv": [ 0.0, 0.0, 4.0, 1.0 ], "autoUv": false }
																			}
																		}
																	]
																}
															]
														},
														{
															"name": "Windlass_wheel_1",
															"from": [ 2.6099, 0.0, -1.4399 ],
															"to": [ 3.2399, 0.9, -0.54 ],
															"rotationOrigin": [ 2.6099, 0.0, -1.4399 ],
															"faces": {
																"north": { "texture": "#windlass-iron", "uv": [ 0.0, 0.0, 0.5, 1.0 ], "autoUv": false },
																"east": { "texture": "#windlass-iron", "uv": [ 0.0, 0.0, 1.0, 1.0 ], "autoUv": false },
																"south": { "texture": "#windlass-iron", "uv": [ 0.0, 0.0, 0.5, 1.0 ], "autoUv": false },
																"west": { "texture": "#windlass-iron", "uv": [ 0.0, 0.0, 1.0, 1.0 ], "autoUv": false },
																"up": { "texture": "#windlass-iron", "uv": [ 0.0, 0.0, 0.5, 1.0 ], "autoUv": false },
																"down": { "texture": "#windlass-iron", "uv": [ 0.0, 0.0, 0.5, 1.0 ], "autoUv": false }
															}
														},
														{
															"name": "Windlass_wheel_2",
															"from": [ 0.27, 0.0, -1.4399 ],
															"to": [ 0.9, 0.9, -0.54 ],
															"rotationOrigin": [ 0.27, 0.0, -1.4399 ],
															"faces": {
																"north": { "texture": "#windlass-iron", "uv": [ 0.0, 0.0, 0.5, 1.0 ], "autoUv": false },
																"east": { "texture": "#windlass-iron", "uv": [ 0.0, 0.0, 1.0, 1.0 ], "autoUv": false },
																"south": { "texture": "#windlass-iron", "uv": [ 0.0, 0.0, 0.5, 1.0 ], "autoUv": false },
																"west": { "texture": "#windlass-iron", "uv": [ 0.0, 0.0, 1.0, 1.0 ], "autoUv": false },
																"up": { "texture": "#windlass-iron", "uv": [ 0.0, 0.0, 0.5, 1.0 ], "autoUv": false },
																"down": { "texture": "#windlass-iron", "uv": [ 0.0, 0.0, 0.5, 1.0 ], "autoUv": false }
															}
														}
													]
												},
												{
													"name": "String_31",
													"from": [ -0.54, 1.08, -3.3299 ],
													"to": [ -0.09, 1.5299, 3.7798 ],
													"rotationOrigin": [ -0.54, 1.08, -3.3299 ],
													"rotationX": 0.6,
													"rotationY": -1.0,
													"faces": {
														"north": { "texture": "#windlass-linen", "uv": [ 0.0, 0.0, 0.5, 0.5 ], "autoUv": false },
														"east": { "texture": "#windlass-linen", "uv": [ 0.0, 0.0, 7.5, 0.5 ], "autoUv": false },
														"south": { "texture": "#windlass-linen", "uv": [ 0.0, 0.0, 0.5, 0.5 ], "autoUv": false },
														"west": { "texture": "#windlass-linen", "uv": [ 0.0, 0.0, 7.5, 0.5 ], "autoUv": false },
														"up": { "texture": "#windlass-linen", "uv": [ 0.0, 0.0, 0.5, 7.5 ], "autoUv": false },
														"down": { "texture": "#windlass-linen", "uv": [ 0.0, 0.0, 0.5, 7.5 ], "autoUv": false }
													}
												},
												{
													"name": "String_33",
													"from": [ -0.54, -0.63, -2.3399 ],
													"to": [ -0.09, -0.18, 2.2499 ],
													"rotationOrigin": [ -0.54, -0.63, -2.3399 ],
													"rotationX": -5.6,
													"faces": {
														"north": { "texture": "#windlass-linen", "uv": [ 0.0, 0.0, 0.5, 0.5 ], "autoUv": false },
														"east": { "texture": "#windlass-linen", "uv": [ 0.0, 0.0, 5.0, 0.5 ], "autoUv": false },
														"south": { "texture": "#windlass-linen", "uv": [ 0.0, 0.0, 0.5, 0.5 ], "autoUv": false },
														"west": { "texture": "#windlass-linen", "uv": [ 0.0, 0.0, 5.0, 0.5 ], "autoUv": false },
														"up": { "texture": "#windlass-linen", "uv": [ 0.0, 0.0, 0.5, 5.0 ], "autoUv": false },
														"down": { "texture": "#windlass-linen", "uv": [ 0.0, 0.0, 0.5, 5.0 ], "autoUv": false }
													}
												},
												{
													"name": "String_39",
													"from": [ -0.54, 0.09, -3.6899 ],
													"to": [ -0.09, 0.54, 0.81 ],
													"rotationOrigin": [ -0.54, 0.09, -3.6899 ],
													"rotationX": -2.3,
													"rotationY": 0.3,
													"faces": {
														"north": { "texture": "#windlass-linen", "uv": [ 0.0, 0.0, 0.5, 0.5 ], "autoUv": false },
														"east": { "texture": "#windlass-linen", "uv": [ 0.0, 0.0, 5.0, 0.5 ], "autoUv": false },
														"south": { "texture": "#windlass-linen", "uv": [ 0.0, 0.0, 0.5, 0.5 ], "autoUv": false },
														"west": { "texture": "#windlass-linen", "uv": [ 0.0, 0.0, 5.0, 0.5 ], "autoUv": false },
														"up": { "texture": "#windlass-linen", "uv": [ 0.0, 0.0, 0.5, 5.0 ], "autoUv": false },
														"down": { "texture": "#windlass-linen", "uv": [ 0.0, 0.0, 0.5, 5.0 ], "autoUv": false }
													}
												},
												{
													"name": "String_43",
													"from": [ 1.7999, 1.08, -3.3299 ],
													"to": [ 2.2499, 1.5299, 3.8698 ],
													"rotationOrigin": [ 1.7999, 1.08, -3.3299 ],
													"rotationX": 0.6,
													"rotationY": 1.2,
													"faces": {
														"north": { "texture": "#windlass-linen", "uv": [ 0.0, 0.0, 0.5, 0.5 ], "autoUv": false },
														"east": { "texture": "#windlass-linen", "uv": [ 0.0, 0.0, 8.0, 0.5 ], "autoUv": false },
														"south": { "texture": "#windlass-linen", "uv": [ 0.0, 0.0, 0.5, 0.5 ], "autoUv": false },
														"west": { "texture": "#windlass-linen", "uv": [ 0.0, 0.0, 8.0, 0.5 ], "autoUv": false },
														"up": { "texture": "#windlass-linen", "uv": [ 0.0, 0.0, 0.5, 8.0 ], "autoUv": false },
														"down": { "texture": "#windlass-linen", "uv": [ 0.0, 0.0, 0.5, 8.0 ], "autoUv": false }
													}
												},
												{
													"name": "String_45",
													"from": [ 1.7999, -0.27, -3.2399 ],
													"to": [ 2.2499, 0.09, 1.7999 ],
													"rotationOrigin": [ 1.7999, -0.27, -3.2399 ],
													"rotationX": -0.6,
													"faces": {
														"north": { "texture": "#windlass-linen", "uv": [ 0.0, 0.0, 0.5, 0.5 ], "autoUv": false },
														"east": { "texture": "#windlass-linen", "uv": [ 0.0, 0.0, 5.5, 0.5 ], "autoUv": false },
														"south": { "texture": "#windlass-linen", "uv": [ 0.0, 0.0, 0.5, 0.5 ], "autoUv": false },
														"west": { "texture": "#windlass-linen", "uv": [ 0.0, 0.0, 5.5, 0.5 ], "autoUv": false },
														"up": { "texture": "#windlass-linen", "uv": [ 0.0, 0.0, 0.5, 5.5 ], "autoUv": false },
														"down": { "texture": "#windlass-linen", "uv": [ 0.0, 0.0, 0.5, 5.5 ], "autoUv": false }
													}
												}
											]
										}
									]
								}
							]
						}
					]
				}
			]
		}
	]}