{
	"editor": {
		"backDropShape": "D:/Hry/Vintagestory121/assets/game/shapes/entity/humanoid/seraph-hairless",
		"collapsedPaths": "Root/SideDecorationCrown/CrownFront,Root/ArmorHelmet/HingeR,Root/ArmorHelmet/HingeL,Root/ArmorHelmet/plumeBase,Root/ArmorHelmet/ArmorHelmetTop,Root/ArmorHelmet/plumeP3/plume22,Root/ArmorHelmet/SideDecorationCrown/CrownBack,Root/ArmorHelmet/TopDecorationLion/leg2/legdown2,Root/ArmorHelmet/TopDecorationLion/hand2,Root/ArmorHelmet/TopDecorationLion/hand1,Root/ArmorHelmet/SideDecorationCrown/CrownRight,Root/ArmorHelmet/Axel/Visorcentre/Visor7,Root/SideDecorationCrown,Root/ArmorHelmet/ArmorHelmetTop4,Root/ArmorHelmet/ArmorHelmetTop3,Root/ArmorHelmet/Axel/ArmorHelmetTop4/HingeR,Root/ArmorHelmet/Axel/ArmorHelmetTop3/Goldtop3,Root/ArmorHelmet/plume/plume4,Root/ArmorHelmet/plume/plume3,Root/ArmorHelmet/Axel/LamelRingBotAxel4,Root/ArmorHelmet/HelmetTopRow1,Root/ArmorHelmet/Axel/ArmorHelmetTop4,Root/ArmorHelmet/ArmorNose,Root/ArmorHelmet/Axel/ArmorHelmetTop5,Root/ArmorHelmet/Axel/LamelRingBotAxel3,Root/ArmorHelmet/TopDecorationLion/hand1/forearm1,Root/ArmorHelmet/lining,Root/TopDecorationLion/hand1,Root/ArmorHelmet/TopDecorationLion/Tail,Root/ArmorHelmet/Axel/ArmorHelmetTop6,Root/ArmorHelmet/Axel/LamelRingBotAxel2,Root/ArmorHelmet/SideDecorationCrown/CrownLeft,Root/ArmorHelmet/plumeP2,Root/ArmorHelmet/HeadDecCrownBase,Root/TopDecorationLion/hand2,Root/TopDecorationLion/Head,Root/ArmorHelmet/Axel/LamelRingTopAxel/Visor4,Root/ArmorHelmet/Axel/ArmorHelmetTop4/GoldtopBOT4,Root/ArmorHelmet/Axel/ArmorHelmetTop/GoldtopBOT1,Root/ArmorHelmet/HeadDecCrownBase/CrownBack,Root/ArmorHelmet/TopDecorationLion/leg2,Root/ArmorHelmet/Axel/ArmorHelmetTop3/GoldtopBOT3,Root/ArmorHelmet/TopDecorationLion/leg1,Root/TopDecorationLion/leg2,Root/ArmorHelmet/TopDecorationLion/hand2/forearm2,Root/ArmorHelmet/TopDecorationLion/Head,Root/ArmorHelmet/SideDecorationCrown/CrownFront,Root/ArmorHelmet/Axel/ArmorHelmetTop2/GoldtopBOT2,Root/ArmorHelmet/TopDecorationLion/Bottomtop,Root/ArmorHelmet/plume/plume21/plume22,Root/ArmorHelmet/plumeP1/plume4,Root/ArmorHelmet/Axel/ArmorHelmetTop2/HingeL/WingL,Root/ArmorHelmet/Axel/LamelRingMidAxel4,Root/TopDecorationLion,Root/ArmorHelmet/Axel/LamelRingMidAxel3,Root/ArmorHelmet/Axel/ArmorHelmetTop/Goldtop1,Root/ArmorHelmet/Axel/LamelRingMidAxel2,Root/ArmorHelmet/TopDecorationLion/Head/Nose,Root/ArmorHelmet/HeadDecCrownBase/CrownFront3,Root/SideDecorationCrown/CrownRight,Root/ArmorHelmet/HeadDecCrownBase/CrownFront4,Root/ArmorHelmet/TopDecorationLion/leg1/legdown1,Root/ArmorHelmet/HeadDecCrownBase/CrownLeft,Root/ArmorHelmet/plume/plume21,Root/ArmorHelmet/HeadDecCrownBase/CrownFront2,Root/ArmorHelmet/Fin,Root/ArmorHelmet/Hinge1,Root/ArmorHelmet/HeadDecCrownBase/CrownFront,Root/ArmorHelmet/plume/plume3/plume4,Root/ArmorHelmet/Hinge4,Root/ArmorHelmet/Axel/LamelRingTopAxel3/Lamelringtop7,Root/ArmorHelmet/Axel/LamelRingTopAxel4,Root/ArmorHelmet/FrontFaceguard1,Root/ArmorHelmet/Axel/LamelRingTopAxel3,Root/SideDecorationCrown/CrownLeft,Root/ArmorHelmet/HeadDecCrownBase/CrownRight,Root/ArmorHelmet/plume/plume12,Root/ArmorHelmet/HeadDecCrownBase/CrownRight2,Root/SideDecorationCrown/CrownFront4,Root/SideDecorationCrown/CrownFront3,Root/SideDecorationCrown/CrownFront2",
		"allAngles": true,
		"entityTextureMode": true
	},
	"textureWidth": 64,
	"textureHeight": 64,
	"textureSizes": {
	},
	"textures": {
		"dynastyhead": "armor/entity/dynasties_ming_steel",
		"plume": "block/plume/plumered"
	},
	"elements": [
		{
			"name": "ArmorHelmet",
			"stepParentName": "Head",
			"from": [ -0.4, 0.0, -0.6 ],
			"to": [ -0.4, 0.0, -0.6 ],
			"autoUnwrap": false,
			"uv": [ 27.0, 14.0 ],
			"rotationOrigin": [ -0.4, 0.0, -0.6 ],
			"faces": {
				"north": { "texture": "#dynastyhead", "uv": [ 26.5, 20.5, 27.0, 21.0 ], "windMode": [-1,-1,-1,-1], "windData": [1,1,1,1] },
				"east": { "texture": "#dynastyhead", "uv": [ 45.5, 20.5, 46.0, 21.0 ], "windMode": [-1,-1,-1,-1], "windData": [0,0,0,0] },
				"south": { "texture": "#dynastyhead", "uv": [ 38.5, 20.5, 39.0, 21.0 ], "windMode": [-1,-1,-1,-1], "windData": [1,1,1,1] },
				"west": { "texture": "#dynastyhead", "uv": [ 33.0, 20.5, 33.5, 21.0 ], "windMode": [-1,-1,-1,-1], "windData": [1,1,1,1] },
				"up": { "texture": "#dynastyhead", "uv": [ 33.0, 14.0, 33.5, 14.5 ], "rotation": 90, "windMode": [-1,-1,-1,-1], "windData": [1,1,1,1] },
				"down": { "texture": "#dynastyhead", "uv": [ 33.0, 26.5, 33.5, 27.0 ], "rotation": 90, "windMode": [-1,-1,-1,-1], "windData": [1,1,1,1] }
			},
			"children": [
				{
					"name": "Axel",
					"from": [ 3.4105, 4.46, 3.05 ],
					"to": [ 3.4105, 4.46, 3.05 ],
					"unwrapMode": 4,
					"autoUnwrap": false,
					"uv": [ 23.5, 7.5 ],
					"rotationOrigin": [ 3.4105, 4.4552, 3.05 ],
					"rotationZ": -4.0,
					"faces": {
						"north": { "texture": "#dynastyhead", "uv": [ 39.5, 21.5, 40.0, 22.0 ], "windMode": [-1,-1,-1,-1], "windData": [1,1,1,1] },
						"east": { "texture": "#dynastyhead", "uv": [ 33.5, 14.0, 34.0, 14.5 ], "windMode": [-1,-1,-1,-1], "windData": [1,1,1,1] },
						"south": { "texture": "#dynastyhead", "uv": [ 39.5, 21.5, 40.0, 22.0 ], "windMode": [-1,-1,-1,-1], "windData": [1,1,1,1] },
						"west": { "texture": "#dynastyhead", "uv": [ 33.5, 19.5, 34.0, 20.0 ], "windMode": [-1,-1,-1,-1], "windData": [1,1,1,1] },
						"up": { "texture": "#dynastyhead", "uv": [ 33.5, 15.0, 34.0, 15.5 ], "rotation": 90, "windMode": [-1,-1,-1,-1], "windData": [1,1,1,1] }
					},
					"children": [
						{
							"name": "ArmorHelmetTop",
							"from": [ 0.0, 0.0, 0.0 ],
							"to": [ 0.0, 0.0, 0.0 ],
							"unwrapMode": 4,
							"autoUnwrap": false,
							"uv": [ 23.5, 7.5 ],
							"faces": {
								"north": { "texture": "#dynastyhead", "uv": [ 39.5, 21.5, 40.0, 22.0 ], "windMode": [-1,-1,-1,-1], "windData": [1,1,1,1] },
								"east": { "texture": "#dynastyhead", "uv": [ 33.5, 14.0, 34.0, 14.5 ], "windMode": [-1,-1,-1,-1], "windData": [1,1,1,1] },
								"south": { "texture": "#dynastyhead", "uv": [ 39.5, 21.5, 40.0, 22.0 ], "windMode": [-1,-1,-1,-1], "windData": [1,1,1,1] },
								"west": { "texture": "#dynastyhead", "uv": [ 33.5, 19.5, 34.0, 20.0 ], "windMode": [-1,-1,-1,-1], "windData": [1,1,1,1] },
								"up": { "texture": "#dynastyhead", "uv": [ 33.5, 15.0, 34.0, 15.5 ], "rotation": 90, "windMode": [-1,-1,-1,-1], "windData": [1,1,1,1] }
							},
							"children": [
								{
									"name": "Visorcentre",
									"from": [ 0.0, 0.0, 0.0 ],
									"to": [ 0.0, 0.0, 0.0 ],
									"unwrapMode": 4,
									"autoUnwrap": false,
									"uv": [ 23.5, 7.5 ],
									"faces": {
										"north": { "texture": "#dynastyhead", "uv": [ 39.5, 22.0, 40.0, 22.5 ], "windMode": [-1,-1,-1,-1], "windData": [1,1,1,1] },
										"east": { "texture": "#dynastyhead", "uv": [ 33.5, 14.0, 34.0, 14.5 ], "windMode": [-1,-1,-1,-1], "windData": [1,1,1,1] },
										"south": { "texture": "#dynastyhead", "uv": [ 39.5, 22.0, 40.0, 22.5 ], "windMode": [-1,-1,-1,-1], "windData": [1,1,1,1] },
										"west": { "texture": "#dynastyhead", "uv": [ 33.5, 19.5, 34.0, 20.0 ], "windMode": [-1,-1,-1,-1], "windData": [1,1,1,1] },
										"up": { "texture": "#dynastyhead", "uv": [ 33.5, 15.0, 34.0, 15.5 ], "rotation": 90, "windMode": [-1,-1,-1,-1], "windData": [1,1,1,1] }
									},
									"children": [
										{
											"name": "Visor1",
											"from": [ -3.8, -0.7, -1.25 ],
											"to": [ -3.3, 0.6, 1.17 ],
											"uv": [ 32.5, 19.5 ],
											"rotationOrigin": [ -3.8, -0.7, -1.25 ],
											"rotationZ": -5.0,
											"faces": {
												"north": { "texture": "#dynastyhead", "uv": [ 32.5, 21.5, 33.0, 22.5 ] },
												"east": { "texture": "#dynastyhead", "uv": [ 33.0, 21.5, 35.0, 22.5 ] },
												"south": { "texture": "#dynastyhead", "uv": [ 35.0, 21.5, 35.5, 22.5 ] },
												"west": { "texture": "#dynastyhead", "uv": [ 35.5, 21.5, 37.5, 22.5 ] },
												"up": { "texture": "#dynastyhead", "uv": [ 32.5, 19.5, 33.0, 21.5 ] },
												"down": { "texture": "#dynastyhead", "uv": [ 33.0, 19.5, 33.5, 21.5 ] }
											},
											"children": [
												{
													"name": "Visor2",
													"from": [ -0.2, 0.0139, 2.3 ],
													"to": [ 0.5, 1.6139, 4.65 ],
													"uv": [ 46.0, 28.0 ],
													"rotationOrigin": [ -0.201, 0.0139, 2.42 ],
													"rotationY": 22.0,
													"faces": {
														"north": { "texture": "#dynastyhead", "uv": [ 46.0, 30.0, 46.5, 31.5 ] },
														"east": { "texture": "#dynastyhead", "uv": [ 46.5, 30.0, 48.5, 31.5 ] },
														"south": { "texture": "#dynastyhead", "uv": [ 48.5, 30.0, 49.0, 31.5 ] },
														"west": { "texture": "#dynastyhead", "uv": [ 49.0, 30.0, 51.0, 31.5 ] },
														"up": { "texture": "#dynastyhead", "uv": [ 46.0, 28.0, 46.5, 30.0 ] },
														"down": { "texture": "#dynastyhead", "uv": [ 46.5, 28.0, 47.0, 30.0 ] }
													}
												},
												{
													"name": "Visor3",
													"from": [ -0.2, 0.01, -2.0 ],
													"to": [ 0.5, 1.61, 0.25 ],
													"uv": [ 46.0, 28.0 ],
													"rotationOrigin": [ -0.201, 0.0139, 0.02 ],
													"rotationY": -22.0,
													"faces": {
														"north": { "texture": "#dynastyhead", "uv": [ 46.0, 30.0, 46.5, 31.5 ] },
														"east": { "texture": "#dynastyhead", "uv": [ 46.5, 30.0, 48.5, 31.5 ] },
														"south": { "texture": "#dynastyhead", "uv": [ 48.5, 30.0, 49.0, 31.5 ] },
														"west": { "texture": "#dynastyhead", "uv": [ 49.0, 30.0, 51.0, 31.5 ] },
														"up": { "texture": "#dynastyhead", "uv": [ 46.0, 28.0, 46.5, 30.0 ] },
														"down": { "texture": "#dynastyhead", "uv": [ 46.5, 28.0, 47.0, 30.0 ] }
													}
												},
												{
													"name": "Nosetop1",
													"from": [ -1.1, -1.1, 1.36 ],
													"to": [ 1.9, -0.4, 4.36 ],
													"uv": [ 44.0, 22.0 ],
													"rotationOrigin": [ -1.1, -1.1, 1.3 ],
													"rotationX": -26.0,
													"rotationY": 41.0,
													"rotationZ": 40.0,
													"faces": {
														"north": { "texture": "#dynastyhead", "uv": [ 44.0, 25.0, 47.0, 25.5 ] },
														"east": { "texture": "#dynastyhead", "uv": [ 47.0, 25.0, 50.0, 25.5 ] },
														"south": { "texture": "#dynastyhead", "uv": [ 50.0, 25.0, 53.0, 25.5 ] },
														"west": { "texture": "#dynastyhead", "uv": [ 53.0, 25.0, 56.0, 25.5 ] },
														"up": { "texture": "#dynastyhead", "uv": [ 44.0, 22.0, 47.0, 25.0 ] },
														"down": { "texture": "#dynastyhead", "uv": [ 47.0, 22.0, 50.0, 25.0 ] }
													},
													"children": [
														{
															"name": "Nosetop2",
															"from": [ 0.3077, 0.7115, 0.2 ],
															"to": [ 3.7077, 1.7115, 3.6 ],
															"uv": [ 28.0, 18.0 ],
															"rotationOrigin": [ 0.3077, 0.7115, 0.2216 ],
															"rotationX": 7.9,
															"rotationY": -1.94,
															"rotationZ": -11.2,
															"faces": {
																"north": { "texture": "#dynastyhead", "uv": [ 28.0, 21.0, 31.0, 22.0 ] },
																"east": { "texture": "#dynastyhead", "uv": [ 31.0, 21.0, 34.0, 22.0 ] },
																"south": { "texture": "#dynastyhead", "uv": [ 34.0, 21.0, 37.0, 22.0 ] },
																"west": { "texture": "#dynastyhead", "uv": [ 37.0, 21.0, 40.0, 22.0 ] },
																"up": { "texture": "#dynastyhead", "uv": [ 28.0, 18.0, 31.0, 21.0 ] },
																"down": { "texture": "#dynastyhead", "uv": [ 31.0, 18.0, 34.0, 21.0 ] }
															}
														},
														{
															"name": "Nosetop3",
															"from": [ 0.6726, 1.6011, 0.5139 ],
															"to": [ 3.7726, 2.6011, 3.6139 ],
															"uv": [ 44.0, 22.0 ],
															"rotationOrigin": [ 0.6726, 1.6011, 0.5139 ],
															"rotationX": 18.59,
															"rotationY": -6.13,
															"rotationZ": -19.88,
															"faces": {
																"north": { "texture": "#dynastyhead", "uv": [ 44.0, 25.0, 47.0, 26.0 ] },
																"east": { "texture": "#dynastyhead", "uv": [ 47.0, 25.0, 50.0, 26.0 ] },
																"south": { "texture": "#dynastyhead", "uv": [ 50.0, 25.0, 53.0, 26.0 ] },
																"west": { "texture": "#dynastyhead", "uv": [ 53.0, 25.0, 56.0, 26.0 ] },
																"up": { "texture": "#dynastyhead", "uv": [ 44.0, 22.0, 47.0, 25.0 ] },
																"down": { "texture": "#dynastyhead", "uv": [ 47.0, 22.0, 50.0, 25.0 ] }
															}
														},
														{
															"name": "Nosetop4",
															"from": [ 1.1668, 2.3, 1.0089 ],
															"to": [ 3.0668, 6.3, 2.9089 ],
															"uv": [ 49.4, 19.5 ],
															"rotationOrigin": [ 1.1668, 2.3, 1.0089 ],
															"rotationX": 46.23,
															"rotationY": -21.09,
															"rotationZ": -44.2,
															"faces": {
																"north": { "texture": "#dynastyhead", "uv": [ 49.5, 21.0, 51.0, 25.0 ] },
																"east": { "texture": "#dynastyhead", "uv": [ 51.0, 21.0, 52.5, 25.0 ] },
																"south": { "texture": "#dynastyhead", "uv": [ 52.5, 21.0, 54.0, 25.0 ] },
																"west": { "texture": "#dynastyhead", "uv": [ 54.0, 21.0, 55.5, 25.0 ] },
																"up": { "texture": "#dynastyhead", "uv": [ 49.5, 19.5, 51.0, 21.0 ] },
																"down": { "texture": "#dynastyhead", "uv": [ 51.0, 19.5, 52.5, 21.0 ] }
															}
														}
													]
												}
											]
										}
									]
								},
								{
									"name": "HelmetTopRow1",
									"from": [ -2.6282, 0.56, -2.45 ],
									"to": [ 2.9718, 1.86, 2.55 ],
									"autoUnwrap": false,
									"uv": [ 47.5, 1.5 ],
									"rotationOrigin": [ -2.6282, 0.5571, -2.45 ],
									"faces": {
										"north": { "texture": "#dynastyhead", "uv": [ 47.5, 6.5, 53.0, 7.5 ] },
										"east": { "texture": "#dynastyhead", "uv": [ 53.0, 6.5, 58.0, 7.5 ] },
										"south": { "texture": "#dynastyhead", "uv": [ 52.5, 6.5, 58.0, 7.5 ] },
										"west": { "texture": "#dynastyhead", "uv": [ 56.0, 6.5, 61.0, 7.5 ] },
										"up": { "texture": "#dynastyhead", "uv": [ 47.5, 1.5, 53.0, 6.5 ] },
										"down": { "texture": "#dynastyhead", "uv": [ 53.0, 1.5, 58.5, 6.5 ] }
									},
									"children": [
										{
											"name": "HelmetTopRow1R",
											"from": [ 0.5, 0.0, -0.7 ],
											"to": [ 4.6, 1.3, 0.0 ],
											"uv": [ 50.0, 5.5 ],
											"rotationOrigin": [ 0.5, 0.0, -0.7 ],
											"faces": {
												"north": { "texture": "#dynastyhead", "uv": [ 50.0, 6.0, 54.0, 7.0 ] },
												"east": { "texture": "#dynastyhead", "uv": [ 54.0, 6.0, 54.5, 7.0 ] },
												"south": { "texture": "#dynastyhead", "uv": [ 54.5, 6.0, 58.5, 7.0 ] },
												"west": { "texture": "#dynastyhead", "uv": [ 58.5, 6.0, 59.0, 7.0 ] },
												"up": { "texture": "#dynastyhead", "uv": [ 50.0, 5.5, 54.0, 6.0 ] },
												"down": { "texture": "#dynastyhead", "uv": [ 54.0, 5.5, 58.0, 6.0 ] }
											}
										},
										{
											"name": "HelmetTopRow1L",
											"from": [ 0.5, 0.0, 5.0 ],
											"to": [ 4.6, 1.3, 5.7 ],
											"uv": [ 50.0, 5.5 ],
											"rotationOrigin": [ 0.5, 0.0, 5.0 ],
											"faces": {
												"north": { "texture": "#dynastyhead", "uv": [ 50.0, 6.0, 54.0, 7.0 ] },
												"east": { "texture": "#dynastyhead", "uv": [ 54.0, 6.0, 54.5, 7.0 ] },
												"south": { "texture": "#dynastyhead", "uv": [ 54.5, 6.0, 58.5, 7.0 ] },
												"west": { "texture": "#dynastyhead", "uv": [ 58.5, 6.0, 59.0, 7.0 ] },
												"up": { "texture": "#dynastyhead", "uv": [ 50.0, 5.5, 54.0, 6.0 ] },
												"down": { "texture": "#dynastyhead", "uv": [ 54.0, 5.5, 58.0, 6.0 ] }
											}
										}
									]
								},
								{
									"name": "HelmetTopRow2",
									"from": [ -2.13, 1.76, -1.95 ],
									"to": [ 2.47, 2.86, 2.05 ],
									"autoUnwrap": false,
									"uv": [ 0.5, 23.0 ],
									"rotationOrigin": [ -2.1282, 1.7571, -1.95 ],
									"faces": {
										"north": { "texture": "#dynastyhead", "uv": [ 0.5, 27.0, 5.0, 28.0 ] },
										"east": { "texture": "#dynastyhead", "uv": [ 5.0, 27.0, 9.0, 28.0 ] },
										"south": { "texture": "#dynastyhead", "uv": [ 9.0, 27.0, 13.5, 28.0 ] },
										"west": { "texture": "#dynastyhead", "uv": [ 6.5, 27.0, 10.5, 28.0 ] },
										"up": { "texture": "#dynastyhead", "uv": [ 0.5, 23.0, 5.0, 27.0 ] },
										"down": { "texture": "#dynastyhead", "uv": [ 5.0, 23.0, 9.5, 27.0 ] }
									},
									"children": [
										{
											"name": "HelmetTopRow1R2",
											"from": [ 0.5, 0.0, -0.7 ],
											"to": [ 3.6, 1.1, 0.0 ],
											"uv": [ 1.0, 26.0 ],
											"rotationOrigin": [ 0.5, 0.0, -0.7 ],
											"faces": {
												"north": { "texture": "#dynastyhead", "uv": [ 1.0, 26.5, 4.0, 27.5 ] },
												"east": { "texture": "#dynastyhead", "uv": [ 4.0, 26.5, 4.5, 27.5 ] },
												"south": { "texture": "#dynastyhead", "uv": [ 4.5, 26.5, 7.5, 27.5 ] },
												"west": { "texture": "#dynastyhead", "uv": [ 7.5, 26.5, 8.0, 27.5 ] },
												"up": { "texture": "#dynastyhead", "uv": [ 1.0, 26.0, 4.0, 26.5 ] },
												"down": { "texture": "#dynastyhead", "uv": [ 4.0, 26.0, 7.0, 26.5 ] }
											}
										},
										{
											"name": "HelmetTopRow1L2",
											"from": [ 0.5, 0.0, 4.0 ],
											"to": [ 3.6, 1.1, 4.7 ],
											"uv": [ 1.0, 26.0 ],
											"rotationOrigin": [ 0.5, 0.0, 4.0 ],
											"faces": {
												"north": { "texture": "#dynastyhead", "uv": [ 1.0, 26.5, 4.0, 27.5 ] },
												"east": { "texture": "#dynastyhead", "uv": [ 4.0, 26.5, 4.5, 27.5 ] },
												"south": { "texture": "#dynastyhead", "uv": [ 4.5, 26.5, 7.5, 27.5 ] },
												"west": { "texture": "#dynastyhead", "uv": [ 7.5, 26.5, 8.0, 27.5 ] },
												"up": { "texture": "#dynastyhead", "uv": [ 1.0, 26.0, 4.0, 26.5 ] },
												"down": { "texture": "#dynastyhead", "uv": [ 4.0, 26.0, 7.0, 26.5 ] }
											}
										}
									]
								},
								{
									"name": "HelmetTopRow3",
									"from": [ -1.63, 2.66, -1.45 ],
									"to": [ 1.97, 3.96, 1.55 ],
									"uv": [ 0.5, 23.0 ],
									"rotationOrigin": [ -1.6282, 2.6571, -1.45 ],
									"faces": {
										"north": { "texture": "#dynastyhead", "uv": [ 0.5, 26.0, 4.0, 27.0 ] },
										"east": { "texture": "#dynastyhead", "uv": [ 4.0, 26.0, 7.0, 27.0 ] },
										"south": { "texture": "#dynastyhead", "uv": [ 7.0, 26.0, 10.5, 27.0 ] },
										"west": { "texture": "#dynastyhead", "uv": [ 10.5, 26.0, 13.5, 27.0 ] },
										"up": { "texture": "#dynastyhead", "uv": [ 0.5, 23.0, 4.0, 26.0 ] },
										"down": { "texture": "#dynastyhead", "uv": [ 4.0, 23.0, 7.5, 26.0 ] }
									},
									"children": [
										{
											"name": "HelmetTopRow1R3",
											"from": [ 0.5, 0.0, -0.7 ],
											"to": [ 2.9, 1.3, 0.0 ],
											"uv": [ 1.0, 24.0 ],
											"rotationOrigin": [ 0.5, 0.0, -0.7 ],
											"faces": {
												"north": { "texture": "#dynastyhead", "uv": [ 1.0, 24.5, 3.0, 25.5 ] },
												"east": { "texture": "#dynastyhead", "uv": [ 3.0, 24.5, 3.5, 25.5 ] },
												"south": { "texture": "#dynastyhead", "uv": [ 3.5, 24.5, 5.5, 25.5 ] },
												"west": { "texture": "#dynastyhead", "uv": [ 5.5, 24.5, 6.0, 25.5 ] },
												"up": { "texture": "#dynastyhead", "uv": [ 1.0, 24.0, 3.0, 24.5 ] },
												"down": { "texture": "#dynastyhead", "uv": [ 3.0, 24.0, 5.0, 24.5 ] }
											}
										},
										{
											"name": "HelmetTopRow1L3",
											"from": [ 0.5, 0.0, 3.0 ],
											"to": [ 2.9, 1.3, 3.7 ],
											"uv": [ 1.0, 24.0 ],
											"rotationOrigin": [ 0.5, 0.0, 3.0 ],
											"faces": {
												"north": { "texture": "#dynastyhead", "uv": [ 1.0, 24.5, 3.0, 25.5 ] },
												"east": { "texture": "#dynastyhead", "uv": [ 3.0, 24.5, 3.5, 25.5 ] },
												"south": { "texture": "#dynastyhead", "uv": [ 3.5, 24.5, 5.5, 25.5 ] },
												"west": { "texture": "#dynastyhead", "uv": [ 5.5, 24.5, 6.0, 25.5 ] },
												"up": { "texture": "#dynastyhead", "uv": [ 1.0, 24.0, 3.0, 24.5 ] },
												"down": { "texture": "#dynastyhead", "uv": [ 3.0, 24.0, 5.0, 24.5 ] }
											}
										}
									]
								},
								{
									"name": "HelmetTopRow4",
									"from": [ -1.33, 3.96, -1.15 ],
									"to": [ 1.67, 4.46, 1.25 ],
									"uv": [ 3.0, 22.0 ],
									"rotationOrigin": [ -1.3282, 3.9571, -1.15 ],
									"faces": {
										"north": { "texture": "#dynastyhead", "uv": [ 3.0, 24.0, 6.0, 24.5 ] },
										"east": { "texture": "#dynastyhead", "uv": [ 6.0, 24.0, 8.0, 24.5 ] },
										"south": { "texture": "#dynastyhead", "uv": [ 8.0, 24.0, 11.0, 24.5 ] },
										"west": { "texture": "#dynastyhead", "uv": [ 11.0, 24.0, 13.0, 24.5 ] },
										"up": { "texture": "#dynastyhead", "uv": [ 3.0, 22.0, 6.0, 24.0 ] },
										"down": { "texture": "#dynastyhead", "uv": [ 6.0, 22.0, 9.0, 24.0 ] }
									},
									"children": [
										{
											"name": "HelmetTopRow1R4",
											"from": [ 0.5, 0.0, -0.7 ],
											"to": [ 2.3, 0.5, 0.0 ],
											"uv": [ 4.0, 22.0 ],
											"rotationOrigin": [ 0.5, 0.0, -0.7 ],
											"faces": {
												"north": { "texture": "#dynastyhead", "uv": [ 4.0, 22.5, 5.5, 23.0 ] },
												"east": { "texture": "#dynastyhead", "uv": [ 5.5, 22.5, 6.0, 23.0 ] },
												"south": { "texture": "#dynastyhead", "uv": [ 6.0, 22.5, 7.5, 23.0 ] },
												"west": { "texture": "#dynastyhead", "uv": [ 7.5, 22.5, 8.0, 23.0 ] },
												"up": { "texture": "#dynastyhead", "uv": [ 4.0, 22.0, 5.5, 22.5 ] },
												"down": { "texture": "#dynastyhead", "uv": [ 5.5, 22.0, 7.0, 22.5 ] }
											}
										},
										{
											"name": "HelmetTopRow1L4",
											"from": [ 0.5, 0.0, 2.4 ],
											"to": [ 2.3, 0.5, 3.1 ],
											"uv": [ 3.0, 22.0 ],
											"rotationOrigin": [ 0.5, 0.0, 2.4 ],
											"faces": {
												"north": { "texture": "#dynastyhead", "uv": [ 3.0, 22.5, 4.5, 23.0 ] },
												"east": { "texture": "#dynastyhead", "uv": [ 4.5, 22.5, 5.0, 23.0 ] },
												"south": { "texture": "#dynastyhead", "uv": [ 5.0, 22.5, 6.5, 23.0 ] },
												"west": { "texture": "#dynastyhead", "uv": [ 6.5, 22.5, 7.0, 23.0 ] },
												"up": { "texture": "#dynastyhead", "uv": [ 3.0, 22.0, 4.5, 22.5 ] },
												"down": { "texture": "#dynastyhead", "uv": [ 4.5, 22.0, 6.0, 22.5 ] }
											}
										}
									]
								},
								{
									"name": "HelmetTopRow0",
									"from": [ -2.83, -0.74, -3.25 ],
									"to": [ 2.97, 0.76, 3.35 ],
									"autoUnwrap": false,
									"uv": [ 4.0, 8.0 ],
									"rotationOrigin": [ -2.8282, -0.7429, -3.25 ],
									"faces": {
										"north": { "texture": "#dynastyhead", "uv": [ 46.5, 30.0, 52.0, 31.5 ] },
										"east": { "texture": "#dynastyhead", "uv": [ 45.5, 30.0, 52.0, 31.5 ] },
										"south": { "texture": "#dynastyhead", "uv": [ 46.0, 30.0, 51.5, 31.5 ] },
										"west": { "texture": "#dynastyhead", "uv": [ 45.5, 30.0, 52.0, 31.5 ] },
										"up": { "texture": "#dynastyhead", "uv": [ 47.5, 0.0, 53.0, 6.5 ] },
										"down": { "texture": "#dynastyhead", "uv": [ 55.5, 0.0, 61.0, 6.5 ] }
									}
								}
							]
						},
						{
							"name": "ArmorHelmetTop2",
							"from": [ 0.0, 0.0, 0.0 ],
							"to": [ 0.0, 0.0, 0.0 ],
							"unwrapMode": 4,
							"autoUnwrap": false,
							"uv": [ 23.5, 7.5 ],
							"rotationOrigin": [ 0.0, 0.0, 0.0 ],
							"rotationY": 90.0,
							"faces": {
								"north": { "texture": "#dynastyhead", "uv": [ 39.5, 21.5, 40.0, 22.0 ], "windMode": [-1,-1,-1,-1], "windData": [1,1,1,1] },
								"east": { "texture": "#dynastyhead", "uv": [ 33.5, 14.0, 34.0, 14.5 ], "windMode": [-1,-1,-1,-1], "windData": [1,1,1,1] },
								"south": { "texture": "#dynastyhead", "uv": [ 39.5, 21.5, 40.0, 22.0 ], "windMode": [-1,-1,-1,-1], "windData": [1,1,1,1] },
								"west": { "texture": "#dynastyhead", "uv": [ 33.5, 19.5, 34.0, 20.0 ], "windMode": [-1,-1,-1,-1], "windData": [1,1,1,1] },
								"up": { "texture": "#dynastyhead", "uv": [ 33.5, 15.0, 34.0, 15.5 ], "rotation": 90, "windMode": [-1,-1,-1,-1], "windData": [1,1,1,1] }
							},
							"children": [
								{
									"name": "Visorcentre2",
									"from": [ 0.0, 0.0, 0.0 ],
									"to": [ 0.0, 0.0, 0.0 ],
									"unwrapMode": 4,
									"autoUnwrap": false,
									"uv": [ 23.5, 7.5 ],
									"faces": {
										"north": { "texture": "#dynastyhead", "uv": [ 39.5, 22.0, 40.0, 22.5 ], "windMode": [-1,-1,-1,-1], "windData": [1,1,1,1] },
										"east": { "texture": "#dynastyhead", "uv": [ 33.5, 14.0, 34.0, 14.5 ], "windMode": [-1,-1,-1,-1], "windData": [1,1,1,1] },
										"south": { "texture": "#dynastyhead", "uv": [ 39.5, 22.0, 40.0, 22.5 ], "windMode": [-1,-1,-1,-1], "windData": [1,1,1,1] },
										"west": { "texture": "#dynastyhead", "uv": [ 33.5, 19.5, 34.0, 20.0 ], "windMode": [-1,-1,-1,-1], "windData": [1,1,1,1] },
										"up": { "texture": "#dynastyhead", "uv": [ 33.5, 15.0, 34.0, 15.5 ], "rotation": 90, "windMode": [-1,-1,-1,-1], "windData": [1,1,1,1] }
									},
									"children": [
										{
											"name": "Visor4",
											"from": [ -3.8, -0.7, -1.25 ],
											"to": [ -3.3, 0.8, 1.17 ],
											"uv": [ 46.0, 28.0 ],
											"rotationOrigin": [ -3.8, -0.7, -1.25 ],
											"rotationZ": -5.0,
											"faces": {
												"north": { "texture": "#dynastyhead", "uv": [ 46.0, 30.0, 46.5, 31.5 ] },
												"east": { "texture": "#dynastyhead", "uv": [ 46.5, 30.0, 48.5, 31.5 ] },
												"south": { "texture": "#dynastyhead", "uv": [ 48.5, 30.0, 49.0, 31.5 ] },
												"west": { "texture": "#dynastyhead", "uv": [ 49.0, 30.0, 51.0, 31.5 ] },
												"up": { "texture": "#dynastyhead", "uv": [ 46.0, 28.0, 46.5, 30.0 ] },
												"down": { "texture": "#dynastyhead", "uv": [ 46.5, 28.0, 47.0, 30.0 ] }
											},
											"children": [
												{
													"name": "Visor6",
													"from": [ 0.0, 0.0139, -1.9 ],
													"to": [ 0.5, 1.5139, 0.15 ],
													"uv": [ 46.0, 28.0 ],
													"rotationOrigin": [ -0.001, 0.0139, 0.02 ],
													"rotationY": -24.0,
													"faces": {
														"north": { "texture": "#dynastyhead", "uv": [ 46.0, 30.0, 46.5, 31.5 ] },
														"east": { "texture": "#dynastyhead", "uv": [ 46.5, 30.0, 48.5, 31.5 ] },
														"south": { "texture": "#dynastyhead", "uv": [ 48.5, 30.0, 49.0, 31.5 ] },
														"west": { "texture": "#dynastyhead", "uv": [ 49.0, 30.0, 51.0, 31.5 ] },
														"up": { "texture": "#dynastyhead", "uv": [ 46.0, 28.0, 46.5, 30.0 ] },
														"down": { "texture": "#dynastyhead", "uv": [ 46.5, 28.0, 47.0, 30.0 ] }
													}
												},
												{
													"name": "SideheadL",
													"from": [ 0.5, -3.1, -0.9 ],
													"to": [ 1.3, 0.4, 3.5 ],
													"uv": [ 38.5, 8.5 ],
													"rotationOrigin": [ 0.5, -3.1, -0.9 ],
													"rotationX": -19.0,
													"rotationY": -2.0,
													"faces": {
														"north": { "texture": "#dynastyhead", "uv": [ 38.5, 12.5, 39.0, 16.0 ] },
														"east": { "texture": "#dynastyhead", "uv": [ 39.0, 12.5, 43.0, 16.0 ] },
														"south": { "texture": "#dynastyhead", "uv": [ 43.0, 12.5, 43.5, 16.0 ] },
														"west": { "texture": "#dynastyhead", "uv": [ 43.5, 12.5, 47.5, 16.0 ] },
														"up": { "texture": "#dynastyhead", "uv": [ 38.5, 8.5, 39.0, 12.5 ] },
														"down": { "texture": "#dynastyhead", "uv": [ 39.0, 8.5, 39.5, 12.5 ] }
													},
													"children": [
														{
															"name": "SideheadL1",
															"from": [ -0.2, 0.4, -0.5 ],
															"to": [ 0.4, 1.6, 0.2 ],
															"uv": [ 14.0, 21.0 ],
															"rotationOrigin": [ -0.2, 0.4, -0.5 ],
															"rotationX": 18.0,
															"rotationY": -1.0,
															"faces": {
																"north": { "texture": "#plume", "uv": [ 14.0, 21.5, 14.5, 22.5 ] },
																"east": { "texture": "#plume", "uv": [ 14.5, 21.5, 15.0, 22.5 ] },
																"south": { "texture": "#plume", "uv": [ 15.0, 21.5, 15.5, 22.5 ] },
																"west": { "texture": "#plume", "uv": [ 15.5, 21.5, 16.0, 22.5 ] },
																"up": { "texture": "#plume", "uv": [ 14.0, 21.0, 14.5, 21.5 ] },
																"down": { "texture": "#plume", "uv": [ 14.5, 21.0, 15.0, 21.5 ] }
															},
															"children": [
																{
																	"name": "PlumeSidehead",
																	"from": [ 0.0932, -1.3885, -0.3917 ],
																	"to": [ 0.6932, 0.3115, 0.3083 ],
																	"uv": [ 14.0, 57.0 ],
																	"rotationOrigin": [ 0.0932, -1.3885, -0.3917 ],
																	"rotationX": 10.9577,
																	"rotationY": -12.0183,
																	"rotationZ": -1.1951,
																	"faces": {
																		"north": { "texture": "#plume", "uv": [ 14.0, 57.5, 14.5, 59.0 ] },
																		"east": { "texture": "#plume", "uv": [ 14.5, 57.5, 15.0, 59.0 ] },
																		"south": { "texture": "#plume", "uv": [ 15.0, 57.5, 15.5, 59.0 ] },
																		"west": { "texture": "#plume", "uv": [ 15.5, 57.5, 16.0, 59.0 ] },
																		"up": { "texture": "#plume", "uv": [ 14.0, 57.0, 14.5, 57.5 ] },
																		"down": { "texture": "#plume", "uv": [ 14.5, 57.0, 15.0, 57.5 ] }
																	},
																	"children": [
																		{
																			"name": "PlumeSidehead2",
																			"from": [ 0.1685, -1.2597, -0.2544 ],
																			"to": [ 0.8685, 0.4403, 0.8456 ],
																			"uv": [ 12.5, 56.5 ],
																			"rotationOrigin": [ 0.1685, -1.2597, -0.2544 ],
																			"rotationX": 2.9627,
																			"rotationY": -6.9661,
																			"rotationZ": 7.3266,
																			"faces": {
																				"north": { "texture": "#plume", "uv": [ 12.5, 57.5, 13.0, 59.0 ] },
																				"east": { "texture": "#plume", "uv": [ 13.0, 57.5, 14.0, 59.0 ] },
																				"south": { "texture": "#plume", "uv": [ 14.0, 57.5, 14.5, 59.0 ] },
																				"west": { "texture": "#plume", "uv": [ 14.5, 57.5, 15.5, 59.0 ] },
																				"up": { "texture": "#plume", "uv": [ 12.5, 56.5, 13.0, 57.5 ] },
																				"down": { "texture": "#plume", "uv": [ 13.0, 56.5, 13.5, 57.5 ] }
																			}
																		},
																		{
																			"name": "PlumeSidehead3",
																			"from": [ 0.359, -2.0922, 0.0631 ],
																			"to": [ 0.859, -1.1922, 0.4631 ],
																			"uv": [ 14.0, 21.5 ],
																			"rotationOrigin": [ 0.359, -2.0922, 0.0631 ],
																			"rotationX": 2.9627,
																			"rotationY": -6.9661,
																			"rotationZ": 7.3266,
																			"faces": {
																				"north": { "texture": "#plume", "uv": [ 14.0, 22.0, 14.5, 22.5 ] },
																				"east": { "texture": "#plume", "uv": [ 14.5, 22.0, 15.0, 22.5 ] },
																				"south": { "texture": "#plume", "uv": [ 15.0, 22.0, 15.5, 22.5 ] },
																				"west": { "texture": "#plume", "uv": [ 15.5, 22.0, 16.0, 22.5 ] },
																				"up": { "texture": "#plume", "uv": [ 14.0, 21.5, 14.5, 22.0 ] },
																				"down": { "texture": "#plume", "uv": [ 14.5, 21.5, 15.0, 22.0 ] }
																			}
																		}
																	]
																}
															]
														}
													]
												},
												{
													"name": "SideheadL2",
													"from": [ 0.8, -4.1, -0.2 ],
													"to": [ 1.5, 0.4, 3.9 ],
													"uv": [ 38.5, 8.5 ],
													"rotationOrigin": [ 0.8, -4.1, -0.2 ],
													"rotationY": -2.0,
													"faces": {
														"north": { "texture": "#dynastyhead", "uv": [ 38.5, 12.5, 39.0, 17.0 ] },
														"east": { "texture": "#dynastyhead", "uv": [ 39.0, 12.5, 43.0, 17.0 ] },
														"south": { "texture": "#dynastyhead", "uv": [ 43.0, 12.5, 43.5, 17.0 ] },
														"west": { "texture": "#dynastyhead", "uv": [ 43.5, 12.5, 47.5, 17.0 ] },
														"up": { "texture": "#dynastyhead", "uv": [ 38.5, 8.5, 39.0, 12.5 ] },
														"down": { "texture": "#dynastyhead", "uv": [ 39.0, 8.5, 39.5, 12.5 ] }
													},
													"children": [
														{
															"name": "Cube10",
															"from": [ 0.0, 0.1, -1.4 ],
															"to": [ 0.4, 1.1, 0.4 ],
															"uv": [ 40.0, 9.5 ],
															"rotationOrigin": [ 0.0, 0.1, -1.4 ],
															"rotationZ": -11.0,
															"faces": {
																"north": { "texture": "#dynastyhead", "uv": [ 40.0, 11.0, 40.5, 12.0 ] },
																"east": { "texture": "#dynastyhead", "uv": [ 40.5, 11.0, 42.0, 12.0 ] },
																"south": { "texture": "#dynastyhead", "uv": [ 42.0, 11.0, 42.5, 12.0 ] },
																"west": { "texture": "#dynastyhead", "uv": [ 42.5, 11.0, 44.0, 12.0 ] },
																"up": { "texture": "#dynastyhead", "uv": [ 40.0, 9.5, 40.5, 11.0 ] },
																"down": { "texture": "#dynastyhead", "uv": [ 40.5, 9.5, 41.0, 11.0 ] }
															}
														},
														{
															"name": "Cube11",
															"from": [ 0.0, 1.0, -1.3 ],
															"to": [ 0.4, 2.0, 0.5 ],
															"uv": [ 40.0, 9.5 ],
															"rotationOrigin": [ 0.0, 1.0, -1.3 ],
															"rotationZ": -11.0,
															"faces": {
																"north": { "texture": "#dynastyhead", "uv": [ 40.0, 11.0, 40.5, 12.0 ] },
																"east": { "texture": "#dynastyhead", "uv": [ 40.5, 11.0, 42.0, 12.0 ] },
																"south": { "texture": "#dynastyhead", "uv": [ 42.0, 11.0, 42.5, 12.0 ] },
																"west": { "texture": "#dynastyhead", "uv": [ 42.5, 11.0, 44.0, 12.0 ] },
																"up": { "texture": "#dynastyhead", "uv": [ 40.0, 9.5, 40.5, 11.0 ] },
																"down": { "texture": "#dynastyhead", "uv": [ 40.5, 9.5, 41.0, 11.0 ] }
															}
														},
														{
															"name": "Cube12",
															"from": [ 0.0, 2.0, -1.3 ],
															"to": [ 0.4, 3.0, 0.5 ],
															"uv": [ 40.0, 9.5 ],
															"rotationOrigin": [ 0.0, 2.0, -1.3 ],
															"rotationZ": -11.0,
															"faces": {
																"north": { "texture": "#dynastyhead", "uv": [ 40.0, 11.0, 40.5, 12.0 ] },
																"east": { "texture": "#dynastyhead", "uv": [ 40.5, 11.0, 42.0, 12.0 ] },
																"south": { "texture": "#dynastyhead", "uv": [ 42.0, 11.0, 42.5, 12.0 ] },
																"west": { "texture": "#dynastyhead", "uv": [ 42.5, 11.0, 44.0, 12.0 ] },
																"up": { "texture": "#dynastyhead", "uv": [ 40.0, 9.5, 40.5, 11.0 ] },
																"down": { "texture": "#dynastyhead", "uv": [ 40.5, 9.5, 41.0, 11.0 ] }
															}
														}
													]
												}
											]
										}
									]
								}
							]
						},
						{
							"name": "ArmorHelmetTop3",
							"from": [ 0.0, 0.0, 0.0 ],
							"to": [ 0.0, 0.0, 0.0 ],
							"unwrapMode": 4,
							"autoUnwrap": false,
							"uv": [ 23.5, 7.5 ],
							"rotationOrigin": [ 0.0, 0.0, 0.0 ],
							"rotationY": 270.0,
							"faces": {
								"north": { "texture": "#dynastyhead", "uv": [ 39.5, 21.5, 40.0, 22.0 ], "windMode": [-1,-1,-1,-1], "windData": [1,1,1,1] },
								"east": { "texture": "#dynastyhead", "uv": [ 33.5, 14.0, 34.0, 14.5 ], "windMode": [-1,-1,-1,-1], "windData": [1,1,1,1] },
								"south": { "texture": "#dynastyhead", "uv": [ 39.5, 21.5, 40.0, 22.0 ], "windMode": [-1,-1,-1,-1], "windData": [1,1,1,1] },
								"west": { "texture": "#dynastyhead", "uv": [ 33.5, 19.5, 34.0, 20.0 ], "windMode": [-1,-1,-1,-1], "windData": [1,1,1,1] },
								"up": { "texture": "#dynastyhead", "uv": [ 33.5, 15.0, 34.0, 15.5 ], "rotation": 90, "windMode": [-1,-1,-1,-1], "windData": [1,1,1,1] }
							},
							"children": [
								{
									"name": "Visorcentre3",
									"from": [ 0.0, 0.0, 0.0 ],
									"to": [ 0.0, 0.0, 0.0 ],
									"unwrapMode": 4,
									"autoUnwrap": false,
									"uv": [ 23.5, 7.5 ],
									"faces": {
										"north": { "texture": "#dynastyhead", "uv": [ 39.5, 22.0, 40.0, 22.5 ], "windMode": [-1,-1,-1,-1], "windData": [1,1,1,1] },
										"east": { "texture": "#dynastyhead", "uv": [ 33.5, 14.0, 34.0, 14.5 ], "windMode": [-1,-1,-1,-1], "windData": [1,1,1,1] },
										"south": { "texture": "#dynastyhead", "uv": [ 39.5, 22.0, 40.0, 22.5 ], "windMode": [-1,-1,-1,-1], "windData": [1,1,1,1] },
										"west": { "texture": "#dynastyhead", "uv": [ 33.5, 19.5, 34.0, 20.0 ], "windMode": [-1,-1,-1,-1], "windData": [1,1,1,1] },
										"up": { "texture": "#dynastyhead", "uv": [ 33.5, 15.0, 34.0, 15.5 ], "rotation": 90, "windMode": [-1,-1,-1,-1], "windData": [1,1,1,1] }
									},
									"children": [
										{
											"name": "Visor7",
											"from": [ -3.8, -0.7, -1.25 ],
											"to": [ -3.3, 0.8, 1.17 ],
											"uv": [ 46.0, 28.0 ],
											"rotationOrigin": [ -3.8, -0.7, -1.25 ],
											"rotationZ": -5.0,
											"faces": {
												"north": { "texture": "#dynastyhead", "uv": [ 46.0, 30.0, 46.5, 31.5 ] },
												"east": { "texture": "#dynastyhead", "uv": [ 46.5, 30.0, 48.5, 31.5 ] },
												"south": { "texture": "#dynastyhead", "uv": [ 48.5, 30.0, 49.0, 31.5 ] },
												"west": { "texture": "#dynastyhead", "uv": [ 49.0, 30.0, 51.0, 31.5 ] },
												"up": { "texture": "#dynastyhead", "uv": [ 46.0, 28.0, 46.5, 30.0 ] },
												"down": { "texture": "#dynastyhead", "uv": [ 46.5, 28.0, 47.0, 30.0 ] }
											},
											"children": [
												{
													"name": "Visor8",
													"from": [ 0.0, 0.0139, 2.3 ],
													"to": [ 0.5, 1.5139, 4.35 ],
													"uv": [ 46.0, 28.0 ],
													"rotationOrigin": [ -0.001, 0.0139, 2.42 ],
													"rotationY": 24.0,
													"faces": {
														"north": { "texture": "#dynastyhead", "uv": [ 46.0, 30.0, 46.5, 31.5 ] },
														"east": { "texture": "#dynastyhead", "uv": [ 46.5, 30.0, 48.5, 31.5 ] },
														"south": { "texture": "#dynastyhead", "uv": [ 48.5, 30.0, 49.0, 31.5 ] },
														"west": { "texture": "#dynastyhead", "uv": [ 49.0, 30.0, 51.0, 31.5 ] },
														"up": { "texture": "#dynastyhead", "uv": [ 46.0, 28.0, 46.5, 30.0 ] },
														"down": { "texture": "#dynastyhead", "uv": [ 46.5, 28.0, 47.0, 30.0 ] }
													}
												},
												{
													"name": "SideheadR",
													"from": [ 0.57, -3.15, -1.3 ],
													"to": [ 1.37, 0.35, 3.3 ],
													"uv": [ 37.5, 9.0 ],
													"rotationOrigin": [ 1.4724, -3.1536, 3.3 ],
													"rotationX": 19.0,
													"rotationY": 4.0,
													"faces": {
														"north": { "texture": "#dynastyhead", "uv": [ 37.5, 13.5, 38.0, 17.0 ] },
														"east": { "texture": "#dynastyhead", "uv": [ 38.0, 13.5, 42.5, 17.0 ] },
														"south": { "texture": "#dynastyhead", "uv": [ 42.5, 13.5, 43.0, 17.0 ] },
														"west": { "texture": "#dynastyhead", "uv": [ 43.0, 13.5, 47.5, 17.0 ] },
														"up": { "texture": "#dynastyhead", "uv": [ 37.5, 9.0, 38.0, 13.5 ] },
														"down": { "texture": "#dynastyhead", "uv": [ 38.0, 9.0, 38.5, 13.5 ] }
													},
													"children": [
														{
															"name": "SideheadR1",
															"from": [ -0.1, 0.4, 4.5 ],
															"to": [ 0.5, 1.6, 5.2 ],
															"uv": [ 11.0, 21.0 ],
															"rotationOrigin": [ -0.1, 0.4, 4.5 ],
															"rotationX": -18.0,
															"rotationY": -1.0,
															"faces": {
																"north": { "texture": "#plume", "uv": [ 11.0, 21.5, 11.5, 22.5 ] },
																"east": { "texture": "#plume", "uv": [ 11.5, 21.5, 12.0, 22.5 ] },
																"south": { "texture": "#plume", "uv": [ 12.0, 21.5, 12.5, 22.5 ] },
																"west": { "texture": "#plume", "uv": [ 12.5, 21.5, 13.0, 22.5 ] },
																"up": { "texture": "#plume", "uv": [ 11.0, 21.0, 11.5, 21.5 ] },
																"down": { "texture": "#plume", "uv": [ 11.5, 21.0, 12.0, 21.5 ] }
															},
															"children": [
																{
																	"name": "PlumeSidehead4",
																	"from": [ -0.1078, -1.5943, 0.2264 ],
																	"to": [ 0.4922, 0.1057, 0.9264 ],
																	"uv": [ 8.0, 59.5 ],
																	"rotationOrigin": [ -0.1107, -1.591, 0.2244 ],
																	"rotationX": -8.3293,
																	"rotationY": 12.1979,
																	"rotationZ": -1.0116,
																	"faces": {
																		"north": { "texture": "#plume", "uv": [ 8.0, 60.0, 8.5, 61.5 ] },
																		"east": { "texture": "#plume", "uv": [ 8.5, 60.0, 9.0, 61.5 ] },
																		"south": { "texture": "#plume", "uv": [ 9.0, 60.0, 9.5, 61.5 ] },
																		"west": { "texture": "#plume", "uv": [ 9.5, 60.0, 10.0, 61.5 ] },
																		"up": { "texture": "#plume", "uv": [ 8.0, 59.5, 8.5, 60.0 ] },
																		"down": { "texture": "#plume", "uv": [ 8.5, 59.5, 9.0, 60.0 ] }
																	},
																	"children": [
																		{
																			"name": "PlumeSidehead5",
																			"from": [ 0.1685, -1.2597, -0.2544 ],
																			"to": [ 0.8685, 0.4403, 0.8456 ],
																			"uv": [ 7.5, 59.0 ],
																			"rotationOrigin": [ 0.1685, -1.2597, -0.2544 ],
																			"rotationX": 2.9627,
																			"rotationY": -6.9661,
																			"rotationZ": 7.3266,
																			"faces": {
																				"north": { "texture": "#plume", "uv": [ 7.5, 60.0, 8.0, 61.5 ] },
																				"east": { "texture": "#plume", "uv": [ 8.0, 60.0, 9.0, 61.5 ] },
																				"south": { "texture": "#plume", "uv": [ 9.0, 60.0, 9.5, 61.5 ] },
																				"west": { "texture": "#plume", "uv": [ 9.5, 60.0, 10.5, 61.5 ] },
																				"up": { "texture": "#plume", "uv": [ 7.5, 59.0, 8.0, 60.0 ] },
																				"down": { "texture": "#plume", "uv": [ 8.0, 59.0, 8.5, 60.0 ] }
																			}
																		},
																		{
																			"name": "PlumeSidehead6",
																			"from": [ 0.359, -2.0922, 0.0631 ],
																			"to": [ 0.859, -1.1922, 0.4631 ],
																			"uv": [ 0.0, 9.0 ],
																			"rotationOrigin": [ 0.359, -2.0922, 0.0631 ],
																			"rotationX": 2.9627,
																			"rotationY": -6.9661,
																			"rotationZ": 7.3266,
																			"faces": {
																				"north": { "texture": "#plume", "uv": [ 0.0, 9.5, 0.5, 10.0 ] },
																				"east": { "texture": "#plume", "uv": [ 0.5, 9.5, 1.0, 10.0 ] },
																				"south": { "texture": "#plume", "uv": [ 1.0, 9.5, 1.5, 10.0 ] },
																				"west": { "texture": "#plume", "uv": [ 1.5, 9.5, 2.0, 10.0 ] },
																				"up": { "texture": "#plume", "uv": [ 0.0, 9.0, 0.5, 9.5 ] },
																				"down": { "texture": "#plume", "uv": [ 0.5, 9.0, 1.0, 9.5 ] }
																			}
																		}
																	]
																}
															]
														}
													]
												},
												{
													"name": "SideheadR2",
													"from": [ 0.67, -4.1, -1.1 ],
													"to": [ 1.37, 0.4, 3.0 ],
													"uv": [ 38.5, 8.5 ],
													"rotationOrigin": [ 1.5724, -4.1536, 3.5 ],
													"rotationY": 2.0,
													"faces": {
														"north": { "texture": "#dynastyhead", "uv": [ 38.5, 12.5, 39.0, 17.0 ] },
														"east": { "texture": "#dynastyhead", "uv": [ 39.0, 12.5, 43.0, 17.0 ] },
														"south": { "texture": "#dynastyhead", "uv": [ 43.0, 12.5, 43.5, 17.0 ] },
														"west": { "texture": "#dynastyhead", "uv": [ 43.5, 12.5, 47.5, 17.0 ] },
														"up": { "texture": "#dynastyhead", "uv": [ 38.5, 8.5, 39.0, 12.5 ] },
														"down": { "texture": "#dynastyhead", "uv": [ 39.0, 8.5, 39.5, 12.5 ] }
													},
													"children": [
														{
															"name": "Cube13",
															"from": [ 0.3, 0.0, 3.6 ],
															"to": [ 0.7, 1.0, 5.4 ],
															"uv": [ 40.0, 9.5 ],
															"rotationOrigin": [ 0.3, 0.0, 3.6 ],
															"rotationZ": -11.0,
															"faces": {
																"north": { "texture": "#dynastyhead", "uv": [ 40.0, 11.0, 40.5, 12.0 ] },
																"east": { "texture": "#dynastyhead", "uv": [ 40.5, 11.0, 42.0, 12.0 ] },
																"south": { "texture": "#dynastyhead", "uv": [ 42.0, 11.0, 42.5, 12.0 ] },
																"west": { "texture": "#dynastyhead", "uv": [ 42.5, 11.0, 44.0, 12.0 ] },
																"up": { "texture": "#dynastyhead", "uv": [ 40.0, 9.5, 40.5, 11.0 ] },
																"down": { "texture": "#dynastyhead", "uv": [ 40.5, 9.5, 41.0, 11.0 ] }
															}
														},
														{
															"name": "Cube14",
															"from": [ 0.3, 1.0, 3.5 ],
															"to": [ 0.7, 2.0, 5.3 ],
															"uv": [ 40.0, 9.5 ],
															"rotationOrigin": [ 0.3, 1.0, 3.5 ],
															"rotationZ": -11.0,
															"faces": {
																"north": { "texture": "#dynastyhead", "uv": [ 40.0, 11.0, 40.5, 12.0 ] },
																"east": { "texture": "#dynastyhead", "uv": [ 40.5, 11.0, 42.0, 12.0 ] },
																"south": { "texture": "#dynastyhead", "uv": [ 42.0, 11.0, 42.5, 12.0 ] },
																"west": { "texture": "#dynastyhead", "uv": [ 42.5, 11.0, 44.0, 12.0 ] },
																"up": { "texture": "#dynastyhead", "uv": [ 40.0, 9.5, 40.5, 11.0 ] },
																"down": { "texture": "#dynastyhead", "uv": [ 40.5, 9.5, 41.0, 11.0 ] }
															}
														},
														{
															"name": "Cube15",
															"from": [ 0.3, 2.0, 3.5 ],
															"to": [ 0.7, 3.0, 5.3 ],
															"uv": [ 40.0, 9.5 ],
															"rotationOrigin": [ 0.3, 2.0, 3.5 ],
															"rotationZ": -11.0,
															"faces": {
																"north": { "texture": "#dynastyhead", "uv": [ 40.0, 11.0, 40.5, 12.0 ] },
																"east": { "texture": "#dynastyhead", "uv": [ 40.5, 11.0, 42.0, 12.0 ] },
																"south": { "texture": "#dynastyhead", "uv": [ 42.0, 11.0, 42.5, 12.0 ] },
																"west": { "texture": "#dynastyhead", "uv": [ 42.5, 11.0, 44.0, 12.0 ] },
																"up": { "texture": "#dynastyhead", "uv": [ 40.0, 9.5, 40.5, 11.0 ] },
																"down": { "texture": "#dynastyhead", "uv": [ 40.5, 9.5, 41.0, 11.0 ] }
															}
														}
													]
												}
											]
										}
									]
								}
							]
						},
						{
							"name": "ArmorHelmetTop4",
							"from": [ 0.0, 0.0, 0.0 ],
							"to": [ 0.0, 0.0, 0.0 ],
							"unwrapMode": 4,
							"autoUnwrap": false,
							"uv": [ 23.5, 7.5 ],
							"rotationOrigin": [ 0.0, 0.0, 0.0 ],
							"rotationY": 180.0,
							"faces": {
								"north": { "texture": "#dynastyhead", "uv": [ 39.5, 21.5, 40.0, 22.0 ], "windMode": [-1,-1,-1,-1], "windData": [1,1,1,1] },
								"east": { "texture": "#dynastyhead", "uv": [ 33.5, 14.0, 34.0, 14.5 ], "windMode": [-1,-1,-1,-1], "windData": [1,1,1,1] },
								"south": { "texture": "#dynastyhead", "uv": [ 39.5, 21.5, 40.0, 22.0 ], "windMode": [-1,-1,-1,-1], "windData": [1,1,1,1] },
								"west": { "texture": "#dynastyhead", "uv": [ 33.5, 19.5, 34.0, 20.0 ], "windMode": [-1,-1,-1,-1], "windData": [1,1,1,1] },
								"up": { "texture": "#dynastyhead", "uv": [ 33.5, 15.0, 34.0, 15.5 ], "rotation": 90, "windMode": [-1,-1,-1,-1], "windData": [1,1,1,1] }
							},
							"children": [
								{
									"name": "Visorcentre4",
									"from": [ 0.0, 0.0, 0.0 ],
									"to": [ 0.0, 0.0, 0.0 ],
									"unwrapMode": 4,
									"autoUnwrap": false,
									"uv": [ 23.5, 7.5 ],
									"faces": {
										"north": { "texture": "#dynastyhead", "uv": [ 39.5, 22.0, 40.0, 22.5 ], "windMode": [-1,-1,-1,-1], "windData": [1,1,1,1] },
										"east": { "texture": "#dynastyhead", "uv": [ 33.5, 14.0, 34.0, 14.5 ], "windMode": [-1,-1,-1,-1], "windData": [1,1,1,1] },
										"south": { "texture": "#dynastyhead", "uv": [ 39.5, 22.0, 40.0, 22.5 ], "windMode": [-1,-1,-1,-1], "windData": [1,1,1,1] },
										"west": { "texture": "#dynastyhead", "uv": [ 33.5, 19.5, 34.0, 20.0 ], "windMode": [-1,-1,-1,-1], "windData": [1,1,1,1] },
										"up": { "texture": "#dynastyhead", "uv": [ 33.5, 15.0, 34.0, 15.5 ], "rotation": 90, "windMode": [-1,-1,-1,-1], "windData": [1,1,1,1] }
									},
									"children": [
										{
											"name": "Visor10",
											"from": [ -3.8, -0.7, -1.25 ],
											"to": [ -3.3, 0.8, 1.17 ],
											"uv": [ 55.0, 23.0 ],
											"rotationOrigin": [ -3.8, -0.7, -1.25 ],
											"rotationZ": -5.0,
											"faces": {
												"north": { "texture": "#dynastyhead", "uv": [ 55.0, 25.0, 55.5, 26.5 ] },
												"east": { "texture": "#dynastyhead", "uv": [ 55.5, 25.0, 57.5, 26.5 ] },
												"south": { "texture": "#dynastyhead", "uv": [ 57.5, 25.0, 58.0, 26.5 ] },
												"west": { "texture": "#dynastyhead", "uv": [ 58.0, 25.0, 60.0, 26.5 ] },
												"up": { "texture": "#dynastyhead", "uv": [ 55.0, 23.0, 55.5, 25.0 ] },
												"down": { "texture": "#dynastyhead", "uv": [ 55.5, 23.0, 56.0, 25.0 ] }
											},
											"children": [
												{
													"name": "Visor11",
													"from": [ 0.0, 0.0139, 2.3 ],
													"to": [ 0.5, 1.5139, 4.35 ],
													"uv": [ 55.0, 19.0 ],
													"rotationOrigin": [ -0.001, 0.0139, 2.42 ],
													"rotationY": 24.0,
													"faces": {
														"north": { "texture": "#dynastyhead", "uv": [ 55.0, 21.0, 55.5, 22.5 ] },
														"east": { "texture": "#dynastyhead", "uv": [ 55.5, 21.0, 57.5, 22.5 ] },
														"south": { "texture": "#dynastyhead", "uv": [ 57.5, 21.0, 58.0, 22.5 ] },
														"west": { "texture": "#dynastyhead", "uv": [ 58.0, 21.0, 60.0, 22.5 ] },
														"up": { "texture": "#dynastyhead", "uv": [ 55.0, 19.0, 55.5, 21.0 ] },
														"down": { "texture": "#dynastyhead", "uv": [ 55.5, 19.0, 56.0, 21.0 ] }
													}
												},
												{
													"name": "Visor12",
													"from": [ 0.0, 0.0139, -1.9 ],
													"to": [ 0.5, 1.5139, 0.15 ],
													"uv": [ 55.0, 19.0 ],
													"rotationOrigin": [ -0.001, 0.0139, 0.02 ],
													"rotationY": -24.0,
													"faces": {
														"north": { "texture": "#dynastyhead", "uv": [ 55.0, 21.0, 55.5, 22.5 ] },
														"east": { "texture": "#dynastyhead", "uv": [ 55.5, 21.0, 57.5, 22.5 ] },
														"south": { "texture": "#dynastyhead", "uv": [ 57.5, 21.0, 58.0, 22.5 ] },
														"west": { "texture": "#dynastyhead", "uv": [ 58.0, 21.0, 60.0, 22.5 ] },
														"up": { "texture": "#dynastyhead", "uv": [ 55.0, 19.0, 55.5, 21.0 ] },
														"down": { "texture": "#dynastyhead", "uv": [ 55.5, 19.0, 56.0, 21.0 ] }
													}
												}
											]
										},
										{
											"name": "Visor13",
											"from": [ -3.9, -1.8, -1.25 ],
											"to": [ -3.4, -0.5, 1.17 ],
											"uv": [ 55.0, 19.5 ],
											"rotationOrigin": [ -3.9, -1.8, -1.25 ],
											"rotationZ": -9.0,
											"faces": {
												"north": { "texture": "#dynastyhead", "uv": [ 55.0, 21.5, 55.5, 22.5 ] },
												"east": { "texture": "#dynastyhead", "uv": [ 55.5, 21.5, 57.5, 22.5 ] },
												"south": { "texture": "#dynastyhead", "uv": [ 57.5, 21.5, 58.0, 22.5 ] },
												"west": { "texture": "#dynastyhead", "uv": [ 58.0, 21.5, 60.0, 22.5 ] },
												"up": { "texture": "#dynastyhead", "uv": [ 55.0, 19.5, 55.5, 21.5 ] },
												"down": { "texture": "#dynastyhead", "uv": [ 55.5, 19.5, 56.0, 21.5 ] }
											},
											"children": [
												{
													"name": "Visor14",
													"from": [ 0.0, 0.0139, 2.3 ],
													"to": [ 0.5, 1.3139, 4.65 ],
													"uv": [ 55.0, 22.5 ],
													"rotationOrigin": [ -0.001, 0.0139, 2.42 ],
													"rotationY": 24.0,
													"faces": {
														"north": { "texture": "#dynastyhead", "uv": [ 55.0, 24.5, 55.5, 25.5 ] },
														"east": { "texture": "#dynastyhead", "uv": [ 55.5, 24.5, 57.5, 25.5 ] },
														"south": { "texture": "#dynastyhead", "uv": [ 57.5, 24.5, 58.0, 25.5 ] },
														"west": { "texture": "#dynastyhead", "uv": [ 58.0, 24.5, 60.0, 25.5 ] },
														"up": { "texture": "#dynastyhead", "uv": [ 55.0, 22.5, 55.5, 24.5 ] },
														"down": { "texture": "#dynastyhead", "uv": [ 55.5, 22.5, 56.0, 24.5 ] }
													}
												},
												{
													"name": "Visor15",
													"from": [ 0.0, 0.0139, -2.2 ],
													"to": [ 0.5, 1.3139, 0.15 ],
													"uv": [ 55.0, 22.5 ],
													"rotationOrigin": [ -0.001, 0.0139, 0.02 ],
													"rotationY": -24.0,
													"faces": {
														"north": { "texture": "#dynastyhead", "uv": [ 55.0, 24.5, 55.5, 25.5 ] },
														"east": { "texture": "#dynastyhead", "uv": [ 55.5, 24.5, 57.5, 25.5 ] },
														"south": { "texture": "#dynastyhead", "uv": [ 57.5, 24.5, 58.0, 25.5 ] },
														"west": { "texture": "#dynastyhead", "uv": [ 58.0, 24.5, 60.0, 25.5 ] },
														"up": { "texture": "#dynastyhead", "uv": [ 55.0, 22.5, 55.5, 24.5 ] },
														"down": { "texture": "#dynastyhead", "uv": [ 55.5, 22.5, 56.0, 24.5 ] }
													}
												}
											]
										},
										{
											"name": "Visor16",
											"from": [ -3.9, -2.8, -1.25 ],
											"to": [ -3.4, -1.5, 1.17 ],
											"uv": [ 55.0, 19.5 ],
											"rotationOrigin": [ -3.9, -2.8, -1.25 ],
											"rotationZ": -9.0,
											"faces": {
												"north": { "texture": "#dynastyhead", "uv": [ 55.0, 21.5, 55.5, 22.5 ] },
												"east": { "texture": "#dynastyhead", "uv": [ 55.5, 21.5, 57.5, 22.5 ] },
												"south": { "texture": "#dynastyhead", "uv": [ 57.5, 21.5, 58.0, 22.5 ] },
												"west": { "texture": "#dynastyhead", "uv": [ 58.0, 21.5, 60.0, 22.5 ] },
												"up": { "texture": "#dynastyhead", "uv": [ 55.0, 19.5, 55.5, 21.5 ] },
												"down": { "texture": "#dynastyhead", "uv": [ 55.5, 19.5, 56.0, 21.5 ] }
											},
											"children": [
												{
													"name": "Visor17",
													"from": [ 0.0, 0.0139, 2.3 ],
													"to": [ 0.5, 1.3139, 4.75 ],
													"uv": [ 55.0, 22.5 ],
													"rotationOrigin": [ -0.001, 0.0139, 2.42 ],
													"rotationY": 24.0,
													"faces": {
														"north": { "texture": "#dynastyhead", "uv": [ 55.0, 24.5, 55.5, 25.5 ] },
														"east": { "texture": "#dynastyhead", "uv": [ 55.5, 24.5, 57.5, 25.5 ] },
														"south": { "texture": "#dynastyhead", "uv": [ 57.5, 24.5, 58.0, 25.5 ] },
														"west": { "texture": "#dynastyhead", "uv": [ 58.0, 24.5, 60.0, 25.5 ] },
														"up": { "texture": "#dynastyhead", "uv": [ 55.0, 22.5, 55.5, 24.5 ] },
														"down": { "texture": "#dynastyhead", "uv": [ 55.5, 22.5, 56.0, 24.5 ] }
													}
												},
												{
													"name": "Visor18",
													"from": [ 0.0, 0.0139, -2.3 ],
													"to": [ 0.5, 1.3139, 0.15 ],
													"uv": [ 55.0, 22.5 ],
													"rotationOrigin": [ -0.001, 0.0139, 0.02 ],
													"rotationY": -24.0,
													"faces": {
														"north": { "texture": "#dynastyhead", "uv": [ 55.0, 24.5, 55.5, 25.5 ] },
														"east": { "texture": "#dynastyhead", "uv": [ 55.5, 24.5, 57.5, 25.5 ] },
														"south": { "texture": "#dynastyhead", "uv": [ 57.5, 24.5, 58.0, 25.5 ] },
														"west": { "texture": "#dynastyhead", "uv": [ 58.0, 24.5, 60.0, 25.5 ] },
														"up": { "texture": "#dynastyhead", "uv": [ 55.0, 22.5, 55.5, 24.5 ] },
														"down": { "texture": "#dynastyhead", "uv": [ 55.5, 22.5, 56.0, 24.5 ] }
													}
												}
											]
										},
										{
											"name": "Visor19",
											"from": [ -3.9, -3.8, -1.25 ],
											"to": [ -3.4, -2.5, 1.17 ],
											"uv": [ 55.0, 19.5 ],
											"rotationOrigin": [ -3.9, -3.8, -1.25 ],
											"rotationZ": -9.0,
											"faces": {
												"north": { "texture": "#dynastyhead", "uv": [ 55.0, 21.5, 55.5, 22.5 ] },
												"east": { "texture": "#dynastyhead", "uv": [ 55.5, 21.5, 57.5, 22.5 ] },
												"south": { "texture": "#dynastyhead", "uv": [ 57.5, 21.5, 58.0, 22.5 ] },
												"west": { "texture": "#dynastyhead", "uv": [ 58.0, 21.5, 60.0, 22.5 ] },
												"up": { "texture": "#dynastyhead", "uv": [ 55.0, 19.5, 55.5, 21.5 ] },
												"down": { "texture": "#dynastyhead", "uv": [ 55.5, 19.5, 56.0, 21.5 ] }
											},
											"children": [
												{
													"name": "Visor20",
													"from": [ 0.0, 0.0139, 2.3 ],
													"to": [ 0.5, 1.3139, 4.95 ],
													"uv": [ 55.0, 26.0 ],
													"rotationOrigin": [ -0.001, 0.0139, 2.42 ],
													"rotationY": 24.0,
													"faces": {
														"north": { "texture": "#dynastyhead", "uv": [ 55.0, 28.5, 55.5, 29.5 ] },
														"east": { "texture": "#dynastyhead", "uv": [ 55.5, 28.5, 58.0, 29.5 ] },
														"south": { "texture": "#dynastyhead", "uv": [ 58.0, 28.5, 58.5, 29.5 ] },
														"west": { "texture": "#dynastyhead", "uv": [ 58.5, 28.5, 61.0, 29.5 ] },
														"up": { "texture": "#dynastyhead", "uv": [ 55.0, 26.0, 55.5, 28.5 ] },
														"down": { "texture": "#dynastyhead", "uv": [ 55.5, 26.0, 56.0, 28.5 ] }
													}
												},
												{
													"name": "Visor21",
													"from": [ 0.0, 0.0139, -2.5 ],
													"to": [ 0.5, 1.3139, 0.15 ],
													"uv": [ 55.0, 26.0 ],
													"rotationOrigin": [ -0.001, 0.0139, 0.02 ],
													"rotationY": -24.0,
													"faces": {
														"north": { "texture": "#dynastyhead", "uv": [ 55.0, 28.5, 55.5, 29.5 ] },
														"east": { "texture": "#dynastyhead", "uv": [ 55.5, 28.5, 58.0, 29.5 ] },
														"south": { "texture": "#dynastyhead", "uv": [ 58.0, 28.5, 58.5, 29.5 ] },
														"west": { "texture": "#dynastyhead", "uv": [ 58.5, 28.5, 61.0, 29.5 ] },
														"up": { "texture": "#dynastyhead", "uv": [ 55.0, 26.0, 55.5, 28.5 ] },
														"down": { "texture": "#dynastyhead", "uv": [ 55.5, 26.0, 56.0, 28.5 ] }
													}
												}
											]
										},
										{
											"name": "Visor22",
											"from": [ -3.9, -4.8, -1.25 ],
											"to": [ -3.4, -3.5, 1.17 ],
											"uv": [ 55.0, 19.5 ],
											"rotationOrigin": [ -3.9, -4.8, -1.25 ],
											"rotationZ": -9.0,
											"faces": {
												"north": { "texture": "#dynastyhead", "uv": [ 55.0, 21.5, 55.5, 22.5 ] },
												"east": { "texture": "#dynastyhead", "uv": [ 55.5, 21.5, 57.5, 22.5 ] },
												"south": { "texture": "#dynastyhead", "uv": [ 57.5, 21.5, 58.0, 22.5 ] },
												"west": { "texture": "#dynastyhead", "uv": [ 58.0, 21.5, 60.0, 22.5 ] },
												"up": { "texture": "#dynastyhead", "uv": [ 55.0, 19.5, 55.5, 21.5 ] },
												"down": { "texture": "#dynastyhead", "uv": [ 55.5, 19.5, 56.0, 21.5 ] }
											},
											"children": [
												{
													"name": "Visor23",
													"from": [ 0.0, 0.0139, 2.3 ],
													"to": [ 0.5, 1.3139, 4.95 ],
													"uv": [ 55.0, 26.0 ],
													"rotationOrigin": [ -0.001, 0.0139, 2.42 ],
													"rotationY": 24.0,
													"faces": {
														"north": { "texture": "#dynastyhead", "uv": [ 55.0, 28.5, 55.5, 29.5 ] },
														"east": { "texture": "#dynastyhead", "uv": [ 55.5, 28.5, 58.0, 29.5 ] },
														"south": { "texture": "#dynastyhead", "uv": [ 58.0, 28.5, 58.5, 29.5 ] },
														"west": { "texture": "#dynastyhead", "uv": [ 58.5, 28.5, 61.0, 29.5 ] },
														"up": { "texture": "#dynastyhead", "uv": [ 55.0, 26.0, 55.5, 28.5 ] },
														"down": { "texture": "#dynastyhead", "uv": [ 55.5, 26.0, 56.0, 28.5 ] }
													}
												},
												{
													"name": "Visor24",
													"from": [ 0.0, 0.0139, -2.5 ],
													"to": [ 0.5, 1.3139, 0.15 ],
													"uv": [ 55.0, 26.0 ],
													"rotationOrigin": [ -0.001, 0.0139, 0.02 ],
													"rotationY": -24.0,
													"faces": {
														"north": { "texture": "#dynastyhead", "uv": [ 55.0, 28.5, 55.5, 29.5 ] },
														"east": { "texture": "#dynastyhead", "uv": [ 55.5, 28.5, 58.0, 29.5 ] },
														"south": { "texture": "#dynastyhead", "uv": [ 58.0, 28.5, 58.5, 29.5 ] },
														"west": { "texture": "#dynastyhead", "uv": [ 58.5, 28.5, 61.0, 29.5 ] },
														"up": { "texture": "#dynastyhead", "uv": [ 55.0, 26.0, 55.5, 28.5 ] },
														"down": { "texture": "#dynastyhead", "uv": [ 55.5, 26.0, 56.0, 28.5 ] }
													}
												}
											]
										}
									]
								}
							]
						},
						{
							"name": "Visor25",
							"from": [ 3.3, 0.8, 2.25 ],
							"to": [ 3.8, 1.8, 6.67 ],
							"uv": [ 46.0, 29.0 ],
							"rotationOrigin": [ 3.3, 0.8, 2.25 ],
							"rotationX": 180.0,
							"rotationZ": 162.0,
							"faces": {
								"north": { "texture": "#dynastyhead", "uv": [ 46.0, 33.0, 46.5, 34.0 ] },
								"east": { "texture": "#dynastyhead", "uv": [ 46.5, 33.0, 50.5, 34.0 ] },
								"south": { "texture": "#dynastyhead", "uv": [ 50.5, 33.0, 51.0, 34.0 ] },
								"west": { "texture": "#dynastyhead", "uv": [ 51.0, 33.0, 55.0, 34.0 ] },
								"up": { "texture": "#dynastyhead", "uv": [ 46.0, 29.0, 46.5, 33.0 ] },
								"down": { "texture": "#dynastyhead", "uv": [ 46.5, 29.0, 47.0, 33.0 ] }
							}
						}
					]
				},
				{
					"name": "FrontFaceguard1",
					"from": [ 0.1, 3.3, 0.3 ],
					"to": [ 1.1, 4.1, 5.9 ],
					"uv": [ 29.0, 18.0 ],
					"rotationOrigin": [ 0.1, 3.3, 0.3 ],
					"faces": {
						"north": { "texture": "#dynastyhead", "uv": [ 29.0, 23.5, 30.0, 24.0 ] },
						"east": { "texture": "#dynastyhead", "uv": [ 30.0, 23.5, 35.5, 24.0 ] },
						"south": { "texture": "#dynastyhead", "uv": [ 35.5, 23.5, 36.5, 24.0 ] },
						"west": { "texture": "#dynastyhead", "uv": [ 36.5, 23.5, 42.0, 24.0 ] },
						"up": { "texture": "#dynastyhead", "uv": [ 29.0, 18.0, 30.0, 23.5 ] },
						"down": { "texture": "#dynastyhead", "uv": [ 30.0, 18.0, 31.0, 23.5 ] }
					},
					"children": [
						{
							"name": "FrontFaceguard2",
							"from": [ -0.1, -1.2, 2.55 ],
							"to": [ 0.2, 0.3, 3.05 ],
							"uv": [ 29.0, 19.0 ],
							"rotationOrigin": [ -0.1, -1.2, 2.55 ],
							"faces": {
								"north": { "texture": "#dynastyhead", "uv": [ 29.0, 19.5, 29.5, 21.0 ] },
								"east": { "texture": "#dynastyhead", "uv": [ 29.5, 19.5, 30.0, 21.0 ] },
								"south": { "texture": "#dynastyhead", "uv": [ 30.0, 19.5, 30.5, 21.0 ] },
								"west": { "texture": "#dynastyhead", "uv": [ 30.5, 19.5, 31.0, 21.0 ] },
								"up": { "texture": "#dynastyhead", "uv": [ 29.0, 19.0, 29.5, 19.5 ] },
								"down": { "texture": "#dynastyhead", "uv": [ 29.5, 19.0, 30.0, 19.5 ] }
							}
						},
						{
							"name": "FrontFaceguard3",
							"from": [ -0.09, -0.9, 2.45 ],
							"to": [ 0.21, 0.6, 3.05 ],
							"uv": [ 33.0, 19.0 ],
							"rotationOrigin": [ -0.1, -0.9, 3.05 ],
							"rotationX": 35.0,
							"faces": {
								"north": { "texture": "#dynastyhead", "uv": [ 33.0, 19.5, 33.5, 21.0 ] },
								"east": { "texture": "#dynastyhead", "uv": [ 33.5, 19.5, 34.0, 21.0 ] },
								"south": { "texture": "#dynastyhead", "uv": [ 34.0, 19.5, 34.5, 21.0 ] },
								"west": { "texture": "#dynastyhead", "uv": [ 34.5, 19.5, 35.0, 21.0 ] },
								"up": { "texture": "#dynastyhead", "uv": [ 33.0, 19.0, 33.5, 19.5 ] },
								"down": { "texture": "#dynastyhead", "uv": [ 33.5, 19.0, 34.0, 19.5 ] }
							}
						},
						{
							"name": "FrontFaceguard4",
							"from": [ -0.09, -0.9, 2.55 ],
							"to": [ 0.21, 0.6, 3.15 ],
							"uv": [ 35.0, 19.0 ],
							"rotationOrigin": [ -0.1, -0.9, 2.55 ],
							"rotationX": -35.0,
							"faces": {
								"north": { "texture": "#dynastyhead", "uv": [ 35.0, 19.5, 35.5, 21.0 ] },
								"east": { "texture": "#dynastyhead", "uv": [ 35.5, 19.5, 36.0, 21.0 ] },
								"south": { "texture": "#dynastyhead", "uv": [ 36.0, 19.5, 36.5, 21.0 ] },
								"west": { "texture": "#dynastyhead", "uv": [ 36.5, 19.5, 37.0, 21.0 ] },
								"up": { "texture": "#dynastyhead", "uv": [ 35.0, 19.0, 35.5, 19.5 ] },
								"down": { "texture": "#dynastyhead", "uv": [ 35.5, 19.0, 36.0, 19.5 ] }
							}
						},
						{
							"name": "FrontFaceguard5",
							"from": [ -0.06, -3.3, 5.05 ],
							"to": [ 0.54, 0.1, 5.55 ],
							"uv": [ 29.0, 19.0 ],
							"rotationOrigin": [ -0.1, -3.3, 5.05 ],
							"faces": {
								"north": { "texture": "#dynastyhead", "uv": [ 29.0, 19.5, 29.5, 22.5 ] },
								"east": { "texture": "#dynastyhead", "uv": [ 29.5, 19.5, 30.0, 22.5 ] },
								"south": { "texture": "#dynastyhead", "uv": [ 30.0, 19.5, 30.5, 22.5 ] },
								"west": { "texture": "#dynastyhead", "uv": [ 30.5, 19.5, 31.0, 22.5 ] },
								"up": { "texture": "#dynastyhead", "uv": [ 29.0, 19.0, 29.5, 19.5 ] },
								"down": { "texture": "#dynastyhead", "uv": [ 29.5, 19.0, 30.0, 19.5 ] }
							}
						},
						{
							"name": "FrontFaceguard6",
							"from": [ -0.05, -0.9, 5.15 ],
							"to": [ 0.25, 0.6, 5.65 ],
							"uv": [ 29.0, 19.0 ],
							"rotationOrigin": [ -0.1, -0.9, 5.15 ],
							"rotationX": -35.0,
							"faces": {
								"north": { "texture": "#dynastyhead", "uv": [ 29.0, 19.5, 29.5, 21.0 ] },
								"east": { "texture": "#dynastyhead", "uv": [ 29.5, 19.5, 30.0, 21.0 ] },
								"south": { "texture": "#dynastyhead", "uv": [ 30.0, 19.5, 30.5, 21.0 ] },
								"west": { "texture": "#dynastyhead", "uv": [ 30.5, 19.5, 31.0, 21.0 ] },
								"up": { "texture": "#dynastyhead", "uv": [ 29.0, 19.0, 29.5, 19.5 ] },
								"down": { "texture": "#dynastyhead", "uv": [ 29.5, 19.0, 30.0, 19.5 ] }
							}
						},
						{
							"name": "FrontFaceguard7",
							"from": [ -0.06, -3.3, 0.05 ],
							"to": [ 0.54, 0.1, 0.55 ],
							"uv": [ 31.0, 19.0 ],
							"rotationOrigin": [ -0.1, -3.3, 0.05 ],
							"faces": {
								"north": { "texture": "#dynastyhead", "uv": [ 31.0, 19.5, 31.5, 22.5 ] },
								"east": { "texture": "#dynastyhead", "uv": [ 31.5, 19.5, 32.0, 22.5 ] },
								"south": { "texture": "#dynastyhead", "uv": [ 32.0, 19.5, 32.5, 22.5 ] },
								"west": { "texture": "#dynastyhead", "uv": [ 32.5, 19.5, 33.0, 22.5 ] },
								"up": { "texture": "#dynastyhead", "uv": [ 31.0, 19.0, 31.5, 19.5 ] },
								"down": { "texture": "#dynastyhead", "uv": [ 31.5, 19.0, 32.0, 19.5 ] }
							}
						},
						{
							"name": "FrontFaceguard8",
							"from": [ -0.05, -0.9, -0.05 ],
							"to": [ 0.25, 0.6, 0.45 ],
							"uv": [ 29.0, 19.0 ],
							"rotationOrigin": [ 0.0, -0.9, 0.45 ],
							"rotationX": 35.0,
							"faces": {
								"north": { "texture": "#dynastyhead", "uv": [ 29.0, 19.5, 29.5, 21.0 ] },
								"east": { "texture": "#dynastyhead", "uv": [ 29.5, 19.5, 30.0, 21.0 ] },
								"south": { "texture": "#dynastyhead", "uv": [ 30.0, 19.5, 30.5, 21.0 ] },
								"west": { "texture": "#dynastyhead", "uv": [ 30.5, 19.5, 31.0, 21.0 ] },
								"up": { "texture": "#dynastyhead", "uv": [ 29.0, 19.0, 29.5, 19.5 ] },
								"down": { "texture": "#dynastyhead", "uv": [ 29.5, 19.0, 30.0, 19.5 ] }
							}
						},
						{
							"name": "FrontFaceguard9",
							"from": [ -0.09, -3.9, 4.05 ],
							"to": [ 0.61, -2.4, 4.65 ],
							"uv": [ 37.0, 18.0 ],
							"rotationOrigin": [ -0.1, -3.9, 4.65 ],
							"rotationX": 35.0,
							"faces": {
								"north": { "texture": "#dynastyhead", "uv": [ 37.0, 18.5, 37.5, 20.0 ] },
								"east": { "texture": "#dynastyhead", "uv": [ 37.5, 18.5, 38.0, 20.0 ] },
								"south": { "texture": "#dynastyhead", "uv": [ 38.0, 18.5, 38.5, 20.0 ] },
								"west": { "texture": "#dynastyhead", "uv": [ 38.5, 18.5, 39.0, 20.0 ] },
								"up": { "texture": "#dynastyhead", "uv": [ 37.0, 18.0, 37.5, 18.5 ] },
								"down": { "texture": "#dynastyhead", "uv": [ 37.5, 18.0, 38.0, 18.5 ] }
							}
						},
						{
							"name": "FrontFaceguard10",
							"from": [ -0.09, -3.9, 0.95 ],
							"to": [ 0.61, -2.4, 1.55 ],
							"uv": [ 29.0, 19.0 ],
							"rotationOrigin": [ -0.1, -3.9, 0.95 ],
							"rotationX": -35.0,
							"faces": {
								"north": { "texture": "#dynastyhead", "uv": [ 29.0, 19.5, 29.5, 21.0 ] },
								"east": { "texture": "#dynastyhead", "uv": [ 29.5, 19.5, 30.0, 21.0 ] },
								"south": { "texture": "#dynastyhead", "uv": [ 30.0, 19.5, 30.5, 21.0 ] },
								"west": { "texture": "#dynastyhead", "uv": [ 30.5, 19.5, 31.0, 21.0 ] },
								"up": { "texture": "#dynastyhead", "uv": [ 29.0, 19.0, 29.5, 19.5 ] },
								"down": { "texture": "#dynastyhead", "uv": [ 29.5, 19.0, 30.0, 19.5 ] }
							}
						}
					]
				},
				{
					"name": "BearHead",
					"from": [ -1.046, 4.1154, 0.1 ],
					"to": [ 4.454, 8.4154, 6.1 ],
					"unwrapMode": 4,
					"autoUnwrap": false,
					"uv": [ 25.5, 13.5 ],
					"rotationOrigin": [ 1.856, 7.113, 3.1 ],
					"rotationZ": 12.0,
					"faces": {
						"north": { "texture": "#plume", "uv": [ 25.5, 19.0, 31.0, 23.0 ] },
						"east": { "texture": "#plume", "uv": [ 42.5, 19.0, 48.5, 23.0 ], "windMode": [-1,-1,-1,-1], "windData": [1,1,1,1] },
						"south": { "texture": "#plume", "uv": [ 37.0, 19.0, 42.5, 23.0 ] },
						"west": { "texture": "#plume", "uv": [ 31.0, 19.3, 37.0, 23.0 ], "autoUv": false },
						"up": { "texture": "#plume", "uv": [ 31.0, 13.5, 37.0, 19.0 ], "rotation": 90 },
						"down": { "texture": "#plume", "uv": [ 58.0, 58.5, 64.0, 64.0 ], "rotation": 90 }
					},
					"children": [
						{
							"name": "BearMouth",
							"from": [ -2.5, 0.7, 1.5 ],
							"to": [ 0.5, 2.7, 4.5 ],
							"unwrapMode": 4,
							"uv": [ 41.0, 11.0 ],
							"rotationOrigin": [ 0.0, 2.2, 3.0 ],
							"rotationZ": 14.0,
							"faces": {
								"north": { "texture": "#plume", "uv": [ 41.0, 14.0, 44.0, 16.0 ] },
								"south": { "texture": "#plume", "uv": [ 47.0, 14.0, 50.0, 16.0 ] },
								"west": { "texture": "#plume", "uv": [ 44.0, 14.0, 47.0, 16.0 ] },
								"up": { "texture": "#plume", "uv": [ 44.0, 11.0, 47.0, 14.0 ], "rotation": 90 },
								"down": { "texture": "#plume", "uv": [ 44.0, 16.0, 47.0, 19.0 ], "rotation": 90 }
							},
							"children": [
								{
									"name": "BearNose",
									"from": [ -0.1, 1.5, 1.1 ],
									"to": [ 0.6, 2.1, 1.9 ],
									"uv": [ 4.0, 0.0 ],
									"rotationOrigin": [ 0.0, 1.5, 1.5 ],
									"faces": {
										"north": { "texture": "#plume", "uv": [ 4.0, 0.5, 4.5, 1.0 ] },
										"east": { "texture": "#plume", "uv": [ 4.5, 0.5, 5.0, 1.0 ] },
										"south": { "texture": "#plume", "uv": [ 5.0, 0.5, 5.5, 1.0 ] },
										"west": { "texture": "#plume", "uv": [ 5.5, 0.5, 6.0, 1.0 ] },
										"up": { "texture": "#plume", "uv": [ 4.0, 0.0, 4.5, 0.5 ] },
										"down": { "texture": "#plume", "uv": [ 4.5, 0.0, 5.0, 0.5 ] }
									}
								},
								{
									"name": "BearTooth1",
									"from": [ 0.1, -0.7, 0.1 ],
									"to": [ 0.4, 0.0, 0.4 ],
									"uv": [ 24.5, 0.5 ],
									"rotationOrigin": [ 0.1, 0.0, 0.1 ],
									"rotationZ": 8.0,
									"faces": {
										"north": { "texture": "#plume", "uv": [ 24.5, 1.0, 25.0, 1.5 ] },
										"east": { "texture": "#plume", "uv": [ 25.0, 1.0, 25.5, 1.5 ] },
										"south": { "texture": "#plume", "uv": [ 25.5, 1.0, 26.0, 1.5 ] },
										"west": { "texture": "#plume", "uv": [ 26.0, 1.0, 26.5, 1.5 ] },
										"down": { "texture": "#plume", "uv": [ 24.5, 0.5, 25.0, 1.0 ] }
									}
								},
								{
									"name": "BearTooth2",
									"from": [ 0.1, -0.7, 2.6 ],
									"to": [ 0.4, 0.0, 2.9 ],
									"uv": [ 24.5, 0.0 ],
									"rotationOrigin": [ 0.1, 0.0, 2.9 ],
									"rotationZ": 8.0,
									"faces": {
										"north": { "texture": "#plume", "uv": [ 24.5, 0.5, 25.0, 1.0 ] },
										"east": { "texture": "#plume", "uv": [ 25.0, 0.5, 25.5, 1.0 ] },
										"south": { "texture": "#plume", "uv": [ 25.5, 0.5, 26.0, 1.0 ] },
										"west": { "texture": "#plume", "uv": [ 26.0, 0.5, 26.5, 1.0 ] },
										"down": { "texture": "#plume", "uv": [ 24.5, 0.0, 25.0, 0.5 ] }
									}
								},
								{
									"name": "BearTooth3",
									"from": [ 0.7, -0.5, 0.1 ],
									"to": [ 1.0, 0.0, 0.4 ],
									"uv": [ 24.5, 1.0 ],
									"rotationOrigin": [ 0.7, 0.0, 0.1 ],
									"rotationZ": 8.0,
									"faces": {
										"north": { "texture": "#plume", "uv": [ 24.5, 1.5, 25.0, 2.0 ] },
										"east": { "texture": "#plume", "uv": [ 25.0, 1.5, 25.5, 2.0 ] },
										"south": { "texture": "#plume", "uv": [ 25.5, 1.5, 26.0, 2.0 ] },
										"west": { "texture": "#plume", "uv": [ 26.0, 1.5, 26.5, 2.0 ] },
										"down": { "texture": "#plume", "uv": [ 24.5, 1.0, 25.0, 1.5 ] }
									}
								},
								{
									"name": "BearTooth4",
									"from": [ 0.7, -0.5, 2.6 ],
									"to": [ 1.0, 0.0, 2.9 ],
									"uv": [ 24.5, 1.5 ],
									"rotationOrigin": [ 0.7, 0.0, 2.9 ],
									"rotationZ": 8.0,
									"faces": {
										"north": { "texture": "#plume", "uv": [ 24.5, 2.0, 25.0, 2.5 ] },
										"east": { "texture": "#plume", "uv": [ 25.0, 2.0, 25.5, 2.5 ] },
										"south": { "texture": "#plume", "uv": [ 25.5, 2.0, 26.0, 2.5 ] },
										"west": { "texture": "#plume", "uv": [ 26.0, 2.0, 26.5, 2.5 ] },
										"down": { "texture": "#plume", "uv": [ 24.5, 1.5, 25.0, 2.0 ] }
									}
								}
							]
						},
						{
							"name": "BearCheek",
							"from": [ 0.0, 0.0, 0.1 ],
							"to": [ 1.9, 1.9, 5.9 ],
							"unwrapMode": 5,
							"uv": [ 45.0, 24.0 ],
							"rotationOrigin": [ 0.0, 0.0, 0.1 ],
							"rotationZ": 44.0,
							"faces": {
								"north": { "texture": "#plume", "uv": [ 46.5, 24.0, 48.0, 25.5 ], "rotation": 180 },
								"south": { "texture": "#plume", "uv": [ 46.5, 31.0, 48.0, 32.5 ] },
								"west": { "texture": "#plume", "uv": [ 45.0, 25.5, 46.5, 31.0 ], "rotation": 270 },
								"up": { "texture": "#plume", "uv": [ 46.5, 25.5, 48.0, 31.0 ] },
								"down": { "texture": "#plume", "uv": [ 48.0, 25.5, 49.5, 31.0 ] }
							}
						},
						{
							"name": "BearEarL",
							"from": [ 1.9, 4.2, 4.7 ],
							"to": [ 2.4, 5.7, 6.2 ],
							"unwrapMode": 4,
							"uv": [ 36.0, 51.0 ],
							"rotationOrigin": [ 1.9, 4.2, 4.7 ],
							"rotationX": 36.0,
							"faces": {
								"north": { "texture": "#plume", "uv": [ 36.0, 51.5, 36.5, 53.0 ] },
								"east": { "texture": "#plume", "uv": [ 38.5, 51.5, 40.0, 53.0 ] },
								"south": { "texture": "#plume", "uv": [ 38.0, 51.5, 38.5, 53.0 ] },
								"west": { "texture": "#plume", "uv": [ 36.5, 51.5, 38.0, 53.0 ] },
								"up": { "texture": "#plume", "uv": [ 36.5, 51.0, 38.0, 51.5 ], "rotation": 90 }
							}
						},
						{
							"name": "BearEarR",
							"from": [ 1.9, 4.1, -0.2 ],
							"to": [ 2.4, 5.6, 1.3 ],
							"unwrapMode": 4,
							"uv": [ 36.0, 53.0 ],
							"rotationOrigin": [ 1.9, 4.1, 1.2 ],
							"rotationX": -36.0,
							"faces": {
								"north": { "texture": "#plume", "uv": [ 36.0, 53.5, 36.5, 55.0 ] },
								"east": { "texture": "#plume", "uv": [ 38.5, 53.5, 40.0, 55.0 ] },
								"south": { "texture": "#plume", "uv": [ 38.0, 53.5, 38.5, 55.0 ] },
								"west": { "texture": "#plume", "uv": [ 36.5, 53.5, 38.0, 55.0 ] },
								"up": { "texture": "#plume", "uv": [ 36.5, 53.0, 38.0, 53.5 ], "rotation": 90 }
							}
						},
						{
							"name": "HelmetFluffUp1",
							"from": [ 3.5, 1.6, 0.2 ],
							"to": [ 9.0, 4.1, 5.8 ],
							"unwrapMode": 5,
							"uv": [ 57.0, 47.0 ],
							"rotationOrigin": [ 3.5, 3.6, 3.0 ],
							"rotationZ": 6.0,
							"faces": {
								"north": { "texture": "#plume", "uv": [ 57.0, 47.0, 62.5, 49.5 ], "rotation": 180 },
								"south": { "texture": "#plume", "uv": [ 57.0, 55.0, 62.5, 57.5 ] },
								"up": { "texture": "#plume", "uv": [ 57.0, 49.5, 62.5, 55.0 ] }
							}
						},
						{
							"name": "HelmetFluffUp2",
							"from": [ 1.5, 0.8, -0.1 ],
							"to": [ 6.0, 3.8, 6.1 ],
							"unwrapMode": 5,
							"autoUnwrap": false,
							"uv": [ 55.0, 11.0 ],
							"rotationOrigin": [ 1.5, 3.8, 3.0 ],
							"rotationZ": 22.0,
							"faces": {
								"north": { "texture": "#plume", "uv": [ 51.0, 14.0, 54.0, 18.5 ], "rotation": 270 },
								"south": { "texture": "#plume", "uv": [ 60.0, 14.0, 63.0, 18.5 ], "rotation": 90 },
								"up": { "texture": "#plume", "uv": [ 54.0, 14.0, 60.0, 18.5 ], "rotation": 90 }
							}
						},
						{
							"name": "HelmetBackFluff1",
							"from": [ 5.7, -3.9, 0.29 ],
							"to": [ 7.7, 0.1, 5.701 ],
							"unwrapMode": 2,
							"uv": [ 24.5, 9.5 ],
							"rotationOrigin": [ 7.7, 0.1, 2.8 ],
							"rotationZ": 29.0,
							"faces": {
								"north": { "texture": "#plume", "uv": [ 31.5, 9.5, 33.5, 13.5 ] },
								"east": { "texture": "#plume", "uv": [ 26.5, 9.5, 31.5, 13.5 ] },
								"south": { "texture": "#plume", "uv": [ 24.5, 9.5, 26.5, 13.5 ] }
							}
						},
						{
							"name": "HelmetBackFluff2",
							"from": [ 5.8, -1.4, 0.35 ],
							"to": [ 7.8, 2.6, 5.65 ],
							"unwrapMode": 2,
							"uv": [ 38.5, 0.0 ],
							"rotationOrigin": [ 7.8, 2.6, 2.9 ],
							"rotationZ": 33.0,
							"faces": {
								"north": { "texture": "#plume", "uv": [ 45.5, 0.0, 47.5, 4.0 ] },
								"east": { "texture": "#plume", "uv": [ 40.5, 0.0, 45.5, 4.0 ] },
								"south": { "texture": "#plume", "uv": [ 38.5, 0.0, 40.5, 4.0 ] }
							}
						},
						{
							"name": "HelmetFluffL1",
							"from": [ 0.9, -2.7, 4.2 ],
							"to": [ 6.4, 1.3, 6.2 ],
							"autoUnwrap": false,
							"uv": [ 47.5, 56.5 ],
							"rotationOrigin": [ 4.4, 1.3, 6.2 ],
							"rotationX": -52.0,
							"faces": {
								"east": { "texture": "#plume", "uv": [ 48.0, 56.5, 50.0, 59.5 ], "autoUv": false },
								"south": { "texture": "#plume", "uv": [ 50.0, 56.5, 55.5, 59.5 ], "autoUv": false },
								"west": { "texture": "#plume", "uv": [ 55.0, 56.5, 57.0, 59.5 ], "autoUv": false }
							}
						},
						{
							"name": "HelmetFluffL2",
							"from": [ 0.7, -1.0, 3.7 ],
							"to": [ 7.2, 3.0, 5.7 ],
							"unwrapMode": 3,
							"autoUnwrap": false,
							"uv": [ 54.0, 0.5 ],
							"rotationOrigin": [ 5.2, 3.0, 5.7 ],
							"rotationX": -44.0,
							"faces": {
								"east": { "texture": "#plume", "uv": [ 62.0, 0.0, 64.0, 3.0 ], "autoUv": false },
								"south": { "texture": "#plume", "uv": [ 56.0, 0.0, 62.5, 3.0 ], "autoUv": false },
								"west": { "texture": "#plume", "uv": [ 54.0, 0.0, 56.0, 3.0 ], "autoUv": false }
							}
						},
						{
							"name": "HelmetFluffR2",
							"from": [ 0.7, -1.0, 0.3 ],
							"to": [ 7.2, 3.0, 2.3 ],
							"unwrapMode": 1,
							"autoUnwrap": false,
							"uv": [ 54.0, 39.5 ],
							"rotationOrigin": [ 5.2, 3.0, 0.3 ],
							"rotationX": 44.0,
							"faces": {
								"north": { "texture": "#plume", "uv": [ 56.0, 39.5, 62.5, 42.5 ], "autoUv": false, "windMode": [-1,-1,-1,-1] },
								"east": { "texture": "#plume", "uv": [ 54.0, 39.5, 56.0, 42.5 ], "autoUv": false },
								"west": { "texture": "#plume", "uv": [ 62.0, 39.5, 64.0, 42.5 ], "autoUv": false }
							}
						},
						{
							"name": "HelmetFluff1",
							"from": [ 0.9, -2.2, -0.2 ],
							"to": [ 6.4, 1.8, 1.8 ],
							"unwrapMode": 1,
							"autoUnwrap": false,
							"uv": [ 48.0, 53.0 ],
							"rotationOrigin": [ 4.4, 1.8, -0.2 ],
							"rotationX": 52.0,
							"faces": {
								"north": { "texture": "#plume", "uv": [ 50.0, 53.0, 55.5, 56.0 ], "autoUv": false, "windMode": [-1,-1,-1,-1] },
								"east": { "texture": "#plume", "uv": [ 48.0, 53.0, 50.0, 56.0 ], "autoUv": false },
								"west": { "texture": "#plume", "uv": [ 55.5, 53.0, 57.5, 56.0 ], "autoUv": false }
							}
						},
						{
							"name": "HelmetFluffUp3",
							"from": [ 5.1, 1.9, 0.3 ],
							"to": [ 10.6, 4.4, 5.7 ],
							"unwrapMode": 5,
							"uv": [ 57.0, 47.0 ],
							"rotationOrigin": [ 5.1, 3.9, 3.1 ],
							"rotationZ": -23.0,
							"faces": {
								"north": { "texture": "#plume", "uv": [ 57.0, 47.0, 62.5, 49.5 ], "rotation": 180 },
								"south": { "texture": "#plume", "uv": [ 57.0, 54.5, 62.5, 57.0 ] },
								"up": { "texture": "#plume", "uv": [ 57.0, 49.5, 62.5, 54.5 ] }
							}
						},
						{
							"name": "HelmetFluffL3",
							"from": [ 1.0, -4.1, 4.2 ],
							"to": [ 6.3, -0.1, 6.2 ],
							"autoUnwrap": false,
							"uv": [ 47.5, 56.5 ],
							"rotationOrigin": [ 4.5, -0.1, 6.2 ],
							"rotationX": -36.0,
							"faces": {
								"east": { "texture": "#plume", "uv": [ 48.0, 56.5, 50.0, 59.5 ], "autoUv": false },
								"south": { "texture": "#plume", "uv": [ 50.0, 56.5, 55.5, 59.5 ], "autoUv": false },
								"west": { "texture": "#plume", "uv": [ 55.0, 56.5, 57.0, 59.5 ], "autoUv": false }
							}
						},
						{
							"name": "HelmetFluff2",
							"from": [ 0.8, -4.1, -0.2 ],
							"to": [ 6.5, -0.1, 1.8 ],
							"unwrapMode": 1,
							"autoUnwrap": false,
							"uv": [ 48.0, 53.0 ],
							"rotationOrigin": [ 4.3, -0.1, -0.2 ],
							"rotationX": 36.0,
							"faces": {
								"north": { "texture": "#plume", "uv": [ 50.0, 53.0, 55.5, 56.0 ], "autoUv": false, "windMode": [-1,-1,-1,-1] },
								"east": { "texture": "#plume", "uv": [ 48.0, 53.0, 50.0, 56.0 ], "autoUv": false },
								"west": { "texture": "#plume", "uv": [ 55.5, 53.0, 57.5, 56.0 ], "autoUv": false }
							}
						}
					]
				}
			]
		}
	]}