[
	{
	"code": "darkgreen-leather",
	"sealHours": 14,
	"ingredients": [
		{ "type": "item", "code": "wildcrafttree:dye-walnut", "litres": 1, "consumeLitres": 1 },
		{ "type": "item", "code": "game:leather-normal-green", "quantity": 1 }
	],
	"output": { "type": "item", "code": "tailorsdelight:leather-darkgreen", "stackSize": 1 }
	},

	{
	"code": "cloth-darkgreen",
	"sealHours": 14,
	"ingredients": [
		{ "type": "item", "code": "wildcrafttree:dye-walnut", "litres": 1, "consumeLitres": 1 },
		{ "type": "item", "code": "game:cloth-green", "quantity": 1 }
	],
	"output": { "type": "item", "code": "tailorsdelight:cloth-darkgreen", "stackSize": 1 }
	},

	{
	"code": "twine-darkgreen",
	"sealHours": 14,
	"ingredients": [
		{ "type": "item", "code": "wildcrafttree:dye-walnut", "litres": 0.5, "consumeLitres": 0.5 },
		{ "type": "item", "code": "tailorsdelight:twine-green", "quantity": 1 }
	],
	"output": { "type": "item", "code": "tailorsdelight:twine-darkgreen", "stackSize": 1 }
	}
]
