{
	"editor": {
		"collapsedPaths": "Root/origin/handle,Root/Spear/Head/Blade/Cube12,Root/Spear/Dec/Cube27,Root/Spear/Head/Blade/blade_13,Root/origin/Large gear 2,Root/origin/Large gear 1,Root/Sowrd/Metal/Guard_0,Root/Sowrd/Blade/Guard,Root/Sowrd/Metal/Guard,Root/Spear/Dec/Cube10/Cube12,Root/Spear/Head/Blade/blade_2/blade_8,Root/Sowrd/Metal/Blade/blade_11/blade_15,Root/Spear/Head/Blade/blade_2/blade_3,Root/Spear/Head/Blade/blade_2/blade_14,Root/Spear/Head/Blade/Cube7,Root/Spear/Head/Blade/Cube5,Root/Spear/Head/Blade/Cube4,Root/origin,Root/Spear/Dec/Cube35,Root/Spear/Head/Blade/blade_2,Root/Sowrd/Blade/blade_3,Root/Sowrd/Blade/tong,Root/Sowrd/Metal/Guard_1,Root/Sowrd/Blade/blade_1,Root/origin/segment end,Root/Sowrd/Blade/blade_6",
		"allAngles": false,
		"entityTextureMode": false
	},
	"textureWidth": 16,
	"textureHeight": 16,
	"textureSizes": {
	},
	"textures": {
		"black": "block/cloth/linen/black",
		"blade": "block/metal/plate/iron",
		"handle": "block/wood/debarked/ebony"
	},
	"elements": [
		{
			"name": "Sowrd",
			"from": [ 2.85, 1.05, 7.6 ],
			"to": [ 2.85, 1.05, 7.6 ],
			"rotationOrigin": [ 2.85, 1.05, 7.6 ],
			"rotationY": -90.0,
			"faces": {
				"north": { "texture": "#blade", "uv": [ 0.0, 0.0, 0.5, 0.5 ], "autoUv": false },
				"east": { "texture": "#blade", "uv": [ 0.0, 0.0, 0.5, 0.5 ], "autoUv": false },
				"south": { "texture": "#blade", "uv": [ 0.0, 0.0, 0.5, 0.5 ], "autoUv": false },
				"west": { "texture": "#blade", "uv": [ 0.0, 0.0, 0.5, 0.5 ], "autoUv": false },
				"up": { "texture": "#blade", "uv": [ 0.0, 0.0, 0.5, 0.5 ], "autoUv": false },
				"down": { "texture": "#blade", "uv": [ 0.0, 0.0, 0.5, 0.5 ], "autoUv": false }
			},
			"children": [
				{
					"name": "Metal",
					"from": [ 0.0, 0.0, 0.0 ],
					"to": [ 0.0, 0.0, 0.0 ],
					"faces": {
						"north": { "texture": "#blade", "uv": [ 0.0, 0.0, 0.5, 0.5 ], "autoUv": false },
						"east": { "texture": "#blade", "uv": [ 0.0, 0.0, 0.5, 0.5 ], "autoUv": false },
						"south": { "texture": "#blade", "uv": [ 0.0, 0.0, 0.5, 0.5 ], "autoUv": false },
						"west": { "texture": "#blade", "uv": [ 0.0, 0.0, 0.5, 0.5 ], "autoUv": false },
						"up": { "texture": "#blade", "uv": [ 0.0, 0.0, 0.5, 0.5 ], "autoUv": false },
						"down": { "texture": "#blade", "uv": [ 0.0, 0.0, 0.5, 0.5 ], "autoUv": false }
					},
					"children": [
						{
							"name": "tong",
							"from": [ -0.45, -0.3, 0.0 ],
							"to": [ 0.45, 0.3, 2.25 ],
							"rotationOrigin": [ -0.45, -0.3, 0.0 ],
							"faces": {
								"north": { "texture": "#blade", "uv": [ 0.0, 0.0, 1.0, 0.5 ], "autoUv": false },
								"east": { "texture": "#blade", "uv": [ 0.0, 0.0, 3.0, 0.5 ], "autoUv": false },
								"south": { "texture": "#blade", "uv": [ 0.0, 0.0, 1.0, 0.5 ], "autoUv": false },
								"west": { "texture": "#blade", "uv": [ 0.0, 0.0, 3.0, 0.5 ], "autoUv": false },
								"up": { "texture": "#blade", "uv": [ 0.0, 0.0, 1.0, 3.0 ], "autoUv": false },
								"down": { "texture": "#blade", "uv": [ 0.0, 0.0, 1.0, 3.0 ], "autoUv": false }
							}
						},
						{
							"name": "Blade",
							"from": [ -0.225, -0.225, 8.25 ],
							"to": [ -0.225, -0.225, 8.25 ],
							"rotationOrigin": [ -0.225, -0.225, -0.75 ],
							"faces": {
								"north": { "texture": "#blade", "uv": [ 0.0, 0.0, 0.5, 0.5 ], "autoUv": false },
								"east": { "texture": "#blade", "uv": [ 0.0, 0.0, 0.5, 0.5 ], "autoUv": false },
								"south": { "texture": "#blade", "uv": [ 0.0, 0.0, 0.5, 0.5 ], "autoUv": false },
								"west": { "texture": "#blade", "uv": [ 0.0, 0.0, 0.5, 0.5 ], "autoUv": false },
								"up": { "texture": "#blade", "uv": [ 0.0, 0.0, 0.5, 0.5 ], "autoUv": false },
								"down": { "texture": "#blade", "uv": [ 0.0, 0.0, 0.5, 0.5 ], "autoUv": false }
							},
							"children": [
								{
									"name": "blade_6",
									"from": [ -0.75, 0.15, -12.0 ],
									"to": [ 0.225, 0.3, -9.75 ],
									"rotationOrigin": [ -0.75, 0.15, 0.0 ],
									"faces": {
										"north": { "texture": "#blade", "uv": [ 0.0, 0.0, 1.0, 0.5 ], "autoUv": false },
										"east": { "texture": "#blade", "uv": [ 0.0, 0.0, 3.0, 0.5 ], "autoUv": false },
										"south": { "texture": "#blade", "uv": [ 0.0, 0.0, 1.0, 0.5 ], "autoUv": false },
										"west": { "texture": "#blade", "uv": [ 0.0, 0.0, 3.0, 0.5 ], "autoUv": false },
										"up": { "texture": "#blade", "uv": [ 0.0, 0.0, 1.0, 3.0 ], "autoUv": false },
										"down": { "texture": "#blade", "uv": [ 0.0, 0.0, 1.0, 3.0 ], "autoUv": false }
									},
									"children": [
										{
											"name": "blade_9",
											"from": [ 0.0, 0.0, -10.5 ],
											"to": [ 0.45, 0.15, 0.0 ],
											"rotationOrigin": [ 0.0, 0.0, 0.0 ],
											"rotationY": -1.0,
											"faces": {
												"north": { "texture": "#blade", "uv": [ 0.0, 0.0, 0.5, 0.5 ], "autoUv": false },
												"east": { "texture": "#blade", "uv": [ 0.0, 0.0, 14.0, 0.5 ], "autoUv": false },
												"south": { "texture": "#blade", "uv": [ 0.0, 0.0, 0.5, 0.5 ], "autoUv": false },
												"west": { "texture": "#blade", "uv": [ 0.0, 0.0, 14.0, 0.5 ], "autoUv": false },
												"up": { "texture": "#blade", "uv": [ 0.0, 0.0, 0.5, 14.0 ], "autoUv": false },
												"down": { "texture": "#blade", "uv": [ 0.0, 0.0, 0.5, 14.0 ], "autoUv": false }
											},
											"children": [
												{
													"name": "blade_8",
													"from": [ 0.0, 0.0, -3.0 ],
													"to": [ 0.45, 0.15, 0.0 ],
													"rotationOrigin": [ 0.0, 0.0, 0.0 ],
													"rotationY": -7.2,
													"faces": {
														"north": { "texture": "#blade", "uv": [ 0.0, 0.0, 0.5, 0.5 ], "autoUv": false },
														"east": { "texture": "#blade", "uv": [ 0.0, 0.0, 4.0, 0.5 ], "autoUv": false },
														"south": { "texture": "#blade", "uv": [ 0.0, 0.0, 0.5, 0.5 ], "autoUv": false },
														"west": { "texture": "#blade", "uv": [ 0.0, 0.0, 4.0, 0.5 ], "autoUv": false },
														"up": { "texture": "#blade", "uv": [ 0.0, 0.0, 0.5, 4.0 ], "autoUv": false },
														"down": { "texture": "#blade", "uv": [ 0.0, 0.0, 0.5, 4.0 ], "autoUv": false }
													},
													"children": [
														{
															"name": "blade_16",
															"from": [ 0.0, 0.0, -0.759 ],
															"to": [ 0.45, 0.15, 0.0135 ],
															"faces": {
																"north": { "texture": "#blade", "uv": [ 0.0, 0.0, 0.5, 0.5 ], "autoUv": false },
																"east": { "texture": "#blade", "uv": [ 0.0, 0.0, 1.0, 0.5 ], "autoUv": false },
																"south": { "texture": "#blade", "uv": [ 0.0, 0.0, 0.5, 0.5 ], "autoUv": false },
																"west": { "texture": "#blade", "uv": [ 0.0, 0.0, 1.0, 0.5 ], "autoUv": false },
																"up": { "texture": "#blade", "uv": [ 0.0, 0.0, 0.5, 1.0 ], "autoUv": false },
																"down": { "texture": "#blade", "uv": [ 0.0, 0.0, 0.5, 1.0 ], "autoUv": false }
															}
														}
													]
												}
											]
										}
									]
								},
								{
									"name": "blade_3",
									"from": [ -0.15, 0.075, -10.5 ],
									"to": [ -0.15, 0.075, -10.5 ],
									"rotationOrigin": [ -0.15, 0.075, 1.5 ],
									"faces": {
										"north": { "texture": "#blade", "uv": [ 0.0, 0.0, 0.5, 0.5 ], "autoUv": false },
										"east": { "texture": "#blade", "uv": [ 0.0, 0.0, 0.5, 0.5 ], "autoUv": false },
										"south": { "texture": "#blade", "uv": [ 0.0, 0.0, 0.5, 0.5 ], "autoUv": false },
										"west": { "texture": "#blade", "uv": [ 0.0, 0.0, 0.5, 0.5 ], "autoUv": false },
										"up": { "texture": "#blade", "uv": [ 0.0, 0.0, 0.5, 0.5 ], "autoUv": false },
										"down": { "texture": "#blade", "uv": [ 0.0, 0.0, 0.5, 0.5 ], "autoUv": false }
									},
									"children": [
										{
											"name": "blade_4",
											"from": [ -0.3, -0.0675, -12.0 ],
											"to": [ 1.05, 0.3825, -1.5 ],
											"rotationOrigin": [ -0.3, 0.0, -0.9 ],
											"faces": {
												"north": { "texture": "#blade", "uv": [ 0.0, 0.0, 1.5, 0.5 ], "autoUv": false },
												"east": { "texture": "#blade", "uv": [ 0.0, 0.0, 14.0, 0.5 ], "autoUv": false },
												"south": { "texture": "#blade", "uv": [ 0.0, 0.0, 1.5, 0.5 ], "autoUv": false },
												"west": { "texture": "#blade", "uv": [ 0.0, 0.0, 14.0, 0.5 ], "autoUv": false },
												"up": { "texture": "#blade", "uv": [ 0.0, 0.0, 1.5, 14.0 ], "autoUv": false },
												"down": { "texture": "#blade", "uv": [ 0.0, 0.0, 1.5, 14.0 ], "autoUv": false }
											},
											"children": [
												{
													"name": "blade_5",
													"from": [ 0.0, 0.0, -2.85 ],
													"to": [ 0.3, 0.45, 0.0 ],
													"rotationOrigin": [ 0.0, 0.3, -0.075 ],
													"rotationY": -10.0,
													"faces": {
														"north": { "texture": "#blade", "uv": [ 0.0, 0.0, 0.5, 0.5 ], "autoUv": false },
														"east": { "texture": "#blade", "uv": [ 0.0, 0.0, 3.5, 0.5 ], "autoUv": false },
														"south": { "texture": "#blade", "uv": [ 0.0, 0.0, 0.5, 0.5 ], "autoUv": false },
														"west": { "texture": "#blade", "uv": [ 0.0, 0.0, 3.5, 0.5 ], "autoUv": false },
														"up": { "texture": "#blade", "uv": [ 0.0, 0.0, 0.5, 3.5 ], "autoUv": false },
														"down": { "texture": "#blade", "uv": [ 0.0, 0.0, 0.5, 3.5 ], "autoUv": false }
													}
												},
												{
													"name": "blade_7",
													"from": [ 1.05, 0.0, -2.85 ],
													"to": [ 1.35, 0.45, 0.0 ],
													"rotationOrigin": [ 1.35, 0.3, 0.0 ],
													"rotationY": 10.0,
													"faces": {
														"north": { "texture": "#blade", "uv": [ 0.0, 0.0, 0.5, 0.5 ], "autoUv": false },
														"east": { "texture": "#blade", "uv": [ 0.0, 0.0, 3.5, 0.5 ], "autoUv": false },
														"south": { "texture": "#blade", "uv": [ 0.0, 0.0, 0.5, 0.5 ], "autoUv": false },
														"west": { "texture": "#blade", "uv": [ 0.0, 0.0, 3.5, 0.5 ], "autoUv": false },
														"up": { "texture": "#blade", "uv": [ 0.0, 0.0, 0.5, 3.5 ], "autoUv": false },
														"down": { "texture": "#blade", "uv": [ 0.0, 0.0, 0.5, 3.5 ], "autoUv": false }
													}
												},
												{
													"name": "blade_10",
													"from": [ 0.3, 0.0075, -1.35 ],
													"to": [ 1.05, 0.4425, 0.0 ],
													"rotationOrigin": [ 0.3, 0.0675, 9.75 ],
													"faces": {
														"north": { "texture": "#blade", "uv": [ 0.0, 0.0, 1.0, 0.5 ], "autoUv": false },
														"east": { "texture": "#blade", "uv": [ 0.0, 0.0, 1.5, 0.5 ], "autoUv": false },
														"south": { "texture": "#blade", "uv": [ 0.0, 0.0, 1.0, 0.5 ], "autoUv": false },
														"west": { "texture": "#blade", "uv": [ 0.0, 0.0, 1.5, 0.5 ], "autoUv": false },
														"up": { "texture": "#blade", "uv": [ 0.0, 0.0, 1.0, 1.5 ], "autoUv": false },
														"down": { "texture": "#blade", "uv": [ 0.0, 0.0, 1.0, 1.5 ], "autoUv": false }
													}
												},
												{
													"name": "blade_13",
													"from": [ 0.525, 0.0075, -2.175 ],
													"to": [ 0.825, 0.4425, -1.35 ],
													"rotationOrigin": [ 0.525, 0.0675, 8.925 ],
													"faces": {
														"north": { "texture": "#blade", "uv": [ 0.0, 0.0, 0.5, 0.5 ], "autoUv": false },
														"east": { "texture": "#blade", "uv": [ 0.0, 0.0, 1.0, 0.5 ], "autoUv": false },
														"south": { "texture": "#blade", "uv": [ 0.0, 0.0, 0.5, 0.5 ], "autoUv": false },
														"west": { "texture": "#blade", "uv": [ 0.0, 0.0, 1.0, 0.5 ], "autoUv": false },
														"up": { "texture": "#blade", "uv": [ 0.0, 0.0, 0.5, 1.0 ], "autoUv": false },
														"down": { "texture": "#blade", "uv": [ 0.0, 0.0, 0.5, 1.0 ], "autoUv": false }
													}
												},
												{
													"name": "blade_20",
													"from": [ 0.4875, 0.15, -3.9 ],
													"to": [ 0.8625, 0.3, -3.525 ],
													"rotationOrigin": [ 0.675, 0.3, -3.7125 ],
													"rotationY": 45.0,
													"faces": {
														"north": { "texture": "#blade", "uv": [ 0.0, 0.0, 0.5, 0.5 ], "autoUv": false },
														"east": { "texture": "#blade", "uv": [ 0.0, 0.0, 0.5, 0.5 ], "autoUv": false },
														"south": { "texture": "#blade", "uv": [ 0.0, 0.0, 0.5, 0.5 ], "autoUv": false },
														"west": { "texture": "#blade", "uv": [ 0.0, 0.0, 0.5, 0.5 ], "autoUv": false },
														"up": { "texture": "#blade", "uv": [ 0.0, 0.0, 0.5, 0.5 ], "autoUv": false },
														"down": { "texture": "#blade", "uv": [ 0.0, 0.0, 0.5, 0.5 ], "autoUv": false }
													}
												}
											]
										},
										{
											"name": "blade_17",
											"from": [ -0.3, -0.0675, -1.5 ],
											"to": [ 1.05, 0.3825, 0.75 ],
											"rotationOrigin": [ -0.3, 0.0, 9.6 ],
											"faces": {
												"north": { "texture": "#blade", "uv": [ 0.0, 0.0, 1.5, 0.5 ], "autoUv": false },
												"east": { "texture": "#blade", "uv": [ 0.0, 0.0, 3.0, 0.5 ], "autoUv": false },
												"south": { "texture": "#blade", "uv": [ 0.0, 0.0, 1.5, 0.5 ], "autoUv": false },
												"west": { "texture": "#blade", "uv": [ 0.0, 0.0, 3.0, 0.5 ], "autoUv": false },
												"up": { "texture": "#blade", "uv": [ 0.0, 0.0, 1.5, 3.0 ], "autoUv": false },
												"down": { "texture": "#blade", "uv": [ 0.0, 0.0, 1.5, 3.0 ], "autoUv": false }
											}
										},
										{
											"name": "blade_18",
											"from": [ 0.075, -0.15, -10.5 ],
											"to": [ 0.675, 0.45, 0.75 ],
											"rotationOrigin": [ 0.375, 0.15, -10.5 ],
											"rotationZ": 45.0,
											"faces": {
												"north": { "texture": "#blade", "uv": [ 0.0, 0.0, 0.5, 0.5 ], "autoUv": false },
												"east": { "texture": "#blade", "uv": [ 0.0, 0.0, 15.0, 0.5 ], "autoUv": false },
												"south": { "texture": "#blade", "uv": [ 0.0, 0.0, 0.5, 0.5 ], "autoUv": false },
												"west": { "texture": "#blade", "uv": [ 0.0, 0.0, 15.0, 0.5 ], "autoUv": false },
												"up": { "texture": "#blade", "uv": [ 0.0, 0.0, 0.5, 15.0 ], "autoUv": false },
												"down": { "texture": "#blade", "uv": [ 0.0, 0.0, 0.5, 15.0 ], "autoUv": false }
											},
											"children": [
												{
													"name": "blade_19",
													"from": [ 0.0, 0.0, -1.5 ],
													"to": [ 0.6, 0.6, 0.0 ],
													"rotationOrigin": [ 0.3, 0.3, -1.5 ],
													"faces": {
														"north": { "texture": "#blade", "uv": [ 0.0, 0.0, 0.5, 0.5 ], "autoUv": false },
														"east": { "texture": "#blade", "uv": [ 0.0, 0.0, 2.0, 0.5 ], "autoUv": false },
														"south": { "texture": "#blade", "uv": [ 0.0, 0.0, 0.5, 0.5 ], "autoUv": false },
														"west": { "texture": "#blade", "uv": [ 0.0, 0.0, 2.0, 0.5 ], "autoUv": false },
														"up": { "texture": "#blade", "uv": [ 0.0, 0.0, 0.5, 2.0 ], "autoUv": false },
														"down": { "texture": "#blade", "uv": [ 0.0, 0.0, 0.5, 2.0 ], "autoUv": false }
													}
												}
											]
										}
									]
								},
								{
									"name": "blade_11",
									"from": [ 0.225, 0.15, -12.0 ],
									"to": [ 1.2, 0.3, -9.75 ],
									"rotationOrigin": [ 1.2, 0.15, 0.0 ],
									"faces": {
										"north": { "texture": "#blade", "uv": [ 0.0, 0.0, 1.0, 0.5 ], "autoUv": false },
										"east": { "texture": "#blade", "uv": [ 0.0, 0.0, 3.0, 0.5 ], "autoUv": false },
										"south": { "texture": "#blade", "uv": [ 0.0, 0.0, 1.0, 0.5 ], "autoUv": false },
										"west": { "texture": "#blade", "uv": [ 0.0, 0.0, 3.0, 0.5 ], "autoUv": false },
										"up": { "texture": "#blade", "uv": [ 0.0, 0.0, 1.0, 3.0 ], "autoUv": false },
										"down": { "texture": "#blade", "uv": [ 0.0, 0.0, 1.0, 3.0 ], "autoUv": false }
									},
									"children": [
										{
											"name": "blade_12",
											"from": [ 0.525, 0.0, -10.5 ],
											"to": [ 0.975, 0.15, 0.0 ],
											"rotationOrigin": [ 0.975, 0.0, 0.0 ],
											"rotationY": 1.0,
											"faces": {
												"north": { "texture": "#blade", "uv": [ 0.0, 0.0, 0.5, 0.5 ], "autoUv": false },
												"east": { "texture": "#blade", "uv": [ 0.0, 0.0, 14.0, 0.5 ], "autoUv": false },
												"south": { "texture": "#blade", "uv": [ 0.0, 0.0, 0.5, 0.5 ], "autoUv": false },
												"west": { "texture": "#blade", "uv": [ 0.0, 0.0, 14.0, 0.5 ], "autoUv": false },
												"up": { "texture": "#blade", "uv": [ 0.0, 0.0, 0.5, 14.0 ], "autoUv": false },
												"down": { "texture": "#blade", "uv": [ 0.0, 0.0, 0.5, 14.0 ], "autoUv": false }
											},
											"children": [
												{
													"name": "blade_14",
													"from": [ 0.0, 0.0, -3.0 ],
													"to": [ 0.45, 0.15, 0.0 ],
													"rotationOrigin": [ 0.45, 0.0, 0.0 ],
													"rotationY": 7.2,
													"faces": {
														"north": { "texture": "#blade", "uv": [ 0.0, 0.0, 0.5, 0.5 ], "autoUv": false },
														"east": { "texture": "#blade", "uv": [ 0.0, 0.0, 4.0, 0.5 ], "autoUv": false },
														"south": { "texture": "#blade", "uv": [ 0.0, 0.0, 0.5, 0.5 ], "autoUv": false },
														"west": { "texture": "#blade", "uv": [ 0.0, 0.0, 4.0, 0.5 ], "autoUv": false },
														"up": { "texture": "#blade", "uv": [ 0.0, 0.0, 0.5, 4.0 ], "autoUv": false },
														"down": { "texture": "#blade", "uv": [ 0.0, 0.0, 0.5, 4.0 ], "autoUv": false }
													},
													"children": [
														{
															"name": "blade_15",
															"from": [ 0.0, 0.0, -0.7725 ],
															"to": [ 0.45, 0.15, 0.0 ],
															"rotationOrigin": [ 0.45, 0.0, 0.0 ],
															"faces": {
																"north": { "texture": "#blade", "uv": [ 0.0, 0.0, 0.5, 0.5 ], "autoUv": false },
																"east": { "texture": "#blade", "uv": [ 0.0, 0.0, 1.0, 0.5 ], "autoUv": false },
																"south": { "texture": "#blade", "uv": [ 0.0, 0.0, 0.5, 0.5 ], "autoUv": false },
																"west": { "texture": "#blade", "uv": [ 0.0, 0.0, 1.0, 0.5 ], "autoUv": false },
																"up": { "texture": "#blade", "uv": [ 0.0, 0.0, 0.5, 1.0 ], "autoUv": false },
																"down": { "texture": "#blade", "uv": [ 0.0, 0.0, 0.5, 1.0 ], "autoUv": false }
															}
														}
													]
												}
											]
										}
									]
								}
							]
						}
					]
				},
				{
					"name": "Handle",
					"from": [ 0.0, 0.0, 0.0 ],
					"to": [ 0.0, 0.0, 0.75 ],
					"faces": {
						"north": { "texture": "#blade", "uv": [ 0.0, 0.0, 0.5, 0.5 ], "autoUv": false },
						"east": { "texture": "#blade", "uv": [ 0.0, 0.0, 1.0, 0.5 ], "autoUv": false },
						"south": { "texture": "#blade", "uv": [ 0.0, 0.0, 0.5, 0.5 ], "autoUv": false },
						"west": { "texture": "#blade", "uv": [ 0.0, 0.0, 1.0, 0.5 ], "autoUv": false },
						"up": { "texture": "#blade", "uv": [ 0.0, 0.0, 0.5, 1.0 ], "autoUv": false },
						"down": { "texture": "#blade", "uv": [ 0.0, 0.0, 0.5, 1.0 ], "autoUv": false }
					},
					"children": [
						{
							"name": "handle_0",
							"from": [ -0.675, -0.375, -0.75 ],
							"to": [ 0.675, 0.375, 3.0 ],
							"rotationOrigin": [ -0.675, -0.375, -0.75 ],
							"faces": {
								"north": { "texture": "#black", "uv": [ 0.0, 0.0, 1.5, 1.0 ], "autoUv": false },
								"east": { "texture": "#black", "uv": [ 8.5, 9.0, 13.5, 10.0 ], "autoUv": false },
								"south": { "texture": "#black", "uv": [ 0.0, 0.0, 1.5, 1.0 ], "autoUv": false },
								"west": { "texture": "#black", "uv": [ 6.0, 9.0, 11.0, 10.0 ], "autoUv": false },
								"up": { "texture": "#black", "uv": [ 10.0, 9.0, 15.0, 10.5 ], "rotation": 90, "autoUv": false },
								"down": { "texture": "#black", "uv": [ 9.5, 9.0, 14.5, 10.5 ], "rotation": 90, "autoUv": false }
							}
						},
						{
							"name": "Guard_0",
							"from": [ -0.75, -0.6, -1.5 ],
							"to": [ 0.75, 0.6, -0.735 ],
							"rotationOrigin": [ -0.75, -0.6, -1.5 ],
							"faces": {
								"north": { "texture": "#handle", "uv": [ 13.5, 6.0, 15.5, 7.5 ], "autoUv": false },
								"east": { "texture": "#handle", "uv": [ 15.0, 5.5, 16.0, 7.0 ], "autoUv": false },
								"south": { "texture": "#handle", "uv": [ 13.0, 5.5, 15.0, 7.0 ], "autoUv": false },
								"west": { "texture": "#handle", "uv": [ 14.0, 5.5, 15.0, 7.0 ], "autoUv": false },
								"up": { "texture": "#handle", "uv": [ 13.5, 5.5, 15.5, 6.5 ], "autoUv": false },
								"down": { "texture": "#handle", "uv": [ 13.5, 6.0, 15.5, 7.0 ], "autoUv": false }
							},
							"children": [
								{
									"name": "guard_2",
									"from": [ 1.5, 0.375, 0.0825 ],
									"to": [ 2.25, 0.825, 0.6825 ],
									"rotationOrigin": [ 1.5, 0.525, 0.075 ],
									"faces": {
										"north": { "texture": "#handle", "uv": [ 0.0, 0.0, 1.0, 0.5 ], "autoUv": false },
										"east": { "texture": "#handle", "uv": [ 13.5, 6.5, 14.0, 7.0 ], "autoUv": false },
										"south": { "texture": "#handle", "uv": [ 13.5, 7.5, 14.5, 8.0 ], "autoUv": false },
										"west": { "texture": "#handle", "uv": [ 14.0, 5.5, 14.5, 6.0 ], "autoUv": false },
										"up": { "texture": "#handle", "uv": [ 14.0, 5.0, 15.0, 5.5 ], "autoUv": false },
										"down": { "texture": "#handle", "uv": [ 14.5, 6.0, 15.5, 6.5 ], "autoUv": false }
									},
									"children": [
										{
											"name": "guard_1",
											"from": [ 0.0, 0.45, -0.075 ],
											"to": [ 0.825, 0.825, 0.675 ],
											"rotationOrigin": [ 0.0, 0.825, -0.075 ],
											"rotationZ": -24.0,
											"faces": {
												"north": { "texture": "#handle", "uv": [ 14.5, 6.5, 15.5, 7.0 ], "autoUv": false },
												"east": { "texture": "#handle", "uv": [ 14.0, 7.0, 15.0, 7.5 ], "autoUv": false },
												"south": { "texture": "#handle", "uv": [ 14.5, 6.5, 15.5, 7.0 ], "autoUv": false },
												"west": { "texture": "#handle", "uv": [ 13.5, 7.0, 14.5, 7.5 ], "autoUv": false },
												"up": { "texture": "#handle", "uv": [ 13.0, 5.5, 14.0, 6.5 ], "autoUv": false },
												"down": { "texture": "#handle", "uv": [ 13.5, 5.5, 14.5, 6.5 ], "autoUv": false }
											}
										},
										{
											"name": "guard_0",
											"from": [ 0.0, -0.375, -0.075 ],
											"to": [ 0.825, 0.0, 0.675 ],
											"rotationOrigin": [ 0.0, -0.375, -0.075 ],
											"rotationZ": 24.0,
											"faces": {
												"north": { "texture": "#handle", "uv": [ 13.5, 6.5, 14.5, 7.0 ], "autoUv": false },
												"east": { "texture": "#handle", "uv": [ 14.0, 6.5, 15.0, 7.0 ], "autoUv": false },
												"south": { "texture": "#handle", "uv": [ 13.0, 7.0, 14.0, 7.5 ], "autoUv": false },
												"west": { "texture": "#handle", "uv": [ 14.0, 6.0, 15.0, 6.5 ], "autoUv": false },
												"up": { "texture": "#handle", "uv": [ 14.0, 5.5, 15.0, 6.5 ], "autoUv": false },
												"down": { "texture": "#handle", "uv": [ 14.0, 6.0, 15.0, 7.0 ], "autoUv": false }
											}
										}
									]
								},
								{
									"name": "guard_3",
									"from": [ 0.0, 0.525, 0.0825 ],
									"to": [ 0.75, 0.975, 0.6825 ],
									"rotationOrigin": [ 0.0, 0.675, 0.075 ],
									"rotationZ": 180.0,
									"faces": {
										"north": { "texture": "#handle", "uv": [ 12.5, 6.0, 13.5, 6.5 ], "autoUv": false },
										"east": { "texture": "#handle", "uv": [ 13.0, 6.0, 13.5, 6.5 ], "autoUv": false },
										"south": { "texture": "#handle", "uv": [ 13.5, 5.5, 14.5, 6.0 ], "autoUv": false },
										"west": { "texture": "#handle", "uv": [ 14.0, 6.0, 14.5, 6.5 ], "autoUv": false },
										"up": { "texture": "#handle", "uv": [ 14.5, 6.0, 15.5, 6.5 ], "autoUv": false },
										"down": { "texture": "#handle", "uv": [ 14.0, 6.0, 15.0, 6.5 ], "autoUv": false }
									},
									"children": [
										{
											"name": "guard_4",
											"from": [ 0.0, 0.45, -0.075 ],
											"to": [ 0.825, 0.825, 0.675 ],
											"rotationOrigin": [ 0.0, 0.825, -0.075 ],
											"rotationZ": -24.0,
											"faces": {
												"north": { "texture": "#handle", "uv": [ 14.5, 6.5, 15.5, 7.0 ], "autoUv": false },
												"east": { "texture": "#handle", "uv": [ 13.5, 6.0, 14.5, 6.5 ], "autoUv": false },
												"south": { "texture": "#handle", "uv": [ 13.0, 6.5, 14.0, 7.0 ], "autoUv": false },
												"west": { "texture": "#handle", "uv": [ 13.5, 6.0, 14.5, 6.5 ], "autoUv": false },
												"up": { "texture": "#handle", "uv": [ 14.0, 6.5, 15.0, 7.5 ], "autoUv": false },
												"down": { "texture": "#handle", "uv": [ 13.5, 6.5, 14.5, 7.5 ], "autoUv": false }
											}
										},
										{
											"name": "guard_5",
											"from": [ 0.0, -0.375, -0.075 ],
											"to": [ 0.825, 0.0, 0.675 ],
											"rotationOrigin": [ 0.0, -0.375, -0.075 ],
											"rotationZ": 24.0,
											"faces": {
												"north": { "texture": "#handle", "uv": [ 14.5, 6.5, 15.5, 7.0 ], "autoUv": false },
												"east": { "texture": "#handle", "uv": [ 14.0, 6.5, 15.0, 7.0 ], "autoUv": false },
												"south": { "texture": "#handle", "uv": [ 13.0, 6.0, 14.0, 6.5 ], "autoUv": false },
												"west": { "texture": "#handle", "uv": [ 13.0, 6.0, 14.0, 6.5 ], "autoUv": false },
												"up": { "texture": "#handle", "uv": [ 13.5, 6.0, 14.5, 7.0 ], "autoUv": false },
												"down": { "texture": "#handle", "uv": [ 13.5, 5.0, 14.5, 6.0 ], "autoUv": false }
											}
										}
									]
								}
							]
						},
						{
							"name": "Guard_1",
							"from": [ -0.75, -0.6, 3.0 ],
							"to": [ 0.75, 0.6, 3.765 ],
							"rotationOrigin": [ -0.75, -0.6, 3.0 ],
							"faces": {
								"north": { "texture": "#handle", "uv": [ 13.5, 6.0, 15.5, 7.5 ], "autoUv": false },
								"east": { "texture": "#handle", "uv": [ 15.0, 5.5, 16.0, 7.0 ], "autoUv": false },
								"south": { "texture": "#handle", "uv": [ 13.0, 5.5, 15.0, 7.0 ], "autoUv": false },
								"west": { "texture": "#handle", "uv": [ 14.0, 5.5, 15.0, 7.0 ], "autoUv": false },
								"up": { "texture": "#handle", "uv": [ 13.5, 5.5, 15.5, 6.5 ], "autoUv": false },
								"down": { "texture": "#handle", "uv": [ 13.5, 6.0, 15.5, 7.0 ], "autoUv": false }
							},
							"children": [
								{
									"name": "guard_6",
									"from": [ 1.5, 0.375, 0.0825 ],
									"to": [ 2.25, 0.825, 0.6825 ],
									"rotationOrigin": [ 1.5, 0.525, 0.075 ],
									"faces": {
										"north": { "texture": "#handle", "uv": [ 0.0, 0.0, 1.0, 0.5 ], "autoUv": false },
										"east": { "texture": "#handle", "uv": [ 13.5, 6.5, 14.0, 7.0 ], "autoUv": false },
										"south": { "texture": "#handle", "uv": [ 13.5, 7.5, 14.5, 8.0 ], "autoUv": false },
										"west": { "texture": "#handle", "uv": [ 14.0, 5.5, 14.5, 6.0 ], "autoUv": false },
										"up": { "texture": "#handle", "uv": [ 14.0, 5.0, 15.0, 5.5 ], "autoUv": false },
										"down": { "texture": "#handle", "uv": [ 14.5, 6.0, 15.5, 6.5 ], "autoUv": false }
									},
									"children": [
										{
											"name": "guard_7",
											"from": [ 0.0, 0.45, -0.075 ],
											"to": [ 0.825, 0.825, 0.675 ],
											"rotationOrigin": [ 0.0, 0.825, -0.075 ],
											"rotationZ": -24.0,
											"faces": {
												"north": { "texture": "#handle", "uv": [ 14.5, 6.5, 15.5, 7.0 ], "autoUv": false },
												"east": { "texture": "#handle", "uv": [ 14.0, 7.0, 15.0, 7.5 ], "autoUv": false },
												"south": { "texture": "#handle", "uv": [ 14.5, 6.5, 15.5, 7.0 ], "autoUv": false },
												"west": { "texture": "#handle", "uv": [ 13.5, 7.0, 14.5, 7.5 ], "autoUv": false },
												"up": { "texture": "#handle", "uv": [ 13.0, 5.5, 14.0, 6.5 ], "autoUv": false },
												"down": { "texture": "#handle", "uv": [ 13.5, 5.5, 14.5, 6.5 ], "autoUv": false }
											}
										},
										{
											"name": "guard_8",
											"from": [ 0.0, -0.375, -0.075 ],
											"to": [ 0.825, 0.0, 0.675 ],
											"rotationOrigin": [ 0.0, -0.375, -0.075 ],
											"rotationZ": 24.0,
											"faces": {
												"north": { "texture": "#handle", "uv": [ 13.5, 6.5, 14.5, 7.0 ], "autoUv": false },
												"east": { "texture": "#handle", "uv": [ 14.0, 6.5, 15.0, 7.0 ], "autoUv": false },
												"south": { "texture": "#handle", "uv": [ 13.0, 7.0, 14.0, 7.5 ], "autoUv": false },
												"west": { "texture": "#handle", "uv": [ 14.0, 6.0, 15.0, 6.5 ], "autoUv": false },
												"up": { "texture": "#handle", "uv": [ 14.0, 5.5, 15.0, 6.5 ], "autoUv": false },
												"down": { "texture": "#handle", "uv": [ 14.0, 6.0, 15.0, 7.0 ], "autoUv": false }
											}
										}
									]
								},
								{
									"name": "guard_9",
									"from": [ 0.0, 0.525, 0.0825 ],
									"to": [ 0.75, 0.975, 0.6825 ],
									"rotationOrigin": [ 0.0, 0.675, 0.075 ],
									"rotationZ": 180.0,
									"faces": {
										"north": { "texture": "#handle", "uv": [ 12.5, 6.0, 13.5, 6.5 ], "autoUv": false },
										"east": { "texture": "#handle", "uv": [ 13.0, 6.0, 13.5, 6.5 ], "autoUv": false },
										"south": { "texture": "#handle", "uv": [ 13.5, 5.5, 14.5, 6.0 ], "autoUv": false },
										"west": { "texture": "#handle", "uv": [ 14.0, 6.0, 14.5, 6.5 ], "autoUv": false },
										"up": { "texture": "#handle", "uv": [ 14.5, 6.0, 15.5, 6.5 ], "autoUv": false },
										"down": { "texture": "#handle", "uv": [ 14.0, 6.0, 15.0, 6.5 ], "autoUv": false }
									},
									"children": [
										{
											"name": "guard_10",
											"from": [ 0.0, 0.45, -0.075 ],
											"to": [ 0.825, 0.825, 0.675 ],
											"rotationOrigin": [ 0.0, 0.825, -0.075 ],
											"rotationZ": -24.0,
											"faces": {
												"north": { "texture": "#handle", "uv": [ 14.5, 6.5, 15.5, 7.0 ], "autoUv": false },
												"east": { "texture": "#handle", "uv": [ 13.5, 6.0, 14.5, 6.5 ], "autoUv": false },
												"south": { "texture": "#handle", "uv": [ 13.0, 6.5, 14.0, 7.0 ], "autoUv": false },
												"west": { "texture": "#handle", "uv": [ 13.5, 6.0, 14.5, 6.5 ], "autoUv": false },
												"up": { "texture": "#handle", "uv": [ 14.0, 6.5, 15.0, 7.5 ], "autoUv": false },
												"down": { "texture": "#handle", "uv": [ 13.5, 6.5, 14.5, 7.5 ], "autoUv": false }
											}
										},
										{
											"name": "guard_11",
											"from": [ 0.0, -0.375, -0.075 ],
											"to": [ 0.825, 0.0, 0.675 ],
											"rotationOrigin": [ 0.0, -0.375, -0.075 ],
											"rotationZ": 24.0,
											"faces": {
												"north": { "texture": "#handle", "uv": [ 14.5, 6.5, 15.5, 7.0 ], "autoUv": false },
												"east": { "texture": "#handle", "uv": [ 14.0, 6.5, 15.0, 7.0 ], "autoUv": false },
												"south": { "texture": "#handle", "uv": [ 13.0, 6.0, 14.0, 6.5 ], "autoUv": false },
												"west": { "texture": "#handle", "uv": [ 13.0, 6.0, 14.0, 6.5 ], "autoUv": false },
												"up": { "texture": "#handle", "uv": [ 13.5, 6.0, 14.5, 7.0 ], "autoUv": false },
												"down": { "texture": "#handle", "uv": [ 13.5, 5.0, 14.5, 6.0 ], "autoUv": false }
											}
										}
									]
								}
							]
						}
					]
				}
			]
		}
	]}