{
	"editor": {
		"collapsedPaths": "Root/origin/handle,Root/Spear/Head/Blade/Cube12,Root/Spear/Dec/Cube27,Root/Spear/Head/Blade/blade_13,Root/origin/Large gear 2,Root/origin/Large gear 1,Root/Sowrd/Blade/Guard,Root/Spear/Dec/Cube10/Cube12,Root/Spear/Head/Blade/blade_2/blade_8,Root/Sowrd/Metal/Blade/blade_11/blade_15,Root/Spear/Head/Blade/blade_2/blade_3,Root/Spear/Head/Blade/blade_2/blade_14,Root/Spear/Head/Blade/Cube7,Root/Spear/Head/Blade/Cube5,Root/Spear/Head/Blade/Cube4,Root/origin,Root/Spear/Dec/Cube35,Root/Spear/Head/Blade/blade_2,Root/Sowrd/Blade/blade_3,Root/Sowrd/Blade/tong,Root/Sowrd/Blade/blade_1,Root/origin/segment end,Root/Sowrd/Blade/blade_6",
		"allAngles": false,
		"entityTextureMode": false
	},
	"textureWidth": 16,
	"textureHeight": 16,
	"textureSizes": {
	},
	"textures": {
		"blue": "block/cloth/linen/blue",
		"gold": "block/metal/ingot/gold",
		"tinbronze": "block/metal/ingot/tinbronze",
		"blade": "block/metal/plate/meteoriciron",
		"temporalgear": "item/resource/temporalgear"
	},
	"elements": [
		{
			"name": "Sowrd",
			"from": [ 3.1, 0.5, 8.0 ],
			"to": [ 3.1, 0.5, 8.0 ],
			"rotationOrigin": [ 3.1, 0.5, 8.0 ],
			"rotationY": -90.0,
			"faces": {
				"north": { "texture": "#blade", "uv": [ 0.0, 0.0, 0.5, 0.5 ], "autoUv": false },
				"east": { "texture": "#blade", "uv": [ 0.0, 0.0, 0.5, 0.5 ], "autoUv": false },
				"south": { "texture": "#blade", "uv": [ 0.0, 0.0, 0.5, 0.5 ], "autoUv": false },
				"west": { "texture": "#blade", "uv": [ 0.0, 0.0, 0.5, 0.5 ], "autoUv": false },
				"up": { "texture": "#blade", "uv": [ 0.0, 0.0, 0.5, 0.5 ], "autoUv": false },
				"down": { "texture": "#blade", "uv": [ 0.0, 0.0, 0.5, 0.5 ], "autoUv": false }
			},
			"children": [
				{
					"name": "Metal",
					"from": [ 0.0, 0.0, 0.0 ],
					"to": [ 0.0, 0.0, 0.0 ],
					"faces": {
						"north": { "texture": "#blade", "uv": [ 0.0, 0.0, 0.5, 0.5 ], "autoUv": false },
						"east": { "texture": "#blade", "uv": [ 0.0, 0.0, 0.5, 0.5 ], "autoUv": false },
						"south": { "texture": "#blade", "uv": [ 0.0, 0.0, 0.5, 0.5 ], "autoUv": false },
						"west": { "texture": "#blade", "uv": [ 0.0, 0.0, 0.5, 0.5 ], "autoUv": false },
						"up": { "texture": "#blade", "uv": [ 0.0, 0.0, 0.5, 0.5 ], "autoUv": false },
						"down": { "texture": "#blade", "uv": [ 0.0, 0.0, 0.5, 0.5 ], "autoUv": false }
					},
					"children": [
						{
							"name": "tong",
							"from": [ -0.45, -0.3, 0.0 ],
							"to": [ -0.45, -0.3, 0.0 ],
							"rotationOrigin": [ -0.45, -0.3, 0.0 ],
							"faces": {
								"north": { "texture": "#tinbronze", "uv": [ 8.0, 5.0, 8.5, 5.5 ], "autoUv": false },
								"east": { "texture": "#tinbronze", "uv": [ 3.0, 5.5, 3.5, 6.0 ], "autoUv": false },
								"south": { "texture": "#tinbronze", "uv": [ 8.0, 5.5, 8.5, 6.0 ], "autoUv": false },
								"west": { "texture": "#tinbronze", "uv": [ 3.5, 5.5, 4.0, 6.0 ], "autoUv": false },
								"up": { "texture": "#tinbronze", "uv": [ 7.5, 0.5, 8.0, 1.0 ], "autoUv": false },
								"down": { "texture": "#tinbronze", "uv": [ 7.5, 0.5, 8.0, 1.0 ], "autoUv": false }
							},
							"children": [
								{
									"name": "tong2",
									"from": [ -0.225, -0.225, 4.125 ],
									"to": [ 1.125, 0.825, 4.875 ],
									"rotationOrigin": [ -0.225, -0.225, 4.125 ],
									"faces": {
										"north": { "texture": "#tinbronze", "uv": [ 3.5, 5.5, 5.0, 6.5 ], "autoUv": false },
										"east": { "texture": "#tinbronze", "uv": [ 4.0, 5.0, 5.0, 6.0 ], "autoUv": false },
										"south": { "texture": "#tinbronze", "uv": [ 3.0, 5.5, 4.5, 6.5 ], "autoUv": false },
										"west": { "texture": "#tinbronze", "uv": [ 3.0, 6.5, 4.0, 7.5 ], "autoUv": false },
										"up": { "texture": "#tinbronze", "uv": [ 3.0, 5.5, 4.5, 6.5 ], "autoUv": false },
										"down": { "texture": "#tinbronze", "uv": [ 2.5, 4.5, 4.0, 5.5 ], "autoUv": false }
									}
								},
								{
									"name": "tong3",
									"from": [ 0.0, 0.0, 4.95 ],
									"to": [ 0.9, 0.6, 5.25 ],
									"rotationOrigin": [ 0.0, 0.0, 4.95 ],
									"faces": {
										"north": { "texture": "#temporalgear", "uv": [ 8.5, 9.5, 9.5, 10.0 ], "autoUv": false },
										"east": { "texture": "#temporalgear", "uv": [ 8.5, 9.0, 9.0, 9.5 ], "autoUv": false },
										"south": { "texture": "#temporalgear", "uv": [ 2.5, 6.5, 4.5, 8.0 ], "autoUv": false },
										"west": { "texture": "#temporalgear", "uv": [ 8.0, 9.5, 8.5, 10.0 ], "autoUv": false },
										"up": { "texture": "#temporalgear", "uv": [ 8.5, 9.5, 9.5, 10.0 ], "autoUv": false },
										"down": { "texture": "#temporalgear", "uv": [ 8.5, 9.5, 9.5, 10.0 ], "autoUv": false }
									}
								},
								{
									"name": "tong4",
									"from": [ -0.075, -0.075, 4.875 ],
									"to": [ 0.975, 0.675, 5.1 ],
									"rotationOrigin": [ -0.075, -0.075, 4.875 ],
									"faces": {
										"north": { "texture": "#gold", "uv": [ 8.5, 9.5, 9.5, 10.5 ], "autoUv": false },
										"east": { "texture": "#gold", "uv": [ 8.5, 9.0, 9.0, 10.0 ], "autoUv": false },
										"south": { "texture": "#gold", "uv": [ 8.0, 8.5, 9.0, 9.5 ], "autoUv": false },
										"west": { "texture": "#gold", "uv": [ 8.0, 9.5, 8.5, 10.5 ], "autoUv": false },
										"up": { "texture": "#gold", "uv": [ 8.5, 9.5, 9.5, 10.0 ], "autoUv": false },
										"down": { "texture": "#gold", "uv": [ 8.5, 9.5, 9.5, 10.0 ], "autoUv": false }
									}
								}
							]
						},
						{
							"name": "Guard",
							"from": [ -0.75, -0.45, -0.75 ],
							"to": [ 0.75, 0.45, 0.0 ],
							"rotationOrigin": [ -0.75, -0.45, -0.75 ],
							"faces": {
								"north": { "texture": "#tinbronze", "uv": [ 9.0, 12.0, 11.0, 13.0 ], "autoUv": false },
								"east": { "texture": "#tinbronze", "uv": [ 7.5, 9.0, 8.5, 10.0 ], "autoUv": false },
								"south": { "texture": "#tinbronze", "uv": [ 8.0, 8.5, 10.0, 9.5 ], "autoUv": false },
								"west": { "texture": "#tinbronze", "uv": [ 0.0, 0.0, 1.0, 1.0 ], "autoUv": false },
								"up": { "texture": "#tinbronze", "uv": [ 14.0, 5.5, 16.0, 6.5 ], "autoUv": false },
								"down": { "texture": "#tinbronze", "uv": [ 8.0, 9.0, 10.0, 10.0 ], "autoUv": false }
							},
							"children": [
								{
									"name": "guard_2",
									"from": [ 1.5, 0.225, 0.075 ],
									"to": [ 3.0, 0.675, 0.675 ],
									"rotationOrigin": [ 1.5, 0.225, 0.75 ],
									"rotationY": 45.0,
									"faces": {
										"north": { "texture": "#tinbronze", "uv": [ 0.0, 0.0, 2.0, 0.5 ], "autoUv": false },
										"east": { "texture": "#tinbronze", "uv": [ 0.0, 0.0, 0.5, 0.5 ], "autoUv": false },
										"south": { "texture": "#tinbronze", "uv": [ 0.0, 0.0, 2.0, 0.5 ], "autoUv": false },
										"west": { "texture": "#tinbronze", "uv": [ 0.0, 0.0, 0.5, 0.5 ], "autoUv": false },
										"up": { "texture": "#tinbronze", "uv": [ 0.0, 0.0, 2.0, 0.5 ], "autoUv": false },
										"down": { "texture": "#tinbronze", "uv": [ 0.0, 0.0, 2.0, 0.5 ], "autoUv": false }
									},
									"children": [
										{
											"name": "guard_1",
											"from": [ 0.0, 0.375, -0.075 ],
											"to": [ 2.25, 0.675, 0.675 ],
											"rotationOrigin": [ 0.0, 0.675, -0.075 ],
											"rotationZ": -7.4,
											"faces": {
												"north": { "texture": "#tinbronze", "uv": [ 8.5, 9.5, 11.5, 10.0 ], "autoUv": false },
												"east": { "texture": "#tinbronze", "uv": [ 9.0, 9.0, 10.0, 9.5 ], "autoUv": false },
												"south": { "texture": "#tinbronze", "uv": [ 8.0, 9.0, 11.0, 9.5 ], "autoUv": false },
												"west": { "texture": "#tinbronze", "uv": [ 0.0, 0.0, 1.0, 0.5 ], "autoUv": false },
												"up": { "texture": "#tinbronze", "uv": [ 7.5, 9.0, 10.5, 10.0 ], "autoUv": false },
												"down": { "texture": "#tinbronze", "uv": [ 8.0, 8.5, 11.0, 9.5 ], "autoUv": false }
											}
										},
										{
											"name": "guard_0",
											"from": [ 0.0, -0.225, -0.0825 ],
											"to": [ 2.25, 0.075, 0.6675 ],
											"rotationOrigin": [ 0.0, -0.225, -0.075 ],
											"rotationZ": 7.4,
											"faces": {
												"north": { "texture": "#tinbronze", "uv": [ 0.0, 0.0, 3.0, 0.5 ], "autoUv": false },
												"east": { "texture": "#tinbronze", "uv": [ 0.0, 0.0, 1.0, 0.5 ], "autoUv": false },
												"south": { "texture": "#tinbronze", "uv": [ 8.0, 9.0, 11.0, 9.5 ], "autoUv": false },
												"west": { "texture": "#tinbronze", "uv": [ 0.0, 0.0, 1.0, 0.5 ], "autoUv": false },
												"up": { "texture": "#tinbronze", "uv": [ 8.0, 9.0, 11.0, 10.0 ], "autoUv": false },
												"down": { "texture": "#tinbronze", "uv": [ 8.0, 9.0, 11.0, 10.0 ], "autoUv": false }
											}
										}
									]
								},
								{
									"name": "guard_3",
									"from": [ 0.0, 0.375, 0.075 ],
									"to": [ 1.5, 0.825, 0.675 ],
									"rotationOrigin": [ 0.0, 0.525, 0.75 ],
									"rotationY": -45.0,
									"rotationZ": 180.0,
									"faces": {
										"north": { "texture": "#tinbronze", "uv": [ 0.0, 0.0, 2.0, 0.5 ], "autoUv": false },
										"east": { "texture": "#tinbronze", "uv": [ 0.0, 0.0, 0.5, 0.5 ], "autoUv": false },
										"south": { "texture": "#tinbronze", "uv": [ 0.0, 0.0, 2.0, 0.5 ], "autoUv": false },
										"west": { "texture": "#tinbronze", "uv": [ 0.0, 0.0, 0.5, 0.5 ], "autoUv": false },
										"up": { "texture": "#tinbronze", "uv": [ 0.0, 0.0, 2.0, 0.5 ], "autoUv": false },
										"down": { "texture": "#tinbronze", "uv": [ 0.0, 0.0, 2.0, 0.5 ], "autoUv": false }
									},
									"children": [
										{
											"name": "guard_4",
											"from": [ 0.0, 0.375, -0.075 ],
											"to": [ 2.25, 0.675, 0.675 ],
											"rotationOrigin": [ 0.0, 0.675, -0.075 ],
											"rotationZ": -7.4,
											"faces": {
												"north": { "texture": "#tinbronze", "uv": [ 0.0, 0.0, 3.0, 0.5 ], "autoUv": false },
												"east": { "texture": "#tinbronze", "uv": [ 0.0, 0.0, 1.0, 0.5 ], "autoUv": false },
												"south": { "texture": "#tinbronze", "uv": [ 8.0, 8.5, 11.0, 9.0 ], "autoUv": false },
												"west": { "texture": "#tinbronze", "uv": [ 0.0, 0.0, 1.0, 0.5 ], "autoUv": false },
												"up": { "texture": "#tinbronze", "uv": [ 8.0, 8.5, 11.0, 9.5 ], "autoUv": false },
												"down": { "texture": "#tinbronze", "uv": [ 8.0, 9.0, 11.0, 10.0 ], "autoUv": false }
											}
										},
										{
											"name": "guard_5",
											"from": [ 0.0, -0.225, -0.0825 ],
											"to": [ 2.25, 0.075, 0.6675 ],
											"rotationOrigin": [ 0.0, -0.225, -0.075 ],
											"rotationZ": 7.4,
											"faces": {
												"north": { "texture": "#tinbronze", "uv": [ 8.5, 9.0, 11.5, 9.5 ], "autoUv": false },
												"east": { "texture": "#tinbronze", "uv": [ 9.0, 9.5, 10.0, 10.0 ], "autoUv": false },
												"south": { "texture": "#tinbronze", "uv": [ 8.0, 9.0, 11.0, 9.5 ], "autoUv": false },
												"west": { "texture": "#tinbronze", "uv": [ 8.5, 9.0, 9.5, 9.5 ], "autoUv": false },
												"up": { "texture": "#tinbronze", "uv": [ 8.5, 9.0, 11.5, 10.0 ], "autoUv": false },
												"down": { "texture": "#tinbronze", "uv": [ 8.0, 9.0, 11.0, 10.0 ], "autoUv": false }
											}
										}
									]
								}
							]
						},
						{
							"name": "Blade",
							"from": [ -0.225, -0.225, -0.75 ],
							"to": [ -0.225, -0.225, -0.75 ],
							"rotationOrigin": [ -0.225, -0.225, -0.75 ],
							"faces": {
								"north": { "texture": "#blade", "uv": [ 0.0, 0.0, 0.5, 0.5 ], "autoUv": false },
								"east": { "texture": "#blade", "uv": [ 0.0, 0.0, 0.5, 0.5 ], "autoUv": false },
								"south": { "texture": "#blade", "uv": [ 0.0, 0.0, 0.5, 0.5 ], "autoUv": false },
								"west": { "texture": "#blade", "uv": [ 0.0, 0.0, 0.5, 0.5 ], "autoUv": false },
								"up": { "texture": "#blade", "uv": [ 0.0, 0.0, 0.5, 0.5 ], "autoUv": false },
								"down": { "texture": "#blade", "uv": [ 0.0, 0.0, 0.5, 0.5 ], "autoUv": false }
							},
							"children": [
								{
									"name": "blade_6",
									"from": [ -1.05, 0.15, -12.0 ],
									"to": [ 0.0, 0.3, 0.0 ],
									"rotationOrigin": [ -1.05, 0.15, 0.0 ],
									"rotationY": -1.7,
									"faces": {
										"north": { "texture": "#blade", "uv": [ 0.0, 0.0, 1.0, 0.5 ], "autoUv": false },
										"east": { "texture": "#blade", "uv": [ 0.0, 0.0, 16.0, 0.5 ], "autoUv": false },
										"south": { "texture": "#blade", "uv": [ 0.0, 0.0, 1.0, 0.5 ], "autoUv": false },
										"west": { "texture": "#blade", "uv": [ 0.0, 0.0, 16.0, 0.5 ], "autoUv": false },
										"up": { "texture": "#blade", "uv": [ 0.0, 0.0, 1.0, 16.0 ], "autoUv": false },
										"down": { "texture": "#blade", "uv": [ 0.0, 0.0, 1.0, 16.0 ], "autoUv": false }
									},
									"children": [
										{
											"name": "blade_9",
											"from": [ 0.0, 0.0075, -7.5 ],
											"to": [ 0.6, 0.1575, 0.0 ],
											"rotationOrigin": [ 0.0, 0.0, 0.0 ],
											"rotationY": -1.0,
											"faces": {
												"north": { "texture": "#blade", "uv": [ 0.0, 0.0, 0.5, 0.5 ], "autoUv": false },
												"east": { "texture": "#blade", "uv": [ 0.0, 1.0, 10.0, 1.5 ], "autoUv": false },
												"south": { "texture": "#blade", "uv": [ 1.0, 0.5, 1.5, 1.0 ], "autoUv": false },
												"west": { "texture": "#blade", "uv": [ 0.5, 1.0, 10.5, 1.5 ], "autoUv": false },
												"up": { "texture": "#blade", "uv": [ 1.5, 3.0, 2.0, 13.0 ], "autoUv": false },
												"down": { "texture": "#blade", "uv": [ 2.5, 0.0, 3.0, 10.0 ], "autoUv": false }
											},
											"children": [
												{
													"name": "blade_8",
													"from": [ 0.0, 0.0, -1.5225 ],
													"to": [ 0.375, 0.15, 0.0 ],
													"rotationOrigin": [ 0.0, 0.0, 0.0 ],
													"rotationY": -11.0,
													"faces": {
														"north": { "texture": "#blade", "uv": [ 0.0, 0.0, 0.5, 0.5 ], "autoUv": false },
														"east": { "texture": "#blade", "uv": [ 0.0, 0.0, 2.0, 0.5 ], "autoUv": false },
														"south": { "texture": "#blade", "uv": [ 0.0, 0.0, 0.5, 0.5 ], "autoUv": false },
														"west": { "texture": "#blade", "uv": [ 0.0, 0.0, 2.0, 0.5 ], "autoUv": false },
														"up": { "texture": "#blade", "uv": [ 0.0, 0.0, 0.5, 2.0 ], "autoUv": false },
														"down": { "texture": "#blade", "uv": [ 0.0, 0.0, 0.5, 2.0 ], "autoUv": false }
													}
												}
											]
										},
										{
											"name": "rib_2",
											"from": [ 0.525, -0.15, 0.0 ],
											"to": [ 0.975, 0.3, 12.0 ],
											"rotationOrigin": [ 0.75, 0.075, 12.0 ],
											"rotationZ": 35.0,
											"faces": {
												"north": { "texture": "#blade", "uv": [ 0.0, 0.0, 0.5, 0.5 ], "autoUv": false },
												"east": { "texture": "#blade", "uv": [ 0.0, 11.5, 16.0, 12.0 ], "autoUv": false },
												"south": { "texture": "#blade", "uv": [ 0.0, 0.0, 0.5, 0.5 ], "autoUv": false },
												"west": { "texture": "#blade", "uv": [ 0.0, 8.5, 16.0, 9.0 ], "autoUv": false },
												"up": { "texture": "#blade", "uv": [ 7.5, 0.0, 8.0, 16.0 ], "autoUv": false },
												"down": { "texture": "#blade", "uv": [ 10.5, 0.0, 11.0, 16.0 ], "autoUv": false }
											},
											"children": [
												{
													"name": "rib_3",
													"from": [ 0.0, 0.0, -3.45 ],
													"to": [ 0.45, 0.45, 0.0 ],
													"rotationOrigin": [ 0.15, 0.15, -3.45 ],
													"faces": {
														"north": { "texture": "#blade", "uv": [ 0.0, 0.0, 0.5, 0.5 ], "autoUv": false },
														"east": { "texture": "#blade", "uv": [ 3.5, 4.5, 8.0, 5.0 ], "autoUv": false },
														"south": { "texture": "#blade", "uv": [ 0.5, 0.0, 1.0, 0.5 ], "autoUv": false },
														"west": { "texture": "#blade", "uv": [ 4.0, 4.5, 8.5, 5.0 ], "autoUv": false },
														"up": { "texture": "#blade", "uv": [ 6.5, 4.0, 7.0, 8.5 ], "autoUv": false },
														"down": { "texture": "#blade", "uv": [ 7.0, 2.5, 7.5, 7.0 ], "autoUv": false }
													}
												}
											]
										}
									]
								},
								{
									"name": "blade_3",
									"from": [ -0.15, 0.15, -12.0 ],
									"to": [ 0.6, 0.3, 0.0 ],
									"rotationOrigin": [ -0.15, 0.15, 0.0 ],
									"faces": {
										"north": { "texture": "#blade", "uv": [ 0.0, 0.0, 1.0, 0.5 ], "autoUv": false },
										"east": { "texture": "#blade", "uv": [ 0.0, 0.0, 16.0, 0.5 ], "autoUv": false },
										"south": { "texture": "#blade", "uv": [ 0.0, 0.0, 1.0, 0.5 ], "autoUv": false },
										"west": { "texture": "#blade", "uv": [ 0.0, 0.0, 16.0, 0.5 ], "autoUv": false },
										"up": { "texture": "#blade", "uv": [ 0.0, 0.0, 1.0, 16.0 ], "autoUv": false },
										"down": { "texture": "#blade", "uv": [ 0.0, 0.0, 1.0, 16.0 ], "autoUv": false }
									},
									"children": [
										{
											"name": "blade_4",
											"from": [ 0.075, 0.0075, -8.25 ],
											"to": [ 0.675, 0.1425, -0.75 ],
											"rotationOrigin": [ 0.075, 0.0, 2.25 ],
											"faces": {
												"north": { "texture": "#blade", "uv": [ 0.0, 0.0, 0.5, 0.5 ], "autoUv": false },
												"east": { "texture": "#blade", "uv": [ 0.0, 0.0, 10.0, 0.5 ], "autoUv": false },
												"south": { "texture": "#blade", "uv": [ 0.0, 0.0, 0.5, 0.5 ], "autoUv": false },
												"west": { "texture": "#blade", "uv": [ 0.0, 0.0, 10.0, 0.5 ], "autoUv": false },
												"up": { "texture": "#blade", "uv": [ 0.0, 0.0, 0.5, 10.0 ], "autoUv": false },
												"down": { "texture": "#blade", "uv": [ 0.0, 0.0, 0.5, 10.0 ], "autoUv": false }
											}
										},
										{
											"name": "blade_10",
											"from": [ 0.225, -0.0075, -9.12 ],
											"to": [ 0.51, 0.1575, -8.835 ],
											"rotationOrigin": [ 0.375, -0.15, -8.985 ],
											"rotationY": 45.0,
											"faces": {
												"north": { "texture": "#blade", "uv": [ 0.0, 0.0, 0.5, 0.5 ], "autoUv": false },
												"east": { "texture": "#blade", "uv": [ 0.0, 0.0, 0.5, 0.5 ], "autoUv": false },
												"south": { "texture": "#blade", "uv": [ 0.0, 0.0, 0.5, 0.5 ], "autoUv": false },
												"west": { "texture": "#blade", "uv": [ 0.0, 0.0, 0.5, 0.5 ], "autoUv": false },
												"up": { "texture": "#blade", "uv": [ 0.0, 0.0, 0.5, 0.5 ], "autoUv": false },
												"down": { "texture": "#blade", "uv": [ 0.0, 0.0, 0.5, 0.5 ], "autoUv": false }
											}
										},
										{
											"name": "rib_8",
											"from": [ 0.15, -0.15, 5.25 ],
											"to": [ 0.6, 0.3, 12.0 ],
											"rotationOrigin": [ 0.3736, 0.075, 17.25 ],
											"rotationZ": 45.0,
											"faces": {
												"north": { "texture": "#blade", "uv": [ 0.0, 0.0, 0.5, 0.5 ], "autoUv": false },
												"east": { "texture": "#blade", "uv": [ 0.0, 8.5, 9.0, 9.0 ], "autoUv": false },
												"south": { "texture": "#blade", "uv": [ 0.0, 0.0, 0.5, 0.5 ], "autoUv": false },
												"west": { "texture": "#blade", "uv": [ 0.0, 10.0, 9.0, 10.5 ], "autoUv": false },
												"up": { "texture": "#blade", "uv": [ 9.0, 0.0, 9.5, 9.0 ], "autoUv": false },
												"down": { "texture": "#blade", "uv": [ 11.0, 0.0, 11.5, 9.0 ], "autoUv": false }
											}
										}
									]
								},
								{
									"name": "blade_11",
									"from": [ 0.45, 0.15, -12.0 ],
									"to": [ 1.5, 0.3, 0.0 ],
									"rotationOrigin": [ 1.5, 0.15, 0.0 ],
									"rotationY": 1.7,
									"faces": {
										"north": { "texture": "#blade", "uv": [ 0.0, 0.0, 1.0, 0.5 ], "autoUv": false },
										"east": { "texture": "#blade", "uv": [ 0.0, 0.0, 16.0, 0.5 ], "autoUv": false },
										"south": { "texture": "#blade", "uv": [ 0.0, 0.0, 1.0, 0.5 ], "autoUv": false },
										"west": { "texture": "#blade", "uv": [ 0.0, 0.0, 16.0, 0.5 ], "autoUv": false },
										"up": { "texture": "#blade", "uv": [ 0.0, 0.0, 1.0, 16.0 ], "autoUv": false },
										"down": { "texture": "#blade", "uv": [ 0.0, 0.0, 1.0, 16.0 ], "autoUv": false }
									},
									"children": [
										{
											"name": "blade_12",
											"from": [ 0.45, 0.0, -7.5 ],
											"to": [ 1.05, 0.15, 0.0 ],
											"rotationOrigin": [ 0.9, 0.0, 0.0 ],
											"rotationY": 1.0,
											"faces": {
												"north": { "texture": "#blade", "uv": [ 0.0, 0.0, 0.5, 0.5 ], "autoUv": false },
												"east": { "texture": "#blade", "uv": [ 0.0, 0.0, 10.0, 0.5 ], "autoUv": false },
												"south": { "texture": "#blade", "uv": [ 0.0, 0.0, 0.5, 0.5 ], "autoUv": false },
												"west": { "texture": "#blade", "uv": [ 0.0, 0.0, 10.0, 0.5 ], "autoUv": false },
												"up": { "texture": "#blade", "uv": [ 0.0, 0.0, 0.5, 10.0 ], "autoUv": false },
												"down": { "texture": "#blade", "uv": [ 0.0, 0.0, 0.5, 10.0 ], "autoUv": false }
											},
											"children": [
												{
													"name": "blade_14",
													"from": [ 0.225, 0.0, -1.5225 ],
													"to": [ 0.6, 0.15, 0.0 ],
													"rotationOrigin": [ 0.6, 0.0, 0.0 ],
													"rotationY": 11.0,
													"faces": {
														"north": { "texture": "#blade", "uv": [ 1.0, 1.0, 1.5, 1.5 ], "autoUv": false },
														"east": { "texture": "#blade", "uv": [ 0.5, 1.0, 2.5, 1.5 ], "autoUv": false },
														"south": { "texture": "#blade", "uv": [ 0.0, 0.0, 0.5, 0.5 ], "autoUv": false },
														"west": { "texture": "#blade", "uv": [ 0.5, 1.0, 2.5, 1.5 ], "autoUv": false },
														"up": { "texture": "#blade", "uv": [ 1.5, 1.0, 2.0, 3.0 ], "autoUv": false },
														"down": { "texture": "#blade", "uv": [ 1.0, 1.5, 1.5, 3.5 ], "autoUv": false }
													}
												}
											]
										},
										{
											"name": "rib_0",
											"from": [ 0.0, -0.15, 0.0 ],
											"to": [ 0.45, 0.3, 12.0 ],
											"rotationOrigin": [ 0.225, 0.075, 0.0 ],
											"rotationZ": 45.0,
											"faces": {
												"north": { "texture": "#blade", "uv": [ 0.0, 0.0, 0.5, 0.5 ], "autoUv": false },
												"east": { "texture": "#blade", "uv": [ 0.0, 9.0, 16.0, 9.5 ], "autoUv": false },
												"south": { "texture": "#blade", "uv": [ 0.0, 0.0, 0.5, 0.5 ], "autoUv": false },
												"west": { "texture": "#blade", "uv": [ 0.0, 9.5, 16.0, 10.0 ], "autoUv": false },
												"up": { "texture": "#blade", "uv": [ 9.0, 0.0, 9.5, 16.0 ], "autoUv": false },
												"down": { "texture": "#blade", "uv": [ 11.5, 0.0, 12.0, 16.0 ], "autoUv": false }
											},
											"children": [
												{
													"name": "rib_1",
													"from": [ 0.0, 0.0, -3.45 ],
													"to": [ 0.45, 0.45, 0.0 ],
													"rotationOrigin": [ 0.15, 0.15, -3.45 ],
													"faces": {
														"north": { "texture": "#blade", "uv": [ 0.0, 0.0, 0.5, 0.5 ], "autoUv": false },
														"east": { "texture": "#blade", "uv": [ 1.0, 4.0, 5.5, 4.5 ], "autoUv": false },
														"south": { "texture": "#blade", "uv": [ 0.5, 0.0, 1.0, 0.5 ], "autoUv": false },
														"west": { "texture": "#blade", "uv": [ 2.5, 4.0, 7.0, 4.5 ], "autoUv": false },
														"up": { "texture": "#blade", "uv": [ 5.5, 2.5, 6.0, 7.0 ], "autoUv": false },
														"down": { "texture": "#blade", "uv": [ 5.5, 2.0, 6.0, 6.5 ], "autoUv": false }
													}
												}
											]
										}
									]
								}
							]
						}
					]
				},
				{
					"name": "Handle",
					"from": [ 0.0, 0.0, 0.0 ],
					"to": [ 0.0, 0.0, 0.75 ],
					"faces": {
						"north": { "texture": "#blade", "uv": [ 0.0, 0.0, 0.5, 0.5 ], "autoUv": false },
						"east": { "texture": "#blade", "uv": [ 0.0, 0.0, 1.0, 0.5 ], "autoUv": false },
						"south": { "texture": "#blade", "uv": [ 0.0, 0.0, 0.5, 0.5 ], "autoUv": false },
						"west": { "texture": "#blade", "uv": [ 0.0, 0.0, 1.0, 0.5 ], "autoUv": false },
						"up": { "texture": "#blade", "uv": [ 0.0, 0.0, 0.5, 1.0 ], "autoUv": false },
						"down": { "texture": "#blade", "uv": [ 0.0, 0.0, 0.5, 1.0 ], "autoUv": false }
					},
					"children": [
						{
							"name": "handle_0",
							"from": [ -0.525, -0.3, 0.0 ],
							"to": [ 0.525, 0.3, 4.125 ],
							"rotationOrigin": [ -0.525, -0.3, 0.0 ],
							"faces": {
								"north": { "texture": "#blue", "uv": [ 0.0, 0.0, 1.0, 0.5 ], "autoUv": false },
								"east": { "texture": "#blue", "uv": [ 0.0, 0.0, 6.0, 1.0 ], "autoUv": false },
								"south": { "texture": "#blue", "uv": [ 0.0, 0.0, 1.0, 0.5 ], "autoUv": false },
								"west": { "texture": "#blue", "uv": [ 0.0, 0.0, 6.0, 1.0 ], "autoUv": false },
								"up": { "texture": "#blue", "uv": [ 0.0, 0.0, 1.5, 5.5 ], "autoUv": false },
								"down": { "texture": "#blue", "uv": [ 0.0, 0.0, 1.5, 5.5 ], "autoUv": false }
							}
						},
						{
							"name": "handle_1",
							"from": [ -0.6, -0.375, 0.0 ],
							"to": [ 0.6, 0.375, 0.375 ],
							"rotationOrigin": [ -0.6, -0.375, 0.0 ],
							"faces": {
								"north": { "texture": "#blade", "uv": [ 0.0, 0.0, 1.5, 1.0 ], "autoUv": false },
								"east": { "texture": "#blade", "uv": [ 0.0, 0.0, 0.5, 1.0 ], "autoUv": false },
								"south": { "texture": "#blade", "uv": [ 0.0, 0.0, 1.5, 1.0 ], "autoUv": false },
								"west": { "texture": "#blade", "uv": [ 0.0, 0.0, 0.5, 1.0 ], "autoUv": false },
								"up": { "texture": "#blade", "uv": [ 0.0, 0.0, 1.5, 0.5 ], "autoUv": false },
								"down": { "texture": "#blade", "uv": [ 0.0, 0.0, 1.5, 0.5 ], "autoUv": false }
							}
						},
						{
							"name": "handle_2",
							"from": [ -0.6, -0.375, 3.75 ],
							"to": [ 0.6, 0.375, 4.125 ],
							"rotationOrigin": [ -0.6, -0.375, 3.75 ],
							"faces": {
								"north": { "texture": "#blade", "uv": [ 0.0, 0.0, 1.5, 1.0 ], "autoUv": false },
								"east": { "texture": "#blade", "uv": [ 0.0, 0.0, 0.5, 1.0 ], "autoUv": false },
								"south": { "texture": "#blade", "uv": [ 0.0, 0.0, 1.5, 1.0 ], "autoUv": false },
								"west": { "texture": "#blade", "uv": [ 0.0, 0.0, 0.5, 1.0 ], "autoUv": false },
								"up": { "texture": "#blade", "uv": [ 0.0, 0.0, 1.5, 0.5 ], "autoUv": false },
								"down": { "texture": "#blade", "uv": [ 0.0, 0.0, 1.5, 0.5 ], "autoUv": false }
							}
						},
						{
							"name": "handle_3",
							"from": [ -0.6, -0.375, 1.875 ],
							"to": [ 0.6, 0.375, 2.25 ],
							"rotationOrigin": [ -0.6, -0.375, 1.875 ],
							"faces": {
								"north": { "texture": "#blade", "uv": [ 0.0, 0.0, 1.5, 1.0 ], "autoUv": false },
								"east": { "texture": "#blade", "uv": [ 0.0, 0.0, 0.5, 1.0 ], "autoUv": false },
								"south": { "texture": "#blade", "uv": [ 0.0, 0.0, 1.5, 1.0 ], "autoUv": false },
								"west": { "texture": "#blade", "uv": [ 0.0, 0.0, 0.5, 1.0 ], "autoUv": false },
								"up": { "texture": "#blade", "uv": [ 0.0, 0.0, 1.5, 0.5 ], "autoUv": false },
								"down": { "texture": "#blade", "uv": [ 0.0, 0.0, 1.5, 0.5 ], "autoUv": false }
							}
						}
					]
				}
			]
		}
	]}