{
	"editor": {
		"backDropShape": "E:/Programs/VSModelCreator/seraph-hairless",
		"collapsedPaths": "Root/Waist-Belt,Root/Waist-Quiver/Quiver/arrow_5,Root/Tabard-Lower/belt_0,Root/Waist-Quiver/Quiver/arrow_4,Root/Waist-Quiver/Belt,Root/Waist-Quiver/Quiver/arrow_3,Root/Waist-Quiver/Quiver/arrow_2,Root/Tabard-Lower/tabard_23,Root/Waist-Quiver/Quiver/arrow_1,Root/Waist/buckle-bottom,Root/Waist-Quiver/Quiver/arrow_0",
		"allAngles": false,
		"entityTextureMode": false
	},
	"textureWidth": 16,
	"textureHeight": 16,
	"textureSizes": {
	},
	"textures": {
		"tabard-first": "game:block/cloth/linen/plain",
		"tabard-second": "game:block/cloth/linen/plain",
		"tabard-belt": "game:block/cloth/linen/plain",
		"tabard-emblem": "tabards:empty"
	},
	"elements": [
		{
			"name": "Tabard-Upper",
			"stepParentName": "UpperTorso",
			"from": [ 0.0, 0.0, 0.0 ],
			"to": [ 5.0, 5.0, 6.2 ],
			"faces": {
			},
			"children": [
				{
					"name": "tabard_0",
					"from": [ -0.7, -0.7, -0.15 ],
					"to": [ -0.4, 4.8, 3.1 ],
					"rotationOrigin": [ -0.7, -0.7, -0.1 ],
					"faces": {
						"north": { "texture": "#tabard-second", "uv": [ 0.0, 0.0, 0.5, 5.5 ] },
						"east": { "texture": "#tabard-second", "uv": [ 0.0, 0.0, 3.0, 5.5 ] },
						"south": { "texture": "#tabard-second", "uv": [ 0.0, 0.0, 0.5, 5.5 ] },
						"west": { "texture": "#tabard-second", "uv": [ 0.0, 0.0, 3.25, 5.5 ], "autoUv": false, "windMode": [-1,-1,-1,-1], "windData": [1,1,1,1] },
						"up": { "texture": "#tabard-second", "uv": [ 0.0, 0.0, 0.5, 3.25 ], "autoUv": false },
						"down": { "texture": "#tabard-second", "uv": [ 0.0, 0.0, 0.5, 3.0 ] }
					},
					"children": [
						{
							"name": "tabard_2",
							"from": [ 0.0, 6.0, 0.0 ],
							"to": [ 0.2, 9.0, 1.5 ],
							"rotationOrigin": [ 0.0, 6.0, 0.0 ],
							"rotationZ": -84.0,
							"faces": {
								"north": { "texture": "#tabard-second", "uv": [ 0.0, 0.0, 0.5, 3.0 ] },
								"east": { "texture": "#tabard-second", "uv": [ 0.0, 0.0, 1.5, 3.0 ] },
								"south": { "texture": "#tabard-second", "uv": [ 0.0, 0.0, 0.5, 3.0 ] },
								"west": { "texture": "#tabard-second", "uv": [ 0.0, 13.0, 1.5, 16.0 ] },
								"up": { "texture": "#tabard-second", "uv": [ 0.0, 0.0, 0.5, 1.5 ] },
								"down": { "texture": "#tabard-second", "uv": [ 0.0, 0.0, 0.5, 1.5 ] }
							},
							"children": [
								{
									"name": "tabard_3",
									"from": [ 0.01, 0.0, 0.0 ],
									"to": [ 0.21, 1.13, 1.0 ],
									"rotationOrigin": [ 0.0, 0.0, 0.0 ],
									"rotationX": -26.1,
									"faces": {
										"north": { "texture": "#tabard-second", "uv": [ 0.0, 0.0, 0.5, 1.0 ] },
										"east": { "texture": "#tabard-second", "uv": [ 0.0, 0.0, 1.0, 1.0 ] },
										"south": { "texture": "#tabard-second", "uv": [ 0.0, 0.0, 0.5, 1.0 ] },
										"west": { "texture": "#tabard-second", "uv": [ 0.0, 0.0, 1.0, 1.0 ] },
										"up": { "texture": "#tabard-second", "uv": [ 0.0, 0.0, 0.5, 1.0 ] },
										"down": { "texture": "#tabard-second", "uv": [ 0.0, 0.0, 0.5, 1.0 ] }
									}
								},
								{
									"name": "tabard_4",
									"from": [ 0.0, 1.0, -0.5 ],
									"to": [ 0.2, 3.0, 0.0 ],
									"rotationOrigin": [ 0.0, 1.0, -0.5 ],
									"faces": {
										"north": { "texture": "#tabard-second", "uv": [ 0.0, 0.0, 0.5, 2.0 ] },
										"east": { "texture": "#tabard-second", "uv": [ 0.0, 0.0, 0.5, 2.0 ] },
										"south": { "texture": "#tabard-second", "uv": [ 0.0, 0.0, 0.5, 2.0 ] },
										"west": { "texture": "#tabard-second", "uv": [ 0.0, 0.0, 0.5, 2.0 ] },
										"up": { "texture": "#tabard-second", "uv": [ 0.0, 0.0, 0.5, 0.5 ] },
										"down": { "texture": "#tabard-second", "uv": [ 0.0, 0.0, 0.5, 0.5 ] }
									}
								},
								{
									"name": "tabard_5",
									"from": [ 0.0, 3.0, 0.0 ],
									"to": [ 0.2, 5.5, 1.5 ],
									"rotationOrigin": [ 0.0, 3.0, 0.0 ],
									"rotationZ": -9.0,
									"faces": {
										"north": { "texture": "#tabard-first", "uv": [ 0.0, 0.0, 0.5, 2.5 ] },
										"east": { "texture": "#tabard-first", "uv": [ 0.0, 0.0, 1.5, 2.5 ] },
										"south": { "texture": "#tabard-first", "uv": [ 0.0, 0.0, 0.5, 2.5 ] },
										"west": { "texture": "#tabard-first", "uv": [ 4.5, 12.5, 6.0, 15.0 ], "rotation": 180 },
										"up": { "texture": "#tabard-first", "uv": [ 0.0, 0.0, 0.5, 1.5 ] },
										"down": { "texture": "#tabard-first", "uv": [ 0.0, 0.0, 0.5, 1.5 ] }
									},
									"children": [
										{
											"name": "tabard_6",
											"from": [ 0.01, 3.5, -1.0 ],
											"to": [ 0.21, 4.63, 0.0 ],
											"rotationOrigin": [ 0.0, 3.5, 0.0 ],
											"rotationX": -153.8,
											"faces": {
												"north": { "texture": "#tabard-first", "uv": [ 0.0, 0.0, 0.5, 1.0 ] },
												"east": { "texture": "#tabard-first", "uv": [ 0.0, 0.0, 1.0, 1.0 ] },
												"south": { "texture": "#tabard-first", "uv": [ 0.0, 0.0, 0.5, 1.0 ] },
												"west": { "texture": "#tabard-first", "uv": [ 0.0, 0.0, 1.0, 1.0 ] },
												"up": { "texture": "#tabard-first", "uv": [ 0.0, 0.0, 0.5, 1.0 ] },
												"down": { "texture": "#tabard-first", "uv": [ 0.0, 0.0, 0.5, 1.0 ] }
											}
										},
										{
											"name": "tabard_7",
											"from": [ 0.0, 0.0, -0.5 ],
											"to": [ 0.2, 2.5, 0.0 ],
											"rotationOrigin": [ 0.0, 0.0, -0.5 ],
											"faces": {
												"north": { "texture": "#tabard-first", "uv": [ 0.0, 0.0, 0.5, 2.5 ] },
												"east": { "texture": "#tabard-first", "uv": [ 0.0, 0.0, 0.5, 2.5 ] },
												"south": { "texture": "#tabard-first", "uv": [ 0.0, 0.0, 0.5, 2.5 ] },
												"west": { "texture": "#tabard-first", "uv": [ 0.0, 0.0, 0.5, 2.5 ] },
												"up": { "texture": "#tabard-first", "uv": [ 0.0, 0.0, 0.5, 0.5 ] },
												"down": { "texture": "#tabard-first", "uv": [ 0.0, 0.0, 0.5, 0.5 ] }
											}
										},
										{
											"name": "tabard_8",
											"from": [ 0.0, 3.5, 0.0 ],
											"to": [ 0.3, 9.5, 3.25 ],
											"rotationOrigin": [ 0.0, 3.5, 0.0 ],
											"rotationZ": -85.0,
											"faces": {
												"north": { "texture": "#tabard-first", "uv": [ 0.0, 0.0, 0.5, 6.0 ] },
												"east": { "texture": "#tabard-first", "uv": [ 3.0, 0.0, 6.0, 6.0 ] },
												"south": { "texture": "#tabard-first", "uv": [ 0.0, 0.0, 0.5, 6.0 ] },
												"west": { "texture": "#tabard-first", "uv": [ 3.25, 0.0, 6.5, 6.0 ], "rotation": 180, "autoUv": false, "snapUv": false, "windMode": [-1,-1,-1,-1], "windData": [1,1,1,1] },
												"up": { "texture": "#tabard-first", "uv": [ 0.0, 0.0, 0.5, 3.0 ] },
												"down": { "texture": "#tabard-first", "uv": [ 0.0, 0.0, 0.5, 3.0 ] }
											},
											"children": [
												{
													"name": "emblem_back",
													"from": [ -0.02, 0.0, 0.0 ],
													"to": [ -0.02, 6.0, 6.5 ],
													"faces": {
														"west": { "texture": "#tabard-emblem", "uv": [ 1.0, 2.0, 14.0, 14.0 ], "rotation": 180, "autoUv": false }
													}
												}
											]
										},
										{
											"name": "tabard_28",
											"from": [ 0.0, 2.5, 0.0 ],
											"to": [ 0.2, 3.5, 3.25 ],
											"rotationOrigin": [ 0.0, 2.5, 0.0 ],
											"faces": {
												"north": { "texture": "#tabard-first", "uv": [ 0.0, 0.0, 0.5, 1.0 ] },
												"east": { "texture": "#tabard-first", "uv": [ 0.0, 0.0, 3.0, 1.0 ] },
												"south": { "texture": "#tabard-first", "uv": [ 0.0, 0.0, 0.5, 1.0 ] },
												"west": { "texture": "#tabard-first", "uv": [ 3.25, 15.0, 6.5, 16.0 ], "rotation": 180, "autoUv": false },
												"up": { "texture": "#tabard-first", "uv": [ 0.0, 0.0, 0.5, 3.0 ] },
												"down": { "texture": "#tabard-first", "uv": [ 0.0, 0.0, 0.5, 3.0 ] }
											}
										}
									]
								}
							]
						},
						{
							"name": "tabard_25",
							"from": [ 0.0, 5.5, 0.0 ],
							"to": [ 0.3, 6.0, 1.5 ],
							"rotationOrigin": [ 0.0, 5.5, 0.0 ],
							"faces": {
								"north": { "texture": "#tabard-second", "uv": [ 0.0, 0.0, 0.5, 0.5 ] },
								"east": { "texture": "#tabard-second", "uv": [ 0.0, 0.0, 1.5, 0.5 ] },
								"south": { "texture": "#tabard-second", "uv": [ 0.0, 0.0, 0.5, 0.5 ] },
								"west": { "texture": "#tabard-second", "uv": [ 0.0, 15.5, 1.5, 16.0 ] },
								"up": { "texture": "#tabard-second", "uv": [ 0.0, 0.0, 0.5, 1.5 ] },
								"down": { "texture": "#tabard-second", "uv": [ 0.0, 0.0, 0.5, 1.5 ] }
							}
						},
						{
							"name": "emblem_front",
							"from": [ -0.02, 0.0, 0.0 ],
							"to": [ -0.02, 6.0, 6.5 ],
							"rotationOrigin": [ 0.0, 0.0, 0.9 ],
							"faces": {
								"west": { "texture": "#tabard-emblem", "uv": [ 1.0, 2.0, 14.0, 14.0 ], "autoUv": false }
							}
						}
					]
				},
				{
					"name": "tabard_13",
					"from": [ -0.7, -0.7, 3.1 ],
					"to": [ -0.4, 4.8, 6.35 ],
					"rotationOrigin": [ -0.7, -0.7, 3.1 ],
					"faces": {
						"north": { "texture": "#tabard-first", "uv": [ 0.0, 0.0, 0.5, 5.5 ] },
						"east": { "texture": "#tabard-first", "uv": [ 3.0, 0.0, 6.0, 5.5 ] },
						"south": { "texture": "#tabard-first", "uv": [ 0.0, 0.0, 0.5, 5.5 ] },
						"west": { "texture": "#tabard-first", "uv": [ 3.25, 0.0, 6.5, 5.5 ], "autoUv": false, "windMode": [-1,-1,-1,-1], "windData": [1,1,1,1] },
						"up": { "texture": "#tabard-first", "uv": [ 0.0, 0.25, 0.5, 3.5 ], "autoUv": false },
						"down": { "texture": "#tabard-first", "uv": [ 0.0, 0.0, 0.5, 3.0 ] }
					},
					"children": [
						{
							"name": "tabard_14",
							"from": [ 0.0, 6.0, 1.75 ],
							"to": [ 0.2, 9.0, 3.25 ],
							"rotationOrigin": [ 0.0, 6.0, 1.7 ],
							"rotationZ": -84.0,
							"faces": {
								"north": { "texture": "#tabard-first", "uv": [ 0.0, 0.0, 0.5, 3.0 ] },
								"east": { "texture": "#tabard-first", "uv": [ 0.0, 0.0, 1.5, 3.0 ] },
								"south": { "texture": "#tabard-first", "uv": [ 0.0, 0.0, 0.5, 3.0 ] },
								"west": { "texture": "#tabard-first", "uv": [ 4.5, 13.0, 6.0, 16.0 ] },
								"up": { "texture": "#tabard-first", "uv": [ 0.0, 0.0, 0.5, 1.5 ] },
								"down": { "texture": "#tabard-first", "uv": [ 0.0, 0.0, 0.5, 1.5 ] }
							},
							"children": [
								{
									"name": "tabard_15",
									"from": [ 0.01, 0.0, 0.5 ],
									"to": [ 0.21, 1.13, 1.5 ],
									"rotationOrigin": [ 0.0, 0.0, 1.5 ],
									"rotationX": 26.2,
									"faces": {
										"north": { "texture": "#tabard-first", "uv": [ 0.0, 0.0, 0.5, 1.0 ] },
										"east": { "texture": "#tabard-first", "uv": [ 0.0, 0.0, 1.0, 1.0 ] },
										"south": { "texture": "#tabard-first", "uv": [ 0.0, 0.0, 0.5, 1.0 ] },
										"west": { "texture": "#tabard-first", "uv": [ 0.0, 0.0, 1.0, 1.0 ] },
										"up": { "texture": "#tabard-first", "uv": [ 0.0, 0.0, 0.5, 1.0 ] },
										"down": { "texture": "#tabard-first", "uv": [ 0.0, 0.0, 0.5, 1.0 ] }
									}
								},
								{
									"name": "tabard_16",
									"from": [ 0.0, 1.0, 1.5 ],
									"to": [ 0.2, 3.0, 2.0 ],
									"rotationOrigin": [ 0.0, 1.0, 1.5 ],
									"faces": {
										"north": { "texture": "#tabard-first", "uv": [ 0.0, 0.0, 0.5, 2.0 ] },
										"east": { "texture": "#tabard-first", "uv": [ 0.0, 0.0, 0.5, 2.0 ] },
										"south": { "texture": "#tabard-first", "uv": [ 0.0, 0.0, 0.5, 2.0 ] },
										"west": { "texture": "#tabard-first", "uv": [ 0.0, 0.0, 0.5, 2.0 ] },
										"up": { "texture": "#tabard-first", "uv": [ 0.0, 0.0, 0.5, 0.5 ] },
										"down": { "texture": "#tabard-first", "uv": [ 0.0, 0.0, 0.5, 0.5 ] }
									}
								},
								{
									"name": "tabard_17",
									"from": [ 0.0, 3.0, 0.0 ],
									"to": [ 0.2, 5.5, 1.5 ],
									"rotationOrigin": [ 0.0, 3.0, 0.0 ],
									"rotationZ": -9.0,
									"faces": {
										"north": { "texture": "#tabard-second", "uv": [ 0.0, 0.0, 0.5, 2.5 ] },
										"east": { "texture": "#tabard-second", "uv": [ 0.0, 0.0, 1.5, 2.5 ] },
										"south": { "texture": "#tabard-second", "uv": [ 0.0, 0.0, 0.5, 2.5 ] },
										"west": { "texture": "#tabard-second", "uv": [ 0.0, 12.5, 1.5, 15.0 ], "rotation": 180 },
										"up": { "texture": "#tabard-second", "uv": [ 0.0, 0.0, 0.5, 1.5 ] },
										"down": { "texture": "#tabard-second", "uv": [ 0.0, 0.0, 0.5, 1.5 ] }
									},
									"children": [
										{
											"name": "tabard_18",
											"from": [ 0.01, 3.5, 1.5 ],
											"to": [ 0.21, 4.63, 2.5 ],
											"rotationOrigin": [ 0.0, 3.5, 1.5 ],
											"rotationX": 153.9,
											"faces": {
												"north": { "texture": "#tabard-second", "uv": [ 0.0, 0.0, 0.5, 1.0 ] },
												"east": { "texture": "#tabard-second", "uv": [ 0.0, 0.0, 1.0, 1.0 ] },
												"south": { "texture": "#tabard-second", "uv": [ 0.0, 0.0, 0.5, 1.0 ] },
												"west": { "texture": "#tabard-second", "uv": [ 0.0, 0.0, 1.0, 1.0 ] },
												"up": { "texture": "#tabard-second", "uv": [ 0.0, 0.0, 0.5, 1.0 ] },
												"down": { "texture": "#tabard-second", "uv": [ 0.0, 0.0, 0.5, 1.0 ] }
											}
										},
										{
											"name": "tabard_19",
											"from": [ 0.0, 0.0, 1.5 ],
											"to": [ 0.2, 2.5, 2.0 ],
											"rotationOrigin": [ 0.0, 0.0, 1.5 ],
											"faces": {
												"north": { "texture": "#tabard-second", "uv": [ 0.0, 0.0, 0.5, 2.5 ] },
												"east": { "texture": "#tabard-second", "uv": [ 0.0, 0.0, 0.5, 2.5 ] },
												"south": { "texture": "#tabard-second", "uv": [ 0.0, 0.0, 0.5, 2.5 ] },
												"west": { "texture": "#tabard-second", "uv": [ 0.0, 0.0, 0.5, 2.5 ] },
												"up": { "texture": "#tabard-second", "uv": [ 0.0, 0.0, 0.5, 0.5 ] },
												"down": { "texture": "#tabard-second", "uv": [ 0.0, 0.0, 0.5, 0.5 ] }
											}
										},
										{
											"name": "tabard_20",
											"from": [ 0.0, 3.5, -1.75 ],
											"to": [ 0.3, 9.5, 1.5 ],
											"rotationOrigin": [ 0.0, 3.5, 1.4 ],
											"rotationZ": -85.0,
											"faces": {
												"north": { "texture": "#tabard-second", "uv": [ 0.0, 0.0, 0.5, 6.0 ] },
												"east": { "texture": "#tabard-second", "uv": [ 0.0, 0.0, 3.0, 6.0 ] },
												"south": { "texture": "#tabard-second", "uv": [ 0.0, 0.0, 0.5, 6.0 ] },
												"west": { "texture": "#tabard-second", "uv": [ 0.0, 0.0, 3.25, 6.0 ], "rotation": 180, "autoUv": false, "windMode": [-1,-1,-1,-1], "windData": [1,1,1,1] },
												"up": { "texture": "#tabard-second", "uv": [ 0.0, 0.0, 0.5, 3.0 ] },
												"down": { "texture": "#tabard-second", "uv": [ 0.0, 0.0, 0.5, 3.0 ] }
											}
										},
										{
											"name": "tabard_27",
											"from": [ 0.0, 2.5, -1.75 ],
											"to": [ 0.2, 3.5, 1.5 ],
											"rotationOrigin": [ 0.0, 2.5, -1.7 ],
											"faces": {
												"north": { "texture": "#tabard-second", "uv": [ 0.0, 0.0, 0.5, 1.0 ] },
												"east": { "texture": "#tabard-second", "uv": [ 0.0, 0.0, 3.0, 1.0 ] },
												"south": { "texture": "#tabard-second", "uv": [ 0.0, 0.0, 0.5, 1.0 ] },
												"west": { "texture": "#tabard-second", "uv": [ 0.0, 15.0, 3.25, 16.0 ], "rotation": 180, "autoUv": false },
												"up": { "texture": "#tabard-second", "uv": [ 0.0, 0.0, 0.5, 3.0 ] },
												"down": { "texture": "#tabard-second", "uv": [ 0.0, 0.0, 0.5, 3.0 ] }
											}
										}
									]
								}
							]
						},
						{
							"name": "tabard_26",
							"from": [ 0.0, 5.5, 1.75 ],
							"to": [ 0.3, 6.0, 3.25 ],
							"rotationOrigin": [ 0.0, 5.5, 1.7 ],
							"faces": {
								"north": { "texture": "#tabard-first", "uv": [ 0.0, 0.0, 0.5, 0.5 ] },
								"east": { "texture": "#tabard-first", "uv": [ 0.0, 0.0, 1.5, 0.5 ] },
								"south": { "texture": "#tabard-first", "uv": [ 0.0, 0.0, 0.5, 0.5 ] },
								"west": { "texture": "#tabard-first", "uv": [ 4.5, 15.5, 6.0, 16.0 ] },
								"up": { "texture": "#tabard-first", "uv": [ 0.0, 0.0, 0.5, 1.5 ] },
								"down": { "texture": "#tabard-first", "uv": [ 0.0, 0.0, 0.5, 1.5 ] }
							}
						}
					]
				}
			]
		},
		{
			"name": "Tabard-Lower",
			"stepParentName": "LowerTorso",
			"from": [ 0.0, 0.0, 0.0 ],
			"to": [ 5.0, 5.0, 6.0 ],
			"faces": {
			},
			"children": [
				{
					"name": "tabard_1",
					"from": [ -0.6, 2.5, -0.24 ],
					"to": [ -0.3, 6.5, 3.01 ],
					"rotationOrigin": [ -0.6, 2.8, -0.2 ],
					"rotationZ": -2.0,
					"faces": {
						"north": { "texture": "#tabard-second", "uv": [ 0.0, 0.0, 0.5, 4.0 ] },
						"east": { "texture": "#tabard-second", "uv": [ 0.0, 0.0, 3.0, 4.0 ] },
						"south": { "texture": "#tabard-second", "uv": [ 0.0, 0.0, 0.5, 4.0 ] },
						"west": { "texture": "#tabard-second", "uv": [ 0.0, 0.0, 3.2, 4.0 ], "autoUv": false },
						"up": { "texture": "#tabard-second", "uv": [ 0.0, 0.0, 0.5, 3.0 ] },
						"down": { "texture": "#tabard-second", "uv": [ 0.0, 0.0, 0.5, 3.0 ] }
					},
					"children": [
						{
							"name": "tabard_10",
							"from": [ 0.2, -2.0, 0.1 ],
							"to": [ 0.5, 0.0, 3.2 ],
							"rotationOrigin": [ 0.2, 0.0, 0.1 ],
							"rotationZ": -7.0,
							"faces": {
								"north": { "texture": "#tabard-first", "uv": [ 0.0, 0.0, 0.5, 2.0 ] },
								"east": { "texture": "#tabard-first", "uv": [ 3.0, 1.0, 6.0, 3.0 ] },
								"south": { "texture": "#tabard-first", "uv": [ 0.0, 0.0, 0.5, 2.0 ] },
								"west": { "texture": "#tabard-first", "uv": [ 3.0, 0.0, 6.0, 2.0 ] },
								"up": { "texture": "#tabard-first", "uv": [ 0.0, 0.0, 0.5, 3.0 ] },
								"down": { "texture": "#tabard-first", "uv": [ 0.0, 0.0, 0.5, 3.0 ] }
							}
						}
					]
				},
				{
					"name": "tabard_9",
					"from": [ 5.2, 2.6, -0.25 ],
					"to": [ 5.5, 5.6, 3.0 ],
					"rotationOrigin": [ 5.2, 2.6, -0.2 ],
					"rotationZ": -4.0,
					"faces": {
						"north": { "texture": "#tabard-first", "uv": [ 0.0, 0.0, 0.5, 3.0 ] },
						"east": { "texture": "#tabard-first", "uv": [ 3.25, 0.0, 6.5, 3.0 ], "autoUv": false },
						"south": { "texture": "#tabard-first", "uv": [ 0.0, 0.0, 0.5, 3.0 ] },
						"west": { "texture": "#tabard-first", "uv": [ 2.5, 0.0, 5.5, 3.0 ] },
						"up": { "texture": "#tabard-first", "uv": [ 0.0, 0.0, 0.5, 3.0 ] },
						"down": { "texture": "#tabard-first", "uv": [ 0.0, 0.0, 0.5, 3.0 ] }
					},
					"children": [
						{
							"name": "tabard_12",
							"from": [ 0.0998, -11.0, 0.25 ],
							"to": [ 0.3998, 0.0, 3.25 ],
							"rotationOrigin": [ 0.1, 0.0, 3.3 ],
							"rotationX": 4.0,
							"rotationZ": 9.0,
							"faces": {
								"north": { "texture": "#tabard-second", "uv": [ 0.0, 0.0, 0.5, 11.0 ] },
								"east": { "texture": "#tabard-second", "uv": [ 3.0, 0.0, 6.0, 11.0 ] },
								"south": { "texture": "#tabard-second", "uv": [ 0.0, 0.0, 0.5, 11.0 ] },
								"west": { "texture": "#tabard-second", "uv": [ 3.0, 0.0, 6.0, 11.0 ] },
								"up": { "texture": "#tabard-second", "uv": [ 0.0, 0.0, 0.5, 3.0 ] },
								"down": { "texture": "#tabard-second", "uv": [ 0.0, 0.0, 0.5, 3.0 ] }
							}
						}
					]
				},
				{
					"name": "belt_0",
					"from": [ -0.7, 2.4, -0.4 ],
					"to": [ -0.2, 2.9, 6.4 ],
					"rotationOrigin": [ -0.7, 2.4, -0.4 ],
					"faces": {
						"north": { "texture": "#tabard-belt", "uv": [ 0.0, 0.0, 0.5, 0.5 ] },
						"east": { "texture": "#tabard-belt", "uv": [ 0.0, 0.0, 6.5, 0.5 ] },
						"south": { "texture": "#tabard-belt", "uv": [ 0.0, 0.0, 0.5, 0.5 ] },
						"west": { "texture": "#tabard-belt", "uv": [ 0.0, 0.0, 6.5, 0.5 ] },
						"up": { "texture": "#tabard-belt", "uv": [ 0.0, 0.0, 0.5, 6.5 ] },
						"down": { "texture": "#tabard-belt", "uv": [ 0.0, 0.0, 0.5, 6.5 ] }
					},
					"children": [
						{
							"name": "belt_1",
							"from": [ 0.5, 0.0, 0.0 ],
							"to": [ 5.9, 0.5, 0.5 ],
							"rotationOrigin": [ 0.5, 0.0, 0.0 ],
							"faces": {
								"north": { "texture": "#tabard-belt", "uv": [ 0.0, 0.0, 5.0, 0.5 ] },
								"east": { "texture": "#tabard-belt", "uv": [ 0.0, 0.0, 0.5, 0.5 ] },
								"south": { "texture": "#tabard-belt", "uv": [ 0.0, 0.0, 5.0, 0.5 ] },
								"west": { "texture": "#tabard-belt", "uv": [ 0.0, 0.0, 0.5, 0.5 ] },
								"up": { "texture": "#tabard-belt", "uv": [ 0.0, 0.0, 5.0, 0.5 ] },
								"down": { "texture": "#tabard-belt", "uv": [ 0.0, 0.0, 5.0, 0.5 ] }
							}
						},
						{
							"name": "belt_2",
							"from": [ 5.9, 0.0, 0.0 ],
							"to": [ 6.4, 0.5, 6.8 ],
							"rotationOrigin": [ 5.9, 0.0, 0.0 ],
							"faces": {
								"north": { "texture": "#tabard-belt", "uv": [ 0.0, 0.0, 0.5, 0.5 ] },
								"east": { "texture": "#tabard-belt", "uv": [ 0.0, 0.0, 6.5, 0.5 ] },
								"south": { "texture": "#tabard-belt", "uv": [ 0.0, 0.0, 0.5, 0.5 ] },
								"west": { "texture": "#tabard-belt", "uv": [ 0.0, 0.0, 6.5, 0.5 ] },
								"up": { "texture": "#tabard-belt", "uv": [ 0.0, 0.0, 0.5, 6.5 ] },
								"down": { "texture": "#tabard-belt", "uv": [ 0.0, 0.0, 0.5, 6.5 ] }
							}
						},
						{
							"name": "belt_3",
							"from": [ 0.5, 0.0, 6.3 ],
							"to": [ 5.9, 0.5, 6.8 ],
							"rotationOrigin": [ 0.5, 0.0, 6.3 ],
							"faces": {
								"north": { "texture": "#tabard-belt", "uv": [ 0.0, 0.0, 5.0, 0.5 ] },
								"east": { "texture": "#tabard-belt", "uv": [ 0.0, 0.0, 0.5, 0.5 ] },
								"south": { "texture": "#tabard-belt", "uv": [ 0.0, 0.0, 5.0, 0.5 ] },
								"west": { "texture": "#tabard-belt", "uv": [ 0.0, 0.0, 0.5, 0.5 ] },
								"up": { "texture": "#tabard-belt", "uv": [ 0.0, 0.0, 5.0, 0.5 ] },
								"down": { "texture": "#tabard-belt", "uv": [ 0.0, 0.0, 5.0, 0.5 ] }
							}
						},
						{
							"name": "belt_4",
							"from": [ -0.1, 0.3, 3.0 ],
							"to": [ 0.4, 0.8, 5.5 ],
							"rotationOrigin": [ -0.1, 0.3, 3.0 ],
							"rotationX": 96.0,
							"rotationY": -10.0,
							"faces": {
								"north": { "texture": "#tabard-belt", "uv": [ 0.0, 0.0, 0.5, 0.5 ] },
								"east": { "texture": "#tabard-belt", "uv": [ 0.0, 0.0, 2.5, 0.5 ] },
								"south": { "texture": "#tabard-belt", "uv": [ 0.0, 0.0, 0.5, 0.5 ] },
								"west": { "texture": "#tabard-belt", "uv": [ 0.0, 0.0, 2.5, 0.5 ] },
								"up": { "texture": "#tabard-belt", "uv": [ 0.0, 0.0, 0.5, 2.5 ] },
								"down": { "texture": "#tabard-belt", "uv": [ 0.0, 0.0, 0.5, 2.5 ] }
							}
						},
						{
							"name": "belt_5",
							"from": [ -0.1, 0.3, 3.2 ],
							"to": [ 0.4, 0.8, 4.7 ],
							"rotationOrigin": [ -0.1, 0.3, 3.2 ],
							"rotationX": 69.0,
							"rotationY": -10.0,
							"faces": {
								"north": { "texture": "#tabard-belt", "uv": [ 5.0, 11.5, 5.5, 12.0 ] },
								"east": { "texture": "#tabard-belt", "uv": [ 2.5, 3.0, 4.0, 3.5 ] },
								"south": { "texture": "#tabard-belt", "uv": [ 1.0, 4.0, 1.5, 4.5 ] },
								"west": { "texture": "#tabard-belt", "uv": [ 4.5, 1.5, 6.0, 2.0 ] },
								"up": { "texture": "#tabard-belt", "uv": [ 3.0, 7.0, 3.5, 8.5 ] },
								"down": { "texture": "#tabard-belt", "uv": [ 5.5, 5.0, 6.0, 6.5 ] }
							}
						},
						{
							"name": "belt_6",
							"from": [ -0.2, -0.1, 3.0 ],
							"to": [ 0.5, 0.6, 3.7 ],
							"rotationOrigin": [ -0.2, -0.1, 3.0 ],
							"faces": {
								"north": { "texture": "#tabard-belt", "uv": [ 5.0, 11.5, 5.5, 12.0 ] },
								"east": { "texture": "#tabard-belt", "uv": [ 2.5, 3.0, 3.0, 3.5 ] },
								"south": { "texture": "#tabard-belt", "uv": [ 1.0, 4.0, 1.5, 4.5 ] },
								"west": { "texture": "#tabard-belt", "uv": [ 4.5, 1.5, 5.0, 2.0 ] },
								"up": { "texture": "#tabard-belt", "uv": [ 3.0, 7.0, 3.5, 7.5 ] },
								"down": { "texture": "#tabard-belt", "uv": [ 5.5, 5.0, 6.0, 5.5 ] }
							}
						}
					]
				},
				{
					"name": "tabard_21",
					"from": [ -0.6, 2.5, 2.99 ],
					"to": [ -0.3, 6.5, 6.24 ],
					"rotationOrigin": [ -0.6, 2.8, 2.9 ],
					"rotationZ": -2.0,
					"faces": {
						"north": { "texture": "#tabard-first", "uv": [ 0.0, 0.0, 0.5, 4.0 ] },
						"east": { "texture": "#tabard-first", "uv": [ 3.0, 0.0, 6.0, 4.0 ] },
						"south": { "texture": "#tabard-first", "uv": [ 0.0, 0.0, 0.5, 4.0 ] },
						"west": { "texture": "#tabard-first", "uv": [ 3.2, 0.0, 6.5, 4.0 ], "autoUv": false },
						"up": { "texture": "#tabard-first", "uv": [ 0.0, 0.0, 0.5, 3.0 ] },
						"down": { "texture": "#tabard-first", "uv": [ 0.0, 0.0, 0.5, 3.0 ] }
					},
					"children": [
						{
							"name": "tabard_22",
							"from": [ 0.2, -2.0, 0.1 ],
							"to": [ 0.5, 0.0, 3.2 ],
							"rotationOrigin": [ 0.2, 0.0, 0.1 ],
							"rotationZ": -7.0,
							"faces": {
								"north": { "texture": "#tabard-second", "uv": [ 0.0, 0.0, 0.5, 2.0 ] },
								"east": { "texture": "#tabard-second", "uv": [ 3.0, 0.0, 6.0, 2.0 ] },
								"south": { "texture": "#tabard-second", "uv": [ 0.0, 0.0, 0.5, 2.0 ] },
								"west": { "texture": "#tabard-second", "uv": [ 3.0, 0.0, 6.0, 2.0 ] },
								"up": { "texture": "#tabard-second", "uv": [ 0.0, 0.0, 0.5, 3.0 ] },
								"down": { "texture": "#tabard-second", "uv": [ 0.0, 0.0, 0.5, 3.0 ] }
							}
						}
					]
				},
				{
					"name": "tabard_23",
					"from": [ 5.2, 2.6, 3.0 ],
					"to": [ 5.5, 5.6, 6.25 ],
					"rotationOrigin": [ 5.2, 2.6, 3.0 ],
					"rotationZ": -4.0,
					"faces": {
						"north": { "texture": "#tabard-second", "uv": [ 0.0, 0.0, 0.5, 3.0 ] },
						"east": { "texture": "#tabard-second", "uv": [ 0.0, 0.0, 3.25, 3.0 ], "autoUv": false },
						"south": { "texture": "#tabard-second", "uv": [ 0.0, 0.0, 0.5, 3.0 ] },
						"west": { "texture": "#tabard-second", "uv": [ 0.0, 0.0, 3.0, 3.0 ] },
						"up": { "texture": "#tabard-second", "uv": [ 0.0, 0.0, 0.5, 3.0 ] },
						"down": { "texture": "#tabard-second", "uv": [ 0.0, 0.0, 0.5, 3.0 ] }
					},
					"children": [
						{
							"name": "tabard_24",
							"from": [ 0.0998, -11.0, 0.0 ],
							"to": [ 0.3998, 0.0, 3.0 ],
							"rotationOrigin": [ 0.0998, 0.0, 0.0 ],
							"rotationX": -4.0,
							"rotationZ": 9.0,
							"faces": {
								"north": { "texture": "#tabard-first", "uv": [ 0.0, 0.0, 0.5, 11.0 ] },
								"east": { "texture": "#tabard-first", "uv": [ 0.0, 0.0, 3.0, 11.0 ] },
								"south": { "texture": "#tabard-first", "uv": [ 0.0, 0.0, 0.5, 11.0 ] },
								"west": { "texture": "#tabard-first", "uv": [ 0.0, 0.0, 3.0, 11.0 ] },
								"up": { "texture": "#tabard-first", "uv": [ 0.0, 0.0, 0.5, 3.0 ] },
								"down": { "texture": "#tabard-first", "uv": [ 0.0, 0.0, 0.5, 3.0 ] }
							}
						}
					]
				}
			]
		},
		{
			"name": "Tabard-RightLeg",
			"stepParentName": "UpperFootR",
			"from": [ 0.0, 0.0, 0.0 ],
			"to": [ 4.2, 9.0, 3.2 ],
			"faces": {
			},
			"children": [
				{
					"name": "tabard_11",
					"from": [ -1.1, -2.5, 0.0 ],
					"to": [ -0.8, 8.5, 3.0 ],
					"rotationOrigin": [ -1.1, 7.5, 0.0 ],
					"rotationZ": -3.0,
					"faces": {
						"north": { "texture": "#tabard-first", "uv": [ 0.0, 0.0, 0.5, 11.0 ] },
						"east": { "texture": "#tabard-first", "uv": [ 0.0, 0.0, 3.0, 11.0 ] },
						"south": { "texture": "#tabard-first", "uv": [ 0.0, 0.0, 0.5, 11.0 ] },
						"west": { "texture": "#tabard-first", "uv": [ 0.0, 0.0, 3.0, 11.0 ] },
						"up": { "texture": "#tabard-first", "uv": [ 0.0, 0.0, 0.5, 3.0 ] },
						"down": { "texture": "#tabard-first", "uv": [ 0.0, 0.0, 0.5, 3.0 ] }
					}
				}
			]
		},
		{
			"name": "Tabard-LeftLeg",
			"stepParentName": "UpperFootL",
			"from": [ 0.0, 0.0, 0.0 ],
			"to": [ 4.2, 9.0, 3.2 ],
			"faces": {
			},
			"children": [
				{
					"name": "tabard_110",
					"from": [ -1.1, -2.5, 0.2 ],
					"to": [ -0.8, 8.5, 3.2 ],
					"rotationOrigin": [ -1.1, 7.5, 0.2 ],
					"rotationZ": -3.0,
					"faces": {
						"north": { "texture": "#tabard-second", "uv": [ 0.0, 0.0, 0.5, 11.0 ] },
						"east": { "texture": "#tabard-second", "uv": [ 3.0, 0.0, 6.0, 11.0 ] },
						"south": { "texture": "#tabard-second", "uv": [ 0.0, 0.0, 0.5, 11.0 ] },
						"west": { "texture": "#tabard-second", "uv": [ 3.0, 0.0, 6.0, 11.0 ] },
						"up": { "texture": "#tabard-second", "uv": [ 0.0, 0.0, 0.5, 3.0 ] },
						"down": { "texture": "#tabard-second", "uv": [ 0.0, 0.0, 0.5, 3.0 ] }
					}
				}
			]
		}
	]}