[
	{
		ingredientPattern: "BAH,CEG,DFI",
		recipeGroup: 1,
		ingredients: {
			"A": { type: "item", code: "fa-landsknecht-schematic", returnedStack: { "type": "item", "code": "fa-landsknecht-schematic" }
			},
			"B": { type: "item", code: "game:cloth-red", quantity: 12
			},
			"C": { type: "item", code: "game:cloth-blue", quantity: 6
			},
			"D": { type: "item", code: "game:cloth-white", quantity: 6
			},
			"E": { type: "item", code: "game:armor-body-brigandine-*", 
					name: "metal",
					allowedVariants: [
					"steel",
					"meteoriciron",
					"iron"
				]
			},
			"F": { type: "item", code: "game:metalnailsandstrips-*", quantity: 8,
					name: "metal",
					allowedVariants: [
					"steel",
					"meteoriciron",
					"iron"
				]
			},
			"G": { type: "item", code: "game:hammer-*", isTool: true, toolDurabilityCost: 100
			},
			"H": { type: "item", code: "game:shears-*", isTool: true, toolDurabilityCost: 100
			},
			"I": { type: "item", code: "game:leather-normal-plain", quantity: 8
			}
		},
		width: 3,
		height: 3,
		name: "Landsknecht jacket",
		output: { type: "item", code: "fa-landsknecht-body-{metal}-red"
		}
	},
	{
		ingredientPattern: "BAH,CEG,DFI",
		recipeGroup: 1,
		ingredients: {
			"A": { type: "item", code: "fa-landsknecht-schematic", returnedStack: { "type": "item", "code": "fa-landsknecht-schematic" }
			},
			"B": { type: "item", code: "game:cloth-blue", quantity: 12
			},
			"C": { type: "item", code: "game:cloth-yellow", quantity: 6
			},
			"D": { type: "item", code: "game:cloth-white", quantity: 6
			},
			"E": { type: "item", code: "game:armor-body-brigandine-*", 
					name: "metal",
					allowedVariants: [
					"steel",
					"meteoriciron",
					"iron"
				]
			},
			"F": { type: "item", code: "game:metalnailsandstrips-*", quantity: 8,
					name: "metal",
					allowedVariants: [
					"steel",
					"meteoriciron",
					"iron"
				]
			},
			"G": { type: "item", code: "game:hammer-*", isTool: true, toolDurabilityCost: 100
			},
			"H": { type: "item", code: "game:shears-*", isTool: true, toolDurabilityCost: 100
			},
			"I": { type: "item", code: "game:leather-normal-plain", quantity: 8
			}
		},
		width: 3,
		height: 3,
		name: "Landsknecht jacket",
		output: { type: "item", code: "fa-landsknecht-body-{metal}-blue"
		}
	},
	{
		ingredientPattern: "BAH,CEG,DFI",
		recipeGroup: 1,
		ingredients: {
			"A": { type: "item", code: "fa-landsknecht-schematic", returnedStack: { "type": "item", "code": "fa-landsknecht-schematic" }
			},
			"B": { type: "item", code: "game:cloth-black", quantity: 12
			},
			"C": { type: "item", code: "game:cloth-red", quantity: 6
			},
			"D": { type: "item", code: "game:cloth-white", quantity: 6
			},
			"E": { type: "item", code: "game:armor-body-brigandine-*", 
					name: "metal",
					allowedVariants: [
					"steel",
					"meteoriciron",
					"iron"
				]
			},
			"F": { type: "item", code: "game:metalnailsandstrips-*", quantity: 8,
					name: "metal",
					allowedVariants: [
					"steel",
					"meteoriciron",
					"iron"
				]
			},
			"G": { type: "item", code: "game:hammer-*", isTool: true, toolDurabilityCost: 100
			},
			"H": { type: "item", code: "game:shears-*", isTool: true, toolDurabilityCost: 100
			},
			"I": { type: "item", code: "game:leather-normal-plain", quantity: 8
			}
		},
		width: 3,
		height: 3,
		name: "Landsknecht jacket",
		output: { type: "item", code: "fa-landsknecht-body-{metal}-black"
		}
	},
	{
		ingredientPattern: "BAH,CEG,DFI",
		recipeGroup: 1,
		ingredients: {
			"A": { type: "item", code: "fa-landsknecht-schematic", returnedStack: { "type": "item", "code": "fa-landsknecht-schematic" }
			},
			"B": { type: "item", code: "game:cloth-yellow", quantity: 12
			},
			"C": { type: "item", code: "game:cloth-purple", quantity: 6
			},
			"D": { type: "item", code: "game:cloth-black", quantity: 6
			},
			"E": { type: "item", code: "game:armor-body-brigandine-*", 
					name: "metal",
					allowedVariants: [
					"steel",
					"meteoriciron",
					"iron"
				]
			},
			"F": { type: "item", code: "game:metalnailsandstrips-*", quantity: 8,
					name: "metal",
					allowedVariants: [
					"steel",
					"meteoriciron",
					"iron"
				]
			},
			"G": { type: "item", code: "game:hammer-*", isTool: true, toolDurabilityCost: 100
			},
			"H": { type: "item", code: "game:shears-*", isTool: true, toolDurabilityCost: 100
			},
			"I": { type: "item", code: "game:leather-normal-plain", quantity: 8
			}
		},
		width: 3,
		height: 3,
		name: "Landsknecht jacket",
		output: { type: "item", code: "fa-landsknecht-body-{metal}-yellow"
		}
	},
	{
		ingredientPattern: "BAH,CEG,DFI",
		recipeGroup: 1,
		ingredients: {
			"A": { type: "item", code: "fa-landsknecht-schematic", returnedStack: { "type": "item", "code": "fa-landsknecht-schematic" }
			},
			"B": { type: "item", code: "game:cloth-green", quantity: 12
			},
			"C": { type: "item", code: "game:cloth-red", quantity: 6
			},
			"D": { type: "item", code: "game:cloth-white", quantity: 6
			},
			"E": { type: "item", code: "game:armor-body-brigandine-*", 
					name: "metal",
					allowedVariants: [
					"steel",
					"meteoriciron",
					"iron"
				]
			},
			"F": { type: "item", code: "game:metalnailsandstrips-*", quantity: 8,
					name: "metal",
					allowedVariants: [
					"steel",
					"meteoriciron",
					"iron"
				]
			},
			"G": { type: "item", code: "game:hammer-*", isTool: true, toolDurabilityCost: 100
			},
			"H": { type: "item", code: "game:shears-*", isTool: true, toolDurabilityCost: 100
			},
			"I": { type: "item", code: "game:leather-normal-plain", quantity: 8
			}
		},
		width: 3,
		height: 3,
		name: "Landsknecht jacket",
		output: { type: "item", code: "fa-landsknecht-body-{metal}-green"
		}
	},
	{
		ingredientPattern: "BAH,CEG,DFI",
		recipeGroup: 1,
		ingredients: {
			"A": { type: "item", code: "fa-landsknecht-schematic", returnedStack: { "type": "item", "code": "fa-landsknecht-schematic" }
			},
			"B": { type: "item", code: "game:cloth-purple", quantity: 12
			},
			"C": { type: "item", code: "game:cloth-yellow", quantity: 6
			},
			"D": { type: "item", code: "game:cloth-white", quantity: 6
			},
			"E": { type: "item", code: "game:armor-body-brigandine-*", 
					name: "metal",
					allowedVariants: [
					"steel",
					"meteoriciron",
					"iron"
				]
			},
			"F": { type: "item", code: "game:metalnailsandstrips-*", quantity: 8,
					name: "metal",
					allowedVariants: [
					"steel",
					"meteoriciron",
					"iron"
				]
			},
			"G": { type: "item", code: "game:hammer-*", isTool: true, toolDurabilityCost: 100
			},
			"H": { type: "item", code: "game:shears-*", isTool: true, toolDurabilityCost: 100
			},
			"I": { type: "item", code: "game:leather-normal-plain", quantity: 8
			}
		},
		width: 3,
		height: 3,
		name: "Landsknecht jacket",
		output: { type: "item", code: "fa-landsknecht-body-{metal}-purple"
		}
	},
	{
		ingredientPattern: "BAH,CEG,DFI",
		recipeGroup: 1,
		ingredients: {
			"A": { type: "item", code: "fa-landsknecht-schematic", returnedStack: { "type": "item", "code": "fa-landsknecht-schematic" }
			},
			"B": { type: "item", code: "game:cloth-orange", quantity: 12
			},
			"C": { type: "item", code: "game:cloth-green", quantity: 6
			},
			"D": { type: "item", code: "game:cloth-blue", quantity: 6
			},
			"E": { type: "item", code: "game:armor-body-brigandine-*", 
					name: "metal",
					allowedVariants: [
					"steel",
					"meteoriciron",
					"iron"
				]
			},
			"F": { type: "item", code: "game:metalnailsandstrips-*", quantity: 8,
					name: "metal",
					allowedVariants: [
					"steel",
					"meteoriciron",
					"iron"
				]
			},
			"G": { type: "item", code: "game:hammer-*", isTool: true, toolDurabilityCost: 100
			},
			"H": { type: "item", code: "game:shears-*", isTool: true, toolDurabilityCost: 100
			},
			"I": { type: "item", code: "game:leather-normal-plain", quantity: 8
			}
		},
		width: 3,
		height: 3,
		name: "Landsknecht jacket",
		output: { type: "item", code: "fa-landsknecht-body-{metal}-orange"
		}
	},
	{
		ingredientPattern: "BAH,CEG,DFI",
		recipeGroup: 1,
		ingredients: {
			"A": { type: "item", code: "fa-landsknecht-schematic", returnedStack: { "type": "item", "code": "fa-landsknecht-schematic" }
			},
			"B": { type: "item", code: "game:cloth-brown", quantity: 12
			},
			"C": { type: "item", code: "game:cloth-green", quantity: 6
			},
			"D": { type: "item", code: "game:cloth-orange", quantity: 6
			},
			"E": { type: "item", code: "game:armor-body-brigandine-*", 
					name: "metal",
					allowedVariants: [
					"steel",
					"meteoriciron",
					"iron"
				]
			},
			"F": { type: "item", code: "game:metalnailsandstrips-*", quantity: 8,
					name: "metal",
					allowedVariants: [
					"steel",
					"meteoriciron",
					"iron"
				]
			},
			"G": { type: "item", code: "game:hammer-*", isTool: true, toolDurabilityCost: 100
			},
			"H": { type: "item", code: "game:shears-*", isTool: true, toolDurabilityCost: 100
			},
			"I": { type: "item", code: "game:leather-normal-plain", quantity: 8
			}
		},
		width: 3,
		height: 3,
		name: "Landsknecht jacket",
		output: { type: "item", code: "fa-landsknecht-body-{metal}-brown"
		}
	},
	{
		ingredientPattern: "BAH,CEG,DFI",
		recipeGroup: 1,
		ingredients: {
			"A": { type: "item", code: "fa-landsknecht-schematic", returnedStack: { "type": "item", "code": "fa-landsknecht-schematic" }
			},
			"B": { type: "item", code: "game:cloth-gray", quantity: 12
			},
			"C": { type: "item", code: "game:cloth-pink", quantity: 6
			},
			"D": { type: "item", code: "game:cloth-brown", quantity: 6
			},
			"E": { type: "item", code: "game:armor-body-brigandine-*", 
					name: "metal",
					allowedVariants: [
					"steel",
					"meteoriciron",
					"iron"
				]
			},
			"F": { type: "item", code: "game:metalnailsandstrips-*", quantity: 8,
					name: "metal",
					allowedVariants: [
					"steel",
					"meteoriciron",
					"iron"
				]
			},
			"G": { type: "item", code: "game:hammer-*", isTool: true, toolDurabilityCost: 100
			},
			"H": { type: "item", code: "game:shears-*", isTool: true, toolDurabilityCost: 100
			},
			"I": { type: "item", code: "game:leather-normal-plain", quantity: 8
			}
		},
		width: 3,
		height: 3,
		name: "Landsknecht jacket",
		output: { type: "item", code: "fa-landsknecht-body-{metal}-gray"
		}
	},
	{
		ingredientPattern: "BAH,CEG,DFI",
		recipeGroup: 1,
		ingredients: {
			"A": { type: "item", code: "fa-landsknecht-schematic", returnedStack: { "type": "item", "code": "fa-landsknecht-schematic" }
			},
			"B": { type: "item", code: "game:cloth-white", quantity: 12
			},
			"C": { type: "item", code: "game:cloth-black", quantity: 6
			},
			"D": { type: "item", code: "game:cloth-brown", quantity: 6
			},
			"E": { type: "item", code: "game:armor-body-brigandine-*", 
					name: "metal",
					allowedVariants: [
					"steel",
					"meteoriciron",
					"iron"
				]
			},
			"F": { type: "item", code: "game:metalnailsandstrips-*", quantity: 8,
					name: "metal",
					allowedVariants: [
					"steel",
					"meteoriciron",
					"iron"
				]
			},
			"G": { type: "item", code: "game:hammer-*", isTool: true, toolDurabilityCost: 100
			},
			"H": { type: "item", code: "game:shears-*", isTool: true, toolDurabilityCost: 100
			},
			"I": { type: "item", code: "game:leather-normal-plain", quantity: 8
			}
		},
		width: 3,
		height: 3,
		name: "Landsknecht jacket",
		output: { type: "item", code: "fa-landsknecht-body-{metal}-white"
		}
	},
	{
		ingredientPattern: "BAH,CEG,DFI",
		recipeGroup: 1,
		ingredients: {
			"A": { type: "item", code: "fa-landsknecht-schematic", returnedStack: { "type": "item", "code": "fa-landsknecht-schematic" }
			},
			"B": { type: "item", code: "game:cloth-pink", quantity: 12
			},
			"C": { type: "item", code: "game:cloth-gray", quantity: 6
			},
			"D": { type: "item", code: "game:cloth-brown", quantity: 6
			},
			"E": { type: "item", code: "game:armor-body-brigandine-*", 
					name: "metal",
					allowedVariants: [
					"steel",
					"meteoriciron",
					"iron"
				]
			},
			"F": { type: "item", code: "game:metalnailsandstrips-*", quantity: 8,
					name: "metal",
					allowedVariants: [
					"steel",
					"meteoriciron",
					"iron"
				]
			},
			"G": { type: "item", code: "game:hammer-*", isTool: true, toolDurabilityCost: 100
			},
			"H": { type: "item", code: "game:shears-*", isTool: true, toolDurabilityCost: 100
			},
			"I": { type: "item", code: "game:leather-normal-plain", quantity: 8
			}
		},
		width: 3,
		height: 3,
		name: "Landsknecht jacket",
		output: { type: "item", code: "fa-landsknecht-body-{metal}-pink"
		}
	},
	{
		ingredientPattern: "BAH,CEG,DFI",
		recipeGroup: 1,
		ingredients: {
			"A": { type: "item", code: "fa-landsknecht-schematic", returnedStack: { "type": "item", "code": "fa-landsknecht-schematic" }
			},
			"B": { type: "item", code: "game:cloth-plain", quantity: 12
			},
			"C": { type: "item", code: "game:cloth-gray", quantity: 6
			},
			"D": { type: "item", code: "game:cloth-black", quantity: 6
			},
			"E": { type: "item", code: "game:armor-body-brigandine-*", 
					name: "metal",
					allowedVariants: [
					"steel",
					"meteoriciron",
					"iron"
				]
			},
			"F": { type: "item", code: "game:metalnailsandstrips-*", quantity: 8,
					name: "metal",
					allowedVariants: [
					"steel",
					"meteoriciron",
					"iron"
				]
			},
			"G": { type: "item", code: "game:hammer-*", isTool: true, toolDurabilityCost: 100
			},
			"H": { type: "item", code: "game:shears-*", isTool: true, toolDurabilityCost: 100
			},
			"I": { type: "item", code: "game:leather-normal-plain", quantity: 8
			}
		},
		width: 3,
		height: 3,
		name: "Landsknecht jacket",
		output: { type: "item", code: "fa-landsknecht-body-{metal}-plain"
		}
	},
]