[
  {
    "ingredientPattern": "BPB",
    "ingredients": {
      "B": { "type": "block", "code": "game:plankslab-*-down-free" },
      "P": { "type": "item", "code": "game:plank-{wood}", "quantity": 2 }
    },
    "width": 3, "height": 1, "recipeGroup": 1,
    "output": {
      "type": "block",
      "code": "pantsrack-normal-east",
      "attributes": {
        "PSAttributes": {
          "wood": "{wood}"
        }
      }
    }
  },
  {
    "ingredientPattern": "B",
    "ingredients": {
      "B": {
        "type": "block",
        "code": "pantsrack-normal-east",
        "attributes": {
          "PSAttributes": {
            "wood": "oak"
          }
        }
      }
    },
    "width": 1, "height": 1, "recipeGroup": 1, "shapeless": true,
    "output": { "type": "block", "code": "pantsrack-normal-east" }
  }
]
