{
	"editor": {
		"collapsedPaths": "",
		"allAngles": false,
		"entityTextureMode": false
	},
	"textureWidth": 16,
	"textureHeight": 16,
	"textureSizes": {
		"net": [16,16]
	},
	"textures": {
		"wrapping": "G:/Games/Vintagestory/assets/survival/textures/block/cloth/reedrope"
	},
	"elements": [
		{
			"name": "base",
			"from": [ 6.4, 0.0101, 6.5 ],
			"to": [ 9.6, 0.2101, 9.6 ],
			"rotationOrigin": [ 12.4, 0.0, 12.5 ],
			"faces": {
				"north": { "texture": "#wrapping", "uv": [ 2.0, 6.0, 13.0, 7.0 ], "autoUv": false, "windMode": [-1,-1,-1,-1] },
				"east": { "texture": "#wrapping", "uv": [ 2.0, 7.0, 13.0, 8.0 ], "autoUv": false, "windMode": [-1,-1,-1,-1] },
				"south": { "texture": "#wrapping", "uv": [ 1.5, 7.0, 12.5, 8.0 ], "autoUv": false, "windMode": [-1,-1,-1,-1] },
				"west": { "texture": "#wrapping", "uv": [ 1.0, 7.0, 12.0, 8.0 ], "autoUv": false, "windMode": [-1,-1,-1,-1] },
				"up": { "texture": "#glass", "uv": [ 0.5, 0.5, 3.5, 3.5 ], "rotation": 90 },
				"down": { "texture": "#wrapping", "uv": [ 3.5, 4.0, 12.0, 12.5 ], "autoUv": false, "windMode": [-1,-1,-1,-1] }
			},
			"children": [
				{
					"name": "base2",
					"from": [ -0.2, 0.201, -0.2 ],
					"to": [ 3.4, 0.401, 3.3 ],
					"renderPass": 3,
					"rotationOrigin": [ 5.8, 0.19, 5.8 ],
					"faces": {
						"north": { "texture": "#wrapping", "uv": [ 2.0, 5.0, 13.0, 6.0 ], "autoUv": false },
						"east": { "texture": "#wrapping", "uv": [ 1.5, 4.0, 12.5, 5.0 ], "autoUv": false, "windMode": [-1,-1,-1,-1] },
						"south": { "texture": "#wrapping", "uv": [ 1.5, 4.0, 12.5, 5.0 ], "autoUv": false, "windMode": [-1,-1,-1,-1] },
						"west": { "texture": "#wrapping", "uv": [ 0.5, 3.5, 11.5, 4.5 ], "autoUv": false },
						"up": { "texture": "#glass", "uv": [ 0.5, 0.5, 4.0, 4.0 ], "rotation": 90 },
						"down": { "texture": "#wrapping", "uv": [ 3.0, 3.0, 11.5, 11.5 ], "autoUv": false }
					}
				}
			]
		},
		{
			"name": "WallsParent",
			"from": [ -0.4, -7.2, -0.5 ],
			"to": [ -0.4, -7.2, -0.5 ],
			"rotationOrigin": [ 7.3, 0.4, 7.2 ],
			"faces": {
			},
			"children": [
				{
					"name": "BaseW",
					"from": [ 6.4, 7.61, 6.8 ],
					"to": [ 6.6, 11.11, 10.3 ],
					"climateColorMap": "",
					"renderPass": 3,
					"rotationOrigin": [ 13.09, 7.59, 12.95 ],
					"faces": {
						"west": { "texture": "#glass", "uv": [ 0.5, 0.0, 4.0, 3.5 ], "windMode": [-1,-1,-1,-1] },
						"up": { "texture": "#glass", "uv": [ 0.5, 0.5, 4.0, 1.0 ], "rotation": 90 },
						"down": { "texture": "#wrapping", "uv": [ 0.5, 0.5, 1.5, 11.5 ], "autoUv": false, "windMode": [-1,-1,-1,-1] }
					},
					"children": [
						{
							"name": "WrapW",
							"from": [ -0.001, 0.0, -0.2 ],
							"to": [ -0.001, 2.8, 3.7 ],
							"climateColorMap": "",
							"seasonColorMap": "",
							"rotationOrigin": [ 6.69, -0.02, 5.95 ],
							"faces": {
								"west": { "texture": "#wrapping", "uv": [ 1.0, 2.0, 12.0, 11.0 ], "autoUv": false, "windMode": [-1,-1,-1,-1] }
							}
						}
					]
				},
				{
					"name": "BaseE",
					"from": [ 10.2, 7.61, 6.8 ],
					"to": [ 10.4, 11.11, 10.3 ],
					"renderPass": 3,
					"rotationOrigin": [ 16.29, 7.59, 12.95 ],
					"faces": {
						"east": { "texture": "#glass", "uv": [ 1.5, 0.0, 5.0, 3.5 ] },
						"up": { "texture": "#glass", "uv": [ 3.0, 0.0, 6.5, 0.5 ], "rotation": 90 },
						"down": { "texture": "#wrapping", "uv": [ 0.5, 0.5, 1.5, 11.5 ], "autoUv": false, "windMode": [-1,-1,-1,-1] }
					},
					"children": [
						{
							"name": "WrapE",
							"from": [ 0.201, 0.0, -0.2 ],
							"to": [ 0.201, 2.8, 3.7 ],
							"climateColorMap": "",
							"seasonColorMap": "",
							"rotationOrigin": [ 6.89, -0.02, 5.95 ],
							"faces": {
								"east": { "texture": "#wrapping", "uv": [ 2.0, 4.0, 13.0, 13.0 ], "autoUv": false, "windMode": [-1,-1,-1,-1] }
							}
						}
					]
				},
				{
					"name": "BaseN",
					"from": [ 6.4, 7.61, 6.6 ],
					"to": [ 10.4, 11.11, 6.8 ],
					"renderPass": 3,
					"rotationOrigin": [ 12.44, 7.59, 12.6 ],
					"faces": {
						"north": { "texture": "#glass", "uv": [ 0.0, 0.0, 4.0, 3.5 ] },
						"east": { "texture": "#glass", "uv": [ 1.5, 0.0, 2.0, 3.5 ] },
						"west": { "texture": "#glass", "uv": [ 2.0, 0.0, 2.5, 3.5 ] },
						"up": { "texture": "#glass", "uv": [ 2.5, 0.0, 6.5, 0.5 ] },
						"down": { "texture": "#wrapping", "uv": [ 0.5, 0.5, 12.5, 1.5 ], "autoUv": false, "windMode": [-1,-1,-1,-1] }
					},
					"children": [
						{
							"name": "WrapN",
							"from": [ 0.0, 0.0, -0.001 ],
							"to": [ 4.0, 2.8, -0.001 ],
							"rotationOrigin": [ 6.04, -0.02, 6.0 ],
							"faces": {
								"north": { "texture": "#wrapping", "uv": [ 1.5, 2.5, 12.5, 11.5 ], "autoUv": false, "windMode": [-1,-1,-1,-1] }
							}
						}
					]
				},
				{
					"name": "BaseS",
					"from": [ 6.4, 7.61, 10.3 ],
					"to": [ 10.4, 11.11, 10.5 ],
					"renderPass": 3,
					"rotationOrigin": [ 12.44, 7.59, 16.25 ],
					"faces": {
						"east": { "texture": "#glass", "uv": [ 0.0, 0.0, 0.5, 3.5 ] },
						"south": { "texture": "#glass", "uv": [ 0.5, 0.0, 4.5, 3.5 ] },
						"west": { "texture": "#glass", "uv": [ 2.0, 0.0, 2.5, 3.5 ] },
						"up": { "texture": "#glass", "uv": [ 2.5, 0.0, 6.5, 0.5 ] },
						"down": { "texture": "#wrapping", "uv": [ 0.5, 0.5, 12.5, 1.5 ], "autoUv": false, "windMode": [-1,-1,-1,-1] }
					},
					"children": [
						{
							"name": "WrapS",
							"from": [ 0.0, 0.0, 0.201 ],
							"to": [ 4.0, 2.8, 0.201 ],
							"rotationOrigin": [ 6.04, -0.02, 6.15 ],
							"faces": {
								"south": { "texture": "#wrapping", "uv": [ 3.5, 6.5, 14.5, 15.5 ], "autoUv": false, "windMode": [-1,-1,-1,-1] }
							}
						}
					]
				}
			]
		},
		{
			"name": "spout",
			"from": [ 7.6, 4.3001, 7.6 ],
			"to": [ 8.4, 5.6101, 8.4 ],
			"renderPass": 3,
			"rotationOrigin": [ 13.6, 4.3, 13.6 ],
			"faces": {
				"north": { "texture": "#glass", "uv": [ 6.0, 2.0, 6.5, 3.0 ], "windMode": [-1,-1,-1,-1] },
				"east": { "texture": "#glass", "uv": [ 6.0, 2.0, 6.5, 3.0 ] },
				"south": { "texture": "#glass", "uv": [ 6.0, 2.0, 6.5, 3.0 ] },
				"west": { "texture": "#glass", "uv": [ 6.0, 4.0, 6.5, 5.0 ] },
				"up": { "texture": "#glass", "uv": [ 6.0, 4.0, 6.5, 4.5 ] },
				"down": { "texture": "#glass", "uv": [ 6.0, 4.0, 6.5, 4.5 ] }
			},
			"children": [
				{
					"name": "Empty",
					"from": [ -8.0, -6.39, -8.1 ],
					"to": [ -8.0, -6.39, -8.1 ],
					"rotationOrigin": [ -0.3, 1.2, -0.4 ],
					"faces": {
					},
					"children": [
						{
							"name": "corkW",
							"from": [ 7.9, 7.61, 8.2 ],
							"to": [ 8.1, 8.11, 8.8 ],
							"renderPass": 3,
							"rotationOrigin": [ 14.59, 7.59, 14.35 ],
							"faces": {
								"east": { "texture": "#glass", "uv": [ 0.0, 0.0, 0.5, 0.5 ], "windMode": [-1,-1,-1,-1] },
								"west": { "texture": "#glass", "uv": [ 0.5, 0.0, 1.0, 0.5 ] },
								"up": { "texture": "#glass", "uv": [ 0.5, 0.5, 1.0, 1.0 ], "rotation": 90 },
								"down": { "texture": "#glass", "uv": [ 0.5, 0.5, 1.0, 1.0 ], "windMode": [-1,-1,-1,-1] }
							}
						},
						{
							"name": "corkE",
							"from": [ 8.7, 7.61, 8.2 ],
							"to": [ 8.9, 8.11, 8.8 ],
							"renderPass": 3,
							"rotationOrigin": [ 14.79, 7.59, 14.35 ],
							"faces": {
								"east": { "texture": "#glass", "uv": [ 1.5, 0.0, 2.0, 0.5 ] },
								"west": { "texture": "#glass", "uv": [ 0.0, 0.0, 0.5, 0.5 ], "windMode": [-1,-1,-1,-1] },
								"up": { "texture": "#glass", "uv": [ 3.0, 0.0, 3.5, 0.5 ], "rotation": 90 },
								"down": { "texture": "#glass", "uv": [ 0.5, 0.5, 1.0, 1.0 ], "windMode": [-1,-1,-1,-1] }
							}
						},
						{
							"name": "corkN",
							"from": [ 7.9, 7.61, 8.0 ],
							"to": [ 8.9, 8.11, 8.2 ],
							"renderPass": 3,
							"rotationOrigin": [ 13.94, 7.59, 14.0 ],
							"faces": {
								"north": { "texture": "#glass", "uv": [ 0.0, 0.0, 1.0, 0.5 ] },
								"east": { "texture": "#glass", "uv": [ 1.5, 0.0, 2.0, 0.5 ] },
								"south": { "texture": "#glass", "uv": [ 0.0, 0.0, 1.0, 0.5 ], "windMode": [-1,-1,-1,-1] },
								"west": { "texture": "#glass", "uv": [ 2.0, 0.0, 2.5, 0.5 ] },
								"up": { "texture": "#glass", "uv": [ 2.5, 0.0, 3.5, 0.5 ] },
								"down": { "texture": "#glass", "uv": [ 0.5, 0.5, 1.5, 1.0 ], "windMode": [-1,-1,-1,-1] }
							}
						},
						{
							"name": "corkS",
							"from": [ 7.9, 7.61, 8.8 ],
							"to": [ 8.9, 8.11, 9.0 ],
							"renderPass": 3,
							"rotationOrigin": [ 13.94, 7.59, 14.75 ],
							"faces": {
								"north": { "texture": "#glass", "uv": [ 0.0, 0.0, 1.0, 0.5 ], "windMode": [-1,-1,-1,-1] },
								"east": { "texture": "#glass", "uv": [ 0.0, 0.0, 0.5, 0.5 ] },
								"south": { "texture": "#glass", "uv": [ 0.5, 0.0, 1.5, 0.5 ] },
								"west": { "texture": "#glass", "uv": [ 2.0, 0.0, 2.5, 0.5 ] },
								"up": { "texture": "#glass", "uv": [ 2.5, 0.0, 3.5, 0.5 ] },
								"down": { "texture": "#glass", "uv": [ 0.5, 0.5, 1.5, 1.0 ], "windMode": [-1,-1,-1,-1] }
							}
						}
					]
				}
			]
		},
		{
			"name": "roof",
			"from": [ 6.2, 3.9, 6.3 ],
			"to": [ 9.8, 4.1, 9.8 ],
			"renderPass": 3,
			"rotationOrigin": [ 12.2, 3.9, 12.3 ],
			"faces": {
				"north": { "texture": "#glass", "uv": [ 0.5, 0.0, 4.0, 0.5 ] },
				"east": { "texture": "#glass", "uv": [ 0.5, 0.0, 4.0, 0.5 ], "windMode": [-1,-1,-1,-1] },
				"south": { "texture": "#glass", "uv": [ 0.5, 0.0, 4.0, 0.5 ], "windMode": [-1,-1,-1,-1] },
				"west": { "texture": "#glass", "uv": [ 0.5, 0.0, 4.0, 0.5 ] },
				"up": { "texture": "#glass", "uv": [ 0.5, 0.5, 4.0, 4.0 ], "rotation": 90 },
				"down": { "texture": "#glass", "uv": [ 0.5, 0.5, 3.5, 3.5 ], "autoUv": false }
			}
		},
		{
			"name": "roof2",
			"from": [ 6.4, 4.1001, 6.5 ],
			"to": [ 9.6, 4.3001, 9.6 ],
			"renderPass": 3,
			"rotationOrigin": [ 12.4, 4.1, 12.5 ],
			"faces": {
				"north": { "texture": "#glass", "uv": [ 0.5, 0.0, 3.5, 0.5 ] },
				"east": { "texture": "#glass", "uv": [ 0.5, 0.0, 3.5, 0.5 ], "windMode": [-1,-1,-1,-1] },
				"south": { "texture": "#glass", "uv": [ 0.5, 0.0, 3.5, 0.5 ], "windMode": [-1,-1,-1,-1] },
				"west": { "texture": "#glass", "uv": [ 0.5, 0.0, 3.5, 0.5 ] },
				"up": { "texture": "#glass", "uv": [ 0.5, 0.5, 3.5, 3.5 ], "rotation": 90 },
				"down": { "texture": "#glass", "uv": [ 0.5, 0.5, 3.5, 3.5 ], "autoUv": false }
			}
		}
	]}