{
	"editor": {
		"collapsedPaths": "",
		"allAngles": false,
		"entityTextureMode": false
	},
	"textureWidth": 16,
	"textureHeight": 16,
	"textureSizes": {
	},
	"textures": {
	},
	"elements": [
		{
			"name": "base",
			"from": [ 6.4, 0.01, 6.5 ],
			"to": [ 9.6, 0.21, 9.6 ],
			"renderPass": 3,
			"rotationOrigin": [ 12.4, 0.0, 12.5 ],
			"faces": {
				"north": { "texture": "#glass", "uv": [ 0.5, 0.0, 3.5, 0.5 ] },
				"east": { "texture": "#glass", "uv": [ 0.5, 0.0, 3.5, 0.5 ], "windMode": [-1,-1,-1,-1] },
				"south": { "texture": "#glass", "uv": [ 0.5, 0.0, 3.5, 0.5 ], "windMode": [-1,-1,-1,-1] },
				"west": { "texture": "#glass", "uv": [ 0.5, 0.0, 3.5, 0.5 ] },
				"up": { "texture": "#glass", "uv": [ 0.5, 0.5, 3.5, 3.5 ], "rotation": 90 },
				"down": { "texture": "#glass", "uv": [ 0.5, 0.5, 3.5, 3.5 ], "autoUv": false }
			},
			"children": [
				{
					"name": "base2",
					"from": [ -0.2, 0.2, -0.2 ],
					"to": [ 3.4, 0.4, 3.3 ],
					"renderPass": 3,
					"rotationOrigin": [ 5.8, 0.19, 5.8 ],
					"faces": {
						"north": { "texture": "#glass", "uv": [ 0.5, 0.0, 4.0, 0.5 ] },
						"east": { "texture": "#glass", "uv": [ 0.5, 0.0, 4.0, 0.5 ], "windMode": [-1,-1,-1,-1] },
						"south": { "texture": "#glass", "uv": [ 0.5, 0.0, 4.0, 0.5 ], "windMode": [-1,-1,-1,-1] },
						"west": { "texture": "#glass", "uv": [ 0.5, 0.0, 4.0, 0.5 ] },
						"up": { "texture": "#glass", "uv": [ 0.5, 0.5, 4.0, 4.0 ], "rotation": 90 },
						"down": { "texture": "#glass", "uv": [ 0.5, 0.5, 3.5, 3.5 ], "autoUv": false }
					}
				}
			]
		},
		{
			"name": "WallsParent",
			"from": [ -0.4, -7.2, -0.5 ],
			"to": [ -0.4, -7.2, -0.5 ],
			"renderPass": 3,
			"rotationOrigin": [ 7.3, 0.4, 7.2 ],
			"faces": {
			},
			"children": [
				{
					"name": "BaseW",
					"from": [ 6.4, 7.61, 6.8 ],
					"to": [ 6.6, 11.11, 10.3 ],
					"climateColorMap": "",
					"renderPass": 3,
					"rotationOrigin": [ 13.09, 7.59, 12.95 ],
					"faces": {
						"west": { "texture": "#glass", "uv": [ 0.5, 0.0, 4.0, 3.5 ], "windMode": [-1,-1,-1,-1] },
						"up": { "texture": "#glass", "uv": [ 0.5, 0.5, 4.0, 1.0 ], "rotation": 90 },
						"down": { "texture": "#glass", "uv": [ 0.5, 0.5, 1.0, 4.0 ], "windMode": [-1,-1,-1,-1] }
					}
				},
				{
					"name": "BaseE",
					"from": [ 10.2, 7.61, 6.8 ],
					"to": [ 10.4, 11.11, 10.3 ],
					"renderPass": 3,
					"rotationOrigin": [ 16.29, 7.59, 12.95 ],
					"faces": {
						"east": { "texture": "#glass", "uv": [ 1.5, 0.0, 5.0, 3.5 ] },
						"up": { "texture": "#glass", "uv": [ 3.0, 0.0, 6.5, 0.5 ], "rotation": 90 },
						"down": { "texture": "#glass", "uv": [ 0.5, 0.5, 1.0, 4.0 ], "windMode": [-1,-1,-1,-1] }
					}
				},
				{
					"name": "BaseN",
					"from": [ 6.4, 7.61, 6.6 ],
					"to": [ 10.4, 11.11, 6.8 ],
					"renderPass": 3,
					"rotationOrigin": [ 12.44, 7.59, 12.6 ],
					"faces": {
						"north": { "texture": "#glass", "uv": [ 0.0, 0.0, 4.0, 3.5 ] },
						"east": { "texture": "#glass", "uv": [ 1.5, 0.0, 2.0, 3.5 ] },
						"west": { "texture": "#glass", "uv": [ 2.0, 0.0, 2.5, 3.5 ] },
						"up": { "texture": "#glass", "uv": [ 2.5, 0.0, 6.5, 0.5 ] },
						"down": { "texture": "#glass", "uv": [ 0.5, 0.5, 4.5, 1.0 ], "windMode": [-1,-1,-1,-1] }
					}
				},
				{
					"name": "BaseS",
					"from": [ 6.4, 7.61, 10.3 ],
					"to": [ 10.4, 11.11, 10.5 ],
					"renderPass": 3,
					"rotationOrigin": [ 12.44, 7.59, 16.25 ],
					"faces": {
						"east": { "texture": "#glass", "uv": [ 0.0, 0.0, 0.5, 3.5 ] },
						"south": { "texture": "#glass", "uv": [ 0.5, 0.0, 4.5, 3.5 ] },
						"west": { "texture": "#glass", "uv": [ 2.0, 0.0, 2.5, 3.5 ] },
						"up": { "texture": "#glass", "uv": [ 2.5, 0.0, 6.5, 0.5 ] },
						"down": { "texture": "#glass", "uv": [ 0.5, 0.5, 4.5, 1.0 ], "windMode": [-1,-1,-1,-1] }
					}
				}
			]
		},
		{
			"name": "spout",
			"from": [ 7.6, 4.3, 7.6 ],
			"to": [ 8.4, 6.41, 8.4 ],
			"renderPass": 3,
			"rotationOrigin": [ 13.6, 4.3, 13.6 ],
			"faces": {
				"north": { "texture": "#glass", "uv": [ 6.0, 2.0, 6.5, 4.0 ], "windMode": [-1,-1,-1,-1] },
				"east": { "texture": "#glass", "uv": [ 6.0, 2.0, 6.5, 4.0 ] },
				"south": { "texture": "#glass", "uv": [ 6.0, 2.0, 6.5, 4.0 ] },
				"west": { "texture": "#glass", "uv": [ 6.0, 4.0, 6.5, 6.0 ] },
				"up": { "texture": "#glass", "uv": [ 6.0, 4.0, 6.5, 4.5 ] },
				"down": { "texture": "#glass", "uv": [ 6.0, 4.0, 6.5, 4.5 ] }
			},
			"children": [
				{
					"name": "Cork",
					"from": [ 0.1, 2.1, 0.1 ],
					"to": [ 0.7, 2.8, 0.7 ],
					"rotationOrigin": [ 0.8, 2.1, 0.4 ],
					"faces": {
						"north": { "texture": "#cork", "uv": [ 5.5, 1.0, 6.0, 1.5 ], "rotation": 90 },
						"east": { "texture": "#cork", "uv": [ 5.5, 1.5, 6.0, 2.0 ], "rotation": 90 },
						"south": { "texture": "#cork", "uv": [ 5.5, 2.5, 6.0, 3.0 ], "rotation": 270 },
						"west": { "texture": "#cork", "uv": [ 5.5, 3.5, 6.0, 4.0 ], "rotation": 270 },
						"up": { "texture": "#cork", "uv": [ 5.5, 2.0, 6.0, 2.5 ] },
						"down": { "texture": "#cork", "uv": [ 5.0, 2.5, 5.5, 3.0 ] }
					}
				},
				{
					"name": "Empty",
					"from": [ -8.0, -5.49, -8.1 ],
					"to": [ -8.0, -5.49, -8.1 ],
					"rotationOrigin": [ -0.3, 2.1, -0.4 ],
					"faces": {
					},
					"children": [
						{
							"name": "corkW",
							"from": [ 7.9, 7.61, 8.2 ],
							"to": [ 8.1, 8.11, 8.8 ],
							"renderPass": 3,
							"rotationOrigin": [ 14.59, 7.59, 14.35 ],
							"faces": {
								"west": { "texture": "#glass", "uv": [ 0.5, 0.0, 1.0, 0.5 ] },
								"up": { "texture": "#glass", "uv": [ 0.5, 0.5, 1.0, 1.0 ], "rotation": 90 },
								"down": { "texture": "#glass", "uv": [ 0.5, 0.5, 1.0, 1.0 ], "windMode": [-1,-1,-1,-1] }
							}
						},
						{
							"name": "corkE",
							"from": [ 8.7, 7.61, 8.2 ],
							"to": [ 8.9, 8.11, 8.8 ],
							"renderPass": 3,
							"rotationOrigin": [ 14.79, 7.59, 14.35 ],
							"faces": {
								"east": { "texture": "#glass", "uv": [ 1.5, 0.0, 2.0, 0.5 ] },
								"up": { "texture": "#glass", "uv": [ 3.0, 0.0, 3.5, 0.5 ], "rotation": 90 },
								"down": { "texture": "#glass", "uv": [ 0.5, 0.5, 1.0, 1.0 ], "windMode": [-1,-1,-1,-1] }
							}
						},
						{
							"name": "corkN",
							"from": [ 7.9, 7.61, 8.0 ],
							"to": [ 8.9, 8.11, 8.2 ],
							"renderPass": 3,
							"rotationOrigin": [ 13.94, 7.59, 14.0 ],
							"faces": {
								"north": { "texture": "#glass", "uv": [ 0.0, 0.0, 1.0, 0.5 ] },
								"east": { "texture": "#glass", "uv": [ 1.5, 0.0, 2.0, 0.5 ] },
								"west": { "texture": "#glass", "uv": [ 2.0, 0.0, 2.5, 0.5 ] },
								"up": { "texture": "#glass", "uv": [ 2.5, 0.0, 3.5, 0.5 ] },
								"down": { "texture": "#glass", "uv": [ 0.5, 0.5, 1.5, 1.0 ], "windMode": [-1,-1,-1,-1] }
							}
						},
						{
							"name": "corkS",
							"from": [ 7.9, 7.61, 8.8 ],
							"to": [ 8.9, 8.11, 9.0 ],
							"renderPass": 3,
							"rotationOrigin": [ 13.94, 7.59, 14.75 ],
							"faces": {
								"east": { "texture": "#glass", "uv": [ 0.0, 0.0, 0.5, 0.5 ] },
								"south": { "texture": "#glass", "uv": [ 0.5, 0.0, 1.5, 0.5 ] },
								"west": { "texture": "#glass", "uv": [ 2.0, 0.0, 2.5, 0.5 ] },
								"up": { "texture": "#glass", "uv": [ 2.5, 0.0, 3.5, 0.5 ] },
								"down": { "texture": "#glass", "uv": [ 0.5, 0.5, 1.5, 1.0 ], "windMode": [-1,-1,-1,-1] }
							}
						}
					]
				}
			]
		},
		{
			"name": "roof",
			"from": [ 6.2, 3.9, 6.3 ],
			"to": [ 9.8, 4.1, 9.8 ],
			"renderPass": 3,
			"rotationOrigin": [ 12.2, 3.9, 12.3 ],
			"faces": {
				"north": { "texture": "#glass", "uv": [ 0.5, 0.0, 4.0, 0.5 ] },
				"east": { "texture": "#glass", "uv": [ 0.5, 0.0, 4.0, 0.5 ], "windMode": [-1,-1,-1,-1] },
				"south": { "texture": "#glass", "uv": [ 0.5, 0.0, 4.0, 0.5 ], "windMode": [-1,-1,-1,-1] },
				"west": { "texture": "#glass", "uv": [ 0.5, 0.0, 4.0, 0.5 ] },
				"up": { "texture": "#glass", "uv": [ 0.5, 0.5, 4.0, 4.0 ], "rotation": 90 },
				"down": { "texture": "#glass", "uv": [ 0.5, 0.5, 3.5, 3.5 ], "autoUv": false }
			}
		},
		{
			"name": "roof2",
			"from": [ 6.4, 4.1, 6.5 ],
			"to": [ 9.6, 4.3, 9.6 ],
			"renderPass": 3,
			"rotationOrigin": [ 12.4, 4.1, 12.5 ],
			"faces": {
				"north": { "texture": "#glass", "uv": [ 0.5, 0.0, 3.5, 0.5 ] },
				"east": { "texture": "#glass", "uv": [ 0.5, 0.0, 3.5, 0.5 ], "windMode": [-1,-1,-1,-1] },
				"south": { "texture": "#glass", "uv": [ 0.5, 0.0, 3.5, 0.5 ], "windMode": [-1,-1,-1,-1] },
				"west": { "texture": "#glass", "uv": [ 0.5, 0.0, 3.5, 0.5 ] },
				"up": { "texture": "#glass", "uv": [ 0.5, 0.5, 3.5, 3.5 ], "rotation": 90 },
				"down": { "texture": "#glass", "uv": [ 0.5, 0.5, 3.5, 3.5 ], "autoUv": false }
			}
		}
	]}