{
	"editor": {
		"allAngles": false,
		"entityTextureMode": false
	},
	"textureWidth": 16,
	"textureHeight": 16,
	"textureSizes": {
	},
	"textures": {
	},
	"elements": [
		{
			"name": "WineBottleContents",
			"from": [ 6.9, 0.1, 7.0 ],
			"to": [ 9.099, 5.7, 9.099 ],
			"renderPass": 3,
			"rotationOrigin": [ 6.9, 0.1, 8.0 ],
			"faces": {
				"north": { "texture": "#null", "uv": [ 0.0, 0.0, 2.0, 5.5 ] },
				"east": { "texture": "#null", "uv": [ 0.0, 0.0, 2.0, 5.5 ] },
				"south": { "texture": "#null", "uv": [ 0.0, 0.0, 2.0, 5.5 ] },
				"west": { "texture": "#null", "uv": [ 0.0, 0.0, 2.0, 5.5 ] },
				"up": { "texture": "#null", "uv": [ 0.0, 0.0, 2.0, 2.0 ] },
				"down": { "texture": "#null", "uv": [ 0.0, 0.0, 2.0, 2.0 ] }
			}
		}
	]}