{
	"code": "slantedroofing",
	"behaviors": [{"name": "HorizontalOrientable", "properties": {  "dropBlockFace": "east", "drop": { "type": "block", "code": "slantedroofing-{material}-east-free" }  }}],
	"variantgroups": [
		{ "code": "material", "loadFromProperties": "floralzonescentralaustralianregion:block/wood" },
		{ loadFromProperties: "abstract/horizontalorientation" },
		{ "code": "cover", states: ["free", "snow"] }
	],
	attributes: {
		mapColorCode: "settlement",
	},
	shapeByType: { 

		"*-north-*": { base: "game:block/roofing/main/wood-{cover}", rotateY: 90 },
		"*-west-*": { base: "game:block/roofing/main/wood-{cover}", rotateY: 180 },
		"*-south-*": { base: "game:block/roofing/main/wood-{cover}", rotateY: 270 },
		"*-east-*": { base: "game:block/roofing/main/wood-{cover}", rotateY: 0 },
	},
	texturesByType: {
		"*": {
			"acacia1": { base: "floralzonescentralaustralianregion:block/wood/planks/{material}1" },
			"acacia-top": { base: "floralzonescentralaustralianregion:block/wood/shingles/{material}-top" },
			"acacia-side": { base: "floralzonescentralaustralianregion:block/wood/shingles/{material}-side" },
		},
	},
	drawtype: "json",
	faceCullMode: "NeverCull",
	renderpass: "OpaqueNoCull",
	sidesolidByType: {
		"*-north-*": {"north": true, "south": false, "east": false, "west": false, "up": false, "down": true },
		"*-south-*": {"north": false, "south": true, "east": false, "west": false, "up": false, "down": true },
		"*-east-*": {"north": false, "south": false, "east": true, "west": false, "up": false, "down": true },
		"*-west-*": {"north": false, "south": false, "east": false, "west": true, "up": false, "down": true }
	},
	sideopaque: { all: false },
	blockmaterialByType: {
		"*": "Wood",
	},
	creativeinventory: { "general": ["*-east-free"], "decorative": ["*-east-free"] },
	replaceable: 300,
	resistance: 2,
	lightAbsorption: 99,
	emitSideAo: {
		all: true
	},
	sideAoByType: { "*-sod-*": { all: false } },
	collisionSelectionBoxesByType: {
		"*-north-*": [ { x1: 0, y1: 0, z1: 0, x2: 1, y2: 0.5625, z2: 1, rotateY: 90 }, { x1: 0.625, y1: 0.5625, z1: 0, x2: 1, y2: 1, z2: 1, rotateY: 90 } ],
		"*-west-*": [ { x1: 0, y1: 0, z1: 0, x2: 1, y2: 0.5625, z2: 1, rotateY: 180 }, { x1: 0.625, y1: 0.5625, z1: 0, x2: 1, y2: 1, z2: 1, rotateY: 180 } ],
		"*-south-*": [ { x1: 0, y1: 0, z1: 0, x2: 1, y2: 0.5625, z2: 1, rotateY: 270 }, { x1: 0.625, y1: 0.5625, z1: 0, x2: 1, y2: 1, z2: 1, rotateY: 270 } ],
		"*-east-*": [ { x1: 0, y1: 0, z1: 0, x2: 1, y2: 0.5625, z2: 1 }, { x1: 0.625, y1: 0.5625, z1: 0, x2: 1, y2: 1, z2: 1 } ]
	},
	soundsByType: {
		"*": {
			place: "game:block/planks",
			break: "game:block/planks",
			hit: "game:block/planks",
		},
	},
	guiTransformByType: {
		"*-thatch-*": {
			rotation: { x: -22.6, y: -40, z: 0 },
			origin: { x: 0.29, y: 0.54, z: 0.44 },
			scale: 0.85
		},
		"*-agedthatch-*": {
			rotation: { x: -22.6, y: -40, z: 0 },
			origin: { x: 0.29, y: 0.54, z: 0.44 },
			scale: 0.85
		},
		"*": {
			rotation: { x: -22.6, y: -40, z: 0 },
			origin: { x: 0.53, y: 0.55, z: 0.46 },
			scale: 0.85
		}
	}
}