{
	code: "stationarybasket",
	class: "BlockGenericTypedContainer",
	entityclass: "GenericTypedContainer",
	attributes: {
		inventoryClassName: "basket",
		defaultType: "reed",
		openSound: "game:sounds/block/basketopen",
		closeSound: "game:sounds/block/basketclose",
		types: ["bolboschoenusmaritimus","cocosnucifera"],
		drop: {
			bolboschoenusmaritimus: true,
			cocosnucifera: true
		},
		quantitySlots: {
			bolboschoenusmaritimus: 8,
			cocosnucifera: 8
		},
		dialogTitleLangCode: {
			bolboschoenusmaritimus: "basketcontents",
			cocosnucifera: "basketcontents"
		},
		storageType: {
			bolboschoenusmaritimus: 189,
			cocosnucifera: 189
		},
		retrieveOnly: {
			bolboschoenusmaritimus: false,
			cocosnucifera: false
		},
		attachableCategoryCode: {
			bolboschoenusmaritimus: "basket",
			cocosnucifera: "basket"
		},
		shape: {
			bolboschoenusmaritimus: "game:block/reed/basket-normal",
			cocosnucifera: "game:block/reed/basket-normal"
		},
		creatureContainedShape: {
			bolboschoenusmaritimus: "game:block/reed/basket-full",
			cocosnucifera: "game:block/reed/basket-full"
		},
		variantByGroup: "side",
		variantByGroupInventory: null
	},
	behaviors: [
		{name: "BoatableGenericTypedContainer" },
		{name: "Lockable" }, 
		{name: "CreatureContainer" }, 
		{name: "Container"}, 
		{name: "HorizontalOrientable", properties: {  dropBlockFace: "east" }}
	],
	entityBehaviors: [{ name: "Animatable" }],
	variantgroups: [
		{ code: "side", loadFromProperties: "abstract/horizontalorientation" }
	],
	creativeinventory: {  },
	creativeinventoryStacksByType: {
		"*-east": [
			{
				tabs: [ "general", "decorative" ],
				stacks: [
					{ type: "block", code: "stationarybasket-east", attributes: { type: "bolboschoenusmaritimus"} },
					{ type: "block", code: "stationarybasket-east", attributes: { type: "cocosnucifera"} }
				]
			}
		]
	},
	heldTpIdleAnimation: "holdunderarm",
	shapeInventory: { base: "game:block/reed/basket-normal", rotateY: 270 },
	shapeByType: {
		"*-north": { base: "game:block/reed/basket-normal", rotateY: 0 },
		"*-east": { base: "game:block/reed/basket-normal", rotateY: 270 },
		"*-west": { base: "game:block/reed/basket-normal", rotateY: 90 },
		"*-south": { base: "game:block/reed/basket-normal", rotateY: 180 },
	},

	// Must declare textures so they get added to the block texture atlas
	textures: {
		"bolboschoenusmaritimus-sidesWE": { base: "block/plant/bolboschoenusmaritimus/basket/normal-westeast" },
		"bolboschoenusmaritimus-sidesSN": { base: "block/plant/bolboschoenusmaritimus/basket/normal-northsouth" },
		"bolboschoenusmaritimus-lid": { base: "block/plant/bolboschoenusmaritimus/basket/normal-lid" },
		"cocosnucifera-sidesWE": { base: "block/plant/cocosnucifera/basket/normal-westeast" },
		"cocosnucifera-sidesSN": { base: "block/plant/cocosnucifera/basket/normal-northsouth" },
		"cocosnucifera-lid": { base: "block/plant/cocosnucifera/basket/normal-lid" }
	},
	blockmaterial: "Wood",
	replaceable: 900,
	resistance: 2,
	lightAbsorption: 0,
	sideAo: { all: false },
	sidesolid: {
		all: false
	},
	sideopaque: {
		all: false
	},
	collisionbox: {
		x1: 0.125, y1: 0, z1: 0.125, x2: 0.8125, y2: 0.5, z2: 0.875,
		rotateYByType: {
			"*-north": 270,
			"*-east": 180,
			"*-south": 90,
			"*-west": 0
		}
	},
	selectionbox: {
		x1: 0.125, y1: 0, z1: 0.125, x2: 0.8125, y2: 0.5, z2: 0.875,
		rotateYByType: {
			"*-north": 270,
			"*-east": 180,
			"*-south": 90,
			"*-west": 0
		}
	},
	sounds: {
		"place": "game:block/planks",
		"walk": "game:walk/wood"
	},
	materialDensity: 600,
	tpHandTransform: {
		translation: { x: -0.9, y: -0.5, z: -0.3 },
		rotation: { x: 0, y: 90, z: -102 },
		scale: 0.56
	},
	guiTransform: {
		origin: { x: 0.5, y: 0.3, z: 0.5 },
		scale: 1.3
	}
}