{
	code: "skep",
	// BlockSkep contains a check to prevent drops on non harvestable skeps + ability to pick up into the backpack slot
	class: "BlockSkep",
	heldTpIdleAnimation: "holdbothhands",
	maxstacksize: 1,
	storageFlagsByType: {
		"*-populated-*": 2,
	},
	entityClassByType: {
		"*-populated-*": "Beehive",
	},
	variantgroups: [
		{ code: "material", states: ["bolboschoenusmaritimus","cocosnucifera"] },
		{ code: "type", states: ["empty", "populated"] },
		{ code:"side", loadFromProperties: "abstract/horizontalorientation" }
	],
	behaviors: [{name: "HorizontalOrientable", properties: {  dropBlockFace: "east" }}],
	shapebytype: {
		"*-north": { base: "game:block/beehive/skep-{type}", rotateY: 0 },
		"*-east": { base: "game:block/beehive/skep-{type}", rotateY: 270 },
		"*-south": { base: "game:block/beehive/skep-{type}", rotateY: 180 },
		"*-west": { base: "game:block/beehive/skep-{type}", rotateY: 90 }
	},	
	textures: {
		"hive": { base: "block/plant/{material}/beehive/hive" },
		"honeycomb": { base: "game:block/reed/beehive/honeycomb" }
	},
	creativeinventoryStacksByType: {
		"*-populated-east":[
			{
				tabs: ["general", "flora", "decorative"],
				stacks: [
					{ type: "block", code: "skep-{material}-populated-east"},
					{ type: "block", code: "skep-{material}-populated-east", attributes: { harvestable: true } }
				]
			}
		]
	},
	creativeinventory: { "general": ["*-empty-east"], "flora": ["*-empty-east"], "decorative": ["*-empty-east"] },
	blockmaterial: "Other",
	replaceable: 900,
	lightAbsorption: 0,
	resistance: 1.25,
	sideopaque: { all: false },
	sidesolid: { all: false },
	sounds: {
		place: "game:block/planks",
		break: "game:block/planks",
		hit: "game:block/planks",
		ambientByType: { "*-populated-*": "game:creature/beehive" }
	},
	dropsByType: {
		"*bolboschoenusmaritimus*": [ 
			{ type: "item", code: "bolboschoenusmaritimusbundle", quantity: { avg: 6, var: 8, dist: "invexp" } },
			{ type: "item", code: "game:honeycomb", quantity: { avg: 3 } }
		],
		"*cocosnucifera*": [ 
			{ type: "item", code: "coconuthusk", quantity: { avg: 6, var: 8, dist: "invexp" } },
			{ type: "item", code: "game:honeycomb", quantity: { avg: 3 } }
		]
	},
	materialDensity: 300,
	combustibleProps: {
		burnTemperature: 500,
		burnDuration: 8,
	},
	selectionbox: { x1: 0.25, y1: 0, z1: 0.25, x2: 0.75, y2: 0.5625, z2: 0.75 },
	collisionbox: { x1: 0.25, y1: 0, z1: 0.25, x2: 0.75, y2: 0.5625, z2: 0.75 },
	guiTransform: {
		origin: { x: 0.5, y: 0.3, z: 0.5 },
		scale: 1.85
	},
	tpHandTransform: {
		translation: { x: -0.9, y: -0.4, z: -0.7 },
		rotation: { x: 51, y: 13, z: -84 },
		origin: { x: 0.5, y: 0.2, z: 0.5 },
		scale: 0.59
	},
	groundTransform: {
		scale: 2.01
	}
}