{
	"editor": {
		"allAngles": false,
		"entityTextureMode": false
	},
	"textureWidth": 16,
	"textureHeight": 16,
	"textureSizes": {
	},
	"textures": {
		"tinbronze": "game:block/metal/lantern/tinbronze",
		"oak": "game:block/wood/debarked/oak"
	},
	"elements": [
		{
			"name": "Cube1",
			"from": [ 7.0, 7.0, 7.0 ],
			"to": [ 8.0, 12.0, 8.0 ],
			"rotationOrigin": [ 7.0, 7.0, 7.0 ],
			"rotationZ": -22.5,
			"faces": {
				"north": { "texture": "#tinbronze", "uv": [ 3.5, 3.0, 4.5, 8.0 ] },
				"east": { "texture": "#tinbronze", "uv": [ 4.5, 4.5, 5.5, 9.5 ] },
				"south": { "texture": "#tinbronze", "uv": [ 5.0, 4.5, 6.0, 9.5 ] },
				"west": { "texture": "#tinbronze", "uv": [ 3.5, 2.5, 4.5, 7.5 ] },
				"up": { "texture": "#tinbronze", "uv": [ 4.0, 4.0, 5.0, 5.0 ] },
				"down": { "texture": "#tinbronze", "uv": [ 4.5, 4.5, 5.5, 5.5 ] }
			},
			"children": [
				{
					"name": "Cube2",
					"from": [ -1.0, 5.0, 0.0 ],
					"to": [ 2.0, 6.0, 1.0 ],
					"rotationOrigin": [ -1.0, 5.0, 0.0 ],
					"faces": {
						"north": { "texture": "#tinbronze", "uv": [ 4.0, 4.5, 7.0, 5.5 ] },
						"east": { "texture": "#tinbronze", "uv": [ 3.0, 3.0, 4.0, 4.0 ] },
						"south": { "texture": "#tinbronze", "uv": [ 3.5, 4.0, 6.5, 5.0 ] },
						"west": { "texture": "#tinbronze", "uv": [ 5.5, 5.0, 6.5, 6.0 ] },
						"up": { "texture": "#tinbronze", "uv": [ 2.5, 5.5, 5.5, 6.5 ] },
						"down": { "texture": "#tinbronze", "uv": [ 4.5, 5.0, 7.5, 6.0 ] }
					}
				},
				{
					"name": "Cube4",
					"from": [ 1.0, 6.0, 0.0 ],
					"to": [ 2.0, 7.0, 1.0 ],
					"rotationOrigin": [ 1.0, 6.0, 0.0 ],
					"faces": {
						"north": { "texture": "#tinbronze", "uv": [ 5.5, 5.0, 6.5, 6.0 ], "windMode": [-1,-1,-1,-1] },
						"east": { "texture": "#tinbronze", "uv": [ 4.5, 5.5, 5.5, 6.5 ], "windMode": [-1,-1,-1,-1] },
						"south": { "texture": "#tinbronze", "uv": [ 4.0, 4.0, 5.0, 5.0 ], "windMode": [-1,-1,-1,-1] },
						"west": { "texture": "#tinbronze", "uv": [ 5.5, 4.0, 6.5, 5.0 ], "windMode": [-1,-1,-1,-1] },
						"up": { "texture": "#tinbronze", "uv": [ 3.5, 4.5, 4.5, 5.5 ], "windMode": [-1,-1,-1,-1] },
						"down": { "texture": "#tinbronze", "uv": [ 4.0, 3.5, 5.0, 4.5 ], "windMode": [-1,-1,-1,-1] }
					}
				},
				{
					"name": "Cube3",
					"from": [ -1.0, 6.0, 0.0 ],
					"to": [ 0.0, 7.0, 1.0 ],
					"rotationOrigin": [ -1.0, 6.0, 0.0 ],
					"faces": {
						"north": { "texture": "#tinbronze", "uv": [ 5.0, 4.0, 6.0, 5.0 ] },
						"east": { "texture": "#tinbronze", "uv": [ 7.0, 7.0, 8.0, 8.0 ] },
						"south": { "texture": "#tinbronze", "uv": [ 7.5, 6.5, 8.5, 7.5 ] },
						"west": { "texture": "#tinbronze", "uv": [ 5.5, 4.5, 6.5, 5.5 ] },
						"up": { "texture": "#tinbronze", "uv": [ 5.5, 4.5, 6.5, 5.5 ] },
						"down": { "texture": "#tinbronze", "uv": [ 4.5, 3.5, 5.5, 4.5 ], "windMode": [-1,-1,-1,-1] }
					}
				}
			]
		},
		{
			"name": "Cube5",
			"from": [ 7.0, 7.0, 8.0 ],
			"to": [ 8.0, 12.0, 9.0 ],
			"rotationOrigin": [ 7.0, 7.0, 8.0 ],
			"rotationZ": 22.5,
			"faces": {
				"north": { "texture": "#oak", "uv": [ 0.0, 0.0, 1.0, 5.0 ] },
				"east": { "texture": "#oak", "uv": [ 0.0, 0.0, 1.0, 5.0 ] },
				"south": { "texture": "#oak", "uv": [ 0.0, 0.0, 1.0, 5.0 ], "windMode": [-1,-1,-1,-1] },
				"west": { "texture": "#oak", "uv": [ 0.0, 0.0, 1.0, 5.0 ] },
				"up": { "texture": "#oak", "uv": [ 0.0, 0.0, 1.0, 1.0 ] },
				"down": { "texture": "#oak", "uv": [ 0.0, 0.0, 1.0, 1.0 ] }
			},
			"children": [
				{
					"name": "Cube6",
					"from": [ -1.0, 5.0, 0.0 ],
					"to": [ 2.0, 6.0, 1.0 ],
					"rotationOrigin": [ -1.0, 5.0, 0.0 ],
					"faces": {
						"north": { "texture": "#tinbronze", "uv": [ 4.0, 3.5, 7.0, 4.5 ] },
						"east": { "texture": "#tinbronze", "uv": [ 4.0, 3.0, 5.0, 4.0 ] },
						"south": { "texture": "#tinbronze", "uv": [ 4.0, 3.0, 7.0, 4.0 ] },
						"west": { "texture": "#tinbronze", "uv": [ 3.5, 3.5, 4.5, 4.5 ] },
						"up": { "texture": "#tinbronze", "uv": [ 4.0, 3.5, 7.0, 4.5 ] },
						"down": { "texture": "#tinbronze", "uv": [ 3.5, 4.0, 6.5, 5.0 ] }
					}
				}
			]
		},
		{
			"name": "Cube7",
			"from": [ 4.0, 8.0, 4.0 ],
			"to": [ 11.0, 11.0, 7.0 ],
			"rotationOrigin": [ 4.0, 8.0, 4.0 ],
			"faces": {
				"north": { "texture": "#tinbronze", "uv": [ 4.0, 2.0, 11.0, 5.0 ] },
				"east": { "texture": "#tinbronze", "uv": [ 3.5, 3.0, 6.5, 6.0 ] },
				"south": { "texture": "#tinbronze", "uv": [ 4.5, 2.5, 11.5, 5.5 ], "windMode": [-1,-1,-1,-1], "reflectiveMode": 3 },
				"west": { "texture": "#tinbronze", "uv": [ 4.5, 3.0, 7.5, 6.0 ] },
				"up": { "texture": "#tinbronze", "uv": [ 3.5, 2.0, 10.5, 5.0 ] },
				"down": { "texture": "#tinbronze", "uv": [ 3.0, 2.5, 10.0, 5.5 ], "windMode": [-1,-1,-1,-1], "reflectiveMode": 3 }
			},
			"children": [
				{
					"name": "Cube8",
					"from": [ 1.5, 3.0, 1.2 ],
					"to": [ 2.0, 4.0, 1.7 ],
					"rotationOrigin": [ 1.5, 3.0, 1.2 ],
					"faces": {
						"north": { "texture": "#tinbronze", "uv": [ 0.0, 0.0, 0.5, 1.0 ] },
						"east": { "texture": "#tinbronze", "uv": [ 5.0, 4.0, 5.5, 5.0 ] },
						"south": { "texture": "#tinbronze", "uv": [ 0.0, 0.0, 0.5, 1.0 ] },
						"west": { "texture": "#tinbronze", "uv": [ 4.5, 3.5, 5.0, 4.5 ] },
						"up": { "texture": "#tinbronze", "uv": [ 0.0, 0.0, 0.5, 0.5 ] },
						"down": { "texture": "#tinbronze", "uv": [ 0.0, 0.0, 0.5, 0.5 ] }
					}
				},
				{
					"name": "Cube9",
					"from": [ 5.0, 3.0, 1.2 ],
					"to": [ 5.5, 4.0, 1.7 ],
					"rotationOrigin": [ 5.0, 3.0, 1.2 ],
					"faces": {
						"north": { "texture": "#tinbronze", "uv": [ 0.0, 0.0, 0.5, 1.0 ] },
						"east": { "texture": "#tinbronze", "uv": [ 4.0, 3.5, 4.5, 4.5 ] },
						"south": { "texture": "#tinbronze", "uv": [ 0.0, 0.0, 0.5, 1.0 ] },
						"west": { "texture": "#tinbronze", "uv": [ 3.5, 4.0, 4.0, 5.0 ] },
						"up": { "texture": "#tinbronze", "uv": [ 0.0, 0.0, 0.5, 0.5 ] },
						"down": { "texture": "#tinbronze", "uv": [ 0.0, 0.0, 0.5, 0.5 ] }
					}
				},
				{
					"name": "Cube10",
					"from": [ 1.5, 4.0, 1.2 ],
					"to": [ 5.5, 4.4, 1.7 ],
					"rotationOrigin": [ 1.5, 4.0, 1.2 ],
					"faces": {
						"north": { "texture": "#tinbronze", "uv": [ 0.0, 0.0, 4.0, 0.5 ] },
						"east": { "texture": "#tinbronze", "uv": [ 5.0, 5.0, 5.5, 5.5 ] },
						"south": { "texture": "#tinbronze", "uv": [ 0.0, 0.0, 4.0, 0.5 ] },
						"west": { "texture": "#tinbronze", "uv": [ 4.5, 3.5, 5.0, 4.0 ] },
						"up": { "texture": "#tinbronze", "uv": [ 3.5, 3.0, 7.5, 3.5 ] },
						"down": { "texture": "#tinbronze", "uv": [ 3.0, 3.5, 7.0, 4.0 ] }
					}
				}
			]
		}
	]}