{
	"editor": {
		"allAngles": false,
		"entityTextureMode": false
	},
	"textureWidth": 16,
	"textureHeight": 16,
	"textureSizes": {
	},
	"textures": {
		"copper": "game:block/metal/lantern/copper",
		"oak": "game:block/wood/debarked/oak"
	},
	"elements": [
		{
			"name": "Cube5",
			"from": [ 10.0, 11.0, 7.0 ],
			"to": [ 11.0, 16.0, 8.0 ],
			"rotationOrigin": [ 10.0, 11.0, 7.0 ],
			"rotationX": -90.0,
			"rotationZ": 78.0,
			"faces": {
				"north": { "texture": "#oak", "uv": [ 0.0, 0.0, 1.0, 5.0 ] },
				"east": { "texture": "#oak", "uv": [ 0.0, 0.0, 1.0, 5.0 ] },
				"south": { "texture": "#oak", "uv": [ 0.0, 0.0, 1.0, 5.0 ], "windMode": [-1,-1,-1,-1] },
				"west": { "texture": "#oak", "uv": [ 0.0, 0.0, 1.0, 5.0 ] },
				"up": { "texture": "#oak", "uv": [ 0.0, 0.0, 1.0, 1.0 ] },
				"down": { "texture": "#oak", "uv": [ 0.0, 0.0, 1.0, 1.0 ] }
			},
			"children": [
				{
					"name": "Cube6",
					"from": [ -1.0, 5.0, 0.0 ],
					"to": [ 2.0, 6.0, 1.0 ],
					"rotationOrigin": [ -1.0, 5.0, 0.0 ],
					"faces": {
						"north": { "texture": "#copper", "uv": [ 4.0, 3.5, 7.0, 4.5 ] },
						"east": { "texture": "#copper", "uv": [ 4.0, 3.0, 5.0, 4.0 ] },
						"south": { "texture": "#copper", "uv": [ 4.0, 3.0, 7.0, 4.0 ] },
						"west": { "texture": "#copper", "uv": [ 3.5, 3.5, 4.5, 4.5 ] },
						"up": { "texture": "#copper", "uv": [ 4.0, 3.5, 7.0, 4.5 ] },
						"down": { "texture": "#copper", "uv": [ 3.5, 4.0, 6.5, 5.0 ] }
					}
				}
			]
		},
		{
			"name": "Cube7",
			"from": [ 4.0, 9.5, 4.0 ],
			"to": [ 11.0, 11.0, 7.0 ],
			"rotationOrigin": [ 4.0, 9.5, 4.0 ],
			"faces": {
				"north": { "texture": "#copper", "uv": [ 4.0, 2.0, 11.0, 3.5 ] },
				"east": { "texture": "#copper", "uv": [ 3.5, 3.0, 6.5, 4.5 ] },
				"south": { "texture": "#copper", "uv": [ 4.5, 2.5, 11.5, 4.0 ], "windMode": [-1,-1,-1,-1] },
				"west": { "texture": "#copper", "uv": [ 4.5, 3.0, 7.5, 4.5 ] },
				"up": { "texture": "#copper", "uv": [ 3.5, 2.0, 10.5, 5.0 ] },
				"down": { "texture": "#copper", "uv": [ 3.0, 2.5, 10.0, 5.5 ], "windMode": [-1,-1,-1,-1] }
			}
		}
	]}