{
	"editor": {
		"allAngles": false,
		"entityTextureMode": false
	},
	"textureWidth": 16,
	"textureHeight": 16,
	"textureSizes": {
	},
	"textures": {
		"swordforlorn": "game:item/tool/sword-forlorn"
	},
	"elements": [
		{
			"name": "origin",
			"from": [ 14.5, 0.0, 8.0 ],
			"to": [ 14.5, 0.0, 8.0 ],
			"rotationOrigin": [ 8.0, 0.0, 8.0 ],
			"faces": {
			},
			"children": [
				{
					"name": "handle",
					"from": [ -10.5, -0.7, -0.8 ],
					"to": [ -4.5, 0.7, 0.7 ],
					"rotationOrigin": [ -5.0, 0.0, 0.0 ],
					"faces": {
						"north": { "texture": "#swordforlorn", "uv": [ 0.0, 15.0, 6.0, 16.0 ], "rotation": 180 },
						"south": { "texture": "#swordforlorn", "uv": [ 0.0, 11.0, 6.0, 12.0 ] },
						"west": { "texture": "#swordforlorn", "uv": [ 7.0, 12.5, 8.5, 13.5 ] },
						"up": { "texture": "#swordforlorn", "uv": [ 0.0, 13.5, 6.0, 15.0 ] },
						"down": { "texture": "#swordforlorn", "uv": [ 0.0, 12.0, 6.0, 13.5 ], "rotation": 180 }
					},
					"children": [
						{
							"name": "pommel",
							"from": [ 0.7, -0.3, -0.2 ],
							"to": [ 1.7, 1.7, 1.8 ],
							"rotationOrigin": [ 1.7, 0.7, 0.8 ],
							"faces": {
								"north": { "texture": "#swordforlorn", "uv": [ 0.0, 2.0, 1.0, 4.0 ] },
								"east": { "texture": "#swordforlorn", "uv": [ 1.0, 2.0, 3.0, 4.0 ] },
								"south": { "texture": "#swordforlorn", "uv": [ 3.0, 2.0, 4.0, 4.0 ] },
								"west": { "texture": "#swordforlorn", "uv": [ 4.0, 2.0, 6.0, 4.0 ] },
								"up": { "texture": "#swordforlorn", "uv": [ 0.0, 0.0, 1.0, 2.0 ] },
								"down": { "texture": "#swordforlorn", "uv": [ 1.0, 0.0, 2.0, 2.0 ] }
							}
						},
						{
							"name": "hilt",
							"from": [ 6.0, -0.6, -0.5 ],
							"to": [ 6.5, 1.9, 2.0 ],
							"rotationOrigin": [ 6.0, 0.6, 0.7 ],
							"faces": {
								"north": { "texture": "#swordforlorn", "uv": [ 6.0, 13.5, 6.5, 16.0 ] },
								"east": { "texture": "#swordforlorn", "uv": [ 6.5, 13.5, 9.0, 16.0 ] },
								"south": { "texture": "#swordforlorn", "uv": [ 9.0, 13.5, 9.5, 16.0 ] },
								"west": { "texture": "#swordforlorn", "uv": [ 9.5, 13.5, 12.0, 16.0 ] },
								"up": { "texture": "#swordforlorn", "uv": [ 6.0, 11.0, 6.5, 13.5 ] },
								"down": { "texture": "#swordforlorn", "uv": [ 6.5, 11.0, 7.0, 13.5 ] }
							},
							"children": [
								{
									"name": "hilt1",
									"from": [ 0.3, 1.1, -0.1 ],
									"to": [ 2.3, 1.5, 0.9 ],
									"rotationOrigin": [ 0.3, 1.3, 0.4 ],
									"rotationY": 45.0,
									"faces": {
										"north": { "texture": "#swordforlorn", "uv": [ 6.0, 3.0, 8.0, 3.5 ] },
										"east": { "texture": "#swordforlorn", "uv": [ 8.0, 3.0, 9.0, 3.5 ] },
										"south": { "texture": "#swordforlorn", "uv": [ 9.0, 3.0, 11.0, 3.5 ] },
										"up": { "texture": "#swordforlorn", "uv": [ 6.0, 2.0, 8.0, 3.0 ] },
										"down": { "texture": "#swordforlorn", "uv": [ 8.0, 2.0, 10.0, 3.0 ] }
									}
								},
								{
									"name": "hilt2",
									"from": [ 0.3, 1.1, 1.6 ],
									"to": [ 2.3, 1.5, 2.6 ],
									"rotationOrigin": [ 0.3, 1.3, 2.1 ],
									"rotationY": -45.0,
									"faces": {
										"north": { "texture": "#swordforlorn", "uv": [ 6.0, 1.0, 8.0, 1.5 ] },
										"east": { "texture": "#swordforlorn", "uv": [ 8.0, 1.0, 9.0, 1.5 ] },
										"south": { "texture": "#swordforlorn", "uv": [ 9.0, 1.0, 11.0, 1.5 ] },
										"up": { "texture": "#swordforlorn", "uv": [ 6.0, 0.0, 8.0, 1.0 ] },
										"down": { "texture": "#swordforlorn", "uv": [ 8.0, 0.0, 10.0, 1.0 ] }
									}
								},
								{
									"name": "bladeguard",
									"from": [ 0.5, 1.0, 0.45 ],
									"to": [ 2.5, 1.6, 2.15 ],
									"rotationOrigin": [ 0.5, 1.3, 1.35 ],
									"faces": {
										"north": { "texture": "#swordforlorn", "uv": [ 2.0, 1.5, 4.0, 2.0 ] },
										"east": { "texture": "#swordforlorn", "uv": [ 4.0, 1.5, 5.5, 2.0 ] },
										"south": { "texture": "#swordforlorn", "uv": [ 5.5, 1.5, 7.5, 2.0 ] },
										"up": { "texture": "#swordforlorn", "uv": [ 2.0, 0.0, 4.0, 1.5 ] },
										"down": { "texture": "#swordforlorn", "uv": [ 4.0, 0.0, 6.0, 1.5 ] }
									}
								}
							]
						}
					]
				}
			]
		}
	]}