{
	"editor": {
		"collapsedPaths": "Root/Waist-Quiver/Quiver/arrow_5,Root/Waist-Quiver/Quiver/arrow_4,Root/Waist-Quiver/Belt,Root/Waist-Quiver/Quiver/arrow_3,Root/Waist-Quiver/Quiver/arrow_2,Root/Waist-Quiver/Quiver/arrow_1,Root/Waist/buckle-bottom,Root/Waist-Quiver/Quiver/arrow_0",
		"allAngles": false,
		"entityTextureMode": false
	},
	"textureWidth": 16,
	"textureHeight": 16,
	"textureSizes": {
	},
	"textures": {
		"metal": "game:block/metal/plate/iron"
	},
	"elements": [
		{
			"name": "Waist-Belt",
			"from": [ -0.5, 0.0, -0.5 ],
			"to": [ -0.5, 0.0, -0.5 ],
			"rotationOrigin": [ 0.0, 0.0, 2.7 ],
			"rotationZ": -90.0,
			"faces": {
				"north": { "texture": "#metal", "uv": [ 0.0, 1.0, 0.5, 1.5 ] },
				"east": { "texture": "#metal", "uv": [ 0.5, 0.5, 1.0, 1.0 ] },
				"south": { "texture": "#metal", "uv": [ 0.5, 0.5, 1.0, 1.0 ] },
				"west": { "texture": "#metal", "uv": [ 0.0, 0.0, 0.5, 0.5 ] }
			},
			"children": [
				{
					"name": "buckle-bottom",
					"from": [ -0.5, -0.6, 0.0 ],
					"to": [ 0.5, -0.1, 1.5 ],
					"rotationOrigin": [ -0.5, -0.6, 0.0 ],
					"faces": {
						"north": { "texture": "#metal", "uv": [ 6.0, 4.0, 7.0, 4.5 ] },
						"east": { "texture": "#metal", "uv": [ 0.0, 0.0, 1.5, 0.5 ] },
						"south": { "texture": "#metal", "uv": [ 0.0, 0.0, 1.0, 0.5 ] },
						"west": { "texture": "#metal", "uv": [ 6.0, 3.5, 7.5, 4.0 ] },
						"up": { "texture": "#metal", "uv": [ 6.5, 3.5, 7.5, 5.0 ] },
						"down": { "texture": "#metal", "uv": [ 7.0, 3.0, 8.0, 4.5 ] }
					},
					"children": [
						{
							"name": "buckle-left",
							"from": [ 0.0, 0.5, 0.0 ],
							"to": [ 1.0, 2.0, 0.5 ],
							"rotationOrigin": [ 0.0, 0.5, 0.0 ],
							"faces": {
								"north": { "texture": "#metal", "uv": [ 6.5, 3.5, 7.5, 5.0 ] },
								"east": { "texture": "#metal", "uv": [ 0.0, 0.0, 0.5, 1.5 ] },
								"south": { "texture": "#metal", "uv": [ 7.5, 3.5, 8.5, 5.0 ] },
								"west": { "texture": "#metal", "uv": [ 6.5, 3.5, 7.0, 5.0 ] },
								"up": { "texture": "#metal", "uv": [ 6.5, 3.5, 7.5, 4.0 ] },
								"down": { "texture": "#metal", "uv": [ 0.0, 0.0, 1.0, 0.5 ] }
							}
						},
						{
							"name": "buckle-right",
							"from": [ 0.0, 0.0, 1.5 ],
							"to": [ 1.0, 1.5, 2.0 ],
							"rotationOrigin": [ 0.0, 0.0, 1.5 ],
							"faces": {
								"north": { "texture": "#metal", "uv": [ 6.5, 3.0, 7.5, 4.5 ] },
								"east": { "texture": "#metal", "uv": [ 0.0, 0.0, 0.5, 1.5 ] },
								"south": { "texture": "#metal", "uv": [ 6.5, 3.5, 7.5, 5.0 ] },
								"west": { "texture": "#metal", "uv": [ 7.0, 3.0, 7.5, 4.5 ] },
								"up": { "texture": "#metal", "uv": [ 0.0, 0.0, 1.0, 0.5 ] },
								"down": { "texture": "#metal", "uv": [ 7.0, 4.5, 8.0, 5.0 ] }
							}
						},
						{
							"name": "buckle-top",
							"from": [ 0.0, 1.5, 0.5 ],
							"to": [ 1.0, 2.0, 2.0 ],
							"rotationOrigin": [ 0.0, 1.5, 0.5 ],
							"faces": {
								"north": { "texture": "#metal", "uv": [ 0.0, 0.0, 1.0, 0.5 ] },
								"east": { "texture": "#metal", "uv": [ 0.0, 0.0, 1.5, 0.5 ] },
								"south": { "texture": "#metal", "uv": [ 6.5, 4.0, 7.5, 4.5 ] },
								"west": { "texture": "#metal", "uv": [ 6.0, 4.0, 7.5, 4.5 ] },
								"up": { "texture": "#metal", "uv": [ 7.0, 3.0, 8.0, 4.5 ] },
								"down": { "texture": "#metal", "uv": [ 6.0, 3.0, 7.0, 4.5 ], "windMode": [-1,-1,-1,-1], "windData": [1,1,1,1] }
							}
						},
						{
							"name": "buckle-pin",
							"from": [ 0.2, 0.9, 1.0 ],
							"to": [ 0.8, 1.1, 2.5 ],
							"rotationOrigin": [ 0.2, 0.9, 1.0 ],
							"faces": {
								"north": { "texture": "#metal", "uv": [ 7.5, 4.5, 8.0, 5.0 ] },
								"east": { "texture": "#metal", "uv": [ 0.0, 0.0, 1.5, 0.5 ] },
								"south": { "texture": "#metal", "uv": [ 6.5, 3.0, 7.0, 3.5 ] },
								"west": { "texture": "#metal", "uv": [ 6.0, 3.5, 7.5, 4.0 ] },
								"up": { "texture": "#metal", "uv": [ 6.0, 3.0, 6.5, 4.5 ] },
								"down": { "texture": "#metal", "uv": [ 7.5, 3.0, 8.0, 4.5 ] }
							}
						}
					]
				},
				{
					"name": "loop",
					"from": [ -0.4, -2.2, 1.1 ],
					"to": [ 0.5, -0.6, 1.6 ],
					"rotationOrigin": [ -0.4, -2.2, 1.1 ],
					"rotationX": -67.5,
					"faces": {
						"north": { "texture": "#metal", "uv": [ 6.5, 3.5, 7.0, 5.0 ] },
						"east": { "texture": "#metal", "uv": [ 0.0, 0.0, 0.5, 1.5 ] },
						"south": { "texture": "#metal", "uv": [ 7.0, 3.0, 7.5, 4.5 ] },
						"west": { "texture": "#metal", "uv": [ 7.0, 3.5, 7.5, 5.0 ] },
						"up": { "texture": "#metal", "uv": [ 6.0, 3.0, 6.5, 3.5 ] },
						"down": { "texture": "#metal", "uv": [ 7.0, 4.5, 7.5, 5.0 ] }
					}
				}
			]
		}
	]}