{
	"ingredient": { "type": "item", "code": "game:clay-*", "name": "type", "allowedVariants": ["blue", "red", "fire"] },
	"pattern": [
	[
		"_____________",
		"_##_##_##_##_",
		"_##_##_##_##_",
		"_____________",
		"_##_##_##_##_",
		"_##_##_##_##_",
		"_____________",
		"_##_##_##_##_",
		"_##_##_##_##_",
		"_____________",
		"_##_##_##_##_",
		"_##_##_##_##_",
		"_____________"
	],
	[
		"_____________",
		"_##_##_##_##_",
		"_##_##_##_##_",
		"_____________",
		"_##_##_##_##_",
		"_##_##_##_##_",
		"_____________",
		"_##_##_##_##_",
		"_##_##_##_##_",
		"_____________",
		"_##_##_##_##_",
		"_##_##_##_##_",
		"_____________"
	]],
	"name": "Sling bullets",
	"output": { "type": "item", "code": "slingbullet-clay-{type}-raw", "quantity": 16 }
}