{
  "version": 5,
  "patches": {
    "string": {
      "game:itemtypes/bullseyecontinued/spear.json": {
        "attributes/ThrowAttack/Aiming/CursorType": "spears_aiming_cursor_type",
        "behaviors/1/properties/stats/HitSound": "(arrow_ping_sound_on_hit) ? value : empty_string"
      },
      "game:itemtypes/bullseyecontinued/arrow.json": {
        "behaviors/0/properties/stats/HitSound": "(arrow_ping_sound_on_hit) ? value : empty_string"
      },
      "bullseyecontinued:itemtypes/sling-bullet.json": {
        "behaviors/0/properties/stats/HitSound": "(arrow_ping_sound_on_hit) ? value : empty_string"
      }
    },
    "number": {
      "bullseyecontinued:entities/spear.json": {
        "client/behaviors/0/airDragFactor": "value / spears_thrown_distance",
        "client/behaviors/0/gravityFactor": "value / spears_thrown_distance",
        "server/behaviors/0/airDragFactor": "value / spears_thrown_distance",
        "server/behaviors/0/gravityFactor": "value / spears_thrown_distance"
      },
      "game:itemtypes/bullseyecontinued/bow.json": {
        "attributes/AimingByType/@@*/AimDifficulty": "bow_aiming_difficulty",
        "attributes/ArrowDamageMultiplierByType/@@*": "value * bows_damage_multiplier"
      },
      "bullseyecontinued:patches/spear.json": {
        "1/value/Aiming/AimDifficulty": "spears_aiming_difficulty",
        "3/value/properties/stats/DamageStatsByType/@@*/Damage": "value * spears_range_damage_multiplier"
      },
      "game:itemtypes/bullseyecontinued/sling.json": {
        "attributes/Aiming/AimDifficulty": "slings_aiming_difficulty",
        "attributes/BulletDamageMultiplier": "value * slings_damage_multiplier",
        "attributes/DispersionMOA/0": "value * slings_dispersion_multiplier",
        "attributes/DispersionMOA/1": "value * slings_dispersion_multiplier"
      }
    },
    "boolean": {
      "game:itemtypes/bullseyecontinued/bow.json": {
        "attributes/TwoHanded": "bow_two_handed"
      },
      "bullseyecontinued:patches/spear.json": {
        "-/enabled": "spears_enabled"
      },
      "bullseyecontinued:patches/spear-types.json": {
        "-/enabled": "spear_types_enabled"
      }
    }
  },
  "constants": {
    "empty_string": "",
    "vanilla_axe": "ItemAxe",
    "vanilla_item": "Item"
  },
  "settings": [
    {
      "type": "separator",
      "title": "bullseyecontinued:setting-separator-bows"
    },
    {
      "code": "bow_aiming_difficulty",
      "type": "float",
      "ingui": "bullseyecontinued:setting-bow_aiming_difficulty",
      "default": 1.0,
      "range": {
        "min": 0.0,
        "max": 2.0
      }
    },
    {
      "code": "bow_two_handed",
      "type": "boolean",
      "ingui": "bullseyecontinued:setting-bow_two_handed",
      "default": true
    },
    {
      "code": "bows_aiming_cursor_type",
      "type": "string",
      "ingui": "bullseyecontinued:setting-bows_aiming_cursor_type",
      "comment": "bullseyecontinued:setting-comment-bows_aiming_cursor_type",
      "clientSide": true,
      "default": "Moving",
      "values": [
        "None",
        "Vanilla",
        "Fixed",
        "Moving"
      ]
    },
    {
      "code": "bow_aiming_vertical_limit",
      "type": "float",
      "ingui": "bullseyecontinued:setting-bow_aiming_vertical_limit",
      "comment": "bullseyecontinued:setting-comment-bow_aiming_vertical_limit",
      "clientSide": true,
      "default": 1.0,
      "range": {
        "min": 0.0,
        "max": 2.0
      }
    },
    {
      "code": "bow_aiming_horisontal_limit",
      "type": "float",
      "ingui": "bullseyecontinued:setting-bow_aiming_horisontal_limit",
      "comment": "bullseyecontinued:setting-comment-bow_aiming_horisontal_limit",
      "clientSide": true,
      "default": 1.0,
      "range": {
        "min": 0.0,
        "max": 2.0
      }
    },
    {
      "code": "bows_damage_multiplier",
      "type": "float",
      "ingui": "bullseyecontinued:setting-bows_damage_multiplier",
      "default": 1.0,
      "logarithmic": true,
      "range": {
        "min": 0.2,
        "max": 5.0
      }
    },
    {
      "code": "arrow_ping_sound_on_hit",
      "type": "boolean",
      "ingui": "bullseyecontinued:setting-arrow_ping_sound_on_hit",
      "default": true
    },
    {
      "type": "separator",
      "title": "bullseyecontinued:setting-separator-slings"
    },
    {
      "code": "slings_aiming_cursor_type",
      "type": "string",
      "ingui": "bullseyecontinued:setting-slings_aiming_cursor_type",
      "comment": "bullseyecontinued:setting-comment-slings_aiming_cursor_type",
      "clientSide": true,
      "default": "Fixed",
      "values": [
        "None",
        "Vanilla",
        "Fixed",
        "Moving"
      ]
    },
    {
      "code": "slings_damage_multiplier",
      "type": "float",
      "ingui": "bullseyecontinued:setting-slings_damage_multiplier",
      "default": 1.0,
      "logarithmic": true,
      "range": {
        "min": 0.2,
        "max": 5.0
      }
    },
    {
      "code": "slings_aiming_difficulty",
      "type": "float",
      "ingui": "bullseyecontinued:setting-slings_aiming_difficulty",
      "default": 1.0,
      "logarithmic": true,
      "range": {
        "min": 0.0,
        "max": 100.0
      }
    },
    {
      "code": "slings_dispersion_multiplier",
      "type": "float",
      "ingui": "bullseyecontinued:setting-slings_dispersion_multiplier",
      "default": 1.0,
      "logarithmic": true,
      "range": {
        "min": 0.2,
        "max": 10.0
      }
    },
    {
      "type": "separator",
      "title": "bullseyecontinued:setting-separator-spears"
    },
    {
      "code": "spear_types_enabled",
      "type": "boolean",
      "ingui": "bullseyecontinued:setting-spear_types_enabled",
      "default": true
    },
    {
      "code": "spears_enabled",
      "type": "boolean",
      "ingui": "bullseyecontinued:setting-spears_enabled",
      "default": false
    },
    {
      "code": "spears_aiming_cursor_type",
      "type": "Fixed",
      "ingui": "bullseyecontinued:setting-spears_aiming_cursor_type",
      "default": "Fixed",
      "values": [
        "None",
        "Vanilla",
        "Fixed",
        "Moving"
      ]
    },
    {
      "code": "spears_aiming_difficulty",
      "type": "float",
      "ingui": "bullseyecontinued:setting-spears_aiming_difficulty",
      "default": 1.0,
      "range": {
        "min": 0.0,
        "max": 2.0
      }
    },
    {
      "code": "spears_thrown_distance",
      "type": "float",
      "ingui": "bullseyecontinued:setting-spears_thrown_distance",
      "default": 1.0,
      "range": {
        "min": 0.5,
        "max": 5.0
      }
    },
    {
      "code": "spears_range_damage_multiplier",
      "type": "float",
      "ingui": "bullseyecontinued:setting-spears_range_damage_multiplier",
      "default": 1.0,
      "logarithmic": true,
      "range": {
        "min": 0.2,
        "max": 5.0
      }
    }
  ]
}