{
	"editor": {
		"allAngles": false,
		"entityTextureMode": false
	},
	"textureWidth": 8,
	"textureHeight": 8,
	"textureSizes": {
		"plum": [8,8],
		"strelitziaalba-fruit": [8,4]
	},
	"textures": {
	},
	"elements": [
		{
			"name": "origin",
			"from": [ 8.0, 0.0, 8.0 ],
			"to": [ 8.0, 0.0, 8.0 ],
			"rotationOrigin": [ 8.0, 0.0, 8.0 ],
			"faces": {
			},
			"children": [
				{
					"name": "bottom",
					"from": [ -2.0, 0.0, -2.0 ],
					"to": [ 1.0, 3.0, 1.0 ],
					"rotationOrigin": [ 0.0, 0.0, 0.0 ],
					"rotationY": -45.0,
					"faces": {
						"north": { "texture": "#strelitziaalba-fruit", "uv": [ 0.0, 0.0, 3.0, 3.0 ], "windMode": [-1,-1,-1,-1] },
						"east": { "texture": "#strelitziaalba-fruit", "uv": [ 0.0, 0.0, 3.0, 3.0 ], "windMode": [-1,-1,-1,-1] },
						"south": { "texture": "#strelitziaalba-fruit", "uv": [ 0.0, 0.0, 3.0, 3.0 ], "windMode": [-1,-1,-1,-1] },
						"west": { "texture": "#strelitziaalba-fruit", "uv": [ 0.0, 0.0, 3.0, 3.0 ], "windMode": [-1,-1,-1,-1] },
						"up": { "texture": "#strelitziaalba-fruit", "uv": [ 0.0, 0.0, 3.0, 3.0 ], "windMode": [-1,-1,-1,-1] },
						"down": { "texture": "#strelitziaalba-fruit", "uv": [ 0.0, 0.0, 3.0, 3.0 ] }
					},
					"children": [
						{
							"name": "stem",
							"from": [ -0.5, 2.6, 1.5 ],
							"to": [ 3.5, 6.6, 1.5 ],
							"rotationOrigin": [ 1.5, 2.6, 1.5 ],
							"rotationX": -22.5,
							"rotationZ": 22.5,
							"faces": {
								"north": { "texture": "#strelitziaalba-fruit", "uv": [ 4.0, 0.0, 8.0, 4.0 ], "windMode": [-1,-1,-1,-1] }
							}
						},
						{
							"name": "stem2",
							"from": [ -0.5, 2.6, 1.5 ],
							"to": [ 3.5, 6.6, 1.5 ],
							"rotationOrigin": [ 1.5, 2.6, 1.5 ],
							"rotationY": -67.5,
							"rotationZ": 22.5,
							"faces": {
								"north": { "texture": "#strelitziaalba-fruit", "uv": [ 4.0, 0.0, 8.0, 4.0 ] },
								"east": { "texture": "#plum", "uv": [ 5.0, 2.0, 5.5, 6.0 ], "windMode": [-1,-1,-1,-1] }
							}
						}
					]
				},
				{
					"name": "bottom2",
					"from": [ -4.0, 0.0, 0.0 ],
					"to": [ -1.0, 3.0, 3.0 ],
					"rotationOrigin": [ -2.0, 0.0, 2.0 ],
					"rotationY": 22.5,
					"faces": {
						"north": { "texture": "#strelitziaalba-fruit", "uv": [ 0.0, 0.0, 3.0, 3.0 ] },
						"east": { "texture": "#strelitziaalba-fruit", "uv": [ 0.0, 0.0, 3.0, 3.0 ] },
						"south": { "texture": "#strelitziaalba-fruit", "uv": [ 0.0, 0.0, 3.0, 3.0 ] },
						"west": { "texture": "#strelitziaalba-fruit", "uv": [ 0.0, 0.0, 3.0, 3.0 ] },
						"up": { "texture": "#strelitziaalba-fruit", "uv": [ 0.0, 0.0, 3.0, 3.0 ] },
						"down": { "texture": "#strelitziaalba-fruit", "uv": [ 0.0, 0.0, 3.0, 3.0 ] }
					},
					"children": [
						{
							"name": "stem3",
							"from": [ -1.5, 2.6, 1.5 ],
							"to": [ 2.5, 6.6, 1.5 ],
							"rotationOrigin": [ 0.5, 2.6, 1.5 ],
							"rotationX": -22.5,
							"rotationZ": 22.5,
							"faces": {
								"north": { "texture": "#strelitziaalba-fruit", "uv": [ 4.0, 0.0, 8.0, 4.0 ] }
							}
						},
						{
							"name": "stem4",
							"from": [ -1.5, 2.6, 1.5 ],
							"to": [ 2.5, 6.6, 1.5 ],
							"rotationOrigin": [ 0.5, 2.6, 1.5 ],
							"rotationY": -67.5,
							"rotationZ": 22.5,
							"faces": {
								"north": { "texture": "#strelitziaalba-fruit", "uv": [ 4.0, 0.0, 8.0, 4.0 ] },
								"east": { "texture": "#plum", "uv": [ 5.0, 2.0, 5.5, 6.0 ] }
							}
						}
					]
				},
				{
					"name": "bottom3",
					"from": [ 1.0, 0.0, 0.0 ],
					"to": [ 4.0, 3.0, 3.0 ],
					"rotationOrigin": [ 3.0, 0.0, 2.0 ],
					"rotationY": -90.0,
					"faces": {
						"north": { "texture": "#strelitziaalba-fruit", "uv": [ 0.0, 0.0, 3.0, 3.0 ] },
						"east": { "texture": "#strelitziaalba-fruit", "uv": [ 0.0, 0.0, 3.0, 3.0 ] },
						"south": { "texture": "#strelitziaalba-fruit", "uv": [ 0.0, 0.0, 3.0, 3.0 ] },
						"west": { "texture": "#strelitziaalba-fruit", "uv": [ 0.0, 0.0, 3.0, 3.0 ] },
						"up": { "texture": "#strelitziaalba-fruit", "uv": [ 0.0, 0.0, 3.0, 3.0 ] },
						"down": { "texture": "#strelitziaalba-fruit", "uv": [ 0.0, 0.0, 3.0, 3.0 ] }
					},
					"children": [
						{
							"name": "stem5",
							"from": [ -1.5, 2.6, 1.5 ],
							"to": [ 2.5, 6.6, 1.5 ],
							"rotationOrigin": [ 0.5, 2.6, 1.5 ],
							"rotationX": -22.5,
							"rotationZ": 22.5,
							"faces": {
								"north": { "texture": "#strelitziaalba-fruit", "uv": [ 4.0, 0.0, 8.0, 4.0 ] }
							}
						},
						{
							"name": "stem6",
							"from": [ -1.5, 2.6, 1.5 ],
							"to": [ 2.5, 6.6, 1.5 ],
							"rotationOrigin": [ 0.5, 2.6, 1.5 ],
							"rotationY": -67.5,
							"rotationZ": 22.5,
							"faces": {
								"north": { "texture": "#strelitziaalba-fruit", "uv": [ 4.0, 0.0, 8.0, 4.0 ] },
								"east": { "texture": "#plum", "uv": [ 5.0, 2.0, 5.5, 6.0 ] }
							}
						}
					]
				}
			]
		}
	]}