﻿[
    // Moreanimals
    {
        "side": "server",
        "file": "moreanimals:entities/capercaillie",
        "op": "add",
        "path": "/server/behaviors/-",
        "value": {
            "code": "EntityBleedingBehavior"
        }
    },
    {
        "side": "server",
        "file":  "moreanimals:entities/capercaillie",
        "op": "add",
        "path": "/client/behaviors/-",
        "value": {
            "code": "EntityBleedingBehaviorParticles"
        }
    },
    {
        "side": "server",
        "file": "moreanimals:entities/capercaillie-chick",
        "op": "add",
        "path": "/server/behaviors/-",
        "value": {
            "code": "EntityBleedingBehavior"
        }
    },
    {
        "side": "server",
        "file":  "moreanimals:entities/capercaillie-chick",
        "op": "add",
        "path": "/client/behaviors/-",
        "value": {
            "code": "EntityBleedingBehaviorParticles"
        }
    },
    {
        "side": "server",
        "file": "moreanimals:entities/goldenpheasant",
        "op": "add",
        "path": "/server/behaviors/-",
        "value": {
            "code": "EntityBleedingBehavior"
        }
    },
    {
        "side": "server",
        "file":  "moreanimals:entities/goldenpheasant",
        "op": "add",
        "path": "/client/behaviors/-",
        "value": {
            "code": "EntityBleedingBehaviorParticles"
        }
    },
    {
        "side": "server",
        "file": "moreanimals:entities/goldenpheasant-chick",
        "op": "add",
        "path": "/server/behaviors/-",
        "value": {
            "code": "EntityBleedingBehavior"
        }
    },
    {
        "side": "server",
        "file":  "moreanimals:entities/goldenpheasant-chick",
        "op": "add",
        "path": "/client/behaviors/-",
        "value": {
            "code": "EntityBleedingBehaviorParticles"
        }
    },
    {
        "side": "server",
        "file": "moreanimals:entities/pheasant",
        "op": "add",
        "path": "/server/behaviors/-",
        "value": {
            "code": "EntityBleedingBehavior"
        }
    },
    {
        "side": "server",
        "file":  "moreanimals:entities/pheasant",
        "op": "add",
        "path": "/client/behaviors/-",
        "value": {
            "code": "EntityBleedingBehaviorParticles"
        }
    },
    {
        "side": "server",
        "file": "moreanimals:entities/pheasant-chick",
        "op": "add",
        "path": "/server/behaviors/-",
        "value": {
            "code": "EntityBleedingBehavior"
        }
    },
    {
        "side": "server",
        "file":  "moreanimals:entities/pheasant-chick",
        "op": "add",
        "path": "/client/behaviors/-",
        "value": {
            "code": "EntityBleedingBehaviorParticles"
        }
    },
    {
        "side": "server",
        "file": "moreanimals:entities/wildturkey",
        "op": "add",
        "path": "/server/behaviors/-",
        "value": {
            "code": "EntityBleedingBehavior"
        }
    },
    {
        "side": "server",
        "file":  "moreanimals:entities/wildturkey",
        "op": "add",
        "path": "/client/behaviors/-",
        "value": {
            "code": "EntityBleedingBehaviorParticles"
        }
    },
    {
        "side": "server",
        "file": "moreanimals:entities/wildturkey-chick",
        "op": "add",
        "path": "/server/behaviors/-",
        "value": {
            "code": "EntityBleedingBehavior"
        }
    },
    {
        "side": "server",
        "file":  "moreanimals:entities/wildturkey-chick",
        "op": "add",
        "path": "/client/behaviors/-",
        "value": {
            "code": "EntityBleedingBehaviorParticles"
        }
    }
]