{
	"editor": {
		"allAngles": false,
		"entityTextureMode": false
	},
	"textureWidth": 16,
	"textureHeight": 16,
	"textureSizes": {
	},
	"textures": {
		"back": "block/cloth/banner/hansa/largefish-bottom",
		"front": "block/cloth/banner/hansa/largefish-top",
		"side": "block/cloth/paper/blank-small"
	},
	"elements": [
		{
			"name": "origin",
			"from": [ 8.0, 0.0, 8.0 ],
			"to": [ 8.0, 0.0, 8.0 ],
			"rotationOrigin": [ 8.0, 0.05, 8.0 ],
			"rotationZ": 180.0,
			"faces": {
			},
			"children": [
				{
					"name": "cube1",
					"from": [ -2.5, 0.0, -4.0 ],
					"to": [ 2.5, 0.1, 4.0 ],
					"rotationOrigin": [ -2.5, 0.0, -4.0 ],
					"faces": {
						"north": { "texture": "#side", "uv": [ 0.0, 0.0, 16.0, 0.5 ], "autoUv": false },
						"east": { "texture": "#side", "uv": [ 0.0, 0.0, 16.0, 0.5 ], "autoUv": false },
						"south": { "texture": "#side", "uv": [ 0.0, 0.0, 16.0, 0.5 ], "autoUv": false },
						"west": { "texture": "#side", "uv": [ 0.0, 0.0, 16.0, 0.5 ], "autoUv": false },
						"up": { "texture": "#front", "uv": [ 0.0, 0.0, 16.0, 16.0 ], "autoUv": false },
						"down": { "texture": "#back", "uv": [ 0.0, 0.0, 16.0, 16.0 ], "autoUv": false }
					}
				}
			]
		}
	]}