[
	{
		"ingredientPattern": "B,R,S",
		"ingredients": {
			"B": { "type": "item", "code": "fromgoldencombs:langstrothside-*", "name": "wood", "states": ["aged"], "loadFromProperties": "block/wood"},
			"R": { "type": "item", "code": "game:stick",  "quantity": "3"},
			"S": { "type": "item", "code": "game:resin"}
			},
			"width": 1,
			"height": 3,
			"output": {	"type": "item", "code": "fromgoldencombs:beeframe-{wood}-empty", "quantity": 2 }
	},
	{
			ingredientPattern: "B,R,S",
			ingredients: {
				"B": { "type": "item", "code": "fromgoldencombs:langstrothside-*", "name": "wood", "states": ["aged"], "loadFromProperties": "block/wood"},
				"R": { "type": "item", "code": "game:stick",  "quantity": "3"},
				"S": { type: "block", code: "game:bowl-*-fired" }
			},
			attributes: {
				liquidContainerProps: {
					requiresContent: { type: "item", code: "glueportion-pitch-hot" },
					requiresLitres: 0.1
				}
			},		
			"width": 1,
			"height": 3,
			"output": {	"type": "item", "code": "fromgoldencombs:beeframe-{wood}-empty", "quantity": 1 }
		},
	{
			ingredientPattern: "B,R,S",
			ingredients: {
				"B": { "type": "item", "code": "fromgoldencombs:langstrothside-*", "name": "wood", "states": ["aged"], "loadFromProperties": "block/wood"},
				"R": { "type": "item", "code": "game:stick",  "quantity": "3"},
				"S": { type: "block", code: "game:woodbucket"},
			},
			attributes: {
				liquidContainerProps: {
					requiresContent: { type: "item", code: "glueportion-pitch-hot" },
					requiresLitres: 0.1
				}
			},		
			"width": 1,
			"height": 3,
			"output": {	"type": "item", "code": "fromgoldencombs:beeframe-{wood}-empty", "quantity": 1 }
		},
	{
			ingredientPattern: "B,R,S",
			ingredients: {
				"B": { "type": "item", "code": "fromgoldencombs:langstrothside-*", "name": "wood", "states": ["aged"], "loadFromProperties": "block/wood"},
				"R": { "type": "item", "code": "game:stick",  "quantity": "3"},
				"S": { type: "block", code: "game:jug-*-fired"},
			},
			attributes: {
				liquidContainerProps: {
					requiresContent: { type: "item", code: "glueportion-pitch-hot" },
					requiresLitres: 0.1
				}
			},		
			"width": 1,
			"height": 3,
			"output": {	"type": "item", "code": "fromgoldencombs:beeframe-{wood}-empty", "quantity": 1 }
		}
]