{
	"editor": {
		"collapsedPaths": "Root/Shaft",
		"allAngles": false,
		"entityTextureMode": false
	},
	"textureWidth": 16,
	"textureHeight": 16,
	"textureSizes": {
	},
	"textures": {
		"material": "game:block/metal/ingot/copper"
	},
	"elements": [
		{
			"name": "Head",
			"from": [ 9.0, 0.4, 7.7 ],
			"to": [ 9.0, 0.4, 7.7 ],
			"rotationOrigin": [ 9.0, 0.4, 7.7 ],
			"faces": {
				"north": { "texture": "#material", "uv": [ 4.0, 14.0, 4.5, 14.5 ] },
				"east": { "texture": "#material", "uv": [ 11.0, 12.5, 11.5, 13.0 ] },
				"south": { "texture": "#material", "uv": [ 7.5, 13.5, 8.0, 14.0 ] },
				"west": { "texture": "#material", "uv": [ 9.5, 12.0, 10.0, 12.5 ] },
				"up": { "texture": "#material", "uv": [ 12.0, 9.5, 12.5, 10.0 ] },
				"down": { "texture": "#material", "uv": [ 10.0, 12.0, 10.5, 12.5 ] }
			},
			"children": [
				{
					"name": "Cube5",
					"from": [ 2.1, 0.01, 0.3 ],
					"to": [ 3.6, 0.21, 1.0 ],
					"rotationOrigin": [ 3.6, 0.0, 0.3 ],
					"rotationY": -31.0,
					"faces": {
						"north": { "texture": "#material", "uv": [ 4.0, 14.0, 5.5, 14.5 ] },
						"east": { "texture": "#material", "uv": [ 11.0, 12.5, 11.5, 13.0 ] },
						"south": { "texture": "#material", "uv": [ 7.5, 13.5, 9.0, 14.0 ] },
						"west": { "texture": "#material", "uv": [ 9.5, 12.0, 10.0, 12.5 ] },
						"up": { "texture": "#material", "uv": [ 6.0, 10.5, 7.5, 11.0 ] },
						"down": { "texture": "#material", "uv": [ 10.0, 12.0, 11.5, 12.5 ] }
					},
					"children": [
						{
							"name": "Cube6",
							"from": [ -2.0, 0.0, 0.0 ],
							"to": [ 0.0, 0.2, 1.0 ],
							"rotationOrigin": [ 0.5, 0.0, 0.0 ],
							"faces": {
								"north": { "texture": "#material", "uv": [ 4.0, 14.0, 6.0, 14.5 ] },
								"east": { "texture": "#material", "uv": [ 11.0, 12.5, 12.0, 13.0 ] },
								"south": { "texture": "#material", "uv": [ 7.5, 13.5, 9.5, 14.0 ] },
								"west": { "texture": "#material", "uv": [ 9.5, 12.0, 10.5, 12.5 ] },
								"up": { "texture": "#material", "uv": [ 6.0, 10.5, 8.0, 11.5 ] },
								"down": { "texture": "#material", "uv": [ 10.0, 12.0, 12.0, 13.0 ] }
							}
						}
					]
				},
				{
					"name": "Cube9",
					"from": [ -2.3, -0.1, 0.3 ],
					"to": [ 3.8, 0.3, 0.7 ],
					"rotationOrigin": [ -2.3, -0.1, 0.3 ],
					"faces": {
						"north": { "texture": "#material", "uv": [ 4.0, 14.0, 10.0, 14.5 ] },
						"east": { "texture": "#material", "uv": [ 11.0, 12.5, 11.5, 13.0 ] },
						"south": { "texture": "#material", "uv": [ 7.5, 13.5, 13.5, 14.0 ] },
						"west": { "texture": "#material", "uv": [ 9.5, 12.0, 10.0, 12.5 ] },
						"up": { "texture": "#material", "uv": [ 3.5, 5.0, 9.5, 5.5 ] },
						"down": { "texture": "#material", "uv": [ 10.0, 12.0, 16.0, 12.5 ] }
					}
				},
				{
					"name": "Cube10",
					"from": [ -1.0, -0.3, 0.1 ],
					"to": [ 2.2, 0.5, 0.9 ],
					"rotationOrigin": [ -1.0, -0.3, 0.1 ],
					"faces": {
						"north": { "texture": "#material", "uv": [ 0.0, 0.0, 2.0, 1.0 ], "autoUv": false },
						"east": { "texture": "#material", "uv": [ 0.0, 0.0, 0.5, 0.5 ] },
						"south": { "texture": "#material", "uv": [ 0.0, 0.0, 2.0, 1.0 ], "autoUv": false },
						"west": { "texture": "#material", "uv": [ 0.0, 0.0, 0.5, 0.5 ] },
						"up": { "texture": "#material", "uv": [ 0.0, 0.0, 2.0, 1.0 ], "autoUv": false },
						"down": { "texture": "#material", "uv": [ 0.0, 0.0, 2.0, 1.0 ], "autoUv": false }
					}
				},
				{
					"name": "Cube7",
					"from": [ 2.1, 0.2, 0.7 ],
					"to": [ 3.6, 0.4, 1.4 ],
					"rotationOrigin": [ 3.6, 0.2, 0.7 ],
					"rotationX": -180.0,
					"rotationY": -31.0,
					"faces": {
						"north": { "texture": "#material", "uv": [ 4.0, 14.0, 5.5, 14.5 ] },
						"east": { "texture": "#material", "uv": [ 11.0, 12.5, 11.5, 13.0 ] },
						"south": { "texture": "#material", "uv": [ 7.5, 13.5, 9.0, 14.0 ] },
						"west": { "texture": "#material", "uv": [ 9.5, 12.0, 10.0, 12.5 ] },
						"up": { "texture": "#material", "uv": [ 6.0, 10.5, 7.5, 11.0 ] },
						"down": { "texture": "#material", "uv": [ 10.0, 12.0, 11.5, 12.5 ] }
					},
					"children": [
						{
							"name": "Cube8",
							"from": [ -2.0, 0.0, 0.0 ],
							"to": [ 0.0, 0.2, 1.0 ],
							"rotationOrigin": [ 0.5, 0.0, 0.0 ],
							"faces": {
								"north": { "texture": "#material", "uv": [ 4.0, 14.0, 6.0, 14.5 ] },
								"east": { "texture": "#material", "uv": [ 11.0, 12.5, 12.0, 13.0 ] },
								"south": { "texture": "#material", "uv": [ 7.5, 13.5, 9.5, 14.0 ] },
								"west": { "texture": "#material", "uv": [ 9.5, 12.0, 10.5, 12.5 ] },
								"up": { "texture": "#material", "uv": [ 6.0, 10.5, 8.0, 11.5 ] },
								"down": { "texture": "#material", "uv": [ 10.0, 12.0, 12.0, 13.0 ] }
							}
						}
					]
				}
			]
		}
	]}