{
	"code": "metalbarrel",
	"class": "BlockMetalBarrel",
	"entityClass": "BlockEntityMetalBarrel",
	"variantgroups": [
		{ "code": "metal", "states": [ "stainlesssteel", "tin" ] }
	],
	"behaviors": [ 
		{ "name": "Lockable" }, 
		{ "name": "UnstableFalling" } 
	],
	"shape": { "base": "gloomeclasses:block/metal/barrel/empty" },
	"creativeinventory": { "general": ["*"], "decorative": ["*"] },
	"blockmaterial": "Metal",
	"replaceable": 900,
	"resistance": 1.5,
	"maxStackSize": 1,
	"lightAbsorption": 1,
	"texturesByType": {
		"metalbarrel-*": { 
			"lining": { "base": "game:block/metal/ingot/{metal}" },
			"accentmetal": { "base": "game:block/metal/tarnished/iron" },
			"steel": { "base": "game:block/metal/ingot/stainlesssteel" }
		}
	},
	"attributes": {
		"reinforcable": true,
		"partialAttachable": true,
		"capacityLitres": 60,
		"emptyShape": "gloomeclasses:block/metal/barrel/empty",
		"sealedShape": "gloomeclasses:block/metal/barrel/closed",
		"contentsShape": "gloomeclasses:block/metal/barrel/contents",
		"opaqueLiquidContentsShape": "gloomeclasses:block/metal/barrel/opaqueliquidcontents",
		"liquidContentsShape": "gloomeclasses:block/metal/barrel/liquidcontents"
	},
	"sideao": {
		"all": false
	},
	"sidesolid": {
		"all": false
	},
	"emitsideao": {
		"all": false
	},
	"sideopaque": {
		"all": false
	},
	"collisionbox": {
		"x1": 0, "y1": 0, "z1": 0,
		"x2": 1, "y2": 0.9375, "z2": 1
	},
	"selectionbox": {
		"x1": 0, "y1": 0, "z1": 0, 
		"x2": 1, "y2": 0.9375, "z2": 1
	},
	"sounds": {
		"place": "game:block/metaldoor-place",
		"hit": "game:block/metaldoor-place",
		"break": "game:block/metaldoor-place",
		"walk": "game:walk/stone"
	},
	"materialDensity": 600,
	"heldTpIdleAnimation": "holdbothhandslarge",
	"heldRightReadyAnimation": "heldblockready",
	"heldTpUseAnimation": "twohandplaceblock",
	"tpHandTransform": {
		"translation": { "x": -1.7, "y": -0.95, "z": -0.69 },
		"rotation": { "x": 12, "y": 14, "z": -81 },
		"scale": 0.36
	}
}