{
	"editor": {
		"collapsedPaths": "",
		"allAngles": false,
		"entityTextureMode": false
	},
	"textureWidth": 16,
	"textureHeight": 16,
	"textureSizes": {
	},
	"textures": {
	},
	"elements": [
		{
			"name": "base",
			"from": [ 16.0, 0.0, 0.0 ],
			"to": [ 16.0, 0.0, 0.0 ],
			"rotationOrigin": [ 16.0, 0.0, 0.0 ],
			"rotationZ": 90.0,
			"faces": {
				"north": { "texture": "#null", "uv": [ 0.0, 0.0, 0.5, 0.5 ], "enabled": false },
				"east": { "texture": "#null", "uv": [ 0.0, 0.0, 0.5, 0.5 ], "enabled": false },
				"south": { "texture": "#null", "uv": [ 0.0, 0.0, 0.5, 0.5 ], "enabled": false },
				"west": { "texture": "#null", "uv": [ 0.0, 0.0, 0.5, 0.5 ], "enabled": false },
				"up": { "texture": "#null", "uv": [ 0.0, 0.0, 0.5, 0.5 ], "enabled": false },
				"down": { "texture": "#null", "uv": [ 0.0, 0.0, 0.5, 0.5 ], "enabled": false }
			},
			"children": [
				{
					"name": "blades",
					"from": [ -6.0, 0.0, 0.0 ],
					"to": [ -6.0, 0.0, 0.0 ],
					"rotationOrigin": [ 0.0, 8.0, 8.0 ],
					"rotationX": 90.0,
					"faces": {
						"north": { "texture": "#cloth", "uv": [ 0.0, 0.0, 0.5, 0.5 ], "enabled": false },
						"east": { "texture": "#cloth", "uv": [ 0.0, 0.0, 0.5, 0.5 ], "enabled": false },
						"south": { "texture": "#cloth", "uv": [ 0.0, 0.0, 0.5, 0.5 ], "enabled": false },
						"west": { "texture": "#cloth", "uv": [ 0.0, 0.0, 0.5, 0.5 ], "enabled": false },
						"up": { "texture": "#cloth", "uv": [ 0.0, 0.0, 0.5, 0.5 ], "enabled": false },
						"down": { "texture": "#cloth", "uv": [ 0.0, 0.0, 0.5, 0.5 ], "enabled": false }
					},
					"children": [
						{
							"name": "blade_origin1",
							"from": [ 14.0, 32.0, 0.0 ],
							"to": [ 14.0, 32.0, 0.0 ],
							"rotationOrigin": [ 15.0, 40.0, 8.0 ],
							"faces": {
								"north": { "texture": "#null", "uv": [ 0.0, 11.5, 0.5, 12.0 ], "rotation": 90, "enabled": false },
								"east": { "texture": "#null", "uv": [ 0.0, 8.0, 0.5, 8.5 ], "rotation": 90, "windMode": [-1,-1,-1,-1], "enabled": false },
								"south": { "texture": "#null", "uv": [ 0.0, 7.5, 0.5, 8.0 ], "rotation": 90, "windMode": [-1,-1,-1,-1], "enabled": false },
								"west": { "texture": "#null", "uv": [ 0.0, 9.5, 0.5, 10.0 ], "rotation": 90, "windMode": [-1,-1,-1,-1], "enabled": false },
								"up": { "texture": "#null", "uv": [ 0.0, 0.0, 0.5, 0.5 ], "enabled": false },
								"down": { "texture": "#null", "uv": [ 6.5, 1.0, 7.0, 1.5 ], "enabled": false }
							},
							"children": [
								{
									"name": "support_1",
									"from": [ 0.0, 1.0, 7.0 ],
									"to": [ 16.0, 9.0, 8.0 ],
									"rotationOrigin": [ 1.0, 9.0, 8.0 ],
									"rotationX": 67.5,
									"faces": {
										"north": { "texture": "#wood", "uv": [ 0.0, 0.0, 8.0, 16.0 ], "rotation": 90 },
										"east": { "texture": "#wood", "uv": [ 0.0, 8.0, 8.0, 9.0 ], "rotation": 90, "windMode": [-1,-1,-1,-1] },
										"south": { "texture": "#wood", "uv": [ 0.0, 0.0, 8.0, 16.0 ], "rotation": 90, "windMode": [-1,-1,-1,-1], "windData": [0,1,1,0] },
										"west": { "texture": "#wood", "uv": [ 0.0, 9.5, 8.0, 10.5 ], "rotation": 90, "windMode": [-1,-1,-1,-1] },
										"up": { "texture": "#wood", "uv": [ 0.0, 0.0, 16.0, 1.0 ], "windMode": [-1,-1,-1,-1], "windData": [0,0,1,1] },
										"down": { "texture": "#wood", "uv": [ 6.5, 1.0, 22.5, 2.0 ], "windMode": [-1,-1,-1,-1], "windData": [0,1,1,0], "enabled": false }
									},
									"children": [
										{
											"name": "support_2",
											"from": [ 0.0, -6.0, 0.0 ],
											"to": [ 16.0, 0.0, 1.0 ],
											"rotationOrigin": [ 0.0, 0.0, 0.0 ],
											"rotationX": -22.5,
											"faces": {
												"north": { "texture": "#wood", "uv": [ 0.0, 0.0, 6.0, 16.0 ], "rotation": 90 },
												"east": { "texture": "#wood", "uv": [ 0.0, 8.0, 6.0, 9.0 ], "rotation": 90, "windMode": [-1,-1,-1,-1] },
												"south": { "texture": "#wood", "uv": [ 0.0, 0.0, 6.0, 16.0 ], "rotation": 90, "windMode": [-1,-1,-1,-1], "windData": [0,1,1,0] },
												"west": { "texture": "#wood", "uv": [ 0.0, 9.5, 6.0, 10.5 ], "rotation": 90, "windMode": [-1,-1,-1,-1] },
												"up": { "texture": "#null", "uv": [ 0.0, 0.0, 16.0, 1.0 ], "enabled": false },
												"down": { "texture": "#wood", "uv": [ 6.5, 1.0, 22.5, 2.0 ], "windMode": [-1,-1,-1,-1], "windData": [0,1,1,0], "enabled": false }
											}
										},
										{
											"name": "support_3",
											"from": [ 0.0, -11.5433, 2.2961 ],
											"to": [ 16.0, -5.5433, 3.2961 ],
											"rotationOrigin": [ 0.0, -5.5433, 2.2961 ],
											"rotationX": -45.0,
											"faces": {
												"north": { "texture": "#wood", "uv": [ 0.0, 0.0, 6.0, 16.0 ], "rotation": 90 },
												"east": { "texture": "#wood", "uv": [ 0.0, 8.0, 6.0, 9.0 ], "rotation": 90, "windMode": [-1,-1,-1,-1] },
												"south": { "texture": "#wood", "uv": [ 0.0, 0.0, 6.0, 16.0 ], "rotation": 90, "windMode": [-1,-1,-1,-1], "windData": [0,1,1,0] },
												"west": { "texture": "#wood", "uv": [ 0.0, 9.5, 6.0, 10.5 ], "rotation": 90, "windMode": [-1,-1,-1,-1] },
												"up": { "texture": "#null", "uv": [ 0.0, 0.0, 16.0, 1.0 ], "enabled": false },
												"down": { "texture": "#wood", "uv": [ 6.5, 1.0, 22.5, 2.0 ], "windMode": [-1,-1,-1,-1], "windData": [0,1,1,0], "enabled": false }
											}
										},
										{
											"name": "support_4",
											"from": [ 0.0, -19.7859, 6.5387 ],
											"to": [ 16.0, -9.7859, 7.5387 ],
											"rotationOrigin": [ 0.0, -9.7859, 6.5387 ],
											"rotationX": -67.5,
											"faces": {
												"north": { "texture": "#wood", "uv": [ 0.0, 0.0, 10.0, 16.0 ], "rotation": 90 },
												"east": { "texture": "#wood", "uv": [ 0.0, 8.0, 10.0, 9.0 ], "rotation": 90, "windMode": [-1,-1,-1,-1] },
												"south": { "texture": "#wood", "uv": [ 0.0, 0.0, 10.0, 16.0 ], "rotation": 90, "windMode": [-1,-1,-1,-1], "windData": [0,1,1,0] },
												"west": { "texture": "#wood", "uv": [ 0.0, 9.5, 10.0, 10.5 ], "rotation": 90, "windMode": [-1,-1,-1,-1] },
												"up": { "texture": "#null", "uv": [ 0.0, 0.0, 16.0, 1.0 ], "enabled": false },
												"down": { "texture": "#wood", "uv": [ 6.5, 1.0, 22.5, 2.0 ], "windMode": [-1,-1,-1,-1], "windData": [0,1,1,0], "enabled": false }
											}
										},
										{
											"name": "support_5",
											"from": [ 0.0, -19.6127, 15.7775 ],
											"to": [ 16.0, -13.6127, 16.7775 ],
											"rotationOrigin": [ 0.0, -13.6127, 15.7775 ],
											"rotationX": -90.0,
											"faces": {
												"north": { "texture": "#wood", "uv": [ 0.0, 0.0, 6.0, 16.0 ], "rotation": 90 },
												"east": { "texture": "#wood", "uv": [ 0.0, 8.0, 6.0, 9.0 ], "rotation": 90, "windMode": [-1,-1,-1,-1] },
												"south": { "texture": "#wood", "uv": [ 0.0, 0.0, 6.0, 16.0 ], "rotation": 90, "windMode": [-1,-1,-1,-1], "windData": [0,1,1,0] },
												"west": { "texture": "#wood", "uv": [ 0.0, 9.5, 6.0, 10.5 ], "rotation": 90, "windMode": [-1,-1,-1,-1] },
												"up": { "texture": "#null", "uv": [ 0.0, 0.0, 16.0, 1.0 ], "enabled": false },
												"down": { "texture": "#wood", "uv": [ 6.5, 1.0, 22.5, 2.0 ], "windMode": [-1,-1,-1,-1], "windData": [0,1,1,0], "enabled": false }
											}
										},
										{
											"name": "support_6",
											"from": [ 0.0, -19.6127, 21.7776 ],
											"to": [ 16.0, -13.6127, 22.7776 ],
											"rotationOrigin": [ 0.0, -13.6128, 21.7775 ],
											"rotationX": -112.5,
											"faces": {
												"north": { "texture": "#wood", "uv": [ 0.0, 0.0, 6.0, 16.0 ], "rotation": 90 },
												"east": { "texture": "#wood", "uv": [ 0.0, 8.0, 6.0, 9.0 ], "rotation": 90, "windMode": [-1,-1,-1,-1] },
												"south": { "texture": "#wood", "uv": [ 0.0, 0.0, 6.0, 16.0 ], "rotation": 90, "windMode": [-1,-1,-1,-1], "windData": [0,1,1,0] },
												"west": { "texture": "#wood", "uv": [ 0.0, 9.5, 6.0, 10.5 ], "rotation": 90, "windMode": [-1,-1,-1,-1] },
												"up": { "texture": "#null", "uv": [ 0.0, 0.0, 16.0, 1.0 ], "enabled": false },
												"down": { "texture": "#wood", "uv": [ 6.5, 1.0, 22.5, 2.0 ], "windMode": [-1,-1,-1,-1], "windData": [0,1,1,0], "enabled": false }
											}
										},
										{
											"name": "support_7",
											"from": [ 0.0, -17.3166, 27.3208 ],
											"to": [ 16.0, -11.3166, 28.3208 ],
											"rotationOrigin": [ 0.0, -11.3167, 27.3208 ],
											"rotationX": -134.9999,
											"faces": {
												"north": { "texture": "#wood", "uv": [ 0.0, 0.0, 6.0, 16.0 ], "rotation": 90 },
												"east": { "texture": "#wood", "uv": [ 0.0, 8.0, 6.0, 9.0 ], "rotation": 90, "windMode": [-1,-1,-1,-1] },
												"south": { "texture": "#wood", "uv": [ 0.0, 0.0, 6.0, 16.0 ], "rotation": 90, "windMode": [-1,-1,-1,-1], "windData": [0,1,1,0] },
												"west": { "texture": "#wood", "uv": [ 0.0, 9.5, 6.0, 10.5 ], "rotation": 90, "windMode": [-1,-1,-1,-1] },
												"up": { "texture": "#null", "uv": [ 0.0, 0.0, 16.0, 1.0 ], "enabled": false },
												"down": { "texture": "#wood", "uv": [ 0.0, 1.0, 16.0, 2.0 ], "windMode": [-1,-1,-1,-1], "windData": [0,1,1,0] }
											}
										}
									]
								},
								{
									"name": "support_8",
									"from": [ 0.0, -65.0, 7.0 ],
									"to": [ 16.0, -57.0, 8.0 ],
									"rotationOrigin": [ 1.0, -57.0, 8.0 ],
									"rotationX": -112.5,
									"faces": {
										"north": { "texture": "#wood", "uv": [ 0.0, 0.0, 8.0, 16.0 ], "rotation": 90 },
										"east": { "texture": "#wood", "uv": [ 0.0, 8.0, 8.0, 9.0 ], "rotation": 90, "windMode": [-1,-1,-1,-1] },
										"south": { "texture": "#wood", "uv": [ 0.0, 0.0, 8.0, 16.0 ], "rotation": 90, "windMode": [-1,-1,-1,-1], "windData": [0,1,1,0] },
										"west": { "texture": "#wood", "uv": [ 0.0, 9.5, 8.0, 10.5 ], "rotation": 90, "windMode": [-1,-1,-1,-1] },
										"up": { "texture": "#wood", "uv": [ 0.0, 0.0, 16.0, 1.0 ], "windMode": [-1,-1,-1,-1], "windData": [0,0,1,1] },
										"down": { "texture": "#wood", "uv": [ 6.5, 1.0, 22.5, 2.0 ], "windMode": [-1,-1,-1,-1], "windData": [0,1,1,0], "enabled": false }
									},
									"children": [
										{
											"name": "support_9",
											"from": [ 0.0, -6.0, 0.0 ],
											"to": [ 16.0, 0.0, 1.0 ],
											"rotationOrigin": [ 0.0, 0.0, 0.0 ],
											"rotationX": -22.5,
											"faces": {
												"north": { "texture": "#wood", "uv": [ 0.0, 0.0, 6.0, 16.0 ], "rotation": 90 },
												"east": { "texture": "#wood", "uv": [ 0.0, 8.0, 6.0, 9.0 ], "rotation": 90, "windMode": [-1,-1,-1,-1] },
												"south": { "texture": "#wood", "uv": [ 0.0, 0.0, 6.0, 16.0 ], "rotation": 90, "windMode": [-1,-1,-1,-1], "windData": [0,1,1,0] },
												"west": { "texture": "#wood", "uv": [ 0.0, 9.5, 6.0, 10.5 ], "rotation": 90, "windMode": [-1,-1,-1,-1] },
												"up": { "texture": "#null", "uv": [ 0.0, 0.0, 16.0, 1.0 ], "enabled": false },
												"down": { "texture": "#wood", "uv": [ 6.5, 1.0, 22.5, 2.0 ], "windMode": [-1,-1,-1,-1], "windData": [0,1,1,0], "enabled": false }
											}
										},
										{
											"name": "support_10",
											"from": [ 0.0, -11.5433, 2.2961 ],
											"to": [ 16.0, -5.5433, 3.2961 ],
											"rotationOrigin": [ 0.0, -5.5433, 2.2961 ],
											"rotationX": -45.0,
											"faces": {
												"north": { "texture": "#wood", "uv": [ 0.0, 0.0, 6.0, 16.0 ], "rotation": 90 },
												"east": { "texture": "#wood", "uv": [ 0.0, 8.0, 6.0, 9.0 ], "rotation": 90, "windMode": [-1,-1,-1,-1] },
												"south": { "texture": "#wood", "uv": [ 0.0, 0.0, 6.0, 16.0 ], "rotation": 90, "windMode": [-1,-1,-1,-1], "windData": [0,1,1,0] },
												"west": { "texture": "#wood", "uv": [ 0.0, 9.5, 6.0, 10.5 ], "rotation": 90, "windMode": [-1,-1,-1,-1] },
												"up": { "texture": "#null", "uv": [ 0.0, 0.0, 16.0, 1.0 ], "enabled": false },
												"down": { "texture": "#wood", "uv": [ 6.5, 1.0, 22.5, 2.0 ], "windMode": [-1,-1,-1,-1], "windData": [0,1,1,0], "enabled": false }
											}
										},
										{
											"name": "support_11",
											"from": [ 0.0, -19.7859, 6.5388 ],
											"to": [ 16.0, -9.7859, 7.5388 ],
											"rotationOrigin": [ 0.0, -9.7859, 6.5388 ],
											"rotationX": -67.5,
											"faces": {
												"north": { "texture": "#wood", "uv": [ 0.0, 0.0, 10.0, 16.0 ], "rotation": 90 },
												"east": { "texture": "#wood", "uv": [ 0.0, 8.0, 10.0, 9.0 ], "rotation": 90, "windMode": [-1,-1,-1,-1] },
												"south": { "texture": "#wood", "uv": [ 0.0, 0.0, 10.0, 16.0 ], "rotation": 90, "windMode": [-1,-1,-1,-1], "windData": [0,1,1,0] },
												"west": { "texture": "#wood", "uv": [ 0.0, 9.5, 10.0, 10.5 ], "rotation": 90, "windMode": [-1,-1,-1,-1] },
												"up": { "texture": "#null", "uv": [ 0.0, 0.0, 16.0, 1.0 ], "enabled": false },
												"down": { "texture": "#wood", "uv": [ 6.5, 1.0, 22.5, 2.0 ], "windMode": [-1,-1,-1,-1], "windData": [0,1,1,0], "enabled": false }
											}
										},
										{
											"name": "support_12",
											"from": [ 0.0, -19.6128, 15.7776 ],
											"to": [ 16.0, -13.6128, 16.7776 ],
											"rotationOrigin": [ 0.0, -13.6128, 15.7776 ],
											"rotationX": -90.0,
											"faces": {
												"north": { "texture": "#wood", "uv": [ 0.0, 0.0, 6.0, 16.0 ], "rotation": 90 },
												"east": { "texture": "#wood", "uv": [ 0.0, 8.0, 6.0, 9.0 ], "rotation": 90, "windMode": [-1,-1,-1,-1] },
												"south": { "texture": "#wood", "uv": [ 0.0, 0.0, 6.0, 16.0 ], "rotation": 90, "windMode": [-1,-1,-1,-1], "windData": [0,1,1,0] },
												"west": { "texture": "#wood", "uv": [ 0.0, 9.5, 6.0, 10.5 ], "rotation": 90, "windMode": [-1,-1,-1,-1] },
												"up": { "texture": "#null", "uv": [ 0.0, 0.0, 16.0, 1.0 ], "enabled": false },
												"down": { "texture": "#wood", "uv": [ 6.5, 1.0, 22.5, 2.0 ], "windMode": [-1,-1,-1,-1], "windData": [0,1,1,0], "enabled": false }
											}
										},
										{
											"name": "support_13",
											"from": [ 0.0, -19.6127, 21.7776 ],
											"to": [ 16.0, -13.6127, 22.7776 ],
											"rotationOrigin": [ 0.0, -13.6128, 21.7776 ],
											"rotationX": -112.5,
											"faces": {
												"north": { "texture": "#wood", "uv": [ 0.0, 0.0, 6.0, 16.0 ], "rotation": 90 },
												"east": { "texture": "#wood", "uv": [ 0.0, 8.0, 6.0, 9.0 ], "rotation": 90, "windMode": [-1,-1,-1,-1] },
												"south": { "texture": "#wood", "uv": [ 0.0, 0.0, 6.0, 16.0 ], "rotation": 90, "windMode": [-1,-1,-1,-1], "windData": [0,1,1,0] },
												"west": { "texture": "#wood", "uv": [ 0.0, 9.5, 6.0, 10.5 ], "rotation": 90, "windMode": [-1,-1,-1,-1] },
												"up": { "texture": "#null", "uv": [ 0.0, 0.0, 16.0, 1.0 ], "enabled": false },
												"down": { "texture": "#wood", "uv": [ 6.5, 1.0, 22.5, 2.0 ], "windMode": [-1,-1,-1,-1], "windData": [0,1,1,0], "enabled": false }
											}
										},
										{
											"name": "support_14",
											"from": [ 0.0, -17.3167, 27.3208 ],
											"to": [ 16.0, -11.3167, 28.3208 ],
											"rotationOrigin": [ 0.0, -11.3166, 27.3208 ],
											"rotationX": -135.0,
											"faces": {
												"north": { "texture": "#wood", "uv": [ 0.0, 0.0, 6.0, 16.0 ], "rotation": 90 },
												"east": { "texture": "#wood", "uv": [ 0.0, 8.0, 6.0, 9.0 ], "rotation": 90, "windMode": [-1,-1,-1,-1] },
												"south": { "texture": "#wood", "uv": [ 0.0, 0.0, 6.0, 16.0 ], "rotation": 90, "windMode": [-1,-1,-1,-1], "windData": [0,1,1,0] },
												"west": { "texture": "#wood", "uv": [ 0.0, 9.5, 6.0, 10.5 ], "rotation": 90, "windMode": [-1,-1,-1,-1] },
												"up": { "texture": "#null", "uv": [ 0.0, 0.0, 16.0, 1.0 ], "enabled": false },
												"down": { "texture": "#wood", "uv": [ 0.0, 1.0, 16.0, 2.0 ], "windMode": [-1,-1,-1,-1], "windData": [0,1,1,0] }
											}
										}
									]
								}
							]
						},
						{
							"name": "roof_base1",
							"from": [ 14.1, 32.0, 0.0 ],
							"to": [ 14.1, 32.0, 0.0 ],
							"rotationOrigin": [ 6.1, 8.0, 8.0 ],
							"faces": {
								"north": { "texture": "#cloth", "uv": [ 0.0, 0.0, 0.5, 0.5 ], "enabled": false },
								"east": { "texture": "#cloth", "uv": [ 0.0, 0.0, 0.5, 0.5 ], "enabled": false },
								"south": { "texture": "#cloth", "uv": [ 0.0, 0.0, 0.5, 0.5 ], "enabled": false },
								"west": { "texture": "#cloth", "uv": [ 0.0, 0.0, 0.5, 0.5 ], "enabled": false },
								"up": { "texture": "#cloth", "uv": [ 0.0, 0.0, 0.5, 0.5 ], "enabled": false },
								"down": { "texture": "#cloth", "uv": [ 0.0, 0.0, 0.5, 0.5 ], "enabled": false }
							},
							"children": [
								{
									"name": "Cube2",
									"from": [ 14.8, -27.7855, -0.391 ],
									"to": [ 15.8, -21.7855, 0.609 ],
									"rotationOrigin": [ 14.8, -21.7855, 0.609 ],
									"rotationX": -90.0,
									"faces": {
										"north": { "texture": "#wood", "uv": [ 0.0, 0.0, 1.0, 6.0 ] },
										"east": { "texture": "#wood", "uv": [ 15.0, 6.0, 16.0, 12.0 ], "windMode": [-1,-1,-1,-1], "windData": [1,1,1,1] },
										"south": { "texture": "#wood", "uv": [ 0.0, 0.0, 1.0, 6.0 ] },
										"west": { "texture": "#wood", "uv": [ 0.0, 0.0, 1.0, 6.0 ] },
										"up": { "texture": "#wood", "uv": [ 0.0, 0.0, 1.0, 1.0 ] },
										"down": { "texture": "#wood", "uv": [ 0.0, 0.0, 1.0, 1.0 ] }
									}
								},
								{
									"name": "Cube3",
									"from": [ 14.8, -27.7855, -1.391 ],
									"to": [ 15.8, -24.0855, -0.391 ],
									"rotationOrigin": [ 14.8, -21.7855, 0.609 ],
									"rotationX": -90.0,
									"faces": {
										"north": { "texture": "#wood", "uv": [ 0.0, 0.0, 1.0, 3.5 ] },
										"east": { "texture": "#wood", "uv": [ 14.0, 4.0, 15.0, 7.5 ], "windMode": [-1,-1,-1,-1], "windData": [1,1,1,1] },
										"south": { "texture": "#wood", "uv": [ 0.0, 0.0, 1.0, 3.5 ] },
										"west": { "texture": "#wood", "uv": [ 0.0, 0.0, 1.0, 3.5 ] },
										"up": { "texture": "#wood", "uv": [ 0.0, 0.0, 1.0, 1.0 ] },
										"down": { "texture": "#wood", "uv": [ 0.0, 0.0, 1.0, 1.0 ] }
									}
								},
								{
									"name": "Cube4",
									"from": [ 14.8, -27.7855, -2.391 ],
									"to": [ 15.8, -26.5855, -1.391 ],
									"rotationOrigin": [ 14.8, -21.7855, 0.609 ],
									"rotationX": -90.0,
									"faces": {
										"north": { "texture": "#wood", "uv": [ 0.0, 0.0, 1.0, 1.0 ] },
										"east": { "texture": "#wood", "uv": [ 0.0, 0.0, 1.0, 1.0 ] },
										"south": { "texture": "#wood", "uv": [ 0.0, 0.0, 1.0, 1.0 ] },
										"west": { "texture": "#wood", "uv": [ 0.0, 0.0, 1.0, 1.0 ] },
										"up": { "texture": "#wood", "uv": [ 0.0, 0.0, 1.0, 1.0 ] },
										"down": { "texture": "#wood", "uv": [ 0.0, 0.0, 1.0, 1.0 ] }
									}
								},
								{
									"name": "Cube5",
									"from": [ 14.8, -27.7855, 0.609 ],
									"to": [ 15.8, -20.7855, 1.609 ],
									"rotationOrigin": [ 14.8, -21.7855, 0.609 ],
									"rotationX": -90.0,
									"faces": {
										"north": { "texture": "#wood", "uv": [ 0.0, 0.0, 1.0, 7.0 ] },
										"east": { "texture": "#wood", "uv": [ 13.0, 3.0, 14.0, 10.0 ], "windMode": [-1,-1,-1,-1], "windData": [1,1,1,1] },
										"south": { "texture": "#wood", "uv": [ 0.0, 0.0, 1.0, 7.0 ] },
										"west": { "texture": "#wood", "uv": [ 0.0, 0.0, 1.0, 7.0 ] },
										"up": { "texture": "#wood", "uv": [ 0.0, 0.0, 1.0, 1.0 ] },
										"down": { "texture": "#wood", "uv": [ 0.0, 0.0, 1.0, 1.0 ] }
									}
								},
								{
									"name": "Cube6",
									"from": [ 14.8, -27.7855, 1.609 ],
									"to": [ 15.8, -19.7855, 2.609 ],
									"rotationOrigin": [ 14.8, -21.7855, 0.609 ],
									"rotationX": -90.0,
									"faces": {
										"north": { "texture": "#wood", "uv": [ 0.0, 0.0, 1.0, 8.0 ] },
										"east": { "texture": "#wood", "uv": [ 12.0, 2.0, 13.0, 10.0 ], "windMode": [-1,-1,-1,-1], "windData": [1,1,1,1] },
										"south": { "texture": "#wood", "uv": [ 0.0, 0.0, 1.0, 8.0 ] },
										"west": { "texture": "#wood", "uv": [ 0.0, 0.0, 1.0, 8.0 ] },
										"up": { "texture": "#wood", "uv": [ 0.0, 0.0, 1.0, 1.0 ] },
										"down": { "texture": "#wood", "uv": [ 0.0, 0.0, 1.0, 1.0 ] }
									}
								},
								{
									"name": "Cube7",
									"from": [ 14.8, -27.7855, 2.609 ],
									"to": [ 15.8, -18.7855, 3.609 ],
									"rotationOrigin": [ 14.8, -21.7855, 0.609 ],
									"rotationX": -90.0,
									"faces": {
										"north": { "texture": "#wood", "uv": [ 0.0, 0.0, 1.0, 9.0 ] },
										"east": { "texture": "#wood", "uv": [ 11.0, 1.0, 12.0, 10.0 ], "windMode": [-1,-1,-1,-1], "windData": [1,1,1,1] },
										"south": { "texture": "#wood", "uv": [ 0.0, 0.0, 1.0, 9.0 ] },
										"west": { "texture": "#wood", "uv": [ 0.0, 0.0, 1.0, 9.0 ] },
										"up": { "texture": "#wood", "uv": [ 0.0, 0.0, 1.0, 1.0 ] },
										"down": { "texture": "#wood", "uv": [ 0.0, 0.0, 1.0, 1.0 ] }
									}
								},
								{
									"name": "Cube8",
									"from": [ 14.8, -27.7855, 3.609 ],
									"to": [ 15.8, -17.7855, 4.609 ],
									"rotationOrigin": [ 14.8, -21.7855, 0.609 ],
									"rotationX": -90.0,
									"faces": {
										"north": { "texture": "#wood", "uv": [ 0.0, 0.0, 1.0, 10.0 ] },
										"east": { "texture": "#wood", "uv": [ 10.0, 0.0, 11.0, 10.0 ], "windMode": [-1,-1,-1,-1], "windData": [1,1,1,1] },
										"south": { "texture": "#wood", "uv": [ 0.0, 0.0, 1.0, 10.0 ], "windMode": [-1,-1,-1,-1], "windData": [1,1,1,1] },
										"west": { "texture": "#wood", "uv": [ 0.0, 0.0, 1.0, 10.0 ] },
										"up": { "texture": "#wood", "uv": [ 0.0, 0.0, 1.0, 1.0 ] },
										"down": { "texture": "#wood", "uv": [ 0.0, 0.0, 1.0, 1.0 ] }
									}
								},
								{
									"name": "Cube9",
									"from": [ 14.8, -27.7855, 4.609 ],
									"to": [ 15.8, -17.7855, 14.609 ],
									"rotationOrigin": [ 14.8, -21.7855, 0.609 ],
									"rotationX": -90.0,
									"faces": {
										"north": { "texture": "#wood", "uv": [ 0.0, 0.0, 1.0, 10.0 ] },
										"east": { "texture": "#wood", "uv": [ 0.0, 0.0, 10.0, 10.0 ] },
										"south": { "texture": "#wood", "uv": [ 0.0, 0.0, 1.0, 10.0 ] },
										"west": { "texture": "#wood", "uv": [ 0.0, 0.0, 10.0, 10.0 ] },
										"up": { "texture": "#wood", "uv": [ 0.0, 0.0, 1.0, 10.0 ] },
										"down": { "texture": "#wood", "uv": [ 0.0, 0.0, 1.0, 10.0 ] }
									}
								},
								{
									"name": "Cube10",
									"from": [ 14.8, -27.7855, 14.609 ],
									"to": [ 15.8, -17.7855, 24.609 ],
									"rotationOrigin": [ -4.2, -21.7855, 0.609 ],
									"rotationX": -90.0,
									"faces": {
										"north": { "texture": "#wood", "uv": [ 0.0, 0.0, 1.0, 10.0 ] },
										"east": { "texture": "#wood", "uv": [ 6.0, 0.0, 16.0, 10.0 ] },
										"south": { "texture": "#wood", "uv": [ 0.0, 0.0, 1.0, 10.0 ] },
										"west": { "texture": "#wood", "uv": [ 0.0, 0.0, 10.0, 10.0 ] },
										"up": { "texture": "#wood", "uv": [ 0.0, 0.0, 1.0, 10.0 ] },
										"down": { "texture": "#wood", "uv": [ 0.0, 0.0, 1.0, 10.0 ] }
									}
								},
								{
									"name": "Cube11",
									"from": [ 14.8, -17.7855, 4.609 ],
									"to": [ 15.8, -16.8855, 14.609 ],
									"rotationOrigin": [ 14.8, -21.7855, 0.609 ],
									"rotationX": -90.0,
									"faces": {
										"north": { "texture": "#wood", "uv": [ 0.0, 0.0, 1.0, 0.5 ] },
										"east": { "texture": "#wood", "uv": [ 0.0, 15.0, 10.0, 16.0 ], "autoUv": false, "windMode": [-1,-1,-1,-1], "windData": [1,1,1,1] },
										"south": { "texture": "#wood", "uv": [ 0.0, 0.0, 1.0, 0.5 ] },
										"west": { "texture": "#wood", "uv": [ 0.0, 0.0, 10.0, 0.5 ] },
										"up": { "texture": "#wood", "uv": [ 0.0, 0.0, 1.0, 10.0 ] },
										"down": { "texture": "#wood", "uv": [ 0.0, 0.0, 1.0, 10.0 ] }
									}
								},
								{
									"name": "Cube12",
									"from": [ 14.8, -16.8238, 7.2014 ],
									"to": [ 15.8, -15.8238, 14.7014 ],
									"rotationOrigin": [ 14.8, -21.8238, 0.7014 ],
									"rotationX": -90.0,
									"faces": {
										"north": { "texture": "#wood", "uv": [ 0.0, 0.0, 1.0, 1.0 ] },
										"east": { "texture": "#wood", "uv": [ 0.0, 14.0, 7.5, 15.0 ], "windMode": [-1,-1,-1,-1], "windData": [1,1,1,1] },
										"south": { "texture": "#wood", "uv": [ 0.0, 0.0, 1.0, 1.0 ] },
										"west": { "texture": "#wood", "uv": [ 0.0, 0.0, 7.5, 1.0 ] },
										"up": { "texture": "#wood", "uv": [ 0.0, 0.0, 1.0, 7.5 ] },
										"down": { "texture": "#wood", "uv": [ 0.0, 0.0, 1.0, 7.5 ] }
									}
								},
								{
									"name": "Cube13",
									"from": [ 14.8, -16.8238, 14.7014 ],
									"to": [ 15.8, -15.8238, 22.0014 ],
									"rotationOrigin": [ 14.8, -21.8238, 0.7014 ],
									"rotationX": -90.0,
									"faces": {
										"north": { "texture": "#wood", "uv": [ 0.0, 0.0, 1.0, 1.0 ] },
										"east": { "texture": "#wood", "uv": [ 0.0, 0.0, 7.0, 1.0 ] },
										"south": { "texture": "#wood", "uv": [ 0.0, 0.0, 1.0, 1.0 ] },
										"west": { "texture": "#wood", "uv": [ 0.0, 0.0, 7.0, 1.0 ] },
										"up": { "texture": "#wood", "uv": [ 0.0, 0.0, 1.0, 7.0 ] },
										"down": { "texture": "#wood", "uv": [ 0.0, 0.0, 1.0, 7.0 ] }
									}
								},
								{
									"name": "Cube14",
									"from": [ 14.8, -17.7855, 14.609 ],
									"to": [ 15.8, -16.8855, 24.309 ],
									"rotationOrigin": [ 14.8, -21.7855, 0.609 ],
									"rotationX": -90.0,
									"faces": {
										"north": { "texture": "#wood", "uv": [ 0.0, 0.0, 1.0, 0.5 ] },
										"east": { "texture": "#wood", "uv": [ 6.0, 15.0, 16.0, 16.0 ], "autoUv": false, "windMode": [-1,-1,-1,-1], "windData": [1,1,1,1] },
										"south": { "texture": "#wood", "uv": [ 0.0, 0.0, 1.0, 0.5 ] },
										"west": { "texture": "#wood", "uv": [ 0.0, 0.0, 9.5, 0.5 ] },
										"up": { "texture": "#wood", "uv": [ 0.0, 0.0, 1.0, 9.5 ] },
										"down": { "texture": "#wood", "uv": [ 0.0, 0.0, 1.0, 9.5 ] }
									}
								},
								{
									"name": "Cube15",
									"from": [ 14.8, -27.7855, 24.609 ],
									"to": [ 15.8, -17.7855, 25.609 ],
									"rotationOrigin": [ 14.8, -21.7855, 0.609 ],
									"rotationX": -90.0,
									"faces": {
										"north": { "texture": "#wood", "uv": [ 0.0, 0.0, 1.0, 10.0 ] },
										"east": { "texture": "#wood", "uv": [ 0.0, 0.0, 1.0, 10.0 ] },
										"south": { "texture": "#wood", "uv": [ 0.0, 0.0, 1.0, 10.0 ] },
										"west": { "texture": "#wood", "uv": [ 0.0, 0.0, 1.0, 10.0 ] },
										"up": { "texture": "#wood", "uv": [ 0.0, 0.0, 1.0, 1.0 ] },
										"down": { "texture": "#wood", "uv": [ 0.0, 0.0, 1.0, 1.0 ] }
									}
								},
								{
									"name": "Cube16",
									"from": [ 14.8, -27.7855, 26.609 ],
									"to": [ 15.8, -19.7855, 27.609 ],
									"rotationOrigin": [ 14.8, -21.7855, 0.609 ],
									"rotationX": -90.0,
									"faces": {
										"north": { "texture": "#wood", "uv": [ 0.0, 0.0, 1.0, 8.0 ] },
										"east": { "texture": "#wood", "uv": [ 2.0, 2.0, 3.0, 10.0 ], "windMode": [-1,-1,-1,-1], "windData": [1,1,1,1] },
										"south": { "texture": "#wood", "uv": [ 0.0, 0.0, 1.0, 8.0 ] },
										"west": { "texture": "#wood", "uv": [ 0.0, 0.0, 1.0, 8.0 ] },
										"up": { "texture": "#wood", "uv": [ 0.0, 0.0, 1.0, 1.0 ] },
										"down": { "texture": "#wood", "uv": [ 0.0, 0.0, 1.0, 1.0 ] }
									}
								},
								{
									"name": "Cube17",
									"from": [ 14.8, -27.7855, 25.609 ],
									"to": [ 15.8, -18.7855, 26.609 ],
									"rotationOrigin": [ 14.8, -21.7855, 0.609 ],
									"rotationX": -90.0,
									"faces": {
										"north": { "texture": "#wood", "uv": [ 0.0, 0.0, 1.0, 9.0 ] },
										"east": { "texture": "#wood", "uv": [ 3.0, 1.0, 4.0, 10.0 ], "windMode": [-1,-1,-1,-1], "windData": [1,1,1,1] },
										"south": { "texture": "#wood", "uv": [ 0.0, 0.0, 1.0, 9.0 ] },
										"west": { "texture": "#wood", "uv": [ 0.0, 0.0, 1.0, 9.0 ] },
										"up": { "texture": "#wood", "uv": [ 0.0, 0.0, 1.0, 1.0 ] },
										"down": { "texture": "#wood", "uv": [ 0.0, 0.0, 1.0, 1.0 ] }
									}
								},
								{
									"name": "Cube18",
									"from": [ 14.8, -27.7855, 27.609 ],
									"to": [ 15.8, -20.7855, 28.609 ],
									"rotationOrigin": [ 14.8, -21.7855, 0.609 ],
									"rotationX": -90.0,
									"faces": {
										"north": { "texture": "#wood", "uv": [ 0.0, 0.0, 1.0, 7.0 ] },
										"east": { "texture": "#wood", "uv": [ 4.0, 3.0, 5.0, 10.0 ], "windMode": [-1,-1,-1,-1], "windData": [1,1,1,1] },
										"south": { "texture": "#wood", "uv": [ 0.0, 0.0, 1.0, 7.0 ] },
										"west": { "texture": "#wood", "uv": [ 0.0, 0.0, 1.0, 7.0 ] },
										"up": { "texture": "#wood", "uv": [ 0.0, 0.0, 1.0, 1.0 ] },
										"down": { "texture": "#wood", "uv": [ 0.0, 0.0, 1.0, 1.0 ] }
									}
								},
								{
									"name": "Cube19",
									"from": [ 14.8, -27.7855, 28.609 ],
									"to": [ 15.8, -22.2855, 29.609 ],
									"rotationOrigin": [ 14.8, -21.7855, 0.609 ],
									"rotationX": -90.0,
									"faces": {
										"north": { "texture": "#wood", "uv": [ 0.0, 0.0, 1.0, 5.5 ] },
										"east": { "texture": "#wood", "uv": [ 5.0, 4.0, 6.0, 9.5 ], "windMode": [-1,-1,-1,-1], "windData": [1,1,1,1] },
										"south": { "texture": "#wood", "uv": [ 0.0, 0.0, 1.0, 5.5 ] },
										"west": { "texture": "#wood", "uv": [ 0.0, 0.0, 1.0, 5.5 ] },
										"up": { "texture": "#wood", "uv": [ 0.0, 0.0, 1.0, 1.0 ] },
										"down": { "texture": "#wood", "uv": [ 0.0, 0.0, 1.0, 1.0 ] }
									}
								},
								{
									"name": "Cube20",
									"from": [ 14.8, -27.7855, 29.609 ],
									"to": [ 15.8, -24.8855, 30.609 ],
									"rotationOrigin": [ 14.8, -21.7855, 0.609 ],
									"rotationX": -90.0,
									"faces": {
										"north": { "texture": "#wood", "uv": [ 0.0, 0.0, 1.0, 2.5 ] },
										"east": { "texture": "#wood", "uv": [ 0.0, 0.0, 1.0, 2.5 ] },
										"south": { "texture": "#wood", "uv": [ 0.0, 0.0, 1.0, 2.5 ] },
										"west": { "texture": "#wood", "uv": [ 0.0, 0.0, 1.0, 2.5 ] },
										"up": { "texture": "#wood", "uv": [ 0.0, 0.0, 1.0, 1.0 ] },
										"down": { "texture": "#wood", "uv": [ 0.0, 0.0, 1.0, 1.0 ] }
									}
								}
							]
						},
						{
							"name": "floor_base1",
							"from": [ -0.7, 32.0, 0.0 ],
							"to": [ -0.7, 32.0, 0.0 ],
							"rotationOrigin": [ 5.9, 8.0, 8.0 ],
							"faces": {
								"north": { "texture": "#cloth", "uv": [ 0.0, 0.0, 0.5, 0.5 ], "enabled": false },
								"east": { "texture": "#cloth", "uv": [ 0.0, 0.0, 0.5, 0.5 ], "enabled": false },
								"south": { "texture": "#cloth", "uv": [ 0.0, 0.0, 0.5, 0.5 ], "enabled": false },
								"west": { "texture": "#cloth", "uv": [ 0.0, 0.0, 0.5, 0.5 ], "enabled": false },
								"up": { "texture": "#cloth", "uv": [ 0.0, 0.0, 0.5, 0.5 ], "enabled": false },
								"down": { "texture": "#cloth", "uv": [ 0.0, 0.0, 0.5, 0.5 ], "enabled": false }
							},
							"children": [
								{
									"name": "Cube21",
									"from": [ 14.8, -27.7855, -0.391 ],
									"to": [ 15.8, -21.7855, 0.609 ],
									"rotationOrigin": [ 14.8, -21.7855, 0.609 ],
									"rotationX": -90.0,
									"faces": {
										"north": { "texture": "#wood", "uv": [ 0.0, 0.0, 1.0, 6.0 ] },
										"east": { "texture": "#wood", "uv": [ 15.0, 6.0, 16.0, 12.0 ], "windMode": [-1,-1,-1,-1], "windData": [1,1,1,1] },
										"south": { "texture": "#wood", "uv": [ 0.0, 0.0, 1.0, 6.0 ] },
										"west": { "texture": "#wood", "uv": [ 0.0, 0.0, 1.0, 6.0 ] },
										"up": { "texture": "#wood", "uv": [ 0.0, 0.0, 1.0, 1.0 ] },
										"down": { "texture": "#wood", "uv": [ 0.0, 0.0, 1.0, 1.0 ] }
									}
								},
								{
									"name": "Cube22",
									"from": [ 14.8, -27.7855, -1.391 ],
									"to": [ 15.8, -24.0855, -0.391 ],
									"rotationOrigin": [ 14.8, -21.7855, 0.609 ],
									"rotationX": -90.0,
									"faces": {
										"north": { "texture": "#wood", "uv": [ 0.0, 0.0, 1.0, 3.5 ] },
										"east": { "texture": "#wood", "uv": [ 14.0, 4.0, 15.0, 7.5 ], "windMode": [-1,-1,-1,-1], "windData": [1,1,1,1] },
										"south": { "texture": "#wood", "uv": [ 0.0, 0.0, 1.0, 3.5 ] },
										"west": { "texture": "#wood", "uv": [ 0.0, 0.0, 1.0, 3.5 ] },
										"up": { "texture": "#wood", "uv": [ 0.0, 0.0, 1.0, 1.0 ] },
										"down": { "texture": "#wood", "uv": [ 0.0, 0.0, 1.0, 1.0 ] }
									}
								},
								{
									"name": "Cube23",
									"from": [ 14.8, -27.7855, -2.391 ],
									"to": [ 15.8, -26.5855, -1.391 ],
									"rotationOrigin": [ 14.8, -21.7855, 0.609 ],
									"rotationX": -90.0,
									"faces": {
										"north": { "texture": "#wood", "uv": [ 0.0, 0.0, 1.0, 1.0 ] },
										"east": { "texture": "#wood", "uv": [ 0.0, 0.0, 1.0, 1.0 ] },
										"south": { "texture": "#wood", "uv": [ 0.0, 0.0, 1.0, 1.0 ] },
										"west": { "texture": "#wood", "uv": [ 0.0, 0.0, 1.0, 1.0 ] },
										"up": { "texture": "#wood", "uv": [ 0.0, 0.0, 1.0, 1.0 ] },
										"down": { "texture": "#wood", "uv": [ 0.0, 0.0, 1.0, 1.0 ] }
									}
								},
								{
									"name": "Cube24",
									"from": [ 14.8, -27.7855, 0.609 ],
									"to": [ 15.8, -20.7855, 1.609 ],
									"rotationOrigin": [ 14.8, -21.7855, 0.609 ],
									"rotationX": -90.0,
									"faces": {
										"north": { "texture": "#wood", "uv": [ 0.0, 0.0, 1.0, 7.0 ] },
										"east": { "texture": "#wood", "uv": [ 13.0, 3.0, 14.0, 10.0 ], "windMode": [-1,-1,-1,-1], "windData": [1,1,1,1] },
										"south": { "texture": "#wood", "uv": [ 0.0, 0.0, 1.0, 7.0 ] },
										"west": { "texture": "#wood", "uv": [ 0.0, 0.0, 1.0, 7.0 ] },
										"up": { "texture": "#wood", "uv": [ 0.0, 0.0, 1.0, 1.0 ] },
										"down": { "texture": "#wood", "uv": [ 0.0, 0.0, 1.0, 1.0 ] }
									}
								},
								{
									"name": "Cube25",
									"from": [ 14.8, -27.7855, 1.609 ],
									"to": [ 15.8, -19.7855, 2.609 ],
									"rotationOrigin": [ 14.8, -21.7855, 0.609 ],
									"rotationX": -90.0,
									"faces": {
										"north": { "texture": "#wood", "uv": [ 0.0, 0.0, 1.0, 8.0 ] },
										"east": { "texture": "#wood", "uv": [ 12.0, 2.0, 13.0, 10.0 ], "windMode": [-1,-1,-1,-1], "windData": [1,1,1,1] },
										"south": { "texture": "#wood", "uv": [ 0.0, 0.0, 1.0, 8.0 ] },
										"west": { "texture": "#wood", "uv": [ 0.0, 0.0, 1.0, 8.0 ] },
										"up": { "texture": "#wood", "uv": [ 0.0, 0.0, 1.0, 1.0 ] },
										"down": { "texture": "#wood", "uv": [ 0.0, 0.0, 1.0, 1.0 ] }
									}
								},
								{
									"name": "Cube26",
									"from": [ 14.8, -27.7855, 2.609 ],
									"to": [ 15.8, -18.7855, 3.609 ],
									"rotationOrigin": [ 14.8, -21.7855, 0.609 ],
									"rotationX": -90.0,
									"faces": {
										"north": { "texture": "#wood", "uv": [ 0.0, 0.0, 1.0, 9.0 ] },
										"east": { "texture": "#wood", "uv": [ 11.0, 1.0, 12.0, 10.0 ], "windMode": [-1,-1,-1,-1], "windData": [1,1,1,1] },
										"south": { "texture": "#wood", "uv": [ 0.0, 0.0, 1.0, 9.0 ] },
										"west": { "texture": "#wood", "uv": [ 0.0, 0.0, 1.0, 9.0 ] },
										"up": { "texture": "#wood", "uv": [ 0.0, 0.0, 1.0, 1.0 ] },
										"down": { "texture": "#wood", "uv": [ 0.0, 0.0, 1.0, 1.0 ] }
									}
								},
								{
									"name": "Cube27",
									"from": [ 14.8, -27.7855, 3.609 ],
									"to": [ 15.8, -17.7855, 4.609 ],
									"rotationOrigin": [ 14.8, -21.7855, 0.609 ],
									"rotationX": -90.0,
									"faces": {
										"north": { "texture": "#wood", "uv": [ 0.0, 0.0, 1.0, 10.0 ] },
										"east": { "texture": "#wood", "uv": [ 10.0, 0.0, 11.0, 10.0 ], "windMode": [-1,-1,-1,-1], "windData": [1,1,1,1] },
										"south": { "texture": "#wood", "uv": [ 0.0, 0.0, 1.0, 10.0 ], "windMode": [-1,-1,-1,-1], "windData": [1,1,1,1] },
										"west": { "texture": "#wood", "uv": [ 0.0, 0.0, 1.0, 10.0 ] },
										"up": { "texture": "#wood", "uv": [ 0.0, 0.0, 1.0, 1.0 ] },
										"down": { "texture": "#wood", "uv": [ 0.0, 0.0, 1.0, 1.0 ] }
									}
								},
								{
									"name": "Cube28",
									"from": [ 14.8, -27.7855, 4.609 ],
									"to": [ 15.8, -17.7855, 14.609 ],
									"rotationOrigin": [ 14.8, -21.7855, 0.609 ],
									"rotationX": -90.0,
									"faces": {
										"north": { "texture": "#wood", "uv": [ 0.0, 0.0, 1.0, 10.0 ] },
										"east": { "texture": "#wood", "uv": [ 0.0, 0.0, 10.0, 10.0 ] },
										"south": { "texture": "#wood", "uv": [ 0.0, 0.0, 1.0, 10.0 ] },
										"west": { "texture": "#wood", "uv": [ 0.0, 0.0, 10.0, 10.0 ] },
										"up": { "texture": "#wood", "uv": [ 0.0, 0.0, 1.0, 10.0 ] },
										"down": { "texture": "#wood", "uv": [ 0.0, 0.0, 1.0, 10.0 ] }
									}
								},
								{
									"name": "Cube29",
									"from": [ 14.8, -27.7855, 14.609 ],
									"to": [ 15.8, -17.7855, 24.609 ],
									"rotationOrigin": [ -4.2, -21.7855, 0.609 ],
									"rotationX": -90.0,
									"faces": {
										"north": { "texture": "#wood", "uv": [ 0.0, 0.0, 1.0, 10.0 ] },
										"east": { "texture": "#wood", "uv": [ 6.0, 0.0, 16.0, 10.0 ] },
										"south": { "texture": "#wood", "uv": [ 0.0, 0.0, 1.0, 10.0 ] },
										"west": { "texture": "#wood", "uv": [ 0.0, 0.0, 10.0, 10.0 ] },
										"up": { "texture": "#wood", "uv": [ 0.0, 0.0, 1.0, 10.0 ] },
										"down": { "texture": "#wood", "uv": [ 0.0, 0.0, 1.0, 10.0 ] }
									}
								},
								{
									"name": "Cube30",
									"from": [ 14.8, -17.7855, 4.609 ],
									"to": [ 15.8, -16.8855, 14.609 ],
									"rotationOrigin": [ 14.8, -21.7855, 0.609 ],
									"rotationX": -90.0,
									"faces": {
										"north": { "texture": "#wood", "uv": [ 0.0, 0.0, 1.0, 0.5 ] },
										"east": { "texture": "#wood", "uv": [ 0.0, 15.0, 10.0, 16.0 ], "autoUv": false, "windMode": [-1,-1,-1,-1], "windData": [1,1,1,1] },
										"south": { "texture": "#wood", "uv": [ 0.0, 0.0, 1.0, 0.5 ] },
										"west": { "texture": "#wood", "uv": [ 0.0, 0.0, 10.0, 0.5 ] },
										"up": { "texture": "#wood", "uv": [ 0.0, 0.0, 1.0, 10.0 ] },
										"down": { "texture": "#wood", "uv": [ 0.0, 0.0, 1.0, 10.0 ] }
									}
								},
								{
									"name": "Cube31",
									"from": [ 14.8, -16.8238, 7.2014 ],
									"to": [ 15.8, -15.8238, 14.7014 ],
									"rotationOrigin": [ 14.8, -21.8238, 0.7014 ],
									"rotationX": -90.0,
									"faces": {
										"north": { "texture": "#wood", "uv": [ 0.0, 0.0, 1.0, 1.0 ] },
										"east": { "texture": "#wood", "uv": [ 0.0, 14.0, 7.5, 15.0 ], "windMode": [-1,-1,-1,-1], "windData": [1,1,1,1] },
										"south": { "texture": "#wood", "uv": [ 0.0, 0.0, 1.0, 1.0 ] },
										"west": { "texture": "#wood", "uv": [ 0.0, 0.0, 7.5, 1.0 ] },
										"up": { "texture": "#wood", "uv": [ 0.0, 0.0, 1.0, 7.5 ] },
										"down": { "texture": "#wood", "uv": [ 0.0, 0.0, 1.0, 7.5 ] }
									}
								},
								{
									"name": "Cube32",
									"from": [ 14.8, -16.8238, 14.7014 ],
									"to": [ 15.8, -15.8238, 22.0014 ],
									"rotationOrigin": [ 14.8, -21.8238, 0.7014 ],
									"rotationX": -90.0,
									"faces": {
										"north": { "texture": "#wood", "uv": [ 0.0, 0.0, 1.0, 1.0 ] },
										"east": { "texture": "#wood", "uv": [ 0.0, 0.0, 7.0, 1.0 ] },
										"south": { "texture": "#wood", "uv": [ 0.0, 0.0, 1.0, 1.0 ] },
										"west": { "texture": "#wood", "uv": [ 0.0, 0.0, 7.0, 1.0 ] },
										"up": { "texture": "#wood", "uv": [ 0.0, 0.0, 1.0, 7.0 ] },
										"down": { "texture": "#wood", "uv": [ 0.0, 0.0, 1.0, 7.0 ] }
									}
								},
								{
									"name": "Cube33",
									"from": [ 14.8, -17.7855, 14.609 ],
									"to": [ 15.8, -16.8855, 24.309 ],
									"rotationOrigin": [ 14.8, -21.7855, 0.609 ],
									"rotationX": -90.0,
									"faces": {
										"north": { "texture": "#wood", "uv": [ 0.0, 0.0, 1.0, 0.5 ] },
										"east": { "texture": "#wood", "uv": [ 6.0, 15.0, 16.0, 16.0 ], "autoUv": false, "windMode": [-1,-1,-1,-1], "windData": [1,1,1,1] },
										"south": { "texture": "#wood", "uv": [ 0.0, 0.0, 1.0, 0.5 ] },
										"west": { "texture": "#wood", "uv": [ 0.0, 0.0, 9.5, 0.5 ] },
										"up": { "texture": "#wood", "uv": [ 0.0, 0.0, 1.0, 9.5 ] },
										"down": { "texture": "#wood", "uv": [ 0.0, 0.0, 1.0, 9.5 ] }
									}
								},
								{
									"name": "Cube34",
									"from": [ 14.8, -27.7855, 24.609 ],
									"to": [ 15.8, -17.7855, 25.609 ],
									"rotationOrigin": [ 14.8, -21.7855, 0.609 ],
									"rotationX": -90.0,
									"faces": {
										"north": { "texture": "#wood", "uv": [ 0.0, 0.0, 1.0, 10.0 ] },
										"east": { "texture": "#wood", "uv": [ 0.0, 0.0, 1.0, 10.0 ] },
										"south": { "texture": "#wood", "uv": [ 0.0, 0.0, 1.0, 10.0 ] },
										"west": { "texture": "#wood", "uv": [ 0.0, 0.0, 1.0, 10.0 ] },
										"up": { "texture": "#wood", "uv": [ 0.0, 0.0, 1.0, 1.0 ] },
										"down": { "texture": "#wood", "uv": [ 0.0, 0.0, 1.0, 1.0 ] }
									}
								},
								{
									"name": "Cube35",
									"from": [ 14.8, -27.7855, 26.609 ],
									"to": [ 15.8, -19.7855, 27.609 ],
									"rotationOrigin": [ 14.8, -21.7855, 0.609 ],
									"rotationX": -90.0,
									"faces": {
										"north": { "texture": "#wood", "uv": [ 0.0, 0.0, 1.0, 8.0 ] },
										"east": { "texture": "#wood", "uv": [ 2.0, 2.0, 3.0, 10.0 ], "windMode": [-1,-1,-1,-1], "windData": [1,1,1,1] },
										"south": { "texture": "#wood", "uv": [ 0.0, 0.0, 1.0, 8.0 ] },
										"west": { "texture": "#wood", "uv": [ 0.0, 0.0, 1.0, 8.0 ] },
										"up": { "texture": "#wood", "uv": [ 0.0, 0.0, 1.0, 1.0 ] },
										"down": { "texture": "#wood", "uv": [ 0.0, 0.0, 1.0, 1.0 ] }
									}
								},
								{
									"name": "Cube36",
									"from": [ 14.8, -27.7855, 25.609 ],
									"to": [ 15.8, -18.7855, 26.609 ],
									"rotationOrigin": [ 14.8, -21.7855, 0.609 ],
									"rotationX": -90.0,
									"faces": {
										"north": { "texture": "#wood", "uv": [ 0.0, 0.0, 1.0, 9.0 ] },
										"east": { "texture": "#wood", "uv": [ 3.0, 1.0, 4.0, 10.0 ], "windMode": [-1,-1,-1,-1], "windData": [1,1,1,1] },
										"south": { "texture": "#wood", "uv": [ 0.0, 0.0, 1.0, 9.0 ] },
										"west": { "texture": "#wood", "uv": [ 0.0, 0.0, 1.0, 9.0 ] },
										"up": { "texture": "#wood", "uv": [ 0.0, 0.0, 1.0, 1.0 ] },
										"down": { "texture": "#wood", "uv": [ 0.0, 0.0, 1.0, 1.0 ] }
									}
								},
								{
									"name": "Cube37",
									"from": [ 14.8, -27.7855, 27.609 ],
									"to": [ 15.8, -20.7855, 28.609 ],
									"rotationOrigin": [ 14.8, -21.7855, 0.609 ],
									"rotationX": -90.0,
									"faces": {
										"north": { "texture": "#wood", "uv": [ 0.0, 0.0, 1.0, 7.0 ] },
										"east": { "texture": "#wood", "uv": [ 4.0, 3.0, 5.0, 10.0 ], "windMode": [-1,-1,-1,-1], "windData": [1,1,1,1] },
										"south": { "texture": "#wood", "uv": [ 0.0, 0.0, 1.0, 7.0 ] },
										"west": { "texture": "#wood", "uv": [ 0.0, 0.0, 1.0, 7.0 ] },
										"up": { "texture": "#wood", "uv": [ 0.0, 0.0, 1.0, 1.0 ] },
										"down": { "texture": "#wood", "uv": [ 0.0, 0.0, 1.0, 1.0 ] }
									}
								},
								{
									"name": "Cube38",
									"from": [ 14.8, -27.7855, 28.609 ],
									"to": [ 15.8, -22.2855, 29.609 ],
									"rotationOrigin": [ 14.8, -21.7855, 0.609 ],
									"rotationX": -90.0,
									"faces": {
										"north": { "texture": "#wood", "uv": [ 0.0, 0.0, 1.0, 5.5 ] },
										"east": { "texture": "#wood", "uv": [ 5.0, 4.0, 6.0, 9.5 ], "windMode": [-1,-1,-1,-1], "windData": [1,1,1,1] },
										"south": { "texture": "#wood", "uv": [ 0.0, 0.0, 1.0, 5.5 ] },
										"west": { "texture": "#wood", "uv": [ 0.0, 0.0, 1.0, 5.5 ] },
										"up": { "texture": "#wood", "uv": [ 0.0, 0.0, 1.0, 1.0 ] },
										"down": { "texture": "#wood", "uv": [ 0.0, 0.0, 1.0, 1.0 ] }
									}
								},
								{
									"name": "Cube39",
									"from": [ 14.8, -27.7855, 29.609 ],
									"to": [ 15.8, -24.8855, 30.609 ],
									"rotationOrigin": [ 14.8, -21.7855, 0.609 ],
									"rotationX": -90.0,
									"faces": {
										"north": { "texture": "#wood", "uv": [ 0.0, 0.0, 1.0, 2.5 ] },
										"east": { "texture": "#wood", "uv": [ 0.0, 0.0, 1.0, 2.5 ] },
										"south": { "texture": "#wood", "uv": [ 0.0, 0.0, 1.0, 2.5 ] },
										"west": { "texture": "#wood", "uv": [ 0.0, 0.0, 1.0, 2.5 ] },
										"up": { "texture": "#wood", "uv": [ 0.0, 0.0, 1.0, 1.0 ] },
										"down": { "texture": "#wood", "uv": [ 0.0, 0.0, 1.0, 1.0 ] }
									}
								}
							]
						},
						{
							"name": "roof_base2",
							"from": [ 14.1, 32.0, 0.0 ],
							"to": [ 14.1, 32.0, 0.0 ],
							"rotationOrigin": [ 6.1, 8.0, 8.0 ],
							"rotationX": 180.0,
							"faces": {
								"north": { "texture": "#cloth", "uv": [ 0.0, 0.0, 0.5, 0.5 ], "enabled": false },
								"east": { "texture": "#cloth", "uv": [ 0.0, 0.0, 0.5, 0.5 ], "enabled": false },
								"south": { "texture": "#cloth", "uv": [ 0.0, 0.0, 0.5, 0.5 ], "enabled": false },
								"west": { "texture": "#cloth", "uv": [ 0.0, 0.0, 0.5, 0.5 ], "enabled": false },
								"up": { "texture": "#cloth", "uv": [ 0.0, 0.0, 0.5, 0.5 ], "enabled": false },
								"down": { "texture": "#cloth", "uv": [ 0.0, 0.0, 0.5, 0.5 ], "enabled": false }
							},
							"children": [
								{
									"name": "Cube40",
									"from": [ 14.8, -27.7855, -0.391 ],
									"to": [ 15.8, -21.7855, 0.609 ],
									"rotationOrigin": [ 14.8, -21.7855, 0.609 ],
									"rotationX": -90.0,
									"faces": {
										"north": { "texture": "#wood", "uv": [ 0.0, 0.0, 1.0, 6.0 ] },
										"east": { "texture": "#wood", "uv": [ 15.0, 6.0, 16.0, 12.0 ], "windMode": [-1,-1,-1,-1], "windData": [1,1,1,1] },
										"south": { "texture": "#wood", "uv": [ 0.0, 0.0, 1.0, 6.0 ] },
										"west": { "texture": "#wood", "uv": [ 0.0, 0.0, 1.0, 6.0 ] },
										"up": { "texture": "#wood", "uv": [ 0.0, 0.0, 1.0, 1.0 ] },
										"down": { "texture": "#wood", "uv": [ 0.0, 0.0, 1.0, 1.0 ] }
									}
								},
								{
									"name": "Cube41",
									"from": [ 14.8, -27.7855, -1.391 ],
									"to": [ 15.8, -24.0855, -0.391 ],
									"rotationOrigin": [ 14.8, -21.7855, 0.609 ],
									"rotationX": -90.0,
									"faces": {
										"north": { "texture": "#wood", "uv": [ 0.0, 0.0, 1.0, 3.5 ] },
										"east": { "texture": "#wood", "uv": [ 14.0, 4.0, 15.0, 7.5 ], "windMode": [-1,-1,-1,-1], "windData": [1,1,1,1] },
										"south": { "texture": "#wood", "uv": [ 0.0, 0.0, 1.0, 3.5 ] },
										"west": { "texture": "#wood", "uv": [ 0.0, 0.0, 1.0, 3.5 ] },
										"up": { "texture": "#wood", "uv": [ 0.0, 0.0, 1.0, 1.0 ] },
										"down": { "texture": "#wood", "uv": [ 0.0, 0.0, 1.0, 1.0 ] }
									}
								},
								{
									"name": "Cube42",
									"from": [ 14.8, -27.7855, -2.391 ],
									"to": [ 15.8, -26.5855, -1.391 ],
									"rotationOrigin": [ 14.8, -21.7855, 0.609 ],
									"rotationX": -90.0,
									"faces": {
										"north": { "texture": "#wood", "uv": [ 0.0, 0.0, 1.0, 1.0 ] },
										"east": { "texture": "#wood", "uv": [ 0.0, 0.0, 1.0, 1.0 ] },
										"south": { "texture": "#wood", "uv": [ 0.0, 0.0, 1.0, 1.0 ] },
										"west": { "texture": "#wood", "uv": [ 0.0, 0.0, 1.0, 1.0 ] },
										"up": { "texture": "#wood", "uv": [ 0.0, 0.0, 1.0, 1.0 ] },
										"down": { "texture": "#wood", "uv": [ 0.0, 0.0, 1.0, 1.0 ] }
									}
								},
								{
									"name": "Cube43",
									"from": [ 14.8, -27.7855, 0.609 ],
									"to": [ 15.8, -20.7855, 1.609 ],
									"rotationOrigin": [ 14.8, -21.7855, 0.609 ],
									"rotationX": -90.0,
									"faces": {
										"north": { "texture": "#wood", "uv": [ 0.0, 0.0, 1.0, 7.0 ] },
										"east": { "texture": "#wood", "uv": [ 13.0, 3.0, 14.0, 10.0 ], "windMode": [-1,-1,-1,-1], "windData": [1,1,1,1] },
										"south": { "texture": "#wood", "uv": [ 0.0, 0.0, 1.0, 7.0 ] },
										"west": { "texture": "#wood", "uv": [ 0.0, 0.0, 1.0, 7.0 ] },
										"up": { "texture": "#wood", "uv": [ 0.0, 0.0, 1.0, 1.0 ] },
										"down": { "texture": "#wood", "uv": [ 0.0, 0.0, 1.0, 1.0 ] }
									}
								},
								{
									"name": "Cube44",
									"from": [ 14.8, -27.7855, 1.609 ],
									"to": [ 15.8, -19.7855, 2.609 ],
									"rotationOrigin": [ 14.8, -21.7855, 0.609 ],
									"rotationX": -90.0,
									"faces": {
										"north": { "texture": "#wood", "uv": [ 0.0, 0.0, 1.0, 8.0 ] },
										"east": { "texture": "#wood", "uv": [ 12.0, 2.0, 13.0, 10.0 ], "windMode": [-1,-1,-1,-1], "windData": [1,1,1,1] },
										"south": { "texture": "#wood", "uv": [ 0.0, 0.0, 1.0, 8.0 ] },
										"west": { "texture": "#wood", "uv": [ 0.0, 0.0, 1.0, 8.0 ] },
										"up": { "texture": "#wood", "uv": [ 0.0, 0.0, 1.0, 1.0 ] },
										"down": { "texture": "#wood", "uv": [ 0.0, 0.0, 1.0, 1.0 ] }
									}
								},
								{
									"name": "Cube45",
									"from": [ 14.8, -27.7855, 2.609 ],
									"to": [ 15.8, -18.7855, 3.609 ],
									"rotationOrigin": [ 14.8, -21.7855, 0.609 ],
									"rotationX": -90.0,
									"faces": {
										"north": { "texture": "#wood", "uv": [ 0.0, 0.0, 1.0, 9.0 ] },
										"east": { "texture": "#wood", "uv": [ 11.0, 1.0, 12.0, 10.0 ], "windMode": [-1,-1,-1,-1], "windData": [1,1,1,1] },
										"south": { "texture": "#wood", "uv": [ 0.0, 0.0, 1.0, 9.0 ] },
										"west": { "texture": "#wood", "uv": [ 0.0, 0.0, 1.0, 9.0 ] },
										"up": { "texture": "#wood", "uv": [ 0.0, 0.0, 1.0, 1.0 ] },
										"down": { "texture": "#wood", "uv": [ 0.0, 0.0, 1.0, 1.0 ] }
									}
								},
								{
									"name": "Cube46",
									"from": [ 14.8, -27.7855, 3.609 ],
									"to": [ 15.8, -17.7855, 4.609 ],
									"rotationOrigin": [ 14.8, -21.7855, 0.609 ],
									"rotationX": -90.0,
									"faces": {
										"north": { "texture": "#wood", "uv": [ 0.0, 0.0, 1.0, 10.0 ] },
										"east": { "texture": "#wood", "uv": [ 10.0, 0.0, 11.0, 10.0 ], "windMode": [-1,-1,-1,-1], "windData": [1,1,1,1] },
										"south": { "texture": "#wood", "uv": [ 0.0, 0.0, 1.0, 10.0 ], "windMode": [-1,-1,-1,-1], "windData": [1,1,1,1] },
										"west": { "texture": "#wood", "uv": [ 0.0, 0.0, 1.0, 10.0 ] },
										"up": { "texture": "#wood", "uv": [ 0.0, 0.0, 1.0, 1.0 ] },
										"down": { "texture": "#wood", "uv": [ 0.0, 0.0, 1.0, 1.0 ] }
									}
								},
								{
									"name": "Cube47",
									"from": [ 14.8, -27.7855, 4.609 ],
									"to": [ 15.8, -17.7855, 14.609 ],
									"rotationOrigin": [ 14.8, -21.7855, 0.609 ],
									"rotationX": -90.0,
									"faces": {
										"north": { "texture": "#wood", "uv": [ 0.0, 0.0, 1.0, 10.0 ] },
										"east": { "texture": "#wood", "uv": [ 0.0, 0.0, 10.0, 10.0 ] },
										"south": { "texture": "#wood", "uv": [ 0.0, 0.0, 1.0, 10.0 ] },
										"west": { "texture": "#wood", "uv": [ 0.0, 0.0, 10.0, 10.0 ] },
										"up": { "texture": "#wood", "uv": [ 0.0, 0.0, 1.0, 10.0 ] },
										"down": { "texture": "#wood", "uv": [ 0.0, 0.0, 1.0, 10.0 ] }
									}
								},
								{
									"name": "Cube48",
									"from": [ 14.8, -27.7855, 14.609 ],
									"to": [ 15.8, -17.7855, 24.609 ],
									"rotationOrigin": [ -4.2, -21.7855, 0.609 ],
									"rotationX": -90.0,
									"faces": {
										"north": { "texture": "#wood", "uv": [ 0.0, 0.0, 1.0, 10.0 ] },
										"east": { "texture": "#wood", "uv": [ 6.0, 0.0, 16.0, 10.0 ] },
										"south": { "texture": "#wood", "uv": [ 0.0, 0.0, 1.0, 10.0 ] },
										"west": { "texture": "#wood", "uv": [ 0.0, 0.0, 10.0, 10.0 ] },
										"up": { "texture": "#wood", "uv": [ 0.0, 0.0, 1.0, 10.0 ] },
										"down": { "texture": "#wood", "uv": [ 0.0, 0.0, 1.0, 10.0 ] }
									}
								},
								{
									"name": "Cube49",
									"from": [ 14.8, -17.7855, 4.609 ],
									"to": [ 15.8, -16.8855, 14.609 ],
									"rotationOrigin": [ 14.8, -21.7855, 0.609 ],
									"rotationX": -90.0,
									"faces": {
										"north": { "texture": "#wood", "uv": [ 0.0, 0.0, 1.0, 0.5 ] },
										"east": { "texture": "#wood", "uv": [ 0.0, 15.0, 10.0, 16.0 ], "autoUv": false, "windMode": [-1,-1,-1,-1], "windData": [1,1,1,1] },
										"south": { "texture": "#wood", "uv": [ 0.0, 0.0, 1.0, 0.5 ] },
										"west": { "texture": "#wood", "uv": [ 0.0, 0.0, 10.0, 0.5 ] },
										"up": { "texture": "#wood", "uv": [ 0.0, 0.0, 1.0, 10.0 ] },
										"down": { "texture": "#wood", "uv": [ 0.0, 0.0, 1.0, 10.0 ] }
									}
								},
								{
									"name": "Cube50",
									"from": [ 14.8, -16.8238, 7.2014 ],
									"to": [ 15.8, -15.8238, 14.7014 ],
									"rotationOrigin": [ 14.8, -21.8238, 0.7014 ],
									"rotationX": -90.0,
									"faces": {
										"north": { "texture": "#wood", "uv": [ 0.0, 0.0, 1.0, 1.0 ] },
										"east": { "texture": "#wood", "uv": [ 0.0, 14.0, 7.5, 15.0 ], "windMode": [-1,-1,-1,-1], "windData": [1,1,1,1] },
										"south": { "texture": "#wood", "uv": [ 0.0, 0.0, 1.0, 1.0 ] },
										"west": { "texture": "#wood", "uv": [ 0.0, 0.0, 7.5, 1.0 ] },
										"up": { "texture": "#wood", "uv": [ 0.0, 0.0, 1.0, 7.5 ] },
										"down": { "texture": "#wood", "uv": [ 0.0, 0.0, 1.0, 7.5 ] }
									}
								},
								{
									"name": "Cube51",
									"from": [ 14.8, -16.8238, 14.7014 ],
									"to": [ 15.8, -15.8238, 22.0014 ],
									"rotationOrigin": [ 14.8, -21.8238, 0.7014 ],
									"rotationX": -90.0,
									"faces": {
										"north": { "texture": "#wood", "uv": [ 0.0, 0.0, 1.0, 1.0 ] },
										"east": { "texture": "#wood", "uv": [ 0.0, 0.0, 7.0, 1.0 ] },
										"south": { "texture": "#wood", "uv": [ 0.0, 0.0, 1.0, 1.0 ] },
										"west": { "texture": "#wood", "uv": [ 0.0, 0.0, 7.0, 1.0 ] },
										"up": { "texture": "#wood", "uv": [ 0.0, 0.0, 1.0, 7.0 ] },
										"down": { "texture": "#wood", "uv": [ 0.0, 0.0, 1.0, 7.0 ] }
									}
								},
								{
									"name": "Cube52",
									"from": [ 14.8, -17.7855, 14.609 ],
									"to": [ 15.8, -16.8855, 24.309 ],
									"rotationOrigin": [ 14.8, -21.7855, 0.609 ],
									"rotationX": -90.0,
									"faces": {
										"north": { "texture": "#wood", "uv": [ 0.0, 0.0, 1.0, 0.5 ] },
										"east": { "texture": "#wood", "uv": [ 6.0, 15.0, 16.0, 16.0 ], "autoUv": false, "windMode": [-1,-1,-1,-1], "windData": [1,1,1,1] },
										"south": { "texture": "#wood", "uv": [ 0.0, 0.0, 1.0, 0.5 ] },
										"west": { "texture": "#wood", "uv": [ 0.0, 0.0, 9.5, 0.5 ] },
										"up": { "texture": "#wood", "uv": [ 0.0, 0.0, 1.0, 9.5 ] },
										"down": { "texture": "#wood", "uv": [ 0.0, 0.0, 1.0, 9.5 ] }
									}
								},
								{
									"name": "Cube53",
									"from": [ 14.8, -27.7855, 24.609 ],
									"to": [ 15.8, -17.7855, 25.609 ],
									"rotationOrigin": [ 14.8, -21.7855, 0.609 ],
									"rotationX": -90.0,
									"faces": {
										"north": { "texture": "#wood", "uv": [ 0.0, 0.0, 1.0, 10.0 ] },
										"east": { "texture": "#wood", "uv": [ 0.0, 0.0, 1.0, 10.0 ] },
										"south": { "texture": "#wood", "uv": [ 0.0, 0.0, 1.0, 10.0 ] },
										"west": { "texture": "#wood", "uv": [ 0.0, 0.0, 1.0, 10.0 ] },
										"up": { "texture": "#wood", "uv": [ 0.0, 0.0, 1.0, 1.0 ] },
										"down": { "texture": "#wood", "uv": [ 0.0, 0.0, 1.0, 1.0 ] }
									}
								},
								{
									"name": "Cube54",
									"from": [ 14.8, -27.7855, 26.609 ],
									"to": [ 15.8, -19.7855, 27.609 ],
									"rotationOrigin": [ 14.8, -21.7855, 0.609 ],
									"rotationX": -90.0,
									"faces": {
										"north": { "texture": "#wood", "uv": [ 0.0, 0.0, 1.0, 8.0 ] },
										"east": { "texture": "#wood", "uv": [ 2.0, 2.0, 3.0, 10.0 ], "windMode": [-1,-1,-1,-1], "windData": [1,1,1,1] },
										"south": { "texture": "#wood", "uv": [ 0.0, 0.0, 1.0, 8.0 ] },
										"west": { "texture": "#wood", "uv": [ 0.0, 0.0, 1.0, 8.0 ] },
										"up": { "texture": "#wood", "uv": [ 0.0, 0.0, 1.0, 1.0 ] },
										"down": { "texture": "#wood", "uv": [ 0.0, 0.0, 1.0, 1.0 ] }
									}
								},
								{
									"name": "Cube55",
									"from": [ 14.8, -27.7855, 25.609 ],
									"to": [ 15.8, -18.7855, 26.609 ],
									"rotationOrigin": [ 14.8, -21.7855, 0.609 ],
									"rotationX": -90.0,
									"faces": {
										"north": { "texture": "#wood", "uv": [ 0.0, 0.0, 1.0, 9.0 ] },
										"east": { "texture": "#wood", "uv": [ 3.0, 1.0, 4.0, 10.0 ], "windMode": [-1,-1,-1,-1], "windData": [1,1,1,1] },
										"south": { "texture": "#wood", "uv": [ 0.0, 0.0, 1.0, 9.0 ] },
										"west": { "texture": "#wood", "uv": [ 0.0, 0.0, 1.0, 9.0 ] },
										"up": { "texture": "#wood", "uv": [ 0.0, 0.0, 1.0, 1.0 ] },
										"down": { "texture": "#wood", "uv": [ 0.0, 0.0, 1.0, 1.0 ] }
									}
								},
								{
									"name": "Cube56",
									"from": [ 14.8, -27.7855, 27.609 ],
									"to": [ 15.8, -20.7855, 28.609 ],
									"rotationOrigin": [ 14.8, -21.7855, 0.609 ],
									"rotationX": -90.0,
									"faces": {
										"north": { "texture": "#wood", "uv": [ 0.0, 0.0, 1.0, 7.0 ] },
										"east": { "texture": "#wood", "uv": [ 4.0, 3.0, 5.0, 10.0 ], "windMode": [-1,-1,-1,-1], "windData": [1,1,1,1] },
										"south": { "texture": "#wood", "uv": [ 0.0, 0.0, 1.0, 7.0 ] },
										"west": { "texture": "#wood", "uv": [ 0.0, 0.0, 1.0, 7.0 ] },
										"up": { "texture": "#wood", "uv": [ 0.0, 0.0, 1.0, 1.0 ] },
										"down": { "texture": "#wood", "uv": [ 0.0, 0.0, 1.0, 1.0 ] }
									}
								},
								{
									"name": "Cube57",
									"from": [ 14.8, -27.7855, 28.609 ],
									"to": [ 15.8, -22.2855, 29.609 ],
									"rotationOrigin": [ 14.8, -21.7855, 0.609 ],
									"rotationX": -90.0,
									"faces": {
										"north": { "texture": "#wood", "uv": [ 0.0, 0.0, 1.0, 5.5 ] },
										"east": { "texture": "#wood", "uv": [ 5.0, 4.0, 6.0, 9.5 ], "windMode": [-1,-1,-1,-1], "windData": [1,1,1,1] },
										"south": { "texture": "#wood", "uv": [ 0.0, 0.0, 1.0, 5.5 ] },
										"west": { "texture": "#wood", "uv": [ 0.0, 0.0, 1.0, 5.5 ] },
										"up": { "texture": "#wood", "uv": [ 0.0, 0.0, 1.0, 1.0 ] },
										"down": { "texture": "#wood", "uv": [ 0.0, 0.0, 1.0, 1.0 ] }
									}
								},
								{
									"name": "Cube58",
									"from": [ 14.8, -27.7855, 29.609 ],
									"to": [ 15.8, -24.8855, 30.609 ],
									"rotationOrigin": [ 14.8, -21.7855, 0.609 ],
									"rotationX": -90.0,
									"faces": {
										"north": { "texture": "#wood", "uv": [ 0.0, 0.0, 1.0, 2.5 ] },
										"east": { "texture": "#wood", "uv": [ 0.0, 0.0, 1.0, 2.5 ] },
										"south": { "texture": "#wood", "uv": [ 0.0, 0.0, 1.0, 2.5 ] },
										"west": { "texture": "#wood", "uv": [ 0.0, 0.0, 1.0, 2.5 ] },
										"up": { "texture": "#wood", "uv": [ 0.0, 0.0, 1.0, 1.0 ] },
										"down": { "texture": "#wood", "uv": [ 0.0, 0.0, 1.0, 1.0 ] }
									}
								}
							]
						},
						{
							"name": "floor_base2",
							"from": [ -0.7, 32.0, 0.0 ],
							"to": [ -0.7, 32.0, 0.0 ],
							"rotationOrigin": [ 5.9, 8.0, 8.0 ],
							"rotationX": 180.0,
							"faces": {
								"north": { "texture": "#cloth", "uv": [ 0.0, 0.0, 0.5, 0.5 ], "enabled": false },
								"east": { "texture": "#cloth", "uv": [ 0.0, 0.0, 0.5, 0.5 ], "enabled": false },
								"south": { "texture": "#cloth", "uv": [ 0.0, 0.0, 0.5, 0.5 ], "enabled": false },
								"west": { "texture": "#cloth", "uv": [ 0.0, 0.0, 0.5, 0.5 ], "enabled": false },
								"up": { "texture": "#cloth", "uv": [ 0.0, 0.0, 0.5, 0.5 ], "enabled": false },
								"down": { "texture": "#cloth", "uv": [ 0.0, 0.0, 0.5, 0.5 ], "enabled": false }
							},
							"children": [
								{
									"name": "Cube59",
									"from": [ 14.8, -27.7855, -0.391 ],
									"to": [ 15.8, -21.7855, 0.609 ],
									"rotationOrigin": [ 14.8, -21.7855, 0.609 ],
									"rotationX": -90.0,
									"faces": {
										"north": { "texture": "#wood", "uv": [ 0.0, 0.0, 1.0, 6.0 ] },
										"east": { "texture": "#wood", "uv": [ 15.0, 6.0, 16.0, 12.0 ], "windMode": [-1,-1,-1,-1], "windData": [1,1,1,1] },
										"south": { "texture": "#wood", "uv": [ 0.0, 0.0, 1.0, 6.0 ] },
										"west": { "texture": "#wood", "uv": [ 0.0, 0.0, 1.0, 6.0 ] },
										"up": { "texture": "#wood", "uv": [ 0.0, 0.0, 1.0, 1.0 ] },
										"down": { "texture": "#wood", "uv": [ 0.0, 0.0, 1.0, 1.0 ] }
									}
								},
								{
									"name": "Cube60",
									"from": [ 14.8, -27.7855, -1.391 ],
									"to": [ 15.8, -24.0855, -0.391 ],
									"rotationOrigin": [ 14.8, -21.7855, 0.609 ],
									"rotationX": -90.0,
									"faces": {
										"north": { "texture": "#wood", "uv": [ 0.0, 0.0, 1.0, 3.5 ] },
										"east": { "texture": "#wood", "uv": [ 14.0, 4.0, 15.0, 7.5 ], "windMode": [-1,-1,-1,-1], "windData": [1,1,1,1] },
										"south": { "texture": "#wood", "uv": [ 0.0, 0.0, 1.0, 3.5 ] },
										"west": { "texture": "#wood", "uv": [ 0.0, 0.0, 1.0, 3.5 ] },
										"up": { "texture": "#wood", "uv": [ 0.0, 0.0, 1.0, 1.0 ] },
										"down": { "texture": "#wood", "uv": [ 0.0, 0.0, 1.0, 1.0 ] }
									}
								},
								{
									"name": "Cube61",
									"from": [ 14.8, -27.7855, -2.391 ],
									"to": [ 15.8, -26.5855, -1.391 ],
									"rotationOrigin": [ 14.8, -21.7855, 0.609 ],
									"rotationX": -90.0,
									"faces": {
										"north": { "texture": "#wood", "uv": [ 0.0, 0.0, 1.0, 1.0 ] },
										"east": { "texture": "#wood", "uv": [ 0.0, 0.0, 1.0, 1.0 ] },
										"south": { "texture": "#wood", "uv": [ 0.0, 0.0, 1.0, 1.0 ] },
										"west": { "texture": "#wood", "uv": [ 0.0, 0.0, 1.0, 1.0 ] },
										"up": { "texture": "#wood", "uv": [ 0.0, 0.0, 1.0, 1.0 ] },
										"down": { "texture": "#wood", "uv": [ 0.0, 0.0, 1.0, 1.0 ] }
									}
								},
								{
									"name": "Cube62",
									"from": [ 14.8, -27.7855, 0.609 ],
									"to": [ 15.8, -20.7855, 1.609 ],
									"rotationOrigin": [ 14.8, -21.7855, 0.609 ],
									"rotationX": -90.0,
									"faces": {
										"north": { "texture": "#wood", "uv": [ 0.0, 0.0, 1.0, 7.0 ] },
										"east": { "texture": "#wood", "uv": [ 13.0, 3.0, 14.0, 10.0 ], "windMode": [-1,-1,-1,-1], "windData": [1,1,1,1] },
										"south": { "texture": "#wood", "uv": [ 0.0, 0.0, 1.0, 7.0 ] },
										"west": { "texture": "#wood", "uv": [ 0.0, 0.0, 1.0, 7.0 ] },
										"up": { "texture": "#wood", "uv": [ 0.0, 0.0, 1.0, 1.0 ] },
										"down": { "texture": "#wood", "uv": [ 0.0, 0.0, 1.0, 1.0 ] }
									}
								},
								{
									"name": "Cube63",
									"from": [ 14.8, -27.7855, 1.609 ],
									"to": [ 15.8, -19.7855, 2.609 ],
									"rotationOrigin": [ 14.8, -21.7855, 0.609 ],
									"rotationX": -90.0,
									"faces": {
										"north": { "texture": "#wood", "uv": [ 0.0, 0.0, 1.0, 8.0 ] },
										"east": { "texture": "#wood", "uv": [ 12.0, 2.0, 13.0, 10.0 ], "windMode": [-1,-1,-1,-1], "windData": [1,1,1,1] },
										"south": { "texture": "#wood", "uv": [ 0.0, 0.0, 1.0, 8.0 ] },
										"west": { "texture": "#wood", "uv": [ 0.0, 0.0, 1.0, 8.0 ] },
										"up": { "texture": "#wood", "uv": [ 0.0, 0.0, 1.0, 1.0 ] },
										"down": { "texture": "#wood", "uv": [ 0.0, 0.0, 1.0, 1.0 ] }
									}
								},
								{
									"name": "Cube64",
									"from": [ 14.8, -27.7855, 2.609 ],
									"to": [ 15.8, -18.7855, 3.609 ],
									"rotationOrigin": [ 14.8, -21.7855, 0.609 ],
									"rotationX": -90.0,
									"faces": {
										"north": { "texture": "#wood", "uv": [ 0.0, 0.0, 1.0, 9.0 ] },
										"east": { "texture": "#wood", "uv": [ 11.0, 1.0, 12.0, 10.0 ], "windMode": [-1,-1,-1,-1], "windData": [1,1,1,1] },
										"south": { "texture": "#wood", "uv": [ 0.0, 0.0, 1.0, 9.0 ] },
										"west": { "texture": "#wood", "uv": [ 0.0, 0.0, 1.0, 9.0 ] },
										"up": { "texture": "#wood", "uv": [ 0.0, 0.0, 1.0, 1.0 ] },
										"down": { "texture": "#wood", "uv": [ 0.0, 0.0, 1.0, 1.0 ] }
									}
								},
								{
									"name": "Cube65",
									"from": [ 14.8, -27.7855, 3.609 ],
									"to": [ 15.8, -17.7855, 4.609 ],
									"rotationOrigin": [ 14.8, -21.7855, 0.609 ],
									"rotationX": -90.0,
									"faces": {
										"north": { "texture": "#wood", "uv": [ 0.0, 0.0, 1.0, 10.0 ] },
										"east": { "texture": "#wood", "uv": [ 10.0, 0.0, 11.0, 10.0 ], "windMode": [-1,-1,-1,-1], "windData": [1,1,1,1] },
										"south": { "texture": "#wood", "uv": [ 0.0, 0.0, 1.0, 10.0 ], "windMode": [-1,-1,-1,-1], "windData": [1,1,1,1] },
										"west": { "texture": "#wood", "uv": [ 0.0, 0.0, 1.0, 10.0 ] },
										"up": { "texture": "#wood", "uv": [ 0.0, 0.0, 1.0, 1.0 ] },
										"down": { "texture": "#wood", "uv": [ 0.0, 0.0, 1.0, 1.0 ] }
									}
								},
								{
									"name": "Cube66",
									"from": [ 14.8, -27.7855, 4.609 ],
									"to": [ 15.8, -17.7855, 14.609 ],
									"rotationOrigin": [ 14.8, -21.7855, 0.609 ],
									"rotationX": -90.0,
									"faces": {
										"north": { "texture": "#wood", "uv": [ 0.0, 0.0, 1.0, 10.0 ] },
										"east": { "texture": "#wood", "uv": [ 0.0, 0.0, 10.0, 10.0 ] },
										"south": { "texture": "#wood", "uv": [ 0.0, 0.0, 1.0, 10.0 ] },
										"west": { "texture": "#wood", "uv": [ 0.0, 0.0, 10.0, 10.0 ] },
										"up": { "texture": "#wood", "uv": [ 0.0, 0.0, 1.0, 10.0 ] },
										"down": { "texture": "#wood", "uv": [ 0.0, 0.0, 1.0, 10.0 ] }
									}
								},
								{
									"name": "Cube67",
									"from": [ 14.8, -27.7855, 14.609 ],
									"to": [ 15.8, -17.7855, 24.609 ],
									"rotationOrigin": [ -4.2, -21.7855, 0.609 ],
									"rotationX": -90.0,
									"faces": {
										"north": { "texture": "#wood", "uv": [ 0.0, 0.0, 1.0, 10.0 ] },
										"east": { "texture": "#wood", "uv": [ 6.0, 0.0, 16.0, 10.0 ] },
										"south": { "texture": "#wood", "uv": [ 0.0, 0.0, 1.0, 10.0 ] },
										"west": { "texture": "#wood", "uv": [ 0.0, 0.0, 10.0, 10.0 ] },
										"up": { "texture": "#wood", "uv": [ 0.0, 0.0, 1.0, 10.0 ] },
										"down": { "texture": "#wood", "uv": [ 0.0, 0.0, 1.0, 10.0 ] }
									}
								},
								{
									"name": "Cube68",
									"from": [ 14.8, -17.7855, 4.609 ],
									"to": [ 15.8, -16.8855, 14.609 ],
									"rotationOrigin": [ 14.8, -21.7855, 0.609 ],
									"rotationX": -90.0,
									"faces": {
										"north": { "texture": "#wood", "uv": [ 0.0, 0.0, 1.0, 0.5 ] },
										"east": { "texture": "#wood", "uv": [ 0.0, 15.0, 10.0, 16.0 ], "autoUv": false, "windMode": [-1,-1,-1,-1], "windData": [1,1,1,1] },
										"south": { "texture": "#wood", "uv": [ 0.0, 0.0, 1.0, 0.5 ] },
										"west": { "texture": "#wood", "uv": [ 0.0, 0.0, 10.0, 0.5 ] },
										"up": { "texture": "#wood", "uv": [ 0.0, 0.0, 1.0, 10.0 ] },
										"down": { "texture": "#wood", "uv": [ 0.0, 0.0, 1.0, 10.0 ] }
									}
								},
								{
									"name": "Cube69",
									"from": [ 14.8, -16.8238, 7.2014 ],
									"to": [ 15.8, -15.8238, 14.7014 ],
									"rotationOrigin": [ 14.8, -21.8238, 0.7014 ],
									"rotationX": -90.0,
									"faces": {
										"north": { "texture": "#wood", "uv": [ 0.0, 0.0, 1.0, 1.0 ] },
										"east": { "texture": "#wood", "uv": [ 0.0, 14.0, 7.5, 15.0 ], "windMode": [-1,-1,-1,-1], "windData": [1,1,1,1] },
										"south": { "texture": "#wood", "uv": [ 0.0, 0.0, 1.0, 1.0 ] },
										"west": { "texture": "#wood", "uv": [ 0.0, 0.0, 7.5, 1.0 ] },
										"up": { "texture": "#wood", "uv": [ 0.0, 0.0, 1.0, 7.5 ] },
										"down": { "texture": "#wood", "uv": [ 0.0, 0.0, 1.0, 7.5 ] }
									}
								},
								{
									"name": "Cube70",
									"from": [ 14.8, -16.8238, 14.7014 ],
									"to": [ 15.8, -15.8238, 22.0014 ],
									"rotationOrigin": [ 14.8, -21.8238, 0.7014 ],
									"rotationX": -90.0,
									"faces": {
										"north": { "texture": "#wood", "uv": [ 0.0, 0.0, 1.0, 1.0 ] },
										"east": { "texture": "#wood", "uv": [ 0.0, 0.0, 7.0, 1.0 ] },
										"south": { "texture": "#wood", "uv": [ 0.0, 0.0, 1.0, 1.0 ] },
										"west": { "texture": "#wood", "uv": [ 0.0, 0.0, 7.0, 1.0 ] },
										"up": { "texture": "#wood", "uv": [ 0.0, 0.0, 1.0, 7.0 ] },
										"down": { "texture": "#wood", "uv": [ 0.0, 0.0, 1.0, 7.0 ] }
									}
								},
								{
									"name": "Cube71",
									"from": [ 14.8, -17.7855, 14.609 ],
									"to": [ 15.8, -16.8855, 24.309 ],
									"rotationOrigin": [ 14.8, -21.7855, 0.609 ],
									"rotationX": -90.0,
									"faces": {
										"north": { "texture": "#wood", "uv": [ 0.0, 0.0, 1.0, 0.5 ] },
										"east": { "texture": "#wood", "uv": [ 6.0, 15.0, 16.0, 16.0 ], "autoUv": false, "windMode": [-1,-1,-1,-1], "windData": [1,1,1,1] },
										"south": { "texture": "#wood", "uv": [ 0.0, 0.0, 1.0, 0.5 ] },
										"west": { "texture": "#wood", "uv": [ 0.0, 0.0, 9.5, 0.5 ] },
										"up": { "texture": "#wood", "uv": [ 0.0, 0.0, 1.0, 9.5 ] },
										"down": { "texture": "#wood", "uv": [ 0.0, 0.0, 1.0, 9.5 ] }
									}
								},
								{
									"name": "Cube72",
									"from": [ 14.8, -27.7855, 24.609 ],
									"to": [ 15.8, -17.7855, 25.609 ],
									"rotationOrigin": [ 14.8, -21.7855, 0.609 ],
									"rotationX": -90.0,
									"faces": {
										"north": { "texture": "#wood", "uv": [ 0.0, 0.0, 1.0, 10.0 ] },
										"east": { "texture": "#wood", "uv": [ 0.0, 0.0, 1.0, 10.0 ] },
										"south": { "texture": "#wood", "uv": [ 0.0, 0.0, 1.0, 10.0 ] },
										"west": { "texture": "#wood", "uv": [ 0.0, 0.0, 1.0, 10.0 ] },
										"up": { "texture": "#wood", "uv": [ 0.0, 0.0, 1.0, 1.0 ] },
										"down": { "texture": "#wood", "uv": [ 0.0, 0.0, 1.0, 1.0 ] }
									}
								},
								{
									"name": "Cube73",
									"from": [ 14.8, -27.7855, 26.609 ],
									"to": [ 15.8, -19.7855, 27.609 ],
									"rotationOrigin": [ 14.8, -21.7855, 0.609 ],
									"rotationX": -90.0,
									"faces": {
										"north": { "texture": "#wood", "uv": [ 0.0, 0.0, 1.0, 8.0 ] },
										"east": { "texture": "#wood", "uv": [ 2.0, 2.0, 3.0, 10.0 ], "windMode": [-1,-1,-1,-1], "windData": [1,1,1,1] },
										"south": { "texture": "#wood", "uv": [ 0.0, 0.0, 1.0, 8.0 ] },
										"west": { "texture": "#wood", "uv": [ 0.0, 0.0, 1.0, 8.0 ] },
										"up": { "texture": "#wood", "uv": [ 0.0, 0.0, 1.0, 1.0 ] },
										"down": { "texture": "#wood", "uv": [ 0.0, 0.0, 1.0, 1.0 ] }
									}
								},
								{
									"name": "Cube74",
									"from": [ 14.8, -27.7855, 25.609 ],
									"to": [ 15.8, -18.7855, 26.609 ],
									"rotationOrigin": [ 14.8, -21.7855, 0.609 ],
									"rotationX": -90.0,
									"faces": {
										"north": { "texture": "#wood", "uv": [ 0.0, 0.0, 1.0, 9.0 ] },
										"east": { "texture": "#wood", "uv": [ 3.0, 1.0, 4.0, 10.0 ], "windMode": [-1,-1,-1,-1], "windData": [1,1,1,1] },
										"south": { "texture": "#wood", "uv": [ 0.0, 0.0, 1.0, 9.0 ] },
										"west": { "texture": "#wood", "uv": [ 0.0, 0.0, 1.0, 9.0 ] },
										"up": { "texture": "#wood", "uv": [ 0.0, 0.0, 1.0, 1.0 ] },
										"down": { "texture": "#wood", "uv": [ 0.0, 0.0, 1.0, 1.0 ] }
									}
								},
								{
									"name": "Cube75",
									"from": [ 14.8, -27.7855, 27.609 ],
									"to": [ 15.8, -20.7855, 28.609 ],
									"rotationOrigin": [ 14.8, -21.7855, 0.609 ],
									"rotationX": -90.0,
									"faces": {
										"north": { "texture": "#wood", "uv": [ 0.0, 0.0, 1.0, 7.0 ] },
										"east": { "texture": "#wood", "uv": [ 4.0, 3.0, 5.0, 10.0 ], "windMode": [-1,-1,-1,-1], "windData": [1,1,1,1] },
										"south": { "texture": "#wood", "uv": [ 0.0, 0.0, 1.0, 7.0 ] },
										"west": { "texture": "#wood", "uv": [ 0.0, 0.0, 1.0, 7.0 ] },
										"up": { "texture": "#wood", "uv": [ 0.0, 0.0, 1.0, 1.0 ] },
										"down": { "texture": "#wood", "uv": [ 0.0, 0.0, 1.0, 1.0 ] }
									}
								},
								{
									"name": "Cube76",
									"from": [ 14.8, -27.7855, 28.609 ],
									"to": [ 15.8, -22.2855, 29.609 ],
									"rotationOrigin": [ 14.8, -21.7855, 0.609 ],
									"rotationX": -90.0,
									"faces": {
										"north": { "texture": "#wood", "uv": [ 0.0, 0.0, 1.0, 5.5 ] },
										"east": { "texture": "#wood", "uv": [ 5.0, 4.0, 6.0, 9.5 ], "windMode": [-1,-1,-1,-1], "windData": [1,1,1,1] },
										"south": { "texture": "#wood", "uv": [ 0.0, 0.0, 1.0, 5.5 ] },
										"west": { "texture": "#wood", "uv": [ 0.0, 0.0, 1.0, 5.5 ] },
										"up": { "texture": "#wood", "uv": [ 0.0, 0.0, 1.0, 1.0 ] },
										"down": { "texture": "#wood", "uv": [ 0.0, 0.0, 1.0, 1.0 ] }
									}
								},
								{
									"name": "Cube77",
									"from": [ 14.8, -27.7855, 29.609 ],
									"to": [ 15.8, -24.8855, 30.609 ],
									"rotationOrigin": [ 14.8, -21.7855, 0.609 ],
									"rotationX": -90.0,
									"faces": {
										"north": { "texture": "#wood", "uv": [ 0.0, 0.0, 1.0, 2.5 ] },
										"east": { "texture": "#wood", "uv": [ 0.0, 0.0, 1.0, 2.5 ] },
										"south": { "texture": "#wood", "uv": [ 0.0, 0.0, 1.0, 2.5 ] },
										"west": { "texture": "#wood", "uv": [ 0.0, 0.0, 1.0, 2.5 ] },
										"up": { "texture": "#wood", "uv": [ 0.0, 0.0, 1.0, 1.0 ] },
										"down": { "texture": "#wood", "uv": [ 0.0, 0.0, 1.0, 1.0 ] }
									}
								}
							]
						}
					]
				},
				{
					"name": "axles",
					"from": [ 0.0, 0.0, 0.0 ],
					"to": [ 0.0, 0.0, 0.0 ],
					"faces": {
						"north": { "texture": "#cloth", "uv": [ 0.0, 0.0, 0.5, 0.5 ], "enabled": false },
						"east": { "texture": "#cloth", "uv": [ 0.0, 0.0, 0.5, 0.5 ], "enabled": false },
						"south": { "texture": "#cloth", "uv": [ 0.0, 0.0, 0.5, 0.5 ], "enabled": false },
						"west": { "texture": "#cloth", "uv": [ 0.0, 0.0, 0.5, 0.5 ], "enabled": false },
						"up": { "texture": "#cloth", "uv": [ 0.0, 0.0, 0.5, 0.5 ], "enabled": false },
						"down": { "texture": "#cloth", "uv": [ 0.0, 0.0, 0.5, 0.5 ], "enabled": false }
					},
					"children": [
						{
							"name": "axle_1",
							"from": [ 0.0, 0.0, 0.0 ],
							"to": [ 0.0, 0.0, 0.0 ],
							"faces": {
								"north": { "texture": "#cloth", "uv": [ 0.0, 0.0, 0.5, 0.5 ], "enabled": false },
								"east": { "texture": "#cloth", "uv": [ 0.0, 0.0, 0.5, 0.5 ], "enabled": false },
								"south": { "texture": "#cloth", "uv": [ 0.0, 0.0, 0.5, 0.5 ], "enabled": false },
								"west": { "texture": "#cloth", "uv": [ 0.0, 0.0, 0.5, 0.5 ], "enabled": false },
								"up": { "texture": "#cloth", "uv": [ 0.0, 0.0, 0.5, 0.5 ], "enabled": false },
								"down": { "texture": "#cloth", "uv": [ 0.0, 0.0, 0.5, 0.5 ], "enabled": false }
							},
							"children": [
								{
									"name": "hori",
									"from": [ 0.01, 6.5, 5.01 ],
									"to": [ 12.0, 9.5, 6.51 ],
									"faces": {
										"north": { "texture": "#wood", "uv": [ 2.5, 4.0, 14.5, 7.0 ], "autoUv": false },
										"east": { "texture": "#wood", "uv": [ 8.0, 10.5, 9.5, 13.5 ] },
										"south": { "texture": "#null", "uv": [ 0.0, 0.0, 11.5, 3.0 ], "enabled": false },
										"west": { "texture": "#wood", "uv": [ 9.5, 4.0, 11.0, 7.0 ] },
										"up": { "texture": "#wood", "uv": [ 2.0, 0.0, 14.0, 1.5 ], "autoUv": false },
										"down": { "texture": "#wood", "uv": [ 2.5, 1.5, 14.5, 3.0 ], "autoUv": false }
									}
								},
								{
									"name": "verti",
									"from": [ 0.0, 5.0, 6.5 ],
									"to": [ 12.01, 11.0, 9.5 ],
									"faces": {
										"north": { "texture": "#wood", "uv": [ 2.0, 2.0, 14.0, 8.0 ] },
										"east": { "texture": "#wood", "uv": [ 2.0, 3.0, 5.0, 9.0 ] },
										"south": { "texture": "#wood", "uv": [ 0.0, 2.5, 12.0, 8.5 ] },
										"west": { "texture": "#wood", "uv": [ 7.5, 3.5, 10.5, 9.5 ] },
										"up": { "texture": "#wood", "uv": [ 2.0, 6.0, 14.0, 9.0 ] },
										"down": { "texture": "#wood", "uv": [ 1.5, 6.0, 13.5, 9.0 ] }
									}
								},
								{
									"name": "hori-r",
									"from": [ 0.01, 6.5, 9.49 ],
									"to": [ 12.0, 9.5, 10.99 ],
									"rotationOrigin": [ 0.0, 0.0, 5.0 ],
									"faces": {
										"north": { "texture": "#null", "uv": [ 0.0, 0.0, 11.5, 3.0 ], "enabled": false },
										"east": { "texture": "#wood", "uv": [ 4.5, 4.0, 6.0, 7.0 ] },
										"south": { "texture": "#wood", "uv": [ 2.0, 6.5, 14.0, 9.5 ], "autoUv": false },
										"west": { "texture": "#wood", "uv": [ 13.5, 3.5, 15.0, 6.5 ] },
										"up": { "texture": "#wood", "uv": [ 1.5, 8.0, 13.5, 9.5 ], "autoUv": false },
										"down": { "texture": "#wood", "uv": [ 0.0, 7.0, 12.0, 8.5 ], "autoUv": false }
									}
								},
								{
									"name": "reinforce1",
									"from": [ 4.0, 4.5, 6.0 ],
									"to": [ 11.01, 11.5, 10.0 ],
									"rotationOrigin": [ 4.0, -0.5, -0.5 ],
									"faces": {
										"north": { "texture": "#iron", "uv": [ 9.0, 1.5, 16.0, 8.5 ] },
										"east": { "texture": "#iron", "uv": [ 1.5, 2.5, 5.5, 9.5 ] },
										"south": { "texture": "#iron", "uv": [ 11.0, 2.5, 18.0, 9.5 ] },
										"west": { "texture": "#iron", "uv": [ 0.5, 3.5, 4.5, 10.5 ] },
										"up": { "texture": "#iron", "uv": [ 0.5, 8.0, 7.5, 12.0 ] },
										"down": { "texture": "#iron", "uv": [ 4.5, 10.5, 11.5, 14.5 ] }
									}
								},
								{
									"name": "reinforce2",
									"from": [ 4.01, 6.0, 9.98 ],
									"to": [ 11.0, 10.0, 11.48 ],
									"rotationOrigin": [ 4.0, -0.5, 5.5 ],
									"faces": {
										"north": { "texture": "#null", "uv": [ 0.0, 0.0, 6.5, 4.0 ], "enabled": false },
										"east": { "texture": "#iron", "uv": [ 8.5, 5.5, 10.0, 9.5 ] },
										"south": { "texture": "#iron", "uv": [ 3.5, 4.5, 6.5, 7.5 ], "autoUv": false },
										"west": { "texture": "#iron", "uv": [ 10.5, 6.5, 12.0, 10.5 ] },
										"up": { "texture": "#iron", "uv": [ 1.5, 2.5, 4.5, 4.0 ], "autoUv": false },
										"down": { "texture": "#iron", "uv": [ 0.5, 4.0, 3.5, 5.5 ], "autoUv": false }
									}
								},
								{
									"name": "reinforce3",
									"from": [ 4.01, 6.0, 4.5 ],
									"to": [ 11.0, 10.0, 6.0 ],
									"rotationOrigin": [ 4.0, -0.5, 0.0 ],
									"faces": {
										"north": { "texture": "#iron", "uv": [ 3.0, 6.0, 6.0, 9.0 ], "autoUv": false },
										"east": { "texture": "#iron", "uv": [ 8.5, 9.0, 10.0, 13.0 ] },
										"south": { "texture": "#null", "uv": [ 0.0, 0.0, 6.5, 4.0 ], "enabled": false },
										"west": { "texture": "#iron", "uv": [ 9.0, 1.5, 10.5, 5.5 ] },
										"up": { "texture": "#iron", "uv": [ 1.5, 7.0, 5.0, 8.5 ], "autoUv": false },
										"down": { "texture": "#iron", "uv": [ 3.0, 10.5, 7.0, 12.0 ], "autoUv": false }
									}
								}
							]
						},
						{
							"name": "axle_9",
							"from": [ 0.0, 1.0E-4, 0.0 ],
							"to": [ 0.0, 1.0E-4, 0.0 ],
							"faces": {
								"north": { "texture": "#cloth", "uv": [ 0.0, 0.0, 0.5, 0.5 ], "enabled": false },
								"east": { "texture": "#cloth", "uv": [ 0.0, 0.0, 0.5, 0.5 ], "enabled": false },
								"south": { "texture": "#cloth", "uv": [ 0.0, 0.0, 0.5, 0.5 ], "enabled": false },
								"west": { "texture": "#cloth", "uv": [ 0.0, 0.0, 0.5, 0.5 ], "enabled": false },
								"up": { "texture": "#cloth", "uv": [ 0.0, 0.0, 0.5, 0.5 ], "enabled": false },
								"down": { "texture": "#cloth", "uv": [ 0.0, 0.0, 0.5, 0.5 ], "enabled": false }
							},
							"children": [
								{
									"name": "hori8",
									"from": [ 12.01, 6.5, 5.01 ],
									"to": [ 28.0, 9.5, 6.51 ],
									"rotationOrigin": [ 12.0, 0.0, 0.0 ],
									"faces": {
										"north": { "texture": "#wood", "uv": [ 2.5, 4.0, 14.5, 7.0 ], "autoUv": false },
										"east": { "texture": "#wood", "uv": [ 8.0, 10.5, 9.5, 13.5 ] },
										"south": { "texture": "#null", "uv": [ 0.0, 0.0, 15.5, 3.0 ], "enabled": false },
										"west": { "texture": "#wood", "uv": [ 9.5, 4.0, 11.0, 7.0 ] },
										"up": { "texture": "#wood", "uv": [ 2.0, 0.0, 14.0, 1.5 ], "autoUv": false },
										"down": { "texture": "#wood", "uv": [ 2.5, 1.5, 14.5, 3.0 ], "autoUv": false }
									}
								},
								{
									"name": "verti8",
									"from": [ 12.0, 5.0, 6.5 ],
									"to": [ 28.01, 11.0, 9.5 ],
									"rotationOrigin": [ 12.0, 0.0, 0.0 ],
									"faces": {
										"north": { "texture": "#wood", "uv": [ 2.0, 2.0, 18.0, 8.0 ] },
										"east": { "texture": "#wood", "uv": [ 2.0, 3.0, 5.0, 9.0 ] },
										"south": { "texture": "#wood", "uv": [ 0.0, 2.5, 16.0, 8.5 ] },
										"west": { "texture": "#wood", "uv": [ 7.5, 3.5, 10.5, 9.5 ] },
										"up": { "texture": "#wood", "uv": [ 2.0, 6.0, 18.0, 9.0 ] },
										"down": { "texture": "#wood", "uv": [ 1.5, 6.0, 17.5, 9.0 ] }
									}
								},
								{
									"name": "hori-r8",
									"from": [ 12.01, 6.5, 9.49 ],
									"to": [ 28.0, 9.5, 10.99 ],
									"rotationOrigin": [ 12.0, 0.0, 5.0 ],
									"faces": {
										"north": { "texture": "#null", "uv": [ 0.0, 0.0, 15.5, 3.0 ], "enabled": false },
										"east": { "texture": "#wood", "uv": [ 4.5, 4.0, 6.0, 7.0 ] },
										"south": { "texture": "#wood", "uv": [ 2.0, 6.5, 14.0, 9.5 ], "autoUv": false },
										"west": { "texture": "#wood", "uv": [ 13.5, 3.5, 15.0, 6.5 ] },
										"up": { "texture": "#wood", "uv": [ 1.5, 8.0, 13.5, 9.5 ], "autoUv": false },
										"down": { "texture": "#wood", "uv": [ 0.0, 7.0, 12.0, 8.5 ], "autoUv": false }
									}
								},
								{
									"name": "reinforcements8",
									"from": [ -1.0, 0.0, 0.0 ],
									"to": [ -1.0, 0.0, 0.0 ],
									"rotationOrigin": [ -1.0, 0.0, 0.0 ],
									"faces": {
										"north": { "texture": "#cloth", "uv": [ 0.0, 0.0, 0.5, 0.5 ], "enabled": false },
										"east": { "texture": "#cloth", "uv": [ 0.0, 0.0, 0.5, 0.5 ], "enabled": false },
										"south": { "texture": "#cloth", "uv": [ 0.0, 0.0, 0.5, 0.5 ], "enabled": false },
										"west": { "texture": "#cloth", "uv": [ 0.0, 0.0, 0.5, 0.5 ], "enabled": false },
										"up": { "texture": "#cloth", "uv": [ 0.0, 0.0, 0.5, 0.5 ], "enabled": false },
										"down": { "texture": "#cloth", "uv": [ 0.0, 0.0, 0.5, 0.5 ], "enabled": false }
									},
									"children": [
										{
											"name": "reinforce24",
											"from": [ 23.0, 4.5, 6.0 ],
											"to": [ 27.01, 11.5, 10.0 ],
											"rotationOrigin": [ 23.0, -0.5, -0.5 ],
											"faces": {
												"north": { "texture": "#iron", "uv": [ 9.0, 1.5, 13.0, 8.5 ] },
												"east": { "texture": "#iron", "uv": [ 1.5, 2.5, 5.5, 9.5 ] },
												"south": { "texture": "#iron", "uv": [ 11.0, 2.5, 15.0, 9.5 ] },
												"west": { "texture": "#iron", "uv": [ 0.5, 3.5, 4.5, 10.5 ] },
												"up": { "texture": "#iron", "uv": [ 0.5, 8.0, 4.5, 12.0 ] },
												"down": { "texture": "#iron", "uv": [ 4.5, 10.5, 8.5, 14.5 ] }
											}
										},
										{
											"name": "reinforce25",
											"from": [ 23.01, 6.0, 9.98 ],
											"to": [ 27.0, 10.0, 11.48 ],
											"rotationOrigin": [ 23.0, -0.5, 5.5 ],
											"faces": {
												"north": { "texture": "#null", "uv": [ 0.0, 0.0, 3.5, 4.0 ], "enabled": false },
												"east": { "texture": "#iron", "uv": [ 8.5, 5.5, 10.0, 9.5 ] },
												"south": { "texture": "#iron", "uv": [ 3.5, 4.5, 6.5, 7.5 ], "autoUv": false },
												"west": { "texture": "#iron", "uv": [ 10.5, 6.5, 12.0, 10.5 ] },
												"up": { "texture": "#iron", "uv": [ 1.5, 2.5, 4.5, 4.0 ], "autoUv": false },
												"down": { "texture": "#iron", "uv": [ 0.5, 4.0, 3.5, 5.5 ], "autoUv": false }
											}
										},
										{
											"name": "reinforce26",
											"from": [ 23.01, 6.0, 4.5 ],
											"to": [ 27.0, 10.0, 6.0 ],
											"rotationOrigin": [ 23.0, -0.5, 0.0 ],
											"faces": {
												"north": { "texture": "#iron", "uv": [ 3.0, 6.0, 6.0, 9.0 ], "autoUv": false },
												"east": { "texture": "#iron", "uv": [ 8.5, 9.0, 10.0, 13.0 ] },
												"south": { "texture": "#null", "uv": [ 0.0, 0.0, 3.5, 4.0 ], "enabled": false },
												"west": { "texture": "#iron", "uv": [ 9.0, 1.5, 10.5, 5.5 ] },
												"up": { "texture": "#iron", "uv": [ 1.5, 7.0, 5.0, 8.5 ], "autoUv": false },
												"down": { "texture": "#iron", "uv": [ 3.0, 10.5, 7.0, 12.0 ], "autoUv": false }
											}
										}
									]
								}
							]
						}
					]
				}
			]
		}
	]}