{
  "code": "dumpster",
  "class": "BlockDumpster",
  "entityClass": "BlockEntityDumpster",
  "shape": { "base": "block/dumpster" },
  "creativeinventory": { "general": [ "*" ] },
  "blockmaterial": "Metal",
  "sidesolid": {
    "all": false
  },
  "sideopaque": {
    "all": false
  },
  "behaviors": [
    { "name": "BreakIfFloating" },
    { "name": "Container" }
  ],
  "resistance": 5.0,
  "maxStackSize": 1,
  "lightAbsorption": 1,
  "attributes": {
    "propickable": true,
    "drop": {
      "normal-generic": true
    },
    "sounds": {
      "walk": "game:walk/stone",
      "byTool": {
        "Pickaxe": {
          "hit": "game:block/rock-hit-pickaxe",
          "break": "game:block/rock-break-pickaxe"
        }
      }
    },
    "heldTpIdleAnimation": "holdbothhandslarge",
    "heldTpUseAnimation": "twohandplaceblock",
    "tpHandTransform": {
      "translation": {
        "x": -1.23,
        "y": -0.91,
        "z": -0.8
      },
      "rotation": {
        "x": -2,
        "y": 25,
        "z": -78
      },
      "scale": 0.4
    }
  }
}
    